code,name,price,cjb30,b30v100,veab,precip,m5,m10,m20,mainflow,jumbo,small,vol,lv,sig,phase,mode,matching,grade,greason,score
000065,北方国际,9.61,-74.2,0.3,3.1,-6.16,-42371093,1230648,-79056031,-1616508,-869311,-1323573,缩量,低,情绪退潮,观望,资金观望型,,D,回避：资金观望,-2.1
000006,深振业Ａ,7.1,40.9,0.51,81.7,0.75,9608011,-9325587,-16245407,-15381063,-19848771,-37437,缩量,低,情绪退潮,观望,资金观望型,,D,回避：资金观望,0.2
000063,中兴通讯,30.69,-96.6,1.41,-4.1,-14.58,-1099541898,-670815522,-3540261378,-14678107,-4668155,12856702,缩量,低,情绪退潮,观望,资金观望型,,D,回避：资金观望,-4.9
000036,华联控股,3.89,84.0,0.28,83.7,4.22,43265209,74899161,73106792,-10934540,-14269230,-12080352,放量,低,游资情绪,观望,趋势转多型,,D,回避：资金观望,9.4
000029,深深房Ａ,22.29,-21.7,0.72,65.3,-2.72,-19434205,-58728458,-107024662,-4090944,-6399138,-1237468,缩量,低,情绪退潮,观望,资金撤退型,,D,回避：资金撤退,-0.9
000035,中国天楹,4.69,-85.4,0.58,-27.2,-6.57,-30551102,17256038,42381125,5326038,3977483,-4425410,缩量,低,情绪退潮,观望,高位分歧型,,D,回避：资金观望,-2.2
000028,国药一致,19.52,-84.7,0.73,-20.0,-1.48,-2362465,-7774216,-34751029,-260012,-700340,181206,缩量,低,情绪退潮,观望,资金撤退型,,D,回避：资金撤退,-0.5
000062,深圳华强,21.53,-92.1,0.21,-32.7,-6.39,-75946758,-100497696,-415177821,-6251712,-4822004,8460517,缩量,低,情绪退潮,观望,资金撤退型,,D,回避：资金撤退,-2.1
000061,农 产 品,5.88,-81.8,1.0,-61.3,-1.07,-3466351,-16279123,45754268,1436211,1555638,-2142131,缩量,低,情绪退潮,观望,长线吸筹型,,D,回避：资金观望,-0.4
000009,中国宝安,6.9,-90.9,0.84,-12.6,-2.05,-8319970,2066175,-8535231,-728380,-1338292,3707565,缩量,低,情绪退潮,观望,资金观望型,,D,回避：资金观望,-0.7
000017,深中华A,7.39,18.5,1.73,-39.0,-4.78,-68656433,-114509564,-360625822,-10608578,-5745075,19670534,缩量,低,情绪退潮,观望,资金撤退型,,D,回避：资金撤退,-1.6
000008,神州高铁,2.39,-81.8,0.74,-20.4,-2.42,-5595733,-5315346,-39484565,-1509814,-1797034,1456312,缩量,低,情绪退潮,观望,资金观望型,,D,回避：资金观望,-0.8
000045,深纺织Ａ,11.14,-69.5,0.67,-1.8,-3.97,-9284516,-7775140,-40295307,-290480,-1067785,2350778,缩量,低,情绪退潮,观望,资金观望型,,D,回避：资金观望,-1.3
000019,深粮控股,6.74,-56.3,0.36,-60.1,-6.42,-27423219,-21520054,126242020,1352763,1468486,-3337145,缩量,低,情绪退潮,观望,长线吸筹型,,D,回避：资金观望,-2.1
000039,中集集团,8.58,-93.9,0.4,-37.7,-2.0,-13827087,-6532258,-69818807,-2237316,-515578,481575,缩量,低,情绪退潮,观望,资金观望型,,D,回避：资金观望,-0.7
000025,特  力Ａ,15.01,-31.8,1.08,-47.8,3.57,14815287,15793273,-57986841,-10507132,-7799676,6788797,缩量,低,情绪退潮,观望,趋势转多型,,D,回避：资金观望,1.2
000059,华锦股份,5.56,-53.0,0.56,-56.6,-0.44,-3492796,-35134583,-108433356,-5404891,-5627124,5578938,缩量,低,情绪退潮,观望,资金撤退型,,D,回避：资金撤退,-0.1
000034,神州数码,23.3,-90.6,0.81,25.8,2.86,76597981,70071916,-143875610,-24757210,-20264958,16679508,缩量,低,情绪退潮,观望,资金观望型,,D,回避：资金观望,1.0
000037,深南电A,9.01,-87.7,0.83,-13.1,-2.87,-15341703,1753228,-55874301,-1406484,779181,930761,缩量,低,情绪退潮,观望,资金观望型,,D,回避：资金观望,-1.0
000032,深桑达Ａ,13.22,-86.8,1.9,1.3,-1.67,-23167224,-33253376,-170011407,-7172983,-11991084,-5516267,缩量,低,情绪退潮,观望,资金撤退型,,D,回避：资金撤退,-0.6
000058,深 赛 格,7.05,11.4,0.62,12.4,-1.8,-7594331,-884063,-4086687,-5084567,-2608327,3899606,缩量,低,情绪退潮,观望,资金观望型,,D,回避：资金观望,-0.6
000002,万  科Ａ,3.88,487.6,0.74,379.8,3.97,567969433,1590900256,1470696488,-528637538,-503012764,324011878,放量,低,游资情绪,观望,趋势转多型,,D,回避：资金观望,9.3
000030,富奥股份,3.91,-80.5,0.58,-20.9,-0.74,-919331,-15765470,-18129266,-1440257,-644338,1101400,缩量,低,情绪退潮,观望,资金撤退型,,D,回避：资金撤退,-0.2
000055,方大集团,3.8,-22.6,0.83,182.7,-3.7,-12055648,34176908,35952829,-4127427,-1548789,4785861,缩量,低,情绪退潮,观望,资金观望型,,D,回避：资金观望,-1.2
000021,深科技,33.25,-93.5,2.05,10.4,-10.33,-721844201,-437571439,-1562163837,-91847905,-67998760,100352354,缩量,低,情绪退潮,观望,资金观望型,,D,回避：资金观望,-3.4
000014,沙河股份,10.77,106.0,0.77,81.0,3.62,30669856,32196019,6991603,-8753515,-5215315,8850378,放量,低,游资情绪,观望,趋势转多型,,D,回避：资金观望,9.2
000066,中国长城,14.15,-82.4,0.27,125.3,0.19,19793394,481341748,-118983401,-107792833,-75128752,98798021,缩量,低,情绪退潮,观望,趋势转多型,,D,回避：资金观望,0.1
000050,深天马Ａ,6.33,-85.7,1.04,9.8,-0.8,-4357301,-2911915,12125972,1950579,1984063,-2735140,缩量,低,情绪退潮,观望,资金观望型,,D,回避：资金观望,-0.3
000069,华侨城Ａ,1.87,103.2,0.69,95.9,-0.84,-9288686,-10076923,-45207009,-3327270,-12561891,-8059630,放量,低,游资情绪,观望,资金撤退型,,D,回避：资金撤退,7.7
000001,平安银行,11.49,-76.9,1.09,-10.9,0.71,29363570,169436155,174698963,7713167,24274947,-5676793,缩量,低,情绪退潮,吸筹,均衡流入型,资金+业绩共振(双击候选),B,关注：资金+业绩共振,64.2
000060,中金岭南,5.85,-90.9,0.23,-43.5,-9.3,-140714865,-249070373,-534190928,4972132,3225756,-898142,缩量,低,情绪退潮,吸筹,资金撤退型,机构吸筹+盈利(关注),C,谨慎：资金流入未验证业绩,20.9
000012,南  玻Ａ,3.66,-86.1,1.35,1.9,-2.32,-7151176,-18950330,-6995299,-168887,286795,-187768,缩量,低,情绪退潮,吸筹,资金观望型,机构吸筹+盈利(关注),C,谨慎：资金流入未验证业绩,23.2
000090,天健集团,3.47,70.8,0.81,55.3,-4.29,-21653788,8522140,-3814569,4421576,2800270,-3961181,放量,低,游资情绪,观望,资金观望型,,D,回避：资金观望,6.6
000096,广聚能源,7.91,-89.6,1.17,-42.6,-5.69,-5771186,-17230816,-38508101,-99032,0,-323800,缩量,低,情绪退潮,观望,资金撤退型,,D,回避：资金撤退,-1.9
000099,中信海直,12.59,-87.3,0.68,-33.9,-6.79,-17967275,-33992233,-48628138,224766,594873,206845,缩量,低,情绪退潮,观望,资金撤退型,,D,回避：资金撤退,-2.3
000151,中成股份,9.99,-67.4,0.65,3.6,0.29,1277733,-24373987,-26145401,-825661,701769,2100586,缩量,低,情绪退潮,观望,资金观望型,,D,回避：资金观望,0.1
000153,丰原药业,6.14,-62.6,0.88,-17.3,-0.77,-1827189,9221033,-4441810,94415,629314,1831932,缩量,低,情绪退潮,观望,资金观望型,,D,回避：资金观望,-0.3
000155,川能动力,10.88,-88.7,0.28,-43.9,-11.0,-82802721,-126297546,-345935182,4064883,1311566,1599064,缩量,低,情绪退潮,观望,资金撤退型,,D,回避：资金撤退,-3.7
000027,深圳能源,6.26,-80.5,0.53,-26.8,-6.04,-25369671,-54657206,-46838827,-2782734,166356,-149174,缩量,低,情绪退潮,吸筹,资金观望型,机构吸筹+盈利(关注),C,谨慎：资金流入未验证业绩,22.0
000048,京基智农,18.12,-85.4,2.3,-24.1,9.2,89667508,-45101677,65647203,9156264,6771628,-2678843,缩量,中,主力惜售,吸筹,资金观望型,资金+业绩共振(双击候选),B,关注：资金+业绩共振,79.1
000158,常山北明,12.2,-90.3,0.9,-54.6,-11.26,-109573160,-119425047,-35766081,-6412520,-3671367,7869681,缩量,低,情绪退潮,观望,资金观望型,,D,回避：资金观望,-3.8
000159,国际实业,5.47,-79.2,0.51,-14.9,1.64,3496323,-11588524,-39403261,-2752149,-1830158,974910,缩量,低,情绪退潮,观望,资金观望型,,D,回避：资金观望,0.5
000166,申万宏源,4.38,-85.7,0.9,-30.2,-3.67,-33547134,-34750242,-138972104,2410846,6842362,936698,缩量,低,情绪退潮,观望,资金撤退型,,D,回避：资金撤退,-1.2
000301,东方盛虹,12.85,-79.6,0.97,-53.6,-1.39,-13948843,16685693,-58892670,-1069144,717063,-1797184,缩量,低,情绪退潮,观望,资金观望型,,D,回避：资金观望,-0.5
000007,全新好,10.93,-78.9,0.31,-44.9,-6.96,-21036791,-13962720,-62157323,1020759,2739993,-1656371,缩量,低,情绪退潮,吸筹,资金观望型,机构吸筹+盈利(关注),C,谨慎：资金流入未验证业绩,21.7
000026,飞亚达,18.91,-80.3,0.53,-41.0,3.3,13977281,45125004,37748033,1862718,2650910,-2458528,缩量,低,情绪退潮,吸筹,趋势转多型,资金+业绩共振(双击候选),B,关注：资金+业绩共振,65.1
000400,许继电气,21.49,-53.6,0.61,-11.8,-1.35,-17133951,-33282829,-45679665,3708678,-1285026,-8894198,缩量,低,情绪退潮,观望,资金撤退型,,D,回避：资金撤退,-0.5
000042,中洲控股,8.17,-33.7,0.28,12.3,-1.48,-3868743,1772375,-13938027,674132,1306570,-284462,缩量,低,情绪退潮,吸筹,资金观望型,纯资金炒作(亏损风险),C,谨慎：纯资金炒作,3.5
000049,德赛电池,22.47,-73.6,0.46,-17.3,-3.84,-14962408,-35200182,-100112694,8917317,5375289,-4598019,缩量,低,情绪退潮,吸筹,资金撤退型,机构吸筹+盈利(关注),C,谨慎：资金流入未验证业绩,22.7
000404,长虹华意,6.79,-93.9,0.42,-35.3,-8.32,-10878885,-23660803,-47258849,255108,0,106580,缩量,低,情绪退潮,观望,资金撤退型,,D,回避：资金撤退,-2.8
000031,大悦城,2.31,73.6,0.86,47.4,-1.33,-11189383,8208359,42854717,18486837,14808831,-11423032,放量,低,游资情绪,抢筹,高位分歧型,纯资金炒作(亏损风险),C,谨慎：纯资金炒作,27.6
000407,胜利股份,4.23,-66.4,0.38,-31.1,-1.56,-3632910,-23141677,-19996052,-285823,-434476,1693684,缩量,低,情绪退潮,观望,资金观望型,,D,回避：资金观望,-0.5
000408,藏格矿业,71.13,-79.6,0.88,-32.6,2.46,54864789,77958504,12346984,-743105,1534586,-9947411,缩量,低,情绪退潮,观望,趋势转多型,,D,回避：资金观望,0.8
000409,云鼎科技,8.7,-79.1,0.75,-27.0,-9.23,-12306984,-2792208,14990562,-810663,0,-141255,缩量,低,情绪退潮,观望,高位分歧型,,D,回避：资金观望,-3.1
000410,沈阳机床,5.13,-81.2,0.57,77.3,-6.62,-25164527,43033737,28051053,-962655,-1325034,1687050,缩量,低,情绪退潮,观望,资金观望型,,D,回避：资金观望,-2.2
000411,英特集团,10.07,-65.5,0.82,48.5,-1.4,-4655750,-1703124,-22217123,-760564,-156624,1867291,缩量,低,情绪退潮,观望,资金观望型,,D,回避：资金观望,-0.5
000011,深物业A,10.19,244.0,1.96,-4.5,7.46,103156770,103068535,62510241,-38526736,-37640785,21213924,放量,中,主力偏强放量,进场,资金观望型,资金+业绩共振(双击候选),B,关注：资金+业绩共振,90.5
000417,合百集团,5.62,-85.1,1.7,-67.6,3.11,19576195,21798962,49874661,-666679,404198,4226894,缩量,低,情绪退潮,观望,均衡流入型,,D,回避：资金观望,1.0
000068,华控赛格,3.3,277.6,0.8,44.0,12.84,49002377,52997896,54799826,4100726,-4330222,-12910192,放量,高,主力主导放量🔥(最强),进场,均衡流入型,纯资金炒作(亏损风险),C,谨慎：纯资金炒作,36.3
000419,通程控股,5.04,-76.9,0.66,-48.8,4.3,3915640,5259460,1445942,-274068,0,-399085,缩量,低,情绪退潮,观望,趋势转多型,,D,回避：资金观望,1.4
000020,深华发Ａ,14.21,673.7,0.29,46.9,7.18,98962609,135901850,170578675,-14393860,-83525,3190189,放量,中,主力偏强放量,进场,主力建仓型,资金+业绩共振(双击候选),B,关注：资金+业绩共振,90.4
000070,特发信息,16.75,-58.3,0.39,24.7,-9.49,-477994336,86991569,213424980,33823053,31332023,-18083156,缩量,低,情绪退潮,吸筹,资金观望型,纯资金炒作(亏损风险),C,谨慎：纯资金炒作,0.8
000422,湖北宜化,11.52,-92.1,0.4,-61.8,-6.67,-33882376,-79398803,-275524642,-1338034,646877,1030654,缩量,低,情绪退潮,观望,资金撤退型,,D,回避：资金撤退,-2.2
000423,东阿阿胶,45.6,-81.3,0.91,-15.3,0.07,586759,-43134326,-36922753,-1750241,229892,1917756,缩量,低,情绪退潮,观望,资金观望型,,D,回避：资金观望,0.0
000425,徐工机械,7.04,-85.7,0.62,-9.2,-7.22,-201065405,-439573667,-301738225,923143,2925881,1441020,缩量,低,情绪退潮,观望,资金观望型,,D,回避：资金观望,-2.4
000426,兴业银锡,31.58,-89.9,0.52,-29.8,-4.03,-204286015,-554354691,-988582066,-13694645,-8565392,19938045,缩量,低,情绪退潮,观望,资金撤退型,,D,回避：资金撤退,-1.3
000428,华天酒店,3.85,-80.5,3.68,-56.9,-5.69,-35094927,-83073353,38883901,-3014245,2341886,3957731,缩量,低,情绪退潮,观望,长线吸筹型,,D,回避：资金观望,-1.9
000429,粤高速Ａ,12.42,-82.9,1.54,-53.9,-4.17,-10079461,-16780183,-55257705,1123105,1187356,260132,缩量,低,情绪退潮,观望,资金撤退型,,D,回避：资金撤退,-1.4
000430,张家界,6.65,-64.8,1.27,-70.0,-5.14,-16319552,-65131210,-71251094,1226,54094,73539,缩量,低,情绪退潮,观望,资金撤退型,,D,回避：资金撤退,-1.7
000156,华数传媒,6.98,-59.5,0.74,46.6,-11.36,-40101735,-22742507,-41184393,2335382,4339887,-2135425,缩量,低,情绪退潮,吸筹,资金观望型,机构吸筹+盈利(关注),C,谨慎：资金流入未验证业绩,20.2
000501,武商集团,7.05,-82.7,0.97,-67.6,-11.7,-17506930,-34533560,-13976058,-1246452,0,676322,缩量,低,情绪退潮,观望,长线吸筹型,,D,回避：资金观望,-3.9
000333,美的集团,80.27,-50.1,0.95,36.1,5.69,450784659,33321373,-119304556,-142106976,-144365392,100092554,缩量,中,主力惜售,进场,资金观望型,资金+业绩共振(双击候选),B,关注：资金+业绩共振,85.9
000100,TCL科技,4.8,-89.0,1.22,25.2,0.82,52692466,200222247,-739462180,77410546,59668532,-49223389,缩量,低,情绪退潮,吸筹,趋势转多型,资金+业绩共振(双击候选),B,关注：资金+业绩共振,64.3
000088,盐 田 港,4.66,-65.9,0.86,-48.9,3.76,15827729,30900473,-27117780,601509,3745230,2705185,缩量,低,情绪退潮,进场,趋势转多型,资金+业绩共振(双击候选),B,关注：资金+业绩共振,73.3
000506,招金黄金,16.77,-88.5,2.18,-38.0,-11.29,-282559287,-322626092,-682716134,-1950800,969157,7014976,缩量,低,情绪退潮,观望,资金撤退型,,D,回避：资金撤退,-3.8
000507,珠海港,4.94,-79.6,0.94,-35.5,-8.58,-11219677,-15760939,-37027787,-4253872,-1255265,1475146,缩量,低,情绪退潮,观望,资金撤退型,,D,回避：资金撤退,-2.9
000089,深圳机场,6.68,-62.7,1.11,-10.3,3.66,12707253,32616295,36203961,7146267,9696737,-6722629,缩量,低,情绪退潮,吸筹,主力建仓型,资金+业绩共振(双击候选),B,关注：资金+业绩共振,65.2
000402,金 融 街,2.59,89.9,0.18,88.6,1.06,12550734,94474102,86733735,25412664,23373411,-18821647,放量,低,游资情绪,抢筹,趋势转多型,纯资金炒作(亏损风险),C,谨慎：纯资金炒作,28.4
000510,新金路,17.37,-88.3,0.95,-5.4,4.61,126368451,118302193,-6897447,-2119644,-6642694,-5352954,缩量,低,情绪退潮,观望,资金观望型,,D,回避：资金观望,1.5
000157,中联重科,5.93,-72.9,0.33,24.7,-3.26,-36683336,-313666926,-493750556,17784896,22905336,-558415,缩量,低,情绪退潮,吸筹,资金撤退型,机构吸筹+盈利(关注),C,谨慎：资金流入未验证业绩,22.9
000514,渝 开 发,4.42,92.7,0.41,-0.4,1.99,6042093,8219682,-6135595,-236426,261999,-9536510,放量,低,游资情绪,观望,趋势转多型,,D,回避：资金观望,8.7
000401,金隅冀东,3.57,-54.5,0.28,-0.9,5.83,11677155,27134657,39209610,77190,710000,330486,缩量,中,主力惜售,进场,主力强攻型,资金+业绩共振(双击候选),B,关注：资金+业绩共振,85.9
000415,渤海租赁,4.1,-82.0,0.68,-17.5,-10.99,-82591050,-296280459,-634478972,4376139,3323965,-2665747,缩量,低,情绪退潮,吸筹,资金撤退型,纯资金炒作(亏损风险),C,谨慎：纯资金炒作,0.3
000421,南京公用,5.69,-69.9,0.67,-35.4,3.71,4680459,4017127,-3014603,1057333,0,88120,缩量,低,情绪退潮,进场,资金观望型,资金+业绩共振(双击候选),B,关注：资金+业绩共振,73.2
000518,四环生物,3.57,-92.7,7.23,-45.7,-0.4,-1427229,-8723181,-45136597,-2120188,-362600,2959872,缩量,低,情绪退潮,观望,资金撤退型,,D,回避：资金撤退,-0.1
000519,中兵红箭,14.46,-87.9,1.58,-63.7,-8.55,-164879434,-432267921,-434806060,10216154,7881859,-9198750,缩量,低,情绪退潮,观望,资金撤退型,,D,回避：资金撤退,-2.9
000338,潍柴动力,25.32,-79.4,0.55,-7.9,-1.84,-147916352,313264413,159450257,56628517,71654812,-35060972,缩量,低,情绪退潮,吸筹,资金观望型,机构吸筹+盈利(关注),C,谨慎：资金流入未验证业绩,23.4
000420,吉林化纤,3.48,-88.9,0.22,-50.2,0.34,1605998,22261524,-44986115,1920904,663804,-638173,缩量,低,情绪退潮,吸筹,趋势转多型,资金+业绩共振(双击候选),B,关注：资金+业绩共振,64.1
000524,岭南控股,8.72,-87.5,0.95,-55.0,-1.27,-2490908,-2551980,-133668396,-390301,-69687,-345271,缩量,低,情绪退潮,观望,资金撤退型,,D,回避：资金撤退,-0.4
000525,红太阳,4.43,-83.1,0.59,-50.2,-0.3,-732005,-8750584,-53274925,519902,1128902,912745,缩量,低,情绪退潮,观望,资金撤退型,,D,回避：资金撤退,-0.1
000526,学大教育,35.11,-90.1,1.45,-42.3,-3.24,-10664605,-14505181,-10245348,-28390,0,1316012,缩量,低,情绪退潮,观望,资金观望型,,D,回避：资金观望,-1.1
000403,派林生物,10.07,-75.9,1.1,7.1,-3.78,-9593735,-17194752,-26818058,4268308,7402973,-1564213,缩量,低,情绪退潮,吸筹,资金撤退型,机构吸筹+盈利(关注),C,谨慎：资金流入未验证业绩,22.7
000529,广弘控股,5.01,-82.3,0.84,-53.2,-0.21,-127683,3074877,-2574209,646677,0,-184572,缩量,低,情绪退潮,观望,资金观望型,,D,回避：资金观望,-0.1
000530,冰山冷热,5.14,-65.2,0.71,-49.2,-4.38,-12273391,-16852739,-16204530,-2749502,-2583337,1943398,缩量,低,情绪退潮,观望,资金观望型,,D,回避：资金观望,-1.5
000531,穗恒运Ａ,5.51,-91.3,0.36,-35.0,-15.14,-16058224,-22429926,-5839947,-509512,-589800,-156189,缩量,低,情绪退潮,观望,长线吸筹型,,D,回避：资金观望,-5.0
000532,华金资本,12.36,90.0,0.59,294.6,-8.06,-152834987,102019972,162598845,-8923610,-3573259,11386188,放量,低,游资情绪,观望,资金观望型,,D,回避：资金观望,5.3
000533,顺钠股份,10.01,-94.1,1.21,-52.1,-5.28,-54861793,-173422121,-217199034,-5227195,-5297131,2260204,缩量,低,情绪退潮,观望,资金撤退型,,D,回避：资金撤退,-1.8
000534,万泽股份,21.96,-87.3,0.4,-40.2,-0.16,-2060208,-28846060,-9173082,-1365128,879045,-942388,缩量,低,情绪退潮,观望,资金观望型,,D,回避：资金观望,-0.1
000536,华映科技,3.35,-66.3,1.13,-1.2,-9.03,-82550799,13801455,102810681,-5854324,-2271477,10654333,缩量,低,情绪退潮,观望,高位分歧型,,D,回避：资金观望,-3.0
000537,绿发电力,7.33,-91.6,0.4,-42.8,-10.73,-38489537,-64184051,-71197321,1563131,-1129232,845775,缩量,低,情绪退潮,观望,资金撤退型,,D,回避：资金撤退,-3.6
000538,云南白药,50.1,-82.2,1.05,4.6,4.36,62322199,183886078,199778476,-27495012,-29331032,17847432,缩量,低,情绪退潮,观望,主力建仓型,,D,回避：资金观望,1.5
000505,京粮控股,6.17,-26.0,0.68,-65.3,-6.15,-38452636,-71310089,-213501193,1717724,1317612,-1316277,缩量,低,情绪退潮,吸筹,资金撤退型,纯资金炒作(亏损风险),C,谨慎：纯资金炒作,1.9
000498,山东路桥,5.73,74.0,0.5,271.8,11.16,139486385,159238538,138748885,7907984,3579830,-1449645,放量,高,主力主导放量🔥(最强),吸筹,短线抢筹型,资金+业绩共振(双击候选),A,金股候选：资金强攻+业绩共振,87.7
000503,国新健康,7.52,27.6,1.15,114.9,12.18,162680678,149114629,147237245,-1839236,-4503083,892981,缩量,高,主力控盘,控盘,资金观望型,控盘+亏损(警惕),C,谨慎：控盘但亏损,28.1
000543,皖能电力,7.11,-77.9,0.8,-16.8,-11.53,-64486418,-103656140,-134601040,-2539289,40984,-1086749,缩量,低,情绪退潮,观望,资金撤退型,,D,回避：资金撤退,-3.8
000544,中原环保,7.22,-87.3,0.53,-20.6,-13.5,-9002247,-4287526,1888851,-760262,-843018,877125,缩量,低,情绪退潮,观望,高位分歧型,,D,回避：资金观望,-4.5
000545,金浦钛业,2.2,-75.6,0.56,-66.8,0.35,885532,-13000537,-2433952,-874495,-3681795,-181559,缩量,低,情绪退潮,观望,资金观望型,,D,回避：资金观望,0.1
000546,金圆股份,4.34,-85.6,0.09,-14.4,-12.09,-20506679,-30433291,-42658416,27385,-903393,356928,缩量,低,情绪退潮,观望,资金撤退型,,D,回避：资金撤退,-4.0
000547,航天发展,13.86,-83.9,0.24,-4.9,-0.36,-15363298,-77415985,-47708458,-3730439,-4353918,18958364,缩量,低,情绪退潮,观望,资金观望型,,D,回避：资金观望,-0.1
000521,长虹美菱,4.32,-86.8,1.07,-51.9,-6.42,-6262604,-3991060,-19972177,2373686,1058295,-502610,缩量,低,情绪退潮,吸筹,资金观望型,机构吸筹+盈利(关注),C,谨慎：资金流入未验证业绩,21.9
000509,华塑控股,3.41,-57.7,0.43,218.4,7.37,52229356,111742458,106585199,-4987738,-2362667,8265890,缩量,中,主力惜售,进场,短线抢筹型,纯资金炒作(亏损风险),C,谨慎：纯资金炒作,26.5
000550,江铃汽车,16.57,-10.0,0.55,-8.5,0.83,2866442,-3718983,-2448907,-3260057,-1909728,4284415,缩量,低,情绪退潮,观望,资金观望型,,D,回避：资金观望,0.3
000551,创元科技,11.71,-93.3,0.6,-19.9,-11.39,-44415453,-57781409,-146384370,416235,-996504,1864052,缩量,低,情绪退潮,观望,资金撤退型,,D,回避：资金撤退,-3.8
000552,甘肃能化,2.5,-61.2,0.59,-44.1,-2.17,-11831294,39842001,-3237969,9221811,988677,-2326183,缩量,低,情绪退潮,观望,资金观望型,,D,回避：资金观望,-0.7
000553,安道麦A,5.45,-82.1,0.18,-55.9,-4.77,-5429223,2886312,-1239724,213114,0,1130103,缩量,低,情绪退潮,观望,资金观望型,,D,回避：资金观望,-1.6
000554,泰山石油,6.18,-93.1,0.94,-55.1,-5.06,-12251406,-34666561,12956366,-3843413,-1746986,2791551,缩量,低,情绪退潮,观望,长线吸筹型,,D,回避：资金观望,-1.7
000555,神州信息,10.08,-80.9,0.8,68.5,2.97,49208588,32725091,-2376343,-8382017,-4125851,12524729,缩量,低,情绪退潮,观望,资金观望型,,D,回避：资金观望,1.0
000513,丽珠集团,32.64,311.6,0.88,241.0,11.64,491723872,491070070,453544284,-33503115,-15211237,47304356,放量,高,主力主导放量🔥(最强),进场,资金观望型,资金+业绩共振(双击候选),A,金股候选：资金强攻+业绩共振,95.9
000558,天府文旅,3.49,-62.5,0.63,-55.6,-1.24,-3884255,-17497982,-39716950,-6188737,-1863250,5275406,缩量,低,情绪退潮,观望,资金撤退型,,D,回避：资金撤退,-0.4
000523,红棉股份,3.31,253.9,0.86,-35.9,-4.51,-73610129,-143778413,-706124652,18779647,20291575,-17918831,放量,低,游资情绪,吸筹,资金撤退型,机构吸筹+盈利(关注),C,谨慎：资金流入未验证业绩,30.5
000560,我爱我家,3.38,291.5,0.4,-7.8,1.95,200022814,510393114,704236285,-74327855,-39286288,83010995,放量,低,游资情绪,观望,均衡流入型,,D,回避：资金观望,8.7
000561,烽火电子,7.59,-79.3,0.72,56.5,-6.21,-16006161,13454968,10275517,-1250355,-571511,-816452,缩量,低,情绪退潮,观望,资金观望型,,D,回避：资金观望,-2.1
000520,凤凰航运,4.01,-83.0,1.13,-71.8,2.59,7840299,-66032888,20090442,1179783,528630,-1359787,缩量,低,情绪退潮,进场,资金观望型,纯资金炒作(亏损风险),C,谨慎：纯资金炒作,12.9
000563,陕国投Ａ,2.89,-85.1,0.98,-32.1,-8.47,-32385122,-20274766,-43176510,1493554,-413460,-2051587,缩量,低,情绪退潮,观望,资金观望型,,D,回避：资金观望,-2.8
000504,南华生物,12.42,795.2,1.22,1019.9,-6.78,-329387837,-290363569,-276413439,110258645,130297532,-49768200,放量,低,游资情绪,抢筹,资金观望型,机构吸筹+盈利(关注),C,谨慎：资金流入未验证业绩,45.7
000565,渝三峡Ａ,6.41,-56.6,0.39,-53.5,-5.84,-18195882,-60015540,9727392,-486617,1328216,-1382873,缩量,低,情绪退潮,观望,长线吸筹型,,D,回避：资金观望,-1.9
000566,海南海药,4.62,-89.3,8.32,30.5,-6.13,-74075041,79003379,16578000,-8564849,-11756159,6969477,缩量,低,情绪退潮,观望,资金观望型,,D,回避：资金观望,-2.0
000567,海德股份,5.9,-82.3,0.24,-55.4,-3.78,-13583082,-27836365,-138511082,1045498,-911680,-1253670,缩量,低,情绪退潮,观望,资金撤退型,,D,回避：资金撤退,-1.3
000568,泸州老窖,69.74,-88.6,1.13,-29.3,-4.86,-117798209,-49059780,-310674459,-3384207,-1508383,3923582,缩量,低,情绪退潮,观望,资金观望型,,D,回避：资金观望,-1.6
000516,国际医学,4.31,-80.2,1.02,-20.0,0.79,2307560,2940482,41105798,2973374,4564614,1438084,缩量,低,情绪退潮,进场,长线吸筹型,纯资金炒作(亏损风险),C,谨慎：纯资金炒作,12.3
000570,苏常柴Ａ,5.29,-74.0,0.37,-15.4,-3.15,-5138712,-7453651,-29283761,-1606148,0,2464668,缩量,低,情绪退潮,观望,资金撤退型,,D,回避：资金撤退,-1.1
000571,新大洲A,6.53,-88.4,1.85,55.4,-2.3,-13526532,39894269,12915675,1330225,-6848,-2241241,缩量,低,情绪退潮,观望,资金观望型,,D,回避：资金观望,-0.8
000572,海马汽车,4.12,71.1,1.0,111.3,2.07,49273192,301314355,416986476,-4907925,11775455,13578610,放量,低,游资情绪,观望,主力建仓型,,D,回避：资金观望,8.7
000517,荣安地产,2.03,-15.2,1.1,18.8,-0.95,-3811525,-9258380,-32443511,10543875,11727804,-6897157,缩量,低,情绪退潮,吸筹,资金撤退型,纯资金炒作(亏损风险),C,谨慎：纯资金炒作,3.7
000576,甘化科工,8.32,-79.4,0.7,-67.1,-0.42,-966175,-26791228,-98520231,-447132,0,-3093039,缩量,低,情绪退潮,观望,资金撤退型,,D,回避：资金撤退,-0.1
000581,威孚高科,18.16,-74.0,0.47,-24.6,-3.29,-11996195,-27038139,-34288041,143008,-41607,-688484,缩量,低,情绪退潮,观望,资金撤退型,,D,回避：资金撤退,-1.1
000582,北部湾港,8.96,-83.5,0.45,-38.0,-14.11,-239484727,-804502218,-992546706,-16419906,-13158355,9473599,缩量,低,情绪退潮,观望,资金撤退型,,D,回避：资金撤退,-4.7
000586,汇源通信,12.63,-78.1,0.16,-38.6,-4.47,-14999096,-66286637,-64321639,661924,0,-548475,缩量,低,情绪退潮,观望,资金观望型,,D,回避：资金观望,-1.5
000528,柳    工,7.43,-83.1,0.4,-21.6,-4.9,-30511915,-102193921,-115714175,7517027,12028753,-5869794,缩量,低,情绪退潮,吸筹,资金撤退型,机构吸筹+盈利(关注),C,谨慎：资金流入未验证业绩,22.4
000589,贵州轮胎,4.19,-84.1,0.49,-32.9,-8.1,-18242625,11540275,-4039491,454786,1030492,2711745,缩量,低,情绪退潮,观望,资金观望型,,D,回避：资金观望,-2.7
000590,古汉医药,9.17,-52.9,0.72,-17.6,-5.69,-6675753,-4657778,-9988400,-1514735,0,2096579,缩量,低,情绪退潮,观望,资金观望型,,D,回避：资金观望,-1.9
000539,粤电力Ａ,5.08,-90.3,0.5,-39.0,-1.47,-12565621,-76921651,-46430142,3997103,5765022,-2524202,缩量,低,情绪退潮,吸筹,资金观望型,机构吸筹+盈利(关注),C,谨慎：资金流入未验证业绩,23.5
000541,佛山照明,4.86,-85.2,0.94,-29.5,-7.48,-6394016,-1109719,-9764681,880074,1333060,-89888,缩量,低,情绪退潮,吸筹,资金观望型,机构吸筹+盈利(关注),C,谨慎：资金流入未验证业绩,21.5
000596,古井贡酒,90.0,-93.6,2.78,-41.9,-4.39,-52053919,-16835388,109433618,810013,685009,-947311,缩量,低,情绪退潮,观望,高位分歧型,,D,回避：资金观望,-1.5
000597,东北制药,4.76,-73.1,1.29,-14.4,-0.66,-1211340,729447,7769631,1136068,1187120,2155016,缩量,低,情绪退潮,观望,资金观望型,,D,回避：资金观望,-0.2
000598,兴蓉环境,7.08,-87.2,0.87,-23.0,-4.8,-14801196,-23481704,-62557625,-1627825,-463886,1875672,缩量,低,情绪退潮,观望,资金撤退型,,D,回避：资金撤退,-1.6
000599,青岛双星,4.47,-71.2,0.42,0.2,-5.78,-9724412,-16208422,-5504865,-1521027,-696751,2162616,缩量,低,情绪退潮,观望,资金观望型,,D,回避：资金观望,-1.9
000600,建投能源,7.03,-90.2,0.61,-36.1,-12.6,-44317212,-67170427,-115294085,477925,639071,1443465,缩量,低,情绪退潮,观望,资金撤退型,,D,回避：资金撤退,-4.2
000601,韶能股份,6.04,-91.7,0.66,-37.9,-1.14,-7041013,-109823423,-110471337,-373968,1960227,121660,缩量,低,情绪退潮,观望,资金撤退型,,D,回避：资金撤退,-0.4
000603,盛达资源,31.09,-89.5,1.54,-26.8,-7.59,-247535137,-224612806,-678707757,-12810366,-3151279,16386179,缩量,低,情绪退潮,观望,资金观望型,,D,回避：资金观望,-2.5
000548,湖南投资,4.65,-72.5,0.63,-31.1,-2.3,-1710766,2980020,-3541608,322861,694500,-289964,缩量,低,情绪退潮,吸筹,资金观望型,机构吸筹+盈利(关注),C,谨慎：资金流入未验证业绩,23.2
000607,华媒控股,3.98,307.5,0.84,321.1,-1.02,-20228137,60692254,57685318,-18677703,-8415938,12124053,放量,低,游资情绪,观望,资金观望型,,D,回避：资金观望,7.7
000608,阳光股份,7.05,-80.5,4.18,-52.8,0.46,2697359,-26794968,-4979870,-6183203,-9402755,-144563,缩量,低,情绪退潮,观望,资金观望型,,D,回避：资金观望,0.2
000612,焦作万方,10.55,-74.1,0.61,-2.4,-0.79,-13192732,-49051106,-173187861,630611,-661219,4486151,缩量,低,情绪退潮,观望,资金撤退型,,D,回避：资金撤退,-0.3
000617,中油资本,6.56,-89.9,0.48,-55.8,-14.61,-181119504,-120045601,-657229617,-11306721,-5540576,4543188,缩量,低,情绪退潮,观望,资金观望型,,D,回避：资金观望,-4.9
000557,西部创业,3.63,-74.0,0.78,-15.7,-12.84,-14090918,-11776358,-13833426,1223827,761937,-675486,缩量,低,情绪退潮,吸筹,资金观望型,机构吸筹+盈利(关注),C,谨慎：资金流入未验证业绩,19.7
000619,海螺新材,5.18,-74.6,0.62,8.3,-2.47,-2923379,-8966138,-10196079,0,0,941515,缩量,低,情绪退潮,观望,资金撤退型,,D,回避：资金撤退,-0.8
000620,盈新发展,3.05,-64.2,0.89,-5.3,-0.64,-25124618,147088009,158915969,-24800418,-324541,33171701,缩量,低,情绪退潮,观望,资金观望型,,D,回避：资金观望,-0.2
000623,吉林敖东,17.3,-88.4,0.9,-42.7,-9.02,-39510730,-58765895,-117089593,-2490711,-733052,3010605,缩量,低,情绪退潮,观望,资金撤退型,,D,回避：资金撤退,-3.0
000625,长安汽车,7.14,-43.5,0.72,-14.0,-1.57,-24988052,-88165857,33532974,32318865,12772734,-22047159,缩量,低,情绪退潮,观望,长线吸筹型,,D,回避：资金观望,-0.5
000626,远大控股,8.68,-42.9,0.34,-56.2,-7.32,-38333634,-58042543,-86502433,-3121921,73720,-2838125,缩量,低,情绪退潮,观望,资金撤退型,,D,回避：资金撤退,-2.4
000628,高新发展,54.14,-71.8,0.34,-35.5,-7.18,-116122098,-88506651,-59277424,10319425,964610,-8480552,缩量,低,情绪退潮,观望,资金观望型,,D,回避：资金观望,-2.4
000630,铜陵有色,5.8,-91.5,0.74,-45.6,-11.47,-444960009,-695938063,-1587991014,-15735223,-15248368,14401266,缩量,低,情绪退潮,观望,资金撤退型,,D,回避：资金撤退,-3.8
000631,顺发恒能,2.99,-43.4,0.36,41.2,-3.44,-6457707,-4806964,-11768478,389371,399271,-2720919,缩量,低,情绪退潮,观望,资金观望型,,D,回避：资金观望,-1.1
000633,合金投资,5.29,-77.6,0.73,-17.6,-1.96,-2999255,7192269,9351784,-52443,0,84064,缩量,低,情绪退潮,观望,资金观望型,,D,回避：资金观望,-0.7
000635,英 力 特,7.56,-9.1,0.62,-67.0,-3.34,-11355866,-9835879,-36397444,878621,-1280128,-430784,缩量,低,情绪退潮,观望,资金观望型,,D,回避：资金观望,-1.1
000636,风华高科,50.09,-87.0,4.06,-5.9,-8.17,-1555787889,-2751787258,-1768861926,-142556595,-59068881,150562187,缩量,低,情绪退潮,观望,资金观望型,,D,回避：资金观望,-2.7
000637,茂化实华,4.21,-74.4,0.72,-6.5,0.91,1495859,3579528,8788229,-359896,0,-795036,缩量,低,情绪退潮,观望,均衡流入型,,D,回避：资金观望,0.3
000650,仁和药业,5.2,-65.6,1.45,-20.7,-5.81,-16457663,-10989658,-343008,-3238521,-2127137,4084305,缩量,低,情绪退潮,观望,资金观望型,,D,回避：资金观望,-1.9
000651,格力电器,38.14,-85.9,0.84,-12.9,0.92,33726075,-58709973,-334929146,-25943130,1237968,48138222,缩量,低,情绪退潮,观望,资金观望型,,D,回避：资金观望,0.3
000656,金科股份,1.23,-42.7,2.55,49.8,-0.92,-12188688,-24037390,-73627450,-8256849,-7635727,-3037595,缩量,低,情绪退潮,观望,资金撤退型,,D,回避：资金撤退,-0.3
000657,中钨高新,53.48,-90.9,0.77,1.3,-14.6,-1394982738,-1567627589,-3329353590,-3699438,4229014,-7684503,缩量,低,情绪退潮,观望,资金撤退型,,D,回避：资金撤退,-4.9
000559,万向钱潮,11.03,-11.3,0.23,164.4,-8.28,-239372424,217325151,132619521,10984679,9399441,-2566156,缩量,低,情绪退潮,吸筹,资金观望型,机构吸筹+盈利(关注),C,谨慎：资金流入未验证业绩,21.2
000661,长春高新,72.08,-83.5,1.72,5.2,-2.03,-25200355,-28533564,46598377,-9563505,-5658641,8731270,缩量,低,情绪退潮,观望,资金观望型,,D,回避：资金观望,-0.7
000663,永安林业,6.02,-36.9,0.61,-5.0,2.5,7574540,7824169,6103591,-607914,0,2071102,缩量,低,情绪退潮,观望,趋势转多型,,D,回避：资金观望,0.8
000573,粤宏远Ａ,3.83,-53.8,0.46,6.4,3.7,8676378,22325551,9601213,582537,-1234516,1426380,缩量,低,情绪退潮,进场,趋势转多型,资金+业绩共振(双击候选),B,关注：资金+业绩共振,73.2
000564,供销大集,1.46,-75.0,0.74,-71.9,-4.5,-46088075,-6260654,-36627914,5553577,11358903,-4378176,缩量,低,情绪退潮,吸筹,资金观望型,纯资金炒作(亏损风险),C,谨慎：纯资金炒作,2.5
000668,荣丰控股,16.91,-63.2,3.23,155.9,-5.01,-26370782,-44790531,-72327583,-9550027,-9390194,7078171,缩量,低,情绪退潮,观望,资金撤退型,,D,回避：资金撤退,-1.7
000670,盈方微,7.34,-42.5,0.76,35.4,1.23,23938098,177548783,168491367,-37790169,-35981820,28829300,缩量,低,情绪退潮,观望,趋势转多型,,D,回避：资金观望,0.4
000672,上峰材料,14.72,-86.0,1.03,-8.0,0.4,4695033,41127958,-12568715,-5477031,-4020369,1855056,缩量,低,情绪退潮,观望,趋势转多型,,D,回避：资金观望,0.1
000676,智度股份,6.62,-83.9,5.76,84.9,3.28,139807221,118447249,-109883260,-30573022,-22782440,31964153,缩量,低,情绪退潮,观望,资金观望型,,D,回避：资金观望,1.1
000679,大连友谊,6.31,-71.3,0.84,-56.6,-2.54,-3742874,-11527906,13811091,900792,806255,1601088,缩量,低,情绪退潮,观望,长线吸筹型,,D,回避：资金观望,-0.8
000680,山推股份,8.96,-82.8,0.64,2.6,-3.2,-21200058,-22429935,-100637260,-6018274,-4694759,993570,缩量,低,情绪退潮,观望,资金撤退型,,D,回避：资金撤退,-1.1
000681,视觉中国,15.77,-87.2,0.4,-55.5,-6.8,-73696202,-55574187,-78355691,33858,-363605,4721600,缩量,低,情绪退潮,观望,资金观望型,,D,回避：资金观望,-2.3
000682,东方电子,10.63,-69.0,0.59,-18.1,-11.93,-42956045,-68199242,-139529891,17035099,6132115,-11924830,缩量,低,情绪退潮,观望,资金撤退型,,D,回避：资金撤退,-4.0
000592,平潭发展,8.6,45.3,0.33,3.3,0.82,120138571,158993828,924827729,33016317,34995406,15301991,缩量,低,情绪退潮,进场,均衡流入型,纯资金炒作(亏损风险),C,谨慎：纯资金炒作,12.3
000591,太阳能,4.16,-84.9,0.45,-18.2,-4.32,-23484682,-46574836,-62648499,-285961,2972047,-1184858,缩量,低,情绪退潮,吸筹,资金撤退型,机构吸筹+盈利(关注),C,谨慎：资金流入未验证业绩,22.6
000593,德龙汇能,20.53,-81.5,0.38,28.3,3.33,66602169,71563916,59770838,5043339,4221290,-2826214,缩量,低,情绪退潮,吸筹,趋势转多型,资金+业绩共振(双击候选),B,关注：资金+业绩共振,65.1
000690,宝新能源,5.17,-72.5,0.38,-36.1,-0.01,-121443,-27356722,-128191467,-2735141,-4661105,3957193,缩量,低,情绪退潮,观望,资金撤退型,,D,回避：资金撤退,-0.0
000691,亚太实业,8.97,-66.3,2.69,-29.9,0.65,2058015,-14277160,-30484251,-1222936,-987373,-868468,缩量,低,情绪退潮,观望,资金观望型,,D,回避：资金观望,0.2
000605,渤海股份,6.02,-73.2,0.57,-22.8,2.55,2131878,1745232,5233895,287917,-67130,748214,缩量,低,情绪退潮,进场,资金观望型,资金+业绩共振(双击候选),B,关注：资金+业绩共振,72.8
000595,新能股份,5.46,-88.5,3.53,-3.4,6.23,43024911,7706104,-85664162,-332751,1339711,255905,缩量,中,主力惜售,进场,资金观望型,资金+业绩共振(双击候选),B,关注：资金+业绩共振,86.1
000697,炼石航空,9.15,-72.4,0.2,-44.6,-2.3,-5581220,-4502308,-16878543,2787760,-607054,-3583155,缩量,低,情绪退潮,观望,资金观望型,,D,回避：资金观望,-0.8
000700,模塑科技,12.36,-18.5,0.5,17.4,1.74,51961022,125443872,151874487,-6698561,6277631,6588457,缩量,低,情绪退潮,观望,均衡流入型,,D,回避：资金观望,0.6
000701,厦门信达,5.06,-65.6,0.8,17.5,3.21,15699883,7832735,21850622,-1899972,-2366739,3183003,缩量,低,情绪退潮,观望,资金观望型,,D,回避：资金观望,1.1
000702,正虹科技,5.82,-61.6,0.64,-67.4,-1.8,-3074999,-5464506,495303,47175,633960,-691708,缩量,低,情绪退潮,观望,资金观望型,,D,回避：资金观望,-0.6
000703,恒逸石化,15.57,-64.6,0.94,-13.1,1.33,81823813,167605057,223595174,-89539954,-49754957,69364878,缩量,低,情绪退潮,观望,均衡流入型,,D,回避：资金观望,0.4
000708,中信特钢,12.91,-72.6,0.76,-29.9,1.0,4962473,-18535735,-145455,-2363534,3202208,4422027,缩量,低,情绪退潮,观望,资金观望型,,D,回避：资金观望,0.3
000629,钒钛股份,2.81,-85.9,0.42,-29.4,-7.0,-51646598,-98949641,-232003951,9387615,10119783,-3495243,缩量,低,情绪退潮,吸筹,资金撤退型,纯资金炒作(亏损风险),C,谨慎：纯资金炒作,1.7
000652,泰达股份,3.32,-70.2,0.38,-32.2,-0.91,-1345306,-200959,-14909260,1902702,2661902,-2264036,缩量,低,情绪退潮,吸筹,资金观望型,纯资金炒作(亏损风险),C,谨慎：纯资金炒作,3.7
000711,京蓝科技,4.67,-84.9,1.03,-43.1,-7.68,-91023439,-190980383,-1004929009,-7817560,-6898804,6946912,缩量,低,情绪退潮,观望,资金撤退型,,D,回避：资金撤退,-2.6
000712,锦龙股份,9.77,-56.2,0.81,-69.8,-6.86,-97333273,-99337009,-397906133,-26387085,-23568729,22014731,缩量,低,情绪退潮,观望,资金撤退型,,D,回避：资金撤退,-2.3
000713,国投丰乐,6.18,-7.0,0.68,-34.7,2.2,11890025,-37726453,85459561,-351557,-310687,-372903,缩量,低,情绪退潮,观望,资金观望型,,D,回避：资金观望,0.7
000659,珠海中富,2.73,-69.7,0.43,-14.2,0.34,1000901,-31031498,-33759165,5560517,4414823,-3550643,缩量,低,情绪退潮,吸筹,资金观望型,纯资金炒作(亏损风险),C,谨慎：纯资金炒作,4.1
000716,黑芝麻,4.92,-76.7,0.88,-68.5,0.92,3393954,-21619601,-229281365,-2201315,-3067072,2354360,缩量,低,情绪退潮,观望,资金观望型,,D,回避：资金观望,0.3
000717,中南股份,2.15,-56.5,0.75,-6.4,3.94,8461084,20811375,25003055,-1472029,-2503550,5339,缩量,低,情绪退潮,观望,主力建仓型,,D,回避：资金观望,1.3
000665,湖北广电,4.08,-23.8,0.6,27.4,5.56,31060827,27909862,-155292,-8799710,-6560809,6531097,缩量,中,主力惜售,进场,资金观望型,纯资金炒作(亏损风险),C,谨慎：纯资金炒作,25.9
000719,中原传媒,11.87,-59.2,0.57,6.7,-1.93,-4850823,-7445549,560719,-1238055,-2918077,1898339,缩量,低,情绪退潮,观望,资金观望型,,D,回避：资金观望,-0.6
000720,新能泰山,3.59,-85.6,0.23,63.5,-2.08,-10583570,131268557,135494714,-854621,-537158,1047506,缩量,低,情绪退潮,观望,资金观望型,,D,回避：资金观望,-0.7
000721,西安饮食,5.99,-79.5,1.76,-67.4,-4.25,-13805674,-17525491,79466380,-2819952,0,1930701,缩量,低,情绪退潮,观望,长线吸筹型,,D,回避：资金观望,-1.4
000722,湖南发展,13.15,-55.8,0.98,-39.1,-4.21,-41000005,-145220698,32048828,9121666,596267,-15447254,缩量,低,情绪退潮,观望,长线吸筹型,,D,回避：资金观望,-1.4
000723,美锦能源,3.48,-79.2,0.66,-49.5,-5.87,-41129835,-55250441,-41505560,1598647,499623,1945107,缩量,低,情绪退潮,观望,资金观望型,,D,回避：资金观望,-2.0
000686,东北证券,7.53,-91.5,0.68,-39.5,-12.78,-40326908,-59243843,-79947405,1542799,839580,-25792,缩量,低,情绪退潮,吸筹,资金撤退型,机构吸筹+盈利(关注),C,谨慎：资金流入未验证业绩,19.7
000726,鲁  泰Ａ,5.97,-79.8,0.55,19.6,-7.11,-10605358,-9531914,-13304839,-240284,0,575348,缩量,低,情绪退潮,观望,资金观望型,,D,回避：资金观望,-2.4
000655,金岭矿业,7.22,-62.2,0.59,-47.8,6.18,10025282,9074632,5609437,893797,547746,-30906,缩量,中,主力惜售,吸筹,资金观望型,资金+业绩共振(双击候选),B,关注：资金+业绩共振,78.1
000728,国元证券,7.24,-84.4,0.95,-39.5,0.15,794764,-12112695,-164232369,-760406,1788974,1633779,缩量,低,情绪退潮,观望,资金观望型,,D,回避：资金观望,0.0
000683,博源化工,5.75,-72.2,1.33,-50.0,9.72,87009285,151346378,214438715,19205993,25865099,-3351114,缩量,中,主力惜售,吸筹,主力强攻型,资金+业绩共振(双击候选),B,关注：资金+业绩共振,79.2
000733,振华科技,38.98,-88.3,0.95,5.9,0.56,8008732,-31103191,-114760250,-9232191,-1007892,6847487,缩量,低,情绪退潮,观望,资金观望型,,D,回避：资金观望,0.2
000735,罗 牛 山,5.69,-29.2,1.1,-52.7,-2.35,-30956385,21887554,13446115,-6556919,-7107867,9722871,缩量,低,情绪退潮,观望,资金观望型,,D,回避：资金观望,-0.8
000736,中交发展,4.63,50.5,1.63,-13.6,-6.16,-32522016,-17158264,-90676692,6272321,2813493,-7476576,放量,低,游资情绪,观望,资金观望型,,D,回避：资金观望,5.9
000737,北方铜业,13.42,-72.4,0.82,-45.3,-3.12,-130020425,-246920894,-84976896,-17921816,-12266354,20835793,缩量,低,情绪退潮,观望,资金观望型,,D,回避：资金观望,-1.0
000738,航发控制,18.87,-77.6,0.33,-46.8,-3.83,-28580360,-94561111,-103437012,1685504,1509317,2613032,缩量,低,情绪退潮,观望,资金撤退型,,D,回避：资金撤退,-1.3
000739,普洛药业,25.84,-69.6,2.14,22.4,-0.51,-10788045,27400540,-87224452,-4099,2001655,4118029,缩量,低,情绪退潮,观望,资金观望型,,D,回避：资金观望,-0.2
000685,中山公用,10.66,-87.9,0.87,-38.4,-13.66,-44251453,-46022503,-131478071,1116131,988586,-899803,缩量,低,情绪退潮,吸筹,资金撤退型,机构吸筹+盈利(关注),C,谨慎：资金流入未验证业绩,19.4
000750,国海证券,3.6,-87.7,0.79,-40.0,-6.47,-29814927,-17452718,-37076884,-1504667,-2671678,-562120,缩量,低,情绪退潮,观望,资金观望型,,D,回避：资金观望,-2.2
000751,锌业股份,4.39,-94.4,0.39,-62.6,-10.09,-34037575,-34133549,-120024152,-1579534,-2121420,831403,缩量,低,情绪退潮,观望,资金撤退型,,D,回避：资金撤退,-3.4
000678,襄阳轴承,12.89,709.7,0.31,140.7,12.26,212418695,214727669,205885934,183029820,158967071,-108546056,放量,高,主力主导放量🔥(最强),抢筹,趋势转多型,纯资金炒作(亏损风险),C,谨慎：纯资金炒作,44.1
000755,山西高速,4.72,-79.1,0.83,-27.5,-6.7,-4188037,-4860902,-4567281,683104,0,730142,缩量,低,情绪退潮,观望,资金观望型,,D,回避：资金观望,-2.2
000756,新华制药,14.44,94.3,1.7,691.9,-2.64,-112588375,35602081,3095784,9976276,3077134,-25310288,放量,低,游资情绪,观望,资金观望型,,D,回避：资金观望,7.1
000688,国城矿业,24.27,-89.9,0.45,-11.1,0.6,7960954,-399145,-340636771,3163965,880835,-1496132,缩量,低,情绪退潮,进场,资金观望型,资金+业绩共振(双击候选),B,关注：资金+业绩共振,72.2
000758,中色股份,5.73,-86.1,0.41,-33.8,-4.69,-22484566,-60340618,-131591593,-2538854,-294059,2420971,缩量,低,情绪退潮,观望,资金撤退型,,D,回避：资金撤退,-1.6
000759,中百集团,6.07,-78.8,8.44,-44.5,-2.78,-44669860,-200088346,115053169,-1517122,-1111114,4278705,缩量,低,情绪退潮,观望,长线吸筹型,,D,回避：资金观望,-0.9
000695,滨海能源,12.95,-81.3,0.56,-45.7,-4.81,-9545655,-18631745,-36346677,586236,917496,-387476,缩量,低,情绪退潮,吸筹,资金撤退型,纯资金炒作(亏损风险),C,谨慎：纯资金炒作,2.4
000762,西藏矿业,20.71,-85.3,0.18,-39.1,-7.91,-51110895,-70061659,-169591591,-2748015,1227253,5333640,缩量,低,情绪退潮,观望,资金撤退型,,D,回避：资金撤退,-2.6
000692,惠天热电,4.59,40.9,0.55,-36.3,0.26,712919,-2741481,-8785446,35814336,44898483,-20032935,缩量,低,情绪退潮,吸筹,资金观望型,纯资金炒作(亏损风险),C,谨慎：纯资金炒作,4.1
000766,通化金马,15.2,-90.6,0.38,-24.9,-4.91,-27002724,-51773156,-9002418,578514,-3794277,1763252,缩量,低,情绪退潮,观望,资金观望型,,D,回避：资金观望,-1.6
000705,浙江震元,7.18,-78.5,0.65,-13.4,2.24,3182880,6135841,-1102608,384488,0,833284,缩量,低,情绪退潮,进场,趋势转多型,资金+业绩共振(双击候选),B,关注：资金+业绩共振,72.7
000709,河钢股份,2.01,-67.7,0.48,-22.7,5.82,39245370,56293148,89626441,1969567,7683354,861461,缩量,中,主力惜售,进场,主力建仓型,资金+业绩共振(双击候选),B,关注：资金+业绩共振,85.9
000776,广发证券,19.85,-89.0,1.04,-35.4,-13.18,-377881833,-347060043,-636251061,1942649,646040,-7784277,缩量,低,情绪退潮,观望,资金观望型,,D,回避：资金观望,-4.4
000777,中核科技,16.13,-95.7,1.02,-39.5,-11.84,-21007288,-32968519,-54169622,-819522,-543984,1876151,缩量,低,情绪退潮,观望,资金撤退型,,D,回避：资金撤退,-3.9
000710,贝瑞基因,10.87,50.3,0.86,283.1,4.15,90472977,155178264,120798887,81158277,88648522,-48831199,放量,低,游资情绪,抢筹,趋势转多型,纯资金炒作(亏损风险),C,谨慎：纯资金炒作,29.4
000779,甘咨询,8.42,-94.4,14.7,-60.2,-4.29,-36436026,-34610364,-158367099,-2693571,-452563,2127461,缩量,低,情绪退潮,观望,资金观望型,,D,回避：资金观望,-1.4
000782,恒申新材,8.16,-76.9,0.38,-9.9,-5.39,-19833013,-17078603,-92323129,182221,-1353758,-3009052,缩量,低,情绪退潮,观望,资金观望型,,D,回避：资金观望,-1.8
000783,长江证券,7.93,-90.8,0.45,-55.6,-16.3,-304367128,-321711847,-489580679,-25986463,-25216890,16640382,缩量,低,情绪退潮,观望,资金撤退型,,D,回避：资金撤退,-5.4
000707,双环科技,4.63,-75.3,0.43,-29.7,6.27,8640662,17877694,14321546,196370,0,-383881,缩量,中,主力惜售,进场,短线抢筹型,纯资金炒作(亏损风险),C,谨慎：纯资金炒作,26.1
000727,冠捷科技,2.18,-73.9,0.27,-13.2,-4.36,-26102143,-6707255,-60371138,5483763,8848721,-3230912,缩量,低,情绪退潮,吸筹,资金观望型,纯资金炒作(亏损风险),C,谨慎：纯资金炒作,2.5
000788,北大医药,5.47,-81.2,0.63,-12.0,1.03,2641207,1147894,-9585980,-488702,-345882,2143806,缩量,低,情绪退潮,观望,资金观望型,,D,回避：资金观望,0.3
000718,苏宁环球,2.06,49.1,0.49,46.7,4.86,18644051,23285866,6063513,5120229,4651234,-2158901,缩量,低,情绪退潮,吸筹,趋势转多型,资金+业绩共振(双击候选),B,关注：资金+业绩共振,65.6
000790,华神科技,4.45,109.8,0.26,341.9,1.08,16407528,27611445,46230939,-4782814,142912,10396463,放量,低,游资情绪,观望,均衡流入型,,D,回避：资金观望,8.4
000791,甘肃能源,7.05,-88.3,0.24,-24.4,-6.74,-25248304,-65264684,-37294686,3333960,1012689,-3740719,缩量,低,情绪退潮,观望,资金观望型,,D,回避：资金观望,-2.2
000792,盐湖股份,23.76,-83.5,0.31,-19.1,-5.61,-262371286,-322671431,-1140157123,54437588,15071940,-53180282,缩量,低,情绪退潮,观望,资金撤退型,,D,回避：资金撤退,-1.9
000795,英洛华,8.21,-88.9,0.78,12.0,2.41,11384521,-19426330,-91188229,-997351,-441160,520995,缩量,低,情绪退潮,观望,资金观望型,,D,回避：资金观望,0.8
000796,凯撒旅业,3.5,-69.4,0.49,-57.5,-5.51,-32436022,-44787373,-37925094,-2203455,-174812,4141613,缩量,低,情绪退潮,观望,资金观望型,,D,回避：资金观望,-1.8
000797,中国武夷,2.59,100.0,0.59,86.1,4.87,42590740,65863907,76835990,-189754,3843292,2992222,放量,低,游资情绪,观望,主力建仓型,,D,回避：资金观望,9.6
000798,中水渔业,9.73,-33.6,0.88,-64.0,-6.23,-37076230,-50660266,41093862,313350,1420884,1785399,缩量,低,情绪退潮,观望,长线吸筹型,,D,回避：资金观望,-2.1
000799,酒鬼酒,36.04,-93.1,1.39,-33.3,-5.53,-35227379,-39964273,-151823854,-4010454,-1455186,3641343,缩量,低,情绪退潮,观望,资金撤退型,,D,回避：资金撤退,-1.8
000800,一汽解放,5.88,-64.1,0.66,-42.0,-1.62,-4328582,-19455038,35047635,-437893,-1863477,565546,缩量,低,情绪退潮,观望,长线吸筹型,,D,回避：资金观望,-0.5
000801,四川九洲,11.53,-85.4,0.45,-43.6,-5.23,-18804087,-23356042,-150024270,-1186189,0,-1965826,缩量,低,情绪退潮,观望,资金撤退型,,D,回避：资金撤退,-1.7
000802,北京文化,3.85,-82.2,1.2,-44.7,1.67,17735188,11395994,-46136179,-4098415,-1665763,12101483,缩量,低,情绪退潮,观望,资金观望型,,D,回避：资金观望,0.6
000715,中兴商业,5.26,-79.5,0.28,-45.7,0.21,257552,-6015954,-40628144,983772,515936,-1889685,缩量,低,情绪退潮,进场,资金观望型,资金+业绩共振(双击候选),B,关注：资金+业绩共振,72.1
000807,云铝股份,26.16,-79.7,1.15,-31.1,1.53,89940832,132775311,202463115,-32264361,-47261968,14197744,缩量,低,情绪退潮,观望,均衡流入型,,D,回避：资金观望,0.5
000809,和展能源,3.43,-34.4,0.48,98.5,4.51,19873312,52230791,51029823,-149785,-1385833,2042844,缩量,低,情绪退潮,观望,趋势转多型,,D,回避：资金观望,1.5
000810,创维数字,9.11,-91.2,1.35,-33.2,-14.83,-72100751,-89998812,-80484575,2310178,-224420,-3026865,缩量,低,情绪退潮,观望,资金观望型,,D,回避：资金观望,-4.9
000811,冰轮环境,37.08,-89.4,1.92,17.2,0.48,23890891,724927609,94799056,-10486977,-3360684,27304869,缩量,低,情绪退潮,观望,趋势转多型,,D,回避：资金观望,0.2
000812,陕西金叶,3.7,-58.3,1.16,-9.6,1.07,4208261,-4570970,60788446,-4072735,-3497572,5173715,缩量,低,情绪退潮,观望,长线吸筹型,,D,回避：资金观望,0.4
000813,德展健康,3.21,-83.4,0.74,-76.8,-8.55,-26417977,-24992349,75794674,-546095,625950,653489,缩量,低,情绪退潮,观望,长线吸筹型,,D,回避：资金观望,-2.9
000815,美利云,14.47,-94.5,0.54,-31.7,-5.12,-96913565,-147609684,-361446969,1702097,2417300,376662,缩量,低,情绪退潮,观望,资金撤退型,,D,回避：资金撤退,-1.7
000816,智慧农业,2.77,-72.1,0.6,-55.4,-1.11,-5165316,-18460693,79162234,-1499650,-719439,2341210,缩量,低,情绪退潮,观望,长线吸筹型,,D,回避：资金观望,-0.4
000729,燕京啤酒,10.94,-83.8,0.73,33.3,2.24,20853117,87809491,96656083,7363993,3720851,-97383,缩量,低,情绪退潮,吸筹,主力建仓型,资金+业绩共振(双击候选),B,关注：资金+业绩共振,64.7
000818,航锦科技,11.28,-92.1,0.29,10.7,-5.15,-26017318,4165216,-78174119,-5132318,-4303539,3760188,缩量,低,情绪退潮,观望,资金观望型,,D,回避：资金观望,-1.7
000819,岳阳兴长,12.27,-79.6,0.47,-10.2,-2.4,-4012712,-2919754,3458491,-32479,0,622237,缩量,低,情绪退潮,观望,资金观望型,,D,回避：资金观望,-0.8
000725,京东方Ａ,5.79,-81.6,4.99,81.4,-2.73,-870675923,2060775731,-3360916507,281641474,241482965,-200294141,缩量,低,情绪退潮,吸筹,资金观望型,机构吸筹+盈利(关注),C,谨慎：资金流入未验证业绩,23.1
000822,山东海化,4.27,-83.3,0.37,-60.3,3.72,4707741,1302325,5606133,-1210839,-1458847,1506300,缩量,低,情绪退潮,观望,资金观望型,,D,回避：资金观望,1.2
000823,超声电子,23.49,88.5,1.14,81.9,2.55,437518608,-479147385,854737651,-103108176,-107895422,143912468,放量,低,游资情绪,观望,资金观望型,,D,回避：资金观望,8.8
000757,浩物股份,4.35,-79.4,0.81,-7.4,0.49,773563,-4565478,-16638913,906401,0,-1527104,缩量,低,情绪退潮,进场,资金观望型,资金+业绩共振(双击候选),B,关注：资金+业绩共振,72.2
000828,东莞控股,9.99,-70.0,0.81,-31.5,-0.37,-663852,12883872,1908471,-3239475,-2662936,1042008,缩量,低,情绪退潮,观望,资金观望型,,D,回避：资金观望,-0.1
000829,天音控股,9.02,-62.9,0.56,83.7,-2.12,-30059316,120927260,34237127,-12081933,-7843647,15111163,缩量,低,情绪退潮,观望,资金观望型,,D,回避：资金观望,-0.7
000830,鲁西化工,11.4,-80.6,0.56,-43.0,-8.28,-70941335,-28215101,-71775315,-3675540,-1196651,920133,缩量,低,情绪退潮,观望,资金观望型,,D,回避：资金观望,-2.8
000731,四川美丰,7.99,-71.8,0.57,-32.7,8.4,34459527,161147813,194491822,1297616,799000,1706076,缩量,中,主力惜售,进场,主力强攻型,纯资金炒作(亏损风险),C,谨慎：纯资金炒作,26.8
000837,秦川机床,9.56,-92.0,1.01,-21.0,-4.92,-14217748,-6846870,-79288174,-525256,0,1133497,缩量,低,情绪退潮,观望,资金观望型,,D,回避：资金观望,-1.6
000839,国安股份,2.82,-64.0,0.77,-16.4,2.48,25984324,12887675,398807458,-14530162,-12223198,14806184,缩量,低,情绪退潮,观望,资金观望型,,D,回避：资金观望,0.8
000848,承德露露,8.0,-87.6,0.82,-11.6,-2.61,-10597690,-9446466,-62839562,2394138,1337526,-2366895,缩量,低,情绪退潮,观望,资金观望型,,D,回避：资金观望,-0.9
000850,华茂股份,4.21,912.1,0.67,508.4,-3.16,-55453790,-77957343,-97455836,23318335,12017192,-28513057,放量,低,游资情绪,观望,资金撤退型,,D,回避：资金撤退,6.9
000852,石化机械,5.29,-75.5,0.7,-74.5,-10.75,-27807554,-39460067,77136224,-1821046,-788195,1839059,缩量,低,情绪退潮,观望,长线吸筹型,,D,回避：资金观望,-3.6
000761,本钢板材,2.27,-28.4,0.66,-6.6,8.07,17512117,20484298,32111867,-2087156,379484,4160561,缩量,中,主力惜售,进场,均衡流入型,纯资金炒作(亏损风险),C,谨慎：纯资金炒作,26.7
000858,五 粮 液,69.18,-89.6,0.73,-38.8,-5.4,-230283731,-498019502,-1510982540,659820,-5447317,-6332821,缩量,低,情绪退潮,观望,资金撤退型,,D,回避：资金撤退,-1.8
000859,国风新材,8.66,-85.6,1.69,32.8,-7.13,-84227089,34383741,-6789820,876495,2637371,-2808447,缩量,低,情绪退潮,观望,资金观望型,,D,回避：资金观望,-2.4
000860,顺鑫农业,10.16,-83.4,1.56,-34.7,-7.61,-31054988,-23024471,-43726593,-271543,372492,246909,缩量,低,情绪退潮,观望,资金观望型,,D,回避：资金观望,-2.5
000753,漳州发展,5.39,34.4,0.34,124.8,6.46,127725420,244614425,268265236,-5414613,-3493152,16409169,缩量,中,主力惜售,进场,主力强攻型,资金+业绩共振(双击候选),B,关注：资金+业绩共振,86.2
000862,银星能源,5.32,-85.7,0.75,-21.6,-2.62,-8526750,-35367774,-17549733,-243525,611880,1078591,缩量,低,情绪退潮,观望,资金观望型,,D,回避：资金观望,-0.9
000767,晋控电力,3.28,-95.1,0.85,-33.3,-4.07,-30297833,-55722901,-6079298,56699,4514524,-398415,缩量,低,情绪退潮,吸筹,资金观望型,机构吸筹+盈利(关注),C,谨慎：资金流入未验证业绩,22.6
000768,中航西飞,23.04,-34.5,0.43,-44.6,5.42,144583434,74438731,-236546773,34804956,38540286,-21761383,缩量,中,主力惜售,吸筹,资金观望型,资金+业绩共振(双击候选),B,关注：资金+业绩共振,77.8
000869,张  裕Ａ,16.94,-59.5,1.03,32.9,-1.39,-3437905,4619770,5926424,-87735,0,377484,缩量,低,情绪退潮,观望,资金观望型,,D,回避：资金观望,-0.5
000789,万年青,4.12,-49.5,0.84,-57.6,3.67,4406081,5695332,49711832,713010,528080,-762517,缩量,低,情绪退潮,进场,均衡流入型,资金+业绩共振(双击候选),B,关注：资金+业绩共振,73.2
000876,新 希 望,6.83,-81.2,0.93,-62.3,-6.13,-59095692,-122202296,73494450,-4971036,-5559861,3839170,缩量,低,情绪退潮,观望,长线吸筹型,,D,回避：资金观望,-2.0
000778,新兴铸管,3.54,-75.6,0.65,-51.3,-3.69,-20558132,-40522083,-16505233,4505431,5879305,-1539286,缩量,低,情绪退潮,吸筹,资金观望型,机构吸筹+盈利(关注),C,谨慎：资金流入未验证业绩,22.8
000878,云南铜业,15.98,-81.0,0.58,-42.8,2.12,55231405,12268125,-89331283,-13306845,-8515575,16524204,缩量,低,情绪退潮,观望,资金观望型,,D,回避：资金观望,0.7
000880,潍柴重机,24.03,-66.3,0.43,2.3,-5.83,-64127820,96507563,31588268,7643899,4979312,-7039379,缩量,低,情绪退潮,观望,资金观望型,,D,回避：资金观望,-1.9
000881,中广核技,6.39,-84.5,0.64,-16.0,-4.65,-6386689,-9760811,-42768933,-711095,902587,1086639,缩量,低,情绪退潮,观望,资金撤退型,,D,回避：资金撤退,-1.6
000882,华联股份,1.51,-31.5,0.84,45.9,-5.25,-24370665,83527721,91855311,-3321816,-3306815,-68477,缩量,低,情绪退潮,观望,资金观望型,,D,回避：资金观望,-1.8
000785,居然智家,2.25,-41.8,0.99,17.5,5.2,44814679,44829281,46759656,-1808661,287368,4285911,缩量,中,主力惜售,进场,均衡流入型,纯资金炒作(亏损风险),C,谨慎：纯资金炒作,25.7
000885,城发环境,11.64,-90.1,0.66,-42.6,-9.81,-9380764,-22371821,-25479158,106060,0,-149218,缩量,低,情绪退潮,观望,资金撤退型,,D,回避：资金撤退,-3.3
000886,海南高速,4.68,-53.5,0.57,-22.3,4.7,11448097,16157732,17760002,-2796747,-2120621,1147756,缩量,低,情绪退潮,观望,均衡流入型,,D,回避：资金观望,1.6
000887,中鼎股份,18.51,-90.4,2.14,-33.6,-3.26,-47493754,78232976,-183219360,3167545,1350685,-1852424,缩量,低,情绪退潮,观望,资金观望型,,D,回避：资金观望,-1.1
000888,峨眉山Ａ,9.04,-70.9,0.71,-63.4,-6.65,-14436274,-40219010,-64097794,-3638723,-4978793,2656073,缩量,低,情绪退潮,观望,资金撤退型,,D,回避：资金撤退,-2.2
000889,中嘉博创,3.65,-92.0,0.32,-43.0,0.63,3148811,7480238,64304349,-1375954,-813220,1349698,缩量,低,情绪退潮,观望,长线吸筹型,,D,回避：资金观望,0.2
000890,法尔胜,7.03,-75.9,0.09,-68.1,-2.0,-11200407,-40826872,17907038,-2477604,-611100,5558227,缩量,低,情绪退潮,观望,长线吸筹型,,D,回避：资金观望,-0.7
000786,北新建材,15.95,-60.2,1.11,-24.1,2.28,29469589,32650834,-57453422,10166957,4191343,-14361900,缩量,低,情绪退潮,进场,趋势转多型,资金+业绩共振(双击候选),B,关注：资金+业绩共振,72.8
000893,亚钾国际,36.56,-81.0,0.95,-43.8,-7.98,-153425949,-207486930,-191474170,-4638381,-5247560,8601728,缩量,低,情绪退潮,观望,资金观望型,,D,回避：资金观望,-2.7
000803,山高环能,7.21,-28.6,0.45,-20.5,3.12,8360945,9664747,-2022759,9879807,4308759,-7559370,缩量,低,情绪退潮,进场,趋势转多型,资金+业绩共振(双击候选),B,关注：资金+业绩共振,73.0
000898,鞍钢股份,2.02,-50.4,0.85,-17.0,4.99,18104709,24005130,40175886,-2518689,2532857,6114909,缩量,低,情绪退潮,观望,均衡流入型,,D,回避：资金观望,1.7
000899,赣能股份,9.06,-90.0,0.58,-38.7,-3.92,-12481466,-56385666,-43040401,1840030,883871,-1258162,缩量,低,情绪退潮,观望,资金观望型,,D,回避：资金观望,-1.3
000820,神雾节能,3.61,-75.8,1.65,-4.5,1.67,3310423,3150282,-2810350,706728,504739,-2336026,缩量,低,情绪退潮,进场,资金观望型,纯资金炒作(亏损风险),C,谨慎：纯资金炒作,12.6
000901,航天科技,13.84,-90.0,0.22,-28.8,-1.03,-5969112,-9584372,-73036774,-2748847,-1097688,3381526,缩量,低,情绪退潮,观望,资金撤退型,,D,回避：资金撤退,-0.3
000902,新洋丰,13.49,-91.8,0.69,-58.4,-5.99,-16764277,-36087084,18547707,-631908,-1379386,30444,缩量,低,情绪退潮,观望,长线吸筹型,,D,回避：资金观望,-2.0
000905,厦门港务,9.14,-10.2,0.56,40.3,2.5,36345045,55545896,71197308,-5117884,-2957997,7234600,缩量,低,情绪退潮,观望,均衡流入型,,D,回避：资金观望,0.8
000906,浙商中拓,6.09,-56.9,0.2,-39.9,0.79,1566597,8641,-26600949,-1671416,-239385,2213752,缩量,低,情绪退潮,观望,资金观望型,,D,回避：资金观望,0.3
000908,石药景峰,6.02,-90.3,1.76,0.6,-1.69,-5350256,-22205052,-41780708,-3365569,-999610,4724866,缩量,低,情绪退潮,观望,资金撤退型,,D,回避：资金撤退,-0.6
000910,大亚圣象,6.12,853.9,0.81,1122.6,-2.39,-49182846,-30564057,-33218294,1479714,-9089960,1768288,放量,低,游资情绪,观望,资金观望型,,D,回避：资金观望,7.2
000912,泸天化,3.86,-47.3,0.23,-63.8,-0.49,-2797712,-78885784,-72005570,855669,767750,-3044579,缩量,低,情绪退潮,观望,资金观望型,,D,回避：资金观望,-0.2
000913,钱江摩托,10.73,-72.6,0.8,-8.4,-4.14,-6125646,-6247534,-11117531,-404524,-549043,1121606,缩量,低,情绪退潮,观望,资金撤退型,,D,回避：资金撤退,-1.4
000915,华特达因,23.76,-87.7,0.58,-73.1,-1.8,-2808476,-1371997,-32104340,-701259,0,107983,缩量,低,情绪退潮,观望,资金观望型,,D,回避：资金观望,-0.6
000833,粤桂股份,18.9,-67.7,0.22,-60.4,-13.39,-166788820,-159893582,-250209375,25541517,21322259,-16390279,缩量,低,情绪退潮,吸筹,资金观望型,机构吸筹+盈利(关注),C,谨慎：资金流入未验证业绩,19.5
000917,电广传媒,6.78,-81.8,0.71,-38.3,-7.92,-39718519,-18662099,-176302640,-942367,580564,1797662,缩量,低,情绪退潮,观望,资金观望型,,D,回避：资金观望,-2.6
000919,金陵药业,6.5,-77.5,0.51,-17.9,-0.89,-2035993,-17380914,-45399780,-1080418,506028,2136248,缩量,低,情绪退潮,观望,资金撤退型,,D,回避：资金撤退,-0.3
000825,太钢不锈,3.36,-77.6,0.62,-3.6,-0.52,-2391101,-3347857,-25235071,1089851,1608048,-901951,缩量,低,情绪退潮,吸筹,资金撤退型,机构吸筹+盈利(关注),C,谨慎：资金流入未验证业绩,23.8
000831,中国稀土,53.52,-83.8,0.72,-19.2,0.99,37599030,398002299,-321330646,15524372,10589106,-15025764,缩量,低,情绪退潮,进场,趋势转多型,资金+业绩共振(双击候选),B,关注：资金+业绩共振,72.3
000923,河钢资源,15.71,-78.2,0.77,-58.0,-1.77,-13177889,13963225,102794327,5994052,3702958,-5676151,缩量,低,情绪退潮,观望,高位分歧型,,D,回避：资金观望,-0.6
000925,众合科技,7.94,-68.2,0.14,-57.3,-5.23,-28511338,-94572881,-341799493,-1886645,859015,319730,缩量,低,情绪退潮,观望,资金撤退型,,D,回避：资金撤退,-1.7
000856,冀东装备,8.89,-56.0,0.34,-39.7,1.12,1670236,-1462716,19830177,1181923,0,578110,缩量,低,情绪退潮,进场,长线吸筹型,资金+业绩共振(双击候选),B,关注：资金+业绩共振,72.4
000863,三湘印象,4.36,-3.6,0.24,-11.3,0.55,2672403,-4381688,24952229,6043610,-564718,-6641970,缩量,低,情绪退潮,进场,长线吸筹型,纯资金炒作(亏损风险),C,谨慎：纯资金炒作,12.2
000928,中钢国际,5.28,-83.0,0.31,-66.0,-1.91,-4610257,12489940,50491234,101081,215769,-1342445,缩量,低,情绪退潮,观望,高位分歧型,,D,回避：资金观望,-0.6
000929,兰州黄河,9.46,-56.1,0.9,-33.9,-2.73,-4547119,-8048822,-13850086,-1261688,206707,-679211,缩量,低,情绪退潮,观望,资金撤退型,,D,回避：资金撤退,-0.9
000930,中粮科技,5.13,-15.4,0.78,-51.3,-10.71,-104359140,-149790797,-129232648,7457950,6890424,-7512769,缩量,低,情绪退潮,观望,资金观望型,,D,回避：资金观望,-3.6
000931,中 关 村,4.55,-31.5,0.83,-50.8,-5.81,-16806347,-24312890,-58520433,190764,-484407,-1061948,缩量,低,情绪退潮,观望,资金撤退型,,D,回避：资金撤退,-1.9
000932,华菱钢铁,3.46,-81.1,0.78,-25.9,-0.26,-2554393,68955253,104902087,-3418658,1727531,7082353,缩量,低,情绪退潮,观望,资金观望型,,D,回避：资金观望,-0.1
000933,神火股份,26.03,-87.3,1.11,-23.6,3.08,106116662,23750263,-90808332,-1641996,4005164,2354125,缩量,低,情绪退潮,观望,资金观望型,,D,回避：资金观望,1.0
000868,安凯客车,4.27,429.7,0.95,303.6,4.21,69453940,140175116,162413691,15256338,8614881,-17372665,放量,低,游资情绪,进场,主力建仓型,纯资金炒作(亏损风险),C,谨慎：纯资金炒作,21.4
000936,华西股份,5.48,-73.8,0.54,-8.5,-1.42,-5425843,12751981,-37455053,460089,-2107399,-1148465,缩量,低,情绪退潮,观望,资金观望型,,D,回避：资金观望,-0.5
000938,紫光股份,31.18,-94.9,1.88,-29.5,-7.92,-1001461276,-966068815,-4931807757,-113033041,-35139605,117908291,缩量,低,情绪退潮,观望,资金观望型,,D,回避：资金观望,-2.6
000948,南天信息,13.13,-95.2,2.82,-35.5,-2.05,-5892628,-25387021,-71301436,-552055,-888471,2964475,缩量,低,情绪退潮,观望,资金撤退型,,D,回避：资金撤退,-0.7
000877,天山股份,3.66,-55.5,0.57,98.0,8.07,63693227,71740745,84433017,-1738733,-673967,2666629,缩量,中,主力惜售,进场,均衡流入型,纯资金炒作(亏损风险),C,谨慎：纯资金炒作,26.7
000950,重药控股,5.23,-86.2,0.88,-30.9,-2.08,-6035887,10084558,-25176852,-1175733,-669605,314860,缩量,低,情绪退潮,观望,资金观望型,,D,回避：资金观望,-0.7
000875,电投绿能,4.64,-87.1,0.67,-11.6,-11.96,-63806392,-79841721,-110457104,4174453,4607691,-2424314,缩量,低,情绪退潮,吸筹,资金撤退型,机构吸筹+盈利(关注),C,谨慎：资金流入未验证业绩,20.0
000952,广济药业,6.64,-71.1,0.54,-11.2,-1.29,-2239654,-5247530,-10771970,90684,-663000,3073495,缩量,低,情绪退潮,观望,资金撤退型,,D,回避：资金撤退,-0.4
000953,中哲精化,6.01,-82.9,0.9,-34.0,-3.25,-4097858,-11166078,-11988336,847169,0,-382936,缩量,低,情绪退潮,观望,资金撤退型,,D,回避：资金撤退,-1.1
000955,欣龙控股,4.08,-60.0,0.88,18.2,-2.16,-4317749,-15825497,-24295551,-1562475,-1480541,-1282206,缩量,低,情绪退潮,观望,资金撤退型,,D,回避：资金撤退,-0.7
000892,欢瑞世纪,4.51,-29.2,1.93,-46.3,5.57,127928642,117425639,75900511,-21789365,-8861293,28175199,缩量,中,主力惜售,进场,资金观望型,纯资金炒作(亏损风险),C,谨慎：纯资金炒作,25.9
000957,中通客车,9.91,-21.7,0.44,-40.4,0.17,781911,-4983764,29666845,-1312161,-5521033,2850947,缩量,低,情绪退潮,观望,长线吸筹型,,D,回避：资金观望,0.1
000958,电投产融,4.97,-80.5,0.43,-11.0,-11.82,-26739527,-46005234,-40413070,1850456,6704177,441409,缩量,低,情绪退潮,观望,资金观望型,,D,回避：资金观望,-3.9
000883,湖北能源,4.37,-71.6,0.69,-31.0,6.21,22455268,18249620,-46893736,-1968850,-2776470,-1696277,缩量,中,主力惜售,进场,资金观望型,资金+业绩共振(双击候选),B,关注：资金+业绩共振,86.1
000960,锡业股份,30.59,-93.7,0.63,-28.9,-4.6,-136772442,-183796666,-259251136,-486440,1617238,5435252,缩量,低,情绪退潮,观望,资金撤退型,,D,回避：资金撤退,-1.5
000962,东方钽业,55.35,-85.3,1.78,-2.0,-4.98,-171969025,-49782685,-2243018,16374134,14596109,-41278265,缩量,低,情绪退潮,观望,资金观望型,,D,回避：资金观望,-1.7
000900,现代投资,3.57,-67.8,0.76,-29.6,0.15,220170,8193200,16999056,432183,225507,434392,缩量,低,情绪退潮,进场,均衡流入型,资金+业绩共振(双击候选),B,关注：资金+业绩共振,72.0
000966,长源电力,3.96,-85.2,0.65,-20.0,0.65,3771323,-8829848,13589098,-1382236,-405793,1544932,缩量,低,情绪退潮,观望,资金观望型,,D,回避：资金观望,0.2
000967,盈峰环境,7.92,-83.9,0.23,3.6,1.21,26589143,142666880,20594819,-11892580,-13954422,-2292336,缩量,低,情绪退潮,观望,趋势转多型,,D,回避：资金观望,0.4
000968,蓝焰控股,6.81,-89.9,0.73,-57.1,2.0,7685054,-12504285,-8616768,-6651157,-3922361,2980574,缩量,低,情绪退潮,观望,资金观望型,,D,回避：资金观望,0.7
000969,安泰科技,16.17,-92.5,0.86,-17.4,-5.67,-57123757,-88563728,-212716274,-3184450,17529,2918532,缩量,低,情绪退潮,观望,资金撤退型,,D,回避：资金撤退,-1.9
000970,中科三环,10.97,-96.6,3.16,-20.7,-9.48,-65833713,-72510971,-252079597,-4309970,-5450074,3787410,缩量,低,情绪退潮,观望,资金撤退型,,D,回避：资金撤退,-3.2
000972,中基健康,3.87,-75.3,1.22,-66.2,-8.59,-18855409,-29914933,-70811209,-1251466,0,1412161,缩量,低,情绪退潮,观望,资金撤退型,,D,回避：资金撤退,-2.9
000895,双汇发展,23.54,-83.7,0.99,-27.5,13.44,133264136,148592410,178045965,803000,1369158,-1148681,缩量,高,主力控盘,控盘,均衡流入型,控盘+盈利(稳健),B,关注：控盘稳健+盈利,72.5
000975,山金国际,22.51,-83.6,1.06,1.3,-3.88,-138888515,-107929196,-348054592,25467922,9718987,-23965817,缩量,低,情绪退潮,观望,资金观望型,,D,回避：资金观望,-1.3
000977,浪潮信息,66.46,-91.5,1.36,-54.9,-10.15,-1064773551,-995997914,-6525202414,-42522657,-17270940,61613566,缩量,低,情绪退潮,观望,资金观望型,,D,回避：资金观望,-3.4
000978,桂林旅游,7.11,352.4,0.37,9.7,-0.2,-6289714,-264566056,-81534615,-41879944,-23739695,53205542,放量,低,游资情绪,观望,资金观望型,,D,回避：资金观望,7.9
000980,众泰汽车,2.3,220.0,0.25,35.7,1.84,92509866,-26371341,175181208,-14402957,-24921736,17811953,放量,低,游资情绪,观望,资金观望型,,D,回避：资金观望,8.6
000981,山子高科,2.74,-26.0,0.59,90.3,-7.37,-451895154,-154545447,119727609,-64541554,-27544226,66757031,缩量,低,情绪退潮,观望,资金观望型,,D,回避：资金观望,-2.5
000920,沃顿科技,12.51,-43.7,3.74,369.3,1.23,13486678,86145319,86194048,5831042,223716,-11741538,缩量,低,情绪退潮,进场,均衡流入型,资金+业绩共振(双击候选),B,关注：资金+业绩共振,72.4
000897,津滨发展,1.9,59.1,0.6,36.8,-1.38,-5541290,3464848,7857488,2030242,2684855,-161360,放量,低,游资情绪,抢筹,资金观望型,纯资金炒作(亏损风险),C,谨慎：纯资金炒作,27.5
000985,大庆华科,17.08,-60.3,0.73,-64.0,-1.81,-2616644,-3307259,-5372940,162042,-1399706,-46763,缩量,低,情绪退潮,观望,资金撤退型,,D,回避：资金撤退,-0.6
000987,越秀资本,7.16,-89.3,0.51,-38.0,-13.79,-69679279,-83586325,-207118113,-2194043,-3626193,-684196,缩量,低,情绪退潮,观望,资金撤退型,,D,回避：资金撤退,-4.6
000988,华工科技,93.06,-87.6,0.54,-15.3,-8.61,-1293763760,-82005585,-412132074,-33275826,-22277564,30800832,缩量,低,情绪退潮,观望,资金观望型,,D,回避：资金观望,-2.9
000989,九芝堂,8.68,-88.7,2.6,-21.5,-8.91,-36767195,-53301511,-60592767,2647555,3594292,3654330,缩量,低,情绪退潮,观望,资金撤退型,,D,回避：资金撤退,-3.0
000990,诚志股份,6.16,-86.0,0.44,-37.1,-10.16,-69383694,-73532739,-147987900,2322858,1619134,-4702327,缩量,低,情绪退潮,观望,资金撤退型,,D,回避：资金撤退,-3.4
000993,闽东电力,16.77,396.5,0.49,167.6,-8.63,-505071193,-305918320,-40481210,-25557073,5207468,26392697,放量,低,游资情绪,观望,资金观望型,,D,回避：资金观望,5.1
000995,皇台酒业,11.25,-66.1,1.07,118.4,0.08,747760,42060265,46717784,-3192796,-691818,1241751,缩量,低,情绪退潮,观望,均衡流入型,,D,回避：资金观望,0.0
000922,佳电股份,11.94,-91.8,0.52,-24.6,4.25,12469951,9237077,-847811,62761,516430,-32514,缩量,低,情绪退潮,吸筹,资金观望型,资金+业绩共振(双击候选),B,关注：资金+业绩共振,65.4
000921,海信家电,26.5,-90.7,1.03,-37.6,4.35,23235597,70298012,365573035,591265,1325999,-1633718,缩量,低,情绪退潮,进场,主力建仓型,资金+业绩共振(双击候选),B,关注：资金+业绩共振,73.5
000999,华润三九,23.77,-81.2,1.16,-20.5,-1.68,-10517583,-9576995,39212177,-11828996,-4068435,10749848,缩量,低,情绪退潮,观望,长线吸筹型,,D,回避：资金观望,-0.6
001201,东瑞股份,16.12,433.7,0.61,88.3,2.81,29506834,65449940,71488934,-1528110,2748834,-3788509,放量,低,游资情绪,观望,主力建仓型,,D,回避：资金观望,8.9
001202,炬申股份,14.91,-88.8,1.34,5.3,-7.5,-6607100,-9878148,-9740663,-501701,0,53221,缩量,低,情绪退潮,观望,资金观望型,,D,回避：资金观望,-2.5
001203,大中矿业,22.31,-74.1,0.27,-14.1,-7.11,-96743170,-186325865,-202771145,-2214035,6217448,5830846,缩量,低,情绪退潮,观望,资金撤退型,,D,回避：资金撤退,-2.4
001205,盛航股份,14.47,-71.5,0.85,-30.5,-1.36,-1847553,-9790387,-25379912,-2541227,-1752857,368373,缩量,低,情绪退潮,观望,资金撤退型,,D,回避：资金撤退,-0.5
000926,福星股份,2.1,15.8,0.7,18.7,0.03,143417,-17563847,-40792896,10182579,10099149,-7358697,缩量,低,情绪退潮,吸筹,资金观望型,纯资金炒作(亏损风险),C,谨慎：纯资金炒作,4.0
000935,四川双马,19.38,-91.4,0.84,-11.1,3.68,13644793,21542770,43521681,646042,2112397,487141,缩量,低,情绪退潮,进场,主力建仓型,资金+业绩共振(双击候选),B,关注：资金+业绩共振,73.2
001208,华菱线缆,13.07,-94.3,0.78,-27.6,-5.02,-26878587,-32226710,-111224920,-2497053,0,2231214,缩量,低,情绪退潮,观望,资金撤退型,,D,回避：资金撤退,-1.7
001209,洪兴股份,18.75,-47.6,0.23,246.0,-4.42,-12134147,1784613,-4224531,-1408582,10952,3037144,缩量,低,情绪退潮,观望,资金观望型,,D,回避：资金观望,-1.5
001210,金房能源,26.67,-69.8,1.47,-56.8,-3.7,-17656084,-24729659,-26100856,-5728592,-3061497,2955885,缩量,低,情绪退潮,观望,资金撤退型,,D,回避：资金撤退,-1.2
000927,中国铁物,2.46,-70.2,0.52,-15.9,0.11,399774,21312268,-2647898,5110646,5699970,-3530332,缩量,低,情绪退潮,吸筹,趋势转多型,资金+业绩共振(双击候选),B,关注：资金+业绩共振,64.0
001212,中旗新材,36.06,-66.6,0.38,105.3,4.82,47770964,140758856,186845344,-9048949,-7024713,6027018,缩量,低,情绪退潮,观望,主力建仓型,,D,回避：资金观望,1.6
000949,新乡化纤,6.51,-79.1,0.57,-47.7,-3.7,-30916991,-51028287,-223369066,2975248,6079731,-3337275,缩量,低,情绪退潮,吸筹,资金撤退型,机构吸筹+盈利(关注),C,谨慎：资金流入未验证业绩,22.8
000937,冀中能源,4.4,-55.5,0.44,-47.5,0.17,974338,63164175,-94158142,2352779,415058,-6950624,缩量,低,情绪退潮,进场,趋势转多型,资金+业绩共振(双击候选),B,关注：资金+业绩共振,72.1
001216,华瓷股份,26.23,1144.9,0.61,1713.2,-3.04,-169043764,-187392268,-192183611,-24399008,1242137,9289900,放量,低,游资情绪,观望,资金撤退型,,D,回避：资金撤退,7.0
001217,华尔泰,11.25,-37.1,0.9,26.2,2.38,5173873,12729034,-3893428,-2941376,-738963,-945233,缩量,低,情绪退潮,观望,趋势转多型,,D,回避：资金观望,0.8
000951,中国重汽,20.1,-65.8,0.45,-23.6,2.34,16781675,-1171622,-60093344,44733,-4566850,2086727,缩量,低,情绪退潮,进场,资金观望型,资金+业绩共振(双击候选),B,关注：资金+业绩共振,72.8
001219,青岛食品,12.84,-75.3,0.3,-38.2,-0.28,-255755,-1014841,-11686744,-136492,0,-1399877,缩量,低,情绪退潮,观望,资金撤退型,,D,回避：资金撤退,-0.1
001220,世盟股份,31.41,-86.0,0.37,-12.5,1.64,1383421,3174382,-1065188,-4,0,-586524,缩量,低,情绪退潮,观望,趋势转多型,,D,回避：资金观望,0.5
001221,悍高集团,32.1,-70.7,0.86,-32.8,-0.97,-2996676,-1803572,-30584293,-557435,244768,9833685,缩量,低,情绪退潮,观望,资金观望型,,D,回避：资金观望,-0.3
001222,源飞宠物,15.4,-70.5,2.09,-34.2,-4.36,-10368734,12722720,65997491,-542048,0,1149701,缩量,低,情绪退潮,观望,高位分歧型,,D,回避：资金观望,-1.5
001223,欧克科技,41.62,-83.4,1.09,35.7,-3.64,-10791792,53335555,65144460,116514,220106,582738,缩量,低,情绪退潮,观望,资金观望型,,D,回避：资金观望,-1.2
000963,华东医药,27.55,-44.5,1.92,20.4,0.97,21300958,-6601627,-300071537,42125652,37523087,-37176940,缩量,低,情绪退潮,吸筹,资金观望型,资金+业绩共振(双击候选),B,关注：资金+业绩共振,64.3
000959,首钢股份,3.45,-88.3,1.05,-27.4,-1.6,-4986551,-4614246,-2275634,1085661,1277161,-406049,缩量,低,情绪退潮,吸筹,资金观望型,机构吸筹+盈利(关注),C,谨慎：资金流入未验证业绩,23.5
001228,永泰运,37.74,58.5,0.45,45.5,-0.7,-4952170,22537213,16123962,-541023,-2730,-528919,放量,低,游资情绪,观望,资金观望型,,D,回避：资金观望,7.8
001229,魅视科技,37.31,-86.3,4.66,-7.2,2.33,14181872,53249289,96311027,-757495,-195585,3321539,缩量,低,情绪退潮,观望,主力建仓型,,D,回避：资金观望,0.8
000965,天保基建,3.36,98.8,0.42,-35.5,2.32,10680689,23698894,-42235624,6874,-124365,-3173092,放量,低,游资情绪,进场,趋势转多型,资金+业绩共振(双击候选),B,关注：资金+业绩共振,80.8
001231,农心科技,22.74,-68.0,0.41,-39.4,-0.99,-1180306,894705,5789881,414146,0,-1012976,缩量,低,情绪退潮,观望,资金观望型,,D,回避：资金观望,-0.3
001233,海安集团,44.4,-68.2,0.45,218.6,-4.0,-14255791,14439558,596038,497928,-539152,-9831,缩量,低,情绪退潮,观望,资金观望型,,D,回避：资金观望,-1.3
001234,泰慕士,25.8,560.8,0.09,408.0,-1.01,-13721548,10154877,-2819273,-70708133,-5206148,48166967,放量,低,游资情绪,观望,资金观望型,,D,回避：资金观望,7.7
001236,弘业期货,7.83,-73.9,0.67,-31.6,2.54,7126428,657144,-6683431,-92114,-810933,2459265,缩量,低,情绪退潮,观望,资金观望型,,D,回避：资金观望,0.8
000983,山西焦煤,6.49,-68.9,0.6,-41.4,1.75,23694483,72379340,-61672249,3860238,3656468,2128312,缩量,低,情绪退潮,进场,趋势转多型,资金+业绩共振(双击候选),B,关注：资金+业绩共振,72.6
001239,永达股份,12.36,-69.7,0.97,57.3,2.66,5143612,8279917,8552085,-54724,0,1995284,缩量,低,情绪退潮,观望,均衡流入型,,D,回避：资金观望,0.9
001255,博菲电气,27.23,-61.2,0.46,-16.1,1.73,2596297,5938065,-2735226,-1008767,0,513277,缩量,低,情绪退潮,观望,趋势转多型,,D,回避：资金观望,0.6
001256,炜冈科技,21.48,-91.1,1.29,-31.5,-0.79,-1109293,1841708,-5243618,377703,0,-234302,缩量,低,情绪退潮,观望,资金观望型,,D,回避：资金观望,-0.3
001257,盛龙股份,20.52,-70.2,0.52,-16.3,-15.56,-101822071,-119024896,-242055009,1049568,-6426173,-29981429,缩量,低,情绪退潮,观望,资金撤退型,,D,回避：资金撤退,-5.2
001258,立新能源,10.1,-93.8,5.2,-56.4,-2.05,-48928030,-137053043,73680430,-7817111,-5084042,14899748,缩量,低,情绪退潮,观望,长线吸筹型,,D,回避：资金观望,-0.7
001259,利仁科技,44.32,-78.3,0.75,56.8,-0.28,-718396,4601127,12190257,-523717,0,2316799,缩量,低,情绪退潮,观望,资金观望型,,D,回避：资金观望,-0.1
001260,坤泰股份,19.36,-34.1,0.92,119.7,3.51,15868750,13106693,6722400,-852880,-759528,2673217,缩量,低,情绪退潮,观望,资金观望型,,D,回避：资金观望,1.2
000997,新 大 陆,19.41,-89.4,0.66,-55.5,-3.53,-24732699,-32252805,-186410177,637197,1861660,-1738039,缩量,低,情绪退潮,吸筹,资金撤退型,机构吸筹+盈利(关注),C,谨慎：资金流入未验证业绩,22.8
000973,佛塑科技,11.63,-83.3,0.37,-23.2,-14.67,-145892935,-156769834,-370216176,13926758,9513908,-5064649,缩量,低,情绪退潮,吸筹,资金撤退型,机构吸筹+盈利(关注),C,谨慎：资金流入未验证业绩,19.1
001207,联科科技,19.11,-68.9,0.58,59.6,7.29,28862762,23883970,13850991,1531894,654442,-436991,缩量,中,主力惜售,吸筹,资金观望型,资金+业绩共振(双击候选),B,关注：资金+业绩共振,78.4
001270,铖昌科技,91.84,-82.5,1.35,11.9,-3.26,-63918980,-107271513,-128928026,-10371981,3687608,28433486,缩量,低,情绪退潮,观望,资金撤退型,,D,回避：资金撤退,-1.1
001277,速达股份,30.33,-68.7,0.45,-51.6,-0.9,-1121546,-5398748,-26018656,-406630,-656644,708599,缩量,低,情绪退潮,观望,资金撤退型,,D,回避：资金撤退,-0.3
001278,一彬科技,17.11,-47.1,0.33,-62.1,0.47,963602,-15140486,-17686653,-26681,0,1658348,缩量,低,情绪退潮,观望,资金观望型,,D,回避：资金观望,0.2
001279,强邦新材,26.14,-79.0,0.31,-41.2,3.36,1889615,6355504,17719591,-281031,0,718713,缩量,低,情绪退潮,观望,主力建仓型,,D,回避：资金观望,1.1
001280,中国铀业,60.45,-93.1,0.45,-53.3,-8.1,-50389036,-92177872,-122930201,-46989,501515,-2550578,缩量,低,情绪退潮,观望,资金撤退型,,D,回避：资金撤退,-2.7
001282,三联锻造,17.25,18.4,0.64,126.5,-2.06,-7394553,15213110,15829861,5611580,2567849,-9658641,缩量,低,情绪退潮,观望,资金观望型,,D,回避：资金观望,-0.7
001283,豪鹏科技,48.05,-11.9,0.32,-16.9,1.12,7930189,-11130041,-5283593,-1988912,5477660,7575533,缩量,低,情绪退潮,观望,资金观望型,,D,回避：资金观望,0.4
001285,瑞立科密,42.27,-39.4,0.4,-29.6,-1.35,-1932056,2681259,6757235,-5577498,-1043759,2722052,缩量,低,情绪退潮,观望,资金观望型,,D,回避：资金观望,-0.5
001286,陕西能源,9.5,-71.5,0.92,-44.2,1.33,7221754,41182934,133218630,-2343012,-2308584,6762425,缩量,低,情绪退潮,观望,均衡流入型,,D,回避：资金观望,0.4
001287,中电港,22.93,-89.0,0.44,37.2,-4.44,-59086951,65836561,-5062745,593421,-287679,-650994,缩量,低,情绪退潮,观望,资金观望型,,D,回避：资金观望,-1.5
001206,依依股份,18.62,-64.5,3.91,-19.0,0.78,1640734,-1749526,-15279558,43097451,44831584,-24227905,缩量,低,情绪退潮,吸筹,资金观望型,资金+业绩共振(双击候选),B,关注：资金+业绩共振,64.3
001289,龙源电力,14.84,-85.7,0.53,-20.7,3.76,5681885,-22823240,-27120973,-367704,-311750,742873,缩量,低,情绪退潮,观望,资金观望型,,D,回避：资金观望,1.3
001296,长江材料,19.61,-80.9,0.94,-48.1,-6.03,-14935352,-8379357,2946797,552465,0,-60376,缩量,低,情绪退潮,观望,高位分歧型,,D,回避：资金观望,-2.0
001298,好上好,16.35,-87.0,0.22,-38.4,-3.56,-13317941,-11891898,-94658114,-659856,0,2285615,缩量,低,情绪退潮,观望,资金观望型,,D,回避：资金观望,-1.2
001299,美能能源,10.1,-37.1,0.3,-71.7,-7.35,-17026174,-29758679,73227738,-338603,-1537837,416785,缩量,低,情绪退潮,观望,长线吸筹型,,D,回避：资金观望,-2.4
001300,三柏硕,12.31,-73.9,0.5,-18.0,-8.73,-16225469,-30370448,-46299589,422539,636998,-1648156,缩量,低,情绪退潮,观望,资金撤退型,,D,回避：资金撤退,-2.9
001301,尚太科技,47.23,-72.8,0.57,-19.0,1.22,12434189,-17209545,-7919507,-2055512,3359099,1635963,缩量,低,情绪退潮,观望,资金观望型,,D,回避：资金观望,0.4
001306,夏厦精密,56.6,-61.4,0.57,202.0,-2.35,-5598667,-7486491,-4027786,926672,0,2255203,缩量,低,情绪退潮,观望,资金观望型,,D,回避：资金观望,-0.8
001308,康冠科技,18.02,-84.0,1.29,1.9,-1.46,-1881481,5102134,4129889,698863,543000,1386135,缩量,低,情绪退潮,观望,资金观望型,,D,回避：资金观望,-0.5
001309,德明利,358.3,-84.0,0.91,-14.6,-6.14,-868756566,-640491828,-1564809140,-263739665,-205326172,210926205,缩量,低,情绪退潮,观望,资金观望型,,D,回避：资金观望,-2.0
001311,多利科技,16.88,-84.1,0.79,-27.5,-0.08,-175576,-5101431,-27425964,-393090,0,670102,缩量,低,情绪退潮,观望,资金撤退型,,D,回避：资金撤退,-0.0
001312,福恩股份,17.98,-72.8,0.2,90.9,0.83,1744534,10332300,5709757,-238431,-560583,-576071,缩量,低,情绪退潮,观望,趋势转多型,,D,回避：资金观望,0.3
001313,粤海饲料,7.18,-90.1,0.48,-63.2,-6.47,-15640540,-9986414,-119565957,170988,0,-988732,缩量,低,情绪退潮,观望,资金观望型,,D,回避：资金观望,-2.2
001314,亿道信息,49.7,-87.4,1.07,15.8,-3.39,-24697693,-45295488,-72563593,164239,-935459,-3729430,缩量,低,情绪退潮,观望,资金撤退型,,D,回避：资金撤退,-1.1
001316,润贝航科,27.57,-77.7,0.18,-49.2,-6.03,-21420210,-48307162,49000191,14805,-216709,-1669358,缩量,低,情绪退潮,观望,长线吸筹型,,D,回避：资金观望,-2.0
000998,隆平高科,8.51,-59.7,1.03,-60.4,-11.82,-97988231,-140277058,34485064,-197331,1681105,-803,缩量,低,情绪退潮,吸筹,长线吸筹型,机构吸筹+盈利(关注),C,谨慎：资金流入未验证业绩,20.1
001318,阳光乳业,11.84,-78.0,2.2,-30.2,-6.99,-9879580,-11068110,-15785719,-671901,-88027,-705950,缩量,低,情绪退潮,观望,资金撤退型,,D,回避：资金撤退,-2.3
001319,铭科精技,21.25,-77.8,0.54,-32.4,-6.97,-11477040,-5657614,19618819,-209987,0,487571,缩量,低,情绪退潮,观望,高位分歧型,,D,回避：资金观望,-2.3
001213,中铁特货,3.5,-84.5,0.69,-34.3,-8.05,-5090562,286753,-3110532,999830,676362,-550596,缩量,低,情绪退潮,吸筹,资金观望型,机构吸筹+盈利(关注),C,谨慎：资金流入未验证业绩,21.3
001323,慕思股份,17.96,-89.3,2.88,-23.8,0.44,603374,1267124,-10167460,0,0,479131,缩量,低,情绪退潮,观望,趋势转多型,,D,回避：资金观望,0.1
001211,双枪科技,27.85,-50.8,0.42,130.0,4.59,33820015,93715302,69605524,3850458,1406471,-6337373,缩量,低,情绪退潮,进场,趋势转多型,资金+业绩共振(双击候选),B,关注：资金+业绩共振,73.5
001325,元创股份,35.88,-81.1,0.23,-28.8,-13.16,-13686528,-19276145,-40579265,-271660,0,305779,缩量,低,情绪退潮,观望,资金撤退型,,D,回避：资金撤退,-4.4
001215,千味央厨,32.13,-89.1,0.25,18.8,1.14,3189177,3108946,-842000,386178,806000,127482,缩量,低,情绪退潮,进场,资金观望型,资金+业绩共振(双击候选),B,关注：资金+业绩共振,72.4
001218,丽臣实业,23.59,-82.4,0.33,1.7,0.02,23967,933505,-8364551,72695,-99128,-1506361,缩量,低,情绪退潮,进场,趋势转多型,资金+业绩共振(双击候选),B,关注：资金+业绩共振,72.0
001227,兰州银行,2.09,-86.6,1.51,-36.5,2.01,9780894,49943892,86551091,3164652,3970894,-2371862,缩量,低,情绪退潮,吸筹,主力建仓型,资金+业绩共振(双击候选),B,关注：资金+业绩共振,64.7
001225,和泰机电,34.9,-11.9,0.96,55.8,0.46,1458403,-796570,1483583,5043579,2140553,-3333227,缩量,低,情绪退潮,进场,资金观望型,资金+业绩共振(双击候选),B,关注：资金+业绩共振,72.2
001226,拓山重工,46.68,-42.9,0.46,24.9,2.56,6238484,-386793,-8903258,4447660,1096391,-4931221,缩量,低,情绪退潮,进场,资金观望型,资金+业绩共振(双击候选),B,关注：资金+业绩共振,72.9
001333,光华股份,20.05,-63.9,0.28,14.4,2.67,4202986,697153,-9242369,-539650,0,104081,缩量,低,情绪退潮,观望,资金观望型,,D,回避：资金观望,0.9
001335,信凯科技,33.3,-45.1,0.39,1.0,-3.5,-3906869,-431296,-2685808,659566,537563,-1411687,缩量,低,情绪退潮,观望,资金观望型,,D,回避：资金观望,-1.2
001336,楚环科技,18.8,-56.1,0.22,23.6,-0.16,-247808,-2542793,-3866225,35547,0,-289380,缩量,低,情绪退潮,观望,资金撤退型,,D,回避：资金撤退,-0.1
001337,四川黄金,45.01,-76.9,0.65,-37.0,-6.42,-92558064,-140289908,-362689471,-3883383,-9592708,-4219241,缩量,低,情绪退潮,观望,资金撤退型,,D,回避：资金撤退,-2.1
001338,永顺泰,9.14,-43.5,0.28,-50.6,-0.43,-1495173,-15424464,-10039704,-1863245,-1706840,4070352,缩量,低,情绪退潮,观望,资金观望型,,D,回避：资金观望,-0.1
001339,智微智能,70.67,-85.7,0.79,11.6,-4.06,-61028952,28040544,-121496372,12903157,11105853,-15607377,缩量,低,情绪退潮,观望,资金观望型,,D,回避：资金观望,-1.4
001356,富岭股份,9.25,-64.4,0.85,19.5,-6.25,-9654558,-10146291,-35918587,-1083228,-526518,2677,缩量,低,情绪退潮,观望,资金撤退型,,D,回避：资金撤退,-2.1
001358,兴欣新材,24.4,-91.1,1.04,80.3,-0.88,-2500525,7885461,6224267,-107693,0,318050,缩量,低,情绪退潮,观望,资金观望型,,D,回避：资金观望,-0.3
001359,平安电工,81.16,-86.6,1.75,-10.1,-1.63,-14416912,-1596843,-112978081,4432775,4535403,642112,缩量,低,情绪退潮,观望,资金观望型,,D,回避：资金观望,-0.5
001230,劲旅环境,19.14,-87.0,2.09,-7.4,5.23,21708907,27339027,-23558671,1754282,1952100,1903375,缩量,中,主力惜售,进场,短线抢筹型,资金+业绩共振(双击候选),B,关注：资金+业绩共振,85.7
001366,播恩集团,13.14,-54.2,0.49,-75.0,-1.84,-4128307,-19106467,-14641143,3491671,964189,-968318,缩量,低,情绪退潮,观望,资金观望型,,D,回避：资金观望,-0.6
001268,联合精密,25.14,-72.5,0.34,57.6,7.85,66986585,59132444,18992823,483244,0,1187036,缩量,中,主力惜售,进场,资金观望型,资金+业绩共振(双击候选),B,关注：资金+业绩共振,86.6
001266,宏英智能,38.18,37.7,0.25,153.0,5.79,68053606,67773912,70415290,4590508,3141779,-2327591,缩量,中,主力惜售,吸筹,资金观望型,资金+业绩共振(双击候选),B,关注：资金+业绩共振,77.9
001238,浙江正特,26.01,-56.2,0.83,234.2,1.62,2270212,15354730,16529354,195360,0,742858,缩量,低,情绪退潮,进场,均衡流入型,资金+业绩共振(双击候选),B,关注：资金+业绩共振,72.5
001267,汇绿生态,33.6,-73.4,0.43,4.6,0.18,7890485,256074938,111262049,18571364,18389457,-25342982,缩量,低,情绪退潮,进场,趋势转多型,资金+业绩共振(双击候选),B,关注：资金+业绩共振,72.1
001376,百通能源,12.35,-57.1,1.23,73.3,0.74,11739877,126260292,118193360,-932842,2149179,881560,缩量,低,情绪退潮,观望,趋势转多型,,D,回避：资金观望,0.2
001378,德冠新材,22.15,-70.2,1.78,301.0,-5.37,-28003785,-27239315,-33451281,-1016252,-2769928,3773798,缩量,低,情绪退潮,观望,资金观望型,,D,回避：资金观望,-1.8
001379,腾达科技,15.74,-79.0,0.5,-28.0,1.61,1451687,3373834,7822817,-89367,0,498282,缩量,低,情绪退潮,观望,均衡流入型,,D,回避：资金观望,0.5
001380,华纬科技,19.01,-47.5,0.69,0.3,-0.65,-1390270,8640540,13364287,510755,20328,-670615,缩量,低,情绪退潮,观望,资金观望型,,D,回避：资金观望,-0.2
001269,欧晶科技,19.26,-75.5,0.86,24.5,-0.5,-921535,1323581,5205758,-848705,581701,-142130,缩量,低,情绪退潮,吸筹,资金观望型,纯资金炒作(亏损风险),C,谨慎：纯资金炒作,3.8
001317,三羊马,62.86,23.9,1.13,215.1,0.86,35688210,239895270,202267893,15059612,10485906,1387321,缩量,低,情绪退潮,进场,趋势转多型,纯资金炒作(亏损风险),C,谨慎：纯资金炒作,12.3
001386,马可波罗,15.85,-63.5,0.8,-16.5,2.1,4086042,9228303,3499258,-966593,-2092965,-4191407,缩量,低,情绪退潮,观望,趋势转多型,,D,回避：资金观望,0.7
001387,雪祺电气,12.38,-50.3,0.66,34.4,2.56,6023780,5815274,5488845,-1726688,753600,2141017,缩量,低,情绪退潮,观望,资金观望型,,D,回避：资金观望,0.9
001388,信通电子,19.66,-91.1,5.52,-49.3,-1.62,-4630373,-22767081,-50097242,-1363149,-2305882,3912164,缩量,低,情绪退潮,观望,资金撤退型,,D,回避：资金撤退,-0.5
001389,广合科技,181.53,-60.1,0.88,127.2,-2.55,-306775256,97851961,590031575,-37786609,-1525011,59932905,缩量,低,情绪退潮,观望,高位分歧型,,D,回避：资金观望,-0.8
001390,古麒绒材,17.09,-53.6,0.86,31.0,-7.01,-14304781,-5107875,-11446929,-352582,184788,-769866,缩量,低,情绪退潮,观望,资金观望型,,D,回避：资金观望,-2.3
001391,国货航,3.81,-78.9,0.92,-2.7,-13.73,-47852195,-46926094,-64422688,-979799,730119,2302288,缩量,低,情绪退潮,观望,资金观望型,,D,回避：资金观望,-4.6
001395,亚联机械,30.04,-92.0,3.71,-11.6,-0.21,-391959,141065,-12479489,1484938,0,-2048489,缩量,低,情绪退潮,观望,资金观望型,,D,回避：资金观望,-0.1
001396,誉帆科技,31.15,-82.4,0.21,22.4,-4.61,-3704144,-4561960,-8951472,576078,0,-406419,缩量,低,情绪退潮,观望,资金撤退型,,D,回避：资金撤退,-1.5
001322,箭牌家居,6.56,-27.8,0.74,206.9,3.19,13112622,10379408,9661268,617828,-365300,626095,缩量,低,情绪退潮,进场,资金观望型,资金+业绩共振(双击候选),B,关注：资金+业绩共振,73.1
001696,宗申动力,15.29,-87.8,2.1,-44.3,-0.11,-3079585,-139113166,-211535668,-2967295,738400,6359635,缩量,低,情绪退潮,观望,资金撤退型,,D,回避：资金撤退,-0.0
001324,长青科技,20.55,13.8,0.47,8.5,-6.38,-21154976,-32575556,-34418885,8295677,8545802,-7885788,缩量,低,情绪退潮,吸筹,资金撤退型,机构吸筹+盈利(关注),C,谨慎：资金流入未验证业绩,21.9
001896,豫能控股,10.4,-91.1,0.63,-20.4,-7.3,-200629992,-449555363,457260968,2573939,2703007,3529656,缩量,低,情绪退潮,观望,长线吸筹型,,D,回避：资金观望,-2.4
001914,招商积余,9.14,17.6,0.78,33.5,1.54,9613734,15613036,-8646370,-4422256,558577,-1973468,缩量,低,情绪退潮,观望,趋势转多型,,D,回避：资金观望,0.5
001288,运机集团,32.05,-63.4,1.26,56.5,4.88,46871817,78568177,91854492,1082055,-298863,1131374,缩量,低,情绪退潮,进场,主力建仓型,资金+业绩共振(双击候选),B,关注：资金+业绩共振,73.6
001330,博纳影业,6.53,122.2,0.29,-30.4,6.18,314561168,205894304,613232977,38467115,65895213,-25454334,放量,中,主力偏强放量,吸筹,资金观望型,纯资金炒作(亏损风险),C,谨慎：纯资金炒作,22.1
002001,新 和 成,25.62,-87.2,0.67,-16.9,-4.34,-82914695,-241940809,-351523738,-10975500,-8531977,16237870,缩量,低,情绪退潮,观望,资金撤退型,,D,回避：资金撤退,-1.4
002003,伟星股份,11.34,-77.8,1.0,-40.6,-2.47,-14930693,-20899458,-164684761,1137233,-801432,-1883872,缩量,低,情绪退潮,观望,资金撤退型,,D,回避：资金撤退,-0.8
001328,登康口腔,31.11,-48.1,1.32,-40.4,2.53,4146150,2708674,-11594530,4734581,2667204,-2509405,缩量,低,情绪退潮,吸筹,资金观望型,资金+业绩共振(双击候选),B,关注：资金+业绩共振,64.8
001326,联域股份,102.56,17.3,0.82,140.5,5.41,94271185,76236223,136831283,1554484,11195639,6127189,缩量,中,主力惜售,进场,资金观望型,资金+业绩共振(双击候选),B,关注：资金+业绩共振,85.8
001331,胜通能源,39.25,-75.8,1.77,19.0,6.14,104345144,143912095,296115747,-7373041,-16494515,-1118755,缩量,中,主力惜售,进场,主力建仓型,资金+业绩共振(双击候选),B,关注：资金+业绩共振,86.0
002007,华兰生物,13.27,-64.1,0.92,-10.0,-7.36,-40123478,-28373001,-81209138,-190005,-1574237,3303864,缩量,低,情绪退潮,观望,资金观望型,,D,回避：资金观望,-2.5
002008,大族激光,80.95,-86.9,0.81,-18.6,-10.61,-1350580142,-1150985646,-335821632,10014776,37552843,6990831,缩量,低,情绪退潮,观望,高位分歧型,,D,回避：资金观望,-3.5
001332,锡装股份,27.35,-50.7,0.33,104.7,1.91,6013913,31176029,17937692,271218,-755512,461683,缩量,低,情绪退潮,进场,趋势转多型,资金+业绩共振(双击候选),B,关注：资金+业绩共振,72.6
001367,海森药业,22.34,-43.3,0.44,44.8,2.68,6139620,-1269132,-16468309,344168,537190,-781628,缩量,低,情绪退潮,进场,资金观望型,资金+业绩共振(双击候选),B,关注：资金+业绩共振,72.9
001360,南矿集团,19.15,-58.1,0.95,-11.4,0.48,1947704,5233008,2500345,1383745,33348,-3131409,缩量,低,情绪退潮,进场,趋势转多型,资金+业绩共振(双击候选),B,关注：资金+业绩共振,72.2
002012,凯恩股份,6.95,-83.8,0.91,-26.9,-9.99,-22994654,-17133701,-37447246,-862243,530843,1652584,缩量,低,情绪退潮,观望,资金观望型,,D,回避：资金观望,-3.3
001373,翔腾新材,31.66,-56.3,0.49,188.3,2.24,10505987,20261128,18355979,1076315,508960,1120966,缩量,低,情绪退潮,进场,趋势转多型,纯资金炒作(亏损风险),C,谨慎：纯资金炒作,12.7
002014,永新股份,11.22,-75.7,0.92,-53.4,3.14,2398367,3816853,14151364,-335096,0,-1311608,缩量,低,情绪退潮,观望,均衡流入型,,D,回避：资金观望,1.0
001369,双欣材料,11.97,-92.4,0.61,-25.1,-8.77,-19238691,-28416237,-39189078,600870,1164646,-905040,缩量,低,情绪退潮,吸筹,资金撤退型,机构吸筹+盈利(关注),C,谨慎：资金流入未验证业绩,21.1
001368,通达创智,37.47,809.6,0.48,137.7,1.6,24084806,-1261662,32204870,8776827,1525689,-7370806,放量,低,游资情绪,进场,资金观望型,资金+业绩共振(双击候选),B,关注：资金+业绩共振,80.5
002017,东信和平,13.82,-79.9,0.68,-70.6,-11.85,-82937245,-2398738,192669317,-2552807,-510496,6419304,缩量,低,情绪退潮,观望,高位分歧型,,D,回避：资金观望,-3.9
002019,亿帆医药,9.42,-76.8,1.25,-18.0,-6.65,-17734749,-4041170,-86002471,2308208,3759952,2625386,缩量,低,情绪退潮,观望,资金观望型,,D,回避：资金观望,-2.2
002020,京新药业,11.78,-58.6,1.91,-17.9,-2.16,-14125730,17197543,-3466938,-867702,-2337302,4913183,缩量,低,情绪退潮,观望,资金观望型,,D,回避：资金观望,-0.7
002021,中捷资源,2.6,-65.9,0.45,-11.9,3.21,8798910,2947081,6767193,-5160563,-3056080,2213551,缩量,低,情绪退潮,观望,资金观望型,,D,回避：资金观望,1.1
002022,科华生物,6.12,19.3,0.84,321.7,-3.31,-21538712,15126895,13802667,750367,1250122,2041599,缩量,低,情绪退潮,观望,资金观望型,,D,回避：资金观望,-1.1
002023,海特高新,9.41,-88.6,0.46,62.3,1.28,9006270,45762913,-4034337,-1452210,-2724683,640635,缩量,低,情绪退潮,观望,趋势转多型,,D,回避：资金观望,0.4
002025,航天电器,68.25,-91.5,0.63,2.7,-3.58,-73537877,-10257673,-114671735,6262945,3025478,-15418402,缩量,低,情绪退潮,观望,资金观望型,,D,回避：资金观望,-1.2
002026,山东威达,11.13,-44.4,0.53,8.7,-0.07,-480329,-84624696,-57592461,-792567,274487,1992261,缩量,低,情绪退潮,观望,资金观望型,,D,回避：资金观望,-0.0
002027,分众传媒,4.65,-85.4,0.91,-30.1,-2.63,-57058750,-29946547,-245515246,-3661691,-7058801,9394278,缩量,低,情绪退潮,观望,资金观望型,,D,回避：资金观望,-0.9
002028,思源电气,120.74,-82.7,0.77,-15.1,-10.55,-661626431,-550382712,-1315971992,-14050253,-14486266,5685539,缩量,低,情绪退潮,观望,资金观望型,,D,回避：资金观望,-3.5
001382,新亚电缆,16.57,-86.5,0.82,-55.3,1.8,1482711,502225,-9246350,1222650,0,-1484382,缩量,低,情绪退潮,进场,资金观望型,资金+业绩共振(双击候选),B,关注：资金+业绩共振,72.6
002031,巨轮智能,5.66,-17.4,0.6,-10.9,3.3,129342275,123898851,277318197,-98235917,-102630066,62516269,缩量,低,情绪退潮,观望,资金观望型,,D,回避：资金观望,1.1
002032,苏 泊 尔,39.76,-70.4,1.0,-36.6,0.65,1868936,-4708407,3932559,-3894439,-1182352,805404,缩量,低,情绪退潮,观望,资金观望型,,D,回避：资金观望,0.2
001872,招商港口,24.16,-37.9,0.97,-0.8,9.14,35750356,36756344,8882294,-749223,2157463,2231543,缩量,中,主力惜售,进场,趋势转多型,资金+业绩共振(双击候选),B,关注：资金+业绩共振,87.0
002034,旺能环境,14.03,-85.9,0.29,-39.4,-11.02,-27084533,-22954094,-81178893,1831958,448097,-1892158,缩量,低,情绪退潮,观望,资金观望型,,D,回避：资金观望,-3.7
001400,江顺科技,84.88,0.4,0.37,24.3,8.46,121270531,106566677,76211092,6539866,6697476,-4117098,缩量,中,主力惜售,吸筹,资金观望型,资金+业绩共振(双击候选),B,关注：资金+业绩共振,78.8
001965,招商公路,10.11,-76.1,1.3,-15.1,-1.97,-8148513,4788267,27783313,5643301,2007640,-1144529,缩量,低,情绪退潮,吸筹,资金观望型,机构吸筹+盈利(关注),C,谨慎：资金流入未验证业绩,23.3
002037,保利联合,6.74,-92.8,0.78,-10.1,-1.44,-1347083,-6692760,-3412845,-770511,-873814,464334,缩量,低,情绪退潮,观望,资金观望型,,D,回避：资金观望,-0.5
001979,招商蛇口,7.28,52.0,0.71,35.8,0.94,43944733,148897041,25618254,10763593,-25643885,-83228833,放量,低,游资情绪,进场,趋势转多型,资金+业绩共振(双击候选),B,关注：资金+业绩共振,80.3
002039,黔源电力,19.44,-65.8,0.66,2.4,-2.83,-14444709,-30735733,-45755493,-4301396,1150482,9445605,缩量,低,情绪退潮,观望,资金撤退型,,D,回避：资金撤退,-0.9
002040,南 京 港,8.76,-41.4,0.27,-47.9,-3.33,-17897608,-58920465,182006222,-6414306,-2613612,6385054,缩量,低,情绪退潮,观望,长线吸筹型,,D,回避：资金观望,-1.1
002041,登海种业,9.55,-43.0,1.05,-56.4,-9.19,-86039705,-153763299,-65618569,8702853,3047151,-7943520,缩量,低,情绪退潮,观望,资金观望型,,D,回避：资金观望,-3.1
002042,华孚时尚,3.6,-60.1,0.21,88.0,-3.32,-25903036,38201193,833995,-7747439,-2939467,10486308,缩量,低,情绪退潮,观望,资金观望型,,D,回避：资金观望,-1.1
002043,兔 宝 宝,11.21,-60.0,0.84,0.1,1.21,6631185,-15596266,-42723061,-1890241,4987818,3805097,缩量,低,情绪退潮,观望,资金观望型,,D,回避：资金观望,0.4
002044,美年健康,4.48,-88.8,0.27,5.5,-1.42,-14614961,-17339727,-122227763,-3690714,-2272517,8357402,缩量,低,情绪退潮,观望,资金撤退型,,D,回避：资金撤退,-0.5
002045,国光电器,8.65,-86.8,1.28,-27.1,-1.2,-6577666,-25780254,-32558803,-592743,-27089,1753285,缩量,低,情绪退潮,观望,资金撤退型,,D,回避：资金撤退,-0.4
002046,国机精工,60.44,-76.5,0.65,5.9,-8.31,-319940218,-175131664,224385734,19484210,16532758,-17494437,缩量,低,情绪退潮,观望,高位分歧型,,D,回避：资金观望,-2.8
002006,精工科技,13.28,-83.8,0.45,-45.8,5.22,14042527,15672386,9749560,458012,1308448,1172265,缩量,中,主力惜售,进场,趋势转多型,资金+业绩共振(双击候选),B,关注：资金+业绩共振,85.7
002004,华邦健康,4.31,-71.3,0.67,-39.3,-6.82,-22443832,-39308074,-6230849,4161314,3687802,-1082266,缩量,低,情绪退潮,吸筹,长线吸筹型,机构吸筹+盈利(关注),C,谨慎：资金流入未验证业绩,21.7
002049,紫光国微,58.29,-94.8,0.78,-1.0,-9.35,-202304804,-263179016,-787165593,-9518361,1657196,11132716,缩量,低,情绪退潮,观望,资金撤退型,,D,回避：资金撤退,-3.1
002005,德豪润达,2.71,-19.7,1.44,177.3,10.26,44617097,70941383,69157410,-13646665,-14850151,11971888,缩量,高,主力控盘,控盘,短线抢筹型,控盘+盈利(稳健),B,关注：控盘稳健+盈利,71.4
002010,传化智联,4.58,-81.4,0.61,-40.6,0.97,2162700,10348392,14363844,4465706,3241727,-602323,缩量,低,情绪退潮,吸筹,均衡流入型,资金+业绩共振(双击候选),B,关注：资金+业绩共振,64.3
002052,同洲电子,7.98,-87.0,0.26,-37.2,-2.51,-4753289,-12428487,-17830951,-1395317,2122618,3333345,缩量,低,情绪退潮,观望,资金撤退型,,D,回避：资金撤退,-0.8
002054,德美化工,7.11,-77.5,0.39,-26.4,-1.34,-2734118,-16122940,-14688717,-775638,0,423273,缩量,低,情绪退潮,观望,资金观望型,,D,回避：资金观望,-0.4
002056,横店东磁,19.47,-95.0,2.0,-21.6,-4.36,-52706802,-28846330,-157299702,-547239,513229,750276,缩量,低,情绪退潮,观望,资金观望型,,D,回避：资金观望,-1.5
002057,中钢天源,8.8,-92.6,2.6,-25.1,-4.6,-17139904,1648372,-63420249,-2207219,-842310,1817379,缩量,低,情绪退潮,观望,资金观望型,,D,回避：资金观望,-1.5
002009,天奇股份,15.68,-60.8,0.26,4.2,1.5,9169524,-359635,-43690417,8468829,7298528,-4300040,缩量,低,情绪退潮,吸筹,资金观望型,资金+业绩共振(双击候选),B,关注：资金+业绩共振,64.5
002059,云南旅游,4.19,37.1,0.86,-67.4,-3.31,-31085831,-111270476,-216065654,3204020,1947012,953749,缩量,低,情绪退潮,观望,资金撤退型,,D,回避：资金撤退,-1.1
002060,广东建工,3.04,-67.8,0.39,7.4,-0.43,-788750,12303475,15619705,1141979,216438,-1124356,缩量,低,情绪退潮,观望,资金观望型,,D,回避：资金观望,-0.1
002011,盾安环境,12.89,115.7,0.48,-31.7,-6.91,-183772533,-317864865,-238572273,12182737,10309315,-1693667,放量,低,游资情绪,吸筹,资金观望型,机构吸筹+盈利(关注),C,谨慎：资金流入未验证业绩,29.7
002062,宏润建设,9.25,-40.9,0.29,27.5,-4.56,-36057938,37781492,42266706,-1026153,4143243,1168091,缩量,低,情绪退潮,观望,资金观望型,,D,回避：资金观望,-1.5
002063,远光软件,5.24,-88.9,0.54,-34.0,-9.28,-29501683,-37127963,-79495812,157548,15423,-497115,缩量,低,情绪退潮,观望,资金撤退型,,D,回避：资金撤退,-3.1
002064,华峰化学,9.65,-77.1,0.91,-37.2,-5.78,-66631065,-41846079,-104963649,12239615,1533600,-16575139,缩量,低,情绪退潮,观望,资金观望型,,D,回避：资金观望,-1.9
002065,东华软件,6.48,-92.2,0.74,-15.7,-9.79,-52877321,-45493543,-143042902,-4594159,-133755,4104352,缩量,低,情绪退潮,观望,资金观望型,,D,回避：资金观望,-3.3
002066,瑞泰科技,19.57,-94.0,0.79,-29.3,-3.41,-5664676,-31592963,-61787938,0,0,662838,缩量,低,情绪退潮,观望,资金撤退型,,D,回避：资金撤退,-1.1
002067,景兴纸业,3.96,-89.7,1.5,-19.3,-6.64,-22341194,-19593025,-98666051,-3692909,-266881,649108,缩量,低,情绪退潮,观望,资金观望型,,D,回避：资金观望,-2.2
002068,黑猫股份,9.06,-50.7,1.22,-12.9,-1.62,-30160067,26117835,159257942,-2366826,2820445,6608432,缩量,低,情绪退潮,观望,高位分歧型,,D,回避：资金观望,-0.5
002016,世荣兆业,4.74,4.1,0.58,23.2,0.5,1384369,-9759657,-15297861,4000298,-604604,-6597417,缩量,低,情绪退潮,进场,资金观望型,资金+业绩共振(双击候选),B,关注：资金+业绩共振,72.2
002072,凯瑞德,7.11,-78.3,0.89,-56.9,-5.13,-13859395,-4759181,-165101439,-567349,-850396,1634807,缩量,低,情绪退潮,观望,资金观望型,,D,回避：资金观望,-1.7
002073,软控股份,5.67,-74.2,0.47,-23.0,-13.62,-29760042,-28146004,-55623145,-3825910,-2204546,3588048,缩量,低,情绪退潮,观望,资金观望型,,D,回避：资金观望,-4.5
002015,协鑫能科,14.69,-80.0,0.35,-57.6,-13.74,-394569541,-795214767,-516980615,15195909,12900334,-10343044,缩量,低,情绪退潮,吸筹,长线吸筹型,机构吸筹+盈利(关注),C,谨慎：资金流入未验证业绩,19.4
002075,沙钢股份,3.49,-84.0,0.73,-30.1,-6.85,-21140498,-29838040,-44231016,-2640495,-2180859,608477,缩量,低,情绪退潮,观望,资金撤退型,,D,回避：资金撤退,-2.3
002029,七 匹 狼,8.96,-5.0,0.86,115.9,8.16,156958838,251850106,199281187,9877119,12278292,-12586699,缩量,中,主力惜售,进场,短线抢筹型,资金+业绩共振(双击候选),B,关注：资金+业绩共振,86.7
002077,大港股份,13.8,-44.3,1.12,40.6,-0.24,-9076769,9801188,290551189,-42922767,-27633835,47532048,缩量,低,情绪退潮,观望,长线吸筹型,,D,回避：资金观望,-0.1
002030,达安基因,5.75,-55.4,0.29,37.6,-4.11,-22189416,-36373050,-58681843,2041775,2089193,-540197,缩量,低,情绪退潮,吸筹,资金撤退型,纯资金炒作(亏损风险),C,谨慎：纯资金炒作,2.6
002079,苏州固锝,8.52,-91.9,0.48,5.5,-9.27,-59518620,-56515101,-123815651,-7796526,-7058737,8187381,缩量,低,情绪退潮,观望,资金观望型,,D,回避：资金观望,-3.1
002035,华帝股份,4.66,56.3,0.69,99.3,6.04,45376472,62730054,61546997,-25628169,-20849030,12921281,放量,中,主力偏强放量,进场,短线抢筹型,资金+业绩共振(双击候选),B,关注：资金+业绩共振,90.0
002081,金 螳 螂,4.68,-19.9,0.2,-25.8,-1.32,-73540911,22131969,-619392407,-32273024,-12740567,48898927,缩量,低,情绪退潮,观望,资金观望型,,D,回避：资金观望,-0.4
002083,孚日股份,9.49,-87.9,1.92,-3.8,-4.29,-33284098,-33235309,-120373933,12716417,4419118,-8744411,缩量,低,情绪退潮,观望,资金观望型,,D,回避：资金观望,-1.4
002084,海鸥住工,5.8,119.8,1.25,-40.6,-1.93,-52205321,80682120,-106832649,-18654632,-13107074,44589187,放量,低,游资情绪,观望,资金观望型,,D,回避：资金观望,7.4
002085,万丰奥威,9.31,-73.4,0.6,14.8,-3.15,-26146332,-147514880,-189373489,-2893090,-431933,10865841,缩量,低,情绪退潮,观望,资金撤退型,,D,回避：资金撤退,-1.1
002086,东方海洋,2.01,-69.8,0.96,-39.9,1.52,5554987,26048586,23544221,-1948192,-2565504,-725903,缩量,低,情绪退潮,观望,趋势转多型,,D,回避：资金观望,0.5
002033,丽江股份,8.19,-83.4,0.45,-69.9,-15.41,-52612549,-103131098,-130043535,1327107,1284207,-440385,缩量,低,情绪退潮,吸筹,资金撤退型,机构吸筹+盈利(关注),C,谨慎：资金流入未验证业绩,18.9
002090,金智科技,8.96,-88.9,0.79,-13.2,-6.51,-10330703,-13316325,-28209752,-1152679,-1784714,138763,缩量,低,情绪退潮,观望,资金撤退型,,D,回避：资金撤退,-2.2
002091,江苏国泰,7.55,-74.8,0.13,-11.9,3.07,7283831,9199712,-12082930,-593407,3264783,1254005,缩量,低,情绪退潮,观望,趋势转多型,,D,回避：资金观望,1.0
002038,双鹭药业,5.7,-82.4,1.1,-14.3,-6.02,-25337941,-61233528,-97935147,1299131,3264200,-774495,缩量,低,情绪退潮,吸筹,资金撤退型,纯资金炒作(亏损风险),C,谨慎：纯资金炒作,2.0
002093,国脉科技,7.79,40.7,0.82,69.2,2.99,46255565,66489826,168931385,-15932653,-6305723,20567877,缩量,低,情绪退潮,观望,均衡流入型,,D,回避：资金观望,1.0
002094,青岛金王,4.97,-54.0,0.56,-44.8,0.03,146043,76510520,-39124825,-6899479,-1622978,6849730,缩量,低,情绪退潮,观望,趋势转多型,,D,回避：资金观望,0.0
002095,生 意 宝,15.3,54.4,0.62,74.6,1.04,7945204,86364550,144646165,-5179921,-6400776,8757237,放量,低,游资情绪,观望,均衡流入型,,D,回避：资金观望,8.3
002096,易普力,9.03,-90.2,0.56,-15.6,-8.4,-10835442,-9957369,-18730633,-87530,525858,159168,缩量,低,情绪退潮,观望,资金观望型,,D,回避：资金观望,-2.8
002097,山河智能,6.81,-86.8,0.7,-29.6,-3.65,-13447593,-24404441,-11311212,-669604,-1069284,-239179,缩量,低,情绪退潮,观望,资金观望型,,D,回避：资金观望,-1.2
002036,联创电子,6.05,-89.1,1.16,-27.6,-6.85,-33905070,-52415087,-149444504,793418,3433132,-411775,缩量,低,情绪退潮,吸筹,资金撤退型,纯资金炒作(亏损风险),C,谨慎：纯资金炒作,1.7
002047,宝鹰股份,3.14,-84.8,1.13,-40.4,-7.64,-19859931,-42550863,-28995720,1535871,2862388,-743084,缩量,低,情绪退潮,吸筹,资金观望型,机构吸筹+盈利(关注),C,谨慎：资金流入未验证业绩,21.5
002100,天康生物,7.95,-67.1,0.56,-35.7,3.99,23267650,9944633,-67149864,-2133124,-2517329,4639207,缩量,低,情绪退潮,观望,资金观望型,,D,回避：资金观望,1.3
002101,广东鸿图,8.59,-85.4,0.85,-16.5,-6.97,-7835483,-6613299,-11571092,267271,0,-75954,缩量,低,情绪退潮,观望,资金观望型,,D,回避：资金观望,-2.3
002048,宁波华翔,17.91,-79.1,0.54,-9.8,-6.61,-52907104,-62876995,-107987469,3760058,6648275,-2337008,缩量,低,情绪退潮,吸筹,资金撤退型,机构吸筹+盈利(关注),C,谨慎：资金流入未验证业绩,21.8
002104,恒宝股份,10.09,-84.1,0.74,-68.3,-7.08,-114051935,-57509406,352984062,-9944769,-5889542,12670103,缩量,低,情绪退潮,观望,高位分歧型,,D,回避：资金观望,-2.4
002105,信隆健康,6.09,-65.8,0.85,1.2,-3.93,-6667754,-8246749,-15593188,334274,0,-140960,缩量,低,情绪退潮,观望,资金撤退型,,D,回避：资金撤退,-1.3
002106,莱宝高科,12.11,-35.9,2.11,88.0,-4.66,-131566617,-83192346,-5483150,-2266268,-1319987,-5737829,缩量,低,情绪退潮,观望,资金观望型,,D,回避：资金观望,-1.6
002107,沃华医药,7.1,-58.2,0.65,-39.4,-5.72,-25079226,-17302305,36058403,-2845374,-3611850,3825870,缩量,低,情绪退潮,观望,长线吸筹型,,D,回避：资金观望,-1.9
002108,沧州明珠,4.27,-82.8,0.17,-54.4,-5.58,-11855736,-25761437,18121655,254072,470142,1636149,缩量,低,情绪退潮,观望,长线吸筹型,,D,回避：资金观望,-1.9
002051,中工国际,8.71,-74.0,0.3,53.5,1.77,19097123,-1521801,-53846286,1822685,2977645,-5687030,缩量,低,情绪退潮,进场,资金观望型,资金+业绩共振(双击候选),B,关注：资金+业绩共振,72.6
002111,威海广泰,9.08,-75.0,0.23,-35.0,-1.99,-4362386,-20203504,-68662867,1683356,-33670,-362397,缩量,低,情绪退潮,观望,资金撤退型,,D,回避：资金撤退,-0.7
002112,三变科技,13.88,-93.7,1.03,-46.2,-9.29,-36619551,-61107639,-86846496,-2019845,-756677,3699808,缩量,低,情绪退潮,观望,资金撤退型,,D,回避：资金撤退,-3.1
002050,三花智控,36.05,-77.1,0.3,10.7,-1.71,-100974776,-151995504,-487065097,102373225,104553645,-69980476,缩量,低,情绪退潮,吸筹,资金撤退型,机构吸筹+盈利(关注),C,谨慎：资金流入未验证业绩,23.4
002115,三维通信,9.34,-90.0,0.4,-17.3,-3.32,-53030887,-95079524,-318943178,-7778696,-5758732,16033437,缩量,低,情绪退潮,观望,资金撤退型,,D,回避：资金撤退,-1.1
002116,中国海诚,7.14,-72.8,0.53,-37.8,-4.34,-3413595,-8128235,-20372571,58055,0,1067778,缩量,低,情绪退潮,观望,资金撤退型,,D,回避：资金撤退,-1.4
002117,东港股份,7.7,-40.0,0.5,-17.7,-9.74,-19994703,-28490558,-62719526,-12392821,-12066845,4680058,缩量,低,情绪退潮,观望,资金撤退型,,D,回避：资金撤退,-3.2
002053,云南能投,9.58,-85.9,0.52,-46.6,1.15,2431578,-4158168,-28703441,23742,577471,1101464,缩量,低,情绪退潮,进场,资金观望型,资金+业绩共振(双击候选),B,关注：资金+业绩共振,72.4
002120,韵达股份,6.82,-82.0,0.53,13.1,-1.07,-6987964,-28457072,-93482101,-1288526,1071011,2807872,缩量,低,情绪退潮,观望,资金撤退型,,D,回避：资金撤退,-0.4
002121,科陆电子,4.13,-84.5,0.67,-19.6,-4.83,-27284366,-13617586,29037295,-6985308,-4995652,5863906,缩量,低,情绪退潮,观望,高位分歧型,,D,回避：资金观望,-1.6
002123,梦网科技,7.59,-87.2,1.94,48.4,-2.84,-17166798,3392234,-26479966,371188,866827,-1395260,缩量,低,情绪退潮,观望,资金观望型,,D,回避：资金观望,-0.9
002124,天邦食品,1.98,-59.6,0.34,-49.3,-10.24,-94938319,-112596828,-41865941,-5101632,-195961,4375214,缩量,低,情绪退潮,观望,长线吸筹型,,D,回避：资金观望,-3.4
002125,湘潭电化,12.0,-81.9,0.43,-27.9,-7.73,-36027154,-34326510,-177900761,-4070946,-819670,3725968,缩量,低,情绪退潮,观望,资金观望型,,D,回避：资金观望,-2.6
002126,银轮股份,34.24,-82.5,0.74,-26.4,-6.7,-152907061,-152568198,-211254762,-2044241,-1227610,6198381,缩量,低,情绪退潮,观望,资金观望型,,D,回避：资金观望,-2.2
002127,南极电商,2.93,-68.1,0.98,15.6,0.9,5603006,8266928,8918292,-5767593,-3610523,5078052,缩量,低,情绪退潮,观望,均衡流入型,,D,回避：资金观望,0.3
002058,紫竹高科,20.2,-17.2,0.62,34.9,7.44,18201302,34557572,30878248,-307060,2674460,884780,缩量,中,主力惜售,进场,短线抢筹型,资金+业绩共振(双击候选),B,关注：资金+业绩共振,86.5
002061,浙江交科,3.32,-57.6,0.76,-36.4,-3.49,-7897505,1135739,31290726,3441777,3415697,-22617,缩量,低,情绪退潮,吸筹,高位分歧型,机构吸筹+盈利(关注),C,谨慎：资金流入未验证业绩,22.8
002069,獐子岛,3.64,-74.6,0.83,-37.6,6.43,9675044,17228948,18315203,586826,0,-1281548,缩量,中,主力惜售,进场,主力强攻型,纯资金炒作(亏损风险),C,谨慎：纯资金炒作,26.1
002131,利欧股份,4.25,-92.9,0.96,-45.4,-2.36,-92449840,-116058711,-475289173,-3892659,3608310,14668686,缩量,低,情绪退潮,观望,资金撤退型,,D,回避：资金撤退,-0.8
002132,恒星科技,3.98,-93.2,0.51,-40.9,-21.33,-100577024,-85470841,43172739,455464,2722182,189182,缩量,低,情绪退潮,观望,高位分歧型,,D,回避：资金观望,-7.1
002074,国轩高科,29.42,177.8,0.43,191.6,6.31,356908782,488313697,307785955,-82885802,-47582987,43294252,放量,中,主力偏强放量,进场,短线抢筹型,资金+业绩共振(双击候选),B,关注：资金+业绩共振,90.1
002134,天津普林,24.29,-38.2,0.5,47.5,-4.5,-100925762,8046007,89706599,-14688554,-11113135,27829963,缩量,低,情绪退潮,观望,资金观望型,,D,回避：资金观望,-1.5
002135,东南网架,5.91,-81.0,0.13,2.1,3.97,12777322,10550630,-32751414,-3677116,-1204647,2695070,缩量,低,情绪退潮,观望,资金观望型,,D,回避：资金观望,1.3
002136,安 纳 达,11.79,-86.7,0.31,-18.2,-12.33,-21935794,-30819253,-52562633,-874500,0,-531223,缩量,低,情绪退潮,观望,资金撤退型,,D,回避：资金撤退,-4.1
002137,实益达,7.7,-73.4,5.14,462.7,-3.18,-36301910,30932311,1922324,-9271043,-965603,16742841,缩量,低,情绪退潮,观望,资金观望型,,D,回避：资金观望,-1.1
002076,星光股份,2.1,-76.3,0.6,-7.0,0.75,1315759,21783501,-3262603,666953,914050,-168613,缩量,低,情绪退潮,吸筹,趋势转多型,纯资金炒作(亏损风险),C,谨慎：纯资金炒作,4.2
002139,拓邦股份,9.62,-87.4,0.89,-31.4,-5.51,-19491491,-49681347,-37417360,-4313777,-3684053,4287876,缩量,低,情绪退潮,观望,资金观望型,,D,回避：资金观望,-1.8
002080,中材科技,54.95,-74.3,1.06,115.2,-13.69,-1857658467,897925636,1260129265,16254552,27969593,-14554985,缩量,低,情绪退潮,吸筹,资金观望型,机构吸筹+盈利(关注),C,谨慎：资金流入未验证业绩,19.4
002078,太阳纸业,13.64,-76.8,1.0,-1.9,4.3,36004845,57224848,-51844900,623400,1645045,2562024,缩量,低,情绪退潮,进场,趋势转多型,资金+业绩共振(双击候选),B,关注：资金+业绩共振,73.4
002098,浔兴股份,8.27,-42.0,0.82,-36.2,0.5,1073136,4942536,-18381977,966374,271443,1317906,缩量,低,情绪退潮,进场,趋势转多型,资金+业绩共振(双击候选),B,关注：资金+业绩共振,72.2
002144,宏达高科,11.01,-79.4,0.94,-3.3,1.7,2404513,2943010,-13098216,-337425,-28574,-565444,缩量,低,情绪退潮,观望,趋势转多型,,D,回避：资金观望,0.6
002145,钛能化学,4.63,-67.2,0.79,168.5,-17.57,-284861759,-225235690,-213899575,318807,3240268,4479091,缩量,低,情绪退潮,观望,资金观望型,,D,回避：资金观望,-5.9
002146,荣盛发展,1.25,115.6,0.75,101.4,2.73,53866892,108651407,97249745,-32433555,-25036701,9198082,放量,低,游资情绪,观望,趋势转多型,,D,回避：资金观望,8.9
002092,中泰化学,4.34,-86.9,0.58,-48.7,-2.56,-13512407,-13629239,-5096654,554601,1898656,-303046,缩量,低,情绪退潮,吸筹,资金观望型,纯资金炒作(亏损风险),C,谨慎：纯资金炒作,3.1
002149,西部材料,31.44,-94.2,0.24,-4.1,-2.21,-41920575,-104970317,-263808238,-3919043,-2076813,5913146,缩量,低,情绪退潮,观望,资金撤退型,,D,回避：资金撤退,-0.7
002088,鲁阳节能,8.04,-84.3,0.78,-44.0,9.37,5465573,6493950,7353918,203528,0,-584354,缩量,中,主力惜售,进场,均衡流入型,资金+业绩共振(双击候选),B,关注：资金+业绩共振,87.1
002151,北斗星通,28.13,-81.8,0.34,66.0,-1.45,-30328079,-85814681,-71011907,-8866918,-5873112,6361194,缩量,低,情绪退潮,观望,资金观望型,,D,回避：资金观望,-0.5
002152,广电运通,8.91,-92.3,1.33,-31.0,-10.79,-56981530,-99192441,-149595139,-4623676,-3698869,476780,缩量,低,情绪退潮,观望,资金撤退型,,D,回避：资金撤退,-3.6
002153,石基信息,7.34,-92.1,0.82,-18.7,-1.91,-9270613,-21758596,-48436938,-3775026,-2173505,3257722,缩量,低,情绪退潮,观望,资金撤退型,,D,回避：资金撤退,-0.6
002099,海翔药业,6.16,20.7,0.46,23.3,6.19,65130177,43002071,25108786,10965578,9791493,-2161169,缩量,中,主力惜售,吸筹,资金观望型,纯资金炒作(亏损风险),C,谨慎：纯资金炒作,18.1
002155,湖南黄金,23.17,-83.2,1.01,-48.1,-10.76,-383695865,-677672563,-718593748,16522587,4158105,2011808,缩量,低,情绪退潮,观望,资金撤退型,,D,回避：资金撤退,-3.6
002156,通富微电,57.68,-84.5,1.32,43.1,2.7,448350027,910813337,-807984380,-373587413,-301741495,313943237,缩量,低,情绪退潮,观望,趋势转多型,,D,回避：资金观望,0.9
002157,正邦科技,2.91,-69.7,0.24,-48.8,-7.08,-94121257,-104621838,-340875489,-14825314,-11920720,7607598,缩量,低,情绪退潮,观望,资金撤退型,,D,回避：资金撤退,-2.4
002158,汉钟精机,24.7,-86.6,0.54,-27.3,-5.02,-50363761,-37453201,66456953,-2506319,2197499,1526145,缩量,低,情绪退潮,观望,长线吸筹型,,D,回避：资金观望,-1.7
002159,三特索道,13.28,-79.6,0.44,-46.9,-0.57,-616814,-4174431,8036636,-723995,0,807364,缩量,低,情绪退潮,观望,长线吸筹型,,D,回避：资金观望,-0.2
002160,常铝股份,3.9,-81.4,0.62,-26.7,-0.42,-814443,3763636,-6337550,-840210,0,2504897,缩量,低,情绪退潮,观望,资金观望型,,D,回避：资金观望,-0.1
002161,远 望 谷,6.43,-17.0,0.51,73.4,-5.57,-49817987,78046387,8839315,-10966951,-4113308,12043339,缩量,低,情绪退潮,观望,资金观望型,,D,回避：资金观望,-1.9
002162,悦心健康,4.14,-65.9,1.22,-49.9,-3.69,-12057074,-40391069,72112813,-113691,3018527,1216822,缩量,低,情绪退潮,观望,长线吸筹型,,D,回避：资金观望,-1.2
002103,广博股份,6.68,-77.7,0.94,-0.5,3.46,7329924,2446462,-21621262,114877,-569430,-1052654,缩量,低,情绪退潮,进场,资金观望型,资金+业绩共振(双击候选),B,关注：资金+业绩共振,73.2
002110,三钢闽光,2.88,-64.0,0.97,-3.0,7.61,26914968,31289798,35691577,4623123,5182179,8769,缩量,中,主力惜售,进场,均衡流入型,资金+业绩共振(双击候选),B,关注：资金+业绩共振,86.5
002165,红 宝 丽,6.82,-84.6,1.0,-62.9,-10.8,-136901519,-126029584,-441288533,-2884982,-469939,-499428,缩量,低,情绪退潮,观望,资金观望型,,D,回避：资金观望,-3.6
002166,莱茵生物,6.72,-81.1,0.74,-56.3,-2.31,-4527182,-23381751,-29385412,565928,-548,926618,缩量,低,情绪退潮,观望,资金撤退型,,D,回避：资金撤退,-0.8
002167,东方锆业,15.45,-93.5,4.3,6.1,-3.63,-72904011,64946812,-108378500,-15148016,-9707705,9487528,缩量,低,情绪退潮,观望,资金观望型,,D,回避：资金观望,-1.2
002114,罗平锌电,7.21,-82.5,0.47,-37.3,2.04,3454360,-12217168,-17256765,746349,0,-810735,缩量,低,情绪退潮,进场,资金观望型,纯资金炒作(亏损风险),C,谨慎：纯资金炒作,12.7
002170,芭田股份,10.55,-83.3,0.52,-53.0,-2.83,-13138336,-3140895,75225961,-5548222,-3624721,4786787,缩量,低,情绪退潮,观望,高位分歧型,,D,回避：资金观望,-0.9
002171,楚江新材,9.63,-85.6,1.22,-48.8,-11.36,-195189667,-240004464,-347507471,-10378773,-4859223,10904300,缩量,低,情绪退潮,观望,资金撤退型,,D,回避：资金撤退,-3.8
002172,澳洋健康,5.63,341.5,1.86,15.9,2.01,86706755,441950522,925531794,-35412092,-32748112,18231752,放量,低,游资情绪,观望,主力建仓型,,D,回避：资金观望,8.7
002173,创新医疗,17.38,-90.8,2.29,4.8,-4.89,-65995436,-79786655,-242100823,13457936,4096698,-9688729,缩量,低,情绪退潮,观望,资金撤退型,,D,回避：资金撤退,-1.6
002174,游族网络,13.41,-66.7,0.99,-4.2,-7.87,-181278204,-169885720,-28104690,439872,5404611,2824799,缩量,低,情绪退潮,观望,高位分歧型,,D,回避：资金观望,-2.6
002176,江特电机,8.35,-83.6,0.15,-39.0,-9.78,-98106118,-173877682,-232247425,11595950,10137936,878113,缩量,低,情绪退潮,观望,资金撤退型,,D,回避：资金撤退,-3.3
002177,御银股份,5.45,-83.2,0.5,-54.0,-0.41,-1549399,166240,-5846087,-1551489,-462091,3623316,缩量,低,情绪退潮,观望,资金观望型,,D,回避：资金观望,-0.1
002178,延华智能,4.89,4.5,0.79,497.2,-1.79,-27588004,77490294,83724467,-4415915,-2005309,10668076,缩量,低,情绪退潮,观望,资金观望型,,D,回避：资金观望,-0.6
002179,中航光电,33.55,-72.3,0.58,-3.9,-8.06,-201546030,-166950434,-167165818,22872647,4654448,-7541367,缩量,低,情绪退潮,观望,资金观望型,,D,回避：资金观望,-2.7
002180,奔图科技,16.25,-92.8,1.04,59.5,-3.03,-21719307,-6586829,-20874357,1766732,1383211,134864,缩量,低,情绪退潮,观望,资金观望型,,D,回避：资金观望,-1.0
002181,粤 传 媒,8.86,-36.5,0.17,-32.1,4.68,183556484,113813632,410330862,-23974608,-10521226,28943644,缩量,低,情绪退潮,观望,资金观望型,,D,回避：资金观望,1.6
002182,宝武镁业,11.05,-91.7,0.74,-42.4,-7.08,-27296871,-24229666,-8483766,446473,-797327,-574434,缩量,低,情绪退潮,观望,资金观望型,,D,回避：资金观望,-2.4
002183,怡 亚 通,4.14,-83.2,0.16,-12.4,-2.71,-20483608,-65057817,-64488092,4138760,4856270,537846,缩量,低,情绪退潮,观望,资金观望型,,D,回避：资金观望,-0.9
002184,海得控制,9.91,-85.0,0.64,2.3,-7.64,-8944318,-7807876,-22678170,-107170,0,42640,缩量,低,情绪退潮,观望,资金观望型,,D,回避：资金观望,-2.5
002185,华天科技,16.62,-87.6,2.73,80.2,-9.21,-1542749928,-238389549,-797852320,-208154500,-142373477,216185548,缩量,低,情绪退潮,观望,资金观望型,,D,回避：资金观望,-3.1
002186,全 聚 德,9.31,-70.8,0.78,-56.1,-0.88,-1011590,-8951243,-601089,21688,-680287,-1445464,缩量,低,情绪退潮,观望,资金观望型,,D,回避：资金观望,-0.3
002128,电投能源,28.07,-71.0,0.68,2.7,-2.17,-30527937,-22104326,-238494184,9570016,8546947,-7419048,缩量,低,情绪退潮,吸筹,资金观望型,机构吸筹+盈利(关注),C,谨慎：资金流入未验证业绩,23.3
002188,中天服务,5.71,-40.3,0.43,13.9,0.31,910129,-8571450,-3028588,-1957516,-1609569,1964998,缩量,低,情绪退潮,观望,资金观望型,,D,回避：资金观望,0.1
002119,康强电子,26.16,21.1,1.38,170.3,5.05,626496187,703826814,790422427,-56632693,-46230658,105449877,缩量,中,主力惜售,进场,均衡流入型,资金+业绩共振(双击候选),B,关注：资金+业绩共振,85.7
002129,TCL中环,9.22,-86.2,2.03,70.6,15.18,472702385,393862987,10347362,28575234,25378887,-13469727,缩量,高,主力控盘,控盘,资金观望型,控盘+亏损(警惕),C,谨慎：控盘但亏损,29
002191,劲嘉股份,3.51,-78.7,0.39,-11.5,-10.46,-14580888,-18965792,-28783691,-1731303,-500519,1037755,缩量,低,情绪退潮,观望,资金撤退型,,D,回避：资金撤退,-3.5
002192,融捷股份,56.99,-86.2,0.33,-19.6,-7.67,-169756070,-205113512,-802166566,-10042502,332025,18362992,缩量,低,情绪退潮,观望,资金撤退型,,D,回避：资金撤退,-2.6
002194,武汉凡谷,9.84,-80.2,0.53,-37.5,-1.4,-17830816,-62366445,440594082,-3303636,-223168,6092475,缩量,低,情绪退潮,观望,长线吸筹型,,D,回避：资金观望,-0.5
002195,岩山科技,5.92,-93.3,0.74,-24.6,-9.11,-137999850,-126649304,-260396152,-4738725,-2495257,8453101,缩量,低,情绪退潮,观望,资金观望型,,D,回避：资金观望,-3.0
002196,方正电机,10.23,-61.4,0.46,-44.1,-0.86,-8141486,-14873781,92709708,-212092,462336,-538833,缩量,低,情绪退潮,观望,长线吸筹型,,D,回避：资金观望,-0.3
002197,证通电子,6.42,-88.8,1.84,-12.3,0.98,4241725,-2309199,14235656,-1852355,397548,-516163,缩量,低,情绪退潮,观望,资金观望型,,D,回避：资金观望,0.3
002199,东晶电子,11.41,-87.6,1.32,79.8,-5.89,-15447783,-1845280,-20391973,-1339197,-254151,916348,缩量,低,情绪退潮,观望,资金观望型,,D,回避：资金观望,-2.0
002130,沃尔核材,15.69,-87.4,0.52,-47.6,-14.05,-197761741,-368473919,-276216622,7579518,4065356,-1748302,缩量,低,情绪退潮,吸筹,资金观望型,机构吸筹+盈利(关注),C,谨慎：资金流入未验证业绩,19.3
002201,九鼎新材,9.19,-58.4,0.13,-33.2,-11.59,-171209000,-259196864,170936310,-2687872,-2115106,8387840,缩量,低,情绪退潮,观望,长线吸筹型,,D,回避：资金观望,-3.9
002202,金风科技,17.2,-86.7,0.34,-20.2,-10.36,-457963663,-1228061987,-1595532309,-11367122,-13670346,8902302,缩量,低,情绪退潮,观望,资金撤退型,,D,回避：资金撤退,-3.5
002203,海亮股份,17.53,-90.7,0.36,-31.7,2.52,31899553,-86056858,182936281,-4025757,-3685158,-3802185,缩量,低,情绪退潮,观望,资金观望型,,D,回避：资金观望,0.8
002204,大连重工,5.32,-52.1,0.53,-19.3,-6.57,-39059482,-16143396,127951497,499135,-501361,-1969535,缩量,低,情绪退潮,观望,高位分歧型,,D,回避：资金观望,-2.2
002133,广宇集团,2.83,16.0,0.42,-41.0,3.34,6982226,13942135,-11440841,416804,-2896727,2430281,缩量,低,情绪退潮,进场,趋势转多型,资金+业绩共振(双击候选),B,关注：资金+业绩共振,73.1
002206,海 利 得,4.88,-84.8,0.52,-40.1,-7.78,-11278034,-10469773,-40317824,-516928,0,2079615,缩量,低,情绪退潮,观望,资金观望型,,D,回避：资金观望,-2.6
002208,合肥城建,9.65,-82.6,1.13,-3.8,-2.08,-23769258,-21603905,-112981340,-9151404,-4047543,6923334,缩量,低,情绪退潮,观望,资金观望型,,D,回避：资金观望,-0.7
002209,达 意 隆,13.31,-75.3,0.17,-37.2,0.13,228785,-842671,-36257679,-342290,551030,1038811,缩量,低,情绪退潮,观望,资金观望型,,D,回避：资金观望,0.0
002210,飞马国际,2.08,-77.1,0.12,-17.9,0.76,2968568,-3663476,11477758,-3374290,-4264127,2048979,缩量,低,情绪退潮,观望,资金观望型,,D,回避：资金观望,0.3
002212,天融信,7.12,27.5,1.42,51.7,-1.39,-61691692,45242863,311235536,-47523196,-35096266,46641148,缩量,低,情绪退潮,观望,高位分歧型,,D,回避：资金观望,-0.5
002213,大为股份,26.99,-74.0,0.24,71.4,-3.11,-40432170,133435807,-41007599,-15946251,-6744540,20313182,缩量,低,情绪退潮,观望,资金观望型,,D,回避：资金观望,-1.0
002214,大立科技,17.76,-82.8,0.73,-16.2,-4.95,-21236541,-4447721,-11441424,643556,81478,-3898412,缩量,低,情绪退潮,观望,资金观望型,,D,回避：资金观望,-1.7
002215,诺 普 信,9.27,-82.3,0.68,-41.2,-10.9,-52084995,20886100,-37902500,-3612477,-3150356,4737482,缩量,低,情绪退潮,观望,资金观望型,,D,回避：资金观望,-3.6
002138,顺络电子,49.12,-86.4,1.48,9.3,1.43,81539402,299756107,389990571,30502997,12610589,-18884245,缩量,低,情绪退潮,进场,均衡流入型,资金+业绩共振(双击候选),B,关注：资金+业绩共振,72.5
002218,拓日新能,3.75,-85.9,0.41,51.7,-0.46,-4720345,114359329,321169627,-4546070,-962702,8940504,缩量,低,情绪退潮,观望,高位分歧型,,D,回避：资金观望,-0.2
002141,贤丰控股,6.33,-73.0,12.62,4.6,5.94,310032700,60676470,282142861,-55232560,-43046709,68440421,缩量,中,主力惜售,进场,资金观望型,资金+业绩共振(双击候选),B,关注：资金+业绩共振,86.0
002221,东华能源,5.6,-87.9,0.84,-42.3,-0.09,-239889,12092325,48494846,-1383266,-595894,1244970,缩量,低,情绪退潮,观望,高位分歧型,,D,回避：资金观望,-0.0
002222,福晶科技,61.45,-86.0,0.39,53.2,-3.28,-189118814,-34038242,-302119455,-711124,1764312,6571576,缩量,低,情绪退潮,观望,资金观望型,,D,回避：资金观望,-1.1
002223,鱼跃医疗,26.08,-73.4,1.16,25.2,-0.97,-9071776,-72159525,-135903025,190608,-1225946,7220279,缩量,低,情绪退潮,观望,资金撤退型,,D,回避：资金撤退,-0.3
002140,东华科技,9.05,-76.3,0.27,-17.3,-9.15,-19260480,-4395268,-8995571,1904266,2496343,-1297371,缩量,低,情绪退潮,吸筹,资金观望型,机构吸筹+盈利(关注),C,谨慎：资金流入未验证业绩,20.9
002225,濮耐股份,3.41,-84.3,0.31,-4.4,-7.6,-20041061,-41397900,-72072113,-3183591,-3119255,2284486,缩量,低,情绪退潮,观望,资金撤退型,,D,回避：资金撤退,-2.5
002150,正泰电源,19.74,-84.5,0.51,9.9,0.99,5360481,29172325,11455168,3194404,821658,-4064030,缩量,低,情绪退潮,进场,趋势转多型,资金+业绩共振(双击候选),B,关注：资金+业绩共振,72.3
002148,北纬科技,6.17,-85.7,1.28,10.1,5.15,16769386,8513390,5944497,-1309984,0,359533,缩量,中,主力惜售,进场,资金观望型,纯资金炒作(亏损风险),C,谨慎：纯资金炒作,25.7
002229,鸿博股份,10.14,-91.8,0.52,-54.8,-8.91,-74145135,-103427496,-402557278,-3576098,730359,7049520,缩量,低,情绪退潮,观望,资金撤退型,,D,回避：资金撤退,-3.0
002230,科大讯飞,37.18,-93.3,0.7,-22.8,-14.65,-349353219,-710717337,-1246192336,-19574049,-16720008,20739121,缩量,低,情绪退潮,观望,资金撤退型,,D,回避：资金撤退,-4.9
002142,宁波银行,35.54,-61.8,1.4,-14.6,0.67,22096172,-193080292,84233125,5359134,18120166,-5274087,缩量,低,情绪退潮,吸筹,长线吸筹型,资金+业绩共振(双击候选),B,关注：资金+业绩共振,64.2
002164,宁波东力,13.26,155.0,0.59,521.4,8.03,228195456,242080802,184152327,95430128,100359177,-69726328,放量,中,主力偏强放量,抢筹,趋势转多型,资金+业绩共振(双击候选),B,关注：资金+业绩共振,98.7
002234,民和股份,7.91,-72.3,0.98,-31.7,-3.01,-4418824,-7099376,-24876266,-623454,-647157,-981494,缩量,低,情绪退潮,观望,资金撤退型,,D,回避：资金撤退,-1.0
002235,安妮股份,7.57,-90.3,0.39,-37.2,-13.87,-66353118,-121644362,-223469574,-6357940,-6068982,5775463,缩量,低,情绪退潮,观望,资金撤退型,,D,回避：资金撤退,-4.6
002236,大华股份,15.24,-94.6,0.81,-33.1,-13.91,-160962682,-166946848,-455501341,354232,465277,3047997,缩量,低,情绪退潮,观望,资金撤退型,,D,回避：资金撤退,-4.6
002237,恒邦股份,12.41,-76.3,0.66,-32.2,-2.8,-29747080,-52318865,-221512255,-2296456,-1488577,3941122,缩量,低,情绪退潮,观望,资金撤退型,,D,回避：资金撤退,-0.9
002238,天威视讯,7.08,728.1,0.75,466.8,-0.91,-17787220,-22722900,-32487661,-16347375,-6319769,13486765,放量,低,游资情绪,观望,资金撤退型,,D,回避：资金撤退,7.7
002154,报 喜 鸟,3.82,-77.4,0.37,-20.2,5.3,16340026,-7330398,-8034071,-4201118,-3494669,2858939,缩量,中,主力惜售,进场,资金观望型,资金+业绩共振(双击候选),B,关注：资金+业绩共振,85.8
002240,盛新锂能,25.27,-88.1,0.36,-18.6,-10.13,-234351689,-256261432,-851894441,-7791049,-6003770,13800594,缩量,低,情绪退潮,观望,资金撤退型,,D,回避：资金撤退,-3.4
002163,海南发展,7.47,-72.2,0.6,9.7,1.01,8634821,-63205527,18613946,137686,-1533474,3695514,缩量,低,情绪退潮,进场,资金观望型,纯资金炒作(亏损风险),C,谨慎：纯资金炒作,12.3
002169,智光电气,12.64,-39.4,0.96,106.2,-11.09,-179778502,-90914475,-79636969,28144477,19882523,-16760499,缩量,低,情绪退潮,吸筹,资金观望型,机构吸筹+盈利(关注),C,谨慎：资金流入未验证业绩,20.3
002243,力合科创,6.92,-85.4,0.98,-27.2,-7.6,-17442229,-37788334,-59741274,-1249521,0,2513619,缩量,低,情绪退潮,观望,资金撤退型,,D,回避：资金撤退,-2.5
002189,中光学,19.45,-30.6,0.36,-49.9,3.19,7339230,662795,-26333296,3374464,3698644,-4947124,缩量,低,情绪退潮,进场,资金观望型,纯资金炒作(亏损风险),C,谨慎：纯资金炒作,13.1
002187,广百股份,5.42,-75.7,1.07,-59.3,0.46,843716,-12271362,-9310953,2433822,1555695,-2528836,缩量,低,情绪退潮,进场,资金观望型,纯资金炒作(亏损风险),C,谨慎：纯资金炒作,12.2
002200,交投生态,6.81,-79.8,2.26,7.0,4.04,5442588,3203676,6907389,244845,0,1000137,缩量,低,情绪退潮,进场,资金观望型,纯资金炒作(亏损风险),C,谨慎：纯资金炒作,13.3
002247,聚力文化,2.47,-70.1,0.74,-8.2,-0.98,-1779459,-6474213,8981721,-1360031,-685703,175447,缩量,低,情绪退潮,观望,长线吸筹型,,D,回避：资金观望,-0.3
002248,华东数控,9.3,-59.8,0.82,45.6,-2.66,-12653081,57017627,-9216712,-1550246,-3080826,-2936261,缩量,低,情绪退潮,观望,资金观望型,,D,回避：资金观望,-0.9
002249,大洋电机,6.44,-78.1,0.56,-35.4,-3.4,-22567275,-30122347,-100562447,-1198893,-1104451,1389386,缩量,低,情绪退潮,观望,资金撤退型,,D,回避：资金撤退,-1.1
002205,国统股份,12.06,342.7,0.53,205.9,10.3,107515426,105977603,101737795,-1034777,2017839,-3301494,放量,高,主力主导放量🔥(最强),进场,资金观望型,纯资金炒作(亏损风险),C,谨慎：纯资金炒作,35.4
002251,步步高,3.39,-83.1,2.06,-55.2,-9.58,-84040784,-96583085,-59074919,422387,-933220,-1095026,缩量,低,情绪退潮,观望,资金观望型,,D,回避：资金观望,-3.2
002252,上海莱士,5.29,-46.7,1.8,29.1,1.71,23762045,34419266,144637145,-2868777,3494881,1095569,缩量,低,情绪退潮,观望,长线吸筹型,,D,回避：资金观望,0.6
002253,川大智胜,8.83,-6.1,0.55,67.8,-0.61,-3159003,-9890036,-31242272,379841,611339,556312,缩量,低,情绪退潮,观望,资金撤退型,,D,回避：资金撤退,-0.2
002254,泰和新材,11.55,-91.3,0.95,-3.4,-3.42,-24557772,-58712156,-136626219,-1275693,-805000,7683456,缩量,低,情绪退潮,观望,资金撤退型,,D,回避：资金撤退,-1.1
002255,海陆重工,7.28,-94.6,0.49,-25.3,-8.58,-16140801,-9184987,-41494061,-96550,558450,397117,缩量,低,情绪退潮,观望,资金观望型,,D,回避：资金观望,-2.9
002256,兆新股份,3.11,-90.2,0.18,-36.1,-4.66,-15294991,-40058757,-41420639,-5681683,-4404128,3412128,缩量,低,情绪退潮,观望,资金撤退型,,D,回避：资金撤退,-1.6
002258,利尔化学,13.97,-92.0,2.19,-47.6,-10.77,-108733117,-158033284,-146659625,2503039,773807,-1362814,缩量,低,情绪退潮,观望,资金观望型,,D,回避：资金观望,-3.6
002259,升达林业,4.92,94.3,0.17,200.3,2.96,29134178,77662535,71751712,-5981911,-3887657,-2762325,放量,低,游资情绪,观望,趋势转多型,,D,回避：资金观望,9.0
002261,拓维信息,23.87,-92.1,0.51,9.4,-13.86,-336654671,-271248280,-461189494,-26478720,-18243248,30179210,缩量,低,情绪退潮,观望,资金观望型,,D,回避：资金观望,-4.6
002190,成飞集成,23.06,-83.6,1.32,-72.2,0.5,1651256,-16208211,-20416864,3293926,158667,-1792668,缩量,低,情绪退潮,进场,资金观望型,纯资金炒作(亏损风险),C,谨慎：纯资金炒作,12.2
002263,大东南,3.21,-58.7,0.21,17.8,0.26,1529779,20190019,10665296,-8278050,-9249899,8974008,缩量,低,情绪退潮,观望,趋势转多型,,D,回避：资金观望,0.1
002216,三全食品,11.49,-79.7,0.76,-46.0,-12.22,-22196009,-20359831,-27783863,5876810,4717729,-1530694,缩量,低,情绪退潮,吸筹,资金观望型,机构吸筹+盈利(关注),C,谨慎：资金流入未验证业绩,19.9
002224,三 力 士,3.81,10.6,0.58,-68.7,0.08,152307,-11337256,64449318,253535,-575436,-3664831,缩量,低,情绪退潮,进场,长线吸筹型,资金+业绩共振(双击候选),B,关注：资金+业绩共振,72.0
002219,新里程,2.09,-82.1,1.22,-18.7,5.5,36991362,27740100,62883188,1707496,3929091,-1952118,缩量,中,主力惜售,吸筹,资金观望型,资金+业绩共振(双击候选),B,关注：资金+业绩共振,77.8
002267,陕天然气,7.21,-74.9,0.59,-65.0,3.73,4493131,-6196704,-56172624,-916504,-567291,578615,缩量,低,情绪退潮,观望,资金观望型,,D,回避：资金观望,1.2
002268,电科网安,14.8,-46.4,1.66,46.0,-1.76,-16966869,16288223,-24819496,-22447038,-10303121,11067796,缩量,低,情绪退潮,观望,资金观望型,,D,回避：资金观望,-0.6
002269,美邦服饰,1.37,-67.5,0.54,-7.9,-1.5,-4098940,18289442,-3169393,-424858,-297739,688528,缩量,低,情绪退潮,观望,资金观望型,,D,回避：资金观望,-0.5
002270,华明装备,17.03,-86.4,0.59,-11.8,-2.22,-16204322,-41203901,-116065241,3224832,1809114,-4316924,缩量,低,情绪退潮,观望,资金撤退型,,D,回避：资金撤退,-0.7
002271,东方雨虹,10.34,-60.3,0.49,-27.6,-4.79,-82307208,60181572,-5763875,3245303,6647954,763362,缩量,低,情绪退潮,观望,资金观望型,,D,回避：资金观望,-1.6
002272,川润股份,14.09,-81.3,0.57,-0.2,-9.57,-120810882,-193096720,-226174513,-381500,3699569,-3913433,缩量,低,情绪退潮,观望,资金撤退型,,D,回避：资金撤退,-3.2
002233,塔牌集团,6.79,-64.5,0.78,36.5,11.58,62328248,109828962,140750556,7068003,4705802,-2666978,缩量,高,主力控盘,控盘,主力强攻型,控盘+盈利(稳健),B,关注：控盘稳健+盈利,71.9
002274,华昌化工,5.83,-84.5,0.58,-71.2,-10.98,-46185135,-87436296,-79893172,-4786379,-3580689,2469995,缩量,低,情绪退潮,观望,资金观望型,,D,回避：资金观望,-3.7
002275,桂林三金,12.17,-84.6,0.64,-39.8,-4.41,-2413286,-6236986,-6529252,88380,0,560377,缩量,低,情绪退潮,观望,资金撤退型,,D,回避：资金撤退,-1.5
002276,万马股份,9.9,-82.4,0.55,-23.5,-8.09,-30398341,-35330134,-70938064,4601243,760527,1038413,缩量,低,情绪退潮,观望,资金撤退型,,D,回避：资金撤退,-2.7
002277,友阿股份,4.83,-58.8,0.66,-23.1,-13.84,-60070357,-100802431,-154692529,-5528893,-4487228,3747116,缩量,低,情绪退潮,观望,资金撤退型,,D,回避：资金撤退,-4.6
002228,合兴包装,3.21,-60.3,0.73,17.7,7.69,26514649,48885124,53171238,-1091821,-1895407,840135,缩量,中,主力惜售,进场,主力强攻型,资金+业绩共振(双击候选),B,关注：资金+业绩共振,86.6
002279,久其软件,6.53,-83.6,1.14,-37.0,0.4,3161822,-32698796,-49904922,-9494883,-5536545,13856502,缩量,低,情绪退潮,观望,资金观望型,,D,回避：资金观望,0.1
002281,光迅科技,166.65,-86.8,0.74,11.7,-8.81,-1659811641,-449755420,445049704,44685962,18051526,-66395786,缩量,低,情绪退潮,观望,资金观望型,,D,回避：资金观望,-2.9
002282,博深股份,6.05,-69.3,0.67,-5.3,-7.57,-6632818,-5231274,-17830853,-486674,605346,286639,缩量,低,情绪退潮,观望,资金观望型,,D,回避：资金观望,-2.5
002283,天润工业,7.62,-71.5,0.36,-6.5,-8.14,-57649051,-68812732,-98279217,914506,-87170,-78353,缩量,低,情绪退潮,观望,资金撤退型,,D,回避：资金撤退,-2.7
002284,亚太股份,9.35,-72.6,0.42,-57.7,-9.31,-49952574,-56545453,-70224396,-794622,-2800716,1140386,缩量,低,情绪退潮,观望,资金撤退型,,D,回避：资金撤退,-3.1
002242,九阳股份,12.5,398.2,0.28,49.4,6.08,76660133,104482071,200496354,-1337007,7686811,6355060,放量,中,主力偏强放量,进场,主力建仓型,资金+业绩共振(双击候选),B,关注：资金+业绩共振,90.0
002226,江南化工,5.34,143.2,0.97,104.2,-5.39,-46552822,-42711457,-79306232,83562717,82483176,-41220785,放量,低,游资情绪,抢筹,资金观望型,机构吸筹+盈利(关注),C,谨慎：资金流入未验证业绩,46.2
002287,奇正藏药,19.41,-84.0,1.73,-12.1,-3.88,-4164490,-981753,-7475450,-285936,0,167138,缩量,低,情绪退潮,观望,资金观望型,,D,回避：资金观望,-1.3
002289,宇顺电子,33.21,-87.3,2.4,-28.3,-0.08,-327692,-17859071,-56338211,-794212,-1133074,2190187,缩量,低,情绪退潮,观望,资金撤退型,,D,回避：资金撤退,-0.0
002232,启明信息,16.51,312.2,0.81,396.3,4.5,74318720,93162659,125074261,16937858,21694895,-13367260,放量,低,游资情绪,吸筹,均衡流入型,资金+业绩共振(双击候选),B,关注：资金+业绩共振,73.5
002291,遥望科技,5.48,-59.0,0.71,-39.7,2.44,21280239,33237312,25670882,-5241811,-5034128,6159838,缩量,低,情绪退潮,观望,趋势转多型,,D,回避：资金观望,0.8
002292,奥飞娱乐,8.64,-56.4,1.78,-0.7,-3.05,-50057516,-50990843,-146157378,-10295256,-4803365,9234468,缩量,低,情绪退潮,观望,资金撤退型,,D,回避：资金撤退,-1.0
002293,罗莱生活,10.58,-88.9,0.59,-32.2,-17.2,-26022240,-35195605,-63699243,137570,-654830,2388287,缩量,低,情绪退潮,观望,资金撤退型,,D,回避：资金撤退,-5.7
002294,信立泰,30.59,-88.8,1.74,-18.5,-8.64,-84771343,-125502108,-256569460,-1241841,2622477,9564184,缩量,低,情绪退潮,观望,资金撤退型,,D,回避：资金撤退,-2.9
002295,精艺股份,9.79,-13.9,0.36,-28.4,-1.39,-5493140,-27499924,-8773287,209329,562435,-998487,缩量,低,情绪退潮,观望,资金观望型,,D,回避：资金观望,-0.5
002296,辉煌科技,9.46,-50.7,0.43,8.1,0.76,4178961,22015918,2536640,-3235671,-2679833,2294396,缩量,低,情绪退潮,观望,趋势转多型,,D,回避：资金观望,0.3
002297,博云新材,19.99,-69.3,0.23,-47.0,-0.45,-34655837,-402261712,768502114,-31662451,-23502251,44484005,缩量,低,情绪退潮,观望,长线吸筹型,,D,回避：资金观望,-0.1
002298,中电鑫龙,8.86,-61.1,0.6,36.7,-0.97,-18897452,135637046,74779122,-24583574,-16847644,24229546,缩量,低,情绪退潮,观望,资金观望型,,D,回避：资金观望,-0.3
002244,滨江集团,9.03,143.4,0.57,74.5,6.2,169881531,156784605,110629230,12679944,-18006435,-47853597,放量,中,主力偏强放量,进场,资金观望型,资金+业绩共振(双击候选),B,关注：资金+业绩共振,90.1
002300,太阳电缆,7.75,-71.0,0.83,-9.8,-3.42,-65172844,271045099,488787668,-8339643,-828848,8121161,缩量,低,情绪退潮,观望,高位分歧型,,D,回避：资金观望,-1.1
002301,齐心集团,8.66,-25.1,0.95,162.4,2.21,37092193,29374335,-12985450,-16057506,-12690016,10683639,缩量,低,情绪退潮,观望,资金观望型,,D,回避：资金观望,0.7
002302,西部建设,4.65,-80.4,0.66,-3.4,2.07,3387777,4732349,-1758125,-1752124,-624124,183901,缩量,低,情绪退潮,观望,趋势转多型,,D,回避：资金观望,0.7
002239,奥特佳,2.5,-55.4,0.63,-2.5,-4.04,-21264068,11037873,-10172462,4600180,7552285,-1765352,缩量,低,情绪退潮,吸筹,资金观望型,机构吸筹+盈利(关注),C,谨慎：资金流入未验证业绩,22.7
002304,洋河股份,36.98,-86.1,1.13,-25.7,-0.26,-1840688,3191832,-19317041,-1103810,-1126211,1661508,缩量,低,情绪退潮,观望,资金观望型,,D,回避：资金观望,-0.1
002307,北新路桥,2.92,-71.7,0.82,-14.7,-3.33,-8930371,-10503671,-31336911,-1001072,-2345251,1638559,缩量,低,情绪退潮,观望,资金撤退型,,D,回避：资金撤退,-1.1
002309,中利集团,2.8,-91.2,0.4,-13.4,-3.0,-28806948,-54492135,-69660874,-5187290,1109694,9072080,缩量,低,情绪退潮,观望,资金撤退型,,D,回避：资金撤退,-1.0
002310,东方新能,2.25,-85.5,0.42,-3.6,1.1,8367050,2525442,19166812,-749410,1477264,849428,缩量,低,情绪退潮,观望,资金观望型,,D,回避：资金观望,0.4
002311,海大集团,41.63,-78.4,0.74,-31.6,1.47,20475592,32180842,-4645975,-10694744,-5836127,1048220,缩量,低,情绪退潮,观望,趋势转多型,,D,回避：资金观望,0.5
002241,歌尔股份,23.11,-71.4,0.85,48.1,4.23,342984458,379227376,-473115219,81565011,14301080,-80716997,缩量,低,情绪退潮,进场,趋势转多型,资金+业绩共振(双击候选),B,关注：资金+业绩共振,73.4
002245,蔚蓝锂芯,16.44,-77.3,0.96,-2.9,-6.06,-233594730,-509217695,-322011276,55474009,47744720,-29811471,缩量,低,情绪退潮,吸筹,资金观望型,机构吸筹+盈利(关注),C,谨慎：资金流入未验证业绩,22.0
002314,南山控股,2.31,47.6,0.49,56.1,-0.4,-1965824,4430119,10574935,7707905,1934441,-2722627,缩量,低,情绪退潮,观望,资金观望型,,D,回避：资金观望,-0.1
002246,北化股份,25.88,11.9,0.63,117.6,-6.45,-311086033,-117548631,-306573955,63680693,70374601,-43061632,缩量,低,情绪退潮,吸筹,资金观望型,机构吸筹+盈利(关注),C,谨慎：资金流入未验证业绩,21.9
002250,联化科技,14.12,-85.9,1.03,-40.8,6.84,43734799,10331121,-17611651,-9028317,-7872027,9092688,缩量,中,主力惜售,进场,资金观望型,资金+业绩共振(双击候选),B,关注：资金+业绩共振,86.3
002317,众生药业,23.99,-74.7,0.98,5.0,-5.06,-105588277,-115338634,-12786787,-12911200,-9623400,-14139090,缩量,低,情绪退潮,观望,资金观望型,,D,回避：资金观望,-1.7
002262,恩华药业,22.83,54.2,1.08,27.0,-3.19,-30670872,-40769516,-58703142,46898997,68056133,2341076,放量,低,游资情绪,抢筹,资金撤退型,机构吸筹+盈利(关注),C,谨慎：资金流入未验证业绩,46.9
002319,乐通股份,10.23,-77.3,1.52,-18.0,-15.45,-46822208,-73395771,-120174264,1564112,-561249,-526644,缩量,低,情绪退潮,观望,资金撤退型,,D,回避：资金撤退,-5.1
002264,新 华 都,7.42,47.3,0.66,87.1,3.1,80934473,99385452,302316750,1294193,2497095,4707397,缩量,低,情绪退潮,进场,均衡流入型,资金+业绩共振(双击候选),B,关注：资金+业绩共振,73.0
002265,建设工业,19.14,-83.6,1.13,-63.9,-9.15,-66390223,-116226527,50032792,4139022,2723003,-2299065,缩量,低,情绪退潮,吸筹,长线吸筹型,机构吸筹+盈利(关注),C,谨慎：资金流入未验证业绩,20.9
002322,理工能科,11.88,-79.3,0.97,-27.2,4.01,10309474,-1423724,-61844068,-1731205,-898013,1833639,缩量,低,情绪退潮,观望,资金观望型,,D,回避：资金观望,1.3
002324,普利特,8.91,-80.9,0.36,-48.0,0.42,2522412,-17191043,7256718,-580141,-2446338,5188570,缩量,低,情绪退潮,观望,资金观望型,,D,回避：资金观望,0.1
002326,永太科技,16.39,-89.5,0.6,-19.7,-7.99,-73423858,-154070086,-286549822,2994366,-1495885,1273388,缩量,低,情绪退潮,观望,资金撤退型,,D,回避：资金撤退,-2.7
002327,富安娜,6.09,-83.3,0.52,-47.7,-4.73,-3225176,970075,-3066518,371127,0,237674,缩量,低,情绪退潮,观望,资金观望型,,D,回避：资金观望,-1.6
002328,新朋股份,8.26,-53.9,0.24,-46.0,-5.55,-125455988,-57649307,-106156050,-18219424,-10774721,23164644,缩量,低,情绪退潮,观望,资金观望型,,D,回避：资金观望,-1.8
002266,浙富控股,4.59,-82.7,0.37,3.4,-5.4,-69186572,-32750459,35424716,9343590,5978487,-5849671,缩量,低,情绪退潮,吸筹,高位分歧型,机构吸筹+盈利(关注),C,谨慎：资金流入未验证业绩,22.2
002273,水晶光电,24.9,-13.1,0.56,26.4,-4.41,-200203355,-371064475,-646182009,277548215,280259724,-128967127,缩量,低,情绪退潮,吸筹,资金撤退型,机构吸筹+盈利(关注),C,谨慎：资金流入未验证业绩,22.5
002278,神开股份,8.14,13.6,0.61,-60.2,8.23,43398756,29867897,43306988,-12772295,-8538289,10611465,缩量,中,主力惜售,进场,资金观望型,资金+业绩共振(双击候选),B,关注：资金+业绩共振,86.7
002332,仙琚制药,8.66,-67.2,1.68,-35.7,-6.5,-21993377,-27535573,-51765736,-5234541,-5552230,8066007,缩量,低,情绪退潮,观望,资金撤退型,,D,回避：资金撤退,-2.2
002285,世联行,2.89,298.6,0.34,229.0,3.69,183538315,351687839,489024714,2484758,18277056,14779596,放量,低,游资情绪,进场,主力建仓型,纯资金炒作(亏损风险),C,谨慎：纯资金炒作,21.2
002334,英威腾,6.45,-85.6,0.2,-39.0,-5.24,-13663717,-20719805,-21031914,459330,-176914,475834,缩量,低,情绪退潮,观望,资金撤退型,,D,回避：资金撤退,-1.7
002299,圣农发展,15.57,-84.0,0.81,-32.9,-5.26,-22896132,-29545458,-66566355,2509303,1497483,-673309,缩量,低,情绪退潮,吸筹,资金撤退型,机构吸筹+盈利(关注),C,谨慎：资金流入未验证业绩,22.2
002337,赛象科技,4.74,-65.1,0.68,47.1,-4.82,-14946825,-15835673,-24999624,1316758,0,-676862,缩量,低,情绪退潮,观望,资金撤退型,,D,回避：资金撤退,-1.6
002286,保龄宝,8.35,-19.6,0.6,-32.8,2.79,30468288,21492612,45923837,4200821,1353538,-6376433,缩量,低,情绪退潮,进场,资金观望型,资金+业绩共振(双击候选),B,关注：资金+业绩共振,72.9
002290,禾盛新材,68.84,-70.5,0.39,41.8,5.64,189824550,177039708,342756916,9852779,15214102,-7996649,缩量,中,主力惜售,吸筹,资金观望型,资金+业绩共振(双击候选),B,关注：资金+业绩共振,77.9
002312,川发龙蟒,8.17,-81.2,0.46,-60.6,-11.93,-78677784,-103817026,-100283909,4153348,3688556,-2603509,缩量,低,情绪退潮,吸筹,资金观望型,机构吸筹+盈利(关注),C,谨慎：资金流入未验证业绩,20.0
002303,美盈森,7.01,46.8,5.14,186.5,3.3,150979271,308273245,226200614,83991184,73162339,-50472320,缩量,低,情绪退潮,吸筹,趋势转多型,资金+业绩共振(双击候选),B,关注：资金+业绩共振,65.1
002343,慈文传媒,5.63,-56.0,0.79,-61.0,-0.95,-3272994,-10775191,62205331,-1403638,-546832,1757934,缩量,低,情绪退潮,观望,长线吸筹型,,D,回避：资金观望,-0.3
002344,海宁皮城,3.98,-59.4,0.54,-24.7,-2.2,-2976643,-16106074,-32188675,-527887,534600,-1753931,缩量,低,情绪退潮,观望,资金撤退型,,D,回避：资金撤退,-0.7
002345,潮宏基,8.19,-88.3,0.94,-53.0,-5.16,-19935041,-34054897,-122793338,-2064722,-3877272,1486546,缩量,低,情绪退潮,观望,资金撤退型,,D,回避：资金撤退,-1.7
002346,柘中股份,18.05,-87.3,2.89,-7.9,-3.97,-19219198,4745241,62584041,-773662,0,-1312523,缩量,低,情绪退潮,观望,高位分歧型,,D,回避：资金观望,-1.3
002316,亚联发展,4.95,63.3,0.53,-7.2,1.42,4981089,-30428451,-20390607,46723414,60411353,-22071025,放量,低,游资情绪,抢筹,资金观望型,资金+业绩共振(双击候选),B,关注：资金+业绩共振,88.5
002313,日海智能,8.79,3.9,0.27,199.1,7.27,95920845,94780594,73710062,-10156696,-7132527,25113564,缩量,中,主力惜售,进场,资金观望型,纯资金炒作(亏损风险),C,谨慎：纯资金炒作,26.4
002315,焦点科技,24.76,-79.8,0.75,13.9,5.37,54350398,29063271,17013045,-8854256,-9325038,8503892,缩量,中,主力惜售,进场,资金观望型,资金+业绩共振(双击候选),B,关注：资金+业绩共振,85.8
002350,北京科锐,13.5,-96.3,0.51,-33.0,-20.71,-61024682,-87203701,-81289209,185187,815333,-1356741,缩量,低,情绪退潮,观望,资金观望型,,D,回避：资金观望,-6.9
002351,漫步者,9.84,-86.5,1.31,-8.9,-7.34,-15090951,-4707251,-27781416,315957,0,-1707234,缩量,低,情绪退潮,观望,资金观望型,,D,回避：资金观望,-2.4
002352,顺丰控股,30.58,-82.2,0.66,-14.4,-1.0,-15323590,104521776,-135169627,6320549,-6039453,3476174,缩量,低,情绪退潮,观望,资金观望型,,D,回避：资金观望,-0.3
002353,杰瑞股份,109.99,-86.1,0.95,-7.5,-8.13,-693292287,31737962,36051977,-10826427,-8082477,14245174,缩量,低,情绪退潮,观望,资金观望型,,D,回避：资金观望,-2.7
002354,天娱数科,7.24,-86.6,2.23,-49.4,-4.44,-213143833,-231493306,-183382422,-27637937,-15986888,31531688,缩量,低,情绪退潮,观望,资金观望型,,D,回避：资金观望,-1.5
002355,兴民智通,4.64,-86.7,0.51,-28.1,0.04,80042,-15556098,-12455694,-88634,-852145,128527,缩量,低,情绪退潮,观望,资金观望型,,D,回避：资金观望,0.0
002356,鹏飞绿能,2.66,-74.4,0.28,-15.0,-7.08,-10790267,-14911643,-31500414,-1607521,-148545,1281532,缩量,低,情绪退潮,观望,资金撤退型,,D,回避：资金撤退,-2.4
002357,富临运业,11.53,-83.0,0.53,-44.6,-0.6,-1870022,19150169,92772724,2469768,16904,-2093192,缩量,低,情绪退潮,观望,高位分歧型,,D,回避：资金观望,-0.2
002358,森源电气,5.13,-92.0,0.61,-16.8,-8.08,-19044134,-20719689,-31770280,909197,51052,-552991,缩量,低,情绪退潮,观望,资金撤退型,,D,回避：资金撤退,-2.7
002361,神剑股份,9.74,-65.2,0.21,-26.8,-0.86,-28251416,1568021,62705488,-2869976,2073043,13392296,缩量,低,情绪退潮,观望,资金观望型,,D,回避：资金观望,-0.3
002318,久立特材,17.71,-84.7,0.68,-39.3,5.82,27289850,46218260,23002335,5246389,6146846,-356753,缩量,中,主力惜售,吸筹,短线抢筹型,资金+业绩共振(双击候选),B,关注：资金+业绩共振,77.9
002363,隆基机械,7.03,-31.6,0.47,-9.6,1.08,1456758,4319541,-1918533,-638165,571755,319282,缩量,低,情绪退潮,观望,趋势转多型,,D,回避：资金观望,0.4
002364,中恒电气,32.61,-94.8,0.77,-34.5,-8.19,-177946214,-226052721,-444983041,-1720185,-471198,9748135,缩量,低,情绪退潮,观望,资金撤退型,,D,回避：资金撤退,-2.7
002365,永安药业,13.42,-62.6,2.51,-48.2,-0.34,-4513783,-66298614,-177181463,-356250,935485,1551251,缩量,低,情绪退潮,观望,资金撤退型,,D,回避：资金撤退,-0.1
002366,融发核电,5.48,-95.2,0.93,-60.1,-7.59,-31399417,-73948678,-196211409,-656533,-858099,297417,缩量,低,情绪退潮,观望,资金撤退型,,D,回避：资金撤退,-2.5
002367,康力电梯,6.1,6.9,0.93,179.8,-1.22,-12886484,24535727,11891010,-1668240,3579496,993196,缩量,低,情绪退潮,观望,资金观望型,,D,回避：资金观望,-0.4
002320,海峡股份,6.32,-62.8,0.65,-58.7,-4.69,-52932914,-112721135,97416990,1788353,3344394,-794456,缩量,低,情绪退潮,吸筹,长线吸筹型,机构吸筹+盈利(关注),C,谨慎：资金流入未验证业绩,22.4
002369,卓翼科技,5.55,-90.0,1.62,-42.5,-0.93,-1801689,-12239940,-60347468,-482029,1201768,1994123,缩量,低,情绪退潮,观望,资金撤退型,,D,回避：资金撤退,-0.3
002370,亚太药业,5.19,-84.2,1.45,-41.4,-6.85,-20069090,-22836719,34851396,1094977,1611613,3167623,缩量,低,情绪退潮,观望,长线吸筹型,,D,回避：资金观望,-2.3
002371,北方华创,626.47,-89.0,1.38,2.2,-2.91,-367745164,1030735854,293462782,-2993221,-7402710,-191972,缩量,低,情绪退潮,观望,资金观望型,,D,回避：资金观望,-1.0
002321,华英农业,2.03,88.6,0.83,165.2,6.27,83859500,215552568,193142638,-6391246,-8475883,3884332,放量,中,主力偏强放量,进场,短线抢筹型,纯资金炒作(亏损风险),C,谨慎：纯资金炒作,30.1
002373,千方科技,7.35,-86.9,0.75,-21.7,-1.75,-5829973,-15291967,-59878158,538350,-882473,-342681,缩量,低,情绪退潮,观望,资金撤退型,,D,回避：资金撤退,-0.6
002374,中锐股份,3.3,-60.5,1.15,48.4,-1.83,-6759688,-525858,-23965657,-3413177,-669337,3929775,缩量,低,情绪退潮,观望,资金观望型,,D,回避：资金观望,-0.6
002329,皇氏集团,3.66,-85.9,1.3,-42.7,10.03,34721175,22153442,18053202,-1238252,-690664,-60287,缩量,高,主力控盘,控盘,资金观望型,控盘+亏损(警惕),C,谨慎：控盘但亏损,27.3
002376,新北洋,6.54,-80.5,1.1,5.4,-2.15,-5993189,-2590941,-23200971,-369065,559621,347874,缩量,低,情绪退潮,观望,资金观望型,,D,回避：资金观望,-0.7
002377,国创高新,2.97,-4.6,0.41,-31.9,-0.79,-4484108,-40199749,-50914846,10146187,7220117,-8683301,缩量,低,情绪退潮,观望,资金撤退型,,D,回避：资金撤退,-0.3
002378,章源钨业,21.22,-93.3,0.32,-12.4,-13.22,-172421285,-161273934,-413717163,2443919,6481487,355050,缩量,低,情绪退潮,观望,资金观望型,,D,回避：资金观望,-4.4
002379,宏桥控股,16.19,-93.8,1.83,-48.6,-3.88,-65688363,-95876278,-62187467,-9125741,-4030519,3070932,缩量,低,情绪退潮,观望,资金观望型,,D,回避：资金观望,-1.3
002380,科远智慧,26.69,-91.7,0.52,-40.7,-3.77,-10228792,25069408,40352849,288703,0,193066,缩量,低,情绪退潮,观望,高位分歧型,,D,回避：资金观望,-1.3
002381,双箭股份,5.63,-71.7,0.54,-30.1,0.62,453869,2144861,-261065,-441734,0,130385,缩量,低,情绪退潮,观望,趋势转多型,,D,回避：资金观望,0.2
002330,得利斯,4.1,-55.0,1.18,-32.4,5.03,7977817,12606130,15494370,1932097,677667,-5100133,缩量,中,主力惜售,进场,主力建仓型,纯资金炒作(亏损风险),C,谨慎：纯资金炒作,25.7
002383,合众思壮,7.9,1.5,0.49,16.7,-1.56,-19826570,135186231,267904259,-8364174,-1802988,16509665,缩量,低,情绪退潮,观望,高位分歧型,,D,回避：资金观望,-0.5
002384,东山精密,169.01,-90.5,1.18,-11.0,-11.31,-3978622207,-3495754646,-5450937534,-282407592,-300983386,215003468,缩量,低,情绪退潮,观望,资金观望型,,D,回避：资金观望,-3.8
002385,大北农,3.07,-79.1,0.98,-66.8,-12.31,-81271361,-130371647,-114469188,-10548797,-9790726,6221100,缩量,低,情绪退潮,观望,资金观望型,,D,回避：资金观望,-4.1
002386,天原股份,5.83,-75.7,0.2,-1.8,-9.26,-31478600,-34801043,-43819968,286863,1459122,884349,缩量,低,情绪退潮,观望,资金撤退型,,D,回避：资金撤退,-3.1
002333,罗普斯金,5.4,-46.9,0.63,69.0,5.86,24877930,32135175,-4719878,-3313755,-1813263,494758,缩量,中,主力惜售,进场,短线抢筹型,资金+业绩共振(双击候选),B,关注：资金+业绩共振,86.0
002335,科华数据,30.32,-71.8,0.31,84.9,7.45,410962165,337640695,226383038,-5984963,-6672547,5157630,缩量,中,主力惜售,进场,资金观望型,资金+业绩共振(双击候选),B,关注：资金+业绩共振,86.5
002389,航天彩虹,18.23,-78.7,0.6,-52.2,-7.01,-61696479,-249676558,-198235326,10913851,5904556,-8456961,缩量,低,情绪退潮,观望,资金观望型,,D,回避：资金观望,-2.3
002390,信邦制药,2.94,-77.0,0.75,-22.1,-1.41,-3985885,2781183,5568105,-2073485,-1977965,3901218,缩量,低,情绪退潮,观望,资金观望型,,D,回避：资金观望,-0.5
002391,长青股份,5.15,-79.2,0.69,-29.7,-3.04,-4503968,13744277,3197241,-885386,-1874044,1655406,缩量,低,情绪退潮,观望,资金观望型,,D,回避：资金观望,-1.0
002392,北京利尔,7.46,-78.5,0.22,-30.9,-7.81,-19421746,-34499248,-89316036,-850022,517058,803956,缩量,低,情绪退潮,观望,资金撤退型,,D,回避：资金撤退,-2.6
002393,力生制药,14.02,-81.0,0.95,-22.7,-5.92,-5609284,-924488,-9962616,319999,0,1508926,缩量,低,情绪退潮,观望,资金观望型,,D,回避：资金观望,-2.0
002394,联发股份,10.36,-56.9,0.37,-17.1,-2.94,-7689867,-17433376,-15709970,1587453,781786,-3518837,缩量,低,情绪退潮,观望,资金观望型,,D,回避：资金观望,-1.0
002331,皖通科技,6.91,-61.7,0.24,-0.2,0.33,753998,-11810942,-45057052,285386,7064,-1267036,缩量,低,情绪退潮,进场,资金观望型,纯资金炒作(亏损风险),C,谨慎：纯资金炒作,12.1
002396,星网锐捷,32.94,-89.3,3.83,-16.6,-8.11,-722820916,-410761659,-923895314,-17433210,-9971445,17103573,缩量,低,情绪退潮,观望,资金观望型,,D,回避：资金观望,-2.7
002397,梦洁股份,3.57,-72.9,0.25,-37.4,-6.22,-11744716,-33066614,-18922790,-3713875,-60776,2105923,缩量,低,情绪退潮,观望,资金观望型,,D,回避：资金观望,-2.1
002398,垒知集团,4.22,-59.3,0.86,6.4,-0.17,-362766,7997257,20997220,-189653,-670214,1664655,缩量,低,情绪退潮,观望,高位分歧型,,D,回避：资金观望,-0.1
002339,积成电子,7.23,-44.1,0.68,148.7,-4.58,-39829543,41571631,10573929,3806566,4018006,-1590422,缩量,低,情绪退潮,吸筹,资金观望型,机构吸筹+盈利(关注),C,谨慎：资金流入未验证业绩,22.5
002400,省广集团,6.39,-84.6,0.48,-32.5,-4.04,-60162094,-78209567,-323131619,-23751514,-11890842,20003382,缩量,低,情绪退潮,观望,资金撤退型,,D,回避：资金撤退,-1.3
002401,中远海科,12.06,-82.6,0.37,-39.5,-5.59,-5694347,1533988,4554095,-491635,0,254220,缩量,低,情绪退潮,观望,资金观望型,,D,回避：资金观望,-1.9
002402,和而泰,17.79,-87.6,0.53,-4.4,-8.2,-88233547,-104389914,-339899685,-8355499,-13356442,1083024,缩量,低,情绪退潮,观望,资金撤退型,,D,回避：资金撤退,-2.7
002403,爱仕达,10.27,42.5,0.68,-48.5,-1.79,-16523822,-113934831,66943924,-1898431,810661,3124738,缩量,低,情绪退潮,观望,长线吸筹型,,D,回避：资金观望,-0.6
002404,嘉欣丝绸,5.78,-72.4,0.6,-22.5,-6.49,-10434862,-9636453,-29353663,-2017951,-574609,550335,缩量,低,情绪退潮,观望,资金观望型,,D,回避：资金观望,-2.2
002342,巨力索具,8.54,1.5,0.12,75.6,9.99,568663193,544988035,664039962,-15707526,13094428,-1709460,缩量,中,主力惜售,吸筹,资金观望型,资金+业绩共振(双击候选),B,关注：资金+业绩共振,79.3
002406,远东传动,6.46,-74.3,0.24,-34.1,-4.01,-9103318,-5858618,-30405637,1598559,-860304,-519600,缩量,低,情绪退潮,观望,资金观望型,,D,回避：资金观望,-1.3
002407,多氟多,29.88,-93.2,1.03,-32.6,-13.33,-808704049,-944402475,-2862336501,-15427658,-6887838,21043103,缩量,低,情绪退潮,观望,资金撤退型,,D,回避：资金撤退,-4.4
002408,齐翔腾达,5.22,-72.9,0.56,-41.0,-4.26,-15153352,-6278585,-14788246,3463790,1384175,-2669451,缩量,低,情绪退潮,观望,资金观望型,,D,回避：资金观望,-1.4
002409,雅克科技,122.7,-93.6,3.69,-3.9,-4.19,-253459657,67763957,-459434782,1983230,12359516,31665578,缩量,低,情绪退潮,观望,资金观望型,,D,回避：资金观望,-1.4
002410,广联达,8.43,-82.0,0.67,-34.6,-11.96,-73585166,-79059572,-94966154,-2918614,-1877750,7334959,缩量,低,情绪退潮,观望,资金撤退型,,D,回避：资金撤退,-4.0
002338,奥普光电,42.79,-83.3,0.73,117.8,5.23,69774248,80899699,40007902,650913,4184052,-711142,缩量,中,主力惜售,吸筹,趋势转多型,资金+业绩共振(双击候选),B,关注：资金+业绩共振,77.7
002340,格林美,6.09,-84.5,0.25,-19.5,-11.95,-139514815,-209193358,-510279745,12159615,8734068,-115123,缩量,低,情绪退潮,吸筹,资金撤退型,机构吸筹+盈利(关注),C,谨慎：资金流入未验证业绩,20.0
002414,高德红外,11.21,-93.1,0.94,-31.3,-13.5,-225636099,-387051551,-695277617,-28104377,-23911092,21775277,缩量,低,情绪退潮,观望,资金撤退型,,D,回避：资金撤退,-4.5
002415,海康威视,32.28,-91.9,1.25,-37.4,-2.78,-114625389,3578474,-2236374884,-18284781,-1870606,13107845,缩量,低,情绪退潮,观望,资金观望型,,D,回避：资金观望,-0.9
002416,爱施德,8.89,-90.5,0.57,-39.5,-7.43,-29932669,-21875629,-66247117,-3678956,-2556783,-299061,缩量,低,情绪退潮,观望,资金观望型,,D,回避：资金观望,-2.5
002418,康盛股份,4.44,-49.4,0.22,-72.4,-2.85,-34337162,-61729634,-721178799,13009545,9953208,-14972353,缩量,低,情绪退潮,观望,资金撤退型,,D,回避：资金撤退,-1.0
002348,高乐股份,10.73,-91.1,0.67,-6.4,1.67,9111243,-22926328,-5328724,882775,-661624,-1101518,缩量,低,情绪退潮,进场,资金观望型,纯资金炒作(亏损风险),C,谨慎：纯资金炒作,12.6
002347,泰尔股份,6.43,177.2,0.52,72.8,11.61,168661947,169756050,127010165,-2797483,-2300105,3653598,放量,高,主力主导放量🔥(最强),进场,趋势转多型,纯资金炒作(亏损风险),C,谨慎：纯资金炒作,35.9
002421,达实智能,3.13,-78.4,2.7,-24.0,3.04,48711987,57189673,-43753215,-16717374,-12692764,11381555,缩量,低,情绪退潮,观望,趋势转多型,,D,回避：资金观望,1.0
002422,科伦药业,40.68,-81.2,4.09,27.1,-1.67,-56468645,-182752440,-281927335,24514185,23946786,1459448,缩量,低,情绪退潮,观望,资金撤退型,,D,回避：资金撤退,-0.6
002423,中粮资本,9.15,-86.9,0.98,-51.9,-4.31,-15126117,-29334695,-126577410,355829,1352858,795315,缩量,低,情绪退潮,观望,资金撤退型,,D,回避：资金撤退,-1.4
002425,凯撒文化,3.08,-78.7,1.78,-48.5,-0.5,-1927593,-15721672,30543350,-6019542,-3110259,3313831,缩量,低,情绪退潮,观望,长线吸筹型,,D,回避：资金观望,-0.2
002349,精华制药,8.58,198.1,0.79,-22.8,-1.55,-37347999,108147620,703300273,22176157,26939842,-5351112,放量,低,游资情绪,抢筹,高位分歧型,机构吸筹+盈利(关注),C,谨慎：资金流入未验证业绩,47.5
002427,尤夫股份,4.52,-81.7,0.45,-60.5,-1.54,-2232237,-8484389,-40404651,-717992,-994906,-228001,缩量,低,情绪退潮,观望,资金撤退型,,D,回避：资金撤退,-0.5
002362,汉王科技,15.81,-41.6,0.76,78.0,-4.46,-19372610,20277516,26151496,-940210,2175135,-225987,缩量,低,情绪退潮,吸筹,资金观望型,纯资金炒作(亏损风险),C,谨慎：纯资金炒作,2.5
002429,兆驰股份,8.03,-85.8,0.36,20.0,-2.3,-42725011,7335157,-92631748,-11915656,-15176660,6014367,缩量,低,情绪退潮,观望,资金观望型,,D,回避：资金观望,-0.8
002368,太极股份,12.57,-81.8,0.43,-17.3,-9.45,-35375812,-56395047,-73710418,1425339,1941933,-1924775,缩量,低,情绪退潮,吸筹,资金撤退型,纯资金炒作(亏损风险),C,谨慎：纯资金炒作,0.9
002432,九安医疗,60.67,-92.9,1.06,-36.4,-7.65,-210318788,-93408934,-174976821,7881465,5151282,-13329978,缩量,低,情绪退潮,观望,资金观望型,,D,回避：资金观望,-2.6
002372,伟星新材,8.34,-66.0,1.13,-9.1,-3.69,-10887823,-16912372,-49843798,1489526,3067405,-680966,缩量,低,情绪退潮,吸筹,资金撤退型,机构吸筹+盈利(关注),C,谨慎：资金流入未验证业绩,22.8
002375,亚厦股份,3.85,-45.3,0.4,18.5,4.0,18483090,30865669,34800289,762300,1531924,11205,缩量,低,情绪退潮,进场,主力建仓型,资金+业绩共振(双击候选),B,关注：资金+业绩共振,73.3
002437,誉衡药业,3.57,-45.9,2.75,-43.3,-5.79,-187113532,-193054525,-633819517,33710296,30810140,-31743269,缩量,低,情绪退潮,观望,资金撤退型,,D,回避：资金撤退,-1.9
002382,蓝帆医疗,6.26,-47.2,0.57,40.4,4.24,21131357,-4023405,-12593337,2543155,1200479,-249452,缩量,低,情绪退潮,吸筹,资金观望型,纯资金炒作(亏损风险),C,谨慎：纯资金炒作,5.4
002439,启明星辰,14.67,-39.5,0.46,83.2,0.18,4383631,66162076,-37702307,-37551392,-35600297,17118314,缩量,低,情绪退潮,观望,趋势转多型,,D,回避：资金观望,0.1
002387,维信诺,6.74,-75.7,1.4,-7.9,-14.09,-38267445,-36541808,-49243620,3488912,4035647,-3919543,缩量,低,情绪退潮,吸筹,资金观望型,纯资金炒作(亏损风险),C,谨慎：纯资金炒作,-0.7
002405,四维图新,5.92,-85.5,0.57,-31.1,-8.04,-43919436,-36314631,-34485924,3667570,5217870,-1717633,缩量,低,情绪退潮,吸筹,资金观望型,机构吸筹+盈利(关注),C,谨慎：资金流入未验证业绩,21.3
002388,新亚制程,9.1,1.9,2.33,172.7,0.05,1011528,164418615,206250453,57744099,75054746,-29122737,缩量,低,情绪退潮,吸筹,均衡流入型,纯资金炒作(亏损风险),C,谨慎：纯资金炒作,4.0
002399,海普瑞,9.86,-76.5,1.21,-8.5,3.15,4471460,1985880,-6884198,384822,0,-100994,缩量,低,情绪退潮,进场,资金观望型,资金+业绩共振(双击候选),B,关注：资金+业绩共振,73.0
002395,双象股份,13.65,15.3,0.16,67.4,7.83,81777728,81242017,84627542,-2487253,-882177,4053364,缩量,中,主力惜售,进场,资金观望型,资金+业绩共振(双击候选),B,关注：资金+业绩共振,86.6
002413,雷科防务,8.79,2.0,0.36,161.7,6.73,515189860,452129620,459990906,2327129,20703026,5353235,缩量,中,主力惜售,进场,资金观望型,纯资金炒作(亏损风险),C,谨慎：纯资金炒作,26.2
002430,杭氧股份,24.69,-70.5,0.47,-52.4,-7.53,-71205722,-148673577,-595086132,25369693,18629851,-12439321,缩量,低,情绪退潮,吸筹,资金撤退型,机构吸筹+盈利(关注),C,谨慎：资金流入未验证业绩,21.5
002419,天虹股份,4.63,-72.4,0.49,-38.0,8.86,16766671,9688672,25584677,2347209,0,-3618932,缩量,中,主力惜售,进场,资金观望型,资金+业绩共振(双击候选),B,关注：资金+业绩共振,87.0
002412,汉森制药,9.27,22.1,1.46,-27.3,-6.6,-121133401,-98427052,-276776261,19517865,21688058,-16689777,缩量,低,情绪退潮,吸筹,资金观望型,机构吸筹+盈利(关注),C,谨慎：资金流入未验证业绩,21.8
002420,毅昌科技,6.08,-76.1,0.58,-24.8,1.26,1806761,10693768,7803088,2012363,2648675,-1766216,缩量,低,情绪退潮,吸筹,趋势转多型,资金+业绩共振(双击候选),B,关注：资金+业绩共振,64.4
002426,胜利精密,2.58,-55.0,0.51,154.9,7.82,206035370,131750753,101240446,-17172535,-5931992,21600485,缩量,中,主力惜售,进场,资金观望型,纯资金炒作(亏损风险),C,谨慎：纯资金炒作,26.6
002453,华软科技,4.84,167.0,0.14,881.2,-1.11,-18562952,110497382,101777348,-4548638,-171494,6280141,放量,低,游资情绪,观望,资金观望型,,D,回避：资金观望,7.6
002436,兴森科技,41.43,-67.6,0.86,-7.8,1.74,367107632,1690085766,3162545991,27250200,36335457,9993143,缩量,低,情绪退潮,进场,均衡流入型,资金+业绩共振(双击候选),B,关注：资金+业绩共振,72.6
002455,百川股份,6.84,-81.0,0.44,-44.1,2.88,14885706,-2301489,-206194135,-4466379,-4977485,1148973,缩量,低,情绪退潮,观望,资金观望型,,D,回避：资金观望,1.0
002434,万里扬,6.23,-50.2,0.62,27.3,9.52,43071025,42011802,17714848,-4660609,-1857445,768068,缩量,中,主力惜售,进场,资金观望型,资金+业绩共振(双击候选),B,关注：资金+业绩共振,87.2
002457,青龙管业,11.23,-70.9,1.41,-67.1,-6.98,-51113756,-132105046,-129207992,4760564,1937906,-12551663,缩量,低,情绪退潮,观望,资金观望型,,D,回避：资金观望,-2.3
002458,益生股份,8.07,-90.8,2.39,-58.2,1.43,10416407,-22174505,-83373146,-5867243,-5294982,5392875,缩量,低,情绪退潮,观望,资金观望型,,D,回避：资金观望,0.5
002459,晶澳科技,6.64,-82.5,0.48,-12.8,-4.28,-28136183,-31000498,-89220224,1506204,2165803,1922683,缩量,低,情绪退潮,观望,资金撤退型,,D,回避：资金撤退,-1.4
002438,江苏神通,13.81,-81.8,0.9,-45.8,0.62,1850131,2371719,-49351925,964056,669471,382053,缩量,低,情绪退潮,进场,趋势转多型,资金+业绩共振(双击候选),B,关注：资金+业绩共振,72.2
002461,珠江啤酒,8.34,-82.4,0.44,-2.9,-4.02,-6879561,-8896307,-17266560,254787,0,805931,缩量,低,情绪退潮,观望,资金撤退型,,D,回避：资金撤退,-1.3
002462,嘉事堂,12.24,-80.3,1.0,-4.8,-5.8,-6182325,-7646078,-9592846,-1859538,0,3109745,缩量,低,情绪退潮,观望,资金撤退型,,D,回避：资金撤退,-1.9
002463,沪电股份,115.95,-80.2,1.18,-9.8,-0.59,-130389965,-1122313447,-1171561807,-189144297,-146822623,139282348,缩量,低,情绪退潮,观望,资金撤退型,,D,回避：资金撤退,-0.2
002465,海格通信,10.03,-84.0,0.46,6.2,3.72,79237496,55052132,-6945151,-4502138,-5168830,7702702,缩量,低,情绪退潮,观望,资金观望型,,D,回避：资金观望,1.2
002466,天齐锂业,40.43,-87.1,0.31,-24.8,-10.38,-452405195,-539972925,-1706815571,-9602575,-6524515,20816523,缩量,低,情绪退潮,观望,资金撤退型,,D,回避：资金撤退,-3.5
002428,云南锗业,88.11,-76.9,0.74,10.5,-4.87,-708357546,-38753829,-1218320560,133509585,130949070,-101827919,缩量,低,情绪退潮,吸筹,资金观望型,机构吸筹+盈利(关注),C,谨慎：资金流入未验证业绩,22.4
002468,申通快递,14.74,-86.8,0.92,17.9,-0.72,-4514783,26711430,-3445865,-540217,-606412,3915423,缩量,低,情绪退潮,观望,资金观望型,,D,回避：资金观望,-0.2
002441,众业达,8.23,-62.4,0.38,-26.1,5.65,6746757,5053349,-95067,2541743,577485,-2676160,缩量,中,主力惜售,进场,资金观望型,资金+业绩共振(双击候选),B,关注：资金+业绩共振,85.9
002470,金正大,1.99,-59.6,0.21,-62.9,-6.58,-60620020,-138049065,167474723,570114,72274,1567934,缩量,低,情绪退潮,观望,长线吸筹型,,D,回避：资金观望,-2.2
002471,中超控股,5.21,-72.4,0.35,32.3,-0.93,-16955204,163810200,154055719,-4938171,-1280152,5040814,缩量,低,情绪退潮,观望,资金观望型,,D,回避：资金观望,-0.3
002472,双环传动,38.34,-85.4,1.13,-33.8,-1.31,-45533403,-35483923,510977210,-1266859,-5472410,602952,缩量,低,情绪退潮,观望,长线吸筹型,,D,回避：资金观望,-0.4
002474,榕基软件,6.33,-15.0,0.66,14.7,4.74,38361150,40856914,37647831,-26404874,-20549162,9183501,缩量,低,情绪退潮,观望,趋势转多型,,D,回避：资金观望,1.6
002475,立讯精密,49.72,-84.7,0.52,-26.9,-9.53,-1383501356,-2163940122,-4475168928,-243578326,-275541398,169631573,缩量,低,情绪退潮,观望,资金撤退型,,D,回避：资金撤退,-3.2
002476,新叶股份,4.84,-81.5,0.54,-30.0,2.86,4142382,-6219240,-15990154,-821748,63928,1219002,缩量,低,情绪退潮,观望,资金观望型,,D,回避：资金观望,1.0
002478,常宝股份,6.31,-84.7,0.36,-42.0,-0.58,-3292071,-34464341,-26832045,-1486839,-585194,1817906,缩量,低,情绪退潮,观望,资金观望型,,D,回避：资金观望,-0.2
002479,富春环保,5.77,-82.0,1.08,-32.5,-3.08,-7428030,-57904294,-114290638,-924764,0,3733398,缩量,低,情绪退潮,观望,资金撤退型,,D,回避：资金撤退,-1.0
002440,闰土股份,13.25,-61.7,1.53,-18.4,9.57,212613080,265828100,40174319,1559291,-4649705,3769456,缩量,中,主力惜售,进场,短线抢筹型,资金+业绩共振(双击候选),B,关注：资金+业绩共振,87.2
002481,双塔食品,4.23,-74.6,0.94,-59.6,-2.23,-3895030,-10122057,-2752112,-1265308,0,896718,缩量,低,情绪退潮,观望,资金观望型,,D,回避：资金观望,-0.7
002482,广田集团,1.36,-5.4,0.67,63.4,3.97,19820467,73040202,37646818,-3740893,-1902527,901824,缩量,低,情绪退潮,观望,趋势转多型,,D,回避：资金观望,1.3
002483,润邦股份,5.86,-55.6,1.02,-58.7,-0.41,-1350779,-22679929,78135257,5519784,1977135,-4247873,缩量,低,情绪退潮,观望,长线吸筹型,,D,回避：资金观望,-0.1
002484,江海股份,51.46,-87.6,1.72,-22.7,-5.41,-392950441,122070185,292003914,-37749519,-19924805,40905264,缩量,低,情绪退潮,观望,资金观望型,,D,回避：资金观望,-1.8
002486,嘉麟杰,2.68,-68.2,0.62,-46.7,-2.45,-5831814,21688265,-85033093,-1498984,-2157642,365419,缩量,低,情绪退潮,观望,资金观望型,,D,回避：资金观望,-0.8
002487,大金重工,43.4,66.1,0.77,169.5,-0.08,-11777296,466799506,911961773,-18126597,-26830306,20705108,放量,低,游资情绪,观望,资金观望型,,D,回避：资金观望,8.0
002488,金固股份,7.24,-86.6,0.66,-16.7,-15.21,-57299183,-75583994,-146923109,114516,-714774,857686,缩量,低,情绪退潮,观望,资金撤退型,,D,回避：资金撤退,-5.1
002489,浙江永强,2.91,-56.6,0.2,192.0,-3.25,-12692486,54682840,59702022,-1427057,1295981,3511966,缩量,低,情绪退潮,观望,资金观望型,,D,回避：资金观望,-1.1
002490,山东墨龙,6.9,-94.6,0.73,-74.2,-7.24,-32547820,-51944393,-186232236,-4184228,761090,5631854,缩量,低,情绪退潮,观望,资金撤退型,,D,回避：资金撤退,-2.4
002491,通鼎互联,20.42,-71.7,1.41,27.6,-6.96,-969984804,427423311,-234164177,-65865006,-30570762,96911630,缩量,低,情绪退潮,观望,资金观望型,,D,回避：资金观望,-2.3
002443,金洲管道,12.69,-33.2,0.4,44.6,-9.81,-208281557,-431575875,-351975284,-7483831,-5210811,5562932,缩量,低,情绪退潮,观望,资金观望型,,D,回避：资金观望,-3.3
002442,龙星科技,5.33,-19.9,0.43,257.4,-0.41,-2652123,-33838067,-40499702,-1082132,-764288,2531832,缩量,低,情绪退潮,观望,资金撤退型,,D,回避：资金撤退,-0.1
002444,巨星科技,26.78,-89.6,0.74,0.9,1.27,11264554,-11562991,279072,-429114,-685663,5439738,缩量,低,情绪退潮,观望,资金观望型,,D,回避：资金观望,0.4
002495,佳隆股份,2.42,-66.5,0.77,-16.6,0.55,1013178,8880781,20401025,-1509414,-2674620,-105032,缩量,低,情绪退潮,观望,均衡流入型,,D,回避：资金观望,0.2
002445,中南文化,3.1,-82.3,0.17,-39.8,-2.72,-14895620,-1479432,-33755487,-4451516,-2406931,3925035,缩量,低,情绪退潮,观望,资金观望型,,D,回避：资金观望,-0.9
002497,雅化集团,15.75,-89.9,0.5,-36.6,-8.85,-119384054,-187513600,-465814395,-6212927,-2110738,11289768,缩量,低,情绪退潮,观望,资金撤退型,,D,回避：资金撤退,-2.9
002449,国星光电,6.59,-50.5,0.51,-8.3,-12.04,-26267833,-21472960,-52305082,5257798,2213029,-5162642,缩量,低,情绪退潮,观望,资金观望型,,D,回避：资金观望,-4.0
002500,山西证券,5.16,-85.7,0.84,-33.0,-7.5,-28323775,-7116337,-30701518,441945,775461,162365,缩量,低,情绪退潮,观望,资金观望型,,D,回避：资金观望,-2.5
002446,盛路通信,7.69,-90.2,0.65,-1.3,-3.49,-30107492,-44594005,-124825055,-1044671,-1087911,1313503,缩量,低,情绪退潮,观望,资金撤退型,,D,回避：资金撤退,-1.2
002452,长高电气,11.54,-82.8,0.6,-45.2,-10.5,-41287987,-43714611,-154451972,2242620,450228,-3237678,缩量,低,情绪退潮,观望,资金撤退型,,D,回避：资金撤退,-3.5
002448,中原内配,10.86,-77.7,0.63,-41.7,-10.13,-44354617,-63860674,-74450077,7425688,812985,-12215807,缩量,低,情绪退潮,观望,资金撤退型,,D,回避：资金撤退,-3.4
002508,老板电器,16.59,-84.9,0.82,-21.7,1.24,5552577,-3673945,152916939,-458325,1646000,972726,缩量,低,情绪退潮,观望,长线吸筹型,,D,回避：资金观望,0.4
002454,松芝股份,5.61,67.0,0.27,2.4,-0.22,-511321,10439574,-17329195,29811676,34118225,-13010646,放量,低,游资情绪,抢筹,资金观望型,机构吸筹+盈利(关注),C,谨慎：资金流入未验证业绩,47.9
002511,中顺洁柔,6.97,-82.8,0.56,-37.0,-5.02,-10645832,-8426888,-19056753,-25603,576419,1507123,缩量,低,情绪退潮,观望,资金观望型,,D,回避：资金观望,-1.7
002467,二六三,4.88,-41.1,0.43,132.5,7.1,158839495,106416805,73918751,-11527254,-6423734,15221330,缩量,中,主力惜售,进场,资金观望型,纯资金炒作(亏损风险),C,谨慎：纯资金炒作,26.4
002515,金字火腿,7.14,-88.4,0.81,-50.0,-8.49,-133807527,-39920873,43758103,-4569825,-6029075,11632987,缩量,低,情绪退潮,观望,高位分歧型,,D,回避：资金观望,-2.8
002460,赣锋锂业,43.45,-78.4,0.32,-7.9,-9.05,-498579085,-820879791,-2142965497,30491247,17370663,-6282292,缩量,低,情绪退潮,吸筹,资金撤退型,机构吸筹+盈利(关注),C,谨慎：资金流入未验证业绩,21.0
002517,恺英网络,15.97,-93.8,1.34,-48.9,-9.55,-179969224,-563919476,-561851701,3965973,574276,-1986432,缩量,低,情绪退潮,观望,资金观望型,,D,回避：资金观望,-3.2
002518,科士达,35.22,-59.1,0.6,-15.4,-4.35,-89360430,263553811,595762942,-1627201,-3431041,3930769,缩量,低,情绪退潮,观望,高位分歧型,,D,回避：资金观望,-1.4
002519,银河电子,5.65,-72.1,0.24,-25.3,-2.61,-33177299,-47358998,127668236,-979814,1000797,2809586,缩量,低,情绪退潮,观望,长线吸筹型,,D,回避：资金观望,-0.9
002520,日发精机,6.35,-74.3,0.66,-2.4,-0.57,-5602148,-8363697,-113178104,-4029243,-1120412,3427429,缩量,低,情绪退潮,观望,资金撤退型,,D,回避：资金撤退,-0.2
002521,齐峰新材,6.19,-91.0,0.79,15.0,0.16,170075,-25207570,-42316194,-198466,0,579915,缩量,低,情绪退潮,观望,资金观望型,,D,回避：资金观望,0.1
002522,浙江众成,5.27,-72.5,0.28,156.7,-14.3,-150818749,-74276209,-128663292,-3635042,-475279,5746156,缩量,低,情绪退潮,观望,资金观望型,,D,回避：资金观望,-4.8
002523,天桥起重,3.39,-67.4,1.11,-17.3,-5.46,-13291947,-20820067,-36648283,-1291174,-1188543,653189,缩量,低,情绪退潮,观望,资金撤退型,,D,回避：资金撤退,-1.8
002524,光正眼科,4.15,-11.8,0.97,21.1,2.57,8668709,17825854,23417388,-1408162,-3349847,-38292,缩量,低,情绪退潮,观望,主力建仓型,,D,回避：资金观望,0.9
002526,山东矿机,2.59,-77.6,0.74,-28.8,-2.92,-5534684,4714039,23299606,-4574424,522507,1640819,缩量,低,情绪退潮,观望,高位分歧型,,D,回避：资金观望,-1.0
002456,欧菲光,6.53,-88.9,1.98,-24.3,-18.13,-266562448,-358981058,-654276765,2790188,6634044,-3034741,缩量,低,情绪退潮,吸筹,资金撤退型,机构吸筹+盈利(关注),C,谨慎：资金流入未验证业绩,18.0
002529,海源复材,6.76,-70.1,0.79,-18.5,-1.67,-2182958,-9533180,-15893963,925345,-552000,-793128,缩量,低,情绪退潮,观望,资金撤退型,,D,回避：资金撤退,-0.6
002530,金财互联,7.06,-87.4,0.68,-33.5,-1.36,-3098618,-13181561,-52191620,-724136,576205,1550368,缩量,低,情绪退潮,观望,资金撤退型,,D,回避：资金撤退,-0.5
002531,天顺风能,7.51,59.7,0.54,127.7,-1.35,-64645909,187899857,507410551,-10517842,6868075,35992948,放量,低,游资情绪,观望,高位分歧型,,D,回避：资金观望,7.5
002532,天山铝业,12.18,-89.6,1.43,-35.1,-0.4,-10081715,46460789,41917549,3477813,-4867452,1549824,缩量,低,情绪退潮,观望,资金观望型,,D,回避：资金观望,-0.1
002469,三维化学,6.02,-87.4,0.4,-53.3,12.61,17284096,4076966,-24469824,19866,0,-130516,缩量,高,主力控盘,控盘,资金观望型,控盘+盈利(稳健),B,关注：控盘稳健+盈利,72.2
002534,西子洁能,17.18,-78.3,1.48,-4.9,-0.32,-2453293,-10383104,-28909403,1290592,1032215,-1208435,缩量,低,情绪退潮,观望,资金撤退型,,D,回避：资金撤退,-0.1
002535,林州重机,2.48,-66.1,0.67,-11.0,-0.85,-1305219,2858545,10685247,358965,0,-23092,缩量,低,情绪退潮,观望,高位分歧型,,D,回避：资金观望,-0.3
002536,飞龙股份,45.75,-87.3,1.14,-53.4,-16.87,-932885889,-807428210,-958191472,-11226000,-5113867,7096795,缩量,低,情绪退潮,观望,资金观望型,,D,回避：资金观望,-5.6
002537,海联金汇,5.64,-85.3,0.71,-59.3,0.66,2877914,-7608950,81531940,-1591572,-1827949,1687313,缩量,低,情绪退潮,观望,长线吸筹型,,D,回避：资金观望,0.2
002539,云图控股,11.76,-89.5,0.68,-31.0,-6.15,-29749782,-58878184,-144744215,-507355,775530,105315,缩量,低,情绪退潮,观望,资金撤退型,,D,回避：资金撤退,-2.1
002540,亚太科技,5.01,-84.7,0.59,-26.8,3.49,7226091,19153439,5105478,-606373,0,1184259,缩量,低,情绪退潮,观望,趋势转多型,,D,回避：资金观望,1.2
002541,鸿路钢构,18.17,-73.6,1.62,35.6,-5.09,-73353825,-133761090,-231768622,-13776486,-13767446,10304342,缩量,低,情绪退潮,观望,资金撤退型,,D,回避：资金撤退,-1.7
002543,万和电气,7.28,-30.1,1.14,-45.4,1.81,7798364,-9549267,69994554,-5487273,-2421981,5213582,缩量,低,情绪退潮,观望,长线吸筹型,,D,回避：资金观望,0.6
002480,新筑股份,5.52,16.6,0.48,143.3,6.3,37430948,38731535,28826114,1016493,1100661,-355679,缩量,中,主力惜售,吸筹,趋势转多型,纯资金炒作(亏损风险),C,谨慎：纯资金炒作,18.1
002545,东方铁塔,13.89,-82.3,0.61,-19.0,-14.43,-207196479,-370914781,-390735778,-9531030,-983619,6601080,缩量,低,情绪退潮,观望,资金撤退型,,D,回避：资金撤退,-4.8
002546,新联电子,7.36,-95.7,2.75,-38.1,-11.75,-27464769,-28584010,-102460680,-688676,631240,874268,缩量,低,情绪退潮,观望,资金撤退型,,D,回避：资金撤退,-3.9
002548,金新农,3.91,-83.1,0.53,-57.4,-4.49,-16832454,-37440762,19586945,42210,-2814990,-512152,缩量,低,情绪退潮,观望,长线吸筹型,,D,回避：资金观望,-1.5
002549,凯美特气,12.38,-92.9,0.59,-14.2,-2.73,-14581284,-17644536,-115409262,-1072663,750132,2003521,缩量,低,情绪退潮,观望,资金撤退型,,D,回避：资金撤退,-0.9
002492,恒基达鑫,6.43,-58.5,0.5,11.6,10.13,27454352,27038538,38574789,215978,0,-1652605,缩量,高,主力控盘,控盘,资金观望型,控盘+亏损(警惕),C,谨慎：控盘但亏损,27.4
002496,辉丰股份,2.09,-72.0,0.64,-40.6,7.58,12190904,14089713,-15637815,-2141095,-2601231,1275777,缩量,中,主力惜售,进场,短线抢筹型,纯资金炒作(亏损风险),C,谨慎：纯资金炒作,26.5
002552,宝鼎科技,45.18,-82.0,2.51,-32.1,-6.12,-213875297,-304114922,170026043,-18505820,-12327883,31876985,缩量,低,情绪退潮,观望,长线吸筹型,,D,回避：资金观望,-2.0
002494,华斯股份,4.98,291.5,0.42,107.8,6.85,42062948,45427747,44137780,21805249,9396542,-22453922,放量,中,主力偏强放量,进场,趋势转多型,资金+业绩共振(双击候选),B,关注：资金+业绩共振,90.3
002554,惠博普,2.7,-85.8,0.44,-55.0,2.85,4590999,10971832,-7570803,-1631407,-1026000,1558620,缩量,低,情绪退潮,观望,趋势转多型,,D,回避：资金观望,1.0
002555,三七互娱,17.11,-92.6,0.91,-54.4,-13.58,-149279909,-285429755,-573418091,-12014307,-9621376,10792703,缩量,低,情绪退潮,观望,资金撤退型,,D,回避：资金撤退,-4.5
002556,辉隆股份,5.03,-70.1,0.37,-59.4,-5.04,-9489461,-15280256,-55291080,1131228,-1000,-2980641,缩量,低,情绪退潮,观望,资金撤退型,,D,回避：资金撤退,-1.7
002557,洽洽食品,18.13,-85.8,0.76,-39.5,-0.36,-1505369,-15828685,40940778,-6584197,-5972249,3444417,缩量,低,情绪退潮,观望,长线吸筹型,,D,回避：资金观望,-0.1
002493,荣盛石化,13.36,-70.5,0.78,-17.3,0.65,19263948,-80609203,-33160594,9458491,21720312,-6013329,缩量,低,情绪退潮,吸筹,资金观望型,资金+业绩共振(双击候选),B,关注：资金+业绩共振,64.2
002559,亚威股份,8.66,-94.6,1.71,-16.5,-7.14,-37827342,-30449511,-13560152,-770082,111488,647042,缩量,低,情绪退潮,观望,资金观望型,,D,回避：资金观望,-2.4
002560,通达股份,6.41,-53.9,0.15,35.9,-10.11,-129193397,-91946678,133349048,-10281231,-4832999,6471728,缩量,低,情绪退潮,观望,高位分歧型,,D,回避：资金观望,-3.4
002561,徐家汇,7.22,-64.0,0.72,-54.7,-8.45,-13799280,-44368463,19294367,-328896,-587615,489736,缩量,低,情绪退潮,观望,长线吸筹型,,D,回避：资金观望,-2.8
002498,汉缆股份,6.09,-93.8,0.5,-57.4,-16.17,-178365913,-224817086,39358834,2877719,2644808,-683388,缩量,低,情绪退潮,吸筹,长线吸筹型,机构吸筹+盈利(关注),C,谨慎：资金流入未验证业绩,18.6
002564,天沃科技,5.15,-12.5,0.53,-12.1,2.38,35662792,44163191,126294956,-492805,-698431,3287654,缩量,低,情绪退潮,观望,均衡流入型,,D,回避：资金观望,0.8
002506,协鑫集成,2.36,-77.3,0.4,-28.5,-0.28,-4478185,-5039460,-55874045,11313972,10538512,-8649774,缩量,低,情绪退潮,吸筹,资金撤退型,纯资金炒作(亏损风险),C,谨慎：纯资金炒作,3.9
002566,益盛药业,7.1,-85.4,1.14,-32.8,-5.01,-6863651,-7152283,-14492442,-437544,-501264,741288,缩量,低,情绪退潮,观望,资金撤退型,,D,回避：资金撤退,-1.7
002567,唐人神,3.66,-69.9,0.72,-52.8,-1.19,-4068032,14304668,61409932,-407632,-909494,1231160,缩量,低,情绪退潮,观望,高位分歧型,,D,回避：资金观望,-0.4
002568,百润股份,19.32,-71.8,1.0,41.0,-0.8,-13567873,-4137174,-8699599,-3142823,-3265297,8916165,缩量,低,情绪退潮,观望,资金观望型,,D,回避：资金观望,-0.3
002570,贝因美,4.39,-59.1,0.74,-52.3,-4.65,-15305776,-16123791,-6325658,-6509109,-5468683,3964604,缩量,低,情绪退潮,观望,资金观望型,,D,回避：资金观望,-1.6
002571,德力股份,10.49,-61.3,0.73,-49.0,-8.56,-13251950,-22341504,-31246967,-7068168,-1325780,309179,缩量,低,情绪退潮,观望,资金撤退型,,D,回避：资金撤退,-2.9
002572,索菲亚,7.48,-66.3,0.57,-10.9,0.01,27331,-3147100,-10040889,-3112768,-2502155,4467140,缩量,低,情绪退潮,观望,资金观望型,,D,回避：资金观望,0.0
002507,涪陵榨菜,11.14,-86.4,1.13,-54.7,4.51,12355218,1232066,6083346,1354044,115365,-378178,缩量,低,情绪退潮,进场,资金观望型,资金+业绩共振(双击候选),B,关注：资金+业绩共振,73.5
002451,摩恩电气,7.56,-83.8,0.68,-50.4,0.19,634383,-30315833,-31968250,541543,245799,-1042191,缩量,低,情绪退潮,进场,资金观望型,资金+业绩共振(双击候选),B,关注：资金+业绩共振,72.1
002533,金杯电工,10.93,-88.5,0.58,-32.1,5.9,11669413,6837739,-42773445,-560020,563988,624356,缩量,中,主力惜售,进场,资金观望型,资金+业绩共振(双击候选),B,关注：资金+业绩共振,86.0
002576,通达动力,14.52,-82.4,0.4,-11.4,2.67,3622067,-674989,-651559,-320364,582141,661689,缩量,低,情绪退潮,观望,资金观望型,,D,回避：资金观望,0.9
002577,雷柏科技,21.02,-66.8,1.02,227.6,-4.49,-24428073,54242338,59165549,2565567,-543660,-2271358,缩量,低,情绪退潮,观望,资金观望型,,D,回避：资金观望,-1.5
002513,蓝丰生化,6.02,201.8,0.79,0.8,-0.3,-825003,1200041,-5552400,28530164,25060630,-17488789,放量,低,游资情绪,抢筹,资金观望型,纯资金炒作(亏损风险),C,谨慎：纯资金炒作,27.9
002579,中京电子,17.32,-46.4,1.67,21.0,-3.12,-291855516,-68145310,1195567397,-23813045,-13295027,59844485,缩量,低,情绪退潮,观望,高位分歧型,,D,回避：资金观望,-1.0
002510,天汽模,5.87,22.8,0.71,12.7,-2.47,-13244253,24179342,54534401,11348694,14175717,-9386491,缩量,低,情绪退潮,吸筹,资金观望型,机构吸筹+盈利(关注),C,谨慎：资金流入未验证业绩,23.2
002582,好想你,9.32,-94.1,0.76,-62.0,-9.86,-34325459,-43991507,-103240805,-3633046,-414239,1807506,缩量,低,情绪退潮,观望,资金撤退型,,D,回避：资金撤退,-3.3
002527,新时达,10.72,-78.6,0.68,-26.7,1.64,4044847,304846,-6847324,350872,536500,2154818,缩量,低,情绪退潮,进场,资金观望型,资金+业绩共振(双击候选),B,关注：资金+业绩共振,72.5
002584,西陇科学,8.88,-11.4,2.31,559.1,-0.9,-30456280,25044510,-7540246,-329652,2158815,13317841,缩量,低,情绪退潮,观望,资金观望型,,D,回避：资金观望,-0.3
002585,双星新材,10.46,-67.3,2.1,143.4,-5.36,-256829849,-270732411,258139867,-32553941,-25273419,47166595,缩量,低,情绪退潮,观望,长线吸筹型,,D,回避：资金观望,-1.8
002586,围海股份,3.62,-55.1,0.57,-40.6,-7.61,-6996708,-23537181,-74743011,-1223366,-1086000,2270811,缩量,低,情绪退潮,观望,资金撤退型,,D,回避：资金撤退,-2.5
002587,奥拓电子,5.25,-81.6,0.58,-8.3,-1.88,-4208684,-6919329,-28542512,707842,-577658,-782618,缩量,低,情绪退潮,观望,资金撤退型,,D,回避：资金撤退,-0.6
002516,旷达科技,5.58,-71.8,0.75,-46.5,0.91,4560256,-12598447,87662577,1493334,0,-2733662,缩量,低,情绪退潮,进场,长线吸筹型,资金+业绩共振(双击候选),B,关注：资金+业绩共振,72.3
002589,瑞康医药,3.29,-41.7,1.94,84.1,-9.41,-196427890,148754527,193426110,-3979573,-517519,730558,缩量,低,情绪退潮,观望,资金观望型,,D,回避：资金观望,-3.1
002590,万安科技,9.67,-67.6,0.6,-4.8,-5.8,-10019758,-1689414,-36918857,1564290,589525,-1221624,缩量,低,情绪退潮,观望,资金观望型,,D,回避：资金观望,-1.9
002544,普天科技,15.38,-82.7,0.61,11.3,5.43,34828844,34883950,17704583,-2690999,-5776687,2503816,缩量,中,主力惜售,进场,趋势转多型,资金+业绩共振(双击候选),B,关注：资金+业绩共振,85.8
002550,千红制药,6.65,-46.7,1.94,-2.0,-10.36,-35474483,-31058216,-42661409,20526468,25237142,-14409211,缩量,低,情绪退潮,吸筹,资金观望型,机构吸筹+盈利(关注),C,谨慎：资金流入未验证业绩,20.5
002594,比亚迪,83.1,-78.8,0.74,-12.2,-6.34,-453573359,-744656485,-3035647036,12809100,-1884684,6680292,缩量,低,情绪退潮,观望,资金撤退型,,D,回避：资金撤退,-2.1
002595,豪迈科技,38.61,-87.7,0.52,-25.5,0.68,4122715,-25987184,-74236787,-2376821,-2501063,1925445,缩量,低,情绪退潮,观望,资金观望型,,D,回避：资金观望,0.2
002551,尚荣医疗,3.35,-72.3,0.97,19.5,3.44,5691207,11127792,15615996,158887,-687492,-743575,缩量,低,情绪退潮,进场,主力建仓型,纯资金炒作(亏损风险),C,谨慎：纯资金炒作,13.1
002597,金禾实业,21.22,-87.0,0.62,-59.2,-3.9,-12729160,-5815864,-67779238,-646350,-511680,777024,缩量,低,情绪退潮,观望,资金观望型,,D,回避：资金观望,-1.3
002599,盛通股份,5.53,-88.4,0.55,-20.8,-0.07,-116587,-1619916,-10688936,1289825,0,-269517,缩量,低,情绪退潮,观望,资金撤退型,,D,回避：资金撤退,-0.0
002600,领益智造,12.04,-89.3,0.77,-50.4,-9.11,-278781751,-823461724,-1086904072,2121259,-8623639,-306488,缩量,低,情绪退潮,观望,资金撤退型,,D,回避：资金撤退,-3.0
002601,龙佰集团,14.74,-88.9,0.59,-32.9,-3.83,-20786698,-51595024,-150508481,-60224,-1319208,437570,缩量,低,情绪退潮,观望,资金撤退型,,D,回避：资金撤退,-1.3
002553,南方精工,17.13,50.5,0.47,-14.7,4.7,83778350,89447562,131806979,8485938,4365512,-5208982,放量,低,游资情绪,进场,均衡流入型,资金+业绩共振(双击候选),B,关注：资金+业绩共振,81.6
002603,以岭药业,15.24,-86.0,1.49,-13.7,-7.75,-53194730,-89921685,-140765070,-5127213,-2373511,3528323,缩量,低,情绪退潮,观望,资金撤退型,,D,回避：资金撤退,-2.6
002605,姚记科技,16.43,-94.3,1.11,-48.1,-10.09,-17562309,-17411956,-58072898,-2413691,-1478492,1757111,缩量,低,情绪退潮,观望,资金观望型,,D,回避：资金观望,-3.4
002606,大连电瓷,12.05,-89.6,0.57,-30.5,-12.97,-64463882,-79946941,-150371468,4360282,2607309,-4927413,缩量,低,情绪退潮,观望,资金撤退型,,D,回避：资金撤退,-4.3
002558,巨人网络,22.68,-77.3,1.44,-34.0,-6.0,-295894062,-413216090,-958779782,44925755,53899869,-12789340,缩量,低,情绪退潮,吸筹,资金撤退型,机构吸筹+盈利(关注),C,谨慎：资金流入未验证业绩,22.0
002562,兄弟科技,4.97,-40.2,0.74,-26.8,-0.58,-3625536,-22295766,-11292401,4288492,3302293,-3292137,缩量,低,情绪退潮,吸筹,资金观望型,机构吸筹+盈利(关注),C,谨慎：资金流入未验证业绩,23.8
002609,捷顺科技,7.86,-72.4,0.42,-1.5,0.45,812071,10064237,-501582,-789810,0,1548370,缩量,低,情绪退潮,观望,趋势转多型,,D,回避：资金观望,0.1
002563,森马服饰,5.42,-89.9,0.6,-11.2,1.87,5045238,16531500,-2166903,252080,-541000,-319385,缩量,低,情绪退潮,进场,趋势转多型,资金+业绩共振(双击候选),B,关注：资金+业绩共振,72.6
002612,朗姿股份,16.65,-70.5,1.73,3.5,-0.35,-3052903,2110834,-222431,-4546774,-5967495,4343999,缩量,低,情绪退潮,观望,资金观望型,,D,回避：资金观望,-0.1
002613,北玻股份,3.34,-66.7,0.21,98.3,-3.04,-20907012,128000940,169476224,-5156040,-1385922,6163966,缩量,低,情绪退潮,观望,资金观望型,,D,回避：资金观望,-1.0
002565,顺灏股份,8.7,18.3,0.13,60.5,0.94,35145020,-77243761,73688101,110123722,93135229,-65587332,缩量,低,情绪退潮,吸筹,资金观望型,资金+业绩共振(双击候选),B,关注：资金+业绩共振,64.3
002615,哈尔斯,6.27,-78.2,0.52,7.2,2.06,3630937,-10463112,-29016498,-1001616,-753913,2700234,缩量,低,情绪退潮,观望,资金观望型,,D,回避：资金观望,0.7
002616,长青集团,4.8,-86.3,0.41,-41.8,-1.65,-1611027,-73844,-16461152,604571,784992,-897776,缩量,低,情绪退潮,观望,资金观望型,,D,回避：资金观望,-0.5
002617,露笑科技,6.9,-63.1,1.51,45.3,-6.88,-207560218,-107686515,25103725,10395871,8333187,-13567593,缩量,低,情绪退潮,观望,资金观望型,,D,回避：资金观望,-2.3
002575,群兴玩具,5.02,-66.8,0.39,12.9,3.49,17851382,16606820,-49127607,8994774,2953150,-14214813,缩量,低,情绪退潮,进场,资金观望型,纯资金炒作(亏损风险),C,谨慎：纯资金炒作,13.2
002623,亚玛顿,18.33,-44.1,0.57,385.6,-0.56,-5737518,95207171,102513617,-4939866,-1870184,8056825,缩量,低,情绪退潮,观望,资金观望型,,D,回避：资金观望,-0.2
002624,完美世界,9.73,-83.1,0.46,-46.0,-4.84,-73626443,-38164379,-259779365,-1447973,1984235,12768740,缩量,低,情绪退潮,观望,资金观望型,,D,回避：资金观望,-1.6
002625,光启技术,23.13,-68.0,0.54,50.0,-16.35,-654423198,-571243492,-729015328,-6823931,-3060187,14067654,缩量,低,情绪退潮,观望,资金观望型,,D,回避：资金观望,-5.5
002626,金达威,16.19,-87.1,0.83,-29.8,-4.95,-11700983,-15439086,-22949007,-2623152,-2603200,1063000,缩量,低,情绪退潮,观望,资金撤退型,,D,回避：资金撤退,-1.7
002627,三峡旅游,6.56,-72.3,0.42,-50.5,-0.25,-506491,1505603,-24347571,1994537,-86210,-2741951,缩量,低,情绪退潮,观望,资金观望型,,D,回避：资金观望,-0.1
002628,成都路桥,4.81,-85.4,0.75,-22.5,-9.24,-28186696,-21119693,-54901747,-4981333,-5976204,908350,缩量,低,情绪退潮,观望,资金观望型,,D,回避：资金观望,-3.1
002629,仁智股份,4.4,-77.2,0.52,-28.0,-4.23,-8665548,-30918762,-57333525,1161310,697465,-1622286,缩量,低,情绪退潮,观望,资金撤退型,,D,回避：资金撤退,-1.4
002631,德尔未来,13.75,-7.4,0.46,122.4,-2.91,-100412849,-47321035,-143732817,31134538,10829627,-31342842,缩量,低,情绪退潮,观望,资金观望型,,D,回避：资金观望,-1.0
002632,道明光学,9.07,-74.0,0.94,-46.7,-5.87,-35195539,15568386,165213413,-5765484,-2007211,5007611,缩量,低,情绪退潮,观望,高位分歧型,,D,回避：资金观望,-2.0
002574,明牌珠宝,4.97,-59.6,0.63,-46.3,-3.17,-5089405,-11705248,-2431544,487181,536760,-514910,缩量,低,情绪退潮,吸筹,资金观望型,纯资金炒作(亏损风险),C,谨慎：纯资金炒作,2.9
002573,清新环境,3.1,-75.8,0.71,-22.1,3.68,4649410,346689,-13615161,1470775,141360,-139917,缩量,低,情绪退潮,吸筹,资金观望型,纯资金炒作(亏损风险),C,谨慎：纯资金炒作,5.2
002636,金安国纪,81.97,-66.3,1.61,-6.8,-2.26,-442479223,-1056654759,-83743095,-71456392,-42596131,69201102,缩量,低,情绪退潮,观望,资金观望型,,D,回避：资金观望,-0.8
002637,赞宇科技,10.25,-44.9,0.46,-59.6,-7.3,-49085985,-82503520,-129343377,-2101975,-8200197,1026416,缩量,低,情绪退潮,观望,资金撤退型,,D,回避：资金撤退,-2.4
002638,勤上股份,4.81,-0.1,0.27,17.3,3.27,50043038,72998598,-58368278,-14399204,-10094314,8378271,缩量,低,情绪退潮,观望,趋势转多型,,D,回避：资金观望,1.1
002639,雪人集团,13.63,1.8,0.48,-22.0,-1.84,-91337284,-47790811,63111345,-32106641,-17387168,51288821,缩量,低,情绪退潮,观望,资金观望型,,D,回避：资金观望,-0.6
002583,海能达,7.88,-12.5,0.6,67.3,5.02,86962698,81694701,34598753,3278345,1601181,-2068394,缩量,中,主力惜售,进场,资金观望型,纯资金炒作(亏损风险),C,谨慎：纯资金炒作,25.7
002641,公元股份,3.76,-72.4,0.67,-32.2,-13.25,-12994338,-7069269,-19711603,1455303,708731,-1437267,缩量,低,情绪退潮,观望,资金观望型,,D,回避：资金观望,-4.4
002642,荣联科技,6.9,-87.5,0.48,0.7,4.76,16326010,17810987,-6867984,-273612,-792021,3072214,缩量,低,情绪退潮,观望,趋势转多型,,D,回避：资金观望,1.6
002643,万润股份,12.67,-90.7,1.39,-14.5,-9.71,-55366113,-45510697,-26544926,-4624716,-3020775,5813612,缩量,低,情绪退潮,观望,资金观望型,,D,回避：资金观望,-3.2
002644,佛慈制药,8.33,-80.9,1.53,-20.7,-2.53,-4109033,-15521632,-32679487,-896632,0,585157,缩量,低,情绪退潮,观望,资金撤退型,,D,回避：资金撤退,-0.8
002645,华宏科技,17.08,-89.8,0.49,8.9,-4.27,-57058639,55732861,-122350662,-19372829,-18454319,12595332,缩量,低,情绪退潮,观望,资金观望型,,D,回避：资金观望,-1.4
002588,史丹利,7.42,-81.6,0.46,-58.1,2.01,5871752,28201997,-50973659,1531802,1246204,-706732,缩量,低,情绪退潮,吸筹,趋势转多型,资金+业绩共振(双击候选),B,关注：资金+业绩共振,64.7
002578,闽发铝业,4.05,-74.5,0.85,-46.4,16.38,54653750,69943085,86399943,-1793264,-3900919,-689518,缩量,高,主力控盘,控盘,主力强攻型,控盘+亏损(警惕),C,谨慎：控盘但亏损,29
002648,卫星化学,26.34,-76.6,0.74,-33.6,2.19,72134316,-65019733,-232343136,-4805347,5362919,3512840,缩量,低,情绪退潮,观望,资金观望型,,D,回避：资金观望,0.7
002649,博彦科技,9.12,-91.1,1.68,-34.9,-6.6,-17904103,-17053555,-87454077,-207800,-558076,-1368372,缩量,低,情绪退潮,观望,资金观望型,,D,回避：资金观望,-2.2
002651,利君股份,7.88,-77.5,1.03,-66.1,-4.78,-13461350,-44587523,-12306878,-3149348,-2370442,2732239,缩量,低,情绪退潮,观望,长线吸筹型,,D,回避：资金观望,-1.6
002652,扬子新材,4.43,-78.3,0.16,-55.8,-1.42,-3762899,-21569754,16542547,-713319,-1159284,503416,缩量,低,情绪退潮,观望,长线吸筹型,,D,回避：资金观望,-0.5
002653,海思科,62.17,-77.1,2.11,-21.9,-1.63,-20464207,-48013791,-28604348,-473513,2476442,25508506,缩量,低,情绪退潮,观望,资金观望型,,D,回避：资金观望,-0.5
002654,万润科技,12.45,-82.9,0.9,-26.6,-6.91,-109775466,-102840858,-168011248,-16030993,4507214,22116863,缩量,低,情绪退潮,观望,资金观望型,,D,回避：资金观望,-2.3
002655,共达电声,33.35,-77.5,0.41,-1.3,-4.96,-141054225,109102453,-449484039,-15170383,-14615780,6501413,缩量,低,情绪退潮,观望,资金观望型,,D,回避：资金观望,-1.7
002656,摩登大道,2.82,-68.6,0.78,-15.8,-6.2,-7924564,-13060901,-20140616,-176139,-1335814,-47168,缩量,低,情绪退潮,观望,资金撤退型,,D,回避：资金撤退,-2.1
002657,中科金财,14.6,-87.2,1.19,-23.3,-0.94,-3824416,13907079,-8310592,370141,-1563809,-1177852,缩量,低,情绪退潮,观望,资金观望型,,D,回避：资金观望,-0.3
002658,雪迪龙,7.16,-71.2,0.43,-36.2,0.84,1229921,-7663439,-16810660,-2097710,528415,2217815,缩量,低,情绪退潮,观望,资金观望型,,D,回避：资金观望,0.3
002659,凯文教育,4.68,-80.6,1.6,-15.3,1.31,3726730,16026834,6104090,-3280803,-930852,3294020,缩量,低,情绪退潮,观望,趋势转多型,,D,回避：资金观望,0.4
002660,茂硕电源,7.99,-58.6,0.77,-67.5,-2.06,-3838359,-9574910,8105252,-382134,-1635266,-811985,缩量,低,情绪退潮,观望,长线吸筹型,,D,回避：资金观望,-0.7
002661,克明食品,7.5,-52.9,0.47,-55.9,-3.92,-6969936,-39195488,53841077,-514641,-1155068,-445953,缩量,低,情绪退潮,观望,长线吸筹型,,D,回避：资金观望,-1.3
002662,峰璟股份,3.14,-63.3,0.36,-8.0,-10.29,-14722325,-17025108,-13909499,420128,149460,947855,缩量,低,情绪退潮,观望,资金观望型,,D,回避：资金观望,-3.4
002591,恒大高新,6.52,-58.6,0.15,-28.7,3.78,10003445,2661126,20005842,1411160,2780338,-1225102,缩量,低,情绪退潮,吸筹,资金观望型,纯资金炒作(亏损风险),C,谨慎：纯资金炒作,5.3
002664,信质集团,14.45,-86.3,0.24,-14.7,-3.82,-7431256,-21226388,-41762276,1064541,0,1135658,缩量,低,情绪退潮,观望,资金撤退型,,D,回避：资金撤退,-1.3
002666,德联集团,4.22,-77.3,0.67,-1.7,-1.09,-2350452,-3283191,11101346,-1341536,0,-425258,缩量,低,情绪退潮,观望,长线吸筹型,,D,回避：资金观望,-0.4
002668,TCL智家,8.67,-94.0,1.55,-19.6,-5.79,-25439054,-14364851,-25501294,488356,-551636,-531404,缩量,低,情绪退潮,观望,资金观望型,,D,回避：资金观望,-1.9
002580,圣阳股份,19.61,-39.7,0.36,-50.6,-5.94,-196271967,-138848564,-691141525,107247047,94862095,-74961937,缩量,低,情绪退潮,吸筹,资金观望型,机构吸筹+盈利(关注),C,谨慎：资金流入未验证业绩,22.0
002670,国盛证券,11.21,-87.0,1.78,-67.4,-10.41,-70631206,-33026410,-164488534,-2267203,-2287826,3402625,缩量,低,情绪退潮,观望,资金观望型,,D,回避：资金观望,-3.5
002593,日上集团,4.59,-70.3,0.9,-26.3,1.27,2607027,12654135,43164442,129116,-1573794,560976,缩量,低,情绪退潮,进场,均衡流入型,资金+业绩共振(双击候选),B,关注：资金+业绩共振,72.4
002596,海南瑞泽,3.2,-66.5,0.56,-14.9,5.63,19883234,8508137,72126568,-2858681,-552138,1965835,缩量,中,主力惜售,进场,资金观望型,纯资金炒作(亏损风险),C,谨慎：纯资金炒作,25.9
002673,西部证券,6.59,-87.1,0.82,-24.5,-9.26,-46584664,-4152845,-98187946,1192291,1311336,-2716706,缩量,低,情绪退潮,观望,资金观望型,,D,回避：资金观望,-3.1
002674,兴业科技,19.66,-91.0,16.66,-34.6,3.16,24950399,53745063,-62404084,-821803,292930,-3705829,缩量,低,情绪退潮,观望,趋势转多型,,D,回避：资金观望,1.1
002675,东诚药业,12.92,-66.3,0.78,-12.5,-1.64,-4264862,-1392997,-5118771,-7757150,-10866529,6745220,缩量,低,情绪退潮,观望,资金观望型,,D,回避：资金观望,-0.5
002676,顺威股份,5.14,-63.2,0.17,-1.5,-9.48,-19730612,-21377536,-45229963,-2524712,-3500791,1905958,缩量,低,情绪退潮,观望,资金撤退型,,D,回避：资金撤退,-3.2
002602,世纪华通,14.01,-85.9,0.54,-52.3,0.92,36722904,-214357660,-93141276,9819844,3131765,-12658393,缩量,低,情绪退潮,进场,资金观望型,资金+业绩共振(双击候选),B,关注：资金+业绩共振,72.3
002678,珠江钢琴,4.37,-72.2,0.38,-62.7,-5.04,-6726208,-6478935,-92994279,1149383,0,-763990,缩量,低,情绪退潮,观望,资金观望型,,D,回避：资金观望,-1.7
002679,福建金森,11.05,210.8,0.78,-23.6,3.76,45407452,54060759,-101590016,-5059547,-416259,3771431,放量,低,游资情绪,观望,趋势转多型,,D,回避：资金观望,9.3
002608,江苏国信,7.27,-85.5,1.1,-50.0,7.28,21046759,-17911805,-80375355,-621763,-1059375,2152503,缩量,中,主力惜售,进场,资金观望型,资金+业绩共振(双击候选),B,关注：资金+业绩共振,86.4
002682,龙洲股份,4.9,-78.1,1.07,-16.8,2.77,14625122,22590751,-6501324,-186675,-829602,-362965,缩量,低,情绪退潮,观望,趋势转多型,,D,回避：资金观望,0.9
002611,东方精工,14.3,-77.2,0.47,49.1,0.9,15930064,-31266683,-212918844,517958,3984724,6427462,缩量,低,情绪退潮,进场,资金观望型,资金+业绩共振(双击候选),B,关注：资金+业绩共振,72.3
002685,华东重机,5.24,-83.6,0.17,87.7,-15.1,-78655100,17418274,-43942465,-7669703,-5968108,3731083,缩量,低,情绪退潮,观望,资金观望型,,D,回避：资金观望,-5.0
002686,亿利达,6.16,-87.4,0.52,-46.9,-1.93,-3843558,-15180766,-35066985,-89483,57533,934782,缩量,低,情绪退潮,观望,资金撤退型,,D,回避：资金撤退,-0.6
002687,乔治白,5.54,-83.2,1.94,29.3,-9.16,-57872497,-57818176,-50769694,-1289934,-2111168,-605027,缩量,低,情绪退潮,观望,资金观望型,,D,回避：资金观望,-3.1
002688,金河生物,5.16,-81.0,0.77,-55.1,-4.71,-5595452,-7675206,835569,-372109,0,1105284,缩量,低,情绪退潮,观望,资金观望型,,D,回避：资金观望,-1.6
002690,美亚光电,15.48,-90.5,0.68,13.1,-2.99,-10181387,-29274576,-44204717,-72238,0,695693,缩量,低,情绪退潮,观望,资金撤退型,,D,回避：资金撤退,-1.0
002607,中公教育,1.84,-84.8,1.17,-24.8,-12.02,-118697330,-247865302,-378667316,1311436,297382,-140773,缩量,低,情绪退潮,吸筹,资金撤退型,机构吸筹+盈利(关注),C,谨慎：资金流入未验证业绩,20.0
002693,双成药业,9.28,-73.2,1.89,120.9,-5.58,-30527074,19650533,6047901,6176391,2451637,-6927684,缩量,低,情绪退潮,观望,资金观望型,,D,回避：资金观望,-1.9
002695,煌上煌,10.77,-61.7,0.82,9.5,-0.51,-1936543,-12992471,-9188805,-5124720,-4969609,1088616,缩量,低,情绪退潮,观望,资金观望型,,D,回避：资金观望,-0.2
002696,百洋股份,6.65,-29.9,1.06,-50.4,0.43,2408216,-30732369,30792825,-1240929,-620381,-481891,缩量,低,情绪退潮,观望,长线吸筹型,,D,回避：资金观望,0.1
002697,红旗连锁,4.68,-71.6,0.79,-51.3,-4.01,-10598934,-9602169,-20913915,1303171,890251,-2580586,缩量,低,情绪退潮,观望,资金观望型,,D,回避：资金观望,-1.3
002698,博实股份,11.17,-93.1,0.8,-38.5,-7.75,-19041758,-31231431,-59409892,1566799,417944,-490831,缩量,低,情绪退潮,观望,资金撤退型,,D,回避：资金撤退,-2.6
002700,万憬能源,6.32,-71.2,1.37,-28.5,-2.33,-2756063,-8040821,18330,-169023,-1564090,2034593,缩量,低,情绪退潮,观望,长线吸筹型,,D,回避：资金观望,-0.8
002701,奥瑞金,4.25,-83.4,0.81,-26.1,-6.42,-21001286,8307940,48602432,-302638,522331,1202813,缩量,低,情绪退潮,观望,高位分歧型,,D,回避：资金观望,-2.1
002702,海欣食品,5.34,-74.0,1.32,-45.6,-0.48,-3859488,-69545234,-59842621,-378733,-1796400,1480777,缩量,低,情绪退潮,观望,资金观望型,,D,回避：资金观望,-0.2
002703,浙江世宝,15.64,-44.5,0.93,-44.1,-1.61,-39853841,-112767596,-280299463,49001841,37212089,-37954658,缩量,低,情绪退潮,观望,资金撤退型,,D,回避：资金撤退,-0.5
002705,新宝股份,11.59,-53.4,0.21,195.0,3.53,21941778,42825264,26680701,-3039846,-1089495,1674665,缩量,低,情绪退潮,观望,趋势转多型,,D,回避：资金观望,1.2
002622,皓宸医疗,2.51,-3.0,1.04,143.5,6.77,54813021,92555756,86825653,-12484931,-7505778,12646690,缩量,中,主力惜售,进场,短线抢筹型,纯资金炒作(亏损风险),C,谨慎：纯资金炒作,26.3
002707,众信旅游,5.01,-75.8,0.88,-45.9,-7.13,-21777552,-24205649,-47550719,-2631524,555714,2159430,缩量,低,情绪退潮,观望,资金撤退型,,D,回避：资金撤退,-2.4
002708,光洋股份,17.35,48.7,0.54,-36.1,-2.4,-69438815,-83708490,275358415,-496826,885682,874182,缩量,低,情绪退潮,观望,长线吸筹型,,D,回避：资金观望,-0.8
002614,奥佳华,7.84,1008.9,0.46,801.6,2.89,131147456,166193131,146444148,15556555,4324028,-5975511,放量,低,游资情绪,进场,趋势转多型,资金+业绩共振(双击候选),B,关注：资金+业绩共振,81.0
002633,申科股份,15.31,-14.5,0.35,201.6,6.4,35027639,33216457,30903376,693908,751520,3103560,缩量,中,主力惜售,进场,资金观望型,资金+业绩共振(双击候选),B,关注：资金+业绩共振,86.1
002712,思美传媒,5.02,-54.6,0.82,-38.1,1.99,6212529,-2154600,-7450578,-3062203,-530237,3608205,缩量,低,情绪退潮,观望,资金观望型,,D,回避：资金观望,0.7
002635,安洁科技,14.3,-48.0,1.5,103.8,8.07,244785274,241378731,110573184,-33537012,-22346304,28706622,缩量,中,主力惜售,进场,资金观望型,资金+业绩共振(双击候选),B,关注：资金+业绩共振,86.7
002640,跨境通,3.86,116.3,0.36,258.3,1.64,87806818,248178046,286410453,98964639,94211551,-47718195,放量,低,游资情绪,抢筹,均衡流入型,纯资金炒作(亏损风险),C,谨慎：纯资金炒作,28.5
002715,登云股份,13.21,-87.0,0.31,-9.1,-4.53,-6270861,-5012790,-24638083,-424635,0,-500056,缩量,低,情绪退潮,观望,资金观望型,,D,回避：资金观望,-1.5
002716,湖南白银,8.77,-86.1,0.74,-47.5,-9.84,-393542677,-618859322,-1505164383,-11321107,-9517109,16905909,缩量,低,情绪退潮,观望,资金撤退型,,D,回避：资金撤退,-3.3
002718,友邦吊顶,78.3,-78.7,0.84,16.4,2.98,16673621,-6797336,-12217198,-2819799,-2041747,1979691,缩量,低,情绪退潮,观望,资金观望型,,D,回避：资金观望,1.0
002721,金一文化,2.58,-86.8,1.61,-77.1,-5.41,-24490786,-19794348,225670330,-3843500,-5437724,3041974,缩量,低,情绪退潮,观望,长线吸筹型,,D,回避：资金观望,-1.8
002722,物产金轮,13.11,-72.1,0.55,-24.3,-4.28,-5810625,-3376031,-10421873,-1026607,620630,2376830,缩量,低,情绪退潮,观望,资金观望型,,D,回避：资金观望,-1.4
002646,天佑德酒,7.03,-47.2,1.28,34.8,5.09,34483360,37593081,41844664,1181739,424338,1322872,缩量,中,主力惜售,进场,均衡流入型,资金+业绩共振(双击候选),B,关注：资金+业绩共振,85.7
002647,仁东控股,11.34,-77.4,0.36,45.5,16.36,223665388,220852142,151617914,-5792769,-2788210,870544,缩量,高,主力控盘,控盘,资金观望型,控盘+盈利(稳健),B,关注：控盘稳健+盈利,73
002663,普邦股份,1.72,-51.8,0.32,21.9,7.46,17098548,11710734,39169394,682131,510625,-611633,缩量,中,主力惜售,进场,资金观望型,纯资金炒作(亏损风险),C,谨慎：纯资金炒作,26.5
002727,一心堂,10.71,-88.9,1.77,-21.1,-2.28,-3839704,-423084,-7778018,-932752,-774642,2338536,缩量,低,情绪退潮,观望,资金观望型,,D,回避：资金观望,-0.8
002728,特一药业,9.86,-70.1,1.74,28.8,-2.77,-18811772,4864629,29603995,-5925073,295363,4994097,缩量,低,情绪退潮,观望,资金观望型,,D,回避：资金观望,-0.9
002729,好利科技,13.74,-82.9,0.48,-14.9,-3.2,-5694216,-7384881,-14700552,310329,0,68350,缩量,低,情绪退潮,观望,资金撤退型,,D,回避：资金撤退,-1.1
002730,电光科技,20.42,-86.2,0.25,37.9,0.52,3388798,9085948,4141295,-1385627,-635249,1386222,缩量,低,情绪退潮,观望,趋势转多型,,D,回避：资金观望,0.2
002732,燕塘乳业,14.15,-78.3,0.85,-23.8,-0.45,-390948,1090744,-2407689,50225,0,192156,缩量,低,情绪退潮,观望,资金观望型,,D,回避：资金观望,-0.1
002733,雄韬股份,17.55,-67.6,0.27,-12.1,-1.97,-14216740,-40197957,-77046135,1514450,-634232,5213840,缩量,低,情绪退潮,观望,资金撤退型,,D,回避：资金撤退,-0.7
002734,利民股份,19.03,-45.2,0.53,43.2,-6.87,-182433546,-97478678,-88071508,10581493,1222282,-14213272,缩量,低,情绪退潮,观望,资金观望型,,D,回避：资金观望,-2.3
002735,王子新材,10.65,-63.8,1.29,-3.4,-7.14,-80679269,55579435,168531333,-4034768,-1422951,3293800,缩量,低,情绪退潮,观望,高位分歧型,,D,回避：资金观望,-2.4
002736,国信证券,9.73,-87.4,0.57,-26.7,-9.51,-56364005,-18345123,-123422863,-1445232,1927281,2038481,缩量,低,情绪退潮,观望,资金观望型,,D,回避：资金观望,-3.2
002737,葵花药业,11.34,-85.4,0.57,-28.9,-3.08,-4986611,-6299197,9559112,-1338766,-764100,2552080,缩量,低,情绪退潮,观望,长线吸筹型,,D,回避：资金观望,-1.0
002672,东江环保,3.67,45.4,1.07,275.6,7.98,53572329,51175009,45219617,-307977,-782694,2410012,缩量,中,主力惜售,进场,资金观望型,纯资金炒作(亏损风险),C,谨慎：纯资金炒作,26.7
002739,儒意电影,8.22,-91.1,3.5,-42.3,-8.9,-110283872,-127629830,-178552475,-27648590,-27131291,18273461,缩量,低,情绪退潮,观望,资金撤退型,,D,回避：资金撤退,-3.0
002669,康达新材,13.87,-2.7,0.97,137.3,0.13,3893224,-60750299,83574313,1817028,2408630,2801757,缩量,低,情绪退潮,进场,资金观望型,资金+业绩共振(双击候选),B,关注：资金+业绩共振,72.0
002742,冀衡医药,4.16,-56.6,0.74,-66.2,-0.6,-2080123,-21029990,-289753988,70059,-103733,2250645,缩量,低,情绪退潮,观望,资金撤退型,,D,回避：资金撤退,-0.2
002745,木林森,11.68,-78.1,1.68,-7.9,-0.86,-20094254,-154838766,-199319917,-10031226,-10109038,10115977,缩量,低,情绪退潮,观望,资金撤退型,,D,回避：资金撤退,-0.3
002746,仙坛股份,6.21,-81.5,1.18,-53.5,-2.27,-6860539,-15407574,-101346828,-447623,-1564832,-2174452,缩量,低,情绪退潮,观望,资金撤退型,,D,回避：资金撤退,-0.8
002747,埃斯顿,28.51,-89.2,3.61,-1.4,-4.1,-139303536,-164029158,-577862162,7917754,2672003,1838346,缩量,低,情绪退潮,观望,资金撤退型,,D,回避：资金撤退,-1.4
002748,世龙实业,12.12,-80.4,1.03,-1.6,-1.41,-2283054,-20031809,-37435823,380417,0,-1088096,缩量,低,情绪退潮,观望,资金撤退型,,D,回避：资金撤退,-0.5
002749,国光股份,8.48,-88.6,1.77,-62.4,-6.29,-3254673,-9336516,-11055214,-127544,0,788430,缩量,低,情绪退潮,观望,资金撤退型,,D,回避：资金撤退,-2.1
002752,昇兴股份,6.06,-78.3,0.29,-43.2,-0.16,-297520,-14962720,-20617677,-1874059,-1177945,1284645,缩量,低,情绪退潮,观望,资金撤退型,,D,回避：资金撤退,-0.1
002753,永东股份,6.69,-53.7,0.36,40.5,-13.97,-22316419,-12179073,-341309,344011,0,1824154,缩量,低,情绪退潮,观望,资金观望型,,D,回避：资金观望,-4.7
002677,浙江美大,6.15,-86.6,0.84,95.6,5.35,16589463,1135839,-7880619,962927,599488,-544616,缩量,中,主力惜售,吸筹,资金观望型,资金+业绩共振(双击候选),B,关注：资金+业绩共振,77.8
002756,永兴材料,38.93,-82.8,0.31,-10.5,-3.13,-40542828,-55822522,-173371745,2329097,609905,3269598,缩量,低,情绪退潮,观望,资金撤退型,,D,回避：资金撤退,-1.0
002671,龙泉股份,4.01,-71.2,0.56,-18.3,0.23,324724,3022550,5028218,162121,0,-458444,缩量,低,情绪退潮,进场,均衡流入型,资金+业绩共振(双击候选),B,关注：资金+业绩共振,72.1
002758,浙农股份,8.47,-56.4,0.48,-61.9,-8.03,-16667322,-26916815,-52871580,1568493,-576703,-2237570,缩量,低,情绪退潮,观望,资金撤退型,,D,回避：资金撤退,-2.7
002760,凤形股份,17.78,-83.2,0.67,-46.1,-2.21,-3365149,-6342396,-31065485,1249622,630000,-2200006,缩量,低,情绪退潮,观望,资金撤退型,,D,回避：资金撤退,-0.7
002761,浙江建投,7.34,-56.6,0.44,-46.2,1.15,5233860,-8096763,17875305,-2825345,-2008082,808035,缩量,低,情绪退潮,观望,长线吸筹型,,D,回避：资金观望,0.4
002762,金发拉比,9.24,-51.8,2.68,14.9,-7.89,-28347212,-45900790,-40989840,-4034672,-2646402,-2066249,缩量,低,情绪退潮,观望,资金观望型,,D,回避：资金观望,-2.6
002763,汇洁股份,7.33,-78.1,0.19,-13.2,-0.2,-236061,-2435829,-2380965,-890714,-984540,1578992,缩量,低,情绪退潮,观望,资金观望型,,D,回避：资金观望,-0.1
002765,蓝黛科技,6.88,-76.3,0.43,-47.9,-11.15,-18059300,-29637102,-21251094,-1013188,-1342050,2371819,缩量,低,情绪退潮,观望,资金观望型,,D,回避：资金观望,-3.7
002681,奋达科技,4.47,-85.3,1.14,-30.9,6.33,34357486,26206120,-97736233,329534,754843,-1171700,缩量,中,主力惜售,进场,资金观望型,纯资金炒作(亏损风险),C,谨慎：纯资金炒作,26.1
002767,先锋电子,18.25,-78.2,1.39,63.0,-4.19,-8446453,-5162735,-19677786,974037,0,272890,缩量,低,情绪退潮,观望,资金观望型,,D,回避：资金观望,-1.4
002683,广东宏大,27.74,-86.7,0.43,-44.6,-3.91,-22942945,-23496775,6753,1972407,3951757,-592748,缩量,低,情绪退潮,吸筹,资金观望型,机构吸筹+盈利(关注),C,谨慎：资金流入未验证业绩,22.7
002769,普路通,6.77,-56.8,0.51,-40.3,-4.25,-11263174,-19243815,3610350,-728853,-1311788,-266387,缩量,低,情绪退潮,观望,长线吸筹型,,D,回避：资金观望,-1.4
002771,真视通,13.77,-48.5,0.55,-39.0,-3.5,-13481828,-61805176,-56834693,-4865969,-3306380,-2777163,缩量,低,情绪退潮,观望,资金观望型,,D,回避：资金观望,-1.2
002772,众兴菌业,10.5,-82.1,0.73,-55.3,-12.25,-49311149,-50487241,-69749335,-974829,672092,3280308,缩量,低,情绪退潮,观望,资金撤退型,,D,回避：资金撤退,-4.1
002773,康弘药业,22.09,5.9,1.2,129.4,3.76,53550874,76933005,44540329,-7317947,-7230129,1587133,缩量,低,情绪退潮,观望,趋势转多型,,D,回避：资金观望,1.3
002774,快意电梯,17.46,-61.1,1.8,52.4,-1.03,-8373326,-62748795,-64325863,4932598,1459165,-1497151,缩量,低,情绪退潮,观望,资金撤退型,,D,回避：资金撤退,-0.3
002775,文科股份,3.35,-79.4,1.55,-10.5,2.95,4265355,1153283,-6852057,-1655882,0,-771178,缩量,低,情绪退潮,观望,资金观望型,,D,回避：资金观望,1.0
002777,久远银海,12.62,-79.9,0.82,-18.4,-0.7,-1481296,5569243,4068153,-953278,-843102,167187,缩量,低,情绪退潮,观望,资金观望型,,D,回避：资金观望,-0.2
002778,中晟高科,15.88,-80.1,0.51,-52.8,-6.87,-7578665,-14159208,-10310957,623601,-513145,-258678,缩量,低,情绪退潮,观望,资金观望型,,D,回避：资金观望,-2.3
002779,中坚科技,75.46,-79.3,0.38,-4.7,-4.8,-52119562,-88311040,7640182,2147124,3010616,2572300,缩量,低,情绪退潮,观望,长线吸筹型,,D,回避：资金观望,-1.6
002780,三夫户外,14.5,-69.8,0.4,95.3,-4.43,-18502346,30163885,13188384,-3516857,-1454594,3621452,缩量,低,情绪退潮,观望,资金观望型,,D,回避：资金观望,-1.5
002782,可立克,14.22,-86.6,0.72,-11.8,-3.25,-15473391,-17469484,-46465199,94543,-531177,-194663,缩量,低,情绪退潮,观望,资金撤退型,,D,回避：资金撤退,-1.1
002783,凯龙股份,8.0,-81.3,0.64,-23.6,-3.98,-8616974,-13428965,-51987086,-461913,-595146,-784627,缩量,低,情绪退潮,观望,资金撤退型,,D,回避：资金撤退,-1.3
002785,万里石,34.08,-60.3,0.24,40.5,-1.31,-21979492,-9097259,46300794,-14889201,-14411604,4464256,缩量,低,情绪退潮,观望,资金观望型,,D,回避：资金观望,-0.4
002706,良信股份,8.45,-90.9,0.42,-33.9,-15.14,-65582992,-91551051,-246557885,-252727,1170428,-104561,缩量,低,情绪退潮,吸筹,资金撤退型,机构吸筹+盈利(关注),C,谨慎：资金流入未验证业绩,19.0
002692,远程股份,4.23,-77.3,0.36,-32.0,-1.67,-2875046,-12531494,695308,1369489,1733864,-688316,缩量,低,情绪退潮,吸筹,长线吸筹型,机构吸筹+盈利(关注),C,谨慎：资金流入未验证业绩,23.4
002788,鹭燕医药,10.72,-83.0,0.78,-2.7,-3.13,-20441755,-2830740,-2317886,-914840,-1958302,2804762,缩量,低,情绪退潮,观望,资金观望型,,D,回避：资金观望,-1.0
002790,瑞尔特,6.44,21.5,0.56,27.5,-5.52,-33997548,-131731158,-115629698,-2170939,-490784,2472261,缩量,低,情绪退潮,观望,资金观望型,,D,回避：资金观望,-1.8
002791,坚朗五金,15.35,-41.9,0.82,35.5,1.09,4198142,2611727,-5647139,-2192108,-591108,3596733,缩量,低,情绪退潮,观望,资金观望型,,D,回避：资金观望,0.4
002792,通宇通讯,29.73,-84.2,0.39,21.2,-10.45,-335220148,296272456,606641236,-24756032,-15782414,24210393,缩量,低,情绪退潮,观望,高位分歧型,,D,回避：资金观望,-3.5
002709,天赐材料,31.57,-79.0,0.3,-10.5,-7.17,-337050709,-395174821,-1360349672,17555704,28885633,-14249640,缩量,低,情绪退潮,吸筹,资金撤退型,机构吸筹+盈利(关注),C,谨慎：资金流入未验证业绩,21.6
002796,世嘉科技,26.51,-74.0,0.28,21.5,-0.88,-9410510,137107269,180069560,2410737,1750423,1268459,缩量,低,情绪退潮,观望,资金观望型,,D,回避：资金观望,-0.3
002797,第一创业,6.12,-87.7,0.24,-37.0,-11.7,-89279982,-115754606,-214124084,479079,928188,2417273,缩量,低,情绪退潮,观望,资金撤退型,,D,回避：资金撤退,-3.9
002798,帝欧水华,6.5,-60.3,0.22,-39.0,-4.4,-11679710,-34446496,-10311812,-4292789,-1238662,1572477,缩量,低,情绪退潮,观望,长线吸筹型,,D,回避：资金观望,-1.5
002713,东易日盛,9.85,-79.0,0.62,0.0,2.07,12194397,112858383,186439225,3221913,1153957,-1087901,缩量,低,情绪退潮,吸筹,主力建仓型,资金+业绩共振(双击候选),B,关注：资金+业绩共振,64.7
002723,小崧股份,7.47,-82.0,0.25,21.3,-12.09,-33450053,-55605254,-40831585,677064,735970,-217371,缩量,低,情绪退潮,吸筹,资金观望型,纯资金炒作(亏损风险),C,谨慎：纯资金炒作,-0.0
002801,微光股份,26.72,-84.3,0.44,-28.8,-5.11,-5236519,-6738957,13007177,-310376,0,1130578,缩量,低,情绪退潮,观望,长线吸筹型,,D,回避：资金观望,-1.7
002802,洪汇新材,12.34,-74.9,0.21,-16.5,-5.53,-6237150,-6470890,-14674252,11413,0,-53818,缩量,低,情绪退潮,观望,资金撤退型,,D,回避：资金撤退,-1.8
002714,牧原股份,42.12,-82.7,1.2,-24.4,4.38,244801403,-125094855,-205758120,3225869,14731112,-3797662,缩量,低,情绪退潮,吸筹,资金观望型,资金+业绩共振(双击候选),B,关注：资金+业绩共振,65.5
002805,丰元股份,16.25,-54.1,0.26,-6.4,-1.07,-6909169,-2511314,-35601510,8007520,4576388,-6757987,缩量,低,情绪退潮,观望,资金观望型,,D,回避：资金观望,-0.4
002806,华锋股份,14.58,-64.0,0.84,145.1,1.91,8327046,49287964,43877380,-4762019,2034,4949718,缩量,低,情绪退潮,观望,趋势转多型,,D,回避：资金观望,0.6
002724,海洋王,7.23,58.5,0.9,159.1,5.71,73560051,226118566,184881012,11319538,8727976,-11702596,放量,中,主力偏强放量,进场,短线抢筹型,,C,谨慎：资金流入未验证业绩,49.9
002738,中矿资源,43.02,-77.7,0.5,-16.3,0.2,7607286,-51768599,-488238059,18467,5570200,6025297,缩量,低,情绪退潮,进场,资金观望型,资金+业绩共振(双击候选),B,关注：资金+业绩共振,72.1
002810,山东赫达,20.09,-85.9,0.34,-28.1,2.25,6582319,-7110403,-24837003,-1713961,-501750,-92740,缩量,低,情绪退潮,观望,资金观望型,,D,回避：资金观望,0.8
002811,郑中设计,16.43,60.2,0.71,-5.7,-6.84,-84158089,-68762042,-72457357,8086122,-532882,-16137997,放量,低,游资情绪,观望,资金观望型,,D,回避：资金观望,5.7
002741,光华科技,25.76,-56.7,1.2,110.6,6.86,391282331,519491347,398480424,-37989893,-28646116,45405581,缩量,中,主力惜售,进场,短线抢筹型,资金+业绩共振(双击候选),B,关注：资金+业绩共振,86.3
002725,跃岭股份,10.94,-87.6,0.35,-14.6,-1.35,-2018938,-6093610,-10458986,828181,1279540,-486553,缩量,低,情绪退潮,吸筹,资金撤退型,机构吸筹+盈利(关注),C,谨慎：资金流入未验证业绩,23.6
002815,崇达技术,23.76,-15.5,1.04,11.1,-1.76,-126302015,-1161284939,-811879291,21890465,12165348,20104977,缩量,低,情绪退潮,观望,资金观望型,,D,回避：资金观望,-0.6
002817,黄山胶囊,6.81,-71.5,0.67,-13.6,-1.94,-2165424,-2610033,6719753,-743419,0,-207623,缩量,低,情绪退潮,观望,长线吸筹型,,D,回避：资金观望,-0.6
002818,富森美,11.08,-57.1,0.25,-13.2,-3.32,-7548828,4170702,30891739,-717880,-489618,1797459,缩量,低,情绪退潮,观望,高位分歧型,,D,回避：资金观望,-1.1
002819,东方中科,23.75,253.6,0.51,197.2,-1.19,-26187838,-46353534,-46880962,8211531,4910248,2320755,放量,低,游资情绪,观望,资金撤退型,,D,回避：资金撤退,7.6
002820,桂发祥,9.82,-70.3,0.61,-53.8,1.73,3888049,628490,-28853256,-806790,0,482217,缩量,低,情绪退潮,观望,资金观望型,,D,回避：资金观望,0.6
002821,凯莱英,184.86,-63.1,2.16,7.0,-6.9,-417930988,-246061992,188032300,4973588,-11776393,1355646,缩量,低,情绪退潮,观望,高位分歧型,,D,回避：资金观望,-2.3
002823,凯中精密,12.79,-88.2,0.54,-17.8,-3.74,-6217719,-1984816,-28968502,-18522,0,732484,缩量,低,情绪退潮,观望,资金观望型,,D,回避：资金观望,-1.2
002824,和胜股份,24.52,-79.0,0.71,16.3,-9.35,-137289280,-114549696,-211499865,-2572503,-1244034,6218368,缩量,低,情绪退潮,观望,资金观望型,,D,回避：资金观望,-3.1
002825,纳尔股份,9.21,-75.5,0.7,-48.6,-10.78,-12490848,-49737285,-14175522,72613,0,-99425,缩量,低,情绪退潮,观望,长线吸筹型,,D,回避：资金观望,-3.6
002766,索菱股份,4.06,-82.7,1.96,-49.5,2.99,9067671,4337231,7171323,3290255,619903,-3016190,缩量,低,情绪退潮,进场,资金观望型,纯资金炒作(亏损风险),C,谨慎：纯资金炒作,13.0
002827,高争民爆,60.59,-14.4,2.78,4.9,-0.71,-35875147,27425723,395078821,-2012168,12603989,13533145,缩量,低,情绪退潮,观望,长线吸筹型,,D,回避：资金观望,-0.2
002828,贝肯能源,10.84,-96.3,1.8,-61.3,-0.97,-2591067,-25794312,-47617985,-121354,0,-64306,缩量,低,情绪退潮,观望,资金撤退型,,D,回避：资金撤退,-0.3
002829,星网宇达,19.26,-92.8,1.76,-33.1,-6.38,-18527508,-12755134,-42324029,-559011,677060,856757,缩量,低,情绪退潮,观望,资金观望型,,D,回避：资金观望,-2.1
002830,名雕股份,14.89,-83.6,0.73,-40.3,-1.1,-1669929,-436854,-6529157,798688,1458199,12320,缩量,低,情绪退潮,观望,资金观望型,,D,回避：资金观望,-0.4
002831,裕同科技,27.63,-87.3,0.48,-40.4,-0.33,-3166266,-10468075,-49875531,-1682534,-3877509,3359638,缩量,低,情绪退潮,观望,资金撤退型,,D,回避：资金撤退,-0.1
002832,比音勒芬,25.74,-89.7,0.85,-43.8,2.32,11599733,-5352243,-10077222,-1239588,-1365523,2580824,缩量,低,情绪退潮,观望,资金观望型,,D,回避：资金观望,0.8
002755,奥赛康,13.55,8.6,0.45,70.1,-1.31,-11177933,71132737,74003277,38908129,29958716,-21837651,缩量,低,情绪退潮,吸筹,资金观望型,机构吸筹+盈利(关注),C,谨慎：资金流入未验证业绩,23.6
002835,同为股份,13.19,-70.6,0.96,-2.9,-3.94,-4238080,-2367455,-6519089,-606901,-683242,-261838,缩量,低,情绪退潮,观望,资金观望型,,D,回避：资金观望,-1.3
002836,新宏泽,11.7,142.3,0.54,434.3,4.74,51717578,41170890,49661856,-6171955,-1891068,6311964,放量,低,游资情绪,观望,资金观望型,,D,回避：资金观望,9.6
002837,英维克,54.57,-86.9,0.58,-42.2,-8.98,-672366325,-658325739,-2356717378,-12597035,-18491036,16953651,缩量,低,情绪退潮,观望,资金观望型,,D,回避：资金观望,-3.0
002757,南兴股份,18.65,-8.6,0.21,30.6,2.37,82721899,97791649,70491779,3046974,5652785,-246305,缩量,低,情绪退潮,吸筹,趋势转多型,资金+业绩共振(双击候选),B,关注：资金+业绩共振,64.8
002768,国恩股份,70.23,-79.6,2.16,103.9,2.65,107126715,116882938,204459888,7161542,6665194,-563861,缩量,低,情绪退潮,吸筹,均衡流入型,资金+业绩共振(双击候选),B,关注：资金+业绩共振,64.9
002840,华统股份,8.06,-71.8,0.51,-30.3,0.78,6290226,32923682,1869387,-1037851,1017368,2958188,缩量,低,情绪退潮,观望,趋势转多型,,D,回避：资金观望,0.3
002786,银宝山新,7.63,-79.0,0.34,16.3,-3.82,-6808349,-11752944,-27414405,1906673,544782,-483618,缩量,低,情绪退潮,吸筹,资金撤退型,纯资金炒作(亏损风险),C,谨慎：纯资金炒作,2.7
002842,翔鹭钨业,31.01,-91.1,0.57,-6.7,-10.96,-215438917,-168297755,-664828845,-3121166,-597506,-3516658,缩量,低,情绪退潮,观望,资金观望型,,D,回避：资金观望,-3.7
002787,华源控股,24.95,-70.1,0.61,-3.6,1.37,19916123,261113110,518282639,12441372,10373160,-11409930,缩量,低,情绪退潮,进场,均衡流入型,资金+业绩共振(双击候选),B,关注：资金+业绩共振,72.5
002845,同兴达,13.76,-88.5,1.34,4.2,-10.17,-35623767,-9513296,-33588240,248293,-20312,-370715,缩量,低,情绪退潮,观望,资金观望型,,D,回避：资金观望,-3.4
002795,永和智控,7.36,-79.9,0.3,40.4,2.49,14644898,73347810,102776364,148433,706422,635234,缩量,低,情绪退潮,进场,主力建仓型,纯资金炒作(亏损风险),C,谨慎：纯资金炒作,12.8
002847,盐津铺子,42.94,-92.3,0.91,-43.6,-6.3,-16576829,-12312310,-34602624,-1773409,-1037867,1195472,缩量,低,情绪退潮,观望,资金观望型,,D,回避：资金观望,-2.1
002793,罗欣药业,4.85,-76.7,1.16,21.4,-1.37,-7456077,-777866,-15894149,6109757,2700663,-1624135,缩量,低,情绪退潮,吸筹,资金观望型,纯资金炒作(亏损风险),C,谨慎：纯资金炒作,3.5
002849,威星智能,22.93,219.4,0.75,233.4,2.49,87613681,150404173,91555278,-408757,5007992,18780961,放量,低,游资情绪,观望,趋势转多型,,D,回避：资金观望,8.8
002850,科达利,156.68,-75.9,0.78,-3.7,-6.69,-171908088,-204018549,-283338664,-11559138,-321667,26996874,缩量,低,情绪退潮,观望,资金撤退型,,D,回避：资金撤退,-2.2
002851,麦格米特,116.36,-80.8,1.35,-15.4,1.56,245808901,430944005,1186449653,-51134054,-40721865,42704780,缩量,低,情绪退潮,观望,均衡流入型,,D,回避：资金观望,0.5
002799,环球印务,7.25,578.9,0.82,92.4,6.27,28658919,28360747,25159218,4166770,4985502,-8266540,放量,中,主力偏强放量,进场,资金观望型,纯资金炒作(亏损风险),C,谨慎：纯资金炒作,30.1
002853,皮阿诺,20.83,-89.9,0.5,-26.6,-6.01,-4996047,-2644128,2546840,-1806,0,-182367,缩量,低,情绪退潮,观望,高位分歧型,,D,回避：资金观望,-2.0
002855,捷荣技术,12.55,-16.3,0.56,-66.2,-5.63,-34427113,-97668315,-66185843,-388273,418340,4319631,缩量,低,情绪退潮,观望,资金观望型,,D,回避：资金观望,-1.9
002857,三晖电气,17.88,-85.6,0.56,-26.0,-0.54,-679406,-4987107,-20477887,456568,0,-593412,缩量,低,情绪退潮,观望,资金撤退型,,D,回避：资金撤退,-0.2
002858,力盛体育,11.61,-65.5,0.33,-35.0,-5.62,-12464078,-16622944,-32726433,1810993,135481,999313,缩量,低,情绪退潮,观望,资金撤退型,,D,回避：资金撤退,-1.9
002800,天顺股份,14.77,-78.5,0.41,-37.0,-3.15,-3659952,-6065694,-16392269,747895,1159726,-717758,缩量,低,情绪退潮,吸筹,资金撤退型,纯资金炒作(亏损风险),C,谨慎：纯资金炒作,3.0
002803,吉宏股份,21.15,-59.3,0.66,32.5,2.52,39537037,26642336,2059464,5995658,4575860,-7490025,缩量,低,情绪退潮,进场,资金观望型,资金+业绩共振(双击候选),B,关注：资金+业绩共振,72.8
002861,瀛通通讯,14.16,-85.0,0.91,-21.7,-1.94,-4766822,-8688379,-36548857,1262480,32756,-269771,缩量,低,情绪退潮,观望,资金撤退型,,D,回避：资金撤退,-0.6
002862,实丰文化,14.77,-42.0,0.61,-49.6,-1.71,-5523592,-39504343,11166324,-467462,-504900,2789577,缩量,低,情绪退潮,观望,长线吸筹型,,D,回避：资金观望,-0.6
002863,今飞凯达,4.79,-65.0,0.94,-31.9,-3.23,-5273854,-4710220,-4461408,1002833,60381,-1386114,缩量,低,情绪退潮,观望,资金观望型,,D,回避：资金观望,-1.1
002864,盘龙药业,21.1,-88.8,1.48,-26.0,2.01,2824320,1806676,-15802565,-442508,-844000,1431867,缩量,低,情绪退潮,观望,资金观望型,,D,回避：资金观望,0.7
002865,钧达股份,36.44,-80.8,0.2,-5.5,-3.13,-25719850,-7347750,-33146665,864390,-2965825,1156535,缩量,低,情绪退潮,观望,资金观望型,,D,回避：资金观望,-1.0
002809,红墙股份,8.54,-72.0,0.66,-18.8,1.56,2440270,-7495583,-21515413,291961,0,-2107516,缩量,低,情绪退潮,进场,资金观望型,纯资金炒作(亏损风险),C,谨慎：纯资金炒作,12.5
002867,周大生,10.08,-88.6,0.31,-31.3,-6.63,-17389838,-25524770,-90419175,445951,-604200,237131,缩量,低,情绪退潮,观望,资金撤退型,,D,回避：资金撤退,-2.2
002868,绿康生化,22.43,-52.1,0.95,-76.0,-3.62,-6532855,-7941970,66232824,-2599974,-3747167,-681985,缩量,低,情绪退潮,观望,长线吸筹型,,D,回避：资金观望,-1.2
002807,江阴银行,4.22,-59.8,1.03,-27.9,3.43,21130929,9931062,13147121,1279563,2815506,1732054,缩量,低,情绪退潮,进场,资金观望型,资金+业绩共振(双击候选),B,关注：资金+业绩共振,73.1
002870,香山股份,46.01,-83.2,1.38,-18.5,-5.79,-26696495,-54542759,-70245143,-402834,-1910942,157384,缩量,低,情绪退潮,观望,资金撤退型,,D,回避：资金撤退,-1.9
002871,伟隆股份,17.22,-87.4,0.52,-46.8,-1.58,-3676224,-775493,-45337874,147573,-860064,685878,缩量,低,情绪退潮,观望,资金观望型,,D,回避：资金观望,-0.5
002873,新天药业,8.56,-84.9,0.6,1.5,-0.21,-361950,3010655,3477789,0,0,-118134,缩量,低,情绪退潮,观望,资金观望型,,D,回避：资金观望,-0.1
002875,安奈儿,12.66,-82.8,0.23,-54.3,-4.69,-8176172,-24648192,-16963204,-876887,556665,440783,缩量,低,情绪退潮,观望,资金观望型,,D,回避：资金观望,-1.6
002876,三利谱,31.35,-81.4,0.73,-16.2,-4.8,-22972175,-51601165,-51832919,257225,-632968,-2157759,缩量,低,情绪退潮,观望,资金撤退型,,D,回避：资金撤退,-1.6
002877,智能自控,7.47,-79.0,0.53,-0.6,-1.18,-1431081,3955509,16156629,574865,0,-841199,缩量,低,情绪退潮,观望,高位分歧型,,D,回避：资金观望,-0.4
002878,元隆雅图,12.67,-69.3,0.2,-27.7,-1.68,-4012257,-7130203,-22982134,1805909,1011664,-2749564,缩量,低,情绪退潮,观望,资金撤退型,,D,回避：资金撤退,-0.6
002812,恩捷股份,45.84,-83.5,0.36,-24.9,-2.13,-45346747,-93915465,-497432389,10946853,11524722,-9632896,缩量,低,情绪退潮,吸筹,资金撤退型,机构吸筹+盈利(关注),C,谨慎：资金流入未验证业绩,23.3
002880,卫光生物,22.4,10.0,0.87,-33.6,-3.96,-8822114,-9578026,-34818629,2512098,1340219,292954,缩量,低,情绪退潮,观望,资金撤退型,,D,回避：资金撤退,-1.3
002881,美格智能,42.6,-73.2,2.11,-34.4,-8.76,-117603688,-212274319,-244811991,14294040,6759466,-18196891,缩量,低,情绪退潮,观望,资金撤退型,,D,回避：资金撤退,-2.9
002813,路畅科技,26.38,-100.0,0.42,94.9,9.98,46145745,48840788,46130167,0,0,0,缩量,中,主力惜售,进场,趋势转多型,纯资金炒作(亏损风险),C,谨慎：纯资金炒作,27.3
002826,易明医药,17.87,-70.1,0.67,-20.3,3.47,12019782,-1444261,-4224975,193011,-1077087,1371329,缩量,低,情绪退潮,进场,资金观望型,资金+业绩共振(双击候选),B,关注：资金+业绩共振,73.2
002838,道恩股份,24.79,-76.9,0.73,-13.0,0.56,2902848,-2657637,11699590,592461,-746555,1036244,缩量,低,情绪退潮,进场,资金观望型,资金+业绩共振(双击候选),B,关注：资金+业绩共振,72.2
002886,沃特股份,24.08,-45.6,0.89,-43.4,-5.5,-173135794,105802847,-37519842,-12256825,-5730686,19181227,缩量,低,情绪退潮,观望,资金观望型,,D,回避：资金观望,-1.8
002839,张家港行,4.32,-48.7,1.04,-36.1,0.42,1751747,43554581,106567947,3607270,3357777,-238098,缩量,低,情绪退潮,吸筹,均衡流入型,资金+业绩共振(双击候选),B,关注：资金+业绩共振,64.1
002888,惠威科技,18.61,-76.0,0.91,-61.5,0.52,963565,-2627996,-22828707,-285565,0,930177,缩量,低,情绪退潮,观望,资金观望型,,D,回避：资金观望,0.2
002889,东方嘉盛,12.02,-88.3,3.05,-23.3,-6.13,-5405088,-6285811,-20149788,-599583,0,139689,缩量,低,情绪退潮,观望,资金撤退型,,D,回避：资金撤退,-2.0
002890,弘宇股份,15.07,-69.0,0.47,-45.5,-2.1,-1998747,-2706368,3265500,-116915,-84946,636768,缩量,低,情绪退潮,观望,资金观望型,,D,回避：资金观望,-0.7
002891,中宠股份,27.65,-90.3,1.39,-27.0,-3.81,-23029609,-101094,-25867781,-1956202,846247,359696,缩量,低,情绪退潮,观望,资金观望型,,D,回避：资金观望,-1.3
002892,科力尔,8.57,-74.8,0.65,-31.8,-4.12,-6693188,-6059682,-15793549,-2111351,-2489926,2420548,缩量,低,情绪退潮,观望,资金观望型,,D,回避：资金观望,-1.4
002833,弘亚数控,19.29,-26.7,0.57,-12.9,1.24,4263707,3057949,-8726853,62948,1477973,-5068567,缩量,低,情绪退潮,进场,资金观望型,资金+业绩共振(双击候选),B,关注：资金+业绩共振,72.4
002895,川恒股份,30.35,-91.7,0.54,-42.5,-3.75,-14181353,-3439883,-4758805,-1636135,-472632,2405292,缩量,低,情绪退潮,观望,资金观望型,,D,回避：资金观望,-1.2
002896,中大力德,60.6,-77.9,1.42,9.3,0.31,6142155,-50127084,-195620116,-328699,4297457,8681783,缩量,低,情绪退潮,观望,资金观望型,,D,回避：资金观望,0.1
002843,泰嘉股份,15.03,-78.0,0.33,-33.2,1.98,8508963,9651442,6331924,7261128,4276090,-7175268,缩量,低,情绪退潮,进场,趋势转多型,纯资金炒作(亏损风险),C,谨慎：纯资金炒作,12.7
002841,视源股份,44.8,-93.7,3.97,-21.2,-1.12,-13551458,-16156104,8635669,136103,1373202,-907009,缩量,低,情绪退潮,吸筹,资金观望型,机构吸筹+盈利(关注),C,谨慎：资金流入未验证业绩,23.6
002900,哈三联,13.01,-51.1,6.03,141.0,1.11,15139536,76843089,33948068,-7629011,-66220,16428379,缩量,低,情绪退潮,观望,趋势转多型,,D,回避：资金观望,0.4
002901,大博医疗,41.0,-86.7,1.08,27.7,-0.09,-258064,6811872,-26716519,-1215601,-1137442,2185603,缩量,低,情绪退潮,观望,资金观望型,,D,回避：资金观望,-0.0
002902,铭普光磁,26.06,-70.2,0.31,30.5,-6.77,-146589832,104898030,472921462,-1453478,520618,18066621,缩量,低,情绪退潮,观望,高位分歧型,,D,回避：资金观望,-2.3
002852,道道全,8.6,43.5,0.65,-41.3,7.87,51522020,50011516,63944750,3032685,4464625,-3043653,缩量,中,主力惜售,吸筹,资金观望型,资金+业绩共振(双击候选),B,关注：资金+业绩共振,78.6
002905,金逸影视,8.74,-62.6,0.7,-39.4,-6.23,-12788431,-11775170,-21383640,589167,434557,5575,缩量,低,情绪退潮,观望,资金观望型,,D,回避：资金观望,-2.1
002906,华阳集团,26.94,-74.6,0.61,-37.0,-6.88,-36291730,-37646273,-91548165,-126497,3806414,2917052,缩量,低,情绪退潮,观望,资金撤退型,,D,回避：资金撤退,-2.3
002846,英联股份,11.58,131.7,0.42,286.2,10.4,115740009,145671002,138393446,-7420409,12161004,11621044,放量,高,主力主导放量🔥(最强),进场,短线抢筹型,资金+业绩共振(双击候选),A,金股候选：资金强攻+业绩共振,95.5
002908,德生科技,7.05,-73.9,1.05,-25.3,1.9,2151047,5372189,-2344794,-1457488,-742692,652510,缩量,低,情绪退潮,观望,趋势转多型,,D,回避：资金观望,0.6
002848,高斯贝尔,14.6,-51.3,1.05,8.8,3.19,25232669,-43481340,-6474210,2623247,196533,-2046063,缩量,低,情绪退潮,进场,资金观望型,纯资金炒作(亏损风险),C,谨慎：纯资金炒作,13.1
002910,庄园牧场,10.21,-64.2,2.09,-54.2,-0.38,-928316,-5589800,-10057704,3284557,1100701,-7634677,缩量,低,情绪退潮,观望,资金撤退型,,D,回避：资金撤退,-0.1
002911,佛燃能源,11.29,-72.4,0.84,-34.9,1.88,4275806,6179540,10411039,-2755000,-1129000,3039626,缩量,低,情绪退潮,观望,均衡流入型,,D,回避：资金观望,0.6
002859,洁美科技,59.16,-91.7,2.49,-6.5,-4.78,-150657242,-220262904,-276228186,-1409568,3309111,-938111,缩量,低,情绪退潮,吸筹,资金撤退型,机构吸筹+盈利(关注),C,谨慎：资金流入未验证业绩,22.4
002866,传艺科技,16.9,177.5,0.16,76.9,7.83,68115880,62384302,49867880,-27512894,-8275647,29408618,放量,中,主力偏强放量,进场,资金观望型,资金+业绩共振(双击候选),B,关注：资金+业绩共振,90.6
002860,星帅尔,18.39,-100.0,3.34,-16.2,6.85,68642530,21643970,44294666,0,0,0,缩量,中,主力惜售,进场,资金观望型,资金+业绩共振(双击候选),B,关注：资金+业绩共振,86.3
002887,绿茵生态,8.86,-40.1,0.51,13.9,1.5,5060328,3711049,-12406058,4869620,1634108,-4478960,缩量,低,情绪退潮,进场,资金观望型,资金+业绩共振(双击候选),B,关注：资金+业绩共振,72.5
002879,长缆科技,17.22,-71.9,2.26,17.9,7.39,87089985,105249422,111228179,-536690,2870632,-3882471,缩量,中,主力惜售,进场,均衡流入型,资金+业绩共振(双击候选),B,关注：资金+业绩共振,86.5
002918,蒙娜丽莎,10.32,-67.4,1.09,-24.3,-0.49,-4071728,18578633,77918594,-974090,-943129,6696407,缩量,低,情绪退潮,观望,高位分歧型,,D,回避：资金观望,-0.2
002919,名臣健康,15.61,-58.3,0.55,-18.6,-7.35,-19050476,-21710429,-19025167,-3940724,-1300824,690410,缩量,低,情绪退潮,观望,资金观望型,,D,回避：资金观望,-2.4
002920,德赛西威,80.18,-85.6,1.0,-28.7,-5.45,-86384862,-110451431,-124381759,8017084,1143948,-2322265,缩量,低,情绪退潮,观望,资金撤退型,,D,回避：资金撤退,-1.8
002921,联诚精密,19.82,-90.4,0.62,-32.0,-6.97,-23157960,-28699778,-51946920,434589,0,8455,缩量,低,情绪退潮,观望,资金撤退型,,D,回避：资金撤退,-2.3
002922,伊戈尔,21.73,-85.6,0.56,-48.6,-1.67,-16869003,-24622909,24812852,-632458,3802864,3766146,缩量,低,情绪退潮,观望,资金观望型,,D,回避：资金观望,-0.6
002923,润都股份,11.07,-72.9,0.83,2.2,-1.56,-3883625,-7429607,-12612427,-2854277,1556465,4485309,缩量,低,情绪退潮,观望,资金撤退型,,D,回避：资金撤退,-0.5
002869,金溢科技,17.2,-25.7,0.76,150.5,1.02,4310584,54444724,44385532,553906,591442,948679,缩量,低,情绪退潮,进场,趋势转多型,纯资金炒作(亏损风险),C,谨慎：纯资金炒作,12.3
002926,华西证券,8.15,-85.5,0.8,-17.7,-15.16,-58122281,-33965421,-15959231,93099,-1133274,-1839697,缩量,低,情绪退潮,观望,资金观望型,,D,回避：资金观望,-5.1
002927,泰永长征,18.88,-24.6,0.73,104.9,-4.8,-48038415,60539748,57784598,-12086133,-2129193,16449234,缩量,低,情绪退潮,观望,资金观望型,,D,回避：资金观望,-1.6
002928,华夏航空,6.14,-79.7,0.57,-0.3,0.91,6527774,-1592564,-70140760,-4848148,-1933369,113703,缩量,低,情绪退潮,观望,资金观望型,,D,回避：资金观望,0.3
002929,润建股份,47.11,-92.6,0.49,-11.1,-0.13,-1624913,67774698,-80859134,-3623086,-2497360,1711830,缩量,低,情绪退潮,观望,资金观望型,,D,回避：资金观望,-0.0
002930,宏川智慧,9.01,-86.2,0.16,-48.7,-0.43,-730864,-3629323,-21035333,506836,0,-856571,缩量,低,情绪退潮,观望,资金撤退型,,D,回避：资金撤退,-0.1
002882,金龙羽,25.54,154.8,2.15,2.5,11.26,179714980,278397084,450708893,-58132929,-42750354,36586944,放量,高,主力主导放量🔥(最强),进场,主力强攻型,资金+业绩共振(双击候选),A,金股候选：资金强攻+业绩共振,95.8
002933,新兴装备,27.64,-62.1,0.51,-20.0,-1.44,-2164795,-7664396,-28172347,522839,0,-2038054,缩量,低,情绪退潮,观望,资金撤退型,,D,回避：资金撤退,-0.5
002897,意华股份,59.51,-76.6,0.9,-23.6,-12.07,-308341215,-425271724,422563698,19505731,15888433,-9760444,缩量,低,情绪退潮,吸筹,长线吸筹型,机构吸筹+盈利(关注),C,谨慎：资金流入未验证业绩,20.0
002884,凌霄泵业,15.31,-86.1,0.41,-37.9,0.53,409298,-3048030,-5929362,350520,41340,444138,缩量,低,情绪退潮,进场,资金观望型,资金+业绩共振(双击候选),B,关注：资金+业绩共振,72.2
002899,英派斯,20.56,-74.1,0.5,-15.0,2.68,8830471,-4798731,13405814,177295,-836615,-1020696,缩量,低,情绪退潮,进场,资金观望型,资金+业绩共振(双击候选),B,关注：资金+业绩共振,72.9
002885,京泉华,26.79,-68.9,0.44,-48.6,-4.8,-71484691,-76386362,118854266,3289787,5621600,-2180857,缩量,低,情绪退潮,吸筹,长线吸筹型,机构吸筹+盈利(关注),C,谨慎：资金流入未验证业绩,22.4
002893,京能热力,10.63,78.6,0.51,-68.0,-0.64,-2734970,-29813292,41796185,9316481,4304948,-12654462,放量,低,游资情绪,抢筹,长线吸筹型,机构吸筹+盈利(关注),C,谨慎：资金流入未验证业绩,47.8
002903,宇环数控,28.42,-86.3,0.5,-2.6,1.83,14087298,75619649,7895740,7002819,768985,-4163385,缩量,低,情绪退潮,进场,趋势转多型,纯资金炒作(亏损风险),C,谨慎：纯资金炒作,12.6
002941,新疆交建,10.44,-88.0,0.71,-28.9,-1.43,-4120444,-5687654,-57634067,-1045918,0,-1164312,缩量,低,情绪退潮,观望,资金撤退型,,D,回避：资金撤退,-0.5
002942,新农股份,16.84,-1.0,0.53,-73.2,-1.02,-2191894,-12004785,-78448125,1884172,785240,-1635578,缩量,低,情绪退潮,观望,资金撤退型,,D,回避：资金撤退,-0.3
002943,宇晶股份,28.83,-79.3,0.44,-28.1,3.01,31544678,79229313,-6954760,-1743547,-3472988,7042361,缩量,低,情绪退潮,观望,趋势转多型,,D,回避：资金观望,1.0
002945,华林证券,14.06,-86.1,0.84,-48.7,-14.1,-90244919,-55715656,64092802,-1831391,0,2209244,缩量,低,情绪退潮,观望,高位分歧型,,D,回避：资金观望,-4.7
002946,新乳业,14.54,-86.1,1.04,-35.8,-0.21,-495401,-2253311,-1986903,-1635591,0,2275039,缩量,低,情绪退潮,观望,资金观望型,,D,回避：资金观望,-0.1
002947,恒铭达,57.12,-82.5,0.4,-40.7,-5.29,-73641033,60150413,141757950,-1362043,1757224,-4526017,缩量,低,情绪退潮,观望,高位分歧型,,D,回避：资金观望,-1.8
002948,青岛银行,6.12,-58.6,0.65,-21.7,-6.5,-56950239,-72932561,-233561860,-5250919,-3042638,6926472,缩量,低,情绪退潮,观望,资金撤退型,,D,回避：资金撤退,-2.2
002949,华阳国际,13.29,31.3,0.39,-48.5,-0.87,-3349338,2603962,-401627,-1612357,-1280690,163966,缩量,低,情绪退潮,观望,资金观望型,,D,回避：资金观望,-0.3
002950,奥美医疗,8.57,-71.9,0.23,-2.2,-6.77,-12138204,-21303801,-40053844,-692824,567528,1034900,缩量,低,情绪退潮,观望,资金撤退型,,D,回避：资金撤退,-2.3
002909,集泰股份,6.79,655.5,0.69,-42.3,10.26,244046336,159143175,146116984,-16170333,-18217041,-1432464,放量,高,主力主导放量🔥(最强),进场,资金观望型,纯资金炒作(亏损风险),C,谨慎：纯资金炒作,35.4
002952,亚世光电,19.25,-72.7,0.23,-64.1,-4.95,-13649010,-25377541,-39855890,452654,0,-133809,缩量,低,情绪退潮,观望,资金撤退型,,D,回避：资金撤退,-1.7
002953,日丰股份,9.94,-85.7,1.39,-62.1,-8.04,-21809132,-18014529,-24430609,-1227554,-596401,1939908,缩量,低,情绪退潮,观望,资金观望型,,D,回避：资金观望,-2.7
002955,鸿合科技,35.73,-85.9,3.34,-33.6,0.5,3841077,26246186,110818131,-1571627,-1820689,-310542,缩量,低,情绪退潮,观望,均衡流入型,,D,回避：资金观望,0.2
002956,西麦食品,17.54,-76.4,0.48,157.5,-1.26,-4756243,19700569,8611816,317916,0,543808,缩量,低,情绪退潮,观望,资金观望型,,D,回避：资金观望,-0.4
002957,科瑞技术,35.85,-75.6,0.58,72.3,3.28,135176196,413866506,383905474,-7864066,-680932,13399547,缩量,低,情绪退潮,观望,趋势转多型,,D,回避：资金观望,1.1
002907,华森制药,14.92,-11.9,3.6,19.6,-6.19,-43736294,11557608,-39702332,14282208,17071886,-13333829,缩量,低,情绪退潮,吸筹,资金观望型,机构吸筹+盈利(关注),C,谨慎：资金流入未验证业绩,21.9
002959,小熊电器,35.14,236.1,0.54,278.3,-0.63,-3408583,-6851709,-13878630,899693,147394,554397,放量,低,游资情绪,观望,资金撤退型,,D,回避：资金撤退,7.8
002960,青鸟智控,8.56,-80.7,0.42,14.4,-5.84,-15465644,-21111230,-34518169,772225,0,-915096,缩量,低,情绪退潮,观望,资金撤退型,,D,回避：资金撤退,-1.9
002961,瑞达期货,13.32,-34.3,0.51,78.3,-4.29,-33829719,105616579,78900157,-15881490,-12422454,15615396,缩量,低,情绪退潮,观望,资金观望型,,D,回避：资金观望,-1.4
002912,中新赛克,27.4,537.6,1.15,239.6,10.43,269829144,70979200,171643947,10734021,-19867628,-30264194,放量,高,主力主导放量🔥(最强),进场,资金观望型,资金+业绩共振(双击候选),A,金股候选：资金强攻+业绩共振,95.5
002963,豪尔赛,21.8,-62.2,1.64,-25.2,4.25,33746638,97444175,207866629,-1183165,-2306670,1319188,缩量,低,情绪退潮,观望,主力建仓型,,D,回避：资金观望,1.4
002965,祥鑫科技,29.64,-91.2,1.78,48.6,0.27,3882905,99907509,-51824445,-1929507,-1312942,29678,缩量,低,情绪退潮,观望,趋势转多型,,D,回避：资金观望,0.1
002915,中欣氟材,16.37,-87.5,0.61,-61.1,-9.46,-28666366,-44115201,-100905532,-730185,539753,-268080,缩量,低,情绪退潮,吸筹,资金撤退型,机构吸筹+盈利(关注),C,谨慎：资金流入未验证业绩,20.8
002967,广电计量,17.61,-80.4,0.27,27.4,3.1,17954284,10547163,-2148003,-246081,901723,524259,缩量,低,情绪退潮,观望,资金观望型,,D,回避：资金观望,1.0
002968,新大正,9.73,-3.7,0.57,48.6,-0.45,-1329202,279699,-2330893,-1023020,1132985,300276,缩量,低,情绪退潮,观望,资金观望型,,D,回避：资金观望,-0.1
002969,嘉美包装,10.69,-92.1,0.52,-65.4,-6.84,-51046943,-94950925,74161555,-5568248,-5687996,8584104,缩量,低,情绪退潮,观望,长线吸筹型,,D,回避：资金观望,-2.3
002970,锐明技术,41.58,-72.1,0.32,-43.8,-8.72,-55333665,-89135474,-67466780,3717769,1050085,-2004006,缩量,低,情绪退潮,观望,资金观望型,,D,回避：资金观望,-2.9
002971,和远气体,39.2,-71.4,3.11,22.9,1.91,84180365,464865254,381636007,-22697339,-13646176,26707824,缩量,低,情绪退潮,观望,趋势转多型,,D,回避：资金观望,0.6
002972,科安达,13.16,-74.3,1.57,-37.7,-1.82,-6011605,-34135574,29019721,-2297012,-1353215,72391,缩量,低,情绪退潮,观望,长线吸筹型,,D,回避：资金观望,-0.6
002973,侨银股份,11.67,-62.6,1.54,-5.8,-3.21,-10592921,-333503,-14090107,-9671827,-6404628,3862655,缩量,低,情绪退潮,观望,资金观望型,,D,回避：资金观望,-1.1
002916,深南电路,369.62,-79.1,1.32,1.3,5.12,684465547,371797063,1433396585,-79604316,-100233284,23125186,缩量,中,主力惜售,进场,资金观望型,资金+业绩共振(双击候选),B,关注：资金+业绩共振,85.7
002976,瑞玛精密,22.3,-77.9,1.33,70.1,-1.83,-22521650,-25216324,21908283,-2961849,-3336155,341698,缩量,低,情绪退潮,观望,资金观望型,,D,回避：资金观望,-0.6
002978,安宁股份,25.1,-73.8,0.62,-29.9,-4.94,-7651190,-12775177,-12401400,858139,-970244,-169050,缩量,低,情绪退潮,观望,资金观望型,,D,回避：资金观望,-1.6
002979,雷赛智能,51.89,-89.7,0.91,-17.1,-1.66,-17616285,-38614177,-274594439,-229468,-2233179,-4195095,缩量,低,情绪退潮,观望,资金撤退型,,D,回避：资金撤退,-0.6
002980,华盛昌,106.39,-53.9,0.6,-15.2,-1.87,-86095167,138211785,407828942,35223579,31282389,-45649031,缩量,低,情绪退潮,观望,高位分歧型,,D,回避：资金观望,-0.6
002981,朝阳科技,23.31,-4.4,0.63,276.6,-1.97,-10918071,-49640537,-51550250,879736,2919316,-3523386,缩量,低,情绪退潮,观望,资金撤退型,,D,回避：资金撤退,-0.7
002982,湘佳股份,12.75,-72.9,0.66,-41.1,0.62,1302028,342183,-10572662,-429095,0,17281,缩量,低,情绪退潮,观望,资金观望型,,D,回避：资金观望,0.2
002983,芯瑞达,21.9,-73.7,0.75,-8.4,-4.5,-7395252,-938109,4696736,1241816,669576,-1133385,缩量,低,情绪退潮,观望,资金观望型,,D,回避：资金观望,-1.5
002984,森麒麟,12.94,-83.1,0.46,-34.0,-0.96,-3069611,7375265,-43889261,-4260748,-3099297,4586360,缩量,低,情绪退潮,观望,资金观望型,,D,回避：资金观望,-0.3
002985,北摩高科,26.23,-77.0,0.33,-47.8,-0.85,-3359215,-20359522,-23394022,-403271,0,3511818,缩量,低,情绪退潮,观望,资金撤退型,,D,回避：资金撤退,-0.3
002986,宇新股份,12.58,-90.8,0.51,-36.9,0.07,117938,8595151,-16417743,0,0,93649,缩量,低,情绪退潮,观望,趋势转多型,,D,回避：资金观望,0.0
002987,京北方,10.47,-90.6,1.51,-44.7,-6.82,-23674732,-39068061,-96367364,373820,-545900,-903208,缩量,低,情绪退潮,观望,资金撤退型,,D,回避：资金撤退,-2.3
002913,奥士康,93.73,112.7,0.75,41.2,0.77,38267952,-412923021,-387225546,43085529,14377861,-36656328,放量,低,游资情绪,抢筹,资金观望型,资金+业绩共振(双击候选),B,关注：资金+业绩共振,88.3
002917,金奥博,10.08,-81.3,0.4,-26.3,-7.45,-7115267,-8236699,-12287797,-141787,461113,-231990,缩量,低,情绪退潮,吸筹,资金撤退型,机构吸筹+盈利(关注),C,谨慎：资金流入未验证业绩,21.5
002925,盈趣科技,22.62,-83.7,1.07,-24.0,-5.49,-60284890,-135671784,-139950564,2499662,1420023,-1200114,缩量,低,情绪退潮,吸筹,资金撤退型,机构吸筹+盈利(关注),C,谨慎：资金流入未验证业绩,22.2
002991,甘源食品,37.2,-73.3,0.66,-49.8,-3.46,-2843613,-4805620,-9406550,-335245,-1906104,-420859,缩量,低,情绪退潮,观望,资金撤退型,,D,回避：资金撤退,-1.2
002935,天奥电子,17.64,-37.4,0.3,273.9,2.86,45001998,39491144,25521188,1908284,1603404,-192369,缩量,低,情绪退潮,吸筹,资金观望型,资金+业绩共振(双击候选),B,关注：资金+业绩共振,65.0
002993,奥海科技,32.72,-90.6,1.01,-24.9,-6.52,-37742256,-51424416,-91532062,626126,-887023,466551,缩量,低,情绪退潮,观望,资金撤退型,,D,回避：资金撤退,-2.2
002995,天地在线,17.02,-76.4,0.85,-7.7,-3.02,-14169199,1114827,-15354577,-1340132,1544611,6226414,缩量,低,情绪退潮,观望,资金观望型,,D,回避：资金观望,-1.0
002996,顺博合金,5.93,-79.9,0.46,-46.3,-2.28,-2599906,-3159044,-5342153,-1328105,-1755890,1385201,缩量,低,情绪退潮,观望,资金撤退型,,D,回避：资金撤退,-0.8
002936,郑州银行,1.72,-70.2,1.49,-23.8,0.13,816551,52383971,81307427,6265734,6681977,-2120588,缩量,低,情绪退潮,吸筹,均衡流入型,资金+业绩共振(双击候选),B,关注：资金+业绩共振,64.0
002998,优彩资源,7.96,-83.1,1.65,-39.7,-5.01,-18356860,-39170646,-17835573,276734,-821720,-2080884,缩量,低,情绪退潮,观望,资金观望型,,D,回避：资金观望,-1.7
002999,天禾股份,6.33,-43.8,0.22,-76.7,-1.41,-3676397,-11208845,42181163,-233783,-199058,-603531,缩量,低,情绪退潮,观望,长线吸筹型,,D,回避：资金观望,-0.5
003000,劲仔食品,9.3,-81.4,1.15,-40.7,0.49,623890,-3461729,-16370632,-912400,0,419755,缩量,低,情绪退潮,观望,资金观望型,,D,回避：资金观望,0.2
003001,中岩大地,19.74,-48.4,2.61,498.8,0.38,6409965,180601063,156397164,-31415612,-17697238,43272621,缩量,低,情绪退潮,观望,趋势转多型,,D,回避：资金观望,0.1
002938,鹏鼎控股,80.51,-79.3,0.98,-10.9,-5.62,-428174898,-529078612,-631953995,35084903,19133621,-6521330,缩量,低,情绪退潮,吸筹,资金撤退型,机构吸筹+盈利(关注),C,谨慎：资金流入未验证业绩,22.1
002931,锋龙股份,40.35,-59.1,0.85,-9.3,1.44,13567295,-42108957,-143114341,11897417,6602124,-21182837,缩量,低,情绪退潮,进场,资金观望型,资金+业绩共振(双击候选),B,关注：资金+业绩共振,72.5
003004,声迅股份,62.17,-72.2,9.02,-21.2,-4.95,-26054344,-84497249,-65028253,3497867,1316443,-6361025,缩量,低,情绪退潮,观望,资金观望型,,D,回避：资金观望,-1.7
003005,竞业达,14.89,-25.3,1.9,-63.5,-1.94,-16887319,-44485016,-255055897,-4163972,-171705,11372766,缩量,低,情绪退潮,观望,资金撤退型,,D,回避：资金撤退,-0.6
002937,兴瑞科技,26.06,-51.9,0.84,39.4,4.98,128062986,86531575,-10475873,6366126,921598,10095317,缩量,低,情绪退潮,进场,资金观望型,资金+业绩共振(双击候选),B,关注：资金+业绩共振,73.7
002939,长城证券,7.7,-90.3,0.82,-38.6,-11.1,-41237496,-46481695,-99794699,957467,4397913,-658161,缩量,低,情绪退潮,吸筹,资金撤退型,机构吸筹+盈利(关注),C,谨慎：资金流入未验证业绩,20.3
003008,开普检测,19.78,-78.5,0.45,-24.8,1.31,1064587,-654514,36912,0,0,259678,缩量,低,情绪退潮,观望,资金观望型,,D,回避：资金观望,0.4
003009,中天火箭,44.69,-91.8,0.7,-46.8,-8.98,-38939864,-71051371,-14298702,1125301,-87200,-754372,缩量,低,情绪退潮,观望,长线吸筹型,,D,回避：资金观望,-3.0
003010,若羽臣,27.57,-91.1,1.03,-30.6,-4.74,-30974817,-15728864,-60123690,-886710,-825919,1154161,缩量,低,情绪退潮,观望,资金观望型,,D,回避：资金观望,-1.6
002940,昂利康,23.08,-73.2,0.66,-66.7,-7.51,-34189188,-37215125,143378114,8403704,6700855,-6280419,缩量,低,情绪退潮,吸筹,长线吸筹型,机构吸筹+盈利(关注),C,谨慎：资金流入未验证业绩,21.5
002951,金时科技,15.8,-80.2,1.32,54.1,1.89,14164758,10016755,12982502,3165637,3565178,-1739028,缩量,低,情绪退潮,吸筹,资金观望型,纯资金炒作(亏损风险),C,谨慎：纯资金炒作,4.6
003013,地铁设计,16.07,-45.7,5.18,-16.3,-9.31,-46899144,-118359002,-20607549,1855731,-1182354,3446952,缩量,低,情绪退潮,观望,长线吸筹型,,D,回避：资金观望,-3.1
003015,日久光电,12.13,-85.8,0.73,10.6,-4.12,-8023917,-3171376,-11003226,701096,0,-438887,缩量,低,情绪退潮,观望,资金观望型,,D,回避：资金观望,-1.4
003016,欣贺股份,7.4,-57.4,0.77,11.2,-1.54,-2482711,-5299960,-7523652,-798644,-620540,1256295,缩量,低,情绪退潮,观望,资金撤退型,,D,回避：资金撤退,-0.5
003017,大洋生物,22.84,-45.0,0.44,-3.9,-4.14,-6394372,-8707277,-8217107,2027010,171051,-2398187,缩量,低,情绪退潮,观望,资金观望型,,D,回避：资金观望,-1.4
003018,金富科技,44.1,-80.6,0.73,-50.8,-10.0,-174567688,-110842523,-158217390,-7742770,-3331450,10909034,缩量,低,情绪退潮,观望,资金观望型,,D,回避：资金观望,-3.3
003019,宸展光电,26.57,-85.5,0.66,-26.5,-5.04,-16119183,-43693375,-47836639,-80122,-660500,1250599,缩量,低,情绪退潮,观望,资金撤退型,,D,回避：资金撤退,-1.7
002962,五方光电,16.17,201.9,0.39,190.6,6.58,126131066,129288515,122066620,154077389,161472120,-81516869,放量,中,主力偏强放量,抢筹,趋势转多型,资金+业绩共振(双击候选),B,关注：资金+业绩共振,98.2
002958,青农商行,2.93,-65.2,1.54,-40.7,-0.21,-1495861,57334621,5176204,15185750,13845052,-6981694,缩量,低,情绪退潮,吸筹,资金观望型,机构吸筹+盈利(关注),C,谨慎：资金流入未验证业绩,23.9
003022,联泓新科,18.31,-86.6,0.31,32.8,-5.7,-32385253,-27990394,-55508574,-2916314,-1866943,3889744,缩量,低,情绪退潮,观望,资金观望型,,D,回避：资金观望,-1.9
002966,苏州银行,9.36,-78.1,1.82,-30.8,-0.93,-10547721,-34393043,-189720688,8590008,15536559,-2307545,缩量,低,情绪退潮,吸筹,资金撤退型,机构吸筹+盈利(关注),C,谨慎：资金流入未验证业绩,23.7
003025,思进智能,12.13,-77.7,0.79,-11.3,4.11,6240375,8982608,-3710690,-1650055,-724551,410748,缩量,低,情绪退潮,观望,趋势转多型,,D,回避：资金观望,1.4
003026,中晶科技,32.46,-53.7,0.37,493.5,-4.43,-174842801,-17757002,-39487010,-14403180,-3004010,26922434,缩量,低,情绪退潮,观望,资金观望型,,D,回避：资金观望,-1.5
003027,同兴科技,16.73,-64.9,0.14,-13.9,2.34,2494205,1955261,1738164,-1616569,0,522454,缩量,低,情绪退潮,观望,资金观望型,,D,回避：资金观望,0.8
003028,振邦智能,23.53,-74.6,0.54,-18.1,-2.54,-2405554,-3555192,991001,200337,0,21450,缩量,低,情绪退潮,观望,资金观望型,,D,回避：资金观望,-0.8
003029,吉大正元,17.63,-47.1,1.22,-12.5,-11.86,-66524819,-78656951,-3234468,99282,-1055347,3631303,缩量,低,情绪退潮,观望,长线吸筹型,,D,回避：资金观望,-4.0
002990,盛视科技,51.96,-54.1,0.65,102.8,8.67,330504157,400362472,424680894,-21008900,-26102831,21449748,缩量,中,主力惜售,进场,均衡流入型,资金+业绩共振(双击候选),B,关注：资金+业绩共振,86.9
003031,中瓷电子,119.03,-75.5,0.65,20.8,-6.46,-293395193,-209959711,-268354604,12297263,6980513,-17781340,缩量,低,情绪退潮,观望,资金观望型,,D,回避：资金观望,-2.2
002992,宝明科技,33.06,-83.8,0.4,10.2,1.75,5118515,-1323347,-9487789,57039,0,726380,缩量,低,情绪退潮,进场,资金观望型,资金+业绩共振(双击候选),B,关注：资金+业绩共振,72.6
002975,博杰股份,104.32,-35.7,0.98,-0.6,3.62,223017363,343318521,368746745,33444727,30090614,5314543,缩量,低,情绪退潮,进场,均衡流入型,资金+业绩共振(双击候选),B,关注：资金+业绩共振,73.2
003035,南网能源,5.32,-75.5,0.29,-42.6,-0.81,-4207320,-96833382,-12038332,7012158,3967822,-6096414,缩量,低,情绪退潮,观望,长线吸筹型,,D,回避：资金观望,-0.3
003036,泰坦股份,45.41,-59.4,0.73,24.3,0.71,22707089,-28468491,-8732665,-11786605,-3033198,23153087,缩量,低,情绪退潮,观望,资金观望型,,D,回避：资金观望,0.2
003037,三和管桩,5.82,-79.3,0.78,-46.0,3.76,3076098,2666389,-3453133,-133507,-514789,611593,缩量,低,情绪退潮,观望,资金观望型,,D,回避：资金观望,1.3
003038,鑫铂股份,10.8,-77.3,0.55,-24.1,-0.74,-918413,5118595,3960691,272108,560040,-765852,缩量,低,情绪退潮,观望,资金观望型,,D,回避：资金观望,-0.2
002988,豪美新材,31.56,-42.4,0.5,-54.4,1.41,6518386,35278278,136075734,4353051,973185,-6504017,缩量,低,情绪退潮,进场,均衡流入型,资金+业绩共振(双击候选),B,关注：资金+业绩共振,72.5
003040,楚天龙,14.18,-21.1,2.04,-47.9,-8.3,-266702022,-388046494,-102335454,-15126892,-7239811,30122806,缩量,低,情绪退潮,观望,长线吸筹型,,D,回避：资金观望,-2.8
002997,瑞鹄模具,26.26,-66.0,0.27,-18.4,-5.85,-11252909,-139496716,-138079007,1406446,2319988,-1974861,缩量,低,情绪退潮,吸筹,资金观望型,机构吸筹+盈利(关注),C,谨慎：资金流入未验证业绩,22.1
003042,中农联合,14.38,-60.6,0.54,-36.0,-0.07,-291956,-1889947,-19378413,798762,322162,627624,缩量,低,情绪退潮,观望,资金撤退型,,D,回避：资金撤退,-0.0
003043,华亚智能,58.19,-83.6,2.21,-32.2,-4.38,-44882305,-10746708,-256379900,-3072041,-3697782,7110969,缩量,低,情绪退潮,观望,资金观望型,,D,回避：资金观望,-1.5
003003,天元股份,11.12,-65.1,0.56,-5.6,0.35,600920,-1327721,-4488157,293467,0,-1212427,缩量,低,情绪退潮,进场,资金观望型,资金+业绩共振(双击候选),B,关注：资金+业绩共振,72.1
002989,中天精装,23.18,-67.3,0.49,109.6,8.13,117422886,139057600,140523620,-8408629,-6914452,8525844,缩量,中,主力惜售,进场,均衡流入型,纯资金炒作(亏损风险),C,谨慎：纯资金炒作,26.7
003007,直真科技,39.85,-80.8,0.23,-15.6,1.21,3236944,1050302,-14051520,3848971,634176,-3636920,缩量,低,情绪退潮,进场,资金观望型,资金+业绩共振(双击候选),B,关注：资金+业绩共振,72.4
003002,壶化股份,15.93,-29.6,0.44,-53.5,-8.19,-33021283,-84370730,17487535,2952857,2426229,-2264583,缩量,低,情绪退潮,吸筹,长线吸筹型,机构吸筹+盈利(关注),C,谨慎：资金流入未验证业绩,21.3
600004,白云机场,7.7,-70.1,0.6,-33.8,4.86,11415627,23812551,-26308537,-1913230,611801,827068,缩量,低,情绪退潮,观望,趋势转多型,,D,回避：资金观望,1.6
003012,东鹏控股,4.59,-61.7,0.44,-9.3,5.71,10589725,12328589,9305449,2056773,0,-1632188,缩量,中,主力惜售,进场,趋势转多型,资金+业绩共振(双击候选),B,关注：资金+业绩共振,85.9
003011,海象新材,19.8,-73.4,0.62,24.2,2.0,6224852,2162827,-21336606,331848,515799,-817238,缩量,低,情绪退潮,进场,资金观望型,资金+业绩共振(双击候选),B,关注：资金+业绩共振,72.7
003006,百亚股份,22.91,507.5,0.83,118.5,26.16,1277694330,2406996088,2876270421,77455884,5464242,-41837653,放量,高,主力主导放量🔥(最强),进场,主力强攻型,资金+业绩共振(双击候选),A,金股候选：资金强攻+业绩共振,97
600008,首创环保,2.72,-79.7,0.88,-27.5,-4.77,-28996575,-40965066,-43904480,2136371,-4565541,-1811360,缩量,低,情绪退潮,观望,资金撤退型,,D,回避：资金撤退,-1.6
600009,上海机场,22.35,-88.1,0.97,-24.5,-7.53,-39653675,-122432506,-116768673,-7724160,-5481068,5227386,缩量,低,情绪退潮,观望,资金观望型,,D,回避：资金观望,-2.5
003020,立方制药,17.35,-92.8,8.71,2.1,5.38,13422070,13264897,-914879,1053095,-516392,-2331857,缩量,中,主力惜售,进场,资金观望型,资金+业绩共振(双击候选),B,关注：资金+业绩共振,85.8
003021,兆威机电,69.46,-76.2,0.52,-5.8,-0.12,-839220,15358470,-37305224,4898161,3848999,-1892585,缩量,低,情绪退潮,吸筹,资金观望型,机构吸筹+盈利(关注),C,谨慎：资金流入未验证业绩,24.0
600012,皖通高速,15.65,-87.9,1.92,-45.2,2.25,4964706,-2015965,19055809,-942733,-598304,1693918,缩量,低,情绪退潮,观望,资金观望型,,D,回避：资金观望,0.8
600015,华夏银行,6.26,-66.8,0.61,-47.0,-3.05,-43925911,-84424622,-165688161,8686695,-2673779,-1045067,缩量,低,情绪退潮,观望,资金撤退型,,D,回避：资金撤退,-1.0
600016,民生银行,3.49,-78.5,1.52,-24.1,-4.74,-134199367,-297624539,-466181099,-8032806,-4977318,8011719,缩量,低,情绪退潮,观望,资金撤退型,,D,回避：资金撤退,-1.6
003023,彩虹集团,25.21,-88.2,0.65,-48.0,6.15,12208982,10911884,44545025,-635316,0,820064,缩量,中,主力惜售,进场,资金观望型,资金+业绩共振(双击候选),B,关注：资金+业绩共振,86.0
003030,祖名股份,26.06,-84.8,1.28,-21.5,0.25,767535,-8130550,-8928845,1946213,91570,796934,缩量,低,情绪退潮,进场,资金观望型,资金+业绩共振(双击候选),B,关注：资金+业绩共振,72.1
600019,宝钢股份,5.92,-54.8,0.77,-21.6,2.51,58366039,98174142,49679857,-4788273,14518241,18917105,缩量,低,情绪退潮,观望,趋势转多型,,D,回避：资金观望,0.8
003032,传智教育,8.66,-83.1,12.07,-28.2,0.42,7908770,31227502,-226630967,6198830,4154369,-7016842,缩量,低,情绪退潮,进场,趋势转多型,纯资金炒作(亏损风险),C,谨慎：纯资金炒作,12.1
600021,上海电力,12.78,-94.4,0.94,-48.7,-14.15,-127144945,-275426796,-173533892,-3126156,-3112442,1594278,缩量,低,情绪退潮,观望,长线吸筹型,,D,回避：资金观望,-4.7
003039,顺控发展,12.41,-65.5,0.62,-71.8,-8.2,-19483703,-66397690,1468892,725627,774262,-107400,缩量,低,情绪退潮,吸筹,长线吸筹型,机构吸筹+盈利(关注),C,谨慎：资金流入未验证业绩,21.3
003816,中国广核,4.24,-70.7,0.66,-27.9,9.56,151333621,128263311,-40157386,-4259977,-1581710,6288008,缩量,中,主力惜售,进场,资金观望型,资金+业绩共振(双击候选),B,关注：资金+业绩共振,87.2
003033,征和工业,85.3,-73.6,1.78,63.0,-4.73,-48997091,-67534815,-32090902,2222468,1476733,-161589,缩量,低,情绪退潮,吸筹,资金观望型,机构吸筹+盈利(关注),C,谨慎：资金流入未验证业绩,22.4
600026,中远海能,20.77,-55.4,0.49,-5.0,-10.3,-578912585,-526490309,254565304,-63109662,-41448324,80329626,缩量,低,情绪退潮,观望,长线吸筹型,,D,回避：资金观望,-3.4
600027,华电国际,4.99,-24.8,0.56,-30.0,-2.1,-31180469,-109172092,-204412008,205495,-7933349,6568248,缩量,低,情绪退潮,观望,资金撤退型,,D,回避：资金撤退,-0.7
600028,XD中国石,5.23,-76.9,0.74,-14.8,-2.18,-99714006,81078794,-25148808,-60930016,-45496515,42457056,缩量,低,情绪退潮,观望,资金观望型,,D,回避：资金观望,-0.7
003041,真爱美家,39.06,-69.4,0.21,95.8,0.25,1071778,90897959,95672358,6916896,7693304,-4225544,缩量,低,情绪退潮,吸筹,均衡流入型,资金+业绩共振(双击候选),B,关注：资金+业绩共振,64.1
600030,中信证券,25.81,-86.8,0.82,-36.6,-7.28,-552074879,-1562091994,-2169725615,-40923582,-22894621,42358018,缩量,低,情绪退潮,观望,资金撤退型,,D,回避：资金撤退,-2.4
600000,浦发银行,9.4,-28.4,0.85,-10.0,4.71,153715136,-76437068,-273857380,19393004,30979518,24722549,缩量,低,情绪退潮,进场,资金观望型,资金+业绩共振(双击候选),B,关注：资金+业绩共振,73.6
600035,楚天高速,3.73,-59.0,1.14,-30.7,-1.24,-2246393,18492112,-14503722,2557291,1199381,-2517893,缩量,低,情绪退潮,观望,资金观望型,,D,回避：资金观望,-0.4
600036,招商银行,41.15,-68.8,0.9,-29.5,-3.54,-315088132,-935574679,-1299513889,-35581568,4048336,68579421,缩量,低,情绪退潮,观望,资金撤退型,,D,回避：资金撤退,-1.2
600037,歌华有线,7.04,-70.8,0.62,-17.1,-3.27,-14180002,14939079,33376406,524724,1111884,2188741,缩量,低,情绪退潮,观望,资金观望型,,D,回避：资金观望,-1.1
600038,中直股份,27.0,-72.7,0.56,-44.8,-1.54,-6062667,-4756734,-76548115,-694150,-1065959,2802324,缩量,低,情绪退潮,观望,资金观望型,,D,回避：资金观望,-0.5
600006,东风股份,5.79,166.6,0.59,148.6,4.49,66994893,87949493,68461304,17891255,18341302,-13629454,放量,低,游资情绪,吸筹,趋势转多型,纯资金炒作(亏损风险),C,谨慎：纯资金炒作,13.5
600048,保利发展,5.56,101.7,0.59,71.5,-3.82,-300210855,-50219352,-155562961,25042729,38375391,-82277138,放量,低,游资情绪,观望,资金观望型,,D,回避：资金观望,6.7
600050,中国联通,4.17,-85.8,0.62,-17.6,-6.0,-106638200,-60941072,-97832819,-5656910,-6514726,8567611,缩量,低,情绪退潮,观望,资金观望型,,D,回避：资金观望,-2.0
600051,宁波联合,6.34,-49.5,0.42,-18.0,0.34,394308,6051393,7652021,-1623624,-1120185,1315945,缩量,低,情绪退潮,观望,均衡流入型,,D,回避：资金观望,0.1
600054,黄山旅游,10.44,-75.2,0.54,-66.2,-11.67,-21511777,-21208242,-43650181,-4658187,-4236234,3604400,缩量,低,情绪退潮,观望,资金观望型,,D,回避：资金观望,-3.9
600007,中国国贸,20.29,-61.6,0.67,8.2,1.58,2677812,4521952,13497996,960384,0,-2162780,缩量,低,情绪退潮,进场,均衡流入型,资金+业绩共振(双击候选),B,关注：资金+业绩共振,72.5
600056,中国医药,8.84,-84.1,1.16,-20.2,-7.75,-23010106,-21138146,-25748813,-4182484,-4805659,1470866,缩量,低,情绪退潮,观望,资金观望型,,D,回避：资金观望,-2.6
600010,包钢股份,2.08,-79.2,0.35,-12.5,-6.79,-166773790,-123619469,-485539908,16394657,22265404,-1175848,缩量,低,情绪退潮,吸筹,资金观望型,机构吸筹+盈利(关注),C,谨慎：资金流入未验证业绩,21.7
600058,五矿发展,8.58,-84.9,0.8,36.1,4.79,20787791,30811898,29840530,-52525,224652,1470400,缩量,低,情绪退潮,观望,趋势转多型,,D,回避：资金观望,1.6
600011,华能国际,7.02,-72.8,0.88,-9.3,0.28,6078462,-136337949,-141647149,14520129,16201988,-851546,缩量,低,情绪退潮,吸筹,资金观望型,资金+业绩共振(双击候选),B,关注：资金+业绩共振,64.1
600060,海信视像,27.45,-85.0,0.85,-12.7,-6.33,-43345882,-111656820,-202574444,1386680,-3179427,-2771614,缩量,低,情绪退潮,观望,资金撤退型,,D,回避：资金撤退,-2.1
600061,国投资本,6.17,-83.4,0.66,-30.1,-11.79,-76922763,-90805038,-81745235,-361446,2362056,5038265,缩量,低,情绪退潮,观望,资金观望型,,D,回避：资金观望,-3.9
600062,华润双鹤,16.2,-66.8,1.59,6.3,-2.8,-9754395,-12910322,-29259348,-3785490,-3151090,11122531,缩量,低,情绪退潮,观望,资金撤退型,,D,回避：资金撤退,-0.9
600017,日照港,2.84,-65.1,1.03,-23.7,0.1,317249,16269711,14715666,1759077,-1207975,-1209443,缩量,低,情绪退潮,进场,趋势转多型,资金+业绩共振(双击候选),B,关注：资金+业绩共振,72.0
600018,上港集团,5.48,-71.5,0.9,-26.6,-0.26,-2493362,58758412,-54562745,12807252,17308292,-2996747,缩量,低,情绪退潮,吸筹,资金观望型,机构吸筹+盈利(关注),C,谨慎：资金流入未验证业绩,23.9
600020,中原高速,3.88,-46.1,0.57,-9.7,1.22,2460932,31973711,31157767,5238410,6095849,-4262488,缩量,低,情绪退潮,吸筹,趋势转多型,资金+业绩共振(双击候选),B,关注：资金+业绩共振,64.4
600067,冠城新材,2.58,-31.1,0.34,38.7,-10.2,-34978006,-84862386,-127901795,2302634,-157049,837319,缩量,低,情绪退潮,观望,资金撤退型,,D,回避：资金撤退,-3.4
600022,山东钢铁,1.29,-62.4,0.93,1.7,1.99,13013285,39907401,49135609,1398068,6218390,-1227852,缩量,低,情绪退潮,吸筹,均衡流入型,资金+业绩共振(双击候选),B,关注：资金+业绩共振,64.7
600031,三一重工,17.15,-81.6,0.51,55.9,-5.33,-241898246,-449802798,-1116489063,23468560,25228394,-21528757,缩量,低,情绪退潮,吸筹,资金撤退型,机构吸筹+盈利(关注),C,谨慎：资金流入未验证业绩,22.2
600029,南方航空,4.86,-79.1,0.41,-23.3,-4.13,-34857195,-26309338,-86140392,8023240,20126286,-2254838,缩量,低,情绪退潮,吸筹,资金观望型,机构吸筹+盈利(关注),C,谨慎：资金流入未验证业绩,22.6
600033,福建高速,3.67,-54.7,1.05,25.1,3.95,25256234,64266587,88778253,1848859,3939432,748231,缩量,低,情绪退潮,进场,主力建仓型,资金+业绩共振(双击候选),B,关注：资金+业绩共振,73.3
600025,华能水电,9.89,-67.1,1.1,-21.0,5.02,63301518,67068742,91230415,-9678163,-8905302,9703617,缩量,中,主力惜售,进场,均衡流入型,资金+业绩共振(双击候选),B,关注：资金+业绩共振,85.7
600076,康欣新材,2.12,-64.9,0.54,-21.1,-5.97,-18660011,-59854423,-180005170,1399433,3913219,1528671,缩量,低,情绪退潮,观望,资金撤退型,,D,回避：资金撤退,-2.0
600078,澄星股份,9.84,-93.2,0.31,-60.7,-5.27,-18392373,-53929858,-155522432,-2044228,0,2135279,缩量,低,情绪退潮,观望,资金撤退型,,D,回避：资金撤退,-1.8
600039,四川路桥,8.68,-73.2,0.35,-33.5,6.58,39347614,33534640,-160984772,5330629,2822636,-696802,缩量,中,主力惜售,吸筹,资金观望型,资金+业绩共振(双击候选),B,关注：资金+业绩共振,78.2
600085,同仁堂,23.49,-89.9,1.54,-27.7,-0.85,-2536470,-7285826,-53288023,334034,-1647601,4095824,缩量,低,情绪退潮,观望,资金撤退型,,D,回避：资金撤退,-0.3
600088,中视传媒,13.29,73.7,0.32,68.8,-3.79,-49869210,29101151,161603402,-12118110,-2855460,13554497,放量,低,游资情绪,观望,高位分歧型,,D,回避：资金观望,6.7
600089,特变电工,17.33,-87.5,0.45,-27.4,-17.47,-591828864,-858542069,-1401846177,30650378,18226221,-20992367,缩量,低,情绪退潮,观望,资金撤退型,,D,回避：资金撤退,-5.8
600094,大名城,4.07,-30.9,0.78,40.5,-8.88,-52463647,-59870350,-14534260,6543357,1218022,-9419483,缩量,低,情绪退潮,观望,长线吸筹型,,D,回避：资金观望,-3.0
600095,湘财股份,8.77,-59.1,2.08,-38.1,-6.98,-115910875,14978037,22350519,-1465608,1284297,9237359,缩量,低,情绪退潮,观望,资金观望型,,D,回避：资金观望,-2.3
600032,浙江新能,7.78,106.9,0.4,25.6,12.75,214372472,156729735,198712238,-34120332,-45597648,33887687,放量,高,主力主导放量🔥(最强),进场,资金观望型,资金+业绩共振(双击候选),A,金股候选：资金强攻+业绩共振,96.2
600023,浙能电力,5.26,-56.3,0.66,-18.7,3.47,38991551,33270154,202308184,11051566,14317613,-3481225,缩量,低,情绪退潮,吸筹,资金观望型,资金+业绩共振(双击候选),B,关注：资金+业绩共振,65.2
600098,广州发展,6.28,-74.7,0.55,-34.7,-2.2,-8656131,-7104723,-3727738,757332,1818069,1200181,缩量,低,情绪退潮,观望,资金观望型,,D,回避：资金观望,-0.7
600099,林海股份,9.39,-59.9,0.37,-18.9,0.11,147471,1485064,-1639959,-371360,0,-728306,缩量,低,情绪退潮,观望,趋势转多型,,D,回避：资金观望,0.0
600055,万东医疗,10.52,-84.9,0.88,-1.8,-1.17,-2460320,-2051961,-13824233,362250,658594,-422729,缩量,低,情绪退潮,吸筹,资金观望型,纯资金炒作(亏损风险),C,谨慎：纯资金炒作,3.6
600101,明星电力,7.81,-86.7,0.62,-39.0,-11.17,-28866342,-32407860,-36036693,-2367433,-2354095,319148,缩量,低,情绪退潮,观望,资金撤退型,,D,回避：资金撤退,-3.7
600052,东望时代,3.82,-56.3,0.17,22.2,3.09,5617200,13013564,-11436885,2116878,1583948,-258593,缩量,低,情绪退潮,吸筹,趋势转多型,纯资金炒作(亏损风险),C,谨慎：纯资金炒作,5.0
600103,青山纸业,3.43,-9.9,0.23,-52.7,-2.94,-59287298,99828481,310428301,-8172737,-2042542,-1209829,缩量,低,情绪退潮,观望,高位分歧型,,D,回避：资金观望,-1.0
600059,古越龙山,12.27,938.6,0.97,174.2,2.88,180637383,431549972,662822894,192470054,260649810,-90427970,放量,低,游资情绪,抢筹,主力建仓型,资金+业绩共振(双击候选),B,关注：资金+业绩共振,89.0
600105,永鼎股份,36.6,-79.7,0.72,9.7,-15.47,-2515714911,-1634158363,-1349592891,-140507734,-100293817,151945051,缩量,低,情绪退潮,观望,资金观望型,,D,回避：资金观望,-5.2
600057,厦门象屿,6.06,-84.9,0.42,-37.7,0.94,3478714,-3779507,47231309,4349184,1256374,-1438945,缩量,低,情绪退潮,进场,长线吸筹型,资金+业绩共振(双击候选),B,关注：资金+业绩共振,72.3
600108,亚盛集团,3.92,0.4,0.78,-43.6,-7.84,-201529219,-424792984,-689940175,10911004,9378587,-10752647,缩量,低,情绪退潮,观望,资金撤退型,,D,回避：资金撤退,-2.6
600109,国金证券,8.12,-89.6,0.57,-34.9,-8.7,-51108475,-77482780,-125739335,2086993,3560248,565881,缩量,低,情绪退潮,观望,资金撤退型,,D,回避：资金撤退,-2.9
600110,诺德股份,11.03,-76.7,0.72,15.5,-6.57,-417020955,-143353522,-1246492182,-32951642,-13193964,39900932,缩量,低,情绪退潮,观望,资金观望型,,D,回避：资金观望,-2.2
600111,北方稀土,35.3,-92.3,0.25,4.1,-13.27,-540368785,-711753739,-1841490564,-48444186,-39227832,46133554,缩量,低,情绪退潮,观望,资金撤退型,,D,回避：资金撤退,-4.4
600113,浙江东日,28.09,-87.7,0.62,-58.0,-0.87,-3283825,-12647075,11215760,549723,1701986,-2302538,缩量,低,情绪退潮,观望,资金观望型,,D,回避：资金观望,-0.3
600114,东睦股份,26.07,-70.1,0.7,-28.0,-10.33,-124174339,-234931170,-344775204,25065780,16543993,-18898738,缩量,低,情绪退潮,观望,资金撤退型,,D,回避：资金撤退,-3.4
600063,皖维高新,5.36,-91.1,1.24,17.2,-3.88,-30455761,-62133577,-109415249,4805058,5290996,-1822263,缩量,低,情绪退潮,吸筹,资金撤退型,机构吸筹+盈利(关注),C,谨慎：资金流入未验证业绩,22.7
600116,三峡水利,6.15,-80.9,0.87,-23.4,-3.03,-8211277,-28034931,-23836997,747011,-197928,-430451,缩量,低,情绪退潮,观望,资金观望型,,D,回避：资金观望,-1.0
600064,南京高科,7.88,-32.8,0.78,-14.5,0.91,4720355,48065236,65917385,6134065,5689182,-2366655,缩量,低,情绪退潮,吸筹,均衡流入型,资金+业绩共振(双击候选),B,关注：资金+业绩共振,64.3
600118,中国卫星,55.25,-93.3,0.41,6.5,-4.66,-213182452,-366939260,-642331422,-31006657,-19832768,26094300,缩量,低,情绪退潮,观望,资金撤退型,,D,回避：资金撤退,-1.6
600066,宇通客车,26.62,-69.7,1.02,4.8,4.13,113072324,-27299852,-170775481,4407561,2346144,-4304107,缩量,低,情绪退潮,进场,资金观望型,资金+业绩共振(双击候选),B,关注：资金+业绩共振,73.4
600123,兰花科创,6.9,-80.3,0.64,-35.0,4.44,21451218,59460318,104466062,-1300651,645031,2537569,缩量,低,情绪退潮,观望,主力建仓型,,D,回避：资金观望,1.5
600125,铁龙物流,5.26,-72.9,0.51,-36.2,-9.96,-14747548,3350860,-31721260,-4234537,-883916,2118360,缩量,低,情绪退潮,观望,资金观望型,,D,回避：资金观望,-3.3
600126,杭钢股份,5.95,-92.6,0.46,-35.4,-3.84,-26717231,-56458006,-165270823,-8941372,-3898565,6505240,缩量,低,情绪退潮,观望,资金撤退型,,D,回避：资金撤退,-1.3
600127,金健米业,13.18,1213.1,1.02,-11.5,-2.73,-328298507,413979325,422934454,-40120211,3941633,40881981,放量,低,游资情绪,观望,资金观望型,,D,回避：资金观望,7.1
600128,苏豪弘业,8.62,-74.4,0.58,-29.6,-2.76,-2960464,-1190851,-3371549,-588385,0,812813,缩量,低,情绪退潮,观望,资金观望型,,D,回避：资金观望,-0.9
600129,太极集团,13.51,-90.0,6.11,-7.3,-3.11,-14389451,-26324311,-80136010,7206124,6017130,1396352,缩量,低,情绪退潮,观望,资金撤退型,,D,回避：资金撤退,-1.0
600130,波导股份,4.51,-79.5,0.18,-29.9,-0.35,-1406770,-34466486,1681295,-1135532,-2797973,629426,缩量,低,情绪退潮,观望,长线吸筹型,,D,回避：资金观望,-0.1
600131,国网信通,14.59,-19.8,0.58,-18.4,-3.1,-10902622,-26660506,-18121517,6517209,5346090,-12079411,缩量,低,情绪退潮,观望,资金观望型,,D,回避：资金观望,-1.0
600132,重庆啤酒,37.66,-83.8,0.62,-13.3,-2.45,-9370788,-10641961,-39175148,150421,-537330,2461446,缩量,低,情绪退潮,观望,资金撤退型,,D,回避：资金撤退,-0.8
600133,东湖高新,7.8,-88.8,0.57,-28.8,-11.01,-31710798,-43937710,-92538754,-860426,-506860,289923,缩量,低,情绪退潮,观望,资金撤退型,,D,回避：资金撤退,-3.7
600135,乐凯胶片,7.51,-65.7,0.14,141.8,-2.59,-7356570,44113873,34841863,-1699726,-1179371,1304375,缩量,低,情绪退潮,观望,资金观望型,,D,回避：资金观望,-0.9
600137,浪莎股份,18.01,-66.6,0.28,-10.6,1.65,1710670,-415072,-997084,-418716,0,-210497,缩量,低,情绪退潮,观望,资金观望型,,D,回避：资金观望,0.5
600138,中青旅,6.96,-82.3,0.78,-62.2,-6.21,-9323701,-11878299,-18333639,627194,-328619,-1196619,缩量,低,情绪退潮,观望,资金撤退型,,D,回避：资金撤退,-2.1
600071,凤凰光学,16.21,-79.2,0.41,-20.9,-1.61,-2092091,-5781376,-6263779,128661,627250,-25455,缩量,低,情绪退潮,吸筹,资金撤退型,机构吸筹+盈利(关注),C,谨慎：资金流入未验证业绩,23.5
600143,金发科技,12.82,-89.6,0.55,-1.4,-6.88,-64901973,-70464000,-332899984,-593430,1774520,728528,缩量,低,情绪退潮,观望,资金撤退型,,D,回避：资金撤退,-2.3
600148,长春一东,15.89,-67.6,0.48,-51.6,-5.31,-5226644,-2313379,6200180,89415,0,501364,缩量,低,情绪退潮,观望,高位分歧型,,D,回避：资金观望,-1.8
600149,廊坊发展,5.13,-68.7,0.29,-21.9,-2.27,-3555405,-2703505,9838435,2098148,1030000,-1495718,缩量,低,情绪退潮,观望,长线吸筹型,,D,回避：资金观望,-0.8
600075,新疆天业,4.6,-72.3,0.44,-60.7,5.15,12132195,-10079803,4886007,1695324,1823367,109863,缩量,中,主力惜售,进场,资金观望型,纯资金炒作(亏损风险),C,谨慎：纯资金炒作,25.7
600151,航天机电,9.21,-84.9,0.37,-25.0,-1.7,-10411482,-49231546,-117566259,-1794500,257582,3901303,缩量,低,情绪退潮,观望,资金撤退型,,D,回避：资金撤退,-0.6
600072,中船科技,9.7,48.7,0.29,-32.3,-2.06,-16023091,-46465902,-61646456,140473038,144059460,-74131838,缩量,低,情绪退潮,吸筹,资金撤退型,纯资金炒作(亏损风险),C,谨慎：纯资金炒作,3.3
600073,光明肉业,5.51,-65.0,1.25,-37.3,6.27,11160889,12977445,-14559493,1315089,947979,-1196109,缩量,中,主力惜售,进场,短线抢筹型,纯资金炒作(亏损风险),C,谨慎：纯资金炒作,26.1
600155,华创云信,5.9,-86.1,0.91,-18.2,-17.17,-91845560,-26551127,-52102976,1551049,959192,-2730483,缩量,低,情绪退潮,观望,资金观望型,,D,回避：资金观望,-5.7
600106,重庆路桥,4.47,-79.5,0.36,-26.8,5.99,15146000,9194062,36465950,170835,-1118111,545464,缩量,中,主力惜售,进场,资金观望型,资金+业绩共振(双击候选),B,关注：资金+业绩共振,86.0
600157,永泰能源,1.46,-72.3,0.41,-23.4,-7.59,-186920534,-210309624,-257298108,6833268,26861212,302033,缩量,低,情绪退潮,观望,资金撤退型,,D,回避：资金撤退,-2.5
600158,中体产业,6.92,-84.9,0.18,-44.9,-7.73,-37715078,-77881718,-129853067,-5146930,-6928172,745998,缩量,低,情绪退潮,观望,资金撤退型,,D,回避：资金撤退,-2.6
600160,巨化股份,33.09,-90.1,1.44,5.7,-9.76,-395456164,-908382477,-1650472775,2404307,11098504,5162654,缩量,低,情绪退潮,观望,资金撤退型,,D,回避：资金撤退,-3.3
600161,天坛生物,12.43,-59.5,1.25,-9.2,-4.14,-19961706,-6772880,-55680218,14003497,8841833,4369915,缩量,低,情绪退潮,观望,资金观望型,,D,回避：资金观望,-1.4
600162,香江控股,4.27,-78.6,6.09,-45.0,3.67,81446204,38195409,293519886,-17223126,-13122800,23116511,缩量,低,情绪退潮,观望,资金观望型,,D,回避：资金观望,1.2
600163,中闽能源,5.55,27.3,0.41,97.8,-2.4,-39127052,339736840,397937709,-12347830,-7408969,12997486,缩量,低,情绪退潮,观望,资金观望型,,D,回避：资金观望,-0.8
600165,宁科生物,3.29,26.0,0.69,19.3,-1.2,-3090139,-14283390,-26455573,-285096,1027033,1480164,缩量,低,情绪退潮,观望,资金撤退型,,D,回避：资金撤退,-0.4
600104,上汽集团,10.87,-70.1,1.0,-51.4,8.72,148025348,14515637,795757027,10243496,9885028,-473067,缩量,中,主力惜售,吸筹,资金观望型,资金+业绩共振(双击候选),B,关注：资金+业绩共振,78.9
600167,联美控股,5.6,-77.2,0.7,-42.9,1.15,1420015,-8098378,-3103876,-812710,-1303547,129783,缩量,低,情绪退潮,观望,资金观望型,,D,回避：资金观望,0.4
600168,武汉控股,4.36,-74.8,0.62,-25.1,-6.03,-5037841,-3157951,-14068080,928281,1285465,-1344751,缩量,低,情绪退潮,观望,资金观望型,,D,回避：资金观望,-2.0
600081,东风科技,11.89,459.8,0.18,87.3,3.2,12777985,6200795,-3467554,35866281,35566971,-20000692,放量,低,游资情绪,抢筹,资金观望型,资金+业绩共振(双击候选),B,关注：资金+业绩共振,89.1
600171,上海贝岭,21.96,-86.4,0.69,27.4,-3.13,-22551840,-38019836,-124435476,-15993,-2049991,-5199155,缩量,低,情绪退潮,观望,资金撤退型,,D,回避：资金撤退,-1.0
600172,黄河旋风,14.6,-59.4,2.5,-30.6,-3.82,-569738596,-1479035114,-377390875,-71697093,-29069074,95737265,缩量,低,情绪退潮,观望,长线吸筹型,,D,回避：资金观望,-1.3
600173,卧龙新能,5.87,-59.8,0.58,-10.2,-3.56,-4597615,-5626826,-17109205,95801,733994,1105594,缩量,低,情绪退潮,观望,资金撤退型,,D,回避：资金撤退,-1.2
600176,中国巨石,39.52,-85.5,1.99,3.8,-10.38,-3135182455,-5177619277,-5601900374,-143716341,-74765557,105084031,缩量,低,情绪退潮,观望,资金撤退型,,D,回避：资金撤退,-3.5
600097,开创国际,9.22,-75.2,0.7,-64.2,0.44,461873,-2841834,-15760806,351184,0,-852828,缩量,低,情绪退潮,进场,资金观望型,资金+业绩共振(双击候选),B,关注：资金+业绩共振,72.1
600178,东安动力,10.02,-25.4,1.82,-5.6,2.96,17511415,318210,-18796927,-1012471,-1050790,-2086773,缩量,低,情绪退潮,观望,资金观望型,,D,回避：资金观望,1.0
600179,安通控股,4.36,-83.1,1.24,-28.9,-2.27,-10013907,-46005846,-40485849,4677915,3000343,-3867032,缩量,低,情绪退潮,观望,资金观望型,,D,回避：资金观望,-0.8
600182,S佳通,12.41,-76.3,0.46,-23.5,-10.06,-7331244,-10965867,-16684809,-1121238,-1135249,712268,缩量,低,情绪退潮,观望,资金撤退型,,D,回避：资金撤退,-3.4
600183,生益科技,129.62,-77.2,2.51,-20.8,-9.35,-2350049844,-3572703604,-3812579707,-299544702,-289389495,304659681,缩量,低,情绪退潮,观望,资金撤退型,,D,回避：资金撤退,-3.1
600184,光电股份,18.03,-79.7,0.36,8.4,-9.02,-141681456,-101906408,142272513,-2379090,-2422870,3586909,缩量,低,情绪退潮,观望,高位分歧型,,D,回避：资金观望,-3.0
600185,珠免集团,4.69,-49.3,0.62,-67.3,-1.55,-7425929,-47677713,-33607058,6035507,2605259,-6562364,缩量,低,情绪退潮,观望,资金观望型,,D,回避：资金观望,-0.5
600096,云天化,27.81,-81.6,0.46,-58.7,-14.61,-230236276,-329255294,-749108886,11824388,16177938,-5245865,缩量,低,情绪退潮,吸筹,资金撤退型,机构吸筹+盈利(关注),C,谨慎：资金流入未验证业绩,19.1
600188,兖矿能源,19.65,-83.2,0.92,-43.7,-5.12,-116638246,-155476077,-647026151,21963190,16041359,-21513574,缩量,低,情绪退潮,观望,资金撤退型,,D,回避：资金撤退,-1.7
600100,同方股份,6.54,-84.6,0.31,-13.4,-9.27,-50364568,-33483411,-71026073,542416,2337797,-615388,缩量,低,情绪退潮,吸筹,资金观望型,机构吸筹+盈利(关注),C,谨慎：资金流入未验证业绩,20.9
600191,华资实业,8.75,-90.7,0.93,-54.0,-19.18,-45555114,-57294153,-77125076,-1269816,0,2568424,缩量,低,情绪退潮,观望,资金撤退型,,D,回避：资金撤退,-6.4
600192,长城电工,7.15,-78.9,1.58,-35.8,-2.13,-10012657,-30805627,44085487,-3749792,0,2435747,缩量,低,情绪退潮,观望,长线吸筹型,,D,回避：资金观望,-0.7
600195,中牧股份,6.74,-65.9,0.57,-37.3,-0.33,-555545,-436104,-33366179,1641571,768007,752836,缩量,低,情绪退潮,观望,资金观望型,,D,回避：资金观望,-0.1
600196,复星医药,23.98,-40.4,1.14,44.0,-7.03,-174846487,-94462598,-266867261,26744927,54415032,4009586,缩量,低,情绪退潮,观望,资金观望型,,D,回避：资金观望,-2.3
600197,伊力特,9.22,-87.9,1.49,-30.3,-0.84,-1648583,891345,-21020783,-176904,0,347005,缩量,低,情绪退潮,观望,资金观望型,,D,回避：资金观望,-0.3
600198,大唐电信,7.23,-90.4,0.59,-45.0,-7.78,-30133401,-71651274,-98014332,-2018372,-2437275,1906537,缩量,低,情绪退潮,观望,资金撤退型,,D,回避：资金撤退,-2.6
600199,金种子酒,6.87,-88.2,4.46,-27.7,-3.55,-25154601,-2931580,-3506862,-1993279,-2483595,1114867,缩量,低,情绪退潮,观望,资金观望型,,D,回避：资金观望,-1.2
600115,中国东航,3.34,-75.6,0.49,-18.5,-2.51,-48627260,-43282762,4860923,17247975,22038490,-6722386,缩量,低,情绪退潮,吸筹,资金观望型,纯资金炒作(亏损风险),C,谨慎：纯资金炒作,3.2
600121,郑州煤电,5.4,157.2,1.43,-34.3,3.77,168720161,114156238,22725426,26548787,-24007780,-21927616,放量,低,游资情绪,进场,资金观望型,纯资金炒作(亏损风险),C,谨慎：纯资金炒作,21.3
600203,福日电子,9.84,-91.1,0.81,-58.2,-2.52,-13363676,-17079283,-249588911,-2216660,-1503747,4339285,缩量,低,情绪退潮,观望,资金撤退型,,D,回避：资金撤退,-0.8
600117,西宁特钢,2.15,-81.6,0.77,-21.5,11.4,16883054,30216161,47670066,-1259575,0,1545363,缩量,高,主力控盘,控盘,主力强攻型,控盘+亏损(警惕),C,谨慎：控盘但亏损,27.8
600206,有研新材,47.89,-73.9,1.7,35.1,-2.31,-400866110,-766122811,-914099559,-182399323,-132663335,188280057,缩量,低,情绪退潮,观望,资金撤退型,,D,回避：资金撤退,-0.8
600207,安彩高科,5.32,93.1,0.28,94.1,2.08,35728617,24171050,99004996,-959880,1918938,5184085,放量,低,游资情绪,观望,资金观望型,,D,回避：资金观望,8.7
600208,衢州发展,2.86,-56.9,0.15,13.4,-1.92,-22678478,-32008262,-20756783,6145563,4662139,-6042210,缩量,低,情绪退潮,观望,资金观望型,,D,回避：资金观望,-0.6
600210,紫江企业,6.32,-63.7,0.51,-28.7,-1.53,-4695310,-17333540,-28001970,1285668,4833251,1301126,缩量,低,情绪退潮,观望,资金撤退型,,D,回避：资金撤退,-0.5
600120,浙江东方,4.65,-91.7,1.03,-43.6,-14.83,-60029849,-52114579,-50456943,3422695,2775372,-981981,缩量,低,情绪退潮,吸筹,资金观望型,机构吸筹+盈利(关注),C,谨慎：资金流入未验证业绩,19.1
600212,绿能慧充,5.69,-81.4,0.41,-8.4,0.54,1749491,-14195454,-36489826,-1621118,-1060770,1295739,缩量,低,情绪退潮,观望,资金观望型,,D,回避：资金观望,0.2
600215,派斯林,6.22,-75.0,0.51,-14.9,-0.42,-688394,-7860531,-20266930,-453793,0,-2141783,缩量,低,情绪退潮,观望,资金撤退型,,D,回避：资金撤退,-0.1
600216,浙江医药,12.4,-84.0,1.32,-25.1,-6.76,-34821540,-92306145,-217262156,-4677138,-3208409,8759076,缩量,低,情绪退潮,观望,资金撤退型,,D,回避：资金撤退,-2.3
600217,中再资环,3.24,-80.8,0.82,-39.7,-0.41,-509138,-4919045,21517325,-391955,-516425,-27574,缩量,低,情绪退潮,观望,长线吸筹型,,D,回避：资金观望,-0.1
600218,全柴动力,7.98,33.6,0.47,184.1,-4.99,-24264277,28834302,18591294,-3653853,-3973135,736125,缩量,低,情绪退潮,观望,资金观望型,,D,回避：资金观望,-1.7
600219,南山铝业,4.69,-81.2,0.83,-34.7,-1.14,-21033802,-142851777,-295959556,14769185,15969685,8136957,缩量,低,情绪退潮,观望,资金撤退型,,D,回避：资金撤退,-0.4
600141,兴发集团,26.94,-87.6,0.95,-46.5,-9.9,-208822391,-279795369,-349889189,3601160,1497064,-716292,缩量,低,情绪退潮,吸筹,资金撤退型,机构吸筹+盈利(关注),C,谨慎：资金流入未验证业绩,20.7
600222,太龙药业,7.89,-78.2,0.63,-6.9,-0.43,-2140430,11752963,-41585653,-4807615,-935595,8362697,缩量,低,情绪退潮,观望,资金观望型,,D,回避：资金观望,-0.1
600223,福瑞达,5.73,-57.2,0.78,-5.8,0.84,1488368,6251746,437092,-2722994,-1335593,2999367,缩量,低,情绪退潮,观望,趋势转多型,,D,回避：资金观望,0.3
600226,亨通股份,5.22,-89.0,1.91,4.8,-5.43,-106549231,-69676230,-307105562,-13985440,-11676663,8558046,缩量,低,情绪退潮,观望,资金观望型,,D,回避：资金观望,-1.8
600227,赤天化,3.82,-79.5,0.71,-56.7,-0.24,-5799512,-127793629,-497663478,-3490422,-496023,8650621,缩量,低,情绪退潮,观望,资金撤退型,,D,回避：资金撤退,-0.1
600228,返利科技,10.19,-44.1,5.66,-6.0,-10.89,-167981463,-134104079,-73644637,-7018056,-10275877,597493,缩量,低,情绪退潮,观望,资金观望型,,D,回避：资金观望,-3.6
600229,城市传媒,5.73,37.4,0.68,-15.7,-3.46,-8643834,5420173,30736828,-6566814,-5428498,6142341,缩量,低,情绪退潮,观望,高位分歧型,,D,回避：资金观望,-1.2
600150,中国船舶,39.28,-50.5,0.48,-41.5,-3.09,-460193526,97650911,646582016,127093099,157715268,-106898341,缩量,低,情绪退潮,吸筹,资金观望型,机构吸筹+盈利(关注),C,谨慎：资金流入未验证业绩,23.0
600159,大龙地产,2.74,12.2,0.41,-33.7,0.14,345708,785065,-32202655,3197401,2437446,-6163474,缩量,低,情绪退潮,进场,趋势转多型,纯资金炒作(亏损风险),C,谨慎：纯资金炒作,12.0
600153,建发股份,8.64,-29.7,0.55,-11.1,3.04,24853886,31283499,58151263,4607921,-456572,-2913326,缩量,低,情绪退潮,进场,均衡流入型,纯资金炒作(亏损风险),C,谨慎：纯资金炒作,13.0
600233,圆通速递,18.0,-85.9,0.84,2.7,-1.68,-24336094,-26556241,150839401,-7460296,-21558,4263636,缩量,低,情绪退潮,观望,长线吸筹型,,D,回避：资金观望,-0.6
600156,华升股份,7.35,89.0,0.14,165.3,7.04,121378709,139444781,125917486,-51610559,-46444766,31379471,放量,中,主力偏强放量,进场,短线抢筹型,纯资金炒作(亏损风险),C,谨慎：纯资金炒作,30.3
600235,民丰特纸,5.92,-61.3,0.5,0.7,2.23,2644691,2576811,-16418757,-1078108,0,669836,缩量,低,情绪退潮,观望,资金观望型,,D,回避：资金观望,0.7
600236,桂冠电力,9.29,-90.2,1.05,-49.3,-2.27,-8348228,-46383477,-32235209,780684,914777,2327679,缩量,低,情绪退潮,观望,资金观望型,,D,回避：资金观望,-0.8
600237,铜峰电子,8.71,-57.2,1.75,5.9,-0.48,-8880351,-110294737,-32862254,-15687127,-11143259,20310765,缩量,低,情绪退潮,观望,资金观望型,,D,回避：资金观望,-0.2
600177,雅戈尔,8.4,-75.4,0.94,-25.6,4.09,29400701,26019688,-36706171,8030083,9244823,-10086085,缩量,低,情绪退潮,进场,资金观望型,资金+业绩共振(双击候选),B,关注：资金+业绩共振,73.4
600246,万通发展,12.86,-85.1,1.18,29.5,-2.9,-187610974,104034148,54892940,-43273072,-45477448,46039302,缩量,低,情绪退潮,观望,资金观望型,,D,回避：资金观望,-1.0
600248,陕建股份,2.83,-72.6,0.47,-22.5,-2.66,-4955712,11699934,-2793925,390388,-754173,518949,缩量,低,情绪退潮,观望,资金观望型,,D,回避：资金观望,-0.9
600249,两面针,5.35,-75.7,0.26,-35.1,-2.23,-3149118,-9944662,4230894,-1184335,-529200,638464,缩量,低,情绪退潮,观望,长线吸筹型,,D,回避：资金观望,-0.7
600250,南京商旅,8.76,-67.9,0.38,-66.4,-9.28,-24359234,-45620575,-110643345,481683,0,2328375,缩量,低,情绪退潮,观望,资金撤退型,,D,回避：资金撤退,-3.1
600251,冠农股份,9.87,-38.6,0.36,-58.9,-0.99,-8620006,-24881229,-365096241,-1720374,-1573024,4195411,缩量,低,情绪退潮,观望,资金撤退型,,D,回避：资金撤退,-0.3
600170,上海建工,2.22,-58.0,0.66,-2.8,-0.33,-4482201,57243247,70776195,10731185,13604810,-709565,缩量,低,情绪退潮,吸筹,资金观望型,机构吸筹+盈利(关注),C,谨慎：资金流入未验证业绩,23.9
600166,福田汽车,2.8,-63.1,0.46,-19.5,-0.0,-42805,-87850360,-68724376,14057343,14260051,-11097804,缩量,低,情绪退潮,吸筹,资金观望型,机构吸筹+盈利(关注),C,谨慎：资金流入未验证业绩,24.0
600255,鑫科材料,3.35,-82.2,1.33,-53.6,-9.48,-81929537,-157888298,143974980,-7301974,-5287098,6601789,缩量,低,情绪退潮,观望,长线吸筹型,,D,回避：资金观望,-3.2
600256,广汇能源,6.7,-60.6,0.56,-32.3,-1.41,-43292138,18041245,-419342757,-28751906,-23891433,28845125,缩量,低,情绪退潮,观望,资金观望型,,D,回避：资金观望,-0.5
600257,大湖股份,5.46,-85.5,1.09,-47.6,-3.64,-8797852,-25174485,-141390189,-1201905,-545260,-13235,缩量,低,情绪退潮,观望,资金撤退型,,D,回避：资金撤退,-1.2
600258,首旅酒店,10.94,-82.6,0.59,-48.8,-11.8,-67917113,-55926391,-66651671,-5155885,-5165454,2109851,缩量,低,情绪退潮,观望,资金观望型,,D,回避：资金观望,-3.9
600259,中稀有色,74.44,-91.7,0.57,11.7,-4.72,-92682328,50401794,-69461198,6312764,7183494,-8794306,缩量,低,情绪退潮,观望,资金观望型,,D,回避：资金观望,-1.6
600261,阳光照明,3.28,-57.9,0.17,271.4,-11.51,-34263134,40102363,46485547,2415054,1862712,-2549154,缩量,低,情绪退潮,观望,资金观望型,,D,回避：资金观望,-3.8
600262,北方股份,14.57,-87.6,0.54,-36.3,-9.26,-20347563,-30709541,-26693114,128677,21870,-552999,缩量,低,情绪退潮,观望,资金观望型,,D,回避：资金观望,-3.1
600186,莲花控股,11.73,-61.1,0.55,-18.4,0.16,22023819,-1177593036,-80250904,58133835,46001289,-14762110,缩量,低,情绪退潮,吸筹,长线吸筹型,资金+业绩共振(双击候选),B,关注：资金+业绩共振,64.1
600266,城建发展,4.25,30.7,0.55,54.6,-5.55,-62336167,-103280595,-103730366,21175610,15016892,-24268775,缩量,低,情绪退潮,观望,资金撤退型,,D,回避：资金撤退,-1.8
600267,海正药业,11.79,-81.3,2.24,9.8,-1.41,-14687416,41028791,-24907035,773475,11147400,12599794,缩量,低,情绪退潮,观望,资金观望型,,D,回避：资金观望,-0.5
600152,维科技术,8.47,254.7,0.08,70.8,5.46,59693334,48186252,38461149,16645120,5237332,-7528236,放量,中,主力偏强放量,进场,资金观望型,纯资金炒作(亏损风险),C,谨慎：纯资金炒作,29.8
600201,生物股份,11.63,-86.7,0.53,-12.2,1.66,8053699,-24186635,-57294832,1821615,2107208,-1030543,缩量,低,情绪退潮,吸筹,资金观望型,资金+业绩共振(双击候选),B,关注：资金+业绩共振,64.6
600189,泉阳泉,8.85,179.4,0.76,119.4,10.37,135007698,125267143,122365917,-6154818,-11556392,-20127115,放量,高,主力主导放量🔥(最强),进场,资金观望型,资金+业绩共振(双击候选),A,金股候选：资金强攻+业绩共振,95.5
600202,哈空调,5.18,-66.6,0.45,-13.0,2.81,3175455,412353,-2157504,826558,0,1040176,缩量,低,情绪退潮,进场,资金观望型,资金+业绩共振(双击候选),B,关注：资金+业绩共振,72.9
600211,西藏药业,36.45,-80.0,1.02,-23.0,-3.38,-12823828,-32426556,-62918199,2167728,2133283,-663041,缩量,低,情绪退潮,吸筹,资金撤退型,机构吸筹+盈利(关注),C,谨慎：资金流入未验证业绩,22.9
600221,海航控股,1.22,-79.1,0.24,14.1,-10.41,-127793516,-266295440,-348536849,4179832,7052962,-340344,缩量,低,情绪退潮,吸筹,资金撤退型,机构吸筹+盈利(关注),C,谨慎：资金流入未验证业绩,20.5
600278,东方创业,6.51,-60.4,0.49,-13.9,-4.24,-5162037,-15848743,-12915134,24312,0,-2001848,缩量,低,情绪退潮,观望,资金观望型,,D,回避：资金观望,-1.4
600279,重庆港,4.29,-80.1,0.7,-38.5,-0.81,-791580,3484354,-5226622,-417321,-619744,-22694,缩量,低,情绪退潮,观望,资金观望型,,D,回避：资金观望,-0.3
600280,中央商场,2.99,-73.5,1.84,-58.8,-4.89,-17052422,-66144904,42563250,-2631002,-2802656,448338,缩量,低,情绪退潮,观望,长线吸筹型,,D,回避：资金观望,-1.6
600281,华阳新材,4.67,-54.2,1.03,59.1,3.99,15193770,41657516,50425095,-334538,0,4199285,缩量,低,情绪退潮,观望,主力建仓型,,D,回避：资金观望,1.3
600282,南钢股份,4.51,-56.6,0.7,9.0,-2.39,-15630399,-104681582,-20252154,5195677,9399852,14064232,缩量,低,情绪退潮,观望,长线吸筹型,,D,回避：资金观望,-0.8
600283,钱江水利,8.02,-83.6,0.64,-47.9,-6.22,-4511582,-14239721,-24040638,-72983,0,512899,缩量,低,情绪退潮,观望,资金撤退型,,D,回避：资金撤退,-2.1
600230,沧州大化,13.24,-37.2,0.67,29.1,2.18,35950094,1089973,-34986172,14411924,8143533,-14491267,缩量,低,情绪退潮,进场,资金观望型,资金+业绩共振(双击候选),B,关注：资金+业绩共振,72.7
600285,羚锐制药,18.88,-86.5,1.67,-33.3,-10.61,-39360434,-53852138,-130510739,-3996028,883746,1469130,缩量,低,情绪退潮,观望,资金撤退型,,D,回避：资金撤退,-3.5
600287,苏豪时尚,4.99,-66.9,0.5,-16.3,-5.54,-3768309,-2781566,-6813660,277773,679298,222600,缩量,低,情绪退潮,观望,资金观望型,,D,回避：资金观望,-1.8
600288,大恒科技,10.47,-94.7,2.79,-45.8,-7.84,-33217982,-40742241,-108713695,-8184066,-5857505,5107589,缩量,低,情绪退潮,观望,资金撤退型,,D,回避：资金撤退,-2.6
600292,电投水电,11.36,-78.7,0.44,-15.0,-7.56,-27617076,-64573105,-87720914,5833436,3121421,-4365381,缩量,低,情绪退潮,观望,资金撤退型,,D,回避：资金撤退,-2.5
600293,三峡新材,3.93,-100.0,1.44,225.6,-0.74,-17384027,60759726,64360098,0,0,0,缩量,低,情绪退潮,观望,资金观望型,,D,回避：资金观望,-0.2
600295,鄂尔多斯,12.84,-84.3,0.73,-36.3,-3.23,-11387127,-36816680,-5479029,930739,514082,-833517,缩量,低,情绪退潮,观望,长线吸筹型,,D,回避：资金观望,-1.1
600231,凌钢股份,1.64,-1.9,0.51,86.2,7.34,30920801,35610188,37174292,-6542887,-4675590,5716043,缩量,中,主力惜售,进场,均衡流入型,纯资金炒作(亏损风险),C,谨慎：纯资金炒作,26.4
600234,科新发展,19.57,-81.0,0.35,-60.9,-3.82,-7652327,-20767347,36995825,1941884,1562765,-367173,缩量,低,情绪退潮,吸筹,长线吸筹型,纯资金炒作(亏损风险),C,谨慎：纯资金炒作,2.7
600298,安琪酵母,37.54,-89.2,1.6,7.6,-2.21,-27557867,-50044446,-16414512,-2677379,1763923,15143789,缩量,低,情绪退潮,观望,资金观望型,,D,回避：资金观望,-0.7
600299,安迪苏,8.19,-81.7,1.32,-34.9,-5.07,-48376088,-67062933,-186301426,-3169772,48769,5812711,缩量,低,情绪退潮,观望,资金撤退型,,D,回避：资金撤退,-1.7
600300,维维股份,3.07,-75.5,0.35,-48.0,0.37,1062282,9462908,27928643,-578417,-2417463,-1389989,缩量,低,情绪退潮,观望,均衡流入型,,D,回避：资金观望,0.1
600232,金鹰股份,6.68,-15.3,0.46,40.9,5.95,20138523,14688141,21294749,-7599078,-2451383,7246226,缩量,中,主力惜售,进场,资金观望型,资金+业绩共振(双击候选),B,关注：资金+业绩共振,86.0
600303,曙光股份,3.12,-33.9,0.98,37.2,-0.83,-3367559,36697773,53672684,1483609,1586010,1044097,缩量,低,情绪退潮,观望,资金观望型,,D,回避：资金观望,-0.3
600305,恒顺醋业,6.71,-81.5,1.21,-15.0,-6.5,-11995462,-7954334,-23706275,-1596682,-2401861,94691,缩量,低,情绪退潮,观望,资金观望型,,D,回避：资金观望,-2.2
600307,酒钢宏兴,1.45,-67.9,0.52,-12.4,2.59,8012660,23983894,-16879925,-280004,-443380,706282,缩量,低,情绪退潮,观望,趋势转多型,,D,回避：资金观望,0.9
600241,时代万恒,9.72,6.5,0.59,106.4,2.93,11026062,8575082,2971550,7706016,15861096,-3876336,缩量,低,情绪退潮,吸筹,资金观望型,纯资金炒作(亏损风险),C,谨慎：纯资金炒作,5.0
600252,中恒集团,2.19,-75.5,1.69,-9.5,3.6,16598742,27212606,45099030,1310377,3344010,-193424,缩量,低,情绪退潮,吸筹,主力建仓型,纯资金炒作(亏损风险),C,谨慎：纯资金炒作,5.2
600310,广西能源,4.56,-73.8,0.48,-36.4,-0.53,-4989451,-192143234,-213051806,-6792222,-4488705,7761984,缩量,低,情绪退潮,观望,资金撤退型,,D,回避：资金撤退,-0.2
600312,平高电气,20.34,-42.1,0.8,-24.1,-1.09,-16415709,-4279067,16335537,-18261284,-9391660,-4456289,缩量,低,情绪退潮,观望,资金观望型,,D,回避：资金观望,-0.4
600313,农发种业,6.59,-34.1,0.53,-64.3,-7.5,-79107164,-218794529,-75885038,7716517,3146834,-6779385,缩量,低,情绪退潮,观望,长线吸筹型,,D,回避：资金观望,-2.5
600315,上海家化,18.09,-61.1,0.89,-35.8,0.44,1989791,21459973,33778566,-39962,1061639,2099037,缩量,低,情绪退潮,观望,均衡流入型,,D,回避：资金观望,0.1
600316,洪都航空,33.57,-62.9,0.57,-38.7,4.71,52054294,-50131357,-50293573,-4321858,204213,-5851518,缩量,低,情绪退潮,观望,资金观望型,,D,回避：资金观望,1.6
600269,赣粤高速,3.8,-83.6,1.56,-45.9,-3.2,-6061591,16765232,20124538,3432138,3820849,-2453294,缩量,低,情绪退潮,吸筹,资金观望型,机构吸筹+盈利(关注),C,谨慎：资金流入未验证业绩,22.9
600318,新力金融,6.83,-64.5,0.74,-65.4,-9.21,-44220600,-79105963,97714569,-2895698,-650795,4396144,缩量,低,情绪退潮,观望,长线吸筹型,,D,回避：资金观望,-3.1
600319,亚星化学,6.37,-62.8,0.43,-17.2,-1.98,-1876856,-4666840,-19134740,-1236683,-1074035,-183916,缩量,低,情绪退潮,观望,资金撤退型,,D,回避：资金撤退,-0.7
600320,振华重工,4.04,-69.6,0.42,-30.0,-3.27,-17843938,-10308511,-55715893,-185155,2365470,781842,缩量,低,情绪退潮,观望,资金观望型,,D,回避：资金观望,-1.1
600323,瀚蓝环境,29.44,-85.1,0.77,-23.1,-2.99,-13227229,-32362294,-88990475,-2331598,-726789,2354135,缩量,低,情绪退潮,观望,资金撤退型,,D,回避：资金撤退,-1.0
600326,西藏天路,6.64,-92.7,1.41,-27.3,-3.82,-33345705,-72125555,-187156454,-5907919,-3815490,2881330,缩量,低,情绪退潮,观望,资金撤退型,,D,回避：资金撤退,-1.3
600327,大东方,3.85,-84.4,1.2,-40.0,1.71,3379095,-7593703,-19412708,-243527,0,364402,缩量,低,情绪退潮,观望,资金观望型,,D,回避：资金观望,0.6
600328,中盐化工,5.69,-68.4,0.24,-32.4,-11.5,-29587123,-66538975,-48203956,609627,-2383394,322841,缩量,低,情绪退潮,观望,资金观望型,,D,回避：资金观望,-3.8
600329,达仁堂,35.13,-85.7,0.84,-13.5,0.09,222905,5872333,-36185792,-3950169,-2458924,3304228,缩量,低,情绪退潮,观望,趋势转多型,,D,回避：资金观望,0.0
600330,天通股份,27.05,-69.8,0.38,-11.9,-0.72,-67670494,-171953762,673454472,-81007862,-64471704,75579629,缩量,低,情绪退潮,观望,长线吸筹型,,D,回避：资金观望,-0.2
600268,国电南自,10.12,-79.3,0.52,-21.8,-8.5,-36488256,-58384030,-102704423,-417353,1168410,-481024,缩量,低,情绪退潮,吸筹,资金撤退型,机构吸筹+盈利(关注),C,谨慎：资金流入未验证业绩,21.2
600332,白云山,19.58,-84.9,1.14,-31.7,-2.45,-8933438,3087190,-6074458,3553770,2435268,326623,缩量,低,情绪退潮,观望,资金观望型,,D,回避：资金观望,-0.8
600272,开开实业,15.17,-55.9,5.05,-20.8,0.65,12014348,13596009,160037186,4446110,430074,1620204,缩量,低,情绪退潮,进场,长线吸筹型,资金+业绩共振(双击候选),B,关注：资金+业绩共振,72.2
600335,国机汽车,5.27,-57.3,0.84,-21.0,-0.46,-1007913,15479371,-9945269,-572195,-2431220,223410,缩量,低,情绪退潮,观望,资金观望型,,D,回避：资金观望,-0.2
600336,澳柯玛,6.25,-78.7,0.37,-63.3,-3.46,-4446664,-14380587,23222611,-176523,0,-1409170,缩量,低,情绪退潮,观望,长线吸筹型,,D,回避：资金观望,-1.2
600338,西藏珠峰,12.0,-85.9,0.17,-41.2,-2.81,-30458946,-85469289,-372582193,4248916,276292,-3529259,缩量,低,情绪退潮,观望,资金撤退型,,D,回避：资金撤退,-0.9
600271,航天信息,6.63,-85.1,0.56,-25.5,-0.22,-552120,-1540174,-15877073,523967,1452632,-1247667,缩量,低,情绪退潮,吸筹,资金撤退型,纯资金炒作(亏损风险),C,谨慎：纯资金炒作,3.9
600343,航天动力,18.76,-66.9,0.33,19.9,-2.68,-99911426,222709491,458250245,-33055932,-17078810,28946900,缩量,低,情绪退潮,观望,高位分歧型,,D,回避：资金观望,-0.9
600273,嘉化能源,6.19,-84.3,0.69,-22.3,1.1,2613403,1464316,9730239,2489264,1464758,-438071,缩量,低,情绪退潮,吸筹,资金观望型,资金+业绩共振(双击候选),B,关注：资金+业绩共振,64.4
600346,恒力石化,16.18,-66.9,0.6,-17.6,-3.36,-81667271,-195875158,-103221024,-2404156,-3232472,2701510,缩量,低,情绪退潮,观望,资金观望型,,D,回避：资金观望,-1.1
600348,华阳股份,8.9,-61.6,0.44,-38.1,2.1,17066346,133263028,33290209,-2234402,906046,9394006,缩量,低,情绪退潮,观望,趋势转多型,,D,回避：资金观望,0.7
600350,山东高速,10.13,-69.8,1.97,-39.2,-0.39,-1412718,10393942,51303212,2270417,4056201,350512,缩量,低,情绪退潮,观望,高位分歧型,,D,回避：资金观望,-0.1
600351,亚宝药业,6.83,-55.6,0.87,-8.9,-1.05,-5692596,-23328617,-59724716,-7562072,3549868,13680413,缩量,低,情绪退潮,观望,资金撤退型,,D,回避：资金撤退,-0.4
600276,恒瑞医药,46.57,-62.3,1.23,-4.3,0.63,69896945,466623931,-2153628419,146767706,104361342,-47978225,缩量,低,情绪退潮,吸筹,趋势转多型,资金+业绩共振(双击候选),B,关注：资金+业绩共振,64.2
600353,旭光电子,29.27,-74.0,2.37,5.5,-3.13,-227714211,-234314523,-443131837,-3345,9264084,6656605,缩量,低,情绪退潮,观望,资金撤退型,,D,回避：资金撤退,-1.0
600354,敦煌种业,9.07,60.2,1.98,-26.0,-3.16,-112638720,-264785411,-205160478,15455691,21267214,-33708084,放量,低,游资情绪,观望,资金观望型,,D,回避：资金观望,6.9
600284,浦东建设,5.09,-81.4,0.3,-35.7,-0.89,-1745818,-5733446,-28025757,1266556,2346922,-542350,缩量,低,情绪退潮,吸筹,资金撤退型,机构吸筹+盈利(关注),C,谨慎：资金流入未验证业绩,23.7
600359,新农开发,7.28,111.8,0.43,-1.0,0.05,624893,-202004898,-56080554,-4471475,-7692233,10332760,放量,低,游资情绪,观望,长线吸筹型,,D,回避：资金观望,8.0
600360,华微电子,10.95,-70.3,5.72,73.7,-2.53,-98505221,85134163,69581285,-52298542,-38810530,52313456,缩量,低,情绪退潮,观望,资金观望型,,D,回避：资金观望,-0.8
600361,创新新材,3.47,-82.9,0.6,-37.9,-0.41,-1714180,-18139610,-60622005,-1672576,1334909,1099370,缩量,低,情绪退潮,观望,资金撤退型,,D,回避：资金撤退,-0.1
600362,江西铜业,41.6,-89.1,0.98,-53.5,-5.37,-324043390,-384126932,-694669752,-17451307,-25698672,27352725,缩量,低,情绪退潮,观望,资金撤退型,,D,回避：资金撤退,-1.8
600301,华锡有色,49.53,-60.8,0.9,66.1,3.94,117777945,303463150,243454578,13555477,18374805,11262316,缩量,低,情绪退潮,进场,趋势转多型,资金+业绩共振(双击候选),B,关注：资金+业绩共振,73.3
600367,红星发展,34.17,-74.7,1.18,15.4,-2.98,-145338773,-222672955,-733231771,-21981377,-3480325,24535965,缩量,低,情绪退潮,观望,资金撤退型,,D,回避：资金撤退,-1.0
600368,五洲交通,4.11,-73.8,0.65,-38.6,4.24,15780251,-47090621,-103522725,-1472788,-2867178,6117,缩量,低,情绪退潮,观望,资金观望型,,D,回避：资金观望,1.4
600369,西南证券,3.91,-86.8,0.87,-36.8,-3.56,-14352715,-25971788,-30917280,2501569,1497540,-2934884,缩量,低,情绪退潮,观望,资金撤退型,,D,回避：资金撤退,-1.2
600371,万向德农,12.95,902.6,0.87,-16.5,4.51,188262875,376491620,264338366,-4255506,1203717,19560338,放量,低,游资情绪,观望,趋势转多型,,D,回避：资金观望,9.5
600372,中航机载,11.27,-78.1,0.51,-47.6,-4.29,-39215498,-42378787,-158172523,-2148773,2809766,9214025,缩量,低,情绪退潮,观望,资金撤退型,,D,回避：资金撤退,-1.4
600373,中文传媒,7.52,-58.1,0.83,-2.1,-2.96,-14601756,-11834421,-12397834,-5689082,-4503924,7679192,缩量,低,情绪退潮,观望,资金观望型,,D,回避：资金观望,-1.0
600375,汉马科技,3.72,-61.5,0.69,-25.5,-2.77,-7065499,10001790,-13755819,-1533624,108592,-165216,缩量,低,情绪退潮,观望,资金观望型,,D,回避：资金观望,-0.9
600308,华泰股份,3.25,-79.0,0.4,37.6,2.37,3498146,25724454,34694614,882138,79063,316822,缩量,低,情绪退潮,进场,主力建仓型,纯资金炒作(亏损风险),C,谨慎：纯资金炒作,12.8
600377,宁沪高速,13.15,-57.0,1.5,-1.8,-7.7,-43921053,-74843349,-109484694,1964243,-998312,2404838,缩量,低,情绪退潮,观望,资金撤退型,,D,回避：资金撤退,-2.6
600378,昊华科技,41.58,-90.3,4.71,-44.7,-13.63,-752775813,-1054819515,-1523081830,3718188,600908,14329007,缩量,低,情绪退潮,观望,资金撤退型,,D,回避：资金撤退,-4.5
600379,宝光股份,14.07,-91.4,0.24,-14.9,-0.0,-35364,-38011407,-45882819,1883633,541782,-2034544,缩量,低,情绪退潮,观望,资金撤退型,,D,回避：资金撤退,0.0
600380,健康元,10.19,-0.8,1.04,30.2,0.34,4280213,15555483,66543777,-9248127,-9305653,15324345,缩量,低,情绪退潮,观望,均衡流入型,,D,回避：资金观望,0.1
600382,广东明珠,5.62,-73.4,0.72,22.0,-10.52,-38443128,-57205619,-53623850,-1792561,-3750340,-380840,缩量,低,情绪退潮,观望,资金观望型,,D,回避：资金观望,-3.5
600383,金地集团,2.4,151.3,0.42,110.0,-0.16,-4013405,73066331,214999,-25717095,-17821782,4310366,放量,低,游资情绪,观望,资金观望型,,D,回避：资金观望,7.9
600386,北巴传媒,3.56,-65.5,0.66,2.7,-5.37,-7276898,-5127360,148358,-273642,-39294,1578435,缩量,低,情绪退潮,观望,资金观望型,,D,回避：资金观望,-1.8
600388,紫金龙净,16.77,-88.0,0.81,-29.7,-8.12,-60693052,-50427028,-45320394,-3093491,-1642596,2961203,缩量,低,情绪退潮,观望,资金观望型,,D,回避：资金观望,-2.7
600389,江山股份,17.64,-90.6,0.92,-48.9,-11.86,-59490362,-61296401,-15393242,356784,17111,-820764,缩量,低,情绪退潮,观望,资金观望型,,D,回避：资金观望,-4.0
600309,万华化学,68.39,-83.9,0.83,-16.2,-3.49,-291361880,-786623277,-596663834,9376130,17522931,-1592806,缩量,低,情绪退潮,吸筹,资金观望型,机构吸筹+盈利(关注),C,谨慎：资金流入未验证业绩,22.8
600391,航发科技,41.39,-39.7,0.37,-27.3,-3.55,-87762848,-411384067,-228801565,3628357,9546634,-11205983,缩量,低,情绪退潮,观望,长线吸筹型,,D,回避：资金观望,-1.2
600392,盛和资源,20.38,-93.2,0.85,-14.6,-7.41,-183876175,-267075221,-679341121,4620899,4601328,2644668,缩量,低,情绪退潮,观望,资金撤退型,,D,回避：资金撤退,-2.5
600396,华电辽能,12.43,-92.6,1.21,-46.4,-4.78,-203948175,-303513708,-355937234,-1481657,-3710626,-1103384,缩量,低,情绪退潮,观望,资金撤退型,,D,回避：资金撤退,-1.6
600325,华发股份,2.77,120.1,0.64,85.0,1.85,40170694,78463707,141632877,3251278,9973891,-25846108,放量,低,游资情绪,进场,均衡流入型,纯资金炒作(亏损风险),C,谨慎：纯资金炒作,20.6
600322,津投城开,2.71,-9.2,0.38,24.8,-3.66,-14972693,-30615200,-30308666,6887680,8292192,-5667349,缩量,低,情绪退潮,吸筹,资金观望型,纯资金炒作(亏损风险),C,谨慎：纯资金炒作,2.8
600400,红豆股份,3.3,-73.9,0.42,31.7,-1.77,-10899905,-102927964,-24513279,-990074,-4407245,-168691,缩量,低,情绪退潮,观望,长线吸筹型,,D,回避：资金观望,-0.6
600339,中油工程,3.21,-88.1,0.61,-33.2,-2.18,-10632516,-10492567,-3687162,2535698,2159367,-1725531,缩量,低,情绪退潮,吸筹,资金观望型,机构吸筹+盈利(关注),C,谨慎：资金流入未验证业绩,23.3
600405,动力源,4.95,-71.0,1.15,-50.7,0.95,1737378,8350795,-12419744,-1870588,532380,-970162,缩量,低,情绪退潮,观望,趋势转多型,,D,回避：资金观望,0.3
600333,长春燃气,6.79,-55.0,0.78,-38.4,2.08,4889763,-17078932,-30264896,1268779,2395474,-2127393,缩量,低,情绪退潮,吸筹,资金观望型,纯资金炒作(亏损风险),C,谨慎：纯资金炒作,4.7
600356,恒丰纸业,11.46,209.9,0.49,299.4,-1.02,-14849262,21289360,29060697,27308272,40857752,-12184966,放量,低,游资情绪,抢筹,资金观望型,机构吸筹+盈利(关注),C,谨慎：资金流入未验证业绩,47.7
600409,三友化工,6.17,-78.8,0.77,-49.6,-2.36,-9729330,-6031264,-122769583,-3390497,429376,607897,缩量,低,情绪退潮,观望,资金观望型,,D,回避：资金观望,-0.8
600410,华胜天成,14.33,-78.8,0.47,16.3,-14.98,-690203847,-833914843,44254380,-40213443,-17991706,55765226,缩量,低,情绪退潮,观望,长线吸筹型,,D,回避：资金观望,-5.0
600415,小商品城,10.87,-86.4,0.85,-7.0,-7.9,-273486622,-508420579,-531790204,7802395,9192665,3162569,缩量,低,情绪退潮,观望,资金撤退型,,D,回避：资金撤退,-2.6
600416,湘电股份,8.21,-86.4,0.49,-34.9,-4.84,-18039767,-30674968,-38431976,100791,773420,691604,缩量,低,情绪退潮,观望,资金撤退型,,D,回避：资金撤退,-1.6
600331,宏达股份,11.66,-91.3,0.49,-31.4,10.31,131119768,-166616943,-227076183,-10598370,-7306032,4996670,缩量,高,主力控盘,控盘,资金观望型,控盘+亏损(警惕),C,谨慎：控盘但亏损,27.4
600345,长江通信,48.64,-69.1,0.45,-23.8,-5.05,-85559478,-13625286,85020864,22928148,14885086,-8359094,缩量,低,情绪退潮,吸筹,资金观望型,机构吸筹+盈利(关注),C,谨慎：资金流入未验证业绩,22.3
600420,国药现代,8.32,-76.0,1.29,-5.3,3.74,7148324,28438159,16488177,-164759,575326,4223670,缩量,低,情绪退潮,观望,趋势转多型,,D,回避：资金观望,1.2
600422,昆药集团,8.09,-88.9,1.61,-26.7,-2.96,-3787780,-9833521,-25756491,-2385287,-2807718,1214037,缩量,低,情绪退潮,观望,资金撤退型,,D,回避：资金撤退,-1.0
600425,青松建化,3.62,-67.2,0.54,-5.8,4.77,12572698,26678243,4370062,-2024269,-1516093,608662,缩量,低,情绪退潮,观望,趋势转多型,,D,回避：资金观望,1.6
600426,华鲁恒升,19.13,-85.3,0.87,-29.2,-11.72,-249913469,-308582157,-538709452,-10951726,123939,11543161,缩量,低,情绪退潮,观望,资金撤退型,,D,回避：资金撤退,-3.9
600352,浙江龙盛,12.4,-72.5,1.39,-28.7,1.14,19211570,75917854,123701019,9064666,2286336,-3386060,缩量,低,情绪退潮,进场,均衡流入型,资金+业绩共振(双击候选),B,关注：资金+业绩共振,72.4
600429,三元股份,4.73,-58.9,0.49,-10.8,1.2,4126158,13023331,3820745,-267616,-1119168,1320410,缩量,低,情绪退潮,观望,趋势转多型,,D,回避：资金观望,0.4
600433,冠豪高新,3.26,-83.1,0.12,-22.2,-0.54,-1433434,6586958,-15031943,361099,-2590178,-1173290,缩量,低,情绪退潮,观望,资金观望型,,D,回避：资金观望,-0.2
600435,北方导航,11.0,-81.2,0.65,-56.4,-8.21,-53254139,-16689042,67802538,382079,-433775,-1117016,缩量,低,情绪退潮,观望,高位分歧型,,D,回避：资金观望,-2.7
600436,片仔癀,116.32,-95.0,2.03,-17.4,-6.24,-51401772,-40036938,-172247460,-4148729,-3192550,6837658,缩量,低,情绪退潮,观望,资金观望型,,D,回避：资金观望,-2.1
600438,通威股份,11.2,-87.3,0.75,-23.4,-3.95,-53086342,-74701178,-53338758,-11840456,-155858,11245044,缩量,低,情绪退潮,观望,资金观望型,,D,回避：资金观望,-1.3
600444,国机通用,14.42,-59.0,0.49,-11.1,3.0,3906534,5298217,1715245,-364306,-659376,-1141210,缩量,低,情绪退潮,观望,趋势转多型,,D,回避：资金观望,1.0
600446,金证股份,10.41,-68.6,0.6,1.7,-9.53,-50038419,-36646996,-104620572,-2360726,804720,1704610,缩量,低,情绪退潮,观望,资金观望型,,D,回避：资金观望,-3.2
600448,华纺股份,3.05,162.5,0.39,951.7,-4.78,-93204913,-207675684,-191285892,-11849312,-6945040,21530254,放量,低,游资情绪,观望,资金观望型,,D,回避：资金观望,6.4
600449,宁夏建材,12.52,-92.2,1.79,9.7,-5.62,-18193225,-36134178,-79484422,1003271,-999569,-2188056,缩量,低,情绪退潮,观望,资金撤退型,,D,回避：资金撤退,-1.9
600455,博通股份,24.61,-71.5,0.38,-16.1,0.6,884903,1105675,13442684,-662977,-87360,723829,缩量,低,情绪退潮,观望,长线吸筹型,,D,回避：资金观望,0.2
600366,宁波韵升,10.77,-93.7,1.71,-15.6,-6.85,-50197335,-74368927,-116455526,1865488,3272784,-58316,缩量,低,情绪退潮,吸筹,资金撤退型,机构吸筹+盈利(关注),C,谨慎：资金流入未验证业绩,21.7
600458,时代新材,10.92,-83.4,1.77,3.7,-5.75,-29808457,-94347919,-107347196,-1381870,1382105,4553842,缩量,低,情绪退潮,观望,资金撤退型,,D,回避：资金撤退,-1.9
600459,贵研铂业,18.06,-94.2,1.38,-35.0,-12.99,-94416956,-120545185,-312300192,-2821165,-1470956,4836999,缩量,低,情绪退潮,观望,资金撤退型,,D,回避：资金撤退,-4.3
600460,士兰微,30.98,-84.3,1.82,33.3,-5.31,-411959913,-203750948,-1550755964,-68149079,-46360168,82325209,缩量,低,情绪退潮,观望,资金观望型,,D,回避：资金观望,-1.8
600358,国旅联合,5.7,52.1,0.29,98.8,7.19,41266693,40321653,40754813,-6683299,-3277523,4897379,放量,中,主力偏强放量,进场,资金观望型,纯资金炒作(亏损风险),C,谨慎：纯资金炒作,30.4
600463,空港股份,8.24,-29.1,0.55,5.3,-7.8,-11562619,-13174114,-13040793,-304659,-2446743,1313450,缩量,低,情绪退潮,观望,资金观望型,,D,回避：资金观望,-2.6
600467,好当家,2.42,-61.2,0.66,-41.7,0.95,3083740,2186763,-51521663,-2961984,-4031364,-359261,缩量,低,情绪退潮,观望,资金观望型,,D,回避：资金观望,0.3
600468,百利电气,5.89,-91.6,0.97,-47.1,-13.51,-58403881,-91124422,-79714264,-1874797,-1498304,1983694,缩量,低,情绪退潮,观望,资金观望型,,D,回避：资金观望,-4.5
600469,风神股份,4.93,-69.5,0.39,-53.6,-5.37,-4823179,-409433,-10433970,-1635067,18140,2494102,缩量,低,情绪退潮,观望,资金观望型,,D,回避：资金观望,-1.8
600470,六国化工,5.44,-91.4,0.79,-64.0,-5.17,-17634992,-5896562,-4938702,-852158,11755,-47006,缩量,低,情绪退潮,观望,资金观望型,,D,回避：资金观望,-1.7
600376,首开股份,3.17,-54.1,2.05,52.2,7.5,97596013,88227683,-197731,-51891238,-36051201,37321377,缩量,中,主力惜售,进场,资金观望型,纯资金炒作(亏损风险),C,谨慎：纯资金炒作,26.5
600475,华光环能,14.24,-82.4,0.9,-48.7,2.74,9674901,1979307,46766276,-7396574,-8419718,3992802,缩量,低,情绪退潮,观望,资金观望型,,D,回避：资金观望,0.9
600395,盘江股份,5.0,-76.5,0.81,-42.0,1.17,6270817,48703892,-40974583,1073016,-688813,124171,缩量,低,情绪退潮,进场,趋势转多型,资金+业绩共振(双击候选),B,关注：资金+业绩共振,72.4
600478,科力远,4.52,-55.9,0.18,18.2,-4.0,-18345440,-82722921,-85322473,406383,-1741,1869564,缩量,低,情绪退潮,观望,资金撤退型,,D,回避：资金撤退,-1.3
600390,五矿资本,4.8,-86.3,1.06,-38.0,-1.59,-8668706,-6509405,67778041,5681846,3223934,-2485599,缩量,低,情绪退潮,吸筹,长线吸筹型,机构吸筹+盈利(关注),C,谨慎：资金流入未验证业绩,23.5
600480,凌云股份,7.77,-73.3,0.26,17.4,-6.75,-20984090,-66754349,-105895504,-1464403,-1174843,2818710,缩量,低,情绪退潮,观望,资金撤退型,,D,回避：资金撤退,-2.2
600406,国电南瑞,22.57,-80.2,0.43,1.1,-1.13,-42568152,-244438437,-774353930,29180539,26720812,-23654736,缩量,低,情绪退潮,吸筹,资金撤退型,机构吸筹+盈利(关注),C,谨慎：资金流入未验证业绩,23.6
600482,中国动力,33.7,-76.1,0.44,-22.1,1.4,23227740,-761569,243066774,-14850586,-8801390,-15130154,缩量,低,情绪退潮,观望,长线吸筹型,,D,回避：资金观望,0.5
600483,福能股份,10.94,-76.6,0.62,2.6,-1.84,-11485485,-35362222,-69940784,-4262046,-1276529,3036441,缩量,低,情绪退潮,观望,资金撤退型,,D,回避：资金撤退,-0.6
600486,XD扬农化,50.79,-89.8,0.64,-61.0,-10.09,-53715084,-64025019,6273058,-861278,0,-1293554,缩量,低,情绪退潮,观望,长线吸筹型,,D,回避：资金观望,-3.4
600487,亨通光电,54.9,-63.5,0.98,17.3,-9.62,-4044255841,-2301212930,-5630305574,-702736298,-525046099,659538732,缩量,低,情绪退潮,观望,资金观望型,,D,回避：资金观望,-3.2
600397,江钨装备,16.36,-77.0,1.91,-23.5,2.36,111612572,145195213,-55917269,50368511,41276583,-38868025,缩量,低,情绪退潮,吸筹,趋势转多型,纯资金炒作(亏损风险),C,谨慎：纯资金炒作,4.8
600489,中金黄金,21.7,-81.1,1.01,-19.1,-4.09,-238734507,-290976905,-573288427,4207041,-2940699,-26748996,缩量,低,情绪退潮,观望,资金撤退型,,D,回避：资金撤退,-1.4
600490,鹏欣资源,6.75,-89.1,0.68,-39.3,-5.67,-47830070,-106528373,-289984169,-732687,-1880532,2466656,缩量,低,情绪退潮,观望,资金撤退型,,D,回避：资金撤退,-1.9
600493,凤竹纺织,6.52,-50.4,0.79,24.2,-0.95,-1941911,-1330421,-912469,-1569809,-1302574,1273697,缩量,低,情绪退潮,观望,资金观望型,,D,回避：资金观望,-0.3
600399,抚顺特钢,4.29,-75.2,0.63,-37.4,-4.98,-20139445,-44145349,-61696757,519088,1939184,-1507520,缩量,低,情绪退潮,吸筹,资金撤退型,纯资金炒作(亏损风险),C,谨慎：纯资金炒作,2.3
600418,江淮汽车,28.64,109.4,0.7,159.4,8.35,1964015147,1936053352,1864342767,354824195,411909322,-178178649,放量,中,主力偏强放量,吸筹,资金观望型,纯资金炒作(亏损风险),C,谨慎：纯资金炒作,22.8
600497,驰宏锌锗,8.97,-89.8,0.85,-38.3,-9.2,-249728442,-521363021,-865064082,-1786563,-4803469,277897,缩量,低,情绪退潮,观望,资金撤退型,,D,回避：资金撤退,-3.1
600498,烽火通信,36.13,-80.8,0.49,5.5,-9.97,-995222073,-817497819,-1383926690,-4880728,12228387,42118161,缩量,低,情绪退潮,观望,资金观望型,,D,回避：资金观望,-3.3
600499,科达制造,11.12,-87.6,0.62,49.7,-17.58,-390843794,-422882448,-330561742,2324963,2845076,-3313055,缩量,低,情绪退潮,观望,资金观望型,,D,回避：资金观望,-5.9
600403,大有能源,7.06,-45.4,4.87,-20.5,2.47,100561346,69566729,139335144,2305372,158108,10886885,缩量,低,情绪退潮,进场,资金观望型,纯资金炒作(亏损风险),C,谨慎：纯资金炒作,12.8
600501,航天晨光,14.53,-79.1,0.37,-35.8,-1.72,-5262153,-24054923,-22773988,-1778769,-105937,2730492,缩量,低,情绪退潮,观望,资金观望型,,D,回避：资金观望,-0.6
600398,海澜之家,5.64,-81.7,0.67,-44.9,7.46,38379957,96371143,32999405,2466372,167564,-1871930,缩量,中,主力惜售,进场,短线抢筹型,资金+业绩共振(双击候选),B,关注：资金+业绩共振,86.5
600503,华丽家族,2.37,354.5,0.69,536.6,2.18,65768616,131949541,105342843,-20689625,-5251706,28092894,放量,低,游资情绪,观望,趋势转多型,,D,回避：资金观望,8.7
600428,中远海特,10.6,-88.5,2.05,-33.3,-5.7,-68990772,-155670186,-414055959,7933536,7483498,-1244734,缩量,低,情绪退潮,吸筹,资金撤退型,机构吸筹+盈利(关注),C,谨慎：资金流入未验证业绩,22.1
600506,统一股份,16.13,21.7,0.43,-25.3,-0.08,-1510859,-36188249,30728454,-6837060,-2120555,8112182,缩量,低,情绪退潮,观望,资金观望型,,D,回避：资金观望,-0.0
600408,安泰集团,3.07,-62.0,0.91,-31.4,2.84,18913696,20259269,7753854,3474381,3416808,2287916,缩量,低,情绪退潮,进场,趋势转多型,纯资金炒作(亏损风险),C,谨慎：纯资金炒作,12.9
600508,上海能源,10.58,-43.3,0.62,-70.5,-6.87,-40735201,-64012713,-361084895,1232972,1537594,201557,缩量,低,情绪退潮,观望,资金撤退型,,D,回避：资金撤退,-2.3
600509,天富能源,7.14,-87.1,0.55,-13.5,-1.41,-5519628,-28930753,-84608454,-7834494,-9259243,4207775,缩量,低,情绪退潮,观望,资金撤退型,,D,回避：资金撤退,-0.5
600510,黑牡丹,6.23,-26.7,0.28,10.9,-3.55,-7365925,-7180214,-21659327,-4175194,-3846699,940029,缩量,低,情绪退潮,观望,资金观望型,,D,回避：资金观望,-1.2
600511,国药股份,26.15,-75.3,1.05,-20.3,3.5,11013421,14721768,23910636,-1586072,1084995,4694057,缩量,低,情绪退潮,观望,均衡流入型,,D,回避：资金观望,1.2
600512,腾达建设,2.07,-40.2,0.48,-7.0,3.45,7258510,18758228,15644288,-529585,447,-2150768,缩量,低,情绪退潮,观望,趋势转多型,,D,回避：资金观望,1.2
600513,联环药业,15.22,-84.4,0.68,3.2,-0.91,-4101648,-23284240,-70487693,1285225,5083310,3271940,缩量,低,情绪退潮,观望,资金撤退型,,D,回避：资金撤退,-0.3
600515,海南机场,2.71,-65.5,0.57,-29.2,-1.07,-9177457,44467850,74097921,8791307,7973512,1056303,缩量,低,情绪退潮,观望,资金观望型,,D,回避：资金观望,-0.4
600516,方大炭素,5.32,-69.4,0.6,74.3,-2.03,-17935722,66465482,5854116,2107337,-1813996,-330049,缩量,低,情绪退潮,观望,资金观望型,,D,回避：资金观望,-0.7
600517,国网英大,4.92,-67.4,0.42,-23.8,-1.76,-6191898,-2819538,-60687507,3100611,7677921,3700827,缩量,低,情绪退潮,观望,资金观望型,,D,回避：资金观望,-0.6
600518,康美药业,1.33,-88.8,1.26,-35.6,-4.38,-25712564,3279845,-16304955,-2490221,1802844,856288,缩量,低,情绪退潮,观望,资金观望型,,D,回避：资金观望,-1.5
600419,天润乳业,8.82,-88.4,1.59,-65.2,-1.69,-1744051,-1981713,-17211655,330874,650034,-414817,缩量,低,情绪退潮,吸筹,资金撤退型,机构吸筹+盈利(关注),C,谨慎：资金流入未验证业绩,23.4
600520,三佳科技,24.67,-84.4,1.05,7.7,-0.87,-6312573,-12806123,-7625776,-866526,-2553265,4567219,缩量,低,情绪退潮,观望,资金观望型,,D,回避：资金观望,-0.3
600521,华海药业,16.36,-79.5,1.31,45.2,-9.41,-133614847,-109828412,-283365910,9300151,13441946,6427950,缩量,低,情绪退潮,观望,资金观望型,,D,回避：资金观望,-3.1
600522,中天科技,31.19,-86.4,0.81,22.7,-16.49,-3733446007,-3123311587,-4175718538,-95572347,-28693207,123101540,缩量,低,情绪退潮,观望,资金观望型,,D,回避：资金观望,-5.5
600523,贵航股份,11.85,-78.6,0.77,-37.2,-1.95,-2368932,876056,-10195010,782207,0,-1421538,缩量,低,情绪退潮,观望,资金观望型,,D,回避：资金观望,-0.7
600452,涪陵电力,8.74,-90.6,0.6,19.1,-9.13,-65261955,-37049661,-41294860,-623095,2003752,-879733,缩量,低,情绪退潮,吸筹,资金观望型,机构吸筹+盈利(关注),C,谨慎：资金流入未验证业绩,21.0
600526,菲达环保,4.59,-82.8,0.38,-26.0,0.45,533400,-8881512,-15080865,-174534,0,-3939,缩量,低,情绪退潮,观望,资金观望型,,D,回避：资金观望,0.1
600456,宝钛股份,24.7,-94.1,0.49,-37.4,-3.83,-10811637,-38088948,-47454811,837626,1062466,-499546,缩量,低,情绪退潮,吸筹,资金撤退型,机构吸筹+盈利(关注),C,谨慎：资金流入未验证业绩,22.7
600461,洪城环境,8.83,-70.0,0.92,-21.6,3.97,12425015,11843787,23929572,7047296,6768433,-1643490,缩量,低,情绪退潮,吸筹,资金观望型,资金+业绩共振(双击候选),B,关注：资金+业绩共振,65.3
600529,山东药玻,18.13,-91.2,1.75,-37.1,-8.59,-24449955,-8462326,-20124275,1026250,-1171654,-403788,缩量,低,情绪退潮,观望,资金观望型,,D,回避：资金观望,-2.9
600531,豫光金铅,11.11,-91.1,0.5,-39.4,-7.04,-80610177,-126882222,-314543830,-7245174,-5111043,4862588,缩量,低,情绪退潮,观望,资金撤退型,,D,回避：资金撤退,-2.3
600533,栖霞建设,2.22,10.5,0.4,-11.4,-0.1,-181968,-932283,-1829938,4737418,1779220,-4002170,缩量,低,情绪退潮,观望,资金撤退型,,D,回避：资金撤退,-0.0
600535,天士力,13.95,-80.7,2.08,-22.8,0.04,224928,16655728,20979035,-2229310,-1372564,7768875,缩量,低,情绪退潮,观望,均衡流入型,,D,回避：资金观望,0.0
600536,中国软件,30.62,-88.2,0.8,-39.0,-6.96,-96198899,-177929095,-380465791,-2305002,1892564,6642494,缩量,低,情绪退潮,观望,资金撤退型,,D,回避：资金撤退,-2.3
600538,国发股份,4.79,-80.3,0.42,-34.1,-10.82,-18267064,-27270730,-65511628,1953193,-721050,2261934,缩量,低,情绪退潮,观望,资金撤退型,,D,回避：资金撤退,-3.6
600539,狮头股份,13.55,-88.6,0.42,19.3,3.79,41128755,7557372,-73999403,-1680484,-618345,1724824,缩量,低,情绪退潮,观望,资金观望型,,D,回避：资金观望,1.3
600545,卓郎智能,3.91,-75.2,0.52,38.9,-2.87,-49561879,37848881,195373792,-6206164,-2931071,13305503,缩量,低,情绪退潮,观望,高位分歧型,,D,回避：资金观望,-1.0
600546,山煤国际,13.16,-81.1,0.64,-32.9,1.63,12937815,73937014,-11344728,-1821430,-662572,3455573,缩量,低,情绪退潮,观望,趋势转多型,,D,回避：资金观望,0.5
600547,山东黄金,26.9,-54.2,0.76,-9.3,-12.67,-1457519469,-2056686061,-3005601554,10328801,-15197669,-21876672,缩量,低,情绪退潮,观望,资金撤退型,,D,回避：资金撤退,-4.2
600477,杭萧钢构,2.41,-75.2,0.67,-49.8,3.52,9016236,21825561,47520864,1674302,159079,589735,缩量,低,情绪退潮,进场,主力建仓型,资金+业绩共振(双击候选),B,关注：资金+业绩共振,73.2
600549,厦门钨业,44.13,-89.0,0.93,-13.3,-13.56,-757873711,-802734541,-1648480438,-12989878,-11060678,24339810,缩量,低,情绪退潮,观望,资金撤退型,,D,回避：资金撤退,-4.5
600550,保变电气,10.27,-85.0,0.63,-24.4,-9.66,-65710622,-121386359,-137451877,5316479,596608,-3654130,缩量,低,情绪退潮,观望,资金撤退型,,D,回避：资金撤退,-3.2
600551,时代出版,7.99,247.7,0.75,-60.8,3.27,29642442,-5600754,-227421972,-2648843,1077804,13056373,放量,低,游资情绪,观望,资金观望型,,D,回避：资金观望,9.1
600552,凯盛科技,17.39,-52.1,1.25,100.6,1.93,142299285,184919996,-55714057,-26132389,-11009480,20075183,缩量,低,情绪退潮,观望,趋势转多型,,D,回避：资金观望,0.6
600496,精工钢构,3.38,-61.8,0.38,-18.3,0.26,864406,47960495,29649035,5806142,4136690,-2230832,缩量,低,情绪退潮,吸筹,趋势转多型,资金+业绩共振(双击候选),B,关注：资金+业绩共振,64.1
600556,天下秀,4.59,-76.7,0.84,-20.6,0.32,2468506,-18961646,-68053799,-1616788,268116,6958348,缩量,低,情绪退潮,观望,资金观望型,,D,回避：资金观望,0.1
600557,康缘药业,12.29,-82.0,1.51,-5.8,-2.32,-4852410,-7608584,-21779738,567604,436169,3845663,缩量,低,情绪退潮,观望,资金撤退型,,D,回避：资金撤退,-0.8
600558,大西洋,4.78,-66.3,0.6,52.1,-0.97,-3365744,4464179,-17191399,146271,988166,1225241,缩量,低,情绪退潮,观望,资金观望型,,D,回避：资金观望,-0.3
600559,老白干酒,10.78,-88.8,1.32,-37.2,-3.8,-16747804,-12738806,-50302003,-1380161,-1633199,402159,缩量,低,情绪退潮,观望,资金观望型,,D,回避：资金观望,-1.3
600560,金自天正,11.49,-48.4,0.63,20.1,0.7,1052073,3135454,-910687,-1198975,0,214666,缩量,低,情绪退潮,观望,趋势转多型,,D,回避：资金观望,0.2
600561,江西长运,6.01,-67.4,0.57,-21.8,0.31,319720,-1607328,-5733022,-137892,-781211,-138186,缩量,低,情绪退潮,观望,资金观望型,,D,回避：资金观望,0.1
600562,国睿科技,27.13,-80.7,0.91,-47.1,-0.94,-6852090,-56914736,-137423649,6201680,5798219,-8958628,缩量,低,情绪退潮,观望,资金撤退型,,D,回避：资金撤退,-0.3
600563,法拉电子,116.01,-90.5,0.87,14.4,-0.31,-5253699,-43284035,-123154344,2836621,-244597,14301078,缩量,低,情绪退潮,观望,资金撤退型,,D,回避：资金撤退,-0.1
600566,济川药业,25.2,-79.8,0.79,-21.8,-3.56,-14657749,-22152770,-28766078,-1874671,-936430,3928075,缩量,低,情绪退潮,观望,资金撤退型,,D,回避：资金撤退,-1.2
600567,山鹰国际,1.32,-74.4,0.6,-19.8,-9.26,-23363465,3130236,-19779788,1388630,230814,-1328644,缩量,低,情绪退潮,观望,资金观望型,,D,回避：资金观望,-3.1
600488,津药药业,7.0,7.8,1.2,24.5,7.55,229517528,180812102,623933762,-26855492,-50125462,-12465054,缩量,中,主力惜售,进场,资金观望型,资金+业绩共振(双击候选),B,关注：资金+业绩共振,86.5
600570,恒生电子,19.33,-91.1,0.65,-39.7,-13.86,-144601967,-189878118,-398900989,-855660,2802937,3315067,缩量,低,情绪退潮,观望,资金撤退型,,D,回避：资金撤退,-4.6
600571,信雅达,10.23,-78.6,0.87,-21.9,-1.83,-4325998,-2498404,-1994660,-761599,-2387777,1499994,缩量,低,情绪退潮,观望,资金观望型,,D,回避：资金观望,-0.6
600572,康恩贝,4.31,-76.2,1.36,-12.1,-0.84,-5834582,-17223657,29420106,1997298,-1445176,6967128,缩量,低,情绪退潮,观望,资金观望型,,D,回避：资金观望,-0.3
600495,晋西车轴,4.08,-86.0,0.95,-18.5,6.58,8773165,-949651,-13946229,-1067017,-763125,978495,缩量,中,主力惜售,进场,资金观望型,资金+业绩共振(双击候选),B,关注：资金+业绩共振,86.2
600575,淮河能源,3.15,-76.2,0.65,-31.3,1.13,3738264,9082090,-18940328,-8196453,-8957370,4402858,缩量,低,情绪退潮,观望,趋势转多型,,D,回避：资金观望,0.4
600576,祥源文旅,5.3,-88.1,0.52,-69.6,0.38,435319,13579919,-17634477,-1156572,0,1145933,缩量,低,情绪退潮,观望,趋势转多型,,D,回避：资金观望,0.1
600577,精达股份,8.35,-66.9,0.66,58.0,1.02,21815525,182436807,74985071,-9200082,291189,-652382,缩量,低,情绪退潮,观望,趋势转多型,,D,回避：资金观望,0.3
600479,千金药业,12.62,662.9,0.45,-41.6,3.48,134252176,138683659,-91423328,35784315,27383026,-18001521,放量,低,游资情绪,吸筹,趋势转多型,资金+业绩共振(双击候选),B,关注：资金+业绩共振,73.2
600579,中化装备,7.01,-89.5,1.08,3.1,3.7,5027022,22429155,15629472,-574236,0,170254,缩量,低,情绪退潮,观望,趋势转多型,,D,回避：资金观望,1.2
600481,双良节能,4.0,-67.1,0.53,-13.7,1.39,9357104,14041644,11106510,1992091,5750662,3918703,缩量,低,情绪退潮,进场,趋势转多型,纯资金炒作(亏损风险),C,谨慎：纯资金炒作,12.5
600582,天地科技,4.89,-68.4,0.61,-44.7,-4.94,-14502476,-57634007,-91498238,2794092,1042439,-2829172,缩量,低,情绪退潮,观望,资金撤退型,,D,回避：资金撤退,-1.6
600583,海油工程,6.59,-70.7,0.68,39.1,1.01,13594590,16732787,-19353592,-7457608,-1232389,4635985,缩量,低,情绪退潮,观望,趋势转多型,,D,回避：资金观望,0.3
600584,长电科技,64.96,-91.8,2.22,21.0,-12.59,-2027078162,-1486041452,-5376704523,-155937568,-100233032,130223167,缩量,低,情绪退潮,观望,资金观望型,,D,回避：资金观望,-4.2
600585,XD海螺水,16.98,-76.8,0.47,-16.8,-8.86,-132492699,-163957067,-346848462,-26325261,-20039611,23243541,缩量,低,情绪退潮,观望,资金撤退型,,D,回避：资金撤退,-3.0
600500,中化国际,5.14,-75.0,1.6,-11.7,-2.13,-49025596,-57845548,-114360808,13145660,13805542,-4070002,缩量,低,情绪退潮,吸筹,资金撤退型,纯资金炒作(亏损风险),C,谨慎：纯资金炒作,3.3
600587,新华医疗,12.98,-15.7,1.09,378.5,-12.18,-118229647,-50432415,-59428597,3114990,938672,-5872432,缩量,低,情绪退潮,观望,资金观望型,,D,回避：资金观望,-4.1
600588,用友网络,9.2,-91.4,1.16,-32.5,-0.91,-13087496,-35111743,-217826923,-7385768,-6590876,6514274,缩量,低,情绪退潮,观望,资金撤退型,,D,回避：资金撤退,-0.3
600589,大位科技,7.41,-88.2,0.2,-54.7,-5.18,-78260155,-206881716,-26087481,-21338511,-17118541,21502380,缩量,低,情绪退潮,观望,长线吸筹型,,D,回避：资金观望,-1.7
600590,泰豪科技,8.11,-88.4,0.32,-14.1,-10.7,-60367252,-67096673,-85189232,-4036622,-2105124,4162069,缩量,低,情绪退潮,观望,资金撤退型,,D,回避：资金撤退,-3.6
600502,安徽建工,4.18,-73.4,0.78,-0.5,5.88,27884307,49868775,91706287,2650008,-1487933,-4141566,缩量,中,主力惜售,进场,主力强攻型,资金+业绩共振(双击候选),B,关注：资金+业绩共振,86.0
600593,大连圣亚,46.92,78.3,1.83,216.1,-2.02,-65595250,87939201,17814272,-23140084,-10689701,46253276,放量,低,游资情绪,观望,资金观望型,,D,回避：资金观望,7.3
600594,益佰制药,3.64,-79.7,0.85,-41.2,-6.85,-19349880,-24979847,-94616207,779297,2875487,479961,缩量,低,情绪退潮,观望,资金撤退型,,D,回避：资金撤退,-2.3
600595,中孚实业,5.93,-87.9,1.45,-50.0,1.51,18756058,22481885,53715909,-14655738,-26605247,7580982,缩量,低,情绪退潮,观望,均衡流入型,,D,回避：资金观望,0.5
600596,新安股份,10.47,-83.7,1.29,-47.6,-9.32,-176404127,-361428309,-79771307,-868188,-3499903,5324497,缩量,低,情绪退潮,观望,长线吸筹型,,D,回避：资金观望,-3.1
600597,光明乳业,6.85,-65.8,1.63,-19.8,3.02,6915834,8225916,-13865846,-3632290,-2979184,5897562,缩量,低,情绪退潮,观望,趋势转多型,,D,回避：资金观望,1.0
600507,方大特钢,3.99,-89.4,0.81,-21.6,-12.76,-36155639,-22862517,-12274499,2273699,2775192,-806183,缩量,低,情绪退潮,吸筹,资金观望型,机构吸筹+盈利(关注),C,谨慎：资金流入未验证业绩,19.7
600600,青岛啤酒,49.66,-94.8,0.84,-17.2,-3.93,-24854137,-57247552,-52060189,666239,-174725,1423263,缩量,低,情绪退潮,观望,资金观望型,,D,回避：资金观望,-1.3
600601,方正科技,13.24,-66.9,0.98,-26.5,-3.02,-337281561,-815009994,89614402,-107789373,-89041768,99914120,缩量,低,情绪退潮,观望,长线吸筹型,,D,回避：资金观望,-1.0
600602,云赛智联,16.13,-95.4,0.95,-38.1,-11.65,-94094163,-154378377,-462382235,-11321207,-4796526,10857978,缩量,低,情绪退潮,观望,资金撤退型,,D,回避：资金撤退,-3.9
600603,广汇物流,4.79,-83.3,0.56,-47.9,0.95,1630732,-67815,-10004235,-1035910,0,456705,缩量,低,情绪退潮,观望,资金观望型,,D,回避：资金观望,0.3
600604,市北高新,4.73,-27.4,2.16,7.8,-10.65,-64142653,-71661873,-90578322,-6519463,-3565638,7266826,缩量,低,情绪退潮,观望,资金撤退型,,D,回避：资金撤退,-3.6
600605,汇通能源,29.56,-43.9,0.39,107.8,2.08,31793478,-6763586,-3121505,-1301158,-1868735,1412564,缩量,低,情绪退潮,观望,资金观望型,,D,回避：资金观望,0.7
600606,绿地控股,1.43,94.4,0.35,243.8,-0.3,-8095523,143560187,133150945,-10301436,-7708905,-846991,放量,低,游资情绪,观望,资金观望型,,D,回避：资金观望,7.9
600505,西昌电力,10.38,-76.9,0.83,-7.3,0.64,2118435,-13727794,-15045619,1776518,-1258042,265423,缩量,低,情绪退潮,进场,资金观望型,资金+业绩共振(双击候选),B,关注：资金+业绩共振,72.2
600527,江南高纤,2.16,-81.8,0.14,-13.8,8.36,21781885,15513419,17037138,330595,-1329912,-1768181,缩量,中,主力惜售,进场,资金观望型,资金+业绩共振(双击候选),B,关注：资金+业绩共振,86.8
600610,中毅达,7.43,-65.2,0.18,-66.8,-4.31,-29464265,-46333531,141851129,-2056747,-2621150,601363,缩量,低,情绪退潮,观望,长线吸筹型,,D,回避：资金观望,-1.4
600611,大众交通,4.3,-92.0,4.07,-69.8,-2.56,-19863902,-32034166,-54826944,-4602990,-4306200,1633040,缩量,低,情绪退潮,观望,资金撤退型,,D,回避：资金撤退,-0.9
600525,长园集团,4.89,-65.5,0.48,-33.6,-5.14,-11093429,-35207278,-143336474,3200167,3492393,-741319,缩量,低,情绪退潮,吸筹,资金撤退型,纯资金炒作(亏损风险),C,谨慎：纯资金炒作,2.3
600613,神奇制药,8.3,255.3,1.18,-23.6,-5.8,-171926800,88858969,-149063912,12557564,7554013,-12990524,放量,低,游资情绪,观望,资金观望型,,D,回避：资金观望,6.1
600519,贵州茅台,1241.67,-84.4,0.98,-3.6,-3.23,-500104112,-978421506,-1579907939,93333752,127622734,-91793,缩量,低,情绪退潮,吸筹,资金撤退型,机构吸筹+盈利(关注),C,谨慎：资金流入未验证业绩,22.9
600528,中铁工业,6.78,-87.2,0.64,-40.4,-4.04,-6312537,-13677255,-2651093,292922,669041,-123451,缩量,低,情绪退潮,吸筹,长线吸筹型,机构吸筹+盈利(关注),C,谨慎：资金流入未验证业绩,22.7
600548,深高速,8.13,-60.5,1.4,-66.6,7.34,6088870,14494255,5061914,-2267401,-628624,1887026,缩量,中,主力惜售,进场,短线抢筹型,资金+业绩共振(双击候选),B,关注：资金+业绩共振,86.4
600618,氯碱化工,9.63,-82.4,0.5,-49.8,-3.35,-5353129,-3444899,-19248778,-1109334,-620160,1166839,缩量,低,情绪退潮,观望,资金观望型,,D,回避：资金观望,-1.1
600619,海立股份,13.1,-82.9,0.55,29.4,2.65,29676329,1160859,-75192398,-6611046,-4074320,8868779,缩量,低,情绪退潮,观望,资金观望型,,D,回避：资金观望,0.9
600620,天宸股份,4.3,-49.9,0.36,-6.1,-0.9,-966636,-1643846,-481521,887929,525820,-972849,缩量,低,情绪退潮,观望,资金观望型,,D,回避：资金观望,-0.3
600621,华鑫股份,13.35,-57.0,0.88,118.6,-10.66,-136017036,1293617,10556437,-6466717,-6378640,5578724,缩量,低,情绪退潮,观望,资金观望型,,D,回避：资金观望,-3.6
600622,光大嘉宝,2.43,68.9,0.59,-26.0,-2.88,-13021026,-8244149,-8889778,535131,-489036,-2519814,放量,低,游资情绪,观望,资金观望型,,D,回避：资金观望,7.0
600623,华谊集团,8.57,-75.0,0.39,-28.8,0.27,1372361,-22597453,28599963,-5290739,-3160953,8704495,缩量,低,情绪退潮,观望,长线吸筹型,,D,回避：资金观望,0.1
600540,新赛股份,5.52,72.6,0.39,-44.8,5.33,144817897,-30992975,-78524849,-3482678,-7584378,-6101630,放量,中,主力偏强放量,进场,资金观望型,纯资金炒作(亏损风险),C,谨慎：纯资金炒作,29.8
600626,申达股份,3.78,-40.3,0.51,72.8,2.54,7008246,18539883,24450147,-2961417,-2453929,4990747,缩量,低,情绪退潮,观望,主力建仓型,,D,回避：资金观望,0.8
600628,新世界,6.29,-76.8,0.6,-42.0,-5.46,-7641336,-17616176,-21237823,-986442,-599412,883268,缩量,低,情绪退潮,观望,资金撤退型,,D,回避：资金撤退,-1.8
600629,华建集团,16.35,-66.3,0.78,-52.8,0.49,7592605,-29496652,91404731,-1940998,-2913037,-1324845,缩量,低,情绪退潮,观望,长线吸筹型,,D,回避：资金观望,0.2
600630,龙头股份,7.56,76.4,1.84,738.2,-5.46,-160146576,-65015680,-81494161,-23088337,-12931543,28198772,放量,低,游资情绪,观望,资金观望型,,D,回避：资金观望,6.2
600569,安阳钢铁,1.78,-51.3,0.63,-15.3,9.49,22084727,24647037,24702791,-2879032,-2364970,2356520,缩量,中,主力惜售,进场,均衡流入型,纯资金炒作(亏损风险),C,谨慎：纯资金炒作,27.2
600578,京能电力,5.21,-91.6,3.59,-45.8,-7.43,-58114932,-199586704,-102585214,22767112,21416339,-10072646,缩量,低,情绪退潮,吸筹,长线吸筹型,机构吸筹+盈利(关注),C,谨慎：资金流入未验证业绩,21.5
600633,浙数文化,10.09,-90.7,0.37,-29.8,-7.31,-30874002,-27441758,-95731439,-2663939,-1680036,3675806,缩量,低,情绪退潮,观望,资金观望型,,D,回避：资金观望,-2.4
600635,大众公用,4.43,-83.3,0.72,-36.7,-9.34,-36225519,-39282323,-14965430,-522952,-1115383,-433849,缩量,低,情绪退潮,观望,资金观望型,,D,回避：资金观望,-3.1
600637,东方明珠,8.67,-66.9,0.43,16.9,-4.27,-62871278,-16827812,-124496136,-21970107,-23050453,4320183,缩量,低,情绪退潮,观望,资金观望型,,D,回避：资金观望,-1.4
600638,新黄浦,5.12,11.5,0.7,40.8,-4.37,-15837112,-12738615,-27409456,1919529,1403968,-1849714,缩量,低,情绪退潮,观望,资金观望型,,D,回避：资金观望,-1.5
600592,龙溪股份,16.2,65.0,0.53,21.4,2.89,23740656,11724071,-21648752,86454611,90519544,-39364502,放量,低,游资情绪,抢筹,资金观望型,资金+业绩共振(双击候选),B,关注：资金+业绩共振,89.0
600640,国脉文化,12.66,40.6,0.86,343.6,-0.04,-554817,101078874,70971263,-7856186,-4221580,8618872,缩量,低,情绪退潮,观望,资金观望型,,D,回避：资金观望,-0.0
600586,金晶科技,3.97,-74.4,0.16,3.6,1.94,4314225,-7857536,-38779335,1956716,-41030,-159868,缩量,低,情绪退潮,进场,资金观望型,纯资金炒作(亏损风险),C,谨慎：纯资金炒作,12.6
600642,申能股份,8.88,-58.5,0.78,0.2,-4.08,-27944140,-49994606,-70051511,-10629116,5153331,6980779,缩量,低,情绪退潮,观望,资金撤退型,,D,回避：资金撤退,-1.4
600643,爱建集团,4.07,-72.9,0.39,-22.0,-4.44,-10182800,-83303,25519532,-315940,-144378,438339,缩量,低,情绪退潮,观望,高位分歧型,,D,回避：资金观望,-1.5
600644,乐山电力,8.95,-79.3,1.36,-0.1,-5.66,-66693975,117149128,297683610,5678374,-2983311,752566,缩量,低,情绪退潮,观望,高位分歧型,,D,回避：资金观望,-1.9
600645,中源协和,19.51,-52.7,0.83,30.4,-3.04,-21564343,-28191886,-155832908,4952861,11341184,3575943,缩量,低,情绪退潮,观望,资金撤退型,,D,回避：资金撤退,-1.0
600648,外高桥,9.46,-42.8,0.46,10.2,-9.0,-8327146,-10408787,-18096496,-404593,-1677105,1834162,缩量,低,情绪退潮,观望,资金撤退型,,D,回避：资金撤退,-3.0
600580,卧龙电驱,26.5,-82.1,0.83,-12.2,-7.09,-148635856,-216844594,-685817122,34338481,31469911,-29413259,缩量,低,情绪退潮,吸筹,资金撤退型,机构吸筹+盈利(关注),C,谨慎：资金流入未验证业绩,21.6
600573,惠泉啤酒,10.33,-54.8,0.32,33.4,0.27,1145460,-7879178,-15818235,1134983,1969253,-211358,缩量,低,情绪退潮,吸筹,资金观望型,资金+业绩共振(双击候选),B,关注：资金+业绩共振,64.1
600651,飞乐音响,5.0,-72.4,0.55,-5.0,-3.0,-13712245,-24092415,-50216248,-3082316,-2422755,2102223,缩量,低,情绪退潮,观望,资金撤退型,,D,回避：资金撤退,-1.0
600598,北大荒,12.58,-78.4,0.78,-60.2,0.16,1815865,-66569419,-306919528,243610,-1997981,-1992246,缩量,低,情绪退潮,进场,资金观望型,,C,谨慎：资金流入未验证业绩,32.1
600654,中安科,3.01,-73.5,0.25,-43.6,0.52,3262950,-29653445,-33257747,-6730722,-4156296,3413895,缩量,低,情绪退潮,观望,资金观望型,,D,回避：资金观望,0.2
600609,金杯汽车,3.65,85.8,0.6,127.1,2.43,20289123,83995278,150414508,17992654,10939164,-10749248,放量,低,游资情绪,抢筹,主力建仓型,资金+业绩共振(双击候选),B,关注：资金+业绩共振,88.8
600658,电子城,4.14,29.9,0.38,2.0,-2.85,-8804529,-9155733,-16882704,1068630,-2811902,-1937564,缩量,低,情绪退潮,观望,资金撤退型,,D,回避：资金撤退,-1.0
600615,鑫源智造,9.48,-73.2,0.56,-19.1,-1.57,-1243822,-356193,-3089965,558519,915768,-444842,缩量,低,情绪退潮,吸筹,资金观望型,纯资金炒作(亏损风险),C,谨慎：纯资金炒作,3.5
600661,昂立教育,9.19,-16.4,1.94,75.7,0.99,5553245,329657,-7565202,-451479,-2161617,-6382370,缩量,低,情绪退潮,观望,资金观望型,,D,回避：资金观望,0.3
600662,外服控股,4.22,-76.1,0.69,-19.6,-3.66,-5625855,-6785969,-3235017,-1036946,0,2379519,缩量,低,情绪退潮,观望,资金观望型,,D,回避：资金观望,-1.2
600612,老凤祥,30.94,-91.1,1.48,-58.2,0.32,441709,-863714,-13685396,8638,-572979,332349,缩量,低,情绪退潮,进场,资金观望型,资金+业绩共振(双击候选),B,关注：资金+业绩共振,72.1
600616,金枫酒业,5.24,406.1,0.74,288.1,1.69,32414443,84725409,113919159,3133487,-2205887,-9833168,放量,低,游资情绪,进场,均衡流入型,资金+业绩共振(双击候选),B,关注：资金+业绩共振,80.6
600665,天地源,3.34,-28.2,0.99,1.3,-4.11,-9545208,-16775304,-37073909,-1006476,-2735533,1170944,缩量,低,情绪退潮,观望,资金撤退型,,D,回避：资金撤退,-1.4
600666,奥瑞德,3.17,-93.1,0.28,13.2,-3.82,-34690707,44758134,31500796,108567,256194,4841574,缩量,低,情绪退潮,观望,资金观望型,,D,回避：资金观望,-1.3
600667,太极实业,17.51,-89.2,4.02,14.2,-6.21,-839818926,-1083240106,-618390554,-122465657,-77560177,149813073,缩量,低,情绪退潮,观望,资金观望型,,D,回避：资金观望,-2.1
600668,尖峰集团,7.4,-86.3,0.28,-15.8,-7.76,-8657324,-8353668,-22126242,-420245,0,1139481,缩量,低,情绪退潮,观望,资金观望型,,D,回避：资金观望,-2.6
600617,国新能源,3.34,-77.4,1.01,-35.9,-2.24,-7880845,2563247,-2764570,861760,2575633,-16260,缩量,低,情绪退潮,吸筹,资金观望型,纯资金炒作(亏损风险),C,谨慎：纯资金炒作,3.3
600675,中华企业,2.35,133.5,0.86,159.5,4.76,74926464,117155732,126983001,-7548476,-6950903,4567722,放量,低,游资情绪,观望,主力建仓型,,D,回避：资金观望,9.6
600676,久事动娱,6.68,-70.4,0.65,4.3,-1.78,-6064703,-15946647,-26893763,-2809630,-1690075,957114,缩量,低,情绪退潮,观望,资金撤退型,,D,回避：资金撤退,-0.6
600679,上海凤凰,10.52,-41.0,0.63,179.3,3.45,11982048,13233634,4328619,-3649493,-1298319,3607599,缩量,低,情绪退潮,观望,趋势转多型,,D,回避：资金观望,1.2
600681,百川能源,3.52,-51.0,0.63,-41.0,2.57,7004106,4877170,-16072456,-4969865,-1373317,4188579,缩量,低,情绪退潮,观望,资金观望型,,D,回避：资金观望,0.9
600682,南京新百,5.83,-61.5,1.08,-28.6,-5.97,-19572868,-22299119,4016300,850100,65503,-508985,缩量,低,情绪退潮,观望,资金观望型,,D,回避：资金观望,-2.0
600683,京投发展,8.85,-58.6,0.36,-31.2,-2.48,-20673158,-40592559,-81054323,-3460513,-2584531,4444441,缩量,低,情绪退潮,观望,资金撤退型,,D,回避：资金撤退,-0.8
600684,珠江股份,3.55,-19.2,0.77,-30.7,0.19,544232,-4402103,-58256039,-790655,830342,1314670,缩量,低,情绪退潮,观望,资金观望型,,D,回避：资金观望,0.1
600685,中船防务,28.75,-54.4,0.42,-34.0,-3.3,-44524212,-66663266,-254523002,2663198,-831710,2723060,缩量,低,情绪退潮,观望,资金撤退型,,D,回避：资金撤退,-1.1
600686,金龙汽车,11.26,-27.1,0.48,12.1,2.41,24061956,27597453,58903976,-9363665,-7382828,8801922,缩量,低,情绪退潮,观望,均衡流入型,,D,回避：资金观望,0.8
600688,上海石化,2.73,-88.8,0.68,-40.2,-7.61,-39722984,-37004061,-106794678,-4334446,-706801,383723,缩量,低,情绪退潮,观望,资金观望型,,D,回避：资金观望,-2.5
600689,上海三毛,11.89,-56.0,0.47,-44.7,-1.14,-1448470,-15639697,-11701951,403005,0,-568060,缩量,低,情绪退潮,观望,资金观望型,,D,回避：资金观望,-0.4
600691,潞化科技,2.72,-45.5,0.37,-70.7,-6.58,-31568699,-94150894,-56975864,-3003104,-2105336,625567,缩量,低,情绪退潮,观望,资金观望型,,D,回避：资金观望,-2.2
600692,亚通股份,6.56,-31.0,0.29,-6.3,-1.67,-3605465,-9144487,-8712625,-3086752,-68097,1286927,缩量,低,情绪退潮,观望,资金观望型,,D,回避：资金观望,-0.6
600693,东百集团,9.18,-84.7,1.11,-63.8,-3.43,-70725012,-39910073,103620728,-4496637,-4113007,6537482,缩量,低,情绪退潮,观望,高位分歧型,,D,回避：资金观望,-1.1
600694,大商股份,14.31,-87.9,0.72,-66.7,-5.1,-5697396,-7523447,-27413903,260442,0,-256524,缩量,低,情绪退潮,观望,资金撤退型,,D,回避：资金撤退,-1.7
600641,先导基电,49.35,-12.1,1.46,204.1,-2.74,-753061670,21852958,-92719501,122755120,104486702,-1173398,缩量,低,情绪退潮,吸筹,资金观望型,纯资金炒作(亏损风险),C,谨慎：纯资金炒作,3.1
600698,湖南天雁,6.79,-58.0,1.92,-69.2,-6.7,-45670665,-80744515,128202111,1668975,-2926602,4863767,缩量,低,情绪退潮,观望,长线吸筹型,,D,回避：资金观望,-2.2
600649,城投控股,3.98,34.5,0.52,9.0,0.93,5672709,5703864,17441442,2189446,3588840,-2257495,缩量,低,情绪退潮,吸筹,均衡流入型,资金+业绩共振(双击候选),B,关注：资金+业绩共振,64.3
600702,舍得酒业,31.97,-91.0,2.15,-21.8,-6.46,-41399297,-111145209,-150602560,-5746935,2157552,4199923,缩量,低,情绪退潮,观望,资金撤退型,,D,回避：资金撤退,-2.2
600703,三安光电,11.52,-89.9,0.67,-34.2,-11.3,-474331789,-447353850,-453476978,1541425,5921588,36752,缩量,低,情绪退潮,观望,资金观望型,,D,回避：资金观望,-3.8
600639,浦东金桥,9.68,-11.1,0.28,78.2,1.13,2848427,38483679,24886253,349728,1117960,-2170521,缩量,低,情绪退潮,进场,趋势转多型,资金+业绩共振(双击候选),B,关注：资金+业绩共振,72.4
600706,曲江文旅,8.05,-58.6,0.88,-59.7,-2.31,-6501711,-59950952,43493210,692929,2139830,-2555756,缩量,低,情绪退潮,观望,长线吸筹型,,D,回避：资金观望,-0.8
600653,申华控股,1.67,60.6,0.65,137.5,8.75,56956843,70909816,71250191,-4587045,-1179223,-1482983,放量,中,主力偏强放量,进场,主力建仓型,纯资金炒作(亏损风险),C,谨慎：纯资金炒作,30.9
600708,光明地产,3.05,14.7,0.39,22.6,-3.01,-11293876,-6809054,-5473038,2257346,865447,-5588904,缩量,低,情绪退潮,观望,资金观望型,,D,回避：资金观望,-1.0
600650,锦江在线,10.15,-81.8,1.36,-54.6,3.14,6954332,3234929,-16911794,342737,1016000,1695176,缩量,低,情绪退潮,进场,资金观望型,资金+业绩共振(双击候选),B,关注：资金+业绩共振,73.0
600711,盛屯矿业,10.24,-92.8,0.82,-59.1,-3.78,-67137624,-187215261,-231632087,-2793817,-4982849,5739265,缩量,低,情绪退潮,观望,资金撤退型,,D,回避：资金撤退,-1.3
600712,南宁百货,5.38,-74.4,1.3,-28.4,-10.25,-47421963,-76709975,-43564083,-1622242,-1052704,1093674,缩量,低,情绪退潮,观望,资金观望型,,D,回避：资金观望,-3.4
600660,福耀玻璃,53.29,-85.6,0.61,-18.9,5.57,106051836,99265365,123443068,-4484646,1088429,3613684,缩量,中,主力惜售,进场,资金观望型,资金+业绩共振(双击候选),B,关注：资金+业绩共振,85.9
600714,金瑞矿业,17.58,-57.7,0.29,-57.7,-1.9,-29650332,40566421,-195240535,-1929646,1233948,9009057,缩量,低,情绪退潮,观望,资金观望型,,D,回避：资金观望,-0.6
600657,信达地产,3.29,452.0,0.63,-43.5,-0.97,-11494182,-14775428,111593242,44290806,13058835,-68495877,放量,低,游资情绪,抢筹,长线吸筹型,纯资金炒作(亏损风险),C,谨慎：纯资金炒作,27.7
600716,凤凰股份,3.72,-34.1,0.45,24.5,-12.48,-13047774,-14087278,-18400169,315434,141784,840147,缩量,低,情绪退潮,观望,资金撤退型,,D,回避：资金撤退,-4.2
600717,天津港,4.28,-40.4,1.34,-24.3,2.31,6441255,31779975,35050832,-2873852,-3838896,3856457,缩量,低,情绪退潮,观望,主力建仓型,,D,回避：资金观望,0.8
600718,东软集团,7.91,-87.0,0.82,-4.1,1.52,3190648,26278245,9610004,-35412,-369277,-275144,缩量,低,情绪退潮,观望,趋势转多型,,D,回避：资金观望,0.5
600655,豫园股份,4.53,-74.0,0.99,-30.6,3.27,7258751,21274873,52922860,-155869,1484616,-952667,缩量,低,情绪退潮,吸筹,主力建仓型,纯资金炒作(亏损风险),C,谨慎：纯资金炒作,5.1
600664,哈药股份,7.52,-1.5,5.48,16.7,-5.43,-1084981805,-302129765,-990928491,321896720,357680694,-71375898,缩量,低,情绪退潮,吸筹,资金观望型,机构吸筹+盈利(关注),C,谨慎：资金流入未验证业绩,22.2
600721,百花医药,13.36,107.8,6.25,34.8,3.59,311888833,708851667,662699393,-29673719,-34218488,6586683,放量,低,游资情绪,观望,趋势转多型,,D,回避：资金观望,9.2
600722,金牛化工,14.75,-55.7,1.0,-45.3,-2.97,-198548092,-413141191,-642233523,-17304758,-3898150,28191397,缩量,低,情绪退潮,观望,资金撤退型,,D,回避：资金撤退,-1.0
600663,陆家嘴,9.34,-19.9,1.12,53.6,0.68,6385889,5476504,11703332,13917525,11597346,-19413465,缩量,低,情绪退潮,进场,资金观望型,资金+业绩共振(双击候选),B,关注：资金+业绩共振,72.2
600724,宁波富达,4.9,-51.1,0.36,-15.0,-4.91,-9310887,-16117922,-42421194,-2056486,-3792591,829032,缩量,低,情绪退潮,观望,资金撤退型,,D,回避：资金撤退,-1.6
600725,云维股份,3.26,-77.9,0.59,-24.4,2.06,4189769,3759445,-14946544,-3088901,0,2764836,缩量,低,情绪退潮,观望,资金观望型,,D,回避：资金观望,0.7
600726,华电能源,4.99,-95.9,0.38,-45.5,-5.41,-59913354,-105679162,-33351774,-3170585,-538240,6939023,缩量,低,情绪退潮,观望,资金观望型,,D,回避：资金观望,-1.8
600727,鲁北化工,7.51,-77.3,0.58,-45.7,-1.67,-4452922,-20386740,-47189005,559460,165953,710843,缩量,低,情绪退潮,观望,资金撤退型,,D,回避：资金撤退,-0.6
600671,天目药业,21.61,-90.5,2.69,-24.3,3.09,6825328,-5903789,-20982080,-682053,926288,-375183,缩量,低,情绪退潮,吸筹,资金观望型,资金+业绩共振(双击候选),B,关注：资金+业绩共振,65.0
600729,重百集团,18.17,-88.4,1.44,-48.3,-1.98,-3195953,-12004197,-7495221,247669,-633520,100759,缩量,低,情绪退潮,观望,资金观望型,,D,回避：资金观望,-0.7
600731,湖南海利,5.86,-83.5,0.57,-60.2,-1.44,-1084968,-7257449,-32880865,549349,0,341072,缩量,低,情绪退潮,观望,资金撤退型,,D,回避：资金撤退,-0.5
600673,东阳光,30.63,-91.4,0.48,-13.3,3.15,64176395,138196376,132687293,22824094,20605245,-19425485,缩量,低,情绪退潮,吸筹,趋势转多型,资金+业绩共振(双击候选),B,关注：资金+业绩共振,65.0
600690,海尔智家,20.24,-80.3,0.83,8.7,5.77,134568742,-35417612,-236176028,-24513615,-22519207,42683067,缩量,中,主力惜售,进场,资金观望型,资金+业绩共振(双击候选),B,关注：资金+业绩共振,85.9
600736,苏州高新,6.43,-57.5,0.09,-21.7,-6.8,-34266191,-27002885,-84305703,-5913435,-3672592,5447748,缩量,低,情绪退潮,观望,资金观望型,,D,回避：资金观望,-2.3
600674,川投能源,16.79,-64.4,1.47,17.3,0.64,12866173,108281524,135940939,5238497,3849946,748524,缩量,低,情绪退潮,进场,均衡流入型,资金+业绩共振(双击候选),B,关注：资金+业绩共振,72.2
600738,丽尚国潮,4.2,-63.7,0.72,-39.4,-1.03,-2173936,-17924230,-9441566,-372485,198198,465291,缩量,低,情绪退潮,观望,资金观望型,,D,回避：资金观望,-0.3
600739,辽宁成大,10.16,-78.2,0.99,-30.3,-14.92,-54904611,-73800589,-151771465,2637183,3336407,1422723,缩量,低,情绪退潮,观望,资金撤退型,,D,回避：资金撤退,-5.0
600740,山西焦化,3.75,-72.2,0.49,-41.2,-2.63,-11287696,-6330908,-61963379,1497612,505496,-3939593,缩量,低,情绪退潮,观望,资金观望型,,D,回避：资金观望,-0.9
600697,欧亚集团,11.32,-19.8,0.64,20.1,1.09,2776064,-41216577,-7642960,619148,213341,-421715,缩量,低,情绪退潮,进场,资金观望型,纯资金炒作(亏损风险),C,谨慎：纯资金炒作,12.4
600707,彩虹股份,10.19,37.6,0.93,205.7,1.4,162220642,879636171,832577037,192753983,175528563,-125625126,缩量,低,情绪退潮,吸筹,趋势转多型,资金+业绩共振(双击候选),B,关注：资金+业绩共振,64.5
600743,华远控股,2.27,267.4,0.18,193.6,-2.85,-61646580,-31137196,-140055425,-23382100,-17917284,26320926,放量,低,游资情绪,观望,资金观望型,,D,回避：资金观望,7.0
600744,华银电力,6.1,-89.6,0.66,-30.1,-4.38,-75417836,-128614432,100008933,8045482,5499119,-7876694,缩量,低,情绪退潮,观望,长线吸筹型,,D,回避：资金观望,-1.5
600746,江苏索普,6.86,-86.0,0.93,-23.0,-7.12,-21833390,-3043076,-25108546,195272,40830,-370876,缩量,低,情绪退潮,观望,资金观望型,,D,回避：资金观望,-2.4
600749,西藏旅游,12.65,-85.1,0.61,-72.3,-10.44,-29245119,-63054420,-23912017,-1094037,-624559,1668538,缩量,低,情绪退潮,观望,长线吸筹型,,D,回避：资金观望,-3.5
600750,华润江中,22.32,-82.7,1.02,-34.8,1.8,5973957,-3554177,-8303781,-812786,324029,4068993,缩量,低,情绪退潮,观望,资金观望型,,D,回避：资金观望,0.6
600751,海航科技,2.88,-80.2,0.4,-5.3,-9.31,-25398254,-61688647,-65802570,2652992,2496489,-3214978,缩量,低,情绪退潮,观望,资金撤退型,,D,回避：资金撤退,-3.1
600754,锦江酒店,17.82,-85.6,0.61,-58.8,-3.12,-17743087,-40860066,-83357865,-5093667,-6775575,4003499,缩量,低,情绪退潮,观望,资金撤退型,,D,回避：资金撤退,-1.0
600713,南京医药,5.0,-82.3,0.81,-5.7,-4.84,-8674680,-32935485,-33024546,3058895,3532422,-1303977,缩量,低,情绪退潮,吸筹,资金撤退型,机构吸筹+盈利(关注),C,谨慎：资金流入未验证业绩,22.4
600756,浪潮软件,13.87,-87.7,1.97,-23.7,-1.37,-5042044,-14885342,-62304658,-1842743,-3668207,-1906397,缩量,低,情绪退潮,观望,资金撤退型,,D,回避：资金撤退,-0.5
600757,长江传媒,7.43,-75.2,1.1,-27.6,0.32,769589,13243229,36711066,-1699480,-1019431,27315,缩量,低,情绪退潮,观望,均衡流入型,,D,回避：资金观望,0.1
600758,辽宁能源,3.78,-29.5,0.7,-28.1,1.82,23211278,858938,-54310637,-4347052,-6420227,416812,缩量,低,情绪退潮,观望,资金观望型,,D,回避：资金观望,0.6
600760,中航沈飞,43.7,-61.0,0.58,-44.7,-3.66,-80834064,-269669516,-700872311,628495,13537802,12012910,缩量,低,情绪退潮,观望,资金撤退型,,D,回避：资金撤退,-1.2
600761,安徽合力,14.72,-89.3,0.41,-7.3,-11.53,-46813901,-74312957,-50290407,-5924936,-2120972,4006714,缩量,低,情绪退潮,观望,资金观望型,,D,回避：资金观望,-3.8
600763,通策医疗,33.91,-62.0,1.09,-19.5,-5.21,-38769696,-9042372,-126002656,9715151,12707792,4250031,缩量,低,情绪退潮,观望,资金观望型,,D,回避：资金观望,-1.7
600764,中国海防,18.49,-49.8,0.66,-50.4,-6.38,-23590222,-41739067,-43053179,-4720626,-2299863,3592003,缩量,低,情绪退潮,观望,资金撤退型,,D,回避：资金撤退,-2.1
600765,中航重机,13.17,-83.1,0.54,-54.4,-5.56,-29792794,-22251116,-37967029,895318,-332348,-3037539,缩量,低,情绪退潮,观望,资金观望型,,D,回避：资金观望,-1.9
600768,富邦新材,14.76,-80.4,0.34,-20.7,-2.89,-4220621,-8796324,-32841347,-785625,-536484,-1263387,缩量,低,情绪退潮,观望,资金撤退型,,D,回避：资金撤退,-1.0
600769,祥龙电业,15.24,-53.8,0.57,-17.1,-5.75,-35907707,-47557779,-32916878,10924125,8039728,-14095731,缩量,低,情绪退潮,观望,资金观望型,,D,回避：资金观望,-1.9
600770,综艺股份,6.11,-16.6,0.13,28.8,0.32,8799522,101473996,208472708,-5395521,-5124791,11525529,缩量,低,情绪退潮,观望,均衡流入型,,D,回避：资金观望,0.1
600704,物产中大,4.84,-71.2,0.73,-38.6,-4.05,-25783752,7345312,-58684238,9582936,7823063,-1363057,缩量,低,情绪退潮,吸筹,资金观望型,机构吸筹+盈利(关注),C,谨慎：资金流入未验证业绩,22.6
600773,西藏城投,9.67,-80.6,0.21,-41.3,-3.61,-29217571,-98843084,-101395182,-1492957,-534063,4862602,缩量,低,情绪退潮,观望,资金撤退型,,D,回避：资金撤退,-1.2
600774,汉商集团,8.01,-61.3,0.74,-19.5,0.91,1121727,-2094794,450269,-757585,0,1747624,缩量,低,情绪退潮,观望,资金观望型,,D,回避：资金观望,0.3
600775,南京熊猫,9.31,-90.2,0.7,-8.9,1.69,8005347,-4121907,1614035,-983938,-1533916,-1360416,缩量,低,情绪退潮,观望,资金观望型,,D,回避：资金观望,0.6
600776,东方通信,12.35,-82.4,0.2,-57.0,-8.75,-74465104,-116377542,72507465,-1551286,-607296,3308907,缩量,低,情绪退潮,观望,长线吸筹型,,D,回避：资金观望,-2.9
600777,XD新潮能,3.99,-91.7,0.71,-46.5,0.25,654530,-28180783,11024078,-631302,-1289853,1634442,缩量,低,情绪退潮,观望,长线吸筹型,,D,回避：资金观望,0.1
600778,友好集团,5.73,-49.9,0.61,-57.2,-2.3,-5041024,-53792523,49877079,249227,-519044,-1380243,缩量,低,情绪退潮,观望,长线吸筹型,,D,回避：资金观望,-0.8
600779,水井坊,25.85,-91.2,1.19,-10.7,-0.51,-1008059,11396638,-4866142,472797,432188,151422,缩量,低,情绪退潮,观望,资金观望型,,D,回避：资金观望,-0.2
600780,通宝能源,6.15,-71.5,0.32,-30.0,-3.22,-6295626,-34198601,-108651590,-209304,703771,3355845,缩量,低,情绪退潮,观望,资金撤退型,,D,回避：资金撤退,-1.1
600699,均胜电子,23.31,156.2,0.32,217.6,3.95,439845270,695748315,747800832,45775541,7940395,-14613532,放量,低,游资情绪,进场,主力建仓型,资金+业绩共振(双击候选),B,关注：资金+业绩共振,81.3
600783,鲁信创投,14.62,-90.0,0.5,-4.4,-1.83,-11107536,-179188761,-239045812,4898193,1856860,-2398759,缩量,低,情绪退潮,观望,资金撤退型,,D,回避：资金撤退,-0.6
600784,鲁银投资,7.04,-93.4,0.95,-56.0,-2.28,-3676598,-11035060,-70267800,-62744,-701845,-251543,缩量,低,情绪退潮,观望,资金撤退型,,D,回避：资金撤退,-0.8
600710,苏美达,11.28,-69.1,0.46,-38.4,5.41,17919511,-9488604,-4510785,-2896735,729027,5597044,缩量,中,主力惜售,进场,资金观望型,资金+业绩共振(双击候选),B,关注：资金+业绩共振,85.8
600719,大连热电,9.0,154.8,0.2,119.1,4.29,58068599,100683901,109708331,79409274,86568765,-41628642,放量,低,游资情绪,抢筹,主力建仓型,纯资金炒作(亏损风险),C,谨慎：纯资金炒作,29.4
600789,鲁抗医药,7.82,-40.9,0.98,3.9,-1.57,-12543051,-26149416,-43494731,1599211,5566067,4839037,缩量,低,情绪退潮,观望,资金撤退型,,D,回避：资金撤退,-0.5
600715,文投控股,1.63,-51.4,0.6,14.5,6.59,29677839,32863664,5866951,-12450389,-9134249,7172933,缩量,中,主力惜售,进场,趋势转多型,纯资金炒作(亏损风险),C,谨慎：纯资金炒作,26.2
600733,北汽蓝谷,5.16,41.0,1.23,87.9,2.43,95213398,105568148,40711378,55104205,48189574,-11543525,缩量,低,情绪退潮,吸筹,趋势转多型,纯资金炒作(亏损风险),C,谨慎：纯资金炒作,4.8
600720,中交设计,5.13,-84.8,1.0,-33.0,6.66,6346305,31593606,60414424,-1161846,-16896,318610,缩量,中,主力惜售,进场,主力强攻型,资金+业绩共振(双击候选),B,关注：资金+业绩共振,86.2
600793,宜宾纸业,16.6,-84.3,1.47,58.1,-4.53,-14264879,12061652,286772,281599,-173176,-1380796,缩量,低,情绪退潮,观望,资金观望型,,D,回避：资金观望,-1.5
600794,保税科技,3.18,-67.7,0.72,-19.4,-0.17,-231991,-4190945,5677531,-1012987,0,1332380,缩量,低,情绪退潮,观望,长线吸筹型,,D,回避：资金观望,-0.1
600795,国电电力,5.36,-63.0,0.68,-8.3,2.05,59704361,186018510,678219444,-42439130,-45229896,17587775,缩量,低,情绪退潮,观望,主力建仓型,,D,回避：资金观望,0.7
600796,钱江生化,5.09,-79.0,0.55,-33.2,0.67,541889,1143608,-2426257,-637686,615890,1265939,缩量,低,情绪退潮,观望,趋势转多型,,D,回避：资金观望,0.2
600797,浙大网新,6.46,-94.7,1.0,-23.1,-7.29,-19599998,-38314377,-59799598,-1555521,-1837605,2085885,缩量,低,情绪退潮,观望,资金撤退型,,D,回避：资金撤退,-2.4
600798,宁波海运,3.39,-62.2,0.45,-44.8,-3.48,-8252712,-71040760,-48757188,1251342,1119000,-3437903,缩量,低,情绪退潮,观望,资金观望型,,D,回避：资金观望,-1.2
600800,渤海化学,3.19,-85.4,0.35,-13.0,1.89,4067602,-21137769,-52899681,-1908823,65322,1168407,缩量,低,情绪退潮,观望,资金观望型,,D,回避：资金观望,0.6
600728,佳都科技,4.43,-85.7,0.66,-18.9,-5.59,-17479838,-21316330,-27833114,1188736,3450617,-429035,缩量,低,情绪退潮,吸筹,资金撤退型,机构吸筹+盈利(关注),C,谨慎：资金流入未验证业绩,22.1
600732,爱旭股份,11.53,-42.8,0.5,34.9,-6.23,-66767332,5848318,-85970167,50375167,38973323,-22484176,缩量,低,情绪退潮,吸筹,资金观望型,纯资金炒作(亏损风险),C,谨慎：纯资金炒作,1.9
600803,新奥股份,18.68,-76.1,0.47,-55.3,-0.84,-3237459,6664805,-53981453,1125405,-570810,1876568,缩量,低,情绪退潮,观望,资金观望型,,D,回避：资金观望,-0.3
600805,悦达投资,4.61,-50.7,0.46,1.0,-0.45,-716932,-6716433,-6214854,-2505614,-1698367,2316952,缩量,低,情绪退潮,观望,资金观望型,,D,回避：资金观望,-0.1
600741,华域汽车,15.41,-61.0,0.53,-14.4,5.27,50243736,27869509,-16429155,15830205,3605723,861665,缩量,中,主力惜售,进场,资金观望型,资金+业绩共振(双击候选),B,关注：资金+业绩共振,85.8
600808,马钢股份,2.45,-76.7,0.69,1.0,0.28,1902109,-2764330,-11243018,-3130629,-3000245,3511385,缩量,低,情绪退潮,观望,资金观望型,,D,回避：资金观望,0.1
600809,山西汾酒,111.55,-92.7,1.16,-36.5,0.74,16287716,49407984,-48657809,-769524,-1306549,9886379,缩量,低,情绪退潮,观望,趋势转多型,,D,回避：资金观望,0.2
600737,中粮糖业,14.49,-3.5,0.94,-56.8,-9.27,-360809973,-473652464,-1169031620,30299158,27688797,-26020127,缩量,低,情绪退潮,吸筹,资金撤退型,机构吸筹+盈利(关注),C,谨慎：资金流入未验证业绩,20.9
600742,XD富维股,7.7,-58.5,0.41,-11.9,2.08,3492793,459089,25012744,1314337,0,1769418,缩量,低,情绪退潮,进场,资金观望型,资金+业绩共振(双击候选),B,关注：资金+业绩共振,72.7
600814,杭州解百,6.84,-70.9,0.63,-66.8,-11.56,-18999597,-37599827,2002140,-2145279,-779969,918429,缩量,低,情绪退潮,观望,长线吸筹型,,D,回避：资金观望,-3.9
600815,厦工股份,3.9,22.1,0.47,26.1,3.18,109808137,232647939,-66872826,-5543702,-525347,10156703,缩量,低,情绪退潮,观望,趋势转多型,,D,回避：资金观望,1.1
600816,建元信托,2.35,-81.3,0.3,-39.4,-2.99,-13603402,-23944483,9480418,-4081409,-1150684,5821702,缩量,低,情绪退潮,观望,长线吸筹型,,D,回避：资金观望,-1.0
600817,宇通重工,9.78,-74.1,0.28,-13.1,-8.6,-5703919,-1497766,-5401221,-226432,-507520,-302825,缩量,低,情绪退潮,观望,资金观望型,,D,回避：资金观望,-2.9
600819,耀皮玻璃,5.61,-72.3,0.83,-29.5,0.53,1022564,-17468798,-13824193,-581779,-461942,2261332,缩量,低,情绪退潮,观望,资金观望型,,D,回避：资金观望,0.2
600820,隧道股份,5.22,-84.0,0.81,-53.4,-1.38,-3145782,34719077,53188281,-789387,-1073955,214640,缩量,低,情绪退潮,观望,高位分歧型,,D,回避：资金观望,-0.5
600748,上实发展,3.94,25.3,0.33,28.7,0.08,313818,2465097,-8643162,6575547,2917248,-8072539,缩量,低,情绪退潮,进场,趋势转多型,纯资金炒作(亏损风险),C,谨慎：纯资金炒作,12.0
600822,上海物贸,8.95,33.6,0.77,125.0,-4.23,-15569031,11047030,8826556,-4277906,-2387279,3929618,缩量,低,情绪退潮,观望,资金观望型,,D,回避：资金观望,-1.4
600824,益民集团,3.65,-69.3,0.8,-54.1,4.12,6194523,6989587,-13698013,-2823204,-2506866,3692103,缩量,低,情绪退潮,观望,趋势转多型,,D,回避：资金观望,1.4
600785,新华百货,10.41,-56.6,0.73,-64.7,-3.59,-28886130,22355877,349030677,7919335,6453268,-2972554,缩量,低,情绪退潮,吸筹,高位分歧型,机构吸筹+盈利(关注),C,谨慎：资金流入未验证业绩,22.8
600826,兰生股份,7.95,-66.2,0.35,93.5,4.82,15519259,22069475,18964547,-1661945,-658439,3616166,缩量,低,情绪退潮,观望,趋势转多型,,D,回避：资金观望,1.6
600755,厦门国贸,5.71,-67.2,0.78,61.8,7.79,70326197,73564313,56816184,-2901892,-761273,372231,缩量,中,主力惜售,进场,趋势转多型,资金+业绩共振(双击候选),B,关注：资金+业绩共振,86.6
600828,茂业商业,4.28,-73.8,0.65,-70.1,-1.32,-5050878,-22308576,21770779,-309954,0,428362,缩量,低,情绪退潮,观望,长线吸筹型,,D,回避：资金观望,-0.4
600829,人民同泰,9.47,-91.1,4.01,-26.8,-9.54,-36580559,-38058103,-63532671,-115960,0,2578528,缩量,低,情绪退潮,观望,资金撤退型,,D,回避：资金撤退,-3.2
600830,香溢融通,8.36,-44.2,0.16,-82.4,-15.14,-44779301,-68313168,-184999855,1052340,1954052,705293,缩量,低,情绪退潮,观望,资金撤退型,,D,回避：资金撤退,-5.0
600782,新钢股份,2.67,-80.6,0.76,-12.1,3.72,14617330,11371135,60286212,659906,-694882,579904,缩量,低,情绪退潮,进场,资金观望型,资金+业绩共振(双击候选),B,关注：资金+业绩共振,73.2
600771,广誉远,14.15,-68.9,1.77,19.4,0.91,4797345,4579386,-44567010,2622829,1005301,1998402,缩量,低,情绪退潮,进场,资金观望型,资金+业绩共振(双击候选),B,关注：资金+业绩共振,72.3
600833,第一医药,10.57,-85.3,1.47,-3.2,-3.42,-6500600,2082875,-10050125,60518,1065316,1448902,缩量,低,情绪退潮,观望,资金观望型,,D,回避：资金观望,-1.1
600834,XD申通地,7.65,-67.1,0.55,-48.9,-0.82,-455003,-4812388,-1829217,-271121,-653885,368293,缩量,低,情绪退潮,观望,资金观望型,,D,回避：资金观望,-0.3
600835,上海机电,18.24,-80.8,0.46,61.3,-0.46,-2707887,24050860,15095525,-2299500,-856093,2313649,缩量,低,情绪退潮,观望,资金观望型,,D,回避：资金观望,-0.2
600838,上海九百,8.12,-62.9,0.84,-40.3,-3.42,-13771302,-1839015,-39587937,-108518,-1147717,2922283,缩量,低,情绪退潮,观望,资金观望型,,D,回避：资金观望,-1.1
600839,四川长虹,6.42,-94.8,1.14,-44.4,-14.65,-108779812,-135294837,-396678611,-3546358,-3395891,8173504,缩量,低,情绪退潮,观望,资金撤退型,,D,回避：资金撤退,-4.9
600790,轻纺城,3.63,132.2,0.13,229.1,0.9,10333060,42800176,52264100,11489487,9456767,-6902669,放量,低,游资情绪,抢筹,均衡流入型,纯资金炒作(亏损风险),C,谨慎：纯资金炒作,28.3
600791,京能置业,6.73,-41.8,0.49,-49.5,-1.46,-7127698,-38656120,22245964,2376665,4625173,-2671269,缩量,低,情绪退潮,吸筹,长线吸筹型,纯资金炒作(亏损风险),C,谨慎：纯资金炒作,3.5
600787,中储股份,4.6,-81.5,0.91,-21.4,4.75,11271744,47446458,60481484,172443,761154,1308329,缩量,低,情绪退潮,进场,主力建仓型,资金+业绩共振(双击候选),B,关注：资金+业绩共振,73.6
600843,上工申贝,7.56,59.5,0.59,360.9,4.91,72999764,71930400,62750540,-3565115,-4030405,7750083,放量,低,游资情绪,观望,资金观望型,,D,回避：资金观望,9.6
600844,金煤科技,3.24,-87.4,1.05,-68.0,-2.45,-8827694,-41273499,-66250152,886462,-632450,1800716,缩量,低,情绪退潮,观望,资金撤退型,,D,回避：资金撤退,-0.8
600845,宝信软件,17.71,-85.5,0.64,72.0,-5.81,-58303819,78785927,-78530154,-3087306,-1324742,246226,缩量,低,情绪退潮,观望,资金观望型,,D,回避：资金观望,-1.9
600846,同济科技,10.66,-95.1,1.37,-39.2,-7.28,-6530821,-17369097,-57096528,534000,534000,-726443,缩量,低,情绪退潮,观望,资金撤退型,,D,回避：资金撤退,-2.4
600847,万里股份,12.81,22.3,0.54,284.9,-5.3,-19003659,8274703,6532220,-1625603,-255832,4703749,缩量,低,情绪退潮,观望,资金观望型,,D,回避：资金观望,-1.8
600792,云煤能源,5.13,196.9,0.61,19.6,7.33,251198947,481781697,690002953,-27792683,-14365901,26129078,放量,中,主力偏强放量,进场,主力强攻型,纯资金炒作(亏损风险),C,谨慎：纯资金炒作,30.4
600801,华新建材,23.62,-90.8,0.89,-28.0,-7.44,-52236459,-91496081,-199571464,4690805,5128856,-1677803,缩量,低,情绪退潮,吸筹,资金撤退型,机构吸筹+盈利(关注),C,谨慎：资金流入未验证业绩,21.5
600851,海欣股份,8.03,-88.6,1.28,-3.6,-2.6,-5363731,-28247412,-66816103,146198,521147,1281838,缩量,低,情绪退潮,观望,资金撤退型,,D,回避：资金撤退,-0.9
600853,龙建股份,3.29,-52.6,0.73,-12.6,1.66,1984715,4327704,6416961,-1516772,-854255,3483125,缩量,低,情绪退潮,观望,均衡流入型,,D,回避：资金观望,0.6
600854,春兰股份,4.72,-60.3,0.4,-8.2,-7.67,-10794743,-14596242,-19130292,2813,-677336,-1056618,缩量,低,情绪退潮,观望,资金撤退型,,D,回避：资金撤退,-2.6
600855,航天长峰,12.51,-65.9,0.2,-54.2,-20.18,-84465326,-86339891,6317430,-1501983,82348,6581603,缩量,低,情绪退潮,观望,长线吸筹型,,D,回避：资金观望,-6.7
600857,宁波中百,17.48,-69.2,3.67,-22.8,-6.77,-68428670,-63185566,63882762,-563588,1677281,-3879494,缩量,低,情绪退潮,观望,长线吸筹型,,D,回避：资金观望,-2.3
600802,福建水泥,6.67,1269.6,0.65,94.9,5.88,139974498,130299786,227885287,6843438,16320372,16115979,放量,中,主力偏强放量,进场,资金观望型,纯资金炒作(亏损风险),C,谨慎：纯资金炒作,30.0
600859,王府井,9.64,-82.9,0.92,-44.5,-6.22,-24929705,-28036035,-24311117,-1613190,-1097320,216060,缩量,低,情绪退潮,观望,资金观望型,,D,回避：资金观望,-2.1
600807,济高发展,2.67,-54.4,0.5,-7.4,2.95,4618609,5233061,15237882,692356,795000,-712485,缩量,低,情绪退潮,吸筹,均衡流入型,纯资金炒作(亏损风险),C,谨慎：纯资金炒作,5.0
600810,神马股份,6.24,-76.0,0.51,-31.7,0.55,794518,7013523,18337490,1607727,-778750,-5045756,缩量,低,情绪退潮,进场,均衡流入型,纯资金炒作(亏损风险),C,谨慎：纯资金炒作,12.2
600862,中航高科,17.92,-83.7,0.67,-51.4,-7.08,-47320162,-67393100,-19986015,6375308,7367446,63471,缩量,低,情绪退潮,观望,长线吸筹型,,D,回避：资金观望,-2.4
600812,华北制药,4.95,-41.4,2.04,-2.8,-10.48,-73407958,30246974,141647833,8342168,2989920,-1620710,缩量,低,情绪退潮,吸筹,高位分歧型,机构吸筹+盈利(关注),C,谨慎：资金流入未验证业绩,20.5
600864,哈投股份,5.63,-68.7,0.5,-10.4,-11.63,-86412735,-57133033,-2313573,-2656681,916606,5481176,缩量,低,情绪退潮,观望,资金观望型,,D,回避：资金观望,-3.9
600865,百大集团,10.41,-19.0,0.62,-33.7,-6.79,-73984665,-95865084,-82545888,-2858197,896345,7085338,缩量,低,情绪退潮,观望,资金观望型,,D,回避：资金观望,-2.3
600866,星湖科技,4.14,-80.1,0.37,-48.2,-10.35,-28079906,-49132467,-144832768,-1734473,642768,1367106,缩量,低,情绪退潮,观望,资金撤退型,,D,回避：资金撤退,-3.4
600867,通化东宝,7.84,-72.5,0.74,-9.1,-10.85,-44669522,-56467129,-122440908,5292210,2847888,1348942,缩量,低,情绪退潮,观望,资金撤退型,,D,回避：资金撤退,-3.6
600821,金开新能,5.72,-93.0,0.36,-42.4,-12.16,-110204414,-210796286,-124822919,1383595,2084100,-1008064,缩量,低,情绪退潮,吸筹,长线吸筹型,机构吸筹+盈利(关注),C,谨慎：资金流入未验证业绩,19.9
600869,远东股份,17.67,-64.7,1.02,-42.1,-13.07,-1590606284,-2208254511,-3741956748,-97572584,-57197609,98186552,缩量,低,情绪退潮,观望,资金撤退型,,D,回避：资金撤退,-4.4
600827,百联股份,7.78,-86.4,0.73,-42.6,-2.79,-8144171,-1806316,39785395,2003980,2583673,-1368169,缩量,低,情绪退潮,吸筹,高位分歧型,机构吸筹+盈利(关注),C,谨慎：资金流入未验证业绩,23.1
600872,中炬高新,16.96,-89.4,0.77,-15.9,-3.44,-17822254,-44838211,-83801754,-3709014,-404264,2521975,缩量,低,情绪退潮,观望,资金撤退型,,D,回避：资金撤退,-1.1
600873,梅花生物,7.39,-77.6,0.55,-47.3,-2.25,-11505026,-19270061,-62570423,4783405,6445687,2325656,缩量,低,情绪退潮,观望,资金撤退型,,D,回避：资金撤退,-0.8
600874,创业环保,5.51,-64.8,0.6,-26.0,-1.52,-1941537,-6521029,-12017580,1797478,1076739,113661,缩量,低,情绪退潮,观望,资金撤退型,,D,回避：资金撤退,-0.5
600875,东方电气,23.11,-89.8,0.36,-43.1,-12.38,-278920508,-298418906,-370818650,-9933450,-3496135,19813591,缩量,低,情绪退潮,观望,资金撤退型,,D,回避：资金撤退,-4.1
600876,凯盛新能,7.49,-17.4,0.41,37.6,-2.94,-14148606,9567931,32428206,-3319198,-1642831,5566002,缩量,低,情绪退潮,观望,资金观望型,,D,回避：资金观望,-1.0
600877,电科芯片,11.37,-91.3,0.69,3.7,-2.28,-10195783,-39998723,-67574596,-3776288,-3052577,3572915,缩量,低,情绪退潮,观望,资金撤退型,,D,回避：资金撤退,-0.8
600879,航天电子,13.59,-89.0,0.37,8.4,-6.09,-206552173,-257120701,-598336283,-36556683,-35966142,37422418,缩量,低,情绪退潮,观望,资金撤退型,,D,回避：资金撤退,-2.0
600880,博瑞传播,4.14,-26.9,0.48,25.9,-12.46,-129621479,-170562225,-13200832,3164509,4506856,6002734,缩量,低,情绪退潮,观望,长线吸筹型,,D,回避：资金观望,-4.2
600881,亚泰集团,1.84,-83.0,2.88,-29.3,3.57,24923845,28392044,88288686,-10540040,-11859376,6138107,缩量,低,情绪退潮,观望,均衡流入型,,D,回避：资金观望,1.2
600882,妙可蓝多,18.96,-93.4,1.71,-48.1,-0.97,-2148247,-14089427,-17244427,1067890,0,129099,缩量,低,情绪退潮,观望,资金撤退型,,D,回避：资金撤退,-0.3
600825,新华传媒,10.35,63.3,1.48,58.1,39.66,152147612,168699507,156416703,48626132,68120357,-18584522,放量,高,主力主导放量🔥(最强),抢筹,短线抢筹型,资金+业绩共振(双击候选),A,金股候选：资金强攻+业绩共振,105
600884,杉杉股份,11.59,-71.8,0.22,66.0,0.81,23314180,-39910832,-253319073,-8901362,-4850812,8661148,缩量,低,情绪退潮,观望,资金观望型,,D,回避：资金观望,0.3
600885,宏发股份,33.37,-88.4,0.52,-44.2,-2.75,-34802415,-52752559,-122096890,-1701661,-569744,10496546,缩量,低,情绪退潮,观望,资金撤退型,,D,回避：资金撤退,-0.9
600886,国投电力,15.39,-77.9,1.13,6.7,3.01,67403884,158666028,177393248,-7111939,-2209950,386912,缩量,低,情绪退潮,观望,主力建仓型,,D,回避：资金观望,1.0
600831,广电网络,3.38,-17.0,0.81,84.4,5.49,32731446,30211339,31422253,-1910506,-728004,4244177,缩量,中,主力惜售,进场,资金观望型,纯资金炒作(亏损风险),C,谨慎：纯资金炒作,25.8
600888,新疆众和,9.73,-80.4,2.33,5.6,0.3,5132809,-11880466,-352305206,-14876756,-3639945,11054826,缩量,低,情绪退潮,观望,资金观望型,,D,回避：资金观望,0.1
600892,大晟文化,4.14,-64.7,2.4,-72.5,1.41,8356419,-17178152,-84014974,-2538316,-241529,6721853,缩量,低,情绪退潮,观望,资金观望型,,D,回避：资金观望,0.5
600893,航发动力,38.93,-75.9,0.61,-42.1,-4.56,-168323656,-557081247,-509693217,26175549,18529990,-22699799,缩量,低,情绪退潮,观望,资金观望型,,D,回避：资金观望,-1.5
600895,张江高科,27.78,-92.0,1.05,-18.6,-5.81,-91967634,-119021354,-365074459,-1321470,-3111699,7590941,缩量,低,情绪退潮,观望,资金撤退型,,D,回避：资金撤退,-1.9
600841,动力新科,5.69,-76.7,0.45,-8.6,2.77,6881324,-8773277,26376737,10555,-674998,-267176,缩量,低,情绪退潮,进场,资金观望型,资金+业绩共振(双击候选),B,关注：资金+业绩共振,72.9
600905,三峡能源,3.52,-82.3,0.55,-12.8,-11.59,-123677711,-141921639,-203602820,-12140237,-12076209,11007727,缩量,低,情绪退潮,观望,资金撤退型,,D,回避：资金撤退,-3.9
600906,财达证券,6.26,-92.0,0.77,-36.8,-15.18,-68198981,-91823542,-174637218,587306,-1672003,66932,缩量,低,情绪退潮,观望,资金撤退型,,D,回避：资金撤退,-5.1
600848,上海临港,8.7,-46.8,0.7,22.4,-1.58,-5314733,-22315995,-15908733,376499,1967018,-481751,缩量,低,情绪退潮,吸筹,资金观望型,机构吸筹+盈利(关注),C,谨慎：资金流入未验证业绩,23.5
600909,华安证券,7.7,-93.0,5.69,-36.3,-8.21,-173019030,-258741207,-480402957,1012293,12517694,2121306,缩量,低,情绪退潮,观望,资金撤退型,,D,回避：资金撤退,-2.7
600916,中国黄金,7.15,-90.4,0.97,-56.2,-16.96,-79840528,-109622188,-259012017,-3519234,-3915091,3440000,缩量,低,情绪退潮,观望,资金撤退型,,D,回避：资金撤退,-5.7
600917,重庆燃气,4.81,-63.9,0.71,-57.7,-1.35,-1237185,-10829043,-1500370,-1875418,-1154346,1055853,缩量,低,情绪退潮,观望,长线吸筹型,,D,回避：资金观望,-0.5
600918,中泰证券,5.4,-87.3,1.5,-41.6,-5.07,-26410052,-41352949,-74380969,-2808840,83892,4179227,缩量,低,情绪退潮,观望,资金撤退型,,D,回避：资金撤退,-1.7
600919,江苏银行,12.4,-60.5,1.22,0.1,-2.95,-137200258,-240962840,-171410123,-5946315,18245055,19138695,缩量,低,情绪退潮,观望,资金观望型,,D,回避：资金观望,-1.0
600860,京城股份,7.53,-82.2,0.69,19.4,0.0,7330,-15738182,-26100552,-96690,1240943,-407331,缩量,低,情绪退潮,吸筹,资金观望型,纯资金炒作(亏损风险),C,谨慎：纯资金炒作,4.0
600926,杭州银行,17.05,-73.7,1.21,-26.4,-2.85,-61889529,-173662438,-378406444,-5590862,-1856196,7624133,缩量,低,情绪退潮,观望,资金撤退型,,D,回避：资金撤退,-1.0
600927,永安期货,12.09,-82.3,0.83,-35.9,-10.85,-22259689,-3363820,-12780655,-2050693,0,104830,缩量,低,情绪退潮,观望,资金观望型,,D,回避：资金观望,-3.6
600858,银座股份,4.91,-68.6,0.72,-36.3,1.52,2061164,5172379,2740695,352955,0,-1199296,缩量,低,情绪退潮,进场,趋势转多型,资金+业绩共振(双击候选),B,关注：资金+业绩共振,72.5
600929,雪天盐业,6.04,-54.4,0.41,65.9,-8.18,-61767687,-42224523,674295,-3268761,-4102212,80045,缩量,低,情绪退潮,观望,资金观望型,,D,回避：资金观望,-2.7
600930,华电新能,3.83,-87.8,0.57,-1.0,-10.44,-146301064,-72011713,-45439671,-5809952,-7516621,4800981,缩量,低,情绪退潮,观望,资金观望型,,D,回避：资金观望,-3.5
600933,爱柯迪,13.4,-67.8,0.36,163.3,-2.23,-14626582,40017053,50567070,-6256383,-6997369,-409094,缩量,低,情绪退潮,观望,资金观望型,,D,回避：资金观望,-0.7
600935,华塑股份,2.29,-61.9,0.42,-16.9,-3.72,-6601965,45776540,54224524,-2367478,-2519305,560220,缩量,低,情绪退潮,观望,资金观望型,,D,回避：资金观望,-1.2
600936,北投科技,4.26,-91.5,1.0,-59.7,-12.69,-66465804,-170874616,-299498031,-7956373,-8138513,2690733,缩量,低,情绪退潮,观望,资金撤退型,,D,回避：资金撤退,-4.2
600861,北京人力,12.75,-89.3,1.0,-28.5,0.14,88294,2518345,-1544783,200964,0,249855,缩量,低,情绪退潮,进场,趋势转多型,资金+业绩共振(双击候选),B,关注：资金+业绩共振,72.0
600939,重庆建工,2.64,-32.7,0.43,-1.5,-4.12,-6483430,-8898628,7230092,487486,1177137,327683,缩量,低,情绪退潮,观望,长线吸筹型,,D,回避：资金观望,-1.4
600941,XD中国移,95.13,-69.3,1.24,-19.8,-1.54,-45181772,-127576317,-421841047,-17548936,-23553988,16526302,缩量,低,情绪退潮,观望,资金撤退型,,D,回避：资金撤退,-0.5
600955,维远股份,12.36,-86.2,0.34,-26.3,3.34,3720931,6094726,4479416,-422744,0,2286069,缩量,低,情绪退潮,观望,趋势转多型,,D,回避：资金观望,1.1
600956,新天绿能,7.06,-82.6,0.31,-14.9,-2.68,-4665080,-17444452,-21496015,498452,952394,993466,缩量,低,情绪退潮,观望,资金撤退型,,D,回避：资金撤退,-0.9
600958,东方证券,8.61,-87.4,0.37,-30.5,-12.28,-153920909,-261197337,-427122293,-7761599,-5346350,5519345,缩量,低,情绪退潮,观望,资金撤退型,,D,回避：资金撤退,-4.1
600959,江苏有线,3.1,-65.9,0.45,-17.9,-0.16,-601596,-8239231,-6719810,1085847,-3094364,-1173288,缩量,低,情绪退潮,观望,资金观望型,,D,回避：资金观望,-0.1
600960,渤海汽车,3.95,-52.9,0.4,-17.7,3.75,5049068,3992336,11353356,-2187721,-794130,-677310,缩量,低,情绪退潮,观望,资金观望型,,D,回避：资金观望,1.2
600961,株冶集团,22.6,-91.3,0.59,-17.6,-6.49,-126294821,6785104,-185296579,-12260786,-2280174,-2257291,缩量,低,情绪退潮,观望,资金观望型,,D,回避：资金观望,-2.2
600850,电科数字,13.71,-86.0,0.8,-6.5,-4.95,-19960644,-32199173,-61191095,3555795,5408261,-1139675,缩量,低,情绪退潮,吸筹,资金撤退型,机构吸筹+盈利(关注),C,谨慎：资金流入未验证业绩,22.4
600871,石化油服,2.08,-83.3,0.86,-39.9,-1.49,-12458159,66466333,172515098,13160316,13180037,-6640609,缩量,低,情绪退潮,吸筹,高位分歧型,机构吸筹+盈利(关注),C,谨慎：资金流入未验证业绩,23.5
600966,博汇纸业,4.85,-75.4,0.67,-32.4,0.08,142208,4734437,-18765324,-1835844,-1789761,1319857,缩量,低,情绪退潮,观望,趋势转多型,,D,回避：资金观望,0.0
600967,内蒙一机,12.9,-33.2,1.04,-63.6,-2.95,-73028753,-394068778,505638551,14361081,9348779,-27495068,缩量,低,情绪退潮,观望,长线吸筹型,,D,回避：资金观望,-1.0
600968,海油发展,3.91,-82.3,0.62,-39.3,4.92,22092170,4664185,-11571424,-11128172,-5149852,4398678,缩量,低,情绪退潮,观望,资金观望型,,D,回避：资金观望,1.6
600969,郴电国际,9.53,-77.6,0.38,-68.5,-13.26,-40204522,-50859568,2460657,-2086488,0,6134777,缩量,低,情绪退潮,观望,长线吸筹型,,D,回避：资金观望,-4.4
600868,梅雁吉祥,2.76,-85.6,0.7,-17.2,7.27,25577202,33474871,-4130621,-4492371,-3318169,1619427,缩量,中,主力惜售,进场,短线抢筹型,纯资金炒作(亏损风险),C,谨慎：纯资金炒作,26.4
600863,华能蒙电,4.72,-91.1,2.43,-40.4,2.37,35761461,-66734179,105822524,12490460,16072333,-9595406,缩量,低,情绪退潮,吸筹,资金观望型,资金+业绩共振(双击候选),B,关注：资金+业绩共振,64.8
600973,宝胜股份,5.74,-90.5,0.48,-36.7,-12.49,-34520011,-49714641,-104009755,-632394,-569982,1357316,缩量,低,情绪退潮,观望,资金撤退型,,D,回避：资金撤退,-4.2
600975,新五丰,5.17,-59.6,0.87,-63.8,-1.39,-5585887,14265453,25695037,-5668321,-4083811,2461299,缩量,低,情绪退潮,观望,资金观望型,,D,回避：资金观望,-0.5
600976,健民集团,26.82,-80.0,1.61,-52.9,-2.71,-2626534,-1891627,-6999035,1557024,5003638,130464,缩量,低,情绪退潮,观望,资金观望型,,D,回避：资金观望,-0.9
600977,中国电影,12.9,-73.1,1.23,11.2,-2.63,-39622177,-31400640,-209549025,-23535975,-19942597,24486398,缩量,低,情绪退潮,观望,资金观望型,,D,回避：资金观望,-0.9
600883,博闻科技,8.13,-71.3,0.39,-43.3,2.74,3528423,4087152,10184375,510462,0,-1737112,缩量,低,情绪退潮,进场,均衡流入型,资金+业绩共振(双击候选),B,关注：资金+业绩共振,72.9
600980,北矿科技,18.79,-82.8,0.67,-2.6,-2.21,-3957423,-6795292,-22251496,-473183,-523719,588630,缩量,低,情绪退潮,观望,资金撤退型,,D,回避：资金撤退,-0.7
600981,苏豪汇鸿,2.39,-60.5,0.72,-9.3,-0.82,-1363676,457660,5387309,1127754,-28800,-1363431,缩量,低,情绪退潮,观望,资金观望型,,D,回避：资金观望,-0.3
600887,伊利股份,27.14,-84.7,0.58,-36.0,7.33,339180950,664377569,991359334,-5452591,-6289112,10784033,缩量,中,主力惜售,进场,主力强攻型,资金+业绩共振(双击候选),B,关注：资金+业绩共振,86.4
600983,惠而浦,7.48,-82.5,0.5,-4.0,1.06,587183,888871,516688,-460111,0,-26513,缩量,低,情绪退潮,观望,趋势转多型,,D,回避：资金观望,0.4
600984,建设机械,3.52,-66.7,1.69,-39.2,3.76,13492186,-14642908,-82811055,-5924239,-6208864,693780,缩量,低,情绪退潮,观望,资金观望型,,D,回避：资金观望,1.3
600900,长江电力,28.56,-77.1,1.22,-26.5,3.58,379216704,341492151,656204459,48613206,26144184,14667881,缩量,低,情绪退潮,进场,资金观望型,资金+业绩共振(双击候选),B,关注：资金+业绩共振,73.2
600986,浙文互联,6.92,-88.3,0.44,-28.5,0.14,1774515,-1634779,-196878494,-5700468,-2559671,10154758,缩量,低,情绪退潮,观望,资金观望型,,D,回避：资金观望,0.0
600987,航民股份,6.26,-85.4,0.6,-35.5,-1.55,-1318801,2038236,10625645,61877,-520416,-301397,缩量,低,情绪退潮,观望,高位分歧型,,D,回避：资金观望,-0.5
600894,广日股份,7.63,-35.5,0.31,194.4,-1.62,-5208387,11823070,5064464,304468,2688217,-464513,缩量,低,情绪退潮,吸筹,资金观望型,机构吸筹+盈利(关注),C,谨慎：资金流入未验证业绩,23.5
600989,宝丰能源,22.33,-85.7,0.6,-41.3,-6.32,-278929967,-272595753,-162480356,18481158,18308539,-47324594,缩量,低,情绪退潮,观望,资金观望型,,D,回避：资金观望,-2.1
600990,四创电子,17.8,-87.7,0.96,-33.5,-5.17,-7620546,-13972973,-45681134,424388,-38863,-767558,缩量,低,情绪退潮,观望,资金撤退型,,D,回避：资金撤退,-1.7
600897,厦门空港,15.03,17.2,0.57,68.9,5.64,28055540,28759481,23343547,-974512,-592662,182546,缩量,中,主力惜售,进场,趋势转多型,资金+业绩共振(双击候选),B,关注：资金+业绩共振,85.9
600992,贵绳股份,10.18,-84.5,0.92,127.8,-3.03,-12511616,23681982,25317873,-1683597,0,1896056,缩量,低,情绪退潮,观望,资金观望型,,D,回避：资金观望,-1.0
600993,马应龙,22.39,-86.9,1.11,-26.7,-5.02,-10783781,-19688564,-65210246,-2492081,-2157078,1560956,缩量,低,情绪退潮,观望,资金撤退型,,D,回避：资金撤退,-1.7
600995,南网储能,11.8,-77.5,0.42,-16.9,-7.35,-26149067,-54676598,-119599227,-5919238,-5647082,8495332,缩量,低,情绪退潮,观望,资金撤退型,,D,回避：资金撤退,-2.4
600996,贵广网络,6.78,-61.3,0.52,2.8,-0.58,-2782298,-23439081,-85217281,159397,-4729093,-2519433,缩量,低,情绪退潮,观望,资金撤退型,,D,回避：资金撤退,-0.2
600997,开滦股份,5.24,-69.4,0.9,-36.0,-2.95,-6528804,6225087,12740487,-1865655,0,3535019,缩量,低,情绪退潮,观望,资金观望型,,D,回避：资金观望,-1.0
600998,九州通,5.03,-51.9,1.06,11.3,3.68,24504245,23845644,-7981996,-19242350,-16183411,24866558,缩量,低,情绪退潮,观望,资金观望型,,D,回避：资金观望,1.2
600901,江苏金租,6.97,-74.9,0.72,-18.6,-1.67,-12479256,10118080,17984385,6163730,8741067,-974010,缩量,低,情绪退潮,吸筹,资金观望型,机构吸筹+盈利(关注),C,谨慎：资金流入未验证业绩,23.4
601000,唐山港,4.7,-52.0,0.86,-6.8,-1.79,-15492395,19024037,32815025,2415978,10473641,12417332,缩量,低,情绪退潮,观望,资金观望型,,D,回避：资金观望,-0.6
601001,晋控煤业,17.32,-80.0,0.9,-32.8,-2.29,-22220638,-4838315,-78039656,-1562726,-2279179,2735776,缩量,低,情绪退潮,观望,资金观望型,,D,回避：资金观望,-0.8
601002,晋亿实业,5.27,-85.2,0.5,-37.1,-0.94,-1483150,-599915,-40013752,1551372,311624,-3147048,缩量,低,情绪退潮,观望,资金观望型,,D,回避：资金观望,-0.3
601003,柳钢股份,3.5,-87.5,0.57,-35.1,3.33,10113618,3581667,933939,-2571491,-1428080,1747738,缩量,低,情绪退潮,观望,资金观望型,,D,回避：资金观望,1.1
601005,重庆钢铁,1.2,-51.9,0.97,-3.7,1.22,6471106,17656654,749476,-2942442,-2761373,1000666,缩量,低,情绪退潮,观望,趋势转多型,,D,回避：资金观望,0.4
600903,贵州燃气,6.63,-16.3,2.83,-54.5,-7.78,-78969529,-83812169,-28419147,13684637,8509270,-4499650,缩量,低,情绪退潮,吸筹,资金观望型,机构吸筹+盈利(关注),C,谨慎：资金流入未验证业绩,21.4
600908,无锡银行,5.95,-65.9,1.12,-37.3,3.06,14053940,9147355,-32056331,214710,-4612578,1031532,缩量,低,情绪退潮,进场,资金观望型,资金+业绩共振(双击候选),B,关注：资金+业绩共振,73.0
601008,连云港,4.37,-66.7,0.68,-62.4,-3.1,-6057173,-29866785,-751504,-2261805,-1007317,964509,缩量,低,情绪退潮,观望,长线吸筹型,,D,回避：资金观望,-1.0
601009,南京银行,11.98,-62.4,1.04,-15.2,-4.45,-114844933,-147880843,-322143828,14733536,18445908,13230806,缩量,低,情绪退潮,观望,资金撤退型,,D,回避：资金撤退,-1.5
600925,苏能股份,4.15,-55.8,0.76,-52.1,1.91,2615581,-2231859,5723475,2825617,854389,725090,缩量,低,情绪退潮,进场,资金观望型,资金+业绩共振(双击候选),B,关注：资金+业绩共振,72.6
600928,西安银行,3.53,-50.0,0.95,-36.7,5.66,16492545,29579235,46715429,4391747,2894064,-243966,缩量,中,主力惜售,吸筹,主力强攻型,资金+业绩共振(双击候选),B,关注：资金+业绩共振,77.9
601015,陕西黑猫,3.57,-52.1,0.68,-34.5,3.41,38425133,66084713,103004160,-14707872,-13427330,9585532,缩量,低,情绪退潮,观望,主力建仓型,,D,回避：资金观望,1.1
601016,节能风电,3.24,-91.0,0.19,-15.8,-12.65,-109925184,-63678079,-69291260,-6646036,-3630474,5873449,缩量,低,情绪退潮,观望,资金观望型,,D,回避：资金观望,-4.2
601018,宁波港,3.54,-40.5,0.72,6.8,4.7,33834499,112381603,155026534,-10727196,-10125708,5960479,缩量,低,情绪退潮,观望,主力建仓型,,D,回避：资金观望,1.6
600938,中国海油,33.58,-83.4,0.96,-32.4,6.25,284296715,236095201,494855805,-19582916,-7459604,36528028,缩量,中,主力惜售,进场,资金观望型,资金+业绩共振(双击候选),B,关注：资金+业绩共振,86.1
601020,华钰矿业,19.83,-89.6,0.48,-36.8,-0.03,-690778,-63645078,-86919649,-5450361,247155,3991591,缩量,低,情绪退潮,观望,资金撤退型,,D,回避：资金撤退,-0.0
601021,春秋航空,39.83,-86.9,0.71,36.2,-3.89,-55965620,-42962883,-55531434,-3332848,-1265867,2193097,缩量,低,情绪退潮,观望,资金观望型,,D,回避：资金观望,-1.3
601022,宁波远洋,8.28,-55.8,0.59,-8.5,-8.57,-18952955,-2827092,7993353,-1113230,-171396,-900587,缩量,低,情绪退潮,观望,资金观望型,,D,回避：资金观望,-2.9
601026,道生天合,14.65,-74.7,1.04,86.2,-7.06,-19481964,26304023,48827,-5909338,-5529646,1969412,缩量,低,情绪退潮,观望,资金观望型,,D,回避：资金观望,-2.4
600963,岳阳林纸,3.37,-69.1,0.76,-10.5,5.68,21078467,13117131,22143478,-780709,2353522,-210329,缩量,中,主力惜售,吸筹,资金观望型,纯资金炒作(亏损风险),C,谨慎：纯资金炒作,17.9
601033,永兴股份,14.13,-88.3,0.62,-24.8,-7.25,-8569079,-478828,-21656392,-542760,0,-370139,缩量,低,情绪退潮,观望,资金观望型,,D,回避：资金观望,-2.4
601038,一拖股份,13.69,-81.7,1.05,-44.2,-2.59,-10925349,-16266185,-89660950,-262394,0,2489458,缩量,低,情绪退潮,观望,资金撤退型,,D,回避：资金撤退,-0.9
600962,国投中鲁,25.2,-92.9,2.04,13.6,2.08,12783523,-11712081,-42246588,527177,-31734,-418102,缩量,低,情绪退潮,进场,资金观望型,资金+业绩共振(双击候选),B,关注：资金+业绩共振,72.7
600971,恒源煤电,8.24,-79.9,0.81,-41.7,0.32,1285563,8124373,-49170360,286780,871734,640416,缩量,低,情绪退潮,进场,趋势转多型,纯资金炒作(亏损风险),C,谨慎：纯资金炒作,12.1
601061,中信金属,10.55,-87.6,0.8,-37.4,-6.68,-38181199,-53125930,-51234928,-1172954,-1062124,-1614007,缩量,低,情绪退潮,观望,资金观望型,,D,回避：资金观望,-2.2
601065,江盐集团,6.65,-70.7,0.88,-49.8,-3.09,-2209917,-5901574,-14633987,-577330,-2268299,1015484,缩量,低,情绪退潮,观望,资金撤退型,,D,回避：资金撤退,-1.0
601066,中信建投,23.01,-94.3,1.53,-42.2,-8.94,-75792064,-205082225,-413679095,-4250928,660306,7019412,缩量,低,情绪退潮,观望,资金撤退型,,D,回避：资金撤退,-3.0
600979,广安爱众,3.89,-86.3,0.3,-30.0,5.96,17972832,-11486212,-25599489,-144010,-1893619,-378077,缩量,中,主力惜售,进场,资金观望型,纯资金炒作(亏损风险),C,谨慎：纯资金炒作,26.0
601069,XD西部黄,24.4,-89.0,0.79,-41.3,-10.85,-140463740,-275496995,-368992703,2641308,-1527958,4968934,缩量,低,情绪退潮,观望,资金撤退型,,D,回避：资金撤退,-3.6
601077,渝农商行,6.71,-47.3,1.2,4.3,-1.19,-24963563,-33894655,-127284364,-15909897,-17472589,22291575,缩量,低,情绪退潮,观望,资金撤退型,,D,回避：资金撤退,-0.4
600970,中材国际,7.67,-84.7,0.41,-3.4,14.69,66029262,68268595,49169612,-2397102,1008922,3027917,缩量,高,主力控盘,控盘,趋势转多型,控盘+盈利(稳健),B,关注：控盘稳健+盈利,72.9
601086,国芳集团,13.42,293.9,0.54,6.2,-2.14,-117387195,187690027,348853981,33332341,34810955,3567822,放量,低,游资情绪,观望,资金观望型,,D,回避：资金观望,7.3
600982,宁波能源,5.35,102.0,0.33,19.9,13.59,150981792,105827399,134025637,-49251606,-41074558,21284030,放量,高,主力主导放量🔥(最强),进场,资金观望型,资金+业绩共振(双击候选),A,金股候选：资金强攻+业绩共振,96.5
601089,福元医药,16.47,-67.2,1.34,11.2,-5.0,-9443010,-11539773,-13588453,1241496,616108,2852976,缩量,低,情绪退潮,观望,资金撤退型,,D,回避：资金撤退,-1.7
601096,宏盛华源,3.95,-83.4,0.56,-14.2,-3.76,-10570920,2809094,10358248,-676408,646534,-999112,缩量,低,情绪退潮,观望,资金观望型,,D,回避：资金观望,-1.3
601098,中南传媒,10.33,-65.4,0.67,-23.7,-0.75,-3223153,19189485,60774811,4966397,2451876,1314208,缩量,低,情绪退潮,观望,高位分歧型,,D,回避：资金观望,-0.2
601099,太平洋,3.48,-73.3,0.82,-7.8,-9.53,-152526350,-27636442,-77765076,-2652527,-2374053,5371563,缩量,低,情绪退潮,观望,资金观望型,,D,回避：资金观望,-3.2
601100,恒立液压,90.41,-76.5,0.48,140.8,-6.78,-212695204,-44507484,-129343574,642306,3980523,-15110358,缩量,低,情绪退潮,观望,资金观望型,,D,回避：资金观望,-2.3
601101,昊华能源,12.81,-79.8,0.74,-48.3,-1.14,-9908134,-92140481,-274150575,37922,2085110,-4255381,缩量,低,情绪退潮,观望,资金撤退型,,D,回避：资金撤退,-0.4
600985,淮北矿业,16.02,-78.2,1.22,-39.7,3.27,34446650,91459320,56410342,5182283,7159526,694917,缩量,低,情绪退潮,进场,趋势转多型,资金+业绩共振(双击候选),B,关注：资金+业绩共振,73.1
600988,赤峰黄金,38.73,-83.0,0.98,-16.2,-7.13,-487494751,-324227726,-709504349,13566697,6693226,-3367430,缩量,低,情绪退潮,吸筹,资金观望型,机构吸筹+盈利(关注),C,谨慎：资金流入未验证业绩,21.6
601108,财通证券,8.16,-89.2,0.95,-27.1,-13.35,-151817057,-113666973,-134300785,4851821,-2639980,-8923023,缩量,低,情绪退潮,观望,资金观望型,,D,回避：资金观望,-4.5
601006,大秦铁路,4.71,-72.8,0.75,-22.4,-8.7,-137531564,-255580278,-203352256,23688301,24603375,-3735540,缩量,低,情绪退潮,吸筹,资金观望型,机构吸筹+盈利(关注),C,谨慎：资金流入未验证业绩,21.1
601112,振石股份,16.16,-68.3,0.2,45.9,-6.16,-22792468,18801615,10262509,-3785785,-1502691,2942362,缩量,低,情绪退潮,观望,资金观望型,,D,回避：资金观望,-2.1
601113,华鼎股份,3.49,-43.1,0.4,24.6,2.38,4789161,9568026,1682587,-3519082,-1679175,3648718,缩量,低,情绪退潮,观望,趋势转多型,,D,回避：资金观望,0.8
601116,三江购物,9.87,-85.7,0.76,-60.2,-4.42,-14893619,-54420050,6927502,1595551,0,587174,缩量,低,情绪退潮,观望,长线吸筹型,,D,回避：资金观望,-1.5
601117,中国化学,7.13,-87.5,0.51,-39.9,1.61,18458164,-65642054,-254069407,-8127867,-3946768,4575235,缩量,低,情绪退潮,观望,资金观望型,,D,回避：资金观望,0.5
601121,宝地矿业,6.98,-82.2,1.31,-36.6,-7.4,-16874055,-23620732,-48137784,2541282,0,-4138353,缩量,低,情绪退潮,观望,资金撤退型,,D,回避：资金撤退,-2.5
600999,招商证券,17.0,-93.0,1.82,-39.4,-9.35,-202270242,-224182407,-315533421,166998,12699274,-6569732,缩量,低,情绪退潮,吸筹,资金撤退型,机构吸筹+盈利(关注),C,谨慎：资金流入未验证业绩,20.9
601127,赛力斯,47.23,-61.0,0.81,9.0,-3.86,-171889988,-415876850,-604456960,-19092072,-19003289,17600666,缩量,低,情绪退潮,观望,资金撤退型,,D,回避：资金撤退,-1.3
601007,金陵饭店,6.76,-68.6,0.33,-42.1,-1.44,-2164110,-7939432,-8479747,921715,953216,-581421,缩量,低,情绪退潮,吸筹,资金撤退型,机构吸筹+盈利(关注),C,谨慎：资金流入未验证业绩,23.5
601011,宝泰隆,2.88,-50.7,0.78,-47.8,1.01,5120183,29468347,34922848,557891,2252258,3387452,缩量,低,情绪退潮,进场,均衡流入型,纯资金炒作(亏损风险),C,谨慎：纯资金炒作,12.3
601136,首创证券,13.95,-82.2,0.66,-66.5,-11.25,-63725780,-71029290,-137306414,1175826,2662459,1604409,缩量,低,情绪退潮,观望,资金撤退型,,D,回避：资金撤退,-3.8
601137,博威合金,19.2,-87.6,0.81,-24.2,-9.99,-72587338,-72913549,-329968010,-1548398,-553253,-3290208,缩量,低,情绪退潮,观望,资金撤退型,,D,回避：资金撤退,-3.3
601138,工业富联,58.58,-84.7,0.62,-30.5,-13.27,-1995885485,-2116979273,-2077574892,-11625202,-19016572,-15910204,缩量,低,情绪退潮,观望,资金观望型,,D,回避：资金观望,-4.4
601012,隆基绿能,11.03,-83.5,0.57,1.9,-10.3,-330130324,-428126557,-838241711,25188474,23088511,-11703060,缩量,低,情绪退潮,吸筹,资金撤退型,纯资金炒作(亏损风险),C,谨慎：纯资金炒作,0.6
601058,赛轮轮胎,13.26,-85.1,0.75,-32.9,2.67,44892991,191937292,46739757,367786,3648962,201473,缩量,低,情绪退潮,进场,趋势转多型,资金+业绩共振(双击候选),B,关注：资金+业绩共振,72.9
601019,山东出版,6.81,-55.6,0.79,14.0,2.7,10026162,22827127,14798842,926521,825043,2443174,缩量,低,情绪退潮,进场,趋势转多型,资金+业绩共振(双击候选),B,关注：资金+业绩共振,72.9
601162,天风证券,3.55,-89.7,0.99,-31.7,-7.59,-126222721,-41901901,-340148622,932028,1558873,1943912,缩量,低,情绪退潮,观望,资金观望型,,D,回避：资金观望,-2.5
601163,三角轮胎,12.25,-79.4,0.58,-40.6,3.39,2968812,8306051,24259149,-3065609,-705155,2046535,缩量,低,情绪退潮,观望,主力建仓型,,D,回避：资金观望,1.1
601059,信达证券,15.56,-100.0,1.49,33.5,5.98,64739287,123695494,57720527,0,0,0,缩量,中,主力惜售,进场,短线抢筹型,资金+业绩共振(双击候选),B,关注：资金+业绩共振,86.0
601088,中国神华,48.15,-68.6,1.0,-28.3,1.93,86522985,-62238368,-1350571,23823290,8027905,-44868097,缩量,低,情绪退潮,进场,资金观望型,资金+业绩共振(双击候选),B,关注：资金+业绩共振,72.6
601068,中铝国际,4.33,-68.1,0.59,48.9,7.24,34824793,29714651,28387889,-593539,19415,1596313,缩量,中,主力惜售,进场,资金观望型,资金+业绩共振(双击候选),B,关注：资金+业绩共振,86.4
601177,杭齿前进,13.89,-52.1,0.24,-34.6,-0.82,-2077385,-6853585,-20822571,-653076,435355,1753169,缩量,低,情绪退潮,观望,资金撤退型,,D,回避：资金撤退,-0.3
601083,锦江航运,12.7,-68.4,0.45,-49.1,1.67,4890846,26992244,26415075,84093,-1386099,1151093,缩量,低,情绪退潮,进场,趋势转多型,资金+业绩共振(双击候选),B,关注：资金+业绩共振,72.6
601186,中国铁建,5.96,-89.4,0.81,-33.3,-8.93,-54272947,-85726892,-84519099,-4191045,-1951893,7405084,缩量,低,情绪退潮,观望,资金观望型,,D,回避：资金观望,-3.0
601111,中国国航,5.8,-78.0,0.5,4.4,5.57,84418232,64393748,-34596347,-16143137,-23598884,9855125,缩量,中,主力惜售,进场,资金观望型,纯资金炒作(亏损风险),C,谨慎：纯资金炒作,25.9
601188,龙江交通,2.87,-73.5,0.81,-26.4,-10.02,-12702561,-6358238,-7316475,-296383,758263,1613198,缩量,低,情绪退潮,观望,资金观望型,,D,回避：资金观望,-3.3
601198,东兴证券,13.06,-100.0,2.28,52.6,2.25,57924809,-113586345,-178592036,0,0,0,缩量,低,情绪退潮,观望,资金观望型,,D,回避：资金观望,0.8
601199,江南水务,6.34,-79.8,0.62,-16.1,-0.4,-1645271,-55248079,-22597044,-4791476,-2549247,8165752,缩量,低,情绪退潮,观望,长线吸筹型,,D,回避：资金观望,-0.1
601200,上海环境,6.79,-86.7,0.74,-31.8,-7.1,-9731633,-22460846,-32918974,-156034,-154804,313320,缩量,低,情绪退潮,观望,资金撤退型,,D,回避：资金撤退,-2.4
601106,中国一重,2.95,-79.6,0.29,-18.9,0.56,3601669,15802370,85349338,1121313,1107094,-749528,缩量,低,情绪退潮,吸筹,长线吸筹型,纯资金炒作(亏损风险),C,谨慎：纯资金炒作,4.2
601208,东材科技,49.07,-63.7,0.78,55.4,1.11,205697750,746823709,494846913,-62468759,-43487977,67277630,缩量,低,情绪退潮,观望,趋势转多型,,D,回避：资金观望,0.4
601211,国泰海通,16.86,-85.6,0.71,-12.8,-3.14,-125972155,-288070038,-295347621,2140213,18330472,7003240,缩量,低,情绪退潮,观望,资金撤退型,,D,回避：资金撤退,-1.0
601212,白银有色,5.66,-77.2,0.89,-57.8,-8.47,-306099393,-489289399,-869286610,-10880832,-643837,23443792,缩量,低,情绪退潮,观望,资金撤退型,,D,回避：资金撤退,-2.8
601216,君正集团,4.5,-69.1,0.56,-26.9,-2.45,-19368513,2355550,-174659923,12615046,10845244,-11278892,缩量,低,情绪退潮,观望,资金观望型,,D,回避：资金观望,-0.8
601107,四川成渝,6.2,-60.5,0.77,-17.3,-1.19,-3022760,14897153,32865152,3958351,2819076,-1241907,缩量,低,情绪退潮,吸筹,高位分歧型,机构吸筹+盈利(关注),C,谨慎：资金流入未验证业绩,23.6
601222,林洋能源,5.97,-54.8,0.59,-37.9,-2.51,-9455824,-19947262,-98768129,5296134,6546788,831836,缩量,低,情绪退潮,观望,资金撤退型,,D,回避：资金撤退,-0.8
601118,海南橡胶,6.37,14.9,0.58,-51.9,-4.52,-145799387,-343478767,-353402038,162047588,202354576,-79830830,缩量,低,情绪退潮,吸筹,资金撤退型,纯资金炒作(亏损风险),C,谨慎：纯资金炒作,2.5
601226,华电科工,6.55,-75.2,0.42,17.9,-7.01,-16312108,-7164675,-8190764,-310516,189760,1540206,缩量,低,情绪退潮,观望,资金观望型,,D,回避：资金观望,-2.3
601228,广州港,3.07,-65.0,0.74,-21.0,-4.89,-11828907,9849554,2752004,2935784,1563620,-2048483,缩量,低,情绪退潮,观望,资金观望型,,D,回避：资金观望,-1.6
601126,四方股份,37.5,-79.3,0.59,-35.2,-2.29,-54727307,-29226344,180674681,31880906,11792969,-11326428,缩量,低,情绪退潮,吸筹,长线吸筹型,机构吸筹+盈利(关注),C,谨慎：资金流入未验证业绩,23.2
601231,环旭电子,24.04,-84.2,0.42,-5.9,1.38,37459656,44839196,362179461,-1021349,-915170,3650684,缩量,低,情绪退潮,观望,长线吸筹型,,D,回避：资金观望,0.5
601233,桐昆股份,22.68,-79.7,0.62,-41.7,-7.37,-185203820,-259971465,-331810577,-626696,-1692744,2216108,缩量,低,情绪退潮,观望,资金撤退型,,D,回避：资金撤退,-2.5
601128,常熟银行,6.23,-56.9,0.93,-31.8,1.04,12531621,-20451064,-32165565,4874188,12656441,582222,缩量,低,情绪退潮,进场,资金观望型,资金+业绩共振(双击候选),B,关注：资金+业绩共振,72.3
601238,广汽集团,6.02,434.4,1.97,-14.3,3.06,40130867,13986970,76800363,-88825936,-63187242,73768896,放量,低,游资情绪,观望,资金观望型,,D,回避：资金观望,9.0
601133,柏诚股份,22.94,-87.2,0.82,110.0,3.7,69985096,211727578,170060228,1199659,-337162,8458471,缩量,低,情绪退潮,进场,趋势转多型,资金+业绩共振(双击候选),B,关注：资金+业绩共振,73.2
601288,农业银行,6.94,-82.5,1.32,-11.6,-3.81,-353388384,-753996745,-437862787,-119352753,-127357862,72573119,缩量,低,情绪退潮,观望,资金观望型,,D,回避：资金观望,-1.3
601298,青岛港,10.28,-45.8,1.1,1.1,-2.67,-10907240,-36336,20409023,1942499,-61679,-101792,缩量,低,情绪退潮,观望,高位分歧型,,D,回避：资金观望,-0.9
601139,深圳燃气,6.24,-75.8,0.75,-25.5,1.36,4854564,15797273,-6726211,43405,1292463,-673268,缩量,低,情绪退潮,吸筹,趋势转多型,资金+业绩共振(双击候选),B,关注：资金+业绩共振,64.5
601311,骆驼股份,7.37,-83.0,0.25,-35.6,-9.63,-22445695,-24989922,-40258499,1630860,1774024,242044,缩量,低,情绪退潮,观望,资金撤退型,,D,回避：资金撤退,-3.2
601318,中国平安,52.7,-81.5,0.73,-31.4,-0.14,-16482120,857824335,77080263,1247996,-1852069,1011205,缩量,低,情绪退潮,观望,资金观望型,,D,回避：资金观望,-0.0
601155,新城控股,12.34,79.3,0.75,53.1,-2.73,-50124582,-60220337,-54025510,52186086,36942561,-63351691,放量,低,游资情绪,抢筹,资金观望型,机构吸筹+盈利(关注),C,谨慎：资金流入未验证业绩,47.1
601326,秦港股份,3.54,-68.1,1.04,-7.0,4.27,12621669,10625189,-45624914,-1915596,-2924987,2335617,缩量,低,情绪退潮,观望,资金观望型,,D,回避：资金观望,1.4
601328,交通银行,7.68,-69.3,1.13,-8.9,-8.26,-449152580,-807820978,-1052953433,-828511,-21605868,13661091,缩量,低,情绪退潮,观望,资金撤退型,,D,回避：资金撤退,-2.8
601330,绿色动力,8.2,-57.3,0.23,-48.2,-9.89,-37607949,-88468138,-134941578,-2321793,0,1363764,缩量,低,情绪退潮,观望,资金撤退型,,D,回避：资金撤退,-3.3
601158,重庆水务,4.02,-75.3,0.83,-25.6,-10.17,-8972071,-8457670,4119333,2030598,2259993,-629950,缩量,低,情绪退潮,吸筹,长线吸筹型,机构吸筹+盈利(关注),C,谨慎：资金流入未验证业绩,20.6
601336,新华保险,56.0,-92.3,0.8,-50.6,-8.29,-198293429,-245088043,-542422600,-21147647,-14087974,6920919,缩量,低,情绪退潮,观望,资金撤退型,,D,回避：资金撤退,-2.8
601339,百隆东方,7.19,-87.0,0.67,-12.0,-1.98,-6519840,-29134085,-38766396,448931,514794,-1949300,缩量,低,情绪退潮,观望,资金撤退型,,D,回避：资金撤退,-0.7
601360,三六零,8.97,-57.5,0.68,-13.1,4.65,175176915,287306772,-2413719,-92954802,-87271025,52162660,缩量,低,情绪退潮,观望,趋势转多型,,D,回避：资金观望,1.6
601156,东航物流,18.25,-85.1,1.36,-34.3,9.18,50153707,16179874,-84526094,-137776,-1158399,680095,缩量,中,主力惜售,进场,资金观望型,资金+业绩共振(双击候选),B,关注：资金+业绩共振,87.1
601368,绿城水务,4.59,-79.6,0.69,-12.3,0.09,84726,2291501,-5598910,-1168358,0,127634,缩量,低,情绪退潮,观望,趋势转多型,,D,回避：资金观望,0.0
601166,兴业银行,17.89,-82.7,0.92,-32.4,1.24,51615700,-278980338,-1011714418,447092,-8169134,18130115,缩量,低,情绪退潮,进场,资金观望型,资金+业绩共振(双击候选),B,关注：资金+业绩共振,72.4
601169,北京银行,5.54,-57.9,1.09,-38.4,-6.62,-202604964,-193740221,-813938399,72971726,80789545,-21437157,缩量,低,情绪退潮,吸筹,资金观望型,机构吸筹+盈利(关注),C,谨慎：资金流入未验证业绩,21.8
601377,兴业证券,5.72,-86.7,0.68,-19.0,-14.77,-172994600,-183551580,-301111029,-3746008,-3852869,886389,缩量,低,情绪退潮,观望,资金撤退型,,D,回避：资金撤退,-4.9
601168,西部矿业,35.18,-91.9,1.31,-47.0,0.23,10480987,-96643272,-273162413,3220905,-856726,-14286683,缩量,低,情绪退潮,进场,资金观望型,资金+业绩共振(双击候选),B,关注：资金+业绩共振,72.1
601390,中国中铁,4.26,-80.1,0.53,-29.5,-7.08,-84369220,-129237425,-200509914,11244550,13816985,1764069,缩量,低,情绪退潮,观望,资金撤退型,,D,回避：资金撤退,-2.4
601398,工商银行,8.25,-74.2,1.48,-14.3,-4.85,-464917711,-632768884,-1080495562,62261489,118936329,23473070,缩量,低,情绪退潮,观望,资金撤退型,,D,回避：资金撤退,-1.6
601399,国机重装,3.15,-65.5,0.51,-1.4,-4.56,-40276414,-50727378,-67446480,-3031206,-7887497,9242851,缩量,低,情绪退潮,观望,资金撤退型,,D,回避：资金撤退,-1.5
601456,国联民生,8.5,-85.3,0.57,-35.0,-3.33,-14786643,1426021,850918,-4069091,-4286108,1548009,缩量,低,情绪退潮,观望,资金观望型,,D,回避：资金观望,-1.1
601500,通用股份,3.83,-77.0,0.35,-36.9,-2.4,-3840462,-7715139,-13463418,1431210,393853,-2305438,缩量,低,情绪退潮,观望,资金撤退型,,D,回避：资金撤退,-0.8
601512,中新集团,8.28,-16.5,0.09,-37.9,1.93,2014710,6978388,5868926,-2360244,-540540,5029184,缩量,低,情绪退潮,观望,趋势转多型,,D,回避：资金观望,0.6
601515,衢州东峰,3.19,-74.9,0.25,-5.0,-12.83,-21128600,-26112614,-47073090,-980129,796862,4266989,缩量,低,情绪退潮,观望,资金撤退型,,D,回避：资金撤退,-4.3
601518,吉林高速,2.77,-85.2,0.83,-39.3,1.67,1834139,13038457,1511714,-436694,532948,330419,缩量,低,情绪退潮,观望,趋势转多型,,D,回避：资金观望,0.6
601187,厦门银行,6.91,-78.7,1.02,-6.5,-3.96,-17054691,39798817,31746314,2440398,3669285,-2660912,缩量,低,情绪退潮,吸筹,资金观望型,机构吸筹+盈利(关注),C,谨慎：资金流入未验证业绩,22.7
601179,中国西电,11.64,-83.6,0.62,-26.1,-17.07,-405924412,-474695261,-588750026,46701896,37156019,-29954031,缩量,低,情绪退潮,吸筹,资金撤退型,机构吸筹+盈利(关注),C,谨慎：资金流入未验证业绩,18.3
601555,东吴证券,8.15,-79.6,0.54,-35.8,-4.28,-38006358,-58156002,-216390791,-9855063,-4496404,4386184,缩量,低,情绪退潮,观望,资金撤退型,,D,回避：资金撤退,-1.4
601566,九牧王,9.06,44.6,0.78,-55.2,2.35,26931347,17097575,69292113,-4773731,-5631634,8722721,缩量,低,情绪退潮,观望,资金观望型,,D,回避：资金观望,0.8
601567,三星电气,13.72,-53.1,0.56,34.0,2.36,50234229,108998339,234705638,-14002237,-9554411,4395174,缩量,低,情绪退潮,观望,主力建仓型,,D,回避：资金观望,0.8
601568,北元化工,3.52,-73.1,0.52,-51.1,-8.1,-19751293,-15672671,3860817,479544,-1342130,-1483630,缩量,低,情绪退潮,观望,长线吸筹型,,D,回避：资金观望,-2.7
601577,XD长沙银,9.64,-42.3,0.9,-28.0,-5.47,-48404658,-72009380,-191860457,-12618712,-4035195,17491938,缩量,低,情绪退潮,观望,资金撤退型,,D,回避：资金撤退,-1.8
601579,会稽山,38.33,646.0,1.35,123.1,-2.56,-222037592,-8466986,328537788,39424610,34754021,-48988420,放量,低,游资情绪,观望,高位分歧型,,D,回避：资金观望,7.1
601588,北辰实业,1.77,42.8,0.24,44.5,-1.72,-7268955,-11287433,-12117370,925324,5291034,1506573,缩量,低,情绪退潮,观望,资金撤退型,,D,回避：资金撤退,-0.6
601595,上海电影,23.32,-39.0,1.54,-46.5,-1.67,-16659671,-861763,217245709,-4349930,-1251881,4456344,缩量,低,情绪退潮,观望,长线吸筹型,,D,回避：资金观望,-0.6
601598,中国外运,6.64,-60.9,1.06,5.9,-0.22,-992196,-691932,-3509211,-5190500,-6283186,-60084,缩量,低,情绪退潮,观望,资金观望型,,D,回避：资金观望,-0.1
601599,浙文影业,3.23,-61.7,0.68,-32.4,4.82,11540945,-850243,-39428839,-3776118,-4742914,590989,缩量,低,情绪退潮,观望,资金观望型,,D,回避：资金观望,1.6
601600,中国铝业,8.93,-82.0,0.87,-20.6,-3.27,-182748689,-130413867,-367982204,-31203087,-39670662,17080905,缩量,低,情绪退潮,观望,资金观望型,,D,回避：资金观望,-1.1
601601,中国太保,30.53,-86.0,0.77,-26.6,-4.81,-211315492,-178885666,-148474151,-2094302,-11396986,-8758876,缩量,低,情绪退潮,观望,资金观望型,,D,回避：资金观望,-1.6
601606,长城军工,30.82,-89.7,2.16,-68.9,-5.04,-109371525,-221796489,8219928,-15241358,-4066937,25127451,缩量,低,情绪退潮,观望,长线吸筹型,,D,回避：资金观望,-1.7
601607,上海医药,16.14,-72.1,1.44,-0.8,-1.23,-6905885,-37890865,-67041808,-9472914,-2888954,17801000,缩量,低,情绪退潮,观望,资金撤退型,,D,回避：资金撤退,-0.4
601608,中信重工,4.58,-89.5,1.05,-26.3,-4.15,-17641078,-21635704,-11897652,-5263632,-2995388,2678984,缩量,低,情绪退潮,观望,资金观望型,,D,回避：资金观望,-1.4
601609,金田股份,11.69,-39.1,0.93,-10.1,2.46,65419445,149421357,206449256,-1689659,-3312344,-13429223,缩量,低,情绪退潮,观望,主力建仓型,,D,回避：资金观望,0.8
601611,中国核建,10.02,-95.7,0.84,-57.5,-13.64,-69913127,-225957016,-211847292,-1953009,-1277893,2655620,缩量,低,情绪退潮,观望,资金观望型,,D,回避：资金观望,-4.5
601615,明阳智能,9.77,-72.5,0.4,-20.2,-2.39,-40351533,19634996,-475960820,-12934695,-14860589,20644087,缩量,低,情绪退潮,观望,资金观望型,,D,回避：资金观望,-0.8
601616,广电电气,3.77,-92.7,0.91,-30.8,-4.78,-6938011,-13513293,-21129020,-8272,0,-552492,缩量,低,情绪退潮,观望,资金撤退型,,D,回避：资金撤退,-1.6
601218,吉鑫科技,6.14,444.1,0.34,596.2,3.03,166249532,195085752,238384884,45326506,48228632,-16783648,放量,低,游资情绪,吸筹,均衡流入型,资金+业绩共振(双击候选),B,关注：资金+业绩共振,73.0
601619,嘉泽新能,3.85,-88.6,0.54,-0.4,-9.98,-50353473,-45433200,-25741443,-2659103,-3880335,-99141,缩量,低,情绪退潮,观望,资金观望型,,D,回避：资金观望,-3.3
601628,中国人寿,36.64,-88.4,0.69,-39.4,-6.02,-178330952,-392478017,-873303572,-9678726,-8440336,12943405,缩量,低,情绪退潮,观望,资金撤退型,,D,回避：资金撤退,-2.0
601633,长城汽车,13.79,-61.8,0.87,-16.6,-4.35,-33731824,-137001467,-108097687,-1258748,5146158,3343885,缩量,低,情绪退潮,观望,资金观望型,,D,回避：资金观望,-1.4
601658,邮储银行,5.43,-68.8,1.17,-35.5,-0.42,-14888242,-283262314,-1094636144,-20380632,-15885456,13912603,缩量,低,情绪退潮,观望,资金撤退型,,D,回避：资金撤退,-0.1
601665,齐鲁银行,7.08,-52.7,0.9,-28.9,-2.72,-37586147,-48464419,-259714315,5680392,547720,6657003,缩量,低,情绪退潮,观望,资金撤退型,,D,回避：资金撤退,-0.9
601225,陕西煤业,26.09,-67.5,0.87,-27.7,5.15,177405272,109099110,146832188,13614737,19596351,-16501719,缩量,中,主力惜售,吸筹,资金观望型,资金+业绩共振(双击候选),B,关注：资金+业绩共振,77.7
601668,中国建筑,4.28,-75.8,1.06,-13.3,-5.71,-203099201,-243522251,-218833634,-40137619,-37998575,32293497,缩量,低,情绪退潮,观望,资金观望型,,D,回避：资金观望,-1.9
601229,上海银行,9.71,-62.2,1.12,-23.7,1.4,23875361,57366471,-67474177,35636539,31539563,8436339,缩量,低,情绪退潮,进场,趋势转多型,资金+业绩共振(双击候选),B,关注：资金+业绩共振,72.5
601677,明泰铝业,16.22,-82.7,0.71,-10.2,-2.4,-37921575,-27435757,-104337055,145760,1597542,5821583,缩量,低,情绪退潮,观望,资金观望型,,D,回避：资金观望,-0.8
601678,滨化股份,5.71,-92.5,3.36,-42.7,-7.56,-77269740,-25694033,-291076635,-2345636,-7042343,2544405,缩量,低,情绪退潮,观望,资金观望型,,D,回避：资金观望,-2.5
601236,红塔证券,6.98,-30.7,0.76,-21.6,0.14,723812,-6521531,-7769805,5399995,1252323,-2861557,缩量,低,情绪退潮,进场,资金观望型,资金+业绩共振(双击候选),B,关注：资金+业绩共振,72.0
601688,华泰证券,17.75,-85.5,0.61,-9.4,-10.33,-316131502,-590433224,-1087453825,-16838220,-15732922,3443879,缩量,低,情绪退潮,观望,资金撤退型,,D,回避：资金撤退,-3.4
601279,英利汽车,3.65,39.2,0.7,-0.7,4.22,9915834,30006191,70970285,7278993,3175295,-7079271,缩量,低,情绪退潮,进场,主力建仓型,纯资金炒作(亏损风险),C,谨慎：纯资金炒作,13.4
601369,陕鼓动力,8.53,-89.6,1.16,129.5,4.53,16847121,118783334,110237142,1431150,144824,-110748,缩量,低,情绪退潮,吸筹,趋势转多型,资金+业绩共振(双击候选),B,关注：资金+业绩共振,65.5
601698,中国卫通,22.7,-92.9,0.27,2.8,-4.9,-75649057,-188024155,-256076068,-2633463,-1173569,7431837,缩量,低,情绪退潮,观望,资金撤退型,,D,回避：资金撤退,-1.6
601319,中国人保,8.0,-73.0,1.01,-25.1,7.34,147079884,375631718,-46466296,-13274505,-3350675,-6460385,缩量,中,主力惜售,进场,短线抢筹型,资金+业绩共振(双击候选),B,关注：资金+业绩共振,86.4
601702,华峰铝业,14.81,-92.4,1.01,-47.1,-1.64,-3475652,-7232277,-27157395,-1655287,-901741,1750476,缩量,低,情绪退潮,观望,资金撤退型,,D,回避：资金撤退,-0.5
601717,中创智领,13.15,-78.6,0.45,-16.0,-14.25,-116238614,-224625427,-300110549,-9626159,-10120012,6777630,缩量,低,情绪退潮,观望,资金撤退型,,D,回避：资金撤退,-4.8
601375,中原证券,3.93,-90.7,1.16,-34.1,-7.15,-29565060,-19962799,-69113284,2807373,2663829,-2128321,缩量,低,情绪退潮,吸筹,资金观望型,机构吸筹+盈利(关注),C,谨慎：资金流入未验证业绩,21.6
601366,利群股份,3.62,-69.6,0.94,-43.5,0.73,995815,-2418318,-407172,-280360,502512,-274704,缩量,低,情绪退潮,吸筹,资金观望型,纯资金炒作(亏损风险),C,谨慎：纯资金炒作,4.2
601333,广深铁路,3.07,-76.3,0.61,-22.4,1.93,13868961,55017972,-215684912,2585421,3208153,-3787022,缩量,低,情绪退潮,进场,趋势转多型,资金+业绩共振(双击候选),B,关注：资金+业绩共振,72.6
601519,大智慧,8.67,39.7,0.61,15.2,6.39,102674755,159873749,57376290,-33141950,-43927057,-4129697,缩量,中,主力惜售,进场,短线抢筹型,纯资金炒作(亏损风险),C,谨慎：纯资金炒作,26.1
601778,晶科科技,3.41,-87.7,0.13,-11.9,-4.97,-49024474,-24330292,-16087213,1451481,1745543,1525836,缩量,低,情绪退潮,观望,资金观望型,,D,回避：资金观望,-1.7
601788,光大证券,13.61,-90.6,0.52,-40.5,-12.32,-73996991,-95453360,-266769220,-3813915,-1865546,1840272,缩量,低,情绪退潮,观望,资金撤退型,,D,回避：资金撤退,-4.1
601789,宁波建工,4.16,-87.7,0.27,-6.5,2.57,15200013,10956352,-66831589,-6191616,-2967804,2390579,缩量,低,情绪退潮,观望,资金观望型,,D,回避：资金观望,0.9
601798,蓝科高新,7.69,-67.5,0.71,-29.5,0.03,35483,-2723816,-643689,-1347827,-770516,791808,缩量,低,情绪退潮,观望,资金观望型,,D,回避：资金观望,0.0
601618,中国中冶,2.51,-80.5,0.76,-15.4,-8.56,-71092699,-86771338,-104840480,8834986,10593237,-3443383,缩量,低,情绪退潮,吸筹,资金撤退型,机构吸筹+盈利(关注),C,谨慎：资金流入未验证业绩,21.1
601800,中国交建,5.86,-85.6,0.51,-26.8,-6.14,-28379823,-67369867,-67823060,-4138916,-2022833,6281782,缩量,低,情绪退潮,观望,资金撤退型,,D,回避：资金撤退,-2.0
601388,怡球资源,3.17,-77.8,0.31,-37.0,3.27,10261853,-27705236,-71796087,1390674,2303438,-2911208,缩量,低,情绪退潮,进场,资金观望型,资金+业绩共振(双击候选),B,关注：资金+业绩共振,73.1
601808,中海油服,12.16,-90.3,0.92,-35.6,-0.47,-2160084,-12975359,-18383362,-1929233,-528580,2659034,缩量,低,情绪退潮,观望,资金撤退型,,D,回避：资金撤退,-0.2
601811,新华文轩,21.72,2802.2,0.55,915.5,-2.99,-110373939,-85233918,-84851996,33756308,-645411,-9800949,放量,低,游资情绪,观望,资金观望型,,D,回避：资金观望,7.0
601528,瑞丰银行,5.17,-54.5,0.99,-38.1,-0.82,-2356157,-5479090,-19191420,7500531,8612323,-1572021,缩量,低,情绪退潮,吸筹,资金撤退型,机构吸筹+盈利(关注),C,谨慎：资金流入未验证业绩,23.7
601818,光大银行,3.04,-70.9,1.27,-25.6,-0.66,-10455655,62918066,-36139597,5815207,2952097,-4890147,缩量,低,情绪退潮,观望,资金观望型,,D,回避：资金观望,-0.2
601825,沪农商行,8.67,-81.6,0.86,-24.6,-1.43,-9893307,-12877420,-67030337,4378077,1566255,4405360,缩量,低,情绪退潮,观望,资金撤退型,,D,回避：资金撤退,-0.5
601636,旗滨集团,5.31,-84.6,0.9,2.0,-3.9,-62929332,-59527841,-33409813,7649274,9668345,-7730846,缩量,低,情绪退潮,吸筹,资金观望型,机构吸筹+盈利(关注),C,谨慎：资金流入未验证业绩,22.7
601828,美凯龙,2.14,5.6,0.46,-21.0,-0.12,-647578,35027825,10548519,2347087,-3084518,-7071585,缩量,低,情绪退潮,观望,资金观望型,,D,回避：资金观望,-0.0
601838,成都银行,19.41,-32.7,0.91,7.5,-7.41,-123081916,-81945710,-106142310,-40314687,-35691852,45245763,缩量,低,情绪退潮,观望,资金观望型,,D,回避：资金观望,-2.5
601857,中国石油,11.21,-74.9,0.86,-10.9,-1.15,-71280441,-3658445,45028212,28183119,-928550,-13243855,缩量,低,情绪退潮,观望,资金观望型,,D,回避：资金观望,-0.4
601666,平煤股份,8.88,-83.3,0.92,-40.8,1.94,14859954,-9628716,-139088152,2475543,1384250,-4080297,缩量,低,情绪退潮,进场,资金观望型,资金+业绩共振(双击候选),B,关注：资金+业绩共振,72.6
601860,紫金银行,2.56,-61.0,1.33,-22.2,-0.36,-2046309,50187985,-23098027,-1271631,-1586471,4221982,缩量,低,情绪退潮,观望,资金观望型,,D,回避：资金观望,-0.1
601669,中国电建,4.55,-83.7,0.27,-20.4,-17.54,-169870716,-162290795,-255061468,14477313,19868914,-4654699,缩量,低,情绪退潮,吸筹,资金观望型,机构吸筹+盈利(关注),C,谨慎：资金流入未验证业绩,18.2
601686,友发集团,4.97,-74.8,0.88,-10.6,6.7,6359077,14551008,-1358048,-1180249,-1273975,930276,缩量,中,主力惜售,进场,短线抢筹型,资金+业绩共振(双击候选),B,关注：资金+业绩共振,86.2
601868,中国能建,2.39,-81.3,0.21,-22.2,-10.36,-171362883,-190487914,-201388151,10105394,14701881,1310973,缩量,低,情绪退潮,观望,资金撤退型,,D,回避：资金撤退,-3.5
601689,拓普集团,46.79,-50.0,0.47,29.0,3.16,187170476,148598259,-185456782,8887474,-29343061,-76488225,缩量,低,情绪退潮,进场,资金观望型,资金+业绩共振(双击候选),B,关注：资金+业绩共振,73.1
601872,招商轮船,20.2,-64.2,0.42,-3.1,-9.62,-920487906,-621770372,704604680,-31318172,-34095368,28376173,缩量,低,情绪退潮,观望,高位分歧型,,D,回避：资金观望,-3.2
601877,XD正泰电,24.94,-72.1,0.46,-37.3,-7.02,-67565650,-66856306,-63876786,1264897,-234896,1947340,缩量,低,情绪退潮,观望,资金观望型,,D,回避：资金观望,-2.3
601878,浙商证券,8.94,-85.0,0.63,-35.1,-7.61,-39024675,-51143144,-142801973,-2808871,-4254705,2320236,缩量,低,情绪退潮,观望,资金撤退型,,D,回避：资金撤退,-2.5
601696,中银证券,10.98,-89.3,1.02,-47.5,-9.37,-90490904,-167685387,-273185762,283511,3491306,-6487,缩量,低,情绪退潮,吸筹,资金撤退型,机构吸筹+盈利(关注),C,谨慎：资金流入未验证业绩,20.9
601881,中国银河,11.52,-88.5,0.7,-26.3,-15.46,-152198860,-174545227,-349440693,-9747486,-1787991,6416230,缩量,低,情绪退潮,观望,资金撤退型,,D,回避：资金撤退,-5.2
601882,海天精工,22.84,-80.2,0.56,-30.9,-5.25,-27061106,-21766509,-116069561,792460,0,-2274258,缩量,低,情绪退潮,观望,资金观望型,,D,回避：资金观望,-1.8
601886,江河集团,12.97,-51.9,1.33,-41.9,-0.55,-3610378,-16678805,-54616380,-1877141,-1785914,6849572,缩量,低,情绪退潮,观望,资金撤退型,,D,回避：资金撤退,-0.2
601888,中国中免,50.74,-89.4,0.92,-51.5,-1.72,-45087503,-155547901,-461634778,-28462620,-15299506,22014588,缩量,低,情绪退潮,观望,资金撤退型,,D,回避：资金撤退,-0.6
601890,亚星锚链,9.39,29.9,0.41,-44.5,-11.09,-157783729,-171568860,94650358,24209454,3083464,-26745768,缩量,低,情绪退潮,观望,长线吸筹型,,D,回避：资金观望,-3.7
601898,中煤能源,13.91,-80.6,1.0,-41.2,4.2,75645265,23718965,-263834942,-17757276,-13967773,15238866,缩量,低,情绪退潮,观望,资金观望型,,D,回避：资金观望,1.4
601899,紫金矿业,29.75,-86.8,0.85,-25.4,-6.22,-1188443735,-2485413345,-2257834610,53340968,11239493,-29907208,缩量,低,情绪退潮,观望,资金观望型,,D,回避：资金观望,-2.1
601900,南方传媒,12.69,-21.1,0.66,-24.0,-0.72,-5396038,-52544431,-64816451,-4839665,-2864242,5940771,缩量,低,情绪退潮,观望,资金撤退型,,D,回避：资金撤退,-0.2
601901,方正证券,6.66,-89.7,0.83,-31.4,-16.21,-125361713,-130323136,-126671668,715599,6807025,792527,缩量,低,情绪退潮,观望,资金观望型,,D,回避：资金观望,-5.4
601700,风范股份,6.17,-82.3,3.41,-58.6,-4.37,-53155791,-82482115,-570839185,11502710,9101934,-6178602,缩量,低,情绪退潮,吸筹,资金撤退型,纯资金炒作(亏损风险),C,谨慎：纯资金炒作,2.5
601916,浙商银行,2.88,-79.3,1.43,-26.2,-2.98,-42176748,-30511750,117168657,-4342875,4349006,12383022,缩量,低,情绪退潮,观望,长线吸筹型,,D,回避：资金观望,-1.0
601918,新集能源,11.39,-71.8,0.8,-1.0,-4.93,-81829253,-170500347,-152685547,-15611267,-351470,17983180,缩量,低,情绪退潮,观望,资金观望型,,D,回避：资金观望,-1.6
601727,上海电气,6.42,-89.2,0.25,-2.6,-2.17,-27234357,-176153812,-154801597,-856671,3552402,-309450,缩量,低,情绪退潮,吸筹,资金观望型,机构吸筹+盈利(关注),C,谨慎：资金流入未验证业绩,23.3
601921,浙版传媒,7.58,-49.2,0.65,-13.4,-0.35,-1048837,10859051,15519709,-1508568,1967321,2641887,缩量,低,情绪退潮,观望,资金观望型,,D,回避：资金观望,-0.1
601928,凤凰传媒,8.31,-72.2,1.3,-15.4,2.26,9023793,33627363,54330286,-1839762,-696081,496143,缩量,低,情绪退潮,观望,主力建仓型,,D,回避：资金观望,0.8
601929,吉视传媒,2.29,-45.1,0.79,-27.7,3.64,51404947,50096894,-19736646,-21548837,-9237542,22462137,缩量,低,情绪退潮,观望,资金观望型,,D,回避：资金观望,1.2
601933,永辉超市,2.95,-91.4,1.43,-71.7,-15.03,-126268993,-207086052,-223435823,-5997280,-4934596,7822401,缩量,低,情绪退潮,观望,资金撤退型,,D,回避：资金撤退,-5.0
601939,建设银行,11.07,-79.0,1.64,-18.6,3.04,144134261,-91189333,-589808201,-45676207,-74371163,21597282,缩量,低,情绪退潮,观望,资金观望型,,D,回避：资金观望,1.0
601728,中国电信,6.26,-87.4,1.08,-20.4,6.93,151084273,146124931,20421472,-11823159,-7103142,11872977,缩量,中,主力惜售,进场,资金观望型,资金+业绩共振(双击候选),B,关注：资金+业绩共振,86.3
601952,苏垦农发,8.84,-52.0,0.47,-55.8,-10.76,-75728999,-166854402,80085076,978294,2391849,188371,缩量,低,情绪退潮,观望,长线吸筹型,,D,回避：资金观望,-3.6
601956,东贝集团,5.03,-52.6,0.69,51.3,1.72,4794930,6610695,4036849,-1012101,0,1283336,缩量,低,情绪退潮,观望,趋势转多型,,D,回避：资金观望,0.6
601958,金钼股份,19.26,-94.4,1.48,-21.7,-16.54,-289743201,-355685662,-682316268,-11213956,-12211628,7954760,缩量,低,情绪退潮,观望,资金撤退型,,D,回避：资金撤退,-5.5
601963,重庆银行,11.14,-74.8,1.35,-28.1,-6.21,-28020427,-24023158,-340647,-2632625,1308164,4388179,缩量,低,情绪退潮,观望,高位分歧型,,D,回避：资金观望,-2.1
601965,中国汽研,13.49,-38.3,0.79,1.9,3.74,13253626,-2221894,-48016923,-967263,2201030,439451,缩量,低,情绪退潮,观望,资金观望型,,D,回避：资金观望,1.2
601699,潞安环能,15.1,-75.3,0.86,-38.6,-3.72,-43936356,-127338598,-280407795,8768107,10917460,-2565185,缩量,低,情绪退潮,吸筹,资金撤退型,机构吸筹+盈利(关注),C,谨慎：资金流入未验证业绩,22.8
601968,宝钢包装,4.47,-77.8,0.68,-15.2,-7.11,-9046850,-8048125,-35902493,-431016,-559197,1392994,缩量,低,情绪退潮,观望,资金观望型,,D,回避：资金观望,-2.4
601969,海南矿业,8.93,-89.5,0.4,-44.7,-4.13,-14807469,-26411288,-58461969,-434372,0,-238542,缩量,低,情绪退潮,观望,资金撤退型,,D,回避：资金撤退,-1.4
601975,招商南油,4.56,-54.0,0.33,-16.0,-0.02,-540882,-258445134,-359204186,-4094826,-8306134,10909664,缩量,低,情绪退潮,观望,资金撤退型,,D,回避：资金撤退,-0.0
601766,中国中车,6.16,-76.1,0.62,5.3,8.18,268641264,85442683,13154335,4874477,-1010086,6824656,缩量,中,主力惜售,进场,资金观望型,资金+业绩共振(双击候选),B,关注：资金+业绩共振,86.7
601988,中国银行,6.7,-73.5,1.47,-14.6,-1.63,-111912385,-168499417,-180981011,-33113001,-20432529,10488594,缩量,低,情绪退潮,观望,资金撤退型,,D,回避：资金撤退,-0.5
601799,星宇股份,70.65,-72.9,0.36,-44.8,2.27,22650866,-21901521,-52916888,1286177,-41111,8018028,缩量,低,情绪退潮,进场,资金观望型,资金+业绩共振(双击候选),B,关注：资金+业绩共振,72.8
601777,千里科技,8.24,-22.8,0.42,73.6,6.36,100494646,70160362,52916594,16776690,18686713,1170784,缩量,中,主力惜售,进场,资金观望型,资金+业绩共振(双击候选),B,关注：资金+业绩共振,86.1
601801,皖新传媒,5.56,26.5,1.19,176.2,7.68,79083219,110862815,128686471,233979,-3330790,9368461,缩量,中,主力惜售,进场,主力强攻型,资金+业绩共振(双击候选),B,关注：资金+业绩共振,86.6
601992,金隅集团,1.4,-24.2,0.43,31.3,-0.77,-3166124,25595323,17723131,-1395964,3650649,128333,缩量,低,情绪退潮,观望,资金观望型,,D,回避：资金观望,-0.3
601995,中金公司,30.41,-88.4,2.03,20.3,-6.21,-237996625,-654449112,-640068240,-10014267,-13003198,5421191,缩量,低,情绪退潮,观望,资金观望型,,D,回避：资金观望,-2.1
601816,京沪高铁,4.76,-47.0,1.23,1.7,6.76,218588332,247007513,448321357,23372597,3152930,13962881,缩量,中,主力惜售,进场,均衡流入型,资金+业绩共振(双击候选),B,关注：资金+业绩共振,86.3
601827,三峰环境,7.89,-90.5,1.06,-35.2,-1.68,-1698352,-12090737,-34162543,1673534,1054680,-595040,缩量,低,情绪退潮,吸筹,资金撤退型,机构吸筹+盈利(关注),C,谨慎：资金流入未验证业绩,23.4
601858,中国科传,21.7,-74.4,1.02,-37.3,6.47,70595357,84006284,162794070,1300824,-5418638,-1141869,缩量,中,主力惜售,进场,均衡流入型,资金+业绩共振(双击候选),B,关注：资金+业绩共振,86.2
601999,出版传媒,6.95,148.0,0.66,-37.2,-2.24,-21627723,-18453982,45989466,-3419105,2338778,15472177,放量,低,游资情绪,观望,高位分歧型,,D,回避：资金观望,7.3
603000,人民网,16.52,-72.8,0.54,-3.0,-6.12,-68397539,86348649,-52411755,-10655157,-10508454,13675687,缩量,低,情绪退潮,观望,资金观望型,,D,回避：资金观望,-2.0
603001,奥康国际,11.43,-35.8,1.73,62.4,-6.68,-74802453,-18868889,-40018166,-445509,46089,-1825761,缩量,低,情绪退潮,观望,资金观望型,,D,回避：资金观望,-2.2
601865,福莱特,9.15,-90.8,0.88,-20.1,-7.1,-23952017,-17681006,-56180021,-1476610,2120347,-1111583,缩量,低,情绪退潮,吸筹,资金观望型,机构吸筹+盈利(关注),C,谨慎：资金流入未验证业绩,21.6
603004,鼎龙科技,19.8,-3.6,1.46,67.3,1.53,3978069,6972481,-4310677,-281366,-861131,-3273794,缩量,低,情绪退潮,观望,趋势转多型,,D,回避：资金观望,0.5
603005,晶方科技,27.37,-87.1,1.22,-4.5,-6.67,-187830073,-122613361,-78088146,-18039334,-16561708,33983541,缩量,低,情绪退潮,观望,资金观望型,,D,回避：资金观望,-2.2
603006,联明股份,10.92,-77.9,0.75,-23.4,1.59,1635750,-692188,2844743,-370357,0,362353,缩量,低,情绪退潮,观望,资金观望型,,D,回避：资金观望,0.5
603007,顺景科技,4.48,-73.0,0.32,-48.1,-7.8,-20582620,-41022062,-61308927,2754956,2295044,-6896964,缩量,低,情绪退潮,观望,资金撤退型,,D,回避：资金撤退,-2.6
601869,长飞光纤,411.25,-74.7,0.74,-18.0,-9.53,-1812054901,-2096864071,-1097241983,83610829,86814860,-346938,缩量,低,情绪退潮,吸筹,资金观望型,机构吸筹+盈利(关注),C,谨慎：资金流入未验证业绩,20.8
601866,中远海发,2.42,-63.0,0.67,-33.9,1.95,10494201,1757112,7280627,4404465,822474,-5608647,缩量,低,情绪退潮,进场,资金观望型,资金+业绩共振(双击候选),B,关注：资金+业绩共振,72.7
603011,合锻智能,24.45,-88.7,2.82,-30.6,-5.8,-193430367,-49729378,75324200,-14537326,-12346292,12016190,缩量,低,情绪退潮,观望,资金观望型,,D,回避：资金观望,-1.9
603012,创力集团,8.55,-85.0,0.77,-55.3,-15.46,-92578145,-93739934,-161459157,6382490,1685017,-3965037,缩量,低,情绪退潮,观望,资金撤退型,,D,回避：资金撤退,-5.2
603013,亚普股份,14.22,-84.6,0.24,-45.2,-0.96,-1194804,80429,4103527,0,0,718555,缩量,低,情绪退潮,观望,资金观望型,,D,回避：资金观望,-0.3
603014,威高血净,31.05,-88.9,2.24,-13.2,-1.07,-1276813,734194,1445044,-928686,-500256,759614,缩量,低,情绪退潮,观望,资金观望型,,D,回避：资金观望,-0.4
601919,中远海控,16.41,-75.1,0.89,-12.4,9.2,387915337,439859192,-349244625,-3432385,376913,20419056,缩量,中,主力惜售,进场,短线抢筹型,资金+业绩共振(双击候选),B,关注：资金+业绩共振,87.1
601880,辽港股份,1.47,-58.8,0.56,-7.8,4.13,20375900,26114890,39585418,23707,2459252,2822589,缩量,低,情绪退潮,进场,均衡流入型,资金+业绩共振(双击候选),B,关注：资金+业绩共振,73.4
601908,京运通,2.92,-83.9,0.49,5.1,-2.73,-8214638,6390698,-11726917,2658455,2697139,-2088481,缩量,低,情绪退潮,吸筹,资金观望型,纯资金炒作(亏损风险),C,谨慎：纯资金炒作,3.1
603018,华设集团,5.18,-78.9,0.58,-17.1,-5.71,-7638379,-9053046,2412807,-1900131,-1504632,2113584,缩量,低,情绪退潮,观望,长线吸筹型,,D,回避：资金观望,-1.9
603019,中科曙光,79.8,-94.7,0.86,-4.0,-11.25,-621249621,-751814158,-2703624876,-55768289,-29666673,41145194,缩量,低,情绪退潮,观望,资金撤退型,,D,回避：资金撤退,-3.8
603020,爱普股份,12.38,6.0,1.09,113.2,-9.07,-104432134,-30674516,26390374,-1285745,-1451305,-327616,缩量,低,情绪退潮,观望,高位分歧型,,D,回避：资金观望,-3.0
601949,中国出版,5.93,384.5,1.1,-21.6,10.33,255032085,57569482,173122080,-47078589,-33762985,42284222,放量,高,主力主导放量🔥(最强),进场,资金观望型,资金+业绩共振(双击候选),A,金股候选：资金强攻+业绩共振,95.4
603023,威帝股份,4.09,-65.3,0.5,34.5,-7.69,-11088777,6557875,-14617648,-728581,-570792,556284,缩量,低,情绪退潮,观望,资金观望型,,D,回避：资金观望,-2.6
603025,大豪科技,12.96,-87.0,0.45,-18.6,-9.63,-25609100,-32911723,-52272668,3128163,1752574,-1931349,缩量,低,情绪退潮,观望,资金撤退型,,D,回避：资金撤退,-3.2
603026,石大胜华,57.2,-76.4,0.24,-31.2,-4.76,-49372784,-163285043,-98671751,-2459991,-12258297,-4852154,缩量,低,情绪退潮,观望,资金观望型,,D,回避：资金观望,-1.6
603027,千禾味业,7.17,-84.7,0.46,-41.2,-6.35,-19956685,-30781124,5745478,807669,1847109,2544548,缩量,低,情绪退潮,观望,长线吸筹型,,D,回避：资金观望,-2.1
603028,赛福天,7.18,-74.6,0.21,-12.4,-4.38,-5274310,-4545235,-6674230,791405,0,-963510,缩量,低,情绪退潮,观望,资金观望型,,D,回避：资金观望,-1.5
601985,中国核电,9.1,-57.3,0.72,-26.9,7.0,213595582,214426268,417586606,25927881,27683133,23573000,缩量,中,主力惜售,进场,均衡流入型,资金+业绩共振(双击候选),B,关注：资金+业绩共振,86.3
603030,全筑股份,2.06,-58.9,0.24,-41.4,-0.18,-442434,8551926,53729005,-1268527,-891564,-539409,缩量,低,情绪退潮,观望,高位分歧型,,D,回避：资金观望,-0.1
603031,安孚科技,37.38,-78.4,0.62,-32.7,-2.52,-36062240,21619155,86605056,3899131,1635948,6484286,缩量,低,情绪退潮,观望,高位分歧型,,D,回避：资金观望,-0.8
603032,德新科技,18.0,-76.0,0.45,-41.5,-3.49,-12527075,-33348596,-101684152,2555034,5759768,703265,缩量,低,情绪退潮,观望,资金撤退型,,D,回避：资金撤退,-1.2
603033,三维股份,7.76,-66.0,0.63,41.7,-1.03,-2314699,-2249087,-39390917,666436,-173048,1310334,缩量,低,情绪退潮,观望,资金观望型,,D,回避：资金观望,-0.3
601966,玲珑轮胎,10.43,-88.2,0.8,-32.9,0.33,842697,7464774,2657377,324389,520500,1752057,缩量,低,情绪退潮,进场,趋势转多型,资金+业绩共振(双击候选),B,关注：资金+业绩共振,72.1
603036,如通股份,13.41,-66.0,0.75,-51.4,-0.29,-594262,2431859,-97335268,-1630613,-2865389,-2737222,缩量,低,情绪退潮,观望,资金观望型,,D,回避：资金观望,-0.1
603037,凯众股份,10.56,74.7,0.33,48.5,0.71,2005535,-1582953,-13592467,-5050121,-2708992,-684290,放量,低,游资情绪,观望,资金观望型,,D,回避：资金观望,8.2
603038,华立股份,15.6,-69.3,1.03,27.9,-8.44,-37755532,-21585179,-64055259,-162936,769180,-1924968,缩量,低,情绪退潮,观望,资金观望型,,D,回避：资金观望,-2.8
603039,泛微网络,34.82,-86.4,1.57,1.0,1.94,48453770,-94496123,-249557838,-6559823,-10205752,6604877,缩量,低,情绪退潮,观望,资金观望型,,D,回避：资金观望,0.6
603040,新坐标,44.33,-81.1,0.66,5.2,-1.5,-6976605,-22410283,-71449909,-585202,-1066613,1249425,缩量,低,情绪退潮,观望,资金撤退型,,D,回避：资金撤退,-0.5
603041,美思德,11.53,-65.2,0.38,14.6,-2.15,-3396707,-4608121,-4635177,233800,0,260596,缩量,低,情绪退潮,观望,资金撤退型,,D,回避：资金撤退,-0.7
603042,华脉科技,17.02,230.3,0.37,81.0,4.52,151769688,425804513,396000727,-18527038,-2869688,37978849,放量,低,游资情绪,观望,趋势转多型,,D,回避：资金观望,9.5
603043,广州酒家,13.04,-89.8,0.77,-48.4,-3.86,-5433328,-18075968,-15013301,-155295,0,601133,缩量,低,情绪退潮,观望,资金观望型,,D,回避：资金观望,-1.3
603045,福达合金,46.59,-84.9,2.62,-20.5,-6.14,-59193387,-95438756,-153913447,-6240324,-313374,6220259,缩量,低,情绪退潮,观望,资金撤退型,,D,回避：资金撤退,-2.0
603048,浙江黎明,25.44,-5.3,0.53,90.1,-3.35,-10081136,-4141260,-11373154,4852191,1753061,-5656411,缩量,低,情绪退潮,观望,资金观望型,,D,回避：资金观望,-1.1
603049,中策橡胶,43.89,-84.3,1.18,-43.0,-5.0,-13660680,-25094467,-39838660,-2076117,-1700422,1849752,缩量,低,情绪退潮,观望,资金撤退型,,D,回避：资金撤退,-1.7
603050,科林电气,16.39,-74.6,0.18,-3.5,-9.28,-18536011,-39704719,-30019785,-1817216,-1520344,3289253,缩量,低,情绪退潮,观望,资金观望型,,D,回避：资金观望,-3.1
603051,鹿山新材,24.7,-69.5,0.66,25.0,-5.26,-30995262,-79729822,-52863242,2353476,1705932,-4180319,缩量,低,情绪退潮,观望,资金观望型,,D,回避：资金观望,-1.8
603052,可川科技,51.86,-75.4,0.34,26.9,1.02,11792756,97727188,58481287,-1372854,-392935,6339480,缩量,低,情绪退潮,观望,趋势转多型,,D,回避：资金观望,0.3
603053,成都燃气,8.74,-83.5,0.9,-48.2,-6.06,-3038824,-8583823,-19243359,666894,0,-31519,缩量,低,情绪退潮,观望,资金撤退型,,D,回避：资金撤退,-2.0
603057,紫燕食品,17.7,-81.8,0.5,29.3,-4.62,-12735032,-19887199,-27007359,-1610302,-1261840,1241857,缩量,低,情绪退潮,观望,资金撤退型,,D,回避：资金撤退,-1.5
603058,永吉股份,8.58,-80.7,0.57,-55.5,-5.95,-18144371,-20498908,-114329527,307398,1895003,1005039,缩量,低,情绪退潮,观望,资金撤退型,,D,回避：资金撤退,-2.0
603059,倍加洁,26.29,-27.3,0.47,0.9,-1.69,-2775818,-3264238,1224,929723,263746,-449675,缩量,低,情绪退潮,观望,资金观望型,,D,回避：资金观望,-0.6
603060,国检集团,5.51,-56.5,0.21,16.2,4.04,8034679,7158736,-3247340,-527637,-778803,-521277,缩量,低,情绪退潮,观望,资金观望型,,D,回避：资金观望,1.3
603061,金海通,312.7,-76.9,1.54,30.3,-6.61,-221722778,68850230,-320428139,12556032,3048248,-6664280,缩量,低,情绪退潮,观望,资金观望型,,D,回避：资金观望,-2.2
603062,麦加芯彩,36.51,-76.0,0.15,-4.6,-2.81,-1671264,-1334467,-3270490,-693403,0,742259,缩量,低,情绪退潮,观望,资金观望型,,D,回避：资金观望,-0.9
603063,禾望电气,27.83,-89.0,0.4,-40.1,-6.58,-91279181,-87764099,-105065868,-6813150,-7612154,3533806,缩量,低,情绪退潮,观望,资金观望型,,D,回避：资金观望,-2.2
601991,大唐发电,5.3,-92.6,1.45,-41.3,-6.52,-212541123,-387042473,-623950938,37052970,50259111,-8969366,缩量,低,情绪退潮,吸筹,资金撤退型,机构吸筹+盈利(关注),C,谨慎：资金流入未验证业绩,21.8
603066,音飞储存,9.27,-72.5,0.26,-45.0,-6.19,-9440817,1147269,8670228,-630340,137477,803174,缩量,低,情绪退潮,观望,资金观望型,,D,回避：资金观望,-2.1
601990,南京证券,6.58,-85.7,0.96,-29.2,-10.54,-40347015,-46538018,-111087309,769763,1976971,-346431,缩量,低,情绪退潮,吸筹,资金撤退型,机构吸筹+盈利(关注),C,谨慎：资金流入未验证业绩,20.5
603068,博通集成,44.18,-62.5,2.79,157.0,-6.68,-295347823,68931848,-18868937,-7494078,-7139664,7639607,缩量,低,情绪退潮,观望,资金观望型,,D,回避：资金观望,-2.2
603069,海汽集团,13.57,-52.5,0.47,-7.1,-3.92,-8496482,2827340,10517232,-1190017,1435017,465165,缩量,低,情绪退潮,观望,资金观望型,,D,回避：资金观望,-1.3
603070,万控智造,11.37,-71.8,0.35,-24.6,-1.39,-972414,535721,-7559563,-5141,0,1319044,缩量,低,情绪退潮,观望,资金观望型,,D,回避：资金观望,-0.5
601996,丰林集团,2.85,-80.7,0.28,-32.9,5.45,13573285,4356804,15423452,-2695529,-637208,2395849,缩量,中,主力惜售,进场,资金观望型,纯资金炒作(亏损风险),C,谨慎：纯资金炒作,25.8
603072,天和磁材,29.67,-91.9,0.57,-6.7,-2.22,-3201384,-6499052,-28378708,-806157,0,1020035,缩量,低,情绪退潮,观望,资金撤退型,,D,回避：资金撤退,-0.7
601997,贵阳银行,5.63,-59.7,1.06,-31.7,5.92,54168756,66108560,-29740645,-5858130,-8397052,8964195,缩量,中,主力惜售,进场,短线抢筹型,资金+业绩共振(双击候选),B,关注：资金+业绩共振,86.0
603075,热威股份,19.89,-66.7,1.0,-28.6,-3.55,-10092005,-12159235,19547408,-119146,0,324601,缩量,低,情绪退潮,观望,长线吸筹型,,D,回避：资金观望,-1.2
603076,乐惠国际,20.2,-78.9,0.24,-17.3,-6.17,-8300074,-10252468,-11778025,-411547,0,-1000132,缩量,低,情绪退潮,观望,资金撤退型,,D,回避：资金撤退,-2.1
601998,中信银行,9.08,-72.8,0.77,-6.7,5.72,109840393,255697250,353923047,10760877,12417524,-11366070,缩量,中,主力惜售,吸筹,主力强攻型,资金+业绩共振(双击候选),B,关注：资金+业绩共振,77.9
603078,江化微,29.18,-91.9,1.25,1.0,-7.71,-122713654,-27075662,-241880680,-8118919,-2571116,10783756,缩量,低,情绪退潮,观望,资金观望型,,D,回避：资金观望,-2.6
603079,圣达生物,13.58,-36.2,0.91,-38.8,-3.2,-6310647,-6611094,-44192447,4079827,604070,-4912615,缩量,低,情绪退潮,观望,资金撤退型,,D,回避：资金撤退,-1.1
603002,宏昌电子,17.95,-39.3,0.96,-3.7,-3.75,-204349291,-300029637,306411458,60118800,77470410,-54607016,缩量,低,情绪退潮,吸筹,长线吸筹型,机构吸筹+盈利(关注),C,谨慎：资金流入未验证业绩,22.8
603081,大丰实业,9.38,-82.9,0.5,-1.9,0.35,318503,-4835137,-8333255,-297346,0,-134480,缩量,低,情绪退潮,观望,资金观望型,,D,回避：资金观望,0.1
603082,北自科技,41.92,-59.3,3.88,49.6,-0.58,-8168236,-63500400,11364313,-7438088,-7176646,7005039,缩量,低,情绪退潮,观望,资金观望型,,D,回避：资金观望,-0.2
603017,中衡设计,9.99,2.3,0.08,26.2,0.15,393005,-3571066,-13282768,1411581,116127,-7627603,缩量,低,情绪退潮,进场,资金观望型,资金+业绩共振(双击候选),B,关注：资金+业绩共振,72.0
603085,天成自控,9.78,-76.7,0.27,-15.4,-3.85,-6486635,-27720307,-45007171,-1166267,-41696,715923,缩量,低,情绪退潮,观望,资金撤退型,,D,回避：资金撤退,-1.3
603086,先达股份,5.86,-56.9,0.81,-68.8,0.32,523458,-9567384,-69177830,-926832,0,-26899,缩量,低,情绪退潮,观望,资金观望型,,D,回避：资金观望,0.1
603087,甘李药业,78.7,-33.3,2.96,77.5,-2.54,-103090230,-89822579,-134760550,-5298161,4547233,1393965,缩量,低,情绪退潮,观望,资金观望型,,D,回避：资金观望,-0.8
603088,宁波精达,10.11,-60.9,0.3,-28.5,-1.85,-4783899,-3995247,-57048149,3385139,602761,-2907333,缩量,低,情绪退潮,观望,资金观望型,,D,回避：资金观望,-0.6
603089,正裕工业,9.58,-47.0,0.66,-44.0,0.42,530093,-6855635,-30301386,-428450,42744,552980,缩量,低,情绪退潮,观望,资金观望型,,D,回避：资金观望,0.1
603090,宏盛股份,37.57,-38.9,0.38,-49.2,-6.86,-40520862,10827132,213849777,8272059,6063434,-6595652,缩量,低,情绪退潮,观望,高位分歧型,,D,回避：资金观望,-2.3
603091,众鑫股份,45.67,-92.9,0.76,22.6,0.03,30433,-12051966,-23576130,0,0,86195,缩量,低,情绪退潮,观望,资金观望型,,D,回避：资金观望,0.0
603092,德力佳,47.56,14.8,0.38,196.4,-2.19,-19920037,-8986953,-26444304,-6406031,-7106040,8444733,缩量,低,情绪退潮,观望,资金观望型,,D,回避：资金观望,-0.7
603093,南华期货,13.25,-43.1,0.85,-4.9,-0.41,-4721505,71724252,38762108,1442754,5012755,949471,缩量,低,情绪退潮,观望,资金观望型,,D,回避：资金观望,-0.1
603095,越剑智能,13.99,-76.6,0.11,-39.0,-5.14,-16236991,-34228486,-70023359,-1194031,-1582131,3717754,缩量,低,情绪退潮,观望,资金撤退型,,D,回避：资金撤退,-1.7
603096,新经典,16.12,-39.5,0.58,-21.8,0.31,426818,-2168100,-3055841,-2194631,-523251,1608218,缩量,低,情绪退潮,观望,资金观望型,,D,回避：资金观望,0.1
603010,万盛股份,12.34,-67.3,0.44,56.9,6.02,25156515,48356535,41399627,5059054,4324269,1896088,缩量,中,主力惜售,进场,短线抢筹型,纯资金炒作(亏损风险),C,谨慎：纯资金炒作,26.0
603098,森特股份,10.56,-71.2,0.35,-54.5,-4.79,-5718783,-19927581,-24922766,1681007,0,-1791167,缩量,低,情绪退潮,观望,资金撤退型,,D,回避：资金撤退,-1.6
603099,长白山,39.96,-48.6,1.28,99.3,-0.65,-14380361,-13548924,-133067472,749066,2500988,6578440,缩量,低,情绪退潮,观望,资金观望型,,D,回避：资金观望,-0.2
603009,北特科技,46.16,-58.7,0.69,11.7,3.16,41164941,59085856,200293073,9650019,5988888,-2494343,缩量,低,情绪退潮,吸筹,均衡流入型,资金+业绩共振(双击候选),B,关注：资金+业绩共振,65.1
603101,汇嘉时代,7.33,-84.6,0.21,-54.9,-3.52,-5221514,-14119909,-18783838,-955160,0,-940250,缩量,低,情绪退潮,观望,资金撤退型,,D,回避：资金撤退,-1.2
603102,百合股份,36.91,-70.1,2.47,-28.9,-5.34,-11190406,-9790113,-42002922,-2260812,59989,3003401,缩量,低,情绪退潮,观望,资金观望型,,D,回避：资金观望,-1.8
603103,横店影视,15.83,-72.3,0.75,-35.0,-6.72,-19204365,-1962202,4067807,-953487,0,3125931,缩量,低,情绪退潮,观望,资金观望型,,D,回避：资金观望,-2.2
603105,芯能科技,8.55,66.5,0.3,0.3,3.43,44025218,25690183,79079965,-10740869,-4458924,10912595,放量,低,游资情绪,观望,资金观望型,,D,回避：资金观望,9.1
603106,恒银科技,7.2,-92.5,4.22,-60.8,-5.3,-15494563,-14764446,-45041322,-1745520,0,2721075,缩量,低,情绪退潮,观望,资金观望型,,D,回避：资金观望,-1.8
603107,上海汽配,12.24,-55.6,0.99,77.1,-5.11,-5828407,-7177857,-6897225,2052423,867838,-1501702,缩量,低,情绪退潮,观望,资金观望型,,D,回避：资金观望,-1.7
603108,润达医疗,10.13,-83.4,1.05,16.5,-0.09,-535418,-14756494,-26458359,-4623282,-3387047,5314583,缩量,低,情绪退潮,观望,资金撤退型,,D,回避：资金撤退,-0.0
603109,神驰机电,17.46,-74.0,0.38,59.9,0.26,332076,-5457331,-11173058,-963393,0,978811,缩量,低,情绪退潮,观望,资金观望型,,D,回避：资金观望,0.1
603110,东方材料,24.5,-81.6,0.86,-26.1,-0.7,-6407996,-71900525,36756444,13379876,9128028,-17092307,缩量,低,情绪退潮,观望,长线吸筹型,,D,回避：资金观望,-0.2
603111,康尼机电,6.13,-82.5,0.67,-5.1,-4.97,-5466971,1891662,-22037324,-254321,-91461,-70610,缩量,低,情绪退潮,观望,资金观望型,,D,回避：资金观望,-1.7
603112,华翔股份,16.71,-63.0,0.33,-19.1,-3.36,-20050291,-23386784,-23003670,-1612845,-770549,3194234,缩量,低,情绪退潮,观望,资金观望型,,D,回避：资金观望,-1.1
603113,金能科技,4.9,-63.7,0.24,-60.5,-7.6,-17004620,-16987651,-88389833,580967,859284,-892966,缩量,低,情绪退潮,观望,资金观望型,,D,回避：资金观望,-2.5
603015,弘讯科技,10.38,-83.0,0.5,-10.3,1.87,3220613,-1253651,-10276599,422264,0,-667246,缩量,低,情绪退潮,进场,资金观望型,资金+业绩共振(双击候选),B,关注：资金+业绩共振,72.6
603016,新宏泰,32.67,-15.4,0.21,-23.5,-1.6,-8932981,57666236,46290322,3015028,4963529,-2531427,缩量,低,情绪退潮,吸筹,资金观望型,机构吸筹+盈利(关注),C,谨慎：资金流入未验证业绩,23.5
603117,万林物流,3.99,-68.2,0.28,-10.0,0.58,865508,-2051825,-8888791,-274591,0,202366,缩量,低,情绪退潮,观望,资金观望型,,D,回避：资金观望,0.2
603118,共进股份,16.04,-76.6,1.36,-1.4,-6.53,-321124454,-73620966,-284814474,-14483257,4977833,4995849,缩量,低,情绪退潮,观望,资金观望型,,D,回避：资金观望,-2.2
603119,浙江荣泰,53.3,-63.7,0.25,-2.3,0.7,18898385,200760415,308139243,-16817601,-5176806,20216810,缩量,低,情绪退潮,观望,均衡流入型,,D,回避：资金观望,0.2
603120,肯特催化,57.41,-75.8,1.63,110.9,-6.05,-59687488,-43485509,-30445052,1065187,1372145,4322085,缩量,低,情绪退潮,观望,资金观望型,,D,回避：资金观望,-2.0
603121,华培动力,12.46,-62.8,0.45,-2.1,0.48,1982838,17705303,20896583,-1820925,0,3780008,缩量,低,情绪退潮,观望,均衡流入型,,D,回避：资金观望,0.2
603122,合富中国,14.14,6.2,0.83,86.1,0.18,7493978,342727159,474005628,-23027910,-15500229,23544411,缩量,低,情绪退潮,观望,均衡流入型,,D,回避：资金观望,0.1
603123,翠微股份,9.21,-84.4,0.98,-69.1,-0.82,-7192510,-75503073,4779418,-563672,-1537678,3371436,缩量,低,情绪退潮,观望,长线吸筹型,,D,回避：资金观望,-0.3
603029,天鹅股份,16.65,-58.0,0.59,-59.6,2.17,3725644,697908,-36310433,331882,0,69927,缩量,低,情绪退潮,进场,资金观望型,资金+业绩共振(双击候选),B,关注：资金+业绩共振,72.7
603125,常青科技,21.2,-67.4,0.57,60.7,-1.75,-15160415,-17795104,6821166,-1878197,-348505,2875259,缩量,低,情绪退潮,观望,资金观望型,,D,回避：资金观望,-0.6
603022,新通联,9.08,-67.8,0.36,-6.8,0.67,786822,362339,-3314728,539654,0,-177899,缩量,低,情绪退潮,进场,资金观望型,资金+业绩共振(双击候选),B,关注：资金+业绩共振,72.2
603035,常熟汽饰,10.54,-62.2,0.6,5.7,-0.65,-978355,-2258045,-9076294,-528188,1059941,-1009,缩量,低,情绪退潮,吸筹,资金撤退型,机构吸筹+盈利(关注),C,谨慎：资金流入未验证业绩,23.8
603065,宿迁联盛,14.44,-73.0,18.81,56.6,13.13,296548618,280077477,203336145,-3125151,2796882,1529893,缩量,高,主力控盘,控盘,资金观望型,控盘+亏损(警惕),C,谨慎：控盘但亏损,28.4
603129,春风动力,286.35,-76.8,1.43,63.2,-1.46,-26081962,132966391,121714855,158647,896625,-1775253,缩量,低,情绪退潮,观望,资金观望型,,D,回避：资金观望,-0.5
603055,台华新材,9.12,-56.8,0.95,9.9,5.22,22868369,34787486,42600346,-2137400,-1357641,3998216,缩量,中,主力惜售,进场,主力建仓型,资金+业绩共振(双击候选),B,关注：资金+业绩共振,85.7
603131,上海沪工,13.65,-85.1,0.17,26.9,-0.68,-1799787,-783413,-5070004,-467621,160589,2827995,缩量,低,情绪退潮,观望,资金观望型,,D,回避：资金观望,-0.2
603073,彩蝶实业,20.37,213.6,0.51,276.9,2.73,18065845,17484350,12382251,4016829,822777,-5316331,放量,低,游资情绪,进场,资金观望型,资金+业绩共振(双击候选),B,关注：资金+业绩共振,80.9
603135,中重科技,8.58,-87.9,1.42,-28.3,-2.23,-4267294,-3182478,-33365506,-243792,0,-595829,缩量,低,情绪退潮,观望,资金观望型,,D,回避：资金观望,-0.7
603136,天目湖,9.03,-25.7,0.29,0.2,-0.89,-2549746,-39428400,79484387,-2294190,-2725454,2647753,缩量,低,情绪退潮,观望,长线吸筹型,,D,回避：资金观望,-0.3
603137,恒尚节能,17.9,-94.4,33.7,2.5,-1.43,-12387930,-12635189,-113995461,-187132,299947,268513,缩量,低,情绪退潮,观望,资金撤退型,,D,回避：资金撤退,-0.5
603138,海量数据,14.1,59.9,0.28,-8.3,-2.86,-35778368,232508309,268631342,-6978951,-6371080,19508344,放量,低,游资情绪,观望,资金观望型,,D,回避：资金观望,7.0
603139,康惠股份,34.54,-84.3,0.59,43.6,-8.93,-28492157,-20377172,26074564,-627362,-2421331,1848198,缩量,低,情绪退潮,观望,高位分歧型,,D,回避：资金观望,-3.0
603150,万朗磁塑,67.71,-32.9,0.54,-27.8,-0.95,-9959997,-69665393,7953260,5935296,3531984,-7377687,缩量,低,情绪退潮,观望,长线吸筹型,,D,回避：资金观望,-0.3
603151,邦基科技,18.06,-70.1,1.91,-38.4,4.04,13403907,25051625,49019072,-2647043,-60020,-124664,缩量,低,情绪退潮,观望,主力建仓型,,D,回避：资金观望,1.3
603067,振华股份,40.63,-30.7,0.6,-16.4,5.27,404406293,375250071,468822993,-14429389,-24518028,30288258,缩量,中,主力惜售,进场,资金观望型,资金+业绩共振(双击候选),B,关注：资金+业绩共振,85.8
603155,新亚强,14.69,-71.8,1.5,135.1,-1.67,-13780744,72999885,41587275,-806150,371546,5185917,缩量,低,情绪退潮,观望,资金观望型,,D,回避：资金观望,-0.6
603156,养元饮品,43.73,-78.0,0.86,7.7,-2.54,-48083447,42751082,-11555900,-194187,1538924,-13576002,缩量,低,情绪退潮,观望,资金观望型,,D,回避：资金观望,-0.8
603158,腾龙股份,10.33,-89.2,0.35,-27.9,-4.16,-15734333,-33202372,-111812914,-1138656,0,-183855,缩量,低,情绪退潮,观望,资金撤退型,,D,回避：资金撤退,-1.4
603159,上海亚虹,22.62,-77.9,1.47,75.9,-0.33,-1454483,-46578453,-64056495,-1826005,-1860496,1081641,缩量,低,情绪退潮,观望,资金撤退型,,D,回避：资金撤退,-0.1
603071,物产环能,12.49,-75.9,0.65,-34.5,1.39,1160230,-3760103,-12215931,596277,0,1340323,缩量,低,情绪退潮,进场,资金观望型,资金+业绩共振(双击候选),B,关注：资金+业绩共振,72.5
603161,科华控股,14.48,-90.9,1.74,-68.2,-8.94,-14178631,-23918227,17638612,-1097757,0,868806,缩量,低,情绪退潮,观望,长线吸筹型,,D,回避：资金观望,-3.0
603162,海通发展,12.87,-79.3,1.06,-52.7,-10.42,-193429069,-346931384,-73952290,-2992081,-5527070,789713,缩量,低,情绪退潮,观望,长线吸筹型,,D,回避：资金观望,-3.5
603163,圣晖集成,75.33,-87.3,1.14,-27.4,-0.12,-838799,41919434,100676160,1747873,1302800,120951,缩量,低,情绪退潮,观望,高位分歧型,,D,回避：资金观望,-0.0
603165,荣晟环保,13.32,-63.6,0.31,-29.5,-1.79,-4242870,-21545275,-56372827,-2139000,528213,2484847,缩量,低,情绪退潮,观望,资金撤退型,,D,回避：资金撤退,-0.6
603166,福达股份,10.76,-83.6,1.0,-35.4,-8.07,-18239238,2212980,-16152066,800240,1075000,323529,缩量,低,情绪退潮,观望,资金观望型,,D,回避：资金观望,-2.7
603167,渤海轮渡,7.98,-86.2,0.4,-39.2,-10.74,-7332144,-23671293,-21422713,-2400958,-1752969,2424508,缩量,低,情绪退潮,观望,资金观望型,,D,回避：资金观望,-3.6
603168,莎普爱思,6.02,-64.4,0.86,9.8,1.61,2686703,6368353,3091802,-367944,0,-192940,缩量,低,情绪退潮,观望,趋势转多型,,D,回避：资金观望,0.5
603169,兰石重装,5.88,-83.9,0.57,-21.1,-1.9,-3889398,-16576574,-16408409,-1883793,-172870,1882105,缩量,低,情绪退潮,观望,资金观望型,,D,回避：资金观望,-0.6
603170,宝立食品,13.58,51.2,0.84,99.7,4.02,18929818,15738322,21469069,-12665076,-5915244,19693454,放量,低,游资情绪,观望,资金观望型,,D,回避：资金观望,9.3
603171,税友股份,39.2,-87.9,0.73,-31.3,4.32,31532045,57043249,13984767,-6168767,-5660943,8376845,缩量,低,情绪退潮,观望,趋势转多型,,D,回避：资金观望,1.4
603077,和邦生物,2.18,-81.8,0.54,-69.0,-6.45,-56264801,-38865775,185219824,961672,2638332,-238901,缩量,低,情绪退潮,吸筹,长线吸筹型,纯资金炒作(亏损风险),C,谨慎：纯资金炒作,1.9
603080,新疆火炬,19.81,-70.3,0.54,-42.6,-3.43,-3085163,-2985613,-898309,1641999,1468705,-557381,缩量,低,情绪退潮,吸筹,资金观望型,机构吸筹+盈利(关注),C,谨慎：资金流入未验证业绩,22.9
603175,超颖电子,106.1,-73.8,0.51,88.1,-5.58,-86585174,-69140105,-90818175,-9632375,-7569757,10044361,缩量,低,情绪退潮,观望,资金观望型,,D,回避：资金观望,-1.9
603176,汇通集团,5.19,-69.6,0.57,-28.4,-7.36,-6268925,-10188954,-10906885,41600,0,411493,缩量,低,情绪退潮,观望,资金撤退型,,D,回避：资金撤退,-2.5
603177,德创环保,11.0,-86.5,0.82,-14.6,-2.36,-3427684,14815829,-13294230,231903,300578,-942966,缩量,低,情绪退潮,观望,资金观望型,,D,回避：资金观望,-0.8
603178,圣龙股份,16.34,-72.9,0.47,-21.2,0.97,6098746,-2212448,-112700931,-5300592,-2296428,2439213,缩量,低,情绪退潮,观望,资金观望型,,D,回避：资金观望,0.3
603083,剑桥科技,204.81,-50.5,0.74,-26.1,-5.57,-857065975,-840145102,-28007770,365548018,311003671,-265905024,缩量,低,情绪退潮,吸筹,资金观望型,机构吸筹+盈利(关注),C,谨慎：资金流入未验证业绩,22.1
603097,江苏华辰,18.33,-81.5,0.86,-17.1,-0.74,-1058767,-7096617,-5235475,561875,2021825,-215074,缩量,低,情绪退潮,吸筹,资金观望型,机构吸筹+盈利(关注),C,谨慎：资金流入未验证业绩,23.8
603181,皇马科技,12.31,-82.5,0.86,-17.0,-5.32,-10137238,-9892259,-27768796,-1535311,-1476795,1448771,缩量,低,情绪退潮,观望,资金观望型,,D,回避：资金观望,-1.8
603182,嘉华股份,13.63,-48.3,0.42,-34.7,-0.67,-706387,1292460,-14114023,0,0,-549992,缩量,低,情绪退潮,观望,资金观望型,,D,回避：资金观望,-0.2
603115,海星股份,71.23,-62.4,1.45,-19.1,-7.18,-237006980,-240725256,175114787,19367486,30719460,-11507354,缩量,低,情绪退潮,吸筹,长线吸筹型,机构吸筹+盈利(关注),C,谨慎：资金流入未验证业绩,21.6
603185,弘元绿能,13.89,-88.4,0.43,-20.1,-3.24,-10765769,-1725875,-5189591,915794,1706034,1414685,缩量,低,情绪退潮,观望,资金观望型,,D,回避：资金观望,-1.1
603100,川仪股份,18.4,-38.8,0.61,-15.0,0.61,1659601,-18189112,-26154720,8493460,12977706,-3893669,缩量,低,情绪退潮,吸筹,资金观望型,资金+业绩共振(双击候选),B,关注：资金+业绩共振,64.2
603187,海容冷链,10.67,-92.4,0.65,-39.2,-7.13,-6636568,-183960,13851411,-208883,0,917940,缩量,低,情绪退潮,观望,高位分歧型,,D,回避：资金观望,-2.4
603124,江南新材,121.2,-54.4,1.7,-3.5,3.86,157797459,118426474,446908541,10119703,8024583,-14627551,缩量,低,情绪退潮,进场,资金观望型,资金+业绩共振(双击候选),B,关注：资金+业绩共振,73.3
603190,亚通精工,16.31,-75.9,0.2,-10.3,1.08,1073387,-1376058,-4713597,-166445,0,22955,缩量,低,情绪退潮,观望,资金观望型,,D,回避：资金观望,0.4
603191,望变电气,13.15,-90.8,0.69,-72.2,-12.51,-31496706,-43474467,-48037884,-586406,-419499,1084336,缩量,低,情绪退潮,观望,资金撤退型,,D,回避：资金撤退,-4.2
603116,红蜻蜓,7.28,81.8,0.24,206.1,5.91,34495091,30028359,20334945,1881914,1417589,-9878593,放量,中,主力偏强放量,进场,资金观望型,纯资金炒作(亏损风险),C,谨慎：纯资金炒作,30.0
603193,润本股份,20.08,-76.1,0.51,-37.0,-1.99,-2950660,-14733035,-31908059,-544628,-370816,1200609,缩量,低,情绪退潮,观望,资金撤退型,,D,回避：资金撤退,-0.7
603127,昭衍新药,47.78,-51.8,1.86,54.8,-2.26,-191218021,199461417,-77722298,118333664,89311502,-58699080,缩量,低,情绪退潮,吸筹,资金观望型,机构吸筹+盈利(关注),C,谨慎：资金流入未验证业绩,23.2
603195,公牛集团,38.26,-86.2,0.34,-36.3,1.06,3465632,-8817119,-9190887,-1679781,-899061,751347,缩量,低,情绪退潮,观望,资金观望型,,D,回避：资金观望,0.4
603196,璞源材料,17.86,-92.0,0.33,-27.3,-1.51,-1671448,-6357368,5147052,-417493,0,183601,缩量,低,情绪退潮,观望,长线吸筹型,,D,回避：资金观望,-0.5
603197,保隆科技,29.3,-77.0,1.32,-24.0,-4.17,-9945084,-20049295,-27108229,-428851,2896,807830,缩量,低,情绪退潮,观望,资金撤退型,,D,回避：资金撤退,-1.4
603198,迎驾贡酒,37.59,-95.1,1.35,-30.3,-2.35,-11303459,-18442771,-48368205,-167656,0,-1113451,缩量,低,情绪退潮,观望,资金撤退型,,D,回避：资金撤退,-0.8
603199,九华旅游,31.99,-82.8,0.49,-58.9,-3.15,-4155148,-14727416,-29113059,-1055626,-638648,2163170,缩量,低,情绪退潮,观望,资金撤退型,,D,回避：资金撤退,-1.1
603126,中材节能,6.29,-76.4,0.36,-33.0,6.51,9157948,25975644,39842730,-1679555,-241300,2574196,缩量,中,主力惜售,进场,主力强攻型,资金+业绩共振(双击候选),B,关注：资金+业绩共振,86.2
603201,常润股份,15.3,-87.9,2.63,-24.3,-6.74,-9756835,-6707190,-30404324,523907,879260,1071617,缩量,低,情绪退潮,观望,资金观望型,,D,回避：资金观望,-2.2
603202,天有为,51.01,-73.5,0.68,1.3,-0.43,-836079,-14846205,-17783626,661339,-508516,51108,缩量,低,情绪退潮,观望,资金撤退型,,D,回避：资金撤退,-0.1
603203,快克智能,42.45,-84.4,1.68,15.5,0.01,208520,134311828,131399376,-736211,3693629,5516427,缩量,低,情绪退潮,观望,趋势转多型,,D,回避：资金观望,0.0
603205,健尔康,21.78,-59.8,0.51,34.2,-8.36,-6237185,-7140583,-8747673,-599571,0,201204,缩量,低,情绪退潮,观望,资金撤退型,,D,回避：资金撤退,-2.8
603206,嘉环科技,13.59,-82.3,0.73,9.4,3.19,5751740,2545378,-10305072,-2913570,-1458840,-405203,缩量,低,情绪退潮,观望,资金观望型,,D,回避：资金观望,1.1
603207,小方制药,24.58,-16.9,1.23,-62.1,-10.23,-28801826,-24687362,3845512,-2439877,-2627628,3407705,缩量,低,情绪退潮,观望,长线吸筹型,,D,回避：资金观望,-3.4
603208,江山欧派,11.26,-62.1,0.61,0.1,-1.84,-1746397,4567682,4161111,-190742,0,166908,缩量,低,情绪退潮,观望,资金观望型,,D,回避：资金观望,-0.6
603209,兴通股份,14.8,-46.2,0.62,-26.0,-7.71,-19800469,-28444838,-23802983,-2134163,0,4028371,缩量,低,情绪退潮,观望,资金观望型,,D,回避：资金观望,-2.6
603210,泰鸿万立,13.33,-78.1,0.53,-7.8,-6.75,-9092775,-10060890,-39620261,-2133583,-2674690,738563,缩量,低,情绪退潮,观望,资金撤退型,,D,回避：资金撤退,-2.2
603211,晋拓股份,19.05,-92.2,1.14,-14.1,-2.75,-9152246,-12697382,-22537536,757179,964265,2816259,缩量,低,情绪退潮,观望,资金撤退型,,D,回避：资金撤退,-0.9
603212,赛伍技术,11.58,-83.5,0.56,16.8,-0.82,-4019823,7424103,-4566261,35221,0,-410398,缩量,低,情绪退潮,观望,资金观望型,,D,回避：资金观望,-0.3
603128,华贸物流,5.36,-70.5,0.83,-51.5,-6.5,-17855467,-12809347,-51525493,2980589,3448042,-1782990,缩量,低,情绪退潮,吸筹,资金观望型,机构吸筹+盈利(关注),C,谨慎：资金流入未验证业绩,21.8
603214,爱婴室,13.86,-53.4,0.73,-59.5,-3.68,-6700243,-14098150,-555089,580808,-355412,-815638,缩量,低,情绪退潮,观望,长线吸筹型,,D,回避：资金观望,-1.2
603130,云中马,38.94,-84.1,0.69,14.2,2.79,4719979,5264298,-23556989,1628177,0,689332,缩量,低,情绪退潮,进场,趋势转多型,资金+业绩共振(双击候选),B,关注：资金+业绩共振,72.9
603216,梦天家居,21.68,-40.5,0.67,-32.7,4.08,47834819,46498463,196096122,-4264973,-1682097,4532465,缩量,低,情绪退潮,观望,资金观望型,,D,回避：资金观望,1.4
603217,元利科技,27.36,-46.9,0.5,-41.7,-3.54,-10047719,-24365106,-91958346,-3159704,-2182400,3782941,缩量,低,情绪退潮,观望,资金撤退型,,D,回避：资金撤退,-1.2
603218,日月股份,9.48,-41.7,0.38,24.0,-1.88,-7362197,2064230,-5540507,-3095024,-1139331,863889,缩量,低,情绪退潮,观望,资金观望型,,D,回避：资金观望,-0.6
603172,万丰股份,19.72,86.7,0.43,7.6,3.82,7621558,9706164,3405687,1737859,-264048,-439164,放量,低,游资情绪,进场,趋势转多型,资金+业绩共振(双击候选),B,关注：资金+业绩共振,81.3
603220,中贝通信,16.87,-88.6,0.33,-24.6,-5.5,-49994829,-92090320,-168651082,-4236724,-3129087,4009607,缩量,低,情绪退潮,观望,资金撤退型,,D,回避：资金撤退,-1.8
603221,爱丽家居,25.14,-14.0,3.71,9.1,-0.47,-9030447,-22130961,-3438395,13667729,10880076,-12607988,缩量,低,情绪退潮,观望,资金观望型,,D,回避：资金观望,-0.2
603153,上海建科,13.4,-74.7,0.19,-31.6,1.02,1002590,-4182645,3189487,865586,0,609879,缩量,低,情绪退潮,进场,长线吸筹型,资金+业绩共振(双击候选),B,关注：资金+业绩共振,72.3
603223,XD恒通股,9.4,-92.5,1.73,-50.7,-16.85,-40529883,-50747433,-51780598,-1585803,520571,645122,缩量,低,情绪退潮,观望,资金撤退型,,D,回避：资金撤退,-5.6
603225,新凤鸣,16.78,-83.9,0.72,-27.9,-5.15,-44556068,-6629764,-44394129,442295,191183,-4104139,缩量,低,情绪退潮,观望,资金观望型,,D,回避：资金观望,-1.7
603226,菲林格尔,29.03,-76.3,0.77,8.4,-16.92,-167065113,-205116639,-122096225,-4329041,-4327004,4474121,缩量,低,情绪退潮,观望,长线吸筹型,,D,回避：资金观望,-5.6
603227,雪峰科技,7.39,-81.4,0.6,-38.2,1.09,1518305,-5585032,-22544009,-529602,0,184791,缩量,低,情绪退潮,观望,资金观望型,,D,回避：资金观望,0.4
603228,景旺电子,102.49,-68.4,1.33,-33.4,-6.16,-766635881,-1232002213,-1047956511,23525371,32992009,-37236851,缩量,低,情绪退潮,观望,资金观望型,,D,回避：资金观望,-2.1
603132,金徽股份,18.39,-59.6,0.98,-44.5,1.96,9036488,-6896852,-19443881,7330042,5995502,-5688967,缩量,低,情绪退潮,吸筹,资金观望型,资金+业绩共振(双击候选),B,关注：资金+业绩共振,64.7
603230,内蒙新华,14.65,3217.5,0.7,497.4,-5.55,-242497009,-306047371,-245610698,9582698,9161885,3849143,放量,低,游资情绪,观望,资金观望型,,D,回避：资金观望,6.2
603231,索宝蛋白,17.21,-64.2,0.37,-18.4,0.5,594586,4993247,858554,-622146,-151448,-1861035,缩量,低,情绪退潮,观望,趋势转多型,,D,回避：资金观望,0.2
603232,格尔软件,16.29,-30.1,0.99,131.4,4.0,62149075,251918472,254494857,-12306180,-9681696,14752368,缩量,低,情绪退潮,观望,主力建仓型,,D,回避：资金观望,1.3
603233,大参林,18.18,-77.2,1.36,13.6,-0.43,-2191291,-15743542,-26631347,1362896,1673931,2619516,缩量,低,情绪退潮,观望,资金撤退型,,D,回避：资金撤退,-0.1
603235,天新药业,25.53,-44.3,0.78,-50.1,-0.78,-386350,2014111,-1374248,-541870,-1006000,762124,缩量,低,情绪退潮,观望,资金观望型,,D,回避：资金观望,-0.3
603160,汇顶科技,53.54,-77.6,0.89,-17.1,10.0,78984554,134778613,334982625,2177019,4062057,-5765192,缩量,中,主力惜售,进场,主力强攻型,资金+业绩共振(双击候选),B,关注：资金+业绩共振,87.3
603173,福斯达,29.53,-70.1,0.48,-36.8,2.26,1380788,4786038,7452323,531695,1146847,-2168103,缩量,低,情绪退潮,进场,主力建仓型,资金+业绩共振(双击候选),B,关注：资金+业绩共振,72.8
603238,诺邦股份,12.86,-43.1,0.72,14.8,-1.15,-1980310,-145824,1301606,-396784,-540566,-376318,缩量,低,情绪退潮,观望,资金观望型,,D,回避：资金观望,-0.4
603239,浙江仙通,13.81,-76.0,0.25,-13.2,-5.82,-7924263,-9235002,-17368761,610771,0,55228,缩量,低,情绪退潮,观望,资金撤退型,,D,回避：资金撤退,-1.9
603248,锡华科技,20.5,201.1,0.16,1058.3,-1.67,-39691286,-15649406,-32049031,-5487655,3250331,13215009,放量,低,游资情绪,观望,资金观望型,,D,回避：资金观望,7.4
603179,新泉股份,40.88,-54.7,0.34,-23.0,-0.47,-13928309,-52178633,-143199864,13015932,21477593,-16802005,缩量,低,情绪退潮,吸筹,资金撤退型,机构吸筹+盈利(关注),C,谨慎：资金流入未验证业绩,23.8
603256,宏和科技,133.83,-76.0,0.96,69.9,0.02,2370995,1829673937,470876988,-85297738,-51756735,93276636,缩量,低,情绪退潮,观望,趋势转多型,,D,回避：资金观望,0.0
603257,中国瑞林,64.38,-82.6,0.6,-24.4,-2.27,-12141986,-44267696,13192007,-2589346,-908886,1230584,缩量,低,情绪退潮,观望,长线吸筹型,,D,回避：资金观望,-0.8
603258,电魂网络,14.09,-39.3,1.03,76.9,3.85,14885896,36881534,38272218,-4238697,-2885497,5310841,缩量,低,情绪退潮,观望,主力建仓型,,D,回避：资金观望,1.3
603259,药明康德,164.6,-71.3,1.7,14.2,-3.99,-942358772,307853202,1304645338,157097628,-55762027,-100710710,缩量,低,情绪退潮,观望,资金观望型,,D,回避：资金观望,-1.3
603260,合盛硅业,31.01,-91.1,1.08,-18.1,1.59,12262372,-6667445,-33742906,-549040,-1745338,1989245,缩量,低,情绪退潮,观望,资金观望型,,D,回避：资金观望,0.5
603261,立航科技,48.54,-67.8,5.42,-25.7,-2.85,-13495285,-54799673,-16586801,-499757,-2449943,1819767,缩量,低,情绪退潮,观望,长线吸筹型,,D,回避：资金观望,-1.0
603262,技源集团,17.22,-85.3,2.8,-44.1,-5.25,-11961929,-9099588,-51095394,1006126,0,1132215,缩量,低,情绪退潮,观望,资金观望型,,D,回避：资金观望,-1.8
603180,金牌家居,15.86,-63.9,0.67,-14.0,1.12,746240,2933128,9574482,1756245,1554396,-1148760,缩量,低,情绪退潮,吸筹,均衡流入型,资金+业绩共振(双击候选),B,关注：资金+业绩共振,64.4
603267,鸿远电子,46.72,-89.2,1.05,13.7,-7.49,-88061567,-129186071,-103484357,-6749545,-4051058,5487224,缩量,低,情绪退潮,观望,资金观望型,,D,回避：资金观望,-2.5
603188,亚邦股份,5.4,60.2,0.64,-27.5,12.48,45037207,34348648,51961635,46026308,47174109,-25281187,放量,高,主力主导放量🔥(最强),抢筹,资金观望型,纯资金炒作(亏损风险),C,谨慎：纯资金炒作,44.2
603269,海鸥股份,23.03,-75.9,1.02,-57.6,-4.43,-80738439,248149508,-565791423,-6519004,-4676910,5008797,缩量,低,情绪退潮,观望,资金观望型,,D,回避：资金观望,-1.5
603270,金帝股份,31.77,-47.0,0.96,-52.7,-10.31,-100709674,-173235524,-205630378,-3098661,-1318618,-4165768,缩量,低,情绪退潮,观望,资金撤退型,,D,回避：资金撤退,-3.4
603271,永杰新材,38.29,-92.0,0.44,-15.0,-12.65,-19007597,-20939317,-56005867,-598586,0,896546,缩量,低,情绪退潮,观望,资金撤退型,,D,回避：资金撤退,-4.2
603273,天元智能,14.54,-82.1,1.05,-17.1,-2.3,-2172239,-7513350,-10424536,-292600,0,-47850,缩量,低,情绪退潮,观望,资金撤退型,,D,回避：资金撤退,-0.8
603275,众辰科技,36.78,-75.6,0.12,4.3,3.44,3420621,4403090,-1199721,-431589,0,583541,缩量,低,情绪退潮,观望,趋势转多型,,D,回避：资金观望,1.1
603276,恒兴新材,17.63,-69.8,0.52,95.0,-1.58,-3768379,5445875,9402503,55176,0,-17162,缩量,低,情绪退潮,观望,资金观望型,,D,回避：资金观望,-0.5
603277,银都股份,11.26,-90.0,1.31,-23.6,-3.84,-3103050,-2678550,-12160913,434344,0,950553,缩量,低,情绪退潮,观望,资金观望型,,D,回避：资金观望,-1.3
603183,建研院,5.19,-100.0,1.54,32.6,11.24,42390087,8143614,-14511025,0,0,0,缩量,高,主力控盘,控盘,资金观望型,控盘+盈利(稳健),B,关注：控盘稳健+盈利,71.7
603279,景津装备,10.82,-70.7,0.37,-32.7,-5.69,-14475015,-32744207,-42227360,-1197944,-3889735,3955689,缩量,低,情绪退潮,观望,资金撤退型,,D,回避：资金撤退,-1.9
603213,镇洋发展,13.8,-85.9,1.41,-11.2,10.02,9321606,19984564,-776505,582524,-697405,407659,缩量,高,主力控盘,控盘,短线抢筹型,控盘+盈利(稳健),B,关注：控盘稳健+盈利,71.3
603281,江瀚新材,18.21,-88.1,0.47,62.3,1.37,4851066,11502623,-12073489,-173760,0,1692617,缩量,低,情绪退潮,观望,趋势转多型,,D,回避：资金观望,0.5
603282,亚光股份,17.06,-55.7,0.18,0.6,-2.08,-2463299,-6927997,-10231351,-951625,0,848172,缩量,低,情绪退潮,观望,资金撤退型,,D,回避：资金撤退,-0.7
603283,赛腾股份,42.35,-90.6,1.34,-14.4,-1.59,-33722081,58103614,-364651098,-3633576,398764,5315838,缩量,低,情绪退潮,观望,资金观望型,,D,回避：资金观望,-0.5
603284,林平发展,40.55,-86.9,0.81,-12.3,-2.63,-4591184,-14606543,-19867410,327740,0,-1207835,缩量,低,情绪退潮,观望,资金撤退型,,D,回避：资金撤退,-0.9
603192,汇得科技,20.04,-67.6,1.64,-15.8,2.44,9191401,9545124,27335788,647850,0,608664,缩量,低,情绪退潮,进场,均衡流入型,资金+业绩共振(双击候选),B,关注：资金+业绩共振,72.8
603186,华正新材,215.89,-25.5,1.89,-7.4,-2.42,-341364080,-1371074488,787873474,241546091,193849194,-180980951,缩量,低,情绪退潮,吸筹,长线吸筹型,机构吸筹+盈利(关注),C,谨慎：资金流入未验证业绩,23.2
603194,中力股份,32.92,-87.1,0.56,-37.8,-5.47,-4839934,-8752910,-7091592,968818,988488,-85820,缩量,低,情绪退潮,吸筹,资金观望型,机构吸筹+盈利(关注),C,谨慎：资金流入未验证业绩,22.2
603289,泰瑞机器,11.23,-0.1,0.18,130.5,-2.34,-14620597,19220284,37779613,-2646842,-1332792,5178175,缩量,低,情绪退潮,观望,资金观望型,,D,回避：资金观望,-0.8
603290,斯达半导,82.03,-89.6,0.75,16.3,-5.64,-66103700,-38573053,-191027186,-12029022,-4277932,9644537,缩量,低,情绪退潮,观望,资金观望型,,D,回避：资金观望,-1.9
603291,XD联合水,8.6,-82.9,0.36,-26.0,-12.53,-16742632,-13956596,10641878,-568620,0,1815110,缩量,低,情绪退潮,观望,高位分歧型,,D,回避：资金观望,-4.2
603293,埃泰克,35.32,-84.4,0.19,-59.4,-0.12,-174617,957075,44389709,-1334780,-692938,3676780,缩量,低,情绪退潮,观望,长线吸筹型,,D,回避：资金观望,-0.0
603296,华勤技术,74.12,-87.2,1.17,-1.1,-6.93,-260483266,-52059104,-550928965,-46751174,8254371,23370046,缩量,低,情绪退潮,观望,资金观望型,,D,回避：资金观望,-2.3
603297,永新光学,107.59,-81.5,0.42,-21.0,-8.55,-36465383,-45597040,-48417815,2576696,2177260,-3427410,缩量,低,情绪退潮,观望,资金撤退型,,D,回避：资金撤退,-2.9
603298,杭叉集团,21.82,-83.9,0.57,35.2,-0.66,-3699785,-11089165,-19332137,1533941,81998,-2897842,缩量,低,情绪退潮,观望,资金撤退型,,D,回避：资金撤退,-0.2
603200,上海洗霸,44.74,337.8,0.54,-12.1,2.12,30801152,100989860,11201269,91125036,74181566,-71101469,放量,低,游资情绪,抢筹,趋势转多型,资金+业绩共振(双击候选),B,关注：资金+业绩共振,88.7
603300,海南华铁,4.52,-89.2,0.59,-38.2,-8.13,-34535998,-34180609,-59296233,-1806196,-721328,4685918,缩量,低,情绪退潮,观望,资金观望型,,D,回避：资金观望,-2.7
603215,比依股份,15.65,3.2,0.17,234.1,1.42,4421706,2492303,1229654,1425546,676121,-1932671,缩量,低,情绪退潮,进场,资金观望型,资金+业绩共振(双击候选),B,关注：资金+业绩共振,72.5
603219,富佳股份,12.76,-81.2,0.57,-7.2,6.27,9590505,5172287,-1476647,552208,1158200,-245697,缩量,中,主力惜售,吸筹,资金观望型,资金+业绩共振(双击候选),B,关注：资金+业绩共振,78.1
603305,旭升集团,11.23,-65.1,0.35,4.9,-5.98,-37546709,-26015821,-79390744,-1649358,-1325110,2026607,缩量,低,情绪退潮,观望,资金观望型,,D,回避：资金观望,-2.0
603306,华懋科技,71.54,-80.3,0.52,12.0,-0.43,-13056141,212493757,460503820,-9526098,638406,6330396,缩量,低,情绪退潮,观望,高位分歧型,,D,回避：资金观望,-0.1
603307,扬州金泉,25.52,-28.9,0.32,29.8,-2.64,-3886820,-5092424,-12830433,-325490,1280856,162800,缩量,低,情绪退潮,观望,资金撤退型,,D,回避：资金撤退,-0.9
603308,应流股份,36.26,-81.0,0.56,-25.3,-7.24,-248989983,-512739864,-273552846,-5513719,3569316,23395559,缩量,低,情绪退潮,观望,资金观望型,,D,回避：资金观望,-2.4
603222,济民健康,8.15,-68.9,1.41,118.4,7.34,93357617,62935981,61174074,3786910,209814,10449548,缩量,中,主力惜售,进场,资金观望型,纯资金炒作(亏损风险),C,谨慎：纯资金炒作,26.4
603310,巍华新材,14.55,-84.1,0.78,-22.0,-6.22,-5162218,-8823205,-7486421,-531201,0,277748,缩量,低,情绪退潮,观望,资金观望型,,D,回避：资金观望,-2.1
603311,金海高科,25.87,-56.8,0.93,-50.1,0.84,4565873,-20441476,95443230,-12449386,-14244260,9352220,缩量,低,情绪退潮,观望,长线吸筹型,,D,回避：资金观望,0.3
603237,五芳斋,15.24,-35.2,0.63,-54.9,-2.53,-2739284,-1642384,-24554382,-490759,724563,-626601,缩量,低,情绪退潮,吸筹,资金观望型,机构吸筹+盈利(关注),C,谨慎：资金流入未验证业绩,23.2
603313,梦百合,6.11,-89.9,1.56,-27.9,-13.49,-62627944,-64555358,-26967317,-1775254,-914797,1536620,缩量,低,情绪退潮,观望,长线吸筹型,,D,回避：资金观望,-4.5
603315,福鞍股份,10.61,-84.7,0.23,-37.7,-2.94,-6516356,-14677281,-53966113,-1219886,0,-148849,缩量,低,情绪退潮,观望,资金撤退型,,D,回避：资金撤退,-1.0
603316,诚邦股份,15.11,-12.4,0.24,90.4,-6.23,-136399509,169700412,327077079,-27626510,-22925496,32107650,缩量,低,情绪退潮,观望,高位分歧型,,D,回避：资金观望,-2.1
603317,天味食品,12.45,-88.5,0.37,-40.8,-0.89,-2522225,5294777,-39347301,1335445,-1093649,2727676,缩量,低,情绪退潮,观望,资金观望型,,D,回避：资金观望,-0.3
603318,水发燃气,8.65,-82.7,0.3,-54.5,-8.49,-90228733,-225923630,-131410490,-2427459,-709494,-1137129,缩量,低,情绪退潮,观望,资金观望型,,D,回避：资金观望,-2.8
603319,美湖股份,28.35,-74.0,0.4,1.4,-1.67,-27512720,111289183,68001732,-6058015,-6410318,3965460,缩量,低,情绪退潮,观望,资金观望型,,D,回避：资金观望,-0.6
603320,迪贝电气,17.96,-82.5,0.4,-46.4,-3.66,-4475993,-4361298,-4052245,0,0,-783927,缩量,低,情绪退潮,观望,资金观望型,,D,回避：资金观望,-1.2
603321,梅轮电梯,7.15,-54.0,0.6,-22.6,-0.91,-2571598,-2277249,7216813,930544,0,275867,缩量,低,情绪退潮,观望,资金观望型,,D,回避：资金观望,-0.3
603322,超讯科技,27.91,-20.0,0.52,-17.7,-2.96,-34258608,-42322263,-44000407,9506901,3885069,-13629477,缩量,低,情绪退潮,观望,资金撤退型,,D,回避：资金撤退,-1.0
603229,奥翔药业,8.36,-53.5,0.56,114.5,1.41,7447954,12148238,6500147,127728,2033418,3202642,缩量,低,情绪退潮,进场,趋势转多型,资金+业绩共振(双击候选),B,关注：资金+业绩共振,72.5
603324,盛剑科技,24.48,-87.9,2.52,-8.7,-0.99,-2425279,-96600,-5229579,-176075,0,367532,缩量,低,情绪退潮,观望,资金观望型,,D,回避：资金观望,-0.3
603255,鼎际得,30.85,-59.0,0.73,40.2,-5.51,-14968686,-20354069,-29837908,339106,1686636,-742351,缩量,低,情绪退潮,吸筹,资金撤退型,机构吸筹+盈利(关注),C,谨慎：资金流入未验证业绩,22.2
603236,移远通信,71.78,-50.7,1.68,21.7,-3.85,-127344226,-771199669,-650472393,49064828,48773442,-39428423,缩量,低,情绪退潮,吸筹,资金观望型,机构吸筹+盈利(关注),C,谨慎：资金流入未验证业绩,22.7
603327,福蓉科技,8.01,-91.9,0.75,-62.9,-5.33,-19112236,-31447922,-142973503,-207381,150451,494700,缩量,低,情绪退潮,观望,资金撤退型,,D,回避：资金撤退,-1.8
603266,天龙股份,19.79,196.0,0.51,239.5,6.56,41130423,107590210,101144915,7578077,-1963808,-9193473,放量,中,主力偏强放量,进场,短线抢筹型,资金+业绩共振(双击候选),B,关注：资金+业绩共振,90.2
603329,上海雅仕,10.27,-83.8,0.48,-8.2,1.94,2033275,2736805,-1198026,-500361,0,-293266,缩量,低,情绪退潮,观望,趋势转多型,,D,回避：资金观望,0.6
603330,天洋新材,9.25,-72.4,3.72,-54.7,-7.04,-72145135,-80172246,91667377,-3114850,725163,1106127,缩量,低,情绪退潮,观望,长线吸筹型,,D,回避：资金观望,-2.3
603331,百达精工,12.37,-87.8,0.42,-41.1,-4.39,-7212975,3915126,31520170,-451324,0,-37431,缩量,低,情绪退潮,观望,高位分歧型,,D,回避：资金观望,-1.5
603332,苏州龙杰,12.01,-61.5,0.39,-5.5,-1.52,-2318307,-1306867,-8522596,-1261472,-590940,-421602,缩量,低,情绪退潮,观望,资金观望型,,D,回避：资金观望,-0.5
603333,福华尚纬,8.82,-88.5,0.79,-42.9,-10.73,-31570850,-47299536,-71724402,-2236038,-1133574,-290680,缩量,低,情绪退潮,观望,资金撤退型,,D,回避：资金撤退,-3.6
603334,丰倍生物,32.07,-62.1,0.56,3.3,-1.14,-1439281,9275970,6234023,359705,70253,-1536935,缩量,低,情绪退潮,观望,资金观望型,,D,回避：资金观望,-0.4
603335,迪生力,6.06,-86.6,0.53,-12.3,-6.37,-11340810,-10758800,-55535389,-3238159,-2935367,854206,缩量,低,情绪退潮,观望,资金观望型,,D,回避：资金观望,-2.1
603336,宏辉果蔬,9.92,-78.0,0.67,-33.6,-6.18,-42551264,-17168403,32682386,79001,834287,684085,缩量,低,情绪退潮,观望,高位分歧型,,D,回避：资金观望,-2.1
603337,杰克科技,35.22,-89.0,1.46,14.8,-4.71,-19080276,-12565486,-35083188,1353156,-619063,934093,缩量,低,情绪退潮,观望,资金观望型,,D,回避：资金观望,-1.6
603338,浙江鼎力,53.04,-81.7,0.71,-0.1,-0.95,-6669128,-16773019,-21170952,5333840,2280141,-7019101,缩量,低,情绪退潮,观望,资金撤退型,,D,回避：资金撤退,-0.3
603339,四方科技,12.22,-92.0,3.32,-42.1,-11.0,-38476412,-47427497,-210652570,-443237,86270,924567,缩量,低,情绪退潮,观望,资金撤退型,,D,回避：资金撤退,-3.7
603341,龙旗科技,35.48,-88.5,1.09,28.8,-4.0,-57526871,14816102,-92696192,2697356,-767336,798101,缩量,低,情绪退潮,观望,资金观望型,,D,回避：资金观望,-1.3
603344,星德胜,22.19,-66.6,0.52,-36.1,-0.02,-56273,-19654883,-9877108,-13574,-285499,-1399676,缩量,低,情绪退潮,观望,资金观望型,,D,回避：资金观望,-0.0
603286,日盈电子,46.22,-27.2,0.53,-10.2,1.92,18527971,29086006,63720822,1010169,2349238,5511269,缩量,低,情绪退潮,进场,均衡流入型,纯资金炒作(亏损风险),C,谨慎：纯资金炒作,12.6
603348,文灿股份,14.66,-64.3,0.96,-20.9,-3.45,-5419051,-5863123,-11479041,-223558,374498,404362,缩量,低,情绪退潮,观望,资金撤退型,,D,回避：资金撤退,-1.2
603350,安乃达,28.56,-81.9,0.47,-12.2,-2.86,-1681514,-3331212,-5003255,122823,-735810,50210,缩量,低,情绪退潮,观望,资金撤退型,,D,回避：资金撤退,-1.0
603268,松发股份,213.55,-78.2,1.17,68.2,1.29,61801093,-584490514,-666509465,23162316,-482939,-12018757,缩量,低,情绪退潮,进场,资金观望型,资金+业绩共振(双击候选),B,关注：资金+业绩共振,72.4
603352,至信股份,24.9,-89.8,0.84,-15.1,-6.14,-4665934,-9181879,-12001916,-313452,0,-472088,缩量,低,情绪退潮,观望,资金撤退型,,D,回避：资金撤退,-2.0
603353,和顺石油,38.78,-9.5,0.21,14.9,-8.2,-135602746,-29053492,316064481,-31533437,-33119827,23270566,缩量,低,情绪退潮,观望,高位分歧型,,D,回避：资金观望,-2.7
603355,莱克电气,30.01,-66.1,0.59,18.5,-2.39,-12036537,-19288218,39284488,1527207,-1103129,-1074271,缩量,低,情绪退潮,观望,长线吸筹型,,D,回避：资金观望,-0.8
603285,键邦股份,37.27,-79.1,0.89,-35.2,3.12,14882174,19397524,192352156,2975785,2082344,-3423535,缩量,低,情绪退潮,进场,均衡流入型,资金+业绩共振(双击候选),B,关注：资金+业绩共振,73.0
603288,海天味业,32.84,-81.2,0.92,-18.6,1.06,16842294,-40778660,19137998,10532770,10799904,-4165797,缩量,低,情绪退潮,吸筹,资金观望型,资金+业绩共振(双击候选),B,关注：资金+业绩共振,64.4
603358,华达科技,43.04,-86.4,1.04,-40.6,-0.25,-2764597,16120747,134573359,2259744,-1314280,-2455835,缩量,低,情绪退潮,观望,长线吸筹型,,D,回避：资金观望,-0.1
603360,百傲化学,12.25,-82.2,0.27,-11.8,-9.06,-32574779,-8851411,-53433145,151284,-622500,883901,缩量,低,情绪退潮,观望,资金观望型,,D,回避：资金观望,-3.0
603363,傲农生物,2.79,-78.2,0.63,-68.1,-6.55,-18644740,-27872704,51858778,479196,-971742,1114643,缩量,低,情绪退潮,观望,长线吸筹型,,D,回避：资金观望,-2.2
603365,水星家纺,15.85,-77.2,0.33,-28.3,-2.39,-2139160,-7429157,-4771055,-580378,-671824,1300015,缩量,低,情绪退潮,观望,资金观望型,,D,回避：资金观望,-0.8
603366,日出东方,7.27,-62.8,0.79,-62.0,-9.53,-45977935,-83267668,29300262,-2140040,-1691270,5858306,缩量,低,情绪退潮,观望,长线吸筹型,,D,回避：资金观望,-3.2
603367,辰欣药业,14.56,-74.3,3.01,-0.4,-3.77,-13532419,-22734616,-39618699,7924016,6226905,2924253,缩量,低,情绪退潮,观望,资金撤退型,,D,回避：资金撤退,-1.3
603368,柳药集团,15.17,-74.9,1.31,-31.8,-16.25,-28061752,-23254332,-51184490,-5300117,-5794235,4162941,缩量,低,情绪退潮,观望,资金观望型,,D,回避：资金观望,-5.4
603369,今世缘,26.86,-86.9,1.34,-11.1,-0.07,-720107,-52004327,-52977630,-4229619,-1033848,5823173,缩量,低,情绪退潮,观望,资金撤退型,,D,回避：资金撤退,-0.0
603370,华新精科,27.7,-25.1,0.85,20.0,-1.32,-2967087,-3421941,-30060331,46235,261537,441724,缩量,低,情绪退潮,观望,资金撤退型,,D,回避：资金撤退,-0.4
603373,安邦护卫,52.25,38.7,0.85,249.0,-1.66,-22036267,-28008962,-42468197,3927137,-2121606,-12868489,缩量,低,情绪退潮,观望,资金撤退型,,D,回避：资金撤退,-0.6
603280,南方路机,27.35,-43.3,0.78,11.1,3.98,16168390,13703739,6490198,546190,0,214067,缩量,低,情绪退潮,进场,资金观望型,资金+业绩共振(双击候选),B,关注：资金+业绩共振,73.3
603299,苏盐井神,8.72,-83.5,0.48,-31.2,0.24,243192,2750899,10914823,1096224,0,-565932,缩量,低,情绪退潮,进场,均衡流入型,资金+业绩共振(双击候选),B,关注：资金+业绩共振,72.1
603379,三美股份,49.26,-90.2,1.24,-0.4,0.99,12310122,-27300297,-128816143,-8133441,333345,6323007,缩量,低,情绪退潮,观望,资金观望型,,D,回避：资金观望,0.3
603301,振德医疗,75.67,-79.7,1.08,24.7,-1.12,-6501726,-36705551,-25127607,5842226,1587323,-1531789,缩量,低,情绪退潮,吸筹,资金观望型,机构吸筹+盈利(关注),C,谨慎：资金流入未验证业绩,23.6
603381,永臻股份,14.73,-83.5,0.3,-6.0,-5.32,-9027816,-15202507,-32823024,-138983,770640,209632,缩量,低,情绪退潮,观望,资金撤退型,,D,回避：资金撤退,-1.8
603382,海阳科技,18.87,-87.6,2.7,-23.4,0.39,638873,169166,-15675602,-803782,0,1613308,缩量,低,情绪退潮,观望,资金观望型,,D,回避：资金观望,0.1
603278,大业股份,11.03,228.8,0.21,283.7,2.68,59789113,61552696,60224606,38179306,32902193,-32939762,放量,低,游资情绪,抢筹,趋势转多型,纯资金炒作(亏损风险),C,谨慎：纯资金炒作,28.9
603385,惠达卫浴,5.69,-68.1,0.55,-16.3,-2.12,-1858330,-7982495,-14869281,0,0,-60554,缩量,低,情绪退潮,观望,资金撤退型,,D,回避：资金撤退,-0.7
603386,骏亚科技,17.65,-13.5,0.71,31.3,-1.21,-16012841,-147968007,-52616509,-7103361,-8505992,11620153,缩量,低,情绪退潮,观望,资金观望型,,D,回避：资金观望,-0.4
603387,基蛋生物,10.06,-66.9,0.56,85.4,-8.99,-36496264,-39543895,-61842507,747345,608210,-2231526,缩量,低,情绪退潮,观望,资金撤退型,,D,回避：资金撤退,-3.0
603303,得邦照明,27.97,-67.2,0.93,35.8,3.15,11678438,36791526,118191623,6529404,7356789,-2487988,缩量,低,情绪退潮,吸筹,主力建仓型,资金+业绩共振(双击候选),B,关注：资金+业绩共振,65.0
603390,通达电气,11.08,24.5,0.18,-26.6,2.34,17711773,25903694,113355576,-166181,-651090,1513910,缩量,低,情绪退潮,观望,均衡流入型,,D,回避：资金观望,0.8
603309,维力医疗,11.18,-79.5,0.74,-22.4,5.54,5662439,10370738,-7020728,-1370902,761980,2980373,缩量,中,主力惜售,进场,短线抢筹型,资金+业绩共振(双击候选),B,关注：资金+业绩共振,85.8
603392,万泰生物,27.27,-34.5,0.44,-14.1,-1.2,-8901123,-17019331,-10890096,-806802,380455,7141436,缩量,低,情绪退潮,观望,资金观望型,,D,回避：资金观望,-0.4
603393,新天然气,24.45,-87.3,0.63,-47.8,-6.02,-29879074,-53363721,-52448002,-5493194,-1780001,6193669,缩量,低,情绪退潮,观望,资金观望型,,D,回避：资金观望,-2.0
603395,红四方,24.89,-3.1,1.06,-49.4,-6.5,-48542761,76583831,183418110,547131,1270446,-7105530,缩量,低,情绪退潮,观望,高位分歧型,,D,回避：资金观望,-2.2
603326,我乐家居,7.63,-68.6,0.44,-17.9,1.5,1568062,-980092,-478507,532830,0,-351590,缩量,低,情绪退潮,进场,资金观望型,资金+业绩共振(双击候选),B,关注：资金+业绩共振,72.5
603399,永杉锂业,13.07,-88.4,0.49,-10.5,-8.1,-108080343,-94868369,-362767498,-9273774,-4649815,13260021,缩量,低,情绪退潮,观望,资金观望型,,D,回避：资金观望,-2.7
603400,华之杰,55.66,215.3,1.28,27.5,2.03,28355680,98002319,200090350,-49596515,-46956593,26858506,放量,低,游资情绪,观望,主力建仓型,,D,回避：资金观望,8.7
603402,陕西旅游,59.2,-74.9,0.79,-48.7,-7.09,-28961250,54206832,-49999969,-1585956,615958,1474022,缩量,低,情绪退潮,观望,资金观望型,,D,回避：资金观望,-2.4
603406,天富龙,27.61,-82.5,0.98,-41.3,-3.14,-4719573,-40938133,-35628689,305280,0,913597,缩量,低,情绪退潮,观望,资金观望型,,D,回避：资金观望,-1.0
603408,建霖家居,11.53,-83.4,1.02,-30.9,-3.21,-2119246,932103,-8697042,-65982,0,2464,缩量,低,情绪退潮,观望,资金观望型,,D,回避：资金观望,-1.1
603409,汇通控股,17.72,-76.1,0.3,-9.6,1.1,1340741,2004903,-1289623,-264425,0,330924,缩量,低,情绪退潮,观望,趋势转多型,,D,回避：资金观望,0.4
603323,苏农银行,4.51,-47.1,0.9,-36.9,8.17,44623014,32803284,36513916,2545820,2752256,3538051,缩量,中,主力惜售,进场,资金观望型,资金+业绩共振(双击候选),B,关注：资金+业绩共振,86.7
603418,友升股份,47.61,48.6,0.12,101.9,2.97,29343559,20610791,49841340,-1789793,-2719998,-2690181,缩量,低,情绪退潮,观望,资金观望型,,D,回避：资金观望,1.0
603421,鼎信通讯,6.18,-28.5,0.54,-18.8,3.0,19791171,-19495958,108748777,-8146920,-3488385,6705821,缩量,低,情绪退潮,观望,资金观望型,,D,回避：资金观望,1.0
603439,三力制药,13.42,-69.1,2.48,53.4,-6.95,-52511893,-191214349,-92213720,-4656779,-233755,3910373,缩量,低,情绪退潮,观望,资金观望型,,D,回避：资金观望,-2.3
603312,西典新能,33.2,-50.4,0.45,-8.7,4.87,6980709,8230332,19490696,644273,198286,28550,缩量,低,情绪退潮,进场,均衡流入型,资金+业绩共振(双击候选),B,关注：资金+业绩共振,73.6
603456,九洲药业,16.88,-57.4,2.01,55.2,-0.08,-1354924,-3023111,-26315116,2449,10107378,1525195,缩量,低,情绪退潮,观望,资金撤退型,,D,回避：资金撤退,-0.0
603325,博隆技术,52.77,-87.6,0.52,-15.9,2.76,1395681,-1623980,-1735071,158534,0,326958,缩量,低,情绪退潮,进场,资金观望型,资金+业绩共振(双击候选),B,关注：资金+业绩共振,72.9
603459,红板科技,80.2,-87.0,1.2,-19.4,-14.53,-330377049,-477311092,-689557493,-53673032,-27341894,54323724,缩量,低,情绪退潮,观望,资金撤退型,,D,回避：资金撤退,-4.8
603466,风语筑,11.83,-73.7,3.03,-39.5,-4.19,-105517273,-187763291,254640562,-9408436,5275536,8937780,缩量,低,情绪退潮,观望,长线吸筹型,,D,回避：资金观望,-1.4
603477,巨星农牧,14.29,-79.8,0.7,-28.0,-1.23,-8324948,6904009,-24092570,720336,-562925,-923526,缩量,低,情绪退潮,观望,资金观望型,,D,回避：资金观望,-0.4
603486,科沃斯,49.54,-79.0,0.51,-29.7,0.13,854207,5101697,-26808118,-340351,-1813849,15063,缩量,低,情绪退潮,观望,趋势转多型,,D,回避：资金观望,0.0
603488,展鹏科技,7.74,-89.6,0.24,-46.7,-6.27,-10032261,-18846914,-39270367,-1005138,0,1531040,缩量,低,情绪退潮,观望,资金撤退型,,D,回避：资金撤退,-2.1
603489,八方股份,28.82,-73.9,0.24,-4.5,-4.84,-12098452,-13843009,-5952122,770609,0,1045873,缩量,低,情绪退潮,观望,资金观望型,,D,回避：资金观望,-1.6
603496,恒为科技,22.06,-94.3,0.79,-17.2,-10.99,-45294902,-46726307,-123231983,4310403,-67472,-2312456,缩量,低,情绪退潮,观望,资金撤退型,,D,回避：资金撤退,-3.7
603499,翔港科技,12.72,-89.3,0.37,-49.5,-11.29,-16161678,-34767066,-33526807,-1252895,-119068,189544,缩量,低,情绪退潮,观望,资金观望型,,D,回避：资金观望,-3.8
603328,依顿电子,13.84,148.9,0.49,49.0,5.5,220793268,242944638,339846036,-41056190,-60468509,2790418,放量,中,主力偏强放量,进场,均衡流入型,资金+业绩共振(双击候选),B,关注：资金+业绩共振,89.8
603501,豪威集团,82.13,-82.8,0.83,-20.4,0.68,22391213,182625911,-369135896,-18049505,-917213,-718071,缩量,低,情绪退潮,观望,趋势转多型,,D,回避：资金观望,0.2
603505,金石资源,13.99,-88.3,0.75,-11.3,-15.46,-65624029,-55791786,-150305864,-5397306,-3680992,5236349,缩量,低,情绪退潮,观望,资金观望型,,D,回避：资金观望,-5.2
603506,南都物业,12.02,-14.6,0.65,-2.7,1.01,2151996,1613610,-16419358,-1627627,-729585,1726643,缩量,低,情绪退潮,观望,资金观望型,,D,回避：资金观望,0.3
603507,振江股份,27.72,-18.0,0.28,308.3,-0.89,-18336718,122110461,53001431,-3366181,-3825663,4233884,缩量,低,情绪退潮,观望,资金观望型,,D,回避：资金观望,-0.3
603508,思维列控,20.48,-92.0,0.41,-32.3,-6.71,-9199645,-16764213,-17206298,-612358,614400,401945,缩量,低,情绪退潮,观望,资金撤退型,,D,回避：资金撤退,-2.2
603511,爱慕股份,13.02,-66.4,0.74,11.3,-4.98,-5203871,-3556378,-10919528,-692416,0,874433,缩量,低,情绪退潮,观望,资金观望型,,D,回避：资金观望,-1.7
603345,安井食品,79.02,-84.9,0.5,-4.4,-0.13,-1679543,54902855,-20267793,-193649,2903120,-235627,缩量,低,情绪退潮,吸筹,资金观望型,机构吸筹+盈利(关注),C,谨慎：资金流入未验证业绩,24.0
603516,淳中科技,77.07,-83.9,0.34,-37.2,-4.02,-49200199,-102212217,-241413424,-368485,4964458,8347839,缩量,低,情绪退潮,观望,资金撤退型,,D,回避：资金撤退,-1.3
603518,锦泓集团,7.8,-70.6,0.53,-15.0,3.7,7026035,-21945100,-27316443,-477921,0,1922456,缩量,低,情绪退潮,观望,资金观望型,,D,回避：资金观望,1.2
603519,立霸股份,16.51,-85.8,2.2,39.4,-4.01,-34486848,-43219720,-82934742,-464716,64432,-1244729,缩量,低,情绪退潮,观望,资金撤退型,,D,回避：资金撤退,-1.3
603520,司太立,8.53,-78.1,0.22,-3.6,-2.54,-5363738,-17832257,-43641813,1245408,-520012,682126,缩量,低,情绪退潮,观望,资金撤退型,,D,回避：资金撤退,-0.8
603527,众源新材,9.79,-72.3,0.25,-23.5,-1.92,-4937839,-14211848,-38746992,-1274722,0,415050,缩量,低,情绪退潮,观望,资金撤退型,,D,回避：资金撤退,-0.6
603528,多伦科技,6.41,-71.4,0.66,25.3,-10.15,-23489270,-17006570,2372519,-1705764,-294674,3403639,缩量,低,情绪退潮,观望,高位分歧型,,D,回避：资金观望,-3.4
603529,爱玛科技,22.09,-52.7,0.65,-6.6,-1.36,-6154051,-2602223,-23228714,-4542065,778358,8332050,缩量,低,情绪退潮,观望,资金观望型,,D,回避：资金观望,-0.5
603530,神马电力,41.36,-70.1,0.46,-54.4,-1.73,-8060774,-2951585,101407130,3046010,1904474,-6985818,缩量,低,情绪退潮,观望,长线吸筹型,,D,回避：资金观望,-0.6
603356,华菱精工,16.62,-74.3,0.39,12.9,0.54,1511273,-5009892,-22168358,1543123,0,1303679,缩量,低,情绪退潮,进场,资金观望型,纯资金炒作(亏损风险),C,谨慎：纯资金炒作,12.2
603535,嘉诚国际,6.13,-85.6,0.55,-24.7,-4.8,-3308687,-3029173,-4384542,0,0,271384,缩量,低,情绪退潮,观望,资金观望型,,D,回避：资金观望,-1.6
603351,威尔药业,27.65,-72.3,1.13,155.1,0.57,1054152,16985773,12260164,219688,-525250,299625,缩量,低,情绪退潮,进场,趋势转多型,资金+业绩共振(双击候选),B,关注：资金+业绩共振,72.2
603375,盛景微,45.34,-22.6,0.26,127.9,2.12,27830172,30136484,73444668,575418,249726,7150165,缩量,低,情绪退潮,进场,均衡流入型,资金+业绩共振(双击候选),B,关注：资金+业绩共振,72.7
603551,奥普科技,9.4,-82.9,0.48,-26.1,-12.37,-8607852,-6513594,-8314282,20658,0,434866,缩量,低,情绪退潮,观望,资金观望型,,D,回避：资金观望,-4.1
603556,海兴电力,22.41,-95.3,1.42,-46.9,-12.06,-28941832,-38482671,-78241932,-1913957,-681872,912928,缩量,低,情绪退潮,观望,资金撤退型,,D,回避：资金撤退,-4.0
603558,健盛集团,13.08,-66.8,0.63,122.1,-8.86,-26548901,-5709677,-17136962,2355116,-536414,-1704902,缩量,低,情绪退潮,观望,资金观望型,,D,回避：资金观望,-3.0
603559,中通国脉,8.66,-84.7,1.85,-63.0,-1.43,-4623117,9312903,-119375247,-2971555,-76120,3955472,缩量,低,情绪退潮,观望,资金观望型,,D,回避：资金观望,-0.5
603565,中谷物流,11.63,-63.0,0.84,-42.3,-1.16,-6355713,-22373906,-20372100,3903321,296346,-2360309,缩量,低,情绪退潮,观望,资金观望型,,D,回避：资金观望,-0.4
603566,普莱柯,10.25,-82.7,0.63,-35.8,-2.37,-1668610,-7490889,-4493421,16825,1126475,1182828,缩量,低,情绪退潮,观望,资金观望型,,D,回避：资金观望,-0.8
603567,珍宝岛,5.25,-93.1,3.31,-11.5,0.42,1739910,-6972331,-47964386,-1336981,893423,3095069,缩量,低,情绪退潮,观望,资金观望型,,D,回避：资金观望,0.1
603357,设计总院,5.96,-79.8,0.3,-30.6,12.3,7182950,2348001,1261157,-219399,0,193732,缩量,高,主力控盘,控盘,资金观望型,控盘+盈利(稳健),B,关注：控盘稳健+盈利,72.1
603569,长久物流,5.85,-79.9,0.74,-28.6,-2.19,-1442128,-2533325,3570889,0,0,553278,缩量,低,情绪退潮,观望,长线吸筹型,,D,回避：资金观望,-0.7
603577,汇金通,9.7,-87.1,0.87,-24.8,-2.54,-2829590,-6760148,-23498715,909303,0,-817522,缩量,低,情绪退潮,观望,资金撤退型,,D,回避：资金撤退,-0.8
603578,三星新材,14.27,-56.3,0.84,-0.2,-10.64,-27314458,-18529578,-12133239,-2099388,-518150,370100,缩量,低,情绪退潮,观望,资金观望型,,D,回避：资金观望,-3.5
603579,荣泰健康,17.91,-66.5,0.26,38.4,-1.09,-2800073,-5571365,4203602,-144915,0,862879,缩量,低,情绪退潮,观望,资金观望型,,D,回避：资金观望,-0.4
603580,艾艾精工,73.13,-69.2,13.02,5.5,1.62,64360049,295913066,220472896,-6118361,-1517576,7876559,缩量,低,情绪退潮,观望,趋势转多型,,D,回避：资金观望,0.5
603583,捷昌驱动,27.82,-74.2,0.44,-22.0,-1.78,-9769670,29320962,80850639,699230,1296456,-1374993,缩量,低,情绪退潮,观望,高位分歧型,,D,回避：资金观望,-0.6
603585,苏利股份,10.56,-60.8,0.32,-51.5,-3.85,-4898405,-16259771,-16778140,-886383,-517590,2749789,缩量,低,情绪退潮,观望,资金撤退型,,D,回避：资金撤退,-1.3
603586,金麒麟,13.95,-68.3,0.28,-14.9,-4.32,-5432440,-6385248,-13439986,-487658,0,847280,缩量,低,情绪退潮,观望,资金撤退型,,D,回避：资金撤退,-1.4
603587,地素时尚,12.38,-39.7,0.58,-45.8,0.38,649639,1449480,-23732408,-1080119,-588181,2132903,缩量,低,情绪退潮,观望,趋势转多型,,D,回避：资金观望,0.1
603380,易德龙,32.6,-88.5,1.33,-42.5,1.98,7447436,-2797344,-68507606,538780,-460947,-2771449,缩量,低,情绪退潮,进场,资金观望型,资金+业绩共振(双击候选),B,关注：资金+业绩共振,72.7
603589,口子窖,17.41,-79.6,1.47,-26.6,-4.4,-19935642,-9291276,-25581402,-1868716,208250,3400656,缩量,低,情绪退潮,观望,资金观望型,,D,回避：资金观望,-1.5
603376,大明电子,26.56,-71.4,0.93,-61.6,-0.69,-968746,-13827345,13702277,221610,643946,-402263,缩量,低,情绪退潮,吸筹,长线吸筹型,机构吸筹+盈利(关注),C,谨慎：资金流入未验证业绩,23.8
603389,亚振家居,44.32,-77.9,0.99,-29.0,-6.0,-19257664,-27415585,-6194323,2216070,2883929,-2736674,缩量,低,情绪退潮,吸筹,资金观望型,纯资金炒作(亏损风险),C,谨慎：纯资金炒作,2.0
603416,信捷电气,46.35,-85.9,0.47,-16.3,-4.12,-9173181,-1301495,889229,15199,294427,-78537,缩量,低,情绪退潮,吸筹,资金观望型,机构吸筹+盈利(关注),C,谨慎：资金流入未验证业绩,22.6
603599,广信股份,10.22,-86.4,0.28,-69.3,-9.47,-27753304,-28860245,88287787,-461713,1138023,2426109,缩量,低,情绪退潮,观望,长线吸筹型,,D,回避：资金观望,-3.2
603600,永艺股份,10.16,-72.0,0.49,-47.3,-2.73,-4021413,-10982004,5943596,717220,0,-427585,缩量,低,情绪退潮,观望,长线吸筹型,,D,回避：资金观望,-0.9
603601,再升科技,9.75,-64.3,0.18,7.6,-0.76,-44843794,-148270457,704826270,-35510088,-16718966,47427572,缩量,低,情绪退潮,观望,长线吸筹型,,D,回避：资金观望,-0.3
603383,顶点软件,26.78,-91.5,0.58,-52.2,-4.4,-6452198,10708398,-847208,938642,804000,-736258,缩量,低,情绪退潮,吸筹,资金观望型,机构吸筹+盈利(关注),C,谨慎：资金流入未验证业绩,22.5
603605,珀莱雅,54.04,-75.4,1.47,1.2,-2.88,-34271654,-27403261,-88364265,-1048180,-668184,1808177,缩量,低,情绪退潮,观望,资金观望型,,D,回避：资金观望,-1.0
603606,东方电缆,36.06,-60.8,0.74,-23.7,-2.86,-50743574,-141718006,-55123614,-13360373,-5320173,16554922,缩量,低,情绪退潮,观望,资金观望型,,D,回避：资金观望,-1.0
603444,吉比特,338.27,-90.3,0.96,-47.2,-8.79,-117342480,-178011142,-481952523,2851645,3141614,-2238581,缩量,低,情绪退潮,吸筹,资金撤退型,机构吸筹+盈利(关注),C,谨慎：资金流入未验证业绩,21.1
603608,天创时尚,19.37,-90.8,1.51,-27.0,-9.82,-86414929,-94337284,113615494,-2872071,-2338827,-2394084,缩量,低,情绪退潮,观望,长线吸筹型,,D,回避：资金观望,-3.3
603609,禾丰股份,6.29,-75.8,0.76,-47.9,-2.16,-2079132,1918005,-37345035,235104,0,-175141,缩量,低,情绪退潮,观望,资金观望型,,D,回避：资金观望,-0.7
603610,麒盛科技,13.28,-61.1,0.96,9.4,-6.74,-22651657,-25826611,-61771159,235435,835548,-6417025,缩量,低,情绪退潮,观望,资金撤退型,,D,回避：资金撤退,-2.2
603611,诺力股份,15.52,-84.2,0.37,-10.2,0.21,173364,-15119567,-28349869,-180997,-535508,606904,缩量,低,情绪退潮,观望,资金观望型,,D,回避：资金观望,0.1
603612,索通发展,15.92,-87.0,0.5,-36.8,-0.54,-3409347,-40105092,-45539671,2461806,1524470,-2172194,缩量,低,情绪退潮,观望,资金撤退型,,D,回避：资金撤退,-0.2
603613,国联股份,18.82,-70.5,0.43,-12.2,-12.16,-111985893,-85739586,45849488,-2458788,193714,2596069,缩量,低,情绪退潮,观望,高位分歧型,,D,回避：资金观望,-4.1
603615,茶花股份,18.47,-81.1,0.55,48.1,-3.87,-10503419,-1060923,10510718,-158705,-248471,142755,缩量,低,情绪退潮,观望,资金观望型,,D,回避：资金观望,-1.3
603458,勘设股份,10.63,-73.5,0.7,-41.9,4.68,18168956,-1192524,133493371,1852264,-214755,-5758424,缩量,低,情绪退潮,进场,资金观望型,纯资金炒作(亏损风险),C,谨慎：纯资金炒作,13.6
603617,君禾股份,6.82,-83.0,1.21,-12.0,-4.58,-6472380,-13711313,-13889205,521730,575608,-1294346,缩量,低,情绪退潮,观望,资金撤退型,,D,回避：资金撤退,-1.5
603618,杭电股份,33.14,-75.5,0.88,-48.3,-13.54,-969058796,-1150460097,-814029278,-34277559,-29059702,52727903,缩量,低,情绪退潮,观望,资金观望型,,D,回避：资金观望,-4.5
603619,中曼石油,20.86,-89.2,1.17,-57.4,-4.35,-53404934,-172262429,-74341918,-3476145,-4536808,6762673,缩量,低,情绪退潮,观望,资金观望型,,D,回避：资金观望,-1.4
603391,力聚热能,69.02,-4.8,1.04,-10.7,6.22,47674666,29237358,61169713,20709217,10591221,-12050784,缩量,中,主力惜售,进场,资金观望型,资金+业绩共振(双击候选),B,关注：资金+业绩共振,86.1
603628,清源股份,10.2,-44.3,0.34,-47.6,-5.08,-11573698,-15438464,46548739,-593974,-1390942,1490497,缩量,低,情绪退潮,观望,长线吸筹型,,D,回避：资金观望,-1.7
603629,利通电子,96.83,-90.0,0.76,-3.7,-9.5,-742551588,-982867222,-1992991945,-76542606,-44049662,66854345,缩量,低,情绪退潮,观望,资金撤退型,,D,回避：资金撤退,-3.2
603396,金辰股份,34.6,908.1,0.44,167.2,8.35,236891984,265241403,184534918,-10261317,-4447873,22300683,放量,中,主力偏强放量,进场,趋势转多型,资金+业绩共振(双击候选),B,关注：资金+业绩共振,90.8
603633,徕木股份,6.29,-72.8,0.54,14.1,-3.6,-7928621,-8404518,-24478863,-36189,0,-1005133,缩量,低,情绪退潮,观望,资金撤退型,,D,回避：资金撤退,-1.2
603636,南威软件,7.72,121.0,0.4,432.2,3.91,107063893,192944776,165886433,-37998319,-32452168,31192844,放量,低,游资情绪,观望,趋势转多型,,D,回避：资金观望,9.3
603637,镇海股份,13.64,-85.0,0.37,-16.6,-8.83,-28288829,16133560,-53429054,-311711,-1250888,1636010,缩量,低,情绪退潮,观望,资金观望型,,D,回避：资金观望,-2.9
603500,祥和实业,10.2,77.2,1.15,223.6,8.6,79722585,98740746,74582566,-28885588,-29916685,18573288,放量,中,主力偏强放量,进场,短线抢筹型,资金+业绩共振(双击候选),B,关注：资金+业绩共振,90.9
603639,海利尔,10.52,-55.4,0.33,-60.7,-1.2,-486761,-1900448,-2437669,1638456,1076575,-1306332,缩量,低,情绪退潮,观望,资金撤退型,,D,回避：资金撤退,-0.4
603515,XD欧普照,14.68,-74.7,0.35,-18.6,0.38,257764,-4484812,-6221526,649726,680309,-436006,缩量,低,情绪退潮,吸筹,资金观望型,资金+业绩共振(双击候选),B,关注：资金+业绩共振,64.1
603650,彤程新材,62.7,-65.9,1.75,22.2,-7.29,-319866918,-207452699,390136615,-19000627,3813297,-7856089,缩量,低,情绪退潮,观望,高位分歧型,,D,回避：资金观望,-2.4
603533,掌阅科技,23.74,21.0,0.74,-49.7,4.29,111841334,109529792,416248648,271194,-2983950,-5786645,缩量,低,情绪退潮,进场,资金观望型,纯资金炒作(亏损风险),C,谨慎：纯资金炒作,13.4
603656,泰禾智能,17.27,-79.1,0.62,22.4,-1.63,-1780437,-8422632,-3635394,-102722,0,608317,缩量,低,情绪退潮,观望,资金观望型,,D,回避：资金观望,-0.5
603657,春光科技,39.16,85.0,0.49,57.9,-2.48,-23412321,-32791139,15345334,16084294,6448757,-28601129,放量,低,游资情绪,观望,资金观望型,,D,回避：资金观望,7.2
603658,安图生物,34.15,-61.7,1.27,114.7,-7.04,-55960493,-42927782,-42008772,-4897006,-3584582,8755555,缩量,低,情绪退潮,观望,资金观望型,,D,回避：资金观望,-2.3
603659,璞泰来,21.5,-74.7,0.28,-19.9,-2.59,-37796729,-158590261,-356838132,-3728911,2611559,17266560,缩量,低,情绪退潮,观望,资金撤退型,,D,回避：资金撤退,-0.9
603660,苏州科达,9.13,-86.4,0.38,-7.9,-5.23,-26100914,-1156721,-160609390,-2112790,-2195179,4490525,缩量,低,情绪退潮,观望,资金观望型,,D,回避：资金观望,-1.7
603661,恒林股份,33.25,-78.9,1.7,-9.7,2.52,12881723,-15699842,-1540149,-375146,-479210,1546963,缩量,低,情绪退潮,观望,资金观望型,,D,回避：资金观望,0.8
603536,惠发食品,10.12,-47.4,0.97,-55.7,2.44,4902137,13594296,19035672,1652465,1858212,-3532263,缩量,低,情绪退潮,进场,主力建仓型,纯资金炒作(亏损风险),C,谨慎：纯资金炒作,12.8
603663,三祥新材,44.0,-72.9,2.66,6.6,-1.72,-83008376,301891639,474606278,-13014625,-11611459,3250154,缩量,低,情绪退潮,观望,资金观望型,,D,回避：资金观望,-0.6
603588,高能环境,16.69,-61.0,1.07,9.6,4.78,197824868,304253389,233208376,23593602,17525713,-11872999,缩量,低,情绪退潮,吸筹,趋势转多型,资金+业绩共振(双击候选),B,关注：资金+业绩共振,65.6
603538,美诺华,28.59,-45.9,0.55,7.3,-0.96,-47971320,-56499037,60141304,393008457,400181523,-208431811,缩量,低,情绪退潮,吸筹,资金观望型,机构吸筹+盈利(关注),C,谨慎：资金流入未验证业绩,23.7
603667,五洲新春,50.01,-59.2,0.42,1.9,4.39,152279837,203349468,138932718,-18279098,-6961309,36155309,缩量,低,情绪退潮,观望,趋势转多型,,D,回避：资金观望,1.5
603668,天马科技,11.93,-90.1,0.73,-59.8,-7.37,-19887498,-16860615,-26960023,675782,0,-303220,缩量,低,情绪退潮,观望,资金观望型,,D,回避：资金观望,-2.5
603590,康辰药业,32.11,25.1,1.16,35.5,-1.83,-6407891,-6805895,-22874734,34669008,36096365,-24329093,缩量,低,情绪退潮,吸筹,资金撤退型,机构吸筹+盈利(关注),C,谨慎：资金流入未验证业绩,23.4
603676,卫信康,9.1,-70.7,1.22,-10.7,-1.82,-912110,3458915,2357308,664035,0,-531674,缩量,低,情绪退潮,观望,资金观望型,,D,回避：资金观望,-0.6
603677,奇精机械,14.42,-80.9,1.32,2.4,-2.25,-2210116,-4616408,-9225234,0,0,141410,缩量,低,情绪退潮,观望,资金撤退型,,D,回避：资金撤退,-0.8
603678,火炬电子,43.32,-90.4,4.12,-6.1,-7.08,-235254558,-415009769,-61013556,-12485371,-10312781,12200186,缩量,低,情绪退潮,观望,长线吸筹型,,D,回避：资金观望,-2.4
603679,华体科技,22.69,-67.7,1.92,6.6,-9.71,-136442220,-117856791,-10815093,4479188,1167246,-5740305,缩量,低,情绪退潮,观望,长线吸筹型,,D,回避：资金观望,-3.2
603680,今创集团,10.01,-84.6,0.48,45.7,-6.77,-12384404,-28732669,-39201146,-378291,-608586,-249563,缩量,低,情绪退潮,观望,资金撤退型,,D,回避：资金撤退,-2.3
603681,永冠新材,18.42,-76.8,0.7,46.8,0.03,227006,12167061,12745256,-2542004,-1937254,-579411,缩量,低,情绪退潮,观望,均衡流入型,,D,回避：资金观望,0.0
603596,伯特利,28.25,-75.9,0.78,-45.4,1.1,14211736,17002043,-186513475,744631,1372137,-1399179,缩量,低,情绪退潮,进场,趋势转多型,资金+业绩共振(双击候选),B,关注：资金+业绩共振,72.4
603683,晶华新材,15.38,-82.5,1.07,-32.8,-4.94,-43008559,-92096264,-73090493,-6562281,-1807535,9678408,缩量,低,情绪退潮,观望,资金观望型,,D,回避：资金观望,-1.6
603685,晨丰科技,25.0,-85.2,0.47,-55.7,-11.59,-19809356,-31174678,11055887,-230135,-1017371,-484966,缩量,低,情绪退潮,观望,长线吸筹型,,D,回避：资金观望,-3.9
603686,福龙马,14.18,68.0,0.37,88.9,-5.8,-139770730,91882499,120427812,-27191080,-15480450,9293875,放量,低,游资情绪,观望,资金观望型,,D,回避：资金观望,6.1
603687,大胜达,14.36,-72.8,0.32,-38.7,-7.68,-58799685,-159799955,-268705230,3524584,5597160,-7779401,缩量,低,情绪退潮,观望,资金撤退型,,D,回避：资金撤退,-2.6
603688,石英股份,44.23,-86.8,0.42,-5.8,-8.36,-185989687,-37615781,-58499698,458018,1085642,2839246,缩量,低,情绪退潮,观望,资金观望型,,D,回避：资金观望,-2.8
603568,伟明环保,13.31,-88.8,1.09,-32.6,2.94,9230143,17430207,22220401,701222,-510500,1056297,缩量,低,情绪退潮,进场,主力建仓型,资金+业绩共振(双击候选),B,关注：资金+业绩共振,73.0
603690,至纯科技,22.6,-91.0,2.87,0.6,-0.44,-7413187,17744627,41890583,-4215304,-3723712,5700292,缩量,低,情绪退潮,观望,资金观望型,,D,回避：资金观望,-0.1
603693,江苏新能,12.32,-1.1,0.41,23.1,4.69,46522009,30270632,125164202,-1147424,350412,4925626,缩量,低,情绪退潮,观望,资金观望型,,D,回避：资金观望,1.6
603696,安记食品,13.12,-83.4,2.4,-51.1,-0.16,-1423266,-16099175,60278859,-7675197,-3494671,6948039,缩量,低,情绪退潮,观望,长线吸筹型,,D,回避：资金观望,-0.1
603598,引力传媒,18.8,24.6,0.37,22.5,7.34,228647946,223143906,243891583,-35874702,-21360578,41574541,缩量,中,主力惜售,进场,资金观望型,资金+业绩共振(双击候选),B,关注：资金+业绩共振,86.4
603698,航天工程,20.05,-91.2,0.31,-5.2,-0.58,-4162648,-50857612,-68659431,-4733687,-1001201,6172952,缩量,低,情绪退潮,观望,资金撤退型,,D,回避：资金撤退,-0.2
603699,纽威股份,43.47,-88.6,0.55,-10.6,-0.1,-667831,18733195,-29929122,-1830443,0,2801584,缩量,低,情绪退潮,观望,资金观望型,,D,回避：资金观望,-0.0
603700,宁水集团,11.49,-81.7,1.08,-9.5,-9.19,-27229752,-40147427,-51532210,-660376,225023,2118559,缩量,低,情绪退潮,观望,资金撤退型,,D,回避：资金撤退,-3.1
603701,德宏股份,18.16,-89.2,0.52,-53.7,-11.73,-23256522,-27807430,-5460649,-1031300,23699,1643914,缩量,低,情绪退潮,观望,长线吸筹型,,D,回避：资金观望,-3.9
603703,盛洋科技,9.85,-65.4,0.58,24.5,-3.99,-18031524,-27414155,-121007914,434924,-149657,2973766,缩量,低,情绪退潮,观望,资金撤退型,,D,回避：资金撤退,-1.3
603616,韩建河山,5.63,-44.2,0.55,-47.2,3.57,8718436,2244414,5126245,2109590,2452016,-6864253,缩量,低,情绪退潮,进场,资金观望型,纯资金炒作(亏损风险),C,谨慎：纯资金炒作,13.2
603707,健友股份,8.07,-56.0,0.87,14.8,-5.78,-19263451,-10574118,55024710,7251372,6304315,3551871,缩量,低,情绪退潮,观望,高位分歧型,,D,回避：资金观望,-1.9
603708,家家悦,8.94,-80.1,0.78,-61.3,-1.51,-1657222,1181408,-7551609,-405094,704554,-732869,缩量,低,情绪退潮,观望,资金观望型,,D,回避：资金观望,-0.5
603709,中源家居,12.6,-37.3,0.35,4.9,1.86,4065371,7146008,-6271524,-324903,0,1468903,缩量,低,情绪退潮,观望,趋势转多型,,D,回避：资金观望,0.6
603711,香飘飘,11.57,-87.3,0.4,-31.7,-3.22,-4476904,-1609511,-24463710,-80592,-80592,-2222721,缩量,低,情绪退潮,观望,资金观望型,,D,回避：资金观望,-1.1
603712,七一二,11.29,-82.8,0.67,-21.5,-0.35,-1400253,-2191768,19336978,-1965416,-630537,-414715,缩量,低,情绪退潮,观望,资金观望型,,D,回避：资金观望,-0.1
603602,纵横通信,12.55,266.7,0.67,98.1,10.06,39441213,37305913,32651108,-9498362,-1436965,8509875,放量,高,主力主导放量🔥(最强),进场,资金观望型,纯资金炒作(亏损风险),C,谨慎：纯资金炒作,35.4
603716,塞力医疗,16.82,-73.0,2.13,36.5,2.21,26008900,3051114,21962412,-2125208,-3311011,3165431,缩量,低,情绪退潮,观望,资金观望型,,D,回避：资金观望,0.7
603717,天域生物,5.93,-72.9,0.54,-36.1,-1.16,-2044544,-7519339,-21328969,1275044,-672384,-1559976,缩量,低,情绪退潮,观望,资金撤退型,,D,回避：资金撤退,-0.4
603719,良品铺子,9.18,-82.9,1.03,-39.0,2.53,2794585,528610,-3718435,-565,-595612,1343774,缩量,低,情绪退潮,观望,资金观望型,,D,回避：资金观望,0.8
603721,中广天择,18.34,-38.6,1.13,-63.7,3.23,14130422,15634438,-93036239,-3392333,-76059,7650062,缩量,低,情绪退潮,观望,趋势转多型,,D,回避：资金观望,1.1
603722,阿科力,28.27,-89.3,1.56,-13.4,-1.18,-1252630,2127806,1353833,-790489,-435144,-469008,缩量,低,情绪退潮,观望,资金观望型,,D,回避：资金观望,-0.4
603725,天安新材,11.76,-73.5,3.7,66.7,0.12,864167,71130884,55520587,-4288747,-1441482,4987613,缩量,低,情绪退潮,观望,趋势转多型,,D,回避：资金观望,0.0
603726,朗迪集团,23.49,-87.4,0.83,-3.4,-2.37,-7509990,-5916778,-4741066,-348927,389516,2155265,缩量,低,情绪退潮,观望,资金观望型,,D,回避：资金观望,-0.8
603638,艾迪精密,19.58,-68.7,0.94,22.5,4.35,52126887,65626137,67268998,5038757,5062309,-3347359,缩量,低,情绪退潮,吸筹,均衡流入型,资金+业绩共振(双击候选),B,关注：资金+业绩共振,65.5
603728,鸣志电器,52.02,-70.7,0.69,-14.0,0.34,4974079,18150936,101542108,-4403127,-6259717,4474340,缩量,低,情绪退潮,观望,均衡流入型,,D,回避：资金观望,0.1
603626,科森科技,24.59,99.0,0.34,33.5,5.29,296976111,746483802,1126302884,78488176,46518684,-75129887,放量,中,主力偏强放量,进场,主力强攻型,纯资金炒作(亏损风险),C,谨慎：纯资金炒作,29.8
603733,仙鹤股份,17.81,-84.6,3.23,-38.0,0.07,329123,-16023292,284534,-232226,-1547220,-474113,缩量,低,情绪退潮,观望,资金观望型,,D,回避：资金观望,0.0
603737,三棵树,21.13,-22.0,1.07,14.5,-1.08,-10517277,-28602227,-36280887,8688201,2724244,-15174541,缩量,低,情绪退潮,观望,资金撤退型,,D,回避：资金撤退,-0.4
603738,泰晶科技,33.39,-85.2,1.06,3.1,-4.02,-146993540,3540346,-294061339,-32228915,-13186471,46786691,缩量,低,情绪退潮,观望,资金观望型,,D,回避：资金观望,-1.3
603607,京华激光,22.96,-76.5,1.25,66.1,6.22,23569737,35929964,20154101,-4799970,-4718855,3641827,缩量,中,主力惜售,进场,短线抢筹型,资金+业绩共振(双击候选),B,关注：资金+业绩共振,86.1
603755,日辰股份,25.99,-21.4,0.42,-1.3,-0.99,-2962366,-8924649,-11020349,-981785,-512200,-310810,缩量,低,情绪退潮,观望,资金撤退型,,D,回避：资金撤退,-0.3
603757,大元泵业,69.8,-74.0,1.47,-36.7,2.16,56042701,137419883,220599536,-2782062,-5155117,4711962,缩量,低,情绪退潮,观望,主力建仓型,,D,回避：资金观望,0.7
603758,秦安股份,10.79,-68.2,0.83,-29.9,-5.71,-14927916,-12371956,-67977051,-2297606,-2432390,2364111,缩量,低,情绪退潮,观望,资金观望型,,D,回避：资金观望,-1.9
603630,拉芳家化,15.42,2.8,2.4,5.3,6.72,41327381,45757221,19692096,-5825178,-5147994,-9565751,缩量,中,主力惜售,进场,趋势转多型,纯资金炒作(亏损风险),C,谨慎：纯资金炒作,26.2
603648,畅联股份,9.55,-82.7,0.79,3.7,-7.54,-6485501,-4925811,-3699167,119103,599112,-273221,缩量,低,情绪退潮,吸筹,资金观望型,机构吸筹+盈利(关注),C,谨慎：资金流入未验证业绩,21.5
603655,朗博科技,31.22,-85.8,0.31,33.1,4.19,10001112,16728090,13413104,386290,0,473161,缩量,低,情绪退潮,进场,趋势转多型,资金+业绩共振(双击候选),B,关注：资金+业绩共振,73.4
603662,柯力传感,48.06,-86.7,1.14,-3.4,-3.56,-21645434,-33814997,-116317528,1821167,498407,-89489,缩量,低,情绪退潮,吸筹,资金撤退型,机构吸筹+盈利(关注),C,谨慎：资金流入未验证业绩,22.8
603666,亿嘉和,26.54,-87.4,0.79,-12.3,3.48,13535780,13814858,-11837256,-1132,402661,-139462,缩量,低,情绪退潮,吸筹,趋势转多型,纯资金炒作(亏损风险),C,谨慎：纯资金炒作,5.2
603776,永安行,21.11,-79.9,0.73,22.0,2.25,6443834,13133763,23578337,-141552,-29712,224693,缩量,低,情绪退潮,观望,主力建仓型,,D,回避：资金观望,0.8
603777,来伊份,13.55,-60.8,0.31,-17.6,-4.56,-22742914,-33375037,-50342691,-1740704,-1030061,164621,缩量,低,情绪退潮,观望,资金撤退型,,D,回避：资金撤退,-1.5
603778,国晟科技,8.01,-61.0,0.29,-31.2,0.4,8472793,-38461961,151709891,-12512521,-6576430,13552538,缩量,低,情绪退潮,观望,长线吸筹型,,D,回避：资金观望,0.1
603779,威龙股份,8.04,-90.0,1.78,-56.5,-5.2,-17731519,-51905013,-85690156,-614988,501768,-1056995,缩量,低,情绪退潮,观望,资金撤退型,,D,回避：资金撤退,-1.7
603786,科博达,37.17,-81.9,0.42,-30.6,-0.58,-1259941,-7725578,-23927413,-973859,-740836,-878277,缩量,低,情绪退潮,观望,资金撤退型,,D,回避：资金撤退,-0.2
603787,新日股份,10.46,-78.2,0.64,-6.1,-3.3,-3319569,-5982609,-13679464,-413306,-568622,104134,缩量,低,情绪退潮,观望,资金撤退型,,D,回避：资金撤退,-1.1
603788,宁波高发,13.66,-82.6,0.26,-5.6,-1.14,-630934,2910413,-1136280,274326,0,331979,缩量,低,情绪退潮,观望,资金观望型,,D,回避：资金观望,-0.4
603669,灵康药业,6.1,-79.3,3.85,111.5,2.99,21889991,90375003,110064520,2563044,-689261,-5557825,缩量,低,情绪退潮,进场,主力建仓型,纯资金炒作(亏损风险),C,谨慎：纯资金炒作,13.0
603797,联泰环保,4.82,78.0,1.66,63.6,2.16,11389397,15709833,10475756,-8117629,-10870436,566590,放量,低,游资情绪,观望,趋势转多型,,D,回避：资金观望,8.7
603798,康普顿,14.42,-8.2,0.33,-2.6,1.43,5875069,5737172,5601866,-1596260,1329505,1840115,缩量,低,情绪退潮,观望,资金观望型,,D,回避：资金观望,0.5
603689,皖天然气,7.7,-57.6,0.63,-46.7,-1.65,-1392382,3130473,-20897564,1710085,856374,-99292,缩量,低,情绪退潮,吸筹,资金观望型,机构吸筹+盈利(关注),C,谨慎：资金流入未验证业绩,23.4
603800,洪田股份,53.28,-89.5,1.21,-18.4,-7.05,-67033631,-106809253,-210249733,-1929147,-817893,3151868,缩量,低,情绪退潮,观望,资金撤退型,,D,回避：资金撤退,-2.4
603801,志邦家居,6.2,-54.1,1.04,-56.5,-0.92,-1901121,-3986890,-37591508,-783440,-617898,3057532,缩量,低,情绪退潮,观望,资金撤退型,,D,回避：资金撤退,-0.3
603803,瑞斯康达,11.15,-53.9,0.29,57.0,4.38,96881462,120664359,115204461,-13421780,-3530821,24371527,缩量,低,情绪退潮,观望,趋势转多型,,D,回避：资金观望,1.5
603806,福斯特,13.79,-90.0,0.46,-12.0,-6.57,-61791017,-98034855,-159435704,-2324139,1058095,747668,缩量,低,情绪退潮,观望,资金撤退型,,D,回避：资金撤退,-2.2
603808,歌力思,8.75,-75.2,0.24,-6.4,1.14,1485321,623326,3663814,-152638,0,1471608,缩量,低,情绪退潮,观望,资金观望型,,D,回避：资金观望,0.4
603809,豪能股份,8.5,-83.7,0.59,-16.6,-2.26,-4243628,747151,-13431212,-1807948,-576628,1403927,缩量,低,情绪退潮,观望,资金观望型,,D,回避：资金观望,-0.8
603810,丰山集团,12.34,-51.0,0.53,-21.2,1.85,1543069,283066,-2013653,-241429,0,-534593,缩量,低,情绪退潮,观望,资金观望型,,D,回避：资金观望,0.6
603811,诚意药业,7.02,-66.0,0.45,-17.8,-3.93,-4428098,-16961557,-25185104,-2685293,-1309654,2352592,缩量,低,情绪退潮,观望,资金撤退型,,D,回避：资金撤退,-1.3
603813,原尚股份,26.04,-78.7,0.55,8.6,-3.26,-3081591,-3937282,-7692125,-1708,0,332400,缩量,低,情绪退潮,观望,资金撤退型,,D,回避：资金撤退,-1.1
603815,交建股份,5.08,-91.2,0.38,-20.5,-7.03,-8668681,-11453069,-19568806,-183963,0,-518690,缩量,低,情绪退潮,观望,资金撤退型,,D,回避：资金撤退,-2.3
603682,锦和商管,9.41,-87.1,1.39,-11.1,-1.79,-6954253,-49201260,-135767783,2069433,2058723,-1373685,缩量,低,情绪退潮,吸筹,资金撤退型,纯资金炒作(亏损风险),C,谨慎：纯资金炒作,3.4
603817,海峡环保,5.66,-6.7,0.43,56.4,4.02,22593480,16293113,18217184,-5803581,-1479457,3388694,缩量,低,情绪退潮,观望,资金观望型,,D,回避：资金观望,1.3
603665,康隆达,23.23,38.9,0.48,0.6,8.33,44997850,38572325,53503672,-385135,-441420,-6745581,缩量,中,主力惜售,进场,资金观望型,资金+业绩共振(双击候选),B,关注：资金+业绩共振,86.8
603706,东方环宇,17.14,-76.2,0.59,-43.0,-4.16,-2478407,-7440954,-11265155,446502,514454,-443879,缩量,低,情绪退潮,吸筹,资金撤退型,机构吸筹+盈利(关注),C,谨慎：资金流入未验证业绩,22.6
603823,百合花,41.9,-69.2,9.31,6.0,-14.31,-835507870,-863927408,-1393282721,-9556995,5821230,64711187,缩量,低,情绪退潮,观望,资金撤退型,,D,回避：资金撤退,-4.8
603826,坤彩科技,15.33,-57.6,0.46,14.8,1.77,28695768,2445240,98582412,-7900806,-5808990,14784622,缩量,低,情绪退潮,观望,长线吸筹型,,D,回避：资金观望,0.6
603829,洛凯股份,15.65,-74.2,0.24,-0.2,0.89,1558970,3173052,17386559,-441261,0,1335584,缩量,低,情绪退潮,观望,长线吸筹型,,D,回避：资金观望,0.3
603833,欧派家居,29.62,-65.2,0.95,-6.2,-0.63,-3112555,-12270008,-37425678,-4025335,-3092760,695431,缩量,低,情绪退潮,观望,资金撤退型,,D,回避：资金撤退,-0.2
603836,海程邦达,9.58,-81.6,0.81,-1.0,-2.05,-1975013,-9352243,-17751440,0,0,-2077597,缩量,低,情绪退潮,观望,资金撤退型,,D,回避：资金撤退,-0.7
603697,有友食品,9.51,-72.0,0.98,-11.9,2.67,6604889,5084971,-7144914,597655,1315676,2838127,缩量,低,情绪退潮,进场,资金观望型,资金+业绩共振(双击候选),B,关注：资金+业绩共振,72.9
603848,好太太,13.13,-72.8,0.36,-6.5,-2.13,-2598158,-15112050,-20538567,484666,0,-339545,缩量,低,情绪退潮,观望,资金撤退型,,D,回避：资金撤退,-0.7
603713,密尔克卫,68.37,-76.3,3.4,-15.6,6.31,37493663,66262548,97175289,599606,-7800359,-2116341,缩量,中,主力惜售,进场,主力强攻型,资金+业绩共振(双击候选),B,关注：资金+业绩共振,86.1
603856,东宏股份,11.67,-81.5,0.58,-29.0,-0.63,-536267,6912584,-4353261,-1349689,502254,347613,缩量,低,情绪退潮,观望,资金观望型,,D,回避：资金观望,-0.2
603858,步长制药,14.6,-79.3,1.08,-11.7,-5.5,-11463875,13029702,-2227194,-3442013,-1242100,4031523,缩量,低,情绪退潮,观望,资金观望型,,D,回避：资金观望,-1.8
603727,博迈科,18.83,64.3,1.17,51.7,-0.09,-423186,10104433,9944303,17271794,18344257,-17441306,放量,低,游资情绪,抢筹,资金观望型,机构吸筹+盈利(关注),C,谨慎：资金流入未验证业绩,48.0
603860,中公高科,26.39,-63.7,0.53,-7.3,-0.38,-458520,415036,-2906462,-417301,0,1169844,缩量,低,情绪退潮,观望,资金观望型,,D,回避：资金观望,-0.1
603861,白云电器,10.92,-90.5,0.67,-14.5,-5.73,-12681066,-24206584,-45228759,3874532,919644,-2008459,缩量,低,情绪退潮,观望,资金撤退型,,D,回避：资金撤退,-1.9
603863,松炀资源,12.93,48.9,0.37,48.3,-3.06,-10332667,-11131987,-44704578,10323394,4329807,-17193896,缩量,低,情绪退潮,观望,资金撤退型,,D,回避：资金撤退,-1.0
603766,隆鑫通用,14.34,-86.7,0.99,8.1,12.63,103368628,53823220,65390388,279232,727155,7400166,缩量,高,主力控盘,控盘,资金观望型,控盘+盈利(稳健),B,关注：控盘稳健+盈利,72.2
603730,岱美股份,10.03,-27.5,0.66,-2.7,1.53,13535295,-22053650,-17323700,9413319,3669463,2838719,缩量,低,情绪退潮,进场,资金观望型,资金+业绩共振(双击候选),B,关注：资金+业绩共振,72.5
603868,飞科电器,31.04,-61.7,0.24,34.8,-2.82,-4561837,2346765,5650557,-518842,512325,2052784,缩量,低,情绪退潮,观望,资金观望型,,D,回避：资金观望,-0.9
603871,嘉友国际,11.96,-81.9,0.71,-31.3,-9.6,-36569822,-37674801,-109629202,1519094,-549142,281780,缩量,低,情绪退潮,观望,资金撤退型,,D,回避：资金撤退,-3.2
603876,鼎胜新材,17.36,-85.5,0.3,-15.9,-2.3,-28656835,-85164490,-386034456,-2488178,-1318847,-889869,缩量,低,情绪退潮,观望,资金撤退型,,D,回避：资金撤退,-0.8
603877,太平鸟,11.8,-69.4,1.0,-16.0,-1.46,-894476,-1943506,-2929041,160598,0,1400251,缩量,低,情绪退潮,观望,资金撤退型,,D,回避：资金撤退,-0.5
603759,海天股份,8.0,-51.0,0.64,59.6,0.94,1467023,11556688,-386497,414874,-722268,-122564,缩量,低,情绪退潮,进场,趋势转多型,资金+业绩共振(双击候选),B,关注：资金+业绩共振,72.3
603879,永悦科技,4.97,-67.6,1.09,-10.4,-5.05,-7616749,-22658752,-23847615,2041777,297682,-3615201,缩量,低,情绪退潮,观望,资金撤退型,,D,回避：资金撤退,-1.7
603880,南卫股份,8.43,-60.3,0.82,0.8,-3.65,-10403358,-48632730,-29470380,-4204636,-225773,3000261,缩量,低,情绪退潮,观望,资金观望型,,D,回避：资金观望,-1.2
603881,数据港,22.88,-92.9,0.51,-8.8,-8.25,-136375840,-61571062,-304469293,-17904766,-13794841,13054708,缩量,低,情绪退潮,观望,资金观望型,,D,回避：资金观望,-2.8
603882,金域医学,29.55,-43.4,1.6,66.1,-3.34,-48859818,-23230610,-44373911,6670757,4632604,1034984,缩量,低,情绪退潮,观望,资金观望型,,D,回避：资金观望,-1.1
603739,蔚蓝生物,14.04,99.7,0.79,-8.8,0.08,208892,-881937,-903297,30496172,31733298,-19285798,放量,低,游资情绪,抢筹,资金观望型,资金+业绩共振(双击候选),B,关注：资金+业绩共振,88.0
603768,常青股份,12.14,58.6,0.78,-5.4,1.98,3196803,2613059,-566261,3096362,-604824,-1746237,放量,低,游资情绪,进场,资金观望型,纯资金炒作(亏损风险),C,谨慎：纯资金炒作,20.7
603767,中马传动,15.05,98.3,0.27,177.6,6.49,78247618,78903570,66451074,5493862,-2113445,-7731662,放量,中,主力偏强放量,进场,趋势转多型,纯资金炒作(亏损风险),C,谨慎：纯资金炒作,30.2
603887,城地香江,8.24,-80.6,0.65,-46.5,-0.99,-4439546,-32555259,-228255142,-8737390,-5695521,12505941,缩量,低,情绪退潮,观望,资金撤退型,,D,回避：资金撤退,-0.3
603888,新华网,17.3,-17.2,0.68,38.5,-8.04,-130074108,-117817966,1690641,-22241272,-17382394,16768674,缩量,低,情绪退潮,观望,高位分歧型,,D,回避：资金观望,-2.7
603773,沃格光电,91.44,-4.4,0.84,118.5,1.69,310789947,772894822,1006675588,4623168,21864713,4967710,缩量,低,情绪退潮,进场,均衡流入型,纯资金炒作(亏损风险),C,谨慎：纯资金炒作,12.6
603890,春秋电子,14.95,-83.5,0.78,-52.9,-13.43,-195797719,-299908571,-587630470,6108654,6029160,4109431,缩量,低,情绪退潮,观望,资金撤退型,,D,回避：资金撤退,-4.5
603893,瑞芯微,212.37,-84.1,2.63,57.1,-8.47,-1334799718,-844112368,-1694217966,122246686,68865304,-85266516,缩量,低,情绪退潮,观望,资金观望型,,D,回避：资金观望,-2.8
603895,天永智能,25.88,-63.8,0.41,-34.5,0.14,169150,1915886,1205697,-28309,-512403,246656,缩量,低,情绪退潮,观望,趋势转多型,,D,回避：资金观望,0.0
603896,寿仙谷,14.8,-82.8,1.21,3.3,-4.3,-3907719,-2177205,-3983344,-438714,0,1181397,缩量,低,情绪退潮,观望,资金观望型,,D,回避：资金观望,-1.4
603897,长城科技,28.98,-83.8,0.4,-40.4,-3.38,-22115878,-35480579,-130147756,-905255,-1359184,2549734,缩量,低,情绪退潮,观望,资金撤退型,,D,回避：资金撤退,-1.1
603790,雅运股份,25.27,-75.5,1.07,2.5,0.11,353570,-7911236,-6151832,3236602,5375883,-3083349,缩量,低,情绪退潮,吸筹,资金观望型,资金+业绩共振(双击候选),B,关注：资金+业绩共振,64.0
603839,安正时尚,6.78,-72.0,0.82,-41.2,-0.43,-497194,1690869,-8129053,518817,518817,-341023,缩量,低,情绪退潮,吸筹,资金观望型,纯资金炒作(亏损风险),C,谨慎：纯资金炒作,3.9
603900,莱绅通灵,6.22,-62.3,0.51,-57.4,-4.6,-15656004,19853740,107938341,-2220885,-633984,2510088,缩量,低,情绪退潮,观望,高位分歧型,,D,回避：资金观望,-1.5
603799,华友钴业,34.85,-75.5,0.46,-18.9,-9.32,-459639629,-679444039,-1558506279,75252412,58179597,-53345546,缩量,低,情绪退潮,吸筹,资金撤退型,机构吸筹+盈利(关注),C,谨慎：资金流入未验证业绩,20.9
603903,中持股份,13.93,-74.8,1.33,36.5,2.99,31445314,637477,37978359,-3310839,-2050378,3516400,缩量,低,情绪退潮,观望,资金观望型,,D,回避：资金观望,1.0
603819,神力股份,16.22,-52.3,0.56,5.8,7.4,50019086,67593650,40051765,-7787883,-3364348,4270311,缩量,中,主力惜售,进场,短线抢筹型,资金+业绩共振(双击候选),B,关注：资金+业绩共振,86.5
603908,牧高笛,19.45,-63.9,0.46,21.2,-1.78,-2050461,-628903,-5628823,-269348,0,-460194,缩量,低,情绪退潮,观望,资金观望型,,D,回避：资金观望,-0.6
603909,建发合诚,10.02,40.1,0.4,72.5,4.81,12422655,11777249,4560132,-2541139,-443371,4543091,缩量,低,情绪退潮,观望,资金观望型,,D,回避：资金观望,1.6
603912,佳力图,8.96,-67.8,0.44,-17.9,2.08,20065834,6300619,-42302144,-1412004,-5577646,-2686873,缩量,低,情绪退潮,观望,资金观望型,,D,回避：资金观望,0.7
603915,国茂股份,13.24,-67.5,0.39,-7.3,-5.18,-14158646,-17692719,-55347569,1117503,-718257,258984,缩量,低,情绪退潮,观望,资金撤退型,,D,回避：资金撤退,-1.7
603916,苏博特,10.38,-90.9,0.46,-54.4,-5.92,-10725526,-14780550,-62729598,-142629,8441,186467,缩量,低,情绪退潮,观望,资金撤退型,,D,回避：资金撤退,-2.0
603818,曲美家居,4.05,-66.0,1.1,36.3,4.54,20970221,-3153389,-67639283,1488405,-1124533,-1908417,缩量,低,情绪退潮,进场,资金观望型,纯资金炒作(亏损风险),C,谨慎：纯资金炒作,13.5
603918,金桥信息,10.36,-88.1,1.91,13.1,-3.44,-13172129,7158674,-66395925,-2531185,1103804,1892580,缩量,低,情绪退潮,观望,资金观望型,,D,回避：资金观望,-1.1
603919,金徽酒,16.21,-82.8,1.51,-32.7,-4.02,-12632993,-5095694,-32078147,16503,-607669,-1215774,缩量,低,情绪退潮,观望,资金观望型,,D,回避：资金观望,-1.3
603920,世运电路,44.97,-37.7,0.39,25.0,-0.79,-56225263,128079391,897680312,18226210,11998560,-23791642,缩量,低,情绪退潮,观望,高位分歧型,,D,回避：资金观望,-0.3
603926,铁流股份,16.9,-81.2,0.31,-52.8,-3.76,-7116377,3864745,64363043,275838,516259,820161,缩量,低,情绪退潮,观望,高位分歧型,,D,回避：资金观望,-1.3
603927,中科软,13.57,-83.7,0.82,-22.4,-4.42,-12609307,-12559763,-68952352,1089479,1677423,607558,缩量,低,情绪退潮,观望,资金观望型,,D,回避：资金观望,-1.5
603816,顾家家居,22.56,-76.4,0.66,-7.9,1.18,6979987,26027911,23280224,1355840,-342019,1259832,缩量,低,情绪退潮,进场,趋势转多型,资金+业绩共振(双击候选),B,关注：资金+业绩共振,72.4
603929,亚翔集成,139.8,-92.7,1.18,-7.5,-3.37,-52451412,50892069,26322181,-11179302,-8572767,7496316,缩量,低,情绪退潮,观望,资金观望型,,D,回避：资金观望,-1.1
603931,格林达,33.16,-88.3,0.83,13.9,-1.14,-5883941,-10245993,-56040778,1195064,429506,-4205633,缩量,低,情绪退潮,观望,资金撤退型,,D,回避：资金撤退,-0.4
603933,睿能科技,18.49,-89.1,0.27,21.2,2.51,5351839,5197588,-3836450,-764092,-559564,139745,缩量,低,情绪退潮,观望,资金观望型,,D,回避：资金观望,0.8
603936,博敏电子,19.69,-51.4,0.56,-17.2,-3.36,-157339840,-791395109,-120134511,-49404410,-31377983,62554246,缩量,低,情绪退潮,观望,长线吸筹型,,D,回避：资金观望,-1.1
603937,丽岛新材,12.52,-10.7,0.13,234.4,0.75,7643788,4281649,-1295199,-2005369,-2141850,9019025,缩量,低,情绪退潮,观望,资金观望型,,D,回避：资金观望,0.2
603938,三孚股份,43.49,-75.2,0.95,-9.7,-4.22,-182701740,-280158824,236723004,7235021,2534973,-3040922,缩量,低,情绪退潮,观望,长线吸筹型,,D,回避：资金观望,-1.4
603939,XD益丰药,23.21,-47.2,0.85,-18.5,2.33,16841617,16618911,45026219,-3765655,-1529843,-1194832,缩量,低,情绪退潮,观望,资金观望型,,D,回避：资金观望,0.8
603855,华荣股份,16.85,-68.1,0.39,-40.8,8.71,7727983,13218294,20110203,-1727726,-925699,1610904,缩量,中,主力惜售,进场,主力强攻型,资金+业绩共振(双击候选),B,关注：资金+业绩共振,86.9
603949,雪龙集团,19.16,488.2,1.0,206.4,4.02,37808821,35066543,21422051,-28300518,-20817688,27379722,放量,低,游资情绪,观望,资金观望型,,D,回避：资金观望,9.3
603859,能科科技,37.83,-87.1,1.37,-8.0,5.27,43833221,45941825,32559296,-3265693,-3040559,7191506,缩量,中,主力惜售,进场,趋势转多型,资金+业绩共振(双击候选),B,关注：资金+业绩共振,85.8
603866,桃李面包,4.16,-66.3,1.09,-4.6,0.26,653080,-9534624,907229,275573,-512493,3243118,缩量,低,情绪退潮,进场,资金观望型,资金+业绩共振(双击候选),B,关注：资金+业绩共振,72.1
603956,威派格,6.9,-73.1,5.02,38.4,-4.11,-19713486,16684358,39226847,-7754081,-9201160,3799654,缩量,低,情绪退潮,观望,资金观望型,,D,回避：资金观望,-1.4
603883,老百姓,13.05,-88.2,1.92,-40.7,6.31,27717656,12241135,-22870269,-454152,0,2146979,缩量,中,主力惜售,进场,资金观望型,资金+业绩共振(双击候选),B,关注：资金+业绩共振,86.1
603960,克来机电,17.01,-35.8,0.27,147.4,-3.77,-27838970,62665066,65243470,-5825688,-7780682,5118226,缩量,低,情绪退潮,观望,资金观望型,,D,回避：资金观望,-1.3
603966,法兰泰克,7.31,-90.5,0.33,-15.5,0.46,879480,-5758853,-42975448,-231093,0,838015,缩量,低,情绪退潮,观望,资金观望型,,D,回避：资金观望,0.2
603867,新化股份,34.64,-54.9,0.66,31.4,0.39,5511323,51200858,93507872,209293,-3103140,-3808423,缩量,低,情绪退潮,进场,均衡流入型,资金+业绩共振(双击候选),B,关注：资金+业绩共振,72.1
603878,武进不锈,4.9,-80.9,0.35,-33.2,3.29,5939816,8116752,7454020,912964,555616,-891848,缩量,低,情绪退潮,进场,趋势转多型,资金+业绩共振(双击候选),B,关注：资金+业绩共振,73.1
603969,银龙股份,7.22,-92.1,0.69,-45.9,-6.45,-13472689,-21694960,-65356803,502499,327519,-344069,缩量,低,情绪退潮,观望,资金撤退型,,D,回避：资金撤退,-2.1
603885,吉祥航空,9.75,-88.8,0.63,-15.0,6.73,38295236,54597078,107189747,627566,-416287,-532776,缩量,中,主力惜售,进场,主力建仓型,资金+业绩共振(双击候选),B,关注：资金+业绩共振,86.2
603976,正川股份,29.81,-79.6,3.03,-50.5,-0.1,-542592,14131842,-41561534,2628639,1339920,854760,缩量,低,情绪退潮,观望,资金观望型,,D,回避：资金观望,-0.0
603977,国泰集团,10.65,-90.3,0.54,-48.9,-15.76,-30713801,-53597678,-41800730,-1375010,649803,2641570,缩量,低,情绪退潮,观望,资金观望型,,D,回避：资金观望,-5.3
603978,深圳新星,26.0,27.5,0.25,14.7,3.74,77261587,246486051,450113136,-33019725,-32749212,34695133,缩量,低,情绪退潮,观望,主力建仓型,,D,回避：资金观望,1.2
603979,金诚信,72.72,-86.5,0.97,-50.6,-1.17,-13466714,-48442965,-36625958,2526931,-8766620,-3521136,缩量,低,情绪退潮,观望,资金观望型,,D,回避：资金观望,-0.4
603980,吉华集团,8.96,24.6,2.2,-24.9,-1.83,-37481798,-36751301,118155945,4019398,2565734,-29368324,缩量,低,情绪退潮,观望,长线吸筹型,,D,回避：资金观望,-0.6
603886,元祖股份,12.96,-22.1,0.72,-5.7,2.74,8856510,1470002,-31568734,2308488,1682221,-4828312,缩量,低,情绪退潮,进场,资金观望型,资金+业绩共振(双击候选),B,关注：资金+业绩共振,72.9
603889,新澳股份,5.98,-80.3,0.45,-26.6,3.57,6038013,11693018,-9430053,1147623,514800,-2109943,缩量,低,情绪退潮,进场,趋势转多型,资金+业绩共振(双击候选),B,关注：资金+业绩共振,73.2
603985,恒润股份,16.74,-78.2,0.19,-3.3,1.0,6431704,8920384,-20413913,-1446963,3714521,3010837,缩量,低,情绪退潮,观望,趋势转多型,,D,回避：资金观望,0.3
603986,兆易创新,353.29,-85.0,1.69,4.7,-3.58,-1492643193,-34530370,-7439356794,-782669914,-637319324,688076016,缩量,低,情绪退潮,观望,资金观望型,,D,回避：资金观望,-1.2
603987,康德莱,7.57,-64.8,0.66,16.4,-6.23,-7338916,-5594189,-6865820,-427606,-1104458,99759,缩量,低,情绪退潮,观望,资金观望型,,D,回避：资金观望,-2.1
603988,中电电机,17.13,-93.5,1.53,-29.1,-4.83,-9820280,-17686661,-27818743,-2624070,-1696883,1039917,缩量,低,情绪退潮,观望,资金撤退型,,D,回避：资金撤退,-1.6
603989,艾华集团,27.55,-84.3,3.54,-41.2,-9.65,-233142448,-417323305,-33322399,-8406120,-5095740,22431318,缩量,低,情绪退潮,观望,长线吸筹型,,D,回避：资金观望,-3.2
603990,麦迪科技,18.76,-91.2,1.83,5.6,-12.52,-127708219,-95781747,-159679542,-8339208,-3487468,3482300,缩量,低,情绪退潮,观望,资金观望型,,D,回避：资金观望,-4.2
603991,领先股份,166.81,-74.4,1.83,-10.5,3.81,129471706,-55470021,-53495823,-4800167,-8449369,-922777,缩量,低,情绪退潮,观望,资金观望型,,D,回避：资金观望,1.3
603898,好莱客,11.56,-84.1,0.95,-6.2,0.97,2076349,-1425610,-9173571,802389,333406,-1187709,缩量,低,情绪退潮,进场,资金观望型,资金+业绩共振(双击候选),B,关注：资金+业绩共振,72.3
603993,洛阳钼业,16.74,-90.5,0.88,-30.5,-8.72,-763002222,-1623347655,-3495378433,-12053103,-14803289,30818595,缩量,低,情绪退潮,观望,资金撤退型,,D,回避：资金撤退,-2.9
603995,甬金股份,25.58,-83.2,1.51,-13.3,-8.25,-28437616,-14099992,-51873426,306574,-1513973,-1811881,缩量,低,情绪退潮,观望,资金观望型,,D,回避：资金观望,-2.8
603997,继峰股份,13.71,-71.1,0.67,58.5,-9.01,-132464236,-174727984,-85673455,2543203,1797141,1564182,缩量,低,情绪退潮,观望,资金观望型,,D,回避：资金观望,-3.0
603998,方盛制药,10.39,-77.5,1.41,-22.4,-4.18,-13208119,-3811759,-102060474,-4893578,-509110,7739571,缩量,低,情绪退潮,观望,资金观望型,,D,回避：资金观望,-1.4
603901,永创智能,9.33,-80.5,0.38,-51.1,0.76,1892145,7733311,9824501,394856,526218,1994896,缩量,低,情绪退潮,进场,均衡流入型,资金+业绩共振(双击候选),B,关注：资金+业绩共振,72.3
605001,威奥股份,5.78,-77.6,0.67,-59.7,1.73,1559500,-593306,17127498,-969218,-637728,792378,缩量,低,情绪退潮,观望,长线吸筹型,,D,回避：资金观望,0.6
603899,晨光股份,22.13,-81.0,0.91,-55.9,2.73,6063975,12517040,-12430762,496033,519350,1615716,缩量,低,情绪退潮,进场,趋势转多型,资金+业绩共振(双击候选),B,关注：资金+业绩共振,72.9
605005,合兴股份,16.01,-83.0,0.27,-24.6,-5.86,-2950434,-412086,-12303868,-701822,-701822,307497,缩量,低,情绪退潮,观望,资金观望型,,D,回避：资金观望,-2.0
605006,山东玻纤,14.56,-80.0,0.89,-39.9,-4.53,-101820089,-168396615,410631470,-8780028,-3579063,16089236,缩量,低,情绪退潮,观望,长线吸筹型,,D,回避：资金观望,-1.5
605007,五洲特纸,14.48,-78.5,1.05,-25.2,1.77,3652892,1182277,-3947634,-552204,-599649,-625482,缩量,低,情绪退潮,观望,资金观望型,,D,回避：资金观望,0.6
605008,长鸿高科,14.03,-52.7,1.31,-7.0,0.57,1730577,-2078848,-14531957,-1582138,-4977284,607600,缩量,低,情绪退潮,观望,资金观望型,,D,回避：资金观望,0.2
605009,豪悦护理,25.51,-34.0,0.87,6.0,-1.85,-2391754,-7023611,-18434304,-2488831,-2390812,525995,缩量,低,情绪退潮,观望,资金撤退型,,D,回避：资金撤退,-0.6
603928,兴业股份,13.07,-77.0,6.68,27.1,-1.03,-5431848,-1697302,-6171813,57106990,64497405,-37749110,缩量,低,情绪退潮,吸筹,资金观望型,机构吸筹+盈利(关注),C,谨慎：资金流入未验证业绩,23.7
603948,建业股份,21.36,-11.3,0.78,26.7,-4.07,-5707153,-8606223,-8918593,13274968,13811113,-8023205,缩量,低,情绪退潮,吸筹,资金撤退型,机构吸筹+盈利(关注),C,谨慎：资金流入未验证业绩,22.6
605018,长华集团,11.67,-36.2,0.88,191.3,-0.75,-4230949,4762996,-5353724,-756014,-2068182,-234234,缩量,低,情绪退潮,观望,资金观望型,,D,回避：资金观望,-0.2
605020,永和股份,30.36,-91.0,1.6,-30.0,-0.47,-3821124,-25855084,-89960947,-1299692,-3656422,1535722,缩量,低,情绪退潮,观望,资金撤退型,,D,回避：资金撤退,-0.2
603917,合力科技,13.97,-82.3,0.46,18.4,0.11,196622,19863043,15075790,463626,0,-2121647,缩量,低,情绪退潮,进场,趋势转多型,资金+业绩共振(双击候选),B,关注：资金+业绩共振,72.0
603906,龙蟠科技,19.04,-9.7,0.27,-20.4,-2.27,-27652474,-43819637,-139336199,171147415,173481460,-106159052,缩量,低,情绪退潮,吸筹,资金撤退型,纯资金炒作(亏损风险),C,谨慎：纯资金炒作,3.2
605050,福然德,10.05,-86.0,0.49,-36.5,-5.96,-2830944,-6342439,-26059012,-815404,-600000,817914,缩量,低,情绪退潮,观望,资金撤退型,,D,回避：资金撤退,-2.0
605055,迎丰股份,8.76,-78.1,0.23,-21.1,-2.66,-3677779,-9659789,-33142387,369079,0,-2214,缩量,低,情绪退潮,观望,资金撤退型,,D,回避：资金撤退,-0.9
603950,长源东谷,52.11,-91.1,0.71,-47.0,-7.51,-68524710,-102415,-36166273,3398383,5166211,-2022131,缩量,低,情绪退潮,吸筹,资金观望型,机构吸筹+盈利(关注),C,谨慎：资金流入未验证业绩,21.5
605058,澳弘电子,53.64,945.6,0.41,374.0,3.93,188610487,-20326198,132202545,-21455635,-9404544,33841787,放量,低,游资情绪,观望,资金观望型,,D,回避：资金观望,9.3
603955,大千生态,25.0,-38.8,0.59,13.9,4.03,15282686,26975431,22272838,3733314,2704623,-432441,缩量,低,情绪退潮,吸筹,趋势转多型,纯资金炒作(亏损风险),C,谨慎：纯资金炒作,5.3
605066,天正电气,6.7,-88.0,0.5,-0.1,-5.2,-5687944,-12797872,-38200788,-321493,0,667878,缩量,低,情绪退潮,观望,资金撤退型,,D,回避：资金撤退,-1.7
605068,明新旭腾,20.21,-78.7,1.08,-42.4,1.86,7810637,37203363,91069041,-198489,1029418,5863756,缩量,低,情绪退潮,观望,均衡流入型,,D,回避：资金观望,0.6
603958,哈森股份,18.33,-30.8,0.3,-43.8,1.22,10917193,85421820,-9462069,417790,-615203,2826801,缩量,低,情绪退潮,进场,趋势转多型,纯资金炒作(亏损风险),C,谨慎：纯资金炒作,12.4
605077,华康股份,11.42,-40.6,0.14,-51.9,-1.32,-5996365,-47110129,9436599,-3323587,8811,4411160,缩量,低,情绪退潮,观望,长线吸筹型,,D,回避：资金观望,-0.4
605080,浙江自然,22.89,-67.2,0.36,-38.8,2.19,3713932,-3771873,12606542,-1421643,-1061260,466778,缩量,低,情绪退潮,观望,资金观望型,,D,回避：资金观望,0.7
605086,龙高股份,23.54,-27.7,0.3,-25.0,-3.07,-3323347,-6741580,-30290854,325263,508012,-2139054,缩量,低,情绪退潮,观望,资金撤退型,,D,回避：资金撤退,-1.0
603967,中创物流,11.92,-58.5,0.3,-18.3,1.32,1381331,2080330,370227,797867,0,-725056,缩量,低,情绪退潮,进场,趋势转多型,资金+业绩共振(双击候选),B,关注：资金+业绩共振,72.4
605089,味知香,21.8,-60.9,0.47,-25.1,-1.95,-3488846,-4113270,1214394,-1075697,0,-1413263,缩量,低,情绪退潮,观望,资金观望型,,D,回避：资金观望,-0.7
605090,九丰能源,31.33,-84.9,0.56,-28.7,-7.2,-60545579,-75648093,-199716523,9396951,4759900,12178599,缩量,低,情绪退潮,观望,资金撤退型,,D,回避：资金撤退,-2.4
605098,行动教育,52.8,-87.5,0.68,-23.7,1.54,2233947,-3634498,-2702772,-313398,-1586100,1189333,缩量,低,情绪退潮,观望,资金观望型,,D,回避：资金观望,0.5
605099,共创草坪,27.8,-91.4,0.14,-46.3,-5.33,-5334009,-6691149,-11365329,-768129,0,-114333,缩量,低,情绪退潮,观望,资金撤退型,,D,回避：资金撤退,-1.8
603970,中农立华,11.9,292.8,0.69,56.3,-0.1,-726585,-1115707,929543,3226192,2379026,-4650343,放量,低,游资情绪,抢筹,资金观望型,机构吸筹+盈利(关注),C,谨慎：资金流入未验证业绩,48.0
605108,同庆楼,12.09,-80.1,0.73,-45.1,-3.69,-4275424,-7875611,-18134095,-780422,0,637415,缩量,低,情绪退潮,观望,资金撤退型,,D,回避：资金撤退,-1.2
605111,新洁能,54.59,-87.7,1.1,89.0,-2.74,-90217771,28209218,-210087873,-9764654,-10358414,13647426,缩量,低,情绪退潮,观望,资金观望型,,D,回避：资金观望,-0.9
605116,奥锐特,20.05,-63.0,0.92,2.4,-2.33,-3288703,-7063322,-17269412,1199807,1120444,1635318,缩量,低,情绪退潮,观望,资金撤退型,,D,回避：资金撤退,-0.8
605117,德业股份,77.26,-87.5,0.66,-5.3,-4.37,-237600054,-413868029,-468528110,-10937092,-5083139,19410911,缩量,低,情绪退潮,观望,资金撤退型,,D,回避：资金撤退,-1.5
603982,泉峰汽车,7.13,357.9,0.4,21.3,0.76,1932663,21235,5103400,36630866,36770359,-23802391,放量,低,游资情绪,抢筹,资金观望型,纯资金炒作(亏损风险),C,谨慎：纯资金炒作,28.3
605122,四方新材,12.22,-53.1,0.31,21.5,-3.68,-6681226,-6713459,-6107724,-259697,0,2190293,缩量,低,情绪退潮,观望,资金观望型,,D,回避：资金观望,-1.2
605123,派克新材,77.16,-92.3,0.28,-23.1,-2.87,-10802122,-29825465,-66848693,-231383,0,930343,缩量,低,情绪退潮,观望,资金撤退型,,D,回避：资金撤退,-1.0
603968,醋化股份,11.35,353.5,0.39,149.3,3.75,20685566,18013509,8792187,2189074,340085,-8834453,放量,低,游资情绪,进场,资金观望型,纯资金炒作(亏损风险),C,谨慎：纯资金炒作,21.2
605133,嵘泰股份,24.66,-83.2,0.49,16.5,3.24,16986965,-21512391,-106856296,-2604013,-2362096,-569958,缩量,低,情绪退潮,观望,资金观望型,,D,回避：资金观望,1.1
605136,丽人丽妆,8.67,38.2,0.97,15.6,2.57,17146901,11655848,-1059971,-8981148,-8179293,-802202,缩量,低,情绪退潮,观望,资金观望型,,D,回避：资金观望,0.9
603983,丸美生物,31.44,-75.3,2.89,-41.8,1.7,8970548,-3217583,16941929,1331979,-2044562,-2737335,缩量,低,情绪退潮,进场,资金观望型,资金+业绩共振(双击候选),B,关注：资金+业绩共振,72.6
603992,松霖科技,19.45,-86.0,0.64,-31.8,2.09,4014651,1262276,-23546359,565147,509784,881810,缩量,低,情绪退潮,进场,资金观望型,资金+业绩共振(双击候选),B,关注：资金+业绩共振,72.7
603999,XD读者传,6.83,237.4,0.68,-20.5,-1.72,-11906871,-49462199,-35374359,4246637,4689251,-6156132,放量,低,游资情绪,抢筹,资金观望型,机构吸筹+盈利(关注),C,谨慎：资金流入未验证业绩,47.4
605003,众望布艺,24.33,-58.9,0.37,-22.5,2.75,3719192,3837286,315973,72982,-203184,382432,缩量,低,情绪退潮,进场,趋势转多型,资金+业绩共振(双击候选),B,关注：资金+业绩共振,72.9
605162,新中港,11.33,-7.9,1.18,8.1,-2.05,-39812288,196814887,237899884,-8787629,-5447303,19001920,缩量,低,情绪退潮,观望,资金观望型,,D,回避：资金观望,-0.7
605166,聚合顺,8.44,-65.7,0.41,-27.5,-3.31,-4303103,-520167,-17541216,34841,0,-1188781,缩量,低,情绪退潮,观望,资金观望型,,D,回避：资金观望,-1.1
605167,利柏特,15.52,-81.5,1.13,-54.1,-5.98,-20136533,-47516190,-23101781,27910,2571059,-3597243,缩量,低,情绪退潮,观望,长线吸筹型,,D,回避：资金观望,-2.0
605168,三人行,49.55,-74.7,0.24,-31.0,-5.05,-57123951,-72426087,121256427,4760915,-1431853,2977040,缩量,低,情绪退潮,观望,长线吸筹型,,D,回避：资金观望,-1.7
605011,杭州热电,19.21,20.4,0.77,-17.3,-2.28,-15518761,-80588351,10081377,65757996,63870291,-40752007,缩量,低,情绪退潮,吸筹,长线吸筹型,机构吸筹+盈利(关注),C,谨慎：资金流入未验证业绩,23.2
605016,百龙创园,20.94,-92.4,0.64,-56.4,1.98,5426135,-2178837,-11249955,428373,0,-31930,缩量,低,情绪退潮,进场,资金观望型,资金+业绩共振(双击候选),B,关注：资金+业绩共振,72.7
605056,咸亨国际,13.61,-76.7,0.43,97.7,4.77,23674407,25968694,23766783,1475107,670417,-2008447,缩量,低,情绪退潮,进场,趋势转多型,资金+业绩共振(双击候选),B,关注：资金+业绩共振,73.6
605179,一鸣食品,23.24,-74.6,9.13,13.2,0.54,15162159,-77974731,-121440773,-3242049,-4600635,8802921,缩量,低,情绪退潮,观望,资金观望型,,D,回避：资金观望,0.2
605028,世茂能源,24.28,-85.2,1.23,1.7,3.71,7183939,6847033,9420244,1717776,1271419,-1422860,缩量,低,情绪退潮,进场,资金观望型,资金+业绩共振(双击候选),B,关注：资金+业绩共振,73.2
605069,正和生态,11.81,46.4,0.44,168.4,8.16,71392079,94944961,119350066,1379630,-430004,-6287167,缩量,中,主力惜售,进场,主力建仓型,纯资金炒作(亏损风险),C,谨慎：纯资金炒作,26.7
605186,健麾信息,24.85,-90.8,1.52,20.1,1.3,2602334,-994404,-12706309,-268428,0,-17729,缩量,低,情绪退潮,观望,资金观望型,,D,回避：资金观望,0.4
605188,国光连锁,12.37,-72.6,1.01,-66.4,-8.57,-35618966,8561691,121560142,-1111334,-165954,4735069,缩量,低,情绪退潮,观望,高位分歧型,,D,回避：资金观望,-2.9
605189,富春染织,13.7,-95.0,1.37,-18.3,-1.7,-6430054,-7896620,-67246544,315744,583000,2262329,缩量,低,情绪退潮,观望,资金撤退型,,D,回避：资金撤退,-0.6
605196,华通线缆,33.33,-88.9,1.33,22.9,-1.03,-19995055,-14851762,-45047028,1251371,2790786,-5186044,缩量,低,情绪退潮,观望,资金观望型,,D,回避：资金观望,-0.3
605198,安德利,64.92,-6.8,1.88,38.4,-2.95,-60108746,-193356966,64333551,27903299,18860951,-29111505,缩量,低,情绪退潮,观望,长线吸筹型,,D,回避：资金观望,-1.0
605208,永茂泰,14.54,-89.8,1.68,-7.1,-2.12,-9024945,-27475764,-46791563,-184404,663491,668429,缩量,低,情绪退潮,观望,资金撤退型,,D,回避：资金撤退,-0.7
605218,伟时电子,14.05,-40.5,0.34,70.7,1.89,12999102,6100243,1074704,-16891,-565867,1871458,缩量,低,情绪退潮,观望,资金观望型,,D,回避：资金观望,0.6
605222,起帆电缆,22.34,-72.3,0.16,-49.4,-2.44,-10572467,-19169583,9757763,3254102,2027446,2461445,缩量,低,情绪退潮,观望,资金观望型,,D,回避：资金观望,-0.8
605138,盛泰集团,6.15,-77.7,0.29,-43.0,2.16,1809912,3226511,-10149094,256628,0,460934,缩量,低,情绪退潮,进场,趋势转多型,资金+业绩共振(双击候选),B,关注：资金+业绩共振,72.7
605255,天普股份,58.06,-74.5,0.5,-5.1,-9.02,-14842534,-18523435,-36322402,480717,1188989,-2348049,缩量,低,情绪退潮,观望,资金撤退型,,D,回避：资金撤退,-3.0
605258,协和电子,39.78,339.5,0.3,119.7,3.08,60635505,51893257,138141796,-8355135,-1476921,-3400101,放量,低,游资情绪,观望,资金观望型,,D,回避：资金观望,9.0
605033,美邦股份,19.75,-75.0,0.85,-44.4,0.27,411308,-385879,-32343309,2445657,989972,-764395,缩量,低,情绪退潮,吸筹,资金观望型,资金+业绩共振(双击候选),B,关注：资金+业绩共振,64.1
605266,健之佳,16.02,-85.3,0.78,-17.5,-2.12,-1726111,-2368607,-2540354,0,0,994235,缩量,低,情绪退潮,观望,资金撤退型,,D,回避：资金撤退,-0.7
605060,联德股份,37.65,-87.9,0.31,-5.1,-0.95,-4524786,9949166,-43065835,732941,677824,-444902,缩量,低,情绪退潮,吸筹,资金观望型,机构吸筹+盈利(关注),C,谨慎：资金流入未验证业绩,23.7
605277,新亚电子,16.87,-52.5,0.64,-60.3,-7.94,-46195963,-115803648,-58799099,1886282,3415814,4312221,缩量,低,情绪退潮,观望,长线吸筹型,,D,回避：资金观望,-2.6
605286,同力天启,24.38,-90.2,0.86,-45.2,-3.14,-6411938,1392340,-44198279,-360356,0,898856,缩量,低,情绪退潮,观望,资金观望型,,D,回避：资金观望,-1.0
605287,德才股份,35.67,-22.6,0.3,-35.2,-0.46,-2034571,-18879228,-23922564,9075953,5940738,-7816649,缩量,低,情绪退潮,观望,资金撤退型,,D,回避：资金撤退,-0.2
605088,冠盛股份,23.44,-26.3,0.73,16.5,5.74,98312291,177619569,297681496,-7757607,-5533890,3897582,缩量,中,主力惜售,进场,主力强攻型,资金+业绩共振(双击候选),B,关注：资金+业绩共振,85.9
605118,力鼎光电,32.4,-45.9,0.51,-50.9,2.81,18395703,9277222,134732685,2985651,4123109,2822589,缩量,低,情绪退潮,进场,资金观望型,资金+业绩共振(双击候选),B,关注：资金+业绩共振,72.9
605296,神农集团,31.43,-77.0,0.98,-20.3,-2.82,-19608967,-13396742,-51441804,-326798,-341099,1588076,缩量,低,情绪退潮,观望,资金观望型,,D,回避：资金观望,-0.9
605298,必得科技,41.82,-89.5,0.49,-29.9,-4.29,-6081038,-7178327,-19629817,1029215,0,-284467,缩量,低,情绪退潮,观望,资金撤退型,,D,回避：资金撤退,-1.4
605299,舒华体育,12.29,-86.1,0.14,-64.8,-0.37,-1609248,-16344420,39192116,-2172560,-1054784,4113788,缩量,低,情绪退潮,观望,长线吸筹型,,D,回避：资金观望,-0.1
605300,佳禾食品,10.39,-65.7,0.95,-70.6,-2.96,-5117394,-3748678,46393177,-632058,0,776342,缩量,低,情绪退潮,观望,长线吸筹型,,D,回避：资金观望,-1.0
605100,华丰股份,35.76,0.0,0.95,46.3,1.59,11324823,49074966,15258462,17018955,9687749,-18450334,缩量,低,情绪退潮,进场,趋势转多型,资金+业绩共振(双击候选),B,关注：资金+业绩共振,72.5
605305,中际联合,30.26,-84.2,0.52,-17.7,-4.97,-16513398,-58966853,-67607449,-198419,1679974,87266,缩量,低,情绪退潮,观望,资金撤退型,,D,回避：资金撤退,-1.7
605128,上海沿浦,23.57,-79.8,0.7,-14.0,4.97,22503523,-3254069,-27689432,1222888,1104702,-582181,缩量,低,情绪退潮,吸筹,资金观望型,资金+业绩共振(双击候选),B,关注：资金+业绩共振,65.7
605319,XD无锡振,22.28,-59.3,0.48,-40.0,-4.35,-15408350,-37421752,-77390794,-305013,-2171042,-488905,缩量,低,情绪退潮,观望,资金撤退型,,D,回避：资金撤退,-1.4
605333,沪光股份,16.58,-71.7,0.69,-39.1,1.48,2117177,-1716286,-11913522,-734810,-501000,1407521,缩量,低,情绪退潮,观望,资金观望型,,D,回避：资金观望,0.5
605337,李子园,9.09,-85.0,1.76,-43.4,-2.83,-2358979,-589058,-10356245,-273300,0,-25652,缩量,低,情绪退潮,观望,资金观望型,,D,回避：资金观望,-0.9
605151,西上海,18.55,-73.4,0.37,-39.7,0.45,411670,-3140465,3573511,146315,0,-601323,缩量,低,情绪退潮,进场,长线吸筹型,纯资金炒作(亏损风险),C,谨慎：纯资金炒作,12.2
605339,南侨食品,13.2,-83.5,1.22,-47.1,0.14,104209,-213827,-15935156,-300638,0,542017,缩量,低,情绪退潮,观望,资金观望型,,D,回避：资金观望,0.0
605155,西大门,14.28,-84.4,0.53,-24.2,2.58,2627782,-477458,-10061969,80891,0,88391,缩量,低,情绪退潮,进场,资金观望型,资金+业绩共振(双击候选),B,关注：资金+业绩共振,72.9
605365,立达信,14.59,-57.8,0.21,-56.4,-3.61,-13257560,-29947350,7696628,-1395669,-282362,3471388,缩量,低,情绪退潮,观望,长线吸筹型,,D,回避：资金观望,-1.2
605158,华达新材,7.62,-48.7,0.12,-22.7,1.9,2754117,-2670449,-57921341,247536,0,-165005,缩量,低,情绪退潮,进场,资金观望型,资金+业绩共振(双击候选),B,关注：资金+业绩共振,72.6
605368,蓝天燃气,6.65,-86.0,1.04,-41.0,-3.86,-2522962,-2130413,-7034752,-570511,0,537111,缩量,低,情绪退潮,观望,资金观望型,,D,回避：资金观望,-1.3
605369,拱东医疗,18.34,-53.6,0.2,-5.5,-1.81,-2719367,-1091771,1157630,449448,0,1623470,缩量,低,情绪退潮,观望,资金观望型,,D,回避：资金观望,-0.6
605376,博迁新材,115.58,-82.2,1.53,25.1,-0.24,-16640049,163212536,-222680696,-76710919,-42467466,86696010,缩量,低,情绪退潮,观望,资金观望型,,D,回避：资金观望,-0.1
605377,华旺科技,8.0,-87.5,0.91,-26.9,-4.31,-5682846,1405543,-7073640,-1081748,0,970563,缩量,低,情绪退潮,观望,资金观望型,,D,回避：资金观望,-1.4
605169,洪通燃气,13.14,-45.7,0.28,-30.9,-2.99,-5225070,-20981109,-43359631,641754,1538745,-1207946,缩量,低,情绪退潮,吸筹,资金撤退型,机构吸筹+盈利(关注),C,谨慎：资金流入未验证业绩,23.0
605177,东亚药业,24.48,52.9,0.6,-27.6,5.35,41423688,-39953159,109038155,-2944043,-4528486,8418472,放量,中,主力偏强放量,进场,资金观望型,纯资金炒作(亏损风险),C,谨慎：纯资金炒作,29.8
605389,长龄液压,62.1,-83.7,0.17,-16.9,-4.12,-7688017,-24119954,-44660623,865727,1347614,258698,缩量,低,情绪退潮,观望,资金撤退型,,D,回避：资金撤退,-1.4
605180,华生科技,13.99,-4.6,0.96,151.1,7.16,24292002,28728237,30687426,-2511637,-2420537,4923171,缩量,中,主力惜售,进场,均衡流入型,资金+业绩共振(双击候选),B,关注：资金+业绩共振,86.4
605399,晨光新材,11.8,-54.5,0.85,-5.9,1.83,4728576,5024151,4606866,-209605,-1256043,-4446682,缩量,低,情绪退潮,观望,趋势转多型,,D,回避：资金观望,0.6
605488,福莱新材,30.13,-34.3,0.63,11.2,1.01,14957404,-20677555,77083436,-2164349,-387084,-1277203,缩量,低,情绪退潮,观望,长线吸筹型,,D,回避：资金观望,0.3
605499,东鹏饮料,110.16,-94.8,1.08,-43.3,1.47,16185743,-16816518,-172097740,-3138062,-1346781,5597351,缩量,低,情绪退潮,观望,资金观望型,,D,回避：资金观望,0.5
605500,森林包装,7.43,-77.8,0.93,-16.1,-2.67,-2570999,-3555493,-1060790,-339836,0,257421,缩量,低,情绪退潮,观望,资金观望型,,D,回避：资金观望,-0.9
605507,国邦医药,18.23,-66.9,1.29,159.1,-0.71,-5442494,26183865,41301895,-3510926,-583578,8762134,缩量,低,情绪退潮,观望,资金观望型,,D,回避：资金观望,-0.2
605555,德昌股份,12.71,-51.2,0.38,59.2,-1.68,-5830945,-15357633,-29718218,-3299728,-798312,5318884,缩量,低,情绪退潮,观望,资金撤退型,,D,回避：资金撤退,-0.6
605288,凯迪股份,71.83,14.9,0.97,-15.5,-1.79,-12892819,23162461,121369639,37679590,43833225,-17076854,缩量,低,情绪退潮,吸筹,高位分歧型,机构吸筹+盈利(关注),C,谨慎：资金流入未验证业绩,23.4
605567,春雪食品,9.66,-60.9,0.54,-50.1,-1.84,-2904817,502052,-7400581,-312404,-179490,577172,缩量,低,情绪退潮,观望,资金观望型,,D,回避：资金观望,-0.6
605289,罗曼股份,94.05,-85.2,0.61,-13.5,-1.21,-10224666,30604662,-57004906,3270851,3514031,-171605,缩量,低,情绪退潮,吸筹,资金观望型,机构吸筹+盈利(关注),C,谨慎：资金流入未验证业绩,23.6
605580,恒盛能源,21.16,-45.6,1.48,-38.2,-2.67,-27948829,-52114906,112173360,1137546,2378607,6553880,缩量,低,情绪退潮,观望,长线吸筹型,,D,回避：资金观望,-0.9
605183,XD确成股,16.54,-55.5,0.41,-27.0,0.63,743211,-1778093,1847949,-148618,1035256,-559129,缩量,低,情绪退潮,吸筹,资金观望型,资金+业绩共振(双击候选),B,关注：资金+业绩共振,64.2
605589,圣泉集团,36.01,-85.3,0.86,50.9,-3.46,-158390377,162397597,32772220,-18334611,-16793572,27254757,缩量,低,情绪退潮,观望,资金观望型,,D,回避：资金观望,-1.2
605259,绿田机械,17.31,-89.0,0.28,-15.6,5.8,2237995,-2570382,-4699939,0,0,-78544,缩量,中,主力惜售,进场,资金观望型,资金+业绩共振(双击候选),B,关注：资金+业绩共振,85.9
605599,菜百股份,13.33,-87.5,0.59,-40.1,-7.55,-21155395,-21716208,-54945669,-2822857,-664300,2225694,缩量,低,情绪退潮,观望,资金撤退型,,D,回避：资金撤退,-2.5
605178,时空科技,63.18,-83.4,1.33,34.0,8.91,127319133,86075525,64300735,3641180,3887495,-6033582,缩量,中,主力惜售,进场,资金观望型,纯资金炒作(亏损风险),C,谨慎：纯资金炒作,27.0
605228,神通科技,11.26,-87.4,0.57,22.5,1.36,2761167,11353759,15215891,334514,0,-817039,缩量,低,情绪退潮,进场,均衡流入型,资金+业绩共振(双击候选),B,关注：资金+业绩共振,72.5
605268,王力安防,10.03,-6.1,0.14,156.2,4.96,26467667,23994119,25625189,1110035,553676,2179579,缩量,低,情绪退潮,进场,资金观望型,资金+业绩共振(双击候选),B,关注：资金+业绩共振,73.7
605303,园林股份,28.66,-97.0,0.54,-46.4,-3.82,-8582210,5480320,51832220,3066620,3585366,-1246710,缩量,低,情绪退潮,吸筹,高位分歧型,纯资金炒作(亏损风险),C,谨慎：纯资金炒作,2.7
605338,巴比食品,17.69,-81.5,0.88,-19.9,4.33,5157777,5892772,8685221,302619,0,762698,缩量,低,情绪退潮,进场,均衡流入型,资金+业绩共振(双击候选),B,关注：资金+业绩共振,73.4
605358,立昂微,45.07,-76.8,0.97,142.6,4.93,508668626,793461860,609563062,18814324,29400802,26809339,缩量,低,情绪退潮,进场,趋势转多型,纯资金炒作(亏损风险),C,谨慎：纯资金炒作,13.6
605318,法狮龙,71.11,-86.2,0.49,7.5,3.29,11054998,-2286037,2112185,1674753,-357987,-867202,缩量,低,情绪退潮,进场,资金观望型,纯资金炒作(亏损风险),C,谨慎：纯资金炒作,13.1
605366,宏柏新材,10.06,84.7,0.59,206.0,6.15,205719431,240431870,261282202,16811154,17277090,-6821353,放量,中,主力偏强放量,吸筹,均衡流入型,纯资金炒作(亏损风险),C,谨慎：纯资金炒作,22.1
605378,野马电池,15.82,388.9,0.57,387.0,5.86,37140811,65081937,58751286,-5188974,-1614991,5050660,放量,中,主力偏强放量,进场,短线抢筹型,资金+业绩共振(双击候选),B,关注：资金+业绩共振,90.0
605388,均瑶健康,7.39,-30.6,0.82,6.2,12.82,48167314,39529565,32319207,21236495,21596388,-13249383,缩量,高,主力控盘,控盘,资金观望型,控盘+亏损(警惕),C,谨慎：控盘但亏损,28.3
605398,新炬网络,23.64,278.6,0.74,-29.9,5.47,45629771,56607488,40545595,25134005,23123872,-11265211,放量,中,主力偏强放量,抢筹,短线抢筹型,资金+业绩共振(双击候选),B,关注：资金+业绩共振,97.8
605588,冠石科技,44.8,-86.3,0.91,19.7,0.55,1348874,-3645628,-30305167,1116277,521536,-608936,缩量,低,情绪退潮,进场,资金观望型,纯资金炒作(亏损风险),C,谨慎：纯资金炒作,12.2
605566,福莱蒽特,32.17,-42.9,0.54,72.5,1.51,14645361,83754074,41697455,2709707,4116890,-3471220,缩量,低,情绪退潮,吸筹,趋势转多型,资金+业绩共振(双击候选),B,关注：资金+业绩共振,64.5
605598,上海港湾,23.84,-85.2,0.25,-20.5,2.44,5348200,5357262,-723913,837749,-103802,-945900,缩量,低,情绪退潮,进场,趋势转多型,资金+业绩共振(双击候选),B,关注：资金+业绩共振,72.8
605577,龙版传媒,16.28,348.5,0.34,33.5,0.56,11004749,-102888098,-130726320,80567734,94348238,-42714312,放量,低,游资情绪,抢筹,资金观望型,资金+业绩共振(双击候选),B,关注：资金+业绩共振,88.2
