date,code,open,vol,amt
2026-09-16,000001,11.800,1499,1768820
2026-09-16,000002,3.020,2421,731142
2026-09-16,000006,6.600,127,83820
2026-09-16,000007,10.900,35,38150
2026-09-16,000008,2.370,1304,309048
2026-09-16,000009,6.890,536,369304
2026-09-16,000011,8.370,1565,1309905
2026-09-16,000012,3.710,2344,869624
2026-09-16,000014,9.850,745,733825
2026-09-16,000017,7.250,7445,5397625
2026-09-16,000019,6.710,3224,2163304
2026-09-16,000020,12.400,1470,1822800
2026-09-16,000021,33.910,1565,5306915
2026-09-16,000025,14.510,152,220552
2026-09-16,000026,18.310,317,580427
2026-09-16,000027,6.350,401,254635
2026-09-16,000028,19.840,60,119040
2026-09-16,000029,21.150,36,76140
2026-09-16,000030,3.970,216,85752
2026-09-16,000031,2.120,746,158152
2026-09-16,000032,14.250,2774,3952950
2026-09-16,000034,23.170,832,1927744
2026-09-16,000035,4.840,729,352836
2026-09-16,000036,3.710,92,34132
2026-09-16,000037,9.700,6920,6712400
2026-09-16,000039,9.100,146,132696
2026-09-16,000042,8.080,209,168872
2026-09-16,000045,10.680,30,32040
2026-09-16,000048,20.050,234,469170
2026-09-16,000049,21.860,115,251390
2026-09-16,000050,6.380,499,318362
2026-09-16,000055,3.510,3136,1100736
2026-09-16,000058,6.900,180,124200
2026-09-16,000059,5.420,1270,688340
2026-09-16,000060,6.150,10887,6695505
2026-09-16,000061,5.870,1161,681507
2026-09-16,000062,22.300,273,608790
2026-09-16,000063,32.050,1421,4554305
2026-09-16,000065,9.510,535,508785
2026-09-16,000066,13.750,3259,4481125
2026-09-16,000068,3.220,949,305578
2026-09-16,000069,1.740,864,150336
2026-09-16,000070,16.650,2427,4040955
2026-09-16,000088,4.530,174,78822
2026-09-16,000089,6.470,94,60818
2026-09-16,000090,3.350,323,108205
2026-09-16,000096,7.970,87,69339
2026-09-16,000099,12.910,108,139428
2026-09-16,000100,4.720,10167,4798824
2026-09-16,000151,10.100,1520,1535200
2026-09-16,000153,6.000,95,57000
2026-09-16,000155,11.700,235,274950
2026-09-16,000156,6.890,238,163982
2026-09-16,000157,6.430,1269,815967
2026-09-16,000158,12.650,1961,2480665
2026-09-16,000159,5.420,108,58536
2026-09-16,000166,4.400,869,382360
2026-09-16,000301,13.750,636,874500
2026-09-16,000333,87.000,1392,12110400
2026-09-16,000338,26.050,1262,3287510
2026-09-16,000400,20.360,113,230068
2026-09-16,000401,3.470,252,87444
2026-09-16,000402,2.410,5148,1240668
2026-09-16,000403,10.000,90,90000
2026-09-16,000404,6.790,164,111356
2026-09-16,000407,4.240,538,228112
2026-09-16,000408,70.910,280,1985480
2026-09-16,000409,9.030,859,775677
2026-09-16,000410,4.890,512,250368
2026-09-16,000411,9.840,317,311928
2026-09-16,000415,4.490,646,290054
2026-09-16,000417,5.550,1122,622710
2026-09-16,000419,4.930,529,260797
2026-09-16,000420,3.490,916,319684
2026-09-16,000421,5.580,282,157356
2026-09-16,000422,11.800,968,1142240
2026-09-16,000423,46.300,219,1013970
2026-09-16,000425,7.780,3520,2738560
2026-09-16,000426,35.800,1205,4313900
2026-09-16,000428,4.160,9879,4109664
2026-09-16,000429,12.810,120,153720
2026-09-16,000430,6.540,4017,2627118
2026-09-16,000498,4.850,210,101850
2026-09-16,000501,7.020,440,308880
2026-09-16,000503,6.650,438,291270
2026-09-16,000504,8.320,172,143104
2026-09-16,000505,6.330,1396,883668
2026-09-16,000506,19.010,3070,5836070
2026-09-16,000507,5.060,132,66792
2026-09-16,000509,3.400,133,45217
2026-09-16,000510,17.690,1440,2547360
2026-09-16,000513,26.620,22,58564
2026-09-16,000514,4.020,218,87636
2026-09-16,000516,4.200,885,371700
2026-09-16,000517,1.980,2376,470446
2026-09-16,000518,3.770,902,340054
2026-09-16,000519,15.310,3969,6076539
2026-09-16,000520,4.020,1324,532248
2026-09-16,000521,4.340,650,282100
2026-09-16,000523,3.190,40360,12874840
2026-09-16,000524,8.730,164,143172
2026-09-16,000525,4.480,907,406336
2026-09-16,000526,34.880,18,62784
2026-09-16,000528,8.150,451,367565
2026-09-16,000529,4.810,322,154882
2026-09-16,000530,5.020,293,147086
2026-09-16,000531,5.760,307,176832
2026-09-16,000532,11.600,1737,2014920
2026-09-16,000533,11.140,3254,3624956
2026-09-16,000534,23.380,527,1232126
2026-09-16,000536,3.320,1377,457161
2026-09-16,000537,7.600,427,324520
2026-09-16,000538,50.690,66,334554
2026-09-16,000539,5.240,1851,969924
2026-09-16,000541,4.850,291,141135
2026-09-16,000543,7.520,593,445936
2026-09-16,000544,7.250,60,43500
2026-09-16,000545,2.130,3131,666903
2026-09-16,000546,4.460,515,229690
2026-09-16,000547,14.410,1730,2492930
2026-09-16,000548,4.440,113,50172
2026-09-16,000550,17.500,167,292250
2026-09-16,000551,11.990,65,77935
2026-09-16,000552,2.500,2369,592250
2026-09-16,000553,5.630,196,110348
2026-09-16,000554,6.670,4818,3213606
2026-09-16,000555,10.360,256,265216
2026-09-16,000557,3.700,2254,833980
2026-09-16,000558,3.540,639,226202
2026-09-16,000559,10.310,448,461888
2026-09-16,000560,2.600,23890,6211400
2026-09-16,000561,7.680,318,244224
2026-09-16,000563,2.950,1315,387925
2026-09-16,000564,1.480,27761,4108628
2026-09-16,000565,6.540,3473,2271342
2026-09-16,000566,4.510,1026,462726
2026-09-16,000567,5.760,916,527616
2026-09-16,000568,72.150,333,2402595
2026-09-16,000570,5.070,150,76050
2026-09-16,000571,5.900,1284,757560
2026-09-16,000572,4.010,74943,30052143
2026-09-16,000573,3.600,41,14760
2026-09-16,000576,8.050,701,564305
2026-09-16,000581,17.960,127,228092
2026-09-16,000582,11.200,8564,9591680
2026-09-16,000586,13.440,441,592704
2026-09-16,000589,4.240,733,310792
2026-09-16,000590,8.710,45,39195
2026-09-16,000591,4.340,1202,521668
2026-09-16,000592,8.000,25245,20196000
2026-09-16,000593,21.100,386,814460
2026-09-16,000595,5.360,834,447024
2026-09-16,000596,92.670,146,1352982
2026-09-16,000597,4.610,52,23972
2026-09-16,000598,7.070,678,479346
2026-09-16,000599,4.570,292,133444
2026-09-16,000600,7.340,198,145332
2026-09-16,000601,6.250,5838,3648750
2026-09-16,000603,33.400,1422,4749480
2026-09-16,000605,5.690,77,43813
2026-09-16,000607,3.720,832,309500
2026-09-16,000608,7.140,1803,1287342
2026-09-16,000612,10.800,7922,8555760
2026-09-16,000617,6.690,1858,1243002
2026-09-16,000619,4.830,208,100464
2026-09-16,000620,3.070,23569,7235680
2026-09-16,000623,17.380,182,316316
2026-09-16,000625,7.090,2492,1766828
2026-09-16,000626,8.720,778,678416
2026-09-16,000628,52.890,185,978465
2026-09-16,000629,2.890,1956,565284
2026-09-16,000630,6.030,3931,2370393
2026-09-16,000631,2.910,406,118146
2026-09-16,000633,5.040,126,63504
2026-09-16,000635,7.180,502,360436
2026-09-16,000636,57.540,11686,67241244
2026-09-16,000637,4.050,129,52245
2026-09-16,000650,5.200,56,29120
2026-09-16,000651,38.310,985,3773535
2026-09-16,000652,3.350,139,46562
2026-09-16,000655,7.060,84,59304
2026-09-16,000656,1.180,6530,770540
2026-09-16,000657,60.780,6747,41007658
2026-09-16,000659,2.770,217,60109
2026-09-16,000661,71.310,78,556218
2026-09-16,000663,5.830,244,142252
2026-09-16,000665,4.000,563,225200
2026-09-16,000668,20.900,36,75240
2026-09-16,000670,7.200,1843,1326960
2026-09-16,000672,14.520,914,1327128
2026-09-16,000676,6.570,1846,1212822
2026-09-16,000678,8.600,149,128140
2026-09-16,000679,6.060,610,369660
2026-09-16,000680,9.890,357,353073
2026-09-16,000681,15.810,1188,1878228
2026-09-16,000682,10.670,186,198462
2026-09-16,000683,5.840,239,139576
2026-09-16,000685,10.960,125,137000
2026-09-16,000686,7.670,117,89739
2026-09-16,000688,25.630,99,253737
2026-09-16,000690,5.230,1242,649566
2026-09-16,000691,9.330,336,313488
2026-09-16,000692,4.090,50,20450
2026-09-16,000695,13.000,79,102700
2026-09-16,000697,8.750,79,69125
2026-09-16,000700,10.990,415,456085
2026-09-16,000701,4.950,189,93555
2026-09-16,000702,5.540,535,296390
2026-09-16,000703,17.050,3614,6161870
2026-09-16,000705,6.840,96,65664
2026-09-16,000707,4.410,711,313551
2026-09-16,000708,13.460,908,1222168
2026-09-16,000709,2.060,1067,219802
2026-09-16,000710,8.350,504,420840
2026-09-16,000711,5.010,5119,2564619
2026-09-16,000712,9.760,1985,1937360
2026-09-16,000713,6.130,10563,6475119
2026-09-16,000715,5.270,89,46903
2026-09-16,000716,5.040,569,286776
2026-09-16,000717,2.180,1682,366676
2026-09-16,000718,1.910,645,123195
2026-09-16,000719,12.220,46,56212
2026-09-16,000720,3.790,636,241044
2026-09-16,000721,6.000,913,547800
2026-09-16,000722,14.410,3648,5256768
2026-09-16,000723,3.600,4064,1463040
2026-09-16,000725,5.280,20263,10698864
2026-09-16,000726,5.990,1141,683459
2026-09-16,000727,2.210,673,148733
2026-09-16,000728,7.470,400,298800
2026-09-16,000729,11.000,140,154000
2026-09-16,000731,7.280,348,253344
2026-09-16,000733,40.880,227,927976
2026-09-16,000735,5.970,20931,12495807
2026-09-16,000736,4.250,471,200175
2026-09-16,000737,13.960,3537,4937652
2026-09-16,000738,19.360,205,396880
2026-09-16,000739,22.320,205,457560
2026-09-16,000750,3.650,354,129210
2026-09-16,000751,4.600,209,96140
2026-09-16,000753,5.000,1753,876500
2026-09-16,000755,4.710,191,89961
2026-09-16,000756,12.810,43,55083
2026-09-16,000757,4.110,529,217419
2026-09-16,000758,5.930,443,262699
2026-09-16,000759,6.180,77137,47670586
2026-09-16,000761,2.260,892,201592
2026-09-16,000762,21.300,242,515460
2026-09-16,000766,15.570,289,449973
2026-09-16,000767,3.500,2597,908950
2026-09-16,000768,22.250,781,1737725
2026-09-16,000776,20.310,1246,2530626
2026-09-16,000777,16.610,22,36542
2026-09-16,000778,3.600,1821,655560
2026-09-16,000779,8.400,2371,1991640
2026-09-16,000782,7.610,50,38050
2026-09-16,000783,8.280,1859,1539252
2026-09-16,000785,2.220,1952,433344
2026-09-16,000786,15.690,212,332628
2026-09-16,000788,5.260,408,214608
2026-09-16,000789,4.030,676,272428
2026-09-16,000790,3.810,371,141351
2026-09-16,000791,7.350,366,269010
2026-09-16,000792,24.620,1308,3220271
2026-09-16,000795,8.100,48,38880
2026-09-16,000796,3.670,15693,5759331
2026-09-16,000797,2.460,1007,247722
2026-09-16,000798,9.900,3074,3043260
2026-09-16,000799,36.890,162,597618
2026-09-16,000800,5.950,2180,1297100
2026-09-16,000801,11.880,49,58212
2026-09-16,000802,3.910,4760,1861160
2026-09-16,000803,7.260,294,213444
2026-09-16,000807,27.110,1599,4334889
2026-09-16,000809,3.420,3273,1119366
2026-09-16,000810,9.380,190,178220
2026-09-16,000811,36.420,334,1216428
2026-09-16,000812,3.780,11210,4237437
2026-09-16,000813,3.170,1409,446650
2026-09-16,000815,15.080,999,1506492
2026-09-16,000816,2.780,3807,1058346
2026-09-16,000818,11.480,541,621068
2026-09-16,000819,11.900,136,161840
2026-09-16,000820,3.430,493,169099
2026-09-16,000822,4.290,76,32604
2026-09-16,000823,23.020,43995,101276467
2026-09-16,000825,3.430,345,118335
2026-09-16,000828,10.010,206,206206
2026-09-16,000829,8.760,96,84096
2026-09-16,000830,11.890,359,426851
2026-09-16,000831,52.750,1268,6688700
2026-09-16,000833,19.850,1323,2626155
2026-09-16,000837,9.400,105,98700
2026-09-16,000839,2.820,109374,30843468
2026-09-16,000848,8.150,108,88020
2026-09-16,000850,3.970,139,55183
2026-09-16,000852,5.470,1245,681015
2026-09-16,000856,8.470,250,211750
2026-09-16,000858,69.600,950,6612000
2026-09-16,000859,9.470,14170,13418564
2026-09-16,000860,10.260,464,476064
2026-09-16,000862,5.550,1352,750360
2026-09-16,000863,4.500,303,136350
2026-09-16,000868,3.600,46529,16750440
2026-09-16,000869,15.690,103,161607
2026-09-16,000875,4.900,1347,660030
2026-09-16,000876,7.280,1781,1296568
2026-09-16,000877,3.710,607,225197
2026-09-16,000878,16.480,1241,2045168
2026-09-16,000880,24.280,292,708976
2026-09-16,000881,6.440,80,51520
2026-09-16,000882,1.470,1284,188748
2026-09-16,000883,4.530,1143,517779
2026-09-16,000885,11.670,102,119034
2026-09-16,000886,4.590,225,103275
2026-09-16,000887,18.800,341,641080
2026-09-16,000888,9.210,501,461421
2026-09-16,000889,3.820,2026,773928
2026-09-16,000890,7.310,2641,1930571
2026-09-16,000892,4.280,15270,6535560
2026-09-16,000893,40.000,191,764000
2026-09-16,000895,23.400,137,320580
2026-09-16,000897,1.810,1923,348063
2026-09-16,000898,2.020,635,128270
2026-09-16,000899,9.440,815,769360
2026-09-16,000900,3.580,51,18258
2026-09-16,000901,14.000,297,415800
2026-09-16,000902,13.580,78,105924
2026-09-16,000905,9.020,502,452804
2026-09-16,000906,5.970,1331,794607
2026-09-16,000908,6.020,753,453306
2026-09-16,000910,5.120,267,136704
2026-09-16,000912,3.970,5504,2185088
2026-09-16,000913,10.830,117,126711
2026-09-16,000915,24.330,35,85155
2026-09-16,000917,6.660,1231,819846
2026-09-16,000919,6.370,92,58604
2026-09-16,000920,11.230,69,77487
2026-09-16,000921,27.750,75,208125
2026-09-16,000922,11.760,283,332808
2026-09-16,000923,15.850,827,1310795
2026-09-16,000925,7.600,1118,849680
2026-09-16,000926,2.030,2963,601489
2026-09-16,000927,2.480,729,180792
2026-09-16,000928,5.460,444,242424
2026-09-16,000929,8.880,456,404928
2026-09-16,000930,4.980,13098,6522804
2026-09-16,000931,4.330,1505,651665
2026-09-16,000932,3.580,3328,1191424
2026-09-16,000933,26.800,707,1894760
2026-09-16,000935,20.310,64,129984
2026-09-16,000936,5.350,429,229515
2026-09-16,000937,4.480,670,300160
2026-09-16,000938,32.820,6439,21132798
2026-09-16,000948,13.450,820,1102900
2026-09-16,000949,6.480,245,158760
2026-09-16,000950,5.150,498,256470
2026-09-16,000951,21.110,131,276541
2026-09-16,000952,6.160,278,171248
2026-09-16,000953,5.750,47,27025
2026-09-16,000955,3.970,65,25805
2026-09-16,000957,9.860,4714,4648004
2026-09-16,000958,5.100,1017,518670
2026-09-16,000959,3.520,493,173536
2026-09-16,000960,32.720,863,2823736
2026-09-16,000962,57.220,3530,20198660
2026-09-16,000963,26.160,185,483960
2026-09-16,000965,3.120,332,103584
2026-09-16,000966,4.130,1608,664104
2026-09-16,000967,7.970,379,302063
2026-09-16,000968,7.070,841,594587
2026-09-16,000969,16.810,210,353010
2026-09-16,000970,11.250,205,230625
2026-09-16,000972,3.790,4153,1573987
2026-09-16,000973,11.690,317,370573
2026-09-16,000975,25.450,584,1486280
2026-09-16,000977,68.760,1756,12074256
2026-09-16,000978,8.790,8657,7609503
2026-09-16,000980,2.120,276857,58693684
2026-09-16,000981,2.800,492860,138000800
2026-09-16,000983,6.650,1906,1267490
2026-09-16,000985,16.460,127,209042
2026-09-16,000987,7.280,635,462280
2026-09-16,000988,100.200,1055,10573104
2026-09-16,000989,8.580,98,84084
2026-09-16,000990,6.340,943,597862
2026-09-16,000993,17.220,51791,89184102
2026-09-16,000995,10.670,181,193127
2026-09-16,000997,19.380,220,426360
2026-09-16,000998,8.700,1984,1726080
2026-09-16,000999,24.100,48,115680
2026-09-16,001201,14.200,2436,3459120
2026-09-16,001202,13.430,8,10744
2026-09-16,001203,23.130,166,383958
2026-09-16,001205,14.310,18,25758
2026-09-16,001206,15.750,182,286650
2026-09-16,001207,17.440,1499,2614256
2026-09-16,001208,13.830,74,102342
2026-09-16,001209,17.480,52,90896
2026-09-16,001210,28.760,91,261716
2026-09-16,001211,22.410,69,154629
2026-09-16,001212,35.690,1627,5806763
2026-09-16,001213,3.490,200,69800
2026-09-16,001215,29.200,5,14600
2026-09-16,001216,18.070,18712,33812891
2026-09-16,001217,10.020,7,7014
2026-09-16,001218,22.990,20,45980
2026-09-16,001219,12.280,46,56488
2026-09-16,001220,32.010,41,131241
2026-09-16,001221,35.200,55,193600
2026-09-16,001222,14.700,319,468930
2026-09-16,001223,46.110,1790,8253690
2026-09-16,001225,43.380,29,125802
2026-09-16,001226,43.990,17,74783
2026-09-16,001227,2.140,4010,858140
2026-09-16,001228,32.300,158,510340
2026-09-16,001229,37.400,915,3422100
2026-09-16,001230,17.470,97,169459
2026-09-16,001231,20.350,33,67155
2026-09-16,001232,197.340,454,8959236
2026-09-16,001233,41.590,17,70703
2026-09-16,001234,22.030,58,127774
2026-09-16,001236,7.630,149,113687
2026-09-16,001237,48.990,6,29394
2026-09-16,001238,23.680,12,28416
2026-09-16,001239,11.630,13,15119
2026-09-16,001248,11.740,2274,2669676
2026-09-16,001255,25.510,66,168366
2026-09-16,001256,21.230,13,27599
2026-09-16,001257,22.770,576,1311552
2026-09-16,001258,10.850,2345,2544325
2026-09-16,001259,43.880,6,26328
2026-09-16,001260,17.520,39,68328
2026-09-16,001266,31.790,16,50864
2026-09-16,001267,34.850,157,547145
2026-09-16,001268,23.930,20,47860
2026-09-16,001269,18.470,31,57257
2026-09-16,001270,98.690,202,1993538
2026-09-16,001277,28.800,52,149760
2026-09-16,001278,15.090,943,1422987
2026-09-16,001279,25.860,9,23274
2026-09-16,001280,62.050,140,868700
2026-09-16,001282,15.190,12,18228
2026-09-16,001283,47.080,11,51788
2026-09-16,001285,42.180,4,16872
2026-09-16,001286,9.870,333,328671
2026-09-16,001287,22.970,737,1692889
2026-09-16,001288,28.250,125,353125
2026-09-16,001289,15.200,85,129200
2026-09-16,001296,18.720,23,43056
2026-09-16,001298,16.630,99,164637
2026-09-16,001299,10.150,3632,3686480
2026-09-16,001300,11.100,201,223110
2026-09-16,001301,51.450,96,493920
2026-09-16,001306,51.620,53,273586
2026-09-16,001308,17.600,3,5280
2026-09-16,001309,383.550,275,10547625
2026-09-16,001311,16.460,19,31274
2026-09-16,001312,17.300,19,32870
2026-09-16,001313,6.930,1193,826749
2026-09-16,001314,49.000,33,161700
2026-09-16,001316,28.270,143,404261
2026-09-16,001317,47.600,301,1432760
2026-09-16,001318,11.200,36,40320
2026-09-16,001319,22.000,201,442200
2026-09-16,001322,6.120,108,66096
2026-09-16,001323,17.250,74,127650
2026-09-16,001324,19.650,36,70740
2026-09-16,001325,36.900,13,47970
2026-09-16,001326,78.080,25,195200
2026-09-16,001328,29.220,76,222072
2026-09-16,001330,5.270,12897,6796719
2026-09-16,001331,42.880,87,373056
2026-09-16,001332,25.870,12,31044
2026-09-16,001333,18.390,38,69882
2026-09-16,001335,30.740,6,18444
2026-09-16,001336,17.390,320,556480
2026-09-16,001337,49.420,275,1359050
2026-09-16,001338,8.830,917,809711
2026-09-16,001339,72.400,42,304080
2026-09-16,001356,8.730,2,1746
2026-09-16,001358,23.130,12,27756
2026-09-16,001359,86.570,354,3064578
2026-09-16,001360,17.970,16,28752
2026-09-16,001365,33.410,85,283985
2026-09-16,001366,12.620,870,1097940
2026-09-16,001367,19.780,10,19780
2026-09-16,001368,29.130,72,209736
2026-09-16,001369,12.250,324,396900
2026-09-16,001373,26.860,71,190706
2026-09-16,001376,11.630,1041,1210683
2026-09-16,001378,20.490,258,528642
2026-09-16,001379,15.200,133,202160
2026-09-16,001380,18.020,29,52258
2026-09-16,001382,16.260,39,63414
2026-09-16,001386,15.500,52,80600
2026-09-16,001387,11.260,174,195924
2026-09-16,001388,19.760,637,1259344
2026-09-16,001389,172.380,127,2189226
2026-09-16,001390,16.410,22,36102
2026-09-16,001391,3.960,632,250272
2026-09-16,001393,40.800,56,228480
2026-09-16,001395,28.310,36,101916
2026-09-16,001396,30.770,7,21539
2026-09-16,001399,20.900,1971,4119390
2026-09-16,001400,73.840,53,391352
2026-09-16,001696,15.240,1899,2894076
2026-09-16,001872,23.090,24,55416
2026-09-16,001896,12.250,23291,28531144
2026-09-16,001914,8.780,68,59704
2026-09-16,001965,9.980,887,885226
2026-09-16,001979,6.680,486,324648
2026-09-16,002001,26.700,197,525990
2026-09-16,002003,11.320,87,98484
2026-09-16,002004,4.350,518,225330
2026-09-16,002005,2.400,157,37680
2026-09-16,002006,13.070,136,177752
2026-09-16,002007,12.860,58,74588
2026-09-16,002008,93.660,728,6818448
2026-09-16,002009,15.160,165,250140
2026-09-16,002010,4.550,194,88270
2026-09-16,002011,12.980,1687,2189739
2026-09-16,002012,7.120,222,158064
2026-09-16,002014,11.130,525,584325
2026-09-16,002015,16.810,4720,7934320
2026-09-16,002016,4.400,34,14960
2026-09-16,002017,14.290,3111,4445333
2026-09-16,002019,9.190,382,351058
2026-09-16,002020,11.460,91,104286
2026-09-16,002021,2.570,78,20046
2026-09-16,002022,5.540,85,47090
2026-09-16,002023,9.420,112,105504
2026-09-16,002025,68.820,1371,9435222
2026-09-16,002026,11.870,306,363222
2026-09-16,002027,4.690,3279,1537851
2026-09-16,002028,138.650,121,1677665
2026-09-16,002029,7.970,564,449508
2026-09-16,002030,5.200,175,91000
2026-09-16,002031,5.010,4879,2444379
2026-09-16,002032,39.880,37,147556
2026-09-16,002033,8.320,1055,877760
2026-09-16,002034,13.910,249,346359
2026-09-16,002035,4.490,231,103719
2026-09-16,002036,6.150,574,353010
2026-09-16,002037,6.580,613,403354
2026-09-16,002038,5.550,305,169275
2026-09-16,002039,19.540,122,238388
2026-09-16,002040,9.210,5196,4785516
2026-09-16,002041,9.750,2854,2782650
2026-09-16,002042,3.710,402,149142
2026-09-16,002043,11.020,130,143260
2026-09-16,002044,4.330,4451,1927283
2026-09-16,002045,8.660,494,427804
2026-09-16,002046,58.680,387,2270916
2026-09-16,002047,3.320,1442,478744
2026-09-16,002048,17.030,345,587535
2026-09-16,002049,59.190,474,2805606
2026-09-16,002050,33.700,1139,3838430
2026-09-16,002051,8.410,887,745967
2026-09-16,002052,8.310,1,831
2026-09-16,002053,9.660,176,170016
2026-09-16,002054,6.910,236,163076
2026-09-16,002056,19.630,218,427934
2026-09-16,002057,8.650,223,192895
2026-09-16,002058,16.730,448,749504
2026-09-16,002059,4.530,17440,7900320
2026-09-16,002060,3.130,729,228177
2026-09-16,002061,3.320,190,63080
2026-09-16,002062,8.790,728,639912
2026-09-16,002063,5.330,229,122057
2026-09-16,002064,9.920,617,612064
2026-09-16,002065,6.650,330,219450
2026-09-16,002066,19.900,72,143280
2026-09-16,002067,3.930,731,287283
2026-09-16,002068,9.880,38034,37577592
2026-09-16,002069,3.630,1035,375705
2026-09-16,002072,6.980,1260,879480
2026-09-16,002073,5.620,109,61258
2026-09-16,002074,25.280,548,1385344
2026-09-16,002075,3.550,475,168625
2026-09-16,002076,2.030,722,146566
2026-09-16,002077,13.770,2455,3380535
2026-09-16,002078,13.970,269,375793
2026-09-16,002079,8.860,542,480212
2026-09-16,002080,53.500,1357,7259950
2026-09-16,002081,4.710,9731,4583301
2026-09-16,002083,9.600,642,616320
2026-09-16,002084,5.300,15219,8066070
2026-09-16,002085,9.750,417,406575
2026-09-16,002086,1.960,1429,280084
2026-09-16,002088,8.000,1146,916800
2026-09-16,002090,8.830,134,118322
2026-09-16,002091,7.650,45,34425
2026-09-16,002092,4.430,1888,836384
2026-09-16,002093,7.420,3027,2246034
2026-09-16,002094,4.950,2498,1236510
2026-09-16,002095,15.030,3027,4549581
2026-09-16,002096,9.080,109,98972
2026-09-16,002097,7.220,344,248368
2026-09-16,002098,7.680,92,70656
2026-09-16,002099,5.350,1021,546235
2026-09-16,002100,7.990,123,98277
2026-09-16,002101,8.500,122,103700
2026-09-16,002103,6.250,97,60625
2026-09-16,002104,11.200,6294,7049280
2026-09-16,002105,5.810,86,49966
2026-09-16,002106,11.330,1390,1574870
2026-09-16,002107,6.560,1715,1125040
2026-09-16,002108,4.370,1670,729790
2026-09-16,002110,2.960,1098,325008
2026-09-16,002111,9.610,77,73997
2026-09-16,002112,14.480,129,186792
2026-09-16,002114,7.190,151,108569
2026-09-16,002115,9.830,918,902394
2026-09-16,002116,7.090,157,111313
2026-09-16,002117,7.690,158,121502
2026-09-16,002119,24.000,1791,4298400
2026-09-16,002120,6.660,110,73260
2026-09-16,002121,4.790,764,365956
2026-09-16,002123,7.680,250,192000
2026-09-16,002124,2.220,4073,904206
2026-09-16,002125,12.000,277,332400
2026-09-16,002126,38.500,254,977900
2026-09-16,002127,2.950,163,48085
2026-09-16,002128,27.130,57,154641
2026-09-16,002129,8.620,2014,1736284
2026-09-16,002130,16.770,1836,3078972
2026-09-16,002131,4.340,7211,3129505
2026-09-16,002132,4.170,346,144282
2026-09-16,002133,2.670,197,52599
2026-09-16,002134,24.310,1378,3349918
2026-09-16,002135,5.950,79,47005
2026-09-16,002136,11.720,121,141812
2026-09-16,002137,7.440,107,79608
2026-09-16,002138,49.360,827,4082072
2026-09-16,002139,9.600,993,953280
2026-09-16,002140,9.100,286,260260
2026-09-16,002141,6.710,30424,20414504
2026-09-16,002142,35.160,838,2946408
2026-09-16,002144,10.180,276,280968
2026-09-16,002145,4.320,1914,826848
2026-09-16,002146,1.130,5816,657208
2026-09-16,002148,6.150,156,95940
2026-09-16,002149,33.380,389,1298482
2026-09-16,002150,20.070,494,991458
2026-09-16,002151,28.100,137,384970
2026-09-16,002152,9.280,307,284896
2026-09-16,002153,7.510,312,234312
2026-09-16,002154,3.870,5802,2245374
2026-09-16,002155,26.450,2914,7707530
2026-09-16,002156,57.380,2171,12457198
2026-09-16,002157,3.140,3868,1214549
2026-09-16,002158,25.570,180,460260
2026-09-16,002159,13.000,171,222300
2026-09-16,002160,3.930,48,18864
2026-09-16,002161,5.870,73242,42993054
2026-09-16,002162,3.800,1988,755440
2026-09-16,002163,8.350,3742,3124570
2026-09-16,002244,7.900,540,426600
2026-09-16,002245,18.140,1078,1955492
2026-09-16,002246,22.300,348,776040
2026-09-16,002247,2.320,1777,412264
2026-09-16,002248,9.040,560,506240
2026-09-16,002265,19.880,1098,2182824
2026-09-16,002266,4.710,896,422016
2026-09-16,002267,7.280,195,141960
2026-09-16,002268,14.330,7177,10284670
2026-09-16,002269,1.380,2831,390678
2026-09-16,002270,18.230,99,180477
2026-09-16,002271,10.160,1079,1096264
2026-09-16,002272,16.900,871,1471990
2026-09-16,002273,23.870,394,940478
2026-09-16,002274,5.950,3444,2049180
2026-09-16,002275,12.140,47,57058
2026-09-16,002276,9.860,1164,1147704
2026-09-16,002277,5.400,1000,540000
2026-09-16,002278,7.810,265,206965
2026-09-16,002279,6.910,8902,6151282
2026-09-16,002281,169.000,805,13604500
2026-09-16,002282,5.910,122,72102
2026-09-16,002283,8.080,40,32320
2026-09-16,002284,9.420,500,471000
2026-09-16,002285,2.150,1320,283800
2026-09-16,002286,7.650,839,641835
2026-09-16,002287,19.110,22,42042
2026-09-16,002289,35.230,29,102167
2026-09-16,002290,61.740,77,475398
2026-09-16,002291,5.300,759,402270
2026-09-16,002292,8.160,909,741744
2026-09-16,002293,10.820,35,37870
2026-09-16,002294,29.580,210,621180
2026-09-16,002295,8.910,8675,7729425
2026-09-16,002296,9.020,846,763092
2026-09-16,002297,21.860,8397,18355842
2026-09-16,002298,8.370,6057,5069709
2026-09-16,002299,16.370,157,257009
2026-09-16,002300,7.700,3091,2380070
2026-09-16,002301,7.720,76,58672
2026-09-16,002302,4.630,258,119454
2026-09-16,002303,5.270,1343,707761
2026-09-16,002304,37.890,73,278113
2026-09-16,002307,2.960,875,259000
2026-09-16,002309,2.920,3767,1099964
2026-09-16,002310,2.290,676,154804
2026-09-16,002311,42.420,230,975660
2026-09-16,002312,8.480,4873,4132304
2026-09-16,002313,8.090,65,52585
2026-09-16,002314,2.150,107,23005
2026-09-16,002315,23.750,86,204250
2026-09-16,002316,4.220,1643,693346
2026-09-16,002317,24.730,257,635561
2026-09-16,002318,18.230,106,193238
2026-09-16,002319,9.860,23,22678
2026-09-16,002320,6.660,4547,3028302
2026-09-16,002321,1.960,925,181300
2026-09-16,002322,11.790,124,146196
2026-09-16,002324,9.060,455,412230
2026-09-16,002326,17.080,647,1105076
2026-09-16,002327,6.080,189,114912
2026-09-16,002328,8.140,2597,2113958
2026-09-16,002329,3.560,2078,739764
2026-09-16,002330,4.040,806,325624
2026-09-16,002331,6.710,898,602558
2026-09-16,002332,8.530,211,179983
2026-09-16,002333,5.250,163,85575
2026-09-16,002334,6.460,73,47158
2026-09-16,002335,28.780,210,604380
2026-09-16,002337,4.540,62,28148
2026-09-16,002338,40.040,33,132132
2026-09-16,002339,7.510,1905,1430655
2026-09-16,002340,6.200,1992,1235040
2026-09-16,002342,7.840,734,575456
2026-09-16,002343,5.500,3110,1710500
2026-09-16,002344,3.950,807,318765
2026-09-16,002345,8.880,289,256632
2026-09-16,002346,18.600,1855,3450300
2026-09-16,002347,5.830,293,170819
2026-09-16,002348,10.090,940,948460
2026-09-16,002349,8.020,11584,9290368
2026-09-16,002350,14.120,18,25416
2026-09-16,002351,9.630,104,100152
2026-09-16,002352,30.980,203,628894
2026-09-16,002353,120.710,406,4900826
2026-09-16,002354,7.490,17084,12795916
2026-09-16,002355,4.620,58,26796
2026-09-16,002356,2.690,410,110290
2026-09-16,002357,11.760,387,455112
2026-09-16,002358,5.280,262,138336
2026-09-16,002361,9.900,3006,2975940
2026-09-16,002362,17.610,11386,20050746
2026-09-16,002363,6.660,217,144522
2026-09-16,002364,34.680,369,1279692
2026-09-16,002365,13.950,569,793755
2026-09-16,002366,5.690,759,431871
2026-09-16,002367,5.540,213,118002
2026-09-16,002368,13.470,227,305769
2026-09-16,002369,5.640,318,179352
2026-09-16,002370,5.120,2064,1056768
2026-09-16,002371,638.200,270,17231400
2026-09-16,002372,8.190,71,58149
2026-09-16,002373,7.320,200,146400
2026-09-16,002374,2.970,1745,518265
2026-09-16,002375,3.720,1088,404736
2026-09-16,002376,6.370,147,93639
2026-09-16,002377,3.150,8502,2678127
2026-09-16,002378,24.470,7673,18775611
2026-09-16,002379,17.300,1359,2351070
2026-09-16,002380,25.870,141,364767
2026-09-16,002381,5.340,262,139908
2026-09-16,002382,5.790,98,56742
2026-09-16,002383,7.430,6452,4793836
2026-09-16,002384,183.010,1717,31415497
2026-09-16,002385,3.170,3700,1172897
2026-09-16,002386,5.800,1931,1119980
2026-09-16,002387,6.810,102,69462
2026-09-16,002388,6.180,135,83430
2026-09-16,002389,18.940,820,1553080
2026-09-16,002390,2.900,784,227360
2026-09-16,002391,5.170,263,135971
2026-09-16,002392,7.620,166,126492
2026-09-16,002393,13.500,41,55350
2026-09-16,002394,10.340,63,65142
2026-09-16,002395,12.110,128,155008
2026-09-16,002396,35.280,2604,9186912
2026-09-16,002397,3.540,1962,694544
2026-09-16,002398,4.100,69,28290
2026-09-16,002399,9.400,18,16920
2026-09-16,002400,6.310,1910,1205210
2026-09-16,002401,11.930,111,132423
2026-09-16,002402,18.460,537,991302
2026-09-16,002403,9.440,1461,1379184
2026-09-16,002404,5.670,202,114534
2026-09-16,002405,5.970,473,282381
2026-09-16,002406,6.460,544,351424
2026-09-16,002407,32.230,1833,5907759
2026-09-16,002408,5.280,715,377520
2026-09-16,002409,133.180,612,8150616
2026-09-16,002410,8.370,514,430218
2026-09-16,002412,8.700,1829,1591230
2026-09-16,002413,8.150,1509,1229607
2026-09-16,002414,12.100,2412,2918520
2026-09-16,002415,32.710,558,1824924
2026-09-16,002416,8.920,167,148964
2026-09-16,002418,4.490,7999,3591551
2026-09-16,002419,4.550,716,325780
2026-09-16,002420,5.830,106,61798
2026-09-16,002421,3.100,1742,540020
2026-09-16,002422,40.410,187,755667
2026-09-16,002423,9.050,393,355665
2026-09-16,002425,3.040,714,217056
2026-09-16,002426,2.610,1494,389934
2026-09-16,002427,4.600,175,80500
2026-09-16,002428,90.300,3608,32580240
2026-09-16,002429,7.860,444,348984
2026-09-16,002430,25.590,230,588570
2026-09-16,002432,59.300,303,1796790
2026-09-16,002434,5.600,326,182560
2026-09-16,002436,41.000,10603,43472300
2026-09-16,002437,3.360,19145,6432717
2026-09-16,002438,13.330,178,237274
2026-09-16,002439,13.610,9401,12794761
2026-09-16,002440,11.700,631,738270
2026-09-16,002441,8.000,32,25600
2026-09-16,002442,5.680,14679,8337672
2026-09-16,002443,11.870,13629,16177623
2026-09-16,002444,28.330,173,490109
2026-09-16,002445,3.070,893,274151
2026-09-16,002446,8.150,851,693565
2026-09-16,002448,11.250,377,424125
2026-09-16,002449,6.330,352,222816
2026-09-16,002451,7.490,1483,1110767
2026-09-16,002452,11.480,529,607292
2026-09-16,002453,4.300,504,216720
2026-09-16,002454,4.890,166,81174
2026-09-16,002455,6.940,260,180440
2026-09-16,002456,6.850,1100,753500
2026-09-16,002457,11.210,1762,1975202
2026-09-16,002458,8.450,696,588120
2026-09-16,002459,6.550,879,575745
2026-09-16,002460,45.370,628,2849236
2026-09-16,002461,8.460,170,143820
2026-09-16,002462,12.000,100,120000
2026-09-16,002463,126.490,1332,16848468
2026-09-16,002465,10.000,528,528000
2026-09-16,002466,42.100,2040,8588400
2026-09-16,002467,4.600,1822,838120
2026-09-16,002468,14.350,101,144935
2026-09-16,002469,5.900,266,156940
2026-09-16,002470,2.030,16985,3447955
2026-09-16,002471,5.430,601,326343
2026-09-16,002472,36.300,972,3528360
2026-09-16,002474,6.250,3266,2041250
2026-09-16,002475,51.600,2600,13416000
2026-09-16,002476,4.930,125,61625
2026-09-16,002478,6.460,335,216410
2026-09-16,002479,5.910,266,157206
2026-09-16,002480,5.220,42,21924
2026-09-16,002481,4.150,643,266845
2026-09-16,002482,1.290,869,112101
2026-09-16,002483,5.900,1115,657850
2026-09-16,002484,58.780,922,5419516
2026-09-16,002486,2.680,985,263980
2026-09-16,002487,41.100,44586,183248460
2026-09-16,002488,7.340,158,115972
2026-09-16,002489,2.750,2367,650925
2026-09-16,002490,7.260,2130,1546380
2026-09-16,002491,22.440,90166,202332504
2026-09-16,002492,5.930,102,60486
2026-09-16,002493,13.050,1614,2106270
2026-09-16,002494,4.360,431,187916
2026-09-16,002495,2.310,1652,381612
2026-09-16,002496,2.090,921,192489
2026-09-16,002497,16.200,728,1179360
2026-09-16,002498,6.470,2790,1805130
2026-09-16,002500,5.240,557,291868
2026-09-16,002506,2.430,8260,2007180
2026-09-16,002507,11.060,137,151522
2026-09-16,002508,16.450,369,607005
2026-09-16,002510,5.540,663,367302
2026-09-16,002511,6.930,395,273735
2026-09-16,002513,5.130,800,410400
2026-09-16,002515,7.140,1510,1078140
2026-09-16,002516,5.710,844,481924
2026-09-16,002517,17.310,1858,3216198
2026-09-16,002518,36.700,379,1390930
2026-09-16,002519,6.100,7275,4437750
2026-09-16,002520,5.900,1400,826000
2026-09-16,002521,6.340,155,98270
2026-09-16,002522,5.860,57660,33788760
2026-09-16,002523,3.390,414,140346
2026-09-16,002524,3.840,1365,524160
2026-09-16,002526,2.600,2060,535600
2026-09-16,002527,10.440,29,30276
2026-09-16,002529,6.510,777,505827
2026-09-16,002530,7.080,76,53808
2026-09-16,002531,8.350,102333,85447821
2026-09-16,002555,17.380,453,787314
2026-09-16,002556,5.100,1026,523260
2026-09-16,002557,18.170,42,76314
2026-09-16,002558,25.100,1600,4016000
2026-09-16,002559,8.880,107,95016
2026-09-16,002560,7.340,22467,16490778
2026-09-16,002561,7.180,7368,5290224
2026-09-16,002562,4.770,1247,594819
2026-09-16,002563,5.560,503,279668
2026-09-16,002564,4.950,2582,1278090
2026-09-16,002637,10.960,440,482240
2026-09-16,002638,4.000,473,189200
2026-09-16,002639,13.000,3546,4609800
2026-09-16,002640,3.250,2023,657475
2026-09-16,002641,3.790,97,36763
2026-09-16,002658,7.290,69,50301
2026-09-16,002659,4.390,430,188770
2026-09-16,002660,7.400,204,150960
2026-09-16,002661,7.550,1937,1462435
2026-09-16,002662,3.170,332,105244
2026-09-16,002663,1.680,249,41832
2026-09-16,002664,14.190,72,102168
2026-09-16,002666,4.070,192,78144
2026-09-16,002668,9.420,979,922218
2026-09-16,002669,13.760,10560,14530560
2026-09-16,002695,10.350,33,34155
2026-09-16,002696,6.430,1546,994078
2026-09-16,002697,4.570,500,228500
2026-09-16,002698,11.290,154,173866
2026-09-16,002700,6.290,82,51578
2026-09-16,002701,4.430,214,94802
2026-09-16,002702,5.060,3753,1899018
2026-09-16,002703,15.410,1062,1636542
2026-09-16,002705,11.090,122,135298
2026-09-16,002706,8.870,264,234168
2026-09-16,002707,4.980,817,406866
2026-09-16,002708,16.300,1470,2396100
2026-09-16,002709,32.890,1382,4545398
2026-09-16,002712,4.810,827,397787
2026-09-16,002713,9.510,999,950163
2026-09-16,002714,41.990,4376,18374824
2026-09-16,002715,12.730,65,82745
2026-09-16,002716,9.840,4566,4492944
2026-09-16,002718,82.800,3,24840
2026-09-16,002721,2.640,4661,1230504
2026-09-16,002722,12.790,59,75461
2026-09-16,002723,7.770,404,313908
2026-09-16,002724,6.600,103,67980
2026-09-16,002725,10.700,34,36380
2026-09-16,002727,10.850,51,55335
2026-09-16,002728,9.130,783,714879
2026-09-16,002729,13.460,109,146714
2026-09-16,002730,21.640,108,233712
2026-09-16,002732,13.530,77,104181
2026-09-16,002733,17.500,153,267750
2026-09-16,002734,17.340,1501,2602734
2026-09-16,002735,12.300,6115,7521450
2026-09-16,002736,9.850,829,816565
2026-09-16,002737,11.310,81,91611
2026-09-16,002738,43.910,307,1348037
2026-09-16,002739,8.430,1601,1349643
2026-09-16,002741,24.750,6536,16176600
2026-09-16,002742,4.030,1767,712101
2026-09-16,002745,11.970,3466,4148802
2026-09-16,002746,6.550,476,311780
2026-09-16,002747,28.530,314,895842
2026-09-16,002748,11.610,113,131193
2026-09-16,002749,8.390,29,24331
2026-09-16,002752,6.170,436,269012
2026-09-16,002753,6.880,5950,4093600
2026-09-16,002755,11.260,68,76568
2026-09-16,002756,40.780,24,97872
2026-09-16,002757,17.270,2611,4509197
2026-09-16,002758,8.480,251,212848
2026-09-16,002760,16.440,159,261396
2026-09-16,002761,7.120,200,142400
2026-09-16,002762,9.140,150,137100
2026-09-16,002763,7.180,335,240530
2026-09-16,002765,6.780,118,80004
2026-09-16,002766,4.000,734,293600
2026-09-16,002767,17.010,118,200718
2026-09-16,002768,61.710,127,783717
2026-09-16,002769,6.510,2899,1887249
2026-09-16,002771,13.880,342,474696
2026-09-16,002772,10.720,537,575664
2026-09-16,002773,19.120,68,130016
2026-09-16,002774,15.350,16,24560
2026-09-16,002775,3.170,1149,364233
2026-09-16,002777,12.450,222,276390
2026-09-16,002778,15.280,35,53480
2026-09-16,002779,76.770,28,214956
2026-09-16,002780,12.910,999,1289709
2026-09-16,002782,14.770,93,137361
2026-09-16,002783,7.650,399,305235
2026-09-16,002785,35.500,23,81650
2026-09-16,002786,7.260,191,138666
2026-09-16,002787,23.110,602,1391222
2026-09-16,002788,10.420,198,206316
2026-09-16,002790,6.790,27793,18871447
2026-09-16,002791,14.090,97,136673
2026-09-16,002792,29.460,939,2766294
2026-09-16,002793,4.430,357,158151
2026-09-16,002795,7.410,216,160056
2026-09-16,002796,27.490,51,140199
2026-09-16,002797,6.220,749,465878
2026-09-16,002798,6.500,86,55900
2026-09-16,002799,6.500,754,490100
2026-09-16,002800,15.040,30,45120
2026-09-16,002801,26.200,3,7860
2026-09-16,002802,11.600,76,88160
2026-09-16,002803,19.570,184,360088
2026-09-16,002805,16.640,225,374400
2026-09-16,002806,14.060,19,26714
2026-09-16,002807,4.220,2929,1236038
2026-09-16,002809,8.070,59,47613
2026-09-16,002811,14.000,115,161000
2026-09-16,002812,47.860,202,966772
2026-09-16,002813,20.730,36,74628
2026-09-16,002815,21.610,9944,21488984
2026-09-16,002817,6.280,369,231732
2026-09-16,002818,11.390,39,44421
2026-09-16,002819,21.200,202,428240
2026-09-16,002820,9.440,186,175584
2026-09-16,002821,177.560,654,11612424
2026-09-16,002823,12.480,14,17472
2026-09-16,002824,25.540,2013,5141202
2026-09-16,002825,9.680,109,105512
2026-09-16,002826,16.570,46,76222
2026-09-16,002827,64.100,525,3365250
2026-09-16,002828,10.580,494,522652
2026-09-16,002829,19.190,119,228361
2026-09-16,002830,14.190,45,63855
2026-09-16,002831,27.830,45,125235
2026-09-16,002832,25.550,59,150745
2026-09-16,002833,17.720,35,62020
2026-09-16,002835,12.370,212,262244
2026-09-16,002836,9.330,342,319086
2026-09-16,002837,59.860,818,4896548
2026-09-16,002838,24.500,36,88200
2026-09-16,002839,4.380,711,311418
2026-09-16,002840,8.300,182,151060
2026-09-16,002841,45.830,299,1370317
2026-09-16,002842,35.500,10938,38829900
2026-09-16,002843,16.120,223,359476
2026-09-16,002845,13.610,209,284449
2026-09-16,002846,12.730,20075,25555475
2026-09-16,002847,42.840,3,12852
2026-09-16,002848,15.060,7533,11344698
2026-09-16,002849,17.800,234,416520
2026-09-16,002850,173.560,30,520680
2026-09-16,002851,119.070,913,10871091
2026-09-16,002852,7.990,875,699125
2026-09-16,002853,21.190,1,2119
2026-09-16,002855,12.160,3486,4238976
2026-09-16,002857,17.360,19,32984
2026-09-16,002858,11.050,32,35360
2026-09-16,002859,66.210,322,2131962
2026-09-16,002860,15.620,999,1560657
2026-09-16,002861,14.270,48,68496
2026-09-16,002862,14.820,473,700986
2026-09-16,002863,4.630,364,168532
2026-09-16,002864,20.320,87,176784
2026-09-16,002865,36.770,114,419178
2026-09-16,002866,14.480,79,114392
2026-09-16,002867,10.430,103,107429
2026-09-16,002868,22.580,96,216768
2026-09-16,002869,15.100,17,25670
2026-09-16,002870,45.150,2990,13499850
2026-09-16,002871,17.380,1,1738
2026-09-16,002873,7.900,636,502440
2026-09-16,002875,12.480,118,147264
2026-09-16,002876,31.560,662,2089272
2026-09-16,002877,7.190,57,40983
2026-09-16,002878,12.070,28,33796
2026-09-16,002879,16.350,487,796245
2026-09-16,002880,20.100,67,134670
2026-09-16,002881,40.280,168,676704
2026-09-16,002882,25.800,15892,41001360
2026-09-16,002884,15.420,176,271392
2026-09-16,002885,26.830,1121,3007643
2026-09-16,002886,26.910,6092,16393572
2026-09-16,002887,8.940,34,30396
2026-09-16,002888,18.600,11,20460
2026-09-16,002889,11.690,41,47929
2026-09-16,002890,13.950,95,132525
2026-09-16,002891,27.300,172,469560
2026-09-16,002892,8.560,12,10272
2026-09-16,002893,10.150,1084,1100260
2026-09-16,002895,30.850,74,228290
2026-09-16,002896,59.880,78,467064
2026-09-16,002897,74.850,2519,18854715
2026-09-16,002899,19.800,145,287100
2026-09-16,002900,11.380,220,250360
2026-09-16,002901,39.110,5,19555
2026-09-16,002902,29.460,2472,7282512
2026-09-16,002903,26.160,68,177888
2026-09-16,002905,8.200,229,187780
2026-09-16,002906,26.950,234,630630
2026-09-16,002907,13.330,727,969091
2026-09-16,002908,6.800,49,33320
2026-09-16,002909,6.200,6441,3993420
2026-09-16,002910,9.560,248,237088
2026-09-16,002911,11.340,67,76273
2026-09-16,002912,25.610,17072,43721699
2026-09-16,002913,77.150,774,5971410
2026-09-16,002915,16.780,349,585622
2026-09-16,002916,391.840,225,8816400
2026-09-16,002917,9.850,71,69935
2026-09-16,002918,11.230,4971,5582433
2026-09-16,002919,16.340,102,166668
2026-09-16,002920,82.000,100,820000
2026-09-16,002921,19.860,100,198600
2026-09-16,002922,22.400,291,651840
2026-09-16,002923,10.610,19,20159
2026-09-16,002925,24.160,429,1036464
2026-09-16,002926,8.200,51,41820
2026-09-16,002927,17.720,934,1655048
2026-09-16,002928,6.300,981,618030
2026-09-16,002929,48.640,78,379392
2026-09-16,002930,9.010,212,191012
2026-09-16,002931,40.310,37,149147
2026-09-16,002933,26.100,87,227070
2026-09-16,002935,15.110,30,45330
2026-09-16,002936,1.750,1219,213325
2026-09-16,002937,27.030,12,32436
2026-09-16,002938,88.890,388,3448932
2026-09-16,002939,7.820,560,437920
2026-09-16,002940,22.570,151,340807
2026-09-16,002941,10.430,105,109515
2026-09-16,002942,16.340,148,241832
2026-09-16,002943,28.740,62,178188
2026-09-16,002945,13.750,362,497750
2026-09-16,002946,14.540,51,74154
2026-09-16,002947,61.830,89,550287
2026-09-16,002948,6.150,1933,1188795
2026-09-16,002949,11.920,300,357600
2026-09-16,002950,8.410,151,126991
2026-09-16,002951,15.480,49,75852
2026-09-16,002952,18.080,102,184416
2026-09-16,002953,10.330,1565,1616645
2026-09-16,002955,34.840,361,1257724
2026-09-16,002956,15.310,231,353661
2026-09-16,003011,18.960,31,58776
2026-09-16,003012,4.520,78,35256
2026-09-16,003013,17.000,1389,2361300
2026-09-16,003015,11.940,184,219696
2026-09-16,003016,6.950,33,22935
2026-09-16,003017,21.500,38,81700
2026-09-16,003018,48.500,424,2056400
2026-09-16,003019,27.090,12,32508
2026-09-16,003020,16.550,11,18205
2026-09-16,003021,66.480,67,445416
2026-09-16,003816,4.300,1698,730140
2026-09-16,600000,9.170,2392,2193464
2026-09-16,600004,7.710,165,127215
2026-09-16,600006,5.220,2978,1554516
2026-09-16,600007,19.300,91,175630
2026-09-16,600008,2.770,1176,325752
2026-09-16,600009,23.040,153,352512
2026-09-16,600028,5.290,8717,4611240
2026-09-16,600029,4.860,4886,2374596
2026-09-16,600030,26.340,2163,5697342
2026-09-16,600031,19.480,657,1279836
2026-09-16,600032,7.210,1390,1002190
2026-09-16,600059,8.920,8278,7383789
2026-09-16,600060,28.290,123,347967
2026-09-16,600061,6.210,517,321057
2026-09-16,600062,15.980,55,87890
2026-09-16,600063,5.490,1026,563274
2026-09-16,600064,7.680,794,609792
2026-09-16,600066,26.980,263,709574
2026-09-16,600067,2.700,667,180090
2026-09-16,600071,16.100,42,67620
2026-09-16,600072,8.900,546,485940
2026-09-16,600073,5.540,2491,1380014
2026-09-16,600075,4.580,484,221672
2026-09-16,600076,2.170,3806,825902
2026-09-16,600078,10.150,91,92365
2026-09-16,600081,10.200,70,71400
2026-09-16,600085,23.280,90,209520
2026-09-16,600088,13.670,144640,197723331
2026-09-16,600089,18.050,1870,3375350
2026-09-16,600094,4.020,872,350544
2026-09-16,600095,8.320,733,609856
2026-09-16,600096,28.720,940,2699680
2026-09-16,600097,8.970,270,242190
2026-09-16,600098,6.350,442,280670
2026-09-16,600099,8.750,331,289625
2026-09-16,600100,6.770,220,148940
2026-09-16,600101,7.910,1952,1544032
2026-09-16,600103,3.280,14423,4730744
2026-09-16,600104,11.300,2423,2737990
2026-09-16,600105,40.970,3294,13495518
2026-09-16,600106,4.340,91,39494
2026-09-16,600108,3.920,27556,10801952
2026-09-16,600109,8.250,235,193875
2026-09-16,600110,12.110,58287,70585557
2026-09-16,600111,37.150,951,3532965
2026-09-16,600113,30.250,50,151250
2026-09-16,600114,26.820,209,560538
2026-09-16,600115,3.340,11226,3749484
2026-09-16,600116,6.260,245,153370
2026-09-16,600117,2.190,336,73584
2026-09-16,600118,57.510,348,2001348
2026-09-16,600120,4.670,737,344179
2026-09-16,600121,4.740,30037,14237538
2026-09-16,600123,7.000,324,226800
2026-09-16,600125,5.310,133,70623
2026-09-16,600126,6.110,1342,819962
2026-09-16,600127,11.480,25279,29020292
2026-09-16,600128,8.120,194,157528
2026-09-16,600129,13.410,157,210537
2026-09-16,600130,4.210,2196,924516
2026-09-16,600131,14.360,175,251300
2026-09-16,600132,38.670,68,262956
2026-09-16,600133,7.820,194,151708
2026-09-16,600135,7.380,847,625086
2026-09-16,600137,16.430,153,251379
2026-09-16,600138,6.970,359,250223
2026-09-16,600141,28.960,273,790608
2026-09-16,600143,12.900,511,659190
2026-09-16,600148,15.240,66,100584
2026-09-16,600149,4.810,748,359788
2026-09-16,600150,38.250,5820,22260620
2026-09-16,600151,9.480,728,690144
2026-09-16,600152,7.960,363,288948
2026-09-16,600153,8.390,642,538638
2026-09-16,600155,5.900,685,404150
2026-09-16,600156,7.940,133,105602
2026-09-16,600157,1.520,23556,3580512
2026-09-16,600158,6.900,1004,692760
2026-09-16,600159,2.610,85,22185
2026-09-16,600160,35.650,280,998200
2026-09-16,600161,12.180,156,190008
2026-09-16,600162,4.520,4012,1813650
2026-09-16,600163,6.100,73652,44927720
2026-09-16,600165,3.250,221,71825
2026-09-16,600166,2.820,5701,1607682
2026-09-16,600167,5.650,267,150855
2026-09-16,600168,4.340,92,39928
2026-09-16,600170,2.210,1942,429182
2026-09-16,600171,21.980,83,182434
2026-09-16,600172,16.400,10757,17641480
2026-09-16,600173,5.810,28,16268
2026-09-16,600176,47.090,26542,124986278
2026-09-16,600177,8.390,1344,1127616
2026-09-16,600178,9.600,114,109440
2026-09-16,600179,4.550,702,319410
2026-09-16,600182,12.730,10,12730
2026-09-16,600183,151.000,3300,49830000
2026-09-16,600184,21.510,6464,13904064
2026-09-16,600185,4.680,3991,1867788
2026-09-16,600186,12.770,12382,15811814
2026-09-16,600188,20.080,1019,2046152
2026-09-16,600189,7.630,279,212877
2026-09-16,600191,9.510,547,520197
2026-09-16,600192,7.600,4077,3098520
2026-09-16,600195,6.750,274,184950
2026-09-16,600196,21.780,268,583704
2026-09-16,600197,9.290,10,9290
2026-09-16,600198,7.550,2261,1707055
2026-09-16,600199,6.880,518,356384
2026-09-16,600201,11.720,181,212132
2026-09-16,600202,4.800,180,86400
2026-09-16,600203,9.900,1040,1029600
2026-09-16,600206,47.310,1984,9386304
2026-09-16,600207,4.830,4005,1934415
2026-09-16,600208,2.790,2029,566091
2026-09-16,600210,6.310,946,596926
2026-09-16,600211,36.040,72,259488
2026-09-16,600212,5.990,176,105424
2026-09-16,600215,6.050,57,34485
2026-09-16,600216,12.490,399,498351
2026-09-16,600217,3.230,205,66215
2026-09-16,600218,7.390,81,59859
2026-09-16,600219,4.710,2684,1264164
2026-09-16,600221,1.260,27158,3421908
2026-09-16,600222,7.660,2109,1615494
2026-09-16,600223,5.500,39,21450
2026-09-16,600226,5.890,1894,1115566
2026-09-16,600227,4.000,11011,4404400
2026-09-16,600228,11.100,6660,7392600
2026-09-16,600229,5.380,896,482048
2026-09-16,600230,13.300,98,130340
2026-09-16,600231,1.690,1152,194688
2026-09-16,600232,6.270,104,65208
2026-09-16,600233,17.060,573,977538
2026-09-16,600234,20.640,52,107328
2026-09-16,600235,5.540,661,366194
2026-09-16,600236,9.740,158,153892
2026-09-16,600237,9.600,3499,3359040
2026-09-16,600241,6.990,605,422895
2026-09-16,600246,12.560,5067,6364152
2026-09-16,600248,2.830,3488,987104
2026-09-16,600249,5.250,867,455175
2026-09-16,600250,8.690,871,756899
2026-09-16,600251,10.060,2134,2146804
2026-09-16,600252,2.180,1172,255496
2026-09-16,600255,3.680,5713,2102380
2026-09-16,600256,6.880,4756,3272128
2026-09-16,600257,5.330,472,251576
2026-09-16,600258,11.370,436,495732
2026-09-16,600259,78.810,602,4744362
2026-09-16,600261,3.150,162,51030
2026-09-16,600262,14.880,171,255043
2026-09-16,600266,4.070,296,120472
2026-09-16,600267,11.270,679,765233
2026-09-16,600268,10.280,364,374192
2026-09-16,600269,3.850,1557,599445
2026-09-16,600271,6.650,191,127015
2026-09-16,600272,14.880,627,932976
2026-09-16,600273,6.550,227,148685
2026-09-16,600276,43.080,2470,10640760
2026-09-16,600278,6.250,115,71875
2026-09-16,600279,4.340,13,5642
2026-09-16,600280,2.860,9079,2596591
2026-09-16,600281,4.630,435,201405
2026-09-16,600282,4.710,2425,1142175
2026-09-16,600283,8.110,47,38117
2026-09-16,600284,5.050,280,141400
2026-09-16,600285,19.260,137,263862
2026-09-16,600287,4.770,55,26235
2026-09-16,600288,10.570,367,387919
2026-09-16,600292,11.860,64,75904
2026-09-16,600293,3.030,3185,965052
2026-09-16,600295,13.550,110,149050
2026-09-16,600298,40.750,111,452325
2026-09-16,600299,8.240,1679,1383496
2026-09-16,600300,3.110,1541,479251
2026-09-16,600303,2.910,1574,458034
2026-09-16,600305,6.650,266,176890
2026-09-16,600307,1.470,3106,456582
2026-09-16,600308,3.170,445,141062
2026-09-16,600309,73.000,414,3022200
2026-09-16,600310,4.720,6155,2905160
2026-09-16,600312,19.200,132,253440
2026-09-16,600313,6.600,3374,2226840
2026-09-16,600315,17.550,2036,3573180
2026-09-16,600316,32.800,390,1279200
2026-09-16,600318,6.210,4080,2533680
2026-09-16,600319,6.070,182,110474
2026-09-16,600320,4.160,1303,542048
2026-09-16,600322,2.580,1136,293088
2026-09-16,600323,29.110,94,273634
2026-09-16,600325,2.360,839,198004
2026-09-16,600326,6.720,825,554400
2026-09-16,600327,3.860,136,52496
2026-09-16,600328,5.770,1457,840689
2026-09-16,600345,53.050,238,1262590
2026-09-16,600346,16.700,391,652970
2026-09-16,600348,9.110,458,417238
2026-09-16,600350,10.390,224,232736
2026-09-16,600351,6.580,256,168448
2026-09-16,600352,11.810,373,440513
2026-09-16,600353,32.900,1077,3543330
2026-09-16,600354,8.420,28668,24138456
2026-09-16,600356,9.120,371,338352
2026-09-16,600358,4.980,162,80676
2026-09-16,600359,7.090,26939,19099751
2026-09-16,600360,10.690,9669,10336161
2026-09-16,600361,3.500,446,156100
2026-09-16,600371,12.900,17855,23032950
2026-09-16,600372,11.550,712,822360
2026-09-16,600373,7.270,896,651392
2026-09-16,600375,3.700,1731,640470
2026-09-16,600376,3.070,1863,571941
2026-09-16,600377,12.850,520,668200
2026-09-16,600378,46.940,2536,11903984
2026-09-16,600379,13.550,59,79945
2026-09-16,600380,9.240,99,91476
2026-09-16,600382,6.220,12,7464
2026-09-16,600512,2.020,1778,359156
2026-09-16,600513,14.600,61,89060
2026-09-16,600515,2.690,2469,664161
2026-09-16,600516,5.180,1397,723646
2026-09-16,600517,4.930,323,159239
2026-09-16,600518,1.340,20612,2762008
2026-09-16,600519,1273.930,74,9427082
2026-09-16,600520,24.410,328,800648
2026-09-16,600521,15.630,483,754929
2026-09-16,600522,34.500,9740,33603000
2026-09-16,600547,34.140,2268,7742952
2026-09-16,600548,8.180,66,53988
2026-09-16,600549,50.740,3780,19179720
2026-09-16,600550,10.600,458,485480
2026-09-16,600551,7.300,1046,763580
2026-09-16,600566,25.600,52,133120
2026-09-16,600567,1.320,3673,484836
2026-09-16,600569,1.780,1548,275544
2026-09-16,600570,20.090,657,1319913
2026-09-16,600571,10.330,403,416299
2026-09-16,600572,4.220,906,382332
2026-09-16,600573,9.610,114,109554
2026-09-16,600575,3.270,528,172656
2026-09-16,600576,5.370,53,28461
2026-09-16,600577,7.900,1306,1031740
2026-09-16,600578,5.420,4441,2407022
2026-09-16,600579,7.120,1775,1263800
2026-09-16,600580,26.320,237,623784
2026-09-16,600582,4.920,547,269124
2026-09-16,600583,6.100,861,525210
2026-09-16,600584,66.910,1542,10317522
2026-09-16,600585,17.300,248,429040
2026-09-16,600586,4.060,187,75922
2026-09-16,600587,12.220,88,107536
2026-09-16,600588,9.310,1283,1194473
2026-09-16,600589,7.660,1336,1023376
2026-09-16,600590,8.420,822,692124
2026-09-16,600592,14.280,90,128520
2026-09-16,600593,38.310,405,1551555
2026-09-16,600594,3.480,413,143721
2026-09-16,600595,6.060,2209,1338654
2026-09-16,600596,12.260,6247,7658822
2026-09-16,600597,6.790,2191,1487689
2026-09-16,600598,12.330,2510,3094830
2026-09-16,600600,50.700,63,319410
2026-09-16,600601,14.540,15364,22339256
2026-09-16,600602,16.640,340,565760
2026-09-16,600603,4.930,541,266713
2026-09-16,600604,4.440,240,106560
2026-09-16,600605,25.340,21,53214
2026-09-16,600606,1.270,17030,2162810
2026-09-16,600609,3.350,5050,1691750
2026-09-16,600610,7.510,1078,809578
2026-09-16,600611,4.420,3558,1572574
2026-09-16,600612,32.060,41,131446
2026-09-16,600613,8.150,2757,2246955
2026-09-16,600615,9.020,55,49610
2026-09-16,600616,4.400,2706,1190640
2026-09-16,600617,3.310,1196,395876
2026-09-16,600618,10.040,148,148592
2026-09-16,600619,13.000,419,544700
2026-09-16,600620,4.310,739,318509
2026-09-16,600621,12.700,322,408940
2026-09-16,600622,2.280,593,135204
2026-09-16,600623,8.680,461,400148
2026-09-16,600626,3.560,193,68708
2026-09-16,600628,6.190,475,294025
2026-09-16,600629,16.050,990,1588950
2026-09-16,600630,6.730,124,83452
2026-09-16,600633,10.010,1198,1199198
2026-09-16,600635,4.520,1008,455616
2026-09-16,600637,8.210,2994,2458074
2026-09-16,600638,4.720,199,93928
2026-09-16,600639,9.290,165,153285
2026-09-16,600640,10.500,208,218400
2026-09-16,600641,31.320,832,2605824
2026-09-16,600642,8.690,572,496634
2026-09-16,600643,3.930,240,94320
2026-09-16,600644,9.380,4632,4344816
2026-09-16,600645,17.730,198,351054
2026-09-16,600648,9.220,212,195464
2026-09-16,600649,3.770,793,298961
2026-09-16,600650,10.180,98,99764
2026-09-16,600651,5.130,349,179037
2026-09-16,600653,1.660,1771,293986
2026-09-16,600654,3.080,32762,10090693
2026-09-16,600655,4.530,127,57531
2026-09-16,600657,2.770,5617,1555909
2026-09-16,600658,3.940,357,140658
2026-09-16,600660,55.030,279,1535337
2026-09-16,600661,8.170,39,31863
2026-09-16,600662,4.180,271,113278
2026-09-16,600663,8.920,238,212296
2026-09-16,600664,7.140,29137,20803961
2026-09-16,600665,3.360,201,67536
2026-09-16,600666,3.450,113161,39040542
2026-09-16,600667,18.780,13468,25292904
2026-09-16,600668,7.120,68,48416
2026-09-16,600671,21.980,55,120890
2026-09-16,600673,31.050,63,195615
2026-09-16,600674,16.020,451,722502
2026-09-16,600675,2.190,1321,289299
2026-09-16,600676,6.630,670,444210
2026-09-16,600679,9.720,32,31104
2026-09-16,600681,3.470,337,116939
2026-09-16,600682,5.430,2179,1183197
2026-09-16,600683,9.290,1025,952225
2026-09-16,600684,3.320,69,22905
2026-09-16,600685,28.300,644,1822520
2026-09-16,600686,10.750,2229,2396175
2026-09-16,600688,2.800,1895,530600
2026-09-16,600689,11.680,90,105120
2026-09-16,600690,21.200,472,1000640
2026-09-16,600691,2.820,4372,1232904
2026-09-16,600692,6.180,172,106296
2026-09-16,600693,8.860,5460,4837560
2026-09-16,600694,14.280,241,344148
2026-09-16,600697,9.940,73927,73483438
2026-09-16,600698,6.860,5180,3553480
2026-09-16,600699,18.000,597,1074600
2026-09-16,600702,33.000,134,442200
2026-09-16,600703,12.440,2715,3377460
2026-09-16,600704,4.930,726,357918
2026-09-16,600706,7.920,3012,2385504
2026-09-16,600707,8.880,11842,10515696
2026-09-16,600708,2.940,396,116424
2026-09-16,600710,11.450,1469,1682005
2026-09-16,600711,10.760,1716,1846416
2026-09-16,600712,4.980,27931,13909638
2026-09-16,600713,5.080,594,301752
2026-09-16,600714,17.350,492,853620
2026-09-16,600715,1.610,891,143451
2026-09-16,600716,3.560,241,85796
2026-09-16,600717,4.330,1352,585416
2026-09-16,600718,7.820,179,139978
2026-09-16,600719,7.700,470,361900
2026-09-16,600720,5.260,138,72588
2026-09-16,600721,10.660,7400,7888400
2026-09-16,600722,15.950,8254,13165130
2026-09-16,600724,4.860,4,1944
2026-09-16,600725,3.250,114,37050
2026-09-16,600726,5.130,3212,1647756
2026-09-16,600727,7.360,181,133216
2026-09-16,600728,4.530,544,246432
2026-09-16,600729,18.610,79,147019
2026-09-16,600731,5.630,189,106407
2026-09-16,600732,10.080,914,921312
2026-09-16,600733,4.500,7277,3274650
2026-09-16,600736,6.350,419,266065
2026-09-16,600737,14.120,6791,9588892
2026-09-16,600738,4.160,5202,2164032
2026-09-16,600739,10.280,315,323820
2026-09-16,600740,3.790,920,348680
2026-09-16,600741,15.230,372,566556
2026-09-16,600742,7.520,1636,1230272
2026-09-16,600743,2.020,1214,245228
2026-09-16,600744,6.590,13613,8970967
2026-09-16,600746,6.890,740,509860
2026-09-16,600748,3.730,138,51474
2026-09-16,600749,13.370,301,402437
2026-09-16,600750,22.160,153,339048
2026-09-16,600751,3.060,254,77724
2026-09-16,600754,18.600,271,504060
2026-09-16,600755,5.540,354,196116
2026-09-16,600756,13.560,210,284760
2026-09-16,600757,7.360,156,114816
2026-09-16,600758,3.660,7846,2871632
2026-09-16,600760,44.710,264,1180344
2026-09-16,600761,15.990,257,410943
2026-09-16,600763,32.250,247,796575
2026-09-16,600764,18.730,229,428917
2026-09-16,600765,13.510,275,371525
2026-09-16,600768,14.020,143,200486
2026-09-16,600769,14.720,277,407744
2026-09-16,600770,5.600,1394,780640
2026-09-16,600771,13.460,193,259778
2026-09-16,600773,9.870,905,893235
2026-09-16,600774,7.270,61,44347
2026-09-16,600775,9.580,604,578632
2026-09-16,600776,13.200,1592,2101440
2026-09-16,600777,4.070,1404,571225
2026-09-16,600778,5.610,2823,1583703
2026-09-16,600779,25.800,167,430860
2026-09-16,600780,6.240,1050,655200
2026-09-16,600782,2.720,482,131104
2026-09-16,600783,15.350,412,632420
2026-09-16,600784,6.850,220,150700
2026-09-16,600785,10.110,1375,1390125
2026-09-16,600787,4.590,597,274023
2026-09-16,600789,7.430,601,446543
2026-09-16,600790,3.300,402,132660
2026-09-16,600791,6.600,1131,746460
2026-09-16,600792,5.000,58949,29474500
2026-09-16,600793,14.870,101,150187
2026-09-16,600794,3.160,57,18012
2026-09-16,600795,5.310,1799,955269
2026-09-16,600796,4.990,178,88822
2026-09-16,600797,6.620,36,23832
2026-09-16,600798,3.450,4118,1420710
2026-09-16,600800,3.320,1496,496672
2026-09-16,600801,24.550,117,287235
2026-09-16,600802,5.570,9302,5181214
2026-09-16,600803,18.720,83,155376
2026-09-16,600805,4.440,123,54612
2026-09-16,600807,2.540,407,103378
2026-09-16,600808,2.570,924,237468
2026-09-16,600809,112.000,93,1041600
2026-09-16,600810,6.260,374,234124
2026-09-16,600812,4.520,4983,2252316
2026-09-16,600814,6.600,398,262680
2026-09-16,600815,3.520,1632,574464
2026-09-16,600816,2.390,1673,399847
2026-09-16,600817,9.270,97,89919
2026-09-16,600819,5.590,73,40807
2026-09-16,600820,5.450,165,89925
2026-09-16,600821,6.200,3364,2085680
2026-09-16,600822,8.590,268,230212
2026-09-16,600824,3.550,625,221875
2026-09-16,600826,7.420,142,105364
2026-09-16,600827,7.670,228,174876
2026-09-16,600828,4.060,1205,489230
2026-09-16,600829,9.200,135,124200
2026-09-16,600830,8.240,1269,1045656
2026-09-16,600831,3.240,519,168153
2026-09-16,600833,10.090,231,233079
2026-09-16,600834,7.550,21,15855
2026-09-16,600835,17.580,47,82626
2026-09-16,600838,7.710,471,363141
2026-09-16,600839,6.640,954,633456
2026-09-16,600841,5.520,548,302496
2026-09-16,600843,6.780,154,104412
2026-09-16,600844,3.430,3960,1358280
2026-09-16,600845,16.830,344,578952
2026-09-16,600846,10.740,100,107400
2026-09-16,600847,11.630,61,70943
2026-09-16,600848,8.420,84,70728
2026-09-16,600850,13.910,306,426202
2026-09-16,600851,8.230,172,141556
2026-09-16,600853,3.240,157,50868
2026-09-16,600854,4.540,99,44946
2026-09-16,600855,13.380,3278,4385964
2026-09-16,600857,20.500,348,713400
2026-09-16,600874,5.530,165,91245
2026-09-16,600875,24.010,1362,3270162
2026-09-16,600876,8.620,6508,5609896
2026-09-16,600877,11.860,153,181458
2026-09-16,600879,14.300,1076,1538680
2026-09-16,600925,4.090,694,283846
2026-09-16,600926,17.330,2679,4642707
2026-09-16,600927,12.090,63,76167
2026-09-16,600928,3.570,1041,371637
2026-09-16,600929,5.300,32508,17229314
2026-09-16,600979,4.100,4228,1733480
2026-09-16,600980,18.490,14,25886
2026-09-16,600981,2.360,83,19588
2026-09-16,600982,5.170,1340,692780
2026-09-16,600983,7.260,84,60984
2026-09-16,600984,3.460,591,204486
2026-09-16,600985,16.800,364,611520
2026-09-16,600986,7.000,1083,758100
2026-09-16,600987,6.350,109,69215
2026-09-16,600988,44.000,2685,11814000
2026-09-16,600989,24.590,4798,11798282
2026-09-16,600990,18.040,18,32472
2026-09-16,600992,9.550,58,55390
2026-09-16,600993,22.400,45,100800
2026-09-16,600995,12.280,177,217356
2026-09-16,600996,6.750,842,568350
2026-09-16,600997,5.220,466,243252
2026-09-16,600998,5.000,977,488500
2026-09-16,600999,17.200,1220,2098400
2026-09-16,601000,4.620,737,340494
2026-09-16,601001,17.030,910,1549730
2026-09-16,601002,5.170,104,53768
2026-09-16,601003,3.620,2195,794590
2026-09-16,601005,1.190,4325,514675
2026-09-16,601006,4.770,1861,887697
2026-09-16,601007,6.750,118,79650
2026-09-16,601008,4.370,878,383686
2026-09-16,601009,12.160,1356,1648896
2026-09-16,601011,2.880,5974,1720512
2026-09-16,601012,11.010,5050,5560050
2026-09-16,601015,3.620,19604,7096648
2026-09-16,601016,3.430,9869,3385067
2026-09-16,601018,3.500,872,305200
2026-09-16,601019,6.910,46,31786
2026-09-16,601020,20.900,578,1208020
2026-09-16,601021,42.350,74,313390
2026-09-16,601022,8.200,230,188600
2026-09-16,601026,14.400,130,187200
2026-09-16,601033,14.560,71,103376
2026-09-16,601038,14.600,239,348940
2026-09-16,601058,13.760,575,791200
2026-09-16,601061,10.990,266,292334
2026-09-16,601065,6.650,53,35245
2026-09-16,601066,23.420,141,330222
2026-09-16,601068,4.430,359,159037
2026-09-16,601069,28.400,394,1118960
2026-09-16,601077,6.650,849,564585
2026-09-16,601083,12.180,131,159558
2026-09-16,601086,14.570,9248,13474336
2026-09-16,601088,46.930,842,3951506
2026-09-16,601089,15.490,82,127018
2026-09-16,601096,4.080,628,256224
2026-09-16,601098,10.190,261,265959
2026-09-16,601099,3.400,4479,1522860
2026-09-16,601100,97.870,315,3082905
2026-09-16,601101,13.180,555,731490
2026-09-16,601106,3.000,2738,821400
2026-09-16,601107,5.950,551,327845
2026-09-16,601108,8.150,481,392015
2026-09-16,601111,5.770,1700,980900
2026-09-16,601112,16.140,531,857034
2026-09-16,601113,3.380,415,140270
2026-09-16,601116,9.930,183,181719
2026-09-16,601117,7.200,1183,851760
2026-09-16,601118,6.000,9459,5675400
2026-09-16,601121,7.090,376,266584
2026-09-16,601126,39.640,243,963252
2026-09-16,601127,45.000,7639,34375500
2026-09-16,601128,6.380,2964,1891032
2026-09-16,601133,23.200,154,357280
2026-09-16,601136,14.140,126,178164
2026-09-16,601137,19.200,171,328320
2026-09-16,601138,60.790,2303,13999937
2026-09-16,601139,6.470,154,99638
2026-09-16,601155,11.280,379,427512
2026-09-16,601156,18.030,272,490416
2026-09-16,601158,4.050,3244,1313820
2026-09-16,601162,3.550,2265,804075
2026-09-16,601163,12.300,22,27060
2026-09-16,601166,17.930,3379,6058547
2026-09-16,601168,35.990,1463,5265337
2026-09-16,601169,5.640,13843,7807452
2026-09-16,601177,13.200,82,108240
2026-09-16,601179,12.090,1027,1241643
2026-09-16,601186,6.000,1418,850800
2026-09-16,601187,7.200,589,424080
2026-09-16,601188,2.850,629,179265
2026-09-16,601199,6.670,3399,2267133
2026-09-16,601200,6.860,337,231182
2026-09-16,601208,51.110,9219,47117031
2026-09-16,601211,17.520,1273,2230296
2026-09-16,601212,6.200,5461,3385820
2026-09-16,601216,4.700,913,429110
2026-09-16,601218,5.700,120032,68418240
2026-09-16,601222,5.830,1719,1002177
2026-09-16,601225,25.840,595,1537480
2026-09-16,601226,6.490,78,50622
2026-09-16,601228,3.100,1396,432760
2026-09-16,601229,9.670,751,726217
2026-09-16,601231,24.820,2889,7170498
2026-09-16,601233,22.760,846,1925496
2026-09-16,601236,6.740,339,228486
2026-09-16,601279,3.350,1553,520319
2026-09-16,601288,6.880,10382,7142816
2026-09-16,601298,9.590,474,454566
2026-09-16,601311,7.400,262,193880
2026-09-16,601318,53.890,2105,11343845
2026-09-16,601319,7.720,1423,1098556
2026-09-16,601326,3.570,704,251328
2026-09-16,601328,7.560,5320,4021920
2026-09-16,601330,8.160,657,536112
2026-09-16,601333,3.120,3742,1167504
2026-09-16,601336,57.630,539,3106257
2026-09-16,601339,7.300,79,57670
2026-09-16,601360,8.950,36367,32548465
2026-09-16,601366,3.590,990,355410
2026-09-16,601368,4.460,27,12042
2026-09-16,601369,8.400,129,108360
2026-09-16,601375,3.920,1306,511952
2026-09-16,601377,5.790,1052,609108
2026-09-16,601388,3.250,603,195975
2026-09-16,601390,4.320,4309,1861488
2026-09-16,601398,8.120,13014,10567368
2026-09-16,601399,3.170,1665,527805
2026-09-16,601456,8.590,549,471591
2026-09-16,601500,3.820,324,123768
2026-09-16,601512,8.190,101,82719
2026-09-16,601515,3.280,295,96760
2026-09-16,601518,2.800,19,5320
2026-09-16,601519,7.880,818,644584
2026-09-16,601528,5.070,650,329550
2026-09-16,601555,8.380,847,709786
2026-09-16,601566,8.760,1775,1554900
2026-09-16,601567,14.230,4243,6037789
2026-09-16,601568,3.750,603,226125
2026-09-16,601577,9.930,424,421032
2026-09-16,601579,25.910,7833,20295303
2026-09-16,601588,1.670,861,143787
2026-09-16,601595,22.620,1357,3069534
2026-09-16,601598,6.550,161,105455
2026-09-16,601599,3.120,543,169416
2026-09-16,601600,9.190,2817,2588823
2026-09-16,601601,32.550,1020,3320100
2026-09-16,601606,32.390,1895,6137905
2026-09-16,601607,16.210,203,329063
2026-09-16,601608,4.790,4274,2047246
2026-09-16,601609,12.790,704,900416
2026-09-16,601611,10.250,1760,1804000
2026-09-16,601615,9.810,3087,3028347
2026-09-16,601616,3.740,654,244596
2026-09-16,601618,2.560,1688,432128
2026-09-16,601619,4.080,3046,1242768
2026-09-16,601628,37.570,745,2798965
2026-09-16,601633,14.550,849,1235295
2026-09-16,601636,5.590,549,306891
2026-09-16,601658,5.370,4022,2159814
2026-09-16,601665,7.060,1089,768834
2026-09-16,601666,9.110,456,415416
2026-09-16,601668,4.280,3325,1423100
2026-09-16,601669,4.540,4483,2035282
2026-09-16,601677,16.700,375,626250
2026-09-16,601678,5.840,1937,1131208
2026-09-16,601686,5.110,362,184982
2026-09-16,601688,18.540,931,1726074
2026-09-16,601689,41.600,933,3881280
2026-09-16,601696,11.140,511,569254
2026-09-16,601698,23.600,829,1956440
2026-09-16,601699,15.620,348,543576
2026-09-16,601700,6.080,2722,1654976
2026-09-16,601702,15.080,85,128180
2026-09-16,601717,13.780,204,281112
2026-09-16,601727,6.450,1603,1033935
2026-09-16,601728,6.280,2718,1706904
2026-09-16,601766,6.030,1617,975051
2026-09-16,601777,7.920,613,485496
2026-09-16,601778,3.560,2531,901036
2026-09-16,601788,13.800,440,607200
2026-09-16,601789,4.100,1078,441980
2026-09-16,601798,7.370,16,11792
2026-09-16,601799,72.240,53,382872
2026-09-16,601800,5.830,959,559097
2026-09-16,601801,5.250,330,173250
2026-09-16,601808,12.320,897,1105104
2026-09-16,601811,11.710,155,181505
2026-09-16,601816,4.800,3265,1567200
2026-09-16,601818,3.030,5062,1533650
2026-09-16,601825,8.830,312,275496
2026-09-16,601827,8.170,56,45752
2026-09-16,601828,2.110,2856,602616
2026-09-16,601838,20.030,542,1085626
2026-09-16,601857,10.920,13367,14596764
2026-09-16,601858,19.660,378,743148
2026-09-16,601860,2.600,2913,757380
2026-09-16,601865,9.350,137,128095
2026-09-16,601866,2.470,1318,325546
2026-09-16,601868,2.420,19077,4616634
2026-09-16,601869,453.030,628,28450284
2026-09-16,601872,20.800,15392,32015360
2026-09-16,601877,24.830,424,1052792
2026-09-16,601878,8.990,327,293973
2026-09-16,601880,1.470,2873,422331
2026-09-16,601881,12.100,689,833690
2026-09-16,601882,21.730,77,167321
2026-09-16,601886,12.940,299,386906
2026-09-16,601888,50.960,586,2986256
2026-09-16,601890,9.960,8099,8066604
2026-09-16,601898,14.270,1289,1839403
2026-09-16,601899,31.770,7497,23817969
2026-09-16,601900,12.460,856,1066576
2026-09-16,601901,6.790,2542,1726018
2026-09-16,601908,2.950,1434,423030
2026-09-16,601916,2.940,4654,1368276
2026-09-16,601918,10.350,405,419175
2026-09-16,601919,16.310,18370,29961470
2026-09-16,601921,7.410,289,214149
2026-09-16,601928,8.430,192,161856
2026-09-16,601956,4.720,78,36816
2026-09-16,601958,20.200,477,963540
2026-09-16,601963,11.110,753,836583
2026-09-16,601965,13.420,146,195932
2026-09-16,601966,10.510,129,135579
2026-09-16,601968,4.500,529,238050
2026-09-16,601969,9.350,435,406725
2026-09-16,601975,4.680,13396,6269328
2026-09-16,601985,9.020,1160,1046320
2026-09-16,601988,6.560,6889,4519184
2026-09-16,601990,6.630,193,127959
2026-09-16,601991,5.550,6115,3393825
2026-09-16,601992,1.360,2348,319328
2026-09-16,603013,14.230,139,197797
2026-09-16,603014,30.510,25,76275
2026-09-16,603015,10.560,13,13728
2026-09-16,603016,27.180,65,176670
2026-09-16,603017,9.600,21,20160
2026-09-16,603018,5.160,161,83076
2026-09-16,603019,81.950,431,3532045
2026-09-16,603020,10.790,5621,6065059
2026-09-16,603022,8.360,466,389576
2026-09-16,603023,3.860,435,167910
2026-09-16,603025,13.330,249,331917
2026-09-16,603026,60.620,161,975982
2026-09-16,603027,7.320,176,128832
2026-09-16,603028,6.520,219,142788
2026-09-16,603029,15.700,36,56520
2026-09-16,603099,36.740,126,462924
2026-09-16,603100,17.730,67,118791
2026-09-16,603101,7.190,494,355186
2026-09-16,603102,34.690,54,187326
2026-09-16,603103,15.750,225,354375
2026-09-16,603105,8.070,2757,2224899
2026-09-16,603106,7.280,1071,779688
2026-09-16,603107,11.610,43,49923
2026-09-16,603108,9.270,273,253071
2026-09-16,603109,16.390,11,18029
2026-09-16,603131,13.460,194,261124
2026-09-16,603132,18.360,523,960228
2026-09-16,603135,8.380,237,198606
2026-09-16,603136,8.770,48150,42227874
2026-09-16,603137,18.770,429,805233
2026-09-16,603138,14.260,15589,22229914
2026-09-16,603139,38.860,71,275906
2026-09-16,603150,69.500,78,542100
2026-09-16,603151,17.210,394,678074
2026-09-16,603153,13.070,59,77113
2026-09-16,603155,13.860,631,874566
2026-09-16,603156,41.100,278,1142580
2026-09-16,603158,10.340,118,122012
2026-09-16,603160,51.850,121,627385
2026-09-16,603161,15.080,107,161356
2026-09-16,603162,13.590,3456,4696704
2026-09-16,603163,79.000,71,560900
2026-09-16,603165,13.450,41,55145
2026-09-16,603166,10.790,152,164008
2026-09-16,603167,8.010,990,792990
2026-09-16,603168,5.550,171,94905
2026-09-16,603169,6.330,350,221550
2026-09-16,603170,11.900,2,2380
2026-09-16,603171,38.200,339,1294980
2026-09-16,603172,17.950,113,202835
2026-09-16,603173,28.000,42,117600
2026-09-16,603175,96.280,73,702844
2026-09-16,603176,5.130,217,111321
2026-09-16,603177,10.500,177,185850
2026-09-16,603178,15.420,136,209712
2026-09-16,603179,37.100,487,1807512
2026-09-16,603180,14.910,15,22365
2026-09-16,603181,12.060,81,97686
2026-09-16,603182,13.010,114,148314
2026-09-16,603183,4.470,493,220371
2026-09-16,603185,13.850,67,92795
2026-09-16,603186,260.000,6461,167986000
2026-09-16,603187,10.540,184,193936
2026-09-16,603188,4.440,697,309468
2026-09-16,603190,15.310,48,73488
2026-09-16,603191,13.200,137,180840
2026-09-16,603192,19.500,147,286650
2026-09-16,603193,19.590,28,54852
2026-09-16,603194,33.850,46,155710
2026-09-16,603195,38.300,131,501730
2026-09-16,603196,18.570,35,64995
2026-09-16,603197,28.600,81,231660
2026-09-16,603198,37.600,26,97760
2026-09-16,603199,31.960,134,428264
2026-09-16,603200,41.160,3484,14340144
2026-09-16,603201,14.640,31,45384
2026-09-16,603202,50.400,64,322560
2026-09-16,603203,43.900,81,355590
2026-09-16,603205,22.790,70,159530
2026-09-16,603206,13.560,560,759360
2026-09-16,603207,23.530,56,131792
2026-09-16,603208,10.460,35,36610
2026-09-16,603209,14.510,299,433849
2026-09-16,603210,12.810,44,56364
2026-09-16,603211,19.780,58,114724
2026-09-16,603212,11.300,29,32770
2026-09-16,603213,13.450,21,28245
2026-09-16,603214,12.790,300,383700
2026-09-16,603215,13.490,15,20235
2026-09-16,603216,21.500,585,1257750
2026-09-16,603217,27.160,91,247156
2026-09-16,603218,9.470,1211,1146817
2026-09-16,603219,12.580,30,37740
2026-09-16,603220,17.380,645,1121010
2026-09-16,603221,28.590,1371,3919689
2026-09-16,603222,7.680,33,25344
2026-09-16,603223,9.810,92,90252
2026-09-16,603225,16.690,175,292075
2026-09-16,603226,36.460,233,849518
2026-09-16,603227,7.410,179,132639
2026-09-16,603228,106.000,2267,24030200
2026-09-16,603229,7.560,53,40068
2026-09-16,603230,10.090,1701,1716309
2026-09-16,603231,16.590,10,16590
2026-09-16,603232,15.120,6144,9289728
2026-09-16,603233,18.320,92,168544
2026-09-16,603235,24.910,14,34874
2026-09-16,603236,67.740,1332,9021613
2026-09-16,603237,14.580,31,45198
2026-09-16,603238,11.450,78,89310
2026-09-16,603239,13.200,18,23760
2026-09-16,603248,20.000,10209,20418000
2026-09-16,603255,28.790,31,89249
2026-09-16,603256,139.840,3843,53740512
2026-09-16,603257,72.440,43,311492
2026-09-16,603258,12.940,255,329970
2026-09-16,603259,156.130,1566,24449958
2026-09-16,603260,31.750,171,542925
2026-09-16,603261,50.130,2318,11620134
2026-09-16,603262,18.140,135,244890
2026-09-16,603266,17.500,4016,7028000
2026-09-16,603267,50.340,393,1980124
2026-09-16,603268,195.060,261,5091066
2026-09-16,603269,23.840,778,1854752
2026-09-16,603270,34.640,919,3183416
2026-09-16,603271,38.430,6,23058
2026-09-16,603273,14.000,26,36400
2026-09-16,603275,35.210,16,56336
2026-09-16,603276,16.100,69,111090
2026-09-16,603277,11.380,236,268568
2026-09-16,603278,8.920,71,63332
2026-09-16,603279,11.200,97,108640
2026-09-16,603280,25.020,39,97578
2026-09-16,603281,18.190,38,69122
2026-09-16,603282,15.760,97,152872
2026-09-16,603283,45.000,338,1521000
2026-09-16,603284,39.610,23,91103
2026-09-16,603285,38.500,455,1751750
2026-09-16,603286,41.110,45,184995
2026-09-16,603288,34.080,310,1056480
2026-09-16,603289,9.260,82,75932
2026-09-16,603290,82.460,85,700910
2026-09-16,603291,9.310,165,153615
2026-09-16,603293,36.490,47,171503
2026-09-16,603296,76.090,236,1793974
2026-09-16,603297,105.820,13,137566
2026-09-16,603298,24.220,276,668472
2026-09-16,603299,8.690,65,56476
2026-09-16,603300,4.600,589,270940
2026-09-16,603301,82.050,104,853320
2026-09-16,603303,26.430,1900,5021700
2026-09-16,603305,10.480,978,1024944
2026-09-16,603306,77.600,158,1226080
2026-09-16,603307,23.600,7,16520
2026-09-16,603308,41.470,386,1600742
2026-09-16,603309,10.630,197,209411
2026-09-16,603310,14.600,5,7300
2026-09-16,603311,24.350,42,102270
2026-09-16,603312,30.550,11,33605
2026-09-16,603313,6.630,609,403767
2026-09-16,603315,10.620,67,71154
2026-09-16,603316,15.930,6020,9589860
2026-09-16,603317,12.670,118,149506
2026-09-16,603318,9.450,8152,7703640
2026-09-16,603319,27.090,229,620361
2026-09-16,603320,17.420,57,99294
2026-09-16,603321,6.580,156,102648
2026-09-16,603322,31.400,333,1045620
2026-09-16,603323,4.490,1239,556311
2026-09-16,603324,25.130,35,87955
2026-09-16,603325,51.710,1,5171
2026-09-16,603326,7.080,168,118944
2026-09-16,603327,8.220,339,278658
2026-09-16,603328,12.950,2071,2681945
2026-09-16,603329,9.700,87,84390
2026-09-16,603330,9.010,915,824415
2026-09-16,603331,12.800,70,89600
2026-09-16,603332,10.970,330,362010
2026-09-16,603333,9.200,788,724960
2026-09-16,603334,29.750,18,53550
2026-09-16,603335,5.980,352,210496
2026-09-16,603336,9.880,1801,1779388
2026-09-16,603337,36.120,77,278124
2026-09-16,603338,56.330,84,473172
2026-09-16,603339,12.250,152,186200
2026-09-16,603341,35.000,143,500500
2026-09-16,603344,22.800,828,1887840
2026-09-16,603345,74.300,53,393790
2026-09-16,603348,14.060,29,40774
2026-09-16,603350,27.050,12,32460
2026-09-16,603352,24.750,13,32175
2026-09-16,603353,41.790,1825,7626675
2026-09-16,603355,29.960,84,251664
2026-09-16,603356,16.290,27,43983
2026-09-16,603357,5.810,80,46480
2026-09-16,603358,44.330,139,616187
2026-09-16,603360,12.140,1570,1905980
2026-09-16,603363,2.890,1179,340731
2026-09-16,603365,16.120,13,20956
2026-09-16,603366,6.730,2606,1753838
2026-09-16,603367,13.790,84,115836
2026-09-16,603368,15.260,23,35098
2026-09-16,603369,28.430,244,693692
2026-09-16,603370,27.030,18,48654
2026-09-16,603373,39.400,85,334900
2026-09-16,603375,44.870,122,547414
2026-09-16,603376,26.600,444,1181040
2026-09-16,603379,53.070,62,329034
2026-09-16,603380,33.360,8,26688
2026-09-16,603381,14.100,53,74730
2026-09-16,603382,18.280,2,3656
2026-09-16,603390,11.140,1160,1292240
2026-09-16,603391,61.510,36,221436
2026-09-16,603392,25.400,246,624840
2026-09-16,603393,25.530,294,750582
2026-09-16,603395,24.560,213,523128
2026-09-16,603396,26.090,57,148713
2026-09-16,603399,13.600,386,524960
2026-09-16,603402,57.990,128,742272
2026-09-16,603406,30.930,219,677367
2026-09-16,603421,7.050,11163,7869915
2026-09-16,603435,47.520,164,779233
2026-09-16,603439,13.900,28003,38924253
2026-09-16,603444,370.800,26,964080
2026-09-16,603456,15.040,273,410592
2026-09-16,603458,10.970,489,536433
2026-09-16,603459,89.460,828,7407288
2026-09-16,603466,12.200,7179,8758380
2026-09-16,603468,21.690,46,99774
2026-09-16,603477,15.130,281,425153
2026-09-16,603486,50.260,154,774004
2026-09-16,603488,7.840,50,39200
2026-09-16,603489,27.920,18,50256
2026-09-16,603496,22.710,1664,3778944
2026-09-16,603499,13.610,65,88465
2026-09-16,603500,9.250,16,14800
2026-09-16,603501,77.430,286,2214498
2026-09-16,603505,14.820,638,945516
2026-09-16,603506,10.700,45,48150
2026-09-16,603507,22.680,669,1517292
2026-09-16,603508,20.870,77,160699
2026-09-16,603511,11.890,7,8323
2026-09-16,603515,14.760,56,82656
2026-09-16,603516,84.800,50,424000
2026-09-16,603518,7.630,463,353269
2026-09-16,603519,14.440,80,115520
2026-09-16,603520,8.300,70,58100
2026-09-16,603527,10.140,323,327522
2026-09-16,603528,6.300,486,306180
2026-09-16,603529,21.440,45,96480
2026-09-16,603530,43.640,95,414580
2026-09-16,603533,23.390,758,1772962
2026-09-16,603535,6.070,99,60093
2026-09-16,603536,9.260,238,220388
2026-09-16,603538,25.460,1419,3612774
2026-09-16,603551,9.160,109,99844
2026-09-16,603556,22.950,51,117045
2026-09-16,603558,12.520,244,305488
2026-09-16,603559,8.960,265,237440
2026-09-16,603619,21.930,3003,6585579
2026-09-16,603626,18.550,2395,4442725
2026-09-16,603628,9.980,376,375248
2026-09-16,603629,108.260,603,6528078
2026-09-16,603630,13.050,73,95265
2026-09-16,603633,6.300,60,37800
2026-09-16,603636,6.690,386,258234
2026-09-16,603637,14.550,1686,2453130
2026-09-16,603638,18.320,102,186864
2026-09-16,603639,10.240,213,218112
2026-09-16,603658,31.720,49,155428
2026-09-16,603659,22.370,539,1205743
2026-09-16,603660,9.290,915,850035
2026-09-16,603661,30.890,95,293455
2026-09-16,603662,47.010,97,455997
2026-09-16,603663,43.790,1172,5132188
2026-09-16,603665,20.710,11,22781
2026-09-16,603666,25.200,36,90720
2026-09-16,603667,49.770,189,940653
2026-09-16,603668,12.110,153,185283
2026-09-16,603725,10.110,94,95034
2026-09-16,603726,23.380,36,84168
2026-09-16,603727,17.790,59,104961
2026-09-16,603728,47.190,65,306735
2026-09-16,603730,9.490,149,141401
2026-09-16,603733,18.950,166,314570
2026-09-16,603737,20.520,83,170316
2026-09-16,603738,35.800,498,1782840
2026-09-16,603739,12.240,24,29376
2026-09-16,603755,24.260,2,4852
2026-09-16,603757,63.000,213,1341900
2026-09-16,603758,10.180,126,128268
2026-09-16,603759,7.240,260,188240
2026-09-16,603766,15.130,839,1269407
2026-09-16,603767,13.100,59,77290
2026-09-16,603768,11.110,245,272195
2026-09-16,603773,90.600,881,7981860
2026-09-16,603776,19.260,11,21186
2026-09-16,603777,13.430,319,428417
2026-09-16,603778,9.100,2247,2044770
2026-09-16,603779,7.850,446,350110
2026-09-16,603786,36.470,46,167762
2026-09-16,603787,9.810,63,61803
2026-09-16,603788,13.320,59,78588
2026-09-16,603790,23.350,87,203145
2026-09-16,603797,4.630,209,96767
2026-09-16,603798,12.480,66,82368
2026-09-16,603799,35.040,1409,4937136
2026-09-16,603800,58.220,64,372608
2026-09-16,603801,5.840,496,289664
2026-09-16,603803,11.250,419,471375
2026-09-16,603806,14.290,121,172909
2026-09-16,603808,8.280,98,81144
2026-09-16,603809,8.410,103,86623
2026-09-16,603810,11.530,265,305545
2026-09-16,603811,6.640,23,15272
2026-09-16,603813,26.380,110,290180
2026-09-16,603815,5.160,89,45924
2026-09-16,603816,22.770,58,132066
2026-09-16,603817,5.640,735,414540
2026-09-16,603818,3.520,878,309056
2026-09-16,603819,14.910,235,350385
2026-09-16,603823,54.100,304,1644640
2026-09-16,603826,16.550,520,860600
2026-09-16,603829,15.110,28,42308
2026-09-16,603833,29.200,63,183960
2026-09-16,603836,9.060,400,362400
2026-09-16,603839,6.430,20,12860
2026-09-16,603848,13.150,247,324805
2026-09-16,603855,16.770,11,18447
2026-09-16,603856,11.260,125,140750
2026-09-16,603858,14.610,42,61362
2026-09-16,603859,38.000,148,562400
2026-09-16,603860,24.570,248,609336
2026-09-16,603861,10.960,86,94256
2026-09-16,603863,11.640,27,31428
2026-09-16,603866,4.210,1631,686836
2026-09-16,603867,29.000,65,188500
2026-09-16,603868,31.590,103,325377
2026-09-16,603871,12.990,351,455949
2026-09-16,603876,19.140,120,229680
2026-09-16,603877,11.840,33,39072
2026-09-16,603878,4.870,44,21428
2026-09-16,603879,4.800,579,277920
2026-09-16,603880,9.680,29,28072
2026-09-16,603881,23.380,384,897792
2026-09-16,603882,26.950,215,579425
2026-09-16,603883,12.800,241,308480
2026-09-16,603885,10.010,311,311311
2026-09-16,603886,11.540,55,63470
2026-09-16,603887,8.620,584,503408
2026-09-16,603888,17.250,9682,16700588
2026-09-16,603889,6.060,1023,619938
2026-09-16,603890,16.700,438,731460
2026-09-16,603893,177.100,220,3889116
2026-09-16,603895,25.090,2,5018
2026-09-16,603896,14.020,12,16824
2026-09-16,603897,29.100,100,291000
2026-09-16,603898,10.710,23,24633
2026-09-16,603899,22.180,21,46578
2026-09-16,603900,6.440,1697,1092868
2026-09-16,603901,9.030,18,16254
2026-09-16,603903,13.830,99,136917
2026-09-16,603906,17.910,228,408348
2026-09-16,603908,17.670,180,318060
2026-09-16,603909,9.230,189,174447
2026-09-16,603912,8.340,146,121764
2026-09-16,603915,12.770,144,183888
2026-09-16,603916,10.350,602,623070
2026-09-16,603917,12.630,174,219762
2026-09-16,603918,10.300,650,669500
2026-09-16,603919,16.410,101,165741
2026-09-16,603920,42.430,712,3021016
2026-09-16,603926,16.400,45,73800
2026-09-16,603927,13.570,117,158769
2026-09-16,603928,11.690,711,831159
2026-09-16,603929,153.600,81,1244160
2026-09-16,603931,34.140,103,351642
2026-09-16,603933,18.690,25,46725
2026-09-16,603936,22.240,6703,14907472
2026-09-16,603937,11.290,96,108384
2026-09-16,603938,51.510,3476,17904876
2026-09-16,603939,22.680,69,156492
2026-09-16,603948,18.490,43,79507
2026-09-16,603949,13.620,14,19068
2026-09-16,603950,54.890,55,301895
2026-09-16,603955,22.170,185,410145
2026-09-16,603956,6.350,609,386715
2026-09-16,603958,15.770,110,173470
2026-09-16,603960,15.820,365,577430
2026-09-16,603966,7.290,108,78732
2026-09-16,603967,11.420,7,7994
2026-09-16,603968,10.100,57,57570
2026-09-16,603969,7.490,9,6741
2026-09-16,603970,10.620,96,101952
2026-09-16,603976,28.540,55,156970
2026-09-16,603977,11.220,284,318648
2026-09-16,603978,20.570,745,1532465
2026-09-16,603979,72.490,180,1304820
2026-09-16,603980,7.840,3317,2600528
2026-09-16,603982,5.960,778,463688
2026-09-16,603983,28.030,437,1224911
2026-09-16,603985,16.690,96,160224
2026-09-16,603986,366.110,1268,46422748
2026-09-16,603987,7.260,160,116160
2026-09-16,603988,18.160,10,18160
2026-09-16,603989,35.600,3707,13196920
2026-09-16,603990,19.300,549,1059570
2026-09-16,603991,178.470,54,963738
2026-09-16,603992,19.630,105,206115
2026-09-16,603993,17.660,3659,6461794
2026-09-16,603995,24.800,109,270320
2026-09-16,603997,11.610,918,1065798
2026-09-16,603998,10.230,86,87978
2026-09-16,603999,6.090,6699,4079691
2026-09-16,605001,5.580,351,195858
2026-09-16,605003,23.460,111,260406
2026-09-16,605005,15.860,51,80886
2026-09-16,605006,16.990,8849,15034451
2026-09-16,605007,14.360,24,34464
2026-09-16,605008,14.100,164,231240
2026-09-16,605009,24.170,13,31421
2026-09-16,605011,18.680,4479,8366772
2026-09-16,605016,21.240,37,78588
2026-09-16,605020,31.590,220,694980
2026-09-16,605028,23.850,28,66780
2026-09-16,605033,18.500,136,251600
2026-09-16,605050,9.870,25,24675
2026-09-16,605055,8.540,88,75152
2026-09-16,605056,12.820,230,294860
2026-09-16,605058,40.500,7826,31695300
2026-09-16,605060,38.170,13,49621
2026-09-16,605066,6.560,123,80688
2026-09-16,605068,19.160,128,245248
2026-09-16,605069,11.540,4999,5768846
2026-09-16,605077,11.190,3266,3654654
2026-09-16,605080,22.800,56,127680
2026-09-16,605086,22.910,25,57275
2026-09-16,605088,22.020,668,1470936
2026-09-16,605089,20.000,14,28000
2026-09-16,605090,32.890,213,700557
2026-09-16,605099,28.700,5,14350
2026-09-16,605100,30.970,7,21679
2026-09-16,605108,11.790,122,143838
2026-09-16,605111,54.000,211,1139400
2026-09-16,605116,19.000,73,138700
2026-09-16,605117,85.100,193,1642430
2026-09-16,605118,32.510,275,894025
2026-09-16,605122,11.000,48,52800
2026-09-16,605123,78.370,111,869907
2026-09-16,605128,22.860,182,416052
2026-09-16,605133,23.300,26,60580
2026-09-16,605136,8.150,105,85575
2026-09-16,605138,5.740,29,16646
2026-09-16,605151,17.880,10,17880
2026-09-16,605155,14.330,167,239311
2026-09-16,605158,7.640,21,16044
2026-09-16,605162,11.550,20056,23165084
2026-09-16,605166,8.210,57,46797
2026-09-16,605167,16.270,404,657308
2026-09-16,605168,50.750,971,4927825
2026-09-16,605169,12.770,180,229860
2026-09-16,605177,24.640,434,1069376
2026-09-16,605178,64.310,47,302257
2026-09-16,605179,24.000,3821,9170400
2026-09-16,605180,12.560,7,8792
2026-09-16,605183,15.970,207,330579
2026-09-16,605186,24.780,2,4956
2026-09-16,605188,11.450,2549,2918605
2026-09-16,605189,13.780,32,44096
2026-09-16,605196,31.190,534,1665546
2026-09-16,605198,80.900,513,4150170
2026-09-16,605208,14.530,236,342908
2026-09-16,605218,13.600,35,47600
2026-09-16,605222,22.640,144,326016
2026-09-16,605228,10.180,36,36648
2026-09-16,605255,61.380,73,448074
2026-09-16,605258,35.730,1154,4123242
2026-09-16,605259,17.320,62,107384
2026-09-16,605266,15.220,12,18264
2026-09-16,605268,9.320,25,23300
2026-09-16,605277,17.140,1490,2553860
2026-09-16,605286,24.030,12,28836
2026-09-16,605287,35.160,27,94932
2026-09-16,605288,60.710,22,133562
2026-09-16,605289,96.180,17,163506
2026-09-16,605296,34.220,190,650180
2026-09-16,605298,42.520,13,55276
2026-09-16,605299,11.680,686,801248
2026-09-16,605300,9.730,114,110922
2026-09-16,605305,32.400,283,916920
2026-09-16,605318,73.700,1,7370
2026-09-16,605319,22.830,40,91320
2026-09-16,605333,15.910,114,181374
2026-09-16,605337,8.810,72,63432
2026-09-16,605338,17.550,80,140400
2026-09-16,605339,12.650,16,20240
2026-09-16,605580,22.880,6038,13814944
2026-09-16,605588,44.070,48,211536
2026-09-16,605589,40.080,2176,8721408
2026-09-16,605598,24.550,30,73650
2026-09-16,605599,13.940,107,149158
2026-09-17,000001,11.680,3624,4232832
2026-09-17,000002,3.010,5121,1541421
2026-09-17,000006,6.680,309,206412
2026-09-17,000007,11.180,3,3354
2026-09-17,000008,2.390,140,33460
2026-09-17,000009,6.940,441,306054
2026-09-17,000011,8.400,776,651840
2026-09-17,000012,3.700,1292,478040
2026-09-17,000014,10.090,219,220971
2026-09-17,000063,32.110,5079,16308669
2026-09-17,000065,9.720,1205,1171260
2026-09-17,000066,13.970,7271,10157587
2026-09-17,000068,3.190,376,119944
2026-09-17,000069,1.740,1637,284838
2026-09-17,000156,6.870,104,71448
2026-09-17,000157,6.190,3575,2212925
2026-09-17,000158,12.630,1344,1697472
2026-09-17,000159,5.410,116,62756
2026-09-17,000166,4.380,4352,1906176
2026-09-17,000408,71.770,867,6222459
2026-09-17,000409,8.730,961,838953
2026-09-17,000410,4.950,375,185625
2026-09-17,000411,9.800,51,49980
2026-09-17,000415,4.460,4266,1902636
2026-09-17,000429,12.710,194,246574
2026-09-17,000430,6.740,1284,865416
2026-09-17,000498,4.880,91,44408
2026-09-17,000501,7.070,186,131502
2026-09-17,000503,6.650,708,470820
2026-09-17,000504,8.260,37,30562
2026-09-17,000505,6.430,1991,1280213
2026-09-17,000506,19.000,17778,33778200
2026-09-17,000507,5.030,128,64384
2026-09-17,000509,3.480,317,110316
2026-09-17,000510,17.880,1163,2079444
2026-09-17,000513,26.480,399,1056552
2026-09-17,000514,4.100,388,159080
2026-09-17,000516,4.220,584,246448
2026-09-17,000517,2.000,1254,250800
2026-09-17,000518,3.780,424,160272
2026-09-17,000519,15.400,2741,4221140
2026-09-17,000520,4.020,360,144720
2026-09-17,000521,4.370,810,353970
2026-09-17,000523,3.210,18048,5793408
2026-09-17,000524,8.860,172,152392
2026-09-17,000525,4.500,1819,818550
2026-09-17,000526,35.050,93,325965
2026-09-17,000528,7.670,2545,1952015
2026-09-17,000529,4.840,198,95832
2026-09-17,000530,5.090,343,174587
2026-09-17,000531,5.730,352,201696
2026-09-17,000532,11.960,5669,6780124
2026-09-17,000533,11.200,956,1070720
2026-09-17,000534,23.380,611,1428518
2026-09-17,000536,3.380,2626,887588
2026-09-17,000537,7.580,982,744356
2026-09-17,000538,50.750,261,1324575
2026-09-17,000539,5.270,2388,1258476
2026-09-17,000541,4.850,435,210975
2026-09-17,000543,7.490,417,312333
2026-09-17,000544,7.270,207,150489
2026-09-17,000545,2.170,1944,421848
2026-09-17,000546,4.460,107,47722
2026-09-17,000547,14.690,4314,6337266
2026-09-17,000548,4.500,96,43200
2026-09-17,000550,17.250,63,108675
2026-09-17,000551,12.110,437,529207
2026-09-17,000552,2.500,3413,853250
2026-09-17,000553,5.650,222,125430
2026-09-17,000554,6.460,3203,2069138
2026-09-17,000555,10.300,81,83430
2026-09-17,000557,3.660,2209,808494
2026-09-17,000558,3.530,415,146495
2026-09-17,000559,10.260,1038,1064988
2026-09-17,000560,2.650,26394,6994410
2026-09-17,000561,7.750,8230,6378250
2026-09-17,000563,2.960,921,272616
2026-09-17,000564,1.480,8620,1275760
2026-09-17,000565,6.500,1856,1206400
2026-09-17,000566,4.510,1098,495198
2026-09-17,000567,5.880,1066,626808
2026-09-17,000568,72.070,1267,9131269
2026-09-17,000570,5.100,99,50490
2026-09-17,000571,6.300,7922,4990728
2026-09-17,000572,4.000,18584,7433600
2026-09-17,000573,3.640,278,101192
2026-09-17,000576,8.180,383,313294
2026-09-17,000581,18.030,98,176694
2026-09-17,000582,10.500,6668,7001400
2026-09-17,000586,14.400,1003,1444320
2026-09-17,000589,4.210,822,346062
2026-09-17,000590,8.850,41,36285
2026-09-17,000591,4.330,1340,580220
2026-09-17,000592,8.500,86797,73777450
2026-09-17,000593,21.220,320,679040
2026-09-17,000595,5.400,549,296460
2026-09-17,000596,92.500,113,1045250
2026-09-17,000597,4.610,116,53476
2026-09-17,000598,7.030,204,143412
2026-09-17,000599,4.590,209,95931
2026-09-17,000600,7.320,3890,2847480
2026-09-17,000601,6.270,1363,854601
2026-09-17,000603,34.360,7101,24399036
2026-09-17,000605,5.780,544,314432
2026-09-17,000607,3.960,5330,2110680
2026-09-17,000608,7.130,107,76291
2026-09-17,000612,11.530,10485,12089205
2026-09-17,000617,6.770,4522,3061394
2026-09-17,000619,4.880,635,309880
2026-09-17,000620,3.110,24051,7479861
2026-09-17,000623,17.400,420,730800
2026-09-17,000625,7.090,1642,1164178
2026-09-17,000626,8.530,1129,963037
2026-09-17,000628,55.950,535,2993325
2026-09-17,000629,2.880,2968,854784
2026-09-17,000630,6.040,25147,15188788
2026-09-17,000631,2.930,170,49810
2026-09-17,000633,5.100,338,172380
2026-09-17,000635,7.290,242,176418
2026-09-17,000636,57.660,15414,88877124
2026-09-17,000637,4.110,743,305373
2026-09-17,000650,5.160,603,311148
2026-09-17,000651,38.000,1174,4461200
2026-09-17,000652,3.330,327,108891
2026-09-17,000655,7.100,52,36920
2026-09-17,000656,1.180,11528,1360304
2026-09-17,000657,61.990,6115,37906885
2026-09-17,000659,2.810,866,243346
2026-09-17,000661,70.700,160,1131200
2026-09-17,000663,5.950,814,484330
2026-09-17,000665,4.080,1054,430032
2026-09-17,000670,7.920,28699,22729608
2026-09-17,000672,14.920,890,1327880
2026-09-17,000676,6.600,879,580140
2026-09-17,000678,8.590,405,347895
2026-09-17,000679,6.160,268,165088
2026-09-17,000680,9.400,1522,1430680
2026-09-17,000681,15.950,367,585365
2026-09-17,000682,10.660,270,287820
2026-09-17,000683,5.750,613,352475
2026-09-17,000685,10.930,598,653614
2026-09-17,000686,7.700,130,100100
2026-09-17,000688,25.880,265,685820
2026-09-17,000690,5.240,1359,712116
2026-09-17,000691,9.360,158,147888
2026-09-17,000692,4.140,286,118404
2026-09-17,000695,13.100,57,74670
2026-09-17,000697,8.810,102,89862
2026-09-17,000700,11.040,808,892032
2026-09-17,000701,5.180,876,453768
2026-09-17,000702,5.630,409,230267
2026-09-17,000703,17.130,5598,9589374
2026-09-17,000705,6.890,81,55809
2026-09-17,000707,4.420,130,57460
2026-09-17,000708,13.180,951,1253418
2026-09-17,000709,2.060,5206,1072436
2026-09-17,000710,8.350,387,323145
2026-09-17,000711,5.030,6695,3367585
2026-09-17,000712,9.920,5937,5889504
2026-09-17,000713,6.140,1646,1010644
2026-09-17,000715,5.210,48,25008
2026-09-17,000716,5.040,446,224784
2026-09-17,000717,2.200,562,123640
2026-09-17,000718,1.910,279,53289
2026-09-17,000719,12.100,42,50820
2026-09-17,000720,4.050,30355,12293775
2026-09-17,000721,6.080,2593,1576544
2026-09-17,000722,14.120,4517,6378004
2026-09-17,000723,3.620,2357,853234
2026-09-17,000725,5.420,134008,72632336
2026-09-17,000726,6.150,1785,1097775
2026-09-17,000727,2.230,2496,556608
2026-09-17,000728,7.500,1291,968250
2026-09-17,000729,10.760,523,562748
2026-09-17,000731,8.000,5642,4513600
2026-09-17,000733,41.010,662,2714862
2026-09-17,000735,5.770,9897,5710713
2026-09-17,000736,4.250,424,180200
2026-09-17,000737,14.300,18948,27095640
2026-09-17,000738,19.260,262,504612
2026-09-17,000739,22.700,580,1316600
2026-09-17,000750,3.660,2195,803370
2026-09-17,000751,4.670,863,403021
2026-09-17,000753,5.300,16673,8836690
2026-09-17,000755,4.700,335,157450
2026-09-17,000756,12.680,59,74812
2026-09-17,000757,4.250,223,94775
2026-09-17,000758,5.980,1172,700856
2026-09-17,000759,6.200,19268,11946160
2026-09-17,000761,2.260,322,72772
2026-09-17,000762,21.590,133,287147
2026-09-17,000766,15.240,114,173736
2026-09-17,000767,3.500,1301,455350
2026-09-17,000768,22.350,770,1720950
2026-09-17,000776,20.100,3788,7613880
2026-09-17,000777,16.560,101,167256
2026-09-17,000778,3.580,1790,640820
2026-09-17,000779,8.430,1206,1016658
2026-09-17,000782,7.790,243,189297
2026-09-17,000783,8.330,5738,4779754
2026-09-17,000785,2.180,1643,358174
2026-09-17,000786,15.740,444,698856
2026-09-17,000788,5.240,170,89080
2026-09-17,000789,4.040,509,205636
2026-09-17,000790,3.850,358,137830
2026-09-17,000791,7.330,558,409014
2026-09-17,000792,24.650,2025,4991625
2026-09-17,000795,8.120,108,87696
2026-09-17,000796,3.670,4116,1510572
2026-09-17,000797,2.530,4283,1083599
2026-09-17,000798,10.080,1509,1521072
2026-09-17,000799,36.960,192,709632
2026-09-17,000800,5.910,453,267723
2026-09-17,000801,11.980,150,179700
2026-09-17,000802,3.930,2220,872460
2026-09-17,000803,7.180,37,26853
2026-09-17,000807,26.700,7392,19736640
2026-09-17,000839,2.760,14354,3961704
2026-09-17,000848,8.150,305,248575
2026-09-17,000850,4.040,139,56156
2026-09-17,000852,5.480,535,293180
2026-09-17,000856,8.600,430,369800
2026-09-17,000858,69.010,720,4968720
2026-09-17,000859,9.650,9300,8974500
2026-09-17,000860,10.240,380,389120
2026-09-17,000862,5.640,2785,1570740
2026-09-17,000929,8.950,41,36695
2026-09-17,000930,4.950,9450,4677750
2026-09-17,000931,4.350,246,107010
2026-09-17,000932,3.590,2283,819597
2026-09-17,000933,26.570,2360,6270520
2026-09-17,000955,4.050,214,86670
2026-09-17,000957,9.790,587,574673
2026-09-17,000958,5.060,194,98164
2026-09-17,000959,3.500,686,240100
2026-09-17,000981,2.740,94598,25919852
2026-09-17,000983,6.590,3912,2578008
2026-09-17,000985,16.550,61,100955
2026-09-17,000987,7.290,964,702756
2026-09-17,000988,106.930,6508,69590044
2026-09-17,000989,8.520,267,227484
2026-09-17,000990,6.410,1155,740355
2026-09-17,000993,16.640,55090,91670026
2026-09-17,000995,10.650,171,182115
2026-09-17,000997,19.600,393,770280
2026-09-17,000998,8.750,1088,952000
2026-09-17,000999,23.760,166,394416
2026-09-17,001201,13.870,1681,2331547
2026-09-17,001213,3.480,219,76212
2026-09-17,001215,29.910,25,74775
2026-09-17,001216,19.490,52935,103170315
2026-09-17,001217,10.090,57,57513
2026-09-17,001218,23.890,38,90782
2026-09-17,001219,12.380,29,35902
2026-09-17,001220,31.080,58,180264
2026-09-17,001221,35.500,108,383400
2026-09-17,001222,14.800,186,275280
2026-09-17,001223,43.870,2205,9673335
2026-09-17,001225,45.500,105,477750
2026-09-17,001226,42.910,9,38619
2026-09-17,001227,2.110,15035,3172385
2026-09-17,001228,32.290,139,448831
2026-09-17,001229,36.810,608,2238048
2026-09-17,001230,18.030,29,52287
2026-09-17,001231,21.000,67,140700
2026-09-17,001232,197.000,461,9081700
2026-09-17,001233,41.500,6,24900
2026-09-17,001234,22.800,131,298680
2026-09-17,001236,7.830,1069,837027
2026-09-17,001237,49.080,17,83436
2026-09-17,001238,23.680,7,16576
2026-09-17,001239,11.810,59,69679
2026-09-17,001248,11.700,2132,2494440
2026-09-17,001255,26.190,57,149283
2026-09-17,001256,21.360,61,130296
2026-09-17,001257,23.080,407,939356
2026-09-17,001258,11.020,2148,2367096
2026-09-17,001259,44.300,2,8860
2026-09-17,001260,17.810,37,65897
2026-09-17,001266,32.630,50,163150
2026-09-17,001267,36.710,777,2852367
2026-09-17,001268,24.250,46,111550
2026-09-17,001269,18.620,252,469224
2026-09-17,001270,99.300,716,7112660
2026-09-17,001277,28.930,72,208296
2026-09-17,001278,15.600,113,176280
2026-09-17,001279,25.910,14,36274
2026-09-17,001280,62.700,130,815100
2026-09-17,001283,47.790,14,66906
2026-09-17,001285,41.900,24,100560
2026-09-17,001286,9.820,1639,1609498
2026-09-17,001287,23.700,1424,3374880
2026-09-17,001288,30.800,1228,3782240
2026-09-17,001289,15.160,384,582144
2026-09-17,001296,18.930,62,117366
2026-09-17,001298,17.050,172,293260
2026-09-17,001299,9.890,1041,1029549
2026-09-17,001300,11.500,162,186300
2026-09-17,001301,51.000,592,3019200
2026-09-17,001306,52.000,761,3957200
2026-09-17,001308,17.800,146,259880
2026-09-17,001309,397.250,814,32336150
2026-09-17,001311,16.500,90,148500
2026-09-17,001312,17.600,65,114400
2026-09-17,001313,6.950,307,213365
2026-09-17,001314,50.300,57,286710
2026-09-17,001316,27.910,196,547036
2026-09-17,001317,48.490,240,1163760
2026-09-17,001318,11.200,6,6720
2026-09-17,001319,21.800,78,170040
2026-09-17,001322,6.120,226,138312
2026-09-17,001323,17.290,8,13832
2026-09-17,001324,19.890,317,630513
2026-09-17,001325,36.580,8,29264
2026-09-17,001326,87.480,308,2694384
2026-09-17,001328,29.020,26,75452
2026-09-17,001330,5.440,4523,2460512
2026-09-17,001331,42.990,176,756624
2026-09-17,001332,26.220,89,233358
2026-09-17,001333,18.740,1,1874
2026-09-17,001335,31.600,21,66360
2026-09-17,001336,17.910,90,161190
2026-09-17,001337,51.800,1312,6797041
2026-09-17,001338,8.800,410,360800
2026-09-17,001339,76.700,351,2692170
2026-09-17,001356,8.830,58,51214
2026-09-17,001358,24.150,1402,3385830
2026-09-17,001359,88.770,51,455390
2026-09-17,001360,18.510,71,131421
2026-09-17,001365,33.970,97,329509
2026-09-17,001366,12.680,144,182592
2026-09-17,001367,19.760,75,148200
2026-09-17,001368,30.350,106,321710
2026-09-17,001369,12.180,157,191226
2026-09-17,001373,27.990,32,89568
2026-09-17,001376,11.630,520,604760
2026-09-17,001378,22.280,4696,10462688
2026-09-17,001379,15.390,7,10773
2026-09-17,001380,18.030,121,218163
2026-09-17,001382,16.270,135,219645
2026-09-17,001386,15.830,117,185211
2026-09-17,001387,11.370,63,71631
2026-09-17,001388,20.450,662,1353790
2026-09-17,001389,171.030,430,7354290
2026-09-17,001390,16.480,17,28016
2026-09-17,001391,3.960,1981,784476
2026-09-17,001393,41.400,62,256680
2026-09-17,001395,28.290,65,183885
2026-09-17,001396,31.500,14,44100
2026-09-17,001399,21.410,1796,3845236
2026-09-17,001400,74.450,112,833840
2026-09-17,001696,15.310,1256,1922936
2026-09-17,001872,23.110,37,85507
2026-09-17,001896,12.170,6241,7595297
2026-09-17,001914,8.710,36,31356
2026-09-17,001965,10.020,667,668334
2026-09-17,001979,6.690,1367,914523
2026-09-17,002001,26.130,471,1230723
2026-09-17,002003,11.350,120,136200
2026-09-17,002004,4.400,1094,481360
2026-09-17,002005,2.450,539,132055
2026-09-17,002006,13.220,158,208876
2026-09-17,002007,12.710,74,94054
2026-09-17,002008,95.610,2473,23644353
2026-09-17,002009,15.450,356,550020
2026-09-17,002010,4.510,764,344564
2026-09-17,002011,13.660,2617,3574412
2026-09-17,002012,7.200,824,593280
2026-09-17,002014,11.010,275,302775
2026-09-17,002015,16.620,4068,6761016
2026-09-17,002016,4.430,276,122268
2026-09-17,002017,14.250,1064,1516200
2026-09-17,002019,9.210,75,69075
2026-09-17,002020,11.390,98,111622
2026-09-17,002021,2.680,442,118456
2026-09-17,002022,5.580,26,14508
2026-09-17,002023,9.540,183,174582
2026-09-17,002025,71.220,2591,18453102
2026-09-17,002026,11.740,200,234800
2026-09-17,002027,4.670,2822,1317874
2026-09-17,002028,134.300,229,3075470
2026-09-17,002029,8.120,156,126672
2026-09-17,002030,5.200,127,66040
2026-09-17,002031,5.040,3008,1516032
2026-09-17,002032,39.450,41,161745
2026-09-17,002033,8.320,690,574080
2026-09-17,002034,14.360,110,157960
2026-09-17,002035,4.520,362,163624
2026-09-17,002036,6.150,831,511065
2026-09-17,002037,6.770,6,4062
2026-09-17,002038,5.510,751,413801
2026-09-17,002039,19.350,196,379260
2026-09-17,002040,8.860,3148,2789128
2026-09-17,002041,9.790,836,818444
2026-09-17,002042,3.780,955,360990
2026-09-17,002043,10.780,351,378378
2026-09-17,002044,4.310,2183,940873
2026-09-17,002045,8.830,258,227814
2026-09-17,002046,61.010,812,4954012
2026-09-17,002047,3.340,839,280226
2026-09-17,002048,17.230,461,794303
2026-09-17,002049,60.020,777,4663554
2026-09-17,002050,33.500,1331,4458850
2026-09-17,002051,8.650,2101,1817365
2026-09-17,002052,8.390,26,21814
2026-09-17,002053,9.600,119,114240
2026-09-17,002054,7.000,103,72100
2026-09-17,002056,19.530,342,667926
2026-09-17,002057,8.750,819,716625
2026-09-17,002058,16.980,216,366768
2026-09-17,002059,4.430,8958,3968394
2026-09-17,002060,3.070,1139,349673
2026-09-17,002061,3.320,392,130144
2026-09-17,002062,9.040,1918,1733872
2026-09-17,002063,5.330,966,514878
2026-09-17,002064,10.000,1196,1196000
2026-09-17,002065,6.610,337,222757
2026-09-17,002066,20.160,86,173376
2026-09-17,002067,3.990,1186,473214
2026-09-17,002068,10.480,42393,44427864
2026-09-17,002069,3.660,256,93696
2026-09-17,002072,7.030,590,414770
2026-09-17,002073,5.610,300,168300
2026-09-17,002074,25.800,3598,9282840
2026-09-17,002075,3.560,461,164116
2026-09-17,002076,2.130,10890,2319570
2026-09-17,002077,14.040,8456,11872224
2026-09-17,002078,13.880,118,163784
2026-09-17,002079,9.110,1294,1178834
2026-09-17,002080,60.920,28451,173322944
2026-09-17,002081,4.790,16550,7927450
2026-09-17,002083,9.850,970,955450
2026-09-17,002084,5.260,9402,4945452
2026-09-17,002085,9.590,588,563892
2026-09-17,002086,2.010,2153,432753
2026-09-17,002088,7.840,151,118384
2026-09-17,002090,9.030,262,236586
2026-09-17,002091,7.740,175,135450
2026-09-17,002092,4.450,1322,588290
2026-09-17,002093,7.690,13641,10490114
2026-09-17,002094,4.950,418,206910
2026-09-17,002095,15.990,4848,7751952
2026-09-17,002096,9.070,182,165074
2026-09-17,002097,7.200,537,386640
2026-09-17,002098,7.800,403,314340
2026-09-17,002099,5.340,899,480066
2026-09-17,002100,7.570,416,314912
2026-09-17,002101,8.500,245,208250
2026-09-17,002103,6.310,16,10096
2026-09-17,002104,11.060,2057,2275042
2026-09-17,002105,5.950,161,95795
2026-09-17,002106,11.470,1823,2090981
2026-09-17,002107,6.640,1596,1059744
2026-09-17,002108,4.400,798,351120
2026-09-17,002110,2.950,881,259895
2026-09-17,002111,9.520,159,151368
2026-09-17,002112,14.510,216,313416
2026-09-17,002114,7.360,195,143520
2026-09-17,002115,10.010,484,484484
2026-09-17,002116,7.090,152,107768
2026-09-17,002117,7.790,24,18696
2026-09-17,002119,24.600,3261,8022060
2026-09-17,002120,6.670,1636,1091212
2026-09-17,002121,4.820,620,298840
2026-09-17,002123,7.600,72,54720
2026-09-17,002124,2.230,3991,889993
2026-09-17,002125,12.030,193,232179
2026-09-17,002126,38.300,175,670250
2026-09-17,002127,2.980,758,225884
2026-09-17,002128,27.790,7512,20875848
2026-09-17,002129,8.780,5189,4555942
2026-09-17,002130,16.870,903,1523361
2026-09-17,002131,4.380,6250,2737500
2026-09-17,002132,4.290,3416,1465464
2026-09-17,002133,2.720,370,100640
2026-09-17,002134,24.940,910,2269540
2026-09-17,002135,5.980,60,35880
2026-09-17,002136,11.860,11,13046
2026-09-17,002137,8.480,33520,28424960
2026-09-17,002138,50.660,856,4336496
2026-09-17,002139,9.620,405,389610
2026-09-17,002140,9.080,255,231540
2026-09-17,002141,6.660,11180,7445880
2026-09-17,002159,13.080,121,158268
2026-09-17,002160,3.970,228,90516
2026-09-17,002161,7.100,22847,16221370
2026-09-17,002162,3.880,348,135024
2026-09-17,002163,8.740,2736,2391264
2026-09-17,002181,9.170,2278,2088926
2026-09-17,002182,11.340,145,164430
2026-09-17,002183,4.330,445,192685
2026-09-17,002184,9.640,20,19280
2026-09-17,002185,16.680,15512,25874016
2026-09-17,002186,9.240,187,172788
2026-09-17,002187,5.490,249,136701
2026-09-17,002188,5.270,275,144925
2026-09-17,002189,19.050,10,19050
2026-09-17,002190,24.450,1218,2978010
2026-09-17,002191,3.560,401,142756
2026-09-17,002192,60.150,762,4583430
2026-09-17,002194,10.940,5434,5944796
2026-09-17,002195,6.080,2215,1346720
2026-09-17,002196,9.860,528,520608
2026-09-17,002234,7.810,107,83567
2026-09-17,002235,7.960,387,308052
2026-09-17,002236,15.610,596,930356
2026-09-17,002237,14.010,2275,3187275
2026-09-17,002238,6.280,179,112412
2026-09-17,002239,2.480,1284,318432
2026-09-17,002240,27.010,1679,4534979
2026-09-17,002241,21.310,2068,4406908
2026-09-17,002242,9.300,1644,1528920
2026-09-17,002243,7.020,149,104598
2026-09-17,002249,6.300,745,469350
2026-09-17,002250,14.190,48,68112
2026-09-17,002251,3.450,4735,1633575
2026-09-17,002252,4.860,943,458298
2026-09-17,002253,9.700,135,130950
2026-09-17,002254,12.630,364,459732
2026-09-17,002255,7.610,198,150678
2026-09-17,002256,3.230,1310,423130
2026-09-17,002258,15.190,493,748867
2026-09-17,002259,4.100,460,188600
2026-09-17,002261,25.080,1723,4321284
2026-09-17,002262,21.620,150,324300
2026-09-17,002263,3.230,2747,887281
2026-09-17,002264,7.280,4937,3594136
2026-09-17,002265,20.190,972,1962468
2026-09-17,002266,4.800,4053,1945440
2026-09-17,002267,7.230,143,103389
2026-09-17,002268,14.180,1324,1877432
2026-09-17,002269,1.380,3663,505494
2026-09-17,002270,18.210,330,600930
2026-09-17,002271,10.080,1654,1667232
2026-09-17,002272,18.180,7567,13756806
2026-09-17,002273,24.490,1200,2938800
2026-09-17,002274,5.890,651,383439
2026-09-17,002275,12.120,60,72720
2026-09-17,002276,10.090,391,394519
2026-09-17,002277,5.390,559,301301
2026-09-17,002278,7.890,709,559401
2026-09-17,002279,6.740,2094,1411356
2026-09-17,002281,188.000,11270,211877504
2026-09-17,002282,5.980,10,5980
2026-09-17,002283,8.040,422,339288
2026-09-17,002284,9.310,1813,1687903
2026-09-17,002285,2.550,39948,10186788
2026-09-17,002286,7.610,356,270916
2026-09-17,002287,19.140,105,200970
2026-09-17,002289,35.300,55,194150
2026-09-17,002290,65.180,272,1772896
2026-09-17,002291,5.440,823,447712
2026-09-17,002292,8.330,901,750533
2026-09-17,002293,10.830,5,5415
2026-09-17,002294,29.600,110,325600
2026-09-17,002295,9.620,8211,7898982
2026-09-17,002296,9.130,644,587972
2026-09-17,002297,22.080,4225,9328800
2026-09-17,002298,8.430,1416,1193688
2026-09-17,002299,16.110,72,115992
2026-09-17,002300,8.230,26323,21663829
2026-09-17,002301,7.840,153,119952
2026-09-17,002302,4.610,367,169187
2026-09-17,002303,5.660,27744,15703104
2026-09-17,002304,37.780,62,234236
2026-09-17,002307,3.000,388,116400
2026-09-17,002309,2.970,2113,627561
2026-09-17,002310,2.310,2385,550935
2026-09-17,002311,42.300,170,719100
2026-09-17,002312,8.500,1904,1618400
2026-09-17,002313,8.330,140,116620
2026-09-17,002314,2.170,283,61411
2026-09-17,002315,23.820,163,388266
2026-09-17,002316,4.390,2319,1018041
2026-09-17,002317,24.590,256,629504
2026-09-17,002318,17.940,264,473616
2026-09-17,002319,9.950,296,294520
2026-09-17,002320,6.630,2601,1724463
2026-09-17,002321,1.970,448,88256
2026-09-17,002322,11.810,71,83851
2026-09-17,002324,9.100,621,565110
2026-09-17,002326,17.200,242,416240
2026-09-17,002327,6.030,333,200799
2026-09-17,002328,8.190,4200,3439800
2026-09-17,002329,3.610,1199,432839
2026-09-17,002330,4.000,364,145600
2026-09-17,002331,6.640,75,49800
2026-09-17,002332,8.490,198,168102
2026-09-17,002333,5.250,130,68250
2026-09-17,002334,6.520,196,127792
2026-09-17,002335,29.000,630,1827000
2026-09-17,002337,4.630,362,167606
2026-09-17,002338,41.550,224,930720
2026-09-17,002339,7.650,3333,2549745
2026-09-17,002340,6.200,2589,1605180
2026-09-17,002342,7.950,1142,907890
2026-09-17,002343,5.580,1001,558558
2026-09-17,002344,3.960,173,68508
2026-09-17,002345,8.870,526,466562
2026-09-17,002346,18.510,327,605277
2026-09-17,002347,5.880,480,282240
2026-09-17,002348,10.530,142,149526
2026-09-17,002349,7.950,5568,4426560
2026-09-17,002350,14.800,264,390720
2026-09-17,002351,9.670,606,586002
2026-09-17,002352,30.260,2533,7664858
2026-09-17,002353,122.000,1102,13444400
2026-09-17,002354,7.580,11133,8438814
2026-09-17,002355,4.640,123,57072
2026-09-17,002356,2.690,283,76127
2026-09-17,002357,11.830,67,79261
2026-09-17,002358,5.340,317,169278
2026-09-17,002361,10.410,5400,5621161
2026-09-17,002362,16.740,5094,8527356
2026-09-17,002363,6.680,66,44088
2026-09-17,002364,35.880,1070,3839160
2026-09-17,002365,13.860,292,404712
2026-09-17,002366,5.680,696,395328
2026-09-17,002367,5.540,357,197778
2026-09-17,002368,13.310,81,107811
2026-09-17,002369,5.690,174,99006
2026-09-17,002370,5.120,378,193536
2026-09-17,002371,662.000,599,39653800
2026-09-17,002372,8.070,114,91998
2026-09-17,002373,7.330,206,150998
2026-09-17,002374,3.040,182,55328
2026-09-17,002375,3.750,773,289875
2026-09-17,002376,6.420,106,68052
2026-09-17,002377,3.090,37784,11675256
2026-09-17,002378,23.890,3165,7561185
2026-09-17,002379,17.310,2205,3816855
2026-09-17,002380,26.100,60,156600
2026-09-17,002381,5.400,362,195480
2026-09-17,002382,5.800,104,60320
2026-09-17,002383,7.870,19197,15108039
2026-09-17,002384,192.000,4008,76953600
2026-09-17,002385,3.160,2483,784628
2026-09-17,002386,5.880,264,155232
2026-09-17,002387,6.830,180,122940
2026-09-17,002388,7.120,22874,16286288
2026-09-17,002389,19.000,651,1236900
2026-09-17,002390,2.900,272,78880
2026-09-17,002391,5.180,31,16058
2026-09-17,002392,7.620,443,337566
2026-09-17,002393,13.390,26,34814
2026-09-17,002394,10.460,118,123428
2026-09-17,002395,12.300,25,30750
2026-09-17,002396,37.650,16092,60586380
2026-09-17,002397,3.610,743,268223
2026-09-17,002398,4.180,195,81510
2026-09-17,002399,9.430,60,56580
2026-09-17,002400,6.420,1606,1031052
2026-09-17,002401,11.930,84,100212
2026-09-17,002402,18.600,335,623100
2026-09-17,002403,9.500,4863,4619850
2026-09-17,002404,5.690,17,9673
2026-09-17,002405,5.990,641,383959
2026-09-17,002406,6.500,1325,861250
2026-09-17,002407,32.690,2984,9754696
2026-09-17,002408,5.400,172,92880
2026-09-17,002409,137.100,1639,22470690
2026-09-17,002410,8.350,437,364895
2026-09-17,002412,8.680,1274,1105832
2026-09-17,002413,8.250,4973,4102667
2026-09-17,002414,12.160,1588,1931008
2026-09-17,002415,32.560,2301,7492056
2026-09-17,002416,8.900,173,153970
2026-09-17,002418,4.610,8720,4019920
2026-09-17,002419,4.550,449,204295
2026-09-17,002420,5.920,309,182928
2026-09-17,002421,3.130,1373,429749
2026-09-17,002422,40.450,259,1047655
2026-09-17,002423,9.170,241,220997
2026-09-17,002425,3.070,232,71224
2026-09-17,002426,2.620,682,178684
2026-09-17,002427,4.620,555,256410
2026-09-17,002428,96.000,8905,85488000
2026-09-17,002429,8.100,3005,2434050
2026-09-17,002430,25.510,415,1058665
2026-09-17,002432,59.520,513,3053376
2026-09-17,002434,5.630,347,195361
2026-09-17,002436,42.600,6146,26181960
2026-09-17,002437,3.360,7686,2582496
2026-09-17,002438,13.230,205,271215
2026-09-17,002439,13.310,1442,1919302
2026-09-17,002440,11.540,1864,2151056
2026-09-17,002441,8.100,205,166050
2026-09-17,002442,5.590,46078,25757602
2026-09-17,002443,11.820,6971,8239722
2026-09-17,002444,28.000,243,680400
2026-09-17,002445,3.060,1459,446454
2026-09-17,002446,8.320,921,766272
2026-09-17,002448,11.160,280,312480
2026-09-17,002449,6.450,75,48375
2026-09-17,002451,7.560,3222,2435832
2026-09-17,002452,11.770,359,422543
2026-09-17,002453,4.360,191,83276
2026-09-17,002454,4.950,78,38610
2026-09-17,002455,7.090,378,268002
2026-09-17,002456,6.930,2079,1440747
2026-09-17,002457,11.070,1685,1865295
2026-09-17,002458,8.410,859,722419
2026-09-17,002459,6.580,724,476392
2026-09-17,002460,45.700,2567,11731190
2026-09-17,002461,8.380,118,98884
2026-09-17,002462,12.170,138,167946
2026-09-17,002463,127.800,2869,36665820
2026-09-17,002465,10.200,3267,3332340
2026-09-17,002466,42.000,1682,7064400
2026-09-17,002467,4.590,406,186354
2026-09-17,002468,14.330,250,358250
2026-09-17,002469,5.970,114,68058
2026-09-17,002470,2.070,9359,1937313
2026-09-17,002471,5.480,744,407712
2026-09-17,002472,35.640,518,1846152
2026-09-17,002474,6.290,556,349724
2026-09-17,002475,52.390,5601,29343639
2026-09-17,002476,4.910,40,19640
2026-09-17,002478,6.480,279,180792
2026-09-17,002479,5.750,601,345575
2026-09-17,002480,5.190,163,84597
2026-09-17,002481,4.170,346,144282
2026-09-17,002482,1.300,2224,289120
2026-09-17,002483,5.900,1470,867300
2026-09-17,002484,60.150,1679,10099185
2026-09-17,002486,2.770,967,267859
2026-09-17,002487,38.520,20292,78165554
2026-09-17,002488,7.380,195,143910
2026-09-17,002489,3.010,14789,4451489
2026-09-17,002490,7.100,2783,1975930
2026-09-17,002491,24.480,64294,157390733
2026-09-17,002492,5.990,101,60499
2026-09-17,002493,12.930,1517,1961481
2026-09-17,002494,4.480,511,228928
2026-09-17,002495,2.350,821,192935
2026-09-17,002496,2.140,351,75114
2026-09-17,002497,16.550,1797,2974035
2026-09-17,002498,6.520,6167,4020884
2026-09-17,002500,5.240,1071,561204
2026-09-17,002506,2.460,3256,800976
2026-09-17,002507,10.980,148,162504
2026-09-17,002508,16.440,157,258108
2026-09-17,002510,5.510,721,397271
2026-09-17,002511,6.920,645,446340
2026-09-17,002513,5.210,181,94301
2026-09-17,002515,7.380,3236,2388168
2026-09-17,002516,5.720,789,451308
2026-09-17,002517,16.680,2117,3531156
2026-09-17,002518,36.940,487,1798978
2026-09-17,002519,6.110,4123,2519153
2026-09-17,002520,6.030,807,486621
2026-09-17,002537,5.730,347,198831
2026-09-17,002539,12.000,363,435600
2026-09-17,002540,5.010,641,321141
2026-09-17,002541,18.250,152,277400
2026-09-17,002543,7.030,1500,1054500
2026-09-17,002544,16.110,321,517131
2026-09-17,002545,15.990,621,992979
2026-09-17,002546,7.470,181,135207
2026-09-17,002548,3.910,354,138414
2026-09-17,002549,13.510,419,566069
2026-09-17,002571,10.680,97,103596
2026-09-17,002572,7.270,230,167210
2026-09-17,002573,3.100,305,94550
2026-09-17,002574,5.030,302,151906
2026-09-17,002575,5.080,185,93980
2026-09-17,002576,14.080,97,136576
2026-09-17,002577,20.890,3976,8305864
2026-09-17,002578,4.000,1272,508800
2026-09-17,002579,19.640,23003,45177892
2026-09-17,002580,19.010,1314,2497914
2026-09-17,002582,9.560,488,466528
2026-09-17,002583,8.290,426,353154
2026-09-17,002584,10.250,81555,83593875
2026-09-17,002585,11.740,50574,59373876
2026-09-17,002586,3.760,650,244400
2026-09-17,002642,6.920,31,21452
2026-09-17,002643,13.340,1141,1522094
2026-09-17,002644,8.080,118,95344
2026-09-17,002645,18.410,950,1748950
2026-09-17,002646,6.830,168,114744
2026-09-17,002647,10.950,544,595680
2026-09-17,002648,26.630,596,1587148
2026-09-17,002649,9.130,64,58432
2026-09-17,002651,8.340,3153,2629602
2026-09-17,002652,4.700,444,208680
2026-09-17,002653,63.250,79,499675
2026-09-17,002654,14.200,3276,4651920
2026-09-17,002655,37.510,2767,10379017
2026-09-17,002656,2.740,102,27948
2026-09-17,002657,14.880,188,279744
2026-09-17,002658,7.320,45,32940
2026-09-17,002659,4.410,247,108927
2026-09-17,002660,7.620,271,206502
2026-09-17,002661,7.410,205,151905
2026-09-17,002662,3.180,174,55332
2026-09-17,002663,1.710,130,22230
2026-09-17,002664,14.290,86,122894
2026-09-17,002666,4.180,245,102410
2026-09-17,002668,9.070,461,418127
2026-09-17,002669,14.080,4405,6202240
2026-09-17,002670,11.500,1365,1569750
2026-09-17,002671,3.890,378,147042
2026-09-17,002672,3.600,395,142200
2026-09-17,002673,6.700,674,451580
2026-09-17,002674,19.550,657,1284435
2026-09-17,002675,12.510,62,77562
2026-09-17,002676,5.140,249,127986
2026-09-17,002677,6.210,1255,779355
2026-09-17,002678,4.340,5,2170
2026-09-17,002679,11.170,4324,4829908
2026-09-17,002681,4.500,746,335700
2026-09-17,002682,5.160,1532,790512
2026-09-17,002683,27.610,92,254012
2026-09-17,002685,5.260,851,447626
2026-09-17,002686,6.150,120,73800
2026-09-17,002687,6.100,36,21960
2026-09-17,002688,5.140,39,20046
2026-09-17,002690,15.450,175,270375
2026-09-17,002692,4.360,145,63220
2026-09-17,002693,8.600,293,251980
2026-09-17,002695,10.650,813,865845
2026-09-17,002696,6.490,633,410817
2026-09-17,002697,4.550,277,126035
2026-09-17,002698,11.250,120,135000
2026-09-17,002700,6.290,556,349724
2026-09-17,002701,4.420,338,149396
2026-09-17,002702,5.350,6448,3449734
2026-09-17,002703,15.320,1355,2075860
2026-09-17,002705,11.250,1772,1993500
2026-09-17,002706,8.760,870,762120
2026-09-17,002707,4.960,1185,587760
2026-09-17,002708,16.530,1335,2206755
2026-09-17,002709,32.880,1572,5168736
2026-09-17,002712,4.880,550,268400
2026-09-17,002713,9.830,416,408928
2026-09-17,002714,41.000,2950,12095000
2026-09-17,002715,12.930,81,104733
2026-09-17,002716,10.000,29348,29348000
2026-09-17,002718,83.900,2,16780
2026-09-17,002721,2.680,7937,2127116
2026-09-17,002722,12.820,23,29486
2026-09-17,002723,7.980,1046,834708
2026-09-17,002724,7.130,3936,2806368
2026-09-17,002725,11.010,437,481137
2026-09-17,002727,10.750,118,126850
2026-09-17,002728,9.140,703,642542
2026-09-17,002729,13.710,207,283797
2026-09-17,002730,23.810,2163,5150103
2026-09-17,002732,13.520,83,112216
2026-09-17,002733,18.150,1184,2148960
2026-09-17,002734,17.050,234,398970
2026-09-17,002735,12.250,1729,2118025
2026-09-17,002736,9.830,469,460614
2026-09-17,002737,11.250,110,123750
2026-09-17,002738,44.000,753,3313200
2026-09-17,002739,8.460,2749,2326035
2026-09-17,002741,25.620,3207,8216334
2026-09-17,002742,4.110,1242,510462
2026-09-17,002745,12.300,2318,2851140
2026-09-17,002746,6.450,292,188340
2026-09-17,002747,28.880,1559,4502392
2026-09-17,002748,11.960,518,619528
2026-09-17,002749,8.460,116,98136
2026-09-17,002752,6.230,388,241724
2026-09-17,002753,6.750,9573,6461775
2026-09-17,002755,11.300,181,204530
2026-09-17,002756,40.790,250,1019750
2026-09-17,002757,17.710,636,1126356
2026-09-17,002758,8.530,172,146716
2026-09-17,002760,16.950,70,118650
2026-09-17,002761,7.130,140,99820
2026-09-17,002762,9.660,242,233772
2026-09-17,002763,7.210,274,197554
2026-09-17,002765,6.790,60,40740
2026-09-17,002766,4.010,102,40902
2026-09-17,002767,17.300,37,64010
2026-09-17,002768,64.380,212,1364856
2026-09-17,002769,6.590,473,311707
2026-09-17,002771,13.760,258,355008
2026-09-17,002772,10.670,321,342507
2026-09-17,002773,19.160,305,584380
2026-09-17,002774,16.320,637,1039584
2026-09-17,002775,3.220,157,50554
2026-09-17,002777,12.400,143,177320
2026-09-17,002778,15.050,52,78260
2026-09-17,002779,79.250,43,340775
2026-09-17,002780,13.600,4161,5658960
2026-09-17,002782,14.930,117,174681
2026-09-17,002783,7.710,2,1542
2026-09-17,002785,36.550,81,296055
2026-09-17,002786,7.380,137,101106
2026-09-17,002787,25.310,6705,16970355
2026-09-17,002788,10.790,2044,2205476
2026-09-17,002790,6.600,18759,12380940
2026-09-17,002791,14.050,63,88515
2026-09-17,002792,30.480,1376,4194048
2026-09-17,002793,4.430,322,142646
2026-09-17,002795,7.760,4306,3341456
2026-09-17,002796,29.410,273,802893
2026-09-17,002797,6.250,2429,1518125
2026-09-17,002798,6.550,589,385795
2026-09-17,002799,6.600,131,86460
2026-09-17,002800,14.740,61,89914
2026-09-17,002801,26.390,31,81809
2026-09-17,002802,11.780,95,111910
2026-09-17,002803,19.710,646,1273266
2026-09-17,002805,17.030,326,555178
2026-09-17,002806,15.070,4315,6502705
2026-09-17,002807,4.190,5821,2438999
2026-09-17,002809,8.120,79,64148
2026-09-17,002810,20.630,29,59827
2026-09-17,002811,14.650,521,763265
2026-09-17,002812,47.360,655,3102080
2026-09-17,002813,20.760,52,107952
2026-09-17,002815,23.260,9544,22199949
2026-09-17,002817,6.410,190,121790
2026-09-17,002818,11.360,52,59072
2026-09-17,002819,21.150,80,169200
2026-09-17,002820,9.460,339,320694
2026-09-17,002821,185.000,1940,35890000
2026-09-17,002823,12.520,130,162760
2026-09-17,002824,28.510,2051,5847401
2026-09-17,002825,9.470,22,20834
2026-09-17,002826,17.050,23,39215
2026-09-17,002827,64.900,995,6457550
2026-09-17,002828,10.350,951,984285
2026-09-17,002829,19.860,143,283998
2026-09-17,002830,14.120,65,91780
2026-09-17,002831,28.420,119,338198
2026-09-17,002832,24.950,117,291915
2026-09-17,002833,17.660,79,139514
2026-09-17,002835,12.500,78,97500
2026-09-17,002836,9.800,220,215600
2026-09-17,002837,61.700,1480,9131600
2026-09-17,002838,25.190,66,166254
2026-09-17,002839,4.320,1198,517536
2026-09-17,002840,8.050,734,590870
2026-09-17,002841,47.390,110,521290
2026-09-17,002842,35.630,3476,12386021
2026-09-17,002843,16.350,353,577155
2026-09-17,002845,13.930,396,551628
2026-09-17,002846,12.390,21172,26232108
2026-09-17,002847,42.700,64,273280
2026-09-17,002848,14.990,3650,5471350
2026-09-17,002849,17.980,93,167214
2026-09-17,002850,167.410,63,1054683
2026-09-17,002851,120.810,1214,14666334
2026-09-17,002852,7.920,868,687456
2026-09-17,002855,12.330,1470,1812510
2026-09-17,002857,17.200,59,101480
2026-09-17,002858,11.230,92,103316
2026-09-17,002859,67.500,804,5427000
2026-09-17,002860,16.250,1056,1716000
2026-09-17,002861,14.220,170,241740
2026-09-17,002862,14.860,119,176834
2026-09-17,002863,4.690,43,20167
2026-09-17,002864,20.250,33,66825
2026-09-17,002865,37.760,373,1408448
2026-09-17,002866,14.630,163,238469
2026-09-17,002867,10.340,257,265738
2026-09-17,002868,22.990,110,252890
2026-09-17,002869,15.370,43,66091
2026-09-17,002870,49.140,622,3058130
2026-09-17,002871,17.410,110,191510
2026-09-17,002873,7.920,454,359568
2026-09-17,002875,12.710,117,148707
2026-09-17,002876,31.450,352,1107040
2026-09-17,002877,7.310,298,217838
2026-09-17,002878,12.310,92,113252
2026-09-17,002879,16.490,284,468316
2026-09-17,002880,20.550,343,704865
2026-09-17,002881,40.470,275,1112925
2026-09-17,002882,22.200,15071,33457620
2026-09-17,002884,15.450,41,63345
2026-09-17,002885,27.610,679,1874719
2026-09-17,002886,26.650,2611,6958315
2026-09-17,002887,8.850,13,11505
2026-09-17,002888,19.000,38,72200
2026-09-17,002889,11.640,3,3492
2026-09-17,002890,14.170,70,99190
2026-09-17,002891,27.290,87,237423
2026-09-17,002892,8.580,88,75504
2026-09-17,002893,10.100,1066,1076660
2026-09-17,002895,30.860,23,70978
2026-09-17,002896,60.140,236,1419304
2026-09-17,002897,70.800,1717,12153670
2026-09-17,002899,19.790,250,494750
2026-09-17,002900,11.450,187,214115
2026-09-17,002901,38.660,48,185568
2026-09-17,002902,29.450,2996,8823220
2026-09-17,002903,28.760,2003,5760628
2026-09-17,002905,8.320,4,3328
2026-09-17,002906,27.000,120,324000
2026-09-17,002907,13.200,66,87120
2026-09-17,002908,6.880,90,61920
2026-09-17,002909,6.430,4423,2843989
2026-09-17,002910,9.680,212,205216
2026-09-17,002911,11.310,196,221676
2026-09-17,002912,23.380,20667,48319446
2026-09-17,002913,83.110,1282,10654702
2026-09-17,002915,17.160,266,456456
2026-09-17,002916,394.460,180,7100280
2026-09-17,002917,10.010,3,3003
2026-09-17,002918,11.030,1471,1622513
2026-09-17,002919,16.470,27,44469
2026-09-17,002920,80.900,170,1375300
2026-09-17,002921,19.950,89,177555
2026-09-17,002922,22.780,345,785910
2026-09-17,002923,10.680,63,67284
2026-09-17,002925,24.450,528,1290960
2026-09-17,002926,8.190,356,291564
2026-09-17,002927,18.100,382,691420
2026-09-17,002962,13.380,396,529848
2026-09-17,002963,21.000,2533,5319300
2026-09-17,002965,27.830,315,876645
2026-09-17,002966,9.050,805,728525
2026-09-17,002967,17.040,61,103944
2026-09-17,002968,9.050,184,166520
2026-09-17,002969,11.310,1046,1183026
2026-09-17,002970,44.000,228,1003200
2026-09-17,002971,39.430,832,3280576
2026-09-17,002972,13.190,202,266438
2026-09-17,002996,5.920,136,80512
2026-09-17,002997,27.400,3573,9789253
2026-09-17,002998,7.450,294,219030
2026-09-17,002999,6.250,388,242500
2026-09-17,003000,9.350,28,26180
2026-09-17,003001,19.030,12757,24276571
2026-09-17,003002,16.650,1029,1713285
2026-09-17,003003,10.550,86,90730
2026-09-17,003004,59.980,56,335888
2026-09-17,003005,14.330,566,811078
2026-09-17,003006,19.620,5528,10845936
2026-09-17,003007,38.900,37,143930
2026-09-17,003008,18.800,87,163560
2026-09-17,003009,47.550,198,941490
2026-09-17,003010,28.990,252,730548
2026-09-17,003022,19.750,153,302175
2026-09-17,003023,24.530,8,19624
2026-09-17,003025,11.780,164,193192
2026-09-17,003026,37.000,9728,35995450
2026-09-17,003027,16.040,59,94636
2026-09-17,003028,23.050,119,274295
2026-09-17,003029,17.320,755,1307660
2026-09-17,003030,25.360,24,60864
2026-09-17,003031,137.700,6481,89243370
2026-09-17,003032,8.650,996,861540
2026-09-17,003033,81.180,73,592614
2026-09-17,003035,5.690,1520,864880
2026-09-17,003036,55.460,1133,6283618
2026-09-17,003037,5.660,11,6226
2026-09-17,003038,10.300,45,46350
2026-09-17,003039,12.560,385,483560
2026-09-17,003040,15.560,1529,2379124
2026-09-17,003041,38.100,53,201930
2026-09-17,003042,13.800,66,91080
2026-09-17,003043,63.380,158,1001404
2026-09-17,003816,4.280,895,383060
2026-09-17,600000,9.100,2190,1992900
2026-09-17,600004,7.650,99,75735
2026-09-17,600006,5.190,460,238740
2026-09-17,600007,19.790,46,91034
2026-09-17,600008,2.750,4455,1225125
2026-09-17,600009,22.600,569,1285940
2026-09-17,600010,2.130,12250,2609250
2026-09-17,600011,6.840,1389,950076
2026-09-17,600012,16.140,113,182382
2026-09-17,600015,6.310,3000,1893000
2026-09-17,600016,3.580,12896,4616768
2026-09-17,600017,2.840,223,63332
2026-09-17,600018,5.440,702,381888
2026-09-17,600019,5.750,2104,1209800
2026-09-17,600020,3.840,428,164352
2026-09-17,600021,13.560,1028,1393968
2026-09-17,600022,1.310,2115,277065
2026-09-17,600023,5.090,2033,1034797
2026-09-17,600025,9.800,968,948640
2026-09-17,600026,21.400,7804,16700560
2026-09-17,600027,4.860,4287,2083482
2026-09-17,600028,5.160,10033,5177028
2026-09-17,600029,4.830,1588,767004
2026-09-17,600030,26.280,6809,17894052
2026-09-17,600031,18.180,18344,33349392
2026-09-17,600032,7.160,3285,2352060
2026-09-17,600033,3.670,1186,435262
2026-09-17,600035,3.640,282,102648
2026-09-17,600036,40.900,1830,7482655
2026-09-17,600037,6.930,215,148995
2026-09-17,600038,26.950,208,560560
2026-09-17,600039,8.810,418,368258
2026-09-17,600048,4.970,4572,2272373
2026-09-17,600050,4.170,2410,1004970
2026-09-17,600051,6.020,143,86086
2026-09-17,600052,3.640,8346,3037944
2026-09-17,600054,10.710,348,372708
2026-09-17,600055,10.100,50,50500
2026-09-17,600056,8.880,219,194472
2026-09-17,600057,5.880,865,508620
2026-09-17,600058,9.100,144,131040
2026-09-17,600059,9.770,15960,15592920
2026-09-17,600060,27.500,148,407000
2026-09-17,600061,6.200,1257,779340
2026-09-17,600062,15.810,290,458490
2026-09-17,600063,5.530,1016,561848
2026-09-17,600064,7.740,967,748458
2026-09-17,600066,26.510,255,676005
2026-09-17,600067,2.730,734,200382
2026-09-17,600071,16.200,34,55080
2026-09-17,600072,8.760,1183,1036308
2026-09-17,600073,5.480,394,215912
2026-09-17,600075,4.590,213,97767
2026-09-17,600076,2.250,7408,1666800
2026-09-17,600078,10.170,183,186111
2026-09-17,600081,10.180,51,51918
2026-09-17,600085,23.160,175,405300
2026-09-17,600088,14.750,20520,30267000
2026-09-17,600089,18.130,2929,5310277
2026-09-17,600094,4.090,361,147649
2026-09-17,600095,8.450,1783,1506635
2026-09-17,600096,28.600,952,2722720
2026-09-17,600097,9.240,73,67452
2026-09-17,600098,6.370,906,577122
2026-09-17,600099,8.900,101,89890
2026-09-17,600100,6.760,793,536068
2026-09-17,600101,8.080,1949,1574792
2026-09-17,600103,3.740,49787,18620338
2026-09-17,600104,11.250,892,1003500
2026-09-17,600105,46.010,45280,208333280
2026-09-17,600106,4.400,3,1320
2026-09-17,600108,3.910,19888,7776208
2026-09-17,600109,8.250,450,371250
2026-09-17,600110,12.070,18117,21867219
2026-09-17,600111,37.050,1754,6498570
2026-09-17,600113,30.180,78,235404
2026-09-17,600114,26.720,489,1306608
2026-09-17,600115,3.340,10136,3385424
2026-09-17,600116,6.260,1143,715518
2026-09-17,600117,2.210,140,30940
2026-09-17,600118,57.830,873,5048559
2026-09-17,600120,4.720,1074,506928
2026-09-17,600121,4.900,5663,2774870
2026-09-17,600123,6.990,372,260028
2026-09-17,600125,5.300,64,33920
2026-09-17,600126,6.080,1626,988602
2026-09-17,600127,12.000,32904,39484356
2026-09-17,600128,8.270,62,51274
2026-09-17,600129,13.360,81,108216
2026-09-17,600130,4.340,1166,506044
2026-09-17,600131,14.330,89,127537
2026-09-17,600132,38.010,70,266070
2026-09-17,600133,7.820,156,121992
2026-09-17,600135,8.090,7713,6239817
2026-09-17,600137,16.900,84,141960
2026-09-17,600138,6.920,141,97572
2026-09-17,600141,29.280,1495,4377360
2026-09-17,600143,12.950,589,762755
2026-09-17,600148,15.380,18,27684
2026-09-17,600149,4.950,307,151965
2026-09-17,600150,37.750,2463,9297825
2026-09-17,600151,9.700,1297,1258090
2026-09-17,600152,8.150,715,582725
2026-09-17,600153,8.220,389,319758
2026-09-17,600155,5.930,627,371811
2026-09-17,600156,8.160,666,543456
2026-09-17,600157,1.530,9007,1378071
2026-09-17,600158,6.980,673,469754
2026-09-17,600159,2.660,1708,454328
2026-09-17,600160,35.880,1282,4599816
2026-09-17,600161,12.010,178,213778
2026-09-17,600162,4.700,3365,1581324
2026-09-17,600163,5.970,22837,13633689
2026-09-17,600165,3.360,1054,354144
2026-09-17,600166,2.760,6501,1794276
2026-09-17,600167,5.660,349,197534
2026-09-17,600168,4.340,115,49910
2026-09-17,600170,2.190,3835,839865
2026-09-17,600171,22.490,365,820885
2026-09-17,600172,16.330,17066,27868778
2026-09-17,600173,5.820,98,57036
2026-09-17,600176,47.800,21356,102082493
2026-09-17,600177,8.300,956,793480
2026-09-17,600178,9.700,492,477240
2026-09-17,600179,4.560,884,403104
2026-09-17,600182,12.620,73,92126
2026-09-17,600183,153.000,4022,61536600
2026-09-17,600184,20.860,3274,6829564
2026-09-17,600185,4.710,716,337236
2026-09-17,600186,12.790,10673,13650767
2026-09-17,600188,20.000,903,1806000
2026-09-17,600189,7.610,461,350821
2026-09-17,600191,9.580,112,107296
2026-09-17,600192,7.790,4518,3519522
2026-09-17,600195,6.620,204,135048
2026-09-17,600196,21.600,846,1827360
2026-09-17,600197,9.270,38,35226
2026-09-17,600198,7.720,482,372104
2026-09-17,600199,6.890,772,531908
2026-09-17,600201,11.610,288,334368
2026-09-17,600202,4.870,115,56005
2026-09-17,600203,10.190,2646,2696274
2026-09-17,600206,53.000,26823,142161900
2026-09-17,600207,4.870,3636,1770732
2026-09-17,600208,2.800,1758,492240
2026-09-17,600210,6.330,524,331692
2026-09-17,600211,35.750,41,146575
2026-09-17,600212,6.020,917,552034
2026-09-17,600215,6.060,108,65448
2026-09-17,600216,12.360,552,682272
2026-09-17,600217,3.250,319,103675
2026-09-17,600218,7.400,22,16280
2026-09-17,600219,4.670,9712,4535504
2026-09-17,600221,1.240,36150,4482600
2026-09-17,600222,7.500,183,137250
2026-09-17,600223,5.390,89,47971
2026-09-17,600226,6.020,3922,2361044
2026-09-17,600227,3.930,6517,2561181
2026-09-17,600228,11.080,903,1000524
2026-09-17,600229,5.540,1099,608846
2026-09-17,600230,13.350,185,246975
2026-09-17,600231,1.690,263,44447
2026-09-17,600232,6.450,126,81270
2026-09-17,600233,16.890,814,1374846
2026-09-17,600234,20.560,28,57568
2026-09-17,600235,5.670,910,515970
2026-09-17,600236,9.780,81,79218
2026-09-17,600237,9.610,3603,3462483
2026-09-17,600251,10.090,482,486338
2026-09-17,600252,2.170,1278,277326
2026-09-17,600255,3.670,6263,2298521
2026-09-17,600256,6.850,4717,3231145
2026-09-17,600257,5.550,910,505050
2026-09-17,600258,11.280,387,436536
2026-09-17,600259,81.600,686,5597760
2026-09-17,600261,3.180,670,213060
2026-09-17,600262,14.880,181,269328
2026-09-17,600292,11.890,80,95120
2026-09-17,600293,3.090,1597,493473
2026-09-17,600295,13.270,100,132700
2026-09-17,600298,40.410,140,565740
2026-09-17,600299,8.290,1402,1162258
2026-09-17,600300,3.110,1247,387817
2026-09-17,600303,2.890,671,193919
2026-09-17,600475,14.680,150,220200
2026-09-17,600477,2.410,681,164121
2026-09-17,600478,4.700,916,430520
2026-09-17,600479,11.260,1797,2023422
2026-09-17,600480,7.660,433,331678
2026-09-17,600481,4.120,1357,559084
2026-09-17,600482,31.820,773,2459686
2026-09-17,600483,11.160,337,376092
2026-09-17,600486,52.800,115,607200
2026-09-17,600487,65.400,15927,104162580
2026-09-17,600488,5.990,7244,4339156
2026-09-17,600489,25.160,12259,30844122
2026-09-17,600490,7.300,3949,2882770
2026-09-17,600493,6.030,537,323811
2026-09-17,600495,4.040,208,84032
2026-09-17,600496,3.250,2944,956800
2026-09-17,600497,9.620,8779,8445398
2026-09-17,600498,42.000,7039,29563800
2026-09-17,600499,13.450,527,708815
2026-09-17,600500,6.000,38258,22954800
2026-09-17,600501,14.900,242,360580
2026-09-17,600502,4.280,413,176764
2026-09-17,600503,2.120,1245,263940
2026-09-17,600505,11.080,2300,2548400
2026-09-17,600506,16.580,4153,6885674
2026-09-17,600507,4.110,645,265095
2026-09-17,600508,10.650,808,860520
2026-09-17,600509,7.350,1856,1364160
2026-09-17,600510,6.440,63,40572
2026-09-17,600511,26.190,39,102141
2026-09-17,600512,2.050,436,89380
2026-09-17,600513,14.570,120,174840
2026-09-17,600515,2.690,6282,1689858
2026-09-17,600516,5.210,2094,1090781
2026-09-17,600517,4.930,437,215441
2026-09-17,600518,1.330,10303,1370287
2026-09-17,600519,1257.980,140,17611720
2026-09-17,600520,24.830,105,260715
2026-09-17,600521,16.100,1252,2015720
2026-09-17,600522,34.900,13254,46256460
2026-09-17,600523,11.800,410,483800
2026-09-17,600525,4.760,274,130424
2026-09-17,600526,4.550,494,224770
2026-09-17,600527,2.190,964,211116
2026-09-17,600528,6.820,124,84568
2026-09-17,600529,18.320,164,300448
2026-09-17,600531,12.270,2226,2731302
2026-09-17,600533,2.180,652,142136
2026-09-17,600535,13.890,218,302802
2026-09-17,600536,31.430,427,1342061
2026-09-17,600538,4.890,25,12225
2026-09-17,600539,13.040,244,318176
2026-09-17,600540,5.210,4212,2194452
2026-09-17,600545,4.590,42198,19368882
2026-09-17,600546,13.050,499,651195
2026-09-17,600547,34.330,9813,33688201
2026-09-17,600548,8.180,287,234766
2026-09-17,600549,49.890,3492,17421588
2026-09-17,600550,10.690,548,585812
2026-09-17,600551,7.450,628,467860
2026-09-17,600552,17.400,1391,2420340
2026-09-17,600556,4.590,289,132651
2026-09-17,600557,12.020,20,24040
2026-09-17,600558,4.690,127,59563
2026-09-17,600559,10.980,191,209718
2026-09-17,600561,5.710,213,121623
2026-09-17,600562,27.620,275,759550
2026-09-17,600563,125.140,104,1301456
2026-09-17,600566,25.280,43,108704
2026-09-17,600567,1.310,3055,400205
2026-09-17,600569,1.790,459,82161
2026-09-17,600570,20.050,332,665660
2026-09-17,600571,10.400,78,81120
2026-09-17,600572,4.210,845,355745
2026-09-17,600573,9.680,308,298144
2026-09-17,600575,3.270,876,286452
2026-09-17,600576,5.340,205,109470
2026-09-17,600577,8.050,2343,1886115
2026-09-17,600578,5.410,3140,1698740
2026-09-17,600579,7.120,823,585976
2026-09-17,600580,26.540,906,2404524
2026-09-17,600582,4.960,1101,546096
2026-09-17,600583,6.040,2588,1563152
2026-09-17,600584,69.000,4460,30774000
2026-09-17,600585,16.900,878,1483820
2026-09-17,600586,4.120,128,52736
2026-09-17,600587,12.200,25,30500
2026-09-17,600588,9.340,297,277398
2026-09-17,600589,7.780,1406,1093868
2026-09-17,600590,8.730,3098,2704554
2026-09-17,600592,14.350,166,238210
2026-09-17,600593,39.440,170,670480
2026-09-17,600594,3.490,138,48162
2026-09-17,600595,6.000,42453,25471800
2026-09-17,600596,12.310,4440,5465640
2026-09-17,600597,6.750,386,260550
2026-09-17,600598,12.420,928,1152576
2026-09-17,600600,50.320,62,311984
2026-09-17,600601,15.150,9840,14907600
2026-09-17,600602,16.730,503,841519
2026-09-17,600603,4.870,616,299992
2026-09-17,600604,4.440,281,124764
2026-09-17,600605,25.880,98,253624
2026-09-17,600606,1.270,21968,2789936
2026-09-17,600609,3.230,2740,885020
2026-09-17,600610,7.480,1129,844492
2026-09-17,600611,4.430,1655,733165
2026-09-17,600612,31.640,172,544208
2026-09-17,600613,8.270,3465,2865555
2026-09-17,600615,9.100,112,101920
2026-09-17,600616,4.730,36149,17098477
2026-09-17,600617,3.350,4918,1647530
2026-09-17,600618,9.820,73,71686
2026-09-17,600619,13.040,207,269928
2026-09-17,600620,4.340,469,203546
2026-09-17,600621,12.800,609,779520
2026-09-17,600622,2.330,537,125121
2026-09-17,600623,8.500,522,443700
2026-09-17,600626,3.550,318,112890
2026-09-17,600628,6.200,60,37200
2026-09-17,600629,16.110,1340,2158740
2026-09-17,600630,6.870,176,120912
2026-09-17,600633,10.080,388,391104
2026-09-17,600635,4.570,652,297964
2026-09-17,600637,8.340,970,808980
2026-09-17,600638,4.750,281,133475
2026-09-17,600639,9.330,32,29856
2026-09-17,600640,10.570,41,43337
2026-09-17,600641,33.100,6775,22424654
2026-09-17,600642,8.670,306,265302
2026-09-17,600643,3.970,769,305293
2026-09-17,600644,10.120,21777,22038324
2026-09-17,600645,17.870,76,135812
2026-09-17,600648,9.270,221,204867
2026-09-17,600649,3.800,1210,459800
2026-09-17,600650,10.120,137,138644
2026-09-17,600651,5.150,227,116905
2026-09-17,600653,1.690,226,38194
2026-09-17,600654,3.000,3577,1073100
2026-09-17,600655,4.560,123,56088
2026-09-17,600657,2.760,2347,647772
2026-09-17,600658,3.980,391,155618
2026-09-17,600660,54.230,215,1165945
2026-09-17,600661,8.440,163,137572
2026-09-17,600662,4.170,343,143031
2026-09-17,600663,8.810,271,238751
2026-09-17,600664,7.360,60116,44245376
2026-09-17,600665,3.390,417,141363
2026-09-17,600666,3.500,15347,5371450
2026-09-17,600667,19.880,38815,77163942
2026-09-17,600668,7.110,84,59724
2026-09-17,600671,22.130,93,205809
2026-09-17,600673,31.480,245,771260
2026-09-17,600674,15.990,693,1108107
2026-09-17,600675,2.190,374,81906
2026-09-17,600676,6.600,1099,725340
2026-09-17,600679,9.860,30,29580
2026-09-17,600681,3.470,588,204036
2026-09-17,600682,5.470,633,346251
2026-09-17,600683,9.380,376,352688
2026-09-17,600684,3.360,195,65520
2026-09-17,600685,27.900,340,948600
2026-09-17,600686,10.660,484,515944
2026-09-17,600688,2.790,1754,489366
2026-09-17,600689,11.760,92,108192
2026-09-17,600690,20.700,1405,2908350
2026-09-17,600691,2.880,3524,1014912
2026-09-17,600692,6.210,78,48438
2026-09-17,600693,9.100,4738,4311580
2026-09-17,600694,14.250,40,57000
2026-09-17,600697,11.030,11035,12171605
2026-09-17,600698,7.060,3919,2766814
2026-09-17,600699,18.000,866,1558800
2026-09-17,600702,33.000,276,910800
2026-09-17,600703,12.700,6980,8864600
2026-09-17,600704,4.890,892,436188
2026-09-17,600706,8.000,521,416800
2026-09-17,600707,9.020,6119,5519338
2026-09-17,600708,2.970,359,106623
2026-09-17,600710,11.060,319,352814
2026-09-17,600711,10.820,8202,8874564
2026-09-17,600712,4.910,6466,3174806
2026-09-17,600713,5.000,7023,3511500
2026-09-17,600714,17.280,675,1166400
2026-09-17,600715,1.630,2286,372618
2026-09-17,600716,3.560,123,43788
2026-09-17,600717,4.280,634,271352
2026-09-17,600718,7.780,127,98806
2026-09-17,600719,7.630,611,466193
2026-09-17,600720,5.130,197,101061
2026-09-17,600721,10.900,4972,5419480
2026-09-17,600722,15.750,7469,11763675
2026-09-17,600725,3.280,3,984
2026-09-17,600726,5.220,3900,2035800
2026-09-17,600727,7.460,343,255878
2026-09-17,600728,4.470,280,125160
2026-09-17,600729,18.430,45,82935
2026-09-17,600731,5.680,18,10224
2026-09-17,600732,10.000,577,577000
2026-09-17,600733,4.520,8076,3650352
2026-09-17,600736,6.360,261,165996
2026-09-17,600737,14.110,2553,3602283
2026-09-17,600738,4.230,980,414540
2026-09-17,600739,10.220,1554,1588188
2026-09-17,600740,3.830,2265,867495
2026-09-17,600741,14.920,1062,1584504
2026-09-17,600742,7.660,651,498666
2026-09-17,600743,2.040,1512,308448
2026-09-17,600744,6.550,23859,15627645
2026-09-17,600746,6.800,146,99280
2026-09-17,600775,9.640,290,279560
2026-09-17,600776,13.400,819,1097460
2026-09-17,600777,4.020,5095,2048190
2026-09-17,600778,5.920,1476,873792
2026-09-17,600779,25.600,42,107520
2026-09-17,600780,6.240,204,127296
2026-09-17,600782,2.700,631,170370
2026-09-17,600783,15.260,890,1358140
2026-09-17,600784,6.970,44,30668
2026-09-17,600785,10.180,995,1012910
2026-09-17,600787,4.600,752,345920
2026-09-17,600789,7.400,494,365560
2026-09-17,600790,3.400,5201,1768340
2026-09-17,600791,6.770,107,72439
2026-09-17,600810,6.290,42,26418
2026-09-17,600812,4.500,732,329400
2026-09-17,600814,6.680,261,174348
2026-09-17,600815,3.600,4311,1551960
2026-09-17,600816,2.420,3786,916229
2026-09-17,600817,9.220,6,5532
2026-09-17,600819,5.630,76,42788
2026-09-17,600820,5.400,488,263520
2026-09-17,600821,6.210,3230,2005830
2026-09-17,600822,8.500,318,270300
2026-09-17,600824,3.560,470,167320
2026-09-17,600826,7.320,124,90768
2026-09-17,600827,7.620,134,102108
2026-09-17,600828,4.070,733,298331
2026-09-17,600925,4.100,117,47970
2026-09-17,600926,17.170,636,1092012
2026-09-17,600927,12.240,549,671976
2026-09-17,600928,3.530,1465,517145
2026-09-17,600929,5.380,8010,4309380
2026-09-17,600930,3.960,5055,2001780
2026-09-17,600933,12.400,273,338520
2026-09-17,600935,2.260,459,103734
2026-09-17,600936,4.580,2644,1210952
2026-09-17,600938,32.620,3194,10418795
2026-09-17,600939,2.600,148,38480
2026-09-17,600941,96.970,111,1076367
2026-09-17,600955,12.430,60,74580
2026-09-17,600956,7.250,135,97875
2026-09-17,600958,8.770,2611,2289847
2026-09-17,600959,3.090,263,81267
2026-09-17,600960,3.850,50,19250
2026-09-17,600961,25.100,4239,10639890
2026-09-17,600962,25.780,119,306782
2026-09-17,600963,3.370,92,31004
2026-09-17,600966,4.800,831,398880
2026-09-17,600967,13.230,4326,5723721
2026-09-17,600968,4.000,1810,724000
2026-09-17,600969,9.830,806,792298
2026-09-17,600970,7.710,701,540471
2026-09-17,600971,8.570,46,39422
2026-09-17,600973,6.100,243,148230
2026-09-17,600975,5.160,575,296700
2026-09-17,600976,26.200,85,222700
2026-09-17,600977,12.600,1193,1503180
2026-09-17,600979,4.070,1429,581603
2026-09-17,600980,18.720,29,54288
2026-09-17,600981,2.380,377,89726
2026-09-17,600982,5.130,3026,1552338
2026-09-17,600983,7.290,263,191727
2026-09-17,600984,3.450,788,271860
2026-09-17,600985,16.500,278,458700
2026-09-17,600986,6.980,509,355282
2026-09-17,600987,6.370,182,115934
2026-09-17,600988,44.880,6931,31106732
2026-09-17,600989,23.640,7075,16725300
2026-09-17,600990,18.180,130,236340
2026-09-17,600992,9.460,67,63382
2026-09-17,600993,22.320,69,154008
2026-09-17,600995,12.320,301,371078
2026-09-17,600996,6.870,440,302280
2026-09-17,600997,5.210,272,141712
2026-09-17,600998,4.980,794,395412
2026-09-17,600999,17.230,1202,2071046
2026-09-17,601000,4.570,730,333610
2026-09-17,601001,16.760,408,683808
2026-09-17,601002,5.170,743,384131
2026-09-17,601003,3.540,570,201780
2026-09-17,601005,1.190,2693,320467
2026-09-17,601006,4.720,1354,639088
2026-09-17,601007,6.720,177,118944
2026-09-17,601008,4.330,804,348132
2026-09-17,601009,11.910,1179,1404189
2026-09-17,601011,2.930,1494,437742
2026-09-17,601012,10.930,3571,3903311
2026-09-17,601015,3.630,5156,1871628
2026-09-17,601016,3.390,2756,934284
2026-09-17,601018,3.460,4814,1665644
2026-09-17,601019,6.800,195,132600
2026-09-17,601020,21.520,1944,4183488
2026-09-17,601021,41.750,298,1244150
2026-09-17,601022,8.170,272,222224
2026-09-17,601026,14.290,160,228640
2026-09-17,601033,14.360,162,232632
2026-09-17,601038,14.360,101,145036
2026-09-17,601058,13.620,312,424944
2026-09-17,601061,11.210,2720,3049120
2026-09-17,601065,6.640,77,51128
2026-09-17,601066,23.370,669,1563453
2026-09-17,601068,4.460,214,95444
2026-09-17,601069,28.930,1486,4298998
2026-09-17,601077,6.570,5890,3869730
2026-09-17,601083,12.110,333,403263
2026-09-17,601086,14.030,31422,44085066
2026-09-17,601088,47.000,851,3999700
2026-09-17,601089,15.460,13,20098
2026-09-17,601096,4.100,828,339480
2026-09-17,601098,10.210,51,52071
2026-09-17,601099,3.420,10191,3485322
2026-09-17,601100,94.470,1915,18091005
2026-09-17,601101,12.950,219,283605
2026-09-17,601106,3.030,2109,639027
2026-09-17,601107,6.010,403,242203
2026-09-17,601108,8.330,3188,2655604
2026-09-17,601111,5.730,2990,1713270
2026-09-17,601112,15.900,448,712320
2026-09-17,601113,3.370,70,23590
2026-09-17,601116,9.850,167,164495
2026-09-17,601117,7.190,3344,2404336
2026-09-17,601118,6.090,5406,3292254
2026-09-17,601121,7.020,994,697788
2026-09-17,601126,39.850,283,1127755
2026-09-17,601127,44.900,1856,8333440
2026-09-17,601128,6.340,880,557920
2026-09-17,601133,23.610,318,750798
2026-09-17,601136,14.010,1275,1786275
2026-09-17,601137,19.840,1712,3396608
2026-09-17,601138,61.900,3584,22184960
2026-09-17,601139,6.460,169,109174
2026-09-17,601155,11.220,925,1037850
2026-09-17,601156,18.250,137,250025
2026-09-17,601158,4.060,94,38164
2026-09-17,601162,3.590,5396,1937164
2026-09-17,601163,12.340,33,40722
2026-09-17,601166,17.830,4378,7805974
2026-09-17,601168,36.080,8202,29592816
2026-09-17,601169,5.610,9362,5252082
2026-09-17,601177,13.200,14,18480
2026-09-17,601179,12.100,2546,3080660
2026-09-17,601186,5.990,1919,1149481
2026-09-17,601187,7.130,470,335110
2026-09-17,601188,2.850,508,144780
2026-09-17,601199,6.630,1501,995163
2026-09-17,601200,6.870,114,78318
2026-09-17,601208,54.310,18499,100468069
2026-09-17,601211,17.400,2020,3514800
2026-09-17,601212,6.250,37580,23487431
2026-09-17,601216,4.690,1797,842793
2026-09-17,601218,5.090,173412,88266708
2026-09-17,601222,5.850,539,315315
2026-09-17,601225,25.690,2023,5197087
2026-09-17,601226,6.480,275,178200
2026-09-17,601228,3.090,834,257706
2026-09-17,601229,9.580,1906,1825948
2026-09-17,601231,26.300,4756,12508280
2026-09-17,601233,23.150,500,1157037
2026-09-17,601236,6.670,613,408871
2026-09-17,601279,3.410,236,80476
2026-09-17,601288,6.870,10575,7265025
2026-09-17,601298,9.670,775,749425
2026-09-17,601311,7.380,45,33210
2026-09-17,601318,53.400,2211,11804711
2026-09-17,601319,7.680,2480,1904640
2026-09-17,601326,3.550,438,155490
2026-09-17,601328,7.510,37611,28245861
2026-09-17,601330,8.230,352,289696
2026-09-17,601333,3.120,1497,467064
2026-09-17,601336,57.270,687,3934449
2026-09-17,601339,7.220,142,102524
2026-09-17,601360,8.710,4987,4343677
2026-09-17,601366,3.580,51,18258
2026-09-17,601369,8.360,118,98648
2026-09-17,601375,3.970,6769,2687293
2026-09-17,601377,5.880,4643,2730084
2026-09-17,601388,3.280,260,85280
2026-09-17,601390,4.270,4425,1889475
2026-09-17,601398,8.100,13519,10950390
2026-09-17,601399,3.200,690,220800
2026-09-17,601456,8.590,879,755061
2026-09-17,601500,3.860,564,217704
2026-09-17,601512,8.120,172,139664
2026-09-17,601515,3.330,150,49950
2026-09-17,601518,2.790,880,245632
2026-09-17,601519,8.040,1069,859476
2026-09-17,601528,5.060,480,242880
2026-09-17,601555,8.350,926,773210
2026-09-17,601566,8.760,780,683280
2026-09-17,601567,14.110,1201,1694611
2026-09-17,601568,3.690,572,211068
2026-09-17,601577,9.800,720,705600
2026-09-17,601579,28.360,6662,18893432
2026-09-17,601588,1.670,2271,379257
2026-09-17,601595,22.700,818,1856860
2026-09-17,601598,6.460,617,398582
2026-09-17,601599,3.150,637,200655
2026-09-17,601600,9.160,23129,21186164
2026-09-17,601601,31.900,1052,3355880
2026-09-17,601606,32.510,688,2236688
2026-09-17,601607,16.090,206,331454
2026-09-17,601608,4.720,1902,897744
2026-09-17,601609,13.020,1428,1859256
2026-09-17,601611,10.280,450,462600
2026-09-17,601615,9.520,5975,5688200
2026-09-17,601616,3.790,165,62535
2026-09-17,601618,2.500,5653,1413250
2026-09-17,601619,4.130,2058,849954
2026-09-17,601628,37.200,1185,4408200
2026-09-17,601633,14.160,404,572064
2026-09-17,601636,5.520,4438,2449776
2026-09-17,601658,5.380,11113,5978794
2026-09-17,601665,6.960,1571,1093416
2026-09-17,601666,8.970,528,473616
2026-09-17,601668,4.230,5639,2385297
2026-09-17,601669,4.520,3539,1599628
2026-09-17,601677,16.620,853,1417686
2026-09-17,601678,5.920,4707,2786544
2026-09-17,601686,5.140,313,160882
2026-09-17,601688,18.380,1478,2716564
2026-09-17,601689,41.640,479,1994556
2026-09-17,601696,11.210,721,808241
2026-09-17,601698,23.800,326,775880
2026-09-17,601699,15.610,3729,5820969
2026-09-17,601700,6.100,1981,1208410
2026-09-17,601702,15.100,118,178180
2026-09-17,601717,13.810,1191,1644771
2026-09-17,601727,6.410,1169,749329
2026-09-17,601728,6.260,2750,1721506
2026-09-17,601766,5.950,2502,1488690
2026-09-17,601777,7.870,283,222721
2026-09-17,601778,3.580,3800,1360400
2026-09-17,601788,13.850,1097,1519345
2026-09-17,601789,4.080,925,377400
2026-09-17,601798,7.410,110,81510
2026-09-17,601799,70.990,131,929969
2026-09-17,601800,5.790,883,511257
2026-09-17,601801,5.260,145,76270
2026-09-17,601808,12.270,826,1013502
2026-09-17,601811,12.300,2478,3047940
2026-09-17,601816,4.730,7536,3564528
2026-09-17,601818,3.050,8580,2616900
2026-09-17,601825,8.730,400,349200
2026-09-17,601827,8.050,144,115920
2026-09-17,601828,2.100,997,209370
2026-09-17,601838,19.900,957,1904430
2026-09-17,601857,10.700,10155,10865850
2026-09-17,601898,14.300,953,1362790
2026-09-17,601899,31.800,21135,67210508
2026-09-17,601900,12.300,1501,1846230
2026-09-17,601901,6.780,3927,2662506
2026-09-17,601908,3.010,1372,412972
2026-09-17,601916,2.930,6140,1799020
2026-09-17,601918,10.420,755,786710
2026-09-17,601919,16.420,23460,38521320
2026-09-17,601921,7.350,115,84525
2026-09-17,601928,8.320,77,64064
2026-09-17,601956,4.740,246,116604
2026-09-17,601958,20.320,2605,5293360
2026-09-17,601963,11.070,392,433944
2026-09-17,601965,13.160,49,64484
2026-09-17,601966,10.400,182,189280
2026-09-17,601968,4.500,164,73800
2026-09-17,601969,9.370,410,384170
2026-09-17,601975,4.480,13971,6259008
2026-09-17,601985,9.080,1615,1466420
2026-09-17,601988,6.560,8468,5555008
2026-09-17,601990,6.640,225,149400
2026-09-17,601991,5.550,6407,3555885
2026-09-17,601992,1.360,2053,279208
2026-09-17,603060,5.400,379,204660
2026-09-17,603061,328.540,150,4928100
2026-09-17,603062,36.420,32,116544
2026-09-17,603063,30.310,823,2494513
2026-09-17,603065,14.250,3383,4820775
2026-09-17,603082,55.000,6865,37757500
2026-09-17,603083,225.000,2990,67275225
2026-09-17,603085,9.810,109,106929
2026-09-17,603086,5.770,432,249264
2026-09-17,603087,68.950,65,448175
2026-09-17,603088,10.140,158,160212
2026-09-17,603089,9.300,77,71610
2026-09-17,603090,38.990,2676,10433724
2026-09-17,603091,47.000,21,98700
2026-09-17,603092,42.860,268,1148648
2026-09-17,603093,12.450,2802,3488490
2026-09-17,603095,14.120,216,304992
2026-09-17,603096,14.810,55,81455
2026-09-17,603097,18.300,12,21960
2026-09-17,603098,10.740,77,82698
2026-09-17,603099,37.390,188,702932
2026-09-17,603100,17.910,56,100296
2026-09-17,603101,7.370,809,596233
2026-09-17,603102,34.850,42,146370
2026-09-17,603103,15.910,143,227513
2026-09-17,603105,8.060,3033,2444598
2026-09-17,603106,7.500,704,528000
2026-09-17,603108,9.290,545,506305
2026-09-17,603109,16.550,145,239975
2026-09-17,603110,25.390,245,622055
2026-09-17,603111,6.050,318,192390
2026-09-17,603112,16.350,24,39240
2026-09-17,603113,4.850,5979,2899815
2026-09-17,603115,89.560,722,6466232
2026-09-17,603116,6.080,182,110656
2026-09-17,603117,3.950,87,34365
2026-09-17,603118,16.730,6847,11455031
2026-09-17,603119,53.330,248,1322584
2026-09-17,603120,56.940,1221,6952374
2026-09-17,603121,12.130,93,112809
2026-09-17,603122,13.030,12488,16271864
2026-09-17,603123,9.450,1669,1577205
2026-09-17,603124,132.300,178,2354940
2026-09-17,603125,23.800,121,287980
2026-09-17,603126,6.200,99,61380
2026-09-17,603127,43.600,2124,9260640
2026-09-17,603128,5.350,189,101115
2026-09-17,603129,296.000,26,769600
2026-09-17,603130,36.530,18,65754
2026-09-17,603131,13.660,343,468538
2026-09-17,603132,18.370,144,264528
2026-09-17,603135,8.600,165,141900
2026-09-17,603136,8.800,4040,3555200
2026-09-17,603137,19.200,453,869760
2026-09-17,603138,14.090,1108,1561172
2026-09-17,603139,44.320,25867,114642544
2026-09-17,603150,68.210,60,409260
2026-09-17,603151,16.600,336,557760
2026-09-17,603153,12.930,20,25860
2026-09-17,603155,15.630,7075,11058225
2026-09-17,603156,42.800,668,2859040
2026-09-17,603158,10.340,77,79618
2026-09-17,603159,26.110,19899,51956733
2026-09-17,603160,53.350,287,1531145
2026-09-17,603161,15.150,20,30300
2026-09-17,603162,13.020,5789,7537278
2026-09-17,603163,80.970,116,939252
2026-09-17,603165,13.410,32,42912
2026-09-17,603166,10.690,94,100486
2026-09-17,603167,8.030,218,175054
2026-09-17,603168,5.620,258,144996
2026-09-17,603169,6.260,377,236002
2026-09-17,603170,11.870,36,42732
2026-09-17,603171,38.500,68,261800
2026-09-17,603172,18.520,49,90748
2026-09-17,603173,28.180,7,19726
2026-09-17,603175,101.060,19,192014
2026-09-17,603176,5.210,92,47932
2026-09-17,603177,10.570,43,45451
2026-09-17,603178,15.360,165,253440
2026-09-17,603179,36.660,138,505908
2026-09-17,603180,15.110,22,33242
2026-09-17,603181,12.260,47,57622
2026-09-17,603182,13.080,61,79788
2026-09-17,603183,4.640,304,141056
2026-09-17,603185,14.000,146,204400
2026-09-17,603186,250.000,3009,75225000
2026-09-17,603187,10.540,137,144398
2026-09-17,603188,4.460,145,64670
2026-09-17,603190,15.580,27,42066
2026-09-17,603191,13.220,299,395278
2026-09-17,603192,20.050,59,118295
2026-09-17,603193,19.850,95,188575
2026-09-17,603194,33.390,37,123543
2026-09-17,603195,37.800,75,283500
2026-09-17,603196,18.740,26,48724
2026-09-17,603197,28.680,51,146268
2026-09-17,603198,37.760,39,147264
2026-09-17,603199,32.100,58,186180
2026-09-17,603200,40.260,2872,11562672
2026-09-17,603201,14.880,22,32736
2026-09-17,603202,50.400,38,191520
2026-09-17,603203,45.370,634,2876458
2026-09-17,603205,22.800,43,98040
2026-09-17,603206,13.510,432,583632
2026-09-17,603207,23.470,132,309804
2026-09-17,603208,10.560,86,90816
2026-09-17,603209,14.580,230,335340
2026-09-17,603210,12.850,49,62965
2026-09-17,603211,19.880,258,512904
2026-09-17,603212,11.600,333,386280
2026-09-17,603213,13.680,164,224352
2026-09-17,603214,12.870,183,235521
2026-09-17,603215,13.990,147,205653
2026-09-17,603216,21.380,357,763266
2026-09-17,603217,27.800,102,283560
2026-09-17,603218,9.260,514,475964
2026-09-17,603219,12.590,224,282016
2026-09-17,603220,18.020,436,785672
2026-09-17,603221,30.000,4662,13986000
2026-09-17,603222,7.730,118,91214
2026-09-17,603223,9.810,159,155979
2026-09-17,603225,16.700,304,507680
2026-09-17,603226,36.950,433,1599935
2026-09-17,603227,7.480,158,118184
2026-09-17,603228,105.120,1461,15358032
2026-09-17,603229,7.550,10,7550
2026-09-17,603230,12.250,26007,31858575
2026-09-17,603231,16.580,39,64662
2026-09-17,603232,14.920,532,793744
2026-09-17,603233,18.200,74,134680
2026-09-17,603235,24.990,80,199920
2026-09-17,603236,69.980,1657,11595686
2026-09-17,603237,14.630,1,1463
2026-09-17,603238,11.600,46,53360
2026-09-17,603239,13.590,35,47565
2026-09-17,603248,19.560,10223,19996188
2026-09-17,603255,31.680,493,1561824
2026-09-17,603256,143.900,1865,26837350
2026-09-17,603257,72.430,118,854674
2026-09-17,603258,12.950,434,562030
2026-09-17,603259,157.000,2786,43740200
2026-09-17,603260,32.520,270,878040
2026-09-17,603261,55.180,139,767002
2026-09-17,603262,18.240,80,145920
2026-09-17,603266,16.670,5063,8440021
2026-09-17,603267,51.030,622,3174066
2026-09-17,603268,186.100,202,3759220
2026-09-17,603269,26.070,2150,5605050
2026-09-17,603270,34.820,394,1371908
2026-09-17,603271,38.820,132,512424
2026-09-17,603273,14.180,89,126202
2026-09-17,603275,35.380,5,17690
2026-09-17,603276,17.790,2822,5020338
2026-09-17,603277,11.390,173,197047
2026-09-17,603278,8.960,40,35840
2026-09-17,603279,11.060,84,92904
2026-09-17,603280,25.600,51,130560
2026-09-17,603281,18.440,41,75604
2026-09-17,603282,15.880,34,53992
2026-09-17,603283,46.120,536,2472032
2026-09-17,603284,40.220,45,180990
2026-09-17,603285,38.290,610,2335690
2026-09-17,603286,41.430,90,372870
2026-09-17,603288,33.770,303,1023231
2026-09-17,603290,84.720,315,2668680
2026-09-17,603291,8.960,1413,1266048
2026-09-17,603293,36.350,36,130860
2026-09-17,603296,77.750,1072,8334800
2026-09-17,603297,111.380,43,478934
2026-09-17,603298,23.390,363,849057
2026-09-17,603299,8.680,34,29512
2026-09-17,603300,4.610,661,304721
2026-09-17,603301,82.470,77,635019
2026-09-17,603303,26.810,318,852558
2026-09-17,603305,10.430,333,347319
2026-09-17,603306,80.820,736,5948352
2026-09-17,603307,24.120,13,31356
2026-09-17,603308,41.000,1090,4469000
2026-09-17,603309,10.610,23,24403
2026-09-17,603310,14.780,70,103460
2026-09-17,603311,24.550,97,238135
2026-09-17,603312,31.250,17,53125
2026-09-17,603313,6.680,764,510352
2026-09-17,603315,10.730,87,93351
2026-09-17,603316,15.400,1825,2810500
2026-09-17,603317,12.710,153,194463
2026-09-17,603318,9.260,12840,11889840
2026-09-17,603319,28.360,219,621084
2026-09-17,603320,17.710,30,53130
2026-09-17,603321,6.610,55,36355
2026-09-17,603322,32.600,805,2624300
2026-09-17,603323,4.450,1036,461020
2026-09-17,603324,26.410,181,478021
2026-09-17,603325,52.160,4,20864
2026-09-17,603326,7.270,260,189020
2026-09-17,603327,8.260,648,535248
2026-09-17,603328,14.120,16647,23505564
2026-09-17,603329,9.740,47,45778
2026-09-17,603330,9.500,2809,2668550
2026-09-17,603331,13.090,163,213367
2026-09-17,603332,11.300,43,48590
2026-09-17,603333,9.390,180,169020
2026-09-17,603334,29.920,18,53856
2026-09-17,603335,6.000,274,164400
2026-09-17,603336,9.870,1208,1192296
2026-09-17,603337,35.960,90,323640
2026-09-17,603338,54.590,34,185606
2026-09-17,603339,12.480,177,220896
2026-09-17,603341,35.250,134,472350
2026-09-17,603344,22.400,86,192640
2026-09-17,603345,75.200,164,1234408
2026-09-17,603348,13.770,63,86751
2026-09-17,603350,27.350,2,5470
2026-09-17,603351,25.490,22,56078
2026-09-17,603352,24.880,35,87080
2026-09-17,603353,42.560,2237,9520672
2026-09-17,603355,30.650,252,772380
2026-09-17,603356,16.380,18,29484
2026-09-17,603357,5.800,230,133400
2026-09-17,603358,44.900,182,817180
2026-09-17,603360,12.390,333,412587
2026-09-17,603363,2.890,882,254898
2026-09-17,603365,16.000,133,212800
2026-09-17,603366,6.760,324,219024
2026-09-17,603367,13.780,148,203944
2026-09-17,603368,15.180,110,166980
2026-09-17,603369,27.530,299,823147
2026-09-17,603370,27.590,72,198648
2026-09-17,603373,41.340,86,355524
2026-09-17,603375,47.150,240,1131600
2026-09-17,603376,25.800,128,330240
2026-09-17,603379,51.680,165,852720
2026-09-17,603380,34.210,49,167629
2026-09-17,603381,14.580,845,1232010
2026-09-17,603382,18.250,43,78475
2026-09-17,603407,57.400,1131,6491940
2026-09-17,603408,11.590,35,40565
2026-09-17,603409,17.100,109,186390
2026-09-17,603416,46.140,49,226086
2026-09-17,603418,44.400,51,226440
2026-09-17,603499,13.700,130,178100
2026-09-17,603500,9.110,183,166713
2026-09-17,603501,77.900,358,2788820
2026-09-17,603505,14.870,887,1318969
2026-09-17,603506,10.890,15,16335
2026-09-17,603507,23.000,1978,4550550
2026-09-17,603508,20.910,47,98277
2026-09-17,603511,11.810,157,185417
2026-09-17,603515,14.690,42,61698
2026-09-17,603516,85.760,88,754688
2026-09-17,603518,7.560,67,50652
2026-09-17,603519,14.750,65,95875
2026-09-17,603520,8.230,63,51849
2026-09-17,603527,10.010,361,361361
2026-09-17,603528,6.290,378,237762
2026-09-17,603590,28.310,22,62282
2026-09-17,603596,27.770,213,591501
2026-09-17,603598,16.780,238,399364
2026-09-17,603599,10.380,382,396516
2026-09-17,603600,9.980,23,22954
2026-09-17,603658,31.980,44,140712
2026-09-17,603659,22.330,1271,2838143
2026-09-17,603660,9.380,723,678174
2026-09-17,603661,30.820,92,283544
2026-09-17,603662,47.220,62,292764
2026-09-17,603663,44.500,2700,12016780
2026-09-17,603665,21.080,35,73780
2026-09-17,603666,25.610,109,279149
2026-09-17,603667,48.610,200,972200
2026-09-17,603668,12.170,91,110747
2026-09-17,603669,5.430,1832,994776
2026-09-17,603676,8.670,7,6069
2026-09-17,603677,13.160,86,113176
2026-09-17,603678,50.790,2000,10158000
2026-09-17,603679,23.440,116,271904
2026-09-17,603680,9.790,133,130207
2026-09-17,603681,18.850,103,194155
2026-09-17,603682,9.730,120,116760
2026-09-17,603683,16.280,1566,2549448
2026-09-17,603685,27.400,18,49320
2026-09-17,603686,14.200,3888,5520960
2026-09-17,603687,15.390,777,1195803
2026-09-17,603688,49.000,702,3439800
2026-09-17,603689,7.630,209,159467
2026-09-17,603690,24.000,877,2104800
2026-09-17,603693,12.500,2239,2798750
2026-09-17,603696,13.690,1148,1571612
2026-09-17,603697,9.190,372,341868
2026-09-17,603698,21.540,511,1100694
2026-09-17,603699,43.190,117,505323
2026-09-17,603700,10.970,89,97633
2026-09-17,603701,19.560,25,48900
2026-09-17,603703,10.250,1741,1784525
2026-09-17,603706,16.950,34,57630
2026-09-17,603707,7.350,191,140385
2026-09-17,603708,8.870,70,62090
2026-09-17,603709,12.060,235,283410
2026-09-17,603711,11.000,92,101200
2026-09-17,603712,11.470,149,170903
2026-09-17,603713,65.780,40,263120
2026-09-17,603716,16.000,219,350400
2026-09-17,603717,5.820,340,197880
2026-09-17,603719,8.880,11,9768
2026-09-17,603721,18.290,285,521265
2026-09-17,603722,28.870,39,112593
2026-09-17,603725,10.290,115,118335
2026-09-17,603726,24.110,37,89207
2026-09-17,603727,17.210,278,478438
2026-09-17,603728,47.090,188,885292
2026-09-17,603730,9.500,94,89300
2026-09-17,603733,18.830,88,165704
2026-09-17,603737,20.250,364,737100
2026-09-17,603738,36.900,1481,5464890
2026-09-17,603739,12.130,85,103105
2026-09-17,603755,24.240,20,48480
2026-09-17,603757,64.190,310,1989890
2026-09-17,603758,10.590,381,403479
2026-09-17,603759,7.220,91,65702
2026-09-17,603766,14.570,603,878571
2026-09-17,603767,13.170,66,86922
2026-09-17,603768,11.160,76,84816
2026-09-17,603773,91.590,1099,10065741
2026-09-17,603776,19.510,56,109256
2026-09-17,603777,13.630,344,468872
2026-09-17,603778,9.140,2858,2612212
2026-09-17,603779,7.930,561,444873
2026-09-17,603786,36.520,38,138776
2026-09-17,603787,9.880,46,45448
2026-09-17,603788,13.390,109,145951
2026-09-17,603790,24.000,87,208800
2026-09-17,603797,4.640,34,15776
2026-09-17,603798,12.910,109,140719
2026-09-17,603799,35.000,2992,10472000
2026-09-17,603800,59.200,86,509120
2026-09-17,603801,5.760,474,273024
2026-09-17,603803,11.600,1311,1520760
2026-09-17,603806,14.200,880,1249600
2026-09-17,603808,8.270,274,226598
2026-09-17,603809,8.360,78,65208
2026-09-17,603810,11.570,82,94874
2026-09-17,603811,6.700,353,236510
2026-09-17,603813,26.400,20,52800
2026-09-17,603816,22.390,112,250768
2026-09-17,603817,5.790,455,263445
2026-09-17,603818,3.720,642,238824
2026-09-17,603819,15.800,401,633580
2026-09-17,603823,54.700,950,5196500
2026-09-17,603826,16.640,541,900224
2026-09-17,603829,15.510,70,108570
2026-09-17,603833,28.690,153,438957
2026-09-17,603836,9.170,49,44933
2026-09-17,603839,6.490,154,99946
2026-09-17,603848,12.940,41,53054
2026-09-17,603855,16.510,4,6604
2026-09-17,603856,11.370,24,27288
2026-09-17,603858,14.670,63,92421
2026-09-17,603859,38.500,84,323400
2026-09-17,603860,24.800,78,193440
2026-09-17,603861,11.180,539,602602
2026-09-17,603863,11.800,60,70800
2026-09-17,603866,4.140,230,95220
2026-09-17,603867,30.010,99,297099
2026-09-17,603868,31.000,30,93000
2026-09-17,603871,12.500,338,422500
2026-09-17,603876,18.450,331,610695
2026-09-17,603877,11.700,121,141570
2026-09-17,603878,4.920,103,50676
2026-09-17,603879,4.910,453,222423
2026-09-17,603880,9.950,59,58705
2026-09-17,603881,23.600,505,1191800
2026-09-17,603882,27.050,186,503130
2026-09-17,603883,12.600,199,250740
2026-09-17,603885,9.930,581,576933
2026-09-17,603886,11.550,29,33495
2026-09-17,603887,8.810,447,393807
2026-09-17,603888,17.780,1920,3413760
2026-09-17,603889,6.090,223,135807
2026-09-17,603890,16.900,1159,1958710
2026-09-17,603893,178.520,620,11068776
2026-09-17,603895,25.380,14,35532
2026-09-17,603896,14.030,5,7015
2026-09-17,603897,29.610,179,530019
2026-09-17,603898,10.820,7,7574
2026-09-17,603899,21.750,25,54375
2026-09-17,603900,6.850,6729,4609365
2026-09-17,603901,9.110,51,46461
2026-09-17,603903,13.980,23,32154
2026-09-17,603906,18.260,789,1440714
2026-09-17,603908,18.370,297,545589
2026-09-17,603909,9.460,248,234608
2026-09-17,603912,8.280,396,327888
2026-09-17,603915,12.880,382,492016
2026-09-17,603916,10.560,95,100320
2026-09-17,603917,12.890,32,41248
2026-09-17,603918,10.420,119,123998
2026-09-17,603919,16.450,348,572460
2026-09-17,603920,42.440,2297,9748468
2026-09-17,603926,16.400,49,80360
2026-09-17,603927,13.410,63,84483
2026-09-17,603928,12.250,2040,2499000
2026-09-17,603929,158.300,113,1788790
2026-09-17,603931,35.550,277,984735
2026-09-17,603933,19.110,96,183456
2026-09-17,603936,22.380,3236,7242168
2026-09-17,603937,11.400,14,15960
2026-09-17,603938,51.530,4007,20648071
2026-09-17,603939,22.570,59,133163
2026-09-17,603948,18.990,25,47475
2026-09-17,603949,13.610,26,35386
2026-09-17,603950,55.230,84,463932
2026-09-17,603955,22.760,42,95592
2026-09-17,603956,6.900,12095,8345550
2026-09-17,603958,16.080,224,360192
2026-09-17,603960,15.300,970,1484100
2026-09-17,603966,7.370,348,256476
2026-09-17,603967,11.520,54,62208
2026-09-17,603968,10.370,96,99552
2026-09-17,603969,7.550,701,529255
2026-09-17,603970,11.030,93,102579
2026-09-17,603976,28.860,120,346320
2026-09-17,603977,11.330,33,37389
2026-09-17,603978,21.300,1060,2257800
2026-09-17,603979,72.300,113,816990
2026-09-17,603980,8.160,1922,1568352
2026-09-17,603982,6.070,388,235516
2026-09-17,603983,28.280,177,500556
2026-09-17,603985,16.700,203,339010
2026-09-17,603986,370.060,1993,73737415
2026-09-17,603987,7.280,6,4368
2026-09-17,603988,18.450,28,51660
2026-09-17,603989,35.230,2302,8109946
2026-09-17,603990,20.080,465,933720
2026-09-17,603991,181.000,182,3294200
2026-09-17,603992,19.500,72,140400
2026-09-17,603993,17.600,13402,23587520
2026-09-17,603995,25.000,462,1155000
2026-09-17,603997,11.680,310,362080
2026-09-17,603998,10.220,95,97090
2026-09-17,603999,6.460,2007,1296522
2026-09-17,605001,5.680,35,19880
2026-09-17,605003,23.350,123,287205
2026-09-17,605005,15.740,4,6296
2026-09-17,605006,16.710,4095,6842745
2026-09-17,605007,14.510,151,219101
2026-09-17,605008,13.810,111,153291
2026-09-17,605009,23.990,3,7197
2026-09-17,605011,18.390,2237,4113843
2026-09-17,605016,21.030,103,216609
2026-09-17,605218,13.680,11,15048
2026-09-17,605222,22.580,163,368054
2026-09-17,605228,10.570,390,412230
2026-09-17,605255,60.600,21,127260
2026-09-17,605258,38.060,1554,5914524
2026-09-17,605259,17.150,13,22295
2026-09-17,605266,15.150,59,89385
2026-09-17,605268,9.430,26,24518
2026-09-17,605277,17.550,786,1379430
2026-09-17,605286,24.010,160,384160
2026-09-17,605358,45.650,12603,57533517
2026-09-17,605365,13.810,185,255485
2026-09-17,605366,8.660,3783,3276078
2026-09-17,605368,6.700,87,58290
2026-09-17,605580,23.140,2500,5785000
2026-09-17,605588,45.370,33,149721
2026-09-17,605589,41.050,4584,18817320
2026-09-17,605598,24.700,44,108680
2026-09-17,605599,13.970,359,501523
2026-09-18,000001,11.590,3739,4333501
2026-09-18,000002,3.030,2299,696597
2026-09-18,000006,6.820,884,602888
2026-09-18,000007,11.540,154,177716
2026-09-18,000008,2.400,577,138480
2026-09-18,000009,6.950,931,647045
2026-09-18,000011,8.890,4369,3884041
2026-09-18,000012,3.740,1231,460394
2026-09-18,000014,10.300,295,303850
2026-09-18,000017,7.570,11968,9059776
2026-09-18,000019,6.800,7588,5159840
2026-09-18,000020,12.740,152,193648
2026-09-18,000021,36.250,5044,18284500
2026-09-18,000025,14.570,103,150071
2026-09-18,000026,19.140,367,702438
2026-09-18,000027,6.230,580,361340
2026-09-18,000028,19.850,7,13895
2026-09-18,000029,21.290,162,344898
2026-09-18,000030,4.000,362,144800
2026-09-18,000031,2.150,1961,421615
2026-09-18,000032,14.600,867,1265820
2026-09-18,000034,23.240,842,1956808
2026-09-18,000035,4.750,1061,503975
2026-09-18,000036,3.830,1600,612800
2026-09-18,000037,9.380,680,637840
2026-09-18,000039,9.150,288,263520
2026-09-18,000042,8.220,63,51786
2026-09-18,000045,11.030,388,427964
2026-09-18,000048,19.400,401,777940
2026-09-18,000049,22.270,100,222700
2026-09-18,000050,6.560,320,209920
2026-09-18,000055,3.710,8819,3271849
2026-09-18,000058,6.970,40,27880
2026-09-18,000059,5.380,1213,652594
2026-09-18,000060,6.240,7318,4566432
2026-09-18,000061,6.000,2552,1531200
2026-09-18,000062,22.900,919,2104510
2026-09-18,000063,32.040,3582,11476344
2026-09-18,000065,9.650,531,512415
2026-09-18,000066,14.030,3630,5092890
2026-09-18,000068,3.260,1069,348494
2026-09-18,000069,1.770,1921,340017
2026-09-18,000070,18.140,9166,16627124
2026-09-18,000088,4.530,684,309852
2026-09-18,000089,6.470,60,38820
2026-09-18,000090,3.470,469,162743
2026-09-18,000096,7.980,595,474810
2026-09-18,000099,12.920,195,251940
2026-09-18,000100,4.890,39115,19127235
2026-09-18,000151,10.270,734,753818
2026-09-18,000153,6.010,133,79933
2026-09-18,000155,11.650,429,499785
2026-09-18,000156,7.000,638,446600
2026-09-18,000157,6.150,689,423735
2026-09-18,000158,12.730,1759,2239207
2026-09-18,000159,5.470,371,202937
2026-09-18,000166,4.390,2310,1014090
2026-09-18,000301,13.500,1025,1383750
2026-09-18,000333,84.900,1236,10493640
2026-09-18,000338,27.200,13914,37846080
2026-09-18,000400,20.380,207,421866
2026-09-18,000401,3.490,842,293858
2026-09-18,000402,2.450,1674,410130
2026-09-18,000403,9.910,128,126848
2026-09-18,000404,6.880,30,20640
2026-09-18,000407,4.200,885,371700
2026-09-18,000408,73.850,4294,31708974
2026-09-18,000409,8.800,172,151360
2026-09-18,000410,5.050,1485,749925
2026-09-18,000411,9.940,63,62622
2026-09-18,000415,4.380,1754,768252
2026-09-18,000417,5.600,5788,3241280
2026-09-18,000419,4.970,210,104370
2026-09-18,000420,3.510,1216,426816
2026-09-18,000421,5.660,246,139236
2026-09-18,000422,11.840,285,337440
2026-09-18,000423,45.650,99,451935
2026-09-18,000425,7.560,2590,1958040
2026-09-18,000426,35.500,9054,32142446
2026-09-18,000428,4.000,9047,3618800
2026-09-18,000429,12.680,97,122996
2026-09-18,000430,6.890,2467,1699763
2026-09-18,000498,4.960,257,127472
2026-09-18,000501,7.050,438,308790
2026-09-18,000503,6.730,316,212668
2026-09-18,000504,9.760,15624,15249024
2026-09-18,000505,6.450,11771,7592295
2026-09-18,000506,18.890,5868,11084652
2026-09-18,000507,5.050,718,362590
2026-09-18,000509,3.460,1755,607230
2026-09-18,000510,18.350,7106,13039510
2026-09-18,000513,26.250,54,141750
2026-09-18,000514,4.180,106,44308
2026-09-18,000516,4.180,880,367840
2026-09-18,000517,2.000,342,68400
2026-09-18,000518,3.800,81,30780
2026-09-18,000519,15.310,2636,4035716
2026-09-18,000520,4.160,2198,914368
2026-09-18,000521,4.400,273,120120
2026-09-18,000523,3.260,41312,13467637
2026-09-18,000524,9.060,556,503736
2026-09-18,000525,4.550,1124,511420
2026-09-18,000526,35.910,141,506331
2026-09-18,000528,7.670,1002,768534
2026-09-18,000529,4.940,236,116584
2026-09-18,000530,5.180,1684,872312
2026-09-18,000531,5.620,129,72498
2026-09-18,000532,11.840,683,808672
2026-09-18,000533,10.930,1332,1455876
2026-09-18,000534,23.840,817,1947728
2026-09-18,000536,3.440,4016,1381504
2026-09-18,000537,7.400,329,243460
2026-09-18,000538,51.300,266,1364580
2026-09-18,000539,5.140,757,389098
2026-09-18,000541,4.910,368,180688
2026-09-18,000543,7.340,700,513800
2026-09-18,000544,7.280,66,48048
2026-09-18,000545,2.170,1240,269080
2026-09-18,000546,4.480,325,145600
2026-09-18,000547,14.540,996,1448184
2026-09-18,000548,4.600,520,239200
2026-09-18,000550,17.350,132,229020
2026-09-18,000551,12.150,751,912465
2026-09-18,000552,2.460,10470,2575620
2026-09-18,000553,5.610,275,154275
2026-09-18,000554,6.250,3415,2134375
2026-09-18,000555,10.380,171,177498
2026-09-18,000557,3.710,663,245973
2026-09-18,000558,3.600,1680,604800
2026-09-18,000559,10.720,1231,1319632
2026-09-18,000560,2.740,66695,18274430
2026-09-18,000561,7.850,1986,1559010
2026-09-18,000563,2.940,268,78792
2026-09-18,000564,1.500,18660,2799000
2026-09-18,000565,6.540,1180,771720
2026-09-18,000566,4.610,1107,510327
2026-09-18,000567,6.050,1620,980100
2026-09-18,000568,71.650,361,2586565
2026-09-18,000570,5.180,282,146076
2026-09-18,000571,6.390,6562,4193118
2026-09-18,000572,4.290,66016,28321014
2026-09-18,000573,3.680,49,18032
2026-09-18,000576,8.260,276,227976
2026-09-18,000581,18.170,234,425178
2026-09-18,000582,9.750,14651,14284725
2026-09-18,000586,14.120,296,417952
2026-09-18,000589,4.240,1482,628368
2026-09-18,000590,8.980,116,104168
2026-09-18,000591,4.270,1283,547841
2026-09-18,000592,8.290,33436,27718858
2026-09-18,000593,21.900,546,1195740
2026-09-18,000595,5.270,402,211854
2026-09-18,000596,92.000,136,1251200
2026-09-18,000597,4.650,961,446865
2026-09-18,000598,7.000,98,68600
2026-09-18,000599,4.600,285,131100
2026-09-18,000600,7.250,938,680050
2026-09-18,000601,6.150,1610,990150
2026-09-18,000603,34.330,7120,24442960
2026-09-18,000605,5.850,232,135720
2026-09-18,000607,3.950,5830,2302850
2026-09-18,000608,7.090,268,190012
2026-09-18,000612,11.450,4614,5283030
2026-09-18,000617,6.810,1825,1242825
2026-09-18,000619,4.990,169,84331
2026-09-18,000620,3.190,13546,4321174
2026-09-18,000623,17.400,335,582900
2026-09-18,000625,7.150,1858,1328470
2026-09-18,000626,8.680,3517,3052756
2026-09-18,000628,56.710,734,4162514
2026-09-18,000629,2.880,4605,1326240
2026-09-18,000630,6.110,32659,19954649
2026-09-18,000650,5.190,611,317109
2026-09-18,000651,38.030,806,3065712
2026-09-18,000652,3.340,150,50100
2026-09-18,000655,7.110,56,39816
2026-09-18,000656,1.220,32586,3975492
2026-09-18,000657,61.860,5049,31230887
2026-09-18,000659,2.850,101,28785
2026-09-18,000661,72.510,85,616335
2026-09-18,000663,5.980,438,261924
2026-09-18,000665,4.130,821,339073
2026-09-18,000678,9.000,757,681300
2026-09-18,000679,6.430,1038,667434
2026-09-18,000680,9.250,1067,986975
2026-09-18,000681,16.180,422,682796
2026-09-18,000682,10.780,815,878570
2026-09-18,000683,5.730,3046,1745358
2026-09-18,000685,10.850,516,559860
2026-09-18,000686,7.690,183,140727
2026-09-18,000688,26.300,613,1612190
2026-09-18,000690,5.170,2785,1439845
2026-09-18,000691,9.270,61,56547
2026-09-18,000692,4.230,1139,481797
2026-09-18,000695,13.200,44,58080
2026-09-18,000697,8.870,358,317546
2026-09-18,000700,11.950,18141,21678495
2026-09-18,000701,5.170,169,87373
2026-09-18,000702,5.690,399,227031
2026-09-18,000703,16.800,16461,27654480
2026-09-18,000705,6.960,36,25056
2026-09-18,000707,4.480,344,154112
2026-09-18,000708,13.040,167,217768
2026-09-18,000709,2.050,2982,611310
2026-09-18,000710,8.700,3043,2647410
2026-09-18,000711,4.810,12020,5781620
2026-09-18,000712,9.980,1876,1872248
2026-09-18,000713,6.490,12454,8082646
2026-09-18,000715,5.380,656,352928
2026-09-18,000716,5.070,1847,936429
2026-09-18,000717,2.200,860,189200
2026-09-18,000718,1.950,666,129870
2026-09-18,000719,12.040,60,72240
2026-09-18,000720,4.010,12357,4955157
2026-09-18,000721,6.080,1999,1215392
2026-09-18,000722,14.000,1638,2293200
2026-09-18,000723,3.570,7895,2818515
2026-09-18,000725,5.780,304828,176190584
2026-09-18,000726,6.090,357,217413
2026-09-18,000727,2.250,6665,1499625
2026-09-18,000728,7.470,502,374994
2026-09-18,000729,10.560,855,902880
2026-09-18,000731,7.900,1813,1432270
2026-09-18,000733,41.130,1273,5235849
2026-09-18,000735,5.810,16650,9673650
2026-09-18,000736,4.340,937,406658
2026-09-18,000737,14.480,15601,22590248
2026-09-18,000738,19.300,379,731470
2026-09-18,000739,23.010,694,1596894
2026-09-18,000750,3.640,1295,471380
2026-09-18,000751,4.640,2145,995280
2026-09-18,000753,5.100,7571,3861210
2026-09-18,000755,4.760,254,120904
2026-09-18,000756,12.820,292,374344
2026-09-18,000757,4.260,385,164010
2026-09-18,000758,5.990,3910,2342318
2026-09-18,000759,6.210,22138,13747698
2026-09-18,000761,2.270,948,215196
2026-09-18,000762,21.810,257,560517
2026-09-18,000766,15.600,57,88920
2026-09-18,000767,3.430,1135,389305
2026-09-18,000768,22.310,348,776388
2026-09-18,000776,20.150,1772,3570580
2026-09-18,000777,16.530,382,631446
2026-09-18,000778,3.600,965,347400
2026-09-18,000779,8.750,1719,1504125
2026-09-18,000782,7.880,322,253736
2026-09-18,000783,8.350,3099,2587665
2026-09-18,000785,2.220,1626,360972
2026-09-18,000786,15.790,470,742130
2026-09-18,000788,5.330,463,246779
2026-09-18,000789,4.070,478,194546
2026-09-18,000790,3.940,353,139082
2026-09-18,000791,7.150,603,431145
2026-09-18,000792,25.140,3915,9842310
2026-09-18,000795,8.150,264,215160
2026-09-18,000796,3.620,2379,861198
2026-09-18,000797,2.540,1994,506476
2026-09-18,000798,9.930,5213,5176509
2026-09-18,000799,36.910,86,317426
2026-09-18,000800,5.970,323,192831
2026-09-18,000801,12.250,216,264600
2026-09-18,000802,3.970,2714,1077458
2026-09-18,000803,7.160,2292,1641072
2026-09-18,000807,27.360,4505,12325680
2026-09-18,000809,3.550,5828,2068940
2026-09-18,000810,9.610,363,348843
2026-09-18,000811,39.220,5438,21327836
2026-09-18,000812,3.880,20807,8073116
2026-09-18,000813,3.210,1051,337371
2026-09-18,000815,15.600,1642,2561520
2026-09-18,000816,2.820,4028,1135896
2026-09-18,000818,11.670,668,779556
2026-09-18,000820,3.610,221,79781
2026-09-18,000822,4.270,208,88816
2026-09-18,000823,24.420,33671,82224582
2026-09-18,000825,3.410,81,27621
2026-09-18,000828,10.120,47,47564
2026-09-18,000829,8.850,232,205320
2026-09-18,000830,11.620,351,407862
2026-09-18,000831,54.000,857,4625424
2026-09-18,000833,19.800,3595,7118100
2026-09-18,000837,9.600,968,929280
2026-09-18,000839,2.750,6525,1794375
2026-09-18,000848,8.100,261,211410
2026-09-18,000850,4.160,843,350688
2026-09-18,000852,5.420,267,144714
2026-09-18,000856,8.700,342,297540
2026-09-18,000858,69.110,642,4436862
2026-09-18,000859,9.500,4128,3921600
2026-09-18,000860,10.230,604,617892
2026-09-18,000862,5.490,3344,1835856
2026-09-18,000863,4.650,2395,1113675
2026-09-18,000868,4.110,41137,16907307
2026-09-18,000869,15.990,69,110331
2026-09-18,000875,4.860,568,276048
2026-09-18,000876,7.150,4232,3025880
2026-09-18,000877,3.660,40,14640
2026-09-18,000878,16.660,3457,5759362
2026-09-18,000880,25.050,5793,14511465
2026-09-18,000881,6.460,837,540702
2026-09-18,000882,1.520,1756,266912
2026-09-18,000883,4.410,1100,485100
2026-09-18,000885,11.670,78,91026
2026-09-18,000886,4.670,824,384808
2026-09-18,000887,19.590,2202,4313718
2026-09-18,000888,9.200,321,295320
2026-09-18,000889,3.960,3597,1424412
2026-09-18,000890,7.710,1644,1267524
2026-09-18,000892,4.470,19939,8912733
2026-09-18,000893,39.390,204,803556
2026-09-18,000895,23.350,258,602430
2026-09-18,000897,1.860,5924,1101864
2026-09-18,000898,2.020,1530,309161
2026-09-18,000899,9.300,324,301320
2026-09-18,000900,3.570,35,12495
2026-09-18,000901,14.170,195,276315
2026-09-18,000902,13.880,87,120756
2026-09-18,000905,9.080,1457,1322956
2026-09-18,000906,6.190,625,386875
2026-09-18,000908,6.110,74,45214
2026-09-18,000910,5.210,725,377725
2026-09-18,000912,4.010,13771,5522171
2026-09-18,000913,10.850,134,145390
2026-09-18,000915,24.040,15,36060
2026-09-18,000917,6.830,695,474685
2026-09-18,000919,6.430,14,9002
2026-09-18,000920,13.170,20487,26981379
2026-09-18,000921,28.020,207,580014
2026-09-18,000922,12.000,167,200400
2026-09-18,000923,16.450,430,707350
2026-09-18,000925,8.110,1028,833708
2026-09-18,000926,2.070,94,19458
2026-09-18,000927,2.480,646,160208
2026-09-18,000928,5.410,576,311616
2026-09-18,000929,9.050,22,19910
2026-09-18,000930,5.100,32972,16815720
2026-09-18,000931,4.440,987,438228
2026-09-18,000932,3.530,1179,416187
2026-09-18,000933,27.040,5331,14414213
2026-09-18,000935,20.510,23,47173
2026-09-18,000936,5.420,319,172898
2026-09-18,000937,4.440,223,99012
2026-09-18,000938,33.350,11068,36912447
2026-09-18,000948,13.380,104,139152
2026-09-18,000949,6.850,836,572660
2026-09-18,000950,5.180,829,429422
2026-09-18,000951,20.300,143,290290
2026-09-18,000952,6.460,301,194446
2026-09-18,000953,5.920,145,85840
2026-09-18,000955,4.200,1777,746340
2026-09-18,000957,9.900,1103,1091970
2026-09-18,000958,5.080,263,133604
2026-09-18,000959,3.470,323,112081
2026-09-18,000960,33.620,3828,12869736
2026-09-18,000962,58.700,640,3756800
2026-09-18,000963,26.000,952,2475200
2026-09-18,000965,3.200,1703,544960
2026-09-18,000966,4.030,1895,763685
2026-09-18,000967,8.160,2252,1837632
2026-09-18,000968,6.830,1178,804574
2026-09-18,000969,17.290,441,762489
2026-09-18,000970,11.310,711,804141
2026-09-18,000972,3.830,2615,1001545
2026-09-18,000973,12.000,928,1113600
2026-09-18,000975,25.670,4045,10383515
2026-09-18,000977,71.000,6344,45045808
2026-09-18,000978,7.520,45279,34049808
2026-09-18,000980,2.260,124190,28066940
2026-09-18,000981,3.100,305623,94743130
2026-09-18,000983,6.450,4495,2899275
2026-09-18,000985,16.930,106,179458
2026-09-18,000987,7.260,296,214896
2026-09-18,000988,109.780,9654,105981612
2026-09-18,000989,8.650,308,266420
2026-09-18,000990,6.390,1086,693954
2026-09-18,000993,18.300,38606,70648980
2026-09-18,000995,10.750,182,195650
2026-09-18,000997,19.790,399,789621
2026-09-18,000998,8.810,6626,5837506
2026-09-18,000999,23.850,95,226575
2026-09-18,001201,14.150,1108,1567820
2026-09-18,001202,14.310,164,234684
2026-09-18,001203,23.470,143,335621
2026-09-18,001205,14.410,356,512996
2026-09-18,001206,16.240,259,420616
2026-09-18,001207,17.880,541,967308
2026-09-18,001208,13.760,141,194016
2026-09-18,001209,17.990,7045,12673955
2026-09-18,001210,28.500,197,561450
2026-09-18,001211,23.600,293,691480
2026-09-18,001212,34.830,282,982206
2026-09-18,001213,3.470,47,16309
2026-09-18,001215,30.260,14,42364
2026-09-18,001216,20.980,34669,72735562
2026-09-18,001217,10.150,87,88305
2026-09-18,001218,24.300,78,189540
2026-09-18,001219,12.470,26,32422
2026-09-18,001220,32.000,160,512000
2026-09-18,001221,35.000,179,626500
2026-09-18,001222,15.190,1329,2018751
2026-09-18,001223,44.030,269,1184407
2026-09-18,001225,48.100,275,1322750
2026-09-18,001226,44.990,6,26994
2026-09-18,001227,2.110,4130,871430
2026-09-18,001228,33.000,68,224400
2026-09-18,001229,36.950,266,982870
2026-09-18,001258,10.950,1354,1482630
2026-09-18,001259,46.030,21,96663
2026-09-18,001260,17.980,34,61132
2026-09-18,001266,33.680,29,97672
2026-09-18,001267,37.380,864,3229632
2026-09-18,001314,51.410,74,380434
2026-09-18,001316,27.810,200,556200
2026-09-18,001317,50.180,552,2769936
2026-09-18,001318,11.270,36,40572
2026-09-18,001319,22.140,659,1459026
2026-09-18,001376,12.660,26727,33836382
2026-09-18,001378,23.170,2541,5887497
2026-09-18,001379,15.610,64,99904
2026-09-18,001380,18.370,91,167167
2026-09-18,002014,11.050,178,196690
2026-09-18,002015,16.200,3997,6475140
2026-09-18,002016,4.540,52,23608
2026-09-18,002017,14.300,630,900900
2026-09-18,002019,9.270,86,79722
2026-09-18,002020,11.350,138,156630
2026-09-18,002021,2.670,403,107601
2026-09-18,002022,5.640,429,241956
2026-09-18,002023,9.530,1000,953000
2026-09-18,002025,74.100,1677,12426570
2026-09-18,002026,11.480,1293,1484364
2026-09-18,002027,4.660,1624,756784
2026-09-18,002028,135.010,193,2605693
2026-09-18,002029,8.180,750,613500
2026-09-18,002030,5.280,408,215213
2026-09-18,002031,5.170,4170,2155890
2026-09-18,002032,39.950,60,239700
2026-09-18,002033,8.360,1281,1070916
2026-09-18,002034,14.330,86,123238
2026-09-18,002035,4.550,2085,948675
2026-09-18,002036,6.500,3533,2296450
2026-09-18,002037,6.850,415,284275
2026-09-18,002038,5.650,821,463865
2026-09-18,002039,19.370,66,127842
2026-09-18,002040,9.180,6232,5720976
2026-09-18,002041,10.000,11529,11529000
2026-09-18,002042,3.880,8435,3272780
2026-09-18,002043,10.800,152,164160
2026-09-18,002044,4.370,1198,523526
2026-09-18,002045,9.140,1050,959700
2026-09-18,002046,63.780,1050,6696900
2026-09-18,002047,3.410,660,225060
2026-09-18,002048,18.260,817,1491842
2026-09-18,002049,60.340,725,4374650
2026-09-18,002050,35.330,4545,16057485
2026-09-18,002051,8.790,1480,1300920
2026-09-18,002052,8.490,241,204609
2026-09-18,002053,9.550,42,40110
2026-09-18,002054,7.110,657,467127
2026-09-18,002056,19.820,913,1809566
2026-09-18,002057,8.780,137,120286
2026-09-18,002058,16.950,490,830550
2026-09-18,002059,4.410,6591,2906631
2026-09-18,002060,3.070,185,56795
2026-09-18,002061,3.350,343,114905
2026-09-18,002062,9.440,1778,1678432
2026-09-18,002063,5.350,818,437630
2026-09-18,002064,9.950,290,288550
2026-09-18,002065,6.600,1069,705540
2026-09-18,002066,20.070,69,138483
2026-09-18,002067,4.050,1767,715635
2026-09-18,002068,10.140,39503,40056042
2026-09-18,002069,3.670,241,88447
2026-09-18,002072,6.990,266,185934
2026-09-18,002073,5.700,1443,822510
2026-09-18,002074,26.060,930,2423580
2026-09-18,002075,3.550,2034,722070
2026-09-18,002076,2.150,1496,321640
2026-09-18,002077,14.100,5379,7584390
2026-09-18,002078,14.210,386,548506
2026-09-18,002079,9.140,2542,2323388
2026-09-18,002080,64.560,67372,434956408
2026-09-18,002081,4.840,5720,2768480
2026-09-18,002083,9.900,2853,2824470
2026-09-18,002084,5.450,9135,4978575
2026-09-18,002085,9.620,1678,1614236
2026-09-18,002086,2.000,685,137000
2026-09-18,002088,7.980,100,79800
2026-09-18,002090,9.060,503,455718
2026-09-18,002091,7.680,198,152064
2026-09-18,002092,4.400,2281,1003640
2026-09-18,002093,7.400,3561,2635140
2026-09-18,002094,5.090,2542,1293878
2026-09-18,002095,16.460,7866,12947436
2026-09-18,002096,9.090,135,122715
2026-09-18,002097,7.100,2354,1671340
2026-09-18,002098,7.860,60,47160
2026-09-18,002099,5.360,1103,591208
2026-09-18,002100,7.520,1087,817424
2026-09-18,002101,8.660,187,161942
2026-09-18,002103,6.430,130,83590
2026-09-18,002104,11.130,2150,2392950
2026-09-18,002105,5.980,337,201526
2026-09-18,002106,12.020,4942,5940284
2026-09-18,002107,6.690,737,493053
2026-09-18,002108,4.370,505,220685
2026-09-18,002110,2.910,462,134442
2026-09-18,002111,9.560,84,80304
2026-09-18,002112,14.550,221,321555
2026-09-18,002114,7.300,442,322660
2026-09-18,002115,10.070,855,860985
2026-09-18,002116,7.120,98,69776
2026-09-18,002117,7.710,71,54741
2026-09-18,002119,24.770,2920,7232840
2026-09-18,002120,6.860,5989,4108454
2026-09-18,002121,4.780,816,390048
2026-09-18,002123,7.660,1782,1365012
2026-09-18,002124,2.230,16529,3685967
2026-09-18,002125,12.020,304,365408
2026-09-18,002126,39.500,1952,7710400
2026-09-18,002127,3.050,768,234240
2026-09-18,002128,27.700,1729,4789330
2026-09-18,002129,8.730,4152,3624696
2026-09-18,002130,17.050,2177,3711785
2026-09-18,002131,4.450,4034,1795130
2026-09-18,002132,4.240,2126,901424
2026-09-18,002133,2.770,452,125204
2026-09-18,002134,25.010,834,2085834
2026-09-18,002135,6.150,259,159285
2026-09-18,002136,11.840,180,213120
2026-09-18,002137,8.530,44210,37711130
2026-09-18,002138,50.920,1569,7989348
2026-09-18,002139,9.760,842,821792
2026-09-18,002140,9.150,786,719190
2026-09-18,002141,6.610,4054,2679694
2026-09-18,002142,34.300,1758,6029940
2026-09-18,002144,10.500,92,96600
2026-09-18,002145,4.590,7716,3541644
2026-09-18,002146,1.150,4994,574310
2026-09-18,002148,6.250,221,138125
2026-09-18,002149,33.500,465,1557750
2026-09-18,002150,20.790,436,906444
2026-09-18,002151,28.290,332,939228
2026-09-18,002152,9.240,358,330792
2026-09-18,002153,7.560,187,141372
2026-09-18,002154,3.850,371,142835
2026-09-18,002155,25.910,11284,29235548
2026-09-18,002156,59.700,7012,41861640
2026-09-18,002157,3.000,13225,3967500
2026-09-18,002158,27.430,246,674778
2026-09-18,002159,13.170,132,173844
2026-09-18,002160,3.940,124,48856
2026-09-18,002161,6.650,6542,4350430
2026-09-18,002162,3.970,88,34936
2026-09-18,002163,7.650,3063,2343195
2026-09-18,002164,10.220,348,355656
2026-09-18,002165,7.020,997,699894
2026-09-18,002166,6.660,645,429570
2026-09-18,002167,16.120,2742,4420104
2026-09-18,002169,13.470,2568,3459096
2026-09-18,002170,10.950,393,430335
2026-09-18,002171,10.650,4088,4353720
2026-09-18,002172,4.980,34481,17171538
2026-09-18,002173,17.660,775,1368650
2026-09-18,002174,14.310,2390,3420090
2026-09-18,002176,8.600,1346,1157560
2026-09-18,002177,5.660,549,310734
2026-09-18,002178,4.660,58,27028
2026-09-18,002179,35.000,739,2586500
2026-09-18,002180,16.180,784,1268512
2026-09-18,002181,9.530,8147,7764091
2026-09-18,002182,11.470,244,279868
2026-09-18,002183,4.330,1639,709687
2026-09-18,002184,9.770,27,26379
2026-09-18,002185,16.770,19571,32820567
2026-09-18,002186,9.260,445,412070
2026-09-18,002187,5.500,152,83600
2026-09-18,002188,5.420,153,82926
2026-09-18,002189,19.050,15,28575
2026-09-18,002190,24.460,236,577256
2026-09-18,002191,3.640,2513,914732
2026-09-18,002192,61.880,1651,10216388
2026-09-18,002194,10.890,1966,2140974
2026-09-18,002195,6.100,2352,1434720
2026-09-18,002196,10.100,481,485810
2026-09-18,002197,6.660,618,411588
2026-09-18,002199,12.380,462,571956
2026-09-18,002200,6.550,123,80565
2026-09-18,002201,10.710,9220,9874620
2026-09-18,002202,18.030,9041,16300923
2026-09-18,002203,18.690,563,1052247
2026-09-18,002204,5.480,10059,5512332
2026-09-18,002205,10.680,73,77964
2026-09-18,002206,4.990,562,280438
2026-09-18,002208,9.620,251,241462
2026-09-18,002209,12.900,96,123840
2026-09-18,002210,2.150,863,185545
2026-09-18,002212,6.990,26557,18563343
2026-09-18,002213,29.000,1787,5182300
2026-09-18,002214,17.500,211,369250
2026-09-18,002215,9.610,1459,1402099
2026-09-18,002216,11.410,311,354851
2026-09-18,002218,4.260,7071,3012246
2026-09-18,002219,2.120,3783,801996
2026-09-18,002221,5.500,464,255200
2026-09-18,002222,69.690,1341,9345429
2026-09-18,002223,26.250,290,761250
2026-09-18,002224,3.790,440,166760
2026-09-18,002225,3.540,464,164256
2026-09-18,002226,5.060,5,2530
2026-09-18,002228,3.180,3886,1235748
2026-09-18,002229,11.180,4352,4865536
2026-09-18,002230,38.490,502,1932198
2026-09-18,002232,15.470,2829,4376463
2026-09-18,002233,7.100,465,330150
2026-09-18,002234,7.920,92,72864
2026-09-18,002235,8.010,337,269937
2026-09-18,002236,15.750,1275,2008125
2026-09-18,002237,13.890,2262,3141918
2026-09-18,002238,6.280,76,47728
2026-09-18,002239,2.540,3643,925322
2026-09-18,002240,27.520,957,2633664
2026-09-18,002241,22.690,10602,24055938
2026-09-18,002242,9.350,3236,3025660
2026-09-18,002243,7.070,18,12726
2026-09-18,002281,193.990,6685,129685807
2026-09-18,002282,6.050,439,265595
2026-09-18,002283,8.190,1149,941031
2026-09-18,002284,9.720,450,437400
2026-09-18,002285,2.600,83167,21623420
2026-09-18,002286,7.670,1754,1345318
2026-09-18,002287,19.350,76,147060
2026-09-18,002289,36.870,72,265464
2026-09-18,002290,67.000,798,5346600
2026-09-18,002291,5.530,693,383229
2026-09-18,002297,21.760,6096,13264896
2026-09-18,002298,8.190,856,701064
2026-09-18,002299,15.690,363,569547
2026-09-18,002300,7.900,12102,9560580
2026-09-18,002301,7.730,236,182428
2026-09-18,002302,4.630,189,87507
2026-09-18,002303,5.680,14476,8222368
2026-09-18,002304,37.960,83,315068
2026-09-18,002307,2.980,1104,328992
2026-09-18,002309,2.940,4734,1391796
2026-09-18,002327,6.090,165,100485
2026-09-18,002328,8.140,1792,1458688
2026-09-18,002329,3.660,1077,394182
2026-09-18,002330,4.080,1055,430440
2026-09-18,002331,6.720,478,321216
2026-09-18,002332,8.550,241,206055
2026-09-18,002333,5.340,292,155928
2026-09-18,002334,6.560,2139,1403184
2026-09-18,002335,29.650,1219,3614335
2026-09-18,002337,4.690,442,207298
2026-09-18,002338,41.790,158,660282
2026-09-18,002339,8.440,35300,29793200
2026-09-18,002340,6.180,3323,2053614
2026-09-18,002342,7.800,1373,1070948
2026-09-18,002343,5.600,1072,600320
2026-09-18,002344,4.000,137,54800
2026-09-18,002345,8.900,790,703100
2026-09-18,002346,18.600,353,656580
2026-09-18,002347,5.910,217,128247
2026-09-18,002348,10.810,358,386998
2026-09-18,002376,6.540,109,71286
2026-09-18,002377,3.130,8254,2583502
2026-09-18,002378,23.930,1505,3601465
2026-09-18,002379,17.500,3364,5887000
2026-09-18,002380,26.550,145,384975
2026-09-18,002381,5.480,423,231804
2026-09-18,002382,5.880,101,59388
2026-09-18,002383,7.860,4438,3488268
2026-09-18,002384,197.000,3987,78543900
2026-09-18,002385,3.170,10467,3318039
2026-09-18,002386,5.840,246,143664
2026-09-18,002387,6.900,305,210450
2026-09-18,002388,7.050,10579,7458195
2026-09-18,002389,18.800,1071,2013480
2026-09-18,002390,2.940,435,127890
2026-09-18,002391,5.210,20,10420
2026-09-18,002392,7.670,182,139594
2026-09-18,002393,13.460,8,10768
2026-09-18,002394,10.620,336,356832
2026-09-18,002395,12.380,367,454346
2026-09-18,002396,38.180,11604,44304072
2026-09-18,002397,3.750,295,110625
2026-09-18,002398,4.210,312,131352
2026-09-18,002399,9.480,91,86268
2026-09-18,002400,6.540,4099,2680746
2026-09-18,002401,12.130,59,71567
2026-09-18,002402,18.560,335,621760
2026-09-18,002403,9.490,2441,2316509
2026-09-18,002404,5.730,236,135228
2026-09-18,002405,5.960,1113,663348
2026-09-18,002406,6.520,75,48900
2026-09-18,002407,32.900,4012,13199480
2026-09-18,002408,5.400,154,83160
2026-09-18,002409,137.800,1810,24941800
2026-09-18,002410,8.470,322,272734
2026-09-18,002412,8.950,7898,7068710
2026-09-18,002413,8.180,906,741108
2026-09-18,002414,12.240,1401,1714824
2026-09-18,002415,32.660,1921,6273986
2026-09-18,002416,9.020,124,111848
2026-09-18,002418,4.730,5116,2419868
2026-09-18,002419,4.590,397,182223
2026-09-18,002420,6.050,264,159720
2026-09-18,002421,3.170,3320,1052440
2026-09-18,002422,40.380,484,1954392
2026-09-18,002423,9.200,101,92920
2026-09-18,002425,3.100,554,171740
2026-09-18,002426,2.620,1011,264882
2026-09-18,002427,4.600,92,42320
2026-09-18,002428,94.410,4402,41559188
2026-09-18,002429,8.150,2700,2200500
2026-09-18,002430,25.410,167,424347
2026-09-18,002432,60.660,803,4870998
2026-09-18,002434,5.660,55,31130
2026-09-18,002436,42.000,11856,49796880
2026-09-18,002437,3.440,25447,8753768
2026-09-18,002438,13.400,305,408700
2026-09-18,002439,13.650,1893,2583945
2026-09-18,002440,11.610,636,738396
2026-09-18,002441,8.140,160,130240
2026-09-18,002442,5.510,16734,9220434
2026-09-18,002443,12.450,2476,3082620
2026-09-18,002444,27.250,435,1185375
2026-09-18,002445,3.130,3443,1077659
2026-09-18,002446,8.150,1157,942955
2026-09-18,002448,11.200,321,359520
2026-09-18,002449,6.520,73,47596
2026-09-18,002451,7.480,526,393448
2026-09-18,002452,12.160,2793,3396288
2026-09-18,002453,5.340,35378,18891852
2026-09-18,002454,5.030,47,23641
2026-09-18,002455,7.100,316,224360
2026-09-18,002456,7.050,1309,922845
2026-09-18,002457,11.400,1461,1665540
2026-09-18,002458,8.370,832,696384
2026-09-18,002459,6.650,2219,1475635
2026-09-18,002460,46.510,1613,7502063
2026-09-18,002461,8.320,78,64896
2026-09-18,002462,12.290,158,194182
2026-09-18,002463,126.200,3802,47981240
2026-09-18,002465,10.100,2147,2168470
2026-09-18,002466,43.080,1616,6961728
2026-09-18,002467,4.580,914,418612
2026-09-18,002468,15.160,7092,10751472
2026-09-18,002469,6.020,366,220332
2026-09-18,002470,2.080,37394,7777952
2026-09-18,002471,5.450,424,231080
2026-09-18,002472,36.950,1428,5276460
2026-09-18,002474,6.330,105,66465
2026-09-18,002475,52.990,7678,40685722
2026-09-18,002476,4.960,10,4960
2026-09-18,002478,6.500,377,245050
2026-09-18,002479,5.840,144,84096
2026-09-18,002480,5.260,802,421852
2026-09-18,002481,4.240,416,176384
2026-09-18,002482,1.330,18843,2506119
2026-09-18,002483,6.020,849,511098
2026-09-18,002484,61.310,2746,16835726
2026-09-18,002486,2.780,1752,487056
2026-09-18,002487,40.800,19093,77899440
2026-09-18,002488,7.680,1187,911616
2026-09-18,002489,3.040,3883,1180432
2026-09-18,002490,7.090,2324,1647716
2026-09-18,002491,24.050,28005,67351953
2026-09-18,002492,6.000,417,250200
2026-09-18,002493,12.940,698,903212
2026-09-18,002494,4.600,1369,629740
2026-09-18,002495,2.400,939,225360
2026-09-18,002496,2.180,1849,403082
2026-09-18,002497,16.710,1080,1804680
2026-09-18,002498,6.390,1600,1022400
2026-09-18,002500,5.210,257,133897
2026-09-18,002506,2.440,2791,681004
2026-09-18,002507,11.080,411,455388
2026-09-18,002508,16.150,265,427975
2026-09-18,002510,5.920,15069,8920848
2026-09-18,002511,6.980,435,303630
2026-09-18,002513,5.320,223,118636
2026-09-18,002515,7.650,1196,914940
2026-09-18,002516,5.840,1102,643568
2026-09-18,002517,16.650,1854,3086910
2026-09-18,002518,38.000,982,3731600
2026-09-18,002519,6.020,4270,2570540
2026-09-18,002520,6.200,1472,912640
2026-09-18,002521,6.400,109,69760
2026-09-18,002522,5.860,7479,4382694
2026-09-18,002523,3.430,538,184534
2026-09-18,002524,3.950,429,169455
2026-09-18,002526,2.660,1749,465234
2026-09-18,002527,10.780,46,49588
2026-09-18,002529,6.650,375,249375
2026-09-18,002530,7.150,242,173030
2026-09-18,002531,7.700,31638,24361260
2026-09-18,002532,12.920,4963,6412196
2026-09-18,002533,10.930,21,22953
2026-09-18,002534,15.920,182,289744
2026-09-18,002535,2.450,319,78155
2026-09-18,002536,54.010,2317,12514117
2026-09-18,002537,5.800,610,353800
2026-09-18,002539,12.490,2265,2828985
2026-09-18,002540,5.010,422,211422
2026-09-18,002541,18.400,25,46000
2026-09-18,002543,7.040,1679,1182016
2026-09-18,002544,15.890,173,274897
2026-09-18,002545,15.900,1497,2380230
2026-09-18,002546,7.520,306,230112
2026-09-18,002548,3.950,3467,1369465
2026-09-18,002549,13.510,530,716030
2026-09-18,002550,6.360,245,155820
2026-09-18,002551,3.310,263,87053
2026-09-18,002552,55.400,1596,8841840
2026-09-18,002553,15.620,589,920018
2026-09-18,002554,2.770,667,184759
2026-09-18,002555,17.460,650,1134900
2026-09-18,002556,5.160,1175,606300
2026-09-18,002557,18.000,122,219600
2026-09-18,002558,24.900,1740,4332600
2026-09-18,002559,9.210,2439,2246319
2026-09-18,002560,7.200,7583,5459760
2026-09-18,002561,7.220,1192,860624
2026-09-18,002562,4.820,201,96882
2026-09-18,002563,5.400,185,99900
2026-09-18,002564,4.850,1403,680455
2026-09-18,002565,8.580,5052,4334616
2026-09-18,002566,7.030,223,156769
2026-09-18,002567,3.790,975,369525
2026-09-18,002568,17.740,556,986344
2026-09-18,002570,4.400,295,129800
2026-09-18,002571,10.910,66,72006
2026-09-18,002572,7.300,462,337260
2026-09-18,002573,3.110,944,293584
2026-09-18,002574,5.050,188,94940
2026-09-18,002575,5.180,735,380730
2026-09-18,002576,14.200,107,151940
2026-09-18,002577,20.840,6406,13350104
2026-09-18,002578,4.030,558,224874
2026-09-18,002579,20.290,14803,30035287
2026-09-18,002580,19.180,1621,3109078
2026-09-18,002582,9.570,448,428736
2026-09-18,002583,8.230,94,77362
2026-09-18,002584,9.720,151930,147675960
2026-09-18,002585,11.580,26124,30251592
2026-09-18,002586,3.740,835,312290
2026-09-18,002587,5.250,261,137025
2026-09-18,002588,7.710,273,210483
2026-09-18,002589,3.010,5460,1643460
2026-09-18,002590,9.830,311,305713
2026-09-18,002591,6.280,139,87292
2026-09-18,002593,4.640,248,115072
2026-09-18,002594,84.000,4609,38711484
2026-09-18,002595,38.810,299,1160419
2026-09-18,002596,3.370,293,98741
2026-09-18,002597,21.650,262,567230
2026-09-18,002599,5.520,24,13248
2026-09-18,002600,12.590,3090,3890310
2026-09-18,002601,15.150,250,378750
2026-09-18,002602,14.580,3347,4879926
2026-09-18,002603,15.150,328,496920
2026-09-18,002616,4.820,364,175448
2026-09-18,002617,6.960,24990,17393040
2026-09-18,002622,2.530,609,154077
2026-09-18,002623,16.880,695,1173160
2026-09-18,002624,9.940,1500,1491000
2026-09-18,002653,62.980,78,491244
2026-09-18,002654,14.160,2990,4233840
2026-09-18,002655,42.290,7696,32546384
2026-09-18,002656,2.790,248,69192
2026-09-18,002657,15.000,117,175500
2026-09-18,002658,7.390,66,48774
2026-09-18,002659,4.500,318,143100
2026-09-18,002660,7.910,276,218316
2026-09-18,002661,7.570,3378,2557146
2026-09-18,002662,3.220,38,12236
2026-09-18,002663,1.740,1565,272310
2026-09-18,002664,14.730,27,39771
2026-09-18,002666,4.200,382,160440
2026-09-18,002668,9.110,539,491029
2026-09-18,002669,14.000,2560,3584000
2026-09-18,002687,6.290,340,213860
2026-09-18,002688,5.190,345,179055
2026-09-18,002690,15.630,57,89091
2026-09-18,002692,4.350,473,205755
2026-09-18,002693,8.930,2171,1938703
2026-09-18,002713,10.140,1775,1799850
2026-09-18,002714,40.980,2482,10171236
2026-09-18,002715,13.130,167,219271
2026-09-18,002716,9.860,24912,24562916
2026-09-18,002718,85.640,3,25692
2026-09-18,002721,2.720,5108,1389376
2026-09-18,002722,12.920,24,31008
2026-09-18,002723,7.600,608,462080
2026-09-18,002724,6.790,4192,2846368
2026-09-18,002745,12.410,1591,1974431
2026-09-18,002746,6.430,787,506041
2026-09-18,002747,29.810,2278,6790718
2026-09-18,002748,12.040,49,58996
2026-09-18,002749,8.380,73,61174
2026-09-18,002752,6.240,111,69264
2026-09-18,002753,6.680,1634,1091512
2026-09-18,002755,11.370,156,177372
2026-09-18,002756,41.160,197,810852
2026-09-18,002757,17.870,762,1361694
2026-09-18,002758,8.650,838,724870
2026-09-18,002760,17.170,60,103020
2026-09-18,002761,7.130,675,481275
2026-09-18,002762,10.350,1144,1184040
2026-09-18,002763,7.210,174,125454
2026-09-18,002765,6.880,319,219472
2026-09-18,002766,4.090,107,43763
2026-09-18,002767,17.710,120,212520
2026-09-18,002768,65.770,101,664277
2026-09-18,002769,6.680,455,303940
2026-09-18,002771,13.700,176,241120
2026-09-18,002772,10.850,3644,3953740
2026-09-18,002773,19.240,111,213564
2026-09-18,002774,17.150,693,1188495
2026-09-18,002775,3.280,417,136776
2026-09-18,002777,12.450,198,246510
2026-09-18,002778,15.180,133,201894
2026-09-18,002779,82.000,146,1197200
2026-09-18,002780,13.340,1255,1674170
2026-09-18,002782,15.080,249,375492
2026-09-18,002783,7.800,81,63180
2026-09-18,002785,37.010,1430,5292430
2026-09-18,002786,7.570,237,179409
2026-09-18,002787,25.610,1238,3170518
2026-09-18,002788,10.650,461,490965
2026-09-18,002790,6.420,8939,5738838
2026-09-18,002791,14.180,25,35450
2026-09-18,002792,31.450,1515,4764675
2026-09-18,002793,4.540,1120,508480
2026-09-18,002795,7.270,1002,728454
2026-09-18,002796,32.220,4390,14144580
2026-09-18,002797,6.300,1988,1252440
2026-09-18,002798,6.620,91,60242
2026-09-18,002799,6.710,151,101321
2026-09-18,002800,14.750,316,466100
2026-09-18,002801,26.440,45,118980
2026-09-18,002802,11.960,78,93288
2026-09-18,002803,20.110,2205,4434255
2026-09-18,002805,16.990,146,248054
2026-09-18,002806,15.000,1354,2031000
2026-09-18,002807,4.200,144,60480
2026-09-18,002809,8.240,51,42024
2026-09-18,002810,20.840,33,68772
2026-09-18,002811,15.100,229,345790
2026-09-18,002812,48.510,406,1969506
2026-09-18,002813,22.000,15,33000
2026-09-18,002815,24.000,12327,29584800
2026-09-18,002817,6.530,710,463630
2026-09-18,002818,11.250,82,92250
2026-09-18,002819,21.380,47,100486
2026-09-18,002820,9.640,463,446332
2026-09-18,002821,184.100,1034,19035940
2026-09-18,002823,12.640,65,82160
2026-09-18,002824,29.530,6822,20145366
2026-09-18,002825,9.500,22,20900
2026-09-18,002826,17.150,27,46305
2026-09-18,002827,68.010,1137,7732737
2026-09-18,002828,10.540,313,329902
2026-09-18,002829,20.140,119,239666
2026-09-18,002830,14.450,25,36125
2026-09-18,002831,28.150,124,349060
2026-09-18,002832,25.270,106,267862
2026-09-18,002833,17.950,182,326690
2026-09-18,002835,12.900,190,245100
2026-09-18,002836,11.190,6860,7676340
2026-09-18,002837,62.530,2082,13021247
2026-09-18,002838,25.200,50,126000
2026-09-18,002839,4.320,1040,449280
2026-09-18,002840,8.070,336,271152
2026-09-18,002841,47.320,160,757120
2026-09-18,002842,35.790,2556,9147924
2026-09-18,002843,16.490,1187,1957363
2026-09-18,002845,13.950,93,129735
2026-09-18,002846,12.010,9540,11457540
2026-09-18,002847,42.020,89,373978
2026-09-18,002848,15.100,1381,2085310
2026-09-18,002849,18.580,548,1018184
2026-09-18,002850,170.050,61,1037305
2026-09-18,002851,123.780,1565,19371570
2026-09-18,002852,8.070,1700,1371900
2026-09-18,002853,21.700,25,54250
2026-09-18,002855,12.550,1427,1790885
2026-09-18,002857,17.470,120,209640
2026-09-18,002858,11.530,150,172950
2026-09-18,002859,67.690,636,4305084
2026-09-18,002860,16.810,44,73964
2026-09-18,002861,14.820,43,63726
2026-09-18,002862,15.450,492,760140
2026-09-18,002863,4.730,425,201025
2026-09-18,002864,20.510,73,149723
2026-09-18,002865,37.430,207,774801
2026-09-18,002866,14.520,235,341220
2026-09-18,002867,10.280,402,413256
2026-09-18,002868,22.820,55,125510
2026-09-18,002869,15.560,30,46680
2026-09-18,002870,50.550,147,743085
2026-09-18,002871,17.520,51,89352
2026-09-18,002873,8.110,145,117595
2026-09-18,002875,12.750,23,29325
2026-09-18,002876,31.720,46,145912
2026-09-18,002877,7.470,360,268920
2026-09-18,002878,12.660,182,230412
2026-09-18,002879,16.360,66,107976
2026-09-18,002880,20.740,97,201178
2026-09-18,002881,42.830,275,1177825
2026-09-18,002882,23.000,2246,5165800
2026-09-18,002884,15.540,86,133644
2026-09-18,002885,27.830,456,1269048
2026-09-18,002886,26.700,4184,11171280
2026-09-18,002887,8.990,145,130355
2026-09-18,002888,19.080,115,219420
2026-09-18,002889,11.830,3,3549
2026-09-18,002890,14.390,73,105047
2026-09-18,002891,27.100,248,672080
2026-09-18,002892,8.630,51,44013
2026-09-18,002893,10.140,668,677352
2026-09-18,002895,30.860,110,339460
2026-09-18,002896,61.330,515,3158495
2026-09-18,002897,70.870,1852,13123777
2026-09-18,002899,19.540,86,168044
2026-09-18,002900,11.890,591,702699
2026-09-18,002901,38.880,16,62208
2026-09-18,002902,30.020,4935,14814870
2026-09-18,002903,30.920,3468,10723056
2026-09-18,002905,8.480,232,196736
2026-09-18,002906,27.980,276,772248
2026-09-18,002907,13.630,213,290319
2026-09-18,002908,6.860,43,29498
2026-09-18,002909,6.550,3799,2488345
2026-09-18,002910,9.830,373,366659
2026-09-18,002911,11.180,45,50310
2026-09-18,002912,23.760,4557,10827432
2026-09-18,002913,84.010,1342,11274142
2026-09-18,002915,17.220,168,289296
2026-09-18,002916,389.010,413,16066113
2026-09-18,002917,10.100,2,2020
2026-09-18,002918,11.090,1121,1243189
2026-09-18,002919,16.950,94,159330
2026-09-18,002920,85.150,416,3542240
2026-09-18,002921,21.130,62,131006
2026-09-18,002922,23.700,893,2116410
2026-09-18,002923,11.000,102,112200
2026-09-18,002925,24.600,999,2457540
2026-09-18,002926,8.210,201,165021
2026-09-18,002927,19.190,2423,4649737
2026-09-18,002928,6.460,2399,1549754
2026-09-18,002929,51.200,201,1029120
2026-09-18,002930,9.050,639,578295
2026-09-18,002931,41.500,275,1141250
2026-09-18,002933,27.210,65,176865
2026-09-18,002935,15.850,90,142650
2026-09-18,002936,1.740,6593,1147182
2026-09-18,002937,27.320,45,122940
2026-09-18,002938,92.780,993,9213054
2026-09-18,002939,7.810,522,407682
2026-09-18,002940,22.850,403,920855
2026-09-18,002941,10.510,6,6306
2026-09-18,002942,16.330,219,357627
2026-09-18,002943,30.440,246,748824
2026-09-18,002945,13.890,400,555600
2026-09-18,002946,14.440,184,265696
2026-09-18,002947,64.850,621,4027185
2026-09-18,002948,5.990,1653,990147
2026-09-18,002949,12.340,302,372668
2026-09-18,002950,8.440,1411,1190884
2026-09-18,002951,15.870,317,503079
2026-09-18,002952,18.980,261,495378
2026-09-18,002953,10.660,1107,1180062
2026-09-18,002955,36.700,106,389020
2026-09-18,002956,17.200,2264,3894080
2026-09-18,002957,42.660,1264,5392224
2026-09-18,002958,2.960,484,143264
2026-09-18,002959,31.570,4,12628
2026-09-18,002960,8.400,87,73080
2026-09-18,002961,20.930,1849,3869957
2026-09-18,002962,13.660,368,502688
2026-09-18,002963,20.310,1133,2301123
2026-09-18,002965,27.450,2961,8127945
2026-09-18,002966,9.000,633,569700
2026-09-18,002967,17.050,52,88660
2026-09-18,002968,9.310,220,204820
2026-09-18,002969,11.370,996,1132452
2026-09-18,002970,44.210,121,534941
2026-09-18,002971,39.440,526,2074544
2026-09-18,002972,13.120,135,177120
2026-09-18,002973,13.520,903,1220856
2026-09-18,002975,106.590,1013,10797567
2026-09-18,002976,26.580,1474,3917892
2026-09-18,002978,25.100,161,404110
2026-09-18,002979,54.950,262,1439690
2026-09-18,002980,118.070,1272,15018504
2026-09-18,002981,25.130,207,520191
2026-09-18,002982,12.300,291,357930
2026-09-18,002983,22.100,80,176800
2026-09-18,002984,12.850,152,195320
2026-09-18,002985,27.600,47,129720
2026-09-18,002986,13.080,54,70632
2026-09-18,002987,10.890,337,366993
2026-09-18,002988,31.630,191,604133
2026-09-18,002989,23.700,122,289140
2026-09-18,002990,50.030,299,1495897
2026-09-18,002991,37.550,26,97630
2026-09-18,002992,33.920,390,1322880
2026-09-18,002993,36.260,138,500388
2026-09-18,002995,16.660,195,324870
2026-09-18,002996,5.950,413,245735
2026-09-18,002997,26.870,401,1077487
2026-09-18,002998,7.780,391,304198
2026-09-18,002999,6.310,1392,878352
2026-09-18,003000,9.290,197,183013
2026-09-18,003001,20.690,18274,37809775
2026-09-18,003002,16.330,516,842628
2026-09-18,003003,10.660,49,52234
2026-09-18,003004,61.000,27,164700
2026-09-18,003005,14.600,613,894980
2026-09-18,003006,20.330,3752,7627816
2026-09-18,003007,39.170,18,70506
2026-09-18,003008,19.050,111,211455
2026-09-18,003009,47.490,90,427410
2026-09-18,003010,29.650,135,400275
2026-09-18,003022,19.830,594,1177902
2026-09-18,003023,25.460,23,58558
2026-09-18,003025,11.920,303,361176
2026-09-18,003026,40.700,12569,51157580
2026-09-18,003027,16.060,39,62634
2026-09-18,003028,23.320,36,83952
2026-09-18,003029,17.510,241,421991
2026-09-18,003030,25.420,19,48298
2026-09-18,003031,139.020,3094,43012788
2026-09-18,003032,8.870,3048,2703576
2026-09-18,003033,83.520,67,559584
2026-09-18,003035,5.620,1733,973946
2026-09-18,003036,56.120,517,2901404
2026-09-18,003037,5.720,34,19448
2026-09-18,003038,10.430,19,19817
2026-09-18,003039,12.400,456,565440
2026-09-18,003040,15.900,4197,6673230
2026-09-18,003041,38.180,45,171810
2026-09-18,003042,14.180,167,236806
2026-09-18,003043,64.200,153,982260
2026-09-18,003816,4.240,3687,1563288
2026-09-18,600000,9.050,2256,2041680
2026-09-18,600004,7.600,131,99560
2026-09-18,600006,5.330,1481,789373
2026-09-18,600007,19.870,65,129155
2026-09-18,600008,2.730,1420,387660
2026-09-18,600009,22.520,309,695868
2026-09-18,600010,2.120,16255,3446060
2026-09-18,600011,6.770,3030,2051310
2026-09-18,600012,16.060,130,208780
2026-09-18,600015,6.260,2847,1782222
2026-09-18,600016,3.540,6717,2377818
2026-09-18,600017,2.840,187,53108
2026-09-18,600018,5.430,701,380643
2026-09-18,600019,5.720,675,386100
2026-09-18,600020,3.840,887,340608
2026-09-18,600021,13.330,816,1087728
2026-09-18,600022,1.310,15029,1968799
2026-09-18,600023,5.050,1481,747905
2026-09-18,600025,9.720,1606,1561032
2026-09-18,600026,21.520,13910,29934320
2026-09-18,600027,4.780,638,304964
2026-09-18,600028,5.130,4499,2307987
2026-09-18,600029,4.870,3468,1688916
2026-09-18,600030,26.280,3115,8186220
2026-09-18,600031,18.070,4222,7628955
2026-09-18,600032,7.030,875,615125
2026-09-18,600033,3.690,22461,8288109
2026-09-18,600035,3.660,159,58194
2026-09-18,600036,40.530,2440,9889320
2026-09-18,600037,6.970,1862,1297814
2026-09-18,600038,27.300,127,346710
2026-09-18,600039,8.860,294,260484
2026-09-18,600048,5.030,1811,910933
2026-09-18,600050,4.200,1836,770910
2026-09-18,600051,6.100,137,83570
2026-09-18,600052,3.700,676,250120
2026-09-18,600054,10.620,1039,1103418
2026-09-18,600055,10.100,369,372690
2026-09-18,600056,8.910,91,81081
2026-09-18,600057,5.880,748,439824
2026-09-18,600058,9.050,102,92310
2026-09-18,600059,9.650,13331,12864290
2026-09-18,600060,27.700,40,110800
2026-09-18,600061,6.210,353,219213
2026-09-18,600062,15.790,165,260535
2026-09-18,600063,5.480,1059,580332
2026-09-18,600064,7.750,315,244125
2026-09-18,600066,26.090,1427,3723043
2026-09-18,600067,2.740,669,183306
2026-09-18,600071,16.390,204,334356
2026-09-18,600072,8.810,548,482788
2026-09-18,600073,5.500,479,263450
2026-09-18,600075,4.510,784,353584
2026-09-18,600076,2.180,1399,304982
2026-09-18,600078,10.240,325,332800
2026-09-18,600081,10.300,94,96820
2026-09-18,600085,23.200,108,250560
2026-09-18,600088,15.200,18408,27980160
2026-09-18,600089,17.980,1050,1887900
2026-09-18,600094,4.070,32,13024
2026-09-18,600095,8.730,6012,5248476
2026-09-18,600096,28.400,957,2717880
2026-09-18,600097,9.230,177,163371
2026-09-18,600098,6.250,1177,735625
2026-09-18,600099,9.180,361,331398
2026-09-18,600100,6.760,509,344084
2026-09-18,600101,7.870,376,295912
2026-09-18,600103,3.570,19414,6930798
2026-09-18,600104,11.160,1575,1757700
2026-09-18,600105,46.180,16510,76243180
2026-09-18,600106,4.420,22,9724
2026-09-18,600108,4.010,101787,40816587
2026-09-18,600109,8.190,935,765765
2026-09-18,600110,12.200,13392,16338240
2026-09-18,600111,36.960,1350,4989600
2026-09-18,600113,30.970,341,1056077
2026-09-18,600114,27.930,550,1536150
2026-09-18,600115,3.350,59615,19971025
2026-09-18,600116,6.150,1294,795810
2026-09-18,600117,2.190,1085,237615
2026-09-18,600118,57.770,697,4026569
2026-09-18,600120,4.730,611,289003
2026-09-18,600121,4.820,25454,12268828
2026-09-18,600123,7.010,1705,1195205
2026-09-18,600125,5.270,371,195517
2026-09-18,600126,6.160,1241,764456
2026-09-18,600127,12.900,88625,114326263
2026-09-18,600128,8.310,414,344034
2026-09-18,600129,13.420,118,158356
2026-09-18,600130,4.440,286,126984
2026-09-18,600131,14.300,218,311740
2026-09-18,600132,37.810,52,196612
2026-09-18,600133,7.900,106,83740
2026-09-18,600135,7.870,4162,3275502
2026-09-18,600137,17.290,72,124488
2026-09-18,600138,7.010,178,124778
2026-09-18,600141,29.280,888,2600064
2026-09-18,600143,13.200,805,1062600
2026-09-18,600148,15.810,8,12648
2026-09-18,600149,4.980,190,94620
2026-09-18,600150,38.600,11898,45926280
2026-09-18,600151,9.590,472,452648
2026-09-18,600152,8.040,175,140700
2026-09-18,600153,8.230,154,126742
2026-09-18,600155,5.940,357,212058
2026-09-18,600156,8.740,1385,1210490
2026-09-18,600157,1.520,8948,1360096
2026-09-18,600158,7.030,350,246057
2026-09-18,600159,2.730,1161,316953
2026-09-18,600160,35.190,581,2044539
2026-09-18,600161,12.150,75,91125
2026-09-18,600162,4.530,3453,1564209
2026-09-18,600163,6.040,35326,21336904
2026-09-18,600165,3.390,2776,941064
2026-09-18,600166,2.800,4875,1365000
2026-09-18,600167,5.610,34,19074
2026-09-18,600168,4.330,322,139426
2026-09-18,600170,2.200,2991,658020
2026-09-18,600171,22.720,534,1213248
2026-09-18,600172,16.210,8416,13642336
2026-09-18,600176,48.000,60457,290194896
2026-09-18,600177,8.120,1808,1468096
2026-09-18,600178,9.670,110,106370
2026-09-18,600179,4.520,954,431208
2026-09-18,600182,12.670,51,64617
2026-09-18,600183,149.000,6682,99560608
2026-09-18,600184,21.790,4064,8855456
2026-09-18,600185,4.750,2820,1339500
2026-09-18,600186,12.770,10788,13776276
2026-09-18,600188,19.950,2449,4885755
2026-09-18,600189,7.650,474,362610
2026-09-18,600191,9.530,701,668053
2026-09-18,600192,7.700,2604,2005080
2026-09-18,600195,6.720,571,383712
2026-09-18,600196,21.850,716,1564460
2026-09-18,600197,9.240,56,51744
2026-09-18,600198,7.580,979,742082
2026-09-18,600199,6.880,145,99760
2026-09-18,600201,11.790,50,58950
2026-09-18,600202,4.950,112,55440
2026-09-18,600203,10.060,425,427550
2026-09-18,600206,51.660,10293,53173638
2026-09-18,600207,4.800,3672,1762560
2026-09-18,600208,2.810,1953,548793
2026-09-18,600210,6.250,402,251250
2026-09-18,600211,35.850,36,129060
2026-09-18,600212,5.960,50,29800
2026-09-18,600215,6.190,127,78613
2026-09-18,600216,12.550,227,284885
2026-09-18,600217,3.260,362,118012
2026-09-18,600218,7.540,273,205842
2026-09-18,600219,4.690,7883,3697127
2026-09-18,600221,1.230,43144,5306712
2026-09-18,600222,7.770,290,225330
2026-09-18,600223,5.450,75,40875
2026-09-18,600226,6.000,1488,892800
2026-09-18,600227,3.850,33399,12858615
2026-09-18,600228,11.340,1676,1900584
2026-09-18,600229,5.860,4847,2840342
2026-09-18,600230,13.310,89,118725
2026-09-18,600231,1.700,3239,550630
2026-09-18,600232,6.520,373,243196
2026-09-18,600233,17.770,4111,7305247
2026-09-18,600234,20.910,331,692121
2026-09-18,600235,5.800,258,149640
2026-09-18,600236,9.680,95,91960
2026-09-18,600237,9.540,1744,1663776
2026-09-18,600241,7.230,94,67962
2026-09-18,600246,13.240,2986,3953464
2026-09-18,600248,2.830,1026,290358
2026-09-18,600249,5.410,631,341371
2026-09-18,600250,8.820,1269,1119258
2026-09-18,600251,10.080,3683,3712464
2026-09-18,600252,2.210,810,179010
2026-09-18,600255,3.650,4233,1545045
2026-09-18,600256,6.790,3611,2451869
2026-09-18,600257,5.580,803,448074
2026-09-18,600258,11.240,439,493436
2026-09-18,600259,81.200,231,1875720
2026-09-18,600261,3.180,260,82680
2026-09-18,600262,14.820,149,220818
2026-09-18,600266,4.070,631,256817
2026-09-18,600267,11.450,678,776310
2026-09-18,600268,10.280,203,208684
2026-09-18,600269,3.820,207,79074
2026-09-18,600283,8.020,58,46516
2026-09-18,600284,5.030,214,107642
2026-09-18,600285,19.120,78,149136
2026-09-18,600287,4.900,90,44100
2026-09-18,600288,10.760,268,288368
2026-09-18,600292,11.770,53,62381
2026-09-18,600293,3.460,51558,17839068
2026-09-18,600295,13.020,211,274722
2026-09-18,600298,39.920,140,558880
2026-09-18,600299,8.250,472,389400
2026-09-18,600300,3.130,1267,396571
2026-09-18,600303,3.020,2285,690070
2026-09-18,600305,6.630,102,67626
2026-09-18,600307,1.490,1183,176267
2026-09-18,600308,3.230,279,90117
2026-09-18,600309,70.330,1675,11780275
2026-09-18,600310,4.630,2452,1135276
2026-09-18,600312,19.250,419,806575
2026-09-18,600313,6.870,11710,8044770
2026-09-18,600315,17.780,133,236474
2026-09-18,600316,32.450,94,305030
2026-09-18,600318,6.640,1240,823360
2026-09-18,600319,6.200,142,88040
2026-09-18,600320,4.130,501,206913
2026-09-18,600322,2.660,800,212800
2026-09-18,600323,29.380,28,82264
2026-09-18,600325,2.370,1897,449589
2026-09-18,600326,6.800,360,244800
2026-09-18,600327,3.880,137,53156
2026-09-18,600328,5.650,1817,1026605
2026-09-18,600329,34.050,30,102150
2026-09-18,600330,30.310,5320,16124920
2026-09-18,600331,11.650,2882,3357530
2026-09-18,600332,19.410,60,116460
2026-09-18,600333,6.720,482,323904
2026-09-18,600335,5.180,1176,609168
2026-09-18,600336,6.390,228,145692
2026-09-18,600338,12.650,1462,1849430
2026-09-18,600339,3.250,2818,915850
2026-09-18,600343,19.850,539,1069915
2026-09-18,600345,55.020,844,4643688
2026-09-18,600346,16.390,1194,1956966
2026-09-18,600348,8.990,1952,1754848
2026-09-18,600350,10.050,384,385920
2026-09-18,600351,6.610,236,155996
2026-09-18,600352,11.570,467,540319
2026-09-18,600353,35.200,10629,37414080
2026-09-18,600354,9.370,34402,32234337
2026-09-18,600356,9.900,7414,7339860
2026-09-18,600358,5.090,32,16288
2026-09-18,600359,7.470,10577,7901019
2026-09-18,600360,10.780,6196,6679288
2026-09-18,600361,3.520,2020,711040
2026-09-18,600362,44.200,7173,31706826
2026-09-18,600366,11.100,1934,2146740
2026-09-18,600367,36.730,2101,7716973
2026-09-18,600368,4.130,1182,488174
2026-09-18,600369,3.940,547,215518
2026-09-18,600371,14.300,37933,54244190
2026-09-18,600372,11.430,250,285750
2026-09-18,600373,7.420,788,584696
2026-09-18,600375,3.710,669,248199
2026-09-18,600376,3.110,1975,614225
2026-09-18,600377,12.780,227,290106
2026-09-18,600378,47.960,3147,15093012
2026-09-18,600379,14.090,611,860899
2026-09-18,600380,9.200,623,573160
2026-09-18,600382,6.180,243,150174
2026-09-18,600383,2.150,3603,774645
2026-09-18,600386,3.560,423,150588
2026-09-18,600388,17.580,32,56256
2026-09-18,600389,18.310,597,1093107
2026-09-18,600390,4.850,838,406430
2026-09-18,600391,41.390,155,641545
2026-09-18,600392,21.590,1744,3765296
2026-09-18,600395,5.010,2949,1477449
2026-09-18,600396,13.110,2794,3662934
2026-09-18,600397,16.990,2746,4665454
2026-09-18,600398,5.760,1095,630720
2026-09-18,600399,4.400,1765,776600
2026-09-18,600400,3.340,4037,1348358
2026-09-18,600403,6.600,22029,14539140
2026-09-18,600405,5.010,280,140280
2026-09-18,600406,21.980,777,1707846
2026-09-18,600408,3.040,1673,508592
2026-09-18,600409,6.270,272,170544
2026-09-18,600410,16.280,16443,26769204
2026-09-18,600415,11.630,964,1121132
2026-09-18,600416,8.450,254,214630
2026-09-18,600418,19.400,9847,19103180
2026-09-18,600419,8.550,135,115425
2026-09-18,600420,8.260,146,120596
2026-09-18,600422,8.160,310,252960
2026-09-18,600425,3.610,320,115520
2026-09-18,600426,19.410,1770,3435570
2026-09-18,600428,11.080,964,1068112
2026-09-18,600429,4.550,151,68705
2026-09-18,600433,3.280,505,165640
2026-09-18,600435,11.190,360,402840
2026-09-18,600436,117.700,75,882750
2026-09-18,600438,11.190,896,1002624
2026-09-18,600444,13.940,128,178432
2026-09-18,600446,10.440,253,264132
2026-09-18,600448,3.540,60436,21394344
2026-09-18,600449,12.760,464,592064
2026-09-18,600452,8.960,640,573440
2026-09-18,600455,23.300,169,393770
2026-09-18,600456,25.160,90,226465
2026-09-18,600458,11.440,535,612040
2026-09-18,600459,19.170,506,970002
2026-09-18,600460,32.500,8495,27608750
2026-09-18,600461,8.940,803,717659
2026-09-18,600463,7.920,28,22176
2026-09-18,600467,2.420,1235,298870
2026-09-18,600468,6.250,826,516250
2026-09-18,600469,4.970,139,69083
2026-09-18,600470,5.680,667,378856
2026-09-18,600475,14.800,56,82880
2026-09-18,600477,2.410,185,44585
2026-09-18,600478,4.650,550,255750
2026-09-18,600479,11.480,7522,8635256
2026-09-18,600480,7.620,355,270739
2026-09-18,600481,4.110,683,280713
2026-09-18,600482,32.680,760,2483680
2026-09-18,600483,10.870,502,545674
2026-09-18,600486,52.510,72,378072
2026-09-18,600487,70.000,30283,211981000
2026-09-18,600488,5.900,27818,16412620
2026-09-18,600489,24.500,12962,31756900
2026-09-18,600490,7.190,1734,1246746
2026-09-18,600493,6.220,1079,671138
2026-09-18,600495,4.040,131,52924
2026-09-18,600496,3.270,832,272064
2026-09-18,600497,9.620,9421,9063002
2026-09-18,600498,44.620,10638,47466756
2026-09-18,600499,13.580,822,1116276
2026-09-18,600500,5.880,9130,5368440
2026-09-18,600501,14.700,57,83790
2026-09-18,600502,4.280,1459,624452
2026-09-18,600503,2.160,687,148392
2026-09-18,600505,10.530,389,409617
2026-09-18,600506,16.400,1069,1753160
2026-09-18,600507,4.090,580,237220
2026-09-18,600508,10.380,1762,1828956
2026-09-18,600509,7.200,1579,1136880
2026-09-18,600510,6.400,112,71680
2026-09-18,600511,26.070,15,39105
2026-09-18,600512,2.070,1168,241776
2026-09-18,600513,14.840,85,126140
2026-09-18,600515,2.720,1910,519520
2026-09-18,600516,5.420,32402,17561884
2026-09-18,600517,4.910,598,293618
2026-09-18,600518,1.330,3931,522823
2026-09-18,600519,1262.990,113,14312203
2026-09-18,600520,25.080,350,877800
2026-09-18,600521,16.350,837,1368495
2026-09-18,600522,36.900,35324,130345560
2026-09-18,600523,11.950,75,89625
2026-09-18,600525,4.740,522,247428
2026-09-18,600526,4.580,181,82898
2026-09-18,600527,2.210,502,110942
2026-09-18,600528,6.800,310,210800
2026-09-18,600529,18.310,267,488877
2026-09-18,600531,12.250,2277,2789325
2026-09-18,600533,2.220,368,81696
2026-09-18,600535,13.950,124,172980
2026-09-18,600536,31.230,340,1061820
2026-09-18,600538,4.930,4,1972
2026-09-18,600539,13.360,225,300600
2026-09-18,600540,5.210,26951,14041471
2026-09-18,600545,4.620,9275,4285050
2026-09-18,600546,13.210,2356,3112276
2026-09-18,600547,33.500,10736,35965600
2026-09-18,600549,50.420,1680,8470560
2026-09-18,600550,10.700,142,151940
2026-09-18,600551,7.520,809,608368
2026-09-18,600552,17.790,2670,4749930
2026-09-18,600556,4.700,461,216670
2026-09-18,600557,12.080,147,177576
2026-09-18,600558,4.710,1253,590163
2026-09-18,600559,10.990,213,234087
2026-09-18,600560,11.030,122,134566
2026-09-18,600561,5.760,299,172224
2026-09-18,600562,27.570,65,179205
2026-09-18,600563,124.000,178,2207200
2026-09-18,600566,25.160,67,168572
2026-09-18,600567,1.320,7403,977196
2026-09-18,600569,1.790,275,49225
2026-09-18,600570,20.090,399,801591
2026-09-18,600571,10.470,124,129828
2026-09-18,600572,4.250,1029,437325
2026-09-18,600573,9.630,105,101115
2026-09-18,600575,3.240,421,136404
2026-09-18,600576,5.410,432,233712
2026-09-18,600577,7.980,990,790020
2026-09-18,600578,5.310,3111,1651941
2026-09-18,600579,7.080,264,186912
2026-09-18,600580,27.250,1768,4817800
2026-09-18,600582,4.930,616,303688
2026-09-18,600583,6.030,719,433557
2026-09-18,600584,69.100,6718,46421380
2026-09-18,600585,16.980,447,759006
2026-09-18,600586,4.100,287,117670
2026-09-18,600587,12.150,35,42525
2026-09-18,600588,9.400,913,858220
2026-09-18,600589,7.840,2181,1709904
2026-09-18,600590,8.520,3795,3233340
2026-09-18,600592,14.770,121,178717
2026-09-18,600593,43.310,4195,18168545
2026-09-18,600594,3.560,306,108936
2026-09-18,600595,6.070,5727,3476289
2026-09-18,600596,11.940,7999,9550806
2026-09-18,600597,6.750,204,137700
2026-09-18,600598,12.370,5010,6197370
2026-09-18,600600,50.110,76,380836
2026-09-18,600601,14.850,7343,10904355
2026-09-18,600602,17.050,697,1189067
2026-09-18,600603,4.910,42,20622
2026-09-18,600604,4.500,903,406350
2026-09-18,600605,26.570,56,148792
2026-09-18,600606,1.330,10932,1453956
2026-09-18,600609,3.710,46684,17319764
2026-09-18,600610,7.500,800,600000
2026-09-18,600611,4.480,2088,935424
2026-09-18,600612,31.380,21,65898
2026-09-18,600613,8.120,21171,17190852
2026-09-18,600615,9.340,152,141968
2026-09-18,600616,4.700,10480,4925600
2026-09-18,600617,3.260,1462,476459
2026-09-18,600618,9.770,46,44942
2026-09-18,600619,13.110,397,520467
2026-09-18,600620,4.400,128,56320
2026-09-18,600621,12.970,1314,1704258
2026-09-18,600622,2.380,1219,290122
2026-09-18,600623,8.460,101,85446
2026-09-18,600626,3.720,1032,383904
2026-09-18,600628,6.250,821,513125
2026-09-18,600629,16.300,265,431950
2026-09-18,600630,8.000,34765,27812000
2026-09-18,600633,10.120,584,591008
2026-09-18,600635,4.520,664,300128
2026-09-18,600637,8.410,2575,2165575
2026-09-18,600638,4.770,433,206541
2026-09-18,600639,9.410,19,17879
2026-09-18,600640,11.000,583,641300
2026-09-18,600641,37.640,14589,54912996
2026-09-18,600642,8.610,612,526932
2026-09-18,600643,3.970,255,101235
2026-09-18,600644,9.710,5132,4983172
2026-09-18,600645,18.060,174,314244
2026-09-18,600648,9.470,93,88071
2026-09-18,600649,3.860,182,70252
2026-09-18,600650,10.200,253,258060
2026-09-18,600651,5.180,762,394716
2026-09-18,600653,1.730,1364,235972
2026-09-18,600654,3.030,2567,777801
2026-09-18,600655,4.560,592,269952
2026-09-18,600657,2.850,5769,1644165
2026-09-18,600658,4.040,275,111100
2026-09-18,600660,54.010,221,1193621
2026-09-18,600661,8.730,282,246186
2026-09-18,600662,4.200,56,23520
2026-09-18,600663,8.990,398,357802
2026-09-18,600664,7.180,67215,48260370
2026-09-18,600665,3.450,258,89010
2026-09-18,600666,3.480,11440,3981120
2026-09-18,600667,21.180,46801,99124518
2026-09-18,600668,7.140,103,73542
2026-09-18,600671,22.210,13,28873
2026-09-18,600673,32.210,847,2728187
2026-09-18,600674,15.870,400,634800
2026-09-18,600675,2.230,876,195348
2026-09-18,600676,6.640,223,148072
2026-09-18,600679,9.970,220,219340
2026-09-18,600681,3.460,440,152240
2026-09-18,600682,5.560,377,209612
2026-09-18,600683,9.430,281,264983
2026-09-18,600684,3.490,387,135063
2026-09-18,600685,28.280,1258,3557624
2026-09-18,600686,10.750,1334,1434050
2026-09-18,600688,2.770,3446,954542
2026-09-18,600689,12.080,275,332200
2026-09-18,600690,20.660,1557,3216762
2026-09-18,600691,2.890,4078,1178542
2026-09-18,600692,6.340,186,117924
2026-09-18,600693,9.200,7100,6532000
2026-09-18,600694,14.280,38,54050
2026-09-18,600697,11.210,3297,3695937
2026-09-18,600698,7.000,5785,4049500
2026-09-18,600699,20.680,22297,46110196
2026-09-18,600702,32.210,493,1587953
2026-09-18,600703,13.000,5286,6871800
2026-09-18,600704,4.870,760,370120
2026-09-18,600706,8.150,1263,1029345
2026-09-18,600707,9.420,13015,12260158
2026-09-18,600708,2.970,76,22572
2026-09-18,600710,11.300,319,360470
2026-09-18,600711,10.960,3502,3838192
2026-09-18,600712,5.070,10327,5235789
2026-09-18,600713,4.960,1713,849648
2026-09-18,600714,17.500,923,1615250
2026-09-18,600715,1.640,1936,317504
2026-09-18,600716,3.590,212,76108
2026-09-18,600717,4.280,587,251236
2026-09-18,600718,7.780,269,209282
2026-09-18,600719,7.640,1185,905340
2026-09-18,600720,5.120,296,151552
2026-09-18,600721,11.700,30975,36240750
2026-09-18,600722,15.630,6412,10021956
2026-09-18,600724,4.860,248,120528
2026-09-18,600725,3.260,1788,582888
2026-09-18,600726,5.090,2098,1067882
2026-09-18,600727,7.490,1181,884569
2026-09-18,600728,4.520,226,102152
2026-09-18,600729,18.490,38,70262
2026-09-18,600731,5.790,96,55584
2026-09-18,600732,10.140,509,516126
2026-09-18,600733,4.460,8133,3627318
2026-09-18,600736,6.410,403,258323
2026-09-18,600737,14.090,23968,33770912
2026-09-18,600738,4.240,1463,620312
2026-09-18,600739,10.260,535,548910
2026-09-18,600740,3.760,2109,792984
2026-09-18,600741,15.180,908,1378344
2026-09-18,600742,7.750,111,86025
2026-09-18,600743,2.080,1456,302848
2026-09-18,600744,6.300,5640,3553200
2026-09-18,600746,6.980,478,333644
2026-09-18,600748,3.780,4,1512
2026-09-18,600749,13.500,545,735750
2026-09-18,600750,22.490,494,1111006
2026-09-18,600751,3.030,2078,629634
2026-09-18,600754,18.340,345,632730
2026-09-18,600755,5.530,153,84609
2026-09-18,600756,13.530,97,131241
2026-09-18,600757,7.250,249,180525
2026-09-18,600758,3.640,5830,2122120
2026-09-18,600760,44.050,327,1440435
2026-09-18,600761,15.400,150,231000
2026-09-18,600763,32.620,151,492562
2026-09-18,600764,18.700,193,360910
2026-09-18,600765,13.380,332,444216
2026-09-18,600768,14.560,152,221312
2026-09-18,600769,15.330,389,596337
2026-09-18,600770,5.680,4433,2517944
2026-09-18,600771,13.550,35,47425
2026-09-18,600773,10.040,358,359432
2026-09-18,600774,7.610,144,109584
2026-09-18,600775,9.570,113,108141
2026-09-18,600776,13.500,804,1085400
2026-09-18,600777,4.000,867,346800
2026-09-18,600778,5.770,851,491027
2026-09-18,600779,25.500,42,107100
2026-09-18,600780,6.130,521,319373
2026-09-18,600782,2.680,526,140968
2026-09-18,600783,14.920,866,1292072
2026-09-18,600784,7.110,229,162819
2026-09-18,600785,9.950,1063,1057685
2026-09-18,600787,4.570,207,94599
2026-09-18,600789,7.530,603,454059
2026-09-18,600790,3.400,2850,969000
2026-09-18,600791,6.830,516,352428
2026-09-18,600792,5.070,33993,17234451
2026-09-18,600793,16.430,1222,2007746
2026-09-18,600794,3.220,115,37030
2026-09-18,600795,5.260,1314,691164
2026-09-18,600796,5.040,2,1008
2026-09-18,600797,6.570,208,136656
2026-09-18,600798,3.540,6800,2407200
2026-09-18,600800,3.310,191,63221
2026-09-18,600801,23.960,48,115008
2026-09-18,600802,5.690,5739,3265491
2026-09-18,600803,18.570,102,189414
2026-09-18,600805,4.480,202,90496
2026-09-18,600807,2.630,378,99414
2026-09-18,600808,2.530,1125,284625
2026-09-18,600809,112.500,191,2148750
2026-09-18,600810,6.280,76,47728
2026-09-18,600812,4.520,809,365668
2026-09-18,600814,6.770,558,377766
2026-09-18,600815,3.640,1821,662844
2026-09-18,600816,2.410,758,182678
2026-09-18,600817,9.500,11,10450
2026-09-18,600819,5.660,419,237154
2026-09-18,600820,5.300,2499,1324470
2026-09-18,600821,6.080,1328,807424
2026-09-18,600822,10.250,23154,23732850
2026-09-18,600824,3.580,213,76254
2026-09-18,600826,7.390,141,104199
2026-09-18,600827,7.670,956,733252
2026-09-18,600828,4.120,1184,487808
2026-09-18,600829,9.390,341,320199
2026-09-18,600830,8.450,802,677690
2026-09-18,600831,3.290,579,190491
2026-09-18,600833,10.180,400,407200
2026-09-18,600834,7.600,32,24320
2026-09-18,600835,17.910,50,89550
2026-09-18,600838,7.810,746,582626
2026-09-18,600839,6.680,1993,1331324
2026-09-18,600841,5.760,3691,2126016
2026-09-18,600843,6.840,174,119016
2026-09-18,600844,3.400,907,308380
2026-09-18,600845,16.900,454,767260
2026-09-18,600846,10.990,20,21980
2026-09-18,600847,12.620,813,1026006
2026-09-18,600848,8.420,103,86726
2026-09-18,600850,13.910,360,500760
2026-09-18,600851,8.280,152,125856
2026-09-18,600853,3.270,43,14061
2026-09-18,600854,4.610,551,254011
2026-09-18,600855,13.090,219,286671
2026-09-18,600857,21.100,79,166690
2026-09-18,600858,4.930,698,344114
2026-09-18,600859,9.560,267,255252
2026-09-18,600860,8.160,1997,1629552
2026-09-18,600862,17.930,213,381909
2026-09-18,600863,4.680,1643,768924
2026-09-18,600864,5.830,3305,1926815
2026-09-18,600865,10.270,9975,10244325
2026-09-18,600866,4.080,330,134640
2026-09-18,600867,7.810,406,317086
2026-09-18,600868,2.830,1149,325167
2026-09-18,600869,21.730,12543,27255939
2026-09-18,600871,2.160,7861,1697976
2026-09-18,600872,17.260,377,650702
2026-09-18,600873,7.500,246,184500
2026-09-18,600874,5.520,276,152352
2026-09-18,600875,24.280,2512,6099136
2026-09-18,600876,8.280,4470,3701160
2026-09-18,600877,12.040,407,490028
2026-09-18,600879,14.340,2134,3060156
2026-09-18,600880,4.850,24131,11703535
2026-09-18,600881,1.740,1575,274050
2026-09-18,600882,19.150,19,36385
2026-09-18,600883,7.910,282,223062
2026-09-18,600884,11.070,701,776007
2026-09-18,600885,34.380,361,1241118
2026-09-18,600886,14.330,1203,1724429
2026-09-18,600887,26.540,1587,4211898
2026-09-18,600888,9.960,4831,4811676
2026-09-18,600892,4.040,1986,802344
2026-09-18,600893,39.510,525,2074275
2026-09-18,600894,7.120,87,61944
2026-09-18,600895,28.280,2316,6549648
2026-09-18,600897,14.740,23,33902
2026-09-18,600900,28.330,4174,11824942
2026-09-18,600901,6.730,685,461005
2026-09-18,600903,6.450,4714,3040530
2026-09-18,600905,3.630,2473,897699
2026-09-18,600906,6.330,1829,1157757
2026-09-18,600908,5.820,656,381792
2026-09-18,600909,7.770,4718,3665886
2026-09-18,600916,7.470,1413,1055511
2026-09-18,600917,4.900,233,114170
2026-09-18,600918,5.420,777,421134
2026-09-18,600919,11.990,8504,10196296
2026-09-18,600925,4.120,366,150792
2026-09-18,600926,17.100,1793,3066030
2026-09-18,600927,12.220,79,96538
2026-09-18,600928,3.540,156,55224
2026-09-18,600929,5.920,26237,15532304
2026-09-18,600930,3.900,5811,2266290
2026-09-18,600933,13.340,1443,1924962
2026-09-18,600935,2.280,305,69540
2026-09-18,600936,4.430,3373,1494239
2026-09-18,600938,32.140,3481,11187934
2026-09-18,600939,2.640,219,57816
2026-09-18,600941,96.610,135,1304235
2026-09-18,600955,12.380,108,133704
2026-09-18,600956,7.210,332,239372
2026-09-18,600958,8.780,2849,2501422
2026-09-18,600959,3.140,310,97340
2026-09-18,600960,3.970,163,64711
2026-09-18,600961,25.030,1565,3917195
2026-09-18,600962,26.170,309,808653
2026-09-18,600963,3.400,624,212160
2026-09-18,600966,4.960,358,177568
2026-09-18,600967,13.150,5184,6816960
2026-09-18,600968,3.950,806,318370
2026-09-18,600969,9.960,470,468120
2026-09-18,600970,7.710,231,178101
2026-09-18,600971,8.370,1450,1213650
2026-09-18,600973,6.020,572,344344
2026-09-18,600975,5.170,985,509245
2026-09-18,600976,26.280,14,36792
2026-09-18,600977,12.720,2242,2851824
2026-09-18,600979,3.980,1724,686152
2026-09-18,600980,18.700,47,87890
2026-09-18,600981,2.420,103,24926
2026-09-18,600982,5.100,1293,659430
2026-09-18,600983,7.390,201,148539
2026-09-18,600984,3.490,783,273267
2026-09-18,600985,16.600,1016,1686560
2026-09-18,600986,7.080,562,397896
2026-09-18,600987,6.410,202,129482
2026-09-18,600988,44.310,4932,21853692
2026-09-18,600989,23.030,7507,17288621
2026-09-18,600990,17.980,60,107880
2026-09-18,600992,9.580,267,255786
2026-09-18,600993,22.430,42,94206
2026-09-18,600995,12.170,126,153342
2026-09-18,600996,7.000,1638,1146600
2026-09-18,600997,5.170,302,156134
2026-09-18,600998,5.020,1358,681716
2026-09-18,600999,17.300,1937,3350837
2026-09-18,601000,4.540,396,179784
2026-09-18,601001,16.620,1486,2469732
2026-09-18,601002,5.230,902,471746
2026-09-18,601003,3.530,1023,361119
2026-09-18,601005,1.200,7271,872520
2026-09-18,601006,4.710,2494,1174674
2026-09-18,601007,6.750,164,110700
2026-09-18,601008,4.440,2039,905316
2026-09-18,601009,11.770,1777,2091529
2026-09-18,601011,2.870,3504,1005648
2026-09-18,601012,11.060,4560,5043360
2026-09-18,601015,3.540,12743,4511022
2026-09-18,601016,3.380,11776,3980288
2026-09-18,601018,3.500,811,283850
2026-09-18,601019,6.770,446,301942
2026-09-18,601020,21.780,824,1794672
2026-09-18,601021,41.900,479,2007010
2026-09-18,601022,8.290,685,567865
2026-09-18,601026,14.480,745,1078760
2026-09-18,601033,14.510,64,92864
2026-09-18,601038,14.270,112,159824
2026-09-18,601058,13.850,448,620480
2026-09-18,601061,11.320,874,989368
2026-09-18,601065,6.680,46,30728
2026-09-18,601066,23.360,277,647072
2026-09-18,601068,4.430,355,157265
2026-09-18,601069,28.380,1740,4938120
2026-09-18,601077,6.540,4005,2619270
2026-09-18,601083,12.430,1115,1385945
2026-09-18,601086,14.110,29547,41690817
2026-09-18,601088,46.200,870,4019400
2026-09-18,601089,15.480,21,32508
2026-09-18,601096,4.090,311,127199
2026-09-18,601098,10.290,387,398223
2026-09-18,601099,3.410,3738,1274829
2026-09-18,601100,94.930,297,2819421
2026-09-18,601101,12.870,1292,1662804
2026-09-18,601106,2.990,823,246077
2026-09-18,601107,6.000,98,58800
2026-09-18,601108,8.380,840,703920
2026-09-18,601111,5.790,1708,988932
2026-09-18,601112,16.240,391,634984
2026-09-18,601113,3.400,543,184620
2026-09-18,601116,9.730,334,324982
2026-09-18,601117,7.170,1453,1041801
2026-09-18,601118,6.000,39956,23973600
2026-09-18,601121,7.130,555,395715
2026-09-18,601126,40.200,338,1358760
2026-09-18,601127,47.110,4034,19004174
2026-09-18,601128,6.310,904,570424
2026-09-18,601133,24.270,974,2363898
2026-09-18,601136,14.060,350,492100
2026-09-18,601137,20.000,829,1658000
2026-09-18,601138,62.980,12174,76671852
2026-09-18,601139,6.340,321,203514
2026-09-18,601155,11.090,342,379278
2026-09-18,601156,17.980,96,172590
2026-09-18,601158,4.040,283,114332
2026-09-18,601162,3.570,4420,1577940
2026-09-18,601163,12.430,29,36047
2026-09-18,601166,17.710,4192,7424032
2026-09-18,601168,36.380,5178,18837564
2026-09-18,601169,5.520,13482,7442064
2026-09-18,601177,13.530,71,96063
2026-09-18,601179,12.150,1483,1801845
2026-09-18,601186,6.000,3396,2037600
2026-09-18,601187,6.950,3264,2268480
2026-09-18,601188,2.880,298,85824
2026-09-18,601199,6.500,874,568100
2026-09-18,601200,6.880,75,51600
2026-09-18,601208,53.400,5790,30918600
2026-09-18,601211,17.360,590,1024240
2026-09-18,601212,6.300,65022,40963860
2026-09-18,601216,4.640,896,415744
2026-09-18,601218,5.400,48555,26219700
2026-09-18,601222,5.870,705,413835
2026-09-18,601225,25.350,927,2349945
2026-09-18,601226,6.520,95,61940
2026-09-18,601228,3.090,454,140286
2026-09-18,601229,9.580,2487,2382546
2026-09-18,601231,26.870,2432,6534784
2026-09-18,601233,23.700,1338,3171060
2026-09-18,601236,6.690,157,105033
2026-09-18,601279,3.500,2993,1047550
2026-09-18,601288,6.830,29939,20448337
2026-09-18,601298,9.690,230,222870
2026-09-18,601311,7.400,57,42180
2026-09-18,601318,53.320,2127,11341164
2026-09-18,601319,7.690,6458,4966202
2026-09-18,601326,3.560,218,77608
2026-09-18,601328,7.530,16754,12615807
2026-09-18,601330,8.370,385,322245
2026-09-18,601333,3.120,1343,419016
2026-09-18,601336,57.500,969,5571750
2026-09-18,601339,7.280,489,355992
2026-09-18,601360,8.710,5603,4880257
2026-09-18,601366,3.600,121,43560
2026-09-18,601368,4.470,137,61239
2026-09-18,601369,8.380,182,152516
2026-09-18,601375,3.960,663,262548
2026-09-18,601377,5.870,954,559998
2026-09-18,601388,3.250,1206,391950
2026-09-18,601390,4.280,3013,1289564
2026-09-18,601398,8.090,27149,21963541
2026-09-18,601399,3.180,2341,744438
2026-09-18,601456,8.620,73,62926
2026-09-18,601500,3.920,145,56840
2026-09-18,601512,8.290,43,35647
2026-09-18,601515,3.290,80,26320
2026-09-18,601518,2.800,87,24360
2026-09-18,601519,8.090,415,335735
2026-09-18,601528,5.040,593,298872
2026-09-18,601600,9.310,14710,13695010
2026-09-18,601601,31.850,692,2204020
2026-09-18,601606,32.400,1588,5145120
2026-09-18,601607,16.080,678,1090224
2026-09-18,601608,4.680,1936,906048
2026-09-18,601609,13.190,883,1164677
2026-09-18,601611,10.330,922,952426
2026-09-18,601615,9.530,1740,1658220
2026-09-18,601616,3.790,282,106878
2026-09-18,601618,2.510,3321,833571
2026-09-18,601619,4.170,786,327762
2026-09-18,601628,37.110,1439,5340129
2026-09-18,601633,14.180,430,609740
2026-09-18,601636,5.610,3660,2053260
2026-09-18,601658,5.360,9194,4927984
2026-09-18,601665,6.870,1510,1037370
2026-09-18,601666,8.800,1911,1681680
2026-09-18,601668,4.260,7740,3297240
2026-09-18,601669,4.600,18276,8406960
2026-09-18,601677,16.750,201,336675
2026-09-18,601678,5.890,2250,1325250
2026-09-18,601686,5.100,23,11730
2026-09-18,601688,18.210,2772,5047812
2026-09-18,601689,44.620,3635,16219370
2026-09-18,601696,11.220,1069,1199418
2026-09-18,601698,23.630,292,690705
2026-09-18,601699,15.180,1793,2721774
2026-09-18,601700,6.370,11869,7560553
2026-09-18,601702,15.140,322,487508
2026-09-18,601717,14.070,1035,1456245
2026-09-18,601727,6.360,3015,1917540
2026-09-18,601728,6.240,2002,1249248
2026-09-18,601766,5.950,3702,2202690
2026-09-18,601777,7.980,308,245784
2026-09-18,601778,3.530,2963,1045939
2026-09-18,601788,13.880,321,445548
2026-09-18,601789,4.120,334,137608
2026-09-18,601798,7.430,123,91389
2026-09-18,601799,71.840,86,617824
2026-09-18,601800,5.810,776,450856
2026-09-18,601801,5.310,219,116289
2026-09-18,601808,12.050,381,459105
2026-09-18,601811,12.380,6497,8043286
2026-09-18,601816,4.760,4275,2034900
2026-09-18,601818,3.050,4288,1307840
2026-09-18,601825,8.680,220,190960
2026-09-18,601827,7.950,8,6360
2026-09-18,601828,2.110,3213,677943
2026-09-18,601838,19.310,2127,4107237
2026-09-18,601857,10.530,6912,7278336
2026-09-18,601858,20.050,277,555385
2026-09-18,601860,2.580,578,149124
2026-09-18,601865,9.190,271,249049
2026-09-18,601866,2.460,3425,842572
2026-09-18,601868,2.430,62118,15094669
2026-09-18,601869,475.010,1257,59709232
2026-09-18,601872,21.610,40179,86826819
2026-09-18,601877,24.820,694,1722508
2026-09-18,601878,9.000,366,329400
2026-09-18,601880,1.460,8304,1212384
2026-09-18,601881,11.990,451,540749
2026-09-18,601882,22.150,394,872710
2026-09-18,601886,13.340,521,695014
2026-09-18,601888,51.200,1004,5140480
2026-09-18,601890,9.630,4997,4812111
2026-09-18,601898,13.910,2305,3206255
2026-09-18,601899,31.500,27148,85514625
2026-09-18,601900,12.240,459,561816
2026-09-18,601901,6.770,1162,786674
2026-09-18,601908,2.940,1163,341922
2026-09-18,601916,2.920,1982,578744
2026-09-18,601918,10.190,2182,2223458
2026-09-18,601919,16.130,3777,6092301
2026-09-18,601921,7.380,293,216234
2026-09-18,601928,8.280,278,230184
2026-09-18,601929,2.440,8714,2126096
2026-09-18,601933,2.980,3273,975354
2026-09-18,601939,10.840,11221,12163564
2026-09-18,601949,6.000,10648,6388800
2026-09-18,601952,9.060,7744,7016064
2026-09-18,601956,4.830,122,58926
2026-09-18,601958,20.340,1590,3234060
2026-09-18,601963,10.970,451,494747
2026-09-18,601965,13.290,32,42528
2026-09-18,601966,10.400,102,106080
2026-09-18,601968,4.490,48,21552
2026-09-18,601969,9.240,423,390852
2026-09-18,601975,4.500,30366,13664700
2026-09-18,601985,9.000,1132,1018800
2026-09-18,601988,6.550,14360,9405800
2026-09-18,601990,6.610,162,107082
2026-09-18,601991,5.510,2923,1610573
2026-09-18,601992,1.370,1021,139877
2026-09-18,601996,2.860,827,236522
2026-09-18,601997,5.580,1393,777294
2026-09-18,601998,8.830,4021,3550543
2026-09-18,601999,6.940,5873,4075862
2026-09-18,603000,17.250,3122,5385450
2026-09-18,603001,9.390,6230,5849970
2026-09-18,603002,19.620,6589,12927618
2026-09-18,603004,18.550,75,139125
2026-09-18,603005,30.260,727,2200144
2026-09-18,603006,10.630,117,124371
2026-09-18,603007,4.660,757,352762
2026-09-18,603009,48.160,3566,17173856
2026-09-18,603010,12.110,75,90825
2026-09-18,603011,28.010,1933,5414333
2026-09-18,603012,9.060,123,111438
2026-09-18,603013,14.190,24,34056
2026-09-18,603014,30.750,45,138375
2026-09-18,603015,10.970,70,76790
2026-09-18,603016,27.880,77,214676
2026-09-18,603017,9.790,121,118459
2026-09-18,603018,5.170,1335,690195
2026-09-18,603019,83.490,1442,12039258
2026-09-18,603020,11.000,3309,3639900
2026-09-18,603022,8.690,215,186835
2026-09-18,603023,4.130,3409,1407917
2026-09-18,603025,13.440,331,444864
2026-09-18,603026,61.330,78,478374
2026-09-18,603027,7.280,255,185640
2026-09-18,603028,6.810,38,25878
2026-09-18,603029,16.290,232,377928
2026-09-18,603030,2.100,2129,447090
2026-09-18,603031,42.750,140,598500
2026-09-18,603032,18.850,31,58435
2026-09-18,603033,7.280,6238,4541264
2026-09-18,603035,10.100,108,109080
2026-09-18,603036,12.970,46,59662
2026-09-18,603037,10.000,41,41000
2026-09-18,603038,17.060,385,656810
2026-09-18,603039,35.920,195,700440
2026-09-18,603040,48.100,33,158730
2026-09-18,603041,11.040,11,12144
2026-09-18,603042,17.690,8800,15566846
2026-09-18,603043,13.150,217,285355
2026-09-18,603045,51.820,876,4539432
2026-09-18,603048,23.330,83,193639
2026-09-18,603049,45.100,39,175890
2026-09-18,603050,18.150,47,85305
2026-09-18,603051,23.940,390,933660
2026-09-18,603052,59.990,652,3911348
2026-09-18,603053,8.700,41,35670
2026-09-18,603055,9.350,47,43945
2026-09-18,603057,18.710,53,99163
2026-09-18,603058,8.750,97,84875
2026-09-18,603059,23.900,3,7170
2026-09-18,603060,5.340,188,100392
2026-09-18,603061,352.090,356,12534404
2026-09-18,603062,36.190,12,43428
2026-09-18,603063,30.500,559,1704950
2026-09-18,603065,14.010,1147,1606947
2026-09-18,603066,9.060,189,171234
2026-09-18,603067,35.640,834,2972376
2026-09-18,603068,36.650,356,1304740
2026-09-18,603069,13.340,86,114724
2026-09-18,603070,11.420,183,208986
2026-09-18,603071,12.230,63,77049
2026-09-18,603072,29.700,22,65340
2026-09-18,603073,15.820,95,150290
2026-09-18,603075,19.520,153,298656
2026-09-18,603076,19.610,42,82362
2026-09-18,603077,2.260,3695,835070
2026-09-18,603078,33.150,1227,4067505
2026-09-18,603079,12.650,242,306130
2026-09-18,603080,19.250,50,96250
2026-09-18,603081,9.410,52,48932
2026-09-18,603082,51.670,3249,16787583
2026-09-18,603083,223.410,2538,56701458
2026-09-18,603085,9.920,142,140864
2026-09-18,603086,5.810,991,575771
2026-09-18,603087,69.510,526,3656226
2026-09-18,603088,10.320,74,76368
2026-09-18,603089,9.420,46,43332
2026-09-18,603090,39.000,444,1731600
2026-09-18,603091,46.240,17,78608
2026-09-18,603092,43.620,266,1160292
2026-09-18,603093,12.660,727,920382
2026-09-18,603095,14.360,92,132112
2026-09-18,603096,15.320,192,294144
2026-09-18,603097,18.600,9,16740
2026-09-18,603098,10.580,47,49726
2026-09-18,603099,38.600,1805,6967300
2026-09-18,603100,18.010,47,84647
2026-09-18,603101,7.380,216,159408
2026-09-18,603102,35.400,72,254880
2026-09-18,603103,16.000,369,590400
2026-09-18,603105,7.870,1168,919216
2026-09-18,603106,7.450,326,242870
2026-09-18,603107,12.080,781,943448
2026-09-18,603108,9.350,252,235620
2026-09-18,603109,16.930,611,1034423
2026-09-18,603110,25.750,262,674650
2026-09-18,603111,5.930,518,307174
2026-09-18,603112,17.120,416,712192
2026-09-18,603113,4.900,1522,745780
2026-09-18,603115,95.000,731,6944500
2026-09-18,603116,6.170,9,5553
2026-09-18,603117,4.000,59,23600
2026-09-18,603118,17.080,4044,6907254
2026-09-18,603119,55.500,1434,7959366
2026-09-18,603120,54.290,232,1259528
2026-09-18,603121,12.220,55,67210
2026-09-18,603122,12.340,10821,13353114
2026-09-18,603123,9.610,3127,3005047
2026-09-18,603124,133.100,145,1929950
2026-09-18,603125,23.880,183,437004
2026-09-18,603126,6.250,474,296250
2026-09-18,603127,44.640,2493,11128752
2026-09-18,603128,5.410,468,253188
2026-09-18,603129,295.000,66,1947000
2026-09-18,603130,36.980,2,7396
2026-09-18,603131,13.550,118,159890
2026-09-18,603132,18.350,160,293600
2026-09-18,603135,8.700,182,158340
2026-09-18,603136,8.890,4331,3850259
2026-09-18,603137,19.300,204,393720
2026-09-18,603138,14.410,2848,4103968
2026-09-18,603139,37.770,2415,9121455
2026-09-18,603150,68.400,75,513000
2026-09-18,603151,16.590,91,150969
2026-09-18,603153,13.010,17,22117
2026-09-18,603155,15.250,3562,5432050
2026-09-18,603156,43.800,798,3495240
2026-09-18,603158,10.500,281,295050
2026-09-18,603159,22.110,5509,12180399
2026-09-18,603160,53.280,116,618048
2026-09-18,603161,15.280,51,77928
2026-09-18,603162,13.780,10513,14486914
2026-09-18,603163,82.500,150,1237500
2026-09-18,603165,13.370,192,256704
2026-09-18,603166,10.900,264,287760
2026-09-18,603167,8.120,65,52780
2026-09-18,603168,5.690,242,137698
2026-09-18,603169,6.160,137,84392
2026-09-18,603170,11.920,26,30992
2026-09-18,603171,38.710,138,534198
2026-09-18,603172,18.730,90,168570
2026-09-18,603175,103.860,41,425826
2026-09-18,603176,5.320,80,42560
2026-09-18,603177,10.570,74,78218
2026-09-18,603178,15.640,169,264316
2026-09-18,603179,39.830,936,3728088
2026-09-18,603180,15.190,41,62279
2026-09-18,603181,12.390,93,115227
2026-09-18,603182,13.140,37,48618
2026-09-18,603183,4.950,1382,684090
2026-09-18,603185,14.160,495,700920
2026-09-18,603186,237.940,4450,105883300
2026-09-18,603187,10.750,292,313900
2026-09-18,603188,4.510,262,118162
2026-09-18,603190,15.740,17,26758
2026-09-18,603191,13.280,45,59760
2026-09-18,603192,20.160,61,122976
2026-09-18,603193,19.870,4,7948
2026-09-18,603194,33.470,10,33470
2026-09-18,603195,37.900,54,204660
2026-09-18,603196,19.560,112,219072
2026-09-18,603197,29.290,97,284113
2026-09-18,603198,37.900,131,496490
2026-09-18,603199,32.400,68,220320
2026-09-18,603200,39.980,314,1255372
2026-09-18,603201,15.150,63,95445
2026-09-18,603202,50.830,6,30498
2026-09-18,603203,45.830,350,1605425
2026-09-18,603205,22.690,64,145216
2026-09-18,603206,13.550,86,116530
2026-09-18,603207,24.050,342,822510
2026-09-18,603208,10.740,50,53700
2026-09-18,603209,14.600,112,163520
2026-09-18,603210,12.900,204,263160
2026-09-18,603211,20.080,167,335336
2026-09-18,603212,11.360,176,199936
2026-09-18,603213,13.640,39,53196
2026-09-18,603214,13.100,223,292130
2026-09-18,603215,14.140,283,400162
2026-09-18,603216,19.910,404,804364
2026-09-18,603217,27.550,26,71630
2026-09-18,603218,9.260,438,405588
2026-09-18,603219,12.940,95,122930
2026-09-18,603220,18.180,465,845370
2026-09-18,603221,30.800,4572,14081760
2026-09-18,603222,7.790,828,645012
2026-09-18,603223,9.840,248,244032
2026-09-18,603225,16.730,658,1100834
2026-09-18,603226,37.800,29,109620
2026-09-18,603227,7.400,22,16280
2026-09-18,603228,108.000,4189,45241956
2026-09-18,603230,13.480,31395,42320460
2026-09-18,603231,16.660,10,16660
2026-09-18,603232,14.840,236,350224
2026-09-18,603233,18.250,28,51100
2026-09-18,603235,24.830,6,14898
2026-09-18,603236,73.650,1056,7775967
2026-09-18,603237,14.810,69,102189
2026-09-18,603238,11.700,1069,1250730
2026-09-18,603239,13.780,14,19292
2026-09-18,603248,22.550,15988,36052940
2026-09-18,603255,32.550,430,1399650
2026-09-18,603256,149.010,4266,63567666
2026-09-18,603257,73.500,830,6100500
2026-09-18,603258,13.100,35,45850
2026-09-18,603259,161.110,2631,42389974
2026-09-18,603260,32.190,227,730713
2026-09-18,603261,52.270,64,334528
2026-09-18,603262,17.790,38,67602
2026-09-18,603266,17.390,3107,5403073
2026-09-18,603267,51.240,704,3607296
2026-09-18,603268,193.490,282,5456418
2026-09-18,603269,25.710,1660,4267860
2026-09-18,603270,36.890,632,2331448
2026-09-18,603271,38.220,105,401310
2026-09-18,603273,14.020,12,16824
2026-09-18,603275,35.900,21,75390
2026-09-18,603276,17.690,1141,2018429
2026-09-18,603277,11.500,171,196650
2026-09-18,603278,8.960,407,364672
2026-09-18,603279,11.040,259,285936
2026-09-18,603280,25.850,36,93060
2026-09-18,603281,18.300,76,139080
2026-09-18,603282,16.240,211,342664
2026-09-18,603283,46.800,891,4169880
2026-09-18,603284,40.420,33,133386
2026-09-18,603285,38.000,640,2432000
2026-09-18,603286,43.680,216,943488
2026-09-18,603288,33.900,298,1010220
2026-09-18,603289,9.430,39,36777
2026-09-18,603290,86.980,266,2313668
2026-09-18,603291,8.880,17,15096
2026-09-18,603293,36.300,9,32670
2026-09-18,603296,80.330,1184,9511072
2026-09-18,603297,110.700,35,387450
2026-09-18,603298,23.800,588,1399440
2026-09-18,603299,8.670,65,56346
2026-09-18,603300,4.630,1277,591251
2026-09-18,603301,81.970,42,344274
2026-09-18,603303,27.280,58,158224
2026-09-18,603305,10.930,1210,1322530
2026-09-18,603306,81.700,373,3047410
2026-09-18,603307,24.350,43,104705
2026-09-18,603308,42.540,1433,6095982
2026-09-18,603309,10.790,111,119769
2026-09-18,603310,14.790,72,106488
2026-09-18,603311,25.000,55,137500
2026-09-18,603312,31.420,8,25136
2026-09-18,603313,6.760,1596,1078896
2026-09-18,603315,10.750,58,62350
2026-09-18,603316,15.480,1903,2945844
2026-09-18,603317,12.790,304,388816
2026-09-18,603318,8.810,5442,4794402
2026-09-18,603319,28.840,215,620060
2026-09-18,603320,17.880,8,14304
2026-09-18,603321,6.830,311,212413
2026-09-18,603322,32.210,142,457382
2026-09-18,603323,4.460,498,222108
2026-09-18,603324,26.560,80,212480
2026-09-18,603325,52.040,1,5204
2026-09-18,603326,7.300,213,155490
2026-09-18,603327,8.390,665,557935
2026-09-18,603328,13.450,6598,8874310
2026-09-18,603329,10.000,346,346000
2026-09-18,603330,9.500,3007,2856650
2026-09-18,603331,12.650,171,216315
2026-09-18,603332,11.490,115,132135
2026-09-18,603333,9.530,167,159151
2026-09-18,603334,30.250,549,1660725
2026-09-18,603335,6.230,1245,775635
2026-09-18,603336,9.810,5662,5554422
2026-09-18,603337,36.200,9,32580
2026-09-18,603338,54.580,53,289274
2026-09-18,603339,12.760,400,510400
2026-09-18,603341,35.580,203,722274
2026-09-18,603344,23.910,292,698172
2026-09-18,603345,76.010,2772,21069972
2026-09-18,603348,14.120,80,112960
2026-09-18,603350,27.680,5,13840
2026-09-18,603351,25.400,8,20320
2026-09-18,603352,25.140,24,60336
2026-09-18,603353,43.500,1101,4789350
2026-09-18,603355,29.920,229,685168
2026-09-18,603356,16.560,22,36432
2026-09-18,603357,5.860,175,102550
2026-09-18,603358,44.390,175,776825
2026-09-18,603360,12.420,584,725328
2026-09-18,603363,2.890,865,249985
2026-09-18,603365,15.970,29,46313
2026-09-18,603366,6.900,1779,1227510
2026-09-18,603367,13.780,374,515372
2026-09-18,603368,15.250,34,51850
2026-09-18,603369,27.230,308,838684
2026-09-18,603370,27.260,21,57246
2026-09-18,603373,40.680,35,142380
2026-09-18,603375,48.550,267,1296285
2026-09-18,603376,26.130,118,308334
2026-09-18,603379,51.450,129,663705
2026-09-18,603380,34.250,83,284275
2026-09-18,603381,14.370,218,313266
2026-09-18,603382,18.580,4,7432
2026-09-18,603383,26.770,18,48186
2026-09-18,603385,5.460,282,153972
2026-09-18,603386,17.700,1387,2454990
2026-09-18,603387,9.350,1726,1613810
2026-09-18,603389,48.110,12,57732
2026-09-18,603390,10.870,807,877209
2026-09-18,603392,25.160,106,266696
2026-09-18,603393,24.670,712,1756504
2026-09-18,603395,24.660,1308,3226317
2026-09-18,603396,27.140,401,1088314
2026-09-18,603399,13.900,1116,1551240
2026-09-18,603402,58.000,555,3219000
2026-09-18,603406,27.660,251,694266
2026-09-18,603407,57.000,411,2342700
2026-09-18,603408,11.780,202,237956
2026-09-18,603409,17.410,5,8705
2026-09-18,603416,46.730,80,373840
2026-09-18,603418,45.700,119,543830
2026-09-18,603421,7.000,5821,4074700
2026-09-18,603435,48.550,150,728250
2026-09-18,603439,13.100,5090,6667900
2026-09-18,603444,352.050,91,3203655
2026-09-18,603456,15.430,522,805446
2026-09-18,603458,10.950,242,264990
2026-09-18,603459,89.280,791,7062048
2026-09-18,603466,12.670,6468,8194386
2026-09-18,603468,21.800,138,300840
2026-09-18,603477,14.570,415,604655
2026-09-18,603486,49.290,302,1488558
2026-09-18,603488,7.930,182,144326
2026-09-18,603489,28.850,221,637585
2026-09-18,603496,23.000,529,1216700
2026-09-18,603499,13.680,6,8208
2026-09-18,603500,9.270,2581,2392587
2026-09-18,603501,79.170,399,3162446
2026-09-18,603505,15.050,503,757015
2026-09-18,603506,11.470,147,168609
2026-09-18,603507,23.680,1286,3045958
2026-09-18,603508,20.940,117,244998
2026-09-18,603511,11.960,1,1196
2026-09-18,603515,14.620,5,7310
2026-09-18,603516,86.200,111,956820
2026-09-18,603518,7.610,58,44138
2026-09-18,603519,15.470,52,80444
2026-09-18,603520,8.380,196,164248
2026-09-18,603527,10.080,709,714672
2026-09-18,603528,6.480,906,587088
2026-09-18,603529,21.600,19,41040
2026-09-18,603530,43.800,46,201480
2026-09-18,603533,23.280,4372,10178016
2026-09-18,603535,6.120,419,256428
2026-09-18,603536,9.530,218,207754
2026-09-18,603538,25.950,1765,4580175
2026-09-18,603551,9.270,54,50058
2026-09-18,603556,23.000,58,133400
2026-09-18,603558,13.240,792,1048608
2026-09-18,603559,9.140,319,291566
2026-09-18,603565,11.620,425,493850
2026-09-18,603566,10.110,108,109188
2026-09-18,603567,5.310,732,388692
2026-09-18,603568,13.380,105,140490
2026-09-18,603569,5.750,27,15525
2026-09-18,603578,14.050,123,172815
2026-09-18,603579,17.200,63,108360
2026-09-18,603580,62.870,585,3677895
2026-09-18,603583,26.730,57,152361
2026-09-18,603585,10.450,84,87780
2026-09-18,603586,13.530,15,20295
2026-09-18,603587,12.150,62,75330
2026-09-18,603588,15.900,3928,6245520
2026-09-18,603589,17.350,181,314035
2026-09-18,603590,28.590,95,271605
2026-09-18,603596,28.600,433,1238380
2026-09-18,603598,17.150,689,1181635
2026-09-18,603599,10.550,477,503235
2026-09-18,603600,10.130,56,56728
2026-09-18,603601,10.040,6810,6837240
2026-09-18,603602,11.450,115,131675
2026-09-18,603605,56.000,311,1741600
2026-09-18,603606,35.520,741,2632742
2026-09-18,603607,25.000,1286,3215000
2026-09-18,603608,21.390,842,1801038
2026-09-18,603609,6.380,35,22330
2026-09-18,603610,13.680,145,198360
2026-09-18,603611,15.760,28,44128
2026-09-18,603612,16.520,85,140420
2026-09-18,603613,20.800,3496,7271680
2026-09-18,603615,18.660,213,397458
2026-09-18,603616,5.610,281,157641
2026-09-18,603617,6.750,194,130950
2026-09-18,603618,39.300,5676,22306680
2026-09-18,603619,20.780,4649,9660622
2026-09-18,603626,22.130,24600,54439800
2026-09-18,603628,10.190,197,200743
2026-09-18,603629,116.000,5358,62152800
2026-09-18,603630,13.380,142,189996
2026-09-18,603633,6.570,527,346239
2026-09-18,603636,6.660,240,159840
2026-09-18,603637,15.020,401,602302
2026-09-18,603638,18.050,310,559550
2026-09-18,603639,10.330,20,20660
2026-09-18,603648,9.380,270,253260
2026-09-18,603650,73.060,3649,26659594
2026-09-18,603656,17.480,149,260452
2026-09-18,603657,34.450,600,2067000
2026-09-18,603658,32.170,3,9651
2026-09-18,603659,22.300,447,996810
2026-09-18,603660,9.350,1697,1586695
2026-09-18,603661,31.670,104,329368
2026-09-18,603662,49.500,536,2653200
2026-09-18,603663,44.200,665,2939300
2026-09-18,603665,21.690,19,41211
2026-09-18,603666,25.300,19,48070
2026-09-18,603667,51.200,1075,5504000
2026-09-18,603668,12.750,568,724200
2026-09-18,603669,5.810,1889,1097509
2026-09-18,603676,8.860,62,54932
2026-09-18,603677,14.010,299,418899
2026-09-18,603678,50.700,574,2910180
2026-09-18,603679,24.070,231,556017
2026-09-18,603680,10.100,133,134330
2026-09-18,603681,19.230,400,769200
2026-09-18,603682,9.750,44,42900
2026-09-18,603683,16.350,497,812595
2026-09-18,603685,27.380,40,109520
2026-09-18,603686,15.470,48311,74737117
2026-09-18,603687,15.530,862,1338686
2026-09-18,603688,49.130,455,2235415
2026-09-18,603689,7.680,229,175872
2026-09-18,603690,24.350,750,1826250
2026-09-18,603693,12.430,1506,1871958
2026-09-18,603696,13.650,1088,1485120
2026-09-18,603697,9.050,156,141180
2026-09-18,603698,21.280,181,385168
2026-09-18,603699,44.450,145,644525
2026-09-18,603700,11.250,79,88875
2026-09-18,603701,19.850,31,61535
2026-09-18,603703,10.240,398,407552
2026-09-18,603706,16.950,109,184755
2026-09-18,603707,7.480,49,36652
2026-09-18,603708,8.760,627,549252
2026-09-18,603709,12.340,330,407220
2026-09-18,603711,11.270,24,27048
2026-09-18,603712,11.300,186,210180
2026-09-18,603713,63.620,13,82706
2026-09-18,603803,11.570,562,650234
2026-09-18,603806,14.160,1002,1418832
2026-09-18,603808,8.440,29,24476
2026-09-18,603809,8.540,34,29036
2026-09-18,603810,11.790,61,71919
2026-09-18,603811,6.770,122,82459
2026-09-18,603813,26.500,5,13250
2026-09-18,603815,5.180,55,28490
2026-09-18,603816,22.460,66,148236
2026-09-18,603817,5.670,339,192213
2026-09-18,603818,3.840,835,320640
2026-09-18,603819,15.730,125,196625
2026-09-18,603823,57.090,1295,7393155
2026-09-18,603826,16.540,482,797228
2026-09-18,603829,15.500,48,74400
2026-09-18,603863,12.180,56,68208
2026-09-18,603866,4.190,174,72906
2026-09-18,603867,30.540,295,900930
2026-09-18,603868,32.550,161,524055
2026-09-18,603871,12.430,34,42262
2026-09-18,603876,19.010,480,912480
2026-09-18,603877,11.790,24,28296
2026-09-18,603878,4.870,76,37012
2026-09-18,603879,5.000,223,111500
2026-09-18,603880,9.740,77,74998
2026-09-18,603881,24.000,1250,3000000
2026-09-18,603882,27.500,537,1476750
2026-09-18,603883,12.610,119,150059
2026-09-18,603885,9.990,204,203796
2026-09-18,603886,12.130,279,338427
2026-09-18,603887,8.900,433,385370
2026-09-18,603888,18.000,3966,7138800
2026-09-18,603889,6.030,126,75978
2026-09-18,603890,17.400,2139,3721651
2026-09-18,603893,183.600,775,14229000
2026-09-18,603895,25.200,20,50400
2026-09-18,603896,14.060,61,85766
2026-09-18,603897,30.320,279,845928
2026-09-18,603898,10.900,15,16350
2026-09-18,603899,21.980,29,63742
2026-09-18,603900,6.850,6340,4342900
2026-09-18,603901,9.200,54,49680
2026-09-18,603903,14.100,138,194580
2026-09-18,603906,18.370,114,209418
2026-09-18,603908,18.440,226,416744
2026-09-18,603909,9.690,92,89148
2026-09-18,603912,8.450,707,597415
2026-09-18,603915,13.030,122,158966
2026-09-18,603916,10.600,83,87980
2026-09-18,603917,13.600,523,711280
2026-09-18,603918,10.490,296,310504
2026-09-18,603919,16.160,52,84032
2026-09-18,603920,44.100,1685,7432261
2026-09-18,603926,16.990,313,531787
2026-09-18,603927,13.410,149,199809
2026-09-18,603928,12.320,965,1188880
2026-09-18,603929,162.060,195,3160170
2026-09-18,603931,36.180,176,636768
2026-09-18,603933,19.350,85,164475
2026-09-18,603936,21.800,3260,7106800
2026-09-18,603937,11.400,112,127680
2026-09-18,603938,51.000,2231,11379324
2026-09-18,603939,22.690,27,61263
2026-09-18,603948,19.230,92,176916
2026-09-18,603949,13.990,27,37773
2026-09-18,603950,56.000,161,901600
2026-09-18,603955,22.920,51,116892
2026-09-18,603956,6.860,2282,1565452
2026-09-18,603958,16.550,271,448505
2026-09-18,603960,17.010,4407,7496307
2026-09-18,603966,7.330,63,46106
2026-09-18,603967,11.680,256,299008
2026-09-18,603968,10.390,83,86237
2026-09-18,603969,7.510,38,28538
2026-09-18,603970,11.100,197,218670
2026-09-18,603976,29.220,61,178242
2026-09-18,603977,11.280,102,115056
2026-09-18,603978,22.000,613,1348600
2026-09-18,603979,74.100,215,1593150
2026-09-18,603980,8.210,2664,2187144
2026-09-18,603982,6.280,416,261248
2026-09-18,603983,28.140,37,104118
2026-09-18,603985,16.770,489,820053
2026-09-18,603986,379.990,3906,148424094
2026-09-18,603987,7.350,69,50715
2026-09-18,603988,18.340,5,9170
2026-09-18,603989,36.000,2717,9781200
2026-09-18,603990,19.900,223,443770
2026-09-18,603991,181.840,84,1527456
2026-09-18,603992,19.800,124,245520
2026-09-18,603993,17.570,11674,20511218
2026-09-18,603995,25.570,9,23013
2026-09-18,603997,12.410,960,1191360
2026-09-18,603998,10.290,375,385875
2026-09-18,603999,6.430,1544,992792
2026-09-18,605001,5.740,10,5740
2026-09-18,605003,23.500,46,108100
2026-09-18,605005,16.320,95,155040
2026-09-18,605006,17.660,8003,14133298
2026-09-18,605007,14.850,98,145530
2026-09-18,605008,14.000,71,99400
2026-09-18,605009,23.940,33,79816
2026-09-18,605011,17.800,1381,2458180
2026-09-18,605016,20.980,91,190918
2026-09-18,605018,11.480,2,2296
2026-09-18,605020,31.900,183,583770
2026-09-18,605028,23.810,20,47620
2026-09-18,605033,18.570,94,174558
2026-09-18,605050,10.120,1,1012
2026-09-18,605055,8.950,106,94870
2026-09-18,605056,13.400,238,318920
2026-09-18,605058,49.000,13180,64582000
2026-09-18,605060,39.100,49,191590
2026-09-18,605066,6.830,326,222658
2026-09-18,605068,19.200,96,184320
2026-09-18,605069,12.280,1178,1446584
2026-09-18,605077,11.290,1867,2107843
2026-09-18,605080,22.750,3,6825
2026-09-18,605086,23.400,18,42120
2026-09-18,605088,25.330,7658,19397714
2026-09-18,605089,20.300,59,119770
2026-09-18,605090,32.690,948,3099012
2026-09-18,605098,54.510,61,332511
2026-09-18,605099,28.670,46,131882
2026-09-18,605100,33.800,212,716560
2026-09-18,605108,11.760,237,278712
2026-09-18,605111,60.480,1304,7886592
2026-09-18,605116,19.300,24,46320
2026-09-18,605117,83.880,207,1736316
2026-09-18,605118,33.300,143,476190
2026-09-18,605122,11.590,38,44042
2026-09-18,605123,78.350,6,47010
2026-09-18,605128,22.830,76,173508
2026-09-18,605133,24.000,287,688800
2026-09-18,605136,8.500,80,68000
2026-09-18,605138,5.940,65,38610
2026-09-18,605151,18.230,47,85681
2026-09-18,605155,14.480,118,170864
2026-09-18,605158,7.750,191,148025
2026-09-18,605162,12.150,10046,12205890
2026-09-18,605166,8.200,113,92660
2026-09-18,605167,16.490,378,623322
2026-09-18,605168,51.990,236,1226964
2026-09-18,605169,12.740,162,206388
2026-09-18,605177,25.620,783,2006046
2026-09-18,605178,66.800,155,1035400
2026-09-18,605179,25.020,1662,4158324
2026-09-18,605180,12.810,147,188307
2026-09-18,605183,15.580,724,1127992
2026-09-18,605186,25.540,3,7662
2026-09-18,605188,11.750,1581,1857675
2026-09-18,605189,14.240,761,1083664
2026-09-18,605196,31.000,73,226300
2026-09-18,605198,81.480,584,4758432
2026-09-18,605208,14.930,647,965971
2026-09-18,605218,14.210,60,85260
2026-09-18,605222,22.570,165,372405
2026-09-18,605228,10.580,130,137540
2026-09-18,605255,60.940,36,219384
2026-09-18,605258,37.660,428,1611848
2026-09-18,605259,17.440,33,57552
2026-09-18,605266,15.200,41,62320
2026-09-18,605268,9.550,38,36290
2026-09-18,605277,17.710,539,954569
2026-09-18,605286,24.180,79,191022
2026-09-18,605287,35.450,2,7090
2026-09-18,605288,69.570,663,4615274
2026-09-18,605289,99.500,30,298500
2026-09-18,605296,32.500,76,247000
2026-09-18,605298,44.730,32,143136
2026-09-18,605299,12.180,235,286230
2026-09-18,605300,9.890,453,448017
2026-09-18,605305,31.610,586,1852346
2026-09-18,605318,76.880,18,138384
2026-09-18,605319,22.330,408,911064
2026-09-18,605333,16.290,43,70047
2026-09-18,605337,8.800,38,33440
2026-09-18,605338,17.410,37,64417
2026-09-18,605339,12.800,54,69120
2026-09-18,605358,46.260,7412,34287912
2026-09-18,605365,13.900,182,252980
2026-09-18,605366,8.380,561,470118
2026-09-18,605368,6.690,36,24084
2026-09-18,605369,16.870,8,13496
2026-09-18,605376,137.790,470,6476130
2026-09-18,605377,8.100,220,178200
2026-09-18,605378,14.820,3388,5021016
2026-09-18,605388,5.840,140,81760
2026-09-18,605389,64.900,77,499730
2026-09-18,605398,20.300,265,537950
2026-09-18,605399,11.350,15,17025
2026-09-18,605488,30.320,479,1452328
2026-09-18,605499,110.970,149,1653453
2026-09-18,605500,7.270,566,411482
2026-09-18,605507,17.400,1073,1867020
2026-09-18,605555,12.130,434,526442
2026-09-18,605566,26.770,780,2088060
2026-09-18,605567,9.050,269,243445
2026-09-18,605577,14.260,17368,24766768
2026-09-18,605580,23.330,1384,3228872
2026-09-18,605588,45.610,27,123147
2026-09-18,605589,41.340,2869,11860446
2026-09-18,605598,24.430,42,102606
2026-09-18,605599,14.010,168,235368
2026-09-21,000001,11.700,2248,2630160
2026-09-21,000002,3.300,87808,28976640
2026-09-21,000006,6.970,665,463505
2026-09-21,000007,11.430,260,297180
2026-09-21,000008,2.410,838,201958
2026-09-21,000009,7.000,1078,754600
2026-09-21,000011,9.080,1436,1303888
2026-09-21,000012,3.730,2039,760547
2026-09-21,000014,10.430,242,252406
2026-09-21,000017,7.580,7105,5385590
2026-09-21,000019,7.100,1363,967730
2026-09-21,000020,12.990,1040,1350960
2026-09-21,000021,37.330,10129,37811034
2026-09-21,000025,14.800,226,334480
2026-09-21,000026,20.050,885,1774425
2026-09-21,000027,6.300,1151,725130
2026-09-21,000028,19.880,116,229813
2026-09-21,000029,22.180,327,725286
2026-09-21,000030,3.960,236,93456
2026-09-21,000031,2.210,3187,704327
2026-09-21,000032,14.650,842,1233530
2026-09-21,000034,23.490,2357,5536123
2026-09-21,000035,4.770,833,397341
2026-09-21,000036,3.880,832,322816
2026-09-21,000037,9.340,482,450188
2026-09-21,000039,9.100,287,261170
2026-09-21,000042,8.230,266,218918
2026-09-21,000045,11.130,64,71232
2026-09-21,000048,18.090,2092,3784428
2026-09-21,000049,22.310,118,263258
2026-09-21,000050,6.630,807,535041
2026-09-21,000055,3.750,5770,2163750
2026-09-21,000058,7.030,222,156066
2026-09-21,000059,5.400,2928,1581120
2026-09-21,000060,6.190,2630,1627970
2026-09-21,000061,6.010,316,189916
2026-09-21,000062,23.400,2644,6186960
2026-09-21,000063,32.460,2709,8792083
2026-09-21,000065,9.800,2330,2283400
2026-09-21,000066,14.150,5912,8365480
2026-09-21,000068,3.220,272,87584
2026-09-21,000069,1.820,6370,1159340
2026-09-21,000070,17.530,9988,17508964
2026-09-21,000088,4.480,1704,763392
2026-09-21,000089,6.490,762,494538
2026-09-21,000090,3.520,545,191840
2026-09-21,000096,8.000,133,106400
2026-09-21,000099,13.000,74,96200
2026-09-21,000100,4.980,17411,8670678
2026-09-21,000151,10.100,407,411070
2026-09-21,000153,6.020,58,34916
2026-09-21,000155,11.800,646,762280
2026-09-21,000156,7.090,902,639518
2026-09-21,000157,6.190,1314,813366
2026-09-21,000158,12.830,1798,2306834
2026-09-21,000159,5.390,390,210210
2026-09-21,000166,4.410,1768,779688
2026-09-21,000301,13.610,635,864235
2026-09-21,000333,84.080,4364,36688308
2026-09-21,000338,27.240,4775,13007100
2026-09-21,000400,20.440,369,754236
2026-09-21,000401,3.510,1556,546156
2026-09-21,000402,2.510,5395,1354145
2026-09-21,000403,9.890,28,27692
2026-09-21,000404,6.860,504,345744
2026-09-21,000407,4.200,446,187320
2026-09-21,000408,72.400,665,4814600
2026-09-21,000409,8.840,171,151164
2026-09-21,000410,5.300,34470,18269100
2026-09-21,000411,9.890,114,112746
2026-09-21,000415,4.430,348,154164
2026-09-21,000417,5.720,1641,938652
2026-09-21,000419,4.970,172,85484
2026-09-21,000420,3.530,3384,1194552
2026-09-21,000421,5.620,35,19670
2026-09-21,000422,11.870,787,934169
2026-09-21,000423,45.310,158,715898
2026-09-21,000425,7.420,3706,2749852
2026-09-21,000426,35.500,2799,9936734
2026-09-21,000428,4.140,10026,4150764
2026-09-21,000429,12.610,159,200499
2026-09-21,000430,6.950,631,438545
2026-09-21,000498,5.050,367,185335
2026-09-21,000501,7.130,363,258819
2026-09-21,000503,6.740,628,423272
2026-09-21,000504,11.010,21675,23864175
2026-09-21,000505,6.730,1661,1117853
2026-09-21,000506,18.580,5421,10072218
2026-09-21,000507,5.040,1067,537768
2026-09-21,000509,3.800,31830,12095400
2026-09-21,000510,18.600,4303,8003580
2026-09-21,000513,26.300,143,376090
2026-09-21,000514,4.190,925,387575
2026-09-21,000516,4.230,228,96444
2026-09-21,000517,2.020,4426,894052
2026-09-21,000518,3.810,427,162687
2026-09-21,000519,15.440,2388,3687072
2026-09-21,000520,4.100,1069,438290
2026-09-21,000521,4.420,844,373048
2026-09-21,000523,3.370,9608,3237896
2026-09-21,000524,9.000,177,159300
2026-09-21,000525,4.530,325,147225
2026-09-21,000526,35.000,260,910000
2026-09-21,000528,7.650,901,689265
2026-09-21,000529,4.850,217,105342
2026-09-21,000530,5.220,730,381060
2026-09-21,000531,5.650,183,103395
2026-09-21,000532,12.550,12414,15579570
2026-09-21,000533,11.230,8644,9707212
2026-09-21,000534,23.890,418,998602
2026-09-21,000536,3.570,12272,4381104
2026-09-21,000537,7.500,549,411750
2026-09-21,000538,51.000,348,1774800
2026-09-21,000539,5.200,1833,953160
2026-09-21,000541,4.900,288,141120
2026-09-21,000543,7.340,980,719320
2026-09-21,000544,7.260,149,108174
2026-09-21,000545,2.200,2407,529540
2026-09-21,000546,4.520,103,46556
2026-09-21,000547,14.960,5677,8492792
2026-09-21,000548,4.550,127,57785
2026-09-21,000550,16.670,314,523438
2026-09-21,000551,12.360,646,798456
2026-09-21,000552,2.460,1583,389418
2026-09-21,000553,5.650,282,159330
2026-09-21,000554,6.320,715,451880
2026-09-21,000555,10.500,452,474600
2026-09-21,000557,3.650,901,328865
2026-09-21,000558,3.590,2387,856933
2026-09-21,000559,11.010,8207,9035907
2026-09-21,000560,2.810,77119,21670439
2026-09-21,000561,7.880,300,236400
2026-09-21,000563,2.940,1029,302526
2026-09-21,000564,1.520,19586,2977072
2026-09-21,000565,6.610,1356,896316
2026-09-21,000566,4.660,2165,1008890
2026-09-21,000567,6.070,989,600323
2026-09-21,000568,72.280,551,3982628
2026-09-21,000570,5.260,514,270364
2026-09-21,000571,6.600,2447,1615020
2026-09-21,000572,4.310,20324,8759644
2026-09-21,000573,3.710,131,48601
2026-09-21,000576,8.210,925,759425
2026-09-21,000581,18.140,98,177772
2026-09-21,000582,9.860,3042,2999412
2026-09-21,000586,13.800,224,309120
2026-09-21,000589,4.240,349,148146
2026-09-21,000590,8.890,16,14224
2026-09-21,000591,4.290,2159,926211
2026-09-21,000592,8.600,44977,38680220
2026-09-21,000593,21.820,409,892438
2026-09-21,000595,5.270,219,115413
2026-09-21,000596,93.280,117,1091376
2026-09-21,000597,4.690,182,85358
2026-09-21,000598,7.010,170,119170
2026-09-21,000599,4.510,231,104181
2026-09-21,000600,7.300,424,309520
2026-09-21,000601,6.240,716,446784
2026-09-21,000603,34.750,3764,13079900
2026-09-21,000605,5.800,186,107880
2026-09-21,000607,4.530,65614,29723219
2026-09-21,000608,7.100,897,636870
2026-09-21,000612,11.360,1272,1444992
2026-09-21,000617,6.930,6201,4297293
2026-09-21,000619,4.970,274,136178
2026-09-21,000620,3.230,28244,9122812
2026-09-21,000623,17.550,1103,1935765
2026-09-21,000625,7.110,1094,777834
2026-09-21,000626,8.840,1022,903448
2026-09-21,000628,60.000,1044,6264000
2026-09-21,000629,2.900,2930,849700
2026-09-21,000630,6.100,8253,5034330
2026-09-21,000631,2.910,82,23862
2026-09-21,000633,5.150,214,110210
2026-09-21,000635,7.240,1029,744996
2026-09-21,000636,60.770,34736,211091158
2026-09-21,000637,4.100,145,59450
2026-09-21,000650,5.190,323,167637
2026-09-21,000651,38.550,1250,4818750
2026-09-21,000652,3.350,394,131990
2026-09-21,000655,7.130,108,77004
2026-09-21,000656,1.240,14218,1763032
2026-09-21,000657,61.290,13608,83405945
2026-09-21,000659,2.800,576,161280
2026-09-21,000661,72.000,291,2095200
2026-09-21,000663,5.950,210,124950
2026-09-21,000665,4.100,272,111520
2026-09-21,000668,20.950,28,58660
2026-09-21,000670,7.880,6748,5317424
2026-09-21,000672,15.290,2020,3088687
2026-09-21,000676,6.740,1727,1163998
2026-09-21,000691,9.360,3,2808
2026-09-21,000692,4.220,258,108876
2026-09-21,000695,13.010,317,412417
2026-09-21,000697,9.060,610,552660
2026-09-21,000700,11.920,2416,2879872
2026-09-21,000719,12.250,143,175175
2026-09-21,000720,4.070,4738,1928366
2026-09-21,000721,6.180,1306,807108
2026-09-21,000722,14.200,1454,2064680
2026-09-21,000723,3.570,2272,811104
2026-09-21,000725,6.000,208432,125059200
2026-09-21,000726,6.200,1027,636740
2026-09-21,000727,2.240,1566,350784
2026-09-21,000728,7.490,940,704060
2026-09-21,000729,10.810,387,418347
2026-09-21,000731,7.840,498,390432
2026-09-21,000733,41.830,1812,7579596
2026-09-21,000735,5.930,3687,2186391
2026-09-21,000736,4.470,880,393360
2026-09-21,000737,14.540,8011,11647994
2026-09-21,000738,19.140,305,583770
2026-09-21,000739,23.500,535,1257250
2026-09-21,000750,3.650,1211,441960
2026-09-21,000751,4.650,644,299460
2026-09-21,000753,5.370,14122,7583514
2026-09-21,000755,4.690,449,210581
2026-09-21,000756,14.170,11992,16992664
2026-09-21,000757,4.160,173,71968
2026-09-21,000758,5.940,969,575586
2026-09-21,000759,6.570,17394,11427858
2026-09-21,000761,2.280,956,217968
2026-09-21,000762,21.860,395,863470
2026-09-21,000766,15.600,257,400920
2026-09-21,000767,3.450,2448,844560
2026-09-21,000768,22.350,2697,6027795
2026-09-21,000776,20.780,5108,10614424
2026-09-21,000777,16.730,162,271026
2026-09-21,000778,3.610,998,360278
2026-09-21,000779,8.810,1541,1357621
2026-09-21,000782,8.130,1003,815439
2026-09-21,000783,8.420,7929,6676218
2026-09-21,000785,2.220,2579,572602
2026-09-21,000786,15.880,522,828936
2026-09-21,000788,5.330,156,83148
2026-09-21,000789,4.080,817,333336
2026-09-21,000790,4.040,5822,2352088
2026-09-21,000791,7.390,974,719786
2026-09-21,000792,24.840,2689,6679476
2026-09-21,000795,8.180,160,130880
2026-09-21,000796,3.700,1605,593850
2026-09-21,000797,2.660,29877,7947282
2026-09-21,000798,10.120,1395,1411740
2026-09-21,000799,37.300,114,425220
2026-09-21,000800,5.910,887,524217
2026-09-21,000801,12.200,238,290360
2026-09-21,000802,3.950,1893,747735
2026-09-21,000803,7.190,212,152428
2026-09-21,000807,27.180,3943,10717074
2026-09-21,000809,3.540,1446,511884
2026-09-21,000810,9.710,604,586484
2026-09-21,000811,41.000,6347,26022700
2026-09-21,000812,3.780,4665,1763370
2026-09-21,000813,3.250,1637,532025
2026-09-21,000815,15.600,1060,1653600
2026-09-21,000816,2.840,802,227768
2026-09-21,000818,11.800,713,841340
2026-09-21,000819,11.930,497,592921
2026-09-21,000820,3.520,1244,437888
2026-09-21,000822,4.260,144,61344
2026-09-21,000823,23.260,16491,38358066
2026-09-21,000825,3.400,927,315024
2026-09-21,000828,10.100,85,85850
2026-09-21,000829,8.880,180,159840
2026-09-21,000830,11.740,872,1023728
2026-09-21,000831,53.980,1134,6121332
2026-09-21,000833,20.090,1083,2175747
2026-09-21,000837,9.650,834,804810
2026-09-21,000839,2.800,13018,3645040
2026-09-21,000848,8.140,426,346764
2026-09-21,000850,4.160,1865,775840
2026-09-21,000852,5.450,333,181485
2026-09-21,000856,8.600,225,193500
2026-09-21,000858,69.960,1271,8891916
2026-09-21,000859,9.610,4904,4712744
2026-09-21,000860,10.230,293,299739
2026-09-21,000862,5.600,923,516880
2026-09-21,000863,4.650,1522,707730
2026-09-21,000868,3.990,28623,11420577
2026-09-21,000869,16.150,96,155040
2026-09-21,000875,4.870,567,276129
2026-09-21,000876,7.190,4125,2965875
2026-09-21,000877,3.670,743,272681
2026-09-21,000878,16.800,1604,2694720
2026-09-21,000880,26.000,5754,14960400
2026-09-21,000881,6.420,435,279270
2026-09-21,000882,1.580,11021,1741318
2026-09-21,000883,4.450,697,310165
2026-09-21,000885,11.720,158,185176
2026-09-21,000886,4.670,250,116750
2026-09-21,000887,19.630,1255,2463565
2026-09-21,000888,9.340,198,184932
2026-09-21,000889,3.880,1550,601400
2026-09-21,000890,7.730,900,695700
2026-09-21,000892,4.570,6243,2853051
2026-09-21,000893,39.800,336,1337280
2026-09-21,000895,23.300,298,694340
2026-09-21,000897,1.890,1770,334530
2026-09-21,000898,2.030,741,150423
2026-09-21,000899,9.370,197,184589
2026-09-21,000900,3.550,574,203770
2026-09-21,000901,14.370,369,530253
2026-09-21,000902,13.820,183,252906
2026-09-21,000905,9.390,1242,1166238
2026-09-21,000906,6.130,612,375156
2026-09-21,000908,6.120,352,215424
2026-09-21,000910,6.000,25376,15225600
2026-09-21,000912,4.000,2460,984000
2026-09-21,000913,10.660,148,157768
2026-09-21,000915,24.110,16,38576
2026-09-21,000917,6.850,1466,1004210
2026-09-21,000919,6.490,231,149919
2026-09-21,000920,13.160,18678,24580248
2026-09-21,000921,27.340,135,369090
2026-09-21,000922,12.150,170,206550
2026-09-21,000923,16.450,535,880075
2026-09-21,000925,8.140,915,744810
2026-09-21,000926,2.090,1417,296153
2026-09-21,000927,2.480,608,150784
2026-09-21,000928,5.430,634,344262
2026-09-21,000929,9.000,185,166500
2026-09-21,000930,5.160,13421,6925236
2026-09-21,000931,4.450,700,311500
2026-09-21,000932,3.590,1564,561476
2026-09-21,000933,26.820,1976,5299632
2026-09-21,000935,21.240,92,195408
2026-09-21,000936,5.550,7255,4026525
2026-09-21,000937,4.410,1720,758520
2026-09-21,000938,34.000,8627,29331800
2026-09-21,000948,13.440,107,143808
2026-09-21,000949,6.830,1224,835992
2026-09-21,000950,5.210,617,321457
2026-09-21,000951,20.480,846,1732608
2026-09-21,000952,6.420,248,159216
2026-09-21,000953,5.900,86,50740
2026-09-21,000955,4.160,135,56160
2026-09-21,000957,9.870,529,522123
2026-09-21,000958,5.120,483,247296
2026-09-21,000959,3.480,602,209496
2026-09-21,000960,33.890,2338,7923482
2026-09-21,000962,60.500,1366,8264300
2026-09-21,000963,26.250,750,1968750
2026-09-21,000965,3.250,1477,480025
2026-09-21,000966,4.050,1066,431730
2026-09-21,000967,8.280,1923,1592244
2026-09-21,000968,6.890,1488,1025232
2026-09-21,000969,17.290,585,1011465
2026-09-21,000970,11.470,988,1133236
2026-09-21,000972,3.900,1330,518700
2026-09-21,000973,11.990,1657,1986743
2026-09-21,000975,25.290,1653,4181524
2026-09-21,000977,72.010,3244,23360044
2026-09-21,000978,8.420,28806,24254652
2026-09-21,000980,2.220,46743,10376946
2026-09-21,000981,2.960,138724,41062233
2026-09-21,000983,6.420,2153,1382226
2026-09-21,000985,17.120,229,392048
2026-09-21,000987,7.370,1572,1158564
2026-09-21,000988,110.000,5574,61314000
2026-09-21,000989,8.680,263,228284
2026-09-21,000990,6.460,655,423130
2026-09-21,000993,19.990,35389,70743571
2026-09-21,000995,10.840,645,699180
2026-09-21,000997,19.690,687,1352703
2026-09-21,000998,8.910,2084,1856844
2026-09-21,000999,23.580,526,1240308
2026-09-21,001201,14.880,1208,1797504
2026-09-21,001202,14.460,44,63624
2026-09-21,001203,23.780,234,556452
2026-09-21,001205,14.440,111,160284
2026-09-21,001206,16.750,304,509200
2026-09-21,001207,18.000,263,473400
2026-09-21,001208,14.100,319,449790
2026-09-21,001209,18.090,1642,2970378
2026-09-21,001210,29.370,134,393558
2026-09-21,001211,26.510,2997,7945047
2026-09-21,001212,37.780,1926,7276428
2026-09-21,001213,3.500,165,57750
2026-09-21,001215,30.440,93,283092
2026-09-21,001216,24.060,7259,17465154
2026-09-21,001217,10.300,54,55620
2026-09-21,001218,24.000,65,156000
2026-09-21,001219,12.540,22,27588
2026-09-21,001220,32.080,210,673680
2026-09-21,001221,35.300,458,1616740
2026-09-21,001222,15.390,973,1497447
2026-09-21,001223,45.000,412,1854000
2026-09-21,001225,46.770,46,215142
2026-09-21,001226,45.990,5,22995
2026-09-21,001227,2.110,3378,712758
2026-09-21,001228,33.260,120,399120
2026-09-21,001229,40.300,1171,4719130
2026-09-21,001230,18.790,59,110861
2026-09-21,001231,21.670,21,45507
2026-09-21,001232,199.720,1210,24166120
2026-09-21,001233,46.760,2234,10446184
2026-09-21,001234,24.100,108,260280
2026-09-21,001236,7.820,97,75854
2026-09-21,001237,52.020,244,1269288
2026-09-21,001238,27.090,1519,4114971
2026-09-21,001239,11.850,6,7110
2026-09-21,001248,11.960,8687,10389652
2026-09-21,001255,26.560,19,50464
2026-09-21,001256,21.740,126,273924
2026-09-21,001257,23.370,412,962844
2026-09-21,001258,10.980,1471,1615158
2026-09-21,001259,46.810,26,121706
2026-09-21,001260,18.070,15,27105
2026-09-21,001266,33.770,49,165473
2026-09-21,001267,38.120,3250,12389000
2026-09-21,001268,24.200,23,55660
2026-09-21,001269,18.730,50,93650
2026-09-21,001270,103.000,775,7982500
2026-09-21,001277,30.150,20,60300
2026-09-21,001278,16.210,82,132922
2026-09-21,001279,26.400,40,105600
2026-09-21,001280,63.600,316,2009760
2026-09-21,001282,15.720,26,40872
2026-09-21,001283,47.450,72,341640
2026-09-21,001285,42.990,10,42990
2026-09-21,001314,54.390,248,1348872
2026-09-21,001316,27.940,198,553212
2026-09-21,001317,56.030,2778,15565134
2026-09-21,001318,11.400,142,161880
2026-09-21,001319,22.090,72,159048
2026-09-21,001335,32.870,74,243238
2026-09-21,001336,19.170,373,714849
2026-09-21,001337,49.780,631,3141118
2026-09-21,001338,9.080,392,355936
2026-09-21,001339,80.270,205,1647140
2026-09-21,001356,9.600,1667,1600320
2026-09-21,001358,24.420,57,139194
2026-09-21,001359,88.750,35,313288
2026-09-21,001360,20.550,388,797340
2026-09-21,001365,37.370,3341,12485317
2026-09-21,001366,13.020,234,304668
2026-09-21,001367,20.570,163,335291
2026-09-21,001368,32.230,896,2887808
2026-09-21,001369,12.490,972,1214028
2026-09-21,001373,29.630,265,785195
2026-09-21,002009,15.610,189,295029
2026-09-21,002010,4.550,685,311675
2026-09-21,002011,14.110,2712,3826632
2026-09-21,002012,7.310,432,315792
2026-09-21,002046,64.230,1350,8671050
2026-09-21,002047,3.420,722,246924
2026-09-21,002048,18.320,475,870200
2026-09-21,002049,61.580,762,4692396
2026-09-21,002050,35.430,1683,5962869
2026-09-21,002051,9.070,11091,10059537
2026-09-21,002052,8.410,19,15979
2026-09-21,002053,9.630,169,162747
2026-09-21,002054,7.090,127,90043
2026-09-21,002056,20.330,998,2028934
2026-09-21,002057,8.940,798,713412
2026-09-21,002058,16.990,125,212375
2026-09-21,002059,4.520,7453,3368756
2026-09-21,002060,3.050,493,150365
2026-09-21,002061,3.340,242,80828
2026-09-21,002062,9.750,3713,3620175
2026-09-21,002063,5.360,250,134000
2026-09-21,002064,9.910,409,405319
2026-09-21,002065,6.660,713,474858
2026-09-21,002066,20.100,64,128640
2026-09-21,002067,4.090,2181,892029
2026-09-21,002068,9.580,10950,10490052
2026-09-21,002069,3.670,942,345714
2026-09-21,002072,7.110,407,289377
2026-09-21,002073,5.720,64,36608
2026-09-21,002074,26.160,1276,3338016
2026-09-21,002075,3.550,129,45795
2026-09-21,002076,2.130,702,149526
2026-09-21,002077,14.510,7751,11246701
2026-09-21,002078,14.270,2013,2872551
2026-09-21,002079,9.250,1843,1704775
2026-09-21,002080,59.010,20156,118939907
2026-09-21,002081,4.910,18454,9060914
2026-09-21,002083,9.930,4357,4326501
2026-09-21,002084,5.620,15269,8581178
2026-09-21,002085,9.560,1034,988504
2026-09-21,002086,2.000,3150,630000
2026-09-21,002088,7.950,153,121635
2026-09-21,002090,9.060,1107,1002942
2026-09-21,002091,7.630,278,212114
2026-09-21,002092,4.410,1098,484218
2026-09-21,002093,7.400,2056,1521440
2026-09-21,002094,5.120,1386,709632
2026-09-21,002095,16.620,3331,5536122
2026-09-21,002096,9.180,211,193698
2026-09-21,002097,7.000,3140,2198000
2026-09-21,002098,7.960,49,39004
2026-09-21,002099,5.370,675,362475
2026-09-21,002100,7.580,467,353986
2026-09-21,002101,8.700,165,143550
2026-09-21,002103,6.490,267,173283
2026-09-21,002104,11.500,15253,17540950
2026-09-21,002105,5.930,208,123344
2026-09-21,002106,12.400,2661,3299640
2026-09-21,002107,6.900,808,557520
2026-09-21,002108,4.400,833,366520
2026-09-21,002110,2.910,389,113199
2026-09-21,002111,9.380,1106,1037428
2026-09-21,002112,14.670,163,239121
2026-09-21,002114,7.280,341,248248
2026-09-21,002115,10.120,901,911812
2026-09-21,002116,7.150,325,232375
2026-09-21,002117,7.640,656,501184
2026-09-21,002119,24.970,3534,8824648
2026-09-21,002120,6.970,3734,2602598
2026-09-21,002121,4.570,21237,9705355
2026-09-21,002123,7.660,402,307932
2026-09-21,002124,2.250,4040,909000
2026-09-21,002125,12.100,112,135520
2026-09-21,002126,39.470,687,2711589
2026-09-21,002127,3.010,978,294378
2026-09-21,002128,27.660,849,2348334
2026-09-21,002129,8.760,3954,3463704
2026-09-21,002130,17.210,1793,3085753
2026-09-21,002131,4.500,11974,5388300
2026-09-21,002132,4.340,1449,628866
2026-09-21,002133,2.750,5821,1600775
2026-09-21,002134,27.570,8244,22729590
2026-09-21,002135,6.100,301,183610
2026-09-21,002136,11.850,182,215670
2026-09-21,002137,8.690,16322,14183818
2026-09-21,002138,53.910,4763,25677333
2026-09-21,002139,9.640,329,317156
2026-09-21,002140,9.180,212,194616
2026-09-21,002141,6.510,4583,2983533
2026-09-21,002142,34.520,897,3096444
2026-09-21,002144,10.460,246,257316
2026-09-21,002145,4.620,6845,3162390
2026-09-21,002146,1.180,19042,2246956
2026-09-21,002148,6.250,640,400000
2026-09-21,002149,33.950,697,2366315
2026-09-21,002150,21.250,311,660875
2026-09-21,002151,28.990,243,704457
2026-09-21,002152,9.310,354,329574
2026-09-21,002153,7.600,134,101840
2026-09-21,002154,3.870,230,89010
2026-09-21,002155,25.500,5194,13244700
2026-09-21,002156,61.900,8042,49779980
2026-09-21,002157,3.020,4457,1346014
2026-09-21,002158,28.600,857,2451020
2026-09-21,002159,13.300,371,493430
2026-09-21,002160,3.900,434,169260
2026-09-21,002161,7.250,22409,16246525
2026-09-21,002162,4.170,9158,3818886
2026-09-21,002163,7.700,2097,1614690
2026-09-21,002164,10.490,218,228682
2026-09-21,002165,7.050,1778,1253490
2026-09-21,002166,6.610,494,326534
2026-09-21,002167,16.570,3498,5796186
2026-09-21,002169,13.990,5063,7083137
2026-09-21,002170,10.920,1105,1206660
2026-09-21,002171,10.730,2775,2977575
2026-09-21,002172,5.690,61016,34717893
2026-09-21,002173,18.450,4629,8540505
2026-09-21,002174,14.020,1730,2425460
2026-09-21,002176,8.520,1190,1013880
2026-09-21,002177,5.670,652,369684
2026-09-21,002178,4.600,789,362940
2026-09-21,002179,35.520,1375,4884000
2026-09-21,002180,16.870,2836,4784332
2026-09-21,002181,9.830,8907,8755581
2026-09-21,002182,11.570,137,158509
2026-09-21,002183,4.280,1099,470372
2026-09-21,002184,9.720,182,176904
2026-09-21,002185,18.680,166447,310922996
2026-09-21,002186,9.270,264,244728
2026-09-21,002187,5.610,1030,577830
2026-09-21,002188,5.370,516,277092
2026-09-21,002189,19.450,89,173105
2026-09-21,002190,24.400,111,270840
2026-09-21,002191,3.630,230,83490
2026-09-21,002192,61.050,772,4713060
2026-09-21,002194,10.940,4157,4547758
2026-09-21,002195,6.170,1736,1071112
2026-09-21,002196,10.130,818,828634
2026-09-21,002197,6.510,2033,1323483
2026-09-21,002199,12.320,326,401632
2026-09-21,002200,6.440,542,349048
2026-09-21,002201,10.510,8637,9077403
2026-09-21,002202,18.190,2755,5011345
2026-09-21,002203,18.490,519,959631
2026-09-21,002204,5.550,4607,2556885
2026-09-21,002205,10.350,163,168705
2026-09-21,002206,4.950,591,292545
2026-09-21,002208,9.980,1466,1463068
2026-09-21,002209,13.010,105,136605
2026-09-21,002210,2.160,500,108000
2026-09-21,002212,7.130,21061,15016493
2026-09-21,002213,29.500,973,2869200
2026-09-21,002214,18.030,185,333555
2026-09-21,002215,9.670,929,898343
2026-09-21,002216,11.660,408,475297
2026-09-21,002218,4.260,4643,1977918
2026-09-21,002219,2.120,3387,718044
2026-09-21,002221,5.600,463,259280
2026-09-21,002222,69.880,1100,7686800
2026-09-21,002223,26.250,206,540750
2026-09-21,002224,3.730,156,58188
2026-09-21,002225,3.520,365,128480
2026-09-21,002226,5.100,156,79560
2026-09-21,002228,3.160,952,300832
2026-09-21,002229,11.010,2614,2878014
2026-09-21,002230,38.510,934,3596834
2026-09-21,002232,15.380,1794,2759172
2026-09-21,002233,7.150,1198,856570
2026-09-21,002234,7.790,134,104386
2026-09-21,002235,8.170,749,611933
2026-09-21,002236,15.790,1044,1648476
2026-09-21,002237,13.770,935,1287495
2026-09-21,002238,6.220,70,43540
2026-09-21,002239,2.490,1018,253482
2026-09-21,002240,27.460,1570,4311220
2026-09-21,002241,23.500,10259,24108650
2026-09-21,002242,9.400,1706,1603640
2026-09-21,002243,7.050,49,34545
2026-09-21,002244,8.130,2464,2003232
2026-09-21,002245,18.290,771,1410159
2026-09-21,002246,23.800,250,595000
2026-09-21,002247,2.390,587,140293
2026-09-21,002248,9.550,1914,1827870
2026-09-21,002249,6.410,1140,730740
2026-09-21,002250,14.140,163,230482
2026-09-21,002251,3.500,5047,1766450
2026-09-21,002252,4.930,1336,658648
2026-09-21,002253,9.740,51,49674
2026-09-21,002254,12.650,464,586960
2026-09-21,002255,7.680,108,82944
2026-09-21,002256,3.230,311,100453
2026-09-21,002258,14.680,662,971816
2026-09-21,002259,4.080,198,80784
2026-09-21,002261,25.740,4261,10967814
2026-09-21,002262,21.500,115,247250
2026-09-21,002263,3.210,951,305271
2026-09-21,002264,7.350,24911,18309585
2026-09-21,002265,20.110,1050,2111550
2026-09-21,002266,4.990,4535,2262965
2026-09-21,002267,7.120,55,39160
2026-09-21,002268,14.950,1328,1985360
2026-09-21,002269,1.430,510,72930
2026-09-21,002270,18.510,430,795930
2026-09-21,002271,10.300,925,952750
2026-09-21,002272,16.650,1351,2249415
2026-09-21,002273,25.600,2279,5834240
2026-09-21,002274,5.940,1094,649836
2026-09-21,002275,12.120,113,136956
2026-09-21,002276,10.050,253,254265
2026-09-21,002277,5.470,2955,1616385
2026-09-21,002278,8.020,563,451526
2026-09-21,002279,6.830,2030,1386490
2026-09-21,002281,198.000,2202,43599600
2026-09-21,002282,5.980,214,127972
2026-09-21,002283,8.270,642,530934
2026-09-21,002284,9.540,254,242316
2026-09-21,002285,2.870,76866,22060542
2026-09-21,002286,7.720,458,353576
2026-09-21,002287,19.430,64,124352
2026-09-21,002289,37.180,483,1795794
2026-09-21,002290,68.500,634,4342900
2026-09-21,002291,5.540,848,469792
2026-09-21,002292,8.890,3362,2988818
2026-09-21,002293,10.900,34,37060
2026-09-21,002294,30.600,303,927180
2026-09-21,002295,10.030,3261,3270783
2026-09-21,002296,9.390,1322,1241358
2026-09-21,002297,22.250,6393,14224425
2026-09-21,002298,9.180,34043,31251474
2026-09-21,002299,15.970,283,451951
2026-09-21,002300,8.600,33397,28721420
2026-09-21,002301,7.810,118,92158
2026-09-21,002302,4.650,114,53010
2026-09-21,002303,5.980,11168,6678464
2026-09-21,002304,38.100,183,697230
2026-09-21,002307,2.990,1567,468533
2026-09-21,002309,2.970,3884,1153548
2026-09-21,002315,24.080,110,264880
2026-09-21,002316,4.280,1185,507180
2026-09-21,002317,24.330,288,700704
2026-09-21,002318,18.270,136,248472
2026-09-21,002319,10.050,171,171855
2026-09-21,002320,6.630,2055,1362465
2026-09-21,002321,2.090,12474,2607066
2026-09-21,002322,11.750,333,391275
2026-09-21,002324,9.200,828,761760
2026-09-21,002326,17.500,798,1396500
2026-09-21,002332,8.580,79,67782
2026-09-21,002333,5.290,1014,536406
2026-09-21,002334,6.570,700,459900
2026-09-21,002335,29.940,958,2867953
2026-09-21,002337,4.660,271,126286
2026-09-21,002338,42.570,226,962082
2026-09-21,002339,8.000,17569,14055200
2026-09-21,002340,6.230,3458,2154334
2026-09-21,002342,7.910,6440,5094040
2026-09-21,002343,5.620,1803,1013286
2026-09-21,002366,5.710,1912,1091752
2026-09-21,002367,6.070,18573,11273811
2026-09-21,002368,13.080,373,487884
2026-09-21,002369,5.690,633,360177
2026-09-21,002370,5.230,363,189849
2026-09-21,002371,688.000,451,31028800
2026-09-21,002372,8.090,379,306611
2026-09-21,002373,7.360,283,208288
2026-09-21,002374,3.100,519,160890
2026-09-21,002375,3.760,1320,496320
2026-09-21,002381,5.490,392,215208
2026-09-21,002382,5.840,195,113880
2026-09-21,002383,7.980,1554,1240092
2026-09-21,002384,197.000,4676,92125474
2026-09-21,002385,3.180,4087,1299666
2026-09-21,002386,5.880,5350,3145800
2026-09-21,002387,7.000,1065,745500
2026-09-21,002388,7.190,2756,1981564
2026-09-21,002389,18.760,815,1528940
2026-09-21,002390,2.950,793,233935
2026-09-21,002429,8.160,1161,947376
2026-09-21,002430,25.950,324,840780
2026-09-21,002432,61.800,777,4801860
2026-09-21,002434,5.880,1307,768516
2026-09-21,002436,43.330,11831,51263723
2026-09-21,002437,3.500,21522,7532630
2026-09-21,002438,13.460,213,286698
2026-09-21,002439,14.000,2688,3763200
2026-09-21,002440,12.630,8657,10933791
2026-09-21,002441,8.100,638,516780
2026-09-21,002442,5.590,6469,3616171
2026-09-21,002443,12.720,2199,2797128
2026-09-21,002444,28.500,847,2413950
2026-09-21,002445,3.150,4055,1277325
2026-09-21,002446,8.140,354,288156
2026-09-21,002448,11.280,217,244776
2026-09-21,002449,6.560,767,503152
2026-09-21,002451,7.550,953,719515
2026-09-21,002452,12.110,339,410529
2026-09-21,002453,5.850,100019,58511115
2026-09-21,002454,5.000,991,495300
2026-09-21,002455,7.140,516,368424
2026-09-21,002456,7.020,1455,1021410
2026-09-21,002457,11.370,1265,1438305
2026-09-21,002458,8.380,656,549728
2026-09-21,002459,6.840,3337,2282508
2026-09-21,002460,46.210,2426,11210546
2026-09-21,002461,8.370,227,189999
2026-09-21,002462,12.200,438,534360
2026-09-21,002463,125.720,3212,40381264
2026-09-21,002465,10.290,898,924042
2026-09-21,002466,42.870,1603,6871932
2026-09-21,002467,4.550,3582,1629810
2026-09-21,002468,15.150,4368,6617520
2026-09-21,002469,6.030,228,137484
2026-09-21,002470,2.090,9167,1915903
2026-09-21,002471,5.860,23993,14059898
2026-09-21,002472,36.440,298,1085912
2026-09-21,002474,6.340,228,144552
2026-09-21,002475,54.630,4729,25834527
2026-09-21,002476,4.850,261,126585
2026-09-21,002478,6.500,1197,778050
2026-09-21,002479,5.820,1029,598878
2026-09-21,002480,5.210,336,175056
2026-09-21,002481,4.210,298,125458
2026-09-21,002482,1.340,2401,321734
2026-09-21,002483,6.020,810,487620
2026-09-21,002484,62.460,3517,21967182
2026-09-21,002486,2.810,715,200915
2026-09-21,002487,39.010,11898,46414098
2026-09-21,002488,7.680,1243,954624
2026-09-21,002489,3.150,8688,2736720
2026-09-21,002490,7.190,3909,2810571
2026-09-21,002491,24.230,19627,47555106
2026-09-21,002492,5.800,169,98020
2026-09-21,002493,12.830,1224,1570392
2026-09-21,002494,4.530,2238,1013814
2026-09-21,002495,2.360,789,186204
2026-09-21,002496,2.140,1462,312868
2026-09-21,002497,16.700,2569,4290230
2026-09-21,002498,6.520,10667,6954884
2026-09-21,002500,5.220,1162,606564
2026-09-21,002506,2.500,8054,2013500
2026-09-21,002507,11.100,401,445110
2026-09-21,002508,16.330,162,264546
2026-09-21,002510,5.780,1456,841568
2026-09-21,002511,6.990,497,347403
2026-09-21,002513,5.250,989,519225
2026-09-21,002515,7.650,4336,3317040
2026-09-21,002516,5.740,576,330624
2026-09-21,002517,16.460,1094,1800724
2026-09-21,002518,40.670,4663,18964421
2026-09-21,002519,6.130,5014,3073582
2026-09-21,002520,6.200,763,473066
2026-09-21,002521,6.370,315,200655
2026-09-21,002522,6.020,8252,4967704
2026-09-21,002523,3.410,479,163339
2026-09-21,002524,3.940,827,325838
2026-09-21,002526,2.630,455,119665
2026-09-21,002527,10.980,855,938790
2026-09-21,002529,6.560,263,172528
2026-09-21,002530,7.190,335,240865
2026-09-21,002531,7.530,16700,12574746
2026-09-21,002532,12.810,1963,2514603
2026-09-21,002533,10.960,691,757336
2026-09-21,002534,16.760,1575,2639700
2026-09-21,002535,2.370,1134,268758
2026-09-21,002536,53.940,3153,17007282
2026-09-21,002537,5.840,2382,1391088
2026-09-21,002539,12.270,344,422088
2026-09-21,002540,4.970,155,77035
2026-09-21,002541,18.760,301,564676
2026-09-21,002543,7.140,739,527646
2026-09-21,002544,16.190,614,994066
2026-09-21,002545,15.900,520,826800
2026-09-21,002546,7.600,902,685520
2026-09-21,002548,4.020,1642,660084
2026-09-21,002549,13.650,614,838110
2026-09-21,002550,6.440,105,67620
2026-09-21,002551,3.240,1391,450762
2026-09-21,002552,54.270,1222,6631794
2026-09-21,002553,15.750,205,322875
2026-09-21,002554,2.770,595,164815
2026-09-21,002555,17.590,937,1648183
2026-09-21,002556,5.160,108,55728
2026-09-21,002557,17.980,161,289478
2026-09-21,002558,24.830,3024,7508592
2026-09-21,002559,9.260,1128,1044528
2026-09-21,002560,7.340,17297,12695851
2026-09-21,002561,7.390,951,702789
2026-09-21,002562,4.770,311,148347
2026-09-21,002563,5.440,481,261664
2026-09-21,002564,4.840,1273,616132
2026-09-21,002565,8.950,3583,3206785
2026-09-21,002566,6.980,184,128432
2026-09-21,002567,3.740,468,175032
2026-09-21,002568,17.880,547,978036
2026-09-21,002570,4.370,359,156883
2026-09-21,002571,10.850,13,14105
2026-09-21,002572,7.310,389,284359
2026-09-21,002573,3.120,466,145392
2026-09-21,002574,5.050,101,51005
2026-09-21,002575,5.150,361,185915
2026-09-21,002576,14.180,67,95006
2026-09-21,002577,22.050,1637,3609585
2026-09-21,002578,3.940,231,91014
2026-09-21,002579,19.350,14902,28835370
2026-09-21,002580,19.420,1260,2446920
2026-09-21,002582,9.760,914,892064
2026-09-21,002583,8.260,130,107380
2026-09-21,002584,9.580,50338,48223804
2026-09-21,002585,11.860,77363,91752518
2026-09-21,002586,3.790,288,109152
2026-09-21,002587,5.270,911,480123
2026-09-21,002588,7.660,302,231332
2026-09-21,002589,3.360,52540,17653440
2026-09-21,002590,9.670,220,212740
2026-09-21,002591,6.190,220,136180
2026-09-21,002593,4.590,416,190944
2026-09-21,002594,84.270,2120,17865240
2026-09-21,002595,39.560,90,355644
2026-09-21,002596,3.410,1434,488994
2026-09-21,002597,21.940,299,656006
2026-09-21,002599,5.490,265,145485
2026-09-21,002600,12.520,4690,5871267
2026-09-21,002601,15.330,142,217686
2026-09-21,002602,14.760,4544,6706944
2026-09-21,002603,15.270,522,797094
2026-09-21,002605,16.660,153,254898
2026-09-21,002606,12.670,514,651238
2026-09-21,002607,1.900,3913,743470
2026-09-21,002608,7.330,152,111416
2026-09-21,002609,7.630,298,227374
2026-09-21,002611,13.970,707,987679
2026-09-21,002612,17.050,380,647900
2026-09-21,002613,3.610,4558,1645438
2026-09-21,002614,6.200,17507,10854340
2026-09-21,002615,6.180,2908,1797144
2026-09-21,002616,4.870,165,80355
2026-09-21,002617,6.980,13402,9354596
2026-09-21,002622,2.480,1114,276272
2026-09-21,002623,18.680,8591,16047988
2026-09-21,002624,9.960,2061,2052338
2026-09-21,002625,27.600,1492,4117920
2026-09-21,002626,16.230,63,102249
2026-09-21,002627,6.820,633,431706
2026-09-21,002628,5.060,293,148258
2026-09-21,002629,4.270,1011,431697
2026-09-21,002631,13.290,11646,15477534
2026-09-21,002632,9.600,3001,2880960
2026-09-21,002633,14.100,50,70500
2026-09-21,002635,14.940,399,596106
2026-09-21,002636,82.000,3148,25813272
2026-09-21,002637,11.230,533,598559
2026-09-21,002638,4.230,1263,534249
2026-09-21,002639,14.080,6277,8838016
2026-09-21,002640,3.750,51399,19274625
2026-09-21,002641,3.800,49,18620
2026-09-21,002642,6.990,322,225078
2026-09-21,002643,13.580,1070,1453060
2026-09-21,002644,8.240,61,50264
2026-09-21,002645,18.430,307,565801
2026-09-21,002646,6.820,119,81158
2026-09-21,002647,10.900,72,78480
2026-09-21,002648,26.650,2046,5452590
2026-09-21,002649,9.310,183,170373
2026-09-21,002651,8.280,444,367632
2026-09-21,002652,4.650,645,299925
2026-09-21,002653,64.500,190,1225500
2026-09-21,002654,14.300,1551,2217930
2026-09-21,002655,40.890,5705,23327745
2026-09-21,002656,2.790,1537,428823
2026-09-21,002657,15.100,512,773120
2026-09-21,002658,7.420,129,95718
2026-09-21,002659,4.440,110,48840
2026-09-21,002660,8.100,171,138510
2026-09-21,002661,7.440,971,722424
2026-09-21,002662,3.200,465,148800
2026-09-21,002663,1.720,314,54008
2026-09-21,002664,14.860,145,215470
2026-09-21,002666,4.150,2784,1155360
2026-09-21,002668,9.080,260,236080
2026-09-21,002669,13.990,4298,6012902
2026-09-21,002670,11.710,773,905183
2026-09-21,002671,3.930,1270,499110
2026-09-21,002672,3.590,192,68928
2026-09-21,002673,6.760,1158,782808
2026-09-21,002674,20.000,1189,2378000
2026-09-21,002675,12.470,175,218225
2026-09-21,002676,5.280,3661,1933008
2026-09-21,002677,6.180,374,231132
2026-09-21,002678,4.360,439,191404
2026-09-21,002679,10.870,1181,1283747
2026-09-21,002681,4.620,1003,463386
2026-09-21,002682,5.110,436,222796
2026-09-21,002683,28.280,140,395920
2026-09-21,002685,5.630,19139,10775257
2026-09-21,002686,6.220,109,67798
2026-09-21,002713,10.940,16353,17890182
2026-09-21,002714,41.380,2206,9128428
2026-09-21,002715,13.040,136,177344
2026-09-21,002716,9.990,27532,27504468
2026-09-21,002718,85.090,27,229743
2026-09-21,002721,2.720,5768,1568896
2026-09-21,002722,12.960,46,59616
2026-09-21,002723,7.660,198,151668
2026-09-21,002724,7.210,7223,5207783
2026-09-21,002745,12.310,2301,2832531
2026-09-21,002746,6.430,597,383871
2026-09-21,002747,29.970,2676,8019972
2026-09-21,002748,12.300,493,606390
2026-09-21,002749,8.360,94,78584
2026-09-21,002771,13.830,581,803523
2026-09-21,002772,10.920,838,915096
2026-09-21,002773,19.570,54,105678
2026-09-21,002774,17.220,3326,5727372
2026-09-21,002775,3.240,231,74844
2026-09-21,002777,12.500,147,183750
2026-09-21,002778,15.200,14,21280
2026-09-21,002779,82.990,75,622425
2026-09-21,002780,14.150,1823,2579545
2026-09-21,002782,15.210,214,325494
2026-09-21,002807,4.150,1736,720440
2026-09-21,002809,8.130,136,110568
2026-09-21,002810,20.900,128,267520
2026-09-21,002811,15.490,365,565385
2026-09-21,002812,48.910,282,1379262
2026-09-21,002813,21.740,24,52176
2026-09-21,002815,23.400,11054,25866360
2026-09-21,002817,6.510,397,258447
2026-09-21,002818,11.500,320,368000
2026-09-21,002819,21.390,27,57753
2026-09-21,002837,63.500,2018,12814300
2026-09-21,002838,25.300,71,179630
2026-09-21,002839,4.290,455,195023
2026-09-21,002840,8.070,567,457569
2026-09-21,002841,46.550,702,3267810
2026-09-21,002842,34.980,2382,8332236
2026-09-21,002843,16.410,309,507069
2026-09-21,002845,14.030,161,225883
2026-09-21,002846,11.780,2255,2656390
2026-09-21,002847,42.500,30,127500
2026-09-21,002848,15.300,1420,2172600
2026-09-21,002849,20.990,7543,15832757
2026-09-21,002850,172.900,137,2368730
2026-09-21,002851,127.790,1071,13686309
2026-09-21,002852,8.090,451,364859
2026-09-21,002860,17.350,1557,2700822
2026-09-21,002861,14.580,241,351378
2026-09-21,002862,15.420,162,249804
2026-09-21,002863,4.690,456,213864
2026-09-21,002864,20.540,64,131456
2026-09-21,002865,38.610,518,1999998
2026-09-21,002866,14.510,206,298906
2026-09-21,002867,10.330,174,179742
2026-09-21,002868,22.990,47,108053
2026-09-21,002869,15.430,369,569367
2026-09-21,002870,49.490,62,306838
2026-09-21,002871,17.610,41,72201
2026-09-21,002873,8.050,168,135240
2026-09-21,002875,12.950,120,155400
2026-09-21,002876,31.690,109,345421
2026-09-21,002877,7.350,107,78645
2026-09-21,002878,12.600,188,236880
2026-09-21,002879,16.470,72,118584
2026-09-21,002880,20.950,39,81705
2026-09-21,002881,46.110,786,3622863
2026-09-21,002882,23.090,2737,6319733
2026-09-21,002884,15.470,112,173264
2026-09-21,002885,28.540,428,1221512
2026-09-21,002886,26.000,5179,13465400
2026-09-21,002887,9.110,42,38262
2026-09-21,002888,18.850,65,122525
2026-09-21,002889,11.890,42,49938
2026-09-21,002890,14.860,218,323948
2026-09-21,002891,27.460,180,494280
2026-09-21,002892,8.700,133,115710
2026-09-21,002893,10.350,422,436770
2026-09-21,002895,30.890,210,648690
2026-09-21,002896,61.500,245,1506750
2026-09-21,002897,70.000,1079,7553000
2026-09-21,002899,19.640,30,58920
2026-09-21,002900,11.880,272,323136
2026-09-21,002901,38.820,34,131988
2026-09-21,002902,30.600,16028,49046170
2026-09-21,002903,30.900,1107,3420630
2026-09-21,002905,8.650,110,95150
2026-09-21,002906,27.480,81,222588
2026-09-21,002907,13.850,413,572005
2026-09-21,002908,6.850,936,641160
2026-09-21,002909,6.490,1317,854733
2026-09-21,002910,9.790,402,393558
2026-09-21,002911,11.210,111,124431
2026-09-21,002912,24.230,7891,19119893
2026-09-21,002913,86.700,1653,14331510
2026-09-21,002915,17.380,175,304150
2026-09-21,002916,392.190,746,29257374
2026-09-21,002917,10.200,381,388620
2026-09-21,002918,11.180,1181,1320358
2026-09-21,002919,16.820,129,216978
2026-09-21,002920,84.740,164,1389736
2026-09-21,002921,20.400,118,240720
2026-09-21,002922,23.550,393,925515
2026-09-21,002923,10.850,1524,1653540
2026-09-21,002925,24.480,797,1951056
2026-09-21,002926,8.230,1083,891309
2026-09-21,002927,19.880,1964,3904432
2026-09-21,002928,6.570,3829,2515653
2026-09-21,002929,52.370,260,1361620
2026-09-21,002930,9.060,180,163080
2026-09-21,002931,41.500,173,717950
2026-09-21,002933,27.270,397,1082619
2026-09-21,002935,15.970,83,132551
2026-09-21,002936,1.740,3698,643405
2026-09-21,002937,27.780,583,1619574
2026-09-21,002938,91.320,705,6438060
2026-09-21,002939,7.850,555,435675
2026-09-21,002940,23.150,351,812565
2026-09-21,002941,10.520,42,44184
2026-09-21,002942,16.440,169,277836
2026-09-21,002943,30.560,385,1176560
2026-09-21,002945,14.290,1209,1727004
2026-09-21,002946,14.440,18,25992
2026-09-21,002947,67.500,1004,6777000
2026-09-21,002948,6.030,1762,1062486
2026-09-21,002949,12.620,337,425294
2026-09-21,002950,8.450,406,343070
2026-09-21,002951,15.930,120,191160
2026-09-21,002952,19.080,103,196524
2026-09-21,002953,10.540,580,611320
2026-09-21,002955,37.230,388,1444524
2026-09-21,002956,17.720,411,727938
2026-09-21,002957,42.770,1235,5282095
2026-09-21,002958,2.950,2516,742220
2026-09-21,002959,31.940,25,79850
2026-09-21,002960,8.750,408,357175
2026-09-21,002961,21.050,1863,3921615
2026-09-21,002962,13.500,339,457650
2026-09-21,002963,20.640,818,1688352
2026-09-21,002965,33.000,7519,24812700
2026-09-21,002966,9.040,1008,911232
2026-09-21,002967,17.120,55,94160
2026-09-21,002968,9.220,307,283054
2026-09-21,002969,11.380,715,813670
2026-09-21,002970,43.710,59,257889
2026-09-21,002971,42.080,5423,22820741
2026-09-21,002972,13.110,217,284487
2026-09-21,002973,13.500,224,302400
2026-09-21,002975,106.960,524,5604704
2026-09-21,002976,27.380,1037,2840127
2026-09-21,002978,25.160,19,47804
2026-09-21,002979,55.280,151,834728
2026-09-21,002980,128.380,2728,35022064
2026-09-21,002981,24.960,846,2111616
2026-09-21,002982,12.320,186,229152
2026-09-21,002983,21.890,23,50347
2026-09-21,002984,12.880,155,199640
2026-09-21,002985,27.410,37,101417
2026-09-21,002986,12.920,490,633080
2026-09-21,002987,10.890,686,747054
2026-09-21,002988,31.700,171,542070
2026-09-21,002989,24.290,324,786996
2026-09-21,002990,50.960,672,3424512
2026-09-21,002991,37.890,46,174294
2026-09-21,002992,34.010,158,537358
2026-09-21,002993,36.870,114,420318
2026-09-21,002995,17.000,234,397800
2026-09-21,002996,5.970,104,62088
2026-09-21,002997,26.690,92,245548
2026-09-21,002998,7.770,123,95571
2026-09-21,002999,6.280,521,327188
2026-09-21,003000,9.430,206,194258
2026-09-21,003001,19.820,9582,18991524
2026-09-21,003002,16.240,513,833112
2026-09-21,003003,10.540,224,236096
2026-09-21,003004,61.780,117,722826
2026-09-21,003005,14.800,293,433640
2026-09-21,003006,21.300,3481,7414530
2026-09-21,003007,40.220,199,800378
2026-09-21,003008,18.730,122,228506
2026-09-21,003009,48.300,79,381570
2026-09-21,003010,29.480,90,265320
2026-09-21,003011,19.250,149,286825
2026-09-21,003012,4.530,155,70215
2026-09-21,003013,18.950,416,788320
2026-09-21,003015,12.510,141,176391
2026-09-21,003016,7.410,141,104481
2026-09-21,003017,22.230,20,44460
2026-09-21,003018,49.910,607,3029537
2026-09-21,003019,27.740,139,385586
2026-09-21,003020,16.980,64,108672
2026-09-21,003021,69.000,169,1166100
2026-09-21,003022,19.630,354,694902
2026-09-21,003023,25.770,44,113388
2026-09-21,003025,12.010,50,60050
2026-09-21,003026,37.210,19190,71407069
2026-09-21,003027,16.060,45,72270
2026-09-21,003028,23.190,21,48699
2026-09-21,003029,17.820,248,441936
2026-09-21,003030,26.010,74,192474
2026-09-21,003031,136.670,914,12491638
2026-09-21,003032,9.100,3081,2803710
2026-09-21,003033,84.020,331,2781062
2026-09-21,003035,5.630,1643,925009
2026-09-21,003036,54.750,338,1850550
2026-09-21,003037,5.700,180,102600
2026-09-21,003038,10.490,513,538137
2026-09-21,003039,12.710,190,241490
2026-09-21,003040,17.900,58617,104924860
2026-09-21,003041,42.080,704,2962432
2026-09-21,003042,13.990,247,345553
2026-09-21,003043,65.500,261,1709550
2026-09-21,003816,4.230,1809,765207
2026-09-21,600000,9.040,1798,1625392
2026-09-21,600004,7.640,157,119948
2026-09-21,600006,5.270,881,464287
2026-09-21,600007,19.900,91,181090
2026-09-21,600008,2.750,1379,379225
2026-09-21,600009,22.750,381,866775
2026-09-21,600010,2.120,14650,3105800
2026-09-21,600011,6.800,3044,2069920
2026-09-21,600012,15.910,236,375476
2026-09-21,600015,6.230,4567,2845278
2026-09-21,600016,3.460,19793,6848378
2026-09-21,600017,2.820,460,129720
2026-09-21,600018,5.360,796,426656
2026-09-21,600019,5.760,2177,1253952
2026-09-21,600020,3.840,643,246912
2026-09-21,600021,13.380,890,1190820
2026-09-21,600022,1.310,1698,222451
2026-09-21,600023,5.050,2438,1231190
2026-09-21,600025,9.680,1415,1369720
2026-09-21,600026,22.120,7372,16306864
2026-09-21,600027,4.790,4503,2156937
2026-09-21,600028,5.140,8149,4188380
2026-09-21,600029,4.950,5620,2781900
2026-09-21,600030,26.550,4151,11021038
2026-09-21,600031,17.900,2955,5289450
2026-09-21,600032,7.050,1136,800880
2026-09-21,600033,3.630,6891,2501433
2026-09-21,600035,3.660,187,68442
2026-09-21,600036,40.650,3413,13872788
2026-09-21,600037,6.990,255,178245
2026-09-21,600038,27.060,89,240834
2026-09-21,600039,8.720,415,361950
2026-09-21,600048,5.250,22306,11710440
2026-09-21,600050,4.220,2721,1148262
2026-09-21,600051,6.070,103,62521
2026-09-21,600052,3.700,137,50690
2026-09-21,600105,47.170,13761,64910637
2026-09-21,600106,4.450,327,145653
2026-09-21,600108,4.120,22904,9436448
2026-09-21,600109,8.250,714,589050
2026-09-21,600110,12.310,13076,16096556
2026-09-21,600111,36.880,1820,6712160
2026-09-21,600113,30.330,89,269937
2026-09-21,600114,28.230,368,1038864
2026-09-21,600115,3.440,15334,5274896
2026-09-21,600116,6.180,350,216300
2026-09-21,600137,17.210,38,65398
2026-09-21,600138,7.050,363,255915
2026-09-21,600141,29.390,789,2318871
2026-09-21,600143,13.160,515,677740
2026-09-21,600148,15.580,85,132430
2026-09-21,600166,2.780,2725,757550
2026-09-21,600167,5.690,492,279948
2026-09-21,600168,4.300,216,92880
2026-09-21,600170,2.210,2924,646204
2026-09-21,600171,23.220,527,1223694
2026-09-21,600172,16.070,9340,15009380
2026-09-21,600173,5.890,48,28272
2026-09-21,600176,44.990,33541,150900959
2026-09-21,600177,8.100,2024,1639440
2026-09-21,600178,9.600,96,92160
2026-09-21,600221,1.250,23864,2983000
2026-09-21,600222,7.790,433,337307
2026-09-21,600223,5.500,227,124850
2026-09-21,600226,6.080,3997,2430176
2026-09-21,600227,3.900,10491,4091490
2026-09-21,600266,4.170,1607,670119
2026-09-21,600267,11.480,1501,1723148
2026-09-21,600268,10.400,186,193440
2026-09-21,600269,3.810,783,298323
2026-09-21,600271,6.700,289,193630
2026-09-21,600272,15.390,1043,1605177
2026-09-21,600273,6.360,549,349164
2026-09-21,600276,44.500,9252,41171400
2026-09-21,600278,6.540,782,511428
2026-09-21,600279,4.320,25,10800
2026-09-21,600280,3.040,2063,627152
2026-09-21,600281,4.540,191,86714
2026-09-21,600282,4.510,1415,638165
2026-09-21,600283,8.000,89,71200
2026-09-21,600284,5.070,7,3549
2026-09-21,600285,19.110,139,265629
2026-09-21,600287,4.890,162,79218
2026-09-21,600288,10.980,673,738954
2026-09-21,600292,11.770,55,64735
2026-09-21,600293,3.290,26115,8591835
2026-09-21,600295,13.300,222,295260
2026-09-21,600298,39.700,45,178650
2026-09-21,600299,8.320,891,741312
2026-09-21,600300,3.120,2698,841776
2026-09-21,600301,49.970,10590,52918230
2026-09-21,600303,2.990,1842,550758
2026-09-21,600305,6.660,195,129870
2026-09-21,600307,1.480,1341,198468
2026-09-21,600308,3.240,816,264384
2026-09-21,600309,70.500,1785,12584250
2026-09-21,600310,4.680,3744,1752192
2026-09-21,600312,19.400,465,902100
2026-09-21,600313,7.000,3632,2542400
2026-09-21,600315,17.850,122,217770
2026-09-21,600316,32.000,644,2060800
2026-09-21,600318,6.920,2507,1734844
2026-09-21,600319,6.170,413,254821
2026-09-21,600320,4.160,1494,621321
2026-09-21,600322,2.670,677,180759
2026-09-21,600323,28.960,24,69504
2026-09-21,600325,2.460,11572,2846712
2026-09-21,600326,6.820,350,238700
2026-09-21,600327,3.860,167,64462
2026-09-21,600328,5.640,931,525084
2026-09-21,600329,34.510,63,217413
2026-09-21,600330,29.390,3048,8958072
2026-09-21,600331,11.380,1229,1398602
2026-09-21,600332,19.520,181,353312
2026-09-21,600333,6.660,1020,679320
2026-09-21,600335,5.170,536,277112
2026-09-21,600336,6.410,221,141661
2026-09-21,600338,12.600,561,706860
2026-09-21,600339,3.280,1302,427056
2026-09-21,600343,21.360,6114,13059504
2026-09-21,600345,54.500,543,2959350
2026-09-21,600346,16.390,702,1150578
2026-09-21,600348,8.890,862,766318
2026-09-21,600350,10.000,626,626000
2026-09-21,600351,6.660,786,523476
2026-09-21,600352,11.880,2665,3166353
2026-09-21,600353,34.540,5243,18109322
2026-09-21,600354,10.230,15399,15753177
2026-09-21,600356,10.410,3615,3763215
2026-09-21,600358,5.000,268,134000
2026-09-21,600359,7.890,5491,4332399
2026-09-21,600360,11.000,5386,5924600
2026-09-21,600361,3.510,875,307125
2026-09-21,600362,44.250,2712,12000600
2026-09-21,600366,11.250,745,838125
2026-09-21,600367,39.000,7939,30962100
2026-09-21,600368,4.110,741,304551
2026-09-21,600369,3.970,423,167931
2026-09-21,600371,15.400,19751,30416540
2026-09-21,600372,11.380,360,409680
2026-09-21,600373,7.450,914,680930
2026-09-21,600375,3.690,674,248706
2026-09-21,600376,3.150,2511,790965
2026-09-21,600377,12.660,347,439302
2026-09-21,600378,48.370,2951,14273987
2026-09-21,600379,14.570,859,1251563
2026-09-21,600380,9.230,404,372892
2026-09-21,600382,6.230,306,190638
2026-09-21,600383,2.210,23261,5140681
2026-09-21,600386,3.490,160,55840
2026-09-21,600388,17.450,98,171010
2026-09-21,600389,18.950,1382,2618890
2026-09-21,600390,4.880,709,345992
2026-09-21,600391,41.020,426,1747452
2026-09-21,600392,21.900,4246,9298740
2026-09-21,600395,5.030,833,418999
2026-09-21,600396,13.520,7574,10240048
2026-09-21,600397,17.100,3404,5820840
2026-09-21,600398,5.790,779,451041
2026-09-21,600399,4.430,819,362817
2026-09-21,600400,3.400,8920,3032800
2026-09-21,600403,6.630,8148,5402124
2026-09-21,600405,4.990,164,81836
2026-09-21,600406,22.080,2139,4722912
2026-09-21,600408,3.010,1900,571900
2026-09-21,600409,6.300,429,270270
2026-09-21,600410,16.620,18022,29952813
2026-09-21,600415,11.830,2081,2461823
2026-09-21,600416,8.530,480,409440
2026-09-21,600418,19.250,3978,7657650
2026-09-21,600419,8.590,97,83323
2026-09-21,600420,8.130,285,231705
2026-09-21,600422,8.150,151,123065
2026-09-21,600425,3.600,1192,429192
2026-09-21,600426,19.500,807,1574430
2026-09-21,600428,11.240,1903,2138972
2026-09-21,600429,4.560,338,154128
2026-09-21,600433,3.320,343,113876
2026-09-21,600435,11.430,553,632079
2026-09-21,600436,118.310,102,1206762
2026-09-21,600438,11.320,1440,1630080
2026-09-21,600444,13.990,261,365139
2026-09-21,600446,10.480,410,429680
2026-09-21,600448,3.800,249807,94926660
2026-09-21,600449,13.140,1098,1442772
2026-09-21,600452,9.100,631,574210
2026-09-21,600455,23.290,136,316744
2026-09-21,600456,25.260,128,323328
2026-09-21,600458,11.380,323,367574
2026-09-21,600459,19.320,1015,1960980
2026-09-21,600460,33.130,9860,32666180
2026-09-21,600461,9.020,815,735130
2026-09-21,600463,7.900,58,45820
2026-09-21,600467,2.390,1103,263617
2026-09-21,600468,6.400,3335,2134400
2026-09-21,600469,4.980,97,48306
2026-09-21,600470,5.700,629,358530
2026-09-21,600475,14.880,72,107136
2026-09-21,600477,2.420,166,40066
2026-09-21,600478,4.610,507,233727
2026-09-21,600479,11.690,2233,2610377
2026-09-21,600480,7.720,607,468828
2026-09-21,600481,4.140,922,381708
2026-09-21,600482,33.940,245,831530
2026-09-21,600483,10.930,405,442665
2026-09-21,600486,52.620,94,494628
2026-09-21,600487,71.680,24211,173544448
2026-09-21,600488,6.050,11109,6720945
2026-09-21,600489,23.950,4513,10808635
2026-09-21,600490,7.190,1749,1257531
2026-09-21,600493,6.270,1420,890340
2026-09-21,600495,4.060,69,28014
2026-09-21,600496,3.320,632,209824
2026-09-21,600497,9.590,1821,1746339
2026-09-21,600498,44.500,3847,17119150
2026-09-21,600499,13.440,525,705600
2026-09-21,600500,5.830,6034,3517822
2026-09-21,600501,15.030,156,234468
2026-09-21,600502,4.180,21313,8908763
2026-09-21,600503,2.210,1847,408187
2026-09-21,600505,10.610,383,406363
2026-09-21,600506,16.830,1451,2442538
2026-09-21,600507,4.100,45,18450
2026-09-21,600508,10.440,654,682776
2026-09-21,600509,7.300,2139,1561470
2026-09-21,600510,6.530,63,41139
2026-09-21,600511,26.090,87,226983
2026-09-21,600512,2.070,5545,1147815
2026-09-21,600513,14.990,299,448201
2026-09-21,600515,2.740,1384,379148
2026-09-21,600516,5.560,6878,3824168
2026-09-21,600517,5.000,577,288500
2026-09-21,600518,1.350,3079,415608
2026-09-21,600519,1259.000,241,30341900
2026-09-21,600520,26.230,980,2570540
2026-09-21,600521,16.180,627,1014486
2026-09-21,600522,36.100,15644,56474840
2026-09-21,600523,11.880,132,156816
2026-09-21,600525,4.900,178,87220
2026-09-21,600526,4.560,1072,488832
2026-09-21,600527,2.210,3452,762892
2026-09-21,600528,6.840,186,127224
2026-09-21,600529,18.440,180,331920
2026-09-21,600531,12.230,1567,1916441
2026-09-21,600533,2.200,324,71280
2026-09-21,600535,13.880,283,392804
2026-09-21,600536,31.660,408,1291728
2026-09-21,600538,4.900,239,117110
2026-09-21,600539,13.400,323,432820
2026-09-21,600540,5.460,4802,2621892
2026-09-21,600545,4.540,5467,2482018
2026-09-21,600546,13.280,743,986704
2026-09-21,600547,32.420,5479,17763339
2026-09-21,600548,8.130,481,391053
2026-09-21,600549,50.480,3059,15441832
2026-09-21,600550,10.920,802,875784
2026-09-21,600551,7.630,2069,1578647
2026-09-21,600552,18.190,5055,9195045
2026-09-21,600556,4.640,663,307632
2026-09-21,600557,12.140,133,161462
2026-09-21,600558,4.730,930,439890
2026-09-21,600559,11.040,354,390816
2026-09-21,600560,11.000,82,90200
2026-09-21,600561,5.710,316,180436
2026-09-21,600562,27.390,231,632709
2026-09-21,600563,126.780,465,5895270
2026-09-21,600566,25.220,81,204282
2026-09-21,600567,1.340,1019,136546
2026-09-21,600569,1.790,521,93259
2026-09-21,600570,20.210,432,873860
2026-09-21,600571,10.380,198,205524
2026-09-21,600584,73.100,12090,88377900
2026-09-21,600585,17.020,749,1274798
2026-09-21,600586,4.060,559,226954
2026-09-21,600587,12.330,1872,2308176
2026-09-21,600588,9.530,2270,2163310
2026-09-21,600623,8.370,597,499689
2026-09-21,600626,3.690,2178,803682
2026-09-21,600628,6.290,1744,1096976
2026-09-21,600629,16.200,1406,2277072
2026-09-21,600630,9.120,35066,31980201
2026-09-21,600633,10.500,4857,5099850
2026-09-21,600736,6.520,947,617444
2026-09-21,600737,14.540,9446,13734484
2026-09-21,600738,4.220,3290,1388380
2026-09-21,600739,10.340,831,859254
2026-09-21,600740,3.730,744,277512
2026-09-21,600741,14.880,650,967200
2026-09-21,600742,7.710,34,26214
2026-09-21,600743,2.330,42132,9816756
2026-09-21,600744,6.400,6307,4036480
2026-09-21,600746,7.110,2752,1956672
2026-09-21,600748,3.830,290,111070
2026-09-21,600749,13.670,275,375925
2026-09-21,600750,22.260,95,211470
2026-09-21,600751,2.990,611,182689
2026-09-21,600754,18.510,494,914394
2026-09-21,600755,5.600,413,231280
2026-09-21,600756,13.700,69,94530
2026-09-21,600757,7.270,1152,837504
2026-09-21,600758,3.640,979,356356
2026-09-21,600760,43.900,586,2572540
2026-09-21,600761,15.460,133,205618
2026-09-21,600763,32.830,316,1037428
2026-09-21,600764,18.680,85,158780
2026-09-21,600765,13.450,332,446540
2026-09-21,600768,14.430,119,171717
2026-09-21,600769,16.240,721,1170904
2026-09-21,600770,5.730,5547,3178431
2026-09-21,600771,13.720,272,373184
2026-09-21,600773,10.060,338,340028
2026-09-21,600774,7.530,167,125751
2026-09-21,600775,9.810,458,449298
2026-09-21,600776,13.450,1112,1495640
2026-09-21,600777,4.040,1456,588224
2026-09-21,600778,5.760,510,293760
2026-09-21,600779,25.920,71,184032
2026-09-21,600780,6.180,255,157590
2026-09-21,600782,2.680,182,48776
2026-09-21,600783,15.480,618,956664
2026-09-21,600784,7.090,54,38286
2026-09-21,600785,10.490,4077,4276773
2026-09-21,600787,4.560,344,156864
2026-09-21,600789,7.620,660,502920
2026-09-21,600790,3.610,8753,3159833
2026-09-21,600791,6.960,1751,1218696
2026-09-21,600792,5.200,18673,9709960
2026-09-21,600793,17.300,989,1710970
2026-09-21,600794,3.210,203,65163
2026-09-21,600795,5.240,2827,1481348
2026-09-21,600796,5.010,36,18036
2026-09-21,600797,6.610,229,151369
2026-09-21,600798,3.470,849,294603
2026-09-21,600800,3.270,709,231843
2026-09-21,600801,24.120,35,84420
2026-09-21,600802,5.700,3922,2235540
2026-09-21,600803,18.530,148,274244
2026-09-21,600805,4.470,888,396936
2026-09-21,600807,2.580,340,87720
2026-09-21,600808,2.560,1715,439040
2026-09-21,600809,112.130,202,2265026
2026-09-21,600810,6.300,147,92610
2026-09-21,600812,4.630,1593,737559
2026-09-21,600814,6.910,889,614299
2026-09-21,600815,3.590,1678,602402
2026-09-21,600816,2.410,2508,604428
2026-09-21,600817,9.740,152,148048
2026-09-21,600819,5.560,65,36140
2026-09-21,600820,5.250,1326,696150
2026-09-21,600821,6.120,2524,1544688
2026-09-21,600822,9.440,15155,14306320
2026-09-21,600824,3.640,292,106288
2026-09-21,600825,5.840,3102,1811568
2026-09-21,600826,7.610,465,353865
2026-09-21,600827,7.810,1353,1056693
2026-09-21,600828,4.250,2250,956250
2026-09-21,600829,9.660,687,663642
2026-09-21,600830,8.500,817,694450
2026-09-21,600831,3.240,78,25272
2026-09-21,600833,10.430,487,507941
2026-09-21,600834,7.590,39,29601
2026-09-21,600835,18.500,2577,4767450
2026-09-21,600838,8.760,8852,7754352
2026-09-21,600839,6.670,2297,1532099
2026-09-21,600841,5.860,693,406098
2026-09-21,600843,6.850,140,95900
2026-09-21,600844,3.370,1956,659172
2026-09-21,600845,17.990,3254,5853946
2026-09-21,600846,10.990,17,18683
2026-09-21,600847,13.790,2141,2952439
2026-09-21,600848,8.510,177,150627
2026-09-21,600850,14.040,252,354370
2026-09-21,600851,8.360,385,321860
2026-09-21,600853,3.260,668,217768
2026-09-21,600854,4.610,587,270607
2026-09-21,600855,13.260,400,530400
2026-09-21,600857,21.280,191,406448
2026-09-21,600858,4.960,284,140864
2026-09-21,600859,9.700,302,292940
2026-09-21,600860,7.650,13941,10664865
2026-09-21,600861,12.680,23,29164
2026-09-21,600862,17.990,343,617057
2026-09-21,600863,4.730,3656,1729288
2026-09-21,600864,5.860,6844,4010584
2026-09-21,600865,10.910,6331,6907121
2026-09-21,600866,4.110,333,136863
2026-09-21,600867,7.850,493,387005
2026-09-21,600868,2.830,2172,614676
2026-09-21,600869,21.690,8138,17650519
2026-09-21,600871,2.160,6254,1350864
2026-09-21,600872,17.160,163,279708
2026-09-21,600873,7.530,335,252255
2026-09-21,600874,5.520,608,335616
2026-09-21,600875,24.450,1027,2511015
2026-09-21,600876,8.390,2359,1979201
2026-09-21,600877,12.280,595,730660
2026-09-21,600879,14.720,4115,6057280
2026-09-21,600880,5.190,77995,40479405
2026-09-21,600881,1.880,42099,7914612
2026-09-21,600882,19.140,53,101442
2026-09-21,600883,7.830,160,125280
2026-09-21,600884,11.180,1217,1360606
2026-09-21,600885,34.100,251,855910
2026-09-21,600886,14.300,479,684970
2026-09-21,600887,26.560,1431,3800736
2026-09-21,600888,9.970,1113,1109172
2026-09-21,600892,4.030,1797,724191
2026-09-21,600893,39.200,846,3316320
2026-09-21,600894,7.490,7089,5309661
2026-09-21,600895,28.420,978,2779476
2026-09-21,600897,15.190,155,235445
2026-09-21,600900,28.160,5601,15772416
2026-09-21,600901,6.670,1353,902451
2026-09-21,600903,6.570,5265,3459105
2026-09-21,600905,3.630,10089,3662307
2026-09-21,600906,6.440,1024,659456
2026-09-21,600908,5.750,554,318550
2026-09-21,600909,7.930,9816,7784088
2026-09-21,600916,7.490,1677,1256073
2026-09-21,600917,4.860,159,77274
2026-09-21,600918,5.450,2389,1302005
2026-09-21,600919,12.130,2459,2982209
2026-09-21,600925,4.110,88,36168
2026-09-21,600926,17.190,3522,6054318
2026-09-21,600927,12.280,62,76136
2026-09-21,600928,3.500,2487,870450
2026-09-21,600929,6.040,13562,8191448
2026-09-21,600930,3.980,10205,4061590
2026-09-21,600933,13.930,1625,2263625
2026-09-21,600935,2.310,1126,260106
2026-09-21,600936,4.580,1217,557386
2026-09-21,600938,32.010,3046,9750246
2026-09-21,600939,2.640,349,92136
2026-09-21,600941,96.850,451,4367935
2026-09-21,600955,12.370,30,37110
2026-09-21,600956,7.210,121,87241
2026-09-21,600958,8.830,1687,1489621
2026-09-21,600959,3.130,734,229742
2026-09-21,600960,3.890,657,255573
2026-09-21,600961,25.590,1841,4711119
2026-09-21,600962,26.300,84,220920
2026-09-21,600963,3.390,939,318321
2026-09-21,600966,4.960,340,168640
2026-09-21,600967,13.660,9306,12711996
2026-09-21,600968,3.930,1143,449199
2026-09-21,600969,9.850,716,705260
2026-09-21,600970,7.710,201,154971
2026-09-21,600971,8.320,54,44928
2026-09-21,600973,6.110,528,322608
2026-09-21,600975,5.180,6516,3375288
2026-09-21,600976,26.400,25,66000
2026-09-21,600977,12.930,625,808125
2026-09-21,600979,4.020,465,186930
2026-09-21,600980,18.870,21,39627
2026-09-21,600981,2.390,208,49712
2026-09-21,600982,5.200,638,331760
2026-09-21,600983,7.410,104,77064
2026-09-21,600984,3.530,1598,564094
2026-09-21,600985,16.300,729,1188466
2026-09-21,600986,7.140,1059,756126
2026-09-21,600987,6.360,382,242844
2026-09-21,600988,43.850,1598,7007230
2026-09-21,600989,23.300,2216,5163280
2026-09-21,600990,17.990,59,106141
2026-09-21,600992,9.760,524,511424
2026-09-21,600993,22.660,32,72512
2026-09-21,600995,12.310,242,297902
2026-09-21,600996,6.920,761,526612
2026-09-21,600997,5.150,274,141110
2026-09-21,600998,5.000,760,380000
2026-09-21,600999,17.600,2157,3796320
2026-09-21,601000,4.470,672,300312
2026-09-21,601001,16.750,369,618075
2026-09-21,601002,5.250,320,168000
2026-09-21,601003,3.570,677,241689
2026-09-21,601005,1.200,2544,305280
2026-09-21,601006,4.700,2354,1106380
2026-09-21,601007,6.750,79,53325
2026-09-21,601008,4.430,718,318074
2026-09-21,601009,11.760,695,817320
2026-09-21,601011,2.900,753,218370
2026-09-21,601012,11.200,4762,5333440
2026-09-21,601015,3.580,3268,1169944
2026-09-21,601016,3.400,3916,1331440
2026-09-21,601018,3.410,2331,794871
2026-09-21,601019,6.740,204,137496
2026-09-21,601020,21.490,1390,2987110
2026-09-21,601021,42.150,213,897795
2026-09-21,601022,8.800,4652,4093760
2026-09-21,601026,15.830,4031,6381073
2026-09-21,601033,14.400,105,151200
2026-09-21,601038,14.350,456,654360
2026-09-21,601058,13.850,775,1073375
2026-09-21,601061,11.620,502,583324
2026-09-21,601065,6.690,129,86301
2026-09-21,601066,23.650,389,919985
2026-09-21,601068,4.400,212,93280
2026-09-21,601069,27.960,1490,4166040
2026-09-21,601077,6.540,2173,1421142
2026-09-21,601083,12.560,761,955816
2026-09-21,601086,16.570,37448,62051336
2026-09-21,601088,46.180,937,4327066
2026-09-21,601089,15.880,69,109572
2026-09-21,601096,4.100,448,183680
2026-09-21,601098,10.300,849,874470
2026-09-21,601099,3.470,6426,2229822
2026-09-21,601100,93.000,444,4129200
2026-09-21,601101,12.820,407,521774
2026-09-21,601156,18.040,90,162360
2026-09-21,601158,4.020,905,363810
2026-09-21,601162,3.640,4846,1763944
2026-09-21,601163,12.420,21,26082
2026-09-21,601166,17.760,3525,6260400
2026-09-21,601168,36.030,3482,12545646
2026-09-21,601169,5.510,12676,6984476
2026-09-21,601177,13.640,117,159588
2026-09-21,601179,12.300,2862,3520260
2026-09-21,601186,6.020,763,459326
2026-09-21,601187,6.850,2544,1742640
2026-09-21,601188,2.850,1266,360810
2026-09-21,601199,6.570,965,634005
2026-09-21,601200,6.830,55,37565
2026-09-21,601512,8.340,224,186816
2026-09-21,601515,3.310,290,95990
2026-09-21,601518,2.780,507,140946
2026-09-21,601519,8.380,2066,1731308
2026-09-21,601528,4.980,1265,629970
2026-09-21,601555,8.280,699,578772
2026-09-21,601566,9.020,2269,2046638
2026-09-21,601567,14.260,607,865582
2026-09-21,601568,3.640,131,47684
2026-09-21,601577,9.750,427,416325
2026-09-21,601579,33.500,9213,30863550
2026-09-21,601588,1.710,1106,189126
2026-09-21,601595,24.510,2369,5806419
2026-09-21,601598,6.470,281,181807
2026-09-21,601599,3.250,1206,391950
2026-09-21,601600,9.350,8077,7551995
2026-09-21,601601,32.000,1659,5308800
2026-09-21,601606,32.770,946,3100861
2026-09-21,601607,15.960,239,381444
2026-09-21,601608,4.700,482,226540
2026-09-21,601609,13.200,1267,1672440
2026-09-21,601611,10.410,675,702675
2026-09-21,601615,9.740,902,878548
2026-09-21,601616,3.800,179,68020
2026-09-21,601618,2.530,1288,325864
2026-09-21,601619,4.090,632,258488
2026-09-21,601628,37.610,1859,6991699
2026-09-21,601633,14.050,598,840190
2026-09-21,601636,5.540,1709,946786
2026-09-21,601658,5.320,7673,4082036
2026-09-21,601665,6.860,960,658560
2026-09-21,601666,8.800,663,583440
2026-09-21,601668,4.270,5673,2422371
2026-09-21,601669,4.600,3793,1744780
2026-09-21,601677,16.910,302,510682
2026-09-21,601678,5.980,2521,1507558
2026-09-21,601686,5.090,198,100782
2026-09-21,601688,18.360,1718,3154248
2026-09-21,601689,45.500,2608,11866400
2026-09-21,601696,11.300,657,742410
2026-09-21,601698,24.220,728,1763216
2026-09-21,601699,15.180,671,1018578
2026-09-21,601700,6.310,5038,3178978
2026-09-21,601702,15.070,43,64801
2026-09-21,601717,13.870,442,613054
2026-09-21,601727,6.460,4201,2713846
2026-09-21,601728,6.180,1284,793512
2026-09-21,601766,6.000,2129,1277400
2026-09-21,601777,7.800,444,346320
2026-09-21,601778,3.560,2485,884660
2026-09-21,601788,13.970,655,915035
2026-09-21,601789,4.140,295,122130
2026-09-21,601798,7.460,151,112646
2026-09-21,601799,72.780,124,902472
2026-09-21,601800,5.840,621,362664
2026-09-21,601801,5.710,21759,12424389
2026-09-21,601808,12.130,752,912176
2026-09-21,601811,14.500,49866,72305700
2026-09-21,601816,4.750,5856,2781600
2026-09-21,601818,3.020,14942,4512484
2026-09-21,601825,8.750,614,537250
2026-09-21,601827,7.900,88,69520
2026-09-21,601828,2.140,1241,265574
2026-09-21,601838,19.040,2377,4525808
2026-09-21,601857,10.520,6086,6402472
2026-09-21,601858,20.380,800,1630400
2026-09-21,601860,2.570,2892,743244
2026-09-21,601865,9.290,686,637294
2026-09-21,601866,2.470,1510,372970
2026-09-21,601868,2.430,7324,1779666
2026-09-21,601869,460.000,1010,46460000
2026-09-21,601872,22.140,18221,40341294
2026-09-21,601877,25.200,430,1083600
2026-09-21,601878,9.080,245,222460
2026-09-21,601880,1.460,1685,246010
2026-09-21,601881,12.070,850,1025950
2026-09-21,601882,22.660,355,804430
2026-09-21,601886,13.410,746,1000386
2026-09-21,601888,51.980,1274,6622252
2026-09-21,601890,9.790,5163,5054577
2026-09-21,601898,13.780,2083,2870374
2026-09-21,601899,31.480,13282,41811736
2026-09-21,601900,12.190,397,483943
2026-09-21,601901,6.840,1337,914508
2026-09-21,601908,2.960,617,182632
2026-09-21,601916,2.910,5477,1593807
2026-09-21,601918,10.250,354,362850
2026-09-21,601919,16.100,3183,5124630
2026-09-21,601921,7.430,689,511927
2026-09-21,601928,8.270,561,463947
2026-09-21,601929,2.430,6502,1579986
2026-09-21,601933,3.030,10865,3292095
2026-09-21,601939,10.770,6786,7308048
2026-09-21,601949,6.230,8902,5545946
2026-09-21,601952,9.540,1837,1752498
2026-09-21,601956,4.810,29,13949
2026-09-21,601958,20.520,1208,2478816
2026-09-21,601963,10.850,493,534905
2026-09-21,601965,13.250,540,715500
2026-09-21,601966,10.430,226,235718
2026-09-21,601968,4.520,314,141928
2026-09-21,601969,9.260,347,321322
2026-09-21,601975,4.650,17590,8179350
2026-09-21,601985,8.930,1923,1717239
2026-09-21,601988,6.520,18068,11780336
2026-09-21,601990,6.650,498,331170
2026-09-21,601991,5.580,8393,4683294
2026-09-21,601992,1.400,732,102480
2026-09-21,601996,3.000,969,290700
2026-09-21,601997,5.570,1069,595433
2026-09-21,601998,8.940,3431,3067314
2026-09-21,601999,7.050,11991,8453655
2026-09-21,603000,17.550,3557,6242535
2026-09-21,603001,10.590,5605,5935695
2026-09-21,603002,19.300,4389,8470770
2026-09-21,603004,18.810,144,270864
2026-09-21,603005,30.800,1453,4475240
2026-09-21,603006,10.620,230,244260
2026-09-21,603007,4.690,176,82544
2026-09-21,603009,49.290,1205,5939445
2026-09-21,603010,12.370,411,508407
2026-09-21,603011,27.430,992,2721056
2026-09-21,603012,9.150,520,475800
2026-09-21,603013,14.330,64,91712
2026-09-21,603014,31.200,63,196560
2026-09-21,603015,10.720,277,296944
2026-09-21,603016,31.350,4631,14518185
2026-09-21,603017,9.800,115,112700
2026-09-21,603018,5.140,1022,525287
2026-09-21,603019,84.620,1377,11652174
2026-09-21,603020,11.430,1031,1178433
2026-09-21,603022,8.660,480,415680
2026-09-21,603023,4.170,1407,586719
2026-09-21,603025,13.560,145,196620
2026-09-21,603026,61.190,197,1205443
2026-09-21,603027,7.270,205,149035
2026-09-21,603028,6.790,335,227465
2026-09-21,603029,16.720,237,396264
2026-09-21,603030,2.080,963,200304
2026-09-21,603031,42.790,102,438384
2026-09-21,603032,18.720,94,175968
2026-09-21,603033,7.330,926,678758
2026-09-21,603035,10.210,55,56155
2026-09-21,603036,13.400,120,160800
2026-09-21,603037,9.890,317,313513
2026-09-21,603038,17.240,619,1067156
2026-09-21,603039,36.500,1527,5573550
2026-09-21,603040,47.470,266,1261278
2026-09-21,603041,10.930,166,181438
2026-09-21,603042,17.250,3327,5739075
2026-09-21,603043,13.170,82,107994
2026-09-21,603045,52.070,779,4056253
2026-09-21,603048,24.500,222,543900
2026-09-21,603049,45.150,7,31605
2026-09-21,603050,18.090,25,45225
2026-09-21,603051,25.660,706,1811596
2026-09-21,603052,60.370,182,1098734
2026-09-21,603053,8.720,234,204048
2026-09-21,603055,9.400,64,60160
2026-09-21,603057,18.450,254,468630
2026-09-21,603058,8.800,999,879120
2026-09-21,603059,24.550,332,815060
2026-09-21,603060,5.410,152,82232
2026-09-21,603061,355.000,260,9212250
2026-09-21,603062,36.620,5,18310
2026-09-21,603063,30.700,470,1442900
2026-09-21,603065,14.260,1335,1903710
2026-09-21,603066,9.050,419,379195
2026-09-21,603067,35.410,353,1249973
2026-09-21,603068,40.790,3353,13676887
2026-09-21,603069,14.000,1031,1443400
2026-09-21,603070,11.600,155,179800
2026-09-21,603071,12.360,178,220008
2026-09-21,603072,30.450,18,54810
2026-09-21,603073,15.880,110,174680
2026-09-21,603075,19.730,235,463655
2026-09-21,603076,19.580,88,172304
2026-09-21,603077,2.250,5007,1126575
2026-09-21,603078,33.260,484,1609784
2026-09-21,603079,12.790,121,154759
2026-09-21,603080,19.480,79,153892
2026-09-21,603081,9.500,343,325850
2026-09-21,603082,51.400,1944,9992160
2026-09-21,603083,230.000,1640,37722760
2026-09-21,603085,9.840,562,553008
2026-09-21,603086,5.750,76,43700
2026-09-21,603087,69.020,160,1104320
2026-09-21,603088,10.380,219,227322
2026-09-21,603089,9.500,99,94050
2026-09-21,603090,39.500,302,1192900
2026-09-21,603091,47.000,7,32900
2026-09-21,603092,44.620,274,1222588
2026-09-21,603093,12.720,615,782280
2026-09-21,603095,14.340,181,259554
2026-09-21,603096,15.640,233,364412
2026-09-21,603097,18.500,7,12950
2026-09-21,603098,10.670,124,132308
2026-09-21,603099,39.330,1234,4853322
2026-09-21,603100,18.090,120,217080
2026-09-21,603101,7.430,79,58697
2026-09-21,603102,35.800,78,279240
2026-09-21,603103,16.600,952,1580320
2026-09-21,603105,8.100,2372,1921320
2026-09-21,603106,7.680,2375,1824000
2026-09-21,603107,12.050,315,379575
2026-09-21,603108,9.700,899,872030
2026-09-21,603109,17.150,476,816340
2026-09-21,603110,25.190,223,561737
2026-09-21,603111,5.990,112,67088
2026-09-21,603112,16.750,211,353425
2026-09-21,603113,4.850,873,423405
2026-09-21,603115,93.500,640,5984000
2026-09-21,603116,6.550,1106,724430
2026-09-21,603117,3.920,219,85848
2026-09-21,603118,18.350,23356,42858260
2026-09-21,603119,55.100,331,1823259
2026-09-21,603120,60.430,1176,7106568
2026-09-21,603121,12.360,97,119892
2026-09-21,603122,13.660,16957,23163262
2026-09-21,603123,9.960,7078,7049688
2026-09-21,603124,132.980,156,2074488
2026-09-21,603125,24.010,104,249704
2026-09-21,603126,6.230,230,143290
2026-09-21,603127,46.380,3863,17916594
2026-09-21,603128,5.350,349,186715
2026-09-21,603129,294.580,100,2945800
2026-09-21,603130,38.500,37,142450
2026-09-21,603131,13.960,193,269428
2026-09-21,603132,18.080,559,1010672
2026-09-21,603135,8.780,183,160674
2026-09-21,603136,9.200,4413,4059960
2026-09-21,603137,20.600,2371,4884260
2026-09-21,603138,15.990,13774,22024626
2026-09-21,603139,37.930,661,2507173
2026-09-21,603150,68.950,58,399910
2026-09-21,603151,16.690,108,180252
2026-09-21,603153,13.150,54,71010
2026-09-21,603155,15.100,1075,1623250
2026-09-21,603156,44.110,2021,8914631
2026-09-21,603158,10.410,169,175929
2026-09-21,603159,22.390,1001,2241239
2026-09-21,603160,53.100,234,1240310
2026-09-21,603161,15.220,56,85232
2026-09-21,603162,13.900,3614,5024127
2026-09-21,603163,84.990,193,1640307
2026-09-21,603165,13.500,405,546750
2026-09-21,603166,11.020,371,408842
2026-09-21,603167,8.070,80,64560
2026-09-21,603168,5.700,1020,581400
2026-09-21,603169,6.210,299,185679
2026-09-21,603170,11.870,188,223156
2026-09-21,603171,39.660,619,2454954
2026-09-21,603172,18.550,29,53795
2026-09-21,603175,99.150,187,1854105
2026-09-21,603176,5.150,449,231235
2026-09-21,603177,11.340,826,936684
2026-09-21,603178,15.830,251,397333
2026-09-21,603179,39.920,400,1596800
2026-09-21,603180,15.190,20,30380
2026-09-21,603181,12.430,53,65879
2026-09-21,603182,13.170,27,35559
2026-09-21,603183,5.110,2859,1460949
2026-09-21,603185,14.470,1251,1810197
2026-09-21,603186,228.180,1353,30872754
2026-09-21,603187,10.750,72,77400
2026-09-21,603188,4.480,233,104384
2026-09-21,603190,15.570,183,284931
2026-09-21,603191,13.580,577,783566
2026-09-21,603192,20.160,28,56448
2026-09-21,603193,19.990,78,155922
2026-09-21,603194,33.630,15,50445
2026-09-21,603195,38.100,29,110490
2026-09-21,603196,19.250,82,157850
2026-09-21,603197,28.880,90,259920
2026-09-21,603198,37.440,164,614016
2026-09-21,603199,32.800,11,36080
2026-09-21,603200,39.570,714,2825298
2026-09-21,603201,15.140,66,99924
2026-09-21,603202,51.590,38,196042
2026-09-21,603203,47.550,802,3813510
2026-09-21,603205,21.850,252,550620
2026-09-21,603206,13.600,59,80240
2026-09-21,603207,23.950,364,871780
2026-09-21,603208,10.780,89,95942
2026-09-21,603209,14.600,74,108040
2026-09-21,603210,13.030,89,115967
2026-09-21,603211,20.170,240,484080
2026-09-21,603212,11.940,797,951618
2026-09-21,603213,13.460,484,651464
2026-09-21,603214,13.110,107,140277
2026-09-21,603215,14.080,111,156288
2026-09-21,603216,19.950,887,1769565
2026-09-21,603217,27.200,77,209440
2026-09-21,603218,9.360,434,406224
2026-09-21,603219,12.990,43,55857
2026-09-21,603220,18.260,612,1117512
2026-09-21,603221,31.650,2830,8956950
2026-09-21,603222,7.800,129,100620
2026-09-21,603223,9.990,184,183816
2026-09-21,603225,17.000,535,909500
2026-09-21,603226,39.090,5460,21343140
2026-09-21,603227,7.440,52,38688
2026-09-21,603228,106.020,3639,38580678
2026-09-21,603229,7.570,24,18168
2026-09-21,603230,14.830,64563,95747166
2026-09-21,603231,16.870,60,101220
2026-09-21,603232,16.320,4671,7623072
2026-09-21,603233,18.380,90,165420
2026-09-21,603235,24.940,23,57362
2026-09-21,603236,72.100,1047,7548870
2026-09-21,603237,14.810,55,81455
2026-09-21,603238,11.880,242,287496
2026-09-21,603239,13.880,13,18044
2026-09-21,603248,25.680,19066,48961411
2026-09-21,603255,32.520,279,907308
2026-09-21,603256,150.000,3378,50670000
2026-09-21,603257,70.900,361,2559490
2026-09-21,603258,13.050,249,324945
2026-09-21,603259,161.990,3652,59158748
2026-09-21,603260,32.750,333,1090575
2026-09-21,603261,52.470,22,115434
2026-09-21,603262,18.200,49,89180
2026-09-21,603266,16.860,1207,2035002
2026-09-21,603267,52.890,2635,13936515
2026-09-21,603268,209.900,469,9844310
2026-09-21,603269,26.550,1870,4964850
2026-09-21,603270,36.820,276,1016232
2026-09-21,603271,38.800,60,232800
2026-09-21,603273,14.350,364,522340
2026-09-21,603275,36.430,138,502734
2026-09-21,603276,17.980,255,458490
2026-09-21,603277,11.210,203,227563
2026-09-21,603278,9.050,115,104075
2026-09-21,603279,11.160,167,186372
2026-09-21,603280,25.880,27,69876
2026-09-21,603281,18.640,61,113704
2026-09-21,603282,16.130,92,148396
2026-09-21,603283,47.860,900,4307400
2026-09-21,603284,41.170,96,395232
2026-09-21,603285,37.870,85,321895
2026-09-21,603286,44.660,138,616308
2026-09-21,603288,33.850,294,995190
2026-09-21,603289,9.550,114,108870
2026-09-21,603290,89.100,339,3020490
2026-09-21,603291,8.980,74,66452
2026-09-21,603293,37.890,302,1144278
2026-09-21,603296,80.750,1046,8444835
2026-09-21,603297,112.910,30,338730
2026-09-21,603298,23.520,235,552720
2026-09-21,603299,8.680,125,108500
2026-09-21,603300,4.630,928,429664
2026-09-21,603301,82.020,81,664362
2026-09-21,603303,27.700,92,254840
2026-09-21,603305,11.140,415,462310
2026-09-21,603306,83.550,740,6182700
2026-09-21,603307,24.470,42,102774
2026-09-21,603308,43.500,1206,5246970
2026-09-21,603309,10.820,57,61674
2026-09-21,603310,14.800,61,90280
2026-09-21,603311,25.990,126,327474
2026-09-21,603312,31.610,3,9483
2026-09-21,603313,6.810,699,476019
2026-09-21,603315,10.860,185,200910
2026-09-21,603316,17.460,18957,33098922
2026-09-21,603317,12.800,120,153600
2026-09-21,603318,9.020,3811,3437522
2026-09-21,603319,29.680,299,887432
2026-09-21,603320,18.350,51,93585
2026-09-21,603321,7.410,3778,2799498
2026-09-21,603322,33.000,325,1072500
2026-09-21,603323,4.390,718,315202
2026-09-21,603324,26.990,113,304987
2026-09-21,603325,52.380,25,130950
2026-09-21,603326,7.240,266,192584
2026-09-21,603327,8.410,726,610566
2026-09-21,603328,13.010,4622,6013222
2026-09-21,603329,9.950,209,207955
2026-09-21,603330,9.650,4413,4258545
2026-09-21,603331,12.840,275,353100
2026-09-21,603332,11.500,57,65550
2026-09-21,603333,9.430,247,232921
2026-09-21,603334,31.390,108,339012
2026-09-21,603335,6.250,536,335000
2026-09-21,603336,10.300,967,996010
2026-09-21,603337,36.530,29,105937
2026-09-21,603338,54.250,17,92225
2026-09-21,603339,12.850,935,1201475
2026-09-21,603341,35.600,442,1573520
2026-09-21,603344,24.060,90,216540
2026-09-21,603345,78.990,536,4233864
2026-09-21,603348,13.890,99,137511
2026-09-21,603350,27.950,35,97825
2026-09-21,603351,25.210,43,108403
2026-09-21,603352,25.640,10,25640
2026-09-21,603353,49.280,3197,15754816
2026-09-21,603355,29.450,190,559550
2026-09-21,603356,17.100,144,246240
2026-09-21,603357,5.840,53,30952
2026-09-21,603358,45.000,145,652500
2026-09-21,603360,12.980,820,1064360
2026-09-21,603363,2.910,3300,960300
2026-09-21,603365,16.250,95,154375
2026-09-21,603366,7.200,2412,1736640
2026-09-21,603367,13.940,181,252314
2026-09-21,603368,15.450,106,163770
2026-09-21,603369,27.620,204,563448
2026-09-21,603370,27.800,49,136220
2026-09-21,603373,40.580,110,446380
2026-09-21,603375,53.010,1596,8460396
2026-09-21,603376,27.420,241,660822
2026-09-21,603379,51.150,78,398970
2026-09-21,603380,35.020,52,182104
2026-09-21,603381,14.640,74,108336
2026-09-21,603382,18.860,25,47150
2026-09-21,603383,27.100,133,360430
2026-09-21,603385,5.430,169,91767
2026-09-21,603386,17.820,731,1303355
2026-09-21,603387,9.480,417,395316
2026-09-21,603389,48.120,161,774732
2026-09-21,603390,10.730,422,452806
2026-09-21,603391,66.990,14,93786
2026-09-21,603392,25.500,160,408000
2026-09-21,603393,24.890,192,477888
2026-09-21,603395,25.580,1266,3238428
2026-09-21,603396,28.000,461,1290800
2026-09-21,603399,13.840,1487,2058008
2026-09-21,603402,65.000,1333,8666710
2026-09-21,603406,27.650,74,204610
2026-09-21,603407,58.580,485,2841130
2026-09-21,603408,11.920,33,39336
2026-09-21,603409,17.750,23,40719
2026-09-21,603416,46.810,56,262136
2026-09-21,603418,45.970,163,749311
2026-09-21,603421,6.860,5946,4078956
2026-09-21,603435,50.120,155,776860
2026-09-21,603439,13.510,3867,5224317
2026-09-21,603444,347.650,83,2885495
2026-09-21,603456,15.660,668,1046088
2026-09-21,603458,10.770,519,558963
2026-09-21,603459,89.620,531,4758822
2026-09-21,603466,12.720,3072,3907584
2026-09-21,603468,22.700,1390,3155164
2026-09-21,603477,14.470,505,730735
2026-09-21,603486,49.940,199,996003
2026-09-21,603488,8.060,311,250666
2026-09-21,603489,28.800,111,319680
2026-09-21,603496,23.450,521,1221745
2026-09-21,603499,13.750,73,100375
2026-09-21,603500,9.140,200,182800
2026-09-21,603501,81.360,516,4198176
2026-09-21,603505,15.420,566,872772
2026-09-21,603506,11.540,101,116554
2026-09-21,603507,24.220,778,1885043
2026-09-21,603508,21.020,17,35734
2026-09-21,603515,14.690,184,270296
2026-09-21,603516,87.510,177,1551290
2026-09-21,603518,7.620,188,143256
2026-09-21,603519,15.560,254,395224
2026-09-21,603520,8.410,69,58029
2026-09-21,603527,9.920,411,407712
2026-09-21,603528,6.380,563,359194
2026-09-21,603529,21.400,119,254660
2026-09-21,603530,45.480,853,3879444
2026-09-21,603533,23.520,974,2290848
2026-09-21,603535,6.130,289,177157
2026-09-21,603536,9.830,116,114028
2026-09-21,603538,27.070,3638,9849149
2026-09-21,603551,9.320,218,203176
2026-09-21,603556,23.460,77,180642
2026-09-21,603558,13.190,509,671371
2026-09-21,603559,9.350,798,746130
2026-09-21,603565,11.670,573,668691
2026-09-21,603566,10.140,258,261612
2026-09-21,603567,5.310,361,191691
2026-09-21,603568,13.440,197,264768
2026-09-21,603569,5.770,80,46160
2026-09-21,603590,28.800,84,241920
2026-09-21,603596,28.200,965,2722541
2026-09-21,603598,17.450,486,848070
2026-09-21,603599,10.460,91,95186
2026-09-21,603600,10.130,249,252237
2026-09-21,603601,10.230,6071,6210633
2026-09-21,603602,11.410,53,60473
2026-09-21,603605,55.850,171,955035
2026-09-21,603606,35.800,431,1544412
2026-09-21,603607,24.030,677,1626831
2026-09-21,603608,21.700,890,1931300
2026-09-21,603609,6.320,122,77104
2026-09-21,603610,13.750,101,138875
2026-09-21,603611,15.840,39,61776
2026-09-21,603612,16.600,118,195880
2026-09-21,603613,21.200,942,1997040
2026-09-21,603615,19.810,691,1368871
2026-09-21,603616,5.490,319,175131
2026-09-21,603617,6.660,345,229770
2026-09-21,603618,40.100,4845,19428450
2026-09-21,603619,21.030,3422,7196466
2026-09-21,603626,23.050,17957,41390885
2026-09-21,603628,10.460,433,452918
2026-09-21,603629,112.510,1277,14369777
2026-09-21,603630,13.500,610,823500
2026-09-21,603633,6.420,1211,777462
2026-09-21,603636,6.970,3201,2231097
2026-09-21,603637,14.780,514,759692
2026-09-21,603638,18.310,237,433947
2026-09-21,603639,10.350,27,27945
2026-09-21,603648,9.370,335,313895
2026-09-21,603650,73.880,2391,17664708
2026-09-21,603655,30.800,68,209440
2026-09-21,603656,17.330,58,100514
2026-09-21,603657,35.580,237,843246
2026-09-21,603658,32.170,84,270228
2026-09-21,603659,22.250,643,1430675
2026-09-21,603660,9.680,1188,1149984
2026-09-21,603661,33.340,473,1576982
2026-09-21,603662,49.000,213,1043700
2026-09-21,603663,47.070,3202,15069461
2026-09-21,603665,21.480,147,315756
2026-09-21,603666,25.990,36,93564
2026-09-21,603667,51.090,502,2564718
2026-09-21,603668,12.920,2062,2664104
2026-09-21,603669,5.570,2044,1138508
2026-09-21,603676,8.810,124,109244
2026-09-21,603677,14.160,123,174168
2026-09-21,603678,52.010,3088,16060688
2026-09-21,603679,25.480,2352,5992896
2026-09-21,603680,10.570,1260,1331820
2026-09-21,603681,19.340,225,435150
2026-09-21,603682,9.690,741,718029
2026-09-21,603683,16.480,720,1186560
2026-09-21,603685,27.530,47,129391
2026-09-21,603686,16.850,26081,43946485
2026-09-21,603687,15.960,806,1286376
2026-09-21,603688,49.990,1232,6158768
2026-09-21,603689,7.600,405,307800
2026-09-21,603690,24.500,835,2045750
2026-09-21,603693,12.330,609,750897
2026-09-21,603696,13.940,1064,1483216
2026-09-21,603697,9.080,97,88076
2026-09-21,603698,21.980,465,1022070
2026-09-21,603699,44.800,113,506240
2026-09-21,603700,11.190,54,60426
2026-09-21,603701,19.900,8,15920
2026-09-21,603703,10.260,419,429894
2026-09-21,603706,17.020,48,81696
2026-09-21,603707,7.470,47,35109
2026-09-21,603708,8.950,234,209430
2026-09-21,603709,12.260,212,259912
2026-09-21,603711,11.650,17,19805
2026-09-21,603712,11.320,199,225268
2026-09-21,603713,65.080,45,292860
2026-09-21,603716,16.440,754,1239576
2026-09-21,603717,5.770,414,238878
2026-09-21,603719,8.890,164,145796
2026-09-21,603721,18.260,311,567886
2026-09-21,603722,29.090,75,218175
2026-09-21,603725,11.930,1963,2341859
2026-09-21,603726,24.200,126,304920
2026-09-21,603727,17.780,353,627634
2026-09-21,603728,50.090,575,2880175
2026-09-21,603730,9.700,156,151320
2026-09-21,603733,19.040,413,786352
2026-09-21,603737,20.610,801,1650861
2026-09-21,603738,38.200,1584,6050880
2026-09-21,603739,12.240,68,83232
2026-09-21,603755,24.100,12,28920
2026-09-21,603757,67.800,263,1783140
2026-09-21,603758,10.680,148,158064
2026-09-21,603759,7.800,833,649740
2026-09-21,603766,14.810,183,271023
2026-09-21,603767,13.390,89,119171
2026-09-21,603768,11.350,283,321205
2026-09-21,603773,94.990,3338,31707662
2026-09-21,603776,19.550,38,74290
2026-09-21,603777,13.260,272,360672
2026-09-21,603778,9.010,3604,3247204
2026-09-21,603779,8.210,430,353030
2026-09-21,603786,37.690,46,173374
2026-09-21,603787,10.050,42,42210
2026-09-21,603788,13.580,48,65184
2026-09-21,603790,24.450,150,366750
2026-09-21,603797,4.630,54,25002
2026-09-21,603798,13.090,80,104720
2026-09-21,603799,35.850,2358,8453430
2026-09-21,603800,59.320,74,438968
2026-09-21,603801,5.880,256,150528
2026-09-21,603803,11.660,535,623810
2026-09-21,603806,14.470,645,933315
2026-09-21,603808,8.620,26,22412
2026-09-21,603809,8.560,322,275632
2026-09-21,603810,11.670,158,184386
2026-09-21,603811,6.810,152,103512
2026-09-21,603813,27.710,312,864552
2026-09-21,603815,5.190,52,26988
2026-09-21,603816,22.410,182,407862
2026-09-21,603817,5.730,541,309993
2026-09-21,603818,4.100,2880,1180800
2026-09-21,603819,15.900,299,475410
2026-09-21,603823,55.200,1223,6750960
2026-09-21,603826,16.480,391,644368
2026-09-21,603829,15.630,211,329793
2026-09-21,603833,28.710,172,493812
2026-09-21,603836,9.210,47,43287
2026-09-21,603839,6.640,163,108232
2026-09-21,603848,13.170,95,125115
2026-09-21,603855,16.700,4,6680
2026-09-21,603856,11.410,32,36512
2026-09-21,603858,14.530,262,380686
2026-09-21,603859,38.760,154,596904
2026-09-21,603860,25.200,48,120960
2026-09-21,603861,11.300,335,378550
2026-09-21,603863,12.400,63,78120
2026-09-21,603866,4.150,880,365200
2026-09-21,603867,32.900,368,1210720
2026-09-21,603868,31.710,132,418572
2026-09-21,603871,12.330,473,583209
2026-09-21,603876,19.060,449,855032
2026-09-21,603877,11.810,132,155892
2026-09-21,603878,4.900,81,39690
2026-09-21,603879,4.920,223,109716
2026-09-21,603880,8.880,1119,993672
2026-09-21,603881,24.280,874,2122072
2026-09-21,603882,27.990,1514,4237686
2026-09-21,603883,12.620,347,437914
2026-09-21,603885,10.110,523,528753
2026-09-21,603886,12.080,389,469912
2026-09-21,603887,8.890,338,300482
2026-09-21,603888,18.210,12410,22598610
2026-09-21,603889,6.170,280,172760
2026-09-21,603890,17.410,947,1648727
2026-09-21,603893,190.040,578,10979941
2026-09-21,603895,25.720,30,77160
2026-09-21,603896,14.210,153,217413
2026-09-21,603897,30.600,269,823140
2026-09-21,603898,10.900,42,45780
2026-09-21,603899,21.700,115,249550
2026-09-21,603900,6.820,4125,2813250
2026-09-21,603901,9.300,710,660300
2026-09-21,603903,14.030,68,95404
2026-09-21,603906,18.290,308,563332
2026-09-21,603908,18.330,189,346437
2026-09-21,603909,9.610,89,85529
2026-09-21,603912,8.700,1012,880440
2026-09-21,603915,13.140,39,51246
2026-09-21,603916,10.830,97,105051
2026-09-21,603917,13.710,279,382509
2026-09-21,603918,10.890,3754,4088106
2026-09-21,603919,16.220,90,145980
2026-09-21,603920,43.810,1020,4468620
2026-09-21,603926,17.230,155,267065
2026-09-21,603927,13.710,242,331782
2026-09-21,603928,12.090,442,534378
2026-09-21,603929,164.800,183,3015840
2026-09-21,603931,36.220,338,1224236
2026-09-21,603933,19.530,55,107415
2026-09-21,603936,21.350,1386,2959110
2026-09-21,603937,11.600,26,30160
2026-09-21,603938,50.830,1623,8249709
2026-09-21,603939,22.760,30,68280
2026-09-21,603948,19.550,22,43010
2026-09-21,603949,13.880,9,12492
2026-09-21,603950,59.000,601,3545900
2026-09-21,603955,23.280,53,123384
2026-09-21,603956,7.030,2253,1583859
2026-09-21,603958,16.720,551,921272
2026-09-21,603960,17.040,2259,3849336
2026-09-21,603966,7.320,53,38796
2026-09-21,603967,11.670,20,23340
2026-09-21,603968,10.350,36,37260
2026-09-21,603969,7.610,10,7610
2026-09-21,603970,10.910,71,77461
2026-09-21,603976,30.500,138,420900
2026-09-21,603977,11.320,85,96220
2026-09-21,603978,22.850,1305,2981925
2026-09-21,603979,73.330,128,938624
2026-09-21,603980,8.820,9349,8245818
2026-09-21,603982,6.210,607,376947
2026-09-21,603983,29.150,247,720005
2026-09-21,603985,17.000,324,550800
2026-09-21,603986,396.000,5593,221492304
2026-09-21,603987,7.370,125,92125
2026-09-21,603988,18.360,43,78948
2026-09-21,603989,34.700,4725,16397450
2026-09-21,603990,20.280,719,1458132
2026-09-21,603991,180.070,73,1314511
2026-09-21,603992,20.130,191,384483
2026-09-21,603993,17.520,5130,8987760
2026-09-21,603995,25.940,149,386506
2026-09-21,603997,12.800,5149,6590720
2026-09-21,603998,10.470,339,354933
2026-09-21,603999,6.660,6040,4022640
2026-09-21,605001,5.680,244,138592
2026-09-21,605003,23.900,135,322650
2026-09-21,605005,16.360,3,4908
2026-09-21,605006,16.590,5266,8736294
2026-09-21,605007,15.210,260,395460
2026-09-21,605008,14.340,98,140532
2026-09-21,605009,24.610,35,86135
2026-09-21,605011,18.050,1302,2350110
2026-09-21,605016,20.700,49,101430
2026-09-21,605018,11.520,49,56448
2026-09-21,605020,32.200,307,988540
2026-09-21,605028,24.150,7,16905
2026-09-21,605033,18.580,207,384606
2026-09-21,605050,10.350,128,132480
2026-09-21,605055,9.010,330,297330
2026-09-21,605056,13.420,146,195932
2026-09-21,605058,48.000,5759,27643680
2026-09-21,605060,39.530,75,296475
2026-09-21,605066,6.750,100,67500
2026-09-21,605068,19.630,192,376896
2026-09-21,605069,12.370,1412,1746644
2026-09-21,605077,11.370,827,940299
2026-09-21,605080,22.880,11,25168
2026-09-21,605086,23.740,21,49854
2026-09-21,605088,24.170,6911,16703887
2026-09-21,605218,14.180,345,489210
2026-09-21,605222,22.380,329,736302
2026-09-21,605228,10.680,257,274476
2026-09-21,605255,61.140,31,189534
2026-09-21,605258,37.790,307,1160153
2026-09-21,605259,17.400,14,24360
2026-09-21,605266,15.340,40,61360
2026-09-21,605268,9.590,103,98777
2026-09-21,605277,17.530,592,1037776
2026-09-21,605286,25.480,171,435708
2026-09-21,605376,143.500,1411,20247850
2026-09-21,605377,8.090,141,114069
2026-09-21,605378,14.850,758,1125630
2026-09-21,605388,5.850,6,3510
2026-09-21,605389,66.490,129,857721
2026-09-21,605398,20.890,494,1031966
2026-09-21,605399,11.300,15,16950
2026-09-21,605488,29.970,133,398601
2026-09-21,605499,111.600,128,1425132
2026-09-21,605500,7.390,137,101243
2026-09-21,605507,18.300,1449,2651670
2026-09-21,605555,12.640,340,429760
2026-09-21,605566,27.950,282,788190
2026-09-21,605567,8.990,205,184295
2026-09-21,605577,15.750,11413,17975475
2026-09-21,605580,22.650,947,2144955
2026-09-21,605588,47.150,90,424350
2026-09-21,605589,41.190,2324,9572556
2026-09-21,605598,25.010,108,270108
2026-09-21,605599,14.270,489,697803
2026-09-22,000001,11.700,6073,7105410
2026-09-22,000002,3.570,118004,42127471
2026-09-22,000006,7.150,1512,1081080
2026-09-22,000007,11.670,63,73521
2026-09-22,000008,2.440,746,182024
2026-09-22,000009,7.030,3365,2365595
2026-09-22,000011,9.680,948,917664
2026-09-22,000012,3.780,2229,842638
2026-09-22,000014,10.940,817,893798
2026-09-22,000017,7.900,12773,10090670
2026-09-22,000019,7.130,631,449903
2026-09-22,000020,14.420,4985,7188370
2026-09-22,000021,37.840,7711,29178424
2026-09-22,000025,15.250,57,86925
2026-09-22,000026,19.800,227,449460
2026-09-22,000027,6.280,850,533800
2026-09-22,000028,20.020,142,283884
2026-09-22,000029,21.020,598,1256996
2026-09-22,000030,3.960,242,95832
2026-09-22,000031,2.320,12410,2879120
2026-09-22,000032,14.730,1974,2907702
2026-09-22,000034,23.710,1826,4329446
2026-09-22,000035,5.030,1526,767578
2026-09-22,000036,4.060,4127,1675562
2026-09-22,000037,9.500,522,495900
2026-09-22,000039,9.360,200,187200
2026-09-22,000042,8.530,713,608189
2026-09-22,000045,11.260,1617,1820742
2026-09-22,000048,18.160,816,1481856
2026-09-22,000049,22.430,229,513647
2026-09-22,000050,6.730,822,553206
2026-09-22,000055,3.850,4764,1834140
2026-09-22,000058,7.300,353,257690
2026-09-22,000059,5.700,5439,3100230
2026-09-22,000060,6.210,10024,6224904
2026-09-22,000061,6.120,441,269892
2026-09-22,000062,23.840,2309,5504656
2026-09-22,000063,33.290,5226,17397354
2026-09-22,000065,10.150,1232,1250480
2026-09-22,000066,16.320,196223,320235871
2026-09-22,000068,3.300,1469,484770
2026-09-22,000069,1.890,22140,4184460
2026-09-22,000070,19.400,28794,55860127
2026-09-22,000088,4.560,528,240768
2026-09-22,000089,6.630,256,169728
2026-09-22,000090,3.620,3641,1318042
2026-09-22,000096,8.050,70,56350
2026-09-22,000099,13.050,375,489375
2026-09-22,000100,5.090,13791,7019619
2026-09-22,000151,10.160,501,509016
2026-09-22,000153,6.250,461,288125
2026-09-22,000155,11.700,1456,1703520
2026-09-22,000156,7.180,1798,1290964
2026-09-22,000157,6.210,1332,827172
2026-09-22,000158,13.050,6344,8278920
2026-09-22,000159,5.500,546,300300
2026-09-22,000166,4.470,1294,578418
2026-09-22,000301,13.930,867,1207731
2026-09-22,000333,80.710,3002,24229142
2026-09-22,000338,27.300,3425,9351342
2026-09-22,000400,20.450,511,1044995
2026-09-22,000401,3.570,1162,414834
2026-09-22,000402,2.720,36333,9882576
2026-09-22,000403,9.950,294,292530
2026-09-22,000404,6.920,218,151202
2026-09-22,000407,4.220,355,149810
2026-09-22,000408,73.000,1047,7643100
2026-09-22,000409,9.040,97,87688
2026-09-22,000410,5.440,17231,9373664
2026-09-22,000411,10.140,39,39546
2026-09-22,000415,4.320,2469,1066608
2026-09-22,000417,5.850,1140,666900
2026-09-22,000419,5.070,596,302172
2026-09-22,000420,3.570,1819,649383
2026-09-22,000421,5.740,371,212954
2026-09-22,000422,12.050,1089,1312245
2026-09-22,000423,45.650,174,794310
2026-09-22,000425,7.410,7629,5653089
2026-09-22,000426,35.360,4183,14791088
2026-09-22,000428,4.350,8921,3880635
2026-09-22,000516,4.350,387,168345
2026-09-22,000517,2.050,2307,472935
2026-09-22,000518,3.860,849,327714
2026-09-22,000519,15.630,2139,3343257
2026-09-22,000520,4.280,2201,942028
2026-09-22,000537,7.550,365,275575
2026-09-22,000538,51.090,314,1604226
2026-09-22,000539,5.220,1577,823194
2026-09-22,000541,4.960,319,158224
2026-09-22,000543,7.300,317,231410
2026-09-22,000544,7.290,123,89667
2026-09-22,000545,2.280,6723,1532844
2026-09-22,000546,4.500,2276,1024200
2026-09-22,000547,15.030,1980,2975940
2026-09-22,000548,4.670,233,108811
2026-09-22,000550,16.620,164,272568
2026-09-22,000551,12.550,681,854655
2026-09-22,000552,2.510,4028,1011028
2026-09-22,000553,5.650,708,400020
2026-09-22,000554,6.410,1351,865991
2026-09-22,000555,10.630,1355,1440365
2026-09-22,000557,3.720,320,119040
2026-09-22,000558,3.670,661,242587
2026-09-22,000559,11.780,27745,32683610
2026-09-22,000560,3.300,129482,42729060
2026-09-22,000561,8.100,1065,862650
2026-09-22,000563,2.960,1796,531616
2026-09-22,000564,1.540,6724,1035428
2026-09-22,000565,6.780,614,416292
2026-09-22,000566,5.200,29195,15181400
2026-09-22,000567,6.280,623,391244
2026-09-22,000568,72.100,735,5299350
2026-09-22,000570,5.330,985,525005
2026-09-22,000571,6.660,673,448218
2026-09-22,000572,4.360,19306,8417416
2026-09-22,000573,3.860,728,281008
2026-09-22,000576,8.570,503,431071
2026-09-22,000581,18.010,183,329583
2026-09-22,000582,9.830,5309,5218747
2026-09-22,000586,14.440,456,658464
2026-09-22,000589,4.270,799,341173
2026-09-22,000590,9.110,40,36440
2026-09-22,000591,4.300,1437,617910
2026-09-22,000592,8.420,15744,13256448
2026-09-22,000593,22.860,2198,5024628
2026-09-22,000595,5.340,399,213066
2026-09-22,000596,94.590,261,2468799
2026-09-22,000597,4.900,810,396900
2026-09-22,000598,7.030,209,146927
2026-09-22,000599,4.580,201,92058
2026-09-22,000600,7.340,539,395626
2026-09-22,000601,6.170,1382,852694
2026-09-22,000603,34.180,1726,5899468
2026-09-22,000605,5.950,403,239785
2026-09-22,000607,4.980,28174,14030542
2026-09-22,000608,7.320,4249,3110268
2026-09-22,000612,11.320,1003,1135396
2026-09-22,000617,6.940,5851,4060594
2026-09-22,000619,5.160,1005,518580
2026-09-22,000620,3.290,30734,10111486
2026-09-22,000623,17.760,522,927072
2026-09-22,000625,7.150,676,483340
2026-09-22,000626,9.090,261,237249
2026-09-22,000628,60.500,415,2510750
2026-09-22,000629,2.930,4198,1230058
2026-09-22,000630,6.110,9614,5874154
2026-09-22,000631,3.030,1093,331179
2026-09-22,000633,5.310,1960,1040760
2026-09-22,000635,7.440,460,342240
2026-09-22,000636,59.520,12219,72730404
2026-09-22,000637,4.250,1125,478125
2026-09-22,000650,5.310,891,473121
2026-09-22,000651,37.900,7795,29543050
2026-09-22,000652,3.410,160,54560
2026-09-22,000655,7.240,46,33304
2026-09-22,000656,1.250,100264,12533000
2026-09-22,000657,61.000,3424,20886400
2026-09-22,000659,2.810,1121,315001
2026-09-22,000661,73.820,232,1712624
2026-09-22,000663,6.060,295,178770
2026-09-22,000665,4.080,240,97920
2026-09-22,000668,19.160,210,402360
2026-09-22,000670,7.900,4459,3522610
2026-09-22,000672,15.590,1532,2388388
2026-09-22,000676,7.340,38983,28613522
2026-09-22,000678,9.050,176,159280
2026-09-22,000679,6.610,322,212842
2026-09-22,000680,9.380,1422,1333836
2026-09-22,000681,16.550,1165,1928075
2026-09-22,000682,10.760,653,702628
2026-09-22,000683,5.760,1155,665280
2026-09-22,000685,10.980,462,507276
2026-09-22,000686,7.840,272,213248
2026-09-22,000688,26.040,770,2005080
2026-09-22,000690,5.220,1313,685386
2026-09-22,000691,9.260,312,288912
2026-09-22,000692,4.260,721,307146
2026-09-22,000695,13.130,1072,1407536
2026-09-22,000697,9.230,39,35997
2026-09-22,000700,12.490,3403,4250347
2026-09-22,000701,5.250,1153,605325
2026-09-22,000702,5.830,903,526449
2026-09-22,000703,16.780,4257,7143246
2026-09-22,000705,7.210,88,63448
2026-09-22,000707,4.540,271,123034
2026-09-22,000708,12.820,603,773046
2026-09-22,000709,2.080,940,195520
2026-09-22,000710,9.280,8066,7485248
2026-09-22,000711,5.150,15745,8108675
2026-09-22,000712,10.360,6093,6312348
2026-09-22,000713,6.970,7326,5106222
2026-09-22,000715,5.450,93,50685
2026-09-22,000716,5.150,933,480495
2026-09-22,000717,2.200,669,147180
2026-09-22,000718,2.070,2380,492660
2026-09-22,000719,12.020,153,183906
2026-09-22,000720,4.060,1646,668276
2026-09-22,000721,6.400,3290,2105600
2026-09-22,000722,14.280,1433,2046324
2026-09-22,000723,3.600,1890,680400
2026-09-22,000725,6.120,92403,56550612
2026-09-22,000726,6.170,933,575661
2026-09-22,000727,2.300,4905,1128150
2026-09-22,000728,7.520,1627,1223504
2026-09-22,000729,11.100,1203,1335330
2026-09-22,000731,8.160,5003,4082448
2026-09-22,000733,41.950,768,3221760
2026-09-22,000735,6.030,4913,2962539
2026-09-22,000736,4.710,3271,1540641
2026-09-22,000737,14.580,6886,10039788
2026-09-22,000738,19.630,540,1060020
2026-09-22,000739,24.520,844,2069488
2026-09-22,000750,3.710,904,335384
2026-09-22,000751,4.690,436,204484
2026-09-22,000753,5.250,3577,1877925
2026-09-22,000755,4.720,152,71744
2026-09-22,000756,16.140,71598,115559253
2026-09-22,000757,4.310,479,206449
2026-09-22,000758,6.040,3507,2118228
2026-09-22,000759,6.790,7842,5324718
2026-09-22,000761,2.340,1262,295308
2026-09-22,000762,22.150,243,538245
2026-09-22,000766,15.750,269,423675
2026-09-22,000767,3.450,1994,687930
2026-09-22,000768,23.050,1216,2802880
2026-09-22,000776,20.980,3479,7298942
2026-09-22,000777,16.830,33,55539
2026-09-22,000778,3.630,1487,539781
2026-09-22,000779,8.990,1184,1064416
2026-09-22,000782,8.290,321,266109
2026-09-22,000783,8.530,8235,7024293
2026-09-22,000785,2.320,1757,407624
2026-09-22,000786,16.210,887,1437827
2026-09-22,000788,5.550,1233,684315
2026-09-22,000789,4.150,791,328265
2026-09-22,000790,4.320,12370,5343840
2026-09-22,000791,7.300,316,230680
2026-09-22,000792,24.850,1672,4154920
2026-09-22,000795,8.340,689,574626
2026-09-22,000796,3.850,10221,3935085
2026-09-22,000797,2.700,6732,1817640
2026-09-22,000798,10.290,4458,4587282
2026-09-22,000799,37.600,381,1432560
2026-09-22,000800,5.930,492,291756
2026-09-22,000801,12.200,131,159820
2026-09-22,000802,4.060,4090,1660540
2026-09-22,000803,7.220,22,15884
2026-09-22,000807,26.580,2910,7734780
2026-09-22,000809,3.550,1537,545635
2026-09-22,000810,9.750,615,599625
2026-09-22,000811,40.800,5125,20908898
2026-09-22,000812,3.850,1436,552860
2026-09-22,000813,3.340,2906,970604
2026-09-22,000815,16.000,4226,6761600
2026-09-22,000816,2.940,1529,449526
2026-09-22,000818,12.300,2117,2603910
2026-09-22,000819,12.350,109,134615
2026-09-22,000820,3.590,516,185244
2026-09-22,000822,4.360,23,10028
2026-09-22,000823,25.000,22100,55250000
2026-09-22,000825,3.450,1879,648141
2026-09-22,000828,10.120,146,147752
2026-09-22,000829,9.680,15256,14767808
2026-09-22,000830,11.900,1444,1718360
2026-09-22,000831,55.800,1881,10495980
2026-09-22,000833,20.000,947,1894000
2026-09-22,000837,9.850,166,163510
2026-09-22,000839,2.890,5610,1621290
2026-09-22,000848,8.170,332,271244
2026-09-22,000850,4.270,2690,1148630
2026-09-22,000852,5.590,380,212420
2026-09-22,000856,8.860,140,124040
2026-09-22,000858,70.180,859,6028462
2026-09-22,000859,9.750,5657,5515575
2026-09-22,000860,10.640,452,480928
2026-09-22,000862,5.540,241,133514
2026-09-22,000863,4.740,928,439872
2026-09-22,000868,3.960,5355,2120580
2026-09-22,000869,16.780,430,721540
2026-09-22,000875,4.820,1719,828558
2026-09-22,000876,7.230,3983,2879709
2026-09-22,000877,3.740,1003,375122
2026-09-22,000878,16.960,2448,4151808
2026-09-22,000880,26.160,795,2079720
2026-09-22,000881,6.600,279,184140
2026-09-22,000882,1.620,16276,2636712
2026-09-22,000883,4.430,369,163467
2026-09-22,000885,11.780,75,88350
2026-09-22,000886,4.760,489,232764
2026-09-22,000887,19.640,791,1553524
2026-09-22,000895,23.260,388,902488
2026-09-22,000897,1.940,14474,2807956
2026-09-22,000898,2.060,568,117008
2026-09-22,000899,9.450,526,497070
2026-09-22,000900,3.590,311,111649
2026-09-22,000901,14.500,331,479950
2026-09-22,000902,14.030,353,495259
2026-09-22,000905,9.380,663,621894
2026-09-22,000906,6.240,448,279552
2026-09-22,000908,6.220,303,188466
2026-09-22,000910,6.030,24892,15009876
2026-09-22,000912,4.150,1784,740360
2026-09-22,000913,10.810,156,168636
2026-09-22,000915,24.220,177,428694
2026-09-22,000917,7.050,869,612645
2026-09-22,000919,6.700,405,271350
2026-09-22,000920,12.940,2663,3445922
2026-09-22,000921,26.390,365,963235
2026-09-22,000922,12.200,54,65880
2026-09-22,000923,16.450,272,447440
2026-09-22,000925,8.210,1686,1384206
2026-09-22,000926,2.170,1686,365862
2026-09-22,000927,2.500,1271,317750
2026-09-22,000928,5.470,879,480813
2026-09-22,000960,34.020,1772,6028412
2026-09-22,000962,63.000,1038,6539400
2026-09-22,000963,26.660,1389,3703074
2026-09-22,000965,3.370,2223,749151
2026-09-22,000966,4.050,568,230040
2026-09-22,000967,8.390,16125,13528875
2026-09-22,000968,7.100,1738,1233980
2026-09-22,000969,17.560,604,1060624
2026-09-22,000970,11.780,1624,1913072
2026-09-22,000972,4.080,1639,668712
2026-09-22,000981,2.960,63220,18712972
2026-09-22,000983,6.570,3547,2330379
2026-09-22,000985,17.570,74,130018
2026-09-22,000987,7.480,1393,1041964
2026-09-22,000988,111.000,6280,69710331
2026-09-22,000989,8.950,257,230015
2026-09-22,000990,6.690,892,597016
2026-09-22,000993,20.800,18294,38051520
2026-09-22,001202,15.050,29,43645
2026-09-22,001203,24.890,565,1406285
2026-09-22,001205,14.500,147,213150
2026-09-22,001206,17.150,120,205800
2026-09-22,001207,17.880,103,184164
2026-09-22,001208,14.990,4928,7387072
2026-09-22,001209,19.320,966,1866312
2026-09-22,001210,30.000,290,870000
2026-09-22,001211,26.100,993,2591730
2026-09-22,001212,38.580,507,1956006
2026-09-22,001230,19.370,9,17433
2026-09-22,001231,22.630,115,260245
2026-09-22,001232,197.040,430,8474296
2026-09-22,001233,48.870,1309,6397083
2026-09-22,001234,28.730,4420,12699436
2026-09-22,001258,11.190,2516,2815404
2026-09-22,001259,49.300,260,1281800
2026-09-22,001260,18.560,102,189312
2026-09-22,001266,34.710,92,319332
2026-09-22,001267,39.630,3517,13937871
2026-09-22,001286,9.600,371,356160
2026-09-22,001287,25.640,3102,7953528
2026-09-22,001288,30.710,157,482147
2026-09-22,001289,15.050,70,105350
2026-09-22,001296,20.050,596,1194980
2026-09-22,001376,13.870,15291,21208617
2026-09-22,001378,23.900,690,1649100
2026-09-22,001379,15.980,113,180574
2026-09-22,001380,18.900,50,94500
2026-09-22,001382,16.700,24,40080
2026-09-22,001386,16.300,275,448250
2026-09-22,001387,11.800,78,92040
2026-09-22,001388,20.850,141,293985
2026-09-22,001389,200.010,9464,189283064
2026-09-22,001390,17.620,248,436976
2026-09-22,001391,4.010,3193,1280393
2026-09-22,001393,43.150,115,496225
2026-09-22,001395,29.890,54,161406
2026-09-22,001396,32.740,96,314304
2026-09-22,001399,24.300,8509,20676870
2026-09-22,001400,76.140,38,289332
2026-09-22,001696,15.580,1255,1955290
2026-09-22,001872,23.100,77,177870
2026-09-22,001896,12.130,2341,2839633
2026-09-22,001914,9.120,514,468768
2026-09-22,001965,9.690,1362,1319778
2026-09-22,001979,7.290,12424,9057096
2026-09-22,002001,26.620,1134,3018708
2026-09-22,002003,11.430,135,154305
2026-09-22,002004,4.530,1875,849375
2026-09-22,002005,2.640,4957,1308648
2026-09-22,002006,13.540,118,159772
2026-09-22,002007,13.260,1497,1985022
2026-09-22,002008,98.490,2321,22859529
2026-09-22,002009,15.800,332,524560
2026-09-22,002010,4.600,157,72220
2026-09-22,002011,14.760,2752,4061952
2026-09-22,002012,7.430,216,160488
2026-09-22,002014,11.030,55,60665
2026-09-22,002015,16.040,3125,5012500
2026-09-22,002016,4.700,305,143350
2026-09-22,002017,15.060,3005,4525530
2026-09-22,002019,9.630,536,516168
2026-09-22,002020,11.730,739,866847
2026-09-22,002021,2.680,262,70216
2026-09-22,002022,5.980,8167,4883866
2026-09-22,002023,9.970,1228,1224316
2026-09-22,002025,75.000,474,3555000
2026-09-22,002026,11.120,1802,2003824
2026-09-22,002027,4.770,5179,2470383
2026-09-22,002028,139.020,249,3462432
2026-09-22,002029,9.160,6412,5873392
2026-09-22,002030,5.580,1161,647838
2026-09-22,002031,5.230,6815,3564245
2026-09-22,002032,39.220,52,203944
2026-09-22,002033,8.520,760,647520
2026-09-22,002034,14.570,129,187953
2026-09-22,002035,4.660,1198,558268
2026-09-22,002036,6.360,570,362520
2026-09-22,002037,7.240,2424,1754976
2026-09-22,002038,5.890,1794,1056666
2026-09-22,002039,19.330,56,108248
2026-09-22,002040,9.550,2053,1960615
2026-09-22,002041,10.500,4026,4227300
2026-09-22,002042,4.150,15974,6629210
2026-09-22,002043,11.400,456,519840
2026-09-22,002044,4.520,14555,6578860
2026-09-22,002045,9.320,7294,6798008
2026-09-22,002046,65.030,971,6314413
2026-09-22,002047,3.460,404,139784
2026-09-22,002048,18.890,1082,2043898
2026-09-22,002049,61.980,1325,8212350
2026-09-22,002050,36.570,5882,21510474
2026-09-22,002051,9.100,4211,3832010
2026-09-22,002052,8.560,67,57352
2026-09-22,002053,9.730,166,161518
2026-09-22,002054,7.210,345,248745
2026-09-22,002056,20.440,838,1712872
2026-09-22,002057,9.150,850,777750
2026-09-22,002058,17.840,1070,1908880
2026-09-22,002059,4.620,5444,2515128
2026-09-22,002060,3.050,429,130845
2026-09-22,002061,3.370,277,93349
2026-09-22,002062,9.700,975,945750
2026-09-22,002063,5.430,666,361638
2026-09-22,002064,10.120,656,663872
2026-09-22,002065,6.840,4303,2943252
2026-09-22,002066,20.120,51,102612
2026-09-22,002067,4.200,1263,530460
2026-09-22,002068,9.780,2005,1960890
2026-09-22,002069,3.810,1236,470916
2026-09-22,002072,7.270,796,578692
2026-09-22,002073,5.750,396,227700
2026-09-22,002074,27.120,3089,8377368
2026-09-22,002075,3.590,806,289354
2026-09-22,002076,2.180,454,98972
2026-09-22,002077,14.660,4731,6935646
2026-09-22,002078,13.880,993,1378284
2026-09-22,002079,9.260,3775,3495650
2026-09-22,002080,65.960,29633,195459268
2026-09-22,002081,5.080,20857,10595320
2026-09-22,002083,9.820,1752,1720464
2026-09-22,002084,6.130,25970,15919610
2026-09-22,002085,9.550,3452,3296660
2026-09-22,002086,2.100,5176,1086960
2026-09-22,002088,8.180,36,29448
2026-09-22,002090,9.200,99,91080
2026-09-22,002091,7.610,267,203187
2026-09-22,002092,4.580,1708,782264
2026-09-22,002093,7.430,1754,1303222
2026-09-22,002094,5.490,7724,4240476
2026-09-22,002095,16.030,1009,1617427
2026-09-22,002096,9.370,221,207077
2026-09-22,002097,7.120,1391,990392
2026-09-22,002098,8.290,180,149220
2026-09-22,002099,5.500,1426,784300
2026-09-22,002100,7.920,1284,1016928
2026-09-22,002101,8.860,152,134672
2026-09-22,002103,6.650,253,168245
2026-09-22,002104,11.860,14901,17672586
2026-09-22,002105,6.070,74,44918
2026-09-22,002106,12.500,2289,2861250
2026-09-22,002107,7.230,4830,3492090
2026-09-22,002108,4.440,532,236208
2026-09-22,002110,2.950,118,34810
2026-09-22,002111,9.460,510,482460
2026-09-22,002112,14.750,207,305325
2026-09-22,002114,7.350,111,81585
2026-09-22,002115,10.190,1176,1198344
2026-09-22,002116,7.250,58,42050
2026-09-22,002117,7.900,266,210140
2026-09-22,002119,25.220,2726,6874972
2026-09-22,002120,7.020,3116,2187432
2026-09-22,002121,4.530,4627,2096031
2026-09-22,002123,8.100,5253,4254930
2026-09-22,002124,2.150,97171,20891765
2026-09-22,002125,12.240,363,444312
2026-09-22,002126,39.140,206,806284
2026-09-22,002127,3.040,4142,1259168
2026-09-22,002128,27.500,326,896500
2026-09-22,002129,9.080,5390,4894120
2026-09-22,002130,17.250,592,1021200
2026-09-22,002131,4.590,25599,11749941
2026-09-22,002132,4.310,795,342645
2026-09-22,002133,2.930,1167,341931
2026-09-22,002134,27.110,1300,3524300
2026-09-22,002135,6.150,172,105780
2026-09-22,002136,12.030,67,80601
2026-09-22,002137,8.590,3778,3245302
2026-09-22,002138,54.500,3105,16922250
2026-09-22,002139,9.770,371,362467
2026-09-22,002140,9.590,688,659792
2026-09-22,002141,6.820,12600,8593200
2026-09-22,002142,34.720,1252,4346944
2026-09-22,002144,10.820,142,153644
2026-09-22,002145,4.850,6131,2973535
2026-09-22,002146,1.240,41965,5203660
2026-09-22,002148,6.360,106,67416
2026-09-22,002149,34.300,392,1344560
2026-09-22,002150,21.550,580,1249900
2026-09-22,002151,29.500,671,1979450
2026-09-22,002152,9.400,1896,1782240
2026-09-22,002153,7.930,1925,1526525
2026-09-22,002154,3.880,461,178868
2026-09-22,002155,25.260,4333,10945158
2026-09-22,002156,64.500,32529,209812050
2026-09-22,002157,3.060,9189,2811834
2026-09-22,002158,28.960,255,738480
2026-09-22,002159,13.750,201,276375
2026-09-22,002160,3.960,141,55836
2026-09-22,002161,7.170,6506,4664802
2026-09-22,002162,4.300,11010,4734300
2026-09-22,002163,8.010,2101,1682901
2026-09-22,002164,11.350,1705,1935175
2026-09-22,002165,7.330,4200,3078600
2026-09-22,002166,6.830,255,174165
2026-09-22,002167,16.840,2810,4732040
2026-09-22,002169,15.100,7150,10796500
2026-09-22,002170,10.980,316,346968
2026-09-22,002171,10.900,2008,2188720
2026-09-22,002172,5.990,69821,41822779
2026-09-22,002173,18.400,6047,11126480
2026-09-22,002174,14.680,1895,2781860
2026-09-22,002176,8.570,622,533054
2026-09-22,002177,5.800,727,421660
2026-09-22,002178,5.250,58454,30688350
2026-09-22,002179,36.000,1445,5202000
2026-09-22,002180,17.500,3035,5311250
2026-09-22,002181,9.610,7983,7671663
2026-09-22,002182,11.720,141,165252
2026-09-22,002183,4.420,2258,998036
2026-09-22,002184,10.010,120,120120
2026-09-22,002185,18.910,81884,154842644
2026-09-22,002186,9.600,97,93120
2026-09-22,002187,5.730,351,201123
2026-09-22,002188,5.560,1677,932412
2026-09-22,002189,19.600,106,207760
2026-09-22,002190,24.490,255,624495
2026-09-22,002191,3.670,786,288462
2026-09-22,002192,61.950,832,5154240
2026-09-22,002194,11.300,3334,3767420
2026-09-22,002195,6.250,2940,1837500
2026-09-22,002196,10.340,626,647284
2026-09-22,002197,6.740,1164,784536
2026-09-22,002235,8.120,619,502628
2026-09-22,002236,15.880,1972,3131536
2026-09-22,002237,13.740,917,1259958
2026-09-22,002238,6.350,54,34290
2026-09-22,002239,2.540,5682,1443228
2026-09-22,002240,27.400,1661,4551140
2026-09-22,002241,25.000,40768,101920000
2026-09-22,002242,9.440,1128,1064832
2026-09-22,002243,7.150,807,577005
2026-09-22,002244,8.750,6668,5834500
2026-09-22,002293,10.860,46,49956
2026-09-22,002294,31.400,760,2386400
2026-09-22,002295,10.400,1183,1230320
2026-09-22,002296,9.560,590,564040
2026-09-22,002297,22.660,3558,8062428
2026-09-22,002311,42.190,83,350177
2026-09-22,002312,8.650,1348,1166020
2026-09-22,002313,8.480,71,60208
2026-09-22,002314,2.320,6151,1427032
2026-09-22,002315,24.590,640,1573760
2026-09-22,002382,5.970,629,375513
2026-09-22,002383,8.060,1831,1475786
2026-09-22,002384,200.040,9889,197816555
2026-09-22,002385,3.240,7126,2308824
2026-09-22,002386,6.120,2195,1343340
2026-09-22,002387,7.110,189,134379
2026-09-22,002388,8.460,23828,20158488
2026-09-22,002389,19.190,515,988285
2026-09-22,002390,3.040,671,203984
2026-09-22,002391,5.270,269,141763
2026-09-22,002430,26.000,420,1092000
2026-09-22,002432,64.000,2195,14048000
2026-09-22,002434,6.100,3071,1873310
2026-09-22,002436,48.250,30070,145087750
2026-09-22,002437,3.770,75117,28319109
2026-09-22,002438,13.810,81,111861
2026-09-22,002439,14.190,1439,2041941
2026-09-22,002440,12.390,2338,2896782
2026-09-22,002441,8.170,260,212420
2026-09-22,002442,5.690,3597,2046693
2026-09-22,002443,13.450,6900,9280500
2026-09-22,002444,28.700,693,1988910
2026-09-22,002445,3.200,741,237120
2026-09-22,002446,8.350,1647,1375245
2026-09-22,002448,11.490,577,662973
2026-09-22,002449,6.720,1118,751296
2026-09-22,002451,7.730,356,275188
2026-09-22,002452,12.300,168,206640
2026-09-22,002453,5.830,73539,42873237
2026-09-22,002454,5.100,427,217770
2026-09-22,002455,7.160,308,220528
2026-09-22,002456,7.080,1993,1411044
2026-09-22,002457,11.720,758,888376
2026-09-22,002458,8.440,1056,891264
2026-09-22,002459,6.990,2913,2036187
2026-09-22,002460,46.560,2017,9391152
2026-09-22,002461,8.380,304,254752
2026-09-22,002462,12.370,14,17318
2026-09-22,002463,128.000,3565,45632000
2026-09-22,002465,10.420,1581,1647402
2026-09-22,002466,43.230,1388,6000324
2026-09-22,002467,4.650,1180,548700
2026-09-22,002468,15.130,3974,6012662
2026-09-22,002469,6.200,66,40920
2026-09-22,002470,2.160,23297,5032152
2026-09-22,002471,5.960,5666,3376936
2026-09-22,002472,37.810,753,2847093
2026-09-22,002474,6.510,1628,1059828
2026-09-22,002475,54.980,5548,30502904
2026-09-22,002476,5.070,548,277836
2026-09-22,002478,6.610,419,276959
2026-09-22,002479,5.860,352,206272
2026-09-22,002480,5.240,297,155628
2026-09-22,002481,4.350,584,254040
2026-09-22,002482,1.430,39922,5708856
2026-09-22,002483,6.260,568,355568
2026-09-22,002484,61.800,3241,20029380
2026-09-22,002486,2.850,524,149340
2026-09-22,002487,39.690,4897,19436193
2026-09-22,002488,7.760,383,297208
2026-09-22,002489,3.100,1853,574430
2026-09-22,002490,7.280,1579,1149512
2026-09-22,002491,24.860,22001,54694486
2026-09-22,002492,6.280,1070,671960
2026-09-22,002493,13.040,1806,2355024
2026-09-22,002494,4.790,4198,2010842
2026-09-22,002495,2.440,476,116144
2026-09-22,002496,2.170,625,135625
2026-09-22,002497,16.830,645,1085535
2026-09-22,002498,6.610,4199,2775539
2026-09-22,002500,5.280,488,257664
2026-09-22,002506,2.530,8727,2207931
2026-09-22,002507,11.160,443,494388
2026-09-22,002508,16.360,631,1032316
2026-09-22,002510,5.870,787,461969
2026-09-22,002511,7.130,447,318711
2026-09-22,002513,5.430,436,236748
2026-09-22,002515,7.950,3465,2754675
2026-09-22,002516,5.770,1266,730482
2026-09-22,002517,16.850,1177,1983245
2026-09-22,002518,39.950,2414,9643930
2026-09-22,002519,6.160,2585,1592360
2026-09-22,002520,6.430,768,493824
2026-09-22,002521,6.370,458,291746
2026-09-22,002522,6.180,5254,3246972
2026-09-22,002523,3.440,657,226008
2026-09-22,002524,4.090,785,321065
2026-09-22,002526,2.680,1160,310880
2026-09-22,002527,10.800,312,336960
2026-09-22,002529,6.690,297,198693
2026-09-22,002530,7.300,1217,888410
2026-09-22,002531,7.620,10455,7966710
2026-09-22,002532,12.560,4442,5578612
2026-09-22,002533,11.060,966,1068396
2026-09-22,002534,17.050,237,404085
2026-09-22,002535,2.480,1345,333560
2026-09-22,002536,54.700,6550,35828500
2026-09-22,002537,6.020,3024,1820448
2026-09-22,002539,12.500,242,302500
2026-09-22,002540,5.020,96,48192
2026-09-22,002541,18.740,195,365430
2026-09-22,002543,7.270,664,482728
2026-09-22,002544,16.330,268,437644
2026-09-22,002545,16.000,391,625600
2026-09-22,002546,7.660,1265,968990
2026-09-22,002548,4.150,1080,448200
2026-09-22,002549,13.620,414,563868
2026-09-22,002550,6.570,368,241776
2026-09-22,002551,3.370,3108,1047396
2026-09-22,002552,54.770,1695,9283515
2026-09-22,002553,15.920,392,624064
2026-09-22,002554,2.850,823,234555
2026-09-22,002555,17.740,1015,1800610
2026-09-22,002556,5.240,531,278244
2026-09-22,002557,18.120,150,271800
2026-09-22,002558,24.150,4431,10700865
2026-09-22,002559,9.310,540,502740
2026-09-22,002560,7.490,5002,3746161
2026-09-22,002561,7.560,872,659232
2026-09-22,002562,4.930,643,316999
2026-09-22,002563,5.450,167,91015
2026-09-22,002564,5.000,2509,1254500
2026-09-22,002565,9.340,10419,9731346
2026-09-22,002566,7.190,297,213543
2026-09-22,002567,3.840,830,318720
2026-09-22,002568,18.200,358,651560
2026-09-22,002570,4.490,182,81718
2026-09-22,002571,11.100,21,23310
2026-09-22,002572,7.450,458,341210
2026-09-22,002573,3.170,326,103342
2026-09-22,002574,5.130,116,59508
2026-09-22,002575,5.220,3503,1828566
2026-09-22,002576,14.430,99,142857
2026-09-22,002577,22.400,1648,3691520
2026-09-22,002578,4.190,613,256847
2026-09-22,002579,19.660,7575,14892450
2026-09-22,002580,19.750,1222,2413450
2026-09-22,002582,9.800,1084,1062320
2026-09-22,002583,8.280,717,593676
2026-09-22,002584,9.640,15482,14924648
2026-09-22,002585,12.490,51071,63787679
2026-09-22,002586,3.760,110,41360
2026-09-22,002587,5.390,1644,886116
2026-09-22,002588,7.810,606,473286
2026-09-22,002589,3.810,118158,45018354
2026-09-22,002590,9.710,149,144679
2026-09-22,002591,6.380,447,285186
2026-09-22,002593,4.620,756,349272
2026-09-22,002594,85.590,1920,16433280
2026-09-22,002595,39.860,75,300744
2026-09-22,002596,3.480,6792,2363616
2026-09-22,002597,22.030,63,138789
2026-09-22,002599,5.540,98,54292
2026-09-22,002600,12.590,4812,6058308
2026-09-22,002601,15.410,183,282003
2026-09-22,002602,14.610,8919,13030659
2026-09-22,002603,15.570,1283,1997631
2026-09-22,002605,16.940,163,276122
2026-09-22,002606,12.790,495,633105
2026-09-22,002607,1.930,12101,2335493
2026-09-22,002608,7.420,573,425166
2026-09-22,002609,7.840,28,21952
2026-09-22,002611,14.120,709,1001108
2026-09-22,002612,17.550,280,491400
2026-09-22,002613,3.650,5199,1897635
2026-09-22,002614,6.880,41362,28457400
2026-09-22,002615,6.290,668,420172
2026-09-22,002616,4.900,71,34790
2026-09-22,002617,7.120,14974,10661488
2026-09-22,002622,2.720,21589,5872208
2026-09-22,002623,19.790,7542,14925618
2026-09-22,002624,10.050,1223,1229115
2026-09-22,002625,27.510,1022,2811522
2026-09-22,002626,16.650,146,243090
2026-09-22,002627,6.820,888,605616
2026-09-22,002628,5.270,378,199206
2026-09-22,002629,4.360,1326,578136
2026-09-22,002631,14.420,8047,11603774
2026-09-22,002632,9.960,2476,2466096
2026-09-22,002633,14.240,295,420080
2026-09-22,002635,15.330,1151,1764483
2026-09-22,002636,82.700,3291,27216570
2026-09-22,002637,11.360,622,706592
2026-09-22,002638,4.300,328,141040
2026-09-22,002639,14.100,8741,12324810
2026-09-22,002640,3.800,29686,11280680
2026-09-22,002641,3.860,81,31266
2026-09-22,002642,7.060,303,213918
2026-09-22,002643,13.530,527,713031
2026-09-22,002644,8.510,66,56166
2026-09-22,002645,19.000,2612,4962800
2026-09-22,002646,7.040,309,217536
2026-09-22,002647,11.330,275,311575
2026-09-22,002648,27.140,718,1948652
2026-09-22,002649,9.450,512,483840
2026-09-22,002651,8.470,226,191422
2026-09-22,002652,4.750,992,471200
2026-09-22,002653,67.000,318,2130600
2026-09-22,002654,14.240,1978,2816672
2026-09-22,002655,40.100,922,3697220
2026-09-22,002656,2.830,1187,335921
2026-09-22,002657,15.850,496,786160
2026-09-22,002658,7.470,117,87399
2026-09-22,002659,4.660,205,95530
2026-09-22,002660,8.180,76,62168
2026-09-22,002661,7.680,463,355584
2026-09-22,002662,3.220,436,140392
2026-09-22,002663,1.760,729,128304
2026-09-22,002664,15.230,406,618338
2026-09-22,002666,4.290,281,120549
2026-09-22,002668,8.950,423,378585
2026-09-22,002669,14.340,8784,12596256
2026-09-22,002670,11.900,955,1136450
2026-09-22,002671,4.040,75,30300
2026-09-22,002672,3.670,571,209557
2026-09-22,002673,6.820,761,519002
2026-09-22,002674,20.490,880,1803120
2026-09-22,002675,12.720,269,342168
2026-09-22,002688,5.270,99,52173
2026-09-22,002690,15.550,66,102630
2026-09-22,002692,4.310,425,183175
2026-09-22,002693,9.420,3280,3089760
2026-09-22,002695,10.600,94,99640
2026-09-22,002696,6.830,2077,1418591
2026-09-22,002697,4.740,290,137460
2026-09-22,002698,11.490,336,386064
2026-09-22,002700,6.500,787,511550
2026-09-22,002701,4.410,747,329427
2026-09-22,002702,5.670,1522,862974
2026-09-22,002703,15.700,1103,1731710
2026-09-22,002705,11.710,638,747098
2026-09-22,002706,8.900,2586,2301540
2026-09-22,002707,5.250,539,282975
2026-09-22,002708,17.290,1808,3126032
2026-09-22,002709,33.650,1325,4458625
2026-09-22,002712,5.120,1634,836608
2026-09-22,002713,11.150,3980,4437700
2026-09-22,002772,11.140,353,393242
2026-09-22,002773,20.350,306,622710
2026-09-22,002774,16.630,1162,1932406
2026-09-22,002775,3.320,849,281868
2026-09-22,002777,12.700,329,417830
2026-09-22,002778,16.090,107,172163
2026-09-22,002779,85.300,117,998010
2026-09-22,002780,14.900,1034,1540660
2026-09-22,002782,15.630,320,500160
2026-09-22,002783,8.170,758,619286
2026-09-22,002843,16.520,602,994504
2026-09-22,002845,14.500,437,633650
2026-09-22,002846,11.750,1464,1720200
2026-09-22,002847,44.100,126,555660
2026-09-22,002848,15.650,676,1057940
2026-09-22,002849,20.680,5703,11793804
2026-09-22,002850,176.000,38,668800
2026-09-22,002851,126.270,1155,14584185
2026-09-22,002852,8.240,596,491104
2026-09-22,002853,22.080,2,4416
2026-09-22,002878,12.760,209,266684
2026-09-22,002879,16.970,294,498918
2026-09-22,002880,21.420,248,531216
2026-09-22,002881,46.790,461,2157019
2026-09-22,002882,23.130,828,1915164
2026-09-22,002884,15.540,53,82362
2026-09-22,002885,29.430,454,1336122
2026-09-22,002886,27.240,3298,8983752
2026-09-22,002887,9.190,133,122227
2026-09-22,002888,19.010,65,123565
2026-09-22,002912,23.930,2048,4900864
2026-09-22,002913,84.500,1041,8796450
2026-09-22,002915,17.560,714,1253784
2026-09-22,002916,410.000,1140,46740000
2026-09-22,002917,10.370,117,121329
2026-09-22,002918,11.410,1588,1811908
2026-09-22,002919,17.030,89,151567
2026-09-22,002920,84.850,159,1349115
2026-09-22,002921,20.710,93,192603
2026-09-22,002922,23.850,635,1514475
2026-09-22,002923,11.350,430,488050
2026-09-22,002925,24.800,437,1083760
2026-09-22,002926,8.360,1798,1503128
2026-09-22,002927,20.200,2097,4235940
2026-09-22,002928,6.550,2552,1671560
2026-09-22,002929,52.660,189,995274
2026-09-22,002930,9.200,36,33120
2026-09-22,002931,41.800,140,585200
2026-09-22,002933,27.680,77,213136
2026-09-22,002935,16.180,87,140766
2026-09-22,002936,1.740,2346,408204
2026-09-22,002937,27.420,35,95970
2026-09-22,002938,91.500,925,8463750
2026-09-22,002939,7.920,1594,1262448
2026-09-22,002940,23.720,410,972520
2026-09-22,002941,10.590,51,54009
2026-09-22,002942,17.000,154,261800
2026-09-22,002943,31.100,179,556690
2026-09-22,002945,14.620,1209,1767558
2026-09-22,002946,14.450,121,174845
2026-09-22,002947,68.630,279,1914777
2026-09-22,002948,6.050,1783,1078715
2026-09-22,002949,13.390,1126,1507714
2026-09-22,002950,8.640,342,295488
2026-09-22,002951,16.140,40,64560
2026-09-22,002952,19.470,117,227799
2026-09-22,002953,10.780,871,938938
2026-09-22,002955,38.980,170,662660
2026-09-22,002956,18.250,193,352225
2026-09-22,002957,43.520,1334,5805568
2026-09-22,002958,2.940,2994,880236
2026-09-22,002959,32.150,49,157535
2026-09-22,002960,8.930,487,434891
2026-09-22,002961,21.310,1360,2898160
2026-09-22,002962,13.720,296,406112
2026-09-22,002963,23.330,1286,3000238
2026-09-22,002965,33.940,4814,16338716
2026-09-22,002966,9.150,1119,1023885
2026-09-22,002967,17.150,201,344715
2026-09-22,002968,9.650,614,592510
2026-09-22,002969,11.550,1213,1401015
2026-09-22,002970,44.300,263,1165090
2026-09-22,002971,41.550,1394,5792070
2026-09-22,002972,13.200,202,266640
2026-09-22,002973,12.970,343,444871
2026-09-22,002975,110.000,981,10791000
2026-09-22,002976,26.970,1304,3516888
2026-09-22,002978,25.420,41,104222
2026-09-22,002979,54.660,255,1393830
2026-09-22,002980,117.550,2400,28212000
2026-09-22,002981,26.600,448,1191680
2026-09-22,002982,12.630,367,463521
2026-09-22,002983,23.640,227,536628
2026-09-22,002984,13.080,89,116412
2026-09-22,002985,28.000,141,394800
2026-09-22,002986,13.110,230,301530
2026-09-22,002987,11.110,414,459954
2026-09-22,002988,31.900,206,657140
2026-09-22,002989,25.400,474,1203960
2026-09-22,002990,52.500,481,2525250
2026-09-22,002991,38.070,26,98982
2026-09-22,002992,33.860,62,209932
2026-09-22,002993,36.900,194,715860
2026-09-22,002995,17.600,545,959200
2026-09-22,002996,6.020,147,88494
2026-09-22,002997,26.920,82,220744
2026-09-22,002998,8.010,826,661626
2026-09-22,002999,6.570,969,636633
2026-09-22,003000,9.500,197,187150
2026-09-22,003001,20.720,2065,4278680
2026-09-22,003002,16.800,447,750960
2026-09-22,003003,10.940,101,110494
2026-09-22,003004,61.370,93,570741
2026-09-22,003005,15.000,663,994500
2026-09-22,003006,21.450,2140,4590300
2026-09-22,003007,41.740,37,154438
2026-09-22,003008,19.400,57,110580
2026-09-22,003009,48.260,106,511556
2026-09-22,003010,29.460,89,262194
2026-09-22,003011,19.640,169,331916
2026-09-22,003012,4.620,333,153846
2026-09-22,003013,16.730,2662,4453526
2026-09-22,003015,12.690,167,211923
2026-09-22,003016,7.580,104,78832
2026-09-22,003017,23.260,94,218644
2026-09-22,003018,51.010,2007,10237707
2026-09-22,003019,28.660,313,897058
2026-09-22,003020,17.670,374,660858
2026-09-22,003021,70.290,63,442827
2026-09-22,003022,19.740,268,529032
2026-09-22,003023,25.650,88,225720
2026-09-22,003025,12.160,12,14592
2026-09-22,003026,37.520,8325,31235400
2026-09-22,003027,16.570,29,48053
2026-09-22,003028,23.710,110,260810
2026-09-22,003029,17.910,436,780876
2026-09-22,003030,25.900,8,20720
2026-09-22,003031,138.580,553,7663474
2026-09-22,003032,9.430,3641,3433463
2026-09-22,003033,86.000,215,1849000
2026-09-22,003035,5.590,727,406393
2026-09-22,003036,54.560,154,840224
2026-09-22,003037,5.830,380,221540
2026-09-22,003038,10.800,47,50760
2026-09-22,003039,13.110,158,207138
2026-09-22,003040,17.470,24293,42439871
2026-09-22,003041,43.240,677,2927348
2026-09-22,003042,14.410,36,51876
2026-09-22,003043,65.470,226,1479622
2026-09-22,003816,4.230,1266,535518
2026-09-22,600000,9.030,5745,5187735
2026-09-22,600004,7.680,182,139776
2026-09-22,600006,5.330,254,135382
2026-09-22,600007,19.970,140,279580
2026-09-22,600008,2.760,1403,387228
2026-09-22,600009,22.870,677,1548299
2026-09-22,600010,2.150,37274,8013910
2026-09-22,600011,6.780,1760,1193280
2026-09-22,600012,15.380,479,736702
2026-09-22,600015,6.230,3227,2010421
2026-09-22,600016,3.490,9036,3153564
2026-09-22,600017,2.840,740,210160
2026-09-22,600018,5.420,770,417340
2026-09-22,600019,5.770,1776,1024752
2026-09-22,600020,3.840,210,80640
2026-09-22,600021,13.430,845,1134835
2026-09-22,600022,1.320,16009,2113228
2026-09-22,600023,5.010,1655,829155
2026-09-22,600025,9.650,2250,2171250
2026-09-22,600026,22.330,12953,28924451
2026-09-22,600027,4.780,1402,670156
2026-09-22,600028,5.270,6505,3428135
2026-09-22,600029,4.980,5956,2966088
2026-09-22,600030,26.830,3858,10351014
2026-09-22,600031,17.830,4140,7381620
2026-09-22,600032,7.080,461,326388
2026-09-22,600033,3.630,1698,616374
2026-09-22,600035,3.660,390,142740
2026-09-22,600036,40.970,1159,4748423
2026-09-22,600037,7.110,711,505521
2026-09-22,600038,27.580,75,206850
2026-09-22,600039,8.760,273,239148
2026-09-22,600048,5.630,30820,17351660
2026-09-22,600050,4.220,2627,1108594
2026-09-22,600051,6.260,483,302358
2026-09-22,600052,3.740,511,191114
2026-09-22,600054,10.910,391,426581
2026-09-22,600055,10.550,642,677310
2026-09-22,600056,9.090,685,622665
2026-09-22,600057,6.180,1083,669294
2026-09-22,600058,9.120,209,190608
2026-09-22,600059,11.200,12844,14385280
2026-09-22,600060,26.640,417,1110888
2026-09-22,600061,6.340,1074,680916
2026-09-22,600062,16.080,389,625512
2026-09-22,600063,5.680,2733,1552344
2026-09-22,600064,7.810,926,723206
2026-09-22,600066,25.710,4388,11281548
2026-09-22,600067,2.700,2878,777060
2026-09-22,600071,16.800,83,139440
2026-09-22,600072,9.100,606,551460
2026-09-22,600073,5.550,511,283605
2026-09-22,600075,4.700,2381,1119070
2026-09-22,600076,2.300,15268,3511640
2026-09-22,600078,10.420,272,283424
2026-09-22,600081,10.360,30,31080
2026-09-22,600085,23.580,202,476316
2026-09-22,600088,14.520,6539,9494628
2026-09-22,600089,18.350,2464,4521440
2026-09-22,600094,4.140,1366,565528
2026-09-22,600095,9.160,7604,6965264
2026-09-22,600096,28.300,639,1808370
2026-09-22,600097,9.370,40,37480
2026-09-22,600098,6.220,1139,708458
2026-09-22,600099,9.270,323,299421
2026-09-22,600100,6.900,560,386400
2026-09-22,600101,8.040,264,212256
2026-09-22,600103,3.850,16155,6219675
2026-09-22,600104,11.080,1780,1972240
2026-09-22,600105,47.460,7883,37412718
2026-09-22,600106,4.460,148,66008
2026-09-22,600108,4.300,26242,11284060
2026-09-22,600109,8.370,2486,2080782
2026-09-22,600110,12.550,13015,16333825
2026-09-22,600111,38.080,2355,8967840
2026-09-22,600113,30.180,109,328962
2026-09-22,600114,27.980,658,1841084
2026-09-22,600115,3.470,11296,3919712
2026-09-22,600116,6.160,201,123816
2026-09-22,600117,2.220,556,123432
2026-09-22,600167,5.660,217,122822
2026-09-22,600168,4.360,369,160884
2026-09-22,600170,2.250,9315,2095875
2026-09-22,600171,23.380,1129,2639602
2026-09-22,600172,16.500,10607,17501550
2026-09-22,600173,5.990,147,88053
2026-09-22,600176,46.100,22974,105911615
2026-09-22,600177,8.110,785,636635
2026-09-22,600178,9.660,72,69552
2026-09-22,600179,4.580,563,257854
2026-09-22,600182,12.810,148,189588
2026-09-22,600183,149.500,7011,104814450
2026-09-22,600184,21.090,1525,3216225
2026-09-22,600185,4.890,888,434232
2026-09-22,600186,12.700,11312,14366240
2026-09-22,600229,5.840,1554,907536
2026-09-22,600230,13.830,2,2766
2026-09-22,600231,1.720,1181,203132
2026-09-22,600232,6.560,81,53136
2026-09-22,600233,18.260,734,1340284
2026-09-22,600234,22.090,10,22090
2026-09-22,600235,5.880,186,109368
2026-09-22,600236,9.620,107,102934
2026-09-22,600237,9.620,2151,2069262
2026-09-22,600241,7.330,36,26388
2026-09-22,600352,12.240,996,1219104
2026-09-22,600353,33.960,2424,8231904
2026-09-22,600354,10.390,14821,15399019
2026-09-22,600356,10.210,1086,1108806
2026-09-22,600358,5.120,270,138240
2026-09-22,600359,7.990,2603,2079797
2026-09-22,600360,11.610,12463,14469543
2026-09-22,600361,3.540,1673,592242
2026-09-22,600362,44.680,4266,19060488
2026-09-22,600363,16.070,889,1428623
2026-09-22,600366,11.460,2312,2649552
2026-09-22,600367,37.850,2131,8065835
2026-09-22,600368,4.090,312,127608
2026-09-22,600369,3.990,1435,572565
2026-09-22,600371,16.110,14064,22657104
2026-09-22,600372,11.490,1065,1223685
2026-09-22,600373,7.670,10862,8331154
2026-09-22,600375,3.740,727,271898
2026-09-22,600376,3.270,6663,2178801
2026-09-22,600377,12.500,241,301250
2026-09-22,600378,48.200,2188,10546160
2026-09-22,600379,15.060,509,766554
2026-09-22,600380,9.400,791,743540
2026-09-22,600382,6.190,4318,2672842
2026-09-22,600383,2.430,102364,24874452
2026-09-22,600386,3.600,205,73800
2026-09-22,600388,17.740,131,232394
2026-09-22,600389,19.100,599,1144090
2026-09-22,600390,4.950,870,430650
2026-09-22,600391,43.690,2755,12036595
2026-09-22,600392,22.400,5438,12181120
2026-09-22,600395,5.130,968,496584
2026-09-22,600396,13.710,4232,5802072
2026-09-22,600397,17.300,2242,3878660
2026-09-22,600398,5.750,963,553725
2026-09-22,600399,4.560,473,215688
2026-09-22,600400,3.550,4779,1696545
2026-09-22,600403,6.850,6420,4397700
2026-09-22,600405,5.030,119,59857
2026-09-22,600406,22.130,1492,3301796
2026-09-22,600408,3.110,1103,343033
2026-09-22,600409,6.510,642,417942
2026-09-22,600410,17.020,17720,30159440
2026-09-22,600415,11.900,2301,2738190
2026-09-22,600416,8.670,919,796773
2026-09-22,600418,19.380,2929,5676402
2026-09-22,600419,8.850,312,276120
2026-09-22,600420,8.440,1018,859192
2026-09-22,600422,8.340,112,93408
2026-09-22,600425,3.700,718,265660
2026-09-22,600426,20.390,1370,2792614
2026-09-22,600428,11.510,972,1118772
2026-09-22,600429,4.600,227,104420
2026-09-22,600433,3.390,534,181026
2026-09-22,600435,11.900,1005,1195950
2026-09-22,600436,120.260,207,2489382
2026-09-22,600438,11.600,1435,1664600
2026-09-22,600444,14.260,168,239568
2026-09-22,600446,11.150,2031,2264565
2026-09-22,600448,4.200,235964,99105014
2026-09-22,600449,13.200,1497,1976040
2026-09-22,600452,9.200,3335,3068200
2026-09-22,600455,23.970,191,457827
2026-09-22,600456,25.930,276,715668
2026-09-22,600458,11.380,618,703284
2026-09-22,600459,19.420,498,967116
2026-09-22,600460,33.850,3776,12781760
2026-09-22,600461,8.880,235,208680
2026-09-22,600463,8.270,282,233214
2026-09-22,600467,2.500,4256,1064000
2026-09-22,600468,6.460,1020,658920
2026-09-22,600469,5.070,354,179478
2026-09-22,600470,5.840,653,381352
2026-09-22,600475,15.230,149,226927
2026-09-22,600477,2.470,776,191672
2026-09-22,600478,4.560,1068,487008
2026-09-22,600479,12.130,6030,7314390
2026-09-22,600480,7.850,791,620935
2026-09-22,600481,4.180,334,139612
2026-09-22,600482,35.530,446,1584638
2026-09-22,600483,10.820,518,560476
2026-09-22,600486,53.640,47,252108
2026-09-22,600487,74.500,28063,209069350
2026-09-22,600488,6.220,13090,8141980
2026-09-22,600489,23.550,3602,8482710
2026-09-22,600490,7.130,1580,1126540
2026-09-22,600493,6.500,1123,729950
2026-09-22,600495,4.100,128,52480
2026-09-22,600496,3.360,922,309792
2026-09-22,600497,9.700,4822,4677340
2026-09-22,600498,45.000,4760,21420000
2026-09-22,600499,12.780,13662,17460036
2026-09-22,600500,5.900,5405,3188950
2026-09-22,600501,15.080,100,150800
2026-09-22,600502,4.140,3166,1310621
2026-09-22,600503,2.350,43116,10132260
2026-09-22,600505,10.720,217,232624
2026-09-22,600506,16.840,1043,1756412
2026-09-22,600507,4.130,277,114401
2026-09-22,600508,10.850,1068,1158780
2026-09-22,600509,7.310,668,488308
2026-09-22,600510,6.700,315,211050
2026-09-22,600511,26.270,99,260073
2026-09-22,600512,2.090,1268,265012
2026-09-22,600513,15.360,248,380928
2026-09-22,600515,2.780,2217,616326
2026-09-22,600516,5.540,2548,1411592
2026-09-22,600517,4.980,794,395412
2026-09-22,600518,1.380,18659,2574942
2026-09-22,600519,1252.150,232,29094957
2026-09-22,600520,26.400,204,538560
2026-09-22,600521,16.610,1686,2800446
2026-09-22,600522,37.540,30217,113434618
2026-09-22,600523,12.000,37,44400
2026-09-22,600525,5.050,3246,1639230
2026-09-22,600526,4.600,323,148580
2026-09-22,600527,2.260,1049,237074
2026-09-22,600528,6.880,1053,724464
2026-09-22,600529,18.780,179,336162
2026-09-22,600531,12.270,899,1103073
2026-09-22,600533,2.280,1702,388056
2026-09-22,600535,14.040,427,599508
2026-09-22,600536,32.300,784,2532320
2026-09-22,600538,4.910,205,100655
2026-09-22,600539,13.580,483,655914
2026-09-22,600540,5.650,7182,4057830
2026-09-22,600545,4.590,5179,2377161
2026-09-22,600546,13.440,963,1294272
2026-09-22,600547,32.170,2273,7312241
2026-09-22,600548,8.090,396,320364
2026-09-22,600549,50.200,3261,16370220
2026-09-22,600550,10.910,370,403670
2026-09-22,600551,7.640,750,573000
2026-09-22,600552,18.270,4175,7627725
2026-09-22,600556,4.730,2286,1081278
2026-09-22,600557,12.410,96,119136
2026-09-22,600558,4.900,946,463540
2026-09-22,600559,11.130,501,557613
2026-09-22,600560,11.300,28,31640
2026-09-22,600561,5.880,444,261072
2026-09-22,600562,27.630,252,696276
2026-09-22,600563,124.680,153,1907604
2026-09-22,600566,24.920,38,94696
2026-09-22,600567,1.350,2204,297540
2026-09-22,600569,1.800,388,69840
2026-09-22,600570,20.490,1560,3196440
2026-09-22,600571,10.600,158,167480
2026-09-22,600572,4.360,1971,859356
2026-09-22,600573,10.000,289,289000
2026-09-22,600575,3.230,1444,466412
2026-09-22,600576,5.460,241,131586
2026-09-22,600577,8.950,6911,6185193
2026-09-22,600578,5.390,1867,1006313
2026-09-22,600579,7.250,315,228375
2026-09-22,600580,27.710,1301,3605071
2026-09-22,600582,4.880,730,356240
2026-09-22,600583,6.500,3691,2399150
2026-09-22,600584,73.900,15983,118114370
2026-09-22,600585,17.200,870,1496400
2026-09-22,600586,4.100,80,32800
2026-09-22,600587,13.680,26923,36830664
2026-09-22,600588,9.680,4626,4477968
2026-09-22,600589,7.950,1638,1302210
2026-09-22,600590,8.880,835,741480
2026-09-22,600592,14.730,40,58920
2026-09-22,600593,48.080,4116,19789728
2026-09-22,600594,3.800,3249,1234620
2026-09-22,600595,6.030,2579,1555137
2026-09-22,600596,12.060,2294,2766564
2026-09-22,600597,6.800,228,155040
2026-09-22,600598,12.810,2399,3073119
2026-09-22,600600,50.200,83,416660
2026-09-22,600601,15.450,14504,22408680
2026-09-22,600602,17.400,1187,2065380
2026-09-22,600603,4.890,471,230319
2026-09-22,600604,4.730,2058,973434
2026-09-22,600605,27.060,138,373428
2026-09-22,600606,1.580,242054,38244532
2026-09-22,600609,3.760,14988,5635488
2026-09-22,600610,7.800,1295,1010100
2026-09-22,600611,4.560,2965,1352040
2026-09-22,600612,31.620,71,224502
2026-09-22,600613,9.250,29167,26979475
2026-09-22,600615,9.570,167,159819
2026-09-22,600616,5.020,5533,2777566
2026-09-22,600617,3.370,568,191416
2026-09-22,600618,9.970,95,94715
2026-09-22,600619,13.240,415,549460
2026-09-22,600620,4.400,516,227040
2026-09-22,600621,14.220,12557,17856054
2026-09-22,600622,2.470,2153,531791
2026-09-22,600623,8.490,1053,893997
2026-09-22,600626,3.860,2211,853446
2026-09-22,600628,6.430,574,369082
2026-09-22,600629,16.500,1620,2673000
2026-09-22,600630,8.970,59737,53584089
2026-09-22,600633,10.450,2036,2127620
2026-09-22,600674,15.840,479,758102
2026-09-22,600675,2.400,22859,5486160
2026-09-22,600676,6.840,478,326952
2026-09-22,600679,10.410,705,733905
2026-09-22,600681,3.520,509,179168
2026-09-22,600718,8.140,310,252340
2026-09-22,600719,8.140,3812,3102968
2026-09-22,600720,5.240,92,48208
2026-09-22,600721,13.380,34184,45738192
2026-09-22,600722,16.310,5568,9081408
2026-09-22,600724,5.060,174,88044
2026-09-22,600725,3.320,298,98936
2026-09-22,600726,5.320,1878,999096
2026-09-22,600727,7.600,418,317680
2026-09-22,600748,4.050,612,247860
2026-09-22,600749,13.850,353,488905
2026-09-22,600750,22.300,139,309970
2026-09-22,600751,3.020,1074,324348
2026-09-22,600754,18.560,517,959552
2026-09-22,600792,5.300,11971,6344630
2026-09-22,600793,18.010,462,832062
2026-09-22,600794,3.250,626,203450
2026-09-22,600795,5.260,992,521792
2026-09-22,600796,5.100,131,66810
2026-09-22,600797,6.740,156,105144
2026-09-22,600798,3.500,1321,462350
2026-09-22,600800,3.400,1342,456280
2026-09-22,600801,24.420,180,439560
2026-09-22,600802,5.560,1458,810648
2026-09-22,600803,18.820,524,986168
2026-09-22,600805,4.570,1353,618321
2026-09-22,600807,2.680,410,109880
2026-09-22,600808,2.570,827,212539
2026-09-22,600809,112.100,240,2690400
2026-09-22,600863,4.740,3237,1534338
2026-09-22,600864,5.910,7349,4343259
2026-09-22,600865,11.360,5353,6081008
2026-09-22,600866,4.240,238,100912
2026-09-22,600867,7.960,788,627248
2026-09-22,600868,2.850,1624,462840
2026-09-22,600869,22.940,28125,64517993
2026-09-22,600871,2.230,8044,1793812
2026-09-22,600872,17.260,302,521252
2026-09-22,600873,7.560,370,279720
2026-09-22,600874,5.580,335,186930
2026-09-22,600875,24.550,730,1792150
2026-09-22,600876,8.260,1420,1172920
2026-09-22,600877,12.280,685,841180
2026-09-22,600879,14.780,2256,3334368
2026-09-22,600880,4.900,15535,7612150
2026-09-22,600881,1.890,28236,5336604
2026-09-22,600882,19.490,109,212441
2026-09-22,600883,8.120,266,215992
2026-09-22,600884,11.260,1122,1263372
2026-09-22,600885,34.300,342,1173060
2026-09-22,600886,14.200,260,369200
2026-09-22,600887,26.580,2015,5355870
2026-09-22,600888,10.260,1380,1415880
2026-09-22,600892,4.170,2371,988707
2026-09-22,600893,40.280,2017,8124476
2026-09-22,600894,8.000,8613,6890400
2026-09-22,600895,28.840,1402,4043368
2026-09-22,600897,15.350,56,85960
2026-09-22,600900,28.030,3982,11161546
2026-09-22,600901,6.650,937,623105
2026-09-22,600903,6.750,4500,3037500
2026-09-22,600905,3.640,1504,547456
2026-09-22,600906,6.510,588,382788
2026-09-22,600908,5.750,351,201825
2026-09-22,600909,8.210,9827,8067967
2026-09-22,600916,7.480,712,532576
2026-09-22,600917,4.900,1419,695310
2026-09-22,600918,5.530,822,454566
2026-09-22,600919,12.080,2407,2907656
2026-09-22,600925,4.150,578,239870
2026-09-22,600926,17.110,1730,2960030
2026-09-22,600927,12.550,613,769315
2026-09-22,600928,3.500,1480,518000
2026-09-22,600929,6.450,5321,3432045
2026-09-22,600930,3.970,4984,1978648
2026-09-22,600933,14.540,1200,1744800
2026-09-22,600935,2.400,1175,282000
2026-09-22,600936,4.540,3820,1734280
2026-09-22,600938,33.170,2614,8670638
2026-09-22,600939,2.710,396,107316
2026-09-22,600941,96.010,239,2294639
2026-09-22,600955,12.600,46,57960
2026-09-22,600956,7.300,140,102200
2026-09-22,600958,8.960,2473,2215808
2026-09-22,600959,3.160,1371,433236
2026-09-22,600960,3.960,3,1188
2026-09-22,600961,25.220,1781,4491682
2026-09-22,600962,26.990,181,488519
2026-09-22,600963,3.460,1344,465024
2026-09-22,600966,5.020,266,133532
2026-09-22,600967,13.680,6030,8249040
2026-09-22,600968,3.980,925,368150
2026-09-22,600969,10.250,578,592450
2026-09-22,600970,7.680,489,375552
2026-09-22,600971,8.480,184,156032
2026-09-22,600973,6.160,444,273504
2026-09-22,600975,5.290,2604,1377516
2026-09-22,600976,27.480,71,195108
2026-09-22,600977,13.420,3146,4221932
2026-09-22,600979,4.000,1122,448800
2026-09-22,600980,19.380,51,98838
2026-09-22,600981,2.470,419,103493
2026-09-22,600982,5.150,272,140080
2026-09-22,600983,7.410,52,38532
2026-09-22,600984,3.550,515,182825
2026-09-22,600985,16.540,560,926240
2026-09-22,600986,7.270,1421,1033067
2026-09-22,600987,6.390,33,21087
2026-09-22,600988,42.880,1564,6706432
2026-09-22,600989,23.530,1836,4320108
2026-09-22,600990,18.300,40,73200
2026-09-22,600992,10.450,9748,10186660
2026-09-22,600993,22.690,76,172444
2026-09-22,600995,12.280,226,277528
2026-09-22,600996,7.080,1254,887832
2026-09-22,600997,5.240,436,228464
2026-09-22,600998,5.000,977,488500
2026-09-22,600999,17.940,5264,9443616
2026-09-22,601000,4.460,1284,572664
2026-09-22,601001,17.380,1527,2653926
2026-09-22,601002,5.270,241,127007
2026-09-22,601003,3.600,390,140400
2026-09-22,601005,1.220,8971,1094462
2026-09-22,601006,4.710,3599,1695129
2026-09-22,601007,6.920,111,76812
2026-09-22,601008,4.520,294,132888
2026-09-22,601009,11.800,781,921580
2026-09-22,601011,3.010,2091,629391
2026-09-22,601012,11.390,2740,3120404
2026-09-22,601015,3.590,3836,1377124
2026-09-22,601016,3.390,1769,599691
2026-09-22,601018,3.460,4538,1570148
2026-09-22,601019,6.840,52,35568
2026-09-22,601020,21.240,389,826767
2026-09-22,601021,42.160,518,2183888
2026-09-22,601022,8.880,2442,2168496
2026-09-22,601026,15.580,1023,1593834
2026-09-22,601033,14.360,61,87596
2026-09-22,601038,14.040,377,529308
2026-09-22,601058,13.740,646,887604
2026-09-22,601061,11.600,408,473280
2026-09-22,601065,6.760,53,35828
2026-09-22,601066,23.810,332,790492
2026-09-22,601068,4.430,326,144418
2026-09-22,601069,27.430,708,1942044
2026-09-22,601077,6.560,2087,1369072
2026-09-22,601083,12.920,867,1120164
2026-09-22,601086,18.760,19905,37341780
2026-09-22,601088,46.430,1199,5566957
2026-09-22,601089,16.340,88,143792
2026-09-22,601096,4.160,647,269152
2026-09-22,601098,10.400,186,193440
2026-09-22,601099,3.560,15601,5553956
2026-09-22,601100,93.600,183,1712880
2026-09-22,601101,13.300,1665,2214450
2026-09-22,601106,3.060,526,160956
2026-09-22,601107,5.950,216,128520
2026-09-22,601108,8.620,3242,2794604
2026-09-22,601111,5.920,4385,2595920
2026-09-22,601112,17.170,433,743461
2026-09-22,601113,3.520,2085,733920
2026-09-22,601116,10.360,1057,1095052
2026-09-22,601117,7.240,2025,1466100
2026-09-22,601118,6.320,13110,8285520
2026-09-22,601121,7.310,577,421787
2026-09-22,601126,40.790,826,3369254
2026-09-22,601127,47.770,1563,7466451
2026-09-22,601128,6.230,3902,2430946
2026-09-22,601133,25.990,1567,4072633
2026-09-22,601136,14.590,1192,1739128
2026-09-22,601137,20.860,456,951216
2026-09-22,601138,64.500,6758,43589100
2026-09-22,601139,6.320,243,153576
2026-09-22,601155,12.450,6084,7574580
2026-09-22,601156,18.150,204,370260
2026-09-22,601158,4.020,246,98892
2026-09-22,601162,3.700,4932,1824840
2026-09-22,601163,12.450,165,205425
2026-09-22,601166,17.720,4058,7190776
2026-09-22,601168,36.550,4083,14922634
2026-09-22,601169,5.520,4264,2353728
2026-09-22,601177,13.790,144,198576
2026-09-22,601179,12.360,3826,4728936
2026-09-22,601186,6.060,2061,1248966
2026-09-22,601187,6.850,1929,1321365
2026-09-22,601188,2.900,1339,388310
2026-09-22,601199,6.580,710,467180
2026-09-22,601200,6.880,172,118336
2026-09-22,601208,53.320,4800,25593600
2026-09-22,601211,17.620,2155,3797110
2026-09-22,601212,6.180,11727,7247286
2026-09-22,601216,4.650,555,258075
2026-09-22,601218,5.400,15719,8488260
2026-09-22,601222,5.990,390,233610
2026-09-22,601225,25.450,1004,2555536
2026-09-22,601226,6.880,1182,813216
2026-09-22,601228,3.090,321,99189
2026-09-22,601229,9.540,1873,1786842
2026-09-22,601231,27.110,3681,9979191
2026-09-22,601233,24.400,537,1310280
2026-09-22,601236,6.940,6307,4377058
2026-09-22,601279,3.530,320,112960
2026-09-22,601288,6.860,33127,22725122
2026-09-22,601298,9.830,506,497398
2026-09-22,601311,7.490,122,91378
2026-09-22,601318,53.980,4184,22585232
2026-09-22,601319,7.970,7939,6327383
2026-09-22,601326,3.530,461,162733
2026-09-22,601328,7.520,9683,7281616
2026-09-22,601330,8.380,216,181008
2026-09-22,601333,3.090,2204,681036
2026-09-22,601336,58.320,1050,6123600
2026-09-22,601339,7.230,252,182196
2026-09-22,601360,9.020,7214,6506830
2026-09-22,601366,3.680,169,62192
2026-09-22,601929,2.470,3432,847704
2026-09-22,601933,3.060,9343,2858958
2026-09-22,601939,10.880,6626,7209088
2026-09-22,601949,6.030,4745,2861235
2026-09-22,601952,9.560,1405,1343180
2026-09-22,601990,6.710,411,275781
2026-09-22,601991,5.590,5609,3135431
2026-09-22,601992,1.420,4607,654194
2026-09-22,603013,14.410,46,66286
2026-09-22,603014,31.470,47,147909
2026-09-22,603015,10.720,36,38592
2026-09-22,603016,32.510,1783,5796533
2026-09-22,603017,10.030,62,62186
2026-09-22,603018,5.310,349,185319
2026-09-22,603019,86.900,9553,83015570
2026-09-22,603020,13.470,5127,6906069
2026-09-22,603022,8.980,492,441816
2026-09-22,603023,4.130,464,191632
2026-09-22,603025,13.610,491,668251
2026-09-22,603026,60.120,136,817632
2026-09-22,603027,7.340,227,166618
2026-09-22,603028,7.080,421,298068
2026-09-22,603029,16.750,108,180900
2026-09-22,603041,11.350,83,94205
2026-09-22,603042,18.860,13790,26007940
2026-09-22,603043,13.250,178,235850
2026-09-22,603045,51.980,241,1252718
2026-09-22,603048,24.810,331,821211
2026-09-22,603049,45.210,84,379764
2026-09-22,603050,17.980,95,170810
2026-09-22,603051,25.260,350,884100
2026-09-22,603052,60.280,222,1338216
2026-09-22,603053,8.810,40,35240
2026-09-22,603055,9.340,290,270860
2026-09-22,603057,18.500,448,828800
2026-09-22,603058,9.100,304,276640
2026-09-22,603059,25.550,149,380695
2026-09-22,603093,13.860,3776,5233536
2026-09-22,603095,14.600,137,200020
2026-09-22,603096,15.810,98,154938
2026-09-22,603097,18.600,117,217620
2026-09-22,603098,10.890,66,71874
2026-09-22,603099,42.280,2057,8699025
2026-09-22,603100,18.400,167,307280
2026-09-22,603101,7.520,581,436912
2026-09-22,603102,37.150,70,260050
2026-09-22,603103,16.760,742,1243592
2026-09-22,603105,8.160,559,456144
2026-09-22,603106,7.690,3284,2525396
2026-09-22,603107,12.240,17,20808
2026-09-22,603108,10.090,781,788029
2026-09-22,603109,17.240,19,32756
2026-09-22,603110,25.480,56,142688
2026-09-22,603111,6.130,355,217615
2026-09-22,603112,17.630,967,1704821
2026-09-22,603113,5.000,701,350500
2026-09-22,603115,89.000,818,7280200
2026-09-22,603116,6.660,390,259740
2026-09-22,603117,4.030,329,132587
2026-09-22,603118,18.730,5845,10947685
2026-09-22,603119,56.460,488,2755248
2026-09-22,603120,62.620,1223,7658426
2026-09-22,603121,13.000,1291,1678300
2026-09-22,603122,13.760,11714,16118464
2026-09-22,603123,10.000,5582,5582000
2026-09-22,603124,130.980,142,1859916
2026-09-22,603125,24.170,77,186109
2026-09-22,603126,6.370,497,316589
2026-09-22,603127,46.080,4828,22247424
2026-09-22,603128,5.460,1010,551460
2026-09-22,603129,307.380,72,2213136
2026-09-22,603130,38.800,10,38800
2026-09-22,603131,14.090,110,154990
2026-09-22,603132,18.430,237,436791
2026-09-22,603135,8.970,80,71760
2026-09-22,603136,9.560,1785,1706460
2026-09-22,603137,19.830,1607,3186681
2026-09-22,603138,15.920,5172,8233824
2026-09-22,603139,38.310,347,1329357
2026-09-22,603150,70.590,34,240006
2026-09-22,603151,18.600,386,717960
2026-09-22,603153,13.340,18,24012
2026-09-22,603155,15.400,1094,1684760
2026-09-22,603156,44.970,540,2428380
2026-09-22,603158,11.160,481,536796
2026-09-22,603159,22.500,1196,2691000
2026-09-22,603160,53.790,251,1350129
2026-09-22,603161,15.170,25,37925
2026-09-22,603162,14.320,3275,4689800
2026-09-22,603163,84.060,145,1218870
2026-09-22,603165,13.800,379,523020
2026-09-22,603166,11.250,176,198000
2026-09-22,603167,8.080,35,28280
2026-09-22,603168,5.950,3873,2304435
2026-09-22,603169,6.250,222,138750
2026-09-22,603171,40.110,222,890442
2026-09-22,603172,19.000,80,152000
2026-09-22,603175,113.000,537,6073072
2026-09-22,603176,5.390,161,86779
2026-09-22,603177,11.460,157,179922
2026-09-22,603178,15.980,132,210936
2026-09-22,603179,41.140,413,1699082
2026-09-22,603180,15.650,68,106420
2026-09-22,603181,12.800,106,135680
2026-09-22,603182,13.530,386,522258
2026-09-22,603183,5.010,881,441381
2026-09-22,603185,14.600,290,423400
2026-09-22,603186,237.990,1587,37769013
2026-09-22,603187,10.900,183,199470
2026-09-22,603188,4.600,360,165600
2026-09-22,603190,16.170,59,95403
2026-09-22,603191,13.800,263,362940
2026-09-22,603192,20.780,35,72730
2026-09-22,603193,20.770,56,116312
2026-09-22,603194,33.780,47,158766
2026-09-22,603195,38.020,27,102654
2026-09-22,603196,19.150,23,44045
2026-09-22,603197,29.400,90,264600
2026-09-22,603198,38.770,259,1004143
2026-09-22,603199,33.250,80,266000
2026-09-22,603200,39.930,166,662838
2026-09-22,603201,15.520,125,194000
2026-09-22,603202,51.580,23,118634
2026-09-22,603203,48.600,604,2935440
2026-09-22,603205,21.760,109,237184
2026-09-22,603206,13.900,251,348890
2026-09-22,603207,24.800,470,1165600
2026-09-22,603208,11.420,186,212412
2026-09-22,603209,14.810,305,451705
2026-09-22,603210,13.400,202,270680
2026-09-22,603211,20.240,128,259072
2026-09-22,603212,12.300,717,881910
2026-09-22,603213,13.500,15,20250
2026-09-22,603214,13.530,163,220539
2026-09-22,603215,14.530,102,148206
2026-09-22,603216,20.890,267,557763
2026-09-22,603217,27.980,98,274204
2026-09-22,603218,9.420,414,389988
2026-09-22,603219,12.730,547,696331
2026-09-22,603220,18.850,1498,2823730
2026-09-22,603221,30.720,3313,10178580
2026-09-22,603222,7.880,1523,1200124
2026-09-22,603223,10.130,156,158028
2026-09-22,603225,17.870,435,777345
2026-09-22,603226,35.930,545,1958185
2026-09-22,603227,7.580,159,120522
2026-09-22,603228,112.000,2683,30049600
2026-09-22,603229,7.880,156,122928
2026-09-22,603230,15.260,41719,63663194
2026-09-22,603231,17.000,252,428400
2026-09-22,603232,16.210,999,1619379
2026-09-22,603233,17.860,260,464360
2026-09-22,603235,25.470,39,99333
2026-09-22,603236,75.270,1142,8597866
2026-09-22,603237,15.080,132,199056
2026-09-22,603238,12.290,60,73740
2026-09-22,603239,14.030,90,126270
2026-09-22,603248,23.050,14892,34326360
2026-09-22,603255,33.990,119,404481
2026-09-22,603256,156.330,5567,87028911
2026-09-22,603257,68.000,326,2216800
2026-09-22,603258,14.500,3152,4570400
2026-09-22,603259,167.910,3952,66358032
2026-09-22,603260,32.850,128,420480
2026-09-22,603261,53.580,132,707256
2026-09-22,603262,18.210,20,36420
2026-09-22,603266,17.150,390,668850
2026-09-22,603267,52.440,811,4252884
2026-09-22,603268,228.000,851,19402800
2026-09-22,603269,27.000,1133,3059100
2026-09-22,603270,37.370,271,1012727
2026-09-22,603271,38.980,87,339126
2026-09-22,603273,14.800,35,51800
2026-09-22,603275,37.200,59,219480
2026-09-22,603276,18.200,299,544180
2026-09-22,603277,11.420,136,155312
2026-09-22,603278,9.200,152,139840
2026-09-22,603279,11.230,115,129145
2026-09-22,603280,26.150,21,54915
2026-09-22,603281,18.720,34,63648
2026-09-22,603282,16.780,65,109070
2026-09-22,603283,47.400,918,4351320
2026-09-22,603284,41.200,233,959960
2026-09-22,603285,38.860,211,819946
2026-09-22,603286,45.050,139,626195
2026-09-22,603288,33.860,759,2569974
2026-09-22,603289,10.750,5377,5780275
2026-09-22,603290,88.930,319,2836867
2026-09-22,603291,8.900,92,81880
2026-09-22,603293,37.610,111,417471
2026-09-22,603296,81.200,1965,15955719
2026-09-22,603297,115.020,28,324356
2026-09-22,603298,23.420,60,140520
2026-09-22,603299,8.760,423,370548
2026-09-22,603300,4.700,2806,1318820
2026-09-22,603301,80.040,93,744372
2026-09-22,603303,28.720,31,89032
2026-09-22,603305,11.420,447,510474
2026-09-22,603306,85.430,929,7936447
2026-09-22,603307,24.900,19,47310
2026-09-22,603308,42.080,908,3821832
2026-09-22,603309,11.070,74,81918
2026-09-22,603310,14.940,30,44820
2026-09-22,603311,26.020,41,106682
2026-09-22,603312,32.240,3,9672
2026-09-22,603313,6.980,911,635878
2026-09-22,603315,11.050,97,107185
2026-09-22,603316,19.300,19771,38158030
2026-09-22,603317,12.960,274,355104
2026-09-22,603318,9.350,3190,2982650
2026-09-22,603319,32.160,6492,20879333
2026-09-22,603320,18.400,12,22080
2026-09-22,603321,7.520,1809,1360368
2026-09-22,603322,32.360,75,242700
2026-09-22,603323,4.380,967,423546
2026-09-22,603324,27.200,85,231200
2026-09-22,603325,52.770,2,10554
2026-09-22,603326,7.480,211,157828
2026-09-22,603327,8.510,943,802493
2026-09-22,603328,13.780,3882,5349396
2026-09-22,603329,10.280,872,896416
2026-09-22,603330,10.200,4233,4317660
2026-09-22,603331,13.180,165,217470
2026-09-22,603332,11.830,481,569023
2026-09-22,603333,9.590,891,854469
2026-09-22,603334,32.050,136,435880
2026-09-22,603335,6.440,2564,1651216
2026-09-22,603336,10.630,1664,1768832
2026-09-22,603337,36.500,220,803000
2026-09-22,603338,54.000,133,718200
2026-09-22,603339,13.300,573,762090
2026-09-22,603341,37.980,1550,5886900
2026-09-22,603344,24.050,127,305435
2026-09-22,603345,80.580,121,975018
2026-09-22,603348,14.200,1,1420
2026-09-22,603350,28.430,15,42645
2026-09-22,603351,27.340,1271,3474914
2026-09-22,603352,25.850,38,98230
2026-09-22,603353,47.230,2075,9800225
2026-09-22,603355,30.790,604,1859716
2026-09-22,603356,17.380,307,533566
2026-09-22,603357,5.970,275,164169
2026-09-22,603358,46.190,285,1316415
2026-09-22,603360,13.300,239,317870
2026-09-22,603421,6.960,2752,1915392
2026-09-22,603435,49.910,92,459172
2026-09-22,603439,14.370,3779,5430423
2026-09-22,603444,350.000,92,3220000
2026-09-22,603456,16.100,1814,2920540
2026-09-22,603458,10.920,405,442260
2026-09-22,603459,93.000,1391,12936300
2026-09-22,603466,13.050,4420,5768100
2026-09-22,603468,22.870,126,288162
2026-09-22,603477,14.650,387,566955
2026-09-22,603486,50.420,125,630250
2026-09-22,603488,8.300,1010,838300
2026-09-22,603489,29.460,109,321114
2026-09-22,603496,23.540,285,670890
2026-09-22,603518,7.770,146,113442
2026-09-22,603519,16.420,393,645306
2026-09-22,603520,8.610,258,222138
2026-09-22,603527,10.180,284,289112
2026-09-22,603528,6.540,561,366894
2026-09-22,603529,21.650,113,244645
2026-09-22,603530,45.200,105,474600
2026-09-22,603533,23.730,1586,3763578
2026-09-22,603535,6.260,442,276692
2026-09-22,603536,9.990,188,187812
2026-09-22,603538,27.500,7146,19652243
2026-09-22,603551,9.330,92,85836
2026-09-22,603556,23.540,102,240108
2026-09-22,603558,13.200,447,590040
2026-09-22,603559,9.470,342,323874
2026-09-22,603590,29.720,95,282340
2026-09-22,603596,28.950,674,1951809
2026-09-22,603598,17.500,1529,2675750
2026-09-22,603599,10.610,657,697077
2026-09-22,603600,10.320,160,165120
2026-09-22,603680,10.650,867,923355
2026-09-22,603681,19.690,299,588731
2026-09-22,603682,9.800,97,95060
2026-09-22,603683,16.800,617,1036560
2026-09-22,603686,15.450,21115,32622320
2026-09-22,603687,16.160,1546,2498336
2026-09-22,603688,51.250,541,2772625
2026-09-22,603689,7.740,89,68886
2026-09-22,603690,24.450,1500,3667500
2026-09-22,603716,17.000,1258,2138600
2026-09-22,603717,5.980,529,316342
2026-09-22,603719,9.150,84,76860
2026-09-22,603721,18.500,213,394050
2026-09-22,603722,29.950,160,479200
2026-09-22,603757,71.000,392,2783200
2026-09-22,603758,11.120,265,294680
2026-09-22,603759,7.830,161,126063
2026-09-22,603766,14.820,435,644670
2026-09-22,603767,13.570,58,78706
2026-09-22,603768,11.500,39,44850
2026-09-22,603773,99.000,3726,36887400
2026-09-22,603777,13.730,573,786729
2026-09-22,603778,9.300,1528,1421040
2026-09-22,603779,8.390,436,365804
2026-09-22,603786,37.930,47,178271
2026-09-22,603787,10.400,581,604240
2026-09-22,603788,13.770,69,95013
2026-09-22,603790,24.930,282,703026
2026-09-22,603797,4.930,651,320943
2026-09-22,603798,13.740,544,747456
2026-09-22,603799,36.090,1592,5745528
2026-09-22,603800,58.800,150,882000
2026-09-22,603801,6.110,152,92872
2026-09-22,603803,11.930,940,1121420
2026-09-22,603806,14.540,760,1105040
2026-09-22,603808,8.750,126,110250
2026-09-22,603809,8.720,176,153472
2026-09-22,603810,12.000,145,174000
2026-09-22,603811,7.010,96,67296
2026-09-22,603813,26.660,41,109306
2026-09-22,603815,5.220,270,140940
2026-09-22,603816,22.360,242,541112
2026-09-22,603817,5.800,220,127600
2026-09-22,603818,4.110,2151,884061
2026-09-22,603819,17.160,1698,2913768
2026-09-22,603823,55.100,710,3912100
2026-09-22,603826,16.800,353,593040
2026-09-22,603829,16.000,153,244800
2026-09-22,603833,29.450,165,485925
2026-09-22,603836,9.550,358,341890
2026-09-22,603839,6.920,208,143936
2026-09-22,603848,13.480,8,10784
2026-09-22,603855,17.050,17,28985
2026-09-22,603856,11.730,35,41055
2026-09-22,603858,14.760,337,497412
2026-09-22,603859,39.400,340,1339600
2026-09-22,603860,25.780,115,296470
2026-09-22,603861,11.260,382,430132
2026-09-22,603863,12.600,44,55440
2026-09-22,603866,4.170,474,197658
2026-09-22,603867,33.300,324,1078920
2026-09-22,603868,31.480,100,314800
2026-09-22,603871,12.280,321,394188
2026-09-22,603876,18.630,587,1093581
2026-09-22,603877,11.940,83,99102
2026-09-22,603878,4.980,304,151392
2026-09-22,603879,4.980,512,254976
2026-09-22,603880,9.400,1059,995460
2026-09-22,603881,24.690,2368,5846592
2026-09-22,603882,28.400,823,2337320
2026-09-22,603883,12.770,476,607852
2026-09-22,603885,10.190,604,615476
2026-09-22,603886,12.460,100,124600
2026-09-22,603887,8.990,511,459389
2026-09-22,603888,18.440,7623,14056130
2026-09-22,603889,6.120,173,105876
2026-09-22,603890,17.420,1215,2116530
2026-09-22,603893,203.900,1383,28199370
2026-09-22,603895,26.220,6,15732
2026-09-22,603896,14.900,683,1017670
2026-09-22,603897,30.880,281,867728
2026-09-22,603898,11.250,19,21375
2026-09-22,603899,21.760,74,161024
2026-09-22,603900,6.920,1535,1062220
2026-09-22,603901,9.410,204,191964
2026-09-22,603903,13.870,176,244112
2026-09-22,603906,18.300,168,307440
2026-09-22,603908,19.390,312,604968
2026-09-22,603909,9.810,475,465975
2026-09-22,603912,8.800,361,317680
2026-09-22,603915,13.370,357,477309
2026-09-22,603916,11.030,251,276853
2026-09-22,603917,14.420,160,230720
2026-09-22,603918,10.880,1731,1883328
2026-09-22,603919,16.580,598,991484
2026-09-22,603920,46.920,2368,11109389
2026-09-22,603926,17.670,70,123690
2026-09-22,603927,13.940,197,274618
2026-09-22,603928,12.300,513,630990
2026-09-22,603929,163.000,336,5476800
2026-09-22,603931,36.090,100,360900
2026-09-22,603933,19.350,176,340560
2026-09-22,603936,22.020,3410,7508820
2026-09-22,603937,11.690,75,87675
2026-09-22,603938,50.890,1674,8518986
2026-09-22,603939,22.150,277,613555
2026-09-22,603948,19.750,19,37525
2026-09-22,603949,14.150,67,94805
2026-09-22,603950,59.910,154,922614
2026-09-22,603955,24.500,94,230300
2026-09-22,603956,7.260,2415,1753290
2026-09-22,603958,18.420,1751,3225342
2026-09-22,603960,18.490,2124,3927276
2026-09-22,603966,7.540,81,61074
2026-09-22,603967,11.780,265,312170
2026-09-22,603968,10.490,159,166791
2026-09-22,603969,7.600,117,88920
2026-09-22,603970,11.300,482,544660
2026-09-22,603976,32.280,181,584268
2026-09-22,603977,11.660,544,634304
2026-09-22,603978,24.660,746,1839636
2026-09-22,603979,73.980,199,1472202
2026-09-22,603980,8.910,1875,1670625
2026-09-22,603982,6.290,391,245939
2026-09-22,603983,31.390,140,439460
2026-09-22,603985,17.040,147,250488
2026-09-22,603986,399.990,3988,159516012
2026-09-22,603987,7.620,296,225552
2026-09-22,603988,18.260,48,87648
2026-09-22,603989,34.400,1835,6312400
2026-09-22,603990,20.060,294,589764
2026-09-22,603991,175.500,302,5300100
2026-09-22,603992,20.300,148,300440
2026-09-22,603993,17.600,6466,11380160
2026-09-22,603995,26.550,77,204435
2026-09-22,603997,13.810,4581,6326361
2026-09-22,603998,10.690,564,602916
2026-09-22,603999,6.660,4285,2853810
2026-09-22,605001,5.790,58,33582
2026-09-22,605003,24.370,41,99917
2026-09-22,605005,16.500,23,37950
2026-09-22,605006,17.120,2754,4714848
2026-09-22,605007,15.180,333,505494
2026-09-22,605008,14.500,206,298700
2026-09-22,605009,25.000,78,195000
2026-09-22,605011,18.550,676,1253980
2026-09-22,605016,20.960,30,62880
2026-09-22,605018,11.730,1528,1792344
2026-09-22,605020,32.000,596,1907200
2026-09-22,605028,23.900,12,28680
2026-09-22,605033,19.790,442,874718
2026-09-22,605050,10.200,2,2040
2026-09-22,605055,9.070,74,67118
2026-09-22,605056,13.910,138,191958
2026-09-22,605058,48.500,3845,18648250
2026-09-22,605060,41.110,114,468654
2026-09-22,605066,6.910,256,176896
2026-09-22,605068,21.180,1726,3655668
2026-09-22,605069,12.070,707,853349
2026-09-22,605077,11.810,961,1134941
2026-09-22,605080,22.980,105,241290
2026-09-22,605086,23.980,9,21582
2026-09-22,605088,24.550,1115,2737325
2026-09-22,605089,20.900,5,10450
2026-09-22,605090,32.800,344,1128320
2026-09-22,605098,53.240,12,63888
2026-09-22,605099,28.900,99,286110
2026-09-22,605100,34.160,96,327936
2026-09-22,605108,12.260,131,160606
2026-09-22,605111,62.380,779,4859402
2026-09-22,605116,20.100,115,231150
2026-09-22,605117,82.000,357,2924776
2026-09-22,605118,33.680,145,488360
2026-09-22,605122,11.930,81,96633
2026-09-22,605123,82.520,32,264064
2026-09-22,605128,23.200,14,32480
2026-09-22,605133,25.010,95,237595
2026-09-22,605136,8.560,150,128400
2026-09-22,605138,6.170,103,63551
2026-09-22,605151,18.520,32,59264
2026-09-22,605155,14.390,93,133827
2026-09-22,605158,7.910,97,76727
2026-09-22,605162,12.100,3783,4577430
2026-09-22,605166,8.750,243,212625
2026-09-22,605167,16.980,189,320922
2026-09-22,605168,53.250,150,798750
2026-09-22,605169,13.190,443,584317
2026-09-22,605177,24.710,284,701764
2026-09-22,605178,68.920,205,1412860
2026-09-22,605179,27.030,3920,10595760
2026-09-22,605180,13.870,1150,1595050
2026-09-22,605183,16.550,160,264800
2026-09-22,605186,26.100,46,120060
2026-09-22,605287,36.800,265,975200
2026-09-22,605288,71.010,169,1200069
2026-09-22,605289,104.760,65,680940
2026-09-22,605296,34.050,216,735480
2026-09-22,605298,43.880,109,478292
2026-09-22,605358,47.310,3813,18039303
2026-09-22,605365,14.510,232,336632
2026-09-22,605366,8.590,337,289483
2026-09-22,605368,6.700,398,266660
2026-09-22,605369,17.500,215,376250
2026-09-22,605580,23.320,2003,4670996
2026-09-22,605588,47.860,42,201012
2026-09-22,605589,41.510,1641,6813576
2026-09-22,605598,25.450,17,43265
2026-09-22,605599,14.190,312,442728
2026-09-23,000521,4.430,191,84613
2026-09-23,000523,3.450,5381,1856445
2026-09-23,000524,9.010,167,150467
2026-09-23,000525,4.660,130,60580
2026-09-23,000526,36.120,132,476784
2026-09-23,000528,7.660,603,461898
2026-09-23,000529,5.030,394,198182
2026-09-23,000530,5.230,273,142779
2026-09-23,000531,5.650,288,162720
2026-09-23,000532,13.340,20273,27044182
2026-09-23,000533,10.900,1400,1526000
2026-09-23,000534,23.080,894,2063352
2026-09-23,000536,3.600,3569,1284840
2026-09-23,000548,4.640,214,99296
2026-09-23,000550,16.440,111,182484
2026-09-23,000551,12.320,156,192192
2026-09-23,000552,2.500,2289,572250
2026-09-23,000592,8.490,14647,12435303
2026-09-23,000593,23.480,4016,9429568
2026-09-23,000595,5.840,18870,11020080
2026-09-23,000596,95.210,38,365130
2026-09-23,000597,4.850,319,154715
2026-09-23,000598,7.050,137,96585
2026-09-23,000599,4.530,143,64779
2026-09-23,000600,7.300,294,214620
2026-09-23,000601,6.150,711,437265
2026-09-23,000603,33.800,3105,10494900
2026-09-23,000605,5.910,401,236991
2026-09-23,000607,4.980,132406,65938188
2026-09-23,000608,7.100,1273,903830
2026-09-23,000612,11.180,636,711260
2026-09-23,000617,6.890,1394,960466
2026-09-23,000619,5.270,387,203949
2026-09-23,000620,3.370,45478,15326086
2026-09-23,000623,17.710,112,198352
2026-09-23,000625,7.160,1309,937244
2026-09-23,000626,9.190,174,159906
2026-09-23,000628,59.600,309,1841640
2026-09-23,000629,2.890,505,145945
2026-09-23,000630,6.200,17561,10887820
2026-09-23,000631,3.090,4168,1287912
2026-09-23,000633,5.270,558,294066
2026-09-23,000635,7.430,180,133740
2026-09-23,000636,58.430,8597,50234959
2026-09-23,000637,4.220,271,114362
2026-09-23,000650,5.250,400,210000
2026-09-23,000651,38.200,704,2689280
2026-09-23,000652,3.400,196,66640
2026-09-23,000655,7.230,95,68685
2026-09-23,000656,1.250,9560,1195000
2026-09-23,000657,60.260,1628,9810328
2026-09-23,000659,2.810,1737,488097
2026-09-23,000661,73.500,295,2168250
2026-09-23,000663,6.070,139,84373
2026-09-23,000665,4.180,1254,524172
2026-09-23,000668,17.100,1752,2995920
2026-09-23,000670,7.670,2907,2229669
2026-09-23,000672,15.440,864,1334016
2026-09-23,000676,7.750,121612,94249145
2026-09-23,000678,8.890,315,280035
2026-09-23,000679,6.630,358,237354
2026-09-23,000680,9.200,971,893320
2026-09-23,000681,16.590,1506,2498454
2026-09-23,000682,10.800,96,103680
2026-09-23,000683,5.690,558,317502
2026-09-23,000685,10.950,119,130305
2026-09-23,000686,7.790,308,239932
2026-09-23,000688,26.680,642,1712856
2026-09-23,000690,5.110,725,370475
2026-09-23,000691,9.240,123,113652
2026-09-23,000692,4.190,443,185617
2026-09-23,000695,13.100,64,83840
2026-09-23,000697,9.130,156,142428
2026-09-23,000700,12.320,1195,1472240
2026-09-23,000701,5.250,61,32025
2026-09-23,000702,5.830,350,204050
2026-09-23,000703,16.900,4601,7775690
2026-09-23,000705,7.130,487,347231
2026-09-23,000707,4.510,220,99220
2026-09-23,000708,12.870,175,225225
2026-09-23,000709,2.040,1346,274584
2026-09-23,000710,9.520,1662,1582224
2026-09-23,000711,4.950,7497,3711015
2026-09-23,000712,10.300,2482,2556398
2026-09-23,000713,6.730,1351,909223
2026-09-23,000715,5.420,73,39566
2026-09-23,000716,5.160,731,377196
2026-09-23,000717,2.170,318,69006
2026-09-23,000718,2.070,2568,531576
2026-09-23,000719,12.250,349,427525
2026-09-23,000720,3.910,1086,424626
2026-09-23,000721,6.280,500,314000
2026-09-23,000722,14.120,1030,1454360
2026-09-23,000723,3.650,3739,1364735
2026-09-23,000725,6.090,117216,71384544
2026-09-23,000726,6.090,152,92568
2026-09-23,000727,2.250,2419,544275
2026-09-23,000728,7.480,917,685916
2026-09-23,000729,11.020,508,559816
2026-09-23,000731,8.210,435,357135
2026-09-23,000733,41.240,324,1336176
2026-09-23,000735,5.970,2241,1337877
2026-09-23,000736,4.730,469,221837
2026-09-23,000737,15.400,17094,26324760
2026-09-23,000738,19.160,167,319972
2026-09-23,000739,24.140,1321,3188894
2026-09-23,000750,3.690,553,204057
2026-09-23,000751,4.660,805,375130
2026-09-23,000753,5.130,1875,961875
2026-09-23,000755,4.670,55,25685
2026-09-23,000756,15.740,38606,60765088
2026-09-23,000757,4.380,405,177390
2026-09-23,000758,6.090,971,591339
2026-09-23,000759,6.730,4625,3112625
2026-09-23,000761,2.260,421,95146
2026-09-23,000762,22.010,207,455607
2026-09-23,000766,15.900,448,712320
2026-09-23,000767,3.390,1085,367815
2026-09-23,000768,22.900,500,1145000
2026-09-23,000776,20.960,876,1836096
2026-09-23,000777,16.650,112,186480
2026-09-23,000778,3.610,1108,399988
2026-09-23,000779,9.050,1670,1511350
2026-09-23,000782,8.300,191,158530
2026-09-23,000783,8.490,1354,1149546
2026-09-23,000785,2.290,2333,534257
2026-09-23,000786,16.010,299,478699
2026-09-23,000788,5.560,106,58936
2026-09-23,000789,4.130,554,228802
2026-09-23,000790,4.370,3924,1714788
2026-09-23,000791,7.210,189,136269
2026-09-23,000792,24.880,1460,3632480
2026-09-23,000795,8.350,4524,3777540
2026-09-23,000796,3.750,1398,524250
2026-09-23,000797,2.690,1727,464563
2026-09-23,000798,10.380,452,469176
2026-09-23,000799,37.710,87,328077
2026-09-23,000800,5.920,409,242128
2026-09-23,000801,12.090,394,476346
2026-09-23,000802,4.060,2136,867216
2026-09-23,000803,7.100,59,41890
2026-09-23,000807,27.090,2001,5421197
2026-09-23,000809,3.430,738,253134
2026-09-23,000810,9.690,596,577524
2026-09-23,000811,39.980,1255,5017490
2026-09-23,000812,3.890,2075,807175
2026-09-23,000813,3.300,1067,352110
2026-09-23,000815,16.000,2864,4582400
2026-09-23,000816,2.980,4815,1434807
2026-09-23,000818,12.170,351,427167
2026-09-23,000819,12.340,15,18510
2026-09-23,000820,3.520,335,117920
2026-09-23,000822,4.260,406,172956
2026-09-23,000823,25.150,16574,41683610
2026-09-23,000825,3.400,478,162520
2026-09-23,000828,10.090,468,472212
2026-09-23,000829,9.380,3081,2889978
2026-09-23,000830,11.860,317,375962
2026-09-23,000831,54.400,344,1871360
2026-09-23,000833,19.710,1360,2680560
2026-09-23,000837,9.750,361,351975
2026-09-23,000839,2.920,5055,1476060
2026-09-23,000848,8.090,339,274251
2026-09-23,000850,4.210,1052,442892
2026-09-23,000852,5.510,536,295336
2026-09-23,000856,8.790,561,493119
2026-09-23,000858,70.310,487,3424097
2026-09-23,000859,9.530,6409,6107777
2026-09-23,000860,10.600,127,134620
2026-09-23,000862,5.470,302,165194
2026-09-23,000863,4.680,925,432900
2026-09-23,000868,3.930,7193,2826849
2026-09-23,000869,16.950,75,127125
2026-09-23,000875,4.810,279,134199
2026-09-23,000876,7.200,622,447840
2026-09-23,000877,3.680,662,243616
2026-09-23,000878,17.560,3479,6109124
2026-09-23,000880,25.880,422,1092136
2026-09-23,000881,6.670,220,146740
2026-09-23,000882,1.560,3582,558794
2026-09-23,000883,4.400,331,145640
2026-09-23,000885,11.730,29,34017
2026-09-23,000886,4.690,150,70350
2026-09-23,000887,19.830,1440,2855520
2026-09-23,000888,9.400,142,133480
2026-09-23,000889,3.940,1251,492894
2026-09-23,000890,7.800,841,655980
2026-09-23,000892,4.740,9139,4331886
2026-09-23,000893,39.740,173,687502
2026-09-23,000981,2.860,16369,4681534
2026-09-23,000983,6.580,2135,1404830
2026-09-23,000985,17.650,289,510085
2026-09-23,000987,7.480,393,293964
2026-09-23,000988,107.140,2531,27117134
2026-09-23,000989,8.850,115,101775
2026-09-23,000990,6.590,151,99509
2026-09-23,000993,18.820,16555,31156510
2026-09-23,001213,3.510,316,110916
2026-09-23,001215,33.670,23,77441
2026-09-23,001216,27.660,62883,173935623
2026-09-23,001217,10.970,119,130543
2026-09-23,001218,24.160,28,67648
2026-09-23,001219,12.760,26,33176
2026-09-23,001220,31.970,36,115092
2026-09-23,001221,35.660,46,164036
2026-09-23,001222,16.030,122,195566
2026-09-23,001223,44.930,119,534667
2026-09-23,001225,36.370,9,31278
2026-09-23,001226,46.150,13,59995
2026-09-23,001227,2.110,3074,648614
2026-09-23,001228,34.970,114,398658
2026-09-23,001229,39.640,536,2124704
2026-09-23,001335,33.790,29,97991
2026-09-23,001336,19.740,106,208257
2026-09-23,001337,49.580,129,639582
2026-09-23,001338,9.100,252,229320
2026-09-23,001339,81.360,225,1830600
2026-09-23,001356,9.600,138,132480
2026-09-23,001358,24.890,50,124450
2026-09-23,001359,90.100,86,774860
2026-09-23,001360,21.040,134,281936
2026-09-23,001365,36.590,116,424444
2026-09-23,001366,13.310,249,331419
2026-09-23,001367,21.740,350,760900
2026-09-23,001368,34.480,799,2754952
2026-09-23,001369,12.520,171,214092
2026-09-23,001373,31.120,736,2290432
2026-09-23,001386,16.270,154,250558
2026-09-23,001387,12.000,617,740400
2026-09-23,001388,20.980,162,339876
2026-09-23,001389,196.200,4184,82090080
2026-09-23,001390,17.490,21,36729
2026-09-23,001391,3.920,2231,874552
2026-09-23,001393,42.300,59,249570
2026-09-23,001395,30.120,97,292164
2026-09-23,001396,32.560,2,6512
2026-09-23,001399,23.630,2315,5470345
2026-09-23,002015,15.980,1465,2341070
2026-09-23,002016,4.770,155,73935
2026-09-23,002017,14.880,623,927024
2026-09-23,002019,9.560,149,142444
2026-09-23,002020,11.630,458,532654
2026-09-23,002021,2.610,232,60552
2026-09-23,002022,6.170,4632,2857944
2026-09-23,002023,10.030,704,706212
2026-09-23,002025,73.370,478,3507086
2026-09-23,002026,11.200,2020,2262400
2026-09-23,002027,4.730,2627,1242642
2026-09-23,002028,129.680,2039,26441752
2026-09-23,002029,9.090,2003,1820727
2026-09-23,002030,5.600,556,311360
2026-09-23,002031,5.250,2622,1376550
2026-09-23,002032,39.300,31,121830
2026-09-23,002033,8.410,654,550014
2026-09-23,002034,14.470,10,14470
2026-09-23,002035,4.610,347,159967
2026-09-23,002036,6.360,838,532968
2026-09-23,002037,7.020,582,408564
2026-09-23,002038,5.860,377,220922
2026-09-23,002039,19.180,45,86310
2026-09-23,002040,9.230,602,555646
2026-09-23,002041,10.410,444,462204
2026-09-23,002042,4.000,10808,4323200
2026-09-23,002043,11.270,234,263718
2026-09-23,002044,4.570,1095,500415
2026-09-23,002045,9.370,3850,3607450
2026-09-23,002046,64.340,494,3178396
2026-09-23,002047,3.390,396,134244
2026-09-23,002048,18.550,286,530530
2026-09-23,002049,61.860,614,3798204
2026-09-23,002050,36.300,2340,8494200
2026-09-23,002051,9.420,15666,14757372
2026-09-23,002052,8.470,11,9317
2026-09-23,002053,9.530,52,49556
2026-09-23,002054,7.170,323,231591
2026-09-23,002056,20.390,325,662675
2026-09-23,002057,9.100,288,262080
2026-09-23,002058,17.790,232,412728
2026-09-23,002059,4.620,3293,1521366
2026-09-23,002060,3.040,586,178144
2026-09-23,002061,3.340,254,84836
2026-09-23,002062,9.610,806,774566
2026-09-23,002063,5.400,392,211680
2026-09-23,002064,9.950,219,217905
2026-09-23,002065,6.760,990,669240
2026-09-23,002066,20.330,24,48792
2026-09-23,002067,4.130,1326,547638
2026-09-23,002068,9.980,8990,8972020
2026-09-23,002069,3.720,735,273420
2026-09-23,002072,7.330,447,327651
2026-09-23,002073,5.770,834,481218
2026-09-23,002074,27.620,3490,9639380
2026-09-23,002075,3.560,423,150581
2026-09-23,002076,2.160,1335,288360
2026-09-23,002077,14.000,2754,3855600
2026-09-23,002078,13.720,298,408856
2026-09-23,002079,9.060,1011,915966
2026-09-23,002080,61.410,8069,49551729
2026-09-23,002081,5.250,23012,12081342
2026-09-23,002083,9.810,779,764199
2026-09-23,002084,6.300,23493,14800590
2026-09-23,002085,9.610,361,346921
2026-09-23,002086,2.080,2463,512304
2026-09-23,002088,8.150,99,80685
2026-09-23,002090,9.150,33,30195
2026-09-23,002091,7.570,182,137774
2026-09-23,002092,4.500,815,366750
2026-09-23,002093,7.680,5678,4360704
2026-09-23,002094,5.380,1461,786018
2026-09-23,002095,16.060,743,1193258
2026-09-23,002096,9.380,141,132258
2026-09-23,002097,7.130,258,183954
2026-09-23,002098,8.200,185,151700
2026-09-23,002099,5.600,679,380240
2026-09-23,002100,7.850,74,58090
2026-09-23,002101,8.730,134,116982
2026-09-23,002103,6.840,3476,2377584
2026-09-23,002104,11.630,5858,6812854
2026-09-23,002105,6.050,160,96800
2026-09-23,002106,13.000,3823,4969900
2026-09-23,002107,7.290,839,611631
2026-09-23,002108,4.380,479,209802
2026-09-23,002110,2.900,192,55680
2026-09-23,002111,9.450,235,222075
2026-09-23,002112,14.660,181,265346
2026-09-23,002114,7.330,67,49111
2026-09-23,002115,10.190,803,818257
2026-09-23,002116,7.220,29,20938
2026-09-23,002117,8.000,169,135200
2026-09-23,002119,24.870,2658,6610446
2026-09-23,002120,6.860,635,435610
2026-09-23,002121,4.490,10580,4750420
2026-09-23,002123,8.260,2271,1875846
2026-09-23,002124,2.140,23679,5067306
2026-09-23,002125,12.230,203,248269
2026-09-23,002126,38.300,475,1819250
2026-09-23,002127,3.030,541,163923
2026-09-23,002128,28.140,407,1145298
2026-09-23,002129,9.600,8279,7947840
2026-09-23,002130,16.760,723,1211748
2026-09-23,002131,4.620,19829,9160998
2026-09-23,002132,4.200,896,376320
2026-09-23,002133,2.900,357,103530
2026-09-23,002134,26.780,607,1625546
2026-09-23,002135,6.150,157,96555
2026-09-23,002136,11.870,171,202977
2026-09-23,002137,8.430,3953,3332379
2026-09-23,002138,54.260,971,5268646
2026-09-23,002139,9.600,671,644160
2026-09-23,002140,9.410,198,186318
2026-09-23,002141,7.390,81348,60116172
2026-09-23,002142,34.690,1007,3493283
2026-09-23,002144,10.950,108,118260
2026-09-23,002145,4.770,3403,1623231
2026-09-23,002146,1.250,15055,1881875
2026-09-23,002148,6.700,3042,2038140
2026-09-23,002149,33.590,278,933802
2026-09-23,002150,21.710,379,822809
2026-09-23,002151,30.300,7855,23800650
2026-09-23,002152,9.310,1509,1404879
2026-09-23,002153,7.830,4720,3695760
2026-09-23,002154,3.840,448,172032
2026-09-23,002155,25.120,2745,6895440
2026-09-23,002156,63.560,6485,41220821
2026-09-23,002157,3.010,2053,617953
2026-09-23,002158,28.000,114,319200
2026-09-23,002159,13.450,71,95495
2026-09-23,002160,3.930,441,173313
2026-09-23,002161,6.880,5847,4022736
2026-09-23,002162,4.220,728,307216
2026-09-23,002163,7.880,681,536628
2026-09-23,002164,11.630,12861,14957343
2026-09-23,002165,7.270,4583,3331841
2026-09-23,002166,6.770,73,49421
2026-09-23,002167,16.670,3809,6349603
2026-09-23,002169,14.520,2748,3990096
2026-09-23,002170,10.800,315,340200
2026-09-23,002171,10.630,1160,1232867
2026-09-23,002172,5.580,57091,31856778
2026-09-23,002173,18.450,903,1666035
2026-09-23,002174,14.310,1124,1608444
2026-09-23,002176,8.550,648,554040
2026-09-23,002177,5.720,877,501644
2026-09-23,002178,5.210,57334,29871014
2026-09-23,002179,35.180,264,928752
2026-09-23,002180,17.600,719,1265440
2026-09-23,002181,9.670,7320,7078440
2026-09-23,002182,11.610,319,370359
2026-09-23,002183,4.390,1222,536458
2026-09-23,002184,10.010,286,286286
2026-09-23,002185,18.280,24891,45500748
2026-09-23,002186,9.580,93,89084
2026-09-23,002187,5.580,208,116064
2026-09-23,002188,5.570,723,402711
2026-09-23,002189,19.480,181,352588
2026-09-23,002190,24.290,58,140882
2026-09-23,002191,3.650,449,163885
2026-09-23,002192,62.700,434,2721180
2026-09-23,002194,10.950,1232,1349040
2026-09-23,002195,6.200,2365,1466300
2026-09-23,002196,10.260,379,388854
2026-09-23,002197,6.730,291,195843
2026-09-23,002199,12.750,652,831300
2026-09-23,002200,6.610,75,49575
2026-09-23,002201,10.370,2374,2461838
2026-09-23,002202,17.910,1317,2358747
2026-09-23,002203,18.200,213,387660
2026-09-23,002204,5.450,1164,634380
2026-09-23,002205,10.830,185,200355
2026-09-23,002206,4.970,90,44730
2026-09-23,002208,10.380,572,593321
2026-09-23,002209,13.460,108,145368
2026-09-23,002210,2.160,268,57888
2026-09-23,002212,7.250,7663,5555675
2026-09-23,002213,29.170,596,1738532
2026-09-23,002214,18.630,223,415449
2026-09-23,002215,9.800,258,252840
2026-09-23,002216,11.720,58,67976
2026-09-23,002218,4.130,3047,1258411
2026-09-23,002219,2.150,1010,217150
2026-09-23,002221,5.730,172,98556
2026-09-23,002222,71.430,1198,8557314
2026-09-23,002223,26.550,182,483210
2026-09-23,002224,3.760,16,6016
2026-09-23,002225,3.540,231,81774
2026-09-23,002226,5.440,884,480896
2026-09-23,002228,3.210,968,310728
2026-09-23,002229,11.150,1223,1363645
2026-09-23,002230,39.130,1178,4609514
2026-09-23,002232,15.600,1371,2138760
2026-09-23,002233,7.140,198,141372
2026-09-23,002234,7.920,154,121968
2026-09-23,002235,8.030,365,293095
2026-09-23,002236,15.860,721,1143506
2026-09-23,002237,13.560,2153,2919468
2026-09-23,002238,7.660,25203,19305184
2026-09-23,002239,2.500,877,219250
2026-09-23,002240,27.450,1033,2835585
2026-09-23,002241,24.840,12203,30312252
2026-09-23,002242,9.530,1778,1694434
2026-09-23,002243,7.150,433,309452
2026-09-23,002244,8.680,849,736932
2026-09-23,002333,5.630,355,199865
2026-09-23,002334,6.590,261,171999
2026-09-23,002335,30.270,820,2482140
2026-09-23,002337,4.760,473,225148
2026-09-23,002338,44.710,189,845019
2026-09-23,002339,7.770,1839,1428903
2026-09-23,002340,6.270,2904,1820808
2026-09-23,002342,7.810,965,753665
2026-09-23,002343,5.780,1385,800530
2026-09-23,002344,4.010,62,24862
2026-09-23,002350,14.210,243,345303
2026-09-23,002351,10.150,151,153265
2026-09-23,002352,30.940,474,1466556
2026-09-23,002353,118.950,273,3247335
2026-09-23,002354,8.010,13802,11055402
2026-09-23,002355,4.740,183,86742
2026-09-23,002356,2.720,1025,278800
2026-09-23,002357,12.150,109,132435
2026-09-23,002358,5.330,34,18122
2026-09-23,002361,10.340,1311,1355574
2026-09-23,002362,16.460,300,493800
2026-09-23,002363,6.860,186,127596
2026-09-23,002364,36.590,501,1833159
2026-09-23,002365,14.310,1642,2349702
2026-09-23,002366,5.770,501,289077
2026-09-23,002367,6.060,11960,7247760
2026-09-23,002368,13.410,429,575289
2026-09-23,002369,5.770,178,102706
2026-09-23,002370,5.390,123,66297
2026-09-23,002371,675.010,304,20520304
2026-09-23,002372,8.180,179,146422
2026-09-23,002373,7.470,116,86652
2026-09-23,002374,3.190,530,169070
2026-09-23,002375,3.810,162,61722
2026-09-23,002376,6.790,131,88949
2026-09-23,002397,3.630,410,148830
2026-09-23,002398,4.210,207,87147
2026-09-23,002399,9.730,38,36974
2026-09-23,002400,6.750,9572,6461100
2026-09-23,002401,12.200,107,130540
2026-09-23,002402,18.950,175,331625
2026-09-23,002403,10.380,691,717258
2026-09-23,002404,5.880,125,73500
2026-09-23,002405,6.120,1067,653004
2026-09-23,002406,6.450,107,69015
2026-09-23,002413,8.260,613,506338
2026-09-23,002414,12.210,675,824175
2026-09-23,002415,33.190,966,3206154
2026-09-23,002416,9.200,111,102120
2026-09-23,002418,4.690,2140,1003660
2026-09-23,002419,4.650,207,96255
2026-09-23,002420,6.170,147,90699
2026-09-23,002421,3.250,3432,1115400
2026-09-23,002422,41.880,303,1268964
2026-09-23,002423,9.300,307,285510
2026-09-23,002430,25.600,155,396800
2026-09-23,002432,64.360,936,6024096
2026-09-23,002434,6.230,977,608671
2026-09-23,002436,44.470,11844,52670980
2026-09-23,002437,3.730,18745,6991885
2026-09-23,002438,13.610,241,328001
2026-09-23,002439,14.640,5356,7841184
2026-09-23,002440,13.070,2332,3047924
2026-09-23,002441,8.190,43,35217
2026-09-23,002442,5.700,6472,3689040
2026-09-23,002443,14.030,2344,3288632
2026-09-23,002444,28.100,126,354060
2026-09-23,002445,3.160,1715,541940
2026-09-23,002446,8.260,449,370874
2026-09-23,002448,11.240,273,306852
2026-09-23,002449,6.640,916,608224
2026-09-23,002451,7.700,109,83930
2026-09-23,002452,12.140,46,55844
2026-09-23,002453,5.320,39545,21037940
2026-09-23,002454,5.080,46,23368
2026-09-23,002455,7.020,165,115830
2026-09-23,002456,6.960,1969,1370424
2026-09-23,002457,11.420,604,689768
2026-09-23,002458,8.330,683,568939
2026-09-23,002459,6.890,640,440960
2026-09-23,002460,46.400,893,4143520
2026-09-23,002461,8.420,64,53888
2026-09-23,002462,12.410,118,146438
2026-09-23,002463,124.660,741,9232444
2026-09-23,002465,10.340,1215,1256310
2026-09-23,002466,43.140,562,2424468
2026-09-23,002467,5.010,64645,32387145
2026-09-23,002468,14.810,583,863423
2026-09-23,002469,6.260,1457,912082
2026-09-23,002470,2.130,11915,2537895
2026-09-23,002471,5.750,2702,1553650
2026-09-23,002472,37.740,125,471750
2026-09-23,002474,6.640,2221,1474744
2026-09-23,002475,54.900,2095,11503581
2026-09-23,002476,5.000,265,132500
2026-09-23,002478,6.460,428,276488
2026-09-23,002479,5.950,727,432565
2026-09-23,002480,5.270,26,13702
2026-09-23,002481,4.270,531,226737
2026-09-23,002482,1.370,5863,803231
2026-09-23,002483,6.340,373,236482
2026-09-23,002484,60.850,617,3754445
2026-09-23,002486,2.770,416,115232
2026-09-23,002487,37.900,3196,12112840
2026-09-23,002488,7.620,297,226314
2026-09-23,002489,3.090,2249,694941
2026-09-23,002490,7.280,1526,1110928
2026-09-23,002491,24.450,23494,57442610
2026-09-23,002492,6.390,530,338670
2026-09-23,002493,13.200,2807,3705240
2026-09-23,002494,4.900,1237,606130
2026-09-23,002495,2.430,487,118341
2026-09-23,002496,2.140,544,116416
2026-09-23,002497,16.700,711,1187370
2026-09-23,002498,6.480,1875,1215000
2026-09-23,002500,5.280,423,223344
2026-09-23,002506,2.480,3548,879904
2026-09-23,002507,11.130,59,65667
2026-09-23,002508,16.560,316,523213
2026-09-23,002510,5.770,1516,874732
2026-09-23,002511,7.050,481,339105
2026-09-23,002513,5.370,220,118140
2026-09-23,002515,7.700,1248,960960
2026-09-23,002516,5.690,851,484219
2026-09-23,002517,16.790,768,1289472
2026-09-23,002518,39.110,506,1978966
2026-09-23,002519,5.940,1521,903474
2026-09-23,002520,6.390,991,633249
2026-09-23,002521,6.370,37,23569
2026-09-23,002522,5.940,9006,5349564
2026-09-23,002523,3.370,269,90653
2026-09-23,002524,4.110,240,98640
2026-09-23,002526,2.630,567,149121
2026-09-23,002527,10.730,67,71891
2026-09-23,002529,6.730,336,226128
2026-09-23,002530,7.320,446,326472
2026-09-23,002531,7.260,14789,10736814
2026-09-23,002532,12.660,970,1228020
2026-09-23,002533,10.900,136,148240
2026-09-23,002534,17.590,268,471412
2026-09-23,002535,2.440,623,152012
2026-09-23,002536,52.550,1730,9091150
2026-09-23,002537,5.920,1784,1056128
2026-09-23,002539,12.280,206,252968
2026-09-23,002540,5.030,71,35713
2026-09-23,002541,17.920,235,421120
2026-09-23,002543,7.210,236,170156
2026-09-23,002544,16.100,139,223790
2026-09-23,002545,15.780,290,457620
2026-09-23,002546,7.580,658,498764
2026-09-23,002548,4.030,613,247039
2026-09-23,002549,13.440,468,628992
2026-09-23,002550,6.550,982,643210
2026-09-23,002551,3.380,670,226460
2026-09-23,002552,53.020,885,4692270
2026-09-23,002553,15.830,102,161466
2026-09-23,002554,2.800,260,72800
2026-09-23,002555,17.760,484,859584
2026-09-23,002556,5.180,452,234136
2026-09-23,002557,18.180,117,212706
2026-09-23,002558,24.180,3234,7819812
2026-09-23,002559,9.130,383,349679
2026-09-23,002560,7.350,3455,2539425
2026-09-23,002561,7.500,191,143250
2026-09-23,002562,4.920,171,84132
2026-09-23,002563,5.480,202,110696
2026-09-23,002564,5.540,35559,19699686
2026-09-23,002565,9.010,1951,1757851
2026-09-23,002566,7.120,257,182984
2026-09-23,002567,3.760,359,134984
2026-09-23,002568,19.190,7407,14214033
2026-09-23,002570,4.460,192,85632
2026-09-23,002571,11.150,18,20070
2026-09-23,002572,7.510,424,318424
2026-09-23,002573,3.140,169,53066
2026-09-23,002574,5.100,462,235620
2026-09-23,002575,5.300,10133,5370490
2026-09-23,002576,14.440,161,232484
2026-09-23,002577,22.500,147,330750
2026-09-23,002578,4.180,270,112860
2026-09-23,002579,18.870,8855,16710140
2026-09-23,002580,19.240,1916,3686384
2026-09-23,002582,9.850,493,485605
2026-09-23,002583,8.130,436,354468
2026-09-23,002584,9.230,9755,9003865
2026-09-23,002585,11.900,25933,30860270
2026-09-23,002586,3.750,193,72375
2026-09-23,002587,5.340,174,92916
2026-09-23,002588,7.740,132,102168
2026-09-23,002589,3.510,96640,33920640
2026-09-23,002590,9.680,94,90992
2026-09-23,002591,6.370,363,231231
2026-09-23,002593,4.580,48,21984
2026-09-23,002594,86.000,1789,15385400
2026-09-23,002595,39.970,56,223832
2026-09-23,002596,3.270,4599,1503873
2026-09-23,002597,22.180,58,128644
2026-09-23,002599,5.600,90,50400
2026-09-23,002600,12.550,4831,6062905
2026-09-23,002601,15.250,41,62525
2026-09-23,002602,14.580,3067,4471686
2026-09-23,002603,15.520,180,279360
2026-09-23,002605,16.820,284,477688
2026-09-23,002606,12.640,140,176960
2026-09-23,002607,1.950,13569,2645955
2026-09-23,002608,7.320,340,248880
2026-09-23,002609,7.820,64,50048
2026-09-23,002611,13.880,232,322016
2026-09-23,002612,17.220,91,156702
2026-09-23,002613,3.530,2144,756832
2026-09-23,002614,7.570,138203,104619671
2026-09-23,002615,6.420,882,566244
2026-09-23,002616,4.900,101,49490
2026-09-23,002617,6.880,4860,3343680
2026-09-23,002622,2.690,9620,2587780
2026-09-23,002623,19.680,1213,2387184
2026-09-23,002624,9.970,1025,1021925
2026-09-23,002625,27.600,3047,8409720
2026-09-23,002626,16.770,24,40248
2026-09-23,002627,6.760,612,413712
2026-09-23,002628,5.180,50,25900
2026-09-23,002629,4.360,601,262036
2026-09-23,002631,14.200,6652,9445840
2026-09-23,002632,9.810,490,480690
2026-09-23,002633,15.110,1089,1645479
2026-09-23,002635,15.290,789,1206381
2026-09-23,002636,83.800,4170,34944600
2026-09-23,002637,11.100,692,768120
2026-09-23,002638,4.310,192,82752
2026-09-23,002639,14.020,2131,2987662
2026-09-23,002640,3.710,12171,4515441
2026-09-23,002641,3.850,49,18865
2026-09-23,002642,7.140,333,237762
2026-09-23,002643,13.210,259,342139
2026-09-23,002644,8.450,241,203645
2026-09-23,002645,18.420,770,1418340
2026-09-23,002646,7.030,362,254479
2026-09-23,002647,11.780,2210,2603380
2026-09-23,002648,26.780,706,1890668
2026-09-23,002649,9.460,179,169334
2026-09-23,002651,8.290,456,378024
2026-09-23,002652,4.820,502,241964
2026-09-23,002653,66.020,88,580976
2026-09-23,002654,14.010,906,1269306
2026-09-23,002655,39.360,898,3534528
2026-09-23,002656,2.800,437,122360
2026-09-23,002657,15.690,179,280851
2026-09-23,002658,7.370,10,7370
2026-09-23,002696,6.940,539,374066
2026-09-23,002697,4.710,295,138945
2026-09-23,002698,11.480,169,194012
2026-09-23,002700,6.430,91,58513
2026-09-23,002701,4.400,194,85360
2026-09-23,002702,5.650,1338,755970
2026-09-23,002703,16.100,4904,7895440
2026-09-23,002705,11.800,174,205320
2026-09-23,002706,8.780,541,474998
2026-09-23,002707,5.210,621,323541
2026-09-23,002785,41.540,81,336474
2026-09-23,002786,7.890,203,160167
2026-09-23,002787,26.660,1085,2892610
2026-09-23,002788,11.250,432,486000
2026-09-23,002790,6.690,2886,1930734
2026-09-23,002827,76.000,3495,26562000
2026-09-23,002828,11.000,777,854700
2026-09-23,002829,20.330,210,426930
2026-09-23,002830,15.090,34,51306
2026-09-23,002831,28.610,108,308988
2026-09-23,002832,25.610,32,81952
2026-09-23,002833,18.440,64,118016
2026-09-23,002835,13.200,191,252120
2026-09-23,002836,11.170,5584,6237328
2026-09-23,002837,61.510,1389,8543739
2026-09-23,002855,13.530,1544,2089032
2026-09-23,002857,17.930,56,100408
2026-09-23,002858,11.650,44,51260
2026-09-23,002859,67.150,648,4351320
2026-09-23,002895,30.750,55,169125
2026-09-23,002896,61.250,122,747250
2026-09-23,002897,69.320,386,2675752
2026-09-23,002899,21.240,34,72216
2026-09-23,002900,12.970,2791,3619927
2026-09-23,002901,40.400,26,105040
2026-09-23,002902,29.010,1474,4277263
2026-09-23,002903,31.260,180,562680
2026-09-23,002905,8.920,566,504872
2026-09-23,002906,27.960,623,1741908
2026-09-23,002907,14.980,2435,3647630
2026-09-23,002908,7.120,196,139552
2026-09-23,002909,6.850,4097,2806445
2026-09-23,002910,10.180,249,253482
2026-09-23,002911,11.250,143,160875
2026-09-23,002912,26.250,11704,30723840
2026-09-23,002913,88.320,1159,10235228
2026-09-23,002915,17.280,205,354240
2026-09-23,002916,399.020,457,18235214
2026-09-23,002917,10.380,25,25950
2026-09-23,002918,11.350,1162,1318870
2026-09-23,002919,17.070,51,87057
2026-09-23,002920,84.500,97,819650
2026-09-23,002921,20.770,45,93465
2026-09-23,002922,23.750,791,1878625
2026-09-23,002923,11.280,58,65424
2026-09-23,002925,24.830,301,747383
2026-09-23,002926,8.430,606,510858
2026-09-23,002927,19.970,1722,3438834
2026-09-23,002928,6.530,4509,2944377
2026-09-23,002929,52.930,919,4864267
2026-09-23,002930,9.180,132,121176
2026-09-23,002931,41.400,36,149040
2026-09-23,002933,27.680,17,47056
2026-09-23,002935,16.000,182,291200
2026-09-23,002936,1.740,3155,548970
2026-09-23,002937,27.280,76,207328
2026-09-23,002938,88.560,511,4525416
2026-09-23,002939,7.910,449,355159
2026-09-23,002940,23.600,199,469640
2026-09-23,002941,10.570,108,114156
2026-09-23,002942,17.000,192,326400
2026-09-23,002943,31.220,85,265370
2026-09-23,002945,14.990,1404,2104596
2026-09-23,002946,14.510,108,156708
2026-09-23,002947,66.480,51,339048
2026-09-23,002948,6.030,3482,2099646
2026-09-23,002949,13.120,191,250592
2026-09-23,002950,8.620,32,27584
2026-09-23,002951,16.240,48,77952
2026-09-23,002952,19.760,52,102752
2026-09-23,002953,10.730,187,200651
2026-09-23,002955,38.380,155,594890
2026-09-23,002956,18.020,600,1081200
2026-09-23,002957,44.300,3341,14800630
2026-09-23,002958,2.930,1694,496342
2026-09-23,002959,32.180,8,25744
2026-09-23,002960,8.820,134,118188
2026-09-23,002961,14.000,692,968240
2026-09-23,002962,13.590,63,85617
2026-09-23,002963,23.710,1411,3345481
2026-09-23,002965,32.890,798,2624622
2026-09-23,002966,9.080,484,439472
2026-09-23,002967,17.070,51,87057
2026-09-23,002968,9.700,157,152290
2026-09-23,002969,11.280,614,692592
2026-09-23,002970,44.980,176,791648
2026-09-23,002971,42.560,9154,38959424
2026-09-23,002972,13.490,187,252263
2026-09-23,002973,12.500,246,307500
2026-09-23,002975,108.380,661,7163918
2026-09-23,002976,26.530,124,328707
2026-09-23,002978,25.270,22,55594
2026-09-23,002979,54.550,1067,5820485
2026-09-23,002980,115.360,1360,15688960
2026-09-23,002981,25.000,204,510000
2026-09-23,002982,13.000,2001,2601300
2026-09-23,002983,23.010,91,209391
2026-09-23,002984,13.160,56,73696
2026-09-23,002985,28.020,67,187734
2026-09-23,002986,13.200,167,220440
2026-09-23,002987,11.160,336,374976
2026-09-23,002988,31.630,74,234062
2026-09-23,002989,25.510,3329,8492279
2026-09-23,002990,52.990,306,1621494
2026-09-23,002991,37.600,145,545200
2026-09-23,002992,34.220,74,253228
2026-09-23,002993,36.000,231,831600
2026-09-23,002995,17.930,674,1208482
2026-09-23,002996,5.980,46,27508
2026-09-23,002997,26.720,56,149632
2026-09-23,002998,8.080,148,119584
2026-09-23,002999,6.540,282,184428
2026-09-23,003000,9.520,305,290360
2026-09-23,003001,21.370,1705,3643585
2026-09-23,003002,16.590,49,81291
2026-09-23,003003,11.010,262,288462
2026-09-23,003004,59.390,73,433547
2026-09-23,003005,15.500,1864,2889200
2026-09-23,003006,22.130,1936,4284368
2026-09-23,003007,41.310,27,111537
2026-09-23,003008,19.680,103,202704
2026-09-23,003009,47.520,142,674784
2026-09-23,003010,28.300,107,302810
2026-09-23,003011,19.820,177,350814
2026-09-23,003012,4.660,208,96928
2026-09-23,003013,16.480,553,911344
2026-09-23,003015,12.570,23,28911
2026-09-23,003016,7.500,67,50250
2026-09-23,003017,23.060,6,13836
2026-09-23,003018,48.000,1586,7612800
2026-09-23,003019,28.100,36,101160
2026-09-23,003020,17.490,22,38478
2026-09-23,003021,71.510,149,1065499
2026-09-23,003022,19.410,75,145575
2026-09-23,003023,25.800,144,371520
2026-09-23,003025,12.280,160,196480
2026-09-23,003026,35.820,6105,21868110
2026-09-23,003027,16.500,86,141900
2026-09-23,003028,23.860,6,14316
2026-09-23,003029,18.110,2019,3656409
2026-09-23,003030,27.330,236,644988
2026-09-23,003031,133.590,355,4742445
2026-09-23,003032,10.450,32250,33701250
2026-09-23,003033,89.320,186,1661352
2026-09-23,003035,5.480,1257,688836
2026-09-23,003036,55.240,786,4341864
2026-09-23,003037,5.780,59,34102
2026-09-23,003038,10.900,49,53410
2026-09-23,003039,12.810,167,213927
2026-09-23,003040,17.100,6602,11289420
2026-09-23,003041,43.600,160,697600
2026-09-23,003042,14.440,282,407208
2026-09-23,003043,64.400,170,1094800
2026-09-23,003816,4.190,1464,613416
2026-09-23,600000,9.020,1390,1253780
2026-09-23,600004,7.640,64,48896
2026-09-23,600006,5.300,544,288320
2026-09-23,600007,19.710,123,242433
2026-09-23,600008,2.740,1265,346610
2026-09-23,600009,22.810,173,394613
2026-09-23,600010,2.120,5867,1243719
2026-09-23,600011,6.780,1830,1240740
2026-09-23,600012,15.380,222,341436
2026-09-23,600015,6.240,1922,1199328
2026-09-23,600016,3.490,8278,2888861
2026-09-23,600017,2.810,435,122235
2026-09-23,600018,5.350,644,344540
2026-09-23,600019,5.730,678,388494
2026-09-23,600020,3.820,494,188899
2026-09-23,600021,13.440,749,1006656
2026-09-23,600022,1.310,1894,248114
2026-09-23,600023,4.990,1054,525946
2026-09-23,600025,9.600,812,779520
2026-09-23,600026,21.550,13036,28093377
2026-09-23,600027,4.790,1907,913453
2026-09-23,600028,5.290,14672,7761541
2026-09-23,600029,4.970,4257,2115729
2026-09-23,600030,26.900,2788,7499720
2026-09-23,600031,17.720,1963,3478861
2026-09-23,600032,6.940,345,239430
2026-09-23,600033,3.610,1347,486267
2026-09-23,600035,3.640,449,163436
2026-09-23,600036,40.830,2560,10452480
2026-09-23,600037,7.160,600,429600
2026-09-23,600038,27.430,237,650091
2026-09-23,600039,8.750,109,95375
2026-09-23,600048,5.660,12210,6910860
2026-09-23,600050,4.210,2175,915675
2026-09-23,600051,6.290,366,230214
2026-09-23,600052,3.720,73,27156
2026-09-23,600054,10.770,291,313407
2026-09-23,600055,10.330,68,70244
2026-09-23,600056,9.040,168,151872
2026-09-23,600057,6.170,687,423879
2026-09-23,600058,9.000,254,228600
2026-09-23,600059,10.760,9753,10494228
2026-09-23,600060,27.680,420,1162560
2026-09-23,600061,6.340,1057,670138
2026-09-23,600062,16.110,69,111159
2026-09-23,600063,5.620,865,486130
2026-09-23,600064,7.730,297,229581
2026-09-23,600066,26.110,504,1315944
2026-09-23,600067,2.690,427,114863
2026-09-23,600071,16.800,13,21840
2026-09-23,600072,8.910,273,243243
2026-09-23,600073,5.520,136,75072
2026-09-23,600075,4.630,211,97693
2026-09-23,600076,2.250,3262,733950
2026-09-23,600078,10.300,73,75190
2026-09-23,600081,10.420,23,23966
2026-09-23,600085,23.580,159,374922
2026-09-23,600088,14.550,7661,11146755
2026-09-23,600089,18.210,714,1300194
2026-09-23,600094,4.130,233,96229
2026-09-23,600095,8.970,3478,3119766
2026-09-23,600096,28.170,509,1433853
2026-09-23,600097,9.380,95,89110
2026-09-23,600098,6.190,220,136180
2026-09-23,600099,9.330,108,100764
2026-09-23,600100,6.900,215,148350
2026-09-23,600101,7.960,113,89948
2026-09-23,600103,3.780,6788,2565864
2026-09-23,600104,11.050,1530,1690650
2026-09-23,600105,46.000,7364,33874538
2026-09-23,600126,6.300,4819,3035970
2026-09-23,600127,16.410,40948,67195668
2026-09-23,600128,8.590,37,31783
2026-09-23,600129,13.860,343,475398
2026-09-23,600130,4.710,2180,1026780
2026-09-23,600131,14.460,75,108450
2026-09-23,600132,38.240,166,634784
2026-09-23,600133,7.980,112,89376
2026-09-23,600135,7.760,820,636320
2026-09-23,600137,17.900,300,537000
2026-09-23,600167,5.630,75,42225
2026-09-23,600168,4.350,329,143115
2026-09-23,600170,2.220,3823,848706
2026-09-23,600171,23.100,481,1111110
2026-09-23,600172,15.910,10700,17023700
2026-09-23,600173,5.950,45,26775
2026-09-23,600176,45.110,7554,34075372
2026-09-23,600177,8.100,477,386370
2026-09-23,600178,9.540,31,29574
2026-09-23,600179,4.580,936,428688
2026-09-23,600222,8.120,705,572460
2026-09-23,600223,5.670,180,102060
2026-09-23,600226,5.970,2024,1208328
2026-09-23,600227,4.270,21573,9211671
2026-09-23,600228,11.910,1234,1469694
2026-09-23,600271,6.790,176,119504
2026-09-23,600272,16.780,2622,4399716
2026-09-23,600273,6.360,207,131652
2026-09-23,600276,45.590,1274,5808166
2026-09-23,600278,6.610,41,27101
2026-09-23,600279,4.340,70,30380
2026-09-23,600280,3.130,983,307679
2026-09-23,600281,4.870,21202,10325374
2026-09-23,600282,4.380,1150,503700
2026-09-23,600283,8.060,50,40300
2026-09-23,600352,12.630,1571,1984173
2026-09-23,600353,33.200,2632,8738240
2026-09-23,600354,10.120,6420,6497040
2026-09-23,600356,11.100,5491,6095010
2026-09-23,600358,5.160,31,15996
2026-09-23,600359,7.960,1460,1162160
2026-09-23,600360,11.350,4105,4659175
2026-09-23,600361,3.530,812,286636
2026-09-23,600362,45.480,5126,23313048
2026-09-23,600363,15.800,2177,3439660
2026-09-23,600366,11.400,696,793440
2026-09-23,600367,37.650,3403,12812295
2026-09-23,600368,4.060,1865,757190
2026-09-23,600369,3.990,429,171171
2026-09-23,600371,15.390,9670,14882130
2026-09-23,600372,11.520,488,562176
2026-09-23,600373,7.680,5573,4280064
2026-09-23,600375,3.710,367,136157
2026-09-23,600376,3.360,3678,1235808
2026-09-23,600377,12.540,1143,1433322
2026-09-23,600378,46.910,1097,5146027
2026-09-23,600379,14.890,1510,2248390
2026-09-23,600380,9.360,80,74880
2026-09-23,600382,6.020,859,517118
2026-09-23,600383,2.480,22292,5528495
2026-09-23,600386,3.580,406,145348
2026-09-23,600388,17.180,139,238802
2026-09-23,600389,18.780,157,294846
2026-09-23,600390,4.910,382,187562
2026-09-23,600391,42.400,211,894640
2026-09-23,600392,22.150,1095,2425425
2026-09-23,600395,5.150,646,332690
2026-09-23,600396,13.700,7224,9896880
2026-09-23,600397,17.350,2396,4157060
2026-09-23,600398,5.710,976,557296
2026-09-23,600399,4.370,1380,603060
2026-09-23,600400,3.440,1495,514280
2026-09-23,600403,7.530,25990,19570470
2026-09-23,600405,5.020,276,138552
2026-09-23,600406,22.250,1123,2498542
2026-09-23,600408,3.130,1792,560896
2026-09-23,600409,6.340,225,142650
2026-09-23,600410,16.150,11117,17953955
2026-09-23,600415,11.820,469,554358
2026-09-23,600416,8.570,270,231390
2026-09-23,600418,21.970,50335,110585995
2026-09-23,600419,8.750,286,250250
2026-09-23,600420,8.370,154,128898
2026-09-23,600422,8.250,18,14850
2026-09-23,600425,3.630,60,21780
2026-09-23,600426,20.250,320,648608
2026-09-23,600428,11.300,402,454260
2026-09-23,600429,4.550,201,91455
2026-09-23,600433,3.370,444,149628
2026-09-23,600435,11.690,394,460586
2026-09-23,600436,120.200,109,1310180
2026-09-23,600438,11.720,1631,1911532
2026-09-23,600444,14.360,187,268532
2026-09-23,600446,10.900,498,542820
2026-09-23,600448,3.470,116188,40317281
2026-09-23,600449,13.100,186,243660
2026-09-23,600452,9.030,401,362103
2026-09-23,600455,24.400,151,368440
2026-09-23,600456,25.640,46,117944
2026-09-23,600458,11.230,348,390804
2026-09-23,600459,19.290,580,1118820
2026-09-23,600460,33.530,4409,14783377
2026-09-23,600461,8.820,1014,894692
2026-09-23,600463,8.360,121,101156
2026-09-23,600467,2.430,1127,273861
2026-09-23,600468,6.300,596,375480
2026-09-23,600469,5.040,59,29736
2026-09-23,600470,5.800,268,155440
2026-09-23,600475,14.920,149,222308
2026-09-23,600477,2.430,219,53217
2026-09-23,600478,4.580,783,358614
2026-09-23,600479,13.090,15794,20674346
2026-09-23,600480,7.710,185,142635
2026-09-23,600481,4.080,972,396576
2026-09-23,600482,35.640,180,641520
2026-09-23,600483,10.700,417,446190
2026-09-23,600486,53.100,26,138060
2026-09-23,600487,73.070,11529,84242403
2026-09-23,600488,6.060,2945,1784670
2026-09-23,600489,23.600,3269,7714840
2026-09-23,600490,7.200,973,700560
2026-09-23,600493,6.430,489,314427
2026-09-23,600495,4.110,102,41922
2026-09-23,600496,3.300,488,161040
2026-09-23,600497,9.810,3343,3279483
2026-09-23,600498,43.450,2469,10727805
2026-09-23,600499,11.850,9907,11739795
2026-09-23,600500,5.750,4673,2686975
2026-09-23,600501,14.850,36,53460
2026-09-23,600502,4.130,1000,413000
2026-09-23,600503,2.670,64165,17132055
2026-09-23,600505,10.560,75,79200
2026-09-23,600506,17.500,1510,2642500
2026-09-23,600507,4.070,201,81807
2026-09-23,600508,10.920,430,469778
2026-09-23,600509,7.320,326,238632
2026-09-23,600510,6.760,317,214292
2026-09-23,600511,26.130,28,73164
2026-09-23,600512,2.080,766,159328
2026-09-23,600513,15.380,154,236852
2026-09-23,600515,2.750,3300,907500
2026-09-23,600516,5.460,2978,1625988
2026-09-23,600517,4.980,431,214638
2026-09-23,600518,1.360,1808,245941
2026-09-23,600519,1255.030,63,7919239
2026-09-23,600520,25.790,112,288848
2026-09-23,600521,16.500,618,1019700
2026-09-23,600522,36.600,10125,37057500
2026-09-23,600523,12.060,68,82008
2026-09-23,600525,4.980,280,139440
2026-09-23,600526,4.530,439,198867
2026-09-23,600527,2.200,222,48840
2026-09-23,600528,6.840,114,77976
2026-09-23,600529,18.460,340,627640
2026-09-23,600531,12.250,824,1009400
2026-09-23,600533,2.260,478,108028
2026-09-23,600535,13.940,274,381956
2026-09-23,600536,31.960,625,1997500
2026-09-23,600538,4.900,157,76930
2026-09-23,600539,13.770,351,483327
2026-09-23,600540,5.900,25248,14896320
2026-09-23,600545,4.550,3558,1618890
2026-09-23,600546,13.510,1016,1372616
2026-09-23,600547,31.500,1941,6114150
2026-09-23,600548,8.100,143,115830
2026-09-23,600549,49.330,1306,6442498
2026-09-23,600550,10.700,732,783240
2026-09-23,600551,7.820,1678,1312196
2026-09-23,600552,17.890,1652,2955428
2026-09-23,600556,4.810,2750,1322750
2026-09-23,600557,12.420,453,562626
2026-09-23,600558,4.820,465,224130
2026-09-23,600559,11.220,340,381480
2026-09-23,600560,11.380,82,93316
2026-09-23,600561,5.930,584,346312
2026-09-23,600562,28.550,224,639520
2026-09-23,600563,124.000,315,3906000
2026-09-23,600566,24.780,17,42126
2026-09-23,600567,1.330,2848,378784
2026-09-23,600569,1.770,523,92571
2026-09-23,600570,20.450,567,1160108
2026-09-23,600571,10.580,178,188324
2026-09-23,600572,4.300,3806,1636580
2026-09-23,600573,9.960,98,97608
2026-09-23,600575,3.190,717,228723
2026-09-23,600576,5.450,73,39785
2026-09-23,600577,8.900,1794,1596660
2026-09-23,600578,5.340,2269,1211646
2026-09-23,600579,7.240,58,41992
2026-09-23,600580,27.410,286,783926
2026-09-23,600582,4.850,176,85360
2026-09-23,600583,6.430,619,398017
2026-09-23,600584,72.400,3575,25883000
2026-09-23,600585,17.090,130,221401
2026-09-23,600586,4.060,345,140070
2026-09-23,600587,13.430,13394,17988102
2026-09-23,600588,9.820,3284,3224888
2026-09-23,600589,8.190,10655,8726445
2026-09-23,600590,8.620,247,212914
2026-09-23,600592,14.500,56,81200
2026-09-23,600593,47.980,1583,7595234
2026-09-23,600594,3.750,694,260250
2026-09-23,600595,6.040,745,449980
2026-09-23,600596,11.770,2203,2593013
2026-09-23,600597,6.730,236,158828
2026-09-23,600598,13.050,711,927855
2026-09-23,600600,50.120,46,230552
2026-09-23,600601,15.360,9506,14601830
2026-09-23,600602,17.210,584,1005064
2026-09-23,600603,4.830,36,17388
2026-09-23,600604,4.890,1445,706605
2026-09-23,600605,28.930,153,442629
2026-09-23,600606,1.520,85107,12936266
2026-09-23,600609,3.620,2968,1074416
2026-09-23,600610,8.060,2843,2291458
2026-09-23,600611,4.650,10687,4969576
2026-09-23,600612,31.750,52,165100
2026-09-23,600613,9.100,14971,13623610
2026-09-23,600615,9.500,41,38950
2026-09-23,600616,5.180,12442,6444956
2026-09-23,600617,3.350,426,142710
2026-09-23,600618,9.880,13,12844
2026-09-23,600619,13.510,1656,2237256
2026-09-23,600620,4.380,169,74022
2026-09-23,600621,14.010,1342,1880142
2026-09-23,600622,2.490,2544,633456
2026-09-23,600623,8.450,328,277160
2026-09-23,600626,3.830,469,179627
2026-09-23,600628,6.360,99,62964
2026-09-23,600629,16.790,676,1135004
2026-09-23,600630,8.940,35383,31632402
2026-09-23,600633,10.450,643,671935
2026-09-23,600635,4.560,639,291384
2026-09-23,600637,8.950,3028,2710060
2026-09-23,600638,5.080,1334,677672
2026-09-23,600639,9.630,127,122301
2026-09-23,600640,13.100,10278,13464180
2026-09-23,600641,44.500,17757,79017849
2026-09-23,600642,8.700,704,612471
2026-09-23,600643,4.110,256,105216
2026-09-23,600644,9.660,3947,3812802
2026-09-23,600645,19.200,290,556800
2026-09-23,600648,9.430,387,364941
2026-09-23,600649,4.070,510,207570
2026-09-23,600650,10.430,215,224245
2026-09-23,600651,5.200,700,364000
2026-09-23,600653,1.700,1606,273020
2026-09-23,600654,3.080,1190,366520
2026-09-23,600655,4.620,122,56364
2026-09-23,600657,3.220,3923,1263206
2026-09-23,600658,4.160,357,148512
2026-09-23,600660,53.830,209,1125047
2026-09-23,600661,8.950,581,519995
2026-09-23,600662,4.270,69,29463
2026-09-23,600663,8.800,381,335280
2026-09-23,600664,9.420,191254,180161504
2026-09-23,600665,3.480,1011,351828
2026-09-23,600666,3.480,4582,1594536
2026-09-23,600667,20.100,8292,16667925
2026-09-23,600668,7.380,103,76014
2026-09-23,600671,23.760,108,256608
2026-09-23,600673,32.300,740,2390200
2026-09-23,600682,5.890,498,293322
2026-09-23,600683,9.880,546,539448
2026-09-23,600684,3.620,276,99912
2026-09-23,600685,29.860,450,1343700
2026-09-23,600686,11.140,211,235054
2026-09-23,600688,2.790,3591,1001889
2026-09-23,600689,12.000,157,188400
2026-09-23,600690,20.170,848,1709488
2026-09-23,600691,2.890,1308,378012
2026-09-23,600692,6.590,229,150911
2026-09-23,600718,8.150,208,169520
2026-09-23,600719,8.030,1028,825484
2026-09-23,600720,5.160,160,82560
2026-09-23,600721,13.940,30932,43119208
2026-09-23,600722,17.480,10503,18359244
2026-09-23,600724,4.990,125,62375
2026-09-23,600725,3.310,65,21515
2026-09-23,600726,5.270,887,467449
2026-09-23,600727,7.570,221,167297
2026-09-23,600755,5.810,610,354410
2026-09-23,600756,14.060,173,243238
2026-09-23,600757,7.440,483,359352
2026-09-23,600758,3.700,1649,610130
2026-09-23,600760,44.710,1026,4587246
2026-09-23,600761,15.370,95,146015
2026-09-23,600763,33.630,156,524628
2026-09-23,600764,18.630,132,245916
2026-09-23,600765,13.480,268,361264
2026-09-23,600768,14.900,197,293530
2026-09-23,600792,5.580,17461,9743238
2026-09-23,600793,17.360,135,234360
2026-09-23,600794,3.190,365,116435
2026-09-23,600795,5.180,1669,864542
2026-09-23,600796,5.090,58,29522
2026-09-23,600797,6.780,652,442056
2026-09-23,600798,3.420,966,330372
2026-09-23,600800,3.300,838,276540
2026-09-23,600801,23.720,80,189760
2026-09-23,600802,5.450,2643,1440435
2026-09-23,600803,18.530,337,624461
2026-09-23,600805,4.570,411,187827
2026-09-23,600807,2.670,267,71289
2026-09-23,600808,2.510,1130,283630
2026-09-23,600809,112.970,121,1367502
2026-09-23,600829,10.040,363,364452
2026-09-23,600830,8.650,373,322645
2026-09-23,600831,3.420,225,76950
2026-09-23,600833,10.840,97,105148
2026-09-23,600834,7.680,42,32256
2026-09-23,600835,18.270,177,323379
2026-09-23,600838,8.570,1223,1048111
2026-09-23,600839,6.700,1140,763793
2026-09-23,600841,5.840,203,118552
2026-09-23,600843,7.250,2218,1608050
2026-09-23,600844,3.390,2346,795294
2026-09-23,600880,4.780,17142,8193876
2026-09-23,600881,1.900,3634,690460
2026-09-23,600882,19.560,24,46944
2026-09-23,600883,8.150,200,163000
2026-09-23,600884,11.450,4667,5343715
2026-09-23,600885,33.830,119,402577
2026-09-23,600886,14.250,359,511575
2026-09-23,600887,26.770,1432,3832902
2026-09-23,600888,10.230,664,679272
2026-09-23,600892,4.250,7791,3311175
2026-09-23,600893,39.650,692,2743780
2026-09-23,600894,7.650,1985,1518525
2026-09-23,600895,29.010,1299,3768399
2026-09-23,600897,15.100,210,317100
2026-09-23,600900,28.010,2764,7741964
2026-09-23,600901,6.750,293,197775
2026-09-23,600903,6.990,4082,2853318
2026-09-23,600905,3.640,1930,702520
2026-09-23,600906,6.460,1246,804916
2026-09-23,600908,5.740,970,556780
2026-09-23,600909,8.180,1606,1313708
2026-09-23,600916,7.450,319,237655
2026-09-23,600917,4.890,136,66504
2026-09-23,600918,5.560,558,310248
2026-09-23,600919,12.080,3774,4558992
2026-09-23,600925,4.120,229,94348
2026-09-23,600926,17.080,790,1349320
2026-09-23,600927,12.430,104,129272
2026-09-23,600928,3.510,1073,376623
2026-09-23,600929,6.300,1846,1162980
2026-09-23,600930,3.940,3017,1188698
2026-09-23,600933,13.960,559,780364
2026-09-23,600935,2.340,6568,1536912
2026-09-23,600936,4.500,985,443250
2026-09-23,600938,32.800,1481,4857746
2026-09-23,600939,2.640,436,115104
2026-09-23,600941,96.400,90,867600
2026-09-23,600955,12.530,61,76433
2026-09-23,600956,7.150,160,114400
2026-09-23,600958,8.970,745,668265
2026-09-23,600959,3.140,678,212892
2026-09-23,600960,3.930,6,2358
2026-09-23,600961,25.000,1406,3515000
2026-09-23,600962,27.300,757,2066610
2026-09-23,600963,3.530,1658,585274
2026-09-23,600966,4.970,63,31311
2026-09-23,600967,13.410,2319,3109779
2026-09-23,600968,3.910,1004,392564
2026-09-23,600969,10.130,350,354550
2026-09-23,600970,7.620,142,108204
2026-09-23,600971,8.430,359,302637
2026-09-23,600973,6.040,127,76708
2026-09-23,600975,5.260,430,226180
2026-09-23,600976,27.370,11,30107
2026-09-23,600977,13.500,788,1063800
2026-09-23,600979,3.940,962,379028
2026-09-23,600980,19.980,218,435564
2026-09-23,600981,2.430,826,200718
2026-09-23,600982,5.020,644,323288
2026-09-23,600983,7.640,971,741844
2026-09-23,600984,3.520,491,172832
2026-09-23,600985,16.680,390,650520
2026-09-23,600986,7.450,8325,6202125
2026-09-23,600987,6.350,13,8255
2026-09-23,600988,42.700,854,3646580
2026-09-23,600989,23.010,2222,5112822
2026-09-23,600990,18.100,16,28960
2026-09-23,600992,10.280,1983,2038524
2026-09-23,600993,22.610,43,97223
2026-09-23,600995,12.110,225,272475
2026-09-23,600996,7.060,1340,946040
2026-09-23,600997,5.250,115,60375
2026-09-23,600998,4.870,1738,846406
2026-09-23,600999,18.000,689,1240200
2026-09-23,601000,4.350,776,337560
2026-09-23,601001,18.160,601,1091416
2026-09-23,601002,5.200,99,51480
2026-09-23,601003,3.600,992,357120
2026-09-23,601005,1.210,3570,431970
2026-09-23,601006,4.710,2757,1298547
2026-09-23,601007,6.810,160,108960
2026-09-23,601008,4.430,57,25251
2026-09-23,601009,11.760,862,1013712
2026-09-23,601011,3.010,3487,1049587
2026-09-23,601012,11.380,1628,1852664
2026-09-23,601015,3.740,6678,2497572
2026-09-23,601016,3.340,2418,807612
2026-09-23,601018,3.410,1406,479446
2026-09-23,601019,6.990,221,154479
2026-09-23,601020,21.180,295,624810
2026-09-23,601021,42.000,333,1398600
2026-09-23,601022,8.560,956,818336
2026-09-23,601026,15.400,161,247940
2026-09-23,601033,14.260,124,176824
2026-09-23,601038,13.730,163,223799
2026-09-23,601058,13.850,538,745130
2026-09-23,601061,11.700,377,441090
2026-09-23,601065,6.750,12,8100
2026-09-23,601066,23.770,319,758263
2026-09-23,601068,4.420,623,275366
2026-09-23,601069,26.980,463,1249174
2026-09-23,601077,6.560,5165,3388240
2026-09-23,601083,12.700,201,255270
2026-09-23,601086,18.160,24971,45347336
2026-09-23,601088,47.510,873,4147623
2026-09-23,601089,16.480,25,41200
2026-09-23,601096,4.120,246,101352
2026-09-23,601098,10.550,461,486355
2026-09-23,601099,3.580,19798,7087684
2026-09-23,601100,92.390,92,849988
2026-09-23,601101,13.400,626,838840
2026-09-23,601106,3.010,1357,408457
2026-09-23,601107,5.950,432,257040
2026-09-23,601108,8.640,1171,1011744
2026-09-23,601111,5.930,3651,2165043
2026-09-23,601112,16.700,162,270540
2026-09-23,601113,3.500,426,149100
2026-09-23,601116,10.460,932,974872
2026-09-23,601117,7.210,4390,3165168
2026-09-23,601118,6.540,5621,3676134
2026-09-23,601121,7.280,120,87360
2026-09-23,601126,40.150,504,2023560
2026-09-23,601127,47.800,893,4268540
2026-09-23,601128,6.230,1166,726337
2026-09-23,601133,25.250,1562,3944050
2026-09-23,601136,14.620,1004,1467848
2026-09-23,601137,20.420,103,210326
2026-09-23,601138,63.490,2094,13295695
2026-09-23,601139,6.280,47,29516
2026-09-23,601155,12.800,762,975360
2026-09-23,601156,18.130,404,732452
2026-09-23,601158,4.010,161,64441
2026-09-23,601162,3.720,7608,2830176
2026-09-23,601163,12.480,64,79872
2026-09-23,601166,17.850,4536,8096760
2026-09-23,601168,37.260,3436,12802536
2026-09-23,601169,5.500,4541,2497550
2026-09-23,601177,13.690,70,95830
2026-09-23,601179,12.170,1976,2404792
2026-09-23,601186,6.030,233,140499
2026-09-23,601187,6.970,1415,986255
2026-09-23,601188,2.870,751,215537
2026-09-23,601199,6.640,656,435584
2026-09-23,601200,6.840,160,109440
2026-09-23,601208,52.780,2781,14678118
2026-09-23,601211,17.680,913,1614184
2026-09-23,601212,6.190,44253,27392310
2026-09-23,601216,4.530,1114,504642
2026-09-23,601218,5.220,5989,3126258
2026-09-23,601222,5.950,460,273700
2026-09-23,601225,25.890,1074,2780586
2026-09-23,601226,6.720,572,384384
2026-09-23,601228,3.050,717,218685
2026-09-23,601229,9.520,733,697816
2026-09-23,601231,27.060,914,2473284
2026-09-23,601233,23.800,412,980560
2026-09-23,601236,7.080,12213,8646804
2026-09-23,601279,3.480,76,26448
2026-09-23,601288,6.870,11471,7880577
2026-09-23,601298,9.760,227,221552
2026-09-23,601311,7.440,79,58776
2026-09-23,601318,54.350,3223,17517005
2026-09-23,601319,8.130,3365,2735745
2026-09-23,601326,3.490,416,145184
2026-09-23,601328,7.550,6442,4863710
2026-09-23,601330,8.150,83,67645
2026-09-23,601333,3.030,746,226038
2026-09-23,601336,58.500,362,2117700
2026-09-23,601339,7.180,156,112008
2026-09-23,601360,9.130,4622,4219886
2026-09-23,601366,3.630,91,33033
2026-09-23,601368,4.510,160,72160
2026-09-23,601369,8.910,768,684288
2026-09-23,601375,4.050,9995,4047975
2026-09-23,601377,5.970,1337,798189
2026-09-23,601388,3.240,1060,343440
2026-09-23,601390,4.310,1434,618054
2026-09-23,601398,8.090,10122,8188698
2026-09-23,601399,3.150,1705,537075
2026-09-23,601456,8.680,93,80724
2026-09-23,601500,3.890,412,160268
2026-09-23,601512,8.450,66,55770
2026-09-23,601515,3.290,192,63168
2026-09-23,601518,2.770,178,49306
2026-09-23,601519,9.000,2794,2514600
2026-09-23,601528,4.960,146,72416
2026-09-23,601555,8.360,971,811756
2026-09-23,601566,9.370,1080,1011960
2026-09-23,601567,14.600,507,740220
2026-09-23,601568,3.660,164,60024
2026-09-23,601577,9.710,263,255373
2026-09-23,601579,37.830,12365,46776682
2026-09-23,601588,1.780,880,156640
2026-09-23,601595,24.230,1000,2423000
2026-09-23,601598,6.420,234,150228
2026-09-23,601599,3.270,170,55590
2026-09-23,601600,9.270,4220,3911940
2026-09-23,601601,32.080,2283,7323864
2026-09-23,601606,33.110,612,2026332
2026-09-23,601607,16.050,166,266430
2026-09-23,601608,4.680,446,208728
2026-09-23,601609,12.900,3845,4960244
2026-09-23,601611,10.400,404,420160
2026-09-23,601615,9.700,923,895310
2026-09-23,601616,3.870,67,25929
2026-09-23,601618,2.560,560,143360
2026-09-23,601619,4.040,494,199576
2026-09-23,601628,38.640,779,3010056
2026-09-23,601633,14.080,418,588544
2026-09-23,601636,5.660,887,502042
2026-09-23,601658,5.320,3975,2114700
2026-09-23,601881,12.180,1161,1414098
2026-09-23,601882,23.340,51,119034
2026-09-23,601886,13.430,329,441847
2026-09-23,601888,52.120,600,3127200
2026-09-23,601890,9.730,2480,2413040
2026-09-23,603007,4.710,335,157785
2026-09-23,603009,48.670,221,1075607
2026-09-23,603010,12.500,184,230000
2026-09-23,603011,27.000,1848,4989600
2026-09-23,603012,9.180,27,24786
2026-09-23,603025,13.460,118,158828
2026-09-23,603026,59.700,61,364170
2026-09-23,603027,7.330,14,10262
2026-09-23,603028,7.100,70,49700
2026-09-23,603029,16.900,83,140270
2026-09-23,603082,51.840,1883,9761472
2026-09-23,603083,221.000,1113,24597300
2026-09-23,603085,9.830,25,24575
2026-09-23,603086,5.900,359,211810
2026-09-23,603087,70.970,207,1469079
2026-09-23,603088,10.460,16,16736
2026-09-23,603089,9.690,74,71706
2026-09-23,603090,39.970,199,795403
2026-09-23,603091,48.140,21,101094
2026-09-23,603092,43.680,53,231504
2026-09-23,603093,13.880,3731,5179253
2026-09-23,603095,14.600,145,211700
2026-09-23,603096,16.080,160,257280
2026-09-23,603097,18.430,6,11058
2026-09-23,603098,10.780,88,94864
2026-09-23,603116,6.700,139,93130
2026-09-23,603117,3.970,167,66299
2026-09-23,603118,18.200,3482,6337240
2026-09-23,603119,56.280,174,980960
2026-09-23,603120,61.290,199,1219671
2026-09-23,603121,12.390,388,480732
2026-09-23,603122,13.900,3649,5072110
2026-09-23,603123,10.030,2297,2303891
2026-09-23,603124,131.910,309,4076019
2026-09-23,603125,24.500,4892,11985351
2026-09-23,603126,6.360,126,80136
2026-09-23,603127,46.150,1180,5445700
2026-09-23,603128,5.310,337,178947
2026-09-23,603129,307.940,31,954614
2026-09-23,603130,38.560,10,38560
2026-09-23,603131,13.990,50,69950
2026-09-23,603132,18.810,90,169290
2026-09-23,603135,8.830,302,266666
2026-09-23,603136,9.330,463,431979
2026-09-23,603137,20.780,2694,5598132
2026-09-23,603138,15.400,1023,1575420
2026-09-23,603139,36.830,333,1226439
2026-09-23,603150,73.900,292,2157880
2026-09-23,603151,18.160,580,1053280
2026-09-23,603153,13.390,9,12051
2026-09-23,603155,15.230,1348,2053004
2026-09-23,603156,45.050,708,3189540
2026-09-23,603158,10.820,156,168792
2026-09-23,603159,22.820,771,1759422
2026-09-23,603160,55.420,253,1402126
2026-09-23,603161,15.220,98,149156
2026-09-23,603162,14.010,1768,2476968
2026-09-23,603163,83.600,107,894520
2026-09-23,603165,13.690,41,56129
2026-09-23,603166,11.040,32,35328
2026-09-23,603167,8.080,88,71104
2026-09-23,603168,5.970,326,194622
2026-09-23,603169,6.130,357,218841
2026-09-23,603170,12.110,21,25431
2026-09-23,603171,41.160,635,2613660
2026-09-23,603172,19.830,188,372804
2026-09-23,603173,29.840,7,20888
2026-09-23,603175,111.880,487,5448556
2026-09-23,603176,5.280,44,23232
2026-09-23,603177,11.340,122,138348
2026-09-23,603178,16.210,244,395524
2026-09-23,603179,40.500,145,587250
2026-09-23,603180,15.740,45,70830
2026-09-23,603181,12.710,20,25420
2026-09-23,603182,13.550,82,111110
2026-09-23,603183,5.040,761,383544
2026-09-23,603185,14.380,130,186940
2026-09-23,603186,229.780,788,18106664
2026-09-23,603187,10.820,4,4328
2026-09-23,603188,4.610,153,70533
2026-09-23,603190,16.470,140,230580
2026-09-23,603191,13.600,202,274720
2026-09-23,603192,21.020,74,155548
2026-09-23,603193,20.650,4,8260
2026-09-23,603194,33.990,34,115566
2026-09-23,603195,38.000,16,59242
2026-09-23,603196,19.100,16,30560
2026-09-23,603197,29.110,93,270723
2026-09-23,603198,38.790,25,96975
2026-09-23,603199,33.000,54,178200
2026-09-23,603200,39.180,161,630798
2026-09-23,603201,15.680,64,100352
2026-09-23,603202,52.200,71,370620
2026-09-23,603203,46.820,357,1671474
2026-09-23,603205,21.810,36,78516
2026-09-23,603206,13.990,649,907951
2026-09-23,603207,25.100,343,860930
2026-09-23,603208,11.300,115,129950
2026-09-23,603209,14.600,56,81760
2026-09-23,603210,13.480,16,21568
2026-09-23,603211,20.190,231,466389
2026-09-23,603212,11.890,206,244934
2026-09-23,603213,13.710,49,67179
2026-09-23,603214,13.570,159,215763
2026-09-23,603215,15.250,1170,1784250
2026-09-23,603216,23.500,4811,11305850
2026-09-23,603217,28.300,30,84900
2026-09-23,603218,9.330,68,63444
2026-09-23,603219,12.880,103,132664
2026-09-23,603220,18.660,196,365736
2026-09-23,603221,33.570,4771,16016247
2026-09-23,603222,8.080,435,351480
2026-09-23,603223,10.060,60,60360
2026-09-23,603225,17.700,80,141600
2026-09-23,603226,30.600,3204,9804240
2026-09-23,603227,7.550,81,61155
2026-09-23,603228,106.120,903,9582636
2026-09-23,603229,8.070,266,214662
2026-09-23,603230,15.510,51165,79356931
2026-09-23,603231,17.100,31,53010
2026-09-23,603232,16.420,3202,5257684
2026-09-23,603233,17.740,82,145468
2026-09-23,603235,25.250,30,75750
2026-09-23,603236,76.000,758,5760800
2026-09-23,603237,15.300,41,62730
2026-09-23,603238,12.420,77,95634
2026-09-23,603239,14.030,47,65941
2026-09-23,603248,22.620,4105,9286347
2026-09-23,603255,33.370,12,40044
2026-09-23,603256,160.020,6128,98060256
2026-09-23,603257,68.860,26,179036
2026-09-23,603258,14.600,3317,4842820
2026-09-23,603259,167.180,1334,22305992
2026-09-23,603260,32.780,163,534314
2026-09-23,603261,54.350,24,130440
2026-09-23,603262,18.200,57,103740
2026-09-23,603266,18.310,1684,3083404
2026-09-23,603267,51.220,187,957814
2026-09-23,603268,219.600,305,6697800
2026-09-23,603269,27.350,1001,2737735
2026-09-23,603270,37.050,80,296400
2026-09-23,603271,40.300,33,132990
2026-09-23,603273,14.800,138,204240
2026-09-23,603275,36.990,28,103572
2026-09-23,603276,18.160,168,305088
2026-09-23,603277,11.410,2,2282
2026-09-23,603278,9.070,124,112468
2026-09-23,603279,11.180,63,70434
2026-09-23,603280,25.830,33,85239
2026-09-23,603281,18.910,122,230702
2026-09-23,603282,17.000,132,224400
2026-09-23,603283,45.960,440,2020402
2026-09-23,603284,41.200,15,61800
2026-09-23,603285,38.250,310,1185750
2026-09-23,603288,34.220,234,800748
2026-09-23,603289,10.990,5076,5578524
2026-09-23,603290,87.010,125,1087625
2026-09-23,603291,8.920,4,3568
2026-09-23,603293,37.460,26,97396
2026-09-23,603296,79.670,458,3648886
2026-09-23,603297,115.250,14,161350
2026-09-23,603298,23.550,44,103620
2026-09-23,603299,8.750,43,37625
2026-09-23,603300,4.670,846,395082
2026-09-23,603301,80.050,48,384240
2026-09-23,603303,29.440,50,147200
2026-09-23,603305,11.300,167,188710
2026-09-23,603306,83.500,211,1761850
2026-09-23,603307,25.480,26,66248
2026-09-23,603308,41.030,453,1858659
2026-09-23,603309,11.090,20,22180
2026-09-23,603310,14.790,5,7395
2026-09-23,603311,25.750,62,159650
2026-09-23,603312,32.000,16,51200
2026-09-23,603313,7.010,710,497710
2026-09-23,603315,11.000,93,102300
2026-09-23,603316,17.270,12951,22366377
2026-09-23,603317,12.860,152,195472
2026-09-23,603318,9.360,2015,1886040
2026-09-23,603319,31.760,832,2642432
2026-09-23,603320,18.660,126,235116
2026-09-23,603321,7.270,607,441289
2026-09-23,603322,32.980,138,455124
2026-09-23,603323,4.390,3695,1622105
2026-09-23,603324,26.720,65,173680
2026-09-23,603325,52.740,15,79110
2026-09-23,603326,7.530,177,133281
2026-09-23,603327,8.470,466,394702
2026-09-23,603328,13.820,2928,4046496
2026-09-23,603329,10.180,115,117070
2026-09-23,603330,10.050,2439,2451195
2026-09-23,603331,12.980,102,132396
2026-09-23,603332,11.840,278,329152
2026-09-23,603333,9.410,99,93159
2026-09-23,603334,32.160,3,9648
2026-09-23,603335,6.290,499,313871
2026-09-23,603336,10.880,696,757248
2026-09-23,603337,37.410,53,198273
2026-09-23,603338,53.550,39,208845
2026-09-23,603339,12.910,142,183322
2026-09-23,603341,39.290,1239,4868031
2026-09-23,603344,23.810,14,33334
2026-09-23,603345,79.890,79,631131
2026-09-23,603348,14.810,804,1190724
2026-09-23,603350,28.380,31,87978
2026-09-23,603351,27.860,122,339892
2026-09-23,603352,25.750,2,5150
2026-09-23,603353,49.000,1829,8962100
2026-09-23,603355,32.000,957,3062400
2026-09-23,603356,17.050,62,105710
2026-09-23,603357,5.960,118,70328
2026-09-23,603358,46.260,55,254430
2026-09-23,603360,13.010,119,154819
2026-09-23,603363,2.930,1019,298567
2026-09-23,603365,16.210,26,42146
2026-09-23,603366,7.340,851,624634
2026-09-23,603367,14.520,204,296208
2026-09-23,603390,10.900,204,222360
2026-09-23,603391,66.980,51,341598
2026-09-23,603392,26.190,107,280233
2026-09-23,603393,25.400,187,474980
2026-09-23,603395,27.580,842,2322236
2026-09-23,603396,29.450,158,465310
2026-09-23,603399,14.020,1536,2153472
2026-09-23,603402,62.660,158,989401
2026-09-23,603406,28.480,87,247776
2026-09-23,603499,13.480,11,14828
2026-09-23,603500,9.410,371,349111
2026-09-23,603501,82.890,352,2917728
2026-09-23,603505,15.400,192,295680
2026-09-23,603506,12.140,96,116544
2026-09-23,603507,27.090,604,1636236
2026-09-23,603508,21.000,32,67200
2026-09-23,603511,12.550,433,543415
2026-09-23,603515,14.950,230,343850
2026-09-23,603516,85.850,397,3408245
2026-09-23,603518,7.770,71,55167
2026-09-23,603519,16.300,187,304810
2026-09-23,603520,8.640,57,49248
2026-09-23,603527,10.060,153,153918
2026-09-23,603528,6.600,393,259380
2026-09-23,603590,29.960,82,245672
2026-09-23,603596,29.010,217,629517
2026-09-23,603598,19.800,23777,47078460
2026-09-23,603599,10.690,174,186006
2026-09-23,603600,10.250,156,159900
2026-09-23,603613,21.000,321,674100
2026-09-23,603615,19.110,342,653562
2026-09-23,603616,5.610,756,424116
2026-09-23,603617,6.860,249,170814
2026-09-23,603618,38.550,3912,15080721
2026-09-23,603619,22.020,2489,5480778
2026-09-23,603626,23.150,3693,8549295
2026-09-23,603628,10.390,157,163123
2026-09-23,603629,114.000,2493,28420200
2026-09-23,603630,14.190,16,22704
2026-09-23,603633,6.450,129,83205
2026-09-23,603636,8.810,32951,29030166
2026-09-23,603637,14.550,287,417585
2026-09-23,603638,18.430,143,263549
2026-09-23,603639,10.450,83,86735
2026-09-23,603648,9.610,133,127813
2026-09-23,603650,69.610,1694,11791934
2026-09-23,603655,34.660,217,752122
2026-09-23,603656,17.360,28,48608
2026-09-23,603657,38.000,425,1615000
2026-09-23,603757,70.110,707,4956777
2026-09-23,603758,10.960,93,101928
2026-09-23,603759,7.770,54,41958
2026-09-23,603766,14.350,526,754810
2026-09-23,603767,13.510,62,83762
2026-09-23,603797,4.970,519,257943
2026-09-23,603798,13.700,994,1361780
2026-09-23,603799,37.000,3569,13205300
2026-09-23,603800,58.030,72,417816
2026-09-23,603801,6.210,189,117369
2026-09-23,603803,11.670,542,632514
2026-09-23,603806,14.380,236,339368
2026-09-23,603808,8.730,12,10476
2026-09-23,603809,8.670,61,52887
2026-09-23,603810,12.010,55,66055
2026-09-23,603811,7.010,71,49771
2026-09-23,603813,26.960,44,118624
2026-09-23,603815,5.230,144,75312
2026-09-23,603816,22.420,130,291460
2026-09-23,603817,5.870,519,304653
2026-09-23,603818,3.960,1600,633600
2026-09-23,603819,16.600,1017,1688220
2026-09-23,603823,55.050,842,4635210
2026-09-23,603826,16.660,1506,2508996
2026-09-23,603829,15.910,14,22274
2026-09-23,603833,29.450,97,285665
2026-09-23,603836,9.600,243,233280
2026-09-23,603839,7.030,118,82954
2026-09-23,603848,13.450,39,52455
2026-09-23,603855,16.830,33,55539
2026-09-23,603856,11.620,117,135954
2026-09-23,603858,14.730,94,138462
2026-09-23,603859,40.400,285,1151400
2026-09-23,603860,26.040,117,304668
2026-09-23,603861,11.180,95,106210
2026-09-23,603863,12.750,32,40800
2026-09-23,603866,4.200,362,152040
2026-09-23,603867,33.400,56,187040
2026-09-23,603868,31.310,86,269266
2026-09-23,603871,12.150,103,125145
2026-09-23,603876,18.500,73,135050
2026-09-23,603877,11.920,32,38144
2026-09-23,603878,4.930,122,60146
2026-09-23,603879,4.950,396,196020
2026-09-23,603880,9.250,121,111925
2026-09-23,603881,24.750,3597,8902575
2026-09-23,603882,29.060,295,857270
2026-09-23,603883,12.910,61,78751
2026-09-23,603885,10.140,277,280878
2026-09-23,603886,12.600,120,151200
2026-09-23,603887,9.050,210,190050
2026-09-23,603888,18.180,5234,9515776
2026-09-23,603889,6.060,2,1212
2026-09-23,603890,17.200,776,1334720
2026-09-23,603893,218.790,4605,100751045
2026-09-23,603895,26.230,55,144265
2026-09-23,603896,14.950,138,206310
2026-09-23,603897,30.680,270,828360
2026-09-23,603898,11.380,82,93316
2026-09-23,603899,22.120,86,190232
2026-09-23,603900,6.770,678,459006
2026-09-23,603901,9.310,61,56791
2026-09-23,603903,15.710,6785,10659235
2026-09-23,603906,18.170,152,276184
2026-09-23,603908,19.460,216,420336
2026-09-23,603909,9.790,66,64614
2026-09-23,603912,8.870,459,407133
2026-09-23,603915,13.290,146,194034
2026-09-23,603916,10.720,47,50384
2026-09-23,603917,14.380,159,228642
2026-09-23,603918,10.900,337,367330
2026-09-23,603919,16.700,165,275550
2026-09-23,603920,45.990,297,1365903
2026-09-23,603926,17.580,22,38676
2026-09-23,603927,13.960,81,113076
2026-09-23,603928,11.970,315,377055
2026-09-23,603929,161.040,54,869616
2026-09-23,603931,35.910,54,193914
2026-09-23,603933,19.400,135,261900
2026-09-23,603936,22.620,4448,10061376
2026-09-23,603937,11.830,249,294567
2026-09-23,603938,49.880,3116,15542608
2026-09-23,603939,22.210,188,417548
2026-09-23,603948,19.680,27,53136
2026-09-23,603949,13.910,85,118235
2026-09-23,603950,59.700,158,943260
2026-09-23,603955,25.350,60,152100
2026-09-23,603956,7.240,1597,1156228
2026-09-23,603958,18.570,1128,2094696
2026-09-23,603960,19.290,1549,2988021
2026-09-23,603967,11.670,26,30342
2026-09-23,603968,10.910,838,914258
2026-09-23,603969,7.530,244,183732
2026-09-23,603970,11.100,107,118770
2026-09-23,603976,31.940,97,309818
2026-09-23,603977,11.400,67,76380
2026-09-23,603978,26.210,1281,3357501
2026-09-23,603979,75.650,192,1452480
2026-09-23,603980,8.950,2673,2392335
2026-09-23,603982,6.260,215,134590
2026-09-23,603983,32.030,112,358736
2026-09-23,603985,17.180,294,505092
2026-09-23,603986,406.300,2959,120224170
2026-09-23,603987,7.640,18,13752
2026-09-23,603988,18.280,41,74948
2026-09-23,603989,33.700,1247,4202390
2026-09-23,603990,20.000,1715,3430000
2026-09-23,603991,169.510,175,2966425
2026-09-23,603992,20.380,74,150812
2026-09-23,603993,18.000,16641,29953800
2026-09-23,603995,25.950,73,189435
2026-09-23,603997,14.290,1277,1824833
2026-09-23,603998,10.460,194,202924
2026-09-23,603999,6.700,3116,2087720
2026-09-23,605001,5.880,418,245784
2026-09-23,605003,24.800,77,190960
2026-09-23,605005,16.260,4,6504
2026-09-23,605006,17.150,2752,4719680
2026-09-23,605007,15.220,82,124804
2026-09-23,605008,14.280,31,44268
2026-09-23,605009,24.820,7,17374
2026-09-23,605011,18.200,291,529620
2026-09-23,605016,20.530,32,65696
2026-09-23,605018,11.860,402,476772
2026-09-23,605020,31.390,148,464572
2026-09-23,605028,23.400,23,53820
2026-09-23,605033,19.940,44,87736
2026-09-23,605050,10.180,31,31558
2026-09-23,605055,9.070,56,50792
2026-09-23,605056,14.350,1933,2773855
2026-09-23,605058,52.630,6075,31972725
2026-09-23,605060,39.870,41,163467
2026-09-23,605066,6.830,127,86741
2026-09-23,605068,20.520,916,1879632
2026-09-23,605069,11.810,2460,2905260
2026-09-23,605077,11.730,489,573597
2026-09-23,605080,22.800,27,61560
2026-09-23,605086,23.640,124,293136
2026-09-23,605088,24.850,1085,2696225
2026-09-23,605089,21.010,54,113454
2026-09-23,605090,32.490,124,402876
2026-09-23,605098,53.220,1,5322
2026-09-23,605099,29.320,55,161260
2026-09-23,605100,34.050,27,91935
2026-09-23,605108,12.250,164,200900
2026-09-23,605111,60.620,609,3691758
2026-09-23,605116,20.030,41,82123
2026-09-23,605117,82.350,116,955260
2026-09-23,605118,34.150,135,461025
2026-09-23,605122,11.880,69,81972
2026-09-23,605123,80.950,11,89045
2026-09-23,605128,23.000,23,52900
2026-09-23,605133,24.690,35,86415
2026-09-23,605136,8.580,191,163878
2026-09-23,605138,6.140,189,116046
2026-09-23,605151,18.440,18,33192
2026-09-23,605155,14.600,111,162060
2026-09-23,605158,7.720,101,77972
2026-09-23,605162,11.800,1330,1569400
2026-09-23,605166,8.720,80,69760
2026-09-23,605167,16.460,10,16460
2026-09-23,605168,56.430,607,3425301
2026-09-23,605169,12.950,54,69930
2026-09-23,605177,24.680,216,533088
2026-09-23,605178,76.800,980,7526400
2026-09-23,605179,29.300,5234,15335620
2026-09-23,605180,13.870,367,509029
2026-09-23,605183,16.260,28,45528
2026-09-23,605186,27.110,125,338875
2026-09-23,605188,13.230,805,1065015
2026-09-23,605189,13.960,597,833412
2026-09-23,605196,35.500,426,1512300
2026-09-23,605198,71.800,1043,7488740
2026-09-23,605208,14.890,579,862131
2026-09-23,605218,15.460,3317,5128082
2026-09-23,605222,22.680,6,13608
2026-09-23,605228,11.180,65,72670
2026-09-23,605255,61.550,41,252355
2026-09-23,605258,43.020,2105,9055710
2026-09-23,605259,17.620,77,135674
2026-09-23,605266,15.820,21,33222
2026-09-23,605268,9.870,197,194439
2026-09-23,605277,17.640,297,523555
2026-09-23,605286,25.800,125,322500
2026-09-23,605376,140.760,625,8797500
2026-09-23,605377,8.170,677,553109
2026-09-23,605378,15.210,235,357435
2026-09-23,605388,6.210,2940,1825740
2026-09-23,605398,23.600,3860,9109600
2026-09-23,605399,11.450,10,11450
2026-09-23,605488,29.930,31,92783
2026-09-23,605499,115.450,276,3187921
2026-09-23,605500,7.490,122,91378
2026-09-24,000017,7.610,5300,4033300
2026-09-24,000019,6.910,456,315096
2026-09-24,000020,13.730,2264,3108472
2026-09-24,000021,36.400,2687,9780680
2026-09-24,000035,4.890,448,219072
2026-09-24,000036,3.980,15642,6225516
2026-09-24,000037,9.040,478,432112
2026-09-24,000039,8.800,144,126720
2026-09-24,000042,8.300,1154,957820
2026-09-24,000429,12.560,72,90432
2026-09-24,000430,6.930,2759,1911987
2026-09-24,000498,5.650,67600,38194006
2026-09-24,000501,7.150,118,84370
2026-09-24,000503,6.850,113,77405
2026-09-24,000592,8.020,23156,18571112
2026-09-24,000593,23.410,2586,6053826
2026-09-24,000595,5.610,4070,2283270
2026-09-24,000596,95.980,145,1391710
2026-09-24,000597,4.770,56,26712
2026-09-24,000598,7.060,233,164498
2026-09-24,000599,4.480,68,30464
2026-09-24,000600,7.200,285,205200
2026-09-24,000601,6.020,346,208292
2026-09-24,000603,32.660,3816,12463056
2026-09-24,000605,5.880,210,123480
2026-09-24,000607,4.200,36808,15459360
2026-09-24,000608,6.960,565,393240
2026-09-24,000612,10.880,940,1022742
2026-09-24,000617,6.770,2573,1741921
2026-09-24,000619,5.260,512,269312
2026-09-24,000620,3.250,49332,16032900
2026-09-24,000623,17.690,300,530700
2026-09-24,000625,7.090,1957,1387513
2026-09-24,000626,9.280,348,322944
2026-09-24,000628,59.120,339,2004168
2026-09-24,000629,2.880,3943,1135584
2026-09-24,000630,6.040,18356,11087024
2026-09-24,000631,3.030,1620,490860
2026-09-24,000633,5.220,176,91872
2026-09-24,000635,7.400,267,197580
2026-09-24,000636,57.900,6310,36534900
2026-09-24,000637,4.160,153,63648
2026-09-24,000650,5.190,198,102762
2026-09-24,000651,38.230,507,1938261
2026-09-24,000652,3.340,6,2004
2026-09-24,000655,7.110,246,174906
2026-09-24,000656,1.250,91668,11458500
2026-09-24,000657,58.620,1721,10088502
2026-09-24,000659,2.710,588,159348
2026-09-24,000661,72.800,79,575120
2026-09-24,000663,5.940,509,302346
2026-09-24,000665,4.050,951,385155
2026-09-24,000668,17.130,303,519039
2026-09-24,000670,7.470,2702,2018394
2026-09-24,000672,15.650,2294,3590110
2026-09-24,000676,7.140,61148,43659672
2026-09-24,000678,8.770,56,49112
2026-09-24,000679,6.450,42,27090
2026-09-24,000680,9.260,309,286134
2026-09-24,000681,16.160,313,505808
2026-09-24,000682,10.590,365,386535
2026-09-24,000683,5.600,543,304080
2026-09-24,000685,10.830,173,187359
2026-09-24,000686,7.730,76,58748
2026-09-24,000688,25.420,491,1248122
2026-09-24,000690,5.000,488,244000
2026-09-24,000691,9.240,173,159852
2026-09-24,000692,4.100,159,65190
2026-09-24,000695,12.910,173,223343
2026-09-24,000697,9.080,61,55388
2026-09-24,000700,12.130,1011,1226343
2026-09-24,000701,5.130,379,194427
2026-09-24,000702,5.630,589,331607
2026-09-24,000703,17.380,3947,6859886
2026-09-24,000705,7.010,118,82718
2026-09-24,000707,4.480,153,68544
2026-09-24,000708,12.930,220,284460
2026-09-24,000709,2.040,3351,683604
2026-09-24,000710,9.810,7739,7591959
2026-09-24,000711,4.770,3989,1902753
2026-09-24,000712,10.200,1979,2018580
2026-09-24,000713,6.610,1961,1296221
2026-09-24,000715,5.300,161,85330
2026-09-24,000716,5.020,1031,517562
2026-09-24,000717,2.140,4048,866272
2026-09-24,000718,2.060,1558,320948
2026-09-24,000719,12.150,99,120285
2026-09-24,000720,3.680,4941,1818288
2026-09-24,000721,6.230,603,375669
2026-09-24,000722,13.460,1159,1560014
2026-09-24,000723,3.510,8068,2831868
2026-09-24,000725,5.970,141502,84476676
2026-09-24,000726,6.020,168,101136
2026-09-24,000727,2.200,5123,1127060
2026-09-24,000728,7.400,1367,1011580
2026-09-24,000729,10.970,567,621999
2026-09-24,000731,8.230,125,102875
2026-09-24,000733,41.190,273,1124487
2026-09-24,000735,5.790,3547,2053713
2026-09-24,000736,4.670,5935,2771645
2026-09-24,000737,14.700,15765,23174550
2026-09-24,000738,19.160,125,239500
2026-09-24,000739,25.130,967,2430071
2026-09-24,000750,3.660,1330,486780
2026-09-24,000751,4.540,641,291014
2026-09-24,000753,4.860,4932,2396952
2026-09-24,000755,4.630,58,26854
2026-09-24,000756,14.290,15554,22226666
2026-09-24,000757,4.330,166,71878
2026-09-24,000758,5.940,732,434808
2026-09-24,000759,6.620,5326,3525812
2026-09-24,000761,2.210,1116,246636
2026-09-24,000762,21.200,258,546960
2026-09-24,000766,15.300,332,507960
2026-09-24,000767,3.290,1975,649775
2026-09-24,000768,22.630,791,1790033
2026-09-24,000776,20.740,1238,2567612
2026-09-24,000777,16.530,87,143811
2026-09-24,000778,3.580,7088,2537504
2026-09-24,000779,8.660,3360,2909760
2026-09-24,000782,8.330,244,203252
2026-09-24,000783,8.410,2452,2062132
2026-09-24,000785,2.250,5523,1242675
2026-09-24,000786,16.000,371,593600
2026-09-24,000788,5.410,130,70330
2026-09-24,000789,4.150,736,305440
2026-09-24,000790,4.230,1823,771129
2026-09-24,000791,7.130,134,95542
2026-09-24,000792,24.400,1591,3882040
2026-09-24,000795,8.340,329,274386
2026-09-24,000796,3.680,1199,441228
2026-09-24,000797,2.660,6122,1628452
2026-09-24,000798,10.070,628,632396
2026-09-24,000799,37.250,640,2384000
2026-09-24,000800,5.920,237,140304
2026-09-24,000801,11.900,224,266560
2026-09-24,000802,3.920,5891,2309272
2026-09-24,000803,7.170,302,216534
2026-09-24,000807,26.510,2542,6738842
2026-09-24,000809,3.360,657,220752
2026-09-24,000810,9.450,370,349650
2026-09-24,000811,39.820,1665,6630030
2026-09-24,000812,3.720,3795,1411740
2026-09-24,000813,3.230,706,228038
2026-09-24,000815,15.600,2909,4538040
2026-09-24,000816,2.880,1941,559008
2026-09-24,000818,12.010,843,1012443
2026-09-24,000819,12.250,37,45325
2026-09-24,000820,3.590,740,265660
2026-09-24,000822,4.200,91,38220
2026-09-24,000823,26.100,36664,95693014
2026-09-24,000825,3.380,1231,416078
2026-09-24,000828,10.110,85,85935
2026-09-24,000829,9.050,2112,1911360
2026-09-24,000830,11.850,485,574725
2026-09-24,000831,53.330,1521,8111493
2026-09-24,000833,19.400,1441,2795540
2026-09-24,000837,9.650,165,159225
2026-09-24,000839,2.820,3170,893940
2026-09-24,000848,8.260,1088,899084
2026-09-24,000850,5.120,37502,19201280
2026-09-24,000852,5.370,558,299646
2026-09-24,000856,8.810,29,25549
2026-09-24,000858,70.100,1127,7900270
2026-09-24,000859,9.230,2343,2162589
2026-09-24,000860,10.400,372,386880
2026-09-24,000862,5.280,491,259248
2026-09-24,000863,4.440,2083,924852
2026-09-24,000868,4.060,33560,13625360
2026-09-24,000869,17.390,543,944277
2026-09-24,000875,4.730,954,451242
2026-09-24,000876,7.000,6433,4503100
2026-09-24,000877,3.860,26150,10093900
2026-09-24,000878,17.060,4187,7143022
2026-09-24,000880,25.190,287,722953
2026-09-24,000881,6.540,267,174618
2026-09-24,000882,1.530,8261,1263933
2026-09-24,000883,4.360,190,82840
2026-09-24,000885,11.760,34,39984
2026-09-24,000886,4.650,95,44175
2026-09-24,000887,19.710,496,977616
2026-09-24,000888,9.320,172,160304
2026-09-24,000889,3.710,3067,1137857
2026-09-24,000890,7.400,834,617160
2026-09-24,000892,4.450,7374,3281430
2026-09-24,000893,38.840,91,353444
2026-09-24,000895,23.300,138,321540
2026-09-24,000897,1.910,7764,1482924
2026-09-24,000898,2.010,1986,399186
2026-09-24,000899,9.100,313,284830
2026-09-24,000900,3.560,139,49484
2026-09-24,000901,14.020,185,259370
2026-09-24,000902,13.780,44,60632
2026-09-24,000905,8.960,947,848512
2026-09-24,000906,6.150,154,94710
2026-09-24,000908,6.000,476,285600
2026-09-24,000910,8.340,114773,95720682
2026-09-24,000912,4.000,2127,850800
2026-09-24,000913,10.610,21,22281
2026-09-24,000915,24.220,15,36330
2026-09-24,000917,6.920,446,308632
2026-09-24,000919,6.490,261,169389
2026-09-24,000920,12.420,815,1012230
2026-09-24,000921,26.470,120,317640
2026-09-24,000922,12.320,600,739200
2026-09-24,000923,16.240,389,631736
2026-09-24,000925,8.020,542,434684
2026-09-24,000926,2.160,4947,1068552
2026-09-24,000927,2.440,1401,341844
2026-09-24,000928,5.320,1372,729904
2026-09-24,000929,9.000,788,709200
2026-09-24,000930,5.400,4791,2587140
2026-09-24,000931,4.580,168,76944
2026-09-24,000932,3.510,6811,2390661
2026-09-24,000933,26.010,832,2164032
2026-09-24,000935,20.530,39,80067
2026-09-24,000936,5.520,831,458712
2026-09-24,000937,4.370,730,319141
2026-09-24,000938,33.580,4179,14033082
2026-09-24,000948,13.370,228,304836
2026-09-24,000949,6.930,214,148302
2026-09-24,000950,5.220,494,257868
2026-09-24,000951,20.150,315,634725
2026-09-24,000952,6.550,195,127725
2026-09-24,000953,6.070,31,18817
2026-09-24,000955,3.960,227,89892
2026-09-24,000957,9.790,422,413138
2026-09-24,000958,5.050,272,137360
2026-09-24,000959,3.460,659,228014
2026-09-24,000960,32.830,970,3184510
2026-09-24,000962,60.700,254,1541780
2026-09-24,000963,26.430,249,658107
2026-09-24,000965,3.350,4026,1348710
2026-09-24,000966,3.890,751,292139
2026-09-24,000967,8.080,1470,1187760
2026-09-24,000968,6.880,892,613696
2026-09-24,000969,17.380,1527,2653926
2026-09-24,000970,11.570,760,879320
2026-09-24,000972,4.050,1471,595755
2026-09-24,000973,11.770,466,548482
2026-09-24,000975,23.800,2424,5769120
2026-09-24,000977,70.850,1662,11775270
2026-09-24,000978,8.470,12129,10273263
2026-09-24,000980,2.100,91413,19196730
2026-09-24,001230,19.220,73,140306
2026-09-24,001231,22.780,22,50116
2026-09-24,001232,207.880,462,9604056
2026-09-24,001233,46.000,89,409400
2026-09-24,001234,35.400,10445,36973601
2026-09-24,001286,9.440,300,283200
2026-09-24,001287,25.190,939,2365341
2026-09-24,001288,33.880,807,2733540
2026-09-24,001289,14.940,91,135954
2026-09-24,001296,20.430,1158,2365794
2026-09-24,001376,12.420,2623,3257766
2026-09-24,001378,23.360,107,249952
2026-09-24,001379,15.800,22,34760
2026-09-24,001380,18.930,244,462498
2026-09-24,001382,16.410,59,96819
2026-09-24,001965,9.870,915,903105
2026-09-24,001979,7.180,12007,8621026
2026-09-24,002001,26.400,373,984720
2026-09-24,002003,11.210,42,47082
2026-09-24,002004,4.360,571,248956
2026-09-24,002005,2.650,342,90630
2026-09-24,002006,13.490,111,149739
2026-09-24,002007,13.310,453,602943
2026-09-24,002008,92.050,615,5661075
2026-09-24,002009,15.620,190,296780
2026-09-24,002042,3.860,5935,2290910
2026-09-24,002043,11.530,217,250201
2026-09-24,002044,4.480,1065,477120
2026-09-24,002045,9.110,914,832654
2026-09-24,002046,65.500,687,4499850
2026-09-24,002047,3.220,598,192556
2026-09-24,002048,18.370,97,178189
2026-09-24,002049,61.000,460,2806000
2026-09-24,002050,35.850,777,2785545
2026-09-24,002051,9.000,8848,7963200
2026-09-24,002052,8.410,77,64757
2026-09-24,002053,9.350,408,381480
2026-09-24,002054,7.150,1384,989560
2026-09-24,002056,20.330,306,622098
2026-09-24,002057,9.100,340,309400
2026-09-24,002058,17.240,44,75856
2026-09-24,002059,4.500,5996,2698200
2026-09-24,002060,3.040,804,244416
2026-09-24,002061,3.320,699,232068
2026-09-24,002062,9.550,300,286500
2026-09-24,002063,5.300,145,76850
2026-09-24,002064,9.870,792,781704
2026-09-24,002065,6.660,776,516543
2026-09-24,002066,20.300,43,87290
2026-09-24,002067,4.010,1322,530122
2026-09-24,002068,9.800,1774,1738520
2026-09-24,002069,3.660,305,111630
2026-09-24,002072,7.300,428,312440
2026-09-24,002073,5.670,90,51030
2026-09-24,002074,27.150,578,1569270
2026-09-24,002075,3.520,98,34496
2026-09-24,002076,2.090,1333,278597
2026-09-24,002077,13.910,2189,3044899
2026-09-24,002078,13.680,440,601920
2026-09-24,002079,9.080,608,552064
2026-09-24,002080,60.000,4874,29244000
2026-09-24,002081,5.040,65202,32861823
2026-09-24,002083,9.520,876,833952
2026-09-24,002084,6.550,19408,12712240
2026-09-24,002085,9.500,798,758100
2026-09-24,002086,2.050,805,165025
2026-09-24,002088,8.170,111,90687
2026-09-24,002090,9.050,19,17195
2026-09-24,002091,7.530,487,366711
2026-09-24,002092,4.410,1542,680022
2026-09-24,002093,7.510,1411,1059661
2026-09-24,002094,5.130,992,508896
2026-09-24,002095,16.190,1165,1886135
2026-09-24,002096,9.360,139,130104
2026-09-24,002097,6.990,233,162867
2026-09-24,002098,8.120,107,86884
2026-09-24,002099,5.840,1357,792488
2026-09-24,002100,7.700,219,168630
2026-09-24,002101,8.630,33,28479
2026-09-24,002103,6.720,278,186816
2026-09-24,002104,10.850,4617,5009445
2026-09-24,002105,6.100,192,117120
2026-09-24,002106,13.760,3464,4766464
2026-09-24,002107,7.240,1346,974504
2026-09-24,002108,4.350,855,372112
2026-09-24,002110,2.850,6298,1794930
2026-09-24,002111,9.360,395,369720
2026-09-24,002112,14.150,132,186780
2026-09-24,002114,7.200,143,102960
2026-09-24,002115,10.100,6771,6838710
2026-09-24,002116,7.130,66,47058
2026-09-24,002117,7.980,6,4788
2026-09-24,002119,28.520,32645,93104396
2026-09-24,002120,6.860,606,415716
2026-09-24,002121,4.330,5123,2218259
2026-09-24,002123,7.950,439,349005
2026-09-24,002124,2.020,19643,3967886
2026-09-24,002125,12.120,189,229068
2026-09-24,002126,38.120,147,560364
2026-09-24,002127,2.920,3916,1143472
2026-09-24,002128,28.000,271,758800
2026-09-24,002129,9.600,3511,3370560
2026-09-24,002130,16.560,924,1530144
2026-09-24,002131,4.400,17398,7655120
2026-09-24,002132,4.160,488,203008
2026-09-24,002133,2.860,1177,336622
2026-09-24,002134,27.350,1798,4917530
2026-09-24,002135,6.130,4554,2791602
2026-09-24,002136,11.760,169,198744
2026-09-24,002137,8.290,1574,1304846
2026-09-24,002138,53.920,958,5165536
2026-09-24,002139,9.630,114,109782
2026-09-24,002140,9.360,73,68328
2026-09-24,002141,7.160,16340,11699440
2026-09-24,002142,34.660,533,1847378
2026-09-24,002144,10.780,154,166012
2026-09-24,002145,4.830,4948,2389884
2026-09-24,002146,1.250,157046,19630695
2026-09-24,002148,6.310,2441,1540271
2026-09-24,002149,32.840,340,1116560
2026-09-24,002150,22.180,620,1375160
2026-09-24,002151,30.000,2877,8631000
2026-09-24,002152,9.170,847,776699
2026-09-24,002153,7.630,602,459326
2026-09-24,002154,3.820,309,118038
2026-09-24,002155,24.440,5070,12391080
2026-09-24,002156,62.490,3755,23464995
2026-09-24,002157,2.960,2090,618640
2026-09-24,002158,28.060,166,465796
2026-09-24,002159,13.370,93,124341
2026-09-24,002160,3.870,610,236070
2026-09-24,002161,6.670,4057,2706019
2026-09-24,002162,4.120,731,301172
2026-09-24,002163,7.630,3076,2346988
2026-09-24,002164,12.210,3419,4174599
2026-09-24,002165,6.990,3489,2438811
2026-09-24,002166,6.750,142,95850
2026-09-24,002167,16.180,1054,1705372
2026-09-24,002169,13.840,3906,5405904
2026-09-24,002170,10.810,583,630223
2026-09-24,002171,10.510,2938,3087838
2026-09-24,002172,5.320,14994,7976808
2026-09-24,002173,18.180,1625,2954250
2026-09-24,002174,14.250,556,792300
2026-09-24,002176,8.420,2442,2056164
2026-09-24,002177,5.480,885,484980
2026-09-24,002178,5.080,24356,12372848
2026-09-24,002179,34.600,488,1688480
2026-09-24,002180,17.040,320,545280
2026-09-24,002181,9.120,3660,3337920
2026-09-24,002182,11.570,106,122642
2026-09-24,002183,4.290,728,312312
2026-09-24,002184,9.870,37,36519
2026-09-24,002185,18.030,16191,29192373
2026-09-24,002186,9.510,23,21873
2026-09-24,002187,5.490,79,43371
2026-09-24,002188,5.630,2364,1330932
2026-09-24,002189,19.210,12,23052
2026-09-24,002190,23.610,181,427341
2026-09-24,002191,3.620,140,50680
2026-09-24,002192,60.790,1112,6759848
2026-09-24,002194,10.770,1762,1897674
2026-09-24,002195,6.070,1668,1012476
2026-09-24,002196,10.070,270,271890
2026-09-24,002197,6.630,2018,1337934
2026-09-24,002199,12.290,385,473165
2026-09-24,002200,6.470,185,119695
2026-09-24,002201,10.000,1161,1161000
2026-09-24,002202,17.840,1521,2713464
2026-09-24,002203,18.460,1057,1951222
2026-09-24,002204,5.350,883,472405
2026-09-24,002205,11.330,4295,4865782
2026-09-24,002206,4.980,246,122508
2026-09-24,002208,10.360,4323,4478628
2026-09-24,002209,13.530,218,294954
2026-09-24,002210,2.100,1858,390180
2026-09-24,002212,7.100,3990,2832900
2026-09-24,002213,28.900,456,1317840
2026-09-24,002214,18.500,28,51800
2026-09-24,002215,9.750,173,168675
2026-09-24,002216,11.570,161,186277
2026-09-24,002218,3.900,33277,12978030
2026-09-24,002219,2.060,2471,509026
2026-09-24,002221,5.700,214,121980
2026-09-24,002222,69.370,503,3489311
2026-09-24,002223,26.680,205,546940
2026-09-24,002224,3.690,98,36162
2026-09-24,002225,3.490,1406,490694
2026-09-24,002226,5.140,607,311998
2026-09-24,002228,3.170,984,311928
2026-09-24,002293,10.760,58,62408
2026-09-24,002294,30.900,120,370800
2026-09-24,002295,10.100,1780,1797800
2026-09-24,002296,9.600,580,556800
2026-09-24,002297,21.150,2742,5799330
2026-09-24,002333,5.770,449,259073
2026-09-24,002334,6.470,1873,1211831
2026-09-24,002335,32.230,7872,25371134
2026-09-24,002337,4.870,2125,1034875
2026-09-24,002338,46.230,184,850632
2026-09-24,002339,7.420,2973,2205966
2026-09-24,002340,6.190,1580,978020
2026-09-24,002342,7.510,658,494158
2026-09-24,002343,5.800,794,460520
2026-09-24,002344,3.960,1161,459756
2026-09-24,002345,8.600,354,304440
2026-09-24,002346,18.480,249,460152
2026-09-24,002347,5.730,131,75063
2026-09-24,002348,10.770,123,132471
2026-09-24,002349,8.580,4485,3848130
2026-09-24,002350,13.900,20,27800
2026-09-24,002351,10.040,235,235940
2026-09-24,002352,30.810,819,2523339
2026-09-24,002353,116.800,671,7837280
2026-09-24,002354,7.600,28201,21432760
2026-09-24,002355,4.640,1219,565616
2026-09-24,002356,2.690,1040,279760
2026-09-24,002357,11.930,172,205196
2026-09-24,002358,5.160,167,86172
2026-09-24,002361,10.090,938,946553
2026-09-24,002382,5.930,933,553269
2026-09-24,002383,8.310,3657,3038967
2026-09-24,002384,192.000,2335,44829696
2026-09-24,002385,3.170,5639,1787563
2026-09-24,002386,6.040,269,162476
2026-09-24,002387,6.910,100,69100
2026-09-24,002388,7.780,11616,9037248
2026-09-24,002389,18.600,181,336660
2026-09-24,002390,2.960,312,92352
2026-09-24,002391,5.140,29,14906
2026-09-24,002407,31.910,1434,4576532
2026-09-24,002408,5.350,114,60990
2026-09-24,002409,135.470,630,8534610
2026-09-24,002410,8.480,582,493536
2026-09-24,002412,9.400,2629,2471260
2026-09-24,002430,25.450,330,839850
2026-09-24,002432,63.220,462,2920764
2026-09-24,002434,6.250,670,418750
2026-09-24,002436,45.510,9359,42591944
2026-09-24,002437,3.670,15893,5832731
2026-09-24,002438,13.800,22,30360
2026-09-24,002439,14.640,940,1376160
2026-09-24,002440,12.980,1136,1474528
2026-09-24,002441,8.210,207,169947
2026-09-24,002442,5.510,1657,913007
2026-09-24,002460,45.380,1360,6171680
2026-09-24,002461,8.370,154,128898
2026-09-24,002462,12.320,10,12320
2026-09-24,002463,126.610,2928,37071408
2026-09-24,002465,10.220,829,847238
2026-09-24,002478,6.420,349,224058
2026-09-24,002479,5.860,111,65046
2026-09-24,002480,5.480,8861,4855828
2026-09-24,002481,4.220,598,252356
2026-09-24,002482,1.360,15239,2072504
2026-09-24,002483,6.150,88,54120
2026-09-24,002484,59.410,557,3309137
2026-09-24,002486,2.710,347,94037
2026-09-24,002487,38.060,3406,12963236
2026-09-24,002488,7.510,152,114152
2026-09-24,002489,3.050,219,66795
2026-09-24,002490,7.120,1056,751872
2026-09-24,002491,24.020,8141,19553553
2026-09-24,002492,6.260,549,343674
2026-09-24,002493,13.420,1590,2133780
2026-09-24,002494,4.880,2598,1267824
2026-09-24,002495,2.400,1007,241680
2026-09-24,002496,2.100,528,110880
2026-09-24,002497,16.280,557,906796
2026-09-24,002498,6.270,2543,1594461
2026-09-24,002500,5.240,401,210124
2026-09-24,002506,2.410,8274,1994034
2026-09-24,002507,11.200,35,39200
2026-09-24,002508,16.400,229,375560
2026-09-24,002510,5.710,2587,1477177
2026-09-24,002511,6.960,390,271440
2026-09-24,002513,5.240,267,139908
2026-09-24,002515,7.620,6287,4790694
2026-09-24,002516,5.880,2520,1481760
2026-09-24,002517,16.410,710,1165110
2026-09-24,002518,38.600,545,2103700
2026-09-24,002519,5.770,1126,649702
2026-09-24,002520,6.240,1028,641472
2026-09-24,002521,6.230,228,142044
2026-09-24,002522,5.720,3392,1940224
2026-09-24,002523,3.380,562,189956
2026-09-24,002524,4.020,495,198990
2026-09-24,002526,2.600,825,214500
2026-09-24,002527,10.700,67,71690
2026-09-24,002529,6.500,202,131300
2026-09-24,002530,7.140,75,53550
2026-09-24,002531,7.110,3828,2721708
2026-09-24,002532,12.320,1319,1625008
2026-09-24,002533,10.790,667,719693
2026-09-24,002534,17.600,211,371360
2026-09-24,002535,2.380,630,149940
2026-09-24,002536,51.900,1147,5952930
2026-09-24,002537,5.700,1055,601350
2026-09-24,002539,12.150,105,127575
2026-09-24,002540,5.020,754,378508
2026-09-24,002541,19.490,1164,2268636
2026-09-24,002543,7.240,1203,870972
2026-09-24,002544,15.770,125,197125
2026-09-24,002545,15.600,792,1235520
2026-09-24,002546,7.460,174,129804
2026-09-24,002548,3.900,1060,413400
2026-09-24,002549,13.200,304,401280
2026-09-24,002550,6.510,133,86583
2026-09-24,002551,3.330,74,24642
2026-09-24,002552,52.940,689,3647566
2026-09-24,002553,15.400,443,682220
2026-09-24,002554,2.790,212,59148
2026-09-24,002555,17.370,446,774702
2026-09-24,002556,5.130,603,309339
2026-09-24,002557,18.170,356,646852
2026-09-24,002558,23.600,3380,7976800
2026-09-24,002559,9.130,270,246510
2026-09-24,002560,7.000,7595,5316500
2026-09-24,002561,7.350,227,166845
2026-09-24,002562,4.950,1150,569250
2026-09-24,002563,5.490,154,84546
2026-09-24,002564,5.410,74360,40228511
2026-09-24,002565,8.610,3007,2589027
2026-09-24,002566,6.970,218,151946
2026-09-24,002567,3.660,827,302682
2026-09-24,002568,19.250,3682,7087850
2026-09-24,002570,4.400,114,50156
2026-09-24,002571,11.080,22,24376
2026-09-24,002572,7.550,1140,860700
2026-09-24,002573,3.100,104,32240
2026-09-24,002574,5.000,484,242000
2026-09-24,002575,5.100,4099,2090490
2026-09-24,002576,14.350,125,179375
2026-09-24,002577,22.350,64,143040
2026-09-24,002578,4.140,124,51336
2026-09-24,002579,18.680,8819,16473892
2026-09-24,002580,18.600,939,1746540
2026-09-24,002582,9.580,571,547018
2026-09-24,002583,8.010,544,435744
2026-09-24,002584,8.950,8988,8044260
2026-09-24,002585,11.490,9209,10581141
2026-09-24,002586,3.750,292,109500
2026-09-24,002587,5.270,274,144398
2026-09-24,002588,7.620,721,549402
2026-09-24,002589,3.440,31307,10769608
2026-09-24,002590,9.550,205,195775
2026-09-24,002591,6.310,449,283319
2026-09-24,002593,4.520,108,48816
2026-09-24,002594,85.700,547,4687790
2026-09-24,002595,39.700,43,170710
2026-09-24,002596,3.190,292,93148
2026-09-24,002597,21.930,23,50439
2026-09-24,002599,5.620,110,61820
2026-09-24,002600,12.280,2645,3248060
2026-09-24,002601,15.200,498,756960
2026-09-24,002602,14.210,2765,3929065
2026-09-24,002603,15.400,154,237160
2026-09-24,002605,16.660,11,18326
2026-09-24,002606,12.300,246,302580
2026-09-24,002607,1.890,10620,2007180
2026-09-24,002608,7.250,454,329150
2026-09-24,002609,7.750,59,45725
2026-09-24,002611,14.200,1790,2541800
2026-09-24,002612,17.500,233,407750
2026-09-24,002613,3.530,8373,2955669
2026-09-24,002614,7.500,79728,59796000
2026-09-24,002615,6.350,32,20320
2026-09-24,002616,4.790,210,100590
2026-09-24,002617,6.840,7515,5140260
2026-09-24,002622,2.500,6865,1716250
2026-09-24,002623,18.710,1137,2127327
2026-09-24,002624,9.880,1986,1962168
2026-09-24,002625,25.740,5527,14226498
2026-09-24,002626,16.700,69,115230
2026-09-24,002627,6.690,249,166581
2026-09-24,002628,5.090,995,506455
2026-09-24,002629,4.240,1284,544416
2026-09-24,002631,13.550,9572,12970060
2026-09-24,002632,9.730,495,481635
2026-09-24,002633,15.720,2229,3503988
2026-09-24,002635,16.680,12896,21510528
2026-09-24,002636,85.270,4569,38959863
2026-09-24,002637,10.860,573,622278
2026-09-24,002638,4.720,7395,3490440
2026-09-24,002639,13.760,3005,4134880
2026-09-24,002640,3.530,13745,4851985
2026-09-24,002641,3.800,317,120460
2026-09-24,002642,6.870,217,149079
2026-09-24,002643,13.270,235,311845
2026-09-24,002644,8.130,23,18699
2026-09-24,002645,18.580,639,1187262
2026-09-24,002646,7.330,13489,9887408
2026-09-24,002647,11.580,925,1071150
2026-09-24,002648,26.660,695,1852870
2026-09-24,002649,9.280,128,118784
2026-09-24,002651,8.120,296,240352
2026-09-24,002652,4.700,417,195990
2026-09-24,002653,65.000,63,409500
2026-09-24,002654,13.620,752,1024224
2026-09-24,002655,39.120,633,2476883
2026-09-24,002656,2.760,71,19596
2026-09-24,002657,15.270,195,297765
2026-09-24,002658,7.350,68,49980
2026-09-24,002659,4.570,434,198338
2026-09-24,002660,7.860,152,119472
2026-09-24,002661,7.590,193,146487
2026-09-24,002662,3.110,112,34832
2026-09-24,002663,1.680,977,164136
2026-09-24,002664,14.930,17,25381
2026-09-24,002666,4.220,2179,919538
2026-09-24,002668,8.880,73,64824
2026-09-24,002669,14.460,4643,6713778
2026-09-24,002670,11.600,402,466320
2026-09-24,002671,4.010,131,52531
2026-09-24,002672,3.810,19803,7544943
2026-09-24,002673,6.720,1568,1053763
2026-09-24,002674,20.100,51,102510
2026-09-24,002675,12.700,133,168910
2026-09-24,002676,5.300,410,217300
2026-09-24,002677,6.250,1061,663125
2026-09-24,002678,4.420,116,51272
2026-09-24,002679,10.470,275,287925
2026-09-24,002681,4.530,3404,1542012
2026-09-24,002682,4.840,847,409948
2026-09-24,002683,28.500,133,379050
2026-09-24,002685,5.480,1149,629652
2026-09-24,002686,6.150,59,36285
2026-09-24,002687,5.540,2484,1376136
2026-09-24,002688,5.190,36,18684
2026-09-24,002690,16.030,399,639581
2026-09-24,002692,4.240,511,216664
2026-09-24,002693,9.200,271,249320
2026-09-24,002695,10.500,402,422100
2026-09-24,002696,6.620,1194,790428
2026-09-24,002697,4.640,231,107184
2026-09-24,002698,11.360,129,146544
2026-09-24,002700,6.380,561,357918
2026-09-24,002701,4.380,144,63072
2026-09-24,002702,5.480,1036,567838
2026-09-24,002703,15.160,4646,7043336
2026-09-24,002705,11.650,132,153780
2026-09-24,002706,8.670,572,495924
2026-09-24,002707,5.130,1256,644328
2026-09-24,002708,17.640,2274,4011336
2026-09-24,002709,32.710,1333,4360243
2026-09-24,002712,4.960,856,424576
2026-09-24,002713,10.730,882,946386
2026-09-24,002714,41.300,541,2234330
2026-09-24,002715,13.010,194,252394
2026-09-24,002716,9.370,26396,24733052
2026-09-24,002718,83.220,1,8322
2026-09-24,002721,2.640,3911,1032504
2026-09-24,002722,13.220,81,107082
2026-09-24,002723,7.230,64,46272
2026-09-24,002724,7.140,3068,2190552
2026-09-24,002725,10.930,37,40441
2026-09-24,002802,12.390,20,24780
2026-09-24,002803,19.800,413,817740
2026-09-24,002805,16.480,154,253792
2026-09-24,002806,15.180,122,185196
2026-09-24,002807,4.120,710,292602
2026-09-24,002843,16.110,48,77328
2026-09-24,002845,14.440,216,311904
2026-09-24,002846,11.380,1817,2067746
2026-09-24,002847,43.300,58,251140
2026-09-24,002848,15.610,119,185759
2026-09-24,002849,22.990,8607,19787493
2026-09-24,002850,170.380,25,425950
2026-09-24,002851,121.800,889,10828020
2026-09-24,002852,8.040,452,363408
2026-09-24,002855,12.920,1066,1377272
2026-09-24,002857,17.780,6,10668
2026-09-24,002858,11.840,1281,1516704
2026-09-24,002859,68.000,463,3148400
2026-09-24,002929,51.960,407,2114772
2026-09-24,002931,40.650,36,146340
2026-09-24,002933,27.770,21,58317
2026-09-24,002935,17.290,3889,6724081
2026-09-24,002936,1.740,4870,847314
2026-09-24,002937,29.830,2032,6061456
2026-09-24,002938,87.100,595,5182450
2026-09-24,002939,7.860,209,164274
2026-09-24,002940,23.300,114,265620
2026-09-24,002941,10.390,306,317934
2026-09-24,002942,16.930,36,60948
2026-09-24,002943,31.290,160,500640
2026-09-24,002945,14.770,900,1329300
2026-09-24,002946,14.420,94,135548
2026-09-24,002947,65.360,17,111112
2026-09-24,002948,6.020,849,511098
2026-09-24,002949,13.000,224,291200
2026-09-24,002950,8.620,29,24998
2026-09-24,002951,16.560,968,1603008
2026-09-24,002952,19.550,61,119255
2026-09-24,002953,10.350,302,312570
2026-09-24,002955,37.460,136,509456
2026-09-24,002956,17.680,167,295256
2026-09-24,002957,43.580,1915,8345570
2026-09-24,002958,2.900,5973,1732170
2026-09-24,002959,31.740,11,34914
2026-09-24,002960,8.880,161,142968
2026-09-24,002961,13.700,485,664614
2026-09-24,002962,13.630,682,929566
2026-09-24,002963,24.000,495,1188000
2026-09-24,002965,32.150,325,1044875
2026-09-24,002966,9.060,257,232842
2026-09-24,002967,17.480,219,382812
2026-09-24,002968,9.800,1721,1686580
2026-09-24,002969,11.150,445,496175
2026-09-24,002970,43.680,159,694512
2026-09-24,002971,40.740,5977,24350298
2026-09-24,002972,13.290,38,50502
2026-09-24,002973,12.810,121,155001
2026-09-24,002975,112.630,1526,17187338
2026-09-24,002976,25.910,1810,4689710
2026-09-24,002978,25.290,5,12645
2026-09-24,002979,54.000,116,626400
2026-09-24,002980,114.340,1009,11536906
2026-09-24,002981,24.390,139,339021
2026-09-24,002982,12.530,447,560091
2026-09-24,002983,22.500,113,254250
2026-09-24,002984,13.020,284,369768
2026-09-24,002985,27.840,55,153120
2026-09-24,002986,13.190,56,73864
2026-09-24,002987,10.770,225,242325
2026-09-24,002988,31.900,116,370040
2026-09-24,002989,27.310,2279,6223949
2026-09-24,002990,54.450,765,4165425
2026-09-24,002991,37.390,29,108431
2026-09-24,002992,34.660,237,821442
2026-09-24,002993,35.280,98,345744
2026-09-24,002995,17.230,252,434196
2026-09-24,002996,5.950,134,79730
2026-09-24,002997,26.330,16,42128
2026-09-24,002998,8.090,288,232992
2026-09-24,002999,6.410,273,174801
2026-09-24,003000,9.360,239,223704
2026-09-24,003001,21.390,829,1773231
2026-09-24,003002,15.700,656,1029920
2026-09-24,003003,10.960,263,288248
2026-09-24,003004,60.220,57,343254
2026-09-24,003005,14.660,986,1445476
2026-09-24,003006,22.000,4533,9972600
2026-09-24,003007,41.350,125,516875
2026-09-24,003008,19.900,56,111440
2026-09-24,003009,46.700,91,424970
2026-09-24,003010,27.800,85,236300
2026-09-24,003011,20.590,433,891547
2026-09-24,003012,4.660,116,54056
2026-09-24,003013,16.200,537,869940
2026-09-24,003015,12.570,45,56565
2026-09-24,003016,7.520,40,30080
2026-09-24,003017,23.000,56,128800
2026-09-24,003018,48.950,330,1615350
2026-09-24,003019,27.680,223,617264
2026-09-24,003020,17.600,31,54560
2026-09-24,003021,70.780,44,311432
2026-09-24,003022,19.390,82,158998
2026-09-24,003023,26.090,32,83488
2026-09-24,003025,12.430,294,365442
2026-09-24,003026,35.300,2971,10487630
2026-09-24,003027,16.530,64,105792
2026-09-24,003028,23.980,24,57552
2026-09-24,003029,17.000,1515,2575500
2026-09-24,003030,27.340,21,57414
2026-09-24,003031,134.590,289,3889651
2026-09-24,003032,8.890,16919,15040991
2026-09-24,003033,94.930,233,2211869
2026-09-24,003035,5.330,500,266500
2026-09-24,003036,58.240,1809,10535616
2026-09-24,003037,5.840,130,75920
2026-09-24,003038,10.710,176,188496
2026-09-24,003039,12.600,127,160020
2026-09-24,003040,14.900,9661,14395128
2026-09-24,003041,42.710,58,247718
2026-09-24,003042,14.560,36,52416
2026-09-24,003043,63.880,192,1226496
2026-09-24,003816,4.170,1476,615492
2026-09-24,600000,8.990,2497,2244803
2026-09-24,600004,7.620,102,77724
2026-09-24,600006,5.400,4890,2640600
2026-09-24,600007,19.850,27,53595
2026-09-24,600008,2.730,1214,331422
2026-09-24,600009,22.750,445,1012375
2026-09-24,600010,2.110,18423,3887198
2026-09-24,600011,6.760,219,148044
2026-09-24,600012,15.360,221,339456
2026-09-24,600015,6.230,2532,1577436
2026-09-24,600016,3.470,5166,1792602
2026-09-24,600017,2.800,413,115640
2026-09-24,600018,5.390,1721,927619
2026-09-24,600019,5.740,942,540708
2026-09-24,600020,3.830,1150,440450
2026-09-24,600021,13.320,347,462204
2026-09-24,600022,1.310,26092,3418052
2026-09-24,600023,5.080,1251,635508
2026-09-24,600025,9.600,425,408000
2026-09-24,600026,21.250,2699,5735375
2026-09-24,600027,4.810,3783,1819623
2026-09-24,600028,5.300,4816,2552480
2026-09-24,600029,4.950,4590,2272050
2026-09-24,600030,26.750,1904,5093200
2026-09-24,600031,17.530,2754,4827762
2026-09-24,600032,6.740,259,174566
2026-09-24,600033,3.620,1185,428970
2026-09-24,600035,3.630,854,310002
2026-09-24,600036,40.600,2183,8862980
2026-09-24,600037,7.070,339,239673
2026-09-24,600038,27.130,84,227892
2026-09-24,600039,8.600,476,409360
2026-09-24,600048,5.640,37205,20983620
2026-09-24,600050,4.170,6304,2628768
2026-09-24,600051,6.240,187,116688
2026-09-24,600052,3.630,104,37752
2026-09-24,600054,10.750,276,296700
2026-09-24,600055,10.520,117,123084
2026-09-24,600056,8.960,242,216832
2026-09-24,600057,6.040,180,108720
2026-09-24,600058,9.200,1912,1759040
2026-09-24,600059,11.400,23961,27315905
2026-09-24,600060,27.100,65,176150
2026-09-24,600061,6.300,755,475650
2026-09-24,600062,16.020,125,200250
2026-09-24,600063,5.670,1980,1122660
2026-09-24,600064,7.690,1189,914341
2026-09-24,600066,25.260,1947,4918122
2026-09-24,600067,2.630,480,126240
2026-09-24,600071,16.780,78,130884
2026-09-24,600072,8.700,166,144420
2026-09-24,600073,5.480,156,85488
2026-09-24,600075,4.590,180,82620
2026-09-24,600076,2.160,10462,2259792
2026-09-24,600078,10.050,277,278385
2026-09-24,600081,10.520,271,285092
2026-09-24,600085,23.560,61,143716
2026-09-24,600088,13.250,3992,5289400
2026-09-24,600089,18.000,1809,3255660
2026-09-24,600094,4.010,829,332429
2026-09-24,600095,8.910,676,602316
2026-09-24,600096,27.900,1072,2990880
2026-09-24,600097,9.280,43,39904
2026-09-24,600098,6.210,1527,948267
2026-09-24,600099,9.300,48,44640
2026-09-24,600100,6.800,297,201960
2026-09-24,600101,7.840,413,323792
2026-09-24,600103,3.640,9563,3480932
2026-09-24,600104,10.830,1955,2117265
2026-09-24,600105,44.510,3325,14799575
2026-09-24,600106,4.490,169,75877
2026-09-24,600108,4.320,10235,4421520
2026-09-24,600109,8.260,451,372526
2026-09-24,600110,12.300,8638,10624740
2026-09-24,600111,37.200,1238,4605360
2026-09-24,600113,29.850,57,170145
2026-09-24,600114,27.610,70,193270
2026-09-24,600115,3.430,35205,12075315
2026-09-24,600116,6.060,215,130290
2026-09-24,600117,2.160,668,144290
2026-09-24,600118,57.630,411,2368593
2026-09-24,600120,4.670,970,452985
2026-09-24,600121,4.810,7842,3772002
2026-09-24,600123,6.990,270,188730
2026-09-24,600125,5.270,197,103819
2026-09-24,600183,142.600,2214,31571640
2026-09-24,600184,20.190,1008,2035152
2026-09-24,600185,4.780,1800,860395
2026-09-24,600186,13.250,19912,26383400
2026-09-24,600188,19.850,800,1588000
2026-09-24,600189,8.350,1049,875915
2026-09-24,600191,9.170,94,86198
2026-09-24,600192,7.120,745,530440
2026-09-24,600195,6.680,39,26052
2026-09-24,600196,23.100,335,773850
2026-09-24,600197,9.440,650,613600
2026-09-24,600198,7.480,2157,1613436
2026-09-24,600199,7.210,6577,4742017
2026-09-24,600201,11.720,58,67976
2026-09-24,600266,4.380,3787,1658706
2026-09-24,600267,11.730,643,754239
2026-09-24,600268,10.160,175,177800
2026-09-24,600269,3.790,124,47000
2026-09-24,600307,1.460,7065,1031490
2026-09-24,600308,3.340,953,318302
2026-09-24,600309,71.210,1707,12157683
2026-09-24,600310,4.400,1070,470800
2026-09-24,600312,18.900,387,731430
2026-09-24,600313,6.980,921,642858
2026-09-24,600315,18.500,161,297850
2026-09-24,600316,33.810,553,1869693
2026-09-24,600318,6.820,433,295306
2026-09-24,600319,6.240,130,81120
2026-09-24,600320,4.040,6723,2716225
2026-09-24,600322,2.750,3492,960300
2026-09-24,600323,28.860,10,28860
2026-09-24,600352,12.440,510,634440
2026-09-24,600353,33.190,1701,5645619
2026-09-24,600354,10.090,6537,6595833
2026-09-24,600356,10.570,1344,1420608
2026-09-24,600358,5.210,273,142233
2026-09-24,600359,7.810,1237,966370
2026-09-24,600360,11.250,2243,2523375
2026-09-24,600361,3.480,1171,407508
2026-09-24,600362,43.800,2440,10687200
2026-09-24,600363,15.030,2312,3474936
2026-09-24,600366,11.290,607,685303
2026-09-24,600367,38.600,2212,8538320
2026-09-24,600368,4.110,727,298797
2026-09-24,600369,3.980,342,136116
2026-09-24,600383,2.500,41246,10311500
2026-09-24,600386,3.500,121,42350
2026-09-24,600388,17.470,862,1505914
2026-09-24,600389,18.630,238,443394
2026-09-24,600390,4.850,1021,495180
2026-09-24,600391,43.000,407,1750100
2026-09-24,600392,21.730,3001,6521173
2026-09-24,600395,5.010,1007,504507
2026-09-24,600396,12.900,3289,4242810
2026-09-24,600397,17.900,6799,12170210
2026-09-24,600398,5.700,498,283860
2026-09-24,600399,4.350,571,248381
2026-09-24,600400,3.380,1768,597584
2026-09-24,600403,7.210,11190,8067990
2026-09-24,600405,5.020,167,83834
2026-09-24,600406,22.300,1169,2606870
2026-09-24,600408,3.000,2677,803100
2026-09-24,600409,6.320,258,163056
2026-09-24,600410,15.800,4751,7506580
2026-09-24,600415,11.020,7388,8141576
2026-09-24,600416,8.410,166,139606
2026-09-24,600418,23.150,35238,81575970
2026-09-24,600419,8.700,86,74820
2026-09-24,600420,8.330,129,107099
2026-09-24,600422,8.140,141,114774
2026-09-24,600425,3.650,2239,817235
2026-09-24,600426,20.250,819,1658475
2026-09-24,600428,11.150,1696,1891040
2026-09-24,600429,4.530,109,49372
2026-09-24,600433,3.280,254,83312
2026-09-24,600435,11.390,426,485214
2026-09-24,600436,120.000,94,1128000
2026-09-24,600438,11.540,427,492758
2026-09-24,600444,14.500,124,179800
2026-09-24,600446,10.570,415,438655
2026-09-24,600448,3.240,43419,14067756
2026-09-24,600449,13.010,643,836543
2026-09-24,600452,8.910,611,544401
2026-09-24,600455,24.280,170,412760
2026-09-24,600456,25.320,49,124068
2026-09-24,600458,11.220,253,283866
2026-09-24,600459,18.910,838,1584658
2026-09-24,600460,33.350,1714,5716190
2026-09-24,600461,8.840,628,555152
2026-09-24,600463,8.200,362,296840
2026-09-24,600467,2.410,897,216177
2026-09-24,600468,6.070,1098,666486
2026-09-24,600469,4.980,107,53286
2026-09-24,600470,5.620,1218,684516
2026-09-24,600475,15.100,77,116270
2026-09-24,600477,2.420,571,138182
2026-09-24,600478,4.470,1400,625800
2026-09-24,600479,13.000,10086,13111800
2026-09-24,600480,7.780,169,131482
2026-09-24,600481,4.050,4479,1813995
2026-09-24,600482,34.730,125,434125
2026-09-24,600483,10.650,75,80195
2026-09-24,600486,52.350,43,225105
2026-09-24,600487,69.800,10216,71310821
2026-09-24,600488,5.850,1084,634140
2026-09-24,600489,22.930,8129,18639797
2026-09-24,600490,7.060,1508,1064648
2026-09-24,600493,6.320,167,105544
2026-09-24,600495,4.060,344,139660
2026-09-24,600497,9.560,2858,2732248
2026-09-24,600498,42.190,1672,7054168
2026-09-24,600499,11.600,5966,6920560
2026-09-24,600500,5.740,4925,2826950
2026-09-24,600501,14.490,50,72450
2026-09-24,600502,4.130,599,247387
2026-09-24,600503,2.700,79046,21342420
2026-09-24,600505,10.250,249,255225
2026-09-24,600506,17.050,1302,2219910
2026-09-24,600507,4.040,440,177760
2026-09-24,600508,10.710,765,819315
2026-09-24,600509,7.240,347,251228
2026-09-24,600510,6.750,55,37125
2026-09-24,600511,26.100,75,195750
2026-09-24,600512,2.060,1283,264298
2026-09-24,600513,14.970,90,134730
2026-09-24,600515,2.720,4988,1356736
2026-09-24,600516,5.400,1139,615060
2026-09-24,600517,4.920,212,104299
2026-09-24,600518,1.350,3582,483570
2026-09-24,600519,1250.010,183,22911433
2026-09-24,600520,25.930,145,375985
2026-09-24,600521,16.220,3650,5920300
2026-09-24,600522,35.700,15424,55063680
2026-09-24,600523,11.900,69,82110
2026-09-24,600525,4.920,146,71832
2026-09-24,600526,4.520,693,313231
2026-09-24,600527,2.180,477,103986
2026-09-24,600528,6.800,336,228480
2026-09-24,600529,18.490,63,116487
2026-09-24,600531,11.890,1375,1634875
2026-09-24,600533,2.240,1070,239680
2026-09-24,600535,13.880,78,108264
2026-09-24,600536,31.300,332,1039160
2026-09-24,600538,4.870,666,324337
2026-09-24,600539,14.660,1046,1533436
2026-09-24,600540,5.700,2558,1458060
2026-09-24,600545,4.400,10145,4463796
2026-09-24,600546,13.370,419,560203
2026-09-24,600547,30.370,7649,23230013
2026-09-24,600548,8.050,80,64400
2026-09-24,600549,48.380,457,2210966
2026-09-24,600550,10.390,786,816654
2026-09-24,600551,7.700,585,450450
2026-09-24,600552,18.330,3822,7005726
2026-09-24,600556,4.580,1355,620585
2026-09-24,600557,12.330,110,135630
2026-09-24,600558,4.740,940,445560
2026-09-24,600559,11.100,1119,1242090
2026-09-24,600560,11.370,29,32973
2026-09-24,600561,5.850,328,191880
2026-09-24,600562,27.980,137,383326
2026-09-24,600563,124.030,222,2753466
2026-09-24,600566,24.660,21,51786
2026-09-24,600567,1.320,3876,511632
2026-09-24,600569,1.750,7662,1340850
2026-09-24,600570,20.150,348,701220
2026-09-24,600571,10.300,360,370800
2026-09-24,600572,4.240,2432,1031168
2026-09-24,600573,10.030,376,377128
2026-09-24,600575,3.150,398,125370
2026-09-24,600576,5.400,172,92880
2026-09-24,600577,8.900,3619,3220910
2026-09-24,600578,5.220,652,340344
2026-09-24,600579,7.170,68,48756
2026-09-24,600580,27.150,413,1121295
2026-09-24,600582,4.870,499,243013
2026-09-24,600583,6.390,2750,1757250
2026-09-24,600584,70.980,2185,15509130
2026-09-24,600585,17.220,1388,2390136
2026-09-24,600586,3.990,479,191121
2026-09-24,600587,12.990,927,1204173
2026-09-24,600588,9.580,2868,2747544
2026-09-24,600589,7.800,4736,3694080
2026-09-24,600590,8.420,167,140614
2026-09-24,600592,14.500,17,24650
2026-09-24,600593,48.580,1327,6446566
2026-09-24,600594,3.680,374,137632
2026-09-24,600595,5.950,2164,1287580
2026-09-24,600596,11.720,2036,2386192
2026-09-24,600597,6.740,345,232530
2026-09-24,600598,12.770,213,272001
2026-09-24,600600,50.300,156,784680
2026-09-24,600601,14.900,8884,13237160
2026-09-24,600602,16.820,406,682892
2026-09-24,600603,4.640,551,255659
2026-09-24,600604,4.930,1682,829221
2026-09-24,600605,31.050,2631,8169255
2026-09-24,600606,1.500,191825,28773750
2026-09-24,600609,3.550,6357,2256735
2026-09-24,600610,7.530,1503,1131759
2026-09-24,600611,4.500,4920,2214000
2026-09-24,600612,31.910,22,70202
2026-09-24,600613,8.500,11712,9955200
2026-09-24,600615,9.600,226,216960
2026-09-24,600616,5.240,29803,15616929
2026-09-24,600617,3.230,335,108205
2026-09-24,600618,9.870,106,104622
2026-09-24,600619,13.360,690,921840
2026-09-24,600620,4.360,246,107256
2026-09-24,600621,13.910,2534,3524794
2026-09-24,600622,2.470,2227,550069
2026-09-24,600623,8.450,131,110695
2026-09-24,600626,3.760,611,229736
2026-09-24,600628,6.320,244,154208
2026-09-24,600629,16.380,716,1172808
2026-09-24,600630,7.970,48411,38583511
2026-09-24,600633,10.300,838,863140
2026-09-24,600635,4.450,1146,509966
2026-09-24,600637,8.970,4177,3746769
2026-09-24,600638,5.100,1063,542130
2026-09-24,600639,9.680,212,205216
2026-09-24,600640,12.250,2765,3387125
2026-09-24,600641,47.990,14547,69811053
2026-09-24,600642,8.690,362,314578
2026-09-24,600643,4.030,132,53196
2026-09-24,600644,8.920,2949,2630508
2026-09-24,600645,19.190,342,656298
2026-09-24,600648,9.390,29,27231
2026-09-24,600649,4.080,1451,592008
2026-09-24,600650,10.670,2967,3165789
2026-09-24,600651,5.240,650,340600
2026-09-24,600653,1.810,59180,10711580
2026-09-24,600654,2.990,2982,891618
2026-09-24,600655,4.570,481,219812
2026-09-24,600657,3.130,11303,3537839
2026-09-24,600658,4.130,632,261012
2026-09-24,600660,52.800,684,3611520
2026-09-24,600661,9.040,469,423976
2026-09-24,600662,4.210,105,44205
2026-09-24,600663,9.100,828,753480
2026-09-24,600664,8.650,131529,113772222
2026-09-24,600665,3.440,584,200896
2026-09-24,600666,3.330,4317,1437628
2026-09-24,600667,20.170,13406,27039902
2026-09-24,600668,7.390,146,107894
2026-09-24,600671,23.270,79,183833
2026-09-24,600673,31.910,233,743503
2026-09-24,600702,33.200,537,1782840
2026-09-24,600703,12.740,3033,3864042
2026-09-24,600704,4.840,634,306856
2026-09-24,600706,8.330,165,137445
2026-09-24,600707,9.800,20300,19894000
2026-09-24,600708,3.080,2030,625240
2026-09-24,600710,11.350,92,104420
2026-09-24,600711,10.780,1736,1871408
2026-09-24,600712,5.570,1146,638322
2026-09-24,600736,6.610,1638,1082718
2026-09-24,600737,15.010,2939,4411439
2026-09-24,600738,4.210,25,10525
2026-09-24,600739,10.400,344,357760
2026-09-24,600740,3.700,486,179820
2026-09-24,600741,14.830,184,272872
2026-09-24,600742,7.690,74,56906
2026-09-24,600743,2.880,138661,39934368
2026-09-24,600744,6.180,3446,2129628
2026-09-24,600746,6.820,514,350548
2026-09-24,600755,5.780,291,168198
2026-09-24,600756,13.710,290,397590
2026-09-24,600757,7.390,101,74639
2026-09-24,600758,3.550,5306,1883630
2026-09-24,600760,44.000,264,1161600
2026-09-24,600761,15.300,129,197370
2026-09-24,600763,33.630,209,702867
2026-09-24,600764,18.390,159,292401
2026-09-24,600765,13.310,292,388652
2026-09-24,600768,14.890,397,591133
2026-09-24,600787,4.570,1212,553884
2026-09-24,600789,7.740,698,540252
2026-09-24,600790,3.770,31466,11862682
2026-09-24,600791,6.990,1523,1064577
2026-09-24,600792,5.100,11953,6096030
2026-09-24,600793,17.730,96,170208
2026-09-24,600794,3.160,189,59724
2026-09-24,600795,5.110,4002,2045022
2026-09-24,600796,5.060,160,80960
2026-09-24,600797,6.610,141,93201
2026-09-24,600798,3.350,821,275035
2026-09-24,600800,3.190,934,297946
2026-09-24,600801,23.690,69,163461
2026-09-24,600802,5.800,13059,7574220
2026-09-24,600829,9.750,291,283725
2026-09-24,600830,8.470,546,462462
2026-09-24,600831,3.340,255,85170
2026-09-24,600833,10.600,111,117660
2026-09-24,600834,7.570,75,56775
2026-09-24,600835,18.710,405,757755
2026-09-24,600838,8.590,1281,1100379
2026-09-24,600839,6.600,1050,693000
2026-09-24,600841,5.700,398,226860
2026-09-24,600843,7.200,23199,16703280
2026-09-24,600844,3.330,427,142191
2026-09-24,600863,4.610,1420,654620
2026-09-24,600864,5.800,869,504020
2026-09-24,600865,11.090,847,939323
2026-09-24,600866,4.170,358,149286
2026-09-24,600867,7.790,540,420660
2026-09-24,600868,2.710,783,212193
2026-09-24,600869,20.780,6970,14483078
2026-09-24,600871,2.130,9065,1930845
2026-09-24,600872,17.320,198,342936
2026-09-24,600873,7.410,1367,1012947
2026-09-24,600901,6.660,538,358308
2026-09-24,600903,6.630,2070,1372410
2026-09-24,600905,3.640,1562,568568
2026-09-24,600906,6.440,396,255024
2026-09-24,600908,5.730,82,46986
2026-09-24,600909,8.050,1645,1324225
2026-09-24,600916,7.310,1350,986850
2026-09-24,600917,4.830,304,146832
2026-09-24,600918,5.500,412,226600
2026-09-24,600919,12.070,812,979939
2026-09-24,600925,4.060,520,211120
2026-09-24,600926,17.150,522,895230
2026-09-24,600927,12.300,74,91020
2026-09-24,600928,3.500,78,27300
2026-09-24,600929,6.080,1436,873088
2026-09-24,600930,3.900,4539,1770210
2026-09-24,600933,13.930,359,500087
2026-09-24,600935,2.300,83,19090
2026-09-24,600936,4.330,1162,503142
2026-09-24,600938,32.340,1971,6374214
2026-09-24,600939,2.610,377,98397
2026-09-24,600941,96.500,134,1293100
2026-09-24,600955,12.570,18,22626
2026-09-24,600956,7.000,441,308700
2026-09-24,600958,8.920,923,823316
2026-09-24,600959,3.080,527,162316
2026-09-24,600960,3.960,2174,860904
2026-09-24,600961,24.130,1436,3465068
2026-09-24,600962,26.150,273,713895
2026-09-24,600963,3.410,437,149017
2026-09-24,600966,4.880,239,116632
2026-09-24,600967,12.900,1844,2378760
2026-09-24,600968,3.870,1991,770517
2026-09-24,600969,9.770,95,92815
2026-09-24,600970,7.630,425,324275
2026-09-24,600971,8.350,65,54275
2026-09-24,600973,5.900,404,238360
2026-09-24,600975,5.140,506,260084
2026-09-24,600976,27.000,11,29700
2026-09-24,600977,13.450,401,539345
2026-09-24,600979,3.880,301,116784
2026-09-24,600980,19.370,92,178204
2026-09-24,600981,2.390,258,61662
2026-09-24,600982,4.840,1168,565312
2026-09-24,600983,7.540,293,220922
2026-09-24,600984,3.460,950,328700
2026-09-24,600985,16.510,154,254254
2026-09-24,600986,7.050,2345,1653225
2026-09-24,600987,6.350,76,48260
2026-09-24,600988,41.960,1727,7246492
2026-09-24,600989,22.680,2408,5461344
2026-09-24,600990,17.960,38,68248
2026-09-24,600992,10.190,490,499310
2026-09-24,600993,22.460,27,60642
2026-09-24,600995,11.950,603,720585
2026-09-24,600996,6.800,152,103360
2026-09-24,600997,5.110,263,134393
2026-09-24,600998,4.870,347,168989
2026-09-24,600999,17.810,991,1764971
2026-09-24,601000,4.320,597,257904
2026-09-24,601001,18.000,122,219600
2026-09-24,601002,5.170,64,33088
2026-09-24,601003,3.480,4534,1577832
2026-09-24,601005,1.220,17132,2090104
2026-09-24,601006,4.680,1307,611676
2026-09-24,601007,6.760,64,43264
2026-09-24,601008,4.350,47,20445
2026-09-24,601009,11.750,486,571050
2026-09-24,601011,2.870,1962,563094
2026-09-24,601012,11.400,2525,2878500
2026-09-24,601015,3.500,3135,1097250
2026-09-24,601016,3.260,2710,883460
2026-09-24,601018,3.400,1011,343740
2026-09-24,601019,6.950,416,289120
2026-09-24,601020,21.820,2403,5243346
2026-09-24,601021,41.300,903,3729390
2026-09-24,601022,8.450,134,113230
2026-09-24,601026,15.250,204,311100
2026-09-24,601033,14.220,156,221832
2026-09-24,601038,13.920,484,673728
2026-09-24,601058,13.970,2799,3910203
2026-09-24,601061,11.240,488,548512
2026-09-24,601065,6.740,26,17524
2026-09-24,601066,23.670,250,591750
2026-09-24,601068,4.440,8274,3673652
2026-09-24,601069,26.440,1445,3820580
2026-09-24,601077,6.540,3171,2073834
2026-09-24,601083,12.810,152,194712
2026-09-24,601086,17.200,11083,19062760
2026-09-24,601088,47.340,598,2830932
2026-09-24,601089,16.300,49,79870
2026-09-24,601096,4.080,270,110160
2026-09-24,601098,10.360,91,94276
2026-09-24,601099,3.530,2029,716237
2026-09-24,601100,91.600,72,659520
2026-09-24,601101,13.080,422,551976
2026-09-24,601106,2.930,939,275127
2026-09-24,601107,5.990,112,67088
2026-09-24,601108,8.550,915,782325
2026-09-24,601111,5.930,3372,1999596
2026-09-24,601112,16.310,282,459942
2026-09-24,601113,3.510,167,58617
2026-09-24,601116,10.230,250,255750
2026-09-24,601117,7.150,1412,1009580
2026-09-24,601118,6.660,5498,3661668
2026-09-24,601121,7.190,578,415582
2026-09-24,601126,39.250,211,828175
2026-09-24,601127,47.000,1592,7482400
2026-09-24,601128,6.190,832,515008
2026-09-24,601133,25.500,1314,3350241
2026-09-24,601136,14.410,589,848749
2026-09-24,601137,20.400,261,532440
2026-09-24,601138,62.300,2750,17132500
2026-09-24,601139,6.260,1023,640398
2026-09-24,601155,12.900,2282,2943780
2026-09-24,601156,18.310,18,32958
2026-09-24,601158,3.980,728,289744
2026-09-24,601162,3.660,3309,1211094
2026-09-24,601163,12.300,307,377610
2026-09-24,601166,17.890,2377,4252453
2026-09-24,601168,36.500,3630,13249500
2026-09-24,601169,5.480,4735,2594988
2026-09-24,601177,13.750,162,222750
2026-09-24,601179,11.960,958,1145768
2026-09-24,601186,6.020,670,403340
2026-09-24,601187,6.940,277,192238
2026-09-24,601188,2.840,85,24140
2026-09-24,601199,6.660,958,638028
2026-09-24,601200,6.800,361,245480
2026-09-24,601208,54.010,6969,37639569
2026-09-24,601211,17.550,2301,4038255
2026-09-24,601212,5.860,22235,13029710
2026-09-24,601216,4.510,1532,690932
2026-09-24,601218,4.930,6077,2995961
2026-09-24,601222,5.940,519,308286
2026-09-24,601225,25.600,806,2063360
2026-09-24,601226,6.680,203,135604
2026-09-24,601228,3.020,263,79426
2026-09-24,601229,9.470,1076,1018972
2026-09-24,601231,26.710,1193,3186503
2026-09-24,601233,23.900,283,676370
2026-09-24,601236,7.000,756,529200
2026-09-24,601279,3.490,131,45719
2026-09-24,601288,6.830,22720,15517760
2026-09-24,601298,9.690,134,129846
2026-09-24,601311,7.410,74,54834
2026-09-24,601318,53.800,2822,15180154
2026-09-24,601319,8.040,1281,1029924
2026-09-24,601326,3.490,181,63169
2026-09-24,601328,7.550,5791,4372205
2026-09-24,601330,8.010,125,100125
2026-09-24,601333,3.040,1428,434112
2026-09-24,601336,57.800,242,1398760
2026-09-24,601339,7.250,279,202275
2026-09-24,601360,9.030,2734,2468802
2026-09-24,601366,3.580,604,216232
2026-09-24,601368,4.490,151,67795
2026-09-24,601369,8.900,1405,1250450
2026-09-24,601375,3.990,1425,568575
2026-09-24,601377,5.910,1206,712746
2026-09-24,601388,3.180,610,193980
2026-09-24,601390,4.280,1967,841876
2026-09-24,601398,8.100,11312,9162720
2026-09-24,601399,3.070,949,291343
2026-09-24,601456,8.620,1027,885274
2026-09-24,601500,3.900,314,122460
2026-09-24,601512,8.490,61,51789
2026-09-24,601515,3.240,219,70956
2026-09-24,601518,2.770,352,97504
2026-09-24,601519,8.850,683,604455
2026-09-24,601528,4.990,308,153692
2026-09-24,601555,8.240,414,341136
2026-09-24,601566,9.010,736,663136
2026-09-24,601567,16.250,25085,40763125
2026-09-24,601568,3.590,762,273558
2026-09-24,601577,9.690,501,485469
2026-09-24,601579,37.640,13187,49635755
2026-09-24,601588,1.780,5855,1042190
2026-09-24,601595,23.260,916,2130616
2026-09-24,601598,6.460,224,144704
2026-09-24,601599,3.190,84,26796
2026-09-24,601600,9.060,7801,7067706
2026-09-24,601601,31.600,1237,3908920
2026-09-24,601606,32.100,658,2112180
2026-09-24,601607,16.060,347,557282
2026-09-24,601608,4.570,964,440543
2026-09-24,601609,12.700,1239,1573530
2026-09-24,601611,10.250,435,445875
2026-09-24,601615,9.710,768,745728
2026-09-24,601616,3.740,48,17952
2026-09-24,601618,2.550,1399,356745
2026-09-24,601619,4.000,621,248400
2026-09-24,601628,38.590,474,1829166
2026-09-24,601633,14.080,223,313984
2026-09-24,601636,5.660,5795,3279970
2026-09-24,601658,5.320,1887,1003884
2026-09-24,601665,6.880,944,649472
2026-09-24,601666,8.810,96,84576
2026-09-24,601668,4.280,8680,3715040
2026-09-24,601669,4.580,6901,3160658
2026-09-24,601677,16.700,504,841680
2026-09-24,601727,6.620,846,560052
2026-09-24,601728,6.090,1035,630315
2026-09-24,601766,5.920,2615,1548080
2026-09-24,601777,7.700,103,79310
2026-09-24,601778,3.430,3961,1358623
2026-09-24,601825,8.630,998,861274
2026-09-24,601827,7.860,201,157986
2026-09-24,601828,2.180,1009,219962
2026-09-24,601838,18.850,277,522145
2026-09-24,601857,10.690,9288,9928872
2026-09-24,601929,2.400,6688,1605120
2026-09-24,601933,3.010,2785,838285
2026-09-24,601939,10.830,5742,6218586
2026-09-24,601949,5.960,15544,9264224
2026-09-24,601952,9.350,657,614295
2026-09-24,601990,6.690,134,89646
2026-09-24,601991,5.390,10647,5738733
2026-09-24,601992,1.410,6156,867996
2026-09-24,601995,32.190,3691,11881329
2026-09-24,603060,5.480,240,131520
2026-09-24,603061,340.050,55,1870275
2026-09-24,603062,38.850,9,34965
2026-09-24,603063,29.910,258,771678
2026-09-24,603065,15.100,3955,5972050
2026-09-24,603093,13.500,719,970650
2026-09-24,603095,14.900,488,727120
2026-09-24,603096,15.920,78,124176
2026-09-24,603097,18.560,41,76096
2026-09-24,603098,10.700,2,2140
2026-09-24,603131,13.920,99,137808
2026-09-24,603132,18.600,38,70680
2026-09-24,603135,8.880,275,244200
2026-09-24,603136,9.110,870,792570
2026-09-24,603137,19.600,1759,3447640
2026-09-24,603138,15.080,738,1112904
2026-09-24,603139,36.310,143,519233
2026-09-24,603150,74.860,119,890834
2026-09-24,603151,18.330,122,223626
2026-09-24,603153,13.670,234,319878
2026-09-24,603155,15.420,503,775626
2026-09-24,603156,45.200,695,3141400
2026-09-24,603158,10.620,180,191160
2026-09-24,603159,23.220,211,489942
2026-09-24,603160,54.990,240,1319760
2026-09-24,603161,14.900,178,265220
2026-09-24,603162,13.340,1227,1636818
2026-09-24,603163,82.750,58,479950
2026-09-24,603165,13.510,120,162120
2026-09-24,603166,11.000,48,52800
2026-09-24,603167,8.080,23,18584
2026-09-24,603168,5.830,73,42559
2026-09-24,603169,6.050,258,156090
2026-09-24,603170,11.990,18,21582
2026-09-24,603171,40.200,180,723600
2026-09-24,603172,19.750,192,379200
2026-09-24,603173,29.990,8,23992
2026-09-24,603175,113.950,199,2267605
2026-09-24,603176,5.300,15,7950
2026-09-24,603177,10.960,37,40552
2026-09-24,603178,16.000,124,198400
2026-09-24,603179,40.920,165,675180
2026-09-24,603180,15.730,58,91234
2026-09-24,603181,12.840,71,91164
2026-09-24,603182,13.610,16,21776
2026-09-24,603183,4.980,1417,705666
2026-09-24,603185,14.330,53,75949
2026-09-24,603186,228.600,852,19476720
2026-09-24,603187,10.700,140,149800
2026-09-24,603188,4.530,216,97848
2026-09-24,603190,16.290,7,11403
2026-09-24,603191,13.500,94,126900
2026-09-24,603192,21.660,410,888060
2026-09-24,603193,20.350,6,12210
2026-09-24,603194,33.830,26,87958
2026-09-24,603195,38.000,58,220400
2026-09-24,603196,18.740,20,37480
2026-09-24,603197,29.300,87,254910
2026-09-24,603198,38.780,138,535164
2026-09-24,603199,32.710,40,130840
2026-09-24,603200,39.450,93,366885
2026-09-24,603201,15.910,127,202057
2026-09-24,603202,52.550,28,147140
2026-09-24,603203,47.680,257,1225376
2026-09-24,603205,21.550,73,157315
2026-09-24,603206,13.820,216,298512
2026-09-24,603207,24.700,70,172900
2026-09-24,603208,11.330,226,256058
2026-09-24,603210,13.610,38,51718
2026-09-24,603211,19.980,68,135864
2026-09-24,603212,11.790,145,170955
2026-09-24,603214,13.470,272,366384
2026-09-24,603215,14.890,1145,1704905
2026-09-24,603216,24.030,5938,14269014
2026-09-24,603217,28.620,242,692604
2026-09-24,603218,9.260,148,137048
2026-09-24,603219,12.760,67,85492
2026-09-24,603220,18.400,132,242880
2026-09-24,603221,32.570,3220,10487540
2026-09-24,603222,8.940,19414,17356116
2026-09-24,603223,10.000,137,137000
2026-09-24,603225,17.790,251,446529
2026-09-24,603226,31.050,863,2679615
2026-09-24,603227,7.520,19,14288
2026-09-24,603228,107.010,752,8041802
2026-09-24,603229,8.200,2963,2429660
2026-09-24,603230,16.990,19098,32447502
2026-09-24,603231,17.190,48,82512
2026-09-24,603232,16.540,4871,8056634
2026-09-24,603233,18.000,425,765000
2026-09-24,603235,24.900,38,94620
2026-09-24,603236,75.000,467,3502500
2026-09-24,603237,15.230,16,24368
2026-09-24,603238,12.550,92,115460
2026-09-24,603239,14.170,28,39676
2026-09-24,603248,20.800,3454,7184320
2026-09-24,603255,32.740,352,1152448
2026-09-24,603256,157.910,2195,34661245
2026-09-24,603257,70.070,12,84084
2026-09-24,603258,14.190,712,1010328
2026-09-24,603259,166.800,1500,25020000
2026-09-24,603260,32.880,230,756240
2026-09-24,603261,51.900,17,88230
2026-09-24,603262,18.440,79,145676
2026-09-24,603266,18.000,258,464400
2026-09-24,603267,51.340,81,415854
2026-09-24,603268,216.990,246,5337954
2026-09-24,603269,26.580,550,1461900
2026-09-24,603270,37.060,213,789378
2026-09-24,603271,39.210,66,258786
2026-09-24,603273,14.730,95,139935
2026-09-24,603275,37.060,20,74120
2026-09-24,603276,18.340,150,275100
2026-09-24,603277,11.570,77,89089
2026-09-24,603278,8.910,8,7128
2026-09-24,603279,11.230,43,48289
2026-09-24,603280,26.780,201,538278
2026-09-24,603281,19.550,173,338215
2026-09-24,603282,17.450,142,247790
2026-09-24,603283,46.420,234,1083907
2026-09-24,603284,41.980,97,407206
2026-09-24,603285,37.810,152,574712
2026-09-24,603286,45.390,146,662694
2026-09-24,603288,34.100,221,753610
2026-09-24,603289,11.030,916,1010348
2026-09-24,603290,87.300,134,1169820
2026-09-24,603291,8.880,102,90576
2026-09-24,603293,36.500,124,452600
2026-09-24,603296,80.200,456,3657120
2026-09-24,603297,115.350,5,57675
2026-09-24,603298,23.320,48,111936
2026-09-24,603299,8.740,84,73416
2026-09-24,603300,4.580,1322,605476
2026-09-24,603301,80.990,47,380653
2026-09-24,603303,29.300,43,125990
2026-09-24,603305,11.210,461,516781
2026-09-24,603306,82.800,136,1126080
2026-09-24,603307,26.500,439,1163350
2026-09-24,603308,39.800,823,3275540
2026-09-24,603309,11.040,91,100464
2026-09-24,603310,14.870,53,78811
2026-09-24,603311,25.280,30,75840
2026-09-24,603312,31.720,16,50752
2026-09-24,603313,6.520,1353,882156
2026-09-24,603315,10.980,118,129564
2026-09-24,603316,16.900,6296,10640240
2026-09-24,603317,12.830,187,239921
2026-09-24,603318,9.030,2124,1917972
2026-09-24,603319,31.000,489,1515900
2026-09-24,603320,18.430,6,11058
2026-09-24,603321,7.060,545,384770
2026-09-24,603322,32.230,386,1244078
2026-09-24,603323,4.380,287,125706
2026-09-24,603324,26.800,24,64320
2026-09-24,603325,53.540,6,32124
2026-09-24,603326,7.510,146,109646
2026-09-24,603327,8.330,513,427329
2026-09-24,603328,15.200,17441,26510320
2026-09-24,603329,10.120,41,41492
2026-09-24,603330,9.730,571,555583
2026-09-24,603331,12.580,98,123284
2026-09-24,603332,12.050,269,324145
2026-09-24,603333,9.380,4,3752
2026-09-24,603334,32.170,13,41821
2026-09-24,603335,6.260,182,113932
2026-09-24,603336,10.600,351,372060
2026-09-24,603337,37.590,65,244335
2026-09-24,603338,54.000,55,297000
2026-09-24,603339,12.670,199,252133
2026-09-24,603341,38.320,183,701256
2026-09-24,603344,22.440,92,206448
2026-09-24,603345,77.900,148,1152920
2026-09-24,603348,14.380,99,142362
2026-09-24,603350,28.250,2,5650
2026-09-24,603351,27.540,36,99144
2026-09-24,603352,25.750,1,2575
2026-09-24,603353,45.400,610,2769400
2026-09-24,603355,32.380,197,637886
2026-09-24,603356,16.880,2475,4177800
2026-09-24,603357,5.940,177,105138
2026-09-24,603358,46.390,129,598431
2026-09-24,603360,12.790,204,260916
2026-09-24,603363,2.850,388,110580
2026-09-24,603365,16.100,39,62790
2026-09-24,603366,7.300,355,259150
2026-09-24,603367,14.410,347,500027
2026-09-24,603368,15.210,27,41067
2026-09-24,603369,27.270,495,1349865
2026-09-24,603370,27.450,47,129015
2026-09-24,603373,48.250,545,2629625
2026-09-24,603375,44.500,895,3982750
2026-09-24,603376,27.110,23,62353
2026-09-24,603379,51.340,343,1760962
2026-09-24,603380,35.460,55,195030
2026-09-24,603381,15.020,143,214786
2026-09-24,603382,18.970,12,22764
2026-09-24,603390,10.990,819,900081
2026-09-24,603391,67.450,31,209095
2026-09-24,603392,26.790,157,420603
2026-09-24,603393,25.220,107,269854
2026-09-24,603395,26.780,594,1590732
2026-09-24,603396,32.770,7958,26078366
2026-09-24,603399,13.420,1222,1639924
2026-09-24,603402,61.830,231,1428273
2026-09-24,603406,28.320,127,359664
2026-09-24,603499,13.290,197,261813
2026-09-24,603500,9.600,1258,1207680
2026-09-24,603501,82.330,132,1086756
2026-09-24,603505,15.170,216,327672
2026-09-24,603506,12.150,243,295245
2026-09-24,603507,27.480,449,1233852
2026-09-24,603508,20.930,24,50232
2026-09-24,603511,12.390,5,6195
2026-09-24,603515,14.680,59,86612
2026-09-24,603516,84.030,110,924330
2026-09-24,603757,69.150,271,1873965
2026-09-24,603758,11.000,76,83600
2026-09-24,603759,7.910,25,19775
2026-09-24,603766,14.440,84,121296
2026-09-24,603767,13.400,16,21440
2026-09-24,603876,18.340,302,553868
2026-09-24,603877,11.850,61,72285
2026-09-24,603878,4.860,250,121495
2026-09-24,603879,4.900,342,167580
2026-09-24,603880,9.230,103,95069
2026-09-24,603881,24.430,1043,2548049
2026-09-24,603882,28.810,290,835490
2026-09-24,603883,12.900,99,127710
2026-09-24,603885,10.130,799,809387
2026-09-24,603886,12.610,12,15132
2026-09-24,603887,8.780,272,238816
2026-09-24,603888,17.710,2259,4000689
2026-09-24,603889,6.030,44,26532
2026-09-24,603890,16.560,898,1487088
2026-09-24,603893,223.000,1808,40318400
2026-09-24,603895,26.180,11,28798
2026-09-24,603896,14.750,43,63425
2026-09-24,603897,30.050,144,432720
2026-09-24,603898,11.650,166,193390
2026-09-24,603899,22.340,41,91594
2026-09-24,603900,6.480,960,622080
2026-09-24,603901,9.510,151,143601
2026-09-24,603903,14.900,2674,3984260
2026-09-24,603906,18.020,231,416262
2026-09-24,603908,19.560,106,207336
2026-09-24,603909,9.790,125,122375
2026-09-24,603912,9.070,359,325613
2026-09-24,603915,13.140,154,202356
2026-09-24,603916,10.680,13,13884
2026-09-24,603917,14.350,18,25830
2026-09-24,603918,10.500,345,362250
2026-09-24,603919,16.260,476,773976
2026-09-24,603920,46.380,2249,10430862
2026-09-24,603926,17.580,22,38676
2026-09-24,603927,13.790,78,107562
2026-09-24,603928,12.210,398,485958
2026-09-24,603929,157.750,70,1104250
2026-09-24,603931,36.500,216,788400
2026-09-24,603933,19.280,75,144600
2026-09-24,603936,22.100,2554,5644340
2026-09-24,603937,13.000,7532,9791600
2026-09-24,603938,50.010,1641,8206941
2026-09-24,603939,22.050,167,368235
2026-09-24,603948,19.670,12,23604
2026-09-24,603949,16.900,19341,32686290
2026-09-24,603950,57.750,896,5174400
2026-09-24,603955,24.610,91,223951
2026-09-24,603956,7.100,398,282580
2026-09-24,603958,19.070,554,1056478
2026-09-24,603960,18.140,470,852580
2026-09-24,603966,7.620,236,179832
2026-09-24,603967,11.540,46,53084
2026-09-24,603968,10.630,171,181773
2026-09-24,603969,7.490,366,274134
2026-09-24,603970,11.150,167,186205
2026-09-24,603976,33.000,179,590700
2026-09-24,603977,11.250,199,223875
2026-09-24,603978,26.120,1403,3664636
2026-09-24,603979,75.720,219,1658268
2026-09-24,603980,8.550,6292,5379660
2026-09-24,603982,6.310,125,78875
2026-09-24,603983,30.950,35,108325
2026-09-24,603985,16.900,270,456300
2026-09-24,603986,393.000,2903,114096939
2026-09-24,603987,7.540,159,119886
2026-09-24,603988,17.970,31,55707
2026-09-24,603989,32.770,1041,3412143
2026-09-24,603990,19.090,309,589881
2026-09-24,603991,188.380,832,15673216
2026-09-24,603992,20.280,20,40560
2026-09-24,603993,17.480,9773,17083204
2026-09-24,603995,25.620,180,461160
2026-09-24,603997,14.360,803,1153108
2026-09-24,603998,10.390,134,139226
2026-09-24,603999,6.380,1209,771342
2026-09-24,605001,5.790,132,76428
2026-09-24,605003,24.630,27,66501
2026-09-24,605005,16.200,12,19440
2026-09-24,605006,16.630,1286,2138618
2026-09-24,605007,15.130,229,346477
2026-09-24,605008,14.250,28,39900
2026-09-24,605009,24.880,2,4976
2026-09-24,605011,17.500,296,518000
2026-09-24,605016,21.550,239,515045
2026-09-24,605018,11.450,57,65265
2026-09-24,605020,31.620,141,445842
2026-09-24,605028,24.580,174,427692
2026-09-24,605033,19.590,29,56811
2026-09-24,605050,10.110,30,30330
2026-09-24,605055,8.710,113,98423
2026-09-24,605056,13.980,205,286590
2026-09-24,605058,58.000,5087,29504600
2026-09-24,605060,40.450,67,271015
2026-09-24,605066,6.740,34,22916
2026-09-24,605068,20.830,316,658228
2026-09-24,605069,11.510,797,917347
2026-09-24,605077,11.780,305,359290
2026-09-24,605080,23.020,2,4604
2026-09-24,605086,23.530,21,49413
2026-09-24,605088,25.100,3302,8288020
2026-09-24,605089,20.730,1,2073
2026-09-24,605090,31.790,150,476850
2026-09-24,605098,53.390,4,21356
2026-09-24,605099,29.000,24,69600
2026-09-24,605100,35.000,318,1113000
2026-09-24,605108,12.310,22,27082
2026-09-24,605111,61.300,1322,8103860
2026-09-24,605116,19.960,73,145708
2026-09-24,605117,78.310,1062,8319341
2026-09-24,605118,34.300,287,984410
2026-09-24,605122,12.220,367,448474
2026-09-24,605123,81.270,19,154413
2026-09-24,605128,23.800,209,497420
2026-09-24,605133,24.780,123,304794
2026-09-24,605136,8.460,62,52452
2026-09-24,605138,6.180,155,95790
2026-09-24,605151,18.700,41,76670
2026-09-24,605155,14.410,15,21615
2026-09-24,605158,7.890,66,52074
2026-09-24,605162,12.000,3335,4002000
2026-09-24,605166,8.790,59,51861
2026-09-24,605167,16.230,18,29214
2026-09-24,605168,53.750,384,2064000
2026-09-24,605169,12.940,30,38820
2026-09-24,605177,24.990,226,564774
2026-09-24,605178,73.530,741,5448573
2026-09-24,605179,25.880,5238,13555944
2026-09-24,605180,13.650,94,128310
2026-09-24,605183,16.400,71,116440
2026-09-24,605186,26.720,61,162992
2026-09-24,605188,13.000,216,280800
2026-09-24,605189,14.050,938,1317890
2026-09-24,605196,36.550,570,2083350
2026-09-24,605198,70.290,427,3001383
2026-09-24,605208,15.000,216,324000
2026-09-24,605218,14.680,2403,3527604
2026-09-24,605222,22.960,310,711760
2026-09-24,605228,11.370,177,201249
2026-09-24,605255,58.990,130,766870
2026-09-24,605258,43.650,1936,8450640
2026-09-24,605259,17.680,18,31824
2026-09-24,605266,15.760,86,135536
2026-09-24,605268,10.150,6685,6785275
2026-09-24,605277,17.340,81,140454
2026-09-24,605286,25.190,18,45342
2026-09-24,605287,36.230,11,39853
2026-09-24,605288,68.800,222,1527360
2026-09-24,605289,102.500,121,1240250
2026-09-24,605296,33.050,207,684135
2026-09-24,605298,45.640,10,45640
2026-09-24,605299,12.340,40,49360
2026-09-24,605300,10.480,109,114232
2026-09-24,605305,30.720,114,350208
2026-09-24,605318,79.700,49,390530
2026-09-24,605319,23.000,28,64400
2026-09-24,605333,16.800,90,151200
2026-09-24,605337,9.030,79,71337
2026-09-24,605338,17.780,45,80010
2026-09-24,605358,48.020,5019,24101238
2026-09-24,605365,14.400,36,51840
2026-09-24,605366,8.750,2791,2442125
2026-09-24,605368,6.670,85,56695
2026-09-24,605369,17.960,4,7184
2026-09-24,605376,137.520,539,7412328
2026-09-24,605377,8.130,293,238209
2026-09-24,605378,15.050,122,183610
2026-09-24,605388,6.160,209,128744
2026-09-24,605389,65.990,3,19797
2026-09-24,605398,22.620,887,2006394
2026-09-24,605399,11.560,55,63580
2026-09-24,605488,31.170,266,829122
2026-09-24,605499,111.470,248,2764456
2026-09-24,605500,7.360,52,38272
2026-09-24,605507,18.800,1601,3009880
2026-09-24,605555,12.620,123,155226
2026-09-24,605566,33.000,231,762300
2026-09-24,605567,9.420,131,123402
2026-09-24,605577,15.600,11041,17223960
2026-09-24,605580,22.610,635,1435735
2026-09-24,605588,48.690,131,637839
2026-09-24,605589,41.020,796,3265192
2026-09-24,605598,24.640,14,34496
2026-09-24,605599,13.790,297,409563
2026-09-28,000025,14.900,71,105790
2026-09-28,000026,19.890,162,322218
2026-09-28,000027,6.170,632,389944
2026-09-28,000028,19.550,113,220915
2026-09-28,000029,22.100,441,974610
2026-09-28,000030,3.900,158,61620
2026-09-28,000031,2.280,4492,1024176
2026-09-28,000032,14.130,877,1239201
2026-09-28,000034,24.140,2472,5967408
2026-09-28,000531,5.530,38,21014
2026-09-28,000532,12.890,3549,4574661
2026-09-28,000533,10.300,477,491310
2026-09-28,000534,22.710,522,1185462
2026-09-28,000536,3.610,15788,5699468
2026-09-28,000537,7.290,420,306180
2026-09-28,000538,49.870,125,624472
2026-09-28,000539,4.940,811,400634
2026-09-28,000541,4.910,838,411458
2026-09-28,000543,7.130,901,642413
2026-09-28,000544,7.180,69,49542
2026-09-28,000545,2.180,2589,564402
2026-09-28,000546,4.340,347,150598
2026-09-28,000547,14.420,6598,9514316
2026-09-28,000568,70.650,336,2372498
2026-09-28,000570,5.260,109,57334
2026-09-28,000571,6.600,1318,869880
2026-09-28,000572,3.840,3981,1528704
2026-09-28,000573,3.790,135,51165
2026-09-28,000576,8.300,352,292160
2026-09-28,000581,18.100,304,550240
2026-09-28,000582,9.100,1412,1284920
2026-09-28,000631,3.010,776,233576
2026-09-28,000633,5.260,65,34190
2026-09-28,000635,7.520,727,546704
2026-09-28,000636,55.430,5638,31251434
2026-09-28,000637,4.240,1440,610560
2026-09-28,000650,5.160,889,458724
2026-09-28,000651,38.500,1258,4843300
2026-09-28,000652,3.310,89,29591
2026-09-28,000655,7.100,144,102240
2026-09-28,000656,1.230,19919,2450037
2026-09-28,000657,57.000,1489,8487300
2026-09-28,000659,2.710,367,99457
2026-09-28,000661,70.600,194,1372464
2026-09-28,000663,5.990,2192,1313008
2026-09-28,000665,4.090,5938,2428642
2026-09-28,000668,18.350,780,1431300
2026-09-28,000670,7.850,7712,6053920
2026-09-28,000672,15.650,781,1222265
2026-09-28,000676,6.690,12998,8695662
2026-09-28,000678,10.450,32888,34367960
2026-09-28,000679,6.460,46,29716
2026-09-28,000680,9.040,756,683424
2026-09-28,000681,15.960,718,1145928
2026-09-28,000682,10.400,256,266240
2026-09-28,000683,5.540,620,343480
2026-09-28,000685,10.800,366,395280
2026-09-28,000686,7.620,148,112776
2026-09-28,000688,24.650,394,971210
2026-09-28,000690,5.060,810,409860
2026-09-28,000691,9.000,292,262800
2026-09-28,000692,4.120,83,34196
2026-09-28,000695,12.790,68,86972
2026-09-28,000697,8.900,158,140620
2026-09-28,000700,12.480,4636,5785728
2026-09-28,000701,5.230,5967,3120741
2026-09-28,000702,5.660,418,236588
2026-09-28,000703,17.160,1178,2021448
2026-09-28,000705,7.020,77,54054
2026-09-28,000707,4.580,409,187322
2026-09-28,000708,12.890,238,306782
2026-09-28,000709,2.010,5230,1051230
2026-09-28,000710,10.900,21563,23503670
2026-09-28,000711,4.900,10102,4949980
2026-09-28,000712,9.900,1290,1277100
2026-09-28,000713,6.350,2295,1457325
2026-09-28,000715,5.350,239,127865
2026-09-28,000716,5.020,892,447784
2026-09-28,000717,2.130,113,24069
2026-09-28,000718,2.040,241,49164
2026-09-28,000719,12.110,355,429905
2026-09-28,000720,3.620,609,220458
2026-09-28,000721,6.100,203,123830
2026-09-28,000722,13.210,312,412152
2026-09-28,000723,3.490,3504,1222896
2026-09-28,000725,6.020,257399,154954198
2026-09-28,000726,6.080,981,596448
2026-09-28,000727,2.170,1423,308791
2026-09-28,000728,7.290,861,627669
2026-09-28,000729,10.810,559,604279
2026-09-28,000731,7.940,511,405734
2026-09-28,000733,40.700,254,1033780
2026-09-28,000735,5.630,2729,1536427
2026-09-28,000736,4.680,976,456768
2026-09-28,000737,13.510,9565,12922315
2026-09-28,000738,18.900,220,415800
2026-09-28,000739,25.300,437,1105610
2026-09-28,000750,3.600,743,267480
2026-09-28,000751,4.450,1262,561590
2026-09-28,000753,5.320,31650,16837800
2026-09-28,000755,4.670,366,170922
2026-09-28,000756,14.090,7149,10072265
2026-09-28,000757,4.280,101,43228
2026-09-28,000758,5.750,1215,698625
2026-09-28,000759,6.370,4266,2717442
2026-09-28,000761,2.210,1800,397800
2026-09-28,000762,20.800,546,1135680
2026-09-28,000766,15.180,183,277794
2026-09-28,000767,3.300,1653,545490
2026-09-28,000768,22.200,653,1449660
2026-09-28,000776,20.300,1162,2358860
2026-09-28,000777,16.370,196,320852
2026-09-28,000778,3.560,963,342828
2026-09-28,000779,8.600,1390,1195400
2026-09-28,000782,8.180,486,397548
2026-09-28,000783,8.250,1866,1539450
2026-09-28,000785,2.260,8057,1820882
2026-09-28,000786,15.880,62,98456
2026-09-28,000788,5.390,63,33957
2026-09-28,000789,4.090,505,206545
2026-09-28,000790,5.150,74157,38190943
2026-09-28,000791,7.010,299,209599
2026-09-28,000792,23.330,7135,16645255
2026-09-28,000795,8.300,6858,5691866
2026-09-28,000796,3.620,1058,382996
2026-09-28,000797,2.640,18855,4977720
2026-09-28,000798,9.990,201,200799
2026-09-28,000799,36.660,203,744198
2026-09-28,000800,5.850,718,420030
2026-09-28,000801,11.880,225,267300
2026-09-28,000802,3.910,6696,2618136
2026-09-28,000803,7.170,568,407256
2026-09-28,000807,25.500,7726,19701300
2026-09-28,000809,3.450,11026,3803970
2026-09-28,000810,9.340,320,298880
2026-09-28,000811,39.010,747,2914047
2026-09-28,000812,3.740,2803,1048322
2026-09-28,000813,3.200,208,66560
2026-09-28,000815,15.270,1330,2030910
2026-09-28,000816,2.840,706,200504
2026-09-28,000818,11.930,412,491516
2026-09-28,000819,12.050,37,44585
2026-09-28,000820,3.600,356,128160
2026-09-28,000822,4.220,75,31650
2026-09-28,000823,24.000,29565,70956000
2026-09-28,000825,3.350,1109,371515
2026-09-28,000828,10.010,111,111111
2026-09-28,000829,9.350,1943,1816705
2026-09-28,000830,11.570,646,747422
2026-09-28,000831,52.770,1377,7266429
2026-09-28,000833,18.960,1227,2326392
2026-09-28,000837,9.610,260,249860
2026-09-28,000839,2.860,14891,4258826
2026-09-28,000848,8.050,1145,921725
2026-09-28,000850,5.620,308513,173384306
2026-09-28,000852,5.320,149,79268
2026-09-28,000856,8.900,497,442330
2026-09-28,000858,69.500,702,4878900
2026-09-28,000859,9.130,2165,1976645
2026-09-28,000860,10.090,472,476248
2026-09-28,000862,5.230,226,118198
2026-09-28,000863,4.530,921,417213
2026-09-28,000868,3.900,12058,4702799
2026-09-28,000869,16.940,106,179564
2026-09-28,000875,4.620,555,256410
2026-09-28,000876,6.860,3107,2131402
2026-09-28,000877,3.750,2423,908625
2026-09-28,000878,16.000,3623,5796800
2026-09-28,000880,25.180,283,712594
2026-09-28,000881,6.450,97,62565
2026-09-28,000882,1.500,1130,169500
2026-09-28,000883,4.340,239,103726
2026-09-28,000885,11.690,76,88844
2026-09-28,000886,4.640,345,160080
2026-09-28,000887,19.290,336,648144
2026-09-28,000888,9.230,401,370123
2026-09-28,000889,3.700,280,103600
2026-09-28,000890,7.350,1832,1346520
2026-09-28,000892,4.720,14465,6827480
2026-09-28,000893,37.090,607,2251363
2026-09-28,000895,23.190,126,292194
2026-09-28,000897,1.870,6064,1133968
2026-09-28,000898,1.990,1953,388647
2026-09-28,000899,8.930,237,211641
2026-09-28,000900,3.540,187,66198
2026-09-28,000901,14.020,226,316852
2026-09-28,000902,13.650,155,211575
2026-09-28,000905,9.560,17678,16900168
2026-09-28,000906,6.150,378,232470
2026-09-28,000908,6.080,877,533216
2026-09-28,000910,7.350,88718,65207877
2026-09-28,000912,3.910,624,243984
2026-09-28,000913,10.540,490,516460
2026-09-28,000915,23.970,54,129438
2026-09-28,000917,6.860,666,456876
2026-09-28,000919,6.450,101,65145
2026-09-28,000920,12.560,2455,3083480
2026-09-28,000921,26.450,128,338560
2026-09-28,000922,12.180,496,604128
2026-09-28,000923,15.600,352,549120
2026-09-28,000925,8.020,479,384158
2026-09-28,000926,2.110,2851,601561
2026-09-28,000927,2.430,614,149202
2026-09-28,000928,5.290,360,190440
2026-09-28,000929,9.250,434,401450
2026-09-28,000930,5.270,3645,1920915
2026-09-28,000931,4.520,225,101700
2026-09-28,000932,3.450,2493,860085
2026-09-28,000933,25.430,3270,8315610
2026-09-28,000935,19.990,76,151924
2026-09-28,000936,5.450,108,58860
2026-09-28,000937,4.400,645,283800
2026-09-28,000938,32.900,12320,40532800
2026-09-28,000948,13.110,79,103569
2026-09-28,000949,6.850,974,667190
2026-09-28,000950,5.200,85,44340
2026-09-28,000951,20.000,490,980000
2026-09-28,000952,6.500,544,353600
2026-09-28,000953,6.000,216,129600
2026-09-28,000955,4.040,637,257348
2026-09-28,000957,9.650,228,220020
2026-09-28,000958,5.050,1430,722150
2026-09-28,000959,3.410,418,142538
2026-09-28,000995,11.510,1034,1190134
2026-09-28,000997,19.500,289,563550
2026-09-28,000998,8.690,783,680427
2026-09-28,000999,23.390,124,289288
2026-09-28,001201,14.950,3932,5878340
2026-09-28,001213,3.480,566,196968
2026-09-28,001215,33.500,38,127300
2026-09-28,001216,28.400,6938,19703920
2026-09-28,001217,11.080,81,89748
2026-09-28,001218,23.820,53,126246
2026-09-28,001230,20.320,355,721360
2026-09-28,001231,22.750,34,77350
2026-09-28,001232,199.020,454,9034314
2026-09-28,001233,45.360,52,235872
2026-09-28,001234,31.860,37404,119169144
2026-09-28,001236,7.730,80,61840
2026-09-28,001237,50.500,35,176750
2026-09-28,001238,26.270,42,110334
2026-09-28,001239,12.460,900,1121400
2026-09-28,001248,11.680,1107,1292976
2026-09-28,001255,27.280,93,253704
2026-09-28,001256,21.800,102,222360
2026-09-28,001257,22.080,376,830208
2026-09-28,001322,6.540,546,357084
2026-09-28,001323,17.560,43,75508
2026-09-28,001324,20.500,155,317750
2026-09-28,001325,36.360,440,1599840
2026-09-28,001326,109.050,214,2333670
2026-09-28,001328,30.470,30,91410
2026-09-28,001330,6.360,83382,53030952
2026-09-28,001331,40.580,103,417974
2026-09-28,001332,27.110,193,523223
2026-09-28,001333,20.450,45,92025
2026-09-28,001356,9.490,252,239148
2026-09-28,001358,25.730,591,1520643
2026-09-28,001359,87.450,23,201135
2026-09-28,001360,19.700,348,685560
2026-09-28,001365,35.950,212,762140
2026-09-28,001366,13.010,128,166528
2026-09-28,001367,21.550,146,314630
2026-09-28,001368,38.150,1210,4616150
2026-09-28,001369,12.330,197,242901
2026-09-28,001373,32.140,88,282832
2026-09-28,002032,39.400,73,287620
2026-09-28,002033,8.280,312,258336
2026-09-28,002034,14.130,114,161082
2026-09-28,002035,4.810,8015,3855215
2026-09-28,002036,6.170,686,423262
2026-09-28,002037,6.810,126,85806
2026-09-28,002038,5.670,216,122756
2026-09-28,002039,19.000,137,260300
2026-09-28,002040,9.220,2779,2562238
2026-09-28,002041,9.990,808,807192
2026-09-28,002047,3.180,157,49926
2026-09-28,002048,18.360,523,960228
2026-09-28,002049,60.450,305,1843725
2026-09-28,002050,36.080,3986,14381380
2026-09-28,002051,8.770,2044,1792588
2026-09-28,002052,8.290,78,64662
2026-09-28,002053,9.440,432,407808
2026-09-28,002054,7.020,731,513162
2026-09-28,002056,20.040,450,901800
2026-09-28,002057,8.920,117,104364
2026-09-28,002058,17.600,82,144320
2026-09-28,002059,4.350,2304,1002240
2026-09-28,002060,3.020,436,131672
2026-09-28,002061,3.300,548,180840
2026-09-28,002062,9.620,381,366522
2026-09-28,002063,5.220,185,96570
2026-09-28,002064,9.630,570,548910
2026-09-28,002065,6.550,411,269205
2026-09-28,002066,19.900,75,149250
2026-09-28,002067,4.000,285,114000
2026-09-28,002068,9.600,4198,4030080
2026-09-28,002069,3.680,283,104144
2026-09-28,002072,7.420,399,296058
2026-09-28,002073,5.670,385,218295
2026-09-28,002074,26.530,1525,4045825
2026-09-28,002075,3.470,1312,455264
2026-09-28,002076,2.110,795,167745
2026-09-28,002077,14.600,6493,9479780
2026-09-28,002078,13.580,446,605668
2026-09-28,002079,8.930,568,507224
2026-09-28,002080,56.070,4064,22789595
2026-09-28,002081,4.980,23547,11726580
2026-09-28,002083,9.500,1075,1021250
2026-09-28,002084,6.320,16488,10420416
2026-09-28,002085,9.430,1129,1064647
2026-09-28,002086,2.040,2699,550596
2026-09-28,002088,8.000,30,24000
2026-09-28,002090,8.980,40,35920
2026-09-28,002091,7.500,177,132750
2026-09-28,002092,4.350,540,234900
2026-09-28,002093,7.660,4711,3608626
2026-09-28,002094,5.180,1938,1003884
2026-09-28,002095,16.200,2483,4022460
2026-09-28,002096,9.020,154,138908
2026-09-28,002097,6.890,227,156403
2026-09-28,002098,8.430,694,585042
2026-09-28,002099,5.820,815,474330
2026-09-28,002100,7.550,71,53605
2026-09-28,002101,8.550,24,20520
2026-09-28,002103,6.750,173,116775
2026-09-28,002104,10.490,649,680801
2026-09-28,002105,6.080,245,148960
2026-09-28,002106,12.270,9023,11071663
2026-09-28,002107,7.200,609,438480
2026-09-28,002108,4.360,1100,479600
2026-09-28,002110,2.850,6992,1992720
2026-09-28,002111,9.380,259,242942
2026-09-28,002112,14.150,119,168385
2026-09-28,002114,7.150,126,90090
2026-09-28,002115,10.010,4723,4727383
2026-09-28,002116,7.150,139,99385
2026-09-28,002117,7.930,106,84058
2026-09-28,002119,27.370,31214,85432964
2026-09-28,002120,6.800,2368,1610240
2026-09-28,002121,4.170,2515,1048755
2026-09-28,002123,7.790,499,388721
2026-09-28,002124,2.050,8248,1690840
2026-09-28,002125,12.060,393,473958
2026-09-28,002126,36.110,322,1162742
2026-09-28,002127,2.930,789,231177
2026-09-28,002128,27.650,302,835030
2026-09-28,002129,9.400,2227,2093380
2026-09-28,002130,16.080,1094,1759152
2026-09-28,002131,4.310,8119,3499289
2026-09-28,002132,4.100,3314,1358740
2026-09-28,002133,2.860,766,219076
2026-09-28,002134,26.220,467,1224474
2026-09-28,002135,6.040,585,353340
2026-09-28,002136,11.760,59,69384
2026-09-28,002137,8.020,1514,1214228
2026-09-28,002138,51.340,928,4764352
2026-09-28,002139,9.600,233,223680
2026-09-28,002140,9.200,97,89240
2026-09-28,002141,6.650,8860,5891900
2026-09-28,002142,34.970,1204,4210388
2026-09-28,002144,10.900,208,226720
2026-09-28,002145,4.800,1708,819840
2026-09-28,002146,1.220,62984,7684048
2026-09-28,002148,6.230,339,211197
2026-09-28,002149,32.460,522,1694412
2026-09-28,002150,21.150,283,598545
2026-09-28,002151,29.010,781,2265681
2026-09-28,002152,9.030,667,602301
2026-09-28,002153,7.430,363,269709
2026-09-28,002154,3.830,476,182308
2026-09-28,002155,22.990,11071,25452229
2026-09-28,002156,61.030,3691,22526173
2026-09-28,002157,2.900,8599,2493710
2026-09-28,002158,27.380,144,394272
2026-09-28,002159,13.560,52,70512
2026-09-28,002160,3.850,1147,441595
2026-09-28,002161,6.540,1261,824694
2026-09-28,002162,4.140,880,364320
2026-09-28,002163,7.470,1203,898641
2026-09-28,002164,12.660,15917,20150922
2026-09-28,002165,6.900,2476,1708440
2026-09-28,002166,6.680,100,66800
2026-09-28,002167,16.000,1399,2238400
2026-09-28,002169,13.370,1190,1591030
2026-09-28,002170,10.680,396,422928
2026-09-28,002171,10.200,1061,1082220
2026-09-28,002172,5.290,13395,7085955
2026-09-28,002173,17.660,2210,3902860
2026-09-28,002174,14.150,1707,2415405
2026-09-28,002176,8.290,784,649936
2026-09-28,002177,5.430,692,375756
2026-09-28,002178,5.050,13176,6653880
2026-09-28,002179,34.240,633,2167392
2026-09-28,002180,16.660,256,426496
2026-09-28,002181,9.580,28537,27338446
2026-09-28,002182,11.400,113,128820
2026-09-28,002183,4.180,1725,721050
2026-09-28,002184,9.910,30,29730
2026-09-28,002185,17.600,11217,19741920
2026-09-28,002186,9.350,25,23375
2026-09-28,002187,5.440,62,33728
2026-09-28,002188,5.600,483,270480
2026-09-28,002189,18.990,69,131031
2026-09-28,002190,23.390,22,51458
2026-09-28,002191,3.580,195,69810
2026-09-28,002192,58.120,1457,8468084
2026-09-28,002194,10.610,5863,6220643
2026-09-28,002195,6.020,3920,2359840
2026-09-28,002196,10.300,571,588130
2026-09-28,002197,6.560,743,487408
2026-09-28,002199,12.120,123,149076
2026-09-28,002200,6.830,857,585331
2026-09-28,002201,9.840,2568,2526912
2026-09-28,002202,17.900,4135,7401650
2026-09-28,002203,17.760,332,589632
2026-09-28,002204,5.390,2104,1134056
2026-09-28,002205,12.200,11516,14049520
2026-09-28,002206,4.880,573,279624
2026-09-28,002208,10.020,532,533064
2026-09-28,002209,13.340,377,502918
2026-09-28,002210,2.110,1958,413138
2026-09-28,002212,7.130,23754,16936602
2026-09-28,002213,29.000,391,1133900
2026-09-28,002214,18.300,196,357948
2026-09-28,002215,9.620,374,359788
2026-09-28,002216,11.490,21,24129
2026-09-28,002218,3.790,3049,1155571
2026-09-28,002219,2.070,1528,316296
2026-09-28,002221,5.700,91,51870
2026-09-28,002222,67.880,700,4751600
2026-09-28,002223,26.460,686,1815156
2026-09-28,002224,3.770,117,44109
2026-09-28,002225,3.420,567,193914
2026-09-28,002226,5.000,549,274500
2026-09-28,002228,3.240,5465,1770660
2026-09-28,002229,10.520,568,597326
2026-09-28,002230,38.280,610,2335080
2026-09-28,002232,15.050,714,1074570
2026-09-28,002233,6.750,633,427275
2026-09-28,002234,7.720,183,141276
2026-09-28,002235,7.790,408,317832
2026-09-28,002236,15.500,823,1275650
2026-09-28,002237,12.600,2879,3627540
2026-09-28,002238,7.750,61330,47530386
2026-09-28,002239,2.460,2232,549072
2026-09-28,002240,25.500,2267,5780850
2026-09-28,002241,24.240,4995,12107880
2026-09-28,002242,9.830,4786,4704638
2026-09-28,002243,6.910,74,51134
2026-09-28,002244,8.300,739,613370
2026-09-28,002245,17.250,5564,9597900
2026-09-28,002246,26.260,1569,4120194
2026-09-28,002247,2.460,1251,307746
2026-09-28,002248,9.550,646,616930
2026-09-28,002249,6.420,792,508464
2026-09-28,002250,14.460,181,261726
2026-09-28,002251,3.440,1084,372896
2026-09-28,002252,5.020,8222,4127444
2026-09-28,002253,8.670,4947,4289049
2026-09-28,002254,12.330,818,1008594
2026-09-28,002255,7.520,142,106784
2026-09-28,002256,3.160,647,204452
2026-09-28,002258,14.500,1807,2620150
2026-09-28,002259,4.790,2967,1421193
2026-09-28,002261,24.930,640,1595520
2026-09-28,002262,21.220,148,314056
2026-09-28,002263,3.140,821,257794
2026-09-28,002264,7.880,33685,26543780
2026-09-28,002265,19.460,466,906836
2026-09-28,002266,4.600,2680,1232800
2026-09-28,002267,7.100,79,56090
2026-09-28,002268,14.880,703,1046064
2026-09-28,002269,1.390,2492,346388
2026-09-28,002270,17.690,245,433405
2026-09-28,002271,10.390,1241,1289399
2026-09-28,002272,15.700,1729,2714530
2026-09-28,002273,25.180,703,1770154
2026-09-28,002274,5.900,613,361670
2026-09-28,002275,12.100,5,6050
2026-09-28,002276,9.830,151,148433
2026-09-28,002277,5.240,202,105848
2026-09-28,002278,7.960,90,71640
2026-09-28,002279,6.540,1058,691932
2026-09-28,002281,180.190,1019,18361361
2026-09-28,002282,6.070,18,10926
2026-09-28,002283,7.960,383,304868
2026-09-28,002284,9.510,228,216828
2026-09-28,002285,3.280,59840,19627520
2026-09-28,002286,8.420,5131,4320302
2026-09-28,002287,19.460,12,23352
2026-09-28,002289,34.910,34,118694
2026-09-28,002290,73.900,1182,8734980
2026-09-28,002291,5.480,4756,2606288
2026-09-28,002292,8.810,6667,5873627
2026-09-28,002350,13.720,2,2744
2026-09-28,002351,9.880,69,68172
2026-09-28,002352,30.540,381,1163574
2026-09-28,002353,115.780,387,4480686
2026-09-28,002354,7.490,10045,7523705
2026-09-28,002355,4.630,457,211591
2026-09-28,002356,2.670,464,123888
2026-09-28,002357,11.750,242,284350
2026-09-28,002358,5.130,95,48735
2026-09-28,002361,10.050,4136,4156680
2026-09-28,002367,5.970,3249,1939653
2026-09-28,002368,12.910,501,646791
2026-09-28,002369,5.540,144,79776
2026-09-28,002370,5.120,121,61952
2026-09-28,002371,654.190,483,31576443
2026-09-28,002372,8.110,592,480112
2026-09-28,002373,7.290,339,247131
2026-09-28,002374,3.300,2899,956670
2026-09-28,002375,3.820,1955,746810
2026-09-28,002376,6.790,313,212527
2026-09-28,002392,7.590,283,214797
2026-09-28,002393,13.820,17,23494
2026-09-28,002394,10.320,55,56760
2026-09-28,002395,14.380,9066,13036908
2026-09-28,002396,35.920,6079,21835768
2026-09-28,002449,6.580,453,298074
2026-09-28,002451,7.640,833,636412
2026-09-28,002452,11.680,340,397120
2026-09-28,002453,4.920,6321,3109932
2026-09-28,002454,5.130,198,101574
2026-09-28,002455,6.850,691,473335
2026-09-28,002456,6.700,1275,854250
2026-09-28,002457,11.020,565,622630
2026-09-28,002458,8.090,555,448995
2026-09-28,002459,6.730,1120,753760
2026-09-28,002460,43.000,5363,23060900
2026-09-28,002461,8.150,220,179300
2026-09-28,002462,12.260,10,12260
2026-09-28,002463,123.000,2326,28609800
2026-09-28,002465,10.240,1965,2012160
2026-09-28,002466,40.180,3820,15348760
2026-09-28,002467,4.830,3851,1860033
2026-09-28,002468,14.750,1033,1523675
2026-09-28,002469,6.010,101,60701
2026-09-28,002470,2.010,8591,1726791
2026-09-28,002471,5.510,4123,2271773
2026-09-28,002472,39.040,1594,6222976
2026-09-28,002474,6.370,432,275184
2026-09-28,002475,52.060,2812,14641250
2026-09-28,002476,5.010,224,112224
2026-09-28,002478,6.770,3568,2415536
2026-09-28,002479,5.810,224,130144
2026-09-28,002480,5.100,2577,1314270
2026-09-28,002481,4.160,163,67808
2026-09-28,002482,1.340,18717,2508097
2026-09-28,002483,6.020,274,164948
2026-09-28,002484,57.860,948,5485128
2026-09-28,002486,2.720,251,68272
2026-09-28,002487,40.330,11346,45756805
2026-09-28,002488,7.340,227,166618
2026-09-28,002489,3.060,3802,1163412
2026-09-28,002490,7.150,1124,803660
2026-09-28,002491,23.600,13134,30996240
2026-09-28,002492,6.320,325,205400
2026-09-28,002493,13.040,1109,1446136
2026-09-28,002494,4.990,4934,2462066
2026-09-28,002495,2.410,1260,303660
2026-09-28,002496,2.110,657,138627
2026-09-28,002497,15.820,1302,2059764
2026-09-28,002498,6.250,2690,1681250
2026-09-28,002500,5.140,442,227188
2026-09-28,002506,2.350,10159,2387365
2026-09-28,002507,11.090,282,312738
2026-09-28,002508,16.580,85,140930
2026-09-28,002510,5.650,1277,721505
2026-09-28,002511,6.910,371,256361
2026-09-28,002513,5.310,324,172044
2026-09-28,002515,7.400,1115,825100
2026-09-28,002516,5.720,1659,948948
2026-09-28,002517,16.100,607,977270
2026-09-28,002518,37.050,502,1859910
2026-09-28,002519,5.880,4913,2888844
2026-09-28,002520,6.520,3483,2270916
2026-09-28,002521,6.280,88,55264
2026-09-28,002522,5.570,3136,1746752
2026-09-28,002523,3.400,715,243100
2026-09-28,002524,4.080,822,335376
2026-09-28,002526,2.600,89,23140
2026-09-28,002527,10.810,229,247549
2026-09-28,002529,6.630,450,298350
2026-09-28,002530,7.090,498,353082
2026-09-28,002531,7.370,9161,6751657
2026-09-28,002532,11.910,3571,4253061
2026-09-28,002533,10.810,211,228091
2026-09-28,002534,17.270,392,676984
2026-09-28,002535,2.430,796,193428
2026-09-28,002536,50.470,1320,6662040
2026-09-28,002537,5.630,982,552866
2026-09-28,002539,12.000,330,396000
2026-09-28,002540,4.980,205,102090
2026-09-28,002541,18.280,979,1789612
2026-09-28,002543,7.120,702,499824
2026-09-28,002544,15.690,328,514632
2026-09-28,002545,14.710,1050,1544550
2026-09-28,002546,7.400,76,56240
2026-09-28,002548,3.840,1422,546048
2026-09-28,002549,13.050,264,344520
2026-09-28,002550,6.370,160,101920
2026-09-28,002551,3.350,286,95810
2026-09-28,002552,49.630,975,4838925
2026-09-28,002553,16.210,3131,5075351
2026-09-28,002554,2.750,313,86075
2026-09-28,002555,17.370,910,1580670
2026-09-28,002556,5.060,53,26818
2026-09-28,002557,18.400,446,820640
2026-09-28,002558,23.620,1479,3493398
2026-09-28,002559,8.920,1381,1231852
2026-09-28,002560,6.730,2521,1696633
2026-09-28,002561,7.330,14,10262
2026-09-28,002562,5.000,4701,2350500
2026-09-28,002563,5.440,166,90304
2026-09-28,002564,5.200,5623,2923960
2026-09-28,002565,8.530,24292,20721076
2026-09-28,002566,6.990,129,90171
2026-09-28,002567,3.580,440,157520
2026-09-28,002568,19.450,1559,3032255
2026-09-28,002570,4.400,198,87120
2026-09-28,002571,11.070,142,157194
2026-09-28,002572,7.420,126,93492
2026-09-28,002573,3.120,1277,398424
2026-09-28,002574,4.970,55,27335
2026-09-28,002575,5.120,1370,701440
2026-09-28,002576,14.510,205,297455
2026-09-28,002577,22.010,190,418190
2026-09-28,002578,4.070,240,97680
2026-09-28,002579,18.390,19823,36454497
2026-09-28,002580,18.350,763,1400105
2026-09-28,002582,9.460,364,344344
2026-09-28,002583,8.750,20515,17950625
2026-09-28,002584,8.910,14979,13346289
2026-09-28,002585,11.080,7308,8097264
2026-09-28,002586,3.760,367,137992
2026-09-28,002587,5.230,495,258885
2026-09-28,002588,7.550,343,258965
2026-09-28,002589,3.320,11399,3784601
2026-09-28,002590,9.590,54,51786
2026-09-28,002591,6.340,127,80518
2026-09-28,002593,4.600,1633,751180
2026-09-28,002594,83.610,1682,14063202
2026-09-28,002595,38.970,90,350730
2026-09-28,002596,3.220,466,150052
2026-09-28,002597,21.620,101,218362
2026-09-28,002599,5.580,287,160146
2026-09-28,002600,12.160,1765,2146240
2026-09-28,002601,15.000,266,399000
2026-09-28,002602,14.370,7137,10255869
2026-09-28,002603,15.150,227,343905
2026-09-28,002605,16.430,89,146227
2026-09-28,002606,12.160,461,560576
2026-09-28,002607,1.870,10022,1874114
2026-09-28,002608,7.220,288,207936
2026-09-28,002609,7.820,67,52394
2026-09-28,002611,14.310,1133,1621323
2026-09-28,002612,17.760,1398,2482848
2026-09-28,002613,3.380,4017,1357746
2026-09-28,002614,9.130,145561,132897193
2026-09-28,002615,6.410,839,537799
2026-09-28,002616,4.810,455,218855
2026-09-28,002617,6.660,5174,3445884
2026-09-28,002622,2.670,17912,4782504
2026-09-28,002623,19.430,975,1894425
2026-09-28,002624,9.580,3734,3577172
2026-09-28,002625,24.970,4376,10926872
2026-09-28,002626,16.380,134,219492
2026-09-28,002627,6.630,308,204204
2026-09-28,002628,4.990,523,260977
2026-09-28,002629,4.290,679,291291
2026-09-28,002631,13.890,4414,6131046
2026-09-28,002632,9.550,700,668500
2026-09-28,002633,15.780,2244,3540890
2026-09-28,002635,15.940,10169,16209386
2026-09-28,002636,78.300,3854,30176820
2026-09-28,002637,10.610,875,928375
2026-09-28,002638,5.020,15403,7732306
2026-09-28,002639,14.020,9336,13089072
2026-09-28,002640,3.800,101056,38401280
2026-09-28,002641,3.770,91,34307
2026-09-28,002642,6.850,249,170565
2026-09-28,002643,13.040,270,352080
2026-09-28,002644,8.190,13,10647
2026-09-28,002645,18.100,398,720380
2026-09-28,002646,7.090,1162,823858
2026-09-28,002647,11.700,343,401310
2026-09-28,002648,26.520,457,1211964
2026-09-28,002649,9.160,76,69616
2026-09-28,002651,8.110,269,218159
2026-09-28,002652,4.640,825,382800
2026-09-28,002653,61.400,90,552600
2026-09-28,002654,13.150,948,1246620
2026-09-28,002655,37.230,924,3440052
2026-09-28,002656,2.800,406,113680
2026-09-28,002657,14.890,309,460101
2026-09-28,002658,7.320,57,41724
2026-09-28,002659,4.680,2125,994500
2026-09-28,002660,7.870,207,162909
2026-09-28,002661,7.600,428,325280
2026-09-28,002662,3.110,140,43540
2026-09-28,002663,1.700,92,15640
2026-09-28,002664,14.660,52,76232
2026-09-28,002666,4.240,1889,800936
2026-09-28,002668,8.950,168,150360
2026-09-28,002669,14.800,3418,5058640
2026-09-28,002670,11.130,3126,3479238
2026-09-28,002696,6.650,592,393680
2026-09-28,002697,4.630,351,162513
2026-09-28,002698,11.350,32,36320
2026-09-28,002700,6.360,226,143736
2026-09-28,002701,4.320,185,79920
2026-09-28,002702,5.500,7383,4060650
2026-09-28,002703,14.970,1546,2314362
2026-09-28,002705,12.010,6714,8063514
2026-09-28,002706,8.650,398,344270
2026-09-28,002707,5.090,1217,619453
2026-09-28,002714,40.380,1430,5774340
2026-09-28,002715,13.130,74,97162
2026-09-28,002716,8.830,31096,27457768
2026-09-28,002718,85.060,18,153108
2026-09-28,002721,2.650,1952,517280
2026-09-28,002722,13.330,180,239940
2026-09-28,002723,7.510,336,252336
2026-09-28,002724,7.150,4653,3326895
2026-09-28,002725,10.850,69,74865
2026-09-28,002727,10.600,33,34980
2026-09-28,002728,9.750,2040,1989000
2026-09-28,002729,14.000,243,340200
2026-09-28,002730,22.350,146,326310
2026-09-28,002732,14.130,119,168147
2026-09-28,002753,6.780,590,400020
2026-09-28,002755,12.580,287,361046
2026-09-28,002756,38.650,468,1808820
2026-09-28,002757,19.580,3879,7595082
2026-09-28,002758,8.620,290,249980
2026-09-28,002760,17.740,150,266100
2026-09-28,002761,7.240,190,137560
2026-09-28,002762,10.260,22,22572
2026-09-28,002763,7.420,346,256732
2026-09-28,002765,6.900,23,15870
2026-09-28,002802,12.420,24,29808
2026-09-28,002803,19.690,534,1051446
2026-09-28,002805,16.010,458,733258
2026-09-28,002806,15.190,77,116963
2026-09-28,002807,4.170,1063,443271
2026-09-28,002827,76.000,1545,11742000
2026-09-28,002828,10.770,230,247710
2026-09-28,002829,20.070,176,353232
2026-09-28,002830,14.970,106,158682
2026-09-28,002831,28.960,361,1045456
2026-09-28,002832,25.350,179,453765
2026-09-28,002833,18.280,18,32904
2026-09-28,002835,13.170,129,169893
2026-09-28,002836,12.500,6768,8459612
2026-09-28,002837,56.980,1422,8103696
2026-09-28,002895,30.160,183,551928
2026-09-28,002896,60.600,457,2769420
2026-09-28,002897,65.580,244,1600152
2026-09-28,002899,21.250,81,172125
2026-09-28,002900,12.830,1054,1352282
2026-09-28,002901,41.340,43,177762
2026-09-28,002902,27.590,924,2548323
2026-09-28,002903,29.940,350,1047900
2026-09-28,002905,8.770,1414,1240078
2026-09-28,002906,27.340,140,382760
2026-09-28,002907,14.730,644,948612
2026-09-28,002908,7.000,76,53200
2026-09-28,002909,7.900,29478,23287620
2026-09-28,002910,10.040,1166,1170664
2026-09-28,002911,11.140,47,52358
2026-09-28,002929,51.350,87,446745
2026-09-28,002930,9.180,85,78030
2026-09-28,002931,40.480,289,1169872
2026-09-28,002933,27.760,22,61072
2026-09-28,002935,17.860,6266,11191076
2026-09-28,002936,1.710,10919,1867149
2026-09-28,002937,30.100,1190,3581900
2026-09-28,002938,82.500,389,3209250
2026-09-28,002939,7.730,894,691062
2026-09-28,002940,22.800,41,93480
2026-09-28,002941,10.420,181,188602
2026-09-28,002942,16.990,206,349994
2026-09-28,002943,30.950,225,696375
2026-09-28,002945,14.350,435,624225
2026-09-28,002946,14.350,71,101885
2026-09-28,002947,63.090,58,365922
2026-09-28,002948,6.050,1679,1015614
2026-09-28,002949,13.070,126,164682
2026-09-28,002950,8.600,500,430000
2026-09-28,002951,16.810,1649,2771969
2026-09-28,002952,19.220,27,51894
2026-09-28,002953,10.210,253,258313
2026-09-28,002955,37.300,90,335700
2026-09-28,002956,17.280,67,115776
2026-09-28,002957,40.990,855,3504645
2026-09-28,002958,2.880,2975,856800
2026-09-28,002959,32.040,207,663228
2026-09-28,002960,8.810,94,82814
2026-09-28,002961,13.570,1071,1453727
2026-09-28,002962,13.680,258,352944
2026-09-28,002963,23.510,1069,2513219
2026-09-28,002965,31.790,202,642158
2026-09-28,002966,9.180,534,490212
2026-09-28,002967,18.200,712,1295840
2026-09-28,002968,9.840,374,368016
2026-09-28,002969,11.020,680,749360
2026-09-28,002970,42.320,40,169280
2026-09-28,002971,41.510,1729,7177079
2026-09-28,002972,13.190,45,59355
2026-09-28,002973,12.350,25,30875
2026-09-28,002975,111.250,1491,16587375
2026-09-28,002976,24.250,633,1535025
2026-09-28,002978,24.700,25,61750
2026-09-28,002979,53.890,323,1740647
2026-09-28,002980,108.010,463,5000863
2026-09-28,002981,24.350,63,153405
2026-09-28,002982,12.460,197,245462
2026-09-28,002983,21.900,60,131400
2026-09-28,002984,12.990,43,55857
2026-09-28,002985,27.360,22,60192
2026-09-28,002986,12.870,148,190476
2026-09-28,002987,10.540,65,68510
2026-09-28,002988,31.000,36,111600
2026-09-28,002989,25.610,1521,3895281
2026-09-28,002990,56.400,1406,7929840
2026-09-28,002991,37.110,19,70509
2026-09-28,002992,33.530,132,442596
2026-09-28,002993,34.580,260,899080
2026-09-28,002995,17.300,126,217980
2026-09-28,002996,5.880,366,215208
2026-09-28,002997,26.130,106,276978
2026-09-28,002998,8.270,876,724452
2026-09-28,002999,6.350,512,325120
2026-09-28,003000,9.400,171,160740
2026-09-28,003001,23.200,6394,14834080
2026-09-28,003002,15.380,91,139958
2026-09-28,003003,11.010,191,210291
2026-09-28,003004,57.900,51,295290
2026-09-28,003005,14.870,595,884765
2026-09-28,003006,22.990,4229,9722471
2026-09-28,003007,40.520,71,287692
2026-09-28,003008,19.880,709,1409492
2026-09-28,003009,46.580,25,116450
2026-09-28,003010,28.500,338,963072
2026-09-28,003011,20.000,180,360000
2026-09-28,003012,4.620,96,44352
2026-09-28,003013,16.200,220,356400
2026-09-28,003015,12.490,149,186101
2026-09-28,003016,7.640,1738,1327832
2026-09-28,003017,22.890,17,38913
2026-09-28,003018,48.550,249,1208895
2026-09-28,003019,27.400,54,147960
2026-09-28,003020,17.020,60,102120
2026-09-28,003021,70.100,87,609870
2026-09-28,003022,19.180,340,651161
2026-09-28,003023,25.780,18,46404
2026-09-28,003025,12.300,92,113160
2026-09-28,003026,35.460,5139,18222894
2026-09-28,003027,16.610,69,114609
2026-09-28,003028,23.660,20,47320
2026-09-28,003029,17.630,363,639969
2026-09-28,003030,26.870,33,88671
2026-09-28,003031,129.280,519,6709632
2026-09-28,003032,8.930,3886,3470198
2026-09-28,003033,91.200,141,1285920
2026-09-28,003035,5.300,414,219420
2026-09-28,003036,55.550,943,5238365
2026-09-28,003037,5.800,216,125280
2026-09-28,003038,10.660,16,17056
2026-09-28,003039,12.590,289,363851
2026-09-28,003040,14.360,2307,3312852
2026-09-28,003041,41.660,58,241628
2026-09-28,003042,14.290,1358,1940582
2026-09-28,003043,63.100,110,694100
2026-09-28,003816,4.200,3055,1283100
2026-09-28,600000,9.030,2750,2483250
2026-09-28,600004,7.610,133,101213
2026-09-28,600006,5.450,6866,3741970
2026-09-28,600007,19.810,66,130746
2026-09-28,600008,2.700,2698,728460
2026-09-28,600009,22.480,521,1171208
2026-09-28,600010,2.080,19070,3966560
2026-09-28,600011,6.750,1716,1158300
2026-09-28,600012,15.490,269,416681
2026-09-28,600015,6.230,2043,1272789
2026-09-28,600016,3.460,5526,1912155
2026-09-28,600017,2.800,95,26600
2026-09-28,600018,5.380,1097,590186
2026-09-28,600019,5.820,2680,1559760
2026-09-28,600020,3.840,233,89472
2026-09-28,600021,13.060,329,429674
2026-09-28,600022,1.280,2294,293632
2026-09-28,600023,5.130,1454,745902
2026-09-28,600025,9.770,1093,1067861
2026-09-28,600026,21.560,1993,4296908
2026-09-28,600027,4.820,1888,910016
2026-09-28,600028,5.320,6619,3521308
2026-09-28,600029,4.860,2887,1403082
2026-09-28,600030,26.260,3291,8642166
2026-09-28,600031,17.100,9192,15718320
2026-09-28,600032,6.810,1866,1270746
2026-09-28,600033,3.600,26537,9553320
2026-09-28,600035,3.650,358,130670
2026-09-28,600036,40.670,3626,14746047
2026-09-28,600037,7.070,506,357742
2026-09-28,600038,27.010,175,472675
2026-09-28,600039,8.580,599,513942
2026-09-28,600048,5.550,5558,3084690
2026-09-28,600050,4.140,3209,1328526
2026-09-28,600051,6.260,590,369340
2026-09-28,600052,3.640,228,82992
2026-09-28,600054,10.640,227,241528
2026-09-28,600055,10.520,80,84160
2026-09-28,600056,8.880,78,69619
2026-09-28,600057,6.000,4097,2458200
2026-09-28,600058,8.810,1391,1225471
2026-09-28,600059,11.200,9802,10978531
2026-09-28,600060,27.250,289,787525
2026-09-28,600061,6.200,442,274040
2026-09-28,600062,16.140,575,928050
2026-09-28,600063,5.510,2129,1173079
2026-09-28,600064,7.650,1067,816255
2026-09-28,600066,25.970,877,2277569
2026-09-28,600067,2.630,606,159378
2026-09-28,600071,16.720,10,16720
2026-09-28,600072,8.760,558,488808
2026-09-28,600073,5.420,95,51490
2026-09-28,600075,4.520,791,357532
2026-09-28,600076,2.100,3755,788550
2026-09-28,600078,9.970,117,116649
2026-09-28,600081,10.610,687,728907
2026-09-28,600085,23.340,130,303420
2026-09-28,600088,12.880,2765,3561320
2026-09-28,600089,17.540,3108,5451432
2026-09-28,600094,4.040,137,55348
2026-09-28,600095,8.550,8281,7080255
2026-09-28,600096,27.580,479,1321082
2026-09-28,600097,9.270,11,10197
2026-09-28,600098,6.250,269,168125
2026-09-28,600099,9.280,952,883456
2026-09-28,600100,6.680,700,467600
2026-09-28,600101,7.830,131,102573
2026-09-28,600103,3.570,6694,2389758
2026-09-28,600104,10.700,1631,1745170
2026-09-28,600105,42.020,4219,17728238
2026-09-28,600106,4.430,677,299911
2026-09-28,600108,4.190,16746,7016574
2026-09-28,600109,8.100,466,377460
2026-09-28,600110,11.840,5569,6593696
2026-09-28,600111,36.910,2041,7533331
2026-09-28,600113,29.100,128,372480
2026-09-28,600114,26.740,53,141722
2026-09-28,600115,3.360,17782,5974752
2026-09-28,600116,6.050,250,151250
2026-09-28,600117,2.160,920,198720
2026-09-28,600118,57.400,760,4362400
2026-09-28,600120,4.640,670,310880
2026-09-28,600121,4.820,28560,13765920
2026-09-28,600123,6.930,786,544698
2026-09-28,600125,5.240,415,217460
2026-09-28,600126,6.060,671,406626
2026-09-28,600127,16.150,25749,41584635
2026-09-28,600128,8.630,666,574758
2026-09-28,600129,13.360,144,192384
2026-09-28,600130,4.680,666,311688
2026-09-28,600131,14.110,23,32453
2026-09-28,600132,37.510,107,401357
2026-09-28,600133,7.870,1174,923938
2026-09-28,600135,7.620,142,108204
2026-09-28,600137,18.090,202,365418
2026-09-28,600138,6.970,244,170068
2026-09-28,600141,27.910,617,1722047
2026-09-28,600143,13.050,543,708615
2026-09-28,600148,15.860,150,237900
2026-09-28,600149,5.070,624,316368
2026-09-28,600150,38.370,2788,10696597
2026-09-28,600151,9.320,285,265620
2026-09-28,600152,7.630,79,60277
2026-09-28,600153,8.430,356,300108
2026-09-28,600155,5.940,332,197208
2026-09-28,600156,8.680,19929,17298372
2026-09-28,600157,1.470,44017,6470427
2026-09-28,600158,7.000,736,515200
2026-09-28,600159,2.720,135,36720
2026-09-28,600160,33.960,322,1093512
2026-09-28,600161,12.080,298,359984
2026-09-28,600162,4.380,6285,2752830
2026-09-28,600163,5.400,8274,4467960
2026-09-28,600165,3.210,639,205119
2026-09-28,600166,2.750,2619,720225
2026-09-28,600188,19.580,2421,4740318
2026-09-28,600189,8.880,12484,11085792
2026-09-28,600191,9.180,402,369036
2026-09-28,600192,7.170,681,488277
2026-09-28,600195,6.650,271,180215
2026-09-28,600196,22.900,498,1140420
2026-09-28,600197,9.260,49,45374
2026-09-28,600198,7.370,276,203412
2026-09-28,600199,6.940,1029,714126
2026-09-28,600201,11.440,500,572000
2026-09-28,600271,6.610,214,141454
2026-09-28,600272,15.700,4124,6474680
2026-09-28,600273,6.210,387,240327
2026-09-28,600276,44.860,2013,9030318
2026-09-28,600278,6.550,432,282960
2026-09-28,600279,4.250,1931,820675
2026-09-28,600280,3.060,668,204408
2026-09-28,600281,4.630,1443,668109
2026-09-28,600282,4.400,577,253880
2026-09-28,600283,8.020,263,210926
2026-09-28,600284,5.090,267,135903
2026-09-28,600285,18.840,133,250572
2026-09-28,600287,4.970,59,29323
2026-09-28,600288,10.810,155,167555
2026-09-28,600292,11.260,170,191420
2026-09-28,600293,3.780,61592,23281965
2026-09-28,600295,12.900,155,199950
2026-09-28,600298,39.200,460,1803200
2026-09-28,600299,8.080,1427,1153016
2026-09-28,600300,3.040,1045,317680
2026-09-28,600301,47.560,613,2915428
2026-09-28,600303,3.020,714,215628
2026-09-28,600305,6.650,170,113050
2026-09-28,600325,2.720,13651,3713072
2026-09-28,600326,6.950,549,381555
2026-09-28,600327,3.750,455,170625
2026-09-28,600328,5.650,368,207920
2026-09-28,600329,35.140,110,386540
2026-09-28,600352,12.160,493,599488
2026-09-28,600353,31.770,3614,11481678
2026-09-28,600354,9.520,9303,8856456
2026-09-28,600356,10.780,2503,2698234
2026-09-28,600358,5.670,13892,7876764
2026-09-28,600359,7.930,5433,4308369
2026-09-28,600360,11.450,5829,6674205
2026-09-28,600361,3.420,829,283518
2026-09-28,600362,41.020,5140,21084280
2026-09-28,600391,41.280,534,2204352
2026-09-28,600392,21.080,899,1895092
2026-09-28,600395,5.020,978,490956
2026-09-28,600396,12.790,1259,1610261
2026-09-28,600397,17.620,6452,11368424
2026-09-28,600398,5.670,775,439425
2026-09-28,600399,4.320,886,382752
2026-09-28,600400,3.410,954,325184
2026-09-28,600403,7.030,22294,15672682
2026-09-28,600405,5.060,175,88550
2026-09-28,600406,22.270,1946,4333742
2026-09-28,600408,3.020,9886,2985572
2026-09-28,600409,6.220,1238,770036
2026-09-28,600410,15.390,2117,3258063
2026-09-28,600415,10.990,9970,10957030
2026-09-28,600416,8.280,174,144072
2026-09-28,600418,23.310,17451,40678281
2026-09-28,600419,8.790,61,53619
2026-09-28,600420,8.260,338,279188
2026-09-28,600422,8.020,34,27268
2026-09-28,600425,3.610,330,119130
2026-09-28,600426,19.700,491,966482
2026-09-28,600428,11.050,1413,1561365
2026-09-28,600429,4.620,2922,1349964
2026-09-28,600433,3.260,478,155828
2026-09-28,600435,11.140,204,227256
2026-09-28,600436,117.360,66,774576
2026-09-28,600438,11.140,3792,4224288
2026-09-28,600444,14.310,657,940167
2026-09-28,600446,10.390,392,407288
2026-09-28,600448,3.120,37572,11722464
2026-09-28,600449,12.700,315,400050
2026-09-28,600452,8.800,596,524480
2026-09-28,600455,24.600,98,241080
2026-09-28,600456,25.010,105,262605
2026-09-28,600458,11.110,313,347743
2026-09-28,600459,18.400,627,1153680
2026-09-28,600460,32.680,2072,6771296
2026-09-28,600461,8.770,384,336768
2026-09-28,600467,2.370,636,150732
2026-09-28,600468,6.020,653,393106
2026-09-28,600469,4.950,428,211860
2026-09-28,600470,5.610,294,164934
2026-09-28,600475,14.720,306,450432
2026-09-28,600477,2.400,547,131280
2026-09-28,600478,4.400,450,198000
2026-09-28,600479,12.560,4531,5690936
2026-09-28,600480,7.790,298,232142
2026-09-28,600481,3.990,563,224637
2026-09-28,600482,34.450,146,502970
2026-09-28,600483,10.680,615,656820
2026-09-28,600486,51.290,82,420578
2026-09-28,600487,63.520,26971,171319792
2026-09-28,600488,5.750,1821,1047075
2026-09-28,600489,21.520,14166,30485232
2026-09-28,600490,6.610,4588,3032668
2026-09-28,600493,6.430,1256,807608
2026-09-28,600495,4.040,1134,458136
2026-09-28,600496,3.360,514,172704
2026-09-28,600497,9.170,5284,4845428
2026-09-28,600498,40.750,1472,5998400
2026-09-28,600499,11.150,3642,4060830
2026-09-28,600500,5.540,3898,2159492
2026-09-28,600501,14.640,314,459696
2026-09-28,600502,4.160,1723,716768
2026-09-28,600503,2.500,89545,22386250
2026-09-28,600505,10.120,51,51612
2026-09-28,600506,17.150,9570,16412550
2026-09-28,600507,4.030,626,252278
2026-09-28,600508,10.660,702,748332
2026-09-28,600509,7.110,435,309285
2026-09-28,600510,6.680,62,41416
2026-09-28,600511,25.730,108,277884
2026-09-28,600512,2.060,3399,700194
2026-09-28,600513,14.770,241,355957
2026-09-28,600515,2.680,5698,1527064
2026-09-28,600516,5.390,1722,928158
2026-09-28,600517,4.830,369,178227
2026-09-28,600518,1.340,4173,559182
2026-09-28,600519,1236.000,349,43088196
2026-09-28,600520,26.820,895,2400390
2026-09-28,600521,15.870,499,791913
2026-09-28,600522,34.500,10044,34653422
2026-09-28,600523,11.960,44,52624
2026-09-28,600525,4.860,108,52488
2026-09-28,600526,4.540,394,178876
2026-09-28,600527,2.190,545,119355
2026-09-28,600528,6.760,196,132496
2026-09-28,600529,18.200,178,323960
2026-09-28,600531,11.390,1901,2165239
2026-09-28,600533,2.210,649,143429
2026-09-28,600535,13.730,203,278719
2026-09-28,600536,30.740,212,651688
2026-09-28,600538,4.750,250,118750
2026-09-28,600539,14.990,886,1328114
2026-09-28,600540,5.970,98483,58794351
2026-09-28,600545,4.300,5866,2522380
2026-09-28,600546,13.300,500,665000
2026-09-28,600547,27.400,34891,95600956
2026-09-28,600548,8.020,194,155588
2026-09-28,600549,46.420,1361,6317762
2026-09-28,600550,10.280,349,358772
2026-09-28,600551,7.810,2213,1728353
2026-09-28,600552,18.680,9802,18310136
2026-09-28,600556,4.530,814,368742
2026-09-28,600557,12.230,214,261722
2026-09-28,600558,4.950,3741,1851795
2026-09-28,600559,10.910,265,289115
2026-09-28,600560,11.420,131,149602
2026-09-28,600561,5.900,178,105020
2026-09-28,600562,26.830,38,101954
2026-09-28,600563,119.000,248,2949653
2026-09-28,600566,24.420,128,312576
2026-09-28,600567,1.310,1063,139253
2026-09-28,600569,1.740,876,152356
2026-09-28,600570,19.920,310,617520
2026-09-28,600571,10.230,83,84909
2026-09-28,600572,4.210,773,325433
2026-09-28,600573,10.010,997,997997
2026-09-28,600575,3.130,539,168707
2026-09-28,600576,5.370,68,36516
2026-09-28,600577,8.550,2410,2060550
2026-09-28,600578,5.200,1437,747240
2026-09-28,600579,7.150,43,30745
2026-09-28,600580,26.650,612,1630980
2026-09-28,600582,4.830,665,321195
2026-09-28,600583,6.470,2254,1458338
2026-09-28,600584,68.400,2399,16409160
2026-09-28,600585,16.930,721,1220653
2026-09-28,600586,3.970,238,94486
2026-09-28,600587,12.950,1045,1353275
2026-09-28,600588,9.290,905,840745
2026-09-28,600589,7.690,1020,784380
2026-09-28,600590,8.380,186,155868
2026-09-28,600592,14.890,1569,2336241
2026-09-28,600593,49.190,1072,5273168
2026-09-28,600594,3.610,449,162089
2026-09-28,600595,5.800,3198,1854840
2026-09-28,600596,11.210,2607,2922447
2026-09-28,600597,6.680,500,334000
2026-09-28,600598,12.550,275,345125
2026-09-28,600600,49.890,84,419076
2026-09-28,600601,14.060,7340,10320040
2026-09-28,600602,16.680,544,907392
2026-09-28,600603,4.600,41,18860
2026-09-28,600604,4.820,583,281006
2026-09-28,600605,30.380,1017,3089646
2026-09-28,600606,1.410,31398,4427118
2026-09-28,600609,3.520,2456,864512
2026-09-28,600610,7.450,501,373245
2026-09-28,600611,4.370,4385,1916245
2026-09-28,600612,31.380,139,436182
2026-09-28,600613,8.310,3334,2770554
2026-09-28,600615,9.410,195,183495
2026-09-28,600616,5.230,7792,4075216
2026-09-28,600617,3.240,474,153576
2026-09-28,600618,9.710,77,74767
2026-09-28,600619,13.020,552,718704
2026-09-28,600620,4.390,306,134334
2026-09-28,600621,13.670,1004,1372468
2026-09-28,600622,2.430,976,237163
2026-09-28,600623,8.620,327,281874
2026-09-28,600626,3.790,648,245592
2026-09-28,600628,6.280,121,75988
2026-09-28,600629,16.130,1221,1969473
2026-09-28,600630,8.450,21001,17745845
2026-09-28,600633,10.150,154,156310
2026-09-28,600635,4.440,800,355200
2026-09-28,600637,8.860,4547,4028642
2026-09-28,600638,5.020,903,453306
2026-09-28,600639,9.650,68,65620
2026-09-28,600640,12.100,402,486420
2026-09-28,600641,51.610,17110,88304710
2026-09-28,600642,8.780,372,326616
2026-09-28,600643,3.980,175,69650
2026-09-28,600644,8.710,1911,1664481
2026-09-28,600645,19.000,311,590900
2026-09-28,600648,9.300,35,32550
2026-09-28,600649,4.000,728,291200
2026-09-28,600650,10.130,2756,2791828
2026-09-28,600651,5.220,638,333036
2026-09-28,600653,1.720,23368,4019296
2026-09-28,600654,3.030,1447,438441
2026-09-28,600655,4.460,295,131570
2026-09-28,600657,3.080,1887,581196
2026-09-28,600658,4.130,779,321727
2026-09-28,600660,52.380,375,1964250
2026-09-28,600661,9.540,1226,1169604
2026-09-28,600662,4.190,284,118996
2026-09-28,600663,8.760,552,483552
2026-09-28,600664,7.700,78032,60084640
2026-09-28,600665,3.410,472,160952
2026-09-28,600666,3.290,1583,520807
2026-09-28,600667,19.010,8967,17046267
2026-09-28,600668,7.340,119,87346
2026-09-28,600671,23.100,3,6930
2026-09-28,600673,31.350,470,1473450
2026-09-28,600682,5.890,3058,1801162
2026-09-28,600683,9.310,673,626563
2026-09-28,600684,3.600,1170,421200
2026-09-28,600685,28.620,295,844290
2026-09-28,600686,10.830,549,594567
2026-09-28,600688,2.740,4106,1125044
2026-09-28,600689,12.100,33,39930
2026-09-28,600690,20.190,523,1055937
2026-09-28,600691,2.730,1370,374010
2026-09-28,600692,6.520,780,508560
2026-09-28,600713,4.920,40,19680
2026-09-28,600714,18.510,1744,3228144
2026-09-28,600715,1.670,9644,1610548
2026-09-28,600716,3.710,437,162127
2026-09-28,600717,4.220,669,282318
2026-09-28,600787,4.550,220,100100
2026-09-28,600789,7.550,190,143450
2026-09-28,600790,3.610,3031,1094191
2026-09-28,600791,6.940,376,260944
2026-09-28,600829,9.620,360,346320
2026-09-28,600830,8.470,235,199045
2026-09-28,600831,3.450,11021,3802245
2026-09-28,600833,10.600,53,56180
2026-09-28,600834,7.680,170,130560
2026-09-28,600835,18.790,249,467871
2026-09-28,600838,8.270,373,308471
2026-09-28,600839,6.560,1523,999088
2026-09-28,600858,4.910,836,410476
2026-09-28,600859,9.740,224,218176
2026-09-28,600860,7.550,154,116270
2026-09-28,600861,12.750,26,33150
2026-09-28,600862,17.850,203,362355
2026-09-28,600880,4.240,1770,750480
2026-09-28,600881,1.850,2266,419210
2026-09-28,600882,19.090,106,202354
2026-09-28,600883,8.190,501,410319
2026-09-28,600884,11.430,1583,1809369
2026-09-28,600885,33.100,242,801219
2026-09-28,600886,14.840,868,1288112
2026-09-28,600887,26.810,2236,5994716
2026-09-28,600888,9.800,7433,7284340
2026-09-28,600892,4.120,2340,964080
2026-09-28,600901,6.780,1135,769530
2026-09-28,600903,6.560,3807,2497392
2026-09-28,600905,3.610,5331,1924491
2026-09-28,600906,6.350,790,501650
2026-09-28,600908,5.820,1244,724008
2026-09-28,600909,7.830,6022,4715226
2026-09-28,600916,7.200,1727,1243440
2026-09-28,600917,4.790,203,97237
2026-09-28,600918,5.400,679,366660
2026-09-28,600919,12.260,5875,7202750
2026-09-28,600925,4.070,143,58201
2026-09-28,600926,16.880,3811,6432968
2026-09-28,600927,12.160,82,99712
2026-09-28,600928,3.470,2281,791507
2026-09-28,600929,6.010,1981,1190581
2026-09-28,600930,3.880,4158,1613304
2026-09-28,600933,13.660,191,260906
2026-09-28,600935,2.280,2498,569544
2026-09-28,600936,4.320,1077,465264
2026-09-28,600938,32.550,1586,5162430
2026-09-28,600939,2.620,324,84888
2026-09-28,600941,97.400,224,2181760
2026-09-28,600955,12.360,108,133488
2026-09-28,600956,7.040,120,84480
2026-09-28,600958,8.700,2212,1924440
2026-09-28,600959,3.080,5310,1635480
2026-09-28,600960,3.900,724,282360
2026-09-28,600961,23.140,1189,2751346
2026-09-28,600962,26.140,100,261400
2026-09-28,600963,3.350,398,133330
2026-09-28,600966,4.770,437,208449
2026-09-28,600967,12.870,3560,4581720
2026-09-28,600968,3.860,155,59830
2026-09-28,600969,9.780,434,424452
2026-09-28,600970,7.680,420,322560
2026-09-28,600971,8.410,349,293509
2026-09-28,600973,5.850,287,167895
2026-09-28,600975,5.090,843,429087
2026-09-28,600976,26.800,35,93800
2026-09-28,600977,13.300,4693,6241690
2026-09-28,600979,3.850,580,223300
2026-09-28,600980,19.140,108,206712
2026-09-28,600981,2.380,423,100674
2026-09-28,600982,4.870,757,368659
2026-09-28,600983,7.480,31,23188
2026-09-28,600984,3.500,1151,402850
2026-09-28,600985,16.380,511,837018
2026-09-28,600986,6.850,1175,804875
2026-09-28,600987,6.300,98,61740
2026-09-28,600988,39.200,4222,16550240
2026-09-28,600989,22.220,3466,7701452
2026-09-28,600990,17.850,116,207060
2026-09-28,600992,10.320,1445,1491240
2026-09-28,600993,22.150,102,225930
2026-09-28,600995,11.800,152,179360
2026-09-28,600996,6.810,914,622434
2026-09-28,600997,5.130,211,108243
2026-09-28,600998,4.840,406,196504
2026-09-28,600999,17.400,1619,2817060
2026-09-28,601000,4.400,587,258280
2026-09-28,601001,17.610,488,859368
2026-09-28,601002,5.180,1114,577052
2026-09-28,601003,3.500,604,211330
2026-09-28,601005,1.200,5020,602400
2026-09-28,601006,4.660,3079,1434814
2026-09-28,601007,6.810,604,411324
2026-09-28,601008,4.420,1114,492388
2026-09-28,601009,11.950,2935,3507325
2026-09-28,601011,2.880,9097,2619936
2026-09-28,601012,11.070,1893,2095551
2026-09-28,601015,3.470,7804,2707988
2026-09-28,601016,3.230,5124,1655052
2026-09-28,601018,3.400,837,284580
2026-09-28,601019,6.750,373,251775
2026-09-28,601020,20.790,720,1496880
2026-09-28,601021,39.650,999,3961035
2026-09-28,601022,8.470,480,406560
2026-09-28,601026,15.330,303,464499
2026-09-28,601033,14.180,129,182922
2026-09-28,601038,14.140,394,557116
2026-09-28,601058,13.560,1167,1582452
2026-09-28,601061,10.680,2168,2315424
2026-09-28,601065,6.670,100,66700
2026-09-28,601066,23.330,183,426939
2026-09-28,601068,4.270,1354,578158
2026-09-28,601069,25.000,2378,5945000
2026-09-28,601077,6.640,2792,1853888
2026-09-28,601083,12.880,550,708400
2026-09-28,601086,15.160,18274,27703384
2026-09-28,601088,47.790,1567,7488693
2026-09-28,601089,15.950,72,114840
2026-09-28,601096,3.960,678,268488
2026-09-28,601098,10.160,205,208280
2026-09-28,601099,3.500,4426,1549100
2026-09-28,601100,91.500,112,1022330
2026-09-28,601101,12.930,914,1181802
2026-09-28,601106,2.930,546,159881
2026-09-28,601107,6.010,396,237996
2026-09-28,601108,8.340,1118,932412
2026-09-28,601111,5.820,3765,2191230
2026-09-28,601112,16.100,129,207432
2026-09-28,601113,3.540,1157,409578
2026-09-28,601116,10.030,56,56168
2026-09-28,601117,7.190,1612,1159028
2026-09-28,601118,6.540,8862,5795748
2026-09-28,601121,7.090,334,236806
2026-09-28,601126,37.990,527,2002073
2026-09-28,601127,45.000,5512,24804000
2026-09-28,601128,6.170,2196,1354932
2026-09-28,601133,24.800,657,1629360
2026-09-28,601136,14.150,214,302810
2026-09-28,601137,19.800,280,554400
2026-09-28,601138,61.000,3235,19733500
2026-09-28,601139,6.200,495,306900
2026-09-28,601155,12.570,709,891213
2026-09-28,601156,18.210,85,154785
2026-09-28,601158,3.970,468,185796
2026-09-28,601162,3.570,11917,4254369
2026-09-28,601163,12.220,61,74542
2026-09-28,601166,17.920,1878,3365376
2026-09-28,601168,34.380,3862,13277556
2026-09-28,601169,5.490,3288,1805112
2026-09-28,601177,13.730,252,345996
2026-09-28,601179,11.710,1341,1570311
2026-09-28,601186,5.970,1645,982065
2026-09-28,601187,6.910,679,469189
2026-09-28,601188,2.840,551,156484
2026-09-28,601199,6.660,1257,837162
2026-09-28,601200,6.740,165,111210
2026-09-28,601208,55.020,4041,22233582
2026-09-28,601211,17.200,1359,2337480
2026-09-28,601212,5.600,23296,13045760
2026-09-28,601216,4.470,1586,708942
2026-09-28,601218,5.500,58111,31961050
2026-09-28,601222,5.860,953,558364
2026-09-28,601225,25.510,1409,3594359
2026-09-28,601226,6.530,52,33956
2026-09-28,601228,3.020,6164,1861528
2026-09-28,601229,9.530,1331,1268443
2026-09-28,601231,25.510,521,1329071
2026-09-28,601233,23.240,443,1029532
2026-09-28,601236,6.850,336,230160
2026-09-28,601279,3.490,774,270126
2026-09-28,601288,6.880,11889,8179632
2026-09-28,601298,9.760,121,118096
2026-09-28,601311,7.290,108,78732
2026-09-28,601318,53.090,2896,15374864
2026-09-28,601319,8.030,1697,1362691
2026-09-28,601326,3.460,417,144282
2026-09-28,601328,7.570,6008,4548056
2026-09-28,601330,8.030,272,218416
2026-09-28,601333,3.070,621,190647
2026-09-28,601336,57.260,270,1546020
2026-09-28,601339,7.530,1939,1460067
2026-09-28,601360,9.080,16616,15087328
2026-09-28,601366,3.570,328,117096
2026-09-28,601368,4.530,250,113250
2026-09-28,601369,8.820,680,599760
2026-09-28,601375,3.950,829,327455
2026-09-28,601377,5.850,1859,1087515
2026-09-28,601388,3.130,996,311748
2026-09-28,601390,4.250,3255,1383375
2026-09-28,601398,8.120,15884,12897808
2026-09-28,601399,3.080,2392,736736
2026-09-28,601456,8.540,531,453474
2026-09-28,601500,3.860,88,33968
2026-09-28,601512,8.350,45,37575
2026-09-28,601515,3.220,62,19964
2026-09-28,601518,2.760,547,150972
2026-09-28,601519,8.520,1005,856260
2026-09-28,601528,5.020,1916,961832
2026-09-28,601555,8.150,257,209455
2026-09-28,601566,9.520,7689,7319928
2026-09-28,601567,16.000,24117,38587200
2026-09-28,601568,3.590,65,23335
2026-09-28,601577,9.670,1290,1247430
2026-09-28,601579,40.460,9987,40407402
2026-09-28,601588,1.750,1311,229425
2026-09-28,601595,23.550,957,2253735
2026-09-28,601598,6.810,2941,2002821
2026-09-28,601599,3.230,1182,381786
2026-09-28,601600,8.800,15482,13624160
2026-09-28,601601,30.710,2458,7547750
2026-09-28,601606,31.830,931,2963373
2026-09-28,601607,16.010,185,296185
2026-09-28,601608,4.590,579,265761
2026-09-28,601609,11.790,1553,1830940
2026-09-28,601611,10.150,236,239540
2026-09-28,601615,9.660,5608,5417328
2026-09-28,601616,3.770,206,77662
2026-09-28,601618,2.490,3644,907356
2026-09-28,601619,3.920,817,320264
2026-09-28,601628,37.330,1147,4281751
2026-09-28,601633,13.800,1255,1731900
2026-09-28,601636,5.490,2437,1337913
2026-09-28,601658,5.330,4847,2583451
2026-09-28,601665,6.980,1476,1030248
2026-09-28,601666,8.830,1117,986311
2026-09-28,601668,4.250,10118,4300150
2026-09-28,601669,4.540,2552,1158608
2026-09-28,601677,16.050,2306,3701130
2026-09-28,601825,8.710,359,312689
2026-09-28,601827,7.820,205,160310
2026-09-28,601828,2.150,1495,321425
2026-09-28,601838,19.040,1631,3105424
2026-09-28,601857,10.920,7053,7701876
2026-09-28,601929,2.340,11084,2593656
2026-09-28,601933,3.000,2371,711300
2026-09-28,601939,10.990,6777,7447923
2026-09-28,601949,5.610,9435,5293035
2026-09-28,601952,9.100,785,714350
2026-09-28,601990,6.580,102,67116
2026-09-28,601991,5.360,3327,1783272
2026-09-28,601992,1.400,1232,172480
2026-09-28,601995,30.950,2821,8730995
2026-09-28,603082,46.750,365,1706375
2026-09-28,603083,205.000,1036,21238000
2026-09-28,603085,9.830,112,110096
2026-09-28,603086,5.830,160,93280
2026-09-28,603087,73.440,275,2019600
2026-09-28,603088,10.060,210,211260
2026-09-28,603089,9.630,58,55854
2026-09-28,603090,37.860,51,193086
2026-09-28,603091,46.690,24,112056
2026-09-28,603092,45.840,473,2168232
2026-09-28,603093,13.410,2338,3135258
2026-09-28,603095,13.950,645,899775
2026-09-28,603096,15.960,154,245784
2026-09-28,603097,18.530,25,46325
2026-09-28,603098,10.730,30,32190
2026-09-28,603099,41.810,892,3729452
2026-09-28,603100,18.630,347,646461
2026-09-28,603101,7.240,15,10860
2026-09-28,603102,37.700,29,109330
2026-09-28,603103,16.000,227,363200
2026-09-28,603105,8.500,3457,2938450
2026-09-28,603106,7.300,266,194180
2026-09-28,603107,12.080,16,19328
2026-09-28,603108,9.970,740,737780
2026-09-28,603109,17.660,132,233112
2026-09-28,603110,25.350,416,1054560
2026-09-28,603111,6.100,43,26230
2026-09-28,603112,17.410,371,645911
2026-09-28,603113,4.890,1047,511983
2026-09-28,603115,77.790,289,2248131
2026-09-28,603116,7.210,2269,1635949
2026-09-28,603117,3.960,247,97812
2026-09-28,603118,17.400,3966,6900840
2026-09-28,603119,56.000,403,2256800
2026-09-28,603120,59.270,133,788291
2026-09-28,603121,13.000,2085,2710500
2026-09-28,603122,13.890,24431,33934659
2026-09-28,603123,9.330,1165,1086945
2026-09-28,603124,131.000,405,5305500
2026-09-28,603125,22.000,3303,7266600
2026-09-28,603126,6.330,167,105711
2026-09-28,603127,46.390,3144,14585016
2026-09-28,603128,5.360,544,291584
2026-09-28,603129,290.060,20,580120
2026-09-28,603130,38.680,65,251420
2026-09-28,603131,13.990,479,670121
2026-09-28,603132,18.220,174,317028
2026-09-28,603135,8.760,224,196224
2026-09-28,603136,9.080,440,399520
2026-09-28,603137,19.360,479,927344
2026-09-28,603138,14.780,1010,1492780
2026-09-28,603139,36.220,136,492592
2026-09-28,603150,71.440,35,250040
2026-09-28,603151,18.320,223,408536
2026-09-28,603153,13.340,103,137402
2026-09-28,603155,15.160,424,643512
2026-09-28,603156,43.860,650,2850900
2026-09-28,603158,10.500,316,331800
2026-09-28,603159,22.940,87,199578
2026-09-28,603160,54.100,97,524770
2026-09-28,603161,15.030,47,70641
2026-09-28,603162,13.100,2631,3446610
2026-09-28,603163,81.290,44,357676
2026-09-28,603165,13.470,108,145476
2026-09-28,603166,10.920,821,896532
2026-09-28,603167,8.030,73,58619
2026-09-28,603168,5.890,257,151373
2026-09-28,603169,6.020,565,340130
2026-09-28,603170,12.390,151,187089
2026-09-28,603171,40.050,94,376470
2026-09-28,603172,19.690,68,133892
2026-09-28,603173,29.450,20,58900
2026-09-28,603175,110.410,178,1965298
2026-09-28,603176,5.290,1811,958019
2026-09-28,603177,11.170,30,33510
2026-09-28,603178,15.820,73,115486
2026-09-28,603179,41.210,289,1190969
2026-09-28,603180,15.830,16,25328
2026-09-28,603181,12.510,165,206415
2026-09-28,603182,13.500,130,175500
2026-09-28,603183,4.940,170,83980
2026-09-28,603185,13.940,67,93398
2026-09-28,603186,213.380,674,14381812
2026-09-28,603187,10.660,119,126854
2026-09-28,603188,4.500,155,69750
2026-09-28,603191,13.250,142,188150
2026-09-28,603192,21.100,70,147700
2026-09-28,603193,20.360,39,79404
2026-09-28,603194,33.510,19,63669
2026-09-28,603195,37.880,95,359860
2026-09-28,603197,29.450,128,376960
2026-09-28,603198,37.200,54,200880
2026-09-28,603199,32.320,18,58176
2026-09-28,603200,38.100,66,251460
2026-09-28,603201,15.710,49,76979
2026-09-28,603202,51.970,125,649625
2026-09-28,603203,47.080,185,870980
2026-09-28,603205,21.640,5,10820
2026-09-28,603206,13.830,198,273834
2026-09-28,603207,24.280,111,269508
2026-09-28,603208,11.330,133,150689
2026-09-28,603209,14.650,469,687085
2026-09-28,603210,13.490,54,72846
2026-09-28,603211,19.720,141,278052
2026-09-28,603212,11.590,120,139080
2026-09-28,603213,13.680,48,65664
2026-09-28,603214,13.520,258,348816
2026-09-28,603215,15.680,505,791840
2026-09-28,603216,23.320,3376,7872832
2026-09-28,603217,28.410,95,269895
2026-09-28,603218,9.300,446,414780
2026-09-28,603219,12.760,614,783464
2026-09-28,603220,18.180,231,419958
2026-09-28,603221,29.800,2156,6424880
2026-09-28,603222,8.200,6886,5646520
2026-09-28,603223,9.960,210,209160
2026-09-28,603225,17.020,151,257002
2026-09-28,603226,30.360,991,3008676
2026-09-28,603227,7.410,746,552786
2026-09-28,603228,102.990,1787,18404313
2026-09-28,603229,8.150,686,559090
2026-09-28,603230,17.990,20827,37467773
2026-09-28,603231,17.160,43,73788
2026-09-28,603232,16.200,1234,1999080
2026-09-28,603233,17.550,68,119340
2026-09-28,603235,25.250,11,27775
2026-09-28,603236,73.210,1082,7921322
2026-09-28,603237,15.140,89,134746
2026-09-28,603238,12.980,1233,1600434
2026-09-28,603239,14.160,16,22656
2026-09-28,603248,22.320,4396,9811872
2026-09-28,603255,32.700,60,196200
2026-09-28,603256,148.810,3312,49285872
2026-09-28,603257,66.990,96,643104
2026-09-28,603258,13.940,795,1108230
2026-09-28,603259,164.750,3495,57574524
2026-09-28,603260,31.900,247,787930
2026-09-28,603261,52.780,26,137228
2026-09-28,603262,17.930,326,584518
2026-09-28,603266,18.060,503,908418
2026-09-28,603267,50.180,149,747682
2026-09-28,603268,215.010,489,10513989
2026-09-28,603269,26.000,383,995800
2026-09-28,603270,35.960,219,787524
2026-09-28,603271,38.880,13,50544
2026-09-28,603273,14.810,89,131809
2026-09-28,603275,37.230,11,40953
2026-09-28,603276,17.940,177,317538
2026-09-28,603277,11.200,66,73920
2026-09-28,603278,10.190,16839,17158941
2026-09-28,603279,11.000,209,229900
2026-09-28,603280,28.000,711,1990800
2026-09-28,603281,19.000,172,326800
2026-09-28,603282,17.240,184,317216
2026-09-28,603283,45.670,223,1018441
2026-09-28,603284,41.000,135,553500
2026-09-28,603285,36.800,33,121440
2026-09-28,603286,45.770,34,155618
2026-09-28,603288,33.800,453,1531140
2026-09-28,603289,11.410,1517,1730897
2026-09-28,603290,85.930,130,1117090
2026-09-28,603291,8.720,36,31392
2026-09-28,603293,36.710,24,88104
2026-09-28,603296,78.490,623,4889927
2026-09-28,603297,113.350,11,124685
2026-09-28,603298,22.720,116,263552
2026-09-28,603299,8.640,42,36288
2026-09-28,603300,4.520,767,346684
2026-09-28,603301,77.700,58,450660
2026-09-28,603303,29.590,26,76934
2026-09-28,603305,11.120,502,558224
2026-09-28,603306,79.890,400,3195600
2026-09-28,603307,26.190,54,141426
2026-09-28,603308,39.110,798,3120978
2026-09-28,603310,14.750,20,29500
2026-09-28,603311,25.890,63,163107
2026-09-28,603312,32.080,47,150776
2026-09-28,603313,6.420,1083,695286
2026-09-28,603315,10.800,80,86400
2026-09-28,603316,16.860,1313,2213718
2026-09-28,603317,12.650,124,156860
2026-09-28,603318,8.860,2637,2336382
2026-09-28,603319,30.830,358,1103714
2026-09-28,603320,18.170,194,352498
2026-09-28,603321,7.230,709,512607
2026-09-28,603322,28.670,234,670878
2026-09-28,603323,4.410,1844,813204
2026-09-28,603324,26.640,45,119880
2026-09-28,603325,53.120,3,15936
2026-09-28,603326,7.570,268,202876
2026-09-28,603327,8.240,59,48616
2026-09-28,603390,10.510,697,732547
2026-09-28,603391,67.920,20,135840
2026-09-28,603392,26.360,196,516656
2026-09-28,603393,24.880,384,955392
2026-09-28,603395,26.090,378,986202
2026-09-28,603396,39.200,20487,80309040
2026-09-28,603399,13.000,2306,2997800
2026-09-28,603402,60.940,184,1121296
2026-09-28,603406,27.900,88,245520
2026-09-28,603421,6.440,1987,1279628
2026-09-28,603435,48.300,18,86940
2026-09-28,603439,13.470,277,373119
2026-09-28,603444,343.040,22,754688
2026-09-28,603456,16.330,617,1007561
2026-09-28,603458,10.820,78,84396
2026-09-28,603459,85.000,248,2108000
2026-09-28,603466,12.280,3541,4348348
2026-09-28,603468,22.490,217,488033
2026-09-28,603529,20.890,98,204722
2026-09-28,603530,44.790,21,94059
2026-09-28,603533,22.160,2521,5586536
2026-09-28,603535,6.240,415,258960
2026-09-28,603536,10.010,149,149149
2026-09-28,603538,26.760,1412,3778512
2026-09-28,603551,9.380,113,105994
2026-09-28,603556,22.690,71,161099
2026-09-28,603558,13.310,681,906411
2026-09-28,603559,9.030,105,94815
2026-09-28,603577,9.770,108,105516
2026-09-28,603578,13.840,34,47056
2026-09-28,603579,18.430,167,307781
2026-09-28,603580,77.500,1486,11516500
2026-09-28,603583,28.010,103,288503
2026-09-28,603585,10.420,105,109410
2026-09-28,603586,13.710,85,116535
2026-09-28,603587,12.360,174,215064
2026-09-28,603588,17.090,2036,3479524
2026-09-28,603589,17.570,124,217868
2026-09-28,603669,5.900,1000,590000
2026-09-28,603676,8.860,26,23036
2026-09-28,603677,14.610,70,102270
2026-09-28,603678,47.900,503,2409370
2026-09-28,603679,22.550,394,888470
2026-09-28,603700,11.860,671,795806
2026-09-28,603701,18.800,2,3760
2026-09-28,603703,10.180,144,146592
2026-09-28,603706,17.120,19,32528
2026-09-28,603707,7.720,59,45548
2026-09-28,603708,8.870,133,117971
2026-09-28,603709,12.800,625,800000
2026-09-28,603711,11.750,51,59925
2026-09-28,603712,11.410,327,373107
2026-09-28,603713,69.450,70,486150
2026-09-28,603768,11.710,100,117100
2026-09-28,603773,102.680,9637,98952716
2026-09-28,603776,21.070,94,198058
2026-09-28,603777,14.300,193,275990
2026-09-28,603778,8.310,2207,1834017
2026-09-28,603779,8.150,215,175225
2026-09-28,603786,37.650,29,109185
2026-09-28,603787,10.440,234,244296
2026-09-28,603788,13.840,283,391672
2026-09-28,603790,25.340,37,93758
2026-09-28,603797,4.900,513,251370
2026-09-28,603798,14.100,183,258030
2026-09-28,603799,35.100,1480,5194800
2026-09-28,603800,58.590,35,205065
2026-09-28,603801,6.260,190,118940
2026-09-28,603803,12.020,15549,18689898
2026-09-28,603806,13.920,345,480240
2026-09-28,603808,8.950,200,179000
2026-09-28,603809,8.590,55,47245
2026-09-28,603810,12.110,206,249466
2026-09-28,603811,6.900,56,38640
2026-09-28,603813,26.990,73,197027
2026-09-28,603815,5.100,167,85170
2026-09-28,603816,22.720,543,1233696
2026-09-28,603817,6.000,8513,5107800
2026-09-28,603818,3.890,594,231066
2026-09-28,603819,16.500,579,955350
2026-09-28,603823,44.890,2778,12470442
2026-09-28,603826,17.080,1236,2111088
2026-09-28,603829,15.450,78,120510
2026-09-28,603833,29.380,43,126334
2026-09-28,603836,9.580,237,227046
2026-09-28,603839,6.950,261,181395
2026-09-28,603848,13.460,403,542438
2026-09-28,603855,16.940,10,16940
2026-09-28,603856,11.790,304,358416
2026-09-28,603858,14.520,128,185856
2026-09-28,603859,40.130,97,389261
2026-09-28,603860,26.560,183,486048
2026-09-28,603861,11.060,189,209034
2026-09-28,603863,12.240,268,328032
2026-09-28,603866,4.120,987,406644
2026-09-28,603867,34.970,185,646945
2026-09-28,603868,31.060,14,43484
2026-09-28,603871,12.150,347,421605
2026-09-28,603876,17.800,330,587400
2026-09-28,603877,11.870,23,27301
2026-09-28,603878,4.880,176,85888
2026-09-28,603879,4.900,661,323890
2026-09-28,603880,9.130,95,86735
2026-09-28,603881,23.950,272,651440
2026-09-28,603882,29.580,1347,3984426
2026-09-28,603883,12.950,172,222740
2026-09-28,603885,9.910,336,332976
2026-09-28,603886,12.500,201,251250
2026-09-28,603887,8.750,374,327250
2026-09-28,603888,17.500,1335,2336250
2026-09-28,603889,6.010,192,115392
2026-09-28,603890,15.960,863,1377348
2026-09-28,603893,219.020,950,20806900
2026-09-28,603895,25.970,38,98686
2026-09-28,603896,14.560,129,187824
2026-09-28,603897,29.580,42,124236
2026-09-28,603898,11.680,470,548960
2026-09-28,603899,21.880,44,96272
2026-09-28,603900,6.300,850,535500
2026-09-28,603901,9.470,406,384482
2026-09-28,603903,15.180,1129,1713822
2026-09-28,603906,17.650,70,123550
2026-09-28,603908,19.550,30,58650
2026-09-28,603909,9.740,446,434404
2026-09-28,603912,9.270,1920,1779840
2026-09-28,603915,13.080,600,784800
2026-09-28,603916,10.530,59,62127
2026-09-28,603917,14.290,49,70021
2026-09-28,603918,10.410,360,374760
2026-09-28,603919,15.850,112,177520
2026-09-28,603920,45.300,3677,16656810
2026-09-28,603926,17.510,162,283662
2026-09-28,603927,13.550,73,98915
2026-09-28,603928,12.210,421,514041
2026-09-28,603929,154.170,71,1094607
2026-09-28,603931,35.920,56,201152
2026-09-28,603933,19.130,117,223821
2026-09-28,603936,21.200,1789,3792680
2026-09-28,603937,12.850,6427,8258695
2026-09-28,603938,47.500,1246,5918500
2026-09-28,603939,22.000,36,79200
2026-09-28,603948,19.310,58,111998
2026-09-28,603949,18.590,17883,33244497
2026-09-28,603950,56.110,74,415214
2026-09-28,603955,25.550,353,901915
2026-09-28,603956,7.000,238,166600
2026-09-28,603958,19.030,523,995269
2026-09-28,603960,17.980,325,584350
2026-09-28,603966,7.600,294,223440
2026-09-28,603967,11.580,7,8106
2026-09-28,603968,10.650,193,205545
2026-09-28,603969,7.320,157,114924
2026-09-28,603970,13.390,23983,32112701
2026-09-28,603976,31.300,214,669820
2026-09-28,603977,11.100,138,153180
2026-09-28,603978,26.100,833,2174130
2026-09-28,603979,71.540,276,1974504
2026-09-28,603980,8.080,2518,2034544
2026-09-28,603982,6.400,582,372480
2026-09-28,603983,31.590,127,401193
2026-09-28,603985,16.700,539,900130
2026-09-28,603986,380.000,1709,64942000
2026-09-28,603987,7.510,595,446845
2026-09-28,603988,17.600,62,109120
2026-09-28,603989,31.010,863,2676163
2026-09-28,603990,19.090,930,1775370
2026-09-28,603991,174.880,219,3829872
2026-09-28,603992,20.070,62,124434
2026-09-28,603993,16.780,16495,27678610
2026-09-28,603995,25.360,31,78616
2026-09-28,603997,14.130,322,454986
2026-09-28,603998,10.290,207,213003
2026-09-28,603999,6.470,3255,2105985
2026-09-28,605001,5.840,359,209656
2026-09-28,605003,25.450,101,257045
2026-09-28,605005,16.250,24,39000
2026-09-28,605006,15.650,1074,1680810
2026-09-28,605007,14.550,221,321555
2026-09-28,605008,14.750,256,377600
2026-09-28,605009,24.880,67,166696
2026-09-28,605011,17.300,573,991290
2026-09-28,605016,21.250,38,80750
2026-09-28,605018,12.940,4577,5922638
2026-09-28,605020,31.040,217,673568
2026-09-28,605028,24.500,25,61250
2026-09-28,605033,19.650,50,98250
2026-09-28,605055,8.880,79,70152
2026-09-28,605056,14.010,320,448320
2026-09-28,605058,60.250,7600,45790000
2026-09-28,605060,39.000,69,269100
2026-09-28,605066,6.750,72,48600
2026-09-28,605068,20.810,56,116536
2026-09-28,605069,12.080,2821,3407768
2026-09-28,605077,11.400,634,722760
2026-09-28,605080,22.700,589,1337030
2026-09-28,605086,23.520,37,87024
2026-09-28,605088,24.140,530,1279420
2026-09-28,605089,21.300,63,134190
2026-09-28,605090,31.360,347,1088192
2026-09-28,605098,53.530,3,16059
2026-09-28,605099,28.550,40,114200
2026-09-28,605100,34.010,256,870656
2026-09-28,605108,12.150,252,306180
2026-09-28,605111,59.110,382,2258002
2026-09-28,605116,19.650,31,60915
2026-09-28,605117,76.110,777,5911159
2026-09-28,605118,33.240,128,425472
2026-09-28,605122,12.330,370,456210
2026-09-28,605123,80.380,14,112532
2026-09-28,605128,23.660,8,18928
2026-09-28,605133,24.500,60,147000
2026-09-28,605136,8.460,313,264798
2026-09-28,605138,6.180,242,149556
2026-09-28,605151,18.750,7,13125
2026-09-28,605155,14.680,203,298004
2026-09-28,605158,7.840,104,81536
2026-09-28,605162,11.850,2394,2836890
2026-09-28,605166,8.700,62,53940
2026-09-28,605167,16.400,173,283720
2026-09-28,605168,52.900,169,894010
2026-09-28,605169,13.020,46,59892
2026-09-28,605177,25.700,187,480590
2026-09-28,605178,68.590,444,3045396
2026-09-28,605179,24.000,2967,7121496
2026-09-28,605180,14.440,1384,1998496
2026-09-28,605183,16.520,202,333704
2026-09-28,605186,26.110,152,396872
2026-09-28,605188,12.890,432,556848
2026-09-28,605189,14.400,951,1369440
2026-09-28,605196,34.440,235,809340
2026-09-28,605198,62.130,1453,9027489
2026-09-28,605208,14.690,357,524433
2026-09-28,605358,47.680,6682,31859776
2026-09-28,605365,14.820,220,326040
2026-09-28,605366,9.150,8273,7569795
2026-09-28,605368,6.610,196,129556
2026-09-28,605369,17.750,25,44375
2026-09-28,605376,132.000,440,5808000
2026-09-28,605377,8.070,136,109752
2026-09-28,605378,14.850,172,255420
2026-09-28,605388,6.000,195,117000
2026-09-28,605389,64.300,5,32150
2026-09-28,605398,22.190,144,319536
2026-09-28,605399,11.440,186,212784
2026-09-28,605488,32.000,786,2515200
2026-09-28,605499,111.170,26,291821
2026-09-28,605500,7.360,219,161184
2026-09-28,605507,18.180,485,881730
2026-09-28,605555,12.610,844,1064284
2026-09-28,605566,32.600,260,847600
2026-09-28,605567,9.400,376,353440
2026-09-28,605577,16.300,4810,7840300
2026-09-29,000001,11.300,1300,1469000
2026-09-29,000002,3.780,54621,20646738
2026-09-29,000006,7.480,4641,3471468
2026-09-29,000007,10.990,236,259364
2026-09-29,000008,2.350,1448,340280
2026-09-29,000009,6.720,1146,770112
2026-09-29,000011,11.130,89006,99063700
2026-09-29,000012,3.650,800,292000
2026-09-29,000014,11.500,4627,5321280
2026-09-29,000063,30.600,1819,5566140
2026-09-29,000065,9.570,100,95700
2026-09-29,000066,14.060,7550,10615300
2026-09-29,000068,3.200,327,104640
2026-09-29,000069,1.900,20208,3839520
2026-09-29,000417,5.690,594,337986
2026-09-29,000419,4.970,281,139657
2026-09-29,000420,3.450,1288,444360
2026-09-29,000421,5.640,120,67680
2026-09-29,000422,11.480,112,128576
2026-09-29,000423,45.210,45,203445
2026-09-29,000425,7.040,2663,1874752
2026-09-29,000426,30.770,3038,9347926
2026-09-29,000428,3.840,519,199296
2026-09-29,000429,12.340,712,878608
2026-09-29,000430,6.750,251,169425
2026-09-29,000498,5.730,13280,7609440
2026-09-29,000501,6.970,153,106641
2026-09-29,000503,7.310,18203,13306393
2026-09-29,000586,12.640,122,154208
2026-09-29,000589,4.150,410,170150
2026-09-29,000590,8.830,412,363796
2026-09-29,000591,4.120,531,218772
2026-09-29,000592,8.750,86269,75485375
2026-09-29,000593,21.290,455,968695
2026-09-29,000595,5.390,747,402633
2026-09-29,000596,87.470,75,656025
2026-09-29,000597,4.740,447,211878
2026-09-29,000598,6.960,206,143376
2026-09-29,000599,4.400,2,880
2026-09-29,000600,7.020,506,355212
2026-09-29,000601,5.990,603,361197
2026-09-29,000603,29.510,1962,5789862
2026-09-29,000605,5.960,106,63176
2026-09-29,000607,3.750,10651,3994125
2026-09-29,000608,6.930,205,142065
2026-09-29,000612,10.230,1022,1045506
2026-09-29,000617,6.530,1219,796007
2026-09-29,000619,5.230,131,68513
2026-09-29,000620,3.040,9727,2957008
2026-09-29,000623,17.180,105,180390
2026-09-29,000625,7.050,3081,2171978
2026-09-29,000626,8.690,292,253748
2026-09-29,000628,54.610,273,1490853
2026-09-29,000629,2.780,1345,373910
2026-09-29,000630,5.700,11019,6280830
2026-09-29,000631,2.970,191,56727
2026-09-29,000633,5.230,82,42886
2026-09-29,000635,7.360,485,356960
2026-09-29,000636,49.980,6318,31577364
2026-09-29,000637,4.170,156,65052
2026-09-29,000650,5.120,236,120832
2026-09-29,000651,38.380,406,1558228
2026-09-29,000652,3.270,274,89598
2026-09-29,000655,7.070,79,55853
2026-09-29,000656,1.220,36584,4463248
2026-09-29,000657,53.570,2655,14222835
2026-09-29,000659,2.730,2203,601419
2026-09-29,000661,70.200,39,273780
2026-09-29,000663,6.000,1525,915000
2026-09-29,000665,3.940,657,258858
2026-09-29,000668,17.400,572,995280
2026-09-29,000670,7.530,3169,2386257
2026-09-29,000672,14.600,1389,2027940
2026-09-29,000676,6.320,12191,7704977
2026-09-29,000678,11.720,33480,39238619
2026-09-29,000679,6.330,40,25320
2026-09-29,000680,8.880,97,86136
2026-09-29,000681,15.500,323,500650
2026-09-29,000682,10.220,77,78694
2026-09-29,000683,5.480,1176,644448
2026-09-29,000685,10.620,187,198594
2026-09-29,000686,7.480,494,369512
2026-09-29,000688,23.990,480,1151520
2026-09-29,000690,5.160,1740,897840
2026-09-29,000691,8.970,3,2691
2026-09-29,000692,4.140,432,178848
2026-09-29,000695,12.700,409,519430
2026-09-29,000697,9.070,201,182307
2026-09-29,000700,12.000,2815,3378000
2026-09-29,000701,5.120,617,315904
2026-09-29,000702,5.730,463,265299
2026-09-29,000703,17.200,1441,2478520
2026-09-29,000705,7.050,440,310200
2026-09-29,000707,4.520,1106,499912
2026-09-29,000708,12.780,106,135468
2026-09-29,000709,1.980,841,166518
2026-09-29,000710,10.110,5322,5380542
2026-09-29,000711,4.630,7035,3257205
2026-09-29,000712,9.740,1084,1055816
2026-09-29,000713,6.040,956,577424
2026-09-29,000715,5.290,213,112677
2026-09-29,000716,4.910,184,90344
2026-09-29,000717,2.130,120,25560
2026-09-29,000718,2.050,3400,697000
2026-09-29,000719,11.850,128,151680
2026-09-29,000720,3.520,660,232320
2026-09-29,000721,6.060,458,277548
2026-09-29,000722,12.890,324,417636
2026-09-29,000723,3.450,2446,843870
2026-09-29,000725,5.720,134188,76755536
2026-09-29,000726,5.950,529,314755
2026-09-29,000727,2.140,613,131182
2026-09-29,000728,7.170,327,234459
2026-09-29,000729,10.780,210,226380
2026-09-29,000731,8.080,566,457328
2026-09-29,000733,38.920,248,965216
2026-09-29,000735,5.630,4180,2353340
2026-09-29,000736,4.630,1154,534302
2026-09-29,000737,13.080,3950,5166600
2026-09-29,000738,18.750,346,648750
2026-09-29,000739,26.510,1143,3030093
2026-09-29,000750,3.550,481,170755
2026-09-29,000751,4.320,771,333072
2026-09-29,000753,5.470,26831,14676557
2026-09-29,000755,4.650,58,26970
2026-09-29,000756,13.870,6893,9560591
2026-09-29,000757,4.270,70,29890
2026-09-29,000758,5.620,836,469832
2026-09-29,000759,6.180,2102,1299036
2026-09-29,000761,2.210,532,117572
2026-09-29,000762,20.360,346,704456
2026-09-29,000766,15.080,123,185484
2026-09-29,000767,3.240,1289,417636
2026-09-29,000768,22.930,978,2242554
2026-09-29,000776,19.710,2229,4393359
2026-09-29,000777,16.040,83,133132
2026-09-29,000778,3.490,1222,426478
2026-09-29,000779,8.340,477,397818
2026-09-29,000782,8.060,68,54808
2026-09-29,000783,7.900,3296,2603840
2026-09-29,000785,2.210,364,80444
2026-09-29,000786,15.910,395,628445
2026-09-29,000788,5.390,74,39886
2026-09-29,000789,4.090,379,155011
2026-09-29,000790,4.340,79962,34703508
2026-09-29,000791,7.040,392,275968
2026-09-29,000792,23.140,2013,4658082
2026-09-29,000795,8.150,1107,902205
2026-09-29,000796,3.500,710,248500
2026-09-29,000797,2.600,3918,1018680
2026-09-29,000798,9.720,261,253692
2026-09-29,000799,36.070,65,234455
2026-09-29,000800,5.850,481,281385
2026-09-29,000801,11.580,229,265182
2026-09-29,000802,3.780,1939,732942
2026-09-29,000803,6.880,165,113520
2026-09-29,000807,25.350,2356,5971497
2026-09-29,000809,3.400,2820,958800
2026-09-29,000810,9.000,1352,1216800
2026-09-29,000811,37.400,685,2561900
2026-09-29,000812,3.660,1089,398574
2026-09-29,000813,3.220,1520,489440
2026-09-29,000815,14.580,471,686718
2026-09-29,000816,2.770,442,122434
2026-09-29,000818,11.300,338,381940
2026-09-29,000819,11.840,108,127872
2026-09-29,000820,3.510,113,39663
2026-09-29,000822,4.200,91,38220
2026-09-29,000823,22.320,19200,42854400
2026-09-29,000825,3.310,969,320739
2026-09-29,000828,9.840,499,491016
2026-09-29,000829,8.630,912,787056
2026-09-29,000830,11.340,386,437724
2026-09-29,000831,52.880,699,3696312
2026-09-29,000833,18.390,387,711693
2026-09-29,000837,9.520,618,588336
2026-09-29,000839,2.800,5747,1609160
2026-09-29,000848,8.000,178,142400
2026-09-29,000850,4.630,36084,16706892
2026-09-29,000852,5.200,115,59800
2026-09-29,000856,8.820,365,321930
2026-09-29,000858,68.870,611,4207957
2026-09-29,000859,8.660,925,801050
2026-09-29,000860,10.090,317,319853
2026-09-29,000862,5.230,129,67467
2026-09-29,000863,4.290,122,52338
2026-09-29,000868,4.110,25726,10573493
2026-09-29,000869,17.140,417,714738
2026-09-29,000875,4.560,663,302328
2026-09-29,000876,6.820,2387,1627934
2026-09-29,000877,3.580,1854,663732
2026-09-29,000878,15.570,1053,1639521
2026-09-29,000880,23.730,635,1506855
2026-09-29,000881,6.310,122,76982
2026-09-29,000882,1.490,2306,343594
2026-09-29,000883,4.320,123,53136
2026-09-29,000885,11.530,17,19601
2026-09-29,000886,4.550,101,45955
2026-09-29,000887,18.550,371,688038
2026-09-29,000888,9.130,68,62084
2026-09-29,000889,3.630,769,279147
2026-09-29,000890,7.030,903,634809
2026-09-29,000892,4.300,21494,9242420
2026-09-29,000893,36.490,135,492615
2026-09-29,000895,23.540,383,901582
2026-09-29,000897,1.890,953,180117
2026-09-29,000898,1.970,1086,213942
2026-09-29,000899,8.950,217,194215
2026-09-29,000900,3.520,158,55616
2026-09-29,000901,13.860,272,376992
2026-09-29,000902,13.500,71,95850
2026-09-29,000905,9.240,5837,5393388
2026-09-29,000906,6.190,289,178891
2026-09-29,000908,5.970,175,104475
2026-09-29,000929,9.200,263,241960
2026-09-29,000930,5.030,1033,519599
2026-09-29,000931,4.510,317,142967
2026-09-29,000932,3.410,1365,465465
2026-09-29,000933,25.240,715,1804660
2026-09-29,000955,3.990,166,66234
2026-09-29,000957,9.690,147,142443
2026-09-29,000958,4.970,296,147112
2026-09-29,000959,3.350,154,51590
2026-09-29,001202,14.880,61,90768
2026-09-29,001203,21.590,1360,2936240
2026-09-29,001205,14.370,21,30177
2026-09-29,001206,17.060,31,52886
2026-09-29,001207,18.450,170,313650
2026-09-29,001208,13.160,125,164500
2026-09-29,001209,18.680,52,97136
2026-09-29,001210,26.780,72,192816
2026-09-29,001211,27.010,1051,2838751
2026-09-29,001212,36.920,360,1329120
2026-09-29,001258,10.190,630,641970
2026-09-29,001259,43.830,10,43830
2026-09-29,001260,19.260,680,1309680
2026-09-29,001266,35.810,527,1887187
2026-09-29,001267,33.760,3005,10144880
2026-09-29,001356,9.420,183,172386
2026-09-29,001358,24.590,57,140163
2026-09-29,001359,82.310,123,1012413
2026-09-29,001360,19.370,87,168519
2026-09-29,001365,36.410,532,1937012
2026-09-29,001366,13.000,28,36400
2026-09-29,001367,21.690,19,41211
2026-09-29,001368,39.720,1809,7185348
2026-09-29,001369,11.960,30,35880
2026-09-29,001373,31.460,59,185614
2026-09-29,001386,15.710,54,84834
2026-09-29,001387,12.300,417,512910
2026-09-29,001388,19.720,139,274108
2026-09-29,001389,178.000,257,4574600
2026-09-29,001390,17.420,29,50518
2026-09-29,001391,3.800,723,274740
2026-09-29,001393,40.100,40,160400
2026-09-29,001395,29.970,25,74925
2026-09-29,001396,31.350,2,6270
2026-09-29,001399,22.570,978,2207346
2026-09-29,001965,9.820,259,254338
2026-09-29,001979,7.320,8531,6244611
2026-09-29,002001,25.550,236,602980
2026-09-29,002003,11.320,30,33960
2026-09-29,002004,4.280,131,56068
2026-09-29,002005,2.770,802,222154
2026-09-29,002006,13.090,39,51051
2026-09-29,002007,13.110,217,284487
2026-09-29,002008,81.000,1457,11801700
2026-09-29,002009,15.530,280,434840
2026-09-29,002032,39.410,54,212814
2026-09-29,002033,8.190,424,347256
2026-09-29,002034,13.840,34,47056
2026-09-29,002035,4.790,2614,1252106
2026-09-29,002036,5.950,810,481950
2026-09-29,002037,6.710,44,29524
2026-09-29,002038,5.580,138,77004
2026-09-29,002039,19.410,294,570654
2026-09-29,002040,8.890,1577,1401953
2026-09-29,002041,9.350,490,458150
2026-09-29,002042,3.620,5413,1959434
2026-09-29,002043,11.330,58,65714
2026-09-29,002044,4.390,932,409148
2026-09-29,002045,8.650,340,294100
2026-09-29,002046,60.950,244,1487180
2026-09-29,002047,3.090,545,168405
2026-09-29,002048,17.710,177,313467
2026-09-29,002049,58.360,222,1295592
2026-09-29,002050,35.190,2144,7544736
2026-09-29,002051,8.460,904,764784
2026-09-29,002052,8.080,343,277144
2026-09-29,002053,9.380,55,51590
2026-09-29,002054,6.950,296,205720
2026-09-29,002056,19.370,349,676013
2026-09-29,002057,8.680,479,415772
2026-09-29,002058,17.080,41,70028
2026-09-29,002059,4.230,3262,1379826
2026-09-29,002060,2.990,241,72059
2026-09-29,002061,3.260,714,232764
2026-09-29,002062,8.800,802,705760
2026-09-29,002063,5.200,203,105560
2026-09-29,002064,9.500,463,439850
2026-09-29,002065,6.450,202,130290
2026-09-29,002066,19.650,27,53055
2026-09-29,002067,3.940,530,208820
2026-09-29,002068,9.040,1843,1666072
2026-09-29,002069,3.690,300,110700
2026-09-29,002072,7.110,348,247428
2026-09-29,002073,5.580,203,113274
2026-09-29,002074,27.500,11787,32414250
2026-09-29,002075,3.460,1990,688540
2026-09-29,002076,2.090,276,57684
2026-09-29,002077,14.500,3235,4690750
2026-09-29,002078,13.600,336,456960
2026-09-29,002079,8.540,884,754936
2026-09-29,002080,52.880,3442,18201296
2026-09-29,002081,4.730,4887,2311551
2026-09-29,002083,9.380,826,774788
2026-09-29,002084,5.800,20044,11625520
2026-09-29,002085,9.260,143,132418
2026-09-29,002086,2.010,2530,508530
2026-09-29,002088,7.960,3,2388
2026-09-29,002090,8.900,64,56960
2026-09-29,002091,7.450,62,46190
2026-09-29,002092,4.300,847,364210
2026-09-29,002093,8.000,7355,5884000
2026-09-29,002094,5.000,2863,1431500
2026-09-29,002095,15.800,949,1499420
2026-09-29,002096,8.910,140,124740
2026-09-29,002097,6.730,192,129216
2026-09-29,002098,8.210,715,587015
2026-09-29,002099,6.030,2236,1348308
2026-09-29,002100,7.810,698,545138
2026-09-29,002101,8.380,16,13408
2026-09-29,002103,6.650,309,205485
2026-09-29,002104,10.150,1292,1311380
2026-09-29,002105,5.950,59,35105
2026-09-29,002106,11.780,9994,11772932
2026-09-29,002107,7.090,433,306997
2026-09-29,002108,4.250,467,198475
2026-09-29,002110,2.830,271,76693
2026-09-29,002111,9.220,370,341140
2026-09-29,002112,13.920,74,103008
2026-09-29,002114,7.130,369,263097
2026-09-29,002115,9.460,1307,1236422
2026-09-29,002116,7.060,165,116490
2026-09-29,002117,7.850,38,29830
2026-09-29,002119,29.070,9093,26433351
2026-09-29,002120,6.750,163,110025
2026-09-29,002121,4.090,1692,692028
2026-09-29,002123,7.500,636,477000
2026-09-29,002124,2.000,3778,755600
2026-09-29,002125,11.700,322,376740
2026-09-29,002126,34.400,506,1740640
2026-09-29,002127,2.900,9441,2737890
2026-09-29,002128,27.820,355,987610
2026-09-29,002129,9.250,9834,9096450
2026-09-29,002130,15.660,717,1122822
2026-09-29,002131,4.180,2841,1187538
2026-09-29,002132,3.980,566,225268
2026-09-29,002133,2.830,712,201496
2026-09-29,002134,24.060,892,2146152
2026-09-29,002135,5.870,194,113878
2026-09-29,002136,11.610,51,59211
2026-09-29,002137,7.710,1465,1129515
2026-09-29,002138,47.530,722,3431666
2026-09-29,002139,9.530,114,108642
2026-09-29,002140,9.000,179,161100
2026-09-29,002141,6.250,10233,6395625
2026-09-29,002142,34.480,1069,3685912
2026-09-29,002144,10.850,85,92225
2026-09-29,002145,4.600,3628,1668880
2026-09-29,002146,1.230,36692,4513116
2026-09-29,002148,6.120,206,126072
2026-09-29,002149,31.560,445,1404420
2026-09-29,002150,20.020,39,78078
2026-09-29,002151,28.390,514,1459246
2026-09-29,002152,8.880,853,757464
2026-09-29,002153,7.260,176,127776
2026-09-29,002154,3.800,156,59280
2026-09-29,002155,22.600,3777,8536020
2026-09-29,002156,58.910,3336,19652376
2026-09-29,002157,2.900,3226,935540
2026-09-29,002158,24.550,438,1075290
2026-09-29,002159,13.230,12,15876
2026-09-29,002160,3.810,47,17907
2026-09-29,002161,6.260,543,339918
2026-09-29,002162,4.120,401,165212
2026-09-29,002163,7.270,856,622312
2026-09-29,002164,12.200,3827,4668940
2026-09-29,002165,6.770,1588,1075076
2026-09-29,002166,6.680,190,126920
2026-09-29,002167,15.210,1268,1928628
2026-09-29,002169,12.160,808,982528
2026-09-29,002170,10.450,220,229900
2026-09-29,002171,9.650,2264,2184760
2026-09-29,002172,5.010,10961,5491461
2026-09-29,002173,17.170,305,523685
2026-09-29,002174,13.090,1388,1816892
2026-09-29,002176,8.020,609,488418
2026-09-29,002177,5.380,59,31742
2026-09-29,002178,4.840,2273,1100132
2026-09-29,002179,33.270,273,908271
2026-09-29,002180,16.110,197,317367
2026-09-29,002181,8.350,7422,6197370
2026-09-29,002182,10.960,149,163304
2026-09-29,002183,4.060,402,163212
2026-09-29,002185,16.920,7386,12497112
2026-09-29,002186,9.390,249,233811
2026-09-29,002187,5.410,69,37329
2026-09-29,002188,5.580,432,241056
2026-09-29,002189,18.920,14,26488
2026-09-29,002190,23.070,10,23070
2026-09-29,002191,3.470,171,59337
2026-09-29,002192,56.560,561,3173016
2026-09-29,002194,10.010,1239,1240239
2026-09-29,002195,5.860,1161,680346
2026-09-29,002196,10.150,1408,1429120
2026-09-29,002197,6.380,206,131428
2026-09-29,002199,11.460,76,87096
2026-09-29,002200,6.660,236,157176
2026-09-29,002201,9.280,903,837984
2026-09-29,002202,17.070,2077,3545439
2026-09-29,002203,17.070,267,455769
2026-09-29,002204,5.220,1052,549144
2026-09-29,002205,10.860,4956,5382216
2026-09-29,002206,4.870,407,198209
2026-09-29,002208,9.760,799,779824
2026-09-29,002209,13.230,197,260631
2026-09-29,002210,2.070,1236,255852
2026-09-29,002212,7.210,31671,22834791
2026-09-29,002213,27.750,310,860250
2026-09-29,002214,17.720,140,248080
2026-09-29,002215,9.390,368,345552
2026-09-29,002216,11.470,120,137640
2026-09-29,002218,3.670,879,322593
2026-09-29,002219,2.060,918,189108
2026-09-29,002221,5.590,42,23478
2026-09-29,002222,62.340,1170,7291598
2026-09-29,002223,26.220,119,312018
2026-09-29,002224,3.670,126,46242
2026-09-29,002225,3.390,329,111531
2026-09-29,002226,4.830,242,116886
2026-09-29,002228,3.200,405,129600
2026-09-29,002229,10.160,382,388112
2026-09-29,002230,37.100,993,3684030
2026-09-29,002232,16.350,9414,15391890
2026-09-29,002233,6.670,382,254594
2026-09-29,002234,7.950,235,186825
2026-09-29,002235,7.670,159,121953
2026-09-29,002236,15.200,358,544160
2026-09-29,002237,12.240,1476,1806624
2026-09-29,002238,6.830,23419,15995177
2026-09-29,002239,2.420,870,210540
2026-09-29,002240,24.570,872,2142504
2026-09-29,002241,23.000,1766,4061800
2026-09-29,002242,11.050,30485,33685737
2026-09-29,002243,6.810,220,149820
2026-09-29,002244,8.730,3938,3437874
2026-09-29,002245,16.240,1971,3200904
2026-09-29,002246,24.700,275,679250
2026-09-29,002247,2.460,413,101598
2026-09-29,002248,9.210,27,24867
2026-09-29,002249,6.420,810,520020
2026-09-29,002250,14.230,835,1188205
2026-09-29,002251,3.350,2416,809360
2026-09-29,002252,5.060,1277,646162
2026-09-29,002253,8.550,742,634410
2026-09-29,002254,11.540,133,153482
2026-09-29,002255,7.290,91,66339
2026-09-29,002256,3.110,1675,520925
2026-09-29,002258,13.900,244,339160
2026-09-29,002259,4.750,2401,1140475
2026-09-29,002261,24.110,501,1207911
2026-09-29,002262,21.550,94,202570
2026-09-29,002263,3.090,543,167787
2026-09-29,002264,7.400,10406,7700440
2026-09-29,002265,18.940,228,431832
2026-09-29,002266,4.530,715,323895
2026-09-29,002267,7.140,486,347004
2026-09-29,002268,14.780,559,826202
2026-09-29,002269,1.360,3374,458864
2026-09-29,002270,16.990,187,317713
2026-09-29,002271,10.130,334,338342
2026-09-29,002272,14.280,929,1326612
2026-09-29,002273,23.850,1715,4090275
2026-09-29,002274,5.760,203,116928
2026-09-29,002275,12.130,42,50946
2026-09-29,002333,5.510,2590,1427090
2026-09-29,002334,6.330,28,17724
2026-09-29,002335,30.400,1856,5642240
2026-09-29,002337,4.700,26,12220
2026-09-29,002338,43.720,194,848168
2026-09-29,002339,6.990,1509,1054791
2026-09-29,002340,5.990,1686,1009914
2026-09-29,002342,8.830,48090,42463470
2026-09-29,002343,5.630,324,182412
2026-09-29,002344,3.950,206,81370
2026-09-29,002367,5.810,1992,1157352
2026-09-29,002368,12.510,134,167634
2026-09-29,002369,5.510,206,113506
2026-09-29,002370,5.090,139,70751
2026-09-29,002371,633.940,247,15658318
2026-09-29,002372,8.090,72,58248
2026-09-29,002373,7.260,106,76956
2026-09-29,002374,3.260,287,93562
2026-09-29,002375,3.790,446,169034
2026-09-29,002376,6.650,213,141645
2026-09-29,002449,6.440,132,85008
2026-09-29,002451,7.450,107,79715
2026-09-29,002452,11.130,929,1033977
2026-09-29,002453,4.640,8017,3719888
2026-09-29,002454,5.110,327,167097
2026-09-29,002455,6.750,845,570375
2026-09-29,002456,6.500,1105,718250
2026-09-29,002457,10.840,529,573436
2026-09-29,002458,8.090,820,663380
2026-09-29,002459,6.560,583,382448
2026-09-29,002494,4.810,513,246753
2026-09-29,002495,2.420,498,120516
2026-09-29,002496,2.090,164,34276
2026-09-29,002497,15.460,749,1157954
2026-09-29,002498,6.050,509,307945
2026-09-29,002500,5.070,198,100386
2026-09-29,002506,2.300,2270,522100
2026-09-29,002507,11.070,29,32103
2026-09-29,002508,16.400,85,139400
2026-09-29,002510,5.570,312,173784
2026-09-29,002511,6.840,109,74556
2026-09-29,002513,5.240,730,382520
2026-09-29,002515,7.070,1262,892234
2026-09-29,002516,5.570,129,71853
2026-09-29,002517,15.660,253,396198
2026-09-29,002518,33.840,533,1803672
2026-09-29,002519,5.640,2172,1225008
2026-09-29,002520,6.360,1486,945096
2026-09-29,002521,6.090,269,163821
2026-09-29,002522,5.210,2940,1531740
2026-09-29,002523,3.400,654,222360
2026-09-29,002524,4.140,5549,2297286
2026-09-29,002526,2.560,205,52480
2026-09-29,002527,10.570,117,123669
2026-09-29,002529,6.620,151,99962
2026-09-29,002530,6.960,143,99528
2026-09-29,002531,7.590,8565,6500835
2026-09-29,002532,11.690,1308,1529052
2026-09-29,002533,10.740,149,160026
2026-09-29,002534,16.980,503,854094
2026-09-29,002535,2.420,244,59048
2026-09-29,002536,46.060,942,4338852
2026-09-29,002537,5.550,277,153735
2026-09-29,002539,11.750,134,157450
2026-09-29,002540,4.890,33,16137
2026-09-29,002541,18.120,389,704868
2026-09-29,002543,7.310,1187,867697
2026-09-29,002544,15.480,519,803412
2026-09-29,002545,13.710,1135,1556085
2026-09-29,002546,7.250,436,316100
2026-09-29,002548,3.920,3087,1210104
2026-09-29,002549,12.490,135,168615
2026-09-29,002550,6.310,38,23978
2026-09-29,002551,3.360,292,98112
2026-09-29,002552,45.900,428,1964520
2026-09-29,002553,16.830,2352,3958416
2026-09-29,002554,2.710,123,33333
2026-09-29,002555,17.000,813,1382100
2026-09-29,002556,5.030,408,205224
2026-09-29,002557,18.440,109,200996
2026-09-29,002558,22.060,2305,5084830
2026-09-29,002559,8.700,865,752550
2026-09-29,002560,6.450,1581,1019745
2026-09-29,002561,7.260,38,27588
2026-09-29,002562,4.780,742,354676
2026-09-29,002563,5.380,577,310426
2026-09-29,002564,5.090,4180,2127620
2026-09-29,002565,8.400,5073,4261320
2026-09-29,002566,7.010,244,171044
2026-09-29,002567,3.610,527,190247
2026-09-29,002568,19.210,513,985473
2026-09-29,002570,4.440,7124,3163056
2026-09-29,002571,10.600,89,94340
2026-09-29,002572,7.380,46,33948
2026-09-29,002573,3.090,91,28119
2026-09-29,002574,4.940,170,83980
2026-09-29,002575,5.050,384,193920
2026-09-29,002576,14.450,24,34680
2026-09-29,002577,21.390,108,231012
2026-09-29,002578,4.180,881,368258
2026-09-29,002579,16.690,4170,6959730
2026-09-29,002580,18.480,1858,3433584
2026-09-29,002582,9.300,211,196230
2026-09-29,002583,8.050,16498,13280890
2026-09-29,002584,8.510,8675,7382425
2026-09-29,002585,10.370,5207,5399659
2026-09-29,002586,3.640,83,30212
2026-09-29,002587,5.160,234,120744
2026-09-29,002588,7.320,355,259860
2026-09-29,002589,3.210,5040,1617840
2026-09-29,002590,9.510,34,32334
2026-09-29,002591,6.320,333,210456
2026-09-29,002593,4.570,265,121105
2026-09-29,002594,83.200,810,6739200
2026-09-29,002595,38.240,150,573600
2026-09-29,002596,3.220,342,110124
2026-09-29,002597,20.870,151,315137
2026-09-29,002599,5.460,63,34398
2026-09-29,002600,11.900,3167,3768730
2026-09-29,002601,14.740,78,114972
2026-09-29,002602,13.770,2232,3073464
2026-09-29,002603,15.140,103,155942
2026-09-29,002605,16.300,34,55420
2026-09-29,002606,11.840,260,307840
2026-09-29,002607,1.840,2904,534336
2026-09-29,002608,7.250,324,234900
2026-09-29,002609,7.860,213,167418
2026-09-29,002611,14.560,1391,2025296
2026-09-29,002612,16.680,1180,1968240
2026-09-29,002613,3.300,1542,508860
2026-09-29,002614,8.290,68015,56384435
2026-09-29,002615,6.330,884,559572
2026-09-29,002616,4.760,232,110432
2026-09-29,002617,6.650,4422,2940630
2026-09-29,002622,2.580,8419,2172102
2026-09-29,002623,18.560,1222,2268032
2026-09-29,002624,9.350,1297,1212695
2026-09-29,002625,22.090,18895,41738812
2026-09-29,002626,15.960,20,31920
2026-09-29,002627,6.480,123,79704
2026-09-29,002628,4.860,28,13608
2026-09-29,002629,4.310,414,178434
2026-09-29,002631,13.300,4705,6257650
2026-09-29,002632,9.100,598,544180
2026-09-29,002633,15.290,423,646767
2026-09-29,002635,14.690,3751,5510219
2026-09-29,002636,77.810,2227,17329843
2026-09-29,002637,10.150,284,288260
2026-09-29,002638,4.850,3028,1468580
2026-09-29,002639,13.980,12007,16785786
2026-09-29,002640,4.050,298916,121060980
2026-09-29,002641,3.780,343,129654
2026-09-29,002642,6.810,105,71505
2026-09-29,002643,12.470,311,387817
2026-09-29,002644,8.210,97,79637
2026-09-29,002645,17.090,680,1162120
2026-09-29,002646,7.080,981,694548
2026-09-29,002647,11.450,336,384720
2026-09-29,002648,26.750,522,1396350
2026-09-29,002649,9.080,91,82628
2026-09-29,002651,7.880,80,63040
2026-09-29,002652,4.460,297,132462
2026-09-29,002653,60.590,14,84826
2026-09-29,002654,12.500,1084,1355000
2026-09-29,002655,34.530,946,3266538
2026-09-29,002656,2.760,264,72864
2026-09-29,002657,14.400,61,87840
2026-09-29,002658,7.230,1313,949299
2026-09-29,002659,4.640,53,24592
2026-09-29,002660,7.840,5,3920
2026-09-29,002661,7.550,45,33975
2026-09-29,002662,3.100,95,29450
2026-09-29,002663,1.700,594,100980
2026-09-29,002664,14.530,162,235386
2026-09-29,002666,4.160,391,162656
2026-09-29,002668,8.720,305,265960
2026-09-29,002669,13.550,14676,19885980
2026-09-29,002670,10.970,444,487068
2026-09-29,002671,4.020,31,12462
2026-09-29,002672,3.660,5328,1950048
2026-09-29,002673,6.530,298,194594
2026-09-29,002674,19.310,168,324408
2026-09-29,002675,12.610,18,22698
2026-09-29,002676,5.220,500,261000
2026-09-29,002677,6.190,458,283502
2026-09-29,002678,4.350,548,238376
2026-09-29,002679,11.250,5257,5914125
2026-09-29,002681,4.400,368,161920
2026-09-29,002682,4.890,651,318339
2026-09-29,002683,27.600,244,673330
2026-09-29,002685,5.290,2071,1095559
2026-09-29,002686,6.180,331,204558
2026-09-29,002687,5.580,296,165162
2026-09-29,002688,5.150,197,101450
2026-09-29,002690,15.430,17,26231
2026-09-29,002692,4.240,47,19924
2026-09-29,002693,9.030,396,357579
2026-09-29,002695,10.600,2,2120
2026-09-29,002696,6.450,463,298629
2026-09-29,002697,4.600,99,45540
2026-09-29,002698,11.080,77,85316
2026-09-29,002700,6.310,110,69404
2026-09-29,002701,4.250,840,357000
2026-09-29,002702,5.370,2128,1142731
2026-09-29,002703,14.950,1934,2891330
2026-09-29,002705,11.930,2322,2770146
2026-09-29,002706,8.380,338,283236
2026-09-29,002707,5.030,644,323927
2026-09-29,002708,16.970,1195,2027915
2026-09-29,002709,30.780,1286,3958308
2026-09-29,002712,4.970,334,165993
2026-09-29,002713,10.040,225,225900
2026-09-29,002772,10.260,964,989341
2026-09-29,002773,21.400,10199,21825860
2026-09-29,002774,16.520,127,209804
2026-09-29,002775,3.300,441,145530
2026-09-29,002777,12.370,96,118752
2026-09-29,002778,15.710,77,120967
2026-09-29,002779,76.150,83,632045
2026-09-29,002780,14.920,650,969800
2026-09-29,002782,14.420,639,921438
2026-09-29,002783,7.990,39,31153
2026-09-29,002838,24.470,138,337686
2026-09-29,002839,4.210,1005,423105
2026-09-29,002840,7.920,777,615384
2026-09-29,002841,44.060,471,2075226
2026-09-29,002842,31.200,1429,4458480
2026-09-29,002878,12.380,25,30950
2026-09-29,002879,17.240,790,1361960
2026-09-29,002880,21.910,73,159943
2026-09-29,002881,42.450,769,3264405
2026-09-29,002882,22.550,5111,11525305
2026-09-29,002884,15.240,6,9144
2026-09-29,002885,26.090,339,884451
2026-09-29,002886,24.190,967,2339173
2026-09-29,002887,9.460,1979,1872134
2026-09-29,002888,18.440,27,49788
2026-09-29,002889,11.720,74,86728
2026-09-29,002890,15.280,1,1528
2026-09-29,002891,27.690,447,1237549
2026-09-29,002892,8.510,1,842
2026-09-29,002893,10.150,361,366415
2026-09-29,002923,10.630,171,181773
2026-09-29,002925,22.200,171,379620
2026-09-29,002926,8.050,263,211707
2026-09-29,002927,19.110,361,689871
2026-09-29,002928,6.070,4070,2470484
2026-09-29,002929,47.350,74,350390
2026-09-29,002930,9.090,139,126342
2026-09-29,002931,38.610,37,142857
2026-09-29,002933,27.340,159,434706
2026-09-29,002935,17.800,1517,2700260
2026-09-29,002936,1.700,1764,299880
2026-09-29,002937,27.090,570,1544130
2026-09-29,002938,79.900,438,3499620
2026-09-29,002939,7.680,403,309504
2026-09-29,002940,22.470,63,141561
2026-09-29,002941,10.300,27,27810
2026-09-29,002942,16.360,161,263396
2026-09-29,002943,28.800,79,227520
2026-09-29,002945,14.100,138,194580
2026-09-29,002946,14.500,104,150800
2026-09-29,002947,57.760,80,462080
2026-09-29,002948,6.030,3544,2137026
2026-09-29,002949,12.970,490,635530
2026-09-29,002950,8.520,16,13632
2026-09-29,002951,15.850,527,835295
2026-09-29,002952,18.990,82,155718
2026-09-29,002953,9.900,320,316800
2026-09-29,002955,36.010,30,108030
2026-09-29,002956,17.800,149,265220
2026-09-29,002957,36.870,898,3310926
2026-09-29,002958,2.870,803,230461
2026-09-29,002959,33.000,698,2303400
2026-09-29,002960,8.450,19,16047
2026-09-29,002961,13.080,417,545750
2026-09-29,002962,14.230,9329,13275167
2026-09-29,002963,22.060,571,1259626
2026-09-29,002965,30.210,214,646494
2026-09-29,002966,9.290,874,811946
2026-09-29,002967,17.920,254,455168
2026-09-29,002968,9.750,224,218390
2026-09-29,002969,10.690,1059,1132071
2026-09-29,002970,39.750,161,639975
2026-09-29,002971,38.900,1103,4290670
2026-09-29,002972,13.110,3,3933
2026-09-29,002973,12.200,89,108580
2026-09-29,002975,100.000,1031,10310000
2026-09-29,002976,22.500,410,922500
2026-09-29,002978,24.220,32,77504
2026-09-29,002979,51.810,358,1854798
2026-09-29,002980,101.500,486,4932900
2026-09-29,002981,23.210,30,69630
2026-09-29,002982,12.630,114,143982
2026-09-29,002983,21.610,53,114533
2026-09-29,002984,12.720,65,82680
2026-09-29,002986,12.790,38,48602
2026-09-29,002987,10.490,24,25176
2026-09-29,002988,31.260,82,256332
2026-09-29,002989,24.160,286,690976
2026-09-29,002990,51.160,1723,8814868
2026-09-29,002991,37.170,21,78057
2026-09-29,002992,32.430,66,214038
2026-09-29,002993,32.300,128,413440
2026-09-29,002995,16.220,74,120028
2026-09-29,002996,5.830,14,8162
2026-09-29,002997,25.360,62,157232
2026-09-29,002998,8.040,347,278988
2026-09-29,002999,6.250,1045,653125
2026-09-29,003000,9.530,33,31449
2026-09-29,003001,19.970,3217,6424349
2026-09-29,003002,15.480,169,261612
2026-09-29,003003,11.020,181,199462
2026-09-29,003004,57.000,35,199500
2026-09-29,003005,14.780,210,310380
2026-09-29,003006,22.280,2861,6374308
2026-09-29,003007,39.510,43,169893
2026-09-29,003008,19.600,87,170520
2026-09-29,003009,45.000,35,157500
2026-09-29,003010,27.710,119,329749
2026-09-29,003011,19.730,74,146002
2026-09-29,003012,4.550,416,189280
2026-09-29,003013,15.510,32,49632
2026-09-29,003015,12.040,116,139664
2026-09-29,003016,7.480,6,4481
2026-09-29,003017,22.620,104,235248
2026-09-29,003018,44.930,177,795261
2026-09-29,003019,26.140,9,23526
2026-09-29,003020,16.900,50,84500
2026-09-29,003021,68.200,97,661540
2026-09-29,003022,18.380,154,283052
2026-09-29,003023,26.300,58,152540
2026-09-29,003025,11.970,24,28728
2026-09-29,003026,33.790,852,2878908
2026-09-29,003027,16.360,30,49080
2026-09-29,003028,23.900,237,566430
2026-09-29,003029,17.710,286,506506
2026-09-29,003030,26.440,424,1121056
2026-09-29,003031,117.120,565,6617280
2026-09-29,003032,8.700,928,807360
2026-09-29,003033,86.590,314,2718926
2026-09-29,003035,5.220,652,340344
2026-09-29,003036,48.170,1129,5438393
2026-09-29,003037,5.760,14,8058
2026-09-29,003038,10.640,62,65968
2026-09-29,003039,12.420,570,707940
2026-09-29,003040,14.000,1658,2321200
2026-09-29,003041,38.520,104,400608
2026-09-29,003042,14.000,676,946400
2026-09-29,003043,59.990,54,323946
2026-09-29,003816,4.250,2895,1230375
2026-09-29,600000,9.150,2142,1959930
2026-09-29,600004,7.610,47,35767
2026-09-29,600006,5.700,7912,4509840
2026-09-29,600007,20.000,65,130000
2026-09-29,600008,2.670,2327,621309
2026-09-29,600009,22.350,126,281610
2026-09-29,600010,2.060,4744,977264
2026-09-29,600011,6.910,5486,3790826
2026-09-29,600012,15.460,167,258182
2026-09-29,600015,6.190,3491,2160929
2026-09-29,600016,3.440,12757,4388408
2026-09-29,600017,2.790,358,99882
2026-09-29,600018,5.390,725,390775
2026-09-29,600019,5.800,1228,712240
2026-09-29,600020,3.800,21,7980
2026-09-29,600021,12.770,216,275832
2026-09-29,600022,1.270,6689,849503
2026-09-29,600023,5.180,1168,605024
2026-09-29,600025,9.870,511,504357
2026-09-29,600026,21.020,2560,5381120
2026-09-29,600027,4.850,4108,1992380
2026-09-29,600028,5.370,7993,4292241
2026-09-29,600029,4.810,1342,645502
2026-09-29,600030,25.810,4941,12752721
2026-09-29,600031,17.170,2139,3672663
2026-09-29,600032,7.680,39090,30021120
2026-09-29,600033,3.570,2593,925701
2026-09-29,600035,3.630,338,122694
2026-09-29,600036,40.490,2657,10758193
2026-09-29,600037,6.920,203,140476
2026-09-29,600038,26.700,58,154860
2026-09-29,600039,8.650,414,358110
2026-09-29,600048,5.630,8607,4845741
2026-09-29,600050,4.120,5134,2115208
2026-09-29,600051,6.260,537,336162
2026-09-29,600052,3.740,373,139502
2026-09-29,600054,10.510,231,242781
2026-09-29,600055,10.480,145,151960
2026-09-29,600056,8.810,137,120697
2026-09-29,600057,6.030,468,282204
2026-09-29,600058,8.600,361,310460
2026-09-29,600059,12.000,28371,34045200
2026-09-29,600060,27.140,157,426098
2026-09-29,600061,6.090,1546,941758
2026-09-29,600062,15.900,398,632820
2026-09-29,600063,5.310,1027,545337
2026-09-29,600064,7.650,785,600525
2026-09-29,600066,26.180,633,1657194
2026-09-29,600067,2.580,887,228846
2026-09-29,600071,16.010,56,89656
2026-09-29,600072,8.740,269,235106
2026-09-29,600073,5.450,437,238165
2026-09-29,600075,4.510,314,141614
2026-09-29,600076,2.100,942,197820
2026-09-29,600078,9.670,119,115073
2026-09-29,600081,10.620,262,278244
2026-09-29,600085,23.280,123,286344
2026-09-29,600088,12.500,539,673750
2026-09-29,600089,17.180,2018,3466924
2026-09-29,600094,3.980,529,210542
2026-09-29,600095,8.590,1304,1120136
2026-09-29,600096,27.100,716,1940360
2026-09-29,600097,9.190,55,50545
2026-09-29,600098,6.240,189,117936
2026-09-29,600099,9.400,152,142880
2026-09-29,600100,6.480,443,287064
2026-09-29,600101,7.750,201,155775
2026-09-29,600103,3.460,23383,8090518
2026-09-29,600104,10.760,1245,1339620
2026-09-29,600105,37.210,6969,25931649
2026-09-29,600106,4.310,320,137920
2026-09-29,600108,3.880,8892,3449902
2026-09-29,600109,7.990,389,310811
2026-09-29,600110,10.810,3743,4046183
2026-09-29,600111,35.270,2316,8168532
2026-09-29,600113,28.200,46,129720
2026-09-29,600114,25.000,278,695000
2026-09-29,600115,3.290,11364,3738756
2026-09-29,600116,6.090,518,315462
2026-09-29,600117,2.130,15,3195
2026-09-29,600118,55.880,357,1994916
2026-09-29,600120,4.580,288,131904
2026-09-29,600121,5.080,16955,8613140
2026-09-29,600123,6.950,202,140390
2026-09-29,600125,5.200,188,97760
2026-09-29,600126,5.900,526,310340
2026-09-29,600127,13.600,201709,274324430
2026-09-29,600128,8.550,132,112860
2026-09-29,600129,13.350,79,105465
2026-09-29,600130,4.490,289,129761
2026-09-29,600131,13.990,73,102127
2026-09-29,600132,37.600,38,142993
2026-09-29,600133,7.700,206,158620
2026-09-29,600135,7.390,11,8129
2026-09-29,600137,17.910,120,214920
2026-09-29,600138,6.900,218,150420
2026-09-29,600141,27.070,467,1264169
2026-09-29,600143,12.890,1559,2009551
2026-09-29,600148,15.740,68,107032
2026-09-29,600149,5.040,91,45864
2026-09-29,600229,5.720,244,139568
2026-09-29,600230,13.430,1290,1732470
2026-09-29,600231,1.630,5886,959418
2026-09-29,600232,6.870,867,595629
2026-09-29,600233,18.090,839,1517751
2026-09-29,600234,19.570,30,58710
2026-09-29,600235,5.900,182,107380
2026-09-29,600236,9.350,131,122485
2026-09-29,600237,8.710,1172,1020812
2026-09-29,600241,8.840,21789,19261476
2026-09-29,600266,4.320,5763,2489616
2026-09-29,600267,11.540,524,604696
2026-09-29,600268,9.900,71,70290
2026-09-29,600269,3.740,148,55352
2026-09-29,600295,12.790,120,153480
2026-09-29,600298,38.630,167,645121
2026-09-29,600299,8.060,867,698802
2026-09-29,600300,3.030,1437,435411
2026-09-29,600301,48.000,924,4435200
2026-09-29,600303,3.020,895,270290
2026-09-29,600305,6.660,283,188478
2026-09-29,600313,6.460,1051,678946
2026-09-29,600315,17.900,68,121720
2026-09-29,600316,32.800,210,688800
2026-09-29,600318,6.780,252,170856
2026-09-29,600319,6.220,133,82726
2026-09-29,600320,3.990,601,239799
2026-09-29,600322,2.650,113,29945
2026-09-29,600323,29.140,104,303056
2026-09-29,600346,16.500,930,1534500
2026-09-29,600348,8.900,1706,1518340
2026-09-29,600350,10.090,307,309763
2026-09-29,600351,6.730,1623,1092279
2026-09-29,600352,12.140,1287,1562418
2026-09-29,600353,29.000,2843,8244700
2026-09-29,600354,8.980,5120,4597589
2026-09-29,600356,10.950,5168,5658960
2026-09-29,600358,5.690,4387,2496203
2026-09-29,600359,7.220,8640,6238080
2026-09-29,600360,10.680,4272,4562496
2026-09-29,600361,3.410,915,312015
2026-09-29,600362,40.900,1027,4200430
2026-09-29,600391,41.290,508,2097532
2026-09-29,600392,20.200,1380,2787600
2026-09-29,600395,5.020,1042,523084
2026-09-29,600396,12.560,1648,2069888
2026-09-29,600397,15.900,4209,6692310
2026-09-29,600398,5.650,310,175150
2026-09-29,600399,4.210,197,82937
2026-09-29,600400,3.290,320,105280
2026-09-29,600403,7.150,6553,4685395
2026-09-29,600405,5.040,118,59472
2026-09-29,600416,8.110,233,188963
2026-09-29,600418,25.690,37887,97331703
2026-09-29,600419,8.790,194,170526
2026-09-29,600420,8.180,188,153784
2026-09-29,600422,8.020,57,45714
2026-09-29,600425,3.570,181,64617
2026-09-29,600426,19.500,243,473850
2026-09-29,600428,10.740,434,466116
2026-09-29,600429,4.670,1243,580481
2026-09-29,600433,3.190,333,106227
2026-09-29,600435,10.790,715,771485
2026-09-29,600436,116.300,45,523350
2026-09-29,600438,11.180,2466,2756988
2026-09-29,600444,14.510,112,162512
2026-09-29,600446,10.180,361,367498
2026-09-29,600448,3.030,9333,2827899
2026-09-29,600449,12.350,94,116090
2026-09-29,600452,8.660,356,308296
2026-09-29,600455,24.330,43,104619
2026-09-29,600456,24.390,60,146340
2026-09-29,600458,10.770,239,257565
2026-09-29,600459,18.120,1272,2304864
2026-09-29,600460,31.400,1829,5743060
2026-09-29,600461,8.700,118,102608
2026-09-29,600463,8.250,431,355575
2026-09-29,600467,2.400,1861,446640
2026-09-29,600468,5.830,436,254188
2026-09-29,600469,4.880,162,79056
2026-09-29,600470,5.430,262,142266
2026-09-29,600475,14.340,153,219402
2026-09-29,600477,2.370,351,83187
2026-09-29,600478,4.360,372,162192
2026-09-29,600479,12.080,2031,2453448
2026-09-29,600480,7.650,250,191250
2026-09-29,600481,3.900,1297,505830
2026-09-29,600482,33.700,519,1749030
2026-09-29,600483,10.940,454,496676
2026-09-29,600486,51.500,14,72100
2026-09-29,600487,55.790,51504,287338250
2026-09-29,600488,6.760,60966,41213016
2026-09-29,600489,20.950,10414,21817686
2026-09-29,600490,6.470,1175,760225
2026-09-29,600493,6.450,151,97395
2026-09-29,600495,4.030,242,97526
2026-09-29,600496,3.320,256,84992
2026-09-29,600497,8.810,2314,2038634
2026-09-29,600498,35.880,5624,20178912
2026-09-29,600499,11.020,2873,3166046
2026-09-29,600500,4.930,17300,8528900
2026-09-29,600501,14.380,455,654290
2026-09-29,600502,4.120,1327,546724
2026-09-29,600503,2.490,25162,6265338
2026-09-29,600505,10.300,356,366680
2026-09-29,600506,16.000,1866,2985600
2026-09-29,600507,3.950,198,78210
2026-09-29,600508,10.570,176,186032
2026-09-29,600509,7.020,328,230256
2026-09-29,600510,6.430,118,75874
2026-09-29,600511,25.850,43,111155
2026-09-29,600512,2.050,170,34850
2026-09-29,600513,14.910,147,219177
2026-09-29,600515,2.660,2190,582540
2026-09-29,600516,5.260,536,281936
2026-09-29,600517,4.770,131,62487
2026-09-29,600518,1.320,6507,858924
2026-09-29,600519,1244.600,311,38740664
2026-09-29,600520,25.190,591,1488729
2026-09-29,600521,15.910,229,364339
2026-09-29,600522,30.760,21767,66956522
2026-09-29,600523,11.720,146,171112
2026-09-29,600525,4.810,406,195286
2026-09-29,600526,4.510,1071,483021
2026-09-29,600527,2.150,256,55040
2026-09-29,600528,6.720,285,191520
2026-09-29,600529,18.190,106,192814
2026-09-29,600531,10.970,1845,2023965
2026-09-29,600533,2.220,169,37518
2026-09-29,600535,13.740,148,203352
2026-09-29,600536,30.710,288,884448
2026-09-29,600538,4.700,106,49820
2026-09-29,600539,14.160,237,335592
2026-09-29,600540,5.510,17975,9904225
2026-09-29,600545,3.950,3292,1300340
2026-09-29,600546,13.140,148,194472
2026-09-29,600547,25.360,22877,58015387
2026-09-29,600548,7.950,70,55650
2026-09-29,600549,43.200,1781,7693920
2026-09-29,600550,10.100,299,301990
2026-09-29,600551,7.580,1122,850476
2026-09-29,600552,17.560,11030,19368680
2026-09-29,600556,4.440,481,213564
2026-09-29,600557,12.120,88,106656
2026-09-29,600558,4.720,1049,495128
2026-09-29,600559,10.800,92,99360
2026-09-29,600560,11.480,179,205492
2026-09-29,600561,5.890,544,320416
2026-09-29,600562,26.700,76,202920
2026-09-29,600563,116.000,42,487200
2026-09-29,600566,24.670,79,194893
2026-09-29,600567,1.300,8195,1065350
2026-09-29,600569,1.740,119,20706
2026-09-29,600570,19.420,582,1130244
2026-09-29,600571,10.090,52,52468
2026-09-29,600572,4.240,634,268816
2026-09-29,600573,10.220,2760,2820720
2026-09-29,600575,3.120,805,251160
2026-09-29,600576,5.290,49,25921
2026-09-29,600577,8.260,768,634368
2026-09-29,600578,5.170,1981,1024177
2026-09-29,600579,6.880,297,204336
2026-09-29,600580,26.100,492,1284120
2026-09-29,600582,4.780,125,59750
2026-09-29,600583,6.470,1245,805515
2026-09-29,600584,65.380,2144,14017472
2026-09-29,600585,16.840,616,1037344
2026-09-29,600586,3.900,301,117390
2026-09-29,600587,12.770,390,498030
2026-09-29,600588,9.090,1196,1087164
2026-09-29,600589,7.360,1085,798560
2026-09-29,600590,8.100,66,53460
2026-09-29,600592,14.950,2426,3626870
2026-09-29,600593,50.110,716,3587876
2026-09-29,600594,3.590,188,67492
2026-09-29,600595,5.740,2610,1498140
2026-09-29,600596,10.420,2057,2143394
2026-09-29,600597,6.760,146,98696
2026-09-29,600598,12.290,1187,1458823
2026-09-29,600600,49.780,119,592382
2026-09-29,600601,12.750,6287,8015925
2026-09-29,600602,16.190,190,307610
2026-09-29,600603,4.660,151,70366
2026-09-29,600604,4.790,232,111128
2026-09-29,600605,29.620,668,1978616
2026-09-29,600606,1.420,36711,5212962
2026-09-29,600609,3.550,3184,1130320
2026-09-29,600610,7.300,145,105850
2026-09-29,600611,4.270,996,425292
2026-09-29,600612,31.010,28,86828
2026-09-29,600613,8.050,4556,3667580
2026-09-29,600615,9.480,93,88164
2026-09-29,600616,5.220,9433,4924026
2026-09-29,600617,3.230,52,16796
2026-09-29,600618,9.550,45,42975
2026-09-29,600619,13.060,654,854124
2026-09-29,600620,4.310,677,291787
2026-09-29,600621,13.450,971,1305995
2026-09-29,600622,2.430,957,232551
2026-09-29,600623,8.600,423,363780
2026-09-29,600626,3.760,142,53392
2026-09-29,600628,6.270,78,48906
2026-09-29,600629,16.020,473,757426
2026-09-29,600630,7.870,10346,8142302
2026-09-29,600633,9.950,275,273625
2026-09-29,600635,4.390,449,197111
2026-09-29,600637,8.630,1565,1350595
2026-09-29,600638,5.050,521,263105
2026-09-29,600639,9.590,293,280987
2026-09-29,600640,12.470,863,1076161
2026-09-29,600641,49.210,6434,31661714
2026-09-29,600642,8.810,453,399093
2026-09-29,600643,4.000,90,36000
2026-09-29,600644,8.830,457,403531
2026-09-29,600645,18.770,85,159545
2026-09-29,600648,9.320,11,10252
2026-09-29,600649,4.020,806,324012
2026-09-29,600650,10.210,168,171528
2026-09-29,600651,5.010,1419,710919
2026-09-29,600653,1.660,6012,997992
2026-09-29,600654,2.970,1666,494802
2026-09-29,600655,4.430,621,275103
2026-09-29,600657,3.180,12552,3991536
2026-09-29,600658,4.090,341,139469
2026-09-29,600660,53.140,273,1450722
2026-09-29,600661,9.150,171,156465
2026-09-29,600662,4.160,323,134368
2026-09-29,600663,8.800,510,448800
2026-09-29,600664,7.110,27374,19462914
2026-09-29,600665,3.390,220,74580
2026-09-29,600666,3.160,1181,373196
2026-09-29,600667,17.700,12270,21717900
2026-09-29,600668,7.300,118,85848
2026-09-29,600671,21.860,74,161764
2026-09-29,600673,30.310,137,415247
2026-09-29,600674,16.460,2306,3795676
2026-09-29,600675,2.400,17568,4216320
2026-09-29,600676,6.710,2304,1545984
2026-09-29,600679,10.540,150,158100
2026-09-29,600681,3.450,187,64515
2026-09-29,600713,4.920,187,92004
2026-09-29,600714,17.830,891,1588653
2026-09-29,600715,1.610,2390,384790
2026-09-29,600716,3.710,59,21889
2026-09-29,600717,4.200,246,103505
2026-09-29,600728,4.370,379,165623
2026-09-29,600729,18.270,62,113274
2026-09-29,600731,5.800,2,1160
2026-09-29,600732,11.050,302,333710
2026-09-29,600733,4.870,15609,7601583
2026-09-29,600775,9.280,2516,2334848
2026-09-29,600776,12.280,997,1224316
2026-09-29,600777,4.020,112,45024
2026-09-29,600778,5.700,212,120840
2026-09-29,600779,26.150,45,117675
2026-09-29,600780,6.070,348,211236
2026-09-29,600782,2.620,279,73098
2026-09-29,600783,14.690,204,299676
2026-09-29,600784,6.930,43,29799
2026-09-29,600785,10.480,343,359108
2026-09-29,600824,3.610,137,49457
2026-09-29,600825,9.410,45021,42364573
2026-09-29,600826,8.000,502,401600
2026-09-29,600827,7.650,395,302175
2026-09-29,600828,4.270,31,13237
2026-09-29,600858,4.850,516,250260
2026-09-29,600859,9.580,266,254828
2026-09-29,600860,7.400,97,71780
2026-09-29,600861,12.640,72,91008
2026-09-29,600862,17.600,166,292160
2026-09-29,600880,4.070,1270,516890
2026-09-29,600881,1.840,1995,367080
2026-09-29,600882,19.250,112,215600
2026-09-29,600883,8.070,96,77472
2026-09-29,600884,11.280,1620,1827360
2026-09-29,600885,33.260,495,1646370
2026-09-29,600886,15.300,1148,1756440
2026-09-29,600887,27.050,1890,5112450
2026-09-29,600888,9.300,13850,12880500
2026-09-29,600892,4.060,978,397068
2026-09-29,600930,3.810,3788,1443228
2026-09-29,600933,13.570,269,365033
2026-09-29,600935,2.290,423,96867
2026-09-29,600936,4.230,1432,605736
2026-09-29,600938,33.500,2813,9423550
2026-09-29,600939,2.580,175,45150
2026-09-29,600941,97.500,198,1930500
2026-09-29,600955,12.210,14,17094
2026-09-29,600956,7.070,39,27573
2026-09-29,600958,8.600,871,749060
2026-09-29,600959,3.020,451,136202
2026-09-29,600960,3.890,38,14782
2026-09-29,600961,22.070,2102,4639114
2026-09-29,600962,25.000,476,1190000
2026-09-29,600963,3.320,1019,338308
2026-09-29,600966,4.750,403,191425
2026-09-29,600967,12.690,1442,1829898
2026-09-29,600968,3.850,344,132440
2026-09-29,600969,9.530,79,75287
2026-09-29,600970,7.660,235,180010
2026-09-29,600971,8.290,242,200618
2026-09-29,600973,5.770,295,170215
2026-09-29,600975,5.080,219,111252
2026-09-29,600977,12.850,2154,2767890
2026-09-29,600979,3.840,211,81024
2026-09-29,600980,18.390,98,180259
2026-09-29,600981,2.360,294,69384
2026-09-29,600982,5.130,10503,5388039
2026-09-29,600983,7.420,67,49714
2026-09-29,600984,3.470,331,114857
2026-09-29,600985,16.240,145,235480
2026-09-29,600986,6.670,879,586293
2026-09-29,600987,6.220,246,153012
2026-09-29,600988,37.330,1263,4716347
2026-09-29,600989,22.260,1356,3018456
2026-09-29,600990,17.410,1,1741
2026-09-29,600992,10.220,352,359744
2026-09-29,600993,22.310,56,124936
2026-09-29,600995,11.660,78,90948
2026-09-29,600996,6.670,1124,749708
2026-09-29,600997,5.250,431,226275
2026-09-29,600998,4.890,837,409293
2026-09-29,600999,16.930,1624,2749432
2026-09-29,601000,4.510,530,239030
2026-09-29,601001,17.600,226,397760
2026-09-29,601002,5.160,439,226524
2026-09-29,601003,3.440,559,192296
2026-09-29,601005,1.180,3082,363676
2026-09-29,601006,4.650,3313,1540545
2026-09-29,601007,6.760,79,53404
2026-09-29,601008,4.400,20,8800
2026-09-29,601009,11.960,1429,1709084
2026-09-29,601011,2.850,1892,539220
2026-09-29,601012,10.810,2870,3101994
2026-09-29,601015,3.500,3075,1076250
2026-09-29,601016,3.250,2807,912275
2026-09-29,601018,3.420,461,157662
2026-09-29,601019,6.670,61,40687
2026-09-29,601020,19.280,2801,5400328
2026-09-29,601021,40.000,824,3296000
2026-09-29,601022,8.300,349,289670
2026-09-29,601026,14.610,221,322881
2026-09-29,601033,14.110,40,56440
2026-09-29,601038,13.580,1065,1446270
2026-09-29,601058,13.210,633,836193
2026-09-29,601061,10.490,241,252809
2026-09-29,601065,6.630,40,26520
2026-09-29,601066,23.290,262,610198
2026-09-29,601068,4.210,366,154086
2026-09-29,601069,23.660,1080,2555280
2026-09-29,601077,6.650,2219,1475635
2026-09-29,601083,12.740,191,243334
2026-09-29,601086,15.380,13316,20480008
2026-09-29,601088,48.300,804,3883320
2026-09-29,601089,16.050,79,126795
2026-09-29,601096,3.900,251,97890
2026-09-29,601098,9.940,146,145124
2026-09-29,601099,3.420,3048,1042416
2026-09-29,601100,89.100,165,1470150
2026-09-29,601101,12.800,446,570880
2026-09-29,601106,2.870,1180,338660
2026-09-29,601107,6.000,512,307200
2026-09-29,601108,8.120,775,629300
2026-09-29,601111,5.750,2193,1260975
2026-09-29,601112,16.200,338,547560
2026-09-29,601113,3.500,908,317800
2026-09-29,601116,9.840,415,408360
2026-09-29,601117,7.110,1132,804852
2026-09-29,601118,5.820,14710,8561220
2026-09-29,601121,6.840,221,151164
2026-09-29,601126,35.820,484,1733688
2026-09-29,601127,45.090,926,4175334
2026-09-29,601128,6.130,607,372091
2026-09-29,601133,23.410,301,704641
2026-09-29,601136,13.880,425,589900
2026-09-29,601137,19.000,285,541500
2026-09-29,601138,58.420,2936,17152229
2026-09-29,601139,6.250,368,230000
2026-09-29,601155,12.790,769,983551
2026-09-29,601156,18.580,307,570406
2026-09-29,601158,3.980,731,290938
2026-09-29,601162,3.480,2901,1009548
2026-09-29,601163,12.180,8,9744
2026-09-29,601166,17.830,3849,6862767
2026-09-29,601168,33.600,1340,4502400
2026-09-29,601169,5.460,4904,2677584
2026-09-29,601177,13.660,158,215828
2026-09-29,601179,11.400,1641,1870740
2026-09-29,601186,5.920,626,370592
2026-09-29,601187,6.800,536,364480
2026-09-29,601188,2.820,242,68244
2026-09-29,601199,6.630,501,332163
2026-09-29,601200,6.720,329,220819
2026-09-29,601208,48.990,3761,18426609
2026-09-29,601211,16.860,1464,2468304
2026-09-29,601212,5.360,13097,7019992
2026-09-29,601216,4.440,1198,531912
2026-09-29,601218,6.300,108834,68565420
2026-09-29,601222,5.820,774,450468
2026-09-29,601225,25.960,1317,3418932
2026-09-29,601226,6.420,457,293394
2026-09-29,601228,3.010,556,167356
2026-09-29,601229,9.550,1618,1545190
2026-09-29,601231,23.440,1119,2622936
2026-09-29,601233,23.280,452,1052256
2026-09-29,601236,6.850,336,230160
2026-09-29,601238,5.600,14472,8104320
2026-09-29,601279,3.550,758,269090
2026-09-29,601288,6.880,10400,7155200
2026-09-29,601298,9.800,1309,1282820
2026-09-29,601311,7.270,395,287165
2026-09-29,601318,52.470,3996,20967012
2026-09-29,601319,8.000,5583,4466648
2026-09-29,601326,3.480,277,96396
2026-09-29,601328,7.580,7430,5631940
2026-09-29,601330,8.180,959,784462
2026-09-29,601333,3.050,1438,438590
2026-09-29,601336,55.970,415,2322755
2026-09-29,601339,7.220,210,151620
2026-09-29,601360,8.880,6447,5724936
2026-09-29,601366,3.590,517,185603
2026-09-29,601368,4.560,20,9120
2026-09-29,601369,8.610,227,195447
2026-09-29,601375,3.890,902,350878
2026-09-29,601377,5.770,1783,1028791
2026-09-29,601388,3.130,792,247896
2026-09-29,601390,4.220,1617,682374
2026-09-29,601398,8.160,15547,12686352
2026-09-29,601399,3.060,1002,306612
2026-09-29,601456,8.520,652,555504
2026-09-29,601500,3.800,233,88540
2026-09-29,601512,8.350,30,25050
2026-09-29,601515,3.140,3605,1131970
2026-09-29,601518,2.740,122,33428
2026-09-29,601519,8.180,678,554604
2026-09-29,601528,4.990,463,231037
2026-09-29,601555,8.060,624,502944
2026-09-29,601566,9.020,1852,1670504
2026-09-29,601567,14.110,4974,7018314
2026-09-29,601568,3.530,217,76601
2026-09-29,601577,9.600,521,500160
2026-09-29,601579,41.430,7411,30703773
2026-09-29,601588,1.750,296,51800
2026-09-29,601595,22.570,292,659044
2026-09-29,601598,6.570,575,377775
2026-09-29,601599,3.200,112,35840
2026-09-29,601600,8.730,11245,9816885
2026-09-29,601601,30.660,756,2317896
2026-09-29,601606,30.970,436,1350292
2026-09-29,601607,15.880,631,1002028
2026-09-29,601608,4.570,740,338180
2026-09-29,601609,11.100,608,674880
2026-09-29,601611,10.030,419,420257
2026-09-29,601615,9.460,830,785180
2026-09-29,601616,3.730,143,53339
2026-09-29,601618,2.460,664,163344
2026-09-29,601619,3.800,2532,962160
2026-09-29,601628,36.620,1080,3954960
2026-09-29,601633,13.790,508,700532
2026-09-29,601636,5.290,2705,1430945
2026-09-29,601658,5.330,9035,4815655
2026-09-29,601665,6.940,486,337284
2026-09-29,601666,8.770,238,208726
2026-09-29,601668,4.220,8185,3454070
2026-09-29,601669,4.520,1942,877784
2026-09-29,601677,16.030,417,668451
2026-09-29,603013,13.890,66,91674
2026-09-29,603014,30.950,3,9285
2026-09-29,603015,10.300,175,180250
2026-09-29,603016,32.400,100,324000
2026-09-29,603017,9.820,107,105074
2026-09-29,603018,5.150,87,44805
2026-09-29,603019,80.020,579,4633158
2026-09-29,603020,12.240,216,264384
2026-09-29,603022,8.850,297,262845
2026-09-29,603023,3.990,131,52269
2026-09-29,603030,2.020,438,88476
2026-09-29,603031,36.770,141,518457
2026-09-29,603032,17.410,95,165395
2026-09-29,603033,7.590,367,278553
2026-09-29,603035,10.460,84,87864
2026-09-29,603036,13.490,3,4047
2026-09-29,603037,10.010,59,59059
2026-09-29,603038,15.530,32,49696
2026-09-29,603039,34.210,452,1546292
2026-09-29,603040,45.320,19,86108
2026-09-29,603066,9.180,156,143208
2026-09-29,603067,39.100,1107,4328370
2026-09-29,603068,46.070,1040,4791280
2026-09-29,603069,12.890,123,158547
2026-09-29,603070,11.130,271,301623
2026-09-29,603071,12.390,109,135051
2026-09-29,603072,29.680,28,83104
2026-09-29,603073,19.000,841,1597900
2026-09-29,603075,20.020,111,222222
2026-09-29,603076,20.160,60,120960
2026-09-29,603082,42.440,309,1311396
2026-09-29,603083,197.150,637,12558455
2026-09-29,603085,9.690,144,139536
2026-09-29,603086,5.800,172,99760
2026-09-29,603087,73.970,162,1198314
2026-09-29,603088,9.790,113,110627
2026-09-29,603090,36.150,41,148215
2026-09-29,603091,45.870,41,188067
2026-09-29,603092,47.450,331,1570595
2026-09-29,603110,23.730,209,495957
2026-09-29,603111,6.090,97,59073
2026-09-29,603112,16.500,34,56100
2026-09-29,603113,4.820,424,204368
2026-09-29,603115,70.440,475,3345900
2026-09-29,603178,16.020,2077,3327354
2026-09-29,603179,40.400,129,521160
2026-09-29,603180,15.640,7,10948
2026-09-29,603181,12.100,54,65340
2026-09-29,603182,13.460,81,109026
2026-09-29,603183,5.150,2738,1410070
2026-09-29,603185,13.800,235,324300
2026-09-29,603186,203.000,649,13174700
2026-09-29,603187,10.520,31,32612
2026-09-29,603188,4.480,119,53312
2026-09-29,603191,12.990,49,63651
2026-09-29,603192,20.200,71,143420
2026-09-29,603193,20.110,14,28154
2026-09-29,603194,33.070,77,254639
2026-09-29,603195,37.530,66,247698
2026-09-29,603196,18.040,39,70356
2026-09-29,603197,29.000,67,194300
2026-09-29,603198,36.940,20,73880
2026-09-29,603199,31.940,9,28746
2026-09-29,603200,39.140,1824,7139136
2026-09-29,603201,15.220,5,7610
2026-09-29,603202,50.600,6,30360
2026-09-29,603203,42.860,182,780052
2026-09-29,603206,13.380,73,97674
2026-09-29,603207,24.350,75,182625
2026-09-29,603208,11.290,66,74514
2026-09-29,603209,14.660,372,545352
2026-09-29,603210,13.380,1,1338
2026-09-29,603211,18.880,183,345504
2026-09-29,603212,11.660,341,397606
2026-09-29,603213,13.540,14,18956
2026-09-29,603214,13.620,134,182508
2026-09-29,603215,15.520,168,260736
2026-09-29,603216,21.810,849,1851669
2026-09-29,603217,26.820,73,195786
2026-09-29,603218,9.370,654,612798
2026-09-29,603219,12.840,139,178476
2026-09-29,603220,16.890,191,322599
2026-09-29,603221,26.660,6978,18603348
2026-09-29,603222,8.030,1086,872058
2026-09-29,603223,9.470,36,34092
2026-09-29,603225,17.190,420,721980
2026-09-29,603226,29.190,444,1296036
2026-09-29,603227,7.340,300,220200
2026-09-29,603228,92.790,1971,18289559
2026-09-29,603229,8.130,48,39024
2026-09-29,603230,14.960,6521,9755416
2026-09-29,603232,15.940,1205,1920770
2026-09-29,603233,17.800,251,446780
2026-09-29,603235,25.350,77,195195
2026-09-29,603236,70.110,290,2032910
2026-09-29,603237,15.290,34,51986
2026-09-29,603238,12.610,63,79443
2026-09-29,603239,13.710,25,34275
2026-09-29,603248,22.100,2870,6342700
2026-09-29,603255,31.860,63,200718
2026-09-29,603256,140.700,690,9708300
2026-09-29,603257,65.500,81,530550
2026-09-29,603258,13.680,24,32832
2026-09-29,603259,161.810,1554,25145274
2026-09-29,603260,30.650,567,1737855
2026-09-29,603261,49.020,39,191178
2026-09-29,603262,17.410,41,71381
2026-09-29,603266,18.360,394,723384
2026-09-29,603267,46.910,114,534774
2026-09-29,603268,212.000,234,4960800
2026-09-29,603269,24.010,546,1310946
2026-09-29,603270,32.320,153,494496
2026-09-29,603271,38.230,9,34407
2026-09-29,603273,14.610,87,127107
2026-09-29,603275,37.000,27,99900
2026-09-29,603276,17.500,97,169750
2026-09-29,603277,11.180,22,24596
2026-09-29,603278,10.720,33003,35379216
2026-09-29,603279,10.820,190,205580
2026-09-29,603280,27.430,40,109720
2026-09-29,603281,18.090,189,341539
2026-09-29,603282,17.290,150,259350
2026-09-29,603283,42.800,216,924480
2026-09-29,603284,40.600,6,24360
2026-09-29,603285,35.840,52,186368
2026-09-29,603286,43.280,272,1177216
2026-09-29,603288,32.920,564,1856688
2026-09-29,603289,11.360,1640,1863040
2026-09-29,603290,82.560,79,655526
2026-09-29,603291,8.690,275,238975
2026-09-29,603293,35.510,19,67469
2026-09-29,603296,74.900,543,4067070
2026-09-29,603297,107.190,9,96471
2026-09-29,603298,21.870,457,999459
2026-09-29,603299,8.600,154,132440
2026-09-29,603300,4.490,217,97433
2026-09-29,603301,74.070,247,1829529
2026-09-29,603303,27.630,58,160254
2026-09-29,603305,11.020,225,247950
2026-09-29,603306,73.480,216,1587168
2026-09-29,603307,26.010,23,59823
2026-09-29,603308,36.000,1724,6206400
2026-09-29,603309,11.090,2,2218
2026-09-29,603310,14.650,133,194845
2026-09-29,603311,25.410,12,30492
2026-09-29,603312,32.990,79,260621
2026-09-29,603313,6.240,98,61152
2026-09-29,603315,10.690,71,75899
2026-09-29,603316,15.770,1459,2300843
2026-09-29,603317,12.620,89,112318
2026-09-29,603318,8.600,1365,1173900
2026-09-29,603319,28.510,402,1146102
2026-09-29,603320,18.110,86,155746
2026-09-29,603321,7.210,153,110313
2026-09-29,603322,26.310,193,507783
2026-09-29,603323,4.430,321,142203
2026-09-29,603324,25.000,46,115000
2026-09-29,603325,52.150,15,78225
2026-09-29,603326,7.590,316,239844
2026-09-29,603327,8.020,147,117894
2026-09-29,603328,12.950,1732,2242940
2026-09-29,603329,10.250,186,190650
2026-09-29,603330,9.320,348,324336
2026-09-29,603331,12.420,69,85698
2026-09-29,603332,11.870,95,112765
2026-09-29,603333,8.950,490,438550
2026-09-29,603334,31.890,2,6378
2026-09-29,603335,5.950,48,28560
2026-09-29,603336,10.010,527,527527
2026-09-29,603337,35.550,52,184860
2026-09-29,603338,52.030,69,359007
2026-09-29,603339,12.100,58,70180
2026-09-29,603341,35.700,177,631890
2026-09-29,603345,77.850,170,1323450
2026-09-29,603348,14.460,153,221238
2026-09-29,603350,28.510,16,45616
2026-09-29,603351,26.880,41,110208
2026-09-29,603353,40.720,253,1030216
2026-09-29,603355,30.160,27,81432
2026-09-29,603356,16.630,40,66520
2026-09-29,603357,5.910,364,215124
2026-09-29,603358,42.740,220,940280
2026-09-29,603360,12.000,98,117600
2026-09-29,603363,2.770,245,67865
2026-09-29,603365,16.000,8,12800
2026-09-29,603366,7.260,636,461736
2026-09-29,603367,14.220,127,180594
2026-09-29,603368,15.150,17,25755
2026-09-29,603369,26.700,144,384480
2026-09-29,603370,27.350,7,19145
2026-09-29,603373,51.000,669,3411900
2026-09-29,603375,48.580,235,1141630
2026-09-29,603376,26.330,17,44761
2026-09-29,603379,50.000,265,1325000
2026-09-29,603380,32.050,63,201915
2026-09-29,603381,14.690,37,54353
2026-09-29,603382,18.720,161,301392
2026-09-29,603383,26.610,16,42576
2026-09-29,603385,5.590,214,119626
2026-09-29,603386,17.500,352,616000
2026-09-29,603387,9.910,405,400959
2026-09-29,603389,42.300,7,29610
2026-09-29,603390,10.750,790,849250
2026-09-29,603391,68.010,75,510075
2026-09-29,603392,26.440,302,798488
2026-09-29,603393,24.760,107,264932
2026-09-29,603395,25.000,484,1210000
2026-09-29,603396,38.510,10447,40231397
2026-09-29,603399,12.680,419,531292
2026-09-29,603402,59.500,89,529550
2026-09-29,603406,27.600,5,13800
2026-09-29,603407,60.180,44,264792
2026-09-29,603408,11.570,28,32396
2026-09-29,603409,17.570,29,50953
2026-09-29,603416,45.180,35,158130
2026-09-29,603418,47.890,1330,6369370
2026-09-29,603421,6.180,975,602550
2026-09-29,603435,44.690,46,205574
2026-09-29,603439,13.300,263,349790
2026-09-29,603444,335.500,29,972950
2026-09-29,603456,16.320,533,869856
2026-09-29,603458,10.410,336,349776
2026-09-29,603459,83.400,237,1976580
2026-09-29,603466,11.400,1309,1492260
2026-09-29,603468,22.150,56,124040
2026-09-29,603477,14.080,802,1129216
2026-09-29,603486,49.840,138,685300
2026-09-29,603488,7.650,16,12240
2026-09-29,603489,29.310,50,146550
2026-09-29,603496,21.900,141,308790
2026-09-29,603499,12.770,13,16601
2026-09-29,603500,10.000,4421,4421000
2026-09-29,603501,80.500,322,2592100
2026-09-29,603505,14.420,1469,2118298
2026-09-29,603506,12.230,134,163882
2026-09-29,603507,27.120,535,1450920
2026-09-29,603508,20.450,40,81800
2026-09-29,603511,12.570,286,359502
2026-09-29,603515,14.560,51,74256
2026-09-29,603516,78.600,117,919620
2026-09-29,603577,9.740,226,220124
2026-09-29,603578,13.740,200,274800
2026-09-29,603579,18.000,55,99000
2026-09-29,603580,76.530,903,6910659
2026-09-29,603583,27.930,27,75411
2026-09-29,603585,10.320,74,76368
2026-09-29,603586,13.890,237,329193
2026-09-29,603587,12.330,324,399492
2026-09-29,603588,16.530,1329,2196837
2026-09-29,603589,17.420,25,43550
2026-09-29,603648,9.560,79,75524
2026-09-29,603650,64.370,936,6025032
2026-09-29,603655,31.550,3,9465
2026-09-29,603656,17.420,22,38324
2026-09-29,603657,36.800,344,1265920
2026-09-29,603693,11.780,1338,1576164
2026-09-29,603696,13.230,330,436590
2026-09-29,603697,9.390,457,429123
2026-09-29,603698,20.280,65,131820
2026-09-29,603699,42.720,38,162336
2026-09-29,603918,10.250,68,69700
2026-09-29,603919,15.760,93,146568
2026-09-29,603920,43.050,707,3043635
2026-09-29,603926,17.010,54,91854
2026-09-29,603927,13.430,166,222938
2026-09-29,603928,11.980,169,202462
2026-09-29,603929,143.200,44,630080
2026-09-29,603931,33.960,120,407520
2026-09-29,603933,18.750,104,195000
2026-09-29,603936,19.290,1612,3109548
2026-09-29,603937,13.400,2889,3871260
2026-09-29,603938,44.070,717,3159819
2026-09-29,603939,22.460,63,141498
2026-09-29,603948,18.910,31,58621
2026-09-29,603949,20.450,14880,30429211
2026-09-29,603950,52.050,69,359145
2026-09-29,603955,24.440,147,359268
2026-09-29,603956,6.920,743,514156
2026-09-29,603958,18.000,529,952200
2026-09-29,603960,17.070,265,452355
2026-09-29,603966,7.300,8,5840
2026-09-29,603967,11.530,52,59956
2026-09-29,603968,11.630,8497,9882011
2026-09-29,603969,7.190,361,259559
2026-09-29,603970,11.310,18774,21233394
2026-09-29,603976,29.590,194,574046
2026-09-29,603977,10.750,110,118250
2026-09-29,603978,26.380,444,1171272
2026-09-29,603979,71.800,135,969300
2026-09-29,603980,7.960,2717,2162732
2026-09-29,603982,6.330,106,67098
2026-09-29,603983,30.050,44,132220
2026-09-29,603985,15.860,143,226798
2026-09-29,603986,358.560,1008,36142848
2026-09-29,603987,7.400,122,90280
2026-09-29,603988,16.990,105,178395
2026-09-29,603989,27.530,1988,5472936
2026-09-29,603990,18.910,102,192882
2026-09-29,603991,174.580,148,2583784
2026-09-29,603992,19.370,71,137527
2026-09-29,603993,16.710,2523,4215565
2026-09-29,603995,25.090,36,90324
2026-09-29,603997,13.530,455,615615
2026-09-29,603998,10.300,307,316210
2026-09-29,603999,6.310,698,440438
2026-09-29,605001,5.780,303,175134
2026-09-29,605003,24.280,65,157820
2026-09-29,605005,15.970,1,1597
2026-09-29,605006,14.180,1522,2158196
2026-09-29,605007,14.370,232,333384
2026-09-29,605008,13.790,55,75845
2026-09-29,605009,25.390,329,835331
2026-09-29,605011,17.210,291,500811
2026-09-29,605016,21.000,56,117600
2026-09-29,605018,11.970,2574,3081078
2026-09-29,605020,30.050,112,336560
2026-09-29,605028,23.320,248,578336
2026-09-29,605033,19.450,14,27230
2026-09-29,605050,9.950,13,12935
2026-09-29,605055,8.650,30,25950
2026-09-29,605056,13.300,183,243390
2026-09-29,605058,51.010,20626,105213226
2026-09-29,605060,38.600,124,478640
2026-09-29,605066,6.590,94,61946
2026-09-29,605068,20.250,81,164025
2026-09-29,605069,11.940,1199,1431606
2026-09-29,605077,11.360,272,308992
2026-09-29,605080,23.660,23,54418
2026-09-29,605086,22.950,10,22950
2026-09-29,605088,24.100,733,1766530
2026-09-29,605089,21.880,58,126904
2026-09-29,605090,30.690,237,727353
2026-09-29,605098,52.780,6,31668
2026-09-29,605099,27.710,24,66504
2026-09-29,605100,33.400,52,173012
2026-09-29,605108,12.140,125,151750
2026-09-29,605111,56.070,443,2483901
2026-09-29,605116,19.540,119,232526
2026-09-29,605117,77.840,704,5479936
2026-09-29,605118,31.760,59,187384
2026-09-29,605122,12.240,40,48960
2026-09-29,605123,78.510,38,298338
2026-09-29,605128,22.860,12,27432
2026-09-29,605133,24.100,52,125320
2026-09-29,605136,8.770,4784,4195568
2026-09-29,605138,6.170,240,148080
2026-09-29,605151,18.630,88,163944
2026-09-29,605155,14.500,44,63800
2026-09-29,605158,7.810,51,39831
2026-09-29,605162,11.680,2952,3447936
2026-09-29,605166,8.520,34,28968
2026-09-29,605167,15.700,9,14130
2026-09-29,605168,50.950,187,952765
2026-09-29,605169,13.100,117,153270
2026-09-29,605177,25.600,73,186880
2026-09-29,605178,64.500,140,903000
2026-09-29,605179,23.380,876,2048088
2026-09-29,605180,14.040,158,221832
2026-09-29,605183,16.490,26,42874
2026-09-29,605186,25.450,12,30540
2026-09-29,605188,12.550,192,240960
2026-09-29,605189,13.870,282,391134
2026-09-29,605196,34.160,180,614880
2026-09-29,605198,58.640,264,1548096
2026-09-29,605208,14.390,117,168363
2026-09-29,605218,13.890,132,183348
2026-09-29,605222,21.760,209,454784
2026-09-29,605228,11.040,206,227424
2026-09-29,605255,54.650,38,207670
2026-09-29,605258,38.850,811,3150735
2026-09-29,605259,17.250,12,20700
2026-09-29,605266,15.800,18,28440
2026-09-29,605268,10.190,460,468740
2026-09-29,605277,16.640,246,409344
2026-09-29,605286,24.030,3,7209
2026-09-29,605287,33.530,220,737660
2026-09-29,605288,67.790,143,969397
2026-09-29,605289,96.900,64,620160
2026-09-29,605296,30.810,168,517608
2026-09-29,605298,41.940,20,83880
2026-09-29,605299,12.250,233,285425
2026-09-29,605300,10.140,31,31434
2026-09-29,605303,26.050,303,789315
2026-09-29,605305,29.740,185,550190
2026-09-29,605318,71.620,16,114592
2026-09-29,605319,22.240,17,37808
2026-09-29,605333,16.400,22,36080
2026-09-29,605337,9.040,102,92208
2026-09-29,605338,17.650,29,51185
2026-09-29,605339,13.210,11,14531
2026-09-29,605358,45.430,2064,9376752
2026-09-29,605365,14.660,292,428072
2026-09-29,605366,9.560,18031,17237636
2026-09-29,605368,6.640,4,2656
2026-09-29,605369,18.090,19,34371
2026-09-29,605376,119.000,590,7021238
2026-09-29,605377,7.840,5,3920
2026-09-29,605378,15.500,1303,2019650
2026-09-29,605388,6.090,172,104748
2026-09-29,605389,61.080,5,30540
2026-09-29,605398,22.090,297,656073
2026-09-29,605399,11.700,323,377910
2026-09-29,605488,29.450,302,888801
2026-09-29,605499,110.600,56,619360
2026-09-29,605500,7.450,48,35760
2026-09-29,605507,18.250,157,286525
2026-09-29,605555,12.400,1131,1402440
2026-09-29,605566,32.330,205,662765
2026-09-29,605567,9.470,111,105117
2026-09-29,605577,13.910,13842,19254264
2026-09-29,605580,21.080,1537,3239996
2026-09-29,605588,44.760,16,71616
2026-09-29,605589,34.910,3617,12626947
2026-09-29,605598,23.360,27,63072
2026-09-29,605599,13.310,201,267531
2026-09-30,000001,11.360,2625,2982000
2026-09-30,000002,3.800,395886,150436680
2026-09-30,000006,6.920,17812,12326229
2026-09-30,000007,11.070,40,44280
2026-09-30,000008,2.390,77,18403
2026-09-30,000009,6.880,1508,1037504
2026-09-30,000011,10.100,74572,75317720
2026-09-30,000012,3.670,114,41838
2026-09-30,000014,11.020,4744,5227888
2026-09-30,000017,7.650,3462,2648430
2026-09-30,000019,6.770,288,194976
2026-09-30,000020,13.720,45636,62612825
2026-09-30,000021,34.010,1556,5291956
2026-09-30,000025,15.060,1568,2361408
2026-09-30,000026,18.840,205,386220
2026-09-30,000027,6.240,230,143520
2026-09-30,000028,19.400,28,54320
2026-09-30,000029,21.510,3172,6822972
2026-09-30,000030,3.890,87,33843
2026-09-30,000031,2.360,20661,4875996
2026-09-30,000032,13.530,572,773916
2026-09-30,000034,23.590,616,1453144
2026-09-30,000035,4.660,2918,1359788
2026-09-30,000036,4.130,25477,10522001
2026-09-30,000037,9.000,956,860400
2026-09-30,000039,8.560,34,28676
2026-09-30,000042,8.250,1619,1335675
2026-09-30,000045,11.250,474,533250
2026-09-30,000048,18.250,654,1193550
2026-09-30,000049,22.060,153,337518
2026-09-30,000050,6.310,345,217695
2026-09-30,000055,3.880,599,232412
2026-09-30,000058,7.260,2978,2162028
2026-09-30,000059,5.510,1906,1050206
2026-09-30,000060,5.840,1775,1036600
2026-09-30,000061,5.860,379,222094
2026-09-30,000062,21.810,402,876762
2026-09-30,000063,30.880,1799,5555312
2026-09-30,000065,9.670,2799,2706633
2026-09-30,000066,14.430,5508,7948044
2026-09-30,000068,3.470,21855,7583685
2026-09-30,000069,1.920,38733,7436736
2026-09-30,000070,16.450,2188,3599260
2026-09-30,000088,4.620,763,352506
2026-09-30,000089,6.610,271,179131
2026-09-30,000090,3.530,8436,2977908
2026-09-30,000096,7.910,107,84637
2026-09-30,000099,12.580,132,166056
2026-09-30,000100,4.790,7185,3441615
2026-09-30,000151,10.040,321,322284
2026-09-30,000153,6.100,52,31720
2026-09-30,000155,10.760,199,214124
2026-09-30,000156,7.050,562,396210
2026-09-30,000157,5.880,1025,602700
2026-09-30,000158,12.300,566,696180
2026-09-30,000159,5.500,1585,871750
2026-09-30,000166,4.360,1124,490064
2026-09-30,000301,12.790,636,813444
2026-09-30,000333,81.660,3630,29642580
2026-09-30,000338,25.170,1761,4432437
2026-09-30,000400,21.030,563,1183989
2026-09-30,000401,3.590,694,249146
2026-09-30,000402,2.640,29456,7776384
2026-09-30,000403,9.740,20,19480
2026-09-30,000404,6.770,36,24372
2026-09-30,000407,4.220,731,308482
2026-09-30,000408,70.500,1163,8199150
2026-09-30,000409,8.860,75,66450
2026-09-30,000410,5.160,367,189372
2026-09-30,000411,10.020,70,70140
2026-09-30,000415,4.070,427,173789
2026-09-30,000417,5.700,1694,965580
2026-09-30,000419,5.060,21,10626
2026-09-30,000420,3.470,1095,379965
2026-09-30,000421,5.740,403,231322
2026-09-30,000422,11.480,349,400652
2026-09-30,000423,45.260,110,497860
2026-09-30,000425,7.050,2516,1773780
2026-09-30,000426,31.620,1677,5302674
2026-09-30,000428,3.850,1748,672980
2026-09-30,000429,12.270,301,369327
2026-09-30,000430,6.710,1271,852841
2026-09-30,000498,5.630,5285,2975455
2026-09-30,000501,7.060,88,62128
2026-09-30,000503,7.460,14040,10473840
2026-09-30,000504,10.790,10465,11291735
2026-09-30,000505,6.160,2201,1355816
2026-09-30,000506,16.680,2463,4108284
2026-09-30,000507,4.930,113,55709
2026-09-30,000509,3.510,234,82134
2026-09-30,000510,17.270,329,568183
2026-09-30,000513,31.650,6045,19132425
2026-09-30,000514,4.480,7626,3416448
2026-09-30,000516,4.290,200,85800
2026-09-30,000517,2.100,7055,1481550
2026-09-30,000518,3.630,1396,506748
2026-09-30,000519,14.500,1070,1551500
2026-09-30,000520,4.030,153,61659
2026-09-30,000521,4.310,122,52582
2026-09-30,000523,3.260,12335,4021210
2026-09-30,000524,8.780,350,307300
2026-09-30,000525,4.410,317,139797
2026-09-30,000526,34.910,84,293244
2026-09-30,000528,7.370,640,471680
2026-09-30,000529,5.040,146,73584
2026-09-30,000530,5.210,48,25008
2026-09-30,000531,5.520,48,26496
2026-09-30,000532,12.550,1504,1887520
2026-09-30,000533,10.100,279,281790
2026-09-30,000534,21.970,111,243867
2026-09-30,000536,3.390,2227,754953
2026-09-30,000537,7.290,455,331695
2026-09-30,000538,50.250,205,1030125
2026-09-30,000539,5.040,842,424368
2026-09-30,000541,4.880,126,61488
2026-09-30,000543,7.050,2035,1434675
2026-09-30,000544,7.230,42,30366
2026-09-30,000545,2.240,9261,2074464
2026-09-30,000546,4.340,17,7378
2026-09-30,000547,14.020,2581,3618562
2026-09-30,000548,4.660,128,59648
2026-09-30,000550,16.220,26,42172
2026-09-30,000551,11.700,76,88920
2026-09-30,000552,2.460,1637,402702
2026-09-30,000553,5.460,368,200928
2026-09-30,000554,6.180,363,224334
2026-09-30,000555,10.180,964,981352
2026-09-30,000557,3.620,183,66246
2026-09-30,000558,3.550,154,54492
2026-09-30,000559,10.790,892,962468
2026-09-30,000560,3.380,336025,113576450
2026-09-30,000561,7.640,693,529452
2026-09-30,000563,2.890,873,252297
2026-09-30,000564,1.450,5134,744372
2026-09-30,000565,6.420,391,251022
2026-09-30,000566,4.670,2709,1265103
2026-09-30,000567,5.900,356,210040
2026-09-30,000568,69.500,276,1918200
2026-09-30,000570,5.300,101,53530
2026-09-30,000571,6.570,880,578160
2026-09-30,000572,4.030,5494,2214082
2026-09-30,000573,3.870,4037,1562319
2026-09-30,000576,8.290,131,108599
2026-09-30,000581,18.020,142,255884
2026-09-30,000582,9.000,1005,904500
2026-09-30,000586,12.890,45,58005
2026-09-30,000589,4.190,63,26397
2026-09-30,000590,9.190,51,46869
2026-09-30,000591,4.140,583,241362
2026-09-30,000592,8.730,38792,33865416
2026-09-30,000593,20.360,514,1046504
2026-09-30,000595,5.420,1684,912728
2026-09-30,000596,89.030,37,329411
2026-09-30,000597,4.700,53,24910
2026-09-30,000598,7.030,125,87875
2026-09-30,000599,4.470,520,232440
2026-09-30,000600,6.970,419,292043
2026-09-30,000601,6.020,667,401534
2026-09-30,000603,31.000,999,3096900
2026-09-30,000605,6.100,155,94550
2026-09-30,000607,4.030,18298,7374094
2026-09-30,000608,7.180,152,109136
2026-09-30,000612,10.550,3585,3782175
2026-09-30,000617,6.570,1441,946770
2026-09-30,000619,5.260,326,171476
2026-09-30,000620,3.120,18305,5711157
2026-09-30,000623,17.270,161,278047
2026-09-30,000625,7.050,1167,822735
2026-09-30,000626,8.630,121,104423
2026-09-30,000628,55.120,214,1179568
2026-09-30,000629,2.790,1418,395622
2026-09-30,000630,5.790,5549,3212871
2026-09-30,000631,3.040,185,56240
2026-09-30,000633,5.360,267,143112
2026-09-30,000635,7.610,312,237432
2026-09-30,000636,51.520,2776,14301952
2026-09-30,000637,4.260,150,63900
2026-09-30,000650,5.160,152,78432
2026-09-30,000651,38.130,366,1395558
2026-09-30,000652,3.360,692,232512
2026-09-30,000655,7.220,158,114076
2026-09-30,000656,1.250,119518,14939750
2026-09-30,000657,53.900,961,5179790
2026-09-30,000659,2.730,210,57330
2026-09-30,000661,70.560,75,529200
2026-09-30,000663,6.140,453,278142
2026-09-30,000665,4.200,8657,3635940
2026-09-30,000678,10.690,47980,51290620
2026-09-30,000679,6.360,103,65508
2026-09-30,000680,8.820,163,143766
2026-09-30,000681,15.990,2221,3551379
2026-09-30,000682,10.300,317,326510
2026-09-30,000683,5.590,3615,2020785
2026-09-30,000685,10.640,80,85120
2026-09-30,000686,7.530,147,110691
2026-09-30,000688,24.150,67,161805
2026-09-30,000690,5.140,1291,663574
2026-09-30,000701,5.130,306,156978
2026-09-30,000702,5.890,243,143127
2026-09-30,000703,15.660,7366,11535156
2026-09-30,000705,7.140,120,85680
2026-09-30,000707,4.620,544,251328
2026-09-30,000708,12.800,182,232960
2026-09-30,000709,2.000,686,137200
2026-09-30,000710,9.920,4799,4760608
2026-09-30,000711,4.740,3217,1524858
2026-09-30,000712,9.950,1541,1533295
2026-09-30,000713,6.070,919,557833
2026-09-30,000715,5.320,122,64904
2026-09-30,000716,4.970,648,322056
2026-09-30,000717,2.170,313,67921
2026-09-30,000718,2.120,4200,890400
2026-09-30,000738,18.650,78,145470
2026-09-30,000739,25.770,776,1999752
2026-09-30,000750,3.590,1235,443365
2026-09-30,000751,4.380,108,47304
2026-09-30,000753,5.470,5913,3234411
2026-09-30,000755,4.700,57,26790
2026-09-30,000756,14.000,5382,7534800
2026-09-30,000757,4.310,244,105164
2026-09-30,000758,5.700,348,198360
2026-09-30,000759,6.290,7677,4828833
2026-09-30,000761,2.280,156,35568
2026-09-30,000762,20.500,182,373100
2026-09-30,000766,15.190,142,215698
2026-09-30,000767,3.270,1695,554265
2026-09-30,000768,22.510,811,1825561
2026-09-30,000776,19.800,1622,3211560
2026-09-30,000777,16.190,25,40475
2026-09-30,000778,3.530,1913,675289
2026-09-30,000779,8.500,880,748000
2026-09-30,000782,8.220,782,642804
2026-09-30,000783,7.990,2249,1796951
2026-09-30,000785,2.280,6359,1449852
2026-09-30,000786,16.150,2200,3552758
2026-09-30,000809,3.480,1443,502164
2026-09-30,000810,9.100,177,161070
2026-09-30,000811,38.000,385,1463000
2026-09-30,000812,3.760,1449,544824
2026-09-30,000813,3.210,266,85386
2026-09-30,000815,14.650,1237,1812205
2026-09-30,000816,2.800,523,146440
2026-09-30,000818,11.310,275,311025
2026-09-30,000819,12.260,249,305274
2026-09-30,000820,3.640,1520,553280
2026-09-30,000822,4.250,118,50150
2026-09-30,000823,24.500,25179,61688550
2026-09-30,000825,3.360,481,161616
2026-09-30,000828,9.930,40,39720
2026-09-30,000829,9.260,2198,2035348
2026-09-30,000830,11.240,102,114648
2026-09-30,000831,53.880,885,4768380
2026-09-30,000833,18.530,624,1156272
2026-09-30,000837,9.520,121,115192
2026-09-30,000839,2.870,7705,2211335
2026-09-30,000848,7.960,318,253128
2026-09-30,000850,4.390,122497,53776100
2026-09-30,000852,5.260,184,96784
2026-09-30,000856,8.970,258,231426
2026-09-30,000858,68.840,292,2010128
2026-09-30,000859,8.660,1259,1090294
2026-09-30,000860,10.130,68,68884
2026-09-30,000862,5.390,1451,782089
2026-09-30,000863,4.520,1673,756196
2026-09-30,000868,4.240,13481,5715944
2026-09-30,000869,16.780,128,214784
2026-09-30,000875,4.600,546,251045
2026-09-30,000876,6.860,943,646898
2026-09-30,000877,3.700,1083,400710
2026-09-30,000878,15.950,1335,2129325
2026-09-30,000880,23.900,300,717000
2026-09-30,000881,6.390,100,63900
2026-09-30,000882,1.560,11691,1823796
2026-09-30,000883,4.340,140,60760
2026-09-30,000885,11.650,28,32620
2026-09-30,000886,4.760,2559,1218084
2026-09-30,000887,18.510,188,347988
2026-09-30,000888,9.090,157,142713
2026-09-30,000889,3.700,516,190920
2026-09-30,000890,7.160,312,223392
2026-09-30,000892,4.600,26262,12080520
2026-09-30,000893,35.950,226,812470
2026-09-30,000895,23.450,237,555765
2026-09-30,000897,1.950,3191,622245
2026-09-30,000898,2.030,1035,210105
2026-09-30,000899,9.030,94,84882
2026-09-30,000900,3.560,96,34176
2026-09-30,000901,13.860,164,227304
2026-09-30,000902,13.440,27,36288
2026-09-30,000905,9.160,1268,1161488
2026-09-30,000906,6.180,134,82812
2026-09-30,000908,5.970,140,83580
2026-09-30,000910,6.460,20020,12933036
2026-09-30,000912,3.890,327,127203
2026-09-30,000913,10.590,39,41301
2026-09-30,000915,23.700,9,21330
2026-09-30,000917,6.810,506,344586
2026-09-30,000919,6.450,740,477300
2026-09-30,000920,12.290,562,690698
2026-09-30,000921,26.600,62,164920
2026-09-30,000922,12.000,423,507600
2026-09-30,000923,15.530,249,386697
2026-09-30,000925,7.930,2069,1640717
2026-09-30,000926,2.170,8108,1759436
2026-09-30,000927,2.450,2580,632100
2026-09-30,000928,5.310,366,194346
2026-09-30,000929,9.510,220,209220
2026-09-30,000930,5.050,2646,1336230
2026-09-30,000931,4.510,803,362153
2026-09-30,000932,3.450,408,140760
2026-09-30,000933,25.720,3296,8477312
2026-09-30,000935,19.200,12,23040
2026-09-30,000936,5.480,3165,1734420
2026-09-30,000937,4.340,778,337652
2026-09-30,000938,31.750,3441,10925175
2026-09-30,000948,13.270,56,74312
2026-09-30,000949,6.440,506,325864
2026-09-30,000950,5.200,142,73840
2026-09-30,000951,19.920,287,571704
2026-09-30,000952,6.580,480,315840
2026-09-30,000953,6.010,30,18030
2026-09-30,000955,4.120,1465,603580
2026-09-30,000957,9.880,710,701480
2026-09-30,000958,4.910,267,131097
2026-09-30,000959,3.450,685,236325
2026-09-30,000960,30.700,421,1292470
2026-09-30,000962,55.670,161,896287
2026-09-30,000963,26.730,1005,2686365
2026-09-30,000965,3.430,8518,2921674
2026-09-30,000966,3.960,889,352044
2026-09-30,000967,7.970,7138,5688986
2026-09-30,000968,6.860,702,481572
2026-09-30,000969,16.350,99,161865
2026-09-30,000970,10.990,382,419818
2026-09-30,000972,3.880,391,151708
2026-09-30,000973,11.510,902,1038202
2026-09-30,000975,22.300,1936,4317280
2026-09-30,000977,67.530,1108,7482324
2026-09-30,000978,7.270,6338,4607726
2026-09-30,000980,2.250,105883,23823675
2026-09-30,000981,2.720,52438,14263136
2026-09-30,000983,6.360,2200,1399200
2026-09-30,000985,17.250,57,98325
2026-09-30,000987,7.160,384,274944
2026-09-30,000988,94.990,916,8701084
2026-09-30,000989,8.550,176,150480
2026-09-30,000990,6.110,1935,1182285
2026-09-30,000993,16.810,15389,25868909
2026-09-30,000995,11.420,894,1020948
2026-09-30,000997,19.470,345,671715
2026-09-30,000998,8.440,451,380644
2026-09-30,000999,23.440,172,402980
2026-09-30,001201,16.030,2456,3936968
2026-09-30,001202,15.020,20,30040
2026-09-30,001203,21.650,363,785895
2026-09-30,001205,14.590,3,4377
2026-09-30,001206,18.310,2959,5417947
2026-09-30,001207,18.960,348,659808
2026-09-30,001208,13.220,233,308026
2026-09-30,001209,18.950,354,670830
2026-09-30,001210,27.340,25,68350
2026-09-30,001211,27.510,435,1196685
2026-09-30,001212,36.870,98,361326
2026-09-30,001213,3.500,58,20300
2026-09-30,001215,32.590,7,22813
2026-09-30,001216,28.800,13867,39936960
2026-09-30,001217,11.220,283,317526
2026-09-30,001218,23.690,8,18952
2026-09-30,001219,12.930,90,116370
2026-09-30,001220,31.430,40,125720
2026-09-30,001221,32.940,182,599508
2026-09-30,001222,15.390,348,535572
2026-09-30,001223,42.540,124,527496
2026-09-30,001225,33.350,79,263465
2026-09-30,001226,48.300,24,115920
2026-09-30,001227,2.090,1200,250800
2026-09-30,001228,37.350,122,455670
2026-09-30,001229,38.550,144,555120
2026-09-30,001230,19.480,699,1361652
2026-09-30,001231,22.820,15,34230
2026-09-30,001232,188.090,153,2877777
2026-09-30,001233,43.820,33,144606
2026-09-30,001234,28.350,5623,15941205
2026-09-30,001236,7.850,47,36895
2026-09-30,001237,49.570,84,416388
2026-09-30,001238,26.350,41,108035
2026-09-30,001239,12.330,90,110970
2026-09-30,001248,11.510,687,790737
2026-09-30,001255,27.950,46,128570
2026-09-30,001256,21.680,101,218968
2026-09-30,001257,20.950,2213,4636486
2026-09-30,001258,10.180,1051,1069918
2026-09-30,001259,44.900,63,282870
2026-09-30,001260,19.180,501,960918
2026-09-30,001266,36.350,351,1275885
2026-09-30,001267,34.010,1253,4261453
2026-09-30,001268,25.500,114,290700
2026-09-30,001269,19.220,87,167214
2026-09-30,001270,92.220,1677,15465940
2026-09-30,001277,30.580,75,229350
2026-09-30,001278,17.120,370,633440
2026-09-30,001279,26.320,106,278992
2026-09-30,001280,60.400,46,277840
2026-09-30,001282,16.410,94,154254
2026-09-30,001283,46.560,607,2826192
2026-09-30,001285,42.140,7,29498
2026-09-30,001286,9.400,1130,1062200
2026-09-30,001287,23.580,485,1143630
2026-09-30,001288,32.580,443,1443294
2026-09-30,001289,14.810,126,186606
2026-09-30,001296,19.510,22,42922
2026-09-30,001298,16.380,98,160934
2026-09-30,001299,10.130,161,163093
2026-09-30,001300,12.490,24,29976
2026-09-30,001301,46.000,118,542800
2026-09-30,001306,57.200,8,45760
2026-09-30,001308,18.020,67,120734
2026-09-30,001309,373.000,305,11376500
2026-09-30,001311,16.820,48,80736
2026-09-30,001312,17.830,5,8915
2026-09-30,001313,7.190,91,65429
2026-09-30,001314,50.910,92,468372
2026-09-30,001316,27.600,85,234600
2026-09-30,001317,62.990,1312,8264288
2026-09-30,001318,11.880,297,352836
2026-09-30,001319,21.590,8,17272
2026-09-30,001322,6.500,483,313950
2026-09-30,001323,18.080,87,157296
2026-09-30,001324,20.560,181,372136
2026-09-30,001325,36.250,21,76125
2026-09-30,001326,103.270,138,1425126
2026-09-30,001328,30.660,14,42924
2026-09-30,001330,6.690,73419,49117311
2026-09-30,001331,39.300,262,1029660
2026-09-30,001332,27.300,121,330330
2026-09-30,001333,20.130,103,207339
2026-09-30,001335,33.000,37,122100
2026-09-30,001336,19.240,62,119288
2026-09-30,001337,44.550,364,1621620
2026-09-30,001338,9.100,258,234780
2026-09-30,001339,70.990,188,1334612
2026-09-30,001356,9.270,190,176130
2026-09-30,001358,24.990,75,187425
2026-09-30,001359,82.940,66,547404
2026-09-30,001360,19.000,48,91200
2026-09-30,001365,36.030,354,1275462
2026-09-30,001366,13.210,39,51519
2026-09-30,001367,22.220,32,71104
2026-09-30,001368,37.020,7549,27946324
2026-09-30,001369,11.990,81,97119
2026-09-30,001373,31.720,38,120536
2026-09-30,001376,12.330,1101,1357533
2026-09-30,001378,22.270,275,612425
2026-09-30,001379,15.970,140,223580
2026-09-30,001380,18.840,35,65940
2026-09-30,001382,16.650,172,286380
2026-09-30,001386,16.010,109,174509
2026-09-30,001387,12.540,224,280896
2026-09-30,001388,19.710,152,299592
2026-09-30,001389,193.000,1114,21500200
2026-09-30,001390,17.160,86,147576
2026-09-30,001391,3.810,405,154305
2026-09-30,001393,41.460,189,783594
2026-09-30,001395,30.180,55,165990
2026-09-30,001396,31.650,18,56970
2026-09-30,001399,22.300,656,1462880
2026-09-30,001400,84.990,181,1538319
2026-09-30,001696,15.350,1280,1964800
2026-09-30,001872,23.940,546,1307124
2026-09-30,001896,10.450,3976,4154920
2026-09-30,002009,15.460,177,273642
2026-09-30,002010,4.570,1308,597756
2026-09-30,002011,12.650,1061,1342165
2026-09-30,002012,6.980,195,136110
2026-09-30,002014,11.080,26,28808
2026-09-30,002015,14.710,1814,2668394
2026-09-30,002016,4.860,2583,1255338
2026-09-30,002017,13.930,495,689535
2026-09-30,002019,9.240,195,180180
2026-09-30,002020,11.390,178,202742
2026-09-30,002021,2.640,1708,450912
2026-09-30,002022,6.000,259,155400
2026-09-30,002023,9.580,898,860284
2026-09-30,002025,68.610,142,974262
2026-09-30,002026,11.120,131,145672
2026-09-30,002027,4.650,2537,1179705
2026-09-30,002028,120.430,659,7936337
2026-09-30,002029,9.140,3105,2837851
2026-09-30,002030,5.650,649,366685
2026-09-30,002031,5.540,19638,10879452
2026-09-30,002032,39.560,20,79120
2026-09-30,002033,8.190,303,248157
2026-09-30,002034,14.060,26,36556
2026-09-30,002035,4.780,1325,633350
2026-09-30,002036,6.080,948,576384
2026-09-30,002037,6.750,72,48600
2026-09-30,002038,5.650,977,552005
2026-09-30,002039,19.080,86,164088
2026-09-30,002040,8.860,601,532486
2026-09-30,002041,9.390,642,602838
2026-09-30,002042,3.680,2539,934352
2026-09-30,002043,11.160,3594,4010904
2026-09-30,002044,4.480,1424,637952
2026-09-30,002045,8.810,340,299540
2026-09-30,002062,8.960,1507,1350272
2026-09-30,002063,5.240,248,129952
2026-09-30,002064,9.400,322,302680
2026-09-30,002065,6.500,542,352300
2026-09-30,002066,19.640,31,60884
2026-09-30,002067,3.970,3012,1195764
2026-09-30,002068,9.150,1609,1472235
2026-09-30,002069,3.670,446,163682
2026-09-30,002072,7.250,117,84825
2026-09-30,002073,5.650,189,106785
2026-09-30,002079,8.640,553,477792
2026-09-30,002080,54.900,2455,13477950
2026-09-30,002081,4.980,21682,10797656
2026-09-30,002083,9.290,659,612211
2026-09-30,002084,5.800,7571,4391180
2026-09-30,002085,9.220,293,270146
2026-09-30,002086,2.020,4900,989800
2026-09-30,002088,8.070,61,49227
2026-09-30,002090,8.940,7,6258
2026-09-30,002091,7.470,206,153882
2026-09-30,002132,4.020,3521,1415442
2026-09-30,002133,2.920,1772,517424
2026-09-30,002134,25.500,906,2310300
2026-09-30,002135,5.940,5,2970
2026-09-30,002136,11.790,4,4716
2026-09-30,002137,8.000,6894,5515200
2026-09-30,002138,49.020,385,1887270
2026-09-30,002139,9.600,426,409315
2026-09-30,002140,8.970,197,176709
2026-09-30,002141,6.520,10714,6985528
2026-09-30,002142,34.800,723,2516040
2026-09-30,002144,11.150,121,134915
2026-09-30,002145,4.600,908,417680
2026-09-30,002146,1.280,241831,30954368
2026-09-30,002148,6.290,252,158508
2026-09-30,002149,31.680,307,972576
2026-09-30,002150,19.670,62,121954
2026-09-30,002151,28.400,288,817920
2026-09-30,002152,8.960,430,385280
2026-09-30,002153,7.410,290,214890
2026-09-30,002154,3.840,1023,392832
2026-09-30,002155,23.080,2814,6494712
2026-09-30,002156,60.270,2875,17326721
2026-09-30,002157,2.930,1136,332848
2026-09-30,002158,24.980,252,629496
2026-09-30,002159,13.350,47,62745
2026-09-30,002160,3.920,510,199920
2026-09-30,002161,6.570,1699,1116243
2026-09-30,002162,4.170,328,136776
2026-09-30,002163,7.620,1417,1079754
2026-09-30,002164,12.260,1641,2011866
2026-09-30,002165,6.790,669,454251
2026-09-30,002166,6.670,114,76038
2026-09-30,002167,15.770,1602,2526354
2026-09-30,002169,12.300,952,1170960
2026-09-30,002170,10.530,805,847665
2026-09-30,002171,9.700,1963,1904110
2026-09-30,002172,5.430,62555,33967365
2026-09-30,002173,17.120,506,866272
2026-09-30,002174,13.430,4474,6008582
2026-09-30,002176,8.230,750,617250
2026-09-30,002177,5.490,832,456768
2026-09-30,002178,5.050,4343,2193089
2026-09-30,002179,33.300,941,3133530
2026-09-30,002180,16.240,172,279328
2026-09-30,002181,9.020,11523,10393746
2026-09-30,002182,11.020,60,66120
2026-09-30,002183,4.160,2978,1238848
2026-09-30,002184,9.990,26,25974
2026-09-30,002185,17.100,5422,9271620
2026-09-30,002186,9.390,69,64791
2026-09-30,002187,5.460,57,31122
2026-09-30,002188,5.820,2109,1227438
2026-09-30,002189,19.120,120,229440
2026-09-30,002190,22.920,3,6876
2026-09-30,002191,3.510,87,30537
2026-09-30,002192,57.000,849,4837932
2026-09-30,002194,10.040,535,537140
2026-09-30,002195,5.980,1169,699062
2026-09-30,002196,10.210,270,275670
2026-09-30,002197,6.540,491,321114
2026-09-30,002199,11.600,687,796920
2026-09-30,002200,6.880,227,156176
2026-09-30,002201,9.470,1056,1000032
2026-09-30,002202,17.100,1853,3168630
2026-09-30,002203,17.450,150,261750
2026-09-30,002204,5.280,1325,699600
2026-09-30,002205,12.440,4912,6109918
2026-09-30,002206,4.850,215,104275
2026-09-30,002208,10.090,1813,1829317
2026-09-30,002209,13.400,68,91120
2026-09-30,002210,2.100,1821,382410
2026-09-30,002212,7.380,21977,16219026
2026-09-30,002213,27.950,157,438815
2026-09-30,002214,17.800,86,153080
2026-09-30,002215,9.260,561,519486
2026-09-30,002216,11.340,45,51030
2026-09-30,002218,3.760,634,238384
2026-09-30,002219,2.080,375,78000
2026-09-30,002221,5.580,109,60822
2026-09-30,002222,62.980,440,2771120
2026-09-30,002223,25.680,202,518736
2026-09-30,002224,3.730,343,127939
2026-09-30,002225,3.410,1187,404767
2026-09-30,002226,4.880,527,257176
2026-09-30,002228,3.240,797,258228
2026-09-30,002229,10.320,554,571728
2026-09-30,002230,37.340,189,705726
2026-09-30,002232,16.510,8256,13630656
2026-09-30,002233,6.680,272,181696
2026-09-30,002234,7.850,175,137375
2026-09-30,002235,7.740,460,356040
2026-09-30,002236,15.260,322,491372
2026-09-30,002237,12.400,1616,2003840
2026-09-30,002238,7.310,22697,16591507
2026-09-30,002239,2.470,501,123747
2026-09-30,002240,25.050,995,2492475
2026-09-30,002241,23.130,1434,3317998
2026-09-30,002242,12.500,52347,65433200
2026-09-30,002243,6.940,595,412930
2026-09-30,002244,8.990,34294,30830306
2026-09-30,002245,16.170,1377,2226609
2026-09-30,002246,25.250,471,1189275
2026-09-30,002247,2.490,509,126741
2026-09-30,002248,9.470,671,635437
2026-09-30,002249,6.430,942,605706
2026-09-30,002250,13.910,297,413127
2026-09-30,002251,3.430,3035,1041005
2026-09-30,002252,5.160,1319,680604
2026-09-30,002253,8.730,512,446976
2026-09-30,002254,11.660,179,208714
2026-09-30,002255,7.290,61,44469
2026-09-30,002256,3.150,272,85680
2026-09-30,002258,13.930,282,392826
2026-09-30,002259,4.990,1928,962072
2026-09-30,002261,24.210,364,881244
2026-09-30,002262,23.650,32637,77186552
2026-09-30,002263,3.210,2299,737979
2026-09-30,002264,7.630,4095,3124485
2026-09-30,002265,18.940,140,265160
2026-09-30,002266,4.550,803,365365
2026-09-30,002267,7.150,110,78650
2026-09-30,002268,14.950,865,1293175
2026-09-30,002269,1.390,5070,704730
2026-09-30,002270,17.050,66,112530
2026-09-30,002271,10.370,1929,2000373
2026-09-30,002272,14.440,1380,1992720
2026-09-30,002273,23.940,1754,4199076
2026-09-30,002274,5.830,176,102608
2026-09-30,002275,12.120,48,58176
2026-09-30,002276,9.780,203,198534
2026-09-30,002277,4.880,7258,3541904
2026-09-30,002278,8.310,8735,7258785
2026-09-30,002279,6.630,958,635154
2026-09-30,002281,169.620,1181,20032122
2026-09-30,002282,6.110,181,110591
2026-09-30,002283,7.500,314,235500
2026-09-30,002284,9.280,160,148480
2026-09-30,002285,2.890,362121,104653059
2026-09-30,002286,8.290,647,536363
2026-09-30,002287,19.120,43,82216
2026-09-30,002289,33.620,20,67240
2026-09-30,002290,70.550,405,2857275
2026-09-30,002291,5.630,1888,1062944
2026-09-30,002292,8.600,1981,1703660
2026-09-30,002293,10.600,6,6360
2026-09-30,002294,30.100,141,424410
2026-09-30,002295,10.000,468,468000
2026-09-30,002296,9.610,200,192200
2026-09-30,002297,20.180,1313,2649634
2026-09-30,002298,8.880,5323,4726824
2026-09-30,002299,15.530,19,29507
2026-09-30,002300,7.780,1698,1321044
2026-09-30,002301,8.920,3831,3417252
2026-09-30,002302,4.750,897,426075
2026-09-30,002303,6.650,25346,16855183
2026-09-30,002304,36.930,125,460111
2026-09-30,002307,2.960,444,131424
2026-09-30,002309,2.810,4268,1199308
2026-09-30,002310,2.260,4475,1011350
2026-09-30,002311,41.300,183,755790
2026-09-30,002312,8.130,565,459345
2026-09-30,002313,9.020,4790,4320580
2026-09-30,002314,2.370,5175,1226475
2026-09-30,002315,25.030,325,813475
2026-09-30,002316,4.530,372,168516
2026-09-30,002317,22.880,252,576576
2026-09-30,002318,17.480,223,389804
2026-09-30,002319,10.170,237,241029
2026-09-30,002320,6.300,1348,849240
2026-09-30,002321,2.080,4826,1003808
2026-09-30,002322,11.960,40,47840
2026-09-30,002324,8.850,216,191160
2026-09-30,002326,16.170,274,443058
2026-09-30,002327,6.090,257,156513
2026-09-30,002328,8.350,2458,2052430
2026-09-30,002329,3.710,1167,432957
2026-09-30,002330,4.120,128,52736
2026-09-30,002331,7.070,350,247450
2026-09-30,002332,8.580,70,60060
2026-09-30,002333,5.450,513,279585
2026-09-30,002334,6.480,239,154872
2026-09-30,002335,31.240,1149,3589476
2026-09-30,002337,4.780,34,16252
2026-09-30,002338,43.650,151,659115
2026-09-30,002339,7.120,1006,716272
2026-09-30,002340,6.040,1339,808756
2026-09-30,002342,8.500,19634,16688900
2026-09-30,002343,5.720,380,217360
2026-09-30,002344,4.010,61,24461
2026-09-30,002345,8.120,450,365400
2026-09-30,002346,18.110,125,226375
2026-09-30,002347,6.500,19934,12957100
2026-09-30,002348,10.890,605,658845
2026-09-30,002349,8.440,6539,5518916
2026-09-30,002350,13.580,214,290612
2026-09-30,002351,9.870,18,17766
2026-09-30,002352,30.460,311,947306
2026-09-30,002353,110.160,379,4175064
2026-09-30,002354,7.260,5507,3998082
2026-09-30,002355,4.650,398,185070
2026-09-30,002356,2.680,681,182508
2026-09-30,002357,11.670,307,358269
2026-09-30,002358,5.130,132,67716
2026-09-30,002361,9.850,1215,1196775
2026-09-30,002362,15.870,450,714150
2026-09-30,002363,6.980,349,243602
2026-09-30,002364,33.110,424,1403864
2026-09-30,002365,13.100,452,592120
2026-09-30,002366,5.470,98,53606
2026-09-30,002367,6.100,5164,3150040
2026-09-30,002368,12.730,111,141303
2026-09-30,002369,5.620,129,72498
2026-09-30,002370,5.140,1455,747870
2026-09-30,002371,635.010,231,14668731
2026-09-30,002372,8.380,1962,1644156
2026-09-30,002373,7.370,88,64856
2026-09-30,002374,3.310,214,70834
2026-09-30,002375,3.880,4668,1811184
2026-09-30,002376,6.620,323,213826
2026-09-30,002377,2.930,1449,424557
2026-09-30,002378,21.340,204,435336
2026-09-30,002379,16.000,3127,5003200
2026-09-30,002380,26.900,58,156020
2026-09-30,002381,5.670,93,52731
2026-09-30,002382,6.080,1929,1172832
2026-09-30,002383,8.070,791,638337
2026-09-30,002384,173.000,1733,29980900
2026-09-30,002385,3.080,985,303380
2026-09-30,002386,5.780,2672,1544416
2026-09-30,002387,6.740,790,532460
2026-09-30,002388,8.610,7493,6451473
2026-09-30,002389,17.930,149,267157
2026-09-30,002390,2.920,566,165272
2026-09-30,002391,5.120,205,104960
2026-09-30,002392,7.450,316,235420
2026-09-30,002393,13.900,19,26410
2026-09-30,002394,10.630,114,121182
2026-09-30,002395,13.830,1391,1923753
2026-09-30,002396,33.410,2342,7825624
2026-09-30,002397,3.630,76,27588
2026-09-30,002398,4.280,666,285048
2026-09-30,002399,9.610,42,40362
2026-09-30,002400,6.450,2408,1553160
2026-09-30,002401,12.150,28,34020
2026-09-30,002402,17.950,280,502600
2026-09-30,002403,10.240,1682,1722368
2026-09-30,002404,5.830,198,115434
2026-09-30,002405,5.910,263,155433
2026-09-30,002459,6.630,346,229398
2026-09-30,002460,43.510,1684,7327084
2026-09-30,002461,8.380,420,351960
2026-09-30,002462,12.270,246,301842
2026-09-30,002463,119.660,1125,13457801
2026-09-30,002465,10.100,2378,2401780
2026-09-30,002466,40.590,1623,6587757
2026-09-30,002467,5.000,7827,3913500
2026-09-30,002468,14.690,318,467142
2026-09-30,002469,6.020,80,48160
2026-09-30,002470,2.000,13774,2754800
2026-09-30,002471,5.300,3777,2001810
2026-09-30,002472,38.570,314,1211098
2026-09-30,002474,6.650,8449,5618585
2026-09-30,002475,50.500,2113,10670650
2026-09-30,002476,4.910,186,91326
2026-09-30,002478,6.300,248,156240
2026-09-30,002479,5.730,889,509397
2026-09-30,002480,5.550,11519,6393045
2026-09-30,002481,4.220,206,86932
2026-09-30,002493,13.140,1454,1910556
2026-09-30,002494,5.240,26985,14140140
2026-09-30,002495,2.440,782,190808
2026-09-30,002496,2.100,110,23100
2026-09-30,002497,15.770,956,1507612
2026-09-30,002498,6.090,633,385497
2026-09-30,002500,5.150,301,155015
2026-09-30,002506,2.370,8623,2043651
2026-09-30,002507,11.080,183,202764
2026-09-30,002508,16.580,178,295124
2026-09-30,002510,5.690,1104,628176
2026-09-30,002511,6.920,178,123176
2026-09-30,002513,5.540,522,289188
2026-09-30,002515,7.270,1424,1035248
2026-09-30,002521,6.220,181,112582
2026-09-30,002522,5.360,654,350544
2026-09-30,002523,3.450,359,123855
2026-09-30,002524,4.230,8420,3561660
2026-09-30,002526,2.600,1537,399620
2026-09-30,002527,10.650,24,25560
2026-09-30,002529,6.900,527,363630
2026-09-30,002530,7.080,32,22656
2026-09-30,002531,7.560,27899,21091644
2026-09-30,002532,12.170,3656,4449352
2026-09-30,002533,10.890,195,212355
2026-09-30,002534,17.290,310,535990
2026-09-30,002535,2.520,681,171612
2026-09-30,002536,46.570,616,2868712
2026-09-30,002537,5.650,307,173455
2026-09-30,002539,11.570,110,127270
2026-09-30,002540,4.980,172,85656
2026-09-30,002541,18.470,359,663073
2026-09-30,002543,7.360,1121,825056
2026-09-30,002544,15.450,117,180765
2026-09-30,002545,13.770,698,961146
2026-09-30,002546,7.320,232,169824
2026-09-30,002548,3.950,661,261095
2026-09-30,002549,12.520,674,843848
2026-09-30,002550,6.320,1057,668024
2026-09-30,002551,3.370,103,34711
2026-09-30,002552,47.150,430,2027450
2026-09-30,002553,16.760,1310,2195560
2026-09-30,002554,2.730,20,5460
2026-09-30,002555,17.050,605,1031525
2026-09-30,002556,5.060,464,234784
2026-09-30,002557,18.160,47,85352
2026-09-30,002558,22.350,4469,9988215
2026-09-30,002559,8.730,465,405945
2026-09-30,002560,6.640,3326,2208464
2026-09-30,002561,7.260,44,31944
2026-09-30,002562,4.840,170,82280
2026-09-30,002563,5.400,100,54000
2026-09-30,002564,5.140,3794,1950116
2026-09-30,002565,8.340,2278,1899852
2026-09-30,002566,7.100,194,137740
2026-09-30,002567,3.660,499,182634
2026-09-30,002568,18.990,541,1027359
2026-09-30,002570,4.410,2240,987840
2026-09-30,002572,7.630,468,357084
2026-09-30,002573,3.120,216,67392
2026-09-30,002574,5.050,54,27270
2026-09-30,002575,5.100,276,140760
2026-09-30,002576,14.660,82,120212
2026-09-30,002577,20.910,380,794580
2026-09-30,002578,4.160,157,65312
2026-09-30,002579,18.010,6632,11943638
2026-09-30,002580,18.400,8827,16241680
2026-09-30,002582,9.350,480,448800
2026-09-30,002583,7.870,2732,2150084
2026-09-30,002584,8.700,2361,2054070
2026-09-30,002585,10.690,5062,5411278
2026-09-30,002586,3.660,1565,572790
2026-09-30,002587,5.320,1174,624568
2026-09-30,002588,7.380,372,274536
2026-09-30,002589,3.300,9729,3210570
2026-09-30,002590,9.590,55,52745
2026-09-30,002591,6.560,500,328000
2026-09-30,002593,4.610,81,37341
2026-09-30,002594,82.100,1886,15484060
2026-09-30,002595,38.390,43,165077
2026-09-30,002596,3.320,1121,372172
2026-09-30,002597,21.160,15,31740
2026-09-30,002599,5.570,750,417750
2026-09-30,002600,12.040,1982,2386328
2026-09-30,002601,14.620,86,125732
2026-09-30,002602,14.030,4355,6110065
2026-09-30,002603,15.030,221,332163
2026-09-30,002605,16.490,43,70907
2026-09-30,002606,11.930,358,427094
2026-09-30,002607,1.860,18170,3379620
2026-09-30,002608,7.230,445,321735
2026-09-30,002609,7.950,59,46905
2026-09-30,002611,14.430,548,790764
2026-09-30,002612,17.150,248,425320
2026-09-30,002613,3.380,1152,389376
2026-09-30,002614,8.040,17584,14137536
2026-09-30,002615,6.380,215,137170
2026-09-30,002616,4.850,251,121735
2026-09-30,002617,6.800,2911,1979480
2026-09-30,002622,2.540,9588,2435352
2026-09-30,002623,18.450,337,621765
2026-09-30,002624,9.610,669,642909
2026-09-30,002625,23.150,2452,5675662
2026-09-30,002626,16.000,6,9600
2026-09-30,002627,6.690,1259,842271
2026-09-30,002628,4.960,654,324384
2026-09-30,002629,4.420,320,141440
2026-09-30,002631,13.930,3813,5311509
2026-09-30,002632,9.120,964,879168
2026-09-30,002633,15.370,371,570227
2026-09-30,002635,14.990,3309,4960191
2026-09-30,002636,82.200,3306,27175320
2026-09-30,002637,10.120,700,708400
2026-09-30,002638,4.960,4371,2168016
2026-09-30,002639,13.950,5767,8044965
2026-09-30,002640,3.810,185826,70799706
2026-09-30,002641,3.810,259,98679
2026-09-30,002642,7.010,222,155622
2026-09-30,002643,12.780,316,403848
2026-09-30,002644,8.250,168,138600
2026-09-30,002645,17.190,169,290511
2026-09-30,002646,7.070,457,323099
2026-09-30,002647,11.550,760,877800
2026-09-30,002648,25.900,1245,3224550
2026-09-30,002649,9.180,28,25704
2026-09-30,002651,7.880,1665,1312020
2026-09-30,002652,4.520,723,326796
2026-09-30,002653,61.880,137,847756
2026-09-30,002654,12.750,512,652800
2026-09-30,002655,34.850,774,2697390
2026-09-30,002656,2.840,93,26412
2026-09-30,002657,14.870,105,156135
2026-09-30,002658,7.280,687,500136
2026-09-30,002659,4.740,933,442242
2026-09-30,002660,8.140,360,293040
2026-09-30,002661,7.530,23,17319
2026-09-30,002662,3.120,121,37752
2026-09-30,002663,1.760,2515,442640
2026-09-30,002664,14.550,92,133860
2026-09-30,002666,4.240,961,407464
2026-09-30,002668,8.680,276,239568
2026-09-30,002669,14.270,2872,4098344
2026-09-30,002670,11.300,748,845240
2026-09-30,002671,4.070,577,234839
2026-09-30,002672,3.720,3287,1222764
2026-09-30,002673,6.610,352,232672
2026-09-30,002674,19.750,366,722850
2026-09-30,002675,12.700,80,101600
2026-09-30,002676,5.200,117,60840
2026-09-30,002677,6.200,442,274040
2026-09-30,002678,4.450,1136,505520
2026-09-30,002679,11.280,2352,2653056
2026-09-30,002681,4.490,776,348424
2026-09-30,002682,4.990,1250,623750
2026-09-30,002683,27.200,51,138720
2026-09-30,002685,5.340,2357,1258638
2026-09-30,002686,6.250,179,111875
2026-09-30,002687,5.740,592,339808
2026-09-30,002688,5.150,42,21630
2026-09-30,002690,15.330,55,84315
2026-09-30,002692,4.330,85,36805
2026-09-30,002693,9.090,730,663570
2026-09-30,002695,10.590,141,149319
2026-09-30,002696,6.680,1475,985300
2026-09-30,002697,4.660,215,100190
2026-09-30,002698,11.070,242,267894
2026-09-30,002700,6.410,31,19871
2026-09-30,002701,4.210,256,107776
2026-09-30,002702,5.360,1302,697872
2026-09-30,002703,15.240,1335,2034540
2026-09-30,002705,11.560,1803,2084268
2026-09-30,002706,8.460,357,302022
2026-09-30,002707,5.040,2600,1310400
2026-09-30,002708,17.320,1278,2213496
2026-09-30,002709,31.450,2940,9246300
2026-09-30,002712,5.140,918,471852
2026-09-30,002713,9.950,431,428895
2026-09-30,002714,42.200,1977,8342560
2026-09-30,002715,13.360,81,108216
2026-09-30,002716,8.710,7299,6357429
2026-09-30,002718,80.880,3,24264
2026-09-30,002721,2.630,4015,1055945
2026-09-30,002722,13.210,39,51519
2026-09-30,002723,7.460,71,52966
2026-09-30,002724,7.150,4031,2882165
2026-09-30,002725,11.080,8,8864
2026-09-30,002727,10.680,80,85440
2026-09-30,002728,9.720,676,657072
2026-09-30,002729,14.000,248,347200
2026-09-30,002730,20.870,89,185743
2026-09-30,002732,14.210,144,204624
2026-09-30,002733,17.330,234,405522
2026-09-30,002734,18.600,418,777480
2026-09-30,002735,10.860,1851,2010186
2026-09-30,002736,9.720,231,224532
2026-09-30,002737,11.190,194,217086
2026-09-30,002738,43.370,1321,5729177
2026-09-30,002739,8.290,2017,1672093
2026-09-30,002741,26.650,1419,3781635
2026-09-30,002742,4.110,1225,503475
2026-09-30,002745,12.010,1914,2298714
2026-09-30,002746,6.200,98,60760
2026-09-30,002747,28.390,856,2430184
2026-09-30,002748,11.900,104,123760
2026-09-30,002749,8.400,38,31920
2026-09-30,002752,6.030,41,24723
2026-09-30,002753,6.720,188,126336
2026-09-30,002755,12.310,509,626579
2026-09-30,002756,38.770,68,263636
2026-09-30,002757,19.270,4367,8415209
2026-09-30,002758,8.630,780,673140
2026-09-30,002760,17.950,243,436185
2026-09-30,002761,7.450,1583,1179335
2026-09-30,002762,9.380,469,439922
2026-09-30,002763,7.400,62,45880
2026-09-30,002765,6.860,36,24696
2026-09-30,002766,4.090,516,211044
2026-09-30,002767,18.530,10,18530
2026-09-30,002768,71.050,264,1875720
2026-09-30,002769,6.840,160,109440
2026-09-30,002771,14.030,539,756217
2026-09-30,002772,10.600,704,746240
2026-09-30,002773,21.700,4952,10745840
2026-09-30,002774,16.900,168,283920
2026-09-30,002775,3.450,1071,369495
2026-09-30,002777,12.720,23,29256
2026-09-30,002778,16.020,103,165006
2026-09-30,002779,76.660,99,758934
2026-09-30,002780,14.700,180,264600
2026-09-30,002782,14.640,219,320616
2026-09-30,002801,26.700,53,141510
2026-09-30,002802,12.430,53,65879
2026-09-30,002803,21.080,571,1203668
2026-09-30,002805,16.020,1270,2034540
2026-09-30,002806,14.920,1151,1717292
2026-09-30,002820,9.860,379,373694
2026-09-30,002821,177.810,907,16127367
2026-09-30,002823,12.830,138,177054
2026-09-30,002824,25.250,156,393900
2026-09-30,002825,9.260,11,10186
2026-09-30,002837,56.100,868,4869480
2026-09-30,002838,24.130,106,255778
2026-09-30,002839,4.250,286,121635
2026-09-30,002840,7.990,273,218127
2026-09-30,002841,44.990,207,931293
2026-09-30,002842,31.400,1548,4860720
2026-09-30,002843,15.080,129,194532
2026-09-30,002845,13.980,126,176148
2026-09-30,002846,11.670,7937,9262479
2026-09-30,002847,42.780,17,72726
2026-09-30,002848,15.000,263,394500
2026-09-30,002849,24.750,6523,16144425
2026-09-30,002850,158.300,153,2421990
2026-09-30,002851,120.000,1316,15792000
2026-09-30,002852,8.710,2859,2490189
2026-09-30,002853,21.240,33,70092
2026-09-30,002855,12.650,304,384560
2026-09-30,002857,17.910,50,89550
2026-09-30,002858,11.840,72,85248
2026-09-30,002859,60.380,121,730598
2026-09-30,002861,14.400,124,178560
2026-09-30,002862,15.360,359,551424
2026-09-30,002863,4.810,537,258297
2026-09-30,002864,20.840,19,39596
2026-09-30,002865,36.350,226,821510
2026-09-30,002866,16.570,20022,33176454
2026-09-30,002867,10.050,475,477375
2026-09-30,002868,22.400,160,358400
2026-09-30,002869,17.440,1378,2403232
2026-09-30,002893,10.380,716,743208
2026-09-30,002895,29.920,18,53856
2026-09-30,002896,60.400,541,3267640
2026-09-30,002897,59.350,285,1691475
2026-09-30,002899,20.660,14,28924
2026-09-30,002900,13.050,1503,1961415
2026-09-30,002901,40.530,57,231021
2026-09-30,002902,26.360,757,1995452
2026-09-30,002903,28.990,136,394264
2026-09-30,002905,8.840,156,137904
2026-09-30,002906,26.870,35,94045
2026-09-30,002907,14.450,495,715275
2026-09-30,002908,7.150,28,20020
2026-09-30,002909,6.950,16023,11135985
2026-09-30,002910,10.420,1816,1892272
2026-09-30,002922,21.650,121,261965
2026-09-30,002923,10.790,1686,1819194
2026-09-30,002925,22.800,286,652080
2026-09-30,002926,8.130,107,86991
2026-09-30,002927,19.480,201,391548
2026-09-30,002928,6.190,2623,1623637
2026-09-30,002929,47.920,201,963192
2026-09-30,002930,9.030,183,165249
2026-09-30,002931,39.010,270,1053270
2026-09-30,002933,28.020,64,179328
2026-09-30,002935,18.120,745,1349940
2026-09-30,002936,1.710,4064,694980
2026-09-30,002937,26.020,506,1316612
2026-09-30,002938,81.000,897,7265700
2026-09-30,002939,7.710,301,232071
2026-09-30,002940,22.340,244,545096
2026-09-30,002941,10.470,39,40833
2026-09-30,002942,16.600,99,164340
2026-09-30,002943,29.060,18,52308
2026-09-30,002945,14.190,361,512259
2026-09-30,002946,14.250,180,256500
2026-09-30,002947,57.950,37,214415
2026-09-30,002948,6.050,883,534215
2026-09-30,002949,13.620,661,900282
2026-09-30,002950,8.430,78,65754
2026-09-30,002951,16.100,483,777630
2026-09-30,002952,19.300,43,82990
2026-09-30,002953,10.080,183,184464
2026-09-30,002955,36.000,105,378000
2026-09-30,002956,17.450,41,71545
2026-09-30,002957,36.980,507,1874886
2026-09-30,002958,2.910,393,114363
2026-09-30,002959,35.000,1169,4091500
2026-09-30,002960,8.490,28,23772
2026-09-30,002961,13.580,1933,2625014
2026-09-30,002962,14.730,7984,11760432
2026-09-30,002963,22.700,252,572040
2026-09-30,002965,30.190,185,558515
2026-09-30,002966,9.230,529,488267
2026-09-30,002967,17.700,68,120360
2026-09-30,002968,9.970,1355,1350935
2026-09-30,002969,10.780,357,384846
2026-09-30,002970,41.370,70,289590
2026-09-30,002971,41.030,2428,9962084
2026-09-30,002972,13.250,132,174900
2026-09-30,002973,12.250,68,83300
2026-09-30,002975,105.900,708,7497720
2026-09-30,002976,22.980,390,896220
2026-09-30,002978,24.900,206,512940
2026-09-30,002979,52.000,293,1523600
2026-09-30,002980,106.620,592,6311904
2026-09-30,002981,23.680,1211,2867648
2026-09-30,002982,12.750,71,90525
2026-09-30,002983,22.100,38,83980
2026-09-30,002984,12.890,42,54138
2026-09-30,002985,26.130,72,188136
2026-09-30,002986,12.610,23,29003
2026-09-30,002987,10.610,23,24403
2026-09-30,002988,31.100,57,177270
2026-09-30,002989,23.700,176,417120
2026-09-30,002990,54.110,830,4491130
2026-09-30,002991,37.060,17,63002
2026-09-30,002992,33.340,12,40008
2026-09-30,002993,32.990,95,313405
2026-09-30,002995,17.580,586,1030188
2026-09-30,002996,5.950,33,19635
2026-09-30,002997,25.770,110,283470
2026-09-30,002998,8.060,519,418314
2026-09-30,002999,6.460,983,635018
2026-09-30,003000,9.390,114,107046
2026-09-30,003001,20.410,2458,5016778
2026-09-30,003002,15.900,67,106530
2026-09-30,003003,11.300,67,75710
2026-09-30,003004,61.200,89,544680
2026-09-30,003005,15.110,328,495608
2026-09-30,003006,21.900,3922,8589180
2026-09-30,003007,40.920,78,319176
2026-09-30,003008,19.910,72,143352
2026-09-30,003009,44.740,60,268440
2026-09-30,003010,27.700,74,204980
2026-09-30,003011,20.090,20,40180
2026-09-30,003012,4.650,349,162285
2026-09-30,003013,15.910,699,1112109
2026-09-30,003015,12.450,165,205425
2026-09-30,003016,7.510,5,3755
2026-09-30,003017,22.670,81,183627
2026-09-30,003018,45.490,92,418508
2026-09-30,003019,26.660,30,79980
2026-09-30,003020,17.290,48,82992
2026-09-30,003021,69.210,18,124578
2026-09-30,003022,18.410,240,441840
2026-09-30,003023,25.030,37,92611
2026-09-30,003025,12.250,16,19600
2026-09-30,003026,33.710,583,1965293
2026-09-30,003027,16.830,384,646272
2026-09-30,003028,23.830,18,42894
2026-09-30,003029,17.980,308,553784
2026-09-30,003030,25.850,9,23265
2026-09-30,003031,119.590,125,1494875
2026-09-30,003032,8.830,2458,2170414
2026-09-30,003033,86.590,63,545517
2026-09-30,003035,5.260,871,458146
2026-09-30,003036,46.700,670,3128900
2026-09-30,003037,5.900,244,143960
2026-09-30,003038,10.800,81,87480
2026-09-30,003039,12.530,58,72674
2026-09-30,003040,14.300,2425,3467750
2026-09-30,003041,39.560,8,31648
2026-09-30,003042,14.360,282,404952
2026-09-30,003043,60.000,106,636000
2026-09-30,003816,4.220,3059,1290898
2026-09-30,600000,9.220,2370,2185140
2026-09-30,600004,7.650,439,335835
2026-09-30,600006,5.570,3710,2066470
2026-09-30,600007,20.150,261,525915
2026-09-30,600008,2.710,1334,361379
2026-09-30,600009,22.390,24,53736
2026-09-30,600010,2.080,7409,1540987
2026-09-30,600011,6.950,1487,1033465
2026-09-30,600012,15.440,22,33968
2026-09-30,600015,6.220,2271,1412562
2026-09-30,600016,3.470,3707,1286461
2026-09-30,600017,2.810,276,77556
2026-09-30,600018,5.420,834,452028
2026-09-30,600019,5.860,4186,2452762
2026-09-30,600020,3.830,335,128305
2026-09-30,600021,12.810,88,112728
2026-09-30,600022,1.290,3280,423120
2026-09-30,600023,5.190,1374,713106
2026-09-30,600025,9.800,589,577220
2026-09-30,600026,20.310,3056,6206736
2026-09-30,600027,4.870,1110,540570
2026-09-30,600028,5.210,22309,11622989
2026-09-30,600029,4.850,2629,1275065
2026-09-30,600030,25.900,3434,8894060
2026-09-30,600031,17.060,1835,3130510
2026-09-30,600032,8.090,43253,34991677
2026-09-30,600033,3.620,806,291772
2026-09-30,600035,3.670,333,122211
2026-09-30,600036,40.590,2070,8402130
2026-09-30,600037,7.110,1310,931410
2026-09-30,600038,26.730,187,499851
2026-09-30,600039,8.780,1165,1022870
2026-09-30,600048,5.630,124162,69903206
2026-09-30,600050,4.170,2222,926574
2026-09-30,600051,6.390,968,618552
2026-09-30,600052,3.800,599,227620
2026-09-30,600054,10.530,211,222183
2026-09-30,600055,10.500,157,164850
2026-09-30,600056,8.780,278,244084
2026-09-30,600057,6.000,57,34200
2026-09-30,600058,8.560,200,171200
2026-09-30,600059,11.370,12381,14077231
2026-09-30,600060,27.340,51,139434
2026-09-30,600061,6.150,1183,727545
2026-09-30,600062,15.970,96,153312
2026-09-30,600063,5.370,2964,1591668
2026-09-30,600064,7.750,1301,1008275
2026-09-30,600066,26.100,3802,9923220
2026-09-30,600067,2.630,1503,395289
2026-09-30,600071,16.250,8,13000
2026-09-30,600072,8.850,253,223905
2026-09-30,600073,5.490,135,74115
2026-09-30,600075,4.540,343,155722
2026-09-30,600076,2.150,3122,671230
2026-09-30,600078,9.800,94,92120
2026-09-30,600081,10.770,219,235863
2026-09-30,600085,23.380,234,547092
2026-09-30,600088,13.550,1698,2300790
2026-09-30,600089,17.180,1104,1896672
2026-09-30,600094,4.090,881,360329
2026-09-30,600095,8.930,6454,5763422
2026-09-30,600096,27.320,392,1070944
2026-09-30,600097,9.340,84,78456
2026-09-30,600098,6.220,502,312244
2026-09-30,600099,9.510,202,192102
2026-09-30,600100,6.540,678,443412
2026-09-30,600101,7.810,78,60918
2026-09-30,600103,3.460,9009,3117114
2026-09-30,600104,10.710,1020,1092420
2026-09-30,600105,37.470,4754,17813238
2026-09-30,600106,4.450,92,40940
2026-09-30,600108,3.900,2867,1118130
2026-09-30,600109,8.110,222,180042
2026-09-30,600110,11.260,4383,4935258
2026-09-30,600111,35.500,735,2609250
2026-09-30,600113,27.890,25,69725
2026-09-30,600114,25.430,52,132236
2026-09-30,600115,3.350,18394,6161990
2026-09-30,600116,6.080,154,93632
2026-09-30,600117,2.170,19,4123
2026-09-30,600118,55.650,797,4435305
2026-09-30,600120,4.630,470,217610
2026-09-30,600121,5.330,17299,9220367
2026-09-30,600123,6.820,591,403062
2026-09-30,600125,5.230,106,55438
2026-09-30,600126,6.080,1263,767904
2026-09-30,600127,12.800,44842,57398003
2026-09-30,600128,8.670,113,97971
2026-09-30,600129,13.210,297,392337
2026-09-30,600130,4.610,334,153974
2026-09-30,600131,14.050,102,143310
2026-09-30,600132,37.400,148,553520
2026-09-30,600133,7.760,101,78376
2026-09-30,600135,7.540,106,79924
2026-09-30,600137,18.400,80,147200
2026-09-30,600138,6.940,190,131860
2026-09-30,600141,26.600,753,2002980
2026-09-30,600143,12.750,290,369750
2026-09-30,600148,15.920,115,183080
2026-09-30,600149,5.140,544,279616
2026-09-30,600150,39.130,7667,30000306
2026-09-30,600151,9.180,193,177174
2026-09-30,600152,8.810,24076,21210956
2026-09-30,600153,8.600,3169,2725340
2026-09-30,600155,5.940,308,182952
2026-09-30,600156,7.770,8569,6658113
2026-09-30,600157,1.450,35688,5174760
2026-09-30,600158,6.990,79,55221
2026-09-30,600159,2.800,5788,1620640
2026-09-30,600160,33.270,434,1443918
2026-09-30,600161,12.120,69,83628
2026-09-30,600162,4.370,3953,1727461
2026-09-30,600163,5.550,11911,6610605
2026-09-30,600165,3.320,1774,588968
2026-09-30,600179,4.360,481,209716
2026-09-30,600182,12.420,180,223560
2026-09-30,600183,133.900,1791,23981490
2026-09-30,600184,18.390,619,1138341
2026-09-30,600185,4.780,480,229440
2026-09-30,600186,11.630,5109,5941767
2026-09-30,600188,19.140,505,966570
2026-09-30,600189,9.100,17357,15794870
2026-09-30,600191,8.720,87,75864
2026-09-30,600192,7.280,498,362544
2026-09-30,600195,6.690,48,32112
2026-09-30,600196,23.470,1179,2767113
2026-09-30,600197,9.190,41,37679
2026-09-30,600198,7.320,227,166164
2026-09-30,600199,7.020,1896,1330887
2026-09-30,600221,1.210,10550,1276550
2026-09-30,600222,7.930,949,752557
2026-09-30,600223,5.670,61,34587
2026-09-30,600226,5.320,535,284620
2026-09-30,600227,3.850,4279,1647415
2026-09-30,600228,10.270,637,654199
2026-09-30,600229,5.860,209,122474
2026-09-30,600230,13.300,560,744800
2026-09-30,600231,1.660,1593,264438
2026-09-30,600232,6.810,787,535947
2026-09-30,600233,17.880,427,763476
2026-09-30,600234,19.710,11,21681
2026-09-30,600235,5.970,92,54924
2026-09-30,600236,9.230,307,283361
2026-09-30,600237,9.210,2370,2182770
2026-09-30,600251,9.790,889,870331
2026-09-30,600252,2.170,124,26908
2026-09-30,600255,3.400,856,291040
2026-09-30,600256,6.650,4025,2676625
2026-09-30,600257,5.470,281,153707
2026-09-30,600258,11.010,515,567015
2026-09-30,600259,74.400,85,632400
2026-09-30,600261,3.270,355,116085
2026-09-30,600262,14.590,350,510358
2026-09-30,600283,8.080,262,211696
2026-09-30,600284,5.100,595,303450
2026-09-30,600285,18.680,174,325032
2026-09-30,600287,5.050,103,52015
2026-09-30,600288,10.620,393,417366
2026-09-30,600323,29.100,15,43650
2026-09-30,600325,2.910,75986,22111926
2026-09-30,600326,6.700,996,667320
2026-09-30,600327,3.870,832,321984
2026-09-30,600328,5.600,289,161840
2026-09-30,600329,34.850,109,379865
2026-09-30,600330,28.150,2315,6516725
2026-09-30,600331,11.730,867,1016991
2026-09-30,600332,19.400,79,153260
2026-09-30,600333,6.710,360,241560
2026-09-30,600335,5.200,419,217880
2026-09-30,600336,6.390,40,25560
2026-09-30,600338,11.900,489,581910
2026-09-30,600339,3.200,2102,672640
2026-09-30,600343,19.300,1460,2817800
2026-09-30,600345,47.400,223,1057020
2026-09-30,600346,16.090,1114,1792426
2026-09-30,600348,8.720,1554,1355088
2026-09-30,600350,9.950,257,255715
2026-09-30,600351,6.700,808,541360
2026-09-30,600352,12.170,1359,1653903
2026-09-30,600353,29.500,833,2457350
2026-09-30,600354,9.050,3391,3068855
2026-09-30,600356,10.840,3686,3995624
2026-09-30,600358,5.850,2729,1596465
2026-09-30,600359,7.260,1360,987360
2026-09-30,600360,11.420,15776,18016192
2026-09-30,600361,3.460,337,116602
2026-09-30,600362,41.740,1277,5330198
2026-09-30,600366,10.760,165,177540
2026-09-30,600367,34.590,771,2666889
2026-09-30,600368,4.130,519,214347
2026-09-30,600369,3.910,1241,485231
2026-09-30,600371,12.600,9550,12033000
2026-09-30,600372,11.150,823,917645
2026-09-30,600373,7.520,189,142128
2026-09-30,600375,3.680,1050,386400
2026-09-30,600376,3.320,35210,11689720
2026-09-30,600377,12.990,173,224727
2026-09-30,600378,42.080,1064,4478154
2026-09-30,600379,14.290,78,112034
2026-09-30,600380,9.930,3816,3789288
2026-09-30,600382,5.570,1663,926291
2026-09-30,600383,2.470,126419,31225424
2026-09-30,600386,3.570,411,146727
2026-09-30,600388,16.690,47,78443
2026-09-30,600389,17.490,71,124179
2026-09-30,600390,4.800,952,456960
2026-09-30,600391,41.110,237,974307
2026-09-30,600392,20.280,1078,2186184
2026-09-30,600395,4.950,611,302445
2026-09-30,600396,12.470,4110,5125170
2026-09-30,600397,16.150,1495,2414425
2026-09-30,600398,5.620,301,169162
2026-09-30,600399,4.270,637,271999
2026-09-30,600400,3.330,1466,488178
2026-09-30,600403,7.030,6281,4415543
2026-09-30,600405,5.020,147,73794
2026-09-30,600406,22.250,1875,4171875
2026-09-30,600408,3.030,1005,304515
2026-09-30,600409,6.060,106,64236
2026-09-30,600410,14.720,2041,3004352
2026-09-30,600415,10.730,1197,1284381
2026-09-30,600416,8.170,54,44118
2026-09-30,600418,26.030,32440,84440487
2026-09-30,600419,8.820,42,37044
2026-09-30,600420,8.230,107,88061
2026-09-30,600422,8.000,201,160800
2026-09-30,600425,3.650,1873,683645
2026-09-30,600426,19.110,438,837018
2026-09-30,600428,10.450,359,375155
2026-09-30,600429,4.750,1262,599450
2026-09-30,600433,3.240,281,91044
2026-09-30,600435,10.900,191,208190
2026-09-30,600436,115.260,40,461040
2026-09-30,600438,11.090,2066,2291194
2026-09-30,600444,14.670,117,171639
2026-09-30,600446,10.560,1025,1082400
2026-09-30,600448,3.150,9917,3123855
2026-09-30,600449,12.530,84,105252
2026-09-30,600452,8.720,295,257240
2026-09-30,600455,24.990,129,322371
2026-09-30,600456,24.590,70,172130
2026-09-30,600458,10.950,322,352590
2026-09-30,600459,18.050,256,462080
2026-09-30,600460,32.290,1302,4204158
2026-09-30,600461,8.760,439,384564
2026-09-30,600463,8.410,770,647570
2026-09-30,600467,2.430,975,236925
2026-09-30,600468,5.900,154,90860
2026-09-30,600469,4.910,95,46645
2026-09-30,600470,5.500,176,96800
2026-09-30,600475,14.340,26,37284
2026-09-30,600477,2.420,112,27104
2026-09-30,600478,4.500,628,282600
2026-09-30,600479,11.950,7807,9329365
2026-09-30,600480,7.660,393,301038
2026-09-30,600481,3.960,2075,821700
2026-09-30,600482,33.890,228,772692
2026-09-30,600483,10.830,502,543666
2026-09-30,600486,50.260,36,180936
2026-09-30,600487,57.550,14850,85461750
2026-09-30,600488,6.850,71606,49050110
2026-09-30,600489,21.590,5905,12748895
2026-09-30,600490,6.700,454,304180
2026-09-30,600493,6.580,328,215824
2026-09-30,600495,4.090,135,55215
2026-09-30,600496,3.330,74,24642
2026-09-30,600497,8.940,3950,3530871
2026-09-30,600498,36.600,2780,10174800
2026-09-30,600499,11.080,1854,2054232
2026-09-30,600500,5.100,3943,2010930
2026-09-30,600501,14.570,79,115103
2026-09-30,600502,4.170,1211,504987
2026-09-30,600503,2.450,49567,12143915
2026-09-30,600505,10.340,178,184052
2026-09-30,600506,16.370,1375,2250875
2026-09-30,600507,3.990,165,65835
2026-09-30,600508,10.370,128,132736
2026-09-30,600509,7.190,337,242303
2026-09-30,600510,6.620,501,331662
2026-09-30,600511,25.830,38,98154
2026-09-30,600512,2.090,1659,346731
2026-09-30,600513,15.000,483,724500
2026-09-30,600515,2.700,1451,391770
2026-09-30,600516,5.280,1238,653664
2026-09-30,600517,4.870,219,106653
2026-09-30,600518,1.330,3834,509922
2026-09-30,600519,1239.530,161,19956433
2026-09-30,600520,25.410,189,480249
2026-09-30,600521,15.970,314,501458
2026-09-30,600522,31.700,7477,23701646
2026-09-30,600523,11.870,135,160245
2026-09-30,600525,4.860,1610,782460
2026-09-30,600526,4.590,125,57375
2026-09-30,600527,2.170,415,90055
2026-09-30,600528,6.760,169,114244
2026-09-30,600529,17.970,125,224625
2026-09-30,600531,11.150,354,394710
2026-09-30,600533,2.290,3925,898825
2026-09-30,600535,13.750,202,277750
2026-09-30,600536,30.990,315,976185
2026-09-30,600538,4.730,193,91289
2026-09-30,600539,13.650,231,315315
2026-09-30,600540,5.610,7822,4388142
2026-09-30,600545,3.990,641,255759
2026-09-30,600546,12.940,666,861804
2026-09-30,600547,26.700,10667,28480890
2026-09-30,600548,8.080,897,724776
2026-09-30,600549,43.950,443,1946985
2026-09-30,600550,10.200,817,833340
2026-09-30,600551,7.920,1167,924486
2026-09-30,600552,17.300,2106,3643380
2026-09-30,600556,4.660,1749,815034
2026-09-30,600557,12.100,33,39930
2026-09-30,600558,4.770,663,316251
2026-09-30,600559,10.810,102,110262
2026-09-30,600560,11.550,110,127050
2026-09-30,600561,6.080,340,206720
2026-09-30,600562,26.570,173,459661
2026-09-30,600563,116.480,73,850304
2026-09-30,600566,24.860,18,44748
2026-09-30,600567,1.310,2672,350032
2026-09-30,600569,1.800,1505,270900
2026-09-30,600570,19.380,254,492252
2026-09-30,600571,10.280,93,95604
2026-09-30,600572,4.240,554,234896
2026-09-30,600573,10.300,775,798250
2026-09-30,600575,3.130,496,155248
2026-09-30,600576,5.380,473,254474
2026-09-30,600577,8.280,644,533232
2026-09-30,600578,5.150,700,360500
2026-09-30,600579,7.060,110,77660
2026-09-30,600580,26.150,443,1158445
2026-09-30,600582,4.830,817,394611
2026-09-30,600583,6.560,914,599584
2026-09-30,600584,66.220,1674,11085228
2026-09-30,600585,16.880,1231,2077928
2026-09-30,600586,3.960,91,36036
2026-09-30,600587,12.880,883,1137304
2026-09-30,600588,9.340,2227,2080018
2026-09-30,600589,7.530,2385,1795905
2026-09-30,600590,8.160,234,190944
2026-09-30,600592,14.780,2310,3414180
2026-09-30,600593,48.820,2543,12414926
2026-09-30,600594,3.590,190,68210
2026-09-30,600595,5.930,2122,1258346
2026-09-30,600596,10.500,1525,1601250
2026-09-30,600597,6.800,219,148920
2026-09-30,600598,12.450,444,552780
2026-09-30,600600,49.540,46,227884
2026-09-30,600601,13.730,11840,16256320
2026-09-30,600602,16.300,882,1437660
2026-09-30,600603,4.830,32,15456
2026-09-30,600604,4.800,2158,1035840
2026-09-30,600605,29.790,207,616653
2026-09-30,600606,1.480,168639,24958572
2026-09-30,600609,3.570,2517,898569
2026-09-30,600610,7.390,417,308163
2026-09-30,600611,4.330,1308,566364
2026-09-30,600612,30.790,31,95449
2026-09-30,600613,8.070,4318,3484626
2026-09-30,600615,9.600,63,60480
2026-09-30,600616,5.050,3318,1675590
2026-09-30,600617,3.310,1673,553763
2026-09-30,600618,9.530,128,121984
2026-09-30,600619,13.200,556,733920
2026-09-30,600620,4.390,215,94385
2026-09-30,600621,13.550,2258,3059590
2026-09-30,600622,2.500,7214,1803500
2026-09-30,600623,8.450,728,615160
2026-09-30,600626,3.770,173,65221
2026-09-30,600628,6.290,66,41514
2026-09-30,600629,16.650,985,1640025
2026-09-30,600630,7.710,4274,3295254
2026-09-30,600633,10.140,160,162240
2026-09-30,600635,4.400,560,246400
2026-09-30,600637,8.800,1682,1480160
2026-09-30,600638,5.230,3273,1711779
2026-09-30,600639,9.630,2281,2196170
2026-09-30,600640,12.630,961,1213743
2026-09-30,600654,3.050,1543,470615
2026-09-30,600655,4.520,334,150968
2026-09-30,600657,3.380,62218,21029769
2026-09-30,600658,4.230,1106,467838
2026-09-30,600660,53.000,399,2112421
2026-09-30,600661,9.620,8834,8498308
2026-09-30,600662,4.210,307,129247
2026-09-30,600663,9.290,8019,7449651
2026-09-30,600664,7.150,35787,25587705
2026-09-30,600665,3.420,847,289674
2026-09-30,600666,3.200,635,203200
2026-09-30,600667,18.210,8637,15727977
2026-09-30,600668,7.390,36,26604
2026-09-30,600671,21.610,12,25932
2026-09-30,600673,31.050,920,2856600
2026-09-30,600674,16.510,624,1030224
2026-09-30,600675,2.420,68380,16548008
2026-09-30,600676,6.620,1084,717608
2026-09-30,600679,10.520,11,11572
2026-09-30,600681,3.480,567,197316
2026-09-30,600682,5.800,1470,852600
2026-09-30,600683,9.380,3685,3456530
2026-09-30,600684,3.660,1914,700524
2026-09-30,600685,28.510,316,900916
2026-09-30,600686,11.160,1629,1817964
2026-09-30,600688,2.730,745,203385
2026-09-30,600689,12.040,42,50568
2026-09-30,600690,20.200,807,1630140
2026-09-30,600691,2.750,1748,480700
2026-09-30,600692,6.700,1492,999640
2026-09-30,600736,6.520,1423,927796
2026-09-30,600737,14.100,3630,5118300
2026-09-30,600738,4.220,161,67942
2026-09-30,600739,10.110,207,209277
2026-09-30,600740,3.690,50,18450
2026-09-30,600741,15.180,303,459954
2026-09-30,600742,7.600,226,171760
2026-09-30,600743,2.370,64684,15330108
2026-09-30,600744,6.050,2507,1516735
2026-09-30,600746,6.770,66,44682
2026-09-30,600748,4.030,5472,2205216
2026-09-30,600749,12.810,17,21777
2026-09-30,600750,22.300,44,98120
2026-09-30,600751,2.860,139,39754
2026-09-30,600754,17.890,322,576058
2026-09-30,600775,9.360,180,168480
2026-09-30,600776,12.430,394,489742
2026-09-30,600777,3.980,653,259894
2026-09-30,600778,5.800,494,286520
2026-09-30,600779,25.900,39,101010
2026-09-30,600780,6.110,962,587782
2026-09-30,600782,2.660,91,24206
2026-09-30,600783,14.900,1641,2445090
2026-09-30,600784,7.060,40,28240
2026-09-30,600785,10.280,555,570540
2026-09-30,600787,4.580,460,210680
2026-09-30,600789,7.640,612,467568
2026-09-30,600790,3.700,9158,3388460
2026-09-30,600791,6.970,2533,1765501
2026-09-30,600792,5.170,9310,4813270
2026-09-30,600793,16.430,47,77221
2026-09-30,600794,3.200,247,79040
2026-09-30,600795,5.350,2012,1076420
2026-09-30,600796,5.110,179,91469
2026-09-30,600797,6.510,43,27993
2026-09-30,600798,3.380,218,73684
2026-09-30,600800,3.210,135,43335
2026-09-30,600801,23.910,93,222363
2026-09-30,600802,6.720,24364,16372608
2026-09-30,600803,18.390,375,689625
2026-09-30,600805,4.650,1122,521730
2026-09-30,600807,2.710,256,69376
2026-09-30,600808,2.450,2110,516950
2026-09-30,600809,111.960,106,1186776
2026-09-30,600810,6.260,68,42568
2026-09-30,600812,4.870,2048,997376
2026-09-30,600814,6.880,4,2752
2026-09-30,600815,3.790,15112,5727448
2026-09-30,600816,2.350,1718,403730
2026-09-30,600817,9.750,21,20475
2026-09-30,600819,5.650,536,302840
2026-09-30,600820,5.220,192,100224
2026-09-30,600821,5.720,453,259116
2026-09-30,600822,9.200,560,515200
2026-09-30,600824,3.670,160,58720
2026-09-30,600825,10.350,45921,47527945
2026-09-30,600826,7.990,133,106267
2026-09-30,600827,7.800,713,556140
2026-09-30,600828,4.300,167,71810
2026-09-30,600829,9.320,37,34484
2026-09-30,600830,8.360,143,119548
2026-09-30,600831,3.480,2451,852948
2026-09-30,600833,10.590,511,541149
2026-09-30,600834,7.740,121,93654
2026-09-30,600835,18.210,37,67377
2026-09-30,600838,8.180,447,365646
2026-09-30,600839,6.410,1293,828813
2026-09-30,600841,5.650,89,50285
2026-09-30,600843,7.730,4802,3711946
2026-09-30,600844,3.240,2821,914004
2026-09-30,600845,17.860,558,996588
2026-09-30,600846,10.750,108,116100
2026-09-30,600847,13.070,684,893988
2026-09-30,600848,8.710,746,649766
2026-09-30,600850,13.690,27,36963
2026-09-30,600851,7.940,45,35730
2026-09-30,600853,3.310,1429,472999
2026-09-30,600854,4.800,1225,588000
2026-09-30,600855,12.450,26,32370
2026-09-30,600857,17.530,505,885265
2026-09-30,600858,4.950,263,130185
2026-09-30,600859,9.690,238,230622
2026-09-30,600860,7.550,7,5285
2026-09-30,600861,12.750,189,240975
2026-09-30,600862,17.770,35,62053
2026-09-30,600863,4.690,1242,582498
2026-09-30,600864,5.650,1217,687605
2026-09-30,600865,10.570,997,1053829
2026-09-30,600866,4.090,178,72802
2026-09-30,600867,7.690,198,152262
2026-09-30,600868,2.790,3193,890847
2026-09-30,600869,18.320,5612,10281184
2026-09-30,600871,2.080,7161,1489488
2026-09-30,600872,16.880,103,173864
2026-09-30,600873,7.250,225,163125
2026-09-30,600874,5.490,364,199836
2026-09-30,600875,23.110,792,1830312
2026-09-30,600876,7.570,343,259651
2026-09-30,600877,11.510,90,103590
2026-09-30,600879,13.750,1062,1460250
2026-09-30,600880,4.200,1848,776160
2026-09-30,600881,1.860,7771,1445406
2026-09-30,600882,18.710,11,20581
2026-09-30,600883,8.250,135,111375
2026-09-30,600884,11.500,2533,2912950
2026-09-30,600885,33.400,195,651300
2026-09-30,600886,15.150,536,812040
2026-09-30,600887,27.250,1553,4231925
2026-09-30,600888,9.700,3609,3500730
2026-09-30,600892,4.160,741,308256
2026-09-30,600893,38.600,562,2169320
2026-09-30,600894,7.760,2473,1919048
2026-09-30,600895,27.950,2051,5732545
2026-09-30,600897,15.080,306,461448
2026-09-30,600900,28.390,1863,5289057
2026-09-30,600901,6.850,1170,801450
2026-09-30,600903,6.530,1323,863919
2026-09-30,600905,3.520,1764,620928
2026-09-30,600906,6.300,463,291690
2026-09-30,600908,5.840,1156,675104
2026-09-30,600909,7.710,3013,2323023
2026-09-30,600916,7.160,1600,1145600
2026-09-30,600917,4.810,293,140933
2026-09-30,600918,5.400,729,393660
2026-09-30,600919,12.160,2488,3025408
2026-09-30,600925,4.120,187,77044
2026-09-30,600926,16.790,719,1207201
2026-09-30,600927,12.060,31,37386
2026-09-30,600928,3.480,1311,456228
2026-09-30,600929,6.010,774,465174
2026-09-30,600930,3.820,2991,1142562
2026-09-30,600933,13.310,200,266200
2026-09-30,600935,2.300,307,70610
2026-09-30,600936,4.340,6585,2857890
2026-09-30,600938,33.060,2735,9041910
2026-09-30,600939,2.670,1316,351372
2026-09-30,600941,94.900,1074,10192260
2026-09-30,600955,12.290,50,61450
2026-09-30,600956,7.060,48,33888
2026-09-30,600958,8.620,577,497374
2026-09-30,600959,3.110,1531,476141
2026-09-30,600960,3.910,470,183770
2026-09-30,600961,22.510,1048,2359048
2026-09-30,600962,25.390,111,281829
2026-09-30,600963,3.350,1291,432485
2026-09-30,600966,4.790,956,457924
2026-09-30,600967,12.800,1831,2343680
2026-09-30,600968,3.890,85,33065
2026-09-30,600969,9.590,182,174538
2026-09-30,600970,7.620,366,278892
2026-09-30,600971,8.140,70,56980
2026-09-30,600973,5.730,81,46413
2026-09-30,600975,5.210,645,336045
2026-09-30,600976,26.560,9,23904
2026-09-30,600977,13.210,1390,1836190
2026-09-30,600979,3.900,178,69420
2026-09-30,600980,18.800,79,148520
2026-09-30,600981,2.410,77,18557
2026-09-30,600982,5.640,34913,19690932
2026-09-30,600983,7.490,73,54677
2026-09-30,600984,3.540,2651,938454
2026-09-30,600985,15.850,402,637170
2026-09-30,600986,7.000,1348,943600
2026-09-30,600987,6.250,73,45625
2026-09-30,600988,38.580,2187,8437446
2026-09-30,600989,22.410,3090,6924690
2026-09-30,600990,17.650,15,26475
2026-09-30,600992,10.220,385,393470
2026-09-30,600993,22.210,27,59967
2026-09-30,600995,11.680,471,550128
2026-09-30,600996,6.910,543,375213
2026-09-30,600997,5.150,153,78795
2026-09-30,600998,4.980,1339,666822
2026-09-30,600999,17.010,771,1311471
2026-09-30,601000,4.590,482,221256
2026-09-30,601001,16.900,679,1147510
2026-09-30,601002,5.290,1824,964896
2026-09-30,601003,3.510,320,112320
2026-09-30,601005,1.200,4714,565697
2026-09-30,601006,4.660,3292,1534072
2026-09-30,601007,6.810,421,286701
2026-09-30,601008,4.340,89,38626
2026-09-30,601009,11.790,968,1141272
2026-09-30,601011,2.890,2443,706027
2026-09-30,601012,10.970,2237,2453989
2026-09-30,601015,3.570,6865,2450805
2026-09-30,601016,3.250,1333,433225
2026-09-30,601018,3.480,1437,500076
2026-09-30,601019,6.880,1285,884080
2026-09-30,601020,19.990,490,979510
2026-09-30,601021,40.070,348,1394436
2026-09-30,601022,8.260,182,150332
2026-09-30,601026,14.720,74,108928
2026-09-30,601033,14.100,139,195990
2026-09-30,601038,13.500,109,147150
2026-09-30,601058,13.130,961,1261793
2026-09-30,601061,10.530,281,295893
2026-09-30,601065,6.640,192,127488
2026-09-30,601066,23.100,238,549780
2026-09-30,601068,4.370,925,404225
2026-09-30,601069,24.500,814,1994300
2026-09-30,601077,6.600,3346,2208360
2026-09-30,601083,12.700,147,186690
2026-09-30,601086,13.750,11496,15807000
2026-09-30,601088,47.050,769,3618145
2026-09-30,601089,16.110,224,360864
2026-09-30,601096,3.930,574,225582
2026-09-30,601098,10.170,87,88489
2026-09-30,601099,3.480,3888,1353024
2026-09-30,601100,90.120,230,2071588
2026-09-30,601101,12.670,1020,1292340
2026-09-30,601106,2.930,617,180781
2026-09-30,601107,6.050,182,110110
2026-09-30,601108,8.180,494,404092
2026-09-30,601111,5.800,2629,1524820
2026-09-30,601112,16.330,217,354361
2026-09-30,601113,3.510,663,232713
2026-09-30,601116,9.850,169,166465
2026-09-30,601117,7.130,981,699453
2026-09-30,601118,6.280,42366,26605848
2026-09-30,601121,6.950,199,138305
2026-09-30,601126,37.010,402,1487876
2026-09-30,601127,46.810,2146,10045426
2026-09-30,601128,6.160,1680,1034880
2026-09-30,601133,23.790,269,639951
2026-09-30,601136,13.980,295,412410
2026-09-30,601137,19.270,132,254364
2026-09-30,601138,58.810,3553,20895193
2026-09-30,601139,6.180,323,199614
2026-09-30,601155,12.690,6746,8560674
2026-09-30,601156,18.040,42,75768
2026-09-30,601158,4.010,173,69373
2026-09-30,601162,3.570,2031,725067
2026-09-30,601163,12.240,19,23256
2026-09-30,601166,17.820,1368,2437776
2026-09-30,601168,35.210,1837,6468077
2026-09-30,601169,5.480,2910,1594680
2026-09-30,601177,13.630,196,267148
2026-09-30,601179,11.520,2626,3025152
2026-09-30,601186,5.960,500,298000
2026-09-30,601187,6.840,538,367992
2026-09-30,601188,2.870,220,63140
2026-09-30,601199,6.510,1027,668577
2026-09-30,601200,6.780,172,116616
2026-09-30,601208,50.030,3158,15799474
2026-09-30,601211,16.710,1129,1886559
2026-09-30,601212,5.630,10277,5785951
2026-09-30,601216,4.440,993,440892
2026-09-30,601218,5.990,69625,41705375
2026-09-30,601222,5.920,874,517408
2026-09-30,601225,25.590,1633,4178847
2026-09-30,601226,6.520,38,24776
2026-09-30,601228,3.050,929,283345
2026-09-30,601229,9.560,944,902464
2026-09-30,601231,24.340,644,1567496
2026-09-30,601233,22.490,672,1511328
2026-09-30,601236,6.940,1067,740498
2026-09-30,601238,6.160,231419,142554104
2026-09-30,601368,4.630,58,26854
2026-09-30,601369,8.440,353,297932
2026-09-30,601375,3.950,696,274920
2026-09-30,601377,5.720,1772,1013584
2026-09-30,601388,3.160,467,147572
2026-09-30,601390,4.250,2311,982175
2026-09-30,601398,8.170,13895,11352215
2026-09-30,601399,3.130,1181,369653
2026-09-30,601456,8.530,589,502417
2026-09-30,601500,3.860,261,100746
2026-09-30,601512,8.440,356,300464
2026-09-30,601515,3.190,95,30305
2026-09-30,601518,2.770,633,175341
2026-09-30,601519,9.110,22129,20159519
2026-09-30,601528,5.030,119,59857
2026-09-30,601609,11.550,1081,1248555
2026-09-30,601611,10.010,823,823823
2026-09-30,601615,9.770,1383,1351191
2026-09-30,601616,3.800,50,19000
2026-09-30,601618,2.500,726,181500
2026-09-30,601619,3.860,223,86078
2026-09-30,601628,36.620,796,2914952
2026-09-30,601633,13.670,452,617884
2026-09-30,601636,5.280,1185,625680
2026-09-30,601658,5.400,9213,4975020
2026-09-30,601665,6.940,506,351164
2026-09-30,601666,8.720,273,238056
2026-09-30,601668,4.270,8002,3416854
2026-09-30,601669,4.530,6100,2763300
2026-09-30,601677,16.070,670,1076690
2026-09-30,601727,6.430,1046,672578
2026-09-30,601728,6.270,2090,1310430
2026-09-30,601766,6.100,2146,1309060
2026-09-30,601777,7.940,2050,1627700
2026-09-30,601778,3.400,4038,1372920
2026-09-30,601825,8.590,64,54976
2026-09-30,601827,7.860,58,45588
2026-09-30,601828,2.170,2258,489986
2026-09-30,601838,18.900,613,1158570
2026-09-30,601857,11.120,7094,7888528
2026-09-30,601881,11.550,1497,1729035
2026-09-30,601882,22.980,243,558414
2026-09-30,601886,13.160,416,547456
2026-09-30,601888,50.970,386,1967442
2026-09-30,601890,9.280,1025,951200
2026-09-30,601898,13.830,2774,3836442
2026-09-30,601899,29.500,6967,20551854
2026-09-30,601900,12.590,561,706299
2026-09-30,601901,6.660,929,618714
2026-09-30,601908,2.920,477,139284
2026-09-30,601916,2.880,1768,509184
2026-09-30,601918,11.400,2086,2378040
2026-09-30,601919,16.300,1573,2563990
2026-09-30,601921,7.560,167,126252
2026-09-30,601928,8.280,127,105156
2026-09-30,601929,2.350,3467,814745
2026-09-30,601933,2.970,7240,2150280
2026-09-30,601939,11.010,4878,5370678
2026-09-30,601949,6.000,13999,8399400
2026-09-30,601952,8.720,471,410712
2026-09-30,601956,5.100,360,183600
2026-09-30,601958,19.310,677,1307287
2026-09-30,601963,11.020,621,684342
2026-09-30,601965,13.310,965,1284415
2026-09-30,601966,10.380,12,12456
2026-09-30,601968,4.480,560,250880
2026-09-30,601969,8.880,188,166944
2026-09-30,601975,4.430,4055,1796569
2026-09-30,601985,9.040,4052,3663008
2026-09-30,601988,6.640,6710,4455440
2026-09-30,601990,6.570,122,80154
2026-09-30,601991,5.250,4451,2336628
2026-09-30,601992,1.420,2117,300614
2026-09-30,601995,30.620,1920,5879040
2026-09-30,601996,2.910,1273,370443
2026-09-30,601997,5.570,7819,4355183
2026-09-30,601998,9.000,1997,1797300
2026-09-30,601999,7.030,4590,3226770
2026-09-30,603000,16.610,442,734162
2026-09-30,603001,11.900,1717,2043242
2026-09-30,603002,17.650,1261,2225665
2026-09-30,603004,19.420,451,875842
2026-09-30,603005,28.100,384,1079040
2026-09-30,603006,10.920,52,56784
2026-09-30,603007,4.530,1068,483804
2026-09-30,603009,45.570,157,715449
2026-09-30,603010,12.130,38,46094
2026-09-30,603011,25.080,1117,2801436
2026-09-30,603012,8.590,259,222481
2026-09-30,603013,14.200,90,127800
2026-09-30,603014,30.880,14,43232
2026-09-30,603015,10.440,72,75168
2026-09-30,603016,31.880,112,357056
2026-09-30,603017,10.350,2124,2198340
2026-09-30,603018,5.200,115,59800
2026-09-30,603019,80.700,373,3010110
2026-09-30,603020,12.310,1007,1239617
2026-09-30,603022,9.170,222,203574
2026-09-30,603023,4.140,220,91080
2026-09-30,603025,13.000,27,35100
2026-09-30,603026,55.880,141,787908
2026-09-30,603027,7.150,147,105105
2026-09-30,603028,7.260,104,75504
2026-09-30,603029,16.760,158,264808
2026-09-30,603030,2.070,4657,963999
2026-09-30,603031,36.570,171,625347
2026-09-30,603032,17.700,88,155760
2026-09-30,603033,7.640,83,63412
2026-09-30,603035,10.450,22,22990
2026-09-30,603036,13.840,173,239432
2026-09-30,603037,10.470,1809,1894023
2026-09-30,603038,15.710,14,21994
2026-09-30,603039,34.600,383,1325180
2026-09-30,603040,44.300,56,248080
2026-09-30,603041,11.660,104,121264
2026-09-30,603042,16.950,4311,7307145
2026-09-30,603043,12.970,110,142670
2026-09-30,603045,47.600,230,1094800
2026-09-30,603048,24.590,1,2459
2026-09-30,603049,43.930,42,184506
2026-09-30,603050,16.620,92,152904
2026-09-30,603051,24.820,94,233308
2026-09-30,603052,53.650,96,515040
2026-09-30,603053,8.720,29,25288
2026-09-30,603055,9.060,204,184824
2026-09-30,603057,17.720,27,47844
2026-09-30,603058,8.740,355,310270
2026-09-30,603059,25.890,75,194175
2026-09-30,603060,5.550,910,505050
2026-09-30,603061,319.000,72,2296800
2026-09-30,603063,28.380,198,561924
2026-09-30,603065,15.070,618,931326
2026-09-30,603066,9.320,223,207836
2026-09-30,603067,41.290,3563,14711627
2026-09-30,603068,45.410,1071,4863411
2026-09-30,603069,13.540,117,158418
2026-09-30,603070,11.380,11,12518
2026-09-30,603071,12.310,29,35699
2026-09-30,603072,29.860,15,44790
2026-09-30,603073,19.300,621,1198530
2026-09-30,603075,20.000,113,226000
2026-09-30,603076,20.410,18,36738
2026-09-30,603077,2.180,532,115976
2026-09-30,603078,29.870,139,415193
2026-09-30,603079,13.200,2,2640
2026-09-30,603080,19.690,112,220528
2026-09-30,603081,9.470,12,11364
2026-09-30,603082,42.600,253,1077780
2026-09-30,603083,205.000,2509,51434500
2026-09-30,603085,9.870,215,212205
2026-09-30,603086,5.870,306,179622
2026-09-30,603087,75.030,251,1883253
2026-09-30,603088,10.040,73,73292
2026-09-30,603090,36.990,100,369900
2026-09-30,603091,45.390,10,45390
2026-09-30,603092,48.010,566,2717366
2026-09-30,603093,13.580,663,900354
2026-09-30,603095,14.190,25,35475
2026-09-30,603096,16.460,44,72424
2026-09-30,603097,18.470,82,151454
2026-09-30,603098,10.860,140,152040
2026-09-30,603099,39.780,436,1734408
2026-09-30,603100,18.440,728,1342432
2026-09-30,603101,7.350,38,27930
2026-09-30,603102,37.090,41,152069
2026-09-30,603103,16.130,166,267758
2026-09-30,603105,8.860,761,674246
2026-09-30,603106,7.280,120,87360
2026-09-30,603107,12.140,49,59486
2026-09-30,603108,10.010,513,513513
2026-09-30,603109,17.470,5,8735
2026-09-30,603110,25.300,284,718520
2026-09-30,603111,6.170,74,45658
2026-09-30,603112,16.680,67,111756
2026-09-30,603113,4.880,111,54168
2026-09-30,603115,72.280,384,2775552
2026-09-30,603116,7.590,1920,1457280
2026-09-30,603117,4.030,284,114452
2026-09-30,603118,16.870,5039,8500793
2026-09-30,603119,52.110,154,802494
2026-09-30,603120,58.260,78,454428
2026-09-30,603121,12.610,95,119795
2026-09-30,603122,14.180,6492,9205656
2026-09-30,603123,9.240,307,283668
2026-09-30,603124,121.000,242,2928200
2026-09-30,603125,21.100,488,1029680
2026-09-30,603126,6.280,487,305836
2026-09-30,603127,44.700,1581,7067070
2026-09-30,603128,5.340,62,33108
2026-09-30,603129,283.390,71,2012069
2026-09-30,603130,39.010,29,113129
2026-09-30,603131,13.750,74,101750
2026-09-30,603132,18.330,419,768027
2026-09-30,603135,8.650,349,301885
2026-09-30,603136,9.090,433,393597
2026-09-30,603137,18.050,146,263530
2026-09-30,603138,14.950,1792,2679040
2026-09-30,603139,35.230,20,70460
2026-09-30,603150,68.200,36,245520
2026-09-30,603151,18.130,162,293706
2026-09-30,603153,13.500,86,116100
2026-09-30,603155,14.790,525,776475
2026-09-30,603156,43.950,416,1828320
2026-09-30,603158,10.500,383,402150
2026-09-30,603159,23.150,41,94915
2026-09-30,603160,54.500,295,1607750
2026-09-30,603162,12.750,548,698700
2026-09-30,603163,76.510,29,221879
2026-09-30,603165,13.270,227,301229
2026-09-30,603166,10.730,35,37555
2026-09-30,603167,8.000,57,45600
2026-09-30,603168,6.050,317,191785
2026-09-30,603169,5.900,438,258420
2026-09-30,603170,13.740,830,1140420
2026-09-30,603171,39.990,123,491877
2026-09-30,603172,19.890,86,171054
2026-09-30,603173,29.090,7,20363
2026-09-30,603175,112.090,100,1120900
2026-09-30,603176,5.300,32,16960
2026-09-30,603177,11.020,16,17632
2026-09-30,603178,16.430,1303,2140829
2026-09-30,603179,40.300,375,1511250
2026-09-30,603180,15.900,5,7950
2026-09-30,603181,12.180,60,73080
2026-09-30,603182,13.740,74,101676
2026-09-30,603185,13.970,366,511302
2026-09-30,603186,211.990,1471,31183729
2026-09-30,603187,10.630,15,15945
2026-09-30,603188,4.860,18441,8962326
2026-09-30,603190,16.360,26,42536
2026-09-30,603192,19.970,47,93859
2026-09-30,603193,20.010,11,22011
2026-09-30,603194,32.860,17,55862
2026-09-30,603195,38.090,75,285675
2026-09-30,603196,17.940,31,55614
2026-09-30,603197,28.930,9,26037
2026-09-30,603198,37.700,50,188500
2026-09-30,603199,32.140,17,54638
2026-09-30,603200,41.480,8422,34934456
2026-09-30,603201,15.330,46,70518
2026-09-30,603202,51.030,49,250047
2026-09-30,603203,43.480,165,717420
2026-09-30,603205,21.610,14,30254
2026-09-30,603206,13.880,117,162396
2026-09-30,603207,24.120,112,270144
2026-09-30,603208,11.490,69,79281
2026-09-30,603209,14.520,41,59532
2026-09-30,603211,19.100,100,191000
2026-09-30,603212,11.800,217,256060
2026-09-30,603213,13.780,157,216346
2026-09-30,603214,13.890,107,148623
2026-09-30,603215,15.230,79,120317
2026-09-30,603216,21.730,427,927871
2026-09-30,603217,26.700,208,555360
2026-09-30,603218,9.430,802,756286
2026-09-30,603219,12.850,94,120790
2026-09-30,603220,17.180,163,280034
2026-09-30,603221,25.800,1402,3617160
2026-09-30,603222,8.050,2452,1973860
2026-09-30,603223,9.410,127,119507
2026-09-30,603225,16.730,618,1033914
2026-09-30,603226,30.060,622,1869732
2026-09-30,603227,7.360,55,40480
2026-09-30,603228,102.000,1695,17289000
2026-09-30,603229,8.130,265,215445
2026-09-30,603230,15.500,15175,23521250
2026-09-30,603231,17.310,79,136749
2026-09-30,603232,16.690,2604,4346076
2026-09-30,603233,17.980,21,37758
2026-09-30,603235,25.300,89,225170
2026-09-30,603236,70.880,398,2821024
2026-09-30,603237,15.250,46,70150
2026-09-30,603238,12.850,169,217165
2026-09-30,603239,13.790,3,4137
2026-09-30,603248,21.150,2748,5812020
2026-09-30,603255,30.820,40,123280
2026-09-30,603256,140.700,460,6472200
2026-09-30,603257,64.980,31,201438
2026-09-30,603258,14.170,235,332995
2026-09-30,603259,160.010,1984,31748224
2026-09-30,603260,31.200,107,333840
2026-09-30,603261,50.000,94,470000
2026-09-30,603262,17.190,23,39537
2026-09-30,603266,18.980,991,1880918
2026-09-30,603267,47.550,201,955755
2026-09-30,603268,213.000,266,5667930
2026-09-30,603269,23.720,194,460168
2026-09-30,603270,31.870,107,341009
2026-09-30,603271,38.320,46,176272
2026-09-30,603273,14.760,85,125460
2026-09-30,603275,37.260,23,85698
2026-09-30,603276,17.750,17,30175
2026-09-30,603277,11.210,11,12331
2026-09-30,603278,10.130,35621,36084073
2026-09-30,603279,10.750,61,65575
2026-09-30,603280,27.300,56,152880
2026-09-30,603281,18.200,32,58240
2026-09-30,603282,17.330,16,27728
2026-09-30,603283,43.250,171,739575
2026-09-30,603284,40.570,1,4057
2026-09-30,603285,36.670,58,212686
2026-09-30,603286,44.990,50,224950
2026-09-30,603296,75.800,350,2653000
2026-09-30,603297,107.880,3,32364
2026-09-30,603298,21.970,70,153790
2026-09-30,603299,8.620,46,39652
2026-09-30,603300,4.550,128,58240
2026-09-30,603301,76.000,57,433200
2026-09-30,603303,28.270,12,33924
2026-09-30,603305,11.200,597,668640
2026-09-30,603306,72.380,747,5406786
2026-09-30,603323,4.430,583,258269
2026-09-30,603324,25.340,87,220458
2026-09-30,603325,52.850,4,21140
2026-09-30,603326,7.650,229,175185
2026-09-30,603327,8.050,637,512785
2026-09-30,603348,14.570,25,36425
2026-09-30,603350,28.680,22,63096
2026-09-30,603351,27.280,36,98208
2026-09-30,603352,25.080,31,77748
2026-09-30,603353,40.550,218,883990
2026-09-30,603355,30.420,75,228150
2026-09-30,603356,16.600,46,76360
2026-09-30,603357,6.000,95,57000
2026-09-30,603358,43.080,149,641892
2026-09-30,603360,12.200,157,191540
2026-09-30,603363,2.790,1693,472347
2026-09-30,603365,15.880,391,620908
2026-09-30,603366,7.370,665,490105
2026-09-30,603367,14.200,252,357840
2026-09-30,603368,15.090,84,126756
2026-09-30,603369,27.120,359,973608
2026-09-30,603370,27.350,23,62905
2026-09-30,603373,52.830,574,3032442
2026-09-30,603375,47.000,163,766100
2026-09-30,603376,26.300,52,136760
2026-09-30,603379,49.210,45,221445
2026-09-30,603380,33.010,5,16505
2026-09-30,603381,14.800,21,31080
2026-09-30,603382,18.980,72,136656
2026-09-30,603390,11.050,3326,3675230
2026-09-30,603391,69.550,89,618995
2026-09-30,603392,26.600,84,223440
2026-09-30,603393,24.390,204,497556
2026-09-30,603395,24.690,223,550587
2026-09-30,603396,34.800,5665,19714200
2026-09-30,603399,13.290,1952,2594208
2026-09-30,603400,60.140,13909,83649207
2026-09-30,603402,60.000,62,372000
2026-09-30,603406,27.630,36,99468
2026-09-30,603407,58.000,79,458200
2026-09-30,603408,11.610,29,33669
2026-09-30,603409,17.670,22,38874
2026-09-30,603416,46.400,35,162400
2026-09-30,603418,48.200,253,1219460
2026-09-30,603421,6.400,1007,644480
2026-09-30,603435,45.360,124,562464
2026-09-30,603439,13.490,270,364230
2026-09-30,603444,336.060,37,1243422
2026-09-30,603456,16.250,308,500500
2026-09-30,603458,11.000,459,504900
2026-09-30,603459,83.830,188,1576004
2026-09-30,603466,11.880,1824,2166912
2026-09-30,603468,22.500,712,1601978
2026-09-30,603477,14.310,512,732672
2026-09-30,603486,49.260,81,399006
2026-09-30,603488,7.790,46,35834
2026-09-30,603489,28.940,65,188110
2026-09-30,603496,22.080,106,234048
2026-09-30,603499,12.830,39,50037
2026-09-30,603500,10.430,3110,3243730
2026-09-30,603501,80.900,236,1909240
2026-09-30,603505,14.060,322,452732
2026-09-30,603506,12.100,1207,1460470
2026-09-30,603507,27.550,1279,3522901
2026-09-30,603508,20.520,22,45144
2026-09-30,603511,13.000,173,224900
2026-09-30,603515,14.680,185,271580
2026-09-30,603516,78.290,157,1229153
2026-09-30,603518,7.850,194,152290
2026-09-30,603519,16.640,169,281216
2026-09-30,603520,8.400,107,89880
2026-09-30,603527,9.840,246,242064
2026-09-30,603528,6.490,57,36993
2026-09-30,603529,21.800,415,904700
2026-09-30,603530,40.990,20,81980
2026-09-30,603533,23.900,9244,22093160
2026-09-30,603535,6.170,34,20978
2026-09-30,603536,10.050,35,35175
2026-09-30,603538,26.510,2565,6799815
2026-09-30,603551,9.420,182,171444
2026-09-30,603556,22.310,54,120474
2026-09-30,603558,13.070,80,104560
2026-09-30,603559,8.890,135,120015
2026-09-30,603565,11.420,157,179294
2026-09-30,603566,10.250,49,50225
2026-09-30,603567,5.200,270,140400
2026-09-30,603568,13.250,137,181525
2026-09-30,603569,5.880,73,42924
2026-09-30,603577,9.720,39,37908
2026-09-30,603578,14.500,519,752550
2026-09-30,603579,17.850,12,21420
2026-09-30,603580,76.640,434,3326176
2026-09-30,603583,27.980,15,41970
2026-09-30,603585,10.540,93,98022
2026-09-30,603586,14.080,75,105600
2026-09-30,603587,12.170,48,58416
2026-09-30,603588,16.500,1021,1684650
2026-09-30,603589,17.370,565,981405
2026-09-30,603590,29.160,172,501552
2026-09-30,603596,27.850,273,760305
2026-09-30,603598,19.100,10797,20622270
2026-09-30,603599,10.120,23,23276
2026-09-30,603600,10.260,42,43092
2026-09-30,603601,9.790,4489,4394731
2026-09-30,603602,12.740,6048,7705152
2026-09-30,603605,54.000,309,1668600
2026-09-30,603606,35.360,261,922896
2026-09-30,603607,23.500,359,843650
2026-09-30,603608,19.710,117,230607
2026-09-30,603609,6.300,51,32130
2026-09-30,603610,13.300,1432,1904361
2026-09-30,603611,15.510,4,6204
2026-09-30,603612,15.850,32,50720
2026-09-30,603613,18.880,296,558848
2026-09-30,603615,18.650,131,244315
2026-09-30,603616,5.790,3865,2237835
2026-09-30,603617,6.900,169,116610
2026-09-30,603618,34.300,3068,10523240
2026-09-30,603619,20.940,2800,5863200
2026-09-30,603626,24.000,10283,24679176
2026-09-30,603628,10.360,174,180264
2026-09-30,603629,99.190,783,7766676
2026-09-30,603630,15.400,2481,3820740
2026-09-30,603633,6.440,231,148764
2026-09-30,603636,8.080,23725,19169800
2026-09-30,603637,13.810,75,103575
2026-09-30,603638,19.700,470,925900
2026-09-30,603639,10.360,49,50764
2026-09-30,603648,9.600,62,59520
2026-09-30,603650,65.180,1204,7847672
2026-09-30,603655,31.160,13,40508
2026-09-30,603656,17.480,8,13984
2026-09-30,603657,39.000,643,2507700
2026-09-30,603658,33.490,89,298061
2026-09-30,603659,21.300,882,1878660
2026-09-30,603660,9.350,305,285175
2026-09-30,603661,33.280,72,239616
2026-09-30,603662,48.200,57,274740
2026-09-30,603663,44.590,845,3767855
2026-09-30,603665,24.400,794,1937360
2026-09-30,603666,26.720,29,77488
2026-09-30,603667,49.950,595,2972025
2026-09-30,603668,12.020,18,21636
2026-09-30,603669,6.020,345,207690
2026-09-30,603676,8.960,14,12544
2026-09-30,603677,14.500,97,140650
2026-09-30,603678,43.910,190,834290
2026-09-30,603679,23.130,301,696213
2026-09-30,603680,10.020,4,4008
2026-09-30,603681,19.000,261,495900
2026-09-30,603682,9.450,69,65205
2026-09-30,603683,15.490,579,896871
2026-09-30,603686,14.110,586,826846
2026-09-30,603687,14.360,330,473880
2026-09-30,603688,44.990,169,760331
2026-09-30,603689,7.660,30,22980
2026-09-30,603690,23.180,251,581818
2026-09-30,603693,12.750,2719,3466725
2026-09-30,603696,13.220,542,716524
2026-09-30,603697,9.500,82,77900
2026-09-30,603698,20.090,292,586628
2026-09-30,603699,43.780,100,437800
2026-09-30,603700,11.610,18,20898
2026-09-30,603701,18.180,4,7272
2026-09-30,603703,9.980,307,306386
2026-09-30,603706,17.040,29,49416
2026-09-30,603707,7.900,140,110600
2026-09-30,603708,8.890,78,69342
2026-09-30,603709,12.920,293,378556
2026-09-30,603711,11.660,22,25652
2026-09-30,603712,11.350,234,265590
2026-09-30,603713,66.430,21,139503
2026-09-30,603716,16.910,316,534356
2026-09-30,603717,6.100,812,495320
2026-09-30,603719,9.090,107,97263
2026-09-30,603721,18.750,1021,1914375
2026-09-30,603722,28.550,35,99925
2026-09-30,603725,12.150,1020,1239300
2026-09-30,603726,23.620,39,92118
2026-09-30,603727,19.280,1935,3730680
2026-09-30,603728,52.500,152,798000
2026-09-30,603730,9.780,582,569196
2026-09-30,603733,17.650,168,296520
2026-09-30,603737,21.420,2415,5172930
2026-09-30,603738,34.350,591,2030085
2026-09-30,603739,12.870,55,70785
2026-09-30,603755,25.510,64,163264
2026-09-30,603757,69.440,428,2972032
2026-09-30,603758,10.780,24,25872
2026-09-30,603759,7.970,117,93249
2026-09-30,603766,14.110,156,220116
2026-09-30,603767,15.260,2887,4405562
2026-09-30,603768,11.860,718,851548
2026-09-30,603773,90.610,2515,22788415
2026-09-30,603776,21.000,46,96600
2026-09-30,603777,13.830,40,55320
2026-09-30,603778,8.130,9155,7443015
2026-09-30,603779,8.060,51,41106
2026-09-30,603786,37.170,9,33453
2026-09-30,603787,10.550,220,232100
2026-09-30,603788,13.690,33,45177
2026-09-30,603790,25.000,8,20000
2026-09-30,603797,5.400,28116,15182640
2026-09-30,603798,13.750,137,188375
2026-09-30,603799,34.090,1173,3998757
2026-09-30,603800,54.700,37,202390
2026-09-30,603801,6.260,701,438826
2026-09-30,603803,11.720,2233,2617076
2026-09-30,603806,13.790,380,524020
2026-09-30,603808,8.890,84,74676
2026-09-30,603809,8.490,15,12735
2026-09-30,603810,12.320,271,333872
2026-09-30,603811,6.960,10,6960
2026-09-30,603813,26.090,18,46962
2026-09-30,603815,5.090,22,11198
2026-09-30,603816,22.950,209,479655
2026-09-30,603817,5.770,702,405054
2026-09-30,603818,4.010,1235,495235
2026-09-30,603819,16.740,548,917352
2026-09-30,603823,43.000,3253,13987900
2026-09-30,603826,15.770,681,1073937
2026-09-30,603829,15.740,110,173140
2026-09-30,603833,30.140,217,654038
2026-09-30,603836,9.660,123,118818
2026-09-30,603839,6.930,86,59598
2026-09-30,603848,13.220,144,190368
2026-09-30,603855,16.930,13,22009
2026-09-30,603856,11.760,299,351624
2026-09-30,603858,14.500,51,73950
2026-09-30,603859,38.450,51,196095
2026-09-30,603860,26.760,235,628860
2026-09-30,603861,10.900,222,241980
2026-09-30,603863,12.250,463,567175
2026-09-30,603866,4.210,329,138509
2026-09-30,603867,35.090,171,600039
2026-09-30,603868,30.850,23,70955
2026-09-30,603871,11.890,852,1013028
2026-09-30,603876,17.190,327,562113
2026-09-30,603877,11.880,82,97416
2026-09-30,603878,4.920,29,14268
2026-09-30,603879,5.020,154,77308
2026-09-30,603880,8.600,1338,1150680
2026-09-30,603881,23.160,741,1716156
2026-09-30,603882,28.200,316,891120
2026-09-30,603883,12.860,85,109310
2026-09-30,603885,9.800,448,439040
2026-09-30,603886,13.160,246,323736
2026-09-30,603887,8.500,321,272850
2026-09-30,603888,17.200,954,1640880
2026-09-30,603889,5.970,133,79401
2026-09-30,603890,15.210,1906,2899026
2026-09-30,603893,214.390,695,14900105
2026-09-30,603895,26.830,164,440012
2026-09-30,603896,14.700,11,16170
2026-09-30,603897,29.450,275,809875
2026-09-30,603898,11.730,346,405858
2026-09-30,603899,21.830,47,102601
2026-09-30,603900,6.330,288,182304
2026-09-30,603901,9.380,150,140700
2026-09-30,603903,14.010,451,631851
2026-09-30,603906,17.520,1048,1836096
2026-09-30,603908,19.900,44,87560
2026-09-30,603909,10.130,634,642242
2026-09-30,603912,9.100,512,465920
2026-09-30,603915,13.200,267,352440
2026-09-30,603916,10.500,1,1050
2026-09-30,603917,14.120,63,88956
2026-09-30,603918,10.590,65,68835
2026-09-30,603919,15.820,74,117068
2026-09-30,603920,46.690,1572,7339668
2026-09-30,603926,16.930,44,74492
2026-09-30,603927,13.630,121,164923
2026-09-30,603928,11.880,57,67716
2026-09-30,603929,143.070,37,529359
2026-09-30,603931,34.080,164,558912
2026-09-30,603933,18.830,21,39543
2026-09-30,603936,20.520,1878,3853656
2026-09-30,603937,12.850,1070,1374950
2026-09-30,603938,44.490,552,2455848
2026-09-30,603939,23.400,960,2246681
2026-09-30,603948,19.450,13,25285
2026-09-30,603949,20.460,25790,52766340
2026-09-30,603982,6.480,185,119880
2026-09-30,603983,30.430,1,3043
2026-09-30,603985,17.090,474,810066
2026-09-30,603986,369.750,1265,46774854
2026-09-30,603987,7.500,27,20250
2026-09-30,603988,17.100,41,70110
2026-09-30,603989,28.200,521,1469220
2026-09-30,603990,18.960,58,109646
2026-09-30,603991,170.000,85,1445000
2026-09-30,603992,19.310,28,54068
2026-09-30,603993,16.800,3992,6706560
2026-09-30,603995,25.270,2,5054
2026-09-30,603997,13.690,262,358678
2026-09-30,603998,10.250,163,167075
2026-09-30,603999,6.690,1118,747942
2026-09-30,605001,5.880,179,105252
2026-09-30,605003,24.600,111,273060
2026-09-30,605005,16.000,35,56000
2026-09-30,605006,14.910,720,1073520
2026-09-30,605007,14.280,90,128520
2026-09-30,605008,14.210,66,93786
2026-09-30,605009,25.150,51,128265
2026-09-30,605011,17.470,49,85603
2026-09-30,605016,21.200,177,375240
2026-09-30,605018,11.800,828,977040
2026-09-30,605020,30.500,107,326350
2026-09-30,605028,24.120,18,43416
2026-09-30,605033,19.550,84,164220
2026-09-30,605050,10.040,33,33132
2026-09-30,605055,8.770,33,28941
2026-09-30,605089,22.110,98,216678
2026-09-30,605090,30.480,209,637032
2026-09-30,605098,52.470,45,236115
2026-09-30,605099,27.790,18,50022
2026-09-30,605100,35.330,454,1603982
2026-09-30,605218,14.140,160,226240
2026-09-30,605222,21.930,50,109650
2026-09-30,605228,11.200,75,84000
2026-09-30,605255,57.040,52,296608
2026-09-30,605258,43.170,1112,4800504
2026-09-30,605259,17.370,1,1737
2026-09-30,605266,16.030,49,78547
2026-09-30,605268,10.250,97,99425
2026-09-30,605277,17.070,330,563310
2026-09-30,605286,24.400,2,4880
2026-09-30,605299,12.400,69,85560
2026-09-30,605300,10.300,79,81370
2026-09-30,605303,28.660,305,874130
2026-09-30,605305,30.130,121,364573
2026-09-30,605318,72.200,6,43320
2026-09-30,605319,22.200,188,417360
2026-09-30,605333,16.390,239,391721
2026-09-30,605337,9.110,99,90189
2026-09-30,605338,17.590,24,42216
2026-09-30,605339,13.280,21,27888
2026-09-30,605358,46.480,1050,4880400
2026-09-30,605365,14.720,214,315008
2026-09-30,605366,9.750,5278,5146050
2026-09-30,605368,6.620,55,36410
2026-09-30,605369,17.980,29,52142
2026-09-30,605376,119.580,184,2200272
2026-09-30,605377,7.960,201,159996
2026-09-30,605378,15.920,3369,5363448
2026-09-30,605388,7.390,27417,20261311
2026-09-30,605389,61.440,6,36864
2026-09-30,605398,23.240,1332,3095568
2026-09-30,605399,11.750,33,38775
2026-09-30,605488,30.000,126,378000
2026-09-30,605499,110.180,25,275450
2026-09-30,605500,7.450,40,29800
2026-09-30,605507,17.900,96,171840
2026-09-30,605555,12.760,180,229680
2026-09-30,605566,32.140,139,446746
2026-09-30,605567,9.640,253,243892
2026-09-30,605577,15.360,6885,10575360
2026-09-30,605580,21.280,247,525616
2026-09-30,605588,45.990,55,252945
2026-09-30,605589,36.450,594,2165130
2026-09-30,605598,24.220,188,455336
2026-09-30,605599,13.280,199,264272
2026-10-08,000001,11.570,6782,7846774
2026-10-08,000002,4.110,231512,95151555
2026-10-08,000006,7.430,3888,2888784
2026-10-08,000007,11.010,550,605550
2026-10-08,000008,2.400,566,135840
2026-10-08,000009,6.870,1243,853941
2026-10-08,000011,12.190,57424,69999917
2026-10-08,000012,3.680,889,327152
2026-10-08,000014,11.150,2266,2526590
2026-10-08,000017,7.420,4177,3099334
2026-10-08,000019,7.080,1284,909072
2026-10-08,000020,14.290,6346,9068434
2026-10-08,000021,33.460,9613,32165098
2026-10-08,000025,15.120,208,314496
2026-10-08,000026,18.670,113,210971
2026-10-08,000027,6.290,624,392496
2026-10-08,000028,19.840,493,978112
2026-10-08,000029,22.490,555,1248195
2026-10-08,000030,3.930,97,38121
2026-10-08,000031,2.440,21576,5264544
2026-10-08,000032,13.080,1348,1763184
2026-10-08,000034,23.350,911,2127185
2026-10-08,000035,4.740,1660,786840
2026-10-08,000036,4.040,24003,9697212
2026-10-08,000037,9.150,962,880230
2026-10-08,000039,8.600,255,219300
2026-10-08,000042,8.380,576,482688
2026-10-08,000045,11.100,207,229770
2026-10-08,000048,18.000,362,651600
2026-10-08,000049,22.340,114,254676
2026-10-08,000050,6.310,700,441700
2026-10-08,000055,3.840,269,103296
2026-10-08,000058,7.240,865,626260
2026-10-08,000059,5.560,728,404768
2026-10-08,000060,5.820,2153,1253046
2026-10-08,000061,6.030,1187,715761
2026-10-08,000062,21.360,260,555360
2026-10-08,000063,30.600,1845,5646006
2026-10-08,000065,9.650,5906,5699290
2026-10-08,000066,14.060,7159,10065695
2026-10-08,000068,3.370,10056,3388872
2026-10-08,000069,1.950,29254,5704530
2026-10-08,000070,16.370,1732,2835284
2026-10-08,000088,4.670,1254,585618
2026-10-08,000089,6.650,1179,784035
2026-10-08,000090,3.610,6136,2215096
2026-10-08,000096,7.970,219,174543
2026-10-08,000099,12.670,82,103894
2026-10-08,000100,4.800,14440,6931200
2026-10-08,000151,10.080,371,373968
2026-10-08,000153,6.210,1549,961929
2026-10-08,000155,10.880,307,334016
2026-10-08,000156,6.990,623,435477
2026-10-08,000157,5.970,1966,1173702
2026-10-08,000158,12.220,561,685542
2026-10-08,000159,5.450,156,85020
2026-10-08,000166,4.380,1026,449388
2026-10-08,000301,13.000,484,629200
2026-10-08,000333,80.670,10895,87889965
2026-10-08,000338,25.590,7908,20236572
2026-10-08,000400,21.610,1573,3399253
2026-10-08,000401,3.640,537,195468
2026-10-08,000402,2.710,18490,5010790
2026-10-08,000403,10.050,343,344715
2026-10-08,000404,6.810,328,223368
2026-10-08,000407,4.250,785,333625
2026-10-08,000408,71.890,1249,8978342
2026-10-08,000409,8.590,84,72156
2026-10-08,000410,5.130,787,403731
2026-10-08,000411,10.070,292,294044
2026-10-08,000415,4.110,1157,475527
2026-10-08,000417,5.630,369,207747
2026-10-08,000419,5.100,159,81090
2026-10-08,000420,3.440,2669,918136
2026-10-08,000421,5.700,474,270180
2026-10-08,000422,11.520,209,240768
2026-10-08,000423,46.100,219,1009590
2026-10-08,000425,7.150,6894,4929210
2026-10-08,000426,31.330,3852,12067219
2026-10-08,000428,3.850,2067,795795
2026-10-08,000429,12.450,28,34860
2026-10-08,000430,6.670,581,387527
2026-10-08,000498,6.070,20627,12520589
2026-10-08,000501,7.140,234,167076
2026-10-08,000503,7.690,5550,4267950
2026-10-08,000504,12.470,35941,44818427
2026-10-08,000505,6.280,1950,1224600
2026-10-08,000506,16.370,3072,5028864
2026-10-08,000507,4.920,787,387204
2026-10-08,000509,3.420,3373,1153566
2026-10-08,000510,16.880,303,511464
2026-10-08,000513,32.490,3089,10036161
2026-10-08,000514,4.510,2428,1095028
2026-10-08,000516,4.410,3863,1703583
2026-10-08,000517,2.060,4868,1002808
2026-10-08,000518,3.650,3592,1311080
2026-10-08,000519,14.300,596,852280
2026-10-08,000520,4.010,840,336840
2026-10-08,000521,4.360,296,129056
2026-10-08,000523,3.430,37578,12889254
2026-10-08,000524,8.800,69,60720
2026-10-08,000525,4.490,417,187233
2026-10-08,000526,36.000,61,219600
2026-10-08,000528,7.510,838,629338
2026-10-08,000529,5.040,245,123480
2026-10-08,000530,5.160,472,243552
2026-10-08,000531,5.540,318,176172
2026-10-08,000532,12.260,2306,2827156
2026-10-08,000533,10.010,1003,1004003
2026-10-08,000534,21.810,343,748083
2026-10-08,000536,3.330,1722,573426
2026-10-08,000537,7.390,497,367283
2026-10-08,000538,50.570,969,4900233
2026-10-08,000539,5.090,484,246356
2026-10-08,000541,4.910,214,105074
2026-10-08,000543,7.130,1072,764336
2026-10-08,000544,7.220,52,37544
2026-10-08,000545,2.220,4094,908868
2026-10-08,000546,4.330,353,152849
2026-10-08,000547,13.730,2335,3205955
2026-10-08,000548,4.640,41,19024
2026-10-08,000550,16.490,145,239105
2026-10-08,000551,11.700,207,242190
2026-10-08,000552,2.510,4090,1026590
2026-10-08,000553,5.470,295,161365
2026-10-08,000554,6.180,568,351024
2026-10-08,000555,10.040,810,813240
2026-10-08,000557,3.650,464,169360
2026-10-08,000558,3.510,1705,598455
2026-10-08,000559,10.850,3793,4115405
2026-10-08,000560,3.510,137064,48109464
2026-10-08,000561,7.530,46,34638
2026-10-08,000563,2.910,1219,354729
2026-10-08,000564,1.470,17490,2570959
2026-10-08,000565,6.340,92,58328
2026-10-08,000566,4.690,6243,2927967
2026-10-08,000567,5.880,663,389844
2026-10-08,000568,71.750,1386,9944909
2026-10-08,000570,5.290,164,86756
2026-10-08,000571,6.500,933,606450
2026-10-08,000572,4.180,27798,11619564
2026-10-08,000573,3.860,495,191070
2026-10-08,000576,8.400,1416,1189440
2026-10-08,000581,18.180,227,412686
2026-10-08,000586,12.510,31,38781
2026-10-08,000589,4.200,1668,700560
2026-10-08,000590,9.190,511,469609
2026-10-08,000591,4.170,3080,1284360
2026-10-08,000592,8.360,34611,28935038
2026-10-08,000593,20.130,700,1409100
2026-10-08,000595,5.510,1527,841377
2026-10-08,000596,92.900,405,3762450
2026-10-08,000597,4.900,4144,2030560
2026-10-08,000598,7.040,480,337920
2026-10-08,000599,4.470,185,82695
2026-10-08,000600,7.220,2979,2150838
2026-10-08,000601,6.050,608,367840
2026-10-08,000603,29.960,1852,5548592
2026-10-08,000605,6.040,89,53756
2026-10-08,000607,3.960,4852,1921392
2026-10-08,000608,7.050,484,341220
2026-10-08,000612,10.390,2817,2926863
2026-10-08,000617,6.570,2499,1641843
2026-10-08,000619,5.200,200,104000
2026-10-08,000620,3.050,9527,2905735
2026-10-08,000623,17.420,361,628862
2026-10-08,000625,7.100,3858,2739180
2026-10-08,000626,8.770,416,364832
2026-10-08,000628,54.430,373,2030239
2026-10-08,000629,2.820,2510,707820
2026-10-08,000630,5.800,6238,3618040
2026-10-08,000631,3.030,294,89082
2026-10-08,000633,5.300,367,194510
2026-10-08,000635,7.580,480,363840
2026-10-08,000636,50.500,5740,28989525
2026-10-08,000637,4.220,122,51484
2026-10-08,000650,5.250,753,395325
2026-10-08,000651,38.290,1641,6284346
2026-10-08,000652,3.380,1539,520182
2026-10-08,000655,7.250,461,334225
2026-10-08,000656,1.260,89034,11218284
2026-10-08,000657,52.750,2720,14346206
2026-10-08,000659,2.720,1435,390320
2026-10-08,000661,72.690,141,1024929
2026-10-08,000663,6.090,357,217413
2026-10-08,000665,4.090,727,297343
2026-10-08,000670,7.350,7843,5764605
2026-10-08,000672,14.900,568,846320
2026-10-08,000676,6.580,3367,2215486
2026-10-08,000678,13.000,60299,78388271
2026-10-08,000679,6.310,61,38491
2026-10-08,000680,9.050,411,371955
2026-10-08,000681,15.600,407,634920
2026-10-08,000682,10.660,799,851734
2026-10-08,000683,5.790,1496,866184
2026-10-08,000685,10.660,1224,1304784
2026-10-08,000686,7.530,499,375747
2026-10-08,000688,24.360,1051,2560236
2026-10-08,000690,5.220,2690,1404180
2026-10-08,000691,8.910,120,106920
2026-10-08,000692,4.550,21870,9950850
2026-10-08,000695,12.710,303,385113
2026-10-08,000697,9.210,193,177753
2026-10-08,000700,12.140,2687,3262018
2026-10-08,000701,5.090,428,217852
2026-10-08,000702,5.880,124,72912
2026-10-08,000703,16.090,9206,14812454
2026-10-08,000705,7.180,66,47388
2026-10-08,000707,4.640,200,92800
2026-10-08,000708,13.120,663,869462
2026-10-08,000709,2.040,4777,974508
2026-10-08,000710,11.960,13295,15900820
2026-10-08,000711,4.600,4215,1938900
2026-10-08,000712,9.760,1471,1435696
2026-10-08,000713,6.400,1386,887040
2026-10-08,000715,5.360,16,8576
2026-10-08,000716,4.970,1012,502964
2026-10-08,000717,2.180,505,110090
2026-10-08,000718,2.100,3719,780990
2026-10-08,000719,12.060,1417,1708902
2026-10-08,000720,3.620,990,358380
2026-10-08,000721,6.080,129,78432
2026-10-08,000722,13.100,2157,2825670
2026-10-08,000723,3.510,1026,360126
2026-10-08,000725,5.700,72736,41459520
2026-10-08,000726,5.950,330,196350
2026-10-08,000727,2.180,2227,485486
2026-10-08,000728,7.240,1040,752960
2026-10-08,000729,11.050,444,490620
2026-10-08,000731,7.980,22,17556
2026-10-08,000733,39.160,182,712712
2026-10-08,000735,5.640,6427,3624828
2026-10-08,000736,4.840,3123,1511532
2026-10-08,000737,13.610,3817,5194937
2026-10-08,000738,18.800,290,545200
2026-10-08,000739,27.490,1563,4296687
2026-10-08,000750,3.600,1655,595800
2026-10-08,000751,4.410,408,179928
2026-10-08,000753,5.360,2923,1566728
2026-10-08,000755,4.720,94,44368
2026-10-08,000756,14.890,5947,8855083
2026-10-08,000757,4.300,214,92020
2026-10-08,000758,5.700,823,469110
2026-10-08,000759,6.170,2962,1827554
2026-10-08,000761,2.350,2923,686905
2026-10-08,000762,20.640,389,802896
2026-10-08,000766,15.300,363,555390
2026-10-08,000767,3.280,1108,363424
2026-10-08,000768,23.120,1660,3837920
2026-10-08,000776,19.800,2367,4686264
2026-10-08,000777,16.290,227,369783
2026-10-08,000778,3.570,4027,1437639
2026-10-08,000779,8.410,330,277530
2026-10-08,000782,8.110,672,544992
2026-10-08,000783,7.930,2198,1742935
2026-10-08,000785,2.310,3057,706167
2026-10-08,000786,16.500,2110,3481830
2026-10-08,000788,5.680,5985,3399480
2026-10-08,000789,4.170,1056,440352
2026-10-08,000790,4.390,3247,1425420
2026-10-08,000791,7.080,442,312936
2026-10-08,000792,23.780,4948,11766273
2026-10-08,000795,8.210,359,294739
2026-10-08,000796,3.500,1213,424550
2026-10-08,000797,2.660,6377,1696282
2026-10-08,000798,9.790,462,452298
2026-10-08,000799,36.460,361,1316206
2026-10-08,000800,5.870,1183,694421
2026-10-08,000801,11.410,97,110677
2026-10-08,000802,3.830,1892,724636
2026-10-08,000803,7.240,737,533588
2026-10-08,000807,26.160,6810,17815719
2026-10-08,000809,3.410,874,298034
2026-10-08,000810,9.120,246,224352
2026-10-08,000811,36.610,448,1640128
2026-10-08,000812,3.720,775,288300
2026-10-08,000813,3.240,666,215784
2026-10-08,000815,14.350,974,1397690
2026-10-08,000816,2.790,702,195858
2026-10-08,000818,11.270,185,208495
2026-10-08,000819,12.180,332,404376
2026-10-08,000820,3.670,1750,642250
2026-10-08,000822,4.280,931,398468
2026-10-08,000823,23.600,16835,39730600
2026-10-08,000825,3.390,841,285099
2026-10-08,000828,9.990,136,135864
2026-10-08,000829,9.350,1447,1352945
2026-10-08,000830,11.430,704,804672
2026-10-08,000831,52.500,851,4467750
2026-10-08,000833,19.060,2051,3909206
2026-10-08,000837,9.480,163,154524
2026-10-08,000839,2.840,2311,656324
2026-10-08,000848,8.130,261,212193
2026-10-08,000850,4.120,24333,10025196
2026-10-08,000852,5.310,242,128502
2026-10-08,000856,8.890,449,399161
2026-10-08,000858,70.050,1629,11411145
2026-10-08,000859,8.580,924,792792
2026-10-08,000860,10.390,223,231697
2026-10-08,000862,5.320,220,117040
2026-10-08,000863,4.460,1226,546796
2026-10-08,000868,4.060,12898,5236588
2026-10-08,000869,16.880,222,374736
2026-10-08,000875,4.690,1081,506989
2026-10-08,000876,6.890,1661,1144429
2026-10-08,000877,3.750,1240,465000
2026-10-08,000878,16.120,1448,2334176
2026-10-08,000880,24.100,413,995330
2026-10-08,000881,6.410,320,205120
2026-10-08,000882,1.550,4211,652705
2026-10-08,000883,4.390,589,258571
2026-10-08,000885,11.730,19,22287
2026-10-08,000886,4.700,331,155570
2026-10-08,000887,18.400,701,1289840
2026-10-08,000888,9.010,875,788375
2026-10-08,000889,3.600,842,303120
2026-10-08,000890,7.010,2387,1673287
2026-10-08,000892,4.570,7837,3581509
2026-10-08,000893,36.820,384,1413888
2026-10-08,000895,23.620,527,1244656
2026-10-08,000897,1.950,14417,2811315
2026-10-08,000898,2.050,4708,965140
2026-10-08,000899,9.140,1135,1037390
2026-10-08,000900,3.580,529,189382
2026-10-08,000901,13.780,274,377572
2026-10-08,000902,13.500,108,145800
2026-10-08,000905,9.120,1053,960336
2026-10-08,000906,6.140,127,77978
2026-10-08,000908,6.090,460,280140
2026-10-08,000910,6.130,11096,6801848
2026-10-08,000912,3.910,703,274873
2026-10-08,000913,10.710,141,151011
2026-10-08,000915,23.970,85,203745
2026-10-08,000929,9.410,175,164675
2026-10-08,000930,5.250,6144,3225600
2026-10-08,000931,4.660,1137,529842
2026-10-08,000932,3.520,6082,2140864
2026-10-08,000933,25.980,3229,8388942
2026-10-08,000935,19.450,122,237290
2026-10-08,000936,5.490,6639,3644811
2026-10-08,000937,4.400,595,261624
2026-10-08,000938,31.200,4637,14467440
2026-10-08,000948,13.190,182,240058
2026-10-08,000949,6.440,621,399924
2026-10-08,000950,5.250,907,476175
2026-10-08,000951,20.250,478,967950
2026-10-08,000952,6.620,57,37734
2026-10-08,000953,5.970,574,342678
2026-10-08,000955,4.110,422,173442
2026-10-08,000957,9.800,1073,1051540
2026-10-08,000958,4.970,547,271859
2026-10-08,000959,3.490,770,268730
2026-10-08,000960,30.460,1123,3420658
2026-10-08,000962,54.850,388,2128180
2026-10-08,000963,27.690,4871,13487661
2026-10-08,000965,3.460,3984,1378464
2026-10-08,000966,3.980,1472,585856
2026-10-08,000967,7.830,948,742284
2026-10-08,000968,6.890,1483,1021787
2026-10-08,000969,16.040,558,895032
2026-10-08,000970,11.000,839,922900
2026-10-08,000972,3.930,779,306147
2026-10-08,000973,11.570,609,704613
2026-10-08,000975,22.290,3664,8167056
2026-10-08,000977,66.000,2986,19707600
2026-10-08,000978,7.090,5079,3601011
2026-10-08,000980,2.250,70112,15775200
2026-10-08,000981,2.690,17210,4629490
2026-10-08,000983,6.510,1434,933534
2026-10-08,000985,17.100,68,116280
2026-10-08,000987,7.180,719,516242
2026-10-08,000988,92.450,1461,13506020
2026-10-08,000989,8.740,435,380190
2026-10-08,000990,6.190,900,557348
2026-10-08,000993,17.430,12923,22524789
2026-10-08,000995,11.390,1712,1949968
2026-10-08,000997,19.300,377,727610
2026-10-08,000998,8.700,2170,1887900
2026-10-08,000999,24.170,727,1757159
2026-10-08,001201,15.520,3930,6099981
2026-10-08,001202,14.880,4,5952
2026-10-08,001203,22.300,364,811720
2026-10-08,001205,14.510,71,103021
2026-10-08,001206,18.530,5700,10562100
2026-10-08,001207,18.890,282,532698
2026-10-08,001208,12.990,141,183159
2026-10-08,001209,18.830,56,105448
2026-10-08,001210,26.970,279,752463
2026-10-08,001211,29.020,854,2478308
2026-10-08,001212,36.140,44,159016
2026-10-08,001213,3.510,219,76869
2026-10-08,001215,32.390,11,35629
2026-10-08,001216,25.010,9398,23504398
2026-10-08,001217,11.210,208,233168
2026-10-08,001218,23.400,24,56160
2026-10-08,001219,12.940,89,115166
2026-10-08,001220,31.300,8,25040
2026-10-08,001221,32.490,191,620559
2026-10-08,001222,15.390,105,161595
2026-10-08,001223,41.000,15,61500
2026-10-08,001225,33.900,360,1220400
2026-10-08,001226,45.620,36,164232
2026-10-08,001227,2.100,1283,269430
2026-10-08,001228,38.850,106,411810
2026-10-08,001229,37.010,120,444120
2026-10-08,001230,18.980,18,34164
2026-10-08,001231,22.530,15,33795
2026-10-08,001232,184.740,204,3768696
2026-10-08,001233,44.000,28,123200
2026-10-08,001234,24.000,3810,9144000
2026-10-08,001236,7.830,82,64206
2026-10-08,001237,49.070,16,78512
2026-10-08,001238,25.930,178,461554
2026-10-08,001239,12.310,203,249893
2026-10-08,001248,11.510,2932,3374732
2026-10-08,001255,27.130,39,105807
2026-10-08,001256,21.900,215,470850
2026-10-08,001257,20.410,1050,2143050
2026-10-08,001258,10.090,547,551923
2026-10-08,001259,43.600,12,52320
2026-10-08,001260,19.390,244,473116
2026-10-08,001266,40.500,2819,11416950
2026-10-08,001267,33.210,853,2832813
2026-10-08,001268,25.530,70,178710
2026-10-08,001269,19.110,52,99372
2026-10-08,001270,89.500,294,2631300
2026-10-08,001277,30.400,49,148960
2026-10-08,001278,17.120,128,219136
2026-10-08,001279,26.080,28,73024
2026-10-08,001280,60.240,354,2132496
2026-10-08,001282,16.700,374,624580
2026-10-08,001283,47.060,90,423540
2026-10-08,001285,41.610,54,224694
2026-10-08,001286,9.460,722,683012
2026-10-08,001287,22.840,673,1537132
2026-10-08,001288,31.190,243,757917
2026-10-08,001289,14.900,137,204130
2026-10-08,001296,19.400,86,166840
2026-10-08,001298,16.240,93,151032
2026-10-08,001299,10.090,265,267385
2026-10-08,001300,12.380,196,242648
2026-10-08,001301,47.320,59,279188
2026-10-08,001306,55.560,35,194460
2026-10-08,001308,17.950,31,55645
2026-10-08,001309,358.000,726,25986146
2026-10-08,001311,16.710,55,91905
2026-10-08,001312,17.770,110,195470
2026-10-08,001313,7.150,91,65065
2026-10-08,001314,49.010,270,1323270
2026-10-08,001316,27.490,12,32988
2026-10-08,001317,63.010,1137,7164237
2026-10-08,001318,12.330,4958,6113214
2026-10-08,001319,21.210,21,44541
2026-10-08,001322,6.740,1342,904508
2026-10-08,001323,18.550,34,63070
2026-10-08,001324,20.300,153,310590
2026-10-08,001325,35.770,98,350546
2026-10-08,001326,101.650,60,609900
2026-10-08,001328,31.440,222,696490
2026-10-08,001330,6.400,41455,26531200
2026-10-08,001331,38.740,279,1080846
2026-10-08,001332,27.680,591,1635888
2026-10-08,001333,20.080,59,118472
2026-10-08,001335,32.990,39,128661
2026-10-08,001336,18.800,296,556480
2026-10-08,001337,43.900,1141,5008990
2026-10-08,001338,9.210,320,294720
2026-10-08,001339,69.660,227,1581282
2026-10-08,001356,9.190,69,63411
2026-10-08,001358,24.160,24,57984
2026-10-08,001359,80.110,10,80110
2026-10-08,001360,18.900,811,1532790
2026-10-08,001365,35.050,309,1083045
2026-10-08,001366,13.120,121,158752
2026-10-08,001367,22.000,458,1007600
2026-10-08,001368,34.860,1834,6393324
2026-10-08,001369,11.950,45,53775
2026-10-08,001373,30.980,71,219958
2026-10-08,001376,12.100,1081,1308010
2026-10-08,001378,21.980,179,393442
2026-10-08,001379,15.750,67,105525
2026-10-08,001380,18.810,121,227601
2026-10-08,001382,16.410,38,62358
2026-10-08,001386,15.960,50,79800
2026-10-08,001387,12.450,124,154380
2026-10-08,001388,19.710,71,139941
2026-10-08,001389,176.680,465,8220920
2026-10-08,001390,17.120,110,188320
2026-10-08,001391,3.830,450,172350
2026-10-08,001393,40.220,96,386112
2026-10-08,001395,29.750,34,101150
2026-10-08,001396,31.090,26,80834
2026-10-08,001399,21.380,1341,2867058
2026-10-08,001400,83.970,101,848097
2026-10-08,001696,15.050,911,1371055
2026-10-08,001872,24.150,76,183540
2026-10-08,001896,10.350,1569,1623915
2026-10-08,001914,9.290,761,706969
2026-10-08,001965,10.010,279,279529
2026-10-08,001979,7.550,21087,15920685
2026-10-08,002001,26.090,659,1718809
2026-10-08,002003,11.310,28,31668
2026-10-08,002004,4.350,582,253170
2026-10-08,002005,2.740,365,100010
2026-10-08,002006,13.210,68,89828
2026-10-08,002007,13.370,1059,1415883
2026-10-08,002008,80.170,1648,13212016
2026-10-08,002009,15.560,575,894700
2026-10-08,002010,4.600,379,174340
2026-10-08,002011,12.640,636,803904
2026-10-08,002012,6.900,160,110400
2026-10-08,002014,11.200,326,365120
2026-10-08,002015,14.570,1025,1493425
2026-10-08,002016,4.880,1690,824720
2026-10-08,002017,13.830,757,1046931
2026-10-08,002019,9.520,500,476000
2026-10-08,002020,12.140,9111,11060754
2026-10-08,002021,2.590,77,19943
2026-10-08,002022,6.360,6394,4066584
2026-10-08,002023,9.310,1314,1223334
2026-10-08,002025,67.020,191,1280082
2026-10-08,002026,10.980,13,14274
2026-10-08,002027,4.730,3935,1861255
2026-10-08,002028,120.400,507,6104280
2026-10-08,002029,8.990,6585,5919915
2026-10-08,002030,6.330,34072,21567462
2026-10-08,002031,5.360,10563,5661768
2026-10-08,002032,39.920,289,1153688
2026-10-08,002033,8.210,777,637917
2026-10-08,002034,14.050,53,74465
2026-10-08,002035,4.770,1382,659214
2026-10-08,002036,5.970,1065,635805
2026-10-08,002037,6.710,237,159027
2026-10-08,002038,5.820,3095,1801290
2026-10-08,002039,19.500,306,596700
2026-10-08,002040,8.760,257,225132
2026-10-08,002041,10.500,9869,10362450
2026-10-08,002042,3.620,1940,702280
2026-10-08,002043,11.670,7679,8961393
2026-10-08,002044,4.610,5327,2455747
2026-10-08,002045,8.580,454,389532
2026-10-08,002046,59.600,245,1460200
2026-10-08,002047,3.160,96,30336
2026-10-08,002048,17.800,756,1345680
2026-10-08,002049,57.900,662,3835586
2026-10-08,002050,35.500,1862,6608325
2026-10-08,002051,8.550,3898,3332790
2026-10-08,002052,7.990,54,43146
2026-10-08,002053,9.540,190,181260
2026-10-08,002054,7.070,126,89082
2026-10-08,002056,19.330,353,682349
2026-10-08,002057,8.800,807,710160
2026-10-08,002058,22.220,15569,34594318
2026-10-08,002059,4.220,1724,727528
2026-10-08,002060,3.060,988,302328
2026-10-08,002061,3.350,220,73700
2026-10-08,002062,9.060,477,432162
2026-10-08,002063,5.260,975,512850
2026-10-08,002064,9.750,1132,1103700
2026-10-08,002065,6.500,711,462150
2026-10-08,002066,19.750,59,116525
2026-10-08,002067,3.950,728,287560
2026-10-08,002068,9.020,2612,2356024
2026-10-08,002069,3.650,272,99280
2026-10-08,002072,7.100,158,112180
2026-10-08,002073,5.690,330,187770
2026-10-08,002074,29.870,30136,90016232
2026-10-08,002075,3.520,148,52096
2026-10-08,002076,2.110,757,159727
2026-10-08,002077,13.560,2156,2923536
2026-10-08,002078,13.710,186,255212
2026-10-08,002079,8.460,1230,1040580
2026-10-08,002080,54.450,2695,14674275
2026-10-08,002081,4.800,20892,10028160
2026-10-08,002083,9.490,1986,1884714
2026-10-08,002084,5.700,1626,926820
2026-10-08,002085,9.330,606,565398
2026-10-08,002086,2.030,1100,223300
2026-10-08,002088,8.130,71,57723
2026-10-08,002090,8.920,190,169480
2026-10-08,002091,7.550,458,345790
2026-10-08,002092,4.400,1637,720280
2026-10-08,002093,7.720,1481,1143332
2026-10-08,002094,5.000,204,102000
2026-10-08,002095,15.390,683,1051137
2026-10-08,002096,9.060,255,231030
2026-10-08,002097,6.800,242,164560
2026-10-08,002098,8.200,177,145140
2026-10-08,002099,6.210,1734,1076814
2026-10-08,002100,7.880,271,213548
2026-10-08,002101,8.550,89,76095
2026-10-08,002103,6.750,645,435375
2026-10-08,002104,10.130,1047,1060611
2026-10-08,002105,6.030,132,79596
2026-10-08,002106,11.910,2227,2652357
2026-10-08,002107,7.380,4641,3425058
2026-10-08,002108,4.260,546,232596
2026-10-08,002110,2.920,764,223088
2026-10-08,002111,9.060,290,262740
2026-10-08,002112,13.890,618,858402
2026-10-08,002114,7.190,46,33074
2026-10-08,002115,9.250,620,573500
2026-10-08,002116,7.200,207,148896
2026-10-08,002117,7.800,38,29640
2026-10-08,002119,26.060,9018,23501950
2026-10-08,002120,6.820,1368,932976
2026-10-08,002121,4.110,479,196869
2026-10-08,002123,7.570,448,339136
2026-10-08,002124,1.980,3517,696366
2026-10-08,002125,12.000,497,596400
2026-10-08,002126,33.900,169,573520
2026-10-08,002127,2.960,1457,431272
2026-10-08,002128,27.920,214,597488
2026-10-08,002129,9.200,4575,4209000
2026-10-08,002130,15.710,351,551421
2026-10-08,002131,4.210,3987,1678527
2026-10-08,002132,4.040,1853,748612
2026-10-08,002133,2.930,1254,367422
2026-10-08,002134,23.790,437,1039623
2026-10-08,002135,5.920,90,53280
2026-10-08,002136,11.850,140,165900
2026-10-08,002137,7.730,3798,2935854
2026-10-08,002138,48.680,1665,8105220
2026-10-08,002139,9.600,288,276480
2026-10-08,002140,9.170,92,84364
2026-10-08,002141,6.260,6956,4354456
2026-10-08,002142,35.400,1511,5348586
2026-10-08,002144,11.120,584,649408
2026-10-08,002145,4.600,1595,733700
2026-10-08,002146,1.300,51927,6750510
2026-10-08,002148,6.210,229,142209
2026-10-08,002149,31.410,327,1027107
2026-10-08,002150,19.650,89,174885
2026-10-08,002151,27.900,425,1185750
2026-10-08,002152,8.970,819,734643
2026-10-08,002153,7.370,171,126027
2026-10-08,002154,3.840,272,104448
2026-10-08,002155,22.740,3330,7572420
2026-10-08,002156,57.710,3070,17715296
2026-10-08,002157,2.930,6942,2034006
2026-10-08,002158,24.540,276,677304
2026-10-08,002159,13.280,48,63744
2026-10-08,002160,3.880,55,21340
2026-10-08,002161,6.410,1500,961500
2026-10-08,002162,4.320,4430,1913760
2026-10-08,002163,7.540,562,423748
2026-10-08,002164,12.920,6312,8155104
2026-10-08,002165,6.860,857,587902
2026-10-08,002166,7.010,1941,1360641
2026-10-08,002167,15.120,2087,3155544
2026-10-08,002169,12.650,919,1162535
2026-10-08,002170,10.510,766,805066
2026-10-08,002171,9.810,2471,2423747
2026-10-08,002172,5.590,19550,10928450
2026-10-08,002173,17.850,3790,6765686
2026-10-08,002174,13.200,1413,1865160
2026-10-08,002176,8.610,3350,2884350
2026-10-08,002177,5.430,509,276387
2026-10-08,002178,4.850,2450,1188250
2026-10-08,002179,33.300,828,2757240
2026-10-08,002180,16.140,151,243714
2026-10-08,002181,8.800,3956,3481280
2026-10-08,002182,11.000,285,313500
2026-10-08,002183,4.160,1458,606528
2026-10-08,002184,9.910,251,248741
2026-10-08,002185,16.590,20349,33758327
2026-10-08,002186,9.500,437,415150
2026-10-08,002187,5.490,7,3843
2026-10-08,002188,5.990,10815,6478185
2026-10-08,002189,18.830,587,1105321
2026-10-08,002190,23.380,301,703738
2026-10-08,002191,3.500,805,281750
2026-10-08,002192,56.800,535,3038800
2026-10-08,002194,9.870,1838,1814106
2026-10-08,002195,5.990,8427,5047773
2026-10-08,002196,10.060,421,423526
2026-10-08,002197,6.340,435,275790
2026-10-08,002199,11.340,270,306180
2026-10-08,002200,6.800,666,452880
2026-10-08,002201,9.230,877,809471
2026-10-08,002202,16.850,8755,14752175
2026-10-08,002203,17.320,474,820968
2026-10-08,002204,5.330,1458,777114
2026-10-08,002205,12.260,4825,5915450
2026-10-08,002206,4.880,87,42456
2026-10-08,002208,9.800,2369,2321620
2026-10-08,002209,13.180,46,60628
2026-10-08,002210,2.090,3841,802769
2026-10-08,002212,7.180,10953,7864254
2026-10-08,002213,26.980,765,2063970
2026-10-08,002214,17.650,297,524205
2026-10-08,002228,3.220,1518,488796
2026-10-08,002229,10.120,820,829840
2026-10-08,002230,37.220,915,3407119
2026-10-08,002232,16.400,2853,4678920
2026-10-08,002233,6.870,397,272739
2026-10-08,002234,7.950,418,332310
2026-10-08,002235,7.580,691,523778
2026-10-08,002236,15.310,1411,2160241
2026-10-08,002237,12.350,1429,1764815
2026-10-08,002238,7.010,10134,7103934
2026-10-08,002239,2.480,455,112840
2026-10-08,002240,25.300,1152,2914560
2026-10-08,002241,22.790,1489,3394343
2026-10-08,002242,13.750,51287,70519240
2026-10-08,002243,6.980,298,208004
2026-10-08,002244,10.050,15756,15835132
2026-10-08,002245,16.330,2231,3644007
2026-10-08,002246,25.500,1348,3437400
2026-10-08,002247,2.490,1921,478329
2026-10-08,002248,9.230,910,839930
2026-10-08,002249,6.410,326,208966
2026-10-08,002250,14.260,155,221030
2026-10-08,002251,3.450,2992,1032240
2026-10-08,002252,5.330,5608,2989011
2026-10-08,002253,8.820,429,378378
2026-10-08,002254,11.500,535,615250
2026-10-08,002255,7.300,228,166440
2026-10-08,002256,3.130,609,190617
2026-10-08,002258,13.890,866,1202874
2026-10-08,002259,5.180,5599,2900282
2026-10-08,002261,23.730,1514,3592722
2026-10-08,002262,22.640,4749,10751736
2026-10-08,002263,3.200,3765,1204800
2026-10-08,002264,7.400,3516,2601840
2026-10-08,002265,18.910,227,429257
2026-10-08,002266,4.640,1375,638000
2026-10-08,002267,7.210,522,376362
2026-10-08,002268,14.840,391,580244
2026-10-08,002269,1.400,5466,765240
2026-10-08,002270,17.230,645,1111335
2026-10-08,002271,10.520,2224,2339648
2026-10-08,002272,14.240,1146,1631904
2026-10-08,002273,24.390,7631,18612009
2026-10-08,002274,5.830,273,159159
2026-10-08,002275,12.220,65,79430
2026-10-08,002276,9.930,217,215481
2026-10-08,002277,4.900,5560,2724400
2026-10-08,002278,7.930,532,421876
2026-10-08,002279,6.530,232,151496
2026-10-08,002281,165.010,1225,20207125
2026-10-08,002282,6.090,35,21315
2026-10-08,002283,7.500,110,82500
2026-10-08,002284,9.320,341,317812
2026-10-08,002285,2.870,35269,10122062
2026-10-08,002286,8.400,2066,1735440
2026-10-08,002287,19.480,26,50648
2026-10-08,002289,33.830,101,341683
2026-10-08,002290,67.300,929,6252170
2026-10-08,002291,5.480,1943,1064764
2026-10-08,002292,8.480,4375,3710000
2026-10-08,002293,10.730,206,221038
2026-10-08,002294,30.600,308,942174
2026-10-08,002295,9.820,325,319150
2026-10-08,002296,9.370,392,367304
2026-10-08,002297,19.670,1962,3859254
2026-10-08,002298,8.700,2226,1936620
2026-10-08,002299,15.570,143,222651
2026-10-08,002300,7.640,1487,1136068
2026-10-08,002301,8.650,1049,907385
2026-10-08,002302,4.710,184,86664
2026-10-08,002303,6.810,13544,9223464
2026-10-08,002304,37.100,618,2292780
2026-10-08,002307,2.950,2129,628055
2026-10-08,002309,2.780,1812,503736
2026-10-08,002310,2.220,3882,861804
2026-10-08,002311,42.000,119,500010
2026-10-08,002312,8.140,547,445258
2026-10-08,002313,8.710,1534,1336114
2026-10-08,002314,2.410,4068,980388
2026-10-08,002315,24.820,203,503846
2026-10-08,002316,5.450,125402,68344101
2026-10-08,002317,24.590,3971,9764689
2026-10-08,002318,17.850,17,30345
2026-10-08,002319,10.080,781,787248
2026-10-08,002320,6.300,629,396270
2026-10-08,002321,2.040,9354,1908216
2026-10-08,002322,11.930,160,190880
2026-10-08,002324,8.890,625,555625
2026-10-08,002326,16.400,1717,2815880
2026-10-08,002327,6.140,94,57716
2026-10-08,002328,8.090,2195,1775755
2026-10-08,002329,3.700,630,233100
2026-10-08,002330,4.110,678,278658
2026-10-08,002331,6.860,188,128968
2026-10-08,002332,8.700,418,363660
2026-10-08,002333,5.480,22,12056
2026-10-08,002334,6.390,118,75402
2026-10-08,002335,30.000,789,2368350
2026-10-08,002337,4.710,121,56991
2026-10-08,002338,42.100,169,711490
2026-10-08,002339,7.140,855,610470
2026-10-08,002340,6.110,2801,1711411
2026-10-08,002342,8.280,15681,12983868
2026-10-08,002343,5.610,625,350625
2026-10-08,002344,4.010,241,96641
2026-10-08,002345,8.300,381,316230
2026-10-08,002346,17.820,174,310068
2026-10-08,002347,6.360,3324,2114064
2026-10-08,002348,10.650,290,308850
2026-10-08,002349,8.590,4942,4245178
2026-10-08,002350,13.510,535,722785
2026-10-08,002351,9.870,23,22701
2026-10-08,002352,30.650,926,2838190
2026-10-08,002353,110.220,450,4958798
2026-10-08,002354,7.200,8346,6009120
2026-10-08,002355,4.610,49,22589
2026-10-08,002356,2.670,2760,736901
2026-10-08,002357,11.490,60,68940
2026-10-08,002358,5.120,285,145920
2026-10-08,002361,9.770,4220,4122940
2026-10-08,002362,15.730,306,481338
2026-10-08,002363,6.940,237,164478
2026-10-08,002364,32.430,489,1585827
2026-10-08,002365,13.490,1002,1351698
2026-10-08,002366,5.560,1760,978560
2026-10-08,002367,6.080,1069,649952
2026-10-08,002368,12.610,71,89531
2026-10-08,002369,5.590,146,81614
2026-10-08,002370,5.230,2782,1454986
2026-10-08,002371,625.770,1185,74153745
2026-10-08,002372,8.790,1526,1341354
2026-10-08,002373,7.350,61,44835
2026-10-08,002374,3.470,15268,5297996
2026-10-08,002375,3.900,848,330720
2026-10-08,002376,6.500,1088,707200
2026-10-08,002377,2.980,1998,595404
2026-10-08,002378,20.970,542,1136574
2026-10-08,002379,16.220,1264,2050208
2026-10-08,002380,26.270,80,210160
2026-10-08,002381,5.630,490,275870
2026-10-08,002382,6.560,8219,5391664
2026-10-08,002383,7.860,5001,3930786
2026-10-08,002384,154.090,17593,271090537
2026-10-08,002385,3.100,2148,665880
2026-10-08,002386,5.850,462,270270
2026-10-08,002387,6.730,573,385629
2026-10-08,002389,18.150,439,796785
2026-10-08,002390,2.970,866,257202
2026-10-08,002391,5.150,139,71585
2026-10-08,002392,7.470,573,428031
2026-10-08,002393,14.090,257,362113
2026-10-08,002394,10.230,36,36828
2026-10-08,002395,13.550,921,1247955
2026-10-08,002396,32.530,4679,15220787
2026-10-08,002397,3.590,26,9334
2026-10-08,002398,4.260,783,333558
2026-10-08,002399,9.990,613,612387
2026-10-08,002400,6.330,1474,933042
2026-10-08,002401,12.080,45,54360
2026-10-08,002402,17.630,434,765142
2026-10-08,002403,10.160,683,693928
2026-10-08,002404,5.790,116,67164
2026-10-08,002405,5.910,1054,622914
2026-10-08,002406,6.420,84,53928
2026-10-08,002407,29.500,898,2649100
2026-10-08,002408,5.240,384,201216
2026-10-08,002409,121.310,366,4445405
2026-10-08,002410,8.510,846,719946
2026-10-08,002412,9.240,3780,3492720
2026-10-08,002413,8.660,7472,6470752
2026-10-08,002414,11.220,1692,1898424
2026-10-08,002415,32.570,1560,5080920
2026-10-08,002416,8.990,193,173507
2026-10-08,002418,4.420,5109,2258178
2026-10-08,002419,5.020,24991,12545482
2026-10-08,002420,6.030,442,266526
2026-10-08,002421,3.180,2762,878316
2026-10-08,002422,40.840,538,2197192
2026-10-08,002423,9.140,297,271458
2026-10-08,002425,3.080,393,121044
2026-10-08,002426,2.560,7921,2027776
2026-10-08,002427,4.570,800,365600
2026-10-08,002428,88.010,2017,17751617
2026-10-08,002429,7.970,3473,2767981
2026-10-08,002430,24.940,428,1067432
2026-10-08,002432,60.950,1119,6820305
2026-10-08,002434,6.200,1457,903340
2026-10-08,002436,41.800,8511,35575980
2026-10-08,002437,3.750,55703,20888625
2026-10-08,002438,13.750,79,108625
2026-10-08,002439,14.600,1664,2429440
2026-10-08,002440,13.560,8633,11706348
2026-10-08,002441,8.270,276,228252
2026-10-08,002442,5.320,1235,657020
2026-10-08,002443,12.580,1365,1717170
2026-10-08,002444,26.800,86,230480
2026-10-08,002445,3.080,2193,675444
2026-10-08,002446,7.650,580,443700
2026-10-08,002448,10.800,1377,1487160
2026-10-08,002449,6.490,3413,2215037
2026-10-08,002451,7.700,292,224840
2026-10-08,002452,11.430,417,476631
2026-10-08,002453,4.750,3999,1899525
2026-10-08,002454,5.860,19928,11677808
2026-10-08,002455,6.830,772,527276
2026-10-08,002456,6.470,2268,1467396
2026-10-08,002457,11.300,2961,3345930
2026-10-08,002458,8.090,977,790393
2026-10-08,002459,6.700,1626,1089420
2026-10-08,002460,43.200,2218,9581760
2026-10-08,002461,8.500,624,530400
2026-10-08,002462,12.250,56,68600
2026-10-08,002463,117.500,2643,31051138
2026-10-08,002465,9.900,1699,1682010
2026-10-08,002466,40.440,1482,5993410
2026-10-08,002467,4.880,4509,2200392
2026-10-08,002468,14.620,474,692988
2026-10-08,002469,6.050,156,94380
2026-10-08,002470,1.990,5564,1107236
2026-10-08,002471,5.130,772,396036
2026-10-08,002472,37.980,267,1014066
2026-10-08,002474,6.400,5609,3589760
2026-10-08,002475,49.450,2475,12240705
2026-10-08,002476,4.860,350,170100
2026-10-08,002478,6.280,368,231104
2026-10-08,002479,5.810,409,237629
2026-10-08,002480,5.470,1177,643819
2026-10-08,002481,4.290,113,48477
2026-10-08,002482,1.400,38462,5384680
2026-10-08,002483,5.930,1272,754296
2026-10-08,002484,51.150,917,4690455
2026-10-08,002486,2.650,539,142835
2026-10-08,002487,45.830,11459,52516597
2026-10-08,002488,7.250,364,263900
2026-10-08,002489,2.910,2200,640200
2026-10-08,002490,6.930,1094,758142
2026-10-08,002491,20.150,4268,8600020
2026-10-08,002492,6.360,337,214332
2026-10-08,002493,13.510,2718,3672018
2026-10-08,002494,5.000,8261,4130500
2026-10-08,002495,2.430,201,48843
2026-10-08,002496,2.110,599,126389
2026-10-08,002497,15.710,819,1286649
2026-10-08,002498,6.170,2437,1503629
2026-10-08,002500,5.180,1198,620564
2026-10-08,002506,2.380,7238,1722644
2026-10-08,002507,11.210,332,372172
2026-10-08,002508,17.080,284,485072
2026-10-08,002510,5.750,3228,1856100
2026-10-08,002511,6.990,162,113238
2026-10-08,002513,5.560,10959,6093204
2026-10-08,002515,7.050,2754,1941570
2026-10-08,002516,5.530,584,322952
2026-10-08,002517,16.090,1089,1752845
2026-10-08,002518,34.450,281,968045
2026-10-08,002519,5.600,413,231280
2026-10-08,002520,6.220,1628,1012616
2026-10-08,002521,6.190,78,48282
2026-10-08,002522,5.310,2975,1579725
2026-10-08,002523,3.420,853,291726
2026-10-08,002524,4.170,862,359454
2026-10-08,002526,2.590,221,57239
2026-10-08,002527,10.650,38,40470
2026-10-08,002529,6.820,515,351230
2026-10-08,002530,7.060,89,62834
2026-10-08,002531,7.900,17408,13752320
2026-10-08,002532,12.120,1386,1679832
2026-10-08,002533,10.800,119,128520
2026-10-08,002534,17.100,226,386460
2026-10-08,002535,2.490,1039,258711
2026-10-08,002536,43.230,8540,36918420
2026-10-08,002537,5.650,247,139555
2026-10-08,002539,11.740,141,165534
2026-10-08,002540,5.010,262,131262
2026-10-08,002541,18.520,485,898220
2026-10-08,002543,7.260,515,373890
2026-10-08,002544,15.240,37,56388
2026-10-08,002545,13.980,1453,2031294
2026-10-08,002546,7.310,215,157165
2026-10-08,002548,3.940,774,304956
2026-10-08,002549,12.300,319,392370
2026-10-08,002550,6.630,1633,1082679
2026-10-08,002551,3.450,1839,634455
2026-10-08,002552,44.200,532,2351440
2026-10-08,002553,16.980,1433,2433234
2026-10-08,002554,2.710,956,259076
2026-10-08,002555,17.210,798,1373358
2026-10-08,002556,5.050,246,124230
2026-10-08,002557,18.300,123,225090
2026-10-08,002558,22.490,2967,6672783
2026-10-08,002559,8.540,366,312564
2026-10-08,002560,6.390,3160,2019496
2026-10-08,002561,7.320,31,22692
2026-10-08,002562,4.930,3461,1706273
2026-10-08,002563,5.450,230,125350
2026-10-08,002564,5.200,4083,2123160
2026-10-08,002565,8.480,11189,9488272
2026-10-08,002566,7.080,116,82128
2026-10-08,002567,3.690,436,160884
2026-10-08,002568,19.280,661,1274408
2026-10-08,002570,4.410,1970,868770
2026-10-08,002571,10.420,111,115662
2026-10-08,002572,7.700,959,738430
2026-10-08,002573,3.130,376,117688
2026-10-08,002574,4.990,197,98303
2026-10-08,002575,4.920,3390,1667880
2026-10-08,002576,14.360,159,228324
2026-10-08,002577,20.850,152,316920
2026-10-08,002578,4.140,103,42642
2026-10-08,002579,16.960,3218,5457728
2026-10-08,002580,19.330,5601,10826733
2026-10-08,002582,9.340,331,309154
2026-10-08,002583,7.980,3911,3120978
2026-10-08,002584,8.800,4496,3956480
2026-10-08,002585,10.810,12730,13761130
2026-10-08,002586,3.640,213,77532
2026-10-08,002587,5.250,508,266700
2026-10-08,002588,7.440,324,241056
2026-10-08,002589,3.350,6987,2340645
2026-10-08,002590,9.600,169,162240
2026-10-08,002591,6.520,345,224940
2026-10-08,002593,4.560,117,53352
2026-10-08,002594,82.980,1713,14216134
2026-10-08,002595,38.520,283,1088575
2026-10-08,002596,3.230,170,54910
2026-10-08,002597,21.350,238,508130
2026-10-08,002599,5.500,445,244750
2026-10-08,002600,11.850,4136,4901160
2026-10-08,002601,14.780,75,110850
2026-10-08,002602,13.860,2730,3783780
2026-10-08,002603,15.560,1763,2743228
2026-10-08,002605,16.450,70,115150
2026-10-08,002606,12.000,589,706800
2026-10-08,002607,1.850,11331,2096235
2026-10-08,002608,7.360,331,243616
2026-10-08,002609,7.820,309,241638
2026-10-08,002611,13.840,1561,2160424
2026-10-08,002612,16.790,189,317331
2026-10-08,002613,3.350,1074,359790
2026-10-08,002614,7.610,10031,7633591
2026-10-08,002615,6.120,1742,1066104
2026-10-08,002616,4.840,117,56628
2026-10-08,002617,6.970,10740,7485780
2026-10-08,002622,2.600,5384,1399840
2026-10-08,002623,17.990,174,313026
2026-10-08,002624,9.710,1845,1791495
2026-10-08,002625,23.770,2566,6099382
2026-10-08,002626,16.230,101,163923
2026-10-08,002627,6.520,533,347516
2026-10-08,002628,4.840,105,50820
2026-10-08,002629,4.400,542,238480
2026-10-08,002631,13.670,4375,5980625
2026-10-08,002632,9.090,581,528129
2026-10-08,002633,15.240,254,387096
2026-10-08,002635,14.400,2467,3552480
2026-10-08,002636,80.000,3746,29968000
2026-10-08,002637,10.430,1226,1278718
2026-10-08,002638,4.860,3797,1845342
2026-10-08,002639,13.690,2401,3286969
2026-10-08,002640,3.810,33564,12787884
2026-10-08,002641,3.790,183,69357
2026-10-08,002642,6.940,125,86750
2026-10-08,002643,12.540,509,638286
2026-10-08,002644,8.290,215,178235
2026-10-08,002645,16.760,419,702244
2026-10-08,002646,7.110,1097,779967
2026-10-08,002647,11.200,634,710080
2026-10-08,002648,27.000,1836,4957875
2026-10-08,002649,9.170,32,29344
2026-10-08,002651,7.920,460,364320
2026-10-08,002652,4.460,1218,543228
2026-10-08,002653,62.180,141,876738
2026-10-08,002654,12.300,1029,1265670
2026-10-08,002655,33.030,1179,3894237
2026-10-08,002656,2.830,341,96503
2026-10-08,002657,14.600,95,138700
2026-10-08,002658,7.130,35,24955
2026-10-08,002659,4.700,453,212910
2026-10-08,002660,7.870,1104,868848
2026-10-08,002661,7.570,110,83270
2026-10-08,002662,3.130,987,308931
2026-10-08,002663,1.750,955,167125
2026-10-08,002664,14.310,126,180306
2026-10-08,002666,4.230,1011,427653
2026-10-08,002668,8.670,303,262944
2026-10-08,002669,13.650,2535,3460275
2026-10-08,002670,11.160,174,194184
2026-10-08,002671,4.060,422,171332
2026-10-08,002672,3.700,5364,1984680
2026-10-08,002673,6.570,218,143226
2026-10-08,002674,20.000,280,560000
2026-10-08,002675,13.000,259,336700
2026-10-08,002676,5.180,115,59570
2026-10-08,002677,6.190,2359,1460221
2026-10-08,002678,4.430,28,12404
2026-10-08,002679,11.510,4792,5515592
2026-10-08,002681,4.460,280,124880
2026-10-08,002682,4.900,730,357700
2026-10-08,002683,28.020,238,666876
2026-10-08,002685,5.200,1578,820560
2026-10-08,002686,6.090,237,144333
2026-10-08,002687,5.930,2728,1617704
2026-10-08,002688,5.310,2345,1245195
2026-10-08,002690,15.500,56,86800
2026-10-08,002692,4.230,23,9729
2026-10-08,002693,9.260,953,882478
2026-10-08,002695,10.780,70,75460
2026-10-08,002696,6.620,1000,662000
2026-10-08,002697,4.720,304,143488
2026-10-08,002698,11.100,102,113220
2026-10-08,002700,6.340,168,106512
2026-10-08,002701,4.320,314,135648
2026-10-08,002702,5.410,2196,1188036
2026-10-08,002703,15.460,1489,2301994
2026-10-08,002705,11.640,338,393432
2026-10-08,002706,8.340,428,356952
2026-10-08,002707,5.030,285,143355
2026-10-08,002708,17.770,4949,8794373
2026-10-08,002709,31.210,2339,7300175
2026-10-08,002712,4.990,482,240518
2026-10-08,002713,9.790,459,449361
2026-10-08,002714,42.210,1324,5586705
2026-10-08,002715,13.290,222,295038
2026-10-08,002716,8.500,10684,9081400
2026-10-08,002718,79.570,17,135269
2026-10-08,002721,2.580,2984,769872
2026-10-08,002722,13.200,353,465960
2026-10-08,002723,7.370,64,47168
2026-10-08,002724,7.080,2323,1644684
2026-10-08,002725,10.890,116,126324
2026-10-08,002727,10.790,251,270829
2026-10-08,002728,10.130,12368,12528784
2026-10-08,002729,13.630,98,133574
2026-10-08,002730,20.560,211,433816
2026-10-08,002732,14.200,178,252760
2026-10-08,002733,17.360,495,859320
2026-10-08,002734,18.540,514,952956
2026-10-08,002735,10.910,726,792066
2026-10-08,002736,9.780,835,816874
2026-10-08,002737,11.440,168,192192
2026-10-08,002738,42.990,897,3857493
2026-10-08,002739,8.060,9342,7529652
2026-10-08,002741,24.390,5929,14461294
2026-10-08,002742,4.180,490,204820
2026-10-08,002745,11.570,2558,2959606
2026-10-08,002746,6.220,85,52870
2026-10-08,002747,28.130,660,1856580
2026-10-08,002748,12.220,156,190632
2026-10-08,002749,8.490,515,437235
2026-10-08,002752,6.060,239,144834
2026-10-08,002753,6.750,410,276750
2026-10-08,002755,13.820,6612,9137784
2026-10-08,002756,39.000,123,479700
2026-10-08,002757,18.350,2294,4209490
2026-10-08,002758,8.450,151,127595
2026-10-08,002760,18.050,125,225625
2026-10-08,002761,7.600,2933,2229080
2026-10-08,002762,9.240,244,225456
2026-10-08,002763,7.370,122,89914
2026-10-08,002765,6.780,122,82716
2026-10-08,002766,4.020,440,176880
2026-10-08,002767,18.020,69,124338
2026-10-08,002768,69.840,373,2605032
2026-10-08,002769,6.720,260,174720
2026-10-08,002771,13.640,165,225060
2026-10-08,002772,10.590,387,409833
2026-10-08,002773,21.660,3797,8224302
2026-10-08,002774,17.610,1340,2359740
2026-10-08,002775,3.430,304,104272
2026-10-08,002777,12.620,19,23978
2026-10-08,002778,15.820,120,189840
2026-10-08,002779,75.500,25,188750
2026-10-08,002780,14.450,120,173400
2026-10-08,002782,14.050,183,257115
2026-10-08,002783,8.140,190,154660
2026-10-08,002785,33.990,208,706992
2026-10-08,002786,7.600,181,137560
2026-10-08,002787,25.750,315,811125
2026-10-08,002788,10.840,504,546336
2026-10-08,002790,6.480,1447,937656
2026-10-08,002791,15.780,371,585438
2026-10-08,002792,29.510,1584,4674384
2026-10-08,002793,4.860,2497,1213542
2026-10-08,002795,7.280,750,546000
2026-10-08,002796,25.950,111,288045
2026-10-08,002797,6.100,1290,786900
2026-10-08,002798,6.590,42,27678
2026-10-08,002799,7.250,27625,20028125
2026-10-08,002800,14.980,59,88382
2026-10-08,002801,26.950,25,67375
2026-10-08,002802,12.350,197,243295
2026-10-08,002803,20.400,473,964920
2026-10-08,002805,16.350,1263,2065005
2026-10-08,002806,14.470,1035,1497645
2026-10-08,002807,4.200,1926,808920
2026-10-08,002809,8.490,148,125652
2026-10-08,002810,20.200,17,34340
2026-10-08,002811,16.910,595,1006145
2026-10-08,002812,45.520,398,1811696
2026-10-08,002815,23.410,6523,15270343
2026-10-08,002817,6.810,153,104193
2026-10-08,002818,11.270,1551,1747977
2026-10-08,002819,23.480,2291,5379268
2026-10-08,002820,9.870,191,188517
2026-10-08,002821,188.100,676,12715560
2026-10-08,002823,12.800,120,153600
2026-10-08,002824,24.160,286,690976
2026-10-08,002825,9.270,34,31518
2026-10-08,002826,17.530,166,290998
2026-10-08,002827,58.720,1765,10364080
2026-10-08,002828,10.960,626,686096
2026-10-08,002829,19.300,167,322310
2026-10-08,002830,14.880,77,114576
2026-10-08,002831,27.500,95,261250
2026-10-08,002832,26.240,285,747840
2026-10-08,002833,19.260,914,1760364
2026-10-08,002835,13.130,86,112918
2026-10-08,002836,11.910,836,995676
2026-10-08,002837,53.980,610,3292240
2026-10-08,002838,24.680,198,488664
2026-10-08,002839,4.300,726,312180
2026-10-08,002840,8.180,792,647856
2026-10-08,002841,45.310,162,734022
2026-10-08,002842,30.700,757,2323990
2026-10-08,002843,14.950,923,1379885
2026-10-08,002845,13.640,420,572880
2026-10-08,002846,11.440,3326,3804944
2026-10-08,002847,43.240,26,112424
2026-10-08,002848,14.710,188,276548
2026-10-08,002849,21.400,7064,15116960
2026-10-08,002850,155.120,164,2548622
2026-10-08,002851,116.000,946,10978820
2026-10-08,002852,8.650,1254,1084710
2026-10-08,002853,21.160,632,1337312
2026-10-08,002855,12.510,566,708066
2026-10-08,002857,17.820,15,26730
2026-10-08,002858,11.720,373,437156
2026-10-08,002859,59.330,395,2343535
2026-10-08,002861,14.040,54,75816
2026-10-08,002862,14.660,145,212570
2026-10-08,002863,4.780,1093,522454
2026-10-08,002864,21.200,278,589360
2026-10-08,002865,36.240,143,518232
2026-10-08,002866,16.760,27182,45557032
2026-10-08,002867,10.110,412,416532
2026-10-08,002868,22.310,153,341343
2026-10-08,002869,17.480,211,368828
2026-10-08,002870,45.600,11,50160
2026-10-08,002871,17.030,1,1703
2026-10-08,002873,8.620,370,318940
2026-10-08,002875,12.840,47,60348
2026-10-08,002876,31.310,128,400768
2026-10-08,002877,7.460,48,35808
2026-10-08,002878,12.620,47,59314
2026-10-08,002879,16.700,1121,1872070
2026-10-08,002880,22.680,427,968436
2026-10-08,002881,42.450,429,1821105
2026-10-08,002882,24.960,6965,17384640
2026-10-08,002884,15.380,88,135344
2026-10-08,002885,26.300,414,1089872
2026-10-08,002886,23.510,1474,3465374
2026-10-08,002887,8.770,884,775268
2026-10-08,002888,18.410,47,86527
2026-10-08,002889,12.060,57,68742
2026-10-08,002890,15.110,58,87638
2026-10-08,002891,27.730,52,144196
2026-10-08,002892,8.480,161,136528
2026-10-08,002893,10.560,2949,3114144
2026-10-08,002895,30.250,163,493075
2026-10-08,002896,59.000,404,2383600
2026-10-08,002897,58.000,276,1600800
2026-10-08,002899,20.400,43,87720
2026-10-08,002900,13.140,1136,1492704
2026-10-08,002901,41.230,90,371070
2026-10-08,002902,25.860,687,1776582
2026-10-08,002903,27.820,554,1541228
2026-10-08,002905,8.690,138,119922
2026-10-08,002906,26.660,51,135966
2026-10-08,002907,15.110,3064,4629704
2026-10-08,002908,7.090,46,32614
2026-10-08,002909,6.750,9358,6316650
2026-10-08,002910,10.320,791,816312
2026-10-08,002911,11.350,976,1107760
2026-10-08,002912,25.980,8104,21054608
2026-10-08,002913,93.270,1184,11043168
2026-10-08,002915,16.280,56,91168
2026-10-08,002916,379.070,564,21364385
2026-10-08,002917,10.050,74,74370
2026-10-08,002918,10.550,560,590800
2026-10-08,002919,15.900,144,228960
2026-10-08,002920,79.400,142,1131053
2026-10-08,002921,19.710,102,201042
2026-10-08,002922,21.450,204,437580
2026-10-08,002923,12.130,41323,50124799
2026-10-08,002925,22.200,554,1229880
2026-10-08,002926,8.140,151,122914
2026-10-08,002927,18.760,1054,1977304
2026-10-08,002928,6.200,10756,6668720
2026-10-08,002929,46.710,252,1177092
2026-10-08,002930,8.940,37,33078
2026-10-08,002931,38.700,1048,4055760
2026-10-08,002933,27.400,59,161660
2026-10-08,002935,17.730,831,1473363
2026-10-08,002936,1.730,9684,1675330
2026-10-08,002937,25.010,242,605242
2026-10-08,002938,80.500,432,3477198
2026-10-08,002939,7.630,1697,1294849
2026-10-08,002940,23.180,230,533140
2026-10-08,002941,10.550,61,64355
2026-10-08,002942,17.100,267,456570
2026-10-08,002943,28.280,57,161196
2026-10-08,002945,13.980,165,230670
2026-10-08,002946,14.800,300,444000
2026-10-08,002947,56.240,71,399304
2026-10-08,002948,6.140,3402,2088828
2026-10-08,002949,13.220,208,274976
2026-10-08,002950,8.840,2537,2242708
2026-10-08,002951,15.690,758,1189302
2026-10-08,002952,19.030,21,39963
2026-10-08,002953,9.860,72,70992
2026-10-08,002955,35.530,85,302005
2026-10-08,002956,17.580,128,225024
2026-10-08,002957,35.810,400,1432400
2026-10-08,002958,2.930,516,151188
2026-10-08,002959,35.500,589,2090950
2026-10-08,002960,8.780,915,803370
2026-10-08,002961,13.240,438,579912
2026-10-08,002962,15.500,14633,22681150
2026-10-08,002963,21.290,422,898438
2026-10-08,002965,29.000,379,1099100
2026-10-08,002966,9.270,430,398610
2026-10-08,002967,17.510,99,173349
2026-10-08,002968,10.020,595,596400
2026-10-08,002969,10.740,1039,1115886
2026-10-08,002970,42.000,97,407400
2026-10-08,002971,38.760,853,3306228
2026-10-08,002972,13.020,71,92442
2026-10-08,002973,11.970,304,363888
2026-10-08,002975,103.140,598,6167772
2026-10-08,002976,21.560,270,582120
2026-10-08,002978,25.210,92,231932
2026-10-08,002979,52.330,191,999503
2026-10-08,002980,104.800,330,3458400
2026-10-08,002981,23.250,53,123225
2026-10-08,002982,12.820,105,134610
2026-10-08,002983,21.530,9,19377
2026-10-08,002984,13.020,340,442680
2026-10-08,002985,26.110,277,723247
2026-10-08,002986,12.660,127,160782
2026-10-08,002987,10.400,125,130000
2026-10-08,002988,30.810,211,650091
2026-10-08,002989,22.610,253,572033
2026-10-08,002990,51.950,896,4654720
2026-10-08,002991,38.650,104,401960
2026-10-08,002992,32.400,9,29160
2026-10-08,002993,32.580,596,1941768
2026-10-08,002995,16.960,1591,2698336
2026-10-08,002996,5.950,46,27370
2026-10-08,002997,26.400,52,137280
2026-10-08,002998,7.880,770,606760
2026-10-08,002999,6.360,287,182532
2026-10-08,003000,9.620,488,469456
2026-10-08,003001,19.310,844,1629764
2026-10-08,003002,15.610,674,1052114
2026-10-08,003003,11.290,561,633369
2026-10-08,003004,60.000,95,570000
2026-10-08,003005,15.050,432,650160
2026-10-08,003006,23.140,3784,8756176
2026-10-08,003007,39.380,11,43318
2026-10-08,003008,19.840,73,144832
2026-10-08,003009,44.050,44,193820
2026-10-08,003010,27.940,59,164846
2026-10-08,003011,19.830,128,253824
2026-10-08,003012,4.720,939,443208
2026-10-08,003013,16.390,272,445808
2026-10-08,003015,12.090,161,194649
2026-10-08,003016,7.490,290,217210
2026-10-08,003017,22.600,361,815860
2026-10-08,003018,43.640,74,322936
2026-10-08,003019,26.200,22,57640
2026-10-08,003020,17.720,216,382752
2026-10-08,003021,69.800,84,586320
2026-10-08,003022,18.520,765,1416780
2026-10-08,003023,25.320,49,124068
2026-10-08,003025,12.080,42,50736
2026-10-08,003026,32.120,452,1451824
2026-10-08,003027,16.700,75,125250
2026-10-08,003028,23.480,8,18784
2026-10-08,003029,17.500,30,52500
2026-10-08,003030,25.900,134,347060
2026-10-08,003031,118.890,177,2104353
2026-10-08,003032,8.540,1469,1254526
2026-10-08,003033,84.170,35,294595
2026-10-08,003035,5.380,1064,572432
2026-10-08,003036,44.460,434,1929564
2026-10-08,003037,5.830,51,29733
2026-10-08,003038,10.730,47,50431
2026-10-08,003039,12.500,59,73750
2026-10-08,003040,14.490,2554,3700746
2026-10-08,003041,39.010,80,312080
2026-10-08,003042,14.400,79,113760
2026-10-08,003043,61.400,496,3045440
2026-10-08,003816,4.240,4217,1788008
2026-10-08,600000,9.450,4515,4266675
2026-10-08,600004,7.760,285,221160
2026-10-08,600006,5.610,7336,4115496
2026-10-08,600007,20.400,314,640560
2026-10-08,600008,2.730,1428,389844
2026-10-08,600009,22.480,393,884431
2026-10-08,600010,2.090,17809,3722081
2026-10-08,600011,7.050,1860,1311300
2026-10-08,600012,15.610,148,231028
2026-10-08,600015,6.260,5763,3607732
2026-10-08,600016,3.500,11105,3886698
2026-10-08,600017,2.830,1783,504589
2026-10-08,600018,5.450,1346,733570
2026-10-08,600019,5.910,4561,2695551
2026-10-08,600020,3.870,175,67725
2026-10-08,600021,13.150,1932,2540580
2026-10-08,600022,1.300,4015,522002
2026-10-08,600023,5.210,2757,1436527
2026-10-08,600025,9.890,609,602301
2026-10-08,600026,21.940,13665,29981010
2026-10-08,600027,4.950,3631,1797518
2026-10-08,600028,5.290,13712,7253648
2026-10-08,600029,4.860,9159,4451274
2026-10-08,600030,25.810,3250,8387734
2026-10-08,600031,17.360,5589,9702313
2026-10-08,600032,7.700,18505,14248850
2026-10-08,600033,3.670,368,135056
2026-10-08,600035,3.730,387,144351
2026-10-08,600036,41.260,6820,28139320
2026-10-08,600037,7.090,509,360881
2026-10-08,600038,27.120,59,160008
2026-10-08,600039,8.800,1017,894960
2026-10-08,600048,5.700,45350,25849500
2026-10-08,600050,4.230,2244,949212
2026-10-08,600051,6.440,919,591836
2026-10-08,600052,3.810,511,194691
2026-10-08,600054,10.490,403,422747
2026-10-08,600055,10.690,67,71623
2026-10-08,600056,8.950,812,726740
2026-10-08,600057,6.110,227,138697
2026-10-08,600058,8.550,221,188955
2026-10-08,600059,11.880,23444,27851472
2026-10-08,600060,27.450,82,225090
2026-10-08,600061,6.180,1073,663114
2026-10-08,600062,16.280,549,893772
2026-10-08,600063,5.340,1516,809544
2026-10-08,600064,8.030,6519,5234468
2026-10-08,600066,27.200,2370,6446400
2026-10-08,600067,2.650,1321,350065
2026-10-08,600071,16.280,140,227920
2026-10-08,600072,9.540,15220,14519880
2026-10-08,600073,5.510,338,186238
2026-10-08,600075,4.790,9837,4711923
2026-10-08,600076,2.140,1133,242462
2026-10-08,600078,9.800,81,79380
2026-10-08,600081,11.170,13284,14838228
2026-10-08,600085,23.800,594,1413720
2026-10-08,600088,13.330,1639,2184787
2026-10-08,600089,17.330,2342,4059119
2026-10-08,600094,4.140,1556,644184
2026-10-08,600095,8.630,4843,4179509
2026-10-08,600096,27.850,870,2424343
2026-10-08,600097,9.300,29,26970
2026-10-08,600098,6.320,446,281872
2026-10-08,600099,9.450,102,96390
2026-10-08,600100,6.520,880,573760
2026-10-08,600101,7.840,216,169344
2026-10-08,600103,3.410,7689,2621949
2026-10-08,600104,10.890,3070,3342903
2026-10-08,600105,36.070,7532,27167924
2026-10-08,600106,4.500,100,45000
2026-10-08,600108,3.950,6559,2590805
2026-10-08,600109,8.150,1287,1048905
2026-10-08,600110,10.890,2164,2356596
2026-10-08,600111,35.350,1746,6172110
2026-10-08,600113,28.860,856,2470416
2026-10-08,600114,25.350,135,342225
2026-10-08,600115,3.320,56479,18751061
2026-10-08,600116,6.100,1923,1173030
2026-10-08,600117,2.160,222,47952
2026-10-08,600118,55.060,495,2725470
2026-10-08,600120,4.650,1480,688200
2026-10-08,600121,5.450,19975,10886375
2026-10-08,600123,6.860,293,200998
2026-10-08,600125,5.280,182,96096
2026-10-08,600126,5.910,3741,2210931
2026-10-08,600127,13.360,26122,34898992
2026-10-08,600128,8.680,289,250852
2026-10-08,600129,13.580,442,600236
2026-10-08,600130,4.580,828,379224
2026-10-08,600131,15.390,3865,5948235
2026-10-08,600132,37.980,109,413982
2026-10-08,600133,7.850,1196,938860
2026-10-08,600135,7.450,165,122925
2026-10-08,600137,18.090,133,240597
2026-10-08,600138,7.010,243,170343
2026-10-08,600141,26.930,262,705566
2026-10-08,600143,12.800,512,654784
2026-10-08,600148,15.740,28,44072
2026-10-08,600149,5.130,1412,724356
2026-10-08,600150,39.460,6742,26604406
2026-10-08,600151,9.140,363,331782
2026-10-08,600152,8.240,24436,20135264
2026-10-08,600153,8.780,985,864830
2026-10-08,600155,5.900,3575,2109250
2026-10-08,600156,7.110,5937,4221207
2026-10-08,600157,1.450,17813,2582885
2026-10-08,600158,6.950,1127,783265
2026-10-08,600159,2.770,889,246253
2026-10-08,600160,33.120,378,1251936
2026-10-08,600161,12.990,7266,9438534
2026-10-08,600162,4.250,2290,973250
2026-10-08,600163,5.550,4577,2540235
2026-10-08,600165,3.340,1422,474948
2026-10-08,600166,2.790,5837,1628523
2026-10-08,600167,5.660,413,233758
2026-10-08,600168,4.400,226,99440
2026-10-08,600170,2.230,8402,1873646
2026-10-08,600171,21.800,189,412020
2026-10-08,600172,14.100,7917,11162970
2026-10-08,600173,5.890,444,261516
2026-10-08,600176,40.090,11585,46444265
2026-10-08,600177,8.390,1114,934646
2026-10-08,600178,9.930,812,806316
2026-10-08,600179,4.340,1178,511252
2026-10-08,600182,12.380,55,68090
2026-10-08,600183,131.010,3353,43925033
2026-10-08,600184,17.900,387,692730
2026-10-08,600185,4.780,537,256686
2026-10-08,600186,11.750,8244,9686700
2026-10-08,600188,19.450,869,1690205
2026-10-08,600189,8.930,7891,7046663
2026-10-08,600191,8.870,193,171191
2026-10-08,600192,7.190,353,253807
2026-10-08,600195,6.780,369,250182
2026-10-08,600196,24.120,4223,10185876
2026-10-08,600197,9.300,304,282720
2026-10-08,600198,7.230,84,60732
2026-10-08,600199,6.960,1939,1349544
2026-10-08,600201,11.720,277,324644
2026-10-08,600202,5.180,324,167832
2026-10-08,600203,9.780,821,802938
2026-10-08,600206,45.650,4765,21752225
2026-10-08,600207,5.210,2321,1209241
2026-10-08,600208,2.890,9080,2624120
2026-10-08,600210,6.350,527,334645
2026-10-08,600211,36.390,148,538572
2026-10-08,600212,5.700,409,233130
2026-10-08,600215,6.230,89,55447
2026-10-08,600216,12.690,1513,1919997
2026-10-08,600217,3.260,79,25754
2026-10-08,600218,8.080,2418,1953744
2026-10-08,600219,4.740,11026,5226324
2026-10-08,600221,1.210,30476,3687578
2026-10-08,600222,8.030,1103,885709
2026-10-08,600223,5.740,977,560798
2026-10-08,600226,5.210,1766,920086
2026-10-08,600227,3.900,5945,2318550
2026-10-08,600228,10.000,823,823000
2026-10-08,600229,5.750,235,135125
2026-10-08,600230,13.150,3358,4415770
2026-10-08,600231,1.670,3486,582162
2026-10-08,600232,6.660,834,555444
2026-10-08,600233,17.780,757,1345857
2026-10-08,600234,19.300,43,82990
2026-10-08,600235,5.990,360,215640
2026-10-08,600236,9.300,1351,1256430
2026-10-08,600237,8.720,2183,1903576
2026-10-08,600241,9.720,58217,56586924
2026-10-08,600246,12.490,2353,2938897
2026-10-08,600248,2.870,1701,488187
2026-10-08,600249,5.360,154,82544
2026-10-08,600250,8.730,55,48015
2026-10-08,600251,10.090,997,1005973
2026-10-08,600252,2.210,5991,1324011
2026-10-08,600255,3.370,2270,764990
2026-10-08,600256,6.750,7182,4847850
2026-10-08,600257,5.510,454,250154
2026-10-08,600258,10.960,1121,1228616
2026-10-08,600259,73.250,148,1084100
2026-10-08,600261,3.310,2261,748391
2026-10-08,600262,14.500,98,142100
2026-10-08,600266,4.340,5312,2305408
2026-10-08,600267,12.000,2865,3438000
2026-10-08,600268,10.200,1083,1104660
2026-10-08,600269,3.810,233,88773
2026-10-08,600271,6.640,138,91632
2026-10-08,600272,15.310,574,878794
2026-10-08,600273,6.210,162,100602
2026-10-08,600276,47.200,8165,38538800
2026-10-08,600278,6.520,311,202772
2026-10-08,600279,4.320,48,20736
2026-10-08,600280,3.020,2907,877914
2026-10-08,600281,4.620,239,110418
2026-10-08,600282,4.520,398,179896
2026-10-08,600283,8.010,96,76896
2026-10-08,600284,5.130,770,395010
2026-10-08,600285,18.980,193,366314
2026-10-08,600287,5.020,195,97890
2026-10-08,600288,10.370,595,617015
2026-10-08,600292,11.410,270,308070
2026-10-08,600295,13.060,93,121458
2026-10-08,600298,37.810,255,964155
2026-10-08,600299,8.200,896,734720
2026-10-08,600300,3.090,379,117111
2026-10-08,600301,49.350,697,3439695
2026-10-08,600303,3.130,8304,2599152
2026-10-08,600305,6.750,145,97875
2026-10-08,600307,1.470,2603,382641
2026-10-08,600308,3.260,333,108558
2026-10-08,600309,68.980,1158,7987884
2026-10-08,600310,4.540,2516,1142264
2026-10-08,600312,20.220,808,1633776
2026-10-08,600313,6.700,4270,2860900
2026-10-08,600315,18.370,213,391281
2026-10-08,600316,33.450,129,431505
2026-10-08,600318,6.750,1073,724275
2026-10-08,600319,6.320,129,81528
2026-10-08,600320,4.060,1071,434826
2026-10-08,600322,2.770,2378,658706
2026-10-08,600323,29.500,126,371700
2026-10-08,600325,2.860,29575,8458450
2026-10-08,600326,6.700,739,495130
2026-10-08,600327,3.900,178,69420
2026-10-08,600328,5.680,573,325464
2026-10-08,600329,35.400,63,223020
2026-10-08,600330,26.910,1864,5016024
2026-10-08,600331,11.550,719,830445
2026-10-08,600332,19.800,1092,2162160
2026-10-08,600333,6.820,954,650628
2026-10-08,600335,5.260,426,224076
2026-10-08,600336,6.250,132,82500
2026-10-08,600338,12.000,1744,2092800
2026-10-08,600339,3.240,3093,1002132
2026-10-08,600343,18.880,1802,3402176
2026-10-08,600345,48.800,438,2137440
2026-10-08,600346,16.190,749,1212631
2026-10-08,600348,8.950,716,640820
2026-10-08,600350,10.200,437,445740
2026-10-08,600351,6.900,1293,892170
2026-10-08,600352,12.660,1898,2402488
2026-10-08,600353,28.450,1121,3189245
2026-10-08,600354,9.160,8604,7881264
2026-10-08,600356,11.270,6162,6944574
2026-10-08,600358,5.670,681,386127
2026-10-08,600359,7.420,1766,1310372
2026-10-08,600360,10.880,3236,3520768
2026-10-08,600361,3.490,929,324221
2026-10-08,600362,42.030,3617,15202671
2026-10-08,600366,10.950,4482,4907790
2026-10-08,600367,33.080,951,3145908
2026-10-08,600368,4.180,10551,4410372
2026-10-08,600369,3.910,749,292859
2026-10-08,600371,13.510,9395,12692645
2026-10-08,600372,11.280,1173,1323167
2026-10-08,600373,7.500,411,308250
2026-10-08,600375,3.710,679,251909
2026-10-08,600376,3.300,18972,6260760
2026-10-08,600377,12.950,692,896140
2026-10-08,600378,41.000,1347,5522700
2026-10-08,600379,13.940,82,114308
2026-10-08,600380,10.100,1758,1775580
2026-10-08,600382,5.650,457,258205
2026-10-08,600383,2.630,59388,15619044
2026-10-08,600386,3.540,200,70800
2026-10-08,600388,16.870,139,234493
2026-10-08,600389,17.860,161,287546
2026-10-08,600390,4.840,1213,587092
2026-10-08,600391,41.030,363,1489389
2026-10-08,600392,20.160,1004,2024064
2026-10-08,600395,4.990,298,148702
2026-10-08,600396,12.410,1065,1321665
2026-10-08,600397,16.150,1782,2877930
2026-10-08,600398,5.700,2934,1672380
2026-10-08,600399,4.280,466,199448
2026-10-08,600400,3.320,597,198204
2026-10-08,600403,7.060,3363,2374278
2026-10-08,600405,4.990,352,175648
2026-10-08,600406,22.430,5453,12230115
2026-10-08,600408,3.150,1236,389340
2026-10-08,600409,6.150,177,108855
2026-10-08,600410,14.270,2357,3363439
2026-10-08,600415,11.050,1467,1620980
2026-10-08,600416,8.330,596,496468
2026-10-08,600418,26.200,86450,226499393
2026-10-08,600419,8.900,728,647920
2026-10-08,600420,8.460,1100,930600
2026-10-08,600422,8.170,495,404415
2026-10-08,600425,3.690,2087,770103
2026-10-08,600426,19.400,786,1524840
2026-10-08,600428,10.770,1092,1176084
2026-10-08,600429,4.860,1523,740178
2026-10-08,600433,3.260,347,113122
2026-10-08,600435,11.150,224,249760
2026-10-08,600436,118.000,95,1121000
2026-10-08,600438,11.400,8044,9170502
2026-10-08,600444,14.570,162,236034
2026-10-08,600446,10.460,239,249994
2026-10-08,600448,3.080,3530,1087240
2026-10-08,600449,12.480,73,91104
2026-10-08,600452,8.770,972,852444
2026-10-08,600455,24.690,182,449358
2026-10-08,600456,24.570,68,167076
2026-10-08,600458,11.000,564,620400
2026-10-08,600459,17.930,723,1296339
2026-10-08,600460,30.900,2321,7171118
2026-10-08,600461,8.800,235,206536
2026-10-08,600463,8.360,67,56012
2026-10-08,600467,2.430,1465,355995
2026-10-08,600468,5.920,487,288304
2026-10-08,600469,4.940,76,37544
2026-10-08,600470,5.490,290,159210
2026-10-08,600475,14.170,443,627731
2026-10-08,600477,2.430,124,30132
2026-10-08,600478,4.540,594,269676
2026-10-08,600479,12.320,4800,5913600
2026-10-08,600480,7.760,129,100104
2026-10-08,600481,4.030,1445,582335
2026-10-08,600482,33.570,125,419625
2026-10-08,600483,11.050,529,584877
2026-10-08,600486,51.950,304,1579280
2026-10-08,600487,54.500,5242,28568900
2026-10-08,600488,6.510,41101,26756751
2026-10-08,600489,21.420,4200,8996400
2026-10-08,600490,6.770,2498,1691146
2026-10-08,600493,6.570,779,511803
2026-10-08,600495,4.080,130,53040
2026-10-08,600496,3.380,878,296764
2026-10-08,600497,8.900,2357,2097730
2026-10-08,600498,36.400,2038,7418320
2026-10-08,600499,11.200,2055,2301600
2026-10-08,600500,5.140,4590,2359260
2026-10-08,600501,14.500,34,49300
2026-10-08,600502,4.220,1118,471796
2026-10-08,600503,2.570,39592,10175144
2026-10-08,600505,10.490,65,68185
2026-10-08,600506,15.930,819,1304667
2026-10-08,600507,4.070,832,338624
2026-10-08,600508,10.540,364,383656
2026-10-08,600509,7.110,480,341280
2026-10-08,600510,6.400,788,504320
2026-10-08,600511,26.210,214,560894
2026-10-08,600512,2.090,1401,292809
2026-10-08,600513,15.990,6838,10933962
2026-10-08,600515,2.730,9345,2551076
2026-10-08,600516,5.280,1374,725472
2026-10-08,600517,4.960,200,99200
2026-10-08,600518,1.350,9635,1300725
2026-10-08,600519,1252.900,368,46164353
2026-10-08,600520,24.670,141,347847
2026-10-08,600521,17.000,15468,26295600
2026-10-08,600522,31.210,2884,9002212
2026-10-08,600523,11.830,30,35490
2026-10-08,600525,4.860,281,136566
2026-10-08,600526,4.640,337,156368
2026-10-08,600527,2.170,832,180544
2026-10-08,600528,6.850,99,67815
2026-10-08,600529,18.190,99,180081
2026-10-08,600531,11.050,2102,2322710
2026-10-08,600533,2.280,1741,396948
2026-10-08,600535,14.000,546,764400
2026-10-08,600536,30.690,292,896148
2026-10-08,600538,4.790,213,102027
2026-10-08,600539,13.570,110,149270
2026-10-08,600540,5.420,7265,3937630
2026-10-08,600545,3.880,3596,1395248
2026-10-08,600546,13.150,237,311655
2026-10-08,600547,26.600,6809,18111940
2026-10-08,600548,8.140,187,152218
2026-10-08,600549,43.720,981,4287402
2026-10-08,600550,10.180,1161,1181898
2026-10-08,600551,7.970,947,754759
2026-10-08,600552,17.000,2828,4807600
2026-10-08,600556,4.570,413,188741
2026-10-08,600557,12.450,470,585150
2026-10-08,600558,4.790,591,283089
2026-10-08,600559,10.900,673,733570
2026-10-08,600560,11.530,150,172950
2026-10-08,600561,6.070,613,372091
2026-10-08,600562,27.000,133,359100
2026-10-08,600563,115.880,103,1193564
2026-10-08,600566,25.760,341,878416
2026-10-08,600567,1.320,2493,329076
2026-10-08,600569,1.810,830,150230
2026-10-08,600570,19.420,194,376942
2026-10-08,600571,10.210,167,170507
2026-10-08,600572,4.320,1613,696816
2026-10-08,600573,10.320,292,301344
2026-10-08,600575,3.160,501,158316
2026-10-08,600576,5.320,429,228228
2026-10-08,600577,8.700,6722,5848140
2026-10-08,600578,5.240,2513,1316812
2026-10-08,600579,7.030,160,112480
2026-10-08,600580,26.370,446,1176102
2026-10-08,600582,4.890,661,323229
2026-10-08,600583,6.650,1705,1134018
2026-10-08,600584,64.500,1181,7619708
2026-10-08,600585,17.490,2702,4725186
2026-10-08,600586,4.010,87,34887
2026-10-08,600587,13.090,1699,2223991
2026-10-08,600588,9.230,444,410089
2026-10-08,600589,7.350,1584,1164240
2026-10-08,600590,8.110,361,292771
2026-10-08,600592,16.040,8031,12881724
2026-10-08,600593,47.980,790,3790420
2026-10-08,600594,3.670,96,35232
2026-10-08,600595,5.920,3654,2163174
2026-10-08,600596,10.630,2603,2766989
2026-10-08,600597,6.930,437,302841
2026-10-08,600598,12.680,479,607372
2026-10-08,600600,50.020,144,718287
2026-10-08,600601,13.260,4380,5807880
2026-10-08,600602,16.050,272,436560
2026-10-08,600603,4.810,230,110630
2026-10-08,600604,4.800,827,396960
2026-10-08,600605,29.380,121,355498
2026-10-08,600606,1.510,71470,10791970
2026-10-08,600609,3.610,3437,1240757
2026-10-08,600610,7.410,265,196365
2026-10-08,600611,4.280,2121,907788
2026-10-08,600612,31.330,65,203645
2026-10-08,600613,8.350,2307,1926345
2026-10-08,600615,9.530,72,68616
2026-10-08,600616,5.080,7593,3857244
2026-10-08,600617,3.450,3288,1134222
2026-10-08,600618,9.660,44,42504
2026-10-08,600619,12.910,567,731997
2026-10-08,600620,4.380,375,164250
2026-10-08,600621,13.320,910,1212120
2026-10-08,600622,2.550,5060,1290300
2026-10-08,600623,8.550,166,141930
2026-10-08,600626,3.770,723,272571
2026-10-08,600628,6.360,217,138012
2026-10-08,600629,16.360,2492,4076912
2026-10-08,600630,7.580,3848,2916784
2026-10-08,600633,10.010,418,418418
2026-10-08,600635,4.450,623,277235
2026-10-08,600637,8.650,2373,2052524
2026-10-08,600638,5.260,1604,843704
2026-10-08,600639,9.880,2032,2007616
2026-10-08,600640,12.630,1655,2090265
2026-10-08,600641,49.130,12418,61008455
2026-10-08,600642,8.780,304,266912
2026-10-08,600643,4.100,266,109060
2026-10-08,600644,9.060,3256,2949936
2026-10-08,600645,19.640,382,750248
2026-10-08,600648,9.570,557,533049
2026-10-08,600649,4.010,2120,850120
2026-10-08,600650,10.240,87,89088
2026-10-08,600651,4.980,418,208164
2026-10-08,600653,1.680,2426,407568
2026-10-08,600654,3.010,679,204379
2026-10-08,600655,4.650,549,255285
2026-10-08,600657,3.440,40798,14034570
2026-10-08,600658,4.170,760,316920
2026-10-08,600660,53.500,662,3543573
2026-10-08,600661,9.100,1743,1586130
2026-10-08,600662,4.240,330,139920
2026-10-08,600663,10.610,19273,20448420
2026-10-08,600664,7.580,69806,52912948
2026-10-08,600665,3.420,589,201438
2026-10-08,600666,3.170,1163,368734
2026-10-08,600667,17.280,4590,7931520
2026-10-08,600668,7.460,304,226784
2026-10-08,600671,21.680,116,251488
2026-10-08,600673,30.990,1249,3871891
2026-10-08,600674,16.700,2356,3934520
2026-10-08,600675,2.480,20723,5139304
2026-10-08,600676,6.620,302,199924
2026-10-08,600679,10.390,309,321051
2026-10-08,600681,3.530,716,252748
2026-10-08,600682,5.840,831,485304
2026-10-08,600683,8.840,1223,1081132
2026-10-08,600684,3.600,686,246960
2026-10-08,600685,28.760,574,1650824
2026-10-08,600686,11.200,1135,1271200
2026-10-08,600688,2.750,9812,2698300
2026-10-08,600689,11.970,97,116109
2026-10-08,600690,20.440,2027,4143188
2026-10-08,600691,2.720,871,236912
2026-10-08,600692,6.720,1073,721056
2026-10-08,600693,9.560,4568,4367008
2026-10-08,600694,14.380,65,93470
2026-10-08,600697,11.430,160,182880
2026-10-08,600698,6.700,492,329640
2026-10-08,600699,22.500,10222,22998893
2026-10-08,600702,32.400,655,2122200
2026-10-08,600703,12.100,29252,35394666
2026-10-08,600704,4.870,1226,597062
2026-10-08,600706,8.090,398,321982
2026-10-08,600707,9.940,23348,23207912
2026-10-08,600708,3.090,1973,609657
2026-10-08,600710,11.300,277,313010
2026-10-08,600711,10.180,1488,1514784
2026-10-08,600712,5.420,1266,686172
2026-10-08,600713,5.000,455,227500
2026-10-08,600714,17.490,620,1084380
2026-10-08,600715,1.630,5201,847763
2026-10-08,600716,3.780,331,125118
2026-10-08,600717,4.310,427,184037
2026-10-08,600718,7.930,32,25376
2026-10-08,600719,8.460,20225,17110029
2026-10-08,600720,5.180,588,304584
2026-10-08,600721,13.360,10786,14410096
2026-10-08,600722,15.400,9997,15395334
2026-10-08,600724,4.970,255,126735
2026-10-08,600725,3.280,91,29782
2026-10-08,600726,4.960,744,369024
2026-10-08,600727,7.490,360,269640
2026-10-08,600728,4.470,742,331674
2026-10-08,600729,18.550,181,335755
2026-10-08,600731,5.940,75,44550
2026-10-08,600732,11.510,1569,1805919
2026-10-08,600733,5.000,42301,21150500
2026-10-08,600736,6.530,1552,1013456
2026-10-08,600737,15.220,15855,24131310
2026-10-08,600738,4.230,203,85869
2026-10-08,600739,10.250,1016,1041400
2026-10-08,600740,3.770,399,150438
2026-10-08,600741,15.380,1038,1596444
2026-10-08,600742,7.790,586,456494
2026-10-08,600743,2.340,16144,3777696
2026-10-08,600744,6.060,1963,1189578
2026-10-08,600746,6.880,752,517376
2026-10-08,600748,4.070,962,391534
2026-10-08,600749,12.710,187,237677
2026-10-08,600750,22.550,179,403645
2026-10-08,600751,2.910,468,136188
2026-10-08,600754,18.000,266,478800
2026-10-08,600755,5.690,216,122904
2026-10-08,600756,13.920,372,517824
2026-10-08,600757,7.390,1277,943703
2026-10-08,600758,3.740,3265,1221110
2026-10-08,600760,43.650,177,772605
2026-10-08,600761,14.870,367,545729
2026-10-08,600763,34.240,380,1301120
2026-10-08,600764,18.390,110,202290
2026-10-08,600765,13.190,114,150366
2026-10-08,600768,14.770,66,97482
2026-10-08,600769,14.890,624,929136
2026-10-08,600770,6.260,13026,8154094
2026-10-08,600771,14.200,496,704320
2026-10-08,600773,9.840,1125,1107000
2026-10-08,600774,7.960,88,70048
2026-10-08,600775,9.280,210,194880
2026-10-08,600776,12.360,461,569796
2026-10-08,600777,3.990,1750,698250
2026-10-08,600778,5.760,410,236160
2026-10-08,600779,26.070,125,325875
2026-10-08,600780,6.130,1200,735600
2026-10-08,600782,2.700,7244,1955880
2026-10-08,600783,14.230,4131,5878413
2026-10-08,600784,7.030,52,36556
2026-10-08,600785,10.620,1621,1721502
2026-10-08,600787,4.640,294,136416
2026-10-08,600789,8.640,63159,54569376
2026-10-08,600790,3.640,10713,3899532
2026-10-08,600791,6.830,1005,686415
2026-10-08,600792,5.030,12041,6056623
2026-10-08,600793,16.360,203,332108
2026-10-08,600794,3.190,167,53273
2026-10-08,600795,5.320,4067,2163484
2026-10-08,600796,5.120,287,146944
2026-10-08,600797,6.440,268,172592
2026-10-08,600798,3.410,621,211761
2026-10-08,600800,3.210,209,67089
2026-10-08,600801,23.800,367,873460
2026-10-08,600802,6.740,11214,7558236
2026-10-08,600810,6.340,357,226338
2026-10-08,600812,5.480,55049,30166852
2026-10-08,600814,6.930,123,85239
2026-10-08,600815,3.820,6961,2659102
2026-10-08,600816,2.380,4136,984368
2026-10-08,600817,9.820,103,101146
2026-10-08,600819,5.630,763,429569
2026-10-08,600820,5.290,223,117967
2026-10-08,600821,5.690,2142,1218798
2026-10-08,600822,9.050,621,562005
2026-10-08,600824,3.710,354,131334
2026-10-08,600825,11.390,17761,20229790
2026-10-08,600826,7.930,227,180011
2026-10-08,600827,7.920,654,517968
2026-10-08,600828,4.330,491,212603
2026-10-08,600829,9.540,525,500850
2026-10-08,600830,8.390,647,542833
2026-10-08,600831,3.400,1662,565080
2026-10-08,600833,10.520,128,134656
2026-10-08,600834,7.690,68,52292
2026-10-08,600835,18.160,192,348672
2026-10-08,600838,8.180,472,386096
2026-10-08,600839,6.420,1782,1143948
2026-10-08,600841,5.770,418,241186
2026-10-08,600843,7.500,4208,3156000
2026-10-08,600844,3.260,772,251672
2026-10-08,600845,17.580,497,874341
2026-10-08,600846,10.660,122,130052
2026-10-08,600847,12.990,372,483228
2026-10-08,600848,9.000,2540,2286000
2026-10-08,600850,13.650,142,193830
2026-10-08,600851,8.070,145,117015
2026-10-08,600853,3.310,286,94666
2026-10-08,600854,4.750,1938,920550
2026-10-08,600855,12.440,32,39808
2026-10-08,600857,17.380,778,1352164
2026-10-08,600858,4.940,129,63726
2026-10-08,600859,9.790,432,422928
2026-10-08,600860,7.450,110,81950
2026-10-08,600861,12.820,31,39742
2026-10-08,600862,17.870,109,194783
2026-10-08,600863,4.730,3408,1611984
2026-10-08,600864,5.620,494,277628
2026-10-08,600865,10.360,322,333592
2026-10-08,600866,4.200,287,120540
2026-10-08,600867,7.900,1867,1474930
2026-10-08,600868,2.750,1216,334400
2026-10-08,600869,17.650,2428,4285420
2026-10-08,600871,2.110,4371,922281
2026-10-08,600872,17.210,220,378620
2026-10-08,600873,7.480,1318,985864
2026-10-08,600874,5.500,203,111650
2026-10-08,600875,23.250,944,2194800
2026-10-08,600876,7.460,294,219324
2026-10-08,600877,11.220,210,235620
2026-10-08,600879,13.560,912,1236672
2026-10-08,600880,4.110,5756,2365716
2026-10-08,600881,1.850,2871,531135
2026-10-08,600882,19.260,45,86670
2026-10-08,600883,8.160,164,133824
2026-10-08,600884,11.520,2385,2747520
2026-10-08,600885,33.460,502,1679692
2026-10-08,600886,15.240,603,918972
2026-10-08,600887,27.300,4299,11736270
2026-10-08,600888,9.770,1407,1374639
2026-10-08,600892,4.150,1696,703840
2026-10-08,600893,38.930,665,2589040
2026-10-08,600894,7.630,623,475349
2026-10-08,600895,27.860,785,2187567
2026-10-08,600897,14.800,1365,2020200
2026-10-08,600900,28.500,8378,23877015
2026-10-08,600901,6.920,445,307940
2026-10-08,600903,6.790,7609,5166511
2026-10-08,600905,3.520,5660,1992144
2026-10-08,600906,6.280,980,615440
2026-10-08,600908,5.900,602,355180
2026-10-08,600909,7.740,7190,5565060
2026-10-08,600916,7.170,1000,717000
2026-10-08,600917,4.840,201,97284
2026-10-08,600918,5.410,728,393848
2026-10-08,600919,12.340,3856,4758366
2026-10-08,600925,4.180,107,44726
2026-10-08,600926,17.090,1029,1758561
2026-10-08,600927,12.130,121,146773
2026-10-08,600928,3.540,635,224790
2026-10-08,600929,5.980,1295,774410
2026-10-08,600930,3.880,4151,1610588
2026-10-08,600933,13.270,250,331750
2026-10-08,600935,2.300,1477,339710
2026-10-08,600936,4.280,3007,1286996
2026-10-08,600938,33.370,1623,5415951
2026-10-08,600939,2.690,1356,364764
2026-10-08,600941,95.910,444,4258404
2026-10-08,600955,12.400,65,80600
2026-10-08,600956,7.190,1331,956989
2026-10-08,600958,8.630,1805,1558017
2026-10-08,600959,3.110,1534,476950
2026-10-08,600960,3.890,417,162213
2026-10-08,600961,22.400,1306,2925440
2026-10-08,600962,26.050,283,737215
2026-10-08,600963,3.370,435,146595
2026-10-08,600966,4.860,1942,943812
2026-10-08,600967,12.820,1803,2311446
2026-10-08,600968,3.920,609,238728
2026-10-08,600969,9.520,164,156128
2026-10-08,600970,7.720,412,318064
2026-10-08,600971,8.250,527,434775
2026-10-08,600973,5.710,208,118768
2026-10-08,600975,5.150,1683,866745
2026-10-08,600976,26.860,664,1783504
2026-10-08,600977,12.960,5422,7026912
2026-10-08,600979,3.880,302,117176
2026-10-08,600980,18.830,46,86618
2026-10-08,600981,2.410,983,236903
2026-10-08,600982,5.250,22700,11917500
2026-10-08,600983,7.540,84,63336
2026-10-08,600984,3.600,1634,588240
2026-10-08,600985,15.880,471,747948
2026-10-08,600986,6.880,1138,782944
2026-10-08,600987,6.280,358,224824
2026-10-08,600988,38.760,3984,15443728
2026-10-08,600989,22.990,7558,17375313
2026-10-08,600990,17.750,27,47925
2026-10-08,600992,10.180,538,547684
2026-10-08,600993,22.560,36,81216
2026-10-08,600995,11.880,792,940896
2026-10-08,600996,6.790,444,301476
2026-10-08,600997,5.260,362,190412
2026-10-08,600998,5.080,2316,1176528
2026-10-08,600999,17.060,3699,6310494
2026-10-08,601000,4.620,941,434742
2026-10-08,601001,17.190,503,864657
2026-10-08,601002,5.260,574,301924
2026-10-08,601003,3.570,1384,494088
2026-10-08,601005,1.210,16835,2037035
2026-10-08,601006,4.740,8437,3998925
2026-10-08,601007,6.770,285,192945
2026-10-08,601008,4.400,182,80080
2026-10-08,601009,11.950,2134,2549592
2026-10-08,601011,2.910,3145,915195
2026-10-08,601012,11.150,8127,9061605
2026-10-08,601015,3.640,2736,995904
2026-10-08,601016,3.270,2392,782184
2026-10-08,601018,3.520,2840,999680
2026-10-08,601019,6.850,852,583620
2026-10-08,601020,19.450,445,865525
2026-10-08,601021,40.200,885,3557700
2026-10-08,601022,8.290,102,84558
2026-10-08,601026,14.600,51,74460
2026-10-08,601033,14.200,96,136320
2026-10-08,601038,13.510,122,164822
2026-10-08,601058,13.230,1235,1633905
2026-10-08,601061,10.670,853,910151
2026-10-08,601065,6.670,202,134734
2026-10-08,601066,23.010,243,558108
2026-10-08,601068,4.340,677,293818
2026-10-08,601069,23.880,1064,2540832
2026-10-08,601077,6.690,4638,3102822
2026-10-08,601083,12.800,254,325120
2026-10-08,601086,13.220,9080,12003760
2026-10-08,601088,47.300,4818,22790323
2026-10-08,601089,16.580,76,126008
2026-10-08,601096,3.980,552,219696
2026-10-08,601098,10.400,1313,1365520
2026-10-08,601099,3.440,10123,3482312
2026-10-08,601100,88.500,520,4598460
2026-10-08,601101,12.830,868,1113644
2026-10-08,601106,2.970,3040,902880
2026-10-08,601107,6.150,518,318570
2026-10-08,601108,8.140,1275,1037850
2026-10-08,601111,5.810,22010,12787810
2026-10-08,601112,15.820,203,321146
2026-10-08,601113,3.520,816,287232
2026-10-08,601116,9.880,119,117572
2026-10-08,601117,7.170,1933,1385961
2026-10-08,601118,6.500,35427,23027550
2026-10-08,601121,7.030,311,218633
2026-10-08,601126,36.650,282,1033530
2026-10-08,601127,50.110,15060,75467414
2026-10-08,601128,6.240,2213,1380912
2026-10-08,601133,22.410,266,596106
2026-10-08,601136,13.850,367,508295
2026-10-08,601137,18.910,407,769637
2026-10-08,601138,58.660,5142,30162972
2026-10-08,601139,6.260,521,326146
2026-10-08,601155,12.650,3173,4013845
2026-10-08,601156,18.570,91,168987
2026-10-08,601158,4.020,224,90048
2026-10-08,601162,3.550,3559,1263516
2026-10-08,601163,12.280,1,1228
2026-10-08,601166,18.000,3320,5976180
2026-10-08,601168,35.900,3505,12582950
2026-10-08,601169,5.560,5704,3171229
2026-10-08,601177,14.000,515,721000
2026-10-08,601179,11.630,1636,1902726
2026-10-08,601186,6.030,3123,1883169
2026-10-08,601187,6.890,583,401687
2026-10-08,601188,2.880,527,151776
2026-10-08,601199,6.270,593,371811
2026-10-08,601200,6.800,87,59432
2026-10-08,601208,51.060,11773,60112938
2026-10-08,601211,16.790,3420,5742180
2026-10-08,601212,5.570,6134,3416638
2026-10-08,601216,4.540,876,397704
2026-10-08,601218,5.970,32182,19212654
2026-10-08,601222,6.000,1840,1104000
2026-10-08,601225,26.270,1782,4681314
2026-10-08,601226,6.530,277,180881
2026-10-08,601228,3.090,807,249363
2026-10-08,601229,9.760,2047,1997872
2026-10-08,601231,24.180,670,1620060
2026-10-08,601233,22.690,333,755577
2026-10-08,601236,7.000,3416,2391200
2026-10-08,601238,5.680,45606,25904208
2026-10-08,601279,3.650,2680,978200
2026-10-08,601288,6.960,17287,12031508
2026-10-08,601298,10.000,1170,1170000
2026-10-08,601311,7.370,363,267531
2026-10-08,601318,52.910,9410,49788310
2026-10-08,601319,7.980,4535,3618930
2026-10-08,601326,3.550,1480,525400
2026-10-08,601328,7.730,10167,7859091
2026-10-08,601330,8.150,746,607990
2026-10-08,601333,3.080,2559,788172
2026-10-08,601336,56.100,978,5486580
2026-10-08,601339,7.280,210,152880
2026-10-08,601360,8.940,5804,5188776
2026-10-08,601366,3.650,570,208050
2026-10-08,601368,4.590,70,32130
2026-10-08,601369,8.570,281,240817
2026-10-08,601375,3.950,785,310075
2026-10-08,601377,5.720,2896,1656512
2026-10-08,601388,3.170,487,154379
2026-10-08,601390,4.280,9990,4275613
2026-10-08,601398,8.260,25590,21137712
2026-10-08,601399,3.170,4428,1403676
2026-10-08,601456,8.480,1040,881920
2026-10-08,601500,3.870,1351,522837
2026-10-08,601512,8.540,858,732732
2026-10-08,601515,3.200,465,148800
2026-10-08,601518,2.780,428,118984
2026-10-08,601519,8.500,13737,11676450
2026-10-08,601528,5.140,496,254944
2026-10-08,601555,8.140,1115,907610
2026-10-08,601566,9.070,688,624016
2026-10-08,601567,13.700,1742,2386540
2026-10-08,601568,3.540,867,306918
2026-10-08,601577,9.670,904,874168
2026-10-08,601579,36.000,17985,64746000
2026-10-08,601588,1.810,6249,1131069
2026-10-08,601595,22.500,655,1473750
2026-10-08,601598,6.640,358,237712
2026-10-08,601599,3.230,423,136629
2026-10-08,601600,8.890,5044,4484116
2026-10-08,601601,30.840,2295,7077163
2026-10-08,601606,30.700,478,1467460
2026-10-08,601607,16.300,590,961700
2026-10-08,601608,4.570,1843,842251
2026-10-08,601609,11.720,1908,2236176
2026-10-08,601611,10.170,1234,1254978
2026-10-08,601615,9.770,1583,1546591
2026-10-08,601616,3.760,35,13160
2026-10-08,601618,2.530,2073,524520
2026-10-08,601619,3.890,1693,658577
2026-10-08,601628,36.630,1887,6912008
2026-10-08,601633,13.620,1126,1533612
2026-10-08,601636,5.390,1087,585893
2026-10-08,601658,5.440,12960,7050458
2026-10-08,601665,7.090,1757,1245713
2026-10-08,601666,8.820,200,176400
2026-10-08,601668,4.340,33234,14423556
2026-10-08,601669,4.570,5583,2551431
2026-10-08,601677,16.150,403,650845
2026-10-08,601678,5.670,2516,1426572
2026-10-08,601686,5.010,267,133767
2026-10-08,601688,17.800,1624,2890542
2026-10-08,601689,46.000,1733,7971800
2026-10-08,601696,10.960,758,830768
2026-10-08,601698,22.600,259,585340
2026-10-08,601699,15.120,293,443016
2026-10-08,601700,6.280,2866,1799848
2026-10-08,601702,14.890,26,38714
2026-10-08,601717,13.260,1492,1978392
2026-10-08,601727,6.440,1426,918376
2026-10-08,601728,6.280,2324,1459472
2026-10-08,601766,6.170,3790,2338430
2026-10-08,601777,8.300,3106,2577980
2026-10-08,601778,3.390,1784,604776
2026-10-08,601788,13.700,590,808780
2026-10-08,601789,4.170,3445,1436565
2026-10-08,601798,7.680,215,165120
2026-10-08,601799,70.600,47,331820
2026-10-08,601800,5.950,2078,1236410
2026-10-08,601801,5.450,1469,800605
2026-10-08,601808,12.280,413,507164
2026-10-08,601811,20.770,15777,32768829
2026-10-08,601816,4.770,4498,2145546
2026-10-08,601818,3.040,13600,4134400
2026-10-08,601825,8.660,1757,1521562
2026-10-08,601827,7.940,794,630436
2026-10-08,601828,2.200,12354,2717880
2026-10-08,601838,19.330,505,976165
2026-10-08,601857,11.200,6232,6979616
2026-10-08,601858,21.620,534,1154508
2026-10-08,601860,2.580,3539,913062
2026-10-08,601865,9.190,678,623082
2026-10-08,601866,2.440,1450,353800
2026-10-08,601868,2.390,19240,4598360
2026-10-08,601869,412.980,412,17014776
2026-10-08,601872,21.150,17747,37535138
2026-10-08,601877,24.900,950,2365500
2026-10-08,601878,8.960,349,312749
2026-10-08,601880,1.470,4497,661002
2026-10-08,601881,11.560,1352,1562912
2026-10-08,601882,22.880,156,356928
2026-10-08,601886,13.000,925,1202500
2026-10-08,601888,51.000,2336,11911050
2026-10-08,601890,9.390,2976,2794464
2026-10-08,601898,13.800,2389,3296820
2026-10-08,601899,29.700,16919,50249430
2026-10-08,601900,12.580,370,465460
2026-10-08,601901,6.690,1367,914523
2026-10-08,601908,2.930,817,239381
2026-10-08,601916,2.890,3532,1020748
2026-10-08,601918,11.290,972,1097388
2026-10-08,601919,16.470,4587,7554789
2026-10-08,601921,7.580,1161,880038
2026-10-08,601928,8.350,249,207915
2026-10-08,601929,2.310,2257,521367
2026-10-08,601933,2.980,3281,977738
2026-10-08,601939,11.050,4723,5218915
2026-10-08,601949,5.890,4504,2652856
2026-10-08,601952,8.990,719,646381
2026-10-08,601956,5.020,75,37650
2026-10-08,601958,19.260,650,1252189
2026-10-08,601963,11.160,621,693036
2026-10-08,601965,13.630,694,945922
2026-10-08,601966,10.480,190,199120
2026-10-08,601968,4.490,133,59717
2026-10-08,601969,8.920,458,408536
2026-10-08,601975,4.700,33928,15946160
2026-10-08,601985,9.080,2332,2117456
2026-10-08,601988,6.700,18407,12332690
2026-10-08,601990,6.600,96,63360
2026-10-08,601991,5.320,4455,2369874
2026-10-08,601992,1.430,7057,1009151
2026-10-08,601995,30.610,1534,4695574
2026-10-08,601996,2.870,124,35588
2026-10-08,601997,5.600,1524,853440
2026-10-08,601998,9.030,2125,1919010
2026-10-08,601999,6.770,2393,1620061
2026-10-08,603000,16.510,236,389636
2026-10-08,603001,11.290,851,960779
2026-10-08,603002,17.670,3299,5829333
2026-10-08,603004,19.930,1137,2266041
2026-10-08,603005,27.010,785,2120285
2026-10-08,603006,10.880,159,172992
2026-10-08,603007,4.470,832,371904
2026-10-08,603009,45.710,437,1997527
2026-10-08,603010,12.430,152,188936
2026-10-08,603011,24.350,1230,2995050
2026-10-08,603012,8.520,296,252192
2026-10-08,603060,5.540,765,423810
2026-10-08,603061,310.370,19,589703
2026-10-08,603062,37.040,12,44448
2026-10-08,603063,27.700,382,1058140
2026-10-08,603065,14.510,2334,3386634
2026-10-08,603066,9.220,95,87590
2026-10-08,603067,39.270,2094,8223138
2026-10-08,603068,44.620,877,3913174
2026-10-08,603069,13.600,26,35360
2026-10-08,603070,11.300,166,187580
2026-10-08,603071,12.540,152,190608
2026-10-08,603072,29.420,26,76492
2026-10-08,603073,20.880,542,1131696
2026-10-08,603075,19.780,115,226857
2026-10-08,603076,20.270,58,117566
2026-10-08,603077,2.190,3272,716568
2026-10-08,603078,29.100,245,712950
2026-10-08,603079,13.690,1022,1399118
2026-10-08,603080,20.000,34,68000
2026-10-08,603081,9.410,174,163734
2026-10-08,603082,41.260,182,750932
2026-10-08,603083,200.970,1962,39430314
2026-10-08,603085,9.750,50,48750
2026-10-08,603086,5.900,710,418900
2026-10-08,603087,77.400,888,6873120
2026-10-08,603088,9.900,52,51480
2026-10-08,603089,9.530,20,19060
2026-10-08,603090,37.020,71,262842
2026-10-08,603091,45.200,39,176280
2026-10-08,603092,47.660,110,524260
2026-10-08,603093,13.130,578,759571
2026-10-08,603095,14.010,18,25218
2026-10-08,603096,16.010,63,100863
2026-10-08,603097,19.040,94,178976
2026-10-08,603098,10.850,67,72695
2026-10-08,603099,40.700,583,2372810
2026-10-08,603100,18.300,251,459147
2026-10-08,603101,7.370,141,103917
2026-10-08,603102,37.170,34,126378
2026-10-08,603103,15.700,253,397210
2026-10-08,603105,8.510,913,776963
2026-10-08,603106,7.170,84,60228
2026-10-08,603107,12.290,263,323227
2026-10-08,603108,10.030,308,308924
2026-10-08,603109,17.500,32,56000
2026-10-08,603110,24.120,137,330444
2026-10-08,603111,6.160,229,141064
2026-10-08,603112,16.700,252,420840
2026-10-08,603113,4.990,461,230039
2026-10-08,603115,69.240,409,2831916
2026-10-08,603116,7.430,1296,962928
2026-10-08,603117,3.970,224,88928
2026-10-08,603118,15.900,6000,9540000
2026-10-08,603119,52.080,161,838488
2026-10-08,603120,56.010,69,386469
2026-10-08,603121,12.290,28,34412
2026-10-08,603122,13.980,6080,8499840
2026-10-08,603123,9.300,4919,4574670
2026-10-08,603124,120.450,146,1758570
2026-10-08,603125,20.930,75,156975
2026-10-08,603126,6.330,180,113940
2026-10-08,603127,49.660,13663,67850458
2026-10-08,603128,5.350,936,500760
2026-10-08,603129,284.620,18,512316
2026-10-08,603130,39.000,96,374400
2026-10-08,603131,13.760,250,344000
2026-10-08,603132,18.230,95,173185
2026-10-08,603135,8.500,85,72250
2026-10-08,603136,9.010,117,105417
2026-10-08,603137,18.010,552,994152
2026-10-08,603138,13.600,1860,2529600
2026-10-08,603139,34.360,34,116824
2026-10-08,603150,66.110,32,211552
2026-10-08,603151,17.920,30,53760
2026-10-08,603153,13.680,36,49248
2026-10-08,603155,14.590,391,570469
2026-10-08,603156,43.880,290,1272520
2026-10-08,603158,10.280,196,201488
2026-10-08,603159,22.380,11,24618
2026-10-08,603160,53.280,71,378288
2026-10-08,603161,14.470,90,130230
2026-10-08,603162,13.150,2812,3697780
2026-10-08,603163,73.300,111,813630
2026-10-08,603165,13.320,736,980352
2026-10-08,603166,10.580,117,123786
2026-10-08,603167,7.980,117,93366
2026-10-08,603168,6.060,319,193314
2026-10-08,603169,5.970,885,528345
2026-10-08,603170,13.570,445,603865
2026-10-08,603171,39.000,127,495300
2026-10-08,603172,20.020,794,1589588
2026-10-08,603173,29.910,7,20937
2026-10-08,603175,103.400,91,940940
2026-10-08,603176,5.250,221,116025
2026-10-08,603177,11.020,50,55100
2026-10-08,603178,16.070,352,565664
2026-10-08,603179,40.000,994,3976000
2026-10-08,603180,15.970,11,17567
2026-10-08,603181,12.210,89,108669
2026-10-08,603182,13.720,98,134456
2026-10-08,603185,15.330,3754,5754882
2026-10-08,603186,218.460,2486,54309156
2026-10-08,603187,10.700,291,311370
2026-10-08,603188,5.440,32987,17944928
2026-10-08,603190,16.290,33,54409
2026-10-08,603191,13.150,106,139390
2026-10-08,603192,19.770,67,132459
2026-10-08,603193,20.220,68,137496
2026-10-08,603194,33.140,19,62966
2026-10-08,603195,38.710,275,1064525
2026-10-08,603196,17.800,16,28480
2026-10-08,603197,29.090,35,101815
2026-10-08,603198,38.350,219,839865
2026-10-08,603199,31.900,18,57420
2026-10-08,603200,44.490,10800,48050223
2026-10-08,603201,15.210,203,308763
2026-10-08,603202,51.200,13,66560
2026-10-08,603203,41.880,85,355980
2026-10-08,603205,21.700,40,86800
2026-10-08,603206,13.590,123,167157
2026-10-08,603207,24.560,239,586984
2026-10-08,603208,11.610,224,260064
2026-10-08,603209,14.930,341,509113
2026-10-08,603210,13.210,49,64729
2026-10-08,603211,18.730,60,112380
2026-10-08,603212,11.460,204,233784
2026-10-08,603213,13.850,40,55400
2026-10-08,603214,13.850,326,451510
2026-10-08,603215,15.450,465,718425
2026-10-08,603216,21.240,572,1214928
2026-10-08,603217,27.040,68,183872
2026-10-08,603218,9.550,900,859500
2026-10-08,603219,12.540,197,247038
2026-10-08,603220,17.000,6195,10531500
2026-10-08,603221,25.100,1170,2936700
2026-10-08,603222,8.290,5071,4203859
2026-10-08,603223,9.450,5,4725
2026-10-08,603225,16.750,570,954750
2026-10-08,603226,28.250,274,774050
2026-10-08,603227,7.420,30,22260
2026-10-08,603228,102.000,1500,15300000
2026-10-08,603229,8.300,416,345280
2026-10-08,603230,13.850,16245,22499325
2026-10-08,603231,17.100,340,581400
2026-10-08,603232,16.010,751,1202351
2026-10-08,603233,18.230,255,464063
2026-10-08,603235,25.960,31,80476
2026-10-08,603236,71.350,605,4316675
2026-10-08,603237,15.040,61,91744
2026-10-08,603238,12.850,242,310970
2026-10-08,603239,13.700,12,16440
2026-10-08,603248,20.200,1514,3058280
2026-10-08,603255,30.950,39,120705
2026-10-08,603256,130.750,506,6615950
2026-10-08,603257,64.220,76,488072
2026-10-08,603258,14.040,382,536328
2026-10-08,603259,167.420,4641,77700627
2026-10-08,603260,31.490,208,654992
2026-10-08,603261,47.000,520,2444000
2026-10-08,603262,17.070,95,162165
2026-10-08,603266,19.500,504,982800
2026-10-08,603267,46.200,139,642180
2026-10-08,603268,217.930,553,12061336
2026-10-08,603269,23.610,203,479283
2026-10-08,603270,31.000,94,291400
2026-10-08,603271,38.400,40,153600
2026-10-08,603273,14.500,192,278400
2026-10-08,603275,36.680,17,62356
2026-10-08,603276,17.530,44,77132
2026-10-08,603277,11.310,15,16965
2026-10-08,603278,10.280,11149,11461172
2026-10-08,603279,11.000,171,188100
2026-10-08,603280,27.750,164,455100
2026-10-08,603281,18.080,103,186224
2026-10-08,603282,17.500,77,134750
2026-10-08,603283,42.130,415,1748353
2026-10-08,603284,40.600,16,64960
2026-10-08,603285,37.010,56,207256
2026-10-08,603286,45.390,225,1021275
2026-10-08,603288,33.070,742,2453794
2026-10-08,603289,10.950,528,578160
2026-10-08,603290,81.230,61,495503
2026-10-08,603293,35.210,48,169008
2026-10-08,603296,74.500,750,5584148
2026-10-08,603297,106.920,19,203148
2026-10-08,603298,21.900,99,216810
2026-10-08,603299,8.720,54,47088
2026-10-08,603300,4.500,577,259650
2026-10-08,603301,75.380,52,391976
2026-10-08,603303,27.700,66,182820
2026-10-08,603305,11.210,355,397955
2026-10-08,603306,70.010,296,2072296
2026-10-08,603307,25.840,207,534888
2026-10-08,603308,36.000,1130,4068000
2026-10-08,603309,11.190,28,31332
2026-10-08,603310,14.600,1,1460
2026-10-08,603311,25.720,33,84876
2026-10-08,603312,32.740,63,206262
2026-10-08,603313,6.210,147,91287
2026-10-08,603315,10.470,161,168567
2026-10-08,603316,14.830,3098,4594334
2026-10-08,603317,12.570,266,334362
2026-10-08,603318,8.900,2292,2039880
2026-10-08,603319,27.810,152,422712
2026-10-08,603320,18.130,2,3626
2026-10-08,603321,7.140,410,292740
2026-10-08,603322,27.570,536,1477752
2026-10-08,603323,4.490,465,208785
2026-10-08,603324,24.260,172,417272
2026-10-08,603325,53.890,23,123947
2026-10-08,603326,7.690,307,236083
2026-10-08,603327,8.040,519,417276
2026-10-08,603328,14.060,9629,13538374
2026-10-08,603329,10.310,316,325796
2026-10-08,603330,9.340,1193,1114262
2026-10-08,603331,12.350,20,24700
2026-10-08,603332,12.060,134,161604
2026-10-08,603333,8.890,68,60452
2026-10-08,603334,31.740,17,53958
2026-10-08,603335,6.040,33,19932
2026-10-08,603336,9.930,214,212502
2026-10-08,603337,34.970,151,528047
2026-10-08,603338,54.100,131,708710
2026-10-08,603339,12.180,131,159558
2026-10-08,603341,35.300,167,589510
2026-10-08,603344,21.970,9,19773
2026-10-08,603345,78.570,192,1508544
2026-10-08,603348,14.610,106,154866
2026-10-08,603350,28.440,36,102384
2026-10-08,603351,28.070,236,662452
2026-10-08,603352,24.840,32,79488
2026-10-08,603353,38.590,362,1396958
2026-10-08,603355,30.070,359,1079513
2026-10-08,603356,16.670,129,215043
2026-10-08,603357,6.010,135,81135
2026-10-08,603358,44.400,189,839160
2026-10-08,603360,12.270,274,336198
2026-10-08,603363,2.810,1426,400706
2026-10-08,603365,16.030,48,76944
2026-10-08,603366,7.290,430,313470
2026-10-08,603367,14.770,949,1401673
2026-10-08,603368,15.200,224,340480
2026-10-08,603369,27.990,860,2407140
2026-10-08,603370,27.600,59,162840
2026-10-08,603373,50.480,627,3165096
2026-10-08,603375,43.860,250,1096500
2026-10-08,603376,26.390,32,84448
2026-10-08,603379,49.120,53,260336
2026-10-08,603380,32.310,13,42003
2026-10-08,603381,14.800,250,370000
2026-10-08,603382,19.110,70,133770
2026-10-08,603383,26.800,49,131320
2026-10-08,603385,5.750,81,46575
2026-10-08,603386,17.570,245,430465
2026-10-08,603387,10.100,532,537320
2026-10-08,603389,44.570,54,240678
2026-10-08,603390,11.080,756,837648
2026-10-08,603391,69.500,52,361400
2026-10-08,603392,27.780,570,1583460
2026-10-08,603393,24.680,225,555300
2026-10-08,603395,24.940,221,551174
2026-10-08,603396,32.810,8589,28180509
2026-10-08,603399,13.010,1274,1657474
2026-10-08,603400,49.790,2094,10426026
2026-10-08,603402,59.180,377,2231086
2026-10-08,603406,27.330,59,161247
2026-10-08,603407,57.000,93,530100
2026-10-08,603408,11.480,39,44772
2026-10-08,603409,17.660,524,925384
2026-10-08,603416,46.290,8,37032
2026-10-08,603418,49.880,895,4464260
2026-10-08,603421,6.290,840,528360
2026-10-08,603435,43.050,97,417585
2026-10-08,603439,13.390,212,283868
2026-10-08,603444,339.990,31,1053969
2026-10-08,603456,16.930,1265,2141645
2026-10-08,603458,10.460,155,162130
2026-10-08,603459,77.120,994,7666345
2026-10-08,603466,11.910,2308,2748828
2026-10-08,603468,21.880,214,468232
2026-10-08,603477,14.340,161,230874
2026-10-08,603486,49.890,70,349230
2026-10-08,603488,7.730,99,76527
2026-10-08,603489,28.480,4,11392
2026-10-08,603496,21.860,210,459060
2026-10-08,603499,12.470,185,230695
2026-10-08,603500,9.970,1336,1331992
2026-10-08,603501,81.620,413,3374171
2026-10-08,603505,13.980,245,342510
2026-10-08,603506,12.180,666,811188
2026-10-08,603507,27.800,517,1437260
2026-10-08,603508,20.580,73,150234
2026-10-08,603511,12.990,93,120807
2026-10-08,603515,14.980,253,378994
2026-10-08,603516,77.200,146,1127120
2026-10-08,603518,7.780,135,105030
2026-10-08,603519,16.880,288,486144
2026-10-08,603520,8.750,353,308875
2026-10-08,603527,9.700,92,89240
2026-10-08,603528,6.330,110,69630
2026-10-08,603529,22.100,353,780130
2026-10-08,603530,41.220,49,201978
2026-10-08,603533,23.600,7513,17730680
2026-10-08,603535,6.140,185,113590
2026-10-08,603536,10.300,373,384190
2026-10-08,603538,29.000,14182,41127800
2026-10-08,603551,9.410,984,925944
2026-10-08,603556,22.450,57,127965
2026-10-08,603558,12.770,863,1102051
2026-10-08,603559,8.580,190,163020
2026-10-08,603565,11.570,192,222144
2026-10-08,603566,10.280,56,57568
2026-10-08,603567,5.470,5131,2806657
2026-10-08,603568,13.460,83,111718
2026-10-08,603569,5.890,73,42997
2026-10-08,603577,9.710,147,142737
2026-10-08,603578,14.300,110,157300
2026-10-08,603579,17.920,25,44800
2026-10-08,603580,72.980,410,2992180
2026-10-08,603583,27.680,266,736288
2026-10-08,603585,10.600,254,269240
2026-10-08,603586,13.860,142,196812
2026-10-08,603587,12.430,68,84524
2026-10-08,603588,16.610,1099,1824775
2026-10-08,603589,17.680,506,894608
2026-10-08,603590,32.440,3660,11873040
2026-10-08,603596,28.190,195,549705
2026-10-08,603598,18.690,3906,7300314
2026-10-08,603599,10.360,339,351204
2026-10-08,603600,10.140,88,89232
2026-10-08,603601,9.520,2106,2004912
2026-10-08,603602,12.300,3412,4196760
2026-10-08,603605,54.710,127,694817
2026-10-08,603606,36.550,666,2434230
2026-10-08,603607,23.250,167,388275
2026-10-08,603608,19.490,293,571057
2026-10-08,603609,6.340,135,85590
2026-10-08,603610,13.130,235,308555
2026-10-08,603611,15.680,643,1008224
2026-10-08,603612,16.080,450,723600
2026-10-08,603613,18.780,114,214749
2026-10-08,603615,18.460,32,59072
2026-10-08,603616,5.640,1198,675672
2026-10-08,603617,6.740,237,159738
2026-10-08,603618,32.950,1957,6448315
2026-10-08,603619,20.960,1150,2410400
2026-10-08,603626,24.800,7251,17982480
2026-10-08,603628,10.180,246,250428
2026-10-08,603629,95.960,894,8576905
2026-10-08,603630,15.350,1985,3046975
2026-10-08,603633,6.220,161,100142
2026-10-08,603636,7.680,6891,5292288
2026-10-08,603637,13.990,125,174875
2026-10-08,603638,19.820,839,1662898
2026-10-08,603639,10.380,709,735942
2026-10-08,603648,9.500,131,124450
2026-10-08,603650,62.310,1041,6486471
2026-10-08,603655,30.890,3,9267
2026-10-08,603656,17.260,40,69040
2026-10-08,603657,39.510,594,2346894
2026-10-08,603658,34.400,316,1087040
2026-10-08,603659,21.400,485,1037900
2026-10-08,603660,9.280,805,747040
2026-10-08,603661,33.120,11,36432
2026-10-08,603662,47.880,99,474012
2026-10-08,603663,43.250,245,1059625
2026-10-08,603665,23.330,245,571585
2026-10-08,603666,26.780,33,88374
2026-10-08,603667,49.500,430,2128500
2026-10-08,603668,11.800,262,309160
2026-10-08,603669,6.550,7265,4758575
2026-10-08,603676,9.100,224,203840
2026-10-08,603677,14.350,28,40180
2026-10-08,603678,43.300,279,1208070
2026-10-08,603679,23.560,350,824600
2026-10-08,603680,10.060,130,130780
2026-10-08,603681,18.330,135,247455
2026-10-08,603682,10.300,20439,21052170
2026-10-08,603683,15.300,718,1098540
2026-10-08,603685,24.990,49,122451
2026-10-08,603686,14.160,2007,2841912
2026-10-08,603687,14.170,682,966394
2026-10-08,603688,43.540,319,1388926
2026-10-08,603689,7.720,71,54812
2026-10-08,603690,22.590,548,1237932
2026-10-08,603693,12.170,494,601198
2026-10-08,603696,13.050,391,510255
2026-10-08,603697,9.610,233,223913
2026-10-08,603698,19.920,198,394416
2026-10-08,603699,43.220,122,527284
2026-10-08,603700,11.840,147,174048
2026-10-08,603701,18.310,190,347890
2026-10-08,603703,9.820,37,36334
2026-10-08,603706,17.220,29,49938
2026-10-08,603707,8.250,673,555225
2026-10-08,603708,8.980,176,158048
2026-10-08,603709,12.650,165,208725
2026-10-08,603711,11.660,32,37312
2026-10-08,603712,11.340,167,189378
2026-10-08,603713,68.000,41,278800
2026-10-08,603716,16.830,1031,1735173
2026-10-08,603717,6.000,374,224400
2026-10-08,603719,9.220,99,91278
2026-10-08,603721,18.390,325,597675
2026-10-08,603722,28.200,97,273540
2026-10-08,603725,11.680,476,555968
2026-10-08,603726,23.460,86,201756
2026-10-08,603727,18.800,1716,3226080
2026-10-08,603728,51.500,101,520150
2026-10-08,603730,9.850,815,802775
2026-10-08,603733,17.740,104,184496
2026-10-08,603737,22.510,1867,4202617
2026-10-08,603738,32.730,765,2503845
2026-10-08,603739,15.440,7892,12184939
2026-10-08,603755,26.030,38,98914
2026-10-08,603757,70.950,279,1979505
2026-10-08,603758,10.810,115,124315
2026-10-08,603759,8.030,49,39347
2026-10-08,603766,14.190,131,185889
2026-10-08,603767,14.680,1049,1539932
2026-10-08,603768,11.940,2032,2426208
2026-10-08,603773,88.000,1733,15250400
2026-10-08,603776,20.990,47,98653
2026-10-08,603777,13.530,42,56826
2026-10-08,603778,8.100,3701,2997810
2026-10-08,603779,8.040,467,375468
2026-10-08,603786,37.150,154,572110
2026-10-08,603787,10.460,120,125520
2026-10-08,603788,13.690,54,73926
2026-10-08,603790,24.890,155,385795
2026-10-08,603797,4.510,33843,15263193
2026-10-08,603798,14.790,722,1067838
2026-10-08,603799,34.890,1848,6447672
2026-10-08,603800,52.990,121,641179
2026-10-08,603801,6.390,1060,677340
2026-10-08,603803,11.060,1247,1379182
2026-10-08,603806,14.010,1912,2678712
2026-10-08,603808,8.740,99,86526
2026-10-08,603809,8.470,102,86394
2026-10-08,603810,12.270,154,188958
2026-10-08,603811,7.010,152,106552
2026-10-08,603813,25.950,25,64875
2026-10-08,603815,5.150,1100,566500
2026-10-08,603816,23.700,843,1997910
2026-10-08,603817,5.690,564,320916
2026-10-08,603818,4.060,412,167272
2026-10-08,603819,16.380,591,968058
2026-10-08,603823,42.990,1772,7617828
2026-10-08,603826,15.380,510,784380
2026-10-08,603829,15.570,27,42039
2026-10-08,603833,31.490,438,1379262
2026-10-08,603836,9.600,229,219840
2026-10-08,603839,6.810,56,38136
2026-10-08,603848,13.220,87,115014
2026-10-08,603855,16.800,32,53760
2026-10-08,603856,11.730,2,2346
2026-10-08,603858,14.700,277,407190
2026-10-08,603859,37.890,59,223551
2026-10-08,603860,26.400,149,393360
2026-10-08,603861,10.910,170,185470
2026-10-08,603863,12.000,2201,2641200
2026-10-08,603866,4.240,1530,648720
2026-10-08,603867,34.380,239,821682
2026-10-08,603868,31.080,9,27972
2026-10-08,603871,12.000,148,177600
2026-10-08,603876,17.380,389,676082
2026-10-08,603877,11.980,135,161730
2026-10-08,603878,4.900,40,19600
2026-10-08,603879,4.940,475,234650
2026-10-08,603880,8.480,108,91584
2026-10-08,603881,22.920,454,1040568
2026-10-08,603882,29.640,1361,4034004
2026-10-08,603883,13.050,168,219240
2026-10-08,603885,9.810,1584,1553904
2026-10-08,603886,12.890,109,140501
2026-10-08,603887,8.300,1254,1040820
2026-10-08,603888,17.220,742,1277724
2026-10-08,603889,6.050,274,165770
2026-10-08,603890,14.800,1457,2156360
2026-10-08,603893,211.990,660,13991340
2026-10-08,603895,26.170,52,136084
2026-10-08,603896,14.820,149,220818
2026-10-08,603897,29.580,110,325380
2026-10-08,603898,11.910,99,117909
2026-10-08,603899,22.430,32,71776
2026-10-08,603900,6.260,962,602212
2026-10-08,603901,9.320,54,50328
2026-10-08,603903,13.610,319,434159
2026-10-08,603906,19.300,16460,31767800
2026-10-08,603908,19.940,369,735786
2026-10-08,603909,10.110,337,340707
2026-10-08,603912,8.820,323,284886
2026-10-08,603915,13.330,244,325252
2026-10-08,603916,10.430,38,39634
2026-10-08,603917,13.880,213,295644
2026-10-08,603918,10.400,151,157040
2026-10-08,603919,16.880,2840,4793920
2026-10-08,603920,44.310,387,1714797
2026-10-08,603926,16.980,150,254700
2026-10-08,603927,13.650,200,273000
2026-10-08,603928,13.430,11491,15432413
2026-10-08,603929,139.740,47,656778
2026-10-08,603931,32.700,189,618030
2026-10-08,603933,18.310,26,47606
2026-10-08,603936,19.350,1327,2567745
2026-10-08,603937,12.530,834,1045002
2026-10-08,603938,42.640,487,2076568
2026-10-08,603939,23.400,375,877500
2026-10-08,603948,21.830,3021,6594843
2026-10-08,603949,16.570,17677,29290789
2026-10-08,603950,51.240,56,286944
2026-10-08,603955,24.980,9,22482
2026-10-08,603956,6.890,928,639392
2026-10-08,603958,17.680,719,1271192
2026-10-08,603960,17.000,319,542300
2026-10-08,603966,7.360,384,282624
2026-10-08,603967,12.110,445,538895
2026-10-08,603968,11.450,2985,3417825
2026-10-08,603969,7.210,466,335986
2026-10-08,603970,11.830,3171,3751293
2026-10-08,603976,29.590,45,133155
2026-10-08,603977,10.560,362,382272
2026-10-08,603978,25.310,2040,5163240
2026-10-08,603979,72.320,152,1099264
2026-10-08,603980,9.050,4962,4490610
2026-10-08,603982,6.590,14904,9821420
2026-10-08,603983,30.880,38,117344
2026-10-08,603985,16.940,142,240548
2026-10-08,603986,352.000,2605,91703744
2026-10-08,603987,7.580,81,61398
2026-10-08,603988,17.110,33,56463
2026-10-08,603989,27.090,471,1275939
2026-10-08,603990,19.360,653,1264208
2026-10-08,603991,167.480,56,937888
2026-10-08,603992,19.480,21,40908
2026-10-08,603993,16.890,6185,10446803
2026-10-08,603995,25.600,159,407040
2026-10-08,603997,13.790,550,758450
2026-10-08,603998,10.400,376,391040
2026-10-08,603999,6.720,3431,2305632
2026-10-08,605001,5.800,124,71920
2026-10-08,605003,24.500,128,313600
2026-10-08,605005,16.140,6,9684
2026-10-08,605006,14.580,489,712962
2026-10-08,605007,14.480,47,68056
2026-10-08,605008,13.930,144,200592
2026-10-08,605009,25.530,82,209346
2026-10-08,605011,19.310,8079,15600549
2026-10-08,605016,21.000,42,88200
2026-10-08,605018,11.370,995,1131315
2026-10-08,605020,30.280,201,608628
2026-10-08,605028,23.700,39,92430
2026-10-08,605033,19.670,167,328489
2026-10-08,605050,10.090,114,115026
2026-10-08,605055,8.830,527,465341
2026-10-08,605056,13.410,173,231993
2026-10-08,605058,52.570,4040,21238280
2026-10-08,605060,37.050,25,92625
2026-10-08,605066,6.730,155,104315
2026-10-08,605068,20.850,83,173055
2026-10-08,605069,11.870,961,1141063
2026-10-08,605077,11.600,302,350320
2026-10-08,605080,22.750,25,56875
2026-10-08,605086,23.100,176,406560
2026-10-08,605088,23.350,344,803240
2026-10-08,605089,21.930,89,195177
2026-10-08,605090,31.380,209,655842
2026-10-08,605098,53.070,19,100833
2026-10-08,605099,27.850,117,325845
2026-10-08,605100,36.510,885,3232595
2026-10-08,605108,12.110,114,138054
2026-10-08,605111,54.020,328,1771856
2026-10-08,605116,20.120,102,205224
2026-10-08,605117,78.590,540,4243860
2026-10-08,605118,32.160,69,221904
2026-10-08,605122,12.320,286,352352
2026-10-08,605123,76.430,20,152860
2026-10-08,605128,23.820,20,47640
2026-10-08,605133,24.060,89,214134
2026-10-08,605136,8.640,797,688608
2026-10-08,605138,6.240,222,138528
2026-10-08,605151,18.660,106,197796
2026-10-08,605155,14.220,15,21330
2026-10-08,605158,7.660,61,46726
2026-10-08,605162,10.110,4192,4238112
2026-10-08,605166,8.450,68,57460
2026-10-08,605167,15.910,180,286380
2026-10-08,605168,50.010,47,235047
2026-10-08,605169,13.220,244,322568
2026-10-08,605177,24.300,143,347490
2026-10-08,605178,61.200,941,5758920
2026-10-08,605179,23.450,1225,2872625
2026-10-08,605180,13.900,300,417000
2026-10-08,605183,16.410,23,37743
2026-10-08,605186,24.750,39,96525
2026-10-08,605188,12.450,131,163095
2026-10-08,605189,13.770,178,245106
2026-10-08,605196,33.900,485,1644150
2026-10-08,605198,64.430,248,1597864
2026-10-08,605208,14.730,292,430116
2026-10-08,605218,14.130,65,91845
2026-10-08,605222,22.030,72,158616
2026-10-08,605228,11.250,234,263250
2026-10-08,605255,57.600,134,771840
2026-10-08,605258,39.610,701,2776661
2026-10-08,605259,17.400,14,24360
2026-10-08,605266,16.140,83,133962
2026-10-08,605268,10.220,284,290248
2026-10-08,605277,16.740,95,159030
2026-10-08,605286,24.850,4,9940
2026-10-08,605299,12.200,82,100040
2026-10-08,605300,10.400,187,194480
2026-10-08,605303,31.530,383,1207599
2026-10-08,605305,30.290,199,602771
2026-10-08,605318,71.640,32,229248
2026-10-08,605319,22.220,41,91102
2026-10-08,605333,16.570,65,107705
2026-10-08,605337,9.150,257,235155
2026-10-08,605338,17.990,50,89950
2026-10-08,605339,13.260,14,18564
2026-10-08,605376,114.590,186,2131374
2026-10-08,605377,8.130,133,108129
2026-10-08,605378,15.170,1234,1871978
2026-10-08,605388,7.400,50203,37150220
2026-10-08,605389,60.900,1,6090
2026-10-08,605398,22.360,2940,6573840
2026-10-08,605399,11.600,352,408320
2026-10-08,605488,29.200,191,557720
2026-10-08,605499,111.220,148,1645834
2026-10-08,605500,7.390,113,83507
2026-10-08,605507,18.690,3471,6487299
2026-10-08,605555,12.530,408,511224
2026-10-08,605566,32.380,269,871022
2026-10-08,605567,9.700,353,342410
2026-10-08,605577,16.500,11450,18892500
2026-10-08,605580,21.100,600,1266000
2026-10-08,605588,44.180,21,92778
2026-10-08,605589,36.690,2193,8046117
2026-10-08,605598,23.810,288,685728
2026-10-08,605599,13.500,192,259200
