code,name,price,cjb30,b30v100,veab,precip,m5,m10,m20,mainflow,jumbo,small,vol,lv,sig,phase,mode,matching,grade,greason,score
000002,万  科Ａ,3.02,-62.6,1.36,-15.2,-5.45,-71176230,-74730277,-50370315,-1585023,-2641951,5879382,缩量,低,情绪退潮,观望,资金观望型,,D,回避：资金观望,-1.8
000014,沙河股份,10.19,-31.8,1.04,-43.6,-4.38,-10186762,-10029195,-19123747,-1633901,-1493979,996698,缩量,低,情绪退潮,观望,资金观望型,,D,回避：资金观望,-1.5
000007,全新好,11.31,-18.8,1.34,-29.7,-2.05,-7743576,-49053549,25051628,4052140,2954105,-12111922,缩量,低,情绪退潮,观望,长线吸筹型,,D,回避：资金观望,-0.7
000009,中国宝安,6.9,-76.2,1.2,-35.3,-2.92,-11472335,-17667592,-15453591,516868,1033297,-3340643,缩量,低,情绪退潮,观望,资金观望型,,D,回避：资金观望,-1.0
000017,深中华A,7.44,373.1,1.7,-22.0,-5.97,-130561830,-216093756,-286344513,-7952022,-9959760,28973742,放量,低,游资情绪,观望,资金撤退型,,D,回避：资金撤退,6.0
000008,神州高铁,2.4,-40.5,0.46,-39.4,-0.1,-299813,-25844329,-28298933,-3302743,-4693976,994942,缩量,低,情绪退潮,观望,资金撤退型,,D,回避：资金撤退,-0.0
000021,深科技,35.51,-72.7,5.05,6.7,1.58,202895747,-237062637,-1164542070,-297029435,-223797558,346927970,缩量,低,情绪退潮,观望,资金观望型,,D,回避：资金观望,0.5
000011,深物业A,8.93,64.3,2.79,16.4,-4.25,-26399622,11765905,35018251,11089605,4113965,-13855430,放量,低,游资情绪,观望,资金观望型,,D,回避：资金观望,6.6
000012,南  玻Ａ,3.75,-56.3,4.15,49.7,-2.09,-10511435,-754031,-2994508,-670268,1150813,-4455202,缩量,低,情绪退潮,观望,资金观望型,,D,回避：资金观望,-0.7
000020,深华发Ａ,12.69,113.2,0.48,-23.5,1.03,8886787,35387913,-16552194,-1785143,-2095723,9538832,放量,低,游资情绪,观望,趋势转多型,,D,回避：资金观望,8.3
000006,深振业Ａ,6.87,-36.4,0.48,-34.3,-7.82,-30130554,-15913114,-12398408,4367186,3917940,-1881314,缩量,低,情绪退潮,吸筹,资金观望型,纯资金炒作(亏损风险),C,谨慎：纯资金炒作,1.4
000019,深粮控股,6.88,519.8,0.16,27.1,-2.87,-31637513,81942069,173536814,21769684,13589831,-25307443,放量,低,游资情绪,抢筹,高位分歧型,机构吸筹+盈利(关注),C,谨慎：资金流入未验证业绩,47.0
000001,平安银行,11.61,-37.4,1.67,-22.6,0.55,25575447,-175033291,124621894,3190323,-20534541,-7296022,缩量,低,情绪退潮,进场,长线吸筹型,资金+业绩共振(双击候选),B,关注：资金+业绩共振,72.2
000025,特  力Ａ,14.52,-58.3,1.69,-66.5,-13.51,-39607247,-60363115,-63127671,-3114880,763130,3876231,缩量,低,情绪退潮,观望,资金撤退型,,D,回避：资金撤退,-4.5
000026,飞亚达,18.88,-55.8,0.44,0.9,-2.5,-13623986,17610014,58079129,405389,353902,-3443435,缩量,低,情绪退潮,观望,高位分歧型,,D,回避：资金观望,-0.8
000027,深圳能源,6.23,-17.6,0.57,-7.6,-1.54,-11925234,-11800035,-45344006,-5560712,-7184536,-251506,缩量,低,情绪退潮,观望,资金观望型,,D,回避：资金观望,-0.5
000028,国药一致,19.77,-78.0,0.61,-13.7,-9.25,-13141662,-23890791,-31170859,-241242,0,253377,缩量,低,情绪退潮,观望,资金撤退型,,D,回避：资金撤退,-3.1
000031,大悦城,2.15,15.7,1.31,-8.2,2.69,10227436,22906091,36636841,-7704467,-9394819,2741005,缩量,低,情绪退潮,观望,主力建仓型,,D,回避：资金观望,0.9
000037,深南电A,9.38,-0.8,0.41,68.1,0.56,9037342,5868680,-17954646,-5666891,783973,12775081,缩量,低,情绪退潮,观望,资金观望型,,D,回避：资金观望,0.2
000030,富奥股份,3.97,-21.3,0.2,-17.1,-2.36,-4655383,-9006870,-25103298,988343,-1307541,-744857,缩量,低,情绪退潮,观望,资金撤退型,,D,回避：资金撤退,-0.8
000032,深桑达Ａ,14.38,-64.8,3.42,-9.6,3.89,81378354,-32179580,-17226750,-30079769,-3812656,26861396,缩量,低,情绪退潮,观望,资金观望型,,D,回避：资金观望,1.3
000034,神州数码,22.95,-85.9,1.96,-29.0,-2.25,-30137892,-135467318,-270277379,-34023061,-30090369,28674247,缩量,低,情绪退潮,观望,资金撤退型,,D,回避：资金撤退,-0.8
000029,深深房Ａ,21.13,-52.9,2.11,-20.4,-10.99,-41615677,-68876281,-93952507,-8822120,4475955,4767598,缩量,低,情绪退潮,观望,资金撤退型,,D,回避：资金撤退,-3.7
000035,中国天楹,4.75,-48.7,0.52,27.2,-4.87,-30225195,37657775,52425275,-891547,-3190633,-5664266,缩量,低,情绪退潮,观望,资金观望型,,D,回避：资金观望,-1.6
000045,深纺织Ａ,10.97,-37.0,0.65,-56.8,-6.53,-10752435,-25152984,-25197397,2447681,3215942,1369670,缩量,低,情绪退潮,观望,资金撤退型,,D,回避：资金撤退,-2.2
000042,中洲控股,8.18,-69.3,1.36,-54.1,-2.79,-4060589,-6341953,-30386660,-850313,-664224,108579,缩量,低,情绪退潮,观望,资金撤退型,,D,回避：资金撤退,-0.9
000036,华联控股,3.83,-63.3,0.9,-23.0,1.41,4822492,8827319,11662447,-1091359,924487,-469758,缩量,低,情绪退潮,吸筹,均衡流入型,资金+业绩共振(双击候选),B,关注：资金+业绩共振,64.5
000039,中集集团,9.13,-58.6,0.49,-18.7,-1.97,-21843212,19630949,-66648566,2530741,4495098,-619360,缩量,低,情绪退潮,吸筹,资金观望型,机构吸筹+盈利(关注),C,谨慎：资金流入未验证业绩,23.3
000049,德赛电池,22.2,-61.7,0.27,-21.4,-6.89,-33962669,-51801940,-88678042,-10237628,-9297105,6452313,缩量,低,情绪退潮,观望,资金撤退型,,D,回避：资金撤退,-2.3
000058,深 赛 格,6.96,-47.6,0.83,15.6,-7.01,-12590541,-6925542,5840013,-771368,0,-2803143,缩量,低,情绪退潮,观望,高位分歧型,,D,回避：资金观望,-2.3
000059,华锦股份,5.41,11.0,1.07,-32.4,-2.71,-32467495,-47336529,59998419,-3790357,743168,-2714917,缩量,低,情绪退潮,观望,长线吸筹型,,D,回避：资金观望,-0.9
000061,农 产 品,6.02,5.6,1.31,-18.3,-8.64,-63441545,-37979774,49920423,17082244,11436662,-18959312,缩量,低,情绪退潮,观望,高位分歧型,,D,回避：资金观望,-2.9
000060,中金岭南,6.15,-62.9,1.35,-28.1,-9.98,-266349298,-270995769,-253532983,-41618470,-17098641,29986073,缩量,低,情绪退潮,观望,资金观望型,,D,回避：资金观望,-3.3
000065,北方国际,9.63,-29.8,0.29,-63.8,-0.43,-2789922,-41186988,-6818055,-10062120,-5323634,4735816,缩量,低,情绪退潮,观望,资金观望型,,D,回避：资金观望,-0.1
000063,中兴通讯,31.87,-80.4,1.82,-27.3,-13.12,-935106709,-2269438002,-3469919441,-326816575,-271524341,273829945,缩量,低,情绪退潮,观望,资金撤退型,,D,回避：资金撤退,-4.4
000062,深圳华强,22.58,-64.3,0.44,-38.6,-0.63,-11188949,-224931961,-49631784,-38788011,-38613600,41494539,缩量,低,情绪退潮,观望,长线吸筹型,,D,回避：资金观望,-0.2
000048,京基智农,19.43,-60.3,2.65,38.4,8.55,158350155,24257645,190312345,-15393776,-6067999,19057866,缩量,中,主力惜售,进场,资金观望型,资金+业绩共振(双击候选),B,关注：资金+业绩共振,86.8
000066,中国长城,13.87,-79.9,1.33,10.0,-9.63,-308100975,-439738045,-640654344,-117604333,-113495773,90306578,缩量,低,情绪退潮,观望,资金撤退型,,D,回避：资金撤退,-3.2
000050,深天马Ａ,6.55,-68.7,2.72,2.3,5.42,33547949,37099929,18361957,9091303,10638333,-2936328,缩量,中,主力惜售,吸筹,趋势转多型,资金+业绩共振(双击候选),B,关注：资金+业绩共振,77.8
000055,方大集团,3.68,345.3,1.35,72.5,9.15,33967080,32824915,28235577,11223716,827007,-19467917,放量,中,主力偏强放量,进场,资金观望型,纯资金炒作(亏损风险),C,谨慎：纯资金炒作,31.1
000069,华侨城Ａ,1.77,-48.1,1.52,-9.6,-3.67,-11285054,-31885962,-32506827,-3083702,-5205890,1323698,缩量,低,情绪退潮,观望,资金撤退型,,D,回避：资金撤退,-1.2
000096,广聚能源,7.96,-37.5,0.92,-18.3,-3.16,-6703075,-25827982,-21534583,-2833429,-2367140,3914886,缩量,低,情绪退潮,观望,资金观望型,,D,回避：资金观望,-1.1
000068,华控赛格,3.23,-19.3,1.44,-1.2,0.52,1299141,11332187,-5869397,1420671,129100,-169930,缩量,低,情绪退潮,进场,趋势转多型,纯资金炒作(亏损风险),C,谨慎：纯资金炒作,12.2
000099,中信海直,12.87,-60.2,0.86,-8.1,-5.66,-21033828,-27013253,-40448361,-5079236,-4027721,-664655,缩量,低,情绪退潮,观望,资金撤退型,,D,回避：资金撤退,-1.9
000155,川能动力,11.58,-60.7,0.35,-41.8,-3.9,-40494006,-163251276,-299266528,-10892134,-13769428,12438610,缩量,低,情绪退潮,观望,资金撤退型,,D,回避：资金撤退,-1.3
000088,盐 田 港,4.55,1.5,0.94,74.2,-3.54,-29025886,-60653483,-73838577,16135316,7077362,-6376824,缩量,低,情绪退潮,吸筹,资金撤退型,机构吸筹+盈利(关注),C,谨慎：资金流入未验证业绩,22.8
000156,华数传媒,6.95,-20.1,0.95,-19.1,-2.58,-5723517,891036,-14126178,-3661291,-3160965,1074276,缩量,低,情绪退潮,观望,资金观望型,,D,回避：资金观望,-0.9
000070,特发信息,17.98,82.2,0.45,53.2,0.65,58072273,155964403,254264633,82840534,79156575,-72377671,放量,低,游资情绪,抢筹,均衡流入型,纯资金炒作(亏损风险),C,谨慎：纯资金炒作,28.2
000157,中联重科,6.16,-50.7,0.81,-34.9,-23.7,-306816364,-314717646,-616530055,-35586865,-41785110,39714298,缩量,低,情绪退潮,观望,资金撤退型,,D,回避：资金撤退,-7.9
000158,常山北明,12.64,-47.9,0.48,-18.8,-4.58,-73443211,-286462401,-31521188,552461,-3270149,-5259365,缩量,低,情绪退潮,观望,长线吸筹型,,D,回避：资金观望,-1.5
000151,中成股份,10.24,3.9,0.75,65.1,-1.07,-6542366,-2623371,-21756746,-3324539,-1727240,5229444,缩量,低,情绪退潮,观望,资金观望型,,D,回避：资金观望,-0.4
000153,丰原药业,6.01,20.0,0.64,-56.7,-0.63,-1949173,-5458418,-147698286,512128,-1430382,-5812948,缩量,低,情绪退潮,观望,资金撤退型,,D,回避：资金撤退,-0.2
000159,国际实业,5.43,-37.0,0.39,-25.8,-2.45,-5639603,-22154360,-29275471,-1173157,-67422,1762508,缩量,低,情绪退潮,观望,资金撤退型,,D,回避：资金撤退,-0.8
000090,天健集团,3.48,16.6,0.76,1.0,0.39,1108667,3271741,4001300,7312097,9306574,-3306417,缩量,低,情绪退潮,吸筹,均衡流入型,资金+业绩共振(双击候选),B,关注：资金+业绩共振,64.1
000100,TCL科技,4.83,-50.5,3.83,-11.7,-0.21,-17950537,-548510661,-582939503,56378619,38770323,-1077195,缩量,低,情绪退潮,吸筹,资金撤退型,机构吸筹+盈利(关注),C,谨慎：资金流入未验证业绩,23.9
000166,申万宏源,4.37,-61.9,1.6,2.2,-4.51,-56304427,-123589013,-59808285,-7463321,-9167138,3585154,缩量,低,情绪退潮,观望,资金观望型,,D,回避：资金观望,-1.5
000333,美的集团,85.04,-53.9,1.68,5.2,-2.13,-198142961,-52135899,98508938,-72761621,30984917,21511861,缩量,低,情绪退潮,观望,资金观望型,,D,回避：资金观望,-0.7
000301,东方盛虹,13.42,-44.4,1.33,-22.6,-2.12,-36399627,48079744,-3564545,-22458722,-11331410,25842872,缩量,低,情绪退潮,观望,资金观望型,,D,回避：资金观望,-0.7
000408,藏格矿业,70.95,-43.7,0.88,-16.8,-3.82,-146534889,-179081416,295082941,-49402322,-58516936,42058819,缩量,低,情绪退潮,观望,长线吸筹型,,D,回避：资金观望,-1.3
000400,许继电气,20.31,-76.2,0.66,-4.8,-3.18,-27423968,18431615,-104797973,1327360,-1923431,-5956966,缩量,低,情绪退潮,观望,资金观望型,,D,回避：资金观望,-1.1
000404,长虹华意,6.85,-82.1,0.28,-17.3,-10.07,-23413753,-26152819,-33383963,-249948,1346551,-1489978,缩量,低,情绪退潮,观望,资金撤退型,,D,回避：资金撤退,-3.4
000411,英特集团,9.9,-51.9,0.73,-16.6,-2.55,-3497179,-6085097,-19260246,1025723,0,-3003456,缩量,低,情绪退潮,观望,资金撤退型,,D,回避：资金撤退,-0.8
000403,派林生物,9.91,-65.9,2.17,-53.1,-6.83,-15612334,-8485353,-15246830,-602971,-3687575,2503358,缩量,低,情绪退潮,观望,资金观望型,,D,回避：资金观望,-2.3
000407,胜利股份,4.16,4.4,0.71,-1.2,0.24,722736,-4489665,-24357703,-3269564,-667167,6121526,缩量,低,情绪退潮,观望,资金观望型,,D,回避：资金观望,0.1
000410,沈阳机床,5.06,9.3,0.48,-13.2,-7.34,-25793909,-26104658,-50598302,2690252,-2858388,-7129207,缩量,低,情绪退潮,观望,资金撤退型,,D,回避：资金撤退,-2.4
000338,潍柴动力,26.65,19.9,0.82,-16.2,-4.42,-461766648,86015802,-803729607,275722801,196575504,-91186416,缩量,低,情绪退潮,吸筹,资金观望型,机构吸筹+盈利(关注),C,谨慎：资金流入未验证业绩,22.5
000415,渤海租赁,4.38,-1.2,1.06,3.4,-6.32,-77678726,-287554505,-359585873,-59822174,-45781144,36516374,缩量,低,情绪退潮,观望,资金撤退型,,D,回避：资金撤退,-2.1
000401,金隅冀东,3.48,-2.0,0.48,-0.9,4.14,6950991,8026169,6429641,5028678,757095,-4015699,缩量,低,情绪退潮,进场,趋势转多型,资金+业绩共振(双击候选),B,关注：资金+业绩共振,73.4
000402,金 融 街,2.45,-34.2,0.92,-33.2,0.92,3408543,685725,34291480,5916726,5318246,-5421168,缩量,低,情绪退潮,进场,长线吸筹型,纯资金炒作(亏损风险),C,谨慎：纯资金炒作,12.3
000417,合百集团,5.56,-72.6,5.01,192.7,-0.41,-5122359,50213325,31200339,-4341825,-6867498,10177088,缩量,低,情绪退潮,观望,资金观望型,,D,回避：资金观望,-0.1
000409,云鼎科技,8.75,2.1,0.55,-4.6,1.95,7239667,12062624,26844909,343450,-1509160,1908490,缩量,低,情绪退潮,进场,均衡流入型,资金+业绩共振(双击候选),B,关注：资金+业绩共振,72.7
000419,通程控股,4.98,-18.9,0.56,20.3,-3.25,-5922275,-2609497,-4332571,-914612,-1529590,-2397114,缩量,低,情绪退潮,观望,资金观望型,,D,回避：资金观望,-1.1
000420,吉林化纤,3.49,-62.8,0.3,9.6,-10.55,-61556391,-78697017,-37603107,-9399573,-9706390,4674545,缩量,低,情绪退潮,观望,资金观望型,,D,回避：资金观望,-3.5
000421,南京公用,5.66,12.5,0.96,-44.8,-0.99,-2160804,-15211740,38578304,-1072554,-3156748,2398574,缩量,低,情绪退潮,观望,长线吸筹型,,D,回避：资金观望,-0.3
000422,湖北宜化,11.78,-77.7,0.54,-6.7,-11.31,-118761343,-196247569,-234359186,-3770203,-880035,2790440,缩量,低,情绪退潮,观望,资金撤退型,,D,回避：资金撤退,-3.8
000428,华天酒店,4.03,71.6,2.13,81.6,-3.49,-60460093,72936687,177214036,-2520119,-3026934,2143840,放量,低,游资情绪,观望,高位分歧型,,D,回避：资金观望,6.8
000425,徐工机械,7.54,-24.3,0.89,-1.2,-3.94,-180218933,-262663329,-228857382,-21442721,-6432498,70758078,缩量,低,情绪退潮,观望,资金观望型,,D,回避：资金观望,-1.3
000429,粤高速Ａ,12.67,-57.0,2.0,27.4,0.1,550023,-21349689,-78156515,-2485018,-2582182,4349858,缩量,低,情绪退潮,观望,资金观望型,,D,回避：资金观望,0.0
000430,张家界,6.89,119.2,1.17,164.3,-3.6,-41116824,-35286768,-44769451,-5281936,1763449,14101793,放量,低,游资情绪,观望,资金观望型,,D,回避：资金观望,6.8
000503,国新健康,6.7,-63.4,1.07,-36.4,-8.44,-22875366,-32788532,46145226,1690937,1709163,-5094819,缩量,低,情绪退潮,观望,长线吸筹型,,D,回避：资金观望,-2.8
000501,武商集团,7.04,-17.3,1.15,45.2,-13.31,-49106595,608417,-6538031,-5767706,-3550827,4186943,缩量,低,情绪退潮,观望,资金观望型,,D,回避：资金观望,-4.4
000506,招金黄金,18.49,33.6,1.83,-54.1,1.61,75304448,-265993400,99830970,-97378153,-28572320,117010843,缩量,低,情绪退潮,观望,长线吸筹型,,D,回避：资金观望,0.5
000507,珠海港,5.04,-17.1,0.92,27.5,-4.94,-12554883,-22046397,-35847151,42530,-804198,-3766312,缩量,低,情绪退潮,观望,资金撤退型,,D,回避：资金撤退,-1.6
000498,山东路桥,4.94,-14.9,0.47,-23.0,0.06,128171,-13386056,-48073495,3276910,1498814,-2565390,缩量,低,情绪退潮,进场,资金观望型,资金+业绩共振(双击候选),B,关注：资金+业绩共振,72.0
000510,新金路,17.82,-37.8,1.43,12.4,-5.36,-214942928,-186799199,-47656422,-38115386,-43002756,38989983,缩量,低,情绪退潮,观望,资金观望型,,D,回避：资金观望,-1.8
000509,华塑控股,3.43,-49.8,1.32,-25.8,-2.29,-6435039,-8861436,-32226026,-5069581,-4646966,4904509,缩量,低,情绪退潮,观望,资金撤退型,,D,回避：资金撤退,-0.8
000513,丽珠集团,26.24,-71.3,1.36,-43.2,-5.93,-37294757,-42480056,-168830762,1539824,1060265,1561146,缩量,低,情绪退潮,观望,资金撤退型,,D,回避：资金撤退,-2.0
000514,渝 开 发,4.18,1.1,1.05,-44.6,-2.44,-4236008,-14626829,13223739,1745348,1690747,-1746481,缩量,低,情绪退潮,观望,长线吸筹型,,D,回避：资金观望,-0.8
000517,荣安地产,2.01,25.7,1.93,-24.2,-0.17,-531151,-37886158,-69821961,4112265,2765757,-3197985,缩量,低,情绪退潮,观望,资金撤退型,,D,回避：资金撤退,-0.1
000516,国际医学,4.18,-44.2,0.93,48.3,-1.83,-9407026,24817897,19058337,-4931837,-10220982,2251814,缩量,低,情绪退潮,观望,资金观望型,,D,回避：资金观望,-0.6
000518,四环生物,3.81,-69.6,3.32,-36.6,-0.31,-1556267,-16137169,10364161,-4073149,-6569406,3975557,缩量,低,情绪退潮,观望,资金观望型,,D,回避：资金观望,-0.1
000519,中兵红箭,15.15,-39.9,3.17,99.1,-7.21,-406223103,-327432976,-304331363,-50137592,-4374593,73438962,缩量,低,情绪退潮,观望,资金观望型,,D,回避：资金观望,-2.4
000520,凤凰航运,4.14,-15.8,2.08,20.7,-6.72,-58341121,37265943,54618303,2050978,3285454,-3791347,缩量,低,情绪退潮,观望,资金观望型,,D,回避：资金观望,-2.2
000521,长虹美菱,4.39,-79.1,2.08,100.9,-7.79,-18673270,-18402700,-21239624,1689374,-99518,-1049241,缩量,低,情绪退潮,观望,资金观望型,,D,回避：资金观望,-2.6
000523,红棉股份,3.37,1132.4,1.18,149.0,-16.03,-785664374,-588081104,-478176739,24608801,19159821,2364915,放量,低,游资情绪,观望,资金观望型,,D,回避：资金观望,2.7
000524,岭南控股,9.01,-35.0,0.77,-45.5,-9.56,-41699952,-137502048,-79832635,10482114,1554088,-12272899,缩量,低,情绪退潮,观望,长线吸筹型,,D,回避：资金观望,-3.2
000526,学大教育,35.54,-60.3,1.33,-52.8,-7.22,-23729662,-10921449,-33804439,153395,-1535545,2355269,缩量,低,情绪退潮,观望,资金观望型,,D,回避：资金观望,-2.4
000525,红太阳,4.55,-5.9,0.93,-21.9,-6.54,-30604076,-30690825,-120854626,-6820338,-3867143,1184334,缩量,低,情绪退潮,观望,资金撤退型,,D,回避：资金撤退,-2.2
000528,柳    工,7.66,-28.4,1.14,17.8,-5.36,-73437320,-75725328,-129488485,-8120377,-7960849,-2444581,缩量,低,情绪退潮,观望,资金撤退型,,D,回避：资金撤退,-1.8
000531,穗恒运Ａ,5.63,-12.9,0.31,82.2,-0.52,-1920530,13397630,-4878959,-2860311,-3204436,-2155303,缩量,低,情绪退潮,观望,资金观望型,,D,回避：资金观望,-0.2
000530,冰山冷热,5.13,-19.0,0.49,-23.1,-4.2,-10856721,-21839279,-3390781,-1216149,-2098975,378563,缩量,低,情绪退潮,观望,资金观望型,,D,回避：资金观望,-1.4
000533,顺钠股份,10.82,-43.3,0.36,-13.3,-3.88,-97697295,-101688249,-13805596,-35230255,-29062707,75559353,缩量,低,情绪退潮,观望,资金观望型,,D,回避：资金观望,-1.3
000534,万泽股份,23.48,-48.0,0.47,12.9,-2.98,-38689076,34532087,-71473535,6259709,-1209867,-12256440,缩量,低,情绪退潮,观望,资金观望型,,D,回避：资金观望,-1.0
000537,绿发电力,7.38,-10.7,0.2,59.2,-2.13,-21448522,-31318077,-93130571,-16862829,-8366929,20785163,缩量,低,情绪退潮,观望,资金撤退型,,D,回避：资金撤退,-0.7
000536,华映科技,3.4,-43.6,1.77,-51.3,-1.53,-10662735,-84994954,277281252,-8018428,-8260506,3135051,缩量,低,情绪退潮,观望,长线吸筹型,,D,回避：资金观望,-0.5
000529,广弘控股,4.91,9.5,0.79,51.0,2.59,3419179,-930961,2347437,-365390,734542,-457097,缩量,低,情绪退潮,吸筹,资金观望型,资金+业绩共振(双击候选),B,关注：资金+业绩共振,64.9
000538,云南白药,51.39,-17.2,1.62,-1.5,-0.01,-252562,-24622810,-75258066,56810960,31035919,-40196459,缩量,低,情绪退潮,观望,资金撤退型,,D,回避：资金撤退,-0.0
000541,佛山照明,4.9,-69.5,1.3,-12.9,-6.23,-7023833,-9043517,-16143827,967726,636678,948844,缩量,低,情绪退潮,观望,资金撤退型,,D,回避：资金撤退,-2.1
000539,粤电力Ａ,5.14,-60.5,0.55,57.6,-1.73,-29287010,-2783375,-55675269,-33134929,-24410671,39552297,缩量,低,情绪退潮,观望,资金观望型,,D,回避：资金观望,-0.6
000544,中原环保,7.26,-35.2,0.76,-21.0,-3.46,-3132223,-1124483,1261521,2578681,-143154,-3593045,缩量,低,情绪退潮,观望,资金观望型,,D,回避：资金观望,-1.2
000532,华金资本,11.78,282.5,0.67,134.6,9.18,110975813,104433747,87533787,-12379483,-2457002,12374175,放量,中,主力偏强放量,进场,资金观望型,资金+业绩共振(双击候选),B,关注：资金+业绩共振,91.1
000543,皖能电力,7.33,-36.5,0.77,10.2,-1.34,-11812582,-40439202,-143954960,-12591875,-14324717,7202566,缩量,低,情绪退潮,观望,资金撤退型,,D,回避：资金撤退,-0.4
000545,金浦钛业,2.17,-48.5,1.0,-26.9,2.02,9299775,-4219263,11828786,-3468875,-522891,3327843,缩量,低,情绪退潮,观望,资金观望型,,D,回避：资金观望,0.7
000546,金圆股份,4.46,-57.2,0.16,-21.7,-6.57,-12210284,-13215553,-12969706,1340235,-832171,-443176,缩量,低,情绪退潮,观望,资金观望型,,D,回避：资金观望,-2.2
000547,航天发展,14.49,-63.3,0.3,44.2,-1.41,-47511324,-52207794,-192191684,-75278767,-46792448,71247659,缩量,低,情绪退潮,观望,资金撤退型,,D,回避：资金撤退,-0.5
000548,湖南投资,4.58,-29.6,0.8,9.1,0.81,1116754,-6929339,-1833980,-1004814,0,17237,缩量,低,情绪退潮,观望,资金观望型,,D,回避：资金观望,0.3
000551,创元科技,11.99,-82.5,2.19,-22.5,-2.33,-13575206,-57872254,-143232314,-22563646,-18093800,9999798,缩量,低,情绪退潮,观望,资金撤退型,,D,回避：资金撤退,-0.8
000553,安道麦A,5.59,-26.7,1.13,3.2,-1.39,-3486268,-1785347,-26889042,-182635,1003000,1044252,缩量,低,情绪退潮,观望,资金观望型,,D,回避：资金观望,-0.5
000554,泰山石油,6.31,-15.8,0.94,24.4,1.81,14216042,13357617,17930796,-13092099,-9606014,11645780,缩量,低,情绪退潮,观望,资金观望型,,D,回避：资金观望,0.6
000555,神州信息,10.3,-71.0,0.72,-29.9,-5.6,-28598412,-52155081,-85092976,864708,197365,-4740773,缩量,低,情绪退潮,观望,资金撤退型,,D,回避：资金撤退,-1.9
000557,西部创业,3.69,-20.0,0.96,-7.6,-2.35,-3100981,-5127686,-5237590,-2164847,-956649,-661041,缩量,低,情绪退潮,观望,资金撤退型,,D,回避：资金撤退,-0.8
000558,天府文旅,3.6,3.4,0.69,0.2,-4.88,-30981162,-28172067,-47925645,5701902,3783553,-6046132,缩量,低,情绪退潮,观望,资金观望型,,D,回避：资金观望,-1.6
000559,万向钱潮,10.7,-25.1,0.25,11.8,-1.62,-20432205,-61356567,-176739925,42487068,29754915,-50855167,缩量,低,情绪退潮,观望,资金撤退型,,D,回避：资金撤退,-0.5
000552,甘肃能化,2.48,-12.5,0.35,-11.4,3.16,29442739,6170762,-6461,11063246,6652243,-18647690,缩量,低,情绪退潮,进场,资金观望型,纯资金炒作(亏损风险),C,谨慎：纯资金炒作,13.1
000565,渝三峡Ａ,6.57,121.6,1.32,99.1,-4.37,-59266745,27637691,81310927,-2368273,-1834972,3215217,放量,低,游资情绪,观望,高位分歧型,,D,回避：资金观望,6.5
000560,我爱我家,2.82,571.6,0.74,40.7,-3.71,-148183587,410453709,483971473,103277883,69966043,-67502594,放量,低,游资情绪,抢筹,资金观望型,纯资金炒作(亏损风险),C,谨慎：纯资金炒作,26.8
000561,烽火电子,7.84,73.9,0.85,50.6,1.11,7217111,728109,1951961,4146657,1103701,-8348019,放量,低,游资情绪,进场,资金观望型,纯资金炒作(亏损风险),C,谨慎：纯资金炒作,20.4
000563,陕国投Ａ,2.94,-33.7,1.07,-15.0,1.07,6194623,-9283488,-25989853,1738536,-822089,-10992433,缩量,低,情绪退潮,进场,资金观望型,资金+业绩共振(双击候选),B,关注：资金+业绩共振,72.4
000570,苏常柴Ａ,5.18,-40.8,0.18,-27.8,-9.78,-19474748,-23775257,-30297852,-752766,510402,3161988,缩量,低,情绪退潮,观望,资金撤退型,,D,回避：资金撤退,-3.3
000564,供销大集,1.5,31.2,0.97,4.1,-6.72,-145894384,-124104774,-164386229,15515769,24805934,-5624419,缩量,低,情绪退潮,吸筹,资金观望型,纯资金炒作(亏损风险),C,谨慎：纯资金炒作,1.8
000576,甘化科工,8.27,-9.0,1.24,-39.7,-7.41,-46247710,-88012060,-4844595,676814,-766811,-193596,缩量,低,情绪退潮,观望,长线吸筹型,,D,回避：资金观望,-2.5
000581,威孚高科,18.16,-54.2,0.4,-48.4,-3.89,-16740805,-21290201,-40769241,159109,-3675634,-3297298,缩量,低,情绪退潮,观望,资金撤退型,,D,回避：资金撤退,-1.3
000582,北部湾港,9.84,124.5,1.67,97.8,-6.51,-247776293,-449474882,-504596202,-284046352,-222315861,260092857,放量,低,游资情绪,观望,资金撤退型,,D,回避：资金撤退,5.8
000586,汇源通信,13.9,34.2,0.11,40.8,-4.68,-46213863,-1996256,38993000,-2952362,-2228038,7833422,缩量,低,情绪退潮,观望,高位分歧型,,D,回避：资金观望,-1.6
000571,新大洲A,6.39,-8.0,1.58,0.4,4.66,34131118,7315847,-19700766,12476416,5845054,-6694905,缩量,低,情绪退潮,进场,资金观望型,纯资金炒作(亏损风险),C,谨慎：纯资金炒作,13.6
000572,海马汽车,4.36,262.9,1.3,186.1,4.27,134788037,153236034,157221257,196554844,179999688,-145493634,放量,低,游资情绪,抢筹,均衡流入型,纯资金炒作(亏损风险),C,谨慎：纯资金炒作,29.4
000573,粤宏远Ａ,3.69,-50.7,0.53,-37.8,1.49,2959396,-3169835,-13356479,3718639,-985320,-1320820,缩量,低,情绪退潮,进场,资金观望型,资金+业绩共振(双击候选),B,关注：资金+业绩共振,72.5
000589,贵州轮胎,4.23,-44.5,1.21,-14.6,-1.43,-6111257,14905568,-460642,7473354,7113981,-11378429,缩量,低,情绪退潮,观望,资金观望型,,D,回避：资金观望,-0.5
000591,太阳能,4.27,-5.4,0.35,58.1,-0.64,-7088540,-18298990,-46769614,-8502462,-4050338,-3674749,缩量,低,情绪退潮,观望,资金撤退型,,D,回避：资金撤退,-0.2
000593,德龙汇能,21.57,-66.1,0.81,-40.6,-0.97,-8991262,-6042070,-192207001,6044504,4086060,-9992530,缩量,低,情绪退潮,观望,资金观望型,,D,回避：资金观望,-0.3
000595,新能股份,5.24,-60.9,2.0,-39.3,-1.19,-6958465,-71677559,-27034223,-11643330,-5950037,11550400,缩量,低,情绪退潮,观望,长线吸筹型,,D,回避：资金观望,-0.4
000596,古井贡酒,92.5,-72.5,1.93,-18.4,-4.91,-53982417,-672224,-28917037,-5937613,3665205,5498404,缩量,低,情绪退潮,观望,资金观望型,,D,回避：资金观望,-1.6
000598,兴蓉环境,7.0,-51.8,1.59,-13.4,-3.41,-19389770,-28593823,-73212185,1510162,2617966,-8599542,缩量,低,情绪退潮,观望,资金撤退型,,D,回避：资金撤退,-1.1
000590,古汉医药,8.94,-42.9,0.88,-50.0,2.5,3071006,-299140,21388749,-476895,676938,-24207,缩量,低,情绪退潮,吸筹,资金观望型,纯资金炒作(亏损风险),C,谨慎：纯资金炒作,4.8
000592,平潭发展,8.37,323.8,0.44,137.6,5.28,760648211,1301315399,1775429431,-466398220,-326086505,257343087,放量,中,主力偏强放量,进场,主力强攻型,纯资金炒作(亏损风险),C,谨慎：纯资金炒作,29.8
000601,韶能股份,6.15,-50.2,0.44,57.2,-4.9,-75171565,-24923540,-43070588,-23952922,-13261804,35108626,缩量,低,情绪退潮,观望,资金观望型,,D,回避：资金观望,-1.6
000600,建投能源,7.21,-56.6,1.39,1.2,-6.62,-46863462,-32179696,-128713279,-9809361,-5610221,15777387,缩量,低,情绪退潮,观望,资金观望型,,D,回避：资金观望,-2.2
000597,东北制药,4.67,-50.3,0.83,-52.5,3.79,8302901,18333405,-29251880,870392,-98754,-865761,缩量,低,情绪退潮,进场,趋势转多型,资金+业绩共振(双击候选),B,关注：资金+业绩共振,73.3
000603,盛达资源,32.83,45.8,1.4,-55.4,-0.53,-30056541,-185846603,283588490,-93197040,-97472725,56707579,缩量,低,情绪退潮,观望,长线吸筹型,,D,回避：资金观望,-0.2
000605,渤海股份,5.84,-35.6,0.98,-6.5,2.06,2408273,1456537,3768592,-193910,0,-1240529,缩量,低,情绪退潮,观望,资金观望型,,D,回避：资金观望,0.7
000608,阳光股份,7.03,-68.9,3.92,0.9,-4.82,-26841648,19560507,35938058,-9418942,-6335050,6694171,缩量,低,情绪退潮,观望,资金观望型,,D,回避：资金观望,-1.6
000612,焦作万方,11.34,59.3,0.79,38.8,0.49,15265750,-25471264,-53963363,-60576495,-37038900,39583990,放量,低,游资情绪,观望,资金观望型,,D,回避：资金观望,8.2
000617,中油资本,6.81,-51.0,0.43,-40.7,-6.81,-164269357,-275375305,-566637899,2943124,6898222,370119,缩量,低,情绪退潮,观望,资金撤退型,,D,回避：资金撤退,-2.3
000619,海螺新材,4.96,-5.0,0.93,9.0,-1.01,-1635408,-4356585,-1718520,-1290597,-78546,-674019,缩量,低,情绪退潮,观望,资金观望型,,D,回避：资金观望,-0.3
000607,华媒控股,4.04,353.5,1.07,82.4,1.34,7287352,4343060,14174434,26320732,18898340,-43294572,放量,低,游资情绪,抢筹,资金观望型,纯资金炒作(亏损风险),C,谨慎：纯资金炒作,28.4
000620,盈新发展,3.15,-38.7,3.63,-18.5,2.11,87325360,256302820,131842214,-20687700,1196994,8638633,缩量,低,情绪退潮,观望,趋势转多型,,D,回避：资金观望,0.7
000626,远大控股,8.88,171.4,0.29,17.9,-9.59,-87533602,-37288856,49194787,5090064,-3138972,-6259822,放量,低,游资情绪,观望,高位分歧型,,D,回避：资金观望,4.8
000623,吉林敖东,17.31,-64.5,1.64,-30.9,-7.55,-58084697,-49684947,-23833653,-14113393,-11586785,165796,缩量,低,情绪退潮,观望,资金观望型,,D,回避：资金观望,-2.5
000628,高新发展,56.19,-8.9,0.51,-19.8,-4.99,-138044608,-187397646,354338304,-20372213,-21115988,38664103,缩量,低,情绪退潮,观望,长线吸筹型,,D,回避：资金观望,-1.7
000629,钒钛股份,2.86,-69.8,1.42,-24.6,-11.46,-117588661,-133996022,-169868361,-5729379,3483776,10033887,缩量,低,情绪退潮,观望,资金撤退型,,D,回避：资金撤退,-3.8
000631,顺发恒能,2.91,-22.3,0.58,-0.1,-3.41,-4966046,-7922991,-11617669,-1011372,-1993525,-549947,缩量,低,情绪退潮,观望,资金撤退型,,D,回避：资金撤退,-1.1
000630,铜陵有色,6.02,-51.8,1.17,-28.6,-12.01,-666734221,-700067904,-1048086685,-173201279,-82980183,134152087,缩量,低,情绪退潮,观望,资金撤退型,,D,回避：资金撤退,-4.0
000636,风华高科,56.65,2.2,5.18,15.2,4.34,2062622517,2033098786,-859894773,-610382971,-407499497,645374060,缩量,低,情绪退潮,观望,资金观望型,,D,回避：资金观望,1.4
000635,英 力 特,7.14,93.7,0.75,102.3,-1.16,-5365455,-51355721,-33668513,-1932126,-2957495,4556044,放量,低,游资情绪,观望,资金观望型,,D,回避：资金观望,7.6
000625,长安汽车,7.15,-53.9,0.87,61.2,-1.72,-33563743,73847640,60313,41332052,38327134,-34931109,缩量,低,情绪退潮,吸筹,资金观望型,机构吸筹+盈利(关注),C,谨慎：资金流入未验证业绩,23.4
000650,仁和药业,5.18,-51.9,1.54,-38.9,-0.04,-158901,3752618,11713197,6037515,3347930,-8254109,缩量,低,情绪退潮,观望,资金观望型,,D,回避：资金观望,-0.0
000651,格力电器,37.98,-52.4,2.24,-38.3,-3.94,-206657932,-255355764,-769466968,-22872903,-4208008,83132519,缩量,低,情绪退潮,观望,资金撤退型,,D,回避：资金撤退,-1.3
000652,泰达股份,3.33,-7.6,0.51,34.3,-8.43,-20554868,-11427518,-20542005,3839608,3614559,-3674150,缩量,低,情绪退潮,观望,资金观望型,,D,回避：资金观望,-2.8
000655,金岭矿业,7.08,-18.5,0.63,-15.0,-7.37,-14840342,-8983571,21001837,196567,315700,103623,缩量,低,情绪退潮,观望,高位分歧型,,D,回避：资金观望,-2.5
000657,中钨高新,60.9,-25.2,0.99,-25.5,-0.05,-9151289,-432496317,-1703977459,-181711260,-104684270,336470997,缩量,低,情绪退潮,观望,资金撤退型,,D,回避：资金撤退,-0.0
000656,金科股份,1.22,-6.0,2.02,-32.0,-7.0,-55806536,-53848620,-28807184,7938423,6880859,1407284,缩量,低,情绪退潮,观望,资金观望型,,D,回避：资金观望,-2.3
000633,合金投资,5.15,-36.0,0.66,16.9,4.38,9097777,5361134,15492256,1000749,0,-2184490,缩量,低,情绪退潮,进场,资金观望型,资金+业绩共振(双击候选),B,关注：资金+业绩共振,73.5
000659,珠海中富,2.83,-44.5,0.84,-22.3,-7.46,-22469355,-28331042,-14187346,1389734,575342,318183,缩量,低,情绪退潮,观望,资金观望型,,D,回避：资金观望,-2.5
000637,茂化实华,4.15,-14.2,1.28,-5.4,4.01,7017932,6288420,4927516,989559,0,257345,缩量,低,情绪退潮,进场,资金观望型,纯资金炒作(亏损风险),C,谨慎：纯资金炒作,13.3
000661,长春高新,72.33,-62.6,1.92,-48.9,-0.63,-7757018,16612325,724914,32043957,23037210,-25011060,缩量,低,情绪退潮,观望,资金观望型,,D,回避：资金观望,-0.2
000665,湖北广电,4.13,21.6,1.01,-16.2,0.48,1409384,-7310450,-39855939,-2433005,-622724,3509661,缩量,低,情绪退潮,观望,资金观望型,,D,回避：资金观望,0.2
000668,荣丰控股,21.02,-33.7,2.52,-47.1,-1.55,-3543453,-18425931,15290946,-3718628,-4661806,3066503,缩量,低,情绪退潮,观望,长线吸筹型,,D,回避：资金观望,-0.5
000672,上峰材料,14.92,-61.0,3.15,8.8,-3.79,-45070202,-27348473,-13896458,8273631,1826069,-16151528,缩量,低,情绪退潮,观望,资金观望型,,D,回避：资金观望,-1.3
000678,襄阳轴承,9.02,17.6,0.74,-45.0,-2.28,-7829035,-12945812,-58962292,11639954,4732446,-21000555,缩量,低,情绪退潮,观望,资金撤退型,,D,回避：资金撤退,-0.8
000663,永安林业,5.98,61.4,0.79,-6.4,-1.37,-3221093,-1911316,-332359,862483,1561795,523477,放量,低,游资情绪,抢筹,资金观望型,纯资金炒作(亏损风险),C,谨慎：纯资金炒作,27.5
000676,智度股份,6.77,-69.7,5.18,-29.3,-5.28,-56943120,-213285106,-236063308,12316040,1154040,-10140056,缩量,低,情绪退潮,观望,资金撤退型,,D,回避：资金撤退,-1.8
000680,山推股份,9.25,-30.4,0.75,23.5,-5.2,-53177802,-95769829,-95948911,5097128,1608223,-3207047,缩量,低,情绪退潮,观望,资金撤退型,,D,回避：资金撤退,-1.7
000681,视觉中国,16.18,-62.3,1.3,15.0,-7.7,-110262998,-46338604,-53618606,514964,2059138,-9357340,缩量,低,情绪退潮,观望,资金观望型,,D,回避：资金观望,-2.6
000682,东方电子,10.69,-78.8,0.75,-20.9,-10.91,-45783997,-67947825,-156235227,-4556854,-1237099,5093444,缩量,低,情绪退潮,观望,资金撤退型,,D,回避：资金撤退,-3.6
000670,盈方微,7.64,142.3,1.17,22.7,9.59,267978708,185532734,198824337,-142604329,-14987049,102939279,放量,中,主力偏强放量,进场,资金观望型,纯资金炒作(亏损风险),C,谨慎：纯资金炒作,31.2
000685,中山公用,10.79,-53.0,1.56,-28.3,-5.02,-26291770,-58771981,-136865554,1790770,-193243,-8244299,缩量,低,情绪退潮,观望,资金撤退型,,D,回避：资金撤退,-1.7
000686,东北证券,7.66,-68.2,1.76,-29.7,-3.19,-18390499,-27894220,-18925396,-8916585,-3678136,5786654,缩量,低,情绪退潮,观望,资金观望型,,D,回避：资金观望,-1.1
000679,大连友谊,6.43,53.1,1.87,274.6,0.59,3730051,16755113,14497161,7416891,4998631,-4690663,放量,低,游资情绪,抢筹,趋势转多型,纯资金炒作(亏损风险),C,谨慎：纯资金炒作,28.2
000691,亚太实业,9.22,-77.4,3.7,-22.1,-6.53,-19623134,-35251994,-42953480,-4282894,-2330970,5459645,缩量,低,情绪退潮,观望,资金撤退型,,D,回避：资金撤退,-2.2
000690,宝新能源,5.18,-7.3,0.3,27.6,-5.26,-80963407,-85393757,-114560652,-14798224,-8744670,25259471,缩量,低,情绪退潮,观望,资金撤退型,,D,回避：资金撤退,-1.8
000683,博源化工,5.73,-52.1,0.92,-19.7,1.63,27704815,61996425,149276178,4907855,2314502,-2569590,缩量,低,情绪退潮,进场,均衡流入型,资金+业绩共振(双击候选),B,关注：资金+业绩共振,72.5
000688,国城矿业,26.05,-40.8,0.63,-57.3,0.63,10491427,-92993829,-254247309,22120819,32799932,20024103,缩量,低,情绪退潮,进场,资金观望型,资金+业绩共振(双击候选),B,关注：资金+业绩共振,72.2
000695,滨海能源,13.08,-46.6,0.53,-64.8,-1.81,-5375984,-14972627,28637845,-1026722,-7111840,-2928851,缩量,低,情绪退潮,观望,长线吸筹型,,D,回避：资金观望,-0.6
000701,厦门信达,5.17,-5.2,1.11,21.3,-3.83,-12289634,5748634,14731734,-1144202,1145297,-2289594,缩量,低,情绪退潮,观望,资金观望型,,D,回避：资金观望,-1.3
000697,炼石航空,8.8,-59.5,1.46,-10.4,-13.93,-35732769,-26265061,-20504815,47923,-823101,-629411,缩量,低,情绪退潮,观望,资金观望型,,D,回避：资金观望,-4.6
000702,正虹科技,5.69,22.1,0.45,258.9,-5.15,-17691344,7213099,7023892,-1231852,-290374,5113417,缩量,低,情绪退潮,观望,资金观望型,,D,回避：资金观望,-1.7
000703,恒逸石化,17.73,-20.7,2.01,-36.6,1.39,89306689,263563587,573516862,-58528627,-23688115,13029503,缩量,低,情绪退潮,观望,均衡流入型,,D,回避：资金观望,0.5
000692,惠天热电,4.21,51.4,0.7,-34.2,-2.88,-8807070,-29457549,-40640202,5586353,11265131,-76733,放量,低,游资情绪,抢筹,资金撤退型,纯资金炒作(亏损风险),C,谨慎：纯资金炒作,27.0
000708,中信特钢,13.1,-41.1,0.96,-8.0,3.42,30898005,21655530,1478016,-5833892,-4157534,11770156,缩量,低,情绪退潮,观望,资金观望型,,D,回避：资金观望,1.1
000710,贝瑞基因,8.54,-11.0,1.79,-74.5,-2.75,-9764408,-33537616,31583842,2926644,2978050,-12733096,缩量,低,情绪退潮,观望,长线吸筹型,,D,回避：资金观望,-0.9
000700,模塑科技,11.89,31.6,2.18,40.2,-3.03,-83721654,-16587103,-34958372,139704749,170442580,-114432802,缩量,低,情绪退潮,吸筹,资金观望型,机构吸筹+盈利(关注),C,谨慎：资金流入未验证业绩,23.0
000712,锦龙股份,9.92,109.1,1.91,-10.5,-2.68,-85914923,-413720031,232468546,-38290963,-21572361,45671598,放量,低,游资情绪,观望,长线吸筹型,,D,回避：资金观望,7.1
000711,京蓝科技,4.74,53.9,0.81,-23.4,-7.08,-184803973,-856845821,-1317351258,-119259853,-118265657,77649878,放量,低,游资情绪,观望,资金撤退型,,D,回避：资金撤退,5.6
000705,浙江震元,6.96,-37.1,0.99,-9.3,2.08,3448163,-7868330,-9014794,405584,0,-1488210,缩量,低,情绪退潮,进场,资金观望型,资金+业绩共振(双击候选),B,关注：资金+业绩共振,72.7
000709,河钢股份,2.04,-32.2,1.13,1.9,4.44,33646682,25875361,24987196,3588625,4059298,-9304749,缩量,低,情绪退潮,进场,资金观望型,资金+业绩共振(双击候选),B,关注：资金+业绩共振,73.5
000715,中兴商业,5.37,52.2,0.13,-17.6,-3.31,-9505939,-32781326,-33865709,3723729,-3025303,-3848866,放量,低,游资情绪,观望,资金撤退型,,D,回避：资金撤退,6.9
000716,黑芝麻,5.1,93.7,1.88,-39.5,-5.96,-47846759,-115105288,-19575114,7384123,-1148267,-12833362,放量,低,游资情绪,观望,长线吸筹型,,D,回避：资金观望,6.0
000707,双环科技,4.46,-16.6,0.19,22.3,6.33,10953689,-1572196,-6904254,1421851,2470600,-1816603,缩量,中,主力惜售,吸筹,资金观望型,纯资金炒作(亏损风险),C,谨慎：纯资金炒作,18.1
000719,中原传媒,12.04,-25.6,0.4,-16.4,-1.68,-4528333,5485538,-11428368,-685280,569040,-1984657,缩量,低,情绪退潮,观望,资金观望型,,D,回避：资金观望,-0.6
000713,国投丰乐,6.71,1258.7,0.57,43.9,1.85,32042030,12993092,69231178,19128582,33039099,-6796858,放量,低,游资情绪,抢筹,资金观望型,资金+业绩共振(双击候选),B,关注：资金+业绩共振,88.6
000721,西安饮食,6.08,50.2,1.18,17.7,-7.08,-66290053,-59318993,102945016,-1144727,-1183751,-2685081,放量,低,游资情绪,观望,长线吸筹型,,D,回避：资金观望,5.6
000718,苏宁环球,1.94,-19.8,0.95,-12.5,4.53,8711482,2314078,-2464642,2987399,2625818,-2321725,缩量,低,情绪退潮,吸筹,资金观望型,资金+业绩共振(双击候选),B,关注：资金+业绩共振,65.5
000717,中南股份,2.19,-22.3,1.23,-18.6,4.92,10468686,13296612,-4503326,3103933,2095341,-2652246,缩量,低,情绪退潮,进场,趋势转多型,纯资金炒作(亏损风险),C,谨慎：纯资金炒作,13.6
000726,鲁  泰Ａ,6.08,135.2,0.59,81.2,3.84,16404609,7720276,-18579534,-5051194,-2994217,2010539,放量,低,游资情绪,观望,资金观望型,,D,回避：资金观望,9.3
000720,新能泰山,3.98,189.5,0.22,16.5,9.93,121837187,119005269,78942091,21387201,-5550767,-31838485,放量,中,主力偏强放量,进场,资金观望型,纯资金炒作(亏损风险),C,谨慎：纯资金炒作,31.3
000722,湖南发展,14.0,24.7,0.47,373.6,2.22,95191960,116286676,112820900,-25990386,-11431522,37169616,缩量,低,情绪退潮,观望,趋势转多型,,D,回避：资金观望,0.7
000723,美锦能源,3.6,25.9,0.75,-48.6,-1.82,-23527035,-28219058,149865214,-12743562,-7897885,15498224,缩量,低,情绪退潮,观望,长线吸筹型,,D,回避：资金观望,-0.6
000727,冠捷科技,2.24,-59.4,0.84,-31.0,1.63,9491411,-15467529,-10947079,-2383407,-1439598,4054514,缩量,低,情绪退潮,观望,资金观望型,,D,回避：资金观望,0.5
000728,国元证券,7.44,-64.3,1.11,-48.4,-5.94,-41811159,-102870799,-303994324,-1255534,-1594932,-1659265,缩量,低,情绪退潮,观望,资金撤退型,,D,回避：资金撤退,-2.0
000733,振华科技,40.41,-61.0,3.03,-5.1,-0.32,-7455516,-69140583,-67917884,-58260312,-32882582,29593516,缩量,低,情绪退潮,观望,资金观望型,,D,回避：资金观望,-0.1
000725,京东方Ａ,5.75,-37.2,6.07,-14.7,-2.87,-878358400,-4127680109,-6253332465,1978717838,1926299915,-1166457014,缩量,低,情绪退潮,吸筹,资金撤退型,机构吸筹+盈利(关注),C,谨慎：资金流入未验证业绩,23.0
000736,中交发展,4.36,9.6,1.81,-45.9,-0.53,-1579788,-20256469,-17316045,4224329,629408,-648120,缩量,低,情绪退潮,观望,资金观望型,,D,回避：资金观望,-0.2
000737,北方铜业,14.06,80.8,1.41,28.9,-2.46,-179055702,236753102,250909246,-113464019,-102412301,96047645,放量,低,游资情绪,观望,资金观望型,,D,回避：资金观望,7.2
000738,航发控制,19.14,-29.0,0.46,36.0,-8.09,-105896737,-56775080,-36019239,-15840492,-16723980,13827631,缩量,低,情绪退潮,观望,资金观望型,,D,回避：资金观望,-2.7
000731,四川美丰,7.93,395.6,0.39,29.4,5.09,43873201,-2952875,107509296,20620232,16389321,-5893106,放量,中,主力偏强放量,抢筹,资金观望型,纯资金炒作(亏损风险),C,谨慎：纯资金炒作,37.7
000729,燕京啤酒,10.5,-23.2,0.79,-32.3,0.31,3116479,35414122,55773681,1072496,-7700979,-5819248,缩量,低,情绪退潮,进场,均衡流入型,资金+业绩共振(双击候选),B,关注：资金+业绩共振,72.1
000739,普洛药业,23.09,-24.1,1.92,-16.6,-2.09,-30434657,-118725534,-134397582,5913564,2887870,-9824950,缩量,低,情绪退潮,观望,资金撤退型,,D,回避：资金撤退,-0.7
000750,国海证券,3.63,-56.8,1.69,-8.1,-4.03,-31900743,-20368748,6782493,-1716603,-2616327,-288067,缩量,低,情绪退潮,观望,资金观望型,,D,回避：资金观望,-1.3
000735,罗 牛 山,5.94,351.2,0.69,103.8,-1.24,-35576461,65625727,-20475531,39645956,19422501,-42463632,放量,低,游资情绪,抢筹,资金观望型,机构吸筹+盈利(关注),C,谨慎：资金流入未验证业绩,47.6
000755,山西高速,4.74,-6.8,0.99,7.3,-0.1,-116525,-919721,-1769899,397385,642444,3445738,缩量,低,情绪退潮,观望,资金撤退型,,D,回避：资金撤退,-0.0
000751,锌业股份,4.59,-69.2,0.39,-47.4,-5.33,-44891813,-67735499,-28734825,-18616623,-16489244,10550343,缩量,低,情绪退潮,观望,资金观望型,,D,回避：资金观望,-1.8
000756,新华制药,12.76,-81.6,5.08,-38.7,-9.82,-32625041,-40799696,-94600861,-3437152,-1539782,1361184,缩量,低,情绪退潮,观望,资金撤退型,,D,回避：资金撤退,-3.3
000758,中色股份,5.9,-37.8,0.81,-22.3,-5.81,-48455289,-51212537,-69489996,-25054377,-23598190,7941101,缩量,低,情绪退潮,观望,资金撤退型,,D,回避：资金撤退,-1.9
000753,漳州发展,5.17,359.6,0.89,176.7,8.85,101304419,138136248,139762879,-1484962,-21269043,-22668170,放量,中,主力偏强放量,进场,主力强攻型,资金+业绩共振(双击候选),B,关注：资金+业绩共振,91.0
000759,中百集团,6.4,59.8,6.15,179.7,-0.87,-61408606,229113762,240741848,-18352371,2887289,12644646,放量,低,游资情绪,观望,资金观望型,,D,回避：资金观望,7.7
000766,通化金马,15.62,-72.4,1.45,-12.9,-1.11,-9759885,39109025,64443033,2927110,5069892,4180283,缩量,低,情绪退潮,观望,资金观望型,,D,回避：资金观望,-0.4
000757,浩物股份,4.26,-39.1,1.43,-10.6,-0.54,-1059699,-14454878,-18632822,2374653,1904669,-692216,缩量,低,情绪退潮,吸筹,资金撤退型,机构吸筹+盈利(关注),C,谨慎：资金流入未验证业绩,23.8
000762,西藏矿业,21.66,-70.6,0.21,-36.5,-4.93,-49269890,-81191111,-32785484,-2471273,1798742,9220671,缩量,低,情绪退潮,观望,资金观望型,,D,回避：资金观望,-1.6
000776,广发证券,20.02,-65.1,1.99,-26.5,-4.65,-232721455,-52816742,-320662276,-91955017,-105485968,35165413,缩量,低,情绪退潮,观望,资金观望型,,D,回避：资金观望,-1.6
000767,晋控电力,3.43,-44.0,0.64,67.3,0.39,7667595,34490150,-19557415,-16882396,4902223,30327147,缩量,低,情绪退潮,观望,趋势转多型,,D,回避：资金观望,0.1
000768,中航西飞,22.22,-30.8,0.65,-8.7,-14.31,-375256145,-587595691,-629829125,6971560,5980957,-19328942,缩量,低,情绪退潮,观望,资金撤退型,,D,回避：资金撤退,-4.8
000777,中核科技,16.47,-79.6,1.18,-19.0,-10.8,-32052610,-16670891,-45609233,-5320657,-762574,5763345,缩量,低,情绪退潮,观望,资金观望型,,D,回避：资金观望,-3.6
000779,甘咨询,8.74,-43.0,10.29,-36.3,-5.19,-77124859,-125123295,2421022,6350492,-10291643,-9560682,缩量,低,情绪退潮,观望,资金观望型,,D,回避：资金观望,-1.7
000761,本钢板材,2.25,-2.5,1.07,-1.4,8.95,17130030,14675438,212292,308540,351395,-4136605,缩量,中,主力惜售,进场,资金观望型,纯资金炒作(亏损风险),C,谨慎：纯资金炒作,27.0
000782,恒申新材,7.84,-56.2,1.01,-23.7,-4.46,-17009192,-36995775,-137917231,-7410349,-4849264,4633134,缩量,低,情绪退潮,观望,资金撤退型,,D,回避：资金撤退,-1.5
000783,长江证券,8.29,-75.7,6.76,-33.5,-10.58,-329727534,-84676389,-71728339,-52981448,-51326279,23702729,缩量,低,情绪退潮,观望,资金观望型,,D,回避：资金观望,-3.5
000778,新兴铸管,3.61,-52.1,0.5,32.5,-3.83,-31904381,25404797,-80458655,6865862,11114424,-4698650,缩量,低,情绪退潮,吸筹,资金观望型,机构吸筹+盈利(关注),C,谨慎：资金流入未验证业绩,22.7
000786,北新建材,15.71,-56.2,1.44,-37.0,-1.3,-17832961,-29856751,-85699508,-29009012,-5155575,26438182,缩量,低,情绪退潮,观望,资金撤退型,,D,回避：资金撤退,-0.4
000790,华神科技,3.92,-29.4,0.99,-27.9,1.14,2857800,-741072,2828792,-2176854,-2187377,802484,缩量,低,情绪退潮,观望,资金观望型,,D,回避：资金观望,0.4
000792,盐湖股份,24.99,-53.6,0.72,-35.9,-6.4,-365312396,-720922266,-726676340,27222824,55954673,-62508079,缩量,低,情绪退潮,观望,资金撤退型,,D,回避：资金撤退,-2.1
000785,居然智家,2.22,-15.8,0.9,4.2,5.83,33329378,17536626,-5514777,14222429,6412775,-15098110,缩量,中,主力惜售,进场,资金观望型,纯资金炒作(亏损风险),C,谨慎：纯资金炒作,25.9
000791,甘肃能源,7.15,-24.5,0.43,57.1,-0.59,-5916072,-1749749,-30136522,-24514460,-21301616,23352299,缩量,低,情绪退潮,观望,资金观望型,,D,回避：资金观望,-0.2
000795,英洛华,8.13,-78.8,1.37,-63.4,-10.23,-30011930,-68459068,10954831,-6471914,-3901493,2179002,缩量,低,情绪退潮,观望,长线吸筹型,,D,回避：资金观望,-3.4
000797,中国武夷,2.54,87.9,1.05,-7.7,-0.06,-241183,-6128843,36815160,-4307907,-3465670,10657452,放量,低,游资情绪,观望,长线吸筹型,,D,回避：资金观望,8.0
000799,酒鬼酒,36.76,-76.5,1.77,-6.2,-13.75,-113476316,-111741598,-116269176,-12870601,-1727188,13049418,缩量,低,情绪退潮,观望,资金观望型,,D,回避：资金观望,-4.6
000798,中水渔业,10.33,647.2,0.39,134.1,-5.25,-114670562,80181041,152330098,46503643,26180412,-56609158,放量,低,游资情绪,观望,资金观望型,,D,回避：资金观望,6.2
000788,北大医药,5.32,-47.8,0.3,-46.1,3.22,9487302,-4585675,-62825520,2866182,2060381,-3675447,缩量,低,情绪退潮,进场,资金观望型,资金+业绩共振(双击候选),B,关注：资金+业绩共振,73.1
000789,万年青,4.07,4.0,0.77,243.2,10.24,18609105,47387183,45066881,-2020623,-1538208,1469494,缩量,高,主力控盘,控盘,短线抢筹型,控盘+盈利(稳健),B,关注：控盘稳健+盈利,71.4
000802,北京文化,3.93,-33.9,1.26,-40.2,-2.18,-18242765,-18335887,-198794286,1190572,-1878479,28505,缩量,低,情绪退潮,观望,资金撤退型,,D,回避：资金撤退,-0.7
000796,凯撒旅业,3.65,46.5,0.6,-7.5,-3.34,-46624599,-29057109,123273814,5231789,10793158,-811669,缩量,低,情绪退潮,吸筹,长线吸筹型,机构吸筹+盈利(关注),C,谨慎：资金流入未验证业绩,22.9
000800,一汽解放,5.97,-41.3,1.14,11.5,0.93,5596310,31860824,10541707,4295950,5179528,-3960734,缩量,低,情绪退潮,吸筹,趋势转多型,资金+业绩共振(双击候选),B,关注：资金+业绩共振,64.3
000807,云铝股份,26.91,-48.8,1.24,-5.8,-1.61,-113040995,248176555,147998925,-119014977,-97380705,105523219,缩量,低,情绪退潮,观望,资金观望型,,D,回避：资金观望,-0.5
000801,四川九洲,12.22,-43.6,1.28,-34.9,-8.27,-47332998,-98455756,-103969111,11972043,11832561,-7049514,缩量,低,情绪退潮,吸筹,资金撤退型,机构吸筹+盈利(关注),C,谨慎：资金流入未验证业绩,21.2
000811,冰轮环境,38.66,-24.4,2.25,-35.7,-2.69,-152167099,-228412915,-551972551,223702290,181725033,-221492146,缩量,低,情绪退潮,观望,资金撤退型,,D,回避：资金撤退,-0.9
000810,创维数字,9.6,-60.1,0.94,35.0,3.83,38760690,20174905,1221156,-4485083,-5692595,14438349,缩量,低,情绪退潮,观望,资金观望型,,D,回避：资金观望,1.3
000813,德展健康,3.21,-45.2,1.26,93.2,-7.72,-46041964,93243933,119828603,-1058420,-1794986,1211601,缩量,低,情绪退潮,观望,资金观望型,,D,回避：资金观望,-2.6
000815,美利云,15.34,-62.5,0.43,-35.4,-6.54,-156904483,-285636166,-387974704,-11024035,-14891022,7503680,缩量,低,情绪退潮,观望,资金撤退型,,D,回避：资金撤退,-2.2
000803,山高环能,7.18,14.0,0.32,16.9,-3.42,-11769012,-11722071,-16174957,12416690,6422979,-2099022,缩量,低,情绪退潮,吸筹,资金观望型,机构吸筹+盈利(关注),C,谨慎：资金流入未验证业绩,22.9
000818,航锦科技,11.57,-80.2,1.13,-31.2,-2.19,-14283431,-67440516,-96120565,-3619083,1841664,377225,缩量,低,情绪退潮,观望,资金撤退型,,D,回避：资金撤退,-0.7
000820,神雾节能,3.6,-20.2,1.5,-48.3,-3.89,-6142257,-10299111,-22456262,8352192,2321550,-6019061,缩量,低,情绪退潮,观望,资金撤退型,,D,回避：资金撤退,-1.3
000809,和展能源,3.56,159.6,1.04,62.5,3.39,12368693,8223909,-1349945,9775753,-1562720,-10652207,放量,低,游资情绪,进场,资金观望型,纯资金炒作(亏损风险),C,谨慎：纯资金炒作,21.1
000822,山东海化,4.27,-40.5,0.26,43.2,-1.1,-2491749,12452384,-2879720,-2090394,-2618300,-845516,缩量,低,情绪退潮,观望,资金观望型,,D,回避：资金观望,-0.4
000812,陕西金叶,3.91,380.6,1.0,169.7,3.69,33822815,43088995,44591750,21965116,9546459,-35241336,放量,低,游资情绪,进场,均衡流入型,纯资金炒作(亏损风险),C,谨慎：纯资金炒作,21.2
000816,智慧农业,2.82,37.2,0.79,45.9,2.99,22200948,80389981,136878407,710686,3095815,4486867,缩量,低,情绪退潮,进场,主力建仓型,纯资金炒作(亏损风险),C,谨慎：纯资金炒作,13.0
000823,超声电子,24.22,158.4,3.39,425.1,3.0,609152576,936559776,807139943,-24431582,5224664,15111035,放量,低,游资情绪,观望,趋势转多型,,D,回避：资金观望,9.0
000825,太钢不锈,3.41,-12.6,0.7,-17.8,-2.31,-11346671,-21338745,-50647914,-14865940,-9485708,8096568,缩量,低,情绪退潮,观望,资金撤退型,,D,回避：资金撤退,-0.8
000829,天音控股,8.88,-61.5,0.28,-27.2,-5.78,-35407067,-62387576,-78704390,-3215912,-2027544,-2672347,缩量,低,情绪退潮,观望,资金撤退型,,D,回避：资金撤退,-1.9
000831,中国稀土,53.37,-35.2,0.77,-39.1,0.26,16029713,-359768919,-590547742,-31313352,-18391093,35012834,缩量,低,情绪退潮,观望,资金观望型,,D,回避：资金观望,0.1
000833,粤桂股份,19.94,-3.9,0.5,93.4,-6.41,-189680966,-109861336,-261691694,39578111,13313894,-60579865,缩量,低,情绪退潮,观望,资金观望型,,D,回避：资金观望,-2.1
000837,秦川机床,9.57,-56.4,2.5,-28.8,-2.56,-10568339,-39865313,-153838870,3795338,4613557,-6311976,缩量,低,情绪退潮,观望,资金撤退型,,D,回避：资金撤退,-0.9
000828,东莞控股,10.14,-7.2,1.05,-36.3,1.97,5112638,-1066903,-33647338,4342876,2842348,-5755505,缩量,低,情绪退潮,进场,资金观望型,资金+业绩共振(双击候选),B,关注：资金+业绩共振,72.7
000848,承德露露,8.11,-57.7,1.47,-43.8,-1.07,-3640185,-54046903,-59279897,3894531,2383991,-10736235,缩量,低,情绪退潮,观望,资金撤退型,,D,回避：资金撤退,-0.4
000852,石化机械,5.41,28.4,0.45,29.4,-0.01,-70738,10526096,69131920,-5784328,-5501277,3140214,缩量,低,情绪退潮,观望,长线吸筹型,,D,回避：资金观望,-0.0
000850,华茂股份,4.13,-5.1,0.57,-29.2,-1.51,-2554012,-7787537,-16317216,1041157,-1249843,-2207909,缩量,低,情绪退潮,观望,资金撤退型,,D,回避：资金撤退,-0.5
000860,顺鑫农业,10.15,-56.0,2.02,66.8,-0.54,-2156749,-19948482,-26280926,5535116,5044511,-7529782,缩量,低,情绪退潮,观望,资金撤退型,,D,回避：资金撤退,-0.2
000858,五 粮 液,69.13,-72.9,2.19,-13.8,-18.05,-900365536,-1092202307,-1854900263,-41408086,-32699983,66126475,缩量,低,情绪退潮,观望,资金撤退型,,D,回避：资金撤退,-6.0
000859,国风新材,9.47,79.9,0.75,62.6,3.69,138479301,115058269,85221011,-15407764,-12443634,26418941,放量,低,游资情绪,观望,资金观望型,,D,回避：资金观望,9.2
000830,鲁西化工,11.59,-11.2,0.59,-30.0,-0.79,-12293277,-22770525,-182691374,12276272,8134574,-2395243,缩量,低,情绪退潮,吸筹,资金撤退型,机构吸筹+盈利(关注),C,谨慎：资金流入未验证业绩,23.7
000839,国安股份,2.73,4.1,1.39,176.2,9.76,281307681,377695360,342142031,-3252263,512439,14084921,缩量,中,主力惜售,进场,短线抢筹型,资金+业绩共振(双击候选),B,关注：资金+业绩共振,87.3
000862,银星能源,5.51,-27.3,0.47,125.3,1.53,13873792,15276111,14247430,-7788620,-1157195,10564822,缩量,低,情绪退潮,观望,趋势转多型,,D,回避：资金观望,0.5
000856,冀东装备,8.65,-24.7,0.6,-22.9,2.04,5068116,17840631,22929054,514449,32528,1665003,缩量,低,情绪退潮,进场,主力建仓型,资金+业绩共振(双击候选),B,关注：资金+业绩共振,72.7
000869,张  裕Ａ,15.95,1.8,1.44,3.9,0.82,1118850,5716717,12594424,-824079,-416249,1215373,缩量,低,情绪退潮,观望,均衡流入型,,D,回避：资金观望,0.3
000876,新 希 望,7.21,-30.6,1.36,168.8,-4.84,-77021797,173962873,155032226,-2455905,-4450680,1949013,缩量,低,情绪退潮,观望,资金观望型,,D,回避：资金观望,-1.6
000875,电投绿能,4.85,-30.9,0.62,3.7,0.59,5085706,20499883,-62771232,-11311263,-14426377,2843633,缩量,低,情绪退潮,观望,趋势转多型,,D,回避：资金观望,0.2
000878,云南铜业,16.33,9.1,0.79,0.7,-4.02,-188283577,-72145340,28714622,-57876281,-37965038,25531871,缩量,低,情绪退潮,观望,资金观望型,,D,回避：资金观望,-1.3
000863,三湘印象,4.64,42.7,0.45,37.1,8.74,51278244,41634701,28872681,6610272,6282523,-7037057,缩量,中,主力惜售,进场,资金观望型,纯资金炒作(亏损风险),C,谨慎：纯资金炒作,26.9
000883,湖北能源,4.42,13.2,0.65,20.8,-6.15,-46065206,-61997908,-66523684,6810863,-8942939,-19614720,缩量,低,情绪退潮,观望,资金撤退型,,D,回避：资金撤退,-2.1
000881,中广核技,6.41,-34.3,0.79,5.4,-8.08,-18245954,-29562460,-47570917,2459012,1540109,1743726,缩量,低,情绪退潮,观望,资金撤退型,,D,回避：资金撤退,-2.7
000868,安凯客车,4.06,430.0,1.43,275.8,1.34,13738724,14463783,9730536,69571163,65662981,-46047513,放量,低,游资情绪,抢筹,趋势转多型,纯资金炒作(亏损风险),C,谨慎：纯资金炒作,28.4
000885,城发环境,11.64,-58.2,0.38,-43.4,-6.59,-13816820,-20030899,7509112,-1573945,-1153720,-961108,缩量,低,情绪退潮,观望,长线吸筹型,,D,回避：资金观望,-2.2
000886,海南高速,4.68,-21.4,0.91,-3.9,-2.83,-8533424,-1033328,-8355364,181089,-937733,-2458452,缩量,低,情绪退潮,观望,资金观望型,,D,回避：资金观望,-0.9
000887,中鼎股份,19.26,-58.9,2.44,-34.4,-4.2,-91890406,-219914385,-513633444,10548046,-4521007,-35258057,缩量,低,情绪退潮,观望,资金撤退型,,D,回避：资金撤退,-1.4
000888,峨眉山Ａ,9.23,0.2,0.73,9.4,-8.86,-55165526,-59246852,-21918939,-5023982,-4697669,-2222391,缩量,低,情绪退潮,观望,资金观望型,,D,回避：资金观望,-3.0
000877,天山股份,3.66,-41.3,1.2,10.1,9.02,18112417,19329014,-2812407,-2231980,-2267086,-263267,缩量,中,主力惜售,进场,趋势转多型,纯资金炒作(亏损风险),C,谨慎：纯资金炒作,27.0
000880,潍柴重机,24.96,148.4,0.26,110.9,-6.46,-121835849,-66013212,-116807462,98315145,70682356,-124719273,放量,低,游资情绪,抢筹,资金观望型,机构吸筹+盈利(关注),C,谨慎：资金流入未验证业绩,45.8
000882,华联股份,1.52,0.0,1.45,9.4,12.08,53788674,41379345,20456371,4794924,7115410,-9285743,缩量,高,主力控盘,控盘,资金观望型,控盘+亏损(警惕),C,谨慎：控盘但亏损,28.0
000893,亚钾国际,39.2,-43.3,1.2,-1.4,-3.73,-95664508,-155973085,-77798725,-6799744,14176375,14209944,缩量,低,情绪退潮,观望,资金观望型,,D,回避：资金观望,-1.2
000895,双汇发展,23.32,-68.0,1.2,-23.9,-0.01,-50055,14135242,-54673916,3152151,4093348,-5853875,缩量,低,情绪退潮,观望,资金观望型,,D,回避：资金观望,-0.0
000899,赣能股份,9.28,-34.1,0.48,66.2,-1.15,-10243616,659271,-27289465,-9820197,-1468707,4666351,缩量,低,情绪退潮,观望,资金观望型,,D,回避：资金观望,-0.4
000889,中嘉博创,3.9,-37.9,0.22,49.8,7.66,84831340,84924605,50013248,-12408381,-3479278,19333016,缩量,中,主力惜售,进场,趋势转多型,纯资金炒作(亏损风险),C,谨慎：纯资金炒作,26.6
000901,航天科技,14.1,-68.9,0.53,14.4,-4.15,-30150599,-71274271,-123182137,-8866006,-2071569,4657212,缩量,低,情绪退潮,观望,资金撤退型,,D,回避：资金撤退,-1.4
000902,新洋丰,13.86,-60.0,0.66,-27.7,-5.28,-35694079,42304971,29538809,-2149085,559792,1452236,缩量,低,情绪退潮,观望,资金观望型,,D,回避：资金观望,-1.8
000890,法尔胜,7.63,63.0,0.1,-13.5,-1.22,-25059123,-27052361,212206904,7521173,9236124,23402645,放量,低,游资情绪,抢筹,长线吸筹型,纯资金炒作(亏损风险),C,谨慎：纯资金炒作,27.6
000905,厦门港务,9.06,134.9,0.81,114.0,0.13,1375303,29616651,39925468,-11077495,-5050666,2590017,放量,低,游资情绪,观望,均衡流入型,,D,回避：资金观望,8.0
000892,欢瑞世纪,4.54,91.7,0.97,216.1,-2.3,-55960472,-172610422,49771585,30197712,24526694,-34990213,放量,低,游资情绪,抢筹,资金观望型,纯资金炒作(亏损风险),C,谨慎：纯资金炒作,27.2
000906,浙商中拓,6.16,36.1,0.45,-0.8,-7.48,-27719227,-46514518,-45321378,3145783,-870491,-2343737,缩量,低,情绪退潮,观望,资金观望型,,D,回避：资金观望,-2.5
000908,石药景峰,6.09,-84.1,2.72,-43.3,1.16,3010289,-22134505,-30658910,-5913283,-5887803,5490296,缩量,低,情绪退潮,观望,资金观望型,,D,回避：资金观望,0.4
000897,津滨发展,1.86,14.8,1.14,-8.0,8.69,20542060,20215319,14867121,1587211,4028372,444156,缩量,中,主力惜售,进场,资金观望型,纯资金炒作(亏损风险),C,谨慎：纯资金炒作,26.9
000910,大亚圣象,5.17,-31.6,1.09,-8.2,-6.21,-7442982,-9178089,-8336144,949376,245802,104381,缩量,低,情绪退潮,观望,资金观望型,,D,回避：资金观望,-2.1
000898,鞍钢股份,2.03,-28.2,1.34,0.3,3.08,11059670,16753720,6202392,4962810,1929864,-2293394,缩量,低,情绪退潮,进场,趋势转多型,纯资金炒作(亏损风险),C,谨慎：纯资金炒作,13.0
000900,现代投资,3.57,-37.1,1.04,-18.6,3.75,7836780,10050671,-24954532,2136870,-770160,-3707152,缩量,低,情绪退潮,进场,趋势转多型,资金+业绩共振(双击候选),B,关注：资金+业绩共振,73.2
000912,泸天化,4.1,233.4,0.19,6.2,-10.71,-182632256,-47618357,34696117,4984758,-1460367,-1105665,放量,低,游资情绪,观望,资金观望型,,D,回避：资金观望,4.4
000913,钱江摩托,10.76,-52.4,0.38,-36.7,-1.05,-1516160,-4133255,-17025325,-3285921,-3912330,1043253,缩量,低,情绪退潮,观望,资金撤退型,,D,回避：资金撤退,-0.4
000919,金陵药业,6.47,-42.0,0.21,-49.2,-5.33,-14186701,-32627913,-99986526,-1589963,840998,606629,缩量,低,情绪退潮,观望,资金撤退型,,D,回避：资金撤退,-1.8
000923,河钢资源,16.13,-18.5,1.41,52.8,2.24,35056062,65270374,240039154,-8991959,-7248119,4676878,缩量,低,情绪退潮,观望,均衡流入型,,D,回避：资金观望,0.7
000922,佳电股份,11.94,-71.5,2.01,-21.5,-1.44,-5940437,-16420263,-5260148,2648755,191984,-1350872,缩量,低,情绪退潮,观望,资金观望型,,D,回避：资金观望,-0.5
000926,福星股份,2.08,-23.3,1.55,-37.8,-1.22,-3153860,-29677679,7679285,-2902103,-4260354,40499,缩量,低,情绪退潮,观望,长线吸筹型,,D,回避：资金观望,-0.4
000925,众合科技,7.97,-61.3,1.31,-48.6,-9.32,-85541514,-145358904,-18019241,-21442493,-12012898,35107001,缩量,低,情绪退潮,观望,长线吸筹型,,D,回避：资金观望,-3.1
000915,华特达因,24.02,-45.6,0.5,50.1,1.77,10214000,-27230440,-105028422,1518085,434608,-5063727,缩量,低,情绪退潮,进场,资金观望型,资金+业绩共振(双击候选),B,关注：资金+业绩共振,72.6
000928,中钢国际,5.42,-2.2,0.29,97.2,-5.32,-33768465,61249154,9230668,2267521,722740,-3039634,缩量,低,情绪退潮,观望,资金观望型,,D,回避：资金观望,-1.8
000917,电广传媒,6.78,-50.9,0.52,-47.9,-5.65,-32865110,-62227272,-105051528,4222158,9065218,-5813894,缩量,低,情绪退潮,吸筹,资金撤退型,机构吸筹+盈利(关注),C,谨慎：资金流入未验证业绩,22.1
000929,兰州黄河,9.02,-37.9,0.97,64.3,-4.84,-7981300,-8260382,-7940720,107263,-757680,-354467,缩量,低,情绪退潮,观望,资金观望型,,D,回避：资金观望,-1.6
000920,沃顿科技,12.63,-38.1,5.74,4.3,-1.99,-8669854,-7520205,-1590178,75223481,81458706,-42672054,缩量,低,情绪退潮,吸筹,资金观望型,机构吸筹+盈利(关注),C,谨慎：资金流入未验证业绩,23.3
000931,中 关 村,4.41,38.2,0.59,-80.6,-2.59,-7978176,-35932087,-3495177,-82350,3427122,3340182,缩量,低,情绪退潮,观望,长线吸筹型,,D,回避：资金观望,-0.9
000921,海信家电,27.75,-22.1,2.74,87.7,16.33,331848898,323872275,284218994,46285084,8701836,-39146084,缩量,高,主力控盘,控盘,资金观望型,控盘+盈利(稳健),B,关注：控盘稳健+盈利,73
000927,中国铁物,2.49,-20.0,0.48,-14.9,2.01,9607776,-4331149,-54786550,3863003,3366105,-6779935,缩量,低,情绪退潮,进场,资金观望型,资金+业绩共振(双击候选),B,关注：资金+业绩共振,72.7
000936,华西股份,5.37,-36.0,0.13,-44.6,-2.98,-9066230,-19421519,-92689411,-1844850,550986,270013,缩量,低,情绪退潮,观望,资金撤退型,,D,回避：资金撤退,-1.0
000933,神火股份,26.45,-46.8,1.33,-2.5,-2.77,-133180588,-55961812,-289468804,-6566517,-13754560,54369082,缩量,低,情绪退潮,观望,资金观望型,,D,回避：资金观望,-0.9
000930,中粮科技,5.21,533.8,0.54,349.7,-6.26,-227115998,3458769,-20978537,18825723,18355608,-14135561,放量,低,游资情绪,吸筹,资金观望型,机构吸筹+盈利(关注),C,谨慎：资金流入未验证业绩,29.9
000937,冀中能源,4.45,45.2,0.89,3.5,-1.27,-14237301,-35634471,-156234340,13799125,6190115,-15122661,缩量,低,情绪退潮,观望,资金撤退型,,D,回避：资金撤退,-0.4
000932,华菱钢铁,3.53,-44.2,1.27,-11.4,0.34,4709462,14395495,-2081261,6344119,-15641990,-10898903,缩量,低,情绪退潮,进场,趋势转多型,资金+业绩共振(双击候选),B,关注：资金+业绩共振,72.1
000950,重药控股,5.17,-66.5,0.62,-56.1,-1.48,-5388165,-38691707,-102344339,390937,-1901560,-4268500,缩量,低,情绪退潮,观望,资金撤退型,,D,回避：资金撤退,-0.5
000938,紫光股份,32.8,-66.3,2.0,-20.4,-1.23,-223934812,-3314228451,-3435128200,-716307308,-533336653,813046164,缩量,低,情绪退潮,观望,资金撤退型,,D,回避：资金撤退,-0.4
000948,南天信息,13.32,-80.4,4.58,-40.4,-1.77,-7239872,-59884640,-93018294,-1819259,137158,5133884,缩量,低,情绪退潮,观望,资金撤退型,,D,回避：资金撤退,-0.6
000951,中国重汽,20.25,-43.2,0.66,-37.7,-7.08,-64405037,-66247934,-1127130,4044945,-1615063,-9219642,缩量,低,情绪退潮,观望,长线吸筹型,,D,回避：资金观望,-2.4
000949,新乡化纤,6.79,1.8,0.48,-10.5,-2.34,-45178933,-189734743,-169495714,-5780696,6865514,32377562,缩量,低,情绪退潮,观望,资金观望型,,D,回避：资金观望,-0.8
000952,广济药业,6.39,-36.6,1.26,-5.0,0.66,1058609,-6430611,-9506581,-1161786,-630400,2522463,缩量,低,情绪退潮,观望,资金观望型,,D,回避：资金观望,0.2
000935,四川双马,20.49,-65.6,1.59,10.6,5.06,21689677,27885042,47754264,-2486687,-2466457,16039727,缩量,中,主力惜售,进场,均衡流入型,资金+业绩共振(双击候选),B,关注：资金+业绩共振,85.7
000953,中哲精化,5.94,9.7,0.78,5.4,-0.35,-736848,-988304,-5624496,865802,-46134,766126,缩量,低,情绪退潮,观望,资金撤退型,,D,回避：资金撤退,-0.1
000955,欣龙控股,4.15,-37.9,0.99,-6.3,-2.95,-5512588,-14741314,-20780802,2689608,1070530,739956,缩量,低,情绪退潮,观望,资金撤退型,,D,回避：资金撤退,-1.0
000957,中通客车,9.97,57.6,0.35,63.4,0.74,7473125,28325015,40282878,-3873936,292757,-3068100,放量,低,游资情绪,观望,均衡流入型,,D,回避：资金观望,8.2
000959,首钢股份,3.47,-70.3,0.89,-32.0,0.33,1313102,24772487,-22455876,-2580705,-2478255,-1316968,缩量,低,情绪退潮,观望,趋势转多型,,D,回避：资金观望,0.1
000958,电投产融,5.05,-59.6,0.61,5.8,-6.86,-23521869,-20068597,-54258163,1311821,3275519,1254281,缩量,低,情绪退潮,观望,资金观望型,,D,回避：资金观望,-2.3
000960,锡业股份,33.03,-72.3,0.76,-35.6,-4.03,-170768151,-74294839,-442097539,-50477819,-42768483,47288572,缩量,低,情绪退潮,观望,资金观望型,,D,回避：资金观望,-1.3
000962,东方钽业,57.95,-34.8,1.53,-5.7,3.39,257834855,206070455,386220950,-100349551,-56891525,150650614,缩量,低,情绪退潮,观望,资金观望型,,D,回避：资金观望,1.1
000963,华东医药,26.15,-75.3,2.01,-53.1,-5.47,-53810025,-249981669,-492057080,-30604074,-15330904,22457310,缩量,低,情绪退潮,观望,资金撤退型,,D,回避：资金撤退,-1.8
000966,长源电力,4.04,-23.2,0.64,54.6,-0.12,-1240392,-9261727,-4701298,5875498,-1468578,1768926,缩量,低,情绪退潮,观望,资金观望型,,D,回避：资金观望,-0.0
000968,蓝焰控股,6.89,-33.3,0.45,-11.7,-2.3,-24119621,-40393975,-31415493,-785982,1838136,3012843,缩量,低,情绪退潮,观望,资金观望型,,D,回避：资金观望,-0.8
000970,中科三环,11.18,-86.4,6.0,-35.9,-10.02,-91516615,-139216685,-269505404,-30033839,-18642747,16760018,缩量,低,情绪退潮,观望,资金撤退型,,D,回避：资金撤退,-3.3
000969,安泰科技,17.03,-70.4,1.45,-30.3,-5.65,-68908404,-92290046,-173252733,-34491666,-20889376,29287645,缩量,低,情绪退潮,观望,资金撤退型,,D,回避：资金撤退,-1.9
000972,中基健康,3.84,97.6,0.71,221.9,-10.0,-85371633,-38753211,-76394402,-4386367,-2155885,5206167,放量,低,游资情绪,观望,资金观望型,,D,回避：资金观望,4.7
000977,浪潮信息,69.81,-64.6,1.31,4.2,0.11,22880082,-4477937884,-3653333908,-443582928,-411192250,384491673,缩量,低,情绪退潮,观望,资金观望型,,D,回避：资金观望,0.0
000965,天保基建,3.22,71.1,0.75,-36.2,1.81,6018684,-25216068,71653824,8644502,4937200,-5298221,放量,低,游资情绪,抢筹,长线吸筹型,资金+业绩共振(双击候选),B,关注：资金+业绩共振,88.6
000978,桂林旅游,7.97,2154.9,0.21,886.1,-1.49,-83203223,84042628,92956962,-173414076,-118554996,137730635,放量,低,游资情绪,观望,资金观望型,,D,回避：资金观望,7.5
000967,盈峰环境,8.06,-60.4,0.3,-19.7,5.19,87075279,-65058324,147007081,45285114,28087651,-29220311,缩量,中,主力惜售,进场,资金观望型,资金+业绩共振(双击候选),B,关注：资金+业绩共振,85.7
000975,山金国际,25.02,8.9,1.58,-42.2,1.88,91724947,60354908,66723726,28346726,-7844343,-153948206,缩量,低,情绪退潮,进场,资金观望型,资金+业绩共振(双击候选),B,关注：资金+业绩共振,72.6
000985,大庆华科,16.88,17.5,0.94,-19.4,-0.85,-1555237,-12798941,-2912365,270619,-564399,-263532,缩量,低,情绪退潮,观望,资金观望型,,D,回避：资金观望,-0.3
000987,越秀资本,7.24,-69.2,0.82,-18.1,-4.08,-33295796,-123335984,-201027332,-13101302,-14521980,4487986,缩量,低,情绪退潮,观望,资金撤退型,,D,回避：资金撤退,-1.4
000983,山西焦煤,6.52,-31.5,1.36,-30.0,-0.59,-11598242,69999512,-219581081,-5128883,-6656287,-6079008,缩量,低,情绪退潮,观望,资金观望型,,D,回避：资金观望,-0.2
000973,佛塑科技,12.0,-38.9,0.41,-44.2,-4.95,-67157768,-141626974,-433662676,37277769,20695108,-12621300,缩量,低,情绪退潮,吸筹,资金撤退型,机构吸筹+盈利(关注),C,谨慎：资金流入未验证业绩,22.4
000990,诚志股份,6.36,-64.4,0.31,-18.3,-3.03,-28747479,-60183277,-133452131,-13954198,-17194853,8629380,缩量,低,情绪退潮,观望,资金撤退型,,D,回避：资金撤退,-1.0
000988,华工科技,105.78,-45.1,0.88,50.1,-3.1,-789676124,1158267858,-695318853,-214165413,-191095254,201864504,缩量,低,情绪退潮,观望,资金观望型,,D,回避：资金观望,-1.0
000989,九芝堂,8.6,-85.1,1.52,-50.1,-7.08,-31137574,-31958324,-101444663,-366509,-1024902,2195174,缩量,低,情绪退潮,观望,资金撤退型,,D,回避：资金撤退,-2.4
000980,众泰汽车,2.37,483.2,0.36,471.7,-1.82,-131336173,13756291,42739634,180372410,147023205,-123871068,放量,低,游资情绪,抢筹,资金观望型,纯资金炒作(亏损风险),C,谨慎：纯资金炒作,27.4
000981,山子高科,3.01,223.6,0.68,149.0,1.69,193706106,161684456,347024748,984110312,982316213,-613858985,放量,低,游资情绪,抢筹,资金观望型,资金+业绩共振(双击候选),B,关注：资金+业绩共振,88.6
000995,皇台酒业,10.78,-65.3,0.56,-33.1,-1.07,-2560938,3905663,15773439,-1126050,748031,4932661,缩量,低,情绪退潮,观望,资金观望型,,D,回避：资金观望,-0.4
000998,隆平高科,9.04,308.0,0.64,2.8,-6.87,-156731388,-120581532,177581833,25494524,3636275,-35057131,放量,低,游资情绪,观望,长线吸筹型,,D,回避：资金观望,5.7
000997,新 大 陆,19.6,-57.2,0.99,-45.1,-4.22,-55586119,-153962754,-1374961,7853440,3128651,-9177012,缩量,低,情绪退潮,观望,长线吸筹型,,D,回避：资金观望,-1.4
000999,华润三九,23.84,-72.6,1.72,-36.3,-1.71,-13304954,48529728,-11769259,-1115029,-2649984,-6224477,缩量,低,情绪退潮,观望,资金观望型,,D,回避：资金观望,-0.6
000993,闽东电力,17.97,1610.0,0.33,1146.6,2.35,177822571,302047177,299692688,-23995402,63522982,58557666,放量,低,游资情绪,抢筹,趋势转多型,资金+业绩共振(双击候选),B,关注：资金+业绩共振,88.8
001202,炬申股份,14.3,20.2,2.21,-6.0,-2.34,-3488918,-3572409,1004030,-1411565,-1498877,-621364,缩量,低,情绪退潮,观望,资金观望型,,D,回避：资金观望,-0.8
001203,大中矿业,23.27,-56.7,0.56,-51.0,-6.98,-123285392,-124022025,102693217,-54212110,-35871582,67639618,缩量,低,情绪退潮,观望,长线吸筹型,,D,回避：资金观望,-2.3
001211,双枪科技,23.53,52.4,0.73,3.9,2.48,11966429,-6062449,-16912606,-918494,3589641,-5252426,放量,低,游资情绪,观望,资金观望型,,D,回避：资金观望,8.8
001205,盛航股份,14.45,-8.0,1.24,37.2,-3.57,-8500601,-21107142,-19427819,1212388,631015,8078210,缩量,低,情绪退潮,观望,资金观望型,,D,回避：资金观望,-1.2
001208,华菱线缆,13.64,-67.8,0.35,3.0,-9.41,-56167430,-70050532,-122943995,-5925761,-1667589,16442663,缩量,低,情绪退潮,观望,资金撤退型,,D,回避：资金撤退,-3.1
001210,金房能源,28.28,-29.7,3.04,-10.6,-1.81,-12823606,8192543,105140068,-6587306,-480883,8321249,缩量,低,情绪退潮,观望,高位分歧型,,D,回避：资金观望,-0.6
001206,依依股份,16.23,-80.0,2.67,-2.5,-0.04,-79493,-9184573,-14101477,2583827,1660082,-1505644,缩量,低,情绪退潮,吸筹,资金撤退型,机构吸筹+盈利(关注),C,谨慎：资金流入未验证业绩,24.0
001215,千味央厨,30.1,-77.0,0.72,3.3,-0.85,-1943992,-5252891,-33846667,-2449230,-642288,793022,缩量,低,情绪退潮,观望,资金撤退型,,D,回避：资金撤退,-0.3
001201,东瑞股份,14.43,317.7,0.48,250.1,1.21,8584720,11516984,-2682115,5155236,3437814,-12154640,放量,低,游资情绪,抢筹,趋势转多型,纯资金炒作(亏损风险),C,谨慎：纯资金炒作,28.4
001207,联科科技,17.98,72.7,0.54,-19.8,-3.17,-12704124,-31817749,-7150635,11490030,5647380,-11298589,放量,低,游资情绪,抢筹,长线吸筹型,机构吸筹+盈利(关注),C,谨慎：资金流入未验证业绩,46.9
001209,洪兴股份,19.26,1163.8,0.66,94.4,1.87,10389830,9368561,4205187,647846,9181000,13098246,放量,低,游资情绪,抢筹,资金观望型,资金+业绩共振(双击候选),B,关注：资金+业绩共振,88.6
001212,中旗新材,34.53,-3.3,0.8,35.6,6.44,66789412,71127991,54601718,-3141308,-459887,-4356469,缩量,中,主力惜售,进场,趋势转多型,纯资金炒作(亏损风险),C,谨慎：纯资金炒作,26.1
001217,华尔泰,10.19,-60.7,0.89,-41.7,-3.8,-4634587,-7019363,-11236111,-392552,-560020,-456767,缩量,低,情绪退潮,观望,资金撤退型,,D,回避：资金撤退,-1.3
001218,丽臣实业,23.92,-40.2,1.46,-24.7,-0.43,-776059,-4821792,-7020042,-827986,-502959,-4373953,缩量,低,情绪退潮,观望,资金撤退型,,D,回避：资金撤退,-0.1
001219,青岛食品,12.47,-23.7,0.42,14.3,-4.55,-5450203,-7001840,-16415020,1677886,1590975,-3193511,缩量,低,情绪退潮,观望,资金撤退型,,D,回避：资金撤退,-1.5
001213,中铁特货,3.47,-46.3,0.88,-9.8,-3.83,-4015620,-3535951,-11003833,474117,2473306,-1414859,缩量,低,情绪退潮,吸筹,资金观望型,机构吸筹+盈利(关注),C,谨慎：资金流入未验证业绩,22.7
001220,世盟股份,31.9,142.0,0.17,17.0,-1.49,-3475328,-1465947,-4006230,1460862,917800,-3017042,放量,低,游资情绪,观望,资金观望型,,D,回避：资金观望,7.5
001221,悍高集团,34.71,-38.1,1.34,-49.2,-1.38,-4205767,-14437547,23892371,-9303187,-2238446,7896492,缩量,低,情绪退潮,观望,长线吸筹型,,D,回避：资金观望,-0.5
001216,华瓷股份,19.88,1096.2,0.58,207.8,8.96,68122766,65675586,59272402,-54842680,-41040834,52454763,放量,中,主力偏强放量,进场,资金观望型,资金+业绩共振(双击候选),B,关注：资金+业绩共振,91.0
001225,和泰机电,47.82,22.4,1.18,-27.5,-1.01,-2640011,5055595,42304369,-4281656,669589,3275450,缩量,低,情绪退潮,观望,高位分歧型,,D,回避：资金观望,-0.3
001226,拓山重工,44.69,-5.7,1.04,2.2,-2.47,-4708090,-9542922,-12135902,-3723400,-567450,6212969,缩量,低,情绪退潮,观望,资金撤退型,,D,回避：资金撤退,-0.8
001222,源飞宠物,15.28,192.4,1.84,167.7,-1.08,-4621060,58047799,53162663,12692383,5248841,-18076212,放量,低,游资情绪,抢筹,资金观望型,机构吸筹+盈利(关注),C,谨慎：资金流入未验证业绩,47.6
001229,魅视科技,36.35,-48.4,2.76,5.8,-2.87,-20109975,43842654,35423765,1882592,3607538,125473,缩量,低,情绪退潮,观望,资金观望型,,D,回避：资金观望,-1.0
001230,劲旅环境,18.56,-22.7,1.19,-68.7,-3.09,-11631331,-8796664,-39390821,13189198,10602746,-18735066,缩量,低,情绪退潮,观望,资金观望型,,D,回避：资金观望,-1.0
001223,欧克科技,43.78,77.6,1.51,147.9,7.58,70087439,82434893,69646256,-8848712,-12131820,8648100,放量,中,主力偏强放量,进场,短线抢筹型,资金+业绩共振(双击候选),B,关注：资金+业绩共振,90.5
001233,海安集团,41.44,-71.2,0.64,-36.9,0.55,805306,-8585813,-22576418,-2393298,-1395288,581542,缩量,低,情绪退潮,观望,资金观望型,,D,回避：资金观望,0.2
001227,兰州银行,2.12,-28.2,1.76,-1.7,5.02,45090992,53480310,55303155,4096049,5507612,-5836100,缩量,中,主力惜售,进场,均衡流入型,资金+业绩共振(双击候选),B,关注：资金+业绩共振,85.7
001234,泰慕士,23.75,75.4,0.14,8.3,-1.6,-3120284,-12470277,-20034927,1326896,732541,-1733315,放量,低,游资情绪,观望,资金撤退型,,D,回避：资金撤退,7.5
001236,弘业期货,7.82,-45.9,1.5,-30.5,-1.35,-4941008,-10792108,-4625528,-2214180,-787698,7993840,缩量,低,情绪退潮,观望,资金观望型,,D,回避：资金观望,-0.5
001228,永泰运,32.79,131.5,0.55,23.6,5.43,25140869,17114078,-13992300,8695283,3604543,-7816028,放量,中,主力偏强放量,进场,资金观望型,资金+业绩共振(双击候选),B,关注：资金+业绩共振,89.8
001239,永达股份,11.82,-54.0,0.95,8.1,0.8,793987,-1143401,-3069798,-285213,-666084,1176859,缩量,低,情绪退潮,观望,资金观望型,,D,回避：资金观望,0.3
001231,农心科技,21.73,157.3,0.41,65.9,-3.3,-8152718,5805462,3138681,1694938,2728484,-5725985,放量,低,游资情绪,抢筹,资金观望型,机构吸筹+盈利(关注),C,谨慎：资金流入未验证业绩,46.9
001238,浙江正特,23.92,-39.4,1.05,-33.1,0.07,38731,-362612,-397205,200616,-817670,138307,缩量,低,情绪退潮,进场,资金观望型,资金+业绩共振(双击候选),B,关注：资金+业绩共振,72.0
001255,博菲电气,26.38,-23.4,0.76,5.6,-0.67,-1115992,-9637286,-9461214,150190,-520634,113129,缩量,低,情绪退潮,观望,资金观望型,,D,回避：资金观望,-0.2
001257,盛龙股份,22.78,-74.3,0.76,-62.9,-7.9,-61311599,-79419467,25207302,-21054590,-6793679,24002949,缩量,低,情绪退潮,观望,长线吸筹型,,D,回避：资金观望,-2.6
001258,立新能源,10.95,-52.4,1.86,-36.2,-1.54,-59426626,199598618,403927222,-17334369,9169773,43064557,缩量,低,情绪退潮,观望,资金观望型,,D,回避：资金观望,-0.5
001260,坤泰股份,17.95,28.1,0.46,-50.4,-0.67,-838140,-6651310,-11550101,-1250118,-513370,3051180,缩量,低,情绪退潮,观望,资金撤退型,,D,回避：资金撤退,-0.2
001266,宏英智能,33.53,-40.8,2.69,-12.1,-1.87,-4341381,7500095,9925433,1063146,183116,-671255,缩量,低,情绪退潮,观望,资金观望型,,D,回避：资金观望,-0.6
001268,联合精密,23.92,-54.4,0.31,-65.5,-2.24,-6187326,-28918953,35511806,-749021,0,787278,缩量,低,情绪退潮,观望,长线吸筹型,,D,回避：资金观望,-0.7
001267,汇绿生态,36.55,-37.7,0.38,-19.7,-2.62,-111548113,48731578,134732860,24580342,23084127,-40262687,缩量,低,情绪退潮,观望,资金观望型,,D,回避：资金观望,-0.9
001270,铖昌科技,97.54,-68.4,1.43,-16.0,3.94,95937092,54729524,-216823668,-49456012,-31700712,39736317,缩量,低,情绪退潮,观望,资金观望型,,D,回避：资金观望,1.3
001269,欧晶科技,18.47,-50.0,1.77,38.4,-0.94,-1837683,3728064,718060,2045629,333537,-1052014,缩量,低,情绪退潮,观望,资金观望型,,D,回避：资金观望,-0.3
001277,速达股份,29.45,40.3,1.18,-76.6,-2.53,-5615385,-20875946,-119807868,-173628,583000,618981,缩量,低,情绪退潮,观望,资金撤退型,,D,回避：资金撤退,-0.8
001256,炜冈科技,21.51,-80.3,3.5,-39.8,0.44,927115,-5407377,24197194,314896,849994,-2038174,缩量,低,情绪退潮,进场,长线吸筹型,资金+业绩共振(双击候选),B,关注：资金+业绩共振,72.1
001278,一彬科技,16.1,85.4,0.74,53.9,-4.7,-14728758,-30972020,-22952249,1161290,1836867,7022041,放量,低,游资情绪,观望,资金观望型,,D,回避：资金观望,6.4
001259,利仁科技,46.01,-60.5,3.56,-35.0,2.38,3559740,5777131,12238095,1550505,1453734,557202,缩量,低,情绪退潮,进场,均衡流入型,资金+业绩共振(双击候选),B,关注：资金+业绩共振,72.8
001280,中国铀业,62.33,-66.2,0.5,-27.9,-9.52,-126830835,-4716315,-28610039,-16699717,-8499284,22880664,缩量,低,情绪退潮,观望,资金观望型,,D,回避：资金观望,-3.2
001282,三联锻造,15.46,-61.6,0.58,-10.7,0.13,166578,2663008,-3580523,-1937519,-1863940,803671,缩量,低,情绪退潮,观望,趋势转多型,,D,回避：资金观望,0.0
001283,豪鹏科技,47.3,-55.1,0.44,-2.5,-5.01,-27723646,-11880991,49557712,-4504924,-4084129,790957,缩量,低,情绪退潮,观望,高位分歧型,,D,回避：资金观望,-1.7
001285,瑞立科密,41.95,-57.0,0.64,-50.2,-1.52,-2090729,8537062,18798387,474280,0,8381,缩量,低,情绪退潮,观望,高位分歧型,,D,回避：资金观望,-0.5
001296,长江材料,18.99,-55.2,0.85,49.6,-6.54,-14163298,13461310,17198088,-2227174,-574404,1938846,缩量,低,情绪退潮,观望,资金观望型,,D,回避：资金观望,-2.2
001289,龙源电力,14.87,-50.5,0.72,-14.7,-0.71,-2232545,-1431330,-13864472,-13655225,-9919935,6320331,缩量,低,情绪退潮,观望,资金观望型,,D,回避：资金观望,-0.2
001298,好上好,16.82,-64.1,1.0,-42.7,-1.83,-9011372,-37169035,17757835,-4020071,-2780519,6322287,缩量,低,情绪退潮,观望,长线吸筹型,,D,回避：资金观望,-0.6
001288,运机集团,29.96,41.0,1.14,-28.9,1.92,12890332,44928755,120907256,-1575379,-552663,-4627312,缩量,低,情绪退潮,观望,均衡流入型,,D,回避：资金观望,0.6
001279,强邦新材,26.04,-46.2,1.01,-21.7,3.11,2642014,14509608,13999887,211470,1302232,-1064723,缩量,低,情绪退潮,吸筹,趋势转多型,资金+业绩共振(双击候选),B,关注：资金+业绩共振,65.0
001300,三柏硕,11.58,2.0,0.46,4.1,-4.15,-12539591,-25847150,-18222941,-841041,-1040184,3049270,缩量,低,情绪退潮,观望,资金观望型,,D,回避：资金观望,-1.4
001301,尚太科技,51.61,-43.8,0.5,-26.6,-1.63,-19825416,-2663837,-106010162,-13971864,-7765614,23402634,缩量,低,情绪退潮,观望,资金观望型,,D,回避：资金观望,-0.5
001308,康冠科技,17.84,-73.3,1.94,-23.9,-3.52,-3648710,-3427341,3406628,579826,0,-610553,缩量,低,情绪退潮,观望,高位分歧型,,D,回避：资金观望,-1.2
001306,夏厦精密,53.05,112.3,0.68,47.9,2.02,5294867,4992117,3610663,-6606495,-6685695,-3461545,放量,低,游资情绪,观望,资金观望型,,D,回避：资金观望,8.7
001287,中电港,23.93,-35.8,1.53,7.8,3.78,98442310,70140382,-22656798,25365257,42581389,-9980387,缩量,低,情绪退潮,吸筹,资金观望型,资金+业绩共振(双击候选),B,关注：资金+业绩共振,65.3
001286,陕西能源,9.6,-36.1,0.65,-22.1,7.86,89413013,138313002,166547308,-7080775,-11283392,-10340140,缩量,中,主力惜售,进场,主力强攻型,资金+业绩共振(双击候选),B,关注：资金+业绩共振,86.6
001299,美能能源,9.63,213.5,0.19,278.1,6.26,81971193,64166784,75604738,9807502,6107075,1206745,放量,中,主力偏强放量,进场,资金观望型,资金+业绩共振(双击候选),B,关注：资金+业绩共振,90.1
001309,德明利,396.93,-68.0,1.51,-16.5,-1.62,-331664017,-792532108,-525426117,-69285650,-57845778,161206044,缩量,低,情绪退潮,观望,资金观望型,,D,回避：资金观望,-0.5
001311,多利科技,16.71,-59.7,0.65,-1.2,-7.09,-16169726,-20539397,-34647483,-600697,625850,-866701,缩量,低,情绪退潮,观望,资金撤退型,,D,回避：资金撤退,-2.4
001312,福恩股份,17.64,-35.0,0.07,-6.0,1.18,1691678,-1500036,-10257357,-436228,-1742297,1007643,缩量,低,情绪退潮,观望,资金观望型,,D,回避：资金观望,0.4
001316,润贝航科,27.66,16.3,0.51,71.4,-4.45,-24817394,74515025,97488767,-10078523,-7018736,8656548,缩量,低,情绪退潮,观望,资金观望型,,D,回避：资金观望,-1.5
001314,亿道信息,50.76,-76.4,1.67,-28.9,-1.5,-8499031,-26268367,6748068,-5845699,-154073,13891352,缩量,低,情绪退潮,观望,资金观望型,,D,回避：资金观望,-0.5
001317,三羊马,49.55,-37.4,1.87,-30.7,-1.23,-11029119,-8666404,55481489,16100927,5704665,-17221428,缩量,低,情绪退潮,观望,长线吸筹型,,D,回避：资金观望,-0.4
001323,慕思股份,17.16,-81.4,2.5,-49.9,-1.49,-1152446,-6801804,-18076875,0,0,233785,缩量,低,情绪退潮,观望,资金撤退型,,D,回避：资金撤退,-0.5
001322,箭牌家居,6.13,-69.9,0.98,-33.0,-0.38,-356997,-4125109,6852683,254787,0,-556887,缩量,低,情绪退潮,观望,长线吸筹型,,D,回避：资金观望,-0.1
001313,粤海饲料,7.08,-43.0,1.27,26.8,-3.82,-23650952,-85291335,-104957121,795211,3151628,-2786387,缩量,低,情绪退潮,吸筹,资金撤退型,机构吸筹+盈利(关注),C,谨慎：资金流入未验证业绩,22.7
001324,长青科技,19.5,65.0,0.71,-17.6,-0.26,-933240,1705158,16636812,-4213532,-2016887,600037,放量,低,游资情绪,观望,资金观望型,,D,回避：资金观望,7.9
001328,登康口腔,29.63,-66.3,0.72,-3.2,-0.2,-306785,-12783249,-20694734,-8868,0,882563,缩量,低,情绪退潮,观望,资金撤退型,,D,回避：资金撤退,-0.1
001325,元创股份,36.41,-0.2,0.14,-64.3,-6.94,-8914619,-23967798,-7422634,-2605661,0,7766857,缩量,低,情绪退潮,观望,长线吸筹型,,D,回避：资金观望,-2.3
001330,博纳影业,5.44,2.5,0.24,21.9,-2.81,-76464390,202246452,594568133,-26409161,-19928823,16689774,缩量,低,情绪退潮,观望,高位分歧型,,D,回避：资金观望,-0.9
001318,阳光乳业,11.26,-63.9,1.32,-33.3,-1.08,-1481034,588148,-14794363,82972,526687,-288491,缩量,低,情绪退潮,吸筹,资金观望型,机构吸筹+盈利(关注),C,谨慎：资金流入未验证业绩,23.6
001319,铭科精技,21.86,14.6,0.72,52.4,6.48,38934016,38635508,36288028,689618,-1719328,852543,缩量,中,主力惜售,进场,资金观望型,资金+业绩共振(双击候选),B,关注：资金+业绩共振,86.2
001333,光华股份,18.9,-29.2,0.38,-58.9,-4.84,-5901398,-12998870,4875012,556236,0,416124,缩量,低,情绪退潮,观望,长线吸筹型,,D,回避：资金观望,-1.6
001326,联域股份,92.55,784.3,1.27,14.7,5.64,74298699,68656897,159864162,-61321340,-53297213,31531742,放量,中,主力偏强放量,进场,资金观望型,资金+业绩共振(双击候选),B,关注：资金+业绩共振,89.9
001332,锡装股份,26.27,-52.7,0.76,-44.3,0.26,488827,-9868142,-22816204,679686,957053,-1958569,缩量,低,情绪退潮,进场,资金观望型,资金+业绩共振(双击候选),B,关注：资金+业绩共振,72.1
001335,信凯科技,31.75,-66.2,0.78,-21.1,-2.3,-2200894,-3635947,-6835344,514818,0,-1039232,缩量,低,情绪退潮,观望,资金撤退型,,D,回避：资金撤退,-0.8
001337,四川黄金,50.2,21.1,1.52,-58.3,-1.15,-30073756,-150175719,-96445694,-11524143,-12941078,-35504755,缩量,低,情绪退潮,观望,资金观望型,,D,回避：资金观望,-0.4
001331,胜通能源,43.65,-70.7,2.59,14.1,6.67,87536317,132170237,210178765,14407502,5572555,-18698430,缩量,中,主力惜售,进场,主力强攻型,资金+业绩共振(双击候选),B,关注：资金+业绩共振,86.2
001339,智微智能,78.35,-61.0,1.47,-32.0,-2.21,-39992102,-109964198,-21187533,15475848,5209660,-9782103,缩量,低,情绪退潮,观望,资金观望型,,D,回避：资金观望,-0.7
001356,富岭股份,9.1,36.6,0.97,-40.2,-4.88,-8033110,-16304487,-20581559,2031222,-571529,-2696071,缩量,低,情绪退潮,观望,资金撤退型,,D,回避：资金撤退,-1.6
001338,永顺泰,8.98,51.1,0.25,18.1,-3.73,-17617803,-451388,-24204122,-2177703,-525100,2007679,放量,低,游资情绪,观望,资金观望型,,D,回避：资金观望,6.8
001360,南矿集团,19.38,163.1,1.09,5.6,-2.08,-10965187,9476470,48289570,3430416,-680345,-6878912,放量,低,游资情绪,观望,高位分歧型,,D,回避：资金观望,7.3
001367,海森药业,20.27,-34.5,0.28,-75.5,-4.4,-5564560,-15019764,32335772,-1464364,-183183,3842986,缩量,低,情绪退潮,观望,长线吸筹型,,D,回避：资金观望,-1.5
001366,播恩集团,12.86,80.8,0.23,87.0,-7.88,-47814423,-43169255,-25341674,1232312,680720,-1041939,放量,低,游资情绪,观望,资金观望型,,D,回避：资金观望,5.4
001336,楚环科技,18.72,83.7,1.08,12.4,1.51,3243181,1785234,5403895,-3523625,1650569,3693513,放量,低,游资情绪,抢筹,资金观望型,资金+业绩共振(双击候选),B,关注：资金+业绩共振,88.5
001368,通达创智,31.52,408.9,0.43,168.4,3.06,18737110,37153781,47690277,-16591074,-11792202,18257877,放量,低,游资情绪,观望,主力建仓型,,D,回避：资金观望,9.0
001358,兴欣新材,23.95,-31.0,2.97,-5.7,2.25,5615178,13095766,-206057,82473,-262093,2504336,缩量,低,情绪退潮,进场,趋势转多型,资金+业绩共振(双击候选),B,关注：资金+业绩共振,72.8
001369,双欣材料,12.13,-74.9,0.7,-32.6,-6.45,-18806296,-31830506,-44129468,-4635359,-1399527,3609610,缩量,低,情绪退潮,观望,资金撤退型,,D,回避：资金撤退,-2.1
001359,平安电工,88.98,-53.6,3.77,-19.0,1.41,17097039,-95664191,-86594330,8183347,2433723,-3468292,缩量,低,情绪退潮,进场,资金观望型,资金+业绩共振(双击候选),B,关注：资金+业绩共振,72.5
001373,翔腾新材,28.12,5.0,1.3,-3.8,-2.72,-5918352,-6928672,-2401073,-3021355,-6001861,2485325,缩量,低,情绪退潮,观望,资金观望型,,D,回避：资金观望,-0.9
001378,德冠新材,22.87,314.0,2.37,72.1,1.17,11434726,6737488,14535911,-3701370,-19411804,-36083795,放量,低,游资情绪,观望,资金观望型,,D,回避：资金观望,8.4
001376,百通能源,11.51,-18.9,1.13,15.8,-2.21,-17307699,3611074,44296413,-13166828,-1145123,16110393,缩量,低,情绪退潮,观望,高位分歧型,,D,回避：资金观望,-0.7
001382,新亚电缆,16.12,-54.7,0.64,3.4,-2.0,-3598029,-10486756,-22642371,-2482855,-558360,3734252,缩量,低,情绪退潮,观望,资金撤退型,,D,回避：资金撤退,-0.7
001388,信通电子,20.03,-55.2,3.63,35.9,-2.01,-16564106,-19765102,-31299480,-8297680,-3178673,10185711,缩量,低,情绪退潮,观望,资金撤退型,,D,回避：资金撤退,-0.7
001387,雪祺电气,11.38,-44.0,1.73,-12.7,0.11,184349,1418731,-1403027,-1165547,-1815077,1669776,缩量,低,情绪退潮,观望,趋势转多型,,D,回避：资金观望,0.0
001390,古麒绒材,16.52,-58.8,1.41,-3.7,-2.68,-3931564,-8029715,-23707554,981953,-151027,-671460,缩量,低,情绪退潮,观望,资金撤退型,,D,回避：资金撤退,-0.9
001389,广合科技,168.05,-50.9,0.96,33.4,1.79,100875010,539553750,422056881,-48211191,-34475473,62109825,缩量,低,情绪退潮,观望,趋势转多型,,D,回避：资金观望,0.6
001391,国货航,3.96,-63.4,1.73,-11.9,-5.4,-18903741,-9583128,-34366167,-1778443,-3815151,-1088003,缩量,低,情绪退潮,观望,资金观望型,,D,回避：资金观望,-1.8
001379,腾达科技,15.48,-47.4,0.76,-26.1,1.51,1606235,7777652,9612366,161332,0,135290,缩量,低,情绪退潮,进场,均衡流入型,资金+业绩共振(双击候选),B,关注：资金+业绩共振,72.5
001380,华纬科技,18.36,15.1,0.78,26.6,2.6,4608951,5727585,3760739,2322617,720663,-1256082,缩量,低,情绪退潮,进场,趋势转多型,资金+业绩共振(双击候选),B,关注：资金+业绩共振,72.9
001386,马可波罗,16.03,8.9,0.46,-25.6,-0.01,-48302,3604699,25319673,8024353,7287646,-7286862,缩量,低,情绪退潮,吸筹,长线吸筹型,机构吸筹+盈利(关注),C,谨慎：资金流入未验证业绩,24.0
001400,江顺科技,76.09,-61.1,0.51,-60.4,-5.67,-27238972,-70288896,52573757,1620374,1284171,1671944,缩量,低,情绪退潮,观望,长线吸筹型,,D,回避：资金观望,-1.9
001396,誉帆科技,31.9,24.0,0.29,-33.9,-2.05,-2729852,-2112382,-3162531,3893792,3630281,-7876357,缩量,低,情绪退潮,观望,资金观望型,,D,回避：资金观望,-0.7
001872,招商港口,23.18,-32.0,1.57,-27.8,-1.73,-4940939,-14292775,-55259553,449413,-323620,-4691565,缩量,低,情绪退潮,观望,资金撤退型,,D,回避：资金撤退,-0.6
001696,宗申动力,15.25,-61.7,2.14,10.5,-4.6,-117817620,-238368469,-270074797,-28065905,-25424743,15748564,缩量,低,情绪退潮,观望,资金撤退型,,D,回避：资金撤退,-1.5
001395,亚联机械,28.61,-74.8,2.93,-44.3,0.13,193780,-5902016,2322476,578599,256964,1386234,缩量,低,情绪退潮,进场,资金观望型,资金+业绩共振(双击候选),B,关注：资金+业绩共振,72.0
001914,招商积余,8.73,-43.5,0.96,-30.9,-2.31,-5882973,-15578259,-23210553,-630927,-714028,-1968889,缩量,低,情绪退潮,观望,资金撤退型,,D,回避：资金撤退,-0.8
002001,新 和 成,26.41,-63.5,0.68,-36.2,-1.35,-34156330,-52980786,-293261385,-56700223,-39357096,70489920,缩量,低,情绪退潮,观望,资金撤退型,,D,回避：资金撤退,-0.5
002003,伟星股份,11.35,-51.9,2.34,-0.2,-4.26,-33921677,-144750794,-212692450,727129,569492,-670918,缩量,低,情绪退潮,观望,资金撤退型,,D,回避：资金撤退,-1.4
002004,华邦健康,4.39,-24.6,0.53,18.9,4.26,31232991,35802506,31161540,-4734794,-2242339,-1357008,缩量,低,情绪退潮,观望,趋势转多型,,D,回避：资金观望,1.4
001896,豫能控股,11.97,-35.0,0.48,127.0,9.01,762470719,771687292,575370500,-34500204,-11758707,76391826,缩量,中,主力惜售,进场,趋势转多型,资金+业绩共振(双击候选),B,关注：资金+业绩共振,87.0
002005,德豪润达,2.42,-39.2,1.16,2.1,3.07,5412343,-2500077,-2817432,-4557145,-1999587,2408262,缩量,低,情绪退潮,观望,资金观望型,,D,回避：资金观望,1.0
002006,精工科技,13.12,-65.8,0.87,78.6,-5.96,-20458513,3041121,-32890498,-1605785,-3583384,-753413,缩量,低,情绪退潮,观望,资金观望型,,D,回避：资金观望,-2.0
001965,招商公路,10.17,34.1,1.51,-0.3,3.32,27829759,49757309,-33807384,-11990410,14289738,-2122006,缩量,低,情绪退潮,吸筹,趋势转多型,资金+业绩共振(双击候选),B,关注：资金+业绩共振,65.1
002009,天奇股份,15.52,-69.5,0.53,-17.6,-5.32,-25736942,-47069943,-119778216,1868614,1942810,1556575,缩量,低,情绪退潮,观望,资金撤退型,,D,回避：资金撤退,-1.8
002008,大族激光,94.81,-49.2,1.47,13.0,-2.34,-405831958,476872718,1645809944,-238776338,-194128003,183379834,缩量,低,情绪退潮,观望,高位分歧型,,D,回避：资金观望,-0.8
001979,招商蛇口,6.67,-23.6,1.49,-53.5,1.83,29421998,-81252053,-490277006,6778271,6417125,-14423402,缩量,低,情绪退潮,进场,资金观望型,资金+业绩共振(双击候选),B,关注：资金+业绩共振,72.6
002010,传化智联,4.52,-53.1,0.87,-5.2,1.33,3994546,12704551,5507475,-870908,-5831543,-2562569,缩量,低,情绪退潮,观望,趋势转多型,,D,回避：资金观望,0.4
002011,盾安环境,13.95,538.9,1.04,926.2,-5.2,-251153523,-53151782,-98769149,-29989148,-28423036,43787766,放量,低,游资情绪,观望,资金观望型,,D,回避：资金观望,6.3
002007,华兰生物,12.75,-57.6,1.96,-14.2,-6.0,-41018953,-59188570,-98501800,842519,2060116,-649192,缩量,低,情绪退潮,吸筹,资金撤退型,机构吸筹+盈利(关注),C,谨慎：资金流入未验证业绩,22.0
002012,凯恩股份,7.25,-36.1,0.99,-15.4,2.01,6308063,-12894541,14812066,-5747666,-5911718,-1248697,缩量,低,情绪退潮,观望,资金观望型,,D,回避：资金观望,0.7
002014,永新股份,10.98,-20.1,1.05,-9.2,3.59,5696548,15074669,9743479,-667380,0,-5335618,缩量,低,情绪退潮,观望,趋势转多型,,D,回避：资金观望,1.2
002015,协鑫能科,16.09,22.2,0.33,-12.4,-0.59,-51873286,-306436070,63097607,-176019407,-115010737,213343010,缩量,低,情绪退潮,观望,资金观望型,,D,回避：资金观望,-0.2
002017,东信和平,14.1,17.6,0.99,-35.8,-7.26,-107670502,37282768,239751035,-3094888,498073,12907883,缩量,低,情绪退潮,观望,高位分歧型,,D,回避：资金观望,-2.4
002016,世荣兆业,4.53,-34.0,0.47,-10.3,-2.7,-4657247,-16430343,11427489,-203946,1959673,1006137,缩量,低,情绪退潮,观望,长线吸筹型,,D,回避：资金观望,-0.9
002020,京新药业,11.32,-73.9,2.55,16.4,-0.56,-3028859,-4527698,-29368206,1104841,1193155,2914337,缩量,低,情绪退潮,观望,资金撤退型,,D,回避：资金撤退,-0.2
002021,中捷资源,2.66,-25.7,0.75,13.6,1.72,5568222,5660924,-27060476,-7475708,-4872899,652104,缩量,低,情绪退潮,观望,趋势转多型,,D,回避：资金观望,0.6
002025,航天电器,73.16,-15.8,0.64,7.1,2.91,158456707,-47994980,-127039697,-21511905,-42377835,96186763,缩量,低,情绪退潮,观望,资金观望型,,D,回避：资金观望,1.0
002022,科华生物,5.62,-31.6,1.0,-35.8,-1.7,-2312507,-4700863,21721391,-228166,-1284676,196977,缩量,低,情绪退潮,观望,长线吸筹型,,D,回避：资金观望,-0.6
002019,亿帆医药,9.28,-70.3,0.69,-41.8,-15.28,-46041041,-73975378,-136856393,4142800,5860315,-925131,缩量,低,情绪退潮,吸筹,资金撤退型,机构吸筹+盈利(关注),C,谨慎：资金流入未验证业绩,18.9
002027,分众传媒,4.66,-62.9,1.25,-8.2,-6.64,-141674842,-143240549,-243567533,-9827636,-5166186,18623132,缩量,低,情绪退潮,观望,资金撤退型,,D,回避：资金撤退,-2.2
002028,思源电气,134.42,-65.7,0.75,-36.1,-0.86,-46039234,-635330176,-657894153,-83370037,-62090254,58371558,缩量,低,情绪退潮,观望,资金撤退型,,D,回避：资金撤退,-0.3
002032,苏 泊 尔,39.99,-46.5,0.98,14.9,4.55,19380300,7863712,3363285,-3514192,-167370,3173587,缩量,低,情绪退潮,观望,资金观望型,,D,回避：资金观望,1.5
002031,巨轮智能,5.12,-41.7,2.59,-12.5,-3.66,-44160445,126724003,129127073,11306830,4330651,30861,缩量,低,情绪退潮,观望,资金观望型,,D,回避：资金观望,-1.2
002026,山东威达,11.46,187.7,0.79,-27.6,7.42,59224260,71910820,158624162,-30775160,-30601807,17124880,放量,中,主力偏强放量,进场,均衡流入型,资金+业绩共振(双击候选),B,关注：资金+业绩共振,90.5
002033,丽江股份,8.36,-16.7,0.11,8.7,-9.61,-97050428,-115171921,-50078735,-5952524,-4332826,-158780,缩量,低,情绪退潮,观望,资金观望型,,D,回避：资金观望,-3.2
002023,海特高新,9.44,-77.3,0.39,-36.6,-0.01,-37807,-36325676,-69459022,-1226940,1928914,-239129,缩量,低,情绪退潮,吸筹,资金撤退型,纯资金炒作(亏损风险),C,谨慎：纯资金炒作,4.0
002034,旺能环境,14.27,-48.4,0.3,-17.4,-1.01,-4791422,-42294732,-89266631,1048356,180099,-2494697,缩量,低,情绪退潮,观望,资金撤退型,,D,回避：资金撤退,-0.3
002037,保利联合,6.81,-40.4,1.27,14.4,-4.76,-7653429,-3122013,-12497258,-281878,-381888,192016,缩量,低,情绪退潮,观望,资金观望型,,D,回避：资金观望,-1.6
002036,联创电子,6.53,-2.1,1.79,-11.1,-1.67,-14779273,-93078847,-99952667,40655620,22661428,-53214660,缩量,低,情绪退潮,观望,资金撤退型,,D,回避：资金撤退,-0.6
002029,七 匹 狼,8.18,-43.6,0.95,-39.5,-4.08,-20644239,-48697382,65155615,6130979,5962263,-5324361,缩量,低,情绪退潮,吸筹,长线吸筹型,机构吸筹+盈利(关注),C,谨慎：资金流入未验证业绩,22.6
002030,达安基因,5.27,-46.6,2.27,-48.8,-5.31,-16240659,-19377345,24390092,8369691,4656693,-3793933,缩量,低,情绪退潮,吸筹,长线吸筹型,纯资金炒作(亏损风险),C,谨慎：纯资金炒作,2.2
002038,双鹭药业,5.6,-83.8,0.75,-77.1,-9.78,-34474193,-39842051,-13212527,-5881834,-4641856,1613139,缩量,低,情绪退潮,观望,资金观望型,,D,回避：资金观望,-3.3
002039,黔源电力,19.45,-29.5,0.49,-8.8,-2.82,-16862264,-26581674,-60332930,-595650,2561482,-7166507,缩量,低,情绪退潮,观望,资金撤退型,,D,回避：资金撤退,-0.9
002035,华帝股份,4.53,-21.6,0.48,-47.4,3.1,5904639,27994032,-34088266,2277536,2111576,-3866297,缩量,低,情绪退潮,进场,趋势转多型,资金+业绩共振(双击候选),B,关注：资金+业绩共振,73.0
002043,兔 宝 宝,10.79,-59.2,1.1,-26.1,-3.36,-14908947,-40710000,-70504737,-2594207,-513867,-228950,缩量,低,情绪退潮,观望,资金撤退型,,D,回避：资金撤退,-1.1
002044,美年健康,4.33,-55.1,1.09,-10.6,-5.99,-84282045,-100536177,-135017722,-1095635,10609606,11888449,缩量,低,情绪退潮,观望,资金撤退型,,D,回避：资金撤退,-2.0
002042,华孚时尚,3.8,-48.0,0.27,-40.0,-10.1,-36612253,-25626299,-18150135,-2487676,-2200728,-1889800,缩量,低,情绪退潮,观望,资金观望型,,D,回避：资金观望,-3.4
002046,国机精工,63.86,23.4,1.13,84.0,5.0,259123644,509824115,741781730,-18164373,-20979084,-17045147,缩量,低,情绪退潮,观望,主力建仓型,,D,回避：资金观望,1.7
002040,南 京 港,9.29,674.2,0.68,108.9,1.41,34308463,164177842,197462051,9505366,4841837,1585251,放量,低,游资情绪,进场,均衡流入型,资金+业绩共振(双击候选),B,关注：资金+业绩共振,80.5
002041,登海种业,10.41,547.8,0.96,-17.5,-4.16,-111913666,-140071630,288438751,41140203,44230828,-31344063,放量,低,游资情绪,抢筹,长线吸筹型,机构吸筹+盈利(关注),C,谨慎：资金流入未验证业绩,46.6
002049,紫光国微,59.75,-85.6,2.27,-24.8,-6.77,-189946102,-439399711,-780283526,-84380211,-54388916,50223966,缩量,低,情绪退潮,观望,资金撤退型,,D,回避：资金撤退,-2.3
002045,国光电器,9.15,-31.2,1.17,-58.6,-4.83,-31358140,-56079500,42896763,12683985,9156823,-6067158,缩量,低,情绪退潮,吸筹,长线吸筹型,纯资金炒作(亏损风险),C,谨慎：纯资金炒作,2.4
002052,同洲电子,8.44,-72.6,1.2,-57.4,-2.19,-5214971,7029516,67222347,-3927561,-3200860,4069322,缩量,低,情绪退潮,观望,高位分歧型,,D,回避：资金观望,-0.7
002053,云南能投,9.6,-42.9,0.81,99.2,-5.08,-21719567,-32775158,-68064819,1189599,-678287,-4274718,缩量,低,情绪退潮,观望,资金撤退型,,D,回避：资金撤退,-1.7
002054,德美化工,7.08,-32.7,0.9,-28.0,-4.12,-10815139,-13425646,2893913,1942429,909706,-1856783,缩量,低,情绪退潮,观望,资金观望型,,D,回避：资金观望,-1.4
002056,横店东磁,19.54,-87.8,2.84,-4.9,-0.01,-140645,2148763,-235589993,-2475594,7504903,9058037,缩量,低,情绪退潮,观望,资金观望型,,D,回避：资金观望,-0.0
002051,中工国际,8.79,-54.7,0.37,-13.8,-1.26,-10103781,-7536185,-38432412,6159506,10724942,-5586037,缩量,低,情绪退潮,吸筹,资金观望型,机构吸筹+盈利(关注),C,谨慎：资金流入未验证业绩,23.6
002048,宁波华翔,18.12,-41.0,1.42,-16.2,-8.66,-90712045,-92738056,-100395714,23310717,12378826,-6087059,缩量,低,情绪退潮,吸筹,资金撤退型,机构吸筹+盈利(关注),C,谨慎：资金流入未验证业绩,21.1
002050,三花智控,34.64,-55.3,1.08,5.1,-6.87,-470815539,-433352589,-1017174640,146361027,160117709,-62336564,缩量,低,情绪退潮,吸筹,资金观望型,机构吸筹+盈利(关注),C,谨慎：资金流入未验证业绩,21.7
002057,中钢天源,8.72,-76.7,4.29,-9.4,-5.45,-26835931,-61873518,-63959830,-5921803,-5923615,2855836,缩量,低,情绪退潮,观望,资金撤退型,,D,回避：资金撤退,-1.8
002059,云南旅游,4.47,874.5,0.55,824.9,-3.32,-95019580,-266686581,-147118973,-16735823,-5212792,13713615,放量,低,游资情绪,观望,资金观望型,,D,回避：资金观望,6.9
002067,景兴纸业,4.03,-69.0,1.21,-39.5,-3.58,-16044230,-52908569,-142772296,-8538409,-4197738,10647584,缩量,低,情绪退潮,观望,资金撤退型,,D,回避：资金撤退,-1.2
002063,远光软件,5.32,-69.1,0.68,0.3,-4.65,-18606908,-45934172,-41751097,-1782153,54794,1132955,缩量,低,情绪退潮,观望,资金观望型,,D,回避：资金观望,-1.6
002058,紫竹高科,16.8,12.9,0.83,25.9,3.78,11426743,5490219,4026190,647651,1157744,4962006,缩量,低,情绪退潮,进场,资金观望型,资金+业绩共振(双击候选),B,关注：资金+业绩共振,73.3
002065,东华软件,6.57,-67.7,1.26,-29.4,-1.9,-12626328,-36342506,-57407030,-13538506,-13585481,9852236,缩量,低,情绪退潮,观望,资金撤退型,,D,回避：资金撤退,-0.6
002066,瑞泰科技,19.99,-58.9,0.76,-28.3,-3.74,-6944413,-23362110,-52243458,-8044014,-9013020,3074092,缩量,低,情绪退潮,观望,资金撤退型,,D,回避：资金撤退,-1.2
002064,华峰化学,9.86,-51.1,1.22,-23.5,-3.72,-66073791,-74346802,77223082,-3565114,-18152918,14780391,缩量,低,情绪退潮,观望,长线吸筹型,,D,回避：资金观望,-1.2
002060,广东建工,3.07,-14.6,0.31,-9.3,4.65,11723234,11383911,5307020,739847,2827947,-3222119,缩量,低,情绪退潮,进场,资金观望型,资金+业绩共振(双击候选),B,关注：资金+业绩共振,73.5
002068,黑猫股份,10.04,194.0,4.69,523.6,2.17,98417456,281953896,251493238,-74949928,-80180781,34609543,放量,低,游资情绪,观望,趋势转多型,,D,回避：资金观望,8.7
002062,宏润建设,9.44,235.5,0.31,52.1,2.9,30088294,32987553,72364764,52410818,43497955,6631166,放量,低,游资情绪,抢筹,均衡流入型,资金+业绩共振(双击候选),B,关注：资金+业绩共振,89.0
002072,凯瑞德,6.9,-41.8,3.35,-35.8,-0.69,-3979100,-102604693,-64085279,-8839057,-6449355,4154645,缩量,低,情绪退潮,观望,资金观望型,,D,回避：资金观望,-0.2
002061,浙江交科,3.35,-10.1,0.99,18.5,5.71,21237872,25133151,-8669391,6986289,1372536,-6580036,缩量,中,主力惜售,进场,短线抢筹型,资金+业绩共振(双击候选),B,关注：资金+业绩共振,85.9
002075,沙钢股份,3.54,-57.7,1.16,-22.5,-2.58,-9566570,-29054741,-32244197,3486417,1352141,-6440275,缩量,低,情绪退潮,观望,资金撤退型,,D,回避：资金撤退,-0.9
002074,国轩高科,25.85,-48.2,0.36,-36.1,2.16,53407355,4826604,-100227508,-62448427,-56110036,42006013,缩量,低,情绪退潮,观望,资金观望型,,D,回避：资金观望,0.7
002069,獐子岛,3.68,9.9,0.78,12.9,5.38,12532859,-2820511,5392138,-400294,0,1015493,缩量,中,主力惜售,进场,资金观望型,纯资金炒作(亏损风险),C,谨慎：纯资金炒作,25.8
002078,太阳纸业,14.27,-0.7,1.31,-48.1,2.67,32504072,-105529876,-87653532,-3943717,3154473,3710939,缩量,低,情绪退潮,观望,资金观望型,,D,回避：资金观望,0.9
002077,大港股份,13.82,-3.8,2.91,269.9,-0.09,-3825932,349695508,317466761,-61506192,-43894072,48666588,缩量,低,情绪退潮,观望,资金观望型,,D,回避：资金观望,-0.0
002073,软控股份,5.71,-40.9,0.63,-62.5,-3.76,-10688285,-20859102,-35093531,1514115,1840779,-686760,缩量,低,情绪退潮,吸筹,资金撤退型,机构吸筹+盈利(关注),C,谨慎：资金流入未验证业绩,22.7
002081,金 螳 螂,4.8,54.7,0.38,-36.4,-4.29,-167650408,-156709383,-167815138,-33491870,2388789,55498990,放量,低,游资情绪,观望,资金观望型,,D,回避：资金观望,6.6
002083,孚日股份,9.79,-71.5,1.25,-35.1,-0.42,-4015645,-39658269,-109457694,-10757373,-10545756,71398,缩量,低,情绪退潮,观望,资金撤退型,,D,回避：资金撤退,-0.1
002076,星光股份,2.14,-18.9,1.32,-4.9,2.96,9202381,12975386,-13821821,310445,-1405922,-1409406,缩量,低,情绪退潮,进场,趋势转多型,纯资金炒作(亏损风险),C,谨慎：纯资金炒作,13.0
002079,苏州固锝,8.99,-71.8,1.61,-15.9,0.79,6634237,-1462942,-50429593,-23973802,-18558529,9038016,缩量,低,情绪退潮,观望,资金观望型,,D,回避：资金观望,0.3
002084,海鸥住工,5.4,426.4,1.36,100.1,2.78,70713133,18384422,-46473653,-4940568,3274688,23644781,放量,低,游资情绪,观望,资金观望型,,D,回避：资金观望,8.9
002085,万丰奥威,9.54,-16.5,0.9,18.0,-9.26,-111634536,-143850989,-167700612,1216985,8707761,7439603,缩量,低,情绪退潮,观望,资金撤退型,,D,回避：资金撤退,-3.1
002088,鲁阳节能,7.92,-52.5,0.53,2.5,3.09,5130000,1910366,1250520,-561648,-511168,205807,缩量,低,情绪退潮,观望,资金观望型,,D,回避：资金观望,1.0
002090,金智科技,9.06,-53.7,1.1,-30.8,-1.24,-2452173,-2730169,-16792402,204613,-37701,-524085,缩量,低,情绪退潮,观望,资金撤退型,,D,回避：资金撤退,-0.4
002080,中材科技,58.69,64.8,1.23,19.6,6.39,1149983343,858518323,327932392,843095678,1043292884,-295938418,放量,中,主力偏强放量,抢筹,资金观望型,资金+业绩共振(双击候选),B,关注：资金+业绩共振,98.1
002092,中泰化学,4.4,-44.1,0.67,-24.6,-7.99,-78640572,22876649,53744586,-7044225,-10160389,2968056,缩量,低,情绪退潮,观望,资金观望型,,D,回避：资金观望,-2.7
002091,江苏国泰,7.67,-27.2,0.31,-17.3,1.21,4224926,-7728566,-41321845,-14612,987828,-10263136,缩量,低,情绪退潮,观望,资金观望型,,D,回避：资金观望,0.4
002086,东方海洋,2.0,62.2,0.82,8.4,5.2,30565513,14676303,-5466885,2471050,2700931,152622,放量,中,主力偏强放量,进场,资金观望型,纯资金炒作(亏损风险),C,谨慎：纯资金炒作,29.7
002094,青岛金王,5.05,18.1,0.76,-41.7,-8.9,-58092169,-77737347,28348915,-2186048,1418816,22888,缩量,低,情绪退潮,观望,长线吸筹型,,D,回避：资金观望,-3.0
002097,山河智能,7.07,70.7,1.0,33.9,-2.26,-17014050,-10938742,-5675424,-15973746,-35248152,-12434663,放量,低,游资情绪,观望,资金观望型,,D,回避：资金观望,7.2
002098,浔兴股份,7.89,19.4,0.85,-27.9,1.33,2200440,-6116793,8922913,-239845,0,2693892,缩量,低,情绪退潮,观望,长线吸筹型,,D,回避：资金观望,0.4
002099,海翔药业,5.4,-31.8,0.7,4.5,-0.44,-3071794,8737717,2036473,1456204,2505922,-6081277,缩量,低,情绪退潮,观望,资金观望型,,D,回避：资金观望,-0.1
002100,天康生物,7.58,4.8,0.77,31.4,-1.68,-16899218,-51527553,-20789517,-12090153,-6204138,10374927,缩量,低,情绪退潮,观望,资金观望型,,D,回避：资金观望,-0.6
002101,广东鸿图,8.66,-59.9,1.0,-14.7,-0.8,-1161040,-861312,-17400501,-2811503,1402868,2666834,缩量,低,情绪退潮,观望,资金观望型,,D,回避：资金观望,-0.3
002103,广博股份,6.43,-42.6,1.34,-30.8,-7.85,-15253463,-10948896,-9085692,1327996,-851226,-1640351,缩量,低,情绪退潮,观望,资金观望型,,D,回避：资金观望,-2.6
002104,恒宝股份,11.03,1.8,1.3,-3.7,-8.04,-186066856,-11056546,474058953,-6160891,-8742707,-3027210,缩量,低,情绪退潮,观望,高位分歧型,,D,回避：资金观望,-2.7
002095,生 意 宝,16.58,1052.3,0.98,478.4,6.7,77963295,154493184,155949038,6565283,5154939,9716837,放量,中,主力偏强放量,进场,主力强攻型,纯资金炒作(亏损风险),C,谨慎：纯资金炒作,30.2
002096,易普力,9.09,-44.4,1.08,-14.0,-3.17,-6785659,-5887971,-23120404,3462015,4038351,-1907851,缩量,低,情绪退潮,吸筹,资金观望型,机构吸筹+盈利(关注),C,谨慎：资金流入未验证业绩,22.9
002107,沃华医药,6.69,-21.7,0.44,1.8,-2.1,-12682434,7973056,121838499,-1481733,2251754,2145326,缩量,低,情绪退潮,观望,高位分歧型,,D,回避：资金观望,-0.7
002111,威海广泰,9.53,-39.8,1.74,-29.0,-5.29,-16332304,-41948827,-43522581,-3387694,88964,-1264714,缩量,低,情绪退潮,观望,资金撤退型,,D,回避：资金撤退,-1.8
002112,三变科技,14.4,-73.7,0.67,-22.0,-7.32,-36262211,-65448128,-69173735,-6574902,-4538280,6515230,缩量,低,情绪退潮,观望,资金撤退型,,D,回避：资金撤退,-2.4
002114,罗平锌电,7.21,-20.7,0.58,2.9,-2.28,-7990047,-19051667,-26785086,-2292266,-1708403,-971333,缩量,低,情绪退潮,观望,资金撤退型,,D,回避：资金撤退,-0.8
002108,沧州明珠,4.34,-31.1,0.08,31.3,6.12,49530661,29841082,44059520,-4144666,-6471862,2151829,缩量,中,主力惜售,进场,资金观望型,资金+业绩共振(双击候选),B,关注：资金+业绩共振,86.0
002115,三维通信,9.97,-72.2,1.2,-36.4,-7.1,-93259980,-170249077,-133932837,-14940634,-15683164,16898143,缩量,低,情绪退潮,观望,资金观望型,,D,回避：资金观望,-2.4
002116,中国海诚,7.12,-13.6,0.29,39.4,-7.08,-8339478,-16194343,-16413614,-164775,0,-314709,缩量,低,情绪退潮,观望,资金撤退型,,D,回避：资金撤退,-2.4
002119,康强电子,24.24,-42.0,2.3,31.3,2.93,137420728,196158241,180048727,-11565191,3488472,-39252275,缩量,低,情绪退潮,观望,趋势转多型,,D,回避：资金观望,1.0
002117,东港股份,7.68,-34.1,0.76,-37.7,-8.69,-16332262,-37330958,-43532041,-11530727,-13986032,5637106,缩量,低,情绪退潮,观望,资金撤退型,,D,回避：资金撤退,-2.9
002123,梦网科技,7.56,-72.3,1.19,-38.4,-4.99,-22294796,-46344599,-62414255,-8583907,-9101604,4367787,缩量,低,情绪退潮,观望,资金撤退型,,D,回避：资金撤退,-1.7
002121,科陆电子,4.77,-28.2,0.81,54.0,-1.91,-14467489,67227484,18522615,-2128962,-17432830,-2157439,缩量,低,情绪退潮,观望,资金观望型,,D,回避：资金观望,-0.6
002124,天邦食品,2.24,28.3,0.16,138.0,-1.9,-20392704,140443110,30911145,190145,-7580440,-6745659,缩量,低,情绪退潮,观望,资金观望型,,D,回避：资金观望,-0.6
002125,湘潭电化,11.92,-71.3,1.67,-62.9,-2.99,-17607589,-56874699,-135758211,-17490215,-14818403,12149357,缩量,低,情绪退潮,观望,资金撤退型,,D,回避：资金撤退,-1.0
002126,银轮股份,38.45,-66.0,1.33,-22.6,-2.97,-60574924,-82438846,61428142,9964474,3037410,-6840273,缩量,低,情绪退潮,观望,资金观望型,,D,回避：资金观望,-1.0
002129,TCL中环,8.62,-77.4,4.71,-46.7,-6.18,-131539049,-318241335,-355447163,-148929360,-152331019,85955459,缩量,低,情绪退潮,观望,资金撤退型,,D,回避：资金撤退,-2.1
002130,沃尔核材,16.76,-36.2,0.5,66.2,-0.13,-6542599,121248995,-56584661,-25759285,-20264898,27404686,缩量,低,情绪退潮,观望,资金观望型,,D,回避：资金观望,-0.0
002131,利欧股份,4.44,-65.1,0.54,-35.4,-0.8,-34694532,-493133372,-363015062,-34137008,-33632305,14169443,缩量,低,情绪退潮,观望,资金观望型,,D,回避：资金观望,-0.3
002127,南极电商,3.05,-21.2,1.31,1.8,4.57,22027552,35133499,34501647,2538326,-2961969,-3564054,缩量,低,情绪退潮,进场,趋势转多型,纯资金炒作(亏损风险),C,谨慎：纯资金炒作,13.5
002135,东南网架,6.12,12.4,0.31,-37.1,2.56,8952483,-21557090,-58553976,-1467560,-2567756,-6652212,缩量,低,情绪退潮,观望,资金观望型,,D,回避：资金观望,0.9
002128,电投能源,27.77,80.9,0.83,3.9,-2.38,-47302603,-122880979,-281691168,-16774475,41386987,8660146,放量,低,游资情绪,抢筹,资金撤退型,机构吸筹+盈利(关注),C,谨慎：资金流入未验证业绩,47.2
002134,天津普林,24.64,2.0,1.78,65.5,2.51,64429978,8875668,90952204,-2535408,2781669,20557752,缩量,低,情绪退潮,观望,资金观望型,,D,回避：资金观望,0.8
002138,顺络电子,49.93,-53.3,3.29,10.6,1.97,148285040,366573226,37083910,-47587419,40176444,63618386,缩量,低,情绪退潮,观望,趋势转多型,,D,回避：资金观望,0.7
002139,拓邦股份,9.68,-47.9,1.35,65.2,1.04,11935404,-441858,-68791735,-2757281,-5569038,2766388,缩量,低,情绪退潮,观望,资金观望型,,D,回避：资金观望,0.3
002140,东华科技,9.07,-30.0,0.63,17.1,-1.99,-6094225,-16784431,-6315325,-2895792,-1521124,-173291,缩量,低,情绪退潮,观望,资金观望型,,D,回避：资金观望,-0.7
002142,宁波银行,34.59,-0.8,1.34,11.8,-0.08,-3826347,111687937,-59120791,-68252542,-62351809,196670759,缩量,低,情绪退潮,观望,资金观望型,,D,回避：资金观望,-0.0
002132,恒星科技,4.23,-70.2,1.23,-60.1,16.0,143276931,111360493,37254833,-8182390,-7451455,2618508,缩量,高,主力控盘,控盘,资金观望型,控盘+盈利(稳健),B,关注：控盘稳健+盈利,73
002133,广宇集团,2.77,17.6,0.8,-27.1,7.99,16687666,6358993,14532833,1154786,206309,-2483153,缩量,中,主力惜售,进场,资金观望型,资金+业绩共振(双击候选),B,关注：资金+业绩共振,86.7
002137,实益达,8.55,93.2,6.6,120.7,6.4,120895037,100177849,106667890,-38457489,-8836840,-8929470,放量,中,主力偏强放量,进场,资金观望型,资金+业绩共振(双击候选),B,关注：资金+业绩共振,90.1
002136,安 纳 达,11.79,-55.1,0.61,-32.9,-5.5,-14007780,-23119290,-25731361,-1757688,1007075,-810744,缩量,低,情绪退潮,吸筹,资金撤退型,纯资金炒作(亏损风险),C,谨慎：纯资金炒作,2.2
002141,贤丰控股,6.51,-36.0,15.08,12.8,5.04,307520912,68580018,391883391,-56394684,-49633008,40739058,缩量,中,主力惜售,进场,资金观望型,资金+业绩共振(双击候选),B,关注：资金+业绩共振,85.7
002146,荣盛发展,1.15,-49.4,0.99,-6.7,-1.98,-8455482,-1134177,-1801405,5784674,3911872,-5787269,缩量,低,情绪退潮,观望,资金观望型,,D,回避：资金观望,-0.7
002148,北纬科技,6.23,-74.0,2.58,-17.0,-4.64,-11233377,-6485636,-10075915,-898415,-121075,582004,缩量,低,情绪退潮,观望,资金观望型,,D,回避：资金观望,-1.5
002149,西部材料,33.11,-75.0,0.26,-33.6,-2.9,-57768157,-138871851,-611848978,-12214278,-8718692,9481078,缩量,低,情绪退潮,观望,资金撤退型,,D,回避：资金撤退,-1.0
002150,正泰电源,20.46,-47.9,0.43,-27.0,0.06,427171,3714577,-2111676,-4666424,-4580343,2011383,缩量,低,情绪退潮,观望,趋势转多型,,D,回避：资金观望,0.0
002151,北斗星通,28.02,-54.5,0.65,7.2,-3.03,-41453843,-18243611,-84187907,-19234240,-12600103,17601584,缩量,低,情绪退潮,观望,资金观望型,,D,回避：资金观望,-1.0
002152,广电运通,9.2,-68.3,1.55,-2.8,-5.98,-53104414,-117244744,-102143651,3431360,-427232,-5420811,缩量,低,情绪退潮,观望,资金观望型,,D,回避：资金观望,-2.0
002154,报 喜 鸟,3.84,-41.1,2.26,-6.4,-3.47,-18822084,-9796267,10784118,-1589808,-881439,7010317,缩量,低,情绪退潮,观望,高位分歧型,,D,回避：资金观望,-1.2
002145,钛能化学,4.58,76.7,1.43,42.1,4.1,55011139,60972737,2027178,45573355,53207579,-2886348,放量,低,游资情绪,抢筹,趋势转多型,资金+业绩共振(双击候选),B,关注：资金+业绩共振,89.4
002156,通富微电,58.31,-75.9,2.98,-31.0,0.35,52156018,-405612501,-1253670779,-344479225,-222291268,344379000,缩量,低,情绪退潮,观望,资金观望型,,D,回避：资金观望,0.1
002155,湖南黄金,25.49,71.8,0.85,5.7,-3.96,-358520852,234324182,133048544,-221190795,-201420599,141489808,放量,低,游资情绪,观望,资金观望型,,D,回避：资金观望,6.7
002157,正邦科技,3.02,33.7,0.43,94.5,-2.29,-60463790,-258409229,-221944270,-26856911,-8713010,2002639,缩量,低,情绪退潮,观望,资金观望型,,D,回避：资金观望,-0.8
002159,三特索道,13.17,-40.3,0.69,4.9,-0.89,-1811698,-3175521,5382989,172578,-150267,-1378784,缩量,低,情绪退潮,观望,资金观望型,,D,回避：资金观望,-0.3
002161,远 望 谷,6.59,434.8,0.63,96.4,-2.41,-57613124,-35667252,9128829,-33474408,-41818652,24936468,放量,低,游资情绪,观望,资金观望型,,D,回避：资金观望,7.2
002162,悦心健康,3.97,30.8,1.06,443.9,-3.18,-28880703,105824514,112829915,-2921494,412748,13468283,缩量,低,情绪退潮,观望,资金观望型,,D,回避：资金观望,-1.1
002163,海南发展,7.86,187.5,0.46,63.0,1.79,31451786,125182704,153487548,-92445771,-116494881,36877762,放量,低,游资情绪,观望,均衡流入型,,D,回避：资金观望,8.6
002158,汉钟精机,27.06,-47.4,3.8,-21.0,0.35,3575489,66933604,131211944,10899368,-344651,14472969,缩量,低,情绪退潮,进场,均衡流入型,资金+业绩共振(双击候选),B,关注：资金+业绩共振,72.1
002166,莱茵生物,6.65,-53.1,1.17,67.3,-1.69,-7223118,-14287554,-22708220,1046782,870161,527242,缩量,低,情绪退潮,观望,资金撤退型,,D,回避：资金撤退,-0.6
002160,常铝股份,3.93,-34.9,0.52,-14.7,0.43,1036457,-9964400,-22608769,1981671,28312,-1875474,缩量,低,情绪退潮,进场,资金观望型,资金+业绩共振(双击候选),B,关注：资金+业绩共振,72.1
002164,宁波东力,10.09,-54.2,1.09,-31.6,-12.54,-33048922,-63123121,-103138304,-8495953,-9261166,4291105,缩量,低,情绪退潮,观望,资金撤退型,,D,回避：资金撤退,-4.2
002165,红 宝 丽,7.01,-32.0,0.81,-52.0,-6.25,-107355962,-202124876,-214146573,-342772,3826617,8980613,缩量,低,情绪退潮,观望,资金撤退型,,D,回避：资金撤退,-2.1
002167,东方锆业,15.81,-61.3,6.58,-13.0,1.38,52042720,97741183,-118238049,-100832144,-64780192,141716862,缩量,低,情绪退潮,观望,趋势转多型,,D,回避：资金观望,0.5
002169,智光电气,13.21,14.8,0.65,-7.2,-0.82,-11904713,-14401048,76577067,21702809,2534770,-20597852,缩量,低,情绪退潮,观望,长线吸筹型,,D,回避：资金观望,-0.3
002170,芭田股份,10.9,-34.8,0.64,-6.4,4.25,40091565,70404925,94398134,-110954,-1679867,-6617681,缩量,低,情绪退潮,观望,主力建仓型,,D,回避：资金观望,1.4
002172,澳洋健康,5.03,1728.6,1.21,17.5,3.96,201257937,273370535,651120952,-3778807,8529095,29044380,放量,低,游资情绪,观望,均衡流入型,,D,回避：资金观望,9.3
002173,创新医疗,17.53,-70.1,1.61,-31.6,-3.38,-71076549,-188750246,-161586110,-16762049,-6086879,17529769,缩量,低,情绪退潮,观望,资金观望型,,D,回避：资金观望,-1.1
002174,游族网络,14.18,62.9,2.97,154.6,2.89,133409698,194156708,185310489,-86214227,-83804516,110525931,放量,低,游资情绪,观望,趋势转多型,,D,回避：资金观望,9.0
002176,江特电机,8.53,-70.1,0.33,-53.1,-4.83,-63809037,-30284365,-32310564,-6034947,-4263153,3176253,缩量,低,情绪退潮,观望,资金观望型,,D,回避：资金观望,-1.6
002177,御银股份,5.61,-62.8,0.45,-44.2,-3.1,-14281252,-20463214,10704644,-3232192,801046,1058082,缩量,低,情绪退潮,观望,资金观望型,,D,回避：资金观望,-1.0
002179,中航光电,34.78,-68.8,1.56,-11.5,1.96,69914611,65375461,-258234074,-11611727,-11735916,-474840,缩量,低,情绪退潮,观望,资金观望型,,D,回避：资金观望,0.7
002180,奔图科技,16.04,-79.8,1.32,-20.9,-4.99,-24520322,-28737024,-47681976,-18215011,-4504164,14888148,缩量,低,情绪退潮,观望,资金撤退型,,D,回避：资金撤退,-1.7
002184,海得控制,9.68,-68.8,1.39,-32.6,-5.01,-7133558,-12340207,-18370680,184748,0,-1636625,缩量,低,情绪退潮,观望,资金撤退型,,D,回避：资金撤退,-1.7
002181,粤 传 媒,9.59,47.9,0.39,83.3,-2.27,-76458605,-53807826,255344917,9473288,7461940,-23489661,缩量,低,情绪退潮,观望,长线吸筹型,,D,回避：资金观望,-0.8
002185,华天科技,16.39,-66.1,8.95,12.8,3.52,578971114,559893830,-855997136,-406732312,-295355364,469177223,缩量,低,情绪退潮,观望,资金观望型,,D,回避：资金观望,1.2
002182,宝武镁业,11.35,-79.9,1.1,-29.9,-5.77,-33045184,-13116585,-2590004,344978,4818676,-12723451,缩量,低,情绪退潮,观望,资金观望型,,D,回避：资金观望,-1.9
002183,怡 亚 通,4.32,-62.2,0.4,-3.3,-1.29,-10308252,-13931816,-38299016,-843757,3295543,-5336066,缩量,低,情绪退潮,观望,资金撤退型,,D,回避：资金撤退,-0.4
002187,广百股份,5.5,-23.7,1.1,43.6,-0.82,-3450174,-10830037,-5760086,-1140899,608674,771228,缩量,低,情绪退潮,观望,资金观望型,,D,回避：资金观望,-0.3
002188,中天服务,5.4,-14.2,0.8,-17.1,0.93,2636478,808111,1089032,-1716632,0,5731074,缩量,低,情绪退潮,观望,资金观望型,,D,回避：资金观望,0.3
002178,延华智能,4.63,-28.5,0.79,-13.2,5.97,13613366,20228188,-13977932,-3022585,-11140,4863674,缩量,中,主力惜售,进场,短线抢筹型,资金+业绩共振(双击候选),B,关注：资金+业绩共振,86.0
002189,中光学,18.99,-64.1,1.01,-10.5,-6.86,-19786629,-30478485,-34309431,-49409,-437099,1292017,缩量,低,情绪退潮,观望,资金撤退型,,D,回避：资金撤退,-2.3
002190,成飞集成,24.23,-14.0,1.07,-41.1,-11.15,-92057132,-122741066,125615398,-9152829,-7074676,17392942,缩量,低,情绪退潮,观望,长线吸筹型,,D,回避：资金观望,-3.7
002192,融捷股份,60.94,-53.7,0.78,-61.5,-8.61,-289950936,-410927463,139582458,57750576,24637456,-116489626,缩量,低,情绪退潮,观望,长线吸筹型,,D,回避：资金观望,-2.9
002195,岩山科技,6.06,-73.7,0.6,-14.3,1.04,22927329,-143759764,-243494672,-11418561,-6322577,10232999,缩量,低,情绪退潮,观望,资金观望型,,D,回避：资金观望,0.3
002196,方正电机,10.01,-59.2,0.86,13.8,-3.44,-23858992,112331294,43929264,-1386913,1082039,-10696322,缩量,低,情绪退潮,观望,资金观望型,,D,回避：资金观望,-1.1
002191,劲嘉股份,3.66,27.7,1.3,36.1,-2.94,-7867351,-9218295,-25424189,7996839,8744618,-3868773,缩量,低,情绪退潮,吸筹,资金撤退型,纯资金炒作(亏损风险),C,谨慎：纯资金炒作,3.0
002202,金风科技,18.22,-22.1,0.65,16.2,-1.79,-239788007,-621616051,-3170568409,-68857486,-44161058,92435744,缩量,低,情绪退潮,观望,资金撤退型,,D,回避：资金撤退,-0.6
002197,证通电子,6.51,-71.0,1.87,-20.0,0.5,2161595,16280716,16945099,-1681581,-3251976,1493140,缩量,低,情绪退潮,观望,均衡流入型,,D,回避：资金观望,0.2
002201,九鼎新材,10.4,231.2,0.11,279.3,4.77,252914856,239482838,356647269,-39170277,-34185275,37843132,放量,低,游资情绪,观望,资金观望型,,D,回避：资金观望,9.6
002199,东晶电子,12.3,-49.5,4.18,-20.5,-3.2,-8443467,-10220990,-29086940,-821309,128374,871425,缩量,低,情绪退潮,观望,资金撤退型,,D,回避：资金撤退,-1.1
002203,海亮股份,18.44,-61.5,0.66,-30.8,-5.04,-92362373,83918309,356185185,-22290699,-22321777,13651834,缩量,低,情绪退潮,观望,高位分歧型,,D,回避：资金观望,-1.7
002206,海 利 得,4.95,-45.3,0.7,3.5,-4.54,-11799895,-7165729,-50285033,1299500,-1164248,-1696108,缩量,低,情绪退潮,观望,资金观望型,,D,回避：资金观望,-1.5
002208,合肥城建,9.58,-89.4,3.88,-40.5,-4.19,-34583968,-74856059,-113175408,-7719049,-4165165,11803595,缩量,低,情绪退潮,观望,资金撤退型,,D,回避：资金撤退,-1.4
002209,达 意 隆,12.85,-11.2,0.32,-64.6,-5.38,-12957819,-26343906,-18553633,-1109774,-1161248,3739670,缩量,低,情绪退潮,观望,资金观望型,,D,回避：资金观望,-1.8
002200,交投生态,6.55,-15.9,1.71,-11.3,4.42,6497441,3505094,3953778,797866,-1304779,-1058453,缩量,低,情绪退潮,进场,资金观望型,纯资金炒作(亏损风险),C,谨慎：纯资金炒作,13.5
002204,大连重工,5.5,188.5,0.67,239.3,6.35,128098408,154025943,131928720,13515506,-2717349,-23713053,放量,中,主力偏强放量,进场,短线抢筹型,资金+业绩共振(双击候选),B,关注：资金+业绩共振,90.1
002205,国统股份,10.63,6.0,0.87,47.4,2.18,4121928,-1560077,-12872389,2045373,2614100,434499,缩量,低,情绪退潮,进场,资金观望型,纯资金炒作(亏损风险),C,谨慎：纯资金炒作,12.7
002214,大立科技,17.51,87.2,0.77,-1.2,-0.16,-794537,-8929783,66733751,-146720,-2824369,-7589239,放量,低,游资情绪,观望,长线吸筹型,,D,回避：资金观望,7.9
002216,三全食品,11.44,-64.3,0.92,-20.9,-1.25,-3216321,-8723493,-6250282,-3708578,-2030754,3878109,缩量,低,情绪退潮,观望,资金观望型,,D,回避：资金观望,-0.4
002210,飞马国际,2.15,-18.8,1.07,-22.9,2.98,16401059,7068701,20471097,4929197,5076949,-6959907,缩量,低,情绪退潮,进场,资金观望型,资金+业绩共振(双击候选),B,关注：资金+业绩共振,73.0
002212,天融信,7.14,458.8,1.25,96.7,4.39,254995552,260014608,411828456,124802949,139854740,-19101790,放量,低,游资情绪,抢筹,均衡流入型,资金+业绩共振(双击候选),B,关注：资金+业绩共振,89.5
002223,鱼跃医疗,26.11,-39.9,1.58,-18.8,-1.72,-17407342,-69282645,-94461839,-24895423,-7278580,26150256,缩量,低,情绪退潮,观望,资金撤退型,,D,回避：资金撤退,-0.6
002222,福晶科技,68.7,-2.1,0.64,-8.0,-0.51,-37837104,-66283726,-34321026,-169446060,-151297941,74951210,缩量,低,情绪退潮,观望,资金观望型,,D,回避：资金观望,-0.2
002213,大为股份,28.47,3.4,0.4,-26.3,6.72,142871940,50553946,110908393,-32575692,-21146126,68071375,缩量,中,主力惜售,进场,资金观望型,纯资金炒作(亏损风险),C,谨慎：纯资金炒作,26.2
002224,三 力 士,3.77,51.9,0.54,117.6,-3.62,-13351442,72145680,93859087,-1414013,-567721,2290174,放量,低,游资情绪,观望,资金观望型,,D,回避：资金观望,6.8
002215,诺 普 信,9.69,54.9,1.29,-12.6,-1.32,-16367057,12926061,-10272711,11337282,10301051,-10177401,放量,低,游资情绪,抢筹,资金观望型,机构吸筹+盈利(关注),C,谨慎：资金流入未验证业绩,47.6
002225,濮耐股份,3.53,-73.7,1.45,4.1,-6.61,-19714299,-34685608,-51044189,1096522,-1521065,-2707015,缩量,低,情绪退潮,观望,资金撤退型,,D,回避：资金撤退,-2.2
002219,新里程,2.11,-38.4,0.53,-30.6,8.6,69109180,51135031,-39714981,-3809984,-5347962,1319164,缩量,中,主力惜售,进场,资金观望型,资金+业绩共振(双击候选),B,关注：资金+业绩共振,86.9
002221,东华能源,5.53,-36.4,0.71,-21.7,-0.96,-4603347,10228298,48451643,9272585,11395335,-8254613,缩量,低,情绪退潮,吸筹,高位分歧型,纯资金炒作(亏损风险),C,谨慎：纯资金炒作,3.7
002226,江南化工,5.05,-48.4,1.1,-21.8,-3.36,-13897341,-57393698,-16848327,-2814431,-7282062,-313655,缩量,低,情绪退潮,观望,长线吸筹型,,D,回避：资金观望,-1.1
002218,拓日新能,4.29,149.5,0.48,267.7,10.66,360469442,357051792,337897595,-14490057,-17352631,14892897,放量,高,主力主导放量🔥(最强),进场,资金观望型,纯资金炒作(亏损风险),C,谨慎：纯资金炒作,35.6
002229,鸿博股份,10.96,-14.9,0.27,-31.6,-6.38,-80354774,-219183554,-55327720,11783858,691146,-26726709,缩量,低,情绪退潮,观望,长线吸筹型,,D,回避：资金观望,-2.1
002230,科大讯飞,38.34,-68.2,1.08,-26.6,-5.8,-205632393,-517109221,-993085776,-152727637,-111628105,148437994,缩量,低,情绪退潮,观望,资金撤退型,,D,回避：资金撤退,-1.9
002228,合兴包装,3.18,71.9,0.39,49.9,3.91,17232544,22934224,13577283,8305453,11040466,-2862003,放量,低,游资情绪,抢筹,趋势转多型,资金+业绩共振(双击候选),B,关注：资金+业绩共振,89.3
002234,民和股份,7.89,4.4,0.79,8.8,-4.45,-10389252,-13590293,-16346711,-1577342,-482765,-363012,缩量,低,情绪退潮,观望,资金撤退型,,D,回避：资金撤退,-1.5
002235,安妮股份,8.01,-67.6,1.11,-36.5,-4.27,-30603016,-98061315,-254926378,-3941071,-2614508,6439182,缩量,低,情绪退潮,观望,资金撤退型,,D,回避：资金撤退,-1.4
002238,天威视讯,6.28,7.8,0.88,-37.3,-2.67,-5137892,-2739247,-17544425,-1934740,-120384,3489254,缩量,低,情绪退潮,观望,资金观望型,,D,回避：资金观望,-0.9
002237,恒邦股份,13.68,-17.2,0.43,-54.6,-1.55,-22073792,-64604192,-277126932,-39738728,-19013701,22514375,缩量,低,情绪退潮,观望,资金撤退型,,D,回避：资金撤退,-0.5
002240,盛新锂能,27.15,-67.8,0.71,-56.6,-6.23,-183748641,-390064163,-680583821,16265780,7471775,-42124819,缩量,低,情绪退潮,观望,资金撤退型,,D,回避：资金撤退,-2.1
002232,启明信息,15.63,387.7,0.92,175.8,5.74,73511822,59026004,58378917,-11180883,-11746880,6241623,放量,中,主力偏强放量,进场,资金观望型,资金+业绩共振(双击候选),B,关注：资金+业绩共振,89.9
002236,大华股份,15.69,-78.5,0.98,-18.0,-5.15,-76355637,-258930450,-296614298,9839754,5959466,-1065125,缩量,低,情绪退潮,吸筹,资金撤退型,机构吸筹+盈利(关注),C,谨慎：资金流入未验证业绩,22.3
002244,滨江集团,7.78,-22.1,0.94,-39.0,1.03,10084073,-8518729,-104130603,-22112236,-35549229,11997434,缩量,低,情绪退潮,观望,资金观望型,,D,回避：资金观望,0.3
002233,塔牌集团,7.1,-19.7,0.88,3.6,10.9,39078476,64876096,55066674,14005546,6730112,-14938758,缩量,高,主力控盘,控盘,短线抢筹型,控盘+盈利(稳健),B,关注：控盘稳健+盈利,71.6
002243,力合科创,7.05,-66.1,1.13,-24.6,-9.75,-30787092,-29585660,-35479786,-4232177,245518,5081973,缩量,低,情绪退潮,观望,资金观望型,,D,回避：资金观望,-3.2
002245,蔚蓝锂芯,17.95,-66.8,1.61,-4.9,-0.23,-7908866,31687146,12257963,-61178892,-57674996,69816111,缩量,低,情绪退潮,观望,资金观望型,,D,回避：资金观望,-0.1
002246,北化股份,23.33,9.9,0.39,54.1,-3.38,-57964285,-185471761,-226674791,21903266,1799112,-16076644,缩量,低,情绪退潮,观望,资金撤退型,,D,回避：资金撤退,-1.1
002239,奥特佳,2.54,19.5,0.8,-3.0,-0.4,-2895780,-8597582,-54887638,24606388,19018207,-18081388,缩量,低,情绪退潮,吸筹,资金撤退型,机构吸筹+盈利(关注),C,谨慎：资金流入未验证业绩,23.9
002241,歌尔股份,22.28,-40.6,1.02,-47.1,-9.77,-523548121,-982250072,39400800,264938624,311122307,-160316218,缩量,低,情绪退潮,吸筹,长线吸筹型,机构吸筹+盈利(关注),C,谨慎：资金流入未验证业绩,20.7
002242,九阳股份,9.55,245.1,0.15,279.5,9.78,141746098,138832507,114769359,9391649,2427216,-14370579,放量,中,主力偏强放量,进场,资金观望型,资金+业绩共振(双击候选),B,关注：资金+业绩共振,91.3
002247,聚力文化,2.43,-12.7,0.94,-11.8,3.98,9379428,16371273,9262500,-2117397,673353,2648495,缩量,低,情绪退潮,观望,趋势转多型,,D,回避：资金观望,1.3
002250,联化科技,14.05,-71.7,1.64,-32.5,-4.7,-28344040,-75706065,-23929899,-7184791,-2603418,-826541,缩量,低,情绪退潮,观望,长线吸筹型,,D,回避：资金观望,-1.6
002249,大洋电机,6.31,-74.7,1.59,-23.9,-10.46,-75665086,-64892637,-145898789,-1844673,-510308,1014927,缩量,低,情绪退潮,观望,资金观望型,,D,回避：资金观望,-3.5
002253,川大智胜,9.8,-52.7,1.32,8.4,-3.36,-5498900,-18431878,-27445989,-1234910,467881,1923151,缩量,低,情绪退潮,观望,资金撤退型,,D,回避：资金撤退,-1.1
002254,泰和新材,12.44,-75.7,2.61,-19.0,-2.08,-17763975,-93687652,-91362642,-18021701,-12835854,19455288,缩量,低,情绪退潮,观望,资金观望型,,D,回避：资金观望,-0.7
002255,海陆重工,7.56,-76.7,0.96,-23.2,-2.98,-7956795,-30769279,-67169737,-3805931,-1796405,1035471,缩量,低,情绪退潮,观望,资金撤退型,,D,回避：资金撤退,-1.0
002256,兆新股份,3.2,-53.9,0.26,-6.5,-0.48,-2917901,-12168268,-54852312,-5146849,680393,10741546,缩量,低,情绪退潮,观望,资金撤退型,,D,回避：资金撤退,-0.2
002251,步步高,3.47,-42.5,1.52,37.3,0.25,4739784,5462556,-28326968,7867028,-6704820,-10863804,缩量,低,情绪退潮,进场,趋势转多型,资金+业绩共振(双击候选),B,关注：资金+业绩共振,72.1
002248,华东数控,9.71,393.2,0.52,-44.8,-4.03,-31849367,-63308174,-225844194,59760838,48129850,-58155859,放量,低,游资情绪,抢筹,资金撤退型,机构吸筹+盈利(关注),C,谨慎：资金流入未验证业绩,46.7
002252,上海莱士,4.9,-52.1,2.63,-21.0,9.45,77393851,79451932,118840665,-963369,-2215675,4106256,缩量,中,主力惜售,进场,均衡流入型,资金+业绩共振(双击候选),B,关注：资金+业绩共振,87.2
002258,利尔化学,15.06,-28.7,1.79,93.5,-1.98,-35984371,25469360,68115417,-13545566,-8469928,-7317509,缩量,低,情绪退潮,观望,资金观望型,,D,回避：资金观望,-0.7
002261,拓维信息,25.1,-80.6,0.41,-20.7,-6.72,-176600630,-213241246,-496063231,-14538488,-7692936,12427463,缩量,低,情绪退潮,观望,资金撤退型,,D,回避：资金撤退,-2.2
002262,恩华药业,21.73,-68.5,0.74,-49.0,-1.71,-8918365,-10563856,-66440700,-3376454,-1766323,-8190654,缩量,低,情绪退潮,观望,资金撤退型,,D,回避：资金撤退,-0.6
002264,新 华 都,7.17,148.2,0.91,196.7,2.32,35379377,242962648,242299678,-24762500,-22437729,17543848,放量,低,游资情绪,观望,趋势转多型,,D,回避：资金观望,8.8
002265,建设工业,20.2,75.1,1.02,100.1,-3.19,-94471382,-81770676,96973824,39267751,25260194,-34617034,放量,低,游资情绪,观望,高位分歧型,,D,回避：资金观望,6.9
002259,升达林业,4.13,-33.6,0.18,-36.6,-5.05,-12477089,-13369333,34645331,1495561,1786955,-261992,缩量,低,情绪退潮,吸筹,长线吸筹型,机构吸筹+盈利(关注),C,谨慎：资金流入未验证业绩,22.3
002263,大东南,3.23,-12.2,0.13,5.3,0.57,5306626,-1168337,-1441226,5656667,4941035,-15776,缩量,低,情绪退潮,吸筹,资金观望型,资金+业绩共振(双击候选),B,关注：资金+业绩共振,64.2
002270,华明装备,18.07,-70.5,0.97,-33.0,-8.29,-54319449,-71758693,-136982158,-394325,-2938844,624765,缩量,低,情绪退潮,观望,资金撤退型,,D,回避：资金撤退,-2.8
002274,华昌化工,5.88,32.2,0.87,9.0,-7.2,-76856109,-138134510,-18444383,-5280950,-984828,11066967,缩量,低,情绪退潮,观望,长线吸筹型,,D,回避：资金观望,-2.4
002271,东方雨虹,10.11,-56.4,0.7,-35.2,-7.24,-131889580,55767231,-189885929,8385215,7155219,-18026358,缩量,低,情绪退潮,观望,资金观望型,,D,回避：资金观望,-2.4
002272,川润股份,16.28,2.5,0.55,-21.8,3.4,87171711,54577547,173737415,-101595970,-76272397,54288815,缩量,低,情绪退潮,观望,资金观望型,,D,回避：资金观望,1.1
002273,水晶光电,24.57,-72.9,0.7,-28.9,-8.26,-278096934,-378934301,-726876345,-47165058,-45061943,40171140,缩量,低,情绪退潮,观望,资金撤退型,,D,回避：资金撤退,-2.8
002276,万马股份,9.98,-58.8,0.54,-4.3,-2.5,-12430898,-39146126,-65846682,-5823067,-6522528,3335675,缩量,低,情绪退潮,观望,资金撤退型,,D,回避：资金撤退,-0.8
002275,桂林三金,12.11,-63.7,1.55,-49.1,0.83,920049,1813759,-2141540,-1928656,0,1556665,缩量,低,情绪退潮,观望,趋势转多型,,D,回避：资金观望,0.3
002266,浙富控股,4.92,-12.7,2.25,-9.7,-2.44,-35902725,26007967,8631633,31540082,31439481,-19951818,缩量,低,情绪退潮,吸筹,资金观望型,机构吸筹+盈利(关注),C,谨慎：资金流入未验证业绩,23.2
002267,陕天然气,7.1,-2.1,0.86,31.4,-3.64,-16782268,-43920573,-72989318,724190,1131822,-492189,缩量,低,情绪退潮,吸筹,资金撤退型,机构吸筹+盈利(关注),C,谨慎：资金流入未验证业绩,22.8
002277,友阿股份,5.48,-13.4,1.2,-47.8,-12.13,-64892609,-69159753,-38140047,9257518,10913024,-13500882,缩量,低,情绪退潮,观望,资金观望型,,D,回避：资金观望,-4.0
002268,电科网安,14.7,58.4,1.22,94.5,-0.65,-11828931,-35231685,-67748951,37212026,20314332,-34798053,放量,低,游资情绪,抢筹,资金撤退型,机构吸筹+盈利(关注),C,谨慎：资金流入未验证业绩,47.8
002269,美邦服饰,1.41,-13.0,1.19,9.9,2.42,8158801,-12639858,-25338451,15183136,17025838,-8885350,缩量,低,情绪退潮,吸筹,资金观望型,纯资金炒作(亏损风险),C,谨慎：纯资金炒作,4.8
002278,神开股份,7.82,-39.7,0.29,-17.9,-5.56,-23759795,-43807504,3235770,-4827218,-1376500,9156990,缩量,低,情绪退潮,观望,长线吸筹型,,D,回避：资金观望,-1.9
002279,久其软件,6.73,-32.9,1.64,12.6,2.66,47913260,-35774889,49370384,-5971463,-6023280,6868791,缩量,低,情绪退潮,观望,资金观望型,,D,回避：资金观望,0.9
002281,光迅科技,191.22,21.2,0.91,24.9,1.57,507256539,1952538782,2130911674,-863796953,-945905763,772733692,缩量,低,情绪退潮,观望,均衡流入型,,D,回避：资金观望,0.5
002282,博深股份,5.99,-28.0,0.74,-36.6,-1.0,-933554,-9488756,-21514555,280856,0,1171612,缩量,低,情绪退潮,观望,资金撤退型,,D,回避：资金撤退,-0.3
002284,亚太股份,9.69,18.6,0.99,-27.2,-10.97,-91816998,-108424997,4768540,12201843,6278743,1626410,缩量,低,情绪退潮,观望,长线吸筹型,,D,回避：资金观望,-3.7
002287,奇正藏药,19.27,-75.5,1.72,-35.7,-0.6,-718002,-4788484,-10319457,-240198,0,-245748,缩量,低,情绪退潮,观望,资金撤退型,,D,回避：资金撤退,-0.2
002290,禾盛新材,64.5,-36.3,0.75,15.9,0.77,13939750,142014277,291365176,-32466835,-24651753,46277422,缩量,低,情绪退潮,观望,均衡流入型,,D,回避：资金观望,0.3
002286,保龄宝,7.71,58.5,0.58,174.0,-5.26,-41845254,30949774,28303633,3659721,2837980,-5691778,放量,低,游资情绪,观望,资金观望型,,D,回避：资金观望,6.2
002291,遥望科技,5.52,-19.1,1.09,-36.9,0.83,5352239,-102540093,26625549,-2793229,-5786543,-9020549,缩量,低,情绪退潮,观望,长线吸筹型,,D,回避：资金观望,0.3
002289,宇顺电子,36.36,-36.6,2.16,4.9,-1.14,-9083318,-39971816,-42795749,-342083,-1242616,-2375652,缩量,低,情绪退潮,观望,资金撤退型,,D,回避：资金撤退,-0.4
002293,罗莱生活,10.87,-74.8,0.52,-49.6,-10.58,-16562798,-26020434,-32842698,-2894501,-1113911,3044693,缩量,低,情绪退潮,观望,资金撤退型,,D,回避：资金撤退,-3.5
002294,信立泰,30.19,-80.8,1.8,-28.3,-8.46,-125296758,-186064446,-380273532,16454638,13311442,4727469,缩量,低,情绪退潮,观望,资金撤退型,,D,回避：资金撤退,-2.8
002295,精艺股份,9.72,718.2,0.74,62.9,-7.66,-87278966,-40617226,40965778,-19607459,-9473090,35311467,放量,低,游资情绪,观望,高位分歧型,,D,回避：资金观望,5.4
002285,世联行,2.63,297.8,0.51,33.6,8.66,94781135,248438700,274695519,5895338,11065276,-6690895,放量,中,主力偏强放量,吸筹,主力强攻型,纯资金炒作(亏损风险),C,谨慎：纯资金炒作,22.9
002283,天润工业,8.19,-28.1,0.93,-2.1,1.65,11403821,2059564,-21775758,5958376,1211937,-21923543,缩量,低,情绪退潮,进场,资金观望型,资金+业绩共振(双击候选),B,关注：资金+业绩共振,72.5
002297,博云新材,21.79,40.8,0.36,190.4,0.83,119732982,673334039,940208378,-157203654,-122046987,197673689,缩量,低,情绪退潮,观望,均衡流入型,,D,回避：资金观望,0.3
002299,圣农发展,15.69,58.7,1.0,16.1,-1.34,-13156690,-32251624,-107054146,-2788885,-11597072,-41681961,放量,低,游资情绪,观望,资金撤退型,,D,回避：资金撤退,7.6
002292,奥飞娱乐,8.63,-33.3,2.29,-12.9,-3.85,-52330022,-29796802,-69983287,6215965,8597909,-6615789,缩量,低,情绪退潮,吸筹,资金观望型,机构吸筹+盈利(关注),C,谨慎：资金流入未验证业绩,22.7
002298,中电鑫龙,8.18,-31.0,1.24,28.2,-0.37,-6256138,-82398786,-87694532,-8442943,-2612436,18288496,缩量,低,情绪退潮,观望,资金撤退型,,D,回避：资金撤退,-0.1
002296,辉煌科技,9.09,5.3,0.8,64.8,-3.38,-25639029,-40376027,-27839853,6520386,4235860,-2835832,缩量,低,情绪退潮,吸筹,资金观望型,机构吸筹+盈利(关注),C,谨慎：资金流入未验证业绩,22.9
002301,齐心集团,7.7,-56.1,1.0,-33.7,-4.05,-12498926,-32380516,-19861566,-1795410,-1903127,-1987478,缩量,低,情绪退潮,观望,资金观望型,,D,回避：资金观望,-1.3
002302,西部建设,4.63,-49.9,0.74,-18.6,-6.32,-6556364,-7006656,-6621103,1022642,608580,-627270,缩量,低,情绪退潮,观望,资金观望型,,D,回避：资金观望,-2.1
002309,中利集团,2.91,-46.7,0.31,6.0,-1.28,-17933362,-29276027,-65864823,-4039438,-7912233,11394266,缩量,低,情绪退潮,观望,资金撤退型,,D,回避：资金撤退,-0.4
002304,洋河股份,37.95,-76.6,1.55,-19.4,-3.3,-16791020,-25115108,-64634983,123683,2344623,604597,缩量,低,情绪退潮,观望,资金撤退型,,D,回避：资金撤退,-1.1
002300,太阳电缆,7.88,175.7,0.28,281.4,5.18,118433262,198280256,357765551,-47625128,-53300018,83313284,放量,中,主力偏强放量,进场,主力强攻型,资金+业绩共振(双击候选),B,关注：资金+业绩共振,89.7
002315,焦点科技,24.16,-61.4,0.57,-7.5,-7.62,-39241358,-26493404,-22211925,-144374,785478,679415,缩量,低,情绪退潮,观望,资金观望型,,D,回避：资金观望,-2.5
002303,美盈森,5.56,45.1,7.68,29.2,1.35,27677303,124405406,198345544,2450806,-30748370,-17693800,缩量,低,情绪退潮,进场,均衡流入型,资金+业绩共振(双击候选),B,关注：资金+业绩共振,72.5
002313,日海智能,8.24,-62.0,0.77,-65.4,-4.69,-10940893,-12060332,29675934,-1979807,-528235,1554222,缩量,低,情绪退潮,观望,长线吸筹型,,D,回避：资金观望,-1.6
002307,北新路桥,2.96,-28.4,0.69,16.2,1.54,4264286,-13701800,-15704950,3376762,436934,-6046905,缩量,低,情绪退潮,进场,资金观望型,纯资金炒作(亏损风险),C,谨慎：纯资金炒作,12.5
002316,亚联发展,4.38,11.6,1.07,80.4,0.39,2143746,1630541,2105177,-377042,1138601,2598039,缩量,低,情绪退潮,观望,资金观望型,,D,回避：资金观望,0.1
002310,东方新能,2.3,-44.1,0.54,48.1,6.33,76122024,60412692,49344939,-4001259,-2978267,3989748,缩量,中,主力惜售,进场,资金观望型,纯资金炒作(亏损风险),C,谨慎：纯资金炒作,26.1
002317,众生药业,24.64,-83.2,3.86,-26.7,0.87,17468017,101494813,-17746345,-20399103,-7166155,17029924,缩量,低,情绪退潮,观望,趋势转多型,,D,回避：资金观望,0.3
002311,海大集团,42.15,-47.0,1.49,-9.6,3.37,51321031,-5421517,-171024742,3356693,-2885095,13597468,缩量,低,情绪退潮,进场,资金观望型,资金+业绩共振(双击候选),B,关注：资金+业绩共振,73.1
002320,海峡股份,6.67,161.2,1.17,74.4,-1.95,-42145907,130433971,235671136,-8285666,-2925743,17891617,放量,低,游资情绪,观望,资金观望型,,D,回避：资金观望,7.3
002318,久立特材,17.91,-72.5,1.24,-21.9,-3.47,-17219209,-45471066,-13494555,2200854,46257,-5893794,缩量,低,情绪退潮,观望,资金观望型,,D,回避：资金观望,-1.2
002319,乐通股份,9.99,-42.2,1.91,-16.0,-9.41,-33280640,-60527084,-112587661,-5105026,-9412144,1883441,缩量,低,情绪退潮,观望,资金撤退型,,D,回避：资金撤退,-3.1
002322,理工能科,11.84,-6.4,0.27,-63.2,-6.49,-14354739,-38664801,-94204219,2058313,466990,-3730418,缩量,低,情绪退潮,观望,资金撤退型,,D,回避：资金撤退,-2.2
002312,川发龙蟒,8.5,-11.9,0.62,152.2,-5.69,-107571502,-28583809,-72107035,-1508838,3404742,-1449919,缩量,低,情绪退潮,吸筹,资金观望型,机构吸筹+盈利(关注),C,谨慎：资金流入未验证业绩,22.1
002314,南山控股,2.2,-16.7,0.36,-18.9,5.95,11877037,10857748,-979192,999151,257315,-2191729,缩量,中,主力惜售,进场,资金观望型,纯资金炒作(亏损风险),C,谨慎：纯资金炒作,26.0
002324,普利特,9.12,-33.1,0.23,42.6,-3.96,-35224316,21446567,63706044,-9052797,742964,15761106,缩量,低,情绪退潮,观望,资金观望型,,D,回避：资金观望,-1.3
002321,华英农业,2.18,124.5,0.61,50.1,1.7,6984944,-9772364,-36354028,38423943,45816417,-14267244,放量,低,游资情绪,抢筹,资金观望型,纯资金炒作(亏损风险),C,谨慎：纯资金炒作,28.6
002327,富安娜,6.09,-38.9,0.53,-31.7,0.37,441627,-1534507,8413210,-76059,-796785,2824063,缩量,低,情绪退潮,观望,长线吸筹型,,D,回避：资金观望,0.1
002329,皇氏集团,3.65,-52.9,1.41,-49.8,-0.04,-210704,-18716728,-122471129,4463466,2767426,-6585908,缩量,低,情绪退潮,观望,资金撤退型,,D,回避：资金撤退,-0.0
002331,皖通科技,6.68,-32.7,0.21,-34.2,-1.2,-2745836,-9207721,-21068586,-5207568,15060,7797109,缩量,低,情绪退潮,观望,资金撤退型,,D,回避：资金撤退,-0.4
002328,新朋股份,8.05,35.1,0.13,14.5,-9.57,-148887860,-221686991,78667762,-180131,-13982173,-11507776,缩量,低,情绪退潮,观望,长线吸筹型,,D,回避：资金观望,-3.2
002333,罗普斯金,5.29,66.3,0.18,-67.9,0.64,1446290,-17157869,-141658236,-3217745,-9185925,-1033251,放量,低,游资情绪,观望,资金观望型,,D,回避：资金观望,8.2
002332,仙琚制药,8.54,-51.7,1.14,-45.3,-0.4,-1388624,-15783112,-41770575,-6304383,-1190906,7650723,缩量,低,情绪退潮,观望,资金撤退型,,D,回避：资金撤退,-0.1
002335,科华数据,29.1,-72.9,0.43,-6.8,-4.56,-73827156,-97223849,-274851916,-15291986,-9756318,5214908,缩量,低,情绪退潮,观望,资金撤退型,,D,回避：资金撤退,-1.5
002337,赛象科技,4.67,-14.8,0.82,0.9,-0.56,-1020851,-9901903,-21116877,4004,-1371402,124906,缩量,低,情绪退潮,观望,资金撤退型,,D,回避：资金撤退,-0.2
002326,永太科技,17.2,-85.3,0.99,-47.0,-8.63,-101829871,-120847128,-493902864,-2790961,2889915,-671684,缩量,低,情绪退潮,吸筹,资金撤退型,纯资金炒作(亏损风险),C,谨慎：纯资金炒作,1.1
002338,奥普光电,41.37,-68.1,0.39,-26.6,-1.41,-8563132,-27161383,-22051930,-163244,-4733554,7500366,缩量,低,情绪退潮,观望,资金观望型,,D,回避：资金观望,-0.5
002340,格林美,6.17,-67.6,0.61,-33.3,-9.47,-140017990,-241312487,-519222135,-27508440,-20348979,29031021,缩量,低,情绪退潮,观望,资金撤退型,,D,回避：资金撤退,-3.2
002330,得利斯,4.06,2.0,0.79,16.8,0.59,1297706,-3364932,2356967,497754,-1390504,185049,缩量,低,情绪退潮,进场,资金观望型,纯资金炒作(亏损风险),C,谨慎：纯资金炒作,12.2
002334,英威腾,6.55,-60.9,0.33,15.9,1.22,4432233,-2217474,-16596023,1485253,295875,-3999567,缩量,低,情绪退潮,进场,资金观望型,资金+业绩共振(双击候选),B,关注：资金+业绩共振,72.4
002342,巨力索具,7.75,-76.6,0.2,44.9,1.3,21113069,45483023,48308538,-7127466,-5051223,13323404,缩量,低,情绪退潮,观望,均衡流入型,,D,回避：资金观望,0.4
002343,慈文传媒,5.63,34.3,1.15,159.9,-2.45,-17656602,77860402,67609669,-1651348,-1889307,4401141,缩量,低,情绪退潮,观望,资金观望型,,D,回避：资金观望,-0.8
002344,海宁皮城,3.99,-18.5,0.79,-5.6,-3.6,-8072700,-19618926,-41345966,-1379291,503937,-1239133,缩量,低,情绪退潮,观望,资金撤退型,,D,回避：资金撤退,-1.2
002345,潮宏基,8.84,-74.1,1.54,-44.4,-3.17,-14992304,-45256914,-59753214,-6097172,-6312211,1135648,缩量,低,情绪退潮,观望,资金撤退型,,D,回避：资金撤退,-1.1
002339,积成电子,8.23,258.2,0.59,80.4,-1.51,-18680030,-47812884,-47267736,126648565,131940125,-73125028,放量,低,游资情绪,抢筹,资金观望型,机构吸筹+盈利(关注),C,谨慎：资金流入未验证业绩,47.5
002347,泰尔股份,5.88,-32.2,0.46,-23.5,-4.8,-13325162,-36011962,-43465844,4074093,1734204,-3561771,缩量,低,情绪退潮,观望,资金撤退型,,D,回避：资金撤退,-1.6
002350,北京科锐,14.69,-68.8,0.89,-16.0,-2.21,-10250133,-41160910,34006062,2405658,-4080036,-7389577,缩量,低,情绪退潮,观望,长线吸筹型,,D,回避：资金观望,-0.7
002351,漫步者,9.84,-43.8,1.57,-35.3,-3.51,-7688311,-26179223,-11233041,2275120,1279703,-2244696,缩量,低,情绪退潮,观望,长线吸筹型,,D,回避：资金观望,-1.2
002352,顺丰控股,30.75,-32.8,1.42,-33.7,-2.02,-48844856,-239991522,-388818768,54012953,37189704,-54277681,缩量,低,情绪退潮,观望,资金撤退型,,D,回避：资金撤退,-0.7
002353,杰瑞股份,121.4,-32.3,1.29,-2.0,-3.25,-288495903,114493524,-254994336,90257184,-547731,-132812983,缩量,低,情绪退潮,观望,资金观望型,,D,回避：资金观望,-1.1
002354,天娱数科,7.61,-56.0,9.85,17.0,-1.09,-78306096,57941141,-195882565,-47278135,-32480349,51119779,缩量,低,情绪退潮,观望,资金观望型,,D,回避：资金观望,-0.4
002348,高乐股份,10.54,-51.0,1.19,1.7,2.2,20072918,9026230,-4661422,2220265,4385957,4249600,缩量,低,情绪退潮,进场,资金观望型,纯资金炒作(亏损风险),C,谨慎：纯资金炒作,12.7
002355,兴民智通,4.76,-31.6,0.75,-27.4,4.39,12293532,-7403185,3779821,-2765269,-765900,4603305,缩量,低,情绪退潮,观望,资金观望型,,D,回避：资金观望,1.5
002346,柘中股份,18.48,0.9,2.32,-21.6,6.02,74741006,71456235,-99329235,4733583,-4087544,-14014974,缩量,中,主力惜售,进场,资金观望型,资金+业绩共振(双击候选),B,关注：资金+业绩共振,86.0
002349,精华制药,8.03,622.7,0.81,107.5,2.27,91503776,357749601,599775975,19786868,-4631681,-16116075,放量,低,游资情绪,进场,主力建仓型,资金+业绩共振(双击候选),B,关注：资金+业绩共振,80.8
002358,森源电气,5.26,-47.6,0.54,12.7,-4.89,-18121232,-17704020,-27028164,-2708224,-719242,389002,缩量,低,情绪退潮,观望,资金观望型,,D,回避：资金观望,-1.6
002364,中恒电气,35.54,-68.4,0.48,-17.2,-1.72,-60825773,86174496,-418484776,-68812503,-45223661,78747575,缩量,低,情绪退潮,观望,资金观望型,,D,回避：资金观望,-0.6
002361,神剑股份,10.05,-53.7,0.18,-10.1,1.68,55150402,-31033013,-94391540,-68968373,-39941400,64741706,缩量,低,情绪退潮,观望,资金观望型,,D,回避：资金观望,0.6
002365,永安药业,13.8,-14.6,3.4,-42.9,-10.87,-176260427,-141337785,97542096,-1769181,2767479,22427272,缩量,低,情绪退潮,观望,高位分歧型,,D,回避：资金观望,-3.6
002356,鹏飞绿能,2.72,-27.8,0.58,-0.4,-4.33,-10752745,-14039495,-6704995,2970142,2831512,-1497936,缩量,低,情绪退潮,吸筹,资金观望型,机构吸筹+盈利(关注),C,谨慎：资金流入未验证业绩,22.6
002363,隆基机械,6.79,-26.9,0.43,-25.1,-3.0,-4923331,-4629305,-7334245,-1086823,0,2495134,缩量,低,情绪退潮,观望,资金观望型,,D,回避：资金观望,-1.0
002366,融发核电,5.62,-67.4,1.47,-36.5,-8.7,-76799311,-63336483,64118734,-11368875,-9494260,17230926,缩量,低,情绪退潮,观望,长线吸筹型,,D,回避：资金观望,-2.9
002357,富临运业,11.91,6.9,0.67,81.7,-0.73,-4801835,96464532,89477669,3151644,3777416,-1904576,缩量,低,情绪退潮,吸筹,资金观望型,机构吸筹+盈利(关注),C,谨慎：资金流入未验证业绩,23.8
002367,康力电梯,5.59,-36.2,1.95,-31.6,-3.31,-10253000,-14854902,-5844709,-1461378,-4609128,-863101,缩量,低,情绪退潮,观望,资金观望型,,D,回避：资金观望,-1.1
002368,太极股份,13.21,-57.7,1.3,-0.3,-1.09,-5681372,-24822364,-27257356,-6372261,-3468573,3496047,缩量,低,情绪退潮,观望,资金撤退型,,D,回避：资金撤退,-0.4
002362,汉王科技,16.6,202.0,1.29,88.2,6.86,76433860,62874313,65228594,-17682751,-10579683,16521816,放量,中,主力偏强放量,进场,资金观望型,纯资金炒作(亏损风险),C,谨慎：纯资金炒作,30.3
002370,亚太药业,5.18,-60.5,0.61,14.1,-6.0,-20210621,31218176,-10059579,4688770,1249608,-10550554,缩量,低,情绪退潮,观望,资金观望型,,D,回避：资金观望,-2.0
002369,卓翼科技,5.68,-54.6,1.32,-63.5,-3.73,-10006276,-41765106,-20777092,-1806204,-2099088,2912051,缩量,低,情绪退潮,观望,长线吸筹型,,D,回避：资金观望,-1.2
002372,伟星新材,8.04,-66.8,1.57,-44.9,-7.86,-21499594,-31716757,-41022933,-2515514,-883300,2981884,缩量,低,情绪退潮,观望,资金撤退型,,D,回避：资金撤退,-2.6
002373,千方科技,7.36,-61.8,0.66,-34.2,-0.84,-3207684,-4298073,23868032,-582198,-697867,-528609,缩量,低,情绪退潮,观望,长线吸筹型,,D,回避：资金观望,-0.3
002374,中锐股份,3.05,-43.5,1.08,-8.7,-4.17,-9455709,-22992759,-48443060,-1341418,-3850423,2903265,缩量,低,情绪退潮,观望,资金撤退型,,D,回避：资金撤退,-1.4
002376,新北洋,6.52,-32.7,0.79,-38.5,-4.7,-10519019,-17902997,-23077943,4164982,1262262,-6990559,缩量,低,情绪退潮,观望,资金撤退型,,D,回避：资金撤退,-1.6
002378,章源钨业,23.55,-55.2,0.54,-14.2,0.9,35548491,-60150657,-261972227,-24506881,-13732610,43391457,缩量,低,情绪退潮,观望,资金观望型,,D,回避：资金观望,0.3
002371,北方华创,665.5,-57.0,1.64,-13.5,4.1,920925953,1210031121,-1994601500,203677796,69836925,-303794,缩量,低,情绪退潮,吸筹,趋势转多型,资金+业绩共振(双击候选),B,关注：资金+业绩共振,65.4
002377,国创高新,3.16,276.4,0.47,441.3,-4.19,-100296949,1839540,-20566202,-11869515,-3842634,10693972,放量,低,游资情绪,观望,资金观望型,,D,回避：资金观望,6.6
002379,宏桥控股,17.15,-68.9,2.41,-23.3,-2.41,-59380533,153047590,-245694436,-10487293,948962,1988181,缩量,低,情绪退潮,观望,资金观望型,,D,回避：资金观望,-0.8
002380,科远智慧,26.33,-64.0,0.67,-13.7,-0.87,-3457074,17126451,45728402,4045294,3065688,3109789,缩量,低,情绪退潮,观望,高位分歧型,,D,回避：资金观望,-0.3
002382,蓝帆医疗,5.87,-69.5,0.59,-33.9,-7.44,-17955274,-21055365,-21105412,793388,747836,3798530,缩量,低,情绪退潮,观望,资金撤退型,,D,回避：资金撤退,-2.5
002375,亚厦股份,3.78,-29.3,0.39,-34.5,2.85,5831915,-342598,40752059,1798594,1510659,-1761493,缩量,低,情绪退潮,进场,资金观望型,资金+业绩共振(双击候选),B,关注：资金+业绩共振,73.0
002386,天原股份,5.82,-49.6,0.35,-16.3,2.29,10758710,1567874,-35742713,-7709922,-8726975,-1876779,缩量,低,情绪退潮,观望,资金观望型,,D,回避：资金观望,0.8
002385,大北农,3.2,46.4,0.84,0.4,-6.55,-108847522,-47841842,19634233,-14659104,-26930770,14114714,缩量,低,情绪退潮,观望,资金观望型,,D,回避：资金观望,-2.2
002381,双箭股份,5.49,-9.2,0.79,10.5,0.21,273012,96632,1466266,686412,0,-2342375,缩量,低,情绪退潮,进场,资金观望型,资金+业绩共振(双击候选),B,关注：资金+业绩共振,72.1
002387,维信诺,6.88,-71.7,2.43,-56.4,-3.51,-8678090,-6541436,-17222944,949609,869870,-2240267,缩量,低,情绪退潮,观望,资金观望型,,D,回避：资金观望,-1.2
002389,航天彩虹,18.65,-1.3,0.84,56.6,-5.49,-127447812,-78508995,-86166717,-72210380,-49389516,81286575,缩量,低,情绪退潮,观望,资金观望型,,D,回避：资金观望,-1.8
002384,东山精密,193.53,-48.3,1.21,8.5,-3.08,-1750586710,1377552465,-2580526265,564518618,610304143,-242823611,缩量,低,情绪退潮,吸筹,资金观望型,机构吸筹+盈利(关注),C,谨慎：资金流入未验证业绩,23.0
002383,合众思壮,7.86,404.8,0.4,287.5,9.7,193352393,294270389,281815343,-18414007,-36680586,12937548,放量,中,主力偏强放量,进场,短线抢筹型,纯资金炒作(亏损风险),C,谨慎：纯资金炒作,31.2
002392,北京利尔,7.62,-73.1,0.44,-24.4,-8.18,-27738222,-68853500,-48254956,-7428217,-2445470,5663109,缩量,低,情绪退潮,观望,资金观望型,,D,回避：资金观望,-2.7
002393,力生制药,13.45,-73.9,0.54,-39.6,-6.27,-7107182,-14115131,-2872830,-994579,-1248199,164324,缩量,低,情绪退潮,观望,长线吸筹型,,D,回避：资金观望,-2.1
002388,新亚制程,7.03,145.6,2.79,-28.4,7.23,78880715,79951234,183446803,17051586,484985,-29571496,放量,中,主力偏强放量,进场,均衡流入型,纯资金炒作(亏损风险),C,谨慎：纯资金炒作,30.4
002395,双象股份,12.38,-17.4,0.41,-33.1,-4.0,-8431408,-14937091,11138329,-1739917,242038,1128881,缩量,低,情绪退潮,观望,长线吸筹型,,D,回避：资金观望,-1.3
002397,梦洁股份,3.72,-10.6,0.5,2.6,-8.79,-28043460,-3364799,-10630877,6690880,3385422,-3551424,缩量,低,情绪退潮,观望,资金观望型,,D,回避：资金观望,-2.9
002399,海普瑞,9.48,-67.8,1.79,-64.2,0.55,692156,-5851033,4608046,-1067503,0,642067,缩量,低,情绪退潮,观望,长线吸筹型,,D,回避：资金观望,0.2
002390,信邦制药,2.94,-36.7,0.99,-31.4,4.48,14227489,-2826036,38705012,5993022,3796343,-3747681,缩量,低,情绪退潮,吸筹,资金观望型,资金+业绩共振(双击候选),B,关注：资金+业绩共振,65.5
002391,长青股份,5.23,-39.1,0.33,-25.0,1.83,2729945,-4338545,-3579253,3305897,1154357,-4613234,缩量,低,情绪退潮,进场,资金观望型,资金+业绩共振(双击候选),B,关注：资金+业绩共振,72.6
002401,中远海科,12.09,-34.4,1.06,13.8,-0.09,-157756,5285785,4762832,233254,-683064,724474,缩量,低,情绪退潮,观望,资金观望型,,D,回避：资金观望,-0.0
002402,和而泰,18.43,-76.0,1.22,-14.4,-1.88,-29796944,-197460952,-321764968,-29499227,-28799093,13798984,缩量,低,情绪退潮,观望,资金撤退型,,D,回避：资金撤退,-0.6
002394,联发股份,10.5,-43.4,0.6,-38.4,3.28,9719768,-2499624,46221470,-2540113,1909075,-437366,缩量,低,情绪退潮,吸筹,资金观望型,资金+业绩共振(双击候选),B,关注：资金+业绩共振,65.1
002396,星网锐捷,38.2,36.0,4.18,-5.2,5.2,893086983,221324029,2071624459,-199868443,-185076651,230952813,缩量,中,主力惜售,进场,资金观望型,资金+业绩共振(双击候选),B,关注：资金+业绩共振,85.7
002403,爱仕达,9.64,212.9,1.26,1067.0,-3.03,-46313629,139546882,131564122,-7748029,-10704457,1222749,放量,低,游资情绪,观望,资金观望型,,D,回避：资金观望,7.0
002404,嘉欣丝绸,5.74,-47.3,1.12,-14.4,-6.38,-11699206,-17605052,-26288371,820538,-494786,-2874237,缩量,低,情绪退潮,观望,资金撤退型,,D,回避：资金撤退,-2.1
002398,垒知集团,4.19,-18.7,0.97,-0.4,1.79,4018760,13885099,3406684,2193990,-1315478,-428163,缩量,低,情绪退潮,进场,趋势转多型,资金+业绩共振(双击候选),B,关注：资金+业绩共振,72.6
002405,四维图新,5.93,-54.1,0.77,-6.0,0.11,808086,20619257,42387642,-20460512,-20681500,8192706,缩量,低,情绪退潮,观望,均衡流入型,,D,回避：资金观望,0.0
002400,省广集团,6.54,-33.4,0.59,-13.9,-3.1,-48537985,-194535855,-296414416,39687267,44120502,-28571010,缩量,低,情绪退潮,吸筹,资金撤退型,机构吸筹+盈利(关注),C,谨慎：资金流入未验证业绩,23.0
002406,远东传动,6.53,-51.1,0.67,-15.0,-4.6,-11695998,-23110252,-24699977,5270758,592815,-1571063,缩量,低,情绪退潮,观望,资金撤退型,,D,回避：资金撤退,-1.5
002409,雅克科技,134.69,-66.5,6.79,-11.7,0.81,88074021,295412204,-909865903,-83241390,-40874323,51975374,缩量,低,情绪退潮,观望,趋势转多型,,D,回避：资金观望,0.3
002407,多氟多,32.59,-70.4,1.6,-45.4,-3.89,-384384401,-971166976,-2984975589,-149839338,-114656109,149739067,缩量,低,情绪退潮,观望,资金撤退型,,D,回避：资金撤退,-1.3
002412,汉森制药,8.86,100.5,4.6,-61.6,-9.45,-153601854,-302984591,-803517588,35492153,13300032,-49079647,放量,低,游资情绪,观望,资金撤退型,,D,回避：资金撤退,4.8
002410,广联达,8.43,-54.4,0.63,-12.3,-0.39,-2928968,-18995737,1701137,-3239622,-3766789,4029344,缩量,低,情绪退潮,观望,资金观望型,,D,回避：资金观望,-0.1
002413,雷科防务,8.13,-43.0,0.2,40.3,0.63,15165412,-28522559,-121277235,-30415231,-20222928,39361330,缩量,低,情绪退潮,观望,资金观望型,,D,回避：资金观望,0.2
002408,齐翔腾达,5.4,-42.6,0.49,-24.1,3.52,21474095,10143495,-106834970,3152147,-369166,-2604082,缩量,低,情绪退潮,进场,资金观望型,纯资金炒作(亏损风险),C,谨慎：纯资金炒作,13.2
002414,高德红外,12.16,-77.7,0.91,-43.6,-7.07,-154773436,-383632718,-199799072,-40241183,-21269061,41056299,缩量,低,情绪退潮,观望,长线吸筹型,,D,回避：资金观望,-2.4
002418,康盛股份,4.63,167.6,0.09,-35.8,-5.53,-141102167,-446188612,-228090751,-51033600,-37977204,64168384,放量,低,游资情绪,观望,资金观望型,,D,回避：资金观望,6.2
002420,毅昌科技,6.03,-30.0,0.85,-11.0,-1.39,-3356967,-320720,5730872,-642697,-1904636,1585289,缩量,低,情绪退潮,观望,资金观望型,,D,回避：资金观望,-0.5
002416,爱施德,9.01,-62.4,0.29,-23.4,-11.78,-60189058,-65966694,-86004496,2841288,1268701,2879302,缩量,低,情绪退潮,观望,资金撤退型,,D,回避：资金撤退,-3.9
002419,天虹股份,4.59,9.9,0.39,20.1,-2.38,-7596263,-3261092,19541799,-1447974,-2663932,-791214,缩量,低,情绪退潮,观望,长线吸筹型,,D,回避：资金观望,-0.8
002421,达实智能,3.14,-71.2,3.08,-42.3,-0.27,-3173983,-101114039,-94203968,-14412272,-10558739,15683683,缩量,低,情绪退潮,观望,资金观望型,,D,回避：资金观望,-0.1
002423,中粮资本,9.16,-48.1,1.74,-54.7,-0.49,-3439255,-27350872,-54996464,-4969214,-2371914,1480231,缩量,低,情绪退潮,观望,资金撤退型,,D,回避：资金撤退,-0.2
002422,科伦药业,40.02,-78.8,3.64,-52.1,0.3,7874792,-90020862,-567615315,-41907974,-11202085,46453744,缩量,低,情绪退潮,观望,资金观望型,,D,回避：资金观望,0.1
002425,凯撒文化,3.1,-21.1,2.27,-22.9,-0.62,-2614579,-31497130,22156363,693887,-1441147,-4574135,缩量,低,情绪退潮,观望,长线吸筹型,,D,回避：资金观望,-0.2
002426,胜利精密,2.6,-70.1,0.61,-16.9,-5.78,-37567157,-66273626,-104957605,-14891556,-12796501,16546771,缩量,低,情绪退潮,观望,资金撤退型,,D,回避：资金撤退,-1.9
002427,尤夫股份,4.59,-56.6,1.13,-64.5,-3.08,-9177017,-28552197,142070155,1385322,1653530,1012662,缩量,低,情绪退潮,观望,长线吸筹型,,D,回避：资金观望,-1.0
002415,海康威视,32.45,-72.8,1.67,1.0,-10.0,-574438470,-2184674591,-2381648614,44921652,28144615,-4208570,缩量,低,情绪退潮,吸筹,资金撤退型,机构吸筹+盈利(关注),C,谨慎：资金流入未验证业绩,20.7
002429,兆驰股份,8.04,-63.4,0.43,-32.8,1.72,30216214,-11019660,-10505583,-37725731,-43357106,10015536,缩量,低,情绪退潮,观望,资金观望型,,D,回避：资金观望,0.6
002430,杭氧股份,25.27,-64.3,0.7,-34.5,-9.11,-180549773,-319789952,-239133089,-10650928,-8529037,15056881,缩量,低,情绪退潮,观望,资金观望型,,D,回避：资金观望,-3.0
002432,九安医疗,60.41,-70.6,0.87,-10.1,-4.2,-168413304,-138203510,-24768394,64139330,54940427,-71691842,缩量,低,情绪退潮,观望,资金观望型,,D,回避：资金观望,-1.4
002436,兴森科技,41.2,-9.2,1.19,77.8,3.86,1089829394,2385164785,2703584164,-114753378,-109929769,64649721,缩量,低,情绪退潮,观望,主力建仓型,,D,回避：资金观望,1.3
002434,万里扬,5.66,-67.5,0.64,15.9,-1.76,-5963549,-23361855,-45351711,-720733,-168297,1095995,缩量,低,情绪退潮,观望,资金撤退型,,D,回避：资金撤退,-0.6
002437,誉衡药业,3.43,217.8,0.6,-60.1,-9.69,-387888120,-1056585437,-158277240,136011033,96155499,-159730178,放量,低,游资情绪,观望,长线吸筹型,,D,回避：资金观望,4.8
002438,江苏神通,13.23,-71.9,0.85,44.2,-8.88,-22717860,-51163873,-98977454,-6085258,-1786259,2828855,缩量,低,情绪退潮,观望,资金撤退型,,D,回避：资金撤退,-3.0
002428,云南锗业,92.94,13.1,0.66,-20.8,1.24,293450817,10934026,-1473775145,78689076,21797102,-388194415,缩量,低,情绪退潮,进场,资金观望型,资金+业绩共振(双击候选),B,关注：资金+业绩共振,72.4
002439,启明星辰,13.59,-38.2,0.73,54.1,-2.96,-69267214,-90106623,-167479717,30542605,15945543,-23046662,缩量,低,情绪退潮,观望,资金撤退型,,D,回避：资金撤退,-1.0
002442,龙星科技,5.74,572.3,1.43,93.5,2.03,16993411,20184100,-1418006,-33362076,-17139948,-21625638,放量,低,游资情绪,观望,趋势转多型,,D,回避：资金观望,8.7
002441,众业达,8.09,-44.6,0.48,-29.7,-1.4,-2394171,-7806572,-277765,-1436685,-59734,-984164,缩量,低,情绪退潮,观望,资金观望型,,D,回避：资金观望,-0.5
002443,金洲管道,12.45,277.5,0.32,49.5,-1.11,-23223545,3074219,58435642,-25753129,-34239423,8597605,放量,低,游资情绪,观望,资金观望型,,D,回避：资金观望,7.6
002444,巨星科技,27.04,-26.7,1.63,-8.1,-0.75,-9461545,-32330184,-22044120,-34854655,-29908020,46397057,缩量,低,情绪退潮,观望,资金观望型,,D,回避：资金观望,-0.2
002446,盛路通信,8.08,-37.8,0.78,50.3,2.7,31901890,-61001175,-126035410,-21135814,-22791897,-1879961,缩量,低,情绪退潮,观望,资金观望型,,D,回避：资金观望,0.9
002448,中原内配,11.18,-51.6,0.41,-17.0,-1.03,-7074495,-5579777,-68353695,-3034178,727372,-6807178,缩量,低,情绪退潮,观望,资金观望型,,D,回避：资金观望,-0.3
002440,闰土股份,11.6,-67.3,2.33,-34.4,-6.42,-120939084,-193868993,-178230185,18329174,15360405,-6073870,缩量,低,情绪退潮,吸筹,资金观望型,机构吸筹+盈利(关注),C,谨慎：资金流入未验证业绩,21.9
002451,摩恩电气,7.48,20.7,0.78,-26.0,-3.7,-29843738,-58405300,68049062,-9608279,-9026422,13507316,缩量,低,情绪退潮,观望,长线吸筹型,,D,回避：资金观望,-1.2
002445,中南文化,3.14,57.8,0.42,-65.0,4.74,36480963,18682347,-391644110,563817,-600642,-4789681,放量,低,游资情绪,进场,资金观望型,资金+业绩共振(双击候选),B,关注：资金+业绩共振,81.6
002452,长高电气,11.98,-57.3,1.45,32.2,-2.96,-22040024,-78110746,-84825678,-11517601,-6162235,7452744,缩量,低,情绪退潮,观望,资金撤退型,,D,回避：资金撤退,-1.0
002454,松芝股份,5.03,-40.4,0.34,-26.9,-9.22,-17554587,-27310123,-25295078,3143269,2591396,19719,缩量,低,情绪退潮,观望,资金观望型,,D,回避：资金观望,-3.1
002455,百川股份,7.07,-54.6,0.23,-58.7,-6.62,-46625998,-145242643,-195206050,-456972,-2420220,-2656674,缩量,低,情绪退潮,观望,资金撤退型,,D,回避：资金撤退,-2.2
002456,欧菲光,7.0,-67.4,1.89,-46.7,-4.66,-89038191,-349219377,96128807,-12584568,-16252863,-4611445,缩量,低,情绪退潮,观望,长线吸筹型,,D,回避：资金观望,-1.6
002457,青龙管业,11.38,-50.2,2.06,54.0,-4.18,-69597250,-129207548,-76340549,7617336,1960404,1284174,缩量,低,情绪退潮,观望,资金观望型,,D,回避：资金观望,-1.4
002449,国星光电,6.49,-49.1,0.77,-60.8,-3.54,-8735368,-18987511,27268851,-1423459,3736172,-451058,缩量,低,情绪退潮,吸筹,长线吸筹型,纯资金炒作(亏损风险),C,谨慎：纯资金炒作,2.8
002459,晶澳科技,6.58,-71.5,1.0,-28.9,-0.92,-7138903,613987,-141021441,-4705152,-4646047,3404531,缩量,低,情绪退潮,观望,资金观望型,,D,回避：资金观望,-0.3
002458,益生股份,8.37,-72.0,1.84,-11.5,-9.14,-109147070,-181182919,-140146441,-9686333,-13261073,-9684980,缩量,低,情绪退潮,观望,资金观望型,,D,回避：资金观望,-3.0
002460,赣锋锂业,45.91,-60.0,0.46,-50.2,-11.25,-654167211,-1111669695,-1342245743,-12636213,7046325,2970330,缩量,低,情绪退潮,观望,资金撤退型,,D,回避：资金撤退,-3.8
002461,珠江啤酒,8.3,-64.0,0.87,-19.7,-4.06,-5808860,-9182497,-11929565,-135977,-1081490,131981,缩量,低,情绪退潮,观望,资金撤退型,,D,回避：资金撤退,-1.4
002453,华软科技,4.85,15.6,0.84,-7.7,-3.24,-7313583,-8274052,-28000050,26359423,31847845,-17457891,缩量,低,情绪退潮,吸筹,资金撤退型,纯资金炒作(亏损风险),C,谨慎：纯资金炒作,2.9
002463,沪电股份,123.48,-39.2,1.09,7.9,1.44,379686119,842877955,2498875325,-969890508,-784856796,804886186,缩量,低,情绪退潮,观望,均衡流入型,,D,回避：资金观望,0.5
002465,海格通信,10.04,-57.6,0.51,24.8,1.38,28998908,-33582844,-124877398,-13339212,-25821374,-4360468,缩量,低,情绪退潮,观望,资金观望型,,D,回避：资金观望,0.5
002466,天齐锂业,42.74,-63.5,0.43,-54.4,-10.54,-616524016,-1192284466,-921030203,73104223,57261444,-84817506,缩量,低,情绪退潮,观望,资金观望型,,D,回避：资金观望,-3.5
002468,申通快递,15.21,-17.7,0.84,12.1,-0.8,-7498823,-36698323,-68291539,23190464,13049798,-24096221,缩量,低,情绪退潮,观望,资金撤退型,,D,回避：资金撤退,-0.3
002462,嘉事堂,12.23,-34.5,1.32,-16.3,2.15,3709809,-4883490,-5598925,1631304,-586615,-1408051,缩量,低,情绪退潮,进场,资金观望型,资金+业绩共振(双击候选),B,关注：资金+业绩共振,72.7
002467,二六三,4.56,-56.6,0.24,-11.5,-2.12,-14992668,-49678226,-82784925,-10827674,-10507021,12678972,缩量,低,情绪退潮,观望,资金撤退型,,D,回避：资金撤退,-0.7
002470,金正大,2.1,151.7,0.22,85.4,-10.22,-330570645,101558646,204212478,-6892895,-3669649,-3438981,放量,低,游资情绪,观望,资金观望型,,D,回避：资金观望,4.6
002469,三维化学,5.99,-10.4,0.44,-60.7,-12.52,-30388402,-37208492,-34851378,-1707457,-4269750,2716189,缩量,低,情绪退潮,观望,资金观望型,,D,回避：资金观望,-4.2
002471,中超控股,5.42,-63.8,0.18,12.5,-8.69,-81540112,-69275662,-86481888,-6281586,1456120,17837326,缩量,低,情绪退潮,观望,资金观望型,,D,回避：资金观望,-2.9
002474,榕基软件,6.29,-48.6,0.89,-17.1,-1.8,-9818489,-13251776,-30240752,-304630,1870138,3861296,缩量,低,情绪退潮,观望,资金撤退型,,D,回避：资金撤退,-0.6
002472,双环传动,36.3,-59.6,3.31,158.9,-1.37,-53375022,630908432,396412071,-36135884,-3587778,3925461,缩量,低,情绪退潮,观望,资金观望型,,D,回避：资金观望,-0.5
002476,新叶股份,4.94,-36.4,0.89,4.5,-5.87,-12465169,-12832003,-10248756,1367849,-998620,-677923,缩量,低,情绪退潮,观望,资金观望型,,D,回避：资金观望,-2.0
002475,立讯精密,52.13,-68.7,0.54,-19.2,-10.38,-2396660307,-3571351465,-2176398562,-388438760,-256196861,477790795,缩量,低,情绪退潮,观望,资金观望型,,D,回避：资金观望,-3.5
002479,富春环保,5.82,-16.9,0.81,-31.2,-13.0,-64453391,-81941959,-102598411,-12286571,-4521396,16774628,缩量,低,情绪退潮,观望,资金撤退型,,D,回避：资金撤退,-4.3
002478,常宝股份,6.5,-49.0,0.24,-47.4,-3.17,-19013079,-48137638,87388498,2109716,-1912655,-1433575,缩量,低,情绪退潮,观望,长线吸筹型,,D,回避：资金观望,-1.1
002480,新筑股份,5.2,-66.3,0.59,2.4,-0.89,-1176719,-1551872,-26314889,1694865,0,-1546376,缩量,低,情绪退潮,观望,资金撤退型,,D,回避：资金撤退,-0.3
002482,广田集团,1.32,-23.8,1.17,-19.4,4.22,13742691,-8900087,-56444736,-3825660,-12006,3187047,缩量,低,情绪退潮,观望,资金观望型,,D,回避：资金观望,1.4
002481,双塔食品,4.23,-10.4,0.63,100.7,4.86,18328358,5018901,14115654,-1320626,-3274636,-5572,缩量,低,情绪退潮,观望,资金观望型,,D,回避：资金观望,1.6
002483,润邦股份,6.02,136.3,0.7,277.1,-7.63,-57371445,51840956,68381500,10376963,4746513,-13302987,放量,低,游资情绪,观望,资金观望型,,D,回避：资金观望,5.5
002490,山东墨龙,7.14,-62.3,0.69,-36.9,-8.29,-114973847,-250404330,-97391091,-4709218,98415,15383891,缩量,低,情绪退潮,观望,长线吸筹型,,D,回避：资金观望,-2.8
002493,荣盛石化,12.93,-21.7,1.25,-9.5,-6.56,-212916448,71036564,322283306,-7131776,48541256,11504155,缩量,低,情绪退潮,观望,高位分歧型,,D,回避：资金观望,-2.2
002487,大金重工,41.21,338.3,0.61,189.5,6.27,1156927639,1073829228,722129853,66817112,43754458,43021099,放量,中,主力偏强放量,进场,资金观望型,资金+业绩共振(双击候选),B,关注：资金+业绩共振,90.1
002484,江海股份,60.06,-39.8,2.49,-13.3,1.59,165524151,628696827,422151891,76229744,42751092,-148018335,缩量,低,情绪退潮,进场,趋势转多型,资金+业绩共振(双击候选),B,关注：资金+业绩共振,72.5
002492,恒基达鑫,5.96,-27.9,0.39,3.6,-0.29,-555659,-1646392,8805535,447455,588868,-1303242,缩量,低,情绪退潮,观望,资金观望型,,D,回避：资金观望,-0.1
002497,雅化集团,16.59,-72.8,0.77,-53.4,-6.39,-122796957,-273821672,-332092248,18942256,-3892758,7483326,缩量,低,情绪退潮,观望,资金撤退型,,D,回避：资金撤退,-2.1
002488,金固股份,7.65,-20.7,0.91,-24.2,-8.44,-54261486,-69058081,-82556666,15555750,10972538,-3142220,缩量,低,情绪退潮,吸筹,资金撤退型,机构吸筹+盈利(关注),C,谨慎：资金流入未验证业绩,21.2
002486,嘉麟杰,2.77,14.2,1.13,-9.1,2.69,10633635,-72880950,-22398446,679749,-2653488,-2578729,缩量,低,情绪退潮,进场,资金观望型,资金+业绩共振(双击候选),B,关注：资金+业绩共振,72.9
002489,浙江永强,3.04,297.1,0.75,65.3,10.4,69764538,72425162,71803365,910589,-6069774,-3147440,放量,高,主力主导放量🔥(最强),进场,趋势转多型,资金+业绩共振(双击候选),A,金股候选：资金强攻+业绩共振,95.5
002491,通鼎互联,23.67,107.2,0.95,-22.7,5.66,1345502273,1397998130,1750023577,-335152893,-236889520,458784337,放量,中,主力偏强放量,进场,均衡流入型,纯资金炒作(亏损风险),C,谨慎：纯资金炒作,29.9
002496,辉丰股份,2.16,-24.4,0.7,3.4,1.81,5340567,-11592995,-62834678,2990415,5336677,-2372716,缩量,低,情绪退潮,吸筹,资金观望型,纯资金炒作(亏损风险),C,谨慎：纯资金炒作,4.6
002498,汉缆股份,6.37,-30.2,0.42,76.8,-8.04,-300598672,167375167,222016187,-39298006,-8987979,72997910,缩量,低,情绪退潮,观望,资金观望型,,D,回避：资金观望,-2.7
002494,华斯股份,4.59,-40.7,0.86,-11.8,-2.61,-6493267,-5378263,-11560999,1983213,515736,-464457,缩量,低,情绪退潮,吸筹,资金观望型,机构吸筹+盈利(关注),C,谨慎：资金流入未验证业绩,23.1
002500,山西证券,5.19,-55.5,1.56,-20.3,3.04,15770465,5260327,-14780642,-4794602,-5881497,-3889821,缩量,低,情绪退潮,观望,资金观望型,,D,回避：资金观望,1.0
002495,佳隆股份,2.41,-2.3,0.87,13.4,5.35,11871600,11338837,7932387,2747300,5128177,11262,缩量,中,主力惜售,进场,资金观望型,资金+业绩共振(双击候选),B,关注：资金+业绩共振,85.8
002507,涪陵榨菜,11.08,-51.2,1.45,36.9,-0.94,-5638050,-16487378,-23156022,301712,268260,-1466031,缩量,低,情绪退潮,观望,资金撤退型,,D,回避：资金撤退,-0.3
002506,协鑫集成,2.42,-51.0,0.25,-51.5,2.87,59826429,4404873,224241609,-25213046,-20498921,26945536,缩量,低,情绪退潮,观望,资金观望型,,D,回避：资金观望,1.0
002515,金字火腿,7.47,-50.1,1.43,-16.3,-0.46,-11161269,131560935,482579658,703574,7760146,18505792,缩量,低,情绪退潮,观望,高位分歧型,,D,回避：资金观望,-0.2
002513,蓝丰生化,5.29,-28.4,0.6,1.7,-0.46,-1022657,-4829546,-13264805,-555852,516030,4737131,缩量,低,情绪退潮,观望,资金撤退型,,D,回避：资金撤退,-0.2
002517,恺英网络,16.54,-61.1,1.86,24.2,-4.47,-219488930,-270757440,-206672253,-67806288,-59959351,61881171,缩量,低,情绪退潮,观望,资金观望型,,D,回避：资金观望,-1.5
002520,日发精机,6.17,-63.8,3.48,-32.1,-7.5,-48158845,-117782505,-126832326,5433331,5039920,1195125,缩量,低,情绪退潮,观望,资金撤退型,,D,回避：资金撤退,-2.5
002510,天汽模,5.94,311.8,0.77,41.3,1.48,15408874,-2295522,12585890,83544048,91526403,-49066230,放量,低,游资情绪,抢筹,资金观望型,资金+业绩共振(双击候选),B,关注：资金+业绩共振,88.5
002508,老板电器,16.11,15.5,1.24,27.8,13.18,137535460,145512682,102832553,-9618591,-4749363,1665757,缩量,高,主力控盘,控盘,趋势转多型,控盘+盈利(稳健),B,关注：控盘稳健+盈利,72.4
002516,旷达科技,5.74,-8.7,1.4,217.6,-3.36,-16842090,81305531,74538610,3681351,4542699,-576163,缩量,低,情绪退潮,吸筹,资金观望型,机构吸筹+盈利(关注),C,谨慎：资金流入未验证业绩,22.9
002523,天桥起重,3.42,-36.2,0.89,-36.4,-3.14,-7656064,-28049093,-11895027,-3802258,-1509606,835341,缩量,低,情绪退潮,观望,长线吸筹型,,D,回避：资金观望,-1.0
002511,中顺洁柔,6.93,-62.3,0.66,-12.9,-3.74,-10917227,2944097,18179106,990029,1210257,-999835,缩量,低,情绪退潮,吸筹,高位分歧型,机构吸筹+盈利(关注),C,谨慎：资金流入未验证业绩,22.8
002519,银河电子,5.98,38.9,0.29,127.4,3.68,116358334,89413271,139693676,7217232,12419996,11732597,缩量,低,情绪退潮,进场,资金观望型,纯资金炒作(亏损风险),C,谨慎：纯资金炒作,13.2
002518,科士达,37.81,29.2,1.06,28.2,3.21,122231621,298476915,530920564,72104297,50813000,-74694188,缩量,低,情绪退潮,进场,主力建仓型,资金+业绩共振(双击候选),B,关注：资金+业绩共振,73.1
002526,山东矿机,2.64,-36.1,1.04,-2.5,-1.78,-4724805,16831093,-4679814,2798193,1294175,-4478745,缩量,低,情绪退潮,观望,资金观望型,,D,回避：资金观望,-0.6
002522,浙江众成,5.93,92.1,1.42,75.9,-0.23,-5477769,-42784694,-51889626,12387009,15207130,-9918180,放量,低,游资情绪,抢筹,资金撤退型,机构吸筹+盈利(关注),C,谨慎：资金流入未验证业绩,47.9
002521,齐峰新材,6.38,-63.8,0.94,-12.7,5.38,5337236,-15267661,-35140178,-2520018,-2608133,2053379,缩量,中,主力惜售,进场,资金观望型,资金+业绩共振(双击候选),B,关注：资金+业绩共振,85.8
002529,海源复材,6.63,-13.2,1.42,38.1,-3.5,-7295161,-8454334,-20701132,-221489,-1394443,80616,缩量,低,情绪退潮,观望,资金撤退型,,D,回避：资金撤退,-1.2
002524,光正眼科,3.95,-43.4,1.34,-23.9,3.31,8027364,12610286,-40577364,2941720,0,-817895,缩量,低,情绪退潮,进场,趋势转多型,纯资金炒作(亏损风险),C,谨慎：纯资金炒作,13.1
002527,新时达,10.58,-77.2,1.17,-5.7,-8.48,-19675236,-8872886,-46134922,350128,-529659,2939145,缩量,低,情绪退潮,观望,资金观望型,,D,回避：资金观望,-2.8
002530,金财互联,7.14,-66.0,0.86,-26.0,-5.94,-13727481,-33277881,-41677736,-1357581,1202941,681545,缩量,低,情绪退潮,观望,资金撤退型,,D,回避：资金撤退,-2.0
002533,金杯电工,10.88,-68.6,0.47,-14.3,-4.98,-12296309,-48968330,-55487132,-1350811,-236449,-1623337,缩量,低,情绪退潮,观望,资金撤退型,,D,回避：资金撤退,-1.7
002537,海联金汇,5.75,-48.9,0.78,-15.5,-6.97,-37443896,67073925,37607205,-2086646,-2080703,-4890828,缩量,低,情绪退潮,观望,资金观望型,,D,回避：资金观望,-2.3
002534,西子洁能,15.79,-62.0,1.63,-23.9,-5.56,-31949115,-73509576,11163150,4223867,768281,-21441117,缩量,低,情绪退潮,观望,长线吸筹型,,D,回避：资金观望,-1.9
002536,飞龙股份,53.35,-11.5,0.92,-0.7,-3.76,-442444169,-532204008,1021269094,-108975870,-108761855,67444013,缩量,低,情绪退潮,观望,长线吸筹型,,D,回避：资金观望,-1.3
002539,云图控股,12.24,-34.1,0.9,-27.8,-9.32,-94943701,-145506539,-150616349,13171598,12364747,2375141,缩量,低,情绪退潮,观望,资金撤退型,,D,回避：资金撤退,-3.1
002541,鸿路钢构,18.39,-51.6,1.36,-25.2,-4.01,-28367323,-53236490,-99229054,-3523478,-3506370,4718451,缩量,低,情绪退潮,观望,资金撤退型,,D,回避：资金撤退,-1.3
002532,天山铝业,12.73,-52.6,1.36,-5.3,4.6,159659735,148908204,56825151,33102433,25331900,-11682812,缩量,低,情绪退潮,吸筹,资金观望型,资金+业绩共振(双击候选),B,关注：资金+业绩共振,65.5
002531,天顺风能,8.17,475.8,0.51,518.4,6.31,525045615,541077392,510523354,90457139,74154767,-40490732,放量,中,主力偏强放量,吸筹,趋势转多型,纯资金炒作(亏损风险),C,谨慎：纯资金炒作,22.1
002545,东方铁塔,15.83,-46.4,1.06,-11.8,-10.46,-131739091,-156708958,-76659569,-60431942,-36704580,47103214,缩量,低,情绪退潮,观望,资金观望型,,D,回避：资金观望,-3.5
002544,普天科技,15.75,-33.5,0.65,28.5,-1.9,-14573474,-15641839,-7063302,4217218,-1903024,-15167330,缩量,低,情绪退潮,观望,资金观望型,,D,回避：资金观望,-0.6
002535,林州重机,2.42,5.6,1.27,8.7,5.21,10381576,11749446,13878934,2043787,2991564,-796461,缩量,中,主力惜售,吸筹,均衡流入型,纯资金炒作(亏损风险),C,谨慎：纯资金炒作,17.7
002546,新联电子,7.5,-88.2,1.62,-9.0,-11.86,-35661344,-50498664,-94258012,-3431935,-8283,2284290,缩量,低,情绪退潮,观望,资金撤退型,,D,回避：资金撤退,-4.0
002549,凯美特气,13.38,-81.6,0.68,-36.5,1.12,10574103,-48821081,-61841691,-11168785,-8117936,12727022,缩量,低,情绪退潮,观望,资金观望型,,D,回避：资金观望,0.4
002540,亚太科技,4.99,-40.5,0.54,18.3,1.07,2681365,-2610769,-14768137,918007,118263,-2144895,缩量,低,情绪退潮,进场,资金观望型,资金+业绩共振(双击候选),B,关注：资金+业绩共振,72.4
002548,金新农,3.98,-14.5,1.26,102.2,-9.88,-68396944,51045695,-3780862,3142913,2035381,-2185241,缩量,低,情绪退潮,观望,资金观望型,,D,回避：资金观望,-3.3
002543,万和电气,7.1,180.7,0.94,11.5,8.78,80476167,62842291,37430204,-2667612,-3865598,1880169,放量,中,主力偏强放量,进场,资金观望型,资金+业绩共振(双击候选),B,关注：资金+业绩共振,90.9
002554,惠博普,2.76,-23.2,0.65,3.8,2.74,9423460,-32990839,-35536975,-470526,-2563787,1223652,缩量,低,情绪退潮,观望,资金观望型,,D,回避：资金观望,0.9
002553,南方精工,15.61,33.9,0.65,51.3,-5.05,-39056987,-779284,11181592,1115174,-914167,-4349757,缩量,低,情绪退潮,观望,资金观望型,,D,回避：资金观望,-1.7
002550,千红制药,6.37,-80.6,1.52,-49.3,-7.45,-21500675,-14939447,4091694,2093606,1882259,-267957,缩量,低,情绪退潮,吸筹,高位分歧型,机构吸筹+盈利(关注),C,谨慎：资金流入未验证业绩,21.5
002558,巨人网络,24.81,-78.8,3.07,-17.7,-4.0,-178503904,-258918581,-112418829,-22213737,-15960512,80353280,缩量,低,情绪退潮,观望,资金观望型,,D,回避：资金观望,-1.3
002555,三七互娱,17.41,-81.1,1.1,-0.1,-13.76,-237046834,-263496625,-688928377,-17630332,-12007992,11062078,缩量,低,情绪退潮,观望,资金撤退型,,D,回避：资金撤退,-4.6
002556,辉隆股份,5.18,58.8,0.33,24.3,-4.87,-20116589,-21120030,-54109187,-1041827,1189117,-3056183,放量,低,游资情绪,观望,资金撤退型,,D,回避：资金撤退,6.4
002557,洽洽食品,17.95,-67.9,0.32,9.4,1.41,7808950,41680819,27036887,-1133747,522804,2734264,缩量,低,情绪退潮,观望,趋势转多型,,D,回避：资金观望,0.5
002559,亚威股份,9.08,-79.5,3.71,22.3,4.19,36602718,35609493,-17501388,-3697001,901452,7579437,缩量,低,情绪退潮,观望,资金观望型,,D,回避：资金观望,1.4
002552,宝鼎科技,54.19,92.6,3.01,-1.0,5.73,658406363,781934913,749012901,-31176947,7091955,87561161,放量,中,主力偏强放量,进场,短线抢筹型,资金+业绩共振(双击候选),B,关注：资金+业绩共振,89.9
002551,尚荣医疗,3.29,5.7,1.11,-8.1,3.96,8645430,8111632,13380218,2717812,1137560,-1618333,缩量,低,情绪退潮,进场,资金观望型,纯资金炒作(亏损风险),C,谨慎：纯资金炒作,13.3
002562,兄弟科技,4.82,-39.9,0.63,1.8,-4.81,-20227074,8181081,-15415487,-2136680,-2166298,1087121,缩量,低,情绪退潮,观望,资金观望型,,D,回避：资金观望,-1.6
002560,通达股份,7.16,207.3,0.13,371.0,4.51,212654710,211761900,234832599,-27104019,-34662693,51881352,放量,低,游资情绪,观望,资金观望型,,D,回避：资金观望,9.5
002564,天沃科技,4.83,46.6,0.56,462.8,-0.13,-981134,77924187,65774815,-5873750,-9399575,2188562,缩量,低,情绪退潮,观望,资金观望型,,D,回避：资金观望,-0.0
002563,森马服饰,5.39,-26.8,1.28,-31.3,-6.52,-24883107,-27930969,-29686498,4743849,1678602,1613349,缩量,低,情绪退潮,观望,资金撤退型,,D,回避：资金撤退,-2.2
002565,顺灏股份,8.57,11.3,0.11,68.8,2.47,100260100,61073748,-20836427,-18588759,-22035164,9306508,缩量,低,情绪退潮,观望,资金观望型,,D,回避：资金观望,0.8
002567,唐人神,3.77,-7.7,0.84,118.0,-3.12,-14566018,56310468,54714686,7169498,4966362,-10465124,缩量,低,情绪退潮,观望,资金观望型,,D,回避：资金观望,-1.0
002561,徐家汇,7.21,221.3,0.96,317.8,5.3,51194209,43300028,34337172,169390,2541550,5631125,放量,中,主力偏强放量,进场,资金观望型,纯资金炒作(亏损风险),C,谨慎：纯资金炒作,29.8
002568,百润股份,17.77,-56.4,3.67,4.2,-1.76,-12856548,9232585,-31397976,-4253287,-6919867,11587141,缩量,低,情绪退潮,观望,资金观望型,,D,回避：资金观望,-0.6
002572,索菲亚,7.29,-62.3,0.84,-33.2,-1.4,-3228950,-1638618,-52660541,-3015263,-3744851,2064320,缩量,低,情绪退潮,观望,资金观望型,,D,回避：资金观望,-0.5
002575,群兴玩具,5.13,-63.6,0.73,-35.2,-4.0,-13740543,-33326967,-62998347,2477668,3356581,831825,缩量,低,情绪退潮,观望,资金撤退型,,D,回避：资金撤退,-1.3
002571,德力股份,10.88,-41.9,0.64,45.4,-6.41,-15912743,-9899259,-23712684,-2327982,-1717859,3251912,缩量,低,情绪退潮,观望,资金观望型,,D,回避：资金观望,-2.1
002573,清新环境,3.09,18.6,0.85,-31.4,-1.41,-2326699,-6642943,-42127465,1242475,1335164,-2126670,缩量,低,情绪退潮,观望,资金撤退型,,D,回避：资金撤退,-0.5
002566,益盛药业,7.02,-46.1,1.63,-35.6,0.12,238739,-834131,7206976,910999,-1190082,6088484,缩量,低,情绪退潮,进场,资金观望型,资金+业绩共振(双击候选),B,关注：资金+业绩共振,72.0
002576,通达动力,14.13,-57.5,0.67,-9.4,0.02,37478,-1593925,3371190,-2270583,-556414,3027826,缩量,低,情绪退潮,观望,资金观望型,,D,回避：资金观望,0.0
002578,闽发铝业,3.98,7.4,0.65,-33.7,-4.64,-18459104,2059733,110440688,-6050202,1082848,4001833,缩量,低,情绪退潮,观望,高位分歧型,,D,回避：资金观望,-1.5
002580,圣阳股份,19.02,-45.6,0.32,-22.5,-3.99,-155575637,-604897173,-406875056,-31202713,1809671,69270129,缩量,低,情绪退潮,观望,资金观望型,,D,回避：资金观望,-1.3
002570,贝因美,4.39,-56.5,1.0,69.0,7.3,26287590,1595293,23205148,2592410,1538261,21175,缩量,中,主力惜售,进场,资金观望型,资金+业绩共振(双击候选),B,关注：资金+业绩共振,86.4
002574,明牌珠宝,5.03,-6.3,1.16,-58.2,0.74,1527598,-7742789,-8469535,860597,-190529,-1527828,缩量,低,情绪退潮,进场,资金观望型,纯资金炒作(亏损风险),C,谨慎：纯资金炒作,12.2
002577,雷柏科技,20.83,459.7,3.66,41.7,5.25,44777279,53510164,62059318,-7728410,-2716162,15664338,放量,中,主力偏强放量,进场,均衡流入型,纯资金炒作(亏损风险),C,谨慎：纯资金炒作,29.8
002582,好想你,9.56,-68.6,0.56,-19.4,-6.95,-46172047,-52261674,-150021523,-293033,-2450979,1328078,缩量,低,情绪退潮,观望,资金撤退型,,D,回避：资金撤退,-2.3
002583,海能达,8.23,-20.6,0.84,-26.6,-3.5,-20815676,-50912574,-40638808,-5746345,-7688189,3476460,缩量,低,情绪退潮,观望,资金观望型,,D,回避：资金观望,-1.2
002579,中京电子,20.48,154.7,1.92,224.3,4.24,717373268,1559309159,1574829989,105654843,152441000,1643503,放量,低,游资情绪,进场,主力建仓型,资金+业绩共振(双击候选),B,关注：资金+业绩共振,81.4
002588,史丹利,7.68,-38.5,0.24,5.1,-2.19,-11146966,-64365193,-131878950,-10281450,-10742130,5292466,缩量,低,情绪退潮,观望,资金撤退型,,D,回避：资金撤退,-0.7
002586,围海股份,3.71,22.0,0.32,-27.8,-16.12,-28793453,-62879449,-82880674,-4074583,-3247483,4259610,缩量,低,情绪退潮,观望,资金撤退型,,D,回避：资金撤退,-5.4
002590,万安科技,9.84,26.8,0.86,-26.0,-1.62,-3801111,-25320533,-32386873,5798536,2285772,-4987883,缩量,低,情绪退潮,观望,资金撤退型,,D,回避：资金撤退,-0.5
002584,西陇科学,9.52,343.2,3.29,158.4,6.95,271456174,231966681,238346559,-256914484,-193098221,148361789,放量,中,主力偏强放量,进场,资金观望型,纯资金炒作(亏损风险),C,谨慎：纯资金炒作,30.3
002585,双星新材,11.69,146.1,2.12,143.5,6.57,675112122,594490378,418410258,-44996995,-13244058,159310909,放量,中,主力偏强放量,进场,资金观望型,纯资金炒作(亏损风险),C,谨慎：纯资金炒作,30.2
002589,瑞康医药,2.97,49.4,0.31,-43.4,-2.49,-22254303,-91750985,17834155,4987930,6858299,-3899839,缩量,低,情绪退潮,吸筹,长线吸筹型,机构吸筹+盈利(关注),C,谨慎：资金流入未验证业绩,23.2
002595,豪迈科技,38.77,11.3,0.57,-6.5,-3.23,-35808652,-52246270,-103381044,-27828967,-26983365,60448366,缩量,低,情绪退潮,观望,资金撤退型,,D,回避：资金撤退,-1.1
002599,盛通股份,5.51,-67.9,1.35,-18.5,-5.87,-10233821,-6107164,-9747647,451166,-36170,-82523,缩量,低,情绪退潮,观望,资金观望型,,D,回避：资金观望,-2.0
002597,金禾实业,21.37,-48.7,1.01,103.5,-6.42,-51639609,-44575365,-64752863,492610,-2891833,-1189964,缩量,低,情绪退潮,观望,资金观望型,,D,回避：资金观望,-2.1
002591,恒大高新,6.24,-29.2,1.42,26.3,1.87,8838818,8503732,14797003,1223604,-52275,5249700,缩量,低,情绪退潮,进场,资金观望型,纯资金炒作(亏损风险),C,谨慎：纯资金炒作,12.6
002600,领益智造,12.47,-71.7,1.28,31.1,-2.36,-202492545,-534678723,-595304806,-75350883,-77659195,63507175,缩量,低,情绪退潮,观望,资金撤退型,,D,回避：资金撤退,-0.8
002593,日上集团,4.63,-15.6,1.1,38.6,5.42,17145389,37439184,53738207,-296969,2317941,1214788,缩量,中,主力惜售,进场,主力强攻型,资金+业绩共振(双击候选),B,关注：资金+业绩共振,85.8
002594,比亚迪,84.97,-51.2,1.12,-24.3,-13.85,-1395409431,-2080593110,-2700618446,111707016,108163979,-59734545,缩量,低,情绪退潮,吸筹,资金撤退型,机构吸筹+盈利(关注),C,谨慎：资金流入未验证业绩,19.4
002603,以岭药业,15.12,-78.2,2.44,-47.9,-8.85,-59262963,-59456653,-160464692,-9157881,-7700768,721355,缩量,低,情绪退潮,观望,资金撤退型,,D,回避：资金撤退,-2.9
002605,姚记科技,16.64,-80.9,1.68,-14.5,-7.4,-18236623,-33193760,-21755826,186005,-906836,-2196919,缩量,低,情绪退潮,观望,资金观望型,,D,回避：资金观望,-2.5
002602,世纪华通,14.54,-61.4,1.93,49.6,-2.41,-133902995,-234195755,181062686,-29016394,-53312337,-4641603,缩量,低,情绪退潮,观望,资金观望型,,D,回避：资金观望,-0.8
002596,海南瑞泽,3.35,17.0,0.84,46.1,13.59,67635807,57024710,77853918,-6988636,-7112331,7469576,缩量,高,主力控盘,控盘,资金观望型,控盘+亏损(警惕),C,谨慎：控盘但亏损,28.5
002606,大连电瓷,12.41,-75.6,0.64,-19.8,-8.36,-49102204,-56032725,-62033788,-9304519,-5827038,8580843,缩量,低,情绪退潮,观望,资金撤退型,,D,回避：资金撤退,-2.8
002607,中公教育,1.91,-71.7,2.59,7.8,-14.04,-170024331,-212828431,-233655685,-16057544,-22507605,12529349,缩量,低,情绪退潮,观望,资金撤退型,,D,回避：资金撤退,-4.7
002608,江苏国信,7.28,-48.4,1.03,84.4,-7.21,-46753392,-79117230,-102163866,-1092415,2889116,1807081,缩量,低,情绪退潮,观望,资金撤退型,,D,回避：资金撤退,-2.4
002601,龙佰集团,15.04,-53.3,1.14,-25.3,-3.5,-47214563,-88004236,-98869954,8698177,8250731,-373577,缩量,低,情绪退潮,吸筹,资金撤退型,机构吸筹+盈利(关注),C,谨慎：资金流入未验证业绩,22.8
002609,捷顺科技,7.63,-40.3,0.8,-25.8,-2.27,-3794368,-8001930,-16944453,2148902,2134046,-2718194,缩量,低,情绪退潮,观望,资金撤退型,,D,回避：资金撤退,-0.8
002612,朗姿股份,16.06,-26.0,1.98,-27.9,-2.75,-10778937,-35822080,-6883643,3168205,-139413,-8297856,缩量,低,情绪退潮,观望,资金观望型,,D,回避：资金观望,-0.9
002615,哈尔斯,6.14,-63.6,1.42,-35.8,-6.89,-12220123,-16316542,-56186432,-7922265,-609354,2792371,缩量,低,情绪退潮,观望,资金撤退型,,D,回避：资金撤退,-2.3
002614,奥佳华,5.57,8.5,0.77,-66.0,-2.35,-4958014,-57172,-4246395,-661638,-1018073,1905927,缩量,低,情绪退潮,观望,资金观望型,,D,回避：资金观望,-0.8
002616,长青集团,4.82,-8.7,0.47,13.2,-2.05,-5165612,-21808269,-15326646,-2429617,-1598401,1476566,缩量,低,情绪退潮,观望,资金观望型,,D,回避：资金观望,-0.7
002624,完美世界,9.89,-67.3,0.45,51.8,-11.27,-221097063,-284343201,-344096932,22436274,1625889,-45974709,缩量,低,情绪退潮,观望,资金撤退型,,D,回避：资金撤退,-3.8
002622,皓宸医疗,2.53,-13.0,1.33,-23.1,4.15,10538296,-3762646,11761902,-2685942,-738834,3492643,缩量,低,情绪退潮,观望,资金观望型,,D,回避：资金观望,1.4
002611,东方精工,13.91,-65.2,1.06,-26.9,-10.26,-83122701,-165337797,-231486128,5942278,6643766,-2212928,缩量,低,情绪退潮,吸筹,资金撤退型,机构吸筹+盈利(关注),C,谨慎：资金流入未验证业绩,20.6
002625,光启技术,28.07,-12.8,1.16,16.9,-1.64,-48140485,-82470139,-171244287,7700695,-22715295,-47066513,缩量,低,情绪退潮,观望,资金撤退型,,D,回避：资金撤退,-0.5
002613,北玻股份,3.7,326.8,1.26,160.9,3.46,48211160,45251299,57271404,144492668,163054783,-75289642,放量,低,游资情绪,抢筹,资金观望型,资金+业绩共振(双击候选),B,关注：资金+业绩共振,89.2
002627,三峡旅游,6.7,-29.5,0.47,-49.2,-3.38,-13162391,-29835715,-11931734,175038,349079,4551010,缩量,低,情绪退潮,观望,资金观望型,,D,回避：资金观望,-1.1
002629,仁智股份,4.31,9.0,0.5,66.2,-4.13,-18158995,-27581404,-41784732,-9207319,1916016,8211338,缩量,低,情绪退潮,观望,资金撤退型,,D,回避：资金撤退,-1.4
002628,成都路桥,5.08,-57.7,0.53,-52.6,-1.59,-7065491,-52281269,-43749180,-2619998,1863870,-2288785,缩量,低,情绪退潮,观望,资金观望型,,D,回避：资金观望,-0.5
002617,露笑科技,6.9,26.7,2.62,148.8,7.2,396734025,498786750,325352951,-183410706,-205021788,151670246,缩量,中,主力惜售,进场,短线抢筹型,资金+业绩共振(双击候选),B,关注：资金+业绩共振,86.4
002623,亚玛顿,16.84,104.4,0.74,121.7,5.51,33503807,40379789,43275739,10127339,12925215,-18687893,放量,中,主力偏强放量,抢筹,均衡流入型,纯资金炒作(亏损风险),C,谨慎：纯资金炒作,37.8
002631,德尔未来,12.03,196.8,2.31,-9.6,-1.87,-48405350,96587855,332253463,-1622947,8604724,8990265,放量,低,游资情绪,观望,高位分歧型,,D,回避：资金观望,7.4
002635,安洁科技,14.86,-80.8,1.61,-31.8,-0.89,-6509837,-99176542,-150987337,-164129,1000906,2595113,缩量,低,情绪退潮,观望,资金撤退型,,D,回避：资金撤退,-0.3
002633,申科股份,14.02,-47.7,0.52,-3.7,-2.37,-2679877,-3576202,-2257438,91084,-920761,-535432,缩量,低,情绪退潮,观望,资金观望型,,D,回避：资金观望,-0.8
002626,金达威,16.28,-54.2,0.48,-32.7,-2.73,-7329961,-2849466,-38444314,639591,781402,-239229,缩量,低,情绪退潮,吸筹,资金观望型,机构吸筹+盈利(关注),C,谨慎：资金流入未验证业绩,23.1
002636,金安国纪,79.4,39.7,1.98,38.4,3.25,1107642749,1081442455,2222484643,-624584690,-422664260,459123189,缩量,低,情绪退潮,观望,资金观望型,,D,回避：资金观望,1.1
002637,赞宇科技,11.37,60.8,0.45,32.4,-9.23,-109128878,-61226368,-110646494,8297610,730484,-15254027,放量,低,游资情绪,观望,资金观望型,,D,回避：资金观望,4.9
002632,道明光学,9.07,37.9,1.07,82.8,1.05,16270612,-18686844,105277823,18528832,8319844,-10018351,缩量,低,情绪退潮,进场,长线吸筹型,资金+业绩共振(双击候选),B,关注：资金+业绩共振,72.3
002642,荣联科技,6.93,-77.5,1.82,-6.0,-1.42,-5056221,-17600055,-52869688,-836349,-1291208,3933902,缩量,低,情绪退潮,观望,资金撤退型,,D,回避：资金撤退,-0.5
002643,万润股份,13.2,-59.5,2.64,9.1,1.91,21958862,38562659,2166139,-16144430,-8159982,4579655,缩量,低,情绪退潮,观望,趋势转多型,,D,回避：资金观望,0.6
002641,公元股份,3.78,-29.0,0.85,-4.5,-6.74,-11044099,-13006222,-580712,495802,-350899,-1638967,缩量,低,情绪退潮,观望,长线吸筹型,,D,回避：资金观望,-2.2
002646,天佑德酒,6.79,-37.8,1.09,-12.5,0.6,946265,-18715595,-2363140,-624591,271320,1342239,缩量,低,情绪退潮,观望,长线吸筹型,,D,回避：资金观望,0.2
002644,佛慈制药,8.28,-18.2,1.13,-51.6,-1.99,-4255325,-10275592,-13114515,495948,-38976,1392149,缩量,低,情绪退潮,观望,资金撤退型,,D,回避：资金撤退,-0.7
002647,仁东控股,10.84,-55.3,0.35,-52.5,-2.93,-24773555,-59422710,-168334524,-18335913,-18603703,8987575,缩量,低,情绪退潮,观望,资金撤退型,,D,回避：资金撤退,-1.0
002639,雪人集团,13.97,187.7,0.38,134.2,-3.09,-138147576,-164036888,98910931,62559404,64979153,-31341425,放量,低,游资情绪,抢筹,资金观望型,机构吸筹+盈利(关注),C,谨慎：资金流入未验证业绩,47.0
002638,勤上股份,4.23,6.9,0.67,-45.6,0.3,1689987,-92739696,-120819841,17554213,4958207,-25915950,缩量,低,情绪退潮,进场,资金观望型,纯资金炒作(亏损风险),C,谨慎：纯资金炒作,12.1
002640,跨境通,3.77,220.7,2.58,43.5,1.92,54185687,53443890,84633047,311122918,344667533,-200469380,放量,低,游资情绪,抢筹,资金观望型,纯资金炒作(亏损风险),C,谨慎：纯资金炒作,28.6
002649,博彦科技,9.17,-47.9,1.13,-38.0,0.26,955949,-24044323,-91432597,-5718063,-3062270,5560513,缩量,低,情绪退潮,观望,资金观望型,,D,回避：资金观望,0.1
002651,利君股份,8.28,126.0,0.87,-15.3,0.66,8337060,-3768814,85337855,-10953424,-5312767,10347738,放量,低,游资情绪,观望,长线吸筹型,,D,回避：资金观望,8.2
002648,卫星化学,26.34,-50.7,1.02,-21.2,-8.38,-361545360,-189334671,-189142706,-74009221,-50080732,26640060,缩量,低,情绪退潮,观望,资金观望型,,D,回避：资金观望,-2.8
002645,华宏科技,17.86,-56.7,0.78,-29.6,5.22,90384468,-18192310,-57739411,-29191075,-25947320,45894555,缩量,中,主力惜售,进场,资金观望型,资金+业绩共振(双击候选),B,关注：资金+业绩共振,85.7
002652,扬子新材,4.61,-38.4,1.17,206.1,-0.93,-5974392,40778409,23080235,-9224328,-4105286,6353702,缩量,低,情绪退潮,观望,资金观望型,,D,回避：资金观望,-0.3
002653,海思科,62.38,-80.6,3.49,-4.1,-4.92,-48495197,15314581,-12375877,-6724280,-6238843,19946292,缩量,低,情绪退潮,观望,资金观望型,,D,回避：资金观望,-1.6
002654,万润科技,13.89,-49.1,1.5,-13.1,0.18,4539250,33155944,-201132529,-43009249,-36944077,53339031,缩量,低,情绪退潮,观望,趋势转多型,,D,回避：资金观望,0.1
002657,中科金财,14.79,-80.5,1.88,-39.3,-4.51,-17993831,-33668438,-35070353,-1045882,-1949893,-3671344,缩量,低,情绪退潮,观望,资金撤退型,,D,回避：资金撤退,-1.5
002658,雪迪龙,7.34,-55.5,0.23,-11.5,-9.07,-13425887,-12615925,-29206430,-798602,0,3159197,缩量,低,情绪退潮,观望,资金观望型,,D,回避：资金观望,-3.0
002659,凯文教育,4.5,-65.4,1.44,-8.9,2.99,6328430,-5970194,14633658,-1227193,-806400,-1300128,缩量,低,情绪退潮,观望,资金观望型,,D,回避：资金观望,1.0
002662,峰璟股份,3.23,-35.9,0.48,-23.8,-6.38,-10066080,-7532841,6472629,1641685,3934796,1685047,缩量,低,情绪退潮,观望,长线吸筹型,,D,回避：资金观望,-2.1
002660,茂硕电源,7.84,89.6,1.17,-24.5,-5.27,-17677697,-43377144,59834009,5829675,1105950,-4602801,放量,低,游资情绪,观望,长线吸筹型,,D,回避：资金观望,6.2
002661,克明食品,7.63,471.8,1.03,349.9,3.82,31507286,61840965,61138841,-3550667,-149697,8576637,放量,低,游资情绪,观望,趋势转多型,,D,回避：资金观望,9.3
002664,信质集团,14.59,-43.9,0.52,-5.0,-6.08,-15749780,-23675538,-32195983,-1552566,-2102032,3404916,缩量,低,情绪退潮,观望,资金撤退型,,D,回避：资金撤退,-2.0
002666,德联集团,4.18,-36.3,0.61,-37.1,2.46,4267397,17001481,29461031,-2715779,-510462,-383848,缩量,低,情绪退潮,观望,主力建仓型,,D,回避：资金观望,0.8
002656,摩登大道,2.79,-24.6,1.21,-13.6,4.49,6651809,-2864519,-28574209,960762,743648,-1113633,缩量,低,情绪退潮,进场,资金观望型,纯资金炒作(亏损风险),C,谨慎：纯资金炒作,13.5
002669,康达新材,13.82,43.3,1.71,208.7,0.54,14613021,38982853,6576126,-25378291,-20089634,40386362,缩量,低,情绪退潮,观望,趋势转多型,,D,回避：资金观望,0.2
002668,TCL智家,9.1,-55.3,1.35,-16.4,3.14,25648027,3049083,91957927,-5980419,-4725471,-7388827,缩量,低,情绪退潮,观望,资金观望型,,D,回避：资金观望,1.0
002670,国盛证券,11.51,-60.7,0.99,-37.3,-6.83,-74769330,27323568,7356003,-9215056,-10308277,17296580,缩量,低,情绪退潮,观望,资金观望型,,D,回避：资金观望,-2.3
002655,共达电声,40.77,64.1,0.9,-11.7,-8.4,-427681243,-495601360,-153298958,232881748,258885879,-103396226,放量,低,游资情绪,抢筹,长线吸筹型,机构吸筹+盈利(关注),C,谨慎：资金流入未验证业绩,45.2
002663,普邦股份,1.73,-22.5,0.55,-9.2,6.83,14750607,20813826,15922221,-1448245,-3422295,1204959,缩量,中,主力惜售,进场,短线抢筹型,纯资金炒作(亏损风险),C,谨慎：纯资金炒作,26.3
002672,东江环保,3.67,-49.8,1.65,-2.1,-1.24,-1534014,-5372916,-9573537,1445595,-526344,-1810097,缩量,低,情绪退潮,观望,资金撤退型,,D,回避：资金撤退,-0.4
002671,龙泉股份,3.97,-28.5,1.02,-2.1,1.33,2585269,3742858,-3143065,1176046,-1055230,175964,缩量,低,情绪退潮,进场,趋势转多型,资金+业绩共振(双击候选),B,关注：资金+业绩共振,72.4
002674,兴业科技,19.29,-77.7,20.52,-20.1,-4.92,-41036719,-145723836,-227293900,4366889,-1728956,-11007775,缩量,低,情绪退潮,观望,资金撤退型,,D,回避：资金撤退,-1.6
002677,浙江美大,6.23,-53.8,1.61,-7.5,3.0,5106526,-5812348,-10720904,-2133932,-528927,1607574,缩量,低,情绪退潮,观望,资金观望型,,D,回避：资金观望,1.0
002676,顺威股份,5.26,-11.4,0.7,-17.8,-3.76,-9641336,-15123290,-39485434,-1620826,-654869,-2773453,缩量,低,情绪退潮,观望,资金撤退型,,D,回避：资金撤退,-1.3
002679,福建金森,10.71,852.1,0.55,60.3,-2.35,-19087168,-44572337,-88154861,8567250,-3855318,-41255027,放量,低,游资情绪,观望,资金撤退型,,D,回避：资金撤退,7.2
002683,广东宏大,27.5,-64.6,0.55,-6.7,-5.92,-49787117,-14377227,21246172,-1658272,-636549,-5608882,缩量,低,情绪退潮,观望,资金观望型,,D,回避：资金观望,-2.0
002681,奋达科技,4.57,-40.3,1.73,-36.0,2.58,18671401,-66885973,-57704685,-2906233,-6432404,-9018227,缩量,低,情绪退潮,观望,资金观望型,,D,回避：资金观望,0.9
002682,龙洲股份,5.08,37.1,0.93,-14.6,-2.54,-15438142,-25341668,-64159734,-856486,-2163773,5151395,缩量,低,情绪退潮,观望,资金撤退型,,D,回避：资金撤退,-0.8
002673,西部证券,6.73,-35.9,0.94,-37.8,-0.93,-6606643,-71943556,-145209733,22284894,19657647,-19206531,缩量,低,情绪退潮,吸筹,资金撤退型,机构吸筹+盈利(关注),C,谨慎：资金流入未验证业绩,23.7
002685,华东重机,5.31,-27.5,0.34,-14.0,-1.66,-8910149,-45067190,-90828243,-2356078,-1616478,2984110,缩量,低,情绪退潮,观望,资金撤退型,,D,回避：资金撤退,-0.6
002675,东诚药业,12.58,-77.6,0.63,-19.6,0.93,2223726,-12716011,-25239565,1879626,-748730,148900,缩量,低,情绪退潮,进场,资金观望型,资金+业绩共振(双击候选),B,关注：资金+业绩共振,72.3
002678,珠江钢琴,4.39,-40.1,0.51,-12.8,-2.83,-4566580,-83299230,-84379207,1686001,588305,-185961,缩量,低,情绪退潮,吸筹,资金撤退型,纯资金炒作(亏损风险),C,谨慎：纯资金炒作,3.1
002690,美亚光电,15.55,-62.4,1.04,-40.3,-7.43,-18037351,-29739919,-35073285,-3754334,-1057364,1263028,缩量,低,情绪退潮,观望,资金撤退型,,D,回避：资金撤退,-2.5
002686,亿利达,6.23,-46.6,0.26,-76.7,0.18,474137,-22440669,94557059,1938895,772281,-1500929,缩量,低,情绪退潮,进场,长线吸筹型,资金+业绩共振(双击候选),B,关注：资金+业绩共振,72.1
002687,乔治白,6.29,-48.4,1.3,-28.8,3.72,15083525,14845972,19118548,4517888,3803704,-1964741,缩量,低,情绪退潮,吸筹,资金观望型,资金+业绩共振(双击候选),B,关注：资金+业绩共振,65.2
002695,煌上煌,10.66,-31.2,1.4,-10.9,-0.04,-168161,-11570018,-2263090,-4679424,-9369412,244675,缩量,低,情绪退潮,观望,资金观望型,,D,回避：资金观望,-0.0
002693,双成药业,8.91,-56.4,1.87,-49.4,-1.58,-6337400,-19067413,45129780,3587526,442830,-11846971,缩量,低,情绪退潮,观望,长线吸筹型,,D,回避：资金观望,-0.5
002692,远程股份,4.31,-30.9,0.11,44.7,0.08,220620,16146234,-3235085,-1678900,-1529836,62261,缩量,低,情绪退潮,观望,趋势转多型,,D,回避：资金观望,0.0
002697,红旗连锁,4.56,-5.0,0.85,10.1,-2.97,-12981167,-15691514,-17844246,-995413,872100,-11205359,缩量,低,情绪退潮,观望,资金撤退型,,D,回避：资金撤退,-1.0
002688,金河生物,5.17,-27.1,1.03,-2.9,-3.38,-7552379,-17468836,-6650399,2424133,1423799,-431968,缩量,低,情绪退潮,吸筹,资金观望型,机构吸筹+盈利(关注),C,谨慎：资金流入未验证业绩,22.9
002698,博实股份,11.36,-71.1,3.28,-24.3,-2.5,-10006721,-17571657,-2558601,-70908,-1371113,200913,缩量,低,情绪退潮,观望,资金观望型,,D,回避：资金观望,-0.8
002700,万憬能源,6.34,-54.4,2.7,5.8,0.55,994972,4798018,1577576,-1647941,-1337177,2943744,缩量,低,情绪退潮,观望,趋势转多型,,D,回避：资金观望,0.2
002703,浙江世宝,15.58,16.4,0.5,-40.8,-4.1,-89155115,-389972513,283643447,15580283,5964969,-70960032,缩量,低,情绪退潮,观望,长线吸筹型,,D,回避：资金观望,-1.4
002702,海欣食品,5.4,161.1,1.67,328.7,-2.54,-51560330,-8520184,-13192462,-35207513,-15832886,54028922,放量,低,游资情绪,观望,资金观望型,,D,回避：资金观望,7.2
002705,新宝股份,11.4,7.0,0.11,1.6,-0.46,-1167470,3850392,-37595994,2870939,4149295,-6000934,缩量,低,情绪退潮,观望,资金观望型,,D,回避：资金观望,-0.2
002706,良信股份,8.48,26.6,0.42,-5.3,-4.43,-41465696,-143355483,-290533550,-70084149,-53974973,60263385,缩量,低,情绪退潮,观望,资金撤退型,,D,回避：资金撤退,-1.5
002707,众信旅游,5.0,-11.7,0.92,-16.4,-2.01,-11382186,-28608202,-56279118,3445179,-67009,-8585129,缩量,低,情绪退潮,观望,资金撤退型,,D,回避：资金撤退,-0.7
002696,百洋股份,6.54,176.4,1.33,65.6,-3.55,-31412182,7156612,35457853,10935338,11400536,-11373086,放量,低,游资情绪,抢筹,资金观望型,机构吸筹+盈利(关注),C,谨慎：资金流入未验证业绩,46.8
002708,光洋股份,17.26,215.0,0.69,91.6,-6.35,-188682195,70270324,346428041,65854379,54033811,-62767928,放量,低,游资情绪,观望,高位分歧型,,D,回避：资金观望,5.9
002701,奥瑞金,4.38,-60.4,0.9,-32.1,3.15,12171048,44120133,68957155,7227463,2516140,-13420799,缩量,低,情绪退潮,进场,主力建仓型,资金+业绩共振(双击候选),B,关注：资金+业绩共振,73.0
002709,天赐材料,32.88,-79.2,0.56,-38.0,-6.0,-344966589,-664337271,-1617201044,-35007046,-28274017,4496898,缩量,低,情绪退潮,观望,资金撤退型,,D,回避：资金撤退,-2.0
002712,思美传媒,5.03,-1.1,0.75,26.7,-2.13,-8759548,1598277,17705796,46404,-582421,5820427,缩量,低,情绪退潮,观望,资金观望型,,D,回避：资金观望,-0.7
002714,牧原股份,41.28,-55.9,1.61,1.8,-2.68,-209811046,-77926676,336918764,-79036578,-67426038,61304323,缩量,低,情绪退潮,观望,高位分歧型,,D,回避：资金观望,-0.9
002718,友邦吊顶,84.96,-61.9,1.34,2.5,-4.39,-16288698,-18886943,-12996427,-4864273,-1050274,6341611,缩量,低,情绪退潮,观望,资金观望型,,D,回避：资金观望,-1.5
002716,湖南白银,9.54,76.6,0.49,-60.0,-2.5,-174256282,-450610827,379270965,-259065527,-208485991,196523815,放量,低,游资情绪,观望,长线吸筹型,,D,回避：资金观望,7.2
002721,金一文化,2.68,21.4,1.01,-29.4,-2.29,-19381365,100717213,318214147,-2241607,-74876,6950853,缩量,低,情绪退潮,观望,高位分歧型,,D,回避：资金观望,-0.8
002723,小崧股份,7.6,-24.9,0.52,-18.9,0.27,949645,5659595,-13249085,-4883635,-3005095,6825769,缩量,低,情绪退潮,观望,趋势转多型,,D,回避：资金观望,0.1
002725,跃岭股份,11.0,-54.2,0.43,-5.1,-0.18,-375974,-2526238,-19673086,-3126574,-374227,3247629,缩量,低,情绪退潮,观望,资金撤退型,,D,回避：资金撤退,-0.1
002715,登云股份,13.1,-54.6,1.39,-34.2,0.32,555212,-7890411,-24825840,120882,0,-762421,缩量,低,情绪退潮,进场,资金观望型,纯资金炒作(亏损风险),C,谨慎：纯资金炒作,12.1
002727,一心堂,10.73,-54.8,2.01,-39.0,-1.96,-5040179,-9314697,-15247188,2455280,84997,-1435287,缩量,低,情绪退潮,观望,资金撤退型,,D,回避：资金撤退,-0.7
002713,东易日盛,9.93,-23.9,0.49,37.4,2.13,15103943,65526290,61630445,2509575,3568733,-8042063,缩量,低,情绪退潮,进场,趋势转多型,资金+业绩共振(双击候选),B,关注：资金+业绩共振,72.7
002728,特一药业,9.28,-52.0,2.6,18.8,-1.22,-8250650,6176836,-29693575,-4098405,-5234318,-3069271,缩量,低,情绪退潮,观望,资金观望型,,D,回避：资金观望,-0.4
002722,物产金轮,12.96,-51.7,0.45,-27.0,0.93,1263699,-64836,682831,733546,640500,-537792,缩量,低,情绪退潮,吸筹,资金观望型,资金+业绩共振(双击候选),B,关注：资金+业绩共振,64.3
002732,燕塘乳业,13.65,-28.0,1.4,9.9,0.88,888202,-1615613,-376432,-20204,826780,-1159470,缩量,低,情绪退潮,观望,资金观望型,,D,回避：资金观望,0.3
002733,雄韬股份,17.8,-59.8,0.56,15.4,-1.58,-13733807,-21782504,-73886486,-13449149,-11216161,10367510,缩量,低,情绪退潮,观望,资金撤退型,,D,回避：资金撤退,-0.5
002735,王子新材,12.06,3.8,2.21,134.7,3.46,103270148,95128843,86316916,-3138820,-1149060,27619012,缩量,低,情绪退潮,观望,资金观望型,,D,回避：资金观望,1.2
002724,海洋王,6.83,663.9,0.67,-42.5,1.44,9715876,-17860320,-60963101,1415875,-10243484,-21014555,放量,低,游资情绪,进场,资金观望型,资金+业绩共振(双击候选),B,关注：资金+业绩共振,80.5
002729,好利科技,13.7,-52.7,0.45,-20.7,-3.91,-8986582,-10274458,-30648703,8226369,9345845,-5772581,缩量,低,情绪退潮,吸筹,资金撤退型,机构吸筹+盈利(关注),C,谨慎：资金流入未验证业绩,22.7
002736,国信证券,9.75,-57.6,0.61,-22.5,-1.64,-16998845,-65657977,-63438766,-15168407,-5804937,-3109410,缩量,低,情绪退潮,观望,资金观望型,,D,回避：资金观望,-0.5
002730,电光科技,24.46,71.8,0.43,6.3,0.82,10452658,48319312,148400015,5053772,10419912,8639092,放量,低,游资情绪,抢筹,均衡流入型,资金+业绩共振(双击候选),B,关注：资金+业绩共振,88.3
002737,葵花药业,11.22,-72.5,3.3,-52.7,0.04,67760,6157259,44265148,-1352000,-1122000,580729,缩量,低,情绪退潮,观望,均衡流入型,,D,回避：资金观望,0.0
002738,中矿资源,44.29,-60.3,0.97,-37.0,-7.36,-343855907,-458334331,-225434596,-1166681,-31926586,29792781,缩量,低,情绪退潮,观望,资金观望型,,D,回避：资金观望,-2.5
002739,儒意电影,8.47,-74.2,2.34,6.8,-6.89,-105803033,-59689300,-160637240,10660228,14504136,-29828503,缩量,低,情绪退潮,观望,资金观望型,,D,回避：资金观望,-2.3
002741,光华科技,25.04,-17.2,2.62,21.2,3.3,135371966,102971964,-138555029,-75185921,-72571982,50812652,缩量,低,情绪退潮,观望,资金观望型,,D,回避：资金观望,1.1
002745,木林森,12.3,-29.9,2.64,16.4,-2.62,-106913634,11543453,11189296,-40472191,-29244822,74285661,缩量,低,情绪退潮,观望,资金观望型,,D,回避：资金观望,-0.9
002734,利民股份,18.34,174.7,0.58,52.5,0.55,12812068,18086795,163768192,37297911,22579189,9628766,放量,低,游资情绪,抢筹,长线吸筹型,资金+业绩共振(双击候选),B,关注：资金+业绩共振,88.2
002746,仙坛股份,6.45,-36.0,1.67,19.1,-7.99,-52651471,-94964901,-70634452,-7537842,-5839811,3164577,缩量,低,情绪退潮,观望,资金观望型,,D,回避：资金观望,-2.7
002742,冀衡医药,4.06,98.8,2.08,-50.9,-2.66,-14320979,-66790396,-392033908,-2025501,-884927,-3644155,放量,低,游资情绪,观望,资金撤退型,,D,回避：资金撤退,7.1
002747,埃斯顿,29.57,-73.0,17.37,-38.8,-3.55,-120203316,-285901146,-999368088,-2543394,7085843,-20710429,缩量,低,情绪退潮,观望,资金撤退型,,D,回避：资金撤退,-1.2
002748,世龙实业,12.02,-35.3,1.67,-27.4,-7.0,-17971870,-21502697,-35335470,-2098083,-81051,287326,缩量,低,情绪退潮,观望,资金撤退型,,D,回避：资金撤退,-2.3
002749,国光股份,8.4,-52.5,0.72,-7.0,-8.42,-9783754,-5031727,-21600034,-266024,583105,358043,缩量,低,情绪退潮,观望,资金观望型,,D,回避：资金观望,-2.8
002752,昇兴股份,6.23,-28.8,0.19,27.1,-2.75,-10965786,-17408948,-2636200,2339372,682945,-4277649,缩量,低,情绪退潮,观望,资金观望型,,D,回避：资金观望,-0.9
002757,南兴股份,17.54,-28.9,0.6,36.9,1.61,21614422,-15663421,65697267,-4038392,-1904637,12995017,缩量,低,情绪退潮,观望,资金观望型,,D,回避：资金观望,0.5
002755,奥赛康,11.29,-79.8,0.71,-52.4,-5.42,-18535905,-11189874,30043320,-978607,-567610,591303,缩量,低,情绪退潮,观望,高位分歧型,,D,回避：资金观望,-1.8
002756,永兴材料,40.85,-77.8,0.66,-47.5,-1.94,-24428865,-89569817,-224044628,5703989,-241398,-1131363,缩量,低,情绪退潮,观望,资金撤退型,,D,回避：资金撤退,-0.6
002758,浙农股份,8.62,30.6,0.64,-41.6,-5.13,-17313634,-31559918,13596233,-2014760,1459599,-1570519,缩量,低,情绪退潮,观望,长线吸筹型,,D,回避：资金观望,-1.7
002760,凤形股份,17.09,-53.5,0.65,-29.6,-1.56,-4146451,-17917308,-8550131,-461962,-790575,-1606530,缩量,低,情绪退潮,观望,资金观望型,,D,回避：资金观望,-0.5
002763,汇洁股份,7.18,-35.3,0.37,-21.6,-0.95,-1577052,-4320436,-1758522,-802673,-595595,70454,缩量,低,情绪退潮,观望,资金观望型,,D,回避：资金观望,-0.3
002761,浙江建投,7.13,-50.1,1.2,-6.7,-2.29,-6540097,25889092,24978982,-1867418,-1108580,-429531,缩量,低,情绪退潮,观望,资金观望型,,D,回避：资金观望,-0.8
002753,永东股份,6.67,445.7,0.75,63.3,3.73,20589579,23978026,5099160,2843244,-1679801,-2684959,放量,低,游资情绪,进场,趋势转多型,资金+业绩共振(双击候选),B,关注：资金+业绩共振,81.2
002767,先锋电子,17.63,-58.9,1.01,-5.9,-4.34,-7470540,-13894663,-11855591,-1932991,-3534330,1702425,缩量,低,情绪退潮,观望,资金观望型,,D,回避：资金观望,-1.4
002766,索菱股份,4.09,-48.9,1.37,7.9,1.61,4491660,14089038,-29537720,-2494279,-1092302,2118912,缩量,低,情绪退潮,观望,趋势转多型,,D,回避：资金观望,0.5
002765,蓝黛科技,6.83,-6.7,1.01,-23.5,-4.19,-13157611,-12167187,1126221,-7727703,-9734159,5376713,缩量,低,情绪退潮,观望,资金观望型,,D,回避：资金观望,-1.4
002769,普路通,6.65,92.2,0.49,11.6,-0.04,-210251,-29402384,23941603,-9363847,-5402857,17818743,放量,低,游资情绪,观望,长线吸筹型,,D,回避：资金观望,8.0
002771,真视通,13.63,-37.7,0.22,7.0,-2.57,-18783195,-16571305,-13363299,-358631,705217,4554528,缩量,低,情绪退潮,观望,资金观望型,,D,回避：资金观望,-0.9
002762,金发拉比,10.25,238.3,0.97,23.2,2.7,13089840,11179973,-18725764,1937498,854899,-6487822,放量,低,游资情绪,进场,资金观望型,纯资金炒作(亏损风险),C,谨慎：纯资金炒作,20.9
002772,众兴菌业,10.89,-0.7,0.58,-9.0,-6.61,-50894293,-9085364,-18755514,7551739,7801657,-13188053,缩量,低,情绪退潮,观望,资金观望型,,D,回避：资金观望,-2.2
002768,国恩股份,65.22,-42.4,5.51,-24.6,7.13,139898818,112294767,311122935,-13366860,-14330726,21713102,缩量,中,主力惜售,进场,资金观望型,资金+业绩共振(双击候选),B,关注：资金+业绩共振,86.4
002774,快意电梯,17.09,69.2,1.13,-1.5,1.62,14266911,1289915,-20396508,-34157342,-33438210,51926189,放量,低,游资情绪,观望,资金观望型,,D,回避：资金观望,8.5
002777,久远银海,12.34,-57.3,1.04,-14.6,-2.69,-6070903,800827,-2955529,1087041,420355,-852429,缩量,低,情绪退潮,观望,资金观望型,,D,回避：资金观望,-0.9
002773,康弘药业,19.26,-79.1,0.81,-37.1,-6.6,-27539063,-36980190,-41434341,3174681,2953933,-3666274,缩量,低,情绪退潮,观望,资金撤退型,,D,回避：资金撤退,-2.2
002775,文科股份,3.28,-53.6,1.74,-5.1,-0.55,-1114074,-7724357,-13359845,260173,-229971,-671217,缩量,低,情绪退潮,观望,资金撤退型,,D,回避：资金撤退,-0.2
002778,中晟高科,15.13,3.1,0.66,27.4,-4.01,-7880129,-1964885,-7311273,-5184511,-1627575,5447495,缩量,低,情绪退潮,观望,资金观望型,,D,回避：资金观望,-1.3
002779,中坚科技,81.04,-15.3,1.27,5.2,-3.79,-31323930,65036287,124177555,-1493588,3104241,8397172,缩量,低,情绪退潮,观望,高位分歧型,,D,回避：资金观望,-1.3
002782,可立克,14.87,-67.1,0.8,-18.7,-8.29,-36165764,-38283893,-41310590,-663239,-961866,-1638440,缩量,低,情绪退潮,观望,资金撤退型,,D,回避：资金撤退,-2.8
002783,凯龙股份,7.75,-25.9,0.5,-7.3,-1.86,-5036079,-23468274,-70433920,-1803617,-2803802,308546,缩量,低,情绪退潮,观望,资金撤退型,,D,回避：资金撤退,-0.6
002786,银宝山新,7.51,-51.4,2.26,-24.1,-1.64,-4185732,-11727957,-26051186,1425031,0,-1629966,缩量,低,情绪退潮,观望,资金撤退型,,D,回避：资金撤退,-0.5
002785,万里石,36.91,-15.6,0.94,-34.0,-2.36,-20318156,55097818,72017434,531720,-1013735,-8422762,缩量,低,情绪退潮,观望,资金观望型,,D,回避：资金观望,-0.8
002787,华源控股,25.22,33.2,1.08,88.2,3.75,86264979,360588576,339561833,-27042901,6589544,79466076,缩量,低,情绪退潮,观望,趋势转多型,,D,回避：资金观望,1.2
002788,鹭燕医药,10.57,-52.7,0.44,31.4,-1.17,-7307604,8568260,10674775,-14132522,-9596911,11911940,缩量,低,情绪退潮,观望,资金观望型,,D,回避：资金观望,-0.4
002790,瑞尔特,6.47,1354.2,0.6,527.1,-3.29,-65103459,-24750352,-20690832,-52516951,-10706013,35276772,放量,低,游资情绪,观望,资金观望型,,D,回避：资金观望,6.9
002780,三夫户外,13.34,151.4,1.46,29.7,6.25,31378298,20649410,25064217,7492294,-1650856,-36932275,放量,中,主力偏强放量,进场,资金观望型,资金+业绩共振(双击候选),B,关注：资金+业绩共振,90.1
002791,坚朗五金,14.13,-65.1,0.99,-6.7,-5.84,-10560079,-9798859,-19666146,239878,-565210,-359636,缩量,低,情绪退潮,观望,资金观望型,,D,回避：资金观望,-1.9
002793,罗欣药业,4.52,-77.7,1.05,-64.1,-8.26,-26650384,-28770100,-5108,4692437,1285750,-4101854,缩量,低,情绪退潮,观望,长线吸筹型,,D,回避：资金观望,-2.8
002798,帝欧水华,6.63,-16.1,0.47,36.3,-7.99,-27677076,-4572415,10251946,-229477,-3760731,-1065104,缩量,低,情绪退潮,观望,资金观望型,,D,回避：资金观望,-2.7
002799,环球印务,6.69,-21.8,0.58,1.5,0.87,1480815,-2832553,-1133987,-57977,0,-2046887,缩量,低,情绪退潮,观望,资金观望型,,D,回避：资金观望,0.3
002800,天顺股份,14.74,-31.3,0.5,-46.6,2.51,4938943,-4289586,10031435,-732958,0,-23717,缩量,低,情绪退潮,观望,资金观望型,,D,回避：资金观望,0.8
002792,通宇通讯,31.18,20.9,0.25,58.5,1.72,64073226,383111249,21893305,65318464,47744115,-40294706,缩量,低,情绪退潮,吸筹,趋势转多型,资金+业绩共振(双击候选),B,关注：资金+业绩共振,64.6
002801,微光股份,26.24,-62.6,1.06,1.3,0.88,850961,20878383,16840422,-2417161,-608210,3796820,缩量,低,情绪退潮,观望,趋势转多型,,D,回避：资金观望,0.3
002802,洪汇新材,11.95,-29.1,0.1,-43.9,-6.85,-7894232,-13803714,1193255,260893,-590655,643725,缩量,低,情绪退潮,观望,长线吸筹型,,D,回避：资金观望,-2.3
002803,吉宏股份,19.64,-47.6,0.65,-6.9,-2.91,-21988137,-66682008,-5650399,-11392515,-13620686,4716473,缩量,低,情绪退潮,观望,长线吸筹型,,D,回避：资金观望,-1.0
002796,世嘉科技,32.54,111.8,0.26,33.1,-0.82,-12503882,35871437,-24074608,149382372,173496842,-104037992,放量,低,游资情绪,抢筹,资金观望型,纯资金炒作(亏损风险),C,谨慎：纯资金炒作,27.7
002805,丰元股份,16.79,-72.2,1.37,-34.2,-0.47,-3599576,-37648551,-65743902,-2506082,-3104186,5200918,缩量,低,情绪退潮,观望,资金撤退型,,D,回避：资金撤退,-0.2
002797,第一创业,6.28,-45.9,0.32,-24.0,-5.93,-70110397,-103256906,-82678512,6323728,12308385,-9622500,缩量,低,情绪退潮,吸筹,资金观望型,机构吸筹+盈利(关注),C,谨慎：资金流入未验证业绩,22.0
002795,永和智控,7.24,101.9,0.76,90.1,6.01,51821628,69259915,89168752,295327,-4023910,-12514809,放量,中,主力偏强放量,进场,主力建仓型,纯资金炒作(亏损风险),C,谨慎：纯资金炒作,30.0
002807,江阴银行,4.19,17.6,0.71,-11.4,-0.26,-2672645,1740083,8040747,-12552295,-3621113,11438655,缩量,低,情绪退潮,观望,资金观望型,,D,回避：资金观望,-0.1
002810,山东赫达,20.65,-76.5,0.44,-19.4,-4.34,-15139042,-21130537,-5304595,-2025999,-1142092,5860242,缩量,低,情绪退潮,观望,资金观望型,,D,回避：资金观望,-1.4
002812,恩捷股份,47.9,-66.7,0.45,-27.1,-4.93,-166007488,-299209103,-901741920,7485406,-3969797,11233854,缩量,低,情绪退潮,观望,资金撤退型,,D,回避：资金撤退,-1.6
002806,华锋股份,14.82,80.0,1.77,20.2,6.45,48719012,43629299,31210750,-28444400,-30942494,-4370448,放量,中,主力偏强放量,进场,资金观望型,纯资金炒作(亏损风险),C,谨慎：纯资金炒作,30.1
002813,路畅科技,21.58,-16.2,0.32,-8.8,-1.85,-2583537,-1134303,-4488437,1424783,1309447,-2005058,缩量,低,情绪退潮,观望,资金观望型,,D,回避：资金观望,-0.6
002809,红墙股份,8.2,-32.5,0.69,-42.7,-4.66,-9841638,-18589903,-18925372,-763984,441444,-241522,缩量,低,情绪退潮,吸筹,资金撤退型,纯资金炒作(亏损风险),C,谨慎：纯资金炒作,2.4
002817,黄山胶囊,6.53,-44.5,0.68,-14.6,-0.53,-800560,4021837,11074330,693823,0,-1358737,缩量,低,情绪退潮,观望,高位分歧型,,D,回避：资金观望,-0.2
002815,崇达技术,23.77,196.8,1.8,286.3,0.62,80256676,111274574,315971082,-156482674,-147313111,160471635,放量,低,游资情绪,观望,均衡流入型,,D,回避：资金观望,8.2
002820,桂发祥,9.58,9.7,1.4,-52.5,-2.83,-9538169,-39007263,-106396208,964067,-570372,2056626,缩量,低,情绪退潮,观望,资金撤退型,,D,回避：资金撤退,-0.9
002811,郑中设计,15.08,269.7,0.84,-9.6,-0.08,-526728,-24681957,-7783945,14882016,5748913,-581051,放量,低,游资情绪,抢筹,资金观望型,机构吸筹+盈利(关注),C,谨慎：资金流入未验证业绩,48.0
002821,凯莱英,186.23,-2.4,2.76,-26.4,-0.38,-33876439,213778954,885705610,35210155,76275235,23757238,缩量,低,情绪退潮,观望,高位分歧型,,D,回避：资金观望,-0.1
002819,东方中科,21.11,-20.6,0.9,9.9,-2.91,-14068111,4910589,-19712163,-3196206,-994925,5821460,缩量,低,情绪退潮,观望,资金观望型,,D,回避：资金观望,-1.0
002823,凯中精密,12.52,-68.0,1.25,-24.4,-8.25,-14796782,-24571313,-53907883,140361,-920822,913955,缩量,低,情绪退潮,观望,资金撤退型,,D,回避：资金撤退,-2.8
002825,纳尔股份,9.46,200.1,0.2,6.7,-10.05,-26825854,-4551298,20938416,-21215364,-4720953,13272953,放量,低,游资情绪,观望,高位分歧型,,D,回避：资金观望,4.7
002826,易明医药,17.01,-51.1,1.21,-22.4,-5.98,-14547762,-16686929,-25900391,-3201986,-2912910,4845881,缩量,低,情绪退潮,观望,资金撤退型,,D,回避：资金撤退,-2.0
002827,高争民爆,67.88,100.3,4.81,7.5,-1.63,-44146566,209969919,439613420,3157160,-1053748,-10837209,放量,低,游资情绪,观望,高位分歧型,,D,回避：资金观望,7.5
002818,富森美,11.27,-12.6,1.65,19.4,6.03,14086720,32407175,29372538,-2763883,-609704,1976602,缩量,中,主力惜售,进场,短线抢筹型,资金+业绩共振(双击候选),B,关注：资金+业绩共振,86.0
002828,贝肯能源,10.61,-70.1,1.01,-27.2,-6.04,-34628442,-75644254,-44602797,-629337,-5700808,-605535,缩量,低,情绪退潮,观望,资金观望型,,D,回避：资金观望,-2.0
002824,和胜股份,29.68,232.2,0.6,16.7,-2.51,-86054325,-67033485,156372471,53967862,122127104,36342173,放量,低,游资情绪,抢筹,长线吸筹型,机构吸筹+盈利(关注),C,谨慎：资金流入未验证业绩,47.2
002830,名雕股份,14.45,-70.9,1.32,-35.8,-7.03,-13089746,-23167168,15632710,-1707123,-1264611,-648326,缩量,低,情绪退潮,观望,长线吸筹型,,D,回避：资金观望,-2.3
002831,裕同科技,27.95,-66.1,0.98,1.1,-2.67,-28775152,-43810027,-55485425,-8321901,-2060150,1199887,缩量,低,情绪退潮,观望,资金撤退型,,D,回避：资金撤退,-0.9
002832,比音勒芬,25.36,-56.5,1.87,-28.5,-6.26,-41440448,-30299611,-24601946,-2889736,3242001,5171308,缩量,低,情绪退潮,观望,资金观望型,,D,回避：资金观望,-2.1
002837,英维克,61.75,-40.5,0.4,-46.8,-1.42,-141648798,-1370577839,819369576,-46496103,-26709078,25091368,缩量,低,情绪退潮,观望,长线吸筹型,,D,回避：资金观望,-0.5
002835,同为股份,12.84,17.7,0.87,-5.4,0.25,445980,876105,-1146789,-4445,-71233,1781885,缩量,低,情绪退潮,观望,趋势转多型,,D,回避：资金观望,0.1
002838,道恩股份,25.01,-60.7,1.59,-30.3,-2.24,-13205676,-2199933,41831069,1713858,-2233127,3992837,缩量,低,情绪退潮,观望,长线吸筹型,,D,回避：资金观望,-0.7
002840,华统股份,8.07,-51.1,0.35,0.6,-2.29,-13262350,-32454765,-68134168,3392893,3178071,-8256605,缩量,低,情绪退潮,观望,资金撤退型,,D,回避：资金撤退,-0.8
002841,视源股份,46.95,-74.3,2.63,-28.6,-1.66,-19948884,-44533425,48736096,-10328138,-9558035,6668930,缩量,低,情绪退潮,观望,长线吸筹型,,D,回避：资金观望,-0.6
002829,星网宇达,19.95,-67.5,2.06,-16.4,1.26,6720476,-24622162,-24522244,4919591,8055365,-833548,缩量,低,情绪退潮,吸筹,资金观望型,纯资金炒作(亏损风险),C,谨慎：纯资金炒作,4.4
002842,翔鹭钨业,34.97,-23.9,1.06,-25.3,1.5,96364753,-37879079,-104773045,-76277999,-21077817,131876449,缩量,低,情绪退潮,观望,资金观望型,,D,回避：资金观望,0.5
002843,泰嘉股份,16.29,-58.8,0.34,-38.7,0.08,537060,-21941928,29228563,-2980478,134616,7097452,缩量,低,情绪退潮,观望,长线吸筹型,,D,回避：资金观望,0.0
002836,新宏泽,10.84,180.7,0.7,22.6,-0.15,-347342,4509712,-800126,20862657,27933432,-11410171,放量,低,游资情绪,抢筹,资金观望型,机构吸筹+盈利(关注),C,谨慎：资金流入未验证业绩,48.0
002833,弘亚数控,17.82,-74.2,1.35,-36.7,-2.01,-4927121,-11400538,-32125320,3504960,3544280,-2326225,缩量,低,情绪退潮,吸筹,资金撤退型,机构吸筹+盈利(关注),C,谨慎：资金流入未验证业绩,23.3
002845,同兴达,13.9,-70.7,1.8,-7.9,0.11,536482,-9423709,-21918503,-2285283,-3415187,4896822,缩量,低,情绪退潮,观望,资金观望型,,D,回避：资金观望,0.0
002839,张家港行,4.33,-2.9,0.84,2.0,4.2,30360356,76982264,54535918,4032570,4477243,-4597430,缩量,低,情绪退潮,进场,趋势转多型,资金+业绩共振(双击候选),B,关注：资金+业绩共振,73.4
002846,英联股份,11.97,531.3,0.2,97.6,4.78,50967897,54497356,61130075,-216152,-13561973,-44420360,放量,低,游资情绪,观望,均衡流入型,,D,回避：资金观望,9.6
002847,盐津铺子,42.02,-56.0,1.28,6.9,-6.11,-29674255,-13310782,-22827577,-974556,-1138806,-589835,缩量,低,情绪退潮,观望,资金观望型,,D,回避：资金观望,-2.0
002848,高斯贝尔,15.08,301.8,0.64,332.6,1.7,45591778,35941161,26508548,-8455655,-15263733,11057614,放量,低,游资情绪,观望,资金观望型,,D,回避：资金观望,8.6
002852,道道全,8.18,241.7,0.66,13.9,-5.73,-31371206,26425835,12690749,301256,-1775348,1948156,放量,低,游资情绪,观望,资金观望型,,D,回避：资金观望,6.1
002851,麦格米特,121.19,-47.3,1.98,-8.3,-0.76,-116900084,873830414,1651733318,-778452,13823803,54351224,缩量,低,情绪退潮,观望,高位分歧型,,D,回避：资金观望,-0.3
002849,威星智能,18.47,128.2,1.01,2.4,2.28,14863311,7486640,-64336966,6040053,-3816692,-5724258,放量,低,游资情绪,进场,资金观望型,资金+业绩共振(双击候选),B,关注：资金+业绩共振,80.8
002855,捷荣技术,12.44,456.3,0.97,36.6,-0.59,-7796410,-2499050,55361881,-9128646,780282,18150410,放量,低,游资情绪,观望,资金观望型,,D,回避：资金观望,7.8
002857,三晖电气,17.32,-50.2,0.99,-22.6,-2.53,-4292313,-15437945,2287138,-1364347,0,2112129,缩量,低,情绪退潮,观望,长线吸筹型,,D,回避：资金观望,-0.8
002859,洁美科技,66.9,-45.4,3.29,1.3,4.51,303198983,96627081,-126724743,-30544810,-37333407,18327476,缩量,低,情绪退潮,观望,资金观望型,,D,回避：资金观望,1.5
002858,力盛体育,11.43,-40.5,0.75,33.7,-2.35,-4881677,-16500702,-18220515,-1153049,-1003415,3023727,缩量,低,情绪退潮,观望,资金撤退型,,D,回避：资金撤退,-0.8
002861,瀛通通讯,14.68,-41.3,2.66,-3.2,-4.1,-13972300,-29958120,-68680174,-3402942,-1212702,4072388,缩量,低,情绪退潮,观望,资金撤退型,,D,回避：资金撤退,-1.4
002862,实丰文化,15.42,126.3,0.78,59.8,-4.37,-23865204,26931939,68325325,-550529,5543135,283454,放量,低,游资情绪,观望,高位分歧型,,D,回避：资金观望,6.5
002850,科达利,168.36,-59.9,1.16,15.9,-1.65,-49699048,-76508666,-216420854,18480054,18439701,-9296801,缩量,低,情绪退潮,吸筹,资金撤退型,机构吸筹+盈利(关注),C,谨慎：资金流入未验证业绩,23.4
002863,今飞凯达,4.73,-40.9,0.96,-25.8,2.22,4571227,2687571,-21271355,-1413748,-617612,2585191,缩量,低,情绪退潮,观望,资金观望型,,D,回避：资金观望,0.7
002865,钧达股份,37.13,-62.4,0.34,-17.1,-1.8,-17577145,2682454,-179281418,-2900815,-1821549,3159274,缩量,低,情绪退潮,观望,资金观望型,,D,回避：资金观望,-0.6
002853,皮阿诺,21.58,-43.6,0.36,-68.9,4.29,5594803,12069441,31731538,3222525,3375354,20047,缩量,低,情绪退潮,进场,主力建仓型,纯资金炒作(亏损风险),C,谨慎：纯资金炒作,13.4
002866,传艺科技,14.41,-65.7,0.12,-12.4,0.79,3158615,-6271677,-35665500,-483731,640975,1139796,缩量,低,情绪退潮,观望,资金观望型,,D,回避：资金观望,0.3
002867,周大生,10.22,-23.1,1.15,-52.5,-12.81,-42320576,-68576491,-27858431,-8537694,-4684040,8106554,缩量,低,情绪退潮,观望,长线吸筹型,,D,回避：资金观望,-4.3
002860,星帅尔,16.75,-55.9,1.86,-23.6,0.88,8065554,-66586365,-15357722,8718357,8646667,-12655258,缩量,低,情绪退潮,进场,资金观望型,资金+业绩共振(双击候选),B,关注：资金+业绩共振,72.3
002868,绿康生化,22.82,-30.8,1.89,183.3,-7.38,-25769546,62676932,64284823,2044368,0,-2824657,缩量,低,情绪退潮,观望,资金观望型,,D,回避：资金观望,-2.5
002864,盘龙药业,20.46,-75.6,1.3,-38.7,-5.16,-8649424,-18516105,-52464098,1101979,2822664,-2084406,缩量,低,情绪退潮,吸筹,资金撤退型,机构吸筹+盈利(关注),C,谨慎：资金流入未验证业绩,22.3
002869,金溢科技,15.34,-59.1,0.81,-13.6,-1.13,-1308813,-4685852,-2611348,836294,0,-1598262,缩量,低,情绪退潮,观望,资金观望型,,D,回避：资金观望,-0.4
002870,香山股份,50.75,80.1,1.71,-23.4,1.93,31358057,31851853,-15518569,-13407642,-7342009,11310755,放量,低,游资情绪,观望,趋势转多型,,D,回避：资金观望,8.6
002871,伟隆股份,17.4,-68.5,2.27,-16.2,-9.85,-25025695,-45146439,-37930756,-1129520,-568492,-1860636,缩量,低,情绪退潮,观望,资金观望型,,D,回避：资金观望,-3.3
002875,安奈儿,12.62,-57.9,0.26,-22.8,-2.57,-6468806,-10914868,12922773,-4826581,-1473800,6465524,缩量,低,情绪退潮,观望,长线吸筹型,,D,回避：资金观望,-0.9
002876,三利谱,31.58,-36.1,1.04,57.3,-1.45,-17526217,-20254713,-1292053,-6225609,-453398,19062778,缩量,低,情绪退潮,观望,资金观望型,,D,回避：资金观望,-0.5
002880,卫光生物,20.71,-14.3,0.91,-57.1,-2.93,-5332096,-21699622,50347521,-1406343,609425,182355,缩量,低,情绪退潮,观望,长线吸筹型,,D,回避：资金观望,-1.0
002879,长缆科技,16.21,-78.2,1.47,-13.4,-0.7,-3075939,8486069,20901030,-5869330,-2446006,13063023,缩量,低,情绪退潮,观望,资金观望型,,D,回避：资金观望,-0.2
002878,元隆雅图,12.67,-36.5,0.42,-16.2,-1.74,-3950678,-14404462,-19337734,-959201,1097129,1622494,缩量,低,情绪退潮,观望,资金撤退型,,D,回避：资金撤退,-0.6
002881,美格智能,42.82,7.5,2.79,28.7,-10.98,-191390642,37516947,153766272,4484919,-5347283,14540961,缩量,低,情绪退潮,观望,资金观望型,,D,回避：资金观望,-3.7
002873,新天药业,8.1,-53.7,0.97,-38.1,1.64,2971109,472369,-4252361,1316527,0,820980,缩量,低,情绪退潮,进场,资金观望型,资金+业绩共振(双击候选),B,关注：资金+业绩共振,72.5
002882,金龙羽,23.03,172.2,0.69,6.4,3.91,72266951,90722867,379240032,-2426118,4069058,-8333878,放量,低,游资情绪,观望,均衡流入型,,D,回避：资金观望,9.3
002884,凌霄泵业,15.49,-63.2,0.6,-31.8,-1.62,-1857606,201058,-9283193,-3361157,-1502599,1160671,缩量,低,情绪退潮,观望,资金观望型,,D,回避：资金观望,-0.5
002885,京泉华,27.55,-53.7,0.62,93.5,-7.56,-168940548,204304501,134325527,-14462231,-9926915,15913982,缩量,低,情绪退潮,观望,资金观望型,,D,回避：资金观望,-2.5
002877,智能自控,7.48,52.3,0.71,6.7,3.62,6813060,16470701,12846991,4020096,1829963,-2938812,放量,低,游资情绪,进场,趋势转多型,资金+业绩共振(双击候选),B,关注：资金+业绩共振,81.2
002886,沃特股份,26.17,199.1,1.48,32.2,3.3,179743702,21641353,674190877,-33149373,-16307332,48742335,放量,低,游资情绪,观望,资金观望型,,D,回避：资金观望,9.1
002887,绿茵生态,8.99,-52.5,0.47,-35.4,-5.24,-7365771,-20633280,-18189679,898502,-584148,-1611979,缩量,低,情绪退潮,观望,资金观望型,,D,回避：资金观望,-1.7
002889,东方嘉盛,11.75,-72.8,3.55,-44.5,-2.15,-2142217,-8860548,-13210134,-272501,0,366747,缩量,低,情绪退潮,观望,资金撤退型,,D,回避：资金撤退,-0.7
002891,中宠股份,27.16,-79.3,0.56,15.6,-5.11,-31705771,-41299608,-90686612,-3761125,-1694224,2522503,缩量,低,情绪退潮,观望,资金撤退型,,D,回避：资金撤退,-1.7
002892,科力尔,8.6,-66.7,1.23,-1.2,-1.94,-3438827,-8832027,-22898724,-659892,-850000,-218603,缩量,低,情绪退潮,观望,资金撤退型,,D,回避：资金撤退,-0.6
002893,京能热力,10.13,93.6,0.51,47.6,-3.43,-33374504,-84861338,42076744,-5403016,-1456927,3891906,放量,低,游资情绪,观望,长线吸筹型,,D,回避：资金观望,6.9
002895,川恒股份,30.61,-64.5,0.74,-26.8,-1.97,-12980102,-16945752,-25210099,32491,-174413,-8255893,缩量,低,情绪退潮,观望,资金撤退型,,D,回避：资金撤退,-0.7
002896,中大力德,60.88,-61.9,2.72,-41.9,-5.21,-68282722,-137835131,-361826352,1459027,-2838556,-9631207,缩量,低,情绪退潮,观望,资金撤退型,,D,回避：资金撤退,-1.7
002888,惠威科技,18.89,-20.1,1.88,10.9,4.84,14180799,-22914336,-8487397,-352488,812992,-624723,缩量,低,情绪退潮,吸筹,资金观望型,资金+业绩共振(双击候选),B,关注：资金+业绩共振,65.6
002890,弘宇股份,14.36,-49.9,0.85,-22.4,1.76,2004434,-10481492,3884921,644684,-2177,-252185,缩量,低,情绪退潮,进场,长线吸筹型,资金+业绩共振(双击候选),B,关注：资金+业绩共振,72.6
002899,英派斯,19.48,-6.6,0.56,19.7,3.6,15510808,17859293,-452773,-4114004,-2752086,2374420,缩量,低,情绪退潮,观望,趋势转多型,,D,回避：资金观望,1.2
002901,大博医疗,38.69,-79.0,1.64,-64.4,-8.4,-13423857,-25810393,-54693377,-1066527,2118867,754212,缩量,低,情绪退潮,观望,资金撤退型,,D,回避：资金撤退,-2.8
002900,哈三联,11.82,-25.7,4.05,-74.7,-3.06,-12887860,-29141788,-216065996,3466411,1489503,-8338600,缩量,低,情绪退潮,观望,资金撤退型,,D,回避：资金撤退,-1.0
002905,金逸影视,8.43,-6.7,0.66,-7.0,-4.38,-10817920,-6485118,-9255011,-3204402,-6297999,310200,缩量,低,情绪退潮,观望,资金观望型,,D,回避：资金观望,-1.5
002897,意华股份,69.47,0.3,1.16,189.1,5.09,408453414,801495404,820496183,-91944399,-77972259,52433399,缩量,中,主力惜售,进场,主力强攻型,资金+业绩共振(双击候选),B,关注：资金+业绩共振,85.7
002908,德生科技,6.86,-54.1,1.28,-29.5,-0.65,-854802,-6635470,-11849415,-1531272,-533112,1559377,缩量,低,情绪退潮,观望,资金撤退型,,D,回避：资金撤退,-0.2
002907,华森制药,13.58,-24.1,2.6,-65.0,-5.7,-26597500,-54321004,-126636556,3139042,289978,-703659,缩量,低,情绪退潮,观望,资金撤退型,,D,回避：资金撤退,-1.9
002909,集泰股份,6.49,686.0,0.62,473.9,-1.33,-29085799,-216973792,-76349471,-23024687,-10344551,48264218,放量,低,游资情绪,观望,资金观望型,,D,回避：资金观望,7.6
002902,铭普光磁,29.16,49.9,0.45,86.8,7.75,387597392,451273777,608279383,-5483220,-10433941,32655599,缩量,中,主力惜售,进场,均衡流入型,纯资金炒作(亏损风险),C,谨慎：纯资金炒作,26.6
002911,佛燃能源,11.18,-49.1,0.84,-3.8,-1.45,-4062420,-3606284,3202494,228968,461260,-1020031,缩量,低,情绪退潮,观望,资金观望型,,D,回避：资金观望,-0.5
002910,庄园牧场,9.78,-74.4,6.66,74.8,-5.63,-23266795,-9256523,-11569784,343771,1514274,1221346,缩量,低,情绪退潮,观望,资金观望型,,D,回避：资金观望,-1.9
002906,华阳集团,27.92,19.1,0.51,-56.9,-5.78,-43027368,-94699733,-101312572,15594374,6829680,-6775251,缩量,低,情绪退潮,吸筹,资金撤退型,机构吸筹+盈利(关注),C,谨慎：资金流入未验证业绩,22.1
002912,中新赛克,23.4,886.8,0.65,470.2,-3.75,-90356096,-101615964,-113164567,-5785143,-11383125,-25273233,放量,低,游资情绪,观望,资金撤退型,,D,回避：资金撤退,6.8
002903,宇环数控,30.77,103.5,1.06,-41.2,2.89,51733873,43521963,195391179,12880560,18668142,-12897212,放量,低,游资情绪,抢筹,资金观望型,纯资金炒作(亏损风险),C,谨慎：纯资金炒作,29.0
002915,中欣氟材,17.04,-65.8,2.43,-20.0,-3.39,-20832252,-24609563,45837731,-6054687,-4971970,6498014,缩量,低,情绪退潮,观望,长线吸筹型,,D,回避：资金观望,-1.1
002916,深南电路,383.68,-45.6,1.42,25.6,3.31,506142632,1225472880,1672866508,-229131514,-145356902,282205306,缩量,低,情绪退潮,观望,主力建仓型,,D,回避：资金观望,1.1
002913,奥士康,82.15,161.9,1.14,179.7,-2.59,-130900941,-44579321,37690495,-2157519,-11943371,-40761163,放量,低,游资情绪,观望,资金观望型,,D,回避：资金观望,7.1
002919,名臣健康,16.53,-62.8,0.98,-3.1,-2.97,-6553091,3625975,-21850828,-1596236,571516,4327514,缩量,低,情绪退潮,观望,资金观望型,,D,回避：资金观望,-1.0
002921,联诚精密,20.51,-66.9,0.89,-35.6,0.85,2921230,-20655450,5636228,-1368502,-142505,3220885,缩量,低,情绪退潮,观望,长线吸筹型,,D,回避：资金观望,0.3
002920,德赛西威,84.43,-17.4,0.74,-15.7,-5.36,-120770645,-255182117,-42071817,33985435,25728849,3374192,缩量,低,情绪退潮,观望,长线吸筹型,,D,回避：资金观望,-1.8
002923,润都股份,10.96,-66.7,1.51,-35.3,-1.99,-4457353,-3590606,-8793625,-347832,338100,1505914,缩量,低,情绪退潮,观望,资金观望型,,D,回避：资金观望,-0.7
002918,蒙娜丽莎,11.04,54.1,1.93,-8.8,6.7,91321231,58815406,135562722,4230768,1535451,-949669,放量,中,主力偏强放量,吸筹,资金观望型,资金+业绩共振(双击候选),B,关注：资金+业绩共振,82.2
002917,金奥博,10.08,-40.5,0.53,7.5,-3.58,-5582762,-6228358,-26480516,1675179,2583770,-343927,缩量,低,情绪退潮,吸筹,资金撤退型,机构吸筹+盈利(关注),C,谨慎：资金流入未验证业绩,22.8
002925,盈趣科技,24.43,-31.8,2.15,14.8,0.63,13313064,-28369028,-29333725,-12478992,-14311494,11293183,缩量,低,情绪退潮,观望,资金观望型,,D,回避：资金观望,0.2
002930,宏川智慧,8.99,-67.7,1.32,-27.2,-0.76,-2318534,-28282565,-18001888,-1116941,-1422053,-2008998,缩量,低,情绪退潮,观望,资金观望型,,D,回避：资金观望,-0.3
002928,华夏航空,6.39,-53.9,1.34,10.1,-2.5,-17165965,-63470734,-70043694,3229088,283793,-683579,缩量,低,情绪退潮,观望,资金撤退型,,D,回避：资金撤退,-0.8
002929,润建股份,50.76,-66.3,1.01,-26.6,-2.36,-41626625,-117021887,-218492099,414221,-1265101,-15108510,缩量,低,情绪退潮,观望,资金撤退型,,D,回避：资金撤退,-0.8
002931,锋龙股份,41.0,-78.4,1.31,-17.2,-8.85,-75472144,-110593487,-210750362,-10702213,-4370885,6468807,缩量,低,情绪退潮,观望,资金撤退型,,D,回避：资金撤退,-2.9
002922,伊戈尔,23.16,-54.0,0.56,29.2,-4.69,-65370263,23645149,-52752725,18565722,17476270,-15153996,缩量,低,情绪退潮,吸筹,资金观望型,机构吸筹+盈利(关注),C,谨慎：资金流入未验证业绩,22.4
002933,新兴装备,27.18,6.6,0.65,10.4,0.43,811572,-19976385,-30632145,-123357,-1598205,279151,缩量,低,情绪退潮,观望,资金观望型,,D,回避：资金观望,0.1
002935,天奥电子,15.8,-44.3,0.39,0.8,-2.28,-8443776,-10577397,-37299274,-1962038,-1075401,-2739438,缩量,低,情绪退潮,观望,资金撤退型,,D,回避：资金撤退,-0.8
002926,华西证券,8.18,-66.6,1.0,-34.4,1.74,8583179,3328955,21130225,236638,-1610682,-5492885,缩量,低,情绪退潮,进场,资金观望型,资金+业绩共振(双击候选),B,关注：资金+业绩共振,72.6
002927,泰永长征,19.05,215.7,1.03,81.9,2.71,30631709,37265240,4866711,52837453,41726969,-62765798,放量,低,游资情绪,抢筹,趋势转多型,纯资金炒作(亏损风险),C,谨慎：纯资金炒作,28.9
002938,鹏鼎控股,90.71,-38.0,0.95,23.1,-2.74,-263412015,74280016,930618357,103269246,82184429,-187942661,缩量,低,情绪退潮,观望,高位分歧型,,D,回避：资金观望,-0.9
002937,兴瑞科技,27.05,-67.8,1.54,-31.0,-10.62,-78470784,-136747156,9596989,-10711229,-6499993,24548737,缩量,低,情绪退潮,观望,长线吸筹型,,D,回避：资金观望,-3.5
002939,长城证券,7.79,-67.0,1.5,-21.1,-6.62,-36850663,-48177406,-62061860,-4643521,-2519977,1447764,缩量,低,情绪退潮,观望,资金撤退型,,D,回避：资金撤退,-2.2
002942,新农股份,16.4,244.1,0.64,-32.8,-8.41,-39556974,-69863328,-148781607,-1953094,-3363733,94342,放量,低,游资情绪,观望,资金撤退型,,D,回避：资金撤退,5.2
002940,昂利康,22.85,-74.4,0.3,4.8,-3.84,-26094496,102105886,347313222,2889048,-2445825,-10634717,缩量,低,情绪退潮,观望,高位分歧型,,D,回避：资金观望,-1.3
002941,新疆交建,10.47,-60.4,0.71,-41.5,-7.31,-25814122,-31458396,-22326903,2086306,1150496,-1910918,缩量,低,情绪退潮,观望,资金观望型,,D,回避：资金观望,-2.4
002943,宇晶股份,29.88,-58.6,0.5,-36.9,-2.16,-22708139,-65971261,-20854623,17334155,14645622,-15506956,缩量,低,情绪退潮,观望,资金观望型,,D,回避：资金观望,-0.7
002936,郑州银行,1.74,-2.1,1.92,6.8,4.25,41429127,43925224,30629111,360198,-3803829,-8955339,缩量,低,情绪退潮,进场,趋势转多型,资金+业绩共振(双击候选),B,关注：资金+业绩共振,73.4
002945,华林证券,13.85,-51.5,1.26,-21.7,-3.23,-25990936,-50732299,146048739,-14987340,-10543281,11334106,缩量,低,情绪退潮,观望,长线吸筹型,,D,回避：资金观望,-1.1
002948,青岛银行,6.02,-29.5,0.77,-2.8,-1.98,-21585196,-141403977,-144903425,-24046002,-20213532,18851520,缩量,低,情绪退潮,观望,资金撤退型,,D,回避：资金撤退,-0.7
002947,恒铭达,63.96,-22.8,0.39,-40.0,-2.04,-38988564,-6880848,483318353,18140426,15321791,-18241782,缩量,低,情绪退潮,观望,长线吸筹型,,D,回避：资金观望,-0.7
002950,奥美医疗,8.43,-58.2,0.23,-23.7,-3.48,-6594889,-16807866,-35034784,-870754,1038230,4415903,缩量,低,情绪退潮,观望,资金撤退型,,D,回避：资金撤退,-1.2
002949,华阳国际,12.36,153.1,0.44,-40.7,-2.81,-13096210,14163493,130116007,3726937,113484,-6511804,放量,低,游资情绪,观望,高位分歧型,,D,回避：资金观望,7.1
002951,金时科技,15.78,-68.9,0.81,-29.0,-3.29,-6700374,149579,-21647098,-648654,-612132,-3945976,缩量,低,情绪退潮,观望,资金观望型,,D,回避：资金观望,-1.1
002952,亚世光电,18.96,3.2,0.23,-0.6,-2.41,-9348532,-11906841,48357006,-2251054,154930,4895874,缩量,低,情绪退潮,观望,长线吸筹型,,D,回避：资金观望,-0.8
002946,新乳业,14.43,-67.4,2.16,-30.4,-5.0,-13968120,2497050,-10068640,3096882,2803408,-1728389,缩量,低,情绪退潮,吸筹,资金观望型,机构吸筹+盈利(关注),C,谨慎：资金流入未验证业绩,22.3
002953,日丰股份,10.48,32.8,1.18,-21.7,-7.31,-54433133,19298794,79009982,-5264013,682457,11710540,缩量,低,情绪退潮,观望,高位分歧型,,D,回避：资金观望,-2.4
002957,科瑞技术,41.83,19.9,0.45,5.2,3.41,107219628,186205592,79139260,-57205139,-55125791,42677312,缩量,低,情绪退潮,观望,趋势转多型,,D,回避：资金观望,1.1
002959,小熊电器,31.61,-65.3,0.66,-14.4,-1.8,-1249726,-5112212,-10875480,-647178,-868580,1306789,缩量,低,情绪退潮,观望,资金撤退型,,D,回避：资金撤退,-0.6
002960,青鸟智控,8.37,-51.6,0.5,18.1,3.51,8574362,-7777043,-27308182,-1761862,1517872,3681077,缩量,低,情绪退潮,观望,资金观望型,,D,回避：资金观望,1.2
002962,五方光电,13.39,-57.4,0.56,31.0,-0.22,-1266141,1433794,-18513206,5618527,1210461,6790136,缩量,低,情绪退潮,观望,资金观望型,,D,回避：资金观望,-0.1
002965,祥鑫科技,28.28,-74.9,6.14,-25.9,-6.09,-64362027,-143897069,-338865085,1160086,-4617460,6617874,缩量,低,情绪退潮,观望,资金撤退型,,D,回避：资金撤退,-2.0
002967,广电计量,16.97,-64.5,0.4,4.7,-2.36,-6726321,-4140870,-31740156,-4433982,-2940566,1700337,缩量,低,情绪退潮,观望,资金观望型,,D,回避：资金观望,-0.8
002966,苏州银行,9.03,-47.3,1.91,9.2,-0.31,-5060883,-136572348,-62354879,1565803,963842,486027,缩量,低,情绪退潮,观望,资金观望型,,D,回避：资金观望,-0.1
002955,鸿合科技,36.48,-32.2,3.67,22.6,0.58,7046094,51218130,73250583,8391603,3146652,-10215182,缩量,低,情绪退潮,进场,均衡流入型,资金+业绩共振(双击候选),B,关注：资金+业绩共振,72.2
002968,新大正,9.3,8.1,0.83,-26.0,-1.31,-2075821,-3440537,313976,2265846,-137918,-372274,缩量,低,情绪退潮,观望,资金观望型,,D,回避：资金观望,-0.4
002956,西麦食品,17.29,138.3,2.65,73.2,4.74,28544673,24388570,19648658,5962156,11185389,-31044529,放量,低,游资情绪,抢筹,资金观望型,资金+业绩共振(双击候选),B,关注：资金+业绩共振,89.6
002958,青农商行,2.96,-24.0,1.01,1.7,-0.36,-4295362,-16187778,-15934152,11405176,12761760,-9489327,缩量,低,情绪退潮,吸筹,资金观望型,机构吸筹+盈利(关注),C,谨慎：资金流入未验证业绩,23.9
002961,瑞达期货,20.71,331.9,0.49,7.1,6.2,81043192,92534084,127780602,-17963747,-25906840,14609459,放量,中,主力偏强放量,进场,均衡流入型,资金+业绩共振(双击候选),B,关注：资金+业绩共振,90.1
002969,嘉美包装,11.27,-69.7,0.47,55.6,-6.94,-80333504,149522798,25732653,-16532885,-7826997,23708558,缩量,低,情绪退潮,观望,资金观望型,,D,回避：资金观望,-2.3
002963,豪尔赛,19.9,62.6,1.3,-39.5,4.36,25724412,116857183,169767653,3862953,-229120,-729320,放量,低,游资情绪,进场,主力建仓型,纯资金炒作(亏损风险),C,谨慎：纯资金炒作,21.5
002970,锐明技术,43.6,-50.2,0.48,74.0,-7.45,-52683636,21900111,-23625598,2438315,-312705,-6057628,缩量,低,情绪退潮,观望,资金观望型,,D,回避：资金观望,-2.5
002972,科安达,13.13,-48.2,1.56,81.1,1.97,8859125,53566894,44513480,-1091067,-2132527,4755257,缩量,低,情绪退潮,观望,趋势转多型,,D,回避：资金观望,0.7
002971,和远气体,38.8,-55.3,3.16,-27.6,1.8,43421656,-81245719,353183197,-24129276,-3931222,46918060,缩量,低,情绪退潮,观望,长线吸筹型,,D,回避：资金观望,0.6
002979,雷赛智能,54.28,-67.8,3.57,-40.2,-3.65,-48841931,-175607845,-293399775,11303068,924654,-14285091,缩量,低,情绪退潮,观望,资金撤退型,,D,回避：资金撤退,-1.2
002981,朝阳科技,24.9,111.8,1.86,35.3,1.18,4536020,9326658,1743627,-10470635,464822,7723704,放量,低,游资情绪,观望,趋势转多型,,D,回避：资金观望,8.4
002973,侨银股份,13.56,148.6,1.28,34.9,-0.46,-3990546,-3287218,52409585,13390268,5501469,-24105759,放量,低,游资情绪,抢筹,长线吸筹型,机构吸筹+盈利(关注),C,谨慎：资金流入未验证业绩,47.8
002982,湘佳股份,12.31,-22.3,0.27,69.5,-4.4,-10427243,-7712853,-17679354,1131943,-252324,-1951981,缩量,低,情绪退潮,观望,资金观望型,,D,回避：资金观望,-1.5
002984,森麒麟,12.87,-51.1,1.14,-8.1,-2.2,-12932895,-1993850,-47674264,4044778,457875,-10203515,缩量,低,情绪退潮,观望,资金观望型,,D,回避：资金观望,-0.7
002983,芯瑞达,21.85,-65.2,1.31,-21.4,3.36,7842240,9335559,20300046,-1590480,-1768489,379597,缩量,低,情绪退潮,观望,均衡流入型,,D,回避：资金观望,1.1
002985,北摩高科,27.51,-30.0,0.24,49.2,-0.99,-5401748,11237809,16761034,-13873552,-8927089,6835401,缩量,低,情绪退潮,观望,资金观望型,,D,回避：资金观望,-0.3
002980,华盛昌,116.39,17.4,0.53,42.5,-5.98,-367996934,191847124,564436657,9065163,16085445,38235751,缩量,低,情绪退潮,观望,高位分歧型,,D,回避：资金观望,-2.0
002976,瑞玛精密,26.42,120.3,3.83,92.0,4.98,93595755,79073957,91299221,3629127,4379983,-5446470,放量,低,游资情绪,进场,资金观望型,资金+业绩共振(双击候选),B,关注：资金+业绩共振,81.7
002975,博杰股份,104.7,34.2,0.67,-39.0,-1.54,-84867084,142427769,689155511,22366269,31148567,-13516571,缩量,低,情绪退潮,吸筹,高位分歧型,机构吸筹+盈利(关注),C,谨慎：资金流入未验证业绩,23.5
002987,京北方,10.81,-38.0,1.6,-38.7,-3.73,-22529732,-65326107,-33771505,2037681,2642902,-8946009,缩量,低,情绪退潮,观望,资金观望型,,D,回避：资金观望,-1.2
002988,豪美新材,31.21,103.4,0.54,51.6,1.99,21185716,129716148,204688707,-890292,-106023,2708718,放量,低,游资情绪,观望,均衡流入型,,D,回避：资金观望,8.7
002978,安宁股份,24.92,-51.9,0.65,-17.4,0.92,2743521,2408743,-18495075,398722,149239,-176973,缩量,低,情绪退潮,进场,资金观望型,资金+业绩共振(双击候选),B,关注：资金+业绩共振,72.3
002990,盛视科技,49.49,-56.3,0.53,-10.6,-0.85,-12770722,41659618,23113532,11324037,2401711,-20197706,缩量,低,情绪退潮,观望,资金观望型,,D,回避：资金观望,-0.3
002986,宇新股份,13.01,-48.3,0.53,-5.9,1.99,5337189,-18305444,13316570,2232301,2941202,-3900389,缩量,低,情绪退潮,进场,长线吸筹型,纯资金炒作(亏损风险),C,谨慎：纯资金炒作,12.7
002991,甘源食品,37.24,-56.9,0.41,-26.0,-3.76,-4663796,-8971152,-21423513,328189,-167003,545020,缩量,低,情绪退潮,观望,资金撤退型,,D,回避：资金撤退,-1.3
002993,奥海科技,35.77,-80.2,1.04,-12.8,-5.24,-34130096,-56496528,-75041446,2444955,1933494,1087685,缩量,低,情绪退潮,观望,资金撤退型,,D,回避：资金撤退,-1.7
002989,中天精装,23.39,-40.5,2.58,-7.2,0.25,1511639,12796137,59598370,12013062,5321725,-284378,缩量,低,情绪退潮,吸筹,长线吸筹型,纯资金炒作(亏损风险),C,谨慎：纯资金炒作,4.1
002992,宝明科技,33.2,-53.8,0.35,24.4,-3.99,-8094605,-2901983,-33350452,-2371938,-1898199,3237006,缩量,低,情绪退潮,观望,资金观望型,,D,回避：资金观望,-1.3
002996,顺博合金,5.91,-46.7,0.72,-24.1,-0.98,-1938941,2696834,-309811,-904564,-607680,-1433670,缩量,低,情绪退潮,观望,资金观望型,,D,回避：资金观望,-0.3
002998,优彩资源,7.77,7.8,0.73,126.8,-1.68,-16759927,594973,-16657118,3012952,1953941,5544904,缩量,低,情绪退潮,观望,资金观望型,,D,回避：资金观望,-0.6
002997,瑞鹄模具,26.67,142.2,0.8,67.9,-10.54,-112396951,-99338184,-116062761,-6331341,-4771992,7202291,放量,低,游资情绪,观望,资金观望型,,D,回避：资金观望,4.5
003000,劲仔食品,9.28,-62.7,0.6,-29.3,-7.91,-10923627,-16141839,-26585900,-2387697,-1415200,1455641,缩量,低,情绪退潮,观望,资金撤退型,,D,回避：资金撤退,-2.6
002999,天禾股份,6.32,277.8,0.37,116.6,-8.43,-70308769,-49179677,33854497,2055895,1899651,6195137,放量,低,游资情绪,观望,高位分歧型,,D,回避：资金观望,5.2
003002,壶化股份,16.25,195.8,0.53,538.5,-0.91,-11960598,70596187,62650374,-7023786,-4416469,8862466,放量,低,游资情绪,观望,资金观望型,,D,回避：资金观望,7.7
003005,竞业达,14.49,135.9,1.17,120.9,-0.85,-9294054,-293269226,-158875862,402671,-490829,3712545,放量,低,游资情绪,观望,资金观望型,,D,回避：资金观望,7.7
003004,声迅股份,60.67,-34.3,7.29,126.9,-4.78,-49138328,-36453425,-13219366,-11324904,-5442125,13923812,缩量,低,情绪退潮,观望,资金观望型,,D,回避：资金观望,-1.6
002995,天地在线,16.67,-59.8,0.79,-23.8,0.79,3046908,-9463746,-416282,1488931,123294,-2616566,缩量,低,情绪退潮,进场,资金观望型,纯资金炒作(亏损风险),C,谨慎：纯资金炒作,12.3
003001,中岩大地,20.32,158.0,6.59,62.0,7.56,87273636,71731576,35480596,47016936,65643366,-39309259,放量,中,主力偏强放量,抢筹,资金观望型,资金+业绩共振(双击候选),B,关注：资金+业绩共振,98.5
003003,天元股份,10.63,-37.5,0.99,3.8,0.07,143069,-3252564,-2065006,161601,-512946,-1097978,缩量,低,情绪退潮,进场,资金观望型,资金+业绩共振(双击候选),B,关注：资金+业绩共振,72.0
003008,开普检测,18.97,-32.1,0.32,25.0,-3.27,-4666806,-3405816,-4545244,-758077,-553366,1500443,缩量,低,情绪退潮,观望,资金观望型,,D,回避：资金观望,-1.1
003007,直真科技,39.02,-48.1,0.47,-14.1,-2.12,-8262904,-15179095,-16798305,233574,-374939,1605750,缩量,低,情绪退潮,观望,资金撤退型,,D,回避：资金撤退,-0.7
003009,中天火箭,47.02,-75.1,1.37,26.6,0.01,58736,16737016,4001608,-6148028,-6626684,11956684,缩量,低,情绪退潮,观望,趋势转多型,,D,回避：资金观望,0.0
003011,海象新材,19.28,-49.1,1.11,-7.6,-0.47,-789321,-18377296,-40008983,-215549,-51899,-292148,缩量,低,情绪退潮,观望,资金撤退型,,D,回避：资金撤退,-0.2
003010,若羽臣,29.6,-54.3,1.64,-52.5,-1.82,-15927027,-57572199,47150943,662525,264211,4287813,缩量,低,情绪退潮,观望,长线吸筹型,,D,回避：资金观望,-0.6
003012,东鹏控股,4.46,-39.0,0.97,-14.0,2.73,4030305,9607211,-2379399,-365212,1933275,-3703123,缩量,低,情绪退潮,观望,趋势转多型,,D,回避：资金观望,0.9
003015,日久光电,12.39,-41.8,0.87,-10.4,-1.41,-3591476,-2704980,-16431635,825405,269344,520923,缩量,低,情绪退潮,观望,资金观望型,,D,回避：资金观望,-0.5
003018,金富科技,48.8,24.2,0.54,-12.1,-1.83,-59157082,40109026,689110375,18327078,11360022,-25392728,缩量,低,情绪退潮,观望,高位分歧型,,D,回避：资金观望,-0.6
003016,欣贺股份,7.24,22.7,1.08,31.4,-3.78,-7280545,-8063999,-4996479,-1030738,684574,3745910,缩量,低,情绪退潮,观望,资金观望型,,D,回避：资金观望,-1.3
003017,大洋生物,21.72,-53.3,1.12,-28.7,2.93,3872919,921343,702929,-3307868,-3826899,1863167,缩量,低,情绪退潮,观望,资金观望型,,D,回避：资金观望,1.0
003006,百亚股份,20.04,889.9,0.44,455.8,15.01,731607196,887290305,908115911,248443391,48355236,-193773048,放量,高,主力主导放量🔥(最强),进场,主力强攻型,资金+业绩共振(双击候选),A,金股候选：资金强攻+业绩共振,97
003019,宸展光电,27.24,-49.2,0.57,-17.9,-1.82,-6893495,-12785492,26888995,-8377570,-5692411,3867530,缩量,低,情绪退潮,观望,长线吸筹型,,D,回避：资金观望,-0.6
003020,立方制药,16.68,-84.9,7.34,-60.3,-4.04,-8603954,-184188,-30395229,-1187169,-247160,16191,缩量,低,情绪退潮,观望,资金观望型,,D,回避：资金观望,-1.3
003013,地铁设计,18.2,-18.7,5.64,-5.3,3.12,34616099,42369444,6473115,4982785,2698496,-7194629,缩量,低,情绪退潮,进场,趋势转多型,资金+业绩共振(双击候选),B,关注：资金+业绩共振,73.0
003021,兆威机电,68.43,-42.2,1.16,-47.2,-3.95,-28377719,-33932826,-37281143,16541594,9883508,-16102664,缩量,低,情绪退潮,观望,资金撤退型,,D,回避：资金撤退,-1.3
003023,彩虹集团,25.19,-32.8,0.22,-45.7,-0.6,-1166503,21128750,58610917,983772,834673,3789727,缩量,低,情绪退潮,观望,高位分歧型,,D,回避：资金观望,-0.2
003025,思进智能,11.85,-77.5,1.87,-24.0,0.57,774348,-6833552,-10852439,-1347235,587500,724238,缩量,低,情绪退潮,观望,资金观望型,,D,回避：资金观望,0.2
003027,同兴科技,16.04,-59.7,0.1,-21.2,0.1,121925,-1049495,-1486830,-1025108,0,721877,缩量,低,情绪退潮,观望,资金观望型,,D,回避：资金观望,0.0
003030,祖名股份,25.42,-59.9,1.92,-9.3,-0.09,-276734,-507451,35684965,-3122925,-2447356,1415492,缩量,低,情绪退潮,观望,长线吸筹型,,D,回避：资金观望,-0.0
003022,联泓新科,19.74,-38.7,0.58,-16.6,-0.18,-1263540,-8725182,-43240710,4254756,6322380,-3052467,缩量,低,情绪退潮,吸筹,资金撤退型,机构吸筹+盈利(关注),C,谨慎：资金流入未验证业绩,23.9
003031,中瓷电子,137.4,126.3,0.7,-5.2,2.99,229779976,451633582,143608019,-29207837,-66416593,-54395449,放量,低,游资情绪,观望,趋势转多型,,D,回避：资金观望,9.0
003033,征和工业,83.52,30.6,2.14,107.1,4.13,41908554,57427838,71379954,-7922963,-15138226,16822581,缩量,低,情绪退潮,观望,均衡流入型,,D,回避：资金观望,1.4
003026,中晶科技,37.0,-3.7,2.11,81.9,10.67,207263230,210803360,175186582,32728539,31712170,-5206208,缩量,高,主力控盘,控盘,趋势转多型,控盘+盈利(稳健),B,关注：控盘稳健+盈利,71.6
003035,南网能源,5.55,47.5,0.16,-2.1,3.96,89274774,54778288,182036101,-20192921,-15286940,21842732,缩量,低,情绪退潮,观望,资金观望型,,D,回避：资金观望,1.3
003032,传智教育,8.99,69.5,8.96,-35.2,-8.02,-93599470,-234779175,-469409144,10448910,3079768,-20807983,放量,低,游资情绪,观望,资金撤退型,,D,回避：资金撤退,5.3
003028,振邦智能,23.07,7.3,0.74,42.3,0.64,1410645,-2552276,-4018952,76564,515130,1292898,缩量,低,情绪退潮,进场,资金观望型,资金+业绩共振(双击候选),B,关注：资金+业绩共振,72.2
003029,吉大正元,17.33,86.4,0.94,201.5,7.98,80920565,81387409,70964027,2503003,3154836,-7539528,放量,中,主力偏强放量,进场,趋势转多型,纯资金炒作(亏损风险),C,谨慎：纯资金炒作,30.7
003037,三和管桩,5.72,-45.9,1.6,24.8,-4.18,-5111515,-12208897,-7786493,151216,842344,177486,缩量,低,情绪退潮,观望,资金观望型,,D,回避：资金观望,-1.4
003039,顺控发展,12.42,142.2,0.26,91.2,-0.74,-7808933,-54978972,22540715,-10050588,-4653773,5023301,放量,低,游资情绪,观望,长线吸筹型,,D,回避：资金观望,7.8
003040,楚天龙,15.74,531.9,1.3,-23.9,-8.47,-367667269,19084648,510470113,1849564,-20436324,-34690753,放量,低,游资情绪,观望,高位分歧型,,D,回避：资金观望,5.2
003041,真爱美家,38.2,-45.2,0.35,4.5,-1.27,-3827646,1227221,1831297,2094028,2368290,-2515718,缩量,低,情绪退潮,观望,资金观望型,,D,回避：资金观望,-0.4
003036,泰坦股份,55.45,-18.2,1.02,-7.7,1.13,23110039,-57183867,139944416,15206227,3270357,-28148340,缩量,低,情绪退潮,进场,长线吸筹型,资金+业绩共振(双击候选),B,关注：资金+业绩共振,72.4
003042,中农联合,14.06,16.1,0.59,-39.2,-3.1,-8297534,-17219701,-17677409,939248,1281133,-1640003,缩量,低,情绪退潮,观望,资金撤退型,,D,回避：资金撤退,-1.0
003038,鑫铂股份,10.42,-27.1,0.38,8.6,-0.68,-1203175,-1677251,-13726666,4397482,5244690,-3433254,缩量,低,情绪退潮,吸筹,资金撤退型,纯资金炒作(亏损风险),C,谨慎：纯资金炒作,3.8
003043,华亚智能,63.17,-62.8,4.9,-28.7,1.86,24609792,-146527740,-154482678,-14795813,-7873582,21602642,缩量,低,情绪退潮,观望,资金观望型,,D,回避：资金观望,0.6
600000,浦发银行,9.06,-43.0,1.01,-19.1,-5.0,-161169220,-358563625,-447032864,-17640139,-9756903,21632669,缩量,低,情绪退潮,观望,资金撤退型,,D,回避：资金撤退,-1.7
600004,白云机场,7.6,-52.4,1.45,-31.4,-5.0,-14671184,-38979367,-67603197,4197914,1693109,-5907847,缩量,低,情绪退潮,观望,资金撤退型,,D,回避：资金撤退,-1.7
600008,首创环保,2.73,-34.1,1.21,-0.9,-3.02,-30145473,-43310734,-19173878,5118425,3962001,-8762322,缩量,低,情绪退潮,观望,资金观望型,,D,回避：资金观望,-1.0
003816,中国广核,4.25,-15.5,0.66,-18.3,3.12,69380717,27399583,-270959809,11070130,29155097,-2064536,缩量,低,情绪退潮,吸筹,资金观望型,资金+业绩共振(双击候选),B,关注：资金+业绩共振,65.0
600009,XD上海机,22.47,-27.2,1.82,-10.6,-6.87,-57094854,7210514,-40326402,-70199069,-86859584,29114997,缩量,低,情绪退潮,观望,资金观望型,,D,回避：资金观望,-2.3
600015,华夏银行,6.27,-41.2,1.5,-36.0,-8.35,-191161218,-87021992,-622235969,-31541367,-19202142,5529867,缩量,低,情绪退潮,观望,资金观望型,,D,回避：资金观望,-2.8
600010,包钢股份,2.11,-51.0,0.41,-30.3,-4.15,-132637517,-272031873,-365086861,-42412779,-41888644,38225882,缩量,低,情绪退潮,观望,资金撤退型,,D,回避：资金撤退,-1.4
600006,东风股份,5.34,-11.3,0.98,48.0,-3.24,-15298052,-29693295,-43239833,9982352,7700922,-2585236,缩量,低,情绪退潮,吸筹,资金撤退型,纯资金炒作(亏损风险),C,谨慎：纯资金炒作,2.9
600007,中国国贸,19.91,2.5,1.03,-9.3,1.25,2899611,5019444,18124595,1186305,-739015,2950071,缩量,低,情绪退潮,进场,长线吸筹型,资金+业绩共振(双击候选),B,关注：资金+业绩共振,72.4
600011,华能国际,6.77,-60.1,1.18,11.7,-7.76,-157623155,-99599648,-338953738,-31881235,-25800886,15814800,缩量,低,情绪退潮,观望,资金观望型,,D,回避：资金观望,-2.6
600017,日照港,2.84,-5.0,1.01,-36.5,-0.41,-1901175,10167413,-3366178,10287258,5811649,-10377845,缩量,低,情绪退潮,观望,资金观望型,,D,回避：资金观望,-0.1
600016,民生银行,3.55,-29.1,1.47,2.3,1.32,65351364,-208222601,-76209841,-88044074,-96101768,53685252,缩量,低,情绪退潮,观望,资金观望型,,D,回避：资金观望,0.4
600021,上海电力,13.3,-58.6,1.33,67.0,-2.01,-60445531,72154,-163192149,-46680615,-27283931,56172103,缩量,低,情绪退潮,观望,资金观望型,,D,回避：资金观望,-0.7
600012,皖通高速,16.13,-54.1,1.57,20.5,1.54,6611116,11415153,16722115,1885123,48804,3166188,缩量,低,情绪退潮,进场,均衡流入型,资金+业绩共振(双击候选),B,关注：资金+业绩共振,72.5
600025,华能水电,9.73,-49.5,1.25,-8.8,-1.94,-25796856,-9690248,71273308,-5879637,-8394345,-11705195,缩量,低,情绪退潮,观望,长线吸筹型,,D,回避：资金观望,-0.6
600018,上港集团,5.43,-19.8,1.6,-21.1,1.37,16430267,-39568675,-91799636,37564118,35090864,-25876400,缩量,低,情绪退潮,吸筹,资金观望型,资金+业绩共振(双击候选),B,关注：资金+业绩共振,64.5
600019,宝钢股份,5.72,-36.1,0.97,-0.9,-4.03,-95677772,-144591535,-368033468,37097560,32889853,-19151378,缩量,低,情绪退潮,吸筹,资金撤退型,机构吸筹+盈利(关注),C,谨慎：资金流入未验证业绩,22.7
600020,中原高速,3.84,-3.5,1.1,-30.4,9.63,20642123,16783804,20746197,2408390,5146703,-4869159,缩量,中,主力惜售,吸筹,资金观望型,资金+业绩共振(双击候选),B,关注：资金+业绩共振,79.2
600022,山东钢铁,1.31,-32.8,0.93,3.3,-0.52,-2771425,13445235,4939505,3982637,6523479,-3752946,缩量,低,情绪退潮,吸筹,资金观望型,机构吸筹+盈利(关注),C,谨慎：资金流入未验证业绩,23.8
600029,南方航空,4.86,-64.8,0.62,4.8,-11.82,-149515263,-75764298,-45675722,8561502,11640966,173974,缩量,低,情绪退潮,观望,资金观望型,,D,回避：资金观望,-3.9
600028,中国石化,5.14,-32.3,1.03,-21.3,-4.51,-245251239,-252009812,-142634935,21650651,19256034,-30024372,缩量,低,情绪退潮,观望,资金观望型,,D,回避：资金观望,-1.5
600027,华电国际,4.78,-40.7,0.65,-3.9,-6.36,-101650702,-161629602,-132022677,-6139379,-11855083,10471143,缩量,低,情绪退潮,观望,资金观望型,,D,回避：资金观望,-2.1
600030,中信证券,26.16,-60.9,1.6,-13.7,-5.83,-700559346,-1018451929,-229775503,-418333986,-401783573,329421311,缩量,低,情绪退潮,观望,长线吸筹型,,D,回避：资金观望,-1.9
600023,浙能电力,5.06,-18.5,0.7,73.2,0.7,9234723,163956841,161946262,10061491,12349818,-6752837,缩量,低,情绪退潮,吸筹,趋势转多型,资金+业绩共振(双击候选),B,关注：资金+业绩共振,64.2
600032,浙江新能,7.05,-16.2,0.2,170.3,1.7,31124192,31636632,-27508400,-15484846,-2111546,14189587,缩量,低,情绪退潮,观望,趋势转多型,,D,回避：资金观望,0.6
600031,三一重工,18.07,5.9,1.51,10.6,-4.12,-348882262,-617093444,-443522785,-77133406,48133939,237461864,缩量,低,情绪退潮,观望,资金观望型,,D,回避：资金观望,-1.4
600026,中远海能,22.09,80.3,0.85,23.7,-0.21,-17282074,690665390,597649699,38629336,71001132,49909595,放量,低,游资情绪,抢筹,资金观望型,机构吸筹+盈利(关注),C,谨慎：资金流入未验证业绩,47.9
600038,中直股份,27.01,-51.7,1.01,-21.5,-6.76,-44798383,-75654293,-114969690,6715246,5655393,-8535819,缩量,低,情绪退潮,观望,资金撤退型,,D,回避：资金撤退,-2.3
600036,招商银行,40.6,-41.7,1.71,-14.8,-8.2,-1061056510,-1229051053,-333897237,-316723256,-349113030,296391250,缩量,低,情绪退潮,观望,长线吸筹型,,D,回避：资金观望,-2.7
600039,四川路桥,8.81,-37.4,0.82,-39.0,-0.69,-4121297,-104922779,-211469381,5273035,1778809,-16437651,缩量,低,情绪退潮,观望,资金撤退型,,D,回避：资金撤退,-0.2
600033,福建高速,3.62,40.3,1.06,17.7,2.66,14046351,33104972,39582208,9631081,10403471,-9506462,缩量,低,情绪退潮,吸筹,主力建仓型,资金+业绩共振(双击候选),B,关注：资金+业绩共振,64.9
600051,宁波联合,6.1,-28.6,0.52,-15.0,-0.36,-493014,59957,3553344,1170793,-3000,1149168,缩量,低,情绪退潮,观望,资金观望型,,D,回避：资金观望,-0.1
600050,中国联通,4.2,-47.7,0.87,-3.1,-1.52,-35858565,-108501470,-119014375,25504146,37157348,16841813,缩量,低,情绪退潮,观望,资金撤退型,,D,回避：资金撤退,-0.5
600035,楚天高速,3.67,14.1,1.33,-45.0,2.78,6269993,-16990804,-57138900,5771980,8976737,-3966330,缩量,低,情绪退潮,吸筹,资金观望型,资金+业绩共振(双击候选),B,关注：资金+业绩共振,64.9
600056,中国医药,8.91,-76.7,0.71,-45.2,-5.46,-16680360,-21069495,-70159149,2359279,3200323,-4560450,缩量,低,情绪退潮,观望,资金撤退型,,D,回避：资金撤退,-1.8
600055,万东医疗,10.0,-56.5,1.37,-5.3,3.5,6578240,-2337766,-16613778,-2162265,-2509672,808518,缩量,低,情绪退潮,观望,资金观望型,,D,回避：资金观望,1.2
600057,厦门象屿,5.91,-28.3,0.57,13.9,2.78,22103270,34376497,102941419,-341543,2345504,7700862,缩量,低,情绪退潮,观望,均衡流入型,,D,回避：资金观望,0.9
600037,歌华有线,6.97,-42.7,1.51,-15.8,2.43,10553230,41965389,81271371,2583121,287638,-7596205,缩量,低,情绪退潮,进场,主力建仓型,资金+业绩共振(双击候选),B,关注：资金+业绩共振,72.8
600048,保利发展,5.04,-24.6,1.47,-36.9,0.4,10738716,579369,-389494560,4019300,4675189,-23518856,缩量,低,情绪退潮,进场,资金观望型,资金+业绩共振(双击候选),B,关注：资金+业绩共振,72.1
600054,黄山旅游,10.67,19.4,0.66,27.0,-2.81,-19668967,-47744715,-26626339,2295681,618219,-337182,缩量,低,情绪退潮,吸筹,资金观望型,机构吸筹+盈利(关注),C,谨慎：资金流入未验证业绩,23.1
600052,东望时代,3.72,80.1,0.2,48.1,1.76,6342654,-17225915,-28602243,1599513,-662545,1239560,放量,低,游资情绪,进场,资金观望型,纯资金炒作(亏损风险),C,谨慎：纯资金炒作,20.6
600061,国投资本,6.19,-56.0,1.04,0.5,0.07,803651,3107845,-69422327,-15981129,-19760379,9540610,缩量,低,情绪退潮,观望,趋势转多型,,D,回避：资金观望,0.0
600060,海信视像,27.73,-62.7,1.24,-21.3,-4.99,-56097393,-171148513,-243320538,-6189958,-2639773,21555964,缩量,低,情绪退潮,观望,资金撤退型,,D,回避：资金撤退,-1.7
600058,五矿发展,9.0,-74.6,1.25,-33.7,1.63,4629959,7147482,-51257447,2528356,2890828,-8604369,缩量,低,情绪退潮,进场,趋势转多型,资金+业绩共振(双击候选),B,关注：资金+业绩共振,72.5
600062,华润双鹤,15.8,-72.4,1.41,-35.9,-3.9,-12902106,-19956848,-42184993,2359315,-364098,-488412,缩量,低,情绪退潮,观望,资金撤退型,,D,回避：资金撤退,-1.3
600059,古越龙山,9.85,1199.2,0.82,334.9,6.68,152870822,388606391,379384772,-22845990,-22065315,51841327,放量,中,主力偏强放量,进场,短线抢筹型,资金+业绩共振(双击候选),B,关注：资金+业绩共振,90.2
600063,皖维高新,5.46,-75.3,2.42,-28.3,-3.53,-26973690,-56741555,-210402305,-24818992,-22386253,12077864,缩量,低,情绪退潮,观望,资金撤退型,,D,回避：资金撤退,-1.2
600066,宇通客车,26.33,-54.5,0.88,1.8,-6.32,-128031453,-322463539,-197906523,1667912,-8578211,-11922740,缩量,低,情绪退潮,观望,资金观望型,,D,回避：资金观望,-2.1
600067,冠城新材,2.73,-22.0,0.76,7.7,1.38,3492145,-28629894,-44675514,-6841531,-1880651,5306534,缩量,低,情绪退潮,观望,资金观望型,,D,回避：资金观望,0.5
600071,凤凰光学,16.31,-43.8,0.45,-11.8,-2.79,-4896238,-8843421,-8960032,-1036423,576666,3468787,缩量,低,情绪退潮,观望,资金撤退型,,D,回避：资金撤退,-0.9
600073,光明肉业,5.49,30.7,1.25,-20.4,-1.38,-3994253,-11022493,-21713028,-3596054,-3159696,1970005,缩量,低,情绪退潮,观望,资金撤退型,,D,回避：资金撤退,-0.5
600075,新疆天业,4.5,-30.8,0.68,20.0,-4.39,-21224407,-15545314,-16511843,-14643708,-15872541,11197320,缩量,低,情绪退潮,观望,资金观望型,,D,回避：资金观望,-1.5
600072,中船科技,8.83,-23.2,0.21,140.4,-2.68,-27382281,-23797805,-48261273,-15517797,-11850994,10688142,缩量,低,情绪退潮,观望,资金观望型,,D,回避：资金观望,-0.9
600078,澄星股份,10.16,-76.6,0.91,-32.3,-10.43,-60466747,-141855472,-143270707,-7522886,-2635991,14915447,缩量,低,情绪退潮,观望,资金撤退型,,D,回避：资金撤退,-3.5
600064,南京高科,7.74,-25.4,0.67,-8.6,3.94,23483904,40575123,33063917,2175116,4521737,-3018838,缩量,低,情绪退潮,吸筹,趋势转多型,资金+业绩共振(双击候选),B,关注：资金+业绩共振,65.3
600076,康欣新材,2.18,-23.2,1.81,136.4,-15.3,-79963545,-148117937,-153778201,-5616529,-901448,6238523,缩量,低,情绪退潮,观望,资金撤退型,,D,回避：资金撤退,-5.1
600081,东风科技,10.36,-7.6,0.97,11.2,-2.49,-3743637,-9143703,-13797921,-1740857,-1810304,3060553,缩量,低,情绪退潮,观望,资金撤退型,,D,回避：资金撤退,-0.8
600089,特变电工,17.91,-70.5,0.58,-11.8,-11.54,-534302017,-369129563,-1519205068,-102676505,-83163595,114074334,缩量,低,情绪退潮,观望,资金观望型,,D,回避：资金观望,-3.8
600085,同仁堂,23.22,-84.3,2.85,-23.8,-6.96,-25663169,-40134497,-99808393,2419827,-752430,-4722443,缩量,低,情绪退潮,观望,资金撤退型,,D,回避：资金撤退,-2.3
600098,广州发展,6.27,-47.3,0.79,-10.0,-6.39,-40224784,-67311866,-96358447,2411043,990280,-4003699,缩量,低,情绪退潮,观望,资金撤退型,,D,回避：资金撤退,-2.1
600094,大名城,4.07,-2.5,0.83,10.8,4.01,19021046,48676965,83795837,-2681086,-809016,-4637554,缩量,低,情绪退潮,观望,主力建仓型,,D,回避：资金观望,1.3
600095,湘财股份,8.61,32.1,1.93,-24.6,-2.87,-59513267,46457706,369688124,24874076,-3567897,-69737063,缩量,低,情绪退潮,观望,高位分歧型,,D,回避：资金观望,-1.0
600097,开创国际,9.23,31.2,0.9,100.6,-4.87,-12846171,-15040530,-23514778,-740782,-1239715,-1263596,缩量,低,情绪退潮,观望,资金撤退型,,D,回避：资金撤退,-1.6
600096,云天化,28.29,-36.3,0.47,-22.2,-11.66,-442226065,-557440112,-595171887,-46491262,-16637100,28875349,缩量,低,情绪退潮,观望,资金撤退型,,D,回避：资金撤退,-3.9
600099,林海股份,9.1,-4.3,0.66,3.6,-1.22,-1811522,-3461570,-3366711,-437075,-537757,1582822,缩量,低,情绪退潮,观望,资金观望型,,D,回避：资金观望,-0.4
600100,同方股份,6.74,-55.9,0.62,0.2,3.65,29407498,-1417093,-59086015,-9620978,-10653439,662370,缩量,低,情绪退潮,观望,资金观望型,,D,回避：资金观望,1.2
600088,中视传媒,16.2,1599.4,1.47,516.2,3.79,138641749,187773683,186021244,61492447,74055283,-33534592,放量,低,游资情绪,抢筹,趋势转多型,纯资金炒作(亏损风险),C,谨慎：纯资金炒作,29.3
600101,明星电力,7.89,10.4,0.49,249.1,3.36,34552963,12311368,-17866065,-10096197,-7374957,14364153,缩量,低,情绪退潮,观望,资金观望型,,D,回避：资金观望,1.1
600103,青山纸业,3.55,311.9,0.09,-11.5,0.87,37598647,180369031,392714088,-26086822,-33537232,131002855,放量,低,游资情绪,观望,均衡流入型,,D,回避：资金观望,8.3
600105,永鼎股份,45.14,73.7,0.79,37.4,4.8,1753073005,2942971801,2022897358,-1228754824,-1224741785,1012691073,放量,低,游资情绪,观望,趋势转多型,,D,回避：资金观望,9.6
600108,亚盛集团,4.23,627.0,0.53,144.6,-5.66,-469605302,-457280702,-383857369,11473327,-8748292,-57092295,放量,低,游资情绪,观望,资金观望型,,D,回避：资金观望,6.1
600109,国金证券,8.17,-55.7,1.34,-18.2,-6.55,-55792627,-67185171,-50517555,-18501000,-13816536,-3954826,缩量,低,情绪退潮,观望,资金观望型,,D,回避：资金观望,-2.2
600111,北方稀土,36.73,-62.9,0.58,-30.6,-7.7,-444886829,-838157706,-2085381249,-211210642,-162760287,236346491,缩量,低,情绪退潮,观望,资金撤退型,,D,回避：资金撤退,-2.6
600104,上汽集团,11.19,-16.5,1.18,167.4,7.22,455481616,555566815,657734226,31197393,19876172,-44522594,缩量,中,主力惜售,进场,均衡流入型,资金+业绩共振(双击候选),B,关注：资金+业绩共振,86.4
600114,东睦股份,27.78,-23.7,1.25,-23.8,-10.3,-182495653,-234585150,-144663202,14291265,23149939,19607740,缩量,低,情绪退潮,观望,资金观望型,,D,回避：资金观望,-3.4
600116,三峡水利,6.15,-48.5,0.86,-10.0,-2.16,-9478191,-4342520,4925705,-5125193,-4818249,-1719069,缩量,低,情绪退潮,观望,资金观望型,,D,回避：资金观望,-0.7
600106,重庆路桥,4.43,-32.3,0.54,-21.7,0.48,1167518,-230276,18770616,-552772,1298984,-231422,缩量,低,情绪退潮,吸筹,长线吸筹型,资金+业绩共振(双击候选),B,关注：资金+业绩共振,64.2
600118,中国卫星,57.39,-76.8,0.44,-20.1,-2.98,-150799496,-194189602,-1761189623,-89497012,-80525077,77544659,缩量,低,情绪退潮,观望,资金撤退型,,D,回避：资金撤退,-1.0
600110,诺德股份,11.87,0.1,0.92,-31.8,5.2,528530421,185675068,497404917,-194930549,-155553877,226829078,缩量,中,主力惜售,进场,资金观望型,纯资金炒作(亏损风险),C,谨慎：纯资金炒作,25.7
600120,浙江东方,4.71,-69.3,0.7,6.5,2.72,21054951,9149578,15749342,-6911410,-3738832,7058105,缩量,低,情绪退潮,观望,资金观望型,,D,回避：资金观望,0.9
600121,郑州煤电,5.07,321.9,1.35,27.0,-5.57,-248788060,-225997973,35355341,9859957,5718451,4711509,放量,低,游资情绪,观望,高位分歧型,,D,回避：资金观望,6.1
600113,浙江东日,30.72,-51.0,1.73,81.3,1.06,9720083,29012191,-7153326,976729,-100713,-9617910,缩量,低,情绪退潮,进场,趋势转多型,资金+业绩共振(双击候选),B,关注：资金+业绩共振,72.4
600125,铁龙物流,5.27,-26.6,0.51,-20.6,-1.82,-4507962,-24041476,-46901118,1562154,-649952,-10987116,缩量,低,情绪退潮,观望,资金撤退型,,D,回避：资金撤退,-0.6
600115,中国东航,3.35,-36.6,0.79,12.0,-4.13,-120006240,40920108,65988265,29354055,35380253,-24778241,缩量,低,情绪退潮,吸筹,资金观望型,纯资金炒作(亏损风险),C,谨慎：纯资金炒作,2.6
600117,西宁特钢,2.18,-32.7,0.92,-10.2,6.59,10894889,18459196,26925220,1386616,877664,-2934587,缩量,中,主力惜售,进场,主力强攻型,纯资金炒作(亏损风险),C,谨慎：纯资金炒作,26.2
600126,杭钢股份,6.11,-77.8,0.2,-34.9,-11.76,-93449956,-98449393,-260240285,-1815105,1607034,4718101,缩量,低,情绪退潮,观望,资金撤退型,,D,回避：资金撤退,-3.9
600130,波导股份,4.41,-38.5,1.6,-28.0,-8.81,-32964168,-44607574,610079,-795000,-64992,5103674,缩量,低,情绪退潮,观望,长线吸筹型,,D,回避：资金观望,-2.9
600129,太极集团,13.36,-86.0,7.36,-56.0,-4.8,-19883094,-53284692,-49418001,-8479452,-8019275,5248161,缩量,低,情绪退潮,观望,资金观望型,,D,回避：资金观望,-1.6
600131,国网信通,14.23,-55.9,0.49,-2.4,-0.69,-2934647,11715513,-13539649,-688413,-2316807,-2283823,缩量,低,情绪退潮,观望,资金观望型,,D,回避：资金观望,-0.2
600123,兰花科创,7.0,-44.7,0.87,-20.1,8.0,50013443,69715886,-11857307,7102441,5705963,-8182649,缩量,中,主力惜售,进场,短线抢筹型,纯资金炒作(亏损风险),C,谨慎：纯资金炒作,26.7
600132,重庆啤酒,37.78,-43.4,1.0,-32.0,-6.33,-28531852,-22435956,-55768401,4302443,1348151,19203207,缩量,低,情绪退潮,观望,资金观望型,,D,回避：资金观望,-2.1
600127,金健米业,13.02,3207.3,0.36,10.8,-1.95,-275917216,-133824686,-166629805,336225156,365776049,-200303202,放量,低,游资情绪,抢筹,资金观望型,机构吸筹+盈利(关注),C,谨慎：资金流入未验证业绩,47.4
600133,东湖高新,7.92,-48.0,0.45,-34.0,-13.3,-52983897,-73414026,-18094246,6355468,1616919,-6261115,缩量,低,情绪退潮,观望,长线吸筹型,,D,回避：资金观望,-4.4
600128,苏豪弘业,8.32,-33.9,0.75,-24.2,2.47,3207800,402077,2013231,489967,0,-1073055,缩量,低,情绪退潮,进场,资金观望型,资金+业绩共振(双击候选),B,关注：资金+业绩共振,72.8
600137,浪莎股份,17.22,-33.5,0.36,28.7,0.52,661189,69976,-1685396,-408259,0,1911364,缩量,低,情绪退潮,观望,资金观望型,,D,回避：资金观望,0.2
600141,兴发集团,29.09,-76.2,2.07,-22.4,-8.2,-219592681,-156545100,-260713182,-22151326,7183325,24797980,缩量,低,情绪退潮,观望,资金观望型,,D,回避：资金观望,-2.7
600138,中青旅,6.99,-53.6,1.03,25.8,-4.52,-16699081,-23013922,-18282824,1270670,-1213818,-1423018,缩量,低,情绪退潮,观望,资金观望型,,D,回避：资金观望,-1.5
600148,长春一东,15.79,73.2,0.99,96.0,-1.54,-2978477,8937679,9897541,2492294,329355,-2843795,放量,低,游资情绪,观望,资金观望型,,D,回避：资金观望,7.5
600149,廊坊发展,4.97,-26.6,0.26,-10.0,-0.09,-195637,12948161,27592741,-2987004,162846,2861843,缩量,低,情绪退潮,观望,高位分歧型,,D,回避：资金观望,-0.0
600150,中国船舶,38.96,17.0,0.65,165.4,-6.32,-1625039597,-233329822,-20693412,539886363,413114682,-523288444,缩量,低,情绪退潮,观望,资金观望型,,D,回避：资金观望,-2.1
600135,乐凯胶片,7.8,294.1,0.23,84.7,6.46,31059900,25934405,14468400,7675654,4008197,-30140543,放量,中,主力偏强放量,进场,资金观望型,纯资金炒作(亏损风险),C,谨慎：纯资金炒作,30.2
600151,航天机电,9.51,-58.8,0.26,0.7,-2.97,-28186277,-62923141,-118415180,-12882319,-14642169,-4269610,缩量,低,情绪退潮,观望,资金撤退型,,D,回避：资金撤退,-1.0
600152,维科技术,7.95,-64.3,0.16,-35.8,-3.55,-17596939,-17858267,6367302,-4284595,11348,483233,缩量,低,情绪退潮,观望,资金观望型,,D,回避：资金观望,-1.2
600156,华升股份,8.52,18.0,0.15,10.0,-6.32,-25973112,-19852203,-62131768,13195893,14825929,-15286090,缩量,低,情绪退潮,观望,资金观望型,,D,回避：资金观望,-2.1
600143,金发科技,13.1,-60.4,0.94,-20.2,-9.95,-140441650,-279830408,-615311099,4918495,5202438,-1369596,缩量,低,情绪退潮,吸筹,资金撤退型,机构吸筹+盈利(关注),C,谨慎：资金流入未验证业绩,20.7
600153,建发股份,8.23,-49.1,1.39,-42.8,-4.46,-27086176,-25011024,-48348582,5881538,7729660,408371,缩量,低,情绪退潮,观望,资金观望型,,D,回避：资金观望,-1.5
600157,永泰能源,1.52,-26.7,0.74,-3.1,-3.76,-109700019,11293241,-139768315,-497690,-820050,-17782503,缩量,低,情绪退潮,观望,资金观望型,,D,回避：资金观望,-1.3
600160,巨化股份,34.97,-74.0,2.43,-37.5,-11.1,-436751790,-542829203,-1175416364,-108437030,-118081099,101035394,缩量,低,情绪退潮,观望,资金撤退型,,D,回避：资金撤退,-3.7
600161,天坛生物,12.1,-59.7,2.32,-14.0,-3.63,-20788310,-41250695,-92564383,-740997,1821069,50364,缩量,低,情绪退潮,观望,资金撤退型,,D,回避：资金撤退,-1.2
600155,华创云信,5.93,-54.3,1.71,-18.6,1.58,10721565,-6272332,-61433974,493955,-2527813,-6033045,缩量,低,情绪退潮,进场,资金观望型,资金+业绩共振(双击候选),B,关注：资金+业绩共振,72.5
600162,香江控股,4.53,-30.7,11.39,-31.8,-0.37,-8703930,203166649,231599986,-35659026,-39583535,23324897,缩量,低,情绪退潮,观望,资金观望型,,D,回避：资金观望,-0.1
600158,中体产业,7.04,-69.3,0.51,-4.2,-5.69,-36995646,-67883051,-78307706,1811761,3033523,-2205973,缩量,低,情绪退潮,吸筹,资金撤退型,纯资金炒作(亏损风险),C,谨慎：纯资金炒作,2.1
600166,福田汽车,2.81,-40.5,0.35,-19.4,-8.54,-115991851,-95165131,24975633,15107921,29675540,1652457,缩量,低,情绪退潮,观望,长线吸筹型,,D,回避：资金观望,-2.8
600159,大龙地产,2.73,32.7,0.51,-41.4,0.04,92826,-1209085,11237322,2187906,1291603,2090417,缩量,低,情绪退潮,进场,资金观望型,纯资金炒作(亏损风险),C,谨慎：纯资金炒作,12.0
600167,联美控股,5.6,-33.5,0.62,-8.4,-1.28,-2450139,6239617,15278697,-1065502,-2930873,-1049971,缩量,低,情绪退潮,观望,高位分歧型,,D,回避：资金观望,-0.4
600168,武汉控股,4.33,-10.2,0.63,-15.9,-0.67,-693642,-8979308,-13771829,1126808,-1184458,-747635,缩量,低,情绪退潮,观望,资金撤退型,,D,回避：资金撤退,-0.2
600163,中闽能源,5.93,386.1,0.31,445.5,8.46,310072967,317947312,304237717,45381460,54805193,-21356670,放量,中,主力偏强放量,吸筹,趋势转多型,资金+业绩共振(双击候选),B,关注：资金+业绩共振,82.8
600171,上海贝岭,22.54,-72.7,1.81,-17.0,-1.64,-13922194,-66376012,-125079033,-12584395,-5549884,6098337,缩量,低,情绪退潮,观望,资金撤退型,,D,回避：资金撤退,-0.5
600165,宁科生物,3.4,342.2,1.01,-30.1,1.61,4581700,-7637617,-59858098,815335,3748060,-4070411,放量,低,游资情绪,抢筹,资金观望型,纯资金炒作(亏损风险),C,谨慎：纯资金炒作,28.5
600172,黄河旋风,16.06,5.7,2.52,38.0,1.52,288695113,541772467,284346245,-218096459,-131590734,277092660,缩量,低,情绪退潮,观望,趋势转多型,,D,回避：资金观望,0.5
600173,卧龙新能,5.81,-45.6,0.2,-11.6,-2.79,-3227747,-12646128,-14191195,-940748,-171419,1122892,缩量,低,情绪退潮,观望,资金撤退型,,D,回避：资金撤退,-0.9
600176,中国巨石,47.15,49.0,2.65,19.4,1.61,1089086004,165589709,854435627,-608795244,-432643321,517234685,缩量,低,情绪退潮,观望,资金观望型,,D,回避：资金观望,0.5
600178,东安动力,9.67,-65.2,2.64,3.8,-7.42,-18713981,-28459911,-29815681,-1958570,187103,-307422,缩量,低,情绪退潮,观望,资金撤退型,,D,回避：资金撤退,-2.5
600179,安通控股,4.54,-30.2,1.1,-28.7,3.07,20293113,-8202389,-88002528,-15042784,-18389876,4799047,缩量,低,情绪退潮,观望,资金观望型,,D,回避：资金观望,1.0
600182,S佳通,12.64,-49.4,1.04,-21.0,-3.44,-3975512,-14629942,-40962858,-137611,658434,1192446,缩量,低,情绪退潮,观望,资金撤退型,,D,回避：资金撤退,-1.1
600170,上海建工,2.2,-44.1,0.93,1.3,-2.7,-33353325,1342909,19164894,14908158,15004496,-9463955,缩量,低,情绪退潮,吸筹,资金观望型,机构吸筹+盈利(关注),C,谨慎：资金流入未验证业绩,23.1
600183,生益科技,146.03,30.2,2.05,-3.0,1.3,711805827,1856555661,5587458626,-1684967133,-1585623218,1115939652,缩量,低,情绪退潮,观望,均衡流入型,,D,回避：资金观望,0.4
600177,雅戈尔,8.3,-35.0,1.59,-2.9,0.57,6370745,-64931736,-88148175,5464899,1330925,-6564546,缩量,低,情绪退潮,进场,资金观望型,资金+业绩共振(双击候选),B,关注：资金+业绩共振,72.2
600185,珠免集团,4.75,4.8,0.72,142.0,-6.26,-57388792,-49313607,20455148,2278852,5277684,4895183,缩量,低,情绪退潮,观望,高位分歧型,,D,回避：资金观望,-2.1
600188,兖矿能源,20.15,-47.5,1.04,-9.0,-6.83,-290470587,-415751238,-374257313,45551136,35757146,-88236025,缩量,低,情绪退潮,观望,资金观望型,,D,回避：资金观望,-2.3
600191,华资实业,9.6,-40.0,0.6,7.3,-3.33,-15104444,-4329075,-9010301,-3245687,-150047,2388693,缩量,低,情绪退潮,观望,资金观望型,,D,回避：资金观望,-1.1
600189,泉阳泉,7.69,-23.2,1.01,-5.4,-5.48,-21920166,-7821412,-7324279,-763125,878172,1085191,缩量,低,情绪退潮,观望,资金观望型,,D,回避：资金观望,-1.8
600192,长城电工,7.58,118.6,1.73,234.5,-0.97,-14199973,61459213,69666744,-7256177,-3266192,19277018,放量,低,游资情绪,观望,资金观望型,,D,回避：资金观望,7.7
600196,复星医药,21.78,-73.8,1.94,-49.7,-9.77,-110327223,-120436403,-341863691,-12248398,-13874120,7434973,缩量,低,情绪退潮,观望,资金撤退型,,D,回避：资金撤退,-3.3
600184,光电股份,22.1,97.5,0.53,226.7,4.33,284246586,287120334,272311251,42483778,36870276,-32641015,放量,低,游资情绪,吸筹,趋势转多型,资金+业绩共振(双击候选),B,关注：资金+业绩共振,73.4
600198,大唐电信,7.5,-28.5,1.85,-12.5,-1.98,-23799782,-5405521,-35064712,-8334111,-7595691,20468519,缩量,低,情绪退潮,观望,资金观望型,,D,回避：资金观望,-0.7
600199,金种子酒,6.87,-70.8,2.94,-14.3,-5.8,-23448663,10091888,12536744,-3040104,-2334907,5673033,缩量,低,情绪退潮,观望,资金观望型,,D,回避：资金观望,-1.9
600202,哈空调,4.95,-20.6,0.73,0.5,-2.96,-4807292,-5257855,-12125537,-56702,-662457,-1335422,缩量,低,情绪退潮,观望,资金撤退型,,D,回避：资金撤退,-1.0
600201,生物股份,11.68,-60.2,0.91,-25.3,-7.63,-40520451,-65158523,-105797910,361190,287313,-2652009,缩量,低,情绪退潮,观望,资金撤退型,,D,回避：资金撤退,-2.5
600203,福日电子,9.98,-56.3,1.37,-36.1,-2.14,-19429047,-172899959,-177021294,-13279689,-11192069,1749798,缩量,低,情绪退潮,观望,资金撤退型,,D,回避：资金撤退,-0.7
600208,衢州发展,2.81,-67.2,0.23,-23.6,0.67,4324938,-21595308,11915989,-280223,-1742339,-1321964,缩量,低,情绪退潮,观望,资金观望型,,D,回避：资金观望,0.2
600211,西藏药业,35.77,-71.5,2.38,-57.8,-3.46,-15481908,-38805677,31696256,-1250107,-697118,4556824,缩量,低,情绪退潮,观望,长线吸筹型,,D,回避：资金观望,-1.2
600210,紫江企业,6.25,-15.1,0.87,0.8,-0.86,-4303712,-10274355,-34262689,-12530374,-20102675,5572289,缩量,低,情绪退潮,观望,资金撤退型,,D,回避：资金撤退,-0.3
600212,绿能慧充,5.95,-21.9,0.37,-40.4,-4.09,-10861013,-25030141,29454941,-5250157,-2565436,3312809,缩量,低,情绪退潮,观望,长线吸筹型,,D,回避：资金观望,-1.4
600215,派斯林,6.17,-59.3,0.99,-38.9,-5.11,-7905397,-4288178,-30839016,-2672893,-2542423,2178077,缩量,低,情绪退潮,观望,资金观望型,,D,回避：资金观望,-1.7
600217,中再资环,3.24,0.3,1.31,-2.1,-2.17,-4299708,24331702,39604656,-2778566,-2327686,-666827,缩量,低,情绪退潮,观望,高位分歧型,,D,回避：资金观望,-0.7
600218,全柴动力,7.51,-43.6,0.7,-23.8,-4.01,-5825907,-2835863,-5219079,1252782,0,-2278223,缩量,低,情绪退潮,观望,资金观望型,,D,回避：资金观望,-1.3
600206,有研新材,50.55,22.0,2.26,-10.4,5.84,1203994749,954704315,-440472607,-933362231,-797675648,796653059,缩量,中,主力惜售,进场,资金观望型,资金+业绩共振(双击候选),B,关注：资金+业绩共振,85.9
600216,浙江医药,12.54,-48.2,0.78,-53.7,-14.58,-110579717,-111289198,-241921917,-14321331,-11754243,17163788,缩量,低,情绪退潮,观望,资金撤退型,,D,回避：资金撤退,-4.9
600219,南山铝业,4.66,-46.4,0.72,-9.8,-13.39,-408087220,-341161287,-1288544518,-48926487,-57514184,51513598,缩量,低,情绪退潮,观望,资金观望型,,D,回避：资金观望,-4.5
600207,安彩高科,4.78,53.4,0.61,169.6,4.72,60811359,55216463,44275738,3058967,2964566,-2682666,放量,低,游资情绪,吸筹,资金观望型,纯资金炒作(亏损风险),C,谨慎：纯资金炒作,13.6
600223,福瑞达,5.44,-54.5,1.35,-49.7,-0.96,-1591038,-281384,-4717016,1458203,-312660,-2797426,缩量,低,情绪退潮,观望,资金观望型,,D,回避：资金观望,-0.3
600221,海航控股,1.23,-28.6,0.93,-12.5,-7.85,-101270179,-126940925,-287823699,-43881271,-12064796,9926517,缩量,低,情绪退潮,观望,资金撤退型,,D,回避：资金撤退,-2.6
600226,亨通股份,5.94,-62.6,4.53,-20.7,1.27,32032257,-112183989,-243073397,-27825191,-41432191,3404360,缩量,低,情绪退潮,观望,资金观望型,,D,回避：资金观望,0.4
600227,赤天化,4.0,22.5,0.54,-22.6,-4.24,-143608461,23021819,150248488,-27886452,-18091128,23536213,缩量,低,情绪退潮,观望,资金观望型,,D,回避：资金观望,-1.4
600228,返利科技,11.26,27.6,3.75,21.6,1.93,35264711,5634940,40902579,-9565762,3067267,17878385,缩量,低,情绪退潮,观望,资金观望型,,D,回避：资金观望,0.6
600222,太龙药业,7.74,-23.5,1.71,-29.2,-2.51,-16768904,-59806796,-107522747,863193,4779928,-1489208,缩量,低,情绪退潮,吸筹,资金撤退型,机构吸筹+盈利(关注),C,谨慎：资金流入未验证业绩,23.2
600234,科新发展,20.91,-56.3,0.24,158.6,0.09,230588,53190581,38678472,-2725553,-918712,1191757,缩量,低,情绪退潮,观望,趋势转多型,,D,回避：资金观望,0.0
600230,沧州大化,13.28,-58.7,0.9,-21.0,-6.18,-38025804,-63669284,-62922145,-12049973,-11088764,10967953,缩量,低,情绪退潮,观望,资金观望型,,D,回避：资金观望,-2.1
600236,桂冠电力,9.65,-69.1,1.26,11.2,-4.13,-29573060,-55193803,-33016976,-6577880,131184,-160843,缩量,低,情绪退潮,观望,资金观望型,,D,回避：资金观望,-1.4
600241,时代万恒,7.21,-60.6,0.56,-15.4,-1.84,-2138846,-5586809,-8776999,618034,546934,311079,缩量,低,情绪退潮,观望,资金撤退型,,D,回避：资金撤退,-0.6
600237,铜峰电子,9.42,-16.3,2.85,195.8,4.51,180084765,88945608,22938534,-42035966,-15190745,67953950,缩量,低,情绪退潮,观望,资金观望型,,D,回避：资金观望,1.5
600246,万通发展,13.02,-60.3,4.46,-16.9,2.51,145846329,6570086,136132456,-134007021,-118287521,125256669,缩量,低,情绪退潮,观望,资金观望型,,D,回避：资金观望,0.8
600231,凌钢股份,1.7,1.9,0.66,4.2,1.89,2567493,4557825,-10236980,30518,-21184,-2011349,缩量,低,情绪退潮,进场,趋势转多型,纯资金炒作(亏损风险),C,谨慎：纯资金炒作,12.6
600229,城市传媒,5.85,362.2,1.64,226.7,4.2,20323845,22886295,24111784,14482249,11868158,-20129864,放量,低,游资情绪,抢筹,均衡流入型,纯资金炒作(亏损风险),C,谨慎：纯资金炒作,29.4
600250,南京商旅,8.92,59.3,0.28,-55.8,-7.46,-49654369,-63229588,35047944,4291998,4228431,1800346,放量,低,游资情绪,观望,长线吸筹型,,D,回避：资金观望,5.5
600249,两面针,5.41,43.2,0.43,103.0,1.79,7154320,5898396,14765159,-923778,-293654,2174115,缩量,低,情绪退潮,观望,资金观望型,,D,回避：资金观望,0.6
600251,冠农股份,10.18,105.8,0.37,1.2,-10.21,-125096693,-222018915,-189059681,11622309,9524914,-12539388,放量,低,游资情绪,观望,资金观望型,,D,回避：资金观望,4.6
600248,陕建股份,2.82,-31.0,1.5,-10.3,2.65,5396663,-18801639,-20490308,2549903,988270,-4196115,缩量,低,情绪退潮,进场,资金观望型,资金+业绩共振(双击候选),B,关注：资金+业绩共振,72.9
600258,首旅酒店,11.24,-56.2,0.96,6.1,-9.49,-82310920,-71536655,-59667043,5281027,5189808,-9074605,缩量,低,情绪退潮,观望,资金观望型,,D,回避：资金观望,-3.2
600255,鑫科材料,3.6,24.7,1.9,127.0,-0.29,-9450110,190111200,275155892,-28594915,-4474631,41302232,缩量,低,情绪退潮,观望,资金观望型,,D,回避：资金观望,-0.1
600257,大湖股份,5.59,-15.9,1.08,35.1,-9.08,-41710103,-116910523,-134585151,2326938,-807157,-1486929,缩量,低,情绪退潮,观望,资金撤退型,,D,回避：资金撤退,-3.0
600259,中稀有色,80.14,-33.1,0.69,-17.2,3.83,127369405,77547455,-221423465,-53458371,-50765147,52380854,缩量,低,情绪退潮,观望,资金观望型,,D,回避：资金观望,1.3
600262,北方股份,14.72,-30.4,0.31,-50.1,-4.69,-14395931,-16463693,-1821553,-6388460,-4310507,8536942,缩量,低,情绪退潮,观望,资金观望型,,D,回避：资金观望,-1.6
600266,城建发展,4.08,-27.8,0.64,-21.3,-1.13,-5250728,2806151,29636984,-7711980,-14243842,499271,缩量,低,情绪退潮,观望,高位分歧型,,D,回避：资金观望,-0.4
600252,中恒集团,2.21,-30.5,1.91,-36.4,9.96,48205829,41273758,6055443,5741418,3657006,-7535034,缩量,中,主力惜售,进场,资金观望型,纯资金炒作(亏损风险),C,谨慎：纯资金炒作,27.3
600267,海正药业,11.38,-63.2,1.34,-56.5,-2.38,-21080228,-54221057,-156175277,8319294,1569993,-11042161,缩量,低,情绪退潮,观望,资金撤退型,,D,回避：资金撤退,-0.8
600256,广汇能源,6.85,8.2,0.45,8.1,1.18,50553468,-85137885,-358244262,19987365,9685574,18936231,缩量,低,情绪退潮,进场,资金观望型,资金+业绩共振(双击候选),B,关注：资金+业绩共振,72.4
600268,国电南自,10.22,-56.1,0.35,21.1,-3.42,-20434071,-35427903,-94153801,-9034969,-7383967,1834714,缩量,低,情绪退潮,观望,资金撤退型,,D,回避：资金撤退,-1.1
600269,赣粤高速,3.82,-35.8,1.47,14.9,-1.02,-3478859,15176509,59580321,3573621,2057289,-2604994,缩量,低,情绪退潮,观望,高位分歧型,,D,回避：资金观望,-0.3
600261,阳光照明,3.19,-20.9,0.11,-46.3,5.1,6863839,6122007,-6651599,-1765030,-1544419,904946,缩量,中,主力惜售,进场,资金观望型,资金+业绩共振(双击候选),B,关注：资金+业绩共振,85.7
600271,航天信息,6.63,-53.3,0.7,3.2,-4.32,-13818161,-10734415,-28149532,-194573,186355,-1171533,缩量,低,情绪退潮,观望,资金观望型,,D,回避：资金观望,-1.4
600272,开开实业,15.04,748.5,1.66,-51.4,-2.97,-35616847,88678395,111492597,10067139,-6330288,-50319702,放量,低,游资情绪,观望,资金观望型,,D,回避：资金观望,7.0
600276,恒瑞医药,43.23,-72.3,1.69,-27.7,-11.78,-1249533846,-2308048746,-5398513722,-75520308,-93324113,112876347,缩量,低,情绪退潮,观望,资金撤退型,,D,回避：资金撤退,-3.9
600273,嘉化能源,6.32,-7.4,0.94,-20.7,-2.7,-14180139,-9651073,-13712374,-10793375,-14821677,-4278433,缩量,低,情绪退潮,观望,资金观望型,,D,回避：资金观望,-0.9
600278,东方创业,6.46,1.0,0.74,-29.8,-7.07,-11546921,-10135101,-11303981,-4100614,-3563022,1317213,缩量,低,情绪退潮,观望,资金观望型,,D,回避：资金观望,-2.4
600279,重庆港,4.38,-27.6,1.62,36.3,-1.94,-4218370,-5751652,-11761419,-1158391,-2680994,1926287,缩量,低,情绪退潮,观望,资金撤退型,,D,回避：资金撤退,-0.6
600280,中央商场,2.96,24.5,2.15,209.5,1.98,28181584,62194917,42334684,-6837779,1134436,20066800,缩量,低,情绪退潮,观望,趋势转多型,,D,回避：资金观望,0.7
600281,华阳新材,4.61,-10.9,0.97,-61.5,-0.41,-971524,8490016,76365076,-2337482,-1965491,3580858,缩量,低,情绪退潮,观望,高位分歧型,,D,回避：资金观望,-0.1
600282,南钢股份,4.52,11.1,0.87,-12.5,1.34,10129270,69618986,64083655,-23512465,-18738544,2216736,缩量,低,情绪退潮,观望,趋势转多型,,D,回避：资金观望,0.4
600284,浦东建设,5.02,-65.8,0.52,-35.8,-7.09,-12377944,-23968914,-52004823,571980,-502000,-3009067,缩量,低,情绪退潮,观望,资金撤退型,,D,回避：资金撤退,-2.4
600283,钱江水利,8.02,-51.2,0.85,17.5,-6.3,-9025901,-13412109,-11041733,-2339172,162400,2536766,缩量,低,情绪退潮,观望,资金观望型,,D,回避：资金观望,-2.1
600285,羚锐制药,19.12,-74.1,1.8,-26.4,-9.47,-46513462,-71215096,-150575961,-130435,-1328967,4325321,缩量,低,情绪退潮,观望,资金撤退型,,D,回避：资金撤退,-3.2
600292,电投水电,11.75,-51.7,0.68,-11.0,-3.11,-15133447,-35531368,-41974316,-4404849,-6781634,-5850168,缩量,低,情绪退潮,观望,资金撤退型,,D,回避：资金撤退,-1.0
600288,大恒科技,10.64,-85.7,4.64,-35.8,-5.78,-35354982,-52491969,-71773228,-11687658,-6342448,5732136,缩量,低,情绪退潮,观望,资金撤退型,,D,回避：资金撤退,-1.9
600295,鄂尔多斯,13.04,17.1,0.99,31.5,-6.71,-42912601,15636569,46094759,-15420927,-7858934,42562944,缩量,低,情绪退潮,观望,资金观望型,,D,回避：资金观望,-2.2
600287,苏豪时尚,4.9,-24.9,0.51,-9.7,0.79,688168,-2745867,-8047628,451864,0,257335,缩量,低,情绪退潮,进场,资金观望型,资金+业绩共振(双击候选),B,关注：资金+业绩共振,72.3
600299,安迪苏,8.23,-50.0,1.22,-0.2,-9.22,-112553349,-120356631,-273108981,-4867595,-5432083,-6878145,缩量,低,情绪退潮,观望,资金撤退型,,D,回避：资金撤退,-3.1
600293,三峡新材,3.4,83.3,1.69,43.5,-1.67,-16147392,-13172168,289211,85334255,94540329,-52299620,放量,低,游资情绪,抢筹,资金观望型,纯资金炒作(亏损风险),C,谨慎：纯资金炒作,27.4
600305,恒顺醋业,6.63,-51.8,1.36,-9.4,-3.62,-7420359,-15055895,-17203165,-4811757,-2865027,3062298,缩量,低,情绪退潮,观望,资金撤退型,,D,回避：资金撤退,-1.2
600308,华泰股份,3.22,-38.6,0.2,0.7,-3.11,-3414256,3120212,6203159,479164,60058,35573,缩量,低,情绪退潮,观望,资金观望型,,D,回避：资金观望,-1.0
600298,安琪酵母,39.92,-59.5,2.45,-27.2,1.37,16735415,-13813217,-87262743,7521914,4903782,5219878,缩量,低,情绪退潮,进场,资金观望型,资金+业绩共振(双击候选),B,关注：资金+业绩共振,72.5
600300,维维股份,3.14,-12.1,0.65,2.5,3.18,14718078,-2075915,19013033,5649227,2077125,-8347104,缩量,低,情绪退潮,进场,资金观望型,资金+业绩共振(双击候选),B,关注：资金+业绩共振,73.1
600309,万华化学,70.33,-54.3,0.98,-21.4,-8.01,-849070484,-148114620,528165472,-177899922,-126408812,175531553,缩量,低,情绪退潮,观望,高位分歧型,,D,回避：资金观望,-2.7
600310,广西能源,4.63,2.4,0.34,153.3,-2.44,-66936856,-91322809,-113527423,-61713702,-39032074,74363737,缩量,低,情绪退潮,观望,资金撤退型,,D,回避：资金撤退,-0.8
600303,曙光股份,3.02,8.8,1.06,24.1,3.86,16687576,12795684,22913826,4381979,7735379,-798532,缩量,低,情绪退潮,吸筹,资金观望型,纯资金炒作(亏损风险),C,谨慎：纯资金炒作,5.3
600313,农发种业,7.14,525.6,0.4,-4.5,-6.86,-234353945,-108349774,14308325,-13393189,-11477109,-20360970,放量,低,游资情绪,观望,资金观望型,,D,回避：资金观望,5.7
600301,华锡有色,45.43,-100.0,1.04,-24.1,5.39,106507331,70622101,-23279864,0,0,0,缩量,中,主力惜售,进场,资金观望型,资金+业绩共振(双击候选),B,关注：资金+业绩共振,85.8
600307,酒钢宏兴,1.49,-33.3,0.61,18.0,0.81,2299831,-13043835,-44118144,159049,-450589,-540655,缩量,低,情绪退潮,进场,资金观望型,纯资金炒作(亏损风险),C,谨慎：纯资金炒作,12.3
600315,上海家化,17.75,-48.5,1.19,-12.4,0.06,304077,25746884,21196413,-2871012,234488,1831679,缩量,低,情绪退潮,观望,趋势转多型,,D,回避：资金观望,0.0
600316,洪都航空,32.34,-11.2,0.63,-8.8,-3.53,-66432668,-147384416,124380872,-49868274,-33946154,50659882,缩量,低,情绪退潮,观望,长线吸筹型,,D,回避：资金观望,-1.2
600318,新力金融,6.63,161.4,1.11,230.6,-0.27,-5686645,109392254,168494487,-11898692,1219788,34943781,放量,低,游资情绪,观望,资金观望型,,D,回避：资金观望,7.9
600312,平高电气,19.19,-63.1,0.7,-6.3,1.45,17895809,15591542,-54266561,20077873,14278536,-11809928,缩量,低,情绪退潮,吸筹,资金观望型,资金+业绩共振(双击候选),B,关注：资金+业绩共振,64.5
600319,亚星化学,6.22,-34.8,0.73,-32.6,-7.07,-10326990,-14858792,-13547521,-866747,-610209,348483,缩量,低,情绪退潮,观望,资金观望型,,D,回避：资金观望,-2.4
600320,振华重工,4.14,-20.6,0.88,26.8,-6.21,-46983544,-38092833,-58537599,9192331,5114025,-14740123,缩量,低,情绪退潮,观望,资金观望型,,D,回避：资金观望,-2.1
600322,津投城开,2.66,-36.7,3.38,-1.0,1.36,3768122,2031144,-10757909,-9314408,-15445062,2560934,缩量,低,情绪退潮,观望,资金观望型,,D,回避：资金观望,0.5
600327,大东方,3.88,16.0,0.85,-24.8,-3.01,-10100403,-17676336,16183618,2304260,2143692,712877,缩量,低,情绪退潮,观望,长线吸筹型,,D,回避：资金观望,-1.0
600329,达仁堂,34.04,-75.2,2.11,-21.9,-7.19,-19349147,-38462755,-73344297,-692427,-4162758,801096,缩量,低,情绪退潮,观望,资金撤退型,,D,回避：资金撤退,-2.4
600328,中盐化工,5.63,5.0,0.31,10.7,-1.05,-6838733,-15078351,-39227076,4020687,5220388,-8161185,缩量,低,情绪退潮,观望,资金撤退型,,D,回避：资金撤退,-0.4
600323,瀚蓝环境,29.21,-67.8,1.02,-4.4,-6.02,-40083328,-75111153,-79103649,2729574,2400120,-537491,缩量,低,情绪退潮,吸筹,资金撤退型,机构吸筹+盈利(关注),C,谨慎：资金流入未验证业绩,22.0
600331,宏达股份,11.37,-35.1,0.61,-3.4,-11.3,-297924864,-241615053,-212241965,-38955904,-53440904,27026022,缩量,低,情绪退潮,观望,资金观望型,,D,回避：资金观望,-3.8
600332,白云山,19.4,-69.4,1.63,-28.6,-2.34,-13209570,-12368561,-74320977,-7478336,-3434068,2140471,缩量,低,情绪退潮,观望,资金观望型,,D,回避：资金观望,-0.8
600333,长春燃气,6.72,47.6,0.97,34.3,-6.64,-34664564,-26202646,-34394806,-2993632,-1983277,1275841,缩量,低,情绪退潮,观望,资金观望型,,D,回避：资金观望,-2.2
600336,澳柯玛,6.39,-20.4,0.92,19.5,-7.66,-20759287,11925859,14021231,1935061,-1888308,2232548,缩量,低,情绪退潮,观望,资金观望型,,D,回避：资金观望,-2.6
600338,西藏珠峰,12.51,-56.1,0.31,-44.0,-7.71,-119289910,-257454224,-207213608,-8736035,-7585211,21933810,缩量,低,情绪退潮,观望,资金观望型,,D,回避：资金观望,-2.6
600335,国机汽车,5.19,-0.6,1.06,-55.8,0.03,73068,-8673975,2289947,7542507,3664839,-1653264,缩量,低,情绪退潮,吸筹,资金观望型,资金+业绩共振(双击候选),B,关注：资金+业绩共振,64.0
600351,亚宝药业,6.6,-49.6,1.58,-34.9,-5.4,-28110751,-38716357,-92070769,-5140049,-678287,3109114,缩量,低,情绪退潮,观望,资金撤退型,,D,回避：资金撤退,-1.8
600339,中油工程,3.27,-27.5,0.52,-10.3,1.22,10195958,-414017,-84202764,4635152,1511268,-5092039,缩量,低,情绪退潮,进场,资金观望型,资金+业绩共振(双击候选),B,关注：资金+业绩共振,72.4
600343,航天动力,19.7,-52.4,0.42,188.2,8.02,277828559,305133833,175925813,-32395226,-19474130,56556978,缩量,中,主力惜售,进场,趋势转多型,纯资金炒作(亏损风险),C,谨慎：纯资金炒作,26.7
600353,旭光电子,33.88,29.2,2.83,-34.5,2.41,232009121,141797624,248271884,-15472685,-11165316,-31968331,缩量,低,情绪退潮,观望,资金观望型,,D,回避：资金观望,0.8
600348,华阳股份,9.04,-8.7,0.38,-12.3,3.85,50156792,29349551,-91837322,7362375,-5101956,-19630270,缩量,低,情绪退潮,进场,资金观望型,资金+业绩共振(双击候选),B,关注：资金+业绩共振,73.3
600345,长江通信,54.35,20.6,0.56,28.0,3.99,136541427,94347300,247418269,38586129,14852597,-55983015,缩量,低,情绪退潮,进场,资金观望型,资金+业绩共振(双击候选),B,关注：资金+业绩共振,73.3
600356,恒丰纸业,10.19,418.0,0.45,92.4,-1.22,-6450063,-5735967,-15162585,52956844,53670291,-17958827,放量,低,游资情绪,抢筹,资金观望型,机构吸筹+盈利(关注),C,谨慎：资金流入未验证业绩,47.6
600354,敦煌种业,9.75,690.0,1.56,52.1,-3.47,-231468120,-50392431,103164196,85943136,124318171,-21114745,放量,低,游资情绪,抢筹,资金观望型,机构吸筹+盈利(关注),C,谨慎：资金流入未验证业绩,46.8
600360,华微电子,10.59,-56.0,5.13,34.8,4.59,202074696,139038372,70098507,-68701362,-34307425,70828381,缩量,低,情绪退潮,观望,资金观望型,,D,回避：资金观望,1.5
600362,江西铜业,43.26,-21.0,1.57,-0.3,-4.43,-605302939,-279618699,137735744,-103414368,-129922901,41948597,缩量,低,情绪退潮,观望,资金观望型,,D,回避：资金观望,-1.5
600363,联创光电,15.22,-56.2,1.81,-44.3,-1.72,-24383490,-172877606,-459320326,-897885,24383,12785940,缩量,低,情绪退潮,观望,资金撤退型,,D,回避：资金撤退,-0.6
600361,创新新材,3.49,-55.8,0.57,-28.2,-3.6,-20949130,-12810166,-42521487,-3633793,-2821205,-113308,缩量,低,情绪退潮,观望,资金观望型,,D,回避：资金观望,-1.2
600358,国旅联合,5.04,-27.2,0.34,16.6,-1.27,-1401347,-2755060,-9517981,5114153,5259830,-3689544,缩量,低,情绪退潮,吸筹,资金撤退型,纯资金炒作(亏损风险),C,谨慎：纯资金炒作,3.6
600366,宁波韵升,11.01,-82.0,3.56,-37.9,-3.27,-31400902,-38565091,-92192466,-16663983,-9775073,15457354,缩量,低,情绪退潮,观望,资金撤退型,,D,回避：资金撤退,-1.1
600367,红星发展,36.24,-3.7,1.53,-53.0,0.64,34119014,-344382919,-177535282,-32694025,-32980791,-1120272,缩量,低,情绪退潮,观望,资金观望型,,D,回避：资金观望,0.2
600368,五洲交通,4.13,114.0,1.47,-18.0,-12.67,-85143435,-118518864,-19687137,-9190722,-6070234,2533174,放量,低,游资情绪,观望,长线吸筹型,,D,回避：资金观望,3.8
600369,西南证券,3.93,-58.5,1.86,-6.2,-2.82,-17379040,-29793722,-19528861,-708841,-739614,410145,缩量,低,情绪退潮,观望,资金观望型,,D,回避：资金观望,-0.9
600373,中文传媒,7.4,-17.0,1.11,17.8,-4.72,-16958302,-6958348,-23539103,1571216,2249937,-4602477,缩量,低,情绪退潮,观望,资金观望型,,D,回避：资金观望,-1.6
600375,汉马科技,3.71,-18.8,1.13,20.2,-4.89,-25865810,-29933491,-47698818,5583503,4268551,-8914727,缩量,低,情绪退潮,观望,资金撤退型,,D,回避：资金撤退,-1.6
600376,首开股份,3.1,-75.9,2.34,-46.1,-7.59,-40940748,-73537357,-170382588,-9077604,-5865427,2778925,缩量,低,情绪退潮,观望,资金撤退型,,D,回避：资金撤退,-2.5
600371,万向德农,15.64,3440.6,0.89,123.7,6.86,335988677,361965511,437958414,13336949,-9863881,639580,放量,中,主力偏强放量,进场,均衡流入型,资金+业绩共振(双击候选),B,关注：资金+业绩共振,90.3
600378,昊华科技,47.19,-42.1,7.79,-20.1,0.92,116024128,-396333451,-196143512,-157023573,-118201209,150854090,缩量,低,情绪退潮,观望,资金观望型,,D,回避：资金观望,0.3
600372,中航机载,11.42,-49.2,0.87,68.7,-11.47,-188770346,-231049788,-234413151,14198046,16584603,-8531391,缩量,低,情绪退潮,吸筹,资金撤退型,机构吸筹+盈利(关注),C,谨慎：资金流入未验证业绩,20.2
600379,宝光股份,14.1,-61.8,2.21,-53.9,-6.29,-41298599,-59124750,-181376312,-1019968,-176342,-1292644,缩量,低,情绪退潮,观望,资金撤退型,,D,回避：资金撤退,-2.1
600382,广东明珠,6.16,-56.0,0.44,-28.8,-4.52,-12884677,746148,4712591,-3973265,-4636422,1205723,缩量,低,情绪退潮,观望,资金观望型,,D,回避：资金观望,-1.5
600388,紫金龙净,17.48,-57.3,0.69,-2.6,-5.66,-39652623,34524229,48291562,-37316,-4968165,-7929995,缩量,低,情绪退潮,观望,资金观望型,,D,回避：资金观望,-1.9
600383,金地集团,2.15,-28.6,1.3,-17.0,-5.06,-35072169,-89483586,-10518956,4545530,4371146,-11550932,缩量,低,情绪退潮,观望,长线吸筹型,,D,回避：资金观望,-1.7
600386,北巴传媒,3.54,33.1,0.76,8.8,-0.45,-682186,1119416,10866772,2345800,1655340,-5077489,缩量,低,情绪退潮,观望,长线吸筹型,,D,回避：资金观望,-0.1
600389,江山股份,18.21,-27.5,0.89,32.6,2.91,34226850,32975365,37808821,-12420825,-9238058,8901090,缩量,低,情绪退潮,观望,资金观望型,,D,回避：资金观望,1.0
600390,五矿资本,4.83,-53.6,1.56,-19.2,4.58,39110438,62088365,43770106,-6754516,-11698278,4486903,缩量,低,情绪退潮,观望,趋势转多型,,D,回避：资金观望,1.5
600391,航发科技,41.23,52.8,0.5,157.1,-5.71,-234815789,-98166751,-5879076,-49974531,-27307756,64340259,放量,低,游资情绪,观望,资金观望型,,D,回避：资金观望,6.1
600380,健康元,9.16,-57.5,1.58,-25.3,6.22,31758213,57973530,22716523,-7969358,-5564123,4516164,缩量,中,主力惜售,进场,短线抢筹型,资金+业绩共振(双击候选),B,关注：资金+业绩共振,86.1
600396,华电辽能,13.11,-54.9,1.17,28.0,-3.85,-462709423,-163176748,-584388591,-138583096,-70910093,160630668,缩量,低,情绪退潮,观望,资金观望型,,D,回避：资金观望,-1.3
600397,江钨装备,16.7,-50.3,2.08,-30.0,-2.18,-111281449,-125020603,409280192,-30897320,-5537290,56926060,缩量,低,情绪退潮,观望,长线吸筹型,,D,回避：资金观望,-0.7
600399,抚顺特钢,4.41,-28.6,0.76,21.7,-9.13,-67708940,-57408023,-289419,-8343536,-4983768,6236469,缩量,低,情绪退潮,观望,长线吸筹型,,D,回避：资金观望,-3.0
600409,三友化工,6.3,-55.6,0.72,-29.5,-8.58,-77883683,-97552492,-83617843,-3301168,-4041382,2556192,缩量,低,情绪退潮,观望,资金观望型,,D,回避：资金观望,-2.9
600415,小商品城,11.62,-73.9,0.54,-29.8,-17.41,-369175142,-286784932,-46308910,3822739,917119,2946993,缩量,低,情绪退潮,观望,高位分歧型,,D,回避：资金观望,-5.8
600408,安泰集团,3.08,-2.3,0.9,-28.4,-4.82,-30999342,-23237930,-73036257,2687672,4829607,-8652937,缩量,低,情绪退潮,观望,资金观望型,,D,回避：资金观望,-1.6
600406,国电南瑞,21.95,-75.9,0.72,-17.4,-9.58,-262594656,-472812044,-966648356,-18089410,-16051824,30878215,缩量,低,情绪退潮,观望,资金撤退型,,D,回避：资金撤退,-3.2
600416,湘电股份,8.41,-53.5,0.63,21.1,-4.26,-23069616,-12020900,-53348150,-5462639,-8946364,710359,缩量,低,情绪退潮,观望,资金观望型,,D,回避：资金观望,-1.4
600400,红豆股份,3.33,30.6,1.63,64.3,4.92,50405269,105279112,19546258,20956744,15423284,-17722419,缩量,低,情绪退潮,进场,趋势转多型,纯资金炒作(亏损风险),C,谨慎：纯资金炒作,13.6
600398,海澜之家,5.76,-7.1,0.83,48.3,0.08,1113163,-50887960,-58403912,766614,-1515257,-10790057,缩量,低,情绪退潮,进场,资金观望型,资金+业绩共振(双击候选),B,关注：资金+业绩共振,72.0
600395,盘江股份,5.06,-12.2,0.87,-42.2,3.44,23368622,34241822,-193850513,4251562,-385547,-13891041,缩量,低,情绪退潮,进场,趋势转多型,资金+业绩共振(双击候选),B,关注：资金+业绩共振,73.1
600418,江淮汽车,19.38,-35.4,1.51,13.6,-2.41,-144838524,27386970,-268106750,-20225747,8043748,6081578,缩量,低,情绪退潮,观望,资金观望型,,D,回避：资金观望,-0.8
600403,大有能源,7.0,112.3,3.63,-14.6,-2.13,-91770812,156623254,200682152,6481321,3107700,-1703886,放量,低,游资情绪,吸筹,资金观望型,纯资金炒作(亏损风险),C,谨慎：纯资金炒作,11.3
600419,天润乳业,8.54,-54.2,0.95,-11.1,-3.37,-7101709,-22132091,-21096979,1117935,629484,-3501312,缩量,低,情绪退潮,观望,资金观望型,,D,回避：资金观望,-1.1
600405,动力源,4.97,-60.9,1.44,-30.3,1.4,2991345,-30828691,-37558077,5329883,4034928,-4956395,缩量,低,情绪退潮,进场,资金观望型,纯资金炒作(亏损风险),C,谨慎：纯资金炒作,12.5
600425,青松建化,3.6,-31.7,0.59,-20.2,-2.42,-5577129,-3564237,-19436085,-348952,1075536,-2005558,缩量,低,情绪退潮,观望,资金观望型,,D,回避：资金观望,-0.8
600410,华胜天成,16.28,161.5,0.23,116.1,4.38,576317638,243468725,694555058,54322799,55836979,-61873411,放量,低,游资情绪,进场,资金观望型,资金+业绩共振(双击候选),B,关注：资金+业绩共振,81.5
600422,昆药集团,8.11,-78.9,2.02,-40.8,-3.79,-5741888,-14341635,-35873615,-454867,0,-512174,缩量,低,情绪退潮,观望,资金撤退型,,D,回避：资金撤退,-1.3
600426,华鲁恒升,19.42,-37.7,1.06,-28.9,-6.95,-207946931,-231962985,-207728910,-14421835,-10836832,59366579,缩量,低,情绪退潮,观望,资金观望型,,D,回避：资金观望,-2.3
600428,中远海特,11.1,-43.0,3.17,-23.8,-5.7,-125599390,-276630965,-549578866,-23364236,-22398294,64269682,缩量,低,情绪退潮,观望,资金撤退型,,D,回避：资金撤退,-1.9
600433,冠豪高新,3.28,-56.9,0.29,-28.5,-1.64,-5412492,-22049214,-23585354,1815421,-507954,-3043362,缩量,低,情绪退潮,观望,资金撤退型,,D,回避：资金撤退,-0.5
600435,北方导航,11.14,-46.1,0.55,4.1,-9.99,-128775068,-109148715,-31369526,-4723599,-3338277,-210768,缩量,低,情绪退潮,观望,高位分歧型,,D,回避：资金观望,-3.3
600420,国药现代,8.27,-77.7,1.48,-34.3,1.96,3542810,-14127376,-37078369,869190,-1127102,-2372077,缩量,低,情绪退潮,进场,资金观望型,资金+业绩共振(双击候选),B,关注：资金+业绩共振,72.7
600438,通威股份,11.09,-72.2,0.53,-21.0,-6.37,-91459189,-16651431,-191302737,-18141259,-19592139,16115759,缩量,低,情绪退潮,观望,资金观望型,,D,回避：资金观望,-2.1
600446,金证股份,10.4,-72.0,0.53,-28.9,-4.67,-23446716,-55951987,-77642019,-3338834,-3328654,1038189,缩量,低,情绪退潮,观望,资金撤退型,,D,回避：资金撤退,-1.6
600444,国机通用,13.94,-6.3,0.73,-31.9,-2.23,-3089145,-7160132,-10275927,1465057,1992106,-2010305,缩量,低,情绪退潮,观望,资金撤退型,,D,回避：资金撤退,-0.7
600452,涪陵电力,8.95,7.8,0.82,32.5,-0.31,-4195234,2901447,14205118,-7568156,-7145663,-7313995,缩量,低,情绪退潮,观望,资金观望型,,D,回避：资金观望,-0.1
600449,宁夏建材,12.76,9.6,2.04,-47.8,-4.67,-27599353,-49311268,-15929354,17249395,10449548,-11417695,缩量,低,情绪退潮,观望,长线吸筹型,,D,回避：资金观望,-1.6
600429,三元股份,4.56,-40.8,0.61,-5.8,5.42,13401765,3547163,3583369,835131,-1646324,-2350485,缩量,中,主力惜售,进场,资金观望型,纯资金炒作(亏损风险),C,谨慎：纯资金炒作,25.8
600436,片仔癀,117.84,-80.5,2.81,-39.9,-8.6,-94046091,-131628997,-230012592,11310153,16798940,-566547,缩量,低,情绪退潮,吸筹,资金撤退型,机构吸筹+盈利(关注),C,谨慎：资金流入未验证业绩,21.1
600456,宝钛股份,25.0,-45.2,0.5,-16.4,-2.47,-13964508,-11217988,-73517671,-12791139,-7999188,8961901,缩量,低,情绪退潮,观望,资金观望型,,D,回避：资金观望,-0.8
600458,时代新材,11.33,-32.7,3.95,-3.0,-1.19,-10579043,15634227,30127933,-33724067,-17830880,-9875237,缩量,低,情绪退潮,观望,资金观望型,,D,回避：资金观望,-0.4
600448,华纺股份,3.22,436.8,0.47,50.7,3.15,13253172,16045709,10080140,30384540,35690137,-16369766,放量,低,游资情绪,抢筹,趋势转多型,纯资金炒作(亏损风险),C,谨慎：纯资金炒作,29.1
600459,贵研铂业,18.92,-74.3,1.6,-49.6,-6.3,-76042475,-97974841,-251605473,-33366457,-12355895,25071950,缩量,低,情绪退潮,观望,资金撤退型,,D,回避：资金撤退,-2.1
600461,洪城环境,8.91,-23.4,1.19,8.5,-2.94,-16169904,-11012684,1961970,1903894,-2597387,-8811251,缩量,低,情绪退潮,观望,资金观望型,,D,回避：资金观望,-1.0
600467,好当家,2.43,52.4,0.9,81.6,-9.06,-48703761,-37928350,-72049204,772401,2339576,1292493,放量,低,游资情绪,观望,资金观望型,,D,回避：资金观望,5.0
600468,百利电气,6.23,-2.8,0.67,-6.5,-0.41,-5903282,6904457,28699588,-11129701,-6120545,11798830,缩量,低,情绪退潮,观望,资金观望型,,D,回避：资金观望,-0.1
600455,博通股份,23.26,-38.8,1.21,-3.5,-0.01,-17175,4037806,9013874,568506,1008108,-424039,缩量,低,情绪退潮,吸筹,资金观望型,机构吸筹+盈利(关注),C,谨慎：资金流入未验证业绩,24.0
600469,风神股份,4.96,-45.7,0.48,-17.2,-0.13,-281759,1907193,12323771,465636,-595113,-1778660,缩量,低,情绪退潮,观望,高位分歧型,,D,回避：资金观望,-0.0
600475,华光环能,14.72,-65.2,0.94,17.4,-1.01,-6034445,22765284,38103682,-313665,-1073960,-1313894,缩量,低,情绪退潮,观望,资金观望型,,D,回避：资金观望,-0.3
600463,空港股份,7.92,-39.6,1.11,2.7,1.28,1502696,2269724,-6914010,129928,0,-1429224,缩量,低,情绪退潮,进场,趋势转多型,纯资金炒作(亏损风险),C,谨慎：纯资金炒作,12.4
600460,士兰微,31.99,-38.1,5.91,-56.8,0.79,80849070,-315314807,-919161851,77032307,85119709,8790497,缩量,低,情绪退潮,进场,资金观望型,资金+业绩共振(双击候选),B,关注：资金+业绩共振,72.3
600478,科力远,4.63,-45.7,0.35,-27.6,0.92,3532527,672673,148512,-8153457,-7961642,3691898,缩量,低,情绪退潮,观望,资金观望型,,D,回避：资金观望,0.3
600479,千金药业,11.48,911.0,0.96,12.8,-7.17,-227993760,-147550918,-261452430,4559519,13961836,-22034364,放量,低,游资情绪,观望,资金观望型,,D,回避：资金观望,5.6
600480,凌云股份,7.59,17.7,0.32,27.4,-7.05,-45210558,-72506563,-115472315,-12554787,-13869814,50051955,缩量,低,情绪退潮,观望,资金撤退型,,D,回避：资金撤退,-2.4
600470,六国化工,5.66,-59.2,1.07,-19.5,-4.71,-31126780,46458215,46227950,4435747,3778912,-2166071,缩量,低,情绪退潮,吸筹,资金观望型,纯资金炒作(亏损风险),C,谨慎：纯资金炒作,2.4
600482,中国动力,32.6,-45.3,0.45,43.8,-1.64,-53062928,176228403,492818243,-43927811,-8679243,57466001,缩量,低,情绪退潮,观望,高位分歧型,,D,回避：资金观望,-0.5
600477,杭萧钢构,2.41,-57.2,0.65,-35.3,0.32,832282,-6547005,36462054,2671966,1129485,-4267090,缩量,低,情绪退潮,进场,长线吸筹型,资金+业绩共振(双击候选),B,关注：资金+业绩共振,72.1
600483,福能股份,10.94,-42.7,0.74,-25.2,0.32,2391671,-24164703,-139339492,-9735123,-10304002,11006147,缩量,低,情绪退潮,观望,资金观望型,,D,回避：资金观望,0.1
600486,扬农化工,52.22,-50.9,0.77,0.9,0.83,9873683,71107753,25035378,-23769707,-14703364,20037797,缩量,低,情绪退潮,观望,趋势转多型,,D,回避：资金观望,0.3
600489,中金黄金,23.9,44.2,1.38,-39.7,-1.22,-109665491,264989311,-17433210,-115237575,-201282187,-82679536,缩量,低,情绪退潮,观望,资金观望型,,D,回避：资金观望,-0.4
600490,鹏欣资源,7.11,-2.9,0.61,-46.3,-3.32,-48339731,-156546275,-228095262,-19301787,-11187412,9500181,缩量,低,情绪退潮,观望,资金撤退型,,D,回避：资金撤退,-1.1
600495,晋西车轴,4.03,-26.1,0.51,-4.8,-3.1,-5276542,-10007124,-13882985,-2507762,-2145486,460020,缩量,低,情绪退潮,观望,资金撤退型,,D,回避：资金撤退,-1.0
600497,驰宏锌锗,9.41,-56.2,1.39,-28.4,-6.82,-326243236,-300579000,-61119445,-115270069,-74904313,73116757,缩量,低,情绪退潮,观望,高位分歧型,,D,回避：资金观望,-2.3
600499,科达制造,13.47,-63.8,0.9,-32.6,-2.42,-35250804,76946195,99004431,-6231098,-2823440,15823785,缩量,低,情绪退潮,观望,资金观望型,,D,回避：资金观望,-0.8
600487,亨通光电,68.49,14.1,0.98,-19.1,-2.71,-1399487093,-2353077419,-3021084048,912164544,1112507459,-293946066,缩量,低,情绪退潮,吸筹,资金撤退型,机构吸筹+盈利(关注),C,谨慎：资金流入未验证业绩,23.1
600501,航天晨光,14.66,-47.1,0.59,32.5,-6.07,-24621764,-23660058,-26535845,-6425237,-1613818,7686189,缩量,低,情绪退潮,观望,资金观望型,,D,回避：资金观望,-2.0
600493,凤竹纺织,6.21,2.9,0.67,2.5,1.57,3492852,430091,-5563523,3377043,1316711,-3463877,缩量,低,情绪退潮,进场,资金观望型,资金+业绩共振(双击候选),B,关注：资金+业绩共振,72.5
600500,中化国际,5.83,19.8,6.16,-0.6,1.52,52401789,-2818926,97888047,-119958965,-115120543,109812945,缩量,低,情绪退潮,观望,资金观望型,,D,回避：资金观望,0.5
600488,津药药业,5.99,24.2,0.62,90.2,5.67,282418977,346486376,356615398,2933130,9298555,-22670937,缩量,中,主力惜售,进场,均衡流入型,资金+业绩共振(双击候选),B,关注：资金+业绩共振,85.9
600503,华丽家族,2.17,-20.7,1.29,-15.3,-0.87,-2266229,-18829395,-37822459,-2775531,667514,139367,缩量,低,情绪退潮,观望,资金撤退型,,D,回避：资金撤退,-0.3
600498,烽火通信,43.42,34.9,0.69,-6.4,1.49,325961690,88914956,619426935,138613315,75554438,-132544730,缩量,低,情绪退潮,进场,资金观望型,资金+业绩共振(双击候选),B,关注：资金+业绩共振,72.5
600496,精工钢构,3.26,-24.2,0.28,-10.2,5.38,25072621,27833836,43780489,1951748,-1102474,-6585651,缩量,中,主力惜售,进场,均衡流入型,资金+业绩共振(双击候选),B,关注：资金+业绩共振,85.8
600505,西昌电力,10.63,36.3,0.85,197.4,2.57,23546545,10810879,-2890971,-10734459,-9667383,6780616,缩量,低,情绪退潮,观望,资金观望型,,D,回避：资金观望,0.9
600506,统一股份,16.5,194.1,1.19,77.7,-4.29,-64122965,65035148,145390848,-9157213,-1399120,31845271,放量,低,游资情绪,观望,资金观望型,,D,回避：资金观望,6.6
600508,上海能源,10.45,141.9,0.74,-56.5,-10.37,-112222443,-238357333,-413470042,-5248762,-1768409,2818633,放量,低,游资情绪,观望,资金撤退型,,D,回避：资金撤退,4.5
600502,安徽建工,4.26,-20.6,0.5,-10.7,3.12,18379453,33831302,5662072,6074570,1624547,-16900467,缩量,低,情绪退潮,进场,趋势转多型,资金+业绩共振(双击候选),B,关注：资金+业绩共振,73.0
600509,天富能源,7.2,-58.2,1.12,2.9,-2.25,-13910397,-47219450,-113035685,-19954316,-23473902,12596447,缩量,低,情绪退潮,观望,资金撤退型,,D,回避：资金撤退,-0.8
600510,黑牡丹,6.38,-73.3,0.22,-52.1,-6.28,-8898430,-13122145,10583044,-1394674,-414905,454,缩量,低,情绪退潮,观望,长线吸筹型,,D,回避：资金观望,-2.1
600511,国药股份,26.04,-53.2,0.87,-22.4,0.46,2016030,6962640,-33716516,-3911706,-7793185,-2235106,缩量,低,情绪退潮,观望,趋势转多型,,D,回避：资金观望,0.2
600513,联环药业,14.79,-80.0,1.47,-44.4,-4.76,-17352468,-39633404,-113903152,-1387807,-5997314,-3273138,缩量,低,情绪退潮,观望,资金撤退型,,D,回避：资金撤退,-1.6
600521,华海药业,16.35,-49.5,1.98,-37.2,-4.0,-62921931,-125313632,-300147957,3161182,3121548,-3606521,缩量,低,情绪退潮,观望,资金撤退型,,D,回避：资金撤退,-1.3
600519,贵州茅台,1266.98,-64.0,1.22,-4.6,-6.16,-851858096,-1013647835,-2275276565,-159917581,-128666344,-217420,缩量,低,情绪退潮,观望,资金撤退型,,D,回避：资金撤退,-2.1
600516,方大炭素,5.51,58.1,1.4,24.2,-0.88,-12733895,-25213443,-83702778,84504263,6684206,-79603214,放量,低,游资情绪,抢筹,资金撤退型,机构吸筹+盈利(关注),C,谨慎：资金流入未验证业绩,47.7
600525,长园集团,4.74,-2.5,0.64,-49.9,-14.86,-49059482,-87665465,-330470489,-8069717,-2504091,3427160,缩量,低,情绪退潮,观望,资金撤退型,,D,回避：资金撤退,-5.0
600515,海南机场,2.71,-40.8,0.84,0.7,3.31,37056037,49235504,67156333,4323876,-350672,-9333751,缩量,低,情绪退潮,进场,均衡流入型,资金+业绩共振(双击候选),B,关注：资金+业绩共振,73.1
600517,XD国网英,4.91,-49.8,0.84,-20.4,-3.59,-17083448,-35704968,-82198079,1625231,2903531,-345649,缩量,低,情绪退潮,吸筹,资金撤退型,机构吸筹+盈利(关注),C,谨慎：资金流入未验证业绩,22.8
600526,菲达环保,4.57,-43.9,0.42,-40.6,-5.44,-7857657,-11179955,-4311858,1022867,830375,-1449132,缩量,低,情绪退潮,观望,资金观望型,,D,回避：资金观望,-1.8
600528,中铁工业,6.8,-67.2,0.73,-13.3,-1.7,-3950383,-4913699,-4588818,630791,-787028,-2241919,缩量,低,情绪退潮,观望,资金观望型,,D,回避：资金观望,-0.6
600531,豫光金铅,11.98,-57.2,0.58,-55.0,-3.48,-65561812,-126262470,-209707720,-48074151,-51728618,27641336,缩量,低,情绪退潮,观望,资金撤退型,,D,回避：资金撤退,-1.2
600523,贵航股份,11.91,-50.5,1.24,-15.9,5.41,9576126,-9882165,3216859,2724076,996594,832336,缩量,中,主力惜售,进场,资金观望型,资金+业绩共振(双击候选),B,关注：资金+业绩共振,85.8
600527,江南高纤,2.2,-33.0,0.32,-25.3,-3.79,-13391502,-927333,-8213366,3614976,2567447,-1377179,缩量,低,情绪退潮,吸筹,资金观望型,机构吸筹+盈利(关注),C,谨慎：资金流入未验证业绩,22.7
600522,中天科技,36.39,2.6,1.17,5.9,1.04,452493668,95620152,437521918,654788431,755410791,-419703442,缩量,低,情绪退潮,吸筹,资金观望型,资金+业绩共振(双击候选),B,关注：资金+业绩共振,64.3
600536,中国软件,31.07,-62.3,1.95,-56.1,-5.16,-96896455,-257800948,-384557423,-45139076,-35957153,44938308,缩量,低,情绪退潮,观望,资金撤退型,,D,回避：资金撤退,-1.7
600546,山煤国际,13.17,-22.9,0.74,-27.6,0.52,6015731,-32210021,-3458623,-3734109,-7216662,-3176322,缩量,低,情绪退潮,观望,资金观望型,,D,回避：资金观望,0.2
600547,山东黄金,32.86,86.2,1.02,-47.6,-3.87,-465009266,-633381912,-818648453,-193946141,-99164711,106445858,放量,低,游资情绪,观望,资金撤退型,,D,回避：资金撤退,6.7
600540,新赛股份,5.45,569.9,1.23,262.2,-8.42,-266072068,-120375162,-123355785,3572980,-5427680,-14667772,放量,低,游资情绪,观望,资金观望型,,D,回避：资金观望,5.2
600533,栖霞建设,2.21,11.6,0.83,-29.3,6.41,10451651,1014796,-3097123,-2998233,-1843252,1786238,缩量,中,主力惜售,进场,资金观望型,纯资金炒作(亏损风险),C,谨慎：纯资金炒作,26.1
600535,天士力,13.94,-69.7,2.41,-24.9,0.37,2854127,-2537290,47607765,8003744,5878328,-10255110,缩量,低,情绪退潮,进场,长线吸筹型,资金+业绩共振(双击候选),B,关注：资金+业绩共振,72.1
600548,深高速,8.17,-22.8,0.91,63.1,-1.78,-2454939,-9883342,-4100019,-1649928,-3288009,1441892,缩量,低,情绪退潮,观望,资金观望型,,D,回避：资金观望,-0.6
600549,厦门钨业,49.72,-61.6,0.97,-27.7,-1.18,-115781096,-239533619,-1115799906,-125283795,-77122003,156177727,缩量,低,情绪退潮,观望,资金撤退型,,D,回避：资金撤退,-0.4
600550,保变电气,10.65,-74.4,0.45,3.2,-7.22,-56243058,-44335178,-139895681,-9093755,-5012788,7521229,缩量,低,情绪退潮,观望,资金观望型,,D,回避：资金观望,-2.4
600551,时代出版,7.56,465.2,0.97,-4.0,-1.39,-11322429,-41414383,-161532023,-1183206,-1735195,-8572107,放量,低,游资情绪,观望,资金撤退型,,D,回避：资金撤退,7.5
600552,凯盛科技,17.59,-54.7,1.67,-17.0,0.39,13768545,-57761106,-427252701,-22189271,-34541018,-14522706,缩量,低,情绪退潮,观望,资金观望型,,D,回避：资金观望,0.1
600545,卓郎智能,4.57,38.9,1.2,109.7,10.97,396685709,370674565,270252904,-78105680,-80239565,41483514,缩量,高,主力控盘,控盘,资金观望型,控盘+亏损(警惕),C,谨慎：控盘但亏损,27.7
600556,天下秀,4.7,-50.0,1.02,-17.1,-2.21,-14207313,-23367564,-24832660,2357646,-49706,-4941485,缩量,低,情绪退潮,观望,资金撤退型,,D,回避：资金撤退,-0.7
600557,康缘药业,12.08,-79.7,1.48,-57.0,-3.9,-8132674,-18465714,-19479228,-1069755,-608630,3080024,缩量,低,情绪退潮,观望,资金撤退型,,D,回避：资金撤退,-1.3
600559,老白干酒,10.99,-73.5,0.8,18.2,-4.5,-19917537,-26679582,-68720329,-801088,-32189,-323372,缩量,低,情绪退潮,观望,资金撤退型,,D,回避：资金撤退,-1.5
600558,大西洋,4.69,-47.5,0.82,-39.5,-1.59,-2814687,-12268383,-49827280,-926809,-351303,-1685130,缩量,低,情绪退潮,观望,资金撤退型,,D,回避：资金撤退,-0.5
600563,法拉电子,122.6,-68.7,1.49,-24.9,0.53,9392614,-35420853,-123768818,-42377090,-48054275,23515902,缩量,低,情绪退潮,观望,资金观望型,,D,回避：资金观望,0.2
600562,国睿科技,27.53,-64.9,0.67,-19.8,-7.1,-89001179,-117130100,-14424969,-4283178,181690,2734903,缩量,低,情绪退潮,观望,长线吸筹型,,D,回避：资金观望,-2.4
600561,江西长运,5.75,-7.0,0.64,6.0,-3.48,-5972245,-5749534,-3718210,367428,500500,228988,缩量,低,情绪退潮,观望,资金观望型,,D,回避：资金观望,-1.2
600566,济川药业,25.15,-63.8,1.47,-32.3,1.19,6345299,10924494,8170526,-7623675,-4560177,6245039,缩量,低,情绪退潮,观望,趋势转多型,,D,回避：资金观望,0.4
600567,山鹰国际,1.31,-49.3,1.06,-10.2,-4.23,-15636046,-23801413,-13276402,1587436,1246896,-2366764,缩量,低,情绪退潮,观望,资金观望型,,D,回避：资金观望,-1.4
600570,恒生电子,19.97,-70.1,1.3,-8.0,-8.63,-126339315,-216037144,-65275298,-19699211,-8340102,15976122,缩量,低,情绪退潮,观望,长线吸筹型,,D,回避：资金观望,-2.9
600575,淮河能源,3.23,-40.1,0.97,-13.6,2.43,15045281,8590577,-28656938,-3721240,-3236674,-1635108,缩量,低,情绪退潮,观望,资金观望型,,D,回避：资金观望,0.8
600572,康恩贝,4.23,-38.0,0.46,-44.6,4.77,38184668,46232259,-45291150,-9224074,-9627802,2267588,缩量,低,情绪退潮,观望,趋势转多型,,D,回避：资金观望,1.6
600573,惠泉啤酒,9.65,-45.9,0.49,14.9,-5.76,-12299216,-13531769,-38608480,-3771128,-784418,6801141,缩量,低,情绪退潮,观望,资金撤退型,,D,回避：资金撤退,-1.9
600571,信雅达,10.39,-43.6,0.99,-32.2,1.34,3959739,7484663,22687993,-2839593,-3106915,1547478,缩量,低,情绪退潮,观望,均衡流入型,,D,回避：资金观望,0.4
600569,安阳钢铁,1.79,-4.7,0.78,30.8,1.87,4086559,5626892,-6342631,1705818,4224377,-2020995,缩量,低,情绪退潮,吸筹,趋势转多型,纯资金炒作(亏损风险),C,谨慎：纯资金炒作,4.6
600577,精达股份,7.93,-54.9,0.98,-47.5,-3.46,-52864703,-70942367,135818647,-50448328,-44641448,30584820,缩量,低,情绪退潮,观望,长线吸筹型,,D,回避：资金观望,-1.2
600578,京能电力,5.3,-55.3,4.59,42.6,-1.4,-31529953,44054837,-38961830,-64264652,-43245512,71400162,缩量,低,情绪退潮,观望,资金观望型,,D,回避：资金观望,-0.5
600582,天地科技,4.95,3.2,1.01,13.9,-6.39,-49190661,-48787901,-113061325,-5017161,1809113,15693209,缩量,低,情绪退潮,观望,资金观望型,,D,回避：资金观望,-2.1
600583,海油工程,6.08,-41.0,0.63,-32.6,-2.66,-22573911,-24179414,-165399906,9838231,2598009,-11237564,缩量,低,情绪退潮,观望,资金撤退型,,D,回避：资金撤退,-0.9
600586,金晶科技,4.07,-20.2,0.29,-24.7,-2.97,-7558206,-15646394,-22835590,-3052494,-1452323,-7313990,缩量,低,情绪退潮,观望,资金撤退型,,D,回避：资金撤退,-1.0
600584,长电科技,67.75,-74.1,6.64,-18.4,-1.95,-420416677,-2241767925,-4515847377,-654796072,-477430283,650064794,缩量,低,情绪退潮,观望,资金撤退型,,D,回避：资金撤退,-0.7
600585,海螺水泥,16.94,-47.9,0.91,-18.7,-8.49,-169507820,-246507101,-256569878,-4300908,44585349,776564,缩量,低,情绪退潮,观望,资金撤退型,,D,回避：资金撤退,-2.8
600576,祥源文旅,5.41,-56.1,1.53,81.4,1.88,6348462,2995838,-30319900,728630,-169152,-1994030,缩量,低,情绪退潮,进场,资金观望型,资金+业绩共振(双击候选),B,关注：资金+业绩共振,72.6
600588,用友网络,9.35,-69.5,1.54,-25.8,-3.91,-56557286,-136239757,-53998151,-13298212,-18187987,6583673,缩量,低,情绪退潮,观望,资金观望型,,D,回避：资金观望,-1.3
600587,新华医疗,12.11,-51.9,1.33,-24.0,-1.96,-4419970,-13877226,-20677145,-9039414,-292767,5702486,缩量,低,情绪退潮,观望,资金撤退型,,D,回避：资金撤退,-0.7
600590,泰豪科技,8.48,34.6,0.2,58.8,-6.52,-75457211,-39279967,-24675243,27476994,18568051,-49827675,缩量,低,情绪退潮,观望,资金观望型,,D,回避：资金观望,-2.2
600594,益佰制药,3.54,-53.0,0.23,-70.1,-9.15,-28999231,-69582251,75858288,185973,103982,1022023,缩量,低,情绪退潮,观望,长线吸筹型,,D,回避：资金观望,-3.1
600595,中孚实业,5.98,-50.1,0.99,-5.3,-2.83,-61117879,-284215,-79462179,-27067997,-23543777,4077612,缩量,低,情绪退潮,观望,资金观望型,,D,回避：资金观望,-0.9
600596,新安股份,11.88,20.3,2.95,185.1,-1.02,-63628787,194723755,219982608,-105292992,-73018652,90877237,缩量,低,情绪退潮,观望,资金观望型,,D,回避：资金观望,-0.3
600592,龙溪股份,14.66,-53.7,1.2,-14.2,-9.95,-33782064,-29911298,-53092924,5842127,4136915,-461583,缩量,低,情绪退潮,吸筹,资金观望型,机构吸筹+盈利(关注),C,谨慎：资金流入未验证业绩,20.7
600601,方正科技,14.61,-25.4,1.4,106.1,-2.7,-399334021,829246641,967295987,-234115729,-121123491,145185836,缩量,低,情绪退潮,观望,资金观望型,,D,回避：资金观望,-0.9
600598,北大荒,12.57,50.7,0.87,-19.0,-5.32,-120311532,-216250634,-319464451,-4489495,-20118186,-24110903,放量,低,游资情绪,观望,资金撤退型,,D,回避：资金撤退,6.2
600602,云赛智联,16.88,-75.4,0.56,-43.1,-7.93,-101792557,-308531791,-513972266,-12348396,-8222587,4678057,缩量,低,情绪退潮,观望,资金撤退型,,D,回避：资金撤退,-2.6
600604,市北高新,4.51,16.8,0.75,-65.7,-4.76,-13037001,-22369402,41765253,3398450,-1082935,-4224168,缩量,低,情绪退潮,观望,长线吸筹型,,D,回避：资金观望,-1.6
600593,大连圣亚,43.31,125.5,1.58,24.0,-1.28,-16131787,-64735276,-66187644,101308756,109094273,-55867099,放量,低,游资情绪,抢筹,资金撤退型,机构吸筹+盈利(关注),C,谨慎：资金流入未验证业绩,47.6
600605,汇通能源,26.55,17.7,0.33,-25.4,-2.32,-9405098,-25831099,72756530,3099768,2096949,3971627,缩量,低,情绪退潮,观望,长线吸筹型,,D,回避：资金观望,-0.8
600603,广汇物流,4.92,-18.2,0.5,4.8,7.07,21647561,878437,-2872056,-973129,-364414,-3097875,缩量,中,主力惜售,进场,资金观望型,资金+业绩共振(双击候选),B,关注：资金+业绩共振,86.4
600610,中毅达,7.55,57.2,0.6,-49.8,-5.85,-66761009,268369400,197730757,3857799,5443633,3911421,放量,低,游资情绪,观望,资金观望型,,D,回避：资金观望,6.0
600611,大众交通,4.47,-25.9,2.68,11.3,-7.0,-70667107,-66142265,-36515448,10730187,2800486,-8121404,缩量,低,情绪退潮,观望,资金观望型,,D,回避：资金观望,-2.3
600606,绿地控股,1.32,42.9,1.14,-2.7,-2.07,-13100625,-31169944,9932436,30846259,52919669,-1428079,缩量,低,情绪退潮,吸筹,资金观望型,纯资金炒作(亏损风险),C,谨慎：纯资金炒作,3.3
600612,老凤祥,31.35,-42.8,1.64,0.3,-0.65,-2838304,-7161310,-18683940,-1848951,0,5033261,缩量,低,情绪退潮,观望,资金撤退型,,D,回避：资金撤退,-0.2
600609,金杯汽车,3.58,401.2,1.13,159.4,2.97,33542212,64448102,47095303,78334080,73703108,-58421502,放量,低,游资情绪,抢筹,趋势转多型,资金+业绩共振(双击候选),B,关注：资金+业绩共振,89.0
600615,鑫源智造,9.29,-35.0,0.9,-26.4,-0.33,-276937,-3614266,-1692987,369009,0,122785,缩量,低,情绪退潮,观望,资金观望型,,D,回避：资金观望,-0.1
600618,氯碱化工,9.76,-51.5,0.5,-21.7,-3.17,-8601874,-15125957,-24821080,1338198,1160570,-1988216,缩量,低,情绪退潮,观望,资金撤退型,,D,回避：资金撤退,-1.1
600619,海立股份,13.01,-71.9,0.91,-32.4,-7.14,-43786452,-57221660,-127913894,-6993454,-2436846,2174375,缩量,低,情绪退潮,观望,资金撤退型,,D,回避：资金撤退,-2.4
600613,神奇制药,8.54,1981.2,0.71,-33.3,-3.47,-107078039,-213072943,-511937586,68098424,53598063,-127197702,放量,低,游资情绪,抢筹,资金撤退型,机构吸筹+盈利(关注),C,谨慎：资金流入未验证业绩,46.8
600620,天宸股份,4.35,-26.2,0.93,9.0,4.68,6666161,5911155,5957430,140568,-560616,-1724281,缩量,低,情绪退潮,进场,资金观望型,资金+业绩共振(双击候选),B,关注：资金+业绩共振,73.6
600617,国新能源,3.27,-13.9,1.19,44.7,0.19,1397860,-5933983,-32429382,9013101,5836247,-16406460,缩量,低,情绪退潮,进场,资金观望型,纯资金炒作(亏损风险),C,谨慎：纯资金炒作,12.1
600616,金枫酒业,4.67,816.6,0.97,342.9,9.8,69044377,103145669,86773305,-26653582,-22839566,-821881,放量,中,主力偏强放量,进场,短线抢筹型,资金+业绩共振(双击候选),B,关注：资金+业绩共振,91.3
600626,申达股份,3.7,60.1,0.98,-9.2,1.51,2836055,7042769,9341693,-184639,682873,-1493067,放量,低,游资情绪,观望,均衡流入型,,D,回避：资金观望,8.5
600621,华鑫股份,12.82,-66.4,1.32,0.3,-2.09,-11665852,1020108,-14510456,-575097,3194018,-947122,缩量,低,情绪退潮,吸筹,资金观望型,机构吸筹+盈利(关注),C,谨慎：资金流入未验证业绩,23.3
600628,新世界,6.25,-9.7,0.69,57.3,-1.76,-4829266,-6190250,-6560732,-281112,746505,649829,缩量,低,情绪退潮,观望,资金撤退型,,D,回避：资金撤退,-0.6
600622,光大嘉宝,2.39,10.3,1.26,-0.2,1.76,4536112,-1238671,34888556,716604,820116,-3295639,缩量,低,情绪退潮,进场,长线吸筹型,纯资金炒作(亏损风险),C,谨慎：纯资金炒作,12.6
600629,华建集团,16.15,-23.4,0.89,55.4,-6.17,-119130436,85976467,95460678,-20412549,-20565214,9139738,缩量,低,情绪退潮,观望,资金观望型,,D,回避：资金观望,-2.1
600623,华谊集团,8.46,-60.7,1.01,-3.9,1.06,6410101,50331360,56813021,2789485,1275839,-9282213,缩量,低,情绪退潮,进场,均衡流入型,资金+业绩共振(双击候选),B,关注：资金+业绩共振,72.4
600633,浙数文化,10.09,-71.2,0.34,-10.4,-9.02,-46815790,-46976886,-67078745,-775196,-978878,-2195777,缩量,低,情绪退潮,观望,资金撤退型,,D,回避：资金撤退,-3.0
600630,龙头股份,7.54,68.6,4.28,11.4,-1.78,-9545263,-17053288,-15060619,65094332,71979877,-44381885,放量,低,游资情绪,抢筹,资金观望型,机构吸筹+盈利(关注),C,谨慎：资金流入未验证业绩,47.4
600635,大众公用,4.52,-44.7,0.77,2.3,-1.47,-9350796,10112540,-26758951,793787,-3793165,-5557,缩量,低,情绪退潮,观望,资金观望型,,D,回避：资金观望,-0.5
600640,国脉文化,10.96,48.8,0.62,-24.2,-2.57,-7860108,-21181717,-25564322,4363932,-1221609,-9016273,缩量,低,情绪退潮,观望,资金撤退型,,D,回避：资金撤退,-0.9
600637,东方明珠,8.43,-37.0,0.84,-26.8,-3.56,-38770775,-68065867,-96459650,-5118001,-6513245,8867383,缩量,低,情绪退潮,观望,资金撤退型,,D,回避：资金撤退,-1.2
600638,新黄浦,4.77,-38.0,0.42,-37.1,-1.88,-3698921,-8041224,9441851,313474,582825,-1637733,缩量,低,情绪退潮,观望,长线吸筹型,,D,回避：资金观望,-0.6
600642,申能股份,8.61,-42.9,1.08,-30.5,-4.18,-30364638,-36269416,-120288207,5181283,-855506,-15617726,缩量,低,情绪退潮,观望,资金撤退型,,D,回避：资金撤退,-1.4
600645,中源协和,18.05,-55.6,0.89,-49.4,-6.59,-28433829,-102376127,-179938126,275482,-1205183,3161285,缩量,低,情绪退潮,观望,资金撤退型,,D,回避：资金撤退,-2.2
600641,先导基电,36.8,-3.5,1.8,-14.8,3.2,318919252,149952789,-39277901,497513220,614461946,-260099367,缩量,低,情绪退潮,吸筹,资金观望型,纯资金炒作(亏损风险),C,谨慎：纯资金炒作,5.1
600650,锦江在线,10.23,-52.4,1.05,-6.1,-7.2,-10005505,-20189495,-17084469,1672380,0,-2002256,缩量,低,情绪退潮,观望,资金观望型,,D,回避：资金观望,-2.4
600649,城投控股,3.86,13.4,0.6,-49.3,-0.0,-13766,14274426,-12152278,-385852,-34802,-2150143,缩量,低,情绪退潮,观望,资金观望型,,D,回避：资金观望,0.0
600639,浦东金桥,9.42,-33.1,0.45,-16.9,3.43,5645216,-4259871,-17971696,2511016,571794,-255601,缩量,低,情绪退潮,吸筹,资金观望型,资金+业绩共振(双击候选),B,关注：资金+业绩共振,65.1
600651,飞乐音响,5.19,-54.8,0.76,-24.6,-13.19,-40914009,-31979654,-31321961,172223,-1351235,47929,缩量,低,情绪退潮,观望,资金观望型,,D,回避：资金观望,-4.4
600643,爱建集团,3.96,-28.8,0.39,-11.6,7.96,24386986,21014873,22635945,-117381,-429602,508122,缩量,中,主力惜售,进场,资金观望型,纯资金炒作(亏损风险),C,谨慎：纯资金炒作,26.7
600644,乐山电力,9.81,101.4,0.57,269.3,12.7,414532031,400174088,373458922,-33064171,-61648819,-7053855,放量,高,主力主导放量🔥(最强),进场,资金观望型,资金+业绩共振(双击候选),A,金股候选：资金强攻+业绩共振,96.2
600654,中安科,3.02,14.6,0.2,-24.4,1.92,34852560,10446472,174649633,-10766454,-537560,25569926,缩量,低,情绪退潮,观望,长线吸筹型,,D,回避：资金观望,0.6
600658,电子城,4.04,-16.9,0.57,13.5,-1.84,-3752064,-2521188,-18153628,4322382,3505320,-5128104,缩量,低,情绪退潮,观望,资金观望型,,D,回避：资金观望,-0.6
600653,申华控股,1.73,47.3,1.44,3.2,3.64,7694314,4095930,-11054978,9069395,7637125,-2564751,缩量,低,情绪退潮,吸筹,资金观望型,纯资金炒作(亏损风险),C,谨慎：纯资金炒作,5.2
600648,外高桥,9.4,-11.8,0.76,-31.9,0.73,634055,-3534500,-22362406,135802,0,57831,缩量,低,情绪退潮,进场,资金观望型,资金+业绩共振(双击候选),B,关注：资金+业绩共振,72.2
600661,昂立教育,8.68,-26.8,1.53,-18.9,-1.3,-3180660,-13772354,-14720856,-199974,1780273,1591552,缩量,低,情绪退潮,观望,资金撤退型,,D,回避：资金撤退,-0.4
600660,福耀玻璃,54.08,-54.4,0.91,6.7,-0.78,-16730217,-57778295,86918146,-4645908,-8450194,-30908529,缩量,低,情绪退潮,观望,资金观望型,,D,回避：资金观望,-0.3
600657,信达地产,2.84,122.5,0.98,122.3,-6.42,-45912093,11308709,119633914,1219932,-5438673,3462975,放量,低,游资情绪,观望,高位分歧型,,D,回避：资金观望,5.9
600655,豫园股份,4.58,-13.5,0.81,-9.8,7.25,20823024,35047486,52714804,4233970,2503542,-328598,缩量,中,主力惜售,吸筹,主力强攻型,纯资金炒作(亏损风险),C,谨慎：纯资金炒作,18.4
600662,外服控股,4.19,-47.3,0.93,-25.3,-3.71,-7228195,1457251,1381892,-581884,-149184,-145748,缩量,低,情绪退潮,观望,资金观望型,,D,回避：资金观望,-1.2
600665,天地源,3.43,-39.6,1.68,-17.9,-2.49,-4372054,-21741974,-27279814,-2067005,-132860,-2000325,缩量,低,情绪退潮,观望,资金撤退型,,D,回避：资金撤退,-0.8
600663,陆家嘴,8.88,-47.1,2.15,-38.2,0.87,3718265,-223200,-47316988,-3684943,-6073468,-118342,缩量,低,情绪退潮,观望,资金观望型,,D,回避：资金观望,0.3
600664,哈药股份,7.42,93.3,1.92,-0.7,1.8,242745768,-418811866,-446604098,-374685171,-273524912,171857376,放量,低,游资情绪,观望,资金观望型,,D,回避：资金观望,8.6
600671,天目药业,22.15,-66.7,2.58,-32.6,4.0,11467270,4800004,-6090325,-1028016,1772533,2096522,缩量,低,情绪退潮,观望,资金观望型,,D,回避：资金观望,1.3
600667,太极实业,20.57,-16.5,7.0,43.0,3.91,1102624505,993431693,-215219827,27931183,132959550,81293354,缩量,低,情绪退潮,进场,资金观望型,资金+业绩共振(双击候选),B,关注：资金+业绩共振,73.3
600679,上海凤凰,9.98,16.8,0.8,-21.0,-5.35,-6846361,-10018337,-15664848,383837,527354,-602885,缩量,低,情绪退潮,观望,资金撤退型,,D,回避：资金撤退,-1.8
600666,奥瑞德,3.43,-11.4,0.14,20.9,5.93,185770433,149016832,102718873,-58901503,-55266935,59019510,缩量,中,主力惜售,进场,资金观望型,资金+业绩共振(双击候选),B,关注：资金+业绩共振,86.0
600681,百川能源,3.45,35.5,0.83,13.4,-2.53,-10629587,-41248591,-41412840,-7929883,-8429481,-933176,缩量,低,情绪退潮,观望,资金撤退型,,D,回避：资金撤退,-0.8
600676,久事动娱,6.65,-69.4,1.21,-17.3,-0.0,-10094,2084241,-27048158,-2693493,-1085572,2498718,缩量,低,情绪退潮,观望,资金观望型,,D,回避：资金观望,0.0
600668,尖峰集团,7.11,-62.6,0.29,-28.2,1.27,1709530,-9368578,-26159261,651313,-743418,-2200955,缩量,低,情绪退潮,进场,资金观望型,资金+业绩共振(双击候选),B,关注：资金+业绩共振,72.4
600673,东阳光,31.74,-75.0,0.79,-21.7,4.0,109657834,97680425,-17112736,67006203,40672132,-55988078,缩量,低,情绪退潮,进场,资金观望型,资金+业绩共振(双击候选),B,关注：资金+业绩共振,73.3
600683,京投发展,9.4,-35.2,0.29,-62.0,-3.01,-18520289,-68505121,47031585,-10755854,-6151443,11340990,缩量,低,情绪退潮,观望,长线吸筹型,,D,回避：资金观望,-1.0
600674,川投能源,15.92,-8.9,1.04,-4.7,1.77,37288046,-919136,10696122,15598492,11647367,-39563929,缩量,低,情绪退潮,进场,资金观望型,资金+业绩共振(双击候选),B,关注：资金+业绩共振,72.6
600688,上海石化,2.77,-39.6,2.48,-8.9,-2.03,-17204590,-38845079,-105135637,-6259789,-8411101,-6564238,缩量,低,情绪退潮,观望,资金撤退型,,D,回避：资金撤退,-0.7
600685,中船防务,28.5,10.6,0.41,139.4,-10.26,-257602944,-304925208,-368348029,7896863,6521943,-16679226,缩量,低,情绪退潮,观望,资金撤退型,,D,回避：资金撤退,-3.4
600675,中华企业,2.23,-11.7,1.19,-19.3,7.73,24677308,10876897,-16501699,823825,2282282,-1171710,缩量,中,主力惜售,吸筹,资金观望型,资金+业绩共振(双击候选),B,关注：资金+业绩共振,78.6
600682,南京新百,5.56,-18.5,0.99,89.1,4.41,43070949,26032052,4289352,1718037,3079681,3957035,缩量,低,情绪退潮,进场,资金观望型,纯资金炒作(亏损风险),C,谨慎：纯资金炒作,13.5
600689,上海三毛,12.01,64.5,0.74,-14.9,-4.33,-7969231,1561551,11825445,747338,970491,834742,放量,低,游资情绪,观望,资金观望型,,D,回避：资金观望,6.6
600686,金龙汽车,10.79,-16.2,0.6,13.1,0.42,3864337,26981833,20008152,10544438,9758946,-7832056,缩量,低,情绪退潮,吸筹,趋势转多型,资金+业绩共振(双击候选),B,关注：资金+业绩共振,64.1
600684,珠江股份,3.48,-19.4,0.92,-16.1,1.24,2577879,-51461769,-63534985,4265765,1864826,-2228079,缩量,低,情绪退潮,进场,资金观望型,资金+业绩共振(双击候选),B,关注：资金+业绩共振,72.4
600693,东百集团,9.16,1.2,0.55,73.5,-6.15,-235011401,-15316037,47604835,-7940086,881625,7245547,缩量,低,情绪退潮,观望,资金观望型,,D,回避：资金观望,-2.1
600692,亚通股份,6.34,-6.5,0.74,-19.3,-5.3,-10793202,-6087832,-4411385,1084289,2140721,2584857,缩量,低,情绪退潮,观望,资金观望型,,D,回避：资金观望,-1.8
600690,海尔智家,20.7,-55.0,0.98,-18.0,-9.11,-236236250,-177025061,-576663515,-30175909,-6028882,-1982933,缩量,低,情绪退潮,观望,资金观望型,,D,回避：资金观望,-3.0
600691,潞化科技,2.93,186.0,0.27,36.8,-4.34,-58428528,10534740,107649731,-6332167,13558,18318662,放量,低,游资情绪,观望,高位分歧型,,D,回避：资金观望,6.6
600694,大商股份,14.26,-41.5,0.8,18.2,-3.55,-11776021,-16200248,-21292482,118908,-451290,-1376436,缩量,低,情绪退潮,观望,资金撤退型,,D,回避：资金撤退,-1.2
600697,欧亚集团,11.28,618.6,1.02,301.8,2.76,35973010,37044607,34296031,-28989285,-14113148,44552671,放量,低,游资情绪,观望,趋势转多型,,D,回避：资金观望,8.9
600702,舍得酒业,32.3,-28.2,1.44,5.3,-9.27,-70333846,-52289256,-66384025,-81330712,-70692440,53259655,缩量,低,情绪退潮,观望,资金观望型,,D,回避：资金观望,-3.1
600704,物产中大,4.87,-38.1,1.08,29.4,-4.0,-45616694,-46449537,-91897593,3712982,5029172,-9430467,缩量,低,情绪退潮,观望,资金撤退型,,D,回避：资金撤退,-1.3
600703,三安光电,12.84,-69.7,0.79,-7.2,-1.25,-66090721,225631474,-495168654,-127921,17689616,18988063,缩量,低,情绪退潮,观望,资金观望型,,D,回避：资金观望,-0.4
600699,均胜电子,19.87,52.7,0.27,46.0,-9.76,-233184805,-93519898,-244375186,343656244,341292172,-210316302,放量,低,游资情绪,抢筹,资金观望型,机构吸筹+盈利(关注),C,谨慎：资金流入未验证业绩,44.7
600706,曲江文旅,8.19,175.8,0.89,215.0,2.85,50483065,54668832,58042875,-3053417,362923,23798332,放量,低,游资情绪,观望,均衡流入型,,D,回避：资金观望,8.9
600698,湖南天雁,7.16,120.0,1.9,93.1,-9.93,-239323452,216748229,309728730,17747735,13186032,-209071,放量,低,游资情绪,吸筹,资金观望型,纯资金炒作(亏损风险),C,谨慎：纯资金炒作,8.7
600710,苏美达,11.2,2.4,0.42,101.6,-5.25,-50149476,-16077757,-25141330,-4008210,-890445,-4243466,缩量,低,情绪退潮,观望,资金观望型,,D,回避：资金观望,-1.8
600713,XD南京医,4.96,-28.2,0.39,-11.6,-5.76,-16225129,-15980558,-30185256,4992285,2040331,-4916408,缩量,低,情绪退潮,观望,资金观望型,,D,回避：资金观望,-1.9
600714,金瑞矿业,17.15,-2.6,0.97,-8.8,-7.51,-138558316,-265124080,-62258187,-13782858,-7887658,13790834,缩量,低,情绪退潮,观望,资金观望型,,D,回避：资金观望,-2.5
600711,盛屯矿业,10.78,-44.3,0.71,-18.5,-4.8,-211166961,-109612726,154592897,-60117623,-59987144,50968164,缩量,低,情绪退潮,观望,高位分歧型,,D,回避：资金观望,-1.6
600707,彩虹股份,9.24,-28.2,1.46,1.9,6.55,337458959,329978259,-170249824,-38085836,-20976215,20022234,缩量,中,主力惜售,进场,资金观望型,资金+业绩共振(双击候选),B,关注：资金+业绩共振,86.2
600708,光明地产,2.98,-68.6,0.93,5.3,12.31,23301625,10714804,11499123,2339935,2903541,-1880233,缩量,高,主力控盘,控盘,资金观望型,控盘+亏损(警惕),C,谨慎：控盘但亏损,28.1
600718,东软集团,7.74,-63.5,0.95,-7.6,-0.39,-1088026,-5582411,-5889717,-1713609,-1058938,-1782902,缩量,低,情绪退潮,观望,资金撤退型,,D,回避：资金撤退,-0.1
600719,大连热电,7.65,-9.2,0.87,95.7,-0.35,-2471204,7783801,122954,-4093160,-694816,1114402,缩量,低,情绪退潮,观望,资金观望型,,D,回避：资金观望,-0.1
600712,南宁百货,5.06,180.7,2.29,396.7,-0.95,-22147441,-13154465,-10468330,8482528,11823489,-4405824,放量,低,游资情绪,抢筹,资金观望型,纯资金炒作(亏损风险),C,谨慎：纯资金炒作,27.7
600715,文投控股,1.64,2.5,0.22,1.8,2.3,6106837,-12372534,-29944769,3131595,1696787,-732580,缩量,低,情绪退潮,吸筹,资金观望型,纯资金炒作(亏损风险),C,谨慎：纯资金炒作,4.8
600717,天津港,4.28,-35.7,1.18,-5.7,0.25,950075,-3188626,5764362,2490039,-1204509,-5409493,缩量,低,情绪退潮,进场,资金观望型,资金+业绩共振(双击候选),B,关注：资金+业绩共振,72.1
600716,凤凰股份,3.59,-16.9,0.53,-14.2,0.1,88266,-4190806,-5504459,1919244,-31000,-1414928,缩量,低,情绪退潮,进场,资金观望型,纯资金炒作(亏损风险),C,谨慎：纯资金炒作,12.0
600722,金牛化工,15.92,124.7,0.63,0.1,-3.92,-351098042,-219710128,-87910196,-31813211,2683208,63028439,放量,低,游资情绪,观望,资金观望型,,D,回避：资金观望,6.7
600724,宁波富达,4.87,-58.4,0.71,-9.5,-8.48,-13895135,-24792907,-24253867,-1253929,-514759,402228,缩量,低,情绪退潮,观望,资金观望型,,D,回避：资金观望,-2.8
600725,云维股份,3.27,-17.2,0.95,-18.4,-6.29,-14212530,-10866382,-17816394,-3936698,-3833907,-1374685,缩量,低,情绪退潮,观望,资金观望型,,D,回避：资金观望,-2.1
600726,华电能源,5.08,-63.0,0.74,37.6,1.76,56341668,102686888,-2204760,-59203887,-24439317,76977457,缩量,低,情绪退潮,观望,趋势转多型,,D,回避：资金观望,0.6
600727,鲁北化工,7.41,-57.8,0.38,-23.9,-9.01,-32732390,-49133896,-51827765,-2226554,-686420,1307632,缩量,低,情绪退潮,观望,资金撤退型,,D,回避：资金撤退,-3.0
600721,百花医药,11.87,501.2,1.55,-43.3,-0.54,-22989928,-245185017,-790505659,332387946,368406457,-191381429,放量,低,游资情绪,抢筹,资金撤退型,机构吸筹+盈利(关注),C,谨慎：资金流入未验证业绩,47.8
600720,中交设计,5.13,-41.3,1.23,6.0,6.17,14773701,36956702,70688056,3093102,1185712,-1708193,缩量,中,主力惜售,进场,主力强攻型,资金+业绩共振(双击候选),B,关注：资金+业绩共振,86.1
600728,佳都科技,4.49,-60.1,0.88,-19.3,-1.99,-8425345,-17234685,16964806,-2628504,-448618,-2182708,缩量,低,情绪退潮,观望,长线吸筹型,,D,回避：资金观望,-0.7
600729,重百集团,18.48,-66.1,1.37,26.7,-0.89,-2428261,-4688847,-9860749,610027,0,-3422013,缩量,低,情绪退潮,观望,资金撤退型,,D,回避：资金撤退,-0.3
600733,北汽蓝谷,4.49,-10.8,1.27,11.1,-3.04,-69144712,-95536812,-73575681,30341969,17220467,-54763586,缩量,低,情绪退潮,观望,资金观望型,,D,回避：资金观望,-1.0
600740,山西焦化,3.8,-3.1,0.57,-38.3,-0.4,-2318033,-10877346,-49658911,2764048,-3945752,-9795931,缩量,低,情绪退潮,观望,资金撤退型,,D,回避：资金撤退,-0.1
600739,辽宁成大,10.23,-58.5,1.67,-41.0,-4.87,-24622033,-58895723,-83007698,-169295,-4136369,-3529777,缩量,低,情绪退潮,观望,资金撤退型,,D,回避：资金撤退,-1.6
600741,华域汽车,15.18,-32.0,1.05,26.4,-4.5,-68528030,-44570959,9646919,-13664691,-6850656,4822477,缩量,低,情绪退潮,观望,高位分歧型,,D,回避：资金观望,-1.5
600743,华远控股,2.08,-29.8,0.14,-32.2,-3.87,-9895737,-32159529,-121139500,238310,-2104715,-670031,缩量,低,情绪退潮,观望,资金撤退型,,D,回避：资金撤退,-1.3
600746,江苏索普,6.85,-37.8,0.64,-38.7,-1.68,-5894366,-44174397,-11201931,-5082309,161566,6924366,缩量,低,情绪退潮,观望,长线吸筹型,,D,回避：资金观望,-0.6
600749,西藏旅游,13.58,-12.6,0.18,-9.7,-6.95,-55438188,-17363604,56987045,-497950,1474178,-3414449,缩量,低,情绪退潮,观望,高位分歧型,,D,回避：资金观望,-2.3
600750,华润江中,22.36,-41.4,0.9,-7.9,1.64,8095914,-7579237,27066585,-3077367,-116755,2158737,缩量,低,情绪退潮,观望,长线吸筹型,,D,回避：资金观望,0.5
600754,锦江酒店,18.34,-54.8,0.89,12.4,-3.54,-35493852,-33927009,-53809176,-12929729,-7372128,7216257,缩量,低,情绪退潮,观望,资金观望型,,D,回避：资金观望,-1.2
600748,上实发展,3.79,-45.2,0.52,-23.8,2.41,4822125,-3112401,5608843,316890,-1210873,-502120,缩量,低,情绪退潮,进场,资金观望型,纯资金炒作(亏损风险),C,谨慎：纯资金炒作,12.8
600742,富维股份,7.76,16.5,0.32,100.0,3.95,17783157,15340323,28107591,745767,-1032155,-2750765,缩量,低,情绪退潮,进场,资金观望型,资金+业绩共振(双击候选),B,关注：资金+业绩共振,73.3
600756,浪潮软件,13.5,-85.8,2.09,-36.9,-5.36,-19572638,-56682154,-123668147,-2193186,860386,2329832,缩量,低,情绪退潮,观望,资金撤退型,,D,回避：资金撤退,-1.8
600760,中航沈飞,44.0,-39.5,0.74,-12.5,-13.19,-481868244,-745883966,-279559517,-31999228,-19025571,22645655,缩量,低,情绪退潮,观望,长线吸筹型,,D,回避：资金观望,-4.4
600755,厦门国贸,5.51,-26.6,0.98,-1.9,-4.16,-16943045,-26513700,-5851509,-9026221,-5038776,9878998,缩量,低,情绪退潮,观望,资金观望型,,D,回避：资金观望,-1.4
600751,海航科技,3.01,-24.5,0.72,-2.7,3.47,14140725,4426270,-40332575,4179335,1681901,-3430400,缩量,低,情绪退潮,进场,资金观望型,资金+业绩共振(双击候选),B,关注：资金+业绩共振,73.2
600757,长江传媒,7.23,-27.3,1.27,-6.1,-1.31,-4817182,18156289,31255124,1327329,-32521,1464156,缩量,低,情绪退潮,观望,资金观望型,,D,回避：资金观望,-0.4
600763,通策医疗,32.6,-62.1,0.7,-16.8,-11.71,-96112649,-127971466,-233114458,-5337046,-1814486,5839717,缩量,低,情绪退潮,观望,资金撤退型,,D,回避：资金撤退,-3.9
600764,中国海防,18.66,-15.5,0.72,88.3,-4.47,-35567882,-39713126,-30656633,-1465008,-608804,-1370985,缩量,低,情绪退潮,观望,资金观望型,,D,回避：资金观望,-1.5
600765,中航重机,13.38,-33.9,0.71,15.2,-7.03,-73015373,-72139226,-77964783,13148973,12020338,-18736091,缩量,低,情绪退潮,观望,资金观望型,,D,回避：资金观望,-2.3
600768,富邦新材,14.37,-45.7,0.36,-31.1,-3.63,-6080498,-18442331,-34304820,-1248640,-203985,492563,缩量,低,情绪退潮,观望,资金撤退型,,D,回避：资金撤退,-1.2
600770,综艺股份,5.6,-11.4,1.21,420.3,0.55,8979929,168659007,139573019,-18038706,-12478378,-598129,缩量,低,情绪退潮,观望,趋势转多型,,D,回避：资金观望,0.2
600769,祥龙电业,15.27,-44.4,1.58,12.7,-4.97,-36892810,20114171,-6581810,7273356,10099568,-10826552,缩量,低,情绪退潮,观望,资金观望型,,D,回避：资金观望,-1.7
600761,安徽合力,15.4,-48.3,1.14,-21.3,-3.05,-27255082,-41301093,-25220221,5206672,5628895,-1413421,缩量,低,情绪退潮,吸筹,资金观望型,机构吸筹+盈利(关注),C,谨慎：资金流入未验证业绩,23.0
600758,辽宁能源,3.67,39.3,0.5,-17.7,-6.62,-86646911,-107586277,-38924517,18129728,25726861,-876179,缩量,低,情绪退潮,吸筹,资金观望型,纯资金炒作(亏损风险),C,谨慎：纯资金炒作,1.8
600771,广誉远,13.54,-53.5,1.02,-17.2,-5.27,-18834515,-27510886,-81223283,-509721,-1513956,-2043290,缩量,低,情绪退潮,观望,资金撤退型,,D,回避：资金撤退,-1.8
600773,西藏城投,10.0,-61.6,0.35,-34.6,-3.57,-37152699,-61428682,5607496,-11103802,-2324902,8630215,缩量,低,情绪退潮,观望,长线吸筹型,,D,回避：资金观望,-1.2
600776,东方通信,13.33,22.5,0.26,142.8,-1.42,-34802355,162973638,125648219,-2821535,-6588241,8350367,缩量,低,情绪退潮,观望,资金观望型,,D,回避：资金观望,-0.5
600775,南京熊猫,9.5,-64.7,0.58,-11.3,-2.6,-11803334,-13546108,-1075340,-9205015,-3606714,7775207,缩量,低,情绪退潮,观望,资金观望型,,D,回避：资金观望,-0.9
600779,水井坊,25.38,-70.4,1.22,-5.4,-6.7,-13545654,-15677319,-32709923,-2084582,-415672,5371258,缩量,低,情绪退潮,观望,资金撤退型,,D,回避：资金撤退,-2.2
600783,鲁信创投,14.88,-36.0,0.85,-21.5,-5.76,-71714534,-96240400,-313529622,-57687494,-59225356,41207529,缩量,低,情绪退潮,观望,资金撤退型,,D,回避：资金撤退,-1.9
600784,鲁银投资,7.06,-32.8,0.73,11.9,-15.22,-45831478,-81663635,-76731210,3877191,2576887,-8016530,缩量,低,情绪退潮,观望,资金观望型,,D,回避：资金观望,-5.1
600785,新华百货,10.01,16.5,1.19,-27.0,0.05,682655,100695215,397629040,-1954612,1779024,3384345,缩量,低,情绪退潮,观望,均衡流入型,,D,回避：资金观望,0.0
600778,友好集团,5.77,187.3,0.99,286.4,0.75,7722266,67803538,73729296,-10430791,4095040,24637466,放量,低,游资情绪,抢筹,均衡流入型,资金+业绩共振(双击候选),B,关注：资金+业绩共振,88.2
600780,通宝能源,6.15,51.8,0.24,-14.2,-0.99,-4359477,-17096312,-121314030,737487,2798241,-2703407,放量,低,游资情绪,抢筹,资金撤退型,机构吸筹+盈利(关注),C,谨慎：资金流入未验证业绩,47.7
600777,新潮能源,4.01,-32.4,0.61,32.5,5.98,42142737,43946934,-92662440,-12500155,-12465663,5281551,缩量,中,主力惜售,进场,趋势转多型,资金+业绩共振(双击候选),B,关注：资金+业绩共振,86.0
600782,新钢股份,2.68,-43.9,0.52,-24.0,4.02,18788049,32517045,-11394913,4074836,-346182,-11573493,缩量,低,情绪退潮,进场,趋势转多型,资金+业绩共振(双击候选),B,关注：资金+业绩共振,73.3
600791,京能置业,6.82,-67.9,0.42,27.7,-2.5,-11276389,46545709,73010059,-2072120,-1971921,2371603,缩量,低,情绪退潮,观望,资金观望型,,D,回避：资金观望,-0.8
600787,中储股份,4.57,-24.0,1.07,-0.3,8.19,36491677,37812991,36152511,-5596009,-8259723,2441109,缩量,中,主力惜售,进场,趋势转多型,资金+业绩共振(双击候选),B,关注：资金+业绩共振,86.7
600789,鲁抗医药,7.52,-51.4,3.36,-27.8,5.03,36263095,25316741,-41259247,8514845,12544914,-845816,缩量,中,主力惜售,吸筹,资金观望型,资金+业绩共振(双击候选),B,关注：资金+业绩共振,77.7
600794,保税科技,3.22,27.9,0.83,4.4,-0.22,-424088,5109373,-2106646,1023457,336961,-2220102,缩量,低,情绪退潮,观望,资金观望型,,D,回避：资金观望,-0.1
600790,轻纺城,3.43,36.3,1.33,9.5,5.93,15868372,10065264,29534984,-2915135,914524,2169636,缩量,中,主力惜售,进场,资金观望型,纯资金炒作(亏损风险),C,谨慎：纯资金炒作,26.0
600792,云煤能源,5.34,1040.2,0.54,244.5,3.95,192306054,241292044,349170914,92237444,94984597,-37558349,放量,低,游资情绪,抢筹,均衡流入型,纯资金炒作(亏损风险),C,谨慎：纯资金炒作,29.3
600797,浙大网新,6.53,-75.1,0.7,-17.6,-7.9,-27993670,-41019793,-44026966,-9038662,-3607118,8817409,缩量,低,情绪退潮,观望,资金撤退型,,D,回避：资金撤退,-2.6
600798,宁波海运,3.54,358.6,0.81,171.8,1.9,22791466,-28150942,-52624812,-2461652,124900,4072874,放量,低,游资情绪,观望,资金观望型,,D,回避：资金观望,8.6
600801,华新建材,24.2,-54.8,2.28,7.0,-8.46,-100444309,-131624499,-89673633,236124,3463743,21278277,缩量,低,情绪退潮,观望,资金观望型,,D,回避：资金观望,-2.8
600795,国电电力,5.26,-25.8,0.92,-19.4,6.39,161556169,292089499,413965480,32605840,6063424,-27235585,缩量,中,主力惜售,进场,主力强攻型,资金+业绩共振(双击候选),B,关注：资金+业绩共振,86.1
600803,新奥股份,18.69,-40.6,0.79,1.2,-4.11,-31339484,-64616210,-125400211,975025,149452,-8334348,缩量,低,情绪退潮,观望,资金撤退型,,D,回避：资金撤退,-1.4
600805,悦达投资,4.49,-7.5,0.49,-28.6,-0.42,-650382,552928,-12919688,252463,1022056,3116888,缩量,低,情绪退潮,观望,资金观望型,,D,回避：资金观望,-0.1
600808,马钢股份,2.53,-34.6,0.76,-12.9,0.28,1840372,-2192929,-52051981,-3260573,-4101893,-10126888,缩量,低,情绪退潮,观望,资金观望型,,D,回避：资金观望,0.1
600809,山西汾酒,113.08,-70.6,1.29,5.3,-3.34,-75912031,-144743096,-242500952,15956111,2518790,-12319879,缩量,低,情绪退潮,观望,资金撤退型,,D,回避：资金撤退,-1.1
600807,济高发展,2.62,-3.0,1.04,-10.8,0.16,272964,-2877336,2989657,2388116,-509698,-2648376,缩量,低,情绪退潮,进场,资金观望型,纯资金炒作(亏损风险),C,谨慎：纯资金炒作,12.1
600814,杭州解百,6.77,89.4,0.6,233.8,-5.02,-33200459,23393299,18435404,-2625901,-2037551,4994196,放量,低,游资情绪,观望,资金观望型,,D,回避：资金观望,6.3
600815,厦工股份,3.64,18.2,0.23,-19.4,-0.56,-6729103,-99835351,-30489861,26374264,20148196,-24460001,缩量,低,情绪退潮,观望,资金观望型,,D,回避：资金观望,-0.2
600817,宇通重工,9.49,-28.4,0.24,-33.7,-2.95,-1939124,-10087581,-7845263,2087256,0,-2120948,缩量,低,情绪退潮,观望,资金观望型,,D,回避：资金观望,-1.0
600816,建元信托,2.41,-48.9,0.7,-8.7,-1.06,-7391153,17138343,-50148566,-3203383,-3581078,-2918367,缩量,低,情绪退潮,观望,资金观望型,,D,回避：资金观望,-0.4
600821,金开新能,6.09,-33.9,0.22,47.1,-0.8,-19989019,18952743,-83506519,-18626242,231526,35433685,缩量,低,情绪退潮,观望,资金观望型,,D,回避：资金观望,-0.3
600819,耀皮玻璃,5.65,-16.7,1.26,19.1,-3.48,-8568779,4150468,836505,-2706616,-855969,3449440,缩量,低,情绪退潮,观望,资金观望型,,D,回避：资金观望,-1.2
600812,华北制药,4.53,-20.4,1.5,116.0,5.72,77210074,62470486,10153971,69997,-1899095,2284313,缩量,中,主力惜售,进场,资金观望型,资金+业绩共振(双击候选),B,关注：资金+业绩共振,85.9
600824,益民集团,3.58,49.1,1.02,18.5,-4.53,-12941444,-17500483,-27393027,3120260,331648,-2979364,缩量,低,情绪退潮,观望,资金撤退型,,D,回避：资金撤退,-1.5
600825,新华传媒,5.31,-100.0,0.91,40.6,1.81,6227340,-4860406,-7973898,0,0,0,缩量,低,情绪退潮,观望,资金观望型,,D,回避：资金观望,0.6
600810,神马股份,6.25,-73.2,0.7,-36.8,9.19,14593817,17103542,2730735,1119548,342841,-618711,缩量,中,主力惜售,进场,短线抢筹型,纯资金炒作(亏损风险),C,谨慎：纯资金炒作,27.1
600826,兰生股份,7.39,-57.9,1.11,-29.4,-4.04,-5411363,-5585597,-13291822,-1760074,-840178,-309630,缩量,低,情绪退潮,观望,资金撤退型,,D,回避：资金撤退,-1.3
600827,百联股份,7.64,-47.7,1.07,13.0,3.2,13416119,23103471,64388648,-1405267,-3961041,-6528416,缩量,低,情绪退潮,观望,主力建仓型,,D,回避：资金观望,1.1
600828,茂业商业,4.08,49.0,0.83,135.4,-4.93,-44695080,-53514570,27003905,-4474094,-2802864,9313863,缩量,低,情绪退潮,观望,资金观望型,,D,回避：资金观望,-1.6
600820,隧道股份,5.35,-35.0,1.09,22.9,4.94,30992707,27169004,-55455403,1822797,-2430129,-11255777,缩量,低,情绪退潮,进场,资金观望型,资金+业绩共振(双击候选),B,关注：资金+业绩共振,73.6
600822,上海物贸,9.38,498.8,0.75,162.4,-4.09,-13358274,-5936816,-16485321,38531748,29097293,-31550893,放量,低,游资情绪,抢筹,资金观望型,机构吸筹+盈利(关注),C,谨慎：资金流入未验证业绩,46.6
600830,香溢融通,8.37,192.5,1.13,78.3,-2.27,-18925850,-185585652,-137330387,-10138163,-5934284,12311874,放量,低,游资情绪,观望,资金观望型,,D,回避：资金观望,7.2
600829,人民同泰,9.38,-54.8,2.29,-57.4,-2.68,-12489206,-31829521,-44431859,-833932,355341,5073509,缩量,低,情绪退潮,观望,资金撤退型,,D,回避：资金撤退,-0.9
600833,第一医药,10.21,-16.2,1.39,-46.6,0.36,759610,-4629056,-14265924,-1037040,-1433668,399814,缩量,低,情绪退潮,观望,资金观望型,,D,回避：资金观望,0.1
600834,申通地铁,7.61,-29.1,0.85,-19.1,2.42,1883280,-416579,1271877,-21439,0,269417,缩量,低,情绪退潮,观望,资金观望型,,D,回避：资金观望,0.8
600838,上海九百,7.81,15.7,0.48,-17.5,-9.32,-57158383,-71254179,1600465,-1698088,1426961,1993104,缩量,低,情绪退潮,观望,长线吸筹型,,D,回避：资金观望,-3.1
600839,四川长虹,6.64,-82.1,0.62,-35.9,-12.87,-127843591,-280993068,-408662230,-2826577,3203548,6058715,缩量,低,情绪退潮,观望,资金撤退型,,D,回避：资金撤退,-4.3
600843,上工申贝,6.81,-70.8,0.77,-12.2,-2.93,-4760404,-11851898,-17104783,1310149,556905,-1148615,缩量,低,情绪退潮,观望,资金撤退型,,D,回避：资金撤退,-1.0
600844,金煤科技,3.41,-32.8,1.0,-28.7,3.61,36596214,-58280234,17629849,-14502853,-9657794,21042786,缩量,低,情绪退潮,观望,资金观望型,,D,回避：资金观望,1.2
600845,宝信软件,16.8,-81.0,0.9,-20.4,-7.66,-49922827,-143518941,-194902322,-812739,766952,2724134,缩量,低,情绪退潮,观望,资金撤退型,,D,回避：资金撤退,-2.6
600846,同济科技,10.96,-67.9,1.62,-22.3,-18.47,-23028722,-40911068,-51289750,-185282,2147171,129702,缩量,低,情绪退潮,观望,资金撤退型,,D,回避：资金撤退,-6.2
600848,上海临港,8.42,-56.4,0.71,-21.7,-2.53,-5960253,1942160,13935846,-425033,127454,3045177,缩量,低,情绪退潮,观望,高位分歧型,,D,回避：资金观望,-0.8
600841,动力新科,5.75,52.7,0.42,67.4,-4.69,-22246294,16873339,3619553,10284682,7286202,-21930247,放量,低,游资情绪,抢筹,资金观望型,机构吸筹+盈利(关注),C,谨慎：资金流入未验证业绩,46.4
600850,电科数字,13.83,-57.1,1.02,-6.7,-0.13,-580984,-14839329,-94062828,-3695742,3015623,152490,缩量,低,情绪退潮,观望,资金撤退型,,D,回避：资金撤退,-0.0
600851,海欣股份,8.27,-79.8,2.18,-47.7,-8.18,-20962978,-34694494,-38608247,-2320351,-42367,1316576,缩量,低,情绪退潮,观望,资金撤退型,,D,回避：资金撤退,-2.7
600854,春兰股份,4.61,-15.9,0.83,-19.1,-3.85,-5261108,-6220526,-15192809,-1091005,-554400,2711218,缩量,低,情绪退潮,观望,资金撤退型,,D,回避：资金撤退,-1.3
600857,宁波中百,21.09,-55.2,7.22,114.1,0.02,123653,102888387,138141040,-4872003,-5722778,1940649,缩量,低,情绪退潮,观望,均衡流入型,,D,回避：资金观望,0.0
600847,万里股份,12.65,57.2,0.59,2.5,0.13,192805,-3366353,-3142945,4606129,2685070,-5207177,放量,低,游资情绪,抢筹,资金观望型,纯资金炒作(亏损风险),C,谨慎：纯资金炒作,28.0
600855,航天长峰,13.08,-21.2,0.19,180.0,0.28,2583175,75741123,74575335,-2101590,-3722596,10811176,缩量,低,情绪退潮,观望,趋势转多型,,D,回避：资金观望,0.1
600858,银座股份,4.96,5.3,0.89,29.1,-0.61,-1444891,4080415,3199395,1244907,-1067724,-1691247,缩量,低,情绪退潮,观望,资金观望型,,D,回避：资金观望,-0.2
600859,王府井,9.55,-49.6,0.98,19.1,-3.46,-23811632,-22607986,-29548212,2970887,2499160,-10696104,缩量,低,情绪退潮,观望,资金观望型,,D,回避：资金观望,-1.2
600860,京城股份,8.15,-34.7,0.34,-36.2,-7.07,-11626335,-11700622,-16144750,3415568,921755,-939415,缩量,低,情绪退潮,观望,资金撤退型,,D,回避：资金撤退,-2.4
600861,北京人力,12.6,-43.8,0.91,-30.6,-0.89,-854544,-3254456,-7070381,197307,-1282714,-452324,缩量,低,情绪退潮,观望,资金撤退型,,D,回避：资金撤退,-0.3
600862,中航高科,17.88,-65.4,0.96,24.8,-8.34,-85584386,-15072947,35700093,3615938,4344535,-12524164,缩量,低,情绪退潮,观望,资金观望型,,D,回避：资金观望,-2.8
600853,龙建股份,3.28,-28.4,0.57,-19.1,1.13,1465784,5421863,17982826,1936533,1895500,-2472420,缩量,低,情绪退潮,进场,均衡流入型,资金+业绩共振(双击候选),B,关注：资金+业绩共振,72.4
600863,华能蒙电,4.68,-49.5,2.33,17.1,-5.09,-117227516,71944869,50613678,-45281460,-33699745,40530922,缩量,低,情绪退潮,观望,资金观望型,,D,回避：资金观望,-1.7
600865,百大集团,10.44,681.9,0.71,545.0,-4.03,-135753015,9155818,22007468,-4952333,3797059,7152456,放量,低,游资情绪,观望,资金观望型,,D,回避：资金观望,6.7
600864,哈投股份,5.82,158.9,0.19,18.1,4.95,106976741,99438561,134098151,-33313472,-19059645,29695138,放量,低,游资情绪,观望,资金观望型,,D,回避：资金观望,9.7
600866,星湖科技,4.06,-12.5,0.6,62.2,-8.76,-49614087,-101038276,-96152242,-15925190,-7670122,7175452,缩量,低,情绪退潮,观望,资金观望型,,D,回避：资金观望,-2.9
600867,通化东宝,7.82,-75.9,0.5,-49.0,-12.03,-53100646,-75808230,-105743817,-1657714,-86232,1030424,缩量,低,情绪退潮,观望,资金撤退型,,D,回避：资金撤退,-4.0
600869,远东股份,21.3,135.0,1.12,55.0,-7.22,-2376200920,-3064396329,-2092938479,-189011352,-105985179,351578071,放量,低,游资情绪,观望,资金观望型,,D,回避：资金观望,5.6
600868,梅雁吉祥,2.83,31.7,0.5,7.1,0.22,1854739,-3834809,-13842683,-9129578,-7221562,8401185,缩量,低,情绪退潮,观望,资金观望型,,D,回避：资金观望,0.1
600872,中炬高新,17.17,-37.7,0.36,9.8,-3.95,-34911620,-47360185,-52503136,-31293952,-16633894,22512369,缩量,低,情绪退潮,观望,资金撤退型,,D,回避：资金撤退,-1.3
600873,梅花生物,7.51,-56.6,0.26,-22.0,-1.44,-10261144,-27193121,-53956474,5725340,4548071,-4995695,缩量,低,情绪退潮,观望,资金撤退型,,D,回避：资金撤退,-0.5
600874,创业环保,5.54,-16.1,0.59,-4.8,-8.83,-17857958,-16704599,-15941146,850110,1965631,-4467813,缩量,低,情绪退潮,观望,资金观望型,,D,回避：资金观望,-2.9
600879,航天电子,14.26,-64.2,0.48,-1.6,1.56,68091517,-161345939,-650071402,-112167913,-65859618,73350536,缩量,低,情绪退潮,观望,资金观望型,,D,回避：资金观望,0.5
600877,电科芯片,11.87,-72.1,1.32,19.5,1.67,12525406,-17686559,-98731736,-16266488,-13423968,7954523,缩量,低,情绪退潮,观望,资金观望型,,D,回避：资金观望,0.6
600881,亚泰集团,1.75,-39.9,3.24,-9.5,-3.83,-39935248,-1047296,-8157649,2410287,2815993,-3201341,缩量,低,情绪退潮,观望,资金观望型,,D,回避：资金观望,-1.3
600871,石化油服,2.17,-16.3,0.96,12.7,6.84,113106602,117184939,151456072,-13850994,-15809210,5500105,缩量,中,主力惜售,进场,均衡流入型,资金+业绩共振(双击候选),B,关注：资金+业绩共振,86.3
600882,妙可蓝多,19.19,-83.0,1.32,-7.6,-6.31,-26561856,-19297259,-12420305,1112059,257431,663074,缩量,低,情绪退潮,观望,资金观望型,,D,回避：资金观望,-2.1
600884,杉杉股份,11.02,-68.8,0.45,-38.7,-8.47,-117590393,-167015772,-348657493,-46124180,-40667199,35981369,缩量,低,情绪退潮,观望,资金撤退型,,D,回避：资金撤退,-2.8
600875,东方电气,23.98,-59.9,0.38,17.1,-7.67,-315453860,72179105,-193799198,25678253,28936278,-20010518,缩量,低,情绪退潮,吸筹,资金观望型,机构吸筹+盈利(关注),C,谨慎：资金流入未验证业绩,21.4
600876,凯盛新能,8.36,545.9,0.6,688.6,3.75,53321900,55292239,55706777,7929192,7083164,-6927750,放量,低,游资情绪,吸筹,均衡流入型,纯资金炒作(亏损风险),C,谨慎：纯资金炒作,13.2
600885,宏发股份,33.97,-69.6,1.3,-1.3,-1.51,-26822878,-22754972,-206767764,273809,2297047,16137380,缩量,低,情绪退潮,观望,资金观望型,,D,回避：资金观望,-0.5
600880,博瑞传播,4.92,528.5,0.31,516.2,6.29,152342957,217562266,207834539,-39679682,-47309239,21567480,放量,中,主力偏强放量,进场,短线抢筹型,纯资金炒作(亏损风险),C,谨慎：纯资金炒作,30.1
600888,新疆众和,9.78,-73.5,2.82,-44.6,-7.91,-109273385,-284607703,-336244607,-12620018,-5118285,-2344408,缩量,低,情绪退潮,观望,资金撤退型,,D,回避：资金撤退,-2.6
600892,大晟文化,4.06,117.8,4.67,80.4,-5.42,-61088655,-125513612,-38442510,117927,-2591162,2673921,放量,低,游资情绪,观望,资金观望型,,D,回避：资金观望,6.2
600883,博闻科技,7.92,5.1,1.09,-8.5,3.67,7670699,6446366,8744237,2403334,2954151,-4136503,缩量,低,情绪退潮,进场,资金观望型,资金+业绩共振(双击候选),B,关注：资金+业绩共振,73.2
600893,航发动力,39.37,-37.9,0.67,42.9,-9.52,-565567957,-425333410,47188006,-55114807,-59487484,25193383,缩量,低,情绪退潮,观望,高位分歧型,,D,回避：资金观望,-3.2
600894,广日股份,7.13,-20.7,0.47,-51.6,0.13,184159,-1462602,-19899834,-6556463,-2840000,1143207,缩量,低,情绪退潮,观望,资金观望型,,D,回避：资金观望,0.0
600886,国投电力,14.42,-58.7,1.67,-16.8,1.78,26388665,-10008242,97715348,8568374,-4502401,-5000934,缩量,低,情绪退潮,进场,长线吸筹型,资金+业绩共振(双击候选),B,关注：资金+业绩共振,72.6
600897,厦门空港,14.72,21.0,0.73,45.8,-2.44,-4038204,-8662105,-14431178,-138202,-2170052,-2162138,缩量,低,情绪退潮,观望,资金撤退型,,D,回避：资金撤退,-0.8
600895,张江高科,27.99,-78.5,1.78,-11.8,-8.29,-156960829,-232157224,-446413974,-39893419,-31126530,22930835,缩量,低,情绪退潮,观望,资金撤退型,,D,回避：资金撤退,-2.8
600887,伊利股份,26.56,-41.6,1.75,-25.6,6.52,389708712,257374884,508748671,126113326,87241625,-77872825,缩量,中,主力惜售,吸筹,资金观望型,资金+业绩共振(双击候选),B,关注：资金+业绩共振,78.2
600901,江苏金租,6.72,-50.3,0.79,-23.2,-0.2,-1604788,-398232,39624425,3593055,1294723,-6306964,缩量,低,情绪退潮,观望,高位分歧型,,D,回避：资金观望,-0.1
600903,贵州燃气,6.47,126.1,4.42,95.9,-3.67,-106759408,-73411199,92239460,-12559101,2010220,31530874,放量,低,游资情绪,观望,高位分歧型,,D,回避：资金观望,6.8
600906,财达证券,6.29,-80.1,5.4,-20.6,-2.86,-22909751,-58720796,-69306525,-12675337,-14471071,4040392,缩量,低,情绪退潮,观望,资金撤退型,,D,回避：资金撤退,-1.0
600905,三峡能源,3.63,-35.9,0.76,-0.5,-0.44,-5723433,17181160,-66025141,-39492788,-31877182,30464656,缩量,低,情绪退潮,观望,资金观望型,,D,回避：资金观望,-0.1
600908,无锡银行,5.84,5.6,1.09,26.0,-3.88,-27601505,-45090630,-63425930,2948186,4302214,4704310,缩量,低,情绪退潮,观望,资金撤退型,,D,回避：资金撤退,-1.3
600909,华安证券,7.73,-79.3,11.37,-19.9,-3.0,-91526091,-163815229,-41439602,-23154096,899957,48976004,缩量,低,情绪退潮,观望,资金观望型,,D,回避：资金观望,-1.0
600916,中国黄金,7.4,-4.9,1.26,-65.5,-1.76,-18621461,-60136089,31250286,-58506641,-55667315,43055139,缩量,低,情绪退潮,观望,长线吸筹型,,D,回避：资金观望,-0.6
600917,重庆燃气,4.92,70.2,0.64,49.2,3.03,8472385,5643175,9367326,-2905072,-881416,2773908,放量,低,游资情绪,观望,资金观望型,,D,回避：资金观望,9.0
600900,长江电力,28.46,-57.0,1.91,-2.5,1.06,130149030,-666588251,-200990818,35706830,36975302,-39488634,缩量,低,情绪退潮,进场,资金观望型,资金+业绩共振(双击候选),B,关注：资金+业绩共振,72.4
600918,中泰证券,5.4,-65.6,2.48,-40.0,-4.39,-34389221,-30835133,-39689700,-4891646,-2011943,-326522,缩量,低,情绪退潮,观望,资金观望型,,D,回避：资金观望,-1.5
600919,江苏银行,12.04,-7.1,1.26,4.2,0.4,24144909,-56540548,178417327,-196807169,-156880308,97028234,缩量,低,情绪退潮,观望,资金观望型,,D,回避：资金观望,0.1
600925,苏能股份,4.13,-36.2,0.62,-30.9,-3.46,-6105071,7839627,16691421,-2881329,-191037,3048339,缩量,低,情绪退潮,观望,资金观望型,,D,回避：资金观望,-1.2
600927,永安期货,12.17,-51.0,0.91,-26.9,1.75,5725310,-1153431,-15196553,-2917418,-2270862,931106,缩量,低,情绪退潮,观望,资金观望型,,D,回避：资金观望,0.6
600926,杭州银行,17.13,-16.4,1.36,0.4,-4.8,-175405426,-227354874,-542745330,-21195191,-3560978,939180,缩量,低,情绪退潮,观望,资金撤退型,,D,回避：资金撤退,-1.6
600930,华电新能,3.9,-10.6,0.44,37.2,0.31,8443657,98860664,-53640238,-40460539,-60975024,-4180320,缩量,低,情绪退潮,观望,趋势转多型,,D,回避：资金观望,0.1
600936,北投科技,4.44,-28.7,4.42,6.4,-4.43,-76815098,-199163646,-56470412,-23808463,-6595529,34001455,缩量,低,情绪退潮,观望,长线吸筹型,,D,回避：资金观望,-1.5
600941,中国移动,96.9,-51.6,1.13,-23.6,-6.05,-202317953,-357521625,-142698640,54080734,30731205,-69918167,缩量,低,情绪退潮,观望,长线吸筹型,,D,回避：资金观望,-2.0
600929,雪天盐业,5.94,448.1,0.59,210.0,-0.71,-15908575,-291827,-37541773,48813316,38657626,-47217209,放量,低,游资情绪,抢筹,资金观望型,机构吸筹+盈利(关注),C,谨慎：资金流入未验证业绩,47.8
600955,维远股份,12.36,-67.9,0.39,-18.6,-0.88,-1324619,-5524130,-6972801,361726,1181208,-1707446,缩量,低,情绪退潮,观望,资金撤退型,,D,回避：资金撤退,-0.3
600956,新天绿能,7.18,-5.5,0.22,20.3,-4.36,-14099902,-14417990,-21148404,-2563759,-2622336,-887590,缩量,低,情绪退潮,观望,资金撤退型,,D,回避：资金撤退,-1.5
600928,西安银行,3.54,-33.7,0.77,-18.5,4.05,18265897,37324481,5072811,4111346,5796363,-5744692,缩量,低,情绪退潮,吸筹,趋势转多型,资金+业绩共振(双击候选),B,关注：资金+业绩共振,65.3
600958,东方证券,8.74,-53.2,1.2,-10.6,-10.58,-199374922,-231403610,-89161550,-57767883,-48796840,32964249,缩量,低,情绪退潮,观望,长线吸筹型,,D,回避：资金观望,-3.5
600935,华塑股份,2.28,2.9,0.65,51.2,5.51,12129831,13477321,15601553,5834170,10425622,-2962989,缩量,中,主力惜售,吸筹,均衡流入型,纯资金炒作(亏损风险),C,谨慎：纯资金炒作,17.8
600933,爱柯迪,13.25,45.0,0.8,17.8,1.15,7469778,16366860,-4968994,17552395,1142692,-15838331,缩量,低,情绪退潮,进场,趋势转多型,资金+业绩共振(双击候选),B,关注：资金+业绩共振,72.4
600959,江苏有线,3.13,-28.1,0.4,6.5,-0.06,-203813,10688376,38990978,-4580063,-11308355,3516277,缩量,低,情绪退潮,观望,高位分歧型,,D,回避：资金观望,-0.0
600939,重庆建工,2.62,4.3,1.16,-8.1,5.84,8982185,11937797,8885197,787891,2034846,118096,缩量,中,主力惜售,进场,短线抢筹型,纯资金炒作(亏损风险),C,谨慎：纯资金炒作,25.9
600961,株冶集团,24.59,-51.7,0.59,-45.4,-0.2,-6576537,-26559941,-323088516,-72343966,-61142294,33144326,缩量,低,情绪退潮,观望,资金撤退型,,D,回避：资金撤退,-0.1
600962,国投中鲁,25.87,-70.5,2.19,-35.9,-6.85,-42202788,-51734242,-38805152,-2568796,-1723884,-2640336,缩量,低,情绪退潮,观望,资金观望型,,D,回避：资金观望,-2.3
600938,中国海油,32.57,-18.2,1.11,13.7,1.35,124298327,-13123255,-421440423,47995799,24560185,76025184,缩量,低,情绪退潮,进场,资金观望型,资金+业绩共振(双击候选),B,关注：资金+业绩共振,72.5
600960,渤海汽车,3.98,-42.6,0.73,8.4,2.08,4441194,10724696,-2419467,799263,-72024,1152470,缩量,低,情绪退潮,进场,趋势转多型,资金+业绩共振(双击候选),B,关注：资金+业绩共振,72.7
600967,内蒙一机,13.27,216.9,1.05,230.0,2.24,194797043,73315492,577462303,-27943039,-18594737,5286509,放量,低,游资情绪,观望,资金观望型,,D,回避：资金观望,8.7
600968,海油发展,3.95,-30.0,0.78,-15.0,-1.73,-13174145,23245104,-152341647,-2159427,582760,-12719417,缩量,低,情绪退潮,观望,资金观望型,,D,回避：资金观望,-0.6
600970,中材国际,7.68,-55.0,0.76,-29.9,-4.5,-21431812,-12354911,22596102,-2873932,-2876889,-1823379,缩量,低,情绪退潮,观望,长线吸筹型,,D,回避：资金观望,-1.5
600969,郴电国际,9.89,49.4,0.93,17.6,-2.46,-21456989,44473027,86379910,-8319123,-3736617,11431592,缩量,低,情绪退潮,观望,资金观望型,,D,回避：资金观望,-0.8
600975,新五丰,5.2,54.5,1.09,292.3,-7.14,-59507427,26757554,13457962,-4664071,-1075228,-5308203,放量,低,游资情绪,观望,资金观望型,,D,回避：资金观望,5.6
600973,宝胜股份,6.0,-49.0,0.64,30.5,-1.44,-9362057,-11832585,-70086425,-8276990,-1336188,1964198,缩量,低,情绪退潮,观望,资金撤退型,,D,回避：资金撤退,-0.5
600963,岳阳林纸,3.4,-38.7,0.59,-14.6,2.56,10115907,-5624770,-16348041,10534698,6019021,-4535930,缩量,低,情绪退潮,吸筹,资金观望型,纯资金炒作(亏损风险),C,谨慎：纯资金炒作,4.9
600971,恒源煤电,8.44,-26.9,0.88,-48.0,-2.3,-13264722,5176764,-75846540,2569190,2902450,2169625,缩量,低,情绪退潮,观望,资金观望型,,D,回避：资金观望,-0.8
600976,健民集团,26.22,-80.2,1.91,-43.9,-7.63,-11254874,-38647612,6218792,-1949946,561502,2997003,缩量,低,情绪退潮,观望,长线吸筹型,,D,回避：资金观望,-2.5
600977,中国电影,12.76,-70.6,0.88,-5.8,-5.01,-50639522,-96344842,-70144728,-3058480,5252252,-7800733,缩量,低,情绪退潮,观望,资金观望型,,D,回避：资金观望,-1.7
600966,博汇纸业,4.96,-30.9,0.59,-23.3,2.91,8959118,40516,-43645804,3227828,3334101,-2955184,缩量,低,情绪退潮,吸筹,资金观望型,资金+业绩共振(双击候选),B,关注：资金+业绩共振,65.0
600979,广安爱众,4.0,66.7,0.13,155.6,0.79,9044849,-22269393,-10606649,-12276963,140826,21627820,放量,低,游资情绪,观望,资金观望型,,D,回避：资金观望,8.3
600982,宁波能源,5.1,3.9,0.25,189.8,1.76,24542556,22513822,24824243,-28774229,-12017660,25093491,缩量,低,情绪退潮,观望,资金观望型,,D,回避：资金观望,0.6
600980,北矿科技,18.56,-55.3,0.98,-41.9,-5.27,-8146776,-8547641,-13188155,-489209,-529203,2870621,缩量,低,情绪退潮,观望,资金撤退型,,D,回避：资金撤退,-1.8
600981,苏豪汇鸿,2.42,-32.4,0.77,2.1,0.32,620932,-1791666,-9209685,-379222,-626882,-208998,缩量,低,情绪退潮,观望,资金观望型,,D,回避：资金观望,0.1
600990,四创电子,17.95,-66.1,1.09,-19.2,-3.6,-8746193,-23726895,-13152508,-4016299,-2678971,4103228,缩量,低,情绪退潮,观望,资金观望型,,D,回避：资金观望,-1.2
600988,赤峰黄金,43.44,15.1,1.5,-42.4,3.86,405249594,162032103,-695838794,-88053970,-58386422,-68263420,缩量,低,情绪退潮,观望,资金观望型,,D,回避：资金观望,1.3
600986,浙文互联,7.05,-74.2,0.22,-22.9,-4.78,-50208708,-174070906,-161529406,-1084904,-78626,-4436860,缩量,低,情绪退潮,观望,资金观望型,,D,回避：资金观望,-1.6
600992,贵绳股份,9.59,-72.6,2.87,-12.1,-0.87,-1666959,753427,-11702580,-304612,-1550195,414185,缩量,低,情绪退潮,观望,资金观望型,,D,回避：资金观望,-0.3
600989,宝丰能源,23.23,-25.7,0.62,-4.2,2.12,172299371,159503886,-17267979,-175727689,-218194857,148946320,缩量,低,情绪退潮,观望,资金观望型,,D,回避：资金观望,0.7
600993,马应龙,22.43,-69.7,2.06,-32.8,-9.3,-30994784,-53190581,-16270656,-3981711,-4237009,5381513,缩量,低,情绪退潮,观望,长线吸筹型,,D,回避：资金观望,-3.1
600995,南网储能,12.17,-51.9,0.52,-7.7,-2.16,-12840653,-55047656,-78292079,-17812397,-12522932,9631192,缩量,低,情绪退潮,观望,资金撤退型,,D,回避：资金撤退,-0.7
600983,惠而浦,7.38,-49.2,0.24,-47.4,0.04,17788,-1116523,-6018128,859397,639108,-814410,缩量,低,情绪退潮,进场,资金观望型,资金+业绩共振(双击候选),B,关注：资金+业绩共振,72.0
600996,贵广网络,7.0,-39.5,0.62,-26.0,2.43,10813861,-25120068,-45990082,-3287773,-2826883,2426735,缩量,低,情绪退潮,观望,资金观望型,,D,回避：资金观望,0.8
600984,建设机械,3.48,-63.0,1.14,-72.7,-9.77,-35285384,-56700105,-334378946,2163575,2856797,-1826875,缩量,低,情绪退潮,吸筹,资金撤退型,纯资金炒作(亏损风险),C,谨慎：纯资金炒作,0.7
600998,九州通,5.04,-21.0,1.08,-10.5,1.03,7876830,-32316208,-21565231,-26243399,-15451968,15726097,缩量,低,情绪退潮,观望,资金观望型,,D,回避：资金观望,0.3
600985,淮北矿业,16.66,-35.2,1.54,-47.7,4.77,65010768,51484483,-200897016,11103350,25506837,7091725,缩量,低,情绪退潮,进场,资金观望型,资金+业绩共振(双击候选),B,关注：资金+业绩共振,73.6
600987,航民股份,6.39,-51.4,0.56,-11.0,10.04,16166769,18045655,8446489,106163,-637015,-2759590,缩量,高,主力控盘,控盘,短线抢筹型,控盘+盈利(稳健),B,关注：控盘稳健+盈利,71.3
600999,招商证券,17.26,-74.6,4.44,-32.3,-5.6,-185377619,-96758124,111337230,3066068,-31010412,-4802611,缩量,低,情绪退潮,观望,高位分歧型,,D,回避：资金观望,-1.9
600997,开滦股份,5.21,-19.8,0.98,-25.6,0.93,2684005,-380676,3936945,483382,952549,-335273,缩量,低,情绪退潮,吸筹,资金观望型,纯资金炒作(亏损风险),C,谨慎：纯资金炒作,4.3
601001,晋控煤业,16.88,-46.9,1.56,-19.1,-3.15,-50895667,-49018532,-30377424,8353204,8028686,-12581472,缩量,低,情绪退潮,观望,资金观望型,,D,回避：资金观望,-1.1
601003,柳钢股份,3.51,-46.3,1.39,-13.4,0.44,1327353,-1098431,35950487,-4402451,-4847187,3406486,缩量,低,情绪退潮,观望,长线吸筹型,,D,回避：资金观望,0.1
601002,晋亿实业,5.22,-66.8,0.23,-37.8,-3.46,-7231282,-22374440,-46859405,-812832,-629147,-896670,缩量,低,情绪退潮,观望,资金撤退型,,D,回避：资金撤退,-1.2
601005,重庆钢铁,1.2,-42.1,1.3,32.0,-9.35,-35143076,-34540981,-35689216,-3151780,-8077515,-1281880,缩量,低,情绪退潮,观望,资金观望型,,D,回避：资金观望,-3.1
601006,大秦铁路,4.71,-33.5,1.42,-16.1,-4.18,-105586112,-82315848,-220644476,-2394826,-21567021,28686363,缩量,低,情绪退潮,观望,资金观望型,,D,回避：资金观望,-1.4
601007,金陵饭店,6.75,5.1,0.15,16.0,-2.21,-5172461,-6982185,337887,507640,0,-5502799,缩量,低,情绪退潮,观望,资金观望型,,D,回避：资金观望,-0.7
601008,XD连云港,4.43,172.4,0.98,143.5,-3.42,-27422766,9423559,-505322,1305126,-794729,3779334,放量,低,游资情绪,观望,资金观望型,,D,回避：资金观望,6.9
601009,南京银行,11.77,-4.0,0.99,-17.8,-5.57,-152212944,-243967556,-681119426,61026599,51469846,-51688801,缩量,低,情绪退潮,观望,资金撤退型,,D,回避：资金撤退,-1.9
601012,隆基绿能,10.99,-64.7,0.88,-22.2,-11.79,-413803059,-449092226,-859863638,-43804303,-39514301,30738165,缩量,低,情绪退潮,观望,资金撤退型,,D,回避：资金撤退,-3.9
601015,陕西黑猫,3.69,182.1,0.5,-0.6,1.27,20804640,74159773,46540129,-16388,-7841514,-1005099,放量,低,游资情绪,观望,趋势转多型,,D,回避：资金观望,8.4
601000,唐山港,4.55,-32.5,1.12,-11.2,1.19,9464382,53423832,72247628,890175,-8976556,-2290090,缩量,低,情绪退潮,进场,均衡流入型,资金+业绩共振(双击候选),B,关注：资金+业绩共振,72.4
601016,节能风电,3.41,-12.2,0.28,82.9,-0.72,-20092207,89996297,15924034,25298430,38785987,448194,缩量,低,情绪退潮,观望,资金观望型,,D,回避：资金观望,-0.2
601019,山东出版,6.74,-19.6,0.78,-27.8,-1.64,-3933849,-2421341,13821098,597935,-295996,-514716,缩量,低,情绪退潮,观望,高位分歧型,,D,回避：资金观望,-0.5
601020,华钰矿业,21.33,-7.9,0.43,-25.8,-5.22,-138589767,5660475,143937379,-14694272,-2131211,27997968,缩量,低,情绪退潮,观望,高位分歧型,,D,回避：资金观望,-1.7
601011,宝泰隆,2.9,56.8,0.8,-47.8,-0.21,-1337801,-3948968,-184529253,1918927,1260351,-683131,放量,低,游资情绪,抢筹,资金撤退型,纯资金炒作(亏损风险),C,谨慎：纯资金炒作,27.9
601026,道生天合,14.5,-20.5,0.85,-47.6,-2.16,-4257949,-19051403,-66068764,1488809,-325357,-4553178,缩量,低,情绪退潮,观望,资金撤退型,,D,回避：资金撤退,-0.7
601018,XD宁波港,3.51,9.7,1.5,-7.3,5.05,44192375,99143000,36965621,5625142,12867588,-3468660,缩量,中,主力惜售,吸筹,短线抢筹型,资金+业绩共振(双击候选),B,关注：资金+业绩共振,77.7
601038,一拖股份,14.27,-51.3,1.66,-42.1,-5.48,-27826678,-65902709,-12919932,-1068869,-321805,1786753,缩量,低,情绪退潮,观望,长线吸筹型,,D,回避：资金观望,-1.8
601061,中信金属,11.13,-21.9,0.53,-6.3,-0.88,-10577192,9628743,10860101,-23523547,-21763377,13616491,缩量,低,情绪退潮,观望,资金观望型,,D,回避：资金观望,-0.3
601021,春秋航空,41.81,-62.0,1.56,-4.2,-0.42,-2881739,-20566852,-17598677,15608405,20855933,-4186434,缩量,低,情绪退潮,吸筹,资金观望型,机构吸筹+盈利(关注),C,谨慎：资金流入未验证业绩,23.9
601068,中铝国际,4.41,-44.5,0.61,-15.2,0.33,703251,-1459523,-3479075,-2461149,-3628948,616976,缩量,低,情绪退潮,观望,资金观望型,,D,回避：资金观望,0.1
601069,西部黄金,27.89,-9.1,1.21,-52.6,-0.49,-12575631,7010000,-214529049,-49410624,-40122911,52631999,缩量,低,情绪退潮,观望,资金观望型,,D,回避：资金观望,-0.2
601066,中信建投,23.19,-80.5,7.52,-21.5,-9.47,-138552408,-230019515,-273489821,-27423598,-22060316,28866870,缩量,低,情绪退潮,观望,资金撤退型,,D,回避：资金撤退,-3.2
601065,江盐集团,6.68,-41.1,0.57,1.7,-2.49,-3751576,-6925017,10591051,-1221338,-970928,-131174,缩量,低,情绪退潮,观望,长线吸筹型,,D,回避：资金观望,-0.8
601022,宁波远洋,8.36,140.1,0.58,60.7,-1.05,-5538842,2758332,-38157795,102904,1733185,529536,放量,低,游资情绪,抢筹,资金观望型,机构吸筹+盈利(关注),C,谨慎：资金流入未验证业绩,47.6
601033,永兴股份,14.51,-22.1,1.35,-27.5,2.67,4873275,-11729727,-19327337,5783601,3359710,-5938529,缩量,低,情绪退潮,进场,资金观望型,资金+业绩共振(双击候选),B,关注：资金+业绩共振,72.9
601058,赛轮轮胎,13.8,-42.6,1.83,-1.9,1.37,28542419,109988308,-222203457,11375168,-10895172,-8528149,缩量,低,情绪退潮,进场,趋势转多型,资金+业绩共振(双击候选),B,关注：资金+业绩共振,72.5
601059,信达证券,15.56,-100.0,1.49,33.5,5.98,64739287,123695494,57720527,0,0,0,缩量,中,主力惜售,进场,短线抢筹型,资金+业绩共振(双击候选),B,关注：资金+业绩共振,86.0
601077,渝农商行,6.55,9.5,2.37,-5.2,-0.29,-6061659,-22944405,-253705200,-35109262,-10915639,47740913,缩量,低,情绪退潮,观望,资金撤退型,,D,回避：资金撤退,-0.1
601088,中国神华,46.48,-52.6,1.15,-7.1,0.2,9934844,2259240,198350247,-56419526,-57640189,56327117,缩量,低,情绪退潮,观望,资金观望型,,D,回避：资金观望,0.1
601086,国芳集团,14.6,1759.4,0.77,683.6,-2.49,-170348626,-101286585,21390709,-18562582,1670794,49458721,放量,低,游资情绪,观望,资金观望型,,D,回避：资金观望,7.2
601089,福元医药,15.46,-71.6,0.94,-56.0,-4.55,-6458757,-7492684,48117374,1412475,0,1443236,缩量,低,情绪退潮,观望,长线吸筹型,,D,回避：资金观望,-1.5
601083,锦江航运,12.42,172.7,0.46,-44.5,-2.1,-16335945,18287424,-47927330,16053268,15620529,-17413000,放量,低,游资情绪,抢筹,资金观望型,机构吸筹+盈利(关注),C,谨慎：资金流入未验证业绩,47.3
601099,太平洋,3.4,-32.4,1.09,-34.0,4.99,91389552,29202796,60344365,-28668393,-31681479,11606200,缩量,低,情绪退潮,观望,资金观望型,,D,回避：资金观望,1.7
601100,恒立液压,93.49,42.3,0.65,7.5,-0.35,-18118014,-68180863,-204069425,144384356,98083507,-156771921,缩量,低,情绪退潮,观望,资金撤退型,,D,回避：资金撤退,-0.1
601101,昊华能源,12.93,-55.6,1.09,-52.8,-12.1,-148172602,-191252775,-266698635,-14761385,-10028199,20883421,缩量,低,情绪退潮,观望,资金撤退型,,D,回避：资金撤退,-4.0
601106,中国一重,2.98,-27.6,0.91,48.0,4.4,42636983,69673146,79918279,-11305320,-9865604,-4038260,缩量,低,情绪退潮,观望,主力建仓型,,D,回避：资金观望,1.5
601111,中国国航,5.77,-53.8,0.79,-6.9,-7.72,-116986664,-90928280,-40839606,-1546035,-1242827,-13645118,缩量,低,情绪退潮,观望,资金观望型,,D,回避：资金观望,-2.6
601113,华鼎股份,3.4,-38.1,0.31,-12.0,4.95,6856631,-977030,-19723448,-3660,-1543998,-1311852,缩量,低,情绪退潮,观望,资金观望型,,D,回避：资金观望,1.7
601098,中南传媒,10.33,-20.7,1.32,-5.6,3.61,17303687,44778690,66660660,3984279,846551,-6585184,缩量,低,情绪退潮,进场,主力建仓型,资金+业绩共振(双击候选),B,关注：资金+业绩共振,73.2
601096,宏盛华源,4.1,-57.9,0.82,4.7,0.92,3001358,8624640,12957220,6157060,3868462,-7599378,缩量,低,情绪退潮,进场,均衡流入型,资金+业绩共振(双击候选),B,关注：资金+业绩共振,72.3
601116,三江购物,9.73,13.1,0.85,31.1,-8.11,-66668300,8314916,13110020,-7463901,-8317936,-4537948,缩量,低,情绪退潮,观望,资金观望型,,D,回避：资金观望,-2.7
601107,四川成渝,6.0,-16.4,0.96,-5.9,4.04,11001062,27530755,19529847,4043884,551542,-5912114,缩量,低,情绪退潮,进场,趋势转多型,资金+业绩共振(双击候选),B,关注：资金+业绩共振,73.3
601117,中国化学,7.16,-60.1,0.86,-24.1,-10.11,-159461356,-182526215,-460812606,-14533591,-26820504,7890540,缩量,低,情绪退潮,观望,资金撤退型,,D,回避：资金撤退,-3.4
601108,财通证券,8.38,-49.0,2.46,-16.7,3.12,66374408,81778247,130944590,18982549,28024063,-9765887,缩量,低,情绪退潮,吸筹,均衡流入型,资金+业绩共振(双击候选),B,关注：资金+业绩共振,65.0
601118,海南橡胶,6.23,316.8,1.04,42.8,-7.85,-440552599,-66987207,123861035,-35270649,-52418603,-10240053,放量,低,游资情绪,观望,资金观望型,,D,回避：资金观望,5.4
601112,振石股份,16.38,104.0,0.35,124.6,0.56,5269141,-5059449,-14924268,17848569,9115930,-19458646,放量,低,游资情绪,抢筹,资金观望型,资金+业绩共振(双击候选),B,关注：资金+业绩共振,88.2
601126,四方股份,39.7,-56.6,0.77,6.7,-5.06,-180112454,270680446,-253756731,-17790854,-14478407,16174175,缩量,低,情绪退潮,观望,资金观望型,,D,回避：资金观望,-1.7
601128,常熟银行,6.32,-19.5,0.8,-21.7,2.37,33081199,20219050,-84486444,-70015,3405442,-4556749,缩量,低,情绪退潮,观望,资金观望型,,D,回避：资金观望,0.8
601127,赛力斯,47.12,-10.3,0.93,57.7,-3.64,-266201689,-333629009,-380590196,58154934,58104706,7791666,缩量,低,情绪退潮,观望,资金撤退型,,D,回避：资金撤退,-1.2
601136,首创证券,14.0,-28.7,1.39,-2.6,-9.28,-94312120,-62816890,68888932,-12527450,-9743641,5613378,缩量,低,情绪退潮,观望,高位分歧型,,D,回避：资金观望,-3.1
601133,柏诚股份,23.64,-83.4,1.88,-39.4,-1.44,-10692834,1700293,-44346413,-2589640,-92002,10248875,缩量,低,情绪退潮,观望,资金观望型,,D,回避：资金观望,-0.5
601121,宝地矿业,7.06,-32.5,1.51,-11.7,0.01,23285,-6962609,-40998567,684905,-1738838,1435335,缩量,低,情绪退潮,进场,资金观望型,资金+业绩共振(双击候选),B,关注：资金+业绩共振,72.0
601137,博威合金,19.9,-45.8,1.34,-42.8,-3.43,-37334621,-185606404,-196680940,-19456548,-8040199,16437194,缩量,低,情绪退潮,观望,资金撤退型,,D,回避：资金撤退,-1.1
601139,深圳燃气,6.34,-30.2,0.87,-16.3,-0.6,-3058801,-5168281,31836753,-3660679,1717634,-5238055,缩量,低,情绪退潮,观望,长线吸筹型,,D,回避：资金观望,-0.2
601138,工业富联,61.27,-63.9,0.64,-6.5,-7.87,-1687482785,753714420,1454340097,-520376114,-375920878,542884952,缩量,低,情绪退潮,观望,资金观望型,,D,回避：资金观望,-2.6
601156,东航物流,17.96,-52.2,2.31,1.3,-9.25,-94201237,-127354375,-171171255,3743471,25742,-2690104,缩量,低,情绪退潮,观望,资金撤退型,,D,回避：资金撤退,-3.1
601158,重庆水务,4.04,-42.7,1.36,5.2,2.44,3438769,9437313,5560147,-2164340,-736684,467099,缩量,低,情绪退潮,观望,趋势转多型,,D,回避：资金观望,0.8
601155,新城控股,11.14,-50.9,1.06,-35.7,-2.41,-19748828,-39240809,-48092365,-2289442,-4434607,477497,缩量,低,情绪退潮,观望,资金撤退型,,D,回避：资金撤退,-0.8
601163,三角轮胎,12.42,-49.4,1.04,-34.5,3.21,4423731,17117560,32098201,-1890996,1216240,-1292444,缩量,低,情绪退潮,观望,主力建仓型,,D,回避：资金观望,1.1
601162,天风证券,3.56,-69.1,2.71,-20.5,-3.97,-85072051,-174404014,-69801341,-23349119,-12698234,8715546,缩量,低,情绪退潮,观望,资金观望型,,D,回避：资金观望,-1.3
601166,兴业银行,17.75,-39.2,1.02,-37.6,-4.8,-305856835,-965150995,-2138335950,-123074925,-42667884,130573892,缩量,低,情绪退潮,观望,资金撤退型,,D,回避：资金撤退,-1.6
601169,北京银行,5.54,17.6,1.24,-18.9,-0.85,-39414604,-405190373,-394628044,-62993547,-40824379,40917724,缩量,低,情绪退潮,观望,资金观望型,,D,回避：资金观望,-0.3
601168,西部矿业,35.45,-21.4,1.61,-9.2,-4.7,-480472948,-566370258,-54005842,-53976414,5945078,206513335,缩量,低,情绪退潮,观望,资金观望型,,D,回避：资金观望,-1.6
601177,杭齿前进,13.45,-57.0,2.32,-63.2,-2.96,-7283278,-35641539,10257971,2467558,-528806,2676514,缩量,低,情绪退潮,观望,长线吸筹型,,D,回避：资金观望,-1.0
601179,中国西电,12.05,-78.1,0.52,-6.7,-5.8,-178136169,-135533587,-611319577,-51586230,-31031014,65667017,缩量,低,情绪退潮,观望,资金观望型,,D,回避：资金观望,-1.9
601186,中国铁建,6.03,-61.4,0.94,19.0,-10.43,-96378950,-24010848,-29064979,-3671236,-8042448,6110876,缩量,低,情绪退潮,观望,资金观望型,,D,回避：资金观望,-3.5
601198,东兴证券,13.06,-100.0,2.28,52.6,2.25,57924809,-113586345,-178592036,0,0,0,缩量,低,情绪退潮,观望,资金观望型,,D,回避：资金观望,0.8
601200,上海环境,6.86,-60.8,0.86,-1.4,-4.5,-9573830,-16070127,-29102259,-345552,-1781936,-2259843,缩量,低,情绪退潮,观望,资金撤退型,,D,回避：资金撤退,-1.5
601199,江南水务,6.51,16.6,2.39,125.9,2.68,31554650,-109888,-5903241,-3151012,4307955,11144310,缩量,低,情绪退潮,观望,资金观望型,,D,回避：资金观望,0.9
601208,东材科技,52.3,70.3,1.5,5.4,4.92,889575324,916174026,1768269626,-298563185,-385079580,118183335,放量,低,游资情绪,观望,均衡流入型,,D,回避：资金观望,9.6
601211,国泰海通,17.32,-55.7,1.48,-26.4,-0.82,-38158874,-103175230,209474112,-981263,-6907133,13041876,缩量,低,情绪退潮,观望,长线吸筹型,,D,回避：资金观望,-0.3
601188,龙江交通,2.88,12.6,0.8,-7.9,-3.88,-7803066,-3222846,-23675339,1118281,2735816,-945291,缩量,低,情绪退潮,吸筹,资金观望型,机构吸筹+盈利(关注),C,谨慎：资金流入未验证业绩,22.7
601212,白银有色,6.06,100.5,0.83,-39.0,-3.2,-220182252,-158150878,519237801,-235495732,-188720986,206012031,放量,低,游资情绪,观望,长线吸筹型,,D,回避：资金观望,6.9
601216,君正集团,4.63,-29.0,0.94,-7.2,-8.67,-112856395,-102177757,-199379415,-943391,6463786,205497,缩量,低,情绪退潮,观望,资金观望型,,D,回避：资金观望,-2.9
601187,厦门银行,6.99,53.1,0.95,5.9,1.86,13800135,16836410,12026550,10150113,3053478,-29589293,放量,低,游资情绪,进场,趋势转多型,资金+业绩共振(双击候选),B,关注：资金+业绩共振,80.6
601225,陕西煤业,25.42,-50.8,0.96,-11.7,-3.47,-133922084,89955980,-223646131,-26467394,-18702891,28919956,缩量,低,情绪退潮,观望,资金观望型,,D,回避：资金观望,-1.2
601226,华电科工,6.48,-50.5,0.59,-28.8,-3.74,-10047678,-4135527,12081034,3060328,2534785,-3214532,缩量,低,情绪退潮,观望,高位分歧型,,D,回避：资金观望,-1.2
601229,上海银行,9.59,-28.8,1.01,-35.0,-0.5,-10368156,-8821309,-377885726,-14406091,-2804782,9679507,缩量,低,情绪退潮,观望,资金观望型,,D,回避：资金观望,-0.2
601222,林洋能源,5.87,-15.8,0.62,-42.7,-3.95,-20610989,-71987950,-19310028,4576693,4199994,-2298311,缩量,低,情绪退潮,吸筹,长线吸筹型,机构吸筹+盈利(关注),C,谨慎：资金流入未验证业绩,22.7
601228,广州港,3.1,-12.3,0.99,-2.8,2.12,7365321,14511762,-13439015,8088983,8380274,-6386769,缩量,低,情绪退潮,吸筹,趋势转多型,资金+业绩共振(双击候选),B,关注：资金+业绩共振,64.7
601218,吉鑫科技,5.74,848.3,0.33,404.0,0.56,21117112,26892436,894830,173961248,146289202,-118895799,放量,低,游资情绪,抢筹,趋势转多型,资金+业绩共振(双击候选),B,关注：资金+业绩共振,88.2
601233,桐昆股份,23.6,-32.4,1.65,-33.7,-5.32,-206353964,-103472150,187728327,2130154,-7832654,13638025,缩量,低,情绪退潮,观望,高位分歧型,,D,回避：资金观望,-1.8
601236,XD红塔证,6.68,-66.5,1.89,-27.0,-10.97,-44376901,-55983954,-8434485,-2444980,-688256,-461440,缩量,低,情绪退潮,观望,长线吸筹型,,D,回避：资金观望,-3.7
601238,广汽集团,5.09,-100.0,2.04,-45.8,1.07,4912822,-14508060,52108668,0,0,0,缩量,低,情绪退潮,观望,长线吸筹型,,D,回避：资金观望,0.4
601288,农业银行,6.89,-45.1,1.59,-19.6,-1.34,-126761959,-447772968,-135725224,-9431712,29347883,54857943,缩量,低,情绪退潮,观望,资金观望型,,D,回避：资金观望,-0.4
601318,中国平安,53.35,-56.9,1.41,-29.7,-5.87,-806043244,-1377870865,-333547041,68039794,79846680,9835988,缩量,低,情绪退潮,观望,长线吸筹型,,D,回避：资金观望,-2.0
601231,环旭电子,26.42,6.7,0.39,58.5,6.28,382658756,357977835,329049094,-29170952,32895520,4718645,缩量,中,主力惜售,进场,资金观望型,资金+业绩共振(双击候选),B,关注：资金+业绩共振,86.1
601326,秦港股份,3.57,-4.0,1.07,-15.3,-5.57,-20173390,-42340433,-58329884,-1967984,1778851,3315914,缩量,低,情绪退潮,观望,资金撤退型,,D,回避：资金撤退,-1.9
601279,英利汽车,3.55,159.0,0.94,63.8,6.12,30637254,36265505,40780272,17661563,3403342,-13820558,放量,中,主力偏强放量,进场,均衡流入型,纯资金炒作(亏损风险),C,谨慎：纯资金炒作,30.0
601319,中国人保,7.69,-43.2,2.0,-32.9,-8.54,-181850507,-298283548,-388984046,19662399,5311125,-15107278,缩量,低,情绪退潮,观望,资金撤退型,,D,回避：资金撤退,-2.8
601298,青岛港,9.75,1.7,1.65,31.2,1.33,7150664,28257744,23996909,11154088,8744178,-2466295,缩量,低,情绪退潮,吸筹,趋势转多型,资金+业绩共振(双击候选),B,关注：资金+业绩共振,64.4
601328,交通银行,7.58,-8.5,1.86,-3.1,-0.09,-5817131,-308991020,-408912711,-44260278,-1790298,73952102,缩量,低,情绪退潮,观望,资金撤退型,,D,回避：资金撤退,-0.0
601311,骆驼股份,7.38,-67.6,0.13,-47.9,-10.52,-24266713,-57353434,-36495779,-168711,206922,-1337,缩量,低,情绪退潮,吸筹,长线吸筹型,机构吸筹+盈利(关注),C,谨慎：资金流入未验证业绩,20.5
601336,新华保险,57.43,-67.7,1.59,-34.3,-4.13,-140137753,-397885482,-409111344,-30860620,-31114842,22487012,缩量,低,情绪退潮,观望,资金撤退型,,D,回避：资金撤退,-1.4
601333,广深铁路,3.13,1.8,1.72,-14.3,-2.96,-28473647,-170093819,-233262374,3600641,4472323,-12038885,缩量,低,情绪退潮,观望,资金撤退型,,D,回避：资金撤退,-1.0
601330,绿色动力,8.36,36.5,0.18,22.8,-6.54,-49641258,-51961886,-9259883,-9792762,-3442273,13466352,缩量,低,情绪退潮,观望,资金观望型,,D,回避：资金观望,-2.2
601339,百隆东方,7.23,-68.9,0.95,-12.7,-14.49,-45528946,-40254182,-18589500,-3066616,-515499,1694809,缩量,低,情绪退潮,观望,长线吸筹型,,D,回避：资金观望,-4.8
601360,三六零,8.65,-31.7,1.24,-6.2,1.75,103985060,-25950505,215794504,-68892089,-61097554,25280520,缩量,低,情绪退潮,观望,资金观望型,,D,回避：资金观望,0.6
601366,利群股份,3.6,25.7,0.81,-13.4,3.18,6870901,4334174,350052,-1142916,-3661281,-4078704,缩量,低,情绪退潮,观望,资金观望型,,D,回避：资金观望,1.1
601368,绿城水务,4.47,-53.5,1.23,-12.5,-3.23,-2873600,-4844927,-11793342,1349496,547896,-1827251,缩量,低,情绪退潮,观望,资金撤退型,,D,回避：资金撤退,-1.1
601369,陕鼓动力,8.4,-77.3,2.05,-27.3,1.91,4677725,-6393798,9984181,-3196378,-4671965,-862254,缩量,低,情绪退潮,观望,资金观望型,,D,回避：资金观望,0.6
601375,中原证券,3.95,-53.2,2.09,-19.1,-3.34,-24395457,-22216391,-83066266,-1466850,-1176675,-1044922,缩量,低,情绪退潮,观望,资金观望型,,D,回避：资金观望,-1.1
601377,兴业证券,5.85,-52.8,1.6,-1.6,-7.03,-119733749,-83241570,-90047266,-22429983,-16861564,18949121,缩量,低,情绪退潮,观望,资金观望型,,D,回避：资金观望,-2.3
601388,怡球资源,3.23,-44.4,0.42,-53.0,-8.76,-38109740,-34259954,-32125312,-17965623,-11535725,12017996,缩量,低,情绪退潮,观望,资金观望型,,D,回避：资金观望,-2.9
601390,中国中铁,4.28,-50.2,0.88,-8.6,-10.09,-154889982,-78583179,-184633981,6295221,1145184,-12151216,缩量,低,情绪退潮,观望,资金观望型,,D,回避：资金观望,-3.4
601398,工商银行,8.14,-43.9,2.0,-18.2,-1.31,-138071861,-460723309,-315607348,-117040643,-118292461,75177580,缩量,低,情绪退潮,观望,资金观望型,,D,回避：资金观望,-0.4
601399,国机重装,3.17,-55.5,0.49,-3.0,-2.02,-15557027,9834636,-25449091,-25134,994488,554729,缩量,低,情绪退潮,观望,资金观望型,,D,回避：资金观望,-0.7
601518,吉林高速,2.79,-37.2,0.98,-19.1,-4.9,-7719239,-15801375,-18292019,1008899,781714,-3785658,缩量,低,情绪退潮,观望,资金撤退型,,D,回避：资金撤退,-1.6
601515,衢州东峰,3.27,-46.2,0.36,-24.6,0.33,684874,-3390206,-7160140,-3464144,-3785612,1516635,缩量,低,情绪退潮,观望,资金观望型,,D,回避：资金观望,0.1
601500,通用股份,3.92,-16.3,1.19,-19.4,0.82,2045591,4911013,-7684904,-6185959,-2761721,3637861,缩量,低,情绪退潮,观望,趋势转多型,,D,回避：资金观望,0.3
601519,大智慧,8.04,-55.8,0.96,-33.5,1.39,16483690,-11361679,-44866601,-15279546,-9634019,12120166,缩量,低,情绪退潮,观望,资金观望型,,D,回避：资金观望,0.5
601528,瑞丰银行,5.05,-25.3,1.09,20.5,-4.5,-24564569,-30089805,-18439002,3981830,1245036,-8695241,缩量,低,情绪退潮,观望,资金观望型,,D,回避：资金观望,-1.5
601456,国联民生,8.59,-62.7,1.24,-15.7,-0.15,-767638,-1201494,-15534972,3075884,6289419,-4279378,缩量,低,情绪退潮,吸筹,资金撤退型,机构吸筹+盈利(关注),C,谨慎：资金流入未验证业绩,23.9
601566,九牧王,8.8,134.7,0.83,107.4,-6.81,-67726129,-50460662,31879858,5407845,4968512,11627058,放量,低,游资情绪,观望,高位分歧型,,D,回避：资金观望,5.7
601568,北元化工,3.65,-9.7,0.69,58.9,2.99,16063973,18444111,-7450363,-592090,-1182234,-715695,缩量,低,情绪退潮,观望,趋势转多型,,D,回避：资金观望,1.0
601512,中新集团,8.27,-18.0,0.08,-10.6,1.07,1756777,5707658,-1583684,198175,-281016,-877389,缩量,低,情绪退潮,进场,趋势转多型,资金+业绩共振(双击候选),B,关注：资金+业绩共振,72.4
601555,东吴证券,8.28,-35.1,1.28,-36.7,2.7,38854453,-34066784,-248556086,13619982,-10951619,-6425610,缩量,低,情绪退潮,进场,资金观望型,资金+业绩共振(双击候选),B,关注：资金+业绩共振,72.9
601599,浙文影业,3.24,16.9,0.71,-31.1,-2.73,-8044961,-6521779,-24893612,-3600597,-1985765,4609539,缩量,低,情绪退潮,观望,资金观望型,,D,回避：资金观望,-0.9
601577,长沙银行,9.81,-22.9,1.16,-1.6,-12.07,-122207621,-149690340,-195121448,3360577,6845853,-1527441,缩量,低,情绪退潮,吸筹,资金撤退型,机构吸筹+盈利(关注),C,谨慎：资金流入未验证业绩,20.0
601567,三星电气,14.21,-19.4,0.62,45.8,6.03,116270673,140343560,107452142,5421382,1588387,-2594215,缩量,中,主力惜售,进场,短线抢筹型,资金+业绩共振(双击候选),B,关注：资金+业绩共振,86.0
601601,中国太保,31.88,-67.8,1.68,-33.3,-4.59,-186128185,-246129514,-206359664,-13617646,-13011848,14860339,缩量,低,情绪退潮,观望,资金观望型,,D,回避：资金观望,-1.5
601600,中国铝业,9.16,-54.7,0.97,-1.3,-3.09,-246316508,48738769,-331378499,-106547512,-88964383,95126076,缩量,低,情绪退潮,观望,资金观望型,,D,回避：资金观望,-1.0
601606,长城军工,32.4,-23.7,1.28,37.5,-2.94,-215765369,-490147683,94583348,-76594030,-59913232,60808812,缩量,低,情绪退潮,观望,长线吸筹型,,D,回避：资金观望,-1.0
601607,上海医药,16.16,-46.5,2.17,-29.1,-6.89,-45176171,-34158494,-114290233,144079,-6650914,-18199581,缩量,低,情绪退潮,观望,资金观望型,,D,回避：资金观望,-2.3
601608,中信重工,4.68,-65.6,1.92,18.2,0.85,5950752,14900877,5638576,-2621458,-6941772,-133955,缩量,低,情绪退潮,观望,趋势转多型,,D,回避：资金观望,0.3
601588,北辰实业,1.69,4.0,0.37,-12.3,-1.69,-4074191,-6071242,-1029517,992034,1744786,-1189202,缩量,低,情绪退潮,吸筹,资金观望型,纯资金炒作(亏损风险),C,谨慎：纯资金炒作,3.4
601598,中国外运,6.52,-39.5,1.4,-34.6,3.3,12209870,7570685,9260458,-825750,2275812,-1592854,缩量,低,情绪退潮,吸筹,资金观望型,资金+业绩共振(双击候选),B,关注：资金+业绩共振,65.1
601595,上海电影,23.23,93.5,1.24,134.5,0.74,13763681,253305238,298709161,9982846,4482160,-15441805,放量,低,游资情绪,抢筹,均衡流入型,资金+业绩共振(双击候选),B,关注：资金+业绩共振,88.2
601579,会稽山,29.85,1131.1,0.62,60.2,5.27,173438422,473596880,543141723,-66298460,-35596103,62935665,放量,中,主力偏强放量,进场,主力强攻型,资金+业绩共振(双击候选),B,关注：资金+业绩共振,89.8
601611,中国核建,10.29,-66.1,1.11,16.2,-9.96,-161444790,-79469612,-231444718,-5843306,-1694134,10633178,缩量,低,情绪退潮,观望,资金观望型,,D,回避：资金观望,-3.3
601616,广电电气,3.78,-59.5,0.7,-44.5,-0.41,-991509,355966,-40150347,2481597,1796083,1458746,缩量,低,情绪退潮,观望,资金观望型,,D,回避：资金观望,-0.1
601609,金田股份,13.02,-9.5,1.4,-39.5,2.31,50288124,35814750,-371543597,5740623,4792937,-25787503,缩量,低,情绪退潮,进场,资金观望型,资金+业绩共振(双击候选),B,关注：资金+业绩共振,72.8
601618,中国中冶,2.51,-37.6,1.13,2.4,-5.38,-55698046,-44897353,-82338581,7308133,4556138,-5586233,缩量,低,情绪退潮,观望,资金观望型,,D,回避：资金观望,-1.8
601636,旗滨集团,5.53,-58.4,1.67,9.8,-7.19,-98972705,-45023435,-54121946,38853342,29877993,-34844104,缩量,低,情绪退潮,观望,资金观望型,,D,回避：资金观望,-2.4
601615,明阳智能,9.56,-23.5,0.5,-2.7,1.07,25075885,-280007694,-643192880,33658721,26026531,-23271577,缩量,低,情绪退潮,吸筹,资金观望型,资金+业绩共振(双击候选),B,关注：资金+业绩共振,64.4
601633,长城汽车,14.2,-44.0,1.2,54.5,-1.45,-20816898,-12397065,-26489638,-1157550,-4169794,7592716,缩量,低,情绪退潮,观望,资金观望型,,D,回避：资金观望,-0.5
601628,中国人寿,37.15,-67.0,2.87,-33.4,-10.09,-367551425,-485658376,-262163223,-51221478,-14381204,52358059,缩量,低,情绪退潮,观望,资金观望型,,D,回避：资金观望,-3.4
601658,邮储银行,5.38,-8.8,1.09,-26.7,-6.17,-260513270,-618072499,-828761096,-53552547,-55433362,33645944,缩量,低,情绪退潮,观望,资金撤退型,,D,回避：资金撤退,-2.1
601665,齐鲁银行,6.89,-19.0,0.72,1.0,-5.82,-106970419,-191653989,-175749847,6877797,-3691766,-659746,缩量,低,情绪退潮,观望,资金观望型,,D,回避：资金观望,-1.9
601666,平煤股份,8.94,-49.4,1.42,-40.0,-3.23,-28880226,-75537880,-217811844,3158555,1451264,1112075,缩量,低,情绪退潮,观望,资金撤退型,,D,回避：资金撤退,-1.1
601668,中国建筑,4.27,-37.8,1.05,-20.5,-7.66,-313837120,-201484156,-672422343,36918360,53556000,498504,缩量,低,情绪退潮,观望,资金观望型,,D,回避：资金观望,-2.6
601678,滨化股份,5.83,-78.9,5.31,-47.0,-2.01,-31117551,-109414539,-97000448,-6417433,-3625775,578926,缩量,低,情绪退潮,观望,资金观望型,,D,回避：资金观望,-0.7
601677,明泰铝业,16.66,-56.2,0.61,-7.2,-0.85,-13003986,-10879931,-57789553,-428534,4809891,19123039,缩量,低,情绪退潮,观望,资金观望型,,D,回避：资金观望,-0.3
601619,嘉泽新能,4.16,-12.6,0.27,35.8,0.78,6126190,59481960,55004195,981229,-3944522,5132481,缩量,低,情绪退潮,进场,趋势转多型,资金+业绩共振(双击候选),B,关注：资金+业绩共振,72.3
601686,友发集团,5.1,-20.9,0.74,-13.5,-2.57,-2680912,-12126317,-23881558,5239581,4559614,-8159980,缩量,低,情绪退潮,观望,资金撤退型,,D,回避：资金撤退,-0.9
601688,华泰证券,18.13,-41.3,1.15,-20.5,-6.72,-289629284,-413341012,-450195417,-122706765,-118784692,92019949,缩量,低,情绪退潮,观望,资金撤退型,,D,回避：资金撤退,-2.2
601669,中国电建,4.63,29.8,0.33,36.0,-12.1,-263211863,-169727754,-326690421,114707927,123099285,-57413645,缩量,低,情绪退潮,吸筹,资金观望型,机构吸筹+盈利(关注),C,谨慎：资金流入未验证业绩,20.0
601696,中银证券,11.17,-70.7,2.04,-16.1,-6.04,-82333471,-143623430,-109758577,-23165293,-22617626,13536266,缩量,低,情绪退潮,观望,资金观望型,,D,回避：资金观望,-2.0
601698,中国卫通,23.53,-71.4,0.26,-4.3,-3.33,-57411255,-87935399,-316568513,-50786387,-50398603,38828739,缩量,低,情绪退潮,观望,资金撤退型,,D,回避：资金撤退,-1.1
601700,风范股份,6.31,148.3,1.75,-55.6,-4.36,-93321887,-367299918,-248998716,-8303484,-8273533,6885912,放量,低,游资情绪,观望,资金观望型,,D,回避：资金观望,6.5
601699,潞安环能,15.3,-41.3,1.32,-34.9,-2.16,-40957713,-89272009,-24778895,-31590334,-15698059,11812623,缩量,低,情绪退潮,观望,资金观望型,,D,回避：资金观望,-0.7
601702,华峰铝业,14.96,-75.1,1.08,-41.7,-5.39,-15656744,-444679,-58276285,-2084238,-610607,1835563,缩量,低,情绪退潮,观望,资金观望型,,D,回避：资金观望,-1.8
601717,中创智领,13.98,-36.2,1.23,-26.5,-12.23,-160475440,-117710883,-354036428,-4903997,1884433,7934433,缩量,低,情绪退潮,观望,资金观望型,,D,回避：资金观望,-4.1
601727,上海电气,6.35,-43.2,0.79,29.4,-17.19,-249487435,-33493511,-94589297,-113284828,-99002021,81392647,缩量,低,情绪退潮,观望,资金观望型,,D,回避：资金观望,-5.7
601766,中国中车,5.95,-55.8,1.18,-18.1,-5.47,-198890812,-219928673,-162572993,-79398549,-83200336,42911231,缩量,低,情绪退潮,观望,资金观望型,,D,回避：资金观望,-1.8
601728,中国电信,6.25,-56.8,1.13,-3.2,-0.85,-23633549,-126789067,-182794440,3640009,-8314582,1884295,缩量,低,情绪退潮,观望,资金撤退型,,D,回避：资金撤退,-0.3
601777,千里科技,7.94,-68.8,0.67,-23.8,-2.38,-13142953,-26416621,-40940611,-3418885,-1201398,2414636,缩量,低,情绪退潮,观望,资金撤退型,,D,回避：资金撤退,-0.8
601689,拓普集团,43.76,-41.1,1.26,8.3,-12.18,-510746306,-504807987,-846971295,130337404,139543926,-74801050,缩量,低,情绪退潮,吸筹,资金观望型,机构吸筹+盈利(关注),C,谨慎：资金流入未验证业绩,19.9
601788,光大证券,13.83,-76.5,1.32,-27.3,-11.14,-109649824,-165115720,-155343183,-11400197,-7533736,6760173,缩量,低,情绪退潮,观望,资金观望型,,D,回避：资金观望,-3.7
601789,宁波建工,4.11,-68.8,0.36,-24.5,-12.19,-47384961,-60470336,-96790916,-3882459,-2833530,3066832,缩量,低,情绪退潮,观望,资金撤退型,,D,回避：资金撤退,-4.1
601799,星宇股份,71.33,-33.5,1.19,-19.6,-1.74,-24837125,-66619522,-131353270,-13846884,-16985155,28680059,缩量,低,情绪退潮,观望,资金撤退型,,D,回避：资金撤退,-0.6
601798,蓝科高新,7.45,-56.8,0.92,-13.3,1.03,1670942,-2568742,4711872,-3327146,-4090924,831080,缩量,低,情绪退潮,观望,资金观望型,,D,回避：资金观望,0.3
601800,中国交建,5.81,-53.8,1.1,-1.1,-9.04,-61419187,-27352411,-76609213,-6699780,-7407503,3731008,缩量,低,情绪退潮,观望,资金观望型,,D,回避：资金观望,-3.0
601778,晶科科技,3.52,-37.2,0.1,-4.1,5.77,95093741,42566677,24045818,-5964819,-6422062,-6679467,缩量,中,主力惜售,进场,资金观望型,资金+业绩共振(双击候选),B,关注：资金+业绩共振,85.9
601808,中海油服,12.07,-50.5,0.83,-17.1,-1.31,-12461919,-8509671,-104936489,-14028558,-8050827,16525082,缩量,低,情绪退潮,观望,资金观望型,,D,回避：资金观望,-0.4
601825,沪农商行,8.69,-41.6,1.12,-8.4,-6.29,-69682566,-95944092,-60779252,-106864,-3159588,-8597040,缩量,低,情绪退潮,观望,资金观望型,,D,回避：资金观望,-2.1
601827,三峰环境,7.93,-30.1,1.24,8.1,-2.52,-7249582,-18542009,-5676488,-804177,-1272913,1973461,缩量,低,情绪退潮,观望,资金观望型,,D,回避：资金观望,-0.8
601857,中国石油,10.62,-37.0,1.01,7.6,-0.42,-30568861,166546791,-282694143,4332385,72342351,31487769,缩量,低,情绪退潮,观望,资金观望型,,D,回避：资金观望,-0.1
601801,皖新传媒,5.28,-11.4,1.56,-26.0,-1.57,-3920660,12687900,26691312,-38722,3017650,-706009,缩量,低,情绪退潮,吸筹,高位分歧型,机构吸筹+盈利(关注),C,谨慎：资金流入未验证业绩,23.5
601858,中国科传,20.04,-64.7,0.97,27.8,-8.49,-62580303,70555950,187631772,-1011360,-1190144,1826847,缩量,低,情绪退潮,观望,高位分歧型,,D,回避：资金观望,-2.8
601811,新华文轩,12.64,645.2,0.32,47.7,2.19,9167963,1965318,4244121,26911042,5876702,-43495782,放量,低,游资情绪,抢筹,资金观望型,资金+业绩共振(双击候选),B,关注：资金+业绩共振,88.7
601816,京沪高铁,4.76,-41.6,1.53,-6.8,3.29,87235255,196879144,188182739,22754920,38617908,-2800023,缩量,低,情绪退潮,吸筹,趋势转多型,资金+业绩共振(双击候选),B,关注：资金+业绩共振,65.1
601818,光大银行,3.05,-30.3,2.09,-23.5,-2.65,-69291009,-147633147,-47090200,18516244,8694515,-579278,缩量,低,情绪退潮,吸筹,资金观望型,机构吸筹+盈利(关注),C,谨慎：资金流入未验证业绩,23.1
601865,福莱特,9.13,-59.5,0.78,-34.7,-3.24,-14341312,-20234040,2398146,3913769,389548,-5997814,缩量,低,情绪退潮,观望,资金观望型,,D,回避：资金观望,-1.1
601838,成都银行,19.82,-3.5,0.76,3.4,-5.01,-93102467,-67356769,-261600453,13281100,23116444,-4620466,缩量,低,情绪退潮,吸筹,资金观望型,机构吸筹+盈利(关注),C,谨慎：资金流入未验证业绩,22.3
601828,美凯龙,2.12,-4.2,2.79,9.3,3.71,17623230,-18069461,-69679929,17248251,14781423,-15967461,缩量,低,情绪退潮,进场,资金观望型,纯资金炒作(亏损风险),C,谨慎：纯资金炒作,13.2
601877,正泰电器,24.67,-41.2,0.57,-39.8,-5.5,-87711315,10942917,190022347,-2584746,-15637216,7642341,缩量,低,情绪退潮,观望,高位分歧型,,D,回避：资金观望,-1.8
601860,紫金银行,2.59,-9.4,1.13,-9.6,1.19,8759549,-20695561,-102066229,1197823,2309271,-1502401,缩量,低,情绪退潮,吸筹,资金观望型,资金+业绩共振(双击候选),B,关注：资金+业绩共振,64.4
601866,中远海发,2.47,-14.5,0.82,14.3,3.37,30164124,36039629,-30354065,4225056,5735049,-3702297,缩量,低,情绪退潮,吸筹,趋势转多型,资金+业绩共振(双击候选),B,关注：资金+业绩共振,65.1
601878,浙商证券,8.98,-68.6,1.56,-22.7,-13.68,-106078075,-108227847,-66965523,-16036283,-17604624,6293072,缩量,低,情绪退潮,观望,资金观望型,,D,回避：资金观望,-4.6
601868,中国能建,2.45,-21.1,0.33,22.9,-10.0,-286199082,-85353884,-130667415,57193587,58435623,-22688729,缩量,低,情绪退潮,吸筹,资金观望型,机构吸筹+盈利(关注),C,谨慎：资金流入未验证业绩,20.7
601880,辽港股份,1.45,2.7,1.09,28.0,-1.54,-11515496,4202845,18478284,5927170,4431479,-5984370,缩量,低,情绪退潮,观望,资金观望型,,D,回避：资金观望,-0.5
601886,江河集团,13.43,220.6,0.63,-44.7,-4.67,-43604982,-63682772,-237995060,-1820924,-574731,1949034,放量,低,游资情绪,观望,资金撤退型,,D,回避：资金撤退,6.4
601881,中国银河,11.95,-62.8,1.54,-6.3,-7.27,-115657479,-197772063,-116709223,-29532705,-22837118,11424462,缩量,低,情绪退潮,观望,资金观望型,,D,回避：资金观望,-2.4
601869,长飞光纤,467.03,2.9,0.8,3.1,1.27,416818043,1197465230,2570117655,158922688,209842517,-455799,缩量,低,情绪退潮,吸筹,均衡流入型,资金+业绩共振(双击候选),B,关注：资金+业绩共振,64.4
601872,招商轮船,21.85,67.6,0.7,50.0,0.62,110232451,1288818615,701705480,524675564,665490021,-238114548,放量,低,游资情绪,抢筹,趋势转多型,资金+业绩共振(双击候选),B,关注：资金+业绩共振,88.2
601888,中国中免,51.15,-75.0,1.5,-0.2,-15.91,-576338694,-477023144,-518681831,-11528111,-20616510,15873684,缩量,低,情绪退潮,观望,资金观望型,,D,回避：资金观望,-5.3
601890,亚星锚链,9.67,320.6,0.27,333.6,-5.76,-250803362,243015878,244947301,-12529474,-8029992,2266422,放量,低,游资情绪,观望,资金观望型,,D,回避：资金观望,6.1
601898,中煤能源,14.01,-56.5,1.09,-30.3,-10.5,-259561805,-302701711,-110717704,-25712759,-32399483,27105966,缩量,低,情绪退潮,观望,长线吸筹型,,D,回避：资金观望,-3.5
601900,南方传媒,12.27,58.0,0.48,43.6,-5.96,-46907388,-66805350,-75633997,1650109,-4137801,-180993,放量,低,游资情绪,观望,资金撤退型,,D,回避：资金撤退,6.0
601899,紫金矿业,30.9,1.5,0.88,-21.8,-1.75,-644688817,848830374,2197461408,-1179847895,-912271675,947801206,缩量,低,情绪退潮,观望,高位分歧型,,D,回避：资金观望,-0.6
601882,海天精工,21.93,-15.2,2.43,-18.3,1.29,6823435,-38871616,-31154285,6376575,3573478,-13938367,缩量,低,情绪退潮,进场,资金观望型,资金+业绩共振(双击候选),B,关注：资金+业绩共振,72.4
601901,方正证券,6.75,-68.5,1.77,-13.2,-1.82,-24250856,-1606974,-121825136,-19703353,-14803286,10183627,缩量,低,情绪退潮,观望,资金观望型,,D,回避：资金观望,-0.6
601908,京运通,2.94,12.5,0.23,19.7,2.34,12711996,5288183,-19813823,-216616,-817369,7267331,缩量,低,情绪退潮,观望,资金观望型,,D,回避：资金观望,0.8
601921,浙版传媒,7.37,-2.2,0.37,-4.3,-2.09,-5462730,-2530801,-20774429,2075997,576240,3507203,缩量,低,情绪退潮,观望,资金观望型,,D,回避：资金观望,-0.7
601918,新集能源,10.22,-27.8,1.19,-37.5,-3.01,-43790342,-4672363,-56838129,-1511788,-3395235,25079995,缩量,低,情绪退潮,观望,资金观望型,,D,回避：资金观望,-1.0
601928,凤凰传媒,8.26,-14.6,1.0,-1.2,-1.65,-7238745,4353456,-8863478,3430651,-2045437,-4239212,缩量,低,情绪退潮,观望,资金观望型,,D,回避：资金观望,-0.5
601933,永辉超市,2.99,-63.0,0.81,22.5,-10.4,-255968428,-260839778,-104503977,6157903,11375864,3253607,缩量,低,情绪退潮,观望,资金观望型,,D,回避：资金观望,-3.5
601949,中国出版,6.08,767.8,1.06,1030.5,-3.0,-106234151,61381865,54091498,-37888488,-20247950,60700709,放量,低,游资情绪,观望,资金观望型,,D,回避：资金观望,7.0
601916,浙商银行,2.92,-45.9,2.08,-28.8,-0.57,-10027895,70809455,161908950,11028398,16201168,-5000439,缩量,低,情绪退潮,吸筹,高位分歧型,机构吸筹+盈利(关注),C,谨慎：资金流入未验证业绩,23.8
601956,东贝集团,4.83,-41.0,0.4,-15.7,-4.51,-5167031,-2508574,-1583864,-637754,510232,130726,缩量,低,情绪退潮,观望,资金观望型,,D,回避：资金观望,-1.5
601958,金钼股份,20.03,-71.9,2.07,-58.7,-6.07,-154944148,-186283746,-153438777,-84214592,-75499042,75845211,缩量,低,情绪退潮,观望,资金观望型,,D,回避：资金观望,-2.0
601963,重庆银行,11.03,-53.3,1.21,-26.1,-0.79,-4563023,-18634167,28484074,-474426,-830099,643911,缩量,低,情绪退潮,观望,长线吸筹型,,D,回避：资金观望,-0.3
601919,中远海控,16.27,13.2,1.39,-29.1,1.99,119194923,-338066035,-976783500,110226772,36031003,-195216468,缩量,低,情绪退潮,进场,资金观望型,资金+业绩共振(双击候选),B,关注：资金+业绩共振,72.7
601939,建设银行,10.91,-37.8,1.79,-11.8,-7.22,-386406207,-684749781,-771793842,8334961,22888302,-21986085,缩量,低,情绪退潮,吸筹,资金撤退型,机构吸筹+盈利(关注),C,谨慎：资金流入未验证业绩,21.6
601929,吉视传媒,2.45,42.4,0.77,10.2,-3.4,-43773697,30315099,113668366,22576166,23599504,-14593458,缩量,低,情绪退潮,吸筹,高位分歧型,纯资金炒作(亏损风险),C,谨慎：纯资金炒作,2.9
601952,苏垦农发,9.3,473.4,0.36,51.6,-0.25,-6380871,180425805,216976540,-2741158,2417558,17884802,放量,低,游资情绪,抢筹,资金观望型,机构吸筹+盈利(关注),C,谨慎：资金流入未验证业绩,47.9
601965,中国汽研,13.21,-58.3,0.76,-32.5,-4.49,-11552248,-39503765,-42783168,-5481102,-4440587,8497946,缩量,低,情绪退潮,观望,资金撤退型,,D,回避：资金撤退,-1.5
601968,宝钢包装,4.49,-41.9,0.5,-26.1,-5.74,-9414085,-25457755,-28534053,206162,-765061,-2606011,缩量,低,情绪退潮,观望,资金撤退型,,D,回避：资金撤退,-1.9
601969,海南矿业,9.18,-50.3,0.95,-23.3,-2.82,-18617939,-25052755,-38197953,1519813,1436432,-5524481,缩量,低,情绪退潮,观望,资金撤退型,,D,回避：资金撤退,-0.9
601985,中国核电,9.01,-53.5,0.77,-15.8,-0.62,-19574961,9737474,311084678,-29163221,-28206506,-10165626,缩量,低,情绪退潮,观望,长线吸筹型,,D,回避：资金观望,-0.2
601975,招商南油,4.6,64.2,0.81,30.5,-8.05,-413911347,-248353924,-255642400,11176876,36837685,6124694,放量,低,游资情绪,观望,资金观望型,,D,回避：资金观望,5.3
601966,玲珑轮胎,10.39,-60.5,1.32,-31.8,1.95,6225624,-6617426,-20529544,6170270,1510684,-9168524,缩量,低,情绪退潮,进场,资金观望型,资金+业绩共振(双击候选),B,关注：资金+业绩共振,72.7
601990,南京证券,6.62,-62.9,1.68,-15.6,-5.64,-27485934,-64296460,-56770216,-5927330,-5881799,-506896,缩量,低,情绪退潮,观望,资金观望型,,D,回避：资金观望,-1.9
601991,大唐发电,5.5,-75.6,4.65,24.4,-2.43,-155859391,5382371,-650046585,-74953701,-27894409,116402656,缩量,低,情绪退潮,观望,资金观望型,,D,回避：资金观望,-0.8
601995,中金公司,31.8,-100.0,2.63,23.0,-15.58,-451201208,-636013805,-635433824,0,0,0,缩量,低,情绪退潮,观望,资金观望型,,D,回避：资金观望,-5.2
601996,丰林集团,2.87,-31.8,0.42,35.8,1.27,4312991,-8646840,5367308,-8102100,-6966661,4938094,缩量,低,情绪退潮,观望,资金观望型,,D,回避：资金观望,0.4
601997,贵阳银行,5.59,-38.8,0.55,-32.8,-2.97,-36589028,-87051140,-62386093,-16667812,-17529659,278737,缩量,低,情绪退潮,观望,资金观望型,,D,回避：资金观望,-1.0
601998,中信银行,8.94,-19.9,1.36,-33.0,-0.35,-6985862,127878045,155253956,50792446,8502163,-24512110,缩量,低,情绪退潮,观望,资金观望型,,D,回避：资金观望,-0.1
601999,出版传媒,6.91,793.4,0.23,449.3,3.11,44441174,98611812,91788307,-3971686,-9217027,-3370963,放量,低,游资情绪,观望,趋势转多型,,D,回避：资金观望,9.0
601988,中国银行,6.58,-38.5,1.73,-19.5,1.86,135353934,34098679,-166120967,15088437,-11709794,-4656098,缩量,低,情绪退潮,进场,资金观望型,资金+业绩共振(双击候选),B,关注：资金+业绩共振,72.6
603004,鼎龙科技,18.56,-57.2,1.82,-16.1,-3.33,-5376315,-11940539,-24295820,301850,97762,-2653567,缩量,低,情绪退潮,观望,资金撤退型,,D,回避：资金撤退,-1.1
603005,晶方科技,29.77,-74.8,2.13,-2.6,-2.84,-100190772,152485910,-387700789,-39368111,-9150638,33991917,缩量,低,情绪退潮,观望,资金观望型,,D,回避：资金观望,-0.9
603000,人民网,17.29,132.4,0.85,119.6,4.12,147606217,93402724,123621856,6099318,9685003,9654530,放量,低,游资情绪,进场,资金观望型,,C,谨慎：资金流入未验证业绩,41.4
603001,奥康国际,9.48,-36.5,2.79,-33.1,2.06,8451840,-12413341,8652324,6294862,-3014849,-2738022,缩量,低,情绪退潮,进场,资金观望型,,C,谨慎：资金流入未验证业绩,32.7
603007,顺景科技,4.64,-59.4,0.59,-52.5,-6.13,-21724681,-22650169,57164591,-1610622,-2540479,4167262,缩量,低,情绪退潮,观望,长线吸筹型,,D,回避：资金观望,-2.0
603006,联明股份,10.63,-61.9,1.37,-28.2,-2.01,-2320952,2234462,-380190,748284,0,681427,缩量,低,情绪退潮,观望,资金观望型,,D,回避：资金观望,-0.7
603011,合锻智能,27.53,23.1,2.65,11.7,4.43,307671745,616219813,971048705,-60949563,-31807068,55588834,缩量,低,情绪退潮,观望,主力建仓型,,D,回避：资金观望,1.5
603012,创力集团,9.03,-49.4,0.89,-33.7,0.44,3273561,-22609747,-128311502,-4793796,-5492730,-3331912,缩量,低,情绪退潮,观望,资金观望型,,D,回避：资金观望,0.1
603002,宏昌电子,19.22,66.8,0.94,55.7,4.44,489024307,603725673,632527111,88479461,113281749,15022065,放量,低,游资情绪,进场,均衡流入型,资金+业绩共振(双击候选),B,关注：资金+业绩共振,81.5
603013,亚普股份,14.17,-46.2,1.0,-35.8,-3.62,-5695165,-7086695,-23293456,-1402532,-620169,2138195,缩量,低,情绪退潮,观望,资金撤退型,,D,回避：资金撤退,-1.2
603014,威高血净,30.8,-79.4,3.36,-27.4,-1.54,-1745059,-112988,-21651960,486696,39755,-1421563,缩量,低,情绪退潮,观望,资金观望型,,D,回避：资金观望,-0.5
603015,弘讯科技,10.73,-54.8,1.07,-30.0,1.0,1996210,-7826964,-15902627,-403018,1789720,291967,缩量,低,情绪退潮,观望,资金观望型,,D,回避：资金观望,0.3
603009,北特科技,47.37,35.0,1.2,27.5,-0.18,-2960090,136944663,186376031,111635672,141194648,-44251331,缩量,低,情绪退潮,吸筹,资金观望型,机构吸筹+盈利(关注),C,谨慎：资金流入未验证业绩,23.9
603016,新宏泰,27.71,-5.0,0.21,-36.5,-6.92,-27239958,-53737035,75760962,3243646,2060577,-3694087,缩量,低,情绪退潮,观望,长线吸筹型,,D,回避：资金观望,-2.3
603017,中衡设计,9.75,-59.3,0.13,-38.3,-3.6,-5993891,-12142622,-14732454,-420792,960000,1092924,缩量,低,情绪退潮,观望,资金撤退型,,D,回避：资金撤退,-1.2
603010,万盛股份,12.1,-48.8,1.66,9.1,5.1,30275091,10493290,24024033,-3205128,-5618577,-873596,缩量,中,主力惜售,进场,资金观望型,纯资金炒作(亏损风险),C,谨慎：纯资金炒作,25.7
603018,华设集团,5.15,-43.3,0.99,0.0,0.76,1199472,6651705,-3465616,-1272823,-2555972,-1675958,缩量,低,情绪退潮,观望,趋势转多型,,D,回避：资金观望,0.3
603019,中科曙光,82.68,-84.3,1.61,-32.2,-3.83,-284409069,-1468215935,-1934142616,-183674692,-122921587,168826795,缩量,低,情绪退潮,观望,资金撤退型,,D,回避：资金撤退,-1.3
603025,大豪科技,13.36,-53.5,0.32,-27.7,-1.72,-6083610,-17642897,-76623817,-4697305,-3833377,2128848,缩量,低,情绪退潮,观望,资金撤退型,,D,回避：资金撤退,-0.6
603026,石大胜华,61.05,-71.5,0.42,-1.1,-0.97,-16222114,24882213,-140550948,-4292618,-1968996,10843005,缩量,低,情绪退潮,观望,资金观望型,,D,回避：资金观望,-0.3
603027,千禾味业,7.27,-58.4,0.93,-18.2,3.18,10677146,18357032,-16211276,-3730749,-3169056,121917,缩量,低,情绪退潮,观望,趋势转多型,,D,回避：资金观望,1.1
603028,赛福天,6.77,-12.0,0.6,-6.2,0.06,72647,-2451268,-5452695,-518953,-547693,-800817,缩量,低,情绪退潮,观望,资金观望型,,D,回避：资金观望,0.0
603029,天鹅股份,16.29,66.7,0.9,-47.4,-2.66,-6610747,-23971511,-22972033,-106023,-539541,-3552761,放量,低,游资情绪,观望,资金观望型,,D,回避：资金观望,7.1
603033,三维股份,7.28,-67.8,0.95,-7.8,-0.32,-701810,-28771603,-44764584,-667512,1354592,1714890,缩量,低,情绪退潮,观望,资金撤退型,,D,回避：资金撤退,-0.1
603035,常熟汽饰,10.1,-25.9,0.52,-15.7,-7.36,-14467236,-12194355,-15038069,-1139682,2283732,3419422,缩量,低,情绪退潮,观望,资金观望型,,D,回避：资金观望,-2.5
603032,德新科技,18.67,-83.6,0.87,-46.7,-3.87,-19796285,-57170619,39263510,-1809588,-1785637,650377,缩量,低,情绪退潮,观望,长线吸筹型,,D,回避：资金观望,-1.3
603020,爱普股份,11.33,85.1,1.7,162.2,4.33,36943202,48943008,44981061,18755612,6837278,-21834119,放量,低,游资情绪,进场,趋势转多型,资金+业绩共振(双击候选),B,关注：资金+业绩共振,81.4
603022,新通联,8.65,-12.9,0.88,13.0,0.44,787428,-850268,-1993439,284267,1509107,-2275814,缩量,低,情绪退潮,进场,资金观望型,资金+业绩共振(双击候选),B,关注：资金+业绩共振,72.1
603031,安孚科技,42.14,-71.2,1.19,56.2,1.61,35237720,134285372,75987055,-6913180,-10369961,2968938,缩量,低,情绪退潮,观望,趋势转多型,,D,回避：资金观望,0.5
603023,威帝股份,4.09,271.4,0.88,39.1,5.24,18958153,-643199,7458863,-1557403,-6534216,-4493703,放量,中,主力偏强放量,进场,资金观望型,资金+业绩共振(双击候选),B,关注：资金+业绩共振,89.7
603036,如通股份,12.9,-18.7,1.49,-42.6,0.61,2213523,-87231683,-56917892,-4793994,-1942238,6259219,缩量,低,情绪退潮,观望,长线吸筹型,,D,回避：资金观望,0.2
603030,全筑股份,2.09,-19.1,0.47,47.5,1.64,5038777,46023551,50188210,203045,3357916,-279211,缩量,低,情绪退潮,吸筹,均衡流入型,纯资金炒作(亏损风险),C,谨慎：纯资金炒作,4.5
603037,凯众股份,9.94,-31.7,0.53,3.3,-4.99,-6950726,-12187656,-23110592,-238811,-548182,1358614,缩量,低,情绪退潮,观望,资金撤退型,,D,回避：资金撤退,-1.7
603039,泛微网络,35.52,-59.5,1.15,-40.5,-5.48,-98120373,-171963254,-148941281,-17296621,-29887778,-8448042,缩量,低,情绪退潮,观望,资金观望型,,D,回避：资金观望,-1.8
603038,华立股份,16.95,157.9,0.36,-40.2,0.11,616714,-22377740,11536587,5647813,985069,-8035678,放量,低,游资情绪,抢筹,长线吸筹型,资金+业绩共振(双击候选),B,关注：资金+业绩共振,88.0
603043,广州酒家,13.08,-49.1,1.24,11.5,-7.11,-14381023,-8643649,-21512941,214402,0,-341195,缩量,低,情绪退潮,观望,资金观望型,,D,回避：资金观望,-2.4
603045,福达合金,50.61,-17.7,2.12,-42.2,-4.55,-62444111,-59862338,264181371,13262785,1696774,-7443377,缩量,低,情绪退潮,观望,长线吸筹型,,D,回避：资金观望,-1.5
603041,美思德,11.04,-5.1,0.74,3.6,-2.17,-2846510,-3943404,-3766271,2104623,1365133,-2256132,缩量,低,情绪退潮,观望,资金观望型,,D,回避：资金观望,-0.7
603048,浙江黎明,23.1,21.7,0.75,-30.9,-1.69,-3460850,-7423669,-9730332,392533,2802099,-4804835,缩量,低,情绪退潮,观望,资金撤退型,,D,回避：资金撤退,-0.6
603049,中策橡胶,44.94,-49.2,1.18,7.5,-4.2,-25843667,-11436206,-14926169,-558400,-970992,398757,缩量,低,情绪退潮,观望,资金观望型,,D,回避：资金观望,-1.4
603050,科林电气,18.07,-70.1,1.42,1.4,-1.16,-2933092,-346712,-9547387,-1027502,-212316,-315825,缩量,低,情绪退潮,观望,资金观望型,,D,回避：资金观望,-0.4
603051,鹿山新材,23.8,-11.0,1.58,76.0,0.23,2188366,12292637,6805894,-20073526,-8868494,19269971,缩量,低,情绪退潮,观望,趋势转多型,,D,回避：资金观望,0.1
603053,成都燃气,8.73,-12.1,0.71,14.7,-1.41,-1374046,-11578001,-19113613,-1926597,-1371390,-765688,缩量,低,情绪退潮,观望,资金撤退型,,D,回避：资金撤退,-0.5
603040,XD新坐标,47.75,-66.3,1.62,-22.5,-8.96,-26118967,-33839463,-79875581,7218990,5333629,-2548316,缩量,低,情绪退潮,吸筹,资金撤退型,机构吸筹+盈利(关注),C,谨慎：资金流入未验证业绩,21.0
603057,紫燕食品,18.62,-67.8,0.42,-12.3,1.45,2174821,-7221599,254513,-1160521,-742742,-431248,缩量,低,情绪退潮,观望,资金观望型,,D,回避：资金观望,0.5
603042,华脉科技,17.69,719.9,0.43,391.1,-1.47,-59591007,50025727,40298055,52007385,18478135,-68632143,放量,低,游资情绪,抢筹,资金观望型,纯资金炒作(亏损风险),C,谨慎：纯资金炒作,27.5
603052,可川科技,59.28,89.2,0.23,-17.4,4.19,59294082,25487528,144887554,12692849,-1587031,-10255796,放量,低,游资情绪,进场,资金观望型,资金+业绩共振(双击候选),B,关注：资金+业绩共振,81.4
603058,永吉股份,8.7,-45.0,0.71,-27.7,-6.15,-17489436,-57886932,-52467381,-974713,351587,1894268,缩量,低,情绪退潮,观望,资金观望型,,D,回避：资金观望,-2.1
603055,台华新材,9.34,-3.1,1.08,-52.6,11.56,31112302,28173996,7847311,1356456,569042,-9177879,缩量,高,主力控盘,控盘,资金观望型,控盘+盈利(稳健),B,关注：控盘稳健+盈利,71.9
603060,国检集团,5.35,-45.0,0.34,-5.9,-2.69,-3104577,-10231932,-24613134,-990160,337460,1991110,缩量,低,情绪退潮,观望,资金撤退型,,D,回避：资金撤退,-0.9
603059,倍加洁,23.93,-5.3,0.47,11.5,1.68,2603099,6349686,3851595,-1232102,78883,1620271,缩量,低,情绪退潮,观望,趋势转多型,,D,回避：资金观望,0.6
603065,宿迁联盛,13.95,-51.4,29.75,-56.2,-0.72,-9699482,-82060156,53295103,-12246258,-4616021,20066986,缩量,低,情绪退潮,观望,长线吸筹型,,D,回避：资金观望,-0.2
603061,金海通,350.48,52.3,1.93,-19.4,-1.3,-82980544,-93072838,89859023,-49518024,-4989905,89634437,放量,低,游资情绪,观望,资金观望型,,D,回避：资金观望,7.6
603063,禾望电气,30.16,-66.5,0.54,-2.2,-5.0,-93967496,27448505,-45080136,-26045644,-22425922,26772993,缩量,低,情绪退潮,观望,资金观望型,,D,回避：资金观望,-1.7
603062,麦加芯彩,36.21,-61.8,0.25,-13.1,1.3,545945,-699159,-2097776,-228973,0,470758,缩量,低,情绪退潮,观望,资金观望型,,D,回避：资金观望,0.4
603066,音飞储存,9.03,-34.3,1.36,68.5,-4.02,-11575898,6767313,8778270,885692,1252908,4389786,缩量,低,情绪退潮,观望,资金观望型,,D,回避：资金观望,-1.3
603067,振华股份,35.31,-26.6,1.15,65.4,-4.09,-171875985,322553254,198128498,-59153486,-73363511,34978509,缩量,低,情绪退潮,观望,资金观望型,,D,回避：资金观望,-1.4
603070,万控智造,11.37,-62.8,0.95,-11.9,-4.05,-3665204,-8072564,-7815310,-535025,-330257,-755385,缩量,低,情绪退潮,观望,资金观望型,,D,回避：资金观望,-1.3
603068,博通集成,36.19,-57.7,5.44,-40.6,2.92,31313504,-9050786,60096604,-5600342,-6700242,6256187,缩量,低,情绪退潮,观望,资金观望型,,D,回避：资金观望,1.0
603072,天和磁材,29.7,-66.9,1.63,-16.7,-5.22,-13949434,-22160815,-18827556,-1080120,555750,2877106,缩量,低,情绪退潮,观望,资金观望型,,D,回避：资金观望,-1.7
603073,彩蝶实业,15.82,66.3,0.74,18.0,-0.57,-850612,-2598918,-1837680,-1904359,0,2803430,放量,低,游资情绪,观望,资金观望型,,D,回避：资金观望,7.8
603075,热威股份,19.51,-9.1,1.2,153.5,-2.04,-8237128,26325485,23970270,-266266,772836,1325681,缩量,低,情绪退潮,观望,资金观望型,,D,回避：资金观望,-0.7
603069,海汽集团,13.33,34.9,0.44,68.0,0.02,57947,7731280,14587105,1669034,2111639,-6181427,缩量,低,情绪退潮,进场,均衡流入型,纯资金炒作(亏损风险),C,谨慎：纯资金炒作,12.0
603076,乐惠国际,19.51,-51.4,0.32,-16.6,-1.34,-1920060,-4440115,-13648024,-1372466,-660277,2303268,缩量,低,情绪退潮,观望,资金撤退型,,D,回避：资金撤退,-0.4
603071,物产环能,12.29,-21.1,0.48,-48.7,0.43,542283,-2219082,-12413458,212629,0,-2036715,缩量,低,情绪退潮,进场,资金观望型,资金+业绩共振(双击候选),B,关注：资金+业绩共振,72.1
603078,江化微,32.41,-65.2,4.21,-42.2,0.5,11868209,-64574579,-157477289,-6938618,-365780,21098935,缩量,低,情绪退潮,观望,资金观望型,,D,回避：资金观望,0.2
603079,圣达生物,12.63,-10.4,0.52,-70.1,-2.41,-5968299,-31137727,33376067,-32609,-502000,-1618577,缩量,低,情绪退潮,观望,长线吸筹型,,D,回避：资金观望,-0.8
603082,北自科技,51.17,415.4,5.7,62.5,1.82,59609949,86333753,238764083,-77589769,-77556675,93414575,放量,低,游资情绪,观望,长线吸筹型,,D,回避：资金观望,8.6
603081,大丰实业,9.42,-40.7,0.5,-49.6,-3.35,-3686955,-4372256,-12769937,-2290273,-752000,1865983,缩量,低,情绪退潮,观望,资金撤退型,,D,回避：资金撤退,-1.1
603085,天成自控,9.91,-45.6,0.77,-19.4,-0.02,-50008,-24858870,-23784223,-2872193,-3359943,1386660,缩量,低,情绪退潮,观望,资金观望型,,D,回避：资金观望,-0.0
603083,剑桥科技,219.03,11.8,0.56,39.4,-0.3,-80350302,977588835,2016786864,-228020871,-182722485,166493471,缩量,低,情绪退潮,观望,资金观望型,,D,回避：资金观望,-0.1
603087,甘李药业,69.14,-51.8,1.55,-53.2,-3.71,-63013007,-64624117,-374146629,9396014,512603,-26913096,缩量,低,情绪退潮,观望,资金撤退型,,D,回避：资金撤退,-1.2
603086,先达股份,5.82,19.0,0.52,-32.5,-9.72,-30204659,-35670155,-10572163,-2113088,-2743944,2049164,缩量,低,情绪退潮,观望,资金观望型,,D,回避：资金观望,-3.2
603077,和邦生物,2.25,-37.2,0.36,36.8,-0.64,-15403874,244770674,44676918,2279784,4793043,-1383231,缩量,低,情绪退潮,吸筹,资金观望型,纯资金炒作(亏损风险),C,谨慎：纯资金炒作,3.8
603088,宁波精达,10.25,-32.3,0.24,-40.2,-0.41,-1448373,-35373230,-56021735,670866,1259582,564931,缩量,低,情绪退潮,观望,资金撤退型,,D,回避：资金撤退,-0.1
603080,新疆火炬,19.25,-12.9,0.72,-20.6,4.02,6773885,3925956,-204698,643508,730286,-716092,缩量,低,情绪退潮,吸筹,资金观望型,资金+业绩共振(双击候选),B,关注：资金+业绩共振,65.3
603089,正裕工业,9.43,51.2,0.55,-70.6,-4.96,-7810140,-20153718,-539668,-2211115,-1057442,1823341,放量,低,游资情绪,观望,长线吸筹型,,D,回避：资金观望,6.3
603091,众鑫股份,46.05,-26.8,1.63,-10.7,-8.86,-11544488,-20905629,-25181820,-7292353,-6348201,3615588,缩量,低,情绪退潮,观望,资金撤退型,,D,回避：资金撤退,-3.0
603093,南华期货,12.64,34.5,0.76,-28.2,-1.33,-17837186,-44677309,174131724,-2643207,4505637,6247164,缩量,低,情绪退潮,观望,长线吸筹型,,D,回避：资金观望,-0.4
603095,越剑智能,14.33,20.6,0.71,-65.8,-3.67,-11180653,-33833529,72788956,-4296141,104753,-131915,缩量,低,情绪退潮,观望,长线吸筹型,,D,回避：资金观望,-1.2
603096,新经典,15.32,33.1,0.59,23.4,-1.87,-2277919,229887,-145990,-2274133,-1229289,903739,缩量,低,情绪退潮,观望,资金观望型,,D,回避：资金观望,-0.6
603097,江苏华辰,18.28,-73.4,0.6,-26.4,-0.57,-828557,-3690653,9276466,144700,0,1050896,缩量,低,情绪退潮,观望,长线吸筹型,,D,回避：资金观望,-0.2
603100,川仪股份,17.97,-52.6,0.8,-29.3,-5.69,-17795706,-24607080,-22691402,-1467690,-410127,-1525747,缩量,低,情绪退潮,观望,资金观望型,,D,回避：资金观望,-1.9
603098,森特股份,10.57,-17.2,0.32,23.4,-10.31,-23686186,-13827598,-492473,-1259247,-1049218,-2534791,缩量,低,情绪退潮,观望,高位分歧型,,D,回避：资金观望,-3.4
603099,长白山,39.19,132.8,1.4,0.3,-4.14,-50175342,-111782221,-156156001,17279875,3144589,-8775488,放量,低,游资情绪,观望,资金撤退型,,D,回避：资金撤退,6.6
603102,百合股份,35.4,117.2,0.83,-66.2,-3.05,-7434586,-18930778,-127668324,1479902,-436813,821859,放量,低,游资情绪,观望,资金撤退型,,D,回避：资金撤退,7.0
603090,宏盛股份,38.89,86.1,0.46,84.9,5.45,94576975,211947541,308651087,-5713044,-9215550,33816934,放量,中,主力偏强放量,进场,主力强攻型,资金+业绩共振(双击候选),B,关注：资金+业绩共振,89.8
603092,德力佳,44.32,105.5,0.4,10.0,-0.11,-655444,-9210775,-8543993,12297661,5507360,-7888958,放量,低,游资情绪,抢筹,资金观望型,机构吸筹+盈利(关注),C,谨慎：资金流入未验证业绩,48.0
603101,汇嘉时代,7.35,-54.2,0.22,9.6,-3.6,-11340509,-13373027,5202617,-1618847,-1808771,1754433,缩量,低,情绪退潮,观望,资金观望型,,D,回避：资金观望,-1.2
603105,芯能科技,7.91,246.1,0.15,21.2,3.19,57726789,23815608,117917801,-5489492,-3444127,15363850,放量,低,游资情绪,观望,资金观望型,,D,回避：资金观望,9.1
603103,横店影视,16.02,-56.8,0.23,12.1,-1.95,-7941078,9086349,17223805,1442073,-267743,-845523,缩量,低,情绪退潮,观望,资金观望型,,D,回避：资金观望,-0.7
603106,恒银科技,7.37,-44.6,3.15,-30.2,4.5,32533089,-9296799,97138739,-5082740,-3524168,8466650,缩量,低,情绪退潮,观望,资金观望型,,D,回避：资金观望,1.5
603108,润达医疗,9.27,-66.1,0.61,-19.9,-4.55,-18078511,-16090367,-20411997,-6554788,-1917022,-1008634,缩量,低,情绪退潮,观望,资金观望型,,D,回避：资金观望,-1.5
603110,东方材料,25.51,-39.6,2.64,-5.2,-2.33,-25951493,55524087,75602422,-31011940,-15575685,40554864,缩量,低,情绪退潮,观望,资金观望型,,D,回避：资金观望,-0.8
603107,上海汽配,12.15,107.6,0.85,7.8,-1.48,-1750811,-3168950,2954345,3798756,7717177,-6606218,放量,低,游资情绪,抢筹,长线吸筹型,机构吸筹+盈利(关注),C,谨慎：资金流入未验证业绩,47.5
603112,华翔股份,17.0,208.2,0.32,-11.5,-3.41,-36871295,-31608696,109038417,-10575455,-7669239,32221167,放量,低,游资情绪,观望,长线吸筹型,,D,回避：资金观望,6.9
603116,红蜻蜓,6.19,-52.5,0.98,-28.7,-1.76,-2264360,-6961791,-32066138,-1264750,-85422,514227,缩量,低,情绪退潮,观望,资金撤退型,,D,回避：资金撤退,-0.6
603113,金能科技,4.94,121.5,0.4,-36.9,-6.53,-39083991,-56067726,106158315,-360638,-800744,2713147,放量,低,游资情绪,观望,长线吸筹型,,D,回避：资金观望,5.8
603120,肯特催化,53.83,-5.1,7.23,160.4,2.13,18593661,27633455,34303492,-8352912,-1154050,6510338,缩量,低,情绪退潮,观望,均衡流入型,,D,回避：资金观望,0.7
603117,万林物流,4.0,-10.3,0.96,9.3,-6.17,-11244599,-7127461,-6063803,322809,1491657,1717231,缩量,低,情绪退潮,观望,资金观望型,,D,回避：资金观望,-2.1
603118,共进股份,16.75,-28.9,1.27,-34.9,-1.58,-99935429,-39009613,-297755721,-65215933,-42034259,107989491,缩量,低,情绪退潮,观望,资金观望型,,D,回避：资金观望,-0.5
603109,神驰机电,16.95,77.6,0.33,-23.3,-3.64,-5069612,-8528321,-22443648,4769466,2512670,-8537481,放量,低,游资情绪,抢筹,资金撤退型,机构吸筹+盈利(关注),C,谨慎：资金流入未验证业绩,46.8
603121,华培动力,12.22,-53.5,0.65,-62.3,-3.43,-7075665,-15322559,71765515,2369157,1050614,-2316930,缩量,低,情绪退潮,观望,长线吸筹型,,D,回避：资金观望,-1.1
603111,康尼机电,6.04,-15.2,0.68,-50.0,4.44,5757510,-6275497,-10722338,2885600,1102224,-4471913,缩量,低,情绪退潮,进场,资金观望型,资金+业绩共振(双击候选),B,关注：资金+业绩共振,73.5
603115,海星股份,95.41,55.2,1.1,55.9,1.72,85993711,284009283,451052635,60782682,73192591,16352848,放量,低,游资情绪,抢筹,均衡流入型,资金+业绩共振(双击候选),B,关注：资金+业绩共振,88.6
603124,江南新材,130.77,-13.5,2.63,71.4,-1.39,-41006711,333754832,154235658,8383697,-6459674,-3161371,缩量,低,情绪退潮,观望,资金观望型,,D,回避：资金观望,-0.5
603119,浙江荣泰,54.35,-17.5,0.69,56.8,3.58,98650339,177574782,144719967,48251370,23267675,-60396824,缩量,低,情绪退潮,进场,趋势转多型,资金+业绩共振(双击候选),B,关注：资金+业绩共振,73.2
603122,合富中国,12.4,301.8,0.55,157.6,5.94,116465566,289150118,259590856,-2607015,-11739778,-31612582,放量,中,主力偏强放量,进场,短线抢筹型,纯资金炒作(亏损风险),C,谨慎：纯资金炒作,30.0
603125,常青科技,23.52,-61.7,2.35,12.9,-1.19,-4791140,16752397,32469183,1386323,1345149,2271416,缩量,低,情绪退潮,观望,资金观望型,,D,回避：资金观望,-0.4
603126,中材节能,6.22,-45.0,0.51,-35.9,1.37,2363469,7793857,34469901,-1776979,-1132750,1924498,缩量,低,情绪退潮,观望,均衡流入型,,D,回避：资金观望,0.5
603127,昭衍新药,44.12,-46.7,2.52,-32.2,-1.2,-60024100,-161328156,-324814319,25721702,34478300,-67905772,缩量,低,情绪退潮,观望,资金撤退型,,D,回避：资金撤退,-0.4
603128,华贸物流,5.38,-0.5,1.21,82.9,-3.84,-24517596,-38077569,-74804873,304861,-131239,-2752040,缩量,低,情绪退潮,观望,资金撤退型,,D,回避：资金撤退,-1.3
603123,翠微股份,9.55,2.9,0.75,25.2,-3.91,-82875371,-81219271,107047243,9665649,5881696,-4093280,缩量,低,情绪退潮,吸筹,高位分歧型,纯资金炒作(亏损风险),C,谨慎：纯资金炒作,2.7
603130,云中马,36.98,-57.2,0.3,-12.2,-11.58,-18806656,-32956665,-34870728,-722942,1758062,3053940,缩量,低,情绪退潮,观望,资金撤退型,,D,回避：资金撤退,-3.9
603129,春风动力,291.1,-3.1,1.44,-12.8,-1.61,-31610273,-43563333,-64898688,39967357,18849484,-40797134,缩量,低,情绪退潮,观望,资金撤退型,,D,回避：资金撤退,-0.5
603132,金徽股份,18.13,-21.1,0.62,-44.2,-4.47,-26532799,-30243356,-37448777,-2476241,1121619,1655535,缩量,低,情绪退潮,观望,资金撤退型,,D,回避：资金撤退,-1.5
603131,上海沪工,13.49,-38.1,0.74,15.9,1.88,8741062,7022326,-18906528,-4823076,-2972200,9401652,缩量,低,情绪退潮,观望,资金观望型,,D,回避：资金观望,0.6
603137,恒尚节能,19.17,-80.5,19.47,-57.8,-2.34,-14461943,-54129675,-99530218,10692202,5096467,-10789027,缩量,低,情绪退潮,观望,资金撤退型,,D,回避：资金撤退,-0.8
603139,康惠股份,39.11,253.6,0.62,57.7,2.83,32412010,27095439,74753571,-23347917,-20825405,-1631468,放量,低,游资情绪,观望,资金观望型,,D,回避：资金观望,8.9
603151,邦基科技,16.67,-1.2,0.86,70.5,-2.06,-7298560,21280642,33566119,-3530194,218904,10912363,缩量,低,情绪退潮,观望,资金观望型,,D,回避：资金观望,-0.7
603136,天目湖,8.99,748.7,0.51,358.9,4.59,73861270,80920680,88235351,10833107,5193419,-16607830,放量,低,游资情绪,进场,均衡流入型,资金+业绩共振(双击候选),B,关注：资金+业绩共振,81.5
603150,万朗磁塑,67.28,16.6,0.67,118.0,-4.75,-43702410,25245791,33477914,-24460607,-21873253,23008373,缩量,低,情绪退潮,观望,资金观望型,,D,回避：资金观望,-1.6
603158,腾龙股份,10.38,-64.6,0.35,-45.2,-7.14,-35010592,-69495337,-26408988,-4889761,-1807636,4089806,缩量,低,情绪退潮,观望,长线吸筹型,,D,回避：资金观望,-2.4
603153,上海建科,12.97,-37.6,0.9,70.7,-3.73,-3666693,434611,898488,-418239,0,-226628,缩量,低,情绪退潮,观望,资金观望型,,D,回避：资金观望,-1.2
603135,中重科技,8.63,-78.1,1.66,-23.7,-9.57,-20855422,-32112316,-20085894,2084733,1973865,-66765,缩量,低,情绪退潮,吸筹,资金观望型,纯资金炒作(亏损风险),C,谨慎：纯资金炒作,0.8
603159,上海亚虹,22.95,394.6,2.82,106.9,-0.79,-5218099,-14168515,-1203377,-17358379,-27671586,-6005496,放量,低,游资情绪,观望,资金观望型,,D,回避：资金观望,7.7
603138,海量数据,14.15,198.8,0.32,575.9,5.35,113799929,135438445,120738432,18366317,5857104,-13166733,放量,中,主力偏强放量,进场,短线抢筹型,纯资金炒作(亏损风险),C,谨慎：纯资金炒作,29.8
603161,科华控股,15.27,-55.7,1.68,90.2,-1.16,-3195356,34233236,49466197,1009244,-12997,-3485538,缩量,低,情绪退潮,观望,资金观望型,,D,回避：资金观望,-0.4
603163,圣晖集成,81.5,-43.6,1.4,70.0,-2.01,-23510129,80393959,-13326268,7324462,7621662,-13092995,缩量,低,情绪退潮,观望,资金观望型,,D,回避：资金观望,-0.7
603155,新亚强,14.94,55.3,4.77,64.9,7.68,97410114,83555257,75154543,-32992522,-25715776,5837148,放量,中,主力偏强放量,进场,资金观望型,资金+业绩共振(双击候选),B,关注：资金+业绩共振,90.6
603156,养元饮品,43.25,-7.3,2.03,-44.4,1.85,38970439,45486857,-240326590,28640385,4029604,-43409590,缩量,低,情绪退潮,进场,趋势转多型,资金+业绩共振(双击候选),B,关注：资金+业绩共振,72.6
603165,荣晟环保,13.36,-16.0,0.37,-34.7,-4.19,-8837293,-36980095,-46547038,-11775517,-12790548,5802293,缩量,低,情绪退潮,观望,资金撤退型,,D,回避：资金撤退,-1.4
603166,福达股份,10.78,-71.8,2.45,-11.7,-5.07,-15271444,-25043235,-50872212,-1227001,-1896244,1932063,缩量,低,情绪退潮,观望,资金撤退型,,D,回避：资金撤退,-1.7
603160,汇顶科技,52.73,-57.8,0.81,-28.6,5.16,49498985,166420723,213749780,-11343806,-9811874,15048813,缩量,中,主力惜售,进场,主力强攻型,资金+业绩共振(双击候选),B,关注：资金+业绩共振,85.7
603162,海通发展,14.08,170.0,1.3,171.3,-4.17,-251577012,178982912,231382727,48985752,43619737,-37435307,放量,低,游资情绪,吸筹,资金观望型,机构吸筹+盈利(关注),C,谨慎：资金流入未验证业绩,30.6
603168,莎普爱思,5.67,-27.3,0.96,-35.9,-0.46,-767472,-5758865,3565311,-6683,0,937586,缩量,低,情绪退潮,观望,资金观望型,,D,回避：资金观望,-0.2
603171,税友股份,38.32,-62.8,0.5,-41.0,-1.3,-11070374,-41708911,176004355,118679,-358367,1878521,缩量,低,情绪退潮,观望,长线吸筹型,,D,回避：资金观望,-0.4
603169,兰石重装,6.13,-45.8,0.47,3.7,-1.34,-4039955,-3281082,-15322205,-7444726,-4841686,4468046,缩量,低,情绪退潮,观望,资金观望型,,D,回避：资金观望,-0.4
603172,万丰股份,18.57,-23.4,0.72,-47.7,0.74,1118262,-5908197,10142881,-130141,-551700,-1180262,缩量,低,情绪退潮,观望,长线吸筹型,,D,回避：资金观望,0.2
603170,宝立食品,11.92,-59.1,1.76,-10.6,-0.67,-621065,2352553,1176282,-3526118,-1066433,1703670,缩量,低,情绪退潮,观望,资金观望型,,D,回避：资金观望,-0.2
603175,超颖电子,101.82,-32.0,0.61,18.0,-1.18,-10214676,-2823765,-28159572,-1369121,-1546287,-22853310,缩量,低,情绪退潮,观望,资金观望型,,D,回避：资金观望,-0.4
603173,福斯达,28.51,-64.5,0.5,-30.9,-0.66,-804988,1516881,12859208,257547,472575,1121725,缩量,低,情绪退潮,观望,长线吸筹型,,D,回避：资金观望,-0.2
603176,汇通集团,5.27,-1.0,0.75,-30.1,0.05,51385,478360,4660734,-1008756,0,854662,缩量,低,情绪退潮,观望,均衡流入型,,D,回避：资金观望,0.0
603167,渤海轮渡,8.12,-62.7,0.84,-51.6,3.52,4280822,1894212,-52877972,2770501,2415408,799062,缩量,低,情绪退潮,进场,资金观望型,资金+业绩共振(双击候选),B,关注：资金+业绩共振,73.2
603179,新泉股份,39.42,12.1,1.05,-10.9,-1.56,-50176785,-293958596,134983886,71471880,36388995,-66512438,缩量,低,情绪退潮,观望,长线吸筹型,,D,回避：资金观望,-0.5
603177,德创环保,10.51,-44.5,0.59,-31.7,-1.8,-3689547,-31078924,-1663489,-410223,894095,737305,缩量,低,情绪退潮,观望,长线吸筹型,,D,回避：资金观望,-0.6
603178,圣龙股份,15.62,-59.1,0.33,-36.6,-4.22,-20004155,-53389338,693471,5330009,3359528,-11432118,缩量,低,情绪退潮,观望,长线吸筹型,,D,回避：资金观望,-1.4
603180,金牌家居,15.18,-23.0,1.51,-13.4,-1.96,-1327808,4550441,2166874,852354,799764,-1130999,缩量,低,情绪退潮,观望,资金观望型,,D,回避：资金观望,-0.7
603181,皇马科技,12.29,-69.8,1.2,3.8,-6.86,-14068549,-20186426,-9528178,2121849,2521299,-4693580,缩量,低,情绪退潮,观望,资金观望型,,D,回避：资金观望,-2.3
603182,嘉华股份,13.2,17.5,0.29,-1.3,-6.58,-9091156,-14458386,-20041880,139178,0,1786212,缩量,低,情绪退潮,观望,资金撤退型,,D,回避：资金撤退,-2.2
603183,建研院,4.92,39.6,1.23,51.1,-4.36,-21271087,-26465344,-17164806,-8546232,-2642645,3543434,缩量,低,情绪退潮,观望,资金观望型,,D,回避：资金观望,-1.5
603185,弘元绿能,14.07,-73.0,0.72,-24.0,-1.96,-7680917,5888947,-48732900,-199087,-3164613,2014055,缩量,低,情绪退潮,观望,资金观望型,,D,回避：资金观望,-0.7
603188,亚邦股份,4.5,4.7,0.94,-42.5,3.73,13936957,15574261,11349729,-3305997,-1352410,5276140,缩量,低,情绪退潮,观望,趋势转多型,,D,回避：资金观望,1.2
603191,望变电气,13.21,-27.8,0.55,11.6,-5.18,-33621506,5123089,21153408,-11393070,-8073419,4872633,缩量,低,情绪退潮,观望,资金观望型,,D,回避：资金观望,-1.7
603192,汇得科技,20.15,-42.8,2.83,95.7,-1.34,-3044859,16750206,19133432,1751260,-590699,-29122,缩量,低,情绪退潮,观望,资金观望型,,D,回避：资金观望,-0.4
603193,润本股份,19.77,-58.8,0.35,-21.6,2.14,4833239,-10560990,-10064415,-892586,0,-188016,缩量,低,情绪退潮,观望,资金观望型,,D,回避：资金观望,0.7
603194,中力股份,33.34,-78.6,1.74,-17.0,-2.27,-2990704,-6459770,1593112,325180,0,590555,缩量,低,情绪退潮,观望,资金观望型,,D,回避：资金观望,-0.8
603186,华正新材,230.0,139.8,2.02,16.1,5.34,1389568898,2329378311,3618977002,-717545719,-606953774,506968331,放量,中,主力偏强放量,进场,主力强攻型,资金+业绩共振(双击候选),B,关注：资金+业绩共振,89.8
603195,公牛集团,37.95,-73.5,2.73,-19.0,2.56,13249508,-9932414,-41653365,-1417721,-25907,3863291,缩量,低,情绪退潮,观望,资金观望型,,D,回避：资金观望,0.9
603187,海容冷链,10.68,-44.7,0.91,-18.4,-8.03,-15058823,3707954,29870414,6811965,5953493,-2615501,缩量,低,情绪退潮,吸筹,高位分歧型,机构吸筹+盈利(关注),C,谨慎：资金流入未验证业绩,21.3
603197,保隆科技,29.1,-45.7,1.64,-31.7,-0.53,-1814097,-499225,9508119,-2536732,-1193904,7149557,缩量,低,情绪退潮,观望,资金观望型,,D,回避：资金观望,-0.2
603198,迎驾贡酒,38.04,-45.7,0.66,-41.5,-4.45,-25128038,-35376499,-30910864,-2923477,-5042463,-15905667,缩量,低,情绪退潮,观望,资金观望型,,D,回避：资金观望,-1.5
603199,九华旅游,32.55,24.6,0.53,-28.5,-4.3,-13972624,-37537785,-21770845,1593272,1990772,-6656737,缩量,低,情绪退潮,观望,资金观望型,,D,回避：资金观望,-1.4
603200,上海洗霸,39.9,92.8,0.26,-37.6,2.26,41106834,33263598,236255053,-15319006,-2989119,35197011,放量,低,游资情绪,观望,资金观望型,,D,回避：资金观望,8.8
603190,亚通精工,15.66,-60.6,1.7,-39.7,-0.83,-834134,-1080034,-17711406,142357,715024,-308695,缩量,低,情绪退潮,吸筹,资金撤退型,机构吸筹+盈利(关注),C,谨慎：资金流入未验证业绩,23.7
603201,常润股份,14.97,-79.7,3.9,-42.2,-3.03,-4024922,-8150391,-18169788,16043,-173745,-1573621,缩量,低,情绪退潮,观望,资金撤退型,,D,回避：资金撤退,-1.0
603196,璞源材料,19.23,-17.7,0.25,15.6,1.38,3048542,4837203,-13307282,6917899,2378670,-4151803,缩量,低,情绪退潮,进场,趋势转多型,资金+业绩共振(双击候选),B,关注：资金+业绩共振,72.5
603203,快克智能,44.93,-65.8,2.27,11.4,1.95,30568707,24304016,44874773,-4717838,-3910774,20668814,缩量,低,情绪退潮,观望,资金观望型,,D,回避：资金观望,0.7
603206,嘉环科技,13.49,-68.5,1.03,7.6,0.2,420128,-6420760,-21944926,-2681913,-670806,1777437,缩量,低,情绪退潮,观望,资金观望型,,D,回避：资金观望,0.1
603207,小方制药,23.95,54.0,1.85,-9.4,-5.21,-17211690,-39271517,-2753999,-1021361,-1891766,-1931961,放量,低,游资情绪,观望,资金观望型,,D,回避：资金观望,6.3
603202,天有为,50.85,-54.4,0.45,-15.3,-5.22,-8219363,-8911514,-10121868,526885,2024354,-615445,缩量,低,情绪退潮,吸筹,资金撤退型,机构吸筹+盈利(关注),C,谨慎：资金流入未验证业绩,22.3
603212,赛伍技术,11.32,-67.4,0.51,12.6,-2.37,-8667853,-2984573,-29932461,-7137627,-1363187,6362174,缩量,低,情绪退潮,观望,资金观望型,,D,回避：资金观望,-0.8
603209,兴通股份,14.66,47.4,0.55,-20.0,-1.09,-3866039,9259681,10890434,-1662167,3382366,1275914,缩量,低,情绪退潮,观望,资金观望型,,D,回避：资金观望,-0.4
603216,梦天家居,20.0,141.5,0.53,77.1,3.3,33888376,113065641,196687673,-8387034,-5630453,16820476,放量,低,游资情绪,观望,主力建仓型,,D,回避：资金观望,9.1
603210,泰鸿万立,12.92,-40.5,0.88,-23.4,-7.44,-8205412,-25369959,-47361952,-518045,532669,525054,缩量,低,情绪退潮,观望,资金撤退型,,D,回避：资金撤退,-2.5
603211,晋拓股份,19.92,-83.5,1.01,-48.7,-3.76,-13016658,-9301014,-85629785,886696,-816773,-751506,缩量,低,情绪退潮,观望,资金观望型,,D,回避：资金观望,-1.3
603215,比依股份,14.13,54.3,0.47,10.3,0.69,661480,1319599,-3982562,-3194178,-2905545,-113695,放量,低,游资情绪,观望,趋势转多型,,D,回避：资金观望,8.2
603205,健尔康,22.66,131.5,0.7,-25.6,2.97,5210565,3080359,-650125,4029092,2851791,-2857453,放量,低,游资情绪,抢筹,资金观望型,资金+业绩共振(双击候选),B,关注：资金+业绩共振,89.0
603214,爱婴室,13.1,18.4,1.28,211.2,-9.1,-36091456,9682181,5143283,417629,1256504,-1940924,缩量,低,情绪退潮,观望,资金观望型,,D,回避：资金观望,-3.0
603217,元利科技,27.2,34.0,0.31,-27.3,-3.86,-17773718,-77594260,-27037943,-3229215,-3528457,-1586017,缩量,低,情绪退潮,观望,长线吸筹型,,D,回避：资金观望,-1.3
603219,富佳股份,12.83,-65.4,0.62,-12.8,-2.81,-3823405,-3605647,-15085018,-458700,66628,230067,缩量,低,情绪退潮,观望,资金观望型,,D,回避：资金观望,-0.9
603208,江山欧派,10.72,-32.2,1.22,10.0,0.9,1095706,2804423,1552938,1591608,1589529,-133075,缩量,低,情绪退潮,吸筹,趋势转多型,纯资金炒作(亏损风险),C,谨慎：纯资金炒作,4.3
603213,镇洋发展,13.6,-63.3,3.06,-24.4,0.64,799320,-5920373,-9691176,2112630,2758973,-560654,缩量,低,情绪退潮,吸筹,资金观望型,资金+业绩共振(双击候选),B,关注：资金+业绩共振,64.2
603221,爱丽家居,31.29,1709.8,1.4,-10.4,1.38,31470461,48559505,-35854784,-4703920,765892,-16266708,放量,低,游资情绪,观望,趋势转多型,,D,回避：资金观望,8.5
603220,中贝通信,17.93,-60.4,0.17,-1.1,-5.77,-78564844,-101202799,-208247963,-7632534,-7665003,7957567,缩量,低,情绪退潮,观望,资金撤退型,,D,回避：资金撤退,-1.9
603222,济民健康,7.8,-73.3,1.29,-15.6,-9.33,-27773181,-12246036,-38146047,-7092281,-7705599,448389,缩量,低,情绪退潮,观望,资金观望型,,D,回避：资金观望,-3.1
603223,恒通股份,9.77,-83.1,2.13,38.3,-7.51,-25484726,-1585329,-32453736,-2957309,-190776,1006980,缩量,低,情绪退潮,观望,资金观望型,,D,回避：资金观望,-2.5
603218,日月股份,9.29,31.9,0.51,54.5,1.09,7047341,4472612,-10960619,1096652,-2600372,-3074911,缩量,低,情绪退潮,进场,资金观望型,资金+业绩共振(双击候选),B,关注：资金+业绩共振,72.4
603228,景旺电子,104.26,-24.2,0.9,50.1,-3.73,-716893950,105163562,298275096,-179682060,-165981269,151404805,缩量,低,情绪退潮,观望,资金观望型,,D,回避：资金观望,-1.2
603231,索宝蛋白,16.63,-25.9,0.82,-28.3,-2.96,-4520455,-7104539,6594727,-198709,248861,1517166,缩量,低,情绪退潮,观望,长线吸筹型,,D,回避：资金观望,-1.0
603229,奥翔药业,7.6,-69.5,0.98,-47.5,-6.71,-9913942,-9157811,11047860,-1479367,0,710183,缩量,低,情绪退潮,观望,长线吸筹型,,D,回避：资金观望,-2.2
603232,格尔软件,14.83,18.5,0.93,42.3,3.57,39811780,34639894,22028972,-6003559,-2628835,7909952,缩量,低,情绪退潮,观望,资金观望型,,D,回避：资金观望,1.2
603233,大参林,18.31,-34.5,1.43,-31.1,-3.34,-18304564,-15676877,14547724,2157811,23895,-9623124,缩量,低,情绪退潮,观望,高位分歧型,,D,回避：资金观望,-1.1
603236,移远通信,73.66,248.3,0.67,19.4,0.56,41409517,-66617644,120750356,-220677986,-161536024,225466026,放量,低,游资情绪,观望,资金观望型,,D,回避：资金观望,8.2
603235,天新药业,25.01,5.8,0.84,67.0,0.79,698475,-2343150,-2982708,0,0,-83989,缩量,低,情绪退潮,观望,资金观望型,,D,回避：资金观望,0.3
603226,菲林格尔,37.76,-1.6,1.22,20.7,7.81,129149660,109233362,23116215,1075036,-2543823,-1662922,缩量,中,主力惜售,进场,资金观望型,纯资金炒作(亏损风险),C,谨慎：纯资金炒作,26.6
603237,五芳斋,14.79,60.7,0.54,-43.1,-0.13,-212023,-14935279,-8865171,7132,-2936,-356690,放量,低,游资情绪,观望,资金观望型,,D,回避：资金观望,8.0
603255,鼎际得,32.48,106.2,1.74,-31.0,3.8,12013161,9828349,12090321,-5512437,-1230227,-2256651,放量,低,游资情绪,观望,资金观望型,,D,回避：资金观望,9.3
603257,中国瑞林,70.42,3.7,1.63,105.7,0.92,7974209,65221511,70987125,-21833520,-12634144,13244746,缩量,低,情绪退潮,观望,均衡流入型,,D,回避：资金观望,0.3
603258,电魂网络,13.1,-60.5,1.96,35.7,1.18,1672731,1055982,3159134,-286842,518330,-972689,缩量,低,情绪退潮,观望,资金观望型,,D,回避：资金观望,0.4
603261,立航科技,52.33,-23.9,4.11,1.2,-1.45,-13242468,7178770,26226819,-9760189,-7218536,10319973,缩量,低,情绪退潮,观望,资金观望型,,D,回避：资金观望,-0.5
603262,技源集团,17.84,-40.9,2.32,-26.5,-0.99,-3684141,-51292710,-31975237,-1734251,-1686165,3569134,缩量,低,情绪退潮,观望,资金观望型,,D,回避：资金观望,-0.3
603256,宏和科技,145.18,77.6,1.14,61.7,4.51,849488430,-755971000,-806373936,612526390,414781698,-522130582,放量,低,游资情绪,抢筹,资金观望型,资金+业绩共振(双击候选),B,关注：资金+业绩共振,89.5
603270,金帝股份,36.48,98.8,3.36,199.7,-2.0,-44277027,-115478519,22312674,-3059725,9027175,21505949,放量,低,游资情绪,观望,资金观望型,,D,回避：资金观望,7.3
603267,鸿远电子,50.24,-41.0,2.78,60.2,3.61,104243010,71850660,-40061601,-39670610,-25882946,39519054,缩量,低,情绪退潮,观望,资金观望型,,D,回避：资金观望,1.2
603268,松发股份,193.5,2.1,0.81,-15.4,-3.28,-198927339,-102504120,37629571,-99454970,-6904016,231872954,缩量,低,情绪退潮,观望,资金观望型,,D,回避：资金观望,-1.1
603273,天元智能,14.2,-53.5,1.8,-26.7,-1.86,-2146110,-5363813,-2066264,-148666,0,490257,缩量,低,情绪退潮,观望,资金观望型,,D,回避：资金观望,-0.6
603271,永杰新材,38.15,-64.0,0.5,-45.2,-5.87,-11820950,-13460039,-22948822,-2537456,-3452700,-2101218,缩量,低,情绪退潮,观望,资金撤退型,,D,回避：资金撤退,-2.0
603275,众辰科技,35.71,-61.1,0.5,-25.6,-3.72,-2959468,-5421591,-9511029,225323,1102948,102611,缩量,低,情绪退潮,观望,资金撤退型,,D,回避：资金撤退,-1.2
603276,恒兴新材,17.69,266.3,1.14,43.7,4.58,18618486,19638350,5363008,-7758259,-3997766,663937,放量,低,游资情绪,观望,趋势转多型,,D,回避：资金观望,9.5
603278,大业股份,8.96,-73.8,0.26,-14.5,-0.66,-1666912,2037505,-19606097,-2191736,-1100237,2108449,缩量,低,情绪退潮,观望,资金观望型,,D,回避：资金观望,-0.2
603277,银都股份,11.42,13.1,0.75,-63.9,0.51,639357,-4505672,-30195128,-920443,0,-361636,缩量,低,情绪退潮,观望,资金观望型,,D,回避：资金观望,0.2
603269,海鸥股份,25.73,89.8,1.41,1.9,-0.96,-43204500,-382785837,-488477974,70014858,47801107,-82540294,放量,低,游资情绪,抢筹,资金撤退型,机构吸筹+盈利(关注),C,谨慎：资金流入未验证业绩,47.7
603279,景津装备,11.03,-38.9,0.77,-40.6,-0.58,-2334218,-7326717,-7066432,-7542187,-4697916,2909628,缩量,低,情绪退潮,观望,资金观望型,,D,回避：资金观望,-0.2
603280,南方路机,25.8,-6.8,0.76,-30.1,-2.54,-3863013,-1068148,-3950365,-1253822,27731,524356,缩量,低,情绪退潮,观望,资金观望型,,D,回避：资金观望,-0.8
603281,江瀚新材,18.18,-82.3,1.0,-40.4,-8.81,-15031709,-13048134,-39389766,-1345181,-2249705,2759005,缩量,低,情绪退潮,观望,资金观望型,,D,回避：资金观望,-2.9
603282,亚光股份,16.06,12.7,0.6,-35.8,-2.71,-3648264,-5208088,-3062059,-154644,-283989,187073,缩量,低,情绪退潮,观望,资金观望型,,D,回避：资金观望,-0.9
603283,赛腾股份,45.93,-74.3,3.04,-35.2,-3.32,-81381910,-363634384,-412009597,7250239,-1360762,-18333394,缩量,低,情绪退潮,观望,资金撤退型,,D,回避：资金撤退,-1.1
603284,林平发展,40.4,-45.9,0.41,-32.8,-2.22,-4393136,-3277589,-9368824,-2817210,-1730917,3234029,缩量,低,情绪退潮,观望,资金观望型,,D,回避：资金观望,-0.7
603288,海天味业,33.89,-73.6,1.37,-41.3,3.18,53135714,-1561511,-543278754,-8978228,-1774217,10418038,缩量,低,情绪退潮,观望,资金观望型,,D,回避：资金观望,1.1
603289,泰瑞机器,9.44,16.2,0.27,50.0,0.72,1405955,15850021,6572559,-4546486,-2998295,4490360,缩量,低,情绪退潮,观望,趋势转多型,,D,回避：资金观望,0.2
603290,斯达半导,85.69,-67.6,1.79,-60.7,1.05,16673440,-51300378,-400992356,-2838912,-1861175,2170556,缩量,低,情绪退潮,观望,资金观望型,,D,回避：资金观望,0.4
603293,埃泰克,36.27,-31.3,0.13,11.3,-7.28,-22057444,-12146573,35722861,-4534437,-704650,2447192,缩量,低,情绪退潮,观望,高位分歧型,,D,回避：资金观望,-2.4
603297,永新光学,109.76,-61.5,0.86,-33.7,0.03,155938,5976674,68968008,-5959153,-4874135,11889448,缩量,低,情绪退潮,观望,长线吸筹型,,D,回避：资金观望,0.0
603298,杭叉集团,23.52,-48.4,1.12,-9.6,-1.46,-8792855,-11350978,-8807626,-3326866,-5117542,4990211,缩量,低,情绪退潮,观望,资金观望型,,D,回避：资金观望,-0.5
603286,日盈电子,43.55,2.2,0.5,1.7,-1.84,-12855920,11173455,101617146,14844808,16324825,-7671844,缩量,低,情绪退潮,吸筹,高位分歧型,纯资金炒作(亏损风险),C,谨慎：纯资金炒作,3.4
603300,海南华铁,4.59,-65.3,0.53,-8.2,1.68,9195472,-34727815,-59062827,-1233484,-3656088,-2367160,缩量,低,情绪退潮,观望,资金观望型,,D,回避：资金观望,0.6
603301,振德医疗,81.74,-46.8,0.82,-12.8,-4.12,-21702907,-297246,-14257286,-4365105,-664295,5596660,缩量,低,情绪退潮,观望,资金观望型,,D,回避：资金观望,-1.4
603291,联合水务,8.88,60.8,0.65,85.5,8.14,45050896,48845046,40980637,-9409491,282167,9786996,放量,中,主力偏强放量,进场,趋势转多型,资金+业绩共振(双击候选),B,关注：资金+业绩共振,90.7
603285,键邦股份,38.0,31.4,0.8,31.5,9.45,163452750,223840792,251468244,5495460,-14422742,-202891,缩量,中,主力惜售,进场,主力强攻型,资金+业绩共振(双击候选),B,关注：资金+业绩共振,87.2
603296,华勤技术,79.5,-51.5,1.48,-33.4,1.37,63164162,-362191077,-104417906,47494095,84000186,20374857,缩量,低,情绪退潮,进场,资金观望型,资金+业绩共振(双击候选),B,关注：资金+业绩共振,72.5
603305,旭升集团,10.76,-33.9,0.57,-0.1,-3.2,-22753524,-61777780,-87697385,13430165,9359573,628330,缩量,低,情绪退潮,观望,资金撤退型,,D,回避：资金撤退,-1.1
603299,苏盐井神,8.65,-54.3,0.45,-40.7,0.07,116206,1379600,14020559,1467736,-796720,-2824439,缩量,低,情绪退潮,进场,长线吸筹型,资金+业绩共振(双击候选),B,关注：资金+业绩共振,72.0
603307,扬州金泉,24.28,0.1,1.33,-42.9,-2.7,-2462423,-2782581,-1747220,-645878,-606198,-448905,缩量,低,情绪退潮,观望,资金观望型,,D,回避：资金观望,-0.9
603308,应流股份,41.5,-5.7,0.54,24.4,-4.51,-257682836,-114393197,-129780934,24448699,11162163,-32138852,缩量,低,情绪退潮,观望,资金观望型,,D,回避：资金观望,-1.5
603309,维力医疗,10.76,-63.5,0.42,-33.9,-13.7,-16881605,-21944008,-31366228,2957960,-224208,-1489969,缩量,低,情绪退潮,观望,资金撤退型,,D,回避：资金撤退,-4.6
603303,得邦照明,27.27,-37.8,2.99,16.5,15.53,54151573,81121001,118135936,-6934227,-2772675,1092332,缩量,高,主力控盘,控盘,主力强攻型,控盘+盈利(稳健),B,关注：控盘稳健+盈利,73
603310,巍华新材,14.74,-64.2,1.59,4.0,-1.89,-2019880,279636,-9363936,-165468,0,107329,缩量,低,情绪退潮,观望,资金观望型,,D,回避：资金观望,-0.6
603311,金海高科,25.0,-56.6,0.79,192.7,3.55,31980567,122312504,66851949,-1512016,3221164,1313954,缩量,低,情绪退潮,观望,趋势转多型,,D,回避：资金观望,1.2
603313,梦百合,6.75,-48.6,5.61,11.2,1.2,7401802,38657899,51910747,-2241292,1450402,1682843,缩量,低,情绪退潮,观望,均衡流入型,,D,回避：资金观望,0.4
603317,天味食品,12.66,-82.2,2.49,-34.3,-1.61,-5427911,-28200387,-89990541,-1490787,-620133,-2110389,缩量,低,情绪退潮,观望,资金撤退型,,D,回避：资金撤退,-0.5
603306,华懋科技,80.41,-31.7,0.69,-1.6,2.95,115449108,227313460,528732059,21870623,13216310,-29393868,缩量,低,情绪退潮,进场,主力建仓型,资金+业绩共振(双击候选),B,关注：资金+业绩共振,73.0
603315,福鞍股份,10.69,-57.2,0.16,-26.6,-6.75,-18815414,-38645366,-35515527,-476043,627848,-1192257,缩量,低,情绪退潮,观望,资金观望型,,D,回避：资金观望,-2.2
603318,水发燃气,8.97,24.3,1.06,6.0,1.57,65300976,23593275,140118221,-46961225,-36445283,34632611,缩量,低,情绪退潮,观望,资金观望型,,D,回避：资金观望,0.5
603320,迪贝电气,17.8,-35.9,0.48,-46.5,-1.66,-2961878,1874716,29022975,24347,58093,2162609,缩量,低,情绪退潮,观望,高位分歧型,,D,回避：资金观望,-0.6
603319,美湖股份,28.46,-50.1,0.7,-41.7,-0.91,-11260028,-100210421,133633294,2158986,5752555,-10260754,缩量,低,情绪退潮,观望,长线吸筹型,,D,回避：资金观望,-0.3
603321,梅轮电梯,6.76,113.8,1.05,390.9,-2.42,-9756778,12944880,14867728,-6319054,-552890,5123289,放量,低,游资情绪,观望,资金观望型,,D,回避：资金观望,7.2
603312,西典新能,31.29,-52.9,0.6,-6.2,-0.26,-253498,7235045,13771438,809046,501132,-308585,缩量,低,情绪退潮,吸筹,高位分歧型,机构吸筹+盈利(关注),C,谨慎：资金流入未验证业绩,23.9
603322,超讯科技,31.9,26.6,0.36,260.8,1.42,21367331,21994339,-7028004,-139519,5896186,2831433,缩量,低,情绪退潮,观望,趋势转多型,,D,回避：资金观望,0.5
603324,盛剑科技,26.18,-75.4,3.4,-21.6,-0.54,-1887494,1397184,16611328,-1932131,1826258,4911013,缩量,低,情绪退潮,观望,高位分歧型,,D,回避：资金观望,-0.2
603326,我乐家居,7.31,-13.7,0.93,-31.3,-1.52,-1888361,386491,-8274910,-1098374,1234874,1488882,缩量,低,情绪退潮,观望,资金观望型,,D,回避：资金观望,-0.5
603316,诚邦股份,15.17,19.0,2.33,309.6,6.0,143967022,202950535,165164253,1491850,3027933,4419065,缩量,中,主力惜售,进场,短线抢筹型,纯资金炒作(亏损风险),C,谨慎：纯资金炒作,26.0
603325,博隆技术,51.83,-79.2,0.44,-57.5,-0.5,-229253,-169992,5667932,-612468,0,28743,缩量,低,情绪退潮,观望,长线吸筹型,,D,回避：资金观望,-0.2
603327,福蓉科技,8.38,-65.7,0.9,-56.3,-5.02,-29064075,-105438602,-131027188,2854806,2014573,400798,缩量,低,情绪退潮,观望,资金撤退型,,D,回避：资金撤退,-1.7
603328,依顿电子,13.5,354.9,0.36,427.8,2.1,125857452,204617667,128310915,-26268877,-32106799,21443595,放量,低,游资情绪,观望,趋势转多型,,D,回避：资金观望,8.7
603330,天洋新材,9.26,67.3,3.25,-46.0,-4.13,-81246441,81816192,226468411,-10409422,-3936406,21696230,放量,低,游资情绪,观望,高位分歧型,,D,回避：资金观望,6.6
603323,苏农银行,4.46,18.4,1.13,-14.6,-0.3,-2470204,-2612519,-87010030,14067220,13080326,-6691003,缩量,低,情绪退潮,吸筹,资金撤退型,机构吸筹+盈利(关注),C,谨慎：资金流入未验证业绩,23.9
603332,苏州龙杰,11.44,16.3,0.15,-21.0,-1.09,-2159627,-4826038,-19170941,3550790,146590,344361,缩量,低,情绪退潮,观望,资金撤退型,,D,回避：资金撤退,-0.4
603334,丰倍生物,30.22,-49.6,0.87,-35.6,-1.34,-1620474,1933630,-11904110,1799667,-122595,-3253665,缩量,低,情绪退潮,观望,资金观望型,,D,回避：资金观望,-0.4
603333,福华尚纬,9.47,-54.0,1.59,-62.5,3.22,15155492,-20831755,52122051,-2918425,-690690,3847357,缩量,低,情绪退潮,观望,资金观望型,,D,回避：资金观望,1.1
603329,上海雅仕,9.92,-43.9,2.44,-44.0,0.4,467395,-3611445,-7660050,1214701,500434,-11662,缩量,低,情绪退潮,吸筹,资金观望型,资金+业绩共振(双击候选),B,关注：资金+业绩共振,64.1
603331,百达精工,12.53,-24.2,0.9,91.5,6.59,22133701,41409874,32741993,-2725553,-622303,4520673,缩量,中,主力惜售,进场,短线抢筹型,纯资金炒作(亏损风险),C,谨慎：纯资金炒作,26.2
603341,龙旗科技,35.14,-77.2,1.99,-0.4,-8.7,-72231979,-76106077,-129297115,-4025012,-2609621,4400174,缩量,低,情绪退潮,观望,资金撤退型,,D,回避：资金撤退,-2.9
603344,星德胜,23.9,94.1,1.34,33.2,-1.48,-9997192,-6970655,12712036,1651598,-705998,9946432,放量,低,游资情绪,观望,资金观望型,,D,回避：资金观望,7.5
603345,安井食品,74.43,-16.2,1.24,-24.0,1.67,30982984,-70613407,44475301,-3992244,-27358227,-13961466,缩量,低,情绪退潮,观望,资金观望型,,D,回避：资金观望,0.6
603337,杰克科技,36.1,-71.3,1.8,-35.9,-1.55,-5101151,-8933605,19746611,5850358,5257345,-3102913,缩量,低,情绪退潮,吸筹,长线吸筹型,机构吸筹+盈利(关注),C,谨慎：资金流入未验证业绩,23.5
603336,宏辉果蔬,10.0,32.3,0.77,70.8,4.22,85419899,28744747,61614108,9270336,4825414,-20265753,缩量,低,情绪退潮,进场,资金观望型,资金+业绩共振(双击候选),B,关注：资金+业绩共振,73.4
603350,安乃达,27.68,-61.0,0.43,19.3,0.33,215610,678386,-3687298,-1203136,-928307,1085028,缩量,低,情绪退潮,观望,趋势转多型,,D,回避：资金观望,0.1
603348,文灿股份,13.96,-36.6,0.75,-7.5,-5.13,-6738068,-5350957,-3288314,-679590,-551767,4457852,缩量,低,情绪退潮,观望,资金观望型,,D,回避：资金观望,-1.7
603338,浙江鼎力,53.87,-63.5,1.99,-40.8,-1.35,-8885867,-13415057,-42234746,6692266,4809757,-4672979,缩量,低,情绪退潮,吸筹,资金撤退型,机构吸筹+盈利(关注),C,谨慎：资金流入未验证业绩,23.6
603339,四方科技,12.75,-46.2,2.65,-31.3,-1.04,-4648938,-107389663,-129338617,7885679,6797614,-5380708,缩量,低,情绪退潮,吸筹,资金撤退型,机构吸筹+盈利(关注),C,谨慎：资金流入未验证业绩,23.7
603356,华菱精工,16.56,-63.9,0.91,-28.4,-3.15,-3803045,-16988687,-33020085,-1253621,-1337605,1962273,缩量,低,情绪退潮,观望,资金撤退型,,D,回避：资金撤退,-1.1
603357,设计总院,5.84,-56.6,0.66,-16.8,-5.96,-4717892,-5002658,-3116845,-338305,0,307840,缩量,低,情绪退潮,观望,资金观望型,,D,回避：资金观望,-2.0
603351,威尔药业,25.62,-60.4,1.91,-40.7,1.35,1297503,-2718701,-1357311,20489,0,221489,缩量,低,情绪退潮,进场,资金观望型,资金+业绩共振(双击候选),B,关注：资金+业绩共振,72.5
603352,至信股份,25.14,-50.4,0.76,-22.4,-7.77,-6804574,-8969322,-10898892,2365441,3065941,-2258167,缩量,低,情绪退潮,吸筹,资金撤退型,机构吸筹+盈利(关注),C,谨慎：资金流入未验证业绩,21.4
603360,百傲化学,12.33,-51.8,0.6,-25.7,-3.05,-17688537,-33190748,-13430410,-4209010,-1108812,7818803,缩量,低,情绪退潮,观望,资金观望型,,D,回避：资金观望,-1.0
603353,和顺石油,44.14,200.7,1.06,184.4,8.04,194641852,378353048,425035027,23635328,14909657,-26791279,放量,中,主力偏强放量,进场,主力强攻型,纯资金炒作(亏损风险),C,谨慎：纯资金炒作,30.7
603355,莱克电气,30.0,46.5,0.74,41.6,3.73,21591355,64544812,77471446,2513790,1273722,-6003594,缩量,低,情绪退潮,进场,主力建仓型,资金+业绩共振(双击候选),B,关注：资金+业绩共振,73.2
603363,傲农生物,2.89,-8.7,0.41,71.6,-4.17,-22818858,25455794,60017002,96519,-674734,-10750707,缩量,低,情绪退潮,观望,资金观望型,,D,回避：资金观望,-1.4
603365,水星家纺,16.03,-52.2,1.02,-51.3,-0.56,-540569,-690011,10340332,-585705,-148800,2077788,缩量,低,情绪退潮,观望,长线吸筹型,,D,回避：资金观望,-0.2
603367,辰欣药业,13.78,-79.0,2.47,-57.3,-6.06,-17300569,-33031474,-47658807,-5302933,-6615234,4452089,缩量,低,情绪退潮,观望,资金撤退型,,D,回避：资金撤退,-2.0
603358,华达科技,44.19,-0.6,1.32,-24.8,2.68,46482262,-55788444,299372997,14427418,4195838,-20060372,缩量,低,情绪退潮,进场,资金观望型,资金+业绩共振(双击候选),B,关注：资金+业绩共振,72.9
603368,柳药集团,15.28,-59.3,1.59,-21.0,-3.14,-8480078,-17128341,-51698862,1436849,-582549,152572,缩量,低,情绪退潮,观望,资金撤退型,,D,回避：资金撤退,-1.0
603369,今世缘,27.31,-40.3,1.41,-22.9,-7.76,-88014209,-70997311,-42996841,-14907710,-12451330,14438812,缩量,低,情绪退潮,观望,资金观望型,,D,回避：资金观望,-2.6
603373,安邦护卫,40.22,-42.9,2.04,-17.4,0.1,309877,-14235899,1242419,-2199343,-5923554,-2134328,缩量,低,情绪退潮,观望,资金观望型,,D,回避：资金观望,0.0
603370,华新精科,27.07,-14.7,0.92,165.0,-3.91,-5154485,-26198725,-35793669,-1141180,0,3921405,缩量,低,情绪退潮,观望,资金撤退型,,D,回避：资金撤退,-1.3
603375,盛景微,46.99,0.4,1.09,42.9,-3.35,-19230188,16664348,44783763,-11084929,-3284402,13277349,缩量,低,情绪退潮,观望,高位分歧型,,D,回避：资金观望,-1.1
603366,日出东方,6.89,17.6,1.0,24.6,6.19,84666159,87763026,126199992,-2109736,4360822,7939764,缩量,中,主力惜售,进场,均衡流入型,资金+业绩共振(双击候选),B,关注：资金+业绩共振,86.1
603376,大明电子,26.3,90.8,1.15,-7.8,-0.86,-4511858,-32846057,30775166,1692733,-66629,2347674,放量,低,游资情绪,观望,长线吸筹型,,D,回避：资金观望,7.7
603381,永臻股份,14.37,-1.4,0.36,-40.9,-4.39,-8977647,-15895967,-6808583,-16500,547939,-8635515,缩量,低,情绪退潮,观望,资金观望型,,D,回避：资金观望,-1.5
603380,易德龙,33.96,-71.0,2.17,-9.8,-5.16,-23340304,-50309839,-66046713,-3810401,-1184348,4200703,缩量,低,情绪退潮,观望,资金撤退型,,D,回避：资金撤退,-1.7
603379,三美股份,51.18,-76.9,2.56,-27.3,-7.75,-130858087,-174730638,-287758843,-6800751,-6764741,19003477,缩量,低,情绪退潮,观望,资金撤退型,,D,回避：资金撤退,-2.6
603382,海阳科技,18.47,-42.4,1.95,-61.3,-3.38,-4633201,-7409691,-59051019,-1260019,0,482884,缩量,低,情绪退潮,观望,资金撤退型,,D,回避：资金撤退,-1.1
603383,顶点软件,26.64,-78.6,0.64,-8.1,-0.38,-1134493,9758099,-23271951,2555678,1062059,343446,缩量,低,情绪退潮,观望,资金观望型,,D,回避：资金观望,-0.1
603385,惠达卫浴,5.49,-26.6,0.82,-24.3,-0.14,-145611,-868333,-6447259,-866943,0,1161955,缩量,低,情绪退潮,观望,资金撤退型,,D,回避：资金撤退,-0.0
603386,骏亚科技,17.61,123.0,3.21,511.6,1.4,51796443,35163304,8464386,-36638138,-25341521,64999960,放量,低,游资情绪,观望,资金观望型,,D,回避：资金观望,8.5
603387,基蛋生物,9.48,-9.1,0.77,-39.9,-3.03,-8506757,-21667467,-32060491,3518544,53305,-1224731,缩量,低,情绪退潮,观望,资金撤退型,,D,回避：资金撤退,-1.0
603389,亚振家居,48.11,-30.6,1.48,13.1,1.91,12015640,15008727,-12045604,-735048,-4823723,-1006659,缩量,低,情绪退潮,观望,趋势转多型,,D,回避：资金观望,0.6
603392,万泰生物,24.97,-39.1,1.37,-55.6,-2.38,-14972682,-5125221,176594581,-7794485,704546,6200130,缩量,低,情绪退潮,观望,长线吸筹型,,D,回避：资金观望,-0.8
603391,力聚热能,66.3,-17.3,1.25,-6.1,-1.69,-9549370,12030773,49940109,2025402,2623334,-8409175,缩量,低,情绪退潮,观望,高位分歧型,,D,回避：资金观望,-0.6
603393,新天然气,24.88,-33.9,0.69,-20.8,0.93,8185542,4937640,-41534697,-15404633,-12899818,10538266,缩量,低,情绪退潮,观望,资金观望型,,D,回避：资金观望,0.3
603395,红四方,25.05,281.6,0.98,-34.1,-6.32,-72277103,74218343,97521906,16783496,3842152,-32706401,放量,低,游资情绪,观望,资金观望型,,D,回避：资金观望,5.9
603399,永杉锂业,13.83,-67.3,1.37,-53.2,-0.69,-12362404,-153533466,-372014516,-4372110,-2396436,-11221137,缩量,低,情绪退潮,观望,资金撤退型,,D,回避：资金撤退,-0.2
603390,通达电气,10.96,187.3,0.34,342.4,1.84,20940324,75091250,71195442,14107430,6420379,-16553244,放量,低,游资情绪,抢筹,趋势转多型,资金+业绩共振(双击候选),B,关注：资金+业绩共振,88.6
603402,陕西旅游,58.35,24.2,0.63,-17.1,-9.57,-75555871,-146038882,-95232962,1147033,-2089316,-3492814,缩量,低,情绪退潮,观望,资金观望型,,D,回避：资金观望,-3.2
603400,华之杰,54.67,-100.0,1.28,6.7,3.03,28355680,98002319,200090350,0,0,0,缩量,低,情绪退潮,观望,主力建仓型,,D,回避：资金观望,1.0
603406,天富龙,27.65,360.8,0.75,-22.8,-0.92,-4616760,-5809702,-17683525,-16383801,-3687330,23604720,放量,低,游资情绪,观望,资金撤退型,,D,回避：资金撤退,7.7
603409,汇通控股,17.41,-54.4,0.37,-39.5,-3.48,-3358727,-4536202,-14255745,135354,74820,792094,缩量,低,情绪退潮,观望,资金撤退型,,D,回避：资金撤退,-1.2
603421,鼎信通讯,7.01,657.6,0.36,711.5,3.69,114010883,145545596,128440882,-20512926,-8245530,15988610,放量,低,游资情绪,观望,趋势转多型,,D,回避：资金观望,9.2
603396,金辰股份,26.94,106.8,0.58,-47.9,-4.63,-22848610,-53932384,76677034,16165701,9054636,-24928378,放量,低,游资情绪,抢筹,长线吸筹型,机构吸筹+盈利(关注),C,谨慎：资金流入未验证业绩,46.5
603439,三力制药,13.19,346.4,6.75,151.5,0.14,4220122,6180246,-79338893,-31297698,-36217540,34836125,放量,低,游资情绪,观望,趋势转多型,,D,回避：资金观望,8.0
603408,建霖家居,11.74,22.8,0.82,-54.6,1.97,3114484,2160137,-6329899,661095,-685787,-1796249,缩量,低,情绪退潮,进场,资金观望型,资金+业绩共振(双击候选),B,关注：资金+业绩共振,72.7
603416,信捷电气,46.73,-56.9,2.45,-31.1,2.77,8275035,3655720,13743145,10586530,4013353,-6151051,缩量,低,情绪退潮,进场,资金观望型,资金+业绩共振(双击候选),B,关注：资金+业绩共振,72.9
603444,XD吉比特,352.06,-45.7,0.83,26.6,-4.98,-105122648,-228976741,-391483753,-27651481,-22521934,37526107,缩量,低,情绪退潮,观望,资金撤退型,,D,回避：资金撤退,-1.7
603418,友升股份,45.92,73.6,1.19,96.2,-0.07,-198461,21406755,21729431,9395679,5332601,-5862986,放量,低,游资情绪,抢筹,资金观望型,机构吸筹+盈利(关注),C,谨慎：资金流入未验证业绩,48.0
603456,九洲药业,15.48,-7.2,1.71,-32.6,-3.27,-41933581,-44863597,-41197712,-7925984,-8250076,-6624498,缩量,低,情绪退潮,观望,资金观望型,,D,回避：资金观望,-1.1
603459,红板科技,88.08,-50.9,1.19,-7.2,0.86,44172521,-19561059,-83660960,-122643221,-91114703,90056060,缩量,低,情绪退潮,观望,资金观望型,,D,回避：资金观望,0.3
603477,巨星农牧,14.64,-55.2,0.85,18.0,-5.93,-41487977,-39964030,-69048683,3609814,7103329,-9696644,缩量,低,情绪退潮,观望,资金观望型,,D,回避：资金观望,-2.0
603488,展鹏科技,7.9,-60.2,1.07,27.3,-7.8,-22224469,-20400764,-39531550,-786253,286141,1480065,缩量,低,情绪退潮,观望,资金观望型,,D,回避：资金观望,-2.6
603489,八方股份,28.84,10.2,0.3,1.7,-1.79,-6642017,-6770599,4755563,1666422,-574072,-5374009,缩量,低,情绪退潮,观望,资金观望型,,D,回避：资金观望,-0.6
603466,风语筑,12.85,24.6,1.59,46.2,4.04,218713154,377807007,412323484,9145160,-26775072,-38664882,缩量,低,情绪退潮,进场,主力建仓型,纯资金炒作(亏损风险),C,谨慎：纯资金炒作,13.3
603486,科沃斯,49.28,-45.3,0.88,-43.9,-0.76,-7916362,-36457368,-191865165,489463,-8606837,-15836059,缩量,低,情绪退潮,观望,资金撤退型,,D,回避：资金撤退,-0.3
603458,勘设股份,10.89,-17.9,1.01,35.4,7.77,57141767,115703478,56181620,-11514984,-11389479,2240093,缩量,中,主力惜售,进场,短线抢筹型,纯资金炒作(亏损风险),C,谨慎：纯资金炒作,26.6
603496,XD恒为科,22.75,-80.3,0.5,-15.9,-1.94,-16384815,-39968455,-123283466,-3129765,-2881853,3669401,缩量,低,情绪退潮,观望,资金撤退型,,D,回避：资金撤退,-0.6
603499,翔港科技,13.68,-39.8,0.58,28.4,-11.35,-33518935,-24850587,-9711592,-381225,-1163397,3713662,缩量,低,情绪退潮,观望,高位分歧型,,D,回避：资金观望,-3.8
603500,祥和实业,9.1,-77.9,2.52,-33.6,-3.27,-5275570,-22421488,-30329094,-633648,434835,1902819,缩量,低,情绪退潮,观望,资金撤退型,,D,回避：资金撤退,-1.1
603505,金石资源,15.01,-77.3,2.46,-18.1,-5.38,-36742017,-60811158,-44653717,2729973,-2512729,-3392245,缩量,低,情绪退潮,观望,资金观望型,,D,回避：资金观望,-1.8
603506,南都物业,11.44,33.6,1.01,-51.9,-2.64,-4597873,-9281355,-15032469,1261728,72543,-3280139,缩量,低,情绪退潮,观望,资金撤退型,,D,回避：资金撤退,-0.9
603508,思维列控,20.88,-66.9,1.49,-23.1,-2.32,-5082577,-1721905,-17320462,-6220223,-1380703,3448758,缩量,低,情绪退潮,观望,资金观望型,,D,回避：资金观望,-0.8
603515,欧普照明,14.6,-43.8,0.47,-36.7,0.36,301854,-3329283,-5426688,-1074049,-802779,1060410,缩量,低,情绪退潮,观望,资金观望型,,D,回避：资金观望,0.1
603511,爱慕股份,11.93,-21.7,1.14,-25.9,-3.74,-2906221,-5519285,-10090112,622370,0,716849,缩量,低,情绪退潮,观望,资金撤退型,,D,回避：资金撤退,-1.2
603516,淳中科技,85.58,-62.8,0.77,-34.0,-3.98,-65095290,-161272958,-311711530,-10051538,-10612052,-4651294,缩量,低,情绪退潮,观望,资金撤退型,,D,回避：资金撤退,-1.3
603501,豪威集团,78.62,-79.4,1.73,-14.0,-3.53,-148667758,-310559634,-1302522153,38215790,15245795,-12961837,缩量,低,情绪退潮,吸筹,资金撤退型,机构吸筹+盈利(关注),C,谨慎：资金流入未验证业绩,22.8
603507,振江股份,23.98,92.6,0.34,23.6,0.93,11691416,-24222605,-11958204,39107188,20341197,-54640174,放量,低,游资情绪,抢筹,资金观望型,资金+业绩共振(双击候选),B,关注：资金+业绩共振,88.3
603518,锦泓集团,7.59,-20.3,1.2,-16.1,-9.92,-25617540,-24669534,-35563487,-2521145,-436150,2720604,缩量,低,情绪退潮,观望,资金观望型,,D,回避：资金观望,-3.3
603519,立霸股份,15.44,-35.7,2.48,-67.0,-2.89,-9315267,-9671590,5230020,4934457,444686,-6581753,缩量,低,情绪退潮,观望,资金观望型,,D,回避：资金观望,-1.0
603530,神马电力,43.5,-26.1,0.43,-6.2,3.78,29374480,44259661,116945406,-12004323,-1718399,15177116,缩量,低,情绪退潮,观望,均衡流入型,,D,回避：资金观望,1.3
603520,司太立,8.38,-71.3,0.64,-21.8,-3.14,-7652662,-23497857,-34958563,-457389,-127926,2545664,缩量,低,情绪退潮,观望,资金撤退型,,D,回避：资金撤退,-1.0
603527,众源新材,9.78,-43.8,0.61,24.4,-5.48,-19330586,-21442259,-59315381,-5694142,-3150705,3836074,缩量,低,情绪退潮,观望,资金撤退型,,D,回避：资金撤退,-1.8
603529,爱玛科技,21.53,-54.5,0.4,-34.1,3.71,16643421,17348374,-36924754,-672861,-403151,-2661479,缩量,低,情绪退潮,观望,趋势转多型,,D,回避：资金观望,1.2
603538,美诺华,25.95,-65.2,0.65,-28.2,-6.39,-192856302,101404493,-250508707,-1291241,3890939,-10823219,缩量,低,情绪退潮,观望,资金观望型,,D,回避：资金观望,-2.1
603535,嘉诚国际,6.13,-41.1,1.12,-19.3,-1.89,-2173929,-2163523,-3317295,745578,0,-543689,缩量,低,情绪退潮,观望,资金观望型,,D,回避：资金观望,-0.6
603556,海兴电力,22.94,-79.9,0.88,-33.2,-5.96,-23255533,-44739771,-136937554,495040,-1418005,947281,缩量,低,情绪退潮,观望,资金撤退型,,D,回避：资金撤退,-2.0
603533,掌阅科技,23.43,10.3,0.87,9.8,1.44,49972427,-751722,497554195,55716315,28132009,-93498810,缩量,低,情绪退潮,进场,长线吸筹型,纯资金炒作(亏损风险),C,谨慎：纯资金炒作,12.5
603528,多伦科技,6.48,42.0,1.49,25.8,6.6,23965458,27357605,13323450,9380660,5146221,-12335873,缩量,中,主力惜售,进场,趋势转多型,纯资金炒作(亏损风险),C,谨慎：纯资金炒作,26.2
603559,中通国脉,9.08,-0.5,5.34,-31.8,-5.73,-34164631,-82134785,-80141750,2065586,1406949,-5047323,缩量,低,情绪退潮,观望,资金观望型,,D,回避：资金观望,-1.9
603565,中谷物流,11.51,10.6,0.51,-49.8,-2.76,-30259404,-13652921,-174209749,1366184,-453068,5442895,缩量,低,情绪退潮,观望,资金观望型,,D,回避：资金观望,-0.9
603536,惠发食品,9.65,7.1,1.38,119.4,0.93,2724432,11364382,6990199,3805591,2268161,-554245,缩量,低,情绪退潮,吸筹,趋势转多型,纯资金炒作(亏损风险),C,谨慎：纯资金炒作,4.3
603567,珍宝岛,5.31,-82.6,4.14,-55.1,-6.64,-26924813,-52984634,-18364225,-434865,412434,169029,缩量,低,情绪退潮,观望,长线吸筹型,,D,回避：资金观望,-2.2
603551,奥普科技,9.23,-35.2,0.91,-38.3,0.67,549863,1553119,-4747184,719957,0,711207,缩量,低,情绪退潮,进场,趋势转多型,资金+业绩共振(双击候选),B,关注：资金+业绩共振,72.2
603569,长久物流,5.75,-8.3,0.63,-27.4,-2.23,-2042414,1096672,5778387,570260,0,-1628217,缩量,低,情绪退潮,观望,高位分歧型,,D,回避：资金观望,-0.7
603568,伟明环保,13.38,-43.9,0.55,-32.6,-1.82,-8695885,-14174476,-28604608,-2495299,-2070959,-13311155,缩量,低,情绪退潮,观望,资金撤退型,,D,回避：资金撤退,-0.6
603566,普莱柯,10.11,-40.3,0.96,0.3,1.54,1909522,3046764,235280,904524,0,-464424,缩量,低,情绪退潮,进场,趋势转多型,资金+业绩共振(双击候选),B,关注：资金+业绩共振,72.5
603558,健盛集团,13.37,144.5,0.35,22.4,-0.14,-517583,-3551647,-10530391,16682482,5456474,-19411326,放量,低,游资情绪,抢筹,资金撤退型,机构吸筹+盈利(关注),C,谨慎：资金流入未验证业绩,48.0
603585,苏利股份,10.46,-18.1,0.12,-13.8,-3.25,-6972880,-12175721,9066513,-2569926,-2334635,6231861,缩量,低,情绪退潮,观望,长线吸筹型,,D,回避：资金观望,-1.1
603586,金麒麟,13.46,-25.4,0.17,-25.5,-5.44,-4776715,-9217913,-12446893,-761940,-811559,1214501,缩量,低,情绪退潮,观望,资金撤退型,,D,回避：资金撤退,-1.8
603578,三星新材,14.05,-27.0,0.6,4.2,5.82,17721430,14103631,30408618,-324009,-747847,278677,缩量,中,主力惜售,进场,资金观望型,纯资金炒作(亏损风险),C,谨慎：纯资金炒作,25.9
603580,艾艾精工,62.32,22.4,7.29,-41.0,2.66,60803205,81524287,-55057715,13229366,-1546718,-11146956,缩量,低,情绪退潮,进场,趋势转多型,资金+业绩共振(双击候选),B,关注：资金+业绩共振,72.9
603587,地素时尚,12.12,43.4,0.44,4.2,-2.59,-4411292,-20159827,-28335305,103750,0,7614,缩量,低,情绪退潮,观望,资金撤退型,,D,回避：资金撤退,-0.9
603588,高能环境,15.64,-45.4,1.33,-24.6,-0.49,-16727118,-28712869,595215069,-103070376,-81477976,72169233,缩量,低,情绪退潮,观望,长线吸筹型,,D,回避：资金观望,-0.2
603590,康辰药业,28.55,-75.6,1.11,-67.0,-7.18,-11392125,-13982692,-21672617,-481081,-582348,1494483,缩量,低,情绪退潮,观望,资金撤退型,,D,回避：资金撤退,-2.4
603579,荣泰健康,17.1,-30.3,0.78,-22.4,3.36,5204587,10413663,16996432,1048365,1309836,6061211,缩量,低,情绪退潮,进场,主力建仓型,资金+业绩共振(双击候选),B,关注：资金+业绩共振,73.1
603583,捷昌驱动,26.61,38.2,1.01,-11.5,1.2,6792920,-22840936,17115902,23919440,18678935,-19847855,缩量,低,情绪退潮,进场,长线吸筹型,资金+业绩共振(双击候选),B,关注：资金+业绩共振,72.4
603596,伯特利,28.51,-19.5,1.07,-22.0,-1.39,-25406124,-291553192,-212210976,16678489,-18754,-21573103,缩量,低,情绪退潮,观望,资金观望型,,D,回避：资金观望,-0.5
603599,广信股份,10.51,-36.7,0.54,16.0,-9.26,-51898997,72546958,102534609,2710935,-2102216,-2852330,缩量,低,情绪退潮,观望,资金观望型,,D,回避：资金观望,-3.1
603598,引力传媒,17.19,-30.6,0.65,12.2,-3.21,-25959799,31375590,67767837,7292170,3893794,-24626046,缩量,低,情绪退潮,观望,资金观望型,,D,回避：资金观望,-1.1
603600,永艺股份,10.13,-3.3,1.02,19.2,-9.86,-26845408,11245161,-17731820,959143,2582875,620344,缩量,低,情绪退潮,观望,资金观望型,,D,回避：资金观望,-3.3
603602,纵横通信,11.39,-44.2,1.05,-14.3,-2.13,-2926531,-5294660,-5705901,-1473734,0,1531338,缩量,低,情绪退潮,观望,资金撤退型,,D,回避：资金撤退,-0.7
603589,口子窖,17.35,-65.8,1.3,61.4,-1.38,-6922947,-21348091,-10345853,300539,2516224,-160064,缩量,低,情绪退潮,吸筹,资金观望型,机构吸筹+盈利(关注),C,谨慎：资金流入未验证业绩,23.5
603605,珀莱雅,55.65,-6.2,1.22,-46.4,-2.84,-33168295,-79616186,-138418404,-11349051,-9075446,-11440101,缩量,低,情绪退潮,观望,资金撤退型,,D,回避：资金撤退,-0.9
603606,东方电缆,35.52,-25.4,0.62,46.3,-0.01,-345284,75254963,-318941015,-11934843,-6691705,5616911,缩量,低,情绪退潮,观望,资金观望型,,D,回避：资金观望,-0.0
603609,禾丰股份,6.4,10.0,0.99,127.5,-4.92,-7662985,-39452718,-40536163,2616658,236109,-2190860,缩量,低,情绪退潮,观望,资金撤退型,,D,回避：资金撤退,-1.6
603608,天创时尚,21.21,-36.6,1.85,-3.4,-1.64,-20001118,102467808,185206146,38627842,27696068,-38898486,缩量,低,情绪退潮,观望,高位分歧型,,D,回避：资金观望,-0.5
603601,再升科技,10.02,54.5,0.26,200.7,7.4,697886874,587050470,556491743,-86005587,-52699933,61491958,放量,中,主力偏强放量,进场,资金观望型,资金+业绩共振(双击候选),B,关注：资金+业绩共振,90.5
603611,诺力股份,15.75,-62.5,0.94,-49.0,-7.12,-9163462,-12120745,-24207135,-19937,0,-847402,缩量,低,情绪退潮,观望,资金撤退型,,D,回避：资金撤退,-2.4
603610,麒盛科技,13.48,-71.7,2.36,-32.2,-6.21,-16886171,-28068721,-67060697,-2679621,-4286158,313046,缩量,低,情绪退潮,观望,资金撤退型,,D,回避：资金撤退,-2.1
603612,索通发展,16.4,-34.1,0.46,-2.7,-1.9,-16764780,-5815449,42037568,-1280142,-7769999,2845165,缩量,低,情绪退潮,观望,高位分歧型,,D,回避：资金观望,-0.6
603616,韩建河山,5.58,-69.2,1.33,12.3,-2.59,-6734247,-13820366,-2781974,-1843088,-1620813,2710358,缩量,低,情绪退潮,观望,资金观望型,,D,回避：资金观望,-0.9
603617,君禾股份,6.74,-55.2,1.47,-16.9,-1.6,-2570083,-2462157,-7915067,-85989,0,-1192378,缩量,低,情绪退潮,观望,资金观望型,,D,回避：资金观望,-0.5
603607,京华激光,25.0,165.8,1.6,89.4,3.35,35448019,37121737,53120806,15682810,36499403,6888852,放量,低,游资情绪,抢筹,均衡流入型,资金+业绩共振(双击候选),B,关注：资金+业绩共振,89.1
603619,中曼石油,21.12,-9.3,1.04,9.0,2.44,118156528,50580523,14473841,-38165175,-14782787,67146891,缩量,低,情绪退潮,观望,资金观望型,,D,回避：资金观望,0.8
603618,杭电股份,38.63,58.6,0.83,26.1,-2.26,-454222884,-393813434,863383078,-236295068,-152893434,306529216,放量,低,游资情绪,观望,高位分歧型,,D,回避：资金观望,7.2
603613,国联股份,20.67,104.6,0.52,102.3,0.62,6926135,119041008,144346162,42475455,40114999,-27245451,放量,低,游资情绪,抢筹,均衡流入型,资金+业绩共振(双击候选),B,关注：资金+业绩共振,88.2
603615,茶花股份,18.68,172.1,0.77,-1.6,3.01,17563332,31413961,76090861,4075511,3511998,-6745937,放量,低,游资情绪,进场,主力建仓型,资金+业绩共振(双击候选),B,关注：资金+业绩共振,81.0
603628,清源股份,10.17,52.3,0.3,106.7,-2.77,-9375365,45786668,48338633,-1782520,283920,5783827,放量,低,游资情绪,观望,资金观望型,,D,回避：资金观望,7.1
603633,徕木股份,6.5,-44.3,0.38,6.8,-3.98,-8800035,-11108146,-31205443,597913,3970,1662582,缩量,低,情绪退潮,观望,资金撤退型,,D,回避：资金撤退,-1.3
603630,拉芳家化,13.33,-75.4,3.17,-22.6,-2.15,-5109093,-20823524,-29084784,1472945,-478070,-1467752,缩量,低,情绪退潮,观望,资金撤退型,,D,回避：资金撤退,-0.7
603636,南威软件,6.62,-69.9,1.8,-18.1,-0.55,-1586296,-12483617,-33866571,1316656,-250669,2953774,缩量,低,情绪退潮,观望,资金撤退型,,D,回避：资金撤退,-0.2
603626,科森科技,21.29,58.0,0.63,-17.9,3.45,130770635,465025846,911639663,238986347,292019078,-132489161,放量,低,游资情绪,抢筹,主力建仓型,纯资金炒作(亏损风险),C,谨慎：纯资金炒作,29.1
603638,艾迪精密,17.9,-68.9,1.52,0.7,2.79,20088297,-7173203,-18792800,-4700940,-4958789,13448513,缩量,低,情绪退潮,观望,资金观望型,,D,回避：资金观望,0.9
603648,畅联股份,9.37,-13.3,1.5,-2.4,-1.14,-1241804,4459194,7660954,-1216385,-221344,-364283,缩量,低,情绪退潮,观望,资金观望型,,D,回避：资金观望,-0.4
603629,利通电子,113.85,6.4,0.83,-26.4,-0.68,-96127189,-463592915,-2163419642,232668144,254242355,-121681148,缩量,低,情绪退潮,吸筹,资金撤退型,机构吸筹+盈利(关注),C,谨慎：资金流入未验证业绩,23.8
603656,泰禾智能,17.44,-32.3,0.66,-5.7,2.14,2622737,5047628,1301525,-1196002,-2601030,3774205,缩量,低,情绪退潮,观望,趋势转多型,,D,回避：资金观望,0.7
603639,海利尔,10.32,-28.9,0.45,-4.5,8.47,7753264,-565783,542484,-752429,0,-1807265,缩量,中,主力惜售,进场,资金观望型,资金+业绩共振(双击候选),B,关注：资金+业绩共振,86.8
603657,春光科技,34.95,191.5,2.75,90.5,2.56,33871647,32829745,-4754217,-7337927,-4865663,13793028,放量,低,游资情绪,观望,资金观望型,,D,回避：资金观望,8.9
603637,镇海股份,14.87,51.2,0.4,-36.1,-0.08,-636061,-1267432,43184597,11005093,19346758,-3986218,放量,低,游资情绪,抢筹,长线吸筹型,机构吸筹+盈利(关注),C,谨慎：资金流入未验证业绩,48.0
603658,安图生物,32.16,-41.6,1.44,-47.7,3.61,9910464,-5558200,-3694802,-3045887,287206,1652658,缩量,低,情绪退潮,观望,资金观望型,,D,回避：资金观望,1.2
603659,璞泰来,22.14,-58.2,0.34,-22.7,-5.38,-143858310,-245725242,-477210597,-16563781,8524810,26466131,缩量,低,情绪退潮,观望,资金撤退型,,D,回避：资金撤退,-1.8
603660,苏州科达,9.28,-53.0,1.0,-20.2,-0.86,-6196326,-104471111,-254192626,-12463782,-8757542,3096524,缩量,低,情绪退潮,观望,资金撤退型,,D,回避：资金撤退,-0.3
603655,朗博科技,29.22,-52.6,0.33,-8.5,1.28,1703396,8384473,-15460841,538865,801228,61521,缩量,低,情绪退潮,进场,趋势转多型,资金+业绩共振(双击候选),B,关注：资金+业绩共振,72.4
603650,彤程新材,72.25,10.6,2.71,103.0,1.93,186323574,755654392,515008786,67127391,48234641,-59960055,缩量,低,情绪退潮,进场,趋势转多型,资金+业绩共振(双击候选),B,关注：资金+业绩共振,72.6
603661,恒林股份,31.33,-62.6,6.74,94.2,-0.01,-53279,8724649,1745958,-363674,43490,-142921,缩量,低,情绪退潮,观望,资金观望型,,D,回避：资金观望,-0.0
603662,柯力传感,48.58,-78.2,4.39,-30.3,-5.28,-36143906,-68335989,-128241564,-3698773,8140109,8396758,缩量,低,情绪退潮,观望,资金撤退型,,D,回避：资金撤退,-1.8
603663,三祥新材,43.62,-9.7,2.34,17.8,3.41,180838660,317390247,361791452,-24149838,-13398369,4755493,缩量,低,情绪退潮,观望,主力建仓型,,D,回避：资金观望,1.1
603665,康隆达,21.63,0.6,0.71,-15.7,-4.29,-11934955,-3203927,-980169,-372875,657084,107635,缩量,低,情绪退潮,观望,资金观望型,,D,回避：资金观望,-1.4
603666,亿嘉和,25.37,-77.3,1.81,-44.0,1.88,6401598,12246663,60391744,-2041510,-2782918,1597380,缩量,低,情绪退潮,观望,长线吸筹型,,D,回避：资金观望,0.6
603677,奇精机械,13.95,32.4,1.88,74.0,-0.97,-1935251,-6425678,-9585943,1228722,-321340,1131464,缩量,低,情绪退潮,观望,资金撤退型,,D,回避：资金撤退,-0.3
603678,火炬电子,50.0,-42.7,6.39,60.0,3.39,280768025,391462092,-31013154,-56472407,-35434394,100428543,缩量,低,情绪退潮,观望,趋势转多型,,D,回避：资金观望,1.1
603676,卫信康,8.75,-53.9,1.07,-42.3,-0.89,-467419,-1325003,5022600,1143498,0,-527371,缩量,低,情绪退潮,观望,长线吸筹型,,D,回避：资金观望,-0.3
603680,今创集团,10.06,-37.1,0.89,-28.4,3.15,4570927,-13457801,-12686729,-2412122,571192,-718086,缩量,低,情绪退潮,观望,资金观望型,,D,回避：资金观望,1.1
603679,华体科技,23.6,-26.5,2.69,41.4,3.51,41425225,99852667,159490514,-5475971,-3445732,-4463921,缩量,低,情绪退潮,观望,主力建仓型,,D,回避：资金观望,1.2
603667,五洲新春,50.51,-37.2,0.93,-1.9,-1.43,-44757084,-52458824,-93153415,94720216,76563364,-50952755,缩量,低,情绪退潮,吸筹,资金撤退型,机构吸筹+盈利(关注),C,谨慎：资金流入未验证业绩,23.5
603681,永冠新材,19.05,-23.4,2.26,25.6,-2.85,-18144013,66698,-20312042,4752988,43504,-3874462,缩量,低,情绪退潮,观望,资金观望型,,D,回避：资金观望,-1.0
603668,天马科技,12.75,4.2,0.7,173.8,-7.77,-48665386,-17675244,-54207174,13111937,13041369,-12560794,缩量,低,情绪退潮,吸筹,资金观望型,纯资金炒作(亏损风险),C,谨慎：纯资金炒作,1.4
603682,锦和商管,9.74,-45.1,1.57,-43.2,-5.84,-25025368,-78130195,-124647580,-2080010,-5768705,-7107216,缩量,低,情绪退潮,观望,资金撤退型,,D,回避：资金撤退,-1.9
603669,灵康药业,5.77,-9.8,3.64,-18.5,2.84,18668719,35681944,-56150023,21685900,18031689,-25449644,缩量,低,情绪退潮,进场,趋势转多型,纯资金炒作(亏损风险),C,谨慎：纯资金炒作,12.9
603683,晶华新材,16.24,-34.9,1.13,-17.4,2.75,53079030,-22618068,95275738,-7608892,-168717,-6826698,缩量,低,情绪退潮,观望,资金观望型,,D,回避：资金观望,0.9
603685,晨丰科技,27.1,-62.5,0.61,-8.7,0.67,1650440,34042086,32088999,-3909146,-4173675,4057574,缩量,低,情绪退潮,观望,趋势转多型,,D,回避：资金观望,0.2
603687,大胜达,15.47,-34.1,0.31,-34.6,-7.02,-100820441,-178659569,57572323,576366,-6687451,-18730268,缩量,低,情绪退潮,观望,长线吸筹型,,D,回避：资金观望,-2.3
603689,皖天然气,7.69,-28.2,0.91,1.9,-6.19,-9279961,-20331590,-10084632,1503217,0,-3371731,缩量,低,情绪退潮,观望,长线吸筹型,,D,回避：资金观望,-2.1
603688,石英股份,48.35,-42.8,0.96,-7.7,1.67,56531889,56074128,75947545,-17257708,-26813093,13994481,缩量,低,情绪退潮,观望,资金观望型,,D,回避：资金观望,0.6
603697,有友食品,9.03,-28.9,0.84,21.5,-3.09,-5858991,-10378905,-16338323,-2000476,662970,-10268855,缩量,低,情绪退潮,观望,资金撤退型,,D,回避：资金撤退,-1.0
603690,至纯科技,23.96,-72.7,5.12,-24.4,1.33,23084954,35468903,-148804794,-13581963,-17242777,22776741,缩量,低,情绪退潮,观望,趋势转多型,,D,回避：资金观望,0.4
603699,纽威股份,44.4,-24.7,0.65,-44.3,-2.74,-24141549,-31233610,-33000147,2852018,5174912,-19403621,缩量,低,情绪退潮,观望,资金撤退型,,D,回避：资金撤退,-0.9
603686,福龙马,14.06,197.1,0.85,293.8,5.38,157717204,196531335,196525883,-3814821,-12251887,-18687209,放量,中,主力偏强放量,进场,短线抢筹型,资金+业绩共振(双击候选),B,关注：资金+业绩共振,89.8
603701,德宏股份,19.75,-34.3,0.67,-7.1,-0.32,-928704,-3058535,36131446,1435188,802321,-1003412,缩量,低,情绪退潮,观望,长线吸筹型,,D,回避：资金观望,-0.1
603698,航天工程,21.26,-81.1,0.36,-20.4,-2.75,-23254771,-30418570,-182313930,-6558645,-2696005,-3705241,缩量,低,情绪退潮,观望,资金撤退型,,D,回避：资金撤退,-0.9
603703,盛洋科技,10.11,7.5,0.66,0.6,-6.6,-39821917,-102221513,-121910786,-8952666,-5251557,6906232,缩量,低,情绪退潮,观望,资金撤退型,,D,回避：资金撤退,-2.2
603700,宁水集团,11.25,-26.2,0.94,-26.2,-0.5,-1254069,-2259088,-72307467,-4313116,-2320456,2247547,缩量,低,情绪退潮,观望,资金撤退型,,D,回避：资金撤退,-0.2
603707,健友股份,7.47,-71.6,1.65,-66.7,-10.84,-18784902,-3245943,87858437,2114763,1408095,56173,缩量,低,情绪退潮,观望,高位分歧型,,D,回避：资金观望,-3.6
603706,东方环宇,16.88,-53.9,0.93,-44.1,-4.34,-3590942,-5025320,-4467496,-99448,0,886990,缩量,低,情绪退潮,观望,资金观望型,,D,回避：资金观望,-1.4
603708,家家悦,8.77,26.8,0.44,5.6,-0.67,-2111742,-16674568,-9291302,2076306,322601,-3077485,缩量,低,情绪退潮,观望,资金观望型,,D,回避：资金观望,-0.2
603696,安记食品,13.72,48.5,1.4,92.1,-5.46,-66485345,87516640,75136729,5407210,6727069,-1206736,缩量,低,情绪退潮,吸筹,资金观望型,机构吸筹+盈利(关注),C,谨慎：资金流入未验证业绩,22.2
603693,江苏新能,12.46,89.0,0.23,365.1,5.83,113398592,109541422,87082991,-12189,2833670,10063106,放量,中,主力偏强放量,进场,资金观望型,资金+业绩共振(双击候选),B,关注：资金+业绩共振,89.9
603712,七一二,11.28,-47.4,1.05,3.8,2.4,17060364,21413658,-38971441,-8800097,-1553157,4886203,缩量,低,情绪退潮,观望,趋势转多型,,D,回避：资金观望,0.8
603709,中源家居,12.27,-18.7,0.32,-38.5,0.02,37782,-5395643,-22749902,425130,0,-89802,缩量,低,情绪退潮,进场,资金观望型,纯资金炒作(亏损风险),C,谨慎：纯资金炒作,12.0
603719,良品铺子,8.87,-69.9,1.49,2.4,-0.52,-820567,-3524572,-5890201,-899340,-525980,-225615,缩量,低,情绪退潮,观望,资金撤退型,,D,回避：资金撤退,-0.2
603711,香飘飘,11.26,-56.1,3.92,-43.0,2.5,3794001,-16620115,17478498,1090218,0,-894158,缩量,低,情绪退潮,进场,资金观望型,资金+业绩共振(双击候选),B,关注：资金+业绩共振,72.8
603722,阿科力,28.58,-79.0,4.05,-24.7,-4.36,-6217498,-7407691,-2417478,3284383,1746003,-3182979,缩量,低,情绪退潮,观望,资金观望型,,D,回避：资金观望,-1.5
603716,塞力医疗,15.99,-55.0,1.29,-41.3,-8.79,-50150672,6592667,231566647,-14512659,-10940098,7836216,缩量,低,情绪退潮,观望,高位分歧型,,D,回避：资金观望,-2.9
603727,博迈科,17.02,-63.6,0.67,-11.6,2.1,4235402,4246354,3491919,-2457894,-1578127,2751648,缩量,低,情绪退潮,观望,趋势转多型,,D,回避：资金观望,0.7
603726,朗迪集团,23.84,-74.7,4.73,-15.1,-1.71,-6086952,7216912,1174360,-6636909,-4973256,10397203,缩量,低,情绪退潮,观望,资金观望型,,D,回避：资金观望,-0.6
603728,鸣志电器,48.18,-55.3,2.12,1.8,-1.74,-17000040,95325652,150463537,13720108,-3753780,-20219958,缩量,低,情绪退潮,观望,资金观望型,,D,回避：资金观望,-0.6
603730,岱美股份,9.75,-35.7,1.21,-14.6,-8.89,-74763064,-16579356,12891043,-28223520,-9987370,22748393,缩量,低,情绪退潮,观望,资金观望型,,D,回避：资金观望,-3.0
603737,三棵树,20.11,-59.2,0.7,-40.7,-4.5,-28339521,-4158345,-87309356,-749469,4699279,4125239,缩量,低,情绪退潮,观望,资金观望型,,D,回避：资金观望,-1.5
603733,仙鹤股份,18.6,-67.0,4.78,-33.7,-3.93,-22546112,-7569814,80320825,-14513429,-11741767,10987593,缩量,低,情绪退潮,观望,高位分歧型,,D,回避：资金观望,-1.3
603738,泰晶科技,36.63,-45.1,0.61,-39.0,1.41,63664293,-16745098,-167471425,-28075663,-28268151,42298329,缩量,低,情绪退潮,观望,资金观望型,,D,回避：资金观望,0.5
603713,密尔克卫,63.58,-73.3,4.75,47.7,5.37,34730385,54268430,53584375,-8773075,-7340232,4158548,缩量,中,主力惜售,进场,短线抢筹型,资金+业绩共振(双击候选),B,关注：资金+业绩共振,85.8
603717,天域生物,5.87,-59.3,2.68,33.9,-2.8,-8334850,-18574136,-31238954,1385599,534492,-299108,缩量,低,情绪退潮,吸筹,资金撤退型,纯资金炒作(亏损风险),C,谨慎：纯资金炒作,3.1
603721,中广天择,18.57,207.0,1.24,27.7,0.87,6119190,6769450,-82276099,6366727,4755277,-9209422,放量,低,游资情绪,抢筹,趋势转多型,资金+业绩共振(双击候选),B,关注：资金+业绩共振,88.3
603725,天安新材,10.68,-54.9,3.61,-50.9,0.89,3507746,7411786,-66578077,21000381,25517053,-13555373,缩量,低,情绪退潮,吸筹,趋势转多型,资金+业绩共振(双击候选),B,关注：资金+业绩共振,64.3
603739,蔚蓝生物,12.26,16.6,0.81,-15.6,-0.06,-124815,3809972,-3960761,-235777,-1712430,-2459250,缩量,低,情绪退潮,观望,资金观望型,,D,回避：资金观望,-0.0
603755,日辰股份,24.07,-20.4,0.76,7.8,-0.01,-15687,-5639991,-4802759,-441717,0,895767,缩量,低,情绪退潮,观望,资金观望型,,D,回避：资金观望,-0.0
603759,海天股份,7.27,-41.6,1.13,-51.7,-4.77,-5964684,-11425048,-11185147,2740849,2855710,166674,缩量,低,情绪退潮,观望,资金观望型,,D,回避：资金观望,-1.6
603757,大元泵业,66.36,-44.2,1.16,-29.9,-4.99,-111542378,-35297291,475004321,30376894,10013454,-29570987,缩量,低,情绪退潮,观望,高位分歧型,,D,回避：资金观望,-1.7
603768,常青股份,11.46,-42.2,1.57,-10.5,-1.87,-2760396,-1197343,4292287,91298,0,140219,缩量,低,情绪退潮,观望,高位分歧型,,D,回避：资金观望,-0.6
603766,隆鑫通用,14.88,-37.8,0.65,-14.6,-2.52,-33186071,-26842791,-151624387,-7954045,-14033679,14780206,缩量,低,情绪退潮,观望,资金观望型,,D,回避：资金观望,-0.8
603779,威龙股份,8.24,-56.9,6.72,41.0,-7.28,-42283638,-49577763,-47323516,153131,1309515,4117711,缩量,低,情绪退潮,观望,资金观望型,,D,回避：资金观望,-2.4
603778,国晟科技,8.88,-48.9,0.28,18.4,-2.44,-52509515,-4624993,253236633,-34151785,-11274722,42091718,缩量,低,情绪退潮,观望,高位分歧型,,D,回避：资金观望,-0.8
603777,来伊份,13.07,-17.7,0.42,51.6,-0.37,-2001204,-14779777,-33815341,-7479865,-4536230,3663485,缩量,低,情绪退潮,观望,资金撤退型,,D,回避：资金撤退,-0.1
603758,秦安股份,10.82,231.9,0.99,-71.1,-3.62,-16698513,-60879117,102377983,6352690,9509268,-12142319,放量,低,游资情绪,抢筹,长线吸筹型,机构吸筹+盈利(关注),C,谨慎：资金流入未验证业绩,46.8
603787,新日股份,10.11,-33.4,0.37,-19.8,-2.26,-2644003,-7000183,-19747020,-764744,0,2444467,缩量,低,情绪退潮,观望,资金撤退型,,D,回避：资金撤退,-0.8
603786,科博达,37.2,-38.6,0.51,-26.8,-3.79,-12892605,-12225413,-38197941,2575269,-602490,-6004433,缩量,低,情绪退潮,观望,资金观望型,,D,回避：资金观望,-1.3
603767,中马传动,13.41,-44.3,1.15,-28.7,-2.52,-3977280,-7437051,-25156694,847310,1693785,-522038,缩量,低,情绪退潮,吸筹,资金撤退型,纯资金炒作(亏损风险),C,谨慎：纯资金炒作,3.2
603773,沃格光电,95.0,87.6,1.29,37.5,3.12,362701114,644706318,-30037581,362781467,483452342,-129372228,放量,低,游资情绪,抢筹,趋势转多型,纯资金炒作(亏损风险),C,谨慎：纯资金炒作,29.0
603790,雅运股份,24.21,-48.9,1.51,-12.6,-0.02,-52736,-6715334,-7190095,-5530456,-1469083,516879,缩量,低,情绪退潮,观望,资金撤退型,,D,回避：资金撤退,-0.0
603776,永安行,19.44,-64.2,0.49,-15.3,6.45,8885329,11573437,2969428,-129515,-1110745,-1061293,缩量,中,主力惜售,进场,短线抢筹型,纯资金炒作(亏损风险),C,谨慎：纯资金炒作,26.1
603797,联泰环保,4.63,19.2,1.12,-4.8,-3.87,-6999872,-2163374,-9702700,-88049,0,-1054981,缩量,低,情绪退潮,观望,资金观望型,,D,回避：资金观望,-1.3
603788,宁波高发,13.43,-42.0,0.1,-25.6,0.72,476535,-1334918,-5032153,1354006,851248,-1678680,缩量,低,情绪退潮,进场,资金观望型,资金+业绩共振(双击候选),B,关注：资金+业绩共振,72.2
603800,洪田股份,57.85,-67.9,1.83,-13.1,2.02,30267332,-62379409,-144055871,-23326289,-11249057,15167507,缩量,低,情绪退潮,观望,资金观望型,,D,回避：资金观望,0.7
603799,华友钴业,35.18,-60.8,0.56,-28.8,-11.51,-755141608,-715645418,-1344710809,-79816935,-79007686,57892243,缩量,低,情绪退潮,观望,资金观望型,,D,回避：资金观望,-3.8
603801,志邦家居,5.83,-16.2,2.14,-73.1,-2.97,-6811579,-9678134,-28920001,-153601,0,738343,缩量,低,情绪退潮,观望,资金撤退型,,D,回避：资金撤退,-1.0
603798,康普顿,12.65,-66.3,0.5,42.2,-7.73,-17540688,-3160929,-9815143,-380323,-323988,-361722,缩量,低,情绪退潮,观望,资金观望型,,D,回避：资金观望,-2.6
603806,福斯特,14.02,-64.8,0.81,-35.0,-3.39,-35314100,-64824636,-131758101,-8731838,-12106282,25687258,缩量,低,情绪退潮,观望,资金撤退型,,D,回避：资金撤退,-1.1
603809,豪能股份,8.52,-51.1,1.08,4.0,-1.4,-3442614,-13103710,-19820557,382779,-562060,233865,缩量,低,情绪退潮,观望,资金撤退型,,D,回避：资金撤退,-0.5
603813,原尚股份,26.47,-38.8,0.97,3.2,0.74,807375,-5547447,-20590628,-813020,-527800,939322,缩量,低,情绪退潮,观望,资金观望型,,D,回避：资金观望,0.2
603815,交建股份,5.17,-69.8,0.25,-18.0,3.71,5848386,1683607,4441059,-7915979,-7714896,3380876,缩量,低,情绪退潮,观望,资金观望型,,D,回避：资金观望,1.2
603810,丰山集团,11.79,-14.7,0.76,14.5,-0.6,-747248,-5329626,-11984086,-564188,-777246,-654632,缩量,低,情绪退潮,观望,资金撤退型,,D,回避：资金撤退,-0.2
603811,诚意药业,6.77,-39.6,0.49,-17.8,-7.15,-11774760,-16151259,-19993063,-2327096,-208212,889183,缩量,低,情绪退潮,观望,资金撤退型,,D,回避：资金撤退,-2.4
603816,顾家家居,22.3,-38.3,1.05,-27.3,3.7,22148095,6805568,76717685,-39769,279276,-8356444,缩量,低,情绪退潮,观望,资金观望型,,D,回避：资金观望,1.2
603803,瑞斯康达,11.5,-23.2,0.28,-29.3,5.34,67412513,44897630,140173398,-10423681,-2293721,10324984,缩量,中,主力惜售,进场,资金观望型,纯资金炒作(亏损风险),C,谨慎：纯资金炒作,25.8
603808,歌力思,8.39,-37.1,0.27,-20.1,-0.21,-238803,3898593,-5324208,806680,974508,-738520,缩量,低,情绪退潮,吸筹,资金观望型,机构吸筹+盈利(关注),C,谨慎：资金流入未验证业绩,23.9
603817,海峡环保,5.67,51.0,0.76,36.6,-0.2,-601849,-4841727,-17364342,-46236,-2678013,-9238430,放量,低,游资情绪,观望,资金撤退型,,D,回避：资金撤退,7.9
603818,曲美家居,3.83,14.7,2.56,-6.2,-4.4,-23978293,-74829665,-50242808,6685991,3785771,-11938022,缩量,低,情绪退潮,观望,资金观望型,,D,回避：资金观望,-1.5
603819,神力股份,15.7,-16.7,0.82,17.5,-2.92,-13598623,-34090921,-11820557,-1715,-832220,-2801485,缩量,低,情绪退潮,观望,资金观望型,,D,回避：资金观望,-1.0
603826,坤彩科技,16.25,-25.1,0.37,93.9,-0.87,-8148762,92246586,-638704,-8461988,-6914329,5300797,缩量,低,情绪退潮,观望,资金观望型,,D,回避：资金观望,-0.3
603833,欧派家居,28.35,-50.4,1.07,-33.9,-5.3,-17993770,-24764851,-23112013,-7637909,-1870963,8358965,缩量,低,情绪退潮,观望,资金观望型,,D,回避：资金观望,-1.8
603836,海程邦达,9.32,-19.7,0.93,-21.8,-1.22,-1666551,-10586844,-14521267,-1028386,0,2439532,缩量,低,情绪退潮,观望,资金撤退型,,D,回避：资金撤退,-0.4
603855,华荣股份,16.69,-59.1,1.51,-16.4,-0.78,-839063,10839996,3515677,947527,0,-1174535,缩量,低,情绪退潮,观望,资金观望型,,D,回避：资金观望,-0.3
603829,洛凯股份,15.47,-43.1,0.19,-22.9,5.32,10780023,15464120,21365314,464422,0,1732895,缩量,中,主力惜售,进场,主力建仓型,资金+业绩共振(双击候选),B,关注：资金+业绩共振,85.8
603839,安正时尚,6.62,-34.6,1.32,-62.2,1.24,1559261,-3839597,-44780219,-98265,0,1648766,缩量,低,情绪退潮,观望,资金观望型,,D,回避：资金观望,0.4
603848,好太太,13.0,-19.5,1.49,-34.7,-2.58,-5181648,-17672913,-27387027,710557,1084483,4317263,缩量,低,情绪退潮,观望,资金撤退型,,D,回避：资金撤退,-0.9
603823,百合花,57.6,3.1,14.66,-21.2,-2.42,-117501149,-128953845,-656396779,65490427,67269848,-57351852,缩量,低,情绪退潮,吸筹,资金撤退型,机构吸筹+盈利(关注),C,谨慎：资金流入未验证业绩,23.2
603858,步长制药,14.62,-69.6,1.59,-44.2,-0.17,-374745,-6412205,-30382297,228549,764808,-1265858,缩量,低,情绪退潮,观望,资金撤退型,,D,回避：资金撤退,-0.1
603859,能科科技,37.96,-63.4,2.13,11.7,0.68,5910766,32834784,59940113,-26014896,-18799191,20963134,缩量,低,情绪退潮,观望,均衡流入型,,D,回避：资金观望,0.2
603856,东宏股份,11.37,-74.3,0.73,-35.6,-1.84,-2184757,-6377129,-1718310,-1255314,512000,1206964,缩量,低,情绪退潮,观望,资金观望型,,D,回避：资金观望,-0.6
603861,白云电器,11.1,-73.2,0.62,-21.5,-5.78,-15022279,-20756780,-63947911,6104793,3863355,-6860078,缩量,低,情绪退潮,观望,资金撤退型,,D,回避：资金撤退,-1.9
603866,桃李面包,4.18,-34.8,1.58,-3.4,-3.15,-7210000,-2656732,1618450,78328,-702,-444684,缩量,低,情绪退潮,观望,资金观望型,,D,回避：资金观望,-1.1
603871,嘉友国际,12.4,-43.6,0.88,-25.3,-4.07,-28011977,-59877510,-56663508,-3262968,-3844064,1647010,缩量,低,情绪退潮,观望,资金观望型,,D,回避：资金观望,-1.4
603863,松炀资源,12.15,-39.2,0.52,-31.0,-3.98,-7796743,-16962675,-39330125,1729588,1994685,-788272,缩量,低,情绪退潮,吸筹,资金撤退型,纯资金炒作(亏损风险),C,谨慎：纯资金炒作,2.7
603860,中公高科,25.13,-15.7,0.98,10.8,2.13,3476934,-2803386,-9909162,906076,2057931,924517,缩量,低,情绪退潮,进场,资金观望型,资金+业绩共振(双击候选),B,关注：资金+业绩共振,72.7
603876,XD鼎胜新,18.74,-63.2,0.47,-45.4,-4.99,-72948975,-188691885,-303737972,-20216360,-8105237,19990821,缩量,低,情绪退潮,观望,资金撤退型,,D,回避：资金撤退,-1.7
603877,太平鸟,11.77,-36.0,0.64,-4.9,-0.14,-131036,-2904343,2657139,807665,180758,1026203,缩量,低,情绪退潮,观望,长线吸筹型,,D,回避：资金观望,-0.0
603882,金域医学,27.16,-42.9,1.46,-52.2,-2.22,-19148368,-14265171,65940461,3762523,2873096,-11557644,缩量,低,情绪退潮,观望,长线吸筹型,,D,回避：资金观望,-0.7
603879,永悦科技,4.97,-52.8,0.89,-27.7,-4.01,-7521323,-6375320,-30883342,-1616680,0,1393594,缩量,低,情绪退潮,观望,资金观望型,,D,回避：资金观望,-1.3
603867,新化股份,30.54,-35.8,1.38,-12.8,-2.3,-15598448,32687629,104509569,6892658,1324889,-1192232,缩量,低,情绪退潮,吸筹,高位分歧型,机构吸筹+盈利(关注),C,谨慎：资金流入未验证业绩,23.2
603878,武进不锈,4.87,-52.2,0.45,-13.7,-1.85,-4459724,-2564922,-9976118,-528701,-187997,-206401,缩量,低,情绪退潮,观望,资金观望型,,D,回避：资金观望,-0.6
603880,南卫股份,9.71,14.1,2.63,-33.8,1.86,6682483,15118865,111199,-8465644,-7419919,3911895,缩量,低,情绪退潮,观望,趋势转多型,,D,回避：资金观望,0.6
603883,老百姓,12.61,-31.3,0.85,-10.1,-6.98,-48556599,-56208655,-58523531,-6040357,-462146,1264988,缩量,低,情绪退潮,观望,资金撤退型,,D,回避：资金撤退,-2.3
603868,飞科电器,32.54,170.1,0.46,33.5,2.27,5531026,4677038,-2696379,1461974,-1329136,-1478497,放量,低,游资情绪,进场,资金观望型,资金+业绩共振(双击候选),B,关注：资金+业绩共振,80.8
603885,吉祥航空,9.98,-66.5,1.32,-11.1,-0.15,-836103,-5122061,94024804,3958300,2434832,-6905922,缩量,低,情绪退潮,观望,长线吸筹型,,D,回避：资金观望,-0.0
603886,元祖股份,12.12,12.0,1.0,-34.0,-7.4,-22898347,-33496915,-17098027,1243955,305152,2397843,缩量,低,情绪退潮,观望,资金观望型,,D,回避：资金观望,-2.5
603887,城地香江,8.87,-25.4,0.45,-49.3,-9.9,-69385666,-189475852,-257295343,10081537,8190646,2011855,缩量,低,情绪退潮,观望,资金撤退型,,D,回避：资金撤退,-3.3
603881,数据港,23.8,-62.5,0.48,-53.4,-6.7,-121242241,-176213428,-846717986,19898684,24473777,-14328642,缩量,低,情绪退潮,吸筹,资金撤退型,机构吸筹+盈利(关注),C,谨慎：资金流入未验证业绩,21.8
603889,新澳股份,6.03,-29.5,0.45,-46.0,-1.7,-4739060,-17348981,-23650695,1013813,-989490,-7221832,缩量,低,情绪退潮,观望,资金撤退型,,D,回避：资金撤退,-0.6
603895,天永智能,25.39,-71.5,0.83,-22.3,-2.71,-2695571,-3104301,4167292,-314942,-548818,-755439,缩量,低,情绪退潮,观望,资金观望型,,D,回避：资金观望,-0.9
603893,瑞芯微,181.21,-72.5,3.31,-39.8,-0.15,-9754813,-114629061,487421111,17773353,14292100,-60497009,缩量,低,情绪退潮,观望,长线吸筹型,,D,回避：资金观望,-0.0
603896,寿仙谷,14.0,-71.2,1.57,-40.5,-7.75,-6004739,-6991905,-11832712,162276,0,-564649,缩量,低,情绪退潮,观望,资金撤退型,,D,回避：资金撤退,-2.6
603888,新华网,18.1,291.0,0.92,346.6,2.14,56670558,168300784,179123668,17409387,6674462,-31743611,放量,低,游资情绪,进场,主力建仓型,资金+业绩共振(双击候选),B,关注：资金+业绩共振,80.7
603898,好莱客,10.85,-79.9,0.9,-28.7,-1.93,-2242027,-15523202,-15165665,-735539,-12001,1767210,缩量,低,情绪退潮,观望,资金观望型,,D,回避：资金观望,-0.6
603900,莱绅通灵,6.69,344.3,0.95,15.4,4.66,53381831,124078615,160525182,-3285700,-1314440,-8840548,放量,低,游资情绪,观望,主力建仓型,,D,回避：资金观望,9.6
603903,中持股份,14.06,-75.5,1.88,1.3,-2.62,-11201340,30694722,11958569,-3455631,-2687496,-337236,缩量,低,情绪退潮,观望,资金观望型,,D,回避：资金观望,-0.9
603906,龙蟠科技,18.19,-81.7,0.32,-37.7,-3.78,-37696218,-46842811,-179037632,-14379011,-8077914,23384101,缩量,低,情绪退潮,观望,资金撤退型,,D,回避：资金撤退,-1.3
603908,牧高笛,18.57,31.7,1.01,21.0,3.61,5526673,3683448,172750,-2995815,-2350305,1461325,缩量,低,情绪退潮,观望,资金观望型,,D,回避：资金观望,1.2
603901,永创智能,9.15,-64.6,0.55,-40.6,-8.95,-21470329,-42888184,-18817328,-1859121,-207975,-6290,缩量,低,情绪退潮,观望,长线吸筹型,,D,回避：资金观望,-3.0
603890,春秋电子,17.45,0.3,0.52,-28.4,-7.89,-182528154,-430351524,-443210282,45208629,38971257,-24194942,缩量,低,情绪退潮,吸筹,资金撤退型,机构吸筹+盈利(关注),C,谨慎：资金流入未验证业绩,21.4
603909,建发合诚,9.69,36.7,0.16,24.3,-1.47,-1873614,-3737038,-6855508,791088,-54929,-4067850,缩量,低,情绪退潮,观望,资金撤退型,,D,回避：资金撤退,-0.5
603899,晨光股份,21.92,-54.4,1.27,32.1,0.24,1220753,-18376457,-35281238,1316932,2552709,242367,缩量,低,情绪退潮,进场,资金观望型,资金+业绩共振(双击候选),B,关注：资金+业绩共振,72.1
603897,长城科技,30.09,-18.0,0.35,-13.8,-1.93,-22883149,-30899572,-107424131,5485639,3425305,-2698252,缩量,低,情绪退潮,吸筹,资金撤退型,机构吸筹+盈利(关注),C,谨慎：资金流入未验证业绩,23.4
603912,佳力图,8.33,-37.2,0.2,-39.2,-9.65,-43475996,-69894882,12089377,-8270792,-3198912,3747198,缩量,低,情绪退潮,观望,长线吸筹型,,D,回避：资金观望,-3.2
603915,国茂股份,12.98,-54.9,1.42,-35.2,0.35,874837,-23354137,-18554009,-1468305,-639446,2791789,缩量,低,情绪退潮,观望,资金观望型,,D,回避：资金观望,0.1
603916,苏博特,10.61,-67.4,1.09,-20.8,-6.64,-21327549,-50684759,-52579539,1134839,-715789,-493248,缩量,低,情绪退潮,观望,资金撤退型,,D,回避：资金撤退,-2.2
603918,金桥信息,10.43,-67.4,1.85,-55.2,-0.32,-980194,-47119361,-50443671,-1193218,-774019,-1347167,缩量,低,情绪退潮,观望,资金撤退型,,D,回避：资金撤退,-0.1
603919,金徽酒,16.15,-75.5,1.46,-29.1,-1.49,-4031838,-26545679,-17941758,-2919002,-1857497,-1106748,缩量,低,情绪退潮,观望,资金观望型,,D,回避：资金观望,-0.5
603929,亚翔集成,158.59,-70.1,1.7,-17.1,-0.21,-5441704,91073044,10423369,12728660,11485256,-17476255,缩量,低,情绪退潮,观望,资金观望型,,D,回避：资金观望,-0.1
603927,中科软,13.39,-64.8,1.46,-29.4,-2.38,-9284955,-45630457,-21956667,-226746,-307405,-1394733,缩量,低,情绪退潮,观望,资金观望型,,D,回避：资金观望,-0.8
603933,睿能科技,19.1,-70.2,0.54,-30.2,-0.42,-826482,-6355883,-15227206,-485292,746178,-2357297,缩量,低,情绪退潮,观望,资金撤退型,,D,回避：资金撤退,-0.1
603931,格林达,35.6,-65.1,2.14,-12.8,-1.61,-13585676,-26255032,-30960327,-7450590,-3434042,22568944,缩量,低,情绪退潮,观望,资金撤退型,,D,回避：资金撤退,-0.5
603936,博敏电子,21.46,67.0,0.88,110.2,2.82,322051483,355681589,382981136,-226756155,-160094634,253288885,放量,低,游资情绪,观望,均衡流入型,,D,回避：资金观望,8.9
603917,合力科技,13.6,66.5,1.12,6.0,0.83,1945218,-7523910,-5583998,16171219,8970843,-11531916,放量,低,游资情绪,抢筹,资金观望型,资金+业绩共振(双击候选),B,关注：资金+业绩共振,88.3
603937,丽岛新材,11.37,-71.9,0.79,-35.8,-0.48,-730337,-4841210,-3684531,-2751104,-2284850,2248941,缩量,低,情绪退潮,观望,资金观望型,,D,回避：资金观望,-0.2
603938,三孚股份,50.36,49.3,1.58,126.6,3.45,359729831,609962349,770978824,-30585771,-8223968,65546662,缩量,低,情绪退潮,观望,主力建仓型,,D,回避：资金观望,1.2
603926,铁流股份,17.08,-1.1,0.4,51.4,3.45,13131667,62859788,65975932,3842276,4614170,-3961650,缩量,低,情绪退潮,吸筹,主力建仓型,资金+业绩共振(双击候选),B,关注：资金+业绩共振,65.2
603928,兴业股份,12.23,-60.9,6.29,20.5,0.15,1232469,15035611,1026529,1993112,1754740,-5005043,缩量,低,情绪退潮,进场,趋势转多型,资金+业绩共振(双击候选),B,关注：资金+业绩共振,72.0
603939,益丰药房,22.75,-68.4,1.0,-40.0,-0.32,-2053860,10430614,75989245,-4031624,-4592089,3167701,缩量,低,情绪退潮,观望,长线吸筹型,,D,回避：资金观望,-0.1
603920,世运电路,43.47,128.4,0.29,131.5,6.1,581511948,782270345,820998071,116351100,155802286,-73319710,放量,中,主力偏强放量,吸筹,主力建仓型,资金+业绩共振(双击候选),B,关注：资金+业绩共振,82.0
603948,建业股份,19.21,-59.7,1.5,-0.9,-0.19,-234059,-2281733,-2867836,337831,0,-3752011,缩量,低,情绪退潮,观望,资金撤退型,,D,回避：资金撤退,-0.1
603949,雪龙集团,13.91,-66.9,0.99,-18.9,-8.0,-10530459,-11506941,-18918481,-693498,-452961,-268612,缩量,低,情绪退潮,观望,资金撤退型,,D,回避：资金撤退,-2.7
603955,大千生态,22.85,16.3,1.06,-20.9,1.26,3520410,1317165,9101101,-793782,358895,-3001633,缩量,低,情绪退潮,观望,资金观望型,,D,回避：资金观望,0.4
603958,哈森股份,16.5,70.9,0.3,-64.9,-9.24,-81788838,-214732610,-23334964,5430667,2953951,-6895180,放量,低,游资情绪,观望,长线吸筹型,,D,回避：资金观望,4.9
603966,法兰泰克,7.3,-51.7,0.36,-32.2,-0.36,-823601,-10949723,-46678018,-3001578,-2008793,787813,缩量,低,情绪退潮,观望,资金撤退型,,D,回避：资金撤退,-0.1
603968,醋化股份,10.39,-15.8,0.69,28.4,-3.18,-4422707,-7149565,-11388948,-981572,0,1982107,缩量,低,情绪退潮,观望,资金撤退型,,D,回避：资金撤退,-1.1
603950,长源东谷,55.37,-76.3,0.89,-36.1,-11.44,-133391242,-48331321,240244276,1651651,7095442,-10021,缩量,低,情绪退潮,吸筹,高位分歧型,机构吸筹+盈利(关注),C,谨慎：资金流入未验证业绩,20.2
603969,银龙股份,7.49,-72.8,1.12,-35.7,-7.79,-25452139,-35641531,-4259464,-3214750,-3393933,857087,缩量,低,情绪退潮,观望,长线吸筹型,,D,回避：资金观望,-2.6
603967,中创物流,11.68,-29.6,0.53,-40.8,-1.05,-1324831,-401049,3200010,-242867,0,-257093,缩量,低,情绪退潮,观望,资金观望型,,D,回避：资金观望,-0.4
603976,正川股份,29.01,-37.1,3.86,53.3,-7.36,-51415793,-88822396,-38049467,9967109,6759968,-16316032,缩量,低,情绪退潮,观望,资金观望型,,D,回避：资金观望,-2.5
603970,中农立华,11.08,34.4,0.9,-10.6,-2.49,-4736960,1780420,-30480933,1400547,1259748,-2092520,缩量,低,情绪退潮,观望,资金观望型,,D,回避：资金观望,-0.8
603978,深圳新星,22.03,1.0,1.59,15.2,-0.67,-10160133,51812827,310336092,45184334,24274757,-40708184,缩量,低,情绪退潮,观望,高位分歧型,,D,回避：资金观望,-0.2
603977,国泰集团,11.19,-82.5,0.85,-12.0,-13.57,-39100576,-9048164,-27978478,-7104459,-5134384,6623153,缩量,低,情绪退潮,观望,资金观望型,,D,回避：资金观望,-4.5
603956,威派格,6.83,29.7,6.12,60.2,6.22,58583218,82273171,-5091313,-21061973,-13403069,30157670,缩量,中,主力惜售,进场,短线抢筹型,纯资金炒作(亏损风险),C,谨慎：纯资金炒作,26.1
603979,金诚信,73.2,-41.6,1.41,-20.0,-1.8,-43447191,25453645,178308974,-7554577,-4589450,25279083,缩量,低,情绪退潮,观望,高位分歧型,,D,回避：资金观望,-0.6
603960,克来机电,17.0,178.4,0.29,23.9,3.92,24969685,18001074,11338408,38842702,39976319,-11190934,放量,低,游资情绪,抢筹,资金观望型,资金+业绩共振(双击候选),B,关注：资金+业绩共振,89.3
603982,泉峰汽车,6.33,41.8,0.85,53.2,-0.68,-1658005,4028233,4732966,1420998,0,127407,缩量,低,情绪退潮,观望,资金观望型,,D,回避：资金观望,-0.2
603980,吉华集团,8.24,60.7,2.29,39.4,2.45,53992968,106634553,206279839,3581617,-7449177,6766696,放量,低,游资情绪,进场,主力建仓型,资金+业绩共振(双击候选),B,关注：资金+业绩共振,80.8
603983,丸美生物,28.27,-57.8,4.42,54.9,-6.93,-63132317,-50473711,1783535,445950,2467885,-3422005,缩量,低,情绪退潮,观望,高位分歧型,,D,回避：资金观望,-2.3
603985,恒润股份,16.62,-55.4,0.21,-25.4,-0.71,-3869228,-41777280,-22021623,1116665,-1477614,-3367790,缩量,低,情绪退潮,观望,资金观望型,,D,回避：资金观望,-0.2
603988,中电电机,18.29,-66.0,1.16,-57.5,-2.17,-6659047,-1499672,64655481,-3592114,-5910602,3716105,缩量,低,情绪退潮,观望,长线吸筹型,,D,回避：资金观望,-0.7
603986,兆易创新,369.88,-73.8,2.92,-17.6,-5.34,-2649616409,-4464707325,-7945432211,-508779535,-394332923,507931805,缩量,低,情绪退潮,观望,资金撤退型,,D,回避：资金撤退,-1.8
603987,康德莱,7.34,-34.3,0.66,-38.1,-2.95,-3039450,-6044947,-3054985,1341870,511808,-1153233,缩量,低,情绪退潮,观望,资金观望型,,D,回避：资金观望,-1.0
603989,艾华集团,35.46,50.1,5.67,87.4,0.21,14759440,387011076,550936050,-18384994,-15932933,19387764,放量,低,游资情绪,观望,均衡流入型,,D,回避：资金观望,8.1
603990,麦迪科技,19.52,-44.9,2.13,-41.0,-1.76,-20529863,-34275595,-41319278,10246342,2545460,-31869783,缩量,低,情绪退潮,观望,资金撤退型,,D,回避：资金撤退,-0.6
603991,领先股份,179.02,-31.5,2.3,138.4,-6.84,-210305884,-132078603,22470204,-42119440,-13551811,104337121,缩量,低,情绪退潮,观望,高位分歧型,,D,回避：资金观望,-2.3
603993,洛阳钼业,17.35,-34.5,1.27,-30.7,-11.76,-1722917138,-1326226136,-653321879,-575723632,-368670894,664837615,缩量,低,情绪退潮,观望,高位分歧型,,D,回避：资金观望,-3.9
603992,松霖科技,19.63,-60.0,0.6,-23.6,-7.13,-21488099,-33068051,-11555405,-3260169,-1145895,3279193,缩量,低,情绪退潮,观望,长线吸筹型,,D,回避：资金观望,-2.4
603997,继峰股份,12.35,93.8,2.31,45.2,1.4,14014961,103569818,137476328,-9950743,-28918770,14822292,放量,低,游资情绪,观望,均衡流入型,,D,回避：资金观望,8.5
603995,甬金股份,25.42,-38.8,2.3,-11.6,-0.47,-2634557,-31775395,-53608099,2120688,565900,-5154636,缩量,低,情绪退潮,观望,资金撤退型,,D,回避：资金撤退,-0.2
603998,方盛制药,10.23,-37.1,1.3,-55.0,-3.4,-12147058,-60727445,-98349451,-1792737,11242,-2070068,缩量,低,情绪退潮,观望,资金撤退型,,D,回避：资金撤退,-1.1
603999,读者传媒,6.54,361.3,0.57,444.0,-2.5,-23804569,-2276131,-9439370,-3313255,-490637,-499971,放量,低,游资情绪,观望,资金观望型,,D,回避：资金观望,7.2
605001,威奥股份,5.74,-20.5,0.51,-30.4,-0.21,-350678,5445038,20849997,344766,-530379,1740728,缩量,低,情绪退潮,观望,高位分歧型,,D,回避：资金观望,-0.1
605003,众望布艺,23.32,-7.7,0.54,18.9,-3.92,-4194802,-1994933,-10004175,-322512,-532818,-433898,缩量,低,情绪退潮,观望,资金观望型,,D,回避：资金观望,-1.3
605007,五洲特纸,14.76,-61.3,0.53,-24.9,-3.41,-7075477,-9938110,-443306,-182760,0,-1677129,缩量,低,情绪退潮,观望,资金观望型,,D,回避：资金观望,-1.1
605016,百龙创园,20.81,-62.8,0.66,-37.7,-1.29,-3125278,-7263477,-6743160,-3196247,-2577492,546172,缩量,低,情绪退潮,观望,资金观望型,,D,回避：资金观望,-0.4
605011,杭州热电,17.9,78.9,1.41,522.7,1.77,41877494,41222158,28656672,-16470541,1463321,17734383,放量,低,游资情绪,观望,资金观望型,,D,回避：资金观望,8.6
605020,永和股份,31.68,-83.8,3.16,-40.5,-4.72,-50224803,-41083217,-101166127,-13403758,-6630567,19004317,缩量,低,情绪退潮,观望,资金观望型,,D,回避：资金观望,-1.6
605005,合兴股份,16.29,65.1,0.21,7.6,1.3,1292795,-8276078,-5496962,2061019,3575878,775403,放量,低,游资情绪,抢筹,资金观望型,资金+业绩共振(双击候选),B,关注：资金+业绩共振,88.4
605028,世茂能源,23.81,-74.6,0.79,43.4,-1.85,-2358018,1748234,-2227451,1056372,-576694,-1159247,缩量,低,情绪退潮,观望,资金观望型,,D,回避：资金观望,-0.6
605033,美邦股份,18.51,-28.8,1.09,-32.0,-5.62,-11764955,-20507853,-42219061,-1359180,-586062,877563,缩量,低,情绪退潮,观望,资金撤退型,,D,回避：资金撤退,-1.9
605056,咸亨国际,13.39,-7.1,0.25,10.4,-1.54,-4421746,-3765604,-23017514,4743240,-2240826,-10697285,缩量,低,情绪退潮,观望,资金观望型,,D,回避：资金观望,-0.5
605050,福然德,10.07,-67.9,0.46,-15.8,-10.53,-9799750,-20121727,-26115508,-245245,0,-465014,缩量,低,情绪退潮,观望,资金撤退型,,D,回避：资金撤退,-3.5
605006,山东玻纤,17.44,89.1,1.39,129.6,1.16,90819818,33843388,695577559,23509045,44097954,19149884,放量,低,游资情绪,抢筹,长线吸筹型,纯资金炒作(亏损风险),C,谨慎：纯资金炒作,28.4
605055,迎丰股份,8.78,-37.5,0.78,-27.6,-5.21,-8761263,-17293619,-26177200,292671,725313,-1842204,缩量,低,情绪退潮,观望,资金撤退型,,D,回避：资金撤退,-1.7
605018,长华集团,11.4,-66.5,1.26,-67.8,1.2,1484238,-6295903,-15385221,2536783,4133789,495378,缩量,低,情绪退潮,进场,资金观望型,资金+业绩共振(双击候选),B,关注：资金+业绩共振,72.4
605060,联德股份,38.57,-59.9,0.45,-27.8,-4.93,-27607457,-33230204,-66897407,3537738,-625691,-7892240,缩量,低,情绪退潮,观望,资金撤退型,,D,回避：资金撤退,-1.6
605068,明新旭腾,19.21,-30.4,0.97,10.2,-2.66,-8407400,1344329,30435524,4801234,3040292,-8368388,缩量,低,情绪退潮,观望,高位分歧型,,D,回避：资金观望,-0.9
605058,澳弘电子,48.76,1110.2,0.44,571.3,5.54,175071017,175684929,167606464,-98716131,-69076672,61484760,放量,中,主力偏强放量,进场,趋势转多型,资金+业绩共振(双击候选),B,关注：资金+业绩共振,89.8
605066,天正电气,6.83,-11.6,0.53,-36.3,-3.16,-6263890,-16302957,-50653814,-2271759,-4073753,1929721,缩量,低,情绪退潮,观望,资金撤退型,,D,回避：资金撤退,-1.1
605077,华康股份,11.4,130.3,0.27,586.0,-1.99,-25396248,37523162,35990977,-2207788,1449905,-2180097,放量,低,游资情绪,观望,资金观望型,,D,回避：资金观望,7.3
605080,浙江自然,22.62,-13.5,0.47,-41.3,-3.36,-6587394,12354876,51889965,-1720892,-1154694,289423,缩量,低,情绪退潮,观望,高位分歧型,,D,回避：资金观望,-1.1
605086,XD龙高股,23.4,-55.0,0.47,-57.5,-4.18,-4590084,-17771174,-14915375,-837156,599040,598337,缩量,低,情绪退潮,观望,资金观望型,,D,回避：资金观望,-1.4
605089,味知香,20.41,-38.2,0.61,14.7,-3.21,-4193440,-49015,2980095,349601,0,-772005,缩量,低,情绪退潮,观望,资金观望型,,D,回避：资金观望,-1.1
605098,行动教育,55.29,-59.7,0.5,-12.2,-4.3,-6977916,-3446727,5944882,-115789,-115506,2251108,缩量,低,情绪退潮,观望,高位分歧型,,D,回避：资金观望,-1.4
605090,九丰能源,32.32,-80.8,0.52,-23.2,-1.11,-11152230,-77643363,-218853592,1746904,15022129,11891850,缩量,低,情绪退潮,观望,资金撤退型,,D,回避：资金撤退,-0.4
605069,正和生态,12.42,112.9,1.37,167.6,3.15,32630035,33488413,25487544,10754329,7383227,-19944874,放量,低,游资情绪,进场,趋势转多型,纯资金炒作(亏损风险),C,谨慎：纯资金炒作,21.1
605099,共创草坪,28.67,-70.3,0.53,-50.3,-3.19,-4238669,-3177938,-8682382,-1550988,-1121290,1975656,缩量,低,情绪退潮,观望,资金观望型,,D,回避：资金观望,-1.1
605108,同庆楼,11.7,-38.5,0.63,1.9,-2.34,-4600323,-11919094,-14724012,-601962,-92640,-1321720,缩量,低,情绪退潮,观望,资金撤退型,,D,回避：资金撤退,-0.8
605088,冠盛股份,24.17,175.6,0.76,323.3,1.89,33742462,102110271,105103444,81570777,50503767,-70467528,放量,低,游资情绪,抢筹,均衡流入型,资金+业绩共振(双击候选),B,关注：资金+业绩共振,88.6
605116,奥锐特,19.28,-69.0,0.42,-61.9,1.17,1355042,-9218103,27589866,-217934,0,74645,缩量,低,情绪退潮,观望,长线吸筹型,,D,回避：资金观望,0.4
605100,华丰股份,33.8,45.6,0.91,14.7,3.29,25918411,-9869746,-61495006,1893332,-202161,26005788,缩量,低,情绪退潮,进场,资金观望型,资金+业绩共振(双击候选),B,关注：资金+业绩共振,73.1
605118,力鼎光电,32.86,-38.6,0.57,-4.9,-0.48,-3988018,32428066,156962584,-5343377,-3607274,7603157,缩量,低,情绪退潮,观望,高位分歧型,,D,回避：资金观望,-0.2
605128,上海沿浦,22.63,20.9,1.3,-13.5,2.91,12057348,-36109448,26314084,-27559061,-17648635,12194901,缩量,低,情绪退潮,观望,资金观望型,,D,回避：资金观望,1.0
605123,派克新材,78.34,-66.3,0.69,-17.1,-4.29,-20481014,-35518178,-95181799,-4334099,-4031020,2466356,缩量,低,情绪退潮,观望,资金撤退型,,D,回避：资金撤退,-1.4
605111,新洁能,59.23,-24.0,2.64,-35.3,-0.51,-18572621,-84255288,-546233501,94817261,102954578,-89387666,缩量,低,情绪退潮,吸筹,资金撤退型,机构吸筹+盈利(关注),C,谨慎：资金流入未验证业绩,23.8
605133,嵘泰股份,23.65,-47.7,0.9,-28.7,-7.99,-43882719,-67293654,-97896996,-18707909,-16944817,17039217,缩量,低,情绪退潮,观望,资金撤退型,,D,回避：资金撤退,-2.7
605151,西上海,18.23,-26.0,1.32,33.5,2.29,3613758,8713969,-2453867,-868161,-956057,521515,缩量,低,情绪退潮,观望,趋势转多型,,D,回避：资金观望,0.8
605136,丽人丽妆,8.46,-37.7,0.88,-8.1,-5.13,-11421116,-20387595,-11742900,2387616,249343,-3714946,缩量,低,情绪退潮,观望,资金观望型,,D,回避：资金观望,-1.7
605138,盛泰集团,5.97,-43.1,1.73,-50.8,-0.75,-674243,-5588706,2161608,-202003,521265,1340487,缩量,低,情绪退潮,观望,长线吸筹型,,D,回避：资金观望,-0.2
605158,华达新材,7.8,-19.2,0.82,-60.9,-1.74,-2321923,-4543012,-106774994,-380934,0,804476,缩量,低,情绪退潮,观望,资金撤退型,,D,回避：资金撤退,-0.6
605155,西大门,14.4,-46.9,1.73,50.4,-2.9,-5825350,-9573953,-17609173,-821818,-406978,257226,缩量,低,情绪退潮,观望,资金撤退型,,D,回避：资金撤退,-1.0
605117,德业股份,82.9,-53.2,0.85,-27.9,6.64,264696744,-239455275,255960879,-47655779,-28996526,51901293,缩量,中,主力惜售,进场,资金观望型,资金+业绩共振(双击候选),B,关注：资金+业绩共振,86.2
605122,四方新材,11.54,-4.0,0.6,-5.4,-1.48,-2064150,185192,-5916927,1475131,1461777,-318082,缩量,低,情绪退潮,吸筹,资金观望型,纯资金炒作(亏损风险),C,谨慎：纯资金炒作,3.5
605166,聚合顺,8.17,-42.4,0.39,-19.4,-6.2,-8824688,-18544614,-18259511,1052940,61831,-1262030,缩量,低,情绪退潮,观望,资金观望型,,D,回避：资金观望,-2.1
605167,利柏特,16.48,-37.7,1.41,-29.9,-1.41,-9457817,-343818,20436288,-6457166,-2290903,2822545,缩量,低,情绪退潮,观望,资金观望型,,D,回避：资金观望,-0.5
605169,洪通燃气,12.76,24.7,0.57,-46.1,-5.12,-11384529,-31861942,-9265253,-2089557,0,2976923,缩量,低,情绪退潮,观望,长线吸筹型,,D,回避：资金观望,-1.7
605180,华生科技,12.73,-21.6,0.97,-45.1,0.14,142350,-92171,-12957383,0,0,-1352034,缩量,低,情绪退潮,观望,资金观望型,,D,回避：资金观望,0.0
605177,东亚药业,25.74,509.8,1.02,146.8,4.21,53894396,134904670,167379058,-18454301,-20229258,22624937,放量,低,游资情绪,观望,主力建仓型,,D,回避：资金观望,9.4
605162,新中港,12.2,311.8,0.36,28.3,1.68,49688910,183518233,251893007,108335153,118263692,-49791175,放量,低,游资情绪,抢筹,均衡流入型,资金+业绩共振(双击候选),B,关注：资金+业绩共振,88.6
605179,一鸣食品,25.27,123.3,2.55,-18.9,-7.74,-168072172,-138651543,-174393852,28098436,12914390,-44057615,放量,低,游资情绪,观望,资金观望型,,D,回避：资金观望,5.4
605178,时空科技,65.85,-72.9,1.62,-18.4,-4.79,-40528925,-53900909,-32139152,-3299434,-879703,-918829,缩量,低,情绪退潮,观望,资金观望型,,D,回避：资金观望,-1.6
605186,健麾信息,25.5,-76.2,4.18,-27.6,-1.43,-2484987,-15738185,-21539130,-1434680,-259724,-117559,缩量,低,情绪退潮,观望,资金撤退型,,D,回避：资金撤退,-0.5
605183,确成股份,15.67,36.6,0.64,-5.2,0.49,1033015,-2042129,9640804,-2206227,-1233737,3150353,缩量,低,情绪退潮,观望,资金观望型,,D,回避：资金观望,0.2
605168,三人行,51.66,32.2,0.7,90.0,0.79,18265385,105877455,188350600,20045213,21995407,-12181613,缩量,低,情绪退潮,吸筹,均衡流入型,资金+业绩共振(双击候选),B,关注：资金+业绩共振,64.3
605188,国光连锁,11.93,125.2,0.35,43.7,-2.18,-29637785,41589125,149299888,-5209205,2052065,12773107,放量,低,游资情绪,观望,高位分歧型,,D,回避：资金观望,7.3
605196,华通线缆,30.89,-58.9,1.42,0.8,-5.7,-146214328,-44774797,1146156,6310472,1541862,-9175806,缩量,低,情绪退潮,观望,资金观望型,,D,回避：资金观望,-1.9
605198,安德利,79.85,58.8,1.37,63.8,3.03,70712672,160989780,250668892,-16704541,-21840586,31566192,放量,低,游资情绪,观望,主力建仓型,,D,回避：资金观望,9.0
605222,起帆电缆,22.56,-44.4,0.22,88.1,-1.58,-16105504,20370807,36016026,-4839145,-1241165,-22612,缩量,低,情绪退潮,观望,资金观望型,,D,回避：资金观望,-0.5
605189,富春染织,14.18,-73.5,2.28,-44.1,0.02,85179,-29418165,-73565235,611025,1159881,-3669775,缩量,低,情绪退潮,进场,资金观望型,资金+业绩共振(双击候选),B,关注：资金+业绩共振,72.0
605228,神通科技,10.58,-71.7,0.84,-15.7,0.91,1493882,2972036,-7123627,-1894272,-1178954,3189589,缩量,低,情绪退潮,观望,趋势转多型,,D,回避：资金观望,0.3
605259,绿田机械,17.36,-22.0,0.42,-3.3,-7.25,-5997830,-6416515,-9791747,-1082243,-99272,571826,缩量,低,情绪退潮,观望,资金撤退型,,D,回避：资金撤退,-2.4
605255,天普股份,60.67,-77.3,0.45,1.5,-8.22,-14839219,-17870377,-39505519,1056927,198012,-380100,缩量,低,情绪退潮,观望,资金撤退型,,D,回避：资金撤退,-2.7
605208,永茂泰,14.77,-81.7,1.0,-24.4,-3.13,-12420951,-20772986,-28290046,1341680,2153884,-1226046,缩量,低,情绪退潮,吸筹,资金撤退型,机构吸筹+盈利(关注),C,谨慎：资金流入未验证业绩,23.0
605218,伟时电子,14.09,-22.4,1.29,-4.6,1.75,2793504,1155763,-7919206,862938,-1403555,-2421489,缩量,低,情绪退潮,进场,资金观望型,资金+业绩共振(双击候选),B,关注：资金+业绩共振,72.6
605266,健之佳,15.18,-30.1,1.42,-37.5,1.81,2149547,1527270,-3409780,-109378,0,35320,缩量,低,情绪退潮,观望,资金观望型,,D,回避：资金观望,0.6
605277,新亚电子,17.54,14.3,1.15,42.0,-0.59,-10715528,6069108,101097135,-18151747,-18765264,24004627,缩量,低,情绪退潮,观望,高位分歧型,,D,回避：资金观望,-0.2
605286,同力天启,24.1,-24.3,0.39,-62.3,-7.13,-19067674,-44269683,-11713942,-996457,83004,1913785,缩量,低,情绪退潮,观望,长线吸筹型,,D,回避：资金观望,-2.4
605287,德才股份,35.41,-52.4,0.52,-46.2,-7.2,-28244525,-18168958,38572229,1274912,-3237300,3159854,缩量,低,情绪退潮,观望,高位分歧型,,D,回避：资金观望,-2.4
605296,神农集团,32.63,-32.6,1.41,25.1,-1.43,-7266836,-40530929,-37202416,2329423,1342750,2179428,缩量,低,情绪退潮,观望,资金观望型,,D,回避：资金观望,-0.5
605258,协和电子,37.38,486.5,0.55,123.2,6.45,133057615,131753399,176615498,-53756992,-45338283,45550740,放量,中,主力偏强放量,进场,资金观望型,资金+业绩共振(双击候选),B,关注：资金+业绩共振,90.2
605268,王力安防,9.49,-32.9,0.13,-46.8,-3.03,-2991232,-4502617,-10354206,270161,733925,-63553,缩量,低,情绪退潮,吸筹,资金撤退型,机构吸筹+盈利(关注),C,谨慎：资金流入未验证业绩,23.0
605298,必得科技,43.85,-59.4,0.21,-25.4,-10.33,-14329470,-15008185,-3428861,3674901,1093975,-2918129,缩量,低,情绪退潮,观望,长线吸筹型,,D,回避：资金观望,-3.4
605288,凯迪股份,67.25,25.9,1.28,-2.7,3.95,20854466,102571508,170599505,22275867,30917582,-7123780,缩量,低,情绪退潮,吸筹,主力建仓型,资金+业绩共振(双击候选),B,关注：资金+业绩共振,65.3
605289,罗曼股份,98.34,-63.7,1.2,-16.5,-9.82,-98345241,-139435682,-155524224,13926726,18634648,-13939340,缩量,低,情绪退潮,吸筹,资金撤退型,机构吸筹+盈利(关注),C,谨慎：资金流入未验证业绩,20.7
605299,舒华体育,12.21,-35.4,0.2,37.2,-2.45,-15569316,55792607,38093333,-333225,-231329,10565293,缩量,低,情绪退潮,观望,资金观望型,,D,回避：资金观望,-0.8
605300,佳禾食品,9.88,-19.9,3.4,78.4,-3.4,-11294033,7551872,55143379,589525,965648,1568263,缩量,低,情绪退潮,观望,高位分歧型,,D,回避：资金观望,-1.1
605319,无锡振华,22.19,-0.2,0.29,8.1,-8.83,-66448231,-96873778,-34912833,-2400907,-3658129,1480708,缩量,低,情绪退潮,观望,长线吸筹型,,D,回避：资金观望,-2.9
605305,中际联合,31.99,-16.7,0.61,-34.8,0.72,5267541,-2207367,-9208484,-7092623,-7646947,10152018,缩量,低,情绪退潮,观望,资金观望型,,D,回避：资金观望,0.2
605303,园林股份,23.68,-100.0,0.46,-35.9,-4.61,-12511607,7175020,46893140,0,0,0,缩量,低,情绪退潮,观望,高位分歧型,,D,回避：资金观望,-1.5
605318,法狮龙,76.12,-67.5,0.65,-14.4,-7.0,-20876444,-7070632,-15646038,-1892282,1678611,174345,缩量,低,情绪退潮,观望,资金观望型,,D,回避：资金观望,-2.3
605365,立达信,13.88,59.5,0.1,6.9,-3.57,-19150489,-20178440,26938770,-3896201,-2752757,6571416,放量,低,游资情绪,观望,资金观望型,,D,回避：资金观望,6.8
605337,李子园,8.81,-58.1,1.55,3.9,-1.07,-1374133,-10090120,-14402629,361801,1655916,-602283,缩量,低,情绪退潮,吸筹,资金撤退型,机构吸筹+盈利(关注),C,谨慎：资金流入未验证业绩,23.6
605368,蓝天燃气,6.67,-33.2,0.47,-32.0,-3.15,-3613208,-7685588,-4917746,-116627,-828300,-1046734,缩量,低,情绪退潮,观望,资金观望型,,D,回避：资金观望,-1.1
605338,巴比食品,17.36,-32.9,0.48,-16.1,4.16,5639613,3322528,1616407,32993,-75327,465059,缩量,低,情绪退潮,进场,资金观望型,资金+业绩共振(双击候选),B,关注：资金+业绩共振,73.4
605376,博迁新材,135.27,-44.1,2.17,5.0,1.65,150511229,-35038028,-1058115179,-59647288,-38259715,36098617,缩量,低,情绪退潮,观望,资金观望型,,D,回避：资金观望,0.5
605388,均瑶健康,5.86,-59.0,0.15,10.2,-2.38,-4429205,-7317776,-16234348,-1094800,-141120,1011295,缩量,低,情绪退潮,观望,资金撤退型,,D,回避：资金撤退,-0.8
605399,晨光新材,11.33,-72.6,1.75,-17.1,-4.0,-5608085,-6218039,-9150410,-666141,-652625,1665251,缩量,低,情绪退潮,观望,资金撤退型,,D,回避：资金撤退,-1.3
605389,长龄液压,64.36,-68.1,0.77,-11.1,-5.18,-12852894,-28194573,-47499978,-5515428,-3443157,6317210,缩量,低,情绪退潮,观望,资金撤退型,,D,回避：资金撤退,-1.7
605488,福莱新材,30.13,9.4,1.44,68.0,-0.38,-4816636,83318795,81000675,1216765,-1572357,17096068,缩量,低,情绪退潮,观望,资金观望型,,D,回避：资金观望,-0.1
605366,宏柏新材,8.38,-40.5,0.92,30.5,3.83,40804826,80685396,9491635,-2295707,2102321,-1590824,缩量,低,情绪退潮,吸筹,趋势转多型,纯资金炒作(亏损风险),C,谨慎：纯资金炒作,5.3
605499,东鹏饮料,110.84,-68.5,1.78,-28.0,-8.35,-134286725,-302608861,-363487368,-20768809,-21882321,23066307,缩量,低,情绪退潮,观望,资金撤退型,,D,回避：资金撤退,-2.8
605369,拱东医疗,16.84,-49.0,1.87,18.3,6.05,8422338,8451340,-2467387,1506080,1539406,-1236949,缩量,中,主力惜售,吸筹,趋势转多型,资金+业绩共振(双击候选),B,关注：资金+业绩共振,78.0
605500,森林包装,7.28,17.8,0.99,-23.1,2.36,3119988,-1328140,5898502,-250419,471575,-2259526,缩量,低,情绪退潮,观望,资金观望型,,D,回避：资金观望,0.8
605398,新炬网络,20.32,121.2,0.6,545.5,-7.73,-47676856,-32102214,-27111924,6862091,4012037,-1628712,放量,低,游资情绪,吸筹,资金观望型,机构吸筹+盈利(关注),C,谨慎：资金流入未验证业绩,29.4
605377,华旺科技,8.1,-70.5,1.84,-53.6,1.0,2232928,-594125,-42649866,3122644,-506885,-2743909,缩量,低,情绪退潮,进场,资金观望型,资金+业绩共振(双击候选),B,关注：资金+业绩共振,72.3
605378,野马电池,14.66,453.1,0.84,96.5,8.8,33306917,31825252,35370402,-13715172,-3888053,9301385,放量,中,主力偏强放量,进场,资金观望型,资金+业绩共振(双击候选),B,关注：资金+业绩共振,90.9
605507,国邦医药,17.3,194.7,1.55,172.1,2.99,46589820,54782736,47585371,-10833690,-11607600,7918051,放量,低,游资情绪,观望,趋势转多型,,D,回避：资金观望,9.0
605567,春雪食品,9.05,1.6,0.81,108.5,-7.26,-20948840,-7031234,-4479237,945939,1276989,1288999,缩量,低,情绪退潮,观望,资金观望型,,D,回避：资金观望,-2.4
605555,德昌股份,11.95,-54.2,1.01,-45.7,-6.37,-9813828,-18542320,13383779,607686,-561126,238640,缩量,低,情绪退潮,观望,长线吸筹型,,D,回避：资金观望,-2.1
605588,冠石科技,45.37,-69.4,0.97,1.3,-9.57,-22684709,-30614047,-34584895,-2551980,-3909741,4804080,缩量,低,情绪退潮,观望,资金撤退型,,D,回避：资金撤退,-3.2
605566,福莱蒽特,26.88,21.6,1.57,-37.3,2.44,11568755,-18917932,63960563,17112083,1407982,-17596739,缩量,低,情绪退潮,进场,资金观望型,资金+业绩共振(双击候选),B,关注：资金+业绩共振,72.8
605598,上海港湾,24.25,-76.8,0.49,-20.1,-2.0,-5406557,-6243120,-35195251,-3568233,-14502,-3589622,缩量,低,情绪退潮,观望,资金撤退型,,D,回避：资金撤退,-0.7
605599,菜百股份,13.96,-61.5,1.5,-65.1,1.73,5441268,-18790596,-25725090,-402595,-1434335,-401403,缩量,低,情绪退潮,观望,资金观望型,,D,回避：资金观望,0.6
605577,龙版传媒,15.0,2534.1,0.83,495.6,-6.45,-222421623,-121457164,-86003893,-7494547,20633322,-2755186,放量,低,游资情绪,吸筹,资金观望型,机构吸筹+盈利(关注),C,谨慎：资金流入未验证业绩,29.9
605580,恒盛能源,23.39,135.9,2.85,544.1,0.31,7163071,105080951,118245827,13209159,9500590,-2648999,放量,低,游资情绪,抢筹,均衡流入型,资金+业绩共振(双击候选),B,关注：资金+业绩共振,88.1
