code,name,price,cjb30,b30v100,veab,precip,m5,m10,m20,mainflow,jumbo,small,vol,lv,sig,phase,mode,matching,grade,greason,score
000012,南  玻Ａ,3.72,-67.8,3.89,46.3,-2.12,-9386405,-2963387,-4309977,-957800,-1562636,-3501754,缩量,低,情绪退潮,观望,资金观望型,,D,回避：资金观望,-0.7
000019,深粮控股,7.15,597.3,0.19,26.4,-2.6,-26780266,115976974,194566971,9316212,4097075,-7496864,放量,低,游资情绪,观望,高位分歧型,,D,回避：资金观望,7.1
000001,平安银行,11.7,-21.8,0.91,-22.2,-1.59,-74668880,-171594414,129479937,39874288,23502563,3084527,缩量,低,情绪退潮,观望,长线吸筹型,,D,回避：资金观望,-0.5
000011,深物业A,9.14,55.0,2.65,-6.3,-2.16,-13810802,20095734,45179686,738615,-4371903,2699168,放量,低,游资情绪,观望,资金观望型,,D,回避：资金观望,7.3
000014,沙河股份,10.45,-27.2,1.07,-44.3,-2.86,-6541678,-11854275,-22284407,1393460,1042214,991499,缩量,低,情绪退潮,观望,资金撤退型,,D,回避：资金撤退,-1.0
000009,中国宝安,7.0,-69.8,1.28,-36.5,-0.64,-2338441,-13349809,-22970036,-3134940,-3676570,3072298,缩量,低,情绪退潮,观望,资金撤退型,,D,回避：资金撤退,-0.2
000007,全新好,11.33,-34.5,1.52,-19.0,2.67,8745205,-44971246,-6749856,-7173568,-8996675,899250,缩量,低,情绪退潮,观望,资金观望型,,D,回避：资金观望,0.9
000017,深中华A,7.51,354.5,1.64,-35.5,-4.26,-87830106,-201342156,-329013885,-19687987,-17207687,-3690,放量,低,游资情绪,观望,资金撤退型,,D,回避：资金撤退,6.6
000020,深华发Ａ,12.96,230.7,0.44,-10.0,1.77,12600869,34463505,21515377,7545985,1287696,-15582747,放量,低,游资情绪,进场,趋势转多型,资金+业绩共振(双击候选),B,关注：资金+业绩共振,80.6
000006,深振业Ａ,7.06,-25.2,0.48,-37.8,-5.44,-20546789,-11782108,-20238011,7290242,8971084,-2154694,缩量,低,情绪退潮,吸筹,资金观望型,纯资金炒作(亏损风险),C,谨慎：纯资金炒作,2.2
000002,万  科Ａ,3.32,220.7,1.36,-14.1,-2.92,-64686691,-176947427,-104142708,549218453,604292436,-339876297,放量,低,游资情绪,抢筹,资金观望型,纯资金炒作(亏损风险),C,谨慎：纯资金炒作,27.0
000008,神州高铁,2.4,-47.8,0.49,-35.1,-1.98,-5350639,-14202541,-36579188,1279300,1723348,-1428235,缩量,低,情绪退潮,吸筹,资金撤退型,纯资金炒作(亏损风险),C,谨慎：纯资金炒作,3.3
000032,深桑达Ａ,14.63,-58.6,3.27,-13.0,3.39,75246786,-63361073,-39838641,-16506221,-9253973,32395855,缩量,低,情绪退潮,观望,资金观望型,,D,回避：资金观望,1.1
000029,深深房Ａ,22.27,-10.6,1.91,-16.0,-10.87,-45600729,-75961973,-101947953,1147813,4523137,7244710,缩量,低,情绪退潮,观望,资金撤退型,,D,回避：资金撤退,-3.6
000034,神州数码,23.48,-74.9,1.89,-35.5,-1.63,-23490502,-213130636,-282425481,40534622,34545428,-28306961,缩量,低,情绪退潮,吸筹,资金撤退型,机构吸筹+盈利(关注),C,谨慎：资金流入未验证业绩,23.5
000045,深纺织Ａ,11.08,-41.0,0.69,-59.2,-2.71,-4586299,-11386620,-25843811,-709361,-202019,2079044,缩量,低,情绪退潮,观望,资金撤退型,,D,回避：资金撤退,-0.9
000061,农 产 品,6.02,-4.8,1.36,-23.8,-2.55,-17205204,-19207234,71088233,-2493355,-4099820,-4805050,缩量,低,情绪退潮,观望,长线吸筹型,,D,回避：资金观望,-0.8
000062,深圳华强,23.09,-55.1,0.38,-44.6,-2.48,-44879114,-237405817,-65481881,1618451,-8525615,-2665532,缩量,低,情绪退潮,观望,长线吸筹型,,D,回避：资金观望,-0.8
000050,深天马Ａ,6.61,-69.2,2.69,-2.0,5.84,34834463,47796919,33042620,3238460,9079654,7003501,缩量,中,主力惜售,进场,短线抢筹型,资金+业绩共振(双击候选),B,关注：资金+业绩共振,85.9
000088,盐 田 港,4.48,9.6,0.96,68.9,-0.36,-2349953,-43821586,-49984082,10506399,6684903,-11886508,缩量,低,情绪退潮,观望,资金撤退型,,D,回避：资金撤退,-0.1
000063,中兴通讯,32.44,-74.4,1.57,-31.9,-10.88,-812837989,-2158164065,-3648760574,335462078,380425847,-199892883,缩量,低,情绪退潮,吸筹,资金撤退型,机构吸筹+盈利(关注),C,谨慎：资金流入未验证业绩,20.4
000070,特发信息,17.7,55.0,0.47,55.0,2.5,208744339,104579812,346849373,-98744435,-57028262,113016578,放量,低,游资情绪,观望,资金观望型,,D,回避：资金观望,8.8
000065,北方国际,9.78,-1.2,0.3,-64.4,0.56,3674278,-29811208,-22854161,3013961,3343183,3650081,缩量,低,情绪退潮,进场,资金观望型,资金+业绩共振(双击候选),B,关注：资金+业绩共振,72.2
000096,广聚能源,7.97,-15.5,0.87,-18.9,-4.05,-8629081,-21032194,-27016080,-5979831,-7417506,-3095201,缩量,低,情绪退潮,观望,资金撤退型,,D,回避：资金撤退,-1.3
000155,川能动力,11.8,-60.4,0.32,-45.4,-4.58,-43077313,-149103301,-289573801,5681644,15945001,3984594,缩量,低,情绪退潮,观望,资金撤退型,,D,回避：资金撤退,-1.5
000099,中信海直,12.95,-55.7,0.94,-22.7,-6.89,-22249502,-37988809,-50171943,38545,-1714602,3051121,缩量,低,情绪退潮,观望,资金撤退型,,D,回避：资金撤退,-2.3
000151,中成股份,10.14,26.4,0.62,72.6,-2.19,-10876535,-6852225,-25541565,-11300979,-6659856,3813220,缩量,低,情绪退潮,观望,资金观望型,,D,回避：资金观望,-0.7
000156,华数传媒,7.03,12.9,0.93,-25.7,-2.67,-6646582,-1347379,-20900864,11302660,9203285,-10417559,缩量,低,情绪退潮,观望,资金观望型,,D,回避：资金观望,-0.9
000301,东方盛虹,13.68,-36.0,1.36,-30.7,-0.87,-13447032,-65149076,20114430,-12373792,-15262315,10863334,缩量,低,情绪退潮,观望,资金观望型,,D,回避：资金观望,-0.3
000404,长虹华意,6.88,-79.2,0.26,-19.6,-11.91,-21487469,-28132490,-35271725,-3945155,651694,2026888,缩量,低,情绪退潮,观望,资金撤退型,,D,回避：资金撤退,-4.0
000407,胜利股份,4.21,-11.5,0.72,0.9,-3.03,-8375162,-2200733,-23999040,-472671,-824192,15293,缩量,低,情绪退潮,观望,资金观望型,,D,回避：资金观望,-1.0
000408,藏格矿业,72.16,-34.8,0.97,-12.7,-6.95,-217883700,-190840742,91268269,87685230,71824176,-99456881,缩量,低,情绪退潮,观望,长线吸筹型,,D,回避：资金观望,-2.3
000409,云鼎科技,8.89,7.7,0.55,-15.5,2.19,8487159,17022671,28518828,-219631,-507720,3363817,缩量,低,情绪退潮,观望,主力建仓型,,D,回避：资金观望,0.7
000338,潍柴动力,27.23,-0.6,0.8,-18.9,-0.91,-105258409,361899228,-319145560,472485080,339387967,-260940616,缩量,低,情绪退潮,吸筹,资金观望型,机构吸筹+盈利(关注),C,谨慎：资金流入未验证业绩,23.7
000402,金 融 街,2.52,53.6,1.12,-42.2,3.16,12688923,-13560249,23067548,9335893,7589341,-11843716,放量,低,游资情绪,抢筹,资金观望型,纯资金炒作(亏损风险),C,谨慎：纯资金炒作,29.1
000417,合百集团,5.7,-42.3,5.14,104.0,1.81,19710115,39436119,21259516,-24023750,-31581183,16582320,缩量,低,情绪退潮,观望,趋势转多型,,D,回避：资金观望,0.6
000422,湖北宜化,11.84,-75.5,0.48,-13.3,-12.03,-89168474,-173156008,-204360823,-9125989,-1400640,5798285,缩量,低,情绪退潮,观望,资金撤退型,,D,回避：资金撤退,-4.0
000425,徐工机械,7.45,-17.7,1.19,-14.6,-3.68,-180715884,-257598484,-236289763,-115344331,-105927165,77490258,缩量,低,情绪退潮,观望,资金观望型,,D,回避：资金观望,-1.2
000429,粤高速Ａ,12.64,-47.6,2.08,11.2,0.39,1727807,-19478347,-71405197,-2287489,-1587117,3320008,缩量,低,情绪退潮,观望,资金观望型,,D,回避：资金观望,0.1
000423,东阿阿胶,45.26,-27.9,0.8,-10.6,1.61,16533581,22017497,-16874596,-23229982,-12282427,27447137,缩量,低,情绪退潮,观望,趋势转多型,,D,回避：资金观望,0.5
000501,武商集团,7.13,-17.3,1.12,19.5,-12.55,-38940970,-31229654,-6997823,-1184660,2207481,1584211,缩量,低,情绪退潮,观望,高位分歧型,,D,回避：资金观望,-4.2
000498,山东路桥,5.05,79.1,0.62,-16.3,1.77,4173412,-7815250,-46340450,10227721,6440078,-6741349,放量,低,游资情绪,抢筹,资金观望型,资金+业绩共振(双击候选),B,关注：资金+业绩共振,88.6
000517,荣安地产,2.0,63.6,2.02,-23.1,0.58,2054292,-26412003,-84364265,-2668843,-1632705,609559,放量,低,游资情绪,观望,资金观望型,,D,回避：资金观望,8.2
000509,华塑控股,3.77,161.9,1.54,-2.6,-2.2,-11665020,-20622536,-40601601,57696220,51583729,-34746942,放量,低,游资情绪,抢筹,资金撤退型,纯资金炒作(亏损风险),C,谨慎：纯资金炒作,27.3
000521,长虹美菱,4.43,-69.6,2.28,96.2,-4.15,-7692527,-16926439,-22552581,2516454,-1769832,-3853724,缩量,低,情绪退潮,观望,资金撤退型,,D,回避：资金撤退,-1.4
000519,中兵红箭,15.39,-43.4,3.32,52.8,-7.38,-338795185,-350538831,-334774066,17347333,5169412,-29431128,缩量,低,情绪退潮,观望,资金观望型,,D,回避：资金观望,-2.5
000520,凤凰航运,4.1,-27.9,2.48,-8.0,-3.34,-25280888,-64644186,19613023,-14421479,-9158516,11612409,缩量,低,情绪退潮,观望,长线吸筹型,,D,回避：资金观望,-1.1
000516,国际医学,4.24,-27.2,0.91,79.8,-5.76,-25777052,16978225,-4430998,5299443,4847345,-278746,缩量,低,情绪退潮,吸筹,资金观望型,纯资金炒作(亏损风险),C,谨慎：纯资金炒作,2.1
000525,红太阳,4.53,-24.8,0.9,-16.4,-5.08,-20903373,-38921660,-106743934,-4234596,-5589865,664502,缩量,低,情绪退潮,观望,资金撤退型,,D,回避：资金撤退,-1.7
000523,红棉股份,3.39,934.7,1.0,183.8,-8.94,-364904172,-571325594,-578601900,-40756520,-16615520,75950357,放量,低,游资情绪,观望,资金撤退型,,D,回避：资金撤退,5.0
000518,四环生物,3.82,-58.5,4.76,-41.0,-0.63,-3148552,-6753250,13593983,6520041,4416289,-3339142,缩量,低,情绪退潮,吸筹,资金观望型,纯资金炒作(亏损风险),C,谨慎：纯资金炒作,3.8
000526,学大教育,35.22,-56.4,1.32,-50.0,-3.07,-9559193,-7632640,-38372597,-2519281,-60714,1279554,缩量,低,情绪退潮,观望,资金观望型,,D,回避：资金观望,-1.0
000528,柳    工,7.65,-31.6,1.04,13.6,-3.57,-48061526,-92025291,-130273719,-9959149,-18380410,-8435117,缩量,低,情绪退潮,观望,资金撤退型,,D,回避：资金撤退,-1.2
000530,冰山冷热,5.2,-19.1,0.53,-44.9,-2.4,-6280244,-26991372,-7220597,1547088,709533,3025641,缩量,低,情绪退潮,观望,资金观望型,,D,回避：资金观望,-0.8
000531,穗恒运Ａ,5.65,-47.3,0.29,79.5,-1.75,-5537647,10864082,-8070525,-38624,-928325,2732338,缩量,低,情绪退潮,观望,资金观望型,,D,回避：资金观望,-0.6
000533,顺钠股份,11.23,10.9,0.44,-28.2,-3.4,-90171879,-118482709,-17861288,59873219,50378629,-77657560,缩量,低,情绪退潮,观望,资金观望型,,D,回避：资金观望,-1.1
000537,绿发电力,7.53,-32.8,0.18,69.2,-7.2,-61198951,-40818906,-93029675,4743239,4010686,939274,缩量,低,情绪退潮,观望,资金观望型,,D,回避：资金观望,-2.4
000534,万泽股份,23.87,-53.3,0.47,-1.3,-1.28,-15395317,-6480939,-85057988,-4598812,-747211,7565466,缩量,低,情绪退潮,观望,资金观望型,,D,回避：资金观望,-0.4
000539,粤电力Ａ,5.21,-68.5,0.46,54.3,-4.49,-64671141,-38239093,-72745160,-11308927,-2224937,29764194,缩量,低,情绪退潮,观望,资金观望型,,D,回避：资金观望,-1.5
000529,广弘控股,4.86,-9.6,0.79,12.7,3.35,3835989,-1453910,642458,1742533,972965,-2166997,缩量,低,情绪退潮,进场,资金观望型,资金+业绩共振(双击候选),B,关注：资金+业绩共振,73.1
000541,佛山照明,4.91,-67.8,1.13,-17.9,-3.55,-3284039,-11106077,-12756638,-659630,-524300,558415,缩量,低,情绪退潮,观望,资金撤退型,,D,回避：资金撤退,-1.2
000543,皖能电力,7.35,-57.5,0.74,10.5,-2.86,-23250977,-59097783,-147489073,-5718449,-1090811,5121392,缩量,低,情绪退潮,观望,资金撤退型,,D,回避：资金撤退,-1.0
000532,华金资本,12.96,728.1,0.45,211.1,3.98,52091749,88859720,79017148,127337216,135695654,-76657205,放量,低,游资情绪,抢筹,趋势转多型,资金+业绩共振(双击候选),B,关注：资金+业绩共振,89.3
000546,金圆股份,4.49,-59.6,0.12,-22.2,-1.59,-2774270,-12731716,-12132259,-1671195,-45575,-1368623,缩量,低,情绪退潮,观望,资金观望型,,D,回避：资金观望,-0.5
000538,云南白药,51.05,-28.3,1.6,1.1,2.03,39759902,27036329,-13122738,47538176,10323975,-59954645,缩量,低,情绪退潮,进场,资金观望型,资金+业绩共振(双击候选),B,关注：资金+业绩共振,72.7
000545,金浦钛业,2.2,-40.8,0.96,-44.8,0.09,365013,-38141962,-3272477,7836451,4947657,-6246175,缩量,低,情绪退潮,进场,长线吸筹型,纯资金炒作(亏损风险),C,谨慎：纯资金炒作,12.0
000550,江铃汽车,16.69,59.8,0.62,1.3,-2.53,-9686514,-9024632,-24292935,1554311,992445,-7929729,放量,低,游资情绪,观望,资金观望型,,D,回避：资金观望,7.2
000554,泰山石油,6.36,-54.9,0.92,20.6,-0.05,-322616,8575633,9289651,-6636209,-3347049,8015001,缩量,低,情绪退潮,观望,资金观望型,,D,回避：资金观望,-0.0
000548,湖南投资,4.57,-39.4,0.74,-5.6,0.58,742645,-12674507,-3709323,1698100,-540040,-561236,缩量,低,情绪退潮,进场,长线吸筹型,资金+业绩共振(双击候选),B,关注：资金+业绩共振,72.2
000557,西部创业,3.67,-12.8,1.05,-10.0,-1.83,-2353333,-5561753,-11336911,2292916,2542866,-3455143,缩量,低,情绪退潮,观望,资金撤退型,,D,回避：资金撤退,-0.6
000547,航天发展,14.93,-45.5,0.37,16.0,-5.72,-187836337,-68438699,-241207870,50853233,52503610,-42257219,缩量,低,情绪退潮,吸筹,资金观望型,纯资金炒作(亏损风险),C,谨慎：纯资金炒作,2.1
000558,天府文旅,3.59,13.6,0.71,-13.9,-3.59,-20491972,-4866799,-43614390,-7537330,-4153135,12332946,缩量,低,情绪退潮,观望,资金观望型,,D,回避：资金观望,-1.2
000551,创元科技,12.36,-64.6,2.02,-20.2,-3.51,-22431272,-56873447,-156087810,11848410,10656206,-6698754,缩量,低,情绪退潮,吸筹,资金撤退型,机构吸筹+盈利(关注),C,谨慎：资金流入未验证业绩,22.8
000561,烽火电子,7.86,21.9,1.0,52.2,1.83,12190597,4675008,5917488,-1078397,-109789,8034326,缩量,低,情绪退潮,观望,资金观望型,,D,回避：资金观望,0.6
000552,甘肃能化,2.46,-15.6,0.37,-15.2,6.86,56612503,19200493,2036968,1678654,-4726717,-7084323,缩量,中,主力惜售,进场,资金观望型,纯资金炒作(亏损风险),C,谨慎：纯资金炒作,26.3
000553,安道麦A,5.59,-37.1,1.17,0.7,1.33,2979226,-1897212,-24189705,2213688,2509921,-2719518,缩量,低,情绪退潮,进场,资金观望型,纯资金炒作(亏损风险),C,谨慎：纯资金炒作,12.4
000563,陕国投Ａ,2.94,-35.0,0.87,-21.2,-0.19,-914173,133661,-34483907,5554041,3201817,-9288616,缩量,低,情绪退潮,观望,资金观望型,,D,回避：资金观望,-0.1
000559,万向钱潮,11.02,47.5,0.25,2.0,1.72,32544079,-15233586,-109531370,51013223,42763638,-63806964,缩量,低,情绪退潮,进场,资金观望型,资金+业绩共振(双击候选),B,关注：资金+业绩共振,72.6
000560,我爱我家,2.9,657.4,0.89,9.4,-0.34,-13921667,586356993,625597725,74851302,57824501,-58340828,放量,低,游资情绪,抢筹,资金观望型,纯资金炒作(亏损风险),C,谨慎：纯资金炒作,27.9
000566,海南海药,4.61,-81.1,8.08,-55.7,-2.72,-26278680,-58174846,23939541,-14709603,-11254818,6690169,缩量,低,情绪退潮,观望,长线吸筹型,,D,回避：资金观望,-0.9
000568,泸州老窖,71.92,-68.6,1.46,-41.2,-1.78,-38741919,-175480344,-395951457,18751048,6880666,-39993429,缩量,低,情绪退潮,观望,资金撤退型,,D,回避：资金撤退,-0.6
000565,渝三峡Ａ,6.64,96.1,0.74,102.1,-12.25,-118531416,37184685,69008250,-9488483,-6919470,5900783,放量,低,游资情绪,观望,资金观望型,,D,回避：资金观望,3.9
000567,海德股份,6.11,-36.1,2.31,-40.7,-5.28,-34185037,-25762432,21234180,-8484431,-9561596,3436144,缩量,低,情绪退潮,观望,高位分歧型,,D,回避：资金观望,-1.8
000570,苏常柴Ａ,5.26,-22.5,0.21,-23.7,-7.99,-16038036,-17374241,-39626938,3548806,2143333,-5744300,缩量,低,情绪退潮,观望,资金撤退型,,D,回避：资金撤退,-2.7
000564,供销大集,1.52,8.0,0.9,-12.0,-4.96,-91480120,-104335061,-172724399,24848154,24749764,-8810151,缩量,低,情绪退潮,吸筹,资金撤退型,纯资金炒作(亏损风险),C,谨慎：纯资金炒作,2.3
000576,甘化科工,8.28,-14.3,1.31,-48.3,-6.22,-32516730,-78721227,-3411472,-7789339,-3711642,9441700,缩量,低,情绪退潮,观望,长线吸筹型,,D,回避：资金观望,-2.1
000581,威孚高科,18.15,-50.2,0.43,-51.2,-3.88,-15215341,-19840166,-42676667,6880540,1731095,-5127512,缩量,低,情绪退潮,观望,资金撤退型,,D,回避：资金撤退,-1.3
000582,北部湾港,9.81,14.1,1.92,67.4,-14.86,-526942354,-836267181,-800874437,-48182522,-23706852,73993098,缩量,低,情绪退潮,观望,资金观望型,,D,回避：资金观望,-5.0
000572,海马汽车,4.31,257.3,1.39,210.5,8.63,332535930,358348675,335304027,42209153,51898758,1714839,放量,中,主力偏强放量,进场,趋势转多型,纯资金炒作(亏损风险),C,谨慎：纯资金炒作,30.9
000571,新大洲A,6.55,-11.5,1.93,7.3,6.04,50195875,22873906,-20769213,8171734,773708,-341754,缩量,中,主力惜售,吸筹,资金观望型,纯资金炒作(亏损风险),C,谨慎：纯资金炒作,18.0
000586,汇源通信,13.62,54.4,0.13,39.8,-4.91,-38562096,-1119567,34626600,-14947413,-18433666,11731768,放量,低,游资情绪,观望,资金观望型,,D,回避：资金观望,6.4
000573,粤宏远Ａ,3.73,-49.3,0.56,-41.2,4.18,8071974,7714355,-11464800,3064878,1078057,-5750325,缩量,低,情绪退潮,进场,资金观望型,资金+业绩共振(双击候选),B,关注：资金+业绩共振,73.4
000591,太阳能,4.29,1.1,0.32,53.1,-0.37,-4066950,-24919739,-54218562,-2575261,-1633309,23515206,缩量,低,情绪退潮,观望,资金撤退型,,D,回避：资金撤退,-0.1
000593,德龙汇能,21.7,-59.8,0.82,-42.3,-0.66,-6130290,-2003708,-136927071,556268,-2108970,-14972951,缩量,低,情绪退潮,观望,资金观望型,,D,回避：资金观望,-0.2
000592,平潭发展,8.63,310.9,0.55,113.6,1.07,162432204,820377259,1379031026,-53806190,-123191267,-37169869,放量,低,游资情绪,观望,均衡流入型,,D,回避：资金观望,8.4
000595,新能股份,5.27,-70.6,2.43,-44.0,-4.0,-20835927,-72391303,-39808726,-10956536,-7325043,17482204,缩量,低,情绪退潮,观望,长线吸筹型,,D,回避：资金观望,-1.3
000596,古井贡酒,93.78,-58.4,1.88,-35.0,-1.73,-19208747,-3363701,-18793608,28869588,2761038,-22134824,缩量,低,情绪退潮,观望,资金观望型,,D,回避：资金观望,-0.6
000590,古汉医药,8.88,-46.0,0.86,-41.0,1.59,1853492,-2567829,4387068,983274,0,-1496963,缩量,低,情绪退潮,进场,资金观望型,纯资金炒作(亏损风险),C,谨慎：纯资金炒作,12.5
000598,兴蓉环境,7.02,-33.4,1.56,-14.0,-2.61,-14352019,-33570815,-77981405,-9664486,-6759323,-13757868,缩量,低,情绪退潮,观望,资金撤退型,,D,回避：资金撤退,-0.9
000599,青岛双星,4.51,17.3,0.96,27.4,-1.16,-3018894,4035791,-5994531,-78356,-1444669,-1368174,缩量,低,情绪退潮,观望,资金观望型,,D,回避：资金观望,-0.4
000600,建投能源,7.3,-62.2,1.41,-3.7,-6.23,-41344023,-45574289,-130376511,-5652164,-5180802,10817124,缩量,低,情绪退潮,观望,资金撤退型,,D,回避：资金撤退,-2.1
000601,韶能股份,6.27,-58.1,0.44,54.1,-8.21,-104005236,-63902874,-72893388,-21090312,-8637899,42008199,缩量,低,情绪退潮,观望,资金观望型,,D,回避：资金观望,-2.7
000608,阳光股份,7.1,-62.2,4.63,1.3,-1.68,-8368270,-6905142,20935469,-2293424,2175497,5769489,缩量,低,情绪退潮,观望,资金观望型,,D,回避：资金观望,-0.6
000612,焦作万方,11.4,-4.2,0.88,36.1,0.35,10010045,-105120986,-107977436,-17157771,-15267450,14968350,缩量,低,情绪退潮,观望,资金观望型,,D,回避：资金观望,0.1
000597,东北制药,4.66,-25.5,0.87,-43.6,1.71,3281275,15403693,-19079768,4513918,3137556,-4963547,缩量,低,情绪退潮,进场,趋势转多型,资金+业绩共振(双击候选),B,关注：资金+业绩共振,72.6
000603,盛达资源,34.76,19.5,1.65,-53.6,-2.58,-154029254,-297585192,-399267997,72357245,57530985,-49345389,缩量,低,情绪退潮,吸筹,资金撤退型,机构吸筹+盈利(关注),C,谨慎：资金流入未验证业绩,23.1
000605,渤海股份,5.78,-37.3,0.91,-9.9,0.97,1037233,1252829,5407249,1673661,0,-136786,缩量,低,情绪退潮,进场,均衡流入型,资金+业绩共振(双击候选),B,关注：资金+业绩共振,72.3
000607,华媒控股,4.12,347.8,0.95,97.2,5.31,37747039,30060344,42490935,4957645,8347931,-17020977,放量,中,主力偏强放量,进场,资金观望型,纯资金炒作(亏损风险),C,谨慎：纯资金炒作,29.8
000625,长安汽车,7.12,-62.9,0.89,44.0,1.09,20256553,118319227,1232779,-22735636,-17641129,14444484,缩量,低,情绪退潮,观望,趋势转多型,,D,回避：资金观望,0.4
000617,中油资本,6.88,-35.1,0.45,-50.4,-5.04,-100529036,-182850909,-614854302,48054463,51331775,-40652645,缩量,低,情绪退潮,吸筹,资金撤退型,机构吸筹+盈利(关注),C,谨慎：资金流入未验证业绩,22.3
000626,远大控股,8.85,82.9,0.27,3.6,-6.38,-49549108,-53068972,19178409,-5216380,-1747824,5949141,放量,低,游资情绪,观望,长线吸筹型,,D,回避：资金观望,5.9
000620,盈新发展,3.2,-11.1,3.77,-12.0,2.99,127912886,334510775,196738485,16311550,8320573,-17322591,缩量,低,情绪退潮,进场,趋势转多型,纯资金炒作(亏损风险),C,谨慎：纯资金炒作,13.0
000630,铜陵有色,6.09,-59.0,1.36,-31.1,-18.56,-764180339,-878008458,-1292026355,51013640,43359794,-50571235,缩量,低,情绪退潮,观望,资金撤退型,,D,回避：资金撤退,-6.2
000629,钒钛股份,2.89,-63.4,0.93,-25.3,-14.11,-119736220,-125152675,-174996248,-2769369,-7203879,3089576,缩量,低,情绪退潮,观望,资金撤退型,,D,回避：资金撤退,-4.7
000631,顺发恒能,2.91,-34.6,0.57,-3.0,-1.58,-1993889,-11681294,-13530415,513446,1804676,727945,缩量,低,情绪退潮,观望,资金撤退型,,D,回避：资金撤退,-0.5
000635,英 力 特,7.29,123.9,0.69,9.3,-1.54,-6203780,-2045803,-36016333,3611442,-992742,-2670762,放量,低,游资情绪,观望,资金观望型,,D,回避：资金观望,7.5
000623,吉林敖东,17.56,-51.8,1.81,-37.0,-12.75,-77645413,-107633311,-38273995,18461898,16588697,-12979704,缩量,低,情绪退潮,吸筹,长线吸筹型,机构吸筹+盈利(关注),C,谨慎：资金流入未验证业绩,19.8
000628,高新发展,60.48,98.6,0.49,-17.6,-3.95,-121875173,-142091887,252467751,51261270,72875269,-12847593,放量,低,游资情绪,抢筹,长线吸筹型,机构吸筹+盈利(关注),C,谨慎：资金流入未验证业绩,46.7
000637,茂化实华,4.11,-37.4,1.07,-7.9,4.26,6690804,8052427,5458354,-204550,0,649889,缩量,低,情绪退潮,观望,趋势转多型,,D,回避：资金观望,1.4
000633,合金投资,5.14,-32.9,0.65,8.8,6.1,11681350,8414017,13698573,4049359,614653,-4139414,缩量,中,主力惜售,进场,资金观望型,资金+业绩共振(双击候选),B,关注：资金+业绩共振,86.0
000636,风华高科,58.2,3.3,4.81,25.9,2.46,1104585175,1371863745,-252900838,225552383,239310119,-143619975,缩量,低,情绪退潮,吸筹,趋势转多型,资金+业绩共振(双击候选),B,关注：资金+业绩共振,64.8
000652,泰达股份,3.35,-12.5,0.56,28.2,-6.19,-12205809,-2333603,-16573492,-1097292,-747263,-1803467,缩量,低,情绪退潮,观望,资金观望型,,D,回避：资金观望,-2.1
000650,仁和药业,5.18,-54.9,1.47,-34.1,2.56,8186106,11963823,7915844,564018,582328,-4896324,缩量,低,情绪退潮,进场,趋势转多型,资金+业绩共振(双击候选),B,关注：资金+业绩共振,72.9
000655,金岭矿业,7.12,-12.3,0.74,-19.4,-4.69,-8396834,-7117149,19126469,1740469,0,-3837348,缩量,低,情绪退潮,观望,长线吸筹型,,D,回避：资金观望,-1.6
000663,永安林业,5.95,18.1,0.73,-15.5,-0.55,-1263263,-1466943,-579983,-839181,-502180,-1166695,缩量,低,情绪退潮,观望,资金观望型,,D,回避：资金观望,-0.2
000659,珠海中富,2.8,-47.5,0.92,-25.6,-9.14,-25946542,-17699326,-3398625,-1827563,-2340920,386215,缩量,低,情绪退潮,观望,高位分歧型,,D,回避：资金观望,-3.0
000665,湖北广电,4.07,-0.4,0.95,-23.3,-1.36,-4054299,-9497291,-37524481,-1583923,-3924946,2161339,缩量,低,情绪退潮,观望,资金撤退型,,D,回避：资金撤退,-0.5
000661,长春高新,71.5,-48.8,2.07,-38.7,1.33,18175585,40127914,-18580183,-35336388,-28585610,25744428,缩量,低,情绪退潮,观望,趋势转多型,,D,回避：资金观望,0.4
000651,格力电器,38.56,-46.9,1.95,-37.4,-5.01,-262235746,-326734435,-759349046,24098913,24393832,-12960187,缩量,低,情绪退潮,吸筹,资金撤退型,机构吸筹+盈利(关注),C,谨慎：资金流入未验证业绩,22.3
000668,荣丰控股,21.04,-4.2,2.97,-41.6,0.65,1757895,-16722770,9089493,-2591634,-2685760,-972239,缩量,低,情绪退潮,观望,长线吸筹型,,D,回避：资金观望,0.2
000657,中钨高新,61.76,-31.4,1.15,-20.7,-0.22,-46734335,-598812303,-1299466416,180580570,158929870,-129926982,缩量,低,情绪退潮,吸筹,资金撤退型,机构吸筹+盈利(关注),C,谨慎：资金流入未验证业绩,23.9
000656,金科股份,1.25,-6.1,2.21,-32.4,-6.27,-53390527,-56274579,-39888000,29608079,53554406,-2231688,缩量,低,情绪退潮,吸筹,资金观望型,机构吸筹+盈利(关注),C,谨慎：资金流入未验证业绩,21.9
000672,上峰材料,15.02,-58.5,2.82,-5.1,-2.91,-33216757,-13612257,-3761973,-6036875,-14000428,-10956046,缩量,低,情绪退潮,观望,资金观望型,,D,回避：资金观望,-1.0
000676,智度股份,6.7,-74.4,4.15,-42.0,-5.77,-59008310,-134821211,-242135342,-2875311,4111748,-5133931,缩量,低,情绪退潮,观望,资金撤退型,,D,回避：资金撤退,-1.9
000679,大连友谊,6.43,25.6,1.78,273.9,3.22,16306294,21981456,21751747,-3259826,-3091721,3368518,缩量,低,情绪退潮,观望,趋势转多型,,D,回避：资金观望,1.1
000678,襄阳轴承,8.96,-18.3,0.82,-47.3,1.55,5795803,-10116640,-42165514,-10199633,-5650004,9974087,缩量,低,情绪退潮,观望,资金观望型,,D,回避：资金观望,0.5
000681,视觉中国,16.32,-53.1,1.52,-10.7,-6.71,-90447673,-43881940,-57109722,23205535,10141499,-21788760,缩量,低,情绪退潮,观望,资金观望型,,D,回避：资金观望,-2.2
000680,山推股份,9.38,-39.3,0.77,21.3,-3.21,-30996196,-88567941,-90055491,21486779,9954228,-32618678,缩量,低,情绪退潮,观望,资金撤退型,,D,回避：资金撤退,-1.1
000670,盈方微,7.87,118.0,1.19,35.4,4.47,135831756,103636822,79988205,78147560,61259280,-34134181,放量,低,游资情绪,抢筹,资金观望型,纯资金炒作(亏损风险),C,谨慎：纯资金炒作,29.5
000686,东北证券,7.73,-58.9,1.02,-35.5,-8.45,-37833218,-41189356,-34651894,1648610,3977352,-5262110,缩量,低,情绪退潮,观望,资金观望型,,D,回避：资金观望,-2.8
000682,东方电子,10.72,-63.4,0.71,-22.4,-9.92,-37733373,-70294783,-169010365,-2199765,439985,1200794,缩量,低,情绪退潮,观望,资金撤退型,,D,回避：资金撤退,-3.3
000685,中山公用,10.91,-58.0,1.29,-39.0,-4.15,-19629940,-57682114,-132795791,4932568,3938498,-5421926,缩量,低,情绪退潮,观望,资金撤退型,,D,回避：资金撤退,-1.4
000688,国城矿业,25.6,-38.3,0.56,-54.4,-0.03,-566110,-54900604,-234746156,-27105520,-25731918,-3076051,缩量,低,情绪退潮,观望,资金撤退型,,D,回避：资金撤退,-0.0
000695,滨海能源,13.06,-47.8,0.55,-68.0,-3.22,-7648213,-7076469,30182208,-2029077,3761612,1691234,缩量,低,情绪退潮,观望,长线吸筹型,,D,回避：资金观望,-1.1
000691,亚太实业,9.35,-62.3,3.6,-31.0,-8.13,-22928756,-39297962,-51607663,5988644,3599567,1981004,缩量,低,情绪退潮,观望,资金撤退型,,D,回避：资金撤退,-2.7
000692,惠天热电,4.22,-15.9,0.78,-37.3,-2.22,-6224132,-20980774,-22359692,2912167,-1094636,-1749487,缩量,低,情绪退潮,观望,资金撤退型,,D,回避：资金撤退,-0.7
000697,炼石航空,9.01,-44.6,1.44,-24.4,-10.02,-24325247,-17582788,-20422959,1142050,-1442655,-541514,缩量,低,情绪退潮,观望,资金观望型,,D,回避：资金观望,-3.3
000683,博源化工,5.7,-40.6,1.02,-31.0,3.64,53496397,26566516,159037686,32721450,31302063,-18915620,缩量,低,情绪退潮,吸筹,资金观望型,资金+业绩共振(双击候选),B,关注：资金+业绩共振,65.2
000700,模塑科技,11.91,-15.7,1.91,33.1,1.47,45188989,136967559,140148143,-10340044,-15828217,9621220,缩量,低,情绪退潮,观望,均衡流入型,,D,回避：资金观望,0.5
000690,宝新能源,5.31,7.3,0.26,30.5,-1.83,-27310435,-93703594,-150331343,17502088,14306026,-9851583,缩量,低,情绪退潮,吸筹,资金撤退型,机构吸筹+盈利(关注),C,谨慎：资金流入未验证业绩,23.4
000702,正虹科技,5.62,-0.5,0.55,180.5,-3.16,-9080596,7099564,5326502,-1757735,352857,2919661,缩量,低,情绪退潮,观望,资金观望型,,D,回避：资金观望,-1.1
000703,恒逸石化,16.95,-20.6,1.77,-37.8,1.78,108913384,68903878,613534074,-60852183,-36448204,37970024,缩量,低,情绪退潮,观望,长线吸筹型,,D,回避：资金观望,0.6
000701,厦门信达,5.17,-19.9,0.96,1.9,-3.06,-9483087,5896869,4862699,-5978355,-6240432,1975021,缩量,低,情绪退潮,观望,资金观望型,,D,回避：资金观望,-1.0
000708,中信特钢,13.0,-28.9,0.93,-6.4,1.15,8593510,19461563,6581605,-26565583,-8986276,9340547,缩量,低,情绪退潮,观望,趋势转多型,,D,回避：资金观望,0.4
000711,京蓝科技,4.89,5.8,0.82,-26.9,-7.78,-191244969,-954424290,-1433637963,-1140126,13018345,3814937,缩量,低,情绪退潮,观望,资金撤退型,,D,回避：资金撤退,-2.6
000712,锦龙股份,10.0,198.7,1.79,-34.8,-5.83,-148143105,-285722093,188960160,25047400,25860170,-38623695,放量,低,游资情绪,观望,长线吸筹型,,D,回避：资金观望,6.1
000713,国投丰乐,6.53,896.3,0.53,41.4,3.95,71718742,36061577,87132577,-3611079,-10935862,37472776,放量,低,游资情绪,观望,资金观望型,,D,回避：资金观望,9.3
000715,中兴商业,5.39,17.1,0.1,-23.4,-1.13,-2947534,-25864762,-25907756,-562055,917568,626368,缩量,低,情绪退潮,观望,资金撤退型,,D,回避：资金撤退,-0.4
000705,浙江震元,6.91,-23.5,1.2,-11.4,2.2,3443380,-4280951,-7593555,991844,-655906,-1928865,缩量,低,情绪退潮,进场,资金观望型,资金+业绩共振(双击候选),B,关注：资金+业绩共振,72.7
000707,双环科技,4.44,-18.3,0.17,19.9,8.58,13323006,2117638,-5635738,5731439,1969765,-5895090,缩量,中,主力惜售,进场,资金观望型,纯资金炒作(亏损风险),C,谨慎：纯资金炒作,26.9
000709,河钢股份,2.06,-39.4,1.31,-4.3,7.0,43324224,37673058,27836220,-98053,-599451,-3989853,缩量,中,主力惜售,进场,资金观望型,资金+业绩共振(双击候选),B,关注：资金+业绩共振,86.3
000710,贝瑞基因,9.05,183.7,1.79,-61.1,-1.13,-7105972,-17415584,-54023761,86196977,103097585,-54660300,放量,低,游资情绪,抢筹,资金撤退型,纯资金炒作(亏损风险),C,谨慎：纯资金炒作,27.6
000716,黑芝麻,5.07,58.0,1.97,-47.7,-2.71,-19968115,-95410567,-12146471,-1083483,-4140386,-1093560,放量,低,游资情绪,观望,长线吸筹型,,D,回避：资金观望,7.1
000719,中原传媒,12.24,-10.9,0.44,-20.1,-1.43,-3969039,3150010,-10142729,-4422594,-2682130,-213586,缩量,低,情绪退潮,观望,资金观望型,,D,回避：资金观望,-0.5
000721,西安饮食,6.18,73.2,1.23,1.2,-8.15,-66965351,-26477199,102570636,756936,415006,-4025016,放量,低,游资情绪,观望,高位分歧型,,D,回避：资金观望,5.3
000722,湖南发展,14.26,5.8,0.46,315.7,-2.12,-68643246,88954502,91865484,12198716,11604858,-23897202,缩量,低,情绪退潮,观望,资金观望型,,D,回避：资金观望,-0.7
000723,美锦能源,3.59,0.6,0.71,-49.2,-4.46,-51367459,-10013110,212326698,-9443938,-3470064,14087982,缩量,低,情绪退潮,观望,高位分歧型,,D,回避：资金观望,-1.5
000717,中南股份,2.19,-17.8,1.17,-22.3,8.45,16406063,14348985,-2648029,2254172,3254087,-3170617,缩量,中,主力惜售,吸筹,资金观望型,纯资金炒作(亏损风险),C,谨慎：纯资金炒作,18.8
000718,苏宁环球,2.01,38.0,0.93,-17.3,5.08,10227575,4627737,-2233771,1856477,3850113,2486969,缩量,中,主力惜售,进场,资金观望型,资金+业绩共振(双击候选),B,关注：资金+业绩共振,85.7
000720,新能泰山,4.05,76.8,0.28,33.3,11.82,152110486,140263461,108194282,3732959,8008132,15513776,放量,高,主力主导放量🔥(最强),进场,资金观望型,纯资金炒作(亏损风险),C,谨慎：纯资金炒作,35.9
000726,鲁  泰Ａ,6.2,221.9,0.6,107.4,2.48,12069583,1490791,-13305123,-4881131,-2437222,-3337079,放量,低,游资情绪,观望,资金观望型,,D,回避：资金观望,8.8
000727,冠捷科技,2.24,-54.8,0.83,-35.1,2.0,10536916,6469545,-29608548,-1503313,-3875778,-215561,缩量,低,情绪退潮,观望,资金观望型,,D,回避：资金观望,0.7
000728,国元证券,7.47,-51.7,1.0,-54.7,-4.7,-28935462,-97127583,-302313790,7533558,7659962,-18670205,缩量,低,情绪退潮,观望,资金撤退型,,D,回避：资金撤退,-1.6
000733,振华科技,41.0,-66.1,2.95,-6.5,-2.31,-51067631,-107746401,-113796179,-1557890,3935921,30566747,缩量,低,情绪退潮,观望,资金撤退型,,D,回避：资金撤退,-0.8
000735,罗 牛 山,5.96,254.6,0.84,114.0,1.53,40940408,130048942,-17755724,-8459371,-1712392,19865724,放量,低,游资情绪,观望,趋势转多型,,D,回避：资金观望,8.5
000725,京东方Ａ,5.92,-39.4,7.02,-0.2,4.12,1537446522,-1250542604,-3679148416,575951633,486518025,-256141283,缩量,低,情绪退潮,吸筹,资金观望型,资金+业绩共振(双击候选),B,关注：资金+业绩共振,65.4
000738,航发控制,19.16,-27.0,0.54,15.7,-10.33,-121104525,-65630342,-42748420,-2734128,-7363611,-6588677,缩量,低,情绪退潮,观望,资金观望型,,D,回避：资金观望,-3.4
000737,北方铜业,14.4,72.5,1.6,34.2,-4.53,-282748720,176458816,125665895,88544356,79571299,-82078380,放量,低,游资情绪,观望,资金观望型,,D,回避：资金观望,6.5
000739,普洛药业,23.48,-17.9,1.91,-15.0,-0.9,-13405117,-97770304,-128322946,10111087,2389419,-8058423,缩量,低,情绪退潮,观望,资金撤退型,,D,回避：资金撤退,-0.3
000729,燕京啤酒,10.76,-21.7,0.74,-12.5,0.12,1350939,35068857,66327381,34794940,-6444753,-19426860,缩量,低,情绪退潮,进场,均衡流入型,资金+业绩共振(双击候选),B,关注：资金+业绩共振,72.0
000731,四川美丰,7.84,114.0,0.36,8.5,7.37,60466605,32902515,130922993,25813446,12751538,-20423505,放量,中,主力偏强放量,进场,资金观望型,纯资金炒作(亏损风险),C,谨慎：纯资金炒作,30.5
000750,国海证券,3.65,-23.3,1.64,-19.3,-6.82,-42030325,-39513429,-4487607,7010165,4204810,-15843711,缩量,低,情绪退潮,观望,高位分歧型,,D,回避：资金观望,-2.3
000736,中交发展,4.52,72.6,1.86,-53.9,2.5,7672614,-35833027,-15876219,10359983,12873060,-6297953,放量,低,游资情绪,抢筹,资金观望型,纯资金炒作(亏损风险),C,谨慎：纯资金炒作,28.8
000758,中色股份,5.98,-49.5,0.85,-25.0,-7.35,-45961432,-73352536,-108513079,1235151,72669,453562,缩量,低,情绪退潮,观望,资金撤退型,,D,回避：资金撤退,-2.4
000759,中百集团,6.6,61.7,5.48,171.5,1.08,62196146,137894086,247627133,-3082142,-9642112,13827971,放量,低,游资情绪,观望,均衡流入型,,D,回避：资金观望,8.4
000751,锌业股份,4.63,-76.5,0.37,-52.8,-6.15,-37261518,-74101490,-52477074,6133648,3176262,-2924773,缩量,低,情绪退潮,吸筹,资金观望型,机构吸筹+盈利(关注),C,谨慎：资金流入未验证业绩,21.9
000755,山西高速,4.69,-15.5,0.56,7.5,1.02,1134339,1706904,-2256319,1074776,0,-1136639,缩量,低,情绪退潮,进场,趋势转多型,资金+业绩共振(双击候选),B,关注：资金+业绩共振,72.3
000753,漳州发展,5.37,347.8,0.97,121.5,6.46,93182616,118741741,136414063,30457076,18190595,-49811880,放量,中,主力偏强放量,进场,均衡流入型,资金+业绩共振(双击候选),B,关注：资金+业绩共振,90.2
000766,通化金马,15.58,-65.5,1.47,-7.9,0.58,4799572,28969338,35173571,-8971591,-8731999,-3556127,缩量,低,情绪退潮,观望,均衡流入型,,D,回避：资金观望,0.2
000757,浩物股份,4.18,-53.0,1.13,-9.3,0.29,518481,-8547885,-16296998,971540,-724782,-3910781,缩量,低,情绪退潮,进场,资金观望型,资金+业绩共振(双击候选),B,关注：资金+业绩共振,72.1
000767,晋控电力,3.45,-56.9,0.63,63.1,-1.44,-25937451,21604562,-18615357,4779715,7857443,8327878,缩量,低,情绪退潮,观望,资金观望型,,D,回避：资金观望,-0.5
000756,新华制药,13.34,-20.0,4.97,-10.1,-4.02,-17635287,-33262688,-108312402,22711229,23406442,-11094501,缩量,低,情绪退潮,吸筹,资金撤退型,机构吸筹+盈利(关注),C,谨慎：资金流入未验证业绩,22.7
000768,中航西飞,22.35,-19.0,0.71,-29.4,-9.83,-230615027,-461154171,-602365373,-3907973,-12914288,-20237344,缩量,低,情绪退潮,观望,资金撤退型,,D,回避：资金撤退,-3.3
000778,新兴铸管,3.61,-31.5,0.63,22.8,-4.74,-32619223,6880757,-74950615,-4332978,-6052997,3133387,缩量,低,情绪退潮,观望,资金观望型,,D,回避：资金观望,-1.6
000761,本钢板材,2.27,-8.8,1.05,-2.5,9.19,16078462,13224871,3159462,3668907,1840466,-1340374,缩量,中,主力惜售,吸筹,资金观望型,纯资金炒作(亏损风险),C,谨慎：纯资金炒作,19.1
000762,西藏矿业,21.86,-64.2,0.2,-37.1,-6.35,-50372324,-66606242,-38552617,2535151,3355111,-2170826,缩量,低,情绪退潮,吸筹,资金观望型,纯资金炒作(亏损风险),C,谨慎：纯资金炒作,1.9
000779,甘咨询,8.84,-44.9,8.88,-45.3,-0.92,-13332828,-257630277,11926515,-7055873,-351318,9948461,缩量,低,情绪退潮,观望,长线吸筹型,,D,回避：资金观望,-0.3
000777,中核科技,16.73,-77.9,1.29,-23.9,-9.22,-24905470,-17967848,-44641221,1662865,1679734,-24058,缩量,低,情绪退潮,吸筹,资金观望型,机构吸筹+盈利(关注),C,谨慎：资金流入未验证业绩,20.9
000782,恒申新材,8.12,-6.4,0.73,-16.9,-3.68,-15415954,-37295893,-153244287,8996641,1266796,2309211,缩量,低,情绪退潮,观望,资金撤退型,,D,回避：资金撤退,-1.2
000776,广发证券,20.79,-40.8,1.73,-32.3,-7.66,-354864850,-295347232,-336593534,166103292,212656902,-75538544,缩量,低,情绪退潮,吸筹,资金观望型,机构吸筹+盈利(关注),C,谨慎：资金流入未验证业绩,21.4
000786,北新建材,15.93,-53.8,1.43,-42.2,-4.3,-49527702,-53943719,-116961874,2644196,-932460,-2723227,缩量,低,情绪退潮,观望,资金撤退型,,D,回避：资金撤退,-1.4
000795,英洛华,8.17,-70.7,1.56,-67.1,-13.46,-32905120,-78518206,2438600,-11399110,-7351259,4335096,缩量,低,情绪退潮,观望,长线吸筹型,,D,回避：资金观望,-4.5
000792,盐湖股份,24.74,-41.2,0.71,-32.8,-6.36,-348289620,-634395363,-642870308,34732648,2246202,-71717534,缩量,低,情绪退潮,观望,资金撤退型,,D,回避：资金撤退,-2.1
000791,甘肃能源,7.41,-10.4,0.43,56.7,-2.67,-25165658,-31651379,-51196044,11550943,22767028,4893522,缩量,低,情绪退潮,观望,资金撤退型,,D,回避：资金撤退,-0.9
000796,凯撒旅业,3.71,34.7,0.67,-23.9,-8.04,-97231894,-34971272,118786160,-702078,-2083753,2515089,缩量,低,情绪退潮,观望,高位分歧型,,D,回避：资金观望,-2.7
000783,长江证券,8.45,-64.8,6.35,-45.5,-13.94,-343258358,-363263978,-96615076,66146925,70785678,-40529907,缩量,低,情绪退潮,吸筹,长线吸筹型,机构吸筹+盈利(关注),C,谨慎：资金流入未验证业绩,19.4
000798,中水渔业,10.15,422.7,0.38,131.5,-4.32,-74838474,142334178,203076716,-13281796,-9332557,28195364,放量,低,游资情绪,观望,资金观望型,,D,回避：资金观望,6.6
000788,北大医药,5.3,-28.0,0.35,-37.9,3.77,10638567,-3852099,-43720527,508491,-6107861,-6942248,缩量,低,情绪退潮,进场,资金观望型,资金+业绩共振(双击候选),B,关注：资金+业绩共振,73.3
000789,万年青,4.05,1.7,0.72,238.4,9.03,12931656,45349531,44204789,-2651778,-2541023,928662,缩量,中,主力惜售,进场,短线抢筹型,资金+业绩共振(双击候选),B,关注：资金+业绩共振,87.0
000785,居然智家,2.23,19.8,0.97,-0.2,7.12,42921645,32162993,17613183,-14026548,-7512677,8576199,缩量,中,主力惜售,进场,资金观望型,纯资金炒作(亏损风险),C,谨慎：纯资金炒作,26.4
000790,华神科技,4.03,86.7,1.01,-12.4,-1.8,-5761399,-4595424,6448480,20367921,10435502,-19286790,放量,低,游资情绪,抢筹,资金观望型,纯资金炒作(亏损风险),C,谨慎：纯资金炒作,27.4
000799,酒鬼酒,37.26,-70.4,1.65,-26.8,-11.41,-80262735,-119416076,-139754876,5447052,1139740,-7294039,缩量,低,情绪退潮,观望,资金撤退型,,D,回避：资金撤退,-3.8
000801,四川九洲,12.15,-53.7,1.25,-43.5,-5.08,-27585901,-76489370,-88784612,220693,-3607722,4602500,缩量,低,情绪退潮,观望,资金撤退型,,D,回避：资金撤退,-1.7
000800,一汽解放,5.91,-44.9,1.21,5.5,1.58,9488987,36526207,20263360,-7269595,-10436090,3263999,缩量,低,情绪退潮,观望,趋势转多型,,D,回避：资金观望,0.5
000797,中国武夷,2.69,316.3,0.9,-7.0,-1.5,-8405668,-14319837,36116607,37441189,41858202,-34885693,放量,低,游资情绪,抢筹,长线吸筹型,纯资金炒作(亏损风险),C,谨慎：纯资金炒作,27.5
000802,北京文化,3.93,-26.5,1.17,-53.2,-1.24,-9697375,-37403736,-173990332,-2150997,-183828,-4283222,缩量,低,情绪退潮,观望,资金撤退型,,D,回避：资金撤退,-0.4
000803,山高环能,7.23,5.9,0.42,29.2,2.42,8402490,-1438621,-10833925,-3636443,1115769,-1154960,缩量,低,情绪退潮,观望,资金观望型,,D,回避：资金观望,0.8
000810,创维数字,9.7,-57.7,0.84,33.7,-0.59,-4854816,17377567,-7672299,-3265982,-596525,14523472,缩量,低,情绪退潮,观望,资金观望型,,D,回避：资金观望,-0.2
000813,德展健康,3.25,-42.4,1.0,44.1,-3.88,-19025427,-41841621,77176854,7365506,4900798,-5010892,缩量,低,情绪退潮,观望,长线吸筹型,,D,回避：资金观望,-1.3
000815,美利云,15.55,-63.0,0.51,-42.2,-5.99,-136406358,-244727311,-363085208,-5463176,-7443217,19796320,缩量,低,情绪退潮,观望,资金撤退型,,D,回避：资金撤退,-2.0
000816,智慧农业,2.85,63.5,0.72,43.2,4.89,32570527,76285847,135784787,-11497361,-11306200,14375200,放量,低,游资情绪,观望,主力建仓型,,D,回避：资金观望,9.6
000819,岳阳兴长,11.93,-49.4,0.24,-21.6,-5.61,-8787798,-5104521,-1658056,1622709,0,-259330,缩量,低,情绪退潮,观望,资金观望型,,D,回避：资金观望,-1.9
000818,航锦科技,11.73,-76.7,1.0,-33.5,-2.23,-13305095,-70003486,-92422038,-7879678,-7562900,3522383,缩量,低,情绪退潮,观望,资金撤退型,,D,回避：资金撤退,-0.7
000809,和展能源,3.57,146.9,0.81,75.1,4.33,18798506,16652006,3647217,15582933,8881796,-18778119,放量,低,游资情绪,抢筹,资金观望型,纯资金炒作(亏损风险),C,谨慎：纯资金炒作,29.4
000807,云铝股份,27.37,-33.7,1.3,-6.3,-0.93,-60510975,61888257,195804301,151465386,98596588,-78009930,缩量,低,情绪退潮,吸筹,资金观望型,机构吸筹+盈利(关注),C,谨慎：资金流入未验证业绩,23.7
000811,冰轮环境,41.52,11.9,1.97,-30.7,0.7,51385673,16177918,-102630867,464083933,286399015,-345403503,缩量,低,情绪退潮,进场,资金观望型,资金+业绩共振(双击候选),B,关注：资金+业绩共振,72.2
000823,超声电子,23.38,177.5,3.47,486.4,0.62,126450206,934591566,815324399,-459663508,-337931422,418879835,放量,低,游资情绪,观望,趋势转多型,,D,回避：资金观望,8.2
000825,太钢不锈,3.39,3.4,0.83,-18.4,-4.08,-19949939,-39471137,-68888213,1782095,527532,1360536,缩量,低,情绪退潮,观望,资金撤退型,,D,回避：资金撤退,-1.4
000812,陕西金叶,3.8,213.4,0.83,137.7,6.22,61540829,60538187,64069675,-6208673,-6140808,8862551,放量,中,主力偏强放量,进场,资金观望型,纯资金炒作(亏损风险),C,谨慎：纯资金炒作,30.1
000829,天音控股,8.88,-62.8,0.29,-31.9,-3.9,-19314859,-56829553,-96534317,-3690237,-1354625,-3102132,缩量,低,情绪退潮,观望,资金撤退型,,D,回避：资金撤退,-1.3
000831,中国稀土,53.39,-52.2,0.88,-38.2,1.33,76215179,-306173230,-416102645,-25943508,-35638265,-5541244,缩量,低,情绪退潮,观望,资金观望型,,D,回避：资金观望,0.4
000848,承德露露,8.15,-64.9,1.54,-45.3,1.02,3117581,-38407400,-49995313,-824632,2560938,-6264557,缩量,低,情绪退潮,观望,资金观望型,,D,回避：资金观望,0.3
000837,秦川机床,9.68,-46.4,2.41,-28.2,-1.0,-4432183,-33799834,-153219937,-1920606,-6220013,-9229952,缩量,低,情绪退潮,观望,资金撤退型,,D,回避：资金撤退,-0.3
000833,粤桂股份,20.09,-20.1,0.47,107.1,-3.1,-75127393,-32385938,-199313381,22377704,18770786,-24516070,缩量,低,情绪退潮,观望,资金观望型,,D,回避：资金观望,-1.0
000828,东莞控股,10.1,-20.7,0.83,-39.4,3.03,7393412,7711632,-22631460,1578967,-1093350,-4910115,缩量,低,情绪退潮,进场,趋势转多型,资金+业绩共振(双击候选),B,关注：资金+业绩共振,73.0
000852,石化机械,5.46,-5.2,0.42,10.3,-1.58,-8219231,2647606,66811266,-1207517,-2690808,-5902664,缩量,低,情绪退潮,观望,高位分歧型,,D,回避：资金观望,-0.5
000856,冀东装备,8.64,-14.2,0.64,-13.4,-0.05,-108486,19795864,17856368,122036,0,367626,缩量,低,情绪退潮,观望,资金观望型,,D,回避：资金观望,-0.0
000859,国风新材,9.44,36.5,0.75,68.1,3.33,130602187,93368616,90503843,-1179725,6388930,151443,缩量,低,情绪退潮,观望,资金观望型,,D,回避：资金观望,1.1
000830,鲁西化工,11.75,-48.3,0.6,-35.2,0.2,2558789,-6401685,-153760832,18667529,25918240,-15159845,缩量,低,情绪退潮,吸筹,资金观望型,资金+业绩共振(双击候选),B,关注：资金+业绩共振,64.1
000839,国安股份,2.82,45.9,1.41,161.5,10.14,275210371,381145223,347728482,22318950,29407700,-14671087,缩量,高,主力控盘,控盘,短线抢筹型,控盘+盈利(稳健),B,关注：控盘稳健+盈利,71.4
000862,银星能源,5.62,-33.0,0.47,134.9,-1.77,-13763696,14648211,7750735,-1573292,133034,8581558,缩量,低,情绪退潮,观望,资金观望型,,D,回避：资金观望,-0.6
000858,五 粮 液,70.0,-58.7,1.98,-33.1,-10.51,-485321690,-910949730,-1924550619,99000400,98468460,-63585684,缩量,低,情绪退潮,吸筹,资金撤退型,机构吸筹+盈利(关注),C,谨慎：资金流入未验证业绩,20.5
000850,华茂股份,4.16,29.3,0.53,-23.8,1.52,2772074,-6410967,-13074972,2390259,-1881418,-4634995,缩量,低,情绪退潮,进场,资金观望型,资金+业绩共振(双击候选),B,关注：资金+业绩共振,72.5
000860,顺鑫农业,10.19,-43.5,1.83,7.5,4.72,16786074,-11765139,-20969956,2619086,-741652,-10052704,缩量,低,情绪退潮,进场,资金观望型,纯资金炒作(亏损风险),C,谨慎：纯资金炒作,13.6
000875,电投绿能,4.86,-45.5,0.61,2.6,-0.18,-1453779,31549839,-84345605,2513006,-1680581,4055331,缩量,低,情绪退潮,观望,资金观望型,,D,回避：资金观望,-0.1
000876,新 希 望,7.16,-6.8,1.46,52.8,-2.57,-38359709,180570167,140954383,-23598399,-23028351,12888079,缩量,低,情绪退潮,观望,资金观望型,,D,回避：资金观望,-0.9
000863,三湘印象,4.68,34.5,0.47,48.2,7.03,39263473,49790807,35559450,-8160060,-10983455,4598543,缩量,中,主力惜售,进场,短线抢筹型,纯资金炒作(亏损风险),C,谨慎：纯资金炒作,26.3
000881,中广核技,6.45,-49.2,0.8,-0.9,-2.88,-6115997,-22303950,-50471700,2082301,-96380,-699397,缩量,低,情绪退潮,观望,资金撤退型,,D,回避：资金撤退,-1.0
000878,云南铜业,16.75,-2.5,0.92,-1.0,-7.13,-243802990,-122815865,-26347945,38687429,10504715,-37834707,缩量,低,情绪退潮,观望,资金观望型,,D,回避：资金观望,-2.4
000869,张  裕Ａ,16.21,3.3,1.35,21.0,0.91,1156173,4465112,10551765,65605,75779,-1995701,缩量,低,情绪退潮,进场,均衡流入型,资金+业绩共振(双击候选),B,关注：资金+业绩共振,72.3
000868,安凯客车,3.99,916.6,1.2,416.3,6.02,83307507,86546067,79050979,9823234,-2278999,1739273,放量,中,主力偏强放量,进场,趋势转多型,纯资金炒作(亏损风险),C,谨慎：纯资金炒作,30.0
000883,湖北能源,4.44,-6.2,0.8,20.2,-2.58,-19341428,-46905289,-69082693,-1101995,-1817956,324103,缩量,低,情绪退潮,观望,资金撤退型,,D,回避：资金撤退,-0.9
000885,城发环境,11.74,-54.7,0.37,-34.6,-9.43,-15339260,-22384442,-671712,-2799991,-1985304,303667,缩量,低,情绪退潮,观望,长线吸筹型,,D,回避：资金观望,-3.1
000877,天山股份,3.68,-18.3,1.1,3.9,4.51,8678306,17044646,-1239013,8058289,4877848,-9719161,缩量,低,情绪退潮,进场,趋势转多型,纯资金炒作(亏损风险),C,谨慎：纯资金炒作,13.5
000886,海南高速,4.68,-26.3,0.8,-13.5,-3.48,-9747094,-685216,-3628543,3244395,590123,-5984699,缩量,低,情绪退潮,观望,资金观望型,,D,回避：资金观望,-1.2
000888,峨眉山Ａ,9.36,12.7,0.74,-2.1,-10.0,-54002516,-53104167,-31161345,-719863,-548387,2853045,缩量,低,情绪退潮,观望,资金观望型,,D,回避：资金观望,-3.3
000880,潍柴重机,26.68,256.3,0.29,107.1,0.06,1385248,16735462,14928281,78050678,62017570,-78659375,放量,低,游资情绪,抢筹,趋势转多型,资金+业绩共振(双击候选),B,关注：资金+业绩共振,88.0
000882,华联股份,1.58,110.7,1.33,20.7,10.42,56921840,47906163,20061484,41599648,40174547,-20645814,放量,高,主力主导放量🔥(最强),抢筹,资金观望型,纯资金炒作(亏损风险),C,谨慎：纯资金炒作,43.5
000889,中嘉博创,3.89,-49.8,0.24,44.6,-1.35,-11418548,68208062,36363536,1050961,-6657666,-2361020,缩量,低,情绪退潮,观望,资金观望型,,D,回避：资金观望,-0.5
000890,法尔胜,7.68,37.6,0.09,-23.2,0.72,11124553,3302933,219175379,-16953252,-9873787,22656803,缩量,低,情绪退潮,观望,长线吸筹型,,D,回避：资金观望,0.2
000892,欢瑞世纪,4.49,57.4,0.95,76.4,-0.6,-14012729,-42519355,75042904,-36924136,-13797452,54638537,放量,低,游资情绪,观望,资金观望型,,D,回避：资金观望,7.8
000887,中鼎股份,19.54,-35.8,2.6,-34.6,0.14,2754852,-259247201,-612609813,74274124,43589288,-83256135,缩量,低,情绪退潮,进场,资金观望型,资金+业绩共振(双击候选),B,关注：资金+业绩共振,72.0
000893,亚钾国际,39.77,-34.1,1.32,-6.2,-3.62,-83542869,-161327411,-103571433,13758808,314289,-56455492,缩量,低,情绪退潮,观望,资金观望型,,D,回避：资金观望,-1.2
000899,赣能股份,9.37,-57.5,0.54,68.6,-6.98,-51570993,-11268221,-36439490,-6778659,-278508,8478359,缩量,低,情绪退潮,观望,资金观望型,,D,回避：资金观望,-2.3
000902,新洋丰,13.82,-58.5,0.65,-29.2,-5.83,-32452986,23727476,3596469,-8360508,-6686203,4746689,缩量,低,情绪退潮,观望,资金观望型,,D,回避：资金观望,-1.9
000906,浙商中拓,6.15,3.5,0.23,-10.5,-5.01,-15694433,-41158190,-43619404,642830,-1135753,-4566252,缩量,低,情绪退潮,观望,资金撤退型,,D,回避：资金撤退,-1.7
000898,鞍钢股份,2.04,-20.0,1.37,-6.2,5.25,16812930,20653134,6991387,-2709992,-3511309,4015864,缩量,中,主力惜售,进场,短线抢筹型,纯资金炒作(亏损风险),C,谨慎：纯资金炒作,25.8
000908,石药景峰,6.12,-78.8,3.53,-37.2,-2.84,-6610957,-21168453,-46963388,1308145,2040023,-3959882,缩量,低,情绪退潮,观望,资金撤退型,,D,回避：资金撤退,-0.9
000897,津滨发展,1.89,27.3,0.98,-8.7,7.78,18669316,18594627,15456483,399225,4177215,128843,缩量,中,主力惜售,进场,资金观望型,纯资金炒作(亏损风险),C,谨慎：纯资金炒作,26.6
000912,泸天化,4.03,199.8,0.16,-2.3,-8.44,-110490152,-20111838,45785037,-19450574,-15270127,25734015,放量,低,游资情绪,观望,资金观望型,,D,回避：资金观望,5.2
000901,航天科技,14.37,-52.1,0.67,4.6,-8.39,-59651065,-70132859,-118136439,12613813,17623838,-3842740,缩量,低,情绪退潮,吸筹,资金撤退型,,C,谨慎：资金流入未验证业绩,21.2
000915,华特达因,24.03,-42.7,0.43,101.9,-1.65,-4802494,-25105130,-107940033,1389176,-1426602,-8083672,缩量,低,情绪退潮,观望,资金撤退型,,D,回避：资金撤退,-0.5
000913,钱江摩托,10.69,-38.6,0.42,-37.7,-2.11,-3196975,-7987311,-18791236,1454804,-1528639,-6675967,缩量,低,情绪退潮,观望,资金撤退型,,D,回避：资金撤退,-0.7
000919,金陵药业,6.46,-30.8,0.25,-41.0,-8.12,-21373544,-29241496,-112519383,826093,-1016491,955987,缩量,低,情绪退潮,观望,资金撤退型,,D,回避：资金撤退,-2.7
000917,电广传媒,6.79,-52.1,0.52,-55.1,-3.16,-16233123,-49179640,-100509414,2508782,-3057644,-4120809,缩量,低,情绪退潮,观望,资金撤退型,,D,回避：资金撤退,-1.1
000923,河钢资源,16.45,-4.8,1.55,47.7,-1.01,-11833044,71413646,213975894,18335876,13246127,-13609259,缩量,低,情绪退潮,观望,高位分歧型,,D,回避：资金观望,-0.3
000925,众合科技,8.12,-57.0,1.19,-51.9,-9.49,-80871990,-115027305,-41010088,-11196324,-8429060,12929786,缩量,低,情绪退潮,观望,长线吸筹型,,D,回避：资金观望,-3.2
000926,福星股份,2.1,-2.6,1.54,-33.2,-1.7,-4091268,-27086298,-52851280,4119709,4909837,-5185874,缩量,低,情绪退潮,观望,资金撤退型,,D,回避：资金撤退,-0.6
000921,海信家电,27.65,-43.6,2.61,65.2,24.67,359498429,379663078,329709764,-7380775,4458537,20408632,缩量,高,主力控盘,控盘,短线抢筹型,控盘+盈利(稳健),B,关注：控盘稳健+盈利,73
000929,兰州黄河,9.03,-15.7,0.97,28.1,-3.9,-5613988,-18396720,-7718169,1255282,546309,-1169050,缩量,低,情绪退潮,观望,资金观望型,,D,回避：资金观望,-1.3
000928,中钢国际,5.41,-12.2,0.32,91.5,-1.26,-6095747,75193671,6457312,4175451,-2698010,-9067745,缩量,低,情绪退潮,观望,资金观望型,,D,回避：资金观望,-0.4
000920,沃顿科技,13.16,135.8,5.5,110.0,5.94,66607642,71859398,73118691,-17779740,-20157119,-1604153,放量,中,主力偏强放量,进场,均衡流入型,资金+业绩共振(双击候选),B,关注：资金+业绩共振,90.0
000930,中粮科技,5.17,410.5,0.5,340.9,0.61,16650636,24970344,-288042,-28308195,-13070479,57175902,放量,低,游资情绪,观望,趋势转多型,,D,回避：资金观望,8.2
000931,中 关 村,4.43,65.9,0.54,-81.7,-0.39,-1127131,-27911180,-34539721,-8894097,-4362510,8747500,放量,低,游资情绪,观望,资金撤退型,,D,回避：资金撤退,7.9
000922,佳电股份,12.16,-35.3,2.15,-25.4,-0.65,-2528596,-31223563,-14362212,5178609,7738864,-5882193,缩量,低,情绪退潮,吸筹,资金观望型,机构吸筹+盈利(关注),C,谨慎：资金流入未验证业绩,23.8
000933,神火股份,26.81,-54.2,1.35,-2.9,-3.9,-163490636,-119683043,-205277873,-12174737,-5262020,14678080,缩量,低,情绪退潮,观望,资金观望型,,D,回避：资金观望,-1.3
000935,四川双马,21.24,-54.7,1.59,14.8,-2.2,-8700499,28621499,39091292,1906883,-1462181,-1318760,缩量,低,情绪退潮,观望,资金观望型,,D,回避：资金观望,-0.7
000927,中国铁物,2.48,-42.8,0.47,-17.6,3.29,13887992,5425529,-56011570,497042,-7119725,-2801424,缩量,低,情绪退潮,进场,资金观望型,资金+业绩共振(双击候选),B,关注：资金+业绩共振,73.1
000932,华菱钢铁,3.6,-30.6,1.29,-12.0,2.09,27534404,-6071625,8209140,37737889,49044955,-28846670,缩量,低,情绪退潮,吸筹,资金观望型,资金+业绩共振(双击候选),B,关注：资金+业绩共振,64.7
000937,冀中能源,4.41,11.5,0.92,-2.4,8.04,67901016,61846,-134978905,2135547,3232341,-7601558,缩量,中,主力惜售,进场,资金观望型,资金+业绩共振(双击候选),B,关注：资金+业绩共振,86.7
000936,华西股份,5.55,185.8,0.16,-36.4,-1.84,-7688085,-21936706,-95324858,14286069,6921684,-30456949,放量,低,游资情绪,抢筹,资金撤退型,机构吸筹+盈利(关注),C,谨慎：资金流入未验证业绩,47.4
000948,南天信息,13.37,-77.8,3.44,-48.7,-2.24,-8838906,-39753914,-86692936,-2453862,-790512,-1274157,缩量,低,情绪退潮,观望,资金撤退型,,D,回避：资金撤退,-0.7
000951,中国重汽,20.32,-43.8,0.58,-43.2,-2.99,-25885940,-66860164,-17941912,14962691,5674891,-17585952,缩量,低,情绪退潮,观望,资金观望型,,D,回避：资金观望,-1.0
000949,新乡化纤,6.84,-7.3,0.59,-15.5,-0.35,-5733891,-196502894,-177324532,-18934758,-33801429,13888972,缩量,低,情绪退潮,观望,资金观望型,,D,回避：资金观望,-0.1
000952,广济药业,6.4,-29.3,0.76,2.5,-0.16,-258802,-5590928,-11181967,582220,779200,-1399924,缩量,低,情绪退潮,观望,资金撤退型,,D,回避：资金撤退,-0.1
000955,欣龙控股,4.17,-31.2,0.92,-5.8,-1.82,-3506168,-8639808,-18942772,-2287355,-2738464,1368067,缩量,低,情绪退潮,观望,资金撤退型,,D,回避：资金撤退,-0.6
000953,中哲精化,5.88,8.8,0.64,15.0,-0.87,-1682504,377702,-7583553,-2621820,109567,-1461796,缩量,低,情绪退潮,观望,资金观望型,,D,回避：资金观望,-0.3
000957,中通客车,9.86,45.8,0.31,43.8,1.51,14958453,-8269558,36540875,-12032303,-13487733,6830639,缩量,低,情绪退潮,观望,资金观望型,,D,回避：资金观望,0.5
000958,电投产融,5.13,-48.8,0.56,7.3,-6.4,-21393699,-17012397,-52395197,3788738,9307769,797815,缩量,低,情绪退潮,观望,资金观望型,,D,回避：资金观望,-2.1
000938,紫光股份,33.95,-62.9,1.84,-30.4,-3.46,-668662911,-3965271519,-4265033242,650751223,671690890,-337135396,缩量,低,情绪退潮,吸筹,资金撤退型,机构吸筹+盈利(关注),C,谨慎：资金流入未验证业绩,22.8
000950,重药控股,5.21,-63.5,0.7,-53.2,0.2,667973,-17563097,-106241446,37225,1932577,146821,缩量,低,情绪退潮,进场,资金观望型,资金+业绩共振(双击候选),B,关注：资金+业绩共振,72.1
000959,首钢股份,3.48,-61.3,1.09,-35.2,0.37,1312740,3619510,-21810934,4269910,2999597,-2527769,缩量,低,情绪退潮,吸筹,趋势转多型,资金+业绩共振(双击候选),B,关注：资金+业绩共振,64.1
000968,蓝焰控股,6.94,-55.9,0.48,-4.4,-6.07,-48613494,-31402468,-21787765,6311334,553524,-3049608,缩量,低,情绪退潮,观望,资金观望型,,D,回避：资金观望,-2.0
000963,华东医药,26.1,-67.3,1.81,-42.6,-4.87,-47543051,-276271550,-520841762,2669715,1104510,2409413,缩量,低,情绪退潮,观望,资金撤退型,,D,回避：资金撤退,-1.6
000960,锡业股份,33.6,-72.2,0.76,-36.3,-7.68,-279070523,-139149274,-573776968,26436298,46657049,-35426796,缩量,低,情绪退潮,吸筹,资金观望型,机构吸筹+盈利(关注),C,谨慎：资金流入未验证业绩,21.4
000966,长源电力,4.06,-36.8,0.6,53.9,-1.42,-13253290,366022,4560157,-13334493,-225031,19812262,缩量,低,情绪退潮,观望,资金观望型,,D,回避：资金观望,-0.5
000969,安泰科技,17.26,-70.8,1.47,-34.1,-7.29,-83751267,-121270830,-199992327,14993206,4601544,-14862373,缩量,低,情绪退潮,观望,资金撤退型,,D,回避：资金撤退,-2.4
000972,中基健康,3.9,81.4,0.89,230.6,0.58,3251285,-41280529,-78536063,-1540211,272237,4070064,放量,低,游资情绪,观望,资金观望型,,D,回避：资金观望,8.2
000962,东方钽业,60.0,-18.8,1.63,-7.6,2.53,209397239,-22186522,252286015,55134744,72102932,-46308273,缩量,低,情绪退潮,吸筹,资金观望型,资金+业绩共振(双击候选),B,关注：资金+业绩共振,64.8
000973,佛塑科技,11.98,-45.1,0.4,-46.0,0.86,12011264,-72483772,-461938664,-51437144,-16134416,17943623,缩量,低,情绪退潮,观望,资金观望型,,D,回避：资金观望,0.3
000965,天保基建,3.27,57.1,0.74,-50.4,7.65,21531854,-22701106,75833112,4284669,3375146,-5210832,放量,中,主力偏强放量,进场,资金观望型,资金+业绩共振(双击候选),B,关注：资金+业绩共振,90.5
000967,盈峰环境,8.26,-40.0,0.34,-28.4,8.08,155856372,-6121611,241405919,41913106,33347883,-14860570,缩量,中,主力惜售,吸筹,资金观望型,资金+业绩共振(双击候选),B,关注：资金+业绩共振,78.7
000980,众泰汽车,2.29,426.3,0.4,485.0,2.45,178267004,223814811,204682112,-48510355,-31203852,60791298,放量,低,游资情绪,观望,趋势转多型,,D,回避：资金观望,8.8
000970,中科三环,11.44,-84.8,6.33,-41.7,-12.27,-101957164,-187215454,-285442832,14815148,19142363,-4599627,缩量,低,情绪退潮,吸筹,资金撤退型,机构吸筹+盈利(关注),C,谨慎：资金流入未验证业绩,19.9
000975,山金国际,25.51,-21.7,1.62,-38.1,2.52,129181602,47268913,-174605204,21041772,22166905,17009754,缩量,低,情绪退潮,进场,资金观望型,资金+业绩共振(双击候选),B,关注：资金+业绩共振,72.8
000978,桂林旅游,8.36,2030.5,0.25,843.9,-5.19,-266877562,-85044898,-78421348,30119388,33108744,-19021885,放量,低,游资情绪,吸筹,资金观望型,机构吸筹+盈利(关注),C,谨慎：资金流入未验证业绩,30.3
000977,浪潮信息,71.88,-51.6,1.57,-23.6,-1.3,-258982295,-4524440620,-3913416794,401807299,397839528,-230353714,缩量,低,情绪退潮,吸筹,资金观望型,机构吸筹+盈利(关注),C,谨慎：资金流入未验证业绩,23.6
000983,山西焦煤,6.44,-18.2,1.26,-27.7,-0.69,-12876373,61345320,-224196641,-37001273,-38529511,23624257,缩量,低,情绪退潮,观望,资金观望型,,D,回避：资金观望,-0.2
000985,大庆华科,17.14,-14.1,0.88,-36.2,-1.07,-1607028,-8618034,-972872,558989,1273129,-1874650,缩量,低,情绪退潮,观望,资金观望型,,D,回避：资金观望,-0.4
000989,九芝堂,8.68,-73.3,1.45,-45.0,-3.65,-14892089,-24607021,-121309143,-7681052,-3197837,-2155574,缩量,低,情绪退潮,观望,资金撤退型,,D,回避：资金撤退,-1.2
000981,山子高科,3.0,290.2,0.76,178.8,8.67,1232838176,1224371634,1326270854,-569417098,-532060646,426208207,放量,中,主力偏强放量,进场,资金观望型,资金+业绩共振(双击候选),B,关注：资金+业绩共振,90.9
000995,皇台酒业,10.84,-63.2,0.53,-40.1,-0.71,-1596496,3130546,13355992,-1699446,477264,3793172,缩量,低,情绪退潮,观望,资金观望型,,D,回避：资金观望,-0.2
000987,越秀资本,7.34,-59.6,0.84,-25.9,-8.88,-57219794,-134869713,-208604305,14950267,23427764,-10033806,缩量,低,情绪退潮,吸筹,资金撤退型,机构吸筹+盈利(关注),C,谨慎：资金流入未验证业绩,21.0
000997,新 大 陆,19.57,-33.0,1.01,-60.3,-2.55,-31048090,-134004302,-14053166,-2654662,-4497379,-482864,缩量,低,情绪退潮,观望,长线吸筹型,,D,回避：资金观望,-0.8
000988,华工科技,107.8,-35.4,0.87,56.6,-0.96,-239490751,1082482330,-890807445,222332557,137140688,-136383143,缩量,低,情绪退潮,吸筹,资金观望型,机构吸筹+盈利(关注),C,谨慎：资金流入未验证业绩,23.7
001203,大中矿业,23.49,-61.2,0.52,-41.4,-11.34,-176797018,-201201189,26929579,-7171055,-813972,14135663,缩量,低,情绪退潮,观望,长线吸筹型,,D,回避：资金观望,-3.8
000990,诚志股份,6.46,-58.4,0.3,-22.4,-2.78,-23249398,-70935275,-178966766,3818828,5715073,-1154077,缩量,低,情绪退潮,吸筹,资金撤退型,纯资金炒作(亏损风险),C,谨慎：纯资金炒作,3.1
000999,华润三九,23.6,-53.5,1.1,-30.8,-1.69,-12239605,-28683969,-7680747,-12089231,-14626051,-3619090,缩量,低,情绪退潮,观望,资金观望型,,D,回避：资金观望,-0.6
001202,炬申股份,14.46,-37.1,2.11,-7.1,-4.22,-6430892,-4901374,-218384,-574909,-1085656,-443037,缩量,低,情绪退潮,观望,资金观望型,,D,回避：资金观望,-1.4
000993,闽东电力,19.6,1673.9,0.34,1004.5,1.42,127736985,252465013,278287303,203541407,215976213,-121932910,放量,低,游资情绪,抢筹,均衡流入型,资金+业绩共振(双击候选),B,关注：资金+业绩共振,88.5
001201,东瑞股份,14.62,451.7,0.54,213.6,2.77,21956067,15398827,2538006,-2822466,12713,-2275984,放量,低,游资情绪,观望,资金观望型,,D,回避：资金观望,8.9
001206,依依股份,16.59,-66.1,2.86,-7.3,-1.79,-3407801,-1754725,-17636635,-3562816,-3371381,7605850,缩量,低,情绪退潮,观望,资金观望型,,D,回避：资金观望,-0.6
000998,隆平高科,8.99,258.4,0.7,-2.7,-3.43,-74341052,-72868873,175300612,30139709,23515127,-10213344,放量,低,游资情绪,抢筹,长线吸筹型,机构吸筹+盈利(关注),C,谨慎：资金流入未验证业绩,46.9
001207,联科科技,18.01,1.1,0.54,-19.3,-0.12,-515963,-17211348,1676874,-5595372,591561,2391966,缩量,低,情绪退潮,观望,资金观望型,,D,回避：资金观望,-0.0
001208,华菱线缆,14.1,-48.3,0.46,-22.3,-7.01,-44200878,-97611840,-103926513,-8357891,-7668630,-3300693,缩量,低,情绪退潮,观望,资金撤退型,,D,回避：资金撤退,-2.3
001209,洪兴股份,18.53,888.8,0.57,143.4,1.54,12318331,13693730,3822846,-10094864,-10626325,-2028895,放量,低,游资情绪,观望,趋势转多型,,D,回避：资金观望,8.5
001210,金房能源,29.2,-11.3,2.34,-1.3,-2.3,-15329764,-16080905,45749539,-6240089,-6150736,5238383,缩量,低,情绪退潮,观望,资金观望型,,D,回避：资金观望,-0.8
001213,中铁特货,3.49,-58.0,0.92,-16.5,-6.57,-5895209,-4657647,-9912998,4397412,3479095,-3514928,缩量,低,情绪退潮,观望,资金观望型,,D,回避：资金观望,-2.2
001215,千味央厨,30.45,-60.0,0.44,5.4,-4.66,-9334926,-9201682,-36750087,1243796,3814016,2643974,缩量,低,情绪退潮,观望,资金观望型,,D,回避：资金观望,-1.6
001218,丽臣实业,24.08,-52.9,1.28,-21.8,-0.15,-282264,-4859723,-13268460,-449508,-14460,-3911682,缩量,低,情绪退潮,观望,资金撤退型,,D,回避：资金撤退,-0.0
001217,华尔泰,10.24,-58.9,0.84,-42.6,-3.39,-3588039,-5686255,-11680232,565037,0,-3020993,缩量,低,情绪退潮,观望,资金撤退型,,D,回避：资金撤退,-1.1
001216,华瓷股份,21.87,1041.1,0.58,300.9,1.29,15901251,9815198,5750535,-59046189,-56244018,33139060,放量,低,游资情绪,观望,资金观望型,,D,回避：资金观望,8.4
001220,世盟股份,31.94,33.1,0.2,11.9,-0.55,-1245333,4253295,-1988006,3388190,-36813,-2336403,缩量,低,情绪退潮,观望,资金观望型,,D,回避：资金观望,-0.2
001221,悍高集团,35.03,-25.8,1.0,-52.5,-3.96,-11385741,-21650499,10158320,2378020,805304,7497082,缩量,低,情绪退潮,观望,长线吸筹型,,D,回避：资金观望,-1.3
001222,源飞宠物,15.34,131.6,1.67,103.5,2.23,10557139,75382784,66048855,-748075,-1267834,1702802,放量,低,游资情绪,观望,趋势转多型,,D,回避：资金观望,8.7
001211,双枪科技,25.88,26.6,0.5,19.2,1.6,8802343,6831160,-11151562,16677093,26573611,-2853419,缩量,低,情绪退潮,吸筹,资金观望型,资金+业绩共振(双击候选),B,关注：资金+业绩共振,64.5
001212,中旗新材,37.98,55.4,0.75,56.1,4.67,59867212,56392107,51251754,69901259,75180394,-45481577,放量,低,游资情绪,抢筹,资金观望型,纯资金炒作(亏损风险),C,谨慎：纯资金炒作,29.6
001225,和泰机电,46.73,21.2,1.24,-19.0,-2.67,-7913668,201156,2285576,-2812813,-3532443,-2279305,缩量,低,情绪退潮,观望,资金观望型,,D,回避：资金观望,-0.9
001226,拓山重工,46.0,-9.4,0.84,0.2,-3.37,-6712341,-13919295,-20106099,993675,2146891,3264628,缩量,低,情绪退潮,观望,资金撤退型,,D,回避：资金撤退,-1.1
001231,农心科技,21.67,88.7,0.4,70.5,-0.57,-1331336,7805151,7066179,-1088616,0,4354050,放量,低,游资情绪,观望,资金观望型,,D,回避：资金观望,7.8
001230,劲旅环境,18.76,-50.5,1.42,-69.1,0.9,3235097,6889521,-32141515,-3426489,-1198058,-476035,缩量,低,情绪退潮,观望,趋势转多型,,D,回避：资金观望,0.3
001227,兰州银行,2.11,-36.7,1.67,-6.8,5.57,42597794,64959441,31985288,11363216,9531516,-9978951,缩量,中,主力惜售,进场,短线抢筹型,资金+业绩共振(双击候选),B,关注：资金+业绩共振,85.9
001228,永泰运,32.92,129.5,0.54,18.2,7.6,36807514,32871666,-7894894,8134974,4243652,-7505197,放量,中,主力偏强放量,进场,资金观望型,资金+业绩共振(双击候选),B,关注：资金+业绩共振,90.5
001236,弘业期货,7.84,-41.7,1.43,-37.9,-3.35,-10154575,-8801426,-6831045,-2700674,-2334921,2235202,缩量,低,情绪退潮,观望,资金观望型,,D,回避：资金观望,-1.1
001229,魅视科技,39.99,-35.0,3.12,16.6,-2.49,-18019989,48832651,42857835,32619342,41953196,-19659348,缩量,低,情绪退潮,吸筹,资金观望型,机构吸筹+盈利(关注),C,谨慎：资金流入未验证业绩,23.2
001255,博菲电气,26.56,-31.6,0.79,-10.3,-0.14,-219249,-8494889,-8663238,1190504,854872,-929275,缩量,低,情绪退潮,观望,资金撤退型,,D,回避：资金撤退,-0.0
001233,海安集团,45.58,77.6,0.62,-10.4,-1.26,-3247045,-3564952,-20493804,30269336,31075947,-16640330,放量,低,游资情绪,抢筹,资金撤退型,机构吸筹+盈利(关注),C,谨慎：资金流入未验证业绩,47.6
001238,浙江正特,26.31,124.3,1.13,-10.9,0.27,239347,855184,-638669,8822954,7906754,-3782244,放量,低,游资情绪,抢筹,趋势转多型,资金+业绩共振(双击候选),B,关注：资金+业绩共振,88.1
001239,永达股份,11.8,-46.2,0.91,6.8,0.93,844250,-1841444,-2804832,1568419,1191251,96310,缩量,低,情绪退潮,进场,资金观望型,资金+业绩共振(双击候选),B,关注：资金+业绩共振,72.3
001257,盛龙股份,23.38,-62.9,0.85,-63.6,-10.56,-73289487,-102597142,7332588,10603131,3895637,-11509419,缩量,低,情绪退潮,观望,长线吸筹型,,D,回避：资金观望,-3.5
001260,坤泰股份,18.06,25.4,0.43,-49.6,-1.82,-2270359,-5055302,-13295051,-428698,0,-2817115,缩量,低,情绪退潮,观望,资金撤退型,,D,回避：资金撤退,-0.6
001258,立新能源,11.04,-54.1,2.01,-48.5,-6.43,-194508658,300484792,341131795,-24102090,-18201126,39791967,缩量,低,情绪退潮,观望,资金观望型,,D,回避：资金观望,-2.1
001267,汇绿生态,38.03,5.6,0.38,-15.9,-1.29,-59540345,116384509,199402597,103960636,73902842,-104301077,缩量,低,情绪退潮,观望,资金观望型,,D,回避：资金观望,-0.4
001270,铖昌科技,101.01,-59.7,1.53,-4.1,0.55,14657057,36375949,-174789352,-18421214,-19276210,45562010,缩量,低,情绪退潮,观望,趋势转多型,,D,回避：资金观望,0.2
001268,联合精密,24.05,-26.5,0.31,-68.0,-1.07,-2902203,-22685537,34620094,-2988264,-891939,6841373,缩量,低,情绪退潮,观望,长线吸筹型,,D,回避：资金观望,-0.4
001278,一彬科技,16.15,58.4,0.65,-5.2,-4.32,-12789277,-30966803,-19139241,-4757984,-226520,16555150,放量,低,游资情绪,观望,资金观望型,,D,回避：资金观望,6.6
001277,速达股份,29.97,62.7,1.04,-72.6,-1.66,-3328748,-15196392,-132339563,-1305531,41225,2270837,放量,低,游资情绪,观望,资金撤退型,,D,回避：资金撤退,7.4
001256,炜冈科技,21.76,-81.4,2.59,-43.3,2.3,4021229,-4781990,16647449,1225511,0,23490,缩量,低,情绪退潮,进场,资金观望型,资金+业绩共振(双击候选),B,关注：资金+业绩共振,72.8
001259,利仁科技,46.44,-63.8,2.71,-33.4,2.73,4258698,6855977,12280797,1518849,-1130283,-2091519,缩量,低,情绪退潮,进场,均衡流入型,资金+业绩共振(双击候选),B,关注：资金+业绩共振,72.9
001266,宏英智能,33.91,-45.9,2.58,-30.4,0.13,338036,4304374,11446873,262345,453029,6810704,缩量,低,情绪退潮,进场,均衡流入型,资金+业绩共振(双击候选),B,关注：资金+业绩共振,72.0
001282,三联锻造,15.57,-66.5,0.55,-13.0,-0.83,-1034185,2153123,-5341870,126541,0,587238,缩量,低,情绪退潮,观望,资金观望型,,D,回避：资金观望,-0.3
001269,欧晶科技,18.83,-56.9,1.71,40.0,0.14,270422,6344034,3652880,622216,1547962,1556963,缩量,低,情绪退潮,进场,趋势转多型,纯资金炒作(亏损风险),C,谨慎：纯资金炒作,12.0
001283,豪鹏科技,47.4,2.6,0.43,-20.3,-5.12,-27785524,-28548549,40333745,-12843455,-12444982,9343991,缩量,低,情绪退潮,观望,长线吸筹型,,D,回避：资金观望,-1.7
001285,瑞立科密,43.0,-3.0,0.66,-60.4,-2.58,-3726329,9030061,19465710,4291629,524600,-631842,缩量,低,情绪退潮,观望,高位分歧型,,D,回避：资金观望,-0.9
001279,强邦新材,26.35,-32.6,0.95,-34.4,3.25,2720643,4192937,13199122,2684685,1852648,-2409584,缩量,低,情绪退潮,进场,均衡流入型,资金+业绩共振(双击候选),B,关注：资金+业绩共振,73.1
001280,中国铀业,63.8,-52.4,0.52,-26.3,-10.6,-111968085,1456340,-64786279,1527508,3256045,-2548133,缩量,低,情绪退潮,吸筹,资金观望型,机构吸筹+盈利(关注),C,谨慎：资金流入未验证业绩,20.5
001287,中电港,24.51,-43.6,1.47,20.4,4.37,123264801,82480329,-43531974,-1897462,3394436,9122077,缩量,低,情绪退潮,观望,资金观望型,,D,回避：资金观望,1.5
001298,好上好,17.12,-49.4,1.11,-48.9,-1.16,-5540463,-30094494,18086633,4259341,3950678,5832299,缩量,低,情绪退潮,观望,长线吸筹型,,D,回避：资金观望,-0.4
001296,长江材料,19.31,-39.7,1.02,41.5,-3.28,-6002654,14989599,15411937,1184668,382112,-2847025,缩量,低,情绪退潮,观望,资金观望型,,D,回避：资金观望,-1.1
001289,龙源电力,15.04,-59.4,0.65,-17.2,-5.66,-17212054,-15584411,-26979534,-2661580,573771,5243959,缩量,低,情绪退潮,观望,资金观望型,,D,回避：资金观望,-1.9
001300,三柏硕,11.89,39.2,0.46,1.8,-1.39,-4121101,-28270411,-19267917,-6221862,-2861938,5622617,缩量,低,情绪退潮,观望,资金观望型,,D,回避：资金观望,-0.5
001288,运机集团,29.88,-12.9,1.3,-31.8,2.08,14389592,47890300,125350692,3158414,2424903,-14390238,缩量,低,情绪退潮,进场,主力建仓型,资金+业绩共振(双击候选),B,关注：资金+业绩共振,72.7
001286,陕西能源,9.66,-50.8,0.65,-3.2,8.37,74125718,141993047,142712246,-90895,246626,-1904684,缩量,中,主力惜售,进场,主力强攻型,资金+业绩共振(双击候选),B,关注：资金+业绩共振,86.8
001306,夏厦精密,55.34,124.1,0.71,72.1,-0.56,-1915178,-5679638,-1949311,5008088,53172,-7987120,放量,低,游资情绪,观望,资金观望型,,D,回避：资金观望,7.8
001308,康冠科技,18.09,-60.6,2.34,-28.0,-1.32,-1493950,-1230854,2127980,4527739,1163665,-2487748,缩量,低,情绪退潮,观望,资金观望型,,D,回避：资金观望,-0.4
001311,多利科技,16.69,-48.2,0.69,-9.0,-4.06,-9501122,-22357017,-34059914,-610884,1115405,-2269713,缩量,低,情绪退潮,观望,资金撤退型,,D,回避：资金撤退,-1.4
001299,美能能源,9.85,172.9,0.21,112.0,3.43,34761889,21531807,85945855,881691,135419,2796443,放量,低,游资情绪,进场,资金观望型,资金+业绩共振(双击候选),B,关注：资金+业绩共振,81.1
001301,尚太科技,51.98,-58.6,0.49,-24.8,-3.08,-34860239,-20560751,-104658583,2902992,4105160,-3845973,缩量,低,情绪退潮,吸筹,资金观望型,机构吸筹+盈利(关注),C,谨慎：资金流入未验证业绩,23.0
001314,亿道信息,54.38,-41.6,1.23,-26.4,-1.4,-9871719,-36276208,-3703745,3569942,986332,-8398768,缩量,低,情绪退潮,观望,资金观望型,,D,回避：资金观望,-0.5
001313,粤海饲料,7.15,-47.5,1.2,0.8,-1.07,-5290117,-30719238,-95460759,-1416981,-2765647,1558951,缩量,低,情绪退潮,观望,资金撤退型,,D,回避：资金撤退,-0.4
001316,润贝航科,28.11,21.1,0.54,31.6,-8.26,-39784486,51646494,86965239,-8161021,-8400463,8766182,缩量,低,情绪退潮,观望,高位分歧型,,D,回避：资金观望,-2.8
001309,德明利,413.09,-52.2,1.53,-10.7,-3.57,-721598644,-639990839,-592604829,377074483,361716348,-173431,缩量,低,情绪退潮,吸筹,资金观望型,机构吸筹+盈利(关注),C,谨慎：资金流入未验证业绩,22.8
001322,箭牌家居,6.15,-49.5,0.89,-31.4,0.32,274415,-3485926,3570437,-1058581,0,668132,缩量,低,情绪退潮,观望,长线吸筹型,,D,回避：资金观望,0.1
001324,长青科技,20.67,231.8,0.78,-7.0,-0.4,-1747568,-2393879,12372887,-8386738,-3286765,12873190,放量,低,游资情绪,观望,资金观望型,,D,回避：资金观望,7.9
001312,福恩股份,18.62,189.4,0.07,29.7,1.44,3705376,-1684169,-9604158,18779933,10629143,-15882683,放量,低,游资情绪,抢筹,资金观望型,资金+业绩共振(双击候选),B,关注：资金+业绩共振,88.5
001323,慕思股份,17.2,-66.7,2.76,-51.5,-1.26,-965037,-3536297,-12821419,-108149,517840,1951483,缩量,低,情绪退潮,观望,资金撤退型,,D,回避：资金撤退,-0.4
001325,元创股份,36.91,-33.3,0.14,-67.5,-6.95,-8224352,-17526558,-8578983,575984,591511,854796,缩量,低,情绪退潮,观望,长线吸筹型,,D,回避：资金观望,-2.3
001328,登康口腔,29.98,-55.7,0.76,-15.1,-0.44,-656726,-10568258,-22249511,-141015,0,-453901,缩量,低,情绪退潮,观望,资金撤退型,,D,回避：资金撤退,-0.1
001317,三羊马,54.51,-38.2,1.62,-33.9,0.42,3908500,8182388,15396316,71603060,79369499,-39916068,缩量,低,情绪退潮,吸筹,均衡流入型,纯资金炒作(亏损风险),C,谨慎：纯资金炒作,4.1
001318,阳光乳业,11.4,-22.8,1.0,-31.2,2.62,3563960,-1729865,-10013222,2112283,684547,-976988,缩量,低,情绪退潮,进场,资金观望型,资金+业绩共振(双击候选),B,关注：资金+业绩共振,72.9
001319,铭科精技,22.04,28.5,0.63,89.7,8.19,37585422,41577283,35197019,-6227903,-6436945,4828827,缩量,中,主力惜售,进场,趋势转多型,资金+业绩共振(双击候选),B,关注：资金+业绩共振,86.7
001330,博纳影业,5.47,35.1,0.25,-6.3,-3.91,-94317412,-37541587,550905165,-2078430,-10630789,23299780,缩量,低,情绪退潮,观望,高位分歧型,,D,回避：资金观望,-1.3
001333,光华股份,19.11,-16.8,0.41,-47.1,-4.46,-5671797,-11181617,-23851154,927751,-545688,-1574970,缩量,低,情绪退潮,观望,资金撤退型,,D,回避：资金撤退,-1.5
001326,联域股份,92.95,597.1,1.32,26.8,0.45,7269594,135800,98823002,3054896,11292676,2658028,放量,低,游资情绪,抢筹,长线吸筹型,资金+业绩共振(双击候选),B,关注：资金+业绩共振,88.2
001336,楚环科技,19.17,127.8,0.99,21.0,-0.81,-2036443,-1249163,1983940,528930,-502494,-2647218,放量,低,游资情绪,观望,资金观望型,,D,回避：资金观望,7.7
001335,信凯科技,32.44,-52.7,0.67,-20.3,-1.89,-1858668,-1687002,-6160033,498166,1415406,1451586,缩量,低,情绪退潮,观望,资金观望型,,D,回避：资金观望,-0.6
001337,四川黄金,50.4,-0.4,1.57,-56.8,-1.43,-37718590,-210795765,-243136256,-7609486,-13014240,-32726644,缩量,低,情绪退潮,观望,资金撤退型,,D,回避：资金撤退,-0.5
001338,永顺泰,9.07,54.0,0.25,25.4,-6.59,-24734958,-2198850,-27060418,-1468332,-3963517,-4723918,放量,低,游资情绪,观望,资金观望型,,D,回避：资金观望,5.8
001331,胜通能源,44.86,-53.4,2.6,25.0,6.59,85381740,143729319,205335308,16221697,7835235,-20410740,缩量,中,主力惜售,进场,主力强攻型,资金+业绩共振(双击候选),B,关注：资金+业绩共振,86.2
001332,锡装股份,28.9,85.3,0.8,-31.3,0.28,778439,-7348113,-22496526,20419244,21959511,-21945579,放量,低,游资情绪,抢筹,资金观望型,资金+业绩共振(双击候选),B,关注：资金+业绩共振,88.1
001358,兴欣新材,24.56,-50.9,3.15,4.5,3.07,8446806,13721641,1141768,-606604,-1179847,1949686,缩量,低,情绪退潮,观望,趋势转多型,,D,回避：资金观望,1.0
001359,平安电工,88.49,-57.1,3.46,-17.6,2.26,27074550,-73275221,-119009913,-14732432,-9175669,16835467,缩量,低,情绪退潮,观望,资金观望型,,D,回避：资金观望,0.8
001366,播恩集团,13.02,62.3,0.25,75.5,-6.49,-31189298,-44350285,-19988302,-339439,2836622,3273454,放量,低,游资情绪,观望,资金观望型,,D,回避：资金观望,5.8
001339,智微智能,80.19,-54.1,1.12,-31.2,-0.0,-10821,-67341546,-6584109,27333226,28593713,-10035993,缩量,低,情绪退潮,吸筹,资金观望型,机构吸筹+盈利(关注),C,谨慎：资金流入未验证业绩,24.0
001368,通达创智,32.45,506.9,0.49,231.8,-0.48,-3480239,20333451,25165719,901282,-1181810,19747112,放量,低,游资情绪,观望,资金观望型,,D,回避：资金观望,7.8
001367,海森药业,20.56,-16.3,0.36,-68.2,-4.65,-6059412,-15792192,30294885,-1491469,-3765326,2598140,缩量,低,情绪退潮,观望,长线吸筹型,,D,回避：资金观望,-1.6
001356,富岭股份,9.59,379.9,0.94,-23.9,-0.74,-1919886,-13070544,-22119471,1788275,1213277,2915853,放量,低,游资情绪,抢筹,资金撤退型,机构吸筹+盈利(关注),C,谨慎：资金流入未验证业绩,47.8
001373,翔腾新材,29.49,59.1,1.13,9.0,-3.51,-9010060,-9705010,-5793276,-1266734,-1377471,3077469,放量,低,游资情绪,观望,资金观望型,,D,回避：资金观望,6.8
001360,南矿集团,20.56,213.1,1.06,3.6,-1.48,-8809456,6997201,25785642,1376191,4051625,6144019,放量,低,游资情绪,抢筹,资金观望型,机构吸筹+盈利(关注),C,谨慎：资金流入未验证业绩,47.5
001369,双欣材料,12.45,-39.3,0.75,-32.3,-6.9,-22630888,-26888292,-45682215,4472147,-1181703,-5665518,缩量,低,情绪退潮,观望,资金撤退型,,D,回避：资金撤退,-2.3
001382,新亚电缆,16.52,-48.4,0.84,-20.6,-2.16,-3762482,-15261368,-24863741,-521803,-952460,5220919,缩量,低,情绪退潮,观望,资金撤退型,,D,回避：资金撤退,-0.7
001376,百通能源,12.66,-6.2,1.11,8.7,-3.17,-24566058,-13527028,32073708,87608466,97744062,-43484568,缩量,低,情绪退潮,吸筹,高位分歧型,机构吸筹+盈利(关注),C,谨慎：资金流入未验证业绩,22.9
001386,马可波罗,15.95,34.1,0.46,-22.4,3.36,11137662,15603924,31489684,-9409237,-10543816,9097258,缩量,低,情绪退潮,观望,均衡流入型,,D,回避：资金观望,1.1
001387,雪祺电气,11.5,-42.4,1.54,-10.5,-1.25,-2001097,-484453,-3902180,422928,-574154,934512,缩量,低,情绪退潮,观望,资金观望型,,D,回避：资金观望,-0.4
001388,信通电子,20.34,-48.4,3.63,31.3,-7.18,-46883068,-21935810,-37557894,-16960510,-5067035,13474959,缩量,低,情绪退潮,观望,资金观望型,,D,回避：资金观望,-2.4
001389,广合科技,169.03,-38.1,0.92,38.5,-0.05,-2633548,467372530,423448593,-85600601,-53369318,78835610,缩量,低,情绪退潮,观望,资金观望型,,D,回避：资金观望,-0.0
001378,德冠新材,23.57,189.0,2.77,114.5,0.59,7421597,4667848,11992597,3403384,-3892058,7275723,放量,低,游资情绪,进场,资金观望型,资金+业绩共振(双击候选),B,关注：资金+业绩共振,80.2
001380,华纬科技,18.5,-10.1,0.84,1.0,4.37,6333995,7850505,6603743,1075540,2494169,-2256824,缩量,低,情绪退潮,吸筹,趋势转多型,资金+业绩共振(双击候选),B,关注：资金+业绩共振,65.5
001379,腾达科技,15.56,-24.0,0.7,-21.5,0.63,628153,485643,7254719,1386600,704930,-932772,缩量,低,情绪退潮,进场,长线吸筹型,资金+业绩共振(双击候选),B,关注：资金+业绩共振,72.2
001395,亚联机械,29.0,-74.0,2.71,-40.9,1.56,2241711,1383854,2916486,-320002,-42210,156586,缩量,低,情绪退潮,观望,资金观望型,,D,回避：资金观望,0.5
001396,誉帆科技,32.53,2.9,0.39,-29.1,0.68,1045563,651335,844314,-2571066,1030882,5189001,缩量,低,情绪退潮,观望,资金观望型,,D,回避：资金观望,0.2
001400,江顺科技,75.41,-52.8,0.55,-64.8,-1.82,-8891598,-52062473,770898,-9560389,-3807159,15824353,缩量,低,情绪退潮,观望,长线吸筹型,,D,回避：资金观望,-0.6
001390,古麒绒材,16.95,9.2,1.38,-2.5,0.69,883416,-8821343,-21810962,7434794,-1105555,-2370871,缩量,低,情绪退潮,进场,资金观望型,资金+业绩共振(双击候选),B,关注：资金+业绩共振,72.2
001696,宗申动力,15.42,-58.8,1.75,-18.6,-4.81,-113126560,-319475493,-316889236,-11042912,-11516878,11038197,缩量,低,情绪退潮,观望,资金观望型,,D,回避：资金观望,-1.6
001872,招商港口,23.09,-35.6,1.52,-28.2,-2.36,-6779717,-6699457,-53411106,1137067,-1202218,-3636498,缩量,低,情绪退潮,观望,资金观望型,,D,回避：资金观望,-0.8
001391,国货航,4.02,-15.2,1.72,-20.2,-4.53,-13225839,-12583798,-34804041,5722099,8147785,-2926112,缩量,低,情绪退潮,吸筹,资金观望型,机构吸筹+盈利(关注),C,谨慎：资金流入未验证业绩,22.5
002001,新 和 成,26.32,-62.8,0.83,-35.2,-5.57,-126771971,-72570377,-264761189,-42673219,-33196814,33463963,缩量,低,情绪退潮,观望,资金观望型,,D,回避：资金观望,-1.9
002003,伟星股份,11.54,1.5,2.46,-1.1,-2.76,-18176415,-137626654,-214373477,3302662,-398823,-7365787,缩量,低,情绪退潮,观望,资金撤退型,,D,回避：资金撤退,-0.9
002004,华邦健康,4.38,31.9,0.41,38.1,0.99,5774563,32834458,35453540,-7388197,-11929278,9419449,缩量,低,情绪退潮,观望,均衡流入型,,D,回避：资金观望,0.3
001896,豫能控股,12.11,-40.9,0.53,138.4,6.45,530877564,718707379,568602610,34764314,45514488,-9418685,缩量,中,主力惜售,吸筹,短线抢筹型,资金+业绩共振(双击候选),B,关注：资金+业绩共振,78.2
001914,招商积余,8.91,-6.3,1.12,-39.5,-2.05,-5130859,-13411233,-24372452,844808,2189676,-883597,缩量,低,情绪退潮,吸筹,资金撤退型,机构吸筹+盈利(关注),C,谨慎：资金流入未验证业绩,23.3
002006,精工科技,13.32,-55.6,0.97,45.2,-5.38,-15978022,4826884,-35379358,5374264,114841,-6079894,缩量,低,情绪退潮,观望,资金观望型,,D,回避：资金观望,-1.8
002007,华兰生物,12.93,-45.1,1.82,3.7,-4.31,-22927738,-56950513,-105224649,3996908,5808157,2983730,缩量,低,情绪退潮,观望,资金撤退型,,D,回避：资金撤退,-1.4
001979,招商蛇口,7.07,53.6,1.57,-56.9,1.34,26715886,-169379240,-481064675,105678024,62328885,-122429492,放量,低,游资情绪,抢筹,资金观望型,资金+业绩共振(双击候选),B,关注：资金+业绩共振,88.4
001965,招商公路,9.92,-2.3,1.4,0.9,1.15,9779159,43200519,-49183548,11664008,-37928,-19205746,缩量,低,情绪退潮,进场,趋势转多型,资金+业绩共振(双击候选),B,关注：资金+业绩共振,72.4
002009,天奇股份,15.58,-73.9,0.55,-21.4,-3.39,-15734970,-49082698,-92720844,-2456106,-80635,-233760,缩量,低,情绪退潮,观望,资金撤退型,,D,回避：资金撤退,-1.1
002011,盾安环境,14.2,323.7,1.13,678.5,-8.81,-342615046,-97161305,-128099906,-18517048,-10537407,29365128,放量,低,游资情绪,观望,资金观望型,,D,回避：资金观望,5.1
002005,德豪润达,2.66,282.6,1.07,35.4,-0.64,-1998238,-3224470,-6608598,42485187,53465601,-23813504,放量,低,游资情绪,抢筹,资金撤退型,机构吸筹+盈利(关注),C,谨慎：资金流入未验证业绩,47.8
002008,大族激光,99.6,-13.1,1.31,11.2,-3.3,-647539455,-8174978,1453748114,402163875,409450012,-341517817,缩量,低,情绪退潮,吸筹,高位分歧型,机构吸筹+盈利(关注),C,谨慎：资金流入未验证业绩,22.9
002010,传化智联,4.54,-56.4,0.95,-11.2,3.1,7825867,20446077,1355872,3052825,19865,-3773380,缩量,低,情绪退潮,进场,趋势转多型,资金+业绩共振(双击候选),B,关注：资金+业绩共振,73.0
002016,世荣兆业,4.54,20.8,0.58,-19.9,-2.26,-4481948,-15998573,7464580,-2744046,-700399,-1106005,缩量,低,情绪退潮,观望,长线吸筹型,,D,回避：资金观望,-0.8
002012,凯恩股份,7.35,-41.4,0.99,-21.1,2.16,6828528,-19633240,6874500,2846251,1088730,1083701,缩量,低,情绪退潮,进场,资金观望型,资金+业绩共振(双击候选),B,关注：资金+业绩共振,72.7
002015,协鑫能科,15.92,0.4,0.33,-26.6,-3.6,-299196981,-434901895,-95525538,-138717375,-85315564,120384762,缩量,低,情绪退潮,观望,资金观望型,,D,回避：资金观望,-1.2
002019,亿帆医药,9.37,-65.3,0.77,-29.8,-8.93,-21774338,-53968427,-136552624,-2045748,-757864,-1635644,缩量,低,情绪退潮,观望,资金撤退型,,D,回避：资金撤退,-3.0
002017,东信和平,14.22,13.9,0.91,-50.7,-3.45,-43718038,32353259,225995166,11976130,10530165,-13028650,缩量,低,情绪退潮,观望,高位分歧型,,D,回避：资金观望,-1.2
002023,海特高新,9.49,-65.4,0.43,-30.6,0.22,860429,-32237047,-75495431,-8899997,-3241456,9414309,缩量,低,情绪退潮,观望,资金观望型,,D,回避：资金观望,0.1
002021,中捷资源,2.64,-34.5,0.7,11.7,-1.13,-3527745,-3615080,-30779182,3564975,-798462,-6507671,缩量,低,情绪退潮,观望,资金撤退型,,D,回避：资金撤退,-0.4
002022,科华生物,5.61,-22.8,0.98,-24.4,-2.27,-2921609,-3243850,-3924270,-2553241,0,2712075,缩量,低,情绪退潮,观望,资金撤退型,,D,回避：资金撤退,-0.8
002014,永新股份,10.97,-56.9,0.91,-14.5,3.72,5002132,14920489,9854265,-1088341,551500,-193411,缩量,低,情绪退潮,吸筹,趋势转多型,资金+业绩共振(双击候选),B,关注：资金+业绩共振,65.2
002025,航天电器,74.2,-30.4,0.67,18.6,3.19,194098898,-73870547,-128520874,-7474393,-21486491,-4041233,缩量,低,情绪退潮,观望,资金观望型,,D,回避：资金观望,1.1
002027,分众传媒,4.66,-54.4,1.24,-17.6,-1.75,-35037028,-140254479,-199879711,1496152,-9292289,1477205,缩量,低,情绪退潮,观望,资金撤退型,,D,回避：资金撤退,-0.6
002020,京新药业,11.4,-62.7,2.47,41.5,2.58,12988293,6972639,-10181231,14283865,5117698,-22645686,缩量,低,情绪退潮,进场,资金观望型,资金+业绩共振(双击候选),B,关注：资金+业绩共振,72.9
002030,达安基因,5.37,-0.2,2.2,-34.1,-1.47,-4923022,-7746153,-56764568,-5665835,-2918167,-3972966,缩量,低,情绪退潮,观望,资金撤退型,,D,回避：资金撤退,-0.5
002032,苏 泊 尔,40.13,-37.9,0.98,6.2,0.6,2196938,4353328,4583080,-2393649,285392,1215395,缩量,低,情绪退潮,观望,均衡流入型,,D,回避：资金观望,0.2
002028,思源电气,138.0,-31.2,0.65,-39.7,0.0,94770,-676276556,-836467191,81028776,94295584,-9946501,缩量,低,情绪退潮,吸筹,资金观望型,资金+业绩共振(双击候选),B,关注：资金+业绩共振,64.0
002033,丽江股份,8.46,14.4,0.13,-5.9,-13.76,-112433455,-103280851,-57310522,5636149,4906363,-9953443,缩量,低,情绪退潮,观望,资金观望型,,D,回避：资金观望,-4.6
002026,山东威达,11.44,73.5,0.79,-34.0,5.29,37696201,30909821,129388095,-19715422,-10348434,11939388,放量,中,主力偏强放量,进场,资金观望型,资金+业绩共振(双击候选),B,关注：资金+业绩共振,89.8
002037,保利联合,6.75,-14.5,1.34,-9.4,-4.96,-8822660,-6040637,-10138218,-860248,-2900642,-1622392,缩量,低,情绪退潮,观望,资金观望型,,D,回避：资金观望,-1.7
002029,七 匹 狼,9.0,92.1,0.79,-31.6,0.56,4051011,-42955367,43377882,68128274,81849559,-36158583,放量,低,游资情绪,抢筹,长线吸筹型,资金+业绩共振(双击候选),B,关注：资金+业绩共振,88.2
002034,旺能环境,14.38,-50.9,0.3,-26.9,-0.28,-1158379,-44243382,-79823534,-5456541,-4425961,6414836,缩量,低,情绪退潮,观望,资金撤退型,,D,回避：资金撤退,-0.1
002035,华帝股份,4.52,-20.4,0.49,-45.0,2.86,4862991,31378143,-36031340,-5631965,-5197635,2068187,缩量,低,情绪退潮,观望,趋势转多型,,D,回避：资金观望,1.0
002036,联创电子,6.32,-23.1,1.8,-28.5,1.53,14989575,-56939231,-82542016,-38689907,-34946718,30300261,缩量,低,情绪退潮,观望,资金观望型,,D,回避：资金观望,0.5
002038,双鹭药业,5.62,-70.5,0.84,-75.9,-3.91,-14541503,-47402974,-94269112,-12152566,-5569494,4643150,缩量,低,情绪退潮,观望,资金撤退型,,D,回避：资金撤退,-1.3
002039,黔源电力,19.31,-43.2,0.53,-3.0,-3.39,-18345630,-23477857,-52871314,-4950843,-8203737,5266453,缩量,低,情绪退潮,观望,资金撤退型,,D,回避：资金撤退,-1.1
002040,南 京 港,9.28,486.3,0.67,123.7,0.02,390596,156176046,191891444,-10784918,-9772488,22741410,放量,低,游资情绪,观望,均衡流入型,,D,回避：资金观望,8.0
002031,巨轮智能,5.25,-12.5,2.4,-34.7,-2.57,-36118380,-362932768,193571410,20465412,18160828,-10570159,缩量,低,情绪退潮,吸筹,长线吸筹型,纯资金炒作(亏损风险),C,谨慎：纯资金炒作,3.1
002041,登海种业,10.29,343.7,0.9,-24.3,-1.07,-27304579,-89733689,336295601,-14538382,-9131080,33021455,放量,低,游资情绪,观望,长线吸筹型,,D,回避：资金观望,7.6
002042,华孚时尚,3.84,13.3,0.3,-38.0,-5.89,-23855831,-23377388,-23113786,7994864,4356593,-14457911,缩量,低,情绪退潮,观望,资金观望型,,D,回避：资金观望,-2.0
002045,国光电器,9.05,-40.0,0.82,-57.2,-1.49,-9672665,-18192968,57291699,-6773785,-9427596,-4547029,缩量,低,情绪退潮,观望,长线吸筹型,,D,回避：资金观望,-0.5
002048,宁波华翔,18.32,-50.6,1.47,-21.4,-4.91,-52018403,-64880511,-62882075,-5417617,-5852718,9526232,缩量,低,情绪退潮,观望,资金观望型,,D,回避：资金观望,-1.6
002052,同洲电子,8.39,-70.3,1.05,-60.5,-3.33,-7336671,4993058,58363903,-5029295,-4463090,1415854,缩量,低,情绪退潮,观望,高位分歧型,,D,回避：资金观望,-1.1
002050,三花智控,35.31,-56.0,1.03,2.3,-3.36,-244715408,-427591298,-750246777,-28123750,-2961519,34424322,缩量,低,情绪退潮,观望,资金撤退型,,D,回避：资金撤退,-1.1
002053,云南能投,9.63,-58.3,0.78,92.3,-8.91,-31153345,-34522856,-61787827,-148622,-303860,30589,缩量,低,情绪退潮,观望,资金撤退型,,D,回避：资金撤退,-3.0
002051,中工国际,8.86,-48.9,0.42,-14.6,-0.1,-816159,-16613065,-30469270,-8874210,1658783,1682593,缩量,低,情绪退潮,观望,资金撤退型,,D,回避：资金撤退,-0.0
002054,德美化工,7.07,-48.0,1.02,-30.4,-3.52,-8319518,-17756630,4383175,-218062,587532,-1239013,缩量,低,情绪退潮,观望,长线吸筹型,,D,回避：资金观望,-1.2
002044,美年健康,4.42,-23.9,1.24,-2.3,-4.47,-67732257,-54950730,-194123374,39528141,38211639,-14508341,缩量,低,情绪退潮,吸筹,资金观望型,机构吸筹+盈利(关注),C,谨慎：资金流入未验证业绩,22.5
002047,宝鹰股份,3.4,-21.0,0.51,-33.1,-10.75,-38161073,-15629177,41611196,-757836,3885980,-105794,缩量,低,情绪退潮,吸筹,高位分歧型,机构吸筹+盈利(关注),C,谨慎：资金流入未验证业绩,20.4
002046,国机精工,64.23,-0.4,1.25,89.3,4.77,246056908,464932978,690250799,33701461,24625321,-46623084,缩量,低,情绪退潮,进场,主力建仓型,资金+业绩共振(双击候选),B,关注：资金+业绩共振,73.6
002049,紫光国微,61.28,-74.0,2.03,-23.2,-7.44,-204884384,-533032366,-807252730,61223176,51296914,-46596885,缩量,低,情绪退潮,吸筹,资金撤退型,机构吸筹+盈利(关注),C,谨慎：资金流入未验证业绩,21.5
002059,云南旅游,4.55,1054.5,0.65,272.9,-6.52,-159480316,-348676708,-158358706,-18478844,-5621255,20164869,放量,低,游资情绪,观望,资金观望型,,D,回避：资金观望,5.8
002057,中钢天源,8.95,-65.1,3.85,-14.4,-3.43,-16119429,-69160430,-69364406,18975838,12664432,-8537317,缩量,低,情绪退潮,吸筹,资金撤退型,机构吸筹+盈利(关注),C,谨慎：资金流入未验证业绩,22.9
002056,横店东磁,20.3,-67.2,2.75,-0.8,-0.12,-1756126,-1763929,-207840611,36764699,27344238,-24815395,缩量,低,情绪退潮,吸筹,资金撤退型,机构吸筹+盈利(关注),C,谨慎：资金流入未验证业绩,24.0
002058,紫竹高科,16.85,-9.0,0.8,1.8,3.23,10238795,6580792,4726035,378700,-527123,3255881,缩量,低,情绪退潮,进场,资金观望型,资金+业绩共振(双击候选),B,关注：资金+业绩共振,73.1
002060,广东建工,3.05,4.9,0.33,-9.0,4.66,11970991,13212185,3228420,996344,3267692,-3666808,缩量,低,情绪退潮,进场,趋势转多型,资金+业绩共振(双击候选),B,关注：资金+业绩共振,73.6
002063,远光软件,5.35,-57.4,0.68,-19.3,-3.56,-13516064,-48645993,-49266550,-7558321,-6149344,1389477,缩量,低,情绪退潮,观望,资金撤退型,,D,回避：资金撤退,-1.2
002064,华峰化学,9.92,-54.7,1.2,-31.6,-2.63,-40081492,-32576523,486920,13784832,2893446,-8243549,缩量,低,情绪退潮,观望,资金观望型,,D,回避：资金观望,-0.9
002067,景兴纸业,4.09,-62.0,1.25,-39.9,-2.4,-10537726,-54316475,-116011065,-2333584,-414850,3035095,缩量,低,情绪退潮,观望,资金撤退型,,D,回避：资金撤退,-0.8
002066,瑞泰科技,20.0,-60.3,0.9,-39.0,-9.45,-17371504,-28857180,-50981531,-7313415,-3765687,672082,缩量,低,情绪退潮,观望,资金撤退型,,D,回避：资金撤退,-3.1
002072,凯瑞德,7.1,-18.1,2.89,-45.0,-1.78,-10252811,-99900067,-72939729,5684773,1633913,-11455876,缩量,低,情绪退潮,观望,资金观望型,,D,回避：资金观望,-0.6
002073,软控股份,5.72,-46.6,0.68,-56.2,-2.27,-5844892,-13675257,-40642736,227729,-894342,-2079116,缩量,低,情绪退潮,观望,资金撤退型,,D,回避：资金撤退,-0.8
002061,浙江交科,3.34,-22.0,0.97,23.4,9.41,27227000,29877042,1669289,-4901090,-3344531,-2410174,缩量,中,主力惜售,进场,趋势转多型,资金+业绩共振(双击候选),B,关注：资金+业绩共振,87.1
002062,宏润建设,9.54,145.4,0.38,70.2,5.91,74778143,86523688,128584967,-10459879,-26598158,-9630364,放量,中,主力偏强放量,进场,均衡流入型,资金+业绩共振(双击候选),B,关注：资金+业绩共振,90.0
002065,东华软件,6.66,-62.0,1.26,-35.7,-0.93,-5634762,-39573987,-80407295,4682609,10470938,-7787569,缩量,低,情绪退潮,吸筹,资金撤退型,机构吸筹+盈利(关注),C,谨慎：资金流入未验证业绩,23.7
002075,沙钢股份,3.56,-45.0,1.15,-17.7,-1.99,-6155592,-24712755,-38120400,-1300160,1105834,-4436793,缩量,低,情绪退潮,观望,资金撤退型,,D,回避：资金撤退,-0.7
002069,獐子岛,3.65,4.7,0.74,6.9,6.25,13354139,-2002242,3065729,494018,319826,-1829208,缩量,中,主力惜售,进场,资金观望型,纯资金炒作(亏损风险),C,谨慎：纯资金炒作,26.1
002068,黑猫股份,9.98,89.4,4.24,513.3,2.41,103681419,207866478,179251956,15803948,17255494,-1451749,放量,低,游资情绪,吸筹,趋势转多型,纯资金炒作(亏损风险),C,谨慎：纯资金炒作,12.8
002079,苏州固锝,9.18,-60.6,1.55,-18.4,-1.12,-10092794,-28986043,-72996050,5432623,959235,639472,缩量,低,情绪退潮,观望,资金撤退型,,D,回避：资金撤退,-0.4
002074,国轩高科,26.14,-47.6,0.37,-34.3,0.43,10931922,-77996007,-148992809,10151452,-1387175,1510724,缩量,低,情绪退潮,进场,资金观望型,资金+业绩共振(双击候选),B,关注：资金+业绩共振,72.1
002078,太阳纸业,14.09,-6.3,1.39,-47.5,1.18,14993756,-70144135,-86698580,-4858966,-22821991,-6676957,缩量,低,情绪退潮,观望,资金观望型,,D,回避：资金观望,0.4
002081,金 螳 螂,4.92,133.0,0.3,-41.5,-2.36,-92550858,-88458936,-255015762,35133247,27188987,-37818285,放量,低,游资情绪,观望,资金观望型,,D,回避：资金观望,7.2
002076,星光股份,2.13,-44.6,1.18,-8.7,4.65,14156899,15391636,-17003104,3041898,4759413,-4761482,缩量,低,情绪退潮,进场,趋势转多型,纯资金炒作(亏损风险),C,谨慎：纯资金炒作,13.6
002083,孚日股份,9.75,-67.8,1.34,-34.9,0.83,8413467,-33549558,-92758174,-9831920,-6084397,-3992796,缩量,低,情绪退潮,观望,资金观望型,,D,回避：资金观望,0.3
002077,大港股份,14.5,28.2,2.81,291.1,-1.95,-83607936,295639115,256263559,62357071,48465280,-43505799,缩量,低,情绪退潮,吸筹,资金观望型,机构吸筹+盈利(关注),C,谨慎：资金流入未验证业绩,23.4
002085,万丰奥威,9.58,-15.9,0.98,10.1,-8.43,-104040223,-144257624,-162572032,-29514444,-12280979,25716390,缩量,低,情绪退潮,观望,资金撤退型,,D,回避：资金撤退,-2.8
002088,鲁阳节能,7.96,-11.6,0.59,1.3,2.82,3753196,1628442,-1801681,-205930,-3402964,2683689,缩量,低,情绪退潮,观望,资金观望型,,D,回避：资金观望,0.9
002080,中材科技,60.22,101.5,1.2,41.7,8.47,1920858808,1850943456,1241740015,332424707,364938646,-319174320,放量,中,主力偏强放量,吸筹,资金观望型,资金+业绩共振(双击候选),B,关注：资金+业绩共振,82.8
002091,江苏国泰,7.62,-13.5,0.24,-18.8,1.54,5357280,-4367711,-45858360,-4553093,-8928026,7020107,缩量,低,情绪退潮,观望,资金观望型,,D,回避：资金观望,0.5
002090,金智科技,9.17,-12.1,1.07,-35.7,-0.23,-521463,-8782739,-18329703,803887,-764873,-1889932,缩量,低,情绪退潮,观望,资金撤退型,,D,回避：资金撤退,-0.1
002092,中泰化学,4.42,-46.7,0.54,-30.8,-9.4,-80040427,2442810,49011238,-3456127,-7173171,-243199,缩量,低,情绪退潮,观望,高位分歧型,,D,回避：资金观望,-3.1
002084,海鸥住工,5.56,594.9,1.3,55.0,2.39,57015663,-61910643,-63692676,34548543,28116221,-31827271,放量,低,游资情绪,抢筹,资金观望型,纯资金炒作(亏损风险),C,谨慎：纯资金炒作,28.8
002086,东方海洋,2.01,68.6,0.8,8.3,8.02,45987856,24274071,-77778,2651421,4186416,-3944927,放量,中,主力偏强放量,吸筹,资金观望型,纯资金炒作(亏损风险),C,谨慎：纯资金炒作,22.7
002096,易普力,9.16,-39.3,1.03,-22.0,-1.09,-2020670,5641489,-15345552,-4094998,-3577507,970534,缩量,低,情绪退潮,观望,资金观望型,,D,回避：资金观望,-0.4
002099,海翔药业,5.36,-16.8,0.67,9.9,1.29,8357562,5127207,12237464,-2137743,-7966621,-4322352,缩量,低,情绪退潮,观望,资金观望型,,D,回避：资金观望,0.4
002098,浔兴股份,7.91,24.0,0.83,-37.4,2.17,3409134,4926022,8615918,-930484,0,1075268,缩量,低,情绪退潮,观望,均衡流入型,,D,回避：资金观望,0.7
002100,天康生物,7.6,-21.3,0.84,-14.2,-1.57,-15099311,-46350886,-35741861,5621951,3990794,9749143,缩量,低,情绪退潮,观望,资金观望型,,D,回避：资金观望,-0.5
002093,国脉科技,7.4,135.7,0.75,383.0,2.79,49241962,119092641,118159546,-3695782,5626128,-3092661,放量,低,游资情绪,吸筹,趋势转多型,资金+业绩共振(双击候选),B,关注：资金+业绩共振,72.9
002101,广东鸿图,8.68,-65.2,1.06,-19.7,-3.55,-4604044,-2224248,-18341431,2274789,1204466,-3700032,缩量,低,情绪退潮,观望,资金观望型,,D,回避：资金观望,-1.2
002094,青岛金王,5.12,79.6,0.76,-51.7,-1.64,-10092818,-41105798,18345470,11740018,7013325,-11146816,放量,低,游资情绪,抢筹,资金观望型,机构吸筹+盈利(关注),C,谨慎：资金流入未验证业绩,47.5
002095,生 意 宝,16.16,700.0,0.93,518.6,6.61,90262297,161752957,161836668,-20644252,-9763694,20097932,放量,中,主力偏强放量,进场,主力强攻型,纯资金炒作(亏损风险),C,谨慎：纯资金炒作,30.2
002103,广博股份,6.49,-33.9,1.39,-36.7,-5.82,-11197687,-9247678,-13342761,-588158,1834355,1854217,缩量,低,情绪退潮,观望,资金观望型,,D,回避：资金观望,-1.9
002104,恒宝股份,11.13,-0.8,1.2,-35.0,-4.3,-87994071,74589370,379491388,-14310332,-14240342,-3086097,缩量,低,情绪退潮,观望,高位分歧型,,D,回避：资金观望,-1.4
002106,莱宝高科,12.52,44.7,3.19,91.4,-0.16,-4130790,35932027,51110880,50931378,17752165,-33782421,缩量,低,情绪退潮,观望,资金观望型,,D,回避：资金观望,-0.1
002105,信隆健康,5.91,-25.7,0.98,-10.6,-2.86,-5279991,-10015628,-13136983,654636,647311,-3426342,缩量,低,情绪退潮,观望,资金撤退型,,D,回避：资金撤退,-1.0
002107,沃华医药,6.86,16.3,0.49,-5.4,-1.18,-7042922,22682980,114468937,8060900,843851,-3631048,缩量,低,情绪退潮,观望,高位分歧型,,D,回避：资金观望,-0.4
002111,威海广泰,9.49,-26.6,1.71,-39.5,-4.74,-13682407,-43569152,-47738312,2149366,2897965,-9419329,缩量,低,情绪退潮,观望,资金撤退型,,D,回避：资金撤退,-1.6
002115,三维通信,10.09,-72.9,1.17,-43.7,-6.75,-82637214,-169702425,-143990057,986349,-4164875,-2799066,缩量,低,情绪退潮,观望,资金观望型,,D,回避：资金观望,-2.2
002112,三变科技,14.67,-59.0,0.81,-37.2,-6.22,-31751192,-58700895,-77829129,3977267,1506664,-7112306,缩量,低,情绪退潮,观望,资金撤退型,,D,回避：资金撤退,-2.1
002114,罗平锌电,7.23,3.7,0.62,3.7,-5.05,-15683644,-18077072,-27707877,-3207622,2076035,-7050264,缩量,低,情绪退潮,观望,资金撤退型,,D,回避：资金撤退,-1.7
002116,中国海诚,7.15,7.1,0.26,37.5,-7.16,-8058810,-11655080,-17444900,-219183,1194840,1464290,缩量,低,情绪退潮,观望,资金撤退型,,D,回避：资金撤退,-2.4
002117,东港股份,7.65,-22.1,0.64,-44.6,-11.71,-21579299,-38696489,-55713528,-10099076,-12126993,3430622,缩量,低,情绪退潮,观望,资金撤退型,,D,回避：资金撤退,-3.9
002108,沧州明珠,4.38,-42.6,0.1,27.5,2.59,14921874,34017206,40929665,2329190,2674816,3251291,缩量,低,情绪退潮,进场,主力建仓型,资金+业绩共振(双击候选),B,关注：资金+业绩共振,72.9
002110,三钢闽光,2.91,-15.1,0.92,1.5,8.61,27205195,16524414,28573244,-4681342,-4792354,-2885212,缩量,中,主力惜售,进场,资金观望型,资金+业绩共振(双击候选),B,关注：资金+业绩共振,86.9
002123,梦网科技,7.63,-67.2,1.6,-41.8,-6.59,-28501032,-43459785,-77471962,-975640,304853,-5896683,缩量,低,情绪退潮,观望,资金撤退型,,D,回避：资金撤退,-2.2
002119,康强电子,24.82,-22.7,2.97,27.5,1.89,101667137,192084531,198565668,57203551,33717140,-83353951,缩量,低,情绪退潮,进场,均衡流入型,资金+业绩共振(双击候选),B,关注：资金+业绩共振,72.6
002121,科陆电子,4.8,-52.7,0.63,48.9,1.83,11528997,74022053,14495761,4483918,1316620,-5044204,缩量,低,情绪退潮,进场,趋势转多型,纯资金炒作(亏损风险),C,谨慎：纯资金炒作,12.6
002120,韵达股份,6.97,34.7,0.54,-18.6,0.66,6370159,169751,-41187301,3436430,-6317864,-1254178,缩量,低,情绪退潮,进场,资金观望型,资金+业绩共振(双击候选),B,关注：资金+业绩共振,72.2
002129,TCL中环,8.77,-79.4,4.68,-46.9,-9.48,-204807453,-436494112,-465115822,7837346,9543265,6603464,缩量,低,情绪退潮,观望,资金撤退型,,D,回避：资金撤退,-3.2
002130,沃尔核材,17.14,2.5,0.5,47.9,-0.27,-10644362,90183545,-80361120,2232964,19631375,2577856,缩量,低,情绪退潮,观望,资金观望型,,D,回避：资金观望,-0.1
002124,天邦食品,2.25,-1.1,0.19,61.8,-0.02,-149568,186391753,26485935,6414054,10194266,-5992712,缩量,低,情绪退潮,吸筹,资金观望型,纯资金炒作(亏损风险),C,谨慎：纯资金炒作,4.0
002127,南极电商,3.01,-18.0,0.88,1.2,5.77,29737000,43390569,35710720,-15931544,-10380585,10102025,缩量,中,主力惜售,进场,短线抢筹型,纯资金炒作(亏损风险),C,谨慎：纯资金炒作,25.9
002125,湘潭电化,12.1,-69.1,1.56,-64.2,-6.95,-36062329,-59924980,-156049841,1299028,6106379,-506994,缩量,低,情绪退潮,吸筹,资金撤退型,机构吸筹+盈利(关注),C,谨慎：资金流入未验证业绩,21.7
002126,银轮股份,39.37,-59.8,1.4,-31.0,-1.12,-22521021,-125653634,61790946,48443845,45999917,-34937825,缩量,低,情绪退潮,吸筹,长线吸筹型,机构吸筹+盈利(关注),C,谨慎：资金流入未验证业绩,23.6
002131,利欧股份,4.5,-55.6,0.62,-51.2,-0.51,-21972945,-358994135,-370692238,24844097,5548708,-48459178,缩量,低,情绪退潮,观望,资金撤退型,,D,回避：资金撤退,-0.2
002135,东南网架,6.1,-37.8,0.3,-41.9,-1.12,-3777282,-20375620,-55357725,-1519034,-2738578,-2487254,缩量,低,情绪退潮,观望,资金撤退型,,D,回避：资金撤退,-0.4
002128,电投能源,27.66,14.9,0.93,3.2,-2.12,-41496887,-141530706,-289984053,-1527135,15723488,-6119101,缩量,低,情绪退潮,吸筹,资金撤退型,机构吸筹+盈利(关注),C,谨慎：资金流入未验证业绩,23.3
002136,安 纳 达,11.86,-56.6,0.6,-33.1,-6.44,-13983648,-25138562,-25464491,1498864,718755,-875228,缩量,低,情绪退潮,观望,资金撤退型,,D,回避：资金撤退,-2.1
002132,恒星科技,4.33,-63.3,1.43,-59.6,4.66,38264882,112753351,24942014,34968372,42512985,-9237807,缩量,低,情绪退潮,吸筹,趋势转多型,资金+业绩共振(双击候选),B,关注：资金+业绩共振,65.6
002134,天津普林,27.1,177.1,1.34,87.2,2.25,68511642,-12881280,91569786,173910561,206026822,-101955250,放量,低,游资情绪,抢筹,资金观望型,资金+业绩共振(双击候选),B,关注：资金+业绩共振,88.8
002133,广宇集团,2.79,22.7,0.71,-36.4,8.35,16859442,13040033,17555020,4304557,1931119,-3738182,缩量,中,主力惜售,进场,资金观望型,资金+业绩共振(双击候选),B,关注：资金+业绩共振,86.8
002139,拓邦股份,9.62,-48.5,1.39,62.6,1.26,12987550,2376261,-55729251,-6902108,-5985029,2403477,缩量,低,情绪退潮,观望,资金观望型,,D,回避：资金观望,0.4
002141,贤丰控股,6.5,-36.7,15.92,10.0,4.65,283070699,66670931,326472462,-6536076,-4317779,17364519,缩量,低,情绪退潮,观望,资金观望型,,D,回避：资金观望,1.6
002140,东华科技,9.19,-25.6,0.62,16.1,-4.49,-11351969,-14268753,-8349994,1451528,-356551,-2428099,缩量,低,情绪退潮,观望,资金观望型,,D,回避：资金观望,-1.5
002142,宁波银行,34.65,-36.4,1.05,11.5,-2.91,-142233252,-9186073,-22698221,-64932131,-2245191,13857409,缩量,低,情绪退潮,观望,资金观望型,,D,回避：资金观望,-1.0
002149,西部材料,33.96,-61.1,0.26,-27.2,-3.78,-78644789,-108051243,-433927322,-7787549,-7421434,8841354,缩量,低,情绪退潮,观望,资金撤退型,,D,回避：资金撤退,-1.3
002150,正泰电源,21.24,-31.7,0.42,-23.2,-1.01,-7441418,-6323045,-11730344,6834407,9211244,320224,缩量,低,情绪退潮,观望,资金观望型,,D,回避：资金观望,-0.3
002138,顺络电子,52.52,-31.3,3.27,21.9,1.62,127950204,313911839,3409994,77522322,62825702,-86613239,缩量,低,情绪退潮,进场,趋势转多型,资金+业绩共振(双击候选),B,关注：资金+业绩共振,72.5
002151,北斗星通,28.81,-32.1,0.64,5.0,-3.84,-53445022,-19165585,-92684880,1153557,14153058,33837472,缩量,低,情绪退潮,观望,资金观望型,,D,回避：资金观望,-1.3
002145,钛能化学,4.6,59.5,1.46,56.0,7.2,112494024,105997932,55461096,-53835299,-28326842,83988190,放量,中,主力偏强放量,进场,资金观望型,资金+业绩共振(双击候选),B,关注：资金+业绩共振,90.4
002144,宏达高科,10.46,-50.4,0.86,-19.4,0.01,17013,-16052480,-22122737,622570,-738500,-39730,缩量,低,情绪退潮,进场,资金观望型,资金+业绩共振(双击候选),B,关注：资金+业绩共振,72.0
002146,荣盛发展,1.2,74.1,0.88,-14.7,0.17,793051,-7854565,-9770519,22222576,30844859,-8452883,放量,低,游资情绪,抢筹,资金观望型,纯资金炒作(亏损风险),C,谨慎：纯资金炒作,28.1
002154,报 喜 鸟,3.87,-37.7,1.17,-8.4,-3.88,-20325151,-18617763,9703619,5919286,6641080,1072640,缩量,低,情绪退潮,观望,高位分歧型,,D,回避：资金观望,-1.3
002157,正邦科技,3.03,6.3,0.47,21.9,-0.61,-15555654,-225942428,-210142021,-21562537,26026586,7844137,缩量,低,情绪退潮,观望,资金观望型,,D,回避：资金观望,-0.2
002152,广电运通,9.28,-67.5,1.6,-18.9,-7.75,-61287884,-89326441,-124093630,6464525,6528236,-6476763,缩量,低,情绪退潮,吸筹,资金撤退型,机构吸筹+盈利(关注),C,谨慎：资金流入未验证业绩,21.4
002163,海南发展,7.73,116.7,0.57,40.7,-3.11,-61266936,30424990,67825185,-22844822,-20995138,6419056,放量,低,游资情绪,观望,资金观望型,,D,回避：资金观望,7.0
002164,宁波东力,10.49,-21.9,0.99,-32.3,-9.97,-30964176,-66100630,-113953565,10826127,8552743,-14121410,缩量,低,情绪退潮,观望,资金撤退型,,D,回避：资金撤退,-3.3
002169,智光电气,13.65,26.6,0.64,-4.6,1.28,21638060,24113921,98911167,-7363216,4232761,7721422,缩量,低,情绪退潮,观望,长线吸筹型,,D,回避：资金观望,0.4
002174,游族网络,14.14,34.2,2.6,145.5,-4.21,-170149976,63312485,74635010,-32880007,-21718133,28563970,缩量,低,情绪退潮,观望,资金观望型,,D,回避：资金观望,-1.4
002173,创新医疗,17.89,-58.7,1.63,-32.4,-3.01,-68212651,-184407098,-198277327,24881527,10170785,-26705725,缩量,低,情绪退潮,观望,资金撤退型,,D,回避：资金撤退,-1.0
002177,御银股份,5.63,-49.8,0.5,-56.9,-5.02,-19958820,-13758674,-25439256,-817758,110779,-7255636,缩量,低,情绪退潮,观望,资金观望型,,D,回避：资金观望,-1.7
002180,奔图科技,16.09,-75.9,1.55,-19.5,-7.96,-39226849,-43586854,-64829531,-12694883,-8478619,13489854,缩量,低,情绪退潮,观望,资金撤退型,,D,回避：资金撤退,-2.7
002167,东方锆业,16.25,-65.1,6.3,-14.7,0.19,7292228,-27191787,-161731288,56530751,56990913,-66117726,缩量,低,情绪退潮,进场,资金观望型,资金+业绩共振(双击候选),B,关注：资金+业绩共振,72.1
002171,楚江新材,10.74,-23.2,2.13,72.3,-3.43,-152896789,-183157414,-126858475,42533119,46665221,-21721746,缩量,低,情绪退潮,吸筹,资金观望型,机构吸筹+盈利(关注),C,谨慎：资金流入未验证业绩,22.9
002182,宝武镁业,11.55,-74.2,1.11,-37.6,-5.85,-27133827,-33382876,988703,6001683,2892117,-3507803,缩量,低,情绪退潮,观望,资金观望型,,D,回避：资金观望,-1.9
002181,粤 传 媒,9.44,21.9,0.42,43.4,-1.5,-41093245,11426185,278033951,-11013838,-9151404,-1784366,缩量,低,情绪退潮,观望,长线吸筹型,,D,回避：资金观望,-0.5
002183,怡 亚 通,4.3,-42.9,0.46,-7.6,-0.26,-1887387,23394865,-55381260,-28705617,-23044107,9606269,缩量,低,情绪退潮,观望,资金观望型,,D,回避：资金观望,-0.1
002172,澳洋健康,5.28,2103.7,1.16,30.3,3.49,196140244,271148233,532425499,280859821,325082631,-156600235,放量,低,游资情绪,抢筹,均衡流入型,资金+业绩共振(双击候选),B,关注：资金+业绩共振,89.2
002185,华天科技,18.03,-36.6,7.78,27.9,-0.29,-57489475,215144429,-961333362,2661255605,2852644392,-1544737436,缩量,低,情绪退潮,吸筹,资金观望型,机构吸筹+盈利(关注),C,谨慎：资金流入未验证业绩,23.9
002191,劲嘉股份,3.63,-31.1,1.11,44.5,3.32,8483007,-2338955,-23013740,-7828276,-7537510,3164285,缩量,低,情绪退潮,观望,资金观望型,,D,回避：资金观望,1.1
002187,广百股份,5.59,-3.4,0.99,23.8,-0.57,-2159282,-20284213,-9131906,-1170342,-229068,404359,缩量,低,情绪退潮,观望,资金观望型,,D,回避：资金观望,-0.2
002190,成飞集成,24.34,-20.7,1.15,-48.6,-8.33,-56264498,-91781828,110610044,3049699,3356464,-5691141,缩量,低,情绪退潮,观望,长线吸筹型,,D,回避：资金观望,-2.8
002192,融捷股份,60.79,-56.7,0.69,-60.8,-5.59,-177981541,-346122440,223749789,-47527054,-25044441,12181612,缩量,低,情绪退潮,观望,长线吸筹型,,D,回避：资金观望,-1.9
002188,中天服务,5.37,-31.8,0.75,-13.7,-2.1,-5338088,-4300864,2106755,114822,0,1080258,缩量,低,情绪退潮,观望,资金观望型,,D,回避：资金观望,-0.7
002199,东晶电子,12.4,-48.3,4.37,-6.7,-2.92,-8286130,-10830963,-31886497,-349630,-2027931,-3799535,缩量,低,情绪退潮,观望,资金撤退型,,D,回避：资金撤退,-1.0
002202,金风科技,18.2,-51.7,0.65,29.4,-2.55,-312621105,-589059892,-2339561750,-93257312,-54279105,81911987,缩量,低,情绪退潮,观望,资金撤退型,,D,回避：资金撤退,-0.8
002195,岩山科技,6.16,-58.9,0.66,-21.8,0.62,13500935,-105575322,-277861098,55295662,59579817,-47744707,缩量,低,情绪退潮,吸筹,资金观望型,资金+业绩共振(双击候选),B,关注：资金+业绩共振,64.2
002205,国统股份,10.35,-3.0,0.82,17.3,1.35,2447265,-1385557,-9795591,-2056173,-4010555,827498,缩量,低,情绪退潮,观望,资金观望型,,D,回避：资金观望,0.5
002194,武汉凡谷,11.0,177.0,0.34,191.4,7.77,265072253,477349678,442505168,-14844597,-4572142,32547808,放量,中,主力偏强放量,进场,短线抢筹型,纯资金炒作(亏损风险),C,谨慎：纯资金炒作,30.6
002206,海 利 得,4.96,-60.0,0.7,-3.1,-3.13,-6014131,-6773241,-49871115,-1574570,-1471498,-454758,缩量,低,情绪退潮,观望,资金撤退型,,D,回避：资金撤退,-1.0
002210,飞马国际,2.16,-37.1,0.99,-24.8,4.36,20824002,20910204,3045542,-1284477,-4394405,-711547,缩量,低,情绪退潮,观望,趋势转多型,,D,回避：资金观望,1.5
002216,三全食品,11.66,-44.1,0.61,-28.2,-3.84,-9422288,-8962137,-11805514,5355474,3364736,-3549763,缩量,低,情绪退潮,观望,资金观望型,,D,回避：资金观望,-1.3
002208,合肥城建,10.02,-75.2,4.24,-43.1,-4.2,-36954498,-71331117,-123063188,23522862,17358565,-9481197,缩量,低,情绪退潮,吸筹,资金撤退型,纯资金炒作(亏损风险),C,谨慎：纯资金炒作,2.6
002214,大立科技,18.0,108.7,0.87,-5.8,0.02,123008,-11828773,27288411,-814846,381313,1000350,放量,低,游资情绪,抢筹,长线吸筹型,纯资金炒作(亏损风险),C,谨慎：纯资金炒作,28.0
002221,东华能源,5.62,-45.2,0.7,-19.3,0.79,3279785,21468620,21765446,-1887935,1529097,-452816,缩量,低,情绪退潮,吸筹,均衡流入型,纯资金炒作(亏损风险),C,谨慎：纯资金炒作,4.3
002234,民和股份,7.79,1.7,0.69,8.9,-3.06,-7244289,-11166618,-19171090,-2892923,-2924956,2454117,缩量,低,情绪退潮,观望,资金撤退型,,D,回避：资金撤退,-1.0
002237,恒邦股份,13.88,-34.5,0.41,-52.8,-4.49,-56315841,-90964673,-329955993,21739543,8689939,-17370976,缩量,低,情绪退潮,观望,资金撤退型,,D,回避：资金撤退,-1.5
002236,大华股份,15.74,-68.0,1.11,-21.1,-2.73,-36537240,-216021225,-260512483,900517,-5263512,-2648324,缩量,低,情绪退潮,观望,资金撤退型,,D,回避：资金撤退,-0.9
002239,奥特佳,2.49,13.4,0.77,-3.8,2.86,19917508,19631300,-52254775,-7264834,-1121164,-3298153,缩量,低,情绪退潮,观望,资金观望型,,D,回避：资金观望,1.0
002240,盛新锂能,27.12,-70.3,0.64,-53.6,-5.23,-140899219,-344441126,-618336392,-20161104,-20139230,22636828,缩量,低,情绪退潮,观望,资金撤退型,,D,回避：资金撤退,-1.7
002247,聚力文化,2.38,-26.4,0.84,-10.7,2.66,5814344,12276742,9458322,-221224,-794755,-2092875,缩量,低,情绪退潮,观望,趋势转多型,,D,回避：资金观望,0.9
002250,联化科技,14.13,-66.3,1.38,-35.1,-5.47,-28504564,-62409820,-55460259,-14417842,-7746887,6535567,缩量,低,情绪退潮,观望,资金观望型,,D,回避：资金观望,-1.8
002245,蔚蓝锂芯,18.25,-59.5,1.42,-10.0,-1.05,-38419693,-15652169,22755738,-29707923,-30154007,28271871,缩量,低,情绪退潮,观望,资金观望型,,D,回避：资金观望,-0.4
002246,北化股份,23.88,7.6,0.42,40.0,-1.53,-24877058,-138362799,-165467884,14179208,19546210,-25172317,缩量,低,情绪退潮,观望,资金撤退型,,D,回避：资金撤退,-0.5
002248,华东数控,9.62,401.3,0.45,-29.8,3.15,34311039,1053846,-112051102,7551688,-2926353,-27944020,放量,低,游资情绪,进场,资金观望型,资金+业绩共振(双击候选),B,关注：资金+业绩共振,81.0
002254,泰和新材,12.55,-73.6,2.17,-19.7,-2.89,-22899123,-92587662,-95135554,-17320283,-16731063,9386954,缩量,低,情绪退潮,观望,资金撤退型,,D,回避：资金撤退,-1.0
002253,川大智胜,9.8,-33.1,1.1,-18.1,-2.75,-4501936,-18206031,-29193072,-1349539,-1737264,-779438,缩量,低,情绪退潮,观望,资金撤退型,,D,回避：资金撤退,-0.9
002265,建设工业,20.17,26.5,1.14,47.8,-1.66,-37777450,23557550,138748009,-12425746,-6816557,11309061,缩量,低,情绪退潮,观望,高位分歧型,,D,回避：资金观望,-0.6
002267,陕天然气,7.12,-33.1,0.71,27.6,-3.83,-10666485,-39514109,-72121194,78443,-8988,-328240,缩量,低,情绪退潮,观望,资金撤退型,,D,回避：资金撤退,-1.3
002275,桂林三金,12.11,-44.7,1.61,-44.7,1.15,1169284,2086530,-5649884,-1909047,-1118137,860765,缩量,低,情绪退潮,观望,趋势转多型,,D,回避：资金观望,0.4
002276,万马股份,10.03,-59.5,0.59,-21.0,-2.7,-12223131,-36949103,-67989140,-7978772,-4750307,3923871,缩量,低,情绪退潮,观望,资金撤退型,,D,回避：资金撤退,-0.9
002278,神开股份,7.98,-38.9,0.26,-38.7,-5.15,-18516321,-55035946,-1240101,629332,-474854,-1639872,缩量,低,情绪退潮,观望,长线吸筹型,,D,回避：资金观望,-1.7
002277,友阿股份,5.54,-31.5,1.19,-50.2,-5.87,-29860011,-56271323,-36496920,-12937789,-11426513,12209492,缩量,低,情绪退潮,观望,资金观望型,,D,回避：资金观望,-2.0
002282,博深股份,6.0,-36.0,0.61,-38.2,0.69,588333,-7657797,-21676485,-137230,115392,-398740,缩量,低,情绪退潮,观望,资金观望型,,D,回避：资金观望,0.2
002273,水晶光电,25.47,-60.2,0.75,-26.5,-8.63,-305240507,-416771329,-852787846,87722840,98392601,-22411615,缩量,低,情绪退潮,吸筹,资金撤退型,机构吸筹+盈利(关注),C,谨慎：资金流入未验证业绩,21.1
002284,亚太股份,9.56,-11.9,0.86,-43.8,-2.3,-17919028,-109904465,23783157,-15358410,-4535307,-839231,缩量,低,情绪退潮,观望,长线吸筹型,,D,回避：资金观望,-0.8
002287,奇正藏药,19.37,-66.5,1.73,-25.8,-2.17,-2251989,-3924556,-6515008,1727494,583500,-4746332,缩量,低,情绪退潮,观望,资金撤退型,,D,回避：资金撤退,-0.7
002283,天润工业,8.26,-42.0,0.91,-4.8,3.44,25504658,13206515,-15603971,4171886,-338861,-19430726,缩量,低,情绪退潮,进场,资金观望型,资金+业绩共振(双击候选),B,关注：资金+业绩共振,73.1
002292,奥飞娱乐,8.88,10.8,2.63,-11.7,-2.62,-42543840,-7706231,-81199867,18572080,10994814,-12416165,缩量,低,情绪退潮,观望,资金观望型,,D,回避：资金观望,-0.9
002294,信立泰,30.4,-82.9,2.11,-14.2,-9.04,-123579980,-145312187,-334161348,4388594,-5455747,8735861,缩量,低,情绪退潮,观望,资金撤退型,,D,回避：资金撤退,-3.0
002295,精艺股份,10.03,607.6,0.67,62.3,-2.0,-26313427,-52210644,21726753,-8044742,-8862783,28369900,放量,低,游资情绪,观望,资金观望型,,D,回避：资金观望,7.3
002299,圣农发展,15.97,-22.3,0.92,-6.2,-0.73,-6964330,-32774304,-118426015,-260116,4740507,4699925,缩量,低,情绪退潮,观望,资金撤退型,,D,回避：资金撤退,-0.2
002296,辉煌科技,9.29,3.2,0.81,74.2,-3.04,-16703634,-26482303,-22189730,12858109,9547083,-2292815,缩量,低,情绪退潮,吸筹,资金观望型,机构吸筹+盈利(关注),C,谨慎：资金流入未验证业绩,23.0
002297,博云新材,22.03,29.3,0.32,102.6,0.61,70629319,17840875,864729295,-9563870,16315129,-205302,缩量,低,情绪退潮,吸筹,资金观望型,资金+业绩共振(双击候选),B,关注：资金+业绩共振,64.2
002301,齐心集团,7.81,-56.3,0.79,-38.2,-3.28,-9888638,-26469377,-23189966,-5048702,-1411029,743068,缩量,低,情绪退潮,观望,资金观望型,,D,回避：资金观望,-1.1
002298,中电鑫龙,9.0,2.7,1.38,11.9,-0.68,-11692767,-60300361,-83236717,245127927,265650164,-133103338,缩量,低,情绪退潮,吸筹,资金撤退型,纯资金炒作(亏损风险),C,谨慎：纯资金炒作,3.8
002303,美盈森,5.7,27.4,8.11,42.4,2.34,53888309,153840358,208329197,-34101341,-34535337,18795701,缩量,低,情绪退潮,观望,主力建仓型,,D,回避：资金观望,0.8
002312,川发龙蟒,8.52,-6.3,0.53,140.3,-8.54,-129740490,-10921012,-65177355,3287478,-612009,-10149170,缩量,低,情绪退潮,观望,资金观望型,,D,回避：资金观望,-2.8
002307,北新路桥,2.99,-38.2,0.75,5.9,5.15,14139246,-8532404,-21038214,3245082,4442550,-7571089,缩量,中,主力惜售,进场,资金观望型,纯资金炒作(亏损风险),C,谨慎：纯资金炒作,25.7
002318,久立特材,18.26,-51.8,1.36,-22.5,-1.59,-8089348,-35534657,-14977117,5107383,-1034816,-4272574,缩量,低,情绪退潮,观望,资金观望型,,D,回避：资金观望,-0.5
002317,众生药业,24.22,-69.5,3.12,-11.3,-0.67,-14032446,52652341,-65081563,-27279768,-30858758,4236461,缩量,低,情绪退潮,观望,资金观望型,,D,回避：资金观望,-0.2
002319,乐通股份,10.14,-36.2,1.78,-22.9,-10.08,-35331126,-71466428,-101248542,-4266844,-2958551,1006882,缩量,低,情绪退潮,观望,资金撤退型,,D,回避：资金撤退,-3.4
002320,海峡股份,6.68,78.9,1.2,41.0,-7.17,-117248928,104125430,223748045,-12323941,-6206455,12010527,放量,低,游资情绪,观望,高位分歧型,,D,回避：资金观望,5.6
002329,皇氏集团,3.61,-53.8,1.56,-46.5,0.4,1948105,-15901624,-85582347,-4431146,-6278613,-2504907,缩量,低,情绪退潮,观望,资金观望型,,D,回避：资金观望,0.1
002324,普利特,9.18,-38.9,0.24,39.1,-4.72,-36710928,12173116,54224799,-1048168,5196805,-176925,缩量,低,情绪退潮,吸筹,资金观望型,机构吸筹+盈利(关注),C,谨慎：资金流入未验证业绩,22.4
002321,华英农业,2.09,344.4,0.67,65.5,8.85,47636284,22174773,16152542,16228253,6021597,-24442668,放量,中,主力偏强放量,进场,资金观望型,纯资金炒作(亏损风险),C,谨慎：纯资金炒作,30.9
002337,赛象科技,4.64,-21.0,0.72,-2.5,-0.85,-1519044,-10670855,-22861449,-986490,-936000,-2261106,缩量,低,情绪退潮,观望,资金撤退型,,D,回避：资金撤退,-0.3
002335,科华数据,29.65,-53.7,0.39,-16.4,-3.9,-63575875,-127559879,-259737980,-18497229,-6733211,20339966,缩量,低,情绪退潮,观望,资金撤退型,,D,回避：资金撤退,-1.3
002342,巨力索具,7.88,-75.0,0.22,36.1,-0.1,-1380190,64554975,60799695,-6470012,6242018,10993883,缩量,低,情绪退潮,观望,资金观望型,,D,回避：资金观望,-0.0
002333,罗普斯金,5.29,20.6,0.24,-63.8,-0.64,-1393360,-16496001,-53473335,7005518,4489005,-4196860,缩量,低,情绪退潮,吸筹,资金撤退型,机构吸筹+盈利(关注),C,谨慎：资金流入未验证业绩,23.8
002344,海宁皮城,3.99,-15.0,0.71,-2.7,-3.53,-7695367,-19536765,-47673798,-3367113,-517408,1863843,缩量,低,情绪退潮,观望,资金撤退型,,D,回避：资金撤退,-1.2
002348,高乐股份,10.62,-47.8,1.28,5.0,3.08,28720760,11493980,1326970,-7537635,-6320725,4760184,缩量,低,情绪退潮,观望,资金观望型,,D,回避：资金观望,1.0
002350,北京科锐,14.49,-55.5,0.88,-27.7,-1.6,-7755335,-36711488,14136434,-18191487,-18262054,3845535,缩量,低,情绪退潮,观望,长线吸筹型,,D,回避：资金观望,-0.5
002340,格林美,6.23,-66.2,0.46,-37.6,-9.53,-125957985,-252968703,-542861750,13326147,20224891,-10526826,缩量,低,情绪退潮,吸筹,资金撤退型,机构吸筹+盈利(关注),C,谨慎：资金流入未验证业绩,20.8
002346,柘中股份,18.83,24.0,2.75,-4.4,7.37,92956576,82701168,-17858577,6915206,2109741,-17631090,缩量,中,主力惜售,进场,资金观望型,资金+业绩共振(双击候选),B,关注：资金+业绩共振,86.5
002351,漫步者,10.0,-30.7,1.36,-32.4,-1.36,-3127994,-18836835,-20541550,571184,3508881,2898898,缩量,低,情绪退潮,观望,资金撤退型,,D,回避：资金撤退,-0.5
002352,顺丰控股,30.78,-45.7,1.33,-35.3,-0.18,-4302578,-199931921,-299365941,10756768,23885917,10297441,缩量,低,情绪退潮,观望,资金撤退型,,D,回避：资金撤退,-0.1
002355,兴民智通,4.67,-31.8,0.88,-30.3,2.24,6528779,-4318878,-957281,-7321331,-2118219,-2229088,缩量,低,情绪退潮,观望,资金观望型,,D,回避：资金观望,0.7
002354,天娱数科,7.6,-54.9,10.58,-20.0,-1.29,-86091501,157888322,-131148419,-81669746,-46716674,96265233,缩量,低,情绪退潮,观望,资金观望型,,D,回避：资金观望,-0.4
002356,鹏飞绿能,2.7,-16.2,0.59,7.1,-3.28,-8180722,-9391164,-9398531,-6544242,-4806815,7370344,缩量,低,情绪退潮,观望,资金撤退型,,D,回避：资金撤退,-1.1
002353,杰瑞股份,125.9,-29.5,1.31,-5.5,-0.21,-18648325,129815129,-608764447,389244369,350069637,-188566678,缩量,低,情绪退潮,吸筹,资金观望型,机构吸筹+盈利(关注),C,谨慎：资金流入未验证业绩,23.9
002365,永安药业,13.83,-15.4,3.72,-36.4,-5.08,-74188180,-117768442,-109335465,2072068,-4342757,2378778,缩量,低,情绪退潮,观望,资金观望型,,D,回避：资金观望,-1.7
002366,融发核电,5.7,-71.7,1.26,-39.0,-8.57,-64157847,-36827357,68569169,3356329,-794997,-1626259,缩量,低,情绪退潮,观望,高位分歧型,,D,回避：资金观望,-2.9
002368,太极股份,13.07,8.7,1.28,-13.3,-1.64,-9693270,-25068387,-36491908,-2693884,-3102446,-8543818,缩量,低,情绪退潮,观望,资金撤退型,,D,回避：资金撤退,-0.5
002361,神剑股份,10.49,-29.4,0.19,-14.6,-1.28,-45278681,-60469017,-142111529,94744555,94030877,-43029220,缩量,低,情绪退潮,吸筹,资金撤退型,机构吸筹+盈利(关注),C,谨慎：资金流入未验证业绩,23.6
002362,汉王科技,16.55,162.9,1.15,99.8,4.73,59510488,45786226,51224710,13916674,5941028,-25830123,放量,低,游资情绪,进场,资金观望型,纯资金炒作(亏损风险),C,谨慎：纯资金炒作,21.6
002370,亚太药业,5.23,-57.8,0.67,25.7,-4.42,-14011536,40205808,1687793,1734526,2203613,-3590546,缩量,低,情绪退潮,观望,资金观望型,,D,回避：资金观望,-1.5
002377,国创高新,3.12,211.2,0.41,465.2,-10.56,-199017914,-13076736,-31697323,-20296516,-9531764,22879556,放量,低,游资情绪,观望,资金观望型,,D,回避：资金观望,4.5
002375,亚厦股份,3.74,-1.4,0.4,-37.8,1.91,3622401,4916517,41695303,768408,-155880,-2528270,缩量,低,情绪退潮,进场,长线吸筹型,资金+业绩共振(双击候选),B,关注：资金+业绩共振,72.6
002376,新北洋,6.56,-41.8,0.79,-40.2,-1.47,-3236795,-5221879,-15544069,1647739,2835982,-878449,缩量,低,情绪退潮,吸筹,资金撤退型,机构吸筹+盈利(关注),C,谨慎：资金流入未验证业绩,23.5
002387,维信诺,7.03,-47.4,2.2,-51.5,-0.94,-2626253,-7133182,-48435359,11929573,2774491,-5360185,缩量,低,情绪退潮,观望,资金撤退型,,D,回避：资金撤退,-0.3
002393,力生制药,13.59,-66.2,0.56,-34.4,-8.1,-7340368,-13267162,-21465117,1715445,0,-536719,缩量,低,情绪退潮,观望,资金撤退型,,D,回避：资金撤退,-2.7
002395,双象股份,12.43,-22.7,0.37,-42.3,-2.76,-5274315,-13391809,13146842,-2942985,-2391619,2845985,缩量,低,情绪退潮,观望,长线吸筹型,,D,回避：资金观望,-0.9
002391,长青股份,5.16,5.0,0.27,-24.1,2.8,4186293,-7757099,-353733,2054662,1466189,-6670674,缩量,低,情绪退潮,进场,资金观望型,资金+业绩共振(双击候选),B,关注：资金+业绩共振,72.9
002399,海普瑞,9.35,7.3,1.92,-51.2,-1.06,-1518276,-4418816,-40561133,-1050679,735841,-7019523,缩量,低,情绪退潮,观望,资金撤退型,,D,回避：资金撤退,-0.4
002400,省广集团,6.55,-48.7,0.7,-31.2,-1.75,-25898422,-104826344,-241544063,-42977786,-46242757,30680843,缩量,低,情绪退潮,观望,资金撤退型,,D,回避：资金撤退,-0.6
002406,远东传动,6.5,-38.6,0.3,-31.3,-0.11,-268454,-37254478,-21793871,-3316863,-5044083,3139846,缩量,低,情绪退潮,观望,资金观望型,,D,回避：资金观望,-0.0
002404,嘉欣丝绸,5.82,19.1,0.95,-9.7,-2.86,-5641576,-14961169,-28959718,3788392,2290096,-3752621,缩量,低,情绪退潮,观望,资金撤退型,,D,回避：资金撤退,-1.0
002398,垒知集团,4.17,-20.4,0.9,-7.6,2.31,5034455,14581693,1126536,7216779,2585323,-8416760,缩量,低,情绪退潮,进场,趋势转多型,资金+业绩共振(双击候选),B,关注：资金+业绩共振,72.8
002405,四维图新,6.04,-54.1,0.8,-26.1,-2.41,-17191450,5622754,3036478,28488895,32311339,-18259050,缩量,低,情绪退潮,吸筹,资金观望型,机构吸筹+盈利(关注),C,谨慎：资金流入未验证业绩,23.2
002418,康盛股份,4.67,110.5,0.08,-50.5,-2.45,-56647908,-518572845,-259318345,-26536756,-18723751,27938743,放量,低,游资情绪,观望,长线吸筹型,,D,回避：资金观望,7.2
002419,天虹股份,4.63,18.7,0.37,9.3,-1.54,-4612315,-9375238,23182748,-2589194,245222,806567,缩量,低,情绪退潮,观望,长线吸筹型,,D,回避：资金观望,-0.5
002416,爱施德,9.0,-49.4,0.36,-27.6,-6.05,-27694045,-64486063,-76501563,6387579,999596,-6920261,缩量,低,情绪退潮,观望,资金撤退型,,D,回避：资金撤退,-2.0
002409,雅克科技,138.83,-55.4,6.16,-3.6,-1.1,-128626348,194164608,-763467662,280566315,284621678,-251448554,缩量,低,情绪退潮,吸筹,资金观望型,机构吸筹+盈利(关注),C,谨慎：资金流入未验证业绩,23.6
002408,齐翔腾达,5.4,-60.6,0.44,-26.6,5.22,27341291,12697166,-103933406,3473470,2406230,-3197577,缩量,中,主力惜售,进场,资金观望型,纯资金炒作(亏损风险),C,谨慎：纯资金炒作,25.7
002422,科伦药业,39.77,-54.9,4.61,-44.3,-0.5,-15829780,-143233802,-689100287,-101123987,-50035481,137067476,缩量,低,情绪退潮,观望,资金撤退型,,D,回避：资金撤退,-0.2
002414,高德红外,12.43,-58.8,0.91,-44.7,-5.25,-114860346,-284897868,-287467789,41179455,40627181,-19925727,缩量,低,情绪退潮,吸筹,资金撤退型,机构吸筹+盈利(关注),C,谨慎：资金流入未验证业绩,22.2
002425,凯撒文化,3.08,-24.2,1.44,-35.3,-0.81,-3315977,-17114189,11733024,3548441,-581919,-5006905,缩量,低,情绪退潮,观望,资金观望型,,D,回避：资金观望,-0.3
002427,尤夫股份,4.62,-59.5,1.07,-66.5,-4.09,-9751813,-21942146,104920608,4990,-1965399,-380537,缩量,低,情绪退潮,观望,长线吸筹型,,D,回避：资金观望,-1.4
002426,胜利精密,2.61,-66.9,0.56,-18.8,-8.27,-50701140,-66194629,-86016199,-7617054,-2548953,8830214,缩量,低,情绪退潮,观望,资金撤退型,,D,回避：资金撤退,-2.8
002429,兆驰股份,8.15,-60.0,0.34,-30.6,-0.11,-2010551,-42660211,-56551261,1895558,1234807,11734189,缩量,低,情绪退潮,观望,资金撤退型,,D,回避：资金撤退,-0.0
002434,万里扬,5.92,13.7,0.66,17.4,-4.74,-17071012,-23578325,-48282037,4029149,6582562,739962,缩量,低,情绪退潮,观望,资金撤退型,,D,回避：资金撤退,-1.6
002443,金洲管道,12.5,193.8,0.27,35.8,-2.82,-57353836,-42702793,12615221,-24773249,-27602287,30125911,放量,低,游资情绪,观望,资金观望型,,D,回避：资金观望,7.1
002432,九安医疗,62.12,-62.3,0.98,-12.2,-0.9,-36822731,-125869816,120610320,95314399,93216937,-80500016,缩量,低,情绪退潮,吸筹,资金观望型,机构吸筹+盈利(关注),C,谨慎：资金流入未验证业绩,23.7
002441,众业达,8.11,-2.6,0.57,-33.1,-1.52,-2450964,-9926044,-2746808,-1551641,-1983107,-879214,缩量,低,情绪退潮,观望,资金观望型,,D,回避：资金观望,-0.5
002436,兴森科技,42.88,26.3,1.05,82.9,2.85,810987094,2012921941,2463352994,537579572,365581913,-563391623,缩量,低,情绪退潮,进场,主力建仓型,资金+业绩共振(双击候选),B,关注：资金+业绩共振,73.0
002446,盛路通信,8.13,-57.0,0.83,51.6,1.09,11339791,-56196271,-151163695,-21504561,-14496644,20887296,缩量,低,情绪退潮,观望,资金观望型,,D,回避：资金观望,0.4
002455,百川股份,7.13,-51.4,0.22,-63.6,-3.4,-20488976,-112488454,-197328472,-1898485,-8024036,-2340744,缩量,低,情绪退潮,观望,资金撤退型,,D,回避：资金撤退,-1.1
002459,晶澳科技,6.84,-23.6,1.07,-27.8,-0.56,-4852264,14316328,-123481510,4735018,3898238,-9209423,缩量,低,情绪退潮,观望,资金观望型,,D,回避：资金观望,-0.2
002462,嘉事堂,12.2,-20.9,1.27,-2.6,3.54,6573535,-299941,-1963921,-3661368,-1590506,771624,缩量,低,情绪退潮,观望,资金观望型,,D,回避：资金观望,1.2
002461,珠江啤酒,8.36,-65.4,0.73,-22.4,-3.15,-4252349,-9183778,-9483103,1509202,535968,-1499969,缩量,低,情绪退潮,观望,资金撤退型,,D,回避：资金撤退,-1.1
002463,沪电股份,123.5,-20.4,1.08,11.5,-3.08,-862992461,77002477,1662285255,-673240805,-652769871,352992389,缩量,低,情绪退潮,观望,高位分歧型,,D,回避：资金观望,-1.0
002470,金正大,2.12,86.2,0.22,73.8,-5.84,-147761346,101040080,190914550,6538179,11591768,11344052,放量,低,游资情绪,观望,资金观望型,,D,回避：资金观望,6.1
002468,申通快递,14.9,-15.1,1.01,6.5,1.4,15995889,-17368232,-1793261,25685483,15138248,-40087148,缩量,低,情绪退潮,进场,资金观望型,资金+业绩共振(双击候选),B,关注：资金+业绩共振,72.5
002471,中超控股,5.96,35.8,0.22,6.0,-5.15,-63582053,-78974847,-69505906,277879699,296609296,-153375599,缩量,低,情绪退潮,吸筹,资金观望型,纯资金炒作(亏损风险),C,谨慎：纯资金炒作,2.3
002475,立讯精密,54.1,-28.8,0.53,-19.3,-8.33,-2085665426,-3677380338,-1893237629,825383883,738174812,-344780744,缩量,低,情绪退潮,吸筹,长线吸筹型,机构吸筹+盈利(关注),C,谨慎：资金流入未验证业绩,21.2
002483,润邦股份,5.96,73.6,0.69,288.5,-4.84,-32952050,63550855,79555622,-4531136,-4083728,498730,放量,低,游资情绪,观望,资金观望型,,D,回避：资金观望,6.4
002488,金固股份,7.65,-51.7,0.79,-30.9,-5.46,-31979467,-89137190,-61594840,-4233438,-1944401,1978989,缩量,低,情绪退潮,观望,资金观望型,,D,回避：资金观望,-1.8
002486,嘉麟杰,2.81,30.2,1.09,-11.4,9.08,36373764,-73497888,-25107423,3557101,1817038,-6492921,缩量,中,主力惜售,进场,资金观望型,资金+业绩共振(双击候选),B,关注：资金+业绩共振,87.0
002493,荣盛石化,12.85,-28.9,1.15,-7.5,-4.15,-122811196,29404438,324495324,-39888401,-34773811,33522451,缩量,低,情绪退潮,观望,高位分歧型,,D,回避：资金观望,-1.4
002490,山东墨龙,7.31,-51.8,0.59,-38.2,-6.97,-79919524,-156576229,-101597714,9134287,9278197,-5498913,缩量,低,情绪退潮,吸筹,资金观望型,机构吸筹+盈利(关注),C,谨慎：资金流入未验证业绩,21.7
002489,浙江永强,3.13,208.6,0.75,94.9,8.8,70928127,76728965,69875507,11357874,-832844,-6975099,放量,中,主力偏强放量,进场,趋势转多型,资金+业绩共振(双击候选),B,关注：资金+业绩共振,90.9
002491,通鼎互联,23.78,52.9,0.81,-12.9,5.28,1354463766,1083286993,77530492,-198185533,-200730551,234911719,放量,中,主力偏强放量,进场,资金观望型,纯资金炒作(亏损风险),C,谨慎：纯资金炒作,29.8
002506,协鑫集成,2.49,-31.2,0.29,-55.3,1.07,21168918,-16977977,158283305,51028914,51848514,-19760370,缩量,低,情绪退潮,吸筹,长线吸筹型,纯资金炒作(亏损风险),C,谨慎：纯资金炒作,4.4
002511,中顺洁柔,7.0,-46.2,0.67,-13.3,-1.25,-3283985,354431,12175417,-2256935,-2855771,-428925,缩量,低,情绪退潮,观望,资金观望型,,D,回避：资金观望,-0.4
002517,恺英网络,16.61,-52.9,2.01,6.4,-10.38,-463231716,-351605125,-235264543,-29204429,-28338181,13432755,缩量,低,情绪退潮,观望,资金观望型,,D,回避：资金观望,-3.5
002513,蓝丰生化,5.23,-32.3,0.77,2.0,0.06,118326,-7412712,-17004679,221352,1482453,-531651,缩量,低,情绪退潮,吸筹,资金观望型,纯资金炒作(亏损风险),C,谨慎：纯资金炒作,4.0
002519,银河电子,6.1,76.8,0.32,122.2,4.8,126594568,103650884,153879334,22575549,10649779,-29523013,放量,低,游资情绪,进场,资金观望型,纯资金炒作(亏损风险),C,谨慎：纯资金炒作,21.6
002530,金财互联,7.15,-57.6,0.96,-43.1,-3.31,-7102728,-29407962,-45877929,-8583052,-6176821,2072419,缩量,低,情绪退潮,观望,资金撤退型,,D,回避：资金撤退,-1.1
002533,金杯电工,10.95,-64.2,0.48,-35.3,-3.76,-8422174,-49903528,-58903338,-2075694,-385206,1026413,缩量,低,情绪退潮,观望,资金撤退型,,D,回避：资金撤退,-1.3
002536,飞龙股份,53.64,-9.2,0.9,-21.2,-0.49,-53933411,-613099585,760100915,-121838216,-82439259,106112600,缩量,低,情绪退潮,观望,长线吸筹型,,D,回避：资金观望,-0.2
002539,云图控股,12.31,-49.2,0.82,-28.8,-8.83,-77342981,-121034736,-155738900,2498702,-2288183,-5778558,缩量,低,情绪退潮,观望,资金撤退型,,D,回避：资金撤退,-2.9
002541,鸿路钢构,18.61,-41.3,1.85,-27.5,-3.64,-26212285,-53141097,-118610588,-27501787,-28093463,26920094,缩量,低,情绪退潮,观望,资金撤退型,,D,回避：资金撤退,-1.2
002544,普天科技,16.16,-16.6,0.63,26.5,-1.36,-11226594,-17563769,-6899281,-1603812,8081164,23756150,缩量,低,情绪退潮,观望,资金观望型,,D,回避：资金观望,-0.5
002540,亚太科技,4.97,-29.3,0.54,21.7,4.06,9366851,-999462,-13448423,3806070,-431978,-6783301,缩量,低,情绪退潮,进场,资金观望型,资金+业绩共振(双击候选),B,关注：资金+业绩共振,73.4
002553,南方精工,15.67,0.0,0.69,21.7,-1.34,-9908578,-43989593,28030688,-2998545,-6964587,-4872764,缩量,低,情绪退潮,观望,长线吸筹型,,D,回避：资金观望,-0.4
002554,惠博普,2.77,-39.5,0.65,1.5,2.23,5709757,-23948386,-34455589,-518581,-2141725,400643,缩量,低,情绪退潮,观望,资金观望型,,D,回避：资金观望,0.7
002561,徐家汇,7.4,322.7,0.91,297.1,4.1,39268155,42454668,36261395,-7732226,-11178764,6477500,放量,低,游资情绪,观望,趋势转多型,,D,回避：资金观望,9.4
002564,天沃科技,4.89,58.0,0.54,422.5,-9.83,-56106788,71313453,63710554,10691482,7245400,-14493294,放量,低,游资情绪,观望,资金观望型,,D,回避：资金观望,4.7
002563,森马服饰,5.43,-43.8,0.91,-29.4,-2.17,-8061881,-26248880,-23973347,2092358,1165393,-4594840,缩量,低,情绪退潮,观望,资金观望型,,D,回避：资金观望,-0.7
002560,通达股份,7.37,260.8,0.13,438.7,3.86,195661092,182198067,211170565,49079870,27408230,-47037222,放量,低,游资情绪,进场,资金观望型,,C,谨慎：资金流入未验证业绩,41.3
002572,索菲亚,7.3,-44.6,0.88,-42.1,-2.57,-6003792,-4098697,-51465325,-2274721,-1344014,-3425083,缩量,低,情绪退潮,观望,资金观望型,,D,回避：资金观望,-0.9
002571,德力股份,10.86,-59.5,0.59,10.5,-4.13,-9019404,-16819194,-26091683,1531685,-499936,-3093380,缩量,低,情绪退潮,观望,资金撤退型,,D,回避：资金撤退,-1.4
002573,清新环境,3.12,10.8,0.69,-35.0,2.65,4209318,447249,-39896130,-2626484,633485,2605353,缩量,低,情绪退潮,观望,资金观望型,,D,回避：资金观望,0.9
002567,唐人神,3.74,-6.5,0.92,27.8,4.25,17939472,63406797,53797220,2332513,-2134540,-13416539,缩量,低,情绪退潮,进场,趋势转多型,纯资金炒作(亏损风险),C,谨慎：纯资金炒作,13.4
002574,明牌珠宝,5.03,-11.9,1.07,-63.6,-1.64,-3139082,-6543451,-8043598,28223,-677038,-3716134,缩量,低,情绪退潮,观望,资金撤退型,,D,回避：资金撤退,-0.5
002576,通达动力,14.17,-51.3,0.67,-17.5,-1.4,-2046235,-7622026,-719737,-1072634,-791244,-328661,缩量,低,情绪退潮,观望,资金观望型,,D,回避：资金观望,-0.5
002580,圣阳股份,19.52,-29.4,0.3,-40.0,-4.25,-158650406,-585856031,-486052507,38272758,23065486,-56080668,缩量,低,情绪退潮,观望,资金观望型,,D,回避：资金观望,-1.4
002577,雷柏科技,21.9,374.7,3.1,76.9,3.06,37541470,37329702,51358134,24186784,13785878,-11296083,放量,低,游资情绪,抢筹,资金观望型,纯资金炒作(亏损风险),C,谨慎：纯资金炒作,29.0
002587,奥拓电子,5.28,-62.2,1.32,3.3,-3.01,-11452798,-18713678,-32761686,3670496,4816806,-9763451,缩量,低,情绪退潮,观望,资金撤退型,,D,回避：资金撤退,-1.0
002579,中京电子,19.89,129.3,2.1,231.0,5.15,869901383,1665811170,1460262329,-2195227,95746696,103602014,放量,中,主力偏强放量,进场,短线抢筹型,资金+业绩共振(双击候选),B,关注：资金+业绩共振,89.7
002594,比亚迪,84.3,-43.6,1.0,-22.1,-4.22,-434568085,-1915789508,-3078422821,-46407182,-66542416,18719963,缩量,低,情绪退潮,观望,资金撤退型,,D,回避：资金撤退,-1.4
002584,西陇科学,9.75,285.9,2.97,250.0,0.33,19546038,-17976766,-16415571,135199657,99456002,-150570247,放量,低,游资情绪,抢筹,资金观望型,纯资金炒作(亏损风险),C,谨慎：纯资金炒作,28.1
002585,双星新材,11.55,90.3,2.26,176.0,5.72,617611606,560002113,425810792,-256014467,-203632866,202563447,放量,中,主力偏强放量,进场,资金观望型,纯资金炒作(亏损风险),C,谨慎：纯资金炒作,29.9
002593,日上集团,4.59,-0.5,0.97,40.1,3.33,10395439,35808922,49271217,3309572,1000114,-4668228,缩量,低,情绪退潮,进场,主力建仓型,资金+业绩共振(双击候选),B,关注：资金+业绩共振,73.1
002602,世纪华通,14.69,-7.8,1.92,-1.5,-2.52,-151098670,-697034840,113128495,-90640206,-167262052,-37988433,缩量,低,情绪退潮,观望,长线吸筹型,,D,回避：资金观望,-0.8
002603,以岭药业,15.2,-74.4,2.45,-39.6,-9.94,-61321222,-52149165,-186074625,-8042871,-9498319,-3981292,缩量,低,情绪退潮,观望,资金观望型,,D,回避：资金观望,-3.3
002615,哈尔斯,6.25,-40.3,1.15,-35.4,-8.1,-15512693,-23402616,-62792788,3591499,-56190,-5853390,缩量,低,情绪退潮,观望,资金撤退型,,D,回避：资金撤退,-2.7
002617,露笑科技,6.98,-4.7,2.53,159.1,4.66,253736795,293236400,176727799,-35999053,-4636013,33281938,缩量,低,情绪退潮,观望,趋势转多型,,D,回避：资金观望,1.6
002612,朗姿股份,17.1,65.4,1.2,-34.4,-0.03,-156878,-19337558,-10783154,1485245,1065150,-20150983,放量,低,游资情绪,抢筹,资金观望型,机构吸筹+盈利(关注),C,谨慎：资金流入未验证业绩,48.0
002625,光启技术,27.6,-12.9,1.03,7.1,0.35,11132232,-43209564,-149118959,-10817174,-11688698,-8050372,缩量,低,情绪退潮,观望,资金观望型,,D,回避：资金观望,0.1
002624,完美世界,9.97,-64.9,0.42,21.9,-6.63,-126628185,-286276891,-309102466,31098070,23161925,-33401016,缩量,低,情绪退潮,观望,资金撤退型,,D,回避：资金撤退,-2.2
002614,奥佳华,5.68,82.7,0.68,-66.0,0.65,1419782,-4431533,-8628041,2782231,-499698,-7901865,放量,低,游资情绪,进场,资金观望型,资金+业绩共振(双击候选),B,关注：资金+业绩共振,80.2
002627,三峡旅游,6.77,-25.9,0.51,-55.3,-1.39,-4952653,-25711167,-13012195,2925499,390903,-2579108,缩量,低,情绪退潮,观望,资金观望型,,D,回避：资金观望,-0.5
002628,成都路桥,5.07,-57.2,0.75,-57.1,-3.33,-13469017,-27653725,-52666393,-2567059,-601205,-4665349,缩量,低,情绪退潮,观望,资金撤退型,,D,回避：资金撤退,-1.1
002629,仁智股份,4.25,-14.8,0.47,58.8,-2.78,-10280739,-39234910,-49634935,-7143544,-2400177,3890400,缩量,低,情绪退潮,观望,资金撤退型,,D,回避：资金撤退,-0.9
002633,申科股份,14.1,-55.1,0.54,-8.0,-2.13,-2176440,-3561600,-2422330,402270,0,-538386,缩量,低,情绪退潮,观望,资金观望型,,D,回避：资金观望,-0.7
002623,亚玛顿,18.52,249.6,0.74,179.3,4.56,39137297,48802264,53308412,58532226,56296038,-40930370,放量,低,游资情绪,抢筹,均衡流入型,纯资金炒作(亏损风险),C,谨慎：纯资金炒作,29.5
002635,安洁科技,14.94,-75.7,1.67,-35.5,-0.14,-1009480,-92607652,-160894564,-4139753,-7374188,822509,缩量,低,情绪退潮,观望,资金撤退型,,D,回避：资金撤退,-0.0
002636,金安国纪,80.86,6.5,1.95,36.2,-2.37,-699785107,624340864,1696251778,-40941046,41799911,187237978,缩量,低,情绪退潮,观望,资金观望型,,D,回避：资金观望,-0.8
002645,华宏科技,18.27,-56.1,0.79,-32.4,2.35,42007469,-15544288,-106324532,-20011167,-6492713,30845988,缩量,低,情绪退潮,观望,资金观望型,,D,回避：资金观望,0.8
002644,佛慈制药,8.19,7.2,1.16,-47.0,-2.36,-4981485,-7419549,-23950386,-4185921,-3839593,-458068,缩量,低,情绪退潮,观望,资金撤退型,,D,回避：资金撤退,-0.8
002647,仁东控股,10.89,-47.1,0.32,-52.6,-2.1,-16766591,-86140374,-264302818,-23468307,-17200926,17531633,缩量,低,情绪退潮,观望,资金撤退型,,D,回避：资金撤退,-0.7
002638,勤上股份,4.24,-20.5,0.71,-49.3,5.09,26592441,6016066,-100533057,4746935,1748229,-7528161,缩量,中,主力惜售,进场,资金观望型,纯资金炒作(亏损风险),C,谨慎：纯资金炒作,25.7
002646,天佑德酒,6.8,12.1,1.0,-26.2,1.3,2134051,-5851956,3332571,-1540876,-2105056,-3290536,缩量,低,情绪退潮,观望,资金观望型,,D,回避：资金观望,0.4
002641,公元股份,3.78,-38.2,0.95,-8.6,-6.82,-9334047,-8700073,-3422962,1592806,1821892,-991901,缩量,低,情绪退潮,吸筹,资金观望型,机构吸筹+盈利(关注),C,谨慎：资金流入未验证业绩,21.7
002652,扬子新材,4.63,-33.7,0.99,183.7,-4.09,-20204824,28280582,16690003,-7454737,-5583026,3491131,缩量,低,情绪退潮,观望,资金观望型,,D,回避：资金观望,-1.4
002643,万润股份,13.51,-53.0,2.43,13.2,-1.22,-14011653,21335276,-28717662,28888003,17508044,-16732798,缩量,低,情绪退潮,吸筹,资金观望型,机构吸筹+盈利(关注),C,谨慎：资金流入未验证业绩,23.6
002657,中科金财,14.93,-72.1,1.76,-54.6,-4.13,-15898331,-28350847,-39940139,-1918924,-3367841,-5708243,缩量,低,情绪退潮,观望,资金撤退型,,D,回避：资金撤退,-1.4
002654,万润科技,14.23,-47.9,1.74,-30.6,-3.13,-76105981,9072922,-129436303,56862012,60213580,-39165620,缩量,低,情绪退潮,吸筹,资金观望型,机构吸筹+盈利(关注),C,谨慎：资金流入未验证业绩,23.0
002664,信质集团,14.86,-55.3,0.66,-6.5,-5.39,-12914302,-24185436,-31655734,-3977994,-962946,3311153,缩量,低,情绪退潮,观望,资金撤退型,,D,回避：资金撤退,-1.8
002661,克明食品,7.5,294.6,0.97,361.5,-8.9,-72791059,58164632,52125417,1639395,211113,-231874,放量,低,游资情绪,观望,资金观望型,,D,回避：资金观望,5.0
002662,峰璟股份,3.19,-31.6,0.44,-22.5,-4.75,-7424160,-2631571,7487007,1328015,-1930938,-4768669,缩量,低,情绪退潮,观望,高位分歧型,,D,回避：资金观望,-1.6
002666,德联集团,4.16,-10.2,0.58,-40.2,-0.83,-1417208,4987019,23407636,-2102794,-3132920,-4559907,缩量,低,情绪退潮,观望,高位分歧型,,D,回避：资金观望,-0.3
002669,康达新材,13.76,-2.4,1.54,231.4,-0.49,-13775206,9863603,-19139228,-235804,2456929,3818021,缩量,低,情绪退潮,观望,资金观望型,,D,回避：资金观望,-0.2
002668,TCL智家,9.05,-59.6,1.25,-18.0,4.98,37865701,6775283,44603284,-15578478,-17461620,-796055,缩量,低,情绪退潮,观望,资金观望型,,D,回避：资金观望,1.7
002670,国盛证券,11.69,-53.3,0.96,-59.2,-8.25,-75175021,-276792193,-4172327,787837,4441301,-9263582,缩量,低,情绪退潮,观望,长线吸筹型,,D,回避：资金观望,-2.8
002663,普邦股份,1.72,-15.1,0.59,-9.4,5.29,11394318,21440652,5507315,-4887719,-3771202,3356600,缩量,中,主力惜售,进场,短线抢筹型,纯资金炒作(亏损风险),C,谨慎：纯资金炒作,25.8
002660,茂硕电源,8.11,176.1,1.07,-40.7,-2.33,-8463715,-48637305,67423044,-998362,3075701,8008266,放量,低,游资情绪,抢筹,长线吸筹型,纯资金炒作(亏损风险),C,谨慎：纯资金炒作,27.2
002674,兴业科技,19.62,-78.8,20.52,-17.0,-1.0,-8202355,-144728036,-211217637,4325455,1605722,-9409044,缩量,低,情绪退潮,观望,资金撤退型,,D,回避：资金撤退,-0.3
002678,珠江钢琴,4.34,2.3,0.53,-39.3,0.39,605092,-47996893,-94702667,-2653741,-3162279,-1939182,缩量,低,情绪退潮,观望,资金观望型,,D,回避：资金观望,0.1
002677,浙江美大,6.15,-30.2,1.76,-10.8,1.96,3686136,-7304591,-13230455,-4800834,-8673377,-707635,缩量,低,情绪退潮,观望,资金观望型,,D,回避：资金观望,0.7
002682,龙洲股份,5.1,-7.5,0.95,-21.8,-0.42,-2301436,-17654715,-71170306,2937085,-1079159,-4988857,缩量,低,情绪退潮,观望,资金撤退型,,D,回避：资金撤退,-0.1
002676,顺威股份,5.35,3.0,0.56,-7.7,-3.7,-9331345,-15118078,-51286236,3514162,-787684,-7017201,缩量,低,情绪退潮,观望,资金撤退型,,D,回避：资金撤退,-1.2
002692,远程股份,4.28,-29.4,0.12,56.4,-8.51,-19247983,15008030,-7460545,-992482,435400,-2177499,缩量,低,情绪退潮,观望,资金观望型,,D,回避：资金观望,-2.8
002695,煌上煌,10.8,-1.5,1.3,-13.1,-1.71,-7838792,-12640490,-5679911,-12402494,-27246298,2447451,缩量,低,情绪退潮,观望,资金观望型,,D,回避：资金观望,-0.6
002696,百洋股份,6.7,297.9,1.27,50.1,-0.32,-2802337,28617029,67991181,-9212729,-19106510,-950121,放量,低,游资情绪,观望,资金观望型,,D,回避：资金观望,7.9
002687,乔治白,6.36,-48.1,1.56,-27.8,3.47,13592286,29789320,29985080,171913,-529776,-3494660,缩量,低,情绪退潮,进场,主力建仓型,资金+业绩共振(双击候选),B,关注：资金+业绩共振,73.2
002706,良信股份,8.49,-11.9,0.4,-22.6,-9.42,-90453786,-231717231,-397933730,-23340748,-15824046,20713279,缩量,低,情绪退潮,观望,资金撤退型,,D,回避：资金撤退,-3.1
002701,奥瑞金,4.38,-56.6,0.9,-37.0,6.28,22116997,36115539,76554381,2327289,-1687250,-4343553,缩量,中,主力惜售,进场,主力强攻型,资金+业绩共振(双击候选),B,关注：资金+业绩共振,86.1
002709,天赐材料,33.36,-66.7,0.5,-33.1,-5.15,-292360887,-677169376,-1446475348,79198933,67927501,-79986472,缩量,低,情绪退潮,观望,资金撤退型,,D,回避：资金撤退,-1.7
002714,牧原股份,41.35,-40.1,1.55,-16.8,-1.22,-100493477,-112665364,12045678,-98225999,-38909526,124865112,缩量,低,情绪退潮,观望,资金观望型,,D,回避：资金观望,-0.4
002715,登云股份,13.11,-49.9,1.25,-38.9,-0.12,-206002,-2129029,-24659203,194224,-134920,-192448,缩量,低,情绪退潮,观望,资金撤退型,,D,回避：资金撤退,-0.0
002708,光洋股份,17.03,157.1,0.94,28.7,-1.2,-36515899,-28364746,421533944,30889014,11051704,-44130754,放量,低,游资情绪,抢筹,长线吸筹型,机构吸筹+盈利(关注),C,谨慎：资金流入未验证业绩,47.6
002718,友邦吊顶,84.95,-60.5,1.44,-2.0,-6.42,-20049303,-23661042,-18173164,-8550546,-4033100,4582653,缩量,低,情绪退潮,观望,资金观望型,,D,回避：资金观望,-2.1
002721,金一文化,2.72,4.1,1.61,-53.2,-0.65,-4628806,131756091,307031334,9032259,-6048451,-6691796,缩量,低,情绪退潮,观望,高位分歧型,,D,回避：资金观望,-0.2
002713,东易日盛,10.92,59.2,0.51,56.8,3.0,24207707,77401173,69703214,74363227,83952893,-33862767,放量,低,游资情绪,抢筹,趋势转多型,资金+业绩共振(双击候选),B,关注：资金+业绩共振,89.0
002725,跃岭股份,11.06,-54.0,0.51,-4.8,-3.75,-7487433,-6509032,-21042970,-1186745,-1780424,3590982,缩量,低,情绪退潮,观望,资金观望型,,D,回避：资金观望,-1.2
002730,电光科技,24.1,19.4,0.4,13.8,1.06,15308270,55968925,167341070,-7392064,-5061243,4856495,缩量,低,情绪退潮,观望,均衡流入型,,D,回避：资金观望,0.4
002724,海洋王,7.13,927.6,0.63,-26.8,2.26,21764260,11983829,-50629624,67767688,68720545,-64959373,放量,低,游资情绪,抢筹,资金观望型,资金+业绩共振(双击候选),B,关注：资金+业绩共振,88.8
002727,一心堂,10.84,-59.5,1.72,-37.1,-0.01,-13079,-7682170,-9681606,2514372,989465,-486584,缩量,低,情绪退潮,吸筹,资金撤退型,机构吸筹+盈利(关注),C,谨慎：资金流入未验证业绩,24.0
002737,葵花药业,11.25,-61.3,2.44,-53.6,-0.52,-907741,1386276,42384603,-1071597,-900000,-1948598,缩量,低,情绪退潮,观望,长线吸筹型,,D,回避：资金观望,-0.2
002728,特一药业,9.64,-10.0,2.55,46.2,-1.46,-11921720,1214633,-31842123,41108803,41749808,-23527057,缩量,低,情绪退潮,吸筹,资金观望型,机构吸筹+盈利(关注),C,谨慎：资金流入未验证业绩,23.5
002738,中矿资源,44.04,-61.0,0.99,-35.9,-8.69,-331822564,-439691158,-233048053,-25529566,-54700950,8402432,缩量,低,情绪退潮,观望,资金观望型,,D,回避：资金观望,-2.9
002741,光华科技,25.38,-25.7,1.9,33.5,1.79,75425406,54585624,-212313954,-25649871,-6264429,28001637,缩量,低,情绪退潮,观望,资金观望型,,D,回避：资金观望,0.6
002742,冀衡医药,4.08,118.6,2.16,-59.0,-4.98,-25572857,-40006840,-427202999,-1247068,-3162233,864312,放量,低,游资情绪,观望,资金撤退型,,D,回避：资金撤退,6.3
002745,木林森,12.23,-39.6,2.87,14.7,-2.31,-96273948,-58868819,-33730791,-60685695,-62320718,49659031,缩量,低,情绪退潮,观望,资金观望型,,D,回避：资金观望,-0.8
002734,利民股份,18.62,82.0,0.54,52.0,1.33,30543430,37542835,200513585,23668739,22816558,-8198548,放量,低,游资情绪,抢筹,长线吸筹型,资金+业绩共振(双击候选),B,关注：资金+业绩共振,88.4
002736,国信证券,9.82,-50.5,0.78,-29.2,-4.53,-41499694,-89242602,-81433521,36330096,37312567,-31550148,缩量,低,情绪退潮,吸筹,资金观望型,机构吸筹+盈利(关注),C,谨慎：资金流入未验证业绩,22.5
002735,王子新材,12.95,157.2,2.38,170.1,0.73,20819164,76532639,92993855,180178700,179748155,-115228084,放量,低,游资情绪,抢筹,均衡流入型,纯资金炒作(亏损风险),C,谨慎：纯资金炒作,28.2
002746,仙坛股份,6.43,-33.4,1.6,12.6,-7.61,-35751874,-96584825,-83939498,-4773247,-3306241,-2952512,缩量,低,情绪退潮,观望,资金观望型,,D,回避：资金观望,-2.5
002747,埃斯顿,29.79,-72.9,18.37,-36.2,-1.38,-49557869,-264230051,-812425791,6343297,-8416573,-26924831,缩量,低,情绪退潮,观望,资金撤退型,,D,回避：资金撤退,-0.5
002748,世龙实业,12.32,9.8,0.94,-22.5,-7.08,-19677625,-22725654,-35959166,-3471911,-3359501,-2636683,缩量,低,情绪退潮,观望,资金撤退型,,D,回避：资金撤退,-2.4
002756,永兴材料,40.93,-68.1,0.62,-47.3,-0.69,-8493014,-80976002,-179921042,-21247156,-6674803,14908101,缩量,低,情绪退潮,观望,资金撤退型,,D,回避：资金撤退,-0.2
002760,凤形股份,17.07,-61.3,0.61,-40.8,-2.09,-4943702,-8945473,-10311464,130951,0,744769,缩量,低,情绪退潮,观望,资金撤退型,,D,回避：资金撤退,-0.7
002758,浙农股份,8.58,18.9,0.4,-45.6,-2.12,-6333486,-24452829,11379833,-1320674,-440932,-2127930,缩量,低,情绪退潮,观望,长线吸筹型,,D,回避：资金观望,-0.7
002761,浙江建投,7.25,-28.5,1.27,-39.5,-3.17,-8156867,-35392154,23591396,-666514,-787804,-1396906,缩量,低,情绪退潮,观望,长线吸筹型,,D,回避：资金观望,-1.1
002765,蓝黛科技,6.86,-30.2,0.89,-33.0,-6.47,-20236594,-20133387,-5450060,5497269,2827819,-2954726,缩量,低,情绪退潮,观望,高位分歧型,,D,回避：资金观望,-2.2
002767,先锋电子,18.27,19.7,1.03,9.1,-3.24,-7565019,-13410676,-14105135,6865596,3491566,-11915710,缩量,低,情绪退潮,观望,资金撤退型,,D,回避：资金撤退,-1.1
002766,索菱股份,4.03,-51.7,1.43,-39.0,-0.1,-269636,19824577,-23748450,-5799355,-3062520,4535390,缩量,低,情绪退潮,观望,资金观望型,,D,回避：资金观望,-0.0
002771,真视通,13.85,-31.7,0.3,-1.2,-2.35,-17164008,-21329989,-9591629,-185209,-927520,707814,缩量,低,情绪退潮,观望,资金观望型,,D,回避：资金观望,-0.8
002772,众兴菌业,10.97,-21.9,0.62,-16.2,-3.83,-27829699,-16278870,-1644645,-122089,83641,2379097,缩量,低,情绪退潮,观望,资金观望型,,D,回避：资金观望,-1.3
002774,快意电梯,17.89,28.7,0.94,-10.7,-3.12,-30369000,-35688500,-39234731,-11102662,-8372435,20290115,缩量,低,情绪退潮,观望,资金撤退型,,D,回避：资金撤退,-1.0
002778,中晟高科,15.15,-6.1,0.61,-18.4,-7.67,-13606731,-19672722,-12448245,-888252,0,355949,缩量,低,情绪退潮,观望,资金观望型,,D,回避：资金观望,-2.6
002783,凯龙股份,7.76,-25.8,0.44,-14.6,-0.26,-602902,-20158496,-61798973,-4136325,-3193267,1010844,缩量,低,情绪退潮,观望,资金撤退型,,D,回避：资金撤退,-0.1
002780,三夫户外,14.1,176.1,1.29,52.6,6.02,39812404,30492206,31721965,4449999,-1004458,-1165001,放量,中,主力偏强放量,进场,资金观望型,资金+业绩共振(双击候选),B,关注：资金+业绩共振,90.0
002782,可立克,15.21,-48.8,0.85,-24.6,-5.97,-26316982,-36370340,-38757595,2827083,4285943,-1819069,缩量,低,情绪退潮,吸筹,资金撤退型,机构吸筹+盈利(关注),C,谨慎：资金流入未验证业绩,22.0
002791,坚朗五金,14.48,-62.9,1.01,-25.8,-4.22,-6514605,-7461000,-23892426,23756,-216506,-1562501,缩量,低,情绪退潮,观望,资金撤退型,,D,回避：资金撤退,-1.4
002786,银宝山新,7.89,79.9,1.93,-7.8,-0.46,-1664320,-7158903,-22618785,5290768,1662114,-16285183,放量,低,游资情绪,抢筹,资金撤退型,纯资金炒作(亏损风险),C,谨慎：纯资金炒作,27.8
002797,第一创业,6.36,-36.7,0.31,-36.0,-9.23,-91781123,-115575344,-81249942,16547966,15054369,-18989065,缩量,低,情绪退潮,观望,资金观望型,,D,回避：资金观望,-3.1
002787,华源控股,26.04,9.8,1.02,56.2,2.51,62722545,198293592,320607169,72969004,38431801,-56722050,缩量,低,情绪退潮,进场,主力建仓型,资金+业绩共振(双击候选),B,关注：资金+业绩共振,72.8
002799,环球印务,6.66,-13.6,0.52,-7.3,0.93,1502088,-909448,-762805,-1175475,0,378205,缩量,低,情绪退潮,观望,资金观望型,,D,回避：资金观望,0.3
002800,天顺股份,14.77,-40.1,0.49,-48.4,2.55,4795082,-7487473,9526849,-1829919,988840,1341795,缩量,低,情绪退潮,观望,资金观望型,,D,回避：资金观望,0.8
002792,通宇通讯,31.4,2.0,0.29,50.1,3.54,121885876,469823377,239126940,14009466,-1697972,7980038,缩量,低,情绪退潮,进场,趋势转多型,资金+业绩共振(双击候选),B,关注：资金+业绩共振,73.2
002795,永和智控,7.31,-9.1,0.56,84.8,5.83,48051904,69184329,90167818,-3546933,-747896,1352814,缩量,中,主力惜售,进场,主力建仓型,纯资金炒作(亏损风险),C,谨慎：纯资金炒作,25.9
002802,洪汇新材,11.96,-45.5,0.13,-35.7,-2.87,-2994710,-9560248,2409005,805112,0,723301,缩量,低,情绪退潮,观望,长线吸筹型,,D,回避：资金观望,-1.0
002807,江阴银行,4.14,13.1,0.66,-10.4,-3.73,-36266281,4642602,-16040405,-1962783,-2773172,-6376307,缩量,低,情绪退潮,观望,资金观望型,,D,回避：资金观望,-1.2
002809,红墙股份,8.18,-28.1,0.6,-43.2,-5.03,-10352423,-17308976,-20903678,336452,0,-1300885,缩量,低,情绪退潮,观望,资金撤退型,,D,回避：资金撤退,-1.7
002815,崇达技术,23.4,273.9,1.8,388.9,-0.34,-48836463,-41517458,168911575,-485120506,-297966660,459773034,放量,低,游资情绪,观望,资金观望型,,D,回避：资金观望,7.9
002811,郑中设计,15.37,191.3,0.8,-25.9,4.67,31454280,-54985932,-31803070,-6193245,1882599,8172503,放量,低,游资情绪,观望,资金观望型,,D,回避：资金观望,9.6
002813,路畅科技,21.65,-38.9,0.38,-13.2,-0.88,-1132585,-88305,78203,448675,-69641,-1029493,缩量,低,情绪退潮,观望,资金观望型,,D,回避：资金观望,-0.3
002817,黄山胶囊,6.47,-50.6,0.82,-16.7,0.87,1234666,2888233,12378210,-1454704,851334,980964,缩量,低,情绪退潮,观望,长线吸筹型,,D,回避：资金观望,0.3
002812,恩捷股份,48.58,-66.3,0.35,-31.1,-4.75,-148917368,-292286523,-841933629,20247047,5613770,-33772227,缩量,低,情绪退潮,观望,资金撤退型,,D,回避：资金撤退,-1.6
002806,华锋股份,15.02,14.2,1.7,41.6,3.1,27360704,11632575,2527739,8125791,5193612,-10169225,缩量,低,情绪退潮,进场,资金观望型,纯资金炒作(亏损风险),C,谨慎：纯资金炒作,13.0
002819,东方中科,21.4,-31.0,0.73,6.8,-3.43,-15628320,3510881,-30350022,-1435682,-524876,1204944,缩量,低,情绪退潮,观望,资金观望型,,D,回避：资金观望,-1.1
002823,凯中精密,12.75,-60.1,1.13,-30.7,-8.1,-13489868,-27416754,-49777223,4537372,1082634,241925,缩量,低,情绪退潮,观望,资金撤退型,,D,回避：资金撤退,-2.7
002825,纳尔股份,9.55,69.6,0.2,-10.4,-15.18,-39726436,-37069913,-787420,-161456,57964,191904,放量,低,游资情绪,观望,长线吸筹型,,D,回避：资金观望,2.9
002828,贝肯能源,10.74,-75.2,1.27,-27.6,-8.3,-38541186,-88914199,-55068005,-1574856,-166989,2526860,缩量,低,情绪退潮,观望,资金观望型,,D,回避：资金观望,-2.8
002829,星网宇达,20.24,-62.3,2.23,-21.1,3.3,16996466,-8177633,-12879343,-1911361,-4308658,185968,缩量,低,情绪退潮,观望,资金观望型,,D,回避：资金观望,1.1
002818,富森美,11.48,9.3,1.54,7.7,1.42,2953844,26515885,24344558,7530207,7073802,-6104514,缩量,低,情绪退潮,吸筹,趋势转多型,资金+业绩共振(双击候选),B,关注：资金+业绩共振,64.5
002830,名雕股份,14.56,-71.0,1.21,-43.7,-6.74,-11313926,-22594326,14575721,432888,-38047,-369941,缩量,低,情绪退潮,观望,长线吸筹型,,D,回避：资金观望,-2.2
002832,比音勒芬,25.63,-65.4,1.86,-36.4,-5.47,-33058351,-20470403,-13036097,-1080651,-995632,4269385,缩量,低,情绪退潮,观望,资金观望型,,D,回避：资金观望,-1.8
002835,同为股份,12.92,-17.8,0.73,-5.5,0.24,426187,-339535,-512421,-1013559,0,1220335,缩量,低,情绪退潮,观望,资金观望型,,D,回避：资金观望,0.1
002838,道恩股份,25.24,-62.1,1.62,-29.9,-1.59,-8581156,2896271,19443012,3962987,3360189,4670256,缩量,低,情绪退潮,观望,资金观望型,,D,回避：资金观望,-0.5
002841,视源股份,47.25,-64.5,2.82,-35.3,-1.29,-16137434,-67775167,43678404,1239109,-8576122,-3488222,缩量,低,情绪退潮,观望,长线吸筹型,,D,回避：资金观望,-0.4
002836,新宏泽,11.92,424.0,0.58,45.5,6.04,20652066,21383225,17721063,4558221,8446523,957185,放量,中,主力偏强放量,抢筹,趋势转多型,,C,谨慎：资金流入未验证业绩,58.0
002847,盐津铺子,42.45,-55.2,1.28,2.2,-3.66,-16403012,-11417158,-25817068,2118486,-2138867,-1015252,缩量,低,情绪退潮,观望,资金观望型,,D,回避：资金观望,-1.2
002837,英维克,63.28,-22.3,0.45,-55.4,-0.39,-40002048,-1551867254,902754132,213130645,238092488,-170566363,缩量,低,情绪退潮,吸筹,长线吸筹型,机构吸筹+盈利(关注),C,谨慎：资金流入未验证业绩,23.9
002839,张家港行,4.3,-23.9,0.86,-0.7,3.35,21880449,75631696,69881345,5221921,-2672154,-12468297,缩量,低,情绪退潮,进场,趋势转多型,资金+业绩共振(双击候选),B,关注：资金+业绩共振,73.1
002840,华统股份,8.06,-44.7,0.37,-29.8,0.75,4102894,-9196152,-55846091,8724876,2754863,-20567043,缩量,低,情绪退潮,进场,资金观望型,,C,谨慎：资金流入未验证业绩,32.2
002849,威星智能,20.32,431.1,1.05,15.7,2.13,23046014,5412601,-54175406,55089262,85257777,-21941343,放量,低,游资情绪,抢筹,资金观望型,资金+业绩共振(双击候选),B,关注：资金+业绩共振,88.7
002851,麦格米特,126.8,-15.8,2.03,-8.5,-1.89,-309011962,246732568,1745930241,308037644,332411576,-185841170,缩量,低,情绪退潮,吸筹,高位分歧型,机构吸筹+盈利(关注),C,谨慎：资金流入未验证业绩,23.4
002862,实丰文化,15.38,49.1,0.46,26.5,-5.29,-26919115,25534579,68198478,-11161367,-3909332,9945687,缩量,低,情绪退潮,观望,高位分歧型,,D,回避：资金观望,-1.8
002864,盘龙药业,20.56,-67.4,1.36,-35.2,-3.04,-4945380,-13330942,-45488116,-750582,-705377,-688969,缩量,低,情绪退潮,观望,资金撤退型,,D,回避：资金撤退,-1.0
002861,瀛通通讯,14.56,-58.8,1.76,-13.9,-2.67,-8935156,-34593035,-71797641,-2822889,-1824273,-2540157,缩量,低,情绪退潮,观望,资金撤退型,,D,回避：资金撤退,-0.9
002866,传艺科技,14.51,-68.2,0.13,-19.6,1.29,5085125,-2251615,-33658750,-3941225,-4229428,1238893,缩量,低,情绪退潮,观望,资金观望型,,D,回避：资金观望,0.4
002867,周大生,10.33,-54.1,1.2,-57.6,-13.26,-36103126,-75666538,-35754812,3844919,3039102,293423,缩量,低,情绪退潮,观望,长线吸筹型,,D,回避：资金观望,-4.4
002868,绿康生化,23.0,-16.2,2.02,46.7,-2.73,-8062084,38285525,68367596,1016991,1195469,856712,缩量,低,情绪退潮,观望,高位分歧型,,D,回避：资金观望,-0.9
002865,钧达股份,38.47,-46.3,0.4,-18.5,-1.72,-17472522,4140937,-134162890,10767625,3915645,-286562,缩量,低,情绪退潮,吸筹,资金观望型,纯资金炒作(亏损风险),C,谨慎：纯资金炒作,3.4
002875,安奈儿,12.94,-39.9,0.27,-30.1,-4.67,-10782675,-16519229,9427539,-185282,115182,-587878,缩量,低,情绪退潮,观望,长线吸筹型,,D,回避：资金观望,-1.6
002878,元隆雅图,12.6,-56.6,0.43,-28.0,-2.15,-4694146,-14971812,-22112613,-2045254,-974562,-536617,缩量,低,情绪退潮,观望,资金撤退型,,D,回避：资金撤退,-0.7
002873,新天药业,8.03,-43.8,0.98,-34.5,1.7,3056356,4101667,-6186419,-28725,0,-1489570,缩量,低,情绪退潮,观望,趋势转多型,,D,回避：资金观望,0.6
002881,美格智能,45.3,43.1,2.94,26.7,-2.02,-38892998,75272760,155983721,-40968090,-16494870,82901894,缩量,低,情绪退潮,观望,资金观望型,,D,回避：资金观望,-0.7
002879,长缆科技,16.47,-72.9,1.77,-33.4,-1.7,-7258816,-8932851,7898023,-8995504,-5107966,11544286,缩量,低,情绪退潮,观望,资金观望型,,D,回避：资金观望,-0.6
002880,卫光生物,20.8,-19.1,0.97,-59.0,-2.08,-3388738,-21370208,27512219,-2665798,-604755,-50053,缩量,低,情绪退潮,观望,长线吸筹型,,D,回避：资金观望,-0.7
002885,京泉华,28.5,-14.8,0.65,73.1,-7.35,-156102385,157556373,130203994,16218992,4444757,-35278598,缩量,低,情绪退潮,观望,资金观望型,,D,回避：资金观望,-2.4
002877,智能自控,7.36,29.7,0.63,-3.7,5.68,11682550,17107405,17894032,-4335173,-7871378,3867005,缩量,中,主力惜售,进场,主力建仓型,资金+业绩共振(双击候选),B,关注：资金+业绩共振,85.9
002889,东方嘉盛,11.9,-73.2,3.05,-46.8,-0.89,-812365,-9459884,-13441755,1741924,0,-1596409,缩量,低,情绪退潮,观望,资金撤退型,,D,回避：资金撤退,-0.3
002882,金龙羽,23.32,147.6,0.89,-5.5,5.48,113101966,91190082,376255866,-5502828,-4154437,11798426,放量,中,主力偏强放量,进场,资金观望型,资金+业绩共振(双击候选),B,关注：资金+业绩共振,89.8
002886,沃特股份,26.4,226.5,1.38,10.2,1.73,86595510,293787968,642474118,30091699,19714940,-17034722,放量,低,游资情绪,吸筹,均衡流入型,资金+业绩共振(双击候选),B,关注：资金+业绩共振,72.6
002891,中宠股份,27.57,-74.2,0.53,-1.0,-6.72,-32022120,-20788050,-85377950,-7153127,-21250,9652704,缩量,低,情绪退潮,观望,资金观望型,,D,回避：资金观望,-2.2
002899,英派斯,19.65,-16.1,0.7,19.2,0.8,3342680,10820282,931547,-4491836,-1980395,7121698,缩量,低,情绪退潮,观望,趋势转多型,,D,回避：资金观望,0.3
002896,中大力德,61.46,-64.5,3.45,-41.5,-4.13,-53323828,-142163527,-278095373,-19676692,-7317180,18748886,缩量,低,情绪退潮,观望,资金撤退型,,D,回避：资金撤退,-1.4
002888,惠威科技,18.77,-30.8,1.49,-15.8,5.06,13392111,-12782888,-10328482,-865045,0,1025221,缩量,中,主力惜售,进场,资金观望型,资金+业绩共振(双击候选),B,关注：资金+业绩共振,85.7
002890,弘宇股份,14.82,38.0,0.77,-29.2,2.29,2922427,-7902039,5680274,1561306,-848635,-4117173,缩量,低,情绪退潮,进场,资金观望型,资金+业绩共振(双击候选),B,关注：资金+业绩共振,72.8
002900,哈三联,11.85,-37.4,4.13,-72.9,-1.72,-7898890,-13664181,-135235618,-11895561,-6572987,14134741,缩量,低,情绪退潮,观望,资金撤退型,,D,回避：资金撤退,-0.6
002903,宇环数控,30.76,37.9,1.04,-35.9,4.25,87036630,65007987,86790116,-31638764,-10743012,33301625,缩量,低,情绪退潮,观望,资金观望型,,D,回避：资金观望,1.4
002893,京能热力,10.33,68.0,0.51,23.8,-5.06,-40428966,-44330966,34119671,4064857,3679962,-3091040,放量,低,游资情绪,吸筹,长线吸筹型,机构吸筹+盈利(关注),C,谨慎：资金流入未验证业绩,30.3
002906,华阳集团,27.54,-5.2,0.52,-58.9,-0.46,-3540240,-64271634,-91217303,-18935279,-13598820,8045649,缩量,低,情绪退潮,观望,资金撤退型,,D,回避：资金撤退,-0.2
002907,华森制药,13.86,-4.3,2.66,-62.9,-4.84,-21995624,-60166483,-105219808,-4464676,-440555,2811675,缩量,低,情绪退潮,观望,资金撤退型,,D,回避：资金撤退,-1.6
002908,德生科技,6.84,-44.0,0.89,-37.9,-1.42,-1815237,-6884029,-14947885,1359673,663894,-1598737,缩量,低,情绪退潮,观望,资金撤退型,,D,回避：资金撤退,-0.5
002902,铭普光磁,31.2,319.4,0.52,125.2,4.02,242164222,451269947,605464284,526034732,528100379,-346408666,放量,低,游资情绪,抢筹,主力建仓型,纯资金炒作(亏损风险),C,谨慎：纯资金炒作,29.3
002909,集泰股份,6.49,611.5,0.71,173.3,-4.29,-93201064,-285208045,-99146316,-20553921,-10769112,24917235,放量,低,游资情绪,观望,资金观望型,,D,回避：资金观望,6.6
002910,庄园牧场,9.77,-76.0,5.71,73.9,-3.65,-12240812,-7173946,-11391228,-1089683,755424,-1345444,缩量,低,情绪退潮,观望,资金观望型,,D,回避：资金观望,-1.2
002913,奥士康,84.06,315.6,1.18,211.1,-1.46,-79058998,-84452670,28114362,-219739851,-214691863,119277780,放量,低,游资情绪,观望,资金观望型,,D,回避：资金观望,7.5
002911,佛燃能源,11.21,-62.5,0.66,-13.1,-1.97,-4286906,-1706152,2695016,372898,-637324,1266468,缩量,低,情绪退潮,观望,资金观望型,,D,回避：资金观望,-0.7
002915,中欣氟材,17.38,-57.7,1.52,-26.0,-3.39,-17364924,-19574191,40529439,1007048,-4007908,-455210,缩量,低,情绪退潮,观望,长线吸筹型,,D,回避：资金观望,-1.1
002916,深南电路,384.5,-28.0,1.33,35.1,-1.26,-195626014,947911016,1583871037,-306339005,-214151401,302485007,缩量,低,情绪退潮,观望,资金观望型,,D,回避：资金观望,-0.4
002921,联诚精密,20.42,-65.8,0.9,-43.7,-0.8,-2641223,-19488533,8791245,-2592460,-6754698,1238792,缩量,低,情绪退潮,观望,长线吸筹型,,D,回避：资金观望,-0.3
002919,名臣健康,16.79,-63.6,0.69,-18.7,-4.21,-8554070,-2981766,-18791164,-905573,-1153048,4047781,缩量,低,情绪退潮,观望,资金观望型,,D,回避：资金观望,-1.4
002912,中新赛克,24.55,805.7,0.69,573.4,-5.15,-155927333,-104477971,-117858382,19835866,23114258,-9344106,放量,低,游资情绪,吸筹,资金观望型,机构吸筹+盈利(关注),C,谨慎：资金流入未验证业绩,30.3
002923,润都股份,10.92,-58.0,1.53,-27.7,-0.6,-1420034,-3426280,-11710455,923361,676209,-3393587,缩量,低,情绪退潮,观望,资金撤退型,,D,回避：资金撤退,-0.2
002925,盈趣科技,24.55,-28.7,2.23,12.9,0.84,16280520,-39050318,-45403151,-32326996,-19724497,24647794,缩量,低,情绪退潮,观望,资金观望型,,D,回避：资金观望,0.3
002918,蒙娜丽莎,11.1,72.1,1.97,-10.9,5.58,72014591,81643451,142253025,-7501186,-10382183,-15644301,放量,中,主力偏强放量,进场,均衡流入型,资金+业绩共振(双击候选),B,关注：资金+业绩共振,89.9
002929,润建股份,52.2,-57.1,1.06,-23.6,-0.69,-12794090,-109863447,-268886151,36164945,26439024,-29509341,缩量,低,情绪退潮,观望,资金撤退型,,D,回避：资金撤退,-0.2
002930,宏川智慧,9.07,-62.0,1.34,-36.4,-3.12,-8118748,-15357883,-22030793,202275,-655761,-1857710,缩量,低,情绪退潮,观望,资金撤退型,,D,回避：资金撤退,-1.0
002935,天奥电子,15.96,-61.3,0.39,0.4,-1.58,-6013242,-12664987,-37077076,-5151135,-2172895,-329532,缩量,低,情绪退潮,观望,资金撤退型,,D,回避：资金撤退,-0.5
002920,德赛西威,84.73,-50.6,0.69,-29.5,-1.96,-43569811,-236797374,-12398442,4190248,15621267,-1576777,缩量,低,情绪退潮,吸筹,长线吸筹型,机构吸筹+盈利(关注),C,谨慎：资金流入未验证业绩,23.3
002922,伊戈尔,23.52,-45.4,0.53,-3.2,-3.08,-39084281,27532976,-31365765,20220891,15284373,-12742751,缩量,低,情绪退潮,吸筹,资金观望型,机构吸筹+盈利(关注),C,谨慎：资金流入未验证业绩,23.0
002933,新兴装备,27.43,39.1,0.68,-6.9,0.02,47896,-17526384,-29910070,-766983,-2105425,1364073,缩量,低,情绪退潮,观望,资金观望型,,D,回避：资金观望,0.0
002926,华西证券,8.27,-36.3,0.81,-40.5,-3.9,-16381362,876509,26378004,18213742,13899040,-12966464,缩量,低,情绪退潮,吸筹,高位分歧型,机构吸筹+盈利(关注),C,谨慎：资金流入未验证业绩,22.7
002927,泰永长征,19.45,172.8,1.18,90.0,6.73,92517685,75833361,68415257,-12567601,-3107834,20179172,放量,中,主力偏强放量,进场,资金观望型,纯资金炒作(亏损风险),C,谨慎：纯资金炒作,30.2
002937,兴瑞科技,27.36,-54.1,1.31,-41.9,-13.31,-91433129,-116468010,-58401089,4432113,1821819,8146954,缩量,低,情绪退潮,观望,长线吸筹型,,D,回避：资金观望,-4.4
002938,鹏鼎控股,89.88,-40.3,0.91,28.9,-4.28,-405965926,243224434,946068997,-91554325,-69550519,54447747,缩量,低,情绪退潮,观望,高位分歧型,,D,回避：资金观望,-1.4
002940,昂利康,23.16,-63.4,0.36,-28.2,-0.37,-2343530,93105998,182217827,2817410,3732580,-10584719,缩量,低,情绪退潮,观望,高位分歧型,,D,回避：资金观望,-0.1
002945,华林证券,14.25,-0.2,1.26,-36.0,-7.35,-50671994,-47745016,117582211,40265108,30786854,-31930630,缩量,低,情绪退潮,观望,长线吸筹型,,D,回避：资金观望,-2.4
002936,郑州银行,1.74,-11.0,1.82,5.1,4.3,37989128,45812662,10333090,21866977,16722451,-3130256,缩量,低,情绪退潮,吸筹,趋势转多型,资金+业绩共振(双击候选),B,关注：资金+业绩共振,65.4
002946,新乳业,14.44,-70.7,2.14,-38.1,-1.15,-2869259,-1290710,1986423,-1428548,-2542746,340795,缩量,低,情绪退潮,观望,资金观望型,,D,回避：资金观望,-0.4
002943,宇晶股份,30.32,-59.3,0.47,-39.2,0.52,5171451,-14487060,-51844665,-423983,-405075,-3594435,缩量,低,情绪退潮,观望,资金观望型,,D,回避：资金观望,0.2
002948,青岛银行,6.05,-18.3,0.74,-3.7,-4.2,-43127773,-161846444,-166434393,12176152,16312563,1534509,缩量,低,情绪退潮,观望,资金撤退型,,D,回避：资金撤退,-1.4
002950,奥美医疗,8.43,-33.9,0.21,-23.2,-2.23,-4570748,-11890280,-34232269,-1058250,-4092642,-6707928,缩量,低,情绪退潮,观望,资金撤退型,,D,回避：资金撤退,-0.7
002939,长城证券,7.85,-54.3,1.5,-35.0,-13.72,-57679789,-60640250,-51749041,6117113,7767080,-4682909,缩量,低,情绪退潮,吸筹,资金观望型,机构吸筹+盈利(关注),C,谨慎：资金流入未验证业绩,19.4
002951,金时科技,15.92,-63.7,0.88,-26.9,0.31,656833,-459845,-15866413,-1602085,-1115485,2604258,缩量,低,情绪退潮,观望,资金观望型,,D,回避：资金观望,0.1
002952,亚世光电,18.96,-6.3,0.19,-35.0,-1.47,-5198677,-7405963,47071109,-5345744,-797463,6629680,缩量,低,情绪退潮,观望,长线吸筹型,,D,回避：资金观望,-0.5
002953,日丰股份,10.54,28.7,1.27,-19.8,-3.62,-23539976,22410891,101328571,-1035986,530779,12882770,缩量,低,情绪退潮,观望,高位分歧型,,D,回避：资金观望,-1.2
002949,华阳国际,12.57,121.1,0.38,-53.0,2.29,9311842,21422042,129922890,4268724,4663,-2337005,放量,低,游资情绪,进场,主力建仓型,资金+业绩共振(双击候选),B,关注：资金+业绩共振,80.8
002962,五方光电,13.5,-59.6,0.63,40.5,1.41,8755335,11185860,-6068994,-4915645,-4308628,1742024,缩量,低,情绪退潮,观望,趋势转多型,,D,回避：资金观望,0.5
002959,小熊电器,31.7,-58.4,0.72,-14.5,-2.48,-1640874,-6902072,-11500292,-2672673,-1093650,1550656,缩量,低,情绪退潮,观望,资金撤退型,,D,回避：资金撤退,-0.8
002966,苏州银行,9.06,-35.9,1.98,1.1,-1.99,-28301817,-101482217,-88617411,-8908869,-19417531,3128303,缩量,低,情绪退潮,观望,资金观望型,,D,回避：资金观望,-0.7
002967,广电计量,17.12,-65.6,0.45,-17.7,-4.08,-10289031,-9204880,-40090389,-3369571,-1247179,1390977,缩量,低,情绪退潮,观望,资金观望型,,D,回避：资金观望,-1.4
002955,鸿合科技,37.05,-36.6,3.48,7.3,1.2,12754700,47958915,75038015,4546407,-1963386,-16667412,缩量,低,情绪退潮,进场,均衡流入型,资金+业绩共振(双击候选),B,关注：资金+业绩共振,72.4
002956,西麦食品,17.8,76.7,1.81,115.0,4.9,37753269,31771602,26698183,634091,-3839256,-7336864,放量,低,游资情绪,进场,资金观望型,资金+业绩共振(双击候选),B,关注：资金+业绩共振,81.6
002957,科瑞技术,42.44,9.6,0.48,17.5,2.2,76265352,146038979,43173422,60351211,17018952,-112801338,缩量,低,情绪退潮,进场,趋势转多型,资金+业绩共振(双击候选),B,关注：资金+业绩共振,72.7
002968,新大正,9.22,-8.5,0.82,-25.8,0.56,893856,-723232,2203041,-162466,0,-1567852,缩量,低,情绪退潮,观望,资金观望型,,D,回避：资金观望,0.2
002958,青农商行,2.96,-25.8,0.95,-2.0,1.48,15129968,4963719,-20208921,10038632,4270949,-14242236,缩量,低,情绪退潮,进场,资金观望型,资金+业绩共振(双击候选),B,关注：资金+业绩共振,72.5
002960,青鸟智控,8.7,9.4,0.47,7.4,2.23,6452310,-7780085,-23455935,2887810,-4191912,3912514,缩量,低,情绪退潮,进场,资金观望型,资金+业绩共振(双击候选),B,关注：资金+业绩共振,72.7
002970,锐明技术,43.52,-24.7,0.4,9.5,-7.07,-48526975,43729321,-9582701,-15121342,-25061758,5326479,缩量,低,情绪退潮,观望,资金观望型,,D,回避：资金观望,-2.4
002969,嘉美包装,11.46,-60.9,0.54,-1.8,-6.31,-68249652,84231,68696923,-17617369,-6314176,8853891,缩量,低,情绪退潮,观望,资金观望型,,D,回避：资金观望,-2.1
002961,瑞达期货,21.21,179.9,0.54,7.5,3.65,51607628,70235685,104623486,42300053,22322915,-35716435,放量,低,游资情绪,抢筹,均衡流入型,资金+业绩共振(双击候选),B,关注：资金+业绩共振,89.2
002965,祥鑫科技,31.11,-39.2,5.33,-25.9,-1.88,-24795780,-185027319,-311832075,139532823,146177177,-84615460,缩量,低,情绪退潮,吸筹,资金撤退型,机构吸筹+盈利(关注),C,谨慎：资金流入未验证业绩,23.4
002963,豪尔赛,20.56,34.4,1.44,-47.7,3.48,21615753,114362036,175080545,768733,5601066,-758333,缩量,低,情绪退潮,吸筹,主力建仓型,纯资金炒作(亏损风险),C,谨慎：纯资金炒作,5.2
002972,科安达,13.12,-50.3,1.37,57.6,0.51,2085888,48303608,45368275,-6879217,-5278377,7892899,缩量,低,情绪退潮,观望,趋势转多型,,D,回避：资金观望,0.2
002975,博杰股份,104.86,3.6,0.66,-41.5,-0.69,-38289299,126095908,708014738,22022083,10383372,-27503795,缩量,低,情绪退潮,观望,高位分歧型,,D,回避：资金观望,-0.2
002978,安宁股份,25.15,-45.0,0.54,-18.6,1.15,2745122,3274049,-17507728,-881229,-769220,-647525,缩量,低,情绪退潮,观望,趋势转多型,,D,回避：资金观望,0.4
002971,和远气体,42.68,1.0,2.5,-30.5,0.58,16885926,-132601499,394824345,372364478,399332800,-167490637,缩量,低,情绪退潮,吸筹,长线吸筹型,资金+业绩共振(双击候选),B,关注：资金+业绩共振,64.2
002979,雷赛智能,55.18,-68.1,2.84,-41.5,-1.67,-23080024,-162959444,-306690716,-17994600,-4362154,37356805,缩量,低,情绪退潮,观望,资金撤退型,,D,回避：资金撤退,-0.6
002981,朝阳科技,25.73,160.0,2.02,71.2,-1.21,-6300969,2076322,-7945198,-15766364,417585,17393664,放量,低,游资情绪,观望,资金观望型,,D,回避：资金观望,7.6
002987,京北方,10.84,-48.6,1.74,-52.4,-2.94,-17764113,-48005833,-66900961,-8559485,-5951312,7756782,缩量,低,情绪退潮,观望,资金撤退型,,D,回避：资金撤退,-1.0
002973,侨银股份,13.56,137.3,1.36,47.5,3.75,31492795,6683801,75226252,1029701,-572047,-4400569,放量,低,游资情绪,进场,资金观望型,资金+业绩共振(双击候选),B,关注：资金+业绩共振,81.2
002983,芯瑞达,21.97,-61.1,1.2,-26.7,0.68,1464713,-305376,19538051,-652391,627855,1097824,缩量,低,情绪退潮,观望,长线吸筹型,,D,回避：资金观望,0.2
002985,北摩高科,27.41,-41.7,0.23,28.8,-4.15,-19907162,-2869359,5726855,-6511354,-4661760,2044528,缩量,低,情绪退潮,观望,资金观望型,,D,回避：资金观望,-1.4
002982,湘佳股份,12.32,-43.1,0.25,27.0,-0.72,-1566422,-3180402,-12492004,-771687,-537953,-851164,缩量,低,情绪退潮,观望,资金撤退型,,D,回避：资金撤退,-0.2
002984,森麒麟,12.9,-42.9,1.2,-7.9,-1.21,-6678538,3303533,-51092840,3454619,-3320728,-2278734,缩量,低,情绪退潮,观望,资金观望型,,D,回避：资金观望,-0.4
002976,瑞玛精密,26.9,67.9,3.35,107.8,3.83,78682983,88474341,90986184,13445787,14572202,-23951378,放量,低,游资情绪,进场,均衡流入型,资金+业绩共振(双击候选),B,关注：资金+业绩共振,81.3
002980,华盛昌,128.03,121.2,0.53,41.1,-4.61,-308111276,-136706193,580645752,306261770,248367168,-275864279,放量,低,游资情绪,抢筹,高位分歧型,机构吸筹+盈利(关注),C,谨慎：资金流入未验证业绩,46.5
002986,宇新股份,13.06,-25.8,0.55,-18.2,3.94,10594910,-12007216,8224338,4644015,3667208,-5944501,缩量,低,情绪退潮,进场,资金观望型,纯资金炒作(亏损风险),C,谨慎：纯资金炒作,13.3
002988,豪美新材,31.47,95.9,0.53,36.1,1.72,16394894,120616483,206679573,10104183,5432241,-14080233,放量,低,游资情绪,抢筹,均衡流入型,资金+业绩共振(双击候选),B,关注：资金+业绩共振,88.6
002989,中天精装,24.3,-28.4,2.74,-5.3,1.3,8109513,21321134,44642305,-3674004,-16172034,3767583,缩量,低,情绪退潮,观望,均衡流入型,,D,回避：资金观望,0.4
002992,宝明科技,34.15,8.6,0.36,26.0,-4.28,-10435054,-4143603,-34005031,3171359,3498914,-4643955,缩量,低,情绪退潮,观望,资金观望型,,D,回避：资金观望,-1.4
002993,奥海科技,36.5,-60.3,1.09,-15.9,-4.58,-31654267,-47853445,-59860265,-3331204,1543296,21690863,缩量,低,情绪退潮,观望,资金撤退型,,D,回避：资金撤退,-1.5
002996,顺博合金,5.95,-44.3,0.57,-29.9,-0.5,-765234,-3646964,-3495473,1291533,-571914,-4032445,缩量,低,情绪退潮,观望,资金观望型,,D,回避：资金观望,-0.2
003000,劲仔食品,9.4,-60.2,0.55,-37.0,-9.89,-12131710,-15756540,-27299153,-341974,0,-999225,缩量,低,情绪退潮,观望,资金撤退型,,D,回避：资金撤退,-3.3
002997,瑞鹄模具,26.66,-7.1,0.91,79.4,-12.06,-122094376,-103344658,-117189932,-980640,-2805900,6295981,缩量,低,情绪退潮,观望,资金观望型,,D,回避：资金观望,-4.0
002991,甘源食品,37.77,-38.1,0.42,-30.5,-6.34,-6792028,-5192684,-19734002,92617,288711,-108785,缩量,低,情绪退潮,吸筹,资金观望型,机构吸筹+盈利(关注),C,谨慎：资金流入未验证业绩,21.9
002998,优彩资源,7.81,-16.7,0.84,133.8,-1.39,-9819166,7438532,-11090290,-6236966,-2448322,13887344,缩量,低,情绪退潮,观望,资金观望型,,D,回避：资金观望,-0.5
002990,盛视科技,50.32,-47.3,0.62,-8.1,0.82,13055159,37758254,45900087,9001266,15094935,843830,缩量,低,情绪退潮,进场,均衡流入型,资金+业绩共振(双击候选),B,关注：资金+业绩共振,72.3
002999,天禾股份,6.28,177.4,0.2,56.1,-4.23,-28054013,-28066052,33289186,-658869,-1952828,-1352299,放量,低,游资情绪,观望,资金观望型,,D,回避：资金观望,6.6
003002,壶化股份,16.31,162.8,0.53,337.2,-2.95,-32176212,60976368,55091848,-16967560,-10723825,6691960,放量,低,游资情绪,观望,资金观望型,,D,回避：资金观望,7.0
003003,天元股份,10.52,-34.8,0.91,5.4,0.21,398853,-2910117,-1678049,-563782,-530005,994233,缩量,低,情绪退潮,观望,资金观望型,,D,回避：资金观望,0.1
003004,声迅股份,61.14,-60.5,7.55,114.4,-6.09,-58359593,-57755246,-33077296,-6272837,-319112,4848482,缩量,低,情绪退潮,观望,资金观望型,,D,回避：资金观望,-2.0
002995,天地在线,16.82,-62.5,0.9,-35.7,0.05,180318,-6192199,-68809,6150972,4512822,-8948915,缩量,低,情绪退潮,进场,资金观望型,纯资金炒作(亏损风险),C,谨慎：纯资金炒作,12.0
003005,竞业达,14.68,126.5,1.13,32.2,-4.65,-42904757,-125546394,-157681463,-5474512,-826147,7941508,放量,低,游资情绪,观望,资金撤退型,,D,回避：资金撤退,6.5
003001,中岩大地,20.0,168.0,6.18,147.9,7.22,135722615,120064714,95720171,13349830,-7062716,-18836918,放量,中,主力偏强放量,进场,资金观望型,资金+业绩共振(双击候选),B,关注：资金+业绩共振,90.4
003007,直真科技,40.0,-25.6,0.48,-17.0,-1.74,-5839515,-13948511,-18100730,-3186688,150518,5628009,缩量,低,情绪退潮,观望,资金撤退型,,D,回避：资金撤退,-0.6
003008,开普检测,18.74,-7.9,0.3,23.4,-3.31,-4193243,-3563829,-4961017,1457713,0,-2041363,缩量,低,情绪退潮,观望,资金观望型,,D,回避：资金观望,-1.1
003009,中天火箭,48.1,-68.3,1.59,21.2,-5.91,-40762502,19763592,-9086574,-11095812,3245023,19601756,缩量,低,情绪退潮,观望,资金观望型,,D,回避：资金观望,-2.0
003010,若羽臣,29.54,-54.5,1.83,-52.4,-0.7,-5576840,-62219949,-27326749,1483408,-3254556,2060523,缩量,低,情绪退潮,观望,资金观望型,,D,回避：资金观望,-0.2
003011,海象新材,19.2,-47.3,1.08,-12.5,0.63,958794,-13064994,-39434046,-2496379,-2370943,3092697,缩量,低,情绪退潮,观望,资金观望型,,D,回避：资金观望,0.2
003017,大洋生物,22.2,-47.4,0.82,-31.5,-2.01,-2500539,-1577165,-2293524,2873401,949293,-1666030,缩量,低,情绪退潮,观望,资金观望型,,D,回避：资金观望,-0.7
003006,百亚股份,21.25,938.7,0.44,486.2,16.65,866838137,1132185642,1157626517,208659139,-10656753,-191511079,放量,高,主力主导放量🔥(最强),进场,主力强攻型,资金+业绩共振(双击候选),A,金股候选：资金强攻+业绩共振,97
003020,立方制药,17.02,-74.9,7.87,-53.7,-1.4,-3319230,-3478353,-42596253,4625877,1086531,-6549608,缩量,低,情绪退潮,观望,资金撤退型,,D,回避：资金撤退,-0.5
003019,宸展光电,27.54,-51.8,0.66,-29.8,-5.66,-21056181,-39376128,13092788,-9981690,-6613230,12427227,缩量,低,情绪退潮,观望,长线吸筹型,,D,回避：资金观望,-1.9
003015,日久光电,12.48,-33.9,0.86,-5.9,-0.52,-1394854,-2742968,-13932543,6432366,7203544,-5033579,缩量,低,情绪退潮,吸筹,资金撤退型,机构吸筹+盈利(关注),C,谨慎：资金流入未验证业绩,23.8
003021,兆威机电,68.98,-54.0,0.99,-52.0,-0.22,-1635539,-48736108,36564673,-1066567,677138,9763327,缩量,低,情绪退潮,观望,长线吸筹型,,D,回避：资金观望,-0.1
003013,地铁设计,19.17,84.2,5.65,6.3,3.59,36626564,40954774,11566969,30346718,37202000,2164133,放量,低,游资情绪,抢筹,趋势转多型,资金+业绩共振(双击候选),B,关注：资金+业绩共振,89.2
003022,联泓新科,19.69,-50.4,0.46,-13.0,0.89,6770127,-2301411,-35627823,-12207279,-16162429,9735233,缩量,低,情绪退潮,观望,资金观望型,,D,回避：资金观望,0.3
003016,欣贺股份,7.43,99.9,0.89,29.4,-2.95,-6297855,-11493921,-6460923,5451401,2683570,-4242775,放量,低,游资情绪,抢筹,资金观望型,机构吸筹+盈利(关注),C,谨慎：资金流入未验证业绩,47.0
003023,彩虹集团,25.52,-57.0,0.22,-49.8,0.04,67906,19129677,57391487,-1540975,-1390842,742761,缩量,低,情绪退潮,观望,均衡流入型,,D,回避：资金观望,0.0
003018,金富科技,49.72,27.7,0.52,-34.2,2.13,69866003,-168896670,738758326,9098774,13692177,6274510,缩量,低,情绪退潮,进场,资金观望型,资金+业绩共振(双击候选),B,关注：资金+业绩共振,72.7
003025,思进智能,12.0,-76.9,1.69,-28.6,-0.61,-759114,-5483069,-11110336,1170249,16758,1054749,缩量,低,情绪退潮,观望,资金撤退型,,D,回避：资金撤退,-0.2
003027,同兴科技,16.06,-59.7,0.09,-24.8,-1.44,-1565690,-1039034,-2251731,-10100,762403,1672094,缩量,低,情绪退潮,观望,资金观望型,,D,回避：资金观望,-0.5
003029,吉大正元,17.73,102.2,1.02,191.9,-1.71,-15145191,83646690,74890396,-8063860,-1857177,10556973,放量,低,游资情绪,观望,资金观望型,,D,回避：资金观望,7.4
003028,振邦智能,23.2,-10.0,0.75,33.0,0.56,1289409,-1634913,-2222968,-620334,-592963,-1480816,缩量,低,情绪退潮,观望,资金观望型,,D,回避：资金观望,0.2
003031,中瓷电子,135.5,71.2,0.7,10.0,1.85,162871358,376449156,131756691,-210237645,-154252193,184723959,放量,低,游资情绪,观望,趋势转多型,,D,回避：资金观望,8.6
003032,传智教育,8.98,25.1,11.71,-48.8,-3.69,-42031283,-154347056,-296997380,-3438081,-2211336,-9204599,缩量,低,情绪退潮,观望,资金撤退型,,D,回避：资金撤退,-1.2
003033,征和工业,84.87,58.1,2.52,152.7,2.64,30487538,48355456,56378748,-4215294,-3120843,10862704,放量,低,游资情绪,观望,均衡流入型,,D,回避：资金观望,8.9
003026,中晶科技,37.2,296.6,1.56,223.0,5.99,242345327,237138352,208945660,-147451395,-103961189,114830664,放量,中,主力偏强放量,进场,资金观望型,资金+业绩共振(双击候选),B,关注：资金+业绩共振,90.0
003036,泰坦股份,54.78,1.1,1.07,-7.0,1.43,31261068,-27957363,203541590,-35976960,-46711043,31848808,缩量,低,情绪退潮,观望,长线吸筹型,,D,回避：资金观望,0.5
003030,祖名股份,26.18,-38.0,1.24,-16.5,-2.39,-6326297,-5729523,34068956,3513495,5532985,-3447417,缩量,低,情绪退潮,吸筹,长线吸筹型,机构吸筹+盈利(关注),C,谨慎：资金流入未验证业绩,23.2
003037,三和管桩,5.7,-40.8,1.47,18.8,-6.14,-6298340,-7589655,-8235068,-541900,179413,-433340,缩量,低,情绪退潮,观望,资金撤退型,,D,回避：资金撤退,-2.0
003042,中农联合,13.95,-15.2,0.58,-34.1,-2.51,-5688851,-5728083,-30721310,-637295,399457,-2228041,缩量,低,情绪退潮,观望,资金撤退型,,D,回避：资金撤退,-0.8
600000,浦发银行,9.07,-35.6,0.97,-24.8,-4.94,-152602113,-362177058,-463057480,-12957999,-2962475,18647612,缩量,低,情绪退潮,观望,资金撤退型,,D,回避：资金撤退,-1.6
003038,鑫铂股份,10.52,-37.0,0.41,5.4,4.25,6261021,3345810,-4988788,2934173,3445226,-2552856,缩量,低,情绪退潮,吸筹,资金观望型,纯资金炒作(亏损风险),C,谨慎：纯资金炒作,5.4
003039,顺控发展,12.71,145.4,0.31,47.5,-6.63,-54080753,-49623953,9589947,1332988,3597435,-2726037,放量,低,游资情绪,吸筹,高位分歧型,机构吸筹+盈利(关注),C,谨慎：资金流入未验证业绩,29.8
003041,真爱美家,42.02,92.6,0.28,20.4,0.09,443084,5198920,6359155,53447653,62421506,-22835741,放量,低,游资情绪,抢筹,均衡流入型,资金+业绩共振(双击候选),B,关注：资金+业绩共振,88.0
600004,白云机场,7.63,-52.5,1.41,-34.6,-1.68,-4280180,-35161806,-54173147,-79495,-212414,-1375026,缩量,低,情绪退潮,观望,资金撤退型,,D,回避：资金撤退,-0.6
600008,首创环保,2.75,-30.8,1.12,-5.4,-3.35,-31483795,-24410740,-21743522,54297,4353031,-4663700,缩量,低,情绪退潮,观望,资金观望型,,D,回避：资金观望,-1.1
600009,上海机场,22.68,-60.4,1.78,-22.7,-13.9,-109671820,-81480953,-114957980,-4161752,-4883099,3977689,缩量,低,情绪退潮,观望,资金观望型,,D,回避：资金观望,-4.6
600010,包钢股份,2.12,-57.4,0.47,-31.9,-5.6,-155077080,-294075239,-353772257,-19820878,-32220022,4809462,缩量,低,情绪退潮,观望,资金撤退型,,D,回避：资金撤退,-1.9
600011,华能国际,6.8,-70.2,1.21,12.1,-6.27,-117780191,-128852897,-274830165,-13117500,-5703639,17092832,缩量,低,情绪退潮,观望,资金撤退型,,D,回避：资金撤退,-2.1
600006,东风股份,5.27,-13.9,0.85,45.5,3.88,18022651,-19321796,-40158427,8791558,11390951,-8795028,缩量,低,情绪退潮,吸筹,资金观望型,纯资金炒作(亏损风险),C,谨慎：纯资金炒作,5.3
600012,皖通高速,15.97,-53.4,1.61,18.4,0.91,3232974,16193447,22547053,-3311936,-225177,1962809,缩量,低,情绪退潮,观望,均衡流入型,,D,回避：资金观望,0.3
600016,民生银行,3.46,34.3,1.43,2.0,-0.2,-9580587,-248752822,-209857736,-84486588,-60114177,12698849,缩量,低,情绪退潮,观望,资金观望型,,D,回避：资金观望,-0.1
600007,中国国贸,19.88,-3.8,0.95,-5.8,0.86,2139408,5408918,19395333,1410528,814338,101383,缩量,低,情绪退潮,进场,长线吸筹型,资金+业绩共振(双击候选),B,关注：资金+业绩共振,72.3
600021,上海电力,13.39,-71.2,1.41,48.0,-4.59,-115168589,-34425984,-197933430,3730801,17286901,6095480,缩量,低,情绪退潮,观望,资金观望型,,D,回避：资金观望,-1.5
600023,浙能电力,5.08,-40.0,0.68,49.9,3.05,37322399,146564136,158299836,-15340511,-17977170,14767806,缩量,低,情绪退潮,观望,主力建仓型,,D,回避：资金观望,1.0
600025,华能水电,9.68,-42.0,1.3,-12.9,-1.59,-17989006,-2065563,55962754,3622573,966261,-19268877,缩量,低,情绪退潮,观望,高位分歧型,,D,回避：资金观望,-0.5
600026,中远海能,22.07,78.0,0.85,28.1,0.54,48392720,471928759,610862171,-28303226,-27460415,23726941,放量,低,游资情绪,观望,均衡流入型,,D,回避：资金观望,8.2
600018,上港集团,5.36,-21.4,2.02,-28.2,4.55,55166406,40001415,-66913092,12088809,9114947,-17217784,缩量,低,情绪退潮,进场,资金观望型,资金+业绩共振(双击候选),B,关注：资金+业绩共振,73.5
600019,宝钢股份,5.76,-29.2,1.06,-1.5,0.38,8652894,-160601613,-222909006,39158592,43174453,-11575614,缩量,低,情绪退潮,吸筹,资金观望型,资金+业绩共振(双击候选),B,关注：资金+业绩共振,64.1
600027,华电国际,4.81,-30.6,0.61,-15.2,-5.78,-86081927,-180217940,-139258429,-8822031,-7941927,744286,缩量,低,情绪退潮,观望,资金观望型,,D,回避：资金观望,-1.9
600020,中原高速,3.82,3.5,0.98,-33.6,10.24,23378422,27068201,20269077,5908176,5855071,-8011191,缩量,高,主力控盘,控盘,短线抢筹型,控盘+盈利(稳健),B,关注：控盘稳健+盈利,71.4
600022,山东钢铁,1.31,-28.0,0.93,5.7,1.13,5728210,10516896,6765024,14492793,8396172,-3594217,缩量,低,情绪退潮,吸筹,趋势转多型,资金+业绩共振(双击候选),B,关注：资金+业绩共振,64.4
600030,中信证券,26.54,-53.6,1.4,-23.8,-13.55,-1438978760,-1771315673,-720548066,-34036157,-18735139,28790297,缩量,低,情绪退潮,观望,长线吸筹型,,D,回避：资金观望,-4.5
600031,三一重工,17.89,-18.5,1.65,12.3,-2.9,-270679517,-636345702,-555972181,-72021239,-116133379,72178501,缩量,低,情绪退潮,观望,资金观望型,,D,回避：资金观望,-1.0
600035,楚天高速,3.66,-10.3,1.31,-50.2,3.81,8280968,4103261,-46755357,-1169388,-1989468,882809,缩量,低,情绪退潮,观望,资金观望型,,D,回避：资金观望,1.3
600036,招商银行,40.59,-48.7,1.52,-23.6,-9.25,-1098224112,-1576698637,-857426571,54057186,4679332,-14576168,缩量,低,情绪退潮,观望,资金观望型,,D,回避：资金观望,-3.1
600033,福建高速,3.67,120.8,1.23,13.3,3.97,24297398,37880893,48865471,5259750,-2703725,-11948485,放量,低,游资情绪,进场,主力建仓型,资金+业绩共振(双击候选),B,关注：资金+业绩共振,81.3
600038,中直股份,27.05,-46.7,1.05,-28.2,-5.54,-31554612,-58615725,-105719322,7285637,4256818,-10284867,缩量,低,情绪退潮,观望,资金撤退型,,D,回避：资金撤退,-1.8
600039,四川路桥,8.71,-6.3,0.59,-46.7,0.51,3127143,-44581919,-210560771,-4592479,-15164762,-13148243,缩量,低,情绪退潮,观望,资金观望型,,D,回避：资金观望,0.2
600052,东望时代,3.69,4.7,0.16,36.9,3.31,12256996,-17594959,-30269430,-2636953,-3136584,5383306,缩量,低,情绪退潮,观望,资金观望型,,D,回避：资金观望,1.1
600055,万东医疗,10.21,-29.4,1.17,1.2,0.17,322062,-4843859,-18573157,-946814,-2175972,243787,缩量,低,情绪退潮,观望,资金观望型,,D,回避：资金观望,0.1
600056,中国医药,8.94,-72.4,0.81,-39.5,-4.26,-10961355,-19220196,-88058581,7434,-838688,-5323611,缩量,低,情绪退潮,观望,资金撤退型,,D,回避：资金撤退,-1.4
600050,中国联通,4.22,-18.0,0.92,-0.1,0.03,624706,-23699265,-150727437,71402559,74718265,-40616466,缩量,低,情绪退潮,吸筹,资金观望型,资金+业绩共振(双击候选),B,关注：资金+业绩共振,64.0
600048,保利发展,5.32,114.4,1.65,-42.4,0.45,15586490,-182422785,-283418877,219695336,156169760,-136820996,放量,低,游资情绪,抢筹,资金观望型,资金+业绩共振(双击候选),B,关注：资金+业绩共振,88.2
600061,国投资本,6.23,-38.6,0.98,-14.3,-3.44,-29339984,-17396333,-72301804,5525281,5320954,-5954862,缩量,低,情绪退潮,观望,资金观望型,,D,回避：资金观望,-1.1
600054,黄山旅游,10.79,15.7,0.69,16.6,-5.28,-28598434,-46154381,-27979982,1196772,4997577,-3531078,缩量,低,情绪退潮,吸筹,资金观望型,机构吸筹+盈利(关注),C,谨慎：资金流入未验证业绩,22.2
600051,宁波联合,6.07,-30.8,0.56,-17.2,3.04,3844807,27819,4897889,608863,615000,-1119182,缩量,低,情绪退潮,进场,资金观望型,资金+业绩共振(双击候选),B,关注：资金+业绩共振,73.0
600057,厦门象屿,6.07,8.9,0.44,9.9,-0.74,-4373648,29551191,111788050,3618325,7263186,-4115210,缩量,低,情绪退潮,吸筹,高位分歧型,机构吸筹+盈利(关注),C,谨慎：资金流入未验证业绩,23.8
600063,皖维高新,5.51,-79.5,2.3,-28.7,-5.35,-36953883,-77638731,-225109682,-10849610,-10799619,9575761,缩量,低,情绪退潮,观望,资金撤退型,,D,回避：资金撤退,-1.8
600058,五矿发展,9.01,-74.4,1.28,-31.0,3.11,7836580,12821134,-50030928,873234,76755,-2985352,缩量,低,情绪退潮,进场,趋势转多型,资金+业绩共振(双击候选),B,关注：资金+业绩共振,73.0
600059,古越龙山,10.7,1607.4,0.82,224.1,4.16,131518096,362485415,373481131,43483587,76249765,-52069049,放量,低,游资情绪,抢筹,主力建仓型,资金+业绩共振(双击候选),B,关注：资金+业绩共振,89.4
600066,宇通客车,26.01,-6.2,0.82,2.0,-1.52,-32149346,-248271179,-194779600,-15499485,-43861113,71336127,缩量,低,情绪退潮,观望,资金观望型,,D,回避：资金观望,-0.5
600060,海信视像,27.87,-50.3,1.1,-23.7,-5.84,-59519110,-163430541,-241339579,3797555,2501977,-527499,缩量,低,情绪退潮,吸筹,资金撤退型,机构吸筹+盈利(关注),C,谨慎：资金流入未验证业绩,22.1
600062,华润双鹤,15.87,-60.9,1.44,-29.4,-1.06,-3463899,-20564810,-42744921,2164589,4264168,-1132122,缩量,低,情绪退潮,吸筹,资金撤退型,机构吸筹+盈利(关注),C,谨慎：资金流入未验证业绩,23.6
600067,冠城新材,2.67,26.4,0.7,10.4,-0.48,-1352727,-39707084,-52940513,-16408140,-16720851,11066223,缩量,低,情绪退潮,观望,资金撤退型,,D,回避：资金撤退,-0.2
600071,凤凰光学,16.44,4.3,0.47,-20.1,-3.54,-6509196,-8363204,-10101215,-562048,-2967771,-2155178,缩量,低,情绪退潮,观望,资金撤退型,,D,回避：资金撤退,-1.2
600064,南京高科,7.76,-29.9,0.64,-3.0,2.41,13112840,49957342,27574026,3148087,3525429,-8245577,缩量,低,情绪退潮,进场,趋势转多型,资金+业绩共振(双击候选),B,关注：资金+业绩共振,72.8
600073,光明肉业,5.54,3.5,1.25,-26.6,-0.19,-515691,-15338600,-32721441,-363750,-709606,-187106,缩量,低,情绪退潮,观望,资金撤退型,,D,回避：资金撤退,-0.1
600075,新疆天业,4.55,-39.9,0.61,-4.4,-12.02,-48970017,-32270742,-34367695,2700355,1097297,-2570266,缩量,低,情绪退潮,观望,资金观望型,,D,回避：资金观望,-4.0
600076,康欣新材,2.19,-33.7,1.87,139.8,-14.14,-68248829,-146928077,-157001659,-14137248,-9681153,7890916,缩量,低,情绪退潮,观望,资金撤退型,,D,回避：资金撤退,-4.7
600078,澄星股份,10.26,-74.3,0.84,-37.9,-13.42,-61632442,-119926164,-140271507,-3963609,-516491,2250402,缩量,低,情绪退潮,观望,资金撤退型,,D,回避：资金撤退,-4.5
600089,特变电工,18.13,-67.5,0.66,-19.2,-12.66,-522948787,-444214316,-1498327523,-1805019,-5712008,322250,缩量,低,情绪退潮,观望,资金观望型,,D,回避：资金观望,-4.2
600085,同仁堂,23.22,-80.4,2.57,-26.7,-5.1,-15719362,-36037494,-106276632,-3052669,-2309386,-1134798,缩量,低,情绪退潮,观望,资金撤退型,,D,回避：资金撤退,-1.7
600094,大名城,4.04,18.2,0.83,10.7,0.98,4990382,49475028,77521256,-14409577,-10897618,6071972,缩量,低,情绪退潮,观望,均衡流入型,,D,回避：资金观望,0.3
600088,中视传媒,15.76,1245.4,1.51,432.5,4.92,209125780,214090098,249224669,-34384061,-45339276,21195164,放量,低,游资情绪,观望,均衡流入型,,D,回避：资金观望,9.6
600095,湘财股份,8.67,11.2,1.72,-48.1,-1.4,-27524356,107794732,396216129,-5509252,-8576068,8558987,缩量,低,情绪退潮,观望,高位分歧型,,D,回避：资金观望,-0.5
600097,开创国际,9.21,17.9,0.86,84.9,-4.03,-8195222,-15838330,-22008984,203128,0,-1530558,缩量,低,情绪退潮,观望,资金撤退型,,D,回避：资金撤退,-1.3
600081,东风科技,10.34,-36.1,1.02,-2.7,-2.64,-3706992,-8083090,-15197191,-55127,589272,-29015,缩量,低,情绪退潮,吸筹,资金撤退型,机构吸筹+盈利(关注),C,谨慎：资金流入未验证业绩,23.1
600099,林海股份,9.03,-30.1,0.51,-7.2,0.48,674946,-2252973,-3980406,-12518,0,-3804918,缩量,低,情绪退潮,观望,资金观望型,,D,回避：资金观望,0.2
600098,广州发展,6.28,-43.7,0.74,-15.9,-5.89,-34767189,-66313051,-82533859,11055107,4838967,-10691994,缩量,低,情绪退潮,观望,资金撤退型,,D,回避：资金撤退,-2.0
600101,明星电力,7.94,-23.1,0.57,230.6,-2.0,-16948960,7793914,-26168479,-81535,501306,7601881,缩量,低,情绪退潮,观望,资金观望型,,D,回避：资金观望,-0.7
600096,云天化,28.1,-38.4,0.43,-26.6,-12.79,-396236974,-626160368,-636209254,25751193,45415364,-17600995,缩量,低,情绪退潮,吸筹,资金撤退型,机构吸筹+盈利(关注),C,谨慎：资金流入未验证业绩,19.7
600106,重庆路桥,4.44,-44.0,0.56,-32.4,0.26,545431,-984843,19160029,-90243,-1325612,693000,缩量,低,情绪退潮,观望,长线吸筹型,,D,回避：资金观望,0.1
600108,亚盛集团,4.16,469.1,0.55,134.7,-2.87,-216128368,-717463376,-405971330,-25120736,7492895,38385516,放量,低,游资情绪,观望,资金观望型,,D,回避：资金观望,7.0
600111,北方稀土,36.86,-56.7,0.72,-29.3,-8.09,-465782730,-976370379,-1838562575,-61843958,-24979009,61114549,缩量,低,情绪退潮,观望,资金撤退型,,D,回避：资金撤退,-2.7
600103,青山纸业,3.73,313.3,0.1,-19.3,1.63,76015644,286933430,352776744,7357969,17336257,-13887960,放量,低,游资情绪,吸筹,均衡流入型,资金+业绩共振(双击候选),B,关注：资金+业绩共振,72.5
600113,浙江东日,30.21,-60.7,1.79,84.6,-2.31,-15714967,37119891,-18573765,-9399752,-3034445,2590255,缩量,低,情绪退潮,观望,资金观望型,,D,回避：资金观望,-0.8
600104,上汽集团,11.1,-16.5,1.22,158.7,4.86,206554453,602207688,661292905,10863584,4925481,-6008243,缩量,低,情绪退潮,进场,主力建仓型,资金+业绩共振(双击候选),B,关注：资金+业绩共振,73.6
600105,永鼎股份,46.47,42.2,0.8,49.0,2.29,833666267,1361621495,1102808502,153172626,316932241,14557839,缩量,低,情绪退潮,进场,趋势转多型,资金+业绩共振(双击候选),B,关注：资金+业绩共振,72.8
600114,东睦股份,28.08,-55.1,1.17,-27.5,-7.47,-125251606,-232150303,-146442848,5642137,4963457,-15658492,缩量,低,情绪退潮,观望,资金观望型,,D,回避：资金观望,-2.5
600116,三峡水利,6.18,-63.4,0.99,-0.9,-4.56,-18284243,-6923085,-1292740,-620746,-291663,1812016,缩量,低,情绪退潮,观望,资金观望型,,D,回避：资金观望,-1.5
600120,浙江东方,4.73,-64.7,0.66,-3.6,-0.21,-1222430,8128419,7128328,4753781,-872642,-6885774,缩量,低,情绪退潮,观望,资金观望型,,D,回避：资金观望,-0.1
600110,诺德股份,12.28,15.8,0.84,-27.6,3.37,369027235,91498005,399762973,124138259,120262511,-67196781,缩量,低,情绪退潮,吸筹,资金观望型,纯资金炒作(亏损风险),C,谨慎：纯资金炒作,5.1
600109,国金证券,8.25,-48.0,1.14,-31.7,-11.36,-78275253,-97812394,-78040684,13628327,14652982,-13437241,缩量,低,情绪退潮,吸筹,资金观望型,机构吸筹+盈利(关注),C,谨慎：资金流入未验证业绩,20.2
600115,中国东航,3.41,-0.7,0.97,-1.5,-2.24,-55870535,3038967,39916792,33112969,33026303,-11745825,缩量,低,情绪退潮,吸筹,资金观望型,纯资金炒作(亏损风险),C,谨慎：纯资金炒作,3.3
600117,西宁特钢,2.19,-30.6,0.97,-15.1,9.55,12889247,16798651,24826597,1543668,2486323,-1790094,缩量,中,主力惜售,吸筹,主力建仓型,纯资金炒作(亏损风险),C,谨慎：纯资金炒作,19.2
600118,中国卫星,59.6,-51.9,0.42,-7.4,-5.85,-328388509,-168044807,-1389394038,130137668,103658482,-101421804,缩量,低,情绪退潮,吸筹,资金观望型,机构吸筹+盈利(关注),C,谨慎：资金流入未验证业绩,22.1
600126,杭钢股份,6.18,-68.6,0.2,-36.1,-7.5,-54358879,-76123115,-301210798,-16471440,-11191586,3318815,缩量,低,情绪退潮,观望,资金撤退型,,D,回避：资金撤退,-2.5
600128,苏豪弘业,8.27,-39.8,0.77,-30.5,3.82,4497872,-1686740,4499985,-56515,0,-2425898,缩量,低,情绪退潮,观望,资金观望型,,D,回避：资金观望,1.3
600131,国网信通,14.3,-51.3,0.41,-9.2,-1.08,-4065670,11749697,-13558841,-6422105,-3555011,4721898,缩量,低,情绪退潮,观望,资金观望型,,D,回避：资金观望,-0.4
600123,兰花科创,6.96,-39.9,0.73,-21.0,10.03,58617822,70175610,14672907,10117826,8320178,-12289095,缩量,高,主力控盘,控盘,短线抢筹型,控盘+亏损(警惕),C,谨慎：控盘但亏损,27.3
600132,重庆啤酒,37.77,-45.0,0.93,-32.6,-0.69,-3107883,-19195283,-38457543,-4916943,370954,6675567,缩量,低,情绪退潮,观望,资金撤退型,,D,回避：资金撤退,-0.2
600125,铁龙物流,5.28,-22.9,0.52,-29.0,1.02,2135382,-17061496,-42808176,8421540,5200378,-13179007,缩量,低,情绪退潮,进场,资金观望型,资金+业绩共振(双击候选),B,关注：资金+业绩共振,72.3
600133,东湖高新,8.08,-50.8,0.43,-41.0,-9.05,-32481857,-51715731,-22855951,8882556,4251504,-5542115,缩量,低,情绪退潮,观望,长线吸筹型,,D,回避：资金观望,-3.0
600137,浪莎股份,17.21,-36.8,0.36,16.5,-0.71,-845821,348921,-1937088,155304,0,-182138,缩量,低,情绪退潮,观望,资金观望型,,D,回避：资金观望,-0.2
600138,中青旅,7.05,-0.7,1.03,14.7,-5.37,-17187521,-21123654,-10825918,4759240,1522516,-8460559,缩量,低,情绪退潮,观望,资金观望型,,D,回避：资金观望,-1.8
600143,金发科技,13.17,-64.5,1.02,-17.3,-8.27,-112719997,-246776694,-474186779,-6284418,-477069,1912408,缩量,低,情绪退潮,观望,资金撤退型,,D,回避：资金撤退,-2.8
600135,乐凯胶片,7.91,206.1,0.25,124.6,5.67,35123184,34832104,23881477,7417072,4479013,-20805423,放量,中,主力偏强放量,进场,资金观望型,纯资金炒作(亏损风险),C,谨慎：纯资金炒作,29.9
600149,廊坊发展,4.93,-33.9,0.27,-6.7,-1.89,-3637682,77675,12084695,1151434,748464,-1917420,缩量,低,情绪退潮,观望,高位分歧型,,D,回避：资金观望,-0.6
600153,建发股份,8.37,-18.5,1.52,-52.9,-4.88,-28826035,-25613193,-44727533,16169943,13038600,-14036913,缩量,低,情绪退潮,观望,资金观望型,,D,回避：资金观望,-1.6
600155,华创云信,5.98,-13.1,1.44,-25.7,-1.58,-8719006,12749112,-65129312,24064080,11098190,-11543969,缩量,低,情绪退潮,观望,资金观望型,,D,回避：资金观望,-0.5
600157,永泰能源,1.52,-53.6,0.64,-7.3,-3.46,-84111757,7473469,-131591078,-3527526,-1780806,3614342,缩量,低,情绪退潮,观望,资金观望型,,D,回避：资金观望,-1.2
600158,中体产业,7.06,-62.9,0.55,-28.2,-4.63,-28808957,-74609055,-82975267,-6912649,-11040167,2829047,缩量,低,情绪退潮,观望,资金撤退型,,D,回避：资金撤退,-1.5
600148,长春一东,15.62,48.7,0.5,28.4,0.4,765591,7892956,12389835,80701,4042,-776666,缩量,低,情绪退潮,进场,均衡流入型,资金+业绩共振(双击候选),B,关注：资金+业绩共振,72.1
600160,巨化股份,34.74,-62.8,2.27,-33.8,-9.87,-378051876,-644874549,-1149405089,-257698480,-204702349,181436702,缩量,低,情绪退潮,观望,资金撤退型,,D,回避：资金撤退,-3.3
600150,中国船舶,39.47,15.3,0.69,65.8,-6.17,-1413345862,38148582,500351754,174910468,196514028,-105143823,缩量,低,情绪退潮,吸筹,资金观望型,机构吸筹+盈利(关注),C,谨慎：资金流入未验证业绩,21.9
600161,天坛生物,12.17,-55.2,1.96,4.2,-4.45,-20971556,-32916275,-90238860,-775885,-53512,-4346772,缩量,低,情绪退潮,观望,资金撤退型,,D,回避：资金撤退,-1.5
600159,大龙地产,2.71,6.7,0.48,-49.1,1.56,3517197,-3142542,13430025,3441872,1879998,-3885943,缩量,低,情绪退潮,进场,长线吸筹型,纯资金炒作(亏损风险),C,谨慎：纯资金炒作,12.5
600166,福田汽车,2.78,-47.3,0.33,-21.7,-6.59,-86896429,-62841630,-7762244,-27794741,-27931449,22042685,缩量,低,情绪退潮,观望,高位分歧型,,D,回避：资金观望,-2.2
600165,宁科生物,3.24,329.2,0.81,-17.8,-1.16,-3511779,-4100666,-46859386,-4376546,-2004028,-215394,放量,低,游资情绪,观望,资金撤退型,,D,回避：资金撤退,7.6
600167,联美控股,5.71,-16.4,0.75,-13.6,-2.97,-5613909,1420039,14955328,-2836569,-1760337,-1448260,缩量,低,情绪退潮,观望,高位分歧型,,D,回避：资金观望,-1.0
600172,黄河旋风,16.0,-12.9,2.87,13.9,2.63,487699563,-802236038,287682891,-92191286,-6971590,133656773,缩量,低,情绪退潮,观望,资金观望型,,D,回避：资金观望,0.9
600173,卧龙新能,5.89,-55.6,0.3,-19.0,-2.4,-2571259,-12966933,-13517712,980640,-716489,-82196,缩量,低,情绪退潮,观望,资金撤退型,,D,回避：资金撤退,-0.8
600178,东安动力,9.61,-54.7,2.45,-19.3,-5.44,-11669852,-29050535,-32870488,-3441123,-756918,1586045,缩量,低,情绪退潮,观望,资金撤退型,,D,回避：资金撤退,-1.8
600177,XD雅戈尔,8.14,-19.5,1.49,-7.6,-0.5,-5161494,-28424101,-83382788,5409200,2474324,-8525166,缩量,低,情绪退潮,观望,资金撤退型,,D,回避：资金撤退,-0.2
600179,安通控股,4.55,-37.7,1.15,-32.0,0.2,1277624,-33175423,-108154551,-5575659,-8406827,3942880,缩量,低,情绪退潮,观望,资金观望型,,D,回避：资金观望,0.1
600168,武汉控股,4.33,-35.4,0.7,-17.4,2.6,2377620,-3094493,-12459314,-696468,1174521,-919174,缩量,低,情绪退潮,吸筹,资金观望型,资金+业绩共振(双击候选),B,关注：资金+业绩共振,64.9
600170,上海建工,2.21,14.5,0.94,-6.2,0.18,2044837,4555642,-3056471,40867567,60001956,-7897548,缩量,低,情绪退潮,吸筹,趋势转多型,资金+业绩共振(双击候选),B,关注：资金+业绩共振,64.1
600182,S佳通,12.77,-32.8,0.97,-14.9,-3.15,-3592051,-14828051,-29496684,6920141,1485713,-3284699,缩量,低,情绪退潮,观望,资金撤退型,,D,回避：资金撤退,-1.1
600183,生益科技,143.93,28.8,2.01,-0.7,-0.87,-484818467,320746310,3814521554,-1033010543,-902949885,802378526,缩量,低,情绪退潮,观望,长线吸筹型,,D,回避：资金观望,-0.3
600188,兖矿能源,19.68,-31.3,0.99,-13.4,-4.62,-200024423,-339303803,-226049001,-109386459,-88550713,85063887,缩量,低,情绪退潮,观望,资金观望型,,D,回避：资金观望,-1.5
600185,珠免集团,4.79,35.0,0.69,17.1,-4.0,-32072590,-119931288,21563598,-16904294,-11540768,11665005,缩量,低,情绪退潮,观望,长线吸筹型,,D,回避：资金观望,-1.3
600186,莲花控股,12.61,15.9,0.64,5.6,2.32,355005324,-8740118,320879810,-60651790,-46618964,44709641,缩量,低,情绪退潮,观望,资金观望型,,D,回避：资金观望,0.8
600192,长城电工,7.64,118.1,1.92,242.2,-6.19,-70296137,59436574,60328952,-6605594,-589724,10944672,放量,低,游资情绪,观望,资金观望型,,D,回避：资金观望,5.9
600191,华资实业,9.7,-22.5,0.68,10.8,-4.38,-16206036,-983068,-4086646,-10271600,-5595057,2876102,缩量,低,情绪退潮,观望,资金观望型,,D,回避：资金观望,-1.5
600195,中牧股份,6.62,6.2,0.46,1.3,-3.04,-6001777,-26241197,-38486942,-1611246,-2440299,-2678823,缩量,低,情绪退潮,观望,资金撤退型,,D,回避：资金撤退,-1.0
600189,泉阳泉,7.88,-25.8,0.99,-8.7,-6.66,-24931559,-10851973,-13305018,-666559,943219,-832016,缩量,低,情绪退潮,吸筹,资金观望型,机构吸筹+盈利(关注),C,谨慎：资金流入未验证业绩,21.8
600196,复星医药,22.03,-58.0,2.1,-37.0,-3.62,-41430112,-105429433,-375866074,5793832,824601,-3499747,缩量,低,情绪退潮,观望,资金撤退型,,D,回避：资金撤退,-1.2
600197,伊力特,9.31,-70.6,1.51,-35.7,3.26,3453989,-11947543,-33951319,-612313,-517824,-8763,缩量,低,情绪退潮,观望,资金观望型,,D,回避：资金观望,1.1
600199,金种子酒,7.01,-67.9,2.94,-33.9,-4.25,-15590992,4349411,9631141,255118,2912203,-4532150,缩量,低,情绪退潮,观望,资金观望型,,D,回避：资金观望,-1.4
600198,大唐电信,7.58,-43.5,1.63,-11.3,-3.14,-29513811,2147287,-54079216,-11822652,-8730675,10888736,缩量,低,情绪退潮,观望,资金观望型,,D,回避：资金观望,-1.0
600201,生物股份,11.73,-60.0,0.98,-24.7,-5.08,-25989614,-54137435,-81645345,-12041731,-11242375,-961854,缩量,低,情绪退潮,观望,资金撤退型,,D,回避：资金撤退,-1.7
600202,哈空调,4.97,-34.6,0.57,-1.8,-2.22,-3340974,-4748630,-11556942,806840,-832972,-3036138,缩量,低,情绪退潮,观望,资金撤退型,,D,回避：资金撤退,-0.7
600203,福日电子,10.1,-64.3,1.06,-47.8,-1.82,-15666516,-189888628,-197443944,-1414717,2994500,464113,缩量,低,情绪退潮,观望,资金撤退型,,D,回避：资金撤退,-0.6
600206,有研新材,51.6,-0.4,2.15,4.2,0.79,182072318,166906683,-1083669461,-146844942,-92005242,133853813,缩量,低,情绪退潮,观望,资金观望型,,D,回避：资金观望,0.3
600210,紫江企业,6.23,-47.5,0.92,-5.4,-1.73,-7970507,-15095038,-50787112,-604985,-542167,-6602309,缩量,低,情绪退潮,观望,资金撤退型,,D,回避：资金撤退,-0.6
600212,绿能慧充,5.93,-24.9,0.45,-49.1,-6.29,-14729258,-25496726,20611862,-3870805,-577516,5449090,缩量,低,情绪退潮,观望,长线吸筹型,,D,回避：资金观望,-2.1
600211,西藏药业,36.15,-69.1,2.56,-50.1,-5.51,-20304814,-33855602,-62284937,746989,-1256606,1506290,缩量,低,情绪退潮,观望,资金撤退型,,D,回避：资金撤退,-1.8
600215,派斯林,6.17,-60.1,0.95,-42.2,-6.96,-10152263,-8122505,-30479216,-549290,178930,-250884,缩量,低,情绪退潮,观望,资金观望型,,D,回避：资金观望,-2.3
600208,衢州发展,2.86,-39.3,0.21,-32.2,0.22,1322373,-24517456,-7021401,7201439,13418740,-6939193,缩量,低,情绪退潮,吸筹,资金观望型,资金+业绩共振(双击候选),B,关注：资金+业绩共振,64.1
600217,中再资环,3.23,-33.7,1.11,-2.3,-1.64,-2924451,22226169,35211363,-3282865,-209587,2672247,缩量,低,情绪退潮,观望,高位分歧型,,D,回避：资金观望,-0.5
600216,浙江医药,12.55,-38.9,0.79,-43.9,-11.63,-82009249,-122020709,-255205808,-13930010,-14215978,15122251,缩量,低,情绪退潮,观望,资金撤退型,,D,回避：资金撤退,-3.9
600218,全柴动力,7.52,-34.3,0.7,-28.8,-3.22,-4259691,-1757788,-3111912,-106725,93817,-4676597,缩量,低,情绪退潮,观望,资金观望型,,D,回避：资金观望,-1.1
600221,海航控股,1.24,-32.8,1.05,-11.5,-11.57,-145064499,-169290119,-314759050,-17292630,13379297,4980724,缩量,低,情绪退潮,观望,资金撤退型,,D,回避：资金撤退,-3.9
600227,赤天化,3.9,11.4,0.49,-30.6,-5.52,-162319777,57562747,133605653,-25786444,-16920684,54546549,缩量,低,情绪退潮,观望,资金观望型,,D,回避：资金观望,-1.8
600219,南山铝业,4.78,-29.9,0.85,-7.0,-11.86,-334228265,-422202584,-750050622,52986607,33644337,-4527469,缩量,低,情绪退潮,吸筹,资金撤退型,机构吸筹+盈利(关注),C,谨慎：资金流入未验证业绩,20.0
600230,沧州大化,13.62,-57.9,0.93,-27.0,-9.28,-46124574,-64813035,-75862608,5487006,5310288,-5759600,缩量,低,情绪退潮,观望,资金撤退型,,D,回避：资金撤退,-3.1
600222,太龙药业,7.81,-20.9,1.77,-28.5,0.39,2598668,-47790592,-109393492,6902115,-3439750,-15466082,缩量,低,情绪退潮,进场,资金观望型,资金+业绩共振(双击候选),B,关注：资金+业绩共振,72.1
600226,亨通股份,6.06,-55.2,4.03,-16.9,1.27,33276922,-114381044,-221101698,31494434,41662593,-31043325,缩量,低,情绪退潮,吸筹,资金观望型,资金+业绩共振(双击候选),B,关注：资金+业绩共振,64.4
600232,金鹰股份,6.47,-46.4,0.34,-24.3,0.64,871217,3860010,-2071893,-246750,0,-210595,缩量,低,情绪退潮,观望,趋势转多型,,D,回避：资金观望,0.2
600223,福瑞达,5.51,-21.4,1.21,-52.0,1.76,2826447,1921740,3130702,4010890,4514762,-2250504,缩量,低,情绪退潮,吸筹,资金观望型,资金+业绩共振(双击候选),B,关注：资金+业绩共振,64.6
600235,民丰特纸,5.73,-9.8,0.55,-3.8,-6.5,-10193812,-14674545,-21345694,1306568,2302000,-5278636,缩量,低,情绪退潮,观望,资金撤退型,,D,回避：资金撤退,-2.2
600234,科新发展,21.6,-35.0,0.23,72.2,-4.11,-9819088,42096907,37816203,243222,-1072046,1267760,缩量,低,情绪退潮,观望,资金观望型,,D,回避：资金观望,-1.4
600233,圆通速递,18.33,76.6,0.69,25.3,2.86,66347003,162178242,244939551,-22218061,-11287926,-2646774,放量,低,游资情绪,观望,主力建仓型,,D,回避：资金观望,9.0
600236,桂冠电力,9.74,-73.7,1.33,7.5,-5.05,-29674639,-60640533,-32080477,165317,3653608,5278743,缩量,低,情绪退潮,观望,资金观望型,,D,回避：资金观望,-1.7
600237,铜峰电子,9.45,-32.0,2.53,194.2,3.84,132581638,49688811,-30704436,-34494924,-31499909,22554468,缩量,低,情绪退潮,观望,资金观望型,,D,回避：资金观望,1.3
600241,时代万恒,7.15,-61.1,0.51,-18.8,-1.05,-1152464,-4566089,-7817517,-340739,0,-902479,缩量,低,情绪退潮,观望,资金撤退型,,D,回避：资金撤退,-0.4
600231,凌钢股份,1.69,10.1,0.53,7.6,3.03,4000730,1282739,-11386157,3831289,1213528,-4518658,缩量,低,情绪退潮,进场,资金观望型,纯资金炒作(亏损风险),C,谨慎：纯资金炒作,13.0
600249,两面针,5.4,48.1,0.45,101.0,-3.55,-12473126,10353043,16085340,-3869581,1160245,1585518,缩量,低,情绪退潮,观望,资金观望型,,D,回避：资金观望,-1.2
600251,冠农股份,10.22,78.0,0.36,-8.5,-5.02,-53050985,-212867322,-191717226,-8853812,-8255960,12538782,放量,低,游资情绪,观望,资金观望型,,D,回避：资金观望,6.3
600250,南京商旅,9.0,55.8,0.31,-56.4,-6.76,-39345030,-47404755,-7005288,-8258345,-2645228,13458990,放量,低,游资情绪,观望,资金观望型,,D,回避：资金观望,5.7
600246,万通发展,13.7,-42.7,3.41,-16.4,-0.02,-1441486,-86574105,63378210,108292671,78854148,-38688988,缩量,低,情绪退潮,吸筹,资金观望型,纯资金炒作(亏损风险),C,谨慎：纯资金炒作,4.0
600255,鑫科材料,3.63,2.3,1.92,117.1,0.74,17666757,170293597,250703126,-27095494,-18171695,45179857,缩量,低,情绪退潮,观望,均衡流入型,,D,回避：资金观望,0.2
600257,大湖股份,5.56,-29.0,1.23,25.6,-5.57,-23458954,-112099532,-127633803,-9771160,-6049068,5723846,缩量,低,情绪退潮,观望,资金撤退型,,D,回避：资金撤退,-1.9
600256,广汇能源,6.72,27.6,0.4,8.3,2.86,112003517,-52168916,-343305119,-55918224,-20977199,43529621,缩量,低,情绪退潮,观望,资金观望型,,D,回避：资金观望,1.0
600248,陕建股份,2.85,-19.7,1.46,-12.3,4.69,8938629,-17019213,-18227569,3645257,4216180,-2583050,缩量,低,情绪退潮,吸筹,资金观望型,资金+业绩共振(双击候选),B,关注：资金+业绩共振,65.6
600258,首旅酒店,11.35,-16.4,0.98,-14.4,-6.22,-46864171,-80244262,-73151584,8659204,-388438,-15405171,缩量,低,情绪退潮,观望,资金观望型,,D,回避：资金观望,-2.1
600262,北方股份,15.09,-24.5,0.38,-53.6,-5.61,-16459482,-15820144,-7454949,1311377,3953627,-5562138,缩量,低,情绪退潮,观望,资金观望型,,D,回避：资金观望,-1.9
600252,中恒集团,2.18,-25.7,1.92,-30.8,8.73,40633266,51626135,-3805865,-2400733,-5302467,-4825078,缩量,中,主力惜售,进场,短线抢筹型,纯资金炒作(亏损风险),C,谨慎：纯资金炒作,26.9
600266,城建发展,4.18,13.6,0.81,-26.4,-3.28,-14721143,-22857561,-19546428,-6339358,-250431,4376933,缩量,低,情绪退潮,观望,资金观望型,,D,回避：资金观望,-1.1
600259,中稀有色,81.37,-51.3,0.72,-16.7,1.26,42749110,25406146,-299335710,26586284,5520208,-41299517,缩量,低,情绪退潮,进场,资金观望型,资金+业绩共振(双击候选),B,关注：资金+业绩共振,72.4
600261,阳光照明,3.51,1000.6,0.1,17.6,0.12,487351,5164765,-7289720,83831530,87156910,-44534580,放量,低,游资情绪,抢筹,趋势转多型,资金+业绩共振(双击候选),B,关注：资金+业绩共振,88.0
600269,赣粤高速,3.81,-33.8,1.53,6.2,1.74,5831603,11861857,53197629,-1757677,-6017889,-3947962,缩量,低,情绪退潮,观望,长线吸筹型,,D,回避：资金观望,0.6
600268,国电南自,10.38,-54.5,0.43,9.6,-4.9,-27003932,-47065310,-86535241,-3570957,-189564,8971651,缩量,低,情绪退潮,观望,资金撤退型,,D,回避：资金撤退,-1.6
600271,航天信息,6.69,-52.9,0.79,-10.9,-3.3,-9638438,-6798789,-27629862,-3762752,-1524648,1399521,缩量,低,情绪退潮,观望,资金观望型,,D,回避：资金观望,-1.1
600273,嘉化能源,6.34,-45.1,0.76,-20.7,-6.15,-28788706,-19758233,-29586149,8260542,2893002,-11287467,缩量,低,情绪退潮,观望,资金观望型,,D,回避：资金观望,-2.1
600278,东方创业,6.54,16.1,0.76,-32.1,-8.73,-13595978,-13232416,-17419687,-362847,-126558,66224,缩量,低,情绪退潮,观望,资金观望型,,D,回避：资金观望,-2.9
600279,重庆港,4.33,-37.8,1.6,35.9,1.01,2015566,-7903581,-10431370,-337054,-2112767,-3033583,缩量,低,情绪退潮,观望,资金观望型,,D,回避：资金观望,0.3
600267,海正药业,11.38,-56.6,1.37,-48.5,1.25,10974971,-40646554,-178570116,11973494,-5042049,-7361039,缩量,低,情绪退潮,进场,资金观望型,资金+业绩共振(双击候选),B,关注：资金+业绩共振,72.4
600282,南钢股份,4.5,-12.6,0.8,-6.8,-1.75,-13685786,59704852,53764832,-20120839,-21380699,6549712,缩量,低,情绪退潮,观望,资金观望型,,D,回避：资金观望,-0.6
600276,恒瑞医药,43.91,-55.8,1.72,-17.9,-5.28,-512554581,-2411423006,-4703605321,130358065,126820358,-66194744,缩量,低,情绪退潮,吸筹,资金撤退型,机构吸筹+盈利(关注),C,谨慎：资金流入未验证业绩,22.2
600272,开开实业,15.29,795.1,1.75,-60.0,-0.37,-5059301,133194595,238268338,20285225,9844599,-24827697,放量,低,游资情绪,抢筹,高位分歧型,机构吸筹+盈利(关注),C,谨慎：资金流入未验证业绩,47.9
600280,中央商场,3.06,40.9,1.85,189.5,2.36,32829431,40488051,29661679,1497536,2533595,12263104,缩量,低,情绪退潮,进场,趋势转多型,纯资金炒作(亏损风险),C,谨慎：纯资金炒作,12.8
600283,钱江水利,8.02,-41.2,0.9,12.2,-9.44,-11989071,-12645200,-10825508,-244854,-732066,-427678,缩量,低,情绪退潮,观望,资金观望型,,D,回避：资金观望,-3.1
600287,苏豪时尚,4.86,-17.1,0.46,-12.8,1.98,1595602,-1726975,-7287603,-330187,152775,-1115480,缩量,低,情绪退潮,观望,资金观望型,,D,回避：资金观望,0.7
600295,鄂尔多斯,13.21,-16.4,1.07,-2.0,-7.71,-48492536,-15348963,18563355,4049250,5302238,-17620914,缩量,低,情绪退潮,观望,高位分歧型,,D,回避：资金观望,-2.6
600284,浦东建设,5.07,-43.0,0.6,-42.7,-4.45,-7518323,-22739225,-47836735,1446330,1449271,-835568,缩量,低,情绪退潮,吸筹,资金撤退型,机构吸筹+盈利(关注),C,谨慎：资金流入未验证业绩,22.5
600298,安琪酵母,39.8,-57.4,2.33,-23.4,1.8,20744594,-11110927,-89668423,-27839938,-8213378,49914162,缩量,低,情绪退潮,观望,资金观望型,,D,回避：资金观望,0.6
600288,大恒科技,10.97,-77.7,5.49,-43.8,-5.11,-30071365,-100226633,-73617791,14601034,20560773,-10863414,缩量,低,情绪退潮,吸筹,资金观望型,机构吸筹+盈利(关注),C,谨慎：资金流入未验证业绩,22.3
600299,安迪苏,8.29,-48.8,1.43,-15.6,-7.78,-83551733,-129922062,-238431344,8953517,12209084,-16491718,缩量,低,情绪退潮,观望,资金撤退型,,D,回避：资金撤退,-2.6
600305,恒顺醋业,6.64,-27.3,1.39,-11.6,-5.28,-9705689,-13556772,-16469676,1843564,2023482,-4961080,缩量,低,情绪退潮,观望,资金撤退型,,D,回避：资金撤退,-1.8
600308,华泰股份,3.22,-35.3,0.18,1.3,-3.37,-3263240,1915650,7359163,-281424,16094,-2246953,缩量,低,情绪退潮,观望,资金观望型,,D,回避：资金观望,-1.1
600307,酒钢宏兴,1.48,-36.1,0.6,12.8,1.13,2930078,-11730774,-47115807,-385417,-1342440,-3703147,缩量,低,情绪退潮,观望,资金观望型,,D,回避：资金观望,0.4
600309,万华化学,71.15,-33.7,0.98,-27.2,-7.89,-799052657,-628979844,202145422,55283039,80597720,-134314680,缩量,低,情绪退潮,观望,长线吸筹型,,D,回避：资金观望,-2.6
600301,华锡有色,45.43,-100.0,1.04,-24.1,5.39,106507331,70622101,-23279864,0,0,0,缩量,中,主力惜售,进场,资金观望型,资金+业绩共振(双击候选),B,关注：资金+业绩共振,85.8
600310,广西能源,4.72,-26.7,0.32,143.9,-7.8,-166881176,-134279210,-170458576,-16085413,-7208031,32326145,缩量,低,情绪退潮,观望,资金观望型,,D,回避：资金观望,-2.6
600300,维维股份,3.14,-9.1,0.7,-11.0,5.73,22719767,-318275,36170360,86622,-1004523,-482634,缩量,中,主力惜售,进场,资金观望型,资金+业绩共振(双击候选),B,关注：资金+业绩共振,85.9
600313,农发种业,7.06,347.3,0.42,-10.2,-4.72,-145208420,-148460123,45635404,-9403749,4390435,39989571,放量,低,游资情绪,观望,资金观望型,,D,回避：资金观望,6.4
600303,曙光股份,2.98,-3.3,1.01,26.8,0.51,2073301,16256957,26141271,5402476,-580669,370152,缩量,低,情绪退潮,进场,均衡流入型,纯资金炒作(亏损风险),C,谨慎：纯资金炒作,12.2
600315,上海家化,17.89,-21.3,1.14,-19.8,0.86,4111623,37420664,4844640,-894228,-1618165,-6031728,缩量,低,情绪退潮,观望,趋势转多型,,D,回避：资金观望,0.3
600316,洪都航空,32.26,-3.8,0.55,-18.3,-6.42,-111836381,-181064269,65181090,-29814246,-27070960,22319620,缩量,低,情绪退潮,观望,长线吸筹型,,D,回避：资金观望,-2.1
600318,新力金融,6.88,234.8,1.09,143.8,-13.35,-210574619,113314764,149448362,12232135,15527544,8776122,放量,低,游资情绪,观望,资金观望型,,D,回避：资金观望,3.5
600319,亚星化学,6.13,-18.4,0.69,-28.1,-7.18,-9816171,-16237538,-12580805,702123,0,9532,缩量,低,情绪退潮,观望,资金观望型,,D,回避：资金观望,-2.4
600312,平高电气,19.49,-58.3,0.8,-23.4,3.3,34903463,25524759,-16635162,21323365,13964399,-16672700,缩量,低,情绪退潮,进场,资金观望型,资金+业绩共振(双击候选),B,关注：资金+业绩共振,73.1
600325,华发股份,2.48,61.7,1.26,-34.3,2.75,18604725,7497454,-43116333,-7388324,-3099667,-11975772,放量,低,游资情绪,观望,资金观望型,,D,回避：资金观望,8.9
600323,瀚蓝环境,28.93,-37.2,0.82,-6.8,-5.86,-40949328,-67667069,-70433167,-7806304,-7610338,-7642789,缩量,低,情绪退潮,观望,资金撤退型,,D,回避：资金撤退,-2.0
600320,振华重工,4.17,-31.2,0.88,11.4,-6.84,-45560492,-16762487,-52055430,4386241,9962833,-4506154,缩量,低,情绪退潮,吸筹,资金观望型,机构吸筹+盈利(关注),C,谨慎：资金流入未验证业绩,21.7
600328,中盐化工,5.64,0.9,0.3,3.1,0.15,841384,-12580965,-36731136,-11824362,-16308181,-751013,缩量,低,情绪退潮,观望,资金观望型,,D,回避：资金观望,0.0
600326,西藏天路,6.83,-65.5,1.2,-59.6,-12.52,-62655233,-114304860,-143537244,-4180180,-5187111,-1749650,缩量,低,情绪退潮,观望,资金撤退型,,D,回避：资金撤退,-4.2
600327,大东方,3.85,33.0,0.86,-13.8,-2.91,-8425016,-12145105,-61668633,-4488072,-8143593,2296989,缩量,低,情绪退潮,观望,资金撤退型,,D,回避：资金撤退,-1.0
600329,达仁堂,34.51,-73.1,1.87,-20.3,-5.96,-15269428,-38537201,-75899525,1215651,-1181635,-706604,缩量,低,情绪退潮,观望,资金撤退型,,D,回避：资金撤退,-2.0
600333,长春燃气,6.69,13.5,0.75,32.9,-10.07,-46725487,-27063628,-38352818,5546540,5213831,-13841663,缩量,低,情绪退潮,观望,资金观望型,,D,回避：资金观望,-3.4
600331,宏达股份,11.38,-37.8,0.62,-2.7,-15.01,-348450718,-272086288,-319217431,-55678687,-70604743,16425438,缩量,低,情绪退潮,观望,资金观望型,,D,回避：资金观望,-5.0
600322,津投城开,2.67,-50.2,3.14,-10.5,-1.26,-3333850,-11573220,-19831484,1078191,2306757,-865003,缩量,低,情绪退潮,吸筹,资金撤退型,纯资金炒作(亏损风险),C,谨慎：纯资金炒作,3.6
600336,澳柯玛,6.42,-42.5,0.78,-7.0,-11.31,-26091889,-2325696,22200489,697210,75622,-1324190,缩量,低,情绪退潮,观望,高位分歧型,,D,回避：资金观望,-3.8
600338,西藏珠峰,12.63,-60.5,0.27,-47.1,-8.47,-106666904,-244355682,-200038577,-1352502,-5221595,-11350741,缩量,低,情绪退潮,观望,资金观望型,,D,回避：资金观望,-2.8
600330,天通股份,29.37,21.0,0.32,-0.5,1.43,227992640,578110299,843581880,18301919,5770147,-46583137,缩量,低,情绪退潮,进场,均衡流入型,纯资金炒作(亏损风险),C,谨慎：纯资金炒作,12.5
600332,白云山,19.52,-65.0,1.56,-28.2,-3.03,-15472690,-16083302,-63844735,19309827,18127542,-10516060,缩量,低,情绪退潮,吸筹,资金撤退型,机构吸筹+盈利(关注),C,谨慎：资金流入未验证业绩,23.0
600345,长江通信,54.49,14.9,0.63,30.2,4.73,157420196,188138049,295301241,-2326430,5891375,-16769026,缩量,低,情绪退潮,观望,均衡流入型,,D,回避：资金观望,1.6
600335,国机汽车,5.16,-17.5,0.95,-47.2,3.12,8543857,-3053973,8910784,5039155,2157913,-4553889,缩量,低,情绪退潮,进场,资金观望型,资金+业绩共振(双击候选),B,关注：资金+业绩共振,73.0
600339,中油工程,3.3,-41.5,0.45,-10.6,3.84,27605811,7169181,-74916809,6464105,4827470,-6663656,缩量,低,情绪退潮,进场,资金观望型,资金+业绩共振(双击候选),B,关注：资金+业绩共振,73.3
600351,亚宝药业,6.61,-22.6,1.16,-30.4,-6.35,-32686954,-29758369,-96721830,-8679085,-5294447,921319,缩量,低,情绪退潮,观望,资金观望型,,D,回避：资金观望,-2.1
600354,敦煌种业,10.23,799.4,1.67,45.0,-0.97,-57962532,25060162,167852931,-16752146,-25796269,24497185,放量,低,游资情绪,观望,资金观望型,,D,回避：资金观望,7.7
600343,航天动力,21.67,-20.1,0.49,209.5,0.87,29139456,287610439,166911248,250993876,276497912,-134977345,缩量,低,情绪退潮,吸筹,趋势转多型,纯资金炒作(亏损风险),C,谨慎：纯资金炒作,4.3
600346,恒力石化,16.42,-47.8,0.99,-30.9,-5.79,-131606986,-136466142,65695496,3769039,20190561,-15465410,缩量,低,情绪退潮,吸筹,长线吸筹型,机构吸筹+盈利(关注),C,谨慎：资金流入未验证业绩,22.1
600358,国旅联合,5.01,-40.6,0.42,-13.9,3.42,3275847,-3935240,-2706618,-2862182,-3018838,855617,缩量,低,情绪退潮,观望,资金观望型,,D,回避：资金观望,1.1
600348,华阳股份,8.94,-9.5,0.36,-13.0,8.21,101161737,11423672,-84153219,13377224,14889966,-20446477,缩量,中,主力惜售,进场,资金观望型,资金+业绩共振(双击候选),B,关注：资金+业绩共振,86.7
600350,山东高速,10.0,-30.2,2.35,-7.9,1.69,10884204,36964897,3594489,9142681,3632307,-7060906,缩量,低,情绪退潮,进场,趋势转多型,资金+业绩共振(双击候选),B,关注：资金+业绩共振,72.6
600359,新农开发,7.89,1430.5,0.62,103.6,-5.86,-151028085,29956896,33149896,-46286819,-22097311,71138895,放量,低,游资情绪,观望,资金观望型,,D,回避：资金观望,6.0
600352,浙江龙盛,11.78,-57.2,1.57,-34.9,0.08,1729025,53326201,118905006,33938551,43185013,-6531364,缩量,低,情绪退潮,吸筹,均衡流入型,资金+业绩共振(双击候选),B,关注：资金+业绩共振,64.0
600353,旭光电子,34.53,28.7,2.5,-29.8,2.62,270131616,11303304,177302530,69624814,74816589,-72877888,缩量,低,情绪退潮,吸筹,资金观望型,资金+业绩共振(双击候选),B,关注：资金+业绩共振,64.9
600361,创新新材,3.5,-36.7,0.54,-30.8,-1.75,-8514026,-17055132,-49789927,-3670758,-7693200,-4695481,缩量,低,情绪退潮,观望,资金撤退型,,D,回避：资金撤退,-0.6
600356,恒丰纸业,10.31,565.5,0.55,154.5,6.48,48921201,47788864,38227044,12789269,-2858910,-33560264,放量,中,主力偏强放量,进场,资金观望型,资金+业绩共振(双击候选),B,关注：资金+业绩共振,90.2
600366,宁波韵升,11.23,-76.5,3.15,-41.0,-4.14,-38376653,-97437065,-126895754,4817,4838915,8547502,缩量,低,情绪退潮,观望,资金撤退型,,D,回避：资金撤退,-1.4
600368,五洲交通,4.1,27.2,1.5,-21.1,-12.4,-70725565,-102676132,-24625164,172362,-3306696,-1119669,缩量,低,情绪退潮,观望,长线吸筹型,,D,回避：资金观望,-4.1
600360,华微电子,10.95,-45.1,5.48,57.4,2.45,108986239,105995970,-44459607,74930273,67572625,-38180148,缩量,低,情绪退潮,吸筹,资金观望型,资金+业绩共振(双击候选),B,关注：资金+业绩共振,64.8
600373,中文传媒,7.38,-4.0,1.32,2.8,-2.94,-10526500,-10917885,-24090986,-1377241,-2461584,-4009279,缩量,低,情绪退潮,观望,资金撤退型,,D,回避：资金撤退,-1.0
600372,中航机载,11.41,-41.5,0.92,42.1,-8.82,-124830749,-207960916,-202952758,23467720,9200861,-18188732,缩量,低,情绪退潮,观望,资金观望型,,D,回避：资金观望,-2.9
600362,江西铜业,44.03,-27.9,1.76,-2.3,-7.45,-770312872,-447996549,-55209836,222047738,204476242,-164421519,缩量,低,情绪退潮,吸筹,资金观望型,机构吸筹+盈利(关注),C,谨慎：资金流入未验证业绩,21.5
600363,联创光电,16.06,-23.6,2.09,-50.0,-0.97,-15788262,-136116028,-447221105,47884049,42313853,-37378592,缩量,低,情绪退潮,吸筹,资金撤退型,机构吸筹+盈利(关注),C,谨慎：资金流入未验证业绩,23.7
600375,汉马科技,3.68,-30.0,1.11,20.3,-2.48,-12857953,-17783015,-49443944,6183234,4181521,-6930189,缩量,低,情绪退潮,观望,资金撤退型,,D,回避：资金撤退,-0.8
600376,首开股份,3.17,-69.4,2.66,-47.4,-7.84,-43856633,-91185066,-136458888,11816615,4479623,-11397355,缩量,低,情绪退潮,观望,资金撤退型,,D,回避：资金撤退,-2.6
600378,昊华科技,48.0,-32.9,7.11,-25.2,-2.08,-256198780,-317688818,-160100095,-66848385,-75624287,48801387,缩量,低,情绪退潮,观望,资金观望型,,D,回避：资金观望,-0.7
600377,宁沪高速,12.66,-6.1,1.4,1.0,-4.39,-31024492,-32617445,-25987990,-4542252,-1064930,-5584785,缩量,低,情绪退潮,观望,资金观望型,,D,回避：资金观望,-1.5
600367,红星发展,38.0,19.5,1.66,-52.8,-0.09,-5267915,-329192920,-38556107,101125666,100821622,-61636162,缩量,低,情绪退潮,吸筹,资金观望型,机构吸筹+盈利(关注),C,谨慎：资金流入未验证业绩,24.0
600369,西南证券,3.96,-48.8,1.85,-16.5,-5.95,-28425630,-47757935,-30402986,5670630,7249202,-4984666,缩量,低,情绪退潮,吸筹,资金观望型,机构吸筹+盈利(关注),C,谨慎：资金流入未验证业绩,22.0
600379,宝光股份,14.43,-50.7,1.75,-51.6,-7.34,-51701681,-72366901,-168780481,113089,59468,1646070,缩量,低,情绪退潮,观望,资金撤退型,,D,回避：资金撤退,-2.4
600371,万向德农,15.4,4009.6,0.92,96.7,8.04,406931999,344857361,455088715,-48597092,-44198159,13950859,放量,中,主力偏强放量,进场,资金观望型,资金+业绩共振(双击候选),B,关注：资金+业绩共振,90.7
600382,广东明珠,6.21,-50.3,0.49,-33.2,-7.1,-17662076,-23344944,-3420433,-2655401,-256872,56925,缩量,低,情绪退潮,观望,长线吸筹型,,D,回避：资金观望,-2.4
600380,健康元,9.19,-44.1,1.64,-15.5,3.95,18607132,38601700,28617974,2247253,-2393558,-3493950,缩量,低,情绪退潮,进场,趋势转多型,资金+业绩共振(双击候选),B,关注：资金+业绩共振,73.3
600388,紫金龙净,17.45,-51.5,0.63,-35.8,-4.13,-24096098,33974406,35657722,4475275,-185854,-14239824,缩量,低,情绪退潮,观望,资金观望型,,D,回避：资金观望,-1.4
600391,航发科技,41.02,10.9,0.52,116.8,-7.33,-266146951,-195469599,-54327107,-42506761,-24134238,41499897,缩量,低,情绪退潮,观望,资金观望型,,D,回避：资金观望,-2.4
600392,盛和资源,21.54,-72.1,1.09,-34.9,-6.03,-202839661,-342972254,-449069383,-33779733,-36025493,28084359,缩量,低,情绪退潮,观望,资金撤退型,,D,回避：资金撤退,-2.0
600383,金地集团,2.25,95.7,1.42,-27.4,-2.75,-21460064,-115895537,-25609509,50774028,54711927,-46850295,放量,低,游资情绪,抢筹,长线吸筹型,纯资金炒作(亏损风险),C,谨慎：纯资金炒作,27.1
600399,抚顺特钢,4.43,-30.1,0.76,27.5,-8.66,-56350513,-65601144,-10038208,-4665069,-2163864,5719251,缩量,低,情绪退潮,观望,长线吸筹型,,D,回避：资金观望,-2.9
600386,北巴传媒,3.48,-1.1,0.76,7.5,1.59,2506843,4901781,14263191,428087,-90507,-2830818,缩量,低,情绪退潮,进场,长线吸筹型,纯资金炒作(亏损风险),C,谨慎：纯资金炒作,12.5
600403,大有能源,6.74,41.7,3.95,-15.6,-0.71,-26928467,151417569,226924011,-34897896,-29835743,41645024,缩量,低,情绪退潮,观望,资金观望型,,D,回避：资金观望,-0.2
600390,五矿资本,4.88,-47.8,1.65,-25.7,0.94,5553452,35680064,31316047,2823630,3939553,-389346,缩量,低,情绪退潮,吸筹,趋势转多型,资金+业绩共振(双击候选),B,关注：资金+业绩共振,64.3
600389,江山股份,18.9,8.6,0.93,30.7,1.57,17973559,13081775,28431929,23935719,31815308,-10001676,缩量,低,情绪退潮,吸筹,资金观望型,资金+业绩共振(双击候选),B,关注：资金+业绩共振,64.5
600405,动力源,4.99,-59.8,1.46,-42.9,2.38,4557544,-18618308,-28051672,-1015665,731035,-1478794,缩量,低,情绪退潮,观望,资金观望型,,D,回避：资金观望,0.8
600395,盘江股份,5.03,11.6,0.79,-40.7,4.52,31242611,20940129,-164510849,18402819,22104214,-26527109,缩量,低,情绪退潮,进场,资金观望型,资金+业绩共振(双击候选),B,关注：资金+业绩共振,73.5
600396,华电辽能,13.65,-43.1,1.1,28.4,-4.94,-502614333,-354171638,-789247922,171632653,177236731,-76983229,缩量,低,情绪退潮,吸筹,资金观望型,机构吸筹+盈利(关注),C,谨慎：资金流入未验证业绩,22.4
600397,江钨装备,17.18,-42.0,2.14,-34.3,-0.98,-48614225,-99114511,539567052,79798820,56174791,-50116711,缩量,低,情绪退潮,吸筹,长线吸筹型,纯资金炒作(亏损风险),C,谨慎：纯资金炒作,3.7
600398,海澜之家,5.79,7.2,0.87,42.6,2.6,29033246,-51621141,-62197095,30246800,22565247,-39011436,缩量,低,情绪退潮,进场,资金观望型,资金+业绩共振(双击候选),B,关注：资金+业绩共振,72.9
600400,红豆股份,3.46,179.6,1.14,118.0,5.0,66601848,117687538,57914476,-83158769,-61484177,52030282,放量,中,主力偏强放量,进场,短线抢筹型,纯资金炒作(亏损风险),C,谨慎：纯资金炒作,29.7
600409,三友化工,6.31,-66.7,0.62,-32.5,-8.95,-63456952,-98256530,-79401595,505485,3916414,36707,缩量,低,情绪退潮,观望,资金观望型,,D,回避：资金观望,-3.0
600406,国电南瑞,22.05,-70.1,0.8,-24.3,-9.47,-247390311,-446723676,-860318658,2165029,-9669181,11431895,缩量,低,情绪退潮,观望,资金撤退型,,D,回避：资金撤退,-3.2
600408,安泰集团,3.03,-23.9,0.82,-27.6,-4.55,-25793506,-22173386,-58392330,1012857,758828,77837,缩量,低,情绪退潮,观望,资金观望型,,D,回避：资金观望,-1.5
600410,华胜天成,16.52,185.9,0.26,110.8,4.42,630119479,465463102,791119417,-99926383,-91401590,142622042,放量,低,游资情绪,观望,资金观望型,,D,回避：资金观望,9.5
600415,小商品城,11.82,-57.7,0.48,-36.3,-14.13,-307418240,-360426488,-241597825,-13162181,-8107312,-738673,缩量,低,情绪退潮,观望,资金观望型,,D,回避：资金观望,-4.7
600416,湘电股份,8.52,-53.2,0.62,12.1,-7.56,-36291422,-17379224,-58980886,-1306977,-1431149,3774869,缩量,低,情绪退潮,观望,资金观望型,,D,回避：资金观望,-2.5
600418,江淮汽车,19.25,-25.5,1.05,6.6,0.35,23010631,30793522,-261954076,-10006713,-54383945,29027495,缩量,低,情绪退潮,观望,趋势转多型,,D,回避：资金观望,0.1
600419,天润乳业,8.56,-54.4,0.97,-29.0,-1.47,-2742985,-18572412,-24250188,-394321,626906,-3224251,缩量,低,情绪退潮,观望,资金撤退型,,D,回避：资金撤退,-0.5
600422,昆药集团,8.14,-78.8,1.45,-33.3,-3.58,-4785713,-15825433,-28694409,-1415330,-1214971,727197,缩量,低,情绪退潮,观望,资金撤退型,,D,回避：资金撤退,-1.2
600425,青松建化,3.57,-21.3,0.56,-24.3,0.43,876255,-1817032,-16595253,-203965,-717817,-5409748,缩量,低,情绪退潮,观望,资金观望型,,D,回避：资金观望,0.1
600426,华鲁恒升,19.47,-58.5,1.03,-31.8,-6.13,-154716818,-228940667,-320838632,-38699235,-36675490,39984163,缩量,低,情绪退潮,观望,资金撤退型,,D,回避：资金撤退,-2.0
600428,中远海特,11.17,-59.0,3.17,-26.2,-5.91,-115222178,-223814186,-527972930,14929055,6716023,28444869,缩量,低,情绪退潮,观望,资金撤退型,,D,回避：资金撤退,-2.0
600433,冠豪高新,3.31,-44.9,0.25,-29.8,0.8,2450520,-12444966,-26358231,-3865226,-10095772,1457570,缩量,低,情绪退潮,观望,资金观望型,,D,回避：资金观望,0.3
600438,通威股份,11.35,-57.3,0.64,-19.6,-5.96,-79436577,-26898723,-210179967,3934607,-6257493,-11062146,缩量,低,情绪退潮,观望,资金观望型,,D,回避：资金观望,-2.0
600444,国机通用,13.88,-8.9,0.73,-30.1,-0.15,-193803,-4741549,-13023333,1792838,0,-3127857,缩量,低,情绪退潮,观望,资金撤退型,,D,回避：资金撤退,-0.0
600420,XD国药现,8.13,-41.9,1.54,-22.0,0.23,402821,-10748799,-31443038,2563756,2391073,-6502321,缩量,低,情绪退潮,进场,资金观望型,资金+业绩共振(双击候选),B,关注：资金+业绩共振,72.1
600446,金证股份,10.48,-49.3,0.49,-37.3,-4.91,-23062228,-55297573,-84037426,-3420841,-6360818,-2991007,缩量,低,情绪退潮,观望,资金撤退型,,D,回避：资金撤退,-1.6
600429,三元股份,4.58,-41.3,0.39,-12.3,7.74,17726322,7649032,1322983,-94812,113571,1010938,缩量,中,主力惜售,进场,资金观望型,纯资金炒作(亏损风险),C,谨慎：纯资金炒作,26.6
600436,片仔癀,118.31,-83.3,2.95,-35.5,-4.38,-42292938,-104677690,-216761396,6287891,8701700,-1079171,缩量,低,情绪退潮,吸筹,资金撤退型,机构吸筹+盈利(关注),C,谨慎：资金流入未验证业绩,22.5
600435,北方导航,11.41,-11.0,0.66,-9.7,-9.29,-98560408,-148765329,-28101284,23761909,16062249,-5852045,缩量,低,情绪退潮,吸筹,长线吸筹型,机构吸筹+盈利(关注),C,谨慎：资金流入未验证业绩,20.9
600452,涪陵电力,9.11,-6.2,0.88,37.6,-1.02,-14348655,-3958616,-22089157,5716146,20869731,18271225,缩量,低,情绪退潮,观望,资金观望型,,D,回避：资金观望,-0.3
600455,博通股份,23.27,-22.4,1.14,-4.9,-0.05,-92095,3052573,10900649,137204,11675,97081,缩量,低,情绪退潮,观望,高位分歧型,,D,回避：资金观望,-0.0
600456,宝钛股份,25.25,-55.3,0.51,-12.7,-7.91,-37253755,-14839166,-74071401,-1287176,-797357,-2835455,缩量,低,情绪退潮,观望,资金观望型,,D,回避：资金观望,-2.6
600458,时代新材,11.37,-65.4,3.7,1.2,-3.9,-35275951,-12726297,-3051823,-15420979,-9382026,12471862,缩量,低,情绪退潮,观望,资金观望型,,D,回避：资金观望,-1.3
600448,华纺股份,3.54,305.4,0.45,79.9,6.93,37853735,44904729,41603172,8799236,12365362,-7420760,放量,中,主力偏强放量,抢筹,短线抢筹型,纯资金炒作(亏损风险),C,谨慎：纯资金炒作,38.3
600449,宁夏建材,13.26,134.0,2.11,-35.5,-0.65,-5069686,-22984259,-24841016,-439724,3775760,9565320,放量,低,游资情绪,抢筹,资金撤退型,机构吸筹+盈利(关注),C,谨慎：资金流入未验证业绩,47.8
600461,洪城环境,8.95,-42.1,1.14,0.7,-3.3,-15679449,-11342389,2795477,3099225,-2318737,-1066163,缩量,低,情绪退潮,观望,资金观望型,,D,回避：资金观望,-1.1
600467,好当家,2.39,72.9,0.86,79.2,-3.54,-17389017,-41116722,-67181567,1731890,-440046,-3458884,放量,低,游资情绪,观望,资金撤退型,,D,回避：资金撤退,6.8
600463,空港股份,7.93,-23.2,1.07,-7.6,0.31,346969,803099,-4495716,-1057112,0,-1044320,缩量,低,情绪退潮,观望,趋势转多型,,D,回避：资金观望,0.1
600459,贵研铂业,19.23,-72.9,1.55,-48.9,-8.6,-84967776,-141105888,-244428650,13610998,12717081,-9927634,缩量,低,情绪退潮,吸筹,资金撤退型,机构吸筹+盈利(关注),C,谨慎：资金流入未验证业绩,21.1
600460,士兰微,32.77,-26.6,4.57,-53.5,1.28,154564251,-248957467,-576643987,67352412,22975337,49113268,缩量,低,情绪退潮,进场,资金观望型,资金+业绩共振(双击候选),B,关注：资金+业绩共振,72.4
600475,华光环能,14.87,-57.9,1.03,17.9,-6.66,-29772607,20607990,28644606,-5461668,-7298194,4448469,缩量,低,情绪退潮,观望,资金观望型,,D,回避：资金观望,-2.2
600478,科力远,4.62,-39.6,0.33,-30.2,-0.66,-2422793,-9123027,-16298236,-15153693,-10384690,3934063,缩量,低,情绪退潮,观望,资金撤退型,,D,回避：资金撤退,-0.2
600468,百利电气,6.41,3.1,0.83,-9.7,0.34,3925416,3350436,12311384,5873985,6293155,-806976,缩量,低,情绪退潮,吸筹,资金观望型,资金+业绩共振(双击候选),B,关注：资金+业绩共振,64.1
600480,凌云股份,7.71,-24.8,0.34,19.9,-6.87,-45206444,-75733371,-123880670,-2252300,2065193,2976454,缩量,低,情绪退潮,观望,资金撤退型,,D,回避：资金撤退,-2.3
600479,千金药业,11.62,904.1,0.99,-8.7,-3.09,-91299522,-329829315,-260578420,-2092603,562426,-5372940,放量,低,游资情绪,观望,资金观望型,,D,回避：资金观望,7.0
600482,中国动力,33.95,-34.6,0.44,28.2,-4.31,-141404723,146300923,432096807,20441138,54762454,3026379,缩量,低,情绪退潮,观望,高位分歧型,,D,回避：资金观望,-1.4
600483,福能股份,11.01,-57.6,0.73,-24.3,-1.0,-6616554,-31470723,-139703317,-8689144,-6007522,9930400,缩量,低,情绪退潮,观望,资金撤退型,,D,回避：资金撤退,-0.3
600477,杭萧钢构,2.42,-40.5,0.7,-43.4,2.58,5938105,6516815,34556857,925889,1679816,-3397923,缩量,低,情绪退潮,进场,均衡流入型,资金+业绩共振(双击候选),B,关注：资金+业绩共振,72.9
600486,扬农化工,52.4,-59.8,0.84,-9.9,-0.38,-3611305,56589902,14997676,-6158080,-4013803,2195333,缩量,低,情绪退潮,观望,资金观望型,,D,回避：资金观望,-0.1
600488,津药药业,6.1,13.7,0.65,125.5,-0.8,-38311005,351617324,358412213,18449087,15759454,-22240719,缩量,低,情绪退潮,观望,资金观望型,,D,回避：资金观望,-0.3
600481,双良节能,4.15,-60.9,0.91,-22.3,0.85,4388909,7333764,-13348305,3262875,4041757,1671695,缩量,低,情绪退潮,进场,趋势转多型,纯资金炒作(亏损风险),C,谨慎：纯资金炒作,12.3
600489,中金黄金,24.05,-8.9,1.45,-36.2,-2.24,-195144966,108360130,-414933671,36818019,-39801100,-53802162,缩量,低,情绪退潮,观望,资金观望型,,D,回避：资金观望,-0.7
600490,鹏欣资源,7.19,-37.6,0.65,-51.3,-4.2,-50178086,-164541374,-275029416,-2958270,-11434561,-8967094,缩量,低,情绪退潮,观望,资金撤退型,,D,回避：资金撤退,-1.4
600495,晋西车轴,4.05,-35.7,0.63,-10.0,-2.55,-3934693,-13719800,-22045342,-365198,-1320018,-2371838,缩量,低,情绪退潮,观望,资金撤退型,,D,回避：资金撤退,-0.8
600497,驰宏锌锗,9.56,-68.0,1.51,-30.2,-10.91,-406230762,-362181438,-189737268,-3950059,-8213594,15313368,缩量,低,情绪退潮,观望,资金观望型,,D,回避：资金观望,-3.6
600499,科达制造,13.44,-61.8,0.69,-35.8,-2.79,-39438870,41832336,137503300,-12324237,-15709229,-4339426,缩量,低,情绪退潮,观望,高位分歧型,,D,回避：资金观望,-0.9
600487,亨通光电,69.49,14.1,0.9,-14.8,1.61,905698653,-390430026,-2767550371,62604441,305566971,341794554,缩量,低,情绪退潮,进场,资金观望型,资金+业绩共振(双击候选),B,关注：资金+业绩共振,72.5
600498,烽火通信,43.99,28.3,0.67,4.3,2.61,600132877,694145877,855954748,-65402205,21724584,63763305,缩量,低,情绪退潮,观望,均衡流入型,,D,回避：资金观望,0.9
600500,中化国际,5.86,-21.2,6.16,12.8,-0.95,-31702119,-93779245,49930819,9718702,3431271,-43753244,缩量,低,情绪退潮,观望,资金观望型,,D,回避：资金观望,-0.3
600493,凤竹纺织,6.26,35.2,0.63,11.8,3.39,7683243,3404859,-2148201,2030495,3110868,25847,缩量,低,情绪退潮,进场,资金观望型,资金+业绩共振(双击候选),B,关注：资金+业绩共振,73.1
600496,精工钢构,3.34,25.9,0.31,-14.8,8.44,37186819,21370395,35743700,14169034,14406301,-12106967,缩量,中,主力惜售,吸筹,资金观望型,资金+业绩共振(双击候选),B,关注：资金+业绩共振,78.8
600505,西昌电力,10.65,-17.1,0.89,185.3,-2.1,-17396754,911400,-13969790,-9675561,-832422,14455866,缩量,低,情绪退潮,观望,资金观望型,,D,回避：资金观望,-0.7
600506,统一股份,16.99,213.6,1.03,34.6,-2.55,-36665651,-10701132,136109858,-11582760,-4971866,12229016,放量,低,游资情绪,观望,长线吸筹型,,D,回避：资金观望,7.2
600508,上海能源,10.64,152.6,0.69,-65.7,-9.04,-86409938,-219836691,-414663975,-11988855,-12379485,5584538,放量,低,游资情绪,观望,资金撤退型,,D,回避：资金撤退,5.0
600509,天富能源,7.26,-69.3,1.09,3.0,-5.83,-33926506,-56666242,-114128214,-7761196,-2325150,3510106,缩量,低,情绪退潮,观望,资金撤退型,,D,回避：资金撤退,-1.9
600501,航天晨光,14.94,-34.7,0.65,18.1,-9.01,-33952967,-32223772,-25129334,1118513,1920451,-1173074,缩量,低,情绪退潮,吸筹,资金观望型,纯资金炒作(亏损风险),C,谨慎：纯资金炒作,1.0
600502,安徽建工,4.27,-20.3,0.44,-13.8,4.35,24929968,38323560,9633366,6403090,-4107324,-12415415,缩量,低,情绪退潮,进场,趋势转多型,资金+业绩共振(双击候选),B,关注：资金+业绩共振,73.5
600510,黑牡丹,6.53,-60.3,0.22,-48.4,-6.61,-8732082,-10790840,7344552,943718,-92432,-1153391,缩量,低,情绪退潮,观望,长线吸筹型,,D,回避：资金观望,-2.2
600503,华丽家族,2.21,16.1,1.0,-17.8,1.52,4094411,-21348824,-40803861,15156091,14053441,-9415150,缩量,低,情绪退潮,吸筹,资金观望型,纯资金炒作(亏损风险),C,谨慎：纯资金炒作,4.5
600511,国药股份,26.06,-50.8,0.87,-26.9,-1.96,-7883397,588258,-27310176,1576378,-2800709,-5355480,缩量,低,情绪退潮,观望,资金观望型,,D,回避：资金观望,-0.7
600513,联环药业,14.85,-75.9,1.63,-41.6,-3.84,-14682723,-47017411,-115708064,-3841813,-4749619,-6467723,缩量,低,情绪退潮,观望,资金撤退型,,D,回避：资金撤退,-1.3
600507,方大特钢,4.1,-56.4,0.48,-37.6,1.69,5509313,-3515836,-20230697,156470,-4555930,-3167169,缩量,低,情绪退潮,进场,资金观望型,资金+业绩共振(双击候选),B,关注：资金+业绩共振,72.6
600517,国网英大,5.0,-23.7,0.89,-24.8,-3.06,-13636560,-19756684,-84317483,-787029,2311654,-5608410,缩量,低,情绪退潮,观望,资金撤退型,,D,回避：资金撤退,-1.0
600512,腾达建设,2.06,1.8,0.48,-11.8,6.49,12978299,5149408,-27360696,3317753,-812597,-3347439,缩量,中,主力惜售,进场,资金观望型,资金+业绩共振(双击候选),B,关注：资金+业绩共振,86.2
600519,贵州茅台,1257.12,-48.3,1.0,-17.5,-5.15,-645864612,-1265487865,-2113854831,-89942353,-8001627,-210050,缩量,低,情绪退潮,观望,资金撤退型,,D,回避：资金撤退,-1.7
600515,海南机场,2.75,-37.4,0.8,-17.0,3.62,33476871,55075445,51519036,34026880,29610479,-22727931,缩量,低,情绪退潮,吸筹,趋势转多型,资金+业绩共振(双击候选),B,关注：资金+业绩共振,65.2
600520,三佳科技,26.23,-27.1,1.16,-22.1,-1.32,-13180054,-35867006,50599851,13056153,17921832,19503952,缩量,低,情绪退潮,观望,长线吸筹型,,D,回避：资金观望,-0.4
600516,方大炭素,5.6,66.9,1.17,49.7,3.22,63907766,70618901,2620029,41223929,7845584,-62070770,放量,低,游资情绪,进场,趋势转多型,资金+业绩共振(双击候选),B,关注：资金+业绩共振,81.1
600521,华海药业,16.14,-59.5,2.64,-28.5,-1.12,-18281092,-124069557,-347439423,-29556480,-21046922,32702176,缩量,低,情绪退潮,观望,资金撤退型,,D,回避：资金撤退,-0.4
600522,中天科技,35.98,0.7,1.01,15.2,3.76,1686254659,1413205398,1265187946,-1222590196,-998447760,1001533820,缩量,低,情绪退潮,观望,资金观望型,,D,回避：资金观望,1.3
600518,康美药业,1.35,-54.0,1.66,12.9,-3.06,-26286539,-15873371,-30611243,8070531,7735471,-6767232,缩量,低,情绪退潮,吸筹,资金观望型,机构吸筹+盈利(关注),C,谨慎：资金流入未验证业绩,23.0
600526,菲达环保,4.56,-22.6,0.38,-37.6,-6.32,-8278510,-6326523,-13679954,-1820806,0,-3471997,缩量,低,情绪退潮,观望,资金观望型,,D,回避：资金观望,-2.1
600527,江南高纤,2.2,-43.1,0.29,-26.2,-2.09,-6963564,6026999,-6858135,-3082086,-4314165,-269632,缩量,低,情绪退潮,观望,资金观望型,,D,回避：资金观望,-0.7
600528,中铁工业,6.84,-64.8,0.77,-21.0,-6.76,-12698860,-2040944,-6331900,246891,-3786460,-1363178,缩量,低,情绪退潮,观望,资金观望型,,D,回避：资金观望,-2.3
600525,长园集团,4.89,45.2,0.86,-53.0,-20.14,-63458223,-95980927,-334786361,7815641,5591055,-1490703,缩量,低,情绪退潮,吸筹,资金撤退型,纯资金炒作(亏损风险),C,谨慎：纯资金炒作,-2.7
600529,山东药玻,18.43,-74.9,1.81,-28.6,6.78,18879325,-9265936,-74484743,8284504,3658125,-7118802,缩量,中,主力惜售,进场,资金观望型,资金+业绩共振(双击候选),B,关注：资金+业绩共振,86.3
600536,中国软件,31.66,-56.9,2.03,-56.4,-6.06,-111968640,-273935982,-456671021,-5640082,-1063556,-6234631,缩量,低,情绪退潮,观望,资金撤退型,,D,回避：资金撤退,-2.0
600540,新赛股份,5.48,382.0,1.15,149.5,-5.24,-151504011,-85941632,-130236792,-33544774,-20945439,51484064,放量,低,游资情绪,观望,资金观望型,,D,回避：资金观望,6.3
600531,豫光金铅,12.31,-58.9,0.58,-53.4,-6.22,-99040363,-169929583,-327091333,37772296,31341693,-22119221,缩量,低,情绪退潮,吸筹,资金撤退型,机构吸筹+盈利(关注),C,谨慎：资金流入未验证业绩,21.9
600539,狮头股份,13.31,-75.8,1.08,-46.0,-9.27,-47520939,-77567258,-215978775,-2660159,428463,3391508,缩量,低,情绪退潮,观望,资金撤退型,,D,回避：资金撤退,-3.1
600546,山煤国际,13.39,-22.0,0.82,-28.7,3.18,36576058,-48008553,12398463,-3177565,-3798046,10895560,缩量,低,情绪退潮,观望,资金观望型,,D,回避：资金观望,1.1
600533,栖霞建设,2.2,18.5,0.77,-37.7,3.3,5323886,1798913,-6301657,827395,-703086,-2412268,缩量,低,情绪退潮,进场,资金观望型,纯资金炒作(亏损风险),C,谨慎：纯资金炒作,13.1
600547,山东黄金,32.77,32.8,1.12,-49.0,-4.91,-587166754,-893486493,-1208981533,-155625040,-131095851,53956888,缩量,低,情绪退潮,观望,资金撤退型,,D,回避：资金撤退,-1.6
600538,国发股份,4.9,-63.2,0.43,-11.1,-5.55,-7716714,-26055591,-36256910,-2648078,462104,-312618,缩量,低,情绪退潮,吸筹,资金撤退型,纯资金炒作(亏损风险),C,谨慎：纯资金炒作,2.2
600535,天士力,13.86,-53.9,1.43,-19.1,1.88,11886281,5306827,82356920,6701156,858936,-264853,缩量,低,情绪退潮,吸筹,长线吸筹型,资金+业绩共振(双击候选),B,关注：资金+业绩共振,64.6
600550,保变电气,10.88,-58.4,0.56,-16.0,-6.8,-54245680,-61358514,-106836766,-9573395,-3307869,12043108,缩量,低,情绪退潮,观望,资金撤退型,,D,回避：资金撤退,-2.3
600551,时代出版,7.52,386.3,0.99,-29.5,-1.7,-12208564,-9133302,-164536965,-6889059,-3196515,17400940,放量,低,游资情绪,观望,资金观望型,,D,回避：资金观望,7.4
600545,卓郎智能,4.55,-9.0,0.99,126.1,7.14,266691017,286068171,210730959,-33574386,-27016693,11017780,缩量,中,主力惜售,进场,趋势转多型,纯资金炒作(亏损风险),C,谨慎：纯资金炒作,26.4
600548,深高速,8.13,-21.3,0.98,10.8,0.48,628648,-10134889,-1344506,1424899,1186440,-5315075,缩量,低,情绪退潮,进场,资金观望型,资金+业绩共振(双击候选),B,关注：资金+业绩共振,72.2
600549,厦门钨业,50.49,-60.0,0.93,-23.6,-1.95,-193317461,-413314506,-1148912040,22070165,11768968,-10212294,缩量,低,情绪退潮,吸筹,资金撤退型,机构吸筹+盈利(关注),C,谨慎：资金流入未验证业绩,23.4
600556,天下秀,4.64,-47.3,1.24,-30.5,-0.6,-3796513,-17237546,-29425723,-17986597,-20482435,7292159,缩量,低,情绪退潮,观望,资金撤退型,,D,回避：资金撤退,-0.2
600557,康缘药业,12.08,-72.9,1.49,-52.8,-1.79,-3293256,-19669603,-23864452,-1393872,-421386,1034057,缩量,低,情绪退潮,观望,资金撤退型,,D,回避：资金撤退,-0.6
600559,老白干酒,11.03,-59.5,0.73,-12.6,-2.68,-8955769,-25467541,-70427862,-3720260,-4929233,2518170,缩量,低,情绪退潮,观望,资金撤退型,,D,回避：资金撤退,-0.9
600562,国睿科技,27.54,-54.9,0.72,-27.3,-7.53,-79034319,-76857286,-39307321,90770,1428363,5270495,缩量,低,情绪退潮,观望,资金观望型,,D,回避：资金观望,-2.5
600561,江西长运,5.71,-23.5,0.71,0.5,-3.08,-4719651,-5927963,-3402201,-560341,0,998967,缩量,低,情绪退潮,观望,资金观望型,,D,回避：资金观望,-1.0
600552,凯盛科技,17.87,-50.6,1.76,-13.3,0.4,16082741,-48699608,-414692982,16081180,9862674,-19819150,缩量,低,情绪退潮,进场,资金观望型,资金+业绩共振(双击候选),B,关注：资金+业绩共振,72.1
600563,法拉电子,124.46,-57.1,1.48,-16.4,-1.17,-21720131,-91933565,-135886890,12629761,21445337,19476926,缩量,低,情绪退潮,观望,资金撤退型,,D,回避：资金撤退,-0.4
600558,大西洋,4.76,-16.2,0.8,-36.2,-2.17,-3864133,-5034132,-47789000,2087898,2239337,-953204,缩量,低,情绪退潮,吸筹,资金撤退型,机构吸筹+盈利(关注),C,谨慎：资金流入未验证业绩,23.3
600569,安阳钢铁,1.78,-9.8,0.74,24.6,3.48,6266088,9050707,-5612258,-2373948,-4778136,821014,缩量,低,情绪退潮,观望,趋势转多型,,D,回避：资金观望,1.2
600560,金自天正,10.99,-18.6,0.88,-18.7,0.06,63778,-3312310,-1714413,175630,0,-2428261,缩量,低,情绪退潮,进场,资金观望型,资金+业绩共振(双击候选),B,关注：资金+业绩共振,72.0
600572,康恩贝,4.26,-40.8,0.57,-40.6,3.46,25576626,40437401,-13122354,-2554902,-5047614,756754,缩量,低,情绪退潮,观望,趋势转多型,,D,回避：资金观望,1.2
600573,惠泉啤酒,9.7,-51.4,0.45,8.5,-6.15,-11891442,-19075063,-38016545,-3248979,0,1875349,缩量,低,情绪退潮,观望,资金撤退型,,D,回避：资金撤退,-2.1
600575,淮河能源,3.24,-45.3,0.82,-18.7,2.12,12672091,-1251309,-31419313,-7369472,-8225977,2315205,缩量,低,情绪退潮,观望,资金观望型,,D,回避：资金观望,0.7
600567,山鹰国际,1.34,-12.5,0.93,-12.5,-1.64,-5812151,-17468852,-10266263,19501617,14294781,-1806296,缩量,低,情绪退潮,吸筹,资金观望型,纯资金炒作(亏损风险),C,谨慎：纯资金炒作,3.5
600576,祥源文旅,5.39,-49.8,1.39,48.9,3.44,10318177,7772024,-33623461,-2027095,-2095246,-1647114,缩量,低,情绪退潮,观望,资金观望型,,D,回避：资金观望,1.1
600578,京能电力,5.37,-68.4,3.13,44.2,-6.8,-131626621,-37290907,-105560609,23116691,30992348,2690914,缩量,低,情绪退潮,观望,资金观望型,,D,回避：资金观望,-2.3
600580,卧龙电驱,27.27,-64.4,1.82,-32.8,-4.46,-124109920,-389427623,-933208661,-41757472,-23475898,28560944,缩量,低,情绪退潮,观望,资金撤退型,,D,回避：资金撤退,-1.5
600582,天地科技,4.89,-8.6,1.01,24.6,-7.47,-48705591,-58121446,-124104208,-5800559,-6383999,9892182,缩量,低,情绪退潮,观望,资金撤退型,,D,回避：资金撤退,-2.5
600586,金晶科技,4.06,-33.9,0.31,-23.5,-4.63,-10925956,-21100675,-23349928,-3298015,-944619,2280443,缩量,低,情绪退潮,观望,资金撤退型,,D,回避：资金撤退,-1.5
600579,中化装备,7.17,-30.0,2.22,139.9,2.42,9152849,8972160,-5205250,2158996,2110173,3033206,缩量,低,情绪退潮,进场,资金观望型,纯资金炒作(亏损风险),C,谨慎：纯资金炒作,12.8
600577,精达股份,8.72,87.3,1.06,-33.7,-2.66,-60635690,-112469791,88048886,379867004,373294625,-163969084,放量,低,游资情绪,抢筹,长线吸筹型,机构吸筹+盈利(关注),C,谨慎：资金流入未验证业绩,47.1
600588,用友网络,9.46,-59.3,1.48,-46.9,-3.2,-45864212,-140434826,-101554936,18632260,21603679,-25199998,缩量,低,情绪退潮,观望,资金观望型,,D,回避：资金观望,-1.1
600594,益佰制药,3.56,-42.2,0.25,-73.0,-7.83,-24018537,-57913229,87308874,-3625770,120171,3662825,缩量,低,情绪退潮,观望,长线吸筹型,,D,回避：资金观望,-2.6
600589,大位科技,7.82,-56.5,0.52,-8.3,-11.82,-236355437,-121129858,261734739,-15678258,-18152019,11236656,缩量,低,情绪退潮,观望,高位分歧型,,D,回避：资金观望,-3.9
600583,海油工程,6.06,-29.0,0.64,-29.9,-2.78,-21597101,-16646357,-79855075,3949093,5908477,-4915049,缩量,低,情绪退潮,吸筹,资金观望型,机构吸筹+盈利(关注),C,谨慎：资金流入未验证业绩,23.1
600585,海螺水泥,17.02,-58.0,0.89,-28.6,-7.09,-117836975,-251891846,-263928781,22434695,19033030,-16780679,缩量,低,情绪退潮,吸筹,资金撤退型,机构吸筹+盈利(关注),C,谨慎：资金流入未验证业绩,21.6
600593,大连圣亚,44.15,317.9,1.49,45.6,4.58,83282820,29797816,30599344,-31591037,15071572,6484393,放量,低,游资情绪,观望,资金观望型,,D,回避：资金观望,9.5
600590,泰豪科技,8.7,16.9,0.19,59.0,-2.84,-35045336,-13175455,13107524,3684606,12173635,4941870,缩量,低,情绪退潮,观望,资金观望型,,D,回避：资金观望,-0.9
600592,龙溪股份,14.64,-48.7,1.07,-21.9,-5.55,-17799873,-24384912,-43579126,-3372243,-2318530,6779347,缩量,低,情绪退潮,观望,资金撤退型,,D,回避：资金撤退,-1.8
600584,长电科技,73.0,-37.7,5.64,-13.0,-2.95,-846623982,-2723354456,-5362972508,1398203685,1348347107,-977445074,缩量,低,情绪退潮,吸筹,资金撤退型,机构吸筹+盈利(关注),C,谨慎：资金流入未验证业绩,23.0
600587,新华医疗,12.18,-44.3,1.18,-15.3,-5.86,-13389556,-19451120,-31179282,-71435,2616330,-737474,缩量,低,情绪退潮,吸筹,资金撤退型,机构吸筹+盈利(关注),C,谨慎：资金流入未验证业绩,22.0
600597,光明乳业,6.66,-22.5,2.14,-38.0,0.89,2063669,-8835823,-35704396,-6270897,-7484024,-2729207,缩量,低,情绪退潮,观望,资金观望型,,D,回避：资金观望,0.3
600598,北大荒,12.64,39.6,0.87,-25.6,-3.4,-69711772,-190802844,-346329052,-1765543,-11078926,11496794,缩量,低,情绪退潮,观望,资金撤退型,,D,回避：资金撤退,-1.1
600601,方正科技,14.5,-12.3,1.36,59.4,-4.0,-568716408,272214858,757903458,-103751854,-72993092,37394604,缩量,低,情绪退潮,观望,资金观望型,,D,回避：资金观望,-1.3
600600,青岛啤酒,50.06,-58.7,1.82,-28.5,-6.17,-38244164,-13581909,-42579537,-14878069,-20244943,7449200,缩量,低,情绪退潮,观望,资金观望型,,D,回避：资金观望,-2.1
600595,中孚实业,6.1,-33.0,1.02,-7.4,-3.14,-57083020,-87537472,-45415957,43128959,27706705,-18356269,缩量,低,情绪退潮,吸筹,资金观望型,机构吸筹+盈利(关注),C,谨慎：资金流入未验证业绩,23.0
600596,新安股份,11.99,-11.5,2.75,157.3,-2.43,-131999279,41946569,120923810,3432278,18776990,-5772123,缩量,低,情绪退潮,吸筹,资金观望型,机构吸筹+盈利(关注),C,谨慎：资金流入未验证业绩,23.2
600602,云赛智联,17.08,-70.4,0.62,-44.9,-6.89,-86277591,-297358254,-524586315,-6826113,2734037,7275392,缩量,低,情绪退潮,观望,资金撤退型,,D,回避：资金撤退,-2.3
600604,市北高新,4.61,35.0,0.72,-71.1,-1.6,-4426837,-18288091,54261293,1331297,2561005,445289,缩量,低,情绪退潮,观望,长线吸筹型,,D,回避：资金观望,-0.5
600605,汇通能源,26.8,15.8,0.31,-35.6,-1.09,-4751509,-46182438,71751923,-18051473,-15121724,11676284,缩量,低,情绪退潮,观望,长线吸筹型,,D,回避：资金观望,-0.4
600610,中毅达,7.59,44.1,0.59,-58.6,-3.45,-31679239,-62921840,209533169,-229015,3457309,-4315952,缩量,低,情绪退潮,观望,长线吸筹型,,D,回避：资金观望,-1.2
600611,大众交通,4.53,-33.5,2.81,-40.2,-4.28,-36981015,-484592532,-14942497,5968646,2685663,-10443039,缩量,低,情绪退潮,观望,长线吸筹型,,D,回避：资金观望,-1.4
600612,老凤祥,31.45,-53.7,1.44,-2.7,0.14,382015,-6029385,-24397084,-1541125,-1082338,-402774,缩量,低,情绪退潮,观望,资金观望型,,D,回避：资金观望,0.0
600603,广汇物流,4.88,-39.5,0.42,-2.1,8.63,24134480,-5877414,-7655120,-853754,-1532982,-1052586,缩量,中,主力惜售,进场,资金观望型,资金+业绩共振(双击候选),B,关注：资金+业绩共振,86.9
600606,绿地控股,1.45,255.4,0.94,7.7,1.97,19317143,-10497409,13905774,98480557,126067824,-21064650,放量,低,游资情绪,抢筹,资金观望型,纯资金炒作(亏损风险),C,谨慎：纯资金炒作,28.7
600615,鑫源智造,9.31,-53.5,0.77,-29.8,-0.22,-171634,-2853119,144507,-322152,0,406828,缩量,低,情绪退潮,观望,资金观望型,,D,回避：资金观望,-0.1
600613,神奇制药,8.41,1657.9,0.79,-32.5,0.41,13908387,-170652946,-606421309,-16112130,-10253031,31183909,放量,低,游资情绪,观望,资金观望型,,D,回避：资金观望,8.1
600609,金杯汽车,3.59,615.5,1.08,228.0,7.68,114543545,137191714,121203340,-9565045,1230406,-156724,放量,中,主力偏强放量,吸筹,短线抢筹型,资金+业绩共振(双击候选),B,关注：资金+业绩共振,82.6
600616,金枫酒业,4.9,817.3,0.89,205.9,4.94,46014538,77741636,60917170,-2141753,-6866788,-1009816,放量,低,游资情绪,观望,趋势转多型,,D,回避：资金观望,9.6
600618,氯碱化工,9.82,-59.8,0.47,-27.2,-0.76,-1616556,-11466942,-22926047,3731074,222453,-5262489,缩量,低,情绪退潮,观望,资金撤退型,,D,回避：资金撤退,-0.3
600620,天宸股份,4.26,-10.8,0.87,8.7,4.4,5797994,7108112,6077400,-451204,-1513662,-149325,缩量,低,情绪退潮,观望,趋势转多型,,D,回避：资金观望,1.5
600623,华谊集团,8.41,-50.5,1.13,-6.1,1.39,7262465,35938839,54104233,-23868481,-21936149,10388396,缩量,低,情绪退潮,观望,均衡流入型,,D,回避：资金观望,0.5
600617,国新能源,3.27,-49.5,1.12,43.9,-1.02,-6460398,14738793,-13802998,6447636,4719153,-1397348,缩量,低,情绪退潮,吸筹,资金观望型,纯资金炒作(亏损风险),C,谨慎：纯资金炒作,3.7
600619,海立股份,13.26,-62.2,0.96,-37.9,-8.52,-47848096,-53556602,-121341016,10421892,16974354,-2519738,缩量,低,情绪退潮,吸筹,资金撤退型,机构吸筹+盈利(关注),C,谨慎：资金流入未验证业绩,21.2
600622,光大嘉宝,2.4,58.5,1.24,-26.5,1.72,4380526,-13891960,30319132,6718237,5394366,-4277562,放量,低,游资情绪,抢筹,长线吸筹型,纯资金炒作(亏损风险),C,谨慎：纯资金炒作,28.6
600628,新世界,6.23,67.6,0.65,50.8,-1.65,-4596555,-12056698,-7700830,-5428273,-2916985,2752035,放量,低,游资情绪,观望,资金观望型,,D,回避：资金观望,7.5
600621,华鑫股份,14.1,231.7,1.39,7.0,-3.0,-27305302,-15786947,-8540979,164809018,168108700,-87055118,放量,低,游资情绪,抢筹,资金观望型,机构吸筹+盈利(关注),C,谨慎：资金流入未验证业绩,47.0
600626,申达股份,3.68,14.7,0.93,-5.3,1.46,2844075,3910253,7766371,684550,1856270,-2461459,缩量,低,情绪退潮,进场,均衡流入型,资金+业绩共振(双击候选),B,关注：资金+业绩共振,72.5
600629,华建集团,16.26,-44.7,0.94,2.8,-9.41,-138773517,29158559,76685549,-7961841,-5997267,5297472,缩量,低,情绪退潮,观望,资金观望型,,D,回避：资金观望,-3.1
600635,大众公用,4.52,-51.3,0.77,-13.9,-1.97,-11056793,4425663,-30097133,-4484364,-3530032,-2080122,缩量,低,情绪退潮,观望,资金观望型,,D,回避：资金观望,-0.7
600630,龙头股份,8.29,79.8,3.34,40.7,7.48,60474725,54921336,48359671,22796718,28346554,-9840060,放量,中,主力偏强放量,抢筹,资金观望型,资金+业绩共振(双击候选),B,关注：资金+业绩共振,98.5
600633,浙数文化,10.28,-51.4,0.24,-22.3,-5.66,-29438364,-32764602,-72579383,26373347,28800784,-20029262,缩量,低,情绪退潮,吸筹,资金撤退型,机构吸筹+盈利(关注),C,谨慎：资金流入未验证业绩,22.1
600642,申能股份,8.67,-41.2,0.91,-29.2,-2.78,-19517661,-28776289,-106562966,-14831572,-14478863,18717133,缩量,低,情绪退潮,观望,资金撤退型,,D,回避：资金撤退,-0.9
600637,东方明珠,8.67,15.1,0.8,-30.2,-3.09,-36627184,-42005075,-109131648,53251950,38093778,-30241548,缩量,低,情绪退潮,吸筹,资金撤退型,机构吸筹+盈利(关注),C,谨慎：资金流入未验证业绩,23.0
600638,新黄浦,4.99,73.4,0.38,-36.3,-1.01,-2357634,-11337190,4590395,13026039,5730458,-14284032,放量,低,游资情绪,抢筹,长线吸筹型,机构吸筹+盈利(关注),C,谨慎：资金流入未验证业绩,47.7
600645,中源协和,18.19,-43.2,0.83,-43.1,-2.57,-11086981,-81512911,-215114817,-15431271,-10867144,6692379,缩量,低,情绪退潮,观望,资金撤退型,,D,回避：资金撤退,-0.9
600651,飞乐音响,5.2,-48.2,0.85,-33.3,-8.49,-23803445,-27283698,-34297895,-5687435,-9404089,971346,缩量,低,情绪退潮,观望,资金撤退型,,D,回避：资金撤退,-2.8
600648,外高桥,9.44,-13.0,0.83,-30.1,0.8,738314,-1745338,-25442985,-1706518,606912,832666,缩量,低,情绪退潮,观望,资金观望型,,D,回避：资金观望,0.3
600639,浦东金桥,9.85,159.7,0.46,-2.9,2.99,7017002,5807779,-16179680,22474480,12678553,-8197184,放量,低,游资情绪,抢筹,资金观望型,资金+业绩共振(双击候选),B,关注：资金+业绩共振,89.0
600640,国脉文化,12.06,301.3,0.63,-9.4,0.09,449318,-11258367,-20789402,61867615,66637188,-46555528,放量,低,游资情绪,抢筹,资金观望型,资金+业绩共振(双击候选),B,关注：资金+业绩共振,88.0
600650,锦江在线,10.31,-54.3,1.11,-49.0,-4.25,-5270231,-37642440,-9122658,-1002003,-567600,85456,缩量,低,情绪退潮,观望,长线吸筹型,,D,回避：资金观望,-1.4
600641,先导基电,37.3,29.7,1.76,-1.4,7.02,901470532,727250897,548150331,-78971439,-138290339,158787204,缩量,中,主力惜售,进场,资金观望型,纯资金炒作(亏损风险),C,谨慎：纯资金炒作,26.3
600643,爱建集团,4.05,10.2,0.45,-18.0,6.49,16998520,19683213,20530922,1143396,1185495,-413799,缩量,中,主力惜售,吸筹,均衡流入型,纯资金炒作(亏损风险),C,谨慎：纯资金炒作,18.2
600654,中安科,3.06,6.3,0.26,-31.9,1.4,25902664,33554143,149067830,-12884558,-6366998,23488908,缩量,低,情绪退潮,观望,长线吸筹型,,D,回避：资金观望,0.5
600644,乐山电力,9.78,30.9,0.6,250.8,7.17,214562902,376769407,342507996,-40881302,-37166367,32340544,缩量,中,主力惜售,进场,短线抢筹型,资金+业绩共振(双击候选),B,关注：资金+业绩共振,86.4
600649,城投控股,3.95,51.5,0.68,-49.9,-0.13,-463965,5144566,-56537636,1943968,584861,-4557895,放量,低,游资情绪,抢筹,资金观望型,机构吸筹+盈利(关注),C,谨慎：资金流入未验证业绩,48.0
600653,申华控股,1.7,48.4,1.04,6.3,8.43,18931312,15816279,-3298790,1549683,3356678,-4423066,缩量,中,主力惜售,进场,资金观望型,纯资金炒作(亏损风险),C,谨慎：纯资金炒作,26.8
600657,信达地产,2.93,220.5,1.01,19.4,-6.12,-41702278,-79363406,111031626,10243294,12342390,6046280,放量,低,游资情绪,观望,长线吸筹型,,D,回避：资金观望,6.0
600658,电子城,4.07,-34.6,0.62,-7.4,1.94,3630728,-1791712,-14841463,-419093,867898,271730,缩量,低,情绪退潮,观望,资金观望型,,D,回避：资金观望,0.6
600660,福耀玻璃,53.68,-23.0,0.9,8.0,-0.49,-12337382,-63021578,78953018,-25482565,-26476765,96853793,缩量,低,情绪退潮,观望,资金观望型,,D,回避：资金观望,-0.2
600662,外服控股,4.21,-42.6,0.86,-20.0,-3.74,-6988932,-1559681,-1757998,1738948,1962336,-4151680,缩量,低,情绪退潮,观望,资金观望型,,D,回避：资金观望,-1.2
600661,昂立教育,8.43,-19.7,1.39,-12.6,-0.58,-1654575,-10082177,-15056036,-3771845,-656616,101804,缩量,低,情绪退潮,观望,资金撤退型,,D,回避：资金撤退,-0.2
600665,天地源,3.39,-28.1,1.3,-26.8,-2.87,-4835484,-20381576,-23872614,1210181,2601665,-6025905,缩量,低,情绪退潮,观望,资金撤退型,,D,回避：资金撤退,-1.0
600663,陆家嘴,8.9,-26.6,2.08,-35.8,-0.85,-3717985,-6625959,-43146442,2686639,-2676423,-10970612,缩量,低,情绪退潮,观望,资金撤退型,,D,回避：资金撤退,-0.3
600667,太极实业,20.46,-11.1,6.79,66.4,-2.73,-787783904,1187587841,-17458227,-265392083,-189840099,351076351,缩量,低,情绪退潮,观望,资金观望型,,D,回避：资金观望,-0.9
600655,豫园股份,4.57,-33.9,1.03,-12.8,7.05,18663701,35917819,58048814,1761571,1177944,-4537588,缩量,中,主力惜售,进场,主力强攻型,纯资金炒作(亏损风险),C,谨慎：纯资金炒作,26.4
600668,尖峰集团,7.19,-48.6,0.32,-28.1,2.84,3310471,-4952591,-24297191,-2077117,45108,-361112,缩量,低,情绪退潮,观望,资金观望型,,D,回避：资金观望,0.9
600671,天目药业,22.61,-57.9,2.97,-35.2,1.5,3814223,1263888,-6922044,-1242017,-2244658,-600807,缩量,低,情绪退潮,观望,资金观望型,,D,回避：资金观望,0.5
600664,哈药股份,7.5,107.7,2.6,-0.2,0.73,111606832,-253851152,-390138746,176834035,248572429,-93945977,放量,低,游资情绪,抢筹,资金观望型,资金+业绩共振(双击候选),B,关注：资金+业绩共振,88.2
600666,奥瑞德,3.54,30.5,0.17,29.9,3.3,117630491,110979682,80436595,23880130,18235575,-33438816,缩量,低,情绪退潮,进场,资金观望型,资金+业绩共振(双击候选),B,关注：资金+业绩共振,73.1
600673,东阳光,32.12,-66.2,0.84,-28.4,5.11,136673215,84877872,61152799,57591244,50395806,-37000867,缩量,中,主力惜售,吸筹,资金观望型,资金+业绩共振(双击候选),B,关注：资金+业绩共振,77.7
600679,上海凤凰,10.28,231.8,0.74,-6.4,-2.16,-4097730,-8412403,-14415150,172817,-1943404,-9647390,放量,低,游资情绪,观望,资金撤退型,,D,回避：资金撤退,7.3
600683,京投发展,9.64,-12.6,0.33,-62.6,-4.13,-24159482,-54940239,-39622568,-3758616,8192146,12006475,缩量,低,情绪退潮,观望,资金观望型,,D,回避：资金观望,-1.4
600684,珠江股份,3.48,-29.4,0.96,-42.6,2.57,5107352,-19302506,-60460944,-4482079,-1716852,5313784,缩量,低,情绪退潮,观望,资金观望型,,D,回避：资金观望,0.9
600685,中船防务,28.78,19.5,0.43,67.5,-11.42,-252209564,-280332536,-358610996,12873132,-3330326,-21950585,缩量,低,情绪退潮,观望,资金撤退型,,D,回避：资金撤退,-3.8
600674,川投能源,15.76,-27.0,1.38,-1.1,1.69,35984164,71718585,26682840,29137488,-8092787,-15049450,缩量,低,情绪退潮,进场,趋势转多型,资金+业绩共振(双击候选),B,关注：资金+业绩共振,72.6
600686,金龙汽车,10.82,-10.2,0.68,-5.7,1.78,17770768,28573914,34082996,-2170224,-74551,4172921,缩量,低,情绪退潮,观望,均衡流入型,,D,回避：资金观望,0.6
600688,上海石化,2.8,-57.4,2.51,-11.8,-1.1,-7967314,-38106804,-104558982,2201777,1756584,-9457240,缩量,低,情绪退潮,观望,资金撤退型,,D,回避：资金撤退,-0.4
600675,中华企业,2.31,72.6,1.26,-21.0,4.55,15120894,4846449,-17095321,12349409,4567080,-9581328,放量,低,游资情绪,抢筹,资金观望型,资金+业绩共振(双击候选),B,关注：资金+业绩共振,89.5
600690,海尔智家,20.68,-45.6,0.94,-25.3,-6.6,-169143182,-192941139,-546659019,-19423962,-31812330,11422043,缩量,低,情绪退潮,观望,资金撤退型,,D,回避：资金撤退,-2.2
600676,久事动娱,6.74,-65.6,1.22,-22.6,2.52,4753733,-14635141,-32521792,1298619,4938974,135710,缩量,低,情绪退潮,进场,资金观望型,纯资金炒作(亏损风险),C,谨慎：纯资金炒作,12.8
600682,南京新百,5.57,21.2,1.12,118.8,6.63,46558969,31160403,9240359,-16838386,-7578473,13995383,缩量,中,主力惜售,进场,资金观望型,纯资金炒作(亏损风险),C,谨慎：纯资金炒作,26.2
600681,百川能源,3.48,-6.4,0.89,6.4,-4.59,-16844864,-36256061,-49669978,2736672,4319090,-2546991,缩量,低,情绪退潮,吸筹,资金撤退型,机构吸筹+盈利(关注),C,谨慎：资金流入未验证业绩,22.5
600691,潞化科技,2.89,101.4,0.24,20.8,-6.99,-77069227,12320196,92952025,-7575740,-3779986,9354823,放量,低,游资情绪,观望,高位分歧型,,D,回避：资金观望,5.7
600692,亚通股份,6.37,-26.1,0.73,-17.2,-4.65,-8636375,-7753866,-9662286,644910,-118745,-955921,缩量,低,情绪退潮,观望,资金观望型,,D,回避：资金观望,-1.6
600689,上海三毛,12.23,38.7,0.79,-36.7,-3.02,-5342034,-228248,13860742,-366181,2044833,-809937,缩量,低,情绪退潮,吸筹,高位分歧型,机构吸筹+盈利(关注),C,谨慎：资金流入未验证业绩,23.0
600693,东百集团,9.49,44.0,0.6,23.4,-5.62,-191243577,-272683235,78640141,28469729,7880571,-36614560,缩量,低,情绪退潮,观望,长线吸筹型,,D,回避：资金观望,-1.9
600694,大商股份,14.42,-13.9,0.56,-5.2,-0.39,-1058305,-22451322,-21752625,-4124347,-1017847,2514004,缩量,低,情绪退潮,观望,资金观望型,,D,回避：资金观望,-0.1
600697,欧亚集团,11.39,335.9,0.97,324.5,0.69,9663960,8545981,4560839,-7627882,-1005273,20374165,放量,低,游资情绪,观望,资金观望型,,D,回避：资金观望,8.2
600698,湖南天雁,7.1,76.4,1.68,53.5,-3.64,-66565488,256369185,323323506,-9806686,-8347462,13962619,放量,低,游资情绪,观望,资金观望型,,D,回避：资金观望,6.8
600702,舍得酒业,32.85,-54.9,1.46,-11.6,-16.21,-118709853,-133013563,-140099376,5147768,1950629,-6734032,缩量,低,情绪退潮,观望,资金撤退型,,D,回避：资金撤退,-5.4
600706,曲江文旅,8.23,98.5,0.81,182.4,1.24,14792857,57619594,56097494,-5223610,-1955487,16123781,放量,低,游资情绪,观望,趋势转多型,,D,回避：资金观望,8.4
600710,苏美达,11.4,8.7,0.44,88.8,-7.62,-63925155,-18655403,-28208503,-7102986,-6529324,-1384366,缩量,低,情绪退潮,观望,资金观望型,,D,回避：资金观望,-2.5
600712,南宁百货,5.35,372.4,2.23,387.6,-5.42,-91135091,-4930936,-1749915,-49007,18157350,17001516,放量,低,游资情绪,观望,资金观望型,,D,回避：资金观望,6.2
600699,均胜电子,20.14,123.2,0.25,58.4,5.7,194100287,216976656,138938066,-93896393,-54148329,123032905,放量,中,主力偏强放量,进场,趋势转多型,资金+业绩共振(双击候选),B,关注：资金+业绩共振,89.9
600704,物产中大,4.9,-32.6,1.02,20.2,-0.92,-8568427,-43034450,-91567494,17725630,16423549,-6385298,缩量,低,情绪退潮,吸筹,资金撤退型,机构吸筹+盈利(关注),C,谨慎：资金流入未验证业绩,23.7
600703,三安光电,12.98,-65.8,0.79,-32.0,0.28,15373378,-919597205,-535153299,80447591,86624609,-48023335,缩量,低,情绪退潮,吸筹,长线吸筹型,纯资金炒作(亏损风险),C,谨慎：纯资金炒作,4.1
600714,金瑞矿业,17.5,-7.4,1.02,-25.8,-8.37,-123808681,-392497945,-68783023,10753922,8305275,-13538742,缩量,低,情绪退潮,观望,长线吸筹型,,D,回避：资金观望,-2.8
600715,文投控股,1.63,-6.9,0.21,-11.3,3.17,7815266,-9221285,-28478657,-3632280,-4189152,-1477200,缩量,低,情绪退潮,观望,资金观望型,,D,回避：资金观望,1.1
600708,光明地产,3.04,-39.1,0.81,-3.6,8.89,14094723,11918597,10691974,3395568,3031952,-1099556,缩量,中,主力惜售,吸筹,资金观望型,纯资金炒作(亏损风险),C,谨慎：纯资金炒作,19.0
600713,南京医药,5.03,-41.6,0.47,0.2,-0.72,-1970287,-9574402,-33172906,-3069790,-394322,672699,缩量,低,情绪退潮,观望,资金撤退型,,D,回避：资金撤退,-0.2
600707,彩虹股份,9.24,-45.8,1.31,16.6,5.09,290873919,288098259,-39579084,14909915,26036346,-2090937,缩量,中,主力惜售,吸筹,资金观望型,资金+业绩共振(双击候选),B,关注：资金+业绩共振,77.7
600711,盛屯矿业,11.03,-52.7,0.74,-23.0,-5.95,-183375463,-169004628,-60326931,98376363,95313290,-53590393,缩量,低,情绪退潮,吸筹,资金观望型,机构吸筹+盈利(关注),C,谨慎：资金流入未验证业绩,22.0
600716,凤凰股份,3.56,-22.2,0.53,-19.9,2.13,1898821,-184632,-1421711,-2488505,-2223448,335057,缩量,低,情绪退潮,观望,资金观望型,,D,回避：资金观望,0.7
600721,百花医药,11.95,943.6,1.76,-39.5,4.28,230600866,144619155,-384298210,-108094605,-125959578,69923200,放量,低,游资情绪,观望,资金观望型,,D,回避：资金观望,9.4
600722,金牛化工,16.02,86.6,0.62,-8.9,-3.33,-264132985,64639983,-104355309,-11595861,2176077,54217978,放量,低,游资情绪,观望,资金观望型,,D,回避：资金观望,6.9
600718,东软集团,7.91,5.9,0.96,-7.2,-0.08,-261183,-5946104,-13544761,13115782,12486017,-11112187,缩量,低,情绪退潮,吸筹,资金撤退型,纯资金炒作(亏损风险),C,谨慎：纯资金炒作,4.0
600717,天津港,4.25,-15.3,1.2,-5.8,3.84,14599395,-1862569,10826252,6544067,2484784,-11742947,缩量,低,情绪退潮,进场,资金观望型,资金+业绩共振(双击候选),B,关注：资金+业绩共振,73.3
600724,宁波富达,4.96,-50.6,0.73,-17.6,-9.33,-14388617,-25611852,-26106020,-381735,210105,-765769,缩量,低,情绪退潮,观望,资金撤退型,,D,回避：资金撤退,-3.1
600725,云维股份,3.29,-29.2,0.86,-17.1,-4.13,-8674610,-10247845,-23932004,-1215958,-2096378,1816787,缩量,低,情绪退潮,观望,资金撤退型,,D,回避：资金撤退,-1.4
600719,大连热电,8.42,144.0,0.91,108.0,0.19,1728498,4201814,-13892010,68849001,77056758,-51618996,放量,低,游资情绪,抢筹,趋势转多型,纯资金炒作(亏损风险),C,谨慎：纯资金炒作,28.1
600720,中交设计,5.18,-48.6,1.35,8.5,7.29,14961840,30278297,69304704,5904750,5273807,-3865935,缩量,中,主力惜售,吸筹,主力强攻型,资金+业绩共振(双击候选),B,关注：资金+业绩共振,78.4
600732,爱旭股份,10.84,25.6,0.86,-18.5,-3.06,-32224607,-47016426,-78412702,96241994,68381048,-76164951,缩量,低,情绪退潮,观望,资金撤退型,,D,回避：资金撤退,-1.0
600731,湖南海利,5.77,-52.7,0.54,13.0,-9.79,-12754650,-14978568,-61082969,-3220647,506391,3422517,缩量,低,情绪退潮,观望,资金撤退型,,D,回避：资金撤退,-3.3
600728,佳都科技,4.51,-58.1,0.91,-21.9,-2.13,-8209020,-14258821,340937,613901,-1726696,-1143354,缩量,低,情绪退潮,观望,资金观望型,,D,回避：资金观望,-0.7
600729,重百集团,18.39,-15.5,1.55,17.5,-2.28,-5406457,-3522582,-8412529,4172088,1509721,3570785,缩量,低,情绪退潮,观望,资金观望型,,D,回避：资金观望,-0.8
600733,北汽蓝谷,4.54,1.1,1.01,10.1,-0.88,-21757433,-39393848,-116096160,260534,5965518,22187861,缩量,低,情绪退潮,观望,资金撤退型,,D,回避：资金撤退,-0.3
600726,华电能源,5.27,-52.5,0.55,41.8,-5.67,-157921166,30660126,-61210025,54671542,49907596,-6223073,缩量,低,情绪退潮,吸筹,资金观望型,机构吸筹+盈利(关注),C,谨慎：资金流入未验证业绩,22.1
600727,鲁北化工,7.49,-53.5,0.51,-29.0,-6.09,-19192022,-52456119,-52286980,-652594,3453884,-2841958,缩量,低,情绪退潮,吸筹,资金观望型,机构吸筹+盈利(关注),C,谨慎：资金流入未验证业绩,22.0
600736,苏州高新,6.54,-38.0,0.16,-43.3,-8.39,-33033406,-24641987,-51836092,7457626,4531064,-5902423,缩量,低,情绪退潮,观望,资金观望型,,D,回避：资金观望,-2.8
600737,中粮糖业,14.78,178.2,1.71,72.7,-4.94,-386492757,-1166709659,-1231411616,16773430,21829413,44507412,放量,低,游资情绪,观望,资金撤退型,,D,回避：资金撤退,6.4
600741,华域汽车,14.88,-0.6,1.01,32.8,-4.17,-59733781,-63364589,-9522663,-7560258,-13100357,11840860,缩量,低,情绪退潮,观望,资金观望型,,D,回避：资金观望,-1.4
600739,辽宁成大,10.35,-44.0,1.53,-40.1,-5.59,-24005874,-62247565,-65239392,-1978891,-3232328,-1299986,缩量,低,情绪退潮,观望,资金撤退型,,D,回避：资金撤退,-1.9
600740,山西焦化,3.76,-20.9,0.57,-38.5,1.68,8784147,-11463590,-61598272,-4032942,-7490292,1618644,缩量,低,情绪退潮,观望,资金观望型,,D,回避：资金观望,0.6
600743,华远控股,2.12,30.9,0.17,-36.9,-3.75,-9916539,-34355502,-122665522,11325595,9344825,-9982760,缩量,低,情绪退潮,观望,资金撤退型,,D,回避：资金撤退,-1.2
600744,华银电力,6.39,-36.2,0.76,149.8,-5.81,-314601561,176508701,120724778,-32322274,-7499077,60259839,缩量,低,情绪退潮,观望,资金观望型,,D,回避：资金观望,-1.9
600738,丽尚国潮,4.24,57.6,0.8,73.4,1.62,9519403,-14414584,-13420343,1981955,-1696113,-4239360,放量,低,游资情绪,进场,资金观望型,资金+业绩共振(双击候选),B,关注：资金+业绩共振,80.5
600746,江苏索普,7.27,22.4,0.87,-38.9,-2.75,-12461278,-39586310,-13983243,32960972,23166062,-37603503,缩量,低,情绪退潮,观望,资金观望型,,D,回避：资金观望,-0.9
600749,西藏旅游,13.66,-19.6,0.21,-32.1,-9.04,-61456128,-48679324,53868364,-7943924,-4274966,4207398,缩量,低,情绪退潮,观望,长线吸筹型,,D,回避：资金观望,-3.0
600750,华润江中,22.24,-43.8,0.7,1.5,-1.5,-6063604,-6560768,15992518,319578,-1889713,586930,缩量,低,情绪退潮,观望,资金观望型,,D,回避：资金观望,-0.5
600742,富维股份,7.73,-9.0,0.34,104.4,4.59,19786366,16492245,24942871,61256,-615618,-2367141,缩量,低,情绪退潮,进场,资金观望型,资金+业绩共振(双击候选),B,关注：资金+业绩共振,73.5
600756,浪潮软件,13.72,-82.7,2.6,-43.7,-5.23,-18095540,-45323024,-105506820,2268983,528721,-4255527,缩量,低,情绪退潮,观望,资金撤退型,,D,回避：资金撤退,-1.7
600748,上实发展,3.86,-33.7,0.57,-31.4,2.59,4687444,-2886573,3095103,1430206,1852000,2157482,缩量,低,情绪退潮,进场,资金观望型,纯资金炒作(亏损风险),C,谨慎：纯资金炒作,12.9
600757,长江传媒,7.22,-1.3,1.36,-18.1,-1.88,-6361282,13397768,29821773,9846274,3211960,-15094821,缩量,低,情绪退潮,观望,资金观望型,,D,回避：资金观望,-0.6
600758,辽宁能源,3.67,-2.9,0.48,-18.8,-5.31,-61067798,-79812248,-15000701,-10830974,-6529031,15850207,缩量,低,情绪退潮,观望,资金观望型,,D,回避：资金观望,-1.8
600751,海航科技,3.0,12.9,0.76,-2.5,5.22,21650351,10471320,-40821156,-25392844,-31777868,13356662,缩量,中,主力惜售,进场,资金观望型,资金+业绩共振(双击候选),B,关注：资金+业绩共振,85.7
600760,中航沈飞,43.9,-17.7,0.79,-18.7,-14.21,-497942271,-666068529,-336240063,-31536466,-46584300,454369,缩量,低,情绪退潮,观望,长线吸筹型,,D,回避：资金观望,-4.7
600763,通策医疗,32.72,-45.5,0.74,-17.9,-7.95,-61766044,-123519077,-197036630,7486966,-7578057,-972805,缩量,低,情绪退潮,观望,资金撤退型,,D,回避：资金撤退,-2.6
600754,锦江酒店,18.49,-42.7,0.86,-11.7,-5.34,-43973849,-50337614,-55939725,4187237,5129905,-2641980,缩量,低,情绪退潮,吸筹,资金撤退型,机构吸筹+盈利(关注),C,谨慎：资金流入未验证业绩,22.2
600755,厦门国贸,5.6,-13.7,0.97,-15.3,-4.85,-18668245,-47612919,-12595601,8770924,11050370,-6898193,缩量,低,情绪退潮,吸筹,长线吸筹型,机构吸筹+盈利(关注),C,谨慎：资金流入未验证业绩,22.4
600764,中国海防,18.66,-1.8,0.78,62.0,-4.43,-28247322,-28524863,-30956008,622591,-810106,484243,缩量,低,情绪退潮,观望,资金撤退型,,D,回避：资金撤退,-1.5
600765,中航重机,13.44,-31.5,0.73,1.2,-3.78,-34979567,-34398200,-65661578,8578755,2600955,-13567116,缩量,低,情绪退潮,观望,资金观望型,,D,回避：资金观望,-1.3
600768,富邦新材,14.35,-46.0,0.39,-33.8,-4.21,-6694016,-16620948,-33419431,-1642085,-127876,3925668,缩量,低,情绪退潮,观望,资金撤退型,,D,回避：资金撤退,-1.4
600769,祥龙电业,16.24,-3.0,1.52,20.4,-2.69,-21061434,37880826,5344937,7240246,1600337,7858785,缩量,低,情绪退潮,观望,资金观望型,,D,回避：资金观望,-0.9
600761,安徽合力,15.46,-61.2,0.89,-24.4,-4.95,-42095529,-29957248,-15594708,6297632,2867225,-917135,缩量,低,情绪退潮,吸筹,资金观望型,机构吸筹+盈利(关注),C,谨慎：资金流入未验证业绩,22.4
600773,西藏城投,10.05,-65.3,0.33,-40.0,-6.23,-48203686,-73376412,7760477,-11934026,-6025427,4203104,缩量,低,情绪退潮,观望,长线吸筹型,,D,回避：资金观望,-2.1
600775,南京熊猫,9.73,-52.0,0.59,-22.9,-3.85,-17336385,-18594753,-2694710,2806497,4425289,1677459,缩量,低,情绪退潮,观望,资金观望型,,D,回避：资金观望,-1.3
600774,汉商集团,7.5,-18.7,1.35,-4.3,-1.25,-1915782,-392075,1923793,-419728,0,-278722,缩量,低,情绪退潮,观望,资金观望型,,D,回避：资金观望,-0.4
600770,综艺股份,5.74,9.1,0.49,423.2,1.46,24915106,154185601,119904327,6161106,2355283,3378425,缩量,低,情绪退潮,进场,趋势转多型,资金+业绩共振(双击候选),B,关注：资金+业绩共振,72.5
600776,东方通信,13.51,51.2,0.28,111.4,-0.09,-1788557,98074254,126862566,-6364171,-4635143,16358196,放量,低,游资情绪,观望,资金观望型,,D,回避：资金观望,8.0
600778,友好集团,5.77,110.9,0.85,260.0,-3.7,-30006192,52782654,63612591,-6136471,-2791038,3876318,放量,低,游资情绪,观望,资金观望型,,D,回避：资金观望,6.8
600771,广誉远,13.72,-46.1,1.0,-13.3,-5.55,-19319213,-19218501,-54535617,2370913,2565943,-2310898,缩量,低,情绪退潮,吸筹,资金观望型,机构吸筹+盈利(关注),C,谨慎：资金流入未验证业绩,22.1
600779,水井坊,25.92,-58.4,1.12,-19.8,-3.53,-6787272,-17372432,-34513036,5731399,3279583,-4914928,缩量,低,情绪退潮,观望,资金撤退型,,D,回避：资金撤退,-1.2
600782,新钢股份,2.68,-24.6,0.54,-23.8,4.99,21376389,28517133,-3040590,-7965933,-14616343,-9995786,缩量,低,情绪退潮,观望,趋势转多型,,D,回避：资金观望,1.7
600780,通宝能源,6.15,-1.3,0.24,-18.5,-2.11,-9182655,-16098265,-115481859,-3661700,-4714153,6692443,缩量,低,情绪退潮,观望,资金撤退型,,D,回避：资金撤退,-0.7
600784,鲁银投资,7.08,-41.8,0.92,-24.5,-11.87,-32936227,-65542752,-71694242,-4181570,-5052673,406946,缩量,低,情绪退潮,观望,资金撤退型,,D,回避：资金撤退,-4.0
600783,鲁信创投,15.35,-54.8,0.71,-12.1,-10.15,-132482210,-126535426,-428829064,-9584077,-4781722,23501913,缩量,低,情绪退潮,观望,资金观望型,,D,回避：资金观望,-3.4
600777,新潮能源,4.07,-29.0,0.47,38.4,4.25,23220278,22248358,-99059309,1174650,14196439,3008271,缩量,低,情绪退潮,进场,资金观望型,资金+业绩共振(双击候选),B,关注：资金+业绩共振,73.4
600785,新华百货,10.32,79.8,1.14,-38.9,-3.43,-41314427,116370835,396383048,-142220,5683424,-1956054,放量,低,游资情绪,吸筹,高位分歧型,机构吸筹+盈利(关注),C,谨慎：资金流入未验证业绩,30.9
600787,中储股份,4.56,-34.4,1.03,-3.7,7.61,31922514,33864984,29379100,-114011,-4241016,-3195817,缩量,中,主力惜售,进场,趋势转多型,资金+业绩共振(双击候选),B,关注：资金+业绩共振,86.5
600791,京能置业,6.96,-59.8,0.4,8.7,-2.52,-9090771,42119716,69221154,-2598802,225647,3784709,缩量,低,情绪退潮,观望,资金观望型,,D,回避：资金观望,-0.8
600796,钱江生化,5.01,-23.0,0.57,10.5,-2.92,-3882279,-3920793,-7697930,790412,1167342,-4639937,缩量,低,情绪退潮,观望,资金撤退型,,D,回避：资金撤退,-1.0
600789,鲁抗医药,7.58,-24.6,3.3,-17.9,1.13,6792206,44934774,-36833571,1232880,6057647,1472546,缩量,低,情绪退潮,进场,趋势转多型,资金+业绩共振(双击候选),B,关注：资金+业绩共振,72.4
600797,浙大网新,6.61,-74.4,0.85,-28.5,-10.01,-34179228,-42719590,-55323127,-5936229,-4565272,1053024,缩量,低,情绪退潮,观望,资金撤退型,,D,回避：资金撤退,-3.3
600798,宁波海运,3.47,216.6,0.76,184.1,3.47,42529849,-33277896,-56970324,-10972555,-1192138,19211878,放量,低,游资情绪,观望,资金观望型,,D,回避：资金观望,9.2
600802,福建水泥,5.74,712.0,0.79,568.5,1.71,26559937,99747341,98778850,-2432235,3242835,433299,放量,低,游资情绪,观望,趋势转多型,,D,回避：资金观望,8.6
600800,渤海化学,3.27,-27.8,0.39,-24.4,-4.73,-13356085,-29409570,-69218595,-3787743,-3983243,4326215,缩量,低,情绪退潮,观望,资金撤退型,,D,回避：资金撤退,-1.6
600801,华新建材,24.3,-72.8,2.32,-10.7,-9.58,-99370257,-121713597,-109933255,-7705505,3929782,7855085,缩量,低,情绪退潮,观望,资金观望型,,D,回避：资金观望,-3.2
600790,轻纺城,3.63,279.5,1.03,25.4,3.4,13712434,5156960,31208842,15096138,10469101,-13362074,放量,低,游资情绪,抢筹,资金观望型,纯资金炒作(亏损风险),C,谨慎：纯资金炒作,29.1
600793,宜宾纸业,17.3,6.9,3.35,-10.2,2.69,15512463,13711314,1483853,5885132,-92923,-18626989,缩量,低,情绪退潮,进场,资金观望型,资金+业绩共振(双击候选),B,关注：资金+业绩共振,72.9
600803,新奥股份,18.67,-34.1,0.8,-3.8,-3.5,-21951362,-60217430,-103064065,1505965,566537,-6037674,缩量,低,情绪退潮,观望,资金撤退型,,D,回避：资金撤退,-1.2
600792,云煤能源,5.3,1093.7,0.5,235.8,5.28,234460902,366999835,452294939,-2298981,9678466,21950542,放量,中,主力偏强放量,进场,主力建仓型,纯资金炒作(亏损风险),C,谨慎：纯资金炒作,29.8
600795,国电电力,5.26,-18.2,0.89,-20.1,8.17,203484134,291505973,467562040,29105746,9718052,-4615458,缩量,中,主力惜售,吸筹,主力强攻型,资金+业绩共振(双击候选),B,关注：资金+业绩共振,78.7
600794,保税科技,3.21,-11.7,0.78,0.8,0.23,395764,3451352,-1747906,1225204,981482,-287469,缩量,低,情绪退潮,吸筹,趋势转多型,纯资金炒作(亏损风险),C,谨慎：纯资金炒作,4.1
600805,悦达投资,4.48,-15.6,0.46,-26.5,-0.02,-34005,-418205,-10549259,-2187945,-694901,126247,缩量,低,情绪退潮,观望,资金撤退型,,D,回避：资金撤退,-0.0
600807,济高发展,2.59,-27.0,0.95,-13.0,4.03,6651048,2815382,5551857,-2558945,0,-1941199,缩量,低,情绪退潮,观望,资金观望型,,D,回避：资金观望,1.3
600808,马钢股份,2.57,-16.2,0.75,-16.1,0.5,3118156,-2812905,-54655245,-5263564,-2883193,1338398,缩量,低,情绪退潮,观望,资金观望型,,D,回避：资金观望,0.2
600809,山西汾酒,112.7,-68.1,1.23,-27.2,-0.86,-18371063,-81146949,-214392052,11727084,-12419126,-47778664,缩量,低,情绪退潮,观望,资金撤退型,,D,回避：资金撤退,-0.3
600819,耀皮玻璃,5.57,-20.6,1.45,-14.8,-5.7,-13364456,2393021,-3129723,-8241223,-3318651,7677198,缩量,低,情绪退潮,观望,资金观望型,,D,回避：资金观望,-1.9
600822,上海物贸,9.4,1094.0,0.69,252.3,3.49,19730444,32787286,24238099,-12957920,-5828882,-1300728,放量,低,游资情绪,观望,趋势转多型,,D,回避：资金观望,9.2
600821,金开新能,6.16,-34.4,0.25,38.7,-2.97,-70747487,33921003,-92839849,16461734,7149688,14552109,缩量,低,情绪退潮,观望,资金观望型,,D,回避：资金观望,-1.0
600824,益民集团,3.64,92.6,0.93,21.0,3.05,7963142,-20030912,-24909048,-766513,-1182714,1899989,放量,低,游资情绪,观望,资金观望型,,D,回避：资金观望,9.0
600825,新华传媒,5.31,-100.0,0.91,40.6,1.81,6227340,-4860406,-7973898,0,0,0,缩量,低,情绪退潮,观望,资金观望型,,D,回避：资金观望,0.6
600814,杭州解百,6.93,218.8,0.63,178.4,-4.96,-28303205,6394333,18818157,2180303,1318381,-1171271,放量,低,游资情绪,吸筹,资金观望型,机构吸筹+盈利(关注),C,谨慎：资金流入未验证业绩,30.3
600812,华北制药,4.62,23.2,1.62,151.9,-3.22,-30810760,77428718,4811681,13235460,11769324,-8824030,缩量,低,情绪退潮,吸筹,资金观望型,机构吸筹+盈利(关注),C,谨慎：资金流入未验证业绩,22.9
600816,建元信托,2.42,-31.4,0.65,-20.3,0.36,2029460,-9606355,-59715298,1162372,1598727,-11972128,缩量,低,情绪退潮,进场,资金观望型,资金+业绩共振(双击候选),B,关注：资金+业绩共振,72.1
600810,神马股份,6.31,-66.5,0.74,-41.3,4.95,7112980,18999182,7027368,2622603,2329522,-5283975,缩量,低,情绪退潮,进场,趋势转多型,纯资金炒作(亏损风险),C,谨慎：纯资金炒作,13.7
600815,厦工股份,3.63,10.5,0.21,-22.4,7.45,81594327,-40557624,-6742986,-10506376,-12383938,-3354901,缩量,中,主力惜售,进场,资金观望型,纯资金炒作(亏损风险),C,谨慎：纯资金炒作,26.5
600827,百联股份,7.79,-19.4,1.25,13.0,-0.91,-3492341,24696864,54511718,3467621,2968297,-9639010,缩量,低,情绪退潮,观望,高位分歧型,,D,回避：资金观望,-0.3
600817,宇通重工,9.74,20.1,0.29,-32.1,1.89,1400542,-7629894,-7291058,3366366,-375738,-4134363,缩量,低,情绪退潮,进场,资金观望型,资金+业绩共振(双击候选),B,关注：资金+业绩共振,72.6
600828,茂业商业,4.25,121.3,0.8,37.3,-3.68,-31053763,-26164194,24882266,-4664893,-1704865,5502441,放量,低,游资情绪,观望,资金观望型,,D,回避：资金观望,6.8
600820,XD隧道股,5.26,0.8,1.02,25.9,10.13,49653730,23569349,-49212943,16965214,12628802,26482,缩量,高,主力控盘,控盘,资金观望型,控盘+盈利(稳健),B,关注：控盘稳健+盈利,71.4
600829,人民同泰,9.62,-29.9,2.81,-54.5,-1.01,-4774682,-21623771,-39299173,4482191,-6868931,-10147776,缩量,低,情绪退潮,观望,资金撤退型,,D,回避：资金撤退,-0.3
600826,兰生股份,7.62,-17.0,0.51,-27.2,-3.81,-5927220,-7533184,-13240840,6325076,2963560,-2908143,缩量,低,情绪退潮,吸筹,资金撤退型,机构吸筹+盈利(关注),C,谨慎：资金流入未验证业绩,22.7
600830,香溢融通,8.49,240.5,0.51,-1.6,-2.53,-15346811,-114183124,-144575991,-9711278,-11491654,5814265,放量,低,游资情绪,观望,资金撤退型,,D,回避：资金撤退,7.2
600834,申通地铁,7.57,-0.0,0.84,-22.3,2.4,1647783,-1160919,-4093838,-2763615,-2333074,1313375,缩量,低,情绪退潮,观望,资金观望型,,D,回避：资金观望,0.8
600835,上海机电,17.78,-29.1,0.49,-9.9,-2.54,-8145598,-4404821,-62559,-4346943,-6787947,3524253,缩量,低,情绪退潮,观望,资金观望型,,D,回避：资金观望,-0.8
600841,动力新科,5.85,11.7,0.43,64.5,-1.55,-7703239,21901249,15298626,-2588372,-1908716,-1273258,缩量,低,情绪退潮,观望,资金观望型,,D,回避：资金观望,-0.5
600843,上工申贝,6.88,-64.8,0.72,-19.3,-2.81,-4264895,-7567801,-13389803,1162718,0,-159512,缩量,低,情绪退潮,观望,资金撤退型,,D,回避：资金撤退,-0.9
600831,广电网络,3.24,9.7,0.93,-21.6,2.4,4602633,6306224,-14224735,934967,-313453,-408071,缩量,低,情绪退潮,进场,趋势转多型,纯资金炒作(亏损风险),C,谨慎：纯资金炒作,12.8
600833,第一医药,10.44,73.4,1.53,-39.9,2.04,4813979,-1597861,-20246943,7284764,5184648,-8428710,放量,低,游资情绪,抢筹,资金观望型,资金+业绩共振(双击候选),B,关注：资金+业绩共振,88.7
600844,金煤科技,3.38,-47.7,0.98,-34.6,-9.74,-71917015,-39018407,-6603389,-7398696,-7671581,6142429,缩量,低,情绪退潮,观望,资金观望型,,D,回避：资金观望,-3.2
600839,四川长虹,6.7,-72.0,0.7,-41.2,-8.06,-74747418,-228483355,-434228418,13818450,16440792,-6444800,缩量,低,情绪退潮,吸筹,资金撤退型,机构吸筹+盈利(关注),C,谨慎：资金流入未验证业绩,21.3
600846,同济科技,10.95,-67.5,1.32,-24.1,-12.52,-14960181,-33626093,-51560351,-1932715,-584169,1166615,缩量,低,情绪退潮,观望,资金撤退型,,D,回避：资金撤退,-4.2
600838,上海九百,8.59,220.0,0.54,-23.3,-7.99,-49761484,-56288098,-6000609,58120690,61736255,-42038836,放量,低,游资情绪,抢筹,资金观望型,机构吸筹+盈利(关注),C,谨慎：资金流入未验证业绩,45.3
600848,上海临港,8.51,-42.7,0.91,-26.2,-4.01,-8996970,2958959,10586300,-3004373,-797632,3239756,缩量,低,情绪退潮,观望,资金观望型,,D,回避：资金观望,-1.3
600845,宝信软件,17.97,45.5,0.9,4.3,-2.65,-29855093,-126453686,-186218635,194787225,165177401,-135258130,缩量,低,情绪退潮,吸筹,资金撤退型,机构吸筹+盈利(关注),C,谨慎：资金流入未验证业绩,23.1
600850,电科数字,14.01,-58.4,1.07,-17.1,-0.25,-1139663,-14785333,-93303164,-7208166,-1290285,8508058,缩量,低,情绪退潮,观望,资金撤退型,,D,回避：资金撤退,-0.1
600851,海欣股份,8.27,-73.7,2.39,-38.8,-8.66,-21080662,-34565597,-91866378,-3155668,301688,-2450779,缩量,低,情绪退潮,观望,资金撤退型,,D,回避：资金撤退,-2.9
600859,王府井,9.72,-19.8,0.96,6.5,-2.94,-19095035,-49288608,-29208052,-3487391,-7080010,-3013193,缩量,低,情绪退潮,观望,资金观望型,,D,回避：资金观望,-1.0
600857,宁波中百,21.28,-41.9,6.94,58.2,-1.27,-9395181,92805429,137146529,-4698820,-3960176,1022783,缩量,低,情绪退潮,观望,高位分歧型,,D,回避：资金观望,-0.4
600854,春兰股份,4.61,-37.8,0.8,-22.3,-2.1,-2663297,-3868397,-16210104,995349,737631,-2014514,缩量,低,情绪退潮,观望,资金撤退型,,D,回避：资金撤退,-0.7
600855,航天长峰,13.28,5.5,0.25,151.4,-0.43,-3197816,86168025,76006345,9064408,2137557,-8948980,缩量,低,情绪退潮,观望,资金观望型,,D,回避：资金观望,-0.1
600858,银座股份,4.96,23.1,0.8,22.7,1.67,3695612,3499354,4814922,-2368603,-1231940,-1769792,缩量,低,情绪退潮,观望,资金观望型,,D,回避：资金观望,0.6
600860,京城股份,8.07,68.8,0.39,-33.4,-2.67,-5355163,-4155281,-5237212,-4719597,-5653107,-8362817,放量,低,游资情绪,观望,资金观望型,,D,回避：资金观望,7.1
600847,万里股份,13.92,287.7,0.73,31.2,1.86,4870498,1198635,-223439,28986063,34912240,-15945905,放量,低,游资情绪,抢筹,资金观望型,纯资金炒作(亏损风险),C,谨慎：纯资金炒作,28.6
600853,龙建股份,3.26,-17.7,0.53,-17.2,4.38,5435077,8962344,18978969,1474344,-665692,-4606281,缩量,低,情绪退潮,进场,主力建仓型,资金+业绩共振(双击候选),B,关注：资金+业绩共振,73.5
600862,中航高科,17.98,-63.4,0.88,0.0,-5.54,-47869753,-27852478,41939599,3241855,2511220,-17336013,缩量,低,情绪退潮,观望,高位分歧型,,D,回避：资金观望,-1.8
600863,华能蒙电,4.73,-61.9,2.03,15.7,-5.33,-106640338,-36138946,9750273,-28519252,-15801808,29552434,缩量,低,情绪退潮,观望,资金观望型,,D,回避：资金观望,-1.8
600866,星湖科技,4.09,-22.6,0.52,55.7,-7.8,-37841465,-105793007,-129781646,353443,138865,-2304850,缩量,低,情绪退潮,观望,资金撤退型,,D,回避：资金撤退,-2.6
600861,北京人力,12.7,-37.4,0.7,-37.6,1.13,1122095,-2088878,-9971349,3442105,3315310,-2615570,缩量,低,情绪退潮,吸筹,资金观望型,资金+业绩共振(双击候选),B,关注：资金+业绩共振,64.4
600868,梅雁吉祥,2.83,-19.3,0.54,8.4,0.43,3315039,-4848033,-15343300,-5399175,-2292566,12317619,缩量,低,情绪退潮,观望,资金观望型,,D,回避：资金观望,0.1
600864,哈投股份,5.87,139.6,0.17,19.3,-1.59,-30522737,55580025,91050428,22472717,12197743,-25840346,放量,低,游资情绪,抢筹,资金观望型,机构吸筹+盈利(关注),C,谨慎：资金流入未验证业绩,47.5
600869,远东股份,21.41,87.4,1.06,37.0,-6.14,-1741615338,-2789181032,-2532025815,-299990152,-237768723,374792624,放量,低,游资情绪,观望,资金观望型,,D,回避：资金观望,6.0
600874,创业环保,5.54,-30.6,0.55,-11.1,-5.65,-10690000,-20001133,-17052384,-1050995,367663,-2311631,缩量,低,情绪退潮,观望,资金观望型,,D,回避：资金观望,-1.9
600873,梅花生物,7.53,-50.4,0.26,-30.1,0.42,2468832,-32317401,-58564639,-4940039,-3945022,-6149093,缩量,低,情绪退潮,观望,资金观望型,,D,回避：资金观望,0.1
600865,百大集团,10.86,815.2,0.5,321.2,0.35,10909120,-64659247,18241898,-11307506,11238382,25792818,放量,低,游资情绪,抢筹,资金观望型,资金+业绩共振(双击候选),B,关注：资金+业绩共振,88.1
600876,凯盛新能,8.4,461.0,0.7,756.1,2.56,37560318,62127828,62998201,-6065922,-4202750,-3668719,放量,低,游资情绪,观望,均衡流入型,,D,回避：资金观望,8.9
600867,通化东宝,7.85,-73.0,0.5,-40.8,-8.25,-32001313,-67623777,-144282627,2841413,3793847,-3303854,缩量,低,情绪退潮,吸筹,资金撤退型,机构吸筹+盈利(关注),C,谨慎：资金流入未验证业绩,21.2
600871,石化油服,2.17,-45.1,1.0,7.9,5.96,86671192,71048781,124299124,15385670,10295772,-20036797,缩量,中,主力惜售,进场,资金观望型,资金+业绩共振(双击候选),B,关注：资金+业绩共振,86.0
600875,东方电气,24.42,-48.9,0.4,6.1,-3.64,-142033593,104073450,-117578705,82249943,96154986,-45827717,缩量,低,情绪退潮,吸筹,资金观望型,机构吸筹+盈利(关注),C,谨慎：资金流入未验证业绩,22.8
600882,妙可蓝多,19.12,-78.4,1.67,-22.7,-7.05,-22863047,-19830602,-20665586,-2371252,397314,1929908,缩量,低,情绪退潮,观望,资金观望型,,D,回避：资金观望,-2.4
600883,博闻科技,7.8,0.0,0.96,-8.4,2.89,5465649,6923087,13079121,-3497364,-1191843,1859147,缩量,低,情绪退潮,观望,均衡流入型,,D,回避：资金观望,1.0
600877,电科芯片,12.23,-57.3,1.42,14.3,0.15,1248831,-25908798,-94279456,4940316,4970920,1511450,缩量,低,情绪退潮,进场,资金观望型,资金+业绩共振(双击候选),B,关注：资金+业绩共振,72.0
600879,航天电子,14.72,-46.2,0.53,4.1,-2.11,-99780616,-191890344,-641397949,90610506,65999728,-56717374,缩量,低,情绪退潮,吸筹,资金撤退型,机构吸筹+盈利(关注),C,谨慎：资金流入未验证业绩,23.3
600880,博瑞传播,5.08,492.1,0.37,525.7,2.15,52197127,178472270,166120445,6807490,706106,-16046358,放量,低,游资情绪,进场,趋势转多型,纯资金炒作(亏损风险),C,谨慎：纯资金炒作,20.7
600888,新疆众和,9.97,-63.6,2.71,-45.2,-7.64,-97023827,-274994767,-317508298,-16982106,-17549519,9072014,缩量,低,情绪退潮,观望,资金撤退型,,D,回避：资金撤退,-2.5
600885,宏发股份,34.08,-59.9,1.34,-18.9,-1.49,-25781947,-132802427,-184313758,6793098,2221709,-33879222,缩量,低,情绪退潮,观望,资金撤退型,,D,回避：资金撤退,-0.5
600892,大晟文化,4.01,70.5,4.91,14.3,-9.89,-82989380,-59463692,-42744443,-7691989,-3957793,7019951,放量,低,游资情绪,观望,资金观望型,,D,回避：资金观望,4.7
600881,亚泰集团,1.93,37.1,2.39,2.4,-2.5,-27533337,27182903,-53362072,106334816,129286213,-34274137,缩量,低,情绪退潮,吸筹,资金观望型,纯资金炒作(亏损风险),C,谨慎：纯资金炒作,3.2
600894,广日股份,7.2,-27.7,0.53,-50.3,-6.77,-9284007,-8654638,-27494167,-3793460,-1211775,1413798,缩量,低,情绪退潮,观望,资金观望型,,D,回避：资金观望,-2.3
600893,航发动力,39.19,-29.6,0.65,21.0,-11.03,-591764608,-459191884,-8418922,-53830566,-75856826,2097888,缩量,低,情绪退潮,观望,高位分歧型,,D,回避：资金观望,-3.7
600884,杉杉股份,11.18,-64.2,0.38,-38.1,-11.1,-145050243,-197611096,-368954292,32617320,30268415,-7573101,缩量,低,情绪退潮,吸筹,资金撤退型,机构吸筹+盈利(关注),C,谨慎：资金流入未验证业绩,20.3
600886,国投电力,14.3,-57.3,1.9,-15.0,2.08,29445830,51097989,85310883,22586386,-1140040,-9973371,缩量,低,情绪退潮,进场,均衡流入型,资金+业绩共振(双击候选),B,关注：资金+业绩共振,72.7
600895,张江高科,28.56,-68.8,1.59,-17.5,-9.35,-168984242,-222073537,-390244964,39401837,35798559,-36256175,缩量,低,情绪退潮,观望,资金撤退型,,D,回避：资金撤退,-3.1
600887,伊利股份,26.6,-51.9,1.72,-35.2,8.68,480251817,340619254,376516127,40098981,38552076,-6869528,缩量,中,主力惜售,吸筹,资金观望型,资金+业绩共振(双击候选),B,关注：资金+业绩共振,78.9
600900,长江电力,28.27,-50.3,2.1,-2.8,1.73,169693539,-299759671,-264744076,-102443836,-3911827,85424624,缩量,低,情绪退潮,观望,资金观望型,,D,回避：资金观望,0.6
600908,无锡银行,5.76,-16.1,1.05,16.9,-6.15,-38248043,-37296131,-57866205,2412212,-691244,-10713209,缩量,低,情绪退潮,观望,资金观望型,,D,回避：资金观望,-2.1
600909,华安证券,7.9,-73.3,10.76,-35.5,-4.64,-126939894,-271245157,22857818,-26567899,-34755397,36404818,缩量,低,情绪退潮,观望,长线吸筹型,,D,回避：资金观望,-1.5
600916,中国黄金,7.48,-46.9,1.36,-65.3,-7.96,-67135919,-123639027,-16893146,18410971,11785480,-16030377,缩量,低,情绪退潮,观望,长线吸筹型,,D,回避：资金观望,-2.7
600918,中泰证券,5.45,-45.9,2.48,-42.4,-7.78,-47154963,-50658010,-51129800,3425786,15712,-4361754,缩量,低,情绪退潮,观望,资金撤退型,,D,回避：资金撤退,-2.6
600917,重庆燃气,4.88,42.5,0.73,42.9,-1.88,-4035436,-2306026,7013080,-4529707,-1817381,956419,缩量,低,情绪退潮,观望,资金观望型,,D,回避：资金观望,-0.6
600897,厦门空港,15.12,111.5,0.76,19.7,-2.21,-3546734,-11639968,-11764083,4764111,3277177,-4745989,放量,低,游资情绪,抢筹,资金撤退型,机构吸筹+盈利(关注),C,谨慎：资金流入未验证业绩,47.3
600919,江苏银行,12.17,-6.9,1.38,5.6,-4.93,-303306054,-253857002,122368995,25078484,60744773,30882349,缩量,低,情绪退潮,观望,长线吸筹型,,D,回避：资金观望,-1.6
600905,三峡能源,3.65,-52.2,0.72,-5.3,-3.25,-38743668,-22185344,-124996394,11351290,12948497,-4128320,缩量,低,情绪退潮,吸筹,资金观望型,机构吸筹+盈利(关注),C,谨慎：资金流入未验证业绩,22.9
600901,江苏金租,6.7,-36.7,0.73,-24.4,0.25,1842402,28376389,42491278,6165238,3506958,-9747946,缩量,低,情绪退潮,进场,均衡流入型,资金+业绩共振(双击候选),B,关注：资金+业绩共振,72.1
600903,贵州燃气,6.66,119.4,3.63,78.8,-4.17,-103967805,-41220776,82452292,25269513,23966809,-13935723,放量,低,游资情绪,吸筹,资金观望型,机构吸筹+盈利(关注),C,谨慎：资金流入未验证业绩,30.6
600926,杭州银行,17.14,-34.4,1.3,-7.1,-6.28,-208390715,-154309611,-476827692,1360633,-1210216,-25144000,缩量,低,情绪退潮,观望,资金观望型,,D,回避：资金观望,-2.1
600925,苏能股份,4.1,-36.4,0.58,-39.4,-3.01,-4482730,2170717,14259189,-2639049,-5718580,-58101,缩量,低,情绪退潮,观望,高位分歧型,,D,回避：资金观望,-1.0
600928,西安银行,3.5,-16.5,0.69,-20.7,4.43,18485350,38627645,2626340,-3125214,-1829666,-3846583,缩量,低,情绪退潮,观望,趋势转多型,,D,回避：资金观望,1.5
600927,永安期货,12.29,-28.6,0.78,-37.4,-1.37,-3663392,-5965468,-16189826,2543011,2548956,-3851529,缩量,低,情绪退潮,观望,资金撤退型,,D,回避：资金撤退,-0.5
600906,财达证券,6.46,-45.7,3.45,-25.7,-6.11,-44625459,-74181742,-86593606,6913794,13139492,-6933916,缩量,低,情绪退潮,吸筹,资金撤退型,机构吸筹+盈利(关注),C,谨慎：资金流入未验证业绩,22.0
600936,北投科技,4.53,-47.5,5.72,-6.3,-7.54,-109620338,-236777386,-117890726,-5232174,-1071588,4433918,缩量,低,情绪退潮,观望,长线吸筹型,,D,回避：资金观望,-2.5
600938,中国海油,32.3,-43.3,1.07,18.3,-0.56,-38323777,64948558,-58861090,-86352979,-22742010,165274047,缩量,低,情绪退潮,观望,资金观望型,,D,回避：资金观望,-0.2
600929,雪天盐业,6.1,383.0,0.42,268.0,0.84,21723947,48831327,21521266,3204628,7318467,19223588,放量,低,游资情绪,抢筹,趋势转多型,资金+业绩共振(双击候选),B,关注：资金+业绩共振,88.3
600941,中国移动,96.63,-37.2,1.1,-23.1,-3.12,-99920380,-242360238,-69533513,18979130,19897953,-64723895,缩量,低,情绪退潮,观望,资金观望型,,D,回避：资金观望,-1.0
600959,江苏有线,3.12,-25.1,0.42,-5.4,-2.51,-8612076,10108992,25886710,-8898973,-6967761,1815666,缩量,低,情绪退潮,观望,资金观望型,,D,回避：资金观望,-0.8
600958,东方证券,8.83,-43.3,1.13,-25.7,-16.61,-257172896,-332547004,-143897013,13344161,8792402,4431582,缩量,低,情绪退潮,观望,长线吸筹型,,D,回避：资金观望,-5.5
600956,新天绿能,7.21,-22.4,0.21,22.9,-5.8,-17898253,-14819850,-21571936,-5994852,-1608955,6273740,缩量,低,情绪退潮,观望,资金观望型,,D,回避：资金观望,-1.9
600935,华塑股份,2.32,34.6,0.58,46.8,7.8,15990125,21623707,15191240,21222988,15135260,-11381430,缩量,中,主力惜售,吸筹,短线抢筹型,纯资金炒作(亏损风险),C,谨慎：纯资金炒作,18.6
600930,华电新能,3.97,36.1,0.41,48.7,-0.56,-17409511,51127452,-51294461,88924748,82998111,-41234348,缩量,低,情绪退潮,吸筹,资金观望型,机构吸筹+盈利(关注),C,谨慎：资金流入未验证业绩,23.8
600962,国投中鲁,26.31,-57.1,3.53,-33.5,-5.02,-32577762,-57199863,-37913726,-12728459,-16057890,5939858,缩量,低,情绪退潮,观望,资金观望型,,D,回避：资金观望,-1.7
600933,爱柯迪,14.03,123.3,0.72,41.1,3.02,28882776,35622579,13469898,13046324,17231965,8973592,放量,低,游资情绪,抢筹,趋势转多型,资金+业绩共振(双击候选),B,关注：资金+业绩共振,89.0
600963,岳阳林纸,3.39,-23.1,0.51,-15.9,4.86,18850058,7767009,-1055359,-9737706,-14473001,4531212,缩量,低,情绪退潮,观望,资金观望型,,D,回避：资金观望,1.6
600939,重庆建工,2.62,6.6,1.06,-13.8,5.95,8533876,11868761,14150506,-2397701,-1141672,2152154,缩量,中,主力惜售,进场,主力建仓型,纯资金炒作(亏损风险),C,谨慎：纯资金炒作,26.0
600960,渤海汽车,3.9,-35.0,0.68,12.6,2.61,5632326,11385468,240884,1978028,877471,-3039235,缩量,低,情绪退潮,进场,趋势转多型,资金+业绩共振(双击候选),B,关注：资金+业绩共振,72.9
600961,株冶集团,25.5,-50.3,0.48,-43.3,-1.52,-51012450,-142226181,-391298231,22974526,23313272,-17837320,缩量,低,情绪退潮,吸筹,资金撤退型,机构吸筹+盈利(关注),C,谨慎：资金流入未验证业绩,23.5
600966,博汇纸业,4.94,-31.2,0.56,-24.8,4.66,12013637,-2284016,-37777713,-2143350,-1423951,-822202,缩量,低,情绪退潮,观望,资金观望型,,D,回避：资金观望,1.6
600967,内蒙一机,13.56,276.4,1.23,124.8,4.04,288623410,214312071,538913622,-1690139,13208277,-19345843,放量,低,游资情绪,观望,资金观望型,,D,回避：资金观望,9.3
600968,海油发展,3.95,-39.1,0.78,-15.3,1.93,12772830,-2604742,-146535398,-703917,-2200773,-14991556,缩量,低,情绪退潮,观望,资金观望型,,D,回避：资金观望,0.6
600973,宝胜股份,6.11,-52.9,0.65,20.9,-0.1,-510857,-20289808,-83373271,-1247540,-1228421,10185973,缩量,低,情绪退潮,观望,资金撤退型,,D,回避：资金撤退,-0.0
600971,恒源煤电,8.34,-28.3,0.83,-48.2,-0.04,-188301,9791541,-64325567,-5070920,-1775750,3121186,缩量,低,情绪退潮,观望,资金观望型,,D,回避：资金观望,-0.0
600976,健民集团,26.44,-84.9,2.36,-43.8,-3.24,-3749654,-27946983,443167,282787,0,-2023164,缩量,低,情绪退潮,观望,长线吸筹型,,D,回避：资金观望,-1.1
600977,中国电影,12.93,-64.1,0.98,-26.0,-2.81,-27294531,-69119916,-74413332,8339371,9113018,2190572,缩量,低,情绪退潮,观望,资金撤退型,,D,回避：资金撤退,-0.9
600979,广安爱众,4.03,17.3,0.12,142.9,-1.7,-16124725,-30979087,-25514854,-16400484,-14839482,22849715,缩量,低,情绪退潮,观望,资金观望型,,D,回避：资金观望,-0.6
600981,苏豪汇鸿,2.39,-16.9,0.71,1.4,-0.82,-1503510,-2282671,-9168882,2839095,115304,-4252998,缩量,低,情绪退潮,观望,资金撤退型,,D,回避：资金撤退,-0.3
600982,宁波能源,5.2,-0.5,0.27,195.0,-1.36,-16026102,-7202573,-5901669,-3315866,2866762,8210738,缩量,低,情绪退潮,观望,资金观望型,,D,回避：资金观望,-0.5
600970,中材国际,7.7,-42.4,0.79,-33.0,-3.84,-17920037,-11326678,22426398,5083762,3630538,-1986376,缩量,低,情绪退潮,吸筹,长线吸筹型,机构吸筹+盈利(关注),C,谨慎：资金流入未验证业绩,22.7
600984,建设机械,3.52,-61.5,1.07,-74.6,-7.06,-22461971,-48957028,-331188243,-3334159,69143,4681920,缩量,低,情绪退潮,观望,资金撤退型,,D,回避：资金撤退,-2.4
600975,新五丰,5.21,38.8,1.18,176.7,-2.1,-15789489,27840551,4369930,18607331,14951267,-8080881,缩量,低,情绪退潮,吸筹,资金观望型,纯资金炒作(亏损风险),C,谨慎：纯资金炒作,3.3
600983,惠而浦,7.36,-54.4,0.22,-46.1,2.06,877185,-21359,-3973259,-702382,-640840,769761,缩量,低,情绪退潮,观望,资金观望型,,D,回避：资金观望,0.7
600986,浙文互联,7.1,-70.5,0.21,-40.6,-4.11,-38573073,-103697763,-179222834,8771655,7785513,-15885776,缩量,低,情绪退潮,观望,资金撤退型,,D,回避：资金撤退,-1.4
600992,贵绳股份,9.61,-79.7,1.92,-14.3,-0.11,-187477,895736,-9506974,-210092,0,-1233019,缩量,低,情绪退潮,观望,资金观望型,,D,回避：资金观望,-0.0
600993,马应龙,22.67,-60.3,1.52,-27.9,-8.33,-25597028,-55483839,-19943213,2499915,1020991,2199546,缩量,低,情绪退潮,观望,长线吸筹型,,D,回避：资金观望,-2.8
600996,贵广网络,6.92,-31.9,0.75,-27.5,-0.89,-4033358,-9317242,-40688361,-8077062,-11469748,7604314,缩量,低,情绪退潮,观望,资金撤退型,,D,回避：资金撤退,-0.3
600985,淮北矿业,16.44,-23.6,1.56,-44.2,6.33,84811780,57333212,-125307240,-470580,6640434,18166724,缩量,中,主力惜售,进场,资金观望型,资金+业绩共振(双击候选),B,关注：资金+业绩共振,86.1
600988,赤峰黄金,44.26,-7.6,1.48,-38.4,1.85,196988594,-102376238,-1319100837,236370812,144273643,-120709961,缩量,低,情绪退潮,吸筹,资金观望型,资金+业绩共振(双击候选),B,关注：资金+业绩共振,64.6
600987,航民股份,6.34,-41.6,0.51,-10.4,8.99,11738135,14897712,11417566,-2272957,-3551630,-2913852,缩量,中,主力惜售,进场,短线抢筹型,资金+业绩共振(双击候选),B,关注：资金+业绩共振,87.0
600998,九州通,5.0,-15.8,1.0,-7.0,-2.42,-19629825,-53875678,-47501212,9863549,5988486,-12907774,缩量,低,情绪退潮,观望,资金观望型,,D,回避：资金观望,-0.8
600989,宝丰能源,23.59,-41.0,0.57,-3.2,1.94,135484634,-78352361,-213413893,23605966,9099796,-26334463,缩量,低,情绪退潮,进场,资金观望型,资金+业绩共振(双击候选),B,关注：资金+业绩共振,72.6
600990,四创电子,18.06,-68.2,1.17,-27.4,-5.02,-11053113,-19237133,-18896445,-1689025,546900,-427010,缩量,低,情绪退潮,吸筹,资金观望型,纯资金炒作(亏损风险),C,谨慎：纯资金炒作,2.3
601000,唐山港,4.47,-5.6,1.21,-10.6,1.33,10471202,44010008,63413422,-897397,-10101036,-9624026,缩量,低,情绪退潮,观望,均衡流入型,,D,回避：资金观望,0.4
601001,晋控煤业,16.81,-37.4,1.54,-22.0,1.02,15762133,-44559838,-10005855,-17442870,-10969795,1046179,缩量,低,情绪退潮,观望,资金观望型,,D,回避：资金观望,0.3
600997,开滦股份,5.16,-23.6,0.9,-27.5,2.24,6053749,2198026,-954015,7529408,3994952,-11014233,缩量,低,情绪退潮,进场,资金观望型,纯资金炒作(亏损风险),C,谨慎：纯资金炒作,12.7
600999,招商证券,17.59,-69.0,3.9,-40.1,-7.22,-208482730,-203474605,194139299,18751271,19672823,-7202350,缩量,低,情绪退潮,吸筹,长线吸筹型,机构吸筹+盈利(关注),C,谨慎：资金流入未验证业绩,21.6
601003,柳钢股份,3.56,-51.1,1.67,-26.6,-2.55,-6628467,-3416380,34657560,-2550806,-2172144,-2541020,缩量,低,情绪退潮,观望,长线吸筹型,,D,回避：资金观望,-0.8
601005,重庆钢铁,1.2,-48.4,1.4,24.7,-9.38,-29324729,-37494120,-35135873,-1114747,-2830382,250195,缩量,低,情绪退潮,观望,资金观望型,,D,回避：资金观望,-3.1
601006,大秦铁路,4.7,-39.2,1.39,-11.2,-4.43,-106995419,-116319727,-252884214,-2242817,-20788888,-19460521,缩量,低,情绪退潮,观望,资金撤退型,,D,回避：资金撤退,-1.5
601007,金陵饭店,6.76,44.4,0.15,7.7,-2.77,-6028279,-5297683,-139779,-7207523,-4990,780251,缩量,低,情绪退潮,观望,资金观望型,,D,回避：资金观望,-0.9
601008,连云港,4.44,134.2,0.97,158.7,-2.77,-18241492,8978344,-3342908,-8341118,-4318278,7216888,放量,低,游资情绪,观望,资金观望型,,D,回避：资金观望,7.1
601009,南京银行,11.8,-2.0,0.98,-16.2,-2.78,-78048177,-78503605,-479755079,-9991877,-8717576,-5656889,缩量,低,情绪退潮,观望,资金撤退型,,D,回避：资金撤退,-0.9
601002,晋亿实业,5.24,-57.2,0.32,-40.8,-0.22,-427759,-24466005,-34160404,4925378,6125871,-5263782,缩量,低,情绪退潮,吸筹,资金撤退型,机构吸筹+盈利(关注),C,谨慎：资金流入未验证业绩,23.9
601011,宝泰隆,2.9,23.7,0.79,-50.6,-1.59,-9114433,-3624407,-48400262,-5616683,-240714,14675445,缩量,低,情绪退潮,观望,资金观望型,,D,回避：资金观望,-0.5
601021,春秋航空,41.9,-43.6,1.75,-4.2,0.3,2037625,-9253397,-7556745,-14249713,-3467339,-6856975,缩量,低,情绪退潮,观望,资金观望型,,D,回避：资金观望,0.1
601012,隆基绿能,11.23,-47.3,0.91,-23.7,-11.06,-373145813,-421841699,-842351275,99556990,98149346,-77589821,缩量,低,情绪退潮,吸筹,资金撤退型,纯资金炒作(亏损风险),C,谨慎：纯资金炒作,0.3
601015,陕西黑猫,3.62,97.2,0.53,-4.1,0.04,551463,35711209,27804850,9330288,15680020,-1848182,放量,低,游资情绪,抢筹,趋势转多型,纯资金炒作(亏损风险),C,谨慎：纯资金炒作,28.0
601020,华钰矿业,21.44,-34.4,0.43,-28.7,-7.56,-161686350,-59214305,56681276,7961635,7895673,-3579904,缩量,低,情绪退潮,吸筹,资金观望型,机构吸筹+盈利(关注),C,谨慎：资金流入未验证业绩,21.5
601018,宁波港,3.42,54.5,1.33,3.4,5.74,57927874,108242183,66662468,29062929,13309935,-54409956,放量,中,主力偏强放量,进场,短线抢筹型,资金+业绩共振(双击候选),B,关注：资金+业绩共振,89.9
601016,节能风电,3.43,-41.8,0.23,71.0,0.48,13322371,120972080,45064699,25691837,22903714,-1072958,缩量,低,情绪退潮,吸筹,趋势转多型,资金+业绩共振(双击候选),B,关注：资金+业绩共振,64.2
601019,山东出版,6.73,-6.1,1.02,-31.1,0.54,1383096,-4700654,12333933,6266819,2859597,-9624906,缩量,低,情绪退潮,进场,资金观望型,资金+业绩共振(双击候选),B,关注：资金+业绩共振,72.2
601038,一拖股份,14.27,-59.8,1.9,-45.8,-3.82,-17240334,-53909888,-14009484,2837856,2606630,773593,缩量,低,情绪退潮,观望,长线吸筹型,,D,回避：资金观望,-1.3
601061,中信金属,11.54,-7.7,0.51,2.7,-3.95,-36665958,-16409175,-21896569,6906834,29358346,5044079,缩量,低,情绪退潮,观望,资金观望型,,D,回避：资金观望,-1.3
601022,宁波远洋,8.54,163.1,0.63,68.5,0.28,1523603,2432429,-27307842,6431699,8565152,4726762,放量,低,游资情绪,抢筹,趋势转多型,资金+业绩共振(双击候选),B,关注：资金+业绩共振,88.1
601026,道生天合,15.95,127.4,0.83,-25.7,-0.5,-1704857,-9998898,-58391641,75323404,74467689,-48492190,放量,低,游资情绪,抢筹,资金撤退型,机构吸筹+盈利(关注),C,谨慎：资金流入未验证业绩,47.8
601058,赛轮轮胎,13.85,-38.2,1.76,-1.6,2.79,56207924,143154041,-250862180,31998717,-8554548,-35712321,缩量,低,情绪退潮,进场,趋势转多型,资金+业绩共振(双击候选),B,关注：资金+业绩共振,72.9
601033,永兴股份,14.38,-50.6,1.45,-30.6,5.7,9946007,-5235429,-10128772,-3011019,-2232485,1172705,缩量,中,主力惜售,进场,资金观望型,资金+业绩共振(双击候选),B,关注：资金+业绩共振,85.9
601068,中铝国际,4.4,-38.5,0.69,-15.0,-0.93,-1735648,2278056,-2958080,-1918878,-1199430,39371,缩量,低,情绪退潮,观望,资金观望型,,D,回避：资金观望,-0.3
601065,江盐集团,6.7,-39.3,0.52,-11.9,-4.06,-4850135,-9053527,8471735,1851522,1586844,-355305,缩量,低,情绪退潮,吸筹,长线吸筹型,机构吸筹+盈利(关注),C,谨慎：资金流入未验证业绩,22.6
601066,中信建投,23.62,-72.2,7.06,-30.8,-12.16,-172975725,-265597347,-257485847,-19322443,-7468741,27542743,缩量,低,情绪退潮,观望,资金观望型,,D,回避：资金观望,-4.1
601059,信达证券,15.56,-100.0,1.49,33.5,5.98,64739287,123695494,57720527,0,0,0,缩量,中,主力惜售,进场,短线抢筹型,资金+业绩共振(双击候选),B,关注：资金+业绩共振,86.0
601069,西部黄金,28.0,-24.7,1.43,-52.4,-5.38,-126901397,-72496542,-367782655,6036168,4765258,8523029,缩量,低,情绪退潮,观望,资金观望型,,D,回避：资金观望,-1.8
601077,渝农商行,6.53,-7.2,2.34,-3.6,-2.91,-59291537,-26242968,-273347572,4497072,35415219,7682662,缩量,低,情绪退潮,观望,资金观望型,,D,回避：资金观望,-1.0
601088,中国神华,46.23,-56.1,1.11,-9.3,-2.19,-91812228,28689610,124960369,3608377,-54666846,281092,缩量,低,情绪退潮,观望,资金观望型,,D,回避：资金观望,-0.7
601089,福元医药,15.76,-63.2,0.93,-39.1,-3.33,-4543137,-2315454,-12402452,397778,0,-922801,缩量,低,情绪退潮,观望,资金观望型,,D,回避：资金观望,-1.1
601083,锦江航运,12.56,158.0,0.51,-47.5,0.37,2459715,21882603,-35164550,1187300,126023,-14824025,放量,低,游资情绪,进场,趋势转多型,资金+业绩共振(双击候选),B,关注：资金+业绩共振,80.1
601086,国芳集团,16.06,1803.2,0.85,325.1,-3.03,-206426316,-94288284,8375699,452214552,396292474,-255182812,放量,低,游资情绪,抢筹,资金观望型,机构吸筹+盈利(关注),C,谨慎：资金流入未验证业绩,47.0
601101,昊华能源,12.92,-54.2,0.92,-56.1,-13.57,-147310345,-174484727,-284506508,-3402283,-7194120,9281410,缩量,低,情绪退潮,观望,资金撤退型,,D,回避：资金撤退,-4.5
601100,恒立液压,92.2,-31.3,0.62,18.1,2.17,119133340,91724304,-40596568,-10400766,1248436,-31994773,缩量,低,情绪退潮,观望,资金观望型,,D,回避：资金观望,0.7
601096,XD宏盛华,4.11,-56.4,0.88,-2.2,2.35,6750018,17330687,8413904,385822,1658799,3383713,缩量,低,情绪退潮,进场,趋势转多型,资金+业绩共振(双击候选),B,关注：资金+业绩共振,72.8
601099,太平洋,3.47,-3.0,1.07,-40.2,-0.12,-1706880,149912,19264254,44504330,35250724,-32744756,缩量,低,情绪退潮,吸筹,资金观望型,机构吸筹+盈利(关注),C,谨慎：资金流入未验证业绩,24.0
601098,中南传媒,10.28,-28.3,1.28,-17.0,4.71,21938252,52887871,67651128,9635638,1440014,-8445334,缩量,低,情绪退潮,进场,主力建仓型,资金+业绩共振(双击候选),B,关注：资金+业绩共振,73.6
601107,四川成渝,5.95,-34.3,0.99,-7.0,4.37,11674864,30990560,21449392,3724332,2076127,-4131193,缩量,低,情绪退潮,进场,趋势转多型,资金+业绩共振(双击候选),B,关注：资金+业绩共振,73.5
601106,中国一重,3.04,-35.9,0.99,36.6,3.8,32145479,55240087,69145613,3556479,1580971,1629923,缩量,低,情绪退潮,进场,主力建仓型,纯资金炒作(亏损风险),C,谨慎：纯资金炒作,13.3
601108,财通证券,8.44,-24.6,2.17,-22.5,3.19,60564693,44565159,119048168,25249420,9161142,-36942329,缩量,低,情绪退潮,进场,资金观望型,资金+业绩共振(双击候选),B,关注：资金+业绩共振,73.1
601118,海南橡胶,6.15,184.3,0.98,32.9,-5.02,-245938271,-230187552,-138583741,-44333969,-30090244,67848555,放量,低,游资情绪,观望,资金观望型,,D,回避：资金观望,6.3
601111,中国国航,5.83,-16.0,0.91,-17.3,-5.12,-72825434,-126654074,-60711134,24678809,23808120,-3634067,缩量,低,情绪退潮,吸筹,资金观望型,纯资金炒作(亏损风险),C,谨慎：纯资金炒作,2.3
601116,三江购物,10.02,77.2,0.73,12.2,-9.55,-74801279,-26161601,-79877,-3496995,2311404,-1149613,放量,低,游资情绪,吸筹,资金观望型,机构吸筹+盈利(关注),C,谨慎：资金流入未验证业绩,28.8
601113,华鼎股份,3.39,-32.7,0.39,-11.8,6.13,7629788,-164106,-14540564,431717,-1917666,-3220640,缩量,中,主力惜售,进场,资金观望型,资金+业绩共振(双击候选),B,关注：资金+业绩共振,86.0
601121,宝地矿业,7.19,-27.2,1.38,-13.4,2.25,8943707,603058,-37310374,-2650995,-1797674,-3174409,缩量,低,情绪退潮,观望,资金观望型,,D,回避：资金观望,0.8
601117,中国化学,7.19,-65.1,0.79,-28.6,-13.25,-175359606,-203409524,-451778309,15963048,16964537,-8011621,缩量,低,情绪退潮,吸筹,资金撤退型,机构吸筹+盈利(关注),C,谨慎：资金流入未验证业绩,19.6
601127,赛力斯,47.19,-36.9,0.9,41.4,-1.62,-125479701,-209188383,-410189050,-57975172,-63824674,98659699,缩量,低,情绪退潮,观望,资金撤退型,,D,回避：资金撤退,-0.5
601128,常熟银行,6.27,-20.4,0.75,-26.5,-1.63,-20771140,43270749,-107111525,-6315427,-8101208,-8182882,缩量,低,情绪退潮,观望,资金观望型,,D,回避：资金观望,-0.5
601126,四方股份,41.0,-40.1,0.75,8.8,-2.93,-101328481,174232366,-200515180,27468291,48745546,-8011021,缩量,低,情绪退潮,吸筹,资金观望型,机构吸筹+盈利(关注),C,谨慎：资金流入未验证业绩,23.0
601137,博威合金,20.5,-32.3,1.44,-44.4,-3.87,-42296507,-210546200,-238130915,12003436,10175375,5265571,缩量,低,情绪退潮,观望,资金撤退型,,D,回避：资金撤退,-1.3
601156,东航物流,18.08,-64.3,2.01,2.0,-9.62,-85863294,-126719800,-166598663,-5334700,-1106916,-1193301,缩量,低,情绪退潮,观望,资金撤退型,,D,回避：资金撤退,-3.2
601139,深圳燃气,6.34,-57.4,0.93,-17.8,1.51,6902109,-2080871,17812694,-2050392,-1611070,-100220,缩量,低,情绪退潮,观望,资金观望型,,D,回避：资金观望,0.5
601158,重庆水务,4.01,-11.4,1.25,7.0,-3.72,-5134006,3171121,3767899,-476552,2162122,-3177646,缩量,低,情绪退潮,观望,资金观望型,,D,回避：资金观望,-1.2
601133,柏诚股份,26.0,-52.8,1.91,-31.5,-0.84,-8005743,-4142917,-37825055,105360799,89241922,-66387224,缩量,低,情绪退潮,吸筹,资金观望型,机构吸筹+盈利(关注),C,谨慎：资金流入未验证业绩,23.7
601166,兴业银行,17.78,-41.6,0.99,-42.1,-7.07,-432280218,-1011142962,-2210686672,7076413,26749601,-28898174,缩量,低,情绪退潮,观望,资金撤退型,,D,回避：资金撤退,-2.4
601179,中国西电,12.23,-70.1,0.61,-21.6,-6.62,-193166069,-165904810,-534468634,1168569,-216521,16010741,缩量,低,情绪退潮,观望,资金观望型,,D,回避：资金观望,-2.2
601177,杭齿前进,13.59,-57.4,2.19,-66.6,-1.94,-4487407,-19867477,16097124,989472,3166232,1801345,缩量,低,情绪退潮,观望,长线吸筹型,,D,回避：资金观望,-0.6
601155,新城控股,12.24,136.7,1.24,-32.7,-1.4,-16144130,-60134699,-73992450,57584587,68048941,-26727175,放量,低,游资情绪,抢筹,资金撤退型,机构吸筹+盈利(关注),C,谨慎：资金流入未验证业绩,47.5
601169,北京银行,5.54,6.5,1.1,-27.4,-3.33,-151209077,-281709475,-475341811,-23402414,-30861256,35678380,缩量,低,情绪退潮,观望,资金撤退型,,D,回避：资金撤退,-1.1
601138,工业富联,62.71,-28.1,0.6,-13.5,-7.14,-1684662157,-290013437,983262453,730644406,703830764,-242985623,缩量,低,情绪退潮,吸筹,高位分歧型,机构吸筹+盈利(关注),C,谨慎：资金流入未验证业绩,21.6
601186,中国铁建,6.03,-63.5,0.95,12.3,-11.33,-90002381,-45035856,-64121405,-13799907,-15138475,1790992,缩量,低,情绪退潮,观望,资金观望型,,D,回避：资金观望,-3.8
601163,三角轮胎,12.39,-54.4,0.85,-36.8,1.77,2182835,17174031,29969044,856225,-154853,-3095398,缩量,低,情绪退潮,进场,均衡流入型,资金+业绩共振(双击候选),B,关注：资金+业绩共振,72.6
601162,天风证券,3.63,-50.3,2.75,-35.3,-9.57,-168475647,-217578948,-135260636,67798839,57841858,-48193179,缩量,低,情绪退潮,吸筹,资金观望型,机构吸筹+盈利(关注),C,谨慎：资金流入未验证业绩,20.8
601188,龙江交通,2.86,-21.6,0.75,-10.9,-3.76,-6904181,-10335855,-27665294,1726394,-473857,-1900029,缩量,低,情绪退潮,观望,资金撤退型,,D,回避：资金撤退,-1.3
601198,东兴证券,13.06,-100.0,2.28,52.6,2.25,57924809,-113586345,-178592036,0,0,0,缩量,低,情绪退潮,观望,资金观望型,,D,回避：资金观望,0.8
601200,上海环境,6.83,-39.5,0.9,1.2,-5.64,-10992826,-9069328,-30102780,-1282936,-3474026,-5182119,缩量,低,情绪退潮,观望,资金观望型,,D,回避：资金观望,-1.9
601208,东材科技,51.3,16.5,1.51,8.1,2.03,388969577,858898218,1557293702,-265498155,-284905896,136254827,缩量,低,情绪退潮,观望,主力建仓型,,D,回避：资金观望,0.7
601187,厦门银行,6.88,70.6,1.0,2.5,2.08,17576076,41347313,32137390,7915276,-2991813,-37288770,放量,低,游资情绪,进场,趋势转多型,资金+业绩共振(双击候选),B,关注：资金+业绩共振,80.7
601211,国泰海通,17.5,-56.0,1.21,-27.7,-3.06,-138203237,-134970545,145234964,-8342329,23781632,71573246,缩量,低,情绪退潮,观望,高位分歧型,,D,回避：资金观望,-1.0
601199,江南水务,6.56,-3.1,1.82,143.1,1.81,19420221,8748820,-21915810,285362,2696,3174620,缩量,低,情绪退潮,进场,资金观望型,资金+业绩共振(双击候选),B,关注：资金+业绩共振,72.6
601218,吉鑫科技,5.55,772.2,0.31,541.3,4.06,192207499,198613000,173484568,-84267926,-74521128,28533655,放量,低,游资情绪,观望,趋势转多型,,D,回避：资金观望,9.4
601222,林洋能源,5.94,-17.8,0.7,-52.4,-2.98,-14914129,-52402374,-10833625,5627834,2468289,835249,缩量,低,情绪退潮,观望,长线吸筹型,,D,回避：资金观望,-1.0
601226,华电科工,6.57,-40.1,0.58,-29.0,-1.95,-5020361,378118,12734681,2916591,1807893,-3239648,缩量,低,情绪退潮,观望,高位分歧型,,D,回避：资金观望,-0.7
601225,陕西煤业,25.2,-42.9,0.86,-14.4,-2.15,-74661248,90958170,-236279977,28760644,-20378272,-19721368,缩量,低,情绪退潮,观望,资金观望型,,D,回避：资金观望,-0.7
601229,上海银行,9.56,-32.5,0.88,-35.4,-5.72,-115654616,-7345254,-308182384,23431274,21499588,-31111966,缩量,低,情绪退潮,观望,资金观望型,,D,回避：资金观望,-1.9
601231,环旭电子,26.99,5.9,0.42,61.5,-0.45,-24342884,324646668,304395715,94455475,37012038,-48500714,缩量,低,情绪退潮,观望,资金观望型,,D,回避：资金观望,-0.1
601233,桐昆股份,23.81,-6.8,1.7,-36.6,-3.28,-117197453,-115575885,203451940,-39042787,-58598467,-52445927,缩量,低,情绪退潮,观望,长线吸筹型,,D,回避：资金观望,-1.1
601216,君正集团,4.62,-29.1,0.66,-15.7,-7.2,-78785558,-73675398,-205812332,20951652,12719578,-12653771,缩量,低,情绪退潮,吸筹,资金观望型,机构吸筹+盈利(关注),C,谨慎：资金流入未验证业绩,21.6
601236,红塔证券,6.73,-51.7,1.79,-43.8,-14.26,-42345125,-60681688,-13133630,-3153570,-7083085,1255420,缩量,低,情绪退潮,观望,长线吸筹型,,D,回避：资金观望,-4.8
601238,广汽集团,5.09,-100.0,2.04,-45.8,1.07,4912822,-14508060,52108668,0,0,0,缩量,低,情绪退潮,观望,长线吸筹型,,D,回避：资金观望,0.4
601288,农业银行,6.81,-33.5,1.71,-16.3,-1.55,-133572427,-306334686,-318544988,-136865000,-148186429,58923098,缩量,低,情绪退潮,观望,资金撤退型,,D,回避：资金撤退,-0.5
601298,青岛港,9.65,-0.8,1.58,36.7,3.06,17439389,40079874,29164054,-718666,568138,2587888,缩量,低,情绪退潮,观望,趋势转多型,,D,回避：资金观望,1.0
601228,广州港,3.07,-29.2,1.08,-11.6,6.3,21097030,15754079,-6313758,429734,-1348370,-4844347,缩量,中,主力惜售,进场,资金观望型,资金+业绩共振(双击候选),B,关注：资金+业绩共振,86.1
601311,骆驼股份,7.39,-53.6,0.13,-52.3,-5.12,-10982774,-53269219,-34822124,-1765467,-4315577,-226114,缩量,低,情绪退潮,观望,长线吸筹型,,D,回避：资金观望,-1.7
601318,中国平安,53.37,-31.0,1.37,-30.4,-4.62,-633176490,-1819834986,-538996626,492210831,357994025,-517256357,缩量,低,情绪退潮,观望,长线吸筹型,,D,回避：资金观望,-1.5
601328,交通银行,7.46,10.2,1.92,-2.9,-1.74,-116926460,-184098592,-492573630,-228572818,-284651786,111183195,缩量,低,情绪退潮,观望,资金撤退型,,D,回避：资金撤退,-0.6
601326,秦港股份,3.51,-18.0,1.07,-19.5,-5.56,-19250713,-45413246,-60091874,1938683,2169286,-6841596,缩量,低,情绪退潮,观望,资金撤退型,,D,回避：资金撤退,-1.9
601279,英利汽车,3.48,94.9,0.9,70.1,8.6,46279871,52548192,57840018,637954,175953,-1433133,放量,中,主力偏强放量,进场,均衡流入型,纯资金炒作(亏损风险),C,谨慎：纯资金炒作,30.9
601330,绿色动力,8.37,10.2,0.17,7.8,-6.36,-41690553,-57088410,-19239616,-4562566,-2469574,10762761,缩量,低,情绪退潮,观望,资金观望型,,D,回避：资金观望,-2.1
601336,新华保险,58.18,-58.1,1.67,-41.1,-5.98,-183377881,-467424939,-448282135,44951200,18654553,-74909818,缩量,低,情绪退潮,观望,资金观望型,,D,回避：资金观望,-2.0
601339,百隆东方,7.27,-54.8,1.0,-20.5,-16.3,-45773853,-44624416,-23798359,-2645146,604524,2603099,缩量,低,情绪退潮,观望,长线吸筹型,,D,回避：资金观望,-5.4
601319,中国人保,7.82,12.9,2.03,-36.2,-6.67,-157086182,-246243816,-361450678,124157394,139064614,-74848063,缩量,低,情绪退潮,吸筹,资金撤退型,机构吸筹+盈利(关注),C,谨慎：资金流入未验证业绩,21.8
601366,利群股份,3.6,28.6,0.75,-20.6,4.11,8579309,4580763,-1196312,-131674,-581674,280584,缩量,低,情绪退潮,观望,资金观望型,,D,回避：资金观望,1.4
601368,绿城水务,4.45,-52.3,1.41,-13.5,-1.59,-1357177,-2968809,-9486850,1636234,83457,-1762547,缩量,低,情绪退潮,观望,资金撤退型,,D,回避：资金撤退,-0.5
601333,广深铁路,3.09,16.0,1.63,-16.9,-2.1,-20699835,-119085723,-238657847,18630906,16556238,-5872336,缩量,低,情绪退潮,吸筹,资金撤退型,机构吸筹+盈利(关注),C,谨慎：资金流入未验证业绩,23.3
601377,兴业证券,5.91,-43.4,1.75,-17.7,-10.18,-160796970,-143585646,-121519840,8698799,1616498,-7363369,缩量,低,情绪退潮,观望,资金观望型,,D,回避：资金观望,-3.4
601375,中原证券,3.98,-28.8,1.87,-24.1,-3.51,-20727618,-22821503,-94329931,3544330,-7923550,-8149435,缩量,低,情绪退潮,观望,资金撤退型,,D,回避：资金撤退,-1.2
601388,怡球资源,3.24,-31.9,0.35,-56.7,-11.87,-45480126,-60444890,-49915346,-11058910,-11719571,4321045,缩量,低,情绪退潮,观望,资金观望型,,D,回避：资金观望,-4.0
601399,国机重装,3.2,-58.7,0.51,-7.7,-2.87,-19701772,22161208,-30157626,2232673,4320065,3278081,缩量,低,情绪退潮,观望,资金观望型,,D,回避：资金观望,-1.0
601360,三六零,8.77,-20.3,1.27,-17.1,0.99,58668465,-47850140,115458899,71352321,77512545,-40512231,缩量,低,情绪退潮,吸筹,资金观望型,资金+业绩共振(双击候选),B,关注：资金+业绩共振,64.3
601390,中国中铁,4.3,-40.6,0.87,-10.4,-7.98,-120243959,-78339275,-184338395,-6955543,-2474501,-3441746,缩量,低,情绪退潮,观望,资金观望型,,D,回避：资金观望,-2.7
601398,工商银行,8.07,-42.8,2.05,-17.9,-2.56,-246602842,-425737001,-515251546,-43482092,-35085535,23361040,缩量,低,情绪退潮,观望,资金撤退型,,D,回避：资金撤退,-0.9
601456,国联民生,8.66,-46.2,1.08,-29.2,-0.75,-3159408,-9450177,-17810838,7338247,6002061,3275284,缩量,低,情绪退潮,观望,资金撤退型,,D,回避：资金撤退,-0.2
601500,通用股份,3.89,-34.0,1.11,-28.1,-0.18,-383184,-6821298,-18771758,-2163467,-2847959,-722656,缩量,低,情绪退潮,观望,资金撤退型,,D,回避：资金撤退,-0.1
601369,陕鼓动力,9.02,92.1,1.92,0.8,-0.39,-2186455,-7137483,8901016,73388723,78567515,-39590064,放量,低,游资情绪,抢筹,资金观望型,机构吸筹+盈利(关注),C,谨慎：资金流入未验证业绩,47.9
601515,衢州东峰,3.29,-47.5,0.36,-25.3,2.24,4334232,-3553879,-9596932,-1596261,-1524821,2168834,缩量,低,情绪退潮,观望,资金观望型,,D,回避：资金观望,0.7
601518,吉林高速,2.78,-44.5,0.91,-30.4,-0.0,-5710,-11764802,-21310042,1662127,866631,-2795861,缩量,低,情绪退潮,观望,资金撤退型,,D,回避：资金撤退,0.0
601528,瑞丰银行,4.99,-34.9,1.09,17.6,-2.7,-11671382,-23764806,-16939229,1762881,1829196,-4987906,缩量,低,情绪退潮,观望,资金观望型,,D,回避：资金观望,-0.9
601519,大智慧,8.42,0.1,0.96,-38.4,-1.05,-11722269,-31397269,-57420531,53811128,47249046,-49073061,缩量,低,情绪退潮,观望,资金撤退型,,D,回避：资金撤退,-0.4
601512,中新集团,8.44,-7.3,0.06,-14.4,0.5,767469,9771169,356192,454828,790866,-406202,缩量,低,情绪退潮,吸筹,趋势转多型,资金+业绩共振(双击候选),B,关注：资金+业绩共振,64.2
601566,九牧王,9.02,265.0,0.67,33.4,-2.28,-21427366,-36302561,40873452,-4313593,-9521812,-12434912,放量,低,游资情绪,观望,资金观望型,,D,回避：资金观望,7.2
601577,长沙银行,9.79,-15.6,1.14,-7.0,-7.09,-67832081,-112093012,-165190205,-8680095,-9429753,3873293,缩量,低,情绪退潮,观望,资金撤退型,,D,回避：资金撤退,-2.4
601598,中国外运,6.47,-38.0,1.45,-34.1,2.81,10226497,6768204,11712963,-3760411,-1215249,26883,缩量,低,情绪退潮,观望,资金观望型,,D,回避：资金观望,0.9
601579,会稽山,32.84,628.3,0.64,63.9,3.17,111367724,390122180,483838604,90203351,92973759,-43789620,放量,低,游资情绪,抢筹,主力建仓型,资金+业绩共振(双击候选),B,关注：资金+业绩共振,89.1
601568,北元化工,3.64,-30.2,0.72,54.7,6.45,22789966,22096117,-5841619,1137730,370853,-4466529,缩量,中,主力惜售,进场,资金观望型,资金+业绩共振(双击候选),B,关注：资金+业绩共振,86.2
601567,三星电气,14.27,-15.6,0.61,35.4,6.46,127876618,146904487,120332683,-8417155,-7938224,4291018,缩量,中,主力惜售,进场,趋势转多型,资金+业绩共振(双击候选),B,关注：资金+业绩共振,86.2
601601,中国太保,32.08,-47.7,1.67,-39.9,-5.56,-214907931,-461295094,-298971570,20618519,-6309255,-21344242,缩量,低,情绪退潮,观望,资金观望型,,D,回避：资金观望,-1.9
601588,北辰实业,1.72,55.1,0.44,-18.6,-0.31,-769549,-8466912,-3946346,2757798,8121888,533635,放量,低,游资情绪,抢筹,资金观望型,纯资金炒作(亏损风险),C,谨慎：纯资金炒作,27.9
601595,上海电影,24.51,221.6,1.31,86.8,-0.4,-7202494,241745220,306053119,27164657,28102625,-29317521,放量,低,游资情绪,抢筹,资金观望型,机构吸筹+盈利(关注),C,谨慎：资金流入未验证业绩,47.9
601606,长城军工,32.76,-23.5,1.43,10.7,-4.27,-235192384,-341419906,80332304,3722836,2494701,-5575944,缩量,低,情绪退潮,观望,资金观望型,,D,回避：资金观望,-1.4
601608,中信重工,4.73,-67.2,1.92,9.4,-0.06,-382784,12584457,8647113,273943,608420,2097351,缩量,低,情绪退潮,观望,资金观望型,,D,回避：资金观望,-0.0
601607,XD上海医,15.9,-23.0,2.01,-21.8,-4.45,-31298686,-42428420,-90922328,-25618122,-29802412,-7764305,缩量,低,情绪退潮,观望,资金撤退型,,D,回避：资金撤退,-1.5
601599,浙文影业,3.23,16.4,0.67,-38.9,-5.11,-14752095,-15847756,-27245724,3716108,2585199,-1922873,缩量,低,情绪退潮,吸筹,资金撤退型,机构吸筹+盈利(关注),C,谨慎：资金流入未验证业绩,22.3
601600,中国铝业,9.35,-46.3,1.05,-0.9,-1.96,-133007672,-318327991,-277327146,109860353,134702529,-31241972,缩量,低,情绪退潮,吸筹,资金观望型,机构吸筹+盈利(关注),C,谨慎：资金流入未验证业绩,23.3
601611,中国核建,10.42,-68.4,1.22,13.6,-11.98,-155695624,-77498536,-210044008,-3923240,-2907060,3752638,缩量,低,情绪退潮,观望,资金观望型,,D,回避：资金观望,-4.0
601616,广电电气,3.81,-55.4,0.65,-42.6,-1.75,-3947008,1957162,-38206909,-2891170,56971,2862849,缩量,低,情绪退潮,观望,资金观望型,,D,回避：资金观望,-0.6
601609,金田股份,13.28,8.6,1.6,-40.3,0.02,464255,47310990,-238013048,16268414,5123454,-11424260,缩量,低,情绪退潮,进场,趋势转多型,资金+业绩共振(双击候选),B,关注：资金+业绩共振,72.0
601619,嘉泽新能,4.11,-43.7,0.32,10.3,0.87,6749908,64789775,50056707,-3372145,717863,-7686769,缩量,低,情绪退潮,观望,趋势转多型,,D,回避：资金观望,0.3
601658,邮储银行,5.33,-6.0,1.31,-35.4,-8.38,-344411183,-495710839,-872400392,1214772,5991455,-46743907,缩量,低,情绪退潮,观望,资金撤退型,,D,回避：资金撤退,-2.8
601615,明阳智能,9.74,-39.7,0.54,-10.3,2.26,55498875,-20669909,-596977704,13500618,13253784,2070483,缩量,低,情绪退潮,进场,资金观望型,资金+业绩共振(双击候选),B,关注：资金+业绩共振,72.8
601636,旗滨集团,5.56,-69.5,1.29,-12.7,-3.26,-46267745,-7448571,-15520357,-2504177,443353,-3683363,缩量,低,情绪退潮,观望,资金观望型,,D,回避：资金观望,-1.1
601633,长城汽车,14.05,-6.7,1.16,56.0,-1.95,-24917155,-12578989,-29349728,-56423150,-42721978,26218631,缩量,低,情绪退潮,观望,资金观望型,,D,回避：资金观望,-0.7
601628,中国人寿,37.8,-44.4,2.87,-35.7,-9.75,-343004886,-710188118,-338193334,44341132,3830615,-44870640,缩量,低,情绪退潮,观望,长线吸筹型,,D,回避：资金观望,-3.2
601618,中国中冶,2.54,-39.1,1.17,0.2,-3.93,-37624721,-43442193,-93577555,14749710,17824997,-3387270,缩量,低,情绪退潮,吸筹,资金撤退型,机构吸筹+盈利(关注),C,谨慎：资金流入未验证业绩,22.7
601665,齐鲁银行,6.9,-3.5,0.69,-5.6,-3.57,-60723040,-133172001,-155309389,-1699242,-8738309,12584259,缩量,低,情绪退潮,观望,资金撤退型,,D,回避：资金撤退,-1.2
601666,平煤股份,8.85,-31.4,1.39,-39.5,-1.92,-17729015,-44577839,-219787792,-16662112,-9729117,7619351,缩量,低,情绪退潮,观望,资金撤退型,,D,回避：资金撤退,-0.6
601669,中国电建,4.61,-35.8,0.35,30.3,-5.01,-102561123,-39648781,-197720298,-35119738,-30279437,17869595,缩量,低,情绪退潮,观望,资金观望型,,D,回避：资金观望,-1.7
601677,明泰铝业,16.91,-30.8,0.57,-5.4,1.61,22516170,-16557787,-28191733,-30311670,-15763958,35909927,缩量,低,情绪退潮,观望,资金观望型,,D,回避：资金观望,0.5
601668,中国建筑,4.28,-44.0,1.24,-25.7,-6.11,-240729025,-271318280,-636907891,87442529,92065392,-51489414,缩量,低,情绪退潮,吸筹,资金撤退型,机构吸筹+盈利(关注),C,谨慎：资金流入未验证业绩,22.0
601689,拓普集团,45.0,-37.5,1.2,-1.9,-5.04,-237704842,-558024484,-630473040,-5974514,-5245728,36285367,缩量,低,情绪退潮,观望,资金撤退型,,D,回避：资金撤退,-1.7
601678,滨化股份,6.0,-71.7,5.26,-50.4,-0.99,-15268434,-135604782,-128924912,31538840,25177971,-14882444,缩量,低,情绪退潮,吸筹,资金观望型,机构吸筹+盈利(关注),C,谨慎：资金流入未验证业绩,23.7
601696,中银证券,11.3,-50.8,1.95,-36.0,-12.6,-142261743,-234970399,-144437061,-7150400,-8254677,-5705779,缩量,低,情绪退潮,观望,资金观望型,,D,回避：资金观望,-4.2
601728,中国电信,6.19,-49.9,1.15,-2.4,-3.16,-73150032,-60557147,-223874655,-13403800,14514936,19515346,缩量,低,情绪退潮,观望,资金观望型,,D,回避：资金观望,-1.1
601700,风范股份,6.35,123.6,2.05,-59.3,-3.25,-66005853,-224761587,-508443520,-24942794,-18771926,16980079,放量,低,游资情绪,观望,资金撤退型,,D,回避：资金撤退,6.9
601717,中创智领,13.9,-42.6,1.14,-23.3,-13.21,-153171056,-127161581,-330410860,-29137153,-26777512,14091585,缩量,低,情绪退潮,观望,资金观望型,,D,回避：资金观望,-4.4
601702,华峰铝业,15.07,-73.6,1.26,-43.8,-5.45,-12408400,-9002110,-46125343,-1380202,-1250274,6910051,缩量,低,情绪退潮,观望,资金观望型,,D,回避：资金观望,-1.8
601698,中国卫通,24.21,-52.5,0.26,-5.2,-6.78,-124948637,-119264294,-283900853,37964308,50024560,3087247,缩量,低,情绪退潮,观望,资金观望型,,D,回避：资金观望,-2.3
601686,友发集团,5.08,-40.8,0.66,-17.3,3.58,3452291,604007,-16583635,685096,0,-4253311,缩量,低,情绪退潮,进场,资金观望型,资金+业绩共振(双击候选),B,关注：资金+业绩共振,73.2
601699,潞安环能,15.19,-21.5,1.28,-32.7,-4.15,-69522916,-60724792,-45578266,-74800657,-6920707,48889359,缩量,低,情绪退潮,观望,资金观望型,,D,回避：资金观望,-1.4
601688,华泰证券,18.33,-45.6,1.11,-24.3,-11.31,-466180661,-604366335,-484012950,37791872,66403156,-5021482,缩量,低,情绪退潮,吸筹,资金观望型,机构吸筹+盈利(关注),C,谨慎：资金流入未验证业绩,20.2
601766,中国中车,6.0,-25.0,1.27,-11.6,-7.39,-249629614,-166324211,-324862830,42588878,2087353,-36741095,缩量,低,情绪退潮,观望,资金观望型,,D,回避：资金观望,-2.5
601777,千里科技,7.8,-57.0,0.52,-26.4,-2.96,-16248566,-22355463,-52857536,-15568440,-13716205,2314887,缩量,低,情绪退潮,观望,资金撤退型,,D,回避：资金撤退,-1.0
601727,上海电气,6.5,-37.8,0.81,13.3,-20.25,-310846172,-131702514,-179406773,63369360,71828472,-55754579,缩量,低,情绪退潮,吸筹,资金观望型,机构吸筹+盈利(关注),C,谨慎：资金流入未验证业绩,17.2
601788,光大证券,13.94,-64.6,1.23,-38.1,-16.91,-126286917,-187524046,-153812123,9810469,5709340,-15705200,缩量,低,情绪退潮,观望,资金观望型,,D,回避：资金观望,-5.6
601816,京沪高铁,4.75,-49.4,1.49,-9.6,1.57,40120921,262204703,250290350,-34034992,-34120342,-616656,缩量,低,情绪退潮,观望,趋势转多型,,D,回避：资金观望,0.5
601798,蓝科高新,7.45,-55.8,0.71,-21.6,0.33,440508,539041,2951308,-757283,198724,-331223,缩量,低,情绪退潮,观望,均衡流入型,,D,回避：资金观望,0.1
601778,晶科科技,3.55,-46.7,0.1,-4.9,5.76,90247046,42987214,36025206,-13493004,1597232,28982437,缩量,中,主力惜售,进场,资金观望型,资金+业绩共振(双击候选),B,关注：资金+业绩共振,85.9
601799,星宇股份,72.78,-30.6,1.2,-38.1,-1.37,-18968458,-49572363,-143332029,-14940252,-12754690,22120818,缩量,低,情绪退潮,观望,资金撤退型,,D,回避：资金撤退,-0.5
601800,中国交建,5.84,-53.3,1.15,-6.1,-10.16,-64586962,-51055352,-78519340,1212787,-5322445,-1944913,缩量,低,情绪退潮,观望,资金观望型,,D,回避：资金观望,-3.4
601818,光大银行,3.02,-37.0,1.96,-25.2,0.03,827108,-91001784,-58769096,-33582361,-27381745,2901231,缩量,低,情绪退潮,观望,资金观望型,,D,回避：资金观望,0.0
601808,中海油服,12.15,-63.9,0.84,-14.3,-3.42,-27976063,-13695944,-105127587,-2951546,1874819,5609787,缩量,低,情绪退潮,观望,资金观望型,,D,回避：资金观望,-1.1
601827,三峰环境,7.89,-40.0,1.23,6.2,-2.57,-5885254,-18578641,-5180564,-5565162,-1742476,970317,缩量,低,情绪退潮,观望,资金观望型,,D,回避：资金观望,-0.9
601825,沪农商行,8.75,-3.2,1.02,-5.0,-6.45,-65790285,-102292070,-63090513,11388667,7001574,-13314550,缩量,低,情绪退潮,观望,资金观望型,,D,回避：资金观望,-2.1
601789,宁波建工,4.14,-60.9,0.35,-34.2,-11.63,-36888712,-68707482,-112791736,-2392475,1965194,-264348,缩量,低,情绪退潮,吸筹,资金撤退型,机构吸筹+盈利(关注),C,谨慎：资金流入未验证业绩,20.1
601801,皖新传媒,5.34,162.8,1.64,-19.3,-2.04,-7435964,4071139,26712201,20974420,13592722,-20821148,放量,低,游资情绪,抢筹,高位分歧型,机构吸筹+盈利(关注),C,谨慎：资金流入未验证业绩,47.3
601811,新华文轩,13.9,1291.8,0.43,112.9,4.57,34964678,23764553,31220900,82583912,86104597,-39179408,放量,低,游资情绪,抢筹,资金观望型,资金+业绩共振(双击候选),B,关注：资金+业绩共振,89.5
601858,中国科传,20.24,-48.9,0.98,12.0,-6.57,-42911611,94742440,169409288,-11814077,-9128802,15926633,缩量,低,情绪退潮,观望,高位分歧型,,D,回避：资金观望,-2.2
601857,中国石油,10.56,-35.1,0.95,14.0,-0.9,-56188794,192443060,-250774909,-31651651,-19431259,69589099,缩量,低,情绪退潮,观望,资金观望型,,D,回避：资金观望,-0.3
601838,XD成都银,19.14,2.3,0.72,10.8,-3.8,-73643337,-54199061,-195012388,28834073,22313054,-18701575,缩量,低,情绪退潮,吸筹,资金观望型,机构吸筹+盈利(关注),C,谨慎：资金流入未验证业绩,22.7
601828,美凯龙,2.15,22.8,1.92,0.1,8.74,38130575,-15876801,-58997357,6412284,8304381,-11091445,缩量,中,主力惜售,进场,资金观望型,纯资金炒作(亏损风险),C,谨慎：纯资金炒作,26.9
601868,中国能建,2.43,-54.0,0.34,17.0,-8.22,-208194484,-38231479,-100411372,7934032,8774532,7983692,缩量,低,情绪退潮,观望,资金观望型,,D,回避：资金观望,-2.7
601866,中远海发,2.47,-9.6,0.83,14.4,0.25,1966640,48153174,-22806752,-10411728,-5996368,12006527,缩量,低,情绪退潮,观望,趋势转多型,,D,回避：资金观望,0.1
601869,长飞光纤,454.99,11.7,0.82,6.9,3.37,1041363944,1836703830,2591972801,-716595932,-604442096,-877605,缩量,低,情绪退潮,观望,主力建仓型,,D,回避：资金观望,1.1
601865,福莱特,9.29,-46.8,0.94,-33.2,-0.96,-4460944,-16214120,-2394880,-5216252,-5960499,3131492,缩量,低,情绪退潮,观望,资金观望型,,D,回避：资金观望,-0.3
601880,辽港股份,1.47,-14.7,1.19,27.0,-0.43,-3055712,4995268,25502970,-1676753,2583725,2682336,缩量,低,情绪退潮,观望,资金观望型,,D,回避：资金观望,-0.1
601886,江河集团,13.66,233.3,0.64,-45.7,-3.17,-28057420,-75279418,-182879815,8023275,7242701,-7414597,放量,低,游资情绪,观望,资金撤退型,,D,回避：资金撤退,6.9
601860,紫金银行,2.57,-11.2,0.98,-15.0,2.63,18039735,-8493191,-116196112,16758858,21721268,-15753174,缩量,低,情绪退潮,吸筹,资金观望型,资金+业绩共振(双击候选),B,关注：资金+业绩共振,64.9
601878,浙商证券,9.08,-54.5,1.48,-32.7,-19.64,-118314564,-142951621,-80473225,16427887,15852794,-6371381,缩量,低,情绪退潮,吸筹,长线吸筹型,机构吸筹+盈利(关注),C,谨慎：资金流入未验证业绩,17.5
601890,亚星锚链,9.85,342.1,0.27,277.4,-2.61,-97024695,239517570,228928194,-16667318,2705739,18559106,放量,低,游资情绪,观望,资金观望型,,D,回避：资金观望,7.1
601898,中煤能源,13.86,-48.4,1.04,-32.0,-12.33,-261097983,-289802063,-133650355,-9982815,-17601892,11257664,缩量,低,情绪退潮,观望,资金观望型,,D,回避：资金观望,-4.1
601882,海天精工,22.8,37.2,2.54,-25.3,1.87,10439728,-11853659,-22137521,2948233,-3946537,-13909664,缩量,低,情绪退潮,进场,资金观望型,资金+业绩共振(双击候选),B,关注：资金+业绩共振,72.6
601918,新集能源,10.31,-43.6,0.97,-38.8,-3.02,-42531744,-8781486,-44304810,-22382780,-12222615,38592825,缩量,低,情绪退潮,观望,资金观望型,,D,回避：资金观望,-1.0
601916,浙商银行,2.9,-39.2,2.05,-30.4,-2.82,-45054429,120535507,131158259,-6475801,-9511498,-4993830,缩量,低,情绪退潮,观望,资金观望型,,D,回避：资金观望,-0.9
601921,浙版传媒,7.36,25.7,0.28,-6.6,-1.74,-4353701,-6444479,-12549126,7068589,5597097,-10747248,缩量,低,情绪退潮,观望,资金撤退型,,D,回避：资金撤退,-0.6
601919,中远海控,16.1,-13.8,1.38,-34.8,3.8,226442884,-198740011,-907982638,-66717128,-26903384,56360084,缩量,低,情绪退潮,观望,资金观望型,,D,回避：资金观望,1.3
601899,紫金矿业,31.41,-40.8,0.89,-18.0,-6.03,-1824456862,-25922420,-1158339370,494190513,572075499,-81423922,缩量,低,情绪退潮,吸筹,资金观望型,机构吸筹+盈利(关注),C,谨慎：资金流入未验证业绩,22.0
601901,方正证券,6.83,-55.5,1.79,-19.0,-8.74,-102648412,-20020186,-111738109,9454202,12269720,-9487375,缩量,低,情绪退潮,吸筹,资金观望型,机构吸筹+盈利(关注),C,谨慎：资金流入未验证业绩,21.1
601933,永辉超市,3.05,-35.2,0.95,10.4,-10.82,-193547131,-257334764,-147231080,21530482,11672884,-22663859,缩量,低,情绪退潮,观望,资金观望型,,D,回避：资金观望,-3.6
601949,中国出版,6.11,787.0,0.72,727.1,-4.5,-146369334,1172471,16777651,-57181025,-37633766,72302544,放量,低,游资情绪,观望,资金观望型,,D,回避：资金观望,6.5
601956,东贝集团,4.81,-34.4,0.56,-13.6,-5.38,-5566678,-9059262,-2540168,1300135,823744,-2503287,缩量,低,情绪退潮,观望,资金观望型,,D,回避：资金观望,-1.8
601965,中国汽研,13.16,-59.7,0.73,-33.8,-2.42,-6312936,-42091265,-54318136,-5179523,-455981,-1548021,缩量,低,情绪退潮,观望,资金撤退型,,D,回避：资金撤退,-0.8
601939,建设银行,10.81,-29.7,2.25,-8.7,-6.35,-323496553,-610518209,-685361711,15901452,52132079,-26582465,缩量,低,情绪退潮,吸筹,资金撤退型,机构吸筹+盈利(关注),C,谨慎：资金流入未验证业绩,21.9
601963,重庆银行,10.9,-31.2,1.24,-23.6,-1.31,-7569203,-5954618,17474480,-105727,-1523231,-9014250,缩量,低,情绪退潮,观望,资金观望型,,D,回避：资金观望,-0.4
601975,招商南油,4.64,51.4,0.82,24.0,-5.92,-309794306,-297588411,-251379522,-74239789,-24375435,70422237,放量,低,游资情绪,观望,资金观望型,,D,回避：资金观望,6.0
601969,海南矿业,9.27,-57.5,0.95,-24.3,-1.59,-8692007,-15853390,-30736886,-12170323,-7722620,5289466,缩量,低,情绪退潮,观望,资金撤退型,,D,回避：资金撤退,-0.5
601952,苏垦农发,9.54,388.0,0.34,49.0,-0.33,-7048438,185952844,223756017,-7022178,7199202,37150252,放量,低,游资情绪,抢筹,资金观望型,机构吸筹+盈利(关注),C,谨慎：资金流入未验证业绩,47.9
601985,中国核电,8.94,-44.3,0.78,-26.5,-0.86,-27792481,-202499448,290395200,-44320345,-65252269,16487836,缩量,低,情绪退潮,观望,长线吸筹型,,D,回避：资金观望,-0.3
601988,中国银行,6.54,-23.2,1.91,-22.2,1.07,71822372,253282451,-171867601,-21879725,-750898,48303410,缩量,低,情绪退潮,观望,趋势转多型,,D,回避：资金观望,0.4
601990,南京证券,6.64,-40.4,1.55,-29.1,-9.59,-37711403,-61554025,-70552505,7230274,2282903,-3523202,缩量,低,情绪退潮,观望,资金撤退型,,D,回避：资金撤退,-3.2
601966,玲珑轮胎,10.42,-51.5,1.28,-38.4,3.86,10718595,22802005,-17092576,2460396,2189279,-8880103,缩量,低,情绪退潮,进场,趋势转多型,资金+业绩共振(双击候选),B,关注：资金+业绩共振,73.3
601995,中金公司,31.8,-100.0,2.63,23.0,-15.58,-451201208,-636013805,-635433824,0,0,0,缩量,低,情绪退潮,观望,资金观望型,,D,回避：资金观望,-5.2
601999,出版传媒,6.82,952.8,0.27,203.1,0.48,6563052,74048727,87043554,-6391396,976597,12247843,放量,低,游资情绪,观望,均衡流入型,,D,回避：资金观望,8.2
603002,宏昌电子,19.18,67.1,0.88,64.2,4.06,455761635,693467688,765005741,-115959556,-36420208,156039764,放量,低,游资情绪,观望,主力建仓型,,D,回避：资金观望,9.4
603005,晶方科技,30.63,-47.2,2.05,4.7,-2.63,-107074210,86834646,-434278778,129131295,96244542,-120108453,缩量,低,情绪退潮,观望,资金观望型,,D,回避：资金观望,-0.9
603006,联明股份,10.64,-60.6,0.92,-27.2,-0.19,-222521,4468194,190109,-1060483,0,-311516,缩量,低,情绪退潮,观望,资金观望型,,D,回避：资金观望,-0.1
601998,中信银行,8.96,-7.5,1.36,-34.0,1.74,36747774,197022876,200761045,53236646,-13070308,-32980010,缩量,低,情绪退潮,进场,均衡流入型,资金+业绩共振(双击候选),B,关注：资金+业绩共振,72.6
603013,亚普股份,14.32,-59.1,1.07,-52.2,-4.91,-6978068,-11049913,-22917471,-778213,0,1268127,缩量,低,情绪退潮,观望,资金撤退型,,D,回避：资金撤退,-1.6
603015,弘讯科技,10.72,-41.6,0.88,-30.0,0.75,1546568,-3106126,-5480589,-5467004,-2849283,5056236,缩量,低,情绪退潮,观望,资金观望型,,D,回避：资金观望,0.2
603018,华设集团,5.17,-39.9,0.99,-9.0,-1.23,-1717200,7330576,-3791213,-1234205,-2242689,-1097205,缩量,低,情绪退潮,观望,资金观望型,,D,回避：资金观望,-0.4
603009,北特科技,49.29,82.8,1.23,48.9,5.34,107245712,253840606,264202111,-57168521,-24922230,57049308,放量,中,主力偏强放量,进场,主力强攻型,资金+业绩共振(双击候选),B,关注：资金+业绩共振,89.8
603022,新通联,8.6,-25.7,0.75,12.5,0.57,907720,-871302,-1537516,-1744723,-611310,803693,缩量,低,情绪退潮,观望,资金观望型,,D,回避：资金观望,0.2
603023,威帝股份,4.09,117.1,0.79,47.4,4.68,19254440,2713234,8276614,-2743609,-991008,5687337,放量,低,游资情绪,观望,资金观望型,,D,回避：资金观望,9.6
603025,大豪科技,13.57,-18.1,0.33,-27.5,-0.81,-3107804,-22704975,-74750775,-1927075,1427664,-10357025,缩量,低,情绪退潮,观望,资金撤退型,,D,回避：资金撤退,-0.3
603026,石大胜华,61.15,-72.6,0.37,3.1,-4.43,-64156386,19229788,-114844294,-8456716,-9245633,6424032,缩量,低,情绪退潮,观望,资金观望型,,D,回避：资金观望,-1.5
603029,天鹅股份,16.47,69.1,0.8,-53.9,-1.58,-3773805,-13640096,-22031560,-16242,-36080,-549460,放量,低,游资情绪,观望,资金撤退型,,D,回避：资金撤退,7.5
603028,赛福天,6.75,-39.0,0.51,-16.6,-1.06,-1236863,-3592927,-6417322,926350,0,1332180,缩量,低,情绪退潮,观望,资金撤退型,,D,回避：资金撤退,-0.4
603027,千禾味业,7.28,-47.5,0.97,-29.1,1.97,5737172,15451170,-23901211,-7173776,-12253490,1444637,缩量,低,情绪退潮,观望,趋势转多型,,D,回避：资金观望,0.7
603033,三维股份,7.32,-53.5,0.96,-5.2,-0.39,-836660,-28967762,-43859703,-247516,-940700,-3112074,缩量,低,情绪退潮,观望,资金撤退型,,D,回避：资金撤退,-0.1
603032,德新科技,18.83,-83.0,0.91,-58.8,-3.87,-17688058,-55546790,40133397,-5047804,-1916377,3144963,缩量,低,情绪退潮,观望,长线吸筹型,,D,回避：资金观望,-1.3
603038,华立股份,17.35,63.4,0.48,-40.1,2.02,12395590,-8788517,12515775,-2558254,3161115,1872263,放量,低,游资情绪,观望,资金观望型,,D,回避：资金观望,8.7
603040,新坐标,47.85,-61.6,1.61,-26.3,-3.79,-10882767,-27157181,-72581821,-8263051,-6082146,4656603,缩量,低,情绪退潮,观望,资金撤退型,,D,回避：资金撤退,-1.3
603031,安孚科技,42.69,-62.2,1.25,35.3,1.17,25126929,133785981,82342602,1379839,4460021,-1515849,缩量,低,情绪退潮,吸筹,趋势转多型,资金+业绩共振(双击候选),B,关注：资金+业绩共振,64.4
603042,华脉科技,17.3,463.4,0.49,465.8,3.14,114846852,102111704,91787579,-33844591,-3514506,60721971,放量,低,游资情绪,观望,资金观望型,,D,回避：资金观望,9.0
603043,广州酒家,13.2,-48.5,1.23,-6.1,-8.68,-14130665,-11282395,-22577096,-548321,0,487039,缩量,低,情绪退潮,观望,资金观望型,,D,回避：资金观望,-2.9
603049,中策橡胶,45.11,-50.5,1.25,6.6,-3.96,-21666907,-12851443,-13368564,-2791010,-1244288,-4485344,缩量,低,情绪退潮,观望,资金观望型,,D,回避：资金观望,-1.3
603045,福达合金,52.07,-0.5,1.88,-49.6,-2.9,-47233375,-107656204,286839174,-17140291,-10568954,30970250,缩量,低,情绪退潮,观望,长线吸筹型,,D,回避：资金观望,-1.0
603050,科林电气,18.09,-45.5,1.48,-9.7,-3.9,-8455554,-6338800,-10149077,-7457576,-2251395,4962788,缩量,低,情绪退潮,观望,资金观望型,,D,回避：资金观望,-1.3
603041,美思德,10.88,-16.5,0.54,-1.3,0.34,424267,-1832949,-2006191,187967,0,-2120418,缩量,低,情绪退潮,进场,资金观望型,资金+业绩共振(双击候选),B,关注：资金+业绩共振,72.1
603053,成都燃气,8.72,-36.1,0.77,11.4,-10.07,-7790451,-13815004,-19358710,-438751,0,-445247,缩量,低,情绪退潮,观望,资金撤退型,,D,回避：资金撤退,-3.4
603058,永吉股份,8.76,-28.6,0.71,-55.5,-5.0,-12675243,-56108359,-49188346,-3916385,-3246932,2864208,缩量,低,情绪退潮,观望,资金观望型,,D,回避：资金观望,-1.7
603061,金海通,348.79,23.8,1.83,-10.4,-1.72,-123471098,-212069807,-79455832,-24431595,-74773705,45760370,缩量,低,情绪退潮,观望,资金观望型,,D,回避：资金观望,-0.6
603052,可川科技,60.37,34.5,0.27,-12.1,5.49,83148918,44046060,166047057,11854985,8761252,-20359236,缩量,中,主力惜售,进场,资金观望型,资金+业绩共振(双击候选),B,关注：资金+业绩共振,85.8
603055,台华新材,9.37,-6.3,0.97,-54.6,10.39,27353163,30432645,11102978,-4070048,-2413749,2589609,缩量,高,主力控盘,控盘,短线抢筹型,控盘+盈利(稳健),B,关注：控盘稳健+盈利,71.5
603075,热威股份,19.8,-3.6,1.16,151.4,-0.65,-2308612,28585605,27048233,3100738,2944272,66928,缩量,低,情绪退潮,观望,资金观望型,,D,回避：资金观望,-0.2
603073,彩蝶实业,15.9,16.4,0.7,18.1,-1.13,-1643746,-4503277,-4309450,1598500,0,-3648807,缩量,低,情绪退潮,观望,资金观望型,,D,回避：资金观望,-0.4
603077,和邦生物,2.26,-32.5,0.38,30.5,2.73,53864598,236423964,17503865,-24617726,-32879260,14821442,缩量,低,情绪退潮,观望,趋势转多型,,D,回避：资金观望,0.9
603076,乐惠国际,19.58,-53.5,0.29,-15.4,-2.02,-2561646,-6268693,-13259277,-253723,0,-983885,缩量,低,情绪退潮,观望,资金撤退型,,D,回避：资金撤退,-0.7
603081,大丰实业,9.35,-39.1,0.53,-49.6,-6.15,-6818582,-6527582,-14141262,617691,0,-4164324,缩量,低,情绪退潮,观望,资金观望型,,D,回避：资金观望,-2.1
603069,海汽集团,13.66,172.4,0.52,43.7,-1.98,-6827412,6930382,15007457,7171388,2242840,-21693213,放量,低,游资情绪,抢筹,资金观望型,纯资金炒作(亏损风险),C,谨慎：纯资金炒作,27.3
603086,先达股份,5.74,17.0,0.57,-38.2,-7.53,-20317040,-27896330,-11030069,-5178361,-2202064,-1031479,缩量,低,情绪退潮,观望,资金观望型,,D,回避：资金观望,-2.5
603087,甘李药业,68.91,-48.6,1.52,-47.9,-1.85,-32971114,-69216345,-311356772,-7007563,-8362888,-18996339,缩量,低,情绪退潮,观望,资金撤退型,,D,回避：资金撤退,-0.6
603099,长白山,39.26,86.7,1.39,5.1,-0.03,-465465,-76579639,-131762486,-7151461,-5878287,6952932,放量,低,游资情绪,观望,资金撤退型,,D,回避：资金撤退,8.0
603096,新经典,15.43,12.0,0.55,11.1,-3.33,-4065202,-781475,-2321321,-221938,0,-543040,缩量,低,情绪退潮,观望,资金观望型,,D,回避：资金观望,-1.1
603095,越剑智能,14.35,31.9,0.48,-68.8,-3.78,-11202935,-27983296,72360234,-6737429,-1974943,680857,缩量,低,情绪退潮,观望,长线吸筹型,,D,回避：资金观望,-1.3
603088,宁波精达,10.29,-40.6,0.31,-42.8,1.05,3497155,-37286306,-56556628,2023913,1471802,-3006739,缩量,低,情绪退潮,进场,资金观望型,资金+业绩共振(双击候选),B,关注：资金+业绩共振,72.3
603101,汇嘉时代,7.43,-45.9,0.23,5.4,-2.41,-6696068,-14940549,-2395464,-3212551,-777750,1970053,缩量,低,情绪退潮,观望,资金观望型,,D,回避：资金观望,-0.8
603090,宏盛股份,39.55,45.7,0.43,28.4,8.09,136728454,133221247,305495037,5090780,4379254,-9517267,缩量,中,主力惜售,进场,资金观望型,资金+业绩共振(双击候选),B,关注：资金+业绩共振,86.7
603103,横店影视,16.42,5.6,0.27,-2.2,-3.0,-11679721,13016358,17872417,17385513,16952609,-19868592,缩量,低,情绪退潮,观望,资金观望型,,D,回避：资金观望,-1.0
603107,上海汽配,12.09,13.1,0.81,17.6,0.76,1063379,1504908,5453866,-2027193,-1461837,2208578,缩量,低,情绪退潮,观望,均衡流入型,,D,回避：资金观望,0.3
603113,金能科技,4.89,74.4,0.45,-37.1,-2.29,-11665437,-54375912,102133948,-14438764,-12636847,17990511,放量,低,游资情绪,观望,长线吸筹型,,D,回避：资金观望,7.2
603116,红蜻蜓,6.6,26.6,0.78,-18.2,-1.86,-3082156,-5734194,-30173172,-704149,291216,-1638153,缩量,低,情绪退潮,观望,资金撤退型,,D,回避：资金撤退,-0.6
603121,华培动力,12.34,-53.8,0.75,-67.0,-2.69,-5151818,-9111025,76318987,3115503,-520146,-3437134,缩量,低,情绪退潮,观望,长线吸筹型,,D,回避：资金观望,-0.9
603118,共进股份,18.43,-2.0,1.43,-29.4,-2.04,-133713814,-8448334,-225921436,428905982,473890161,-243238829,缩量,低,情绪退潮,吸筹,资金观望型,机构吸筹+盈利(关注),C,谨慎：资金流入未验证业绩,23.3
603124,江南新材,132.58,24.7,2.76,36.7,0.23,7253317,312719321,158771063,-40093045,-21549968,33271055,缩量,低,情绪退潮,观望,趋势转多型,,D,回避：资金观望,0.1
603132,金徽股份,18.15,-42.2,0.58,-48.1,-6.32,-29992536,-40771968,-44982728,3849478,985721,-7419810,缩量,低,情绪退潮,观望,资金撤退型,,D,回避：资金撤退,-2.1
603137,恒尚节能,19.61,-73.3,22.84,-56.4,-1.43,-8869033,-21446811,-81904606,5086012,5766715,-21921554,缩量,低,情绪退潮,观望,资金撤退型,,D,回避：资金撤退,-0.5
603135,中重科技,8.79,-81.4,1.68,-35.3,-4.15,-8113597,-29814746,-15136572,-173964,1383552,-674589,缩量,低,情绪退潮,吸筹,长线吸筹型,纯资金炒作(亏损风险),C,谨慎：纯资金炒作,2.6
603153,上海建科,13.14,-33.2,0.87,48.6,-4.6,-4119608,-347384,1527086,-867410,546624,708663,缩量,低,情绪退潮,观望,资金观望型,,D,回避：资金观望,-1.5
603158,腾龙股份,10.41,-47.3,0.38,-52.2,-8.14,-36986135,-75212216,-34403194,-5036981,-8574357,-3652433,缩量,低,情绪退潮,观望,长线吸筹型,,D,回避：资金观望,-2.7
603163,XD圣晖集,84.37,-33.1,1.47,80.1,-0.3,-3502477,84995434,23679011,25357248,15020136,-22590123,缩量,低,情绪退潮,观望,资金观望型,,D,回避：资金观望,-0.1
603167,渤海轮渡,8.08,-54.3,0.59,-53.7,4.58,4690506,4252900,-51638267,-5932052,-6762805,3244365,缩量,低,情绪退潮,观望,资金观望型,,D,回避：资金观望,1.5
603170,宝立食品,11.88,-57.3,1.19,-24.1,-7.11,-5816701,-5208010,-5515476,280927,1247732,-3274950,缩量,低,情绪退潮,观望,资金观望型,,D,回避：资金观望,-2.4
603171,税友股份,39.14,-36.5,0.58,-52.0,-0.58,-4990330,-29369015,149025406,17916255,14100137,-24096594,缩量,低,情绪退潮,观望,长线吸筹型,,D,回避：资金观望,-0.2
603176,汇通集团,5.19,-24.4,0.58,-38.8,-0.36,-346218,-1057896,2136427,-1176808,0,124733,缩量,低,情绪退潮,观望,资金观望型,,D,回避：资金观望,-0.1
603179,新泉股份,40.0,-27.5,1.06,-22.9,1.09,37691286,-235801701,192298556,-27029676,-5528004,45544735,缩量,低,情绪退潮,观望,长线吸筹型,,D,回避：资金观望,0.4
603178,圣龙股份,15.7,-62.4,0.34,-44.7,-1.69,-7393954,-46354971,8269211,-4108589,-2105338,-4544401,缩量,低,情绪退潮,观望,长线吸筹型,,D,回避：资金观望,-0.6
603183,建研院,5.13,84.0,1.14,44.7,-6.53,-36360677,-36791114,-24140980,-8656472,4261754,6460886,放量,低,游资情绪,观望,资金观望型,,D,回避：资金观望,5.8
603173,福斯达,29.39,-50.7,0.48,-30.3,-0.16,-163439,415131,13519150,887281,822193,-551524,缩量,低,情绪退潮,吸筹,长线吸筹型,机构吸筹+盈利(关注),C,谨慎：资金流入未验证业绩,23.9
603187,海容冷链,10.73,-57.2,0.98,-18.2,-3.76,-5908569,10939209,36749454,-2234067,-4916106,2257399,缩量,低,情绪退潮,观望,高位分歧型,,D,回避：资金观望,-1.3
603186,华正新材,226.78,113.8,1.91,26.3,0.96,244817159,1604529022,2945382202,-531393342,-386258431,276714661,放量,低,游资情绪,观望,均衡流入型,,D,回避：资金观望,8.3
603200,上海洗霸,40.13,30.6,0.29,-44.6,2.57,45469572,-12736485,218366131,12249834,2005327,-14243643,缩量,低,情绪退潮,进场,资金观望型,资金+业绩共振(双击候选),B,关注：资金+业绩共振,72.9
603201,常润股份,15.14,-71.3,3.57,-49.1,-2.4,-3159367,-9168018,-16464988,371118,764752,-490128,缩量,低,情绪退潮,吸筹,资金撤退型,机构吸筹+盈利(关注),C,谨慎：资金流入未验证业绩,23.2
603215,比依股份,14.06,57.0,0.41,23.0,-2.85,-3106166,-1308959,-6475685,186770,-496976,-1868461,放量,低,游资情绪,观望,资金观望型,,D,回避：资金观望,7.0
603219,富佳股份,12.78,-63.7,0.62,-18.0,-2.8,-3660466,-3265460,-17225323,-3520804,-66143,1811788,缩量,低,情绪退潮,观望,资金观望型,,D,回避：资金观望,-0.9
603220,中贝通信,18.26,-37.1,0.18,-6.8,-6.67,-87867219,-124614464,-176330573,-17304535,-10538879,14562982,缩量,低,情绪退潮,观望,资金撤退型,,D,回避：资金撤退,-2.2
603228,景旺电子,104.45,-6.6,0.88,23.0,-4.6,-819611637,20105616,1541783,43400011,106720949,12645489,缩量,低,情绪退潮,观望,资金观望型,,D,回避：资金观望,-1.5
603221,爱丽家居,31.23,1346.1,1.39,-14.6,1.41,34470106,36727349,-119235532,2708473,-4095227,2715823,放量,低,游资情绪,进场,趋势转多型,资金+业绩共振(双击候选),B,关注：资金+业绩共振,80.5
603223,恒通股份,10.02,-72.9,2.35,30.8,-8.89,-27795667,-12057663,-34716967,-2960204,517842,-172578,缩量,低,情绪退潮,吸筹,资金观望型,机构吸筹+盈利(关注),C,谨慎：资金流入未验证业绩,21.0
603230,内蒙新华,13.48,5084.8,0.5,332.2,6.88,92568449,128225794,131465618,-105418805,-97179153,88462120,放量,中,主力偏强放量,进场,主力建仓型,资金+业绩共振(双击候选),B,关注：资金+业绩共振,90.3
603232,格尔软件,16.31,269.6,0.96,53.8,2.32,35767234,33535079,17980494,185829089,196262102,-110860874,放量,低,游资情绪,抢筹,资金观望型,纯资金炒作(亏损风险),C,谨慎：纯资金炒作,28.8
603239,浙江仙通,13.82,-54.9,0.42,-14.0,-4.9,-7105233,-10294784,-22442408,231431,0,-1276391,缩量,低,情绪退潮,观望,资金撤退型,,D,回避：资金撤退,-1.6
603237,五芳斋,14.81,36.9,0.47,-53.5,1.21,1781031,-14226601,-8891195,-1856496,-552040,-1639612,缩量,低,情绪退潮,观望,资金观望型,,D,回避：资金观望,0.4
603238,诺邦股份,11.88,19.7,0.73,-26.9,2.46,4042629,767851,2871197,-2541924,-2167392,-1065117,缩量,低,情绪退潮,观望,资金观望型,,D,回避：资金观望,0.8
603255,鼎际得,32.84,69.4,1.67,-28.3,1.98,7594720,9061054,8061913,-4732528,-1492765,3523260,放量,低,游资情绪,观望,趋势转多型,,D,回避：资金观望,8.7
603260,合盛硅业,32.6,-73.5,2.0,-19.1,-3.58,-35546660,-33291721,-91067819,5588585,-2102620,-3349667,缩量,低,情绪退潮,观望,资金观望型,,D,回避：资金观望,-1.2
603261,立航科技,52.87,-38.3,3.83,-11.1,-4.19,-35904641,-9852025,16314851,-2127538,-1207094,5172842,缩量,低,情绪退潮,观望,资金观望型,,D,回避：资金观望,-1.4
603262,技源集团,18.2,-43.3,2.4,-30.9,0.55,1993822,-41641703,-34997053,-1599560,-595710,2586220,缩量,低,情绪退潮,观望,资金观望型,,D,回避：资金观望,0.2
603259,药明康德,160.0,-35.1,2.98,-20.0,3.42,956105256,809069245,-17302251,79395937,-71917077,-172970030,缩量,低,情绪退潮,进场,资金观望型,资金+业绩共振(双击候选),B,关注：资金+业绩共振,73.1
603270,金帝股份,36.83,67.1,3.35,61.8,-2.53,-55745957,-160178900,17668734,-29653644,-17846358,56427071,放量,低,游资情绪,观望,长线吸筹型,,D,回避：资金观望,7.2
603271,永杰新材,38.68,-65.5,0.57,-48.3,-2.62,-4974479,-19312735,-29252376,-562000,-275688,-3500800,缩量,低,情绪退潮,观望,资金撤退型,,D,回避：资金撤退,-0.9
603275,众辰科技,36.49,-47.6,0.46,-31.9,-3.33,-2509295,-4908780,-8972570,749819,-625908,-1179834,缩量,低,情绪退潮,观望,资金撤退型,,D,回避：资金撤退,-1.1
603278,大业股份,9.08,-73.6,0.3,-14.3,-1.5,-3540369,-552056,-18478056,-836133,-1982817,-592066,缩量,低,情绪退潮,观望,资金观望型,,D,回避：资金观望,-0.5
603277,银都股份,11.27,29.7,0.69,-57.5,-0.11,-136909,-5001753,-24439185,-901156,-548640,1057938,缩量,低,情绪退潮,观望,资金撤退型,,D,回避：资金撤退,-0.0
603281,江瀚新材,18.67,-66.9,0.94,-32.8,-5.93,-10557474,-12720682,-41829278,5575869,331882,-4997604,缩量,低,情绪退潮,观望,资金撤退型,,D,回避：资金撤退,-2.0
603282,亚光股份,16.14,17.0,0.56,-34.9,-3.09,-4090624,-5191228,-2499624,-152279,-31089,2523933,缩量,低,情绪退潮,观望,资金观望型,,D,回避：资金观望,-1.0
603276,恒兴新材,17.95,140.1,0.87,53.2,1.76,8018209,7985315,225307,1935552,1069120,-3300178,放量,低,游资情绪,进场,资金观望型,资金+业绩共振(双击候选),B,关注：资金+业绩共振,80.6
603284,林平发展,41.17,-14.1,0.43,-30.4,-3.89,-7562336,-6291269,-19261938,-3672933,-3107640,5912982,缩量,低,情绪退潮,观望,资金观望型,,D,回避：资金观望,-1.3
603280,南方路机,25.98,0.5,0.73,-41.7,-3.34,-4805754,253483,-4312667,568048,1744109,-1351328,缩量,低,情绪退潮,吸筹,资金观望型,机构吸筹+盈利(关注),C,谨慎：资金流入未验证业绩,22.9
603286,日盈电子,44.18,-20.6,0.52,-13.5,-0.22,-1525946,24097633,118954378,-5998719,-4796003,11321210,缩量,低,情绪退潮,观望,高位分歧型,,D,回避：资金观望,-0.1
603288,海天味业,33.85,-58.7,1.4,-44.2,-1.46,-21799783,-13393044,-568886841,-14888592,-16635729,15092898,缩量,低,情绪退潮,观望,资金观望型,,D,回避：资金观望,-0.5
603297,永新光学,113.01,-30.7,0.73,-36.3,-0.51,-2939551,1974423,53709305,-11223831,-9740854,13861008,缩量,低,情绪退潮,观望,长线吸筹型,,D,回避：资金观望,-0.2
603285,键邦股份,37.86,-13.6,0.89,53.5,9.82,152515793,220121367,208661430,-11175840,-4186739,33487365,缩量,中,主力惜售,进场,短线抢筹型,资金+业绩共振(双击候选),B,关注：资金+业绩共振,87.3
603290,斯达半导,88.51,-47.1,1.56,-49.7,1.11,21146679,-47570586,-273202945,25410116,1958509,-9785814,缩量,低,情绪退潮,进场,资金观望型,资金+业绩共振(双击候选),B,关注：资金+业绩共振,72.4
603291,联合水务,8.96,-10.7,0.61,106.9,6.71,34923632,40341729,33377021,-1806756,19835,6498298,缩量,中,主力惜售,进场,短线抢筹型,资金+业绩共振(双击候选),B,关注：资金+业绩共振,86.2
603301,振德医疗,81.97,-37.1,0.96,-11.5,-4.17,-22428130,-88887,-28338764,2939724,-6061926,-9390959,缩量,低,情绪退潮,观望,资金观望型,,D,回避：资金观望,-1.4
603303,得邦照明,27.79,-37.9,2.68,24.5,3.28,12023220,69489153,107146976,15179361,13153751,-9516646,缩量,低,情绪退潮,吸筹,主力建仓型,资金+业绩共振(双击候选),B,关注：资金+业绩共振,65.1
603315,福鞍股份,10.84,-57.2,0.18,-36.8,-2.96,-7204419,-35398216,-35807892,-2950440,-3050247,4772712,缩量,低,情绪退潮,观望,资金撤退型,,D,回避：资金撤退,-1.0
603316,诚邦股份,16.69,133.3,2.3,393.9,2.83,71215390,207893991,167560485,245204936,252638784,-126209516,放量,低,游资情绪,抢筹,趋势转多型,纯资金炒作(亏损风险),C,谨慎：纯资金炒作,28.9
603328,依顿电子,13.22,257.2,0.32,481.6,1.55,81710970,179335804,113753652,-56599792,-36129234,99468743,放量,低,游资情绪,观望,趋势转多型,,D,回避：资金观望,8.5
603330,天洋新材,9.67,111.9,3.15,-45.5,-2.59,-49388192,90249873,316133762,-946209,3003881,12356757,放量,低,游资情绪,观望,高位分歧型,,D,回避：资金观望,7.1
603332,苏州龙杰,11.44,-14.8,0.17,-17.3,0.82,1544526,1864776,-14732636,-321289,0,-796216,缩量,低,情绪退潮,观望,趋势转多型,,D,回避：资金观望,0.3
603341,龙旗科技,35.47,-72.8,1.7,-29.6,-5.16,-37990059,-76610240,-142989724,-3456406,-3299590,6570995,缩量,低,情绪退潮,观望,资金撤退型,,D,回避：资金撤退,-1.7
603350,安乃达,27.68,-60.9,0.49,8.1,-1.93,-1149003,-296609,-4711236,257254,0,438340,缩量,低,情绪退潮,观望,资金观望型,,D,回避：资金观望,-0.6
603352,至信股份,25.7,-12.4,0.83,-19.5,1.02,1084285,-6501998,-7202465,-3076022,-4841044,-811753,缩量,低,情绪退潮,观望,资金观望型,,D,回避：资金观望,0.3
603356,华菱精工,17.01,-54.1,0.85,-35.9,-2.94,-3503449,-13324474,-30395666,-565364,-702118,1598718,缩量,低,情绪退潮,观望,资金撤退型,,D,回避：资金撤退,-1.0
603358,华达科技,44.72,-33.5,1.58,-32.5,2.4,40876653,-26659455,312530770,-9769943,-8791855,12894773,缩量,低,情绪退潮,观望,资金观望型,,D,回避：资金观望,0.8
603365,水星家纺,16.15,-51.1,0.43,-51.6,-0.48,-448971,540885,1401332,-1020342,645610,1165171,缩量,低,情绪退潮,观望,资金观望型,,D,回避：资金观望,-0.2
603367,辰欣药业,13.9,-67.6,2.58,-54.3,-6.09,-16595745,-27349711,-60546094,-4292583,-4067432,3867977,缩量,低,情绪退潮,观望,资金撤退型,,D,回避：资金撤退,-2.0
603368,柳药集团,15.37,-51.1,1.46,-13.7,-2.82,-5440214,-11787955,-56639953,-2291802,0,1374515,缩量,低,情绪退潮,观望,资金撤退型,,D,回避：资金撤退,-0.9
603360,百傲化学,12.91,8.4,0.84,-20.2,-1.79,-12205738,-35681676,-11527079,25472573,20085185,-4609240,缩量,低,情绪退潮,吸筹,资金观望型,机构吸筹+盈利(关注),C,谨慎：资金流入未验证业绩,23.4
603382,海阳科技,18.85,-21.6,2.03,-59.1,-1.94,-2529660,-10556871,-45306640,-1866898,0,1942321,缩量,低,情绪退潮,观望,资金撤退型,,D,回避：资金撤退,-0.6
603386,骏亚科技,17.64,61.2,2.95,578.0,0.11,3829603,2229872,-29211435,-20383222,-14453060,59250250,放量,低,游资情绪,观望,资金观望型,,D,回避：资金观望,8.0
603376,大明电子,27.45,171.6,1.21,-7.7,-2.33,-10161639,-10201050,-20838275,9126692,3424682,-3714207,放量,低,游资情绪,抢筹,资金撤退型,机构吸筹+盈利(关注),C,谨慎：资金流入未验证业绩,47.2
603387,XD基蛋生,9.42,-17.5,0.89,-31.6,-1.29,-4121615,-12256502,-39624291,-3091122,-1914164,9232522,缩量,低,情绪退潮,观望,资金撤退型,,D,回避：资金撤退,-0.4
603392,万泰生物,25.42,-13.8,1.47,-52.0,-3.38,-20864816,-16819755,95106525,4894644,4591482,-8936061,缩量,低,情绪退潮,观望,长线吸筹型,,D,回避：资金观望,-1.1
603391,力聚热能,66.05,3.7,1.38,-12.2,-0.63,-3233515,1653113,70244563,2605904,-4630435,-218900,缩量,低,情绪退潮,观望,长线吸筹型,,D,回避：资金观望,-0.2
603383,顶点软件,27.03,-68.9,0.6,-29.1,2.54,5516626,8059068,-16479699,1788589,-442717,-3700475,缩量,低,情绪退潮,进场,趋势转多型,资金+业绩共振(双击候选),B,关注：资金+业绩共振,72.8
603393,新天然气,25.08,-51.8,0.86,-18.0,-5.64,-38580347,-3574142,-52653669,-9718802,-4158219,6460477,缩量,低,情绪退潮,观望,资金观望型,,D,回避：资金观望,-1.9
603399,永杉锂业,13.8,-65.7,1.2,-51.1,-0.75,-13519283,-110416011,-316818386,-9497210,-7852580,10691513,缩量,低,情绪退潮,观望,资金撤退型,,D,回避：资金撤退,-0.2
603396,金辰股份,28.24,178.7,0.61,-48.2,-0.22,-1229998,-24150845,93549778,7362571,7676880,-4080485,放量,低,游资情绪,抢筹,长线吸筹型,机构吸筹+盈利(关注),C,谨慎：资金流入未验证业绩,47.9
603406,天富龙,27.65,148.2,0.81,-23.6,-7.04,-33277109,-24779201,-28944301,-5796481,-6874527,7831524,放量,低,游资情绪,观望,资金观望型,,D,回避：资金观望,5.7
603439,三力制药,13.6,368.0,4.73,197.9,-0.61,-20288794,-20423383,-114310684,-7009934,-3361659,5928243,放量,低,游资情绪,观望,资金撤退型,,D,回避：资金撤退,7.8
603421,鼎信通讯,6.93,459.5,0.38,768.2,2.79,72831005,126435993,110585110,-41321044,-31748977,58580302,放量,低,游资情绪,观望,趋势转多型,,D,回避：资金观望,8.9
603416,信捷电气,46.85,-61.9,2.41,-29.1,5.5,16381005,18958413,21020872,-3244817,-1240658,196892,缩量,中,主力惜售,进场,均衡流入型,资金+业绩共振(双击候选),B,关注：资金+业绩共振,85.8
603489,八方股份,28.94,-8.8,0.33,0.2,-0.24,-963840,-1494190,8363084,-2379207,-1342529,-2396545,缩量,低,情绪退潮,观望,资金观望型,,D,回避：资金观望,-0.1
603466,风语筑,12.59,-2.0,1.52,26.7,5.63,283788737,363095016,467865624,-33804716,-35607280,53802493,缩量,中,主力惜售,进场,均衡流入型,纯资金炒作(亏损风险),C,谨慎：纯资金炒作,25.9
603496,恒为科技,23.59,-51.3,0.45,-9.4,-0.96,-9206666,-29056351,-126760390,19247378,11197503,-13731216,缩量,低,情绪退潮,观望,资金撤退型,,D,回避：资金撤退,-0.3
603506,南都物业,11.49,22.2,0.86,-53.5,-1.31,-2292200,-7196081,-20532115,-213750,738522,1643042,缩量,低,情绪退潮,观望,资金撤退型,,D,回避：资金撤退,-0.4
603500,祥和实业,9.18,-66.5,2.15,-35.6,-5.25,-7994571,-21418710,-29803774,-3625504,-2438440,1604191,缩量,低,情绪退潮,观望,资金撤退型,,D,回避：资金撤退,-1.8
603486,科沃斯,49.93,-54.1,0.76,-46.0,0.13,1176764,-33268437,-216300869,7335241,-193032,5805308,缩量,低,情绪退潮,进场,资金观望型,资金+业绩共振(双击候选),B,关注：资金+业绩共振,72.0
603511,爱慕股份,12.18,-22.1,0.86,-23.4,-1.88,-1521659,-2615165,-9166703,1040799,2952956,69830,缩量,低,情绪退潮,观望,资金撤退型,,D,回避：资金撤退,-0.6
603507,振江股份,24.2,93.4,0.36,43.5,3.61,56046979,17478640,32325582,21779843,16230524,-41052029,放量,低,游资情绪,进场,资金观望型,资金+业绩共振(双击候选),B,关注：资金+业绩共振,81.2
603505,金石资源,15.42,-71.5,2.52,-14.9,-2.49,-17017091,-45315378,-38630354,11789048,16510525,-7142111,缩量,低,情绪退潮,吸筹,资金观望型,机构吸筹+盈利(关注),C,谨慎：资金流入未验证业绩,23.2
603501,豪威集团,81.27,-60.8,1.27,-19.3,-1.49,-61193132,-88781775,-1088292907,171062134,177561416,-43413695,缩量,低,情绪退潮,吸筹,资金撤退型,机构吸筹+盈利(关注),C,谨慎：资金流入未验证业绩,23.5
603519,立霸股份,15.55,-58.3,2.75,-64.0,-0.42,-1357359,-980944,-53925981,-5813974,-3421958,9638624,缩量,低,情绪退潮,观望,资金观望型,,D,回避：资金观望,-0.1
603529,爱玛科技,21.43,-54.2,0.35,-37.8,4.44,18307241,18534982,-36335268,-6649449,-5126133,1469124,缩量,低,情绪退潮,观望,趋势转多型,,D,回避：资金观望,1.5
603533,掌阅科技,23.23,7.0,0.96,-14.9,3.53,97888253,137403620,528919823,-23210449,-17684190,40634548,缩量,低,情绪退潮,观望,均衡流入型,,D,回避：资金观望,1.2
603535,嘉诚国际,6.11,-31.8,1.1,-21.0,0.29,302212,-1399698,-457718,-316794,1222322,385366,缩量,低,情绪退潮,观望,资金观望型,,D,回避：资金观望,0.1
603528,多伦科技,6.4,38.4,1.34,28.7,7.26,29518532,40221584,21879327,-5572743,-2459943,-5617640,缩量,中,主力惜售,进场,短线抢筹型,纯资金炒作(亏损风险),C,谨慎：纯资金炒作,26.4
603567,珍宝岛,5.3,-75.8,4.3,-50.3,-4.11,-16654280,-53190586,-72935388,-7138737,-3287564,621375,缩量,低,情绪退潮,观望,资金撤退型,,D,回避：资金撤退,-1.4
603558,健盛集团,13.28,81.0,0.33,41.0,4.18,18044967,12841311,6725570,-2472915,-314144,334552,放量,低,游资情绪,观望,资金观望型,,D,回避：资金观望,9.4
603530,神马电力,44.05,-36.9,0.48,-18.1,1.14,6857432,26422785,108549526,717050,976345,3043014,缩量,低,情绪退潮,进场,均衡流入型,资金+业绩共振(双击候选),B,关注：资金+业绩共振,72.4
603536,惠发食品,9.81,6.7,1.29,80.5,4.06,11135441,15577870,11551112,2196736,1689395,-584754,缩量,低,情绪退潮,吸筹,趋势转多型,纯资金炒作(亏损风险),C,谨慎：纯资金炒作,5.4
603577,汇金通,9.61,-32.4,0.87,-27.3,-7.69,-12327625,-16239290,-41329585,2052374,573631,-2092554,缩量,低,情绪退潮,观望,资金撤退型,,D,回避：资金撤退,-2.6
603579,荣泰健康,17.02,1.3,0.63,-21.2,2.62,4433924,10069022,17109299,-7005478,-5873158,5388246,缩量,低,情绪退潮,观望,主力建仓型,,D,回避：资金观望,0.9
603599,广信股份,10.47,-42.8,0.41,-9.4,-8.47,-38870590,42861206,103267215,11068273,4592249,-11387728,缩量,低,情绪退潮,观望,高位分歧型,,D,回避：资金观望,-2.8
603598,引力传媒,17.24,-39.0,0.9,-27.0,-0.75,-5720025,66459005,76487016,-10537214,-4382055,9069622,缩量,低,情绪退潮,观望,资金观望型,,D,回避：资金观望,-0.2
603580,艾艾精工,65.03,59.8,7.27,-37.4,1.82,45007915,215133296,-49396423,30918409,25058445,-26633280,放量,低,游资情绪,抢筹,趋势转多型,资金+业绩共振(双击候选),B,关注：资金+业绩共振,88.6
603600,永艺股份,10.13,51.8,0.46,4.2,-9.27,-23344319,12606674,-18957639,2048777,585816,-11108698,放量,低,游资情绪,观望,资金观望型,,D,回避：资金观望,4.9
603587,地素时尚,12.11,53.2,0.54,-9.6,-0.94,-1545591,-15731291,-27431812,1648163,567684,-6941481,放量,低,游资情绪,抢筹,资金撤退型,,C,谨慎：资金流入未验证业绩,47.7
603605,珀莱雅,55.83,7.9,1.09,-46.3,-3.27,-40245765,-81988171,-164168465,27642289,5714815,-52563667,缩量,低,情绪退潮,观望,资金撤退型,,D,回避：资金撤退,-1.1
603596,伯特利,28.38,-15.4,1.02,-42.4,2.6,48038389,-245284140,-187830315,-2809151,4385705,-3587520,缩量,低,情绪退潮,吸筹,资金观望型,资金+业绩共振(双击候选),B,关注：资金+业绩共振,64.9
603609,禾丰股份,6.32,-1.7,0.98,74.6,-0.93,-1339584,-35570794,-36549270,-906351,71799,-2292633,缩量,低,情绪退潮,观望,资金撤退型,,D,回避：资金撤退,-0.3
603601,再升科技,10.21,32.1,0.28,200.4,0.87,63979220,534629014,499347055,49574609,44110540,-52517067,缩量,低,情绪退潮,进场,趋势转多型,资金+业绩共振(双击候选),B,关注：资金+业绩共振,72.3
603612,索通发展,16.6,-36.6,0.49,-9.2,-1.31,-9143507,-11594761,44347381,-13541192,-8098052,4101721,缩量,低,情绪退潮,观望,资金观望型,,D,回避：资金观望,-0.4
603636,南威软件,6.62,-58.4,1.7,-21.3,-0.38,-1077176,-2645017,-33116691,-961203,-697982,687454,缩量,低,情绪退潮,观望,资金撤退型,,D,回避：资金撤退,-0.1
603633,徕木股份,6.45,-40.9,0.39,6.4,-2.26,-4905564,-11748004,-23289667,-1280646,700150,-1018269,缩量,低,情绪退潮,观望,资金撤退型,,D,回避：资金撤退,-0.8
603618,杭电股份,39.91,73.4,0.79,16.0,-1.88,-371410088,-666204975,617543717,200182546,251733167,-4747558,放量,低,游资情绪,抢筹,资金观望型,纯资金炒作(亏损风险),C,谨慎：纯资金炒作,27.4
603626,科森科技,23.42,238.9,0.59,-15.4,7.63,356244087,674048445,955131941,227970684,284058568,-107606716,放量,中,主力偏强放量,抢筹,主力强攻型,纯资金炒作(亏损风险),C,谨慎：纯资金炒作,38.5
603648,畅联股份,9.37,-34.8,0.94,0.7,-1.64,-1758388,2905706,3803477,-1292214,-761529,2554820,缩量,低,情绪退潮,观望,资金观望型,,D,回避：资金观望,-0.5
603639,海利尔,10.31,-38.7,0.43,-3.0,5.15,4126355,233758,1861719,32316,-1240709,372918,缩量,中,主力惜售,进场,资金观望型,资金+业绩共振(双击候选),B,关注：资金+业绩共振,85.7
603659,璞泰来,22.27,-61.2,0.32,-15.2,-6.18,-150736194,-265145495,-447317015,-17642841,-10110796,8331249,缩量,低,情绪退潮,观望,资金撤退型,,D,回避：资金撤退,-2.1
603638,艾迪精密,18.31,-68.3,1.65,-7.9,4.39,28704913,-10083552,-24620285,8540015,2259940,264454,缩量,低,情绪退潮,进场,资金观望型,资金+业绩共振(双击候选),B,关注：资金+业绩共振,73.5
603650,彤程新材,73.55,-11.5,2.56,132.4,2.44,256023480,846115408,612829293,68071303,79564511,-18858193,缩量,低,情绪退潮,吸筹,趋势转多型,资金+业绩共振(双击候选),B,关注：资金+业绩共振,64.8
603660,苏州科达,9.68,-8.4,0.77,-11.7,-0.12,-998204,-108583404,-205913561,11173919,1082896,-17973080,缩量,低,情绪退潮,观望,资金撤退型,,D,回避：资金撤退,-0.0
603655,朗博科技,30.2,7.2,0.22,-4.3,1.63,2321879,10145658,-13105640,2082137,-2371505,-3158509,缩量,低,情绪退潮,进场,趋势转多型,资金+业绩共振(双击候选),B,关注：资金+业绩共振,72.5
603657,春光科技,35.58,139.8,2.31,117.0,1.52,20619234,27800118,-14879358,6878568,1911347,423730,放量,低,游资情绪,进场,趋势转多型,纯资金炒作(亏损风险),C,谨慎：纯资金炒作,20.5
603667,五洲新春,51.11,-44.1,0.98,0.2,3.16,107186595,11713133,-57572587,-11726063,-27912947,22606189,缩量,低,情绪退潮,观望,资金观望型,,D,回避：资金观望,1.1
603658,安图生物,32.17,-41.0,1.46,-45.5,0.4,1038759,-1280656,-6793609,5977392,4355385,-889890,缩量,低,情绪退潮,吸筹,资金观望型,资金+业绩共振(双击候选),B,关注：资金+业绩共振,64.1
603677,奇精机械,14.16,1.9,1.64,75.6,-0.59,-1208950,-2085992,-8056218,1630272,2185498,1911669,缩量,低,情绪退潮,观望,资金撤退型,,D,回避：资金撤退,-0.2
603663,三祥新材,45.29,4.9,2.53,22.9,2.35,124562149,337763996,376920178,71481864,66454087,-24644730,缩量,低,情绪退潮,吸筹,主力建仓型,资金+业绩共振(双击候选),B,关注：资金+业绩共振,64.8
603681,永冠新材,19.29,-15.9,2.38,21.8,-1.19,-7856468,-2515109,-16834915,7109426,6181795,-7199586,缩量,低,情绪退潮,观望,资金观望型,,D,回避：资金观望,-0.4
603669,灵康药业,5.58,31.3,3.3,6.0,4.21,39055249,42685104,-36502963,45094586,41219339,-57914815,缩量,低,情绪退潮,进场,趋势转多型,纯资金炒作(亏损风险),C,谨慎：纯资金炒作,13.4
603683,晶华新材,16.48,-37.5,1.23,-18.8,2.75,55143107,1648441,94117580,-15356499,-9710076,18108108,缩量,低,情绪退潮,观望,资金观望型,,D,回避：资金观望,0.9
603676,卫信康,8.72,-41.0,0.94,-34.7,1.23,676079,-1490470,2601015,1604581,921022,-1895548,缩量,低,情绪退潮,进场,长线吸筹型,资金+业绩共振(双击候选),B,关注：资金+业绩共振,72.4
603689,皖天然气,7.62,-16.5,0.84,-7.7,-4.68,-6218984,-14518193,-12870037,376976,893520,-4605794,缩量,低,情绪退潮,观望,资金观望型,,D,回避：资金观望,-1.6
603690,至纯科技,24.38,-63.2,4.88,-28.1,-0.87,-16182311,-22365006,-116079838,26317173,5747488,-21902060,缩量,低,情绪退潮,观望,资金撤退型,,D,回避：资金撤退,-0.3
603679,华体科技,25.6,138.0,2.62,62.5,2.36,29667174,95698051,152958241,38808372,37751023,-31617454,放量,低,游资情绪,抢筹,主力建仓型,纯资金炒作(亏损风险),C,谨慎：纯资金炒作,28.8
603686,福龙马,15.47,87.4,0.86,178.4,6.14,190284915,187237364,204892831,173814187,204390642,-91045254,放量,中,主力偏强放量,抢筹,资金观望型,资金+业绩共振(双击候选),B,关注：资金+业绩共振,98.0
603697,有友食品,9.05,-50.1,0.71,2.9,-4.65,-7998297,-12952564,-17999582,294997,0,-3567357,缩量,低,情绪退潮,观望,资金撤退型,,D,回避：资金撤退,-1.6
603698,XD航天工,21.95,-70.2,0.41,-13.5,-4.01,-35175373,-30876861,-182428475,-14338626,1632669,18644667,缩量,低,情绪退潮,观望,资金观望型,,D,回避：资金观望,-1.3
603703,盛洋科技,10.24,16.4,0.67,2.9,-6.82,-41947306,-105223112,-125403524,-6533006,-3448531,6543404,缩量,低,情绪退潮,观望,资金撤退型,,D,回避：资金撤退,-2.3
603707,健友股份,7.46,-59.5,1.75,-63.1,-6.73,-11465997,-2450818,89298960,1361375,-1799833,169335,缩量,低,情绪退潮,观望,高位分歧型,,D,回避：资金观望,-2.2
603709,中源家居,12.27,8.3,0.26,-38.4,-0.04,-55114,-4015524,-20890205,2936682,544737,-2431086,缩量,低,情绪退潮,观望,资金撤退型,,D,回避：资金撤退,-0.0
603701,德宏股份,19.92,-30.7,0.7,-19.4,0.26,722019,2805768,35644910,813561,1414087,-7802,缩量,低,情绪退潮,吸筹,长线吸筹型,资金+业绩共振(双击候选),B,关注：资金+业绩共振,64.1
603708,家家悦,9.0,35.9,0.55,3.7,-0.0,-11972,-19087651,-5083911,4397775,5054282,-1674673,缩量,低,情绪退潮,吸筹,资金观望型,机构吸筹+盈利(关注),C,谨慎：资金流入未验证业绩,24.0
603717,天域生物,5.8,-63.4,2.44,14.4,-1.24,-3125609,-15112911,-29484509,-1392727,-498803,-2125068,缩量,低,情绪退潮,观望,资金撤退型,,D,回避：资金撤退,-0.4
603719,良品铺子,8.82,-47.8,1.33,-6.4,0.68,1004941,-3686802,-5032673,-4907124,-5377642,1210507,缩量,低,情绪退潮,观望,资金观望型,,D,回避：资金观望,0.2
603711,香飘飘,11.64,-31.7,3.59,-46.4,3.6,5202834,-11291184,14529690,673125,1267109,-1156150,缩量,低,情绪退潮,吸筹,资金观望型,资金+业绩共振(双击候选),B,关注：资金+业绩共振,65.2
603726,朗迪集团,24.2,-75.6,3.26,-18.8,-3.69,-11836517,2200627,-4853930,3082641,4288206,27897,缩量,低,情绪退潮,观望,资金观望型,,D,回避：资金观望,-1.2
603725,天安新材,11.75,-10.7,4.04,-42.9,4.54,26945949,29454200,-61730099,62175368,71940352,-33734568,缩量,低,情绪退潮,吸筹,趋势转多型,资金+业绩共振(双击候选),B,关注：资金+业绩共振,65.5
603737,三棵树,20.61,-17.4,0.67,-35.9,-3.71,-23085999,-19649474,-63856072,6203236,-4976186,-11349662,缩量,低,情绪退潮,观望,资金观望型,,D,回避：资金观望,-1.2
603728,鸣志电器,50.05,-23.9,2.07,-24.8,0.89,9958749,-68397047,179770722,13759583,23599278,9365391,缩量,低,情绪退潮,进场,长线吸筹型,资金+业绩共振(双击候选),B,关注：资金+业绩共振,72.3
603757,XD大元泵,68.2,-41.5,1.38,-41.7,-1.79,-42402897,-215187375,498166656,-5992099,8417670,-20214929,缩量,低,情绪退潮,观望,长线吸筹型,,D,回避：资金观望,-0.6
603767,中马传动,13.41,-50.1,0.92,-39.6,1.09,1817553,-11722807,-26807473,-1281967,-1555293,-615026,缩量,低,情绪退潮,观望,资金观望型,,D,回避：资金观望,0.4
603759,海天股份,7.8,175.8,1.09,-35.5,-1.23,-2403258,-8311174,-7793639,5226202,175189,-11141188,放量,低,游资情绪,观望,资金观望型,,D,回避：资金观望,7.6
603768,常青股份,11.34,-45.1,1.46,-13.4,-2.24,-2706185,-1310598,3671058,-27546,522774,-202465,缩量,低,情绪退潮,吸筹,资金观望型,纯资金炒作(亏损风险),C,谨慎：纯资金炒作,3.3
603776,永安行,19.61,-60.6,0.5,-18.2,4.75,5572746,10395479,6663761,2315773,1331077,-1020489,缩量,低,情绪退潮,吸筹,趋势转多型,纯资金炒作(亏损风险),C,谨慎：纯资金炒作,5.6
603779,威龙股份,8.24,-69.5,6.86,26.3,-4.39,-21255024,-38273882,-43791365,-6553278,-1084288,3950780,缩量,低,情绪退潮,观望,资金撤退型,,D,回避：资金撤退,-1.5
603773,沃格光电,94.1,46.1,1.19,62.1,5.1,687006364,1012383436,415853309,-212884158,-189398836,90011081,缩量,中,主力惜售,进场,短线抢筹型,纯资金炒作(亏损风险),C,谨慎：纯资金炒作,25.7
603797,联泰环保,4.63,6.2,1.1,-4.1,-5.23,-8555568,-6930,-3573444,1094216,876960,-6168605,缩量,低,情绪退潮,观望,资金观望型,,D,回避：资金观望,-1.7
603798,康普顿,13.02,-39.7,0.56,4.2,-8.15,-15531745,-4050391,-7877151,988532,1770589,-2962049,缩量,低,情绪退潮,观望,资金观望型,,D,回避：资金观望,-2.7
603800,洪田股份,59.19,-62.9,1.69,-12.4,-0.68,-10186358,-48513130,-189350480,-15821968,-13094769,18579595,缩量,低,情绪退潮,观望,资金撤退型,,D,回避：资金撤退,-0.2
603799,华友钴业,35.78,-53.7,0.56,-25.8,-10.99,-632222641,-894890505,-1405145353,66591793,41249750,-63764968,缩量,低,情绪退潮,观望,资金撤退型,,D,回避：资金撤退,-3.7
603811,诚意药业,6.77,-47.6,0.44,-12.5,-10.18,-15255189,-19741443,-23035165,-2046891,-680000,1083382,缩量,低,情绪退潮,观望,资金撤退型,,D,回避：资金撤退,-3.4
603813,原尚股份,26.41,-35.7,0.7,0.3,-2.67,-2750421,-5531365,-12980990,285827,0,2410567,缩量,低,情绪退潮,观望,资金撤退型,,D,回避：资金撤退,-0.9
603817,海峡环保,5.74,31.0,0.57,14.1,0.7,2161911,-4999118,-14910242,-2624761,-1968389,3916398,缩量,低,情绪退潮,观望,资金观望型,,D,回避：资金观望,0.2
603826,坤彩科技,16.47,-37.0,0.37,86.3,-3.18,-27662814,83999425,-8365624,-289076,1340705,328729,缩量,低,情绪退潮,观望,资金观望型,,D,回避：资金观望,-1.1
603833,欧派家居,28.82,-56.8,1.03,-41.7,-5.24,-17134494,-31810797,-39754225,2069024,5463553,2260691,缩量,低,情绪退潮,观望,资金撤退型,,D,回避：资金撤退,-1.7
603836,海程邦达,9.23,-25.4,0.79,-20.9,-2.32,-3174738,-7771366,-13880132,-1586020,-663877,-2119459,缩量,低,情绪退潮,观望,资金撤退型,,D,回避：资金撤退,-0.8
603818,曲美家居,4.1,57.0,2.41,0.3,-1.95,-12011446,-65883564,-34336363,9966311,17625526,-6598111,放量,低,游资情绪,抢筹,长线吸筹型,纯资金炒作(亏损风险),C,谨慎：纯资金炒作,27.4
603848,好太太,13.12,3.0,1.24,-26.2,-0.59,-1243618,-11634991,-26738095,-3717289,-3219646,7002853,缩量,低,情绪退潮,观望,资金撤退型,,D,回避：资金撤退,-0.2
603839,安正时尚,6.6,-40.1,1.0,-67.7,1.08,1239479,-793988,-47829643,-678056,0,220401,缩量,低,情绪退潮,观望,资金观望型,,D,回避：资金观望,0.4
603855,华荣股份,16.72,-60.5,1.32,-32.5,2.17,2062014,3943020,4075423,-812922,-515534,-205364,缩量,低,情绪退潮,观望,均衡流入型,,D,回避：资金观望,0.7
603861,白云电器,11.21,-68.9,0.62,-28.8,-2.91,-8065050,-14868844,-50531884,-4772438,456171,11542277,缩量,低,情绪退潮,观望,资金撤退型,,D,回避：资金撤退,-1.0
603858,步长制药,14.53,-35.0,1.67,-32.9,0.79,1919120,-5166546,-35178526,8208287,5201012,-11475437,缩量,低,情绪退潮,进场,资金观望型,资金+业绩共振(双击候选),B,关注：资金+业绩共振,72.3
603877,太平鸟,11.75,-22.2,0.85,3.2,0.15,142029,-1056341,4300419,-2796891,-965952,-534944,缩量,低,情绪退潮,观望,资金观望型,,D,回避：资金观望,0.0
603878,武进不锈,4.87,-52.0,0.51,-19.0,-2.99,-6435066,-7962421,-9612185,1399111,-117888,-931254,缩量,低,情绪退潮,观望,资金撤退型,,D,回避：资金撤退,-1.0
603867,XD新化股,32.5,59.3,1.24,-10.8,0.3,2560781,8918325,98008013,7780895,12223846,14573289,放量,低,游资情绪,抢筹,长线吸筹型,资金+业绩共振(双击候选),B,关注：资金+业绩共振,88.1
603880,南卫股份,8.88,203.9,2.51,-21.0,-1.04,-5266583,1077087,-9267998,-23390902,-19098638,7365082,放量,低,游资情绪,观望,资金观望型,,D,回避：资金观望,7.7
603868,飞科电器,31.67,158.5,0.38,46.7,2.37,7201247,5152858,460679,1102640,-224574,993504,放量,低,游资情绪,进场,资金观望型,资金+业绩共振(双击候选),B,关注：资金+业绩共振,80.8
603883,老百姓,12.6,-22.5,0.81,-10.4,-7.56,-42492507,-67448372,-67696074,-5282974,-1532447,3939871,缩量,低,情绪退潮,观望,资金撤退型,,D,回避：资金撤退,-2.5
603887,城地香江,8.89,-37.3,0.43,-55.2,-5.18,-33374140,-169006242,-240655812,-7498242,-4181069,3382556,缩量,低,情绪退潮,观望,资金撤退型,,D,回避：资金撤退,-1.7
603882,金域医学,28.01,100.8,1.3,-31.1,-0.98,-11201671,-6427093,-1041202,21280532,16323708,-55150923,放量,低,游资情绪,抢筹,资金观望型,纯资金炒作(亏损风险),C,谨慎：纯资金炒作,27.7
603885,吉祥航空,10.1,-39.9,1.4,-17.4,-0.29,-1313226,-17639129,101331617,4346786,5258058,-2674120,缩量,低,情绪退潮,吸筹,长线吸筹型,机构吸筹+盈利(关注),C,谨慎：资金流入未验证业绩,23.9
603881,数据港,24.18,-57.7,0.58,-46.1,0.02,276994,-142981100,-928234366,39529739,24220166,-29137524,缩量,低,情绪退潮,进场,资金观望型,资金+业绩共振(双击候选),B,关注：资金+业绩共振,72.0
603896,寿仙谷,14.11,-63.0,1.46,-40.1,-7.14,-4927407,-7232816,-13505756,1431337,1138086,-1609942,缩量,低,情绪退潮,观望,资金撤退型,,D,回避：资金撤退,-2.4
603897,长城科技,30.67,21.7,0.4,-21.1,0.46,5710781,-20649514,-120092987,-4456310,-2612547,8506247,缩量,低,情绪退潮,观望,资金观望型,,D,回避：资金观望,0.2
603895,天永智能,25.66,-50.8,0.78,-32.2,-2.14,-2155769,-4552291,-373024,2377739,1700006,-363837,缩量,低,情绪退潮,吸筹,资金观望型,机构吸筹+盈利(关注),C,谨慎：资金流入未验证业绩,23.3
603898,好莱客,10.89,-77.5,0.81,-35.4,-2.0,-1871246,-11236627,-14891398,-578435,0,760681,缩量,低,情绪退潮,观望,资金撤退型,,D,回避：资金撤退,-0.7
603893,瑞芯微,190.04,-53.3,3.07,-41.7,1.65,120214458,140816249,417744489,237084459,206135076,-208547775,缩量,低,情绪退潮,进场,均衡流入型,资金+业绩共振(双击候选),B,关注：资金+业绩共振,72.5
603908,牧高笛,18.45,8.3,0.9,22.2,1.49,2202928,658338,-3092057,-670728,-683717,634978,缩量,低,情绪退潮,观望,资金观望型,,D,回避：资金观望,0.5
603912,佳力图,8.7,22.8,0.2,-48.5,-6.59,-32509301,-62307047,-22539378,15573527,8626951,-15291105,缩量,低,情绪退潮,观望,资金观望型,,D,回避：资金观望,-2.2
603915,国茂股份,13.07,-62.7,1.39,-40.6,-0.82,-1806146,-9302713,-21156762,-1224951,-1476673,1245991,缩量,低,情绪退潮,观望,资金撤退型,,D,回避：资金撤退,-0.3
603909,建发合诚,9.61,-5.2,0.19,23.2,-0.26,-334920,-3144894,-6979710,-998312,932815,738876,缩量,低,情绪退潮,观望,资金撤退型,,D,回避：资金撤退,-0.1
603916,苏博特,10.83,-44.4,1.06,-42.9,-4.95,-15211211,-56198717,-54538232,1701795,-4918362,-5224183,缩量,低,情绪退潮,观望,资金观望型,,D,回避：资金观望,-1.7
603901,永创智能,9.28,-35.9,0.52,-45.2,-7.53,-18429976,-32825551,-18300980,9400106,12390820,-8796629,缩量,低,情绪退潮,吸筹,资金观望型,机构吸筹+盈利(关注),C,谨慎：资金流入未验证业绩,21.5
603919,金徽酒,16.22,-76.0,1.51,-39.7,-2.83,-6132973,-21659683,-30742472,-857031,0,-2731075,缩量,低,情绪退潮,观望,资金撤退型,,D,回避：资金撤退,-0.9
603927,XD中科软,13.59,-44.9,1.42,-36.6,-2.02,-7986187,-40311299,-20500162,618070,247144,-6045224,缩量,低,情绪退潮,观望,资金观望型,,D,回避：资金观望,-0.7
603933,睿能科技,19.42,-63.3,0.61,-27.0,-0.29,-599171,-4829560,-14039265,1535319,567720,-3471080,缩量,低,情绪退潮,观望,资金撤退型,,D,回避：资金撤退,-0.1
603928,兴业股份,12.17,-68.6,6.89,34.6,2.14,18765354,13731003,13522611,-12194618,-1506031,28807720,缩量,低,情绪退潮,观望,资金观望型,,D,回避：资金观望,0.7
603918,金桥信息,10.72,56.9,1.99,-51.2,-0.22,-1091959,-9598552,-46791858,27919874,21682798,-56623815,放量,低,游资情绪,抢筹,资金撤退型,纯资金炒作(亏损风险),C,谨慎：纯资金炒作,27.9
603926,铁流股份,17.17,-26.2,0.44,48.4,0.65,2309416,63383553,73071505,2573929,-145962,-3324821,缩量,低,情绪退潮,进场,均衡流入型,资金+业绩共振(双击候选),B,关注：资金+业绩共振,72.2
603937,丽岛新材,11.57,-64.6,0.79,-31.6,-1.54,-2275558,-7497787,-18028362,7796,-873721,-1519105,缩量,低,情绪退潮,观望,资金撤退型,,D,回避：资金撤退,-0.5
603938,三孚股份,50.33,17.9,1.55,140.9,3.17,329626210,613438418,729658327,-77518540,-51509439,116903041,缩量,低,情绪退潮,观望,主力建仓型,,D,回避：资金观望,1.1
603948,建业股份,19.59,-52.2,1.18,-2.0,-0.63,-814466,-2314257,-1874636,-123923,-836071,425631,缩量,低,情绪退潮,观望,资金观望型,,D,回避：资金观望,-0.2
603956,威派格,7.07,3.0,5.3,70.7,4.26,45552059,66423861,-5260934,-9771138,-10888167,-538701,缩量,低,情绪退潮,观望,趋势转多型,,D,回避：资金观望,1.4
603968,醋化股份,10.31,-19.9,0.67,28.8,-2.9,-3767047,-7303474,-10474244,88835,-517040,-2485622,缩量,低,情绪退潮,观望,资金撤退型,,D,回避：资金撤退,-1.0
603967,中创物流,11.67,-35.5,0.29,-39.3,-0.82,-924290,-2060563,3068510,410606,0,-124089,缩量,低,情绪退潮,观望,资金观望型,,D,回避：资金观望,-0.3
603966,法兰泰克,7.32,-55.6,0.36,-39.2,-1.3,-2828339,-12347331,-46883691,-4749123,-3851560,2070699,缩量,低,情绪退潮,观望,资金撤退型,,D,回避：资金撤退,-0.4
603950,长源东谷,60.61,-27.6,0.99,-39.2,-7.78,-101194359,-87731464,229283225,41944207,44821216,-25704381,缩量,低,情绪退潮,吸筹,长线吸筹型,机构吸筹+盈利(关注),C,谨慎：资金流入未验证业绩,21.4
603969,银龙股份,7.62,-61.3,0.95,-39.3,-7.52,-19197469,-25675250,-20716961,3898813,907552,-2557623,缩量,低,情绪退潮,观望,资金观望型,,D,回避：资金观望,-2.5
603976,正川股份,30.29,-6.8,3.14,21.3,-1.42,-9485934,-82743100,-25414168,8041003,6630039,-19245416,缩量,低,情绪退潮,观望,资金观望型,,D,回避：资金观望,-0.5
603977,国泰集团,11.35,-79.0,0.84,-20.3,-15.03,-40131701,-41774521,-30775538,2015840,2688781,166225,缩量,低,情绪退潮,观望,资金观望型,,D,回避：资金观望,-5.0
603960,克来机电,17.12,146.6,0.31,16.2,7.8,65119894,51669255,52755727,14614776,12128428,-24499750,放量,中,主力偏强放量,进场,资金观望型,资金+业绩共振(双击候选),B,关注：资金+业绩共振,90.6
603983,丸美生物,29.33,-40.9,4.3,28.0,-6.01,-55350104,-66376473,9003728,2118089,3924234,-5963918,缩量,低,情绪退潮,观望,长线吸筹型,,D,回避：资金观望,-2.0
603985,恒润股份,17.0,-49.0,0.21,-32.6,-0.33,-1927621,-47693795,-10191441,2884660,871770,7924620,缩量,低,情绪退潮,观望,长线吸筹型,,D,回避：资金观望,-0.1
603978,深圳新星,22.82,28.0,1.34,-6.7,3.2,53647136,-2943978,361777507,48922044,33542498,-49010654,缩量,低,情绪退潮,进场,资金观望型,纯资金炒作(亏损风险),C,谨慎：纯资金炒作,13.1
603988,中电电机,18.36,-75.3,1.06,-52.9,-1.79,-5008130,-4839260,6941300,-4475476,-2247252,4186562,缩量,低,情绪退潮,观望,资金观望型,,D,回避：资金观望,-0.6
603992,松霖科技,20.03,-49.5,0.69,-25.6,-6.08,-17346089,-37197190,-11991734,-481461,-69850,7962202,缩量,低,情绪退潮,观望,长线吸筹型,,D,回避：资金观望,-2.0
603999,读者传媒,6.55,347.3,0.56,390.9,-2.76,-22962907,-11165195,-9972194,-6668063,-5160654,15932157,放量,低,游资情绪,观望,资金观望型,,D,回避：资金观望,7.1
603990,麦迪科技,20.29,-30.4,2.36,-44.2,-0.69,-8664738,-1114563,-38157690,15632344,29156267,-11217573,缩量,低,情绪退潮,吸筹,资金观望型,机构吸筹+盈利(关注),C,谨慎：资金流入未验证业绩,23.8
605003,众望布艺,24.02,63.3,0.57,16.4,-2.33,-2688144,-1757118,-7539563,1245554,587540,404135,放量,低,游资情绪,观望,资金观望型,,D,回避：资金观望,7.2
605008,长鸿高科,14.36,92.9,1.52,-26.3,-3.01,-7217485,-28007622,-37246962,-3357808,-2220007,1327644,放量,低,游资情绪,观望,资金撤退型,,D,回避：资金撤退,7.0
605001,威奥股份,5.67,12.9,0.46,-40.5,0.17,271669,2633020,10547541,1439674,1682505,-2343626,缩量,低,情绪退潮,进场,均衡流入型,资金+业绩共振(双击候选),B,关注：资金+业绩共振,72.1
605020,永和股份,32.22,-79.7,3.03,-45.8,-5.08,-49679582,-65343571,-101421663,-492049,6071956,12591379,缩量,低,情绪退潮,观望,资金撤退型,,D,回避：资金撤退,-1.7
605028,世茂能源,24.25,-68.3,1.0,19.4,-1.32,-1647073,1693714,1232499,716130,-597246,-1585138,缩量,低,情绪退潮,观望,资金观望型,,D,回避：资金观望,-0.4
605050,福然德,10.16,-50.3,0.55,-16.0,-12.5,-10968243,-16478614,-26354615,280552,513000,-2210030,缩量,低,情绪退潮,观望,资金撤退型,,D,回避：资金撤退,-4.2
605033,美邦股份,18.48,-11.7,0.97,-39.5,-3.7,-7021858,-19787409,-39858528,-344007,97308,1997682,缩量,低,情绪退潮,观望,资金撤退型,,D,回避：资金撤退,-1.2
605056,咸亨国际,13.48,-3.9,0.27,15.1,0.02,51448,1596955,-16167081,-677336,1016309,-2412935,缩量,低,情绪退潮,观望,趋势转多型,,D,回避：资金观望,0.0
605058,澳弘电子,47.4,1358.4,0.5,799.2,1.58,64929639,76181621,69925308,-108327119,-76380325,90405029,放量,低,游资情绪,观望,趋势转多型,,D,回避：资金观望,8.5
605060,联德股份,39.6,-57.1,0.49,-25.2,-3.12,-16803708,-24715828,-69608614,3272605,551727,6813697,缩量,低,情绪退潮,观望,资金撤退型,,D,回避：资金撤退,-1.0
605066,天正电气,6.75,-27.5,0.65,-26.8,-3.53,-7125760,-17810228,-50001707,-6084278,-4214754,1032602,缩量,低,情绪退潮,观望,资金撤退型,,D,回避：资金撤退,-1.2
605080,浙江自然,22.71,-18.3,0.46,-34.2,-4.53,-7376286,5531386,453358,-2592171,-2779924,2622028,缩量,低,情绪退潮,观望,资金观望型,,D,回避：资金观望,-1.5
605077,华康股份,11.4,140.0,0.23,628.1,-0.04,-388846,34702578,36265609,-13251599,-5679745,12052017,放量,低,游资情绪,观望,资金观望型,,D,回避：资金观望,8.0
605089,味知香,20.45,-42.0,0.4,10.6,-4.51,-5530236,434796,4363378,1355004,-459290,-165018,缩量,低,情绪退潮,观望,资金观望型,,D,回避：资金观望,-1.5
605090,九丰能源,32.67,-79.5,0.49,-20.1,-4.3,-36305202,-44291672,-188384914,-19477240,-14737625,19206823,缩量,低,情绪退潮,观望,资金撤退型,,D,回避：资金撤退,-1.4
605088,冠盛股份,24.2,339.1,0.75,145.6,5.73,118035493,134281512,184540107,8545877,14443537,774357,放量,中,主力偏强放量,进场,均衡流入型,资金+业绩共振(双击候选),B,关注：资金+业绩共振,89.9
605100,华丰股份,33.81,-12.4,0.95,14.2,3.56,31146718,-17144171,-50744198,-254194,-41918,-10141475,缩量,低,情绪退潮,观望,资金观望型,,D,回避：资金观望,1.2
605099,共创草坪,28.7,-53.9,0.52,-56.4,-0.41,-564868,-14494883,-10138879,-3129606,-1758770,2782993,缩量,低,情绪退潮,观望,资金观望型,,D,回避：资金观望,-0.1
605123,派克新材,80.82,-48.5,0.81,-19.4,-5.48,-26470862,-38643461,-78803731,1782224,-3074241,-2737412,缩量,低,情绪退潮,观望,资金撤退型,,D,回避：资金撤退,-1.8
605098,行动教育,53.71,-16.1,0.55,-13.8,-4.07,-7837581,-4180418,6904492,-2101706,2355476,-1503175,缩量,低,情绪退潮,吸筹,高位分歧型,机构吸筹+盈利(关注),C,谨慎：资金流入未验证业绩,22.6
605133,嵘泰股份,24.36,-53.2,0.95,-24.9,-9.6,-56248214,-84804404,-140799176,-7496343,7431211,9924211,缩量,低,情绪退潮,观望,资金撤退型,,D,回避：资金撤退,-3.2
605111,新洁能,62.85,-6.5,2.36,-16.5,1.88,90254453,25140836,-397836026,74851926,59663592,-43591448,缩量,低,情绪退潮,吸筹,资金观望型,资金+业绩共振(双击候选),B,关注：资金+业绩共振,64.6
605151,西上海,18.21,-37.0,0.76,38.1,1.79,2421656,7590919,-2306826,-1083499,0,-613243,缩量,低,情绪退潮,观望,趋势转多型,,D,回避：资金观望,0.6
605117,德业股份,84.63,-52.0,0.82,-24.7,3.68,130147732,-253458254,222169818,14612928,39424133,56444073,缩量,低,情绪退潮,进场,资金观望型,资金+业绩共振(双击候选),B,关注：资金+业绩共振,73.2
605155,西大门,14.35,-58.4,1.62,45.8,-2.97,-5680274,-11676478,-14640065,-501353,502950,1505040,缩量,低,情绪退潮,观望,资金撤退型,,D,回避：资金撤退,-1.0
605166,聚合顺,8.27,-47.5,0.38,-21.7,-4.87,-6247772,-21342220,-19015182,-287088,-98827,-1021968,缩量,低,情绪退潮,观望,资金观望型,,D,回避：资金观望,-1.6
605158,华达新材,7.71,-11.2,0.78,-62.8,-2.1,-2740707,-4500921,-106430263,-230674,-575757,98443,缩量,低,情绪退潮,观望,资金撤退型,,D,回避：资金撤退,-0.7
605138,盛泰集团,5.95,-50.8,1.12,-54.0,1.2,1021059,-1993571,1389660,29368,0,2082835,缩量,低,情绪退潮,进场,资金观望型,资金+业绩共振(双击候选),B,关注：资金+业绩共振,72.4
605167,利柏特,16.79,-33.4,1.64,-35.2,-1.82,-12629604,-26662320,-3114829,-13102327,-3806639,6773313,缩量,低,情绪退潮,观望,资金观望型,,D,回避：资金观望,-0.6
605169,洪通燃气,12.8,39.4,0.51,-48.9,-6.31,-12898615,-20691077,-15026758,360691,701760,-4926964,缩量,低,情绪退潮,观望,资金观望型,,D,回避：资金观望,-2.1
605178,时空科技,68.97,-38.6,1.41,-10.9,-5.06,-48064188,-53416627,-30847827,-6356293,16984010,16273490,缩量,低,情绪退潮,观望,资金观望型,,D,回避：资金观望,-1.7
605186,健麾信息,25.49,-76.0,4.13,-28.6,-2.04,-3470085,-13458058,-19343767,-495169,-1298274,1718219,缩量,低,情绪退潮,观望,资金撤退型,,D,回避：资金撤退,-0.7
605189,富春染织,14.05,-69.1,2.64,-42.9,-0.58,-2585281,-18252172,-68300208,-7452389,-2959109,5472912,缩量,低,情绪退潮,观望,资金撤退型,,D,回避：资金撤退,-0.2
605196,华通线缆,31.47,-67.5,1.3,5.4,-5.94,-141728284,-75920136,16882312,-368084,-1605870,-11297033,缩量,低,情绪退潮,观望,高位分歧型,,D,回避：资金观望,-2.0
605198,安德利,85.88,111.4,1.81,77.6,-0.06,-1391761,140068198,273568235,-23771861,-5267741,41087513,放量,低,游资情绪,观望,高位分歧型,,D,回避：资金观望,8.0
605208,永茂泰,14.64,-76.5,1.03,-24.4,-2.7,-10306947,-12178084,-29282913,-1799748,-6198741,-6316033,缩量,低,情绪退潮,观望,资金撤退型,,D,回避：资金撤退,-0.9
605180,华生科技,13.26,115.5,0.82,-35.2,-0.48,-597188,250814,-6229008,3228226,669000,-4380585,放量,低,游资情绪,抢筹,资金观望型,机构吸筹+盈利(关注),C,谨慎：资金流入未验证业绩,47.8
605218,伟时电子,14.18,51.2,1.07,-12.9,-0.59,-1159483,-124151,-4485654,-2233105,134229,1891519,放量,低,游资情绪,观望,资金观望型,,D,回避：资金观望,7.8
605188,国光连锁,13.12,187.7,0.33,8.4,-1.18,-13782310,-6725857,144518488,102137972,98652074,-63694493,放量,低,游资情绪,抢筹,长线吸筹型,机构吸筹+盈利(关注),C,谨慎：资金流入未验证业绩,47.6
605259,绿田机械,17.33,-38.9,0.38,9.3,-9.45,-7087033,-7498758,-10757224,299390,518765,-626767,缩量,低,情绪退潮,观望,资金撤退型,,D,回避：资金撤退,-3.1
605266,健之佳,15.26,-25.7,1.21,-35.9,1.81,2036882,1496344,-2593559,-595844,-157080,-1262971,缩量,低,情绪退潮,观望,资金观望型,,D,回避：资金观望,0.6
605286,同力天启,25.0,50.2,0.43,-64.3,-1.93,-5281964,-37733045,-15448883,4237087,734090,-4345576,放量,低,游资情绪,观望,长线吸筹型,,D,回避：资金观望,7.4
605228,神通科技,10.7,-70.8,0.98,-29.4,-0.08,-130529,-1075659,-3710608,1812354,1828738,-1672219,缩量,低,情绪退潮,吸筹,资金撤退型,机构吸筹+盈利(关注),C,谨慎：资金流入未验证业绩,24.0
605288,凯迪股份,69.17,77.9,1.56,-11.0,4.79,32281976,97237357,193011924,-1061268,-5221885,-2213012,放量,低,游资情绪,观望,主力建仓型,,D,回避：资金观望,9.6
605299,舒华体育,12.4,-36.1,0.18,-10.9,-0.81,-4778012,-60313047,40812998,-4503686,-3589064,3732201,缩量,低,情绪退潮,观望,长线吸筹型,,D,回避：资金观望,-0.3
605287,德才股份,35.7,-67.5,0.49,-55.2,-6.82,-23826093,-15847417,35907824,4893158,5867995,-2175845,缩量,低,情绪退潮,吸筹,高位分歧型,机构吸筹+盈利(关注),C,谨慎：资金流入未验证业绩,21.7
605303,园林股份,23.68,-100.0,0.46,-35.9,-4.61,-12511607,7175020,46893140,0,0,0,缩量,低,情绪退潮,观望,高位分歧型,,D,回避：资金观望,-1.5
605305,中际联合,31.51,-41.6,0.68,-38.4,-0.65,-4983286,-9158310,-14906793,-14783405,-10880733,10986065,缩量,低,情绪退潮,观望,资金撤退型,,D,回避：资金撤退,-0.2
605333,沪光股份,16.38,-37.6,0.65,-56.5,-4.01,-5954865,-8826621,-14378355,1246305,-362614,-1384706,缩量,低,情绪退潮,观望,资金撤退型,,D,回避：资金撤退,-1.3
605289,罗曼股份,105.12,-10.8,1.26,-12.9,-3.77,-45789810,-127087505,-141349456,32802289,40035791,-14912452,缩量,低,情绪退潮,吸筹,资金撤退型,机构吸筹+盈利(关注),C,谨慎：资金流入未验证业绩,22.7
605318,法狮龙,79.07,-48.6,0.6,-16.3,-6.72,-23015133,-15850308,-10569566,3416189,5792350,3784226,缩量,低,情绪退潮,观望,资金观望型,,D,回避：资金观望,-2.2
605337,李子园,8.9,-53.4,1.45,-2.3,0.02,16630,-7691746,-12225667,1238957,689781,-628915,缩量,低,情绪退潮,吸筹,资金观望型,资金+业绩共振(双击候选),B,关注：资金+业绩共振,64.0
605365,立达信,14.06,43.9,0.1,-26.2,-5.36,-23172364,-23078168,27241397,-1511017,-2079534,6016561,缩量,低,情绪退潮,观望,长线吸筹型,,D,回避：资金观望,-1.8
605368,蓝天燃气,6.65,-29.2,0.44,-33.9,-3.98,-4271554,-6371955,-1005029,-599709,-795340,-729714,缩量,低,情绪退潮,观望,资金观望型,,D,回避：资金观望,-1.3
605358,立昂微,46.5,-35.9,3.97,-3.4,2.16,180256067,255011429,-21283870,62205058,31960427,-79430931,缩量,低,情绪退潮,进场,趋势转多型,纯资金炒作(亏损风险),C,谨慎：纯资金炒作,12.7
605389,长龄液压,66.59,-30.6,0.62,-6.7,-5.26,-14018014,-34386395,-52382635,-834631,-3495866,3819188,缩量,低,情绪退潮,观望,资金撤退型,,D,回避：资金撤退,-1.8
605488,福莱新材,30.1,-16.9,1.62,68.1,0.21,2855097,83245555,77001485,-16511079,-11462252,9451552,缩量,低,情绪退潮,观望,趋势转多型,,D,回避：资金观望,0.1
605399,晨光新材,11.3,-77.4,1.88,-32.2,-3.12,-4090157,-8857151,-7432689,-673551,0,-739880,缩量,低,情绪退潮,观望,资金观望型,,D,回避：资金观望,-1.0
605500,森林包装,7.37,-7.7,0.94,-23.3,1.72,2370396,-54663,7449840,-415765,228896,1766110,缩量,低,情绪退潮,观望,资金观望型,,D,回避：资金观望,0.6
605366,宏柏新材,8.45,-63.0,0.88,33.2,4.77,51041034,73813367,14325268,1285767,5695721,-2998540,缩量,低,情绪退潮,吸筹,趋势转多型,纯资金炒作(亏损风险),C,谨慎：纯资金炒作,5.6
605369,拱东医疗,16.63,-13.7,1.21,-2.7,6.25,9102232,6152716,1303855,-332512,628890,-3310219,缩量,中,主力惜售,进场,资金观望型,资金+业绩共振(双击候选),B,关注：资金+业绩共振,86.1
605376,博迁新材,139.12,-36.6,2.25,13.1,1.85,173073216,-133502872,-833202544,37118944,19516736,70208001,缩量,低,情绪退潮,进场,资金观望型,资金+业绩共振(双击候选),B,关注：资金+业绩共振,72.6
605398,新炬网络,20.41,78.4,0.6,409.8,-2.84,-15459683,-54783859,-21652138,3961666,1246884,-712201,放量,低,游资情绪,吸筹,资金观望型,机构吸筹+盈利(关注),C,谨慎：资金流入未验证业绩,31.1
605378,野马电池,14.83,183.2,0.78,124.7,4.39,19030328,19088293,21824138,1314723,-1473519,-1504061,放量,低,游资情绪,进场,均衡流入型,资金+业绩共振(双击候选),B,关注：资金+业绩共振,81.5
605577,龙版传媒,15.72,2580.7,0.9,441.9,-8.25,-245799270,-165366059,-92841235,-18728586,-16143781,11947072,放量,低,游资情绪,观望,资金观望型,,D,回避：资金观望,5.2
605555,德昌股份,12.49,8.8,0.81,-43.4,-2.63,-5081273,-14203874,13705782,4721116,2813794,-493611,缩量,低,情绪退潮,吸筹,长线吸筹型,机构吸筹+盈利(关注),C,谨慎：资金流入未验证业绩,23.1
605580,恒盛能源,22.7,78.8,3.1,550.7,1.81,41263291,63814289,132094539,5942974,1500540,-3613945,放量,低,游资情绪,进场,均衡流入型,资金+业绩共振(双击候选),B,关注：资金+业绩共振,80.6
605599,菜百股份,14.23,-55.3,1.71,-64.7,1.22,3700482,-19677130,-24924675,3625596,1559212,-7140255,缩量,低,情绪退潮,进场,资金观望型,资金+业绩共振(双击候选),B,关注：资金+业绩共振,72.4
