code,name,price,cjb30,b30v100,veab,precip,m5,m10,m20,mainflow,jumbo,small,vol,lv,sig,phase,mode,matching,grade,greason,score
000066,中国长城,14.1,-55.0,0.27,133.1,0.18,19793394,481341748,-118983401,-201819868,-173666234,171248411,缩量,低,情绪退潮,观望,趋势转多型,,D,回避：资金观望,0.1
000009,中国宝安,6.93,-77.1,0.84,-7.8,-1.85,-8319970,2066175,-8535231,-1567174,595687,2911718,缩量,低,情绪退潮,观望,资金观望型,,D,回避：资金观望,-0.6
000037,深南电A,9.15,-52.2,0.83,-7.2,-2.4,-15341703,1753228,-55874301,12886577,9773690,-11002193,缩量,低,情绪退潮,观望,资金观望型,,D,回避：资金观望,-0.8
000021,深科技,32.83,-81.9,2.05,14.4,-9.22,-721844201,-437571439,-1562163837,-234434262,-182906850,255375692,缩量,低,情绪退潮,观望,资金观望型,,D,回避：资金观望,-3.1
000050,深天马Ａ,6.31,-64.4,1.04,14.6,-0.73,-4357301,-2911915,12125972,5290510,1389814,-9036421,缩量,低,情绪退潮,观望,资金观望型,,D,回避：资金观望,-0.2
000039,中集集团,8.6,-77.2,0.4,-35.3,-1.82,-13827087,-6532258,-69818807,2805382,-2290688,2147331,缩量,低,情绪退潮,观望,资金观望型,,D,回避：资金观望,-0.6
000065,北方国际,9.73,-15.0,0.3,8.8,-5.48,-42371093,1230648,-79056031,-11823037,-9601242,5051214,缩量,低,情绪退潮,观望,资金观望型,,D,回避：资金观望,-1.8
000030,富奥股份,3.93,-44.0,0.58,-16.5,-0.66,-919331,-15765470,-18129266,-1125111,-1254268,1724243,缩量,低,情绪退潮,观望,资金撤退型,,D,回避：资金撤退,-0.2
000025,特  力Ａ,15.21,23.9,1.08,-43.7,3.14,14815287,15793273,-57986841,-3531705,-6282611,6065291,缩量,低,情绪退潮,观望,趋势转多型,,D,回避：资金观望,1.0
000049,德赛电池,22.4,-45.0,0.46,-11.4,-3.32,-14962408,-35200182,-100112694,12513762,3605627,-6434611,缩量,低,情绪退潮,观望,资金撤退型,,D,回避：资金撤退,-1.1
000096,广聚能源,7.99,-68.6,1.17,-39.5,-4.95,-5771186,-17230816,-38508101,-163218,-639856,-363301,缩量,低,情绪退潮,观望,资金撤退型,,D,回避：资金撤退,-1.7
000063,中兴通讯,30.58,-88.5,1.41,-0.6,-13.39,-1099541898,-670815522,-3540261378,-100596034,-72780525,99132392,缩量,低,情绪退潮,观望,资金观望型,,D,回避：资金观望,-4.5
000090,天健集团,3.64,318.0,0.81,80.5,-3.31,-21653788,8522140,-3814569,-10154071,366232,11440397,放量,低,游资情绪,观望,资金观望型,,D,回避：资金观望,6.9
000002,万  科Ａ,4.26,1045.1,0.74,434.4,3.38,567969433,1590900256,1470696488,-456099133,-513950414,172440129,放量,低,游资情绪,观望,趋势转多型,,D,回避：资金观望,9.1
000062,深圳华强,21.32,-75.3,0.21,-30.3,-5.73,-75946758,-100497696,-415177821,-18375171,-12720240,27237359,缩量,低,情绪退潮,观望,资金撤退型,,D,回避：资金撤退,-1.9
000099,中信海直,12.67,-56.9,0.68,-29.8,-5.98,-17967275,-33992233,-48628138,823025,1287512,2447912,缩量,低,情绪退潮,观望,资金撤退型,,D,回避：资金撤退,-2.0
000017,深中华A,7.4,193.2,1.73,-37.0,-4.38,-68656433,-114509564,-360625822,-24652055,-12236447,39520169,放量,低,游资情绪,观望,资金撤退型,,D,回避：资金撤退,6.5
000028,国药一致,19.66,-57.0,0.73,-14.6,-1.3,-2362465,-7774216,-34751029,500564,-136385,3130737,缩量,低,情绪退潮,观望,资金撤退型,,D,回避：资金撤退,-0.4
000034,神州数码,23.21,-80.4,0.81,30.5,2.7,76597981,70071916,-143875610,-34126512,-35406213,20006235,缩量,低,情绪退潮,观望,资金观望型,,D,回避：资金观望,0.9
000045,深纺织Ａ,11.13,-28.5,0.67,3.7,-3.58,-9284516,-7775140,-40295307,-2245582,-1883643,5245009,缩量,低,情绪退潮,观望,资金观望型,,D,回避：资金观望,-1.2
000088,盐 田 港,4.66,0.7,0.86,-45.3,3.25,15827729,30900473,-27117780,-3585066,10226811,10720679,缩量,低,情绪退潮,观望,趋势转多型,,D,回避：资金观望,1.1
000012,南  玻Ａ,3.69,-55.9,1.35,6.9,-2.07,-7151176,-18950330,-6995299,1385965,1838061,713643,缩量,低,情绪退潮,观望,资金观望型,,D,回避：资金观望,-0.7
000032,深桑达Ａ,13.09,-67.3,1.9,6.1,-1.49,-23167224,-33253376,-170011407,-15119762,-19411517,-8989509,缩量,低,情绪退潮,观望,资金撤退型,,D,回避：资金撤退,-0.5
000060,中金岭南,5.84,-74.5,0.23,-41.5,-8.56,-140714865,-249070373,-534190928,974366,-10155444,-4792639,缩量,低,情绪退潮,观望,资金撤退型,,D,回避：资金撤退,-2.9
000008,神州高铁,2.4,-55.0,0.74,-16.9,-2.2,-5595733,-5315346,-39484565,-3962469,-2404954,3420659,缩量,低,情绪退潮,观望,资金观望型,,D,回避：资金观望,-0.7
000070,特发信息,16.3,-11.4,0.39,28.0,-8.74,-477994336,86991569,213424980,-4846244,6522511,7679072,缩量,低,情绪退潮,观望,资金观望型,,D,回避：资金观望,-2.9
000027,深圳能源,6.28,-47.5,0.53,-23.0,-5.34,-25369671,-54657206,-46838827,-661738,2298335,937104,缩量,低,情绪退潮,观望,资金观望型,,D,回避：资金观望,-1.8
000059,华锦股份,5.55,15.4,0.56,-54.7,-0.39,-3492796,-35134583,-108433356,-12075390,-12521680,14002071,缩量,低,情绪退潮,观望,资金撤退型,,D,回避：资金撤退,-0.1
000042,中洲控股,8.46,54.5,0.28,25.6,-1.23,-3868743,1772375,-13938027,-3927011,546124,6782649,放量,低,游资情绪,观望,资金观望型,,D,回避：资金观望,7.6
000069,华侨城Ａ,1.97,354.2,0.69,121.8,-0.69,-9288686,-10076923,-45207009,-11029019,-17323600,468701,放量,低,游资情绪,观望,资金撤退型,,D,回避：资金撤退,7.8
000058,深 赛 格,7.28,144.0,0.62,24.2,-1.54,-7594331,-884063,-4086687,-13257376,-8245019,11827683,放量,低,游资情绪,观望,资金观望型,,D,回避：资金观望,7.5
000029,深深房Ａ,22.71,66.3,0.72,78.4,-2.33,-19434205,-58728458,-107024662,-16391889,-8155958,13757356,放量,低,游资情绪,观望,资金撤退型,,D,回避：资金撤退,7.2
000006,深振业Ａ,7.51,192.3,0.51,103.9,0.64,9608011,-9325587,-16245407,-30278680,-27706331,16152154,放量,低,游资情绪,观望,资金观望型,,D,回避：资金观望,8.2
000014,沙河股份,11.24,266.0,0.77,100.2,3.16,30669856,32196019,6991603,-13613082,-6295186,18663131,放量,低,游资情绪,观望,趋势转多型,,D,回避：资金观望,9.1
000055,方大集团,3.86,52.4,0.83,191.8,-3.4,-12055648,34176908,35952829,-4751954,-445909,6683138,放量,低,游资情绪,观望,资金观望型,,D,回避：资金观望,6.9
000036,华联控股,4.08,279.0,0.28,116.4,3.33,43265209,74899161,73106792,-48337888,-35110593,8991822,放量,低,游资情绪,观望,趋势转多型,,D,回避：资金观望,9.1
000151,中成股份,10.06,5.6,0.65,9.3,0.26,1277733,-24373987,-26145401,-3286645,1633445,4733137,缩量,低,情绪退潮,观望,资金观望型,,D,回避：资金观望,0.1
000153,丰原药业,6.11,-21.6,0.88,-13.9,-0.7,-1827189,9221033,-4441810,-706699,629314,2620323,缩量,低,情绪退潮,观望,资金观望型,,D,回避：资金观望,-0.2
000155,川能动力,10.88,-76.8,0.28,-41.8,-10.13,-82802721,-126297546,-345935182,-945240,-3639775,9347872,缩量,低,情绪退潮,观望,资金撤退型,,D,回避：资金撤退,-3.4
000035,中国天楹,4.74,-55.3,0.58,-23.5,-5.83,-30551102,17256038,42381125,10114691,8869942,-6898275,缩量,低,情绪退潮,吸筹,高位分歧型,机构吸筹+盈利(关注),C,谨慎：资金流入未验证业绩,22.1
000158,常山北明,12.17,-73.7,0.9,-53.3,-10.37,-109573160,-119425047,-35766081,-11160389,-9527464,12126900,缩量,低,情绪退潮,观望,资金观望型,,D,回避：资金观望,-3.5
000159,国际实业,5.45,-38.6,0.51,-10.1,1.47,3496323,-11588524,-39403261,-3098710,-3826858,-574839,缩量,低,情绪退潮,观望,资金观望型,,D,回避：资金观望,0.5
000166,申万宏源,4.38,-51.5,0.9,-25.9,-3.22,-33547134,-34750242,-138972104,-4629729,10938631,14646817,缩量,低,情绪退潮,观望,资金撤退型,,D,回避：资金撤退,-1.1
000301,东方盛虹,12.89,-49.9,0.97,-51.3,-1.24,-13948843,16685693,-58892670,-2259087,116851,-6162207,缩量,低,情绪退潮,观望,资金观望型,,D,回避：资金观望,-0.4
000333,美的集团,80.1,16.8,0.95,47.4,4.61,450784659,33321373,-119304556,-135810210,45760140,98156152,缩量,低,情绪退潮,观望,资金观望型,,D,回避：资金观望,1.5
000011,深物业A,12.24,772.2,1.96,21.9,5.23,103156770,103068535,62510241,5479272,41564250,-16900248,放量,中,主力偏强放量,抢筹,资金观望型,资金+业绩共振(双击候选),B,关注：资金+业绩共振,97.7
000400,许继电气,21.61,-7.5,0.61,-2.8,-1.15,-17133951,-33282829,-45679665,-2582894,-7798543,12201581,缩量,低,情绪退潮,观望,资金撤退型,,D,回避：资金撤退,-0.4
000048,京基智农,18.0,-68.5,2.3,-22.1,8.53,89667508,-45101677,65647203,6813034,4541742,-1647842,缩量,中,主力惜售,吸筹,资金观望型,资金+业绩共振(双击候选),B,关注：资金+业绩共振,78.8
000402,金 融 街,2.74,314.9,0.18,108.4,0.88,12550734,94474102,86733735,-295850,-385647,-12743415,放量,低,游资情绪,观望,趋势转多型,,D,回避：资金观望,8.3
000403,派林生物,10.06,-46.6,1.1,14.9,-3.27,-9593735,-17194752,-26818058,1060830,3812146,4038693,缩量,低,情绪退潮,观望,资金撤退型,,D,回避：资金撤退,-1.1
000404,长虹华意,6.84,-75.6,0.42,-30.8,-7.19,-10878885,-23660803,-47258849,1137538,2704280,2632,缩量,低,情绪退潮,观望,资金撤退型,,D,回避：资金撤退,-2.4
000020,深华发Ａ,14.28,1029.4,0.29,56.1,6.53,98962609,135901850,170578675,-22085114,-406120,1225995,放量,中,主力偏强放量,进场,主力建仓型,资金+业绩共振(双击候选),B,关注：资金+业绩共振,90.2
000407,胜利股份,4.25,-19.0,0.38,-27.4,-1.39,-3632910,-23141677,-19996052,1938302,167714,547769,缩量,低,情绪退潮,观望,资金观望型,,D,回避：资金观望,-0.5
000408,藏格矿业,70.66,-59.7,0.88,-29.5,2.22,54864789,77958504,12346984,-18428624,-7462636,10500808,缩量,低,情绪退潮,观望,趋势转多型,,D,回避：资金观望,0.7
000409,云鼎科技,8.61,-25.9,0.75,-22.4,-7.62,-12306984,-2792208,14990562,-11307428,0,3772239,缩量,低,情绪退潮,观望,高位分歧型,,D,回避：资金观望,-2.5
000410,沈阳机床,5.11,-41.0,0.57,83.0,-5.86,-25164527,43033737,28051053,2232359,-1168691,294582,缩量,低,情绪退潮,观望,资金观望型,,D,回避：资金观望,-2.0
000411,英特集团,10.02,-14.9,0.82,55.9,-1.31,-4655750,-1703124,-22217123,-3729190,-1498978,4825653,缩量,低,情绪退潮,观望,资金观望型,,D,回避：资金观望,-0.4
000415,渤海租赁,4.13,-45.9,0.68,-13.8,-9.64,-82591050,-296280459,-634478972,-561804,-1863499,6173678,缩量,低,情绪退潮,观望,资金撤退型,,D,回避：资金撤退,-3.2
000417,合百集团,5.64,-65.9,1.7,-66.3,2.86,19576195,21798962,49874661,-7959478,-4907114,11412193,缩量,低,情绪退潮,观望,均衡流入型,,D,回避：资金观望,1.0
000007,全新好,10.96,-34.5,0.31,-41.4,-6.15,-21036791,-13962720,-62157323,2542076,3908446,-3247342,缩量,低,情绪退潮,吸筹,资金观望型,机构吸筹+盈利(关注),C,谨慎：资金流入未验证业绩,21.9
000420,吉林化纤,3.44,-26.7,0.22,-45.0,0.27,1605998,22261524,-44986115,-24489179,-32535818,17859155,缩量,低,情绪退潮,观望,趋势转多型,,D,回避：资金观望,0.1
000421,南京公用,5.74,-18.9,0.67,-31.8,3.21,4680459,4017127,-3014603,-636733,-350365,1182053,缩量,低,情绪退潮,观望,资金观望型,,D,回避：资金观望,1.1
000422,湖北宜化,11.52,-79.4,0.4,-60.4,-6.13,-33882376,-79398803,-275524642,-5532804,-4764105,5834569,缩量,低,情绪退潮,观望,资金撤退型,,D,回避：资金撤退,-2.0
000061,农 产 品,6.03,-11.3,1.0,-57.3,-0.83,-3466351,-16279123,45754268,5019696,7810200,-7328224,缩量,低,情绪退潮,吸筹,长线吸筹型,机构吸筹+盈利(关注),C,谨慎：资金流入未验证业绩,23.7
000026,飞亚达,18.86,-60.9,0.53,-38.8,3.0,13977281,45125004,37748033,5711299,4857998,-7567833,缩量,低,情绪退潮,进场,趋势转多型,资金+业绩共振(双击候选),B,关注：资金+业绩共振,73.0
000426,兴业银锡,31.5,-73.7,0.52,-27.8,-3.74,-204286015,-554354691,-988582066,-32398999,-35642888,18139449,缩量,低,情绪退潮,观望,资金撤退型,,D,回避：资金撤退,-1.2
000428,华天酒店,3.83,-49.7,3.68,-55.7,-5.2,-35094927,-83073353,38883901,-5030325,-1061374,9193155,缩量,低,情绪退潮,观望,长线吸筹型,,D,回避：资金观望,-1.7
000429,粤高速Ａ,12.46,-54.8,1.54,-51.0,-3.59,-10079461,-16780183,-55257705,1194586,535364,-3435908,缩量,低,情绪退潮,观望,资金撤退型,,D,回避：资金撤退,-1.2
000430,张家界,6.66,-4.5,1.27,-69.0,-4.64,-16319552,-65131210,-71251094,1486484,2049373,407624,缩量,低,情绪退潮,观望,资金撤退型,,D,回避：资金撤退,-1.5
000031,大悦城,2.46,287.2,0.86,63.7,-1.11,-11189383,8208359,42854717,6190847,3501297,-14898934,放量,低,游资情绪,抢筹,高位分歧型,纯资金炒作(亏损风险),C,谨慎：纯资金炒作,27.6
000501,武商集团,7.14,-37.7,0.97,-65.7,-10.1,-17506930,-34533560,-13976058,-3915920,-637065,3555972,缩量,低,情绪退潮,观望,长线吸筹型,,D,回避：资金观望,-3.4
000001,平安银行,11.57,-3.5,1.09,-1.6,0.58,29363570,169436155,174698963,118602727,-64767576,-67285622,缩量,低,情绪退潮,进场,均衡流入型,资金+业绩共振(双击候选),B,关注：资金+业绩共振,72.2
000019,深粮控股,7.01,231.1,0.36,-55.4,-4.66,-27423219,-21520054,126242020,19190393,9365881,-23314542,放量,低,游资情绪,抢筹,长线吸筹型,机构吸筹+盈利(关注),C,谨慎：资金流入未验证业绩,46.4
000505,京粮控股,6.28,126.2,0.68,-63.5,-5.26,-38452636,-71310089,-213501193,4609725,5687191,-10689452,放量,低,游资情绪,观望,资金撤退型,,D,回避：资金撤退,6.2
000506,招金黄金,16.71,-69.7,2.18,-35.9,-10.27,-282559287,-322626092,-682716134,-45424490,-45411625,30494320,缩量,低,情绪退潮,观望,资金撤退型,,D,回避：资金撤退,-3.4
000507,珠海港,4.94,-56.5,0.94,-32.9,-7.72,-11219677,-15760939,-37027787,-3738543,-727100,2279968,缩量,低,情绪退潮,观望,资金撤退型,,D,回避：资金撤退,-2.6
000089,深圳机场,6.69,10.2,1.11,-1.5,3.01,12707253,32616295,36203961,10171847,14345306,-5910947,缩量,低,情绪退潮,吸筹,主力建仓型,资金+业绩共振(双击候选),B,关注：资金+业绩共振,65.0
000068,华控赛格,3.41,602.3,0.8,73.1,9.74,49002377,52997896,54799826,10256443,-2416051,-27750194,放量,中,主力偏强放量,进场,均衡流入型,纯资金炒作(亏损风险),C,谨慎：纯资金炒作,31.2
000510,新金路,16.85,-59.2,0.95,-2.0,4.22,126368451,118302193,-6897447,-1971240,4178385,-11402196,缩量,低,情绪退潮,观望,资金观望型,,D,回避：资金观望,1.4
000100,TCL科技,4.79,-73.3,1.22,29.1,0.75,52692466,200222247,-739462180,101210363,75765512,-65697677,缩量,低,情绪退潮,吸筹,趋势转多型,资金+业绩共振(双击候选),B,关注：资金+业绩共振,64.2
000157,中联重科,5.97,-26.1,0.33,34.1,-2.79,-36683336,-313666926,-493750556,54968320,63701565,-13967622,缩量,低,情绪退潮,吸筹,资金撤退型,机构吸筹+盈利(关注),C,谨慎：资金流入未验证业绩,23.1
000156,华数传媒,6.98,-21.0,0.74,51.1,-10.58,-40101735,-22742507,-41184393,1919072,3573030,-2490402,缩量,低,情绪退潮,吸筹,资金观望型,机构吸筹+盈利(关注),C,谨慎：资金流入未验证业绩,20.5
000503,国新健康,7.69,178.1,1.15,143.9,10.41,162680678,149114629,147237245,2397411,-2702516,-1871847,放量,高,主力主导放量🔥(最强),进场,资金观望型,纯资金炒作(亏损风险),C,谨慎：纯资金炒作,35.5
000518,四环生物,3.59,-84.2,7.23,-44.2,-0.38,-1427229,-8723181,-45136597,331882,240748,2711809,缩量,低,情绪退潮,观望,资金撤退型,,D,回避：资金撤退,-0.1
000519,中兵红箭,14.3,-59.5,1.58,-62.1,-7.59,-164879434,-432267921,-434806060,3344022,9331876,2709764,缩量,低,情绪退潮,观望,资金撤退型,,D,回避：资金撤退,-2.5
000401,金隅冀东,3.66,65.3,0.28,9.2,4.94,11677155,27134657,39209610,223838,1002192,3039840,放量,低,游资情绪,进场,主力建仓型,资金+业绩共振(双击候选),B,关注：资金+业绩共振,81.6
000423,东阿阿胶,45.95,-41.3,0.91,-9.3,0.06,586759,-43134326,-36922753,8911680,4950712,-11760130,缩量,低,情绪退潮,进场,资金观望型,资金+业绩共振(双击候选),B,关注：资金+业绩共振,72.0
000338,潍柴动力,25.1,-46.9,0.55,-3.9,-1.66,-147916352,313264413,159450257,99966426,169302252,-27561242,缩量,低,情绪退潮,吸筹,资金观望型,机构吸筹+盈利(关注),C,谨慎：资金流入未验证业绩,23.4
000509,华塑控股,3.39,-9.2,0.43,226.2,6.9,52229356,111742458,106585199,-3620443,-1520990,7717951,缩量,中,主力惜售,进场,短线抢筹型,纯资金炒作(亏损风险),C,谨慎：纯资金炒作,26.3
000524,岭南控股,8.76,-69.7,0.95,-53.3,-1.15,-2490908,-2551980,-133668396,-1216981,-69687,1334976,缩量,低,情绪退潮,观望,资金撤退型,,D,回避：资金撤退,-0.4
000525,红太阳,4.44,-56.4,0.59,-48.2,-0.27,-732005,-8750584,-53274925,-540645,-2330204,1110691,缩量,低,情绪退潮,观望,资金撤退型,,D,回避：资金撤退,-0.1
000419,通程控股,5.1,-29.9,0.66,-44.9,3.63,3915640,5259460,1445942,1453104,2049,371465,缩量,低,情绪退潮,进场,趋势转多型,资金+业绩共振(双击候选),B,关注：资金+业绩共振,73.2
000529,广弘控股,5.04,-37.3,0.84,-50.6,-0.18,-127683,3074877,-2574209,-198371,0,1780061,缩量,低,情绪退潮,观望,资金观望型,,D,回避：资金观望,-0.1
000530,冰山冷热,5.15,-27.5,0.71,-47.3,-4.03,-12273391,-16852739,-16204530,-4097085,-3130708,1347988,缩量,低,情绪退潮,观望,资金观望型,,D,回避：资金观望,-1.3
000531,穗恒运Ａ,5.55,-66.3,0.36,-31.7,-13.08,-16058224,-22429926,-5839947,756928,-215206,-1025521,缩量,低,情绪退潮,观望,长线吸筹型,,D,回避：资金观望,-4.4
000532,华金资本,12.26,314.2,0.59,304.2,-7.61,-152834987,102019972,162598845,-18531304,-8124968,31305123,放量,低,游资情绪,观望,资金观望型,,D,回避：资金观望,5.5
000533,顺钠股份,9.92,-81.8,1.21,-50.4,-4.72,-54861793,-173422121,-217199034,-20172690,-13532798,18709511,缩量,低,情绪退潮,观望,资金撤退型,,D,回避：资金撤退,-1.6
000534,万泽股份,21.63,-63.3,0.4,-37.9,-0.15,-2060208,-28846060,-9173082,-11525414,-7911379,6170742,缩量,低,情绪退潮,观望,资金观望型,,D,回避：资金观望,-0.0
000536,华映科技,3.34,-33.8,1.13,1.0,-8.49,-82550799,13801455,102810681,-4183611,3593183,13027142,缩量,低,情绪退潮,观望,高位分歧型,,D,回避：资金观望,-2.8
000498,山东路桥,5.87,500.7,0.5,323.8,9.53,139486385,159238538,138748885,28974572,21328789,-18500142,放量,中,主力偏强放量,吸筹,短线抢筹型,资金+业绩共振(双击候选),B,关注：资金+业绩共振,83.2
000538,云南白药,50.44,-38.3,1.05,12.2,3.69,62322199,183886078,199778476,-65279519,-56674390,39011184,缩量,低,情绪退潮,观望,主力建仓型,,D,回避：资金观望,1.2
000539,粤电力Ａ,5.09,-72.8,0.5,-35.4,-1.3,-12565621,-76921651,-46430142,2492802,-1054952,-273727,缩量,低,情绪退潮,观望,资金观望型,,D,回避：资金观望,-0.4
000425,徐工机械,7.2,-22.3,0.62,-2.2,-5.89,-201065405,-439573667,-301738225,129129297,122490835,-47718431,缩量,低,情绪退潮,吸筹,资金观望型,机构吸筹+盈利(关注),C,谨慎：资金流入未验证业绩,22.0
000514,渝 开 发,4.6,310.4,0.41,14.4,1.55,6042093,8219682,-6135595,1331957,3447723,-16318310,放量,低,游资情绪,抢筹,趋势转多型,资金+业绩共振(双击候选),B,关注：资金+业绩共振,88.5
000543,皖能电力,7.15,-47.8,0.8,-11.8,-10.15,-64486418,-103656140,-134601040,-6000642,-7234698,6197971,缩量,低,情绪退潮,观望,资金撤退型,,D,回避：资金撤退,-3.4
000544,中原环保,7.23,-46.7,0.53,-14.3,-11.31,-9002247,-4287526,1888851,-5306955,-843018,4097834,缩量,低,情绪退潮,观望,高位分歧型,,D,回避：资金观望,-3.8
000545,金浦钛业,2.21,-39.0,0.56,-64.9,0.3,885532,-13000537,-2433952,-2027474,-4028010,769785,缩量,低,情绪退潮,观望,资金观望型,,D,回避：资金观望,0.1
000546,金圆股份,4.33,-63.4,0.09,-10.4,-10.93,-20506679,-30433291,-42658416,-614406,-903393,1111898,缩量,低,情绪退潮,观望,资金撤退型,,D,回避：资金撤退,-3.6
000547,航天发展,13.68,-58.2,0.24,-1.1,-0.34,-15363298,-77415985,-47708458,-18135097,-15294702,54438604,缩量,低,情绪退潮,观望,资金观望型,,D,回避：资金观望,-0.1
000548,湖南投资,4.64,-36.4,0.63,-27.5,-2.03,-1710766,2980020,-3541608,-2242267,-1578885,1183758,缩量,低,情绪退潮,观望,资金观望型,,D,回避：资金观望,-0.7
000504,南华生物,12.42,962.9,1.22,1048.5,-6.6,-329387837,-290363569,-276413439,164499282,190990359,-80310235,放量,低,游资情绪,抢筹,资金观望型,机构吸筹+盈利(关注),C,谨慎：资金流入未验证业绩,45.8
000550,江铃汽车,16.5,47.3,0.55,-3.8,0.75,2866442,-3718983,-2448907,-4738072,-2785745,6375715,缩量,低,情绪退潮,观望,资金观望型,,D,回避：资金观望,0.2
000551,创元科技,11.66,-79.2,0.6,-15.8,-10.03,-44415453,-57781409,-146384370,2116681,-3172892,-392988,缩量,低,情绪退潮,观望,资金撤退型,,D,回避：资金撤退,-3.3
000552,甘肃能化,2.5,-24.4,0.59,-41.6,-1.95,-11831294,39842001,-3237969,9186970,-3131023,1037436,缩量,低,情绪退潮,观望,资金观望型,,D,回避：资金观望,-0.7
000553,安道麦A,5.48,-45.7,0.18,-53.3,-4.14,-5429223,2886312,-1239724,-134087,-1659336,2445180,缩量,低,情绪退潮,观望,资金观望型,,D,回避：资金观望,-1.4
000554,泰山石油,6.19,-79.6,0.94,-53.6,-4.56,-12251406,-34666561,12956366,-7768163,-4587532,3558050,缩量,低,情绪退潮,观望,长线吸筹型,,D,回避：资金观望,-1.5
000555,神州信息,10.07,-51.9,0.8,75.5,2.81,49208588,32725091,-2376343,-22151191,-11278126,32840109,缩量,低,情绪退潮,观望,资金观望型,,D,回避：资金观望,0.9
000513,丽珠集团,32.9,628.9,0.88,288.5,10.08,491723872,491070070,453544284,-81663752,-55692583,75093217,放量,高,主力主导放量🔥(最强),进场,资金观望型,资金+业绩共振(双击候选),A,金股候选：资金强攻+业绩共振,95.4
000557,西部创业,3.64,-31.8,0.78,-11.4,-11.54,-14090918,-11776358,-13833426,439758,761937,767816,缩量,低,情绪退潮,观望,资金观望型,,D,回避：资金观望,-3.8
000558,天府文旅,3.52,-27.9,0.63,-53.9,-1.12,-3884255,-17497982,-39716950,-4767700,-1328070,4545875,缩量,低,情绪退潮,观望,资金撤退型,,D,回避：资金撤退,-0.4
000559,万向钱潮,10.87,43.8,0.23,173.2,-7.63,-239372424,217325151,132619521,28454107,18507210,-29067839,缩量,低,情绪退潮,观望,资金观望型,,D,回避：资金观望,-2.5
000560,我爱我家,3.7,1302.1,0.4,3.7,1.63,200022814,510393114,704236285,-67515174,-43572526,40430744,放量,低,游资情绪,观望,均衡流入型,,D,回避：资金观望,8.5
000561,烽火电子,7.54,-49.6,0.72,60.5,-5.64,-16006161,13454968,10275517,-1476307,-636129,-4370714,缩量,低,情绪退潮,观望,资金观望型,,D,回避：资金观望,-1.9
000563,陕国投Ａ,2.91,-41.9,0.98,-27.5,-7.33,-32385122,-20274766,-43176510,-161808,-688528,680936,缩量,低,情绪退潮,观望,资金观望型,,D,回避：资金观望,-2.4
000516,国际医学,4.37,-13.2,1.02,-11.2,0.61,2307560,2940482,41105798,4328268,5901932,3755416,缩量,低,情绪退潮,进场,长线吸筹型,纯资金炒作(亏损风险),C,谨慎：纯资金炒作,12.2
000565,渝三峡Ａ,6.34,-15.4,0.39,-52.5,-5.46,-18195882,-60015540,9727392,-1949816,2636,-1998489,缩量,低,情绪退潮,观望,长线吸筹型,,D,回避：资金观望,-1.8
000566,海南海药,4.62,-75.8,8.32,37.2,-5.41,-74075041,79003379,16578000,-12048062,-14090960,-3713762,缩量,低,情绪退潮,观望,资金观望型,,D,回避：资金观望,-1.8
000567,海德股份,5.88,-51.9,0.24,-53.3,-3.36,-13583082,-27836365,-138511082,-5529,-236306,-4622378,缩量,低,情绪退潮,观望,资金撤退型,,D,回避：资金撤退,-1.1
000568,泸州老窖,72.28,-18.5,1.13,-16.8,-3.58,-117798209,-49059780,-310674459,90212445,38117202,-101497775,缩量,低,情绪退潮,观望,资金观望型,,D,回避：资金观望,-1.2
000517,荣安地产,2.07,64.0,1.1,27.1,-0.83,-3811525,-9258380,-32443511,6651514,12991672,-6161015,放量,低,游资情绪,抢筹,资金撤退型,纯资金炒作(亏损风险),C,谨慎：纯资金炒作,27.7
000570,苏常柴Ａ,5.28,-42.8,0.37,-11.3,-2.84,-5138712,-7453651,-29283761,-2096498,-1181141,1543546,缩量,低,情绪退潮,观望,资金撤退型,,D,回避：资金撤退,-0.9
000571,新大洲A,6.47,-72.5,1.85,59.2,-2.16,-13526532,39894269,12915675,-4782017,-8690560,-3545600,缩量,低,情绪退潮,观望,资金观望型,,D,回避：资金观望,-0.7
000572,海马汽车,4.03,167.8,1.0,118.4,1.92,49273192,301314355,416986476,-10724313,3592265,16403954,放量,低,游资情绪,观望,均衡流入型,,D,回避：资金观望,8.6
000541,佛山照明,4.89,-58.9,0.94,-25.8,-6.73,-6394016,-1109719,-9764681,2170050,2268517,-728449,缩量,低,情绪退潮,吸筹,资金观望型,机构吸筹+盈利(关注),C,谨慎：资金流入未验证业绩,21.8
000576,甘化科工,8.3,-44.5,0.7,-65.8,-0.38,-966175,-26791228,-98520231,-2291602,-116343,-3568627,缩量,低,情绪退潮,观望,资金撤退型,,D,回避：资金撤退,-0.1
000521,长虹美菱,4.35,-53.2,1.07,-48.1,-5.35,-6262604,-3991060,-19972177,4973910,4212477,-2693653,缩量,低,情绪退潮,吸筹,资金观望型,机构吸筹+盈利(关注),C,谨慎：资金流入未验证业绩,22.2
000581,威孚高科,18.21,-36.0,0.47,-19.6,-2.89,-11996195,-27038139,-34288041,3790643,2635900,-3128029,缩量,低,情绪退潮,观望,资金撤退型,,D,回避：资金撤退,-1.0
000582,北部湾港,8.97,-59.2,0.45,-36.3,-13.15,-239484727,-804502218,-992546706,-19852481,-22860653,15338659,缩量,低,情绪退潮,观望,资金撤退型,,D,回避：资金撤退,-4.4
000586,汇源通信,12.51,-17.4,0.16,-36.0,-3.96,-14999096,-66286637,-64321639,-1585876,-491769,190160,缩量,低,情绪退潮,观望,资金观望型,,D,回避：资金观望,-1.3
000520,凤凰航运,4.0,-46.9,1.13,-70.7,2.33,7840299,-66032888,20090442,534622,-2446212,-3281982,缩量,低,情绪退潮,进场,资金观望型,纯资金炒作(亏损风险),C,谨慎：纯资金炒作,12.8
000590,古汉医药,9.1,-13.9,0.72,-13.0,-5.15,-6675753,-4657778,-9988400,-1606702,549698,2684194,缩量,低,情绪退潮,观望,资金观望型,,D,回避：资金观望,-1.7
000591,太阳能,4.17,-55.0,0.45,-14.6,-3.84,-23484682,-46574836,-62648499,-872095,6986357,370008,缩量,低,情绪退潮,观望,资金撤退型,,D,回避：资金撤退,-1.3
000592,平潭发展,8.53,230.6,0.33,8.7,0.74,120138571,158993828,924827729,-68397709,-62324349,47868489,放量,低,游资情绪,观望,均衡流入型,,D,回避：资金观望,8.2
000537,绿发电力,7.38,-73.7,0.4,-40.0,-9.43,-38489537,-64184051,-71197321,8755473,3958357,-2742884,缩量,低,情绪退潮,吸筹,资金撤退型,机构吸筹+盈利(关注),C,谨慎：资金流入未验证业绩,20.9
000596,古井贡酒,93.55,-35.3,2.78,-30.8,-3.21,-52053919,-16835388,109433618,41759671,14751383,-53548718,缩量,低,情绪退潮,观望,高位分歧型,,D,回避：资金观望,-1.1
000597,东北制药,4.76,-29.0,1.29,-7.4,-0.55,-1211340,729447,7769631,-3639446,-5280328,6711417,缩量,低,情绪退潮,观望,资金观望型,,D,回避：资金观望,-0.2
000598,兴蓉环境,7.06,-61.4,0.87,-18.7,-4.15,-14801196,-23481704,-62557625,-9901899,-1873492,8562299,缩量,低,情绪退潮,观望,资金撤退型,,D,回避：资金撤退,-1.4
000599,青岛双星,4.47,-38.8,0.42,5.2,-5.14,-9724412,-16208422,-5504865,-2047605,-78997,4999535,缩量,低,情绪退潮,观望,资金观望型,,D,回避：资金观望,-1.7
000526,学大教育,35.82,-66.2,1.45,-38.7,-2.88,-10664605,-14505181,-10245348,8331939,5385839,-4975403,缩量,低,情绪退潮,吸筹,资金观望型,机构吸筹+盈利(关注),C,谨慎：资金流入未验证业绩,23.0
000601,韶能股份,6.05,-78.7,0.66,-35.6,-1.04,-7041013,-109823423,-110471337,3301575,4533176,-5001837,缩量,低,情绪退潮,观望,资金撤退型,,D,回避：资金撤退,-0.3
000603,盛达资源,30.9,-71.0,1.54,-24.6,-6.95,-247535137,-224612806,-678707757,-27234920,-14781853,38002177,缩量,低,情绪退潮,观望,资金观望型,,D,回避：资金观望,-2.3
000605,渤海股份,6.04,-39.0,0.57,-18.9,2.3,2131878,1745232,5233895,-491960,-67130,1312794,缩量,低,情绪退潮,观望,资金观望型,,D,回避：资金观望,0.8
000607,华媒控股,3.96,537.5,0.84,338.1,-0.96,-20228137,60692254,57685318,-24046378,-8968262,25695527,放量,低,游资情绪,观望,资金观望型,,D,回避：资金观望,7.7
000608,阳光股份,7.05,-64.2,4.18,-51.1,0.43,2697359,-26794968,-4979870,-1317383,-11644064,-4788272,缩量,低,情绪退潮,观望,资金观望型,,D,回避：资金观望,0.1
000612,焦作万方,10.44,-35.6,0.61,1.2,-0.72,-13192732,-49051106,-173187861,-31192567,-26111192,32821990,缩量,低,情绪退潮,观望,资金撤退型,,D,回避：资金撤退,-0.2
000617,中油资本,6.56,-60.5,0.48,-53.4,-12.83,-181119504,-120045601,-657229617,-25307679,-16867774,14897145,缩量,低,情绪退潮,观望,资金观望型,,D,回避：资金观望,-4.3
000619,海螺新材,5.2,-30.5,0.62,13.0,-2.21,-2923379,-8966138,-10196079,-121514,0,1208607,缩量,低,情绪退潮,观望,资金撤退型,,D,回避：资金撤退,-0.7
000620,盈新发展,3.06,-29.2,0.89,-2.2,-0.6,-25124618,147088009,158915969,-24102715,3170712,41249307,缩量,低,情绪退潮,观望,资金观望型,,D,回避：资金观望,-0.2
000623,吉林敖东,17.41,-60.4,0.9,-38.8,-7.71,-39510730,-58765895,-117089593,413000,5543467,7429355,缩量,低,情绪退潮,观望,资金撤退型,,D,回避：资金撤退,-2.6
000625,长安汽车,7.11,-10.3,0.72,-8.2,-1.4,-24988052,-88165857,33532974,23561399,207799,-14921099,缩量,低,情绪退潮,观望,长线吸筹型,,D,回避：资金观望,-0.5
000626,远大控股,8.74,13.8,0.34,-54.6,-6.75,-38333634,-58042543,-86502433,1810881,4402818,-6860477,缩量,低,情绪退潮,观望,资金撤退型,,D,回避：资金撤退,-2.2
000628,高新发展,54.09,-29.8,0.34,-33.0,-6.43,-116122098,-88506651,-59277424,16471911,6488679,-10863924,缩量,低,情绪退潮,观望,资金观望型,,D,回避：资金观望,-2.1
000523,红棉股份,3.3,593.2,0.86,-32.8,-3.94,-73610129,-143778413,-706124652,34604020,26162244,-45024380,放量,低,游资情绪,抢筹,资金撤退型,机构吸筹+盈利(关注),C,谨慎：资金流入未验证业绩,46.7
000630,铜陵有色,5.78,-75.6,0.74,-43.7,-10.66,-444960009,-695938063,-1587991014,-45693817,-44920471,41474157,缩量,低,情绪退潮,观望,资金撤退型,,D,回避：资金撤退,-3.6
000631,顺发恒能,3.04,24.7,0.36,49.3,-3.05,-6457707,-4806964,-11768478,1165275,-779659,-1198464,缩量,低,情绪退潮,观望,资金观望型,,D,回避：资金观望,-1.0
000633,合金投资,5.29,-41.4,0.73,-13.7,-1.77,-2999255,7192269,9351784,314887,-793500,453473,缩量,低,情绪退潮,观望,资金观望型,,D,回避：资金观望,-0.6
000635,英 力 特,7.58,130.0,0.62,-65.0,-2.98,-11355866,-9835879,-36397444,242916,-2890912,-2238181,放量,低,游资情绪,观望,资金观望型,,D,回避：资金观望,7.0
000636,风华高科,49.61,-68.5,4.06,-3.4,-7.54,-1555787889,-2751787258,-1768861926,-223923382,-138458767,314797858,缩量,低,情绪退潮,观望,资金观望型,,D,回避：资金观望,-2.5
000637,茂化实华,4.2,-45.7,0.72,-3.4,0.85,1495859,3579528,8788229,-929422,0,-342624,缩量,低,情绪退潮,观望,均衡流入型,,D,回避：资金观望,0.3
000650,仁和药业,5.24,-18.9,1.45,-14.3,-4.86,-16457663,-10989658,-343008,-4351815,-4515159,10397843,缩量,低,情绪退潮,观望,资金观望型,,D,回避：资金观望,-1.6
000652,泰达股份,3.33,-15.8,0.38,-27.7,-0.79,-1345306,-200959,-14909260,-990987,-796398,599249,缩量,低,情绪退潮,观望,资金观望型,,D,回避：资金观望,-0.3
000528,柳    工,7.52,-38.0,0.4,-16.9,-4.13,-30511915,-102193921,-115714175,32814131,37522083,-17326020,缩量,低,情绪退潮,吸筹,资金撤退型,机构吸筹+盈利(关注),C,谨慎：资金流入未验证业绩,22.6
000656,金科股份,1.28,32.6,2.55,61.3,-0.8,-12188688,-24037390,-73627450,12042823,26567054,1662377,缩量,低,情绪退潮,观望,资金撤退型,,D,回避：资金撤退,-0.3
000657,中钨高新,52.74,-75.5,0.77,4.0,-13.44,-1394982738,-1567627589,-3329353590,-164535424,-114627332,153950721,缩量,低,情绪退潮,观望,资金撤退型,,D,回避：资金撤退,-4.5
000661,长春高新,71.83,-59.2,1.72,12.7,-1.72,-25200355,-28533564,46598377,-5466713,-1853913,15023124,缩量,低,情绪退潮,观望,资金观望型,,D,回避：资金观望,-0.6
000663,永安林业,6.08,32.5,0.61,-0.8,2.32,7574540,7824169,6103591,-1888101,-64660,3182450,缩量,低,情绪退潮,观望,趋势转多型,,D,回避：资金观望,0.8
000564,供销大集,1.47,-30.6,0.74,-70.3,-3.89,-46088075,-6260654,-36627914,25725458,40583611,-10764680,缩量,低,情绪退潮,吸筹,资金观望型,纯资金炒作(亏损风险),C,谨慎：纯资金炒作,2.7
000668,荣丰控股,18.69,31.4,3.23,181.0,-4.18,-26370782,-44790531,-72327583,-2229374,-1759053,-417998,缩量,低,情绪退潮,观望,资金撤退型,,D,回避：资金撤退,-1.4
000670,盈方微,7.29,5.5,0.76,39.9,1.13,23938098,177548783,168491367,-34213183,-30642416,31975437,缩量,低,情绪退潮,观望,趋势转多型,,D,回避：资金观望,0.4
000672,上峰材料,14.84,-65.8,1.03,-4.4,0.37,4695033,41127958,-12568715,-8532159,-4004181,8548705,缩量,低,情绪退潮,观望,趋势转多型,,D,回避：资金观望,0.1
000676,智度股份,6.56,-67.9,5.76,89.8,3.15,139807221,118447249,-109883260,-56176914,-49443839,59623236,缩量,低,情绪退潮,观望,资金观望型,,D,回避：资金观望,1.1
000679,大连友谊,6.29,-45.1,0.84,-55.5,-2.33,-3742874,-11527906,13811091,336113,252237,2365746,缩量,低,情绪退潮,观望,长线吸筹型,,D,回避：资金观望,-0.8
000680,山推股份,9.06,-48.4,0.64,7.9,-2.83,-21200058,-22429935,-100637260,-3597625,-5332147,1646716,缩量,低,情绪退潮,观望,资金撤退型,,D,回避：资金撤退,-0.9
000681,视觉中国,15.62,-69.2,0.4,-53.8,-6.21,-73696202,-55574187,-78355691,-25256495,-21551233,27063667,缩量,低,情绪退潮,观望,资金观望型,,D,回避：资金观望,-2.1
000682,东方电子,10.62,-26.2,0.59,-7.9,-9.37,-42956045,-68199242,-139529891,19062538,4088931,-11713031,缩量,低,情绪退潮,观望,资金撤退型,,D,回避：资金撤退,-3.1
000573,粤宏远Ａ,3.9,-7.9,0.46,13.9,3.25,8676378,22325551,9601213,4883682,1153760,547665,缩量,低,情绪退潮,进场,趋势转多型,资金+业绩共振(双击候选),B,关注：资金+业绩共振,73.1
000686,东北证券,7.53,-67.1,0.68,-36.2,-11.25,-40326908,-59243843,-79947405,413606,6842379,932787,缩量,低,情绪退潮,观望,资金撤退型,,D,回避：资金撤退,-3.8
000593,德龙汇能,20.11,-61.1,0.38,32.8,3.15,66602169,71563916,59770838,4031837,3910580,-390849,缩量,低,情绪退潮,吸筹,趋势转多型,资金+业绩共振(双击候选),B,关注：资金+业绩共振,65.0
000690,宝新能源,5.21,-26.7,0.38,-32.4,-0.01,-121443,-27356722,-128191467,3291212,-2661339,4336386,缩量,低,情绪退潮,观望,资金撤退型,,D,回避：资金撤退,-0.0
000691,亚太实业,9.0,-40.6,2.69,-26.0,0.59,2058015,-14277160,-30484251,-83624,-1225741,-6535103,缩量,低,情绪退潮,观望,资金观望型,,D,回避：资金观望,0.2
000595,新能股份,5.51,-71.2,3.53,0.9,5.74,43024911,7706104,-85664162,7337416,6555961,-3034069,缩量,中,主力惜售,吸筹,资金观望型,资金+业绩共振(双击候选),B,关注：资金+业绩共振,77.9
000695,滨海能源,12.77,-62.8,0.56,-43.4,-4.39,-9545655,-18631745,-36346677,999154,1760357,-2604313,缩量,低,情绪退潮,观望,资金撤退型,,D,回避：资金撤退,-1.5
000697,炼石航空,9.16,-20.0,0.2,-39.9,-1.99,-5581220,-4502308,-16878543,3204404,58148,-6739114,缩量,低,情绪退潮,观望,资金观望型,,D,回避：资金观望,-0.7
000629,钒钛股份,2.83,-55.9,0.42,-25.1,-6.2,-51646598,-98949641,-232003951,16140848,16432680,-3017958,缩量,低,情绪退潮,吸筹,资金撤退型,纯资金炒作(亏损风险),C,谨慎：纯资金炒作,1.9
000701,厦门信达,5.07,-11.8,0.8,23.2,2.97,15699883,7832735,21850622,-8109229,-6776272,9144442,缩量,低,情绪退潮,观望,资金观望型,,D,回避：资金观望,1.0
000655,金岭矿业,7.25,28.1,0.59,-42.0,5.08,10025282,9074632,5609437,6519401,5175849,-947307,缩量,中,主力惜售,吸筹,资金观望型,资金+业绩共振(双击候选),B,关注：资金+业绩共振,77.7
000703,恒逸石化,15.63,-16.4,0.94,-8.7,1.21,81823813,167605057,223595174,-193552312,-126520389,155737352,缩量,低,情绪退潮,观望,均衡流入型,,D,回避：资金观望,0.4
000600,建投能源,7.17,-57.2,0.61,-28.7,-9.72,-44317212,-67170427,-115294085,23997568,16087667,-12864830,缩量,低,情绪退潮,吸筹,资金撤退型,机构吸筹+盈利(关注),C,谨慎：资金流入未验证业绩,20.8
000651,格力电器,38.28,-63.5,0.84,-9.3,0.83,33726075,-58709973,-334929146,12725050,33334458,26880414,缩量,低,情绪退潮,进场,资金观望型,资金+业绩共振(双击候选),B,关注：资金+业绩共振,72.3
000708,中信特钢,13.11,-15.8,0.76,-23.6,0.81,4962473,-18535735,-145455,-5808432,13526667,9691407,缩量,低,情绪退潮,观望,资金观望型,,D,回避：资金观望,0.3
000589,贵州轮胎,4.2,-57.8,0.49,-29.8,-7.2,-18242625,11540275,-4039491,6819268,6052417,-2633172,缩量,低,情绪退潮,吸筹,资金观望型,机构吸筹+盈利(关注),C,谨慎：资金流入未验证业绩,21.6
000711,京蓝科技,4.63,-56.2,1.03,-41.0,-6.82,-91023439,-190980383,-1004929009,-27501825,-19149048,20080479,缩量,低,情绪退潮,观望,资金撤退型,,D,回避：资金撤退,-2.3
000712,锦龙股份,9.77,7.8,0.81,-68.8,-6.19,-97333273,-99337009,-397906133,-36726058,-28177008,35559119,缩量,低,情绪退潮,观望,资金撤退型,,D,回避：资金撤退,-2.1
000665,湖北广电,4.11,31.8,0.6,33.9,5.14,31060827,27909862,-155292,-5876739,-1718700,3311388,缩量,中,主力惜售,进场,资金观望型,纯资金炒作(亏损风险),C,谨慎：纯资金炒作,25.7
000659,珠海中富,2.74,-41.2,0.43,-10.6,0.31,1000901,-31031498,-33759165,7272556,4960511,-5021165,缩量,低,情绪退潮,进场,资金观望型,纯资金炒作(亏损风险),C,谨慎：纯资金炒作,12.1
000717,中南股份,2.19,18.7,0.75,-0.3,3.5,8461084,20811375,25003055,-928781,-125508,1704186,缩量,低,情绪退潮,观望,主力建仓型,,D,回避：资金观望,1.2
000719,中原传媒,11.95,-21.8,0.57,10.7,-1.77,-4850823,-7445549,560719,-524588,-1028300,2195583,缩量,低,情绪退潮,观望,资金观望型,,D,回避：资金观望,-0.6
000683,博源化工,5.79,-34.8,1.33,-45.8,7.99,87009285,151346378,214438715,52875546,52772613,-6798572,缩量,中,主力惜售,吸筹,主力强攻型,资金+业绩共振(双击候选),B,关注：资金+业绩共振,78.7
000721,西安饮食,6.1,-30.0,1.76,-65.8,-3.71,-13805674,-17525491,79466380,-8535139,-3511697,6704992,缩量,低,情绪退潮,观望,长线吸筹型,,D,回避：资金观望,-1.2
000722,湖南发展,13.0,-19.4,0.98,-36.3,-3.7,-41000005,-145220698,32048828,15913034,346996,-47595842,缩量,低,情绪退潮,观望,长线吸筹型,,D,回避：资金观望,-1.2
000723,美锦能源,3.51,-51.2,0.66,-48.0,-5.45,-41129835,-55250441,-41505560,3646632,2877942,1370634,缩量,低,情绪退潮,观望,资金观望型,,D,回避：资金观望,-1.8
000678,襄阳轴承,12.89,813.2,0.31,154.4,11.45,212418695,214727669,205885934,235127423,213097427,-136779023,放量,高,主力主导放量🔥(最强),抢筹,趋势转多型,纯资金炒作(亏损风险),C,谨慎：纯资金炒作,43.8
000726,鲁  泰Ａ,5.97,-3.7,0.55,24.3,-6.22,-10605358,-9531914,-13304839,-4197541,-3950597,2376429,缩量,低,情绪退潮,观望,资金观望型,,D,回避：资金观望,-2.1
000727,冠捷科技,2.18,-41.4,0.27,-9.6,-4.01,-26102143,-6707255,-60371138,5305876,3282636,-3490514,缩量,低,情绪退潮,观望,资金观望型,,D,回避：资金观望,-1.3
000728,国元证券,7.25,-53.7,0.95,-36.6,0.13,794764,-12112695,-164232369,-4704864,712971,1881171,缩量,低,情绪退潮,观望,资金观望型,,D,回避：资金观望,0.0
000688,国城矿业,24.24,-72.8,0.45,-8.3,0.55,7960954,-399145,-340636771,15404382,9343974,-4969593,缩量,低,情绪退潮,吸筹,资金观望型,资金+业绩共振(双击候选),B,关注：资金+业绩共振,64.2
000685,中山公用,10.67,-69.8,0.87,-35.5,-12.23,-44251453,-46022503,-131478071,1935535,4922197,-2833739,缩量,低,情绪退潮,吸筹,资金撤退型,机构吸筹+盈利(关注),C,谨慎：资金流入未验证业绩,19.9
000733,振华科技,39.13,-69.8,0.95,9.8,0.51,8008732,-31103191,-114760250,-14323123,-8335787,6346661,缩量,低,情绪退潮,观望,资金观望型,,D,回避：资金观望,0.2
000735,罗 牛 山,5.69,40.4,1.1,-51.3,-2.17,-30956385,21887554,13446115,-11704875,-6194311,15675644,缩量,低,情绪退潮,观望,资金观望型,,D,回避：资金观望,-0.7
000736,中交发展,4.85,196.9,1.63,-5.7,-5.24,-32522016,-17158264,-90676692,8508078,5518833,-9528247,放量,低,游资情绪,观望,资金观望型,,D,回避：资金观望,6.3
000737,北方铜业,13.44,-30.5,0.82,-43.6,-2.91,-130020425,-246920894,-84976896,-44376327,-23091337,55018641,缩量,低,情绪退潮,观望,资金观望型,,D,回避：资金观望,-1.0
000738,航发控制,18.75,-41.2,0.33,-44.3,-3.42,-28580360,-94561111,-103437012,-4641025,-11905609,3285010,缩量,低,情绪退潮,观望,资金撤退型,,D,回避：资金撤退,-1.1
000739,普洛药业,27.74,-2.4,2.14,34.7,-0.43,-10788045,27400540,-87224452,82119476,64805841,-65658997,缩量,低,情绪退潮,观望,资金观望型,,D,回避：资金观望,-0.1
000692,惠天热电,4.59,63.9,0.55,-33.4,0.23,712919,-2741481,-8785446,47199463,58596052,-25340496,放量,低,游资情绪,抢筹,资金观望型,纯资金炒作(亏损风险),C,谨慎：纯资金炒作,28.1
000750,国海证券,3.61,-50.3,0.79,-36.5,-5.66,-29814927,-17452718,-37076884,-11497833,-16387500,7003800,缩量,低,情绪退潮,观望,资金观望型,,D,回避：资金观望,-1.9
000705,浙江震元,7.13,-36.6,0.65,-8.0,1.98,3182880,6135841,-1102608,135953,-1199093,3641084,缩量,低,情绪退潮,进场,趋势转多型,资金+业绩共振(双击候选),B,关注：资金+业绩共振,72.7
000700,模塑科技,12.28,44.5,0.5,24.2,1.54,51961022,125443872,151874487,15250577,14004238,-33838936,缩量,低,情绪退潮,进场,均衡流入型,资金+业绩共振(双击候选),B,关注：资金+业绩共振,72.5
000755,山西高速,4.73,-50.5,0.83,-24.7,-6.09,-4188037,-4860902,-4567281,634912,0,1736839,缩量,低,情绪退潮,观望,资金观望型,,D,回避：资金观望,-2.0
000756,新华制药,14.6,271.4,1.7,738.7,-2.42,-112588375,35602081,3095784,2782161,9028916,-15868440,放量,低,游资情绪,观望,资金观望型,,D,回避：资金观望,7.2
000709,河钢股份,2.04,-12.0,0.48,-16.9,5.05,39245370,56293148,89626441,-4426338,4185047,12781216,缩量,中,主力惜售,进场,主力建仓型,资金+业绩共振(双击候选),B,关注：资金+业绩共振,85.7
000758,中色股份,5.72,-64.0,0.41,-31.6,-4.32,-22484566,-60340618,-131591593,-4362009,-2732267,5705533,缩量,低,情绪退潮,观望,资金撤退型,,D,回避：资金撤退,-1.4
000759,中百集团,6.15,-52.6,8.44,-43.0,-2.51,-44669860,-200088346,115053169,30477038,20805133,-38774602,缩量,低,情绪退潮,观望,长线吸筹型,,D,回避：资金观望,-0.8
000702,正虹科技,5.87,-7.3,0.64,-65.7,-1.6,-3074999,-5464506,495303,44885,1134936,-886226,缩量,低,情绪退潮,吸筹,资金观望型,纯资金炒作(亏损风险),C,谨慎：纯资金炒作,3.5
000762,西藏矿业,20.74,-69.9,0.18,-36.6,-7.22,-51110895,-70061659,-169591591,-2649504,4331276,6893123,缩量,低,情绪退潮,观望,资金撤退型,,D,回避：资金撤退,-2.4
000707,双环科技,4.62,-33.4,0.43,-25.9,5.66,8640662,17877694,14321546,1056878,591714,-747915,缩量,中,主力惜售,进场,短线抢筹型,纯资金炒作(亏损风险),C,谨慎：纯资金炒作,25.9
000766,通化金马,15.16,-74.5,0.38,-21.6,-4.4,-27002724,-51773156,-9002418,1587842,-3890563,3237218,缩量,低,情绪退潮,观望,资金观望型,,D,回避：资金观望,-1.5
000710,贝瑞基因,10.87,75.8,0.86,287.4,4.08,90472977,155178264,120798887,109518107,120491100,-66265592,放量,低,游资情绪,抢筹,趋势转多型,纯资金炒作(亏损风险),C,谨慎：纯资金炒作,29.4
000713,国投丰乐,6.3,183.8,0.68,-32.1,1.91,11890025,-37726453,85459561,3929623,3215968,-4922748,放量,低,游资情绪,进场,长线吸筹型,资金+业绩共振(双击候选),B,关注：资金+业绩共振,80.6
000776,广发证券,19.88,-66.5,1.04,-32.3,-11.7,-377881833,-347060043,-636251061,13879329,19494082,-64725791,缩量,低,情绪退潮,观望,资金观望型,,D,回避：资金观望,-3.9
000777,中核科技,16.12,-85.3,1.02,-36.7,-10.64,-21007288,-32968519,-54169622,-3951536,-3383224,4174224,缩量,低,情绪退潮,观望,资金撤退型,,D,回避：资金撤退,-3.5
000778,新兴铸管,3.56,-40.6,0.65,-48.5,-3.28,-20558132,-40522083,-16505233,1439634,3733719,2576741,缩量,低,情绪退潮,观望,资金观望型,,D,回避：资金观望,-1.1
000779,甘咨询,8.39,-86.7,14.7,-59.2,-3.99,-36436026,-34610364,-158367099,-6119998,-3125639,8209108,缩量,低,情绪退潮,观望,资金观望型,,D,回避：资金观望,-1.3
000782,恒申新材,8.1,-43.7,0.38,-5.7,-4.83,-19833013,-17078603,-92323129,1105071,-2549883,-6582840,缩量,低,情绪退潮,观望,资金观望型,,D,回避：资金观望,-1.6
000783,长江证券,7.94,-75.6,0.45,-53.8,-14.88,-304367128,-321711847,-489580679,-39521624,-41914023,24558615,缩量,低,情绪退潮,观望,资金撤退型,,D,回避：资金撤退,-5.0
000715,中兴商业,5.33,-46.1,0.28,-43.1,0.19,257552,-6015954,-40628144,775789,515936,-2025609,缩量,低,情绪退潮,进场,资金观望型,资金+业绩共振(双击候选),B,关注：资金+业绩共振,72.1
000718,苏宁环球,2.13,207.2,0.49,61.2,4.12,18644051,23285866,6063513,2104724,5101096,5299531,放量,低,游资情绪,进场,趋势转多型,资金+业绩共振(双击候选),B,关注：资金+业绩共振,81.4
000788,北大医药,5.46,-55.9,0.63,-8.0,0.93,2641207,1147894,-9585980,-1905224,1279,5321095,缩量,低,情绪退潮,观望,资金观望型,,D,回避：资金观望,0.3
000716,黑芝麻,4.94,-38.4,0.88,-67.1,0.82,3393954,-21619601,-229281365,1459334,768101,-415871,缩量,低,情绪退潮,吸筹,资金观望型,纯资金炒作(亏损风险),C,谨慎：纯资金炒作,4.3
000790,华神科技,4.42,327.3,0.26,370.4,0.99,16407528,27611445,46230939,-10885251,1976910,26236570,放量,低,游资情绪,观望,均衡流入型,,D,回避：资金观望,8.3
000791,甘肃能源,7.06,-70.5,0.24,-21.8,-6.09,-25248304,-65264684,-37294686,2244961,1239319,-2691813,缩量,低,情绪退潮,观望,资金观望型,,D,回避：资金观望,-2.0
000792,盐湖股份,23.83,-46.8,0.31,-13.3,-4.85,-262371286,-322671431,-1140157123,131003281,43928325,-135726796,缩量,低,情绪退潮,观望,资金撤退型,,D,回避：资金撤退,-1.6
000795,英洛华,8.21,-71.6,0.78,14.9,2.29,11384521,-19426330,-91188229,-2414748,-934198,3470144,缩量,低,情绪退潮,观望,资金观望型,,D,回避：资金观望,0.8
000796,凯撒旅业,3.52,-25.3,0.49,-56.1,-5.03,-32436022,-44787373,-37925094,-3554846,-2788093,5390534,缩量,低,情绪退潮,观望,资金观望型,,D,回避：资金观望,-1.7
000797,中国武夷,2.72,290.6,0.59,97.9,4.36,42590740,65863907,76835990,-10793926,4152820,22454134,放量,低,游资情绪,观望,主力建仓型,,D,回避：资金观望,9.5
000798,中水渔业,9.79,60.9,0.88,-62.9,-5.62,-37076230,-50660266,41093862,517573,1387917,-2575040,放量,低,游资情绪,观望,长线吸筹型,,D,回避：资金观望,6.1
000799,酒鬼酒,36.67,-53.8,1.39,-25.2,-4.35,-35227379,-39964273,-151823854,2343790,8498662,-11841761,缩量,低,情绪退潮,观望,资金撤退型,,D,回避：资金撤退,-1.4
000800,一汽解放,5.88,-31.2,0.66,-38.6,-1.44,-4328582,-19455038,35047635,-1949179,-3892279,2033549,缩量,低,情绪退潮,观望,长线吸筹型,,D,回避：资金观望,-0.5
000801,四川九洲,11.41,-55.6,0.45,-40.9,-4.66,-18804087,-23356042,-150024270,-2619832,-4832074,-1228159,缩量,低,情绪退潮,观望,资金撤退型,,D,回避：资金撤退,-1.6
000720,新能泰山,3.64,-64.8,0.23,67.1,-1.92,-10583570,131268557,135494714,10070080,10034080,-5603953,缩量,低,情绪退潮,吸筹,资金观望型,纯资金炒作(亏损风险),C,谨慎：纯资金炒作,3.4
000725,京东方Ａ,5.72,-63.9,4.99,86.9,-2.52,-870675923,2060775731,-3360916507,276251141,250342334,-232087545,缩量,低,情绪退潮,吸筹,资金观望型,机构吸筹+盈利(关注),C,谨慎：资金流入未验证业绩,23.2
000807,云铝股份,26.2,-58.9,1.15,-28.3,1.41,89940832,132775311,202463115,-60603189,-128934774,55180164,缩量,低,情绪退潮,观望,均衡流入型,,D,回避：资金观望,0.5
000729,燕京啤酒,11.0,-53.0,0.73,39.8,1.99,20853117,87809491,96656083,10622276,2744805,-3893269,缩量,低,情绪退潮,进场,均衡流入型,资金+业绩共振(双击候选),B,关注：资金+业绩共振,72.7
000810,创维数字,9.1,-73.9,1.35,-30.6,-13.49,-72100751,-89998812,-80484575,8449219,4465860,-6296217,缩量,低,情绪退潮,观望,资金观望型,,D,回避：资金观望,-4.5
000811,冰轮环境,36.79,-68.1,1.92,20.8,0.44,23890891,724927609,94799056,-28847777,-7621815,52424039,缩量,低,情绪退潮,观望,趋势转多型,,D,回避：资金观望,0.1
000812,陕西金叶,3.72,13.8,1.16,-6.5,0.97,4208261,-4570970,60788446,-6958282,-9591099,7422203,缩量,低,情绪退潮,观望,长线吸筹型,,D,回避：资金观望,0.3
000815,美利云,14.25,-84.8,0.54,-29.5,-4.73,-96913565,-147609684,-361446969,-9021910,-3494668,25212357,缩量,低,情绪退潮,观望,资金撤退型,,D,回避：资金撤退,-1.6
000816,智慧农业,2.79,-30.5,0.6,-54.1,-1.04,-5165316,-18460693,79162234,-3590034,-571109,3128904,缩量,低,情绪退潮,观望,长线吸筹型,,D,回避：资金观望,-0.3
000731,四川美丰,7.97,25.3,0.57,-30.0,7.39,34459527,161147813,194491822,5284274,8014385,-47609,缩量,中,主力惜售,吸筹,主力强攻型,纯资金炒作(亏损风险),C,谨慎：纯资金炒作,18.5
000818,航锦科技,11.26,-76.4,0.29,15.5,-4.6,-26017318,4165216,-78174119,-2616897,-4456998,2040033,缩量,低,情绪退潮,观望,资金观望型,,D,回避：资金观望,-1.5
000819,岳阳兴长,12.2,-53.2,0.47,-6.3,-2.19,-4012712,-2919754,3458491,-545976,-131993,2224242,缩量,低,情绪退潮,观望,资金观望型,,D,回避：资金观望,-0.7
000753,漳州发展,5.44,218.0,0.34,135.0,5.95,127725420,244614425,268265236,-1479180,-2983585,10573706,放量,中,主力偏强放量,进场,主力强攻型,资金+业绩共振(双击候选),B,关注：资金+业绩共振,90.0
000822,山东海化,4.28,-54.5,0.37,-57.9,3.24,4707741,1302325,5606133,-1912113,-1630247,3676661,缩量,低,情绪退潮,观望,资金观望型,,D,回避：资金观望,1.1
000823,超声电子,23.28,245.7,1.14,88.2,2.37,437518608,-479147385,854737651,-236119916,-198269223,308688826,放量,低,游资情绪,观望,资金观望型,,D,回避：资金观望,8.8
000751,锌业股份,4.39,-81.4,0.39,-61.1,-9.07,-34037575,-34133549,-120024152,5583353,3191989,-2419650,缩量,低,情绪退潮,吸筹,资金撤退型,机构吸筹+盈利(关注),C,谨慎：资金流入未验证业绩,21.0
000828,东莞控股,9.97,-35.3,0.81,-28.2,-0.33,-663852,12883872,1908471,-2464766,-1863736,1691405,缩量,低,情绪退潮,观望,资金观望型,,D,回避：资金观望,-0.1
000829,天音控股,9.14,-21.1,0.56,90.5,-1.98,-30059316,120927260,34237127,-8902164,-9731679,10723399,缩量,低,情绪退潮,观望,资金观望型,,D,回避：资金观望,-0.7
000830,鲁西化工,11.43,-51.2,0.56,-39.9,-7.3,-70941335,-28215101,-71775315,-15536780,-11841413,13194036,缩量,低,情绪退潮,观望,资金观望型,,D,回避：资金观望,-2.4
000831,中国稀土,52.73,-64.4,0.72,-16.2,0.9,37599030,398002299,-321330646,-26626463,-29843728,-4702846,缩量,低,情绪退潮,观望,趋势转多型,,D,回避：资金观望,0.3
000833,粤桂股份,18.76,-41.2,0.22,-59.0,-12.16,-166788820,-159893582,-250209375,21524799,18722068,-24992324,缩量,低,情绪退潮,观望,资金观望型,,D,回避：资金观望,-4.1
000837,秦川机床,9.47,-77.8,1.01,-17.3,-4.31,-14217748,-6846870,-79288174,-3132301,-2265067,4727841,缩量,低,情绪退潮,观望,资金观望型,,D,回避：资金观望,-1.4
000839,国安股份,2.85,-34.6,0.77,-13.8,2.28,25984324,12887675,398807458,-13662641,-9968789,13455447,缩量,低,情绪退潮,观望,资金观望型,,D,回避：资金观望,0.8
000785,居然智家,2.3,25.1,0.99,24.0,4.73,44814679,44829281,46759656,500758,5149061,2538929,缩量,低,情绪退潮,进场,均衡流入型,纯资金炒作(亏损风险),C,谨慎：纯资金炒作,13.6
000850,华茂股份,4.17,1722.1,0.67,593.0,-2.7,-55453790,-77957343,-97455836,-57984083,-66334634,4386367,放量,低,游资情绪,观望,资金撤退型,,D,回避：资金撤退,7.1
000852,石化机械,5.31,-31.4,0.7,-73.3,-9.55,-27807554,-39460067,77136224,-4323725,-1785956,1057667,缩量,低,情绪退潮,观望,长线吸筹型,,D,回避：资金观望,-3.2
000757,浩物股份,4.3,-53.8,0.81,-4.1,0.45,773563,-4565478,-16638913,848721,0,-3491521,缩量,低,情绪退潮,进场,资金观望型,资金+业绩共振(双击候选),B,关注：资金+业绩共振,72.2
000858,五 粮 液,70.06,-54.0,0.73,-32.1,-4.33,-230283731,-498019502,-1510982540,125522755,89548712,-115281168,缩量,低,情绪退潮,观望,资金撤退型,,D,回避：资金撤退,-1.4
000859,国风新材,8.53,-63.3,1.69,35.7,-6.55,-84227089,34383741,-6789820,-8196255,-2247018,5703425,缩量,低,情绪退潮,观望,资金观望型,,D,回避：资金观望,-2.2
000860,顺鑫农业,10.38,-12.0,1.56,-27.7,-6.2,-31054988,-23024471,-43726593,-4241648,-1363993,6762687,缩量,低,情绪退潮,观望,资金观望型,,D,回避：资金观望,-2.1
000789,万年青,4.17,49.1,0.84,-54.3,3.2,4406081,5695332,49711832,284691,-307644,2575831,缩量,低,情绪退潮,进场,均衡流入型,资金+业绩共振(双击候选),B,关注：资金+业绩共振,73.1
000862,银星能源,5.34,-76.1,0.75,-19.8,-2.46,-8526750,-35367774,-17549733,-1054641,-946843,-1441111,缩量,低,情绪退潮,观望,资金观望型,,D,回避：资金观望,-0.8
000767,晋控电力,3.28,-85.3,0.85,-31.2,-3.71,-30297833,-55722901,-6079298,4143457,3408992,-1247861,缩量,低,情绪退潮,吸筹,资金观望型,机构吸筹+盈利(关注),C,谨慎：资金流入未验证业绩,22.8
000761,本钢板材,2.35,94.0,0.66,2.4,6.79,17512117,20484298,32111867,3567,4768113,8410283,放量,中,主力偏强放量,进场,均衡流入型,纯资金炒作(亏损风险),C,谨慎：纯资金炒作,30.3
000869,张  裕Ａ,17.05,14.3,1.03,38.2,-1.3,-3437905,4619770,5926424,-1364632,-264508,1731224,缩量,低,情绪退潮,观望,资金观望型,,D,回避：资金观望,-0.4
000875,电投绿能,4.68,-55.5,0.67,-6.5,-10.37,-63806392,-79841721,-110457104,2871011,7930813,1833377,缩量,低,情绪退潮,观望,资金撤退型,,D,回避：资金撤退,-3.5
000876,新 希 望,6.92,-52.6,0.93,-61.0,-5.67,-59095692,-122202296,73494450,-5234675,-4090782,3750511,缩量,低,情绪退潮,观望,长线吸筹型,,D,回避：资金观望,-1.9
000768,中航西飞,23.12,50.9,0.43,-39.8,4.69,144583434,74438731,-236546773,91698079,82478731,-62729779,放量,低,游资情绪,抢筹,资金观望型,资金+业绩共振(双击候选),B,关注：资金+业绩共振,89.6
000878,云南铜业,16.04,-48.8,0.58,-40.9,1.96,55231405,12268125,-89331283,-23174846,-8177448,36397369,缩量,低,情绪退潮,观望,资金观望型,,D,回避：资金观望,0.7
000880,潍柴重机,23.86,-9.0,0.43,7.1,-4.97,-64127820,96507563,31588268,9495672,9871068,-21928322,缩量,低,情绪退潮,观望,资金观望型,,D,回避：资金观望,-1.7
000881,中广核技,6.4,-62.1,0.64,-13.0,-4.24,-6386689,-9760811,-42768933,-187875,790952,276083,缩量,低,情绪退潮,观望,资金撤退型,,D,回避：资金撤退,-1.4
000882,华联股份,1.55,32.9,0.84,52.5,-4.68,-24370665,83527721,91855311,-4402191,2262738,5657745,缩量,低,情绪退潮,观望,资金观望型,,D,回避：资金观望,-1.6
000786,北新建材,16.6,32.8,1.11,-11.8,1.74,29469589,32650834,-57453422,8425222,11898101,-34716637,缩量,低,情绪退潮,进场,趋势转多型,资金+业绩共振(双击候选),B,关注：资金+业绩共振,72.6
000885,城发环境,11.7,-58.9,0.66,-38.1,-8.28,-9380764,-22371821,-25479158,-1263880,-1320389,2420211,缩量,低,情绪退潮,观望,资金撤退型,,D,回避：资金撤退,-2.8
000886,海南高速,4.73,-8.7,0.57,-17.8,4.15,11448097,16157732,17760002,-5866821,-1957830,5577624,缩量,低,情绪退潮,观望,均衡流入型,,D,回避：资金观望,1.4
000887,中鼎股份,18.32,-74.7,2.14,-30.9,-2.94,-47493754,78232976,-183219360,750556,-3308582,-860585,缩量,低,情绪退潮,观望,资金观望型,,D,回避：资金观望,-1.0
000888,峨眉山Ａ,9.06,-19.1,0.71,-61.0,-5.55,-14436274,-40219010,-64097794,-15307971,-17235411,11029951,缩量,低,情绪退潮,观望,资金撤退型,,D,回避：资金撤退,-1.8
000802,北京文化,3.85,-65.7,1.2,-42.9,1.57,17735188,11395994,-46136179,1401510,1765073,6910365,缩量,低,情绪退潮,进场,资金观望型,纯资金炒作(亏损风险),C,谨慎：纯资金炒作,12.5
000890,法尔胜,6.96,-39.2,0.09,-67.3,-1.86,-11200407,-40826872,17907038,-4017426,-18572,10847795,缩量,低,情绪退潮,观望,长线吸筹型,,D,回避：资金观望,-0.6
000803,山高环能,7.24,13.4,0.45,-16.3,2.78,8360945,9664747,-2022759,9551955,4980420,-10796545,缩量,低,情绪退潮,进场,趋势转多型,资金+业绩共振(双击候选),B,关注：资金+业绩共振,72.9
000809,和展能源,3.42,30.5,0.48,104.8,4.23,19873312,52230791,51029823,474158,-533841,3813805,缩量,低,情绪退潮,进场,趋势转多型,纯资金炒作(亏损风险),C,谨慎：纯资金炒作,13.4
000813,德展健康,3.23,-49.6,0.74,-75.6,-7.5,-26417977,-24992349,75794674,3180475,2651149,-862473,缩量,低,情绪退潮,吸筹,长线吸筹型,纯资金炒作(亏损风险),C,谨慎：纯资金炒作,1.5
000898,鞍钢股份,2.06,38.5,0.85,-9.0,4.2,18104709,24005130,40175886,-1640596,4133829,12629810,缩量,低,情绪退潮,观望,均衡流入型,,D,回避：资金观望,1.4
000899,赣能股份,9.08,-78.8,0.58,-36.8,-3.63,-12481466,-56385666,-43040401,5338149,2744527,-4331596,缩量,低,情绪退潮,观望,资金观望型,,D,回避：资金观望,-1.2
000900,现代投资,3.59,0.9,0.76,-23.4,0.13,220170,8193200,16999056,-5102477,-3854526,7957285,缩量,低,情绪退潮,观望,均衡流入型,,D,回避：资金观望,0.0
000901,航天科技,13.68,-71.0,0.22,-25.6,-0.93,-5969112,-9584372,-73036774,-8816695,-3908125,6709465,缩量,低,情绪退潮,观望,资金撤退型,,D,回避：资金撤退,-0.3
000902,新洋丰,13.5,-73.0,0.69,-56.5,-5.33,-16764277,-36087084,18547707,1493182,321316,-2727078,缩量,低,情绪退潮,观望,长线吸筹型,,D,回避：资金观望,-1.8
000905,厦门港务,9.15,99.8,0.56,45.7,2.34,36345045,55545896,71197308,-6291933,-9151489,-871748,放量,低,游资情绪,观望,均衡流入型,,D,回避：资金观望,8.8
000906,浙商中拓,6.11,-7.1,0.2,-37.6,0.73,1566597,8641,-26600949,-4625399,-1358500,4678235,缩量,低,情绪退潮,观望,资金观望型,,D,回避：资金观望,0.2
000908,石药景峰,5.99,-73.7,1.76,7.0,-1.49,-5350256,-22205052,-41780708,-5078943,-3097413,9886243,缩量,低,情绪退潮,观望,资金撤退型,,D,回避：资金撤退,-0.5
000910,大亚圣象,6.15,1399.6,0.81,1184.7,-2.23,-49182846,-30564057,-33218294,-2792970,-10542240,-2639672,放量,低,游资情绪,观望,资金观望型,,D,回避：资金观望,7.3
000912,泸天化,3.88,40.9,0.23,-62.4,-0.44,-2797712,-78885784,-72005570,1375446,-1177916,-3875421,缩量,低,情绪退潮,观望,资金观望型,,D,回避：资金观望,-0.1
000913,钱江摩托,10.7,-45.6,0.8,-3.5,-3.72,-6125646,-6247534,-11117531,309426,684376,1528875,缩量,低,情绪退潮,观望,资金撤退型,,D,回避：资金撤退,-1.2
000915,华特达因,23.83,-64.5,0.58,-72.0,-1.64,-2808476,-1371997,-32104340,1456353,0,-1680630,缩量,低,情绪退潮,观望,资金观望型,,D,回避：资金观望,-0.5
000848,承德露露,8.14,-32.4,0.82,-1.2,-2.15,-10597690,-9446466,-62839562,226998,981587,-621265,缩量,低,情绪退潮,吸筹,资金观望型,机构吸筹+盈利(关注),C,谨慎：资金流入未验证业绩,23.3
000917,电广传媒,6.77,-58.1,0.71,-35.4,-7.13,-39718519,-18662099,-176302640,-3411581,-187387,2646035,缩量,低,情绪退潮,观望,资金观望型,,D,回避：资金观望,-2.4
000919,金陵药业,6.5,-48.1,0.51,-13.7,-0.8,-2035993,-17380914,-45399780,-2677516,-362900,4501720,缩量,低,情绪退潮,观望,资金撤退型,,D,回避：资金撤退,-0.3
000920,沃顿科技,12.43,-4.4,3.74,384.6,1.14,13486678,86145319,86194048,-1489963,-4604325,-11586457,缩量,低,情绪退潮,观望,均衡流入型,,D,回避：资金观望,0.4
000921,海信家电,26.78,-64.1,1.03,-35.0,3.78,23235597,70298012,365573035,-2394571,-205230,581209,缩量,低,情绪退潮,观望,主力建仓型,,D,回避：资金观望,1.3
000922,佳电股份,11.93,-75.1,0.52,-21.8,3.9,12469951,9237077,-847811,-1148666,-515813,1500365,缩量,低,情绪退潮,观望,资金观望型,,D,回避：资金观望,1.3
000923,河钢资源,15.73,-43.6,0.77,-55.8,-1.58,-13177889,13963225,102794327,17914168,9188551,-20122503,缩量,低,情绪退潮,观望,高位分歧型,,D,回避：资金观望,-0.5
000925,众合科技,7.86,-32.5,0.14,-54.7,-4.54,-28511338,-94572881,-341799493,3308445,2989594,-10084872,缩量,低,情绪退潮,观望,资金撤退型,,D,回避：资金撤退,-1.5
000820,神雾节能,3.59,-57.5,1.65,0.1,1.53,3310423,3150282,-2810350,116464,1036459,-4667116,缩量,低,情绪退潮,进场,资金观望型,纯资金炒作(亏损风险),C,谨慎：纯资金炒作,12.5
000825,太钢不锈,3.39,-24.4,0.62,2.4,-0.46,-2391101,-3347857,-25235071,7870289,8758821,-1763557,缩量,低,情绪退潮,吸筹,资金撤退型,机构吸筹+盈利(关注),C,谨慎：资金流入未验证业绩,23.8
000929,兰州黄河,9.4,-10.2,0.9,-30.7,-2.51,-4547119,-8048822,-13850086,-1974786,-338374,-513098,缩量,低,情绪退潮,观望,资金撤退型,,D,回避：资金撤退,-0.8
000863,三湘印象,4.46,66.1,0.24,-6.9,0.5,2672403,-4381688,24952229,2394612,-3373037,919080,放量,低,游资情绪,进场,资金观望型,纯资金炒作(亏损风险),C,谨慎：纯资金炒作,20.2
000931,中 关 村,4.58,73.6,0.83,-47.7,-5.04,-16806347,-24312890,-58520433,3027713,415491,-2138355,放量,低,游资情绪,观望,资金撤退型,,D,回避：资金撤退,6.3
000932,华菱钢铁,3.54,-19.4,0.78,-18.4,-0.21,-2554393,68955253,104902087,-27190478,5334824,28162830,缩量,低,情绪退潮,观望,资金观望型,,D,回避：资金观望,-0.1
000933,神火股份,26.22,-56.1,1.11,-18.3,2.66,106116662,23750263,-90808332,-13519324,-48440856,-3790182,缩量,低,情绪退潮,观望,资金观望型,,D,回避：资金观望,0.9
000936,华西股份,5.49,-54.9,0.54,-5.7,-1.32,-5425843,12751981,-37455053,-1147004,-1325242,-518361,缩量,低,情绪退潮,观望,资金观望型,,D,回避：资金观望,-0.4
000856,冀东装备,8.88,-15.6,0.34,-37.1,1.03,1670236,-1462716,19830177,2057378,0,-590852,缩量,低,情绪退潮,进场,长线吸筹型,资金+业绩共振(双击候选),B,关注：资金+业绩共振,72.3
000938,紫光股份,31.02,-84.4,1.88,-26.4,-7.07,-1001461276,-966068815,-4931807757,-287250787,-150584489,319698698,缩量,低,情绪退潮,观望,资金观望型,,D,回避：资金观望,-2.4
000948,南天信息,13.14,-87.9,2.82,-33.4,-1.89,-5892628,-25387021,-71301436,-1751948,-2428121,5913515,缩量,低,情绪退潮,观望,资金撤退型,,D,回避：资金撤退,-0.6
000877,天山股份,3.76,69.6,0.57,110.0,7.49,63693227,71740745,84433017,-972858,3788622,3166657,放量,中,主力偏强放量,进场,均衡流入型,纯资金炒作(亏损风险),C,谨慎：纯资金炒作,30.5
000950,重药控股,5.25,-63.4,0.88,-25.8,-1.77,-6035887,10084558,-25176852,-809331,879486,4011128,缩量,低,情绪退潮,观望,资金观望型,,D,回避：资金观望,-0.6
000868,安凯客车,4.15,725.2,0.95,318.9,3.94,69453940,140175116,162413691,7922718,2514569,-16124100,放量,低,游资情绪,进场,主力建仓型,纯资金炒作(亏损风险),C,谨慎：纯资金炒作,21.3
000952,广济药业,6.57,-23.7,0.54,-5.5,-1.13,-2239654,-5247530,-10771970,-2063317,-2232358,4660681,缩量,低,情绪退潮,观望,资金撤退型,,D,回避：资金撤退,-0.4
000953,中哲精化,5.98,-46.8,0.9,-30.9,-2.88,-4097858,-11166078,-11988336,-628612,-1020273,-1445961,缩量,低,情绪退潮,观望,资金撤退型,,D,回避：资金撤退,-1.0
000955,欣龙控股,4.1,-26.3,0.88,23.1,-1.98,-4317749,-15825497,-24295551,-860818,-153422,-3044026,缩量,低,情绪退潮,观望,资金撤退型,,D,回避：资金撤退,-0.7
000889,中嘉博创,3.62,-74.2,0.32,-40.8,0.58,3148811,7480238,64304349,2087463,3797169,-3900808,缩量,低,情绪退潮,进场,长线吸筹型,纯资金炒作(亏损风险),C,谨慎：纯资金炒作,12.2
000957,中通客车,9.86,31.1,0.44,-37.7,0.15,781911,-4983764,29666845,-1834701,1304898,2679670,缩量,低,情绪退潮,观望,资金观望型,,D,回避：资金观望,0.0
000958,电投产融,4.94,-52.1,0.43,-5.3,-10.32,-26739527,-46005234,-40413070,-5719343,1448412,4595416,缩量,低,情绪退潮,观望,资金观望型,,D,回避：资金观望,-3.4
000959,首钢股份,3.51,-49.6,1.05,-21.0,-1.34,-4986551,-4614246,-2275634,-1969994,-1092147,5765170,缩量,低,情绪退潮,观望,资金观望型,,D,回避：资金观望,-0.4
000960,锡业股份,30.46,-81.7,0.63,-26.4,-4.23,-136772442,-183796666,-259251136,-5310607,-9420311,238691,缩量,低,情绪退潮,观望,资金撤退型,,D,回避：资金撤退,-1.4
000962,东方钽业,54.27,-67.1,1.78,0.6,-4.58,-171969025,-49782685,-2243018,-6027561,-805262,-22170062,缩量,低,情绪退潮,观望,资金观望型,,D,回避：资金观望,-1.5
000883,湖北能源,4.39,-31.7,0.69,-26.7,5.33,22455268,18249620,-46893736,71481,444756,-2689597,缩量,中,主力惜售,进场,资金观望型,资金+业绩共振(双击候选),B,关注：资金+业绩共振,85.8
000965,天保基建,3.5,309.3,0.42,-28.6,1.94,10680689,23698894,-42235624,-2973339,-2345272,2717266,放量,低,游资情绪,观望,趋势转多型,,D,回避：资金观望,8.6
000892,欢瑞世纪,4.53,29.0,1.93,-44.1,5.11,127928642,117425639,75900511,-33972641,-14569084,54213219,缩量,中,主力惜售,进场,资金观望型,纯资金炒作(亏损风险),C,谨慎：纯资金炒作,25.7
000967,盈峰环境,7.79,-57.3,0.23,10.0,1.08,26589143,142666880,20594819,-33117821,-43701419,10820644,缩量,低,情绪退潮,观望,趋势转多型,,D,回避：资金观望,0.4
000968,蓝焰控股,6.83,-74.4,0.73,-55.4,1.8,7685054,-12504285,-8616768,-15435622,-13110979,6413770,缩量,低,情绪退潮,观望,资金观望型,,D,回避：资金观望,0.6
000969,安泰科技,16.0,-70.7,0.86,-12.9,-5.04,-57123757,-88563728,-212716274,-26334896,-13929860,16068044,缩量,低,情绪退潮,观望,资金撤退型,,D,回避：资金撤退,-1.7
000970,中科三环,10.95,-89.9,3.16,-17.7,-8.64,-65833713,-72510971,-252079597,-6634255,-4535173,4686938,缩量,低,情绪退潮,观望,资金撤退型,,D,回避：资金撤退,-2.9
000895,双汇发展,23.66,-54.5,0.99,-23.2,12.12,133264136,148592410,178045965,9360934,11929705,-12193843,缩量,高,主力控盘,控盘,均衡流入型,控盘+盈利(稳健),B,关注：控盘稳健+盈利,72.0
000973,佛塑科技,11.56,-68.9,0.37,-20.6,-13.42,-145892935,-156769834,-370216176,4482375,5276529,911722,缩量,低,情绪退潮,观望,资金撤退型,,D,回避：资金撤退,-4.5
000975,山金国际,22.76,-52.8,1.06,6.4,-3.44,-138888515,-107929196,-348054592,69484434,49693979,-97135922,缩量,低,情绪退潮,观望,资金观望型,,D,回避：资金观望,-1.1
000977,浪潮信息,65.93,-78.0,1.36,-53.0,-8.99,-1064773551,-995997914,-6525202414,-223634313,-162579800,227285964,缩量,低,情绪退潮,观望,资金观望型,,D,回避：资金观望,-3.0
000978,桂林旅游,7.08,690.6,0.37,12.4,-0.19,-6289714,-264566056,-81534615,-52255565,-29164494,91673558,放量,低,游资情绪,观望,资金观望型,,D,回避：资金观望,7.9
000893,亚钾国际,36.84,-56.2,0.95,-41.3,-7.25,-153425949,-207486930,-191474170,-1983593,3966720,-1396875,缩量,低,情绪退潮,吸筹,资金观望型,机构吸筹+盈利(关注),C,谨慎：资金流入未验证业绩,21.6
000981,山子高科,2.69,15.8,0.59,93.9,-6.98,-451895154,-154545447,119727609,-97222432,-46331760,100864574,缩量,低,情绪退潮,观望,资金观望型,,D,回避：资金观望,-2.3
000928,中钢国际,5.34,-38.5,0.31,-64.2,-1.67,-4610257,12489940,50491234,4496634,3612217,-2395424,缩量,低,情绪退潮,吸筹,高位分歧型,机构吸筹+盈利(关注),C,谨慎：资金流入未验证业绩,23.4
000983,山西焦煤,6.48,-37.2,0.6,-39.0,1.59,23694483,72379340,-61672249,-4721532,-3062338,12690072,缩量,低,情绪退潮,观望,趋势转多型,,D,回避：资金观望,0.5
000985,大庆华科,17.1,-7.3,0.73,-62.4,-1.67,-2616644,-3307259,-5372940,-192314,-886706,-13770,缩量,低,情绪退潮,观望,资金撤退型,,D,回避：资金撤退,-0.6
000987,越秀资本,7.2,-65.1,0.51,-34.8,-12.25,-69679279,-83586325,-207118113,4063926,4782822,361153,缩量,低,情绪退潮,观望,资金撤退型,,D,回避：资金撤退,-4.1
000988,华工科技,92.25,-69.0,0.54,-12.6,-7.9,-1293763760,-82005585,-412132074,-156414937,-93972314,130161616,缩量,低,情绪退潮,观望,资金观望型,,D,回避：资金观望,-2.6
000989,九芝堂,8.75,-70.6,2.6,-15.2,-7.5,-36767195,-53301511,-60592767,3839514,8958162,4533812,缩量,低,情绪退潮,观望,资金撤退型,,D,回避：资金撤退,-2.5
000990,诚志股份,6.17,-67.0,0.44,-34.1,-9.13,-69383694,-73532739,-147987900,7108045,5350468,-10178237,缩量,低,情绪退潮,观望,资金撤退型,,D,回避：资金撤退,-3.0
000993,闽东电力,17.09,853.0,0.49,177.0,-7.91,-505071193,-305918320,-40481210,-63030881,-35866789,57214187,放量,低,游资情绪,观望,资金观望型,,D,回避：资金观望,5.4
000995,皇台酒业,11.4,3.6,1.07,132.9,0.07,747760,42060265,46717784,-803940,-393091,-10851520,缩量,低,情绪退潮,观望,均衡流入型,,D,回避：资金观望,0.0
000997,新 大 陆,19.33,-71.0,0.66,-54.0,-3.2,-24732699,-32252805,-186410177,-4409046,-3085509,-358146,缩量,低,情绪退潮,观望,资金撤退型,,D,回避：资金撤退,-1.1
000998,隆平高科,8.66,33.8,1.03,-58.1,-9.86,-97988231,-140277058,34485064,18409111,9734421,-15787535,缩量,低,情绪退潮,观望,长线吸筹型,,D,回避：资金观望,-3.3
000999,华润三九,24.19,-29.5,1.16,-9.9,-1.28,-10517583,-9576995,39212177,-15333435,-11707603,21011562,缩量,低,情绪退潮,观望,高位分歧型,,D,回避：资金观望,-0.4
000897,津滨发展,1.96,190.7,0.6,49.2,-1.19,-5541290,3464848,7857488,-54183,6981014,4653982,放量,低,游资情绪,抢筹,资金观望型,纯资金炒作(亏损风险),C,谨慎：纯资金炒作,27.6
001202,炬申股份,14.88,-70.9,1.34,8.5,-6.82,-6607100,-9878148,-9740663,342546,0,-615376,缩量,低,情绪退潮,观望,资金观望型,,D,回避：资金观望,-2.3
001203,大中矿业,22.28,-49.7,0.27,-10.2,-6.44,-96743170,-186325865,-202771145,-3299256,7020745,18098134,缩量,低,情绪退潮,观望,资金撤退型,,D,回避：资金撤退,-2.1
001205,盛航股份,14.44,-22.5,0.85,-26.4,-1.17,-1847553,-9790387,-25379912,-989253,-2329232,-3408638,缩量,低,情绪退潮,观望,资金撤退型,,D,回避：资金撤退,-0.4
000926,福星股份,2.2,143.3,0.7,30.7,0.03,143417,-17563847,-40792896,10861065,14429254,-1921212,放量,低,游资情绪,抢筹,资金观望型,纯资金炒作(亏损风险),C,谨慎：纯资金炒作,28.0
001208,华菱线缆,12.92,-81.4,0.78,-25.0,-4.6,-26878587,-32226710,-111224920,-5429335,-2340735,7010304,缩量,低,情绪退潮,观望,资金撤退型,,D,回避：资金撤退,-1.5
001209,洪兴股份,18.87,43.3,0.23,252.6,-4.03,-12134147,1784613,-4224531,696762,1526818,2170623,缩量,低,情绪退潮,观望,资金观望型,,D,回避：资金观望,-1.3
001210,金房能源,27.2,-29.3,1.47,-54.6,-3.3,-17656084,-24729659,-26100856,-3089084,-1475191,-792701,缩量,低,情绪退潮,观望,资金撤退型,,D,回避：资金撤退,-1.1
000927,中国铁物,2.47,-2.9,0.52,-8.3,0.09,399774,21312268,-2647898,385918,2382691,4089998,缩量,低,情绪退潮,进场,趋势转多型,资金+业绩共振(双击候选),B,关注：资金+业绩共振,72.0
001212,中旗新材,36.18,-27.1,0.38,110.9,4.51,47770964,140758856,186845344,-11848731,-6929444,7090824,缩量,低,情绪退潮,观望,主力建仓型,,D,回避：资金观望,1.5
000949,新乡化纤,6.44,-43.9,0.57,-45.2,-3.28,-30916991,-51028287,-223369066,4063096,13512898,-5957503,缩量,低,情绪退潮,吸筹,资金撤退型,机构吸筹+盈利(关注),C,谨慎：资金流入未验证业绩,22.9
000930,中粮科技,5.16,102.5,0.78,-49.6,-9.64,-104359140,-149790797,-129232648,7067996,11253643,-5847837,放量,低,游资情绪,吸筹,资金观望型,机构吸筹+盈利(关注),C,谨慎：资金流入未验证业绩,28.8
001216,华瓷股份,26.18,1416.5,0.61,1747.6,-2.97,-169043764,-187392268,-192183611,-45868220,-20328472,25258378,放量,低,游资情绪,观望,资金撤退型,,D,回避：资金撤退,7.0
001217,华尔泰,11.16,18.4,0.9,34.4,2.13,5173873,12729034,-3893428,-7906768,-3412934,3992939,缩量,低,情绪退潮,观望,趋势转多型,,D,回避：资金观望,0.7
001218,丽臣实业,23.46,-57.1,0.33,6.3,0.02,23967,933505,-8364551,-652705,-99128,-1781244,缩量,低,情绪退潮,观望,趋势转多型,,D,回避：资金观望,0.0
001219,青岛食品,12.94,-35.4,0.3,-33.9,-0.24,-255755,-1014841,-11686744,-901332,-202796,-3070027,缩量,低,情绪退潮,观望,资金撤退型,,D,回避：资金撤退,-0.1
001220,世盟股份,31.28,4.1,0.37,-4.8,1.26,1383421,3174382,-1065188,-2437992,-5303547,912675,缩量,低,情绪退潮,观望,趋势转多型,,D,回避：资金观望,0.4
001221,悍高集团,32.64,26.4,0.86,-22.1,-0.71,-2996676,-1803572,-30584293,-4219881,1213513,22304115,缩量,低,情绪退潮,观望,资金观望型,,D,回避：资金观望,-0.2
001222,源飞宠物,15.38,-32.4,2.09,-32.0,-3.91,-10368734,12722720,65997491,-1660742,-352222,5609489,缩量,低,情绪退潮,观望,高位分歧型,,D,回避：资金观望,-1.3
001223,欧克科技,40.94,-45.5,1.09,39.5,-3.24,-10791792,53335555,65144460,52726,-1445,1025571,缩量,低,情绪退潮,观望,资金观望型,,D,回避：资金观望,-1.1
000937,冀中能源,4.4,4.2,0.44,-45.1,0.16,974338,63164175,-94158142,12480483,4544438,-16377470,缩量,低,情绪退潮,进场,趋势转多型,资金+业绩共振(双击候选),B,关注：资金+业绩共振,72.1
000935,四川双马,19.45,-65.4,0.84,-5.7,3.24,13644793,21542770,43521681,2527825,2976260,-1872109,缩量,低,情绪退潮,吸筹,均衡流入型,资金+业绩共振(双击候选),B,关注：资金+业绩共振,65.1
001228,永泰运,37.9,215.3,0.45,51.7,-0.65,-4952170,22537213,16123962,1691939,-420493,-2472413,放量,低,游资情绪,观望,资金观望型,,D,回避：资金观望,7.8
000951,中国重汽,20.23,-20.5,0.45,-18.8,2.05,16781675,-1171622,-60093344,11145430,-1877636,-2988049,缩量,低,情绪退潮,进场,资金观望型,资金+业绩共振(双击候选),B,关注：资金+业绩共振,72.7
001230,劲旅环境,18.97,-65.8,2.09,-3.6,4.84,21708907,27339027,-23558671,-965567,-815205,5011586,缩量,低,情绪退潮,观望,趋势转多型,,D,回避：资金观望,1.6
001231,农心科技,22.52,-31.5,0.41,-37.9,-0.92,-1180306,894705,5789881,1234818,0,-1384472,缩量,低,情绪退潮,观望,资金观望型,,D,回避：资金观望,-0.3
001233,海安集团,43.8,-26.9,0.45,228.6,-3.63,-14255791,14439558,596038,2335891,1213552,-3910055,缩量,低,情绪退潮,观望,资金观望型,,D,回避：资金观望,-1.2
001234,泰慕士,25.8,641.0,0.09,417.3,-0.99,-13721548,10154877,-2819273,-89611793,-23704594,59967887,放量,低,游资情绪,观望,资金观望型,,D,回避：资金观望,7.7
001236,弘业期货,7.84,-40.8,0.67,-28.7,2.32,7126428,657144,-6683431,-1171391,-1596933,4097714,缩量,低,情绪退潮,观望,资金观望型,,D,回避：资金观望,0.8
000963,华东医药,27.69,10.3,1.92,35.4,0.81,21300958,-6601627,-300071537,79974010,72968062,-51375268,缩量,低,情绪退潮,吸筹,资金观望型,资金+业绩共振(双击候选),B,关注：资金+业绩共振,64.3
001239,永达股份,12.3,-27.1,0.97,65.0,2.48,5143612,8279917,8552085,-747509,0,3619182,缩量,低,情绪退潮,观望,均衡流入型,,D,回避：资金观望,0.8
001255,博菲电气,27.1,3.8,0.46,-10.4,1.53,2596297,5938065,-2735226,-2409737,-1483681,2147517,缩量,低,情绪退潮,观望,趋势转多型,,D,回避：资金观望,0.5
001256,炜冈科技,21.72,-69.2,1.29,-25.9,-0.67,-1109293,1841708,-5243618,3541373,0,-4632162,缩量,低,情绪退潮,观望,资金观望型,,D,回避：资金观望,-0.2
001257,盛龙股份,20.47,-40.0,0.52,-8.8,-13.0,-101822071,-119024896,-242055009,6826543,-4744334,-51250008,缩量,低,情绪退潮,观望,资金撤退型,,D,回避：资金撤退,-4.3
001258,立新能源,10.03,-83.4,5.2,-55.2,-1.92,-48928030,-137053043,73680430,-9626648,-6394421,28955210,缩量,低,情绪退潮,观望,长线吸筹型,,D,回避：资金观望,-0.6
001259,利仁科技,43.75,-50.4,0.75,62.6,-0.26,-718396,4601127,12190257,431100,711968,496422,缩量,低,情绪退潮,观望,资金观望型,,D,回避：资金观望,-0.1
000966,长源电力,3.98,-65.1,0.65,-16.8,0.59,3771323,-8829848,13589098,6032299,5481875,176465,缩量,低,情绪退潮,进场,资金观望型,纯资金炒作(亏损风险),C,谨慎：纯资金炒作,12.2
000972,中基健康,3.94,-17.1,1.22,-64.8,-7.7,-18855409,-29914933,-70811209,3520251,3272258,-832291,缩量,低,情绪退潮,吸筹,资金撤退型,纯资金炒作(亏损风险),C,谨慎：纯资金炒作,1.4
000980,众泰汽车,2.26,399.1,0.25,40.9,1.7,92509866,-26371341,175181208,25852713,11519792,-11874731,放量,低,游资情绪,进场,资金观望型,纯资金炒作(亏损风险),C,谨慎：纯资金炒作,20.6
001201,东瑞股份,15.82,699.5,0.61,96.5,2.58,29506834,65449940,71488934,7200220,6872352,-14168883,放量,低,游资情绪,进场,主力建仓型,纯资金炒作(亏损风险),C,谨慎：纯资金炒作,20.9
001270,铖昌科技,89.5,-57.9,1.35,19.5,-2.79,-63918980,-107271513,-128928026,-99548784,-65131717,102747540,缩量,低,情绪退潮,观望,资金撤退型,,D,回避：资金撤退,-0.9
001277,速达股份,30.29,-13.3,0.45,-49.4,-0.81,-1121546,-5398748,-26018656,-747857,-656644,559172,缩量,低,情绪退潮,观望,资金撤退型,,D,回避：资金撤退,-0.3
001278,一彬科技,16.97,33.6,0.33,-60.0,0.42,963602,-15140486,-17686653,-1291465,-1152030,3384742,缩量,低,情绪退潮,观望,资金观望型,,D,回避：资金观望,0.1
001279,强邦新材,26.0,-43.2,0.31,-38.1,2.95,1889615,6355504,17719591,-44214,-12975,940789,缩量,低,情绪退潮,观望,主力建仓型,,D,回避：资金观望,1.0
001280,中国铀业,60.22,-80.7,0.45,-51.6,-7.37,-50389036,-92177872,-122930201,-2041684,-1408273,-3603983,缩量,低,情绪退潮,观望,资金撤退型,,D,回避：资金撤退,-2.5
001206,依依股份,18.62,-53.8,3.91,-15.6,0.71,1640734,-1749526,-15279558,47303113,50052037,-26897417,缩量,低,情绪退潮,吸筹,资金观望型,资金+业绩共振(双击候选),B,关注：资金+业绩共振,64.2
001283,豪鹏科技,47.06,38.7,0.32,-12.8,1.01,7930189,-11130041,-5283593,-6028551,828428,3091883,缩量,低,情绪退潮,观望,资金观望型,,D,回避：资金观望,0.3
001285,瑞立科密,41.62,79.6,0.4,-18.5,-1.01,-1932056,2681259,6757235,-19744340,-2086535,4390034,放量,低,游资情绪,观望,资金观望型,,D,回避：资金观望,7.7
001213,中铁特货,3.51,-35.8,0.69,-28.0,-6.54,-5090562,286753,-3110532,489952,944584,-223867,缩量,低,情绪退潮,吸筹,资金观望型,机构吸筹+盈利(关注),C,谨慎：资金流入未验证业绩,21.8
001287,中电港,22.59,-68.5,0.44,42.5,-3.93,-59086951,65836561,-5062745,-11773515,-4609058,3656899,缩量,低,情绪退潮,观望,资金观望型,,D,回避：资金观望,-1.3
001288,运机集团,31.32,14.2,1.26,64.6,4.44,46871817,78568177,91854492,-5735253,-10069096,5241357,缩量,低,情绪退潮,观望,主力建仓型,,D,回避：资金观望,1.5
001289,龙源电力,14.91,-68.4,0.53,-17.1,3.33,5681885,-22823240,-27120973,-79823,334660,1100609,缩量,低,情绪退潮,观望,资金观望型,,D,回避：资金观望,1.1
001296,长江材料,19.39,-48.3,0.94,-46.3,-5.61,-14935352,-8379357,2946797,-726091,-394370,2744746,缩量,低,情绪退潮,观望,高位分歧型,,D,回避：资金观望,-1.9
001298,好上好,16.21,-67.3,0.22,-35.7,-3.23,-13317941,-11891898,-94658114,-377726,-290022,188176,缩量,低,情绪退潮,观望,资金观望型,,D,回避：资金观望,-1.1
001299,美能能源,10.09,29.6,0.3,-71.0,-6.71,-17026174,-29758679,73227738,-1378790,-4126835,2094236,缩量,低,情绪退潮,观望,长线吸筹型,,D,回避：资金观望,-2.2
001300,三柏硕,12.28,-44.4,0.5,-15.7,-8.11,-16225469,-30370448,-46299589,1145136,636998,-4037385,缩量,低,情绪退潮,观望,资金撤退型,,D,回避：资金撤退,-2.7
001301,尚太科技,47.34,-34.3,0.57,-14.5,1.09,12434189,-17209545,-7919507,-7401941,3392512,12228459,缩量,低,情绪退潮,观望,资金观望型,,D,回避：资金观望,0.4
001306,夏厦精密,55.8,-13.4,0.57,209.9,-2.18,-5598667,-7486491,-4027786,63464,0,3448325,缩量,低,情绪退潮,观望,资金观望型,,D,回避：资金观望,-0.7
001308,康冠科技,18.03,-67.8,1.29,5.9,-1.35,-1881481,5102134,4129889,900799,543000,535460,缩量,低,情绪退潮,观望,资金观望型,,D,回避：资金观望,-0.5
001309,德明利,358.46,-66.7,0.91,-10.9,-5.52,-868756566,-640491828,-1564809140,-351654045,-272985976,345587125,缩量,低,情绪退潮,观望,资金观望型,,D,回避：资金观望,-1.8
001311,多利科技,16.7,-67.6,0.79,-24.7,-0.07,-175576,-5101431,-27425964,-1848875,-1342270,183155,缩量,低,情绪退潮,观望,资金撤退型,,D,回避：资金撤退,-0.0
001312,福恩股份,17.76,-26.0,0.2,99.2,0.75,1744534,10332300,5709757,-2860204,-1629261,1492204,缩量,低,情绪退潮,观望,趋势转多型,,D,回避：资金观望,0.2
001313,粤海饲料,7.16,-71.1,0.48,-61.9,-5.89,-15640540,-9986414,-119565957,77195,17891,-2767063,缩量,低,情绪退潮,观望,资金观望型,,D,回避：资金观望,-2.0
001314,亿道信息,49.05,-68.1,1.07,21.3,-3.06,-24697693,-45295488,-72563593,520151,-1163252,-12858205,缩量,低,情绪退潮,观望,资金撤退型,,D,回避：资金撤退,-1.0
001316,润贝航科,27.46,-25.4,0.18,-47.2,-5.49,-21420210,-48307162,49000191,-1302097,76884,-693030,缩量,低,情绪退潮,观望,长线吸筹型,,D,回避：资金观望,-1.8
001317,三羊马,61.85,94.2,1.13,228.1,0.81,35688210,239895270,202267893,-2940996,-6218131,22040523,放量,低,游资情绪,观望,趋势转多型,,D,回避：资金观望,8.3
001207,联科科技,19.0,-8.7,0.58,68.3,6.44,28862762,23883970,13850991,700420,574265,-1771258,缩量,中,主力惜售,进场,资金观望型,资金+业绩共振(双击候选),B,关注：资金+业绩共振,86.1
001319,铭科精技,21.14,-37.7,0.54,-30.3,-6.42,-11477040,-5657614,19618819,1707698,1107196,-1148960,缩量,低,情绪退潮,观望,高位分歧型,,D,回避：资金观望,-2.1
001211,双枪科技,29.52,175.4,0.42,161.4,3.49,33820015,93715302,69605524,48244895,17756601,-60666243,放量,低,游资情绪,抢筹,趋势转多型,资金+业绩共振(双击候选),B,关注：资金+业绩共振,89.2
001215,千味央厨,32.44,-58.0,0.25,24.3,1.03,3189177,3108946,-842000,1795597,1219439,-2654915,缩量,低,情绪退潮,进场,资金观望型,资金+业绩共振(双击候选),B,关注：资金+业绩共振,72.3
001229,魅视科技,37.13,-70.4,4.66,-4.3,2.15,14181872,53249289,96311027,1820250,-414888,-2719817,缩量,低,情绪退潮,进场,主力建仓型,资金+业绩共振(双击候选),B,关注：资金+业绩共振,72.7
001325,元创股份,35.48,-33.1,0.23,-23.6,-11.3,-13686528,-19276145,-40579265,-1570229,-701651,1541753,缩量,低,情绪退潮,观望,资金撤退型,,D,回避：资金撤退,-3.8
001227,兰州银行,2.11,-29.7,1.51,-31.1,1.68,9780894,49943892,86551091,7927824,11769020,27340,缩量,低,情绪退潮,进场,均衡流入型,资金+业绩共振(双击候选),B,关注：资金+业绩共振,72.6
001225,和泰机电,33.9,53.0,0.96,65.2,0.41,1458403,-796570,1483583,4432611,2147062,-6690005,放量,低,游资情绪,抢筹,资金观望型,资金+业绩共振(双击候选),B,关注：资金+业绩共振,88.1
001226,拓山重工,45.7,36.6,0.46,33.8,2.28,6238484,-386793,-8903258,4391181,2973367,-7589139,缩量,低,情绪退潮,进场,资金观望型,资金+业绩共振(双击候选),B,关注：资金+业绩共振,72.8
001238,浙江正特,25.9,11.9,0.83,246.4,1.48,2270212,15354730,16529354,293959,0,1241883,缩量,低,情绪退潮,进场,均衡流入型,资金+业绩共振(双击候选),B,关注：资金+业绩共振,72.5
001260,坤泰股份,19.2,45.7,0.92,129.5,3.29,15868750,13106693,6722400,249793,-759528,3268142,缩量,低,情绪退潮,进场,资金观望型,资金+业绩共振(双击候选),B,关注：资金+业绩共振,73.1
001333,光华股份,19.93,-21.2,0.28,18.6,2.5,4202986,697153,-9242369,-423824,-312279,22418,缩量,低,情绪退潮,观望,资金观望型,,D,回避：资金观望,0.8
001335,信凯科技,33.04,11.9,0.39,7.7,-3.09,-3906869,-431296,-2685808,531061,537563,-1599150,缩量,低,情绪退潮,观望,资金观望型,,D,回避：资金观望,-1.0
001336,楚环科技,18.77,51.9,0.22,31.9,-0.14,-247808,-2542793,-3866225,687988,0,431777,放量,低,游资情绪,观望,资金撤退型,,D,回避：资金撤退,8.0
001337,四川黄金,44.9,-54.6,0.65,-34.5,-5.75,-92558064,-140289908,-362689471,-5707057,-14458314,-14560739,缩量,低,情绪退潮,观望,资金撤退型,,D,回避：资金撤退,-1.9
001338,永顺泰,9.21,51.1,0.28,-47.7,-0.38,-1495173,-15424464,-10039704,-7804480,-2272334,10040614,放量,低,游资情绪,观望,资金观望型,,D,回避：资金观望,7.9
001339,智微智能,69.72,-73.6,0.79,15.2,-3.74,-61028952,28040544,-121496372,18162716,12513568,-29559761,缩量,低,情绪退潮,观望,资金观望型,,D,回避：资金观望,-1.2
001356,富岭股份,9.21,-25.4,0.85,22.9,-5.71,-9654558,-10146291,-35918587,-1152504,-526518,1105231,缩量,低,情绪退潮,观望,资金撤退型,,D,回避：资金撤退,-1.9
001358,兴欣新材,24.17,-76.1,1.04,85.1,-0.84,-2500525,7885461,6224267,266387,0,-220721,缩量,低,情绪退潮,观望,资金观望型,,D,回避：资金观望,-0.3
001359,平安电工,79.9,-72.3,1.75,-7.1,-1.52,-14416912,-1596843,-112978081,2306329,2524195,-3327264,缩量,低,情绪退潮,观望,资金观望型,,D,回避：资金观望,-0.5
001266,宏英智能,39.96,174.5,0.25,175.5,5.12,68053606,67773912,70415290,48206685,40821825,-34432468,放量,中,主力偏强放量,抢筹,资金观望型,资金+业绩共振(双击候选),B,关注：资金+业绩共振,97.7
001366,播恩集团,13.13,2.1,0.49,-74.0,-1.68,-4128307,-19106467,-14641143,3269145,1537289,-1786098,缩量,低,情绪退潮,观望,资金观望型,,D,回避：资金观望,-0.6
001367,海森药业,22.01,48.4,0.44,55.9,2.36,6139620,-1269132,-16468309,-6705681,537190,4388353,缩量,低,情绪退潮,观望,资金观望型,,D,回避：资金观望,0.8
001268,联合精密,25.22,-8.5,0.34,63.0,7.46,66986585,59132444,18992823,-129162,-2114268,-1017213,缩量,中,主力惜售,进场,资金观望型,资金+业绩共振(双击候选),B,关注：资金+业绩共振,86.5
001267,汇绿生态,32.83,-49.8,0.43,8.1,0.17,7890485,256074938,111262049,6498000,3488130,-19803396,缩量,低,情绪退潮,进场,趋势转多型,资金+业绩共振(双击候选),B,关注：资金+业绩共振,72.1
001373,翔腾新材,30.99,11.3,0.49,197.4,2.1,10505987,20261128,18355979,-1279434,-2245222,2236440,缩量,低,情绪退潮,观望,趋势转多型,,D,回避：资金观望,0.7
001376,百通能源,12.18,-13.1,1.23,78.4,0.7,11739877,126260292,118193360,-11099238,-2742750,8997993,缩量,低,情绪退潮,观望,趋势转多型,,D,回避：资金观望,0.2
001378,德冠新材,21.96,-29.9,1.78,310.1,-4.92,-28003785,-27239315,-33451281,-397094,-1836407,3724552,缩量,低,情绪退潮,观望,资金观望型,,D,回避：资金观望,-1.6
001379,腾达科技,15.75,-41.1,0.5,-23.0,1.41,1451687,3373834,7822817,-203141,0,-915578,缩量,低,情绪退潮,观望,均衡流入型,,D,回避：资金观望,0.5
001380,华纬科技,18.79,33.2,0.69,5.9,-0.59,-1390270,8640540,13364287,-470498,-1235005,-85184,缩量,低,情绪退潮,观望,资金观望型,,D,回避：资金观望,-0.2
001269,欧晶科技,19.13,-53.4,0.86,28.7,-0.47,-921535,1323581,5205758,-768023,581701,-576191,缩量,低,情绪退潮,吸筹,资金观望型,纯资金炒作(亏损风险),C,谨慎：纯资金炒作,3.8
001318,阳光乳业,13.04,97.8,2.2,-2.3,-3.9,-9879580,-11068110,-15785719,54726952,59472610,-30859827,放量,低,游资情绪,抢筹,资金撤退型,机构吸筹+盈利(关注),C,谨慎：资金流入未验证业绩,46.7
001282,三联锻造,16.75,138.9,0.64,146.7,-1.76,-7394553,15213110,15829861,5180158,3980087,-13295528,放量,低,游资情绪,抢筹,资金观望型,机构吸筹+盈利(关注),C,谨慎：资金流入未验证业绩,47.4
001387,雪祺电气,12.38,11.1,0.66,42.5,2.33,6023780,5815274,5488845,-3116373,356298,4514887,缩量,低,情绪退潮,观望,资金观望型,,D,回避：资金观望,0.8
001388,信通电子,19.53,-78.6,5.52,-47.4,-1.47,-4630373,-22767081,-50097242,-54957,-892265,4771201,缩量,低,情绪退潮,观望,资金撤退型,,D,回避：资金撤退,-0.5
001286,陕西能源,9.45,-38.5,0.92,-40.6,1.16,7221754,41182934,133218630,13413713,5713211,6877643,缩量,低,情绪退潮,进场,均衡流入型,资金+业绩共振(双击候选),B,关注：资金+业绩共振,72.4
001390,古麒绒材,17.11,25.9,0.86,38.0,-6.3,-14304781,-5107875,-11446929,-38864,758891,-4775947,缩量,低,情绪退潮,观望,资金观望型,,D,回避：资金观望,-2.1
001391,国货航,3.84,-33.8,0.92,3.0,-12.13,-47852195,-46926094,-64422688,-3553065,3454035,4402553,缩量,低,情绪退潮,观望,资金观望型,,D,回避：资金观望,-4.0
001395,亚联机械,29.75,-77.3,3.71,-7.0,-0.19,-391959,141065,-12479489,508829,-1197322,-2209718,缩量,低,情绪退潮,观望,资金观望型,,D,回避：资金观望,-0.1
001396,誉帆科技,30.89,-26.1,0.21,31.5,-3.71,-3704144,-4561960,-8951472,1129807,0,-4208851,缩量,低,情绪退潮,观望,资金撤退型,,D,回避：资金撤退,-1.2
001324,长青科技,20.26,86.7,0.47,12.5,-5.82,-21154976,-32575556,-34418885,9803869,9163732,-14337287,放量,低,游资情绪,抢筹,资金撤退型,机构吸筹+盈利(关注),C,谨慎：资金流入未验证业绩,46.1
001696,宗申动力,15.15,-61.6,2.1,-41.9,-0.1,-3079585,-139113166,-211535668,-11864919,-4892184,28622137,缩量,低,情绪退潮,观望,资金撤退型,,D,回避：资金撤退,-0.0
001322,箭牌家居,6.74,155.3,0.74,229.5,2.89,13112622,10379408,9661268,4766995,2577332,-561583,放量,低,游资情绪,吸筹,资金观望型,资金+业绩共振(双击候选),B,关注：资金+业绩共振,73.0
001896,豫能控股,10.3,-82.1,0.63,-19.0,-6.94,-200629992,-449555363,457260968,-10462250,-6200053,20606986,缩量,低,情绪退潮,观望,长线吸筹型,,D,回避：资金观望,-2.3
001914,招商积余,9.4,173.1,0.78,48.8,1.31,9613734,15613036,-8646370,-1441186,-278688,-7160151,放量,低,游资情绪,观望,趋势转多型,,D,回避：资金观望,8.4
001965,招商公路,10.05,-38.9,1.3,-11.4,-1.75,-8148513,4788267,27783313,6538809,2430577,1992919,缩量,低,情绪退潮,观望,资金观望型,,D,回避：资金观望,-0.6
001323,慕思股份,18.68,-39.7,2.88,-13.2,0.36,603374,1267124,-10167460,4574826,1307520,-5418437,缩量,低,情绪退潮,进场,趋势转多型,资金+业绩共振(双击候选),B,关注：资金+业绩共振,72.1
002001,新 和 成,25.95,-45.9,0.67,-8.8,-3.56,-82914695,-241940809,-351523738,-64077952,-47973680,59126121,缩量,低,情绪退潮,观望,资金撤退型,,D,回避：资金撤退,-1.2
002003,伟星股份,11.31,-37.3,1.0,-37.7,-2.26,-14930693,-20899458,-164684761,2091299,3603196,1783423,缩量,低,情绪退潮,观望,资金撤退型,,D,回避：资金撤退,-0.8
002004,华邦健康,4.34,-26.2,0.67,-36.0,-5.92,-22443832,-39308074,-6230849,3628471,3235356,3257448,缩量,低,情绪退潮,观望,长线吸筹型,,D,回避：资金观望,-2.0
001330,博纳影业,6.58,288.9,0.29,-24.7,5.54,314561168,205894304,613232977,85575449,103258173,-64166769,放量,中,主力偏强放量,抢筹,资金观望型,纯资金炒作(亏损风险),C,谨慎：纯资金炒作,37.8
002006,精工科技,13.21,-57.1,0.45,-43.2,4.73,14042527,15672386,9749560,-582899,796797,2009767,缩量,低,情绪退潮,观望,趋势转多型,,D,回避：资金观望,1.6
002007,华兰生物,13.34,-9.3,0.92,-2.9,-6.22,-40123478,-28373001,-81209138,741294,-2428208,5328635,缩量,低,情绪退潮,观望,资金观望型,,D,回避：资金观望,-2.1
002008,大族激光,80.03,-61.6,0.81,-15.5,-9.59,-1350580142,-1150985646,-335821632,-134661723,-93318943,182472269,缩量,低,情绪退潮,观望,高位分歧型,,D,回避：资金观望,-3.2
001328,登康口腔,31.6,4.4,1.32,-33.1,2.08,4146150,2708674,-11594530,5428619,2744604,-7128515,缩量,低,情绪退潮,进场,资金观望型,资金+业绩共振(双击候选),B,关注：资金+业绩共振,72.7
001326,联域股份,101.03,150.0,0.82,146.5,5.13,94271185,76236223,136831283,-973167,12372082,8232488,放量,中,主力偏强放量,进场,资金观望型,资金+业绩共振(双击候选),B,关注：资金+业绩共振,89.7
002011,盾安环境,12.6,292.0,0.48,-29.5,-6.44,-183772533,-317864865,-238572273,7404062,4753847,10339943,放量,低,游资情绪,观望,资金观望型,,D,回避：资金观望,5.9
002012,凯恩股份,6.9,-57.6,0.91,-23.6,-9.03,-22994654,-17133701,-37447246,-922612,-2934617,417995,缩量,低,情绪退潮,观望,资金观望型,,D,回避：资金观望,-3.0
001332,锡装股份,26.9,7.7,0.33,113.9,1.72,6013913,31176029,17937692,1398436,41865,-165619,缩量,低,情绪退潮,进场,趋势转多型,资金+业绩共振(双击候选),B,关注：资金+业绩共振,72.6
002014,永新股份,11.21,-39.0,0.92,-50.0,2.68,2398367,3816853,14151364,-1296837,-63840,-1604627,缩量,低,情绪退潮,观望,均衡流入型,,D,回避：资金观望,0.9
002015,协鑫能科,14.58,-58.7,0.35,-56.4,-12.63,-394569541,-795214767,-516980615,1590020,-1360948,-5765578,缩量,低,情绪退潮,观望,长线吸筹型,,D,回避：资金观望,-4.2
001331,胜通能源,38.97,-53.8,1.77,23.8,5.73,104345144,143912095,296115747,12490706,-4421795,-22283126,缩量,中,主力惜售,进场,主力建仓型,资金+业绩共振(双击候选),B,关注：资金+业绩共振,85.9
002017,东信和平,13.79,-49.0,0.68,-69.9,-10.96,-82937245,-2398738,192669317,-2428315,-1347491,8359812,缩量,低,情绪退潮,观望,高位分歧型,,D,回避：资金观望,-3.7
002019,亿帆医药,9.42,-44.9,1.25,-10.6,-5.54,-17734749,-4041170,-86002471,-6161816,-988103,14959071,缩量,低,情绪退潮,观望,资金观望型,,D,回避：资金观望,-1.8
002020,京新药业,11.83,-17.0,1.91,-9.5,-1.79,-14125730,17197543,-3466938,-3519364,-3288483,16269020,缩量,低,情绪退潮,观望,资金观望型,,D,回避：资金观望,-0.6
002021,中捷资源,2.58,-30.8,0.45,-7.6,2.91,8798910,2947081,6767193,-7912377,-3540455,295474,缩量,低,情绪退潮,观望,资金观望型,,D,回避：资金观望,1.0
002022,科华生物,6.12,119.5,0.84,337.0,-3.12,-21538712,15126895,13802667,1858223,3953200,5794253,放量,低,游资情绪,观望,资金观望型,,D,回避：资金观望,7.0
002023,海特高新,9.31,-70.5,0.46,67.8,1.2,9006270,45762913,-4034337,-2484304,-2502713,1867604,缩量,低,情绪退潮,观望,趋势转多型,,D,回避：资金观望,0.4
002025,航天电器,67.01,-77.9,0.63,5.5,-3.25,-73537877,-10257673,-114671735,5684836,1082906,-24178821,缩量,低,情绪退潮,观望,资金观望型,,D,回避：资金观望,-1.1
002026,山东威达,10.98,24.2,0.53,11.1,-0.06,-480329,-84624696,-57592461,-993446,274487,-2086281,缩量,低,情绪退潮,观望,资金观望型,,D,回避：资金观望,-0.0
001360,南矿集团,18.89,-17.2,0.95,-9.0,0.44,1947704,5233008,2500345,127981,596866,-5696306,缩量,低,情绪退潮,进场,趋势转多型,资金+业绩共振(双击候选),B,关注：资金+业绩共振,72.1
002028,思源电气,120.46,-60.1,0.77,-12.2,-9.87,-661626431,-550382712,-1315971992,-50532736,-26334273,21186146,缩量,低,情绪退潮,观望,资金观望型,,D,回避：资金观望,-3.3
002030,达安基因,5.75,9.0,0.29,47.5,-3.59,-22189416,-36373050,-58681843,-5654336,-6365774,10270636,缩量,低,情绪退潮,观望,资金撤退型,,D,回避：资金撤退,-1.2
002031,巨轮智能,5.44,40.5,0.6,-4.9,3.01,129342275,123898851,277318197,-123552228,-113479511,105631976,缩量,低,情绪退潮,观望,资金观望型,,D,回避：资金观望,1.0
002032,苏 泊 尔,39.95,-29.1,1.0,-32.2,0.57,1868936,-4708407,3932559,-4210171,86693,4106801,缩量,低,情绪退潮,观望,资金观望型,,D,回避：资金观望,0.2
002033,丽江股份,8.21,-54.9,0.45,-68.6,-13.81,-52612549,-103131098,-130043535,-969551,81536,-1148259,缩量,低,情绪退潮,观望,资金撤退型,,D,回避：资金撤退,-4.6
002034,旺能环境,14.07,-56.7,0.29,-36.3,-9.77,-27084533,-22954094,-81178893,-2102918,-1800242,124335,缩量,低,情绪退潮,观望,资金观望型,,D,回避：资金观望,-3.3
001369,双欣材料,11.94,-79.8,0.61,-22.6,-8.0,-19238691,-28416237,-39189078,-385370,1164646,-293805,缩量,低,情绪退潮,吸筹,资金撤退型,机构吸筹+盈利(关注),C,谨慎：资金流入未验证业绩,21.3
002036,联创电子,5.97,-74.8,1.16,-25.3,-6.23,-33905070,-52415087,-149444504,-6752635,-3029956,5953128,缩量,低,情绪退潮,观望,资金撤退型,,D,回避：资金撤退,-2.1
002037,保利联合,6.77,-72.3,0.78,-6.0,-1.24,-1347083,-6692760,-3412845,-2227156,-2447436,925681,缩量,低,情绪退潮,观望,资金观望型,,D,回避：资金观望,-0.4
001368,通达创智,36.85,1341.8,0.48,154.3,1.44,24084806,-1261662,32204870,19335315,7830999,-8580672,放量,低,游资情绪,抢筹,资金观望型,资金+业绩共振(双击候选),B,关注：资金+业绩共振,88.5
002039,黔源电力,19.54,-32.8,0.66,8.5,-2.53,-14444709,-30735733,-45755493,-6432710,1501075,4303695,缩量,低,情绪退潮,观望,资金撤退型,,D,回避：资金撤退,-0.8
002040,南 京 港,8.72,51.8,0.27,-46.8,-3.08,-17897608,-58920465,182006222,-8636344,-3545756,13981401,放量,低,游资情绪,观望,长线吸筹型,,D,回避：资金观望,7.0
001382,新亚电缆,16.43,-70.1,0.82,-53.2,1.58,1482711,502225,-9246350,736026,0,-1831400,缩量,低,情绪退潮,进场,资金观望型,资金+业绩共振(双击候选),B,关注：资金+业绩共振,72.5
002042,华孚时尚,3.59,4.5,0.21,95.2,-3.05,-25903036,38201193,833995,-7229074,-980234,11693994,缩量,低,情绪退潮,观望,资金观望型,,D,回避：资金观望,-1.0
001386,马可波罗,15.98,-19.6,0.8,-11.9,1.84,4086042,9228303,3499258,219696,-3166590,-6255523,缩量,低,情绪退潮,进场,趋势转多型,资金+业绩共振(双击候选),B,关注：资金+业绩共振,72.6
001389,广合科技,176.66,-1.1,0.88,137.0,-2.35,-306775256,97851961,590031575,-17531045,42511334,-27003362,缩量,低,情绪退潮,吸筹,资金观望型,机构吸筹+盈利(关注),C,谨慎：资金流入未验证业绩,23.2
002045,国光电器,8.57,-64.0,1.28,-24.3,-1.1,-6577666,-25780254,-32558803,-1663684,-368248,3116666,缩量,低,情绪退潮,观望,资金撤退型,,D,回避：资金撤退,-0.4
001872,招商港口,24.18,-0.4,0.97,3.6,8.5,35750356,36756344,8882294,-777861,2157463,3264906,缩量,中,主力惜售,进场,趋势转多型,资金+业绩共振(双击候选),B,关注：资金+业绩共振,86.8
001400,江顺科技,84.8,88.1,0.37,33.3,7.67,121270531,106566677,76211092,14006566,11710387,-7215266,放量,中,主力偏强放量,吸筹,资金观望型,资金+业绩共振(双击候选),B,关注：资金+业绩共振,82.6
002048,宁波华翔,17.67,-57.3,0.54,-6.0,-5.97,-52907104,-62876995,-107987469,72922,4564774,2448694,缩量,低,情绪退潮,观望,资金撤退型,,D,回避：资金撤退,-2.0
002049,紫光国微,57.88,-82.0,0.78,4.9,-8.09,-202304804,-263179016,-787165593,-67013750,-42927378,63752724,缩量,低,情绪退潮,观望,资金撤退型,,D,回避：资金撤退,-2.7
002010,传化智联,4.6,-48.2,0.61,-36.5,0.85,2162700,10348392,14363844,9550146,10568817,194352,缩量,低,情绪退潮,进场,均衡流入型,资金+业绩共振(双击候选),B,关注：资金+业绩共振,72.3
002009,天奇股份,15.49,-30.1,0.26,11.3,1.33,9169524,-359635,-43690417,9704421,9600256,-12480995,缩量,低,情绪退潮,进场,资金观望型,资金+业绩共振(双击候选),B,关注：资金+业绩共振,72.4
002052,同洲电子,7.98,-73.7,0.26,-34.5,-2.3,-4753289,-12428487,-17830951,-2581032,2732255,3952893,缩量,低,情绪退潮,观望,资金撤退型,,D,回避：资金撤退,-0.8
002053,云南能投,9.52,-63.3,0.52,-44.3,1.05,2431578,-4158168,-28703441,-4911339,-1344497,3073199,缩量,低,情绪退潮,观望,资金观望型,,D,回避：资金观望,0.4
002056,横店东磁,19.33,-82.3,2.0,-18.1,-3.93,-52706802,-28846330,-157299702,-16470226,-14423815,10324799,缩量,低,情绪退潮,观望,资金观望型,,D,回避：资金观望,-1.3
002057,中钢天源,8.77,-75.4,2.6,-21.4,-4.1,-17139904,1648372,-63420249,-4428920,-4399852,1385483,缩量,低,情绪退潮,观望,资金观望型,,D,回避：资金观望,-1.4
001979,招商蛇口,7.58,273.7,0.71,56.5,0.74,43944733,148897041,25618254,215147878,142340399,-254130499,放量,低,游资情绪,抢筹,趋势转多型,资金+业绩共振(双击候选),B,关注：资金+业绩共振,88.2
002059,云南旅游,4.23,227.8,0.86,-66.5,-3.08,-31085831,-111270476,-216065654,7844667,8756476,3734281,放量,低,游资情绪,观望,资金撤退型,,D,回避：资金撤退,7.0
002060,广东建工,3.06,-14.8,0.39,14.2,-0.37,-788750,12303475,15619705,-122834,586573,1186936,缩量,低,情绪退潮,观望,资金观望型,,D,回避：资金观望,-0.1
002061,浙江交科,3.35,2.1,0.76,-31.5,-3.01,-7897505,1135739,31290726,-1702298,3229765,3378953,缩量,低,情绪退潮,观望,高位分歧型,,D,回避：资金观望,-1.0
002062,宏润建设,9.05,4.2,0.29,31.0,-4.23,-36057938,37781492,42266706,-1280296,588962,-1196571,缩量,低,情绪退潮,观望,资金观望型,,D,回避：资金观望,-1.4
002016,世荣兆业,4.95,140.0,0.58,37.4,0.41,1384369,-9759657,-15297861,6570600,1758131,-8152724,放量,低,游资情绪,抢筹,资金观望型,资金+业绩共振(双击候选),B,关注：资金+业绩共振,88.1
002064,华峰化学,9.65,-39.5,0.91,-32.8,-4.94,-66631065,-41846079,-104963649,31663031,-5208850,-47921190,缩量,低,情绪退潮,观望,资金观望型,,D,回避：资金观望,-1.6
002065,东华软件,6.5,-78.6,0.74,-12.5,-8.9,-52877321,-45493543,-143042902,-8405031,149661,11145102,缩量,低,情绪退潮,观望,资金观望型,,D,回避：资金观望,-3.0
002066,瑞泰科技,19.57,-79.6,0.79,-26.8,-3.16,-5664676,-31592963,-61787938,-564982,0,2812145,缩量,低,情绪退潮,观望,资金撤退型,,D,回避：资金撤退,-1.1
002067,景兴纸业,3.95,-76.2,1.5,-15.6,-5.96,-22341194,-19593025,-98666051,-1093323,3038341,-3722141,缩量,低,情绪退潮,观望,资金观望型,,D,回避：资金观望,-2.0
002068,黑猫股份,8.97,8.6,1.22,-10.4,-1.48,-30160067,26117835,159257942,-22540333,-15150412,34055832,缩量,低,情绪退潮,观望,高位分歧型,,D,回避：资金观望,-0.5
002005,德豪润达,2.73,61.3,1.44,189.6,9.34,44617097,70941383,69157410,-12007329,-13791665,15229703,放量,中,主力偏强放量,进场,短线抢筹型,资金+业绩共振(双击候选),B,关注：资金+业绩共振,91.1
002072,凯瑞德,7.03,-29.1,0.89,-54.7,-4.55,-13859395,-4759181,-165101439,287937,-3246607,-1744294,缩量,低,情绪退潮,观望,资金观望型,,D,回避：资金观望,-1.5
002073,软控股份,5.68,-34.6,0.47,-17.7,-11.83,-29760042,-28146004,-55623145,-8218055,-5899609,8778119,缩量,低,情绪退潮,观望,资金观望型,,D,回避：资金观望,-3.9
002029,七 匹 狼,8.87,58.5,0.86,123.9,7.7,156958838,251850106,199281187,3271653,3971806,-13666076,放量,中,主力偏强放量,进场,短线抢筹型,资金+业绩共振(双击候选),B,关注：资金+业绩共振,90.6
002075,沙钢股份,3.52,-53.4,0.73,-25.5,-6.03,-21140498,-29838040,-44231016,-5858862,-4505900,4341755,缩量,低,情绪退潮,观望,资金撤退型,,D,回避：资金撤退,-2.0
002027,分众传媒,4.73,-38.8,0.91,-23.0,-2.18,-57058750,-29946547,-245515246,67791747,82082620,-8862622,缩量,低,情绪退潮,吸筹,资金观望型,机构吸筹+盈利(关注),C,谨慎：资金流入未验证业绩,23.3
002077,大港股份,13.68,-5.1,1.12,45.0,-0.22,-9076769,9801188,290551189,-41342489,-20389887,54669962,缩量,低,情绪退潮,观望,长线吸筹型,,D,回避：资金观望,-0.1
002078,太阳纸业,13.7,-7.5,1.0,6.8,3.45,36004845,57224848,-51844900,-5752781,-7004163,-2492431,缩量,低,情绪退潮,观望,趋势转多型,,D,回避：资金观望,1.2
002079,苏州固锝,8.43,-73.8,0.48,10.9,-8.11,-59518620,-56515101,-123815651,-15973544,-14549139,10059519,缩量,低,情绪退潮,观望,资金观望型,,D,回避：资金观望,-2.7
002080,中材科技,54.15,-41.0,1.06,120.0,-12.72,-1857658467,897925636,1260129265,9791540,30758968,36747670,缩量,低,情绪退潮,观望,资金观望型,,D,回避：资金观望,-4.2
002081,金 螳 螂,4.77,33.2,0.2,-23.5,-1.25,-73540911,22131969,-619392407,-20803931,-1034931,35474025,缩量,低,情绪退潮,观望,资金观望型,,D,回避：资金观望,-0.4
002083,孚日股份,9.6,-73.5,1.92,1.7,-3.72,-33284098,-33235309,-120373933,41627683,30332891,-37254984,缩量,低,情绪退潮,观望,资金观望型,,D,回避：资金观望,-1.2
002084,海鸥住工,5.74,359.0,1.25,-38.6,-1.81,-52205321,80682120,-106832649,-39845677,-21798894,86788736,放量,低,游资情绪,观望,资金观望型,,D,回避：资金观望,7.4
002085,万丰奥威,9.32,-42.4,0.6,19.2,-2.86,-26146332,-147514880,-189373489,4122234,7089036,15604088,缩量,低,情绪退潮,观望,资金撤退型,,D,回避：资金撤退,-1.0
002086,东方海洋,2.03,-20.3,0.96,-36.5,1.33,5554987,26048586,23544221,-2574789,-3083963,-1618411,缩量,低,情绪退潮,观望,趋势转多型,,D,回避：资金观望,0.4
002035,华帝股份,4.77,217.0,0.69,114.9,5.48,45376472,62730054,61546997,-21547581,-14353063,10765303,放量,中,主力偏强放量,进场,短线抢筹型,资金+业绩共振(双击候选),B,关注：资金+业绩共振,89.8
002090,金智科技,8.94,-69.6,0.79,-10.0,-5.94,-10330703,-13316325,-28209752,-1579286,-3175055,756800,缩量,低,情绪退潮,观望,资金撤退型,,D,回避：资金撤退,-2.0
002091,江苏国泰,7.57,-30.0,0.13,-5.9,2.61,7283831,9199712,-12082930,-853794,5949437,4613917,缩量,低,情绪退潮,观望,趋势转多型,,D,回避：资金观望,0.9
002041,登海种业,10.23,127.5,1.05,-53.1,-7.22,-86039705,-153763299,-65618569,78495562,64728426,-55560127,放量,低,游资情绪,抢筹,资金观望型,机构吸筹+盈利(关注),C,谨慎：资金流入未验证业绩,45.6
002093,国脉科技,7.76,136.1,0.82,74.5,2.8,46255565,66489826,168931385,-21517974,-8422608,33266129,放量,低,游资情绪,观望,均衡流入型,,D,回避：资金观望,8.9
002094,青岛金王,4.94,14.2,0.56,-42.8,0.02,146043,76510520,-39124825,-19188343,-10361249,17600008,缩量,低,情绪退潮,观望,趋势转多型,,D,回避：资金观望,0.0
002095,生 意 宝,15.19,236.9,0.62,80.2,0.95,7945204,86364550,144646165,-15644555,-14860488,20434517,放量,低,游资情绪,观望,均衡流入型,,D,回避：资金观望,8.3
002096,易普力,9.11,-65.0,0.56,-11.6,-7.41,-10835442,-9957369,-18730633,2249250,2544670,1384365,缩量,低,情绪退潮,观望,资金观望型,,D,回避：资金观望,-2.5
002097,山河智能,6.8,-65.7,0.7,-27.7,-3.38,-13447593,-24404441,-11311212,-2026617,200764,936756,缩量,低,情绪退潮,观望,资金观望型,,D,回避：资金观望,-1.1
002098,浔兴股份,8.21,41.7,0.82,-32.7,0.45,1073136,4942536,-18381977,-108605,271443,4751638,缩量,低,情绪退潮,观望,趋势转多型,,D,回避：资金观望,0.1
002038,双鹭药业,5.75,-57.5,1.1,-7.5,-5.04,-25337941,-61233528,-97935147,7005697,6301913,-5733475,缩量,低,情绪退潮,吸筹,资金撤退型,纯资金炒作(亏损风险),C,谨慎：纯资金炒作,2.3
002044,美年健康,4.54,-63.7,0.27,11.1,-1.24,-14614961,-17339727,-122227763,29673908,34122090,-5975487,缩量,低,情绪退潮,吸筹,资金撤退型,机构吸筹+盈利(关注),C,谨慎：资金流入未验证业绩,23.6
002101,广东鸿图,8.57,-63.1,0.85,-12.4,-6.27,-7835483,-6613299,-11571092,546406,557067,190561,缩量,低,情绪退潮,观望,资金观望型,,D,回避：资金观望,-2.1
002103,广博股份,6.68,-46.5,0.94,3.2,3.18,7329924,2446462,-21621262,-891453,-36366,-1830870,缩量,低,情绪退潮,观望,资金观望型,,D,回避：资金观望,1.1
002104,恒宝股份,10.12,-62.7,0.74,-67.6,-6.67,-114051935,-57509406,352984062,-12252918,-5411728,17206101,缩量,低,情绪退潮,观望,高位分歧型,,D,回避：资金观望,-2.2
002105,信隆健康,6.05,-19.5,0.85,6.4,-3.51,-6667754,-8246749,-15593188,440710,0,-1865344,缩量,低,情绪退潮,观望,资金撤退型,,D,回避：资金撤退,-1.2
002106,莱宝高科,11.9,31.5,2.11,94.1,-4.38,-131566617,-83192346,-5483150,-14471830,-13916512,6723212,缩量,低,情绪退潮,观望,资金观望型,,D,回避：资金观望,-1.5
002107,沃华医药,7.09,11.1,0.65,-36.1,-4.98,-25079226,-17302305,36058403,2032948,-1415321,2552868,缩量,低,情绪退潮,观望,长线吸筹型,,D,回避：资金观望,-1.7
002108,沧州明珠,4.26,-56.0,0.17,-52.2,-4.88,-11855736,-25761437,18121655,-8124757,-3235774,7307160,缩量,低,情绪退潮,观望,长线吸筹型,,D,回避：资金观望,-1.6
002043,兔 宝 宝,12.02,175.4,0.84,34.3,0.71,6631185,-15596266,-42723061,98621757,85034328,-66262194,放量,低,游资情绪,抢筹,资金观望型,资金+业绩共振(双击候选),B,关注：资金+业绩共振,88.2
002111,威海广泰,9.05,-42.6,0.23,-31.9,-1.79,-4362386,-20203504,-68662867,327770,-1207455,-1159737,缩量,低,情绪退潮,观望,资金撤退型,,D,回避：资金撤退,-0.6
002112,三变科技,13.75,-83.9,1.03,-43.8,-8.41,-36619551,-61107639,-86846496,-3944061,-261713,8624550,缩量,低,情绪退潮,观望,资金撤退型,,D,回避：资金撤退,-2.8
002046,国机精工,59.75,-23.5,0.65,10.7,-7.52,-319940218,-175131664,224385734,22398942,26829007,-12276718,缩量,低,情绪退潮,吸筹,高位分歧型,机构吸筹+盈利(关注),C,谨慎：资金流入未验证业绩,21.5
002115,三维通信,9.25,-74.7,0.4,-13.5,-3.06,-53030887,-95079524,-318943178,-26937629,-18678549,32087765,缩量,低,情绪退潮,观望,资金撤退型,,D,回避：资金撤退,-1.0
002116,中国海诚,7.2,-17.8,0.53,-33.8,-3.77,-3413595,-8128235,-20372571,578893,0,2718148,缩量,低,情绪退潮,观望,资金撤退型,,D,回避：资金撤退,-1.3
002117,东港股份,7.79,13.4,0.5,-12.4,-8.51,-19994703,-28490558,-62719526,-15901304,-17157096,4179406,缩量,低,情绪退潮,观望,资金撤退型,,D,回避：资金撤退,-2.8
002119,康强电子,25.8,123.3,1.38,186.8,4.65,626496187,703826814,790422427,-67079406,-44958812,164658112,放量,低,游资情绪,观望,均衡流入型,,D,回避：资金观望,9.6
002047,宝鹰股份,3.17,-63.5,1.13,-37.7,-6.8,-19859931,-42550863,-28995720,2614118,3511579,-1475611,缩量,低,情绪退潮,吸筹,资金观望型,机构吸筹+盈利(关注),C,谨慎：资金流入未验证业绩,21.7
002121,科陆电子,4.12,-59.4,0.67,-17.6,-4.53,-27284366,-13617586,29037295,-10062890,-5359152,7194432,缩量,低,情绪退潮,观望,高位分歧型,,D,回避：资金观望,-1.5
002123,梦网科技,7.54,-70.7,1.94,52.6,-2.64,-17166798,3392234,-26479966,466532,-904980,-4017892,缩量,低,情绪退潮,观望,资金观望型,,D,回避：资金观望,-0.9
002124,天邦食品,1.98,-14.2,0.34,-47.8,-9.58,-94938319,-112596828,-41865941,-3957745,-3595653,4242029,缩量,低,情绪退潮,观望,长线吸筹型,,D,回避：资金观望,-3.2
002125,湘潭电化,11.92,-65.8,0.43,-25.0,-7.1,-36027154,-34326510,-177900761,-5974995,-402730,6738040,缩量,低,情绪退潮,观望,资金观望型,,D,回避：资金观望,-2.4
002126,银轮股份,33.95,-54.4,0.74,-22.2,-6.01,-152907061,-152568198,-211254762,-25980110,-17125653,36106939,缩量,低,情绪退潮,观望,资金观望型,,D,回避：资金观望,-2.0
002127,南极电商,2.97,-33.0,0.98,21.3,0.82,5603006,8266928,8918292,-7856810,-2646236,10849869,缩量,低,情绪退潮,观望,均衡流入型,,D,回避：资金观望,0.3
002050,三花智控,35.71,-50.5,0.3,16.5,-1.51,-100974776,-151995504,-487065097,-3575468,71708559,-2812357,缩量,低,情绪退潮,吸筹,资金撤退型,机构吸筹+盈利(关注),C,谨慎：资金流入未验证业绩,23.5
002051,中工国际,8.74,-44.5,0.3,59.1,1.65,19097123,-1521801,-53846286,980698,-2209153,-3521894,缩量,低,情绪退潮,进场,资金观望型,资金+业绩共振(双击候选),B,关注：资金+业绩共振,72.5
002054,德美化工,7.07,-57.9,0.39,-23.7,-1.24,-2734118,-16122940,-14688717,-42967,563568,-160166,缩量,低,情绪退潮,吸筹,资金观望型,机构吸筹+盈利(关注),C,谨慎：资金流入未验证业绩,23.6
002131,利欧股份,4.2,-82.5,0.96,-43.6,-2.18,-92449840,-116058711,-475289173,-60553057,-58307776,65096359,缩量,低,情绪退潮,观望,资金撤退型,,D,回避：资金撤退,-0.7
002058,紫竹高科,20.2,-4.8,0.62,36.4,7.25,18201302,34557572,30878248,191880,3551140,662580,缩量,中,主力惜售,进场,短线抢筹型,资金+业绩共振(双击候选),B,关注：资金+业绩共振,86.4
002063,远光软件,5.26,-68.9,0.54,-30.7,-8.32,-29501683,-37127963,-79495812,3028149,5671552,-883851,缩量,低,情绪退潮,吸筹,资金撤退型,机构吸筹+盈利(关注),C,谨慎：资金流入未验证业绩,21.2
002134,天津普林,23.69,38.4,0.5,52.5,-4.17,-100925762,8046007,89706599,-25418916,-20120261,37695499,缩量,低,情绪退潮,观望,资金观望型,,D,回避：资金观望,-1.4
002135,东南网架,5.93,-54.9,0.13,5.1,3.72,12777322,10550630,-32751414,-1667750,-724174,953852,缩量,低,情绪退潮,观望,资金观望型,,D,回避：资金观望,1.2
002136,安 纳 达,11.75,-65.6,0.31,-15.1,-11.3,-21935794,-30819253,-52562633,857318,1268793,-5197940,缩量,低,情绪退潮,观望,资金撤退型,,D,回避：资金撤退,-3.8
002137,实益达,7.6,-45.1,5.14,476.9,-2.88,-36301910,30932311,1922324,-4936763,4476730,8276156,缩量,低,情绪退潮,观望,资金观望型,,D,回避：资金观望,-1.0
002074,国轩高科,29.5,311.4,0.43,225.0,5.25,356908782,488313697,307785955,-42091581,-12046090,-8498974,放量,中,主力偏强放量,进场,短线抢筹型,资金+业绩共振(双击候选),B,关注：资金+业绩共振,89.8
002139,拓邦股份,9.57,-67.5,0.89,-28.6,-4.94,-19491491,-49681347,-37417360,-12881946,-7214063,14508493,缩量,低,情绪退潮,观望,资金观望型,,D,回避：资金观望,-1.6
002069,獐子岛,3.65,-40.5,0.83,-35.6,5.94,9675044,17228948,18315203,989428,0,543433,缩量,中,主力惜售,进场,主力强攻型,纯资金炒作(亏损风险),C,谨慎：纯资金炒作,26.0
002076,星光股份,2.11,-37.6,0.6,-2.3,0.65,1315759,21783501,-3262603,758506,4008903,-1009351,缩量,低,情绪退潮,吸筹,趋势转多型,纯资金炒作(亏损风险),C,谨慎：纯资金炒作,4.2
002092,中泰化学,4.37,-65.9,0.58,-46.6,-2.31,-13512407,-13629239,-5096654,4829811,4566982,-4151707,缩量,低,情绪退潮,吸筹,资金观望型,纯资金炒作(亏损风险),C,谨慎：纯资金炒作,3.2
002144,宏达高科,11.03,-49.6,0.94,2.4,1.51,2404513,2943010,-13098216,-1372623,-574574,-1040054,缩量,低,情绪退潮,观望,趋势转多型,,D,回避：资金观望,0.5
002145,钛能化学,4.59,-15.0,0.79,176.4,-16.41,-284861759,-225235690,-213899575,5638701,8534497,8039203,缩量,低,情绪退潮,观望,资金观望型,,D,回避：资金观望,-5.5
002146,荣盛发展,1.31,297.1,0.75,117.7,2.44,53866892,108651407,97249745,-31713190,-12228900,30492110,放量,低,游资情绪,观望,趋势转多型,,D,回避：资金观望,8.8
002088,鲁阳节能,8.1,-52.9,0.78,-40.4,8.04,5465573,6493950,7353918,1758187,0,309490,缩量,中,主力惜售,进场,均衡流入型,资金+业绩共振(双击候选),B,关注：资金+业绩共振,86.7
002149,西部材料,31.0,-82.1,0.24,0.0,-2.01,-41920575,-104970317,-263808238,-20716601,-15838985,27355097,缩量,低,情绪退潮,观望,资金撤退型,,D,回避：资金撤退,-0.7
002150,正泰电源,19.56,-53.8,0.51,15.1,0.88,5360481,29172325,11455168,-2199794,-2319851,-6529044,缩量,低,情绪退潮,观望,趋势转多型,,D,回避：资金观望,0.3
002151,北斗星通,27.82,-47.1,0.34,72.5,-1.34,-30328079,-85814681,-71011907,-29038182,-17650616,17965486,缩量,低,情绪退潮,观望,资金观望型,,D,回避：资金观望,-0.4
002152,广电运通,8.95,-78.6,1.33,-28.1,-9.78,-56981530,-99192441,-149595139,3956457,2226743,-3655218,缩量,低,情绪退潮,观望,资金撤退型,,D,回避：资金撤退,-3.3
002153,石基信息,7.37,-80.3,0.82,-15.6,-1.76,-9270613,-21758596,-48436938,-606659,-1289356,4503659,缩量,低,情绪退潮,观望,资金撤退型,,D,回避：资金撤退,-0.6
002154,报 喜 鸟,3.85,-43.6,0.37,-15.6,4.64,16340026,-7330398,-8034071,-4557936,-4335537,-2572912,缩量,低,情绪退潮,观望,资金观望型,,D,回避：资金观望,1.5
002155,湖南黄金,23.2,-55.3,1.01,-46.3,-9.69,-383695865,-677672563,-718593748,26635293,4016191,-5613587,缩量,低,情绪退潮,观望,资金撤退型,,D,回避：资金撤退,-3.2
002156,通富微电,56.9,-64.8,1.32,50.7,2.36,448350027,910813337,-807984380,-674027208,-561097175,519234153,缩量,低,情绪退潮,观望,趋势转多型,,D,回避：资金观望,0.8
002157,正邦科技,2.92,-42.1,0.24,-47.5,-6.62,-94121257,-104621838,-340875489,-14487193,-16612069,10067798,缩量,低,情绪退潮,观望,资金撤退型,,D,回避：资金撤退,-2.2
002158,汉钟精机,24.31,-65.5,0.54,-24.8,-4.61,-50363761,-37453201,66456953,-4953520,1487926,8540311,缩量,低,情绪退潮,观望,长线吸筹型,,D,回避：资金观望,-1.5
002159,三特索道,13.31,-48.1,0.44,-44.7,-0.51,-616814,-4174431,8036636,-970392,-1333269,1648984,缩量,低,情绪退潮,观望,长线吸筹型,,D,回避：资金观望,-0.2
002160,常铝股份,3.88,-56.6,0.62,-23.6,-0.39,-814443,3763636,-6337550,-1328047,0,3080544,缩量,低,情绪退潮,观望,资金观望型,,D,回避：资金观望,-0.1
002161,远 望 谷,6.36,58.3,0.51,77.0,-5.15,-49817987,78046387,8839315,-19319000,-11173612,19869111,放量,低,游资情绪,观望,资金观望型,,D,回避：资金观望,6.3
002162,悦心健康,4.19,-13.3,1.22,-47.8,-3.26,-12057074,-40391069,72112813,605332,6566278,112722,缩量,低,情绪退潮,观望,长线吸筹型,,D,回避：资金观望,-1.1
002099,海翔药业,6.15,109.8,0.46,30.1,5.71,65130177,43002071,25108786,14455929,9665778,-5771358,放量,中,主力偏强放量,吸筹,资金观望型,纯资金炒作(亏损风险),C,谨慎：纯资金炒作,21.9
002100,天康生物,7.87,-32.4,0.56,-33.2,3.61,23267650,9944633,-67149864,304623,-1565377,-1634441,缩量,低,情绪退潮,进场,资金观望型,资金+业绩共振(双击候选),B,关注：资金+业绩共振,73.2
002165,红 宝 丽,6.8,-63.8,1.0,-62.0,-10.13,-136901519,-126029584,-441288533,-7856842,-3136266,3703169,缩量,低,情绪退潮,观望,资金观望型,,D,回避：资金观望,-3.4
002166,莱茵生物,6.8,-41.2,0.74,-52.8,-1.91,-4527182,-23381751,-29385412,2136286,5058063,4853446,缩量,低,情绪退潮,观望,资金撤退型,,D,回避：资金撤退,-0.6
002167,东方锆业,15.04,-77.7,4.3,10.6,-3.19,-72904011,64946812,-108378500,-23843232,-12198010,-396903,缩量,低,情绪退潮,观望,资金观望型,,D,回避：资金观望,-1.1
002169,智光电气,12.43,4.6,0.96,112.3,-10.26,-179778502,-90914475,-79636969,49950459,32407227,-43646283,缩量,低,情绪退潮,观望,资金观望型,,D,回避：资金观望,-3.4
002170,芭田股份,10.57,-59.4,0.52,-51.0,-2.55,-13138336,-3140895,75225961,-12354601,-9856324,9519472,缩量,低,情绪退潮,观望,长线吸筹型,,D,回避：资金观望,-0.8
002171,楚江新材,9.81,-32.6,1.22,-46.1,-9.79,-195189667,-240004464,-347507471,3713575,5677047,692889,缩量,低,情绪退潮,观望,资金撤退型,,D,回避：资金撤退,-3.3
002172,澳洋健康,5.43,705.4,1.86,21.3,1.81,86706755,441950522,925531794,-78978228,-87122275,69234562,放量,低,游资情绪,观望,均衡流入型,,D,回避：资金观望,8.6
002173,创新医疗,17.26,-80.1,2.29,8.3,-4.45,-65995436,-79786655,-242100823,1944794,-2988354,-3093349,缩量,低,情绪退潮,观望,资金撤退型,,D,回避：资金撤退,-1.5
002174,游族网络,13.19,-28.7,0.99,-1.1,-7.24,-181278204,-169885720,-28104690,6980299,2640525,-2838323,缩量,低,情绪退潮,观望,高位分歧型,,D,回避：资金观望,-2.4
002110,三钢闽光,2.93,7.1,0.97,4.4,6.62,26914968,31289798,35691577,1006840,3688548,8165874,缩量,中,主力惜售,进场,均衡流入型,资金+业绩共振(双击候选),B,关注：资金+业绩共振,86.2
002177,御银股份,5.43,-62.0,0.5,-52.0,-0.38,-1549399,166240,-5846087,-2099018,-1317108,3821628,缩量,低,情绪退潮,观望,资金观望型,,D,回避：资金观望,-0.1
002178,延华智能,4.85,116.6,0.79,514.8,-1.7,-27588004,77490294,83724467,-13325568,-9989938,26796231,放量,低,游资情绪,观望,资金观望型,,D,回避：资金观望,7.4
002179,中航光电,33.33,-52.3,0.58,-0.2,-7.38,-201546030,-166950434,-167165818,-7791251,-17952300,29178391,缩量,低,情绪退潮,观望,资金观望型,,D,回避：资金观望,-2.5
002180,奔图科技,16.14,-80.7,1.04,63.3,-2.84,-21719307,-6586829,-20874357,-3119015,899851,2916704,缩量,低,情绪退潮,观望,资金观望型,,D,回避：资金观望,-0.9
002181,粤 传 媒,8.8,17.1,0.17,-30.0,4.44,183556484,113813632,410330862,-13578270,-9109516,38303881,缩量,低,情绪退潮,观望,资金观望型,,D,回避：资金观望,1.5
002114,罗平锌电,7.18,-57.9,0.47,-35.4,1.89,3454360,-12217168,-17256765,760062,-716305,-117842,缩量,低,情绪退潮,进场,资金观望型,纯资金炒作(亏损风险),C,谨慎：纯资金炒作,12.6
002183,怡 亚 通,4.18,-46.5,0.16,-7.8,-2.43,-20483608,-65057817,-64488092,4824031,243808,2086624,缩量,低,情绪退潮,观望,资金观望型,,D,回避：资金观望,-0.8
002184,海得控制,9.8,-58.1,0.64,7.7,-6.71,-8944318,-7807876,-22678170,746746,-605894,-2241695,缩量,低,情绪退潮,观望,资金观望型,,D,回避：资金观望,-2.2
002185,华天科技,16.46,-71.2,2.73,85.6,-8.46,-1542749928,-238389549,-797852320,-348558145,-239828885,401041065,缩量,低,情绪退潮,观望,资金观望型,,D,回避：资金观望,-2.8
002186,全 聚 德,9.61,70.7,0.78,-48.8,-0.6,-1011590,-8951243,-601089,3239425,-117902,-9411957,放量,低,游资情绪,观望,资金观望型,,D,回避：资金观望,7.8
002120,韵达股份,6.82,-50.9,0.53,17.1,-0.97,-6987964,-28457072,-93482101,732760,4060799,-400539,缩量,低,情绪退潮,吸筹,资金撤退型,机构吸筹+盈利(关注),C,谨慎：资金流入未验证业绩,23.7
002128,电投能源,27.9,-26.3,0.68,7.6,-1.93,-30527937,-22104326,-238494184,16353229,12087529,-8000632,缩量,低,情绪退潮,吸筹,资金观望型,机构吸筹+盈利(关注),C,谨慎：资金流入未验证业绩,23.4
002129,TCL中环,9.2,-61.7,2.03,79.4,13.51,472702385,393862987,10347362,41954426,22589944,-18861570,缩量,高,主力控盘,控盘,资金观望型,控盘+亏损(警惕),C,谨慎：控盘但亏损,28.5
002130,沃尔核材,15.71,-66.0,0.52,-46.1,-12.92,-197761741,-368473919,-276216622,6407467,4930780,-1804932,缩量,低,情绪退潮,吸筹,资金观望型,机构吸筹+盈利(关注),C,谨慎：资金流入未验证业绩,19.7
002191,劲嘉股份,3.5,-43.2,0.39,-7.9,-9.47,-14580888,-18965792,-28783691,-5759360,-3448367,2663969,缩量,低,情绪退潮,观望,资金撤退型,,D,回避：资金撤退,-3.2
002192,融捷股份,56.4,-72.1,0.33,-16.9,-7.04,-169756070,-205113512,-802166566,-20280827,-8186776,27748057,缩量,低,情绪退潮,观望,资金撤退型,,D,回避：资金撤退,-2.3
002194,武汉凡谷,9.69,-41.1,0.53,-35.6,-1.28,-17830816,-62366445,440594082,-18748434,-11641681,24400633,缩量,低,情绪退潮,观望,长线吸筹型,,D,回避：资金观望,-0.4
002195,岩山科技,5.92,-81.5,0.74,-21.4,-8.23,-137999850,-126649304,-260396152,-13783643,-5868290,15792134,缩量,低,情绪退潮,观望,资金观望型,,D,回避：资金观望,-2.7
002196,方正电机,10.1,-30.8,0.46,-41.7,-0.8,-8141486,-14873781,92709708,-1611794,-1850771,-220372,缩量,低,情绪退潮,观望,长线吸筹型,,D,回避：资金观望,-0.3
002197,证通电子,6.35,-75.6,1.84,-8.4,0.89,4241725,-2309199,14235656,-3203750,-2628173,-3047363,缩量,低,情绪退潮,观望,资金观望型,,D,回避：资金观望,0.3
002199,东晶电子,11.12,-65.8,1.32,86.8,-5.28,-15447783,-1845280,-20391973,-5121431,-1911044,225058,缩量,低,情绪退潮,观望,资金观望型,,D,回避：资金观望,-1.8
002132,恒星科技,4.03,-75.0,0.51,-38.0,-18.69,-100577024,-85470841,43172739,11338746,8189138,-7104345,缩量,低,情绪退潮,吸筹,高位分歧型,机构吸筹+盈利(关注),C,谨慎：资金流入未验证业绩,17.8
002201,九鼎新材,9.1,19.2,0.13,-31.7,-10.76,-171209000,-259196864,170936310,-8417026,-8307893,26954845,缩量,低,情绪退潮,观望,长线吸筹型,,D,回避：资金观望,-3.6
002202,金风科技,17.22,-69.6,0.34,-17.5,-9.41,-457963663,-1228061987,-1595532309,-2459044,-7291635,3337963,缩量,低,情绪退潮,观望,资金撤退型,,D,回避：资金撤退,-3.1
002203,海亮股份,17.32,-75.9,0.36,-29.6,2.35,31899553,-86056858,182936281,-5118050,-5399845,-3903017,缩量,低,情绪退潮,观望,资金观望型,,D,回避：资金观望,0.8
002204,大连重工,5.33,-5.5,0.53,-17.1,-6.02,-39059482,-16143396,127951497,46393,-97986,-315939,缩量,低,情绪退潮,观望,高位分歧型,,D,回避：资金观望,-2.0
002138,顺络电子,48.24,-67.8,1.48,12.5,1.34,81539402,299756107,389990571,18791942,5317620,-9364021,缩量,低,情绪退潮,进场,均衡流入型,资金+业绩共振(双击候选),B,关注：资金+业绩共振,72.4
002206,海 利 得,4.87,-52.4,0.52,-36.6,-6.97,-11278034,-10469773,-40317824,-1704067,-629053,1276790,缩量,低,情绪退潮,观望,资金观望型,,D,回避：资金观望,-2.3
002208,合肥城建,9.89,-65.8,1.13,2.3,-1.83,-23769258,-21603905,-112981340,-7834859,-5484180,6995349,缩量,低,情绪退潮,观望,资金观望型,,D,回避：资金观望,-0.6
002133,广宇集团,2.94,153.8,0.42,-34.9,2.75,6982226,13942135,-11440841,2173297,-4106878,5294090,放量,低,游资情绪,进场,趋势转多型,资金+业绩共振(双击候选),B,关注：资金+业绩共振,80.9
002210,飞马国际,2.08,-50.7,0.12,-14.7,0.7,2968568,-3663476,11477758,-2442366,-1812056,1064780,缩量,低,情绪退潮,观望,资金观望型,,D,回避：资金观望,0.2
002212,天融信,7.21,139.5,1.42,58.8,-1.26,-61691692,45242863,311235536,-47628346,-39425574,45348969,放量,低,游资情绪,观望,高位分歧型,,D,回避：资金观望,7.6
002213,大为股份,26.7,-45.4,0.24,76.6,-2.85,-40432170,133435807,-41007599,-19711366,-8871905,28804010,缩量,低,情绪退潮,观望,资金观望型,,D,回避：资金观望,-1.0
002214,大立科技,17.65,-42.7,0.73,-13.4,-4.56,-21236541,-4447721,-11441424,-3681009,-5107208,-5355567,缩量,低,情绪退潮,观望,资金观望型,,D,回避：资金观望,-1.5
002215,诺 普 信,9.31,-45.4,0.68,-39.3,-9.72,-52084995,20886100,-37902500,-33809,638414,491836,缩量,低,情绪退潮,观望,资金观望型,,D,回避：资金观望,-3.2
002216,三全食品,11.5,-55.2,0.76,-42.2,-10.64,-22196009,-20359831,-27783863,5222956,5942129,1676028,缩量,低,情绪退潮,观望,资金观望型,,D,回避：资金观望,-3.5
002140,东华科技,9.15,-37.0,0.27,-14.0,-8.29,-19260480,-4395268,-8995571,6201552,4165831,-2260493,缩量,低,情绪退潮,吸筹,资金观望型,机构吸筹+盈利(关注),C,谨慎：资金流入未验证业绩,21.2
002148,北纬科技,6.18,-65.6,1.28,14.5,4.77,16769386,8513390,5944497,1666732,1434338,-2642102,缩量,低,情绪退潮,进场,资金观望型,纯资金炒作(亏损风险),C,谨慎：纯资金炒作,13.6
002221,东华能源,5.61,-64.5,0.84,-39.7,-0.08,-239889,12092325,48494846,-978228,-234841,-1313056,缩量,低,情绪退潮,观望,高位分歧型,,D,回避：资金观望,-0.0
002222,福晶科技,60.64,-64.4,0.39,57.2,-3.06,-189118814,-34038242,-302119455,-26530666,-19059031,27122505,缩量,低,情绪退潮,观望,资金观望型,,D,回避：资金观望,-1.0
002223,鱼跃医疗,26.27,-37.1,1.16,33.1,-0.86,-9071776,-72159525,-135903025,3663078,4902302,11151177,缩量,低,情绪退潮,观望,资金撤退型,,D,回避：资金撤退,-0.3
002163,海南发展,7.51,-41.8,0.6,12.0,0.94,8634821,-63205527,18613946,3759396,2926224,980003,缩量,低,情绪退潮,进场,资金观望型,纯资金炒作(亏损风险),C,谨慎：纯资金炒作,12.3
002225,濮耐股份,3.42,-59.9,0.31,-0.2,-6.9,-20041061,-41397900,-72072113,-7601048,-6158408,3889274,缩量,低,情绪退潮,观望,资金撤退型,,D,回避：资金撤退,-2.3
002142,宁波银行,35.43,-7.4,1.4,-8.3,0.57,22096172,-193080292,84233125,16731047,20506320,-15259001,缩量,低,情绪退潮,吸筹,长线吸筹型,资金+业绩共振(双击候选),B,关注：资金+业绩共振,64.2
002141,贤丰控股,6.3,-44.1,12.62,8.3,5.53,310032700,60676470,282142861,-75189547,-49554310,94979710,缩量,中,主力惜售,进场,资金观望型,资金+业绩共振(双击候选),B,关注：资金+业绩共振,85.8
002229,鸿博股份,10.05,-76.7,0.52,-52.9,-8.07,-74145135,-103427496,-402557278,-6654712,592244,9786785,缩量,低,情绪退潮,观望,资金撤退型,,D,回避：资金撤退,-2.7
002230,科大讯飞,37.22,-79.9,0.7,-19.2,-13.18,-349353219,-710717337,-1246192336,-54394003,-45768047,38691102,缩量,低,情绪退潮,观望,资金撤退型,,D,回避：资金撤退,-4.4
002164,宁波东力,13.26,358.1,0.59,565.6,7.3,228195456,242080802,184152327,172034480,187509617,-109258958,放量,中,主力偏强放量,抢筹,趋势转多型,资金+业绩共振(双击候选),B,关注：资金+业绩共振,98.4
002176,江特电机,8.61,-16.7,0.15,-27.4,-6.91,-98106118,-173877682,-232247425,99938187,81098174,-68484382,缩量,低,情绪退潮,吸筹,资金撤退型,纯资金炒作(亏损风险),C,谨慎：纯资金炒作,1.7
002234,民和股份,7.92,-44.1,0.98,-29.3,-2.76,-4418824,-7099376,-24876266,273042,-1168016,-1608238,缩量,低,情绪退潮,观望,资金撤退型,,D,回避：资金撤退,-0.9
002235,安妮股份,7.53,-76.1,0.39,-34.1,-12.41,-66353118,-121644362,-223469574,-12035525,-8651136,11636758,缩量,低,情绪退潮,观望,资金撤退型,,D,回避：资金撤退,-4.1
002236,大华股份,15.32,-78.1,0.81,-29.7,-12.55,-160962682,-166946848,-455501341,106023,1699277,4537490,缩量,低,情绪退潮,观望,资金撤退型,,D,回避：资金撤退,-4.2
002237,恒邦股份,12.47,-38.3,0.66,-28.3,-2.49,-29747080,-52318865,-221512255,-12839573,-14161191,7930759,缩量,低,情绪退潮,观望,资金撤退型,,D,回避：资金撤退,-0.8
002238,天威视讯,7.08,1112.9,0.75,503.5,-0.85,-17787220,-22722900,-32487661,-26545676,-17216112,22828319,放量,低,游资情绪,观望,资金撤退型,,D,回避：资金撤退,7.7
002239,奥特佳,2.48,-16.8,0.63,1.6,-3.69,-21264068,11037873,-10172462,-4127813,-55358,3665270,缩量,低,情绪退潮,观望,资金观望型,,D,回避：资金观望,-1.2
002240,盛新锂能,25.01,-74.9,0.36,-15.4,-9.31,-234351689,-256261432,-851894441,-22971488,-17528310,22347433,缩量,低,情绪退潮,观望,资金撤退型,,D,回避：资金撤退,-3.1
002182,宝武镁业,11.0,-72.6,0.74,-38.9,-6.23,-27296871,-24229666,-8483766,12599426,8368135,-2273918,缩量,低,情绪退潮,吸筹,资金观望型,纯资金炒作(亏损风险),C,谨慎：纯资金炒作,1.9
002188,中天服务,6.4,187.8,0.43,37.8,0.22,910129,-8571450,-3028588,46645886,59347863,-20201889,放量,低,游资情绪,抢筹,资金观望型,资金+业绩共振(双击候选),B,关注：资金+业绩共振,88.1
002243,力合科创,6.95,-65.1,0.98,-23.6,-6.86,-17442229,-37788334,-59741274,1510435,207247,-559907,缩量,低,情绪退潮,观望,资金撤退型,,D,回避：资金撤退,-2.3
002244,滨江集团,10.14,460.0,0.57,110.1,4.6,169881531,156784605,110629230,-26444802,-58537680,-117738535,放量,低,游资情绪,观望,资金观望型,,D,回避：资金观望,9.5
002245,蔚蓝锂芯,16.16,-58.4,0.96,0.9,-5.58,-233594730,-509217695,-322011276,10568699,3562357,-16572402,缩量,低,情绪退潮,观望,资金观望型,,D,回避：资金观望,-1.9
002187,广百股份,5.51,-41.6,1.07,-57.4,0.41,843716,-12271362,-9310953,4165142,1039575,-2785644,缩量,低,情绪退潮,进场,资金观望型,纯资金炒作(亏损风险),C,谨慎：纯资金炒作,12.1
002247,聚力文化,2.48,-25.7,0.74,-3.0,-0.87,-1779459,-6474213,8981721,-1463578,1067689,2521769,缩量,低,情绪退潮,观望,长线吸筹型,,D,回避：资金观望,-0.3
002248,华东数控,9.16,-35.9,0.82,50.2,-2.36,-12653081,57017627,-9216712,-616844,-7543652,-14099677,缩量,低,情绪退潮,观望,资金观望型,,D,回避：资金观望,-0.8
002249,大洋电机,6.41,-61.6,0.56,-33.0,-3.13,-22567275,-30122347,-100562447,-10171191,-5765332,8369416,缩量,低,情绪退潮,观望,资金撤退型,,D,回避：资金撤退,-1.0
002189,中光学,19.21,23.5,0.36,-45.4,2.73,7339230,662795,-26333296,1516414,2218467,-7960958,缩量,低,情绪退潮,进场,资金观望型,纯资金炒作(亏损风险),C,谨慎：纯资金炒作,12.9
002251,步步高,3.45,-52.6,2.06,-52.8,-8.37,-84040784,-96583085,-59074919,14497622,10531066,-13306062,缩量,低,情绪退潮,观望,资金观望型,,D,回避：资金观望,-2.8
002252,上海莱士,5.32,39.5,1.8,45.9,1.41,23762045,34419266,144637145,-24964433,-18550462,25697202,缩量,低,情绪退潮,观望,长线吸筹型,,D,回避：资金观望,0.5
002200,交投生态,6.86,-46.4,2.26,11.2,3.74,5442588,3203676,6907389,963212,0,1225983,缩量,低,情绪退潮,进场,资金观望型,纯资金炒作(亏损风险),C,谨慎：纯资金炒作,13.2
002254,泰和新材,11.35,-67.0,0.95,1.6,-3.06,-24557772,-58712156,-136626219,-14051981,-13213941,15858877,缩量,低,情绪退潮,观望,资金撤退型,,D,回避：资金撤退,-1.0
002255,海陆重工,7.26,-80.5,0.49,-22.0,-7.79,-16140801,-9184987,-41494061,-1439067,527958,2139730,缩量,低,情绪退潮,观望,资金观望型,,D,回避：资金观望,-2.6
002256,兆新股份,3.12,-75.2,0.18,-33.2,-4.21,-15294991,-40058757,-41420639,-8039452,-6910329,6356025,缩量,低,情绪退潮,观望,资金撤退型,,D,回避：资金撤退,-1.4
002258,利尔化学,13.88,-73.5,2.19,-46.0,-9.97,-108733117,-158033284,-146659625,-5883963,-7247731,5743255,缩量,低,情绪退潮,观望,资金观望型,,D,回避：资金观望,-3.3
002259,升达林业,5.01,215.0,0.17,213.4,2.76,29134178,77662535,71751712,-6298323,-2605136,-5968146,放量,低,游资情绪,观望,趋势转多型,,D,回避：资金观望,8.9
002261,拓维信息,23.72,-80.2,0.51,13.5,-12.45,-336654671,-271248280,-461189494,-68580242,-41023376,79082326,缩量,低,情绪退潮,观望,资金观望型,,D,回避：资金观望,-4.1
002190,成飞集成,22.94,-62.0,1.32,-71.1,0.45,1651256,-16208211,-20416864,6827315,-304446,-8453293,缩量,低,情绪退潮,进场,资金观望型,纯资金炒作(亏损风险),C,谨慎：纯资金炒作,12.2
002263,大东南,3.19,-13.5,0.21,23.3,0.23,1529779,20190019,10665296,-12638068,-9752136,16326779,缩量,低,情绪退潮,观望,趋势转多型,,D,回避：资金观望,0.1
002264,新 华 都,7.4,195.4,0.66,93.3,2.91,80934473,99385452,302316750,-8043370,-5110425,13173616,放量,低,游资情绪,观望,均衡流入型,,D,回避：资金观望,9.0
002205,国统股份,12.16,955.9,0.53,249.6,8.82,107515426,105977603,101737795,2386394,7823918,-6225227,放量,中,主力偏强放量,吸筹,资金观望型,纯资金炒作(亏损风险),C,谨慎：纯资金炒作,22.9
002209,达 意 隆,13.18,-31.0,0.17,-34.2,0.11,228785,-842671,-36257679,1086450,551751,1504459,缩量,低,情绪退潮,进场,资金观望型,资金+业绩共振(双击候选),B,关注：资金+业绩共振,72.0
002218,拓日新能,3.83,-41.4,0.41,56.8,-0.41,-4720345,114359329,321169627,13059939,17843261,-4538888,缩量,低,情绪退潮,吸筹,高位分歧型,纯资金炒作(亏损风险),C,谨慎：纯资金炒作,3.9
002268,电科网安,14.86,6.0,1.66,53.1,-1.56,-16966869,16288223,-24819496,-20275605,-13886142,9060285,缩量,低,情绪退潮,观望,资金观望型,,D,回避：资金观望,-0.5
002269,美邦服饰,1.39,-20.9,0.54,-3.0,-1.33,-4098940,18289442,-3169393,5144883,8673463,904195,缩量,低,情绪退潮,观望,资金观望型,,D,回避：资金观望,-0.4
002270,华明装备,17.04,-65.2,0.59,-6.3,-1.98,-16204322,-41203901,-116065241,7602517,1599235,-18339611,缩量,低,情绪退潮,观望,资金撤退型,,D,回避：资金撤退,-0.7
002219,新里程,2.1,-51.6,1.22,-14.3,4.88,36991362,27740100,62883188,4030810,2864360,-1052825,缩量,低,情绪退潮,吸筹,资金观望型,资金+业绩共振(双击候选),B,关注：资金+业绩共振,65.6
002272,川润股份,13.99,-62.6,0.57,2.6,-8.79,-120810882,-193096720,-226174513,5548719,7331078,-14775913,缩量,低,情绪退潮,观望,资金撤退型,,D,回避：资金撤退,-2.9
002224,三 力 士,3.77,60.6,0.58,-67.4,0.08,152307,-11337256,64449318,1543806,479033,-5115707,放量,低,游资情绪,抢筹,长线吸筹型,资金+业绩共振(双击候选),B,关注：资金+业绩共振,88.0
002274,华昌化工,5.81,-58.7,0.58,-70.4,-10.13,-46185135,-87436296,-79893172,-7300714,-6895261,2469288,缩量,低,情绪退潮,观望,资金观望型,,D,回避：资金观望,-3.4
002275,桂林三金,12.22,-52.5,0.64,-35.8,-3.74,-2413286,-6236986,-6529252,1837794,0,420376,缩量,低,情绪退潮,观望,资金撤退型,,D,回避：资金撤退,-1.2
002276,万马股份,9.86,-61.1,0.55,-19.8,-7.27,-30398341,-35330134,-70938064,6117396,447039,4270775,缩量,低,情绪退潮,观望,资金撤退型,,D,回避：资金撤退,-2.4
002277,友阿股份,4.81,-11.0,0.66,-19.0,-12.32,-60070357,-100802431,-154692529,-17000743,-11358458,15756537,缩量,低,情绪退潮,观望,资金撤退型,,D,回避：资金撤退,-4.1
002232,启明信息,16.48,593.6,0.81,423.4,4.05,74318720,93162659,125074261,16231305,20587967,-13413583,放量,低,游资情绪,吸筹,均衡流入型,资金+业绩共振(双击候选),B,关注：资金+业绩共振,73.3
002279,久其软件,6.54,-67.7,1.14,-35.0,0.37,3161822,-32698796,-49904922,-10975307,-7589953,12481019,缩量,低,情绪退潮,观望,资金观望型,,D,回避：资金观望,0.1
002281,光迅科技,164.88,-70.2,0.74,14.7,-8.16,-1659811641,-449755420,445049704,-6503817,-53917015,-68667732,缩量,低,情绪退潮,观望,资金观望型,,D,回避：资金观望,-2.7
002282,博深股份,6.06,-33.7,0.67,-0.7,-6.9,-6632818,-5231274,-17830853,367721,1226681,-1886825,缩量,低,情绪退潮,观望,资金观望型,,D,回避：资金观望,-2.3
002283,天润工业,7.52,-40.2,0.36,-1.4,-7.35,-57649051,-68812732,-98279217,-5850755,-5598496,6833655,缩量,低,情绪退潮,观望,资金撤退型,,D,回避：资金撤退,-2.4
002284,亚太股份,9.29,-45.7,0.42,-56.4,-8.6,-49952574,-56545453,-70224396,-2524838,-4265847,2772635,缩量,低,情绪退潮,观望,资金撤退型,,D,回避：资金撤退,-2.9
002228,合兴包装,3.23,-19.2,0.73,21.6,7.14,26514649,48885124,53171238,2125974,531551,2216942,缩量,中,主力惜售,进场,主力强攻型,资金+业绩共振(双击候选),B,关注：资金+业绩共振,86.4
002226,江南化工,5.34,258.8,0.97,119.7,-4.67,-46552822,-42711457,-79306232,116360322,113455701,-57562633,放量,低,游资情绪,抢筹,资金观望型,机构吸筹+盈利(关注),C,谨慎：资金流入未验证业绩,46.4
002287,奇正藏药,19.38,-67.6,1.73,-8.0,-3.52,-4164490,-981753,-7475450,-785578,0,1569290,缩量,低,情绪退潮,观望,资金观望型,,D,回避：资金观望,-1.2
002289,宇顺电子,33.2,-71.1,2.4,-26.1,-0.07,-327692,-17859071,-56338211,1343316,-1469566,1475309,缩量,低,情绪退潮,观望,资金撤退型,,D,回避：资金撤退,-0.0
002242,九阳股份,12.5,456.5,0.28,52.5,5.87,76660133,104482071,200496354,22539243,38601811,-6828690,放量,中,主力偏强放量,抢筹,主力建仓型,资金+业绩共振(双击候选),B,关注：资金+业绩共振,98.0
002291,遥望科技,5.48,-24.8,0.71,-37.1,2.26,21280239,33237312,25670882,-1266257,-401604,958416,缩量,低,情绪退潮,观望,趋势转多型,,D,回避：资金观望,0.8
002292,奥飞娱乐,8.47,-19.8,1.78,4.2,-2.74,-50057516,-50990843,-146157378,-24633486,-9957684,4970680,缩量,低,情绪退潮,观望,资金撤退型,,D,回避：资金撤退,-0.9
002293,罗莱生活,10.68,-49.1,0.59,-24.4,-14.03,-26022240,-35195605,-63699243,-3539894,-1036732,8697705,缩量,低,情绪退潮,观望,资金撤退型,,D,回避：资金撤退,-4.7
002294,信立泰,30.66,-72.8,1.74,-12.1,-7.17,-84771343,-125502108,-256569460,-15963807,-922184,28509548,缩量,低,情绪退潮,观望,资金撤退型,,D,回避：资金撤退,-2.4
002295,精艺股份,9.77,80.9,0.36,-27.1,-1.31,-5493140,-27499924,-8773287,-811206,-1109151,-509227,放量,低,游资情绪,观望,资金观望型,,D,回避：资金观望,7.6
002296,辉煌科技,9.42,20.9,0.43,14.0,0.69,4178961,22015918,2536640,-9437032,-7474981,5903969,缩量,低,情绪退潮,观望,趋势转多型,,D,回避：资金观望,0.2
002297,博云新材,19.7,-18.3,0.23,-45.4,-0.42,-34655837,-402261712,768502114,-95048987,-72419431,157876160,缩量,低,情绪退潮,观望,长线吸筹型,,D,回避：资金观望,-0.1
002298,中电鑫龙,8.76,-23.7,0.6,42.1,-0.89,-18897452,135637046,74779122,-52107018,-42238794,41576084,缩量,低,情绪退潮,观望,资金观望型,,D,回避：资金观望,-0.3
002299,圣农发展,15.6,-59.0,0.81,-30.5,-4.75,-22896132,-29545458,-66566355,574847,-94747,-2573814,缩量,低,情绪退潮,观望,资金撤退型,,D,回避：资金撤退,-1.6
002300,太阳电缆,7.68,-30.4,0.83,-7.9,-3.22,-65172844,271045099,488787668,-16650930,-5290585,19506779,缩量,低,情绪退潮,观望,高位分歧型,,D,回避：资金观望,-1.1
002301,齐心集团,8.56,48.0,0.95,173.8,2.09,37092193,29374335,-12985450,-31126967,-23358405,14289884,缩量,低,情绪退潮,观望,资金观望型,,D,回避：资金观望,0.7
002302,西部建设,4.72,-44.7,0.66,2.9,1.88,3387777,4732349,-1758125,-3877217,-1472004,3979614,缩量,低,情绪退潮,观望,趋势转多型,,D,回避：资金观望,0.6
002241,歌尔股份,22.79,-37.7,0.85,53.0,3.9,342984458,379227376,-473115219,90426772,-39171824,-141892990,缩量,低,情绪退潮,进场,趋势转多型,资金+业绩共振(双击候选),B,关注：资金+业绩共振,73.3
002304,洋河股份,37.25,-35.4,1.13,-15.5,-0.21,-1840688,3191832,-19317041,17271210,10031876,-12400558,缩量,低,情绪退潮,观望,资金观望型,,D,回避：资金观望,-0.1
002307,北新路桥,2.97,-23.8,0.82,-10.0,-2.96,-8930371,-10503671,-31336911,-1197912,625009,3468933,缩量,低,情绪退潮,观望,资金撤退型,,D,回避：资金撤退,-1.0
002309,中利集团,2.79,-81.2,0.4,-10.6,-2.8,-28806948,-54492135,-69660874,-11110486,-4071825,11670822,缩量,低,情绪退潮,观望,资金撤退型,,D,回避：资金撤退,-0.9
002310,东方新能,2.23,-73.1,0.42,-0.6,1.03,8367050,2525442,19166812,-10064103,-6807697,5398466,缩量,低,情绪退潮,观望,资金观望型,,D,回避：资金观望,0.3
002311,海大集团,42.0,-35.4,0.74,-26.4,1.27,20475592,32180842,-4645975,-23164354,-11694375,-14745914,缩量,低,情绪退潮,观望,趋势转多型,,D,回避：资金观望,0.4
002312,川发龙蟒,8.16,-50.6,0.46,-59.4,-10.99,-78677784,-103817026,-100283909,4860670,1464875,-3687888,缩量,低,情绪退潮,观望,资金观望型,,D,回避：资金观望,-3.7
002233,塔牌集团,6.86,6.6,0.78,46.4,10.3,62328248,109828962,140750556,3598832,2694131,4774161,缩量,高,主力控盘,控盘,主力强攻型,控盘+盈利(稳健),B,关注：控盘稳健+盈利,71.4
002246,北化股份,25.41,86.1,0.63,124.2,-6.13,-311086033,-117548631,-306573955,79072171,80194273,-64143923,放量,低,游资情绪,吸筹,资金观望型,机构吸筹+盈利(关注),C,谨慎：资金流入未验证业绩,30.0
002253,川大智胜,8.8,55.9,0.55,75.0,-0.58,-3159003,-9890036,-31242272,1811711,2124097,-1436054,放量,低,游资情绪,抢筹,资金撤退型,纯资金炒作(亏损风险),C,谨慎：纯资金炒作,27.8
002250,联化科技,14.24,-62.1,1.03,-36.8,6.04,43734799,10331121,-17611651,-4534663,-5712682,18715209,缩量,中,主力惜售,进场,资金观望型,资金+业绩共振(双击候选),B,关注：资金+业绩共振,86.0
002317,众生药业,24.03,-48.5,0.98,14.1,-4.25,-105588277,-115338634,-12786787,-17206120,-17341631,-24778880,缩量,低,情绪退潮,观望,资金观望型,,D,回避：资金观望,-1.4
002265,建设工业,18.92,-64.7,1.13,-63.0,-8.42,-66390223,-116226527,50032792,2834037,5081113,-3047132,缩量,低,情绪退潮,吸筹,长线吸筹型,机构吸筹+盈利(关注),C,谨慎：资金流入未验证业绩,21.2
002319,乐通股份,10.14,-42.9,1.52,-12.4,-13.52,-46822208,-73395771,-120174264,-1706756,-2860978,-2878216,缩量,低,情绪退潮,观望,资金撤退型,,D,回避：资金撤退,-4.5
002262,恩华药业,22.73,119.9,1.08,43.6,-2.64,-30670872,-40769516,-58703142,47257162,82612997,-1342691,放量,低,游资情绪,抢筹,资金撤退型,机构吸筹+盈利(关注),C,谨慎：资金流入未验证业绩,47.1
002267,陕天然气,7.21,-41.4,0.59,-63.2,3.25,4493131,-6196704,-56172624,1155814,1296940,-916970,缩量,低,情绪退潮,吸筹,资金观望型,资金+业绩共振(双击候选),B,关注：资金+业绩共振,65.1
002322,理工能科,11.86,-44.1,0.97,-23.2,3.61,10309474,-1423724,-61844068,-4490462,-2983034,2956855,缩量,低,情绪退潮,观望,资金观望型,,D,回避：资金观望,1.2
002324,普利特,8.78,-52.7,0.36,-45.8,0.39,2522412,-17191043,7256718,-5613440,-6770049,10405448,缩量,低,情绪退潮,观望,资金观望型,,D,回避：资金观望,0.1
002266,浙富控股,4.63,-53.9,0.37,8.1,-4.87,-69186572,-32750459,35424716,12083269,7965075,-7731657,缩量,低,情绪退潮,吸筹,高位分歧型,机构吸筹+盈利(关注),C,谨慎：资金流入未验证业绩,22.4
002327,富安娜,6.13,-55.8,0.52,-44.9,-4.21,-3225176,970075,-3066518,501732,0,1648263,缩量,低,情绪退潮,观望,资金观望型,,D,回避：资金观望,-1.4
002328,新朋股份,8.11,23.6,0.24,-44.0,-5.16,-125455988,-57649307,-106156050,-52963016,-30896010,71713624,缩量,低,情绪退潮,观望,资金观望型,,D,回避：资金观望,-1.7
002273,水晶光电,24.4,37.7,0.56,38.4,-3.75,-200203355,-371064475,-646182009,344748051,305557533,-264122710,缩量,低,情绪退潮,吸筹,资金撤退型,机构吸筹+盈利(关注),C,谨慎：资金流入未验证业绩,22.8
002271,东方雨虹,10.61,10.5,0.49,-21.0,-3.98,-82307208,60181572,-5763875,72106691,66466328,-36667495,缩量,低,情绪退潮,吸筹,资金观望型,机构吸筹+盈利(关注),C,谨慎：资金流入未验证业绩,22.7
002278,神开股份,7.97,100.9,0.61,-56.5,7.19,43398756,29867897,43306988,-21227488,-16646177,13118206,放量,中,主力偏强放量,进场,资金观望型,资金+业绩共振(双击候选),B,关注：资金+业绩共振,90.4
002332,仙琚制药,8.64,-6.9,1.68,-29.8,-5.4,-21993377,-27535573,-51765736,-37038497,-34917123,30592846,缩量,低,情绪退潮,观望,资金撤退型,,D,回避：资金撤退,-1.8
002285,世联行,3.02,1019.9,0.34,253.0,3.29,183538315,351687839,489024714,-16848784,3147222,-994865,放量,低,游资情绪,吸筹,主力建仓型,纯资金炒作(亏损风险),C,谨慎：纯资金炒作,13.1
002334,英威腾,6.39,-54.6,0.2,-35.9,-4.77,-13663717,-20719805,-21031914,-3044412,-4891254,1838908,缩量,低,情绪退潮,观望,资金撤退型,,D,回避：资金撤退,-1.6
002290,禾盛新材,68.08,-22.5,0.39,47.9,5.24,189824550,177039708,342756916,23948899,19371285,-32966481,缩量,中,主力惜售,进场,资金观望型,资金+业绩共振(双击候选),B,关注：资金+业绩共振,85.7
002337,赛象科技,4.73,-15.0,0.68,52.6,-4.55,-14946825,-15835673,-24999624,4090021,0,-3319568,缩量,低,情绪退潮,观望,资金撤退型,,D,回避：资金撤退,-1.5
002338,奥普光电,41.91,-46.7,0.73,129.2,4.78,69774248,80899699,40007902,-14759751,-2224692,14188048,缩量,低,情绪退潮,观望,趋势转多型,,D,回避：资金观望,1.6
002313,日海智能,8.76,80.8,0.27,210.6,6.93,95920845,94780594,73710062,-18018771,-8723112,39856930,放量,中,主力偏强放量,进场,资金观望型,纯资金炒作(亏损风险),C,谨慎：纯资金炒作,30.3
002286,保龄宝,8.32,74.4,0.6,-30.4,2.65,30468288,21492612,45923837,1985493,2024516,-4859059,放量,低,游资情绪,进场,资金观望型,资金+业绩共振(双击候选),B,关注：资金+业绩共振,80.9
002303,美盈森,6.8,154.6,5.14,204.1,3.01,150979271,308273245,226200614,63027937,41366635,-48550799,放量,低,游资情绪,进场,趋势转多型,资金+业绩共振(双击候选),B,关注：资金+业绩共振,81.0
002343,慈文传媒,5.64,-9.1,0.79,-59.5,-0.88,-3272994,-10775191,62205331,-3550876,-1904676,5523999,缩量,低,情绪退潮,观望,长线吸筹型,,D,回避：资金观望,-0.3
002344,海宁皮城,4.02,17.5,0.54,-17.1,-1.8,-2976643,-16106074,-32188675,-1852381,3235058,1105762,缩量,低,情绪退潮,观望,资金撤退型,,D,回避：资金撤退,-0.6
002345,潮宏基,8.3,-71.5,0.94,-50.2,-4.59,-19935041,-34054897,-122793338,4866345,-1570746,3389128,缩量,低,情绪退潮,观望,资金撤退型,,D,回避：资金撤退,-1.5
002346,柘中股份,17.81,-60.9,2.89,-4.9,-3.62,-19219198,4745241,62584041,1582905,2342474,-8405679,缩量,低,情绪退潮,观望,高位分歧型,,D,回避：资金观望,-1.2
002315,焦点科技,24.81,-56.0,0.75,17.5,5.06,54350398,29063271,17013045,-5959841,-10041062,6192008,缩量,中,主力惜售,进场,资金观望型,资金+业绩共振(双击候选),B,关注：资金+业绩共振,85.7
002348,高乐股份,10.65,-78.3,0.67,-3.3,1.54,9111243,-22926328,-5328724,-193689,-1141953,-2585619,缩量,低,情绪退潮,观望,资金观望型,,D,回避：资金观望,0.5
002314,南山控股,2.43,289.4,0.49,78.9,-0.32,-1965824,4430119,10574935,9048762,10260741,2032330,放量,低,游资情绪,抢筹,资金观望型,纯资金炒作(亏损风险),C,谨慎：纯资金炒作,27.9
002350,北京科锐,13.43,-82.7,0.51,-29.7,-18.14,-61024682,-87203701,-81289209,-1471089,652129,-3849786,缩量,低,情绪退潮,观望,资金观望型,,D,回避：资金观望,-6.0
002351,漫步者,9.84,-62.2,1.31,-4.8,-6.6,-15090951,-4707251,-27781416,-1100047,-217360,-2629263,缩量,低,情绪退潮,观望,资金观望型,,D,回避：资金观望,-2.2
002352,顺丰控股,30.67,-50.3,0.66,-9.4,-0.87,-15323590,104521776,-135169627,-3483366,-12776148,23481863,缩量,低,情绪退潮,观望,资金观望型,,D,回避：资金观望,-0.3
002353,杰瑞股份,110.22,-68.8,0.95,-4.9,-7.67,-693292287,31737962,36051977,608312,-611916,-40046769,缩量,低,情绪退潮,观望,资金观望型,,D,回避：资金观望,-2.6
002354,天娱数科,7.16,-75.2,2.23,-48.4,-4.2,-213143833,-231493306,-183382422,-43909837,-17641283,56686667,缩量,低,情绪退潮,观望,资金观望型,,D,回避：资金观望,-1.4
002355,兴民智通,4.61,-65.8,0.51,-24.2,0.04,80042,-15556098,-12455694,-3456043,-2143631,4794862,缩量,低,情绪退潮,观望,资金观望型,,D,回避：资金观望,0.0
002356,鹏飞绿能,2.69,56.6,0.28,0.5,-4.81,-10790267,-14911643,-31500414,4756478,1579327,-7188013,放量,低,游资情绪,观望,资金撤退型,,D,回避：资金撤退,6.4
002316,亚联发展,4.95,156.1,0.53,-0.5,1.23,4981089,-30428451,-20390607,62451353,83811792,-27670322,放量,低,游资情绪,抢筹,资金观望型,资金+业绩共振(双击候选),B,关注：资金+业绩共振,88.4
002358,森源电气,5.13,-77.7,0.61,-14.0,-7.48,-19044134,-20719689,-31770280,16956,-1058013,-385156,缩量,低,情绪退潮,观望,资金撤退型,,D,回避：资金撤退,-2.5
002361,神剑股份,9.58,-40.7,0.21,-23.9,-0.79,-28251416,1568021,62705488,-6005104,3227754,24951348,缩量,低,情绪退潮,观望,资金观望型,,D,回避：资金观望,-0.3
002362,汉王科技,15.77,16.0,0.76,82.1,-4.12,-19372610,20277516,26151496,-2320994,1765947,-2753095,缩量,低,情绪退潮,观望,资金观望型,,D,回避：资金观望,-1.4
002363,隆基机械,6.95,25.8,0.47,-3.0,0.94,1456758,4319541,-1918533,-4525232,-202690,4129541,缩量,低,情绪退潮,观望,趋势转多型,,D,回避：资金观望,0.3
002364,中恒电气,32.14,-84.1,0.77,-32.3,-7.46,-177946214,-226052721,-444983041,-24828553,-12237278,45005638,缩量,低,情绪退潮,观望,资金撤退型,,D,回避：资金撤退,-2.5
002365,永安药业,13.48,-7.2,2.51,-44.6,-0.29,-4513783,-66298614,-177181463,2443635,362547,-4480740,缩量,低,情绪退潮,观望,资金撤退型,,D,回避：资金撤退,-0.1
002366,融发核电,5.49,-87.4,0.93,-58.9,-7.02,-31399417,-73948678,-196211409,-835704,603978,2979747,缩量,低,情绪退潮,观望,资金撤退型,,D,回避：资金撤退,-2.3
002318,久立特材,17.83,-52.6,0.68,-34.0,4.94,27289850,46218260,23002335,8155245,7099961,-1546450,缩量,低,情绪退潮,吸筹,趋势转多型,资金+业绩共振(双击候选),B,关注：资金+业绩共振,65.6
002368,太极股份,12.62,-64.2,0.43,-14.9,-8.83,-35375812,-56395047,-73710418,3426330,2988268,-3901441,缩量,低,情绪退潮,观望,资金撤退型,,D,回避：资金撤退,-2.9
002369,卓翼科技,5.56,-77.4,1.62,-40.2,-0.85,-1801689,-12239940,-60347468,-601443,577196,1743886,缩量,低,情绪退潮,观望,资金撤退型,,D,回避：资金撤退,-0.3
002370,亚太药业,5.16,-67.9,1.45,-38.3,-6.09,-20069090,-22836719,34851396,279901,493930,7280749,缩量,低,情绪退潮,观望,长线吸筹型,,D,回避：资金观望,-2.0
002371,北方华创,615.97,-64.5,1.38,8.6,-2.45,-367745164,1030735854,293462782,-228011135,-308720491,-530000,缩量,低,情绪退潮,观望,资金观望型,,D,回避：资金观望,-0.8
002320,海峡股份,6.33,-3.7,0.65,-57.4,-4.42,-52932914,-112721135,97416990,474343,3034444,-2667464,缩量,低,情绪退潮,吸筹,长线吸筹型,机构吸筹+盈利(关注),C,谨慎：资金流入未验证业绩,22.5
002373,千方科技,7.35,-58.4,0.75,-16.7,-1.53,-5829973,-15291967,-59878158,1737369,-2162272,-2934968,缩量,低,情绪退潮,观望,资金撤退型,,D,回避：资金撤退,-0.5
002374,中锐股份,3.36,22.5,1.15,62.6,-1.58,-6759688,-525858,-23965657,-2125523,-3305997,386036,缩量,低,情绪退潮,观望,资金观望型,,D,回避：资金观望,-0.5
002321,华英农业,2.04,257.8,0.83,174.8,5.88,83859500,215552568,193142638,3996418,-6892435,-6625625,放量,中,主力偏强放量,进场,短线抢筹型,纯资金炒作(亏损风险),C,谨慎：纯资金炒作,30.0
002376,新北洋,6.55,-54.8,1.1,10.6,-1.95,-5993189,-2590941,-23200971,787048,2217558,1663955,缩量,低,情绪退潮,观望,资金观望型,,D,回避：资金观望,-0.7
002326,永太科技,16.47,-76.2,0.6,-15.7,-7.15,-73423858,-154070086,-286549822,14170499,7367724,-7077731,缩量,低,情绪退潮,吸筹,资金撤退型,纯资金炒作(亏损风险),C,谨慎：纯资金炒作,1.6
002378,章源钨业,21.13,-81.5,0.32,-9.9,-12.05,-172421285,-161273934,-413717163,-5229900,3527407,10856251,缩量,低,情绪退潮,观望,资金观望型,,D,回避：资金观望,-4.0
002379,宏桥控股,16.28,-84.0,1.83,-46.8,-3.58,-65688363,-95876278,-62187467,-5911193,-276251,-183657,缩量,低,情绪退潮,观望,资金观望型,,D,回避：资金观望,-1.2
002380,科远智慧,26.29,-72.7,0.52,-38.0,-3.37,-10228792,25069408,40352849,-3662766,-1641456,-485121,缩量,低,情绪退潮,观望,高位分歧型,,D,回避：资金观望,-1.1
002381,双箭股份,5.64,-36.3,0.54,-26.7,0.55,453869,2144861,-261065,-689894,0,145932,缩量,低,情绪退潮,观望,趋势转多型,,D,回避：资金观望,0.2
002330,得利斯,4.11,-19.2,1.18,-28.6,4.43,7977817,12606130,15494370,2660361,933097,-7104454,缩量,低,情绪退潮,进场,主力建仓型,纯资金炒作(亏损风险),C,谨慎：纯资金炒作,13.5
002383,合众思壮,7.68,181.4,0.49,22.0,-1.4,-19826570,135186231,267904259,-7888319,4654040,27778193,放量,低,游资情绪,观望,高位分歧型,,D,回避：资金观望,7.5
002384,东山精密,167.4,-75.7,1.18,-8.1,-10.38,-3978622207,-3495754646,-5450937534,-632061100,-642230387,677975112,缩量,低,情绪退潮,观望,资金观望型,,D,回避：资金观望,-3.5
002335,科华数据,29.93,-24.6,0.31,93.9,6.97,410962165,337640695,226383038,-6132359,-11415748,18803954,缩量,中,主力惜售,进场,资金观望型,资金+业绩共振(双击候选),B,关注：资金+业绩共振,86.3
002386,天原股份,5.85,-42.8,0.2,2.0,-8.43,-31478600,-34801043,-43819968,4808396,3752500,496195,缩量,低,情绪退潮,观望,资金撤退型,,D,回避：资金撤退,-2.8
002387,维信诺,6.7,-54.3,1.4,-4.0,-12.84,-38267445,-36541808,-49243620,4334752,2650187,-4525837,缩量,低,情绪退潮,观望,资金观望型,,D,回避：资金观望,-4.3
002329,皇氏集团,3.71,-65.6,1.3,-38.5,8.61,34721175,22153442,18053202,3330466,1390703,-4937098,缩量,中,主力惜售,进场,资金观望型,纯资金炒作(亏损风险),C,谨慎：纯资金炒作,26.9
002389,航天彩虹,18.11,-56.4,0.6,-50.5,-6.35,-61696479,-249676558,-198235326,2704074,1688174,-9741952,缩量,低,情绪退潮,观望,资金观望型,,D,回避：资金观望,-2.1
002390,信邦制药,2.96,-33.5,0.75,-17.1,-1.24,-3985885,2781183,5568105,-4607140,-2469198,5698656,缩量,低,情绪退潮,观望,资金观望型,,D,回避：资金观望,-0.4
002391,长青股份,5.14,-52.9,0.69,-27.2,-2.83,-4503968,13744277,3197241,-2225386,-2435266,3586478,缩量,低,情绪退潮,观望,资金观望型,,D,回避：资金观望,-0.9
002392,北京利尔,7.42,-59.7,0.22,-28.4,-7.18,-19421746,-34499248,-89316036,-1547545,-619716,1383582,缩量,低,情绪退潮,观望,资金撤退型,,D,回避：资金撤退,-2.4
002393,力生制药,14.08,-40.7,0.95,-15.4,-4.85,-5609284,-924488,-9962616,956897,-731591,1696346,缩量,低,情绪退潮,观望,资金观望型,,D,回避：资金观望,-1.6
002394,联发股份,10.15,15.1,0.37,-10.5,-2.57,-7689867,-17433376,-15709970,3758222,188056,-8742152,缩量,低,情绪退潮,观望,资金观望型,,D,回避：资金观望,-0.9
002333,罗普斯金,5.47,28.0,0.63,76.4,5.46,24877930,32135175,-4719878,-4237595,-1823091,1317884,缩量,中,主力惜售,进场,短线抢筹型,资金+业绩共振(双击候选),B,关注：资金+业绩共振,85.8
002396,星网锐捷,32.6,-71.3,3.83,-14.7,-7.54,-722820916,-410761659,-923895314,-84766375,-51006035,80649148,缩量,低,情绪退潮,观望,资金观望型,,D,回避：资金观望,-2.5
002397,梦洁股份,3.59,-34.3,0.25,-34.4,-5.56,-11744716,-33066614,-18922790,-3896127,409595,1769737,缩量,低,情绪退潮,观望,资金观望型,,D,回避：资金观望,-1.9
002398,垒知集团,4.26,-6.0,0.86,13.3,-0.15,-362766,7997257,20997220,1567525,1833804,1764630,缩量,低,情绪退潮,观望,高位分歧型,,D,回避：资金观望,-0.0
002331,皖通科技,6.85,-8.1,0.24,6.2,0.29,753998,-11810942,-45057052,353664,-55566,-4728685,缩量,低,情绪退潮,进场,资金观望型,纯资金炒作(亏损风险),C,谨慎：纯资金炒作,12.1
002400,省广集团,6.36,-68.9,0.48,-30.0,-3.73,-60162094,-78209567,-323131619,-34931691,-20314443,24848842,缩量,低,情绪退潮,观望,资金撤退型,,D,回避：资金撤退,-1.2
002401,中远海科,12.06,-58.3,0.37,-36.8,-5.04,-5694347,1533988,4554095,-601995,-199864,-1317925,缩量,低,情绪退潮,观望,资金观望型,,D,回避：资金观望,-1.7
002402,和而泰,17.62,-70.6,0.53,0.2,-7.3,-88233547,-104389914,-339899685,-21002407,-20536529,10708630,缩量,低,情绪退潮,观望,资金撤退型,,D,回避：资金撤退,-2.4
002403,爱仕达,10.18,149.6,0.68,-46.8,-1.66,-16523822,-113934831,66943924,-5245637,16658,10162855,放量,低,游资情绪,观望,长线吸筹型,,D,回避：资金观望,7.4
002404,嘉欣丝绸,5.79,-34.9,0.6,-18.8,-5.85,-10434862,-9636453,-29353663,-3396123,-1668025,1227049,缩量,低,情绪退潮,观望,资金观望型,,D,回避：资金观望,-1.9
002405,四维图新,5.91,-62.9,0.57,-27.4,-7.11,-43919436,-36314631,-34485924,-7628862,-2294295,11528210,缩量,低,情绪退潮,观望,资金观望型,,D,回避：资金观望,-2.4
002406,远东传动,6.42,-53.2,0.24,-31.7,-3.69,-9103318,-5858618,-30405637,601281,-2222688,-1175668,缩量,低,情绪退潮,观望,资金观望型,,D,回避：资金观望,-1.2
002407,多氟多,29.49,-82.8,1.03,-30.0,-12.06,-808704049,-944402475,-2862336501,-82128508,-72287531,102556810,缩量,低,情绪退潮,观望,资金撤退型,,D,回避：资金撤退,-4.0
002408,齐翔腾达,5.22,-48.6,0.56,-38.2,-3.82,-15153352,-6278585,-14788246,-920015,-1118453,-1999631,缩量,低,情绪退潮,观望,资金观望型,,D,回避：资金观望,-1.3
002409,雅克科技,121.0,-81.1,3.69,-0.2,-3.73,-253459657,67763957,-459434782,-88538310,-35726972,158513954,缩量,低,情绪退潮,观望,资金观望型,,D,回避：资金观望,-1.2
002349,精华制药,8.55,455.1,0.79,-19.7,-1.41,-37347999,108147620,703300273,22410854,30081783,-88482,放量,低,游资情绪,抢筹,高位分歧型,机构吸筹+盈利(关注),C,谨慎：资金流入未验证业绩,47.5
002412,汉森制药,9.07,101.6,1.46,-23.9,-5.91,-121133401,-98427052,-276776261,9706743,10616365,-21966926,放量,低,游资情绪,观望,资金观望型,,D,回避：资金观望,6.0
002342,巨力索具,8.25,82.5,0.12,88.8,9.13,568663193,544988035,664039962,-90147650,-42662689,53038003,放量,中,主力偏强放量,进场,资金观望型,资金+业绩共振(双击候选),B,关注：资金+业绩共振,91.0
002414,高德红外,11.18,-82.3,0.94,-28.5,-12.26,-225636099,-387051551,-695277617,-39356921,-30745457,32171566,缩量,低,情绪退潮,观望,资金撤退型,,D,回避：资金撤退,-4.1
002415,海康威视,32.46,-73.9,1.25,-33.7,-2.38,-114625389,3578474,-2236374884,-7730943,37466964,33295689,缩量,低,情绪退潮,观望,资金观望型,,D,回避：资金观望,-0.8
002416,爱施德,8.98,-71.6,0.57,-36.8,-6.68,-29932669,-21875629,-66247117,-6872241,-2419999,2092574,缩量,低,情绪退潮,观望,资金观望型,,D,回避：资金观望,-2.2
002418,康盛股份,4.37,3.9,0.22,-71.5,-2.62,-34337162,-61729634,-721178799,15045453,9816936,-19032524,缩量,低,情绪退潮,观望,资金撤退型,,D,回避：资金撤退,-0.9
002340,格林美,6.11,-64.0,0.25,-15.2,-10.64,-139514815,-209193358,-510279745,16905683,12764380,-7404900,缩量,低,情绪退潮,吸筹,资金撤退型,机构吸筹+盈利(关注),C,谨慎：资金流入未验证业绩,20.5
002339,积成电子,7.15,7.1,0.68,154.6,-4.27,-39829543,41571631,10573929,1120375,6535498,-157487,缩量,低,情绪退潮,吸筹,资金观望型,机构吸筹+盈利(关注),C,谨慎：资金流入未验证业绩,22.6
002421,达实智能,3.17,-58.1,2.7,-20.2,2.79,48711987,57189673,-43753215,-2988890,-2569307,1530766,缩量,低,情绪退潮,观望,趋势转多型,,D,回避：资金观望,0.9
002347,泰尔股份,6.39,448.3,0.52,95.2,10.06,168661947,169756050,127010165,-19652833,-9942080,16392331,放量,高,主力主导放量🔥(最强),进场,趋势转多型,纯资金炒作(亏损风险),C,谨慎：纯资金炒作,35.4
002423,中粮资本,9.14,-64.1,0.98,-50.2,-3.94,-15126117,-29334695,-126577410,-2267352,-258524,5434023,缩量,低,情绪退潮,观望,资金撤退型,,D,回避：资金撤退,-1.3
002425,凯撒文化,3.09,-58.7,1.78,-46.3,-0.45,-1927593,-15721672,30543350,-3606908,-1702349,953581,缩量,低,情绪退潮,观望,长线吸筹型,,D,回避：资金观望,-0.1
002357,富临运业,11.5,-52.7,0.53,-42.8,-0.55,-1870022,19150169,92772724,4627505,2672479,-1783757,缩量,低,情绪退潮,吸筹,高位分歧型,机构吸筹+盈利(关注),C,谨慎：资金流入未验证业绩,23.8
002427,尤夫股份,4.52,-56.0,0.45,-58.9,-1.4,-2232237,-8484389,-40404651,-1198081,-994906,159293,缩量,低,情绪退潮,观望,资金撤退型,,D,回避：资金撤退,-0.5
002428,云南锗业,86.87,-58.1,0.74,13.6,-4.49,-708357546,-38753829,-1218320560,100596091,83613751,-121253936,缩量,低,情绪退潮,观望,资金观望型,,D,回避：资金观望,-1.5
002429,兆驰股份,7.92,-53.9,0.36,27.4,-2.04,-42725011,7335157,-92631748,-33624614,-34575664,4245468,缩量,低,情绪退潮,观望,资金观望型,,D,回避：资金观望,-0.7
002430,杭氧股份,25.04,-13.3,0.47,-47.4,-5.98,-71205722,-148673577,-595086132,43379764,37267691,-39531518,缩量,低,情绪退潮,观望,资金撤退型,,D,回避：资金撤退,-2.0
002432,九安医疗,60.39,-81.8,1.06,-33.7,-6.88,-210318788,-93408934,-174976821,37818919,35914097,-48269083,缩量,低,情绪退潮,观望,资金观望型,,D,回避：资金观望,-2.3
002367,康力电梯,6.06,96.0,0.93,190.0,-1.15,-12886484,24535727,11891010,3544923,10637031,-2782251,放量,低,游资情绪,抢筹,资金观望型,机构吸筹+盈利(关注),C,谨慎：资金流入未验证业绩,47.6
002372,伟星新材,8.74,39.0,1.13,14.2,-2.48,-10887823,-16912372,-49843798,13454977,8042807,-3122160,缩量,低,情绪退潮,吸筹,资金撤退型,机构吸筹+盈利(关注),C,谨慎：资金流入未验证业绩,23.2
002375,亚厦股份,3.92,46.9,0.4,25.5,3.67,18483090,30865669,34800289,1341030,-102795,-375182,缩量,低,情绪退潮,进场,主力建仓型,资金+业绩共振(双击候选),B,关注：资金+业绩共振,73.2
002377,国创高新,2.96,59.3,0.41,-30.4,-0.74,-4484108,-40199749,-50914846,14095396,9830295,-12874782,放量,低,游资情绪,抢筹,资金撤退型,机构吸筹+盈利(关注),C,谨慎：资金流入未验证业绩,47.8
002439,启明星辰,14.68,10.6,0.46,92.5,0.17,4383631,66162076,-37702307,-40658708,-36951034,36177414,缩量,低,情绪退潮,观望,趋势转多型,,D,回避：资金观望,0.1
002382,蓝帆医疗,6.32,49.1,0.57,62.7,3.39,21131357,-4023405,-12593337,6705450,5290044,-1939571,缩量,低,情绪退潮,吸筹,资金观望型,纯资金炒作(亏损风险),C,谨慎：纯资金炒作,5.1
002385,大北农,3.1,-43.5,0.98,-65.5,-10.97,-81271361,-130371647,-114469188,1178661,990819,-426273,缩量,低,情绪退潮,吸筹,资金观望型,纯资金炒作(亏损风险),C,谨慎：纯资金炒作,0.3
002442,龙星科技,5.35,53.6,0.43,263.8,-0.39,-2652123,-33838067,-40499702,-5777232,-2515531,7316129,放量,低,游资情绪,观望,资金撤退型,,D,回避：资金撤退,7.9
002443,金洲管道,12.67,60.1,0.4,48.9,-9.14,-208281557,-431575875,-351975284,-3110391,-8757455,573409,放量,低,游资情绪,观望,资金观望型,,D,回避：资金观望,5.0
002388,新亚制程,9.1,16.9,2.33,175.2,0.05,1011528,164418615,206250453,75125099,98595536,-38718687,缩量,低,情绪退潮,吸筹,均衡流入型,纯资金炒作(亏损风险),C,谨慎：纯资金炒作,4.0
002445,中南文化,3.08,-32.7,0.17,-36.5,-2.4,-14895620,-1479432,-33755487,-11744553,-8080831,6977849,缩量,低,情绪退潮,观望,资金观望型,,D,回避：资金观望,-0.8
002446,盛路通信,7.58,-64.6,0.65,3.1,-3.18,-30107492,-44594005,-124825055,-17376541,-10079872,10924144,缩量,低,情绪退潮,观望,资金撤退型,,D,回避：资金撤退,-1.1
002448,中原内配,10.9,-56.5,0.63,-38.6,-8.87,-44354617,-63860674,-74450077,8857476,1328002,-17100090,缩量,低,情绪退潮,观望,资金撤退型,,D,回避：资金撤退,-3.0
002449,国星光电,6.55,-9.3,0.51,-4.2,-10.86,-26267833,-21472960,-52305082,7752206,5508856,-8767712,缩量,低,情绪退潮,观望,资金观望型,,D,回避：资金观望,-3.6
002395,双象股份,13.6,243.8,0.16,79.2,7.23,81777728,81242017,84627542,771777,1375116,11851006,放量,中,主力偏强放量,进场,资金观望型,资金+业绩共振(双击候选),B,关注：资金+业绩共振,90.4
002410,广联达,8.54,-51.1,0.67,-30.2,-10.43,-73585166,-79059572,-94966154,12998433,9592387,-1028950,缩量,低,情绪退潮,吸筹,资金撤退型,机构吸筹+盈利(关注),C,谨慎：资金流入未验证业绩,20.5
002453,华软科技,4.79,365.4,0.14,913.7,-1.04,-18562952,110497382,101777348,-18136769,-2380115,31456232,放量,低,游资情绪,观望,资金观望型,,D,回避：资金观望,7.7
002399,海普瑞,9.85,-42.4,1.21,-2.0,2.69,4471460,1985880,-6884198,371988,-1708589,410223,缩量,低,情绪退潮,进场,资金观望型,资金+业绩共振(双击候选),B,关注：资金+业绩共振,72.9
002455,百川股份,6.8,-58.2,0.44,-41.3,2.58,14885706,-2301489,-206194135,-2025473,-4182353,-2155207,缩量,低,情绪退潮,观望,资金观望型,,D,回避：资金观望,0.9
002456,欧菲光,6.49,-74.1,1.98,-21.1,-16.46,-266562448,-358981058,-654276765,-6357830,-1009164,11346137,缩量,低,情绪退潮,观望,资金撤退型,,D,回避：资金撤退,-5.5
002457,青龙管业,11.31,-44.7,1.41,-65.2,-6.13,-51113756,-132105046,-129207992,10494468,3222189,-20627621,缩量,低,情绪退潮,观望,资金观望型,,D,回避：资金观望,-2.0
002458,益生股份,8.09,-79.3,2.39,-56.6,1.32,10416407,-22174505,-83373146,-5782812,-2164140,2941485,缩量,低,情绪退潮,观望,资金观望型,,D,回避：资金观望,0.4
002459,晶澳科技,6.74,-27.1,0.48,-3.5,-3.37,-28136183,-31000498,-89220224,17417864,15033100,3388087,缩量,低,情绪退潮,观望,资金撤退型,,D,回避：资金撤退,-1.1
002419,天虹股份,5.09,426.6,0.49,-7.0,3.89,16766671,9688672,25584677,52587765,58841781,-34512213,放量,低,游资情绪,抢筹,资金观望型,资金+业绩共振(双击候选),B,关注：资金+业绩共振,89.3
002461,珠江啤酒,8.39,-54.6,0.44,2.8,-3.63,-6879561,-8896307,-17266560,-885369,-1519687,2963061,缩量,低,情绪退潮,观望,资金撤退型,,D,回避：资金撤退,-1.2
002462,嘉事堂,12.26,-53.2,1.0,-0.4,-5.19,-6182325,-7646078,-9592846,-11002,1427284,1911841,缩量,低,情绪退潮,观望,资金撤退型,,D,回避：资金撤退,-1.7
002463,沪电股份,115.93,-54.6,1.18,-6.3,-0.54,-130389965,-1122313447,-1171561807,-123170574,-97941597,95681108,缩量,低,情绪退潮,观望,资金撤退型,,D,回避：资金撤退,-0.2
002465,海格通信,9.89,-50.5,0.46,12.3,3.33,79237496,55052132,-6945151,-19683371,-16869338,17178809,缩量,低,情绪退潮,观望,资金观望型,,D,回避：资金观望,1.1
002466,天齐锂业,40.25,-71.3,0.31,-21.6,-9.46,-452405195,-539972925,-1706815571,-26182865,-38176964,54308595,缩量,低,情绪退潮,观望,资金撤退型,,D,回避：资金撤退,-3.2
002413,雷科防务,8.61,90.0,0.36,175.6,6.32,515189860,452129620,459990906,-13650423,1184981,27133737,放量,中,主力偏强放量,进场,资金观望型,纯资金炒作(亏损风险),C,谨慎：纯资金炒作,30.1
002468,申通快递,14.6,-59.9,0.92,22.9,-0.62,-4514783,26711430,-3445865,-373942,5406695,7230726,缩量,低,情绪退潮,观望,资金观望型,,D,回避：资金观望,-0.2
002422,科伦药业,40.85,-52.2,4.09,36.9,-1.43,-56468645,-182752440,-281927335,45594222,45818087,-15953148,缩量,低,情绪退潮,吸筹,资金撤退型,机构吸筹+盈利(关注),C,谨慎：资金流入未验证业绩,23.5
002470,金正大,1.98,-4.7,0.21,-61.6,-5.96,-60620020,-138049065,167474723,4176091,3181877,1469061,缩量,低,情绪退潮,观望,长线吸筹型,,D,回避：资金观望,-2.0
002471,中超控股,5.12,-39.9,0.35,36.2,-0.87,-16955204,163810200,154055719,-18429656,-10358631,19326983,缩量,低,情绪退潮,观望,资金观望型,,D,回避：资金观望,-0.3
002472,双环传动,38.09,-60.8,1.13,-30.7,-1.2,-45533403,-35483923,510977210,7474579,-5749817,-9821061,缩量,低,情绪退潮,观望,长线吸筹型,,D,回避：资金观望,-0.4
002474,榕基软件,6.38,28.7,0.66,23.0,4.26,38361150,40856914,37647831,-30713922,-21393835,-544823,缩量,低,情绪退潮,观望,趋势转多型,,D,回避：资金观望,1.4
002475,立讯精密,49.43,-59.5,0.52,-23.0,-8.39,-1383501356,-2163940122,-4475168928,-489132851,-500364132,406029557,缩量,低,情绪退潮,观望,资金撤退型,,D,回避：资金撤退,-2.8
002420,毅昌科技,6.09,-37.4,0.58,-20.6,1.11,1806761,10693768,7803088,2047581,2648675,-4215887,缩量,低,情绪退潮,进场,趋势转多型,资金+业绩共振(双击候选),B,关注：资金+业绩共振,72.4
002478,常宝股份,6.28,-56.6,0.36,-40.1,-0.55,-3292071,-34464341,-26832045,-850933,1241943,2227683,缩量,低,情绪退潮,观望,资金观望型,,D,回避：资金观望,-0.2
002479,富春环保,5.78,-58.4,1.08,-29.5,-2.75,-7428030,-57904294,-114290638,-3730964,-359795,5151918,缩量,低,情绪退潮,观望,资金撤退型,,D,回避：资金撤退,-0.9
002426,胜利精密,2.56,6.9,0.51,168.0,7.3,206035370,131750753,101240446,-16908811,-9184364,21655411,缩量,中,主力惜售,进场,资金观望型,纯资金炒作(亏损风险),C,谨慎：纯资金炒作,26.4
002481,双塔食品,4.28,-21.6,0.94,-57.2,-1.95,-3895030,-10122057,-2752112,-2054790,589473,3436069,缩量,低,情绪退潮,观望,资金观望型,,D,回避：资金观望,-0.7
002436,兴森科技,40.94,-35.7,0.86,-5.3,1.63,367107632,1690085766,3162545991,57900683,13956029,-20101498,缩量,低,情绪退潮,进场,均衡流入型,资金+业绩共振(双击候选),B,关注：资金+业绩共振,72.5
002483,润邦股份,5.84,-10.1,1.02,-57.1,-0.37,-1350779,-22679929,78135257,4711682,864382,-3179373,缩量,低,情绪退潮,观望,长线吸筹型,,D,回避：资金观望,-0.1
002484,江海股份,51.32,-65.5,1.72,-19.6,-4.9,-392950441,122070185,292003914,-133674741,-99758956,97069563,缩量,低,情绪退潮,观望,资金观望型,,D,回避：资金观望,-1.6
002486,嘉麟杰,2.66,-12.8,0.62,-43.4,-2.11,-5831814,21688265,-85033093,-7655286,-8736987,5482457,缩量,低,情绪退潮,观望,资金观望型,,D,回避：资金观望,-0.7
002434,万里扬,6.17,-14.7,0.62,32.0,8.75,43071025,42011802,17714848,-3741680,-2989943,3395832,缩量,中,主力惜售,进场,资金观望型,资金+业绩共振(双击候选),B,关注：资金+业绩共振,86.9
002488,金固股份,7.23,-73.0,0.66,-14.2,-14.06,-57299183,-75583994,-146923109,-2003082,-1678288,2698435,缩量,低,情绪退潮,观望,资金撤退型,,D,回避：资金撤退,-4.7
002489,浙江永强,2.88,1.3,0.2,199.9,-2.97,-12692486,54682840,59702022,-4513473,-495922,9942254,缩量,低,情绪退潮,观望,资金观望型,,D,回避：资金观望,-1.0
002490,山东墨龙,6.91,-88.2,0.73,-73.5,-6.7,-32547820,-51944393,-186232236,-3854907,-348978,7542540,缩量,低,情绪退潮,观望,资金撤退型,,D,回避：资金撤退,-2.2
002491,通鼎互联,20.04,-31.1,1.41,31.2,-6.42,-969984804,427423311,-234164177,-145981236,-83899276,242283559,缩量,低,情绪退潮,观望,资金观望型,,D,回避：资金观望,-2.1
002437,誉衡药业,3.65,53.1,2.75,-38.2,-4.61,-187113532,-193054525,-633819517,161817268,98666655,-171700958,放量,低,游资情绪,抢筹,资金撤退型,机构吸筹+盈利(关注),C,谨慎：资金流入未验证业绩,46.5
002438,江苏神通,13.68,-64.1,0.9,-43.5,0.57,1850131,2371719,-49351925,160525,-714858,997954,缩量,低,情绪退潮,进场,趋势转多型,资金+业绩共振(双击候选),B,关注：资金+业绩共振,72.2
002444,巨星科技,26.84,-70.0,0.74,4.4,1.16,11264554,-11562991,279072,3797040,-3192767,13193219,缩量,低,情绪退潮,进场,资金观望型,资金+业绩共振(双击候选),B,关注：资金+业绩共振,72.4
002495,佳隆股份,2.43,-16.3,0.77,-11.6,0.48,1013178,8880781,20401025,-1510168,-1994921,-3247179,缩量,低,情绪退潮,观望,均衡流入型,,D,回避：资金观望,0.2
002440,闰土股份,13.26,-25.9,1.53,-12.7,8.43,212613080,265828100,40174319,7784718,-11312078,-693230,缩量,中,主力惜售,进场,短线抢筹型,资金+业绩共振(双击候选),B,关注：资金+业绩共振,86.8
002497,雅化集团,15.7,-77.6,0.5,-33.9,-8.11,-119384054,-187513600,-465814395,-11469957,-8382183,27474496,缩量,低,情绪退潮,观望,资金撤退型,,D,回避：资金撤退,-2.7
002498,汉缆股份,6.11,-85.3,0.5,-56.6,-15.12,-178365913,-224817086,39358834,7991695,8723895,822785,缩量,低,情绪退潮,观望,长线吸筹型,,D,回避：资金观望,-5.0
002500,山西证券,5.18,-51.7,0.84,-29.9,-6.8,-28323775,-7116337,-30701518,-3201764,-250151,5088723,缩量,低,情绪退潮,观望,资金观望型,,D,回避：资金观望,-2.3
002452,长高电气,11.37,-57.0,0.6,-42.4,-9.19,-41287987,-43714611,-154451972,-2541680,1766012,-1137084,缩量,低,情绪退潮,吸筹,资金撤退型,机构吸筹+盈利(关注),C,谨慎：资金流入未验证业绩,20.9
002441,众业达,8.25,-13.0,0.38,-20.8,4.83,6746757,5053349,-95067,1203191,-1115865,-5951694,缩量,低,情绪退潮,进场,资金观望型,资金+业绩共振(双击候选),B,关注：资金+业绩共振,73.6
002507,涪陵榨菜,11.2,-45.9,1.13,-50.2,3.69,12355218,1232066,6083346,-1133093,-3417184,4363658,缩量,低,情绪退潮,观望,资金观望型,,D,回避：资金观望,1.2
002451,摩恩电气,7.69,-22.1,0.68,-47.1,0.16,634383,-30315833,-31968250,10748914,8932647,-7139757,缩量,低,情绪退潮,吸筹,资金观望型,资金+业绩共振(双击候选),B,关注：资金+业绩共振,64.1
002469,三维化学,6.06,-49.5,0.4,-51.2,11.32,17284096,4076966,-24469824,1348292,-542685,-467719,缩量,高,主力控盘,控盘,资金观望型,控盘+盈利(稳健),B,关注：控盘稳健+盈利,71.8
002511,中顺洁柔,6.99,-44.7,0.56,-31.8,-4.27,-10645832,-8426888,-19056753,-3170659,-2730038,5262966,缩量,低,情绪退潮,观望,资金观望型,,D,回避：资金观望,-1.4
002467,二六三,4.88,16.6,0.43,144.5,6.61,158839495,106416805,73918751,-19423525,-18182093,17924578,缩量,中,主力惜售,进场,资金观望型,纯资金炒作(亏损风险),C,谨慎：纯资金炒作,26.2
002515,金字火腿,7.05,-64.2,0.81,-47.9,-7.69,-133807527,-39920873,43758103,-20601270,-22275326,21600914,缩量,低,情绪退潮,观望,高位分歧型,,D,回避：资金观望,-2.6
002480,新筑股份,5.48,148.2,0.48,165.7,5.68,37430948,38731535,28826114,673034,1857037,2949129,放量,中,主力偏强放量,进场,趋势转多型,纯资金炒作(亏损风险),C,谨慎：纯资金炒作,29.9
002454,松芝股份,5.61,144.5,0.27,11.5,-0.19,-511321,10439574,-17329195,48055918,50831138,-23899841,放量,低,游资情绪,抢筹,资金观望型,机构吸筹+盈利(关注),C,谨慎：资金流入未验证业绩,47.9
002518,科士达,34.05,-17.1,0.6,-12.8,-3.97,-89360430,263553811,595762942,-20288630,-19438316,25523586,缩量,低,情绪退潮,观望,高位分歧型,,D,回避：资金观望,-1.3
002519,银河电子,5.57,-26.4,0.24,-22.9,-2.42,-33177299,-47358998,127668236,-10870743,-3458875,18124973,缩量,低,情绪退潮,观望,长线吸筹型,,D,回避：资金观望,-0.8
002520,日发精机,6.27,-46.8,0.66,2.9,-0.53,-5602148,-8363697,-113178104,-7739463,-301029,3012778,缩量,低,情绪退潮,观望,资金撤退型,,D,回避：资金撤退,-0.2
002521,齐峰新材,6.19,-65.0,0.79,19.5,0.15,170075,-25207570,-42316194,-2555277,-623100,2265428,缩量,低,情绪退潮,观望,资金观望型,,D,回避：资金观望,0.0
002522,浙江众成,5.26,-29.0,0.28,160.8,-13.42,-150818749,-74276209,-128663292,-8696846,-3435557,8369043,缩量,低,情绪退潮,观望,资金观望型,,D,回避：资金观望,-4.5
002523,天桥起重,3.4,-17.8,1.11,-10.0,-4.65,-13291947,-20820067,-36648283,6910977,5414005,-6281932,缩量,低,情绪退潮,观望,资金撤退型,,D,回避：资金撤退,-1.6
002524,光正眼科,4.13,57.3,0.97,30.2,2.27,8668709,17825854,23417388,-725786,-4540895,-571234,放量,低,游资情绪,观望,主力建仓型,,D,回避：资金观望,8.8
002526,山东矿机,2.59,-45.8,0.74,-25.2,-2.63,-5534684,4714039,23299606,-7217266,-1321172,3993116,缩量,低,情绪退潮,观望,高位分歧型,,D,回避：资金观望,-0.9
002527,新时达,10.59,-63.9,0.68,-23.9,1.53,4044847,304846,-6847324,-816236,6500,2463386,缩量,低,情绪退潮,观望,资金观望型,,D,回避：资金观望,0.5
002529,海源复材,6.75,-32.1,0.79,-15.1,-1.53,-2182958,-9533180,-15893963,1556590,-1146000,-638660,缩量,低,情绪退潮,观望,资金撤退型,,D,回避：资金撤退,-0.5
002530,金财互联,7.02,-65.0,0.68,-30.0,-1.22,-3098618,-13181561,-52191620,-1301501,-813742,268528,缩量,低,情绪退潮,观望,资金撤退型,,D,回避：资金撤退,-0.4
002460,赣锋锂业,43.43,-56.4,0.32,-3.5,-8.25,-498579085,-820879791,-2142965497,76265562,55393829,-53150515,缩量,低,情绪退潮,吸筹,资金撤退型,机构吸筹+盈利(关注),C,谨慎：资金流入未验证业绩,21.2
002532,天山铝业,12.18,-77.3,1.43,-32.9,-0.37,-10081715,46460789,41917549,9991121,-1881858,-3844508,缩量,低,情绪退潮,观望,资金观望型,,D,回避：资金观望,-0.1
002476,新叶股份,4.82,-51.7,0.54,-27.0,2.62,4142382,-6219240,-15990154,813734,-660572,1238550,缩量,低,情绪退潮,进场,资金观望型,资金+业绩共振(双击候选),B,关注：资金+业绩共振,72.9
002534,西子洁能,17.1,-48.5,1.48,0.0,-0.29,-2453293,-10383104,-28909403,-6001320,-3849447,3366965,缩量,低,情绪退潮,观望,资金撤退型,,D,回避：资金撤退,-0.1
002535,林州重机,2.47,-18.6,0.67,-6.8,-0.77,-1305219,2858545,10685247,1609842,628974,-1581542,缩量,低,情绪退潮,观望,高位分歧型,,D,回避：资金观望,-0.3
002536,飞龙股份,45.38,-64.8,1.14,-52.1,-15.55,-932885889,-807428210,-958191472,-52521054,-20264439,58542027,缩量,低,情绪退潮,观望,资金观望型,,D,回避：资金观望,-5.2
002537,海联金汇,5.66,-51.9,0.71,-57.6,0.59,2877914,-7608950,81531940,-2143976,-2161309,3781282,缩量,低,情绪退潮,观望,长线吸筹型,,D,回避：资金观望,0.2
002487,大金重工,46.29,291.7,0.77,189.2,-0.07,-11777296,466799506,911961773,70553080,75088313,-56380841,放量,低,游资情绪,抢筹,资金观望型,机构吸筹+盈利(关注),C,谨慎：资金流入未验证业绩,48.0
002492,恒基达鑫,6.36,1.5,0.5,16.7,9.29,27454352,27038538,38574789,-668066,1759040,-530487,缩量,中,主力惜售,吸筹,资金观望型,纯资金炒作(亏损风险),C,谨慎：纯资金炒作,19.1
002541,鸿路钢构,18.36,-28.9,1.62,42.3,-4.73,-73353825,-133761090,-231768622,-17701072,-19880122,24509264,缩量,低,情绪退潮,观望,资金撤退型,,D,回避：资金撤退,-1.6
002543,万和电气,7.26,65.6,1.14,-42.9,1.66,7798364,-9549267,69994554,-6104089,-4187079,5099121,放量,低,游资情绪,观望,长线吸筹型,,D,回避：资金观望,8.6
002544,普天科技,15.17,-42.6,0.61,18.1,4.73,34828844,34883950,17704583,-126824,-438970,3291897,缩量,低,情绪退潮,观望,趋势转多型,,D,回避：资金观望,1.6
002545,东方铁塔,13.85,-48.1,0.61,-14.3,-13.07,-207196479,-370914781,-390735778,-11608170,9026042,12945409,缩量,低,情绪退潮,观望,资金撤退型,,D,回避：资金撤退,-4.4
002482,广田集团,1.4,177.9,0.67,83.3,3.13,19820467,73040202,37646818,20013248,27085693,-13618994,放量,低,游资情绪,抢筹,趋势转多型,纯资金炒作(亏损风险),C,谨慎：纯资金炒作,29.0
002548,金新农,3.94,-60.2,0.53,-56.1,-4.17,-16832454,-37440762,19586945,18230,-2719908,-2151702,缩量,低,情绪退潮,观望,长线吸筹型,,D,回避：资金观望,-1.4
002549,凯美特气,12.29,-80.5,0.59,-10.5,-2.42,-14581284,-17644536,-115409262,-7950492,474057,8854181,缩量,低,情绪退潮,观望,资金撤退型,,D,回避：资金撤退,-0.8
002493,荣盛石化,13.33,-39.8,0.78,-14.2,0.61,19263948,-80609203,-33160594,11899612,26117702,-909280,缩量,低,情绪退潮,吸筹,资金观望型,资金+业绩共振(双击候选),B,关注：资金+业绩共振,64.2
002494,华斯股份,5.05,587.8,0.42,143.5,5.46,42062948,45427747,44137780,29641516,11719212,-36105637,放量,中,主力偏强放量,进场,趋势转多型,资金+业绩共振(双击候选),B,关注：资金+业绩共振,89.8
002552,宝鼎科技,44.39,-55.3,2.51,-30.0,-5.61,-213875297,-304114922,170026043,-44805722,-26341750,88427399,缩量,低,情绪退潮,观望,长线吸筹型,,D,回避：资金观望,-1.9
002553,南方精工,16.97,195.4,0.47,-8.6,4.26,83778350,89447562,131806979,-4113141,-4230801,443759,放量,低,游资情绪,观望,均衡流入型,,D,回避：资金观望,9.4
002554,惠博普,2.71,-60.7,0.44,-53.3,2.6,4590999,10971832,-7570803,-1444345,-1512987,1558917,缩量,低,情绪退潮,观望,趋势转多型,,D,回避：资金观望,0.9
002555,三七互娱,17.2,-77.5,0.91,-51.8,-12.01,-149279909,-285429755,-573418091,2967592,14435446,1735736,缩量,低,情绪退潮,观望,资金撤退型,,D,回避：资金撤退,-4.0
002556,辉隆股份,5.06,-28.4,0.37,-57.5,-4.52,-9489461,-15280256,-55291080,1956613,730746,-1321222,缩量,低,情绪退潮,观望,资金撤退型,,D,回避：资金撤退,-1.5
002557,洽洽食品,18.34,-52.8,0.76,-35.5,-0.32,-1505369,-15828685,40940778,607108,-3095691,863598,缩量,低,情绪退潮,观望,长线吸筹型,,D,回避：资金观望,-0.1
002558,巨人网络,22.5,-63.8,1.44,-31.1,-5.51,-295894062,-413216090,-958779782,8369740,32744468,9065290,缩量,低,情绪退潮,观望,资金撤退型,,D,回避：资金撤退,-1.8
002559,亚威股份,8.54,-79.6,1.71,-12.6,-6.36,-37827342,-30449511,-13560152,-1152358,-1080032,1332743,缩量,低,情绪退潮,观望,资金观望型,,D,回避：资金观望,-2.1
002560,通达股份,6.29,12.5,0.15,39.9,-9.06,-129193397,-91946678,133349048,-8763750,-738795,14262979,缩量,低,情绪退潮,观望,高位分歧型,,D,回避：资金观望,-3.0
002562,兄弟科技,4.93,-9.1,0.74,-24.2,-0.55,-3625536,-22295766,-11292401,4746264,2243387,-7423885,缩量,低,情绪退潮,观望,资金观望型,,D,回避：资金观望,-0.2
002563,森马服饰,5.45,-67.1,0.6,-7.3,1.69,5045238,16531500,-2166903,-421054,-297932,2474199,缩量,低,情绪退潮,观望,趋势转多型,,D,回避：资金观望,0.6
002508,老板电器,17.11,15.6,0.82,-11.6,0.93,5552577,-3673945,152916939,19848768,14271910,-31001639,缩量,低,情绪退潮,进场,长线吸筹型,资金+业绩共振(双击候选),B,关注：资金+业绩共振,72.3
002506,协鑫集成,2.38,-46.9,0.4,-24.8,-0.25,-4478185,-5039460,-55874045,36776372,26416216,-22168204,缩量,低,情绪退潮,吸筹,资金撤退型,纯资金炒作(亏损风险),C,谨慎：纯资金炒作,3.9
002566,益盛药业,7.06,-63.8,1.14,-29.5,-4.48,-6863651,-7152283,-14492442,-571885,-1067664,2290748,缩量,低,情绪退潮,观望,资金撤退型,,D,回避：资金撤退,-1.5
002567,唐人神,3.7,-23.7,0.72,-50.9,-1.08,-4068032,14304668,61409932,-3049235,-3632654,4040859,缩量,低,情绪退潮,观望,高位分歧型,,D,回避：资金观望,-0.4
002568,百润股份,19.49,-26.4,1.0,49.6,-0.73,-13567873,-4137174,-8699599,5812813,2626429,4614853,缩量,低,情绪退潮,观望,资金观望型,,D,回避：资金观望,-0.2
002570,贝因美,4.42,9.7,0.74,-46.5,-3.81,-15305776,-16123791,-6325658,-9926561,-5428157,5552589,缩量,低,情绪退潮,观望,资金观望型,,D,回避：资金观望,-1.3
002571,德力股份,10.42,-11.5,0.73,-44.8,-7.12,-13251950,-22341504,-31246967,-8016999,-2445486,-1577807,缩量,低,情绪退潮,观望,资金撤退型,,D,回避：资金撤退,-2.4
002572,索菲亚,7.72,15.7,0.57,1.3,0.01,27331,-3147100,-10040889,-10346995,-11340507,5669959,缩量,低,情绪退潮,观望,资金观望型,,D,回避：资金观望,0.0
002496,辉丰股份,2.1,-34.6,0.64,-38.2,6.84,12190904,14089713,-15637815,-508506,24937,-1502153,缩量,中,主力惜售,进场,短线抢筹型,纯资金炒作(亏损风险),C,谨慎：纯资金炒作,26.3
002574,明牌珠宝,4.98,-1.1,0.63,-43.3,-2.81,-5089405,-11705248,-2431544,-1444493,1540760,1107923,缩量,低,情绪退潮,观望,资金观望型,,D,回避：资金观望,-0.9
002510,天汽模,5.82,80.2,0.71,16.7,-2.24,-13244253,24179342,54534401,11845552,15697765,-10252330,放量,低,游资情绪,抢筹,资金观望型,机构吸筹+盈利(关注),C,谨慎：资金流入未验证业绩,47.3
002516,旷达科技,5.53,-21.7,0.75,-44.1,0.84,4560256,-12598447,87662577,1494325,1586406,-5183748,缩量,低,情绪退潮,进场,长线吸筹型,资金+业绩共振(双击候选),B,关注：资金+业绩共振,72.3
002577,雷柏科技,20.68,-7.2,1.02,235.3,-4.09,-24428073,54242338,59165549,7369106,4808818,-5952948,缩量,低,情绪退潮,观望,资金观望型,,D,回避：资金观望,-1.4
002531,天顺风能,7.98,305.7,0.54,142.6,-1.15,-64645909,187899857,507410551,62620742,68414175,-31421756,放量,低,游资情绪,抢筹,高位分歧型,纯资金炒作(亏损风险),C,谨慎：纯资金炒作,27.6
002579,中京电子,16.88,14.8,1.67,24.4,-2.9,-291855516,-68145310,1195567397,-87017218,-60933628,160755221,缩量,低,情绪退潮,观望,高位分歧型,,D,回避：资金观望,-1.0
002513,蓝丰生化,5.86,529.9,0.79,32.9,-0.19,-825003,1200041,-5552400,35037892,24490175,-49255011,放量,低,游资情绪,抢筹,资金观望型,纯资金炒作(亏损风险),C,谨慎：纯资金炒作,27.9
002582,好想你,9.39,-78.2,0.76,-59.7,-8.53,-34325459,-43991507,-103240805,-3223291,-3239764,480121,缩量,低,情绪退潮,观望,资金撤退型,,D,回避：资金撤退,-2.8
002517,恺英网络,16.01,-81.8,1.34,-47.2,-8.67,-179969224,-563919476,-561851701,14443418,9941709,-5781454,缩量,低,情绪退潮,吸筹,资金观望型,机构吸筹+盈利(关注),C,谨慎：资金流入未验证业绩,21.1
002584,西陇科学,8.79,64.2,2.31,573.9,-0.83,-30456280,25044510,-7540246,-1310514,-3491997,18179457,放量,低,游资情绪,观望,资金观望型,,D,回避：资金观望,7.7
002585,双星新材,10.35,-30.6,2.1,148.3,-5.01,-256829849,-270732411,258139867,-41960340,-21322513,84526731,缩量,低,情绪退潮,观望,长线吸筹型,,D,回避：资金观望,-1.7
002586,围海股份,3.62,3.5,0.57,-37.7,-6.81,-6996708,-23537181,-74743011,-3139828,-1086000,4125767,缩量,低,情绪退潮,观望,资金撤退型,,D,回避：资金撤退,-2.3
002587,奥拓电子,5.29,-53.9,0.58,-3.4,-1.66,-4208684,-6919329,-28542512,5175842,490317,-6026286,缩量,低,情绪退潮,观望,资金撤退型,,D,回避：资金撤退,-0.6
002588,史丹利,7.45,-53.2,0.46,-56.3,1.81,5871752,28201997,-50973659,-4683754,-1387650,6217283,缩量,低,情绪退潮,观望,趋势转多型,,D,回避：资金观望,0.6
002589,瑞康医药,3.27,11.0,1.94,89.7,-8.76,-196427890,148754527,193426110,-2429398,-2948855,-5416259,缩量,低,情绪退潮,观望,资金观望型,,D,回避：资金观望,-2.9
002590,万安科技,9.55,-30.7,0.6,-0.2,-5.12,-10019758,-1689414,-36918857,-588063,-399159,-2456200,缩量,低,情绪退潮,观望,资金观望型,,D,回避：资金观望,-1.7
002539,云图控股,11.75,-75.9,0.68,-29.1,-5.71,-29749782,-58878184,-144744215,-369725,2110386,-162528,缩量,低,情绪退潮,吸筹,资金撤退型,机构吸筹+盈利(关注),C,谨慎：资金流入未验证业绩,22.1
002593,日上集团,4.57,-48.6,0.9,-24.2,1.19,2607027,12654135,43164442,-742305,-1573794,787190,缩量,低,情绪退潮,观望,均衡流入型,,D,回避：资金观望,0.4
002594,比亚迪,83.31,-53.6,0.74,-7.6,-5.58,-453573359,-744656485,-3035647036,37764063,-6851816,47202613,缩量,低,情绪退潮,观望,资金撤退型,,D,回避：资金撤退,-1.9
002595,豪迈科技,38.4,-58.6,0.52,-22.3,0.61,4122715,-25987184,-74236787,-5809786,-4089228,1159171,缩量,低,情绪退潮,观望,资金观望型,,D,回避：资金观望,0.2
002533,金杯电工,10.79,-61.7,0.58,-27.4,5.13,11669413,6837739,-42773445,-2636316,862191,-577590,缩量,中,主力惜售,吸筹,资金观望型,资金+业绩共振(双击候选),B,关注：资金+业绩共振,77.7
002597,金禾实业,21.23,-64.9,0.62,-57.7,-3.55,-12729160,-5815864,-67779238,-812984,-348766,2271673,缩量,低,情绪退潮,观望,资金观望型,,D,回避：资金观望,-1.2
002599,盛通股份,5.5,-67.8,0.55,-17.1,-0.06,-116587,-1619916,-10688936,1386421,745789,-2875390,缩量,低,情绪退潮,观望,资金撤退型,,D,回避：资金撤退,-0.0
002600,领益智造,11.88,-70.6,0.77,-48.3,-8.19,-278781751,-823461724,-1086904072,-74915696,-68283613,63986901,缩量,低,情绪退潮,观望,资金撤退型,,D,回避：资金撤退,-2.7
002601,龙佰集团,14.71,-68.3,0.59,-30.1,-3.41,-20786698,-51595024,-150508481,2705854,2014992,3871685,缩量,低,情绪退潮,观望,资金撤退型,,D,回避：资金撤退,-1.1
002602,世纪华通,13.8,-67.6,0.54,-50.8,0.85,36722904,-214357660,-93141276,-12006271,-9536532,-28880467,缩量,低,情绪退潮,观望,资金观望型,,D,回避：资金观望,0.3
002603,以岭药业,15.35,-65.2,1.49,-6.9,-6.6,-53194730,-89921685,-140765070,-2433453,5080182,12713265,缩量,低,情绪退潮,观望,资金撤退型,,D,回避：资金撤退,-2.2
002605,姚记科技,16.47,-83.5,1.11,-45.5,-8.92,-17562309,-17411956,-58072898,-841741,1616241,1135955,缩量,低,情绪退潮,观望,资金观望型,,D,回避：资金观望,-3.0
002606,大连电瓷,11.95,-77.9,0.57,-27.5,-11.73,-64463882,-79946941,-150371468,1815796,-2462188,-5508027,缩量,低,情绪退潮,观望,资金撤退型,,D,回避：资金撤退,-3.9
002607,中公教育,1.85,-59.3,1.17,-20.4,-10.64,-118697330,-247865302,-378667316,-9444541,-2967163,10991732,缩量,低,情绪退潮,观望,资金撤退型,,D,回避：资金撤退,-3.5
002540,亚太科技,4.99,-60.0,0.59,-24.3,3.28,7226091,19153439,5105478,2784174,998000,-1830711,缩量,低,情绪退潮,进场,趋势转多型,资金+业绩共振(双击候选),B,关注：资金+业绩共振,73.1
002609,捷顺科技,7.87,-26.3,0.42,4.4,0.4,812071,10064237,-501582,-1996268,-1503818,2810739,缩量,低,情绪退潮,观望,趋势转多型,,D,回避：资金观望,0.1
002611,东方精工,13.98,-43.9,0.47,58.2,0.82,15930064,-31266683,-212918844,-38255911,-23809386,42976860,缩量,低,情绪退潮,观望,资金观望型,,D,回避：资金观望,0.3
002612,朗姿股份,16.72,-10.7,1.73,11.0,-0.31,-3052903,2110834,-222431,-3426537,-8857039,-15439541,缩量,低,情绪退潮,观望,资金观望型,,D,回避：资金观望,-0.1
002613,北玻股份,3.35,-22.1,0.21,101.9,-2.86,-20907012,128000940,169476224,-4665787,2096463,9819376,缩量,低,情绪退潮,观望,资金观望型,,D,回避：资金观望,-1.0
002546,新联电子,7.34,-90.8,2.75,-36.1,-10.91,-27464769,-28584010,-102460680,310277,1435901,-1240346,缩量,低,情绪退潮,吸筹,资金撤退型,机构吸筹+盈利(关注),C,谨慎：资金流入未验证业绩,20.4
002615,哈尔斯,6.23,-37.1,0.52,14.0,1.79,3630937,-10463112,-29016498,-6252806,-4836810,7913117,缩量,低,情绪退潮,观望,资金观望型,,D,回避：资金观望,0.6
002550,千红制药,6.59,-17.3,1.94,7.9,-8.71,-35474483,-31058216,-42661409,24679818,28434617,-16913390,缩量,低,情绪退潮,吸筹,资金观望型,机构吸筹+盈利(关注),C,谨慎：资金流入未验证业绩,21.1
002617,露笑科技,6.9,-26.2,1.51,50.2,-6.23,-207560218,-107686515,25103725,9042539,9453634,-17834968,缩量,低,情绪退潮,观望,资金观望型,,D,回避：资金观望,-2.1
002551,尚荣医疗,3.41,56.8,0.97,36.2,2.51,5691207,11127792,15615996,11528783,4623486,-11666436,放量,低,游资情绪,抢筹,主力建仓型,纯资金炒作(亏损风险),C,谨慎：纯资金炒作,28.8
002623,亚玛顿,17.99,68.2,0.57,401.4,-0.51,-5737518,95207171,102513617,-20558382,-13796357,31741568,放量,低,游资情绪,观望,资金观望型,,D,回避：资金观望,7.8
002624,完美世界,9.71,-60.4,0.46,-43.3,-4.35,-73626443,-38164379,-259779365,-18630212,-13596771,33787859,缩量,低,情绪退潮,观望,资金观望型,,D,回避：资金观望,-1.4
002625,光启技术,23.57,-9.3,0.54,59.7,-14.58,-654423198,-571243492,-729015328,35926787,43096172,2168756,缩量,低,情绪退潮,观望,资金观望型,,D,回避：资金观望,-4.9
002626,金达威,16.13,-65.0,0.83,-26.3,-4.49,-11700983,-15439086,-22949007,-3897948,-3106710,3282338,缩量,低,情绪退潮,观望,资金撤退型,,D,回避：资金撤退,-1.5
002627,三峡旅游,6.55,-43.2,0.42,-48.4,-0.23,-506491,1505603,-24347571,4311060,-1628932,-4059477,缩量,低,情绪退潮,观望,资金观望型,,D,回避：资金观望,-0.1
002628,成都路桥,4.82,-61.6,0.75,-19.1,-8.28,-28186696,-21119693,-54901747,-4496612,-6477570,-2562718,缩量,低,情绪退潮,观望,资金观望型,,D,回避：资金观望,-2.8
002629,仁智股份,4.39,-37.0,0.52,-24.9,-3.78,-8665548,-30918762,-57333525,1155254,-400035,-2569331,缩量,低,情绪退潮,观望,资金撤退型,,D,回避：资金撤退,-1.3
002631,德尔未来,13.48,127.1,0.46,131.6,-2.65,-100412849,-47321035,-143732817,46804203,5669279,-74049228,放量,低,游资情绪,观望,资金观望型,,D,回避：资金观望,7.1
002632,道明光学,8.94,-37.0,0.94,-45.1,-5.3,-35195539,15568386,165213413,-18271123,-11745054,10246696,缩量,低,情绪退潮,观望,高位分歧型,,D,回避：资金观望,-1.8
002564,天沃科技,5.18,127.3,0.53,-8.4,2.25,35662792,44163191,126294956,2781423,5872445,-2818398,放量,低,游资情绪,吸筹,均衡流入型,资金+业绩共振(双击候选),B,关注：资金+业绩共振,72.8
002561,徐家汇,7.31,18.7,0.72,-53.0,-7.39,-13799280,-44368463,19294367,2472205,2946363,-1141803,缩量,低,情绪退潮,吸筹,长线吸筹型,纯资金炒作(亏损风险),C,谨慎：纯资金炒作,1.5
002636,金安国纪,79.45,-24.2,1.61,-3.5,-2.09,-442479223,-1056654759,-83743095,-248978505,-164660182,230173483,缩量,低,情绪退潮,观望,资金观望型,,D,回避：资金观望,-0.7
002637,赞宇科技,10.37,18.6,0.46,-57.5,-6.51,-49085985,-82503520,-129343377,8822825,-4744243,-10207453,缩量,低,情绪退潮,观望,资金撤退型,,D,回避：资金撤退,-2.2
002638,勤上股份,4.77,142.3,0.27,24.6,3.02,50043038,72998598,-58368278,-15716343,-6100315,8316174,放量,低,游资情绪,观望,趋势转多型,,D,回避：资金观望,9.0
002639,雪人集团,13.59,97.3,0.48,-19.4,-1.71,-91337284,-47790811,63111345,-62765379,-33037149,118935975,放量,低,游资情绪,观望,资金观望型,,D,回避：资金观望,7.4
002565,顺灏股份,8.44,127.6,0.13,72.5,0.82,35145020,-77243761,73688101,128145685,96665151,-116589107,放量,低,游资情绪,抢筹,资金观望型,资金+业绩共振(双击候选),B,关注：资金+业绩共振,88.3
002641,公元股份,3.8,-25.5,0.67,-27.0,-11.23,-12994338,-7069269,-19711603,1724236,71851,-2081463,缩量,低,情绪退潮,观望,资金观望型,,D,回避：资金观望,-3.7
002573,清新环境,3.14,-21.5,0.71,-15.6,3.1,4649410,346689,-13615161,2724676,3679760,1133247,缩量,低,情绪退潮,进场,资金观望型,纯资金炒作(亏损风险),C,谨慎：纯资金炒作,13.0
002643,万润股份,12.52,-69.5,1.39,-10.3,-8.46,-55366113,-45510697,-26544926,-17331836,-12766158,15312994,缩量,低,情绪退潮,观望,资金观望型,,D,回避：资金观望,-2.8
002644,佛慈制药,8.26,-59.6,1.53,-17.9,-2.34,-4109033,-15521632,-32679487,-78314,727033,364038,缩量,低,情绪退潮,观望,资金撤退型,,D,回避：资金撤退,-0.8
002645,华宏科技,16.85,-69.7,0.49,13.8,-3.84,-57058639,55732861,-122350662,-38482501,-33545379,25546306,缩量,低,情绪退潮,观望,资金观望型,,D,回避：资金观望,-1.3
002575,群兴玩具,5.0,-28.7,0.39,20.9,3.03,17851382,16606820,-49127607,23354132,9714079,-28932395,缩量,低,情绪退潮,进场,资金观望型,纯资金炒作(亏损风险),C,谨慎：纯资金炒作,13.0
002580,圣阳股份,19.52,-10.0,0.36,-47.9,-5.3,-196271967,-138848564,-691141525,93291317,80454351,-65455507,缩量,低,情绪退潮,吸筹,资金观望型,机构吸筹+盈利(关注),C,谨慎：资金流入未验证业绩,22.2
002576,通达动力,14.38,-42.7,0.4,-5.0,2.34,3622067,-674989,-651559,1958245,2232514,-2910170,缩量,低,情绪退潮,进场,资金观望型,资金+业绩共振(双击候选),B,关注：资金+业绩共振,72.8
002649,博彦科技,9.14,-80.9,1.68,-32.6,-6.04,-17904103,-17053555,-87454077,709111,-28476,-4705469,缩量,低,情绪退潮,观望,资金观望型,,D,回避：资金观望,-2.0
002651,利君股份,7.89,-42.0,1.03,-65.0,-4.3,-13461350,-44587523,-12306878,-4132361,-1968911,5669308,缩量,低,情绪退潮,观望,长线吸筹型,,D,回避：资金观望,-1.4
002652,扬子新材,4.42,-45.7,0.16,-53.8,-1.28,-3762899,-21569754,16542547,-3052500,-2491030,2786613,缩量,低,情绪退潮,观望,长线吸筹型,,D,回避：资金观望,-0.4
002653,海思科,62.18,-46.9,2.11,-14.5,-1.36,-20464207,-48013791,-28604348,8575686,4602692,44553899,缩量,低,情绪退潮,观望,资金观望型,,D,回避：资金观望,-0.5
002654,万润科技,12.24,-60.7,0.9,-23.6,-6.24,-109775466,-102840858,-168011248,-40629838,-12803775,43189616,缩量,低,情绪退潮,观望,资金观望型,,D,回避：资金观望,-2.1
002655,共达电声,32.54,-30.2,0.41,2.9,-4.36,-141054225,109102453,-449484039,-59323930,-70436777,39391026,缩量,低,情绪退潮,观望,资金观望型,,D,回避：资金观望,-1.5
002656,摩登大道,2.83,-33.0,0.78,-12.3,-5.68,-7924564,-13060901,-20140616,1327201,-1367227,-1563419,缩量,低,情绪退潮,观望,资金撤退型,,D,回避：资金撤退,-1.9
002657,中科金财,14.6,-74.4,1.19,-20.9,-0.87,-3824416,13907079,-8310592,2346256,1313710,-4922400,缩量,低,情绪退潮,观望,资金观望型,,D,回避：资金观望,-0.3
002658,雪迪龙,7.13,-40.8,0.43,-32.3,0.75,1229921,-7663439,-16810660,-2963245,-893919,2499769,缩量,低,情绪退潮,观望,资金观望型,,D,回避：资金观望,0.2
002659,凯文教育,4.7,-62.4,1.6,-11.9,1.21,3726730,16026834,6104090,-1502881,-984768,860369,缩量,低,情绪退潮,观望,趋势转多型,,D,回避：资金观望,0.4
002660,茂硕电源,7.97,-5.4,0.77,-66.3,-1.86,-3838359,-9574910,8105252,481401,-1635266,-4083280,缩量,低,情绪退潮,观望,长线吸筹型,,D,回避：资金观望,-0.6
002661,克明食品,7.56,47.6,0.47,-54.2,-3.44,-6969936,-39195488,53841077,-9166,-903248,823879,缩量,低,情绪退潮,观望,长线吸筹型,,D,回避：资金观望,-1.1
002662,峰璟股份,3.12,-41.4,0.36,-5.0,-9.64,-14722325,-17025108,-13909499,-517432,-520716,618481,缩量,低,情绪退潮,观望,资金观望型,,D,回避：资金观望,-3.2
002583,海能达,8.07,108.3,0.6,82.4,4.47,86962698,81694701,34598753,46661687,34361545,-40316270,放量,低,游资情绪,抢筹,资金观望型,纯资金炒作(亏损风险),C,谨慎：纯资金炒作,29.5
002664,信质集团,14.31,-60.4,0.24,-9.7,-3.37,-7431256,-21226388,-41762276,1078197,754836,324337,缩量,低,情绪退潮,观望,资金撤退型,,D,回避：资金撤退,-1.1
002666,德联集团,4.21,-40.2,0.67,2.1,-1.01,-2350452,-3283191,11101346,2022785,2478406,-3874413,缩量,低,情绪退潮,观望,长线吸筹型,,D,回避：资金观望,-0.3
002668,TCL智家,8.66,-82.2,1.55,-17.5,-5.43,-25439054,-14364851,-25501294,-3689380,-2652957,2604346,缩量,低,情绪退潮,观望,资金观望型,,D,回避：资金观望,-1.8
002669,康达新材,13.73,102.8,0.97,146.1,0.12,3893224,-60750299,83574313,-21984176,-6504149,19919000,放量,低,游资情绪,观望,资金观望型,,D,回避：资金观望,8.0
002670,国盛证券,11.18,-67.3,1.78,-66.1,-9.47,-70631206,-33026410,-164488534,-7735138,-3897294,4686719,缩量,低,情绪退潮,观望,资金观望型,,D,回避：资金观望,-3.2
002578,闽发铝业,4.14,-27.9,0.85,-43.2,14.43,54653750,69943085,86399943,9935745,6623207,-10825657,缩量,高,主力控盘,控盘,主力强攻型,控盘+亏损(警惕),C,谨慎：控盘但亏损,28.8
002591,恒大高新,6.51,-10.2,0.15,-24.6,3.36,10003445,2661126,20005842,320213,2947273,-3228554,缩量,低,情绪退潮,进场,资金观望型,纯资金炒作(亏损风险),C,谨慎：纯资金炒作,13.1
002673,西部证券,6.59,-50.7,0.82,-20.7,-8.22,-46584664,-4152845,-98187946,-2693068,-1907493,-472925,缩量,低,情绪退潮,观望,资金观望型,,D,回避：资金观望,-2.7
002596,海南瑞泽,3.22,-37.8,0.56,-12.6,5.3,19883234,8508137,72126568,-3918700,-773813,3963368,缩量,中,主力惜售,进场,资金观望型,纯资金炒作(亏损风险),C,谨慎：纯资金炒作,25.8
002675,东诚药业,12.9,-38.0,0.78,-6.9,-1.44,-4264862,-1392997,-5118771,-8653282,-11311686,12525533,缩量,低,情绪退潮,观望,资金观望型,,D,回避：资金观望,-0.5
002676,顺威股份,5.16,-18.1,0.17,3.7,-8.45,-19730612,-21377536,-45229963,-6014665,-7420850,6005163,缩量,低,情绪退潮,观望,资金撤退型,,D,回避：资金撤退,-2.8
002616,长青集团,4.84,-56.3,0.41,-38.7,-1.43,-1611027,-73844,-16461152,3306766,2670936,-1674311,缩量,低,情绪退潮,吸筹,资金观望型,机构吸筹+盈利(关注),C,谨慎：资金流入未验证业绩,23.5
002678,珠江钢琴,4.42,-28.1,0.38,-60.6,-4.47,-6726208,-6478935,-92994279,1562920,227940,-315309,缩量,低,情绪退潮,观望,资金观望型,,D,回避：资金观望,-1.5
002608,江苏国信,7.34,-43.0,1.1,-45.1,5.75,21046759,-17911805,-80375355,7273504,3845857,6646,缩量,中,主力惜售,进场,资金观望型,资金+业绩共振(双击候选),B,关注：资金+业绩共振,85.9
002614,奥佳华,7.76,2043.4,0.46,868.9,2.68,131147456,166193131,146444148,12425417,8368392,2194598,放量,低,游资情绪,进场,趋势转多型,资金+业绩共振(双击候选),B,关注：资金+业绩共振,80.9
002682,龙洲股份,4.88,-53.9,1.07,-14.0,2.59,14625122,22590751,-6501324,-3163345,-3501365,4456585,缩量,低,情绪退潮,观望,趋势转多型,,D,回避：资金观望,0.9
002622,皓宸医疗,2.53,69.5,1.04,154.0,6.34,54813021,92555756,86825653,-17499437,-9468746,19050252,放量,中,主力偏强放量,进场,短线抢筹型,纯资金炒作(亏损风险),C,谨慎：纯资金炒作,30.1
002685,华东重机,5.17,-49.4,0.17,94.6,-13.26,-78655100,17418274,-43942465,-14388999,-9329252,2247999,缩量,低,情绪退潮,观望,资金观望型,,D,回避：资金观望,-4.4
002686,亿利达,6.08,-55.5,0.52,-42.6,-1.65,-3843558,-15180766,-35066985,-2590090,-1538799,1141615,缩量,低,情绪退潮,观望,资金撤退型,,D,回避：资金撤退,-0.5
002687,乔治白,5.58,-60.5,1.94,32.9,-8.69,-57872497,-57818176,-50769694,1489625,-3346853,-2162885,缩量,低,情绪退潮,观望,资金观望型,,D,回避：资金观望,-2.9
002688,金河生物,5.2,-42.9,0.77,-52.8,-4.11,-5595452,-7675206,835569,642766,1663066,752867,缩量,低,情绪退潮,观望,资金观望型,,D,回避：资金观望,-1.4
002690,美亚光电,15.43,-68.9,0.68,17.3,-2.81,-10181387,-29274576,-44204717,-1930031,-171717,3376804,缩量,低,情绪退潮,观望,资金撤退型,,D,回避：资金撤退,-0.9
002692,远程股份,4.22,-41.7,0.36,-28.7,-1.5,-2875046,-12531494,695308,3840058,2398164,-3235301,缩量,低,情绪退潮,观望,长线吸筹型,,D,回避：资金观望,-0.5
002693,双成药业,9.22,-42.8,1.89,131.3,-4.87,-30527074,19650533,6047901,8988593,4106829,-9896567,缩量,低,情绪退潮,观望,资金观望型,,D,回避：资金观望,-1.6
002695,煌上煌,10.78,-19.9,0.82,16.4,-0.45,-1936543,-12992471,-9188805,-3044015,-6272759,2141126,缩量,低,情绪退潮,观望,资金观望型,,D,回避：资金观望,-0.1
002696,百洋股份,6.58,29.8,1.06,-48.9,0.4,2408216,-30732369,30792825,-274115,-419663,-605891,缩量,低,情绪退潮,观望,长线吸筹型,,D,回避：资金观望,0.1
002633,申科股份,15.23,93.7,0.35,218.8,6.0,35027639,33216457,30903376,-1286639,-1413452,5949252,放量,中,主力偏强放量,进场,资金观望型,资金+业绩共振(双击候选),B,关注：资金+业绩共振,90.0
002698,博实股份,11.1,-86.4,0.8,-36.5,-7.17,-19041758,-31231431,-59409892,-466674,200129,3202445,缩量,低,情绪退潮,观望,资金撤退型,,D,回避：资金撤退,-2.4
002700,万憬能源,6.34,-50.2,1.37,-25.2,-2.12,-2756063,-8040821,18330,-243357,-1534788,1685678,缩量,低,情绪退潮,观望,资金观望型,,D,回避：资金观望,-0.7
002701,奥瑞金,4.32,-38.1,0.81,-19.1,-5.36,-21001286,8307940,48602432,1405232,1764804,4093673,缩量,低,情绪退潮,观望,高位分歧型,,D,回避：资金观望,-1.8
002702,海欣食品,5.38,-33.7,1.32,-43.9,-0.44,-3859488,-69545234,-59842621,-3030773,-4553441,431814,缩量,低,情绪退潮,观望,资金观望型,,D,回避：资金观望,-0.1
002703,浙江世宝,15.65,1.7,0.93,-41.2,-1.45,-39853841,-112767596,-280299463,54864524,36755535,-42912875,缩量,低,情绪退潮,观望,资金撤退型,,D,回避：资金撤退,-0.5
002705,新宝股份,11.62,-5.4,0.21,206.5,3.29,21941778,42825264,26680701,-6426251,-545720,6552877,缩量,低,情绪退潮,观望,趋势转多型,,D,回避：资金观望,1.1
002706,良信股份,8.34,-61.7,0.42,-30.4,-12.43,-65582992,-91551051,-246557885,-7454849,912759,10022446,缩量,低,情绪退潮,观望,资金撤退型,,D,回避：资金撤退,-4.1
002707,众信旅游,5.03,-40.3,0.88,-43.7,-6.46,-21777552,-24205649,-47550719,-1674160,1294272,1638161,缩量,低,情绪退潮,观望,资金撤退型,,D,回避：资金撤退,-2.2
002708,光洋股份,17.43,184.6,0.54,-32.9,-2.18,-69438815,-83708490,275358415,25055910,20269778,-29738841,放量,低,游资情绪,观望,长线吸筹型,,D,回避：资金观望,7.3
002642,荣联科技,6.92,-72.9,0.48,4.8,4.4,16326010,17810987,-6867984,2713535,-916654,633541,缩量,低,情绪退潮,进场,趋势转多型,资金+业绩共振(双击候选),B,关注：资金+业绩共振,73.5
002635,安洁科技,14.12,8.0,1.5,116.4,7.48,244785274,241378731,110573184,-45751004,-23201514,49637643,缩量,中,主力惜售,进场,资金观望型,资金+业绩共振(双击候选),B,关注：资金+业绩共振,86.5
002712,思美传媒,5.0,-6.7,0.82,-34.7,1.77,6212529,-2154600,-7450578,-4722113,-925180,2557155,缩量,低,情绪退潮,观望,资金观望型,,D,回避：资金观望,0.6
002713,东易日盛,9.8,-43.4,0.62,3.6,1.87,12194397,112858383,186439225,-2532702,-3155290,-1930643,缩量,低,情绪退潮,观望,均衡流入型,,D,回避：资金观望,0.6
002640,跨境通,3.91,268.3,0.36,279.0,1.48,87806818,248178046,286410453,84258593,84059125,-34496563,放量,低,游资情绪,抢筹,均衡流入型,纯资金炒作(亏损风险),C,谨慎：纯资金炒作,28.5
002715,登云股份,13.28,-64.0,0.31,-4.8,-4.09,-6270861,-5012790,-24638083,43117,0,-1121859,缩量,低,情绪退潮,观望,资金观望型,,D,回避：资金观望,-1.4
002716,湖南白银,8.77,-63.6,0.74,-46.0,-9.1,-393542677,-618859322,-1505164383,-31185740,-33287660,38121145,缩量,低,情绪退潮,观望,资金撤退型,,D,回避：资金撤退,-3.0
002646,天佑德酒,7.14,74.6,1.28,43.2,4.72,34483360,37593081,41844664,2871974,920328,-2873713,放量,低,游资情绪,进场,均衡流入型,资金+业绩共振(双击候选),B,关注：资金+业绩共振,81.6
002721,金一文化,2.59,-70.2,1.61,-76.2,-4.91,-24490786,-19794348,225670330,-4614721,-4836769,3242121,缩量,低,情绪退潮,观望,长线吸筹型,,D,回避：资金观望,-1.6
002722,物产金轮,13.13,-34.6,0.55,-19.7,-3.85,-5810625,-3376031,-10421873,-1661513,745685,3638561,缩量,低,情绪退潮,观望,资金观望型,,D,回避：资金观望,-1.3
002723,小崧股份,7.31,-33.6,0.25,27.7,-10.77,-33450053,-55605254,-40831585,-2428357,-1363880,384708,缩量,低,情绪退潮,观望,资金观望型,,D,回避：资金观望,-3.6
002663,普邦股份,1.75,0.5,0.32,29.3,6.59,17098548,11710734,39169394,2199854,3024988,-1600144,缩量,中,主力惜售,吸筹,资金观望型,纯资金炒作(亏损风险),C,谨慎：纯资金炒作,18.2
002725,跃岭股份,10.81,-70.9,0.35,-11.3,-1.25,-2018938,-6093610,-10458986,229596,739477,-882315,缩量,低,情绪退潮,观望,资金撤退型,,D,回避：资金撤退,-0.4
002727,一心堂,10.72,-66.0,1.77,-14.9,-1.89,-3839704,-423084,-7778018,-2072511,-81267,4068349,缩量,低,情绪退潮,观望,资金观望型,,D,回避：资金观望,-0.6
002728,特一药业,9.91,-24.0,1.74,37.4,-2.36,-18811772,4864629,29603995,20637281,19271165,-19406747,缩量,低,情绪退潮,观望,资金观望型,,D,回避：资金观望,-0.8
002729,好利科技,13.63,-57.2,0.48,-10.9,-2.88,-5694216,-7384881,-14700552,1268096,-510012,-1374909,缩量,低,情绪退潮,观望,资金撤退型,,D,回避：资金撤退,-1.0
002647,仁东控股,11.08,-41.7,0.36,51.5,15.1,223665388,220852142,151617914,-18694206,-13056917,2274408,缩量,高,主力控盘,控盘,资金观望型,控盘+盈利(稳健),B,关注：控盘稳健+盈利,73
002648,卫星化学,26.51,-38.4,0.74,-28.9,1.9,72134316,-65019733,-232343136,4927407,11830910,-7042621,缩量,低,情绪退潮,吸筹,资金观望型,资金+业绩共振(双击候选),B,关注：资金+业绩共振,64.6
002733,雄韬股份,17.17,-43.0,0.27,-8.6,-1.79,-14216740,-40197957,-77046135,-1947738,-208804,5694565,缩量,低,情绪退潮,观望,资金撤退型,,D,回避：资金撤退,-0.6
002734,利民股份,18.53,42.3,0.53,48.8,-6.39,-182433546,-97478678,-88071508,9991689,-2739204,-31310177,缩量,低,情绪退潮,观望,资金观望型,,D,回避：资金观望,-2.1
002735,王子新材,10.7,-21.4,1.29,-1.1,-6.63,-80679269,55579435,168531333,6316214,5021727,-8376334,缩量,低,情绪退潮,观望,高位分歧型,,D,回避：资金观望,-2.2
002671,龙泉股份,4.06,-31.1,0.56,-13.7,0.21,324724,3022550,5028218,182189,0,-134118,缩量,低,情绪退潮,进场,均衡流入型,资金+业绩共振(双击候选),B,关注：资金+业绩共振,72.1
002737,葵花药业,11.4,-59.2,0.57,-23.7,-2.64,-4986611,-6299197,9559112,-3779595,-1331100,5229837,缩量,低,情绪退潮,观望,长线吸筹型,,D,回避：资金观望,-0.9
002672,东江环保,3.7,143.6,1.07,291.6,7.57,53572329,51175009,45219617,1335485,2774925,2144243,放量,中,主力偏强放量,进场,资金观望型,纯资金炒作(亏损风险),C,谨慎：纯资金炒作,30.5
002739,儒意电影,8.22,-81.1,3.5,-39.3,-7.96,-110283872,-127629830,-178552475,-27535164,-20837108,29896438,缩量,低,情绪退潮,观望,资金撤退型,,D,回避：资金撤退,-2.7
002674,兴业科技,19.82,-81.7,16.66,-32.0,2.89,24950399,53745063,-62404084,6130943,477045,-15479142,缩量,低,情绪退潮,进场,趋势转多型,资金+业绩共振(双击候选),B,关注：资金+业绩共振,73.0
002742,冀衡医药,4.16,16.7,0.74,-64.4,-0.52,-2080123,-21029990,-289753988,-3963697,-3198362,4790726,缩量,低,情绪退潮,观望,资金撤退型,,D,回避：资金撤退,-0.2
002745,木林森,11.56,-53.1,1.68,-4.2,-0.79,-20094254,-154838766,-199319917,-27371842,-32419845,8522534,缩量,低,情绪退潮,观望,资金撤退型,,D,回避：资金撤退,-0.3
002746,仙坛股份,6.22,-53.4,1.18,-51.2,-2.05,-6860539,-15407574,-101346828,-3716609,-2493332,-2949775,缩量,低,情绪退潮,观望,资金撤退型,,D,回避：资金撤退,-0.7
002747,埃斯顿,28.22,-79.8,3.61,2.4,-3.77,-139303536,-164029158,-577862162,8212155,-8198734,-22912799,缩量,低,情绪退潮,观望,资金撤退型,,D,回避：资金撤退,-1.3
002748,世龙实业,12.09,-57.7,1.03,1.8,-1.29,-2283054,-20031809,-37435823,-181317,0,-752545,缩量,低,情绪退潮,观望,资金撤退型,,D,回避：资金撤退,-0.4
002749,国光股份,8.51,-65.3,1.77,-59.8,-5.3,-3254673,-9336516,-11055214,-816398,0,2590872,缩量,低,情绪退潮,观望,资金撤退型,,D,回避：资金撤退,-1.8
002677,浙江美大,6.13,-65.1,0.84,102.2,5.06,16589463,1135839,-7880619,2928544,690556,-1347419,缩量,中,主力惜售,进场,资金观望型,资金+业绩共振(双击候选),B,关注：资金+业绩共振,85.7
002679,福建金森,11.65,971.8,0.78,-15.6,3.18,45407452,54060759,-101590016,4763303,-13381,-14642609,放量,低,游资情绪,进场,趋势转多型,资金+业绩共振(双击候选),B,关注：资金+业绩共振,81.1
002681,奋达科技,4.44,-65.9,1.14,-28.6,5.83,34357486,26206120,-97736233,-1554657,68502,673624,缩量,中,主力惜售,进场,资金观望型,纯资金炒作(亏损风险),C,谨慎：纯资金炒作,25.9
002683,广东宏大,27.86,-45.3,0.43,-39.8,-3.26,-22942945,-23496775,6753,11969251,14691569,-2816707,缩量,低,情绪退潮,吸筹,资金观望型,机构吸筹+盈利(关注),C,谨慎：资金流入未验证业绩,22.9
002697,红旗连锁,4.73,-10.2,0.79,-47.6,-3.38,-10598934,-9602169,-20913915,6009713,6599020,-4231200,缩量,低,情绪退潮,吸筹,资金观望型,机构吸筹+盈利(关注),C,谨慎：资金流入未验证业绩,22.9
002709,天赐材料,31.2,-61.9,0.3,-6.2,-6.48,-337050709,-395174821,-1360349672,-944251,23403066,-3506978,缩量,低,情绪退潮,吸筹,资金撤退型,机构吸筹+盈利(关注),C,谨慎：资金流入未验证业绩,21.8
002760,凤形股份,18.05,-38.7,0.67,-40.6,-1.78,-3365149,-6342396,-31065485,3909690,2092799,-7485521,缩量,低,情绪退潮,观望,资金撤退型,,D,回避：资金撤退,-0.6
002718,友邦吊顶,79.57,-42.1,0.84,23.4,2.73,16673621,-6797336,-12217198,2598839,3515352,-5892187,缩量,低,情绪退潮,进场,资金观望型,资金+业绩共振(双击候选),B,关注：资金+业绩共振,72.9
002714,牧原股份,42.45,-59.7,1.2,-21.1,3.98,244801403,-125094855,-205758120,25834653,12579865,-2672094,缩量,低,情绪退潮,吸筹,资金观望型,资金+业绩共振(双击候选),B,关注：资金+业绩共振,65.3
002765,蓝黛科技,6.75,-50.1,0.43,-45.8,-9.94,-18059300,-29637102,-21251094,-2016043,-715148,2176606,缩量,低,情绪退潮,观望,资金观望型,,D,回避：资金观望,-3.3
002730,电光科技,20.55,-58.1,0.25,42.6,0.46,3388798,9085948,4141295,4271328,6209377,-5915390,缩量,低,情绪退潮,吸筹,趋势转多型,资金+业绩共振(双击候选),B,关注：资金+业绩共振,64.2
002767,先锋电子,18.16,-51.1,1.39,69.2,-3.81,-8446453,-5162735,-19677786,21955,-1609218,-603364,缩量,低,情绪退潮,观望,资金观望型,,D,回避：资金观望,-1.3
002724,海洋王,6.98,199.4,0.9,169.2,5.25,73560051,226118566,184881012,-3677855,-267246,1188741,放量,中,主力偏强放量,进场,短线抢筹型,资金+业绩共振(双击候选),B,关注：资金+业绩共振,89.8
002769,普路通,6.72,-0.1,0.51,-38.3,-3.89,-11263174,-19243815,3610350,182002,-1069463,-102513,缩量,低,情绪退潮,观望,长线吸筹型,,D,回避：资金观望,-1.3
002771,真视通,13.64,-6.3,0.55,-36.2,-3.15,-13481828,-61805176,-56834693,-5412234,-4310966,-5817085,缩量,低,情绪退潮,观望,资金观望型,,D,回避：资金观望,-1.1
002772,众兴菌业,10.58,-56.7,0.73,-53.7,-11.14,-49311149,-50487241,-69749335,-3896213,-2581165,6614789,缩量,低,情绪退潮,观望,资金撤退型,,D,回避：资金撤退,-3.7
002773,康弘药业,21.8,88.8,1.2,152.7,3.3,53550874,76933005,44540329,-18952434,-22591102,2128894,放量,低,游资情绪,观望,趋势转多型,,D,回避：资金观望,9.1
002774,快意电梯,17.31,-27.4,1.8,57.8,-0.94,-8373326,-62748795,-64325863,10993134,1769696,-12113473,缩量,低,情绪退潮,观望,资金撤退型,,D,回避：资金撤退,-0.3
002775,文科股份,3.44,-50.5,1.55,-4.4,2.56,4265355,1153283,-6852057,-1970855,-679686,-1228349,缩量,低,情绪退潮,观望,资金观望型,,D,回避：资金观望,0.9
002777,久远银海,12.65,-62.6,0.82,-15.1,-0.64,-1481296,5569243,4068153,-562869,-1348702,-281519,缩量,低,情绪退潮,观望,资金观望型,,D,回避：资金观望,-0.2
002778,中晟高科,15.84,-45.9,0.51,-50.8,-6.18,-7578665,-14159208,-10310957,859384,-1137209,537288,缩量,低,情绪退潮,观望,资金观望型,,D,回避：资金观望,-2.1
002779,中坚科技,75.49,-46.7,0.38,-1.6,-4.51,-52119562,-88311040,7640182,-262875,513112,5145568,缩量,低,情绪退潮,观望,长线吸筹型,,D,回避：资金观望,-1.5
002780,三夫户外,14.5,-24.6,0.4,100.8,-4.06,-18502346,30163885,13188384,-4472087,-1990781,6132965,缩量,低,情绪退潮,观望,资金观望型,,D,回避：资金观望,-1.4
002782,可立克,13.99,-61.4,0.72,-7.5,-2.94,-15473391,-17469484,-46465199,888575,384011,-1524735,缩量,低,情绪退潮,观望,资金撤退型,,D,回避：资金撤退,-1.0
002783,凯龙股份,8.13,-19.6,0.64,-17.3,-3.33,-8616974,-13428965,-51987086,5291564,1863084,-4891304,缩量,低,情绪退潮,观望,资金撤退型,,D,回避：资金撤退,-1.1
002785,万里石,33.91,3.7,0.24,46.0,-1.22,-21979492,-9097259,46300794,-26071627,-35666778,13834802,缩量,低,情绪退潮,观望,资金观望型,,D,回避：资金观望,-0.4
002786,银宝山新,7.56,-45.1,0.34,21.2,-3.37,-6808349,-11752944,-27414405,1247688,-999378,-2473629,缩量,低,情绪退潮,观望,资金撤退型,,D,回避：资金撤退,-1.1
002741,光华科技,24.91,11.1,1.2,121.3,6.28,391282331,519491347,398480424,-139162436,-99216535,165493021,缩量,中,主力惜售,进场,短线抢筹型,资金+业绩共振(双击候选),B,关注：资金+业绩共振,86.1
002788,鹭燕医药,10.76,-60.1,0.78,1.6,-2.85,-20441755,-2830740,-2317886,3257367,561049,827526,缩量,低,情绪退潮,观望,资金观望型,,D,回避：资金观望,-1.0
002790,瑞尔特,6.44,197.0,0.56,30.0,-5.18,-33997548,-131731158,-115629698,-4201545,-2157440,7734595,放量,低,游资情绪,观望,资金观望型,,D,回避：资金观望,6.3
002738,中矿资源,42.5,-47.7,0.5,-11.8,0.18,7607286,-51768599,-488238059,2836648,5045390,27397196,缩量,低,情绪退潮,进场,资金观望型,资金+业绩共振(双击候选),B,关注：资金+业绩共振,72.1
002792,通宇通讯,28.82,-55.8,0.39,25.0,-9.5,-335220148,296272456,606641236,-48770142,-43478229,41707226,缩量,低,情绪退潮,观望,高位分歧型,,D,回避：资金观望,-3.2
002736,国信证券,9.8,-61.9,0.57,-23.3,-8.49,-56364005,-18345123,-123422863,1982909,5068451,-1040631,缩量,低,情绪退潮,吸筹,资金观望型,机构吸筹+盈利(关注),C,谨慎：资金流入未验证业绩,21.2
002795,永和智控,7.23,-35.5,0.3,44.8,2.27,14644898,73347810,102776364,-5168593,-1746729,2029169,缩量,低,情绪退潮,观望,主力建仓型,,D,回避：资金观望,0.8
002796,世嘉科技,25.94,-36.5,0.28,25.3,-0.8,-9410510,137107269,180069560,3385888,1981991,2641797,缩量,低,情绪退潮,观望,资金观望型,,D,回避：资金观望,-0.3
002797,第一创业,6.12,-58.7,0.24,-33.9,-10.39,-89279982,-115754606,-214124084,-2473095,5374679,3993814,缩量,低,情绪退潮,观望,资金撤退型,,D,回避：资金撤退,-3.5
002798,帝欧水华,6.58,-3.9,0.22,-35.7,-3.95,-11679710,-34446496,-10311812,-3567371,-142199,-627404,缩量,低,情绪退潮,观望,长线吸筹型,,D,回避：资金观望,-1.3
002732,燕塘乳业,14.27,-34.2,0.85,-19.1,-0.4,-390948,1090744,-2407689,1427275,526511,-508163,缩量,低,情绪退潮,吸筹,资金观望型,机构吸筹+盈利(关注),C,谨慎：资金流入未验证业绩,23.9
002800,天顺股份,14.98,-46.8,0.41,-33.4,-2.77,-3659952,-6065694,-16392269,1429383,1159726,-1534021,缩量,低,情绪退潮,观望,资金撤退型,,D,回避：资金撤退,-0.9
002753,永东股份,6.74,65.8,0.36,46.1,-12.0,-22316419,-12179073,-341309,3074365,1711152,1824756,放量,低,游资情绪,观望,资金观望型,,D,回避：资金观望,4.0
002802,洪汇新材,12.36,-45.9,0.21,-13.2,-5.13,-6237150,-6470890,-14674252,60661,0,399175,缩量,低,情绪退潮,观望,资金撤退型,,D,回避：资金撤退,-1.7
002803,吉宏股份,20.24,46.0,0.66,46.1,2.14,39537037,26642336,2059464,-27580971,-31986687,5837010,缩量,低,情绪退潮,观望,资金观望型,,D,回避：资金观望,0.7
002805,丰元股份,16.06,-10.1,0.26,4.3,-0.87,-6909169,-2511314,-35601510,6184213,-274970,-26048498,缩量,低,情绪退潮,观望,资金观望型,,D,回避：资金观望,-0.3
002752,昇兴股份,6.09,-49.3,0.29,-40.6,-0.14,-297520,-14962720,-20617677,1323009,794288,1290253,缩量,低,情绪退潮,观望,资金撤退型,,D,回避：资金撤退,-0.0
002807,江阴银行,4.2,-0.1,1.03,-23.1,2.96,21130929,9931062,13147121,-4579366,4580629,13558164,缩量,低,情绪退潮,观望,资金观望型,,D,回避：资金观望,1.0
002809,红墙股份,8.57,-26.0,0.66,-13.6,1.36,2440270,-7495583,-21515413,-1274663,-992009,956359,缩量,低,情绪退潮,观望,资金观望型,,D,回避：资金观望,0.5
002810,山东赫达,20.2,-63.1,0.34,-24.3,2.03,6582319,-7110403,-24837003,-3436167,-1607723,-559691,缩量,低,情绪退潮,观望,资金观望型,,D,回避：资金观望,0.7
002811,郑中设计,16.97,268.8,0.71,-0.4,-6.22,-84158089,-68762042,-72457357,33527700,12986034,-50326827,放量,低,游资情绪,观望,资金观望型,,D,回避：资金观望,5.9
002812,恩捷股份,45.51,-65.6,0.36,-21.3,-1.91,-45346747,-93915465,-497432389,6776632,13277265,-20266772,缩量,低,情绪退潮,观望,资金撤退型,,D,回避：资金撤退,-0.6
002758,浙农股份,8.48,6.0,0.48,-59.7,-7.1,-16667322,-26916815,-52871580,-4930928,-6076433,1509837,缩量,低,情绪退潮,观望,资金撤退型,,D,回避：资金撤退,-2.4
002815,崇达技术,23.01,95.0,1.04,16.0,-1.57,-126302015,-1161284939,-811879291,39588255,-5655412,61354501,放量,低,游资情绪,观望,资金观望型,,D,回避：资金观望,7.5
002817,黄山胶囊,6.8,-37.7,0.67,-8.9,-1.73,-2165424,-2610033,6719753,-1166489,-900,196265,缩量,低,情绪退潮,观望,长线吸筹型,,D,回避：资金观望,-0.6
002818,富森美,11.22,25.6,0.25,-7.2,-2.9,-7548828,4170702,30891739,1374961,-576896,1086751,缩量,低,情绪退潮,观望,高位分歧型,,D,回避：资金观望,-1.0
002819,东方中科,23.73,591.5,0.51,219.0,-1.1,-26187838,-46353534,-46880962,-2194705,-3396577,16216681,放量,低,游资情绪,观望,资金撤退型,,D,回避：资金撤退,7.6
002820,桂发祥,9.87,-13.9,0.61,-50.8,1.5,3888049,628490,-28853256,-522645,-522,-2212307,缩量,低,情绪退潮,观望,资金观望型,,D,回避：资金观望,0.5
002821,凯莱英,188.62,-10.7,2.16,14.8,-5.8,-417930988,-246061992,188032300,123704849,64075065,-94789759,缩量,低,情绪退潮,观望,高位分歧型,,D,回避：资金观望,-1.9
002823,凯中精密,12.72,-64.5,0.54,-13.3,-3.35,-6217719,-1984816,-28968502,-579836,57139,-1361230,缩量,低,情绪退潮,观望,资金观望型,,D,回避：资金观望,-1.1
002824,和胜股份,24.16,-42.9,0.71,19.2,-8.48,-137289280,-114549696,-211499865,-220531,-2649856,1690628,缩量,低,情绪退潮,观望,资金观望型,,D,回避：资金观望,-2.8
002825,纳尔股份,9.22,-26.3,0.7,-46.5,-9.44,-12490848,-49737285,-14175522,-940850,-1658028,-911111,缩量,低,情绪退潮,观望,长线吸筹型,,D,回避：资金观望,-3.1
002826,易明医药,17.59,-36.3,0.67,-16.1,3.19,12019782,-1444261,-4224975,-129668,-905728,3400546,缩量,低,情绪退潮,观望,资金观望型,,D,回避：资金观望,1.1
002827,高争民爆,59.0,148.5,2.78,15.7,-0.6,-35875147,27425723,395078821,-191925463,-169081106,113589333,放量,低,游资情绪,观望,长线吸筹型,,D,回避：资金观望,7.8
002828,贝肯能源,10.84,-88.8,1.8,-60.0,-0.89,-2591067,-25794312,-47617985,2613771,1076115,-3433405,缩量,低,情绪退潮,观望,资金撤退型,,D,回避：资金撤退,-0.3
002829,星网宇达,19.17,-81.5,1.76,-30.3,-5.68,-18527508,-12755134,-42324029,3962022,3205646,-3831356,缩量,低,情绪退潮,观望,资金观望型,,D,回避：资金观望,-1.9
002755,奥赛康,13.55,45.6,0.45,75.4,-1.22,-11177933,71132737,74003277,70818230,56583111,-38380440,缩量,低,情绪退潮,吸筹,资金观望型,机构吸筹+盈利(关注),C,谨慎：资金流入未验证业绩,23.6
002831,裕同科技,27.29,-54.6,0.48,-37.4,-0.3,-3166266,-10468075,-49875531,335223,-2440564,1674635,缩量,低,情绪退潮,观望,资金撤退型,,D,回避：资金撤退,-0.1
002757,南兴股份,18.43,53.5,0.21,35.5,2.24,82721899,97791649,70491779,-3493889,363508,9252544,放量,低,游资情绪,观望,趋势转多型,,D,回避：资金观望,8.7
002833,弘亚数控,19.33,82.3,0.57,4.7,0.93,4263707,3057949,-8726853,-3750968,-3321652,2007712,放量,低,游资情绪,观望,资金观望型,,D,回避：资金观望,8.3
002835,同为股份,13.19,-26.4,0.96,2.6,-3.46,-4238080,-2367455,-6519089,-334835,-1210442,-1011842,缩量,低,情绪退潮,观望,资金观望型,,D,回避：资金观望,-1.2
002763,汇洁股份,7.36,-51.9,0.19,-9.4,-0.18,-236061,-2435829,-2380965,967565,-468654,-108503,缩量,低,情绪退潮,观望,资金观望型,,D,回避：资金观望,-0.1
002766,索菱股份,4.02,-67.6,1.96,-47.5,2.78,9067671,4337231,7171323,938565,-1200863,-663503,缩量,低,情绪退潮,进场,资金观望型,纯资金炒作(亏损风险),C,谨慎：纯资金炒作,12.9
002762,金发拉比,9.26,-17.0,2.68,19.7,-7.19,-28347212,-45900790,-40989840,-456095,-1035791,-5966632,缩量,低,情绪退潮,观望,资金观望型,,D,回避：资金观望,-2.4
002768,国恩股份,69.81,-29.2,2.16,114.8,2.42,107126715,116882938,204459888,36381505,36985581,-17890365,缩量,低,情绪退潮,吸筹,均衡流入型,资金+业绩共振(双击候选),B,关注：资金+业绩共振,64.8
002787,华源控股,25.51,-21.2,0.61,0.4,1.21,19916123,261113110,518282639,34352515,25816056,-27127941,缩量,低,情绪退潮,进场,均衡流入型,资金+业绩共振(双击候选),B,关注：资金+业绩共振,72.4
002791,坚朗五金,15.95,38.4,0.82,50.6,0.92,4198142,2611727,-5647139,3962044,6218615,-1281840,缩量,低,情绪退潮,吸筹,资金观望型,纯资金炒作(亏损风险),C,谨慎：纯资金炒作,4.3
002793,罗欣药业,4.82,-46.6,1.16,30.4,-1.19,-7456077,-777866,-15894149,12072280,7829863,-5629562,缩量,低,情绪退潮,吸筹,资金观望型,纯资金炒作(亏损风险),C,谨慎：纯资金炒作,3.6
002799,环球印务,7.32,1086.3,0.82,148.3,4.47,28658919,28360747,25159218,14799583,7666630,-47938793,放量,低,游资情绪,进场,资金观望型,纯资金炒作(亏损风险),C,谨慎：纯资金炒作,21.5
002801,微光股份,26.61,-63.0,0.44,-25.9,-4.73,-5236519,-6738957,13007177,831881,125273,-60302,缩量,低,情绪退潮,吸筹,长线吸筹型,机构吸筹+盈利(关注),C,谨慎：资金流入未验证业绩,22.4
002813,路畅科技,26.38,-100.0,0.42,94.9,9.98,46145745,48840788,46130167,0,0,0,缩量,中,主力惜售,进场,趋势转多型,纯资金炒作(亏损风险),C,谨慎：纯资金炒作,27.3
002806,华锋股份,14.47,-22.5,0.84,152.6,1.72,8327046,49287964,43877380,1788065,4516677,1676197,缩量,低,情绪退潮,进场,趋势转多型,纯资金炒作(亏损风险),C,谨慎：纯资金炒作,12.6
002830,名雕股份,14.88,-59.9,0.73,-37.5,-0.98,-1669929,-436854,-6529157,1984451,1458199,-1294004,缩量,低,情绪退潮,吸筹,资金观望型,机构吸筹+盈利(关注),C,谨慎：资金流入未验证业绩,23.7
002836,新宏泽,12.12,508.1,0.54,459.8,4.35,51717578,41170890,49661856,5551052,4793835,-6045740,放量,低,游资情绪,进场,资金观望型,资金+业绩共振(双击候选),B,关注：资金+业绩共振,81.5
002832,比音勒芬,25.93,-61.3,0.85,-38.7,1.93,11599733,-5352243,-10077222,2639181,151358,-5198423,缩量,低,情绪退潮,进场,资金观望型,资金+业绩共振(双击候选),B,关注：资金+业绩共振,72.6
002756,永兴材料,38.99,-60.5,0.31,-5.4,-2.79,-40542828,-55822522,-173371745,10284445,8622825,-712012,缩量,低,情绪退潮,吸筹,资金撤退型,机构吸筹+盈利(关注),C,谨慎：资金流入未验证业绩,23.1
002761,浙江建投,7.68,142.8,0.44,-34.4,0.84,5233860,-8096763,17875305,12164216,22640897,-14200975,放量,低,游资情绪,抢筹,资金观望型,资金+业绩共振(双击候选),B,关注：资金+业绩共振,88.3
002837,英维克,53.95,-65.8,0.58,-40.3,-8.32,-672366325,-658325739,-2356717378,-66427936,-58832519,74382692,缩量,低,情绪退潮,观望,资金观望型,,D,回避：资金观望,-2.8
002839,张家港行,4.31,-6.3,1.04,-32.5,0.37,1751747,43554581,106567947,-3679329,-1830965,9408619,缩量,低,情绪退潮,观望,均衡流入型,,D,回避：资金观望,0.1
002841,视源股份,45.18,-77.8,3.97,-17.1,-1.01,-13551458,-16156104,8635669,1354904,1526120,-18097486,缩量,低,情绪退潮,观望,资金观望型,,D,回避：资金观望,-0.3
002842,翔鹭钨业,30.81,-79.9,0.57,-4.7,-10.12,-215438917,-168297755,-664828845,-8643710,-4781606,1177332,缩量,低,情绪退潮,观望,资金观望型,,D,回避：资金观望,-3.4
002845,同兴达,13.59,-69.1,1.34,8.7,-9.11,-35623767,-9513296,-33588240,-3985472,-3667271,2065098,缩量,低,情绪退潮,观望,资金观望型,,D,回避：资金观望,-3.0
002849,威星智能,21.37,538.0,0.75,255.2,2.26,87613681,150404173,91555278,-82125983,-81456178,77496093,放量,低,游资情绪,观望,趋势转多型,,D,回避：资金观望,8.8
002861,瀛通通讯,14.04,-65.6,0.91,-18.5,-1.77,-4766822,-8688379,-36548857,2421823,32756,-4276881,缩量,低,情绪退潮,观望,资金撤退型,,D,回避：资金撤退,-0.6
002862,实丰文化,14.66,24.8,0.61,-47.5,-1.56,-5523592,-39504343,11166324,-539498,-602988,4024655,缩量,低,情绪退潮,观望,长线吸筹型,,D,回避：资金观望,-0.5
002863,今飞凯达,4.76,-36.7,0.94,-28.1,-2.89,-5273854,-4710220,-4461408,3655994,652623,-4700636,缩量,低,情绪退潮,观望,资金观望型,,D,回避：资金观望,-1.0
002850,科达利,155.8,-35.4,0.78,4.2,-5.74,-171908088,-204018549,-283338664,-10873028,-8053030,73132012,缩量,低,情绪退潮,观望,资金撤退型,,D,回避：资金撤退,-1.9
002865,钧达股份,36.44,-54.0,0.2,0.1,-2.73,-25719850,-7347750,-33146665,350357,-5558349,-12175457,缩量,低,情绪退潮,观望,资金观望型,,D,回避：资金观望,-0.9
002847,盐津铺子,43.41,-74.8,0.91,-40.6,-5.48,-16576829,-12312310,-34602624,-2562813,-1406137,2311812,缩量,低,情绪退潮,观望,资金观望型,,D,回避：资金观望,-1.8
002867,周大生,10.14,-47.1,0.31,-26.4,-5.71,-17389838,-25524770,-90419175,473457,228053,2795943,缩量,低,情绪退潮,观望,资金撤退型,,D,回避：资金撤退,-1.9
002868,绿康生化,22.3,4.2,0.95,-74.6,-3.19,-6532855,-7941970,66232824,-980468,-3241375,-1233327,缩量,低,情绪退潮,观望,长线吸筹型,,D,回避：资金观望,-1.1
002851,麦格米特,115.72,-57.4,1.35,-12.5,1.46,245808901,430944005,1186449653,-113531596,-109542862,70389591,缩量,低,情绪退潮,观望,均衡流入型,,D,回避：资金观望,0.5
002870,香山股份,45.51,-16.8,1.38,-13.9,-4.78,-26696495,-54542759,-70245143,-3159891,-13655718,-2837177,缩量,低,情绪退潮,观望,资金撤退型,,D,回避：资金撤退,-1.6
002853,皮阿诺,21.16,-76.1,0.5,-24.2,-5.54,-4996047,-2644128,2546840,421900,0,-812377,缩量,低,情绪退潮,观望,高位分歧型,,D,回避：资金观望,-1.8
002873,新天药业,8.55,-59.5,0.6,5.5,-0.19,-361950,3010655,3477789,-426786,0,2515502,缩量,低,情绪退潮,观望,资金观望型,,D,回避：资金观望,-0.1
002875,安奈儿,12.7,-41.9,0.23,-50.7,-3.98,-8176172,-24648192,-16963204,529877,2281765,302921,缩量,低,情绪退潮,观望,资金观望型,,D,回避：资金观望,-1.3
002876,三利谱,31.3,-39.1,0.73,-12.1,-4.26,-22972175,-51601165,-51832919,-1149033,-1686370,-3091454,缩量,低,情绪退潮,观望,资金撤退型,,D,回避：资金撤退,-1.4
002877,智能自控,7.46,-23.5,0.53,5.2,-1.01,-1431081,3955509,16156629,1411390,2509383,-3103141,缩量,低,情绪退潮,观望,高位分歧型,,D,回避：资金观望,-0.3
002878,元隆雅图,12.68,-42.3,0.2,-24.5,-1.54,-4012257,-7130203,-22982134,3622719,1011664,-5518810,缩量,低,情绪退潮,观望,资金撤退型,,D,回避：资金撤退,-0.5
002838,道恩股份,24.55,-63.6,0.73,-10.3,0.52,2902848,-2657637,11699590,6554826,127455,-4821115,缩量,低,情绪退潮,进场,资金观望型,资金+业绩共振(双击候选),B,关注：资金+业绩共振,72.2
002880,卫光生物,22.23,72.2,0.87,-30.2,-3.59,-8822114,-9578026,-34818629,3168144,1416039,3092026,放量,低,游资情绪,观望,资金撤退型,,D,回避：资金撤退,6.8
002881,美格智能,42.41,-33.4,2.11,-31.6,-7.8,-117603688,-212274319,-244811991,15858325,8831204,-43513994,缩量,低,情绪退潮,观望,资金撤退型,,D,回避：资金撤退,-2.6
002855,捷荣技术,12.45,123.9,0.56,-65.2,-5.22,-34427113,-97668315,-66185843,-1850325,-626031,11013510,放量,低,游资情绪,观望,资金观望型,,D,回避：资金观望,6.3
002884,凌霄泵业,15.38,-56.9,0.41,-34.0,0.47,409298,-3048030,-5929362,-368451,-464550,-706134,缩量,低,情绪退潮,观望,资金观望型,,D,回避：资金观望,0.2
002885,京泉华,25.78,-33.7,0.44,-45.7,-4.22,-71484691,-76386362,118854266,-5132298,-7038137,-7118366,缩量,低,情绪退潮,观望,长线吸筹型,,D,回避：资金观望,-1.4
002886,沃特股份,23.64,47.4,0.89,-41.9,-5.17,-173135794,105802847,-37519842,-31220269,-14604261,63534427,缩量,低,情绪退潮,观望,资金观望型,,D,回避：资金观望,-1.7
002887,绿茵生态,8.73,43.4,0.51,25.9,1.31,5060328,3711049,-12406058,-1988771,4105925,1305443,缩量,低,情绪退潮,观望,资金观望型,,D,回避：资金观望,0.4
002888,惠威科技,18.6,-43.5,0.91,-59.9,0.47,963565,-2627996,-22828707,-241212,0,435273,缩量,低,情绪退潮,观望,资金观望型,,D,回避：资金观望,0.2
002889,东方嘉盛,12.04,-70.7,3.05,-18.2,-5.35,-5405088,-6285811,-20149788,-648304,0,280511,缩量,低,情绪退潮,观望,资金撤退型,,D,回避：资金撤退,-1.8
002890,弘宇股份,15.13,-32.9,0.47,-43.3,-1.9,-1998747,-2706368,3265500,1115613,575544,-1725442,缩量,低,情绪退潮,观望,资金观望型,,D,回避：资金观望,-0.6
002891,中宠股份,27.73,-77.3,1.39,-24.2,-3.49,-23029609,-101094,-25867781,690939,3087511,2347093,缩量,低,情绪退潮,观望,资金观望型,,D,回避：资金观望,-1.2
002892,科力尔,8.52,-48.5,0.65,-28.1,-3.71,-6693188,-6059682,-15793549,-2242588,-3077489,2015754,缩量,低,情绪退潮,观望,资金观望型,,D,回避：资金观望,-1.2
002857,三晖电气,17.69,-63.8,0.56,-22.6,-0.49,-679406,-4987107,-20477887,-94978,0,-1624651,缩量,低,情绪退潮,观望,资金撤退型,,D,回避：资金撤退,-0.2
002895,川恒股份,30.35,-67.9,0.54,-38.8,-3.25,-14181353,-3439883,-4758805,-3635015,-2294966,1409207,缩量,低,情绪退潮,观望,资金观望型,,D,回避：资金观望,-1.1
002896,中大力德,59.62,-63.0,1.42,13.6,0.29,6142155,-50127084,-195620116,-5018349,4468931,26191020,缩量,低,情绪退潮,观望,资金观望型,,D,回避：资金观望,0.1
002897,意华股份,57.99,-52.5,0.9,-21.7,-11.14,-308341215,-425271724,422563698,15119368,13923752,-15112090,缩量,低,情绪退潮,观望,长线吸筹型,,D,回避：资金观望,-3.7
002840,华统股份,8.19,-43.8,0.51,-27.9,0.74,6290226,32923682,1869387,26521,417329,6014655,缩量,低,情绪退潮,进场,趋势转多型,纯资金炒作(亏损风险),C,谨慎：纯资金炒作,12.2
002900,哈三联,12.97,-4.1,6.03,156.1,1.0,15139536,76843089,33948068,-12282374,-3488898,19089183,缩量,低,情绪退潮,观望,趋势转多型,,D,回避：资金观望,0.3
002901,大博医疗,40.86,-71.3,1.08,32.0,-0.08,-258064,6811872,-26716519,-1109148,-1137442,3741266,缩量,低,情绪退潮,观望,资金观望型,,D,回避：资金观望,-0.0
002902,铭普光磁,25.64,-32.3,0.31,33.1,-6.29,-146589832,104898030,472921462,-29520043,-9850603,46268874,缩量,低,情绪退潮,观望,高位分歧型,,D,回避：资金观望,-2.1
002843,泰嘉股份,14.72,-52.2,0.33,-29.4,1.75,8508963,9651442,6331924,9841884,5698315,-16927358,缩量,低,情绪退潮,进场,趋势转多型,纯资金炒作(亏损风险),C,谨慎：纯资金炒作,12.6
002905,金逸影视,8.72,-27.2,0.7,-37.2,-5.72,-12788431,-11775170,-21383640,-1435102,-817850,848072,缩量,低,情绪退潮,观望,资金观望型,,D,回避：资金观望,-1.9
002860,星帅尔,18.39,-100.0,3.34,-16.2,6.85,68642530,21643970,44294666,0,0,0,缩量,中,主力惜售,进场,资金观望型,资金+业绩共振(双击候选),B,关注：资金+业绩共振,86.3
002858,力盛体育,11.63,-17.7,0.33,-30.8,-5.01,-12464078,-16622944,-32726433,672246,-2064373,2972182,缩量,低,情绪退潮,观望,资金撤退型,,D,回避：资金撤退,-1.7
002869,金溢科技,17.4,126.3,0.76,170.9,0.87,4310584,54444724,44385532,6122518,1320645,-3995320,放量,低,游资情绪,抢筹,趋势转多型,纯资金炒作(亏损风险),C,谨慎：纯资金炒作,28.3
002848,高斯贝尔,14.42,57.6,1.05,12.0,2.91,25232669,-43481340,-6474210,11723245,2806340,-12072704,放量,低,游资情绪,进场,资金观望型,纯资金炒作(亏损风险),C,谨慎：纯资金炒作,21.0
002864,盘龙药业,21.05,-76.7,1.48,-22.9,1.82,2824320,1806676,-15802565,561334,-844000,-1225539,缩量,低,情绪退潮,进场,资金观望型,资金+业绩共振(双击候选),B,关注：资金+业绩共振,72.6
002866,传艺科技,16.9,224.2,0.16,89.3,7.15,68115880,62384302,49867880,-21513394,-1235107,28092108,放量,中,主力偏强放量,进场,资金观望型,资金+业绩共振(双击候选),B,关注：资金+业绩共振,90.4
002852,道道全,8.69,236.8,0.65,-37.4,7.11,51522020,50011516,63944750,712679,1674164,-5028863,放量,中,主力偏强放量,进场,资金观望型,资金+业绩共振(双击候选),B,关注：资金+业绩共振,90.4
002871,伟隆股份,16.98,-49.7,0.52,-43.9,-1.4,-3676224,-775493,-45337874,393824,1015823,-761157,缩量,低,情绪退潮,吸筹,资金观望型,机构吸筹+盈利(关注),C,谨慎：资金流入未验证业绩,23.5
002846,英联股份,11.5,268.3,0.42,303.3,9.36,115740009,145671002,138393446,-5292988,19592319,2310558,放量,中,主力偏强放量,进场,短线抢筹型,资金+业绩共振(双击候选),B,关注：资金+业绩共振,91.1
002879,长缆科技,16.88,-45.2,2.26,24.8,6.83,87089985,105249422,111228179,-3390846,594876,-2765851,缩量,中,主力惜售,进场,均衡流入型,资金+业绩共振(双击候选),B,关注：资金+业绩共振,86.3
002882,金龙羽,24.98,271.9,2.15,9.8,9.59,179714980,278397084,450708893,-43877513,-29754836,50821588,放量,中,主力偏强放量,进场,主力强攻型,资金+业绩共振(双击候选),B,关注：资金+业绩共振,91.2
002893,京能热力,10.71,248.3,0.51,-64.3,-0.51,-2734970,-29813292,41796185,13601341,4634288,-27503931,放量,低,游资情绪,抢筹,长线吸筹型,机构吸筹+盈利(关注),C,谨慎：资金流入未验证业绩,47.8
002908,德生科技,7.03,-48.2,1.05,-21.5,1.7,2151047,5372189,-2344794,-1946364,-1267917,1383016,缩量,低,情绪退潮,观望,趋势转多型,,D,回避：资金观望,0.6
002899,英派斯,20.4,-18.0,0.5,-10.5,2.39,8830471,-4798731,13405814,6682353,10131686,-6014519,缩量,低,情绪退潮,吸筹,资金观望型,资金+业绩共振(双击候选),B,关注：资金+业绩共振,64.8
002903,宇环数控,27.97,-67.5,0.5,-0.4,1.68,14087298,75619649,7895740,9872925,868614,-5732657,缩量,低,情绪退潮,进场,趋势转多型,纯资金炒作(亏损风险),C,谨慎：纯资金炒作,12.6
002906,华阳集团,26.62,-27.8,0.61,-33.6,-6.03,-36291730,-37646273,-91548165,-13321783,-11860714,11373746,缩量,低,情绪退潮,观望,资金撤退型,,D,回避：资金撤退,-2.0
002859,洁美科技,59.14,-76.9,2.49,-4.2,-4.47,-150657242,-220262904,-276228186,3345164,13856387,-11713758,缩量,低,情绪退潮,吸筹,资金撤退型,机构吸筹+盈利(关注),C,谨慎：资金流入未验证业绩,22.5
002910,庄园牧场,10.31,-28.4,2.09,-50.2,-0.32,-928316,-5589800,-10057704,1200195,-623962,-6395877,缩量,低,情绪退潮,观望,资金撤退型,,D,回避：资金撤退,-0.1
002926,华西证券,8.15,-62.7,0.8,-15.0,-13.97,-58122281,-33965421,-15959231,-1098034,-4696696,-885760,缩量,低,情绪退潮,观望,资金观望型,,D,回避：资金观望,-4.7
002927,泰永长征,18.71,81.8,0.73,113.5,-4.31,-48038415,60539748,57784598,-19365180,-10715718,38679835,放量,低,游资情绪,观望,资金观望型,,D,回避：资金观望,6.6
002928,华夏航空,6.37,44.7,0.57,15.6,0.69,6527774,-1592564,-70140760,-9645014,1954439,14949537,缩量,低,情绪退潮,观望,资金观望型,,D,回避：资金观望,0.2
002929,润建股份,46.11,-77.1,0.49,-7.1,-0.12,-1624913,67774698,-80859134,-16650086,-7601806,11063178,缩量,低,情绪退潮,观望,资金观望型,,D,回避：资金观望,-0.0
002930,宏川智慧,8.93,-59.3,0.16,-45.8,-0.38,-730864,-3629323,-21035333,-4060095,-1758148,3093688,缩量,低,情绪退潮,观望,资金撤退型,,D,回避：资金撤退,-0.1
002911,佛燃能源,11.21,-42.4,0.84,-31.2,1.7,4275806,6179540,10411039,-2983779,-1607690,4640419,缩量,低,情绪退潮,观望,均衡流入型,,D,回避：资金观望,0.6
002933,新兴装备,27.37,-2.1,0.51,-15.4,-1.26,-2164795,-7664396,-28172347,-1105720,-849093,-3400154,缩量,低,情绪退潮,观望,资金撤退型,,D,回避：资金撤退,-0.4
002917,金奥博,10.03,-49.0,0.4,-22.4,-6.6,-7115267,-8236699,-12287797,350764,461113,-1504834,缩量,低,情绪退潮,观望,资金撤退型,,D,回避：资金撤退,-2.2
002918,蒙娜丽莎,10.64,-2.8,1.09,-21.2,-0.45,-4071728,18578633,77918594,-244104,314331,8392149,缩量,低,情绪退潮,观望,高位分歧型,,D,回避：资金观望,-0.1
002922,伊戈尔,21.44,-65.0,0.56,-46.6,-1.51,-16869003,-24622909,24812852,-2655276,3008096,9824117,缩量,低,情绪退潮,观望,资金观望型,,D,回避：资金观望,-0.5
002938,鹏鼎控股,79.55,-60.4,0.98,-7.8,-5.21,-428174898,-529078612,-631953995,4448556,-15901854,-32523806,缩量,低,情绪退潮,观望,资金撤退型,,D,回避：资金撤退,-1.7
002923,润都股份,11.03,-47.6,0.83,8.7,-1.36,-3883625,-7429607,-12612427,-3998842,-1256852,5919572,缩量,低,情绪退潮,观望,资金撤退型,,D,回避：资金撤退,-0.5
002940,昂利康,22.96,-49.0,0.66,-64.3,-6.34,-34189188,-37215125,143378114,9195568,6356513,-11411669,缩量,低,情绪退潮,观望,长线吸筹型,,D,回避：资金观望,-2.1
002920,德赛西威,79.28,-65.3,1.0,-25.4,-4.93,-86384862,-110451431,-124381759,-7033610,-4283521,11963412,缩量,低,情绪退潮,观望,资金撤退型,,D,回避：资金撤退,-1.6
002909,集泰股份,6.71,1401.4,0.69,-38.9,9.28,244046336,159143175,146116984,-41588276,-33921877,48386064,放量,中,主力偏强放量,进场,资金观望型,纯资金炒作(亏损风险),C,谨慎：纯资金炒作,31.1
002943,宇晶股份,28.28,-55.4,0.44,-24.7,2.74,31544678,79229313,-6954760,-905123,-4209553,5298100,缩量,低,情绪退潮,观望,趋势转多型,,D,回避：资金观望,0.9
002945,华林证券,13.98,-61.4,0.84,-47.2,-13.01,-90244919,-55715656,64092802,-3080883,50241,3177198,缩量,低,情绪退潮,观望,高位分歧型,,D,回避：资金观望,-4.3
002946,新乳业,14.82,-35.1,1.04,-25.9,-0.16,-495401,-2253311,-1986903,4360778,2688720,2398722,缩量,低,情绪退潮,观望,资金观望型,,D,回避：资金观望,-0.1
002947,恒铭达,55.98,-48.1,0.4,-38.5,-4.76,-73641033,60150413,141757950,-5863544,-4880101,-13678240,缩量,低,情绪退潮,观望,资金观望型,,D,回避：资金观望,-1.6
002948,青岛银行,6.15,2.1,0.65,-16.3,-5.65,-56950239,-72932561,-233561860,1031225,-1269444,13946405,缩量,低,情绪退潮,观望,资金撤退型,,D,回避：资金撤退,-1.9
002949,华阳国际,13.14,183.1,0.39,-45.6,-0.78,-3349338,2603962,-401627,-3215941,-2851873,998339,放量,低,游资情绪,观望,资金观望型,,D,回避：资金观望,7.7
002950,奥美医疗,8.54,-39.4,0.23,3.1,-5.97,-12138204,-21303801,-40053844,664147,2029906,3098762,缩量,低,情绪退潮,观望,资金撤退型,,D,回避：资金撤退,-2.0
002931,锋龙股份,39.34,-25.9,0.85,0.7,1.19,13567295,-42108957,-143114341,18219588,10034410,-54407223,缩量,低,情绪退潮,进场,资金观望型,资金+业绩共振(双击候选),B,关注：资金+业绩共振,72.4
002912,中新赛克,26.6,1011.8,1.15,263.3,9.02,269829144,70979200,171643947,-82749098,-52372745,-9547669,放量,中,主力偏强放量,进场,资金观望型,资金+业绩共振(双击候选),B,关注：资金+业绩共振,91.0
002953,日丰股份,9.87,-51.8,1.39,-60.7,-7.2,-21809132,-18014529,-24430609,-3126473,-904995,6023060,缩量,低,情绪退潮,观望,资金观望型,,D,回避：资金观望,-2.4
002955,鸿合科技,35.43,-62.3,3.34,-31.6,0.46,3841077,26246186,110818131,-2840156,-5611569,-5074606,缩量,低,情绪退潮,观望,均衡流入型,,D,回避：资金观望,0.2
002907,华森制药,14.9,71.4,3.6,27.9,-5.3,-43736294,11557608,-39702332,18224432,14071410,-28857370,放量,低,游资情绪,抢筹,资金观望型,机构吸筹+盈利(关注),C,谨慎：资金流入未验证业绩,46.2
002957,科瑞技术,35.28,-40.4,0.58,77.2,3.08,135176196,413866506,383905474,-29754937,-13828294,65949085,缩量,低,情绪退潮,观望,趋势转多型,,D,回避：资金观望,1.0
002958,青农商行,2.94,-21.2,1.54,-37.0,-0.18,-1495861,57334621,5176204,5158064,3771318,9612674,缩量,低,情绪退潮,观望,资金观望型,,D,回避：资金观望,-0.1
002959,小熊电器,35.52,474.3,0.54,330.0,-0.54,-3408583,-6851709,-13878630,494679,-1247350,-4143121,放量,低,游资情绪,观望,资金撤退型,,D,回避：资金撤退,7.8
002960,青鸟智控,8.7,-14.8,0.42,24.4,-4.76,-15465644,-21111230,-34518169,8233979,3714950,-8456382,缩量,低,情绪退潮,观望,资金撤退型,,D,回避：资金撤退,-1.6
002961,瑞达期货,13.35,27.7,0.51,82.8,-3.96,-33829719,105616579,78900157,-15854502,-12485383,14988173,缩量,低,情绪退潮,观望,资金观望型,,D,回避：资金观望,-1.3
002925,盈趣科技,22.2,-52.8,1.07,-20.8,-4.98,-60284890,-135671784,-139950564,1502216,636204,-5281313,缩量,低,情绪退潮,观望,资金撤退型,,D,回避：资金撤退,-1.7
002963,豪尔赛,21.59,-7.5,1.64,-22.0,3.9,33746638,97444175,207866629,-343000,-4224505,410151,缩量,低,情绪退潮,观望,主力建仓型,,D,回避：资金观望,1.3
002965,祥鑫科技,28.98,-70.7,1.78,53.2,0.25,3882905,99907509,-51824445,-11266929,-6258409,4612557,缩量,低,情绪退潮,观望,趋势转多型,,D,回避：资金观望,0.1
002915,中欣氟材,16.24,-68.3,0.61,-59.5,-8.51,-28666366,-44115201,-100905532,1085424,3324563,-2721895,缩量,低,情绪退潮,吸筹,资金撤退型,机构吸筹+盈利(关注),C,谨慎：资金流入未验证业绩,21.2
002967,广电计量,17.56,-37.1,0.27,34.3,2.88,17954284,10547163,-2148003,-1080707,1813349,-4625262,缩量,低,情绪退潮,观望,资金观望型,,D,回避：资金观望,1.0
002936,郑州银行,1.74,4.8,1.49,-16.4,0.11,816551,52383971,81307427,3056553,-3529398,4676836,缩量,低,情绪退潮,进场,均衡流入型,资金+业绩共振(双击候选),B,关注：资金+业绩共振,72.0
002969,嘉美包装,10.65,-83.3,0.52,-64.3,-6.33,-51046943,-94950925,74161555,-2226949,-5852904,11422829,缩量,低,情绪退潮,观望,长线吸筹型,,D,回避：资金观望,-2.1
002970,锐明技术,41.7,-44.1,0.32,-41.3,-7.91,-55333665,-89135474,-67466780,8913285,2074088,-10692907,缩量,低,情绪退潮,观望,资金观望型,,D,回避：资金观望,-2.6
002971,和远气体,38.6,-34.9,3.11,27.7,1.78,84180365,464865254,381636007,-34077034,-13990231,51126547,缩量,低,情绪退潮,观望,趋势转多型,,D,回避：资金观望,0.6
002972,科安达,13.0,-42.4,1.57,-34.5,-1.62,-6011605,-34135574,29019721,-2447506,-3665396,-170045,缩量,低,情绪退潮,观望,长线吸筹型,,D,回避：资金观望,-0.5
002973,侨银股份,11.59,33.5,1.54,1.3,-2.54,-10592921,-333503,-14090107,-16813758,-14610094,9676369,缩量,低,情绪退潮,观望,资金观望型,,D,回避：资金观望,-0.8
002935,天奥电子,17.57,40.0,0.3,290.7,2.7,45001998,39491144,25521188,2652410,5141755,1596249,缩量,低,情绪退潮,进场,资金观望型,资金+业绩共振(双击候选),B,关注：资金+业绩共振,72.9
002976,瑞玛精密,21.5,-12.6,1.33,75.6,-1.69,-22521650,-25216324,21908283,-7793628,-12483216,3495942,缩量,低,情绪退潮,观望,资金观望型,,D,回避：资金观望,-0.6
002978,安宁股份,25.05,-45.6,0.62,-25.9,-4.32,-7651190,-12775177,-12401400,-518367,-2599289,2416221,缩量,低,情绪退潮,观望,资金观望型,,D,回避：资金观望,-1.4
002979,雷赛智能,52.47,-68.1,0.91,-10.1,-1.38,-17616285,-38614177,-274594439,1440209,5167044,-31018383,缩量,低,情绪退潮,观望,资金撤退型,,D,回避：资金撤退,-0.5
002980,华盛昌,104.97,-14.9,0.6,-13.0,-1.75,-86095167,138211785,407828942,54557879,44319061,-84176537,缩量,低,情绪退潮,观望,高位分歧型,,D,回避：资金观望,-0.6
002981,朝阳科技,23.23,70.3,0.63,287.8,-1.82,-10918071,-49640537,-51550250,-1121349,552170,-8442610,放量,低,游资情绪,观望,资金撤退型,,D,回避：资金撤退,7.4
002982,湘佳股份,12.78,-46.0,0.66,-39.2,0.59,1302028,342183,-10572662,-604097,0,-711729,缩量,低,情绪退潮,观望,资金观望型,,D,回避：资金观望,0.2
002983,芯瑞达,21.58,-47.3,0.75,-5.5,-4.13,-7395252,-938109,4696736,1555483,669576,708537,缩量,低,情绪退潮,观望,资金观望型,,D,回避：资金观望,-1.4
002984,森麒麟,13.02,-56.6,0.46,-31.0,-0.86,-3069611,7375265,-43889261,-9253149,-8792187,5912279,缩量,低,情绪退潮,观望,资金观望型,,D,回避：资金观望,-0.3
002985,北摩高科,26.15,-47.5,0.33,-45.8,-0.78,-3359215,-20359522,-23394022,-1473169,624016,7685006,缩量,低,情绪退潮,观望,资金撤退型,,D,回避：资金撤退,-0.3
002986,宇新股份,12.57,-72.8,0.51,-34.9,0.07,117938,8595151,-16417743,-383728,-1662374,-882708,缩量,低,情绪退潮,观望,趋势转多型,,D,回避：资金观望,0.0
002987,京北方,10.39,-72.3,1.51,-42.2,-6.07,-23674732,-39068061,-96367364,-57361,-3273418,7969350,缩量,低,情绪退潮,观望,资金撤退型,,D,回避：资金撤退,-2.0
002913,奥士康,92.3,304.8,0.75,49.8,0.68,38267952,-412923021,-387225546,36655670,-23053318,-61357757,放量,低,游资情绪,进场,资金观望型,资金+业绩共振(双击候选),B,关注：资金+业绩共振,80.2
002916,深南电路,373.01,-54.8,1.32,5.0,4.74,684465547,371797063,1433396585,6904385,-77147836,-78744223,缩量,低,情绪退潮,进场,资金观望型,资金+业绩共振(双击候选),B,关注：资金+业绩共振,73.6
002937,兴瑞科技,25.21,19.9,0.84,48.2,4.59,128062986,86531575,-10475873,5462495,110588,25625825,缩量,低,情绪退潮,进场,资金观望型,资金+业绩共振(双击候选),B,关注：资金+业绩共振,73.5
002991,甘源食品,38.57,88.0,0.66,-34.7,-1.98,-2843613,-4805620,-9406550,3633063,-2359800,-7095776,放量,低,游资情绪,观望,资金撤退型,,D,回避：资金撤退,7.3
002992,宝明科技,32.4,-47.2,0.4,14.9,1.62,5118515,-1323347,-9487789,-774630,1835562,52090,缩量,低,情绪退潮,观望,资金观望型,,D,回避：资金观望,0.5
002993,奥海科技,32.27,-73.3,1.01,-21.6,-5.92,-37742256,-51424416,-91532062,300115,1112684,1228963,缩量,低,情绪退潮,观望,资金撤退型,,D,回避：资金撤退,-2.0
002995,天地在线,16.86,-51.8,0.85,-3.8,-2.76,-14169199,1114827,-15354577,1765126,3904462,2208681,缩量,低,情绪退潮,观望,资金观望型,,D,回避：资金观望,-0.9
002996,顺博合金,5.95,-59.2,0.46,-44.2,-2.1,-2599906,-3159044,-5342153,-1211671,-1755890,968371,缩量,低,情绪退潮,观望,资金撤退型,,D,回避：资金撤退,-0.7
002997,瑞鹄模具,26.39,-14.3,0.27,-14.9,-4.86,-11252909,-139496716,-138079007,4037750,4789311,-6407292,缩量,低,情绪退潮,观望,资金观望型,,D,回避：资金观望,-1.6
002998,优彩资源,7.95,-48.8,1.65,-36.5,-4.45,-18356860,-39170646,-17835573,-5234505,-3978039,2856875,缩量,低,情绪退潮,观望,资金观望型,,D,回避：资金观望,-1.5
002942,新农股份,17.06,238.4,0.53,-70.6,-0.81,-2191894,-12004785,-78448125,3360201,3050592,-8295730,放量,低,游资情绪,抢筹,资金撤退型,机构吸筹+盈利(关注),C,谨慎：资金流入未验证业绩,47.7
002941,新疆交建,10.54,-54.4,0.71,-24.0,-1.26,-4120444,-5687654,-57634067,1377132,2600937,-1479003,缩量,低,情绪退潮,吸筹,资金撤退型,机构吸筹+盈利(关注),C,谨慎：资金流入未验证业绩,23.6
003001,中岩大地,19.4,1.3,2.61,521.5,0.34,6409965,180601063,156397164,-38266214,-23179564,74195292,缩量,低,情绪退潮,观望,趋势转多型,,D,回避：资金观望,0.1
003002,壶化股份,15.61,57.3,0.44,-51.8,-7.43,-33021283,-84370730,17487535,4439813,2356231,-4322892,放量,低,游资情绪,观望,长线吸筹型,,D,回避：资金观望,5.5
002919,名臣健康,15.59,-13.6,0.55,-11.6,-6.36,-19050476,-21710429,-19025167,-2912330,3192712,-413489,缩量,低,情绪退潮,吸筹,资金观望型,机构吸筹+盈利(关注),C,谨慎：资金流入未验证业绩,21.9
003004,声迅股份,60.22,-41.4,9.02,-17.9,-4.47,-26054344,-84497249,-65028253,11443667,8097074,-18502450,缩量,低,情绪退潮,观望,资金观望型,,D,回避：资金观望,-1.5
003005,竞业达,14.93,56.8,1.9,-62.4,-1.82,-16887319,-44485016,-255055897,-7256862,-765431,16861218,放量,低,游资情绪,观望,资金撤退型,,D,回避：资金撤退,7.4
002921,联诚精密,19.7,-71.9,0.62,-28.7,-6.33,-23157960,-28699778,-51946920,4373233,3916335,-3571582,缩量,低,情绪退潮,吸筹,资金撤退型,纯资金炒作(亏损风险),C,谨慎：纯资金炒作,1.9
002951,金时科技,15.61,-62.8,1.32,59.2,1.81,14164758,10016755,12982502,4023776,3565178,-4416431,缩量,低,情绪退潮,进场,资金观望型,纯资金炒作(亏损风险),C,谨慎：纯资金炒作,12.6
002939,长城证券,7.72,-69.6,0.82,-35.7,-9.96,-41237496,-46481695,-99794699,9311638,8639724,-2078554,缩量,低,情绪退潮,吸筹,资金撤退型,机构吸筹+盈利(关注),C,谨慎：资金流入未验证业绩,20.7
003009,中天火箭,44.05,-70.5,0.7,-43.4,-7.75,-38939864,-71051371,-14298702,-10053170,-3535739,5212534,缩量,低,情绪退潮,观望,长线吸筹型,,D,回避：资金观望,-2.6
003010,若羽臣,27.99,-68.5,1.03,-27.2,-4.25,-30974817,-15728864,-60123690,620778,-527820,-149223,缩量,低,情绪退潮,观望,资金观望型,,D,回避：资金观望,-1.4
003011,海象新材,19.73,-34.0,0.62,29.1,1.88,6224852,2162827,-21336606,-1373493,515799,542068,缩量,低,情绪退潮,观望,资金观望型,,D,回避：资金观望,0.6
002952,亚世光电,19.05,-34.4,0.23,-62.8,-4.54,-13649010,-25377541,-39855890,932378,1901150,-661263,缩量,低,情绪退潮,吸筹,资金撤退型,机构吸筹+盈利(关注),C,谨慎：资金流入未验证业绩,22.5
003013,地铁设计,16.31,12.3,5.18,-11.4,-7.86,-46899144,-118359002,-20607549,6115941,23214,-4067257,缩量,低,情绪退潮,观望,长线吸筹型,,D,回避：资金观望,-2.6
003015,日久光电,12.06,-57.3,0.73,15.8,-3.69,-8023917,-3171376,-11003226,1400405,-642265,-4055589,缩量,低,情绪退潮,观望,资金观望型,,D,回避：资金观望,-1.2
003016,欣贺股份,7.42,-21.4,0.77,14.3,-1.44,-2482711,-5299960,-7523652,909559,-620540,-831253,缩量,低,情绪退潮,观望,资金撤退型,,D,回避：资金撤退,-0.5
003017,大洋生物,22.63,6.6,0.44,3.1,-3.61,-6394372,-8707277,-8217107,3231691,1004746,-4936085,缩量,低,情绪退潮,观望,资金观望型,,D,回避：资金观望,-1.2
003018,金富科技,43.55,-43.2,0.73,-49.0,-9.04,-174567688,-110842523,-158217390,-13452668,-2030802,46098596,缩量,低,情绪退潮,观望,资金观望型,,D,回避：资金观望,-3.0
003019,宸展光电,26.08,-41.7,0.66,-21.7,-4.3,-16119183,-43693375,-47836639,-6260482,-6135827,477910,缩量,低,情绪退潮,观望,资金撤退型,,D,回避：资金撤退,-1.4
002968,新大正,10.14,187.5,0.57,67.8,-0.38,-1329202,279699,-2330893,4609233,536019,-4964759,放量,低,游资情绪,抢筹,资金观望型,机构吸筹+盈利(关注),C,谨慎：资金流入未验证业绩,47.9
003021,兆威机电,70.25,-26.6,0.52,1.3,-0.1,-839220,15358470,-37305224,11046010,10444344,-15789683,缩量,低,情绪退潮,观望,资金观望型,,D,回避：资金观望,-0.0
003022,联泓新科,18.16,-70.6,0.31,36.6,-5.32,-32385253,-27990394,-55508574,-4046532,-1955050,3637914,缩量,低,情绪退潮,观望,资金观望型,,D,回避：资金观望,-1.8
002956,西麦食品,17.57,-46.3,0.48,164.3,-1.15,-4756243,19700569,8611816,2900156,3187577,-848846,缩量,低,情绪退潮,吸筹,资金观望型,机构吸筹+盈利(关注),C,谨慎：资金流入未验证业绩,23.6
003025,思进智能,12.11,-52.4,0.79,-5.6,3.68,6240375,8982608,-3710690,-1386632,-208383,-1639250,缩量,低,情绪退潮,观望,趋势转多型,,D,回避：资金观望,1.2
003026,中晶科技,32.4,6.2,0.37,506.7,-4.19,-174842801,-17757002,-39487010,-11852171,-1076348,30564996,缩量,低,情绪退潮,观望,资金观望型,,D,回避：资金观望,-1.4
003027,同兴科技,16.72,-25.1,0.14,-8.4,2.07,2494205,1955261,1738164,-2303552,0,1437600,缩量,低,情绪退潮,观望,资金观望型,,D,回避：资金观望,0.7
003028,振邦智能,23.48,-18.8,0.54,-14.3,-2.24,-2405554,-3555192,991001,-895397,0,965674,缩量,低,情绪退潮,观望,资金观望型,,D,回避：资金观望,-0.7
003029,吉大正元,17.51,-0.0,1.22,-10.1,-11.19,-66524819,-78656951,-3234468,-1867805,112458,4914479,缩量,低,情绪退潮,观望,长线吸筹型,,D,回避：资金观望,-3.7
002962,五方光电,16.17,245.8,0.39,198.7,6.34,126131066,129288515,122066620,201111326,214652275,-104589454,放量,中,主力偏强放量,抢筹,趋势转多型,资金+业绩共振(双击候选),B,关注：资金+业绩共振,98.1
003031,中瓷电子,118.84,-44.7,0.65,24.4,-5.93,-293395193,-209959711,-268354604,36986514,18064138,-51282260,缩量,低,情绪退潮,观望,资金观望型,,D,回避：资金观望,-2.0
002975,博杰股份,101.95,4.4,0.98,3.0,3.38,223017363,343318521,368746745,37061874,23729327,-8318153,缩量,低,情绪退潮,吸筹,均衡流入型,资金+业绩共振(双击候选),B,关注：资金+业绩共振,65.1
003033,征和工业,84.12,-27.3,1.78,68.4,-4.4,-48997091,-67534815,-32090902,36192,3639635,1502542,缩量,低,情绪退潮,观望,资金观望型,,D,回避：资金观望,-1.5
003035,南网能源,5.34,-40.1,0.29,-40.4,-0.72,-4207320,-96833382,-12038332,2962973,1116139,-6736726,缩量,低,情绪退潮,观望,长线吸筹型,,D,回避：资金观望,-0.2
003036,泰坦股份,44.23,-5.6,0.73,30.2,0.66,22707089,-28468491,-8732665,-45750968,-23612731,71689622,缩量,低,情绪退潮,观望,资金观望型,,D,回避：资金观望,0.2
002966,苏州银行,9.3,-45.2,1.82,-27.1,-0.83,-10547721,-34393043,-189720688,27160079,31809614,-27361677,缩量,低,情绪退潮,吸筹,资金撤退型,机构吸筹+盈利(关注),C,谨慎：资金流入未验证业绩,23.7
003038,鑫铂股份,10.69,-38.3,0.55,-19.6,-0.66,-918413,5118595,3960691,-4170634,-598782,2344872,缩量,低,情绪退潮,观望,资金观望型,,D,回避：资金观望,-0.2
003039,顺控发展,12.49,-2.8,0.62,-70.9,-7.37,-19483703,-66397690,1468892,-2309873,-1246881,2060914,缩量,低,情绪退潮,观望,长线吸筹型,,D,回避：资金观望,-2.5
003040,楚天龙,14.39,176.8,2.04,-45.9,-7.47,-266702022,-388046494,-102335454,-12336170,-12211661,24378790,放量,低,游资情绪,观望,资金观望型,,D,回避：资金观望,5.5
002988,豪美新材,30.94,118.6,0.5,-49.5,1.08,6518386,35278278,136075734,9822487,4363467,-20731876,放量,低,游资情绪,抢筹,均衡流入型,资金+业绩共振(双击候选),B,关注：资金+业绩共振,88.4
003042,中农联合,14.4,-7.5,0.54,-33.6,-0.07,-291956,-1889947,-19378413,-834875,-1186830,1564187,缩量,低,情绪退潮,观望,资金撤退型,,D,回避：资金撤退,-0.0
003043,华亚智能,60.4,-35.4,2.21,-25.2,-3.48,-44882305,-10746708,-256379900,34473391,23088631,-34110529,缩量,低,情绪退潮,观望,资金观望型,,D,回避：资金观望,-1.2
002989,中天精装,22.61,-14.1,0.49,118.9,7.56,117422886,139057600,140523620,-19212012,-13761396,20576662,缩量,中,主力惜售,进场,均衡流入型,纯资金炒作(亏损风险),C,谨慎：纯资金炒作,26.5
002999,天禾股份,6.36,42.4,0.22,-75.8,-1.26,-3676397,-11208845,42181163,260920,1529566,-1259339,缩量,低,情绪退潮,吸筹,长线吸筹型,机构吸筹+盈利(关注),C,谨慎：资金流入未验证业绩,23.6
003000,劲仔食品,9.61,24.0,1.15,-27.9,0.34,623890,-3461729,-16370632,16649107,17825589,-5499120,缩量,低,情绪退潮,吸筹,资金观望型,资金+业绩共振(双击候选),B,关注：资金+业绩共振,64.1
003003,天元股份,11.18,-13.9,0.56,-0.1,0.32,600920,-1327721,-4488157,1125601,553340,-3050203,缩量,低,情绪退潮,进场,资金观望型,资金+业绩共振(双击候选),B,关注：资金+业绩共振,72.1
600004,白云机场,7.76,-16.4,0.6,-27.3,4.05,11415627,23812551,-26308537,-3295892,3151585,6908439,缩量,低,情绪退潮,观望,趋势转多型,,D,回避：资金观望,1.3
003007,直真科技,39.39,-51.6,0.23,-11.6,1.09,3236944,1050302,-14051520,6343093,600132,-6677820,缩量,低,情绪退潮,进场,资金观望型,资金+业绩共振(双击候选),B,关注：资金+业绩共振,72.4
003020,立方制药,17.26,-84.2,8.71,7.1,4.85,13422070,13264897,-914879,689201,-1311584,-5745380,缩量,低,情绪退潮,进场,资金观望型,资金+业绩共振(双击候选),B,关注：资金+业绩共振,73.6
003006,百亚股份,23.12,1173.5,0.83,132.5,23.11,1277694330,2406996088,2876270421,251048232,4896526,-149643803,放量,高,主力主导放量🔥(最强),进场,主力强攻型,资金+业绩共振(双击候选),A,金股候选：资金强攻+业绩共振,97
003008,开普检测,19.84,-37.3,0.45,-21.2,1.18,1064587,-654514,36912,244323,0,-728218,缩量,低,情绪退潮,进场,资金观望型,资金+业绩共振(双击候选),B,关注：资金+业绩共振,72.4
600009,上海机场,22.58,-59.7,0.97,-19.4,-6.47,-39653675,-122432506,-116768673,-6975308,-7976414,2737158,缩量,低,情绪退潮,观望,资金观望型,,D,回避：资金观望,-2.2
600010,包钢股份,2.09,-52.6,0.35,-8.4,-6.15,-166773790,-123619469,-485539908,-1734092,6294166,7573666,缩量,低,情绪退潮,观望,资金观望型,,D,回避：资金观望,-2.1
003012,东鹏控股,4.74,39.2,0.44,2.1,4.63,10589725,12328589,9305449,1239162,-1798527,2206643,缩量,低,情绪退潮,进场,趋势转多型,资金+业绩共振(双击候选),B,关注：资金+业绩共振,73.5
003023,彩虹集团,25.38,-66.2,0.65,-44.7,5.47,12208982,10911884,44545025,-586240,-1164251,-1403240,缩量,中,主力惜售,进场,资金观望型,资金+业绩共振(双击候选),B,关注：资金+业绩共振,85.8
600015,华夏银行,6.27,-21.8,0.61,-43.5,-2.64,-43925911,-84424622,-165688161,7747564,680648,7290486,缩量,低,情绪退潮,观望,资金撤退型,,D,回避：资金撤退,-0.9
600016,民生银行,3.51,-19.4,1.52,-18.4,-3.98,-134199367,-297624539,-466181099,-12305820,11581447,41462017,缩量,低,情绪退潮,观望,资金撤退型,,D,回避：资金撤退,-1.3
600017,日照港,2.83,-12.1,1.03,-19.0,0.09,317249,16269711,14715666,-1374440,-4988955,4913924,缩量,低,情绪退潮,观望,趋势转多型,,D,回避：资金观望,0.0
003041,真爱美家,38.92,-30.1,0.21,102.0,0.23,1071778,90897959,95672358,11836432,11069845,-12131014,缩量,低,情绪退潮,进场,均衡流入型,资金+业绩共振(双击候选),B,关注：资金+业绩共振,72.1
600019,宝钢股份,5.93,-4.6,0.77,-16.2,2.22,58366039,98174142,49679857,-21000916,8939608,54562464,缩量,低,情绪退潮,观望,趋势转多型,,D,回避：资金观望,0.7
003030,祖名股份,25.79,-42.2,1.28,-16.5,0.22,767535,-8130550,-8928845,3402601,1382810,-544862,缩量,低,情绪退潮,吸筹,资金观望型,资金+业绩共振(双击候选),B,关注：资金+业绩共振,64.1
003037,三和管桩,5.86,-42.1,0.78,-42.8,3.33,3076098,2666389,-3453133,2365029,2130960,871801,缩量,低,情绪退潮,进场,资金观望型,资金+业绩共振(双击候选),B,关注：资金+业绩共振,73.1
003032,传智教育,8.62,-64.7,12.07,-26.7,0.4,7908770,31227502,-226630967,3657951,4822042,-6082767,缩量,低,情绪退潮,进场,趋势转多型,纯资金炒作(亏损风险),C,谨慎：纯资金炒作,12.1
600023,浙能电力,5.22,-6.3,0.66,-14.0,3.11,38991551,33270154,202308184,-9019124,-9869356,10394870,缩量,低,情绪退潮,观望,资金观望型,,D,回避：资金观望,1.0
600025,华能水电,9.89,-16.3,1.1,-15.4,4.43,63301518,67068742,91230415,-18578227,-10488621,12734494,缩量,低,情绪退潮,观望,均衡流入型,,D,回避：资金观望,1.5
600026,中远海能,20.56,-7.4,0.49,-2.0,-9.49,-578912585,-526490309,254565304,-124061462,-90864916,105773637,缩量,低,情绪退潮,观望,长线吸筹型,,D,回避：资金观望,-3.2
600027,华电国际,4.95,34.1,0.56,-24.9,-1.85,-31180469,-109172092,-204412008,-9936977,-24646721,16355651,缩量,低,情绪退潮,观望,资金撤退型,,D,回避：资金撤退,-0.6
600028,XD中国石,5.28,-17.0,0.74,-8.2,-1.86,-99714006,81078794,-25148808,-101563262,-69830923,106098381,缩量,低,情绪退潮,观望,资金观望型,,D,回避：资金观望,-0.6
600000,浦发银行,9.48,95.1,0.85,3.4,3.71,153715136,-76437068,-273857380,-30319122,58111968,118266616,放量,低,游资情绪,抢筹,资金观望型,资金+业绩共振(双击候选),B,关注：资金+业绩共振,89.2
600030,中信证券,25.86,-61.7,0.82,-33.3,-6.48,-552074879,-1562091994,-2169725615,-101160347,-49959952,92025272,缩量,低,情绪退潮,观望,资金撤退型,,D,回避：资金撤退,-2.2
003816,中国广核,4.23,-29.7,0.66,-24.3,8.6,151333621,128263311,-40157386,3018700,8274542,1925483,缩量,中,主力惜售,进场,资金观望型,资金+业绩共振(双击候选),B,关注：资金+业绩共振,86.9
600033,福建高速,3.67,23.5,1.05,31.6,3.58,25256234,64266587,88778253,-435554,2379291,7491906,缩量,低,情绪退潮,观望,主力建仓型,,D,回避：资金观望,1.2
600035,楚天高速,3.74,-4.3,1.14,-26.1,-1.09,-2246393,18492112,-14503722,-3498840,-1897157,1561024,缩量,低,情绪退潮,观望,资金观望型,,D,回避：资金观望,-0.4
600036,招商银行,41.26,-19.2,0.9,-23.1,-2.95,-315088132,-935574679,-1299513889,-116656610,-32875424,102139990,缩量,低,情绪退潮,观望,资金撤退型,,D,回避：资金撤退,-1.0
600037,歌华有线,7.07,-26.1,0.62,-12.1,-2.89,-14180002,14939079,33376406,-3290875,-2669791,9124914,缩量,低,情绪退潮,观望,资金观望型,,D,回避：资金观望,-1.0
600038,中直股份,27.06,-40.3,0.56,-41.5,-1.35,-6062667,-4756734,-76548115,-6211733,-2352445,7890123,缩量,低,情绪退潮,观望,资金观望型,,D,回避：资金观望,-0.5
002990,盛视科技,51.92,-6.8,0.65,113.5,8.0,330504157,400362472,424680894,-20693220,-28918258,31587583,缩量,中,主力惜售,进场,均衡流入型,资金+业绩共振(双击候选),B,关注：资金+业绩共振,86.7
600048,保利发展,5.77,306.6,0.59,88.7,-3.21,-300210855,-50219352,-155562961,-39842757,-52988030,-196576010,放量,低,游资情绪,观望,资金观望型,,D,回避：资金观望,6.9
600050,中国联通,4.23,-20.2,0.62,-7.5,-4.72,-106638200,-60941072,-97832819,57166574,64832296,14446978,缩量,低,情绪退潮,观望,资金观望型,,D,回避：资金观望,-1.6
600051,宁波联合,6.38,4.6,0.42,-12.4,0.3,394308,6051393,7652021,-554075,-1120185,2150704,缩量,低,情绪退潮,观望,均衡流入型,,D,回避：资金观望,0.1
600054,黄山旅游,10.5,-32.1,0.54,-64.5,-10.12,-21511777,-21208242,-43650181,-3557422,-4319170,1187238,缩量,低,情绪退潮,观望,资金观望型,,D,回避：资金观望,-3.4
600008,首创环保,2.73,-36.7,0.88,-22.8,-4.14,-28996575,-40965066,-43904480,9914575,6495915,-4741168,缩量,低,情绪退潮,吸筹,资金撤退型,机构吸筹+盈利(关注),C,谨慎：资金流入未验证业绩,22.6
600056,中国医药,8.88,-63.1,1.16,-15.0,-6.81,-23010106,-21138146,-25748813,-4685697,-5347649,6670831,缩量,低,情绪退潮,观望,资金观望型,,D,回避：资金观望,-2.3
600006,东风股份,5.73,296.6,0.59,164.1,4.16,66994893,87949493,68461304,5376729,7626660,-5989285,放量,低,游资情绪,吸筹,趋势转多型,纯资金炒作(亏损风险),C,谨慎：纯资金炒作,13.4
600012,皖通高速,15.58,-64.7,1.92,-42.5,1.98,4964706,-2015965,19055809,269210,1012407,2010721,缩量,低,情绪退潮,进场,长线吸筹型,资金+业绩共振(双击候选),B,关注：资金+业绩共振,72.7
600007,中国国贸,20.5,24.5,0.67,17.8,1.29,2677812,4521952,13497996,1805202,476436,-2479835,缩量,低,情绪退潮,进场,均衡流入型,资金+业绩共振(双击候选),B,关注：资金+业绩共振,72.4
600061,国投资本,6.19,-47.2,0.66,-26.3,-10.42,-76922763,-90805038,-81745235,851574,6521754,5453285,缩量,低,情绪退潮,观望,资金观望型,,D,回避：资金观望,-3.5
600062,华润双鹤,16.24,-24.2,1.59,17.4,-2.28,-9754395,-12910322,-29259348,-3116870,2316847,21875473,缩量,低,情绪退潮,观望,资金撤退型,,D,回避：资金撤退,-0.8
600011,华能国际,7.04,-34.4,0.88,-1.6,0.24,6078462,-136337949,-141647149,15711623,30092033,13864360,缩量,低,情绪退潮,进场,资金观望型,资金+业绩共振(双击候选),B,关注：资金+业绩共振,72.1
600018,上港集团,5.45,-22.8,0.9,-22.0,-0.23,-2493362,58758412,-54562745,17338895,20163496,-11059627,缩量,低,情绪退潮,吸筹,资金观望型,机构吸筹+盈利(关注),C,谨慎：资金流入未验证业绩,23.9
600031,三一重工,17.49,-31.2,0.51,64.2,-4.55,-241898246,-449802798,-1116489063,69445216,67925392,-42977191,缩量,低,情绪退潮,吸筹,资金撤退型,机构吸筹+盈利(关注),C,谨慎：资金流入未验证业绩,22.5
600067,冠城新材,2.66,54.1,0.34,48.1,-8.94,-34978006,-84862386,-127901795,1157530,3160802,4866763,放量,低,游资情绪,观望,资金撤退型,,D,回避：资金撤退,5.0
600021,上海电力,13.25,-44.2,0.94,-40.0,-9.82,-127144945,-275426796,-173533892,56531904,58110173,-41529387,缩量,低,情绪退潮,吸筹,长线吸筹型,机构吸筹+盈利(关注),C,谨慎：资金流入未验证业绩,20.7
600071,凤凰光学,16.28,-28.4,0.41,-16.2,-1.41,-2092091,-5781376,-6263779,3684076,3294935,-4004520,缩量,低,情绪退潮,观望,资金撤退型,,D,回避：资金撤退,-0.5
600032,浙江新能,7.7,257.7,0.4,45.7,10.22,214372472,156729735,198712238,-55922217,-64534500,41352973,放量,高,主力主导放量🔥(最强),进场,资金观望型,资金+业绩共振(双击候选),A,金股候选：资金强攻+业绩共振,95.4
600029,南方航空,4.92,-29.1,0.41,-15.9,-3.38,-34857195,-26309338,-86140392,26978523,56478646,-9741467,缩量,低,情绪退潮,吸筹,资金观望型,机构吸筹+盈利(关注),C,谨慎：资金流入未验证业绩,22.9
600022,山东钢铁,1.31,-17.2,0.93,7.1,1.83,13013285,39907401,49135609,1264256,4820461,1588111,缩量,低,情绪退潮,进场,均衡流入型,资金+业绩共振(双击候选),B,关注：资金+业绩共振,72.6
600076,康欣新材,2.13,-19.5,0.54,-18.2,-5.41,-18660011,-59854423,-180005170,1820207,4695414,3535852,缩量,低,情绪退潮,观望,资金撤退型,,D,回避：资金撤退,-1.8
600078,澄星股份,9.79,-80.4,0.31,-59.2,-4.84,-18392373,-53929858,-155522432,-2298017,952357,2891979,缩量,低,情绪退潮,观望,资金撤退型,,D,回避：资金撤退,-1.6
600039,四川路桥,8.73,-23.0,0.35,-29.2,5.78,39347614,33534640,-160984772,5220066,790805,-3068466,缩量,中,主力惜售,进场,资金观望型,资金+业绩共振(双击候选),B,关注：资金+业绩共振,85.9
600085,同仁堂,23.74,-61.1,1.54,-18.3,-0.64,-2536470,-7285826,-53288023,-1038754,-456994,5364550,缩量,低,情绪退潮,观望,资金撤退型,,D,回避：资金撤退,-0.2
600088,中视传媒,13.36,218.2,0.32,71.6,-3.55,-49869210,29101151,161603402,-23216991,-5058955,29553199,放量,低,游资情绪,观望,高位分歧型,,D,回避：资金观望,6.8
600089,特变电工,17.32,-72.2,0.45,-23.9,-15.83,-591828864,-858542069,-1401846177,-3798818,-25690873,-1214417,缩量,低,情绪退潮,观望,资金撤退型,,D,回避：资金撤退,-5.3
600094,大名城,4.19,72.6,0.78,54.9,-7.37,-52463647,-59870350,-14534260,-13342090,-6533271,5858315,放量,低,游资情绪,观望,长线吸筹型,,D,回避：资金观望,5.5
600095,湘财股份,8.73,-21.5,2.08,-35.7,-6.34,-115910875,14978037,22350519,5053031,3728041,2241359,缩量,低,情绪退潮,观望,资金观望型,,D,回避：资金观望,-2.1
600020,中原高速,3.87,-14.1,0.57,-6.1,1.12,2460932,31973711,31157767,4351120,4260676,-2023326,缩量,低,情绪退潮,吸筹,趋势转多型,资金+业绩共振(双击候选),B,关注：资金+业绩共振,64.4
600097,开创国际,9.25,-32.9,0.7,-62.7,0.4,461873,-2841834,-15760806,-1438306,0,479471,缩量,低,情绪退潮,观望,资金观望型,,D,回避：资金观望,0.1
600098,广州发展,6.32,-28.7,0.55,-29.5,-1.85,-8656131,-7104723,-3727738,-11328592,-8666682,7991631,缩量,低,情绪退潮,观望,资金观望型,,D,回避：资金观望,-0.6
600052,东望时代,3.82,6.7,0.17,28.7,2.67,5617200,13013564,-11436885,256360,424764,2439495,缩量,低,情绪退潮,进场,趋势转多型,纯资金炒作(亏损风险),C,谨慎：纯资金炒作,12.9
600100,同方股份,6.52,-57.9,0.31,-9.2,-8.4,-50364568,-33483411,-71026073,-4143342,-4929136,909609,缩量,低,情绪退潮,观望,资金观望型,,D,回避：资金观望,-2.8
600055,万东医疗,10.6,-54.7,0.88,3.2,-1.05,-2460320,-2051961,-13824233,1318104,1740048,-311534,缩量,低,情绪退潮,吸筹,资金观望型,纯资金炒作(亏损风险),C,谨慎：纯资金炒作,3.6
600059,古越龙山,12.27,1043.7,0.97,176.7,2.83,180637383,431549972,662822894,226457414,289590519,-108491325,放量,低,游资情绪,抢筹,主力建仓型,资金+业绩共振(双击候选),B,关注：资金+业绩共振,88.9
600103,青山纸业,3.4,71.5,0.23,-51.2,-2.66,-59287298,99828481,310428301,-4383480,2948447,-9737494,放量,低,游资情绪,观望,高位分歧型,,D,回避：资金观望,7.1
600058,五矿发展,8.52,-54.7,0.8,44.9,4.33,20787791,30811898,29840530,3071543,203925,-4755639,缩量,低,情绪退潮,进场,趋势转多型,资金+业绩共振(双击候选),B,关注：资金+业绩共振,73.4
600105,永鼎股份,36.26,-58.6,0.72,12.2,-14.36,-2515714911,-1634158363,-1349592891,-264905711,-179396017,260493398,缩量,低,情绪退潮,观望,资金观望型,,D,回避：资金观望,-4.8
600060,海信视像,27.45,-58.8,0.85,-9.0,-5.64,-43345882,-111656820,-202574444,6609328,8636175,-1534798,缩量,低,情绪退潮,吸筹,资金撤退型,机构吸筹+盈利(关注),C,谨慎：资金流入未验证业绩,22.1
600108,亚盛集团,3.97,153.6,0.78,-41.5,-6.92,-201529219,-424792984,-689940175,53464478,39175547,-59771461,放量,低,游资情绪,观望,资金撤退型,,D,回避：资金撤退,5.7
600063,皖维高新,5.34,-74.1,1.24,21.3,-3.6,-30455761,-62133577,-109415249,6360587,12678028,-1743954,缩量,低,情绪退潮,吸筹,资金撤退型,机构吸筹+盈利(关注),C,谨慎：资金流入未验证业绩,22.8
600110,诺德股份,10.87,-45.3,0.72,18.2,-6.13,-417020955,-143353522,-1246492182,-72436871,-21943007,92707351,缩量,低,情绪退潮,观望,资金观望型,,D,回避：资金观望,-2.0
600111,北方稀土,35.3,-74.2,0.25,9.0,-11.72,-540368785,-711753739,-1841490564,-54500770,-33981911,84171508,缩量,低,情绪退潮,观望,资金撤退型,,D,回避：资金撤退,-3.9
600113,浙江东日,27.99,-73.9,0.62,-56.7,-0.8,-3283825,-12647075,11215760,749414,4025232,517665,缩量,低,情绪退潮,观望,资金观望型,,D,回避：资金观望,-0.3
600114,东睦股份,25.43,-48.9,0.7,-25.1,-9.4,-124174339,-234931170,-344775204,22303774,7453671,-29665464,缩量,低,情绪退潮,观望,资金撤退型,,D,回避：资金撤退,-3.1
600064,南京高科,8.04,171.4,0.78,7.1,0.6,4720355,48065236,65917385,38466515,41489932,-878184,放量,低,游资情绪,抢筹,均衡流入型,资金+业绩共振(双击候选),B,关注：资金+业绩共振,88.2
600116,三峡水利,6.15,-55.7,0.87,-18.7,-2.65,-8211277,-28034931,-23836997,-1363931,-859600,1109665,缩量,低,情绪退潮,观望,资金观望型,,D,回避：资金观望,-0.9
600057,厦门象屿,6.11,-31.8,0.42,-33.5,0.8,3478714,-3779507,47231309,8591072,5361563,3486547,缩量,低,情绪退潮,进场,长线吸筹型,资金+业绩共振(双击候选),B,关注：资金+业绩共振,72.3
600118,中国卫星,55.03,-80.9,0.41,10.3,-4.27,-213182452,-366939260,-642331422,-90719407,-48774735,81147123,缩量,低,情绪退潮,观望,资金撤退型,,D,回避：资金撤退,-1.4
600120,浙江东方,4.65,-72.7,1.03,-40.4,-13.04,-60029849,-52114579,-50456943,5544502,4941340,66335,缩量,低,情绪退潮,观望,资金观望型,,D,回避：资金观望,-4.3
600066,宇通客车,26.72,-22.4,1.02,10.5,3.71,113072324,-27299852,-170775481,4791085,-11471380,-14757249,缩量,低,情绪退潮,进场,资金观望型,资金+业绩共振(双击候选),B,关注：资金+业绩共振,73.2
600123,兰花科创,6.86,-58.5,0.64,-32.6,4.08,21451218,59460318,104466062,-3290313,1779929,5219474,缩量,低,情绪退潮,观望,主力建仓型,,D,回避：资金观望,1.4
600125,铁龙物流,5.27,-33.1,0.51,-32.2,-8.64,-14747548,3350860,-31721260,-4510854,-3170179,3165087,缩量,低,情绪退潮,观望,资金观望型,,D,回避：资金观望,-2.9
600126,杭钢股份,5.94,-82.8,0.46,-32.6,-3.48,-26717231,-56458006,-165270823,-26583791,-21542414,16102216,缩量,低,情绪退潮,观望,资金撤退型,,D,回避：资金撤退,-1.2
600127,金健米业,13.14,2136.6,1.02,-7.7,-2.48,-328298507,413979325,422934454,-59968851,-52432120,3724894,放量,低,游资情绪,观望,资金观望型,,D,回避：资金观望,7.2
600128,苏豪弘业,8.66,-35.8,0.58,-25.9,-2.47,-2960464,-1190851,-3371549,-849085,0,745109,缩量,低,情绪退潮,观望,资金观望型,,D,回避：资金观望,-0.8
600129,太极集团,13.54,-81.1,6.11,-2.3,-2.76,-14389451,-26324311,-80136010,10590468,10098437,6714522,缩量,低,情绪退潮,观望,资金撤退型,,D,回避：资金撤退,-0.9
600130,波导股份,4.56,-49.9,0.18,-27.2,-0.32,-1406770,-34466486,1681295,5417640,-348405,-8287238,缩量,低,情绪退潮,观望,长线吸筹型,,D,回避：资金观望,-0.1
600081,东风科技,11.89,551.5,0.18,97.3,3.0,12777985,6200795,-3467554,50721885,51534290,-28424281,放量,低,游资情绪,抢筹,资金观望型,资金+业绩共振(双击候选),B,关注：资金+业绩共振,89.0
600132,重庆啤酒,38.03,-50.6,0.62,-7.3,-2.11,-9370788,-10641961,-39175148,191088,2845620,3081038,缩量,低,情绪退潮,观望,资金撤退型,,D,回避：资金撤退,-0.7
600135,乐凯胶片,7.44,-25.0,0.14,146.9,-2.4,-7356570,44113873,34841863,-2147516,-1179371,3619146,缩量,低,情绪退潮,观望,资金观望型,,D,回避：资金观望,-0.8
600137,浪莎股份,18.03,-26.9,0.28,-6.0,1.49,1710670,-415072,-997084,-345004,0,581220,缩量,低,情绪退潮,观望,资金观望型,,D,回避：资金观望,0.5
600138,中青旅,7.0,-37.1,0.78,-59.7,-5.25,-9323701,-11878299,-18333639,600691,-1571533,-227057,缩量,低,情绪退潮,观望,资金撤退型,,D,回避：资金撤退,-1.8
600141,兴发集团,26.87,-73.1,0.95,-44.3,-9.09,-208822391,-279795369,-349889189,2745297,23856,4644249,缩量,低,情绪退潮,观望,资金撤退型,,D,回避：资金撤退,-3.0
600143,金发科技,12.76,-75.9,0.55,2.2,-6.24,-64901973,-70464000,-332899984,-10113906,-3266596,7901088,缩量,低,情绪退潮,观望,资金撤退型,,D,回避：资金撤退,-2.1
600148,长春一东,15.8,-26.5,0.48,-50.0,-4.82,-5226644,-2313379,6200180,711711,534765,417328,缩量,低,情绪退潮,观望,高位分歧型,,D,回避：资金观望,-1.6
600072,中船科技,9.7,126.5,0.29,-25.8,-1.74,-16023091,-46465902,-61646456,215359948,231056820,-110246878,放量,低,游资情绪,抢筹,资金撤退型,纯资金炒作(亏损风险),C,谨慎：纯资金炒作,27.4
600073,光明肉业,5.53,-27.9,1.25,-34.4,5.63,11160889,12977445,-14559493,2325179,931479,-2898532,缩量,中,主力惜售,进场,趋势转多型,纯资金炒作(亏损风险),C,谨慎：纯资金炒作,25.9
600096,云天化,27.86,-56.9,0.46,-56.7,-12.85,-230236276,-329255294,-749108886,15867332,19888335,-10772537,缩量,低,情绪退潮,吸筹,资金撤退型,机构吸筹+盈利(关注),C,谨慎：资金流入未验证业绩,19.7
600075,新疆天业,4.59,-46.0,0.44,-59.1,4.66,12132195,-10079803,4886007,356170,2419987,3574751,缩量,低,情绪退潮,进场,资金观望型,纯资金炒作(亏损风险),C,谨慎：纯资金炒作,13.6
600099,林海股份,9.4,-18.9,0.37,-15.0,0.1,147471,1485064,-1639959,357418,0,-1227130,缩量,低,情绪退潮,进场,趋势转多型,资金+业绩共振(双击候选),B,关注：资金+业绩共振,72.0
600101,明星电力,7.83,-68.7,0.62,-37.2,-10.13,-28866342,-32407860,-36036693,-1950919,696979,-85865,缩量,低,情绪退潮,吸筹,资金撤退型,机构吸筹+盈利(关注),C,谨慎：资金流入未验证业绩,20.6
600104,上汽集团,10.88,-22.1,1.0,-48.3,7.51,148025348,14515637,795757027,25538645,1704912,-4320640,缩量,中,主力惜售,进场,资金观望型,资金+业绩共振(双击候选),B,关注：资金+业绩共振,86.5
600106,重庆路桥,4.51,-21.7,0.36,-21.4,5.29,15146000,9194062,36465950,1119661,1177625,2303932,缩量,中,主力惜售,进场,资金观望型,资金+业绩共振(双击候选),B,关注：资金+业绩共振,85.8
600109,国金证券,8.13,-61.3,0.57,-31.8,-7.83,-51108475,-77482780,-125739335,5617064,7734118,-4337058,缩量,低,情绪退潮,吸筹,资金撤退型,机构吸筹+盈利(关注),C,谨慎：资金流入未验证业绩,21.4
600160,巨化股份,33.13,-75.0,1.44,9.5,-9.09,-395456164,-908382477,-1650472775,-4493142,16504297,14932935,缩量,低,情绪退潮,观望,资金撤退型,,D,回避：资金撤退,-3.0
600161,天坛生物,12.59,36.7,1.25,5.8,-2.98,-19961706,-6772880,-55680218,29183578,20997348,16760053,缩量,低,情绪退潮,观望,资金观望型,,D,回避：资金观望,-1.0
600162,香江控股,4.26,-57.0,6.09,-43.1,3.44,81446204,38195409,293519886,-25171837,-20560210,39616447,缩量,低,情绪退潮,观望,资金观望型,,D,回避：资金观望,1.1
600163,中闽能源,5.6,152.4,0.41,103.2,-2.19,-39127052,339736840,397937709,-16059435,-2151170,16413553,放量,低,游资情绪,观望,资金观望型,,D,回避：资金观望,7.3
600121,郑州煤电,5.34,303.8,1.43,-31.3,3.47,168720161,114156238,22725426,31448396,-17903080,-14264749,放量,低,游资情绪,进场,资金观望型,纯资金炒作(亏损风险),C,谨慎：纯资金炒作,21.2
600115,中国东航,3.4,-9.5,0.49,-11.6,-2.09,-48627260,-43282762,4860923,69226272,77370668,-33879169,缩量,低,情绪退潮,吸筹,资金观望型,纯资金炒作(亏损风险),C,谨慎：纯资金炒作,3.3
600167,联美控股,5.65,-34.1,0.7,-38.4,0.97,1420015,-8098378,-3103876,-2102133,-1519787,2182908,缩量,低,情绪退潮,观望,资金观望型,,D,回避：资金观望,0.3
600117,西宁特钢,2.17,-55.1,0.77,-19.0,10.77,16883054,30216161,47670066,-2650840,-2191266,1895153,缩量,高,主力控盘,控盘,主力强攻型,控盘+亏损(警惕),C,谨慎：控盘但亏损,27.6
600170,上海建工,2.24,25.3,0.66,5.5,-0.28,-4482201,57243247,70776195,6580124,9943817,9386662,缩量,低,情绪退潮,观望,资金观望型,,D,回避：资金观望,-0.1
600171,上海贝岭,21.76,-60.1,0.69,34.7,-2.71,-22551840,-38019836,-124435476,-12558144,-16993962,-254826,缩量,低,情绪退潮,观望,资金撤退型,,D,回避：资金撤退,-0.9
600172,黄河旋风,14.12,2.3,2.5,-27.4,-3.48,-569738596,-1479035114,-377390875,-174011140,-76822752,189721504,缩量,低,情绪退潮,观望,长线吸筹型,,D,回避：资金观望,-1.2
600173,卧龙新能,5.96,-3.3,0.58,-0.2,-2.94,-4597615,-5626826,-17109205,-1251533,242147,3855604,缩量,低,情绪退潮,观望,资金撤退型,,D,回避：资金撤退,-1.0
600176,中国巨石,39.41,-66.0,1.99,6.0,-9.69,-3135182455,-5177619277,-5601900374,-170662739,-79435113,170382994,缩量,低,情绪退潮,观望,资金撤退型,,D,回避：资金撤退,-3.2
600131,国网信通,15.39,199.2,0.58,14.1,-1.69,-10902622,-26660506,-18121517,69753874,67539779,-42319006,放量,低,游资情绪,抢筹,资金观望型,机构吸筹+盈利(关注),C,谨慎：资金流入未验证业绩,47.4
600178,东安动力,9.89,29.8,1.82,0.2,2.74,17511415,318210,-18796927,-1461158,237387,-7545023,缩量,低,情绪退潮,观望,资金观望型,,D,回避：资金观望,0.9
600179,安通控股,4.35,-58.1,1.24,-25.9,-2.06,-10013907,-46005846,-40485849,679203,-1865893,-3359191,缩量,低,情绪退潮,观望,资金观望型,,D,回避：资金观望,-0.7
600182,S佳通,12.4,-36.9,0.46,-18.6,-8.83,-7331244,-10965867,-16684809,-763766,-369290,1768699,缩量,低,情绪退潮,观望,资金撤退型,,D,回避：资金撤退,-2.9
600183,生益科技,129.96,-52.5,2.51,-18.4,-8.53,-2350049844,-3572703604,-3812579707,-266360565,-215595206,388616867,缩量,低,情绪退潮,观望,资金撤退型,,D,回避：资金撤退,-2.8
600184,光电股份,17.85,-45.6,0.36,10.3,-8.4,-141681456,-101906408,142272513,-7487550,-8179062,17300728,缩量,低,情绪退潮,观望,高位分歧型,,D,回避：资金观望,-2.8
600185,珠免集团,4.8,33.0,0.62,-64.9,-1.32,-7425929,-47677713,-33607058,1478305,-2983935,-2774391,缩量,低,情绪退潮,观望,资金观望型,,D,回避：资金观望,-0.4
600150,中国船舶,39.1,-3.5,0.48,-38.9,-2.79,-460193526,97650911,646582016,78209905,67309228,-198248525,缩量,低,情绪退潮,观望,资金观望型,,D,回避：资金观望,-0.9
600133,东湖高新,7.87,-59.8,0.57,-24.0,-9.58,-31710798,-43937710,-92538754,-644091,750574,1763928,缩量,低,情绪退潮,观望,资金撤退型,,D,回避：资金撤退,-3.2
600149,廊坊发展,5.18,-13.6,0.29,-15.9,-1.96,-3555405,-2703505,9838435,5539453,3504829,-1199524,缩量,低,情绪退潮,吸筹,长线吸筹型,机构吸筹+盈利(关注),C,谨慎：资金流入未验证业绩,23.3
600151,航天机电,9.13,-72.0,0.37,-22.8,-1.58,-10411482,-49231546,-117566259,-1647180,-1226485,3496227,缩量,低,情绪退潮,观望,资金撤退型,,D,回避：资金撤退,-0.5
600192,长城电工,7.19,-46.5,1.58,-34.2,-1.99,-10012657,-30805627,44085487,-4678000,879822,2121703,缩量,低,情绪退潮,观望,长线吸筹型,,D,回避：资金观望,-0.7
600153,建发股份,8.82,78.6,0.55,-0.9,2.48,24853886,31283499,58151263,12914903,14683918,1219115,放量,低,游资情绪,抢筹,均衡流入型,纯资金炒作(亏损风险),C,谨慎：纯资金炒作,28.8
600155,华创云信,5.92,-56.3,0.91,-15.2,-15.59,-91845560,-26551127,-52102976,-1086375,-1837408,2961312,缩量,低,情绪退潮,观望,资金观望型,,D,回避：资金观望,-5.2
600197,伊力特,9.32,-50.2,1.49,-24.3,-0.74,-1648583,891345,-21020783,-555969,-1063210,169251,缩量,低,情绪退潮,观望,资金观望型,,D,回避：资金观望,-0.2
600156,华升股份,7.35,164.0,0.14,174.1,6.7,121378709,139444781,125917486,-55277775,-49814089,36046047,放量,中,主力偏强放量,进场,趋势转多型,纯资金炒作(亏损风险),C,谨慎：纯资金炒作,30.2
600199,金种子酒,7.0,-56.7,4.46,-22.7,-3.17,-25154601,-2931580,-3506862,4782818,2608953,-8713562,缩量,低,情绪退潮,观望,资金观望型,,D,回避：资金观望,-1.1
600157,永泰能源,1.45,-54.0,0.41,-21.3,-7.22,-186920534,-210309624,-257298108,-4596174,23707481,5898452,缩量,低,情绪退潮,观望,资金撤退型,,D,回避：资金撤退,-2.4
600158,中体产业,6.93,-64.0,0.18,-41.9,-6.87,-37715078,-77881718,-129853067,-1122207,-4233412,-5004487,缩量,低,情绪退潮,观望,资金撤退型,,D,回避：资金撤退,-2.3
600203,福日电子,9.78,-75.0,0.81,-56.5,-2.28,-13363676,-17079283,-249588911,-4998439,-2950552,8511769,缩量,低,情绪退潮,观望,资金撤退型,,D,回避：资金撤退,-0.8
600166,福田汽车,2.8,-43.4,0.46,-16.3,-0.0,-42805,-87850360,-68724376,18801240,16033414,-10461709,缩量,低,情绪退潮,吸筹,资金观望型,机构吸筹+盈利(关注),C,谨慎：资金流入未验证业绩,24.0
600206,有研新材,46.62,-46.2,1.7,39.9,-2.13,-400866110,-766122811,-914099559,-324123863,-230313481,371580509,缩量,低,情绪退潮,观望,资金撤退型,,D,回避：资金撤退,-0.7
600207,安彩高科,5.26,245.2,0.28,103.3,1.94,35728617,24171050,99004996,-1649502,807067,7278831,放量,低,游资情绪,观望,资金观望型,,D,回避：资金观望,8.6
600208,衢州发展,2.91,19.5,0.15,25.9,-1.61,-22678478,-32008262,-20756783,-52881354,-48070583,44460560,缩量,低,情绪退潮,观望,资金观望型,,D,回避：资金观望,-0.5
600210,紫江企业,6.36,8.4,0.51,-21.0,-1.23,-4695310,-17333540,-28001970,-517620,2367066,6087640,缩量,低,情绪退潮,观望,资金撤退型,,D,回避：资金撤退,-0.4
600211,西藏药业,36.35,-53.9,1.02,-17.8,-2.99,-12823828,-32426556,-62918199,-5854868,-2066186,4909912,缩量,低,情绪退潮,观望,资金撤退型,,D,回避：资金撤退,-1.0
600212,绿能慧充,5.63,-34.5,0.41,-4.2,0.5,1749491,-14195454,-36489826,-5514967,-3124728,3783040,缩量,低,情绪退潮,观望,资金观望型,,D,回避：资金观望,0.2
600215,派斯林,6.23,-39.1,0.51,-9.3,-0.37,-688394,-7860531,-20266930,554980,0,-5555446,缩量,低,情绪退潮,观望,资金撤退型,,D,回避：资金撤退,-0.1
600216,浙江医药,12.43,-63.4,1.32,-21.0,-5.94,-34821540,-92306145,-217262156,-6443617,-9437577,13849934,缩量,低,情绪退潮,观望,资金撤退型,,D,回避：资金撤退,-2.0
600217,中再资环,3.27,-51.7,0.82,-37.3,-0.38,-509138,-4919045,21517325,-1674248,-1413873,1600883,缩量,低,情绪退潮,观望,长线吸筹型,,D,回避：资金观望,-0.1
600218,全柴动力,8.03,180.2,0.47,198.9,-4.44,-24264277,28834302,18591294,798430,-2215827,-3717944,放量,低,游资情绪,观望,资金观望型,,D,回避：资金观望,6.5
600219,南山铝业,4.71,-53.8,0.83,-30.7,-0.99,-21033802,-142851777,-295959556,21481237,33660489,17031483,缩量,低,情绪退潮,观望,资金撤退型,,D,回避：资金撤退,-0.3
600221,海航控股,1.22,-23.3,0.24,22.1,-9.1,-127793516,-266295440,-348536849,6433359,8940732,2374048,缩量,低,情绪退潮,观望,资金撤退型,,D,回避：资金撤退,-3.0
600222,太龙药业,7.89,-51.9,0.63,-3.6,-0.4,-2140430,11752963,-41585653,-10062157,-1472358,14283070,缩量,低,情绪退潮,观望,资金观望型,,D,回避：资金观望,-0.1
600223,福瑞达,5.74,-0.0,0.78,1.0,0.73,1488368,6251746,437092,-1062265,1495687,4784518,缩量,低,情绪退潮,观望,趋势转多型,,D,回避：资金观望,0.2
600226,亨通股份,5.15,-68.6,1.91,9.3,-4.92,-106549231,-69676230,-307105562,-47595159,-31670159,29265458,缩量,低,情绪退潮,观望,资金观望型,,D,回避：资金观望,-1.6
600227,赤天化,3.85,-44.2,0.71,-55.3,-0.22,-5799512,-127793629,-497663478,-1164626,5149805,5622985,缩量,低,情绪退潮,观望,资金撤退型,,D,回避：资金撤退,-0.1
600228,返利科技,10.12,30.2,5.66,-1.3,-9.77,-167981463,-134104079,-73644637,-16814367,-20766273,8641147,缩量,低,情绪退潮,观望,资金观望型,,D,回避：资金观望,-3.3
600229,城市传媒,5.75,128.0,0.68,-13.2,-3.18,-8643834,5420173,30736828,-7195283,-5428498,7136926,放量,低,游资情绪,观望,高位分歧型,,D,回避：资金观望,6.9
600165,宁科生物,3.35,283.9,0.69,27.2,-1.03,-3090139,-14283390,-26455573,3317335,6835446,931234,放量,低,游资情绪,抢筹,资金撤退型,纯资金炒作(亏损风险),C,谨慎：纯资金炒作,27.7
600177,雅戈尔,8.38,-38.4,0.94,-21.5,3.64,29400701,26019688,-36706171,16403048,9496941,-23030676,缩量,低,情绪退潮,进场,资金观望型,资金+业绩共振(双击候选),B,关注：资金+业绩共振,73.2
600189,泉阳泉,8.95,410.7,0.76,145.3,8.93,135007698,125267143,122365917,-11006880,-16544260,-26077152,放量,中,主力偏强放量,进场,资金观望型,资金+业绩共振(双击候选),B,关注：资金+业绩共振,91.0
600233,圆通速递,17.79,-48.5,0.84,6.6,-1.52,-24336094,-26556241,150839401,-1756706,-3259146,2348915,缩量,低,情绪退潮,观望,长线吸筹型,,D,回避：资金观望,-0.5
600168,武汉控股,4.41,-37.5,0.62,-20.8,-5.41,-5037841,-3157951,-14068080,3141854,2896190,-884375,缩量,低,情绪退潮,吸筹,资金观望型,机构吸筹+盈利(关注),C,谨慎：资金流入未验证业绩,22.2
600235,民丰特纸,5.97,-9.5,0.5,6.4,1.99,2644691,2576811,-16418757,-438189,0,-1088837,缩量,低,情绪退潮,观望,资金观望型,,D,回避：资金观望,0.7
600236,桂冠电力,9.27,-82.5,1.05,-47.5,-2.11,-8348228,-46383477,-32235209,559519,782887,1843116,缩量,低,情绪退潮,观望,资金观望型,,D,回避：资金观望,-0.7
600237,铜峰电子,8.55,-6.1,1.75,10.0,-0.44,-8880351,-110294737,-32862254,-22843394,-14495622,27545773,缩量,低,情绪退潮,观望,资金观望型,,D,回避：资金观望,-0.1
600186,莲花控股,11.46,-24.9,0.55,-15.8,0.15,22023819,-1177593036,-80250904,-11223599,-677440,72962383,缩量,低,情绪退潮,观望,长线吸筹型,,D,回避：资金观望,0.0
600246,万通发展,12.58,-56.9,1.18,34.8,-2.64,-187610974,104034148,54892940,-131764135,-154372609,103336365,缩量,低,情绪退潮,观望,资金观望型,,D,回避：资金观望,-0.9
600248,陕建股份,2.89,-10.0,0.47,-15.7,-2.23,-4955712,11699934,-2793925,1545204,3707016,2839231,缩量,低,情绪退潮,观望,资金观望型,,D,回避：资金观望,-0.7
600249,两面针,5.35,-34.9,0.26,-32.9,-2.0,-3149118,-9944662,4230894,-2978835,-1048150,2291523,缩量,低,情绪退潮,观望,资金观望型,,D,回避：资金观望,-0.7
600250,南京商旅,8.75,-20.0,0.38,-65.1,-8.37,-24359234,-45620575,-110643345,-1436040,0,4114792,缩量,低,情绪退潮,观望,资金撤退型,,D,回避：资金撤退,-2.8
600251,冠农股份,9.99,27.3,0.36,-57.2,-0.92,-8620006,-24881229,-365096241,-1431432,-5813747,6006266,缩量,低,情绪退潮,观望,资金撤退型,,D,回避：资金撤退,-0.3
600252,中恒集团,2.2,-31.9,1.69,-3.8,3.16,16598742,27212606,45099030,-3180289,2790057,7937911,缩量,低,情绪退潮,观望,主力建仓型,,D,回避：资金观望,1.1
600191,华资实业,8.85,-67.8,0.93,-52.2,-17.3,-45555114,-57294153,-77125076,-489959,1161011,3390140,缩量,低,情绪退潮,观望,资金撤退型,,D,回避：资金撤退,-5.8
600255,鑫科材料,3.35,-57.2,1.33,-52.5,-8.83,-81929537,-157888298,143974980,-9470975,-6521624,7025236,缩量,低,情绪退潮,观望,长线吸筹型,,D,回避：资金观望,-2.9
600256,广汇能源,6.67,-21.3,0.56,-30.0,-1.3,-43292138,18041245,-419342757,-11878337,-2546809,31627803,缩量,低,情绪退潮,观望,资金观望型,,D,回避：资金观望,-0.4
600257,大湖股份,5.5,-64.3,1.09,-45.5,-3.28,-8797852,-25174485,-141390189,-1707474,-1750009,-596839,缩量,低,情绪退潮,观望,资金撤退型,,D,回避：资金撤退,-1.1
600258,首旅酒店,11.01,-32.5,0.59,-44.5,-9.92,-67917113,-55926391,-66651671,-8883931,-4305269,13503039,缩量,低,情绪退潮,观望,资金观望型,,D,回避：资金观望,-3.3
600259,中稀有色,73.74,-76.7,0.57,14.9,-4.37,-92682328,50401794,-69461198,-6198724,-1265109,-4129461,缩量,低,情绪退潮,观望,资金观望型,,D,回避：资金观望,-1.5
600195,中牧股份,6.73,-28.4,0.57,-34.4,-0.3,-555545,-436104,-33366179,36006,216001,1068650,缩量,低,情绪退潮,观望,资金观望型,,D,回避：资金观望,-0.1
600262,北方股份,14.52,-68.8,0.54,-34.2,-8.54,-20347563,-30709541,-26693114,323044,21870,-2074562,缩量,低,情绪退潮,观望,资金观望型,,D,回避：资金观望,-2.8
600196,复星医药,24.02,19.2,1.14,57.6,-5.97,-174846487,-94462598,-266867261,5583187,69686787,37613850,缩量,低,情绪退潮,观望,资金观望型,,D,回避：资金观望,-2.0
600266,城建发展,4.42,120.4,0.55,66.1,-4.88,-62336167,-103280595,-103730366,18637314,18510915,-21428652,放量,低,游资情绪,观望,资金撤退型,,D,回避：资金撤退,6.4
600267,海正药业,11.75,-59.1,2.24,17.9,-1.22,-14687416,41028791,-24907035,-8687556,4854084,29004199,缩量,低,情绪退潮,观望,资金观望型,,D,回避：资金观望,-0.4
600268,国电南自,10.09,-65.2,0.52,-19.0,-7.9,-36488256,-58384030,-102704423,-1073670,-35679,-119142,缩量,低,情绪退潮,观望,资金撤退型,,D,回避：资金撤退,-2.6
600152,维科技术,8.48,415.9,0.08,99.0,4.41,59693334,48186252,38461149,30525559,8750214,-56357932,放量,低,游资情绪,进场,资金观望型,纯资金炒作(亏损风险),C,谨慎：纯资金炒作,21.5
600198,大唐电信,7.21,-71.6,0.59,-43.3,-7.11,-30133401,-71651274,-98014332,-2516689,-2805789,2640705,缩量,低,情绪退潮,观望,资金撤退型,,D,回避：资金撤退,-2.4
600271,航天信息,6.64,-66.5,0.56,-22.6,-0.2,-552120,-1540174,-15877073,1842527,2230301,-2672634,缩量,低,情绪退潮,观望,资金撤退型,,D,回避：资金撤退,-0.1
600201,生物股份,11.61,-59.9,0.53,-6.9,1.47,8053699,-24186635,-57294832,9741310,5160753,-7841601,缩量,低,情绪退潮,进场,资金观望型,资金+业绩共振(双击候选),B,关注：资金+业绩共振,72.5
600202,哈空调,5.18,-20.2,0.45,-7.6,2.47,3175455,412353,-2157504,1292997,617815,-398692,缩量,低,情绪退潮,吸筹,资金观望型,资金+业绩共振(双击候选),B,关注：资金+业绩共振,64.8
600159,大龙地产,2.81,93.6,0.41,-29.3,0.13,345708,785065,-32202655,5049274,1858637,-6390221,放量,低,游资情绪,抢筹,趋势转多型,纯资金炒作(亏损风险),C,谨慎：纯资金炒作,28.0
600278,东方创业,6.52,2.4,0.49,-8.7,-3.71,-5162037,-15848743,-12915134,-1621647,-652000,1197358,缩量,低,情绪退潮,观望,资金观望型,,D,回避：资金观望,-1.2
600279,重庆港,4.32,-44.9,0.7,-35.1,-0.71,-791580,3484354,-5226622,-494424,-619744,-79321,缩量,低,情绪退潮,观望,资金观望型,,D,回避：资金观望,-0.2
600280,中央商场,3.01,-44.1,1.84,-57.5,-4.43,-17052422,-66144904,42563250,235208,-331959,-3557995,缩量,低,情绪退潮,观望,长线吸筹型,,D,回避：资金观望,-1.5
600281,华阳新材,4.62,14.1,1.03,65.9,3.64,15193770,41657516,50425095,-402086,307907,7122258,缩量,低,情绪退潮,观望,主力建仓型,,D,回避：资金观望,1.2
600282,南钢股份,4.54,0.3,0.7,16.4,-2.04,-15630399,-104681582,-20252154,4560686,9459383,26000431,缩量,低,情绪退潮,观望,长线吸筹型,,D,回避：资金观望,-0.7
600283,钱江水利,8.04,-60.2,0.64,-45.6,-5.66,-4511582,-14239721,-24040638,167709,77891,679819,缩量,低,情绪退潮,观望,资金撤退型,,D,回避：资金撤退,-1.9
600284,浦东建设,5.14,-35.3,0.3,-30.1,-0.75,-1745818,-5733446,-28025757,600056,2822448,4497006,缩量,低,情绪退潮,观望,资金撤退型,,D,回避：资金撤退,-0.2
600285,羚锐制药,18.98,-71.9,1.67,-29.3,-9.49,-39360434,-53852138,-130510739,-3618318,-754003,-402976,缩量,低,情绪退潮,观望,资金撤退型,,D,回避：资金撤退,-3.2
600230,沧州大化,13.15,9.8,0.67,36.1,2.04,35950094,1089973,-34986172,22872603,6685575,-34667909,缩量,低,情绪退潮,进场,资金观望型,资金+业绩共振(双击候选),B,关注：资金+业绩共振,72.7
600288,大恒科技,10.36,-86.9,2.79,-43.1,-6.95,-33217982,-40742241,-108713695,-3793810,-3626241,-2558088,缩量,低,情绪退潮,观望,资金撤退型,,D,回避：资金撤退,-2.3
600292,电投水电,11.42,-49.9,0.44,-10.0,-6.68,-27617076,-64573105,-87720914,12772534,7265899,-10617218,缩量,低,情绪退潮,观望,资金撤退型,,D,回避：资金撤退,-2.2
600293,三峡新材,3.93,-100.0,1.44,225.6,-0.74,-17384027,60759726,64360098,0,0,0,缩量,低,情绪退潮,观望,资金观望型,,D,回避：资金观望,-0.2
600231,凌钢股份,1.69,92.3,0.51,94.4,6.93,30920801,35610188,37174292,-6257546,-2501743,8159380,放量,中,主力偏强放量,进场,均衡流入型,纯资金炒作(亏损风险),C,谨慎：纯资金炒作,30.3
600234,科新发展,19.19,-58.4,0.35,-59.3,-3.5,-7652327,-20767347,36995825,535013,1585793,-483890,缩量,低,情绪退潮,吸筹,长线吸筹型,纯资金炒作(亏损风险),C,谨慎：纯资金炒作,2.8
600298,安琪酵母,37.47,-69.0,1.6,12.6,-2.01,-27557867,-50044446,-16414512,352314,1616590,33610953,缩量,低,情绪退潮,观望,资金观望型,,D,回避：资金观望,-0.7
600299,安迪苏,8.21,-54.3,1.32,-31.7,-4.57,-48376088,-67062933,-186301426,-21422321,-4061948,23975751,缩量,低,情绪退潮,观望,资金撤退型,,D,回避：资金撤退,-1.5
600232,金鹰股份,6.66,80.9,0.46,51.6,5.38,20138523,14688141,21294749,-5762741,-1162597,5315117,放量,中,主力偏强放量,进场,资金观望型,资金+业绩共振(双击候选),B,关注：资金+业绩共振,89.8
600303,曙光股份,3.11,11.9,0.98,41.9,-0.77,-3367559,36697773,53672684,-1762336,897018,5024370,缩量,低,情绪退潮,观望,资金观望型,,D,回避：资金观望,-0.3
600305,恒顺醋业,6.74,-44.1,1.21,-10.1,-5.76,-11995462,-7954334,-23706275,-1998021,-2401861,-262007,缩量,低,情绪退潮,观望,资金观望型,,D,回避：资金观望,-1.9
600307,酒钢宏兴,1.47,-24.9,0.52,-8.0,2.36,8012660,23983894,-16879925,-383236,-2266181,1955889,缩量,低,情绪退潮,观望,趋势转多型,,D,回避：资金观望,0.8
600241,时代万恒,9.72,60.1,0.59,116.9,2.74,11026062,8575082,2971550,11993508,27260712,-6503652,放量,低,游资情绪,抢筹,资金观望型,纯资金炒作(亏损风险),C,谨慎：纯资金炒作,28.9
600309,万华化学,68.9,-50.9,0.83,-12.0,-3.14,-291361880,-786623277,-596663834,-36184401,-30941476,39500324,缩量,低,情绪退潮,观望,资金观望型,,D,回避：资金观望,-1.0
600310,广西能源,4.52,-47.0,0.48,-33.9,-0.48,-4989451,-192143234,-213051806,-16568960,-14526401,12923942,缩量,低,情绪退潮,观望,资金撤退型,,D,回避：资金撤退,-0.2
600312,平高电气,20.29,-2.2,0.8,-17.8,-0.96,-16415709,-4279067,16335537,-45373612,-30631805,17250324,缩量,低,情绪退潮,观望,资金观望型,,D,回避：资金观望,-0.3
600313,农发种业,6.73,82.6,0.53,-62.4,-6.36,-79107164,-218794529,-75885038,12031860,3424563,-19117899,放量,低,游资情绪,观望,长线吸筹型,,D,回避：资金观望,5.9
600261,阳光照明,3.29,44.4,0.17,282.2,-10.47,-34263134,40102363,46485547,66981,647396,-509089,缩量,低,情绪退潮,吸筹,资金观望型,机构吸筹+盈利(关注),C,谨慎：资金流入未验证业绩,20.5
600316,洪都航空,33.41,-31.9,0.57,-36.5,4.3,52054294,-50131357,-50293573,-6382884,-4216637,-6416448,缩量,低,情绪退潮,观望,资金观望型,,D,回避：资金观望,1.4
600318,新力金融,6.8,-0.5,0.74,-64.5,-8.37,-44220600,-79105963,97714569,-7918624,-2377481,11979913,缩量,低,情绪退潮,观望,长线吸筹型,,D,回避：资金观望,-2.8
600319,亚星化学,6.32,-27.6,0.43,-13.4,-1.79,-1876856,-4666840,-19134740,-1956454,-1592830,1050851,缩量,低,情绪退潮,观望,资金撤退型,,D,回避：资金撤退,-0.6
600320,振华重工,4.07,-35.5,0.42,-26.8,-2.97,-17843938,-10308511,-55715893,1504882,5014122,4650356,缩量,低,情绪退潮,观望,资金观望型,,D,回避：资金观望,-1.0
600188,兖矿能源,19.44,-64.1,0.92,-41.4,-4.61,-116638246,-155476077,-647026151,10704034,15332418,-5777069,缩量,低,情绪退潮,吸筹,资金撤退型,机构吸筹+盈利(关注),C,谨慎：资金流入未验证业绩,22.5
600323,瀚蓝环境,29.48,-54.5,0.77,-18.7,-2.64,-13227229,-32362294,-88990475,-5872961,-2457013,2669442,缩量,低,情绪退潮,观望,资金撤退型,,D,回避：资金撤退,-0.9
600325,华发股份,2.92,326.4,0.64,103.0,1.59,40170694,78463707,141632877,-5089104,-1584000,-51555634,放量,低,游资情绪,观望,均衡流入型,,D,回避：资金观望,8.5
600326,西藏天路,6.73,-72.8,1.41,-23.5,-3.54,-33345705,-72125555,-187156454,1010673,-3924880,-4809391,缩量,低,情绪退潮,观望,资金撤退型,,D,回避：资金撤退,-1.2
600272,开开实业,15.01,-6.8,5.05,-18.7,0.62,12014348,13596009,160037186,2269848,-1354920,6342581,缩量,低,情绪退潮,进场,长线吸筹型,资金+业绩共振(双击候选),B,关注：资金+业绩共振,72.2
600328,中盐化工,5.68,-28.6,0.24,-29.3,-10.04,-29587123,-66538975,-48203956,-2929938,-4064202,6525769,缩量,低,情绪退潮,观望,资金观望型,,D,回避：资金观望,-3.3
600329,达仁堂,35.32,-57.3,0.84,-5.8,0.08,222905,5872333,-36185792,-5142401,-4399684,4883664,缩量,低,情绪退潮,观望,趋势转多型,,D,回避：资金观望,0.0
600330,天通股份,26.9,-42.6,0.38,-9.6,-0.67,-67670494,-171953762,673454472,-138541941,-132078897,137949858,缩量,低,情绪退潮,观望,长线吸筹型,,D,回避：资金观望,-0.2
600269,赣粤高速,3.81,-56.6,1.56,-42.6,-2.8,-6061591,16765232,20124538,6875165,5750637,-2530554,缩量,低,情绪退潮,吸筹,资金观望型,机构吸筹+盈利(关注),C,谨慎：资金流入未验证业绩,23.1
600332,白云山,19.72,-56.2,1.14,-25.9,-2.04,-8933438,3087190,-6074458,2291147,-1738021,7046851,缩量,低,情绪退潮,观望,资金观望型,,D,回避：资金观望,-0.7
600273,嘉化能源,6.2,-56.7,0.69,-18.8,0.97,2613403,1464316,9730239,3602736,933560,-1300055,缩量,低,情绪退潮,进场,资金观望型,资金+业绩共振(双击候选),B,关注：资金+业绩共振,72.3
600335,国机汽车,5.26,-3.6,0.84,-16.1,-0.41,-1007913,15479371,-9945269,1784211,-683839,-1759424,缩量,低,情绪退潮,观望,资金观望型,,D,回避：资金观望,-0.1
600336,澳柯玛,6.22,-49.4,0.37,-61.8,-3.15,-4446664,-14380587,23222611,-1202401,-1315830,-1298098,缩量,低,情绪退潮,观望,长线吸筹型,,D,回避：资金观望,-1.1
600338,西藏珠峰,12.0,-70.4,0.17,-39.1,-2.6,-30458946,-85469289,-372582193,5288013,5402691,-9731591,缩量,低,情绪退潮,观望,资金撤退型,,D,回避：资金撤退,-0.9
600339,中油工程,3.24,-65.2,0.61,-30.5,-1.98,-10632516,-10492567,-3687162,329550,765862,2135100,缩量,低,情绪退潮,观望,资金观望型,,D,回避：资金观望,-0.7
600343,航天动力,18.88,-28.3,0.33,24.0,-2.51,-99911426,222709491,458250245,-35076590,-15212346,52329876,缩量,低,情绪退潮,观望,高位分歧型,,D,回避：资金观望,-0.8
600276,恒瑞医药,47.2,4.0,1.23,8.2,0.48,69896945,466623931,-2153628419,666886099,440455062,-407790183,缩量,低,情绪退潮,吸筹,趋势转多型,资金+业绩共振(双击候选),B,关注：资金+业绩共振,64.2
600346,恒力石化,16.07,-44.8,0.6,-14.9,-3.16,-81667271,-195875158,-103221024,-18503246,-18203686,10872921,缩量,低,情绪退潮,观望,资金观望型,,D,回避：资金观望,-1.1
600348,华阳股份,8.88,-35.6,0.44,-36.1,1.94,17066346,133263028,33290209,-2691822,2420296,15612474,缩量,低,情绪退潮,观望,趋势转多型,,D,回避：资金观望,0.6
600350,山东高速,10.16,-28.3,1.97,-34.7,-0.33,-1412718,10393942,51303212,3582545,9499581,2833318,缩量,低,情绪退潮,观望,高位分歧型,,D,回避：资金观望,-0.1
600351,亚宝药业,6.82,-17.7,0.87,-3.7,-0.93,-5692596,-23328617,-59724716,-12831270,3229890,26196103,缩量,低,情绪退潮,观望,资金撤退型,,D,回避：资金撤退,-0.3
600352,浙江龙盛,12.59,-26.0,1.39,-22.0,0.91,19211570,75917854,123701019,-33360192,-14134639,36191473,缩量,低,情绪退潮,观望,均衡流入型,,D,回避：资金观望,0.3
600353,旭光电子,28.68,-40.0,2.37,8.7,-2.91,-227714211,-234314523,-443131837,-39022359,-17270725,76501117,缩量,低,情绪退潮,观望,资金撤退型,,D,回避：资金撤退,-1.0
600354,敦煌种业,9.24,235.5,1.98,-23.0,-2.83,-112638720,-264785411,-205160478,53993621,17096899,-111662098,放量,低,游资情绪,观望,资金观望型,,D,回避：资金观望,7.1
600287,苏豪时尚,5.02,-18.6,0.5,-11.6,-4.95,-3768309,-2781566,-6813660,732993,679298,-439811,缩量,低,情绪退潮,吸筹,资金观望型,机构吸筹+盈利(关注),C,谨慎：资金流入未验证业绩,22.4
600295,鄂尔多斯,13.06,-18.8,0.73,-30.7,-2.57,-11387127,-36816680,-5479029,13450949,12492278,-8741481,缩量,低,情绪退潮,吸筹,资金观望型,机构吸筹+盈利(关注),C,谨慎：资金流入未验证业绩,23.1
600308,华泰股份,3.27,-38.6,0.4,41.1,2.2,3498146,25724454,34694614,1342335,-779537,125614,缩量,低,情绪退潮,进场,主力建仓型,纯资金炒作(亏损风险),C,谨慎：纯资金炒作,12.7
600360,华微电子,10.83,-45.4,5.72,79.9,-2.33,-98505221,85134163,69581285,-79133630,-57248126,86569105,缩量,低,情绪退潮,观望,资金观望型,,D,回避：资金观望,-0.8
600361,创新新材,3.49,-60.8,0.6,-35.6,-0.38,-1714180,-18139610,-60622005,-171413,4233797,1045379,缩量,低,情绪退潮,观望,资金撤退型,,D,回避：资金撤退,-0.1
600362,江西铜业,41.8,-71.3,0.98,-52.0,-4.97,-324043390,-384126932,-694669752,-2297282,-11183281,26513800,缩量,低,情绪退潮,观望,资金撤退型,,D,回避：资金撤退,-1.7
600366,宁波韵升,10.71,-83.8,1.71,-12.4,-6.23,-50197335,-74368927,-116455526,-3553420,-3314354,504389,缩量,低,情绪退潮,观望,资金撤退型,,D,回避：资金撤退,-2.1
600367,红星发展,33.08,-35.2,1.18,19.4,-2.74,-145338773,-222672955,-733231771,-54961245,-7735471,69993019,缩量,低,情绪退潮,观望,资金撤退型,,D,回避：资金撤退,-0.9
600300,维维股份,3.1,-15.2,0.35,-44.5,0.32,1062282,9462908,27928643,3161639,-300518,-5701290,缩量,低,情绪退潮,进场,均衡流入型,资金+业绩共振(双击候选),B,关注：资金+业绩共振,72.1
600372,中航机载,11.25,-52.4,0.51,-45.6,-3.91,-39215498,-42378787,-158172523,-10302338,778665,24008454,缩量,低,情绪退潮,观望,资金撤退型,,D,回避：资金撤退,-1.3
600373,中文传媒,7.51,-16.4,0.83,1.8,-2.73,-14601756,-11834421,-12397834,-9216411,-4480366,11381964,缩量,低,情绪退潮,观望,资金观望型,,D,回避：资金观望,-0.9
600375,汉马科技,3.73,-13.4,0.69,-20.1,-2.36,-7065499,10001790,-13755819,-6310771,-753220,5778570,缩量,低,情绪退潮,观望,资金观望型,,D,回避：资金观望,-0.8
600301,华锡有色,49.83,-15.2,0.9,74.0,3.58,117777945,303463150,243454578,48284547,50743812,2551210,缩量,低,情绪退潮,进场,趋势转多型,资金+业绩共振(双击候选),B,关注：资金+业绩共振,73.2
600377,宁沪高速,13.0,-11.8,1.5,3.6,-6.88,-43921053,-74843349,-109484694,-1436546,-4635625,13051388,缩量,低,情绪退潮,观望,资金撤退型,,D,回避：资金撤退,-2.3
600378,昊华科技,41.2,-74.4,4.71,-43.2,-12.54,-752775813,-1054819515,-1523081830,-74048707,-58931899,95082313,缩量,低,情绪退潮,观望,资金撤退型,,D,回避：资金撤退,-4.2
600379,宝光股份,13.94,-70.5,0.24,-11.7,-0.0,-35364,-38011407,-45882819,7869787,3021814,-13122310,缩量,低,情绪退潮,观望,资金撤退型,,D,回避：资金撤退,0.0
600380,健康元,10.16,74.6,1.04,40.2,0.31,4280213,15555483,66543777,-11680122,-5852362,33669633,放量,低,游资情绪,观望,均衡流入型,,D,回避：资金观望,8.1
600382,广东明珠,5.64,-53.3,0.72,24.9,-9.98,-38443128,-57205619,-53623850,-2897787,-3432861,-635231,缩量,低,情绪退潮,观望,资金观望型,,D,回避：资金观望,-3.3
600315,上海家化,18.38,9.4,0.89,-29.9,0.37,1989791,21459973,33778566,9983287,-6924669,-1360368,缩量,低,情绪退潮,进场,均衡流入型,资金+业绩共振(双击候选),B,关注：资金+业绩共振,72.1
600386,北巴传媒,3.54,-14.3,0.66,8.0,-4.85,-7276898,-5127360,148358,553785,-910705,1023859,缩量,低,情绪退潮,观望,资金观望型,,D,回避：资金观望,-1.6
600388,紫金龙净,16.8,-69.7,0.81,-27.4,-7.63,-60693052,-50427028,-45320394,-5413216,-1105411,8938797,缩量,低,情绪退潮,观望,资金观望型,,D,回避：资金观望,-2.5
600389,江山股份,17.89,-57.7,0.92,-46.0,-10.08,-59490362,-61296401,-15393242,-4298505,-6800519,-2777294,缩量,低,情绪退潮,观望,资金观望型,,D,回避：资金观望,-3.4
600391,航发科技,40.61,25.1,0.37,-24.7,-3.27,-87762848,-411384067,-228801565,11781514,12300017,-33156344,缩量,低,情绪退潮,观望,资金观望型,,D,回避：资金观望,-1.1
600392,盛和资源,20.17,-81.3,0.85,-11.6,-6.78,-183876175,-267075221,-679341121,-18306276,-25849868,16270677,缩量,低,情绪退潮,观望,资金撤退型,,D,回避：资金撤退,-2.3
600327,大东方,3.88,-48.2,1.2,-36.6,1.51,3379095,-7593703,-19412708,1004024,3273337,725847,缩量,低,情绪退潮,进场,资金观望型,纯资金炒作(亏损风险),C,谨慎：纯资金炒作,12.5
600331,宏达股份,11.56,-75.6,0.49,-29.2,9.49,131119768,-166616943,-227076183,-10823920,-9519732,3956652,缩量,中,主力惜售,进场,资金观望型,纯资金炒作(亏损风险),C,谨慎：纯资金炒作,27.2
600345,长江通信,48.79,-13.3,0.45,-19.5,-4.3,-85559478,-13625286,85020864,19032983,12498215,-6522376,缩量,低,情绪退潮,吸筹,资金观望型,机构吸筹+盈利(关注),C,谨慎：资金流入未验证业绩,22.6
600333,长春燃气,6.82,22.0,0.78,-33.4,1.72,4889763,-17078932,-30264896,6920232,3922313,-4459278,缩量,低,情绪退潮,进场,资金观望型,纯资金炒作(亏损风险),C,谨慎：纯资金炒作,12.6
600399,抚顺特钢,4.29,-50.3,0.63,-35.1,-4.54,-20139445,-44145349,-61696757,-382387,217136,-2233030,缩量,低,情绪退潮,观望,资金撤退型,,D,回避：资金撤退,-1.5
600400,红豆股份,3.29,-33.3,0.42,35.3,-1.59,-10899905,-102927964,-24513279,-4005998,-9032363,5333224,缩量,低,情绪退潮,观望,长线吸筹型,,D,回避：资金观望,-0.5
600322,津投城开,2.79,63.6,0.38,33.7,-3.23,-14972693,-30615200,-30308666,7642685,10247691,-2840148,放量,低,游资情绪,抢筹,资金观望型,纯资金炒作(亏损风险),C,谨慎：纯资金炒作,26.9
600405,动力源,4.94,-43.8,1.15,-48.1,0.87,1737378,8350795,-12419744,-3600079,558469,-568675,缩量,低,情绪退潮,观望,趋势转多型,,D,回避：资金观望,0.3
600406,国电南瑞,22.52,-38.5,0.43,11.4,-0.96,-42568152,-244438437,-774353930,27926064,34044739,15211786,缩量,低,情绪退潮,观望,资金撤退型,,D,回避：资金撤退,-0.3
600409,三友化工,6.16,-60.7,0.77,-47.4,-2.14,-9729330,-6031264,-122769583,-6383124,314745,4425667,缩量,低,情绪退潮,观望,资金观望型,,D,回避：资金观望,-0.7
600410,华胜天成,14.18,-45.1,0.47,18.7,-13.8,-690203847,-833914843,44254380,-82191549,-40924167,133692849,缩量,低,情绪退潮,观望,长线吸筹型,,D,回避：资金观望,-4.6
600415,小商品城,11.08,-57.2,0.85,-1.2,-7.21,-273486622,-508420579,-531790204,16478934,19285540,11654162,缩量,低,情绪退潮,观望,资金撤退型,,D,回避：资金撤退,-2.4
600356,恒丰纸业,11.46,236.2,0.49,301.6,-1.01,-14849262,21289360,29060697,34248631,50875121,-15305707,放量,低,游资情绪,抢筹,资金观望型,机构吸筹+盈利(关注),C,谨慎：资金流入未验证业绩,47.7
600358,国旅联合,5.69,173.4,0.29,109.6,6.76,41266693,40321653,40754813,-10031510,-4641816,11686955,放量,中,主力偏强放量,进场,资金观望型,纯资金炒作(亏损风险),C,谨慎：纯资金炒作,30.3
600419,天润乳业,8.94,-34.8,1.59,-59.7,-1.21,-1744051,-1981713,-17211655,3161104,667081,-4438311,缩量,低,情绪退潮,观望,资金撤退型,,D,回避：资金撤退,-0.4
600420,国药现代,8.39,-36.8,1.29,2.2,3.12,7148324,28438159,16488177,-3791013,-689894,7166503,缩量,低,情绪退潮,观望,趋势转多型,,D,回避：资金观望,1.0
600422,昆药集团,8.11,-73.8,1.61,-21.3,-2.56,-3787780,-9833521,-25756491,-4480447,-3388200,4239682,缩量,低,情绪退潮,观望,资金撤退型,,D,回避：资金撤退,-0.9
600369,西南证券,3.92,-61.1,0.87,-33.9,-3.23,-14352715,-25971788,-30917280,3991220,2134201,-1637792,缩量,低,情绪退潮,吸筹,资金撤退型,机构吸筹+盈利(关注),C,谨慎：资金流入未验证业绩,22.9
600426,华鲁恒升,19.43,-54.5,0.87,-25.3,-10.27,-249913469,-308582157,-538709452,-10491816,13558672,33909971,缩量,低,情绪退潮,观望,资金撤退型,,D,回避：资金撤退,-3.4
600428,中远海特,10.71,-67.7,2.05,-29.6,-4.98,-68990772,-155670186,-414055959,6700783,9113637,-11890055,缩量,低,情绪退潮,观望,资金撤退型,,D,回避：资金撤退,-1.7
600359,新农开发,7.4,338.3,0.43,1.5,0.05,624893,-202004898,-56080554,5592914,-6501131,5244406,放量,低,游资情绪,进场,长线吸筹型,纯资金炒作(亏损风险),C,谨慎：纯资金炒作,20.0
600433,冠豪高新,3.26,-60.3,0.12,-18.5,-0.49,-1433434,6586958,-15031943,10283,-1974605,-1013296,缩量,低,情绪退潮,观望,资金观望型,,D,回避：资金观望,-0.2
600435,北方导航,11.16,-29.3,0.65,-53.3,-6.83,-53254139,-16689042,67802538,18009085,8850162,-27844346,缩量,低,情绪退潮,观望,高位分歧型,,D,回避：资金观望,-2.3
600436,片仔癀,118.0,-78.1,2.03,-8.7,-4.99,-51401772,-40036938,-172247460,11603904,9527894,871567,缩量,低,情绪退潮,观望,资金观望型,,D,回避：资金观望,-1.7
600438,通威股份,11.52,-24.2,0.75,-8.8,-2.84,-53086342,-74701178,-53338758,17587168,14837200,-31856164,缩量,低,情绪退潮,观望,资金观望型,,D,回避：资金观望,-0.9
600376,首开股份,3.3,-18.1,2.05,65.2,6.49,97596013,88227683,-197731,-40020937,-36004791,28994717,缩量,中,主力惜售,进场,资金观望型,纯资金炒作(亏损风险),C,谨慎：纯资金炒作,26.2
600446,金证股份,10.41,-46.8,0.6,5.4,-8.72,-50038419,-36646996,-104620572,-1545737,488164,4557249,缩量,低,情绪退潮,观望,资金观望型,,D,回避：资金观望,-2.9
600448,华纺股份,3.1,430.9,0.39,977.4,-4.54,-93204913,-207675684,-191285892,-3613717,643245,24322850,放量,低,游资情绪,观望,资金观望型,,D,回避：资金观望,6.5
600449,宁夏建材,12.48,-73.9,1.79,12.9,-5.09,-18193225,-36134178,-79484422,-589498,-1559348,-3924879,缩量,低,情绪退潮,观望,资金撤退型,,D,回避：资金撤退,-1.7
600368,五洲交通,4.11,-39.7,0.65,-37.1,4.0,15780251,-47090621,-103522725,61366,-3976378,-2283321,缩量,低,情绪退潮,进场,资金观望型,资金+业绩共振(双击候选),B,关注：资金+业绩共振,73.3
600371,万向德农,13.51,2125.3,0.87,-12.3,4.04,188262875,376491620,264338366,3476847,10817548,-909854,放量,低,游资情绪,吸筹,趋势转多型,资金+业绩共振(双击候选),B,关注：资金+业绩共振,73.3
600456,宝钛股份,24.63,-78.5,0.49,-35.0,-3.47,-10811637,-38088948,-47454811,-748804,-1130494,1513948,缩量,低,情绪退潮,观望,资金撤退型,,D,回避：资金撤退,-1.2
600458,时代新材,10.99,-53.7,1.77,9.8,-4.91,-29808457,-94347919,-107347196,-9091620,-179197,16078173,缩量,低,情绪退潮,观望,资金撤退型,,D,回避：资金撤退,-1.6
600459,贵研铂业,18.02,-83.1,1.38,-32.5,-11.87,-94416956,-120545185,-312300192,-4396605,-223750,7363365,缩量,低,情绪退潮,观望,资金撤退型,,D,回避：资金撤退,-4.0
600460,士兰微,30.75,-63.1,1.82,37.5,-4.84,-411959913,-203750948,-1550755964,-137246585,-108349663,127815847,缩量,低,情绪退潮,观望,资金观望型,,D,回避：资金观望,-1.6
600383,金地集团,2.74,652.0,0.42,147.4,-0.12,-4013405,73066331,214999,19729469,4329305,-80112462,放量,低,游资情绪,抢筹,资金观望型,,C,谨慎：资金流入未验证业绩,48.0
600463,空港股份,8.37,51.6,0.55,14.7,-6.66,-11562619,-13174114,-13040793,-639890,-2399999,3258457,放量,低,游资情绪,观望,资金观望型,,D,回避：资金观望,5.8
600467,好当家,2.44,7.8,0.66,-38.7,0.84,3083740,2186763,-51521663,-4903159,-8131235,-471610,缩量,低,情绪退潮,观望,资金观望型,,D,回避：资金观望,0.3
600468,百利电气,5.87,-78.2,0.97,-45.9,-12.62,-58403881,-91124422,-79714264,-5969326,-2652894,4802565,缩量,低,情绪退潮,观望,资金观望型,,D,回避：资金观望,-4.2
600469,风神股份,4.94,-46.4,0.39,-51.9,-4.89,-4823179,-409433,-10433970,-353144,18140,977899,缩量,低,情绪退潮,观望,资金观望型,,D,回避：资金观望,-1.6
600390,五矿资本,4.85,-32.8,1.06,-33.0,-1.35,-8668706,-6509405,67778041,10106032,10734186,-140366,缩量,低,情绪退潮,吸筹,长线吸筹型,机构吸筹+盈利(关注),C,谨慎：资金流入未验证业绩,23.6
600396,华电辽能,12.39,-85.7,1.21,-45.3,-4.5,-203948175,-303513708,-355937234,6755141,11942611,-5515080,缩量,低,情绪退潮,吸筹,资金撤退型,机构吸筹+盈利(关注),C,谨慎：资金流入未验证业绩,22.5
600475,华光环能,13.97,-61.4,0.9,-46.1,2.45,9674901,1979307,46766276,-14439905,-9612740,10425368,缩量,低,情绪退潮,观望,资金观望型,,D,回避：资金观望,0.8
600477,杭萧钢构,2.43,-42.6,0.67,-47.2,3.19,9016236,21825561,47520864,-651534,1428180,2793324,缩量,低,情绪退潮,观望,主力建仓型,,D,回避：资金观望,1.1
600478,科力远,4.54,-11.5,0.18,24.7,-3.58,-18345440,-82722921,-85322473,-3127864,-1975983,7263732,缩量,低,情绪退潮,观望,资金撤退型,,D,回避：资金撤退,-1.2
600395,盘江股份,4.99,-49.8,0.81,-40.1,1.08,6270817,48703892,-40974583,2274345,-2554592,-10388,缩量,低,情绪退潮,进场,趋势转多型,资金+业绩共振(双击候选),B,关注：资金+业绩共振,72.4
600480,凌云股份,7.74,-47.3,0.26,21.2,-6.09,-20984090,-66754349,-105895504,-4775750,-3011125,8272071,缩量,低,情绪退潮,观望,资金撤退型,,D,回避：资金撤退,-2.0
600416,湘电股份,8.32,-48.9,0.49,-30.0,-4.16,-18039767,-30674968,-38431976,12564198,6259448,-6212996,缩量,低,情绪退潮,吸筹,资金撤退型,机构吸筹+盈利(关注),C,谨慎：资金流入未验证业绩,22.6
600482,中国动力,33.51,-54.3,0.44,-19.4,1.27,23227740,-761569,243066774,-7358648,-2795049,-18353013,缩量,低,情绪退潮,观望,长线吸筹型,,D,回避：资金观望,0.4
600483,福能股份,11.02,-42.9,0.62,7.7,-1.67,-11485485,-35362222,-69940784,-39972,2635382,1372490,缩量,低,情绪退潮,观望,资金撤退型,,D,回避：资金撤退,-0.6
600486,XD扬农化,51.18,-68.3,0.64,-59.0,-8.97,-53715084,-64025019,6273058,-972992,-2024377,-2402945,缩量,低,情绪退潮,观望,长线吸筹型,,D,回避：资金观望,-3.0
600487,亨通光电,54.86,-34.0,0.98,21.4,-8.79,-4044255841,-2301212930,-5630305574,-820150961,-523375965,877450708,缩量,低,情绪退潮,观望,资金观望型,,D,回避：资金观望,-2.9
600397,江钨装备,16.12,-60.0,1.91,-21.6,2.24,111612572,145195213,-55917269,33290822,25893144,-23495617,缩量,低,情绪退潮,吸筹,趋势转多型,纯资金炒作(亏损风险),C,谨慎：纯资金炒作,4.7
600489,中金黄金,21.9,-50.3,1.01,-15.5,-3.68,-238734507,-290976905,-573288427,19879185,18192359,-76043684,缩量,低,情绪退潮,观望,资金撤退型,,D,回避：资金撤退,-1.2
600490,鹏欣资源,6.8,-64.0,0.68,-36.6,-5.12,-47830070,-106528373,-289984169,-5019940,-6862705,2992378,缩量,低,情绪退潮,观望,资金撤退型,,D,回避：资金撤退,-1.7
600493,凤竹纺织,6.51,-9.1,0.79,28.9,-0.88,-1941911,-1330421,-912469,-2377824,-2347648,2686855,缩量,低,情绪退潮,观望,资金观望型,,D,回避：资金观望,-0.3
600403,大有能源,7.02,-5.0,4.87,-18.1,2.33,100561346,69566729,139335144,6523255,5632902,10315278,缩量,低,情绪退潮,进场,资金观望型,纯资金炒作(亏损风险),C,谨慎：纯资金炒作,12.8
600408,安泰集团,3.13,2.3,0.91,-26.8,2.53,18913696,20259269,7753854,10079137,9706970,-30141,缩量,低,情绪退潮,吸筹,趋势转多型,纯资金炒作(亏损风险),C,谨慎：纯资金炒作,4.8
600497,驰宏锌锗,8.96,-77.0,0.85,-36.5,-8.56,-249728442,-521363021,-865064082,1882339,-2720315,-1354507,缩量,低,情绪退潮,观望,资金撤退型,,D,回避：资金撤退,-2.9
600498,烽火通信,35.7,-55.4,0.49,8.4,-9.12,-995222073,-817497819,-1383926690,-29495558,11276591,79681482,缩量,低,情绪退潮,观望,资金观望型,,D,回避：资金观望,-3.0
600398,海澜之家,5.65,-42.9,0.67,-42.2,6.51,38379957,96371143,32999405,-3314276,-4702296,2476001,缩量,中,主力惜售,进场,短线抢筹型,资金+业绩共振(双击候选),B,关注：资金+业绩共振,86.2
600500,中化国际,5.08,-56.7,1.6,-10.1,-2.04,-49025596,-57845548,-114360808,5945593,13076076,1806758,缩量,低,情绪退潮,观望,资金撤退型,,D,回避：资金撤退,-0.7
600501,航天晨光,14.45,-51.7,0.37,-32.9,-1.57,-5262153,-24054923,-22773988,-2777962,-105937,2116099,缩量,低,情绪退潮,观望,资金观望型,,D,回避：资金观望,-0.5
600418,江淮汽车,27.47,267.1,0.7,185.8,7.35,1964015147,1936053352,1864342767,285843125,335669873,-120165843,放量,中,主力偏强放量,吸筹,资金观望型,纯资金炒作(亏损风险),C,谨慎：纯资金炒作,22.4
600503,华丽家族,2.53,849.8,0.69,586.2,1.98,65768616,131949541,105342843,-30616896,-6622446,44805848,放量,低,游资情绪,观望,趋势转多型,,D,回避：资金观望,8.7
600425,青松建化,3.69,18.0,0.54,2.4,4.12,12572698,26678243,4370062,3976671,1920265,801486,缩量,低,情绪退潮,进场,趋势转多型,资金+业绩共振(双击候选),B,关注：资金+业绩共振,73.4
600506,统一股份,16.2,175.4,0.43,-22.6,-0.08,-1510859,-36188249,30728454,-3506423,-1812299,16136068,放量,低,游资情绪,观望,资金观望型,,D,回避：资金观望,8.0
600507,方大特钢,4.08,-44.4,0.81,-13.7,-10.45,-36155639,-22862517,-12274499,6427217,7515536,2481580,缩量,低,情绪退潮,观望,资金观望型,,D,回避：资金观望,-3.5
600508,上海能源,10.58,53.7,0.62,-69.1,-6.12,-40735201,-64012713,-361084895,2127219,2649575,4888192,放量,低,游资情绪,观望,资金撤退型,,D,回避：资金撤退,6.0
600509,天富能源,7.15,-73.1,0.55,-10.5,-1.3,-5519628,-28930753,-84608454,-11459544,-10186211,4690866,缩量,低,情绪退潮,观望,资金撤退型,,D,回避：资金撤退,-0.4
600510,黑牡丹,6.4,15.4,0.28,18.9,-3.15,-7365925,-7180214,-21659327,-2342635,-4470699,4147790,缩量,低,情绪退潮,观望,资金观望型,,D,回避：资金观望,-1.1
600511,国药股份,26.1,-25.2,1.05,-11.8,2.83,11013421,14721768,23910636,-27630914,-25830767,26843576,缩量,低,情绪退潮,观望,均衡流入型,,D,回避：资金观望,0.9
600429,三元股份,4.85,11.1,0.49,-2.2,1.04,4126158,13023331,3820745,7712227,6292561,-3292117,缩量,低,情绪退潮,吸筹,趋势转多型,纯资金炒作(亏损风险),C,谨慎：纯资金炒作,4.3
600513,联环药业,15.09,-69.7,0.68,10.8,-0.78,-4101648,-23284240,-70487693,3047530,1997830,5006449,缩量,低,情绪退潮,观望,资金撤退型,,D,回避：资金撤退,-0.3
600515,海南机场,2.75,4.7,0.57,-22.0,-0.88,-9177457,44467850,74097921,18459334,11003392,2946023,缩量,低,情绪退潮,观望,资金观望型,,D,回避：资金观望,-0.3
600516,方大炭素,5.29,-33.1,0.6,79.5,-1.83,-17935722,66465482,5854116,12676772,2047549,13176074,缩量,低,情绪退潮,观望,资金观望型,,D,回避：资金观望,-0.6
600517,国网英大,4.94,-33.3,0.42,-19.9,-1.57,-6191898,-2819538,-60687507,6037008,9420770,2163882,缩量,低,情绪退潮,观望,资金观望型,,D,回避：资金观望,-0.5
600455,博通股份,24.63,-41.4,0.38,-13.0,0.56,884903,1105675,13442684,300134,661088,-63937,缩量,低,情绪退潮,吸筹,长线吸筹型,资金+业绩共振(双击候选),B,关注：资金+业绩共振,64.2
600452,涪陵电力,8.78,-71.2,0.6,22.5,-8.37,-65261955,-37049661,-41294860,1558830,7858770,-7327361,缩量,低,情绪退潮,吸筹,资金观望型,机构吸筹+盈利(关注),C,谨慎：资金流入未验证业绩,21.2
600520,三佳科技,24.31,-64.8,1.05,11.7,-0.8,-6312573,-12806123,-7625776,-1264613,-4382465,6135131,缩量,低,情绪退潮,观望,资金观望型,,D,回避：资金观望,-0.3
600521,华海药业,16.34,-57.1,1.31,52.4,-8.35,-133614847,-109828412,-283365910,11916429,10861286,11947774,缩量,低,情绪退潮,观望,资金观望型,,D,回避：资金观望,-2.8
600522,中天科技,31.13,-71.1,0.81,25.1,-15.52,-3733446007,-3123311587,-4175718538,-230906907,-119778473,276426783,缩量,低,情绪退潮,观望,资金观望型,,D,回避：资金观望,-5.2
600523,贵航股份,11.83,-62.5,0.77,-35.2,-1.8,-2368932,876056,-10195010,1019207,0,-2352254,缩量,低,情绪退潮,观望,资金观望型,,D,回避：资金观望,-0.6
600461,洪城环境,8.81,-38.9,0.92,-18.3,3.6,12425015,11843787,23929572,6035026,6238633,4293571,缩量,低,情绪退潮,进场,资金观望型,资金+业绩共振(双击候选),B,关注：资金+业绩共振,73.2
600470,六国化工,5.45,-73.3,0.79,-62.6,-4.73,-17634992,-5896562,-4938702,1700725,3544553,-2907572,缩量,低,情绪退潮,吸筹,资金观望型,纯资金炒作(亏损风险),C,谨慎：纯资金炒作,2.4
600444,国机通用,14.51,-8.7,0.49,-6.1,2.69,3906534,5298217,1715245,658230,-1513106,-1315428,缩量,低,情绪退潮,进场,趋势转多型,资金+业绩共振(双击候选),B,关注：资金+业绩共振,72.9
600528,中铁工业,6.85,-50.6,0.64,-35.0,-3.37,-6312537,-13677255,-2651093,-2562354,-296754,3040133,缩量,低,情绪退潮,观望,资金观望型,,D,回避：资金观望,-1.1
600529,山东药玻,18.17,-73.9,1.75,-33.3,-7.55,-24449955,-8462326,-20124275,-181973,-1286348,6199329,缩量,低,情绪退潮,观望,资金观望型,,D,回避：资金观望,-2.5
600531,豫光金铅,11.11,-75.8,0.5,-37.2,-6.45,-80610177,-126882222,-314543830,-436190,-1843673,-144615,缩量,低,情绪退潮,观望,资金撤退型,,D,回避：资金撤退,-2.1
600535,天士力,14.0,-47.1,2.08,-16.0,0.03,224928,16655728,20979035,-1699413,5818040,18612458,缩量,低,情绪退潮,观望,均衡流入型,,D,回避：资金观望,0.0
600536,中国软件,30.64,-77.3,0.8,-37.0,-6.47,-96198899,-177929095,-380465791,-3315092,-2055861,5582122,缩量,低,情绪退潮,观望,资金撤退型,,D,回避：资金撤退,-2.2
600538,国发股份,4.79,-57.3,0.42,-30.6,-9.85,-18267064,-27270730,-65511628,2275620,-222904,4605289,缩量,低,情绪退潮,观望,资金撤退型,,D,回避：资金撤退,-3.3
600539,狮头股份,13.48,-72.0,0.42,22.8,3.62,41128755,7557372,-73999403,-472539,-1450416,-656973,缩量,低,情绪退潮,观望,资金观望型,,D,回避：资金观望,1.2
600479,千金药业,12.4,1321.6,0.45,-38.5,3.16,134252176,138683659,-91423328,37781588,27592561,-15192017,放量,低,游资情绪,吸筹,趋势转多型,资金+业绩共振(双击候选),B,关注：资金+业绩共振,73.1
600545,卓郎智能,3.84,-39.9,0.52,42.8,-2.66,-49561879,37848881,195373792,-18408545,-4422599,36902394,缩量,低,情绪退潮,观望,高位分歧型,,D,回避：资金观望,-0.9
600546,山煤国际,13.12,-56.5,0.64,-30.3,1.48,12937815,73937014,-11344728,-6246130,-2544958,3837779,缩量,低,情绪退潮,观望,趋势转多型,,D,回避：资金观望,0.5
600547,山东黄金,27.3,12.1,0.76,-4.3,-11.3,-1457519469,-2056686061,-3005601554,53281503,-38515137,-137146972,缩量,低,情绪退潮,观望,资金撤退型,,D,回避：资金撤退,-3.8
600488,津药药业,6.69,115.6,1.2,37.7,6.06,229517528,180812102,623933762,-826256,-25876088,-72194564,放量,中,主力偏强放量,进场,资金观望型,资金+业绩共振(双击候选),B,关注：资金+业绩共振,90.0
600549,厦门钨业,44.11,-75.2,0.93,-10.3,-12.45,-757873711,-802734541,-1648480438,-22648077,-31178786,74678020,缩量,低,情绪退潮,观望,资金撤退型,,D,回避：资金撤退,-4.1
600481,双良节能,4.03,-27.3,0.53,-7.2,1.22,9357104,14041644,11106510,8188648,8212371,1603970,缩量,低,情绪退潮,进场,趋势转多型,纯资金炒作(亏损风险),C,谨慎：纯资金炒作,12.4
600551,时代出版,7.98,513.9,0.75,-59.1,3.01,29642442,-5600754,-227421972,-8927723,-2388503,23630582,放量,低,游资情绪,观望,资金观望型,,D,回避：资金观望,9.0
600552,凯盛科技,17.0,-20.5,1.25,107.6,1.82,142299285,184919996,-55714057,-45104694,-21550624,30162088,缩量,低,情绪退潮,观望,趋势转多型,,D,回避：资金观望,0.6
600495,晋西车轴,4.08,-61.4,0.95,-14.9,5.98,8773165,-949651,-13946229,-492930,-1344361,2281,缩量,中,主力惜售,进场,资金观望型,资金+业绩共振(双击候选),B,关注：资金+业绩共振,86.0
600556,天下秀,4.57,-60.4,0.84,-18.1,0.3,2468506,-18961646,-68053799,-6294001,-2429635,8856179,缩量,低,情绪退潮,观望,资金观望型,,D,回避：资金观望,0.1
600557,康缘药业,12.3,-56.1,1.51,1.4,-1.97,-4852410,-7608584,-21779738,2190803,722428,7444004,缩量,低,情绪退潮,观望,资金撤退型,,D,回避：资金撤退,-0.7
600558,大西洋,4.76,-35.3,0.6,57.3,-0.92,-3365744,4464179,-17191399,-442183,716604,3917582,缩量,低,情绪退潮,观望,资金观望型,,D,回避：资金观望,-0.3
600559,老白干酒,10.98,-39.1,1.32,-30.5,-3.15,-16747804,-12738806,-50302003,13555989,6518254,-14236172,缩量,低,情绪退潮,观望,资金观望型,,D,回避：资金观望,-1.1
600560,金自天正,11.46,16.5,0.63,27.8,0.63,1052073,3135454,-910687,-671164,97423,277338,缩量,低,情绪退潮,观望,趋势转多型,,D,回避：资金观望,0.2
600561,江西长运,6.02,-36.1,0.57,-18.8,0.29,319720,-1607328,-5733022,-370866,-781211,130718,缩量,低,情绪退潮,观望,资金观望型,,D,回避：资金观望,0.1
600562,国睿科技,26.81,-61.8,0.91,-45.4,-0.87,-6852090,-56914736,-137423649,5525888,3276877,-8639826,缩量,低,情绪退潮,观望,资金撤退型,,D,回避：资金撤退,-0.3
600563,法拉电子,115.26,-71.8,0.87,19.0,-0.28,-5253699,-43284035,-123154344,-1259591,4041980,27827731,缩量,低,情绪退潮,观望,资金撤退型,,D,回避：资金撤退,-0.1
600566,济川药业,25.63,-37.5,0.79,-14.5,-2.97,-14657749,-22152770,-28766078,2554991,2303471,8328862,缩量,低,情绪退潮,观望,资金撤退型,,D,回避：资金撤退,-1.0
600567,山鹰国际,1.32,-29.9,0.6,-14.9,-8.05,-23363465,3130236,-19779788,2311253,1628573,-1737076,缩量,低,情绪退潮,观望,资金观望型,,D,回避：资金观望,-2.7
600499,科达制造,11.19,-59.3,0.62,54.7,-16.46,-390843794,-422882448,-330561742,23872444,25259471,-14136157,缩量,低,情绪退潮,吸筹,资金观望型,机构吸筹+盈利(关注),C,谨慎：资金流入未验证业绩,18.5
600570,恒生电子,19.4,-73.4,0.65,-36.7,-12.34,-144601967,-189878118,-398900989,-6491585,-2232706,7199835,缩量,低,情绪退潮,观望,资金撤退型,,D,回避：资金撤退,-4.1
600571,信雅达,10.21,-61.1,0.87,-19.1,-1.7,-4325998,-2498404,-1994660,-1849167,-3163737,2121059,缩量,低,情绪退潮,观望,资金观望型,,D,回避：资金观望,-0.6
600572,康恩贝,4.31,-45.3,1.36,-5.7,-0.73,-5834582,-17223657,29420106,-21090462,-20997436,29198736,缩量,低,情绪退潮,观望,资金观望型,,D,回避：资金观望,-0.2
600496,精工钢构,3.39,22.8,0.38,-10.5,0.21,864406,47960495,29649035,6508092,-1048136,-3178450,缩量,低,情绪退潮,进场,趋势转多型,资金+业绩共振(双击候选),B,关注：资金+业绩共振,72.1
600575,淮河能源,3.16,-56.8,0.65,-28.4,1.01,3738264,9082090,-18940328,-6163677,-3245434,6945062,缩量,低,情绪退潮,观望,趋势转多型,,D,回避：资金观望,0.3
600576,祥源文旅,5.3,-66.9,0.52,-68.4,0.34,435319,13579919,-17634477,-1765056,530000,1299880,缩量,低,情绪退潮,观望,趋势转多型,,D,回避：资金观望,0.1
600502,安徽建工,4.23,-8.5,0.78,6.7,4.97,27884307,49868775,91706287,1968805,-2893157,-1288787,缩量,低,情绪退潮,进场,主力建仓型,资金+业绩共振(双击候选),B,关注：资金+业绩共振,73.7
600505,西昌电力,10.43,-58.1,0.83,-5.0,0.59,2118435,-13727794,-15045619,602615,-2761358,2029817,缩量,低,情绪退潮,进场,资金观望型,资金+业绩共振(双击候选),B,关注：资金+业绩共振,72.2
600579,中化装备,7.03,-73.5,1.08,5.2,3.46,5027022,22429155,15629472,-366206,0,-24651,缩量,低,情绪退潮,观望,趋势转多型,,D,回避：资金观望,1.2
600512,腾达建设,2.09,16.6,0.48,-1.7,3.08,7258510,18758228,15644288,3208214,1773057,-1567667,缩量,低,情绪退潮,吸筹,趋势转多型,资金+业绩共振(双击候选),B,关注：资金+业绩共振,65.0
600582,天地科技,4.9,-16.9,0.61,-41.0,-4.16,-14502476,-57634007,-91498238,327772,-3723172,1532884,缩量,低,情绪退潮,观望,资金撤退型,,D,回避：资金撤退,-1.4
600583,海油工程,6.62,11.2,0.68,49.4,0.88,13594590,16732787,-19353592,-31289052,-21601923,13579548,缩量,低,情绪退潮,观望,趋势转多型,,D,回避：资金观望,0.3
600584,长电科技,64.28,-81.6,2.22,24.7,-11.44,-2027078162,-1486041452,-5376704523,-288591794,-195234174,224885397,缩量,低,情绪退潮,观望,资金观望型,,D,回避：资金观望,-3.8
600585,XD海螺水,17.51,29.8,0.47,-1.7,-6.43,-132492699,-163957067,-346848462,-28652227,-56644477,63388267,缩量,低,情绪退潮,观望,资金撤退型,,D,回避：资金撤退,-2.1
600526,菲达环保,4.63,-38.5,0.38,-21.2,0.4,533400,-8881512,-15080865,118012,627396,-878679,缩量,低,情绪退潮,进场,资金观望型,资金+业绩共振(双击候选),B,关注：资金+业绩共振,72.1
600587,新华医疗,13.02,74.2,1.09,399.6,-11.09,-118229647,-50432415,-59428597,-1404573,-3101945,-9781039,放量,低,游资情绪,观望,资金观望型,,D,回避：资金观望,4.3
600588,用友网络,9.22,-78.6,1.16,-30.2,-0.84,-13087496,-35111743,-217826923,-18641783,-22921886,14836340,缩量,低,情绪退潮,观望,资金撤退型,,D,回避：资金撤退,-0.3
600589,大位科技,7.35,-70.0,0.2,-53.3,-4.81,-78260155,-206881716,-26087481,-42254982,-34484183,43937177,缩量,低,情绪退潮,观望,长线吸筹型,,D,回避：资金观望,-1.6
600590,泰豪科技,8.03,-65.8,0.32,-11.4,-9.71,-60367252,-67096673,-85189232,-1045437,-2915122,-196735,缩量,低,情绪退潮,观望,资金撤退型,,D,回避：资金撤退,-3.2
600518,康美药业,1.34,-62.9,1.26,-32.2,-3.86,-25712564,3279845,-16304955,6824373,18122753,-1339708,缩量,低,情绪退潮,吸筹,资金观望型,机构吸筹+盈利(关注),C,谨慎：资金流入未验证业绩,22.7
600593,大连圣亚,48.12,190.3,1.83,227.5,-1.89,-65595250,87939201,17814272,-15657741,-11066827,31917246,放量,低,游资情绪,观望,资金观望型,,D,回避：资金观望,7.4
600594,益佰制药,3.64,-51.6,0.85,-38.1,-6.03,-19349880,-24979847,-94616207,503528,2044918,2567328,缩量,低,情绪退潮,观望,资金撤退型,,D,回避：资金撤退,-2.0
600595,中孚实业,5.95,-72.2,1.45,-47.8,1.37,18756058,22481885,53715909,-27163441,-48612543,12650283,缩量,低,情绪退潮,观望,均衡流入型,,D,回避：资金观望,0.5
600527,江南高纤,2.17,-50.6,0.14,-9.5,7.44,21781885,15513419,17037138,553584,-659586,-4784025,缩量,中,主力惜售,进场,资金观望型,资金+业绩共振(双击候选),B,关注：资金+业绩共振,86.5
600597,光明乳业,6.93,-6.4,1.63,-12.3,2.5,6915834,8225916,-13865846,-9487159,-5687638,9818303,缩量,低,情绪退潮,观望,趋势转多型,,D,回避：资金观望,0.8
600598,北大荒,12.63,-38.4,0.78,-58.6,0.14,1815865,-66569419,-306919528,-1385142,-2314599,1661896,缩量,低,情绪退潮,观望,资金观望型,,D,回避：资金观望,0.0
600600,青岛啤酒,50.02,-67.3,0.84,-10.6,-3.37,-24854137,-57247552,-52060189,10375544,-2412080,-2899568,缩量,低,情绪退潮,观望,资金观望型,,D,回避：资金观望,-1.1
600601,方正科技,13.2,-30.9,0.98,-23.7,-2.77,-337281561,-815009994,89614402,-189137532,-160327398,202086161,缩量,低,情绪退潮,观望,长线吸筹型,,D,回避：资金观望,-0.9
600602,云赛智联,16.05,-86.3,0.95,-35.1,-10.3,-94094163,-154378377,-462382235,-29854155,-17812779,29144126,缩量,低,情绪退潮,观望,资金撤退型,,D,回避：资金撤退,-3.4
600603,广汇物流,4.81,-47.5,0.56,-45.2,0.85,1630732,-67815,-10004235,-3154185,0,2761289,缩量,低,情绪退潮,观望,资金观望型,,D,回避：资金观望,0.3
600604,市北高新,4.86,50.7,2.16,14.7,-9.54,-64142653,-71661873,-90578322,-9664478,-6402246,12166172,放量,低,游资情绪,观望,资金撤退型,,D,回避：资金撤退,4.8
600605,汇通能源,29.4,48.2,0.39,115.1,1.98,31793478,-6763586,-3121505,-3458736,-7818509,-205654,缩量,低,情绪退潮,观望,资金观望型,,D,回避：资金观望,0.7
600606,绿地控股,1.54,340.6,0.35,267.0,-0.26,-8095523,143560187,133150945,-4883474,-16469554,3372578,放量,低,游资情绪,观望,资金观望型,,D,回避：资金观望,7.9
600525,长园集团,4.86,-3.2,0.48,-29.9,-4.47,-11093429,-35207278,-143336474,1734199,2033846,-610756,缩量,低,情绪退潮,吸筹,资金撤退型,纯资金炒作(亏损风险),C,谨慎：纯资金炒作,2.5
600519,贵州茅台,1258.62,-22.7,0.98,8.5,-2.59,-500104112,-978421506,-1579907939,539214462,336616711,-364035,缩量,低,情绪退潮,吸筹,资金撤退型,机构吸筹+盈利(关注),C,谨慎：资金流入未验证业绩,23.1
600610,中毅达,7.41,-22.5,0.18,-65.9,-4.03,-29464265,-46333531,141851129,-6638127,-4210880,5644001,缩量,低,情绪退潮,观望,长线吸筹型,,D,回避：资金观望,-1.3
600611,大众交通,4.29,-78.8,4.07,-68.9,-2.39,-19863902,-32034166,-54826944,-6308075,-4930821,3021508,缩量,低,情绪退潮,观望,资金撤退型,,D,回避：资金撤退,-0.8
600612,老凤祥,31.37,-71.3,1.48,-56.2,0.28,441709,-863714,-13685396,-753389,-572979,1002965,缩量,低,情绪退潮,观望,资金观望型,,D,回避：资金观望,0.1
600613,神奇制药,8.19,526.0,1.18,-21.4,-5.41,-171926800,88858969,-149063912,11186411,14953021,-15210865,放量,低,游资情绪,观望,资金观望型,,D,回避：资金观望,6.2
600533,栖霞建设,2.29,99.3,0.4,-5.2,-0.09,-181968,-932283,-1829938,1876727,1822516,-856378,放量,低,游资情绪,抢筹,资金撤退型,纯资金炒作(亏损风险),C,谨慎：纯资金炒作,28.0
600540,新赛股份,5.52,261.6,0.39,-42.7,4.93,144817897,-30992975,-78524849,3834356,-4923779,-23816151,放量,低,游资情绪,进场,资金观望型,纯资金炒作(亏损风险),C,谨慎：纯资金炒作,21.6
600618,氯碱化工,9.66,-61.1,0.5,-47.6,-3.05,-5353129,-3444899,-19248778,-2728570,420332,2974713,缩量,低,情绪退潮,观望,资金观望型,,D,回避：资金观望,-1.0
600619,海立股份,12.93,-51.8,0.55,35.9,2.42,29676329,1160859,-75192398,-22264556,-13719681,23830605,缩量,低,情绪退潮,观望,资金观望型,,D,回避：资金观望,0.8
600620,天宸股份,4.36,3.3,0.36,-0.7,-0.8,-966636,-1643846,-481521,1976835,525820,-2580611,缩量,低,情绪退潮,观望,资金观望型,,D,回避：资金观望,-0.3
600621,华鑫股份,13.37,-1.3,0.88,124.9,-9.93,-136017036,1293617,10556437,-7074049,-9504962,6247261,缩量,低,情绪退潮,观望,资金观望型,,D,回避：资金观望,-3.3
600548,深高速,8.12,-24.1,1.4,-64.8,6.5,6088870,14494255,5061914,-3300882,-628624,3199045,缩量,中,主力惜售,进场,短线抢筹型,资金+业绩共振(双击候选),B,关注：资金+业绩共振,86.2
600623,华谊集团,8.49,-50.1,0.39,-26.0,0.25,1372361,-22597453,28599963,-14748284,-7299264,18435194,缩量,低,情绪退潮,观望,长线吸筹型,,D,回避：资金观望,0.1
600550,保变电气,10.22,-72.8,0.63,-21.0,-8.8,-65710622,-121386359,-137451877,3184615,879539,-316346,缩量,低,情绪退潮,吸筹,资金撤退型,机构吸筹+盈利(关注),C,谨慎：资金流入未验证业绩,21.1
600626,申达股份,3.77,32.6,0.51,80.3,2.33,7008246,18539883,24450147,-6950096,-5985102,8650103,缩量,低,情绪退潮,观望,主力建仓型,,D,回避：资金观望,0.8
600569,安阳钢铁,1.82,26.3,0.63,-10.1,8.53,22084727,24647037,24702791,-547468,1671910,4504434,缩量,中,主力惜售,进场,均衡流入型,纯资金炒作(亏损风险),C,谨慎：纯资金炒作,26.8
600628,新世界,6.36,-10.5,0.6,-37.7,-4.5,-7641336,-17616176,-21237823,2790138,2915817,4867,缩量,低,情绪退潮,观望,资金撤退型,,D,回避：资金撤退,-1.5
600629,华建集团,16.37,-40.2,0.78,-50.8,0.45,7592605,-29496652,91404731,-329312,-7084392,-16368359,缩量,低,情绪退潮,观望,长线吸筹型,,D,回避：资金观望,0.1
600630,龙头股份,7.63,228.9,1.84,765.2,-5.15,-160146576,-65015680,-81494161,-19586849,-9474621,54441237,放量,低,游资情绪,观望,资金观望型,,D,回避：资金观望,6.3
600573,惠泉啤酒,10.42,36.5,0.32,46.2,0.24,1145460,-7879178,-15818235,3075491,636052,-2232123,缩量,低,情绪退潮,进场,资金观望型,资金+业绩共振(双击候选),B,关注：资金+业绩共振,72.1
600577,精达股份,8.71,56.7,0.66,74.9,0.78,21815525,182436807,74985071,87316761,61086879,-94442718,放量,低,游资情绪,抢筹,趋势转多型,资金+业绩共振(双击候选),B,关注：资金+业绩共振,88.3
600633,浙数文化,10.0,-70.4,0.37,-25.8,-6.38,-30874002,-27441758,-95731439,-19315808,-3825531,16874707,缩量,低,情绪退潮,观望,资金观望型,,D,回避：资金观望,-2.1
600635,大众公用,4.45,-56.9,0.72,-33.5,-8.34,-36225519,-39282323,-14965430,-3355809,-1287720,3437133,缩量,低,情绪退潮,观望,资金观望型,,D,回避：资金观望,-2.8
600637,东方明珠,8.69,-28.3,0.43,21.5,-3.93,-62871278,-16827812,-124496136,-11903749,-15690791,-5477010,缩量,低,情绪退潮,观望,资金观望型,,D,回避：资金观望,-1.3
600580,卧龙电驱,26.39,-68.6,0.83,-7.9,-6.33,-148635856,-216844594,-685817122,38339740,33277470,-24314959,缩量,低,情绪退潮,吸筹,资金撤退型,机构吸筹+盈利(关注),C,谨慎：资金流入未验证业绩,21.9
600578,京能电力,5.21,-82.6,3.59,-43.7,-6.66,-58114932,-199586704,-102585214,35673270,35987532,-18373596,缩量,低,情绪退潮,吸筹,长线吸筹型,机构吸筹+盈利(关注),C,谨慎：资金流入未验证业绩,21.8
600640,国脉文化,12.63,153.0,0.86,355.8,-0.04,-554817,101078874,70971263,-14306988,-4991837,21677937,放量,低,游资情绪,观望,资金观望型,,D,回避：资金观望,8.0
600641,先导基电,48.57,48.2,1.46,215.5,-2.59,-753061670,21852958,-92719501,127511128,59796979,31379660,缩量,低,情绪退潮,观望,资金观望型,,D,回避：资金观望,-0.9
600642,申能股份,8.78,-6.7,0.78,9.1,-3.46,-27944140,-49994606,-70051511,-29709548,-6473603,34048519,缩量,低,情绪退潮,观望,资金撤退型,,D,回避：资金撤退,-1.2
600643,爱建集团,4.1,16.6,0.39,-14.1,-3.63,-10182800,-83303,25519532,-10546097,-5839589,10288869,缩量,低,情绪退潮,观望,高位分歧型,,D,回避：资金观望,-1.2
600644,乐山电力,8.88,-61.8,1.36,2.0,-5.31,-66693975,117149128,297683610,-11406489,-16744836,9330830,缩量,低,情绪退潮,观望,高位分歧型,,D,回避：资金观望,-1.8
600645,中源协和,19.41,-17.7,0.83,39.1,-2.67,-21564343,-28191886,-155832908,5582310,9300412,3441726,缩量,低,情绪退潮,观望,资金撤退型,,D,回避：资金撤退,-0.9
600648,外高桥,9.66,136.8,0.46,35.0,-6.21,-8327146,-10408787,-18096496,-5759993,-6324324,3294659,放量,低,游资情绪,观望,资金撤退型,,D,回避：资金撤退,5.9
600586,金晶科技,3.99,-28.9,0.16,9.2,1.73,4314225,-7857536,-38779335,1680195,2004071,2055939,缩量,低,情绪退潮,进场,资金观望型,纯资金炒作(亏损风险),C,谨慎：纯资金炒作,12.6
600592,龙溪股份,16.2,150.3,0.53,32.0,2.57,23740656,11724071,-21648752,149251287,163456221,-70161431,放量,低,游资情绪,抢筹,资金观望型,资金+业绩共振(双击候选),B,关注：资金+业绩共振,88.9
600651,飞乐音响,4.98,-49.1,0.55,-1.4,-2.82,-13712245,-24092415,-50216248,-2408835,-3021033,646110,缩量,低,情绪退潮,观望,资金撤退型,,D,回避：资金撤退,-0.9
600654,中安科,3.02,-49.6,0.25,-42.0,0.48,3262950,-29653445,-33257747,-9782803,-6971287,7062830,缩量,低,情绪退潮,观望,资金观望型,,D,回避：资金观望,0.2
600596,新安股份,10.59,-42.2,1.29,-45.9,-8.41,-176404127,-361428309,-79771307,13610598,9183626,-2634323,缩量,低,情绪退潮,吸筹,长线吸筹型,机构吸筹+盈利(关注),C,谨慎：资金流入未验证业绩,21.2
600609,金杯汽车,3.62,212.2,0.6,134.2,2.23,20289123,83995278,150414508,15929215,11660616,-12514621,放量,低,游资情绪,抢筹,主力建仓型,资金+业绩共振(双击候选),B,关注：资金+业绩共振,88.7
600658,电子城,4.21,157.6,0.38,14.1,-2.37,-8804529,-9155733,-16882704,-10863155,-5545131,15053386,放量,低,游资情绪,观望,资金撤退型,,D,回避：资金撤退,7.2
600615,鑫源智造,9.53,-37.4,0.56,-14.9,-1.43,-1243822,-356193,-3089965,923847,1524648,-640275,缩量,低,情绪退潮,吸筹,资金观望型,纯资金炒作(亏损风险),C,谨慎：纯资金炒作,3.5
600622,光大嘉宝,2.56,253.9,0.59,-18.2,-2.43,-13021026,-8244149,-8889778,179840,4177522,3320174,放量,低,游资情绪,抢筹,资金观望型,纯资金炒作(亏损风险),C,谨慎：纯资金炒作,27.2
600662,外服控股,4.26,-37.8,0.69,-14.1,-3.17,-5625855,-6785969,-3235017,1718746,2621436,963992,缩量,低,情绪退潮,观望,资金观望型,,D,回避：资金观望,-1.1
600664,哈药股份,7.4,48.9,5.48,21.2,-5.09,-1084981805,-302129765,-990928491,211863425,237222547,6341748,缩量,低,情绪退潮,观望,资金观望型,,D,回避：资金观望,-1.7
600665,天地源,3.46,28.1,0.99,7.4,-3.67,-9545208,-16775304,-37073909,-1054717,-4602203,367324,缩量,低,情绪退潮,观望,资金撤退型,,D,回避：资金撤退,-1.2
600666,奥瑞德,3.16,-76.5,0.28,15.8,-3.51,-34690707,44758134,31500796,-8799018,-10782336,15563061,缩量,低,情绪退潮,观望,资金观望型,,D,回避：资金观望,-1.2
600667,太极实业,17.29,-73.8,4.02,17.1,-5.76,-839818926,-1083240106,-618390554,-243154237,-172161813,299920055,缩量,低,情绪退潮,观望,资金观望型,,D,回避：资金观望,-1.9
600668,尖峰集团,7.46,-49.8,0.28,-9.9,-6.71,-8657324,-8353668,-22126242,-208072,-278630,2979532,缩量,低,情绪退潮,观望,资金观望型,,D,回避：资金观望,-2.2
600616,金枫酒业,5.27,715.2,0.74,300.1,1.61,32414443,84725409,113919159,5642745,1917538,-8359541,放量,低,游资情绪,进场,均衡流入型,资金+业绩共振(双击候选),B,关注：资金+业绩共振,80.5
600674,川投能源,16.62,-23.0,1.47,24.2,0.57,12866173,108281524,135940939,-18340003,6032334,22521560,缩量,低,情绪退潮,观望,均衡流入型,,D,回避：资金观望,0.2
600675,中华企业,2.52,352.5,0.86,177.2,4.33,74926464,117155732,126983001,-8597389,-7631150,4326243,放量,低,游资情绪,观望,主力建仓型,,D,回避：资金观望,9.4
600676,久事动娱,6.6,-40.0,0.65,9.5,-1.64,-6064703,-15946647,-26893763,-7007295,-8583060,1716043,缩量,低,情绪退潮,观望,资金撤退型,,D,回避：资金撤退,-0.5
600679,上海凤凰,10.55,40.9,0.63,186.5,3.27,11982048,13233634,4328619,-5685930,-2001493,6972341,缩量,低,情绪退潮,观望,趋势转多型,,D,回避：资金观望,1.1
600681,百川能源,3.52,3.0,0.63,-37.5,2.27,7004106,4877170,-16072456,-6957027,-5134050,5835603,缩量,低,情绪退潮,观望,资金观望型,,D,回避：资金观望,0.8
600682,南京新百,5.84,-9.1,1.08,-24.8,-5.17,-19572868,-22299119,4016300,6004757,3971113,1338652,缩量,低,情绪退潮,观望,资金观望型,,D,回避：资金观望,-1.7
600683,京投发展,8.95,-20.1,0.36,-27.4,-2.24,-20673158,-40592559,-81054323,-10141849,-6306592,15956986,缩量,低,情绪退潮,观望,资金撤退型,,D,回避：资金撤退,-0.7
600685,中船防务,28.71,-2.6,0.42,-31.0,-2.92,-44524212,-66663266,-254523002,-4664220,-6253304,10856895,缩量,低,情绪退潮,观望,资金撤退型,,D,回避：资金撤退,-1.0
600686,金龙汽车,11.25,21.5,0.48,18.5,2.16,24061956,27597453,58903976,-3138050,-5006540,5378146,缩量,低,情绪退潮,观望,均衡流入型,,D,回避：资金观望,0.7
600617,国新能源,3.4,-35.4,1.01,-30.3,-1.82,-7880845,2563247,-2764570,4988282,6460260,-5801936,缩量,低,情绪退潮,吸筹,资金观望型,纯资金炒作(亏损风险),C,谨慎：纯资金炒作,3.4
600689,上海三毛,11.92,9.8,0.47,-42.0,-1.01,-1448470,-15639697,-11701951,707594,-52404,253773,缩量,低,情绪退潮,观望,资金观望型,,D,回避：资金观望,-0.3
600691,潞化科技,2.72,7.7,0.37,-70.0,-6.1,-31568699,-94150894,-56975864,-3761790,-2099661,2875990,缩量,低,情绪退潮,观望,资金观望型,,D,回避：资金观望,-2.0
600638,新黄浦,5.3,160.8,0.7,55.7,-3.58,-15837112,-12738615,-27409456,1930671,1944047,-1523512,放量,低,游资情绪,吸筹,资金观望型,机构吸筹+盈利(关注),C,谨慎：资金流入未验证业绩,30.8
600693,东百集团,9.32,-51.3,1.11,-62.2,-3.1,-70725012,-39910073,103620728,12621595,11196818,-12427745,缩量,低,情绪退潮,观望,高位分歧型,,D,回避：资金观望,-1.0
600694,大商股份,14.4,-53.1,0.72,-64.7,-4.35,-5697396,-7523447,-27413903,-373749,791450,121616,缩量,低,情绪退潮,观望,资金撤退型,,D,回避：资金撤退,-1.4
600650,锦江在线,10.22,-60.7,1.36,-52.9,2.97,6954332,3234929,-16911794,437582,344574,2484351,缩量,低,情绪退潮,进场,资金观望型,资金+业绩共振(双击候选),B,关注：资金+业绩共振,73.0
600698,湖南天雁,6.7,-31.8,1.92,-68.4,-6.23,-45670665,-80744515,128202111,-1738863,-2389208,9153431,缩量,低,情绪退潮,观望,长线吸筹型,,D,回避：资金观望,-2.1
600639,浦东金桥,9.88,157.9,0.28,99.5,0.87,2848427,38483679,24886253,8412626,5230293,257059,放量,低,游资情绪,抢筹,趋势转多型,资金+业绩共振(双击候选),B,关注：资金+业绩共振,88.3
600702,舍得酒业,32.71,-51.4,2.15,-13.0,-5.1,-41399297,-111145209,-150602560,-2149950,5801431,-10634551,缩量,低,情绪退潮,观望,资金撤退型,,D,回避：资金撤退,-1.7
600703,三安光电,11.48,-77.9,0.67,-32.1,-10.44,-474331789,-447353850,-453476978,-30563361,-26737831,21896511,缩量,低,情绪退潮,观望,资金观望型,,D,回避：资金观望,-3.5
600704,物产中大,4.87,-16.1,0.73,-34.1,-3.47,-25783752,7345312,-58684238,8777535,10604774,16345332,缩量,低,情绪退潮,观望,资金观望型,,D,回避：资金观望,-1.2
600649,城投控股,4.06,232.1,0.52,22.6,0.76,5672709,5703864,17441442,3400011,1660970,-6086858,放量,低,游资情绪,进场,均衡流入型,资金+业绩共振(双击候选),B,关注：资金+业绩共振,80.3
600706,曲江文旅,8.1,-13.9,0.88,-58.8,-2.13,-6501711,-59950952,43493210,1851592,2884220,-4330326,缩量,低,情绪退潮,观望,长线吸筹型,,D,回避：资金观望,-0.7
600653,申华控股,1.68,152.7,0.65,145.2,8.38,56956843,70909816,71250191,-2692121,1697917,-661875,放量,中,主力偏强放量,吸筹,主力建仓型,纯资金炒作(亏损风险),C,谨慎：纯资金炒作,22.8
600708,光明地产,3.12,129.0,0.39,37.1,-2.5,-11293876,-6809054,-5473038,-24187063,-20893768,19500996,放量,低,游资情绪,观望,资金观望型,,D,回避：资金观望,7.2
600657,信达地产,3.55,1087.7,0.63,-34.5,-0.74,-11494182,-14775428,111593242,75339604,14683956,-138049042,放量,低,游资情绪,抢筹,长线吸筹型,纯资金炒作(亏损风险),C,谨慎：纯资金炒作,27.8
600711,盛屯矿业,10.14,-76.3,0.82,-57.2,-3.36,-67137624,-187215261,-231632087,-63396570,-67450111,41627085,缩量,低,情绪退潮,观望,资金撤退型,,D,回避：资金撤退,-1.1
600712,南宁百货,5.39,-30.8,1.3,-27.0,-9.42,-47421963,-76709975,-43564083,-4766217,-4561339,4333027,缩量,低,情绪退潮,观望,资金观望型,,D,回避：资金观望,-3.1
600655,豫园股份,4.66,14.1,0.99,-22.7,2.6,7258751,21274873,52922860,5143046,7932914,590219,缩量,低,情绪退潮,进场,主力建仓型,纯资金炒作(亏损风险),C,谨慎：纯资金炒作,12.9
600714,金瑞矿业,17.15,-11.1,0.29,-56.5,-1.78,-29650332,40566421,-195240535,-10621751,-5296748,16786414,缩量,低,情绪退潮,观望,资金观望型,,D,回避：资金观望,-0.6
600660,福耀玻璃,53.58,-54.1,0.61,-14.6,4.97,106051836,99265365,123443068,14604475,4683026,-9096077,缩量,低,情绪退潮,进场,资金观望型,资金+业绩共振(双击候选),B,关注：资金+业绩共振,73.7
600716,凤凰股份,3.79,15.5,0.45,30.9,-11.23,-13047774,-14087278,-18400169,-124571,141784,2048548,缩量,低,情绪退潮,观望,资金撤退型,,D,回避：资金撤退,-3.7
600717,天津港,4.3,32.4,1.34,-16.4,1.85,6441255,31779975,35050832,-11422265,-7756823,18002390,缩量,低,情绪退潮,观望,均衡流入型,,D,回避：资金观望,0.6
600661,昂立教育,9.17,25.8,1.94,84.1,0.92,5553245,329657,-7565202,2862673,1112369,-8514711,缩量,低,情绪退潮,进场,资金观望型,资金+业绩共振(双击候选),B,关注：资金+业绩共振,72.3
600663,陆家嘴,10.11,94.0,1.12,74.9,0.56,6385889,5476504,11703332,80526493,88155041,-65871090,放量,低,游资情绪,抢筹,资金观望型,资金+业绩共振(双击候选),B,关注：资金+业绩共振,88.2
600673,东阳光,30.37,-79.9,0.48,-9.9,2.84,64176395,138196376,132687293,19244415,14407115,-30004023,缩量,低,情绪退潮,进场,趋势转多型,资金+业绩共振(双击候选),B,关注：资金+业绩共振,72.9
600721,百花医药,13.11,261.2,6.25,41.2,3.3,311888833,708851667,662699393,-36779772,-68365226,-7642692,放量,低,游资情绪,观望,趋势转多型,,D,回避：资金观望,9.1
600722,金牛化工,14.72,0.9,1.0,-43.2,-2.75,-198548092,-413141191,-642233523,5220347,21455459,30101051,缩量,低,情绪退潮,观望,资金撤退型,,D,回避：资金撤退,-0.9
600671,天目药业,21.79,-71.6,2.69,-21.3,2.81,6825328,-5903789,-20982080,1480079,3070077,-3512402,缩量,低,情绪退潮,进场,资金观望型,资金+业绩共振(双击候选),B,关注：资金+业绩共振,72.9
600724,宁波富达,5.01,-5.2,0.36,-9.6,-4.4,-9310887,-16117922,-42421194,-2023014,-4165335,475487,缩量,低,情绪退潮,观望,资金撤退型,,D,回避：资金撤退,-1.5
600725,云维股份,3.27,-55.0,0.59,-22.1,1.94,4189769,3759445,-14946544,-2243104,1178208,2205876,缩量,低,情绪退潮,观望,资金观望型,,D,回避：资金观望,0.6
600726,华电能源,4.96,-89.8,0.38,-44.2,-5.06,-59913354,-105679162,-33351774,-7132603,-6210857,12735802,缩量,低,情绪退潮,观望,资金观望型,,D,回避：资金观望,-1.7
600727,鲁北化工,7.49,-54.8,0.58,-43.2,-1.52,-4452922,-20386740,-47189005,-2388760,-2832410,1757739,缩量,低,情绪退潮,观望,资金撤退型,,D,回避：资金撤退,-0.5
600728,佳都科技,4.45,-65.4,0.66,-15.1,-5.04,-17479838,-21316330,-27833114,858280,4183696,873602,缩量,低,情绪退潮,观望,资金撤退型,,D,回避：资金撤退,-1.7
600729,重百集团,18.44,-48.5,1.44,-44.0,-1.63,-3195953,-12004197,-7495221,-2767527,-3842428,3243982,缩量,低,情绪退潮,观望,资金观望型,,D,回避：资金观望,-0.5
600731,湖南海利,5.95,-20.0,0.57,-54.7,-1.05,-1084968,-7257449,-32880865,1823417,1209449,6484878,缩量,低,情绪退潮,观望,资金撤退型,,D,回避：资金撤退,-0.4
600684,珠江股份,3.64,60.3,0.77,-24.6,0.16,544232,-4402103,-58256039,-252196,1385507,6184747,放量,低,游资情绪,抢筹,资金观望型,资金+业绩共振(双击候选),B,关注：资金+业绩共振,88.1
600690,海尔智家,20.42,-48.5,0.83,13.8,5.08,134568742,-35417612,-236176028,6871219,-12980546,55425807,缩量,中,主力惜售,进场,资金观望型,资金+业绩共振(双击候选),B,关注：资金+业绩共振,85.7
600736,苏州高新,6.57,-3.6,0.09,-14.4,-5.7,-34266191,-27002885,-84305703,-8084957,-9109123,7031812,缩量,低,情绪退潮,观望,资金观望型,,D,回避：资金观望,-1.9
600688,上海石化,2.75,-59.3,0.68,-36.9,-6.74,-39722984,-37004061,-106794678,5388781,8207037,-7318068,缩量,低,情绪退潮,吸筹,资金观望型,纯资金炒作(亏损风险),C,谨慎：纯资金炒作,1.8
600738,丽尚国潮,4.23,-18.0,0.72,-37.4,-0.95,-2173936,-17924230,-9441566,-115217,198198,287766,缩量,低,情绪退潮,观望,资金观望型,,D,回避：资金观望,-0.3
600739,辽宁成大,10.21,-41.9,0.99,-25.2,-12.73,-54904611,-73800589,-151771465,-6680922,-4842323,7861841,缩量,低,情绪退潮,观望,资金撤退型,,D,回避：资金撤退,-4.2
600692,亚通股份,6.72,65.7,0.29,2.8,-1.42,-3605465,-9144487,-8712625,391458,843537,-815410,放量,低,游资情绪,吸筹,资金观望型,机构吸筹+盈利(关注),C,谨慎：资金流入未验证业绩,31.5
600697,欧亚集团,11.43,57.4,0.64,22.7,0.98,2776064,-41216577,-7642960,3519759,-723060,-1712854,放量,低,游资情绪,进场,资金观望型,纯资金炒作(亏损风险),C,谨慎：纯资金炒作,20.3
600707,彩虹股份,10.08,99.1,0.93,218.6,1.31,162220642,879636171,832577037,174258372,178844962,-96543107,放量,低,游资情绪,抢筹,趋势转多型,资金+业绩共振(双击候选),B,关注：资金+业绩共振,88.4
600743,华远控股,2.35,545.7,0.18,215.9,-2.63,-61646580,-31137196,-140055425,-33818621,-16027058,51926545,放量,低,游资情绪,观望,资金观望型,,D,回避：资金观望,7.1
600744,华银电力,6.06,-80.9,0.66,-28.6,-4.09,-75417836,-128614432,100008933,2823096,-2874040,-8735617,缩量,低,情绪退潮,观望,长线吸筹型,,D,回避：资金观望,-1.4
600746,江苏索普,6.88,-71.2,0.93,-20.8,-6.61,-21833390,-3043076,-25108546,-2522668,-123822,370446,缩量,低,情绪退潮,观望,资金观望型,,D,回避：资金观望,-2.2
600749,西藏旅游,12.65,-64.2,0.61,-71.5,-9.55,-29245119,-63054420,-23912017,-3414295,-1259059,3545987,缩量,低,情绪退潮,观望,长线吸筹型,,D,回避：资金观望,-3.2
600699,均胜电子,23.46,290.5,0.32,232.1,3.7,439845270,695748315,747800832,72854006,-9006599,-34634124,放量,低,游资情绪,进场,主力建仓型,资金+业绩共振(双击候选),B,关注：资金+业绩共振,81.2
600710,苏美达,11.28,-24.1,0.46,-35.4,4.7,17919511,-9488604,-4510785,4222471,6230312,5880814,缩量,低,情绪退潮,进场,资金观望型,资金+业绩共振(双击候选),B,关注：资金+业绩共振,73.6
600754,锦江酒店,18.05,-62.2,0.61,-56.8,-2.81,-17743087,-40860066,-83357865,-4019557,-6223910,377325,缩量,低,情绪退潮,观望,资金撤退型,,D,回避：资金撤退,-0.9
600720,中交设计,5.19,-21.7,1.0,-25.7,5.02,6346305,31593606,60414424,-2563663,1531580,4309984,缩量,中,主力惜售,进场,主力强攻型,资金+业绩共振(双击候选),B,关注：资金+业绩共振,85.7
600756,浪潮软件,13.76,-80.0,1.97,-19.9,-1.24,-5042044,-14885342,-62304658,-6807494,-4758572,-1176610,缩量,低,情绪退潮,观望,资金撤退型,,D,回避：资金撤退,-0.4
600757,长江传媒,7.43,-46.6,1.1,-25.3,0.29,769589,13243229,36711066,-1741245,-1229312,-524541,缩量,低,情绪退潮,观望,均衡流入型,,D,回避：资金观望,0.1
600758,辽宁能源,3.75,20.7,0.7,-24.9,1.69,23211278,858938,-54310637,-9938735,-15034285,7180527,缩量,低,情绪退潮,观望,资金观望型,,D,回避：资金观望,0.6
600760,中航沈飞,43.63,-27.5,0.58,-42.1,-3.3,-80834064,-269669516,-700872311,7856187,15605011,12368659,缩量,低,情绪退潮,观望,资金撤退型,,D,回避：资金撤退,-1.1
600761,安徽合力,14.85,-59.1,0.41,-2.4,-9.99,-46813901,-74312957,-50290407,-4136558,-6425495,6454835,缩量,低,情绪退潮,观望,资金观望型,,D,回避：资金观望,-3.3
600713,南京医药,5.0,-62.0,0.81,-2.1,-4.4,-8674680,-32935485,-33024546,5104598,4308367,-2121231,缩量,低,情绪退潮,吸筹,资金撤退型,机构吸筹+盈利(关注),C,谨慎：资金流入未验证业绩,22.5
600764,中国海防,18.39,-18.3,0.66,-48.4,-5.81,-23590222,-41739067,-43053179,-9895231,-8234579,6168757,缩量,低,情绪退潮,观望,资金撤退型,,D,回避：资金撤退,-1.9
600765,中航重机,13.19,-60.7,0.54,-52.8,-5.1,-29792794,-22251116,-37967029,4244022,-677043,-1897616,缩量,低,情绪退潮,观望,资金观望型,,D,回避：资金观望,-1.7
600768,富邦新材,14.75,-56.1,0.34,-16.7,-2.61,-4220621,-8796324,-32841347,-215150,3612,-4091919,缩量,低,情绪退潮,观望,资金撤退型,,D,回避：资金撤退,-0.9
600769,祥龙电业,14.82,-14.9,0.57,-12.7,-5.1,-35907707,-47557779,-32916878,12242222,6941478,-20384940,缩量,低,情绪退潮,观望,资金观望型,,D,回避：资金观望,-1.7
600715,文投控股,1.64,-16.7,0.6,17.9,6.28,29677839,32863664,5866951,-11161021,-6167361,7711610,缩量,中,主力惜售,进场,趋势转多型,纯资金炒作(亏损风险),C,谨慎：纯资金炒作,26.1
600732,爱旭股份,11.57,51.5,0.5,54.2,-4.66,-66767332,5848318,-85970167,101676548,86051720,-26310026,放量,低,游资情绪,抢筹,资金观望型,纯资金炒作(亏损风险),C,谨慎：纯资金炒作,26.4
600773,西藏城投,9.82,-43.3,0.21,-37.1,-3.16,-29217571,-98843084,-101395182,-1932521,-339666,8612268,缩量,低,情绪退潮,观望,资金撤退型,,D,回避：资金撤退,-1.1
600774,汉商集团,7.97,-23.5,0.74,-15.8,0.82,1121727,-2094794,450269,-961513,0,2286311,缩量,低,情绪退潮,观望,资金观望型,,D,回避：资金观望,0.3
600775,南京熊猫,9.26,-72.5,0.7,-4.9,1.55,8005347,-4121907,1614035,-4059210,-4223691,-2265,缩量,低,情绪退潮,观望,资金观望型,,D,回避：资金观望,0.5
600776,东方通信,12.28,-51.1,0.2,-55.9,-8.17,-74465104,-116377542,72507465,-5548776,-1895540,12280895,缩量,低,情绪退潮,观望,长线吸筹型,,D,回避：资金观望,-2.7
600718,东软集团,7.91,-64.8,0.82,0.3,1.35,3190648,26278245,9610004,964136,-293771,59430,缩量,低,情绪退潮,进场,趋势转多型,纯资金炒作(亏损风险),C,谨慎：纯资金炒作,12.4
600778,友好集团,5.77,21.1,0.61,-55.7,-2.05,-5041024,-53792523,49877079,-810709,-1409848,412675,缩量,低,情绪退潮,观望,长线吸筹型,,D,回避：资金观望,-0.7
600779,水井坊,26.18,-53.2,1.19,-2.6,-0.42,-1008059,11396638,-4866142,-424335,-1540368,-1184836,缩量,低,情绪退潮,观望,资金观望型,,D,回避：资金观望,-0.1
600780,通宝能源,6.13,-36.1,0.32,-27.2,-2.86,-6295626,-34198601,-108651590,2312544,3191411,1523924,缩量,低,情绪退潮,观望,资金撤退型,,D,回避：资金撤退,-1.0
600782,新钢股份,2.7,-36.4,0.76,-6.5,3.27,14617330,11371135,60286212,-609528,2698094,6568821,缩量,低,情绪退潮,观望,资金观望型,,D,回避：资金观望,1.1
600783,鲁信创投,14.52,-77.5,0.5,-1.5,-1.67,-11107536,-179188761,-239045812,4021815,121530,-4620086,缩量,低,情绪退潮,观望,资金撤退型,,D,回避：资金撤退,-0.6
600784,鲁银投资,7.0,-75.4,0.95,-54.3,-2.06,-3676598,-11035060,-70267800,1666019,-2266653,-1454040,缩量,低,情绪退潮,观望,资金撤退型,,D,回避：资金撤退,-0.7
600719,大连热电,8.72,392.4,0.2,144.8,3.55,58068599,100683901,109708331,70460218,89640719,-35499215,放量,低,游资情绪,抢筹,主力建仓型,纯资金炒作(亏损风险),C,谨慎：纯资金炒作,29.2
600737,中粮糖业,14.66,69.0,0.94,-55.1,-8.38,-360809973,-473652464,-1169031620,40163500,29169230,-27779124,放量,低,游资情绪,吸筹,资金撤退型,机构吸筹+盈利(关注),C,谨慎：资金流入未验证业绩,29.2
600789,鲁抗医药,7.85,29.6,0.98,12.8,-1.32,-12543051,-26149416,-43494731,554633,6221319,10370785,缩量,低,情绪退潮,观望,资金撤退型,,D,回避：资金撤退,-0.4
600733,北汽蓝谷,5.07,133.4,1.23,103.6,2.14,95213398,105568148,40711378,41074862,23810094,-12493124,放量,低,游资情绪,吸筹,趋势转多型,纯资金炒作(亏损风险),C,谨慎：纯资金炒作,12.7
600742,XD富维股,7.67,-29.6,0.41,-9.4,1.94,3492793,459089,25012744,1389443,767000,3903815,缩量,低,情绪退潮,进场,长线吸筹型,资金+业绩共振(双击候选),B,关注：资金+业绩共振,72.6
600740,山西焦化,3.76,-33.3,0.49,-38.5,-2.38,-11287696,-6330908,-61963379,3411162,2822129,-1202399,缩量,低,情绪退潮,吸筹,资金观望型,机构吸筹+盈利(关注),C,谨慎：资金流入未验证业绩,23.2
600793,宜宾纸业,16.36,-72.6,1.47,61.2,-4.26,-14264879,12061652,286772,992440,-1592974,-2798266,缩量,低,情绪退潮,观望,资金观望型,,D,回避：资金观望,-1.4
600794,保税科技,3.19,-29.0,0.72,-16.3,-0.15,-231991,-4190945,5677531,1778546,791680,-807246,缩量,低,情绪退潮,观望,资金观望型,,D,回避：资金观望,-0.0
600795,国电电力,5.34,-23.2,0.68,-3.9,1.88,59704361,186018510,678219444,-41437326,-56432119,11775762,缩量,低,情绪退潮,观望,均衡流入型,,D,回避：资金观望,0.6
600741,华域汽车,15.38,-14.2,0.53,-9.2,4.62,50243736,27869509,-16429155,10526612,1737588,23724720,缩量,低,情绪退潮,进场,资金观望型,资金+业绩共振(双击候选),B,关注：资金+业绩共振,73.5
600797,浙大网新,6.45,-84.6,1.0,-19.5,-6.51,-19599998,-38314377,-59799598,-3553173,-2991371,2789388,缩量,低,情绪退潮,观望,资金撤退型,,D,回避：资金撤退,-2.2
600798,宁波海运,3.41,8.0,0.45,-43.1,-3.09,-8252712,-71040760,-48757188,6414311,6648166,-8160631,缩量,低,情绪退潮,观望,资金观望型,,D,回避：资金观望,-1.0
600748,上实发展,4.1,147.9,0.33,42.9,0.07,313818,2465097,-8643162,12196630,4444523,-7753947,放量,低,游资情绪,抢筹,趋势转多型,纯资金炒作(亏损风险),C,谨慎：纯资金炒作,28.0
600801,华新建材,23.8,-55.2,0.89,-22.1,-6.25,-52236459,-91496081,-199571464,16737886,9990734,-16681561,缩量,低,情绪退潮,观望,资金撤退型,,D,回避：资金撤退,-2.1
600750,华润江中,22.53,-40.0,1.02,-29.6,1.55,5973957,-3554177,-8303781,6472493,5980957,2477842,缩量,低,情绪退潮,进场,资金观望型,资金+业绩共振(双击候选),B,关注：资金+业绩共振,72.5
600803,新奥股份,19.2,50.6,0.47,-46.6,-0.57,-3237459,6664805,-53981453,-1459859,-1431658,12839828,放量,低,游资情绪,观望,资金观望型,,D,回避：资金观望,7.8
600805,悦达投资,4.63,27.4,0.46,8.6,-0.39,-716932,-6716433,-6214854,-2109758,-3528952,3759726,缩量,低,情绪退潮,观望,资金观望型,,D,回避：资金观望,-0.1
600751,海航科技,2.91,-30.4,0.4,0.8,-7.92,-25398254,-61688647,-65802570,5140047,6871012,-3344465,缩量,低,情绪退潮,吸筹,资金撤退型,机构吸筹+盈利(关注),C,谨慎：资金流入未验证业绩,21.4
600808,马钢股份,2.51,-23.5,0.69,7.6,0.25,1902109,-2764330,-11243018,-2844785,-1177362,13412712,缩量,低,情绪退潮,观望,资金观望型,,D,回避：资金观望,0.1
600755,厦门国贸,5.68,-1.0,0.78,68.9,7.27,70326197,73564313,56816184,-8126537,-6697799,955821,缩量,中,主力惜售,进场,趋势转多型,资金+业绩共振(双击候选),B,关注：资金+业绩共振,86.4
600763,通策医疗,34.07,-20.2,1.09,-12.7,-4.35,-38769696,-9042372,-126002656,24770833,20687566,-3499230,缩量,低,情绪退潮,吸筹,资金观望型,机构吸筹+盈利(关注),C,谨慎：资金流入未验证业绩,22.6
600771,广誉远,14.15,-17.0,1.77,29.6,0.79,4797345,4579386,-44567010,963567,892579,2264777,缩量,低,情绪退潮,进场,资金观望型,资金+业绩共振(双击候选),B,关注：资金+业绩共振,72.3
600814,杭州解百,6.93,14.7,0.63,-65.1,-9.69,-18999597,-37599827,2002140,-1302596,-455419,695966,缩量,低,情绪退潮,观望,长线吸筹型,,D,回避：资金观望,-3.2
600815,厦工股份,3.82,133.0,0.47,33.0,2.95,109808137,232647939,-66872826,-7058039,-7765701,19571698,放量,低,游资情绪,观望,趋势转多型,,D,回避：资金观望,9.0
600816,建元信托,2.38,-45.3,0.3,-35.4,-2.6,-13603402,-23944483,9480418,-11361520,-4290382,18447011,缩量,低,情绪退潮,观望,长线吸筹型,,D,回避：资金观望,-0.9
600817,宇通重工,9.79,-34.0,0.28,-8.4,-7.66,-5703919,-1497766,-5401221,26183,163251,695579,缩量,低,情绪退潮,观望,资金观望型,,D,回避：资金观望,-2.6
600770,综艺股份,6.36,150.0,0.13,39.4,0.28,8799522,101473996,208472708,69014925,57255790,-27140726,放量,低,游资情绪,抢筹,均衡流入型,资金+业绩共振(双击候选),B,关注：资金+业绩共振,88.1
600820,隧道股份,5.3,-30.0,0.81,-49.2,-1.1,-3145782,34719077,53188281,4932913,5956720,1000581,缩量,低,情绪退潮,观望,高位分歧型,,D,回避：资金观望,-0.4
600821,金开新能,5.68,-82.2,0.36,-40.8,-11.17,-110204414,-210796286,-124822919,-9311910,-10638882,2026094,缩量,低,情绪退潮,观望,长线吸筹型,,D,回避：资金观望,-3.7
600822,上海物贸,8.92,147.7,0.77,130.6,-3.91,-15569031,11047030,8826556,-9682114,-4126244,10867467,放量,低,游资情绪,观望,资金观望型,,D,回避：资金观望,6.7
600777,XD新潮能,4.0,-73.6,0.71,-44.9,0.23,654530,-28180783,11024078,225893,-2535596,1208328,缩量,低,情绪退潮,进场,长线吸筹型,资金+业绩共振(双击候选),B,关注：资金+业绩共振,72.1
600785,新华百货,10.65,62.8,0.73,-62.3,-3.02,-28886130,22355877,349030677,23368953,19303833,-12258376,放量,低,游资情绪,抢筹,高位分歧型,机构吸筹+盈利(关注),C,谨慎：资金流入未验证业绩,47.0
600826,兰生股份,7.97,-12.9,0.35,102.8,4.45,15519259,22069475,18964547,-3933339,939391,5355233,缩量,低,情绪退潮,观望,趋势转多型,,D,回避：资金观望,1.5
600791,京能置业,6.94,1.2,0.49,-46.0,-1.3,-7127698,-38656120,22245964,3589696,4574320,-246648,缩量,低,情绪退潮,吸筹,长线吸筹型,纯资金炒作(亏损风险),C,谨慎：纯资金炒作,3.6
600829,人民同泰,9.43,-79.2,4.01,-24.0,-8.69,-36580559,-38058103,-63532671,376586,599451,2557583,缩量,低,情绪退潮,观望,资金撤退型,,D,回避：资金撤退,-2.9
600830,香溢融通,8.38,89.6,0.16,-81.6,-13.21,-44779301,-68313168,-184999855,-1018357,-2185706,2698080,放量,低,游资情绪,观望,资金撤退型,,D,回避：资金撤退,3.6
600790,轻纺城,3.68,276.2,0.13,241.5,0.85,10333060,42800176,52264100,28463366,25971082,-16838442,放量,低,游资情绪,抢筹,均衡流入型,纯资金炒作(亏损风险),C,谨慎：纯资金炒作,28.3
600787,中储股份,4.62,-26.5,0.91,-15.5,3.96,11271744,47446458,60481484,843227,7108941,4215530,缩量,低,情绪退潮,进场,主力建仓型,资金+业绩共振(双击候选),B,关注：资金+业绩共振,73.3
600833,第一医药,10.48,-63.7,1.47,1.5,-3.03,-6500600,2082875,-10050125,-13021,1631538,4299266,缩量,低,情绪退潮,观望,资金观望型,,D,回避：资金观望,-1.0
600834,XD申通地,7.65,-30.4,0.55,-46.5,-0.74,-455003,-4812388,-1829217,-383753,-653885,-53904,缩量,低,情绪退潮,观望,资金观望型,,D,回避：资金观望,-0.2
600835,上海机电,18.29,-43.3,0.46,67.4,-0.43,-2707887,24050860,15095525,-1996468,2359209,1860856,缩量,低,情绪退潮,观望,资金观望型,,D,回避：资金观望,-0.1
600792,云煤能源,5.04,488.4,0.61,22.8,6.92,251198947,481781697,690002953,-52315278,-30360955,56626941,放量,中,主力偏强放量,进场,主力强攻型,纯资金炒作(亏损风险),C,谨慎：纯资金炒作,30.3
600838,上海九百,8.18,21.8,0.84,-37.9,-3.05,-13771302,-1839015,-39587937,6202381,-1634823,-3406940,缩量,低,情绪退潮,观望,资金观望型,,D,回避：资金观望,-1.0
600839,四川长虹,6.42,-84.4,1.14,-41.8,-13.14,-108779812,-135294837,-396678611,-9771873,-9667746,20841830,缩量,低,情绪退潮,观望,资金撤退型,,D,回避：资金撤退,-4.4
600802,福建水泥,7.24,2502.1,0.65,114.1,5.11,139974498,130299786,227885287,-20967844,-779159,22180625,放量,中,主力偏强放量,进场,资金观望型,纯资金炒作(亏损风险),C,谨慎：纯资金炒作,29.7
600841,动力新科,5.7,-50.0,0.45,-5.5,2.51,6881324,-8773277,26376737,-3619059,-1857178,491582,缩量,低,情绪退潮,观望,资金观望型,,D,回避：资金观望,0.8
600800,渤海化学,3.21,-67.2,0.35,-9.7,1.73,4067602,-21137769,-52899681,838365,2121907,-1394869,缩量,低,情绪退潮,吸筹,资金观望型,纯资金炒作(亏损风险),C,谨慎：纯资金炒作,4.6
600843,上工申贝,7.58,208.4,0.59,385.9,4.64,72999764,71930400,62750540,-7143916,-6175364,14606220,放量,低,游资情绪,观望,资金观望型,,D,回避：资金观望,9.5
600844,金煤科技,3.23,-72.7,1.05,-67.0,-2.25,-8827694,-41273499,-66250152,-2019580,-1723283,1991688,缩量,低,情绪退潮,观望,资金撤退型,,D,回避：资金撤退,-0.8
600845,宝信软件,17.69,-62.4,0.64,78.8,-5.24,-58303819,78785927,-78530154,-5392047,-6769790,-501465,缩量,低,情绪退潮,观望,资金观望型,,D,回避：资金观望,-1.7
600796,钱江生化,5.11,-45.6,0.55,-29.7,0.59,541889,1143608,-2426257,1092943,1126890,675818,缩量,低,情绪退潮,进场,趋势转多型,资金+业绩共振(双击候选),B,关注：资金+业绩共振,72.2
600847,万里股份,12.79,92.0,0.54,293.6,-5.0,-19003659,8274703,6532220,-1555879,-1519733,5918250,放量,低,游资情绪,观望,资金观望型,,D,回避：资金观望,6.3
600809,山西汾酒,115.6,-39.8,1.16,-25.9,0.55,16287716,49407984,-48657809,31392474,26084092,16609047,缩量,低,情绪退潮,进场,趋势转多型,资金+业绩共振(双击候选),B,关注：资金+业绩共振,72.2
600850,电科数字,13.63,-69.2,0.8,-2.7,-4.54,-19960644,-32199173,-61191095,-1572755,2638949,3945073,缩量,低,情绪退潮,观望,资金撤退型,,D,回避：资金撤退,-1.5
600851,海欣股份,7.93,-70.7,1.28,0.7,-2.32,-5363731,-28247412,-66816103,-254676,-1042610,581729,缩量,低,情绪退潮,观望,资金撤退型,,D,回避：资金撤退,-0.8
600807,济高发展,2.68,5.9,0.5,-1.7,2.61,4618609,5233061,15237882,649558,-326227,-456798,缩量,低,情绪退潮,进场,均衡流入型,纯资金炒作(亏损风险),C,谨慎：纯资金炒作,12.9
600854,春兰股份,4.75,0.3,0.4,-2.2,-6.84,-10794743,-14596242,-19130292,1290308,240381,-1715679,缩量,低,情绪退潮,观望,资金撤退型,,D,回避：资金撤退,-2.3
600855,航天长峰,12.4,-34.5,0.2,-52.7,-18.65,-84465326,-86339891,6317430,-1321811,82348,7643081,缩量,低,情绪退潮,观望,长线吸筹型,,D,回避：资金观望,-6.2
600857,宁波中百,17.22,-32.3,3.67,-19.9,-6.32,-68428670,-63185566,63882762,-301829,2282199,-7591308,缩量,低,情绪退潮,观望,长线吸筹型,,D,回避：资金观望,-2.1
600810,神马股份,6.3,-55.3,0.51,-27.9,0.49,794518,7013523,18337490,2170485,207104,-3676136,缩量,低,情绪退潮,进场,均衡流入型,纯资金炒作(亏损风险),C,谨慎：纯资金炒作,12.2
600859,王府井,9.84,-41.2,0.92,-40.6,-5.29,-24929705,-28036035,-24311117,-138891,-4090016,3203447,缩量,低,情绪退潮,观望,资金观望型,,D,回避：资金观望,-1.8
600860,京城股份,7.47,-54.2,0.69,23.2,0.0,7330,-15738182,-26100552,-1837389,-782568,87150,缩量,低,情绪退潮,观望,资金观望型,,D,回避：资金观望,0.0
600819,耀皮玻璃,5.62,-21.5,0.83,-25.5,0.47,1022564,-17468798,-13824193,1794655,766294,1006141,缩量,低,情绪退潮,进场,资金观望型,资金+业绩共振(双击候选),B,关注：资金+业绩共振,72.2
600862,中航高科,17.85,-70.6,0.67,-49.9,-6.64,-47320162,-67393100,-19986015,1683472,4178125,2032042,缩量,低,情绪退潮,观望,长线吸筹型,,D,回避：资金观望,-2.2
600824,益民集团,3.71,9.8,0.8,-50.4,3.41,6194523,6989587,-13698013,5158000,8339991,-375223,缩量,低,情绪退潮,吸筹,趋势转多型,资金+业绩共振(双击候选),B,关注：资金+业绩共振,65.1
600864,哈投股份,5.62,-17.6,0.5,-7.8,-10.51,-86412735,-57133033,-2313573,-7510899,-6755720,9824353,缩量,低,情绪退潮,观望,资金观望型,,D,回避：资金观望,-3.5
600865,百大集团,10.43,90.3,0.62,-32.4,-6.34,-73984665,-95865084,-82545888,287424,4372823,1619444,放量,低,游资情绪,观望,资金观望型,,D,回避：资金观望,5.9
600866,星湖科技,4.19,-27.5,0.37,-44.3,-8.58,-28079906,-49132467,-144832768,3624722,3925927,4841060,缩量,低,情绪退潮,观望,资金撤退型,,D,回避：资金撤退,-2.9
600867,通化东宝,7.86,-44.8,0.74,-1.2,-9.1,-44669522,-56467129,-122440908,5439207,6960710,5637937,缩量,低,情绪退潮,观望,资金撤退型,,D,回避：资金撤退,-3.0
600812,华北制药,4.98,44.6,2.04,2.2,-9.1,-73407958,30246974,141647833,13319462,8077025,-1702016,缩量,低,情绪退潮,吸筹,高位分歧型,机构吸筹+盈利(关注),C,谨慎：资金流入未验证业绩,21.0
600869,远东股份,17.65,-23.6,1.02,-40.9,-12.25,-1590606284,-2208254511,-3741956748,-137152225,-56625561,218241832,缩量,低,情绪退潮,观望,资金撤退型,,D,回避：资金撤退,-4.1
600825,新华传媒,10.35,106.3,1.48,65.1,36.76,152147612,168699507,156416703,64930228,88859221,-26362288,放量,高,主力主导放量🔥(最强),抢筹,短线抢筹型,资金+业绩共振(双击候选),A,金股候选：资金强攻+业绩共振,105
600872,中炬高新,17.24,-61.3,0.77,-10.7,-2.95,-17822254,-44838211,-83801754,2549776,1490732,-6589446,缩量,低,情绪退潮,观望,资金撤退型,,D,回避：资金撤退,-1.0
600873,梅花生物,7.48,-37.2,0.55,-42.8,-1.91,-11505026,-19270061,-62570423,13174019,16905173,4630588,缩量,低,情绪退潮,观望,资金撤退型,,D,回避：资金撤退,-0.6
600874,创业环保,5.52,-23.6,0.6,-21.9,-1.34,-1941537,-6521029,-12017580,-1767154,422032,3798082,缩量,低,情绪退潮,观望,资金撤退型,,D,回避：资金撤退,-0.4
600875,东方电气,23.04,-76.9,0.36,-41.2,-11.45,-278920508,-298418906,-370818650,-32379663,-21150029,34358612,缩量,低,情绪退潮,观望,资金撤退型,,D,回避：资金撤退,-3.8
600876,凯盛新能,7.47,97.1,0.41,40.5,-2.77,-14148606,9567931,32428206,-3373791,1011928,6780998,放量,低,游资情绪,观望,资金观望型,,D,回避：资金观望,7.1
600877,电科芯片,11.22,-68.6,0.69,10.3,-1.94,-10195783,-39998723,-67574596,-12462673,-12197244,4661189,缩量,低,情绪退潮,观望,资金撤退型,,D,回避：资金撤退,-0.6
600879,航天电子,13.55,-76.9,0.37,11.6,-5.67,-206552173,-257120701,-598336283,-59344406,-53757940,69802337,缩量,低,情绪退潮,观望,资金撤退型,,D,回避：资金撤退,-1.9
600880,博瑞传播,4.06,78.7,0.48,29.0,-11.46,-129621479,-170562225,-13200832,-19248625,-7568268,29032127,放量,低,游资情绪,观望,长线吸筹型,,D,回避：资金观望,4.2
600881,亚泰集团,1.85,-66.9,2.88,-27.1,3.28,24923845,28392044,88288686,-12829649,-11753900,7599149,缩量,低,情绪退潮,观望,均衡流入型,,D,回避：资金观望,1.1
600882,妙可蓝多,19.31,-71.6,1.71,-42.0,-0.76,-2148247,-14089427,-17244427,138402,-2056879,344343,缩量,低,情绪退潮,观望,资金撤退型,,D,回避：资金撤退,-0.3
600884,杉杉股份,11.51,-45.6,0.22,73.6,0.76,23314180,-39910832,-253319073,-35258499,-33468773,26314273,缩量,低,情绪退潮,观望,资金观望型,,D,回避：资金观望,0.3
600827,百联股份,7.94,-9.6,0.73,-35.2,-2.15,-8144171,-1806316,39785395,26274271,23809775,-13585096,缩量,低,情绪退潮,吸筹,长线吸筹型,机构吸筹+盈利(关注),C,谨慎：资金流入未验证业绩,23.3
600886,国投电力,15.24,-45.6,1.13,12.7,2.76,67403884,158666028,177393248,-11528556,-7496804,-3422767,缩量,低,情绪退潮,观望,主力建仓型,,D,回避：资金观望,0.9
600846,同济科技,10.66,-82.8,1.37,-36.1,-6.52,-6530821,-17369097,-57096528,1321582,534000,-294505,缩量,低,情绪退潮,吸筹,资金撤退型,机构吸筹+盈利(关注),C,谨慎：资金流入未验证业绩,21.8
600892,大晟文化,4.1,-27.7,2.4,-71.6,1.31,8356419,-17178152,-84014974,-4444813,-2477875,10932292,缩量,低,情绪退潮,观望,资金观望型,,D,回避：资金观望,0.4
600893,航发动力,38.86,-43.7,0.61,-39.7,-4.13,-168323656,-557081247,-509693217,84406721,61574676,-65122504,缩量,低,情绪退潮,观望,资金观望型,,D,回避：资金观望,-1.4
600894,广日股份,7.65,45.2,0.31,205.3,-1.5,-5208387,11823070,5064464,-441992,906774,-1531997,缩量,低,情绪退潮,观望,资金观望型,,D,回避：资金观望,-0.5
600895,张江高科,28.01,-72.6,1.05,-13.5,-5.03,-91967634,-119021354,-365074459,-11869548,-10847579,14277533,缩量,低,情绪退潮,观望,资金撤退型,,D,回避：资金撤退,-1.7
600831,广电网络,3.4,73.0,0.81,92.9,5.16,32731446,30211339,31422253,-39669,656846,5038668,放量,中,主力偏强放量,进场,资金观望型,纯资金炒作(亏损风险),C,谨慎：纯资金炒作,29.7
600828,茂业商业,4.33,-23.9,0.65,-69.2,-1.21,-5050878,-22308576,21770779,3635245,2806068,-719351,缩量,低,情绪退潮,吸筹,长线吸筹型,纯资金炒作(亏损风险),C,谨慎：纯资金炒作,3.6
600901,江苏金租,6.94,-41.4,0.72,-14.5,-1.51,-12479256,10118080,17984385,-4590689,2628210,9149927,缩量,低,情绪退潮,观望,资金观望型,,D,回避：资金观望,-0.5
600903,贵州燃气,6.68,41.9,2.83,-53.0,-7.08,-78969529,-83812169,-28419147,15659185,8216660,-9944510,缩量,低,情绪退潮,观望,资金观望型,,D,回避：资金观望,-2.4
600905,三峡能源,3.52,-44.7,0.55,-6.4,-10.16,-123677711,-141921639,-203602820,-28910955,-26625597,19405645,缩量,低,情绪退潮,观望,资金撤退型,,D,回避：资金撤退,-3.4
600906,财达证券,6.29,-72.7,0.77,-34.1,-13.52,-68198981,-91823542,-174637218,1797222,-839216,-765116,缩量,低,情绪退潮,观望,资金撤退型,,D,回避：资金撤退,-4.5
600908,无锡银行,5.9,-14.3,1.12,-33.7,2.74,14053940,9147355,-32056331,-1808111,-6172114,5384726,缩量,低,情绪退潮,观望,资金观望型,,D,回避：资金观望,0.9
600909,华安证券,7.77,-77.1,5.69,-32.9,-7.22,-173019030,-258741207,-480402957,20375157,30244247,405653,缩量,低,情绪退潮,观望,资金撤退型,,D,回避：资金撤退,-2.4
600916,中国黄金,7.19,-63.0,0.97,-53.7,-14.74,-79840528,-109622188,-259012017,5562422,3242234,875147,缩量,低,情绪退潮,观望,资金撤退型,,D,回避：资金撤退,-4.9
600917,重庆燃气,4.84,-0.7,0.71,-55.4,-1.18,-1237185,-10829043,-1500370,-1413459,306939,139809,缩量,低,情绪退潮,观望,长线吸筹型,,D,回避：资金观望,-0.4
600918,中泰证券,5.42,-60.3,1.5,-38.3,-4.49,-26410052,-41352949,-74380969,-2904854,144133,5816718,缩量,低,情绪退潮,观望,资金撤退型,,D,回避：资金撤退,-1.5
600919,江苏银行,12.38,-14.1,1.22,5.0,-2.65,-137200258,-240962840,-171410123,-12367439,26357697,23577545,缩量,低,情绪退潮,观望,资金观望型,,D,回避：资金观望,-0.9
600848,上海临港,9.05,198.9,0.7,62.5,-0.97,-5314733,-22315995,-15908733,29428595,29217959,-20236293,放量,低,游资情绪,抢筹,资金观望型,机构吸筹+盈利(关注),C,谨慎：资金流入未验证业绩,47.7
600926,杭州银行,17.11,-20.8,1.21,-21.9,-2.48,-61889529,-173662438,-378406444,-36804636,-6067729,39375791,缩量,低,情绪退潮,观望,资金撤退型,,D,回避：资金撤退,-0.8
600927,永安期货,12.1,-56.6,0.83,-33.5,-9.88,-22259689,-3363820,-12780655,-3716865,316492,4039870,缩量,低,情绪退潮,观望,资金观望型,,D,回避：资金观望,-3.3
600928,西安银行,3.55,9.1,0.95,-31.9,4.83,16492545,29579235,46715429,-252345,353362,6471317,缩量,低,情绪退潮,观望,主力建仓型,,D,回避：资金观望,1.6
600929,雪天盐业,5.96,-2.6,0.41,69.1,-7.58,-61767687,-42224523,674295,132576,-1783929,-2466079,缩量,低,情绪退潮,观望,资金观望型,,D,回避：资金观望,-2.5
600933,爱柯迪,13.27,-23.6,0.36,171.3,-2.02,-14626582,40017053,50567070,-15507090,-9270951,1475555,缩量,低,情绪退潮,观望,资金观望型,,D,回避：资金观望,-0.7
600935,华塑股份,2.31,2.8,0.42,-13.4,-3.33,-6601965,45776540,54224524,-4047291,-3687430,1875195,缩量,低,情绪退潮,观望,资金观望型,,D,回避：资金观望,-1.1
600936,北投科技,4.24,-84.0,1.0,-58.8,-11.86,-66465804,-170874616,-299498031,-6723930,-5923122,2908361,缩量,低,情绪退潮,观望,资金撤退型,,D,回避：资金撤退,-4.0
600939,重庆建工,2.69,60.9,0.43,6.0,-3.57,-6483430,-8898628,7230092,-403793,426461,2726914,放量,低,游资情绪,观望,长线吸筹型,,D,回避：资金观望,6.8
600941,XD中国移,95.8,-31.7,1.24,-14.3,-1.34,-45181772,-127576317,-421841047,-19779484,-55252037,-30780086,缩量,低,情绪退潮,观望,资金撤退型,,D,回避：资金撤退,-0.4
600955,维远股份,12.36,-70.8,0.34,-23.5,3.09,3720931,6094726,4479416,-1695056,-556985,3595084,缩量,低,情绪退潮,观望,趋势转多型,,D,回避：资金观望,1.0
600956,新天绿能,7.09,-56.4,0.31,-11.7,-2.44,-4665080,-17444452,-21496015,869855,1164583,1050365,缩量,低,情绪退潮,观望,资金撤退型,,D,回避：资金撤退,-0.8
600958,东方证券,8.65,-54.6,0.37,-26.4,-10.82,-153920909,-261197337,-427122293,-15415006,-13611605,7320472,缩量,低,情绪退潮,观望,资金撤退型,,D,回避：资金撤退,-3.6
600959,江苏有线,3.11,-35.4,0.45,-14.6,-0.15,-601596,-8239231,-6719810,2375290,-1992551,-249392,缩量,低,情绪退潮,观望,资金观望型,,D,回避：资金观望,-0.0
600960,渤海汽车,3.9,-15.0,0.4,-13.0,3.33,5049068,3992336,11353356,-2647623,-49512,-1883702,缩量,低,情绪退潮,观望,资金观望型,,D,回避：资金观望,1.1
600961,株冶集团,22.56,-78.7,0.59,-15.0,-5.94,-126294821,6785104,-185296579,-3147321,5852804,-12004403,缩量,低,情绪退潮,观望,资金观望型,,D,回避：资金观望,-2.0
600853,龙建股份,3.32,13.4,0.73,-5.5,1.42,1984715,4327704,6416961,536048,1566904,3409305,缩量,低,情绪退潮,进场,均衡流入型,资金+业绩共振(双击候选),B,关注：资金+业绩共振,72.5
600858,银座股份,4.95,-15.8,0.72,-32.7,1.34,2061164,5172379,2740695,1615799,1429452,581360,缩量,低,情绪退潮,进场,趋势转多型,资金+业绩共振(双击候选),B,关注：资金+业绩共振,72.4
600966,博汇纸业,4.85,-46.6,0.67,-29.5,0.07,142208,4734437,-18765324,-1188147,-2209513,1292766,缩量,低,情绪退潮,观望,趋势转多型,,D,回避：资金观望,0.0
600967,内蒙一机,12.82,35.5,1.04,-62.5,-2.71,-73028753,-394068778,505638551,16681300,8183756,-49089310,缩量,低,情绪退潮,观望,长线吸筹型,,D,回避：资金观望,-0.9
600968,海油发展,3.92,-57.8,0.62,-36.9,4.48,22092170,4664185,-11571424,-13478404,-8817752,6923974,缩量,低,情绪退潮,观望,资金观望型,,D,回避：资金观望,1.5
600969,郴电国际,9.52,-47.8,0.38,-67.6,-12.17,-40204522,-50859568,2460657,-1553957,816396,8520079,缩量,低,情绪退潮,观望,长线吸筹型,,D,回避：资金观望,-4.1
600861,北京人力,12.83,-60.4,1.0,-23.3,0.12,88294,2518345,-1544783,1875951,1234246,-2323359,缩量,低,情绪退潮,进场,趋势转多型,资金+业绩共振(双击候选),B,关注：资金+业绩共振,72.0
600971,恒源煤电,8.19,-56.2,0.81,-39.6,0.3,1285563,8124373,-49170360,-330563,336599,2506983,缩量,低,情绪退潮,观望,趋势转多型,,D,回避：资金观望,0.1
600973,宝胜股份,5.71,-72.3,0.48,-34.7,-11.55,-34520011,-49714641,-104009755,-1852662,-224194,1355026,缩量,低,情绪退潮,观望,资金撤退型,,D,回避：资金撤退,-3.9
600975,新五丰,5.19,-14.3,0.87,-62.7,-1.29,-5585887,14265453,25695037,-7767760,-6326605,3947450,缩量,低,情绪退潮,观望,资金观望型,,D,回避：资金观望,-0.4
600976,健民集团,26.86,-67.9,1.61,-50.6,-2.41,-2626534,-1891627,-6999035,2249940,5540638,179991,缩量,低,情绪退潮,观望,资金观望型,,D,回避：资金观望,-0.8
600977,中国电影,12.89,-48.8,1.23,16.3,-2.39,-39622177,-31400640,-209549025,-41219194,-37209119,43217884,缩量,低,情绪退潮,观望,资金观望型,,D,回避：资金观望,-0.8
600863,华能蒙电,4.72,-76.5,2.43,-37.9,2.17,35761461,-66734179,105822524,9226268,18601714,-2519423,缩量,低,情绪退潮,吸筹,资金观望型,资金+业绩共振(双击候选),B,关注：资金+业绩共振,64.7
600980,北矿科技,18.75,-54.2,0.67,1.9,-2.02,-3957423,-6795292,-22251496,3251377,1351771,-2474288,缩量,低,情绪退潮,观望,资金撤退型,,D,回避：资金撤退,-0.7
600981,苏豪汇鸿,2.42,-15.6,0.72,-4.5,-0.74,-1363676,457660,5387309,2349359,95911,282103,缩量,低,情绪退潮,观望,资金观望型,,D,回避：资金观望,-0.2
600868,梅雁吉祥,2.77,-69.1,0.7,-14.9,6.72,25577202,33474871,-4130621,-7422928,-4355449,3279791,缩量,中,主力惜售,进场,短线抢筹型,纯资金炒作(亏损风险),C,谨慎：纯资金炒作,26.2
600983,惠而浦,7.54,-49.0,0.5,3.0,0.94,587183,888871,516688,-1186799,0,1043354,缩量,低,情绪退潮,观望,趋势转多型,,D,回避：资金观望,0.3
600883,博闻科技,8.16,-30.8,0.39,-40.7,2.48,3528423,4087152,10184375,588683,0,-2881888,缩量,低,情绪退潮,进场,均衡流入型,资金+业绩共振(双击候选),B,关注：资金+业绩共振,72.8
600871,石化油服,2.1,-66.1,0.86,-38.1,-1.38,-12458159,66466333,172515098,21565753,23930912,-11861912,缩量,低,情绪退潮,吸筹,高位分歧型,机构吸筹+盈利(关注),C,谨慎：资金流入未验证业绩,23.5
600986,浙文互联,6.89,-76.6,0.44,-26.2,0.13,1774515,-1634779,-196878494,-12178079,-4568789,23139830,缩量,低,情绪退潮,观望,资金观望型,,D,回避：资金观望,0.0
600987,航民股份,6.28,-46.9,0.6,-30.5,-1.31,-1318801,2038236,10625645,-475113,-520416,677758,缩量,低,情绪退潮,观望,高位分歧型,,D,回避：资金观望,-0.4
600988,赤峰黄金,39.56,-42.3,0.98,-10.7,-6.11,-487494751,-324227726,-709504349,58453370,51564652,-104455675,缩量,低,情绪退潮,观望,资金观望型,,D,回避：资金观望,-2.0
600989,宝丰能源,22.46,-65.5,0.6,-39.1,-5.78,-278929967,-272595753,-162480356,13984140,22323200,-64784581,缩量,低,情绪退潮,观望,资金观望型,,D,回避：资金观望,-1.9
600885,宏发股份,33.53,-69.9,0.52,-41.9,-2.51,-34802415,-52752559,-122096890,6634658,1968118,-332793,缩量,低,情绪退潮,吸筹,资金撤退型,机构吸筹+盈利(关注),C,谨慎：资金流入未验证业绩,23.2
600897,厦门空港,15.1,171.4,0.57,76.7,5.31,28055540,28759481,23343547,-2039222,-1229145,1093674,放量,中,主力偏强放量,进场,趋势转多型,资金+业绩共振(双击候选),B,关注：资金+业绩共振,89.8
600992,贵绳股份,10.2,-56.4,0.92,138.3,-2.76,-12511616,23681982,25317873,-214147,550653,-609872,缩量,低,情绪退潮,观望,资金观望型,,D,回避：资金观望,-0.9
600993,马应龙,22.52,-65.6,1.11,-21.7,-4.31,-10783781,-19688564,-65210246,-1155464,-527190,627613,缩量,低,情绪退潮,观望,资金撤退型,,D,回避：资金撤退,-1.4
600995,南网储能,11.86,-54.0,0.42,-12.3,-6.44,-26149067,-54676598,-119599227,-15053878,-15837866,16841111,缩量,低,情绪退潮,观望,资金撤退型,,D,回避：资金撤退,-2.1
600996,贵广网络,6.76,-34.6,0.52,6.5,-0.53,-2782298,-23439081,-85217281,-3963240,-8353765,-1327957,缩量,低,情绪退潮,观望,资金撤退型,,D,回避：资金撤退,-0.2
600997,开滦股份,5.22,-27.2,0.9,-32.2,-2.61,-6528804,6225087,12740487,-1019784,1393795,6297114,缩量,低,情绪退潮,观望,资金观望型,,D,回避：资金观望,-0.9
600998,九州通,5.05,10.9,1.06,20.1,3.09,24504245,23845644,-7981996,-38301566,-22940278,52765940,缩量,低,情绪退潮,观望,资金观望型,,D,回避：资金观望,1.0
600938,中国海油,33.42,-53.6,0.96,-28.8,5.54,284296715,236095201,494855805,-85494382,-51124884,109289577,缩量,中,主力惜售,进场,资金观望型,资金+业绩共振(双击候选),B,关注：资金+业绩共振,85.8
601000,唐山港,4.62,29.0,0.86,1.9,-1.51,-15492395,19024037,32815025,-35975217,-17206358,45175130,缩量,低,情绪退潮,观望,资金观望型,,D,回避：资金观望,-0.5
601001,晋控煤业,17.21,-44.7,0.9,-29.2,-1.99,-22220638,-4838315,-78039656,2204148,6500882,9291992,缩量,低,情绪退潮,观望,资金观望型,,D,回避：资金观望,-0.7
601002,晋亿实业,5.26,-53.6,0.5,-31.1,-0.78,-1483150,-599915,-40013752,9806526,7980763,-11191989,缩量,低,情绪退潮,观望,资金观望型,,D,回避：资金观望,-0.3
601003,柳钢股份,3.58,-39.2,0.57,-29.4,2.88,10113618,3581667,933939,-6349534,-924701,4844958,缩量,低,情绪退潮,观望,资金观望型,,D,回避：资金观望,1.0
600900,长江电力,28.54,-50.9,1.22,-22.7,3.26,379216704,341492151,656204459,64018170,-20562426,91684961,缩量,低,情绪退潮,进场,资金观望型,资金+业绩共振(双击候选),B,关注：资金+业绩共振,73.1
600888,新疆众和,9.78,-39.7,2.33,13.6,0.26,5132809,-11880466,-352305206,4914812,12713037,-3352672,缩量,低,情绪退潮,吸筹,资金观望型,资金+业绩共振(双击候选),B,关注：资金+业绩共振,64.1
600925,苏能股份,4.18,-13.2,0.76,-49.1,1.7,2615581,-2231859,5723475,4559085,891332,1703514,缩量,低,情绪退潮,进场,资金观望型,资金+业绩共振(双击候选),B,关注：资金+业绩共振,72.6
601008,连云港,4.4,-5.2,0.68,-61.0,-2.78,-6057173,-29866785,-751504,-1186314,1003852,3140624,缩量,低,情绪退潮,观望,长线吸筹型,,D,回避：资金观望,-0.9
601009,南京银行,11.98,-15.9,1.04,-11.2,-4.05,-114844933,-147880843,-322143828,10472170,15093178,22319574,缩量,低,情绪退潮,观望,资金撤退型,,D,回避：资金撤退,-1.3
600930,华电新能,3.88,-50.2,0.57,5.2,-8.82,-146301064,-72011713,-45439671,49658635,39921131,-21834496,缩量,低,情绪退潮,吸筹,资金观望型,机构吸筹+盈利(关注),C,谨慎：资金流入未验证业绩,21.1
600887,伊利股份,27.3,-51.6,0.58,-32.2,6.53,339180950,664377569,991359334,-6426657,-24539745,-6540948,缩量,中,主力惜售,进场,主力强攻型,资金+业绩共振(双击候选),B,关注：资金+业绩共振,86.2
601015,陕西黑猫,3.58,-1.1,0.68,-32.5,3.18,38425133,66084713,103004160,-20858857,-21670642,18690275,缩量,低,情绪退潮,观望,主力建仓型,,D,回避：资金观望,1.1
600962,国投中鲁,26.03,-63.9,2.04,20.7,1.83,12783523,-11712081,-42246588,10364795,6856104,-11186333,缩量,低,情绪退潮,进场,资金观望型,资金+业绩共振(双击候选),B,关注：资金+业绩共振,72.6
601018,宁波港,3.53,30.9,0.72,14.7,3.95,33834499,112381603,155026534,-24195582,-16162160,23261409,缩量,低,情绪退潮,观望,主力建仓型,,D,回避：资金观望,1.3
600963,岳阳林纸,3.38,-39.3,0.76,-7.0,5.21,21078467,13117131,22143478,-2565296,1909992,1753840,缩量,中,主力惜售,进场,资金观望型,纯资金炒作(亏损风险),C,谨慎：纯资金炒作,25.7
601020,华钰矿业,19.66,-67.9,0.48,-35.1,-0.03,-690778,-63645078,-86919649,-21309216,-11963738,13934100,缩量,低,情绪退潮,观望,资金撤退型,,D,回避：资金撤退,-0.0
601021,春秋航空,40.76,-37.5,0.71,44.8,-3.53,-55965620,-42962883,-55531434,10743070,7211804,919533,缩量,低,情绪退潮,观望,资金观望型,,D,回避：资金观望,-1.2
601022,宁波远洋,8.25,-3.8,0.59,-6.1,-7.78,-18952955,-2827092,7993353,-238947,96498,-4043024,缩量,低,情绪退潮,观望,资金观望型,,D,回避：资金观望,-2.6
601026,道生天合,14.6,-53.8,1.04,91.1,-6.53,-19481964,26304023,48827,-7011014,-4714971,4461204,缩量,低,情绪退潮,观望,资金观望型,,D,回避：资金观望,-2.2
600970,中材国际,7.72,-33.1,0.41,4.6,12.49,66029262,68268595,49169612,-31627737,-25957117,23527045,缩量,高,主力控盘,控盘,趋势转多型,控盘+盈利(稳健),B,关注：控盘稳健+盈利,72.2
601033,永兴股份,14.18,-66.8,0.62,-21.6,-6.5,-8569079,-478828,-21656392,-1030407,-788408,1799653,缩量,低,情绪退潮,观望,资金观望型,,D,回避：资金观望,-2.2
601038,一拖股份,13.71,-55.0,1.05,-41.9,-2.39,-10925349,-16266185,-89660950,1428077,0,-546817,缩量,低,情绪退潮,观望,资金撤退型,,D,回避：资金撤退,-0.8
600979,广安爱众,3.88,-62.5,0.3,-27.9,5.42,17972832,-11486212,-25599489,-2669191,-5933944,-2344435,缩量,中,主力惜售,进场,资金观望型,纯资金炒作(亏损风险),C,谨慎：纯资金炒作,25.8
600982,宁波能源,5.3,218.9,0.33,33.3,11.33,150981792,105827399,134025637,-84203104,-76767564,57973665,放量,高,主力主导放量🔥(最强),进场,资金观望型,资金+业绩共振(双击候选),A,金股候选：资金强攻+业绩共振,95.8
601061,中信金属,10.55,-67.4,0.8,-35.2,-6.14,-38181199,-53125930,-51234928,682657,1319135,-4971759,缩量,低,情绪退潮,观望,资金观望型,,D,回避：资金观望,-2.0
601065,江盐集团,6.67,-37.2,0.88,-46.8,-2.7,-2209917,-5901574,-14633987,1158200,-1675119,-672977,缩量,低,情绪退潮,观望,资金撤退型,,D,回避：资金撤退,-0.9
601066,中信建投,23.03,-80.8,1.53,-39.3,-7.86,-75792064,-205082225,-413679095,-3129583,1596328,15325386,缩量,低,情绪退潮,观望,资金撤退型,,D,回避：资金撤退,-2.6
600990,四创电子,17.84,-61.7,0.96,-28.6,-4.4,-7620546,-13972973,-45681134,1277868,1773266,-666454,缩量,低,情绪退潮,吸筹,资金撤退型,纯资金炒作(亏损风险),C,谨慎：纯资金炒作,2.5
601069,XD西部黄,24.56,-67.4,0.79,-38.8,-9.68,-140463740,-275496995,-368992703,-4589565,-8241319,9508543,缩量,低,情绪退潮,观望,资金撤退型,,D,回避：资金撤退,-3.2
601077,渝农商行,6.71,4.1,1.2,9.7,-1.08,-24963563,-33894655,-127284364,-32498568,-17652576,50197816,缩量,低,情绪退潮,观望,资金撤退型,,D,回避：资金撤退,-0.4
601083,锦江航运,12.65,-15.0,0.45,-47.4,1.51,4890846,26992244,26415075,-542487,-2827333,-1133612,缩量,低,情绪退潮,观望,趋势转多型,,D,回避：资金观望,0.5
600984,建设机械,3.6,-27.2,1.69,-33.7,3.21,13492186,-14642908,-82811055,1734383,795894,-4655084,缩量,低,情绪退潮,进场,资金观望型,纯资金炒作(亏损风险),C,谨慎：纯资金炒作,13.1
601088,中国神华,47.8,-37.4,1.0,-24.3,1.73,86522985,-62238368,-1350571,-21979965,-45404794,-46060156,缩量,低,情绪退潮,观望,资金观望型,,D,回避：资金观望,0.6
601089,福元医药,16.48,-23.7,1.34,20.8,-4.24,-9443010,-11539773,-13588453,1108803,326045,5195975,缩量,低,情绪退潮,观望,资金撤退型,,D,回避：资金撤退,-1.4
601096,宏盛华源,3.97,-56.4,0.56,-9.5,-3.39,-10570920,2809094,10358248,-1367877,-585219,-391124,缩量,低,情绪退潮,观望,资金观望型,,D,回避：资金观望,-1.1
601098,中南传媒,10.27,-26.4,0.67,-19.7,-0.68,-3223153,19189485,60774811,5678767,2342631,5519302,缩量,低,情绪退潮,观望,高位分歧型,,D,回避：资金观望,-0.2
601099,太平洋,3.46,-32.8,0.82,-4.4,-8.74,-152526350,-27636442,-77765076,-1995194,-1347512,4304686,缩量,低,情绪退潮,观望,资金观望型,,D,回避：资金观望,-2.9
601100,恒立液压,90.31,-36.9,0.48,148.3,-6.21,-212695204,-44507484,-129343574,-7490661,-3425768,-47455772,缩量,低,情绪退潮,观望,资金观望型,,D,回避：资金观望,-2.1
601101,昊华能源,12.73,-64.7,0.74,-46.4,-1.05,-9908134,-92140481,-274150575,-4223403,3142524,-3455430,缩量,低,情绪退潮,观望,资金撤退型,,D,回避：资金撤退,-0.4
601106,中国一重,2.95,-52.8,0.29,-15.9,0.52,3601669,15802370,85349338,-641690,-3285577,-1226219,缩量,低,情绪退潮,观望,长线吸筹型,,D,回避：资金观望,0.2
601107,四川成渝,6.09,-17.6,0.77,-12.5,-1.07,-3022760,14897153,32865152,2537486,3510117,1580157,缩量,低,情绪退潮,观望,高位分歧型,,D,回避：资金观望,-0.4
601108,财通证券,8.15,-64.9,0.95,-24.2,-11.94,-151817057,-113666973,-134300785,-4142120,-12915648,-16134123,缩量,低,情绪退潮,观望,资金观望型,,D,回避：资金观望,-4.0
600985,淮北矿业,15.87,-46.8,1.22,-36.5,2.91,34446650,91459320,56410342,4865118,7883666,24940487,缩量,低,情绪退潮,进场,趋势转多型,资金+业绩共振(双击候选),B,关注：资金+业绩共振,73.0
601112,振石股份,15.82,6.8,0.2,51.8,-5.34,-22792468,18801615,10262509,-13573872,-6679451,15030891,缩量,低,情绪退潮,观望,资金观望型,,D,回避：资金观望,-1.8
601113,华鼎股份,3.5,2.2,0.4,29.4,2.22,4789161,9568026,1682587,-3944059,-1445893,4797359,缩量,低,情绪退潮,观望,趋势转多型,,D,回避：资金观望,0.7
601117,中国化学,7.17,-55.5,0.51,-35.8,1.41,18458164,-65642054,-254069407,-2243865,17300835,7086566,缩量,低,情绪退潮,观望,资金观望型,,D,回避：资金观望,0.5
601019,山东出版,6.84,-20.8,0.79,18.1,2.52,10026162,22827127,14798842,553555,-301807,6012265,缩量,低,情绪退潮,进场,趋势转多型,资金+业绩共振(双击候选),B,关注：资金+业绩共振,72.8
601121,宝地矿业,7.03,-64.0,1.31,-34.1,-6.69,-16874055,-23620732,-48137784,123441,0,-2170090,缩量,低,情绪退潮,观望,资金撤退型,,D,回避：资金撤退,-2.2
601126,四方股份,36.49,-54.4,0.59,-31.9,-2.03,-54727307,-29226344,180674681,12298928,3122887,25470184,缩量,低,情绪退潮,观望,长线吸筹型,,D,回避：资金观望,-0.7
601127,赛力斯,46.94,-31.2,0.81,14.2,-3.46,-171889988,-415876850,-604456960,-69604800,-81719111,49589243,缩量,低,情绪退潮,观望,资金撤退型,,D,回避：资金撤退,-1.2
600999,招商证券,17.07,-79.4,1.82,-37.0,-8.49,-202270242,-224182407,-315533421,11939460,18565900,-17897619,缩量,低,情绪退潮,吸筹,资金撤退型,机构吸筹+盈利(关注),C,谨慎：资金流入未验证业绩,21.2
601133,柏诚股份,22.41,-70.4,0.82,116.1,3.5,69985096,211727578,170060228,-11751662,-8768872,20868781,缩量,低,情绪退潮,观望,趋势转多型,,D,回避：资金观望,1.2
601136,首创证券,13.89,-42.0,0.66,-65.1,-10.12,-63725780,-71029290,-137306414,-6155522,-3192513,5889716,缩量,低,情绪退潮,观望,资金撤退型,,D,回避：资金撤退,-3.4
601137,博威合金,18.91,-57.1,0.81,-20.4,-8.83,-72587338,-72913549,-329968010,-16617450,-8283669,8389011,缩量,低,情绪退潮,观望,资金撤退型,,D,回避：资金撤退,-2.9
601138,工业富联,58.2,-68.1,0.62,-27.8,-12.01,-1995885485,-2116979273,-2077574892,6362552,-21836597,24702595,缩量,低,情绪退潮,观望,资金观望型,,D,回避：资金观望,-4.0
601011,宝泰隆,2.9,8.4,0.78,-45.5,0.92,5120183,29468347,34922848,1139003,4785734,4371782,缩量,低,情绪退潮,进场,均衡流入型,纯资金炒作(亏损风险),C,谨慎：纯资金炒作,12.3
601005,重庆钢铁,1.21,6.5,0.97,1.6,1.12,6471106,17656654,749476,2008246,5524983,-333129,缩量,低,情绪退潮,吸筹,趋势转多型,纯资金炒作(亏损风险),C,谨慎：纯资金炒作,4.4
601006,大秦铁路,4.74,1.7,0.75,-13.6,-6.84,-137531564,-255580278,-203352256,85238760,76811855,-19031865,缩量,低,情绪退潮,吸筹,资金观望型,机构吸筹+盈利(关注),C,谨慎：资金流入未验证业绩,21.7
601012,隆基绿能,11.21,-32.3,0.57,12.8,-8.37,-330130324,-428126557,-838241711,87078291,69048113,-37098468,缩量,低,情绪退潮,吸筹,资金撤退型,纯资金炒作(亏损风险),C,谨慎：纯资金炒作,1.2
601162,天风证券,3.56,-71.8,0.99,-29.3,-6.98,-126222721,-41901901,-340148622,-4940449,-6360863,5441622,缩量,低,情绪退潮,观望,资金观望型,,D,回避：资金观望,-2.3
601163,三角轮胎,12.24,-53.6,0.58,-37.0,2.97,2968812,8306051,24259149,-3990496,-2111531,1732820,缩量,低,情绪退潮,观望,主力建仓型,,D,回避：资金观望,1.0
601016,节能风电,3.26,-75.9,0.19,-13.1,-11.35,-109925184,-63678079,-69291260,7781909,13153670,-2330165,缩量,低,情绪退潮,吸筹,资金观望型,机构吸筹+盈利(关注),C,谨慎：资金流入未验证业绩,20.2
601007,金陵饭店,6.78,-29.6,0.33,-39.7,-1.31,-2164110,-7939432,-8479747,167381,953216,-805260,缩量,低,情绪退潮,吸筹,资金撤退型,机构吸筹+盈利(关注),C,谨慎：资金流入未验证业绩,23.6
601177,杭齿前进,13.85,-12.1,0.24,-29.9,-0.72,-2077385,-6853585,-20822571,-709433,-130213,2234250,缩量,低,情绪退潮,观望,资金撤退型,,D,回避：资金撤退,-0.2
601058,赛轮轮胎,13.24,-47.8,0.75,-29.5,2.38,44892991,191937292,46739757,15307773,16937584,-12933366,缩量,低,情绪退潮,吸筹,趋势转多型,资金+业绩共振(双击候选),B,关注：资金+业绩共振,64.8
601186,中国铁建,6.02,-48.2,0.81,-26.6,-7.34,-54272947,-85726892,-84519099,-2088487,31417,21736797,缩量,低,情绪退潮,观望,资金观望型,,D,回避：资金观望,-2.4
601187,厦门银行,6.9,-36.5,1.02,-2.5,-3.47,-17054691,39798817,31746314,-5681669,-7040833,2756211,缩量,低,情绪退潮,观望,资金观望型,,D,回避：资金观望,-1.2
601188,龙江交通,2.88,-37.0,0.81,-23.0,-9.03,-12702561,-6358238,-7316475,2617198,2518992,1190032,缩量,低,情绪退潮,观望,资金观望型,,D,回避：资金观望,-3.0
601198,东兴证券,13.06,-100.0,2.28,52.6,2.25,57924809,-113586345,-178592036,0,0,0,缩量,低,情绪退潮,观望,资金观望型,,D,回避：资金观望,0.8
601199,江南水务,6.3,-40.2,0.62,-11.7,-0.35,-1645271,-55248079,-22597044,-7810066,-3439360,15079160,缩量,低,情绪退潮,观望,资金观望型,,D,回避：资金观望,-0.1
601200,上海环境,6.8,-48.6,0.74,-26.7,-6.08,-9731633,-22460846,-32918974,-403456,-1305864,623982,缩量,低,情绪退潮,观望,资金撤退型,,D,回避：资金撤退,-2.0
601086,国芳集团,13.33,816.1,0.54,11.0,-1.94,-117387195,187690027,348853981,18884256,43926609,25145086,放量,低,游资情绪,抢筹,资金观望型,机构吸筹+盈利(关注),C,谨慎：资金流入未验证业绩,47.4
601208,东材科技,48.22,-26.7,0.78,60.2,1.04,205697750,746823709,494846913,-56360847,-56297484,43428602,缩量,低,情绪退潮,观望,趋势转多型,,D,回避：资金观望,0.3
601211,国泰海通,16.87,-58.4,0.71,-8.1,-2.81,-125972155,-288070038,-295347621,-24437176,3308342,68449488,缩量,低,情绪退潮,观望,资金撤退型,,D,回避：资金撤退,-0.9
601212,白银有色,5.65,-46.3,0.89,-56.6,-7.86,-306099393,-489289399,-869286610,-6623198,9992060,29825026,缩量,低,情绪退潮,观望,资金撤退型,,D,回避：资金撤退,-2.6
601216,君正集团,4.54,-20.5,0.56,-22.3,-2.11,-19368513,2355550,-174659923,18622163,11980109,-12981463,缩量,低,情绪退潮,观望,资金观望型,,D,回避：资金观望,-0.7
601068,中铝国际,4.33,-5.3,0.59,57.1,6.73,34824793,29714651,28387889,-7544139,-1440145,11399450,缩量,中,主力惜售,进场,资金观望型,资金+业绩共振(双击候选),B,关注：资金+业绩共振,86.2
601222,林洋能源,5.94,9.6,0.59,-32.8,-2.11,-9455824,-19947262,-98768129,-14899836,-16978076,10243812,缩量,低,情绪退潮,观望,资金撤退型,,D,回避：资金撤退,-0.7
601111,中国国航,5.91,-5.5,0.5,14.4,4.61,84418232,64393748,-34596347,12679564,3342767,7001202,缩量,低,情绪退潮,进场,资金观望型,纯资金炒作(亏损风险),C,谨慎：纯资金炒作,13.5
601226,华电科工,6.51,-41.9,0.42,22.1,-6.38,-16312108,-7164675,-8190764,-654787,-558976,5371073,缩量,低,情绪退潮,观望,资金观望型,,D,回避：资金观望,-2.1
601228,广州港,3.11,-3.4,0.74,-14.5,-4.12,-11828907,9849554,2752004,7476270,10523638,814497,缩量,低,情绪退潮,观望,资金观望型,,D,回避：资金观望,-1.4
601059,信达证券,15.56,-100.0,1.49,33.5,5.98,64739287,123695494,57720527,0,0,0,缩量,中,主力惜售,进场,短线抢筹型,资金+业绩共振(双击候选),B,关注：资金+业绩共振,86.0
601231,环旭电子,23.74,-57.6,0.42,-3.1,1.28,37459656,44839196,362179461,-18837422,-21442074,13922599,缩量,低,情绪退潮,观望,长线吸筹型,,D,回避：资金观望,0.4
601233,桐昆股份,22.73,-53.2,0.62,-39.6,-6.76,-185203820,-259971465,-331810577,21320379,16851359,-23696148,缩量,低,情绪退潮,观望,资金撤退型,,D,回避：资金撤退,-2.3
601116,三江购物,9.91,-58.4,0.76,-58.9,-3.98,-14893619,-54420050,6927502,-890289,452439,-452105,缩量,低,情绪退潮,吸筹,长线吸筹型,机构吸筹+盈利(关注),C,谨慎：资金流入未验证业绩,22.7
601238,广汽集团,5.84,593.1,1.97,-2.4,2.53,40130867,13986970,76800363,-99689776,-85407471,78551552,放量,低,游资情绪,观望,资金观望型,,D,回避：资金观望,8.8
601118,海南橡胶,6.37,30.0,0.58,-51.6,-4.46,-145799387,-343478767,-353402038,186668912,231987816,-93153048,缩量,低,情绪退潮,吸筹,资金撤退型,纯资金炒作(亏损风险),C,谨慎：纯资金炒作,2.5
601288,农业银行,6.97,-49.9,1.32,-6.8,-3.44,-353388384,-753996745,-437862787,-53220913,-76486603,72130638,缩量,低,情绪退潮,观望,资金观望型,,D,回避：资金观望,-1.1
601298,青岛港,10.06,38.7,1.1,10.9,-2.17,-10907240,-36336,20409023,-4926799,-1466431,8379333,缩量,低,情绪退潮,观望,资金观望型,,D,回避：资金观望,-0.7
601156,东航物流,18.39,-55.2,1.36,-30.6,8.23,50153707,16179874,-84526094,-4434813,-4067368,8416628,缩量,中,主力惜售,进场,资金观望型,资金+业绩共振(双击候选),B,关注：资金+业绩共振,86.7
601311,骆驼股份,7.36,-57.6,0.25,-32.1,-8.69,-22445695,-24989922,-40258499,152951,-2656672,2673392,缩量,低,情绪退潮,观望,资金撤退型,,D,回避：资金撤退,-2.9
601318,中国平安,53.29,-31.7,0.73,-25.8,-0.12,-16482120,857824335,77080263,199007146,-7911032,-252168543,缩量,低,情绪退潮,观望,资金观望型,,D,回避：资金观望,-0.0
601139,深圳燃气,6.25,-53.3,0.75,-22.2,1.24,4854564,15797273,-6726211,2697805,3410319,-3687353,缩量,低,情绪退潮,进场,趋势转多型,资金+业绩共振(双击候选),B,关注：资金+业绩共振,72.4
601326,秦港股份,3.55,-30.7,1.04,-2.7,3.86,12621669,10625189,-45624914,-5065764,-3170812,6685837,缩量,低,情绪退潮,观望,资金观望型,,D,回避：资金观望,1.3
601328,交通银行,7.75,4.9,1.13,-0.7,-6.93,-449152580,-807820978,-1052953433,-4854481,-49164543,35431547,缩量,低,情绪退潮,观望,资金撤退型,,D,回避：资金撤退,-2.3
601330,绿色动力,8.14,-16.7,0.23,-46.4,-9.12,-37607949,-88468138,-134941578,-2376570,-1244916,2449383,缩量,低,情绪退潮,观望,资金撤退型,,D,回避：资金撤退,-3.0
601128,常熟银行,6.26,1.3,0.93,-27.0,0.91,12531621,-20451064,-32165565,2000999,20618514,18716932,缩量,低,情绪退潮,进场,资金观望型,资金+业绩共振(双击候选),B,关注：资金+业绩共振,72.3
601336,新华保险,56.35,-74.3,0.8,-48.4,-7.51,-198293429,-245088043,-542422600,-9717437,-11477475,2191806,缩量,低,情绪退潮,观望,资金撤退型,,D,回避：资金撤退,-2.5
601339,百隆东方,7.25,-66.4,0.67,-8.6,-1.85,-6519840,-29134085,-38766396,916277,770016,-2029362,缩量,低,情绪退潮,观望,资金撤退型,,D,回避：资金撤退,-0.6
601360,三六零,8.95,-22.1,0.68,-9.3,4.23,175176915,287306772,-2413719,-109407651,-110344299,65366180,缩量,低,情绪退潮,观望,趋势转多型,,D,回避：资金观望,1.4
601155,新城控股,12.87,227.8,0.75,68.1,-2.29,-50124582,-60220337,-54025510,38687435,28990418,-87893303,放量,低,游资情绪,抢筹,资金观望型,机构吸筹+盈利(关注),C,谨慎：资金流入未验证业绩,47.2
601368,绿城水务,4.59,-50.6,0.69,-7.7,0.08,84726,2291501,-5598910,-1134932,0,719748,缩量,低,情绪退潮,观望,趋势转多型,,D,回避：资金观望,0.0
601369,陕鼓动力,8.51,-78.5,1.16,133.0,4.28,16847121,118783334,110237142,-1212048,-1944976,2289652,缩量,低,情绪退潮,观望,趋势转多型,,D,回避：资金观望,1.4
601375,中原证券,3.94,-59.5,1.16,-30.7,-6.32,-29565060,-19962799,-69113284,2159275,385690,-3325749,缩量,低,情绪退潮,观望,资金观望型,,D,回避：资金观望,-2.1
601377,兴业证券,5.72,-38.9,0.68,-12.9,-12.42,-172994600,-183551580,-301111029,-23072492,-10284956,5673100,缩量,低,情绪退潮,观望,资金撤退型,,D,回避：资金撤退,-4.1
601158,重庆水务,4.02,-37.6,0.83,-21.2,-8.88,-8972071,-8457670,4119333,3477005,6254071,-470397,缩量,低,情绪退潮,吸筹,长线吸筹型,机构吸筹+盈利(关注),C,谨慎：资金流入未验证业绩,21.0
601390,中国中铁,4.33,-21.7,0.53,-21.6,-5.69,-84369220,-129237425,-200509914,22657539,41474553,27544685,缩量,低,情绪退潮,观望,资金撤退型,,D,回避：资金撤退,-1.9
601398,工商银行,8.28,-29.0,1.48,-7.6,-4.18,-464917711,-632768884,-1080495562,117089044,204230484,24437126,缩量,低,情绪退潮,观望,资金撤退型,,D,回避：资金撤退,-1.4
601399,国机重装,3.15,-38.6,0.51,2.4,-4.24,-40276414,-50727378,-67446480,-13951614,-15202848,22167458,缩量,低,情绪退潮,观望,资金撤退型,,D,回避：资金撤退,-1.4
601456,国联民生,8.51,-45.8,0.57,-30.5,-2.9,-14786643,1426021,850918,-5781606,-6275326,-362747,缩量,低,情绪退潮,观望,资金观望型,,D,回避：资金观望,-1.0
601500,通用股份,3.86,-50.8,0.35,-34.3,-2.2,-3840462,-7715139,-13463418,2612713,815365,-5044725,缩量,低,情绪退潮,观望,资金撤退型,,D,回避：资金撤退,-0.7
601512,中新集团,8.46,96.9,0.09,-30.0,1.53,2014710,6978388,5868926,-1892097,-31140,8509787,放量,低,游资情绪,观望,趋势转多型,,D,回避：资金观望,8.5
601515,衢州东峰,3.18,-40.0,0.25,0.8,-11.32,-21128600,-26112614,-47073090,1800261,2476664,4130695,缩量,低,情绪退潮,观望,资金撤退型,,D,回避：资金撤退,-3.8
601518,吉林高速,2.79,-58.8,0.83,-36.9,1.53,1834139,13038457,1511714,-839082,-663516,657932,缩量,低,情绪退潮,观望,趋势转多型,,D,回避：资金观望,0.5
601179,中国西电,11.61,-73.0,0.62,-22.9,-15.51,-405924412,-474695261,-588750026,32115054,33199983,-28512203,缩量,低,情绪退潮,吸筹,资金撤退型,机构吸筹+盈利(关注),C,谨慎：资金流入未验证业绩,18.8
601528,瑞丰银行,5.14,21.6,0.99,-30.6,-0.65,-2356157,-5479090,-19191420,-4112694,-1344679,8306470,缩量,低,情绪退潮,观望,资金撤退型,,D,回避：资金撤退,-0.2
601555,东吴证券,8.13,-45.5,0.54,-32.6,-3.84,-38006358,-58156002,-216390791,-19176048,-19593293,5003251,缩量,低,情绪退潮,观望,资金撤退型,,D,回避：资金撤退,-1.3
601566,九牧王,9.06,171.0,0.78,-53.7,2.22,26931347,17097575,69292113,-6754593,-6790065,22745076,放量,低,游资情绪,观望,资金观望型,,D,回避：资金观望,8.7
601567,三星电气,13.67,7.6,0.56,40.7,2.17,50234229,108998339,234705638,-22010403,-20522803,-1038176,缩量,低,情绪退潮,观望,主力建仓型,,D,回避：资金观望,0.7
601568,北元化工,3.55,-19.1,0.52,-48.0,-7.12,-19751293,-15672671,3860817,1511094,1014079,-1906822,缩量,低,情绪退潮,观望,长线吸筹型,,D,回避：资金观望,-2.4
601577,XD长沙银,9.71,14.6,0.9,-23.6,-4.89,-48404658,-72009380,-191860457,-24056956,-6393995,30901175,缩量,低,情绪退潮,观望,资金撤退型,,D,回避：资金撤退,-1.6
601168,西部矿业,35.35,-72.5,1.31,-44.4,0.21,10480987,-96643272,-273162413,26913395,22315312,-51615426,缩量,低,情绪退潮,进场,资金观望型,资金+业绩共振(双击候选),B,关注：资金+业绩共振,72.1
601169,北京银行,5.57,27.0,1.09,-33.5,-5.58,-202604964,-193740221,-813938399,81526129,109060273,-34780251,缩量,低,情绪退潮,吸筹,资金观望型,机构吸筹+盈利(关注),C,谨慎：资金流入未验证业绩,22.1
601595,上海电影,23.0,21.0,1.54,-44.6,-1.52,-16659671,-861763,217245709,-19090448,-7452042,24253707,缩量,低,情绪退潮,观望,长线吸筹型,,D,回避：资金观望,-0.5
601598,中国外运,6.61,-17.7,1.06,12.4,-0.2,-992196,-691932,-3509211,-4899703,-6040965,-3887342,缩量,低,情绪退潮,观望,资金观望型,,D,回避：资金观望,-0.1
601599,浙文影业,3.25,-26.6,0.68,-29.9,4.45,11540945,-850243,-39428839,-1395931,-1491356,-2455136,缩量,低,情绪退潮,观望,资金观望型,,D,回避：资金观望,1.5
601600,中国铝业,8.93,-65.1,0.87,-18.0,-3.03,-182748689,-130413867,-367982204,-37581581,-44870894,71686722,缩量,低,情绪退潮,观望,资金观望型,,D,回避：资金观望,-1.0
601601,中国太保,31.06,-42.7,0.77,-21.0,-4.12,-211315492,-178885666,-148474151,92324503,48952873,-108918138,缩量,低,情绪退潮,观望,资金观望型,,D,回避：资金观望,-1.4
601606,长城军工,30.7,-68.1,2.16,-67.7,-4.52,-109371525,-221796489,8219928,-40232718,-19568962,73393604,缩量,低,情绪退潮,观望,长线吸筹型,,D,回避：资金观望,-1.5
601607,上海医药,16.22,-22.2,1.44,8.4,-1.02,-6905885,-37890865,-67041808,-17443790,-1154998,37277489,缩量,低,情绪退潮,观望,资金撤退型,,D,回避：资金撤退,-0.3
601608,中信重工,4.59,-73.2,1.05,-22.9,-3.72,-17641078,-21635704,-11897652,-8596163,-4771585,7510656,缩量,低,情绪退潮,观望,资金观望型,,D,回避：资金观望,-1.2
601166,兴业银行,18.05,-32.4,0.92,-26.0,1.02,51615700,-278980338,-1011714418,48954289,36242806,47219625,缩量,低,情绪退潮,进场,资金观望型,资金+业绩共振(双击候选),B,关注：资金+业绩共振,72.3
601611,中国核建,10.08,-85.3,0.84,-55.7,-12.3,-69913127,-225957016,-211847292,-1461904,920584,5361921,缩量,低,情绪退潮,观望,资金观望型,,D,回避：资金观望,-4.1
601615,明阳智能,9.77,-40.7,0.4,-15.9,-2.12,-40351533,19634996,-475960820,-22049248,-29850468,31869616,缩量,低,情绪退潮,观望,资金观望型,,D,回避：资金观望,-0.7
601616,广电电气,3.75,-75.9,0.91,-27.5,-4.29,-6938011,-13513293,-21129020,-98542,-606217,-1751746,缩量,低,情绪退潮,观望,资金撤退型,,D,回避：资金撤退,-1.4
601619,嘉泽新能,3.89,-56.6,0.54,6.1,-8.63,-50353473,-45433200,-25741443,8359233,3644807,-14555222,缩量,低,情绪退潮,观望,资金观望型,,D,回避：资金观望,-2.9
601628,中国人寿,36.7,-59.1,0.69,-35.5,-5.22,-178330952,-392478017,-873303572,30719925,7372869,18002603,缩量,低,情绪退潮,观望,资金撤退型,,D,回避：资金撤退,-1.7
601633,长城汽车,13.73,-25.3,0.87,-12.4,-3.87,-33731824,-137001467,-108097687,-16409564,9569569,8745100,缩量,低,情绪退潮,观望,资金观望型,,D,回避：资金观望,-1.3
601236,红塔证券,7.01,59.2,0.76,-15.1,0.12,723812,-6521531,-7769805,8744709,3860450,-7215303,放量,低,游资情绪,抢筹,资金观望型,资金+业绩共振(双击候选),B,关注：资金+业绩共振,88.0
601658,邮储银行,5.46,7.7,1.17,-30.1,-0.36,-14888242,-283262314,-1094636144,-51621658,-32257050,26002968,缩量,低,情绪退潮,观望,资金撤退型,,D,回避：资金撤退,-0.1
601665,齐鲁银行,7.13,8.5,0.9,-24.8,-2.4,-37586147,-48464419,-259714315,-7444206,-11942584,11932159,缩量,低,情绪退潮,观望,资金撤退型,,D,回避：资金撤退,-0.8
601666,平煤股份,8.82,-53.6,0.92,-37.4,1.72,14859954,-9628716,-139088152,-1273552,-3488815,-11361772,缩量,低,情绪退潮,观望,资金观望型,,D,回避：资金观望,0.6
601668,中国建筑,4.34,5.0,1.06,-2.4,-4.51,-203099201,-243522251,-218833634,23406529,22083011,49926429,缩量,低,情绪退潮,观望,资金观望型,,D,回避：资金观望,-1.5
601229,上海银行,9.75,-2.5,1.12,-16.2,1.17,23875361,57366471,-67474177,26807747,42837438,43815978,缩量,低,情绪退潮,进场,趋势转多型,资金+业绩共振(双击候选),B,关注：资金+业绩共振,72.4
601677,明泰铝业,16.17,-64.1,0.71,-7.6,-2.27,-37921575,-27435757,-104337055,-6570403,-2397481,11737066,缩量,低,情绪退潮,观望,资金观望型,,D,回避：资金观望,-0.8
601678,滨化股份,5.68,-85.6,3.36,-41.0,-6.97,-77269740,-25694033,-291076635,-6875236,-11998629,6563201,缩量,低,情绪退潮,观望,资金观望型,,D,回避：资金观望,-2.3
601225,陕西煤业,26.03,-12.4,0.87,-21.2,4.35,177405272,109099110,146832188,12676121,36368800,-64543001,缩量,低,情绪退潮,进场,资金观望型,资金+业绩共振(双击候选),B,关注：资金+业绩共振,73.5
601218,吉鑫科技,6.08,777.0,0.34,630.6,2.76,166249532,195085752,238384884,36316182,42334398,-12359205,放量,低,游资情绪,吸筹,均衡流入型,资金+业绩共振(双击候选),B,关注：资金+业绩共振,72.9
601279,英利汽车,3.65,130.6,0.7,4.9,3.72,9915834,30006191,70970285,8278220,1166947,-10768330,放量,低,游资情绪,进场,主力建仓型,纯资金炒作(亏损风险),C,谨慎：纯资金炒作,21.2
601696,中银证券,10.96,-65.5,1.02,-44.9,-8.37,-90490904,-167685387,-273185762,-3041351,-2224672,3299916,缩量,低,情绪退潮,观望,资金撤退型,,D,回避：资金撤退,-2.8
601698,中国卫通,22.6,-80.0,0.27,6.2,-4.53,-75649057,-188024155,-256076068,-17547539,-6701384,35440415,缩量,低,情绪退潮,观望,资金撤退型,,D,回避：资金撤退,-1.5
601319,中国人保,7.98,-38.4,1.01,-22.2,6.68,147079884,375631718,-46466296,-10395711,-6921456,-17323561,缩量,中,主力惜售,进场,短线抢筹型,资金+业绩共振(双击候选),B,关注：资金+业绩共振,86.2
601333,广深铁路,3.08,-35.9,0.61,-18.9,1.74,13868961,55017972,-215684912,11166795,6723545,-6759856,缩量,低,情绪退潮,进场,趋势转多型,资金+业绩共振(双击候选),B,关注：资金+业绩共振,72.6
601702,华峰铝业,14.88,-73.4,1.01,-43.8,-1.42,-3475652,-7232277,-27157395,-2747685,220332,6512132,缩量,低,情绪退潮,观望,资金撤退型,,D,回避：资金撤退,-0.5
601717,中创智领,13.35,-24.0,0.45,-9.1,-11.93,-116238614,-224625427,-300110549,-4903645,-3031416,8442287,缩量,低,情绪退潮,观望,资金撤退型,,D,回避：资金撤退,-4.0
601366,利群股份,3.65,-9.3,0.94,-39.1,0.62,995815,-2418318,-407172,1754237,1226112,1135105,缩量,低,情绪退潮,进场,资金观望型,纯资金炒作(亏损风险),C,谨慎：纯资金炒作,12.2
601609,金田股份,11.72,40.4,0.93,-4.8,2.2,65419445,149421357,206449256,23174376,23571771,-53463938,缩量,低,情绪退潮,进场,主力建仓型,资金+业绩共振(双击候选),B,关注：资金+业绩共振,72.7
601519,大智慧,8.65,165.6,0.61,27.8,5.23,102674755,159873749,57376290,-70314374,-70298537,6908426,放量,中,主力偏强放量,进场,短线抢筹型,纯资金炒作(亏损风险),C,谨慎：纯资金炒作,29.7
601778,晶科科技,3.39,-68.6,0.13,-8.2,-4.5,-49024474,-24330292,-16087213,-21321,3373619,4827787,缩量,低,情绪退潮,观望,资金观望型,,D,回避：资金观望,-1.5
601388,怡球资源,3.18,-56.1,0.31,-34.4,3.0,10261853,-27705236,-71796087,-860474,2138993,-170270,缩量,低,情绪退潮,吸筹,资金观望型,资金+业绩共振(双击候选),B,关注：资金+业绩共振,65.0
601579,会稽山,37.3,1006.9,1.35,133.4,-2.38,-222037592,-8466986,328537788,112777107,79594212,-90631560,放量,低,游资情绪,抢筹,高位分歧型,机构吸筹+盈利(关注),C,谨慎：资金流入未验证业绩,47.2
601798,蓝科高新,7.68,-36.2,0.71,-25.6,0.02,35483,-2723816,-643689,-3332894,-1534896,1824652,缩量,低,情绪退潮,观望,资金观望型,,D,回避：资金观望,0.0
601799,星宇股份,70.33,-39.6,0.36,-42.7,2.08,22650866,-21901521,-52916888,-333379,-7650299,10981974,缩量,低,情绪退潮,观望,资金观望型,,D,回避：资金观望,0.7
601800,中国交建,5.94,-35.6,0.51,-18.5,-4.9,-28379823,-67369867,-67823060,4211492,11387733,14210403,缩量,低,情绪退潮,观望,资金撤退型,,D,回避：资金撤退,-1.6
601588,北辰实业,1.83,165.0,0.24,55.3,-1.51,-7268955,-11287433,-12117370,-6312610,2676371,9546054,放量,低,游资情绪,抢筹,资金撤退型,纯资金炒作(亏损风险),C,谨慎：纯资金炒作,27.5
601808,中海油服,12.22,-71.6,0.92,-32.6,-0.42,-2160084,-12975359,-18383362,1844801,5926034,6252923,缩量,低,情绪退潮,观望,资金撤退型,,D,回避：资金撤退,-0.1
601811,新华文轩,21.12,4268.1,0.55,998.2,-2.69,-110373939,-85233918,-84851996,21730251,-14585391,22342613,放量,低,游资情绪,观望,资金观望型,,D,回避：资金观望,7.1
601618,中国中冶,2.54,-28.5,0.76,-9.4,-7.43,-71092699,-86771338,-104840480,19295269,22891698,-4416400,缩量,低,情绪退潮,吸筹,资金撤退型,机构吸筹+盈利(关注),C,谨慎：资金流入未验证业绩,21.5
601818,光大银行,3.04,-17.5,1.27,-19.0,-0.54,-10455655,62918066,-36139597,-27577455,-3507800,31168975,缩量,低,情绪退潮,观望,资金观望型,,D,回避：资金观望,-0.2
601825,沪农商行,8.61,-35.5,0.86,-19.2,-1.23,-9893307,-12877420,-67030337,3722547,-460083,-4562738,缩量,低,情绪退潮,观望,资金撤退型,,D,回避：资金撤退,-0.4
601827,三峰环境,7.9,-70.2,1.06,-31.8,-1.45,-1698352,-12090737,-34162543,394310,-629595,-158635,缩量,低,情绪退潮,观望,资金撤退型,,D,回避：资金撤退,-0.5
601636,旗滨集团,5.39,-63.4,0.9,6.0,-3.59,-62929332,-59527841,-33409813,26546840,26718332,-18379157,缩量,低,情绪退潮,吸筹,资金观望型,机构吸筹+盈利(关注),C,谨慎：资金流入未验证业绩,22.8
601838,成都银行,19.31,43.9,0.91,15.7,-6.32,-123081916,-81945710,-106142310,-57521854,-37104519,65250821,缩量,低,情绪退潮,观望,资金观望型,,D,回避：资金观望,-2.1
601857,中国石油,11.21,-35.9,0.86,-5.6,-1.03,-71280441,-3658445,45028212,-408905,-52109022,-1453154,缩量,低,情绪退潮,观望,资金观望型,,D,回避：资金观望,-0.3
601689,拓普集团,46.52,-15.0,0.47,35.1,2.89,187170476,148598259,-185456782,69603348,911519,-153255275,缩量,低,情绪退潮,进场,资金观望型,资金+业绩共振(双击候选),B,关注：资金+业绩共振,73.0
601860,紫金银行,2.58,0.3,1.33,-16.6,-0.32,-2046309,50187985,-23098027,-6360566,-6802144,12348793,缩量,低,情绪退潮,观望,资金观望型,,D,回避：资金观望,-0.1
601865,福莱特,9.22,-66.7,0.88,-14.3,-5.98,-23952017,-17681006,-56180021,-1503781,1163440,-4586051,缩量,低,情绪退潮,观望,资金观望型,,D,回避：资金观望,-2.0
601866,中远海发,2.44,-8.3,0.67,-29.6,1.68,10494201,1757112,7280627,-7420338,-13875256,7825710,缩量,低,情绪退潮,观望,资金观望型,,D,回避：资金观望,0.6
601669,中国电建,4.57,-48.1,0.27,-15.0,-14.6,-169870716,-162290795,-255061468,32142604,41557083,-8313969,缩量,低,情绪退潮,吸筹,资金观望型,机构吸筹+盈利(关注),C,谨慎：资金流入未验证业绩,19.1
601688,华泰证券,17.8,-53.2,0.61,-4.1,-9.01,-316131502,-590433224,-1087453825,16839997,40370086,-16586554,缩量,低,情绪退潮,吸筹,资金撤退型,机构吸筹+盈利(关注),C,谨慎：资金流入未验证业绩,21.0
601872,招商轮船,20.15,-9.4,0.42,-0.0,-8.77,-920487906,-621770372,704604680,33796164,-12879618,20905691,缩量,低,情绪退潮,观望,高位分歧型,,D,回避：资金观望,-2.9
601877,XD正泰电,24.95,-46.1,0.46,-34.3,-6.24,-67565650,-66856306,-63876786,-11496621,-3066284,15197508,缩量,低,情绪退潮,观望,资金观望型,,D,回避：资金观望,-2.1
601878,浙商证券,8.97,-58.6,0.63,-31.7,-6.8,-39024675,-51143144,-142801973,1637196,2538515,3926164,缩量,低,情绪退潮,观望,资金撤退型,,D,回避：资金撤退,-2.3
601686,友发集团,5.0,-32.3,0.88,-5.2,5.91,6359077,14551008,-1358048,-576073,-1273975,1127913,缩量,中,主力惜售,进场,短线抢筹型,资金+业绩共振(双击候选),B,关注：资金+业绩共振,86.0
601881,中国银河,11.59,-57.3,0.7,-21.8,-13.53,-152198860,-174545227,-349440693,3356787,15402678,4552675,缩量,低,情绪退潮,观望,资金撤退型,,D,回避：资金撤退,-4.5
601882,海天精工,22.62,-48.2,0.56,-28.1,-4.8,-27061106,-21766509,-116069561,1536745,1197473,-5167581,缩量,低,情绪退潮,观望,资金观望型,,D,回避：资金观望,-1.6
601886,江河集团,13.09,31.7,1.33,-37.4,-0.47,-3610378,-16678805,-54616380,-409715,93872,9599867,缩量,低,情绪退潮,观望,资金撤退型,,D,回避：资金撤退,-0.2
601888,中国中免,51.44,-65.1,0.92,-47.5,-1.45,-45087503,-155547901,-461634778,-11085503,-5064250,21785855,缩量,低,情绪退潮,观望,资金撤退型,,D,回避：资金撤退,-0.5
601890,亚星锚链,9.35,103.4,0.41,-42.8,-10.06,-157783729,-171568860,94650358,23229989,-3090262,-32945888,放量,低,游资情绪,观望,长线吸筹型,,D,回避：资金观望,4.6
601898,中煤能源,13.8,-49.5,1.0,-37.6,3.72,75645265,23718965,-263834942,-48984903,-38287862,57218813,缩量,低,情绪退潮,观望,资金观望型,,D,回避：资金观望,1.2
601899,紫金矿业,29.79,-68.0,0.85,-22.7,-5.71,-1188443735,-2485413345,-2257834610,72822054,80698250,2039540,缩量,低,情绪退潮,观望,资金观望型,,D,回避：资金观望,-1.9
601900,南方传媒,12.69,53.2,0.66,-21.2,-0.66,-5396038,-52544431,-64816451,-9708524,-5418810,13410002,放量,低,游资情绪,观望,资金撤退型,,D,回避：资金撤退,7.8
601699,潞安环能,15.09,-49.9,0.86,-35.8,-3.33,-43936356,-127338598,-280407795,1099688,10526648,-6250441,缩量,低,情绪退潮,吸筹,资金撤退型,机构吸筹+盈利(关注),C,谨慎：资金流入未验证业绩,22.9
601727,上海电气,6.44,-65.4,0.25,1.2,-1.97,-27234357,-176153812,-154801597,10395964,17548147,-5253761,缩量,低,情绪退潮,吸筹,资金观望型,机构吸筹+盈利(关注),C,谨慎：资金流入未验证业绩,23.3
601916,浙商银行,2.88,-29.9,1.43,-20.9,-2.59,-42176748,-30511750,117168657,-22624777,-11712845,28515902,缩量,低,情绪退潮,观望,长线吸筹型,,D,回避：资金观望,-0.9
601918,新集能源,11.29,-14.4,0.8,6.7,-4.25,-81829253,-170500347,-152685547,-39542773,-5308683,52954300,缩量,低,情绪退潮,观望,资金观望型,,D,回避：资金观望,-1.4
601700,风范股份,6.19,-61.9,3.41,-57.2,-4.0,-53155791,-82482115,-570839185,7938030,10243680,-2428802,缩量,低,情绪退潮,吸筹,资金撤退型,纯资金炒作(亏损风险),C,谨慎：纯资金炒作,2.7
601921,浙版传媒,7.56,11.2,0.65,-9.3,-0.32,-1048837,10859051,15519709,-2358320,1687185,3711945,缩量,低,情绪退潮,观望,资金观望型,,D,回避：资金观望,-0.1
601928,凤凰传媒,8.34,-23.2,1.3,-11.0,2.01,9023793,33627363,54330286,-1258317,1242993,4842289,缩量,低,情绪退潮,观望,主力建仓型,,D,回避：资金观望,0.7
601929,吉视传媒,2.31,-2.6,0.79,-25.3,3.4,51404947,50096894,-19736646,-9340223,-2695773,9264701,缩量,低,情绪退潮,观望,资金观望型,,D,回避：资金观望,1.1
601777,千里科技,8.18,27.9,0.42,83.4,5.89,100494646,70160362,52916594,27259513,23947466,-10774568,缩量,中,主力惜售,吸筹,资金观望型,资金+业绩共振(双击候选),B,关注：资金+业绩共振,78.0
601939,建设银行,11.06,-41.4,1.64,-13.5,2.71,144134261,-91189333,-589808201,-1701875,-28337094,6532826,缩量,低,情绪退潮,观望,资金观望型,,D,回避：资金观望,0.9
601766,中国中车,6.19,-44.0,0.62,10.5,7.39,268641264,85442683,13154335,27215687,31693621,12161549,缩量,中,主力惜售,进场,资金观望型,资金+业绩共振(双击候选),B,关注：资金+业绩共振,86.5
601788,光大证券,13.68,-60.6,0.52,-36.1,-10.46,-73996991,-95453360,-266769220,9498144,3254478,-399581,缩量,低,情绪退潮,吸筹,资金撤退型,机构吸筹+盈利(关注),C,谨慎：资金流入未验证业绩,20.5
601956,东贝集团,5.02,6.2,0.69,58.5,1.61,4794930,6610695,4036849,-2411261,-808380,2219337,缩量,低,情绪退潮,观望,趋势转多型,,D,回避：资金观望,0.5
601958,金钼股份,19.37,-80.6,1.48,-18.7,-15.04,-289743201,-355685662,-682316268,-7416514,-15105248,9892260,缩量,低,情绪退潮,观望,资金撤退型,,D,回避：资金撤退,-5.0
601963,重庆银行,11.2,-30.8,1.35,-22.7,-5.37,-28020427,-24023158,-340647,-6183672,745539,9763176,缩量,低,情绪退潮,观望,高位分歧型,,D,回避：资金观望,-1.8
601965,中国汽研,13.57,13.4,0.79,12.4,3.11,13253626,-2221894,-48016923,-7728140,828198,13368516,缩量,低,情绪退潮,观望,资金观望型,,D,回避：资金观望,1.0
601966,玲珑轮胎,10.49,-65.9,0.8,-29.7,0.3,842697,7464774,2657377,-1920125,-1012423,2744078,缩量,低,情绪退潮,观望,趋势转多型,,D,回避：资金观望,0.1
601968,宝钢包装,4.5,-38.5,0.68,-9.8,-6.26,-9046850,-8048125,-35902493,-257571,-1063415,2947285,缩量,低,情绪退潮,观望,资金观望型,,D,回避：资金观望,-2.1
601969,海南矿业,8.92,-71.5,0.4,-42.4,-3.75,-14807469,-26411288,-58461969,634233,46451,-1839794,缩量,低,情绪退潮,观望,资金撤退型,,D,回避：资金撤退,-1.2
601975,招商南油,4.52,5.6,0.33,-12.5,-0.02,-540882,-258445134,-359204186,6083592,-15017428,-3805901,缩量,低,情绪退潮,观望,资金撤退型,,D,回避：资金撤退,-0.0
601789,宁波建工,4.21,-58.2,0.27,0.0,2.29,15200013,10956352,-66831589,-293851,5680831,-1243180,缩量,低,情绪退潮,吸筹,资金观望型,资金+业绩共振(双击候选),B,关注：资金+业绩共振,64.8
601988,中国银行,6.73,0.6,1.47,-6.0,-1.36,-111912385,-168499417,-180981011,-9918219,-21600595,-34211462,缩量,低,情绪退潮,观望,资金撤退型,,D,回避：资金撤退,-0.5
601728,中国电信,6.28,-67.3,1.08,-17.0,6.39,151084273,146124931,20421472,-3128133,3071833,18111560,缩量,中,主力惜售,进场,资金观望型,资金+业绩共振(双击候选),B,关注：资金+业绩共振,86.1
601990,南京证券,6.58,-59.9,0.96,-26.3,-9.65,-40347015,-46538018,-111087309,4380314,5479304,1245682,缩量,低,情绪退潮,观望,资金撤退型,,D,回避：资金撤退,-3.2
601991,大唐发电,5.31,-84.7,1.45,-39.2,-6.0,-212541123,-387042473,-623950938,38079011,61233802,4581099,缩量,低,情绪退潮,观望,资金撤退型,,D,回避：资金撤退,-2.0
601801,皖新传媒,5.49,177.7,1.19,189.4,7.04,79083219,110862815,128686471,-11437277,-9190856,29821244,放量,中,主力偏强放量,进场,主力建仓型,资金+业绩共振(双击候选),B,关注：资金+业绩共振,90.3
601995,中金公司,30.63,-63.8,2.03,24.7,-5.77,-237996625,-654449112,-640068240,-11594222,-26089269,4257633,缩量,低,情绪退潮,观望,资金观望型,,D,回避：资金观望,-1.9
601996,丰林集团,2.88,-52.1,0.28,-30.5,4.99,13573285,4356804,15423452,-1518971,1928502,4277248,缩量,低,情绪退潮,观望,资金观望型,,D,回避：资金观望,1.7
601816,京沪高铁,4.76,-7.2,1.23,7.6,6.13,218588332,247007513,448321357,10548232,-11359121,52062487,缩量,中,主力惜售,进场,均衡流入型,资金+业绩共振(双击候选),B,关注：资金+业绩共振,86.0
601828,美凯龙,2.23,114.1,0.46,-14.3,-0.1,-647578,35027825,10548519,4628929,2914436,-5757000,放量,低,游资情绪,抢筹,资金观望型,纯资金炒作(亏损风险),C,谨慎：纯资金炒作,28.0
601999,出版传媒,6.81,308.6,0.66,-35.3,-2.09,-21627723,-18453982,45989466,-9001476,911911,29568485,放量,低,游资情绪,观望,高位分歧型,,D,回避：资金观望,7.3
603000,人民网,16.51,-45.3,0.54,-1.1,-5.69,-68397539,86348649,-52411755,-23439250,-16778607,24610615,缩量,低,情绪退潮,观望,资金观望型,,D,回避：资金观望,-1.9
603001,奥康国际,11.29,23.9,1.73,68.6,-6.19,-74802453,-18868889,-40018166,-4346467,2902183,917305,缩量,低,情绪退潮,观望,资金观望型,,D,回避：资金观望,-2.1
601858,中国科传,21.58,-50.1,1.02,-34.2,5.95,70595357,84006284,162794070,-1187065,-8438770,-971423,缩量,中,主力惜售,进场,均衡流入型,资金+业绩共振(双击候选),B,关注：资金+业绩共振,86.0
601868,中国能建,2.39,-43.3,0.21,-16.4,-8.78,-171362883,-190487914,-201388151,50765810,61243710,-13942095,缩量,低,情绪退潮,吸筹,资金撤退型,机构吸筹+盈利(关注),C,谨慎：资金流入未验证业绩,21.1
603005,晶方科技,26.99,-65.2,1.22,0.5,-5.83,-187830073,-122613361,-78088146,-50841520,-52200473,63922476,缩量,低,情绪退潮,观望,资金观望型,,D,回避：资金观望,-1.9
603006,联明股份,10.83,-54.5,0.75,-20.0,1.45,1635750,-692188,2844743,-560761,0,248712,缩量,低,情绪退潮,观望,资金观望型,,D,回避：资金观望,0.5
603007,顺景科技,4.47,-52.2,0.32,-46.0,-7.14,-20582620,-41022062,-61308927,3157810,2582988,-9777344,缩量,低,情绪退潮,观望,资金撤退型,,D,回避：资金撤退,-2.4
601869,长飞光纤,411.16,-42.4,0.74,-15.1,-8.73,-1812054901,-2096864071,-1097241983,165392461,91892110,-763261,缩量,低,情绪退潮,吸筹,资金观望型,机构吸筹+盈利(关注),C,谨慎：资金流入未验证业绩,21.1
601880,辽港股份,1.47,7.2,0.56,-0.9,3.51,20375900,26114890,39585418,8776250,18990804,7700291,缩量,低,情绪退潮,进场,均衡流入型,资金+业绩共振(双击候选),B,关注：资金+业绩共振,73.2
603011,合锻智能,23.98,-69.5,2.82,-28.9,-5.43,-193430367,-49729378,75324200,-53786559,-40124630,43185829,缩量,低,情绪退潮,观望,资金观望型,,D,回避：资金观望,-1.8
603012,创力集团,8.51,-70.3,0.77,-53.9,-14.57,-92578145,-93739934,-161459157,6374311,-642366,-7612525,缩量,低,情绪退潮,观望,资金撤退型,,D,回避：资金撤退,-4.9
603013,亚普股份,14.26,-59.2,0.24,-42.7,-0.88,-1194804,80429,4103527,-862190,0,724368,缩量,低,情绪退潮,观望,资金观望型,,D,回避：资金观望,-0.3
603014,威高血净,30.79,-66.9,2.24,-7.6,-0.94,-1276813,734194,1445044,-1409385,-1728400,649852,缩量,低,情绪退潮,观望,资金观望型,,D,回避：资金观望,-0.3
603015,弘讯科技,10.3,-50.0,0.5,-6.2,1.7,3220613,-1253651,-10276599,-3545424,-1771482,2635250,缩量,低,情绪退潮,观望,资金观望型,,D,回避：资金观望,0.6
601908,京运通,2.93,-55.3,0.49,9.8,-2.42,-8214638,6390698,-11726917,6134280,5860850,-3641707,缩量,低,情绪退潮,吸筹,资金观望型,纯资金炒作(亏损风险),C,谨慎：纯资金炒作,3.2
603017,中衡设计,10.03,82.6,0.08,39.5,0.13,393005,-3571066,-13282768,-2270226,-3762171,-6071578,放量,低,游资情绪,观望,资金观望型,,D,回避：资金观望,8.0
603018,华设集团,5.2,-36.1,0.58,-12.4,-5.09,-7638379,-9053046,2412807,-3528706,-3218028,4107848,缩量,低,情绪退潮,观望,长线吸筹型,,D,回避：资金观望,-1.7
603019,中科曙光,79.52,-85.4,0.86,0.1,-10.03,-621249621,-751814158,-2703624876,-154086020,-104816517,124402812,缩量,低,情绪退潮,观望,资金撤退型,,D,回避：资金撤退,-3.3
603020,爱普股份,12.48,107.2,1.09,122.5,-8.33,-104432134,-30674516,26390374,-3959510,-10894409,-7834971,放量,低,游资情绪,观望,高位分歧型,,D,回避：资金观望,5.2
601901,方正证券,6.71,-58.3,0.83,-26.8,-13.97,-125361713,-130323136,-126671668,11953727,15899846,-5103396,缩量,低,情绪退潮,吸筹,资金观望型,机构吸筹+盈利(关注),C,谨慎：资金流入未验证业绩,19.3
603023,威帝股份,4.06,-31.8,0.5,37.6,-7.05,-11088777,6557875,-14617648,604361,-570792,458054,缩量,低,情绪退潮,观望,资金观望型,,D,回避：资金观望,-2.4
601919,中远海控,16.37,-33.5,0.89,-8.2,8.15,387915337,439859192,-349244625,31686663,36215715,63093800,缩量,中,主力惜售,进场,短线抢筹型,资金+业绩共振(双击候选),B,关注：资金+业绩共振,86.7
603026,石大胜华,56.92,-57.4,0.24,-27.5,-4.22,-49372784,-163285043,-98671751,3985502,-9520690,-9214080,缩量,低,情绪退潮,观望,资金观望型,,D,回避：资金观望,-1.4
603027,千禾味业,7.31,-27.0,0.46,-33.8,-5.11,-19956685,-30781124,5745478,449759,5057232,6299551,缩量,低,情绪退潮,观望,长线吸筹型,,D,回避：资金观望,-1.7
603028,赛福天,7.16,-34.4,0.21,-8.7,-4.02,-5274310,-4545235,-6674230,1375009,0,-1730984,缩量,低,情绪退潮,观望,资金观望型,,D,回避：资金观望,-1.3
601949,中国出版,5.91,697.5,1.1,-18.5,9.54,255032085,57569482,173122080,-83142701,-53087825,83237556,放量,中,主力偏强放量,进场,资金观望型,资金+业绩共振(双击候选),B,关注：资金+业绩共振,91.2
603030,全筑股份,2.08,-19.9,0.24,-38.5,-0.16,-442434,8551926,53729005,-1230997,294273,-695801,缩量,低,情绪退潮,观望,高位分歧型,,D,回避：资金观望,-0.1
603031,安孚科技,36.67,-62.8,0.62,-30.4,-2.34,-36062240,21619155,86605056,3837106,-1365390,5748618,缩量,低,情绪退潮,观望,高位分歧型,,D,回避：资金观望,-0.8
603032,德新科技,17.77,-55.9,0.45,-38.2,-3.14,-12527075,-33348596,-101684152,4013167,8077079,617309,缩量,低,情绪退潮,观望,资金撤退型,,D,回避：资金撤退,-1.0
603033,三维股份,7.71,-36.8,0.63,46.2,-0.95,-2314699,-2249087,-39390917,592527,-1044291,3601560,缩量,低,情绪退潮,观望,资金观望型,,D,回避：资金观望,-0.3
601933,永辉超市,2.99,-69.6,1.43,-70.2,-13.13,-126268993,-207086052,-223435823,16636025,23610961,-1799325,缩量,低,情绪退潮,吸筹,资金撤退型,纯资金炒作(亏损风险),C,谨慎：纯资金炒作,-0.4
603036,如通股份,13.52,-35.0,0.75,-49.6,-0.26,-594262,2431859,-97335268,-1402886,-2865389,-5512851,缩量,低,情绪退潮,观望,资金观望型,,D,回避：资金观望,-0.1
603037,凯众股份,10.36,158.9,0.33,59.7,0.64,2005535,-1582953,-13592467,-6615485,-3289312,3271809,放量,低,游资情绪,观望,资金观望型,,D,回避：资金观望,8.2
603038,华立股份,15.71,-20.3,1.03,32.7,-7.64,-37755532,-21585179,-64055259,2186715,2213655,-6274861,缩量,低,情绪退潮,观望,资金观望型,,D,回避：资金观望,-2.5
603039,泛微网络,34.73,-69.3,1.57,4.5,1.81,48453770,-94496123,-249557838,-3580374,-8545292,12284304,缩量,低,情绪退潮,观望,资金观望型,,D,回避：资金观望,0.6
603040,新坐标,44.3,-64.3,0.66,7.9,-1.43,-6976605,-22410283,-71449909,3033583,723787,-926919,缩量,低,情绪退潮,观望,资金撤退型,,D,回避：资金撤退,-0.5
603041,美思德,11.53,-19.3,0.38,19.3,-2.01,-3396707,-4608121,-4635177,684185,0,-135590,缩量,低,情绪退潮,观望,资金撤退型,,D,回避：资金撤退,-0.7
603042,华脉科技,16.66,417.4,0.37,86.9,4.21,151769688,425804513,396000727,-37810197,-20950514,58759565,放量,低,游资情绪,观望,趋势转多型,,D,回避：资金观望,9.4
603043,广州酒家,13.14,-49.0,0.77,-44.8,-3.37,-5433328,-18075968,-15013301,502233,320760,3404319,缩量,低,情绪退潮,观望,资金观望型,,D,回避：资金观望,-1.1
603045,福达合金,46.03,-62.7,2.62,-18.0,-5.58,-59193387,-95438756,-153913447,-8129532,-6711955,7609074,缩量,低,情绪退潮,观望,资金撤退型,,D,回避：资金撤退,-1.9
603048,浙江黎明,25.27,61.3,0.53,97.6,-3.07,-10081136,-4141260,-11373154,6315754,879288,-7801218,放量,低,游资情绪,观望,资金观望型,,D,回避：资金观望,7.0
603049,中策橡胶,43.96,-54.8,1.18,-39.8,-4.35,-13660680,-25094467,-39838660,-834633,-3906847,3709274,缩量,低,情绪退潮,观望,资金撤退型,,D,回避：资金撤退,-1.4
603050,科林电气,16.35,-33.5,0.18,2.2,-8.06,-18536011,-39704719,-30019785,-6653599,-4527728,7241404,缩量,低,情绪退潮,观望,资金观望型,,D,回避：资金观望,-2.7
601952,苏垦农发,8.97,32.4,0.47,-54.1,-9.52,-75728999,-166854402,80085076,8675453,7584251,-2235718,缩量,低,情绪退潮,吸筹,长线吸筹型,机构吸筹+盈利(关注),C,谨慎：资金流入未验证业绩,20.8
603052,可川科技,51.02,-43.2,0.34,30.7,0.95,11792756,97727188,58481287,-679257,2085195,18315713,缩量,低,情绪退潮,观望,趋势转多型,,D,回避：资金观望,0.3
603053,成都燃气,8.75,-57.2,0.9,-45.8,-5.42,-3038824,-8583823,-19243359,429769,0,1565878,缩量,低,情绪退潮,观望,资金撤退型,,D,回避：资金撤退,-1.8
603055,台华新材,9.17,-3.4,0.95,14.8,4.88,22868369,34787486,42600346,-6728899,-1939581,6466329,缩量,低,情绪退潮,观望,主力建仓型,,D,回避：资金观望,1.6
603057,紫燕食品,17.84,-41.2,0.5,35.1,-4.26,-12735032,-19887199,-27007359,-2075028,-2006264,2640709,缩量,低,情绪退潮,观望,资金撤退型,,D,回避：资金撤退,-1.4
603058,永吉股份,8.51,-47.3,0.57,-53.5,-5.44,-18144371,-20498908,-114329527,-3723387,-1573317,3106171,缩量,低,情绪退潮,观望,资金撤退型,,D,回避：资金撤退,-1.8
603059,倍加洁,26.22,27.3,0.47,5.4,-1.54,-2775818,-3264238,1224,1211992,813118,-1265434,缩量,低,情绪退潮,观望,资金观望型,,D,回避：资金观望,-0.5
603060,国检集团,5.53,16.3,0.21,26.7,3.55,8034679,7158736,-3247340,-5324421,-3582603,2349395,缩量,低,情绪退潮,观望,资金观望型,,D,回避：资金观望,1.2
603061,金海通,311.73,-48.2,1.54,34.6,-5.92,-221722778,68850230,-320428139,24675131,7728231,-22781678,缩量,低,情绪退潮,观望,资金观望型,,D,回避：资金观望,-2.0
603062,麦加芯彩,36.84,-38.2,0.15,0.2,-2.54,-1671264,-1334467,-3270490,-1028743,0,305039,缩量,低,情绪退潮,观望,资金观望型,,D,回避：资金观望,-0.8
603063,禾望电气,27.61,-74.0,0.4,-37.7,-6.04,-91279181,-87764099,-105065868,-10109089,-13736497,7734590,缩量,低,情绪退潮,观望,资金观望型,,D,回避：资金观望,-2.0
601985,中国核电,9.07,-13.4,0.72,-22.0,6.17,213595582,214426268,417586606,-9059030,11827117,105246149,缩量,中,主力惜售,进场,均衡流入型,资金+业绩共振(双击候选),B,关注：资金+业绩共振,86.1
603066,音飞储存,9.28,-38.7,0.26,-43.0,-5.65,-9440817,1147269,8670228,-881230,137477,-814297,缩量,低,情绪退潮,观望,资金观望型,,D,回避：资金观望,-1.9
603067,振华股份,40.25,21.7,0.6,-12.9,4.93,404406293,375250071,468822993,-13327062,-32415724,41352561,缩量,低,情绪退潮,观望,资金观望型,,D,回避：资金观望,1.6
603068,博通集成,44.85,4.5,2.79,168.5,-6.2,-295347823,68931848,-18868937,28031054,4016105,-29393522,缩量,低,情绪退潮,观望,资金观望型,,D,回避：资金观望,-2.1
603069,海汽集团,13.55,7.2,0.47,-3.3,-3.51,-8496482,2827340,10517232,-1460121,1274042,2168841,缩量,低,情绪退潮,观望,资金观望型,,D,回避：资金观望,-1.2
603070,万控智造,11.3,-46.7,0.35,-20.8,-1.25,-972414,535721,-7559563,457882,0,476970,缩量,低,情绪退潮,观望,资金观望型,,D,回避：资金观望,-0.4
603072,天和磁材,29.39,-62.3,0.57,-0.7,-1.88,-3201384,-6499052,-28378708,-7265474,-6097036,5241816,缩量,低,情绪退潮,观望,资金撤退型,,D,回避：资金撤退,-0.6
601992,金隅集团,1.43,93.3,0.43,44.6,-0.65,-3166124,25595323,17723131,5682136,19658996,7896612,放量,低,游资情绪,抢筹,资金观望型,纯资金炒作(亏损风险),C,谨慎：纯资金炒作,27.8
603075,热威股份,19.73,-21.9,1.0,-25.6,-3.27,-10092005,-12159235,19547408,-44207,0,446317,缩量,低,情绪退潮,观望,长线吸筹型,,D,回避：资金观望,-1.1
603076,乐惠国际,20.12,-57.9,0.24,-13.8,-5.72,-8300074,-10252468,-11778025,-109247,0,-2102404,缩量,低,情绪退潮,观望,资金撤退型,,D,回避：资金撤退,-1.9
603077,和邦生物,2.19,-62.1,0.54,-68.0,-5.92,-56264801,-38865775,185219824,-1426864,1679130,3915706,缩量,低,情绪退潮,观望,长线吸筹型,,D,回避：资金观望,-2.0
603078,江化微,28.83,-74.3,1.25,5.3,-6.85,-122713654,-27075662,-241880680,-22489896,-10075974,45900371,缩量,低,情绪退潮,观望,资金观望型,,D,回避：资金观望,-2.3
603079,圣达生物,13.61,71.9,0.91,-29.8,-2.4,-6310647,-6611094,-44192447,4922487,470326,-5144356,放量,低,游资情绪,观望,资金撤退型,,D,回避：资金撤退,7.2
603080,新疆火炬,19.95,17.5,0.54,-36.1,-2.69,-3085163,-2985613,-898309,3920205,624223,-1714268,缩量,低,情绪退潮,观望,资金观望型,,D,回避：资金观望,-0.9
603081,大丰实业,9.36,-62.3,0.5,2.0,0.32,318503,-4835137,-8333255,-858946,0,-423857,缩量,低,情绪退潮,观望,资金观望型,,D,回避：资金观望,0.1
603082,北自科技,41.25,-3.2,3.88,52.8,-0.54,-8168236,-63500400,11364313,-2975427,-7000955,17191823,缩量,低,情绪退潮,观望,资金观望型,,D,回避：资金观望,-0.2
603083,剑桥科技,205.45,-4.2,0.74,-22.3,-4.9,-857065975,-840145102,-28007770,663154127,519886511,-541320125,缩量,低,情绪退潮,观望,资金观望型,,D,回避：资金观望,-1.6
603085,天成自控,9.73,-46.9,0.27,-11.2,-3.46,-6486635,-27720307,-45007171,-992134,-908890,-579346,缩量,低,情绪退潮,观望,资金撤退型,,D,回避：资金撤退,-1.2
603086,先达股份,5.87,-8.3,0.81,-67.3,0.29,523458,-9567384,-69177830,-1402296,0,530167,缩量,低,情绪退潮,观望,资金观望型,,D,回避：资金观望,0.1
603087,甘李药业,77.4,13.9,2.96,91.3,-2.26,-103090230,-89822579,-134760550,-8104310,-2168972,18679215,缩量,低,情绪退潮,观望,资金观望型,,D,回避：资金观望,-0.8
603088,宁波精达,9.9,-18.3,0.3,-24.8,-1.66,-4783899,-3995247,-57048149,3384853,-58250,-4421815,缩量,低,情绪退潮,观望,资金观望型,,D,回避：资金观望,-0.6
603089,正裕工业,9.46,3.8,0.66,-41.4,0.39,530093,-6855635,-30301386,-1405117,-540608,1092138,缩量,低,情绪退潮,观望,资金观望型,,D,回避：资金观望,0.1
603090,宏盛股份,36.85,10.4,0.38,-47.6,-6.17,-40520862,10827132,213849777,10780627,6996327,-13696101,缩量,低,情绪退潮,观望,高位分歧型,,D,回避：资金观望,-2.1
603091,众鑫股份,45.32,-62.6,0.76,28.1,0.02,30433,-12051966,-23576130,-309234,-681757,20413,缩量,低,情绪退潮,观望,资金观望型,,D,回避：资金观望,0.0
603092,德力佳,48.19,115.5,0.38,212.0,-2.01,-19920037,-8986953,-26444304,-5425153,-8049454,6699922,放量,低,游资情绪,观望,资金观望型,,D,回避：资金观望,7.3
603093,南华期货,13.16,22.2,0.85,-1.1,-0.37,-4721505,71724252,38762108,-4651868,4172296,5285837,缩量,低,情绪退潮,观望,资金观望型,,D,回避：资金观望,-0.1
603095,越剑智能,14.01,-35.0,0.11,-36.3,-4.72,-16236991,-34228486,-70023359,-2364120,-1454423,7345166,缩量,低,情绪退潮,观望,资金撤退型,,D,回避：资金撤退,-1.6
603096,新经典,16.1,38.6,0.58,-16.8,0.27,426818,-2168100,-3055841,-4080068,-1028775,2933196,缩量,低,情绪退潮,观望,资金观望型,,D,回避：资金观望,0.1
601997,贵阳银行,5.61,-21.4,1.06,-28.1,5.31,54168756,66108560,-29740645,-35146895,-34303750,32368141,缩量,中,主力惜售,进场,短线抢筹型,资金+业绩共振(双击候选),B,关注：资金+业绩共振,85.8
603098,森特股份,10.65,-27.4,0.35,-51.5,-4.08,-5718783,-19927581,-24922766,3209279,1068772,-4290053,缩量,低,情绪退潮,观望,资金撤退型,,D,回避：资金撤退,-1.4
603002,宏昌电子,17.34,6.5,0.96,-0.5,-3.44,-204349291,-300029637,306411458,60383314,76497034,-54199701,缩量,低,情绪退潮,吸筹,长线吸筹型,机构吸筹+盈利(关注),C,谨慎：资金流入未验证业绩,22.9
601998,中信银行,9.1,-22.3,0.77,-1.6,5.12,109840393,255697250,353923047,28281788,29959118,-36909332,缩量,中,主力惜售,进场,主力强攻型,资金+业绩共振(双击候选),B,关注：资金+业绩共振,85.7
603101,汇嘉时代,7.39,-59.6,0.21,-52.6,-3.11,-5221514,-14119909,-18783838,785124,0,-2043230,缩量,低,情绪退潮,观望,资金撤退型,,D,回避：资金撤退,-1.0
603102,百合股份,37.29,-48.2,2.47,-26.2,-4.94,-11190406,-9790113,-42002922,-525152,59989,1495540,缩量,低,情绪退潮,观望,资金观望型,,D,回避：资金观望,-1.6
603103,横店影视,15.82,-48.6,0.75,-32.7,-6.14,-19204365,-1962202,4067807,-2236594,-320170,2633575,缩量,低,情绪退潮,观望,资金观望型,,D,回避：资金观望,-2.0
603105,芯能科技,8.5,213.0,0.3,4.0,3.21,44025218,25690183,79079965,-14673484,-2982842,13271776,放量,低,游资情绪,观望,资金观望型,,D,回避：资金观望,9.1
603106,恒银科技,7.16,-82.8,4.22,-59.5,-4.88,-15494563,-14764446,-45041322,-1655700,1078500,3607437,缩量,低,情绪退潮,观望,资金观望型,,D,回避：资金观望,-1.6
603010,万盛股份,12.29,-47.5,0.44,61.3,5.59,25156515,48356535,41399627,7856256,7366318,-1645975,缩量,中,主力惜售,吸筹,短线抢筹型,纯资金炒作(亏损风险),C,谨慎：纯资金炒作,17.9
603108,润达医疗,9.97,-62.9,1.05,20.9,-0.08,-535418,-14756494,-26458359,-11715906,-5231868,13726405,缩量,低,情绪退潮,观望,资金撤退型,,D,回避：资金撤退,-0.0
603109,神驰机电,17.37,-27.0,0.38,67.4,0.23,332076,-5457331,-11173058,-73298,1646313,1137631,缩量,低,情绪退潮,观望,资金观望型,,D,回避：资金观望,0.1
603110,东方材料,24.13,-51.9,0.86,-22.0,-0.62,-6407996,-71900525,36756444,29087755,12854530,-32193274,缩量,低,情绪退潮,观望,长线吸筹型,,D,回避：资金观望,-0.2
603111,康尼机电,6.13,-54.3,0.67,-1.7,-4.59,-5466971,1891662,-22037324,-430058,-703169,-1657626,缩量,低,情绪退潮,观望,资金观望型,,D,回避：资金观望,-1.5
603112,华翔股份,16.55,-13.3,0.33,-17.3,-3.12,-20050291,-23386784,-23003670,-5886678,-3388639,2466218,缩量,低,情绪退潮,观望,资金观望型,,D,回避：资金观望,-1.0
603113,金能科技,4.94,23.5,0.24,-58.4,-6.49,-17004620,-16987651,-88389833,-3972217,-2640962,2938786,缩量,低,情绪退潮,观望,资金观望型,,D,回避：资金观望,-2.2
603115,海星股份,70.06,-38.3,1.45,-17.4,-6.8,-237006980,-240725256,175114787,-7470455,11434457,13619724,缩量,低,情绪退潮,观望,长线吸筹型,,D,回避：资金观望,-2.3
603009,北特科技,45.88,-21.4,0.69,16.3,2.84,41164941,59085856,200293073,9039997,3810475,-11702644,缩量,低,情绪退潮,进场,均衡流入型,资金+业绩共振(双击候选),B,关注：资金+业绩共振,72.9
603117,万林物流,3.97,-28.3,0.28,-6.3,0.54,865508,-2051825,-8888791,-507020,0,31690,缩量,低,情绪退潮,观望,资金观望型,,D,回避：资金观望,0.2
603118,共进股份,15.72,-53.2,1.36,2.0,-5.98,-321124454,-73620966,-284814474,-34369377,-8707526,7819808,缩量,低,情绪退潮,观望,资金观望型,,D,回避：资金观望,-2.0
603119,浙江荣泰,52.6,-24.7,0.25,1.4,0.64,18898385,200760415,308139243,-16448338,-6356775,-4580234,缩量,低,情绪退潮,观望,均衡流入型,,D,回避：资金观望,0.2
603120,肯特催化,56.05,-35.9,1.63,117.0,-5.6,-59687488,-43485509,-30445052,-2036554,453352,19610245,缩量,低,情绪退潮,观望,资金观望型,,D,回避：资金观望,-1.9
603121,华培动力,12.29,-18.9,0.45,1.9,0.44,1982838,17705303,20896583,-4290870,-364843,8117884,缩量,低,情绪退潮,观望,均衡流入型,,D,回避：资金观望,0.1
603122,合富中国,13.86,104.8,0.83,92.9,0.17,7493978,342727159,474005628,-25246623,-10085775,25821635,放量,低,游资情绪,观望,均衡流入型,,D,回避：资金观望,8.1
603004,鼎龙科技,19.87,99.2,1.46,95.8,1.18,3978069,6972481,-4310677,6292177,2349676,-17169645,放量,低,游资情绪,抢筹,趋势转多型,资金+业绩共振(双击候选),B,关注：资金+业绩共振,88.4
603016,新宏泰,32.16,61.4,0.21,-20.5,-1.46,-8932981,57666236,46290322,4357022,6912932,-7639724,放量,低,游资情绪,抢筹,资金观望型,机构吸筹+盈利(关注),C,谨慎：资金流入未验证业绩,47.5
603125,常青科技,20.94,-38.4,0.57,65.4,-1.68,-15160415,-17795104,6821166,-6020932,-914976,5480076,缩量,低,情绪退潮,观望,资金观望型,,D,回避：资金观望,-0.6
603025,大豪科技,12.93,-71.7,0.45,-15.8,-8.88,-25609100,-32911723,-52272668,3406886,1752574,-277815,缩量,低,情绪退潮,吸筹,资金撤退型,机构吸筹+盈利(关注),C,谨慎：资金流入未验证业绩,21.0
603022,新通联,9.06,-25.7,0.36,-2.4,0.61,786822,362339,-3314728,543973,0,476274,缩量,低,情绪退潮,进场,资金观望型,资金+业绩共振(双击候选),B,关注：资金+业绩共振,72.2
603128,华贸物流,5.37,-17.7,0.83,-49.6,-5.95,-17855467,-12809347,-51525493,-431502,917978,3335414,缩量,低,情绪退潮,观望,资金观望型,,D,回避：资金观望,-2.0
603129,春风动力,287.06,-47.8,1.43,69.0,-1.34,-26081962,132966391,121714855,-10863325,2711762,15633525,缩量,低,情绪退潮,观望,资金观望型,,D,回避：资金观望,-0.4
603035,常熟汽饰,10.5,-25.4,0.6,10.1,-0.59,-978355,-2258045,-9076294,1862063,2139305,-1793427,缩量,低,情绪退潮,吸筹,资金撤退型,机构吸筹+盈利(关注),C,谨慎：资金流入未验证业绩,23.8
603131,上海沪工,13.57,-64.3,0.17,31.3,-0.62,-1799787,-783413,-5070004,1273793,1626529,1905627,缩量,低,情绪退潮,观望,资金观望型,,D,回避：资金观望,-0.2
603029,天鹅股份,16.65,-2.7,0.59,-57.9,1.98,3725644,697908,-36310433,209486,0,-1223131,缩量,低,情绪退潮,进场,资金观望型,资金+业绩共振(双击候选),B,关注：资金+业绩共振,72.7
603135,中重科技,8.53,-69.8,1.42,-24.3,-1.99,-4267294,-3182478,-33365506,2028078,0,-4241275,缩量,低,情绪退潮,观望,资金观望型,,D,回避：资金观望,-0.7
603136,天目湖,9.04,64.5,0.29,1.9,-0.82,-2549746,-39428400,79484387,-2691404,-3959414,4081137,放量,低,游资情绪,观望,长线吸筹型,,D,回避：资金观望,7.7
603137,恒尚节能,17.78,-89.2,33.7,4.8,-1.36,-12387930,-12635189,-113995461,304035,1188967,2250024,缩量,低,情绪退潮,观望,资金撤退型,,D,回避：资金撤退,-0.5
603138,海量数据,13.82,201.6,0.28,-4.6,-2.57,-35778368,232508309,268631342,-12257260,-8218908,26506178,放量,低,游资情绪,观望,资金观望型,,D,回避：资金观望,7.1
603139,康惠股份,34.18,-62.0,0.59,45.7,-8.28,-28492157,-20377172,26074564,-3560603,-2906507,3409827,缩量,低,情绪退潮,观望,高位分歧型,,D,回避：资金观望,-2.8
603051,鹿山新材,24.26,-13.9,0.66,30.5,-4.69,-30995262,-79729822,-52863242,-3733384,5718397,-5306343,缩量,低,情绪退潮,吸筹,资金观望型,纯资金炒作(亏损风险),C,谨慎：纯资金炒作,2.4
603151,邦基科技,17.72,-32.8,1.91,-35.7,3.71,13403907,25051625,49019072,-3048210,633023,-1196984,缩量,低,情绪退潮,观望,主力建仓型,,D,回避：资金观望,1.2
603065,宿迁联盛,14.23,-49.8,18.81,62.7,12.23,296548618,280077477,203336145,-12476814,-6562656,10333794,缩量,高,主力控盘,控盘,资金观望型,控盘+亏损(警惕),C,谨慎：控盘但亏损,28.1
603155,新亚强,14.46,-39.9,1.5,141.5,-1.54,-13780744,72999885,41587275,-10525569,-4485007,12815196,缩量,低,情绪退潮,观望,资金观望型,,D,回避：资金观望,-0.5
603156,养元饮品,43.63,-47.0,0.86,12.0,-2.33,-48083447,42751082,-11555900,4661466,11085177,-25498132,缩量,低,情绪退潮,观望,资金观望型,,D,回避：资金观望,-0.8
603158,腾龙股份,10.22,-67.0,0.35,-24.3,-3.64,-15734333,-33202372,-111812914,-3475233,-3814204,-5044588,缩量,低,情绪退潮,观望,资金撤退型,,D,回避：资金撤退,-1.2
603159,上海亚虹,22.38,-23.1,1.47,80.5,-0.3,-1454483,-46578453,-64056495,-2983779,-1561146,-650077,缩量,低,情绪退潮,观望,资金撤退型,,D,回避：资金撤退,-0.1
603097,江苏华辰,18.67,-57.8,0.86,-11.1,-0.66,-1058767,-7096617,-5235475,3256517,4516744,-3442540,缩量,低,情绪退潮,吸筹,资金观望型,机构吸筹+盈利(关注),C,谨慎：资金流入未验证业绩,23.8
603161,科华控股,14.38,-74.5,1.74,-67.0,-8.21,-14178631,-23918227,17638612,247121,725497,747607,缩量,低,情绪退潮,观望,长线吸筹型,,D,回避：资金观望,-2.7
603162,海通发展,13.04,-33.6,1.06,-50.8,-9.25,-193429069,-346931384,-73952290,14329996,2469107,-25986411,缩量,低,情绪退潮,观望,长线吸筹型,,D,回避：资金观望,-3.1
603163,圣晖集成,73.92,-60.8,1.14,-24.2,-0.11,-838799,41919434,100676160,-2611977,2750503,7269966,缩量,低,情绪退潮,观望,高位分歧型,,D,回避：资金观望,-0.0
603165,荣晟环保,13.34,-33.7,0.31,-26.7,-1.66,-4242870,-21545275,-56372827,-2021552,-422689,3696717,缩量,低,情绪退潮,观望,资金撤退型,,D,回避：资金撤退,-0.6
603166,福达股份,10.61,-58.6,1.0,-32.1,-7.08,-18239238,2212980,-16152066,-924112,1337542,2101669,缩量,低,情绪退潮,观望,资金观望型,,D,回避：资金观望,-2.4
603167,渤海轮渡,7.99,-62.5,0.4,-35.5,-9.55,-7332144,-23671293,-21422713,-4534867,-3858369,4381960,缩量,低,情绪退潮,观望,资金观望型,,D,回避：资金观望,-3.2
603071,物产环能,12.49,-40.4,0.65,-29.9,1.2,1160230,-3760103,-12215931,36121,1251000,4978100,缩量,低,情绪退潮,进场,资金观望型,资金+业绩共振(双击候选),B,关注：资金+业绩共振,72.4
603169,兰石重装,5.93,-64.7,0.57,-18.0,-1.72,-3889398,-16576574,-16408409,-673233,395300,-937724,缩量,低,情绪退潮,观望,资金观望型,,D,回避：资金观望,-0.6
603170,宝立食品,13.68,256.5,0.84,132.6,3.34,18929818,15738322,21469069,-29841715,-14792734,46895465,放量,低,游资情绪,观望,资金观望型,,D,回避：资金观望,9.1
603171,税友股份,38.97,-73.0,0.73,-29.3,3.99,31532045,57043249,13984767,-12499357,-12347389,16742487,缩量,低,情绪退潮,观望,趋势转多型,,D,回避：资金观望,1.3
603099,长白山,40.68,40.1,1.28,108.4,-0.59,-14380361,-13548924,-133067472,16350275,12316705,-11958859,缩量,低,情绪退潮,吸筹,资金观望型,机构吸筹+盈利(关注),C,谨慎：资金流入未验证业绩,23.8
603073,彩蝶实业,20.88,645.9,0.51,324.7,2.35,18065845,17484350,12382251,5595976,3445366,-9418155,放量,低,游资情绪,进场,资金观望型,资金+业绩共振(双击候选),B,关注：资金+业绩共振,80.8
603175,超颖电子,104.45,-27.9,0.51,96.3,-5.17,-86585174,-69140105,-90818175,-19920857,-11999719,18500900,缩量,低,情绪退潮,观望,资金观望型,,D,回避：资金观望,-1.7
603176,汇通集团,5.24,-31.5,0.57,-25.6,-6.8,-6268925,-10188954,-10906885,41600,0,402487,缩量,低,情绪退潮,观望,资金撤退型,,D,回避：资金撤退,-2.3
603177,德创环保,11.01,-49.7,0.82,-10.5,-2.06,-3427684,14815829,-13294230,754407,1327430,-3611970,缩量,低,情绪退潮,观望,资金观望型,,D,回避：资金观望,-0.7
603178,圣龙股份,16.12,-55.1,0.47,-17.6,0.9,6098746,-2212448,-112700931,-8514766,-2187529,4503374,缩量,低,情绪退潮,观望,资金观望型,,D,回避：资金观望,0.3
603179,新泉股份,40.48,-22.4,0.34,-19.9,-0.43,-13928309,-52178633,-143199864,31393086,18140550,-48289307,缩量,低,情绪退潮,观望,资金撤退型,,D,回避：资金撤退,-0.1
603100,川仪股份,18.29,22.4,0.61,-6.8,0.52,1659601,-18189112,-26154720,16789482,25013802,-7738173,缩量,低,情绪退潮,吸筹,资金观望型,资金+业绩共振(双击候选),B,关注：资金+业绩共振,64.2
603181,皇马科技,12.27,-67.8,0.86,-14.1,-4.92,-10137238,-9892259,-27768796,-3245477,-1228695,2589356,缩量,低,情绪退潮,观望,资金观望型,,D,回避：资金观望,-1.6
603182,嘉华股份,13.69,-10.9,0.42,-32.3,-0.62,-706387,1292460,-14114023,512988,512988,-2454574,缩量,低,情绪退潮,观望,资金观望型,,D,回避：资金观望,-0.2
603107,上海汽配,12.23,-22.8,0.99,83.8,-4.68,-5828407,-7177857,-6897225,2406147,2119749,-1342088,缩量,低,情绪退潮,吸筹,资金观望型,机构吸筹+盈利(关注),C,谨慎：资金流入未验证业绩,22.4
603185,弘元绿能,15.15,6.6,0.43,1.5,-1.96,-10765769,-1725875,-5189591,47317235,42237625,-54740716,缩量,低,情绪退潮,观望,资金观望型,,D,回避：资金观望,-0.7
603186,华正新材,212.66,32.5,1.89,-4.0,-2.2,-341364080,-1371074488,787873474,360157947,205546461,-395009691,缩量,低,情绪退潮,观望,长线吸筹型,,D,回避：资金观望,-0.7
603187,海容冷链,10.7,-77.6,0.65,-36.2,-6.25,-6636568,-183960,13851411,-312897,534500,2106294,缩量,低,情绪退潮,观望,高位分歧型,,D,回避：资金观望,-2.1
603124,江南新材,119.85,-13.4,1.7,-0.0,3.62,157797459,118426474,446908541,24028262,9927317,-31090007,缩量,低,情绪退潮,进场,资金观望型,资金+业绩共振(双击候选),B,关注：资金+业绩共振,73.2
603190,亚通精工,16.29,-51.7,0.2,-6.6,0.99,1073387,-1376058,-4713597,-957516,0,323364,缩量,低,情绪退潮,观望,资金观望型,,D,回避：资金观望,0.3
603191,望变电气,13.12,-72.8,0.69,-71.2,-11.22,-31496706,-43474467,-48037884,-807036,-2429823,1575295,缩量,低,情绪退潮,观望,资金撤退型,,D,回避：资金撤退,-3.7
603116,红蜻蜓,7.28,266.5,0.24,237.3,5.19,34495091,30028359,20334945,5921783,2596091,-24481753,放量,中,主力偏强放量,进场,资金观望型,纯资金炒作(亏损风险),C,谨慎：纯资金炒作,29.7
603193,润本股份,20.25,-47.5,0.51,-33.8,-1.75,-2950660,-14733035,-31908059,2714006,327671,963350,缩量,低,情绪退潮,观望,资金撤退型,,D,回避：资金撤退,-0.6
603123,翠微股份,9.49,-14.1,0.98,-66.7,-0.67,-7192510,-75503073,4779418,45156515,34788411,-31843991,缩量,低,情绪退潮,吸筹,资金观望型,纯资金炒作(亏损风险),C,谨慎：纯资金炒作,3.8
603126,中材节能,6.31,-41.2,0.36,-29.7,5.84,9157948,25975644,39842730,-1714074,-8632,1422157,缩量,中,主力惜售,进场,主力强攻型,资金+业绩共振(双击候选),B,关注：资金+业绩共振,85.9
603196,璞源材料,17.82,-76.7,0.33,-25.1,-1.4,-1671448,-6357368,5147052,-56141,5372,218858,缩量,低,情绪退潮,观望,长线吸筹型,,D,回避：资金观望,-0.5
603197,保隆科技,29.1,-55.2,1.32,-20.9,-3.79,-9945084,-20049295,-27108229,-1837987,-766379,3553479,缩量,低,情绪退潮,观望,资金撤退型,,D,回避：资金撤退,-1.3
603198,迎驾贡酒,38.72,-31.7,1.35,-17.4,-1.66,-11303459,-18442771,-48368205,14877657,12742904,-16870111,缩量,低,情绪退潮,观望,资金撤退型,,D,回避：资金撤退,-0.6
603199,九华旅游,31.97,-46.7,0.49,-57.1,-2.79,-4155148,-14727416,-29113059,-152180,-766206,4050890,缩量,低,情绪退潮,观望,资金撤退型,,D,回避：资金撤退,-0.9
603130,云中马,39.63,-4.3,0.69,31.8,2.08,4719979,5264298,-23556989,11217464,4033380,-5780304,缩量,低,情绪退潮,进场,趋势转多型,资金+业绩共振(双击候选),B,关注：资金+业绩共振,72.7
603201,常润股份,15.26,-72.4,2.63,-20.2,-6.02,-9756835,-6707190,-30404324,383461,711628,2326147,缩量,低,情绪退潮,观望,资金观望型,,D,回避：资金观望,-2.0
603202,天有为,51.3,-34.8,0.68,7.4,-0.38,-836079,-14846205,-17783626,1513836,206202,-1130482,缩量,低,情绪退潮,观望,资金撤退型,,D,回避：资金撤退,-0.1
603203,快克智能,41.74,-65.1,1.68,18.9,0.01,208520,134311828,131399376,-4621049,1300514,13530632,缩量,低,情绪退潮,观望,趋势转多型,,D,回避：资金观望,0.0
603205,健尔康,21.74,0.9,0.51,39.4,-7.2,-6237185,-7140583,-8747673,1874,-176543,-294653,缩量,低,情绪退潮,观望,资金撤退型,,D,回避：资金撤退,-2.4
603206,嘉环科技,13.54,-63.0,0.73,13.3,2.96,5751740,2545378,-10305072,-3992327,-2056395,1328741,缩量,低,情绪退潮,观望,资金观望型,,D,回避：资金观望,1.0
603207,小方制药,24.46,71.2,1.23,-60.3,-9.08,-28801826,-24687362,3845512,236796,-1156195,230642,放量,低,游资情绪,观望,长线吸筹型,,D,回避：资金观望,5.0
603208,江山欧派,11.5,16.3,0.61,8.9,-1.56,-1746397,4567682,4161111,1364760,-1148040,-3097672,缩量,低,情绪退潮,观望,资金观望型,,D,回避：资金观望,-0.5
603209,兴通股份,14.8,81.8,0.62,-18.1,-6.27,-19800469,-28444838,-23802983,3542485,180059,2889315,放量,低,游资情绪,观望,资金观望型,,D,回避：资金观望,5.9
603210,泰鸿万立,13.23,-24.8,0.53,-1.7,-5.91,-9092775,-10060890,-39620261,-4416965,-5264596,2649771,缩量,低,情绪退潮,观望,资金撤退型,,D,回避：资金撤退,-2.0
603211,晋拓股份,18.71,-82.9,1.14,-10.4,-2.53,-9152246,-12697382,-22537536,-1014069,746587,3641252,缩量,低,情绪退潮,观望,资金撤退型,,D,回避：资金撤退,-0.8
603212,赛伍技术,11.46,-52.3,0.56,21.7,-0.76,-4019823,7424103,-4566261,1908619,575000,-5059062,缩量,低,情绪退潮,观望,资金观望型,,D,回避：资金观望,-0.3
603127,昭衍新药,49.3,-4.9,1.86,66.9,-1.96,-191218021,199461417,-77722298,542335931,575341255,-269871713,缩量,低,情绪退潮,吸筹,资金观望型,机构吸筹+盈利(关注),C,谨慎：资金流入未验证业绩,23.3
603214,爱婴室,13.86,18.1,0.73,-57.0,-3.22,-6700243,-14098150,-555089,-3060687,-2355939,2291827,缩量,低,情绪退潮,观望,长线吸筹型,,D,回避：资金观望,-1.1
603132,金徽股份,18.33,-12.8,0.98,-40.6,1.72,9036488,-6896852,-19443881,11086731,4553968,-11651132,缩量,低,情绪退潮,进场,资金观望型,资金+业绩共振(双击候选),B,关注：资金+业绩共振,72.6
603216,梦天家居,21.38,24.7,0.67,-31.1,3.92,47834819,46498463,196096122,-5034147,-1053309,3506829,缩量,低,情绪退潮,观望,资金观望型,,D,回避：资金观望,1.3
603217,元利科技,27.07,3.8,0.5,-38.5,-3.13,-10047719,-24365106,-91958346,-3686961,-2182400,2379877,缩量,低,情绪退潮,观望,资金撤退型,,D,回避：资金撤退,-1.0
603218,日月股份,9.56,35.1,0.38,32.9,-1.61,-7362197,2064230,-5540507,-9221304,-5288069,4387621,缩量,低,情绪退潮,观望,资金观望型,,D,回避：资金观望,-0.5
603160,汇顶科技,53.19,-48.7,0.89,-13.1,8.86,78984554,134778613,334982625,710707,3473962,-4091989,缩量,中,主力惜售,进场,主力强攻型,资金+业绩共振(双击候选),B,关注：资金+业绩共振,87.0
603220,中贝通信,16.71,-60.9,0.33,-19.9,-4.73,-49994829,-92090320,-168651082,5600379,243348,2487981,缩量,低,情绪退潮,观望,资金撤退型,,D,回避：资金撤退,-1.6
603153,上海建科,13.68,21.8,0.19,-22.8,0.82,1002590,-4182645,3189487,4125060,3073587,-3474913,缩量,低,情绪退潮,进场,长线吸筹型,资金+业绩共振(双击候选),B,关注：资金+业绩共振,72.3
603168,莎普爱思,6.04,-13.0,0.86,15.2,1.44,2686703,6368353,3091802,1257467,1086690,381461,缩量,低,情绪退潮,进场,趋势转多型,纯资金炒作(亏损风险),C,谨慎：纯资金炒作,12.5
603223,XD恒通股,9.39,-77.7,1.73,-48.1,-15.12,-40529883,-50747433,-51780598,-3672355,-3021601,723434,缩量,低,情绪退潮,观望,资金撤退型,,D,回避：资金撤退,-5.0
603225,新凤鸣,16.72,-60.6,0.72,-25.4,-4.75,-44556068,-6629764,-44394129,716849,-1332213,-10251463,缩量,低,情绪退潮,观望,资金观望型,,D,回避：资金观望,-1.6
603226,菲林格尔,28.26,-21.8,0.77,12.4,-15.5,-167065113,-205116639,-122096225,-9767534,-4333186,18697214,缩量,低,情绪退潮,观望,长线吸筹型,,D,回避：资金观望,-5.2
603227,雪峰科技,7.42,-52.7,0.6,-34.8,0.97,1518305,-5585032,-22544009,-4277254,-1649771,1920421,缩量,低,情绪退潮,观望,资金观望型,,D,回避：资金观望,0.3
603228,景旺电子,101.21,-43.7,1.33,-31.0,-5.68,-766635881,-1232002213,-1047956511,-40631798,-43340094,-61456529,缩量,低,情绪退潮,观望,资金观望型,,D,回避：资金观望,-1.9
603229,奥翔药业,8.26,-12.5,0.56,123.0,1.33,7447954,12148238,6500147,-5537938,-3119209,7603114,缩量,低,情绪退潮,观望,趋势转多型,,D,回避：资金观望,0.4
603230,内蒙新华,14.01,5020.3,0.7,526.4,-5.17,-242497009,-306047371,-245610698,9951129,8597675,19437450,放量,低,游资情绪,观望,资金观望型,,D,回避：资金观望,6.3
603150,万朗磁塑,66.4,64.3,0.54,-24.6,-0.88,-9959997,-69665393,7953260,6456250,3068922,-8156290,放量,低,游资情绪,抢筹,长线吸筹型,机构吸筹+盈利(关注),C,谨慎：资金流入未验证业绩,47.7
603232,格尔软件,16.13,31.5,0.99,139.4,3.75,62149075,251918472,254494857,-15868969,-12078854,14773813,缩量,低,情绪退潮,观望,主力建仓型,,D,回避：资金观望,1.2
603233,大参林,18.2,-42.8,1.36,19.5,-0.38,-2191291,-15743542,-26631347,2156971,1421473,677949,缩量,低,情绪退潮,观望,资金撤退型,,D,回避：资金撤退,-0.1
603235,天新药业,25.96,135.5,0.78,-39.5,-0.51,-386350,2014111,-1374248,1470383,-410600,-5334515,放量,低,游资情绪,观望,资金观望型,,D,回避：资金观望,7.8
603236,移远通信,71.35,3.4,1.68,26.2,-3.41,-127344226,-771199669,-650472393,92964034,63800041,-91165261,缩量,低,情绪退潮,观望,资金观望型,,D,回避：资金观望,-1.1
603172,万丰股份,19.98,230.8,0.43,18.9,3.17,7621558,9706164,3405687,1437903,-98847,-2374633,放量,低,游资情绪,进场,趋势转多型,资金+业绩共振(双击候选),B,关注：资金+业绩共振,81.1
603238,诺邦股份,12.86,40.8,0.72,24.4,-0.99,-1980310,-145824,1301606,-768922,-416376,1049895,缩量,低,情绪退潮,观望,资金观望型,,D,回避：资金观望,-0.3
603239,浙江仙通,13.75,-48.4,0.25,-8.8,-5.26,-7924263,-9235002,-17368761,1607995,91878,-1147972,缩量,低,情绪退潮,观望,资金撤退型,,D,回避：资金撤退,-1.8
603248,锡华科技,20.43,430.3,0.16,1092.8,-1.57,-39691286,-15649406,-32049031,463414,4086989,13119536,放量,低,游资情绪,观望,资金观望型,,D,回避：资金观望,7.5
603255,鼎际得,30.88,-25.3,0.73,43.4,-5.19,-14968686,-20354069,-29837908,2801667,4613872,-4834989,缩量,低,情绪退潮,观望,资金撤退型,,D,回避：资金撤退,-1.7
603256,宏和科技,130.7,-38.3,0.96,74.7,0.01,2370995,1829673937,470876988,-359825444,-265463119,341701403,缩量,低,情绪退潮,观望,趋势转多型,,D,回避：资金观望,0.0
603257,中国瑞林,64.2,-55.0,0.6,-22.9,-2.16,-12141986,-44267696,13192007,-6653372,-3563675,969898,缩量,低,情绪退潮,观望,长线吸筹型,,D,回避：资金观望,-0.7
603258,电魂网络,14.03,7.7,1.03,83.0,3.59,14885896,36881534,38272218,-4439627,-3588226,7158050,缩量,低,情绪退潮,观望,主力建仓型,,D,回避：资金观望,1.2
603259,药明康德,167.34,-23.1,1.7,23.9,-3.33,-942358772,307853202,1304645338,594479162,288862574,-431967052,缩量,低,情绪退潮,观望,资金观望型,,D,回避：资金观望,-1.1
603180,金牌家居,15.89,-12.9,0.67,-7.9,0.97,746240,2933128,9574482,2063120,1589552,-1382527,缩量,低,情绪退潮,吸筹,均衡流入型,资金+业绩共振(双击候选),B,关注：资金+业绩共振,64.3
603261,立航科技,47.33,-16.0,5.42,-20.9,-2.47,-13495285,-54799673,-16586801,-67263,-6136073,963216,缩量,低,情绪退潮,观望,长线吸筹型,,D,回避：资金观望,-0.8
603262,技源集团,17.06,-51.7,2.8,-41.3,-4.74,-11961929,-9099588,-51095394,-1818445,-31075,3341420,缩量,低,情绪退潮,观望,资金观望型,,D,回避：资金观望,-1.6
603173,福斯达,29.9,18.7,0.48,-26.2,1.53,1380788,4786038,7452323,4656809,2759585,-6415121,缩量,低,情绪退潮,进场,均衡流入型,资金+业绩共振(双击候选),B,关注：资金+业绩共振,72.5
603267,鸿远电子,46.15,-70.0,1.05,17.2,-6.81,-88061567,-129186071,-103484357,-21684992,-6366866,17473246,缩量,低,情绪退潮,观望,资金观望型,,D,回避：资金观望,-2.3
603183,建研院,5.19,-100.0,1.54,32.6,11.24,42390087,8143614,-14511025,0,0,0,缩量,高,主力控盘,控盘,资金观望型,控盘+盈利(稳健),B,关注：控盘稳健+盈利,71.7
603269,海鸥股份,23.16,-24.5,1.02,-56.0,-3.98,-80738439,248149508,-565791423,-479912,981619,-19722564,缩量,低,情绪退潮,观望,资金观望型,,D,回避：资金观望,-1.3
603270,金帝股份,31.15,9.6,0.96,-51.4,-9.55,-100709674,-173235524,-205630378,-6337185,-4051021,-3961785,缩量,低,情绪退潮,观望,资金撤退型,,D,回避：资金撤退,-3.2
603271,永杰新材,38.42,-76.5,0.44,-11.9,-11.44,-19007597,-20939317,-56005867,1398317,2381880,135195,缩量,低,情绪退潮,观望,资金撤退型,,D,回避：资金撤退,-3.8
603273,天元智能,14.52,-50.0,1.05,-13.0,-2.06,-2172239,-7513350,-10424536,-248680,0,1155875,缩量,低,情绪退潮,观望,资金撤退型,,D,回避：资金撤退,-0.7
603275,众辰科技,36.67,-17.2,0.12,12.4,2.92,3420621,4403090,-1199721,-2558751,-1583597,-47607,缩量,低,情绪退潮,观望,趋势转多型,,D,回避：资金观望,1.0
603276,恒兴新材,17.5,-15.0,0.52,99.9,-1.45,-3768379,5445875,9402503,-1561146,-592246,-1112406,缩量,低,情绪退潮,观望,资金观望型,,D,回避：资金观望,-0.5
603277,银都股份,11.31,-68.0,1.31,-20.1,-3.45,-3103050,-2678550,-12160913,848498,0,2383551,缩量,低,情绪退潮,观望,资金观望型,,D,回避：资金观望,-1.2
603188,亚邦股份,5.4,117.2,0.64,-22.1,11.1,45037207,34348648,51961635,55229528,59071929,-30438187,放量,高,主力主导放量🔥(最强),抢筹,资金观望型,纯资金炒作(亏损风险),C,谨慎：纯资金炒作,43.7
603279,景津装备,10.94,-31.0,0.37,-28.6,-5.03,-14475015,-32744207,-42227360,-1138409,-3242421,7762871,缩量,低,情绪退潮,观望,资金撤退型,,D,回避：资金撤退,-1.7
603200,上海洗霸,44.74,441.1,0.54,-6.4,1.86,30801152,100989860,11201269,150890343,134718027,-99035387,放量,低,游资情绪,抢筹,趋势转多型,资金+业绩共振(双击候选),B,关注：资金+业绩共振,88.6
603281,江瀚新材,18.02,-65.7,0.47,68.9,1.29,4851066,11502623,-12073489,-3605788,-1831399,5550701,缩量,低,情绪退潮,观望,趋势转多型,,D,回避：资金观望,0.4
603195,公牛集团,38.71,-44.3,0.34,-29.7,0.85,3465632,-8817119,-9190887,2796002,-189354,-1963973,缩量,低,情绪退潮,进场,资金观望型,资金+业绩共振(双击候选),B,关注：资金+业绩共振,72.3
603283,赛腾股份,41.82,-72.5,1.34,-10.5,-1.43,-33722081,58103614,-364651098,-11306493,-912049,24059696,缩量,低,情绪退潮,观望,资金观望型,,D,回避：资金观望,-0.5
603284,林平发展,40.49,-69.3,0.81,-9.0,-2.42,-4591184,-14606543,-19867410,1379072,-23,-3362601,缩量,低,情绪退潮,观望,资金撤退型,,D,回避：资金撤退,-0.8
603213,镇洋发展,13.87,-46.6,1.41,-3.8,8.45,9321606,19984564,-776505,2989514,1846935,-492360,缩量,中,主力惜售,吸筹,短线抢筹型,资金+业绩共振(双击候选),B,关注：资金+业绩共振,78.8
603194,中力股份,33.03,-63.1,0.56,-34.4,-4.84,-4839934,-8752910,-7091592,-137929,200776,-25136,缩量,低,情绪退潮,吸筹,资金观望型,机构吸筹+盈利(关注),C,谨慎：资金流入未验证业绩,22.4
603192,汇得科技,19.93,-44.5,1.64,-13.6,2.34,9191401,9545124,27335788,588908,0,487486,缩量,低,情绪退潮,进场,均衡流入型,资金+业绩共振(双击候选),B,关注：资金+业绩共振,72.8
603289,泰瑞机器,11.04,134.4,0.18,142.0,-2.14,-14620597,19220284,37779613,-2614468,-684469,11437201,放量,低,游资情绪,观望,资金观望型,,D,回避：资金观望,7.3
603290,斯达半导,81.21,-72.5,0.75,20.8,-5.04,-66103700,-38573053,-191027186,-29024003,-16564179,20187519,缩量,低,情绪退潮,观望,资金观望型,,D,回避：资金观望,-1.7
603291,XD联合水,8.53,-58.5,0.36,-24.6,-11.78,-16742632,-13956596,10641878,-339686,-199815,2211249,缩量,低,情绪退潮,观望,长线吸筹型,,D,回避：资金观望,-3.9
603293,埃泰克,35.17,-40.0,0.19,-56.9,-0.1,-174617,957075,44389709,-1223378,-927036,-6957,缩量,低,情绪退潮,观望,长线吸筹型,,D,回避：资金观望,-0.0
603296,华勤技术,74.49,-64.6,1.17,5.5,-5.91,-260483266,-52059104,-550928965,-124424160,30882212,50033396,缩量,低,情绪退潮,观望,资金观望型,,D,回避：资金观望,-2.0
603297,永新光学,106.92,-60.6,0.42,-18.4,-7.89,-36465383,-45597040,-48417815,8018328,6985948,-8228929,缩量,低,情绪退潮,观望,资金撤退型,,D,回避：资金撤退,-2.6
603298,杭叉集团,21.87,-49.3,0.57,42.0,-0.6,-3699785,-11089165,-19332137,3827702,-814680,-6515321,缩量,低,情绪退潮,观望,资金撤退型,,D,回避：资金撤退,-0.2
603299,苏盐井神,8.69,-67.7,0.48,-29.0,0.22,243192,2750899,10914823,-301410,-871000,1075805,缩量,低,情绪退潮,观望,均衡流入型,,D,回避：资金观望,0.1
603300,海南华铁,4.51,-68.2,0.59,-34.6,-7.21,-34535998,-34180609,-59296233,-8462970,-6999038,14186424,缩量,低,情绪退潮,观望,资金观望型,,D,回避：资金观望,-2.4
603301,振德医疗,75.17,-41.7,1.08,31.4,-1.0,-6501726,-36705551,-25127607,7915325,1378514,3074752,缩量,低,情绪退潮,观望,资金观望型,,D,回避：资金观望,-0.3
603215,比依股份,15.63,115.0,0.17,247.9,1.32,4421706,2492303,1229654,3335235,3191834,-4778975,放量,低,游资情绪,抢筹,资金观望型,资金+业绩共振(双击候选),B,关注：资金+业绩共振,88.4
603305,旭升集团,11.2,-35.5,0.35,9.2,-5.41,-37546709,-26015821,-79390744,2148863,-1357841,-2508361,缩量,低,情绪退潮,观望,资金观望型,,D,回避：资金观望,-1.8
603306,华懋科技,71.36,-59.3,0.52,15.3,-0.4,-13056141,212493757,460503820,-1588945,3142168,2067522,缩量,低,情绪退潮,观望,高位分歧型,,D,回避：资金观望,-0.1
603307,扬州金泉,25.49,38.0,0.32,35.6,-2.45,-3886820,-5092424,-12830433,338503,2515226,699869,缩量,低,情绪退潮,观望,资金撤退型,,D,回避：资金撤退,-0.8
603308,应流股份,35.64,-37.8,0.56,-21.9,-6.48,-248989983,-512739864,-273552846,-38566115,-14022085,109596601,缩量,低,情绪退潮,观望,资金观望型,,D,回避：资金观望,-2.2
603309,维力医疗,11.18,-58.6,0.74,-17.9,4.91,5662439,10370738,-7020728,-4098839,-403051,6107452,缩量,低,情绪退潮,观望,趋势转多型,,D,回避：资金观望,1.6
603310,巍华新材,14.54,-61.4,0.78,-19.4,-5.81,-5162218,-8823205,-7486421,-1549623,-638306,1301571,缩量,低,情绪退潮,观望,资金观望型,,D,回避：资金观望,-1.9
603219,富佳股份,12.6,-28.7,0.57,2.4,5.2,9590505,5172287,-1476647,1317410,643936,-3282817,缩量,中,主力惜售,进场,资金观望型,资金+业绩共振(双击候选),B,关注：资金+业绩共振,85.7
603221,爱丽家居,25.1,112.6,3.71,13.4,-0.43,-9030447,-22130961,-3438395,16469939,15011494,-10078071,放量,低,游资情绪,抢筹,资金观望型,机构吸筹+盈利(关注),C,谨慎：资金流入未验证业绩,47.9
603313,梦百合,6.21,-73.2,1.56,-25.4,-12.43,-62627944,-64555358,-26967317,-1503123,-470051,312206,缩量,低,情绪退潮,观望,长线吸筹型,,D,回避：资金观望,-4.1
603315,福鞍股份,10.47,-49.9,0.23,-33.5,-2.57,-6516356,-14677281,-53966113,-3035835,-2264482,-356933,缩量,低,情绪退潮,观望,资金撤退型,,D,回避：资金撤退,-0.9
603316,诚邦股份,15.2,79.7,0.24,96.6,-5.76,-136399509,169700412,327077079,-37460259,-30217083,51276192,放量,低,游资情绪,观望,高位分歧型,,D,回避：资金观望,6.1
603317,天味食品,12.55,-72.7,0.37,-37.4,-0.79,-2522225,5294777,-39347301,1905541,64164,5346719,缩量,低,情绪退潮,观望,资金观望型,,D,回避：资金观望,-0.3
603318,水发燃气,8.71,-62.7,0.3,-53.4,-7.87,-90228733,-225923630,-131410490,-1555577,-1984070,-2297992,缩量,低,情绪退潮,观望,资金观望型,,D,回避：资金观望,-2.6
603319,美湖股份,28.0,-41.7,0.4,4.4,-1.55,-27512720,111289183,68001732,5427270,-514338,-4808028,缩量,低,情绪退潮,观望,资金观望型,,D,回避：资金观望,-0.5
603320,迪贝电气,18.07,-54.1,0.4,-44.5,-3.36,-4475993,-4361298,-4052245,59120,0,-1606766,缩量,低,情绪退潮,观望,资金观望型,,D,回避：资金观望,-1.1
603237,五芳斋,15.2,16.8,0.63,-53.2,-2.33,-2739284,-1642384,-24554382,-1014238,724563,-2545,缩量,低,情绪退潮,吸筹,资金观望型,机构吸筹+盈利(关注),C,谨慎：资金流入未验证业绩,23.2
603322,超讯科技,27.7,48.8,0.52,-13.4,-2.68,-34258608,-42322263,-44000407,16772428,8090613,-18436876,缩量,低,情绪退潮,观望,资金撤退型,,D,回避：资金撤退,-0.9
603222,济民健康,8.07,-46.8,1.41,127.3,6.95,93357617,62935981,61174074,4137989,2344222,13007714,缩量,中,主力惜售,进场,资金观望型,纯资金炒作(亏损风险),C,谨慎：纯资金炒作,26.3
603324,盛剑科技,24.21,-69.2,2.52,-3.8,-0.87,-2425279,-96600,-5229579,2850315,1074230,-7308942,缩量,低,情绪退潮,观望,资金观望型,,D,回避：资金观望,-0.3
603266,天龙股份,19.57,458.7,0.51,256.2,5.77,41130423,107590210,101144915,11452677,-2162369,-17128830,放量,中,主力偏强放量,进场,短线抢筹型,资金+业绩共振(双击候选),B,关注：资金+业绩共振,89.9
603231,索宝蛋白,17.26,90.0,0.37,-5.8,0.37,594586,4993247,858554,13599981,6606429,-16114234,放量,低,游资情绪,抢筹,趋势转多型,资金+业绩共振(双击候选),B,关注：资金+业绩共振,88.1
603327,福蓉科技,8.0,-79.2,0.75,-61.4,-4.79,-19112236,-31447922,-142973503,2221992,3067549,-3200762,缩量,低,情绪退潮,观望,资金撤退型,,D,回避：资金撤退,-1.6
603328,依顿电子,13.83,361.2,0.49,58.3,4.84,220793268,242944638,339846036,-97215971,-115208059,7829442,放量,低,游资情绪,观望,均衡流入型,,D,回避：资金观望,9.6
603329,上海雅仕,10.25,-68.2,0.48,-5.3,1.81,2033275,2736805,-1198026,-500361,0,-603360,缩量,低,情绪退潮,观望,趋势转多型,,D,回避：资金观望,0.6
603330,天洋新材,9.16,-29.9,3.72,-53.2,-6.4,-72145135,-80172246,91667377,-11962644,-5952325,12967319,缩量,低,情绪退潮,观望,长线吸筹型,,D,回避：资金观望,-2.1
603331,百达精工,12.38,-59.4,0.42,-38.0,-3.87,-7212975,3915126,31520170,-1049360,-2433274,852566,缩量,低,情绪退潮,观望,高位分歧型,,D,回避：资金观望,-1.3
603332,苏州龙杰,12.01,-33.7,0.39,-2.8,-1.43,-2318307,-1306867,-8522596,-802367,-590940,-935811,缩量,低,情绪退潮,观望,资金观望型,,D,回避：资金观望,-0.5
603333,福华尚纬,8.88,-70.4,0.79,-40.7,-9.81,-31570850,-47299536,-71724402,-732575,663018,-4014020,缩量,低,情绪退潮,观望,资金撤退型,,D,回避：资金撤退,-3.3
603334,丰倍生物,31.8,-34.6,0.56,7.6,-1.01,-1439281,9275970,6234023,3610,629378,-1943275,缩量,低,情绪退潮,观望,资金观望型,,D,回避：资金观望,-0.3
603335,迪生力,6.03,-64.8,0.53,-8.6,-5.63,-11340810,-10758800,-55535389,-3488231,-4169606,-3162512,缩量,低,情绪退潮,观望,资金观望型,,D,回避：资金观望,-1.9
603336,宏辉果蔬,9.89,-50.2,0.67,-31.6,-5.64,-42551264,-17168403,32682386,-2815713,-2189144,-280782,缩量,低,情绪退潮,观望,高位分歧型,,D,回避：资金观望,-1.9
603337,杰克科技,35.07,-65.2,1.46,21.7,-4.14,-19080276,-12565486,-35083188,2043203,-233270,2684785,缩量,低,情绪退潮,观望,资金观望型,,D,回避：资金观望,-1.4
603338,浙江鼎力,53.36,-50.4,0.71,6.7,-0.82,-6669128,-16773019,-21170952,6600002,3649755,2118520,缩量,低,情绪退潮,观望,资金撤退型,,D,回避：资金撤退,-0.3
603339,四方科技,12.2,-74.8,3.32,-40.2,-10.11,-38476412,-47427497,-210652570,-1736624,-2192541,1838889,缩量,低,情绪退潮,观望,资金撤退型,,D,回避：资金撤退,-3.4
603341,龙旗科技,35.21,-63.6,1.09,34.3,-3.63,-57526871,14816102,-92696192,4992306,-1582538,-8051427,缩量,低,情绪退潮,观望,资金观望型,,D,回避：资金观望,-1.2
603344,星德胜,21.97,-13.0,0.52,-33.6,-0.02,-56273,-19654883,-9877108,-498418,-280479,-3170539,缩量,低,情绪退潮,观望,资金观望型,,D,回避：资金观望,-0.0
603260,合盛硅业,31.55,-63.8,1.08,-12.2,1.35,12262372,-6667445,-33742906,6190939,155165,-970897,缩量,低,情绪退潮,进场,资金观望型,纯资金炒作(亏损风险),C,谨慎：纯资金炒作,12.4
603348,文灿股份,14.6,-28.2,0.96,-16.9,-3.15,-5419051,-5863123,-11479041,-833910,374498,850366,缩量,低,情绪退潮,观望,资金撤退型,,D,回避：资金撤退,-1.1
603350,安乃达,28.27,-52.2,0.47,-7.2,-2.56,-1681514,-3331212,-5003255,-171639,-1259360,-394592,缩量,低,情绪退潮,观望,资金撤退型,,D,回避：资金撤退,-0.9
603351,威尔药业,27.46,-25.7,1.13,164.5,0.52,1054152,16985773,12260164,-674142,-1067941,2340368,缩量,低,情绪退潮,观望,趋势转多型,,D,回避：资金观望,0.2
603352,至信股份,24.81,-73.5,0.84,-11.1,-5.48,-4665934,-9181879,-12001916,100049,0,501866,缩量,低,情绪退潮,观望,资金撤退型,,D,回避：资金撤退,-1.8
603353,和顺石油,38.34,76.1,0.21,17.9,-7.61,-135602746,-29053492,316064481,-39697902,-36048333,28965244,放量,低,游资情绪,观望,高位分歧型,,D,回避：资金观望,5.5
603355,莱克电气,30.31,-15.1,0.59,22.1,-2.21,-12036537,-19288218,39284488,2840247,2713986,-2856466,缩量,低,情绪退潮,观望,长线吸筹型,,D,回避：资金观望,-0.7
603268,松发股份,213.66,-42.9,1.17,73.9,1.17,61801093,-584490514,-666509465,49672592,-6241454,-50441979,缩量,低,情绪退潮,进场,资金观望型,资金+业绩共振(双击候选),B,关注：资金+业绩共振,72.4
603280,南方路机,27.51,22.5,0.78,16.5,3.74,16168390,13703739,6490198,432041,492606,281182,缩量,低,情绪退潮,进场,资金观望型,资金+业绩共振(双击候选),B,关注：资金+业绩共振,73.2
603278,大业股份,10.27,357.4,0.21,314.1,2.46,59789113,61552696,60224606,33058941,29650758,-24444948,放量,低,游资情绪,抢筹,趋势转多型,纯资金炒作(亏损风险),C,谨慎：纯资金炒作,28.8
603360,百傲化学,12.26,-58.6,0.27,-9.0,-8.21,-32574779,-8851411,-53433145,336404,-94728,-631252,缩量,低,情绪退潮,观望,资金观望型,,D,回避：资金观望,-2.7
603286,日盈电子,45.62,25.2,0.53,-5.4,1.75,18527971,29086006,63720822,13939094,8248374,-10628277,缩量,低,情绪退潮,进场,均衡流入型,纯资金炒作(亏损风险),C,谨慎：纯资金炒作,12.6
603365,水星家纺,16.03,-18.5,0.33,-19.9,-1.93,-2139160,-7429157,-4771055,3425104,750631,132340,缩量,低,情绪退潮,观望,资金观望型,,D,回避：资金观望,-0.6
603366,日出东方,7.27,-4.1,0.79,-60.7,-8.68,-45977935,-83267668,29300262,-7596294,-4751288,13252271,缩量,低,情绪退潮,观望,长线吸筹型,,D,回避：资金观望,-2.9
603367,辰欣药业,14.53,-51.3,3.01,7.2,-3.24,-13532419,-22734616,-39618699,6383635,5937234,7067551,缩量,低,情绪退潮,观望,资金撤退型,,D,回避：资金撤退,-1.1
603368,柳药集团,15.18,-42.1,1.31,-26.5,-13.97,-28061752,-23254332,-51184490,-10109832,-7602008,6988976,缩量,低,情绪退潮,观望,资金观望型,,D,回避：资金观望,-4.7
603369,今世缘,28.09,-24.6,1.34,0.4,-0.05,-720107,-52004327,-52977630,28192797,21646834,-31240636,缩量,低,情绪退潮,观望,资金撤退型,,D,回避：资金撤退,-0.0
603370,华新精科,27.53,46.9,0.85,24.7,-1.22,-2967087,-3421941,-30060331,-855112,261537,56074,缩量,低,情绪退潮,观望,资金撤退型,,D,回避：资金撤退,-0.4
603373,安邦护卫,50.18,164.4,0.85,275.6,-1.51,-22036267,-28008962,-42468197,14319826,2984890,-26804719,放量,低,游资情绪,观望,资金撤退型,,D,回避：资金撤退,7.5
603375,盛景微,43.8,84.7,0.26,135.8,1.96,27830172,30136484,73444668,-8654433,-8070125,20061060,放量,低,游资情绪,观望,均衡流入型,,D,回避：资金观望,8.7
603376,大明电子,26.39,-25.8,0.93,-60.2,-0.62,-968746,-13827345,13702277,-948298,116335,-1759925,缩量,低,情绪退潮,观望,长线吸筹型,,D,回避：资金观望,-0.2
603379,三美股份,49.12,-82.1,1.24,1.6,0.94,12310122,-27300297,-128816143,-8499000,-1565121,3317355,缩量,低,情绪退潮,观望,资金观望型,,D,回避：资金观望,0.3
603380,易德龙,32.4,-68.8,1.33,-40.2,1.82,7447436,-2797344,-68507606,-620126,-1235264,-5129734,缩量,低,情绪退潮,观望,资金观望型,,D,回避：资金观望,0.6
603381,永臻股份,14.72,-57.5,0.3,-2.6,-4.9,-9027816,-15202507,-32823024,131429,266404,-495609,缩量,低,情绪退潮,观望,资金撤退型,,D,回避：资金撤退,-1.6
603382,海阳科技,19.11,-51.7,2.7,-17.8,0.34,638873,169166,-15675602,-243080,638659,-1122195,缩量,低,情绪退潮,观望,资金观望型,,D,回避：资金观望,0.1
603383,顶点软件,26.78,-79.5,0.58,-50.2,-3.94,-6452198,10708398,-847208,107973,1992,-679753,缩量,低,情绪退潮,观望,资金观望型,,D,回避：资金观望,-1.3
603385,惠达卫浴,5.73,-17.4,0.55,-11.6,-1.9,-1858330,-7982495,-14869281,-472252,565561,-999797,缩量,低,情绪退潮,观望,资金撤退型,,D,回避：资金撤退,-0.6
603386,骏亚科技,17.4,67.5,0.71,34.9,-1.12,-16012841,-147968007,-52616509,-12111133,-8518231,17992119,放量,低,游资情绪,观望,资金观望型,,D,回避：资金观望,7.6
603285,键邦股份,37.0,-54.7,0.89,-33.3,2.82,14882174,19397524,192352156,8737579,7247880,-9035059,缩量,低,情绪退潮,进场,均衡流入型,资金+业绩共振(双击候选),B,关注：资金+业绩共振,72.9
603389,亚振家居,44.57,-52.7,0.99,-26.4,-5.44,-19257664,-27415585,-6194323,7948902,4930185,-6093835,缩量,低,情绪退潮,观望,资金观望型,,D,回避：资金观望,-1.8
603282,亚光股份,17.08,-3.4,0.18,4.5,-1.92,-2463299,-6927997,-10231351,-446911,504714,-283502,缩量,低,情绪退潮,吸筹,资金撤退型,机构吸筹+盈利(关注),C,谨慎：资金流入未验证业绩,23.4
603311,金海高科,25.62,18.4,0.93,-44.9,0.69,4565873,-20441476,95443230,21279894,20697327,-13105303,缩量,低,情绪退潮,吸筹,长线吸筹型,资金+业绩共振(双击候选),B,关注：资金+业绩共振,64.2
603392,万泰生物,27.34,37.5,0.44,-6.7,-1.02,-8901123,-17019331,-10890096,1858983,-1228774,8238388,缩量,低,情绪退潮,观望,资金观望型,,D,回避：资金观望,-0.3
603393,新天然气,24.48,-59.5,0.63,-44.7,-5.3,-29879074,-53363721,-52448002,-7842473,-3089796,-100098,缩量,低,情绪退潮,观望,资金观望型,,D,回避：资金观望,-1.8
603395,红四方,24.94,114.7,1.06,-47.6,-5.84,-48542761,76583831,183418110,3270683,2503474,-25078379,放量,低,游资情绪,观望,高位分歧型,,D,回避：资金观望,6.1
603288,海天味业,33.17,-44.1,0.92,-12.3,0.9,16842294,-40778660,19137998,28011811,17995364,-37355077,缩量,低,情绪退潮,进场,资金观望型,资金+业绩共振(双击候选),B,关注：资金+业绩共振,72.3
603399,永杉锂业,13.01,-77.6,0.49,-7.4,-7.46,-108080343,-94868369,-362767498,-16730248,-12115693,27228616,缩量,低,情绪退潮,观望,资金观望型,,D,回避：资金观望,-2.5
603400,华之杰,53.0,312.4,1.28,33.9,1.84,28355680,98002319,200090350,-58337147,-52973242,35148564,放量,低,游资情绪,观望,均衡流入型,,D,回避：资金观望,8.6
603402,陕西旅游,58.85,-33.9,0.79,-47.0,-6.34,-28961250,54206832,-49999969,-7218812,-2630520,4425587,缩量,低,情绪退潮,观望,资金观望型,,D,回避：资金观望,-2.1
603406,天富龙,27.36,-19.7,0.98,-39.0,-2.75,-4719573,-40938133,-35628689,-4291671,-2196949,5040883,缩量,低,情绪退潮,观望,资金观望型,,D,回避：资金观望,-0.9
603408,建霖家居,11.59,-19.8,1.02,-25.7,-2.58,-2119246,932103,-8697042,-171904,576345,1914642,缩量,低,情绪退潮,观望,资金观望型,,D,回避：资金观望,-0.9
603303,得邦照明,27.63,-20.2,0.93,42.1,2.84,11678438,36791526,118191623,11816373,10914786,-7445874,缩量,低,情绪退潮,吸筹,主力建仓型,资金+业绩共振(双击候选),B,关注：资金+业绩共振,64.9
603416,信捷电气,46.01,-68.0,0.47,-12.3,-3.69,-9173181,-1301495,889229,-1408493,1671601,1957777,缩量,低,情绪退潮,观望,资金观望型,,D,回避：资金观望,-1.2
603312,西典新能,32.9,-10.2,0.45,-4.0,4.48,6980709,8230332,19490696,499991,1179898,84209,缩量,低,情绪退潮,进场,均衡流入型,资金+业绩共振(双击候选),B,关注：资金+业绩共振,73.5
603421,鼎信通讯,6.18,47.8,0.54,-17.0,2.78,19791171,-19495958,108748777,-12457171,-2357250,10931825,缩量,低,情绪退潮,观望,资金观望型,,D,回避：资金观望,0.9
603439,三力制药,13.18,-14.7,2.48,57.0,-6.24,-52511893,-191214349,-92213720,-11728326,-235185,11044181,缩量,低,情绪退潮,观望,资金观望型,,D,回避：资金观望,-2.1
603444,吉比特,339.69,-70.3,0.96,-44.6,-7.81,-117342480,-178011142,-481952523,7931212,2312749,-8858514,缩量,低,情绪退潮,观望,资金撤退型,,D,回避：资金撤退,-2.6
603321,梅轮电梯,7.21,95.3,0.6,-18.8,-0.81,-2571598,-2277249,7216813,11352019,9390046,-5838608,放量,低,游资情绪,抢筹,资金观望型,机构吸筹+盈利(关注),C,谨慎：资金流入未验证业绩,47.7
603323,苏农银行,4.49,1.1,0.9,-33.4,7.25,44623014,32803284,36513916,-7697029,-5345600,14667562,缩量,中,主力惜售,进场,资金观望型,资金+业绩共振(双击候选),B,关注：资金+业绩共振,86.4
603459,红板科技,78.3,-61.1,1.2,-14.8,-12.27,-330377049,-477311092,-689557493,-91481285,-47666773,107222823,缩量,低,情绪退潮,观望,资金撤退型,,D,回避：资金撤退,-4.1
603466,风语筑,11.88,-51.9,3.03,-38.0,-3.92,-105517273,-187763291,254640562,-15445504,-2081025,13074895,缩量,低,情绪退潮,观望,长线吸筹型,,D,回避：资金观望,-1.3
603477,巨星农牧,14.38,-56.6,0.7,-24.9,-1.13,-8324948,6904009,-24092570,-5813201,650548,3578784,缩量,低,情绪退潮,观望,资金观望型,,D,回避：资金观望,-0.4
603345,安井食品,79.4,-36.7,0.5,1.3,-0.11,-1679543,54902855,-20267793,11285110,32355493,-10410414,缩量,低,情绪退潮,吸筹,资金观望型,机构吸筹+盈利(关注),C,谨慎：资金流入未验证业绩,24.0
603488,展鹏科技,7.7,-65.2,0.24,-44.2,-5.57,-10032261,-18846914,-39270367,-4723892,-2268057,4866741,缩量,低,情绪退潮,观望,资金撤退型,,D,回避：资金撤退,-1.9
603489,八方股份,28.48,-32.8,0.24,0.2,-4.32,-12098452,-13843009,-5952122,-1018186,501900,5415668,缩量,低,情绪退潮,观望,资金观望型,,D,回避：资金观望,-1.4
603496,恒为科技,21.97,-88.2,0.79,-14.8,-10.07,-45294902,-46726307,-123231983,2742817,-865695,1484665,缩量,低,情绪退潮,观望,资金撤退型,,D,回避：资金撤退,-3.4
603499,翔港科技,12.6,-57.4,0.37,-46.7,-9.84,-16161678,-34767066,-33526807,-6406744,-1759559,2544359,缩量,低,情绪退潮,观望,资金观望型,,D,回避：资金观望,-3.3
603326,我乐家居,7.68,-20.8,0.44,-13.0,1.33,1568062,-980092,-478507,578197,0,-2070194,缩量,低,情绪退潮,进场,资金观望型,资金+业绩共振(双击候选),B,关注：资金+业绩共振,72.4
603501,豪威集团,82.21,-63.6,0.83,-15.3,0.58,22391213,182625911,-369135896,-59806350,-36970090,14350193,缩量,低,情绪退潮,观望,趋势转多型,,D,回避：资金观望,0.2
603505,金石资源,13.98,-69.0,0.75,-6.2,-13.53,-65624029,-55791786,-150305864,-12036873,-12737710,9959618,缩量,低,情绪退潮,观望,资金观望型,,D,回避：资金观望,-4.5
603506,南都物业,12.25,97.6,0.65,6.0,0.85,2151996,1613610,-16419358,-524913,251325,-1642741,放量,低,游资情绪,观望,资金观望型,,D,回避：资金观望,8.3
603507,振江股份,27.71,59.4,0.28,323.6,-0.82,-18336718,122110461,53001431,-13601681,-9237233,19519673,放量,低,游资情绪,观望,资金观望型,,D,回避：资金观望,7.7
603508,思维列控,20.59,-76.0,0.41,-29.0,-6.02,-9199645,-16764213,-17206298,-134219,1800862,1069200,缩量,低,情绪退潮,观望,资金撤退型,,D,回避：资金撤退,-2.0
603511,爱慕股份,13.0,-12.2,0.74,18.3,-4.49,-5203871,-3556378,-10919528,-1046313,0,1384585,缩量,低,情绪退潮,观望,资金观望型,,D,回避：资金观望,-1.5
603356,华菱精工,16.51,-23.4,0.39,19.1,0.49,1511273,-5009892,-22168358,2001412,116374,539842,缩量,低,情绪退潮,进场,资金观望型,纯资金炒作(亏损风险),C,谨慎：纯资金炒作,12.2
603516,淳中科技,77.46,-62.1,0.34,-34.0,-3.62,-49200199,-102212217,-241413424,3489948,7251361,3115919,缩量,低,情绪退潮,观望,资金撤退型,,D,回避：资金撤退,-1.2
603518,锦泓集团,7.79,-29.4,0.53,-11.2,3.36,7026035,-21945100,-27316443,-6280684,-2908459,4583986,缩量,低,情绪退潮,观望,资金观望型,,D,回避：资金观望,1.1
603519,立霸股份,17.02,-35.8,2.2,48.8,-3.64,-34486848,-43219720,-82934742,9308526,2173867,-20853238,缩量,低,情绪退潮,观望,资金撤退型,,D,回避：资金撤退,-1.2
603520,司太立,8.75,1.8,0.22,13.8,-1.82,-5363738,-17832257,-43641813,7657797,2023851,-5574858,缩量,低,情绪退潮,观望,资金撤退型,,D,回避：资金撤退,-0.6
603527,众源新材,9.72,-43.0,0.25,-20.7,-1.77,-4937839,-14211848,-38746992,-2810355,-249489,-1190942,缩量,低,情绪退潮,观望,资金撤退型,,D,回避：资金撤退,-0.6
603528,多伦科技,6.33,-31.0,0.66,30.4,-9.08,-23489270,-17006570,2372519,-4143121,-972367,5276255,缩量,低,情绪退潮,观望,高位分歧型,,D,回避：资金观望,-3.0
603529,爱玛科技,22.23,86.6,0.65,13.5,-0.98,-6154051,-2602223,-23228714,-21171741,-3178641,20052707,放量,低,游资情绪,观望,资金观望型,,D,回避：资金观望,7.7
603530,神马电力,41.22,-40.5,0.46,-52.3,-1.55,-8060774,-2951585,101407130,2025490,2217294,-8773685,缩量,低,情绪退潮,观望,长线吸筹型,,D,回避：资金观望,-0.5
603325,博隆技术,53.46,-47.7,0.52,-6.6,2.27,1395681,-1623980,-1735071,717099,5081,-916140,缩量,低,情绪退潮,进场,资金观望型,资金+业绩共振(双击候选),B,关注：资金+业绩共振,72.8
603535,嘉诚国际,6.12,-61.0,0.55,-21.2,-4.3,-3308687,-3029173,-4384542,-746841,-397795,986262,缩量,低,情绪退潮,观望,资金观望型,,D,回避：资金观望,-1.4
603357,设计总院,6.01,-36.7,0.3,-25.4,10.6,7182950,2348001,1261157,844137,594990,-195199,缩量,高,主力控盘,控盘,资金观望型,控盘+盈利(稳健),B,关注：控盘稳健+盈利,71.5
603358,华达科技,44.4,-46.7,1.04,-36.8,-0.21,-2764597,16120747,134573359,23217563,15534306,-11613072,缩量,低,情绪退潮,吸筹,长线吸筹型,机构吸筹+盈利(关注),C,谨慎：资金流入未验证业绩,23.9
603551,奥普科技,9.4,-43.4,0.48,-21.9,-11.04,-8607852,-6513594,-8314282,-471492,0,1489479,缩量,低,情绪退潮,观望,资金观望型,,D,回避：资金观望,-3.7
603556,海兴电力,22.45,-87.1,1.42,-44.7,-10.93,-28941832,-38482671,-78241932,-4768440,-1537687,3366113,缩量,低,情绪退潮,观望,资金撤退型,,D,回避：资金撤退,-3.6
603558,健盛集团,12.88,-29.4,0.63,127.8,-8.3,-26548901,-5709677,-17136962,2833108,-135922,-2551360,缩量,低,情绪退潮,观望,资金观望型,,D,回避：资金观望,-2.8
603559,中通国脉,8.57,-58.2,1.85,-61.6,-1.29,-4623117,9312903,-119375247,-5785480,-2279079,8166243,缩量,低,情绪退潮,观望,资金观望型,,D,回避：资金观望,-0.4
603565,中谷物流,11.59,5.9,0.84,-38.5,-0.98,-6355713,-22373906,-20372100,1082184,-2826382,4007537,缩量,低,情绪退潮,观望,资金观望型,,D,回避：资金观望,-0.3
603566,普莱柯,10.24,-41.4,0.63,-30.7,-1.95,-1668610,-7490889,-4493421,-2398285,979757,3288381,缩量,低,情绪退潮,观望,资金观望型,,D,回避：资金观望,-0.7
603567,珍宝岛,5.26,-83.6,3.31,-7.0,0.38,1739910,-6972331,-47964386,-3208810,-2103455,6625903,缩量,低,情绪退潮,观望,资金观望型,,D,回避：资金观望,0.1
603363,傲农生物,2.81,-52.9,0.63,-67.0,-6.04,-18644740,-27872704,51858778,5285769,4491643,-2576306,缩量,低,情绪退潮,吸筹,长线吸筹型,机构吸筹+盈利(关注),C,谨慎：资金流入未验证业绩,22.0
603569,长久物流,5.86,-57.9,0.74,-26.0,-2.03,-1442128,-2533325,3570889,118134,0,19698,缩量,低,情绪退潮,观望,长线吸筹型,,D,回避：资金观望,-0.7
603577,汇金通,9.7,-60.1,0.87,-19.7,-2.2,-2829590,-6760148,-23498715,757843,-1187797,-741926,缩量,低,情绪退潮,观望,资金撤退型,,D,回避：资金撤退,-0.7
603578,三星新材,14.35,-3.4,0.84,4.8,-9.6,-27314458,-18529578,-12133239,-3895885,-899857,1700561,缩量,低,情绪退潮,观望,资金观望型,,D,回避：资金观望,-3.2
603579,荣泰健康,17.8,-30.1,0.26,42.7,-1.03,-2800073,-5571365,4203602,246130,-711137,1909167,缩量,低,情绪退潮,观望,资金观望型,,D,回避：资金观望,-0.3
603580,艾艾精工,72.95,-23.1,13.02,9.5,1.53,64360049,295913066,220472896,-16827346,-31849503,27982862,缩量,低,情绪退潮,观望,趋势转多型,,D,回避：资金观望,0.5
603583,捷昌驱动,27.65,-32.3,0.44,-19.2,-1.63,-9769670,29320962,80850639,-6699043,-4365151,4915326,缩量,低,情绪退潮,观望,高位分歧型,,D,回避：资金观望,-0.5
603585,苏利股份,10.53,-33.0,0.32,-49.7,-3.55,-4898405,-16259771,-16778140,-1102669,-1356637,2625109,缩量,低,情绪退潮,观望,资金撤退型,,D,回避：资金撤退,-1.2
603586,金麒麟,13.85,-25.8,0.28,-11.0,-4.0,-5432440,-6385248,-13439986,-732958,0,1685829,缩量,低,情绪退潮,观望,资金撤退型,,D,回避：资金撤退,-1.3
603587,地素时尚,12.43,47.6,0.58,-42.6,0.34,649639,1449480,-23732408,-570376,679500,3227312,缩量,低,情绪退潮,观望,趋势转多型,,D,回避：资金观望,0.1
603387,基蛋生物,10.01,-14.5,0.56,96.9,-7.79,-36496264,-39543895,-61842507,5441442,5532490,-3800332,缩量,低,情绪退潮,吸筹,资金撤退型,机构吸筹+盈利(关注),C,谨慎：资金流入未验证业绩,21.4
603390,通达电气,11.08,162.2,0.18,-22.6,2.11,17711773,25903694,113355576,3075974,2266909,-3766131,放量,低,游资情绪,进场,均衡流入型,资金+业绩共振(双击候选),B,关注：资金+业绩共振,80.7
603396,金辰股份,33.5,1316.5,0.44,191.5,7.46,236891984,265241403,184534918,-65850113,-67622819,42979638,放量,中,主力偏强放量,进场,趋势转多型,资金+业绩共振(双击候选),B,关注：资金+业绩共振,90.5
603391,力聚热能,69.56,91.7,1.04,-3.5,5.5,47674666,29237358,61169713,17698526,81443,-20991502,放量,中,主力偏强放量,进场,资金观望型,资金+业绩共振(双击候选),B,关注：资金+业绩共振,89.8
603418,友升股份,48.48,268.7,0.12,114.1,2.75,29343559,20610791,49841340,12209409,1292429,-18174897,放量,低,游资情绪,进场,资金观望型,资金+业绩共振(双击候选),B,关注：资金+业绩共振,80.9
603599,广信股份,10.3,-52.2,0.28,-67.5,-8.23,-27753304,-28860245,88287787,-5625847,-3661324,8754356,缩量,低,情绪退潮,观望,长线吸筹型,,D,回避：资金观望,-2.7
603600,永艺股份,10.08,14.8,0.49,-42.3,-2.19,-4021413,-10982004,5943596,2711025,1766228,7544105,缩量,低,情绪退潮,观望,长线吸筹型,,D,回避：资金观望,-0.7
603601,再升科技,9.5,-8.1,0.18,11.3,-0.71,-44843794,-148270457,704826270,-89639682,-52322675,135890529,缩量,低,情绪退潮,观望,长线吸筹型,,D,回避：资金观望,-0.2
603458,勘设股份,10.42,-23.0,0.7,-37.6,3.92,18168956,-1192524,133493371,10344339,5739665,-17227324,缩量,低,情绪退潮,进场,资金观望型,纯资金炒作(亏损风险),C,谨慎：纯资金炒作,13.3
603409,汇通控股,17.85,22.3,0.3,5.8,0.83,1340741,2004903,-1289623,6200734,3353526,-6094212,缩量,低,情绪退潮,进场,趋势转多型,资金+业绩共振(双击候选),B,关注：资金+业绩共振,72.3
603606,东方电缆,36.53,5.9,0.74,-15.6,-2.26,-50743574,-141718006,-55123614,-825170,20497801,31453323,缩量,低,情绪退潮,观望,资金观望型,,D,回避：资金观望,-0.8
603456,九洲药业,16.75,-17.8,2.01,64.1,-0.07,-1354924,-3023111,-26315116,-2278050,4376399,-1326533,缩量,低,情绪退潮,吸筹,资金撤退型,机构吸筹+盈利(关注),C,谨慎：资金流入未验证业绩,24.0
603608,天创时尚,19.22,-75.2,1.51,-25.1,-9.09,-86414929,-94337284,113615494,-5105980,-7745091,-744680,缩量,低,情绪退潮,观望,长线吸筹型,,D,回避：资金观望,-3.0
603609,禾丰股份,6.34,-30.0,0.76,-45.9,-1.96,-2079132,1918005,-37345035,544686,-673308,-261551,缩量,低,情绪退潮,观望,资金观望型,,D,回避：资金观望,-0.7
603610,麒盛科技,13.07,-24.3,0.96,17.4,-5.91,-22651657,-25826611,-61771159,-897291,295279,-7779907,缩量,低,情绪退潮,观望,资金撤退型,,D,回避：资金撤退,-2.0
603611,诺力股份,15.47,-60.0,0.37,-6.0,0.19,173364,-15119567,-28349869,-2912824,-3160324,2362190,缩量,低,情绪退潮,观望,资金观望型,,D,回避：资金观望,0.1
603612,索通发展,16.08,-45.5,0.5,-32.8,-0.48,-3409347,-40105092,-45539671,10091452,6481393,-12559038,缩量,低,情绪退潮,观望,资金撤退型,,D,回避：资金撤退,-0.2
603613,国联股份,18.78,-18.9,0.43,-8.7,-10.96,-111985893,-85739586,45849488,-1007114,-516492,6684610,缩量,低,情绪退潮,观望,高位分歧型,,D,回避：资金观望,-3.7
603615,茶花股份,18.46,-43.6,0.55,51.5,-3.54,-10503419,-1060923,10510718,-1038265,-632794,-569265,缩量,低,情绪退潮,观望,资金观望型,,D,回避：资金观望,-1.2
603486,科沃斯,49.89,-54.6,0.51,-25.9,0.11,854207,5101697,-26808118,683428,-1656286,317758,缩量,低,情绪退潮,进场,趋势转多型,资金+业绩共振(双击候选),B,关注：资金+业绩共振,72.0
603617,君禾股份,6.74,-55.4,1.21,-7.1,-4.1,-6472380,-13711313,-13889205,1395558,1096898,-1754495,缩量,低,情绪退潮,观望,资金撤退型,,D,回避：资金撤退,-1.4
603618,杭电股份,32.75,-45.4,0.88,-47.0,-12.39,-969058796,-1150460097,-814029278,-130887855,-88440619,204075558,缩量,低,情绪退潮,观望,资金观望型,,D,回避：资金观望,-4.1
603619,中曼石油,20.73,-75.7,1.17,-56.2,-3.94,-53404934,-172262429,-74341918,-11462179,-10285454,15934786,缩量,低,情绪退潮,观望,资金观望型,,D,回避：资金观望,-1.3
603533,掌阅科技,23.88,96.7,0.74,-45.9,3.71,111841334,109529792,416248648,21531726,5975655,-30507648,放量,低,游资情绪,进场,资金观望型,纯资金炒作(亏损风险),C,谨慎：纯资金炒作,21.2
603628,清源股份,10.2,22.0,0.34,-45.4,-4.65,-11573698,-15438464,46548739,-1002089,-1762777,2738211,缩量,低,情绪退潮,观望,长线吸筹型,,D,回避：资金观望,-1.6
603629,利通电子,95.96,-75.4,0.76,-1.0,-8.73,-742551588,-982867222,-1992991945,-134435065,-64095045,135513669,缩量,低,情绪退潮,观望,资金撤退型,,D,回避：资金撤退,-2.9
603500,祥和实业,10.05,187.2,1.15,244.2,7.89,79722585,98740746,74582566,-30974371,-33822353,18083987,放量,中,主力偏强放量,进场,短线抢筹型,资金+业绩共振(双击候选),B,关注：资金+业绩共振,90.6
603633,徕木股份,6.22,-27.7,0.54,20.9,-3.21,-7928621,-8404518,-24478863,-1008606,-1375065,-2515880,缩量,低,情绪退潮,观望,资金撤退型,,D,回避：资金撤退,-1.1
603636,南威软件,7.67,265.4,0.4,463.0,3.65,107063893,192944776,165886433,-57867319,-37010217,75153393,放量,低,游资情绪,观望,趋势转多型,,D,回避：资金观望,9.2
603515,XD欧普照,14.87,9.2,0.35,-9.0,0.3,257764,-4484812,-6221526,2108944,1318747,-2006589,缩量,低,情绪退潮,进场,资金观望型,资金+业绩共振(双击候选),B,关注：资金+业绩共振,72.1
603536,惠发食品,10.19,-1.5,0.97,-53.2,2.17,4902137,13594296,19035672,1870393,1858212,-4785034,缩量,低,情绪退潮,进场,主力建仓型,纯资金炒作(亏损风险),C,谨慎：纯资金炒作,12.7
603639,海利尔,10.49,-22.2,0.33,-58.1,-1.03,-486761,-1900448,-2437669,1732249,1076575,-1363471,缩量,低,情绪退潮,观望,资金撤退型,,D,回避：资金撤退,-0.3
603648,畅联股份,9.52,-47.8,0.79,8.3,-6.79,-6485501,-4925811,-3699167,-155735,599112,326727,缩量,低,情绪退潮,观望,资金观望型,,D,回避：资金观望,-2.3
603650,彤程新材,62.3,-43.0,1.75,25.4,-6.72,-319866918,-207452699,390136615,-62186785,-29914945,40173220,缩量,低,情绪退潮,观望,高位分歧型,,D,回避：资金观望,-2.2
603538,美诺华,28.59,-39.6,0.55,8.7,-0.93,-47971320,-56499037,60141304,470973387,495609225,-247914029,缩量,低,情绪退潮,吸筹,资金观望型,机构吸筹+盈利(关注),C,谨慎：资金流入未验证业绩,23.7
603656,泰禾智能,17.19,-22.1,0.62,31.3,-1.38,-1780437,-8422632,-3635394,-299007,173742,-1793470,缩量,低,情绪退潮,观望,资金观望型,,D,回避：资金观望,-0.5
603588,高能环境,16.54,-15.2,1.07,15.3,4.34,197824868,304253389,233208376,23919531,30446272,-15972411,缩量,低,情绪退潮,吸筹,趋势转多型,资金+业绩共振(双击候选),B,关注：资金+业绩共振,65.4
603658,安图生物,34.08,1.6,1.27,125.8,-6.43,-55960493,-42927782,-42008772,-17116460,-14167062,18650744,缩量,低,情绪退潮,观望,资金观望型,,D,回避：资金观望,-2.1
603659,璞泰来,21.45,-54.3,0.28,-16.5,-2.35,-37796729,-158590261,-356838132,-13818566,-8656356,22222831,缩量,低,情绪退潮,观望,资金撤退型,,D,回避：资金撤退,-0.8
603660,苏州科达,9.1,-64.3,0.38,-4.0,-4.67,-26100914,-1156721,-160609390,3216218,-460615,943939,缩量,低,情绪退潮,观望,资金观望型,,D,回避：资金观望,-1.6
603661,恒林股份,33.11,-46.5,1.7,-6.5,2.35,12881723,-15699842,-1540149,-1121653,-645372,2191866,缩量,低,情绪退潮,观望,资金观望型,,D,回避：资金观望,0.8
603662,柯力传感,47.89,-73.8,1.14,0.4,-3.26,-21645434,-33814997,-116317528,324136,265316,982278,缩量,低,情绪退潮,观望,资金撤退型,,D,回避：资金撤退,-1.1
603663,三祥新材,43.24,-42.7,2.66,9.5,-1.62,-83008376,301891639,474606278,-10940726,-4543916,5701244,缩量,低,情绪退潮,观望,资金观望型,,D,回避：资金观望,-0.5
603568,伟明环保,13.42,-68.1,1.09,-29.7,2.66,9230143,17430207,22220401,2073654,260128,5243615,缩量,低,情绪退潮,进场,主力建仓型,资金+业绩共振(双击候选),B,关注：资金+业绩共振,72.9
603589,口子窖,17.78,-13.8,1.47,-18.1,-3.6,-19935642,-9291276,-25581402,5188751,4453255,-206568,缩量,低,情绪退潮,吸筹,资金观望型,机构吸筹+盈利(关注),C,谨慎：资金流入未验证业绩,22.8
603667,五洲新春,49.43,-35.0,0.42,5.7,4.1,152279837,203349468,138932718,-18786268,-5738192,35040812,缩量,低,情绪退潮,观望,趋势转多型,,D,回避：资金观望,1.4
603668,天马科技,11.85,-39.6,0.73,-57.7,-6.3,-19887498,-16860615,-26960023,-3570907,-3952874,1651172,缩量,低,情绪退潮,观望,资金观望型,,D,回避：资金观望,-2.1
603598,引力传媒,18.78,75.0,0.37,27.2,6.97,228647946,223143906,243891583,-44260876,-27042673,61204521,放量,中,主力偏强放量,进场,资金观望型,资金+业绩共振(双击候选),B,关注：资金+业绩共振,90.3
603676,卫信康,9.09,-46.0,1.22,-6.0,-1.62,-912110,3458915,2357308,876273,0,-165754,缩量,低,情绪退潮,观望,资金观望型,,D,回避：资金观望,-0.5
603677,奇精机械,14.35,-61.8,1.32,5.1,-2.1,-2210116,-4616408,-9225234,0,0,778789,缩量,低,情绪退潮,观望,资金撤退型,,D,回避：资金撤退,-0.7
603678,火炬电子,42.72,-74.9,4.12,-3.6,-6.58,-235254558,-415009769,-61013556,-41334056,-35969894,32969965,缩量,低,情绪退潮,观望,长线吸筹型,,D,回避：资金观望,-2.2
603679,华体科技,23.23,-23.5,1.92,9.7,-9.18,-136442220,-117856791,-10815093,11055568,4919363,-20372442,缩量,低,情绪退潮,观望,长线吸筹型,,D,回避：资金观望,-3.1
603680,今创集团,10.02,-62.4,0.48,49.5,-6.28,-12384404,-28732669,-39201146,-1736056,-608586,-193956,缩量,低,情绪退潮,观望,资金撤退型,,D,回避：资金撤退,-2.1
603590,康辰药业,32.11,39.1,1.16,40.0,-1.73,-6407891,-6805895,-22874734,47671952,50630956,-30414580,缩量,低,情绪退潮,吸筹,资金撤退型,机构吸筹+盈利(关注),C,谨慎：资金流入未验证业绩,23.4
603682,锦和商管,9.43,-70.0,1.39,-7.0,-1.62,-6954253,-49201260,-135767783,1899159,2537469,-4481147,缩量,低,情绪退潮,观望,资金撤退型,,D,回避：资金撤退,-0.5
603683,晶华新材,15.03,-60.3,1.07,-29.9,-4.45,-43008559,-92096264,-73090493,-3298621,-1993832,1518760,缩量,低,情绪退潮,观望,资金观望型,,D,回避：资金观望,-1.5
603685,晨丰科技,24.82,-60.8,0.47,-53.7,-10.55,-19809356,-31174678,11055887,-3129538,-2505378,392626,缩量,低,情绪退潮,观望,长线吸筹型,,D,回避：资金观望,-3.5
603686,福龙马,14.29,193.7,0.37,94.8,-5.34,-139770730,91882499,120427812,-12412130,-14329137,-3744806,放量,低,游资情绪,观望,资金观望型,,D,回避：资金观望,6.2
603687,大胜达,13.99,-42.0,0.32,-36.0,-6.78,-58799685,-159799955,-268705230,-11383888,-4515683,-2169024,缩量,低,情绪退潮,观望,资金撤退型,,D,回避：资金撤退,-2.3
603688,石英股份,43.54,-65.4,0.42,-3.0,-7.68,-185989687,-37615781,-58499698,-24242293,-13991479,15211968,缩量,低,情绪退潮,观望,资金观望型,,D,回避：资金观望,-2.6
603596,伯特利,28.14,-40.1,0.78,-42.7,0.99,14211736,17002043,-186513475,6854481,6970202,-18220009,缩量,低,情绪退潮,进场,趋势转多型,资金+业绩共振(双击候选),B,关注：资金+业绩共振,72.3
603690,至纯科技,22.22,-75.7,2.87,5.2,-0.39,-7413187,17744627,41890583,-17716683,-4526960,23482833,缩量,低,情绪退潮,观望,资金观望型,,D,回避：资金观望,-0.1
603693,江苏新能,12.25,67.4,0.41,28.1,4.31,46522009,30270632,125164202,-3676650,-1515234,4793421,放量,低,游资情绪,观望,资金观望型,,D,回避：资金观望,9.4
603696,安记食品,13.06,-57.6,2.4,-49.6,-0.15,-1423266,-16099175,60278859,-10110042,-4704518,14319988,缩量,低,情绪退潮,观望,长线吸筹型,,D,回避：资金观望,-0.0
603605,珀莱雅,54.7,-34.4,1.47,5.9,-2.61,-34271654,-27403261,-88364265,6362250,7668146,-4822840,缩量,低,情绪退潮,吸筹,资金观望型,机构吸筹+盈利(关注),C,谨慎：资金流入未验证业绩,23.1
603698,航天工程,19.84,-79.9,0.31,-1.2,-0.53,-4162648,-50857612,-68659431,-9179915,-3379234,12340074,缩量,低,情绪退潮,观望,资金撤退型,,D,回避：资金撤退,-0.2
603699,纽威股份,43.21,-67.0,0.55,-6.2,-0.09,-667831,18733195,-29929122,-1650297,-375582,3609034,缩量,低,情绪退潮,观望,资金观望型,,D,回避：资金观望,-0.0
603700,宁水集团,11.81,-7.9,1.08,-1.3,-7.9,-27229752,-40147427,-51532210,981839,331349,-5577619,缩量,低,情绪退潮,观望,资金撤退型,,D,回避：资金撤退,-2.6
603701,德宏股份,18.21,-63.6,0.52,-51.8,-10.72,-23256522,-27807430,-5460649,-2603545,-1302888,679453,缩量,低,情绪退潮,观望,长线吸筹型,,D,回避：资金观望,-3.6
603703,盛洋科技,9.76,-33.0,0.58,27.5,-3.72,-18031524,-27414155,-121007914,2489342,1126458,-1450805,缩量,低,情绪退潮,观望,资金撤退型,,D,回避：资金撤退,-1.2
603706,东方环宇,17.19,-42.3,0.59,-39.1,-3.63,-2478407,-7440954,-11265155,1055232,1097195,-2446714,缩量,低,情绪退潮,观望,资金撤退型,,D,回避：资金撤退,-1.2
603707,健友股份,8.19,40.8,0.87,31.0,-4.44,-19263451,-10574118,55024710,5769824,9005500,11716397,缩量,低,情绪退潮,观望,高位分歧型,,D,回避：资金观望,-1.5
603708,家家悦,8.99,-26.6,0.78,-58.7,-1.26,-1657222,1181408,-7551609,-701021,674206,-1349899,缩量,低,情绪退潮,观望,资金观望型,,D,回避：资金观望,-0.4
603607,京华激光,23.15,-23.8,1.25,71.6,5.41,23569737,35929964,20154101,-540852,1133461,-2529996,缩量,中,主力惜售,进场,短线抢筹型,资金+业绩共振(双击候选),B,关注：资金+业绩共振,85.8
603711,香飘飘,11.64,-69.1,0.4,-28.6,-2.91,-4476904,-1609511,-24463710,665111,-138495,-1892964,缩量,低,情绪退潮,观望,资金观望型,,D,回避：资金观望,-1.0
603712,七一二,11.41,-36.9,0.67,-16.5,-0.3,-1400253,-2191768,19336978,4530090,4449927,-11960220,缩量,低,情绪退潮,观望,资金观望型,,D,回避：资金观望,-0.1
603637,镇海股份,13.87,-24.8,0.37,-12.0,-7.52,-28288829,16133560,-53429054,10523739,8707874,-8126706,缩量,低,情绪退潮,吸筹,资金观望型,机构吸筹+盈利(关注),C,谨慎：资金流入未验证业绩,21.5
603716,塞力医疗,16.62,-55.8,2.13,40.8,2.09,26008900,3051114,21962412,-397764,-768368,1387248,缩量,低,情绪退潮,观望,资金观望型,,D,回避：资金观望,0.7
603717,天域生物,6.02,-26.5,0.54,-30.2,-0.95,-2044544,-7519339,-21328969,1066707,-516460,-2032146,缩量,低,情绪退潮,观望,资金撤退型,,D,回避：资金撤退,-0.3
603602,纵横通信,12.37,429.2,0.67,126.9,8.4,39441213,37305913,32651108,-11640792,-4091910,13914451,放量,中,主力偏强放量,进场,资金观望型,纯资金炒作(亏损风险),C,谨慎：纯资金炒作,30.8
603721,中广天择,18.45,9.3,1.13,-62.5,2.97,14130422,15634438,-93036239,-908542,1449858,11195617,缩量,低,情绪退潮,观望,趋势转多型,,D,回避：资金观望,1.0
603722,阿科力,28.08,-75.4,1.56,-8.7,-1.04,-1252630,2127806,1353833,-1134206,116456,-1715513,缩量,低,情绪退潮,观望,资金观望型,,D,回避：资金观望,-0.3
603725,天安新材,11.77,-51.8,3.7,73.1,0.11,864167,71130884,55520587,-4702020,-6435826,5017942,缩量,低,情绪退潮,观望,趋势转多型,,D,回避：资金观望,0.0
603726,朗迪集团,23.36,-71.7,0.83,1.2,-2.16,-7509990,-5916778,-4741066,-1779523,-221,-206404,缩量,低,情绪退潮,观望,资金观望型,,D,回避：资金观望,-0.7
603638,艾迪精密,19.82,3.9,0.94,35.7,3.74,52126887,65626137,67268998,15354248,15224397,-10982951,缩量,低,情绪退潮,吸筹,均衡流入型,资金+业绩共振(双击候选),B,关注：资金+业绩共振,65.2
603728,鸣志电器,51.5,-43.2,0.69,-10.8,0.32,4974079,18150936,101542108,-15922406,-12091606,23963205,缩量,低,情绪退潮,观望,均衡流入型,,D,回避：资金观望,0.1
603616,韩建河山,5.65,-7.9,0.55,-43.8,3.19,8718436,2244414,5126245,3356367,2978031,-11407205,缩量,低,情绪退潮,进场,资金观望型,纯资金炒作(亏损风险),C,谨慎：纯资金炒作,13.1
603733,仙鹤股份,17.74,-63.8,3.23,-34.6,0.06,329123,-16023292,284534,-5850825,-7001982,2714962,缩量,低,情绪退潮,观望,资金观望型,,D,回避：资金观望,0.0
603626,科森科技,24.22,211.0,0.34,39.5,4.85,296976111,746483802,1126302884,77429922,50361552,-97194400,放量,低,游资情绪,进场,主力建仓型,纯资金炒作(亏损风险),C,谨慎：纯资金炒作,21.6
603738,泰晶科技,32.73,-61.0,1.06,7.5,-3.65,-146993540,3540346,-294061339,-92745725,-48918131,122970594,缩量,低,情绪退潮,观望,资金观望型,,D,回避：资金观望,-1.2
603630,拉芳家化,15.35,73.5,2.4,17.4,5.74,41327381,45757221,19692096,-5397960,-4187394,-5262437,放量,中,主力偏强放量,进场,趋势转多型,纯资金炒作(亏损风险),C,谨慎：纯资金炒作,29.9
603755,日辰股份,25.85,111.4,0.42,5.2,-0.91,-2962366,-8924649,-11020349,1175424,-549809,-1709335,放量,低,游资情绪,观望,资金撤退型,,D,回避：资金撤退,7.7
603655,朗博科技,30.89,-56.8,0.31,37.4,3.91,10001112,16728090,13413104,1270228,597460,59287,缩量,低,情绪退潮,进场,趋势转多型,资金+业绩共振(双击候选),B,关注：资金+业绩共振,73.3
603758,秦安股份,10.74,-26.5,0.83,-26.6,-5.01,-14927916,-12371956,-67977051,-3832548,-5372719,2005647,缩量,低,情绪退潮,观望,资金观望型,,D,回避：资金观望,-1.7
603657,春光科技,39.5,252.0,0.49,69.3,-2.12,-23412321,-32791139,15345334,41969693,27340857,-48680381,放量,低,游资情绪,抢筹,资金观望型,纯资金炒作(亏损风险),C,谨慎：纯资金炒作,27.3
603666,亿嘉和,26.77,-60.3,0.79,-8.2,3.18,13535780,13814858,-11837256,2945116,3029507,-6419325,缩量,低,情绪退潮,进场,趋势转多型,纯资金炒作(亏损风险),C,谨慎：纯资金炒作,13.1
603665,康隆达,23.35,123.7,0.48,6.7,7.65,44997850,38572325,53503672,7834283,5475712,-16878109,放量,中,主力偏强放量,进场,资金观望型,资金+业绩共振(双击候选),B,关注：资金+业绩共振,90.5
603681,永冠新材,18.31,-30.1,0.7,53.1,0.03,227006,12167061,12745256,210135,-3251851,-5782648,缩量,低,情绪退潮,进场,均衡流入型,资金+业绩共振(双击候选),B,关注：资金+业绩共振,72.0
603773,沃格光电,89.67,32.7,0.84,123.0,1.63,310789947,772894822,1006675588,-10766749,-2240248,16507958,缩量,低,情绪退潮,观望,均衡流入型,,D,回避：资金观望,0.5
603669,灵康药业,6.33,-8.9,3.85,129.1,2.42,21889991,90375003,110064520,20248834,11400257,-28592885,缩量,低,情绪退潮,进场,主力建仓型,纯资金炒作(亏损风险),C,谨慎：纯资金炒作,12.8
603777,来伊份,13.5,-25.7,0.31,-14.5,-4.23,-22742914,-33375037,-50342691,-3016689,-3313450,644124,缩量,低,情绪退潮,观望,资金撤退型,,D,回避：资金撤退,-1.4
603778,国晟科技,8.02,-42.2,0.29,-29.6,0.38,8472793,-38461961,151709891,-2701610,-2996442,1491432,缩量,低,情绪退潮,观望,长线吸筹型,,D,回避：资金观望,0.1
603779,威龙股份,8.07,-72.6,1.78,-54.3,-4.69,-17731519,-51905013,-85690156,636717,-723441,-3890954,缩量,低,情绪退潮,观望,资金撤退型,,D,回避：资金撤退,-1.6
603786,科博达,36.75,-36.6,0.42,-25.4,-0.5,-1259941,-7725578,-23927413,-4996830,-2583456,2294111,缩量,低,情绪退潮,观望,资金撤退型,,D,回避：资金撤退,-0.2
603787,新日股份,10.46,-46.1,0.64,-0.7,-2.95,-3319569,-5982609,-13679464,-153848,-568622,-1475353,缩量,低,情绪退潮,观望,资金撤退型,,D,回避：资金撤退,-1.0
603788,宁波高发,13.64,-41.7,0.26,1.8,-0.98,-630934,2910413,-1136280,1777719,1441600,-1759316,缩量,低,情绪退潮,观望,资金观望型,,D,回避：资金观望,-0.3
603689,皖天然气,7.72,-7.5,0.63,-43.1,-1.43,-1392382,3130473,-20897564,4122994,2072679,-1910305,缩量,低,情绪退潮,吸筹,资金观望型,机构吸筹+盈利(关注),C,谨慎：资金流入未验证业绩,23.5
603797,联泰环保,4.82,163.6,1.66,75.3,1.97,11389397,15709833,10475756,-11782477,-18345292,310488,放量,低,游资情绪,观望,趋势转多型,,D,回避：资金观望,8.7
603697,有友食品,9.6,-25.8,0.98,-5.6,2.38,6604889,5084971,-7144914,1198045,1572530,7092555,缩量,低,情绪退潮,进场,资金观望型,资金+业绩共振(双击候选),B,关注：资金+业绩共振,72.8
603713,密尔克卫,67.86,-48.1,3.4,-9.9,5.55,37493663,66262548,97175289,-14413573,-23838876,4662741,缩量,中,主力惜售,进场,主力强攻型,资金+业绩共振(双击候选),B,关注：资金+业绩共振,85.8
603800,洪田股份,52.99,-77.3,1.21,-15.9,-6.56,-67033631,-106809253,-210249733,-2545082,-3722635,5309885,缩量,低,情绪退潮,观望,资金撤退型,,D,回避：资金撤退,-2.2
603801,志邦家居,6.29,27.9,1.04,-53.2,-0.8,-1901121,-3986890,-37591508,-1348397,-683494,4143943,缩量,低,情绪退潮,观望,资金撤退型,,D,回避：资金撤退,-0.3
603803,瑞斯康达,11.06,-1.3,0.29,63.8,4.12,96881462,120664359,115204461,-24424264,-9241127,52089092,缩量,低,情绪退潮,观望,趋势转多型,,D,回避：资金观望,1.4
603806,福斯特,13.86,-67.4,0.46,-7.8,-5.9,-61791017,-98034855,-159435704,-6664703,-7470399,-218966,缩量,低,情绪退潮,观望,资金撤退型,,D,回避：资金撤退,-2.0
603727,博迈科,18.71,153.0,1.17,67.3,-0.08,-423186,10104433,9944303,21760923,22313308,-27763576,放量,低,游资情绪,抢筹,资金观望型,机构吸筹+盈利(关注),C,谨慎：资金流入未验证业绩,48.0
603809,豪能股份,8.47,-60.8,0.59,-12.1,-2.0,-4243628,747151,-13431212,1683026,1559484,-3755004,缩量,低,情绪退潮,观望,资金观望型,,D,回避：资金观望,-0.7
603810,丰山集团,12.23,-12.9,0.53,-17.5,1.67,1543069,283066,-2013653,-130966,0,305884,缩量,低,情绪退潮,观望,资金观望型,,D,回避：资金观望,0.6
603811,诚意药业,6.99,-48.1,0.45,-15.4,-3.67,-4428098,-16961557,-25185104,-2910512,-1309654,2117191,缩量,低,情绪退潮,观望,资金撤退型,,D,回避：资金撤退,-1.2
603813,原尚股份,25.92,-55.0,0.55,11.6,-3.06,-3081591,-3937282,-7692125,-261308,0,890274,缩量,低,情绪退潮,观望,资金撤退型,,D,回避：资金撤退,-1.0
603719,良品铺子,9.21,-63.5,1.03,-35.8,2.25,2794585,528610,-3718435,537746,-595612,1054325,缩量,低,情绪退潮,进场,资金观望型,纯资金炒作(亏损风险),C,谨慎：纯资金炒作,12.8
603709,中源家居,12.68,23.5,0.35,11.3,1.68,4065371,7146008,-6271524,224861,752064,-184205,缩量,低,情绪退潮,吸筹,趋势转多型,纯资金炒作(亏损风险),C,谨慎：纯资金炒作,4.6
603817,海峡环保,5.7,66.6,0.43,62.4,3.78,22593480,16293113,18217184,-9395538,-4937732,6635062,放量,低,游资情绪,观望,资金观望型,,D,回避：资金观望,9.3
603730,岱美股份,9.85,16.4,0.66,3.0,1.39,13535295,-22053650,-17323700,10017281,6314851,8677129,缩量,低,情绪退潮,进场,资金观望型,资金+业绩共振(双击候选),B,关注：资金+业绩共振,72.5
603737,三棵树,22.65,78.8,1.07,29.2,-0.86,-10517277,-28602227,-36280887,13287871,6499131,-21133208,放量,低,游资情绪,抢筹,资金撤退型,机构吸筹+盈利(关注),C,谨慎：资金流入未验证业绩,47.7
603823,百合花,42.41,-29.4,9.31,11.5,-12.97,-835507870,-863927408,-1393282721,-10701947,16068637,116109313,缩量,低,情绪退潮,观望,资金撤退型,,D,回避：资金撤退,-4.3
603826,坤彩科技,15.37,-8.9,0.46,18.8,1.69,28695768,2445240,98582412,-12710435,-9251022,21758274,缩量,低,情绪退潮,观望,长线吸筹型,,D,回避：资金观望,0.6
603739,蔚蓝生物,14.04,173.8,0.79,-2.9,0.07,208892,-881937,-903297,38057976,36627502,-23838268,放量,低,游资情绪,抢筹,资金观望型,资金+业绩共振(双击候选),B,关注：资金+业绩共振,88.0
603757,大元泵业,70.77,-47.0,1.47,-33.6,1.96,56042701,137419883,220599536,11161894,4715882,-6141983,缩量,低,情绪退潮,进场,均衡流入型,资金+业绩共振(双击候选),B,关注：资金+业绩共振,72.7
603836,海程邦达,9.55,-52.5,0.81,2.9,-1.85,-1975013,-9352243,-17751440,-794866,-1394266,-2190845,缩量,低,情绪退潮,观望,资金撤退型,,D,回避：资金撤退,-0.6
603839,安正时尚,6.82,-37.5,0.82,-38.4,-0.39,-497194,1690869,-8129053,-60018,-308477,-773752,缩量,低,情绪退潮,观望,资金观望型,,D,回避：资金观望,-0.1
603848,好太太,13.22,-37.6,0.36,-3.4,-1.97,-2598158,-15112050,-20538567,378879,0,-805250,缩量,低,情绪退潮,观望,资金撤退型,,D,回避：资金撤退,-0.7
603766,隆鑫通用,14.18,-47.5,0.99,14.4,11.11,103368628,53823220,65390388,-4399962,-5524005,4678621,缩量,高,主力控盘,控盘,资金观望型,控盘+盈利(稳健),B,关注：控盘稳健+盈利,71.7
603759,海天股份,8.01,1.7,0.64,65.5,0.85,1467023,11556688,-386497,415655,-722268,-1959839,缩量,低,情绪退潮,进场,趋势转多型,资金+业绩共振(双击候选),B,关注：资金+业绩共振,72.3
603858,步长制药,14.64,-53.4,1.08,-6.0,-4.77,-11463875,13029702,-2227194,-6093524,-3823215,8881799,缩量,低,情绪退潮,观望,资金观望型,,D,回避：资金观望,-1.6
603859,能科科技,37.71,-74.2,1.37,-5.7,4.98,43833221,45941825,32559296,-3126847,-2580278,8266393,缩量,低,情绪退潮,观望,趋势转多型,,D,回避：资金观望,1.7
603860,中公高科,26.32,-21.5,0.53,-3.0,-0.35,-458520,415036,-2906462,-6620,529391,900513,缩量,低,情绪退潮,观望,资金观望型,,D,回避：资金观望,-0.1
603861,白云电器,10.89,-76.2,0.67,-10.1,-5.11,-12681066,-24206584,-45228759,6812149,2917972,-6413321,缩量,低,情绪退潮,观望,资金撤退型,,D,回避：资金撤退,-1.7
603768,常青股份,12.14,155.0,0.78,6.0,1.65,3196803,2613059,-566261,3897150,-1388988,-2126436,放量,低,游资情绪,进场,资金观望型,纯资金炒作(亏损风险),C,谨慎：纯资金炒作,20.6
603866,桃李面包,4.21,20.2,1.09,4.2,0.22,653080,-9534624,907229,-3112764,-2483104,12487830,缩量,低,情绪退潮,观望,资金观望型,,D,回避：资金观望,0.1
603767,中马传动,14.83,273.1,0.27,201.3,5.91,78247618,78903570,66451074,2019571,-1694017,-4892545,放量,中,主力偏强放量,进场,趋势转多型,纯资金炒作(亏损风险),C,谨慎：纯资金炒作,30.0
603868,飞科电器,31.09,42.3,0.24,43.5,-2.36,-4561837,2346765,5650557,-540662,1132412,5080043,缩量,低,情绪退潮,观望,资金观望型,,D,回避：资金观望,-0.8
603871,嘉友国际,12.0,-57.4,0.71,-28.9,-8.81,-36569822,-37674801,-109629202,4478643,1916381,1762522,缩量,低,情绪退潮,观望,资金撤退型,,D,回避：资金撤退,-2.9
603876,鼎胜新材,17.24,-66.5,0.3,-12.7,-2.12,-28656835,-85164490,-386034456,-10994973,-5083379,-1669289,缩量,低,情绪退潮,观望,资金撤退型,,D,回避：资金撤退,-0.7
603877,太平鸟,11.91,-38.6,1.0,-11.3,-1.27,-894476,-1943506,-2929041,169384,0,1779954,缩量,低,情绪退潮,观望,资金撤退型,,D,回避：资金撤退,-0.4
603878,武进不锈,4.9,-50.4,0.35,-29.5,2.96,5939816,8116752,7454020,-1213395,-62324,-1210327,缩量,低,情绪退潮,观望,趋势转多型,,D,回避：资金观望,1.0
603879,永悦科技,4.91,-22.0,1.09,-2.3,-4.22,-7616749,-22658752,-23847615,821561,-826680,-4235275,缩量,低,情绪退潮,观望,资金撤退型,,D,回避：资金撤退,-1.4
603880,南卫股份,8.45,-17.3,0.82,4.0,-3.3,-10403358,-48632730,-29470380,-2022306,-78266,3479507,缩量,低,情绪退潮,观望,资金观望型,,D,回避：资金观望,-1.1
603881,数据港,22.92,-83.7,0.51,-6.2,-7.65,-136375840,-61571062,-304469293,-15865701,-10013401,18982328,缩量,低,情绪退潮,观望,资金观望型,,D,回避：资金观望,-2.6
603882,金域医学,29.06,13.5,1.6,76.3,-2.98,-48859818,-23230610,-44373911,7979401,732252,-8993277,缩量,低,情绪退潮,观望,资金观望型,,D,回避：资金观望,-1.0
603799,华友钴业,35.0,-54.6,0.46,-14.5,-8.26,-459639629,-679444039,-1558506279,82305183,65590085,-22879103,缩量,低,情绪退潮,吸筹,资金撤退型,机构吸筹+盈利(关注),C,谨慎：资金流入未验证业绩,21.2
603776,永安行,20.83,-35.1,0.73,28.1,2.08,6443834,13133763,23578337,3141365,2437748,1416002,缩量,低,情绪退潮,进场,主力建仓型,纯资金炒作(亏损风险),C,谨慎：纯资金炒作,12.7
603818,曲美家居,4.05,-1.4,1.1,42.6,4.03,20970221,-3153389,-67639283,2817613,-3560216,-1575989,缩量,低,情绪退潮,进场,资金观望型,纯资金炒作(亏损风险),C,谨慎：纯资金炒作,13.3
603887,城地香江,8.21,-59.2,0.65,-43.6,-0.87,-4439546,-32555259,-228255142,-14891721,-12018527,19276749,缩量,低,情绪退潮,观望,资金撤退型,,D,回避：资金撤退,-0.3
603888,新华网,17.2,59.3,0.68,41.6,-7.47,-130074108,-117817966,1690641,-31941021,-22865217,26186477,放量,低,游资情绪,观望,高位分歧型,,D,回避：资金观望,5.5
603798,康普顿,14.67,99.5,0.33,8.5,1.21,5875069,5737172,5601866,786759,2602967,-2522640,放量,低,游资情绪,抢筹,资金观望型,资金+业绩共振(双击候选),B,关注：资金+业绩共振,88.4
603890,春秋电子,14.97,-59.0,0.78,-51.1,-12.24,-195797719,-299908571,-587630470,4798757,6393864,12505538,缩量,低,情绪退潮,观望,资金撤退型,,D,回避：资金撤退,-4.1
603893,瑞芯微,215.57,-60.8,2.63,63.7,-7.87,-1334799718,-844112368,-1694217966,297373871,118414289,-324039170,缩量,低,情绪退潮,观望,资金观望型,,D,回避：资金观望,-2.6
603790,雅运股份,24.75,-46.6,1.07,7.8,0.1,353570,-7911236,-6151832,4353617,4477941,-5566987,缩量,低,情绪退潮,进场,资金观望型,资金+业绩共振(双击候选),B,关注：资金+业绩共振,72.0
603896,寿仙谷,14.82,-56.2,1.21,7.7,-3.87,-3907719,-2177205,-3983344,-309011,0,2184564,缩量,低,情绪退潮,观望,资金观望型,,D,回避：资金观望,-1.3
603897,长城科技,29.58,-44.4,0.4,-36.5,-2.84,-22115878,-35480579,-130147756,14732170,12352159,-16825189,缩量,低,情绪退潮,观望,资金撤退型,,D,回避：资金撤退,-0.9
603808,歌力思,8.83,-30.2,0.24,-0.1,1.02,1485321,623326,3663814,473816,222768,863074,缩量,低,情绪退潮,进场,资金观望型,资金+业绩共振(双击候选),B,关注：资金+业绩共振,72.3
603829,洛凯股份,15.49,-44.4,0.24,4.0,0.81,1558970,3173052,17386559,357412,156600,1311030,缩量,低,情绪退潮,进场,长线吸筹型,资金+业绩共振(双击候选),B,关注：资金+业绩共振,72.3
603900,莱绅通灵,6.27,-19.4,0.51,-56.6,-4.31,-15656004,19853740,107938341,-3600958,-1634388,3991340,缩量,低,情绪退潮,观望,高位分歧型,,D,回避：资金观望,-1.4
603901,永创智能,9.28,-52.9,0.38,-48.8,0.69,1892145,7733311,9824501,-1662112,-1936422,1564066,缩量,低,情绪退潮,观望,均衡流入型,,D,回避：资金观望,0.2
603819,神力股份,16.06,-3.1,0.56,9.8,6.88,50019086,67593650,40051765,-9737137,-3654081,3988907,缩量,中,主力惜售,进场,短线抢筹型,资金+业绩共振(双击候选),B,关注：资金+业绩共振,86.3
603855,华荣股份,16.82,-14.8,0.39,-36.3,7.52,7727983,13218294,20110203,-2110242,-587686,1666376,缩量,中,主力惜售,进场,主力强攻型,资金+业绩共振(双击候选),B,关注：资金+业绩共振,86.5
603908,牧高笛,19.45,-12.6,0.46,26.2,-1.62,-2050461,-628903,-5628823,-273214,-790081,-21154,缩量,低,情绪退潮,观望,资金观望型,,D,回避：资金观望,-0.5
603909,建发合诚,10.13,176.3,0.4,85.8,4.32,12422655,11777249,4560132,-1815882,-1507418,4935624,放量,低,游资情绪,观望,资金观望型,,D,回避：资金观望,9.4
603912,佳力图,8.79,-31.3,0.44,-14.3,1.95,20065834,6300619,-42302144,-949513,-3577145,-5088499,缩量,低,情绪退潮,观望,资金观望型,,D,回避：资金观望,0.7
603816,顾家家居,23.81,25.7,0.66,7.4,0.87,6979987,26027911,23280224,23695489,25710391,-7467975,缩量,低,情绪退潮,吸筹,趋势转多型,资金+业绩共振(双击候选),B,关注：资金+业绩共振,64.3
603916,苏博特,10.47,-65.3,0.46,-51.3,-5.02,-10725526,-14780550,-62729598,1738043,923150,-2911839,缩量,低,情绪退潮,观望,资金撤退型,,D,回避：资金撤退,-1.7
603815,交建股份,5.11,-73.0,0.38,-15.9,-6.21,-8668681,-11453069,-19568806,1275096,1608192,-807539,缩量,低,情绪退潮,吸筹,资金撤退型,纯资金炒作(亏损风险),C,谨慎：纯资金炒作,1.9
603856,东宏股份,11.73,-43.7,0.58,-22.7,-0.52,-536267,6912584,-4353261,-1352111,2199429,-234494,缩量,低,情绪退潮,吸筹,资金观望型,机构吸筹+盈利(关注),C,谨慎：资金流入未验证业绩,23.8
603833,欧派家居,31.49,36.5,0.95,12.4,-0.47,-3112555,-12270008,-37425678,12001309,5118115,-1005854,缩量,低,情绪退潮,吸筹,资金撤退型,机构吸筹+盈利(关注),C,谨慎：资金流入未验证业绩,23.8
603920,世运电路,44.4,14.6,0.39,29.1,-0.73,-56225263,128079391,897680312,42958563,707690,-76378394,缩量,低,情绪退潮,观望,高位分歧型,,D,回避：资金观望,-0.2
603926,铁流股份,16.75,-62.1,0.31,-51.4,-3.45,-7116377,3864745,64363043,-505218,-842244,30560,缩量,低,情绪退潮,观望,高位分歧型,,D,回避：资金观望,-1.2
603927,中科软,13.64,-59.7,0.82,-17.9,-3.87,-12609307,-12559763,-68952352,-188540,-123156,1066702,缩量,低,情绪退潮,观望,资金观望型,,D,回避：资金观望,-1.3
603863,松炀资源,12.38,111.9,0.37,59.5,-2.72,-10332667,-11131987,-44704578,10547129,4329807,-24661138,放量,低,游资情绪,抢筹,资金撤退型,纯资金炒作(亏损风险),C,谨慎：纯资金炒作,27.1
603929,亚翔集成,139.46,-82.3,1.18,-4.8,-3.09,-52451412,50892069,26322181,-19655589,-14512197,20653380,缩量,低,情绪退潮,观望,资金观望型,,D,回避：资金观望,-1.0
603931,格林达,32.42,-75.5,0.83,18.5,-1.03,-5883941,-10245993,-56040778,3723086,1089500,-10148580,缩量,低,情绪退潮,观望,资金撤退型,,D,回避：资金撤退,-0.3
603933,睿能科技,18.31,-75.8,0.27,25.9,2.3,5351839,5197588,-3836450,-1696838,-559564,879368,缩量,低,情绪退潮,观望,资金观望型,,D,回避：资金观望,0.8
603936,博敏电子,19.35,-2.0,0.56,-14.8,-3.12,-157339840,-791395109,-120134511,-68980215,-44844622,66950989,缩量,低,情绪退潮,观望,长线吸筹型,,D,回避：资金观望,-1.0
603937,丽岛新材,12.44,80.8,0.13,252.6,0.7,7643788,4281649,-1295199,-4123887,-1500162,16101900,放量,低,游资情绪,观望,资金观望型,,D,回避：资金观望,8.2
603938,三孚股份,42.68,-42.0,0.95,-7.8,-3.99,-182701740,-280158824,236723004,-15236959,-15742380,36950573,缩量,低,情绪退潮,观望,长线吸筹型,,D,回避：资金观望,-1.3
603939,XD益丰药,23.31,14.0,0.85,-8.3,1.85,16841617,16618911,45026219,-7459622,-4948661,-7494865,缩量,低,情绪退潮,观望,资金观望型,,D,回避：资金观望,0.6
603867,新化股份,34.38,56.2,0.66,41.1,0.34,5511323,51200858,93507872,23240702,7831456,-21969225,放量,低,游资情绪,抢筹,均衡流入型,资金+业绩共振(双击候选),B,关注：资金+业绩共振,88.1
603949,雪龙集团,18.41,643.1,1.0,239.6,3.58,37808821,35066543,21422051,-42246686,-33101625,37248099,放量,低,游资情绪,观望,资金观望型,,D,回避：资金观望,9.2
603883,老百姓,13.04,-59.6,1.92,-37.1,5.58,27717656,12241135,-22870269,-3411961,-3862804,12174195,缩量,中,主力惜售,进场,资金观望型,资金+业绩共振(双击候选),B,关注：资金+业绩共振,85.9
603885,吉祥航空,9.96,-26.6,0.63,-6.3,5.64,38295236,54597078,107189747,24346949,17681560,-9575442,缩量,中,主力惜售,吸筹,主力建仓型,资金+业绩共振(双击候选),B,关注：资金+业绩共振,77.9
603956,威派格,6.88,-49.8,5.02,42.7,-3.72,-19713486,16684358,39226847,-3684900,-10332016,1664194,缩量,低,情绪退潮,观望,资金观望型,,D,回避：资金观望,-1.2
603958,哈森股份,18.0,91.6,0.3,-41.5,1.12,10917193,85421820,-9462069,-6979307,-3306325,13685234,放量,低,游资情绪,观望,趋势转多型,,D,回避：资金观望,8.4
603960,克来机电,16.81,52.2,0.27,155.4,-3.43,-27838970,62665066,65243470,-17281769,-17624465,15099614,放量,低,游资情绪,观望,资金观望型,,D,回避：资金观望,6.9
603966,法兰泰克,7.31,-62.6,0.33,-12.4,0.43,879480,-5758853,-42975448,-1160608,-718208,-1364198,缩量,低,情绪退潮,观望,资金观望型,,D,回避：资金观望,0.1
603889,新澳股份,6.05,-36.8,0.45,-22.3,3.1,6038013,11693018,-9430053,2547606,1064421,-2506415,缩量,低,情绪退潮,进场,趋势转多型,资金+业绩共振(双击候选),B,关注：资金+业绩共振,73.0
603895,天永智能,25.77,-31.8,0.41,-30.5,0.12,169150,1915886,1205697,187273,-1174429,-1588675,缩量,低,情绪退潮,进场,趋势转多型,资金+业绩共振(双击候选),B,关注：资金+业绩共振,72.0
603969,银龙股份,7.2,-70.8,0.69,-42.8,-5.71,-13472689,-21694960,-65356803,-387782,-2793808,-216404,缩量,低,情绪退潮,观望,资金撤退型,,D,回避：资金撤退,-1.9
603970,中农立华,11.84,546.0,0.69,66.9,-0.09,-726585,-1115707,929543,-1010819,156641,-1073510,放量,低,游资情绪,观望,资金观望型,,D,回避：资金观望,8.0
603976,正川股份,29.59,-48.4,3.03,-48.9,-0.09,-542592,14131842,-41561534,7865933,1156842,-4284227,缩量,低,情绪退潮,观望,资金观望型,,D,回避：资金观望,-0.0
603977,国泰集团,10.57,-64.6,0.54,-44.6,-13.17,-30713801,-53597678,-41800730,-7415392,-3584333,8949000,缩量,低,情绪退潮,观望,资金观望型,,D,回避：资金观望,-4.4
603978,深圳新星,25.32,165.0,0.25,21.7,3.31,77261587,246486051,450113136,-83327659,-60843476,98446890,放量,低,游资情绪,观望,主力建仓型,,D,回避：资金观望,9.1
603979,金诚信,72.28,-69.9,0.97,-48.5,-1.07,-13466714,-48442965,-36625958,11525913,-10434297,-9395013,缩量,低,情绪退潮,观望,资金观望型,,D,回避：资金观望,-0.4
603898,好莱客,11.86,-37.7,0.95,1.8,0.86,2076349,-1425610,-9173571,578487,-860233,-41812,缩量,低,情绪退潮,进场,资金观望型,资金+业绩共振(双击候选),B,关注：资金+业绩共振,72.3
603886,元祖股份,12.76,59.7,0.72,-0.1,2.47,8856510,1470002,-31568734,237211,1266549,-4197719,放量,低,游资情绪,进场,资金观望型,资金+业绩共振(双击候选),B,关注：资金+业绩共振,80.8
603903,中持股份,13.7,-45.7,1.33,41.4,2.83,31445314,637477,37978359,3588864,801476,-3723776,缩量,低,情绪退潮,进场,资金观望型,纯资金炒作(亏损风险),C,谨慎：纯资金炒作,12.9
603899,晨光股份,22.36,-36.6,0.91,-52.9,2.34,6063975,12517040,-12430762,546184,1298111,2809753,缩量,低,情绪退潮,进场,趋势转多型,资金+业绩共振(双击候选),B,关注：资金+业绩共振,72.8
603986,兆易创新,353.9,-70.5,1.69,8.7,-3.25,-1492643193,-34530370,-7439356794,-1003031412,-958835820,956075385,缩量,低,情绪退潮,观望,资金观望型,,D,回避：资金观望,-1.1
603987,康德莱,7.59,-17.1,0.66,23.4,-5.5,-7338916,-5594189,-6865820,-228029,-1104458,-22084,缩量,低,情绪退潮,观望,资金观望型,,D,回避：资金观望,-1.8
603988,中电电机,17.0,-86.1,1.53,-26.2,-4.39,-9820280,-17686661,-27818743,-2298959,-1696883,-360960,缩量,低,情绪退潮,观望,资金撤退型,,D,回避：资金撤退,-1.5
603989,艾华集团,27.01,-51.6,3.54,-39.2,-8.68,-233142448,-417323305,-33322399,-35381741,-17598292,58090473,缩量,低,情绪退潮,观望,长线吸筹型,,D,回避：资金观望,-2.9
603990,麦迪科技,19.34,-51.3,1.83,13.8,-10.38,-127708219,-95781747,-159679542,17992380,7046934,-29253853,缩量,低,情绪退潮,观望,资金观望型,,D,回避：资金观望,-3.5
603919,金徽酒,17.4,10.6,1.51,-12.6,-2.55,-12632993,-5095694,-32078147,51631176,49789360,-34312411,缩量,低,情绪退潮,吸筹,资金观望型,机构吸筹+盈利(关注),C,谨慎：资金流入未验证业绩,23.1
603992,松霖科技,19.39,-63.0,0.64,-28.8,1.89,4014651,1262276,-23546359,-258809,509784,2223508,缩量,低,情绪退潮,观望,资金观望型,,D,回避：资金观望,0.6
603993,洛阳钼业,16.88,-73.0,0.88,-27.7,-7.95,-763002222,-1623347655,-3495378433,54335485,54844026,48300282,缩量,低,情绪退潮,观望,资金撤退型,,D,回避：资金撤退,-2.6
603995,甬金股份,25.62,-51.2,1.51,-8.8,-7.23,-28437616,-14099992,-51873426,3632310,933326,-4534836,缩量,低,情绪退潮,观望,资金观望型,,D,回避：资金观望,-2.4
603918,金桥信息,10.41,-73.0,1.91,16.7,-3.15,-13172129,7158674,-66395925,3520832,5054163,-3942395,缩量,低,情绪退潮,吸筹,资金观望型,纯资金炒作(亏损风险),C,谨慎：纯资金炒作,3.0
603998,方盛制药,10.36,-49.9,1.41,-18.7,-3.72,-13208119,-3811759,-102060474,-4284208,-114676,5274010,缩量,低,情绪退潮,观望,资金观望型,,D,回避：资金观望,-1.2
603999,XD读者传,6.78,429.7,0.68,-16.8,-1.56,-11906871,-49462199,-35374359,-379554,1917123,2205792,放量,低,游资情绪,观望,资金观望型,,D,回避：资金观望,7.5
605001,威奥股份,5.78,-41.6,0.67,-57.9,1.55,1559500,-593306,17127498,-409483,-637728,554773,缩量,低,情绪退潮,观望,长线吸筹型,,D,回避：资金观望,0.5
605003,众望布艺,24.21,-13.3,0.37,-19.4,2.55,3719192,3837286,315973,-1816900,-1818733,2593945,缩量,低,情绪退潮,观望,趋势转多型,,D,回避：资金观望,0.8
605005,合兴股份,16.07,-43.6,0.27,-20.8,-5.09,-2950434,-412086,-12303868,-553551,-701822,-115377,缩量,低,情绪退潮,观望,资金观望型,,D,回避：资金观望,-1.7
605006,山东玻纤,14.58,-55.5,0.89,-38.8,-4.25,-101820089,-168396615,410631470,-23159282,-8917215,27114922,缩量,低,情绪退潮,观望,长线吸筹型,,D,回避：资金观望,-1.4
605007,五洲特纸,14.38,-63.2,1.05,-22.6,1.64,3652892,1182277,-3947634,-1094218,-40938,-1071653,缩量,低,情绪退潮,观望,资金观望型,,D,回避：资金观望,0.5
605008,长鸿高科,13.71,32.5,1.31,-1.6,0.52,1730577,-2078848,-14531957,-1882259,-5696891,72559,缩量,低,情绪退潮,观望,资金观望型,,D,回避：资金观望,0.2
605009,豪悦护理,25.52,34.6,0.87,14.0,-1.59,-2391754,-7023611,-18434304,-1636240,-2390812,-1025084,缩量,低,情绪退潮,观望,资金撤退型,,D,回避：资金撤退,-0.5
603906,龙蟠科技,19.04,15.3,0.27,-14.7,-2.02,-27652474,-43819637,-139336199,244326588,248883877,-143544930,缩量,低,情绪退潮,吸筹,资金撤退型,纯资金炒作(亏损风险),C,谨慎：纯资金炒作,3.3
605016,百龙创园,21.11,-73.8,0.64,-54.4,1.82,5426135,-2178837,-11249955,-85300,34176,2555176,缩量,低,情绪退潮,观望,资金观望型,,D,回避：资金观望,0.6
605018,长华集团,11.66,38.3,0.88,210.5,-0.68,-4230949,4762996,-5353724,2373957,883278,-3973384,缩量,低,情绪退潮,观望,资金观望型,,D,回避：资金观望,-0.2
605020,永和股份,30.3,-74.9,1.6,-26.1,-0.42,-3821124,-25855084,-89960947,-2875158,-5829150,3290783,缩量,低,情绪退潮,观望,资金撤退型,,D,回避：资金撤退,-0.1
603915,国茂股份,13.29,-26.5,0.39,-1.4,-4.59,-14158646,-17692719,-55347569,2789704,3503179,-1130749,缩量,低,情绪退潮,吸筹,资金撤退型,机构吸筹+盈利(关注),C,谨慎：资金流入未验证业绩,22.5
603917,合力科技,13.85,-48.2,0.46,22.2,0.1,196622,19863043,15075790,1095434,768440,-1809506,缩量,低,情绪退潮,进场,趋势转多型,资金+业绩共振(双击候选),B,关注：资金+业绩共振,72.0
605050,福然德,10.05,-68.8,0.49,-33.3,-5.28,-2830944,-6342439,-26059012,-755095,1003200,1223524,缩量,低,情绪退潮,观望,资金撤退型,,D,回避：资金撤退,-1.8
605055,迎丰股份,8.69,-53.1,0.23,-18.2,-2.44,-3677779,-9659789,-33142387,824612,0,-811020,缩量,低,情绪退潮,观望,资金撤退型,,D,回避：资金撤退,-0.8
605056,咸亨国际,13.48,-38.8,0.43,104.4,4.44,23674407,25968694,23766783,-728009,-484501,-2812074,缩量,低,情绪退潮,观望,趋势转多型,,D,回避：资金观望,1.5
605058,澳弘电子,53.64,1010.8,0.41,376.0,3.9,188610487,-20326198,132202545,-39387487,-24874320,46726115,放量,低,游资情绪,观望,资金观望型,,D,回避：资金观望,9.3
603928,兴业股份,13.07,-72.4,6.68,29.2,-0.99,-5431848,-1697302,-6171813,73421617,82474536,-47596702,缩量,低,情绪退潮,吸筹,资金观望型,机构吸筹+盈利(关注),C,谨慎：资金流入未验证业绩,23.7
605066,天正电气,6.71,-63.5,0.5,4.1,-4.59,-5687944,-12797872,-38200788,-283012,119216,-2144014,缩量,低,情绪退潮,观望,资金撤退型,,D,回避：资金撤退,-1.5
603948,建业股份,21.36,6.4,0.78,30.0,-3.87,-5707153,-8606223,-8918593,17666584,19279273,-10492421,缩量,低,情绪退潮,吸筹,资金撤退型,机构吸筹+盈利(关注),C,谨慎：资金流入未验证业绩,22.7
603950,长源东谷,51.72,-77.9,0.71,-45.3,-6.92,-68524710,-102415,-36166273,1914268,7882515,-2035156,缩量,低,情绪退潮,吸筹,资金观望型,机构吸筹+盈利(关注),C,谨慎：资金流入未验证业绩,21.7
605077,华康股份,11.53,58.4,0.14,-49.9,-1.19,-5996365,-47110129,9436599,-7073946,-3397222,8793275,放量,低,游资情绪,观望,长线吸筹型,,D,回避：资金观望,7.6
605080,浙江自然,22.72,-28.1,0.36,-36.3,2.04,3713932,-3771873,12606542,-1160307,-1741409,1620784,缩量,低,情绪退潮,观望,资金观望型,,D,回避：资金观望,0.7
605086,龙高股份,23.21,7.6,0.3,-21.0,-2.77,-3323347,-6741580,-30290854,468283,508012,-3587421,缩量,低,情绪退潮,观望,资金撤退型,,D,回避：资金撤退,-0.9
603955,大千生态,24.97,15.9,0.59,17.7,3.8,15282686,26975431,22272838,4958009,3571386,-2026019,缩量,低,情绪退潮,吸筹,趋势转多型,纯资金炒作(亏损风险),C,谨慎：纯资金炒作,5.3
605089,味知香,21.84,0.9,0.47,-19.5,-1.75,-3488846,-4113270,1214394,191657,672013,-3391751,缩量,低,情绪退潮,观望,资金观望型,,D,回避：资金观望,-0.6
605090,九丰能源,31.25,-72.4,0.56,-24.0,-6.3,-60545579,-75648093,-199716523,18152445,13021021,6266772,缩量,低,情绪退潮,观望,资金撤退型,,D,回避：资金撤退,-2.1
605098,行动教育,52.83,-72.9,0.68,-21.2,1.43,2233947,-3634498,-2702772,-266431,-532100,2505964,缩量,低,情绪退潮,观望,资金观望型,,D,回避：资金观望,0.5
605099,共创草坪,27.97,-66.2,0.14,-43.1,-4.63,-5334009,-6691149,-11365329,-648837,-108181,-202979,缩量,低,情绪退潮,观望,资金撤退型,,D,回避：资金撤退,-1.5
603968,醋化股份,11.5,628.8,0.39,174.4,3.31,20685566,18013509,8792187,3859961,2053379,-15858687,放量,低,游资情绪,进场,资金观望型,纯资金炒作(亏损风险),C,谨慎：纯资金炒作,21.1
605108,同庆楼,12.11,-50.2,0.73,-42.3,-3.28,-4275424,-7875611,-18134095,-3064758,-1443360,2599819,缩量,低,情绪退潮,观望,资金撤退型,,D,回避：资金撤退,-1.1
605111,新洁能,54.0,-68.8,1.1,94.5,-2.53,-90217771,28209218,-210087873,-7979482,-14717294,9446768,缩量,低,情绪退潮,观望,资金观望型,,D,回避：资金观望,-0.8
605116,奥锐特,20.07,-5.8,0.92,16.2,-1.77,-3288703,-7063322,-17269412,2580088,2710561,5952065,缩量,低,情绪退潮,观望,资金撤退型,,D,回避：资金撤退,-0.6
603967,中创物流,12.02,45.9,0.3,-6.6,1.02,1381331,2080330,370227,5621740,1929961,-1246405,缩量,低,情绪退潮,吸筹,趋势转多型,资金+业绩共振(双击候选),B,关注：资金+业绩共振,64.3
603982,泉峰汽车,6.77,690.4,0.4,49.5,0.55,1932663,21235,5103400,40875924,38637043,-36890226,放量,低,游资情绪,抢筹,资金观望型,纯资金炒作(亏损风险),C,谨慎：纯资金炒作,28.2
605122,四方新材,12.28,-8.1,0.31,26.8,-3.42,-6681226,-6713459,-6107724,212239,0,2135555,缩量,低,情绪退潮,观望,资金观望型,,D,回避：资金观望,-1.1
605123,派克新材,76.4,-74.3,0.28,-20.1,-2.61,-10802122,-29825465,-66848693,515471,1302869,1353879,缩量,低,情绪退潮,观望,资金撤退型,,D,回避：资金撤退,-0.9
603980,吉华集团,9.06,144.4,2.2,-19.9,-1.61,-37481798,-36751301,118155945,13502805,15860971,-51391518,放量,低,游资情绪,抢筹,长线吸筹型,机构吸筹+盈利(关注),C,谨慎：资金流入未验证业绩,47.5
605133,嵘泰股份,24.01,-59.0,0.49,22.4,2.9,16986965,-21512391,-106856296,-6625314,-7568802,-4181112,缩量,低,情绪退潮,观望,资金观望型,,D,回避：资金观望,1.0
605136,丽人丽妆,8.66,146.8,0.97,26.3,2.29,17146901,11655848,-1059971,-17598880,-10955182,1571652,放量,低,游资情绪,观望,资金观望型,,D,回避：资金观望,8.8
603983,丸美生物,30.86,-50.6,2.89,-39.6,1.55,8970548,-3217583,16941929,2018869,-2239763,-7018695,缩量,低,情绪退潮,进场,资金观望型,资金+业绩共振(双击候选),B,关注：资金+业绩共振,72.5
603991,领先股份,165.82,-29.5,1.83,-6.8,3.52,129471706,-55470021,-53495823,7927094,2830059,-14668074,缩量,低,情绪退潮,进场,资金观望型,纯资金炒作(亏损风险),C,谨慎：纯资金炒作,13.2
605155,西大门,14.25,-47.0,0.53,-17.9,2.14,2627782,-477458,-10061969,-358477,722884,210787,缩量,低,情绪退潮,观望,资金观望型,,D,回避：资金观望,0.7
605158,华达新材,7.61,24.4,0.12,-18.2,1.7,2754117,-2670449,-57921341,-243873,0,-1020290,缩量,低,情绪退潮,观望,资金观望型,,D,回避：资金观望,0.6
605162,新中港,10.59,85.5,1.18,12.3,-1.88,-39812288,196814887,237899884,-36423407,-17608124,51330101,放量,低,游资情绪,观望,资金观望型,,D,回避：资金观望,7.4
605166,聚合顺,8.42,-35.2,0.41,-24.5,-3.02,-4303103,-520167,-17541216,-1148801,-514614,65847,缩量,低,情绪退潮,观望,资金观望型,,D,回避：资金观望,-1.0
605167,利柏特,15.68,-46.3,1.13,-51.4,-5.25,-20136533,-47516190,-23101781,-2631221,1188310,-5804018,缩量,低,情绪退潮,观望,资金观望型,,D,回避：资金观望,-1.8
605168,三人行,50.03,-17.9,0.24,-28.2,-4.53,-57123951,-72426087,121256427,7917595,-6880617,-4738479,缩量,低,情绪退潮,观望,长线吸筹型,,D,回避：资金观望,-1.5
605169,洪通燃气,13.21,15.5,0.28,-27.9,-2.72,-5225070,-20981109,-43359631,1479046,2145055,-3053011,缩量,低,情绪退潮,观望,资金撤退型,,D,回避：资金撤退,-0.9
605177,东亚药业,24.26,237.9,0.6,-24.9,4.87,41423688,-39953159,109038155,-652857,-6503170,14407604,放量,低,游资情绪,观望,资金观望型,,D,回避：资金观望,9.6
603985,恒润股份,16.98,-39.1,0.19,3.9,0.87,6431704,8920384,-20413913,9925370,14247791,805011,缩量,低,情绪退潮,进场,趋势转多型,资金+业绩共振(双击候选),B,关注：资金+业绩共振,72.3
605033,美邦股份,19.6,-46.5,0.85,-41.9,0.24,411308,-385879,-32343309,2668414,1395075,-907062,缩量,低,情绪退潮,吸筹,资金观望型,资金+业绩共振(双击候选),B,关注：资金+业绩共振,64.1
605028,世茂能源,23.75,-64.5,1.23,7.0,3.4,7183939,6847033,9420244,572209,-481,-1145095,缩量,低,情绪退潮,进场,资金观望型,资金+业绩共振(双击候选),B,关注：资金+业绩共振,73.1
603997,继峰股份,13.65,-4.8,0.67,64.4,-8.22,-132464236,-174727984,-85673455,10070297,11377978,-6245640,缩量,低,情绪退潮,吸筹,资金观望型,机构吸筹+盈利(关注),C,谨慎：资金流入未验证业绩,21.3
605011,杭州热电,19.21,49.3,0.77,-15.4,-2.14,-15518761,-80588351,10081377,77831594,80878763,-45293603,缩量,低,情绪退潮,吸筹,长线吸筹型,机构吸筹+盈利(关注),C,谨慎：资金流入未验证业绩,23.3
605188,国光连锁,12.4,-22.8,1.01,-65.5,-7.74,-35618966,8561691,121560142,-5479186,-2441082,8479299,缩量,低,情绪退潮,观望,高位分歧型,,D,回避：资金观望,-2.6
605189,富春染织,13.73,-86.1,1.37,-15.0,-1.57,-6430054,-7896620,-67246544,1580558,825853,1380482,缩量,低,情绪退潮,观望,资金撤退型,,D,回避：资金撤退,-0.5
605196,华通线缆,33.2,-69.3,1.33,26.7,-0.96,-19995055,-14851762,-45047028,10344292,4646142,-24838958,缩量,低,情绪退潮,观望,资金观望型,,D,回避：资金观望,-0.3
605068,明新旭腾,20.32,-51.9,1.08,-40.5,1.72,7810637,37203363,91069041,2526324,461018,4341424,缩量,低,情绪退潮,进场,均衡流入型,资金+业绩共振(双击候选),B,关注：资金+业绩共振,72.6
605208,永茂泰,14.59,-77.5,1.68,-3.6,-1.95,-9024945,-27475764,-46791563,2371804,652210,-1731019,缩量,低,情绪退潮,观望,资金撤退型,,D,回避：资金撤退,-0.7
605060,联德股份,37.03,-66.9,0.31,-1.4,-0.87,-4524786,9949166,-43065835,1189998,2181383,-552695,缩量,低,情绪退潮,吸筹,资金观望型,机构吸筹+盈利(关注),C,谨慎：资金流入未验证业绩,23.7
605222,起帆电缆,22.11,-42.8,0.16,-47.5,-2.21,-10572467,-19169583,9757763,5958282,154588,-661511,缩量,低,情绪退潮,观望,资金观望型,,D,回避：资金观望,-0.7
605069,正和生态,11.86,166.2,0.44,179.8,7.43,71392079,94944961,119350066,2389659,-3149959,-8070716,放量,中,主力偏强放量,进场,主力建仓型,纯资金炒作(亏损风险),C,谨慎：纯资金炒作,30.5
605255,天普股份,58.87,-30.6,0.5,5.5,-7.31,-14842534,-18523435,-36322402,1274305,651689,-5402672,缩量,低,情绪退潮,观望,资金撤退型,,D,回避：资金撤退,-2.4
605258,协和电子,39.61,578.1,0.3,127.1,2.9,60635505,51893257,138141796,-21896500,-11085845,1424504,放量,低,游资情绪,观望,资金观望型,,D,回避：资金观望,9.0
605088,冠盛股份,23.33,76.6,0.73,20.5,5.36,98312291,177619569,297681496,-16603297,-15336924,11794781,放量,中,主力偏强放量,进场,主力强攻型,资金+业绩共振(双击候选),B,关注：资金+业绩共振,89.8
605266,健之佳,16.04,-48.9,0.78,-12.1,-1.84,-1726111,-2368607,-2540354,-1253750,-1196933,3389121,缩量,低,情绪退潮,观望,资金撤退型,,D,回避：资金撤退,-0.6
605100,华丰股份,35.83,76.2,0.95,56.9,1.36,11324823,49074966,15258462,15390373,7879851,-22285752,放量,低,游资情绪,抢筹,趋势转多型,资金+业绩共振(双击候选),B,关注：资金+业绩共振,88.5
605277,新亚电子,16.73,8.1,0.64,-58.9,-7.21,-46195963,-115803648,-58799099,-2546801,-879024,8745851,缩量,低,情绪退潮,观望,长线吸筹型,,D,回避：资金观望,-2.4
605286,同力天启,24.85,-52.4,0.86,-41.4,-2.65,-6411938,1392340,-44198279,5817386,-248518,-6152786,缩量,低,情绪退潮,观望,资金观望型,,D,回避：资金观望,-0.9
605118,力鼎光电,32.17,9.7,0.51,-48.5,2.55,18395703,9277222,134732685,4419125,5100297,-1671508,缩量,低,情绪退潮,吸筹,资金观望型,资金+业绩共振(双击候选),B,关注：资金+业绩共振,64.8
605117,德业股份,78.16,-67.6,0.66,-2.2,-4.15,-237600054,-413868029,-468528110,8095728,4375595,-1794618,缩量,低,情绪退潮,吸筹,资金撤退型,机构吸筹+盈利(关注),C,谨慎：资金流入未验证业绩,22.6
605289,罗曼股份,94.05,-69.2,0.61,-10.5,-1.11,-10224666,30604662,-57004906,-3524781,-2744308,2631449,缩量,低,情绪退潮,观望,资金观望型,,D,回避：资金观望,-0.4
605296,神农集团,31.48,-50.4,0.98,-18.2,-2.7,-19608967,-13396742,-51441804,-1321435,-388158,5004508,缩量,低,情绪退潮,观望,资金观望型,,D,回避：资金观望,-0.9
605298,必得科技,40.88,-63.8,0.49,-26.1,-3.91,-6081038,-7178327,-19629817,-68351,-815221,1295859,缩量,低,情绪退潮,观望,资金撤退型,,D,回避：资金撤退,-1.3
605299,舒华体育,12.2,-65.3,0.14,-63.6,-0.34,-1609248,-16344420,39192116,-3930047,-2320209,7593787,缩量,低,情绪退潮,观望,长线吸筹型,,D,回避：资金观望,-0.1
605300,佳禾食品,10.39,-11.2,0.95,-69.4,-2.66,-5117394,-3748678,46393177,-3271905,-283858,3098341,缩量,低,情绪退潮,观望,长线吸筹型,,D,回避：资金观望,-0.9
605138,盛泰集团,6.19,-51.7,0.29,-40.3,1.97,1809912,3226511,-10149094,731238,0,-181048,缩量,低,情绪退潮,进场,趋势转多型,资金+业绩共振(双击候选),B,关注：资金+业绩共振,72.7
605305,中际联合,30.33,-71.0,0.52,-15.7,-4.65,-16513398,-58966853,-67607449,-2832124,649277,1594705,缩量,低,情绪退潮,观望,资金撤退型,,D,回避：资金撤退,-1.6
605128,上海沿浦,23.75,-52.1,0.7,-11.1,4.66,22503523,-3254069,-27689432,4188775,6022306,-4935947,缩量,低,情绪退潮,吸筹,资金观望型,资金+业绩共振(双击候选),B,关注：资金+业绩共振,65.6
605319,XD无锡振,22.22,-23.0,0.48,-38.2,-4.06,-15408350,-37421752,-77390794,-2371908,-4596885,-4499612,缩量,低,情绪退潮,观望,资金撤退型,,D,回避：资金撤退,-1.4
605151,西上海,18.61,-39.9,0.37,-36.8,0.4,411670,-3140465,3573511,146315,0,-1389896,缩量,低,情绪退潮,进场,资金观望型,纯资金炒作(亏损风险),C,谨慎：纯资金炒作,12.1
605337,李子园,9.29,-22.5,1.76,-33.6,-2.0,-2358979,-589058,-10356245,882094,601653,408835,缩量,低,情绪退潮,观望,资金观望型,,D,回避：资金观望,-0.7
605183,XD确成股,16.4,76.4,0.41,-20.6,0.5,743211,-1778093,1847949,-124023,1277575,-1541651,放量,低,游资情绪,抢筹,资金观望型,资金+业绩共振(双击候选),B,关注：资金+业绩共振,88.2
605339,南侨食品,13.26,-63.7,1.22,-44.7,0.13,104209,-213827,-15935156,-877654,-500840,932829,缩量,低,情绪退潮,观望,资金观望型,,D,回避：资金观望,0.0
605179,一鸣食品,23.56,-27.4,9.13,17.7,0.5,15162159,-77974731,-121440773,8051091,-413498,-6171196,缩量,低,情绪退潮,进场,资金观望型,资金+业绩共振(双击候选),B,关注：资金+业绩共振,72.2
605365,立达信,14.53,10.6,0.21,-54.7,-3.3,-13257560,-29947350,7696628,-631797,757834,5862631,缩量,低,情绪退潮,观望,长线吸筹型,,D,回避：资金观望,-1.1
605198,安德利,64.75,55.7,1.88,42.3,-2.78,-60108746,-193356966,64333551,28916940,23245145,-36222624,放量,低,游资情绪,抢筹,长线吸筹型,机构吸筹+盈利(关注),C,谨慎：资金流入未验证业绩,47.1
605368,蓝天燃气,6.68,-68.5,1.04,-39.0,-3.55,-2522962,-2130413,-7034752,-945885,0,1107277,缩量,低,情绪退潮,观望,资金观望型,,D,回避：资金观望,-1.2
605369,拱东医疗,18.2,-17.2,0.2,-2.2,-1.69,-2719367,-1091771,1157630,-128908,0,2613626,缩量,低,情绪退潮,观望,资金观望型,,D,回避：资金观望,-0.6
605376,博迁新材,114.32,-53.5,1.53,30.6,-0.21,-16640049,163212536,-222680696,-182020935,-106249215,257119540,缩量,低,情绪退潮,观望,资金观望型,,D,回避：资金观望,-0.1
605377,华旺科技,8.08,-64.1,0.91,-22.0,-3.68,-5682846,1405543,-7073640,-725059,0,2004423,缩量,低,情绪退潮,观望,资金观望型,,D,回避：资金观望,-1.2
605228,神通科技,11.24,-61.4,0.57,28.5,1.21,2761167,11353759,15215891,644272,610124,-2902605,缩量,低,情绪退潮,进场,均衡流入型,资金+业绩共振(双击候选),B,关注：资金+业绩共振,72.4
605178,时空科技,63.4,-62.3,1.33,38.0,8.45,127319133,86075525,64300735,9686204,7109459,-13176635,缩量,中,主力惜售,进场,资金观望型,纯资金炒作(亏损风险),C,谨慎：纯资金炒作,26.8
605389,长龄液压,60.88,-50.8,0.17,-11.3,-3.53,-7688017,-24119954,-44660623,2932033,25914,-5135078,缩量,低,情绪退潮,观望,资金撤退型,,D,回避：资金撤退,-1.2
605186,健麾信息,24.66,-73.2,1.52,24.7,1.19,2602334,-994404,-12706309,61110,760843,-288247,缩量,低,情绪退潮,吸筹,资金观望型,资金+业绩共振(双击候选),B,关注：资金+业绩共振,64.4
605399,晨光新材,11.63,-14.8,0.85,-0.0,1.67,4728576,5024151,4606866,-2016400,-2473283,-3329732,缩量,低,情绪退潮,观望,趋势转多型,,D,回避：资金观望,0.6
605488,福莱新材,29.42,4.4,0.63,14.7,0.95,14957404,-20677555,77083436,-2307950,676339,-4712506,缩量,低,情绪退潮,观望,长线吸筹型,,D,回避：资金观望,0.3
605180,华生科技,13.9,92.3,0.96,163.8,6.62,24292002,28728237,30687426,-6046776,-5559545,10170448,放量,中,主力偏强放量,进场,均衡流入型,资金+业绩共振(双击候选),B,关注：资金+业绩共振,90.2
605500,森林包装,7.39,-51.6,0.93,-13.1,-2.45,-2570999,-3555493,-1060790,-72570,0,-113176,缩量,低,情绪退潮,观望,资金观望型,,D,回避：资金观望,-0.8
605507,国邦医药,18.09,-15.5,1.29,165.4,-0.65,-5442494,26183865,41301895,-3854652,499422,17425271,缩量,低,情绪退潮,观望,资金观望型,,D,回避：资金观望,-0.2
605555,德昌股份,12.66,17.9,0.38,68.7,-1.51,-5830945,-15357633,-29718218,-10282089,-9204513,12540702,缩量,低,情绪退潮,观望,资金撤退型,,D,回避：资金撤退,-0.5
605218,伟时电子,13.9,42.0,0.34,76.4,1.8,12999102,6100243,1074704,1307102,866566,2270413,缩量,低,情绪退潮,进场,资金观望型,资金+业绩共振(双击候选),B,关注：资金+业绩共振,72.6
605567,春雪食品,9.67,-7.2,0.54,-47.5,-1.66,-2904817,502052,-7400581,157159,-375269,2150848,缩量,低,情绪退潮,观望,资金观望型,,D,回避：资金观望,-0.6
605259,绿田机械,17.39,-58.4,0.28,-11.9,5.2,2237995,-2570382,-4699939,205074,0,-330351,缩量,中,主力惜售,进场,资金观望型,资金+业绩共振(双击候选),B,关注：资金+业绩共振,85.7
605580,恒盛能源,20.85,9.4,1.48,-36.9,-2.51,-27948829,-52114906,112173360,-4436709,-730884,17431580,缩量,低,情绪退潮,观望,长线吸筹型,,D,回避：资金观望,-0.8
605268,王力安防,10.12,92.2,0.14,166.6,4.73,26467667,23994119,25625189,130037,553676,2772084,放量,低,游资情绪,进场,资金观望型,资金+业绩共振(双击候选),B,关注：资金+业绩共振,81.6
605589,圣泉集团,35.67,-66.2,0.86,54.6,-3.23,-158390377,162397597,32772220,-57623749,-52390120,76357152,缩量,低,情绪退潮,观望,资金观望型,,D,回避：资金观望,-1.1
605287,德才股份,37.39,58.1,0.3,-24.4,-0.35,-2034571,-18879228,-23922564,35306673,29130214,-22011709,放量,低,游资情绪,抢筹,资金撤退型,机构吸筹+盈利(关注),C,谨慎：资金流入未验证业绩,47.9
605599,菜百股份,13.54,-62.3,0.59,-36.2,-6.68,-21155395,-21716208,-54945669,-4853287,-410757,3663787,缩量,低,情绪退潮,观望,资金撤退型,,D,回避：资金撤退,-2.2
605303,园林股份,28.66,-95.9,0.54,-46.3,-3.8,-8582210,5480320,51832220,4370650,4889396,-1688074,缩量,低,情绪退潮,吸筹,高位分歧型,纯资金炒作(亏损风险),C,谨慎：纯资金炒作,2.7
605333,沪光股份,16.57,-44.5,0.69,-36.4,1.35,2117177,-1716286,-11913522,785345,-397220,789982,缩量,低,情绪退潮,进场,资金观望型,资金+业绩共振(双击候选),B,关注：资金+业绩共振,72.5
605288,凯迪股份,71.83,56.5,0.97,-12.3,-1.66,-12892819,23162461,121369639,42547940,44749776,-20089117,放量,低,游资情绪,抢筹,高位分歧型,机构吸筹+盈利(关注),C,谨慎：资金流入未验证业绩,47.4
605318,法狮龙,70.29,-53.9,0.49,14.8,2.87,11054998,-2286037,2112185,3474404,-3332765,-2949834,缩量,低,情绪退潮,进场,资金观望型,纯资金炒作(亏损风险),C,谨慎：纯资金炒作,13.0
605338,巴比食品,17.97,-30.4,0.88,-13.2,3.61,5157777,5892772,8685221,1460914,86374,209746,缩量,低,情绪退潮,进场,均衡流入型,资金+业绩共振(双击候选),B,关注：资金+业绩共振,73.2
605358,立昂微,45.36,-47.1,0.97,150.8,4.61,508668626,793461860,609563062,7093839,15294806,-10002936,缩量,低,情绪退潮,吸筹,趋势转多型,纯资金炒作(亏损风险),C,谨慎：纯资金炒作,5.5
605378,野马电池,15.7,638.1,0.57,416.7,5.28,37140811,65081937,58751286,-3057832,2616532,4659072,放量,中,主力偏强放量,进场,短线抢筹型,资金+业绩共振(双击候选),B,关注：资金+业绩共振,89.8
605398,新炬网络,23.76,485.5,0.74,-25.3,4.89,45629771,56607488,40545595,25052380,24881560,-12081879,放量,低,游资情绪,抢筹,趋势转多型,资金+业绩共振(双击候选),B,关注：资金+业绩共振,89.6
605388,均瑶健康,7.39,-23.6,0.82,7.5,12.56,48167314,39529565,32319207,23879159,23477291,-15473034,缩量,高,主力控盘,控盘,资金观望型,控盘+亏损(警惕),C,谨慎：控盘但亏损,28.2
605566,福莱蒽特,32.07,9.9,0.54,77.4,1.43,14645361,83754074,41697455,3720280,6214382,-6269585,缩量,低,情绪退潮,进场,趋势转多型,资金+业绩共振(双击候选),B,关注：资金+业绩共振,72.5
605366,宏柏新材,10.41,264.8,0.59,236.3,5.42,205719431,240431870,261282202,-28252350,-16387642,-221234,放量,中,主力偏强放量,进场,均衡流入型,纯资金炒作(亏损风险),C,谨慎：纯资金炒作,29.8
605499,东鹏饮料,112.25,-73.0,1.08,-38.2,1.19,16185743,-16816518,-172097740,39446074,55819706,-3568652,缩量,低,情绪退潮,吸筹,资金观望型,资金+业绩共振(双击候选),B,关注：资金+业绩共振,64.4
605577,龙版传媒,16.28,433.5,0.34,34.2,0.55,11004749,-102888098,-130726320,103102510,119272918,-55287356,放量,低,游资情绪,抢筹,资金观望型,资金+业绩共振(双击候选),B,关注：资金+业绩共振,88.2
605588,冠石科技,44.24,-69.0,0.91,24.0,0.51,1348874,-3645628,-30305167,1567131,1484021,-2454635,缩量,低,情绪退潮,进场,资金观望型,纯资金炒作(亏损风险),C,谨慎：纯资金炒作,12.2
605598,上海港湾,23.67,-71.9,0.25,-17.5,2.25,5348200,5357262,-723913,1557338,1026668,-2758485,缩量,低,情绪退潮,进场,趋势转多型,资金+业绩共振(双击候选),B,关注：资金+业绩共振,72.8
