code,name,price,cjb30,b30v100,veab,precip,m5,m10,m20,mainflow,jumbo,small,vol,lv,sig,phase,mode,matching,grade,greason,score
000009,中国宝安,6.97,-67.1,1.2,-36.1,-3.81,-15561042,-20363984,-26929404,3595602,3602838,1829394,缩量,低,情绪退潮,观望,资金撤退型,,D,回避：资金撤退,-1.3
000006,深振业Ａ,6.74,-52.0,0.44,-37.5,-7.16,-27223716,-10297545,-25876737,-6137736,-6799148,924880,缩量,低,情绪退潮,观望,资金观望型,,D,回避：资金观望,-2.4
000014,沙河股份,10.05,-50.8,0.95,-42.1,-7.03,-16299243,-16910830,-21611945,704925,563805,-2524239,缩量,低,情绪退潮,观望,资金撤退型,,D,回避：资金撤退,-2.3
000011,深物业A,8.39,-4.5,2.3,37.7,-4.09,-25708225,6360212,50738038,-4403672,1236028,6369140,缩量,低,情绪退潮,观望,高位分歧型,,D,回避：资金观望,-1.4
000007,全新好,11.19,-34.5,1.25,-29.9,-2.98,-12412649,-44862221,43059608,2914849,-870530,-874678,缩量,低,情绪退潮,观望,长线吸筹型,,D,回避：资金观望,-1.0
000002,万  科Ａ,3.03,-56.2,1.32,-1.5,-9.1,-132670251,-122889518,-52552774,246708,-4078142,389894,缩量,低,情绪退潮,观望,资金观望型,,D,回避：资金观望,-3.0
000001,平安银行,11.7,-14.0,1.6,-18.5,-0.38,-18548045,-158856786,183813691,23976268,-29805662,-97089000,缩量,低,情绪退潮,观望,长线吸筹型,,D,回避：资金观望,-0.1
000012,南  玻Ａ,3.73,-70.7,4.42,28.4,-2.62,-12098156,-1129175,-19985622,158960,-946599,3528510,缩量,低,情绪退潮,观望,资金观望型,,D,回避：资金观望,-0.9
000017,深中华A,7.5,301.4,1.69,-27.7,-6.26,-134803761,-208248454,-272395362,-12227337,-9665278,24073919,放量,低,游资情绪,观望,资金撤退型,,D,回避：资金撤退,5.9
000008,神州高铁,2.4,-46.2,0.4,-37.4,-6.18,-19037866,-39831330,-26057886,4381236,8656355,-1969110,缩量,低,情绪退潮,吸筹,资金观望型,纯资金炒作(亏损风险),C,谨慎：纯资金炒作,1.9
000019,深粮控股,6.74,248.8,0.15,25.7,9.77,150032982,72174222,151696701,-2384200,-1264215,2819205,放量,中,主力偏强放量,进场,资金观望型,资金+业绩共振(双击候选),B,关注：资金+业绩共振,91.3
000021,深科技,36.2,-58.8,5.2,-2.1,-1.56,-225810103,-728058283,-2324093333,342196675,301095193,-259608900,缩量,低,情绪退潮,吸筹,资金撤退型,机构吸筹+盈利(关注),C,谨慎：资金流入未验证业绩,23.5
000020,深华发Ａ,12.72,213.2,0.48,-27.5,1.1,10863100,27728323,-11537781,2988168,3122634,19975848,放量,低,游资情绪,进场,趋势转多型,资金+业绩共振(双击候选),B,关注：资金+业绩共振,80.4
000026,飞亚达,18.95,-48.0,0.46,-3.3,-4.62,-26411363,-795724,18874579,7263162,3374968,-8981823,缩量,低,情绪退潮,观望,资金观望型,,D,回避：资金观望,-1.5
000027,深圳能源,6.37,-28.5,0.64,-6.6,-1.43,-11130573,-12183565,-58579134,-5647943,-13683594,8237667,缩量,低,情绪退潮,观望,资金撤退型,,D,回避：资金撤退,-0.5
000030,富奥股份,3.96,-33.7,0.16,-18.8,-2.69,-5194732,-7765213,-21408804,-2132740,-99700,-160542,缩量,低,情绪退潮,观望,资金撤退型,,D,回避：资金撤退,-0.9
000025,特  力Ａ,14.57,-54.4,1.75,-63.3,-10.08,-36897698,-83402449,-27081444,-3396173,-1422001,-754281,缩量,低,情绪退潮,观望,长线吸筹型,,D,回避：资金观望,-3.4
000031,大悦城,2.13,-16.6,1.18,-3.2,-0.92,-3368219,21912406,31151011,1759946,-4778239,-7745037,缩量,低,情绪退潮,观望,资金观望型,,D,回避：资金观望,-0.3
000037,深南电A,9.79,26.9,0.44,45.1,1.16,18898871,-1666478,-1716720,-12695551,-13843273,3790652,缩量,低,情绪退潮,观望,资金观望型,,D,回避：资金观望,0.4
000028,国药一致,19.77,-61.1,0.58,-18.7,-7.6,-11952035,-23759756,-33753402,-1353087,509340,-1001224,缩量,低,情绪退潮,观望,资金撤退型,,D,回避：资金撤退,-2.5
000029,深深房Ａ,21.3,-64.9,2.12,-25.3,-13.14,-49330446,-56842954,-86068892,-6023920,293711,7796746,缩量,低,情绪退潮,观望,资金撤退型,,D,回避：资金撤退,-4.4
000035,中国天楹,4.84,-50.2,0.42,29.8,-5.44,-35029128,14666873,28366049,3270264,1775888,-5706269,缩量,低,情绪退潮,观望,资金观望型,,D,回避：资金观望,-1.8
000034,神州数码,23.32,-84.6,2.11,-20.9,-8.08,-107080141,-175138371,-538482212,22171485,26992448,-7768558,缩量,低,情绪退潮,吸筹,资金撤退型,机构吸筹+盈利(关注),C,谨慎：资金流入未验证业绩,21.3
000042,中洲控股,8.29,-48.4,1.42,-53.0,-5.28,-8115743,-11579907,-38245943,660886,-437483,5247108,缩量,低,情绪退潮,观望,资金撤退型,,D,回避：资金撤退,-1.8
000036,华联控股,3.8,-55.4,0.83,-18.8,-2.19,-7792616,-1499833,-6608716,8108194,7160211,-5697739,缩量,低,情绪退潮,吸筹,资金观望型,机构吸筹+盈利(关注),C,谨慎：资金流入未验证业绩,23.3
000045,深纺织Ａ,10.81,-65.5,0.64,-53.5,-7.31,-11249923,-33799931,-31246468,-1329982,316690,2259432,缩量,低,情绪退潮,观望,资金观望型,,D,回避：资金观望,-2.4
000032,深桑达Ａ,14.64,-54.0,3.56,-13.3,1.24,24043808,-94084861,-180969856,47636261,35243577,-28214395,缩量,低,情绪退潮,吸筹,资金观望型,纯资金炒作(亏损风险),C,谨慎：纯资金炒作,4.4
000050,深天马Ａ,6.52,-77.3,3.0,-4.1,4.69,26787173,25231175,2153094,-1506364,-3104994,-1659821,缩量,低,情绪退潮,观望,资金观望型,,D,回避：资金观望,1.6
000049,德赛电池,22.27,-48.4,0.3,-25.0,-9.37,-47139550,-61900456,-116007641,7787618,1881794,1354264,缩量,低,情绪退潮,观望,资金撤退型,,D,回避：资金撤退,-3.1
000039,中集集团,9.05,-14.0,0.5,-9.6,-0.61,-7123179,-51114596,-129540244,21783715,20735909,-4135023,缩量,低,情绪退潮,吸筹,资金撤退型,机构吸筹+盈利(关注),C,谨慎：资金流入未验证业绩,23.8
000058,深 赛 格,6.92,-47.1,0.86,15.1,-4.55,-8903795,-4063419,5913211,-3357659,-1354138,3849802,缩量,低,情绪退潮,观望,资金观望型,,D,回避：资金观望,-1.5
000060,中金岭南,6.22,-56.4,1.29,-27.9,-9.68,-274228349,-325890635,-345248262,-5980010,-13855093,19692741,缩量,低,情绪退潮,观望,资金撤退型,,D,回避：资金撤退,-3.2
000059,华锦股份,5.43,30.2,1.17,-20.8,-0.57,-8417225,-78380776,186368226,-3690172,-5782354,-7533122,缩量,低,情绪退潮,观望,长线吸筹型,,D,回避：资金观望,-0.2
000048,京基智农,19.83,-53.4,2.43,37.6,5.09,116429727,51478626,138128234,-5434594,-3452516,8410345,缩量,中,主力惜售,进场,资金观望型,资金+业绩共振(双击候选),B,关注：资金+业绩共振,85.7
000061,农 产 品,5.88,5.2,1.17,-18.0,-4.24,-35399228,-41732150,21630298,1652055,4681003,6897578,缩量,低,情绪退潮,观望,长线吸筹型,,D,回避：资金观望,-1.4
000062,深圳华强,22.95,-66.0,0.52,-27.3,-4.49,-76497055,-266359394,-136420990,17854830,19081019,-22794453,缩量,低,情绪退潮,观望,资金观望型,,D,回避：资金观望,-1.5
000055,方大集团,3.82,103.9,1.38,22.1,-0.22,-478474,624087,-6464883,32735686,29639464,-20764011,放量,低,游资情绪,抢筹,资金观望型,纯资金炒作(亏损风险),C,谨慎：纯资金炒作,27.9
000070,特发信息,17.23,30.4,0.44,53.9,0.77,59588674,148432547,158217351,-1413159,9660828,19332152,缩量,低,情绪退潮,观望,均衡流入型,,D,回避：资金观望,0.3
000068,华控赛格,3.21,8.7,1.51,0.3,1.86,4405571,8434330,-11008710,-1615387,-2969818,2060300,缩量,低,情绪退潮,观望,趋势转多型,,D,回避：资金观望,0.6
000069,华侨城Ａ,1.75,-52.9,1.21,-0.9,-6.09,-20004423,-41863690,-38469080,3778455,1147784,-2065200,缩量,低,情绪退潮,观望,资金观望型,,D,回避：资金观望,-2.0
000063,中兴通讯,32.37,-83.1,1.99,-25.0,-16.32,-1197114211,-3071321958,-4843646303,35157097,72487390,-35211132,缩量,低,情绪退潮,吸筹,资金撤退型,机构吸筹+盈利(关注),C,谨慎：资金流入未验证业绩,18.6
000065,北方国际,9.74,-3.6,0.27,-62.1,-3.18,-21161938,-61893343,-19195860,10313976,8614776,-8531677,缩量,低,情绪退潮,吸筹,长线吸筹型,机构吸筹+盈利(关注),C,谨慎：资金流入未验证业绩,22.9
000089,深圳机场,6.48,-45.7,2.71,-24.7,-2.92,-9612203,6757906,-1656853,892522,-1213377,1133686,缩量,低,情绪退潮,观望,资金观望型,,D,回避：资金观望,-1.0
000090,天健集团,3.42,-6.7,0.78,-2.0,-4.92,-12797091,-7996787,-5708818,7598292,5012805,-7106020,缩量,低,情绪退潮,观望,资金观望型,,D,回避：资金观望,-1.6
000096,广聚能源,8.01,-38.6,0.93,-13.5,-4.32,-9488631,-24184623,-28618813,-421462,-868902,3902452,缩量,低,情绪退潮,观望,资金撤退型,,D,回避：资金撤退,-1.4
000151,中成股份,10.12,-16.1,0.74,58.2,-1.01,-5671932,-6292024,-24087792,293596,-402204,1027167,缩量,低,情绪退潮,观望,资金撤退型,,D,回避：资金撤退,-0.3
000099,中信海直,13.01,-55.6,0.75,-2.6,-7.23,-27574245,-28938303,-57856968,-1873650,868269,3641514,缩量,低,情绪退潮,观望,资金撤退型,,D,回避：资金撤退,-2.4
000066,中国长城,14.15,-75.9,1.97,14.2,-14.06,-489163813,-557833058,-1033853559,85257318,92042833,-55743214,缩量,低,情绪退潮,吸筹,资金撤退型,纯资金炒作(亏损风险),C,谨慎：纯资金炒作,-0.7
000153,丰原药业,5.99,-5.6,0.48,-66.4,-0.42,-1279067,-8354386,-216748201,-1028753,3052,292089,缩量,低,情绪退潮,观望,资金撤退型,,D,回避：资金撤退,-0.1
000155,川能动力,11.71,-65.8,0.38,-36.7,-4.19,-45243608,-183554577,-322049932,-14571109,-18350823,5698587,缩量,低,情绪退潮,观望,资金撤退型,,D,回避：资金撤退,-1.4
000088,盐 田 港,4.51,25.9,0.97,70.7,-8.32,-86055186,-70155680,-87480210,13005836,10852609,-6552790,缩量,低,情绪退潮,吸筹,资金观望型,机构吸筹+盈利(关注),C,谨慎：资金流入未验证业绩,21.2
000156,华数传媒,6.9,-40.1,0.98,-17.4,-3.2,-6732777,-4131553,-18170294,-568638,621690,1928041,缩量,低,情绪退潮,观望,资金观望型,,D,回避：资金观望,-1.1
000100,TCL科技,4.76,-80.0,4.13,-22.5,-1.72,-120558354,-663260494,-682407005,98764799,91894767,-3700332,缩量,低,情绪退潮,吸筹,资金撤退型,机构吸筹+盈利(关注),C,谨慎：资金流入未验证业绩,23.4
000157,中联重科,6.22,23.4,0.73,-36.2,-6.88,-83791219,-219755411,-424544712,-211803970,-156387883,162696488,缩量,低,情绪退潮,观望,资金撤退型,,D,回避：资金撤退,-2.3
000158,常山北明,12.68,-35.4,0.61,-0.6,-8.58,-144956480,-381657931,-130844906,-21573785,-17857461,19544083,缩量,低,情绪退潮,观望,长线吸筹型,,D,回避：资金观望,-2.9
000166,申万宏源,4.4,-49.2,1.63,11.6,-3.89,-51783009,-131187123,-67221958,-6795413,-15657365,-9574503,缩量,低,情绪退潮,观望,资金观望型,,D,回避：资金观望,-1.3
000338,潍柴动力,25.52,-26.8,0.86,-20.6,3.23,296094292,-56840947,-558560884,-319795017,-102829509,338486323,缩量,低,情绪退潮,观望,资金观望型,,D,回避：资金观望,1.1
000400,许继电气,20.36,-66.9,0.61,-15.3,-2.07,-19570915,3067385,-75878122,-7336766,-3834114,18833725,缩量,低,情绪退潮,观望,资金观望型,,D,回避：资金观望,-0.7
000402,金 融 街,2.43,-39.6,0.69,-24.6,-3.57,-14281515,13396647,41812333,-95430,-744237,-3479065,缩量,低,情绪退潮,观望,高位分歧型,,D,回避：资金观望,-1.2
000403,派林生物,10.0,-68.4,2.06,-57.0,-5.53,-12017083,-8983991,-11079161,-387173,51549,745858,缩量,低,情绪退潮,观望,资金观望型,,D,回避：资金观望,-1.8
000404,长虹华意,6.86,-72.0,0.35,-13.6,-12.62,-31121426,-37174631,-25539294,2730130,1653889,-3036336,缩量,低,情绪退潮,观望,资金观望型,,D,回避：资金观望,-4.2
000159,国际实业,5.46,-49.3,0.44,-17.1,-5.6,-13004114,-28182202,-33531757,1378929,2071691,-1347542,缩量,低,情绪退潮,吸筹,资金撤退型,机构吸筹+盈利(关注),C,谨慎：资金流入未验证业绩,22.1
000407,胜利股份,4.22,-16.4,0.75,-7.7,1.92,6702146,7528147,8484826,-4591417,-2898330,2874875,缩量,低,情绪退潮,观望,均衡流入型,,D,回避：资金观望,0.6
000301,东方盛虹,13.63,-39.3,1.07,-6.4,-2.59,-48285620,-13452721,7014832,2699511,2049137,-1209590,缩量,低,情绪退潮,吸筹,资金观望型,机构吸筹+盈利(关注),C,谨慎：资金流入未验证业绩,23.1
000333,美的集团,85.0,-24.2,1.63,-1.5,-2.38,-226481139,-113965764,106381582,59630766,61809551,-35371181,缩量,低,情绪退潮,吸筹,资金观望型,机构吸筹+盈利(关注),C,谨慎：资金流入未验证业绩,23.2
000401,金隅冀东,3.47,-9.3,0.43,2.8,0.99,1685273,12552817,1124392,4226352,1800527,-8382851,缩量,低,情绪退潮,进场,趋势转多型,资金+业绩共振(双击候选),B,关注：资金+业绩共振,72.3
000409,云鼎科技,8.83,108.0,0.53,0.9,3.54,12219191,8195727,32032614,-7204182,-10084991,-4220144,放量,低,游资情绪,观望,资金观望型,,D,回避：资金观望,9.2
000410,沈阳机床,4.94,-44.0,0.81,-6.0,-10.53,-34657596,-21242252,-68314567,747376,-642134,-373423,缩量,低,情绪退潮,观望,资金观望型,,D,回避：资金观望,-3.5
000411,英特集团,9.86,-35.5,0.78,-18.7,-3.55,-4834625,-9466206,-26581175,346972,-812421,-4478830,缩量,低,情绪退潮,观望,资金撤退型,,D,回避：资金撤退,-1.2
000415,渤海租赁,4.47,-37.8,1.06,0.5,-11.51,-133549122,-288434815,-377562513,-16902676,-23035002,5545273,缩量,低,情绪退潮,观望,资金撤退型,,D,回避：资金撤退,-3.8
000419,通程控股,4.97,-32.4,0.57,26.9,-3.8,-7346607,-1781694,-3519642,81015,0,-2807017,缩量,低,情绪退潮,观望,资金观望型,,D,回避：资金观望,-1.3
000421,南京公用,5.67,9.8,0.96,-51.6,-5.38,-12562486,-10573027,37206016,3376981,362457,-1441748,缩量,低,情绪退潮,观望,长线吸筹型,,D,回避：资金观望,-1.8
000420,吉林化纤,3.52,-55.7,0.28,19.0,-10.8,-73722704,-89805997,-63219835,4146351,8724074,2614641,缩量,低,情绪退潮,观望,资金观望型,,D,回避：资金观望,-3.6
000408,藏格矿业,72.3,-40.4,0.9,-22.5,-3.14,-119739976,-238636300,247402826,54783858,60168199,-30023728,缩量,低,情绪退潮,吸筹,长线吸筹型,机构吸筹+盈利(关注),C,谨慎：资金流入未验证业绩,23.0
000422,湖北宜化,11.85,-67.9,0.62,-5.3,-9.58,-120297415,-218250538,-266865012,-12857785,-7363477,15393256,缩量,低,情绪退潮,观望,资金撤退型,,D,回避：资金撤退,-3.2
000425,徐工机械,7.58,69.0,0.8,-0.7,-4.06,-173024582,-377243394,-281700560,6935257,-2098032,12051723,放量,低,游资情绪,观望,资金观望型,,D,回避：资金观望,6.6
000426,兴业银锡,36.5,-25.3,0.81,-51.1,-0.43,-38300581,-274385173,181892392,86669743,57321452,-153490202,缩量,低,情绪退潮,观望,资金观望型,,D,回避：资金观望,-0.1
000429,粤高速Ａ,12.74,-34.8,2.09,27.6,0.51,3373854,-17704892,-94263211,-3709222,-5683588,1723596,缩量,低,情绪退潮,观望,资金观望型,,D,回避：资金观望,0.2
000417,合百集团,5.57,-67.6,4.87,263.9,-0.5,-7592665,29777974,7645091,8410219,9286653,-2181507,缩量,低,情绪退潮,吸筹,资金观望型,机构吸筹+盈利(关注),C,谨慎：资金流入未验证业绩,23.8
000428,华天酒店,4.06,162.0,1.66,95.0,0.65,13827121,92723949,213708188,-38353494,-26415759,44294301,放量,低,游资情绪,观望,均衡流入型,,D,回避：资金观望,8.2
000498,山东路桥,4.9,-17.7,0.41,-22.8,-1.86,-3616272,-16188680,-52766439,3071840,2241580,-3966980,缩量,低,情绪退潮,观望,资金撤退型,,D,回避：资金撤退,-0.6
000430,张家界,6.73,130.0,0.96,307.6,-2.59,-36792866,-21392607,-43441747,-14004631,-2112425,31002491,放量,低,游资情绪,观望,资金观望型,,D,回避：资金观望,7.1
000501,武商集团,7.09,-22.0,1.21,93.3,-10.74,-47558066,-1146262,-17975164,785158,883065,817592,缩量,低,情绪退潮,观望,资金观望型,,D,回避：资金观望,-3.6
000503,国新健康,6.65,-59.1,1.1,-40.8,-9.9,-26445108,-32173693,42674532,-4036961,-3249442,-399304,缩量,低,情绪退潮,观望,长线吸筹型,,D,回避：资金观望,-3.3
000423,东阿阿胶,46.0,-41.5,0.71,-32.4,2.69,29025329,20420967,-9351642,3277040,2398822,4223452,缩量,低,情绪退潮,进场,资金观望型,资金+业绩共振(双击候选),B,关注：资金+业绩共振,72.9
000505,京粮控股,6.33,414.5,0.67,-22.2,-6.78,-115789992,-282671512,-226795790,3288474,772054,2823006,放量,低,游资情绪,观望,资金观望型,,D,回避：资金观望,5.7
000504,南华生物,8.27,-60.9,2.86,20.9,2.99,6310248,15645586,11648643,-1552777,-538123,-503578,缩量,低,情绪退潮,观望,趋势转多型,,D,回避：资金观望,1.0
000507,珠海港,5.05,-37.5,1.0,18.0,-1.57,-4287938,-24223736,-39130331,-2162687,-1192600,-3458877,缩量,低,情绪退潮,观望,资金撤退型,,D,回避：资金撤退,-0.5
000509,华塑控股,3.48,-51.8,1.31,-19.0,-0.81,-2221668,-675691,-31975150,-5535531,-4870282,4547584,缩量,低,情绪退潮,观望,资金观望型,,D,回避：资金观望,-0.3
000513,丽珠集团,26.23,-49.9,1.53,-49.0,-5.07,-37451583,-44342982,-178025937,-3307819,-4230357,12596204,缩量,低,情绪退潮,观望,资金撤退型,,D,回避：资金撤退,-1.7
000516,国际医学,4.19,-28.9,1.01,27.6,-2.88,-15658106,19994134,26321700,-589510,-4085241,2476422,缩量,低,情绪退潮,观望,资金观望型,,D,回避：资金观望,-1.0
000506,招金黄金,19.59,22.5,1.67,-54.3,0.04,1684138,-236655009,16950401,37324115,32035878,-38911692,缩量,低,情绪退潮,进场,资金观望型,资金+业绩共振(双击候选),B,关注：资金+业绩共振,72.0
000517,荣安地产,2.0,6.3,1.74,-32.8,0.32,942829,-26099979,-65891273,-4164531,-3699532,-3101394,缩量,低,情绪退潮,观望,资金观望型,,D,回避：资金观望,0.1
000519,中兵红箭,15.43,-36.3,3.46,156.3,-3.98,-258576625,-132516308,-287241400,-101886384,-86635791,77266823,缩量,低,情绪退潮,观望,资金观望型,,D,回避：资金观望,-1.3
000520,凤凰航运,4.02,-8.0,2.03,86.4,-2.58,-26707090,62996456,53663074,-5758158,-591504,14606565,缩量,低,情绪退潮,观望,资金观望型,,D,回避：资金观望,-0.9
000510,新金路,18.0,-40.1,1.45,6.4,-6.07,-231196069,-248267823,-83924275,28556186,29633127,-1636282,缩量,低,情绪退潮,吸筹,资金观望型,纯资金炒作(亏损风险),C,谨慎：纯资金炒作,2.0
000514,渝 开 发,4.08,-29.7,0.96,-39.4,-5.55,-9376550,-22860862,10075702,1825985,738000,-611139,缩量,低,情绪退潮,吸筹,长线吸筹型,机构吸筹+盈利(关注),C,谨慎：资金流入未验证业绩,22.1
000523,红棉股份,3.27,1021.0,1.1,105.5,-10.97,-730113560,-619485195,-375617466,-6442312,14988598,32956584,放量,低,游资情绪,观望,高位分歧型,,D,回避：资金观望,4.3
000524,岭南控股,8.81,-53.1,0.73,-30.5,-12.59,-58087196,-143386140,-74049201,1025525,298874,-4795631,缩量,低,情绪退潮,观望,长线吸筹型,,D,回避：资金观望,-4.2
000518,四环生物,3.79,-73.5,3.16,-32.1,-2.12,-10574062,-5328725,6679730,627533,2835558,-1275905,缩量,低,情绪退潮,吸筹,资金观望型,纯资金炒作(亏损风险),C,谨慎：纯资金炒作,3.3
000525,红太阳,4.54,-14.1,0.85,-31.8,-7.11,-37997076,-61449057,-102197620,2022548,1190520,-1577212,缩量,低,情绪退潮,观望,资金撤退型,,D,回避：资金撤退,-2.4
000526,学大教育,35.14,-58.4,1.39,-60.6,-8.19,-28343050,-11645088,12295634,1856560,-1643765,-6275920,缩量,低,情绪退潮,观望,高位分歧型,,D,回避：资金观望,-2.7
000521,长虹美菱,4.36,-75.7,2.21,90.3,-6.85,-20492340,-20984222,-29580784,2231256,1889747,-1323975,缩量,低,情绪退潮,吸筹,资金撤退型,机构吸筹+盈利(关注),C,谨慎：资金流入未验证业绩,21.7
000529,广弘控股,4.84,-6.3,0.7,55.2,-3.75,-4918096,-3401584,1185025,2206912,170540,-4890746,缩量,低,情绪退潮,观望,资金观望型,,D,回避：资金观望,-1.2
000528,柳    工,7.73,116.3,1.15,24.3,-1.86,-25321999,-16504115,-74504682,-67192197,-67832474,9393342,放量,低,游资情绪,观望,资金观望型,,D,回避：资金观望,7.4
000531,穗恒运Ａ,5.76,-24.7,0.33,67.2,0.74,2674781,12204865,-15086124,-1261615,-1768650,-1627824,缩量,低,情绪退潮,观望,趋势转多型,,D,回避：资金观望,0.2
000530,冰山冷热,5.07,-51.4,0.59,28.0,-5.86,-15476065,8063958,-5570891,-1086495,749262,-1555147,缩量,低,情绪退潮,观望,资金观望型,,D,回避：资金观望,-2.0
000533,顺钠股份,11.18,-39.7,0.34,-3.9,-0.93,-24832972,-67982605,-27450141,-24753714,-10059915,56344131,缩量,低,情绪退潮,观望,资金观望型,,D,回避：资金观望,-0.3
000534,万泽股份,23.43,-58.2,0.47,27.2,-0.27,-4284751,30188289,-56421290,-17813258,-16078116,19121242,缩量,低,情绪退潮,观望,资金观望型,,D,回避：资金观望,-0.1
000537,绿发电力,7.6,-29.1,0.26,37.0,-0.27,-3210756,-31181634,-67998304,-9795730,-2887100,9788722,缩量,低,情绪退潮,观望,资金撤退型,,D,回避：资金撤退,-0.1
000541,佛山照明,4.86,-68.7,1.4,-6.9,-9.41,-10748838,-12103158,-21416733,719315,582000,228279,缩量,低,情绪退潮,观望,资金撤退型,,D,回避：资金撤退,-3.1
000538,云南白药,50.84,-36.1,1.65,-8.1,0.13,2137054,-18216794,-62752382,-823785,-3275485,-31625132,缩量,低,情绪退潮,观望,资金观望型,,D,回避：资金观望,0.0
000539,粤电力Ａ,5.31,-64.5,0.67,49.4,0.6,11860000,-8508849,-81708090,-7517322,4316218,22537112,缩量,低,情绪退潮,观望,资金观望型,,D,回避：资金观望,0.2
000543,皖能电力,7.52,-48.0,0.89,13.7,-2.88,-24539464,-38364378,-185120615,2163379,650061,10613791,缩量,低,情绪退潮,观望,资金撤退型,,D,回避：资金撤退,-1.0
000532,华金资本,12.21,476.5,0.68,100.3,6.59,75996529,68742683,55098025,32035242,15203592,-30905268,放量,中,主力偏强放量,进场,资金观望型,资金+业绩共振(双击候选),B,关注：资金+业绩共振,90.2
000544,中原环保,7.29,-64.5,0.83,-25.3,-5.45,-4648823,-1001672,-873166,-1508065,-2264608,-747660,缩量,低,情绪退潮,观望,资金观望型,,D,回避：资金观望,-1.8
000536,华映科技,3.38,-52.4,1.94,-39.4,-4.96,-33800009,-149846393,260258106,5171052,5987841,-5475352,缩量,低,情绪退潮,吸筹,长线吸筹型,纯资金炒作(亏损风险),C,谨慎：纯资金炒作,2.3
000546,金圆股份,4.5,-64.3,0.19,-22.3,-4.39,-8481134,-15892225,-15390652,569771,1355587,2213288,缩量,低,情绪退潮,观望,资金观望型,,D,回避：资金观望,-1.5
000547,航天发展,14.8,-50.6,0.27,29.6,-0.24,-9267945,-28259497,-341480691,-13252258,12856352,32982765,缩量,低,情绪退潮,观望,资金撤退型,,D,回避：资金撤退,-0.1
000548,湖南投资,4.53,-10.9,0.84,10.6,-1.39,-1933950,-7433121,-3140851,1506736,-675000,726375,缩量,低,情绪退潮,观望,资金观望型,,D,回避：资金观望,-0.5
000550,江铃汽车,17.3,40.6,0.68,7.8,-3.81,-16378949,-7588662,-24432508,-4370410,-5192923,7620218,缩量,低,情绪退潮,观望,资金观望型,,D,回避：资金观望,-1.3
000545,金浦钛业,2.18,-41.2,1.02,6.0,0.3,1479135,-69040549,10293049,609115,-522514,-3987300,缩量,低,情绪退潮,进场,长线吸筹型,纯资金炒作(亏损风险),C,谨慎：纯资金炒作,12.1
000551,创元科技,12.17,-83.5,2.59,-24.9,-3.03,-18206579,-72067481,-178257431,-1499604,-1636354,-1650555,缩量,低,情绪退潮,观望,资金撤退型,,D,回避：资金撤退,-1.0
000552,甘肃能化,2.52,20.8,0.29,-5.3,-2.16,-22161702,-15396256,-23266631,20169648,15018358,-17927158,缩量,低,情绪退潮,观望,资金观望型,,D,回避：资金观望,-0.7
000555,神州信息,10.38,-64.1,0.55,-30.4,-4.58,-23757642,-47585771,-96596596,-7746096,-3022945,9806651,缩量,低,情绪退潮,观望,资金撤退型,,D,回避：资金撤退,-1.5
000553,安道麦A,5.66,-15.3,1.15,7.2,-3.56,-9966308,-5520142,-33509821,3567773,3133701,-5993459,缩量,低,情绪退潮,观望,资金观望型,,D,回避：资金观望,-1.2
000554,泰山石油,6.57,-19.2,1.02,32.0,2.27,18800539,50361094,15647685,-6160120,-3885464,-6815678,缩量,低,情绪退潮,观望,趋势转多型,,D,回避：资金观望,0.8
000558,天府文旅,3.55,-17.7,0.65,19.5,-5.13,-35549707,-25856650,-59635186,-1516987,-1011275,-971446,缩量,低,情绪退潮,观望,资金观望型,,D,回避：资金观望,-1.7
000557,西部创业,3.68,-5.8,0.92,-7.1,-2.73,-3633586,-4108886,-6028526,25378,-1750712,-5801828,缩量,低,情绪退潮,观望,资金撤退型,,D,回避：资金撤退,-0.9
000559,万向钱潮,10.3,-70.6,0.28,1.1,-3.8,-38236624,-68079517,-159570349,-7159292,4547498,10369449,缩量,低,情绪退潮,观望,资金撤退型,,D,回避：资金撤退,-1.3
000560,我爱我家,2.65,219.6,0.58,54.5,-6.16,-261696048,343075364,737442266,-18240743,-8193875,38651267,放量,低,游资情绪,观望,高位分歧型,,D,回避：资金观望,5.9
000561,烽火电子,7.95,134.7,0.8,33.3,-1.17,-6097391,-5151821,-12891811,11096008,-601643,-36768888,放量,低,游资情绪,观望,资金观望型,,D,回避：资金观望,7.6
000563,陕国投Ａ,2.97,-15.2,1.09,-12.1,0.16,970635,-16526410,-29662944,-3164677,2571322,4661948,缩量,低,情绪退潮,观望,资金观望型,,D,回避：资金观望,0.1
000564,供销大集,1.49,-23.0,0.9,22.1,-7.65,-194787005,-300599862,-311891129,9826500,15589808,2557245,缩量,低,情绪退潮,观望,资金撤退型,,D,回避：资金撤退,-2.6
000565,渝三峡Ａ,6.62,166.6,1.36,85.3,3.91,57308330,48599874,109085621,-13131026,-6953920,15320698,放量,低,游资情绪,观望,资金观望型,,D,回避：资金观望,9.3
000566,海南海药,4.55,-85.9,7.23,-59.6,-4.83,-47044404,-89056250,43281897,-11851926,-9602186,10565925,缩量,低,情绪退潮,观望,长线吸筹型,,D,回避：资金观望,-1.6
000570,苏常柴Ａ,5.1,-47.3,0.14,-24.2,-7.57,-15199972,-25049296,-27927952,-2853716,-1777679,3525711,缩量,低,情绪退潮,观望,资金撤退型,,D,回避：资金撤退,-2.5
000573,粤宏远Ａ,3.65,-44.3,0.48,-37.3,-0.58,-1168642,-10235541,-20383978,1549250,-887923,-503129,缩量,低,情绪退潮,观望,资金撤退型,,D,回避：资金撤退,-0.2
000576,甘化科工,8.21,-2.8,1.2,-20.4,-6.81,-44198616,-78821163,-3504756,-4272246,-1138756,5823870,缩量,低,情绪退潮,观望,长线吸筹型,,D,回避：资金观望,-2.3
000581,威孚高科,18.05,-44.4,0.31,-46.7,-0.15,-652775,-23647242,-48564096,-5843775,-2061844,8242906,缩量,低,情绪退潮,观望,资金撤退型,,D,回避：资金撤退,-0.0
000567,海德股份,5.9,-21.3,2.27,-21.6,-3.99,-33751336,-101431985,5731354,5449958,6022610,-2645085,缩量,低,情绪退潮,吸筹,长线吸筹型,机构吸筹+盈利(关注),C,谨慎：资金流入未验证业绩,22.7
000582,北部湾港,10.65,85.0,1.59,106.8,-2.1,-70813058,-214738653,-360111958,-199257530,-150740244,162208949,放量,低,游资情绪,观望,资金撤退型,,D,回避：资金撤退,7.3
000568,泸州老窖,72.35,-68.0,1.53,-13.6,-6.9,-196824663,-346243726,-519019140,22547297,17003746,-12581279,缩量,低,情绪退潮,吸筹,资金撤退型,机构吸筹+盈利(关注),C,谨慎：资金流入未验证业绩,21.7
000572,海马汽车,4.04,196.6,1.26,131.2,5.58,136672217,148315369,154586753,2761499,-410621,-20257903,放量,中,主力偏强放量,进场,均衡流入型,纯资金炒作(亏损风险),C,谨慎：纯资金炒作,29.9
000589,贵州轮胎,4.23,0.5,1.23,-13.4,-2.59,-11765996,-3629027,-9617342,2545942,503471,-20117853,缩量,低,情绪退潮,观望,资金观望型,,D,回避：资金观望,-0.9
000571,新大洲A,6.14,-20.3,1.36,-20.5,0.74,4450603,-9249384,-74662271,13134112,11716291,-6497945,缩量,低,情绪退潮,吸筹,资金观望型,纯资金炒作(亏损风险),C,谨慎：纯资金炒作,4.2
000591,太阳能,4.35,-25.6,0.42,51.7,0.19,2053921,-18307597,-57979516,-2994866,871554,3625733,缩量,低,情绪退潮,观望,资金观望型,,D,回避：资金观望,0.1
000595,新能股份,5.43,-66.0,1.82,-34.8,-1.61,-9485961,-74654828,-44551951,740016,-2052285,1621483,缩量,低,情绪退潮,观望,资金观望型,,D,回避：资金观望,-0.5
000593,德龙汇能,21.25,-68.8,0.88,-38.9,-0.24,-2377529,-27203485,-257384848,-8086057,-2173905,4111958,缩量,低,情绪退潮,观望,资金撤退型,,D,回避：资金撤退,-0.1
000586,汇源通信,14.28,136.7,0.1,41.1,0.2,2274226,-13667085,33413066,5802932,5399596,12323041,放量,低,游资情绪,抢筹,资金观望型,纯资金炒作(亏损风险),C,谨慎：纯资金炒作,28.1
000596,古井贡酒,93.21,-63.4,2.07,-13.2,-6.13,-77576458,-7095496,-64142310,-5632323,-5204339,11254236,缩量,低,情绪退潮,观望,资金观望型,,D,回避：资金观望,-2.0
000590,古汉医药,8.84,-50.9,0.8,-50.0,2.39,3012889,-1275128,16997724,17627,0,-353576,缩量,低,情绪退潮,进场,资金观望型,纯资金炒作(亏损风险),C,谨慎：纯资金炒作,12.8
000599,青岛双星,4.6,-29.0,1.01,4.9,3.79,8730547,11655659,-4479509,-4665903,-2098161,5097539,缩量,低,情绪退潮,观望,趋势转多型,,D,回避：资金观望,1.3
000598,兴蓉环境,7.05,-42.2,1.59,-14.0,-5.3,-30633252,-24083071,-70113275,-253656,3970735,-5012238,缩量,低,情绪退潮,观望,资金观望型,,D,回避：资金观望,-1.8
000600,建投能源,7.35,-66.6,1.44,-4.2,-5.05,-38002553,-38389334,-151320151,-10777284,-6173164,13633904,缩量,低,情绪退潮,观望,资金撤退型,,D,回避：资金撤退,-1.7
000601,韶能股份,6.31,-58.2,0.51,51.7,-1.71,-31243600,-30796727,-89222440,-12021845,-4689420,17711270,缩量,低,情绪退潮,观望,资金观望型,,D,回避：资金观望,-0.6
000592,平潭发展,8.71,259.4,0.41,126.5,-0.89,-127070112,564833532,941593090,789391866,863889757,-426104361,放量,低,游资情绪,抢筹,资金观望型,纯资金炒作(亏损风险),C,谨慎：纯资金炒作,27.7
000608,阳光股份,7.12,-64.7,3.78,14.6,-0.13,-1050543,18730035,25684865,-12038392,-12858619,4396763,缩量,低,情绪退潮,观望,资金观望型,,D,回避：资金观望,-0.0
000597,东北制药,4.62,-44.6,0.72,-58.6,2.96,7235038,8905656,-5921780,1040990,0,-2945814,缩量,低,情绪退潮,进场,趋势转多型,资金+业绩共振(双击候选),B,关注：资金+业绩共振,73.0
000607,华媒控股,3.89,178.0,1.09,53.0,0.58,2160033,261443,7922355,6031055,4341208,-8580698,放量,低,游资情绪,抢筹,资金观望型,纯资金炒作(亏损风险),C,谨慎：纯资金炒作,28.2
000612,焦作万方,11.47,104.4,0.75,29.9,2.96,83384339,-26652608,-63345524,-28848378,14413723,69645043,放量,低,游资情绪,观望,资金观望型,,D,回避：资金观望,9.0
000605,渤海股份,5.79,-29.6,0.99,-3.6,1.75,2017151,1771656,2500854,309765,-579000,484472,缩量,低,情绪退潮,进场,资金观望型,资金+业绩共振(双击候选),B,关注：资金+业绩共振,72.6
000603,盛达资源,35.27,21.6,1.31,-56.3,-1.48,-73117750,-396315341,58076326,90222467,75650490,-72983771,缩量,低,情绪退潮,吸筹,长线吸筹型,机构吸筹+盈利(关注),C,谨慎：资金流入未验证业绩,23.5
000619,海螺新材,4.88,-27.6,0.9,9.0,-1.66,-2541225,-4541176,-2451338,276595,-907480,-593882,缩量,低,情绪退潮,观望,资金观望型,,D,回避：资金观望,-0.6
000623,吉林敖东,17.46,-56.3,1.62,-26.6,-9.76,-78522330,-84534701,-42443724,-2579770,67369,3117376,缩量,低,情绪退潮,观望,资金观望型,,D,回避：资金观望,-3.3
000625,长安汽车,7.08,-61.1,0.86,47.9,-2.56,-47717452,58572741,-24867829,-15412772,-9510813,24969418,缩量,低,情绪退潮,观望,资金观望型,,D,回避：资金观望,-0.9
000628,高新发展,56.2,21.9,0.48,0.9,-4.31,-127063885,-60975052,325331839,45161075,30938196,1769255,缩量,低,情绪退潮,观望,高位分歧型,,D,回避：资金观望,-1.4
000629,钒钛股份,2.9,-63.3,1.42,-21.8,-9.62,-99530524,-135593922,-198069454,-24517369,-22933854,23635859,缩量,低,情绪退潮,观望,资金撤退型,,D,回避：资金撤退,-3.2
000630,铜陵有色,6.09,-56.2,1.1,-29.6,-13.32,-801635065,-950356568,-1252742384,12550330,32245413,20140448,缩量,低,情绪退潮,观望,资金撤退型,,D,回避：资金撤退,-4.4
000626,远大控股,8.74,79.5,0.31,22.3,-7.36,-75018103,-78114070,49636932,-6602609,-3124535,10194223,放量,低,游资情绪,观望,长线吸筹型,,D,回避：资金观望,5.5
000617,中油资本,6.82,-32.0,0.39,-36.2,-8.64,-230390787,-438728348,-651343008,50314247,43933428,-36272463,缩量,低,情绪退潮,吸筹,资金撤退型,机构吸筹+盈利(关注),C,谨慎：资金流入未验证业绩,21.1
000620,盈新发展,3.16,-16.0,3.31,-24.9,-4.45,-191957357,136545729,-211744196,57145970,71137213,-59125691,缩量,低,情绪退潮,吸筹,资金观望型,纯资金炒作(亏损风险),C,谨慎：纯资金炒作,2.5
000635,英 力 特,7.36,86.9,0.72,541.8,-2.39,-12897449,-41610249,-30890196,-2882136,-477943,6106905,放量,低,游资情绪,观望,资金观望型,,D,回避：资金观望,7.2
000650,仁和药业,5.18,-37.6,1.83,-43.2,1.87,7392405,3143890,9476764,-4955132,-7316698,1673698,缩量,低,情绪退潮,观望,资金观望型,,D,回避：资金观望,0.6
000651,格力电器,38.1,-41.0,2.13,-38.3,0.11,5482815,-251271151,-664922847,-39843360,-56572506,49867204,缩量,低,情绪退潮,观望,资金观望型,,D,回避：资金观望,0.0
000652,泰达股份,3.34,-11.9,0.49,29.4,-7.23,-18173611,-15704840,-41416434,2078594,1463320,-4567719,缩量,低,情绪退潮,观望,资金观望型,,D,回避：资金观望,-2.4
000631,顺发恒能,2.95,-43.5,0.61,-4.5,-4.91,-6989760,-8962855,-18793760,1864897,2574168,-637071,缩量,低,情绪退潮,吸筹,资金撤退型,机构吸筹+盈利(关注),C,谨慎：资金流入未验证业绩,22.4
000655,金岭矿业,7.1,-27.1,0.58,-13.5,-3.77,-9181200,-8986869,24082695,-1700490,-1959516,1102112,缩量,低,情绪退潮,观望,长线吸筹型,,D,回避：资金观望,-1.3
000633,合金投资,5.14,-11.6,0.68,25.5,5.14,10837466,5839173,20317850,-2583819,-2520297,421532,缩量,中,主力惜售,进场,资金观望型,资金+业绩共振(双击候选),B,关注：资金+业绩共振,85.7
000656,金科股份,1.18,-57.2,1.95,-35.7,-8.22,-55853301,-61782994,-35380467,-6416602,1645335,2999723,缩量,低,情绪退潮,观望,资金观望型,,D,回避：资金观望,-2.7
000657,中钨高新,62.04,-11.6,0.8,-33.8,0.32,56303186,-691702838,-2689782268,-78723622,-59164610,-49729501,缩量,低,情绪退潮,观望,资金观望型,,D,回避：资金观望,0.1
000661,长春高新,71.36,-69.6,1.86,-56.6,-0.74,-8818994,37468218,-34232480,-8593551,-3317558,24890623,缩量,低,情绪退潮,观望,资金观望型,,D,回避：资金观望,-0.2
000665,湖北广电,4.1,24.2,1.01,-14.5,-6.47,-17511040,-31920682,-53454574,7417271,4533336,-5808043,缩量,低,情绪退潮,观望,资金撤退型,,D,回避：资金撤退,-2.2
000659,珠海中富,2.81,-35.4,0.81,-20.6,-4.67,-14785937,-13266832,-15195825,-6619799,-4176100,4607898,缩量,低,情绪退潮,观望,资金观望型,,D,回避：资金观望,-1.6
000637,茂化实华,4.1,-11.2,1.28,-3.5,3.23,5559616,7837485,1682643,1980592,1881010,-5972552,缩量,低,情绪退潮,进场,趋势转多型,纯资金炒作(亏损风险),C,谨慎：纯资金炒作,13.1
000636,风华高科,58.58,14.5,5.86,1.5,4.68,2092300140,1378283111,-1497058017,22546718,121021033,-6290070,缩量,低,情绪退潮,吸筹,资金观望型,资金+业绩共振(双击候选),B,关注：资金+业绩共振,65.6
000663,永安林业,6.0,67.4,0.83,-0.1,-2.54,-5773554,-2029210,-4631004,1238820,0,-3599706,放量,低,游资情绪,观望,资金观望型,,D,回避：资金观望,7.2
000668,荣丰控股,21.1,-49.7,2.23,-49.3,-1.12,-2345089,-14150565,13285186,-1204063,-274444,1786919,缩量,低,情绪退潮,观望,长线吸筹型,,D,回避：资金观望,-0.4
000672,上峰材料,14.93,-60.0,3.76,6.3,-4.21,-50336866,-40443374,-40230346,10033408,2362874,658773,缩量,低,情绪退潮,观望,资金观望型,,D,回避：资金观望,-1.4
000676,智度股份,6.62,-77.8,5.18,-22.8,-8.74,-98817479,-253160990,-249602497,-5227137,-2594834,3152817,缩量,低,情绪退潮,观望,资金观望型,,D,回避：资金观望,-2.9
000679,大连友谊,6.16,-1.1,1.91,269.7,1.89,13343302,20967174,13165037,-3545506,-2244670,8330716,缩量,低,情绪退潮,观望,趋势转多型,,D,回避：资金观望,0.6
000678,襄阳轴承,8.63,-58.2,0.67,-49.4,-3.87,-10283813,-10099514,-117924292,-2125630,-517800,3567173,缩量,低,情绪退潮,观望,资金观望型,,D,回避：资金观望,-1.3
000681,视觉中国,16.05,-64.6,1.19,29.3,-11.18,-176915799,-92381398,-106366910,2759224,11217718,6082047,缩量,低,情绪退潮,观望,资金观望型,,D,回避：资金观望,-3.7
000680,山推股份,9.42,62.3,0.96,13.0,-6.67,-68479119,-95061634,-80829798,-13983144,-551608,-7422779,放量,低,游资情绪,观望,资金观望型,,D,回避：资金观望,5.8
000682,东方电子,10.75,-69.1,0.82,-23.3,-9.33,-41155328,-79994259,-169861140,-7530219,-2577570,9960983,缩量,低,情绪退潮,观望,资金撤退型,,D,回避：资金撤退,-3.1
000686,东北证券,7.74,-55.4,2.05,-23.3,-0.57,-3481159,-35702969,-36390601,-4933562,-5227199,5715792,缩量,低,情绪退潮,观望,资金撤退型,,D,回避：资金撤退,-0.2
000685,中山公用,10.99,-58.6,1.6,-20.3,-6.13,-32037208,-70221010,-157374495,-3834413,-771021,-3435579,缩量,低,情绪退潮,观望,资金撤退型,,D,回避：资金撤退,-2.0
000690,宝新能源,5.25,-30.7,0.33,31.3,-6.89,-116805017,-111605090,-110153069,-51759,-1740625,9802948,缩量,低,情绪退潮,观望,资金观望型,,D,回避：资金观望,-2.3
000688,国城矿业,26.01,-56.7,0.68,-58.1,-0.07,-1170263,-195849901,-265664969,-1885445,5357617,17031657,缩量,低,情绪退潮,观望,资金撤退型,,D,回避：资金撤退,-0.0
000691,亚太实业,9.36,-63.6,3.99,1.2,-7.92,-26402763,-28449416,-38761497,-6416372,-5280380,11622937,缩量,低,情绪退潮,观望,资金撤退型,,D,回避：资金撤退,-2.6
000692,惠天热电,4.16,-16.4,0.77,-29.3,-2.94,-8695508,-5463726,-51277740,-1128145,1624905,1522386,缩量,低,情绪退潮,观望,资金观望型,,D,回避：资金观望,-1.0
000670,盈方微,7.96,75.7,1.15,9.0,-0.39,-9082450,-18976074,-94404448,274552667,298310043,-173462198,放量,低,游资情绪,抢筹,资金撤退型,纯资金炒作(亏损风险),C,谨慎：纯资金炒作,27.9
000683,博源化工,5.76,-26.1,0.92,-14.3,1.2,21850269,65121477,156776133,628036,16601209,-9135565,缩量,低,情绪退潮,吸筹,均衡流入型,资金+业绩共振(双击候选),B,关注：资金+业绩共振,64.4
000695,滨海能源,13.12,-52.4,0.48,-64.5,-2.42,-7424938,-16962205,57097153,794298,1185321,5377343,缩量,低,情绪退潮,观望,长线吸筹型,,D,回避：资金观望,-0.8
000697,炼石航空,8.83,-63.7,1.54,8.0,-11.43,-32233765,-11929260,-20769118,-3087140,-2208114,2141947,缩量,低,情绪退潮,观望,资金观望型,,D,回避：资金观望,-3.8
000700,模塑科技,11.13,-70.9,2.13,33.4,-1.73,-34029153,13011747,-89055238,-17825732,-15831284,22352743,缩量,低,情绪退潮,观望,资金观望型,,D,回避：资金观望,-0.6
000701,厦门信达,5.17,8.8,1.17,3.5,-3.69,-11100218,1104021,11687578,-165263,419845,965355,缩量,低,情绪退潮,观望,资金观望型,,D,回避：资金观望,-1.2
000702,正虹科技,5.65,16.0,0.4,255.4,-4.61,-18300939,5864709,4461344,529135,-1212145,-836866,缩量,低,情绪退潮,观望,资金观望型,,D,回避：资金观望,-1.5
000703,恒逸石化,17.48,0.8,1.77,-40.2,-0.85,-55904779,145277462,726731468,115898032,51167874,-180747616,缩量,低,情绪退潮,观望,高位分歧型,,D,回避：资金观望,-0.3
000707,双环科技,4.45,-40.0,0.23,27.0,1.67,3120704,-271708,-7842643,-419017,-1272128,-643200,缩量,低,情绪退潮,观望,资金观望型,,D,回避：资金观望,0.6
000710,贝瑞基因,8.39,-56.9,1.59,-74.2,-3.41,-11197448,-40720944,21252586,-781332,109661,2999613,缩量,低,情绪退潮,观望,长线吸筹型,,D,回避：资金观望,-1.1
000711,京蓝科技,5.07,38.7,0.9,-18.9,-19.53,-502414578,-968851771,-1386548655,-1728570,-12142181,-30413571,缩量,低,情绪退潮,观望,资金撤退型,,D,回避：资金撤退,-6.5
000712,锦龙股份,10.0,203.4,1.7,29.1,-5.05,-204766171,-341794433,232060499,-13883900,-27177393,-18853177,放量,低,游资情绪,观望,长线吸筹型,,D,回避：资金观望,6.3
000713,国投丰乐,6.22,846.1,0.71,37.2,1.97,31813199,-10320504,81335722,-10262809,-6818905,23182913,放量,低,游资情绪,观望,资金观望型,,D,回避：资金观望,8.7
000715,中兴商业,5.23,21.1,0.19,-14.8,-5.21,-15614466,-35730353,-36238204,677882,-250632,3078860,缩量,低,情绪退潮,观望,资金撤退型,,D,回避：资金撤退,-1.7
000705,浙江震元,6.89,-33.0,0.85,-16.5,0.79,1339290,-8615996,-15302241,850986,0,-2482699,缩量,低,情绪退潮,进场,资金观望型,资金+业绩共振(双击候选),B,关注：资金+业绩共振,72.3
000716,黑芝麻,5.03,49.9,1.93,-36.0,-8.72,-73883889,-146508999,-79978435,-2652628,-3858558,-4944049,缩量,低,情绪退潮,观望,资金观望型,,D,回避：资金观望,-2.9
000708,中信特钢,13.25,-18.6,1.08,-3.9,3.2,30166522,8744519,5210721,450948,-2745409,-1165581,缩量,低,情绪退潮,进场,资金观望型,资金+业绩共振(双击候选),B,关注：资金+业绩共振,73.1
000718,苏宁环球,1.93,-18.2,0.8,-11.9,-1.47,-2997913,-2768300,-9150042,5740269,803006,-6360495,缩量,低,情绪退潮,观望,资金观望型,,D,回避：资金观望,-0.5
000709,河钢股份,2.06,-20.0,1.15,-0.3,1.6,13151191,27793298,17365926,9121890,5534241,-12489799,缩量,低,情绪退潮,进场,趋势转多型,资金+业绩共振(双击候选),B,关注：资金+业绩共振,72.5
000719,中原传媒,12.15,3.6,0.33,-15.1,-0.51,-1323513,11491981,-5868970,-5339502,-4283476,6200619,缩量,低,情绪退潮,观望,资金观望型,,D,回避：资金观望,-0.2
000721,西安饮食,5.96,22.1,1.01,39.9,-6.67,-73073431,-70782026,112457856,-4615214,-3231661,8127068,缩量,低,情绪退潮,观望,长线吸筹型,,D,回避：资金观望,-2.2
000717,中南股份,2.19,-7.6,1.28,-15.0,2.97,6439526,7847938,-11650291,4799275,3632259,-6903656,缩量,低,情绪退潮,进场,趋势转多型,纯资金炒作(亏损风险),C,谨慎：纯资金炒作,13.0
000722,湖南发展,14.3,52.5,0.54,344.6,2.84,122218144,140068346,125618728,-23383736,-24133144,20007450,放量,低,游资情绪,观望,趋势转多型,,D,回避：资金观望,8.9
000723,美锦能源,3.64,7.1,0.78,-50.2,-2.69,-41388152,-46321405,412342762,9148875,21796259,5279516,缩量,低,情绪退潮,观望,长线吸筹型,,D,回避：资金观望,-0.9
000728,国元证券,7.52,-61.2,1.21,-43.7,-3.18,-23852167,-135260241,-302927232,-8779960,-2050594,10799087,缩量,低,情绪退潮,观望,资金撤退型,,D,回避：资金撤退,-1.1
000720,新能泰山,4.17,91.2,0.19,-8.8,1.35,12001379,-2225310,-48386034,117227034,137523713,-64081900,放量,低,游资情绪,抢筹,资金观望型,纯资金炒作(亏损风险),C,谨慎：纯资金炒作,28.4
000737,北方铜业,14.42,100.0,1.36,23.1,-5.62,-464917719,80705503,237451607,9765029,-8235559,-34301490,放量,低,游资情绪,观望,资金观望型,,D,回避：资金观望,6.1
000733,振华科技,41.36,-59.1,3.3,-10.7,-0.48,-10240934,-82637053,-161322998,9405781,-8093456,-2759442,缩量,低,情绪退潮,观望,资金撤退型,,D,回避：资金撤退,-0.2
000725,京东方Ａ,5.45,-74.6,6.47,-31.8,-8.0,-1716688247,-5111627744,-8622315734,538814426,469762099,-328539418,缩量,低,情绪退潮,吸筹,资金撤退型,机构吸筹+盈利(关注),C,谨慎：资金流入未验证业绩,21.3
000738,航发控制,19.36,-25.2,0.48,51.8,-5.57,-84233338,-42972581,-50276358,-13094259,-7817992,18928595,缩量,低,情绪退潮,观望,资金观望型,,D,回避：资金观望,-1.9
000726,鲁  泰Ａ,6.16,252.3,0.42,66.1,1.14,4361107,908609,-23043703,8038401,4335620,-6062041,放量,低,游资情绪,抢筹,资金观望型,资金+业绩共振(双击候选),B,关注：资金+业绩共振,88.4
000727,冠捷科技,2.24,-53.0,0.89,-26.3,0.22,1343343,-74445806,-58092382,8745675,16839082,-745835,缩量,低,情绪退潮,吸筹,资金观望型,纯资金炒作(亏损风险),C,谨慎：纯资金炒作,4.1
000729,燕京啤酒,10.8,-44.2,0.85,-40.7,1.6,13705112,16217786,-26235419,8475968,-177885,-13745588,缩量,低,情绪退潮,进场,趋势转多型,资金+业绩共振(双击候选),B,关注：资金+业绩共振,72.5
000739,普洛药业,22.59,-47.2,2.0,-36.8,-2.68,-36270420,-114689182,-142396161,-1200677,-3485102,-10789189,缩量,低,情绪退潮,观望,资金撤退型,,D,回避：资金撤退,-0.9
000731,四川美丰,7.99,302.2,0.45,58.4,-1.02,-7750007,-19195063,49597024,61413057,49636034,-40195303,放量,低,游资情绪,抢筹,长线吸筹型,纯资金炒作(亏损风险),C,谨慎：纯资金炒作,27.7
000750,国海证券,3.68,-43.6,1.78,-0.1,-2.23,-19874979,-42085518,-10751547,-5934586,-2825652,4836740,缩量,低,情绪退潮,观望,资金观望型,,D,回避：资金观望,-0.7
000736,中交发展,4.26,3.0,1.69,-43.4,-5.23,-16622400,-39724069,48075923,5859251,3470769,-2576386,缩量,低,情绪退潮,吸筹,长线吸筹型,纯资金炒作(亏损风险),C,谨慎：纯资金炒作,2.3
000735,罗 牛 山,5.8,266.2,0.66,61.1,0.15,4953198,38112965,-61566300,9416970,4820194,15751875,放量,低,游资情绪,抢筹,趋势转多型,资金+业绩共振(双击候选),B,关注：资金+业绩共振,88.0
000755,山西高速,4.71,23.3,1.07,4.5,1.98,2282078,1291768,1198149,-2684309,-2613574,1777355,缩量,低,情绪退潮,观望,资金观望型,,D,回避：资金观望,0.7
000751,锌业股份,4.71,-67.6,0.42,-45.0,-7.13,-64824688,-132963356,-69223887,15457218,17093087,-7544921,缩量,低,情绪退潮,吸筹,资金观望型,机构吸筹+盈利(关注),C,谨慎：资金流入未验证业绩,21.6
000756,新华制药,12.73,-73.8,4.8,-51.0,-12.0,-43552144,-51082946,-70569970,-1577050,1972690,5718288,缩量,低,情绪退潮,观望,资金撤退型,,D,回避：资金撤退,-4.0
000758,中色股份,6.04,-41.1,0.82,-23.2,-3.81,-31665804,-71049075,-78059607,-9152053,-7727044,8846398,缩量,低,情绪退潮,观望,资金撤退型,,D,回避：资金撤退,-1.3
000757,浩物股份,4.23,-40.0,1.52,-3.1,-0.04,-71996,-12581949,-16275491,-2462100,-68094,2024570,缩量,低,情绪退潮,观望,资金撤退型,,D,回避：资金撤退,-0.0
000762,西藏矿业,21.68,-62.6,0.21,-34.6,-4.93,-51296948,-77408121,-52854602,-6846522,-241493,17146271,缩量,低,情绪退潮,观望,资金观望型,,D,回避：资金观望,-1.6
000759,中百集团,6.27,75.0,5.5,193.8,-1.56,-126745321,210612290,205898547,-27765722,-7763083,67547193,放量,低,游资情绪,观望,资金观望型,,D,回避：资金观望,7.5
000753,漳州发展,5.5,199.8,0.86,162.1,-1.09,-9353968,21411006,22039075,114363630,120651846,-70778302,放量,低,游资情绪,抢筹,资金观望型,机构吸筹+盈利(关注),C,谨慎：资金流入未验证业绩,47.6
000767,晋控电力,3.53,-53.0,0.69,48.9,1.36,29378524,9801998,-54403456,-1669146,-2450457,13524635,缩量,低,情绪退潮,观望,资金观望型,,D,回避：资金观望,0.5
000766,通化金马,15.33,-67.8,1.33,-23.2,0.81,7456136,70413741,96250361,-27909962,-29611138,16908476,缩量,低,情绪退潮,观望,均衡流入型,,D,回避：资金观望,0.3
000768,中航西飞,22.35,-5.6,0.69,6.2,-10.26,-305837959,-525246319,-666999733,-38526961,-44775083,22284152,缩量,低,情绪退潮,观望,资金撤退型,,D,回避：资金撤退,-3.4
000776,广发证券,20.31,-51.8,2.04,-3.8,-4.0,-202809026,-265761772,-349710654,-38510526,-14786027,78142660,缩量,低,情绪退潮,观望,资金撤退型,,D,回避：资金撤退,-1.3
000761,本钢板材,2.28,-13.4,1.04,-2.9,7.57,14771597,18207811,-7852370,5594618,1209369,-9235856,缩量,中,主力惜售,进场,短线抢筹型,纯资金炒作(亏损风险),C,谨慎：纯资金炒作,26.5
000777,中核科技,16.66,-82.3,1.08,-20.8,-6.95,-22432015,-19882972,-66356213,-3543227,-3649546,618906,缩量,低,情绪退潮,观望,资金观望型,,D,回避：资金观望,-2.3
000778,新兴铸管,3.6,-29.7,0.5,37.7,-4.03,-41740765,18667721,-100420695,-8173886,-10937088,9085628,缩量,低,情绪退潮,观望,资金观望型,,D,回避：资金观望,-1.3
000785,居然智家,2.2,-22.3,0.78,4.3,4.92,29314415,13946311,-18205664,-1995152,-2776137,-3483105,缩量,低,情绪退潮,观望,资金观望型,,D,回避：资金观望,1.6
000786,北新建材,15.85,-34.2,1.27,-36.0,-1.67,-23457735,-63616686,-97938830,5161888,1900065,2215314,缩量,低,情绪退潮,观望,资金撤退型,,D,回避：资金撤退,-0.6
000790,华神科技,3.84,-14.7,0.83,-30.3,-0.61,-1542730,4917573,672172,-359674,-1100164,656867,缩量,低,情绪退潮,观望,资金观望型,,D,回避：资金观望,-0.2
000791,甘肃能源,7.38,-52.7,0.43,48.1,1.69,16950883,5339850,-46784310,-12937854,-9879610,12969582,缩量,低,情绪退潮,观望,资金观望型,,D,回避：资金观望,0.6
000792,盐湖股份,24.75,-51.1,0.75,-34.7,-5.52,-301491879,-818034358,-614937011,-92435269,-22071753,119246680,缩量,低,情绪退潮,观望,资金观望型,,D,回避：资金观望,-1.8
000795,英洛华,8.17,-73.5,1.36,-60.6,-11.42,-35026899,-68606556,5524870,-5736520,-469293,5527757,缩量,低,情绪退潮,观望,长线吸筹型,,D,回避：资金观望,-3.8
000779,甘咨询,8.51,-64.0,10.92,-21.0,-9.2,-146014125,-164102630,-23593747,10104132,6332647,-629194,缩量,低,情绪退潮,吸筹,资金观望型,机构吸筹+盈利(关注),C,谨慎：资金流入未验证业绩,20.9
000783,长江证券,8.42,-72.4,7.11,-10.6,-12.5,-424584961,-242974784,-288821500,34658729,42677453,-4902480,缩量,低,情绪退潮,吸筹,资金观望型,机构吸筹+盈利(关注),C,谨慎：资金流入未验证业绩,19.8
000796,凯撒旅业,3.67,89.4,0.58,19.5,-2.57,-42232395,-8708905,145184836,-27058138,-16041034,30001189,放量,低,游资情绪,观望,高位分歧型,,D,回避：资金观望,7.1
000782,恒申新材,7.85,-64.4,0.82,-29.8,-9.04,-39456944,-64062771,-150072632,8004657,3170605,-2519983,缩量,低,情绪退潮,吸筹,资金撤退型,纯资金炒作(亏损风险),C,谨慎：纯资金炒作,1.0
000797,中国武夷,2.55,113.3,1.04,-8.6,-1.48,-5971145,-1740275,37283939,-1406085,-1392399,-5897841,放量,低,游资情绪,观望,长线吸筹型,,D,回避：资金观望,7.5
000789,万年青,4.06,11.5,0.79,233.3,9.48,20898607,47084755,44966184,700706,219309,-1096594,缩量,中,主力惜售,进场,短线抢筹型,资金+业绩共振(双击候选),B,关注：资金+业绩共振,87.2
000798,中水渔业,10.06,377.9,0.46,128.4,-0.71,-19506482,51136131,132410121,-6476698,2511597,30913841,放量,低,游资情绪,观望,资金观望型,,D,回避：资金观望,7.8
000788,北大医药,5.26,-50.7,0.27,-50.9,2.33,7711236,-7367171,-43765283,480230,261645,-4891650,缩量,低,情绪退潮,进场,资金观望型,资金+业绩共振(双击候选),B,关注：资金+业绩共振,72.8
000799,酒鬼酒,37.2,-66.8,2.03,-3.8,-12.99,-122053980,-121579243,-150360642,-1664754,624539,1375673,缩量,低,情绪退潮,观望,资金观望型,,D,回避：资金观望,-4.3
000801,四川九洲,12.03,-57.6,1.3,-24.4,-8.34,-45455426,-105015166,-107234244,-3243415,-1033678,6175952,缩量,低,情绪退潮,观望,资金撤退型,,D,回避：资金撤退,-2.8
000800,一汽解放,5.94,-26.4,1.12,10.8,1.7,10070423,24523847,7799182,614213,2030659,176717,缩量,低,情绪退潮,进场,趋势转多型,资金+业绩共振(双击候选),B,关注：资金+业绩共振,72.6
000803,山高环能,7.24,-27.9,0.34,7.3,-1.43,-5322814,-3693677,-19048047,-4007791,-1592430,9997282,缩量,低,情绪退潮,观望,资金观望型,,D,回避：资金观望,-0.5
000807,云铝股份,27.16,-39.8,1.43,6.4,1.79,135391799,217220611,183336826,-41124733,4747253,49025241,缩量,低,情绪退潮,观望,趋势转多型,,D,回避：资金观望,0.6
000813,德展健康,3.2,-41.9,1.22,120.9,-8.23,-61703653,86800983,109053917,4025647,3301180,4296132,缩量,低,情绪退潮,观望,资金观望型,,D,回避：资金观望,-2.7
000816,智慧农业,2.79,30.1,0.77,49.7,1.59,13602767,60225266,114050416,-665511,1936979,5072785,缩量,低,情绪退潮,观望,均衡流入型,,D,回避：资金观望,0.5
000811,冰轮环境,37.61,-58.5,2.48,-37.1,-0.21,-10052460,-465324429,-689749312,29523117,-2325630,-16073232,缩量,低,情绪退潮,观望,资金撤退型,,D,回避：资金撤退,-0.1
000815,美利云,15.4,-51.2,0.35,-33.7,-4.25,-115346427,-230598156,-475290791,-28273161,-7970248,53014971,缩量,低,情绪退潮,观望,资金撤退型,,D,回避：资金撤退,-1.4
000818,航锦科技,11.72,-75.7,1.13,-33.9,-4.93,-31292872,-79932080,-130590243,5630343,3198136,-6616180,缩量,低,情绪退潮,观望,资金撤退型,,D,回避：资金撤退,-1.6
000802,北京文化,3.94,-22.7,1.23,-33.3,-3.61,-31859844,-57982661,-310690513,9996174,6309020,-1375499,缩量,低,情绪退潮,吸筹,资金撤退型,纯资金炒作(亏损风险),C,谨慎：纯资金炒作,2.8
000819,岳阳兴长,12.01,-42.1,0.23,-19.7,1.15,2150361,5498869,4578876,-3812837,-6092946,6158228,缩量,低,情绪退潮,观望,趋势转多型,,D,回避：资金观望,0.4
000820,神雾节能,3.46,-47.3,1.46,-48.2,-1.4,-2128715,-6674140,-19688119,-2770924,-1406144,2877270,缩量,低,情绪退潮,观望,资金撤退型,,D,回避：资金撤退,-0.5
000809,和展能源,3.45,88.9,1.05,42.8,2.45,7278709,3568005,-10574139,3518489,-161545,-8456787,放量,低,游资情绪,进场,资金观望型,纯资金炒作(亏损风险),C,谨慎：纯资金炒作,20.8
000810,创维数字,9.63,-41.8,0.98,35.2,2.18,28212152,18377284,-3116047,3817865,15821,-8441733,缩量,低,情绪退潮,进场,资金观望型,资金+业绩共振(双击候选),B,关注：资金+业绩共振,72.7
000823,超声电子,25.12,256.5,3.36,355.4,4.23,825543145,961972178,728735240,-25383975,-43359738,94710081,放量,低,游资情绪,观望,趋势转多型,,D,回避：资金观望,9.4
000812,陕西金叶,3.74,209.8,1.25,160.3,5.62,43135587,25485605,40425767,1813249,1712611,-8425049,放量,中,主力偏强放量,进场,资金观望型,纯资金炒作(亏损风险),C,谨慎：纯资金炒作,29.9
000822,山东海化,4.33,-53.0,0.26,46.7,-4.57,-11606088,1123368,-13244985,6701105,3288821,-6301039,缩量,低,情绪退潮,观望,资金观望型,,D,回避：资金观望,-1.5
000828,东莞控股,10.15,-18.9,1.11,-37.0,-0.99,-2659068,-6961497,-41007328,1379130,-292554,-1139165,缩量,低,情绪退潮,观望,资金撤退型,,D,回避：资金撤退,-0.3
000830,鲁西化工,11.92,-45.8,0.73,-32.2,-0.13,-2073772,-30984092,-208539685,-6949541,-9667555,-11608791,缩量,低,情绪退潮,观望,资金撤退型,,D,回避：资金撤退,-0.0
000833,粤桂股份,19.86,-29.3,0.52,80.0,-5.61,-218465880,-87025171,-237084126,-42431419,-41786865,31102283,缩量,低,情绪退潮,观望,资金观望型,,D,回避：资金观望,-1.9
000829,天音控股,8.81,-55.4,0.3,-22.6,-4.46,-30874222,-72268689,-95123673,-1049808,-292785,8204767,缩量,低,情绪退潮,观望,资金撤退型,,D,回避：资金撤退,-1.5
000831,中国稀土,54.71,-15.5,0.81,-42.4,-3.73,-221965563,-578427095,-888012019,133413844,111876195,-138528551,缩量,低,情绪退潮,观望,资金撤退型,,D,回避：资金撤退,-1.2
000837,秦川机床,9.49,-75.8,2.3,-40.0,-4.44,-16817540,-45261745,-231659041,214534,-3107531,2598964,缩量,低,情绪退潮,观望,资金撤退型,,D,回避：资金撤退,-1.5
000850,华茂股份,4.04,-34.7,0.57,-34.8,-5.35,-9158497,-12574726,-23265615,1530587,-1075271,434585,缩量,低,情绪退潮,观望,资金撤退型,,D,回避：资金撤退,-1.8
000848,承德露露,8.19,-48.5,1.53,-43.7,-3.41,-12131414,-51302228,-49761859,-1815274,-1669288,-7758291,缩量,低,情绪退潮,观望,资金观望型,,D,回避：资金观望,-1.1
000825,太钢不锈,3.45,-9.0,0.66,-20.9,-4.83,-23411269,-28897953,-69489947,9445800,9169153,-5986745,缩量,低,情绪退潮,吸筹,资金撤退型,机构吸筹+盈利(关注),C,谨慎：资金流入未验证业绩,22.4
000852,石化机械,5.53,2.1,0.48,89.8,-7.07,-52065880,108874796,46419813,-2360610,-2637489,2907739,缩量,低,情绪退潮,观望,资金观望型,,D,回避：资金观望,-2.4
000856,冀东装备,8.59,5.9,0.55,-22.4,1.93,5469158,17533561,25984253,-1253145,0,4917235,缩量,低,情绪退潮,观望,均衡流入型,,D,回避：资金观望,0.6
000858,五 粮 液,69.26,-64.7,2.1,-10.4,-16.98,-976267196,-1276181364,-1968974645,-118383859,-151484843,99121508,缩量,低,情绪退潮,观望,资金撤退型,,D,回避：资金撤退,-5.7
000839,国安股份,2.78,147.8,1.29,160.2,8.91,253034239,319810369,279624265,38406998,28824775,592802,放量,中,主力偏强放量,进场,短线抢筹型,资金+业绩共振(双击候选),B,关注：资金+业绩共振,91.0
000860,顺鑫农业,10.25,-34.2,2.0,69.2,-4.71,-21414182,-32275874,-34328348,2307689,3329083,-5556418,缩量,低,情绪退潮,观望,资金撤退型,,D,回避：资金撤退,-1.6
000862,银星能源,5.65,-25.3,0.51,107.2,2.86,27056909,20829481,23151837,-10328361,-6943435,2200585,缩量,低,情绪退潮,观望,资金观望型,,D,回避：资金观望,1.0
000859,国风新材,9.86,201.0,0.78,46.9,5.67,184285633,159497998,145564833,-79711388,-75417043,32207703,放量,中,主力偏强放量,进场,资金观望型,纯资金炒作(亏损风险),C,谨慎：纯资金炒作,29.9
000869,张  裕Ａ,15.89,20.6,1.46,-1.9,-0.09,-131505,5688802,8643025,3033790,703435,-3521071,缩量,低,情绪退潮,观望,资金观望型,,D,回避：资金观望,-0.0
000868,安凯客车,3.69,661.1,1.4,189.2,2.35,19775705,24004095,18428830,-8600733,-10801316,-14120378,放量,低,游资情绪,观望,趋势转多型,,D,回避：资金观望,8.8
000878,云南铜业,16.83,7.6,0.76,1.7,-2.38,-124667382,-180267409,-38379774,21885984,15466252,-22403903,缩量,低,情绪退潮,观望,资金观望型,,D,回避：资金观望,-0.8
000876,新 希 望,7.2,-16.3,1.27,162.5,1.58,30424007,196209399,155533407,-36350186,-25213348,36923683,缩量,低,情绪退潮,观望,趋势转多型,,D,回避：资金观望,0.5
000880,潍柴重机,24.36,-26.1,0.27,91.9,-5.23,-78923985,-50970561,-150864133,-12326839,-12198248,19585065,缩量,低,情绪退潮,观望,资金观望型,,D,回避：资金观望,-1.7
000881,中广核技,6.4,2.8,0.8,12.1,-9.94,-22297452,-35640460,-57249780,3168188,2265350,-10102583,缩量,低,情绪退潮,观望,资金撤退型,,D,回避：资金撤退,-3.3
000863,三湘印象,4.54,17.1,0.46,26.0,6.51,46131636,32670749,7485213,6460332,4282693,-8260248,缩量,中,主力惜售,进场,资金观望型,纯资金炒作(亏损风险),C,谨慎：纯资金炒作,26.2
000875,电投绿能,4.94,-38.3,0.64,0.0,2.04,17151337,-23697278,-85218081,4179836,8017266,5842846,缩量,低,情绪退潮,进场,资金观望型,资金+业绩共振(双击候选),B,关注：资金+业绩共振,72.7
000885,城发环境,11.7,-46.2,0.44,-41.3,-7.89,-16734377,-24534689,10092054,3032014,1005377,-1499099,缩量,低,情绪退潮,观望,长线吸筹型,,D,回避：资金观望,-2.6
000883,湖北能源,4.53,-26.7,0.72,22.9,-9.5,-66083372,-73192051,-64015226,-3997077,-3044998,3373268,缩量,低,情绪退潮,观望,资金观望型,,D,回避：资金观望,-3.2
000877,天山股份,3.7,-26.0,1.17,10.2,3.7,8218820,18184939,-12189119,2106875,-1470675,-3390148,缩量,低,情绪退潮,进场,趋势转多型,纯资金炒作(亏损风险),C,谨慎：纯资金炒作,13.2
000886,海南高速,4.64,-27.0,1.15,-5.3,-2.7,-8900940,-1458656,-10785318,-673980,-538153,-215844,缩量,低,情绪退潮,观望,资金观望型,,D,回避：资金观望,-0.9
000882,华联股份,1.54,19.2,1.38,8.5,3.71,16138258,8042057,-11688238,29719548,19504885,-18353530,缩量,低,情绪退潮,吸筹,资金观望型,纯资金炒作(亏损风险),C,谨慎：纯资金炒作,5.2
000888,峨眉山Ａ,9.19,-6.1,0.67,27.0,-8.08,-56378720,-35863529,-25082660,-2482274,-2734262,102970,缩量,低,情绪退潮,观望,资金观望型,,D,回避：资金观望,-2.7
000890,法尔胜,7.6,113.2,0.11,4.2,-1.7,-37852659,23618064,234493853,-20288261,-5377459,32341837,放量,低,游资情绪,观望,高位分歧型,,D,回避：资金观望,7.4
000892,欢瑞世纪,4.37,21.7,1.1,615.0,-4.07,-102535879,-114818724,38067803,5353202,4694385,14830576,缩量,低,情绪退潮,观望,资金观望型,,D,回避：资金观望,-1.4
000893,亚钾国际,39.7,-41.4,1.11,-3.5,-1.82,-55315036,-86411077,16150349,-25797428,-25473345,43165396,缩量,低,情绪退潮,观望,资金观望型,,D,回避：资金观望,-0.6
000887,中鼎股份,19.39,-33.4,2.37,-38.2,-9.4,-223651533,-227638872,-704818245,54965122,46447512,-42453968,缩量,低,情绪退潮,吸筹,资金撤退型,机构吸筹+盈利(关注),C,谨慎：资金流入未验证业绩,20.9
000899,赣能股份,9.56,-47.8,0.49,51.8,0.46,4721841,-3031124,-38067199,-6747987,-2251837,6053723,缩量,低,情绪退潮,观望,资金观望型,,D,回避：资金观望,0.2
000889,中嘉博创,3.93,-28.7,0.2,49.8,4.8,74242445,69803791,27839763,11558910,7417636,6993124,缩量,低,情绪退潮,进场,资金观望型,纯资金炒作(亏损风险),C,谨慎：纯资金炒作,13.6
000901,航天科技,14.29,-63.1,0.51,12.5,-3.6,-30967649,-76383199,-103757996,-4280652,-2289956,10355681,缩量,低,情绪退潮,观望,资金撤退型,,D,回避：资金撤退,-1.2
000897,津滨发展,1.83,-9.6,1.03,-13.0,4.39,10017138,14750197,6655052,8873541,4169130,-6146307,缩量,低,情绪退潮,进场,趋势转多型,纯资金炒作(亏损风险),C,谨慎：纯资金炒作,13.5
000895,双汇发展,23.27,-57.4,1.33,-16.3,0.45,4300004,17021835,-44667380,3904711,-3993642,-1984407,缩量,低,情绪退潮,进场,趋势转多型,资金+业绩共振(双击候选),B,关注：资金+业绩共振,72.2
000910,大亚圣象,5.14,-42.5,1.03,-7.0,-3.92,-4905684,-7253516,-10914805,-583428,-1217975,1213321,缩量,低,情绪退潮,观望,资金撤退型,,D,回避：资金撤退,-1.3
000908,石药景峰,6.12,-83.6,2.42,-44.7,-0.12,-320166,-14513455,-48717485,217896,-80458,2407918,缩量,低,情绪退潮,观望,资金撤退型,,D,回避：资金撤退,-0.0
000898,鞍钢股份,2.03,12.4,1.31,2.7,1.2,4676619,23598877,1230248,4410549,7061722,-5036360,缩量,低,情绪退潮,吸筹,趋势转多型,纯资金炒作(亏损风险),C,谨慎：纯资金炒作,4.4
000912,泸天化,4.05,174.8,0.31,20.0,-4.11,-98595442,-16065088,33335761,-11350747,-16721091,16040749,放量,低,游资情绪,观望,资金观望型,,D,回避：资金观望,6.6
000900,现代投资,3.57,1.1,1.14,-13.7,0.79,1780287,8409385,-24322389,4223046,5893746,-8952645,缩量,低,情绪退潮,进场,趋势转多型,资金+业绩共振(双击候选),B,关注：资金+业绩共振,72.3
000913,钱江摩托,10.79,-37.1,0.34,-35.0,-1.8,-2603084,-4590498,-18342128,354753,-756385,-4016376,缩量,低,情绪退潮,观望,资金撤退型,,D,回避：资金撤退,-0.6
000906,浙商中拓,6.1,57.3,1.54,5.6,-10.81,-40891913,-51280329,-45150096,1053172,2701848,-107672,放量,低,游资情绪,吸筹,资金观望型,机构吸筹+盈利(关注),C,谨慎：资金流入未验证业绩,28.4
000902,新洋丰,13.85,-35.6,0.67,-25.4,-3.57,-27144757,36247141,22041895,-2859003,4137760,-2972541,缩量,低,情绪退潮,吸筹,资金观望型,机构吸筹+盈利(关注),C,谨慎：资金流入未验证业绩,22.8
000915,华特达因,24.25,-45.7,0.78,39.2,-0.18,-1547562,-26894552,-116322349,-970861,0,2359131,缩量,低,情绪退潮,观望,资金撤退型,,D,回避：资金撤退,-0.1
000905,厦门港务,9.32,190.8,0.81,107.9,-0.28,-2913288,19285622,22451490,16338343,17390590,-15566179,放量,低,游资情绪,抢筹,资金观望型,机构吸筹+盈利(关注),C,谨慎：资金流入未验证业绩,47.9
000917,电广传媒,6.73,-53.7,0.56,-41.5,-8.13,-49434331,-102102939,-137430844,483599,2073653,-4020954,缩量,低,情绪退潮,观望,资金撤退型,,D,回避：资金撤退,-2.7
000919,金陵药业,6.41,-43.4,0.17,-55.6,-4.36,-12613330,-37687500,-94383576,-7859158,-5255300,5885908,缩量,低,情绪退潮,观望,资金撤退型,,D,回避：资金撤退,-1.5
000920,沃顿科技,11.48,-83.4,5.93,-15.2,-0.71,-2023282,-7389433,-4952691,-940871,784239,4972550,缩量,低,情绪退潮,观望,资金观望型,,D,回避：资金观望,-0.2
000922,佳电股份,11.9,-65.3,1.97,0.9,0.03,126788,-16054475,-7041656,-7885740,9792,1911727,缩量,低,情绪退潮,观望,资金观望型,,D,回避：资金观望,0.0
000925,众合科技,7.99,-56.2,1.71,-42.3,-5.77,-65574282,-246258042,-36804069,7104596,7052277,7471620,缩量,低,情绪退潮,观望,长线吸筹型,,D,回避：资金观望,-1.9
000926,福星股份,2.07,-36.3,1.41,-47.7,-4.94,-13671450,-28956116,6793538,-103748,-976300,1548587,缩量,低,情绪退潮,观望,长线吸筹型,,D,回避：资金观望,-1.6
000928,中钢国际,5.5,22.6,0.27,100.8,-13.51,-96878353,41798558,-8076169,8458325,2910167,-5483003,缩量,低,情绪退潮,观望,资金观望型,,D,回避：资金观望,-4.5
000921,海信家电,27.74,18.2,3.01,102.2,16.57,339132121,315054752,272290107,9270902,-8403425,-1040346,缩量,高,主力控盘,控盘,资金观望型,控盘+盈利(稳健),B,关注：控盘稳健+盈利,73
000929,兰州黄河,8.94,-26.9,0.86,129.0,-5.89,-10715649,-7877926,-8273506,-124024,712000,1035847,缩量,低,情绪退潮,观望,资金观望型,,D,回避：资金观望,-2.0
000931,中 关 村,4.38,29.0,0.52,-76.7,-3.94,-14044979,-26670112,-10386731,3573883,2986402,203500,缩量,低,情绪退潮,观望,资金观望型,,D,回避：资金观望,-1.3
000932,华菱钢铁,3.61,-29.1,1.21,-7.7,-0.91,-12730179,31973077,3998144,-7380344,10032831,440462,缩量,低,情绪退潮,观望,资金观望型,,D,回避：资金观望,-0.3
000930,中粮科技,5.01,275.8,0.63,303.8,-2.15,-109833893,-6631829,-16911491,183429,3173456,8389627,放量,低,游资情绪,观望,资金观望型,,D,回避：资金观望,7.3
000933,神火股份,26.87,-25.4,1.27,-1.2,0.21,10604709,-58824807,-163965718,-121887433,49902772,207540065,缩量,低,情绪退潮,观望,资金观望型,,D,回避：资金观望,0.1
000923,河钢资源,16.34,-4.2,1.31,46.7,2.27,47012491,51581606,221160726,1338253,5343000,-941807,缩量,低,情绪退潮,吸筹,均衡流入型,资金+业绩共振(双击候选),B,关注：资金+业绩共振,64.8
000927,中国铁物,2.5,-22.8,0.45,-18.6,-0.07,-355066,-13031028,-67957873,7103262,5598805,-3522346,缩量,低,情绪退潮,吸筹,资金撤退型,机构吸筹+盈利(关注),C,谨慎：资金流入未验证业绩,24.0
000936,华西股份,5.45,-30.0,0.12,-44.4,-4.84,-15490879,-31481711,-123719881,2596525,3324276,1661485,缩量,低,情绪退潮,观望,资金撤退型,,D,回避：资金撤退,-1.6
000935,四川双马,20.6,-70.1,1.55,1.3,6.09,31652531,25788381,46357469,1810957,-894732,-7411,缩量,中,主力惜售,进场,资金观望型,资金+业绩共振(双击候选),B,关注：资金+业绩共振,86.0
000948,南天信息,13.31,-64.8,4.43,-33.9,-2.97,-12126327,-49811450,-102484479,754638,-4982638,2719269,缩量,低,情绪退潮,观望,资金撤退型,,D,回避：资金撤退,-1.0
000949,新乡化纤,6.67,-3.3,0.52,-8.2,-2.26,-45067086,-171759020,-167851963,9684066,5574282,-12106766,缩量,低,情绪退潮,观望,资金观望型,,D,回避：资金观望,-0.8
000950,重药控股,5.17,-63.3,0.6,-55.3,-3.98,-15453135,-38254472,-104109160,-1418282,-413716,-3937475,缩量,低,情绪退潮,观望,资金撤退型,,D,回避：资金撤退,-1.3
000951,中国重汽,20.52,-13.4,0.63,-39.4,-5.93,-64225708,-57271725,7896535,-2654744,-5157420,-2714366,缩量,低,情绪退潮,观望,长线吸筹型,,D,回避：资金观望,-2.0
000937,冀中能源,4.45,52.8,0.97,8.6,-3.8,-51658467,-91460993,-177487219,15987549,12412457,-5133394,放量,低,游资情绪,吸筹,资金撤退型,机构吸筹+盈利(关注),C,谨慎：资金流入未验证业绩,30.7
000952,广济药业,6.26,-43.3,1.09,-12.1,-0.61,-1010822,-5060349,-13952318,-37324,0,606255,缩量,低,情绪退潮,观望,资金撤退型,,D,回避：资金撤退,-0.2
000955,欣龙控股,4.04,-47.8,0.96,-6.8,-3.25,-5875441,-13777702,-24451563,-757763,-670134,-568030,缩量,低,情绪退潮,观望,资金撤退型,,D,回避：资金撤退,-1.1
000953,中哲精化,5.84,-27.3,1.07,5.0,-1.56,-3478477,-2637739,-7182873,929561,-34659,-959620,缩量,低,情绪退潮,观望,资金观望型,,D,回避：资金观望,-0.5
000957,中通客车,9.8,87.3,0.35,99.5,1.34,13350155,47109028,47391764,-12208616,-563147,5428994,放量,低,游资情绪,观望,均衡流入型,,D,回避：资金观望,8.4
000938,紫光股份,33.98,-67.9,2.28,-17.6,-5.75,-938251247,-3511840205,-5145191753,256028484,333416702,-172216672,缩量,低,情绪退潮,吸筹,资金撤退型,机构吸筹+盈利(关注),C,谨慎：资金流入未验证业绩,22.1
000958,电投产融,5.07,-48.2,0.72,3.3,-4.46,-14952335,-9745019,-69576829,-9223110,-5084344,6394727,缩量,低,情绪退潮,观望,资金观望型,,D,回避：资金观望,-1.5
000959,首钢股份,3.52,-53.8,0.82,-28.6,-0.31,-1263583,11240283,-39458964,1284299,1515130,-1574624,缩量,低,情绪退潮,观望,资金观望型,,D,回避：资金观望,-0.1
000960,锡业股份,33.72,-70.7,0.84,-38.9,-2.33,-104200296,-161656789,-685016884,-7725707,4176448,10892317,缩量,低,情绪退潮,观望,资金撤退型,,D,回避：资金撤退,-0.8
000963,华东医药,26.26,-81.6,2.63,-60.8,-15.28,-157845181,-303444179,-526261254,2011919,2880084,3552361,缩量,低,情绪退潮,观望,资金撤退型,,D,回避：资金撤退,-5.1
000966,长源电力,4.14,-38.6,0.76,37.9,0.86,9273468,-1032927,3528207,-7500620,-3421974,9162772,缩量,低,情绪退潮,观望,资金观望型,,D,回避：资金观望,0.3
000969,安泰科技,17.16,-74.3,1.46,-28.7,-4.67,-56003694,-105313089,-219632915,-8678825,283958,18843266,缩量,低,情绪退潮,观望,资金撤退型,,D,回避：资金撤退,-1.6
000968,蓝焰控股,7.02,-44.7,0.42,-4.7,-2.04,-24832802,-2514668,-42283256,-1740856,-1302002,-8826384,缩量,低,情绪退潮,观望,资金观望型,,D,回避：资金观望,-0.7
000962,东方钽业,59.27,-19.5,1.49,-6.7,1.96,135996154,119674343,66294508,70491903,79582776,-15684553,缩量,低,情绪退潮,吸筹,资金观望型,资金+业绩共振(双击候选),B,关注：资金+业绩共振,64.7
000977,浪潮信息,71.15,-50.6,1.42,24.6,-5.02,-1011828182,-4739300464,-5033181400,393536727,282503924,-419801240,缩量,低,情绪退潮,观望,资金撤退型,,D,回避：资金撤退,-1.7
000972,中基健康,3.8,124.7,0.68,205.4,-2.38,-32304833,-48425432,-67906457,-2270664,-430128,1607162,放量,低,游资情绪,观望,资金撤退型,,D,回避：资金撤退,7.2
000965,天保基建,3.16,3.5,0.7,-22.4,-2.16,-7626979,-42875638,64552185,2049250,809470,-622784,缩量,低,情绪退潮,吸筹,长线吸筹型,机构吸筹+盈利(关注),C,谨慎：资金流入未验证业绩,23.3
000973,佛塑科技,11.85,-54.7,0.41,-49.7,-3.21,-41911553,-178294079,-404920344,-16800080,-10075129,29078587,缩量,低,情绪退潮,观望,资金撤退型,,D,回避：资金撤退,-1.1
000978,桂林旅游,8.79,136.3,0.17,949.3,-2.44,-121821230,108026630,98895899,-6823677,-1778094,13625379,放量,低,游资情绪,观望,资金观望型,,D,回避：资金观望,7.2
000981,山子高科,2.74,311.4,0.64,116.0,4.24,391796158,360179225,551435608,-253086668,-258111335,246567798,放量,低,游资情绪,观望,资金观望型,,D,回避：资金观望,9.4
000967,盈峰环境,8.03,-72.1,0.29,-20.4,2.2,35627717,-99922271,26523943,19512324,10083572,-28940644,缩量,低,情绪退潮,进场,资金观望型,资金+业绩共振(双击候选),B,关注：资金+业绩共振,72.7
000975,山金国际,26.52,-33.1,1.61,-48.5,0.28,10615864,-71040996,70887773,47388657,22554903,-116122124,缩量,低,情绪退潮,进场,资金观望型,资金+业绩共振(双击候选),B,关注：资金+业绩共振,72.1
000983,山西焦煤,6.6,1.2,1.29,-28.6,0.52,11341504,54286841,-182748885,-36450877,-42475575,25982977,缩量,低,情绪退潮,观望,趋势转多型,,D,回避：资金观望,0.2
000980,众泰汽车,2.15,405.8,0.37,420.0,-1.44,-102572024,-27175802,-6079091,29878326,37200647,-20945607,放量,低,游资情绪,抢筹,资金观望型,纯资金炒作(亏损风险),C,谨慎：纯资金炒作,27.5
000985,大庆华科,16.56,-3.1,0.97,15.8,-1.99,-3969472,32397,1260694,-822625,0,-1136940,缩量,低,情绪退潮,观望,资金观望型,,D,回避：资金观望,-0.7
000987,越秀资本,7.33,-48.9,0.84,-10.9,-0.57,-5145029,-142095500,-208467359,-25654648,-28338909,10052681,缩量,低,情绪退潮,观望,资金撤退型,,D,回避：资金撤退,-0.2
000989,九芝堂,8.59,-75.6,1.5,-52.4,-9.65,-50811249,-38450294,-89124687,3774382,202705,-5046533,缩量,低,情绪退潮,观望,资金观望型,,D,回避：资金观望,-3.2
000995,皇台酒业,10.73,-63.0,0.64,-33.3,-2.89,-7446754,-4305684,9622588,2944102,582636,-1819450,缩量,低,情绪退潮,观望,高位分歧型,,D,回避：资金观望,-1.0
000997,新 大 陆,19.64,-27.9,0.76,-37.5,-4.83,-66206630,-171051005,6427800,-26594016,-7451531,25197072,缩量,低,情绪退潮,观望,长线吸筹型,,D,回避：资金观望,-1.6
000998,隆平高科,8.75,92.0,0.6,-1.9,-5.2,-124580697,-132127595,149379100,-22365504,-17667341,27629217,放量,低,游资情绪,观望,长线吸筹型,,D,回避：资金观望,6.3
000999,华润三九,23.84,-58.6,1.51,-24.8,-1.91,-15236131,47622811,-10317306,6498645,-302727,-17199003,缩量,低,情绪退潮,观望,资金观望型,,D,回避：资金观望,-0.6
001201,东瑞股份,13.75,484.1,0.44,207.8,1.81,12151662,20625269,8063923,-10560163,-5511191,-6520057,放量,低,游资情绪,观望,趋势转多型,,D,回避：资金观望,8.6
001202,炬申股份,13.62,-48.3,2.07,-15.3,-0.51,-561071,-495192,835557,-2497613,-1217352,336165,缩量,低,情绪退潮,观望,资金观望型,,D,回避：资金观望,-0.2
000988,华工科技,105.98,-28.9,0.83,38.0,3.07,903747578,326397911,-2461439004,529755523,475292554,-435307229,缩量,低,情绪退潮,吸筹,资金观望型,资金+业绩共振(双击候选),B,关注：资金+业绩共振,65.0
001203,大中矿业,23.2,-41.7,0.53,-49.3,-4.87,-80828870,-39261375,140742078,-52131344,-20368703,94383296,缩量,低,情绪退潮,观望,高位分歧型,,D,回避：资金观望,-1.6
000990,诚志股份,6.47,-52.8,0.34,-18.3,-5.66,-61490315,-96258074,-195593319,19228467,27018223,-8355616,缩量,低,情绪退潮,吸筹,资金撤退型,纯资金炒作(亏损风险),C,谨慎：纯资金炒作,2.1
000993,闽东电力,18.48,1414.5,0.36,1383.5,2.73,169339095,171858316,157839978,133713527,151797494,-25606004,放量,低,游资情绪,抢筹,趋势转多型,资金+业绩共振(双击候选),B,关注：资金+业绩共振,88.9
001206,依依股份,15.98,-89.0,2.09,-7.9,-0.83,-1723295,-9564597,-18460905,-168460,681600,1259478,缩量,低,情绪退潮,观望,资金撤退型,,D,回避：资金撤退,-0.3
001207,联科科技,17.65,48.8,0.53,-29.9,-4.14,-13056245,-21321751,-17805405,9864,-804360,-4454094,缩量,低,情绪退潮,观望,资金观望型,,D,回避：资金观望,-1.4
001208,华菱线缆,14.01,-72.8,0.31,12.9,-10.54,-64369409,-73971058,-134023192,281674,-117921,263412,缩量,低,情绪退潮,观望,资金撤退型,,D,回避：资金撤退,-3.5
001210,金房能源,28.31,-18.5,2.89,-4.1,0.89,7048432,15047679,79209291,-7372578,-6546317,5431940,缩量,低,情绪退潮,观望,均衡流入型,,D,回避：资金观望,0.3
001213,中铁特货,3.48,-47.3,0.85,-11.2,-5.15,-5610980,-3660203,-16246402,1386713,286751,-2740195,缩量,低,情绪退潮,观望,资金观望型,,D,回避：资金观望,-1.7
001215,千味央厨,30.12,-61.2,0.9,5.7,-0.87,-2563699,-5465901,-36489460,-904802,1591766,5085361,缩量,低,情绪退潮,观望,资金撤退型,,D,回避：资金撤退,-0.3
001218,丽臣实业,23.88,-43.5,1.74,-31.9,-1.0,-1661942,-7499663,-9589887,461384,-1154688,-1199293,缩量,低,情绪退潮,观望,资金撤退型,,D,回避：资金撤退,-0.3
001217,华尔泰,10.11,-67.3,0.87,-38.2,-6.02,-7526139,-10611342,-12967523,528148,523093,273280,缩量,低,情绪退潮,观望,资金撤退型,,D,回避：资金撤退,-2.0
001219,青岛食品,12.39,-33.1,0.55,11.5,-5.73,-7235530,-9809019,-21854053,-382718,539363,-549644,缩量,低,情绪退潮,观望,资金撤退型,,D,回避：资金撤退,-1.9
001211,双枪科技,24.23,57.1,0.76,-6.2,0.04,167626,-20526727,-28274991,12409699,12436590,-14122167,放量,低,游资情绪,抢筹,资金观望型,资金+业绩共振(双击候选),B,关注：资金+业绩共振,88.0
001221,悍高集团,35.5,-50.7,1.52,-47.2,-4.95,-15743061,-9095340,24289496,2114602,2431728,614693,缩量,低,情绪退潮,观望,高位分歧型,,D,回避：资金观望,-1.7
001222,源飞宠物,14.8,-2.5,1.84,141.4,-2.48,-8992840,56754120,49161551,-104515,-1289606,-640697,缩量,低,情绪退潮,观望,资金观望型,,D,回避：资金观望,-0.8
001212,中旗新材,36.19,5.5,0.82,29.3,6.8,61138976,62550625,35138097,7477375,8821022,-3615238,缩量,中,主力惜售,吸筹,趋势转多型,纯资金炒作(亏损风险),C,谨慎：纯资金炒作,18.3
001225,和泰机电,45.49,11.8,1.13,-45.9,-2.43,-5318988,2887690,35587285,393487,-3461598,1239813,缩量,低,情绪退潮,观望,高位分歧型,,D,回避：资金观望,-0.8
001216,华瓷股份,18.07,50.2,0.62,36.5,14.09,32342958,34415617,21308571,33229013,38669890,-13807377,放量,高,主力主导放量🔥(最强),抢筹,趋势转多型,资金+业绩共振(双击候选),A,金股候选：资金强攻+业绩共振,104.7
001226,拓山重工,43.46,-12.6,1.13,-6.1,-1.1,-1909006,-5961793,-8932254,-3641645,-668162,7066389,缩量,低,情绪退潮,观望,资金撤退型,,D,回避：资金撤退,-0.4
001229,魅视科技,36.56,-47.7,2.84,-7.4,-2.23,-15210730,42827004,13794984,2861359,-1296816,-15339491,缩量,低,情绪退潮,观望,资金观望型,,D,回避：资金观望,-0.7
001223,欧克科技,45.64,211.4,1.25,100.6,7.45,62537221,62324440,51736926,19400078,11398095,-25405605,放量,中,主力偏强放量,进场,资金观望型,资金+业绩共振(双击候选),B,关注：资金+业绩共振,90.5
001230,劲旅环境,18.13,-39.2,0.98,-68.8,-5.38,-18633022,-24976108,-59541871,2807967,1376938,-4701800,缩量,低,情绪退潮,观望,资金撤退型,,D,回避：资金撤退,-1.8
001231,农心科技,21.0,59.9,0.35,63.2,-0.06,-163358,4700599,2585534,613288,0,-4615030,放量,低,游资情绪,观望,资金观望型,,D,回避：资金观望,8.0
001233,海安集团,41.76,-76.3,0.59,-42.0,1.27,1960153,-12014278,-6630453,-154551,501120,1017116,缩量,低,情绪退潮,观望,资金观望型,,D,回避：资金观望,0.4
001228,永泰运,32.45,122.2,0.65,22.2,3.95,17240429,1671736,-18744579,5949417,3512567,-5457103,放量,低,游资情绪,进场,资金观望型,资金+业绩共振(双击候选),B,关注：资金+业绩共振,81.3
001227,兰州银行,2.13,21.2,1.93,-1.2,5.37,49400096,64446738,50456510,1343127,3918852,-3958916,缩量,中,主力惜售,进场,短线抢筹型,资金+业绩共振(双击候选),B,关注：资金+业绩共振,85.8
001236,弘业期货,7.86,-1.4,1.53,-26.1,-3.28,-14037216,-22501315,-9311829,2808595,958942,-2540604,缩量,低,情绪退潮,观望,资金观望型,,D,回避：资金观望,-1.1
001234,泰慕士,22.83,18.4,0.21,0.6,-2.4,-4379564,-13378952,-19082630,-19248,0,-2893819,缩量,低,情绪退潮,观望,资金撤退型,,D,回避：资金撤退,-0.8
001238,浙江正特,23.72,-34.8,1.08,-32.9,1.17,639296,-258410,-1221721,0,0,537177,缩量,低,情绪退潮,观望,资金观望型,,D,回避：资金观望,0.4
001239,永达股份,11.76,-62.0,0.94,2.7,-0.08,-83584,19682,-6912399,57124,-172776,108240,缩量,低,情绪退潮,观望,资金观望型,,D,回避：资金观望,-0.0
001255,博菲电气,26.22,-4.0,0.79,12.3,-1.2,-2013099,-9005520,-10986794,431864,0,765375,缩量,低,情绪退潮,观望,资金撤退型,,D,回避：资金撤退,-0.4
001258,立新能源,11.13,-28.5,1.82,-31.1,-0.18,-9195987,31649480,322936765,-29593998,-8976005,46717927,缩量,低,情绪退潮,观望,高位分歧型,,D,回避：资金观望,-0.1
001260,坤泰股份,17.81,-0.9,0.54,-52.4,-2.07,-2527226,-8934997,-7636350,189713,0,-1557093,缩量,低,情绪退潮,观望,资金观望型,,D,回避：资金观望,-0.7
001267,汇绿生态,36.79,-22.5,0.41,-21.8,-3.19,-133614018,-113371250,-121045806,50286763,54869962,-63700542,缩量,低,情绪退潮,观望,资金观望型,,D,回避：资金观望,-1.1
001277,速达股份,29.06,40.7,1.15,-75.8,-3.98,-9315229,-22608193,-86940540,549012,663783,-938389,缩量,低,情绪退潮,观望,资金撤退型,,D,回避：资金撤退,-1.3
001269,欧晶科技,18.49,-42.6,1.67,25.4,0.5,919820,4815779,1558301,-1362598,-2052149,5815031,缩量,低,情绪退潮,观望,趋势转多型,,D,回避：资金观望,0.2
001278,一彬科技,15.66,52.1,0.77,258.0,-3.96,-12633258,-5262791,-19578017,-3079397,-1467052,9287451,放量,低,游资情绪,观望,资金观望型,,D,回避：资金观望,6.7
001280,中国铀业,63.35,-55.7,0.5,-33.3,-1.65,-26373852,-44052121,-72056395,8165682,9409554,6723282,缩量,低,情绪退潮,观望,资金撤退型,,D,回避：资金撤退,-0.5
001256,炜冈科技,21.51,-76.4,3.43,-45.9,0.73,1550953,-4734830,20195599,1064656,79058,596904,缩量,低,情绪退潮,进场,长线吸筹型,资金+业绩共振(双击候选),B,关注：资金+业绩共振,72.2
001266,宏英智能,32.69,-72.0,2.89,-1.5,-2.97,-5971730,1487755,9830507,514170,1141304,-9490,缩量,低,情绪退潮,吸筹,资金观望型,机构吸筹+盈利(关注),C,谨慎：资金流入未验证业绩,23.0
001282,三联锻造,15.26,-66.2,0.59,-11.3,3.66,5196353,2709341,172668,-931762,-1746913,387818,缩量,低,情绪退潮,观望,资金观望型,,D,回避：资金观望,1.2
001268,联合精密,24.25,-34.2,0.33,-59.6,-3.28,-10276056,-34376687,39582624,245137,2410243,-1279032,缩量,低,情绪退潮,吸筹,长线吸筹型,机构吸筹+盈利(关注),C,谨慎：资金流入未验证业绩,22.9
001259,利仁科技,44.5,-77.0,4.28,-38.2,3.75,4931152,6565795,11113098,272133,0,2105908,缩量,低,情绪退潮,进场,均衡流入型,资金+业绩共振(双击候选),B,关注：资金+业绩共振,73.2
001257,盛龙股份,23.22,-72.4,0.73,-62.6,-7.35,-55378656,-100570403,-4960944,-2253826,81799,-27944,缩量,低,情绪退潮,吸筹,长线吸筹型,机构吸筹+盈利(关注),C,谨慎：资金流入未验证业绩,21.6
001270,铖昌科技,100.22,-66.3,1.28,-31.8,3.34,77084264,22492414,-138023542,24304022,19407824,-35098335,缩量,低,情绪退潮,进场,资金观望型,资金+业绩共振(双击候选),B,关注：资金+业绩共振,73.1
001283,豪鹏科技,47.81,-43.1,0.43,2.6,-5.59,-37737503,6510225,41236921,4081689,3446533,11717854,缩量,低,情绪退潮,观望,高位分歧型,,D,回避：资金观望,-1.9
001285,瑞立科密,42.01,-38.1,0.54,-47.5,-3.68,-5766506,3387012,20245943,-599742,-796202,-2897837,缩量,低,情绪退潮,观望,高位分歧型,,D,回避：资金观望,-1.2
001296,长江材料,19.04,-49.4,0.99,64.9,-3.84,-11105014,13217422,15558273,-617594,-1134852,1849736,缩量,低,情绪退潮,观望,资金观望型,,D,回避：资金观望,-1.3
001298,好上好,17.15,-55.2,0.75,-38.1,-2.9,-14949424,-56190939,-4509512,6242211,3600542,4791279,缩量,低,情绪退潮,观望,长线吸筹型,,D,回避：资金观望,-1.0
001289,龙源电力,15.15,-59.9,0.89,-18.7,-1.35,-3907022,-5290954,-13393014,-2092707,-4135625,-1365684,缩量,低,情绪退潮,观望,资金撤退型,,D,回避：资金撤退,-0.5
001300,三柏硕,11.5,55.4,0.39,12.5,-2.76,-8675598,-25105704,-15765597,-3021460,-5602999,1562103,放量,低,游资情绪,观望,资金观望型,,D,回避：资金观望,7.1
001301,尚太科技,51.33,-23.9,0.56,-43.3,-0.01,-163635,16357659,50358556,-8607286,-8538626,40502828,缩量,低,情绪退潮,观望,资金观望型,,D,回避：资金观望,-0.0
001308,康冠科技,17.82,-70.6,1.91,-22.5,-5.24,-5412094,-5165588,-318046,708691,-548920,-2795150,缩量,低,情绪退潮,观望,资金观望型,,D,回避：资金观望,-1.7
001311,多利科技,16.57,-65.3,0.68,-5.1,-8.59,-21311615,-19402612,-47286306,-1149629,-1497685,1911509,缩量,低,情绪退潮,观望,资金观望型,,D,回避：资金观望,-2.9
001288,运机集团,30.65,150.2,1.01,-30.5,-3.06,-17915259,17467993,79844242,30443124,29627201,-13738419,放量,低,游资情绪,抢筹,高位分歧型,机构吸筹+盈利(关注),C,谨慎：资金流入未验证业绩,47.0
001287,中电港,23.8,-49.2,1.75,-6.2,2.65,56146609,4148771,-96410907,41249408,35892354,-30096462,缩量,低,情绪退潮,吸筹,资金观望型,资金+业绩共振(双击候选),B,关注：资金+业绩共振,64.9
001313,粤海饲料,7.01,-30.9,1.09,54.8,-3.39,-23918034,-105315561,-104710334,197042,-1461407,-6987371,缩量,低,情绪退潮,观望,资金观望型,,D,回避：资金观望,-1.1
001286,陕西能源,9.82,-28.6,0.67,-24.5,9.01,108370739,120650194,148096948,2352780,-406580,-3112720,缩量,中,主力惜售,进场,均衡流入型,资金+业绩共振(双击候选),B,关注：资金+业绩共振,87.0
001299,美能能源,9.89,364.1,0.17,397.8,5.18,85454913,88482791,83906471,-6804416,1450867,14372846,放量,中,主力偏强放量,进场,趋势转多型,资金+业绩共振(双击候选),B,关注：资金+业绩共振,89.7
001306,夏厦精密,53.95,107.1,0.69,25.3,1.67,3000537,4367107,3594883,1909250,-616144,-8048801,放量,低,游资情绪,进场,趋势转多型,纯资金炒作(亏损风险),C,谨慎：纯资金炒作,20.6
001309,德明利,401.0,-61.2,1.5,-17.3,-2.66,-587037041,-722513387,-1365365448,67353008,142678694,-34077140,缩量,低,情绪退潮,吸筹,资金撤退型,机构吸筹+盈利(关注),C,谨慎：资金流入未验证业绩,23.1
001318,阳光乳业,11.21,-34.6,1.35,-33.8,-1.6,-2564240,849169,-25872639,-1604218,-1744797,87317,缩量,低,情绪退潮,观望,资金观望型,,D,回避：资金观望,-0.5
001317,三羊马,48.83,-38.7,2.03,-38.5,-2.82,-23217352,-26095055,37122436,3936714,4072531,1482338,缩量,低,情绪退潮,观望,长线吸筹型,,D,回避：资金观望,-0.9
001316,润贝航科,28.19,16.9,0.5,114.9,0.89,5846621,87518090,101452859,-4549803,-4907620,3611926,缩量,低,情绪退潮,观望,均衡流入型,,D,回避：资金观望,0.3
001322,箭牌家居,6.1,-44.5,0.98,-35.9,-1.26,-1236980,-2998776,5647520,3198,-688800,-2992000,缩量,低,情绪退潮,观望,长线吸筹型,,D,回避：资金观望,-0.4
001325,元创股份,36.82,-32.3,0.13,-58.6,-7.52,-9440705,-24142290,-7907184,-699350,-1625711,428152,缩量,低,情绪退潮,观望,长线吸筹型,,D,回避：资金观望,-2.5
001319,铭科精技,21.98,95.4,0.98,46.8,7.75,45950847,45625205,40568663,-6564643,-3668020,13361270,放量,中,主力偏强放量,进场,资金观望型,资金+业绩共振(双击候选),B,关注：资金+业绩共振,90.6
001333,光华股份,18.71,-8.3,0.42,-63.9,-4.67,-5684870,-12555028,6147599,-1565998,-1793048,2142522,缩量,低,情绪退潮,观望,长线吸筹型,,D,回避：资金观望,-1.6
001328,登康口腔,29.29,-53.1,0.77,3.6,0.35,548757,-12852281,-21708289,-461006,0,645759,缩量,低,情绪退潮,观望,资金观望型,,D,回避：资金观望,0.1
001330,博纳影业,5.4,3.1,0.23,78.5,-3.47,-101032790,171745012,626359150,-44328933,-14691582,63178114,缩量,低,情绪退潮,观望,高位分歧型,,D,回避：资金观望,-1.2
001332,锡装股份,26.06,-61.9,0.82,-45.5,-2.62,-4982317,-12147847,-26494894,1941862,1038400,-2008807,缩量,低,情绪退潮,观望,资金撤退型,,D,回避：资金撤退,-0.9
001335,信凯科技,31.64,-64.7,0.89,-12.8,-2.79,-2574094,-2429779,-7452979,-579369,0,2438519,缩量,低,情绪退潮,观望,资金观望型,,D,回避：资金观望,-0.9
001338,永顺泰,8.89,44.8,0.26,-4.2,-3.7,-23408860,-1188096,46427991,-1912654,-1328749,221660,缩量,低,情绪退潮,观望,高位分歧型,,D,回避：资金观望,-1.2
001326,联域股份,85.4,291.3,1.17,3.6,5.06,41721864,64524979,119198210,30511263,21222441,-23056113,放量,中,主力偏强放量,抢筹,主力建仓型,资金+业绩共振(双击候选),B,关注：资金+业绩共振,97.7
001331,胜通能源,43.26,-72.4,2.31,0.2,6.59,92324779,135349895,148052958,-3568362,1210851,9883186,缩量,中,主力惜售,进场,主力强攻型,资金+业绩共振(双击候选),B,关注：资金+业绩共振,86.2
001356,富岭股份,8.83,-7.3,0.98,-43.0,-9.45,-15475823,-23297024,-23546625,1951611,800548,-977637,缩量,低,情绪退潮,观望,资金撤退型,,D,回避：资金撤退,-3.1
001358,兴欣新材,24.54,3.4,2.85,-22.2,-1.04,-2128214,3808475,-12228740,7301338,1406999,-9406431,缩量,低,情绪退潮,观望,资金观望型,,D,回避：资金观望,-0.3
001336,楚环科技,17.95,21.0,1.13,15.5,0.77,1481409,1683210,2340523,1591900,877682,2011428,缩量,低,情绪退潮,进场,均衡流入型,资金+业绩共振(双击候选),B,关注：资金+业绩共振,72.3
001360,南矿集团,18.51,34.1,1.18,-2.4,-3.85,-18407836,7249163,50937865,-4024137,-3603451,-1059257,缩量,低,情绪退潮,观望,高位分歧型,,D,回避：资金观望,-1.3
001339,智微智能,77.04,-53.6,1.82,-32.0,-4.78,-78739622,-136527720,-136732035,22254964,18846239,-2410997,缩量,低,情绪退潮,吸筹,资金撤退型,机构吸筹+盈利(关注),C,谨慎：资金流入未验证业绩,22.4
001367,海森药业,19.79,-42.4,0.25,-75.5,-4.44,-5426739,-13543919,31904277,-633885,-985000,2261125,缩量,低,情绪退潮,观望,长线吸筹型,,D,回避：资金观望,-1.5
001366,播恩集团,12.83,78.8,0.25,114.4,-8.0,-65359362,-476562,-14630244,-6410953,-3987628,16462079,放量,低,游资情绪,观望,资金观望型,,D,回避：资金观望,5.3
001369,双欣材料,12.26,-67.0,0.66,-17.6,-7.34,-21758089,-20716115,-49121462,-5541992,-3362742,6026930,缩量,低,情绪退潮,观望,资金观望型,,D,回避：资金观望,-2.4
001373,翔腾新材,27.99,-15.1,1.32,-5.2,-2.52,-4778959,-5837715,-2434529,-647650,0,4969085,缩量,低,情绪退潮,观望,资金观望型,,D,回避：资金观望,-0.8
001376,百通能源,11.67,2.5,1.13,27.9,-2.33,-18952284,-4942248,24107540,-1984401,-534354,2135562,缩量,低,情绪退潮,观望,资金观望型,,D,回避：资金观望,-0.8
001386,马可波罗,15.96,21.0,0.5,-25.8,-0.94,-2996071,-2224538,23015149,637181,-965984,-3148424,缩量,低,情绪退潮,观望,长线吸筹型,,D,回避：资金观望,-0.3
001368,通达创智,30.59,305.5,0.43,116.8,2.4,13774345,31232895,41009376,6051249,12204056,-4299695,放量,低,游资情绪,抢筹,主力建仓型,资金+业绩共振(双击候选),B,关注：资金+业绩共振,88.8
001387,雪祺电气,11.4,-40.7,1.98,-12.0,1.61,2524850,1953928,-666741,-1047628,-475416,2792131,缩量,低,情绪退潮,观望,资金观望型,,D,回避：资金观望,0.5
001391,国货航,3.97,-54.5,1.99,-7.8,-6.95,-26134220,-23096985,-60929797,4627504,3001219,-4089109,缩量,低,情绪退潮,观望,资金观望型,,D,回避：资金观望,-2.3
001379,腾达科技,15.46,-50.3,0.9,-15.6,1.38,1541688,4601004,8398698,379201,0,835436,缩量,低,情绪退潮,进场,均衡流入型,资金+业绩共振(双击候选),B,关注：资金+业绩共振,72.5
001380,华纬科技,18.13,-6.6,0.79,27.5,2.09,3708679,5693831,1672165,1890210,-1723,1370449,缩量,低,情绪退潮,进场,趋势转多型,资金+业绩共振(双击候选),B,关注：资金+业绩共振,72.7
001390,古麒绒材,16.49,-52.7,1.3,-0.1,-6.99,-11305941,-10484351,-26966378,2975666,2689500,-2983895,缩量,低,情绪退潮,观望,资金观望型,,D,回避：资金观望,-2.3
001378,德冠新材,22.55,193.3,1.99,5.5,-0.02,-119130,-5954124,-7606831,12173476,24922325,-9362209,放量,低,游资情绪,抢筹,资金撤退型,机构吸筹+盈利(关注),C,谨慎：资金流入未验证业绩,48.0
001388,信通电子,20.45,-35.3,4.2,43.6,-1.46,-13977391,-31675056,-45761446,14302193,9336012,-8933241,缩量,低,情绪退潮,吸筹,资金撤退型,机构吸筹+盈利(关注),C,谨慎：资金流入未验证业绩,23.5
001396,誉帆科技,31.83,-22.2,0.28,-39.9,-2.3,-2210928,-2586066,-5138999,477646,-15846,-1940728,缩量,低,情绪退潮,观望,资金撤退型,,D,回避：资金撤退,-0.8
001400,江顺科技,75.44,-57.6,0.49,-60.6,-4.08,-20695176,-48887219,173371035,-1669183,-712916,1532375,缩量,低,情绪退潮,观望,长线吸筹型,,D,回避：资金观望,-1.4
001389,广合科技,172.36,-46.3,1.15,27.5,3.1,170091068,489743766,226123700,24658469,44677801,-7121914,缩量,低,情绪退潮,吸筹,趋势转多型,资金+业绩共振(双击候选),B,关注：资金+业绩共振,65.0
001872,招商港口,23.23,-43.2,1.74,-25.7,-0.12,-343484,-15307290,-58307242,688188,-84804,-1227048,缩量,低,情绪退潮,观望,资金撤退型,,D,回避：资金撤退,-0.0
001696,宗申动力,15.4,-48.0,2.24,54.1,-8.93,-250910509,-109800393,-368860204,-15457999,-366545,10774122,缩量,低,情绪退潮,观望,资金观望型,,D,回避：资金观望,-3.0
001914,招商积余,8.72,-30.9,0.82,-28.0,-2.55,-6573122,-23100580,-24937650,974641,-509987,-4699484,缩量,低,情绪退潮,观望,资金撤退型,,D,回避：资金撤退,-0.8
002003,伟星股份,11.32,3.3,1.96,3.7,-5.23,-48606993,-146704533,-215211693,-1892778,-1576001,10447115,缩量,低,情绪退潮,观望,资金撤退型,,D,回避：资金撤退,-1.7
002001,新 和 成,26.26,-28.8,0.63,-42.9,2.53,69969980,-86342497,-278812606,-33576993,-20091050,45638023,缩量,低,情绪退潮,观望,资金观望型,,D,回避：资金观望,0.8
001979,招商蛇口,6.73,-49.0,1.27,-37.8,-2.88,-46126372,-55279009,-508669389,12529321,9120789,-21717145,缩量,低,情绪退潮,观望,资金撤退型,,D,回避：资金撤退,-1.0
002006,精工科技,13.26,-57.2,0.87,68.8,-6.1,-22477619,-546617,-47231860,-2455381,-2634231,3215712,缩量,低,情绪退潮,观望,资金观望型,,D,回避：资金观望,-2.0
002007,华兰生物,12.74,-29.5,1.89,-34.8,-8.73,-66131167,-57270850,-109782304,-4106793,-4369433,6725022,缩量,低,情绪退潮,观望,资金观望型,,D,回避：资金观望,-2.9
001896,豫能控股,12.37,-27.4,0.49,107.7,8.15,738942107,724247538,495264854,10683450,1740893,27196320,缩量,中,主力惜售,进场,资金观望型,资金+业绩共振(双击候选),B,关注：资金+业绩共振,86.7
002008,大族激光,95.54,-47.3,1.6,14.9,-2.22,-385741401,718630338,875716523,-32290624,36300645,-53132867,缩量,低,情绪退潮,观望,资金观望型,,D,回避：资金观望,-0.7
002009,天奇股份,15.45,-72.1,0.54,-19.5,-7.22,-34006807,-51622604,-130741538,987068,-2436697,2790570,缩量,低,情绪退潮,观望,资金撤退型,,D,回避：资金撤退,-2.4
001965,招商公路,10.07,54.7,1.33,-8.4,3.75,30125530,30508013,-51946937,14605712,20586413,5602823,放量,低,游资情绪,抢筹,趋势转多型,资金+业绩共振(双击候选),B,关注：资金+业绩共振,89.2
002011,盾安环境,13.66,450.3,1.18,960.0,-3.67,-206066337,-68274271,-128070262,13255316,19375927,20313177,放量,低,游资情绪,观望,资金观望型,,D,回避：资金观望,6.8
002004,华邦健康,4.41,1.5,0.63,11.9,2.68,27621734,20745054,15290254,6691639,2592511,-37560,缩量,低,情绪退潮,吸筹,资金观望型,资金+业绩共振(双击候选),B,关注：资金+业绩共振,64.9
002005,德豪润达,2.46,-22.0,1.43,11.7,2.12,3930187,-3575509,-4305301,1211259,2049657,975685,缩量,低,情绪退潮,进场,资金观望型,资金+业绩共振(双击候选),B,关注：资金+业绩共振,72.7
002015,协鑫能科,16.84,31.6,0.32,-2.0,-0.53,-51111790,-504629991,32929670,-93624692,-66609569,120691950,缩量,低,情绪退潮,观望,资金观望型,,D,回避：资金观望,-0.2
002012,凯恩股份,7.27,-34.2,0.97,-7.5,0.03,99005,-13119838,9122677,2590236,7315257,2747862,缩量,低,情绪退潮,进场,长线吸筹型,资金+业绩共振(双击候选),B,关注：资金+业绩共振,72.0
002019,亿帆医药,9.22,-67.8,0.7,-51.6,-16.51,-59286333,-83595398,-143206068,-1217850,-1392589,321603,缩量,低,情绪退潮,观望,资金撤退型,,D,回避：资金撤退,-5.5
002020,京新药业,11.39,-71.8,2.26,-0.7,-3.4,-18953212,-20223795,-60499375,9507427,4128575,1716117,缩量,低,情绪退潮,观望,资金撤退型,,D,回避：资金撤退,-1.1
002016,世荣兆业,4.45,-14.4,0.47,-11.1,-5.86,-9984292,-15386550,13129310,540183,-1233047,-632874,缩量,低,情绪退潮,观望,长线吸筹型,,D,回避：资金观望,-2.0
002017,东信和平,14.4,44.1,0.93,-23.7,-7.61,-138664408,137336116,232529046,-4188897,-2887958,22982381,缩量,低,情绪退潮,观望,资金观望型,,D,回避：资金观望,-2.5
002014,永新股份,11.0,-37.0,1.43,-13.7,3.79,6213078,15072925,10942299,409813,1290326,-47239,缩量,低,情绪退潮,吸筹,趋势转多型,资金+业绩共振(双击候选),B,关注：资金+业绩共振,65.3
002023,海特高新,9.57,-75.8,0.37,-36.4,-2.71,-11240867,-43231996,-99451627,-3221833,1504729,1512287,缩量,低,情绪退潮,观望,资金撤退型,,D,回避：资金撤退,-0.9
002027,分众传媒,4.68,-59.6,1.16,-5.9,-7.89,-183704887,-266985156,-134569936,-5847170,-9637695,19592161,缩量,低,情绪退潮,观望,资金观望型,,D,回避：资金观望,-2.6
002025,航天电器,70.36,-49.0,0.73,-16.3,0.6,25476622,-70496794,-80500324,-7594816,-9526232,25897819,缩量,低,情绪退潮,观望,资金观望型,,D,回避：资金观望,0.2
002028,思源电气,135.08,-38.6,0.74,-33.2,-2.15,-128925153,-627398141,-619012160,-24975097,-13572256,121624147,缩量,低,情绪退潮,观望,资金观望型,,D,回避：资金观望,-0.7
002030,达安基因,5.22,-58.5,2.15,-53.3,-6.93,-23165354,-27941098,-11558644,-856772,-2088389,-488856,缩量,低,情绪退潮,观望,资金观望型,,D,回避：资金观望,-2.3
002021,中捷资源,2.68,-20.3,0.8,13.5,-1.69,-5383120,4916884,-46410218,3086517,4941669,-4419257,缩量,低,情绪退潮,吸筹,资金观望型,纯资金炒作(亏损风险),C,谨慎：纯资金炒作,3.4
002032,苏 泊 尔,39.7,-38.5,0.88,21.6,3.19,14825055,11931595,2799376,-1899267,15809,1247513,缩量,低,情绪退潮,观望,资金观望型,,D,回避：资金观望,1.1
002026,山东威达,11.83,145.3,0.81,-26.8,5.53,41471908,66407683,143022587,10869680,7162671,-21267412,放量,中,主力偏强放量,进场,主力强攻型,资金+业绩共振(双击候选),B,关注：资金+业绩共振,89.8
002034,旺能环境,14.39,3.6,0.33,-9.4,-9.38,-46679394,-56620897,-106683070,10770813,-1394495,3087868,缩量,低,情绪退潮,观望,资金撤退型,,D,回避：资金撤退,-3.1
002036,联创电子,6.2,-66.5,1.71,-15.9,-5.09,-35975021,-112267615,-114695484,-2917443,-5448666,7166375,缩量,低,情绪退潮,观望,资金撤退型,,D,回避：资金撤退,-1.7
002033,丽江股份,8.31,5.1,0.11,48.3,-8.45,-98803928,-63620810,-47817811,-20696695,-13348827,11272022,缩量,低,情绪退潮,观望,资金观望型,,D,回避：资金观望,-2.8
002037,保利联合,6.83,-6.7,1.13,15.7,-3.53,-5533253,-1168698,-16113947,-2477491,-1820899,1148136,缩量,低,情绪退潮,观望,资金观望型,,D,回避：资金观望,-1.2
002039,黔源电力,19.47,-50.6,0.5,-8.6,-0.86,-4816786,-21957893,-57166954,-2632182,-429274,1477361,缩量,低,情绪退潮,观望,资金撤退型,,D,回避：资金撤退,-0.3
002038,双鹭药业,5.57,-86.0,0.65,-74.9,-7.69,-32815021,-35690868,-20427051,-4262977,-2850452,2265821,缩量,低,情绪退潮,观望,资金观望型,,D,回避：资金观望,-2.6
002044,美年健康,4.35,-56.1,0.99,-18.9,-5.6,-75851003,-97904854,-125213193,-20899318,-15335292,35055072,缩量,低,情绪退潮,观望,资金撤退型,,D,回避：资金撤退,-1.9
002043,兔 宝 宝,10.83,-12.6,1.04,-35.7,-3.05,-15119258,-39994983,-94071729,-1408753,-559736,8270350,缩量,低,情绪退潮,观望,资金撤退型,,D,回避：资金撤退,-1.0
002035,华帝股份,4.53,-37.6,0.47,-49.7,5.7,12030494,8355332,-26916947,3650945,690368,-3255756,缩量,中,主力惜售,进场,资金观望型,资金+业绩共振(双击候选),B,关注：资金+业绩共振,85.9
002045,国光电器,8.86,-29.1,1.27,-53.9,-2.65,-16929069,-59628261,56008065,-13864284,-2684739,17804216,缩量,低,情绪退潮,观望,长线吸筹型,,D,回避：资金观望,-0.9
002042,华孚时尚,3.8,-45.0,0.28,-36.4,-10.38,-40470463,-41887627,-31015730,-377631,5002269,-52348,缩量,低,情绪退潮,吸筹,资金观望型,机构吸筹+盈利(关注),C,谨慎：资金流入未验证业绩,20.5
002047,宝鹰股份,3.35,-35.7,0.55,-28.3,-2.7,-12230049,22409928,4149153,-11949319,-6929510,11640356,缩量,低,情绪退潮,观望,资金观望型,,D,回避：资金观望,-0.9
002053,云南能投,9.66,-47.7,0.92,73.5,-5.07,-27053274,-30541751,-59688909,-4895964,-3798368,6116429,缩量,低,情绪退潮,观望,资金撤退型,,D,回避：资金撤退,-1.7
002050,三花智控,33.73,-71.8,1.1,4.2,-6.44,-388122736,-366388348,-1521986927,-82014649,-17286274,139640140,缩量,低,情绪退潮,观望,资金观望型,,D,回避：资金观望,-2.1
002056,横店东磁,19.68,-84.1,2.82,-10.4,-1.31,-18440665,-38596519,-408343585,-3829728,-5644564,18364977,缩量,低,情绪退潮,观望,资金撤退型,,D,回避：资金撤退,-0.4
002057,中钢天源,8.81,-77.5,4.7,-4.8,-8.83,-46519819,-65426851,-92637750,3849243,6114820,8125038,缩量,低,情绪退潮,观望,资金撤退型,,D,回避：资金撤退,-2.9
002046,国机精工,61.41,-12.9,1.26,75.7,8.1,430901802,433182037,719205940,69560811,72049067,-35753334,缩量,中,主力惜售,吸筹,均衡流入型,资金+业绩共振(双击候选),B,关注：资金+业绩共振,78.7
002051,中工国际,8.71,-55.9,0.34,-17.2,-0.72,-5286422,-48103405,-74222024,12096857,11815814,-6078608,缩量,低,情绪退潮,吸筹,资金撤退型,机构吸筹+盈利(关注),C,谨慎：资金流入未验证业绩,23.8
002049,紫光国微,60.41,-81.3,2.23,-28.1,-9.5,-266681468,-490589180,-1153404163,19492915,8645737,-7382871,缩量,低,情绪退潮,吸筹,资金撤退型,机构吸筹+盈利(关注),C,谨慎：资金流入未验证业绩,20.8
002060,广东建工,3.08,31.5,0.29,-11.8,-0.72,-1787260,4401229,-9336020,10975466,6412547,1561771,缩量,低,情绪退潮,观望,资金观望型,,D,回避：资金观望,-0.2
002063,远光软件,5.36,-46.6,0.65,8.3,-5.73,-24503031,-30406518,-56481723,-8922174,-13830560,5959609,缩量,低,情绪退潮,观望,资金撤退型,,D,回避：资金撤退,-1.9
002058,紫竹高科,16.98,73.8,0.78,17.3,2.5,6848382,2743973,1562156,1452930,-1745552,2162862,放量,低,游资情绪,进场,资金观望型,资金+业绩共振(双击候选),B,关注：资金+业绩共振,80.8
002064,华峰化学,10.02,-38.4,1.36,-13.5,-2.78,-49753177,-74942218,144490448,-21021643,-4056096,-3505635,缩量,低,情绪退潮,观望,长线吸筹型,,D,回避：资金观望,-0.9
002065,东华软件,6.64,-59.3,1.33,-28.5,-7.29,-50541304,-66279108,-124429990,-1142512,-3025543,8272658,缩量,低,情绪退潮,观望,资金撤退型,,D,回避：资金撤退,-2.4
002066,瑞泰科技,20.16,-59.1,0.72,-25.4,-5.76,-10825137,-26976974,-50104765,-2933900,-5113921,2716703,缩量,低,情绪退潮,观望,资金撤退型,,D,回避：资金撤退,-1.9
002067,景兴纸业,4.02,-67.3,1.17,-44.7,-9.67,-44625220,-93142723,-212692744,11801944,3102567,-3626722,缩量,低,情绪退潮,观望,资金撤退型,,D,回避：资金撤退,-3.2
002069,獐子岛,3.65,34.1,0.75,18.0,3.52,8986126,5132049,8213212,-1741603,0,1591112,缩量,低,情绪退潮,观望,资金观望型,,D,回避：资金观望,1.2
002062,宏润建设,9.04,24.0,0.27,29.6,3.99,28151323,21804944,36923516,24490250,23920185,-10993038,缩量,低,情绪退潮,吸筹,资金观望型,资金+业绩共振(双击候选),B,关注：资金+业绩共振,65.3
002075,沙钢股份,3.57,-51.6,1.25,-20.9,-0.63,-2532578,-22837298,-40942000,-5729024,-1970011,2672897,缩量,低,情绪退潮,观望,资金撤退型,,D,回避：资金撤退,-0.2
002076,星光股份,2.13,2.0,1.33,-3.5,-0.05,-139448,-7512761,-37797432,13482567,9312963,-12648141,缩量,低,情绪退潮,观望,资金撤退型,,D,回避：资金撤退,-0.0
002068,黑猫股份,10.14,-24.4,4.73,408.3,-1.9,-90896005,84239611,21359134,197802484,232813167,-103997328,缩量,低,情绪退潮,吸筹,资金观望型,纯资金炒作(亏损风险),C,谨慎：纯资金炒作,3.4
002072,凯瑞德,7.09,-31.1,3.24,-25.9,-3.34,-20419002,-116365238,-69238624,600467,2399707,-326608,缩量,低,情绪退潮,吸筹,长线吸筹型,纯资金炒作(亏损风险),C,谨慎：纯资金炒作,2.9
002081,金 螳 螂,4.86,88.2,0.67,-36.6,-9.29,-401966595,-304046771,-295306187,23907902,17190581,-26959537,放量,低,游资情绪,观望,资金观望型,,D,回避：资金观望,4.9
002079,苏州固锝,9.14,-66.3,1.88,-15.2,-0.14,-1083805,-44227076,-117857843,28624900,21229138,-29229298,缩量,低,情绪退潮,观望,资金撤退型,,D,回避：资金撤退,-0.0
002077,大港股份,14.37,35.0,3.24,232.5,6.48,317699775,283866514,240685495,61675867,28278921,-63505228,缩量,中,主力惜售,进场,资金观望型,资金+业绩共振(双击候选),B,关注：资金+业绩共振,86.2
002078,太阳纸业,13.9,-14.1,1.26,-48.9,2.66,27992781,-113003013,-99268799,12795639,17237062,7723223,缩量,低,情绪退潮,进场,资金观望型,资金+业绩共振(双击候选),B,关注：资金+业绩共振,72.9
002085,万丰奥威,9.61,4.9,0.91,19.9,-6.46,-70267425,-96014802,-126862052,-50095208,-26130874,41849331,缩量,低,情绪退潮,观望,资金撤退型,,D,回避：资金撤退,-2.2
002088,鲁阳节能,7.88,-32.9,0.55,0.7,2.66,5023012,2309858,2131241,-564245,-50608,2924579,缩量,低,情绪退潮,观望,资金观望型,,D,回避：资金观望,0.9
002090,金智科技,8.95,-60.7,0.97,-15.3,-1.71,-3147437,-6514795,-25685965,1845386,2491350,850008,缩量,低,情绪退潮,观望,资金撤退型,,D,回避：资金撤退,-0.6
002092,中泰化学,4.48,-40.8,0.96,-20.4,-5.45,-60470377,22577930,58001598,-9952636,-10339210,6038006,缩量,低,情绪退潮,观望,资金观望型,,D,回避：资金观望,-1.8
002080,中材科技,55.88,0.1,1.19,-4.5,5.61,782693608,533495296,-612039669,409585226,284914010,-460626577,缩量,中,主力惜售,进场,资金观望型,资金+业绩共振(双击候选),B,关注：资金+业绩共振,85.9
002094,青岛金王,5.01,18.4,0.78,-34.3,-11.35,-93419755,-101107610,31092983,-296785,-834229,-147419,缩量,低,情绪退潮,观望,长线吸筹型,,D,回避：资金观望,-3.8
002086,东方海洋,2.01,73.2,0.89,2.2,3.3,20532322,-19931211,-59048349,23309520,19586149,-17198341,放量,低,游资情绪,抢筹,资金观望型,纯资金炒作(亏损风险),C,谨慎：纯资金炒作,29.1
002091,江苏国泰,7.77,-31.1,0.34,-19.7,-0.06,-210586,-5043064,-58923154,1887113,1623501,-1053733,缩量,低,情绪退潮,吸筹,资金撤退型,机构吸筹+盈利(关注),C,谨慎：资金流入未验证业绩,24.0
002097,山河智能,7.2,-34.6,1.03,35.1,-0.05,-307255,-710502,-5523618,-777860,-2754995,-6396964,缩量,低,情绪退潮,观望,资金撤退型,,D,回避：资金撤退,-0.0
002096,易普力,9.09,-30.9,1.03,-13.1,-3.26,-6685946,-7815482,-27761710,-325256,-29586,-5161841,缩量,低,情绪退潮,观望,资金撤退型,,D,回避：资金撤退,-1.1
002100,天康生物,7.63,71.7,0.7,39.4,-1.76,-17537548,-63236157,-15275466,-5933630,501368,-23186098,放量,低,游资情绪,观望,资金观望型,,D,回避：资金观望,7.4
002093,国脉科技,7.78,396.6,0.94,331.8,2.47,39575725,121222272,101978918,20583604,15881916,-23936126,放量,低,游资情绪,抢筹,趋势转多型,资金+业绩共振(双击候选),B,关注：资金+业绩共振,88.8
002101,广东鸿图,8.56,-61.7,0.99,-13.8,1.6,2337534,-3307646,-15068171,-91469,1214264,-1265669,缩量,低,情绪退潮,观望,资金观望型,,D,回避：资金观望,0.5
002095,生 意 宝,16.35,559.3,0.98,358.0,0.75,6443119,79509544,80739270,73257109,87221353,-44702831,放量,低,游资情绪,抢筹,均衡流入型,纯资金炒作(亏损风险),C,谨慎：纯资金炒作,28.2
002103,广博股份,6.32,-54.2,1.33,-25.5,-3.4,-6573193,-13261810,-7071844,-2839121,-659894,1115923,缩量,低,情绪退潮,观望,资金观望型,,D,回避：资金观望,-1.1
002104,恒宝股份,11.18,0.9,1.25,39.8,-9.22,-259935812,199792772,458912389,523313,3957064,6538589,缩量,低,情绪退潮,观望,资金观望型,,D,回避：资金观望,-3.1
002099,海翔药业,5.33,-32.2,0.64,-6.4,1.23,9194241,9295020,-7690190,762530,1841760,-1116816,缩量,低,情绪退潮,吸筹,趋势转多型,纯资金炒作(亏损风险),C,谨慎：纯资金炒作,4.4
002098,浔兴股份,7.79,33.7,0.85,-6.4,1.13,1956438,-4569019,17533350,1296495,0,-1124163,缩量,低,情绪退潮,进场,长线吸筹型,资金+业绩共振(双击候选),B,关注：资金+业绩共振,72.4
002114,罗平锌电,7.34,-2.2,0.59,5.7,0.63,2429364,-14833738,-20864079,-7645997,-988389,652699,缩量,低,情绪退潮,观望,资金观望型,,D,回避：资金观望,0.2
002111,威海广泰,9.57,-38.6,1.69,-16.0,-7.23,-23499464,-51989656,-49892929,2279578,1253619,-2029742,缩量,低,情绪退潮,观望,资金观望型,,D,回避：资金观望,-2.4
002106,莱宝高科,11.45,-47.3,2.97,81.0,1.11,18290386,80555633,11839578,6129334,9550336,-4997068,缩量,低,情绪退潮,吸筹,趋势转多型,资金+业绩共振(双击候选),B,关注：资金+业绩共振,64.4
002112,三变科技,14.56,-69.8,0.58,-12.8,-5.48,-29232437,-45151628,-88572895,-5654324,-2102787,9460053,缩量,低,情绪退潮,观望,资金撤退型,,D,回避：资金撤退,-1.8
002107,沃华医药,6.69,35.4,0.37,12.5,-1.3,-9226203,-27120722,107101073,10673141,4533200,-4323327,缩量,低,情绪退潮,吸筹,长线吸筹型,机构吸筹+盈利(关注),C,谨慎：资金流入未验证业绩,23.6
002116,中国海诚,7.11,10.1,0.42,43.9,-6.08,-7498669,-16946136,-17538685,-714202,-205306,-2202973,缩量,低,情绪退潮,观望,资金撤退型,,D,回避：资金撤退,-2.0
002117,东港股份,7.76,-54.2,0.76,-27.4,-10.9,-20741430,-43847430,-47995921,1936922,963535,215158,缩量,低,情绪退潮,观望,资金撤退型,,D,回避：资金撤退,-3.6
002115,三维通信,10.12,-63.3,1.19,-36.9,-12.5,-166907387,-218173762,-209283513,15833790,11345633,2322862,缩量,低,情绪退潮,观望,资金观望型,,D,回避：资金观望,-4.2
002110,三钢闽光,2.97,-0.2,0.8,3.3,2.11,7122818,8390002,25214195,3826587,2273069,2534826,缩量,低,情绪退潮,进场,均衡流入型,资金+业绩共振(双击候选),B,关注：资金+业绩共振,72.7
002123,梦网科技,7.66,-65.7,1.12,-37.1,-3.26,-14224676,-46877685,-70832449,-10841931,-10809402,12140307,缩量,低,情绪退潮,观望,资金撤退型,,D,回避：资金撤退,-1.1
002125,湘潭电化,12.11,-67.6,1.68,-62.5,-6.0,-34575689,-92182117,-182021649,-2056100,-1799773,2575506,缩量,低,情绪退潮,观望,资金撤退型,,D,回避：资金撤退,-2.0
002124,天邦食品,2.23,9.6,0.15,136.4,-0.47,-5537251,99534566,-7744326,838681,6201218,292217,缩量,低,情绪退潮,观望,资金观望型,,D,回避：资金观望,-0.2
002126,银轮股份,38.43,-64.5,1.31,-11.7,-2.3,-49287922,-48328026,-5176111,-12363258,-37295,16558844,缩量,低,情绪退潮,观望,资金观望型,,D,回避：资金观望,-0.8
002119,康强电子,24.8,-29.9,1.81,14.6,1.51,63656209,127977858,-33394395,71942598,51817435,-129536506,缩量,低,情绪退潮,进场,趋势转多型,资金+业绩共振(双击候选),B,关注：资金+业绩共振,72.5
002120,韵达股份,6.71,-52.4,0.61,-23.9,-1.82,-13625435,-38001856,-72895268,14377714,12856412,-7352428,缩量,低,情绪退潮,吸筹,资金撤退型,机构吸筹+盈利(关注),C,谨慎：资金流入未验证业绩,23.4
002127,南极电商,2.99,-40.4,2.34,4.6,-0.55,-2467322,15718613,17957207,13243317,8486195,-8754482,缩量,低,情绪退潮,观望,资金观望型,,D,回避：资金观望,-0.2
002131,利欧股份,4.42,-64.6,0.55,-26.8,-7.09,-318402932,-794520275,-588631335,35601179,36216489,1692838,缩量,低,情绪退潮,观望,资金观望型,,D,回避：资金观望,-2.4
002130,沃尔核材,17.07,-3.6,0.66,83.0,1.88,94656360,57189493,-113471816,-7384356,1670356,11121278,缩量,低,情绪退潮,观望,资金观望型,,D,回避：资金观望,0.6
002134,天津普林,24.74,14.1,1.67,74.5,2.57,62945840,63140664,96377878,-9926666,-13666777,19768826,缩量,低,情绪退潮,观望,均衡流入型,,D,回避：资金观望,0.9
002135,东南网架,5.97,-46.8,0.36,-40.6,-0.1,-307659,-32929297,-65357038,2019584,-33562,-2052450,缩量,低,情绪退潮,观望,资金撤退型,,D,回避：资金撤退,-0.0
002136,安 纳 达,11.92,-49.2,0.65,-34.0,-5.58,-14212707,-23550788,-30558747,-2711706,-1203725,6467698,缩量,低,情绪退潮,观望,资金撤退型,,D,回避：资金撤退,-1.9
002129,TCL中环,8.86,-78.3,4.67,-52.7,-11.63,-242902701,-453997220,-314389061,40491152,10028890,-5097060,缩量,低,情绪退潮,吸筹,长线吸筹型,纯资金炒作(亏损风险),C,谨慎：纯资金炒作,0.1
002132,恒星科技,4.29,-65.8,1.0,-56.6,11.7,139818718,106921759,-11231953,12377147,13944707,1286402,缩量,高,主力控盘,控盘,资金观望型,控盘+盈利(稳健),B,关注：控盘稳健+盈利,71.9
002139,拓邦股份,9.68,-34.5,1.38,46.5,1.44,15798158,-9491223,-92769972,-6899771,-7858122,4235536,缩量,低,情绪退潮,观望,资金观望型,,D,回避：资金观望,0.5
002133,广宇集团,2.72,-4.0,0.75,-17.6,1.88,4139449,-18706801,18613752,3963942,1073598,-1869369,缩量,低,情绪退潮,进场,长线吸筹型,资金+业绩共振(双击候选),B,关注：资金+业绩共振,72.6
002141,贤丰控股,6.69,-5.3,13.28,12.5,4.78,293035303,108803072,394665285,-81563194,-62237241,69279477,缩量,低,情绪退潮,观望,资金观望型,,D,回避：资金观望,1.6
002142,宁波银行,34.31,6.7,1.56,0.1,2.18,119179341,235645056,42180644,-81114108,-13069945,80314805,缩量,低,情绪退潮,观望,趋势转多型,,D,回避：资金观望,0.7
002144,宏达高科,10.37,-50.2,0.92,-22.2,-3.97,-7413091,-13875142,-24354627,445658,-314761,659046,缩量,低,情绪退潮,观望,资金撤退型,,D,回避：资金撤退,-1.3
002137,实益达,8.2,-16.5,7.02,14.4,-0.74,-5779601,-27019519,-28501781,123732095,121148082,-66342174,缩量,低,情绪退潮,吸筹,资金撤退型,机构吸筹+盈利(关注),C,谨慎：资金流入未验证业绩,23.8
002148,北纬科技,6.27,-70.0,2.39,-19.3,-4.12,-10360258,-6394837,-14677751,-1308469,-1851702,2605946,缩量,低,情绪退潮,观望,资金观望型,,D,回避：资金观望,-1.4
002138,顺络电子,51.12,-46.8,3.39,5.4,1.53,111474489,227007880,-1114983,78966372,55414258,-68275932,缩量,低,情绪退潮,进场,趋势转多型,资金+业绩共振(双击候选),B,关注：资金+业绩共振,72.5
002140,东华科技,9.14,-18.0,0.64,19.6,-2.52,-10684295,-11314704,-11751341,1837941,857412,-639502,缩量,低,情绪退潮,吸筹,资金撤退型,机构吸筹+盈利(关注),C,谨慎：资金流入未验证业绩,23.2
002149,西部材料,33.67,-72.3,0.28,-38.0,-2.14,-42883275,-118658209,-746789570,-3867665,-2151320,22493297,缩量,低,情绪退潮,观望,资金撤退型,,D,回避：资金撤退,-0.7
002150,正泰电源,20.76,7.4,0.42,-25.4,-2.45,-15059928,-28018577,-20441624,14643669,9286221,-11600789,缩量,低,情绪退潮,观望,资金观望型,,D,回避：资金观望,-0.8
002145,钛能化学,4.42,18.2,1.45,15.0,2.6,25390523,26863238,-59869855,19978842,25145983,1853828,缩量,低,情绪退潮,进场,趋势转多型,资金+业绩共振(双击候选),B,关注：资金+业绩共振,72.9
002151,北斗星通,28.61,-49.8,0.68,-0.0,0.42,5680594,-8801651,-96883288,-16096187,-12280963,31578360,缩量,低,情绪退潮,观望,资金观望型,,D,回避：资金观望,0.1
002152,广电运通,9.22,-39.9,1.55,-1.8,-3.94,-35225212,-95447823,-117706143,-34176423,-43315775,11506648,缩量,低,情绪退潮,观望,资金撤退型,,D,回避：资金撤退,-1.3
002146,荣盛发展,1.14,-26.0,1.02,-0.9,-6.83,-34804519,-18317409,-38666412,8429615,9517733,-8488948,缩量,低,情绪退潮,吸筹,资金观望型,,C,谨慎：资金流入未验证业绩,21.7
002153,石基信息,7.51,-60.0,1.4,-24.1,-4.85,-21628216,-37593159,-88750848,-5539602,-5656046,5000630,缩量,低,情绪退潮,观望,资金撤退型,,D,回避：资金撤退,-1.6
002154,报 喜 鸟,3.85,12.0,2.03,-3.2,1.21,6648960,7206592,24417298,-25650640,-20207122,12177462,缩量,低,情绪退潮,观望,均衡流入型,,D,回避：资金观望,0.4
002157,正邦科技,3.04,54.8,0.4,92.8,-1.54,-41236851,-172976928,-229834132,-48102785,-1141808,22811172,放量,低,游资情绪,观望,资金撤退型,,D,回避：资金撤退,7.5
002158,汉钟精机,26.46,-63.1,4.38,12.7,-2.18,-19141639,102143151,88908526,13378593,6361779,2388025,缩量,低,情绪退潮,观望,资金观望型,,D,回避：资金观望,-0.7
002159,三特索道,13.09,-43.7,0.64,24.7,-1.12,-2592642,-1535852,3558185,169097,-541575,-414324,缩量,低,情绪退潮,观望,资金观望型,,D,回避：资金观望,-0.4
002160,常铝股份,3.97,-52.0,0.54,-13.6,-5.2,-12541761,-10331952,-29431493,-1822488,-3401876,-409172,缩量,低,情绪退潮,观望,资金观望型,,D,回避：资金观望,-1.7
002164,宁波东力,10.19,-48.0,1.52,-33.4,-10.14,-26088765,-54288566,-95489716,-10410826,-6055322,5214152,缩量,低,情绪退潮,观望,资金撤退型,,D,回避：资金撤退,-3.4
002155,湖南黄金,27.16,12.2,0.87,16.5,1.99,194213675,19487468,-17737089,141347362,130910342,-91977730,缩量,低,情绪退潮,吸筹,资金观望型,资金+业绩共振(双击候选),B,关注：资金+业绩共振,64.7
002156,通富微电,59.21,-69.5,3.27,-38.5,-1.97,-278417138,-940299420,-3258644530,213090481,180410894,-141695787,缩量,低,情绪退潮,吸筹,资金撤退型,机构吸筹+盈利(关注),C,谨慎：资金流入未验证业绩,23.3
002165,红 宝 丽,7.05,-27.8,1.04,-46.0,-6.38,-142007079,-330903647,-133155723,-10516985,-9634854,14489839,缩量,低,情绪退潮,观望,资金观望型,,D,回避：资金观望,-2.1
002166,莱茵生物,6.57,-44.9,1.22,53.6,-4.47,-25522661,-17621295,-33019125,-1743102,-1368268,247350,缩量,低,情绪退潮,观望,资金观望型,,D,回避：资金观望,-1.5
002161,远 望 谷,7.17,588.1,0.66,77.0,-6.04,-127823698,-103649671,-77421250,69069139,67259255,-90337282,放量,低,游资情绪,抢筹,资金观望型,机构吸筹+盈利(关注),C,谨慎：资金流入未验证业绩,46.0
002171,楚江新材,11.07,-7.3,2.1,135.6,-0.7,-43069741,-63258589,-126349364,-20134829,-12228606,28592594,缩量,低,情绪退潮,观望,资金撤退型,,D,回避：资金撤退,-0.2
002169,智光电气,12.92,-17.0,0.65,-13.3,-0.2,-2356368,-30205154,73741143,-12981729,-1386849,2502909,缩量,低,情绪退潮,观望,长线吸筹型,,D,回避：资金观望,-0.1
002162,悦心健康,3.91,40.8,1.05,411.2,7.42,108181138,112102378,110208599,-6491771,-4513390,12463604,缩量,中,主力惜售,进场,趋势转多型,资金+业绩共振(双击候选),B,关注：资金+业绩共振,86.5
002170,芭田股份,11.05,-30.5,0.65,-4.0,4.52,47928267,83505010,81468713,-1488664,-2933256,-14820174,缩量,低,情绪退潮,观望,趋势转多型,,D,回避：资金观望,1.5
002163,海南发展,8.73,81.2,0.46,41.0,-0.94,-13229552,85113966,87484903,54162495,39940423,-49524208,放量,低,游资情绪,抢筹,资金观望型,纯资金炒作(亏损风险),C,谨慎：纯资金炒作,27.7
002172,澳洋健康,5.11,1533.8,1.19,4.7,1.99,99258499,151816508,618037672,-22491397,-32449481,19147812,放量,低,游资情绪,观望,长线吸筹型,,D,回避：资金观望,8.7
002173,创新医疗,17.69,-53.3,1.65,-36.0,-4.22,-85595937,-199585460,-224828874,-24715606,-24234750,22289879,缩量,低,情绪退潮,观望,资金撤退型,,D,回避：资金撤退,-1.4
002167,东方锆业,16.34,-44.8,6.8,-20.2,1.11,37906511,-92591765,-404442183,152092450,103129963,-169254419,缩量,低,情绪退潮,进场,资金观望型,资金+业绩共振(双击候选),B,关注：资金+业绩共振,72.4
002176,江特电机,8.58,-66.3,0.37,-51.5,-5.36,-71753177,-46756242,-65791141,-21963690,-20990538,23923734,缩量,低,情绪退潮,观望,资金观望型,,D,回避：资金观望,-1.8
002177,御银股份,5.63,-50.9,0.43,-42.5,-3.2,-17037808,-32203583,145949,-184475,-1302142,-844692,缩量,低,情绪退潮,观望,资金观望型,,D,回避：资金观望,-1.1
002181,粤 传 媒,9.22,1.6,0.34,152.8,-3.67,-122750937,77840060,273323093,-20289847,-7298563,33808309,缩量,低,情绪退潮,观望,高位分歧型,,D,回避：资金观望,-1.2
002183,怡 亚 通,4.35,-59.4,0.31,-0.4,1.3,10448937,-17254416,-68832602,-3585316,2613980,1642649,缩量,低,情绪退潮,观望,资金观望型,,D,回避：资金观望,0.4
002174,游族网络,14.5,111.6,3.22,172.0,2.37,120476818,179516395,87136579,9062210,22649636,-4131018,放量,低,游资情绪,吸筹,趋势转多型,纯资金炒作(亏损风险),C,谨慎：纯资金炒作,12.8
002182,宝武镁业,11.43,-75.0,1.17,-24.6,-8.21,-49328497,-4018203,-39901357,287411,5372273,2353194,缩量,低,情绪退潮,观望,资金观望型,,D,回避：资金观望,-2.7
002184,海得控制,9.6,-69.3,1.34,-37.0,-6.51,-9344374,-13917361,-22662541,-638779,-1192555,1637490,缩量,低,情绪退潮,观望,资金撤退型,,D,回避：资金撤退,-2.2
002186,全 聚 德,9.18,-5.5,0.73,92.3,-3.75,-9733893,6362323,8346155,-1654138,-575590,-1720672,缩量,低,情绪退潮,观望,资金观望型,,D,回避：资金观望,-1.2
002187,广百股份,5.48,-5.2,1.02,69.2,0.18,860896,-4185738,-1457909,-4276689,-479075,4517933,缩量,低,情绪退潮,观望,资金观望型,,D,回避：资金观望,0.1
002178,延华智能,4.61,-34.4,0.86,-15.6,8.18,18755489,16248238,-12260283,112133,815495,2891964,缩量,中,主力惜售,进场,资金观望型,资金+业绩共振(双击候选),B,关注：资金+业绩共振,86.7
002179,中航光电,34.84,-65.8,1.64,-14.4,5.72,210868391,108217442,-241414074,-74455856,-74795122,40021582,缩量,中,主力惜售,进场,资金观望型,资金+业绩共振(双击候选),B,关注：资金+业绩共振,85.9
002189,中光学,19.05,-59.8,1.06,19.7,-4.81,-14206627,-28037969,-44267504,-64659,517484,1846485,缩量,低,情绪退潮,观望,资金撤退型,,D,回避：资金撤退,-1.6
002190,成飞集成,24.53,20.6,1.03,-23.1,-7.84,-77307131,-71617168,117123682,8983838,5049924,-14540413,缩量,低,情绪退潮,观望,长线吸筹型,,D,回避：资金观望,-2.6
002185,华天科技,16.85,-58.7,8.59,0.9,4.2,695099693,282628548,-1440382930,103676804,102886417,-105726582,缩量,低,情绪退潮,进场,资金观望型,资金+业绩共振(双击候选),B,关注：资金+业绩共振,73.4
002192,融捷股份,59.78,-63.0,0.75,-62.2,-6.19,-190859862,-490219718,10870945,-39287745,-21828828,97770567,缩量,低,情绪退潮,观望,长线吸筹型,,D,回避：资金观望,-2.1
002188,中天服务,5.29,0.3,0.81,-25.7,0.26,715727,230017,8774035,15964,0,4588091,缩量,低,情绪退潮,进场,资金观望型,资金+业绩共振(双击候选),B,关注：资金+业绩共振,72.1
002195,岩山科技,6.11,-65.2,0.62,-14.7,-2.29,-53545640,-223734213,-375477011,12477029,12164887,6655434,缩量,低,情绪退潮,观望,资金撤退型,,D,回避：资金撤退,-0.8
002191,劲嘉股份,3.59,-60.1,1.36,19.9,-2.38,-5396307,-16529556,-28093854,4091450,4844814,-1868074,缩量,低,情绪退潮,吸筹,资金撤退型,纯资金炒作(亏损风险),C,谨慎：纯资金炒作,3.2
002197,证通电子,6.61,-69.3,1.72,-18.0,-1.58,-6643705,14957986,5840672,2596909,4131865,-4348012,缩量,低,情绪退潮,观望,资金观望型,,D,回避：资金观望,-0.5
002199,东晶电子,12.22,-58.3,3.15,-29.5,-3.06,-7103373,-14658334,-26529043,-2845364,-2550224,1752502,缩量,低,情绪退潮,观望,资金撤退型,,D,回避：资金撤退,-1.0
002201,九鼎新材,10.55,263.1,0.15,628.2,4.99,258285723,404521085,370997598,-27856472,-14596865,37711986,放量,低,游资情绪,观望,趋势转多型,,D,回避：资金观望,9.7
002203,海亮股份,18.64,-43.3,0.67,-21.6,0.87,17914309,284118255,386820974,-58490260,-53024432,47851377,缩量,低,情绪退潮,观望,均衡流入型,,D,回避：资金观望,0.3
002194,武汉凡谷,11.14,313.6,0.49,165.5,5.42,249760980,468519539,436015729,27057498,4347149,-27379524,放量,中,主力偏强放量,进场,短线抢筹型,纯资金炒作(亏损风险),C,谨慎：纯资金炒作,29.8
002202,金风科技,18.23,-18.3,0.63,-15.3,0.89,113613919,-447065627,-2162327326,-340695331,-219531464,355894389,缩量,低,情绪退潮,观望,资金观望型,,D,回避：资金观望,0.3
002206,海 利 得,4.98,-47.1,0.64,2.8,-4.41,-11764918,-16329951,-47081744,3550538,-824495,-2723907,缩量,低,情绪退潮,观望,资金撤退型,,D,回避：资金撤退,-1.5
002208,合肥城建,9.69,-87.2,3.33,-36.5,-4.24,-37356598,-89626815,-114461535,-13941277,-9716954,14593438,缩量,低,情绪退潮,观望,资金撤退型,,D,回避：资金撤退,-1.4
002200,交投生态,6.51,28.6,1.61,-6.7,2.0,2886830,3244475,1119333,1608758,46356,-2760228,缩量,低,情绪退潮,进场,趋势转多型,纯资金炒作(亏损风险),C,谨慎：纯资金炒作,12.7
002204,大连重工,5.53,123.5,0.67,214.8,6.5,140463728,152234759,134447247,-3341397,-5557738,-8453249,放量,中,主力偏强放量,进场,趋势转多型,资金+业绩共振(双击候选),B,关注：资金+业绩共振,90.2
002205,国统股份,10.51,7.3,0.91,55.9,0.5,992198,-4006587,-12387970,228664,0,-114207,缩量,低,情绪退潮,进场,资金观望型,纯资金炒作(亏损风险),C,谨慎：纯资金炒作,12.2
002214,大立科技,17.24,30.5,0.75,-12.6,-2.16,-10434561,-5741476,54523277,360576,2817742,3525722,缩量,低,情绪退潮,观望,长线吸筹型,,D,回避：资金观望,-0.7
002215,诺 普 信,9.71,96.7,1.22,-17.8,-1.99,-26860496,-45852154,-23483778,25515896,7384427,-20418395,放量,低,游资情绪,观望,资金观望型,,D,回避：资金观望,7.3
002216,三全食品,11.54,-56.9,1.05,-19.8,-2.63,-7369247,-7631495,-5581678,-794390,-1305255,-2078137,缩量,低,情绪退潮,观望,资金观望型,,D,回避：资金观望,-0.9
002210,飞马国际,2.17,-30.2,1.05,-23.7,1.9,10565151,-1799347,12393422,3818593,1890152,-5131560,缩量,低,情绪退潮,进场,资金观望型,资金+业绩共振(双击候选),B,关注：资金+业绩共振,72.6
002221,东华能源,5.6,-43.0,0.91,-28.9,-2.17,-10926446,20051709,37841622,415835,772332,-4336585,缩量,低,情绪退潮,观望,资金观望型,,D,回避：资金观望,-0.7
002212,天融信,6.99,6.2,1.53,65.4,8.71,385607265,346427157,532379002,-138383134,-145640145,82110174,缩量,中,主力惜售,进场,资金观望型,资金+业绩共振(双击候选),B,关注：资金+业绩共振,86.9
002223,鱼跃医疗,25.92,-36.2,1.76,-28.7,-1.99,-18737993,-72936072,-106355322,-4558697,-6260720,384037,缩量,低,情绪退潮,观望,资金撤退型,,D,回避：资金撤退,-0.7
002213,大为股份,29.58,64.7,0.38,-36.0,8.75,157648298,68040069,99737552,-28537780,-55920366,41850757,放量,中,主力偏强放量,进场,资金观望型,纯资金炒作(亏损风险),C,谨慎：纯资金炒作,30.9
002224,三 力 士,3.77,58.5,0.55,122.5,-2.14,-9696043,70523731,86448102,1833108,-1098376,542422,放量,低,游资情绪,观望,资金观望型,,D,回避：资金观望,7.3
002218,拓日新能,4.42,280.9,0.47,213.5,6.22,176172354,178581009,154225931,181463568,161488609,-155688993,放量,中,主力偏强放量,抢筹,趋势转多型,纯资金炒作(亏损风险),C,谨慎：纯资金炒作,38.1
002225,濮耐股份,3.54,-62.6,2.3,-0.6,-9.95,-30879064,-33114585,-70971897,-1657774,-4878186,1804563,缩量,低,情绪退潮,观望,资金撤退型,,D,回避：资金撤退,-3.3
002226,江南化工,5.05,-4.1,1.12,-12.1,-1.12,-4680575,-50332730,-7461758,-13596275,-7763770,10905024,缩量,低,情绪退潮,观望,长线吸筹型,,D,回避：资金观望,-0.4
002222,福晶科技,68.59,16.5,0.68,-19.2,-3.36,-212006230,-332803738,-446310553,213713353,269442477,-32763420,缩量,低,情绪退潮,吸筹,资金撤退型,机构吸筹+盈利(关注),C,谨慎：资金流入未验证业绩,22.9
002219,新里程,2.12,-36.5,0.5,-33.5,2.64,23075554,24124289,-116533219,8876825,13641849,-6624300,缩量,低,情绪退潮,吸筹,趋势转多型,资金+业绩共振(双击候选),B,关注：资金+业绩共振,64.9
002229,鸿博股份,10.86,-31.6,0.24,-29.0,-11.79,-155846024,-249438980,-134827872,-4037742,2463975,5478235,缩量,低,情绪退潮,观望,资金观望型,,D,回避：资金观望,-3.9
002234,民和股份,7.79,38.3,0.79,1.4,-7.19,-17260425,-17786248,-19110749,2719431,1933080,-8440112,缩量,低,情绪退潮,观望,资金撤退型,,D,回避：资金撤退,-2.4
002235,安妮股份,8.02,-63.5,1.07,-37.0,-4.29,-31300086,-110825963,-276308250,-14064169,-6930538,18931917,缩量,低,情绪退潮,观望,资金撤退型,,D,回避：资金撤退,-1.4
002228,合兴包装,3.19,107.1,0.4,37.6,-2.51,-9534638,2573184,-14577813,20137637,11318717,-19164213,放量,低,游资情绪,抢筹,资金观望型,机构吸筹+盈利(关注),C,谨慎：资金流入未验证业绩,47.2
002236,大华股份,15.72,-56.0,0.83,-20.1,-4.89,-77330314,-297878652,-401965891,-23964583,-29485842,5273711,缩量,低,情绪退潮,观望,资金撤退型,,D,回避：资金撤退,-1.6
002237,恒邦股份,14.22,-29.1,0.35,-56.1,0.02,224652,-97206862,-314112218,-3832628,-14666396,18672566,缩量,低,情绪退潮,观望,资金观望型,,D,回避：资金观望,0.0
002232,启明信息,15.95,694.6,0.93,129.7,6.64,62449602,47629322,50392389,9066683,-4361630,-24089041,放量,中,主力偏强放量,进场,资金观望型,资金+业绩共振(双击候选),B,关注：资金+业绩共振,90.2
002233,塔牌集团,7.11,21.5,0.92,9.0,10.84,37556823,52105986,45292501,8302119,4165608,-4016688,缩量,高,主力控盘,控盘,短线抢筹型,控盘+盈利(稳健),B,关注：控盘稳健+盈利,71.6
002239,奥特佳,2.49,-32.2,0.85,-7.0,0.06,369390,-16541901,-78834893,-1129641,1552098,806078,缩量,低,情绪退潮,观望,资金观望型,,D,回避：资金观望,0.0
002238,天威视讯,6.27,10.1,0.88,-35.1,-2.18,-3913553,-3974835,-16245611,164681,620000,-3713834,缩量,低,情绪退潮,观望,资金撤退型,,D,回避：资金撤退,-0.7
002241,歌尔股份,21.53,-62.6,1.15,-45.3,-15.58,-786035886,-831897301,23408710,-45813013,-26962678,34224169,缩量,低,情绪退潮,观望,长线吸筹型,,D,回避：资金观望,-5.2
002240,盛新锂能,26.97,-62.8,0.7,-55.7,-7.74,-212227309,-591013215,-809540015,-240846,2360030,23646344,缩量,低,情绪退潮,观望,资金撤退型,,D,回避：资金撤退,-2.6
002243,力合科创,7.08,-53.0,1.25,-23.6,-13.18,-42572148,-35883406,-44953959,-324864,-1927051,3098345,缩量,低,情绪退潮,观望,资金观望型,,D,回避：资金观望,-4.4
002244,滨江集团,7.92,-44.6,1.08,-35.6,-0.93,-8563188,-32717129,-115915465,-443772,-3069041,6941729,缩量,低,情绪退潮,观望,资金撤退型,,D,回避：资金撤退,-0.3
002245,蔚蓝锂芯,18.14,-67.3,1.65,-10.3,-0.36,-12209438,39619722,-145750685,-27648098,-2021844,33307092,缩量,低,情绪退潮,观望,资金观望型,,D,回避：资金观望,-0.1
002246,北化股份,23.05,5.6,0.43,67.4,-4.92,-85583360,-202107825,-220699550,13072945,25421132,490890,缩量,低,情绪退潮,观望,资金撤退型,,D,回避：资金撤退,-1.6
002248,华东数控,9.23,15.3,0.46,-61.5,-6.11,-29091103,-61727996,-257859837,-14699181,-11959003,10436780,缩量,低,情绪退潮,观望,资金撤退型,,D,回避：资金撤退,-2.0
002242,九阳股份,9.29,194.3,0.21,227.9,9.48,132037326,129376011,105211577,4147119,3012431,-4822965,放量,中,主力偏强放量,进场,资金观望型,资金+业绩共振(双击候选),B,关注：资金+业绩共振,91.2
002249,大洋电机,6.31,-70.7,1.55,8.6,-7.44,-58794875,-78485339,-196565767,-2967818,446380,11308550,缩量,低,情绪退潮,观望,资金撤退型,,D,回避：资金撤退,-2.5
002250,联化科技,14.26,-67.5,2.01,-29.8,-4.75,-32030592,-41954578,-29186842,-9861514,128349,-4378258,缩量,低,情绪退潮,观望,资金观望型,,D,回避：资金观望,-1.6
002255,海陆重工,7.65,-76.7,0.94,-34.8,-8.92,-24368552,-34585340,-78798142,3176785,1498782,-2387326,缩量,低,情绪退潮,观望,资金撤退型,,D,回避：资金撤退,-3.0
002256,兆新股份,3.26,-61.1,0.3,-8.4,-1.35,-9419882,-9458251,-68902364,-6940519,-4679177,4754930,缩量,低,情绪退潮,观望,资金撤退型,,D,回避：资金撤退,-0.5
002247,聚力文化,2.39,-16.8,0.96,-11.6,4.74,10712705,17710044,7762711,288640,1140093,1347761,缩量,低,情绪退潮,进场,趋势转多型,资金+业绩共振(双击候选),B,关注：资金+业绩共振,73.6
002259,升达林业,4.11,-31.1,0.21,-38.3,-0.93,-2406102,-4608366,27451916,-4072408,-4138686,6446069,缩量,低,情绪退潮,观望,长线吸筹型,,D,回避：资金观望,-0.3
002261,拓维信息,25.08,-77.1,0.48,-23.3,-7.19,-190681857,-290687495,-730208713,-34912274,-25231441,44604381,缩量,低,情绪退潮,观望,资金撤退型,,D,回避：资金撤退,-2.4
002251,步步高,3.49,-25.7,1.34,49.8,-3.66,-75253066,-58071015,-85045139,31618913,35317632,-27336402,缩量,低,情绪退潮,吸筹,资金观望型,机构吸筹+盈利(关注),C,谨慎：资金流入未验证业绩,22.8
002262,恩华药业,21.61,-73.5,0.79,-52.5,-4.9,-25786930,-30950991,-69886677,2996976,-1072981,1967389,缩量,低,情绪退潮,观望,资金撤退型,,D,回避：资金撤退,-1.6
002252,上海莱士,4.85,-56.2,2.72,-31.6,7.04,58727653,71805008,135450489,10424605,3272211,-13758498,缩量,中,主力惜售,进场,均衡流入型,资金+业绩共振(双击候选),B,关注：资金+业绩共振,86.3
002265,建设工业,20.07,17.7,1.0,184.3,-0.84,-25173427,107090138,96173650,-17126003,-15977292,29727618,缩量,低,情绪退潮,观望,资金观望型,,D,回避：资金观望,-0.3
002267,陕天然气,7.23,-6.0,0.89,30.7,-5.78,-31988722,-47305671,-77351574,-53880,-515460,2127137,缩量,低,情绪退潮,观望,资金撤退型,,D,回避：资金撤退,-1.9
002266,浙富控股,4.79,-62.3,2.21,-18.9,-0.15,-1765485,9309041,-50168988,9827596,19969882,15284227,缩量,低,情绪退潮,观望,资金观望型,,D,回避：资金观望,-0.0
002270,华明装备,18.21,-65.3,0.97,-35.3,-8.0,-55885933,-78121194,-124365232,-3171124,-9125659,7842479,缩量,低,情绪退潮,观望,资金撤退型,,D,回避：资金撤退,-2.7
002263,大东南,3.26,-3.3,0.12,2.4,0.83,7016739,-19872514,-11237845,10189073,11241211,4127490,缩量,低,情绪退潮,进场,资金观望型,资金+业绩共振(双击候选),B,关注：资金+业绩共振,72.3
002273,水晶光电,24.68,-66.9,0.76,-32.0,-5.71,-182490770,-347315660,-758731659,-56232574,-15305129,96519601,缩量,低,情绪退潮,观望,资金撤退型,,D,回避：资金撤退,-1.9
002274,华昌化工,5.96,25.1,0.86,63.9,-8.17,-103744888,-100071085,-5701757,-13220086,-12607505,12854768,缩量,低,情绪退潮,观望,高位分歧型,,D,回避：资金观望,-2.7
002271,东方雨虹,10.19,-25.3,0.51,-27.9,-6.56,-128070607,-41471845,-166335523,-34315991,-14755091,32057512,缩量,低,情绪退潮,观望,资金观望型,,D,回避：资金观望,-2.2
002264,新 华 都,7.34,285.9,0.85,177.3,4.08,67299986,206271857,199917716,28567557,23752874,-25673302,放量,低,游资情绪,抢筹,趋势转多型,资金+业绩共振(双击候选),B,关注：资金+业绩共振,89.4
002275,桂林三金,12.12,-47.2,1.42,-47.5,3.82,4624526,812604,-2067919,-914515,0,-1585686,缩量,低,情绪退潮,观望,资金观望型,,D,回避：资金观望,1.3
002277,友阿股份,5.42,-33.3,1.19,-47.2,-8.84,-49573805,-59921293,-40356264,-15806750,-13302862,15755015,缩量,低,情绪退潮,观望,资金观望型,,D,回避：资金观望,-2.9
002278,神开股份,7.87,-23.5,0.35,39.5,-5.55,-27624936,7893992,-7837594,588317,2768455,4621770,缩量,低,情绪退潮,观望,资金观望型,,D,回避：资金观望,-1.8
002276,万马股份,10.08,-54.2,0.56,-9.1,-5.38,-27097748,-38495649,-101947082,3149723,3918059,810254,缩量,低,情绪退潮,观望,资金撤退型,,D,回避：资金撤退,-1.8
002269,美邦服饰,1.39,-23.9,1.25,14.1,-1.52,-5156323,-23684470,-42629330,7983687,9309162,-7861443,缩量,低,情绪退潮,吸筹,资金撤退型,纯资金炒作(亏损风险),C,谨慎：纯资金炒作,3.5
002272,川润股份,17.75,-29.8,0.54,-17.8,2.77,52453846,22811331,105470312,35516962,13473679,-24398666,缩量,低,情绪退潮,进场,资金观望型,纯资金炒作(亏损风险),C,谨慎：纯资金炒作,12.9
002279,久其软件,6.82,11.6,1.62,22.3,2.25,39535679,-29551111,39340943,-19136590,-16542220,27493320,缩量,低,情绪退潮,观望,资金观望型,,D,回避：资金观望,0.8
002282,博深股份,6.03,-27.3,0.71,-35.0,-2.34,-2149500,-10517732,-22323503,364945,0,1336499,缩量,低,情绪退潮,观望,资金撤退型,,D,回避：资金撤退,-0.8
002284,亚太股份,9.41,-26.3,0.95,-8.2,-9.18,-86648879,-72188272,45183086,-9521430,-3375938,8999064,缩量,低,情绪退潮,观望,长线吸筹型,,D,回避：资金观望,-3.1
002287,奇正藏药,19.21,-68.1,1.86,-43.9,-3.7,-4724807,-4406360,-17858506,-194232,0,579905,缩量,低,情绪退潮,观望,资金观望型,,D,回避：资金观望,-1.2
002289,宇顺电子,35.54,-55.1,2.56,-3.6,1.18,9786776,-46188191,-14688445,-9461166,-2174579,8788122,缩量,低,情绪退潮,观望,资金观望型,,D,回避：资金观望,0.4
002294,信立泰,29.78,-80.3,1.52,-42.9,-6.03,-103015362,-183358585,-428764547,-20899278,-21213010,39708255,缩量,低,情绪退潮,观望,资金撤退型,,D,回避：资金撤退,-2.0
002281,光迅科技,185.21,-22.8,1.01,1.2,-3.44,-866965124,-238543890,-1283741591,2036767488,2164147692,-1066017517,缩量,低,情绪退潮,吸筹,资金观望型,机构吸筹+盈利(关注),C,谨慎：资金流入未验证业绩,22.9
002293,罗莱生活,10.85,-67.2,0.72,-47.5,-9.55,-17603437,-26427381,-36421006,-1072486,1229800,941812,缩量,低,情绪退潮,观望,资金撤退型,,D,回避：资金撤退,-3.2
002283,天润工业,8.0,-62.6,0.9,-4.3,6.09,35092017,16084410,-24773078,-2226941,3309538,1274927,缩量,中,主力惜售,进场,资金观望型,资金+业绩共振(双击候选),B,关注：资金+业绩共振,86.0
002285,世联行,2.39,265.6,0.34,27.9,1.9,18682451,187153512,231814161,67357804,77554979,-36748181,放量,低,游资情绪,抢筹,均衡流入型,纯资金炒作(亏损风险),C,谨慎：纯资金炒作,28.6
002296,辉煌科技,9.12,1.3,0.76,59.0,-3.83,-27185827,-36568216,-22463815,-5471630,-4598116,4543533,缩量,低,情绪退潮,观望,资金观望型,,D,回避：资金观望,-1.3
002295,精艺股份,9.68,1102.7,0.78,68.1,-3.41,-56350370,-23825837,49383176,-13188476,-6948695,4294060,放量,低,游资情绪,观望,长线吸筹型,,D,回避：资金观望,6.9
002286,保龄宝,7.69,44.5,0.63,162.8,-2.33,-25827691,25930967,16367554,2174207,3575577,-1323124,缩量,低,情绪退潮,吸筹,资金观望型,机构吸筹+盈利(关注),C,谨慎：资金流入未验证业绩,23.2
002297,博云新材,22.3,65.9,0.41,331.5,1.6,247905371,1134371520,1034828289,-128553477,-80192811,171783460,放量,低,游资情绪,观望,趋势转多型,,D,回避：资金观望,8.5
002290,禾盛新材,65.32,-33.4,0.99,2.2,1.97,35462619,137322376,302888514,13052278,8267921,27594956,缩量,低,情绪退潮,进场,均衡流入型,资金+业绩共振(双击候选),B,关注：资金+业绩共振,72.7
002291,遥望科技,5.44,-32.5,1.03,-9.9,-3.69,-22962298,-170900674,-11448659,9798732,7287814,-5160760,缩量,低,情绪退潮,吸筹,长线吸筹型,纯资金炒作(亏损风险),C,谨慎：纯资金炒作,2.8
002298,中电鑫龙,8.46,-16.2,1.15,40.4,0.27,4423306,-25617097,-74377822,-27824012,-26783989,18535007,缩量,低,情绪退潮,观望,资金观望型,,D,回避：资金观望,0.1
002292,奥飞娱乐,8.33,-58.7,2.23,-10.8,-8.15,-105369838,-102578317,-98119790,8204997,5666403,-2229600,缩量,低,情绪退潮,吸筹,资金观望型,机构吸筹+盈利(关注),C,谨慎：资金流入未验证业绩,21.3
002299,圣农发展,16.2,-6.5,1.0,-2.2,-0.74,-5990623,-41333963,-104864856,-3788715,1322899,1694023,缩量,低,情绪退潮,观望,资金撤退型,,D,回避：资金撤退,-0.2
002304,洋河股份,37.91,-72.1,1.57,-17.7,-3.32,-22064990,-34488372,-80877105,-1294281,-815933,2279661,缩量,低,情绪退潮,观望,资金撤退型,,D,回避：资金撤退,-1.1
002302,西部建设,4.63,-41.7,0.66,-16.3,-7.1,-7591340,-4575968,-9600521,-1692758,-1638146,-304664,缩量,低,情绪退潮,观望,资金观望型,,D,回避：资金观望,-2.4
002311,海大集团,42.31,-36.3,1.37,1.0,2.78,44696215,-6153398,-163644224,-2682176,8459422,-28889492,缩量,低,情绪退潮,观望,资金观望型,,D,回避：资金观望,0.9
002309,中利集团,2.98,-58.1,0.3,-1.3,-2.89,-37286792,-42202846,-98072173,6593002,15079761,16216724,缩量,低,情绪退潮,观望,资金撤退型,,D,回避：资金撤退,-1.0
002312,川发龙蟒,8.58,0.8,0.8,146.1,-7.01,-175518024,-57497232,-116364762,3803406,-3307242,5919793,缩量,低,情绪退潮,观望,资金观望型,,D,回避：资金观望,-2.3
002300,太阳电缆,8.38,77.4,0.3,396.8,-2.99,-67333746,184617058,164472009,183921491,195077459,-102035865,放量,低,游资情绪,抢筹,资金观望型,机构吸筹+盈利(关注),C,谨慎：资金流入未验证业绩,47.0
002301,齐心集团,7.81,-64.1,1.79,-27.6,0.84,2614847,-44652142,-39926440,362499,-313940,1195247,缩量,低,情绪退潮,进场,资金观望型,资金+业绩共振(双击候选),B,关注：资金+业绩共振,72.3
002313,日海智能,8.33,-49.8,1.12,-66.0,-4.8,-11685968,-13852290,25214768,525627,-124295,618437,缩量,低,情绪退潮,观望,长线吸筹型,,D,回避：资金观望,-1.6
002314,南山控股,2.18,-15.3,0.24,-17.0,-0.66,-1303113,655302,-4841981,5076414,510177,-4975929,缩量,低,情绪退潮,观望,资金观望型,,D,回避：资金观望,-0.2
002315,焦点科技,23.96,-64.1,0.56,-8.7,-7.56,-39324456,-29525386,-25617683,-8990163,-4729703,13939705,缩量,低,情绪退潮,观望,资金观望型,,D,回避：资金观望,-2.5
002316,亚联发展,4.34,35.2,0.99,81.1,0.06,331179,4451202,-1019458,-2356722,-1688320,5323927,缩量,低,情绪退潮,观望,趋势转多型,,D,回避：资金观望,0.0
002317,众生药业,24.68,-84.2,3.5,-36.0,1.05,22886393,96948568,-58711837,-9313915,-9661322,10696616,缩量,低,情绪退潮,观望,趋势转多型,,D,回避：资金观望,0.4
002303,美盈森,5.79,75.8,7.57,15.2,-2.38,-41259796,12686339,73776668,97215091,90875497,-81897405,放量,低,游资情绪,抢筹,高位分歧型,机构吸筹+盈利(关注),C,谨慎：资金流入未验证业绩,47.2
002307,北新路桥,3.01,-34.1,0.57,9.3,1.09,2908649,-16779643,-12507131,573876,240481,-1276638,缩量,低,情绪退潮,进场,资金观望型,纯资金炒作(亏损风险),C,谨慎：纯资金炒作,12.4
002318,久立特材,17.91,-60.7,1.07,-22.0,-3.09,-18671483,-40216348,-12822386,-2233758,-3440838,1716637,缩量,低,情绪退潮,观望,资金观望型,,D,回避：资金观望,-1.0
002319,乐通股份,9.95,-35.7,1.85,-25.4,-8.59,-30072865,-52630036,-107167055,-8346713,-4288686,-2633002,缩量,低,情绪退潮,观望,资金撤退型,,D,回避：资金撤退,-2.9
002322,理工能科,11.85,3.5,0.37,-60.3,-7.99,-18796877,-50699315,-86387145,1043909,580362,-1302451,缩量,低,情绪退潮,观望,资金撤退型,,D,回避：资金撤退,-2.7
002321,华英农业,1.98,33.7,0.52,38.8,-6.45,-25260529,-29358368,-58172345,11813567,7270300,-12637036,缩量,低,情绪退潮,观望,资金撤退型,,D,回避：资金撤退,-2.1
002326,永太科技,17.26,-80.0,1.23,-49.1,-6.68,-84046540,-131226192,-447445752,-20190549,-20672584,16634342,缩量,低,情绪退潮,观望,资金撤退型,,D,回避：资金撤退,-2.2
002329,皇氏集团,3.62,-48.2,1.3,-52.2,-0.99,-5485266,-7134116,-136759063,489829,2303576,-2346476,缩量,低,情绪退潮,观望,资金撤退型,,D,回避：资金撤退,-0.3
002320,海峡股份,6.67,124.8,1.13,107.6,2.32,64158360,162902043,259505688,-30551949,-22937726,23396315,放量,低,游资情绪,观望,主力建仓型,,D,回避：资金观望,8.8
002324,普利特,9.15,-33.8,0.24,48.4,-6.11,-58092915,21823723,53945333,-3145614,-4658778,12953006,缩量,低,情绪退潮,观望,资金观望型,,D,回避：资金观望,-2.0
002328,新朋股份,8.17,38.1,0.12,75.4,-10.51,-195955925,-165874373,55737797,-3890349,-5172976,-36181376,缩量,低,情绪退潮,观望,高位分歧型,,D,回避：资金观望,-3.5
002330,得利斯,4.05,9.8,0.84,11.4,-1.81,-4124817,2038563,-7085231,-257385,-611145,-3603463,缩量,低,情绪退潮,观望,资金观望型,,D,回避：资金观望,-0.6
002334,英威腾,6.54,-60.3,0.24,27.7,-0.65,-2495833,2204708,-21845144,535800,-669225,-1589184,缩量,低,情绪退潮,观望,资金观望型,,D,回避：资金观望,-0.2
002335,科华数据,29.25,-71.7,0.48,-2.3,-7.01,-114427384,-95929183,-362703799,1336984,-5742215,4559792,缩量,低,情绪退潮,观望,资金观望型,,D,回避：资金观望,-2.3
002331,皖通科技,6.7,-11.3,0.29,-34.2,-4.19,-9303721,-11243784,-28694956,2820303,3060237,3233990,缩量,低,情绪退潮,观望,资金撤退型,,D,回避：资金撤退,-1.4
002332,仙琚制药,8.52,-39.2,0.79,-41.7,-2.42,-8975842,-71440167,-46753017,1191025,-578895,-2869417,缩量,低,情绪退潮,观望,资金观望型,,D,回避：资金观望,-0.8
002333,罗普斯金,5.3,12.2,0.13,-73.3,-1.84,-3554828,-24882451,-108469996,4592644,2127785,-4056871,缩量,低,情绪退潮,观望,资金撤退型,,D,回避：资金撤退,-0.6
002337,赛象科技,4.64,-26.3,0.8,2.7,1.61,2831050,-7622582,-19265462,-2670743,-1667211,3023736,缩量,低,情绪退潮,观望,资金观望型,,D,回避：资金观望,0.5
002327,富安娜,6.05,-33.8,0.66,-29.3,-2.94,-4206984,-3529309,7493600,890169,786964,-29096,缩量,低,情绪退潮,吸筹,长线吸筹型,机构吸筹+盈利(关注),C,谨慎：资金流入未验证业绩,23.0
002338,奥普光电,41.84,-53.5,0.38,-31.7,-2.02,-11590058,-28510255,-33964106,760650,300777,1191108,缩量,低,情绪退潮,观望,资金撤退型,,D,回避：资金撤退,-0.7
002339,积成电子,7.48,21.6,0.58,39.4,-3.33,-27632363,-51199166,-52306101,4767587,-1144064,-7583772,缩量,低,情绪退潮,观望,资金撤退型,,D,回避：资金撤退,-1.1
002340,格林美,6.23,-53.2,0.6,-32.4,-9.87,-150274233,-268700055,-548526184,-31292473,-14298239,32491026,缩量,低,情绪退潮,观望,资金撤退型,,D,回避：资金撤退,-3.3
002343,慈文传媒,5.55,43.7,1.09,152.8,0.18,1768573,66148118,66820215,-1430342,441187,4705156,缩量,低,情绪退潮,观望,均衡流入型,,D,回避：资金观望,0.1
002344,海宁皮城,3.98,-31.2,0.82,-6.8,-4.47,-9917058,-17465133,-40927105,-1370614,-600000,-1039925,缩量,低,情绪退潮,观望,资金撤退型,,D,回避：资金撤退,-1.5
002345,潮宏基,8.88,-70.9,1.44,-46.6,-5.22,-26697720,-99524214,-70931019,-353212,43432,1454485,缩量,低,情绪退潮,观望,资金观望型,,D,回避：资金观望,-1.7
002342,巨力索具,7.96,-72.8,0.21,47.8,2.82,55135451,106451375,25488347,-4036456,-4585833,25749004,缩量,低,情绪退潮,观望,趋势转多型,,D,回避：资金观望,0.9
002347,泰尔股份,5.85,-39.4,0.42,35.8,-4.4,-11971070,-36217200,-43220032,-1309636,-562560,-2146669,缩量,低,情绪退潮,观望,资金撤退型,,D,回避：资金撤退,-1.5
002351,漫步者,9.67,-59.1,2.14,-40.3,-4.02,-8202576,-23745072,-13308062,184778,-1318652,2836590,缩量,低,情绪退潮,观望,资金观望型,,D,回避：资金观望,-1.3
002350,北京科锐,14.9,-46.9,0.88,-3.9,-5.86,-27769675,-7239944,19215888,7176046,6491557,-6803296,缩量,低,情绪退潮,观望,高位分歧型,,D,回避：资金观望,-2.0
002352,顺丰控股,30.75,-13.5,1.17,-35.2,-6.97,-156416884,-280793158,-446583421,44876323,21987906,-58344115,缩量,低,情绪退潮,观望,资金撤退型,,D,回避：资金撤退,-2.3
002353,杰瑞股份,119.99,-36.3,1.19,-11.3,-2.63,-232680283,89619249,-439805492,32257103,51744024,39324060,缩量,低,情绪退潮,观望,资金观望型,,D,回避：资金观望,-0.9
002346,柘中股份,18.68,45.6,2.34,-35.2,6.99,81762030,75690083,-107290592,-6425287,-2992486,-4966863,缩量,中,主力惜售,进场,资金观望型,资金+业绩共振(双击候选),B,关注：资金+业绩共振,86.3
002348,高乐股份,10.66,-22.7,1.11,-0.5,3.41,29237169,-16274697,-14314377,3893746,16320931,-3217383,缩量,低,情绪退潮,吸筹,资金观望型,纯资金炒作(亏损风险),C,谨慎：纯资金炒作,5.1
002355,兴民智通,4.67,-35.1,0.56,-23.2,3.87,10446640,-7249672,8484826,-3726971,-2657250,3728123,缩量,低,情绪退潮,观望,资金观望型,,D,回避：资金观望,1.3
002349,精华制药,8.01,635.8,0.67,126.7,5.34,248726292,358002455,630593816,-37770485,-25974007,27486424,放量,中,主力偏强放量,进场,主力建仓型,资金+业绩共振(双击候选),B,关注：资金+业绩共振,89.8
002363,隆基机械,6.71,-42.6,0.4,-25.2,-2.47,-3871605,-7010370,-7815248,-873004,-549382,-664293,缩量,低,情绪退潮,观望,资金撤退型,,D,回避：资金撤退,-0.8
002358,森源电气,5.34,-52.8,0.53,12.9,-6.65,-23436603,-17244984,-36517999,925703,1682006,70128,缩量,低,情绪退潮,观望,资金观望型,,D,回避：资金观望,-2.2
002356,鹏飞绿能,2.71,-12.0,0.57,0.6,-1.4,-3564588,-2526775,836542,-10268166,-8067937,6506964,缩量,低,情绪退潮,观望,资金观望型,,D,回避：资金观望,-0.5
002354,天娱数科,7.67,-50.7,9.87,29.7,-4.44,-325732132,-141524428,-403356964,60456871,44929958,-36579799,缩量,低,情绪退潮,吸筹,资金观望型,纯资金炒作(亏损风险),C,谨慎：纯资金炒作,2.5
002365,永安药业,13.88,-15.5,2.84,-44.4,-11.79,-246783460,-179231413,149892427,-12743653,-13529363,19827830,缩量,低,情绪退潮,观望,高位分歧型,,D,回避：资金观望,-3.9
002366,融发核电,5.72,-64.8,1.35,-29.7,-2.17,-22310582,-130079526,59028694,-7688139,-6076344,5300819,缩量,低,情绪退潮,观望,长线吸筹型,,D,回避：资金观望,-0.7
002357,富临运业,11.93,74.0,0.79,66.8,-0.69,-5295814,78605727,69604816,15685825,19505107,-15138655,放量,低,游资情绪,抢筹,资金观望型,机构吸筹+盈利(关注),C,谨慎：资金流入未验证业绩,47.8
002367,康力电梯,5.54,-40.4,2.4,-31.9,0.38,1224898,-15478876,934496,-14099487,-8098338,5798161,缩量,低,情绪退潮,观望,资金观望型,,D,回避：资金观望,0.1
002361,神剑股份,10.34,-22.3,0.18,-6.2,-0.87,-30386181,74400739,-216503266,34147879,27637771,-9216965,缩量,低,情绪退潮,吸筹,资金观望型,机构吸筹+盈利(关注),C,谨慎：资金流入未验证业绩,23.7
002362,汉王科技,16.92,483.6,1.33,72.0,10.98,102362171,95008938,92652331,-34379117,-41016581,18637154,放量,高,主力主导放量🔥(最强),进场,资金观望型,纯资金炒作(亏损风险),C,谨慎：纯资金炒作,35.7
002368,太极股份,13.42,-46.3,1.16,-4.1,-1.05,-5355490,-27917941,-38276878,-2903165,-1801922,5532518,缩量,低,情绪退潮,观望,资金撤退型,,D,回避：资金撤退,-0.4
002364,中恒电气,36.14,-53.7,0.47,-11.7,-3.14,-114523232,-40101985,-690919678,77926890,69797877,-28555729,缩量,低,情绪退潮,吸筹,资金观望型,机构吸筹+盈利(关注),C,谨慎：资金流入未验证业绩,23.0
002369,卓翼科技,5.69,-54.7,1.27,-57.9,-5.24,-15045804,-47006913,-32442539,-900424,-1268567,3367417,缩量,低,情绪退潮,观望,资金观望型,,D,回避：资金观望,-1.7
002370,亚太药业,5.12,-76.8,0.57,-1.7,-9.28,-39080705,35074641,-39937227,-4112824,-2363610,1781067,缩量,低,情绪退潮,观望,资金观望型,,D,回避：资金观望,-3.1
002372,伟星新材,8.09,-44.2,1.65,-45.3,-7.83,-21875835,-39653010,-36218617,-1925888,-2304000,-3081642,缩量,低,情绪退潮,观望,资金观望型,,D,回避：资金观望,-2.6
002373,千方科技,7.38,-55.5,0.67,-33.0,-1.29,-5200702,-19336569,1703676,1969723,-926978,3593419,缩量,低,情绪退潮,观望,资金观望型,,D,回避：资金观望,-0.4
002375,亚厦股份,3.76,-39.2,0.41,-24.3,2.17,5169272,2816633,42881771,-2728343,-962291,1012332,缩量,低,情绪退潮,观望,资金观望型,,D,回避：资金观望,0.7
002374,中锐股份,3.04,-43.1,1.15,-7.5,-6.68,-14877146,-31668492,-41176213,-573048,-580405,2180534,缩量,低,情绪退潮,观望,资金撤退型,,D,回避：资金撤退,-2.2
002376,新北洋,6.47,-32.2,0.75,-40.8,-3.39,-7368679,-20671126,-51706499,-218539,-1259736,2099480,缩量,低,情绪退潮,观望,资金撤退型,,D,回避：资金撤退,-1.1
002371,北方华创,662.89,-43.6,1.73,-19.7,-0.66,-132629757,489460216,-3936491204,926129561,830004641,-353018,缩量,低,情绪退潮,吸筹,资金观望型,机构吸筹+盈利(关注),C,谨慎：资金流入未验证业绩,23.8
002378,章源钨业,24.13,-27.0,0.49,-19.8,0.77,27972385,-79251472,-373043698,-8334783,-18012800,21995636,缩量,低,情绪退潮,观望,资金观望型,,D,回避：资金观望,0.3
002380,科远智慧,26.15,-63.3,0.9,1.5,-3.07,-13549982,18119298,38162322,2353132,3583094,2866725,缩量,低,情绪退潮,观望,资金观望型,,D,回避：资金观望,-1.0
002381,双箭股份,5.44,-3.4,0.84,9.5,-0.82,-1054620,-974746,666836,649352,-495108,-834647,缩量,低,情绪退潮,观望,资金观望型,,D,回避：资金观望,-0.3
002382,蓝帆医疗,5.82,-68.2,0.72,-37.1,-5.73,-13995457,-15629792,-20192074,-6484677,-6253985,4630291,缩量,低,情绪退潮,观望,资金撤退型,,D,回避：资金撤退,-1.9
002385,大北农,3.17,-1.9,0.83,-8.7,-4.89,-94533632,-122168502,-42447716,-21196394,-14233946,18185541,缩量,低,情绪退潮,观望,资金观望型,,D,回避：资金观望,-1.6
002379,宏桥控股,17.57,-64.1,2.45,-13.0,0.18,5049065,104489376,-285636459,1008302,11311689,298497,缩量,低,情绪退潮,进场,趋势转多型,资金+业绩共振(双击候选),B,关注：资金+业绩共振,72.1
002377,国创高新,3.19,394.5,0.67,426.3,0.05,1248818,-2356165,-44242958,8638475,12314918,-4875809,放量,低,游资情绪,抢筹,资金观望型,资金+业绩共振(双击候选),B,关注：资金+业绩共振,88.0
002389,航天彩虹,19.14,-13.1,0.78,73.0,-4.83,-117912737,-85252094,-113052913,-11557628,-9938387,22573861,缩量,低,情绪退潮,观望,资金观望型,,D,回避：资金观望,-1.6
002387,维信诺,6.87,-78.7,2.43,-61.9,-1.72,-4572221,-19446811,-21811212,1324728,1159328,130561,缩量,低,情绪退潮,观望,资金撤退型,,D,回避：资金撤退,-0.6
002384,东山精密,192.0,-48.1,1.26,2.9,-1.31,-739663947,-700784205,-5215432898,906657021,742190321,-525898218,缩量,低,情绪退潮,吸筹,资金观望型,机构吸筹+盈利(关注),C,谨慎：资金流入未验证业绩,23.6
002391,长青股份,5.21,-37.6,0.36,-20.1,-1.9,-3103040,-12572119,-13367379,3490182,542051,-3814577,缩量,低,情绪退潮,观望,资金撤退型,,D,回避：资金撤退,-0.6
002383,合众思壮,8.16,367.9,0.43,249.2,1.67,31545321,121447892,108983098,177710361,181039241,-93130524,放量,低,游资情绪,抢筹,趋势转多型,纯资金炒作(亏损风险),C,谨慎：纯资金炒作,28.6
002386,天原股份,5.91,-51.5,0.4,-16.7,0.55,2533753,-9907295,-44766406,2477882,4167278,338060,缩量,低,情绪退潮,进场,资金观望型,资金+业绩共振(双击候选),B,关注：资金+业绩共振,72.2
002392,北京利尔,7.67,-73.7,0.53,-18.3,-7.54,-26222609,-67870170,-50587933,-4276733,-1940839,7468719,缩量,低,情绪退潮,观望,资金观望型,,D,回避：资金观望,-2.5
002394,联发股份,10.41,-30.4,0.58,-30.5,3.53,10412311,3170034,50537330,-4165794,-5443886,5533069,缩量,低,情绪退潮,观望,资金观望型,,D,回避：资金观望,1.2
002388,新亚制程,6.78,-22.8,2.58,-40.7,8.31,57357998,24661894,125830862,43382449,40349158,-27322056,缩量,中,主力惜售,吸筹,资金观望型,纯资金炒作(亏损风险),C,谨慎：纯资金炒作,18.8
002395,双象股份,12.29,-19.8,0.41,-20.0,-5.94,-13597331,-33117463,8252611,801199,1000825,2528171,缩量,低,情绪退潮,观望,长线吸筹型,,D,回避：资金观望,-2.0
002397,梦洁股份,3.6,-27.3,0.56,4.8,-4.99,-15641989,440866,8154924,-7277994,-2682609,11149303,缩量,低,情绪退潮,观望,资金观望型,,D,回避：资金观望,-1.7
002390,信邦制药,2.91,-42.8,0.84,-32.9,1.02,3685844,-5568129,33991203,3104287,1852811,-4524569,缩量,低,情绪退潮,进场,长线吸筹型,资金+业绩共振(双击候选),B,关注：资金+业绩共振,72.3
002402,和而泰,18.67,-70.2,1.28,-22.6,-4.91,-75891696,-231910255,-469852053,16427533,17740137,3140716,缩量,低,情绪退潮,观望,资金撤退型,,D,回避：资金撤退,-1.6
002403,爱仕达,9.44,156.3,1.29,1196.0,-1.16,-23977790,160015061,146896466,-20978670,-16881648,15956462,放量,低,游资情绪,观望,资金观望型,,D,回避：资金观望,7.6
002400,省广集团,6.42,-52.0,0.57,-8.0,-9.12,-144190832,-283557179,-346016929,-778949,2939948,9269703,缩量,低,情绪退潮,观望,资金撤退型,,D,回避：资金撤退,-3.0
002396,星网锐捷,38.83,60.7,4.67,-0.4,-2.6,-392845094,-619929735,948154445,860895383,927955832,-539527695,放量,低,游资情绪,抢筹,长线吸筹型,机构吸筹+盈利(关注),C,谨慎：资金流入未验证业绩,47.1
002404,嘉欣丝绸,5.7,-44.9,1.25,-14.0,-8.48,-16422592,-20328728,-29635083,1486601,-892135,-2180158,缩量,低,情绪退潮,观望,资金撤退型,,D,回避：资金撤退,-2.8
002407,多氟多,32.92,-63.5,2.04,-42.3,-5.19,-505835651,-1219424510,-2947575021,44496412,20514207,-48685994,缩量,低,情绪退潮,观望,资金撤退型,,D,回避：资金撤退,-1.7
002406,远东传动,6.48,-64.4,1.03,19.8,-6.79,-16977015,-26482115,-31786719,790701,-2411755,-539638,缩量,低,情绪退潮,观望,资金撤退型,,D,回避：资金撤退,-2.3
002398,垒知集团,4.2,0.6,0.92,-2.4,1.15,2499941,11845564,-592963,583798,398498,2221837,缩量,低,情绪退潮,进场,趋势转多型,资金+业绩共振(双击候选),B,关注：资金+业绩共振,72.4
002412,汉森制药,8.67,-0.2,3.8,-54.7,-9.29,-171202719,-278763905,-706427822,-12117428,-11146398,13029038,缩量,低,情绪退潮,观望,资金撤退型,,D,回避：资金撤退,-3.1
002410,广联达,8.4,-55.2,0.82,-14.0,-5.82,-46452217,-22107399,-16668679,-6935103,-593670,16134649,缩量,低,情绪退潮,观望,资金观望型,,D,回避：资金观望,-1.9
002413,雷科防务,8.33,-14.3,0.2,35.9,1.2,28323004,-2561508,-88703549,-11298207,3211527,6187396,缩量,低,情绪退潮,观望,资金观望型,,D,回避：资金观望,0.4
002401,中远海科,11.98,-44.0,1.02,9.6,4.0,7201344,3221180,3462743,676397,-93385,198106,缩量,低,情绪退潮,进场,资金观望型,资金+业绩共振(双击候选),B,关注：资金+业绩共振,73.3
002414,高德红外,12.24,-72.3,0.86,-37.3,-7.21,-171463659,-381034735,-353088288,-3807646,-1018425,18684544,缩量,低,情绪退潮,观望,资金观望型,,D,回避：资金观望,-2.4
002408,齐翔腾达,5.44,-26.8,0.48,-25.8,1.19,7559888,-6779330,-131110732,11737607,12649973,-2865287,缩量,低,情绪退潮,吸筹,资金观望型,纯资金炒作(亏损风险),C,谨慎：纯资金炒作,4.4
002416,爱施德,8.94,-64.0,0.29,-9.1,-10.4,-64326235,-15383641,-102147665,-4381237,-2038226,3351146,缩量,低,情绪退潮,观望,资金观望型,,D,回避：资金观望,-3.5
002418,康盛股份,4.74,226.7,0.1,-8.6,-12.23,-365024597,-472701663,-287240385,47817549,26196302,-55184680,放量,低,游资情绪,观望,资金观望型,,D,回避：资金观望,3.9
002415,海康威视,32.61,-65.9,1.53,0.6,-16.18,-958177631,-2338754692,-2754243906,8926873,-53448592,53182537,缩量,低,情绪退潮,观望,资金撤退型,,D,回避：资金撤退,-5.4
002409,雅克科技,137.11,-60.0,7.02,-22.1,-1.3,-146500773,-103141300,-1663676413,228714872,225479986,-115478736,缩量,低,情绪退潮,吸筹,资金观望型,机构吸筹+盈利(关注),C,谨慎：资金流入未验证业绩,23.6
002419,天虹股份,4.57,11.4,0.33,28.2,-2.44,-7954460,549676,13977905,284282,-2834532,-8596884,缩量,低,情绪退潮,观望,资金观望型,,D,回避：资金观望,-0.8
002421,达实智能,3.17,-65.9,2.22,-34.2,-3.62,-45556236,-160474784,-159108396,6771540,-1288776,807457,缩量,低,情绪退潮,观望,资金观望型,,D,回避：资金观望,-1.2
002420,毅昌科技,5.94,-37.7,0.91,0.8,-2.2,-5160982,-842702,2847651,1999093,-551261,-1209812,缩量,低,情绪退潮,观望,资金观望型,,D,回避：资金观望,-0.7
002422,科伦药业,40.52,-80.0,3.27,-56.2,-0.71,-18713471,-28782258,-660151557,-21054719,-30159919,5751105,缩量,低,情绪退潮,观望,资金撤退型,,D,回避：资金撤退,-0.2
002423,中粮资本,9.24,-29.0,1.74,-52.2,-1.41,-10855081,-106038442,-65046731,920265,2302620,2044975,缩量,低,情绪退潮,观望,资金观望型,,D,回避：资金观望,-0.5
002426,胜利精密,2.63,-65.4,0.63,-15.1,-5.45,-34319699,-60195750,-140628952,-19769882,-27341943,18341519,缩量,低,情绪退潮,观望,资金撤退型,,D,回避：资金撤退,-1.8
002427,尤夫股份,4.62,-59.0,1.16,-63.7,-3.88,-14388704,-41468760,155892074,-2148417,848329,3903180,缩量,低,情绪退潮,观望,长线吸筹型,,D,回避：资金观望,-1.3
002425,凯撒文化,3.09,-8.1,1.72,-9.6,-1.72,-7941758,-41920681,10166921,1269826,853817,-602539,缩量,低,情绪退潮,吸筹,长线吸筹型,纯资金炒作(亏损风险),C,谨慎：纯资金炒作,3.4
002432,九安医疗,59.84,-73.2,0.86,-7.5,-7.18,-324348343,-132286243,-238663571,-21676942,-19911127,-3740737,缩量,低,情绪退潮,观望,资金观望型,,D,回避：资金观望,-2.4
002434,万里扬,5.63,-61.4,0.67,19.7,-2.39,-11406292,-24624301,-24703153,-2060881,-3577827,3628272,缩量,低,情绪退潮,观望,资金撤退型,,D,回避：资金撤退,-0.8
002430,杭氧股份,25.7,-52.6,0.93,-20.7,-8.41,-172468731,-314391956,-222071792,-42019238,-40536377,42216606,缩量,低,情绪退潮,观望,资金观望型,,D,回避：资金观望,-2.8
002428,云南锗业,94.59,-0.8,0.76,-32.9,-0.15,-30540883,-753307501,-2471050326,673287355,590839813,-418749218,缩量,低,情绪退潮,吸筹,资金撤退型,机构吸筹+盈利(关注),C,谨慎：资金流入未验证业绩,23.9
002437,誉衡药业,3.39,106.3,0.56,-53.6,-16.43,-691822897,-653535374,-324211498,-42994099,-38722900,50234788,放量,低,游资情绪,观望,高位分歧型,,D,回避：资金观望,2.5
002438,江苏神通,13.34,-66.4,0.91,41.3,-6.57,-20449249,-55710917,-94696046,-1714318,220756,1809663,缩量,低,情绪退潮,观望,资金撤退型,,D,回避：资金撤退,-2.2
002436,兴森科技,42.8,23.3,1.28,75.8,-1.12,-332438021,1893039076,1784490249,464339837,311185360,-491409611,缩量,低,情绪退潮,观望,资金观望型,,D,回避：资金观望,-0.4
002439,启明星辰,13.46,2.8,0.61,44.0,-2.36,-50937780,-86909111,-191073586,-25590771,-16837141,17104874,缩量,低,情绪退潮,观望,资金撤退型,,D,回避：资金撤退,-0.8
002429,兆驰股份,8.17,-52.2,0.41,-35.8,0.51,8425557,-59072384,-156652889,37480394,41493120,-805411,缩量,低,情绪退潮,吸筹,资金观望型,资金+业绩共振(双击候选),B,关注：资金+业绩共振,64.2
002440,闰土股份,11.56,-62.2,3.48,-28.7,-5.46,-110848116,-224187735,-137996070,-46771644,-20655137,60868361,缩量,低,情绪退潮,观望,资金观望型,,D,回避：资金观望,-1.8
002443,金洲管道,11.87,188.8,0.39,51.6,1.11,19714104,70775230,94543642,-36364828,-27553211,23737583,放量,低,游资情绪,观望,均衡流入型,,D,回避：资金观望,8.4
002441,众业达,8.11,-35.2,0.48,-25.1,-2.22,-3706656,-9409392,-5221603,1377257,0,-4129944,缩量,低,情绪退潮,观望,资金观望型,,D,回避：资金观望,-0.7
002444,巨星科技,28.16,-52.6,1.48,-11.4,1.61,17121207,-18131096,-15251111,-21230934,-3804574,22650256,缩量,低,情绪退潮,观望,资金观望型,,D,回避：资金观望,0.5
002445,中南文化,3.08,-40.7,0.4,-64.5,2.8,18460925,-28039489,-331452341,-1819091,4493055,4277714,缩量,低,情绪退潮,观望,资金观望型,,D,回避：资金观望,0.9
002448,中原内配,11.18,-44.8,0.56,-20.8,1.88,15915436,-9840718,-112961519,-3835940,-2867962,-9725165,缩量,低,情绪退潮,观望,资金观望型,,D,回避：资金观望,0.6
002451,摩恩电气,7.64,51.0,0.71,-17.5,-2.55,-26119191,-44950371,64106840,-2459782,-697226,-6359603,放量,低,游资情绪,观望,长线吸筹型,,D,回避：资金观望,7.2
002442,龙星科技,5.68,48.0,1.47,15.1,0.77,3123137,-2085045,-19672400,20348850,21644458,-8318610,缩量,低,情绪退潮,吸筹,资金观望型,资金+业绩共振(双击候选),B,关注：资金+业绩共振,64.3
002449,国星光电,6.5,-50.4,0.85,-57.2,-4.68,-12209097,-32202561,18006940,3657428,2900627,86406,缩量,低,情绪退潮,观望,长线吸筹型,,D,回避：资金观望,-1.6
002455,百川股份,7.1,-45.7,0.25,-53.5,-7.6,-59826417,-191747620,-194458877,-2274377,-2133083,4137887,缩量,低,情绪退潮,观望,资金撤退型,,D,回避：资金撤退,-2.5
002453,华软科技,4.41,-38.8,1.09,-19.2,-2.43,-4468349,-8168853,-34315014,-1370765,2175,2418576,缩量,低,情绪退潮,观望,资金撤退型,,D,回避：资金撤退,-0.8
002456,欧菲光,6.95,-70.5,1.85,-44.1,-9.53,-177145011,-485673514,-83595836,-9698222,-5003315,5867547,缩量,低,情绪退潮,观望,长线吸筹型,,D,回避：资金观望,-3.2
002454,松芝股份,4.96,-46.2,0.31,-24.6,-10.25,-20104929,-23364331,-27538774,1683156,191015,-514712,缩量,低,情绪退潮,观望,资金撤退型,,D,回避：资金撤退,-3.4
002457,青龙管业,11.2,-52.5,2.22,83.6,-4.52,-101652259,-61266051,-71784203,-28748908,-17927438,28916431,缩量,低,情绪退潮,观望,资金观望型,,D,回避：资金观望,-1.5
002458,益生股份,8.41,-61.6,1.84,-9.4,-7.75,-108889170,-162099208,-140683756,-10127885,-2353206,21450971,缩量,低,情绪退潮,观望,资金观望型,,D,回避：资金观望,-2.6
002460,赣锋锂业,45.7,-50.7,0.48,-48.9,-9.83,-535457974,-1290377293,-1426922632,-137931445,-42909992,214141326,缩量,低,情绪退潮,观望,资金撤退型,,D,回避：资金撤退,-3.3
002446,盛路通信,8.38,-48.2,0.8,39.6,-0.89,-9561555,-72501880,-170528992,16603516,13943292,-9019482,缩量,低,情绪退潮,吸筹,资金撤退型,机构吸筹+盈利(关注),C,谨慎：资金流入未验证业绩,23.7
002461,珠江啤酒,8.43,-51.1,0.96,-19.1,-3.87,-5600348,-8827395,-11239967,-706621,-259869,761990,缩量,低,情绪退潮,观望,资金撤退型,,D,回避：资金撤退,-1.3
002459,晶澳科技,6.62,-69.2,0.95,-22.6,-2.99,-23361172,-61683995,-182019660,7394019,13797300,-3590472,缩量,低,情绪退潮,吸筹,资金撤退型,纯资金炒作(亏损风险),C,谨慎：纯资金炒作,3.0
002466,天齐锂业,42.35,-61.4,0.5,-51.7,-9.46,-535401954,-1261353100,-971130790,-128554489,-49265470,157287980,缩量,低,情绪退潮,观望,资金观望型,,D,回避：资金观望,-3.2
002465,海格通信,10.23,-46.4,0.52,15.7,1.44,30190263,-42790848,-108060406,-14229396,-3689379,25283885,缩量,低,情绪退潮,观望,资金观望型,,D,回避：资金观望,0.5
002467,二六三,4.61,-55.0,0.21,-8.0,-3.11,-20902682,-59769159,-95379454,-6229993,-7104366,8567234,缩量,低,情绪退潮,观望,资金撤退型,,D,回避：资金撤退,-1.0
002472,双环传动,35.64,-64.4,3.72,138.5,-0.16,-5987198,673467001,259700940,-59646636,-56022556,40679250,缩量,低,情绪退潮,观望,资金观望型,,D,回避：资金观望,-0.1
002470,金正大,2.07,80.7,0.27,94.2,-5.06,-228164853,114862371,216350303,-10688046,10138936,23381579,放量,低,游资情绪,观望,资金观望型,,D,回避：资金观望,6.3
002468,申通快递,14.34,-71.2,0.59,-10.8,-1.06,-9005696,-34545684,-90806550,-4543825,949268,5811622,缩量,低,情绪退潮,观望,资金撤退型,,D,回避：资金撤退,-0.4
002471,中超控股,5.52,-67.8,0.18,37.0,-7.97,-79877952,-27448680,-73967741,-2866865,-493827,2474857,缩量,低,情绪退潮,观望,资金观望型,,D,回避：资金观望,-2.7
002469,三维化学,6.0,-7.3,0.4,-59.4,-10.2,-27400568,-38844008,-28399632,-2331002,-1119200,444499,缩量,低,情绪退潮,观望,资金观望型,,D,回避：资金观望,-3.4
002462,嘉事堂,12.11,-48.6,1.31,-24.2,0.73,1222395,-5679985,-8772495,640615,560238,-1541087,缩量,低,情绪退潮,进场,资金观望型,资金+业绩共振(双击候选),B,关注：资金+业绩共振,72.2
002474,榕基软件,6.29,-22.3,1.04,-14.8,-1.94,-10520174,-15068118,-64956444,-9066926,-876245,14450348,缩量,低,情绪退潮,观望,资金撤退型,,D,回避：资金撤退,-0.6
002475,立讯精密,52.89,-58.3,0.62,-15.1,-8.66,-2098524016,-3246206674,-3603735198,87919289,157799118,133484374,缩量,低,情绪退潮,观望,资金撤退型,,D,回避：资金撤退,-2.9
002463,沪电股份,127.8,-41.8,1.14,5.0,2.23,563674166,343692351,1465545602,92987000,74584427,-205625566,缩量,低,情绪退潮,进场,资金观望型,资金+业绩共振(双击候选),B,关注：资金+业绩共振,72.7
002476,新叶股份,4.96,-31.8,0.95,-3.0,-6.21,-13631414,-12083850,-8484844,-1268338,-2075109,1947438,缩量,低,情绪退潮,观望,资金观望型,,D,回避：资金观望,-2.1
002478,常宝股份,6.49,-27.0,0.26,-39.1,-4.94,-32192903,-32043722,86439338,-4728174,-3558589,3477061,缩量,低,情绪退潮,观望,长线吸筹型,,D,回避：资金观望,-1.6
002479,富春环保,5.83,0.4,0.79,-35.6,-7.81,-38113202,-64035393,-86869893,-25456687,-14979182,21394497,缩量,低,情绪退潮,观望,资金撤退型,,D,回避：资金撤退,-2.6
002480,新筑股份,5.22,-58.1,0.6,-4.2,-4.54,-6185081,-5495123,-34469139,2267609,813840,-4035334,缩量,低,情绪退潮,观望,资金观望型,,D,回避：资金观望,-1.5
002481,双塔食品,4.21,-5.4,1.01,90.3,-0.83,-4581697,-2111349,8858505,3059661,1082454,-6704215,缩量,低,情绪退潮,观望,资金观望型,,D,回避：资金观望,-0.3
002483,润邦股份,5.9,172.0,0.82,257.2,-8.32,-69415496,74042142,77323691,-18262645,-9699347,11703832,放量,低,游资情绪,观望,资金观望型,,D,回避：资金观望,5.2
002484,江海股份,60.28,-40.4,2.48,-14.3,-0.66,-63353559,11815633,-201578485,159659550,147422873,-166676554,缩量,低,情绪退潮,观望,资金观望型,,D,回避：资金观望,-0.2
002486,嘉麟杰,2.77,37.4,1.2,1.6,-6.22,-27680343,-99384399,-28651730,10185499,6736944,-14557042,缩量,低,情绪退潮,观望,长线吸筹型,,D,回避：资金观望,-2.1
002488,金固股份,7.37,-40.2,0.74,-21.1,-10.49,-57037461,-71470513,-64887233,-9302322,-17024428,4964739,缩量,低,情绪退潮,观望,资金观望型,,D,回避：资金观望,-3.5
002490,山东墨龙,7.3,-61.6,1.02,-22.7,-9.33,-153499734,-121784220,-147564241,-3964408,1108042,11149603,缩量,低,情绪退潮,观望,资金观望型,,D,回避：资金观望,-3.1
002492,恒基达鑫,5.95,-29.4,0.42,15.7,1.2,2285102,7858569,7980312,-2555387,-1631880,-140106,缩量,低,情绪退潮,观望,均衡流入型,,D,回避：资金观望,0.4
002493,荣盛石化,13.03,-24.3,1.13,-12.9,-3.79,-134520951,23731551,271958742,-11952519,13816879,34203977,缩量,低,情绪退潮,观望,高位分歧型,,D,回避：资金观望,-1.3
002487,大金重工,39.16,354.4,0.67,125.2,8.36,1204371199,1108458171,733261596,-97400359,53517833,145949848,放量,中,主力偏强放量,进场,资金观望型,资金+业绩共振(双击候选),B,关注：资金+业绩共振,90.8
002494,华斯股份,4.5,-8.9,0.82,-6.8,-0.6,-1467156,388761,-7577868,-5354627,-2582455,5860304,缩量,低,情绪退潮,观望,资金观望型,,D,回避：资金观望,-0.2
002482,广田集团,1.3,-24.3,1.34,-14.8,-1.11,-3594978,-24254137,-69114639,9930966,13754846,-3088298,缩量,低,情绪退潮,吸筹,资金撤退型,纯资金炒作(亏损风险),C,谨慎：纯资金炒作,3.6
002489,浙江永强,3.04,270.3,0.76,21.9,0.19,854079,2351580,-3067784,66723800,63545170,-46515216,放量,低,游资情绪,抢筹,趋势转多型,资金+业绩共振(双击候选),B,关注：资金+业绩共振,88.1
002497,雅化集团,16.57,-66.3,0.81,-47.7,-6.59,-123529578,-272471692,-376287744,-29197290,-21591105,39923510,缩量,低,情绪退潮,观望,资金撤退型,,D,回避：资金撤退,-2.2
002491,通鼎互联,24.45,108.6,0.98,-31.8,7.11,1424131086,1566943992,1421385658,-63327905,43084660,19852191,放量,中,主力偏强放量,进场,趋势转多型,纯资金炒作(亏损风险),C,谨慎：纯资金炒作,30.4
002495,佳隆股份,2.36,-12.3,0.98,13.8,5.82,13041797,11566366,-6337333,1547852,1207667,-4040043,缩量,中,主力惜售,进场,资金观望型,资金+业绩共振(双击候选),B,关注：资金+业绩共振,85.9
002496,辉丰股份,2.14,-20.7,0.7,2.2,-5.52,-17965182,-19175028,-68763919,2248790,8009742,-2608982,缩量,低,情绪退潮,吸筹,资金撤退型,纯资金炒作(亏损风险),C,谨慎：纯资金炒作,2.2
002506,协鑫集成,2.47,-52.2,0.26,-44.4,-1.04,-21590760,-78932640,182026773,26769263,19369914,-20069607,缩量,低,情绪退潮,观望,长线吸筹型,,D,回避：资金观望,-0.3
002507,涪陵榨菜,11.0,-37.8,1.62,28.7,0.43,2975349,-13520634,-14120992,-1097286,937440,4002242,缩量,低,情绪退潮,观望,资金观望型,,D,回避：资金观望,0.1
002510,天汽模,5.57,-47.5,0.74,34.8,2.39,18015638,10297305,8268819,-5539644,-3651614,4158514,缩量,低,情绪退潮,观望,资金观望型,,D,回避：资金观望,0.8
002511,中顺洁柔,6.97,-52.4,0.59,-7.6,-4.13,-13145255,-7357687,15914457,1282540,-575762,-244666,缩量,低,情绪退潮,观望,长线吸筹型,,D,回避：资金观望,-1.4
002513,蓝丰生化,5.26,-2.7,0.61,3.9,0.64,1535680,-5604546,-15269185,-215846,-701778,1041188,缩量,低,情绪退潮,观望,资金观望型,,D,回避：资金观望,0.2
002498,汉缆股份,6.62,-29.2,0.36,133.8,4.74,218696770,201257287,147978010,5696481,131929,-1192687,缩量,低,情绪退潮,进场,资金观望型,资金+业绩共振(双击候选),B,关注：资金+业绩共振,73.6
002500,山西证券,5.26,-42.9,1.6,-12.2,2.93,16689658,2684737,-22481963,1527065,1462996,-2303940,缩量,低,情绪退潮,进场,资金观望型,资金+业绩共振(双击候选),B,关注：资金+业绩共振,73.0
002516,旷达科技,5.72,2.9,1.47,226.9,-4.73,-25968955,88853761,79314163,-11132600,-9510885,9980678,缩量,低,情绪退潮,观望,资金观望型,,D,回避：资金观望,-1.6
002517,恺英网络,16.81,-41.7,1.75,28.3,-1.76,-93061472,-29559148,6075040,-261041864,-190523565,144844226,缩量,低,情绪退潮,观望,资金观望型,,D,回避：资金观望,-0.6
002508,老板电器,16.57,33.6,1.33,15.6,12.03,131826025,134174123,77614354,8821335,8610194,-320660,缩量,高,主力控盘,控盘,趋势转多型,控盘+盈利(稳健),B,关注：控盘稳健+盈利,72.0
002520,日发精机,6.06,-70.3,3.28,-28.9,-9.38,-58787372,-119676725,-169596080,-537553,-1102727,7816672,缩量,低,情绪退潮,观望,资金撤退型,,D,回避：资金撤退,-3.1
002515,金字火腿,7.53,-35.1,1.28,-14.3,-0.45,-12254560,96278058,420683683,22438166,19243443,-14078213,缩量,低,情绪退潮,吸筹,高位分歧型,机构吸筹+盈利(关注),C,谨慎：资金流入未验证业绩,23.9
002522,浙江众成,5.95,162.0,1.57,38.6,3.55,68889413,28223585,13554903,-73932500,-54216064,41143765,放量,低,游资情绪,观望,资金观望型,,D,回避：资金观望,9.2
002521,齐峰新材,6.37,-60.0,0.86,-14.6,4.99,5220255,-13031114,-33409867,-2518577,-2105667,1557474,缩量,低,情绪退潮,观望,资金观望型,,D,回避：资金观望,1.7
002518,科士达,37.0,9.8,1.08,37.1,3.1,109757802,353453916,466282034,5353487,-67851,13154889,缩量,低,情绪退潮,进场,主力建仓型,资金+业绩共振(双击候选),B,关注：资金+业绩共振,73.0
002523,天桥起重,3.41,-45.5,1.12,-33.4,-4.09,-9954507,-31731240,-21100768,-3063698,-2895805,327838,缩量,低,情绪退潮,观望,资金观望型,,D,回避：资金观望,-1.4
002519,银河电子,6.09,68.1,0.27,156.9,5.03,149007427,157701885,174332799,-34030255,-20089829,22769235,放量,中,主力偏强放量,进场,均衡流入型,纯资金炒作(亏损风险),C,谨慎：纯资金炒作,29.7
002529,海源复材,6.57,-5.2,1.78,35.6,-3.01,-6068788,-4820001,-18085043,-4324089,-3556651,4425651,缩量,低,情绪退潮,观望,资金观望型,,D,回避：资金观望,-1.0
002527,新时达,10.51,-76.1,1.13,-0.5,-6.93,-18471723,-9158315,-47332246,-4547105,-2830660,6681988,缩量,低,情绪退潮,观望,资金观望型,,D,回避：资金观望,-2.3
002530,金财互联,7.16,-48.8,0.69,-19.6,-5.84,-14623188,-41285474,-47001427,-1553622,-1166827,26798,缩量,低,情绪退潮,观望,资金撤退型,,D,回避：资金撤退,-1.9
002524,光正眼科,3.9,-43.5,1.36,-23.8,2.02,4904114,11205035,-46582810,544488,0,-1198445,缩量,低,情绪退潮,进场,趋势转多型,纯资金炒作(亏损风险),C,谨慎：纯资金炒作,12.7
002533,金杯电工,10.92,-56.7,0.45,-5.6,-8.83,-22802041,-51630073,-73779974,3098826,2528867,-5065214,缩量,低,情绪退潮,观望,资金撤退型,,D,回避：资金撤退,-2.9
002534,西子洁能,15.47,-75.3,1.54,-14.2,-5.63,-31213656,-82424353,6393161,-2762103,1313141,2996763,缩量,低,情绪退潮,观望,长线吸筹型,,D,回避：资金观望,-1.9
002526,山东矿机,2.65,-34.1,1.02,-0.6,-3.77,-10355399,15675673,-11455082,4760884,3668764,-2135809,缩量,低,情绪退潮,吸筹,资金观望型,机构吸筹+盈利(关注),C,谨慎：资金流入未验证业绩,22.7
002531,天顺风能,7.82,519.5,0.46,376.2,7.32,492792312,505855488,463756371,21188738,56538017,27064176,放量,中,主力偏强放量,进场,趋势转多型,纯资金炒作(亏损风险),C,谨慎：纯资金炒作,30.4
002536,飞龙股份,54.42,12.6,0.92,25.2,-3.31,-434272634,38928998,825782790,40775360,87305598,16579368,缩量,低,情绪退潮,观望,高位分歧型,,D,回避：资金观望,-1.1
002537,海联金汇,5.78,-32.3,0.81,-10.1,-11.61,-69217156,67260898,41042852,-12715326,-5511744,9675585,缩量,低,情绪退潮,观望,资金观望型,,D,回避：资金观望,-3.9
002532,天山铝业,12.98,-56.2,1.35,-2.3,1.5,54421076,21080801,-15539745,48103885,45499156,-27403769,缩量,低,情绪退潮,吸筹,资金观望型,资金+业绩共振(双击候选),B,关注：资金+业绩共振,64.5
002539,云图控股,12.07,-25.2,0.98,-31.2,-8.72,-85778925,-129345200,-158520785,-17796662,-24945401,16812178,缩量,低,情绪退潮,观望,资金撤退型,,D,回避：资金撤退,-2.9
002541,鸿路钢构,18.28,-45.6,1.37,-31.3,-5.28,-37213526,-66795014,-96936083,-1195334,-1617841,14004459,缩量,低,情绪退潮,观望,资金撤退型,,D,回避：资金撤退,-1.8
002546,新联电子,7.52,-82.5,1.48,-6.2,-9.93,-34609323,-67379789,-120030871,-1014789,3408678,1457117,缩量,低,情绪退潮,观望,资金撤退型,,D,回避：资金撤退,-3.3
002535,林州重机,2.38,-11.0,1.31,13.0,4.88,9431879,10354338,12821936,1630995,542850,-1402793,缩量,低,情绪退潮,进场,均衡流入型,纯资金炒作(亏损风险),C,谨慎：纯资金炒作,13.6
002544,普天科技,16.18,-7.2,0.67,19.9,-0.51,-3827629,-10012622,25072653,-8069794,2952865,27410733,缩量,低,情绪退潮,观望,资金观望型,,D,回避：资金观望,-0.2
002545,东方铁塔,16.13,-36.4,0.98,-16.4,-7.69,-99547807,-83978590,10657441,-53758354,-64794908,30240626,缩量,低,情绪退潮,观望,长线吸筹型,,D,回避：资金观望,-2.6
002549,凯美特气,13.65,-75.3,0.91,-31.0,-1.23,-11034806,-66006615,-79068437,-510413,957079,-3185837,缩量,低,情绪退潮,观望,资金撤退型,,D,回避：资金撤退,-0.4
002540,亚太科技,5.0,-27.2,0.55,16.1,1.37,3773812,-8794486,-18541797,1027876,-1620726,-930285,缩量,低,情绪退潮,进场,资金观望型,资金+业绩共振(双击候选),B,关注：资金+业绩共振,72.5
002543,万和电气,7.11,331.8,0.93,1.8,7.56,82354864,74274557,95304125,-6490655,-4352168,3742757,放量,中,主力偏强放量,进场,资金观望型,资金+业绩共振(双击候选),B,关注：资金+业绩共振,90.5
002550,千红制药,6.32,-81.1,1.67,-56.1,-3.91,-12129861,-30639641,-39862281,409926,1158902,4677320,缩量,低,情绪退潮,观望,资金撤退型,,D,回避：资金撤退,-1.3
002553,南方精工,15.35,9.9,0.65,97.8,-12.07,-94254282,37696981,11842435,5477192,-1944522,-11333553,缩量,低,情绪退潮,观望,资金观望型,,D,回避：资金观望,-4.0
002555,三七互娱,17.46,-75.0,1.02,2.0,-16.83,-312415517,-316900120,-768857984,-15046189,-12622384,7794059,缩量,低,情绪退潮,观望,资金撤退型,,D,回避：资金撤退,-5.6
002548,金新农,3.95,-23.8,1.25,82.5,-6.4,-52451686,31106640,-7106951,7962282,6265200,-5675672,缩量,低,情绪退潮,吸筹,资金观望型,纯资金炒作(亏损风险),C,谨慎：纯资金炒作,1.9
002554,惠博普,2.81,-36.1,0.68,26.0,-5.33,-19601517,-19184459,-43985326,2709534,371956,-5031097,缩量,低,情绪退潮,观望,资金观望型,,D,回避：资金观望,-1.8
002556,辉隆股份,5.16,31.0,0.39,22.5,-8.88,-42500505,-38222280,-66187275,2686925,1218627,-2673493,缩量,低,情绪退潮,观望,资金观望型,,D,回避：资金观望,-3.0
002557,洽洽食品,18.02,-34.1,0.33,14.5,3.82,25015769,47926024,24114828,-8652511,-8042836,-1204122,缩量,低,情绪退潮,观望,趋势转多型,,D,回避：资金观望,1.3
002551,尚荣医疗,3.25,14.8,1.08,-18.4,2.53,5253313,5639417,8394319,1899261,590470,570062,缩量,低,情绪退潮,进场,均衡流入型,纯资金炒作(亏损风险),C,谨慎：纯资金炒作,12.8
002552,宝鼎科技,55.83,140.6,2.64,-12.5,5.26,642317140,587989245,506807149,124856078,87759095,-134762317,放量,中,主力偏强放量,进场,资金观望型,资金+业绩共振(双击候选),B,关注：资金+业绩共振,89.8
002558,巨人网络,24.84,-72.9,2.88,-5.6,-12.59,-570047222,-316686279,-98620736,-8827276,11341828,40162236,缩量,低,情绪退潮,观望,资金观望型,,D,回避：资金观望,-4.2
002562,兄弟科技,4.8,-36.9,0.79,-3.7,-3.75,-19394210,8332516,-26212101,-7703912,-5487132,2883506,缩量,低,情绪退潮,观望,资金观望型,,D,回避：资金观望,-1.2
002563,森马服饰,5.54,-37.2,1.25,-32.8,-5.79,-21423063,-29339034,-36570219,402974,1631493,3926533,缩量,低,情绪退潮,观望,资金撤退型,,D,回避：资金撤退,-1.9
002565,顺灏股份,8.7,37.1,0.11,47.6,4.34,159455372,161058598,15388106,-75368516,-44083501,61079563,缩量,低,情绪退潮,观望,趋势转多型,,D,回避：资金观望,1.4
002559,亚威股份,9.14,-76.5,2.87,17.6,3.04,30880180,10524167,-69352652,17155282,15246076,480244,缩量,低,情绪退潮,进场,资金观望型,资金+业绩共振(双击候选),B,关注：资金+业绩共振,73.0
002564,天沃科技,4.93,36.3,0.45,445.3,1.35,14313181,83081550,66782851,-6011371,-6456305,6525146,缩量,低,情绪退潮,观望,趋势转多型,,D,回避：资金观望,0.5
002561,徐家汇,7.18,318.2,0.85,320.2,5.19,52321854,48329610,40242541,-6037698,-1452182,12738803,放量,中,主力偏强放量,进场,资金观望型,纯资金炒作(亏损风险),C,谨慎：纯资金炒作,29.7
002567,唐人神,3.76,-12.7,0.81,106.1,-4.04,-21786561,45607308,42587179,5195649,3521917,-7840730,缩量,低,情绪退潮,观望,资金观望型,,D,回避：资金观望,-1.3
002560,通达股份,7.44,314.4,0.13,324.0,5.71,232009699,227517726,228310828,-6739516,-2325286,24346811,放量,中,主力偏强放量,进场,资金观望型,资金+业绩共振(双击候选),B,关注：资金+业绩共振,89.9
002572,索菲亚,7.31,-36.9,0.77,-32.4,-1.46,-3510101,-9272130,-59136180,392742,-2190052,-4237476,缩量,低,情绪退潮,观望,资金撤退型,,D,回避：资金撤退,-0.5
002571,德力股份,10.68,-57.6,0.7,69.4,-9.03,-22840909,-7419875,-22938018,28944,-540524,-346971,缩量,低,情绪退潮,观望,资金观望型,,D,回避：资金观望,-3.0
002573,清新环境,3.1,12.8,0.84,-29.3,-3.86,-6625517,-11140331,-45891042,2800954,1179767,-2195662,缩量,低,情绪退潮,观望,资金撤退型,,D,回避：资金撤退,-1.3
002575,群兴玩具,5.08,-63.9,0.67,-32.5,-4.48,-15359684,-43133855,-62455278,-2778062,-2331242,852808,缩量,低,情绪退潮,观望,资金撤退型,,D,回避：资金撤退,-1.5
002574,明牌珠宝,5.03,14.5,1.09,-51.2,0.61,1404027,12249890,-4463529,-2781651,-2327846,561884,缩量,低,情绪退潮,观望,趋势转多型,,D,回避：资金观望,0.2
002576,通达动力,14.08,-50.4,0.64,-8.6,-0.76,-1151325,-572421,-2922073,576620,1095994,763683,缩量,低,情绪退潮,观望,资金观望型,,D,回避：资金观望,-0.3
002566,益盛药业,6.86,-55.3,1.35,-36.6,-0.4,-808074,-9696480,7395016,1551051,2055000,-524595,缩量,低,情绪退潮,吸筹,长线吸筹型,机构吸筹+盈利(关注),C,谨慎：资金流入未验证业绩,23.9
002568,百润股份,17.84,-50.3,3.82,0.4,-3.95,-27339853,-3607901,-53017361,9980479,5289432,-665728,缩量,低,情绪退潮,吸筹,资金观望型,机构吸筹+盈利(关注),C,谨慎：资金流入未验证业绩,22.7
002570,贝因美,4.37,-52.6,1.03,73.2,5.37,27835144,-7973128,18586560,3657302,4496351,-4937498,缩量,中,主力惜售,进场,资金观望型,资金+业绩共振(双击候选),B,关注：资金+业绩共振,85.8
002578,闽发铝业,4.04,-22.9,0.62,-24.7,-2.96,-13140438,16117541,93066905,4670742,2760868,-4938780,缩量,低,情绪退潮,观望,高位分歧型,,D,回避：资金观望,-1.0
002580,圣阳股份,19.2,-37.4,0.38,-12.5,-5.87,-243513426,-518023133,-404633193,-22850314,-11446429,38926702,缩量,低,情绪退潮,观望,资金观望型,,D,回避：资金观望,-2.0
002582,好想你,9.62,-63.9,0.58,-23.8,-9.35,-74596152,-70842505,-186297234,321925,4369689,5705332,缩量,低,情绪退潮,观望,资金观望型,,D,回避：资金观望,-3.1
002586,围海股份,3.74,103.3,0.34,-26.8,-12.28,-23616184,-53884270,-74554374,-9276743,-3470945,8770057,放量,低,游资情绪,观望,资金撤退型,,D,回避：资金撤退,3.9
002577,雷柏科技,19.89,67.6,3.95,-12.1,-1.19,-4307321,13849106,11947637,45170247,40686852,-27160091,放量,低,游资情绪,抢筹,资金观望型,纯资金炒作(亏损风险),C,谨慎：纯资金炒作,27.6
002579,中京电子,19.65,147.8,1.73,183.8,2.36,374243062,1308226317,1211367624,237685230,252758828,-111928221,放量,低,游资情绪,抢筹,趋势转多型,资金+业绩共振(双击候选),B,关注：资金+业绩共振,88.8
002589,瑞康医药,2.95,57.7,0.21,-45.5,-5.31,-51382056,-126642943,-92179272,-1108449,-443615,74059,放量,低,游资情绪,观望,资金观望型,,D,回避：资金观望,6.2
002583,海能达,8.33,-36.8,0.83,-22.1,-6.08,-33844334,-83214674,-73302952,12046837,8783932,-6745233,缩量,低,情绪退潮,吸筹,资金观望型,纯资金炒作(亏损风险),C,谨慎：纯资金炒作,2.0
002594,比亚迪,83.96,-67.5,1.07,-29.8,-12.19,-1299505746,-2399481815,-2628581664,-255120039,-181982076,179222887,缩量,低,情绪退潮,观望,资金撤退型,,D,回避：资金撤退,-4.1
002591,恒大高新,6.22,2.1,1.58,30.2,3.27,18417494,13881448,22520172,-6171874,-6640689,6195794,缩量,低,情绪退潮,观望,资金观望型,,D,回避：资金观望,1.1
002590,万安科技,9.51,-51.4,0.84,-29.7,-3.26,-5998252,-32399095,-41475888,-957503,1284050,288465,缩量,低,情绪退潮,观望,资金撤退型,,D,回避：资金撤退,-1.1
002584,西陇科学,9.55,-19.6,4.0,23.8,9.08,126835815,106482113,90982658,136137293,182283433,-61711466,缩量,中,主力惜售,吸筹,资金观望型,纯资金炒作(亏损风险),C,谨慎：纯资金炒作,19.0
002585,双星新材,12.17,319.0,2.01,98.9,11.24,957793810,865567811,690153302,-288477573,-95196618,331215473,放量,高,主力主导放量🔥(最强),进场,资金观望型,纯资金炒作(亏损风险),C,谨慎：纯资金炒作,35.7
002587,奥拓电子,5.22,-62.6,2.51,1.9,-5.2,-18774548,-25166194,-40749583,5307594,4443603,-1261902,缩量,低,情绪退潮,吸筹,资金撤退型,机构吸筹+盈利(关注),C,谨慎：资金流入未验证业绩,22.3
002588,史丹利,7.75,-29.8,0.28,-8.3,-7.75,-48745168,-72447881,-143821226,2818076,3922862,-3674907,缩量,低,情绪退潮,吸筹,资金撤退型,机构吸筹+盈利(关注),C,谨慎：资金流入未验证业绩,21.4
002595,豪迈科技,39.41,0.0,0.5,-9.5,-3.3,-34674347,-40783820,-125334875,2854346,4072287,25919825,缩量,低,情绪退潮,观望,资金撤退型,,D,回避：资金撤退,-1.1
002597,金禾实业,21.74,-29.0,1.05,100.7,-5.28,-52759189,-44263897,-72578577,-3015417,-4093039,-686330,缩量,低,情绪退潮,观望,资金观望型,,D,回避：资金观望,-1.8
002599,盛通股份,5.49,-70.3,1.3,-15.6,-3.77,-7103717,-4514961,-10382268,384758,749533,-1744558,缩量,低,情绪退潮,观望,资金观望型,,D,回避：资金观望,-1.3
002593,日上集团,4.63,-10.8,1.06,33.6,5.52,20376434,29783273,40254728,9107284,9314274,-3390747,缩量,中,主力惜售,吸筹,主力建仓型,资金+业绩共振(双击候选),B,关注：资金+业绩共振,77.8
002600,领益智造,12.51,-64.3,1.41,47.4,-1.24,-127294602,-315645392,-857123546,-105897663,-76249290,99988198,缩量,低,情绪退潮,观望,资金撤退型,,D,回避：资金撤退,-0.4
002601,龙佰集团,14.77,-40.5,1.19,-28.2,-2.64,-35793439,-92019067,-94440116,-19660045,-16927921,13727595,缩量,低,情绪退潮,观望,资金撤退型,,D,回避：资金撤退,-0.9
002602,世纪华通,14.63,-40.5,1.96,85.7,-4.37,-261263838,173341585,203225329,-105087013,-85334136,2878731,缩量,低,情绪退潮,观望,资金观望型,,D,回避：资金观望,-1.5
002606,大连电瓷,12.57,-67.8,1.29,-21.1,-7.79,-48213275,-64966041,-107991259,-6534597,-3710012,6486277,缩量,低,情绪退潮,观望,资金撤退型,,D,回避：资金撤退,-2.6
002603,以岭药业,15.18,-77.1,2.2,-57.4,-8.76,-64244708,-79882067,-194315216,-7785080,-7847353,10831196,缩量,低,情绪退潮,观望,资金撤退型,,D,回避：资金撤退,-2.9
002596,海南瑞泽,3.39,-25.2,0.8,44.8,10.49,68315309,63583051,86040857,-2652641,-1255895,-3430239,缩量,高,主力控盘,控盘,资金观望型,控盘+亏损(警惕),C,谨慎：控盘但亏损,27.5
002607,中公教育,1.9,-65.1,2.34,16.6,-13.25,-167439771,-195338743,-228871571,-39675640,-44595470,28047570,缩量,低,情绪退潮,观望,资金撤退型,,D,回避：资金撤退,-4.4
002608,江苏国信,7.44,-58.2,1.16,78.9,-6.58,-47802142,-65722322,-95975256,-13616250,-6393911,9948823,缩量,低,情绪退潮,观望,资金撤退型,,D,回避：资金撤退,-2.2
002605,姚记科技,16.57,-80.1,1.9,-8.9,-10.97,-28520272,-38642782,-29987215,1437589,32279,4617423,缩量,低,情绪退潮,观望,资金观望型,,D,回避：资金观望,-3.7
002611,东方精工,13.82,-70.3,1.03,-32.1,-9.72,-79163812,-168760169,-291479633,-16212251,-9902649,17251451,缩量,低,情绪退潮,观望,资金撤退型,,D,回避：资金撤退,-3.2
002612,朗姿股份,15.38,-52.5,1.95,-5.2,-3.17,-11669134,-12022515,-7033067,-4453526,-5269776,4047727,缩量,低,情绪退潮,观望,资金观望型,,D,回避：资金观望,-1.1
002614,奥佳华,5.47,16.4,0.75,-63.2,-1.34,-2968303,-4269575,-1198857,-4241056,-4266034,2884188,缩量,低,情绪退潮,观望,资金观望型,,D,回避：资金观望,-0.4
002615,哈尔斯,6.16,-62.1,1.03,-32.7,-5.09,-8826727,-16912019,-52922389,-3781294,-2177087,734053,缩量,低,情绪退潮,观望,资金撤退型,,D,回避：资金撤退,-1.7
002616,长青集团,4.86,-11.7,0.51,11.4,-4.67,-12478001,-25549199,-18145303,2312192,1409170,5721474,缩量,低,情绪退潮,观望,资金观望型,,D,回避：资金观望,-1.6
002609,捷顺科技,7.59,-21.8,0.81,-20.1,-7.99,-12678014,-17502133,-28989063,7581914,8517876,-4348167,缩量,低,情绪退潮,吸筹,资金撤退型,机构吸筹+盈利(关注),C,谨慎：资金流入未验证业绩,21.3
002613,北玻股份,3.49,-16.3,0.88,83.9,4.29,41311567,36860859,36359210,7300805,2081239,-8294942,缩量,低,情绪退潮,进场,资金观望型,资金+业绩共振(双击候选),B,关注：资金+业绩共振,73.4
002624,完美世界,9.89,-62.5,0.5,64.4,-13.08,-283035115,-245047230,-326924597,-40821022,-16885369,20241717,缩量,低,情绪退潮,观望,资金观望型,,D,回避：资金观望,-4.4
002625,光启技术,28.26,-16.8,1.29,10.1,-7.23,-182265904,-152098298,-365636106,105897589,61993189,-76778599,缩量,低,情绪退潮,观望,资金观望型,,D,回避：资金观望,-2.4
002629,仁智股份,4.32,7.7,0.51,66.9,-5.38,-28200954,-29795394,-45928169,1957720,1030041,-1694857,缩量,低,情绪退潮,观望,资金撤退型,,D,回避：资金撤退,-1.8
002627,三峡旅游,6.65,-22.0,0.44,-40.6,-5.73,-24676259,-25697717,-15303441,2027442,203498,2088464,缩量,低,情绪退潮,观望,资金观望型,,D,回避：资金观望,-1.9
002628,成都路桥,5.13,-24.6,0.51,-44.0,-2.37,-10932544,-43769288,-51086020,-297917,4044810,-6571393,缩量,低,情绪退潮,观望,资金撤退型,,D,回避：资金撤退,-0.8
002617,露笑科技,7.02,-49.9,2.95,101.2,2.23,93761937,84114489,-98010050,372110599,424838393,-228877455,缩量,低,情绪退潮,吸筹,资金观望型,资金+业绩共振(双击候选),B,关注：资金+业绩共振,64.7
002623,亚玛顿,16.76,161.9,0.93,86.1,2.95,14782351,17007327,10480757,22860057,16612364,-36637894,放量,低,游资情绪,抢筹,趋势转多型,纯资金炒作(亏损风险),C,谨慎：纯资金炒作,29.0
002626,金达威,16.08,-34.8,0.48,-38.3,-2.92,-8181386,-12177641,-45530748,-1029259,1158518,-624109,缩量,低,情绪退潮,吸筹,资金撤退型,机构吸筹+盈利(关注),C,谨慎：资金流入未验证业绩,23.0
002622,皓宸医疗,2.48,-29.0,1.26,-25.0,1.53,3817727,-6076785,6727902,2338259,912712,-3429871,缩量,低,情绪退潮,进场,资金观望型,纯资金炒作(亏损风险),C,谨慎：纯资金炒作,12.5
002635,安洁科技,14.84,-82.2,1.49,-34.9,-1.16,-8729634,-93724004,-206814447,-5641896,-5359800,10482551,缩量,低,情绪退潮,观望,资金撤退型,,D,回避：资金撤退,-0.4
002632,道明光学,9.18,24.1,1.15,153.1,1.61,27582711,74174865,109006662,-15640464,-14870207,8297375,缩量,低,情绪退潮,观望,均衡流入型,,D,回避：资金观望,0.5
002633,申科股份,13.96,-30.8,0.49,1.4,-0.62,-701073,-3476252,-220939,-1298728,-125025,1762475,缩量,低,情绪退潮,观望,资金观望型,,D,回避：资金观望,-0.2
002636,金安国纪,82.42,58.3,1.96,33.7,4.01,1342756551,1062075314,1705276300,-40343720,-18749722,128349662,放量,低,游资情绪,观望,资金观望型,,D,回避：资金观望,9.3
002631,德尔未来,11.23,40.6,2.3,-16.6,-6.45,-128724370,3672613,197864437,80786646,80503897,-43719535,缩量,低,情绪退潮,吸筹,高位分歧型,纯资金炒作(亏损风险),C,谨慎：纯资金炒作,1.9
002637,赞宇科技,11.18,27.6,0.54,21.8,-9.27,-130174872,-65298396,-131430655,-1664540,-2994593,-9170140,缩量,低,情绪退潮,观望,资金观望型,,D,回避：资金观望,-3.1
002639,雪人集团,13.39,96.2,0.35,362.9,-6.4,-262348002,101046996,46154102,34515918,6380066,-28415668,放量,低,游资情绪,观望,资金观望型,,D,回避：资金观望,5.9
002638,勤上股份,4.13,-20.6,0.68,-30.3,-4.37,-23890007,-118066309,-92427777,4241571,3290511,-7062510,缩量,低,情绪退潮,观望,资金观望型,,D,回避：资金观望,-1.5
002641,公元股份,3.78,-36.5,0.97,-0.8,-6.73,-10910687,-13946047,-2890181,1581999,-349817,-4657350,缩量,低,情绪退潮,观望,长线吸筹型,,D,回避：资金观望,-2.2
002642,荣联科技,6.92,-70.8,2.2,-1.8,0.14,520267,-20229835,-64907382,-2824494,-2719426,4981727,缩量,低,情绪退潮,观望,资金观望型,,D,回避：资金观望,0.0
002644,佛慈制药,8.16,-5.3,1.02,-55.3,-2.51,-5560117,-16431909,-6085035,-938694,-721161,-558524,缩量,低,情绪退潮,观望,资金观望型,,D,回避：资金观望,-0.8
002647,仁东控股,10.99,-51.5,0.38,-55.0,-5.3,-48879434,-50088908,-109206029,-1718036,-1347060,-9067907,缩量,低,情绪退潮,观望,资金撤退型,,D,回避：资金撤退,-1.8
002648,卫星化学,26.87,-58.2,1.15,-24.6,-6.12,-300627782,-160569633,-112510424,-29848786,-2042295,5975030,缩量,低,情绪退潮,观望,资金观望型,,D,回避：资金观望,-2.0
002646,天佑德酒,6.82,-20.3,1.2,20.3,-0.3,-531336,6198090,-5353056,1844601,-132078,-3140324,缩量,低,情绪退潮,观望,资金观望型,,D,回避：资金观望,-0.1
002640,跨境通,3.43,93.2,2.49,10.2,-3.01,-57105578,-40563931,-20448703,83374893,42401872,-106182741,放量,低,游资情绪,抢筹,资金观望型,纯资金炒作(亏损风险),C,谨慎：纯资金炒作,27.0
002653,海思科,63.0,-80.6,3.26,-3.9,-6.53,-63093305,26915956,-32694688,-10899809,-12370647,18383686,缩量,低,情绪退潮,观望,资金观望型,,D,回避：资金观望,-2.2
002654,万润科技,14.15,-39.0,1.45,-19.2,-1.59,-38772974,-15892971,-232242832,37415793,41810131,9727787,缩量,低,情绪退潮,观望,资金观望型,,D,回避：资金观望,-0.5
002645,华宏科技,18.43,-46.4,0.76,-36.0,3.87,61473828,-71237383,-204714952,34187043,22772260,-61017118,缩量,低,情绪退潮,进场,资金观望型,资金+业绩共振(双击候选),B,关注：资金+业绩共振,73.3
002658,雪迪龙,7.36,-54.7,0.32,-21.1,-12.7,-19265119,-17920859,-29651621,627587,2342094,1111891,缩量,低,情绪退潮,观望,资金观望型,,D,回避：资金观望,-4.2
002649,博彦科技,9.18,-37.6,1.02,-36.9,-0.49,-1816962,-43697930,-120708975,-1377410,821694,-289423,缩量,低,情绪退潮,吸筹,资金撤退型,机构吸筹+盈利(关注),C,谨慎：资金流入未验证业绩,23.8
002651,利君股份,8.41,230.1,0.85,-0.5,1.0,15083056,-10854520,68583889,6621896,1621595,-5701224,放量,低,游资情绪,进场,长线吸筹型,资金+业绩共振(双击候选),B,关注：资金+业绩共振,80.3
002652,扬子新材,4.68,-32.2,1.58,200.7,2.03,16912423,38964365,19305935,1180177,-1830267,2344815,缩量,低,情绪退潮,进场,趋势转多型,纯资金炒作(亏损风险),C,谨慎：纯资金炒作,12.7
002657,中科金财,14.93,-78.3,2.02,-34.2,-7.21,-29033045,-28855913,-45484531,-1517662,-1675661,-2282909,缩量,低,情绪退潮,观望,资金观望型,,D,回避：资金观望,-2.4
002655,共达电声,37.06,15.0,0.99,-19.0,-16.64,-738998809,-682695327,-360205584,142704916,187978939,-31662428,缩量,低,情绪退潮,吸筹,长线吸筹型,机构吸筹+盈利(关注),C,谨慎：资金流入未验证业绩,18.5
002656,摩登大道,2.75,-18.6,1.41,-5.9,3.71,5618688,-5411271,-33085212,582635,676793,520684,缩量,低,情绪退潮,进场,资金观望型,纯资金炒作(亏损风险),C,谨慎：纯资金炒作,13.2
002660,茂硕电源,7.6,45.4,1.15,19.2,-5.3,-18488861,3301186,60952332,-1732027,-807554,9500529,缩量,低,情绪退潮,观望,高位分歧型,,D,回避：资金观望,-1.8
002662,峰璟股份,3.18,-59.8,0.53,-25.1,-5.71,-8523651,-2652940,-858960,-1492057,-832323,-115362,缩量,低,情绪退潮,观望,资金观望型,,D,回避：资金观望,-1.9
002664,信质集团,14.3,-59.1,0.48,-11.1,-6.25,-15196843,-22544707,-43170796,-3761962,-116174,2701936,缩量,低,情绪退潮,观望,资金撤退型,,D,回避：资金撤退,-2.1
002659,凯文教育,4.44,-59.8,1.33,11.7,0.2,451640,-7069323,10460225,1564833,18104,-3996776,缩量,低,情绪退潮,进场,资金观望型,纯资金炒作(亏损风险),C,谨慎：纯资金炒作,12.1
002669,康达新材,14.17,112.5,1.66,172.2,2.11,49378265,61946294,15669007,-26542646,-3297018,20362536,放量,低,游资情绪,观望,趋势转多型,,D,回避：资金观望,8.7
002661,克明食品,7.45,255.5,1.01,284.8,5.54,59366035,69406027,67698858,-7503526,-4889443,6559419,放量,中,主力偏强放量,进场,趋势转多型,资金+业绩共振(双击候选),B,关注：资金+业绩共振,89.8
002670,国盛证券,11.56,-47.9,1.06,7.2,-9.45,-112054906,-145549326,-16716891,15239266,2962048,-23876658,缩量,低,情绪退潮,观望,资金观望型,,D,回避：资金观望,-3.1
002663,普邦股份,1.71,-31.2,0.47,-10.8,4.97,10054125,18729953,11736508,2775770,3485368,-3636606,缩量,低,情绪退潮,进场,趋势转多型,纯资金炒作(亏损风险),C,谨慎：纯资金炒作,13.7
002671,龙泉股份,3.92,-28.3,1.03,-1.0,1.18,2258257,5645105,-394971,-970827,0,-631294,缩量,低,情绪退潮,观望,趋势转多型,,D,回避：资金观望,0.4
002666,德联集团,4.18,-13.0,0.81,-26.9,-1.79,-3231243,9509658,23516878,3943420,4667633,-1294519,缩量,低,情绪退潮,吸筹,高位分歧型,机构吸筹+盈利(关注),C,谨慎：资金流入未验证业绩,23.4
002672,东江环保,3.63,-60.0,1.74,-2.6,-1.05,-1237649,-5091263,-9156255,-789533,0,-366808,缩量,低,情绪退潮,观望,资金撤退型,,D,回避：资金撤退,-0.4
002673,西部证券,6.73,-24.9,1.05,-30.7,-1.94,-13780538,-91286973,-166542049,-5378503,2282526,7130854,缩量,低,情绪退潮,观望,资金撤退型,,D,回避：资金撤退,-0.6
002674,兴业科技,19.3,-74.0,15.86,-24.1,-17.17,-160498674,-130953824,-244248858,6246586,1727806,-14820747,缩量,低,情绪退潮,观望,资金观望型,,D,回避：资金观望,-5.7
002668,TCL智家,9.09,-15.1,1.41,-26.1,5.71,45987560,14035640,58506410,931862,-10767626,-21391082,缩量,中,主力惜售,进场,资金观望型,资金+业绩共振(双击候选),B,关注：资金+业绩共振,85.9
002675,东诚药业,12.57,-66.9,0.59,-30.2,3.37,9214136,-12105508,-4300653,-2044478,-965309,973162,缩量,低,情绪退潮,观望,资金观望型,,D,回避：资金观望,1.1
002678,珠江钢琴,4.35,-51.6,0.48,-0.3,-5.19,-9128029,-83057522,-48309795,-1014755,0,780699,缩量,低,情绪退潮,观望,长线吸筹型,,D,回避：资金观望,-1.7
002683,广东宏大,27.65,-55.1,0.61,-0.8,-1.73,-16456285,19177572,57689579,-19332905,-18243511,13462336,缩量,低,情绪退潮,观望,资金观望型,,D,回避：资金观望,-0.6
002685,华东重机,5.27,-48.4,0.35,-16.7,-4.04,-19891745,-55902134,-119274427,2587152,6633135,3774080,缩量,低,情绪退潮,观望,资金撤退型,,D,回避：资金撤退,-1.3
002676,顺威股份,5.17,-39.2,0.77,-26.2,-6.12,-15130972,-24711831,-42631251,2988349,1675359,-1233107,缩量,低,情绪退潮,吸筹,资金撤退型,机构吸筹+盈利(关注),C,谨慎：资金流入未验证业绩,22.0
002677,浙江美大,6.22,-26.8,1.68,-10.7,1.34,2126231,-13602967,-15403456,2646059,855455,-11196977,缩量,低,情绪退潮,进场,资金观望型,资金+业绩共振(双击候选),B,关注：资金+业绩共振,72.4
002679,福建金森,11.28,387.7,0.76,115.3,-9.76,-69852528,-185707013,-118361349,27688184,22805124,-31696294,放量,低,游资情绪,抢筹,资金观望型,机构吸筹+盈利(关注),C,谨慎：资金流入未验证业绩,44.7
002690,美亚光电,15.5,-56.7,1.19,-39.7,-7.15,-17600264,-28717329,-33606325,-2765996,-1186735,1742865,缩量,低,情绪退潮,观望,资金撤退型,,D,回避：资金撤退,-2.4
002682,龙洲股份,5.15,64.5,0.91,-20.1,-3.96,-23718015,-19049208,-84481884,3883329,825289,-10561145,放量,低,游资情绪,观望,资金观望型,,D,回避：资金观望,6.7
002692,远程股份,4.35,-29.6,0.11,41.1,2.39,8510536,12786445,2753311,-4319329,129210,1661438,缩量,低,情绪退潮,观望,趋势转多型,,D,回避：资金观望,0.8
002681,奋达科技,4.53,-54.0,1.83,-25.4,-0.33,-2450446,-78303479,-39554992,1975874,3052623,-2507060,缩量,低,情绪退潮,吸筹,资金观望型,纯资金炒作(亏损风险),C,谨慎：纯资金炒作,3.9
002693,双成药业,8.63,-80.1,1.88,-64.6,-0.75,-2667724,-20692298,19628050,-1850796,-242298,2309671,缩量,低,情绪退潮,观望,长线吸筹型,,D,回避：资金观望,-0.2
002695,煌上煌,10.61,-12.2,1.33,-16.6,2.45,9949645,12535802,8964236,-13297646,-14076592,5476309,缩量,低,情绪退潮,观望,趋势转多型,,D,回避：资金观望,0.8
002696,百洋股份,6.55,123.5,1.38,83.8,-0.12,-1343577,12788513,42428229,-1562124,-161367,1472860,放量,低,游资情绪,观望,资金观望型,,D,回避：资金观望,8.0
002686,亿利达,6.19,-41.7,0.24,-73.9,0.84,2615387,-26898352,93631713,202553,-628542,1703026,缩量,低,情绪退潮,进场,长线吸筹型,资金+业绩共振(双击候选),B,关注：资金+业绩共振,72.3
002697,红旗连锁,4.59,2.5,0.75,31.3,-4.19,-20205272,-26759622,-30195207,5421098,-202430,-11524200,缩量,低,情绪退潮,观望,资金撤退型,,D,回避：资金撤退,-1.4
002687,乔治白,6.11,-51.9,0.99,-28.7,4.44,19385973,12504533,25226948,179245,4963826,1717863,缩量,低,情绪退潮,进场,资金观望型,资金+业绩共振(双击候选),B,关注：资金+业绩共振,73.5
002698,博实股份,11.31,-72.8,2.91,-26.0,-0.92,-3746880,-21404975,-35309374,-704083,-2016657,86227,缩量,低,情绪退潮,观望,资金撤退型,,D,回避：资金撤退,-0.3
002700,万憬能源,6.35,-61.4,2.82,3.3,2.26,4206539,10675923,4639744,-2274812,-950112,-96618,缩量,低,情绪退潮,观望,趋势转多型,,D,回避：资金观望,0.8
002702,海欣食品,5.34,253.8,1.67,305.3,-3.29,-81903516,-16032235,-23957530,-1620632,155380,15254101,放量,低,游资情绪,观望,资金观望型,,D,回避：资金观望,6.9
002703,浙江世宝,15.42,-31.3,0.47,-22.1,-7.17,-145696577,-375944510,164616720,-20620026,-13771512,26073933,缩量,低,情绪退潮,观望,长线吸筹型,,D,回避：资金观望,-2.4
002709,天赐材料,33.1,-67.5,0.62,-40.4,-5.4,-315298465,-773776663,-1695695417,-93123204,-80723688,108656539,缩量,低,情绪退潮,观望,资金撤退型,,D,回避：资金撤退,-1.8
002707,众信旅游,4.97,4.5,0.78,-7.0,-1.38,-8504444,-38259343,-59659521,1792082,322046,-7866188,缩量,低,情绪退潮,观望,资金撤退型,,D,回避：资金撤退,-0.5
002706,良信股份,8.83,-34.1,0.36,-7.8,-5.11,-42449846,-151139796,-299352105,-7942241,-5772992,13759308,缩量,低,情绪退潮,观望,资金撤退型,,D,回避：资金撤退,-1.7
002708,光洋股份,16.66,62.2,0.54,197.0,-5.29,-147616381,270710355,338619903,-31723181,-23739389,49292658,放量,低,游资情绪,观望,资金观望型,,D,回避：资金观望,6.2
002712,思美传媒,4.89,-12.4,1.39,33.2,-3.74,-15366022,-7716073,11102874,1912425,76246,-3733663,缩量,低,情绪退潮,观望,资金观望型,,D,回避：资金观望,-1.2
002701,奥瑞金,4.43,-43.4,0.85,-24.2,1.72,6849942,51869194,47911243,4786650,3001049,-4820180,缩量,低,情绪退潮,进场,趋势转多型,资金+业绩共振(双击候选),B,关注：资金+业绩共振,72.6
002714,牧原股份,41.08,-29.2,1.53,-3.9,0.58,48099266,45911033,279770520,-206419863,-117304989,187440378,缩量,低,情绪退潮,观望,资金观望型,,D,回避：资金观望,0.2
002715,登云股份,12.87,-47.4,1.43,-33.0,0.15,260083,-8818990,-26746569,-247565,861123,2532358,缩量,低,情绪退潮,观望,资金观望型,,D,回避：资金观望,0.0
002705,新宝股份,11.19,-23.7,0.1,-12.4,-6.59,-12052168,-14568715,-55578302,10211361,7612219,-7006751,缩量,低,情绪退潮,吸筹,资金撤退型,机构吸筹+盈利(关注),C,谨慎：资金流入未验证业绩,21.8
002716,湖南白银,10.13,26.8,0.45,-53.6,-4.04,-270276023,-809141895,183359778,118068968,96284368,-106447933,缩量,低,情绪退潮,观望,长线吸筹型,,D,回避：资金观望,-1.3
002713,东易日盛,9.84,-41.1,0.45,32.2,0.08,557811,74720165,50785130,3691405,3853102,407098,缩量,低,情绪退潮,进场,趋势转多型,资金+业绩共振(双击候选),B,关注：资金+业绩共振,72.0
002718,友邦吊顶,83.9,-67.7,1.27,7.5,-1.67,-6281508,-13360062,-10443995,-7236217,-2967057,8034757,缩量,低,情绪退潮,观望,资金观望型,,D,回避：资金观望,-0.6
002721,金一文化,2.69,28.6,0.79,-21.1,-4.81,-49295552,24319786,315161725,6937446,7780584,1598341,缩量,低,情绪退潮,观望,高位分歧型,,D,回避：资金观望,-1.6
002727,一心堂,10.79,-51.4,1.97,-42.1,0.44,1192014,-5960229,-19372052,-2831955,-449523,8092033,缩量,低,情绪退潮,观望,资金观望型,,D,回避：资金观望,0.1
002723,小崧股份,7.88,-5.3,0.44,-19.6,1.42,4638892,12209070,-17562438,-4544343,-4007876,3894263,缩量,低,情绪退潮,观望,趋势转多型,,D,回避：资金观望,0.5
002722,物产金轮,12.88,-57.3,0.47,-21.8,0.12,171512,-2807828,-2548268,-77401,-135252,918262,缩量,低,情绪退潮,观望,资金观望型,,D,回避：资金观望,0.0
002729,好利科技,13.58,-65.1,0.4,-18.7,-1.51,-3365891,-11328622,-34475594,-2917210,-3327709,4247088,缩量,低,情绪退潮,观望,资金撤退型,,D,回避：资金撤退,-0.5
002732,燕塘乳业,13.63,-37.4,1.42,13.1,-0.44,-454723,-395683,-294508,-495195,0,-1045112,缩量,低,情绪退潮,观望,资金观望型,,D,回避：资金观望,-0.1
002733,雄韬股份,18.12,-52.2,0.61,23.2,-1.92,-15657044,-23166154,-107544154,4739717,1311465,-7157825,缩量,低,情绪退潮,观望,资金撤退型,,D,回避：资金撤退,-0.6
002724,海洋王,7.27,320.2,0.76,-51.6,-4.97,-23709240,-60623241,-97108021,36213730,33246216,-33636774,放量,低,游资情绪,抢筹,资金撤退型,机构吸筹+盈利(关注),C,谨慎：资金流入未验证业绩,46.3
002734,利民股份,17.15,40.7,0.61,38.0,0.47,10001425,29082371,169352619,-6626981,-4832927,3780239,缩量,低,情绪退潮,观望,长线吸筹型,,D,回避：资金观望,0.2
002725,跃岭股份,11.12,-60.3,0.44,-11.1,0.31,653232,-3441721,-30405703,494724,504258,176421,缩量,低,情绪退潮,进场,资金观望型,资金+业绩共振(双击候选),B,关注：资金+业绩共振,72.1
002728,特一药业,9.18,-60.8,2.2,2.8,-1.82,-11957211,10043431,-39077565,-979442,5216394,-3486768,缩量,低,情绪退潮,吸筹,资金观望型,机构吸筹+盈利(关注),C,谨慎：资金流入未验证业绩,23.4
002730,电光科技,23.8,3.7,0.47,-10.0,-5.14,-44428669,-20552431,71799667,60435754,78477882,-25465496,缩量,低,情绪退潮,吸筹,高位分歧型,机构吸筹+盈利(关注),C,谨慎：资金流入未验证业绩,22.3
002737,葵花药业,11.25,-68.1,3.23,-48.5,-1.47,-2864676,8569669,43296662,253047,-516580,730245,缩量,低,情绪退潮,观望,高位分歧型,,D,回避：资金观望,-0.5
002736,国信证券,9.87,-32.3,0.64,-18.0,-1.91,-21340015,-97621260,-103667102,1309482,-5195070,-6902209,缩量,低,情绪退潮,观望,资金撤退型,,D,回避：资金撤退,-0.6
002742,冀衡医药,4.06,125.0,1.71,-39.0,-5.09,-31200268,-139938823,-369632072,-7639543,-6897392,8385015,放量,低,游资情绪,观望,资金撤退型,,D,回避：资金撤退,6.3
002735,王子新材,12.47,61.3,2.17,157.7,2.87,95454645,113318796,76449987,2020814,12669645,2981792,放量,低,游资情绪,进场,趋势转多型,纯资金炒作(亏损风险),C,谨慎：纯资金炒作,21.0
002739,儒意电影,8.49,-77.0,2.16,8.4,-5.95,-101408440,-98317261,-213602618,-7729749,-3732852,5787809,缩量,低,情绪退潮,观望,资金观望型,,D,回避：资金观望,-2.0
002745,木林森,12.38,-14.7,2.29,13.8,-1.14,-42565909,-54865368,-130898185,27018533,16442243,6220521,缩量,低,情绪退潮,观望,资金撤退型,,D,回避：资金撤退,-0.4
002746,仙坛股份,6.48,-16.1,1.69,14.5,-9.8,-74507892,-95097804,-77281777,3260759,10497,-9150831,缩量,低,情绪退潮,观望,资金观望型,,D,回避：资金观望,-3.3
002747,埃斯顿,29.17,-83.3,15.68,-47.5,-4.79,-144994546,-326864128,-1401335483,-4009607,-2218156,33629041,缩量,低,情绪退潮,观望,资金撤退型,,D,回避：资金撤退,-1.6
002741,光华科技,25.72,-4.8,2.79,0.9,0.57,20770012,-31685614,-306063165,102520299,64524220,-160520922,缩量,低,情绪退潮,进场,资金观望型,资金+业绩共振(双击候选),B,关注：资金+业绩共振,72.2
002748,世龙实业,12.04,0.1,1.63,-26.1,-6.44,-16571631,-15046610,-30277958,-4121003,-3444831,5742856,缩量,低,情绪退潮,观望,资金观望型,,D,回避：资金观望,-2.1
002752,昇兴股份,6.27,-22.2,0.25,32.9,-2.74,-12329988,-20039001,-5254908,501968,861139,-5135727,缩量,低,情绪退潮,观望,资金观望型,,D,回避：资金观望,-0.9
002749,国光股份,8.45,-64.5,0.63,-12.6,-7.65,-10202931,-8125122,-12431414,-906489,0,-86039,缩量,低,情绪退潮,观望,资金观望型,,D,回避：资金观望,-2.6
002755,奥赛康,11.32,-68.5,0.65,-55.4,-4.75,-17422170,-28449859,31416351,-5378381,-2932396,5071444,缩量,低,情绪退潮,观望,长线吸筹型,,D,回避：资金观望,-1.6
002756,永兴材料,40.82,-69.0,0.65,-46.9,0.13,1632759,-87893702,-310674195,-10970669,-6399614,33177359,缩量,低,情绪退潮,观望,资金观望型,,D,回避：资金观望,0.0
002758,浙农股份,8.57,33.5,0.69,-36.8,-2.74,-11394969,-37057871,13836584,-145740,-1324293,-1872633,缩量,低,情绪退潮,观望,长线吸筹型,,D,回避：资金观望,-0.9
002763,汇洁股份,7.19,-27.4,0.41,-20.6,-2.23,-3674636,-4353844,-6050980,-703197,882736,1838835,缩量,低,情绪退潮,观望,资金撤退型,,D,回避：资金撤退,-0.7
002761,浙江建投,7.16,-35.0,1.22,78.4,-6.16,-19704925,25668903,18250324,74401,2815578,522966,缩量,低,情绪退潮,观望,资金观望型,,D,回避：资金观望,-2.1
002753,永东股份,6.78,551.4,0.77,36.3,5.63,25666958,25124760,3480308,-1935264,836119,-19714189,放量,中,主力偏强放量,进场,资金观望型,资金+业绩共振(双击候选),B,关注：资金+业绩共振,89.9
002765,蓝黛科技,6.84,-53.7,0.99,-2.9,-1.81,-5253641,15719264,16535270,-6563877,-5866287,6949300,缩量,低,情绪退潮,观望,资金观望型,,D,回避：资金观望,-0.6
002757,南兴股份,17.85,3.9,0.52,62.0,-1.4,-22766367,-17251943,38429272,7988672,1927659,-488271,缩量,低,情绪退潮,吸筹,资金观望型,机构吸筹+盈利(关注),C,谨慎：资金流入未验证业绩,23.5
002767,先锋电子,17.3,-62.8,0.92,-9.1,-5.9,-10275993,-12946240,-15695114,320023,-119537,3118655,缩量,低,情绪退潮,观望,资金撤退型,,D,回避：资金撤退,-2.0
002762,金发拉比,9.71,112.0,0.68,11.6,2.76,13007267,5712025,-13148364,4046096,1433791,-438683,放量,低,游资情绪,吸筹,资金观望型,纯资金炒作(亏损风险),C,谨慎：纯资金炒作,12.9
002769,普路通,6.6,176.9,0.55,47.0,0.99,5697963,8961680,29345684,-9613441,-6945757,17380545,放量,低,游资情绪,观望,均衡流入型,,D,回避：资金观望,8.3
002771,真视通,13.72,0.6,0.16,20.1,-1.79,-13037406,-14206189,-8693333,-7570190,-6794281,-1927942,缩量,低,情绪退潮,观望,资金观望型,,D,回避：资金观望,-0.6
002772,众兴菌业,10.68,-38.3,0.59,-7.4,-8.85,-70639014,-38306897,-15562864,4140245,2395633,-8032624,缩量,低,情绪退潮,观望,资金观望型,,D,回避：资金观望,-2.9
002766,索菱股份,4.03,-43.3,1.04,13.7,0.16,464815,4857473,-25233927,2260367,-1869895,-1682808,缩量,低,情绪退潮,进场,趋势转多型,纯资金炒作(亏损风险),C,谨慎：纯资金炒作,12.1
002775,文科股份,3.27,-40.7,1.56,-4.4,0.75,1487951,-9045074,-15472056,-300261,-1277111,-1564875,缩量,低,情绪退潮,观望,资金观望型,,D,回避：资金观望,0.2
002777,久远银海,12.5,-60.4,1.03,-15.8,-2.13,-4797271,-6952339,-7699907,803256,1367145,900213,缩量,低,情绪退潮,观望,资金撤退型,,D,回避：资金撤退,-0.7
002779,中坚科技,79.3,-11.1,1.09,20.2,-4.78,-35818941,58540929,132352667,-10559548,-10033763,20832808,缩量,低,情绪退潮,观望,高位分歧型,,D,回避：资金观望,-1.6
002778,中晟高科,15.26,-28.2,0.59,110.9,-3.47,-6737027,-1057397,-7317067,-1309391,0,1596903,缩量,低,情绪退潮,观望,资金观望型,,D,回避：资金观望,-1.2
002768,国恩股份,64.4,-40.6,5.07,-35.1,8.52,162014607,98992331,319279986,-420893,4146414,10998309,缩量,中,主力惜售,进场,资金观望型,资金+业绩共振(双击候选),B,关注：资金+业绩共振,86.8
002782,可立克,14.98,-58.7,0.7,-14.3,-4.71,-21024705,-34311424,-51961507,-10424873,-7560968,9703842,缩量,低,情绪退潮,观望,资金撤退型,,D,回避：资金撤退,-1.6
002774,快意电梯,16.03,-14.3,1.23,-14.9,1.58,10631530,-8317697,-27782912,2887993,462202,6254717,缩量,低,情绪退潮,进场,资金观望型,资金+业绩共振(双击候选),B,关注：资金+业绩共振,72.5
002785,万里石,36.56,-28.9,1.03,-24.3,-1.02,-8408138,31856594,72980347,-14357510,-15511723,6291015,缩量,低,情绪退潮,观望,资金观望型,,D,回避：资金观望,-0.3
002786,银宝山新,7.4,-49.9,2.38,-21.1,-2.98,-7302974,-15520789,-30822706,628798,-734870,2536123,缩量,低,情绪退潮,观望,资金撤退型,,D,回避：资金撤退,-1.0
002791,坚朗五金,14.04,-67.6,0.99,-13.9,-4.57,-8534751,-8304303,-14637325,-3524698,-3442443,3704415,缩量,低,情绪退潮,观望,资金观望型,,D,回避：资金观望,-1.5
002788,鹭燕医药,10.78,-47.0,0.38,18.6,-2.22,-14031489,-3251725,-19179642,11450811,8770551,-12066455,缩量,低,情绪退潮,观望,资金观望型,,D,回避：资金观望,-0.7
002780,三夫户外,14.04,17.6,1.58,10.1,1.27,4410558,-8984327,-2007247,26295215,24715415,-23237634,缩量,低,情绪退潮,吸筹,资金观望型,资金+业绩共振(双击候选),B,关注：资金+业绩共振,64.4
002796,世嘉科技,29.58,-15.7,0.24,53.9,-1.0,-9791938,30907421,-34866229,-5899168,-8494934,14896048,缩量,低,情绪退潮,观望,资金观望型,,D,回避：资金观望,-0.3
002793,罗欣药业,4.47,-79.8,1.78,-64.1,-6.82,-24331035,-33248996,-15451530,-2385381,-316720,3510176,缩量,低,情绪退潮,观望,资金观望型,,D,回避：资金观望,-2.3
002783,凯龙股份,7.73,-34.3,0.49,-2.9,-4.57,-13330281,-27180130,-81883176,473375,712719,-213451,缩量,低,情绪退潮,吸筹,资金撤退型,机构吸筹+盈利(关注),C,谨慎：资金流入未验证业绩,22.5
002787,华源控股,25.4,37.0,0.99,102.8,-0.75,-14684289,233824029,211178789,134515728,166862542,-54110433,缩量,低,情绪退潮,吸筹,资金观望型,机构吸筹+盈利(关注),C,谨慎：资金流入未验证业绩,23.8
002790,瑞尔特,7.06,1952.2,0.62,522.7,-2.31,-39388021,-15535504,-19281669,-3873608,48593513,14831930,放量,低,游资情绪,抢筹,资金观望型,机构吸筹+盈利(关注),C,谨慎：资金流入未验证业绩,47.2
002797,第一创业,6.28,-44.4,0.33,-15.9,-6.26,-78344446,-128567481,-127658468,-12617227,-6334712,13888563,缩量,低,情绪退潮,观望,资金观望型,,D,回避：资金观望,-2.1
002798,帝欧水华,6.56,-5.3,0.41,66.7,-4.62,-15452114,8450926,9608103,-7885734,-7477582,5953236,缩量,低,情绪退潮,观望,资金观望型,,D,回避：资金观望,-1.5
002800,天顺股份,14.72,-26.2,0.48,-43.6,0.57,1079393,-6444241,7970594,-1214040,-545750,1290305,缩量,低,情绪退潮,观望,长线吸筹型,,D,回避：资金观望,0.2
002792,通宇通讯,30.66,7.1,0.22,29.8,-1.43,-52326194,360224586,10008476,20964177,17565590,-13814499,缩量,低,情绪退潮,吸筹,资金观望型,机构吸筹+盈利(关注),C,谨慎：资金流入未验证业绩,23.5
002795,永和智控,7.75,53.8,0.75,67.1,3.98,28574328,36625870,50256896,30280642,14510079,-21557087,放量,低,游资情绪,抢筹,均衡流入型,纯资金炒作(亏损风险),C,谨慎：纯资金炒作,29.3
002802,洪汇新材,11.84,-43.9,0.1,-41.9,-6.4,-7943408,-13411098,1518118,-1107223,0,1372379,缩量,低,情绪退潮,观望,长线吸筹型,,D,回避：资金观望,-2.1
002803,吉宏股份,19.61,-54.7,0.81,3.7,-1.96,-14920127,-60134303,453084,-12542733,-8366442,8040385,缩量,低,情绪退潮,观望,长线吸筹型,,D,回避：资金观望,-0.7
002805,丰元股份,17.04,-63.4,1.24,-36.9,-0.51,-3808653,-40173014,-104833751,3618437,526735,1903930,缩量,低,情绪退潮,观望,资金撤退型,,D,回避：资金撤退,-0.2
002799,环球印务,6.63,16.3,0.87,4.9,0.31,519314,-2469652,-1703605,513490,0,5035933,缩量,低,情绪退潮,进场,资金观望型,纯资金炒作(亏损风险),C,谨慎：纯资金炒作,12.1
002807,江阴银行,4.19,31.1,0.98,-5.9,1.23,12597650,-9257218,16098624,-303178,1213348,-2691104,缩量,低,情绪退潮,观望,资金观望型,,D,回避：资金观望,0.4
002809,红墙股份,8.17,-13.4,0.74,-41.6,-2.09,-4311630,-14432332,-10239136,-7188987,-500796,5216913,缩量,低,情绪退潮,观望,资金观望型,,D,回避：资金观望,-0.7
002811,郑中设计,14.78,178.0,0.85,19.1,-1.24,-7547060,-10597964,-8393110,6769585,815187,-12509222,放量,低,游资情绪,观望,资金观望型,,D,回避：资金观望,7.6
002810,山东赫达,20.8,-66.1,0.47,-24.2,-2.26,-8653548,-19541298,2080770,-4510317,-4207846,5396867,缩量,低,情绪退潮,观望,资金观望型,,D,回避：资金观望,-0.8
002801,微光股份,26.42,-62.6,0.96,15.4,4.73,4874288,20460574,13100152,89783,-263919,257572,缩量,低,情绪退潮,进场,趋势转多型,资金+业绩共振(双击候选),B,关注：资金+业绩共振,73.6
002812,恩捷股份,47.91,-41.8,0.53,-30.1,-0.53,-17876460,-337348462,-910608007,-84696066,-59605234,120488216,缩量,低,情绪退潮,观望,资金撤退型,,D,回避：资金撤退,-0.2
002813,路畅科技,20.92,-44.1,0.34,-5.3,-1.03,-1386499,-1480790,-5481737,-686092,-245676,-110173,缩量,低,情绪退潮,观望,资金撤退型,,D,回避：资金撤退,-0.3
002815,崇达技术,23.38,170.6,1.76,247.5,0.16,19175685,178836167,301948328,-48266942,-47166427,-45387751,放量,低,游资情绪,观望,均衡流入型,,D,回避：资金观望,8.1
002806,华锋股份,15.62,2.1,1.7,-9.4,-1.19,-5420717,-14847675,-28875774,55849447,67297233,-24393181,缩量,低,情绪退潮,吸筹,资金撤退型,纯资金炒作(亏损风险),C,谨慎：纯资金炒作,3.6
002817,黄山胶囊,6.41,-33.5,0.69,-11.7,-0.78,-1145562,2603286,10696804,1107096,0,-639141,缩量,低,情绪退潮,观望,高位分歧型,,D,回避：资金观望,-0.3
002819,东方中科,21.4,8.4,0.98,-2.8,1.28,6459465,-279700,-34678761,-408339,431263,6127753,缩量,低,情绪退潮,观望,资金观望型,,D,回避：资金观望,0.4
002820,桂发祥,9.47,-1.4,1.38,-55.7,-7.3,-26896128,-48317580,-152908361,-471689,1332518,-3583766,缩量,低,情绪退潮,观望,资金撤退型,,D,回避：资金撤退,-2.4
002823,凯中精密,12.58,-66.7,1.5,-18.4,-6.3,-11657529,-17742177,-73939696,-4320036,-5399038,3925058,缩量,低,情绪退潮,观望,资金撤退型,,D,回避：资金撤退,-2.1
002818,富森美,11.41,38.6,1.79,17.5,8.28,22775648,33006393,30818965,-5094203,-8108671,889217,缩量,中,主力惜售,进场,短线抢筹型,资金+业绩共振(双击候选),B,关注：资金+业绩共振,86.8
002824,和胜股份,28.09,32.8,0.49,9.8,-6.77,-155996823,-85781312,86276456,49528426,60107257,20341353,缩量,低,情绪退潮,观望,高位分歧型,,D,回避：资金观望,-2.3
002826,易明医药,17.06,-42.8,1.1,-7.6,-5.2,-13540135,-6448946,-29740257,-739755,435084,3678059,缩量,低,情绪退潮,观望,资金观望型,,D,回避：资金观望,-1.7
002825,纳尔股份,9.58,160.3,0.24,41.9,-5.04,-11769667,34810675,34370623,-14796944,-7951681,10347006,放量,低,游资情绪,观望,资金观望型,,D,回避：资金观望,6.3
002827,高争民爆,64.34,72.9,4.44,5.8,-0.93,-25709510,278115891,471778174,378958,2204372,5707320,放量,低,游资情绪,观望,高位分歧型,,D,回避：资金观望,7.7
002821,凯莱英,182.48,-13.4,3.22,-38.5,-0.83,-63312354,337000030,705612399,39685571,54800930,-28254430,缩量,低,情绪退潮,吸筹,高位分歧型,机构吸筹+盈利(关注),C,谨慎：资金流入未验证业绩,23.7
002832,比音勒芬,25.0,-61.6,1.69,-22.2,-4.6,-29800589,-12471838,-24339965,-9474731,-8659916,10856578,缩量,低,情绪退潮,观望,资金观望型,,D,回避：资金观望,-1.5
002828,贝肯能源,10.45,-74.6,0.91,-16.6,-5.2,-34094375,-39987763,-39618621,-5190339,-915872,2951394,缩量,低,情绪退潮,观望,资金观望型,,D,回避：资金观望,-1.7
002830,名雕股份,14.27,-71.4,1.51,-22.2,-8.19,-15943130,-12617669,16627182,-2266223,-136881,3060271,缩量,低,情绪退潮,观望,长线吸筹型,,D,回避：资金观望,-2.7
002831,裕同科技,28.46,-57.6,0.94,19.8,-5.49,-67265613,-42346509,-73606684,10640240,11005425,4089344,缩量,低,情绪退潮,观望,资金观望型,,D,回避：资金观望,-1.8
002833,弘亚数控,17.66,-74.5,1.86,-36.4,-2.93,-7094030,-11331248,-33502161,-2189454,-1205966,-5092,缩量,低,情绪退潮,观望,资金撤退型,,D,回避：资金撤退,-1.0
002835,同为股份,12.61,6.7,1.22,-12.4,0.54,856600,781053,-3794889,-162702,634266,2355110,缩量,低,情绪退潮,观望,资金观望型,,D,回避：资金观望,0.2
002829,星网宇达,19.92,-57.0,2.16,-9.7,0.94,5206434,-27337543,-28915275,6599866,990230,-8187601,缩量,低,情绪退潮,进场,资金观望型,纯资金炒作(亏损风险),C,谨慎：纯资金炒作,12.3
002837,英维克,62.03,-40.1,0.43,-32.7,-4.09,-397535838,-1403253480,243569224,117779979,98023071,-127186315,缩量,低,情绪退潮,观望,长线吸筹型,,D,回避：资金观望,-1.4
002838,道恩股份,25.25,-41.5,1.65,-34.5,-1.29,-7582704,4962776,27044223,-1624993,-174650,13979049,缩量,低,情绪退潮,观望,资金观望型,,D,回避：资金观望,-0.4
002840,华统股份,8.1,-19.2,0.34,19.3,-2.29,-14941610,-20971168,-95838190,2236622,-2810205,-9313710,缩量,低,情绪退潮,观望,资金撤退型,,D,回避：资金撤退,-0.8
002842,翔鹭钨业,35.95,22.7,0.89,-30.8,4.4,250676275,123343397,-104735813,-185674540,-157091340,140548292,缩量,低,情绪退潮,观望,资金观望型,,D,回避：资金观望,1.5
002841,视源股份,47.54,-64.8,2.94,-18.1,-4.11,-47809989,-250038,12905074,15102152,6372131,-22716146,缩量,低,情绪退潮,观望,资金观望型,,D,回避：资金观望,-1.4
002836,新宏泽,9.85,60.7,0.71,25.6,0.83,1491733,7163393,1012998,-1334374,1224597,-210528,放量,低,游资情绪,抢筹,趋势转多型,资金+业绩共振(双击候选),B,关注：资金+业绩共振,88.3
002843,泰嘉股份,16.35,-59.2,0.38,-29.3,-0.29,-1740075,445042,15717221,1180824,1687340,6503235,缩量,低,情绪退潮,观望,资金观望型,,D,回避：资金观望,-0.1
002848,高斯贝尔,15.09,425.2,0.66,274.4,2.54,60280840,47111028,41079399,-11078439,-6680748,7684978,放量,低,游资情绪,观望,资金观望型,,D,回避：资金观望,8.8
002847,盐津铺子,42.94,-51.2,1.27,-15.5,-8.47,-43259262,-22915824,-10033758,-362054,-1065171,2661186,缩量,低,情绪退潮,观望,资金观望型,,D,回避：资金观望,-2.8
002850,科达利,167.93,-46.5,1.06,13.4,-0.79,-24760558,-79705246,-335159042,-29875837,-31036523,32828736,缩量,低,情绪退潮,观望,资金撤退型,,D,回避：资金撤退,-0.3
002851,麦格米特,121.64,-38.1,1.96,4.7,-1.49,-226636318,418222290,948376025,77572855,95637801,164669319,缩量,低,情绪退潮,观望,资金观望型,,D,回避：资金观望,-0.5
002839,张家港行,4.33,26.1,0.94,4.7,4.44,33301725,64790843,43062709,13154817,3608622,-14531582,缩量,低,情绪退潮,进场,趋势转多型,资金+业绩共振(双击候选),B,关注：资金+业绩共振,73.5
002852,道道全,8.03,162.4,0.64,7.4,-5.71,-35969041,7696403,23415305,2847359,2573574,43699,放量,低,游资情绪,观望,资金观望型,,D,回避：资金观望,6.1
002846,英联股份,12.75,261.9,0.22,78.6,6.96,38526877,47420541,53224298,6398330,12818960,-1289800,放量,中,主力偏强放量,抢筹,均衡流入型,资金+业绩共振(双击候选),B,关注：资金+业绩共振,98.3
002849,威星智能,18.0,-2.5,0.97,15.2,2.03,10121872,-23886363,-84756294,8847158,5828150,-1224181,缩量,低,情绪退潮,吸筹,资金观望型,资金+业绩共振(双击候选),B,关注：资金+业绩共振,64.7
002858,力盛体育,11.27,-39.9,0.73,55.3,-7.56,-16969236,-19009607,-22423030,2034887,549789,-1244892,缩量,低,情绪退潮,观望,资金撤退型,,D,回避：资金撤退,-2.5
002855,捷荣技术,12.36,477.5,0.95,98.0,-2.07,-30123789,15365081,78210131,-22341359,-13076048,31804504,放量,低,游资情绪,观望,资金观望型,,D,回避：资金观望,7.3
002857,三晖电气,17.31,-52.8,0.9,-31.3,-3.02,-5523346,-15149512,1791892,-1378567,10010,2787023,缩量,低,情绪退潮,观望,长线吸筹型,,D,回避：资金观望,-1.0
002860,星帅尔,16.33,-47.9,1.26,-29.3,-3.45,-31039525,-59462359,5959655,6348744,-3375401,192958,缩量,低,情绪退潮,观望,长线吸筹型,,D,回避：资金观望,-1.2
002861,瀛通通讯,14.3,-62.2,2.65,-0.6,-7.56,-24296068,-26060186,-75177962,-1827796,-2963535,5670261,缩量,低,情绪退潮,观望,资金撤退型,,D,回避：资金撤退,-2.5
002864,盘龙药业,20.26,-70.0,1.2,-40.3,-6.08,-11996247,-18405580,-52502038,-965094,502944,-737602,缩量,低,情绪退潮,观望,资金撤退型,,D,回避：资金撤退,-2.0
002853,皮阿诺,21.55,-57.0,0.41,-67.9,8.37,10149811,6175715,34017476,461936,1150478,-1621915,缩量,中,主力惜售,进场,资金观望型,纯资金炒作(亏损风险),C,谨慎：纯资金炒作,26.8
002862,实丰文化,14.92,145.0,0.94,68.7,-3.43,-18760798,23198402,70779832,-3830335,-3290743,9122057,放量,低,游资情绪,观望,高位分歧型,,D,回避：资金观望,6.9
002865,钧达股份,37.54,-58.0,0.34,-23.5,-2.33,-22437739,-10514946,-122265432,3976114,-830942,-1638402,缩量,低,情绪退潮,观望,资金观望型,,D,回避：资金观望,-0.8
002866,传艺科技,14.63,-57.6,0.13,-12.3,0.9,3379237,-8775009,-46591017,-700977,520896,2536343,缩量,低,情绪退潮,观望,资金观望型,,D,回避：资金观望,0.3
002867,周大生,10.4,-34.6,1.03,-51.2,-14.68,-52352745,-66883584,-25533799,-1174934,1011510,7997856,缩量,低,情绪退潮,观望,长线吸筹型,,D,回避：资金观望,-4.9
002859,洁美科技,67.85,-30.9,2.55,-7.1,3.12,198837649,665407,-352659084,92767555,46020351,-63042418,缩量,低,情绪退潮,进场,资金观望型,资金+业绩共振(双击候选),B,关注：资金+业绩共振,73.0
002868,绿康生化,22.75,-3.2,1.8,329.9,-8.42,-35695020,66553534,69973573,-3269458,-3682898,3080755,缩量,低,情绪退潮,观望,资金观望型,,D,回避：资金观望,-2.8
002863,今飞凯达,4.68,-32.5,0.93,-30.6,2.97,6733549,1926433,-33774848,396322,-694500,-1964237,缩量,低,情绪退潮,进场,资金观望型,资金+业绩共振(双击候选),B,关注：资金+业绩共振,73.0
002869,金溢科技,15.37,-46.4,0.62,-13.7,-2.61,-3190388,-5766629,-2001425,-313664,355920,1727017,缩量,低,情绪退潮,观望,资金观望型,,D,回避：资金观望,-0.9
002875,安奈儿,12.78,-47.7,0.22,-6.6,0.75,2183538,-9633370,12178637,-1987434,-768288,3946257,缩量,低,情绪退潮,观望,资金观望型,,D,回避：资金观望,0.2
002876,三利谱,31.67,-14.2,1.02,39.0,-1.28,-14504588,-10227178,-2755523,-7089984,-948578,24297450,缩量,低,情绪退潮,观望,资金观望型,,D,回避：资金观望,-0.4
002878,元隆雅图,12.3,-56.6,0.41,-6.5,-3.8,-8080894,-12506280,-19670603,-1067740,-695305,1965084,缩量,低,情绪退潮,观望,资金撤退型,,D,回避：资金撤退,-1.3
002879,长缆科技,16.44,-68.9,1.41,12.8,1.7,7791134,22737672,26921845,-11798901,-5923948,15700551,缩量,低,情绪退潮,观望,均衡流入型,,D,回避：资金观望,0.6
002880,卫光生物,20.64,0.1,0.81,-55.5,-5.23,-10475919,-25319268,44608224,3384437,2193446,-3536938,缩量,低,情绪退潮,观望,长线吸筹型,,D,回避：资金观望,-1.7
002873,新天药业,7.98,-54.0,0.77,-42.5,1.03,1906565,-4779788,-6575145,1323199,0,-823737,缩量,低,情绪退潮,进场,资金观望型,资金+业绩共振(双击候选),B,关注：资金+业绩共振,72.3
002870,香山股份,48.18,199.0,1.69,-24.8,2.51,37970597,-11071096,-31955641,12284264,-1713724,-7081687,放量,低,游资情绪,进场,资金观望型,资金+业绩共振(双击候选),B,关注：资金+业绩共振,80.8
002881,美格智能,40.91,-19.8,2.86,30.8,-8.31,-169261017,49476301,156071274,-2462787,4791589,4017563,缩量,低,情绪退潮,观望,资金观望型,,D,回避：资金观望,-2.8
002871,伟隆股份,17.57,-70.9,2.15,5.6,-8.25,-27063120,-47376793,-43507011,999362,2447305,-1701368,缩量,低,情绪退潮,吸筹,资金观望型,机构吸筹+盈利(关注),C,谨慎：资金流入未验证业绩,21.2
002885,京泉华,27.85,-26.2,0.67,98.3,2.76,73780355,224070427,118963720,-38591296,-28865900,52798479,缩量,低,情绪退潮,观望,趋势转多型,,D,回避：资金观望,0.9
002887,绿茵生态,8.91,-62.5,0.48,-35.7,-3.91,-5496444,-13033602,-16910990,-1922301,-212039,1272639,缩量,低,情绪退潮,观望,资金撤退型,,D,回避：资金撤退,-1.3
002888,惠威科技,18.8,-35.3,1.93,56.2,1.94,5844571,-17626771,-8800084,-629732,243970,1055579,缩量,低,情绪退潮,观望,资金观望型,,D,回避：资金观望,0.6
002877,智能自控,7.31,-15.7,0.73,0.9,3.15,4688589,13932977,7333765,3223876,3472718,-1687597,缩量,低,情绪退潮,吸筹,趋势转多型,资金+业绩共振(双击候选),B,关注：资金+业绩共振,65.0
002889,东方嘉盛,11.73,-75.4,3.34,-46.3,-3.47,-3532006,-12271093,-10086706,335975,0,-873459,缩量,低,情绪退潮,观望,资金观望型,,D,回避：资金观望,-1.2
002882,金龙羽,23.72,409.6,0.48,13.8,2.95,52896481,82696141,341234602,29195473,12516481,-48823214,放量,低,游资情绪,进场,均衡流入型,资金+业绩共振(双击候选),B,关注：资金+业绩共振,81.0
002884,凌霄泵业,15.46,-54.1,0.57,-29.3,-4.46,-5633374,-3135863,-10190200,1444012,2079850,-598848,缩量,低,情绪退潮,吸筹,资金观望型,机构吸筹+盈利(关注),C,谨慎：资金流入未验证业绩,22.5
002890,弘宇股份,14.16,-32.3,0.83,2.7,-3.89,-4802922,-309786,4395065,-488621,0,3504974,缩量,低,情绪退潮,观望,资金观望型,,D,回避：资金观望,-1.3
002886,沃特股份,26.89,325.8,1.66,60.8,5.76,356675595,202422598,630329899,18677626,-3486866,37504476,放量,中,主力偏强放量,进场,资金观望型,资金+业绩共振(双击候选),B,关注：资金+业绩共振,89.9
002891,中宠股份,27.53,-69.6,0.6,20.9,-7.56,-53975600,-35770536,-113836524,-1630515,-1562542,10125122,缩量,低,情绪退潮,观望,资金观望型,,D,回避：资金观望,-2.5
002899,英派斯,19.91,23.4,0.52,23.9,4.39,18963745,14568254,398145,-4927256,-1076516,3483459,缩量,低,情绪退潮,观望,资金观望型,,D,回避：资金观望,1.5
002893,京能热力,10.12,79.0,0.54,147.5,-1.29,-14240708,65486648,48877063,-12020888,-622380,17066929,放量,低,游资情绪,观望,资金观望型,,D,回避：资金观望,7.6
002895,川恒股份,30.96,-51.6,0.72,-31.9,-3.14,-22510930,-10092728,-68550437,4301070,-3187123,-10031204,缩量,低,情绪退潮,观望,资金观望型,,D,回避：资金观望,-1.0
002892,科力尔,8.59,-64.2,1.29,6.7,-1.69,-3259300,-7747993,-24561172,-1893425,-1434043,3761843,缩量,低,情绪退潮,观望,资金撤退型,,D,回避：资金撤退,-0.6
002896,中大力德,60.41,-74.5,2.42,-46.4,-4.93,-59654230,-137301134,-443755610,-19141123,-7766978,27002980,缩量,低,情绪退潮,观望,资金撤退型,,D,回避：资金撤退,-1.6
002900,哈三联,11.54,-64.1,3.14,-79.7,-3.54,-13348413,-38468954,-18687335,515297,598117,6557666,缩量,低,情绪退潮,观望,资金观望型,,D,回避：资金观望,-1.2
002901,大博医疗,38.68,-70.5,1.91,-62.9,-8.07,-13559853,-25220569,-56500753,-1919667,-2221422,2887321,缩量,低,情绪退潮,观望,资金撤退型,,D,回避：资金撤退,-2.7
002906,华阳集团,27.04,-45.5,0.66,-52.2,-9.66,-63453024,-49847035,-100819169,-4849072,-2917098,9964058,缩量,低,情绪退潮,观望,资金观望型,,D,回避：资金观望,-3.2
002897,意华股份,71.77,37.0,1.38,179.0,7.19,583617379,913578542,862010464,-118757854,-128422804,87385847,缩量,中,主力惜售,进场,短线抢筹型,资金+业绩共振(双击候选),B,关注：资金+业绩共振,86.4
002907,华森制药,13.26,-44.5,2.34,-66.1,-8.08,-45917033,-63077418,-91599703,-4308973,-3023557,7064996,缩量,低,情绪退潮,观望,资金撤退型,,D,回避：资金撤退,-2.7
002908,德生科技,6.85,-52.2,1.1,-24.8,-1.61,-2167778,-6203086,-13184227,313658,-175440,-1161801,缩量,低,情绪退潮,观望,资金撤退型,,D,回避：资金撤退,-0.5
002905,金逸影视,8.33,-7.4,0.54,6.1,-1.85,-5827741,-9182847,-9758516,-24079,0,-429463,缩量,低,情绪退潮,观望,资金撤退型,,D,回避：资金撤退,-0.6
002909,集泰股份,6.51,979.3,0.62,684.7,-4.4,-122124941,-101544015,-35703691,-44591737,-29183406,54575936,放量,低,游资情绪,观望,资金观望型,,D,回避：资金观望,6.5
002910,庄园牧场,9.68,-72.9,7.15,75.1,-1.27,-7247799,-8266763,-14039057,-827633,-2249681,-485165,缩量,低,情绪退潮,观望,资金撤退型,,D,回避：资金撤退,-0.4
002912,中新赛克,25.61,653.1,0.6,324.9,-0.66,-12845437,-21226041,-36524209,-78672234,-98055552,41343764,放量,低,游资情绪,观望,资金撤退型,,D,回避：资金撤退,7.8
002915,中欣氟材,17.26,-54.5,2.51,-7.6,1.43,10923483,-27639145,45319723,-3545116,477830,12845934,缩量,低,情绪退潮,观望,长线吸筹型,,D,回避：资金观望,0.5
002911,佛燃能源,11.37,-45.0,0.92,1.9,-0.93,-2843323,249116,1834319,1693085,1406265,188426,缩量,低,情绪退潮,观望,资金观望型,,D,回避：资金观望,-0.3
002903,宇环数控,28.95,33.5,1.0,-49.6,-3.5,-46210677,-52864737,105785506,86551586,88407792,-39415834,缩量,低,情绪退潮,吸筹,长线吸筹型,纯资金炒作(亏损风险),C,谨慎：纯资金炒作,2.8
002902,铭普光磁,29.79,102.3,0.4,72.2,6.25,320679252,368328289,523308792,58114807,26392017,-108800775,放量,中,主力偏强放量,进场,均衡流入型,纯资金炒作(亏损风险),C,谨慎：纯资金炒作,30.1
002913,奥士康,83.11,142.0,1.02,161.7,-1.42,-74179979,-20296240,7785303,5052118,13951741,4872408,放量,低,游资情绪,观望,资金观望型,,D,回避：资金观望,7.5
002917,金奥博,10.07,-26.4,0.53,11.1,-3.54,-5671967,-6443570,-27585829,-217531,1217216,2164305,缩量,低,情绪退潮,观望,资金撤退型,,D,回避：资金撤退,-1.2
002916,深南电路,392.5,-44.2,1.51,15.9,4.02,633284595,1224831114,956476554,-55310397,15123186,6024898,缩量,低,情绪退潮,观望,趋势转多型,,D,回避：资金观望,1.3
002919,名臣健康,16.47,-63.6,1.46,9.2,-2.17,-4933274,4728799,-24659601,-1545911,-1342088,4054492,缩量,低,情绪退潮,观望,资金观望型,,D,回避：资金观望,-0.7
002920,德赛西威,81.57,-43.7,0.88,-16.6,-6.74,-133322344,-229312652,-117331952,-36077018,-13631652,28475854,缩量,低,情绪退潮,观望,资金观望型,,D,回避：资金观望,-2.2
002921,联诚精密,20.15,-76.2,1.03,-21.3,-1.79,-6249379,-38476213,515011,4108800,3999073,1328743,缩量,低,情绪退潮,观望,长线吸筹型,,D,回避：资金观望,-0.6
002923,润都股份,10.77,-74.4,1.3,-39.5,-1.01,-2371671,-2032430,-12767399,-860310,876940,2384189,缩量,低,情绪退潮,观望,资金观望型,,D,回避：资金观望,-0.3
002922,伊戈尔,22.91,-54.5,0.64,37.3,-3.11,-46509010,25675575,-89312385,-14816523,-9320958,20879540,缩量,低,情绪退潮,观望,资金观望型,,D,回避：资金观望,-1.0
002918,蒙娜丽莎,11.14,98.9,1.82,-2.7,5.49,87186427,42176708,132576281,1006308,-269207,2778551,放量,中,主力偏强放量,进场,资金观望型,资金+业绩共振(双击候选),B,关注：资金+业绩共振,89.8
002925,盈趣科技,24.66,-12.2,2.11,19.6,-0.83,-18128659,-2726320,-82957722,-650381,-14119275,1046689,缩量,低,情绪退潮,观望,资金观望型,,D,回避：资金观望,-0.3
002926,华西证券,8.22,-43.5,1.13,-27.4,2.56,14419309,3638122,12474134,-5090477,-2749385,2938812,缩量,低,情绪退潮,观望,资金观望型,,D,回避：资金观望,0.9
002930,宏川智慧,9.03,-64.9,1.21,-8.9,-0.35,-1099713,-15269782,-19358190,-2214727,-1366723,1472353,缩量,低,情绪退潮,观望,资金撤退型,,D,回避：资金撤退,-0.1
002928,华夏航空,6.26,-56.8,1.37,18.4,-2.97,-20385030,-67949050,-82493220,-1583992,-4738181,842808,缩量,低,情绪退潮,观望,资金撤退型,,D,回避：资金撤退,-1.0
002931,锋龙股份,40.98,-80.2,1.5,-23.4,-8.7,-71807608,-108202582,-206693320,-20793236,-17853533,28075974,缩量,低,情绪退潮,观望,资金撤退型,,D,回避：资金撤退,-2.9
002935,天奥电子,16.19,-28.2,0.44,-16.8,-4.1,-13013021,-17638495,-39818908,6481283,1358021,-6180974,缩量,低,情绪退潮,观望,资金撤退型,,D,回避：资金撤退,-1.4
002927,泰永长征,18.16,55.4,1.04,63.0,2.49,19446607,24738543,-13644626,16780257,5768040,-19822635,放量,低,游资情绪,进场,趋势转多型,纯资金炒作(亏损风险),C,谨慎：纯资金炒作,20.8
002937,兴瑞科技,26.91,-67.6,2.04,-9.3,-7.93,-59760206,-109175181,32408463,-26215024,-24534520,24574113,缩量,低,情绪退潮,观望,长线吸筹型,,D,回避：资金观望,-2.6
002936,郑州银行,1.75,30.7,1.92,6.0,3.17,31646989,15971169,1947493,15328342,7800656,-17227565,缩量,低,情绪退潮,进场,资金观望型,资金+业绩共振(双击候选),B,关注：资金+业绩共振,73.1
002929,润建股份,50.3,-72.5,0.93,-33.1,-6.28,-104886044,-138425491,-329522458,24917334,18994660,-1781860,缩量,低,情绪退潮,吸筹,资金撤退型,机构吸筹+盈利(关注),C,谨慎：资金流入未验证业绩,21.9
002941,新疆交建,10.57,-42.8,0.65,-37.8,-5.56,-21302203,-48462131,-28030106,1847888,70620,-872255,缩量,低,情绪退潮,观望,资金观望型,,D,回避：资金观望,-1.9
002933,新兴装备,26.71,-10.1,0.61,19.8,-0.34,-646230,-19922448,-29409770,-124877,2257924,-1935648,缩量,低,情绪退潮,吸筹,资金撤退型,机构吸筹+盈利(关注),C,谨慎：资金流入未验证业绩,23.9
002940,昂利康,22.73,-78.5,0.28,12.9,-6.45,-51664509,177755352,336199682,-2988883,-1300089,-3921421,缩量,低,情绪退潮,观望,高位分歧型,,D,回避：资金观望,-2.1
002939,长城证券,7.86,-57.0,1.57,-15.0,-6.87,-45187159,-87314161,-103117108,211160,6862754,7346128,缩量,低,情绪退潮,观望,资金撤退型,,D,回避：资金撤退,-2.3
002942,新农股份,16.24,191.3,0.69,-14.3,-10.54,-63214757,-68931550,-149394788,-975454,-1363404,1349239,放量,低,游资情绪,观望,资金撤退型,,D,回避：资金撤退,4.5
002943,宇晶股份,29.71,-56.7,0.52,-32.0,-0.56,-6009419,-90480700,-40116418,5885473,6158795,12793078,缩量,低,情绪退潮,观望,资金观望型,,D,回避：资金观望,-0.2
002938,鹏鼎控股,89.8,-59.2,1.07,14.0,0.16,17022247,-51746161,652297238,336350,2496626,22121085,缩量,低,情绪退潮,进场,长线吸筹型,资金+业绩共振(双击候选),B,关注：资金+业绩共振,72.1
002946,新乳业,14.35,-58.2,1.86,-31.1,-3.02,-9890620,1486996,-2472886,-3228384,-843941,2931730,缩量,低,情绪退潮,观望,资金观望型,,D,回避：资金观望,-1.0
002948,青岛银行,6.04,29.1,0.81,-2.6,-5.17,-62811575,-173930695,-162685123,14918309,9056519,-17012713,缩量,低,情绪退潮,观望,资金观望型,,D,回避：资金观望,-1.7
002947,恒铭达,62.13,-37.0,0.5,-19.3,-1.02,-19348927,98012544,462138366,-31071103,-39209839,6116396,缩量,低,情绪退潮,观望,高位分歧型,,D,回避：资金观望,-0.3
002949,华阳国际,12.1,120.6,0.43,-36.0,-4.02,-21293244,2464485,127910519,1756752,1720778,4075392,放量,低,游资情绪,观望,高位分歧型,,D,回避：资金观望,6.7
002950,奥美医疗,8.41,-62.0,0.24,-25.0,-2.7,-5716800,-20444992,-40323325,371675,468267,-1911373,缩量,低,情绪退潮,观望,资金撤退型,,D,回避：资金撤退,-0.9
002951,金时科技,15.68,-77.0,0.81,-36.4,-2.77,-5953978,-2017609,-28953585,11435,558705,-616916,缩量,低,情绪退潮,观望,资金观望型,,D,回避：资金观望,-0.9
002945,华林证券,14.02,-29.8,1.24,-4.1,-5.25,-50881804,-137962158,168968556,2482938,7662383,-5706985,缩量,低,情绪退潮,吸筹,长线吸筹型,机构吸筹+盈利(关注),C,谨慎：资金流入未验证业绩,22.2
002952,亚世光电,18.75,7.2,0.25,28.5,-1.69,-7817324,-9643064,46520176,557637,-2719768,-251324,缩量,低,情绪退潮,观望,长线吸筹型,,D,回避：资金观望,-0.6
002960,青鸟智控,8.27,-60.3,0.54,5.7,1.14,2609388,-11279536,-34631117,-945401,42264,3334964,缩量,低,情绪退潮,观望,资金观望型,,D,回避：资金观望,0.4
002959,小熊电器,31.51,-58.2,0.62,-12.3,-2.77,-2038905,-4271473,-14789616,-20859,0,728307,缩量,低,情绪退潮,观望,资金撤退型,,D,回避：资金撤退,-0.9
002962,五方光电,13.43,-63.8,0.5,14.7,-0.79,-3844141,-2481744,-29420052,1678566,195418,-5369392,缩量,低,情绪退潮,观望,资金观望型,,D,回避：资金观望,-0.3
002953,日丰股份,10.54,90.8,1.14,-28.5,4.67,46271366,7664434,100711784,10217104,3438649,-7135443,放量,低,游资情绪,进场,资金观望型,资金+业绩共振(双击候选),B,关注：资金+业绩共振,81.6
002965,祥鑫科技,27.85,-73.1,6.63,-17.9,-6.48,-71211332,-135075201,-378864584,-9998030,-17976539,14043065,缩量,低,情绪退潮,观望,资金撤退型,,D,回避：资金撤退,-2.2
002956,西麦食品,16.74,28.5,2.48,17.8,-2.82,-10008881,-12002501,-15095074,35333327,32937835,-26524572,缩量,低,情绪退潮,吸筹,资金撤退型,机构吸筹+盈利(关注),C,谨慎：资金流入未验证业绩,23.1
002955,鸿合科技,35.9,-37.3,3.76,41.3,0.69,8378313,53266565,49971486,10241761,9224187,-13780431,缩量,低,情绪退潮,进场,趋势转多型,资金+业绩共振(双击候选),B,关注：资金+业绩共振,72.2
002958,青农商行,2.97,1.1,1.15,6.5,-1.83,-25406831,-20886960,-6698517,3442613,2989114,-2368848,缩量,低,情绪退潮,吸筹,资金观望型,机构吸筹+盈利(关注),C,谨慎：资金流入未验证业绩,23.4
002966,苏州银行,9.05,-6.1,1.93,19.1,-1.67,-30773505,-161550693,-77726237,6864876,8123698,-26043761,缩量,低,情绪退潮,观望,资金观望型,,D,回避：资金观望,-0.6
002957,科瑞技术,42.65,-5.3,0.51,-8.5,-2.32,-62811777,-5592421,-210335598,176085715,159953585,-82386328,缩量,低,情绪退潮,吸筹,资金观望型,机构吸筹+盈利(关注),C,谨慎：资金流入未验证业绩,23.2
002967,广电计量,17.09,-58.8,0.36,2.2,-3.27,-9823696,-8024975,-32847860,-293810,-1211349,2375630,缩量,低,情绪退潮,观望,资金观望型,,D,回避：资金观望,-1.1
002968,新大正,9.06,-24.0,0.87,-31.2,-0.99,-1497813,-3896335,269654,-167607,749081,559984,缩量,低,情绪退潮,观望,资金观望型,,D,回避：资金观望,-0.3
002970,锐明技术,43.61,-44.2,0.49,79.3,-7.03,-52235494,11079965,-36385567,-8208236,-12130891,575102,缩量,低,情绪退潮,观望,资金观望型,,D,回避：资金观望,-2.3
002969,嘉美包装,11.37,-61.7,0.4,69.7,-7.88,-108113695,163068803,-3310831,-2763723,-9650030,-7723231,缩量,低,情绪退潮,观望,资金观望型,,D,回避：资金观望,-2.6
002963,豪尔赛,20.71,5.6,1.09,-31.5,-0.72,-4076776,126965676,138390612,26454180,26716172,-15728232,缩量,低,情绪退潮,吸筹,资金观望型,纯资金炒作(亏损风险),C,谨慎：纯资金炒作,3.8
002961,瑞达期货,20.97,208.1,0.5,-11.2,-1.85,-18216799,-20078320,16967967,101787892,108790296,-49199398,放量,低,游资情绪,抢筹,资金观望型,机构吸筹+盈利(关注),C,谨慎：资金流入未验证业绩,47.4
002972,科安达,13.23,-42.8,1.62,93.6,4.57,20639424,63089569,57939148,-8032082,-2329693,3448204,缩量,低,情绪退潮,观望,趋势转多型,,D,回避：资金观望,1.5
002979,雷赛智能,52.86,-79.0,4.0,-46.4,-5.3,-64837420,-205055074,-366564633,-2025990,3550315,3079971,缩量,低,情绪退潮,观望,资金撤退型,,D,回避：资金撤退,-1.8
002978,安宁股份,24.74,-41.7,0.67,-20.4,2.19,6478094,972976,-15208195,-6082323,-7263965,6415982,缩量,低,情绪退潮,观望,资金观望型,,D,回避：资金观望,0.7
002980,华盛昌,119.54,23.9,0.58,54.9,-9.81,-620209374,112551480,387859546,79192916,54734158,-122747771,缩量,低,情绪退潮,观望,资金观望型,,D,回避：资金观望,-3.3
002982,湘佳股份,12.13,-28.2,0.31,56.9,-4.18,-11618264,-8321107,-20109931,17113,-725233,-3604173,缩量,低,情绪退潮,观望,资金观望型,,D,回避：资金观望,-1.4
002985,北摩高科,28.09,-47.7,0.28,59.0,-2.93,-17046135,4534582,10738993,3594316,1820519,-3234191,缩量,低,情绪退潮,观望,资金观望型,,D,回避：资金观望,-1.0
002987,京北方,10.73,-48.1,1.59,-39.3,-4.74,-26864467,-77741739,-51439202,-3868814,-436889,1741915,缩量,低,情绪退潮,观望,资金观望型,,D,回避：资金观望,-1.6
002975,博杰股份,105.42,15.3,0.75,-36.6,-0.34,-16322188,-15991602,464289055,47008118,46959380,-29708613,缩量,低,情绪退潮,吸筹,长线吸筹型,机构吸筹+盈利(关注),C,谨慎：资金流入未验证业绩,23.9
002971,和远气体,39.9,-43.3,5.14,-19.1,0.28,6451950,-7716064,257192144,17376874,-3314623,-22644509,缩量,低,情绪退潮,进场,长线吸筹型,资金+业绩共振(双击候选),B,关注：资金+业绩共振,72.1
002976,瑞玛精密,26.3,84.9,3.77,59.3,5.3,81749362,61601212,63722965,18994197,26360291,-16042909,放量,中,主力偏强放量,抢筹,资金观望型,资金+业绩共振(双击候选),B,关注：资金+业绩共振,97.8
002973,侨银股份,13.3,146.1,1.22,19.3,-0.77,-7209429,-7193982,41300669,12841415,6313013,-12023410,放量,低,游资情绪,抢筹,长线吸筹型,机构吸筹+盈利(关注),C,谨慎：资金流入未验证业绩,47.7
002981,朝阳科技,23.7,8.6,1.95,1.6,1.79,4590931,744288,18459603,2899982,1994090,-7383421,缩量,低,情绪退潮,进场,长线吸筹型,资金+业绩共振(双击候选),B,关注：资金+业绩共振,72.6
002983,芯瑞达,22.01,-49.4,1.27,-7.0,2.92,7623212,9423349,15108246,195673,-654954,-1641675,缩量,低,情绪退潮,进场,均衡流入型,资金+业绩共振(双击候选),B,关注：资金+业绩共振,73.0
002986,宇新股份,12.97,-51.1,0.6,-0.8,1.16,3266978,-21265382,6108987,2217670,1338078,3026518,缩量,低,情绪退潮,进场,长线吸筹型,纯资金炒作(亏损风险),C,谨慎：纯资金炒作,12.4
002991,甘源食品,37.34,-46.8,0.41,-18.8,-3.32,-4924854,-3775738,-24294501,-1359320,461223,1708784,缩量,低,情绪退潮,观望,资金观望型,,D,回避：资金观望,-1.1
002984,森麒麟,12.8,-5.3,1.09,-10.0,-3.89,-22967358,-28514295,-65838520,8915190,11090726,-3857013,缩量,低,情绪退潮,吸筹,资金撤退型,机构吸筹+盈利(关注),C,谨慎：资金流入未验证业绩,22.7
002988,豪美新材,31.66,175.2,0.5,59.9,-3.22,-37263784,97319838,196249728,18746651,15336394,-13008530,放量,低,游资情绪,抢筹,高位分歧型,机构吸筹+盈利(关注),C,谨慎：资金流入未验证业绩,46.9
002992,宝明科技,33.62,-55.3,0.36,25.2,-0.93,-2047756,-5820300,-35863671,-2299215,-733788,3212805,缩量,低,情绪退潮,观望,资金撤退型,,D,回避：资金撤退,-0.3
002990,盛视科技,49.43,-45.1,0.54,-15.0,-2.2,-32250146,37674292,-14497720,6690762,6366583,-14877244,缩量,低,情绪退潮,观望,资金观望型,,D,回避：资金观望,-0.7
002993,奥海科技,36.09,-74.7,1.13,-10.0,-4.45,-30468149,-47089063,-95359001,-10852812,-9360887,8707137,缩量,低,情绪退潮,观望,资金撤退型,,D,回避：资金撤退,-1.5
002995,天地在线,16.45,-58.0,0.73,-13.4,-0.85,-3230472,-27326679,-5035252,2705818,-29178,-4013568,缩量,低,情绪退潮,观望,资金观望型,,D,回避：资金观望,-0.3
002996,顺博合金,5.96,-45.5,0.97,-16.5,-1.82,-3678168,-1613427,-3773996,1126793,77211,-1195141,缩量,低,情绪退潮,观望,资金观望型,,D,回避：资金观望,-0.6
002989,中天精装,23.6,-58.3,2.26,-19.4,1.72,9486110,7605749,46165907,1382360,-4506230,5363544,缩量,低,情绪退潮,进场,长线吸筹型,纯资金炒作(亏损风险),C,谨慎：纯资金炒作,12.6
002998,优彩资源,7.5,-13.5,0.68,112.4,-0.21,-2043546,17533765,-12301908,-10589800,-10596057,10255491,缩量,低,情绪退潮,观望,资金观望型,,D,回避：资金观望,-0.1
002999,天禾股份,6.28,212.9,0.62,176.7,-3.88,-44625857,49423837,31252387,-1828166,-2636812,8645855,放量,低,游资情绪,观望,资金观望型,,D,回避：资金观望,6.7
002997,瑞鹄模具,29.14,157.6,0.98,46.9,-5.68,-50546578,-51413688,-58123121,-57471094,-41818093,25786554,放量,低,游资情绪,观望,资金撤退型,,D,回避：资金撤退,6.1
003000,劲仔食品,9.37,-47.9,0.8,-27.2,-9.74,-15019170,-14586324,-23462476,-2131427,-2530755,-2216289,缩量,低,情绪退潮,观望,资金观望型,,D,回避：资金观望,-3.2
003002,壶化股份,16.84,339.3,0.54,523.8,0.51,7645407,82888424,85492798,-12441060,-2735137,19776873,放量,低,游资情绪,观望,均衡流入型,,D,回避：资金观望,8.2
003003,天元股份,10.56,-10.2,1.05,6.1,-0.69,-1469372,-3893594,-4093493,1094392,1036769,1368265,缩量,低,情绪退潮,观望,资金撤退型,,D,回避：资金撤退,-0.2
003005,竞业达,14.37,211.7,1.13,601.3,-2.68,-37921183,-267852705,-156512809,1507079,2243612,4527659,放量,低,游资情绪,观望,资金观望型,,D,回避：资金观望,7.1
003001,中岩大地,18.47,-55.2,5.83,-17.4,3.33,15978203,-1014660,-42473476,71268654,80041534,-36030210,缩量,低,情绪退潮,吸筹,资金观望型,资金+业绩共振(双击候选),B,关注：资金+业绩共振,65.1
003004,声迅股份,60.31,-23.2,7.18,111.2,-4.46,-47313064,-18138047,-7447298,-11212665,-7911502,19652515,缩量,低,情绪退潮,观望,资金观望型,,D,回避：资金观望,-1.5
003008,开普检测,18.9,21.4,0.33,17.0,-3.06,-4568685,-570415,-3887210,-1441659,-320157,2010571,缩量,低,情绪退潮,观望,资金观望型,,D,回避：资金观望,-1.0
003007,直真科技,39.12,-49.0,0.45,-7.4,-1.7,-6593654,-14480628,-29825668,-2060721,-1319743,6309149,缩量,低,情绪退潮,观望,资金撤退型,,D,回避：资金撤退,-0.6
003009,中天火箭,47.7,-69.2,1.41,26.8,4.06,40511265,44279633,8607762,-5509515,-2883061,13178535,缩量,低,情绪退潮,观望,趋势转多型,,D,回避：资金观望,1.4
003010,若羽臣,29.21,-21.3,1.45,-51.0,-2.18,-19476129,-27810516,55140989,-8886745,-5994486,-9315124,缩量,低,情绪退潮,观望,长线吸筹型,,D,回避：资金观望,-0.7
003006,百亚股份,19.42,1084.4,0.45,398.9,14.86,657445987,702408024,718347921,186704304,63939632,-207290435,放量,高,主力主导放量🔥(最强),进场,均衡流入型,资金+业绩共振(双击候选),A,金股候选：资金强攻+业绩共振,97.0
003013,地铁设计,17.8,9.6,6.02,-6.7,3.82,44670198,71569052,12602760,-3956084,-6230661,-4421139,缩量,低,情绪退潮,观望,趋势转多型,,D,回避：资金观望,1.3
003015,日久光电,12.26,-45.8,0.75,-16.1,-3.21,-7410638,-11141923,-13542071,2037946,-1264214,502630,缩量,低,情绪退潮,观望,资金撤退型,,D,回避：资金撤退,-1.1
003016,欣贺股份,7.14,52.1,1.08,37.3,-2.93,-5649530,-6024173,-5368314,-521797,-510771,2076301,放量,低,游资情绪,观望,资金观望型,,D,回避：资金观望,7.0
003017,大洋生物,21.63,-54.0,1.21,-26.2,3.79,5167910,2720701,-6555050,-2127213,-1560853,617925,缩量,低,情绪退潮,观望,资金观望型,,D,回避：资金观望,1.3
003018,金富科技,49.74,22.9,0.65,-1.0,-3.98,-131137312,65662806,649795317,39909007,14173856,-65093260,缩量,低,情绪退潮,观望,高位分歧型,,D,回避：资金观望,-1.3
003011,海象新材,19.12,-41.0,1.21,-2.0,-0.64,-1095738,-20894315,-41536951,-519007,215464,-64060,缩量,低,情绪退潮,吸筹,资金撤退型,机构吸筹+盈利(关注),C,谨慎：资金流入未验证业绩,23.8
003012,东鹏控股,4.49,-32.1,0.92,-7.9,4.64,7286191,4940203,-11340446,2766944,526050,-5716584,缩量,低,情绪退潮,进场,资金观望型,资金+业绩共振(双击候选),B,关注：资金+业绩共振,73.5
003020,立方制药,16.54,-87.9,6.65,-63.3,-1.13,-2601984,3799197,-25007181,29145,0,-1551675,缩量,低,情绪退潮,观望,资金观望型,,D,回避：资金观望,-0.4
003019,宸展光电,27.5,-56.8,0.6,-10.6,3.08,12626092,-1138544,37381524,-9046806,-3549990,8429591,缩量,低,情绪退潮,观望,资金观望型,,D,回避：资金观望,1.0
003023,彩虹集团,24.75,-46.3,0.21,-48.8,-1.75,-3384954,23855820,94842547,-623424,-3679330,5059796,缩量,低,情绪退潮,观望,高位分歧型,,D,回避：资金观望,-0.6
003022,联泓新科,19.93,-55.8,0.8,-30.5,-3.01,-16729710,-39649094,-57009452,15388562,12464898,3556780,缩量,低,情绪退潮,观望,资金撤退型,,D,回避：资金撤退,-1.0
003021,兆威机电,66.9,-62.6,1.14,-40.1,-4.36,-26662294,-37251868,-79173624,-8847530,-6813330,11930000,缩量,低,情绪退潮,观望,资金撤退型,,D,回避：资金撤退,-1.5
003025,思进智能,11.87,-80.9,1.83,-23.5,-0.93,-1268891,-7517267,-13337503,-465232,237600,2133382,缩量,低,情绪退潮,观望,资金撤退型,,D,回避：资金撤退,-0.3
003030,祖名股份,25.43,-54.0,3.22,-8.4,-0.91,-2930295,9478156,44737101,-3046929,1163635,2714913,缩量,低,情绪退潮,观望,高位分歧型,,D,回避：资金观望,-0.3
003026,中晶科技,33.64,-14.9,2.57,42.8,9.97,147212061,132289740,93730450,65908751,66536341,-38704394,缩量,中,主力惜售,吸筹,资金观望型,资金+业绩共振(双击候选),B,关注：资金+业绩共振,79.3
003032,传智教育,8.72,45.3,6.3,-36.1,-13.21,-168472236,-279743788,-498262259,-3235805,-1987041,6483148,缩量,低,情绪退潮,观望,资金撤退型,,D,回避：资金撤退,-4.4
003033,征和工业,81.18,16.1,1.76,75.6,3.49,32065840,54281587,91957387,-643436,-3346796,-4159473,缩量,低,情绪退潮,观望,主力建仓型,,D,回避：资金观望,1.2
003035,南网能源,5.74,20.2,0.18,-2.7,3.87,87259684,51964514,172481531,-4256422,1792272,26663809,缩量,低,情绪退潮,观望,资金观望型,,D,回避：资金观望,1.3
003027,同兴科技,16.04,-52.8,0.13,-16.2,0.15,196448,-1013209,-2705199,84937,0,-134749,缩量,低,情绪退潮,进场,资金观望型,资金+业绩共振(双击候选),B,关注：资金+业绩共振,72.0
003028,振邦智能,23.02,53.2,0.71,59.1,0.42,840447,1977051,-6304391,795637,865127,2727245,放量,低,游资情绪,抢筹,趋势转多型,资金+业绩共振(双击候选),B,关注：资金+业绩共振,88.1
003038,鑫铂股份,10.34,-43.0,0.26,-1.6,-0.55,-956276,-2099427,-11274357,-1557350,-625632,2087957,缩量,低,情绪退潮,观望,资金撤退型,,D,回避：资金撤退,-0.2
003037,三和管桩,5.68,-54.7,1.73,58.5,-3.81,-6347851,-8659517,-8618017,-160088,0,1446554,缩量,低,情绪退潮,观望,资金观望型,,D,回避：资金观望,-1.3
003041,真爱美家,38.11,-52.4,0.48,2.6,-0.74,-2013158,935065,-1629830,134842,-3946728,-2296865,缩量,低,情绪退潮,观望,资金观望型,,D,回避：资金观望,-0.2
003040,楚天龙,15.76,382.9,1.25,5.1,-7.02,-348078460,-4188112,527912152,-35551609,-21732860,53176345,放量,低,游资情绪,观望,高位分歧型,,D,回避：资金观望,5.7
003029,吉大正元,17.43,240.1,0.83,188.7,7.03,88533484,87051292,74832175,-7802493,-7030237,11820317,放量,中,主力偏强放量,进场,资金观望型,纯资金炒作(亏损风险),C,谨慎：纯资金炒作,30.3
003039,顺控发展,12.56,231.1,0.28,257.7,-0.63,-7998378,23267850,41820104,-17681089,-4594451,15021623,放量,低,游资情绪,观望,资金观望型,,D,回避：资金观望,7.8
003042,中农联合,13.88,-8.0,0.57,-42.9,-4.48,-13245999,-23001285,2182232,-422504,0,780063,缩量,低,情绪退潮,观望,长线吸筹型,,D,回避：资金观望,-1.5
003031,中瓷电子,137.72,-41.4,0.76,-25.0,2.67,156538146,141732456,-184700532,235461307,271090875,-104605323,缩量,低,情绪退潮,吸筹,资金观望型,资金+业绩共振(双击候选),B,关注：资金+业绩共振,64.9
003036,泰坦股份,55.44,-19.0,1.25,-2.8,2.95,60226938,-13023785,102937615,6601704,6056019,1526647,缩量,低,情绪退潮,进场,资金观望型,资金+业绩共振(双击候选),B,关注：资金+业绩共振,73.0
600000,浦发银行,9.1,-9.7,1.07,-10.8,-7.18,-241311433,-384514599,-432520682,-16475437,-21636084,12038729,缩量,低,情绪退潮,观望,资金撤退型,,D,回避：资金撤退,-2.4
600006,东风股份,5.25,-24.9,1.16,32.5,-2.44,-11923998,-23854334,-56946915,-1321798,-1355359,-982074,缩量,低,情绪退潮,观望,资金撤退型,,D,回避：资金撤退,-0.8
600004,白云机场,7.66,-37.3,1.59,-21.8,-10.33,-31485795,-43814077,-64770670,1270177,-3482138,-3306462,缩量,低,情绪退潮,观望,资金撤退型,,D,回避：资金撤退,-3.4
600008,首创环保,2.75,-0.0,1.31,1.9,-3.67,-38988359,-55817758,-25552612,140873,5630794,-8278033,缩量,低,情绪退潮,观望,资金观望型,,D,回避：资金观望,-1.2
600007,中国国贸,19.78,29.1,1.05,-9.9,3.36,7087104,10786105,21937090,-4602441,-1782293,10443655,缩量,低,情绪退潮,观望,均衡流入型,,D,回避：资金观望,1.1
600009,上海机场,22.85,-46.3,1.94,-9.3,-6.62,-47965525,16933514,-46191958,-12785822,-10149492,-1854933,缩量,低,情绪退潮,观望,资金观望型,,D,回避：资金观望,-2.2
600010,包钢股份,2.14,-29.4,0.4,-30.2,-5.02,-154130569,-396555328,-499035768,20990825,42378045,15159014,缩量,低,情绪退潮,观望,资金撤退型,,D,回避：资金撤退,-1.7
600011,华能国际,6.86,-59.1,1.29,19.2,-0.97,-20128262,-71409991,-555040331,-41938106,-57207545,16008251,缩量,低,情绪退潮,观望,资金撤退型,,D,回避：资金撤退,-0.3
003043,华亚智能,63.55,-50.1,4.3,-25.0,0.17,2311998,-268238467,-147531429,7493981,-5378363,-21643338,缩量,低,情绪退潮,进场,长线吸筹型,资金+业绩共振(双击候选),B,关注：资金+业绩共振,72.1
003816,中国广核,4.29,-5.2,0.7,-6.4,2.22,51903273,-5347395,-196818791,20506516,32071775,940404,缩量,低,情绪退潮,进场,资金观望型,资金+业绩共振(双击候选),B,关注：资金+业绩共振,72.7
600012,皖通高速,16.13,-33.8,1.59,23.5,1.7,8499574,17715179,24843166,-4157559,-3811961,2730524,缩量,低,情绪退潮,观望,均衡流入型,,D,回避：资金观望,0.6
600015,华夏银行,6.32,-14.4,1.53,-28.0,-6.1,-157834163,-192379873,-713063220,-10620616,-15101975,-2909192,缩量,低,情绪退潮,观望,资金撤退型,,D,回避：资金撤退,-2.0
600017,日照港,2.84,18.3,1.06,-35.1,-1.44,-6993976,4329425,-18468129,7838115,4756413,-8671172,缩量,低,情绪退潮,观望,资金观望型,,D,回避：资金观望,-0.5
600019,XD宝钢股,5.77,-4.7,0.86,7.1,-5.24,-132810095,-102921401,-414305064,-10405832,9338945,14401374,缩量,低,情绪退潮,观望,资金观望型,,D,回避：资金观望,-1.7
600021,上海电力,13.55,-53.9,1.3,62.6,-0.29,-9270743,-1513321,-197177870,-18839395,-12952019,29758639,缩量,低,情绪退潮,观望,资金观望型,,D,回避：资金观望,-0.1
600025,华能水电,9.81,-41.9,1.23,-3.9,-0.1,-1321005,20158426,93956977,-9537900,56278,14684219,缩量,低,情绪退潮,观望,高位分歧型,,D,回避：资金观望,-0.0
600026,中远海能,20.72,6.9,0.81,31.0,3.62,282493790,818296095,899728740,-110392666,-87695975,122487591,缩量,低,情绪退潮,观望,主力建仓型,,D,回避：资金观望,1.2
600027,华电国际,4.89,-9.4,0.69,35.3,-4.43,-73784025,-114099307,-121169632,-34522389,-35945217,35907807,缩量,低,情绪退潮,观望,资金撤退型,,D,回避：资金撤退,-1.5
600016,民生银行,3.58,-9.6,1.52,8.7,0.01,636756,-246023922,-98702073,38289941,43470894,2592184,缩量,低,情绪退潮,进场,资金观望型,资金+业绩共振(双击候选),B,关注：资金+业绩共振,72.0
600029,南方航空,4.84,-49.8,0.66,5.6,-8.1,-109683338,-73413676,-49076697,-21411006,-5521707,11258137,缩量,低,情绪退潮,观望,资金观望型,,D,回避：资金观望,-2.7
600030,中信证券,26.45,-59.6,1.68,-6.9,-3.93,-505544046,-1189623220,-356863278,-305324769,-289686380,232913840,缩量,低,情绪退潮,观望,长线吸筹型,,D,回避：资金观望,-1.3
600032,浙江新能,7.21,-13.2,0.22,149.7,2.61,46986565,42812119,-28975075,-8933743,-3663708,13368254,缩量,低,情绪退潮,观望,资金观望型,,D,回避：资金观望,0.9
600028,中国石化,5.21,-27.3,1.04,-20.4,-4.24,-229090680,-155963621,56954090,-29961152,-3518848,18800960,缩量,低,情绪退潮,观望,资金观望型,,D,回避：资金观望,-1.4
600018,上港集团,5.46,-16.7,1.3,-15.8,-2.23,-26659946,-152062953,-124456927,35136625,31720423,-15549004,缩量,低,情绪退潮,吸筹,资金观望型,机构吸筹+盈利(关注),C,谨慎：资金流入未验证业绩,23.3
600020,中原高速,3.84,-14.1,1.21,-29.4,4.76,9915370,14407433,10663512,7827148,5154602,-6182175,缩量,低,情绪退潮,进场,趋势转多型,资金+业绩共振(双击候选),B,关注：资金+业绩共振,73.6
600023,浙能电力,5.12,11.7,0.77,95.1,9.05,119519014,207845492,183627379,-28344377,-40904202,26253809,缩量,中,主力惜售,进场,短线抢筹型,资金+业绩共振(双击候选),B,关注：资金+业绩共振,87.0
600022,山东钢铁,1.32,4.6,0.99,1.8,0.0,24914,7809891,-14865121,216066,3452700,-2008657,缩量,低,情绪退潮,吸筹,趋势转多型,资金+业绩共振(双击候选),B,关注：资金+业绩共振,64.0
600031,三一重工,18.18,144.4,1.41,2.2,-6.71,-500497429,-742970970,-591518471,44761115,76479276,-23022550,放量,低,游资情绪,吸筹,资金观望型,机构吸筹+盈利(关注),C,谨慎：资金流入未验证业绩,29.8
600037,歌华有线,6.93,-33.2,1.55,-6.6,4.34,19199520,50344372,60138069,-1450282,-497609,4232968,缩量,低,情绪退潮,观望,主力建仓型,,D,回避：资金观望,1.4
600036,招商银行,40.92,-43.8,1.75,-11.0,-7.42,-996463828,-1076261137,-279641108,-120981521,-127478360,117712603,缩量,低,情绪退潮,观望,资金观望型,,D,回避：资金观望,-2.5
600050,中国联通,4.17,-44.6,0.76,-3.4,-0.36,-8666157,-96471426,-215526977,-22880755,-34843391,18277963,缩量,低,情绪退潮,观望,资金撤退型,,D,回避：资金撤退,-0.1
600039,四川路桥,8.83,-36.2,0.87,-23.9,-0.6,-3434149,-157152591,-199915319,562877,-1874154,-6438638,缩量,低,情绪退潮,观望,资金撤退型,,D,回避：资金撤退,-0.2
600038,中直股份,26.95,-28.2,1.04,-14.1,-7.65,-57679042,-73527120,-123835080,-495472,-7632789,4511203,缩量,低,情绪退潮,观望,资金撤退型,,D,回避：资金撤退,-2.6
600048,保利发展,5.01,-35.6,1.29,-22.6,-2.98,-79465165,-32691044,-422430054,59930802,55732140,-67417592,缩量,低,情绪退潮,观望,资金观望型,,D,回避：资金观望,-1.0
600035,楚天高速,3.65,5.8,1.27,-40.0,0.17,357132,-16157120,-63711119,6558805,7370679,-9747076,缩量,低,情绪退潮,进场,资金观望型,资金+业绩共振(双击候选),B,关注：资金+业绩共振,72.1
600054,黄山旅游,10.75,-0.9,0.56,57.0,-3.53,-28517382,-42940385,-28615064,-970672,1865531,1050464,缩量,低,情绪退潮,观望,资金观望型,,D,回避：资金观望,-1.2
600033,福建高速,3.69,51.7,1.02,17.1,1.87,9389736,29829852,19557141,7829925,2868218,-6369603,放量,低,游资情绪,抢筹,趋势转多型,资金+业绩共振(双击候选),B,关注：资金+业绩共振,88.6
600051,宁波联合,6.06,-8.7,0.4,-8.0,-1.45,-2051855,-128039,4594991,542414,985424,-2116250,缩量,低,情绪退潮,观望,资金观望型,,D,回避：资金观望,-0.5
600057,厦门象屿,5.9,25.5,0.7,16.2,4.43,39179086,42747939,114507631,-14441350,-20212064,12638980,缩量,低,情绪退潮,观望,均衡流入型,,D,回避：资金观望,1.5
600056,中国医药,8.88,-69.5,0.64,-48.8,-8.53,-29611743,-19558297,-84939709,2507428,616198,922877,缩量,低,情绪退潮,观望,资金观望型,,D,回避：资金观望,-2.8
600052,东望时代,3.76,126.2,0.36,36.1,-6.34,-19716061,-29794358,-54288313,15702052,7985580,-24917251,放量,低,游资情绪,抢筹,资金撤退型,纯资金炒作(亏损风险),C,谨慎：纯资金炒作,25.9
600055,万东医疗,10.11,-49.9,1.65,-15.5,1.19,2343032,-2814025,-36846437,3222802,1920307,-5548843,缩量,低,情绪退潮,进场,资金观望型,纯资金炒作(亏损风险),C,谨慎：纯资金炒作,12.4
600060,海信视像,27.57,-22.9,1.35,-12.6,-2.49,-27854976,-125988290,-220688330,-34625880,-6332065,21448078,缩量,低,情绪退潮,观望,资金撤退型,,D,回避：资金撤退,-0.8
600061,国投资本,6.23,-27.5,1.12,8.0,0.31,3703461,-13983733,-111796423,-1368111,9087659,3209888,缩量,低,情绪退潮,观望,资金观望型,,D,回避：资金观望,0.1
600063,皖维高新,5.57,-78.4,2.51,-30.8,-2.02,-14533442,-53781291,-223495627,-11517587,-11202653,14213931,缩量,低,情绪退潮,观望,资金撤退型,,D,回避：资金撤退,-0.7
600058,五矿发展,9.15,-67.5,1.26,-37.0,2.63,7471185,4495097,-55533173,2978157,510984,-4365397,缩量,低,情绪退潮,进场,资金观望型,资金+业绩共振(双击候选),B,关注：资金+业绩共振,72.9
600066,宇通客车,26.62,-43.7,0.9,18.0,-5.78,-153966251,-238174430,-127657334,-10537583,-11949791,-4064352,缩量,低,情绪退潮,观望,资金观望型,,D,回避：资金观望,-1.9
600062,华润双鹤,15.81,-53.2,1.32,-41.4,-3.36,-11410218,-22780796,-45834260,-745672,1462600,3698473,缩量,低,情绪退潮,观望,资金撤退型,,D,回避：资金撤退,-1.1
600067,冠城新材,2.75,-26.5,0.78,8.4,-3.51,-8872266,-33024786,-54507397,4452475,1540779,-3853738,缩量,低,情绪退潮,观望,资金撤退型,,D,回避：资金撤退,-1.2
600059,古越龙山,9.77,741.8,1.01,269.3,7.18,141261245,245867839,233731177,146552689,139011565,-99977423,放量,中,主力偏强放量,抢筹,短线抢筹型,资金+业绩共振(双击候选),B,关注：资金+业绩共振,98.4
600072,中船科技,8.84,-31.1,0.23,141.1,-1.06,-13467744,-16953235,-46973016,-11211782,-2797215,13286180,缩量,低,情绪退潮,观望,资金撤退型,,D,回避：资金撤退,-0.4
600071,凤凰光学,16.32,-23.9,0.38,-7.9,-2.49,-4267469,-8517983,-10821974,723389,-730682,-1249554,缩量,低,情绪退潮,观望,资金撤退型,,D,回避：资金撤退,-0.8
600075,新疆天业,4.62,-45.0,0.81,23.3,-1.91,-11710844,-4874486,-11098163,-2526513,-2494587,8643950,缩量,低,情绪退潮,观望,资金观望型,,D,回避：资金观望,-0.6
600073,光明肉业,5.5,35.0,1.12,-22.6,-6.3,-18575396,-24385407,-37010719,5774634,-1373629,-12087675,缩量,低,情绪退潮,观望,资金撤退型,,D,回避：资金撤退,-2.1
600064,南京高科,7.76,5.8,0.71,-9.0,1.86,11988138,28841218,13809020,13917216,11555897,-4088280,缩量,低,情绪退潮,吸筹,趋势转多型,资金+业绩共振(双击候选),B,关注：资金+业绩共振,64.6
600076,康欣新材,2.24,18.7,1.82,121.8,-17.98,-105487302,-143754041,-155772805,-369572,-244100,3463588,缩量,低,情绪退潮,观望,资金撤退型,,D,回避：资金撤退,-6.0
600078,澄星股份,10.22,-74.4,1.12,-26.1,-10.07,-67994708,-125333428,-169909631,-14515405,-12805943,9447410,缩量,低,情绪退潮,观望,资金撤退型,,D,回避：资金撤退,-3.4
600089,特变电工,18.12,-64.6,0.57,-15.6,-8.1,-388134357,-473030828,-1651921199,-40066987,-14941460,67698176,缩量,低,情绪退潮,观望,资金撤退型,,D,回避：资金撤退,-2.7
600081,东风科技,10.21,-29.4,1.04,11.8,0.43,625639,-6990681,-15777805,-2866315,-791851,1537938,缩量,低,情绪退潮,观望,资金观望型,,D,回避：资金观望,0.1
600085,同仁堂,23.16,-81.5,2.8,-28.4,-6.31,-27828169,-42500083,-106887721,-4141979,-1050206,4944108,缩量,低,情绪退潮,观望,资金撤退型,,D,回避：资金撤退,-2.1
600095,湘财股份,8.53,-24.7,2.13,-18.7,-6.4,-127337131,-56202262,319010043,26035940,14274557,-40637993,缩量,低,情绪退潮,观望,高位分歧型,,D,回避：资金观望,-2.1
600097,开创国际,9.18,39.2,0.9,98.7,-5.87,-20442431,-16228008,-27146995,969716,731899,-4941702,缩量,低,情绪退潮,观望,资金观望型,,D,回避：资金观望,-2.0
600096,云天化,28.73,-39.4,0.55,-22.9,-12.43,-512733890,-575504817,-632412481,-28299791,-33312689,-1048347,缩量,低,情绪退潮,观望,资金撤退型,,D,回避：资金撤退,-4.1
600099,林海股份,8.96,-20.6,0.77,9.2,-1.16,-1697653,-2886545,-3207559,377902,0,441563,缩量,低,情绪退潮,观望,资金撤退型,,D,回避：资金撤退,-0.4
600098,广州发展,6.37,-15.4,0.84,-0.6,-5.31,-35477635,-48695755,-109445142,494385,-1292647,10823783,缩量,低,情绪退潮,观望,资金撤退型,,D,回避：资金撤退,-1.8
600088,中视传媒,15.05,1142.9,1.42,696.1,2.38,63636727,127800070,119092959,60818722,70928252,-48750196,放量,低,游资情绪,抢筹,趋势转多型,纯资金炒作(亏损风险),C,谨慎：纯资金炒作,28.8
600094,大名城,4.11,7.9,0.74,2.5,5.37,24361767,45635950,73635538,6890969,-2194328,5099270,缩量,中,主力惜售,进场,主力强攻型,资金+业绩共振(双击候选),B,关注：资金+业绩共振,85.8
600100,同方股份,6.8,-40.4,0.61,2.6,1.14,9173079,-29627059,-110602294,13521375,4253153,-317167,缩量,低,情绪退潮,吸筹,资金观望型,资金+业绩共振(双击候选),B,关注：资金+业绩共振,64.4
600106,重庆路桥,4.4,-26.1,0.48,-14.6,-2.76,-6636265,16769939,7693488,9265584,7323104,-9385265,缩量,低,情绪退潮,观望,资金观望型,,D,回避：资金观望,-0.9
600108,亚盛集团,3.96,328.9,0.53,127.5,-9.31,-929319426,-450498857,-320507301,-45351008,-57270655,36190346,放量,低,游资情绪,观望,资金观望型,,D,回避：资金观望,4.9
600101,明星电力,8.14,31.4,0.53,235.8,1.73,22929353,-3689907,-46553683,13846766,9067618,-10254781,缩量,低,情绪退潮,进场,资金观望型,资金+业绩共振(双击候选),B,关注：资金+业绩共振,72.6
600109,国金证券,8.29,-56.2,1.89,-7.1,-6.18,-54423613,-84279380,-59414489,-7833116,-5460248,13225190,缩量,低,情绪退潮,观望,资金观望型,,D,回避：资金观望,-2.1
600103,青山纸业,3.69,252.1,0.09,3.5,-9.59,-399680652,-250457040,89924267,270680235,278180860,-208378362,放量,低,游资情绪,抢筹,高位分歧型,机构吸筹+盈利(关注),C,谨慎：资金流入未验证业绩,44.8
600111,北方稀土,37.49,-54.0,0.55,-38.3,-7.24,-408162881,-972278414,-2302784306,-72308028,-65314954,75870004,缩量,低,情绪退潮,观望,资金撤退型,,D,回避：资金撤退,-2.4
600114,东睦股份,26.71,-57.8,1.36,-30.3,-7.0,-119031126,-129477954,-208652026,-65391503,-70435203,54764915,缩量,低,情绪退潮,观望,资金撤退型,,D,回避：资金撤退,-2.3
600115,中国东航,3.33,-29.6,0.8,12.6,-2.9,-82754478,17383549,-7123200,-7028762,10033104,13903806,缩量,低,情绪退潮,观望,资金观望型,,D,回避：资金观望,-1.0
600105,永鼎股份,45.22,7.2,0.86,17.6,3.24,968496974,1033760180,-888427022,1870269921,2081423370,-895720345,缩量,低,情绪退潮,吸筹,趋势转多型,资金+业绩共振(双击候选),B,关注：资金+业绩共振,65.1
600104,上汽集团,11.3,22.6,1.11,147.6,7.5,512688579,574606957,670247363,-12002738,-12930477,41883775,缩量,中,主力惜售,进场,均衡流入型,资金+业绩共振(双击候选),B,关注：资金+业绩共振,86.5
600116,三峡水利,6.27,-48.9,0.69,-14.2,-0.23,-1030764,-2282912,4753187,407184,-589635,6493764,缩量,低,情绪退潮,观望,资金观望型,,D,回避：资金观望,-0.1
600113,XD浙江东,30.18,-67.2,1.62,51.4,0.87,10765855,28168997,14231948,4446737,1313174,1518607,缩量,低,情绪退潮,进场,趋势转多型,资金+业绩共振(双击候选),B,关注：资金+业绩共振,72.3
600118,中国卫星,58.24,-68.6,0.48,-35.2,0.38,20984337,-155470296,-1585721606,-89116088,-84489162,51497704,缩量,低,情绪退潮,观望,资金观望型,,D,回避：资金观望,0.1
600110,诺德股份,12.19,70.4,1.03,-30.4,8.73,834569315,434970626,821516781,-423198132,-386813229,301331255,放量,中,主力偏强放量,进场,资金观望型,纯资金炒作(亏损风险),C,谨慎：纯资金炒作,30.9
600121,郑州煤电,4.87,202.1,1.39,69.1,-1.61,-88433869,-230128519,72069863,-1578918,13183789,50945241,放量,低,游资情绪,观望,资金观望型,,D,回避：资金观望,7.5
600127,金健米业,11.84,4318.5,0.3,19.2,-3.48,-512764100,-422992692,-20570915,9037195,107920815,80553119,放量,低,游资情绪,观望,资金观望型,,D,回避：资金观望,6.8
600117,西宁特钢,2.21,-29.3,0.93,-6.3,4.51,7712036,18630799,21629577,3604598,1717973,-5279048,缩量,低,情绪退潮,进场,主力建仓型,纯资金炒作(亏损风险),C,谨慎：纯资金炒作,13.5
600126,杭钢股份,6.14,-67.6,0.24,-37.2,-2.23,-21621918,-131932394,-255366061,-20346825,-13173878,21262554,缩量,低,情绪退潮,观望,资金撤退型,,D,回避：资金撤退,-0.7
600125,铁龙物流,5.32,-30.3,0.43,-15.2,-6.91,-16695258,-27227588,-60406278,3428085,239064,-8301473,缩量,低,情绪退潮,观望,资金撤退型,,D,回避：资金撤退,-2.3
600128,苏豪弘业,8.25,-22.6,0.78,-14.1,0.32,424401,336569,802419,-222785,-202458,-1167169,缩量,低,情绪退潮,观望,资金观望型,,D,回避：资金观望,0.1
600120,浙江东方,4.75,-56.5,0.96,11.5,2.35,22258799,-10532859,-24954632,7664701,10700892,6375723,缩量,低,情绪退潮,进场,资金观望型,资金+业绩共振(双击候选),B,关注：资金+业绩共振,72.8
600129,太极集团,13.37,-86.4,6.63,-65.4,-6.76,-31391023,-61643208,-64280833,-2847770,-2576700,5459775,缩量,低,情绪退潮,观望,资金撤退型,,D,回避：资金撤退,-2.3
600130,波导股份,4.36,-19.0,1.51,-15.6,-6.16,-23578522,-28697581,14352295,-15784619,-9683355,17004619,缩量,低,情绪退潮,观望,长线吸筹型,,D,回避：资金观望,-2.1
600131,国网信通,14.35,-43.1,0.52,-3.0,0.61,2608505,14600725,-7342371,-5477867,-2932076,5652000,缩量,低,情绪退潮,观望,趋势转多型,,D,回避：资金观望,0.2
600132,重庆啤酒,38.22,-40.0,1.1,-40.2,-5.72,-26994180,-25111279,-51447909,-5451226,-1515517,15651756,缩量,低,情绪退潮,观望,资金观望型,,D,回避：资金观望,-1.9
600133,东湖高新,7.82,-48.5,0.52,-33.6,-9.81,-39225114,-58598937,-22699647,-16379435,-7947275,11753418,缩量,低,情绪退潮,观望,长线吸筹型,,D,回避：资金观望,-3.3
600123,兰花科创,7.01,-43.4,0.99,-13.3,4.9,34786686,66718018,-12426486,5223358,8012496,-3731953,缩量,低,情绪退潮,吸筹,趋势转多型,纯资金炒作(亏损风险),C,谨慎：纯资金炒作,5.6
600138,中青旅,6.96,-15.4,0.97,50.3,-4.21,-20131057,-15775036,-26541839,3581959,1944141,-6230834,缩量,低,情绪退潮,观望,资金观望型,,D,回避：资金观望,-1.4
600137,浪莎股份,16.98,-17.1,0.33,30.7,2.01,2494428,-731445,-1563957,-329187,0,48682,缩量,低,情绪退潮,观望,资金观望型,,D,回避：资金观望,0.7
600141,兴发集团,29.44,-78.1,2.41,-18.3,-10.84,-315218313,-105038792,-533522576,21520691,25482741,2111829,缩量,低,情绪退潮,观望,资金观望型,,D,回避：资金观望,-3.6
600135,乐凯胶片,8.09,42.5,0.21,25.2,-2.51,-7215649,-9175444,-22399511,35944382,34629594,-23788019,缩量,低,情绪退潮,吸筹,资金撤退型,纯资金炒作(亏损风险),C,谨慎：纯资金炒作,3.2
600143,金发科技,13.0,-58.9,0.83,-34.7,-12.13,-160920856,-281959643,-849538016,-16075823,-2988652,26692793,缩量,低,情绪退潮,观望,资金撤退型,,D,回避：资金撤退,-4.0
600150,中国船舶,37.79,-13.7,0.75,178.9,-4.86,-1374690024,-287706389,-132883215,-217433315,-205592064,165557339,缩量,低,情绪退潮,观望,资金观望型,,D,回避：资金观望,-1.6
600149,廊坊发展,4.94,-28.6,0.28,-17.7,-1.42,-3074124,12069653,25167704,1331371,-716300,1712178,缩量,低,情绪退潮,观望,高位分歧型,,D,回避：资金观望,-0.5
600152,维科技术,8.09,-53.7,0.16,-35.7,-1.32,-6604507,-14975721,9641511,-8356469,-3195998,13404240,缩量,低,情绪退潮,观望,资金观望型,,D,回避：资金观望,-0.4
600151,航天机电,9.77,-45.3,0.25,-4.3,-1.7,-18425731,-63068306,-124210543,-3894685,7089684,20756215,缩量,低,情绪退潮,观望,资金撤退型,,D,回避：资金撤退,-0.6
600148,长春一东,15.48,8.6,1.04,129.3,-0.35,-663917,9264007,8417119,-24889,2247399,2656664,缩量,低,情绪退潮,观望,资金观望型,,D,回避：资金观望,-0.1
600153,建发股份,8.24,-23.3,1.47,-37.0,-2.13,-14710770,-8126999,-40525965,-15481803,-11497895,8932341,缩量,低,情绪退潮,观望,资金观望型,,D,回避：资金观望,-0.7
600155,华创云信,5.97,-43.2,1.67,-11.6,-0.61,-5465180,-16063805,-75862156,3970774,686932,1763278,缩量,低,情绪退潮,观望,资金撤退型,,D,回避：资金撤退,-0.2
600158,中体产业,7.03,-61.2,0.48,30.4,-4.05,-26759363,-65168877,-85473049,-4372619,2234855,11013092,缩量,低,情绪退潮,观望,资金撤退型,,D,回避：资金撤退,-1.3
600160,巨化股份,35.62,-84.3,2.82,-37.2,-10.63,-420259533,-597514349,-1367746822,-17550842,-10081033,4776475,缩量,低,情绪退潮,观望,资金撤退型,,D,回避：资金撤退,-3.5
600159,大龙地产,2.67,9.4,0.55,-29.9,-3.13,-7027919,-1753480,8734058,1750305,750238,-907869,缩量,低,情绪退潮,观望,资金观望型,,D,回避：资金观望,-1.0
600161,天坛生物,12.03,-28.1,1.96,-32.3,-5.66,-34510876,-50646406,-101602390,1918760,-1965177,-13019710,缩量,低,情绪退潮,观望,资金撤退型,,D,回避：资金撤退,-1.9
600156,华升股份,8.17,-47.2,0.16,28.6,-10.69,-35593746,-22695845,-75051453,609519,2971164,-1218648,缩量,低,情绪退潮,吸筹,资金观望型,纯资金炒作(亏损风险),C,谨慎：纯资金炒作,0.4
600157,永泰能源,1.53,-31.2,0.73,-2.0,-1.47,-44845218,-63518616,-203352475,3154302,28034216,-6376119,缩量,低,情绪退潮,吸筹,资金撤退型,机构吸筹+盈利(关注),C,谨慎：资金流入未验证业绩,23.5
600170,上海建工,2.2,-9.7,0.9,4.0,-0.84,-11210253,10125432,16823519,-22780262,-21615464,12558642,缩量,低,情绪退潮,观望,资金观望型,,D,回避：资金观望,-0.3
600171,上海贝岭,22.67,-65.8,2.09,-20.6,-3.96,-31511731,-79419107,-156340650,2082910,3816749,11085444,缩量,低,情绪退潮,观望,资金撤退型,,D,回避：资金撤退,-1.3
600168,武汉控股,4.35,-42.4,0.62,-17.1,-2.75,-2619623,-9637418,-15255663,3069652,1956000,-3825522,缩量,低,情绪退潮,观望,资金撤退型,,D,回避：资金撤退,-0.9
600166,福田汽车,2.77,-24.9,0.36,-24.4,-6.01,-79382077,-85537754,95577315,-49463152,-55056470,32632254,缩量,低,情绪退潮,观望,长线吸筹型,,D,回避：资金观望,-2.0
600165,宁科生物,3.32,192.5,0.97,-43.5,0.23,609291,-8535087,-52951880,-4010612,-4045753,8028071,放量,低,游资情绪,观望,资金观望型,,D,回避：资金观望,8.1
600167,联美控股,5.68,-47.7,0.61,11.3,-1.0,-1901201,8329056,11885844,578809,1129420,910910,缩量,低,情绪退潮,观望,资金观望型,,D,回避：资金观望,-0.3
600172,黄河旋风,16.65,26.7,2.58,66.1,1.52,299989375,666596431,415146386,-151365000,-138181161,28092808,缩量,低,情绪退潮,观望,趋势转多型,,D,回避：资金观望,0.5
600173,卧龙新能,5.84,-60.1,0.14,-14.3,-3.19,-3705381,-10593775,-18603596,-498708,1010934,445568,缩量,低,情绪退潮,观望,资金撤退型,,D,回避：资金撤退,-1.1
600162,香江控股,4.71,-19.6,10.88,-27.5,-4.14,-107695528,180363241,179155452,21294096,11760753,-3361420,缩量,低,情绪退潮,吸筹,资金观望型,纯资金炒作(亏损风险),C,谨慎：纯资金炒作,2.6
600163,中闽能源,6.28,649.1,0.35,394.4,8.3,275023466,254386323,235641276,53426070,67974079,9183285,放量,中,主力偏强放量,进场,资金观望型,资金+业绩共振(双击候选),B,关注：资金+业绩共振,90.8
600177,雅戈尔,8.3,-7.0,1.68,1.2,2.08,24195098,-58783601,-94298631,-6033008,1680694,16178543,缩量,低,情绪退潮,观望,资金观望型,,D,回避：资金观望,0.7
600176,中国巨石,47.39,6.5,2.55,10.9,3.74,2190995046,817557668,-531454970,-271912471,-258459263,279863483,缩量,低,情绪退潮,观望,资金观望型,,D,回避：资金观望,1.2
600178,东安动力,9.66,-65.0,2.83,30.3,-4.58,-12605793,-27076065,-32563115,-2061871,-1107667,1653046,缩量,低,情绪退潮,观望,资金撤退型,,D,回避：资金撤退,-1.5
600182,S佳通,12.68,-21.8,1.12,-34.7,-5.67,-6761328,-12491113,-35801925,-1929283,-433304,2006530,缩量,低,情绪退潮,观望,资金撤退型,,D,回避：资金撤退,-1.9
600185,珠免集团,4.73,31.1,0.68,195.3,-7.36,-76997701,-39235149,9782062,2162667,1755707,4296193,缩量,低,情绪退潮,观望,资金观望型,,D,回避：资金观望,-2.5
600179,安通控股,4.57,-35.5,1.12,-26.2,5.67,36086439,-1221206,-90648202,-9019498,-6889724,12044104,缩量,中,主力惜售,进场,资金观望型,资金+业绩共振(双击候选),B,关注：资金+业绩共振,85.9
600186,莲花控股,12.88,63.2,0.89,23.3,3.39,522917529,643241039,-38514793,-112047238,-107311124,54426749,放量,低,游资情绪,观望,趋势转多型,,D,回避：资金观望,9.1
600188,兖矿能源,20.11,-44.3,1.08,-8.0,-6.68,-300628011,-454744384,-343345694,-2501976,9346229,26257068,缩量,低,情绪退潮,观望,资金观望型,,D,回避：资金观望,-2.2
600196,复星医药,21.76,-76.0,1.76,-61.3,-8.83,-122395304,-195169231,-403440055,-560383,-5613431,3837496,缩量,低,情绪退潮,观望,资金撤退型,,D,回避：资金撤退,-2.9
600195,中牧股份,6.65,-30.1,0.38,5.7,-10.78,-25116619,-32589268,-40029785,-2116174,-1927608,-841900,缩量,低,情绪退潮,观望,资金撤退型,,D,回避：资金撤退,-3.6
600189,泉阳泉,7.59,-29.9,1.07,-5.9,-4.08,-16009482,-15486968,-10261799,-2822877,-2076960,1816025,缩量,低,情绪退潮,观望,资金观望型,,D,回避：资金观望,-1.4
600183,生益科技,154.48,-0.7,2.09,-5.2,1.04,526116444,1513559488,2823338850,711613748,695976460,-527421816,缩量,低,情绪退潮,吸筹,均衡流入型,资金+业绩共振(双击候选),B,关注：资金+业绩共振,64.3
600184,光电股份,21.27,84.2,0.58,199.3,5.29,293435709,303139779,238797378,5480878,-12218178,-6742143,放量,中,主力偏强放量,进场,趋势转多型,资金+业绩共振(双击候选),B,关注：资金+业绩共振,89.8
600199,金种子酒,6.94,-66.4,2.99,1.0,-1.58,-7989461,2759757,13763402,-1292730,-1156434,2204655,缩量,低,情绪退潮,观望,资金观望型,,D,回避：资金观望,-0.5
600201,生物股份,11.61,-56.8,0.92,-29.8,-6.2,-35042459,-57051736,-122932751,-9741051,-10059353,9092712,缩量,低,情绪退潮,观望,资金撤退型,,D,回避：资金撤退,-2.1
600191,华资实业,9.58,-42.0,0.7,5.3,0.35,2150755,-9862739,4875289,2321350,3509426,1956903,缩量,低,情绪退潮,进场,资金观望型,资金+业绩共振(双击候选),B,关注：资金+业绩共振,72.1
600192,长城电工,7.79,209.4,1.58,244.0,4.31,73296066,59766915,63023124,6023178,2406917,-5788047,放量,低,游资情绪,进场,资金观望型,纯资金炒作(亏损风险),C,谨慎：纯资金炒作,21.4
600202,哈空调,4.88,-26.7,0.95,4.8,-3.5,-5569864,-5727340,-11456642,-14496,0,-3263852,缩量,低,情绪退潮,观望,资金撤退型,,D,回避：资金撤退,-1.2
600197,伊力特,9.3,-64.1,1.8,-29.8,-5.81,-10145723,-21570779,-46647187,3083256,4171786,-3895185,缩量,低,情绪退潮,吸筹,资金撤退型,机构吸筹+盈利(关注),C,谨慎：资金流入未验证业绩,22.1
600198,大唐电信,7.74,-46.4,2.07,-17.8,0.22,2776599,-21696955,-51216086,949083,-2408436,-1406980,缩量,低,情绪退潮,进场,资金观望型,纯资金炒作(亏损风险),C,谨慎：纯资金炒作,12.1
600203,福日电子,10.28,-51.9,1.54,-13.0,-3.26,-29080727,-236807877,-203814026,10377228,7065532,-12434569,缩量,低,情绪退潮,观望,资金观望型,,D,回避：资金观望,-1.1
600208,衢州发展,2.81,-66.3,0.27,-21.1,-3.23,-22338083,-15692979,3313199,7595239,9992780,3734963,缩量,低,情绪退潮,观望,资金观望型,,D,回避：资金观望,-1.1
600211,西藏药业,35.9,-52.3,2.18,-65.0,-1.56,-7129774,-40236027,41600477,-15946345,-15098043,19916345,缩量,低,情绪退潮,观望,长线吸筹型,,D,回避：资金观望,-0.5
600210,紫江企业,6.35,18.5,0.92,-0.3,-1.47,-7114746,-13177342,-45841454,308513,5267933,11858257,缩量,低,情绪退潮,观望,资金撤退型,,D,回避：资金撤退,-0.5
600212,绿能慧充,6.01,-24.5,0.33,-38.4,-8.52,-22687723,-24915889,23112094,1961896,-395306,1403936,缩量,低,情绪退潮,观望,长线吸筹型,,D,回避：资金观望,-2.8
600206,有研新材,51.63,-36.2,2.55,-30.0,1.52,257337817,102630839,-1543829650,920108293,1041615085,-455129024,缩量,低,情绪退潮,吸筹,资金观望型,资金+业绩共振(双击候选),B,关注：资金+业绩共振,64.5
600216,浙江医药,12.41,-51.9,0.86,-64.2,-11.82,-100379493,-124884005,-215679993,-8501581,-649297,13657836,缩量,低,情绪退潮,观望,资金撤退型,,D,回避：资金撤退,-3.9
600215,派斯林,6.1,-65.0,1.09,-33.7,-3.66,-5659142,-6941574,-41454098,-855028,0,625286,缩量,低,情绪退潮,观望,资金撤退型,,D,回避：资金撤退,-1.2
600207,安彩高科,4.87,73.7,0.55,157.4,5.18,61062008,63747382,37906803,-4617935,-7326873,-4901039,放量,中,主力偏强放量,进场,趋势转多型,纯资金炒作(亏损风险),C,谨慎：纯资金炒作,29.7
600217,中再资环,3.27,-28.1,1.26,-8.0,4.17,9248206,27328483,36150026,-1361795,-2513844,1954496,缩量,低,情绪退潮,观望,主力建仓型,,D,回避：资金观望,1.4
600218,全柴动力,7.43,-61.6,0.67,-17.3,-7.04,-10482279,-3398664,-6708068,-384675,-45818,-2170489,缩量,低,情绪退潮,观望,资金观望型,,D,回避：资金观望,-2.3
600219,南山铝业,4.72,-32.6,0.81,-25.7,-12.22,-388905676,-321575153,-912561011,8216204,6118350,-6290530,缩量,低,情绪退潮,观望,资金观望型,,D,回避：资金观望,-4.1
600222,太龙药业,7.54,-23.2,1.56,-30.7,-3.28,-21407879,-57982864,-107418327,-3436682,-11786368,-4662039,缩量,低,情绪退潮,观望,资金撤退型,,D,回避：资金撤退,-1.1
600221,海航控股,1.24,-18.1,0.85,-14.1,-4.7,-57856316,-125359206,-298795858,-43553458,-9927480,14250046,缩量,低,情绪退潮,观望,资金撤退型,,D,回避：资金撤退,-1.6
600223,福瑞达,5.43,-23.1,1.38,-46.1,-0.28,-496259,-514164,-8880088,-2295778,-2729382,-5797232,缩量,低,情绪退潮,观望,资金撤退型,,D,回避：资金撤退,-0.1
600228,返利科技,11.19,59.2,3.3,60.3,2.77,45713918,106005753,63168846,-14942279,-15135760,18323748,放量,低,游资情绪,观望,趋势转多型,,D,回避：资金观望,8.9
600227,赤天化,4.0,41.7,0.72,-12.9,-6.79,-283762737,-108341268,146860891,-26779781,-23251272,42374411,缩量,低,情绪退潮,观望,高位分歧型,,D,回避：资金观望,-2.3
600230,沧州大化,13.46,-61.1,1.0,-18.2,-5.94,-44650041,-74527063,-72491143,420224,316577,2526356,缩量,低,情绪退潮,观望,资金观望型,,D,回避：资金观望,-2.0
600226,亨通股份,6.08,-59.8,5.08,-24.7,0.49,11677622,-152545754,-374607331,39235885,37341985,-33924351,缩量,低,情绪退潮,吸筹,资金观望型,资金+业绩共振(双击候选),B,关注：资金+业绩共振,64.2
600232,金鹰股份,6.43,-38.8,0.3,-0.0,2.61,3899181,4853731,-1402877,-824439,0,-951045,缩量,低,情绪退潮,观望,趋势转多型,,D,回避：资金观望,0.9
600236,桂冠电力,9.83,-70.9,1.25,18.8,-2.11,-15322345,-4723736,-21154898,-10176748,-6277633,12290968,缩量,低,情绪退潮,观望,资金观望型,,D,回避：资金观望,-0.7
600229,城市传媒,5.57,148.3,1.77,315.1,4.24,18467894,18155752,19449653,3322181,3769438,-3397386,放量,低,游资情绪,吸筹,资金观望型,纯资金炒作(亏损风险),C,谨慎：纯资金炒作,13.4
600235,民丰特纸,5.67,4.1,0.77,-5.1,-8.03,-11959114,-16665652,-24854450,1525687,-719820,-1611066,缩量,低,情绪退潮,观望,资金撤退型,,D,回避：资金撤退,-2.7
600241,时代万恒,7.14,-54.7,0.56,-14.5,-1.23,-1399021,-5210847,-8022474,-680271,0,-484561,缩量,低,情绪退潮,观望,资金撤退型,,D,回避：资金撤退,-0.4
600231,凌钢股份,1.69,-25.1,0.8,5.7,0.89,1237340,1611154,-13349114,1028572,-2187746,-2191450,缩量,低,情绪退潮,进场,趋势转多型,纯资金炒作(亏损风险),C,谨慎：纯资金炒作,12.3
600248,陕建股份,2.83,-16.2,1.41,-6.1,-2.31,-4829749,-18084975,-25626017,3728274,2671325,-5664157,缩量,低,情绪退潮,观望,资金撤退型,,D,回避：资金撤退,-0.8
600250,南京商旅,8.71,37.5,0.26,-49.7,-7.74,-57243760,-86267822,32883835,2800895,713239,5100314,缩量,低,情绪退潮,观望,长线吸筹型,,D,回避：资金观望,-2.6
600233,XD圆通速,16.94,-50.6,0.8,2.4,3.2,71682608,171603620,155402788,17250693,2491107,-32252365,缩量,低,情绪退潮,进场,趋势转多型,资金+业绩共振(双击候选),B,关注：资金+业绩共振,73.1
600237,铜峰电子,9.74,-0.2,2.79,177.7,3.88,148098099,70179546,-21825670,3141046,5225471,1140201,缩量,低,情绪退潮,进场,资金观望型,资金+业绩共振(双击候选),B,关注：资金+业绩共振,73.3
600234,科新发展,20.72,-55.1,0.27,250.5,10.14,39119806,57380138,42431488,-4432680,-3192100,5005693,缩量,高,主力控盘,控盘,短线抢筹型,控盘+亏损(警惕),C,谨慎：控盘但亏损,27.4
600251,冠农股份,10.17,101.9,0.41,0.7,-9.85,-150196131,-257652029,-211194028,-5180328,4146699,-13383145,放量,低,游资情绪,观望,资金观望型,,D,回避：资金观望,4.7
600246,万通发展,13.35,-35.7,5.18,-14.3,1.49,83074869,90849154,-72921250,24623923,-19214043,-17446630,缩量,低,情绪退潮,进场,趋势转多型,纯资金炒作(亏损风险),C,谨慎：纯资金炒作,12.5
600249,两面针,5.45,184.8,0.4,117.7,0.32,1523380,7342561,-5136978,5723460,-223398,2308127,放量,低,游资情绪,进场,趋势转多型,资金+业绩共振(双击候选),B,关注：资金+业绩共振,80.1
600256,广汇能源,6.89,14.7,0.56,9.7,-2.03,-97821499,-263605374,-419886707,45836916,14347730,-43150243,缩量,低,情绪退潮,观望,资金撤退型,,D,回避：资金撤退,-0.7
600252,中恒集团,2.18,-39.4,1.59,-41.7,6.53,33846193,22811464,-4196944,5706745,5554616,-9339085,缩量,中,主力惜售,进场,资金观望型,纯资金炒作(亏损风险),C,谨慎：纯资金炒作,26.2
600258,首旅酒店,11.29,-45.6,0.86,19.9,-9.79,-99400217,-51846726,-63935980,6480372,3113275,-4865388,缩量,低,情绪退潮,观望,资金观望型,,D,回避：资金观望,-3.3
600262,北方股份,14.91,-26.1,0.28,-47.0,-2.62,-8284958,-5532122,-10021896,-3251426,-798105,7019211,缩量,低,情绪退潮,观望,资金观望型,,D,回避：资金观望,-0.9
600266,城建发展,4.06,-48.0,0.6,-25.4,-0.97,-4720028,-5802535,26497009,543306,214241,-3141883,缩量,低,情绪退潮,观望,资金观望型,,D,回避：资金观望,-0.3
600268,国电南自,10.45,-54.2,0.35,12.3,-0.41,-2352793,-37673820,-117410160,-2358885,605505,-3330097,缩量,低,情绪退潮,观望,资金撤退型,,D,回避：资金撤退,-0.1
600255,鑫科材料,3.72,37.8,2.0,160.6,6.12,234223258,311936227,282235594,-29949077,-42625962,21900610,缩量,中,主力惜售,进场,短线抢筹型,资金+业绩共振(双击候选),B,关注：资金+业绩共振,86.0
600259,中稀有色,82.9,-19.9,0.75,-28.2,3.01,90794020,18561852,-513155102,28758230,45327834,-25647881,缩量,低,情绪退潮,吸筹,资金观望型,资金+业绩共振(双击候选),B,关注：资金+业绩共振,65.0
600267,海正药业,11.36,-70.3,1.14,-62.4,-3.87,-36214267,-94248294,-176614050,7792868,1768950,2369627,缩量,低,情绪退潮,观望,资金撤退型,,D,回避：资金撤退,-1.3
600269,赣粤高速,3.83,-28.1,1.39,17.7,-2.38,-8478975,16604647,49582792,8199280,3703553,-6699869,缩量,低,情绪退潮,观望,高位分歧型,,D,回避：资金观望,-0.8
600257,大湖股份,5.51,-26.3,1.01,34.1,-11.25,-57731742,-130998867,-155615188,2905908,2594064,-2397378,缩量,低,情绪退潮,吸筹,资金撤退型,机构吸筹+盈利(关注),C,谨慎：资金流入未验证业绩,20.2
600261,阳光照明,3.2,-7.0,0.13,-45.7,3.14,4492232,2359185,-10788306,1733881,2380015,-2092593,缩量,低,情绪退潮,吸筹,资金观望型,资金+业绩共振(双击候选),B,关注：资金+业绩共振,65.0
600271,航天信息,6.72,-54.8,0.69,2.1,-4.96,-16114578,-10447820,-35177585,1143166,538289,-4701257,缩量,低,情绪退潮,观望,资金观望型,,D,回避：资金观望,-1.7
600272,开开实业,14.92,378.0,1.33,-49.8,-3.58,-42593820,43084095,132913376,-11974526,-3149537,19148468,放量,低,游资情绪,观望,资金观望型,,D,回避：资金观望,6.8
600276,恒瑞医药,43.52,-67.5,1.65,-41.7,-13.25,-1796987903,-2677888202,-5373713256,-20670037,-79351573,3199005,缩量,低,情绪退潮,观望,资金撤退型,,D,回避：资金撤退,-4.4
600273,嘉化能源,6.45,13.5,0.97,-25.9,-0.28,-1363292,9792208,-7292363,-15899552,-21357665,-6155623,缩量,低,情绪退潮,观望,资金观望型,,D,回避：资金观望,-0.1
600278,东方创业,6.35,-22.5,0.75,-28.8,-8.06,-13206762,-6897819,-11071336,-2651152,75446,2579910,缩量,低,情绪退潮,观望,资金观望型,,D,回避：资金观望,-2.7
600279,重庆港,4.36,-24.4,1.69,33.6,-3.98,-9672953,-10514525,-14272387,4776297,1813350,-6213236,缩量,低,情绪退潮,观望,资金撤退型,,D,回避：资金撤退,-1.3
600280,中央商场,2.93,66.3,2.06,241.6,0.86,12864048,76663837,53122592,-17782460,-8183166,25064300,放量,低,游资情绪,观望,趋势转多型,,D,回避：资金观望,8.3
600283,钱江水利,8.04,-43.8,0.84,22.5,-2.99,-4917955,-13161359,-11357603,343879,-700800,-914829,缩量,低,情绪退潮,观望,资金观望型,,D,回避：资金观望,-1.0
600285,羚锐制药,19.16,-69.2,1.74,-33.2,-8.35,-49054445,-68799736,-123695472,-8916673,-3008215,14012258,缩量,低,情绪退潮,观望,资金撤退型,,D,回避：资金撤退,-2.8
600284,浦东建设,5.04,-49.6,0.44,-15.1,-7.74,-14434333,-26037266,-50722696,49152,-303361,-3762575,缩量,低,情绪退潮,观望,资金撤退型,,D,回避：资金撤退,-2.6
600287,苏豪时尚,4.84,-11.5,0.54,-6.1,-0.26,-230259,-3120618,-9070319,95398,0,-1482366,缩量,低,情绪退潮,观望,资金撤退型,,D,回避：资金撤退,-0.1
600293,三峡新材,3.09,-19.7,2.03,30.0,-1.1,-9918322,-20170205,-8533019,-732190,343789,-621085,缩量,低,情绪退潮,观望,资金观望型,,D,回避：资金观望,-0.4
600288,大恒科技,10.78,-81.4,3.54,-21.9,-8.87,-59032829,-65543068,-119326196,-4492269,-1435021,10099137,缩量,低,情绪退潮,观望,资金撤退型,,D,回避：资金撤退,-3.0
600292,电投水电,11.93,-52.6,0.65,-17.7,-3.76,-18967678,-37373321,-52322830,-865613,-144325,4465164,缩量,低,情绪退潮,观望,资金撤退型,,D,回避：资金撤退,-1.3
600295,鄂尔多斯,13.32,9.7,1.03,20.0,-6.21,-36963866,37071076,94387668,-15554976,-8821691,32057985,缩量,低,情绪退潮,观望,高位分歧型,,D,回避：资金观望,-2.1
600282,XD南钢股,4.63,-2.7,0.89,-15.7,1.97,13942442,83581454,73996903,151826,3216509,-3723622,缩量,低,情绪退潮,进场,趋势转多型,资金+业绩共振(双击候选),B,关注：资金+业绩共振,72.7
600281,华阳新材,4.65,-6.7,0.91,-64.3,1.74,4400988,6370067,64185958,617469,880658,-1621153,缩量,低,情绪退潮,进场,长线吸筹型,纯资金炒作(亏损风险),C,谨慎：纯资金炒作,12.6
600298,安琪酵母,40.5,-44.1,2.38,-29.4,1.47,17091408,14908854,-114675055,-5215452,-8579910,13017025,缩量,低,情绪退潮,观望,资金观望型,,D,回避：资金观望,0.5
600299,安迪苏,8.33,-27.2,1.17,-0.0,-7.98,-105182119,-131220100,-304277623,-4216686,303618,-28982766,缩量,低,情绪退潮,观望,资金撤退型,,D,回避：资金撤退,-2.7
600300,维维股份,3.13,17.1,0.54,7.9,-0.69,-3555300,-11064008,-8610688,8521665,4193518,-11331947,缩量,低,情绪退潮,观望,资金观望型,,D,回避：资金观望,-0.2
600309,万华化学,70.78,16.7,1.02,-14.3,-4.54,-504958639,-27106663,706248327,-211128499,-262369444,196766873,缩量,低,情绪退潮,观望,高位分歧型,,D,回避：资金观望,-1.5
600305,恒顺醋业,6.69,-24.0,1.42,-15.8,-2.62,-5573762,-13895013,-20472956,2133356,3562712,-3624897,缩量,低,情绪退潮,观望,资金撤退型,,D,回避：资金撤退,-0.9
600308,华泰股份,3.21,-39.7,0.22,7.8,-1.52,-1776068,6285333,2675719,-504035,-3538749,-1315387,缩量,低,情绪退潮,观望,资金观望型,,D,回避：资金观望,-0.5
600310,广西能源,4.8,14.2,0.44,156.1,-0.64,-19289828,-61168962,-72179303,-37704420,-22377440,65039987,缩量,低,情绪退潮,观望,资金撤退型,,D,回避：资金撤退,-0.2
600312,平高电气,19.07,-50.4,0.73,-12.9,3.22,42438044,25228745,-22080832,-22073462,-9250002,32327178,缩量,低,情绪退潮,观望,资金观望型,,D,回避：资金观望,1.1
600313,农发种业,6.76,269.3,0.37,-9.7,-2.41,-90431938,-246088201,7686023,-31073282,-14550478,52769092,放量,低,游资情绪,观望,资金观望型,,D,回避：资金观望,7.2
600315,上海家化,17.67,-6.4,1.29,-22.4,-2.8,-17148959,13246134,21642648,6172322,5210518,-8121052,缩量,低,情绪退潮,观望,资金观望型,,D,回避：资金观望,-0.9
600301,华锡有色,45.43,-100.0,1.04,-24.1,5.39,106507331,70622101,-23279864,0,0,0,缩量,中,主力惜售,进场,资金观望型,资金+业绩共振(双击候选),B,关注：资金+业绩共振,85.8
600303,曙光股份,2.9,-9.0,1.14,27.3,2.97,14486944,6487934,18893241,3854273,-1525935,-5679018,缩量,低,情绪退潮,进场,资金观望型,纯资金炒作(亏损风险),C,谨慎：纯资金炒作,13.0
600316,洪都航空,32.74,35.9,0.63,10.3,-2.01,-38859325,-82498405,156576980,-15923513,-22384136,10936743,缩量,低,情绪退潮,观望,长线吸筹型,,D,回避：资金观望,-0.7
600318,新力金融,6.56,244.2,1.04,280.2,-0.97,-27285500,91827490,161343216,-2119545,-1289275,703900,放量,低,游资情绪,观望,资金观望型,,D,回避：资金观望,7.7
600307,酒钢宏兴,1.49,-28.7,0.61,27.6,-4.56,-14592944,-36280536,-62920593,11676687,11147955,-8964736,缩量,低,情绪退潮,吸筹,资金撤退型,纯资金炒作(亏损风险),C,谨慎：纯资金炒作,2.5
600319,亚星化学,6.22,6.6,0.84,-29.5,-5.26,-8057040,-13623564,-11111190,-2431723,0,2055067,缩量,低,情绪退潮,观望,资金观望型,,D,回避：资金观望,-1.8
600320,振华重工,4.15,-6.7,0.91,23.3,-6.07,-54765718,-44050926,-73893871,-6986738,-5941844,202514,缩量,低,情绪退潮,观望,资金观望型,,D,回避：资金观望,-2.0
600323,瀚蓝环境,29.6,-29.9,1.39,-0.6,-5.6,-38748441,-79277053,-79773530,-559033,-4319538,-1991153,缩量,低,情绪退潮,观望,资金撤退型,,D,回避：资金撤退,-1.9
600326,西藏天路,6.75,-60.6,1.43,-45.0,-14.93,-87318130,-138527404,-170714175,-6670767,-1423109,9180966,缩量,低,情绪退潮,观望,资金撤退型,,D,回避：资金撤退,-5.0
600327,大东方,3.85,19.4,0.84,-31.4,-2.08,-7667805,-21347609,15888374,-1335150,-1312556,5160994,缩量,低,情绪退潮,观望,长线吸筹型,,D,回避：资金观望,-0.7
600328,中盐化工,5.72,32.4,0.34,6.5,-0.79,-5292145,4279623,-30591348,-13551636,-11944732,3308350,缩量,低,情绪退潮,观望,资金观望型,,D,回避：资金观望,-0.3
600329,达仁堂,34.11,-68.9,2.05,-26.9,-10.83,-30054981,-44008913,-79979650,-2073161,896439,7334266,缩量,低,情绪退潮,观望,资金撤退型,,D,回避：资金撤退,-3.6
600331,宏达股份,11.48,-28.0,0.71,-10.0,-9.59,-256612591,-213742163,-188324399,-48885532,-40689517,74601454,缩量,低,情绪退潮,观望,资金观望型,,D,回避：资金观望,-3.2
600322,津投城开,2.61,-66.9,3.12,-1.2,1.43,3693382,5678026,-16855204,216998,-624111,-490469,缩量,低,情绪退潮,进场,趋势转多型,纯资金炒作(亏损风险),C,谨慎：纯资金炒作,12.5
600333,长春燃气,6.55,14.1,1.4,40.1,-4.23,-23738175,-21082237,-40052979,-4824908,-3687384,3980630,缩量,低,情绪退潮,观望,资金观望型,,D,回避：资金观望,-1.4
600338,西藏珠峰,12.76,-59.1,0.38,-37.1,-8.03,-122893462,-270611053,-246259956,-5646097,-9612410,11845494,缩量,低,情绪退潮,观望,资金观望型,,D,回避：资金观望,-2.7
600325,华发股份,2.37,-29.0,1.38,-11.7,2.25,13916664,55575311,-35589756,1707045,-3779655,-9834912,缩量,低,情绪退潮,进场,趋势转多型,纯资金炒作(亏损风险),C,谨慎：纯资金炒作,12.8
600336,澳柯玛,6.26,-24.4,1.0,83.1,-6.81,-20214327,32398646,10523849,-3749764,-1855668,4479153,缩量,低,情绪退潮,观望,资金观望型,,D,回避：资金观望,-2.3
600335,国机汽车,5.1,-26.9,1.25,-54.6,-1.75,-4686552,-9006334,-2382396,-232355,-413860,961677,缩量,低,情绪退潮,观望,资金观望型,,D,回避：资金观望,-0.6
600339,中油工程,3.33,-29.5,0.51,-11.4,-0.76,-6380360,2072404,-91133815,1045425,-1329980,-8062614,缩量,低,情绪退潮,观望,资金观望型,,D,回避：资金观望,-0.3
600330,天通股份,30.85,62.7,0.53,-7.4,-0.96,-140967690,649438365,430217832,444569191,381477958,-405627158,放量,低,游资情绪,抢筹,资金观望型,纯资金炒作(亏损风险),C,谨慎：纯资金炒作,27.7
600332,白云山,19.45,-49.2,1.58,-34.3,-2.37,-14512882,-31334538,-87837041,4719645,5948005,-1880977,缩量,低,情绪退潮,吸筹,资金撤退型,机构吸筹+盈利(关注),C,谨慎：资金流入未验证业绩,23.2
600346,恒力石化,16.53,-44.4,1.01,-25.2,-2.55,-65696892,-61136163,1645492,-55126293,-31171259,48084923,缩量,低,情绪退潮,观望,资金观望型,,D,回避：资金观望,-0.8
600343,航天动力,20.02,-37.0,0.4,136.0,6.02,262452141,323943940,313652729,-12439946,-3069666,25105104,缩量,中,主力惜售,进场,短线抢筹型,纯资金炒作(亏损风险),C,谨慎：纯资金炒作,26.0
600348,华阳股份,9.18,18.7,0.4,-8.2,-4.43,-63576443,-11675649,-171346896,50045233,27219356,-38423670,缩量,低,情绪退潮,观望,资金观望型,,D,回避：资金观望,-1.5
600352,浙江龙盛,11.58,-42.2,1.89,-24.3,1.14,30189715,109353801,96849523,-18613565,-19882763,28885678,缩量,低,情绪退潮,观望,趋势转多型,,D,回避：资金观望,0.4
600351,亚宝药业,6.61,-31.0,1.21,-36.7,-5.95,-32783575,-54723578,-105052907,-2813741,-4549655,-1911478,缩量,低,情绪退潮,观望,资金撤退型,,D,回避：资金撤退,-2.0
600345,长江通信,53.83,-4.5,0.55,25.5,2.07,66660578,81372687,217802554,6960627,1961149,-39471805,缩量,低,情绪退潮,进场,均衡流入型,资金+业绩共振(双击候选),B,关注：资金+业绩共振,72.7
600354,敦煌种业,8.86,806.7,1.31,55.4,-3.78,-296438041,-81931108,182505446,-97305315,-55992187,94495561,放量,低,游资情绪,观望,资金观望型,,D,回避：资金观望,6.7
600356,恒丰纸业,9.26,-9.3,0.4,49.1,-1.57,-5358582,-2623922,-15835990,-1408350,-1044120,-1683830,缩量,低,情绪退潮,观望,资金观望型,,D,回避：资金观望,-0.5
600358,国旅联合,5.01,-61.0,0.31,68.8,0.25,259683,-140028,-13616223,-1287640,609920,1088368,缩量,低,情绪退潮,观望,资金观望型,,D,回避：资金观望,0.1
600350,山东高速,10.18,-17.9,2.7,-4.6,7.32,64872026,58586182,6904645,-1200102,-3193741,-3302201,缩量,中,主力惜售,进场,资金观望型,资金+业绩共振(双击候选),B,关注：资金+业绩共振,86.4
600361,创新新材,3.53,-43.7,0.54,-24.2,-4.96,-30645166,-27895774,-51475832,382262,9014460,6075572,缩量,低,情绪退潮,观望,资金观望型,,D,回避：资金观望,-1.7
600353,旭光电子,34.03,32.3,3.23,-39.5,2.22,192092505,-60906164,-234892276,168178159,143707739,-170353112,缩量,低,情绪退潮,进场,资金观望型,资金+业绩共振(双击候选),B,关注：资金+业绩共振,72.7
600359,新农开发,7.58,2342.1,0.64,84.5,6.03,184937069,130575190,185501684,-78674014,-72660505,29740192,放量,中,主力偏强放量,进场,资金观望型,纯资金炒作(亏损风险),C,谨慎：纯资金炒作,30.0
600367,红星发展,36.37,-32.0,1.65,-56.0,-1.92,-88961699,-408763423,-40800874,54886604,36058987,-68536199,缩量,低,情绪退潮,观望,长线吸筹型,,D,回避：资金观望,-0.6
600362,江西铜业,44.1,-27.5,1.56,-2.0,-4.2,-654865920,-531468758,-110610978,69187661,25427190,-78936143,缩量,低,情绪退潮,观望,资金观望型,,D,回避：资金观望,-1.4
600366,宁波韵升,11.17,-82.8,3.73,-34.7,-0.98,-9188017,-34113829,-124122432,-9966838,-14303053,12862041,缩量,低,情绪退潮,观望,资金撤退型,,D,回避：资金撤退,-0.3
600360,华微电子,11.08,-36.8,5.48,18.2,5.48,222132700,109440428,75155149,16223549,21328838,-4625932,缩量,中,主力惜售,吸筹,资金观望型,资金+业绩共振(双击候选),B,关注：资金+业绩共振,77.8
600369,西南证券,3.96,-43.0,1.87,4.1,-4.08,-28487452,-31993028,-42615830,-2562015,-2362808,5709767,缩量,低,情绪退潮,观望,资金撤退型,,D,回避：资金撤退,-1.4
600368,五洲交通,4.14,215.8,1.34,-7.2,-6.49,-45481278,-66434486,11667338,-40280047,-37937145,25418414,放量,低,游资情绪,观望,长线吸筹型,,D,回避：资金观望,5.8
600372,中航机载,11.39,-19.8,0.86,83.2,-12.78,-227796130,-149428652,-269700921,-36742372,-41194654,10321597,缩量,低,情绪退潮,观望,资金观望型,,D,回避：资金观望,-4.3
600373,中文传媒,7.31,-25.2,1.13,22.1,-6.98,-25167137,-12320250,-21985084,-82798,2736269,2946007,缩量,低,情绪退潮,观望,资金观望型,,D,回避：资金观望,-2.3
600376,首开股份,3.09,-81.0,2.0,-51.8,-13.62,-74639478,-92449905,-229119103,-3615519,-496993,7255647,缩量,低,情绪退潮,观望,资金撤退型,,D,回避：资金撤退,-4.5
600375,汉马科技,3.67,-8.2,1.16,15.7,-7.73,-40347633,-37643567,-59260214,7159376,5486348,-15266724,缩量,低,情绪退潮,观望,资金观望型,,D,回避：资金观望,-2.6
600363,联创光电,15.46,-42.8,1.6,-40.9,-6.3,-89096548,-206574877,-551405866,25520621,16686342,-15488864,缩量,低,情绪退潮,吸筹,资金撤退型,机构吸筹+盈利(关注),C,谨慎：资金流入未验证业绩,21.9
600377,宁沪高速,12.8,-14.0,1.52,-3.3,-1.01,-6973713,-29281844,-14058647,-8631686,-6797470,8474627,缩量,低,情绪退潮,观望,资金观望型,,D,回避：资金观望,-0.3
600371,万向德农,14.22,1842.1,0.78,150.3,3.15,146848545,-3315249,212857886,209286376,253977830,-106660017,放量,低,游资情绪,抢筹,资金观望型,资金+业绩共振(双击候选),B,关注：资金+业绩共振,89.0
600379,宝光股份,13.75,-73.8,3.99,-48.7,-5.43,-38219792,-31939585,-189841965,-8369754,-4805378,15372284,缩量,低,情绪退潮,观望,资金观望型,,D,回避：资金观望,-1.8
600382,广东明珠,6.26,-60.3,0.41,-19.8,-4.56,-12352161,3614744,2052659,-1552941,-2055163,-326960,缩量,低,情绪退潮,观望,资金观望型,,D,回避：资金观望,-1.5
600386,北巴传媒,3.46,-10.6,0.74,13.7,1.69,2383231,3263722,10689225,-991238,-1330078,-2527136,缩量,低,情绪退潮,观望,均衡流入型,,D,回避：资金观望,0.6
600388,紫金龙净,17.73,-54.4,0.78,3.3,-7.52,-51723214,17070364,37251139,4058433,5356848,3428061,缩量,低,情绪退潮,观望,资金观望型,,D,回避：资金观望,-2.5
600391,航发科技,41.33,63.7,0.51,185.5,-3.07,-142287797,29734920,81828955,-89918612,-59963199,84309158,放量,低,游资情绪,观望,资金观望型,,D,回避：资金观望,7.0
600378,昊华科技,48.44,-31.4,9.2,-8.2,0.72,95108872,-136989453,-643558785,23276551,6660880,973226,缩量,低,情绪退潮,进场,资金观望型,资金+业绩共振(双击候选),B,关注：资金+业绩共振,72.2
600392,盛和资源,21.89,-65.4,0.98,-35.9,-1.67,-63579080,-341073831,-643757075,17044588,40593979,17561752,缩量,低,情绪退潮,观望,资金撤退型,,D,回避：资金撤退,-0.6
600380,健康元,9.18,-43.4,1.62,-32.2,2.71,14831542,32888623,-9344986,8507511,1842009,-7535528,缩量,低,情绪退潮,进场,趋势转多型,资金+业绩共振(双击候选),B,关注：资金+业绩共振,72.9
600383,金地集团,2.15,-30.0,1.09,-9.3,-10.09,-73179053,-101102784,-7213896,14612604,16818861,-15691944,缩量,低,情绪退潮,吸筹,长线吸筹型,纯资金炒作(亏损风险),C,谨慎：纯资金炒作,0.6
600398,海澜之家,5.82,23.2,0.87,50.7,-0.4,-6257690,-60706018,-78162599,18911734,15514085,-20988662,缩量,低,情绪退潮,观望,资金撤退型,,D,回避：资金撤退,-0.1
600389,江山股份,18.66,-30.6,0.81,25.7,2.69,35341676,31488477,11749296,10731792,11564808,2950441,缩量,低,情绪退潮,进场,资金观望型,资金+业绩共振(双击候选),B,关注：资金+业绩共振,72.9
600390,五矿资本,4.89,-17.4,1.51,-15.5,3.67,38604897,36200410,13465561,8515976,8357847,1763042,缩量,低,情绪退潮,进场,资金观望型,资金+业绩共振(双击候选),B,关注：资金+业绩共振,73.2
600399,抚顺特钢,4.47,-10.4,0.77,17.7,-9.87,-80282270,-41251663,-11328277,-3755179,-4231949,10610612,缩量,低,情绪退潮,观望,资金观望型,,D,回避：资金观望,-3.3
600395,盘江股份,5.17,-5.8,0.99,-38.4,4.07,31146423,-36205349,-211903653,8521537,5498194,-9891248,缩量,低,情绪退潮,进场,资金观望型,资金+业绩共振(双击候选),B,关注：资金+业绩共振,73.4
600396,华电辽能,13.55,-44.7,1.39,19.6,-2.79,-408482822,-330094966,-851846904,84229561,92464658,-13692738,缩量,低,情绪退潮,吸筹,资金观望型,机构吸筹+盈利(关注),C,谨慎：资金流入未验证业绩,23.1
600397,江钨装备,17.16,-27.2,2.05,-26.4,0.9,48639403,-166347047,253669900,8987348,18511387,32509172,缩量,低,情绪退潮,进场,长线吸筹型,纯资金炒作(亏损风险),C,谨慎：纯资金炒作,12.3
600406,国电南瑞,22.02,-70.0,0.71,-19.8,-7.87,-222988072,-568660053,-968297394,-47788984,-47828511,38954540,缩量,低,情绪退潮,观望,资金撤退型,,D,回避：资金撤退,-2.6
600405,动力源,5.0,-48.8,1.43,0.2,-3.59,-7681302,-27460470,-47336564,2710903,2729335,-3808763,缩量,低,情绪退潮,观望,资金撤退型,,D,回避：资金撤退,-1.2
600408,安泰集团,3.08,2.0,1.08,-30.1,-2.93,-21806883,-21624312,-18245255,-1946244,-3715106,2148829,缩量,低,情绪退潮,观望,资金观望型,,D,回避：资金观望,-1.0
600409,三友化工,6.4,-51.6,0.83,-23.7,-7.55,-75898359,-110796974,-86794587,-10832285,-9136682,-2216115,缩量,低,情绪退潮,观望,资金观望型,,D,回避：资金观望,-2.5
600400,红豆股份,3.2,2.0,2.19,49.9,4.14,39717241,108078841,-92363,-3043678,8401480,-78100,缩量,低,情绪退潮,吸筹,趋势转多型,纯资金炒作(亏损风险),C,谨慎：纯资金炒作,5.4
600410,华胜天成,15.79,78.3,0.2,113.2,4.64,514372660,142655513,603764099,-40714686,-24808099,5983806,放量,低,游资情绪,观望,资金观望型,,D,回避：资金观望,9.5
600415,小商品城,11.47,-67.1,0.64,-31.3,-16.07,-368737533,-340740852,-87131991,-43250494,-18375504,32991918,缩量,低,情绪退潮,观望,长线吸筹型,,D,回避：资金观望,-5.4
600403,大有能源,6.71,49.1,3.95,-16.5,3.56,184678836,101085877,456460218,5016734,328902,15156124,缩量,低,情绪退潮,进场,资金观望型,纯资金炒作(亏损风险),C,谨慎：纯资金炒作,13.2
600416,湘电股份,8.5,-60.1,0.65,21.0,-1.98,-12062789,-10216814,-80061324,-2604610,-1740164,1706375,缩量,低,情绪退潮,观望,资金观望型,,D,回避：资金观望,-0.7
600418,江淮汽车,19.05,-32.7,1.34,3.5,-1.6,-96990895,81546778,-261046649,-104591083,-142219709,25774298,缩量,低,情绪退潮,观望,资金观望型,,D,回避：资金观望,-0.5
600419,天润乳业,8.47,-52.5,1.04,-6.0,-6.14,-14970300,-22773321,-19827657,-2188804,-2582293,618822,缩量,低,情绪退潮,观望,资金观望型,,D,回避：资金观望,-2.0
600422,昆药集团,8.1,-76.7,2.15,-48.0,-6.79,-11023768,-17247763,-29127956,-124156,-772954,-76765,缩量,低,情绪退潮,观望,资金撤退型,,D,回避：资金撤退,-2.3
600425,青松建化,3.64,-9.9,0.63,-18.1,-3.8,-9851040,-13721121,-27148380,4061730,1409153,-1585733,缩量,低,情绪退潮,观望,资金撤退型,,D,回避：资金撤退,-1.3
600426,华鲁恒升,19.73,-51.2,1.12,-32.1,-5.9,-182574271,-278447002,-225061630,-17879352,-20501967,-3718387,缩量,低,情绪退潮,观望,资金观望型,,D,回避：资金观望,-2.0
600428,中远海特,11.04,-45.9,2.99,-12.5,-5.75,-132305307,-270965628,-473679776,-31032760,-11175868,71205271,缩量,低,情绪退潮,观望,资金撤退型,,D,回避：资金撤退,-1.9
600435,北方导航,11.24,-10.9,0.59,41.7,-8.27,-114885978,22770565,-24840482,-16399628,-11353693,8195709,缩量,低,情绪退潮,观望,资金观望型,,D,回避：资金观望,-2.8
600438,通威股份,11.21,-71.3,0.54,-22.5,-6.62,-98491617,-77423927,-269286149,3592838,1818310,1518282,缩量,低,情绪退潮,观望,资金观望型,,D,回避：资金观望,-2.2
600444,国机通用,13.69,-33.3,0.71,-40.1,-1.48,-1994164,-6434456,-6765232,-780243,0,1467510,缩量,低,情绪退潮,观望,资金撤退型,,D,回避：资金撤退,-0.5
600436,片仔癀,116.6,-83.8,2.8,-48.0,-9.8,-113549548,-133763053,-242766795,-13689899,-1016073,14597126,缩量,低,情绪退潮,观望,资金撤退型,,D,回避：资金撤退,-3.3
600420,国药现代,8.26,-71.2,1.4,-43.3,-1.84,-4149835,-14903187,-45840958,1239665,1250600,-1239615,缩量,低,情绪退潮,吸筹,资金撤退型,机构吸筹+盈利(关注),C,谨慎：资金流入未验证业绩,23.4
600449,宁夏建材,12.49,-10.1,1.98,-50.8,-5.72,-29296971,-38363381,-21906450,-2852283,-3591886,-4481365,缩量,低,情绪退潮,观望,资金观望型,,D,回避：资金观望,-1.9
600446,金证股份,10.45,-48.7,0.56,-25.2,-6.43,-33573883,-75574217,-102256701,-1278848,-3982295,1291844,缩量,低,情绪退潮,观望,资金撤退型,,D,回避：资金撤退,-2.1
600429,三元股份,4.51,-32.9,0.94,-4.0,0.85,2209538,-3775570,-7136979,2911643,866543,-5032495,缩量,低,情绪退潮,进场,资金观望型,纯资金炒作(亏损风险),C,谨慎：纯资金炒作,12.3
600448,华纺股份,2.93,19.4,0.5,5.7,6.39,15229644,17854421,12244161,-377676,-195799,1542019,缩量,中,主力惜售,进场,短线抢筹型,纯资金炒作(亏损风险),C,谨慎：纯资金炒作,26.1
600433,冠豪高新,3.26,-51.6,0.38,-25.2,-4.48,-15322983,-30372242,-29545594,5487458,5187197,-3368250,缩量,低,情绪退潮,吸筹,资金观望型,纯资金炒作(亏损风险),C,谨慎：纯资金炒作,2.5
600458,时代新材,11.74,-72.8,4.1,-25.3,-2.31,-17336078,2639748,12784542,8403221,1812692,-4006076,缩量,低,情绪退潮,观望,资金观望型,,D,回避：资金观望,-0.8
600455,博通股份,22.96,-19.6,1.19,2.6,1.91,3503656,11125525,10022537,-1805633,0,2243869,缩量,低,情绪退潮,观望,趋势转多型,,D,回避：资金观望,0.6
600456,宝钛股份,25.55,-59.8,0.53,-20.3,-0.97,-6042360,-16883970,-86000302,-2906605,-3009616,2421221,缩量,低,情绪退潮,观望,资金撤退型,,D,回避：资金撤退,-0.3
600459,贵研铂业,19.44,-74.2,1.67,-54.5,-7.87,-94735402,-149519537,-345978242,10498765,1805933,-3476207,缩量,低,情绪退潮,观望,资金撤退型,,D,回避：资金撤退,-2.6
600460,士兰微,31.34,-47.6,6.82,-62.1,-2.04,-172146734,-635395571,-883283967,188947044,121879449,-180226852,缩量,低,情绪退潮,观望,资金撤退型,,D,回避：资金撤退,-0.7
600452,涪陵电力,9.12,-32.9,0.76,6.9,0.0,41328,-8047823,-22030562,5665607,14649217,16405195,缩量,低,情绪退潮,进场,资金观望型,资金+业绩共振(双击候选),B,关注：资金+业绩共振,72.0
600468,百利电气,6.44,-22.2,0.64,-0.9,1.31,18783675,-12816379,18665788,-3797586,-3420501,3326285,缩量,低,情绪退潮,观望,资金观望型,,D,回避：资金观望,0.4
600461,洪城环境,9.06,-8.8,1.2,11.2,-0.51,-2908880,12280621,14287552,-7583339,-4699352,5732590,缩量,低,情绪退潮,观望,资金观望型,,D,回避：资金观望,-0.2
600470,六国化工,5.72,-57.1,1.52,-19.7,-2.9,-22717165,16206247,73004292,-3491018,-8449202,-4981485,缩量,低,情绪退潮,观望,高位分歧型,,D,回避：资金观望,-1.0
600463,空港股份,7.86,-29.5,1.28,-0.4,-2.35,-2929648,1778080,-4867041,167752,789472,-396999,缩量,低,情绪退潮,吸筹,资金观望型,纯资金炒作(亏损风险),C,谨慎：纯资金炒作,3.2
600478,科力远,4.71,-30.1,0.37,-27.1,1.07,4086702,1053470,-7456580,-2180305,-2955841,-222486,缩量,低,情绪退潮,观望,资金观望型,,D,回避：资金观望,0.4
600475,华光环能,14.77,-52.3,0.9,15.0,-0.9,-6746322,29957635,36952322,-9698333,-9164391,6308368,缩量,低,情绪退潮,观望,资金观望型,,D,回避：资金观望,-0.3
600477,杭萧钢构,2.41,-46.8,0.56,-16.0,-1.67,-4722818,27004137,17118237,2350992,5391913,209771,缩量,低,情绪退潮,观望,资金观望型,,D,回避：资金观望,-0.6
600479,千金药业,11.33,756.7,0.88,49.2,-8.4,-315028928,-285185291,-247670251,-14608626,-14470330,32336073,放量,低,游资情绪,观望,资金观望型,,D,回避：资金观望,5.2
600480,凌云股份,7.7,29.5,0.3,17.9,-3.64,-19790615,-50487480,-110930668,-27424685,-14546019,29679533,缩量,低,情绪退潮,观望,资金撤退型,,D,回避：资金撤退,-1.2
600469,风神股份,4.94,-22.7,0.41,-9.8,1.72,3903452,4496667,5967056,77774,-594075,-3323543,缩量,低,情绪退潮,进场,均衡流入型,资金+业绩共振(双击候选),B,关注：资金+业绩共振,72.6
600467,好当家,2.42,73.4,0.87,77.8,-4.73,-31070561,-54678001,-87042948,7751361,8479245,-4593734,放量,低,游资情绪,吸筹,资金撤退型,机构吸筹+盈利(关注),C,谨慎：资金流入未验证业绩,30.4
600482,中国动力,32.06,20.2,0.51,49.3,-0.57,-19303408,216301626,508733714,-37761299,-37080780,57098600,缩量,低,情绪退潮,观望,高位分歧型,,D,回避：资金观望,-0.2
600483,福能股份,11.2,-45.5,0.84,-27.6,0.56,4207153,-31661477,-148332743,-3000941,-6297574,-2974816,缩量,低,情绪退潮,观望,资金观望型,,D,回避：资金观望,0.2
600481,双良节能,4.13,-73.8,0.86,-15.8,-2.69,-15559040,5243607,-2446657,4227676,3354465,-2930211,缩量,低,情绪退潮,吸筹,资金观望型,纯资金炒作(亏损风险),C,谨慎：纯资金炒作,3.1
600490,鹏欣资源,7.37,-3.7,0.62,-47.9,-4.2,-57953062,-195068100,-212209532,-444351,22095089,14917281,缩量,低,情绪退潮,观望,资金撤退型,,D,回避：资金撤退,-1.4
600489,中金黄金,25.22,-29.4,1.41,-43.1,-0.59,-42740189,-74822116,-207541542,105832865,52070964,-98820191,缩量,低,情绪退潮,观望,资金撤退型,,D,回避：资金撤退,-0.2
600486,扬农化工,52.88,-36.4,0.63,5.2,0.67,9023673,36739183,-12400722,14464832,12399551,-20998748,缩量,低,情绪退潮,进场,趋势转多型,资金+业绩共振(双击候选),B,关注：资金+业绩共振,72.2
600487,亨通光电,65.4,-24.5,1.04,-26.6,-1.96,-886462850,-3377033439,-6090798595,809224061,742521229,-443453821,缩量,低,情绪退潮,吸筹,资金撤退型,机构吸筹+盈利(关注),C,谨慎：资金流入未验证业绩,23.3
600493,凤竹纺织,6.02,-25.1,0.72,-1.5,0.95,1983206,-432840,-5193746,-521536,541764,1986666,缩量,低,情绪退潮,观望,资金观望型,,D,回避：资金观望,0.3
600495,晋西车轴,4.05,-25.0,0.46,-0.1,-3.39,-5766596,-9831424,-15189065,-2060243,-1532527,2875434,缩量,低,情绪退潮,观望,资金撤退型,,D,回避：资金撤退,-1.1
600496,精工钢构,3.27,18.9,0.32,-16.0,-0.9,-4218592,-14690304,54437560,23888668,19560282,-22091878,缩量,低,情绪退潮,观望,长线吸筹型,,D,回避：资金观望,-0.3
600488,津药药业,6.02,40.2,0.65,56.5,8.06,423680306,393683933,410391920,-65338935,-40957204,78317738,缩量,中,主力惜售,进场,资金观望型,资金+业绩共振(双击候选),B,关注：资金+业绩共振,86.7
600499,科达制造,13.57,-13.8,1.19,-30.5,-0.07,-1006299,12098895,845778,37242006,26751312,-47100190,缩量,低,情绪退潮,观望,资金观望型,,D,回避：资金观望,-0.0
600501,航天晨光,14.91,-45.8,0.55,36.3,-4.18,-19169390,-12134766,-14573748,-2004094,-2287135,1963394,缩量,低,情绪退潮,观望,资金观望型,,D,回避：资金观望,-1.4
600497,驰宏锌锗,9.72,-65.5,1.38,-30.3,-5.51,-295185090,-457319648,-242932646,11756980,14002336,30500254,缩量,低,情绪退潮,观望,资金观望型,,D,回避：资金观望,-1.8
600503,华丽家族,2.13,-40.8,1.22,-21.0,-4.1,-10664873,-20465523,-44340156,5336706,2268124,-3476037,缩量,低,情绪退潮,观望,资金撤退型,,D,回避：资金撤退,-1.4
600506,统一股份,17.11,278.9,1.18,126.7,-3.87,-63805675,56316242,137891609,5210625,5543337,13111467,放量,低,游资情绪,观望,资金观望型,,D,回避：资金观望,6.7
600500,中化国际,6.03,-0.8,6.76,-9.8,-6.4,-206914890,-82931695,-158159833,177175991,173142998,-98474999,缩量,低,情绪退潮,吸筹,资金观望型,纯资金炒作(亏损风险),C,谨慎：纯资金炒作,1.9
600498,烽火通信,42.28,22.9,0.77,-12.7,1.92,357024870,-28566586,-144413446,162869599,213984277,17757433,缩量,低,情绪退潮,进场,资金观望型,资金+业绩共振(双击候选),B,关注：资金+业绩共振,72.6
600502,安徽建工,4.3,-2.6,0.47,-8.1,0.42,2385426,19895711,-17350054,17595112,7896720,-18678989,缩量,低,情绪退潮,进场,趋势转多型,资金+业绩共振(双击候选),B,关注：资金+业绩共振,72.1
600507,方大特钢,4.14,-47.9,0.44,-35.7,-1.2,-4266883,4772602,-22097401,-434901,-1181594,1433802,缩量,低,情绪退潮,观望,资金观望型,,D,回避：资金观望,-0.4
600508,上海能源,10.7,121.5,0.74,-44.9,-5.31,-69905249,-315072332,-405091874,-2728576,-4563039,6754634,放量,低,游资情绪,观望,资金撤退型,,D,回避：资金撤退,6.2
600511,国药股份,26.2,-43.6,0.86,-24.7,0.74,3171860,8119850,-39197567,-409851,116676,-1632066,缩量,低,情绪退潮,观望,趋势转多型,,D,回避：资金观望,0.2
600510,黑牡丹,6.4,-69.2,0.25,-50.6,-6.03,-9084410,-14906509,10633978,298885,1033799,3528641,缩量,低,情绪退潮,观望,长线吸筹型,,D,回避：资金观望,-2.0
600513,联环药业,14.66,-85.0,1.08,-52.1,-4.58,-17143397,-39606018,-120678988,-5023737,-1234394,5050114,缩量,低,情绪退潮,观望,资金撤退型,,D,回避：资金撤退,-1.5
600516,方大炭素,5.24,-68.5,1.68,-4.7,-2.18,-18800060,-48949124,-158699148,-1080501,7782792,9661358,缩量,低,情绪退潮,观望,资金撤退型,,D,回避：资金撤退,-0.7
600505,西昌电力,11.15,54.1,0.92,156.6,1.31,13484724,-3041545,-19609209,10325053,7664325,-10392796,放量,低,游资情绪,抢筹,资金观望型,资金+业绩共振(双击候选),B,关注：资金+业绩共振,88.4
600518,康美药业,1.33,-21.9,1.41,13.9,-9.91,-98770287,-51779652,-31785369,-4115655,-7559343,-11958928,缩量,低,情绪退潮,观望,资金观望型,,D,回避：资金观望,-3.3
600509,天富能源,7.36,-62.5,1.18,-7.5,-2.85,-17430869,-65722718,-144656659,4110504,5968183,-619741,缩量,低,情绪退潮,吸筹,资金撤退型,机构吸筹+盈利(关注),C,谨慎：资金流入未验证业绩,23.1
600512,腾达建设,2.06,-17.4,0.43,-0.6,-2.1,-4448387,-4525018,-37472404,7690001,5683641,-4455688,缩量,低,情绪退潮,吸筹,资金撤退型,机构吸筹+盈利(关注),C,谨慎：资金流入未验证业绩,23.3
600517,国网英大,4.98,-18.2,0.9,-10.3,-6.42,-31164757,-50188884,-97433391,10657878,8743399,-2096373,缩量,低,情绪退潮,吸筹,资金撤退型,机构吸筹+盈利(关注),C,谨慎：资金流入未验证业绩,21.9
600519,贵州茅台,1258.0,-47.0,1.01,-7.1,-7.09,-995574497,-894716331,-2156480782,-141214286,-164010107,-208922,缩量,低,情绪退潮,观望,资金观望型,,D,回避：资金观望,-2.4
600515,海南机场,2.7,-46.2,0.85,3.9,-0.03,-303657,13914679,36626361,12455728,15833044,-11089793,缩量,低,情绪退潮,吸筹,资金观望型,机构吸筹+盈利(关注),C,谨慎：资金流入未验证业绩,24.0
600521,华海药业,16.21,-18.4,1.47,-47.5,-6.4,-94916136,-170884969,-253234195,30846783,18643445,-19284029,缩量,低,情绪退潮,观望,资金撤退型,,D,回避：资金撤退,-2.1
600520,三佳科技,25.01,-68.0,1.21,-21.4,-0.3,-2069558,-16165274,46386119,-3429103,-4129074,9899584,缩量,低,情绪退潮,观望,长线吸筹型,,D,回避：资金观望,-0.1
600523,贵航股份,11.84,-50.5,1.15,-5.1,4.7,8417396,-5223479,6021947,-816212,-803016,1308032,缩量,低,情绪退潮,观望,资金观望型,,D,回避：资金观望,1.6
600526,菲达环保,4.56,-35.6,0.53,-41.4,-6.93,-10440043,-15379045,-2625190,-1794891,-238804,2551801,缩量,低,情绪退潮,观望,长线吸筹型,,D,回避：资金观望,-2.3
600525,长园集团,4.79,-2.0,0.63,-47.5,-15.15,-52315424,-118289778,-321399503,-6794512,-4008474,5747646,缩量,低,情绪退潮,观望,资金撤退型,,D,回避：资金撤退,-5.0
600528,中铁工业,6.85,-50.1,0.67,-10.6,1.16,3230837,33768,-7254241,-6143899,-5498755,5647273,缩量,低,情绪退潮,观望,资金观望型,,D,回避：资金观望,0.4
600531,豫光金铅,12.43,-66.8,0.63,-54.0,-4.55,-82312227,-154459470,-293320364,6637134,14211053,4355738,缩量,低,情绪退潮,观望,资金撤退型,,D,回避：资金撤退,-1.5
600529,山东药玻,18.33,-70.7,1.91,-29.6,1.06,4722624,-15363999,-82075672,-712495,-539811,7505536,缩量,低,情绪退潮,观望,资金观望型,,D,回避：资金观望,0.4
600522,中天科技,35.19,-20.4,1.28,-6.7,3.94,1438924066,66537151,-1031520819,22444502,37332148,-30026490,缩量,低,情绪退潮,吸筹,资金观望型,资金+业绩共振(双击候选),B,关注：资金+业绩共振,65.3
600535,天士力,13.91,-58.7,3.47,-28.0,-1.89,-15924698,-14177890,63507114,1464457,-1743195,3680577,缩量,低,情绪退潮,观望,长线吸筹型,,D,回避：资金观望,-0.6
600527,江南高纤,2.19,-38.5,0.32,-23.5,-4.43,-15424636,-5625535,-17525678,2694853,3714721,-611336,缩量,低,情绪退潮,吸筹,资金观望型,机构吸筹+盈利(关注),C,谨慎：资金流入未验证业绩,22.5
600536,中国软件,31.74,-55.8,2.15,-59.5,-7.49,-139646489,-288096892,-427441599,-6804646,-5386455,28623298,缩量,低,情绪退潮,观望,资金撤退型,,D,回避：资金撤退,-2.5
600539,狮头股份,13.15,-50.1,1.07,-45.3,-8.58,-47603878,-79985608,-74203842,-17096684,-5601542,23427783,缩量,低,情绪退潮,观望,资金观望型,,D,回避：资金观望,-2.9
600538,国发股份,4.91,-66.6,0.52,8.3,-7.27,-13692451,-33249381,-16287414,245226,-630067,4926,缩量,低,情绪退潮,观望,长线吸筹型,,D,回避：资金观望,-2.4
600540,新赛股份,5.27,377.7,1.16,227.7,0.22,8326225,-203689287,-102484313,-37424644,-11226366,60666673,放量,低,游资情绪,观望,资金观望型,,D,回避：资金观望,8.1
600533,栖霞建设,2.17,0.3,0.75,-22.2,6.26,10027719,6831142,-2988350,-1346413,-499075,-2524146,缩量,中,主力惜售,进场,资金观望型,纯资金炒作(亏损风险),C,谨慎：纯资金炒作,26.1
600547,山东黄金,35.13,7.9,1.01,-49.6,-7.12,-712995996,-910464147,-695721648,188495864,69542982,-244349870,缩量,低,情绪退潮,观望,资金观望型,,D,回避：资金观望,-2.4
600549,厦门钨业,50.6,-46.4,0.87,-31.6,1.54,144423800,-338824034,-1652300892,-94924317,-84413568,10854648,缩量,低,情绪退潮,观望,资金观望型,,D,回避：资金观望,0.5
600548,深高速,8.16,-19.9,1.27,70.8,-4.66,-7406596,-8110588,-6508540,2931170,767206,-4363159,缩量,低,情绪退潮,观望,资金观望型,,D,回避：资金观望,-1.6
600550,保变电气,10.73,-68.1,0.44,1.4,-6.92,-54597426,-39071077,-167408009,-6528588,2069589,18191465,缩量,低,情绪退潮,观望,资金观望型,,D,回避：资金观望,-2.3
600545,卓郎智能,4.72,46.6,1.31,72.9,5.36,174845886,113040692,9160915,232751177,247994321,-153487284,缩量,中,主力惜售,吸筹,资金观望型,纯资金炒作(亏损风险),C,谨慎：纯资金炒作,17.8
600546,山煤国际,13.11,-16.1,0.76,-24.3,-3.85,-47361250,-45188310,-20100794,23767114,27754434,-20508752,缩量,低,情绪退潮,吸筹,资金观望型,机构吸筹+盈利(关注),C,谨慎：资金流入未验证业绩,22.7
600551,时代出版,7.45,279.2,1.04,45.7,-0.84,-7979844,-117024823,-154907423,-6656513,-3161152,6207067,放量,低,游资情绪,观望,资金撤退型,,D,回避：资金撤退,7.7
600556,天下秀,4.62,-61.0,0.98,-8.1,-5.33,-34191956,-55040732,-36463707,2165109,658711,-734021,缩量,低,情绪退潮,观望,资金观望型,,D,回避：资金观望,-1.8
600558,大西洋,4.72,-47.3,0.78,-38.8,-2.74,-5069625,-19375533,-52334252,-259586,-1814863,-2738908,缩量,低,情绪退潮,观望,资金撤退型,,D,回避：资金撤退,-0.9
600559,老白干酒,11.03,-61.1,0.99,18.4,-3.39,-18741265,-35752205,-79322092,-2134560,-1738028,5362858,缩量,低,情绪退潮,观望,资金撤退型,,D,回避：资金撤退,-1.1
600560,金自天正,10.92,-42.8,0.97,-15.6,0.58,612511,-2095237,-2767251,-346203,0,1323773,缩量,低,情绪退潮,观望,资金观望型,,D,回避：资金观望,0.2
600552,凯盛科技,17.55,-69.6,1.65,-25.8,1.66,49133566,-161078267,-586222077,33468722,41380794,-32411252,缩量,低,情绪退潮,吸筹,资金观望型,资金+业绩共振(双击候选),B,关注：资金+业绩共振,64.6
600561,江西长运,5.71,5.2,0.6,3.9,-2.77,-4677225,-5366730,-2860937,-522303,655488,17931,缩量,低,情绪退潮,观望,资金观望型,,D,回避：资金观望,-0.9
600562,国睿科技,27.57,-33.4,0.63,-3.2,-7.11,-93589492,-118442405,-20987240,-13936222,-5071942,22967470,缩量,低,情绪退潮,观望,资金观望型,,D,回避：资金观望,-2.4
600563,法拉电子,125.7,-72.8,1.48,-26.6,-1.67,-26909722,-60525451,-200256779,8110084,11697729,11769274,缩量,低,情绪退潮,观望,资金撤退型,,D,回避：资金撤退,-0.6
600557,康缘药业,12.02,-65.9,1.58,-59.5,-7.21,-16253597,-25442320,-34989235,2670069,2606469,-912151,缩量,低,情绪退潮,吸筹,资金撤退型,机构吸筹+盈利(关注),C,谨慎：资金流入未验证业绩,21.6
600567,山鹰国际,1.31,-7.9,1.25,-4.1,-5.16,-20335175,-31108092,-26542125,4599159,4283035,-11222330,缩量,低,情绪退潮,观望,资金观望型,,D,回避：资金观望,-1.7
600570,恒生电子,20.19,-54.7,1.29,-7.0,-9.66,-143391459,-249757140,-100088988,-14988997,-6668928,21294624,缩量,低,情绪退潮,观望,长线吸筹型,,D,回避：资金观望,-3.2
600573,惠泉啤酒,9.63,-52.4,0.5,4.4,-3.92,-8665710,-12468018,-29891264,-2400430,500760,-2383571,缩量,低,情绪退潮,观望,资金撤退型,,D,回避：资金撤退,-1.3
600566,济川药业,25.37,-44.7,2.53,-31.8,0.01,59666,2705826,15104440,6234502,2080310,-1183523,缩量,低,情绪退潮,吸筹,均衡流入型,资金+业绩共振(双击候选),B,关注：资金+业绩共振,64.0
600577,精达股份,8.08,-47.3,0.79,-45.8,-0.7,-10915930,-63134501,77462251,12214365,17790575,5622051,缩量,低,情绪退潮,观望,长线吸筹型,,D,回避：资金观望,-0.2
600578,京能电力,5.45,-64.9,5.17,29.5,2.21,59224537,54848754,-54906751,-32995205,-28335125,19438187,缩量,低,情绪退潮,观望,资金观望型,,D,回避：资金观望,0.7
600576,祥源文旅,5.35,-42.2,1.36,125.3,-2.08,-7862787,-24251515,-32453572,7093653,2210224,-11403067,缩量,低,情绪退潮,观望,资金撤退型,,D,回避：资金撤退,-0.7
600571,信雅达,10.47,-41.2,1.0,-32.5,1.8,5268613,3997317,17360358,1309439,359852,-2814839,缩量,低,情绪退潮,进场,资金观望型,资金+业绩共振(双击候选),B,关注：资金+业绩共振,72.6
600569,安阳钢铁,1.8,3.0,0.78,35.1,-1.65,-3778223,-466633,-15805387,4520468,3951279,-2392242,缩量,低,情绪退潮,吸筹,资金观望型,纯资金炒作(亏损风险),C,谨慎：纯资金炒作,3.5
600572,康恩贝,4.24,-31.2,0.35,-50.9,1.17,10135074,3205774,-169385481,13062081,11814283,-7028549,缩量,低,情绪退潮,吸筹,资金观望型,资金+业绩共振(双击候选),B,关注：资金+业绩共振,64.4
600580,卧龙电驱,26.68,-68.0,1.46,-44.9,-9.39,-254349298,-425796701,-1677228209,-4318173,4146321,13453219,缩量,低,情绪退潮,观望,资金撤退型,,D,回避：资金撤退,-3.1
600582,天地科技,4.96,10.1,1.09,12.4,-4.16,-39749703,-44830091,-89321154,-11840993,-7533458,16644233,缩量,低,情绪退潮,观望,资金撤退型,,D,回避：资金撤退,-1.4
600575,淮河能源,3.28,-47.8,1.02,-14.4,-2.62,-16017202,-23685681,-46428433,13211904,8667128,-8641806,缩量,低,情绪退潮,吸筹,资金撤退型,机构吸筹+盈利(关注),C,谨慎：资金流入未验证业绩,23.1
600584,长电科技,69.55,-70.0,6.8,-28.5,-4.73,-945343454,-3207045846,-6693904761,477158245,353370980,-386590168,缩量,低,情绪退潮,观望,资金撤退型,,D,回避：资金撤退,-1.6
600585,海螺水泥,16.94,-22.0,0.92,-15.7,-7.04,-141570065,-216033886,-209069748,-37956171,-20903238,-15942669,缩量,低,情绪退潮,观望,资金观望型,,D,回避：资金观望,-2.3
600586,金晶科技,4.1,-47.8,0.28,-28.5,-7.57,-18114285,-15143263,-34739316,-1006389,-277195,3063705,缩量,低,情绪退潮,观望,资金观望型,,D,回避：资金观望,-2.5
600579,中化装备,7.19,25.4,2.89,127.4,1.73,5690973,6038596,-8436794,2223224,-865566,-9341857,缩量,低,情绪退潮,进场,趋势转多型,纯资金炒作(亏损风险),C,谨慎：纯资金炒作,12.6
600587,新华医疗,12.22,-44.0,1.37,-33.3,-5.08,-10804624,-10874295,-28218803,1520144,-151834,-1608760,缩量,低,情绪退潮,观望,资金撤退型,,D,回避：资金撤退,-1.7
600583,海油工程,6.1,-28.4,0.56,-37.0,-2.73,-24017721,-20006010,-185363935,5530373,5537972,-1472040,缩量,低,情绪退潮,吸筹,资金观望型,机构吸筹+盈利(关注),C,谨慎：资金流入未验证业绩,23.1
600588,用友网络,9.37,-59.8,1.58,-18.0,-6.36,-96801024,-173148769,-74576273,-21391250,-11326676,26978506,缩量,低,情绪退潮,观望,资金观望型,,D,回避：资金观望,-2.1
600589,大位科技,7.85,-50.1,0.5,41.7,-3.89,-102776381,214097254,200186496,20789634,17762487,-18089186,缩量,低,情绪退潮,观望,资金观望型,,D,回避：资金观望,-1.3
600592,龙溪股份,14.42,-61.7,1.16,-7.8,-7.03,-25455727,-30109954,-55153170,-6537981,-3715249,9294100,缩量,低,情绪退潮,观望,资金撤退型,,D,回避：资金撤退,-2.3
600590,泰豪科技,8.53,-41.9,0.18,48.5,-1.18,-12518889,-22026648,-23930023,-6478079,411840,18573957,缩量,低,情绪退潮,观望,资金撤退型,,D,回避：资金撤退,-0.4
600594,益佰制药,3.51,-53.6,0.22,-64.9,-9.45,-33552759,-72333525,73904213,-6009064,-2416929,10141110,缩量,低,情绪退潮,观望,长线吸筹型,,D,回避：资金观望,-3.1
600593,大连圣亚,39.37,20.0,1.45,14.4,-1.97,-19304740,-60163738,-62263172,-9241578,-4509698,5198788,缩量,低,情绪退潮,观望,资金撤退型,,D,回避：资金撤退,-0.7
600597,光明乳业,6.75,-21.8,2.17,-30.5,-3.19,-7868244,-21233237,-42266556,1714642,2020682,-3323510,缩量,低,情绪退潮,观望,资金撤退型,,D,回避：资金撤退,-1.1
600596,新安股份,12.34,24.3,3.41,213.7,-2.45,-159368605,187147178,173512968,-18774304,-5449795,13337219,缩量,低,情绪退潮,观望,资金观望型,,D,回避：资金观望,-0.8
600598,北大荒,12.46,-22.9,0.92,-23.9,-7.21,-178615441,-290994582,-198027365,-899361,-2051978,14121445,缩量,低,情绪退潮,观望,资金观望型,,D,回避：资金观望,-2.4
600600,青岛啤酒,50.4,-68.4,1.96,-22.3,-4.55,-30875497,-14674145,-49055947,-4399225,4643572,9489499,缩量,低,情绪退潮,观望,资金观望型,,D,回避：资金观望,-1.5
600602,云赛智联,16.83,-72.0,0.51,-43.8,-11.47,-149743880,-358551131,-546444178,317559,-879426,10418460,缩量,低,情绪退潮,观望,资金撤退型,,D,回避：资金撤退,-3.8
600595,中孚实业,6.1,-48.8,0.97,13.3,-0.63,-14751385,-27444345,-106981951,42586,12535104,-3854885,缩量,低,情绪退潮,吸筹,资金撤退型,机构吸筹+盈利(关注),C,谨慎：资金流入未验证业绩,23.8
600604,市北高新,4.46,-0.5,0.82,-62.0,-6.42,-18046685,-34811876,42910062,-3609099,-1061662,962164,缩量,低,情绪退潮,观望,长线吸筹型,,D,回避：资金观望,-2.1
600605,汇通能源,25.99,-30.7,0.43,-10.9,-12.53,-44548250,-22326266,59783373,1638302,-1024553,5559031,缩量,低,情绪退潮,观望,高位分歧型,,D,回避：资金观望,-4.2
600601,方正科技,15.18,-8.1,1.43,117.2,-5.51,-858677751,686943863,397468014,186371319,193048958,-132955346,缩量,低,情绪退潮,吸筹,资金观望型,机构吸筹+盈利(关注),C,谨慎：资金流入未验证业绩,22.2
600609,金杯汽车,3.25,181.5,1.15,106.9,4.01,35843164,65799452,46587863,-4122358,-7172697,-16652154,放量,低,游资情绪,观望,趋势转多型,,D,回避：资金观望,9.3
600610,中毅达,7.47,54.5,0.65,-44.3,-1.38,-21477315,233279784,366614324,-26541586,-13425974,24661326,放量,低,游资情绪,观望,高位分歧型,,D,回避：资金观望,7.5
600611,大众交通,4.46,-30.5,2.41,49.2,-10.24,-116310317,-114364355,-74264381,-9964732,-15022487,7907681,缩量,低,情绪退潮,观望,资金观望型,,D,回避：资金观望,-3.4
600612,老凤祥,31.84,-11.1,2.05,-7.1,-0.99,-5222681,-13398818,-20782172,2176553,1903400,2553725,缩量,低,情绪退潮,观望,资金撤退型,,D,回避：资金撤退,-0.3
600613,神奇制药,8.2,760.1,0.56,-27.9,-4.21,-129195911,-381852471,-610891836,-20707478,-15958257,36196879,放量,低,游资情绪,观望,资金撤退型,,D,回避：资金撤退,6.6
600603,广汇物流,4.86,-16.2,0.47,7.0,1.44,4613401,-6834156,-8702269,2262688,-3755375,-3093175,缩量,低,情绪退潮,进场,资金观望型,资金+业绩共振(双击候选),B,关注：资金+业绩共振,72.5
600615,鑫源智造,9.17,-44.0,1.02,-20.8,-0.56,-461784,-4246765,-2290127,459500,0,-263954,缩量,低,情绪退潮,观望,资金观望型,,D,回避：资金观望,-0.2
600617,国新能源,3.33,-28.9,1.27,46.7,-2.15,-17311289,-5843375,-56473955,7710773,5126825,-19991428,缩量,低,情绪退潮,观望,资金观望型,,D,回避：资金观望,-0.7
600606,绿地控股,1.28,-29.0,1.11,-2.8,-7.08,-40226802,-34909831,-7585013,6674776,7222102,-5414898,缩量,低,情绪退潮,吸筹,资金观望型,纯资金炒作(亏损风险),C,谨慎：纯资金炒作,1.6
600619,海立股份,13.12,-69.5,0.77,-33.0,-7.97,-48901723,-73708567,-113107459,-5006526,-3750569,4679685,缩量,低,情绪退潮,观望,资金撤退型,,D,回避：资金撤退,-2.7
600618,氯碱化工,9.89,-56.2,0.57,-18.1,-4.4,-13174543,-21921649,-21601117,514241,116820,-772819,缩量,低,情绪退潮,观望,资金观望型,,D,回避：资金观望,-1.5
600616,金枫酒业,4.88,762.1,1.03,260.2,-1.55,-7880431,23701582,8412046,77157786,78345622,-36836958,放量,低,游资情绪,抢筹,资金观望型,机构吸筹+盈利(关注),C,谨慎：资金流入未验证业绩,47.5
600621,华鑫股份,12.88,-47.7,1.32,10.6,-2.32,-16001192,-8747704,-24131495,-2862531,-4060494,379693,缩量,低,情绪退潮,观望,资金观望型,,D,回避：资金观望,-0.8
600622,光大嘉宝,2.33,-7.1,1.13,17.9,-0.93,-2589166,6324073,33321370,1182827,-1407390,549908,缩量,低,情绪退潮,观望,高位分歧型,,D,回避：资金观望,-0.3
600628,新世界,6.21,-15.4,0.69,64.0,0.6,1774354,-2290938,-4442253,-5030224,-3228873,4027110,缩量,低,情绪退潮,观望,资金观望型,,D,回避：资金观望,0.2
600630,龙头股份,6.85,-74.9,5.34,-19.7,-2.03,-5460044,-22479683,-20889880,2259832,1194445,-2054101,缩量,低,情绪退潮,观望,资金观望型,,D,回避：资金观望,-0.7
600629,华建集团,16.27,-22.9,0.8,70.0,-4.0,-83821183,74974412,101973376,6155102,1164892,-13764837,缩量,低,情绪退潮,观望,资金观望型,,D,回避：资金观望,-1.3
600620,天宸股份,4.35,-4.1,0.92,6.1,3.75,5238155,5540468,4808292,1347973,431323,-1912565,缩量,低,情绪退潮,进场,趋势转多型,资金+业绩共振(双击候选),B,关注：资金+业绩共振,73.2
600633,浙数文化,10.08,-62.8,0.61,-5.1,-9.78,-53036455,-78404635,-98589646,-5037286,-2283408,10494848,缩量,低,情绪退潮,观望,资金撤退型,,D,回避：资金撤退,-3.3
600623,华谊集团,8.56,-43.1,0.99,3.3,1.95,12488057,47052062,47204162,7133072,-1424457,-13010705,缩量,低,情绪退潮,进场,均衡流入型,资金+业绩共振(双击候选),B,关注：资金+业绩共振,72.7
600635,大众公用,4.59,-42.5,0.87,7.4,-2.72,-18286811,9706831,-60768857,3767808,6654227,7548568,缩量,低,情绪退潮,观望,资金观望型,,D,回避：资金观望,-0.9
600637,东方明珠,8.37,-51.1,0.78,-24.1,-6.36,-67070337,-111981235,-117363328,-242748,16113797,11612023,缩量,低,情绪退潮,观望,资金撤退型,,D,回避：资金撤退,-2.1
600626,申达股份,3.57,-29.1,0.93,-14.9,1.79,2927289,4358073,6094505,973959,539136,-860955,缩量,低,情绪退潮,进场,均衡流入型,资金+业绩共振(双击候选),B,关注：资金+业绩共振,72.6
600638,新黄浦,4.75,-51.4,0.47,-34.6,-4.59,-9460405,-15280552,1863619,1471876,1246502,-1539632,缩量,低,情绪退潮,观望,长线吸筹型,,D,回避：资金观望,-1.5
600640,国脉文化,10.59,-37.8,0.78,-24.3,-4.02,-9953344,-31637013,-43761075,2141856,989409,75967,缩量,低,情绪退潮,观望,资金撤退型,,D,回避：资金撤退,-1.3
600642,申能股份,8.68,-37.5,1.11,-30.5,-4.0,-27867190,-16816741,-109999313,-6402515,-3984191,3279803,缩量,低,情绪退潮,观望,资金观望型,,D,回避：资金观望,-1.3
600645,中源协和,17.87,-62.2,0.86,-56.3,-9.66,-44361743,-126307451,-233432002,-58730,4439745,6678291,缩量,低,情绪退潮,观望,资金撤退型,,D,回避：资金撤退,-3.2
600639,浦东金桥,9.37,-13.2,0.47,-17.1,1.03,1649739,-6424234,-25475213,2924967,-365563,-4335253,缩量,低,情绪退潮,进场,资金观望型,资金+业绩共振(双击候选),B,关注：资金+业绩共振,72.3
600650,锦江在线,10.16,-47.7,1.01,46.5,-5.88,-8898401,-34460303,-21657506,-535533,-370005,-1963128,缩量,低,情绪退潮,观望,资金观望型,,D,回避：资金观望,-2.0
600641,先导基电,33.45,-28.2,1.9,-25.8,2.59,201272421,-40870749,-314450254,140785640,138263965,-161541211,缩量,低,情绪退潮,进场,资金观望型,纯资金炒作(亏损风险),C,谨慎：纯资金炒作,12.9
600651,飞乐音响,5.16,-56.2,0.79,-24.0,-7.44,-29205117,-40237081,-35138737,-2953153,-1463462,5237880,缩量,低,情绪退潮,观望,资金观望型,,D,回避：资金观望,-2.5
600654,中安科,3.03,83.8,0.17,-16.9,1.87,32263393,-60203878,169163212,-4543614,2028454,34806255,放量,低,游资情绪,观望,长线吸筹型,,D,回避：资金观望,8.6
600657,信达地产,2.79,68.3,0.99,193.4,-9.24,-78783438,117756842,125321832,-7471623,-6116767,11334277,放量,低,游资情绪,观望,资金观望型,,D,回避：资金观望,4.9
600644,乐山电力,10.38,36.5,0.58,215.9,5.37,175742888,162396972,109850955,245985264,274595647,-129045661,缩量,中,主力惜售,吸筹,资金观望型,资金+业绩共振(双击候选),B,关注：资金+业绩共振,77.8
600658,电子城,4.0,-35.7,0.49,7.2,-5.12,-10205992,-3074409,-24302736,1606076,-141482,-2417708,缩量,低,情绪退潮,观望,资金观望型,,D,回避：资金观望,-1.7
600649,城投控股,3.79,-20.6,0.55,-55.1,-4.0,-12593263,5974188,4167750,5703657,6591852,-2460296,缩量,低,情绪退潮,吸筹,资金观望型,机构吸筹+盈利(关注),C,谨慎：资金流入未验证业绩,22.7
600648,外高桥,9.32,-24.5,0.76,-33.9,0.11,86609,-5340744,-23299081,78942,0,-1029434,缩量,低,情绪退潮,进场,资金观望型,资金+业绩共振(双击候选),B,关注：资金+业绩共振,72.0
600643,爱建集团,4.01,-11.1,0.36,-11.2,7.01,23076985,25442350,16574531,2587024,4396362,-1696172,缩量,中,主力惜售,吸筹,趋势转多型,纯资金炒作(亏损风险),C,谨慎：纯资金炒作,18.3
600660,福耀玻璃,54.21,-42.3,0.97,-0.8,2.37,53172111,-7099444,-7173970,-23838446,-14947597,-12446714,缩量,低,情绪退潮,观望,资金观望型,,D,回避：资金观望,0.8
600653,申华控股,1.7,40.5,1.39,6.6,0.97,1959064,-4458403,-21566316,6488330,4759825,-7267323,缩量,低,情绪退潮,进场,资金观望型,纯资金炒作(亏损风险),C,谨慎：纯资金炒作,12.3
600655,豫园股份,4.56,-23.0,0.57,-6.1,6.21,18227487,24484944,47974609,4375395,-137310,-2483916,缩量,中,主力惜售,进场,主力建仓型,纯资金炒作(亏损风险),C,谨慎：纯资金炒作,26.1
600662,外服控股,4.18,-45.3,1.1,-24.9,-4.78,-9081708,1219404,-4572067,1530627,943011,-2514388,缩量,低,情绪退潮,观望,资金观望型,,D,回避：资金观望,-1.6
600661,昂立教育,8.34,-60.1,1.68,-19.6,-1.4,-3080035,-13031876,-20613868,-793401,0,-1019801,缩量,低,情绪退潮,观望,资金撤退型,,D,回避：资金撤退,-0.5
600663,陆家嘴,8.85,-37.7,2.09,-41.4,-0.37,-1536956,-4153880,-61022537,3194462,3062258,2503063,缩量,低,情绪退潮,观望,资金撤退型,,D,回避：资金撤退,-0.1
600665,天地源,3.39,-22.0,1.65,-14.1,-4.79,-8487646,-17012852,-27880298,1585480,1226526,1143396,缩量,低,情绪退潮,观望,资金撤退型,,D,回避：资金撤退,-1.6
600671,天目药业,22.17,-45.7,2.59,-25.1,4.11,14653262,7884469,-3134107,-3202731,-3793230,2328868,缩量,低,情绪退潮,观望,资金观望型,,D,回避：资金观望,1.4
600668,尖峰集团,7.12,-56.2,0.33,-27.2,-4.61,-6374799,-9474070,-39442497,4514196,1161043,-6232461,缩量,低,情绪退潮,观望,资金撤退型,,D,回避：资金撤退,-1.5
600676,久事动娱,6.64,-71.7,1.0,2.6,2.98,7181374,-10058562,-31122826,-1656994,513825,1197492,缩量,低,情绪退潮,观望,资金观望型,,D,回避：资金观望,1.0
600679,上海凤凰,9.81,-18.1,0.83,-21.1,-6.76,-8161345,-8197184,-16785038,-819555,-781451,-1715297,缩量,低,情绪退潮,观望,资金撤退型,,D,回避：资金撤退,-2.3
600666,奥瑞德,3.54,89.6,0.12,12.4,9.66,274816220,211811550,117625072,-80050649,-79901702,56031060,放量,中,主力偏强放量,进场,资金观望型,资金+业绩共振(双击候选),B,关注：资金+业绩共振,91.2
600664,哈药股份,7.36,93.6,1.45,-1.6,2.44,315898660,-617365084,-840266999,187607032,228609366,-133936456,放量,低,游资情绪,抢筹,资金观望型,资金+业绩共振(双击候选),B,关注：资金+业绩共振,88.8
600681,百川能源,3.49,-2.4,0.8,20.7,-6.05,-27611462,-41946012,-53768654,5723609,1746925,-6230518,缩量,低,情绪退潮,观望,资金撤退型,,D,回避：资金撤退,-2.0
600667,太极实业,20.23,-7.0,6.97,19.5,2.19,554945693,696685908,-777351896,352902580,482777192,-177969844,缩量,低,情绪退潮,吸筹,趋势转多型,资金+业绩共振(双击候选),B,关注：资金+业绩共振,64.7
600683,京投发展,9.46,-40.4,0.32,-61.9,-1.25,-8168011,-67759762,30886151,-9825998,-3866861,13769227,缩量,低,情绪退潮,观望,长线吸筹型,,D,回避：资金观望,-0.4
600674,川投能源,16.01,-9.4,1.08,-7.5,3.25,61214672,12732737,-2297668,837926,-21550423,-17303287,缩量,低,情绪退潮,进场,资金观望型,资金+业绩共振(双击候选),B,关注：资金+业绩共振,73.1
600673,东阳光,31.67,-78.4,0.83,-24.7,3.49,97224411,5228874,-205649861,40257254,45023419,-21463055,缩量,低,情绪退潮,吸筹,资金观望型,资金+业绩共振(双击候选),B,关注：资金+业绩共振,65.2
600675,中华企业,2.21,-23.1,1.08,-19.1,2.97,9685507,16196535,-29613788,5088652,6916791,-2746215,缩量,低,情绪退潮,吸筹,趋势转多型,资金+业绩共振(双击候选),B,关注：资金+业绩共振,65.0
600685,中船防务,27.9,22.1,0.45,158.9,-6.52,-194171694,-219202169,-298852065,-86051942,-55133037,112110175,缩量,低,情绪退潮,观望,资金撤退型,,D,回避：资金撤退,-2.2
600682,南京新百,5.49,-23.2,0.99,68.5,3.91,37784299,24240450,-6318184,986829,-278368,1536408,缩量,低,情绪退潮,进场,资金观望型,纯资金炒作(亏损风险),C,谨慎：纯资金炒作,13.3
600688,上海石化,2.8,-47.4,2.63,-8.1,-7.51,-67101148,-73931109,-116114093,13960488,12182691,-12866164,缩量,低,情绪退潮,观望,资金撤退型,,D,回避：资金撤退,-2.5
600689,上海三毛,11.75,4.7,0.64,-2.4,-6.55,-12051272,2834999,12095337,-1466941,1748,664152,缩量,低,情绪退潮,观望,资金观望型,,D,回避：资金观望,-2.2
600684,珠江股份,3.37,-41.2,0.91,11.6,1.1,2263316,-55018493,-55169506,2281165,1420828,-1189392,缩量,低,情绪退潮,吸筹,资金观望型,资金+业绩共振(双击候选),B,关注：资金+业绩共振,64.4
600690,海尔智家,20.76,-45.1,0.99,-9.8,-7.53,-203804888,-175631147,-527811778,-26833447,-25487197,2009784,缩量,低,情绪退潮,观望,资金观望型,,D,回避：资金观望,-2.5
600691,潞化科技,2.87,207.3,0.37,64.5,-4.14,-73163500,40530016,131842862,-23514648,-13893144,31510470,放量,低,游资情绪,观望,高位分歧型,,D,回避：资金观望,6.6
600694,大商股份,14.31,-10.9,1.87,53.3,-7.02,-27252799,-20422398,-29019167,4258631,2319839,-3383881,缩量,低,情绪退潮,观望,资金观望型,,D,回避：资金观望,-2.3
600693,东百集团,9.1,21.0,0.46,127.4,-5.33,-239147010,-81242583,-10917136,12588937,11290704,-13787897,缩量,低,情绪退潮,观望,资金观望型,,D,回避：资金观望,-1.8
600692,亚通股份,6.24,-13.7,0.66,-27.4,-2.7,-5485334,-3129916,-5702646,-2236953,1045117,4134115,缩量,低,情绪退潮,观望,资金观望型,,D,回避：资金观望,-0.9
600686,金龙汽车,10.74,-22.5,0.6,12.9,0.45,3720793,25363545,6869310,-3092400,1889723,-562419,缩量,低,情绪退潮,吸筹,趋势转多型,资金+业绩共振(双击候选),B,关注：资金+业绩共振,64.2
600699,均胜电子,18.06,-64.0,0.3,31.7,-14.83,-264495707,-60840958,-331686122,-19003104,-9791201,30093582,缩量,低,情绪退潮,观望,资金观望型,,D,回避：资金观望,-4.9
600702,舍得酒业,33.16,-74.5,1.5,-2.2,-10.13,-76728068,-61784236,-73076997,-1423892,69017,3942954,缩量,低,情绪退潮,观望,资金观望型,,D,回避：资金观望,-3.4
600704,物产中大,4.91,10.7,1.15,29.9,-5.83,-75302017,-53679843,-101543079,7878628,10358091,-14107593,缩量,低,情绪退潮,观望,资金观望型,,D,回避：资金观望,-1.9
600697,欧亚集团,10.98,830.6,0.98,251.4,2.51,27192101,24709413,27134999,7102424,18826978,-5514161,放量,低,游资情绪,抢筹,资金观望型,纯资金炒作(亏损风险),C,谨慎：纯资金炒作,28.8
600698,湖南天雁,7.0,98.8,1.81,124.9,1.17,33216485,214402880,296858611,10210482,9822074,38969,放量,低,游资情绪,进场,均衡流入型,纯资金炒作(亏损风险),C,谨慎：纯资金炒作,20.4
600703,三安光电,12.79,-75.7,0.86,21.6,-5.48,-268851704,46582067,-1061869858,104999125,83103801,-80356887,缩量,低,情绪退潮,吸筹,资金观望型,纯资金炒作(亏损风险),C,谨慎：纯资金炒作,2.2
600706,曲江文旅,7.95,257.1,0.81,264.1,4.62,89604464,83121105,77741507,-25515619,-9888293,52950498,放量,低,游资情绪,观望,资金观望型,,D,回避：资金观望,9.5
600710,苏美达,11.19,44.6,0.55,102.0,-0.87,-9708764,1328182,-19985169,-14877607,-10449450,18965965,缩量,低,情绪退潮,观望,资金观望型,,D,回避：资金观望,-0.3
600713,南京医药,5.05,-14.2,0.33,-20.7,-5.86,-15849942,-11530744,-37560189,-1621027,-7152272,-5472074,缩量,低,情绪退潮,观望,资金观望型,,D,回避：资金观望,-2.0
600711,盛屯矿业,11.03,-49.0,0.68,-19.9,-6.93,-335522857,-158355518,76790672,12345933,17854878,15826133,缩量,低,情绪退潮,观望,高位分歧型,,D,回避：资金观望,-2.3
600712,南宁百货,4.96,474.3,2.05,395.6,0.49,12647833,18471644,15388593,-27622340,-30183277,19969467,放量,低,游资情绪,观望,趋势转多型,,D,回避：资金观望,8.2
600714,金瑞矿业,17.52,9.8,0.85,14.9,-8.99,-212221918,-239812194,-48939251,-20156745,-5398388,35810149,缩量,低,情绪退潮,观望,资金观望型,,D,回避：资金观望,-3.0
600715,文投控股,1.62,-17.0,0.24,13.9,-0.2,-516889,-24281634,-33473359,-2589684,-5418244,2514743,缩量,低,情绪退潮,观望,资金撤退型,,D,回避：资金撤退,-0.1
600707,彩虹股份,9.12,-51.6,1.54,-24.3,8.19,330155056,219037482,-379045721,83802191,44841927,-145255495,缩量,中,主力惜售,进场,资金观望型,资金+业绩共振(双击候选),B,关注：资金+业绩共振,86.7
600708,光明地产,2.97,-76.1,1.02,1.3,0.48,1049080,4989573,6317199,164831,-77299,764507,缩量,低,情绪退潮,进场,均衡流入型,纯资金炒作(亏损风险),C,谨慎：纯资金炒作,12.2
600717,天津港,4.29,-18.7,1.19,-1.9,-3.19,-14222271,-2782873,-17311532,10307909,6954399,-10912148,缩量,低,情绪退潮,观望,资金观望型,,D,回避：资金观望,-1.1
600716,凤凰股份,3.55,-25.2,0.55,-18.4,2.73,2172041,-2609860,-5306533,-1409168,-419254,-48263,缩量,低,情绪退潮,观望,资金观望型,,D,回避：资金观望,0.9
600719,大连热电,7.64,-33.9,0.82,73.5,0.44,2981500,20078858,2412481,-7089308,-4233299,4441865,缩量,低,情绪退潮,观望,趋势转多型,,D,回避：资金观望,0.1
600721,百花医药,10.79,376.6,1.03,-41.0,-2.48,-109949803,-154486771,-847211432,-9699092,8766744,50500219,放量,低,游资情绪,观望,资金撤退型,,D,回避：资金撤退,7.2
600722,金牛化工,16.03,127.1,0.81,8.0,-2.95,-309071687,-258515231,-123957736,-28541435,16364105,76359727,放量,低,游资情绪,观望,资金观望型,,D,回避：资金观望,7.0
600724,宁波富达,4.9,-63.1,0.79,-10.2,-12.35,-20168135,-30077505,-28958492,964219,-928911,955921,缩量,低,情绪退潮,观望,资金观望型,,D,回避：资金观望,-4.1
600718,东软集团,7.8,-48.3,0.97,-8.5,-3.61,-9968780,-13605805,-19600169,7663490,2421483,-1826802,缩量,低,情绪退潮,吸筹,资金撤退型,纯资金炒作(亏损风险),C,谨慎：纯资金炒作,2.8
600725,云维股份,3.29,-46.7,0.91,-17.7,-7.11,-16875090,-15467054,-22138517,4720059,2970555,-3646873,缩量,低,情绪退潮,观望,资金观望型,,D,回避：资金观望,-2.4
600728,佳都科技,4.49,-43.4,0.93,-18.2,-2.69,-11385111,-32904172,-896704,2726134,1772818,1271780,缩量,低,情绪退潮,观望,长线吸筹型,,D,回避：资金观望,-0.9
600720,中交设计,5.14,27.6,1.17,-6.2,5.26,13296859,30610112,57989865,5939748,2098723,-8022985,缩量,中,主力惜售,进场,主力强攻型,资金+业绩共振(双击候选),B,关注：资金+业绩共振,85.8
600729,重百集团,18.49,-46.5,1.36,31.9,-0.63,-2209107,-847540,-11714007,-2727671,-2670210,478487,缩量,低,情绪退潮,观望,资金观望型,,D,回避：资金观望,-0.2
600731,湖南海利,5.72,-34.4,0.56,28.2,-4.37,-10059851,-17959793,-60238345,-547181,547636,1694762,缩量,低,情绪退潮,观望,资金撤退型,,D,回避：资金撤退,-1.5
600732,爱旭股份,10.09,-69.7,0.78,-32.8,-4.64,-39447112,-93627131,-145767805,-10558884,-12045083,16026740,缩量,低,情绪退潮,观望,资金撤退型,,D,回避：资金撤退,-1.5
600733,北汽蓝谷,4.47,-23.8,1.34,-3.8,-2.58,-55151710,-91349283,-48580931,-21602129,-20759114,23920634,缩量,低,情绪退潮,观望,资金观望型,,D,回避：资金观望,-0.9
600736,苏州高新,6.41,-69.2,0.55,-34.8,-3.56,-17511740,-38416555,-83431902,622839,51854,1426136,缩量,低,情绪退潮,观望,资金撤退型,,D,回避：资金撤退,-1.2
600726,华电能源,5.24,-63.0,0.99,26.7,1.12,45670951,-1810332,-88533267,44131534,42088244,-13016735,缩量,低,情绪退潮,吸筹,资金观望型,资金+业绩共振(双击候选),B,关注：资金+业绩共振,64.4
600737,中粮糖业,14.28,101.5,1.5,63.3,-11.92,-1376657789,-834492142,-1095993301,-100601960,-80350316,88646033,放量,低,游资情绪,观望,资金观望型,,D,回避：资金观望,4.0
600727,鲁北化工,7.51,-47.1,0.35,-16.2,-12.22,-49863678,-49295152,-63622848,3318940,2261404,-1713299,缩量,低,情绪退潮,吸筹,资金观望型,机构吸筹+盈利(关注),C,谨慎：资金流入未验证业绩,19.9
600740,山西焦化,3.84,7.8,0.57,-36.6,-0.46,-2999368,-23459031,-13846566,3633325,6292996,2892794,缩量,低,情绪退潮,观望,资金观望型,,D,回避：资金观望,-0.2
600739,辽宁成大,10.31,-49.0,1.91,-45.6,-4.42,-23064639,-69364353,-99260672,-3894214,913725,3763060,缩量,低,情绪退潮,观望,资金撤退型,,D,回避：资金撤退,-1.5
600741,华域汽车,15.0,2.6,1.06,28.1,-3.4,-53913365,-53460365,19451713,-11711302,-2123481,6481814,缩量,低,情绪退潮,观望,高位分歧型,,D,回避：资金观望,-1.1
600743,华远控股,2.05,-40.3,0.12,-23.0,-1.9,-4891883,-81894526,-120594216,-1274110,873888,878995,缩量,低,情绪退潮,观望,资金撤退型,,D,回避：资金撤退,-0.6
600748,上实发展,3.78,-49.9,0.52,-27.9,-2.35,-4705656,-5791883,-2180134,3112561,1100995,-1265069,缩量,低,情绪退潮,观望,资金观望型,,D,回避：资金观望,-0.8
600746,江苏索普,6.87,-57.7,0.59,-29.0,-4.71,-15643622,-34354680,-19305319,904692,-1319991,787628,缩量,低,情绪退潮,观望,资金观望型,,D,回避：资金观望,-1.6
600738,XD丽尚国,4.18,91.5,0.83,61.2,-1.23,-7117313,-10881113,-10691019,5531897,5034729,-2658132,放量,低,游资情绪,抢筹,资金观望型,机构吸筹+盈利(关注),C,谨慎：资金流入未验证业绩,47.6
600750,华润江中,22.16,-35.9,0.92,-14.7,-0.06,-316806,-12567901,28582975,-1106132,-1660918,1760195,缩量,低,情绪退潮,观望,长线吸筹型,,D,回避：资金观望,-0.0
600754,锦江酒店,18.62,-45.2,0.85,32.3,-3.17,-40245240,-35888088,-67672080,5072386,4786501,4260831,缩量,低,情绪退潮,观望,资金观望型,,D,回避：资金观望,-1.1
600749,西藏旅游,13.39,-23.9,0.17,39.6,-6.56,-58152988,12910790,54550999,-2008382,341180,369554,缩量,低,情绪退潮,观望,资金观望型,,D,回避：资金观望,-2.2
600742,富维股份,7.69,116.8,0.3,80.3,1.87,8135213,10969852,15214084,7927281,2978172,-10472722,放量,低,游资情绪,抢筹,均衡流入型,资金+业绩共振(双击候选),B,关注：资金+业绩共振,88.6
600756,浪潮软件,13.68,-80.4,1.85,-37.2,-7.0,-26427746,-56033474,-122905080,-1951940,-2582131,735692,缩量,低,情绪退潮,观望,资金撤退型,,D,回避：资金撤退,-2.3
600755,厦门国贸,5.58,-16.6,0.96,4.5,-10.42,-41572255,-50653787,-22416026,11593870,7893751,-12874956,缩量,低,情绪退潮,观望,长线吸筹型,,D,回避：资金观望,-3.5
600757,长江传媒,7.26,12.5,1.19,2.2,0.58,2215667,24240165,27203346,-2109174,-2710167,748881,缩量,低,情绪退潮,观望,均衡流入型,,D,回避：资金观望,0.2
600744,华银电力,6.75,5.0,0.71,114.8,2.48,183796695,187267035,81602427,23730829,4305130,-15704771,缩量,低,情绪退潮,进场,趋势转多型,资金+业绩共振(双击候选),B,关注：资金+业绩共振,72.8
600758,辽宁能源,3.67,15.0,0.53,-15.5,-4.8,-76544291,-98319660,-12234444,-12403249,-4356749,14389059,缩量,低,情绪退潮,观望,资金观望型,,D,回避：资金观望,-1.6
600760,中航沈飞,44.37,-3.5,0.7,-3.2,-7.91,-308471196,-530468574,-254281557,-100143672,-68963197,81472281,缩量,低,情绪退潮,观望,长线吸筹型,,D,回避：资金观望,-2.6
600751,海航科技,3.04,-10.7,0.62,-5.8,1.85,7454434,-3935664,-54903631,5077406,4455460,-7091413,缩量,低,情绪退潮,进场,资金观望型,资金+业绩共振(双击候选),B,关注：资金+业绩共振,72.6
600764,中国海防,18.74,-7.9,0.7,101.3,-1.82,-19547284,-18351696,-41972632,-8251263,-4102304,6523318,缩量,低,情绪退潮,观望,资金观望型,,D,回避：资金观望,-0.6
600768,富邦新材,14.29,-49.6,0.28,-30.8,-3.36,-5666705,-25494000,-43864682,-2463632,0,1482869,缩量,低,情绪退潮,观望,资金撤退型,,D,回避：资金撤退,-1.1
600765,中航重机,13.44,-19.9,0.72,22.1,-7.02,-78704530,-31854536,-99677254,6856624,4211188,-9025150,缩量,低,情绪退潮,观望,资金观望型,,D,回避：资金观望,-2.3
600763,通策医疗,32.43,-55.5,0.88,-28.8,-10.6,-106661259,-118866953,-257032196,-13569867,-9416268,20558600,缩量,低,情绪退潮,观望,资金撤退型,,D,回避：资金撤退,-3.5
600769,祥龙电业,15.03,-66.0,1.72,11.3,-2.94,-23315787,10326151,-14116107,3516776,-131418,-394699,缩量,低,情绪退潮,观望,资金观望型,,D,回避：资金观望,-1.0
600774,汉商集团,7.42,-18.9,1.33,-6.1,-1.45,-2409396,102187,882746,-755806,0,-562420,缩量,低,情绪退潮,观望,资金观望型,,D,回避：资金观望,-0.5
600771,广誉远,13.4,-55.4,1.01,-27.8,-5.94,-22094893,-43609352,-93795934,2783329,1887252,1472350,缩量,低,情绪退潮,观望,资金撤退型,,D,回避：资金撤退,-2.0
600761,安徽合力,15.45,55.4,1.21,-22.5,0.27,2440849,2191932,-17386959,-29214822,6732487,17452621,放量,低,游资情绪,抢筹,资金观望型,资金+业绩共振(双击候选),B,关注：资金+业绩共振,88.1
600770,综艺股份,5.8,28.2,1.75,380.5,-6.87,-114739753,108589091,70958070,51882552,37986209,-44804073,缩量,低,情绪退潮,观望,资金观望型,,D,回避：资金观望,-2.3
600773,西藏城投,10.13,-45.8,0.32,-25.3,-1.07,-11678575,-14357563,1347054,-22341207,-12433220,25037812,缩量,低,情绪退潮,观望,资金观望型,,D,回避：资金观望,-0.4
600775,南京熊猫,9.71,-70.4,0.61,-10.7,-5.49,-25010456,-25848916,-22665143,1462573,657825,2870023,缩量,低,情绪退潮,观望,资金观望型,,D,回避：资金观望,-1.8
600776,东方通信,13.55,44.5,0.21,236.7,4.05,112167417,152618472,110432565,-3613837,6437778,11707178,缩量,低,情绪退潮,观望,趋势转多型,,D,回避：资金观望,1.3
600777,新潮能源,4.06,-38.3,0.96,34.2,4.54,33239622,62865992,-89302988,-8994358,-5220666,-2056528,缩量,低,情绪退潮,观望,趋势转多型,,D,回避：资金观望,1.5
600779,水井坊,25.67,-67.0,1.34,2.6,-1.2,-2979529,-11291128,-39292021,-4705154,-2990770,4849613,缩量,低,情绪退潮,观望,资金撤退型,,D,回避：资金撤退,-0.4
600780,通宝能源,6.27,5.9,0.27,-13.7,-1.08,-4474650,-29695743,-124417085,-4830696,-6952493,5679461,缩量,低,情绪退潮,观望,资金撤退型,,D,回避：资金撤退,-0.4
600783,鲁信创投,15.23,-35.2,1.32,-49.4,-3.01,-31671331,-53513118,13537921,-51567281,-49670529,50518137,缩量,低,情绪退潮,观望,长线吸筹型,,D,回避：资金观望,-1.0
600778,友好集团,5.92,359.9,1.1,308.5,6.26,84535889,86786164,90999753,-18608386,-7225947,16073242,放量,中,主力偏强放量,进场,均衡流入型,资金+业绩共振(双击候选),B,关注：资金+业绩共振,90.1
600785,新华百货,10.17,46.0,1.08,-7.2,-0.62,-11688935,77638274,407500005,-13045842,-9925221,20567201,缩量,低,情绪退潮,观望,高位分歧型,,D,回避：资金观望,-0.2
600784,鲁银投资,6.97,-41.0,0.71,19.6,-12.37,-39606226,-77598632,-81739841,-2730419,-5072545,-1504245,缩量,低,情绪退潮,观望,资金撤退型,,D,回避：资金撤退,-4.1
600791,京能置业,6.79,-60.1,0.58,30.9,-1.36,-7366400,53653383,75516330,-6030603,-3224180,12153799,缩量,低,情绪退潮,观望,资金观望型,,D,回避：资金观望,-0.5
600793,宜宾纸业,16.36,-33.9,3.17,-28.3,-1.3,-4221738,-12610579,-15725797,18850708,10265864,-21918236,缩量,低,情绪退潮,观望,资金撤退型,,D,回避：资金撤退,-0.4
600782,新钢股份,2.72,-25.4,0.52,-27.4,4.03,19553092,46382424,-23256165,4186544,4878031,2655702,缩量,低,情绪退潮,进场,趋势转多型,资金+业绩共振(双击候选),B,关注：资金+业绩共振,73.3
600789,鲁抗医药,7.45,-53.6,2.84,-33.7,2.08,18895543,4971102,-55494177,2237065,6484242,1088327,缩量,低,情绪退潮,进场,资金观望型,资金+业绩共振(双击候选),B,关注：资金+业绩共振,72.7
600792,云煤能源,4.85,1189.2,0.61,268.9,5.48,269921172,297722789,372631170,-2933178,7283668,-14959777,放量,中,主力偏强放量,进场,均衡流入型,纯资金炒作(亏损风险),C,谨慎：纯资金炒作,29.8
600790,轻纺城,3.41,46.4,1.5,11.1,-1.48,-3721285,576149,13306287,17972150,12569737,-10061971,缩量,低,情绪退潮,吸筹,高位分歧型,纯资金炒作(亏损风险),C,谨慎：纯资金炒作,3.5
600787,中储股份,4.62,25.4,1.08,-2.1,6.75,30022385,30657391,15012308,12086392,14159603,-10760499,缩量,中,主力惜售,吸筹,趋势转多型,资金+业绩共振(双击候选),B,关注：资金+业绩共振,78.2
600796,钱江生化,5.05,-19.7,0.54,9.7,-7.35,-10950875,-10109451,-13507199,3504938,0,-5920170,缩量,低,情绪退潮,观望,资金观望型,,D,回避：资金观望,-2.4
600797,浙大网新,6.6,-69.3,0.68,-16.6,-4.01,-14272242,-40498224,-48587972,-10389758,-9888801,7158999,缩量,低,情绪退潮,观望,资金撤退型,,D,回避：资金撤退,-1.3
600801,华新建材,24.4,-10.3,2.32,2.1,-7.32,-81596455,-102454671,-64469072,-19284752,-15176950,39950959,缩量,低,情绪退潮,观望,资金观望型,,D,回避：资金观望,-2.4
600798,宁波海运,3.39,250.8,0.81,147.1,0.74,8316940,-19657237,-27831077,-11686108,-5185490,13567811,放量,低,游资情绪,观望,资金观望型,,D,回避：资金观望,8.2
600794,保税科技,3.18,5.2,0.91,3.2,1.27,2308742,3143067,922736,224607,760800,-2390264,缩量,低,情绪退潮,进场,趋势转多型,纯资金炒作(亏损风险),C,谨慎：纯资金炒作,12.4
600800,渤海化学,3.33,-31.0,0.34,-29.7,0.03,106964,-26019138,-56167804,-9324529,-10102566,1850322,缩量,低,情绪退潮,观望,资金观望型,,D,回避：资金观望,0.0
600795,国电电力,5.32,-20.4,0.99,-16.4,6.06,148552072,469036578,478810996,28671012,-3616980,-17330676,缩量,中,主力惜售,进场,主力强攻型,资金+业绩共振(双击候选),B,关注：资金+业绩共振,86.0
600807,济高发展,2.6,-7.8,0.94,-7.2,-0.83,-1401537,4896997,-3339518,287268,-640940,-1295342,缩量,低,情绪退潮,观望,资金观望型,,D,回避：资金观望,-0.3
600803,新奥股份,18.83,-17.4,0.79,12.4,-5.34,-46817381,-71283695,-122620539,2002590,1338506,-15976479,缩量,低,情绪退潮,观望,资金撤退型,,D,回避：资金撤退,-1.8
600808,马钢股份,2.57,-25.9,0.82,-15.7,0.6,4017321,-2254831,-51481152,-198322,-2432008,-2982157,缩量,低,情绪退潮,观望,资金观望型,,D,回避：资金观望,0.2
600805,悦达投资,4.48,-30.7,0.55,-29.1,-0.73,-1089814,1427828,-12732963,-634765,-1109277,1195998,缩量,低,情绪退潮,观望,资金观望型,,D,回避：资金观望,-0.2
600802,福建水泥,6.02,1140.4,0.83,670.2,4.42,63234187,107363300,105008773,2695299,5912602,-4652133,放量,低,游资情绪,吸筹,趋势转多型,纯资金炒作(亏损风险),C,谨慎：纯资金炒作,13.5
600812,华北制药,4.53,8.2,1.31,96.2,4.27,78365442,71784076,7508137,-5426121,-3187578,9175543,缩量,低,情绪退潮,观望,资金观望型,,D,回避：资金观望,1.4
600819,耀皮玻璃,5.61,-47.4,1.27,30.7,-3.6,-8330417,-736387,-5549,673759,788891,1700923,缩量,低,情绪退潮,观望,资金观望型,,D,回避：资金观望,-1.2
600814,杭州解百,6.69,161.8,0.56,348.1,-1.5,-12727408,19553254,16708545,407224,608955,3202945,放量,低,游资情绪,观望,资金观望型,,D,回避：资金观望,7.5
600815,厦工股份,3.62,50.4,0.26,-12.5,-8.39,-105584144,-250789507,-42118439,30085579,25789548,-32234586,放量,低,游资情绪,观望,长线吸筹型,,D,回避：资金观望,5.2
600817,宇通重工,9.34,-27.4,0.25,-32.9,-8.37,-6288728,-10989148,-8998599,127646,0,-1790469,缩量,低,情绪退潮,观望,资金观望型,,D,回避：资金观望,-2.8
600821,金开新能,6.26,-40.8,0.21,43.8,-1.57,-43267629,25300480,-134506561,-9347277,2501113,25132689,缩量,低,情绪退潮,观望,资金观望型,,D,回避：资金观望,-0.5
600822,上海物贸,8.53,26.1,0.67,125.8,-6.88,-17206062,-4448554,-18339408,-1161757,800808,-1128948,缩量,低,情绪退潮,观望,资金观望型,,D,回避：资金观望,-2.3
600824,益民集团,3.58,38.6,1.0,19.3,-4.61,-16307389,-16814959,-28388448,2379512,207740,-5392575,缩量,低,情绪退潮,观望,资金撤退型,,D,回避：资金撤退,-1.5
600825,新华传媒,5.31,-100.0,0.91,40.6,1.81,6227340,-4860406,-7973898,0,0,0,缩量,低,情绪退潮,观望,资金观望型,,D,回避：资金观望,0.6
600826,兰生股份,7.38,-61.4,1.73,-31.6,-5.25,-6769536,-5806667,-14901588,-202254,-1311734,-1769629,缩量,低,情绪退潮,观望,资金观望型,,D,回避：资金观望,-1.8
600809,山西汾酒,112.54,-75.8,1.46,8.3,-5.91,-150244028,-147164968,-262177414,5744504,13721873,-7373131,缩量,低,情绪退潮,吸筹,资金观望型,机构吸筹+盈利(关注),C,谨慎：资金流入未验证业绩,22.0
600816,建元信托,2.43,-27.0,0.82,-3.5,0.4,3191443,7516798,-61360622,4048654,7432477,5850252,缩量,低,情绪退潮,进场,趋势转多型,资金+业绩共振(双击候选),B,关注：资金+业绩共振,72.1
600820,隧道股份,5.4,-9.3,1.17,25.8,3.21,24984593,23258928,-72800776,11678484,11602539,-13477948,缩量,低,情绪退潮,进场,资金观望型,资金+业绩共振(双击候选),B,关注：资金+业绩共振,73.1
600810,神马股份,6.28,-73.5,0.76,-35.1,7.11,12849352,16472836,-4905871,-274287,538650,-1892283,缩量,中,主力惜售,进场,短线抢筹型,纯资金炒作(亏损风险),C,谨慎：纯资金炒作,26.4
600827,百联股份,7.67,-31.9,1.01,14.0,-2.6,-12926323,23040064,55094489,2831349,-3409076,-3990922,缩量,低,情绪退潮,观望,高位分歧型,,D,回避：资金观望,-0.9
600828,茂业商业,4.09,56.9,0.79,450.8,-5.69,-58169430,-4911232,27030803,-1454994,3165702,15741729,放量,低,游资情绪,观望,资金观望型,,D,回避：资金观望,6.1
600830,香溢融通,8.38,223.8,1.12,477.9,-0.9,-9963276,-154394366,-135103174,-1228904,-2906020,3761717,放量,低,游资情绪,观望,资金观望型,,D,回避：资金观望,7.7
600829,人民同泰,9.34,-53.1,1.88,-60.2,-4.65,-23081368,-39829034,-101201297,-6284111,-2017753,7002534,缩量,低,情绪退潮,观望,资金撤退型,,D,回避：资金撤退,-1.6
600833,第一医药,10.15,3.4,1.24,-48.8,-1.02,-2322428,-6654218,-31141695,1896921,1388543,-3883944,缩量,低,情绪退潮,观望,资金撤退型,,D,回避：资金撤退,-0.3
600834,申通地铁,7.56,-27.2,0.84,-19.9,2.26,1889174,2012368,-205891,-646854,0,435238,缩量,低,情绪退潮,观望,趋势转多型,,D,回避：资金观望,0.8
600841,动力新科,5.63,-33.0,0.4,48.2,2.65,11861420,21666800,10191756,-3154841,-361315,412190,缩量,低,情绪退潮,观望,趋势转多型,,D,回避：资金观望,0.9
600838,上海九百,7.7,43.7,0.49,-5.5,-5.09,-37343264,-37333203,20292891,-17504860,-10952936,21970270,缩量,低,情绪退潮,观望,长线吸筹型,,D,回避：资金观望,-1.7
600831,广电网络,3.28,-9.6,1.04,-14.9,9.29,17476650,12614542,-6503790,-1025229,1645836,-3008868,缩量,中,主力惜售,进场,资金观望型,纯资金炒作(亏损风险),C,谨慎：纯资金炒作,27.1
600839,四川长虹,6.65,-73.3,0.61,-33.4,-15.71,-180138112,-391129102,-507012340,-10085191,-3772707,20320018,缩量,低,情绪退潮,观望,资金撤退型,,D,回避：资金撤退,-5.2
600845,宝信软件,16.85,-76.2,0.89,-19.9,-9.59,-65542813,-162880579,-229123291,-4455315,-3223422,6365767,缩量,低,情绪退潮,观望,资金撤退型,,D,回避：资金撤退,-3.2
600843,上工申贝,6.85,-70.9,0.98,-10.2,-4.23,-6905299,-12872842,-22952054,977778,143160,-2059316,缩量,低,情绪退潮,观望,资金撤退型,,D,回避：资金撤退,-1.4
600835,上海机电,17.77,-51.5,0.55,-5.8,-5.7,-17769861,-19840853,-9283802,5452773,3753855,-1389738,缩量,低,情绪退潮,吸筹,资金观望型,机构吸筹+盈利(关注),C,谨慎：资金流入未验证业绩,22.1
600847,万里股份,11.98,-43.0,0.43,-5.7,-0.74,-838584,-3841218,-5822461,935990,0,-851074,缩量,低,情绪退潮,观望,资金撤退型,,D,回避：资金撤退,-0.2
600844,金煤科技,3.48,-13.9,1.06,-19.3,1.17,17577315,-79454889,4273656,4601685,-3346198,-8599885,缩量,低,情绪退潮,进场,资金观望型,纯资金炒作(亏损风险),C,谨慎：纯资金炒作,12.4
600846,同济科技,10.84,-76.9,1.82,-18.6,-15.83,-20927426,-42179118,-45255877,-2831737,1095600,2384381,缩量,低,情绪退潮,观望,资金撤退型,,D,回避：资金撤退,-5.3
600850,电科数字,14.01,-56.6,1.01,-8.8,-1.64,-7359056,-22619326,-113372916,1903129,1101257,1337972,缩量,低,情绪退潮,观望,资金撤退型,,D,回避：资金撤退,-0.5
600851,海欣股份,8.33,-77.5,2.23,-58.0,-6.03,-16264960,-25892032,-42618485,-8461603,-1710244,11164288,缩量,低,情绪退潮,观望,资金撤退型,,D,回避：资金撤退,-2.0
600853,龙建股份,3.25,-22.3,0.59,-16.0,-1.36,-1794753,7266114,12498766,4942400,1747541,-3832367,缩量,低,情绪退潮,观望,资金观望型,,D,回避：资金观望,-0.5
600854,春兰股份,4.55,-35.0,0.93,-18.9,-4.5,-6083117,-2155042,-13390851,-1578885,-772016,-1039098,缩量,低,情绪退潮,观望,资金观望型,,D,回避：资金观望,-1.5
600855,航天长峰,13.18,-2.6,0.16,205.2,2.74,28755162,96884669,84014549,-4167430,-6987869,-2546524,缩量,低,情绪退潮,观望,趋势转多型,,D,回避：资金观望,0.9
600859,王府井,9.62,-29.8,1.04,39.2,-5.52,-40263113,-25500206,-47678842,4981770,-4369901,-3298007,缩量,低,情绪退潮,观望,资金观望型,,D,回避：资金观望,-1.8
600848,上海临港,8.34,-25.9,0.58,-21.9,5.57,14137657,10141417,20716464,-7476517,-1602035,9012400,缩量,中,主力惜售,进场,资金观望型,资金+业绩共振(双击候选),B,关注：资金+业绩共振,85.9
600857,宁波中百,21.11,-41.1,7.44,112.2,2.37,20194616,110351548,142238683,-1211595,3187607,3988152,缩量,低,情绪退潮,观望,主力建仓型,,D,回避：资金观望,0.8
600862,中航高科,17.97,-43.0,0.96,59.3,-2.5,-27920646,27463153,16223897,-7599614,-12066831,12297598,缩量,低,情绪退潮,观望,资金观望型,,D,回避：资金观望,-0.8
600858,银座股份,4.88,10.0,0.93,43.9,-0.05,-133738,-4401952,-4087306,2982948,-776000,-4962163,缩量,低,情绪退潮,观望,资金观望型,,D,回避：资金观望,-0.0
600861,北京人力,12.61,-52.2,1.06,-32.9,-5.18,-4899743,-4000729,-12100279,1009684,1379987,-3209955,缩量,低,情绪退潮,观望,资金观望型,,D,回避：资金观望,-1.7
600863,华能蒙电,4.79,-58.9,2.56,23.7,-0.46,-11858530,71210468,26020867,-22418620,-14636824,26494680,缩量,低,情绪退潮,观望,资金观望型,,D,回避：资金观望,-0.2
600860,京城股份,8.0,-31.8,0.3,-37.5,-10.56,-17818248,-16414657,-24523635,1101218,1593663,-559276,缩量,低,情绪退潮,吸筹,资金观望型,纯资金炒作(亏损风险),C,谨慎：纯资金炒作,0.5
600865,百大集团,10.29,722.6,0.8,669.7,-6.24,-268651064,7220501,18332762,931568,213619,7477987,放量,低,游资情绪,观望,资金观望型,,D,回避：资金观望,5.9
600866,星湖科技,4.1,7.6,0.6,50.9,-9.41,-61191677,-97369671,-94361384,-12093419,-11997883,4195987,缩量,低,情绪退潮,观望,资金观望型,,D,回避：资金观望,-3.1
600867,通化东宝,7.76,-67.9,0.44,-56.5,-9.63,-47905553,-85222700,-112821688,-13637977,-9244465,14716541,缩量,低,情绪退潮,观望,资金撤退型,,D,回避：资金撤退,-3.2
600869,远东股份,21.86,152.6,1.24,78.1,-5.84,-2196398328,-1806514913,-2312001437,-56947103,95113755,191940889,放量,低,游资情绪,观望,资金观望型,,D,回避：资金观望,6.1
600873,梅花生物,7.47,-35.5,0.28,-17.8,-2.94,-24293093,-45519792,-30826174,-8250810,1280319,10735812,缩量,低,情绪退潮,观望,资金观望型,,D,回避：资金观望,-1.0
600874,创业环保,5.55,5.8,0.65,-2.2,-14.86,-30694370,-30000539,-20326943,5408692,1075819,-4338177,缩量,低,情绪退潮,观望,高位分歧型,,D,回避：资金观望,-5.0
600864,哈投股份,5.96,310.3,0.19,16.0,2.56,68021897,30779048,76980538,33674962,7608672,-25212957,放量,低,游资情绪,进场,资金观望型,资金+业绩共振(双击候选),B,关注：资金+业绩共振,80.9
600877,电科芯片,12.13,-64.4,1.26,10.9,-0.37,-2609861,-21783114,-124460550,-2120114,3413844,5646092,缩量,低,情绪退潮,观望,资金撤退型,,D,回避：资金撤退,-0.1
600875,东方电气,23.95,-48.8,0.37,11.9,0.34,15814748,56968841,-376293045,-57549084,-58474076,53316956,缩量,低,情绪退潮,观望,趋势转多型,,D,回避：资金观望,0.1
600872,中炬高新,17.55,-38.8,0.38,-2.8,-5.84,-49437719,-49929421,-58108551,6026208,3585364,-1579554,缩量,低,情绪退潮,吸筹,资金撤退型,机构吸筹+盈利(关注),C,谨慎：资金流入未验证业绩,22.1
600868,梅雁吉祥,2.92,9.7,0.48,-0.9,-1.89,-15375816,-31615641,-38189278,16908517,14860168,-9991203,缩量,低,情绪退潮,吸筹,资金撤退型,纯资金炒作(亏损风险),C,谨慎：纯资金炒作,3.4
600871,石化油服,2.23,-11.6,0.98,18.4,1.26,21603093,126328285,96265260,36471856,34553796,-8868120,缩量,低,情绪退潮,吸筹,趋势转多型,资金+业绩共振(双击候选),B,关注：资金+业绩共振,64.4
600881,亚泰集团,1.75,-38.3,3.36,-21.3,-8.89,-101550633,-13810393,-29678269,-2212252,-1558512,-811904,缩量,低,情绪退潮,观望,资金观望型,,D,回避：资金观望,-3.0
600876,凯盛新能,8.56,652.4,0.54,610.2,4.19,52611879,56882877,60117371,-417815,4345340,-1606878,放量,低,游资情绪,吸筹,均衡流入型,纯资金炒作(亏损风险),C,谨慎：纯资金炒作,13.4
600882,妙可蓝多,19.02,-74.5,1.34,-11.1,-5.11,-22610613,-14706776,-1025181,-4409325,-3596653,10239795,缩量,低,情绪退潮,观望,资金观望型,,D,回避：资金观望,-1.7
600883,博闻科技,7.83,-2.2,1.17,-7.7,3.01,6802987,2568917,-485423,-28934,-1297777,-1052030,缩量,低,情绪退潮,观望,资金观望型,,D,回避：资金观望,1.0
600879,航天电子,14.59,-59.5,0.5,-15.5,-0.32,-13740259,-260980482,-880882515,64613722,44256119,-24228366,缩量,低,情绪退潮,吸筹,资金撤退型,机构吸筹+盈利(关注),C,谨慎：资金流入未验证业绩,23.9
600884,杉杉股份,11.19,-55.3,0.44,-40.7,-8.52,-115451822,-183796668,-395782215,-30272637,-14197912,28927861,缩量,低,情绪退潮,观望,资金撤退型,,D,回避：资金撤退,-2.8
600880,博瑞传播,4.99,487.2,0.32,463.2,6.64,156430176,179779234,177108030,26379846,13773683,-23137910,放量,中,主力偏强放量,进场,趋势转多型,纯资金炒作(亏损风险),C,谨慎：纯资金炒作,30.2
600885,宏发股份,34.46,-26.8,1.25,35.8,0.76,14544529,-47749106,-288627347,-29151019,-13123048,66094346,缩量,低,情绪退潮,观望,资金观望型,,D,回避：资金观望,0.3
600893,航发动力,39.7,-23.5,0.69,50.4,-7.94,-529056293,-223517092,21165175,-97869313,-88166957,148598286,缩量,低,情绪退潮,观望,资金观望型,,D,回避：资金观望,-2.6
600888,新疆众和,10.0,-74.0,2.93,-44.8,-8.84,-125053556,-329139998,-435659862,-6723953,-10595680,12980569,缩量,低,情绪退潮,观望,资金撤退型,,D,回避：资金撤退,-2.9
600892,大晟文化,3.97,205.6,2.96,396.5,-5.2,-77805874,-100145936,-36548984,-6155291,-2449173,13363116,放量,低,游资情绪,观望,资金观望型,,D,回避：资金观望,6.3
600897,厦门空港,14.9,23.7,0.68,44.8,-5.43,-9394333,-10385628,-15257881,3380440,2203859,-2877596,缩量,低,情绪退潮,观望,资金撤退型,,D,回避：资金撤退,-1.8
600894,广日股份,7.17,-17.2,0.45,-54.8,-0.73,-965709,-1145899,-16889867,-1231323,68400,-4484965,缩量,低,情绪退潮,观望,资金撤退型,,D,回避：资金撤退,-0.2
600895,张江高科,28.29,-71.1,1.69,-17.1,-13.87,-261808522,-299364843,-606537141,33854930,19484896,-28484761,缩量,低,情绪退潮,观望,资金撤退型,,D,回避：资金撤退,-4.6
600887,伊利股份,26.1,-39.2,1.68,-24.4,1.59,99467142,197389291,504674718,91122972,57809374,-44094444,缩量,低,情绪退潮,吸筹,均衡流入型,资金+业绩共振(双击候选),B,关注：资金+业绩共振,64.5
600886,国投电力,14.49,-52.5,1.72,-12.0,0.14,2166148,-19521518,104154910,32533847,4875887,-14135600,缩量,低,情绪退潮,进场,长线吸筹型,资金+业绩共振(双击候选),B,关注：资金+业绩共振,72.0
600903,贵州燃气,6.88,143.3,4.96,160.1,-3.75,-133684170,54871520,85299455,-4982755,-20601275,2991631,放量,低,游资情绪,观望,资金观望型,,D,回避：资金观望,6.8
600905,三峡能源,3.66,-56.6,0.78,-5.6,1.54,18873135,20965055,-75532845,-17244066,-23337069,13773072,缩量,低,情绪退潮,观望,趋势转多型,,D,回避：资金观望,0.5
600908,无锡银行,5.84,36.1,1.2,43.5,-3.71,-30683521,-56673329,-67111672,1123459,-240629,4189293,缩量,低,情绪退潮,观望,资金撤退型,,D,回避：资金撤退,-1.2
600909,华安证券,7.76,-80.3,11.25,-12.3,-3.86,-119436739,-267005187,-96324559,14240372,24419410,11151254,缩量,低,情绪退潮,观望,资金观望型,,D,回避：资金观望,-1.3
600901,江苏金租,6.76,-21.6,0.98,-6.4,-1.3,-10682403,1071507,-34840458,11964893,9819661,-3865514,缩量,低,情绪退潮,吸筹,资金观望型,机构吸筹+盈利(关注),C,谨慎：资金流入未验证业绩,23.6
600918,中泰证券,5.46,-59.1,2.57,-37.1,-2.55,-24828911,-62534858,-51357206,-6274080,-2464199,4873802,缩量,低,情绪退潮,观望,资金观望型,,D,回避：资金观望,-0.8
600919,江苏银行,12.16,22.5,1.37,2.8,1.64,103295260,-1346912,161622762,-104838606,-140585040,98548987,缩量,低,情绪退潮,观望,资金观望型,,D,回避：资金观望,0.5
600900,长江电力,28.46,-60.3,1.8,-2.0,2.01,247081933,-475467809,-197828686,21424279,15596580,-34141125,缩量,低,情绪退潮,进场,资金观望型,资金+业绩共振(双击候选),B,关注：资金+业绩共振,72.7
600906,财达证券,6.38,-71.2,6.37,-12.4,-4.55,-41053823,-76178833,-96900912,8024953,16358108,-3832919,缩量,低,情绪退潮,吸筹,资金撤退型,机构吸筹+盈利(关注),C,谨慎：资金流入未验证业绩,22.5
600925,苏能股份,4.12,-27.8,0.64,-27.1,-4.35,-8580783,6260047,11489007,2689448,1560480,-3701450,缩量,低,情绪退潮,观望,资金观望型,,D,回避：资金观望,-1.4
600926,杭州银行,17.21,5.2,1.52,3.6,-2.81,-109202385,-278943443,-553271564,-53461582,-23635340,29751158,缩量,低,情绪退潮,观望,资金撤退型,,D,回避：资金撤退,-0.9
600916,XD中国黄,7.62,-26.8,1.2,-61.9,-2.39,-24428610,-153202762,12392973,34755203,19606641,-15914522,缩量,低,情绪退潮,吸筹,长线吸筹型,机构吸筹+盈利(关注),C,谨慎：资金流入未验证业绩,23.2
600917,重庆燃气,4.92,109.7,0.52,64.6,1.38,5259131,14242598,7872469,2142578,2505960,-3075741,放量,低,游资情绪,抢筹,趋势转多型,资金+业绩共振(双击候选),B,关注：资金+业绩共振,88.5
600930,华电新能,3.98,-2.0,0.5,25.0,0.34,8658619,50251427,-196354515,-4478966,-27275753,8789534,缩量,低,情绪退潮,观望,趋势转多型,,D,回避：资金观望,0.1
600929,雪天盐业,5.4,405.1,0.89,145.7,0.75,13406103,15705236,-7337762,-14091519,-30337605,-10367810,放量,低,游资情绪,观望,趋势转多型,,D,回避：资金观望,8.2
600936,北投科技,4.6,-15.2,4.09,10.0,-1.77,-29855140,-132536183,-42169885,-58716876,-53628995,52994528,缩量,低,情绪退潮,观望,资金观望型,,D,回避：资金观望,-0.6
600927,永安期货,12.26,-16.6,1.32,-20.8,0.33,1205392,-11556474,-25051022,6758808,4818795,-824608,缩量,低,情绪退潮,吸筹,资金观望型,资金+业绩共振(双击候选),B,关注：资金+业绩共振,64.1
600938,中国海油,33.08,-35.7,1.21,10.9,0.87,79697076,160527018,-377131947,-67433087,-63682534,72079565,缩量,低,情绪退潮,观望,趋势转多型,,D,回避：资金观望,0.3
600941,中国移动,96.94,-49.7,1.14,-22.7,-5.12,-169450087,-352034098,-33650719,-52786419,-30289382,49512227,缩量,低,情绪退潮,观望,长线吸筹型,,D,回避：资金观望,-1.7
600928,西安银行,3.54,2.7,0.92,-8.2,2.88,14523396,30640281,-4843072,2598451,1892276,-8732693,缩量,低,情绪退潮,进场,趋势转多型,资金+业绩共振(双击候选),B,关注：资金+业绩共振,73.0
600955,维远股份,12.47,-68.7,0.38,-21.9,-2.53,-4123750,-4007043,-7483946,489176,659850,1639049,缩量,低,情绪退潮,观望,资金观望型,,D,回避：资金观望,-0.8
600935,华塑股份,2.27,-17.4,0.72,53.9,2.31,5463563,11478276,10474115,3057512,3396101,-3229409,缩量,低,情绪退潮,吸筹,趋势转多型,纯资金炒作(亏损风险),C,谨慎：纯资金炒作,4.8
600956,新天绿能,7.3,-23.9,0.27,11.3,-3.28,-10453532,-16719600,-21726863,257004,-1484917,-37459,缩量,低,情绪退潮,观望,资金撤退型,,D,回避：资金撤退,-1.1
600933,爱柯迪,12.41,-13.4,0.78,-0.8,1.15,5625061,7526302,-11395176,5074530,1805620,-19151966,缩量,低,情绪退潮,进场,趋势转多型,资金+业绩共振(双击候选),B,关注：资金+业绩共振,72.4
600958,东方证券,8.82,-39.1,1.65,-0.4,-8.37,-160671992,-237327974,-115408086,-46731757,-59928758,24025856,缩量,低,情绪退潮,观望,资金观望型,,D,回避：资金观望,-2.8
600962,国投中鲁,25.95,-56.7,1.98,-34.1,-5.77,-35769197,-28160628,-29334967,-10786688,-2937890,11624785,缩量,低,情绪退潮,观望,资金观望型,,D,回避：资金观望,-1.9
600961,株冶集团,25.76,-43.5,0.79,-48.5,-3.88,-120145078,-192091456,-712037801,118617663,66141826,-66993468,缩量,低,情绪退潮,观望,资金撤退型,,D,回避：资金撤退,-1.3
600939,重庆建工,2.6,8.6,1.2,-8.5,5.39,8523620,17535766,7704123,-143314,154423,-2725223,缩量,中,主力惜售,进场,短线抢筹型,纯资金炒作(亏损风险),C,谨慎：纯资金炒作,25.8
600963,岳阳林纸,3.39,-36.8,0.82,-12.8,-0.57,-2311901,-3055371,-23735125,1050603,874086,-1484786,缩量,低,情绪退潮,观望,资金撤退型,,D,回避：资金撤退,-0.2
600967,内蒙一机,13.47,284.3,0.94,587.9,4.95,460347231,415549293,685927653,-152229548,-96563837,107225394,放量,低,游资情绪,观望,资金观望型,,D,回避：资金观望,9.7
600959,江苏有线,3.11,-39.7,0.37,14.7,0.27,910632,-10642990,18231272,9228179,10482382,-5562418,缩量,低,情绪退潮,吸筹,长线吸筹型,资金+业绩共振(双击候选),B,关注：资金+业绩共振,64.1
600960,渤海汽车,3.87,-58.7,0.76,7.5,1.47,2977061,5866506,-12701266,1847805,1428814,-2032347,缩量,低,情绪退潮,进场,趋势转多型,资金+业绩共振(双击候选),B,关注：资金+业绩共振,72.5
600969,郴电国际,9.86,58.0,1.0,30.4,-1.39,-15605226,17428722,90615431,-8857396,-4325255,15441945,放量,低,游资情绪,观望,高位分歧型,,D,回避：资金观望,7.5
600968,海油发展,4.03,-15.3,0.85,-13.5,0.03,218190,-6463113,-140711470,-238268,-10476985,-11216901,缩量,低,情绪退潮,观望,资金观望型,,D,回避：资金观望,0.0
600970,中材国际,7.74,-32.6,0.72,-25.1,-4.02,-19274216,-18009402,10229905,481833,-2174842,-2207825,缩量,低,情绪退潮,观望,高位分歧型,,D,回避：资金观望,-1.3
600971,恒源煤电,8.58,-10.0,1.11,-44.7,-0.86,-5312940,-11724932,-52011465,-2630892,1535120,1178544,缩量,低,情绪退潮,观望,资金撤退型,,D,回避：资金撤退,-0.3
600973,宝胜股份,6.11,-62.9,0.65,28.9,-0.67,-4243169,-32163171,-83297504,5067754,2925283,-3163560,缩量,低,情绪退潮,观望,资金撤退型,,D,回避：资金撤退,-0.2
600975,新五丰,5.21,61.9,1.04,278.3,-4.03,-40178941,27725203,21781294,-7186076,-6274147,2134336,放量,低,游资情绪,观望,资金观望型,,D,回避：资金观望,6.7
600976,健民集团,26.34,-76.9,1.58,-32.7,-8.35,-14670139,-4629158,5647965,-2320617,529000,2270129,缩量,低,情绪退潮,观望,高位分歧型,,D,回避：资金观望,-2.8
600977,中国电影,12.64,-71.7,0.74,1.9,-8.42,-85614920,-145487634,-118129493,2346785,1506763,-4287606,缩量,低,情绪退潮,观望,资金观望型,,D,回避：资金观望,-2.8
600966,博汇纸业,4.8,-28.7,0.79,-17.3,1.55,5061881,-15283053,-48322141,1329156,760787,-4583989,缩量,低,情绪退潮,进场,资金观望型,资金+业绩共振(双击候选),B,关注：资金+业绩共振,72.5
600981,苏豪汇鸿,2.39,-29.6,0.91,-0.1,-4.98,-9543070,-3465749,-14257251,4249741,1225573,-3257324,缩量,低,情绪退潮,观望,资金观望型,,D,回避：资金观望,-1.7
600980,北矿科技,18.78,-41.7,0.95,-38.4,-5.13,-8038809,-14189132,-16022591,-430345,-937571,1112005,缩量,低,情绪退潮,观望,资金撤退型,,D,回避：资金撤退,-1.7
600979,广安爱众,4.12,53.9,0.15,142.0,0.17,1967015,-17322893,-19848610,-2084501,-8055241,1232294,放量,低,游资情绪,观望,资金观望型,,D,回避：资金观望,8.1
600982,宁波能源,5.2,19.7,0.26,174.4,3.45,48296576,34412167,39147342,-16086470,-18574434,13707392,缩量,低,情绪退潮,观望,资金观望型,,D,回避：资金观望,1.2
600983,惠而浦,7.29,-75.9,0.27,-51.8,-1.57,-627244,-376690,-7472056,31390,0,626148,缩量,低,情绪退潮,观望,资金观望型,,D,回避：资金观望,-0.5
600986,浙文互联,7.05,-68.3,0.28,-13.7,-6.36,-72343883,-227292878,-171844099,-10210170,-5698106,11902872,缩量,低,情绪退潮,观望,资金观望型,,D,回避：资金观望,-2.1
600984,建设机械,3.46,-63.0,1.28,-70.0,-11.61,-46091482,-52809489,-319229041,-7030362,-2664008,9281931,缩量,低,情绪退潮,观望,资金撤退型,,D,回避：资金撤退,-3.9
600990,四创电子,18.23,-59.8,1.08,-16.1,-2.86,-6885375,-22448589,-15240726,-455746,-342226,31825,缩量,低,情绪退潮,观望,资金观望型,,D,回避：资金观望,-1.0
600989,宝丰能源,24.06,-32.4,0.75,-6.2,1.84,158924249,387320191,138312357,-12968577,-90916787,4366779,缩量,低,情绪退潮,观望,趋势转多型,,D,回避：资金观望,0.6
600992,贵绳股份,9.53,-79.9,3.46,-13.5,0.69,1332841,46384,-4104699,-228510,0,-1884905,缩量,低,情绪退潮,观望,资金观望型,,D,回避：资金观望,0.2
600993,马应龙,22.37,-58.8,1.82,-37.5,-8.99,-32141132,-51041268,-10246011,-4225318,-4106369,3584460,缩量,低,情绪退潮,观望,长线吸筹型,,D,回避：资金观望,-3.0
600987,航民股份,6.41,-34.9,0.71,-13.6,5.81,10118775,17973803,6133326,894031,767607,-783337,缩量,中,主力惜售,进场,短线抢筹型,资金+业绩共振(双击候选),B,关注：资金+业绩共振,85.9
600995,南网储能,12.39,-52.5,0.54,-10.8,-2.37,-13800477,-59470212,-82697713,-3275422,2247996,9113412,缩量,低,情绪退潮,观望,资金撤退型,,D,回避：资金撤退,-0.8
600996,贵广网络,6.87,-62.1,0.51,-25.1,0.63,2750749,-34592259,-46376380,-1449487,-1260243,8253261,缩量,低,情绪退潮,观望,资金观望型,,D,回避：资金观望,0.2
600997,开滦股份,5.22,-13.4,0.93,-24.3,-0.64,-1996941,10166732,7190006,293902,245472,-4573063,缩量,低,情绪退潮,观望,资金观望型,,D,回避：资金观望,-0.2
600999,招商证券,17.32,-76.8,4.68,-23.6,-6.71,-231480962,-232323129,-32371631,31150501,36715383,-37360389,缩量,低,情绪退潮,观望,资金观望型,,D,回避：资金观望,-2.2
600985,淮北矿业,16.63,-21.5,1.5,-44.6,5.01,69903214,29730523,-174951338,-6283484,8893848,24288782,缩量,中,主力惜售,进场,资金观望型,资金+业绩共振(双击候选),B,关注：资金+业绩共振,85.7
600988,赤峰黄金,45.44,-13.6,1.47,-46.3,2.34,219091660,-253078507,-677195267,137421148,49773031,-173446894,缩量,低,情绪退潮,进场,资金观望型,资金+业绩共振(双击候选),B,关注：资金+业绩共振,72.8
601001,晋控煤业,16.91,-6.9,1.55,-16.3,-3.24,-58563366,-47049933,-41311060,-10675722,-24595320,6679339,缩量,低,情绪退潮,观望,资金观望型,,D,回避：资金观望,-1.1
600998,九州通,5.01,-19.1,1.14,-13.2,0.26,1841388,-32195989,-29412934,3469785,5304810,-1134136,缩量,低,情绪退潮,吸筹,资金观望型,资金+业绩共振(双击候选),B,关注：资金+业绩共振,64.1
601002,晋亿实业,5.2,-65.6,0.22,-33.2,-5.66,-12927160,-25294315,-56857436,1636475,553060,2583673,缩量,低,情绪退潮,观望,资金撤退型,,D,回避：资金撤退,-1.9
601006,大秦铁路,4.72,-16.0,1.47,-11.5,-2.97,-74567207,-91002793,-233212294,28063017,22925941,-34653745,缩量,低,情绪退潮,观望,资金撤退型,,D,回避：资金撤退,-1.0
601003,柳钢股份,3.58,-33.5,1.33,-9.6,-0.64,-2118376,2602404,24571076,-1140228,818450,-1334188,缩量,低,情绪退潮,观望,高位分歧型,,D,回避：资金观望,-0.2
601007,金陵饭店,6.72,-3.0,0.15,28.0,-2.84,-7466066,-1088012,114017,-199494,-544320,-1593201,缩量,低,情绪退潮,观望,资金观望型,,D,回避：资金观望,-0.9
601008,连云港,4.38,123.4,1.01,115.2,-0.45,-4953337,13680229,17519753,-1299132,-1102368,5977363,放量,低,游资情绪,观望,资金观望型,,D,回避：资金观望,7.8
601009,南京银行,11.94,9.8,1.08,-15.9,-2.77,-83717673,-175337982,-735448929,-71237769,-37996730,-9227628,缩量,低,情绪退潮,观望,资金撤退型,,D,回避：资金撤退,-0.9
601012,隆基绿能,11.0,-50.8,0.87,-22.8,-11.09,-377959029,-617930880,-1022110531,-67103317,-34885274,92705567,缩量,低,情绪退潮,观望,资金撤退型,,D,回避：资金撤退,-3.7
601005,重庆钢铁,1.2,-20.3,1.36,39.1,-11.61,-47197987,-41800646,-56238099,3464815,10448074,-3652189,缩量,低,情绪退潮,吸筹,资金观望型,纯资金炒作(亏损风险),C,谨慎：纯资金炒作,0.1
601016,节能风电,3.43,-29.2,0.4,63.9,1.98,50596820,62825353,45747509,-42205270,-47045578,17355484,缩量,低,情绪退潮,观望,趋势转多型,,D,回避：资金观望,0.7
601019,山东出版,6.81,-30.6,0.64,-28.5,-4.37,-10056095,-5932692,10504231,991595,-2672262,-1933386,缩量,低,情绪退潮,观望,高位分歧型,,D,回避：资金观望,-1.5
601021,春秋航空,41.75,-60.0,1.65,-1.2,-0.03,-197837,-16170424,-28120441,-131026,-2371898,251380,缩量,低,情绪退潮,观望,资金撤退型,,D,回避：资金撤退,-0.0
601020,华钰矿业,21.81,5.7,0.4,-18.7,-2.0,-59015437,-10418474,113660548,-32564623,-16988796,49268740,缩量,低,情绪退潮,观望,资金观望型,,D,回避：资金观望,-0.7
601011,宝泰隆,2.93,28.8,0.81,-53.2,-1.07,-8083958,15064511,-43326012,3258721,5487647,-4277819,缩量,低,情绪退潮,吸筹,资金观望型,纯资金炒作(亏损风险),C,谨慎：纯资金炒作,3.6
601018,宁波港,3.49,0.7,1.45,-12.1,0.91,7687961,46822271,25640144,42430891,31979228,-20889251,缩量,低,情绪退潮,吸筹,趋势转多型,资金+业绩共振(双击候选),B,关注：资金+业绩共振,64.3
601026,道生天合,14.38,-51.0,0.83,-48.5,-2.73,-4494027,-24694199,-50431259,-2357845,-1036063,2271715,缩量,低,情绪退潮,观望,资金撤退型,,D,回避：资金撤退,-0.9
601015,陕西黑猫,3.63,171.7,0.48,2.2,0.19,3393725,47653555,179472698,26881804,21403233,-21008036,放量,低,游资情绪,抢筹,均衡流入型,纯资金炒作(亏损风险),C,谨慎：纯资金炒作,28.1
601038,XD一拖股,14.4,-37.1,1.86,-34.6,-9.09,-52308798,-76708922,-12627794,-1771797,-512047,3468413,缩量,低,情绪退潮,观望,长线吸筹型,,D,回避：资金观望,-3.0
601022,宁波远洋,8.15,33.9,0.57,54.0,-0.14,-764085,-1141038,-42307708,1360809,1913010,-1312263,缩量,低,情绪退潮,吸筹,资金撤退型,机构吸筹+盈利(关注),C,谨慎：资金流入未验证业绩,24.0
601061,中信金属,11.35,-19.8,0.59,-16.6,-0.61,-8494258,6627184,-13927686,7489381,11782841,-19423997,缩量,低,情绪退潮,观望,资金观望型,,D,回避：资金观望,-0.2
601065,江盐集团,6.66,-17.1,0.63,9.0,-2.51,-4081447,-9607809,8017117,29086,1224446,-2640020,缩量,低,情绪退潮,观望,长线吸筹型,,D,回避：资金观望,-0.8
601066,中信建投,23.56,-82.2,8.37,-18.7,-8.32,-122161126,-230838502,-277247580,-42231693,-38318818,34206648,缩量,低,情绪退潮,观望,资金撤退型,,D,回避：资金撤退,-2.8
601033,永兴股份,14.45,-51.4,1.3,-31.5,1.83,3306375,-17831038,-20386342,374676,724000,707258,缩量,低,情绪退潮,进场,资金观望型,资金+业绩共振(双击候选),B,关注：资金+业绩共振,72.6
601077,渝农商行,6.58,-8.4,2.4,0.2,-2.27,-46820349,-34499861,-291817804,31140739,18331929,-52180475,缩量,低,情绪退潮,观望,资金观望型,,D,回避：资金观望,-0.8
601058,赛轮轮胎,13.63,-28.6,1.77,-0.4,0.3,6334299,4953838,-220053460,10845764,10370763,-18865456,缩量,低,情绪退潮,进场,资金观望型,资金+业绩共振(双击候选),B,关注：资金+业绩共振,72.1
601086,国芳集团,14.57,700.9,0.72,1081.5,-0.8,-51753064,-9857790,61014659,-42971745,-27439518,52376562,放量,低,游资情绪,观望,资金观望型,,D,回避：资金观望,7.7
601088,中国神华,47.1,-46.8,1.26,-6.9,4.9,245771474,53881315,399606859,-89504069,-53580864,92890449,缩量,低,情绪退潮,观望,资金观望型,,D,回避：资金观望,1.6
601089,福元医药,15.46,-65.8,0.99,-68.2,-3.77,-5985493,-5066203,49665852,-733935,0,-301212,缩量,低,情绪退潮,观望,长线吸筹型,,D,回避：资金观望,-1.3
601068,中铝国际,4.48,-43.2,0.63,-13.5,1.27,2824690,-4363535,-8759095,445686,1549399,-124,缩量,低,情绪退潮,吸筹,资金观望型,资金+业绩共振(双击候选),B,关注：资金+业绩共振,64.4
601069,西部黄金,29.4,-18.9,1.03,-53.4,0.34,9220897,-84313986,-169969172,4019679,8479282,-4625786,缩量,低,情绪退潮,吸筹,资金观望型,资金+业绩共振(双击候选),B,关注：资金+业绩共振,64.1
601083,锦江航运,12.09,51.9,0.5,-36.8,0.63,5042508,-2891117,-62863493,1440430,2488379,-7163159,放量,低,游资情绪,抢筹,资金观望型,资金+业绩共振(双击候选),B,关注：资金+业绩共振,88.2
601098,中南传媒,10.22,-19.6,1.43,2.6,4.9,23212367,44258705,70307426,-4298238,-1861574,-2811641,缩量,低,情绪退潮,观望,主力建仓型,,D,回避：资金观望,1.6
601099,太平洋,3.44,-28.6,1.26,-27.8,4.23,87712859,-102466830,-52478861,-3662058,-4799387,-5864024,缩量,低,情绪退潮,观望,资金观望型,,D,回避：资金观望,1.4
601101,昊华能源,13.06,-40.0,2.02,-52.7,-4.62,-65118268,-177164584,-121372242,-49261538,-20867224,31353001,缩量,低,情绪退潮,观望,资金观望型,,D,回避：资金观望,-1.5
601096,宏盛华源,4.13,-55.5,0.81,-6.3,-0.26,-927754,3164467,5640777,4546336,4376843,-2094354,缩量,低,情绪退潮,吸筹,资金观望型,机构吸筹+盈利(关注),C,谨慎：资金流入未验证业绩,23.9
601111,中国国航,5.74,-50.1,0.85,-4.5,-5.62,-84160821,-107371497,-26610903,-22376011,-13994950,-6931466,缩量,低,情绪退潮,观望,资金观望型,,D,回避：资金观望,-1.9
601112,振石股份,16.02,43.4,0.36,92.5,1.25,10217302,4300765,-8536603,-13608436,-2319405,12632096,缩量,低,情绪退潮,观望,资金观望型,,D,回避：资金观望,0.4
601100,恒立液压,92.6,178.1,0.8,-8.4,-1.09,-44141749,-105080152,-309446263,25306898,77477432,141881342,放量,低,游资情绪,抢筹,资金撤退型,机构吸筹+盈利(关注),C,谨慎：资金流入未验证业绩,47.6
601116,三江购物,9.9,-25.6,0.79,45.9,-7.35,-68361660,14500449,23366279,-7255287,-5593965,126752,缩量,低,情绪退潮,观望,资金观望型,,D,回避：资金观望,-2.4
601117,中国化学,7.2,-50.1,0.95,-19.8,-7.62,-121026408,-210355513,-442459016,-42960943,-38452742,26544016,缩量,低,情绪退潮,观望,资金撤退型,,D,回避：资金撤退,-2.5
601118,海南橡胶,6.09,153.7,1.07,41.7,-7.76,-469579682,-46569914,178917174,-26723499,-21791452,15627894,放量,低,游资情绪,观望,资金观望型,,D,回避：资金观望,5.4
601107,四川成渝,6.01,-24.7,0.9,-6.4,3.58,9825750,23718734,11999135,6252835,3406786,-4040376,缩量,低,情绪退潮,进场,趋势转多型,资金+业绩共振(双击候选),B,关注：资金+业绩共振,73.2
601106,中国一重,3.04,-27.7,0.93,47.6,2.83,28522857,48684479,46033006,13817636,12053843,-7591906,缩量,低,情绪退潮,吸筹,趋势转多型,纯资金炒作(亏损风险),C,谨慎：纯资金炒作,4.9
601108,财通证券,8.4,-12.6,2.69,-10.6,-0.18,-3839649,-43942848,38606957,56095763,68062104,-32950218,缩量,低,情绪退潮,吸筹,资金观望型,机构吸筹+盈利(关注),C,谨慎：资金流入未验证业绩,23.9
601113,华鼎股份,3.39,-47.7,0.31,-11.6,3.13,4428426,-1871410,-21700142,216615,587160,-1532754,缩量,低,情绪退潮,进场,资金观望型,资金+业绩共振(双击候选),B,关注：资金+业绩共振,73.0
601126,四方股份,40.04,-48.3,0.78,7.8,2.99,126691162,245289818,-429910517,-6009247,284612,40601985,缩量,低,情绪退潮,观望,趋势转多型,,D,回避：资金观望,1.0
601127,赛力斯,45.52,-11.1,1.02,35.4,-3.75,-241493243,-365179394,-437514137,-84979610,-40963933,147244988,缩量,低,情绪退潮,观望,资金撤退型,,D,回避：资金撤退,-1.2
601128,常熟银行,6.35,-1.8,0.95,-14.1,1.76,28001399,16641501,-57789127,-670396,-7731572,-2433545,缩量,低,情绪退潮,观望,资金观望型,,D,回避：资金观望,0.6
601121,宝地矿业,7.09,-16.3,1.43,-14.5,-1.68,-7657539,-14941715,-46349943,3976079,12231319,-628691,缩量,低,情绪退潮,吸筹,资金撤退型,机构吸筹+盈利(关注),C,谨慎：资金流入未验证业绩,23.4
601136,首创证券,14.12,-5.6,1.45,30.7,-9.91,-119035565,-99036738,71363264,-15571038,-11976900,7644646,缩量,低,情绪退潮,观望,长线吸筹型,,D,回避：资金观望,-3.3
601139,深圳燃气,6.45,-38.8,0.91,-16.5,-2.38,-12470533,-11595794,29240624,5771386,2499154,-5016787,缩量,低,情绪退潮,观望,长线吸筹型,,D,回避：资金观望,-0.8
601137,博威合金,19.93,-36.2,1.44,-42.1,-6.86,-72388267,-263638520,-191262303,10312449,-1046854,-4298483,缩量,低,情绪退潮,观望,资金观望型,,D,回避：资金观望,-2.3
601155,新城控股,11.21,-5.2,0.85,-32.7,-3.06,-27074644,-22480902,-50372133,-8272527,-16189941,-1796708,缩量,低,情绪退潮,观望,资金观望型,,D,回避：资金观望,-1.0
601156,东航物流,18.25,-15.2,2.2,5.0,-7.49,-76976676,-114499640,-166339902,-18548204,-18936036,22671998,缩量,低,情绪退潮,观望,资金撤退型,,D,回避：资金撤退,-2.5
601133,柏诚股份,23.84,-82.2,1.81,-43.0,-2.64,-19158846,-23973611,-75604969,12137652,8426810,-1250876,缩量,低,情绪退潮,吸筹,资金撤退型,机构吸筹+盈利(关注),C,谨慎：资金流入未验证业绩,23.1
601166,兴业银行,17.8,-41.8,1.02,-35.3,-6.54,-415102443,-869919588,-2150020963,-86707648,-106697485,26406538,缩量,低,情绪退潮,观望,资金撤退型,,D,回避：资金撤退,-2.2
601168,西部矿业,36.19,-46.9,1.57,-10.3,-5.63,-580708555,-637845663,-269312866,31370594,4748629,-72127926,缩量,低,情绪退潮,观望,资金观望型,,D,回避：资金观望,-1.9
601177,杭齿前进,13.28,-66.4,2.25,-59.2,-3.95,-10517775,-31049078,-5279194,-824032,-1180848,3327877,缩量,低,情绪退潮,观望,长线吸筹型,,D,回避：资金观望,-1.3
601138,工业富联,62.33,-56.6,0.69,-1.3,-8.28,-1777530821,106706706,-390500554,339897587,340445517,-198207999,缩量,低,情绪退潮,吸筹,资金观望型,机构吸筹+盈利(关注),C,谨慎：资金流入未验证业绩,21.2
601179,中国西电,12.17,-71.4,0.52,-10.2,-3.84,-122200227,-189260772,-840651865,14345462,22512083,14136243,缩量,低,情绪退潮,观望,资金撤退型,,D,回避：资金撤退,-1.3
601158,重庆水务,4.06,-18.7,1.45,9.7,1.89,2914653,6988356,2853549,1048446,326960,-2447415,缩量,低,情绪退潮,进场,趋势转多型,资金+业绩共振(双击候选),B,关注：资金+业绩共振,72.6
601162,天风证券,3.61,-60.3,2.81,-10.2,-7.29,-182755570,-343486627,-152511497,38247222,41252431,-15874201,缩量,低,情绪退潮,吸筹,长线吸筹型,机构吸筹+盈利(关注),C,谨慎：资金流入未验证业绩,21.6
601163,三角轮胎,12.36,-59.0,0.97,-32.8,2.87,4154690,13336511,24913106,4632703,0,-5335390,缩量,低,情绪退潮,进场,主力建仓型,资金+业绩共振(双击候选),B,关注：资金+业绩共振,73.0
601169,北京银行,5.6,20.7,1.38,-0.3,-2.47,-125115965,-501665901,-343973126,29514268,24930487,-22266263,缩量,低,情绪退潮,吸筹,资金观望型,机构吸筹+盈利(关注),C,谨慎：资金流入未验证业绩,23.2
601188,龙江交通,2.86,-6.2,0.86,-3.2,-8.12,-16395872,-5467956,-34858380,4119633,2828757,-4904114,缩量,低,情绪退潮,观望,资金观望型,,D,回避：资金观望,-2.7
601198,东兴证券,13.06,-100.0,2.28,52.6,2.25,57924809,-113586345,-178592036,0,0,0,缩量,低,情绪退潮,观望,资金观望型,,D,回避：资金观望,0.8
601199,江南水务,6.67,42.8,4.12,111.0,3.88,42706864,7045715,-6630490,-12913143,-6029345,16691746,缩量,低,情绪退潮,观望,资金观望型,,D,回避：资金观望,1.3
601186,中国铁建,6.0,-42.7,0.95,16.2,-7.86,-80963696,-29553427,-66463467,4546663,17110345,-6607071,缩量,低,情绪退潮,吸筹,资金观望型,机构吸筹+盈利(关注),C,谨慎：资金流入未验证业绩,21.4
601212,白银有色,6.41,57.8,0.79,-25.0,-5.29,-387557964,-324020062,454305764,49798891,29962690,-64513824,放量,低,游资情绪,观望,长线吸筹型,,D,回避：资金观望,6.2
601211,国泰海通,17.5,-71.2,1.52,-30.3,0.61,28603613,-105090433,147631285,-91685874,-29421209,-8787087,缩量,低,情绪退潮,观望,资金观望型,,D,回避：资金观望,0.2
601187,厦门银行,7.13,17.2,1.06,5.9,0.94,6939507,11834460,6120758,2698656,-2142907,-9924244,缩量,低,情绪退潮,进场,趋势转多型,资金+业绩共振(双击候选),B,关注：资金+业绩共振,72.3
601216,君正集团,4.7,-39.0,0.97,-6.4,-7.79,-103261599,-142802169,-224298391,1940805,7637194,1110597,缩量,低,情绪退潮,观望,资金撤退型,,D,回避：资金撤退,-2.6
601222,林洋能源,5.9,-5.2,0.53,-36.9,-2.18,-11189978,-85809648,-18069631,-7632081,-1140868,17487071,缩量,低,情绪退潮,观望,长线吸筹型,,D,回避：资金观望,-0.7
601200,上海环境,6.88,-43.1,0.88,-0.8,-4.8,-12027607,-22485498,-39088120,2301147,574377,-329569,缩量,低,情绪退潮,吸筹,资金撤退型,机构吸筹+盈利(关注),C,谨慎：资金流入未验证业绩,22.4
601226,华电科工,6.49,-54.1,0.51,-29.6,-0.48,-1392559,-3058970,12731145,-3432470,-3678653,-270640,缩量,低,情绪退潮,观望,资金观望型,,D,回避：资金观望,-0.2
601225,陕西煤业,25.69,-47.3,1.09,-10.2,-1.56,-63737421,93126668,-200739192,-55737825,-12198221,35058496,缩量,低,情绪退潮,观望,资金观望型,,D,回避：资金观望,-0.5
601208,东材科技,54.31,28.3,1.31,-7.6,0.71,107582517,61643028,460387638,765109265,839678042,-461600693,缩量,低,情绪退潮,吸筹,资金观望型,资金+业绩共振(双击候选),B,关注：资金+业绩共振,64.2
601218,吉鑫科技,5.22,778.4,0.32,239.0,5.59,139184602,139699995,113122322,-119084389,-101190598,81054856,放量,中,主力偏强放量,进场,趋势转多型,资金+业绩共振(双击候选),B,关注：资金+业绩共振,89.9
601236,红塔证券,6.76,-52.4,1.9,-1.4,-10.24,-46564726,-14862062,-10832065,-5161096,-1693998,5728577,缩量,低,情绪退潮,观望,资金观望型,,D,回避：资金观望,-3.4
601238,广汽集团,5.09,-100.0,2.04,-45.8,1.07,4912822,-14508060,52108668,0,0,0,缩量,低,情绪退潮,观望,长线吸筹型,,D,回避：资金观望,0.4
601288,农业银行,6.88,-50.2,1.39,-19.2,0.62,60259007,-266161216,307389116,-130748240,-36531955,82732205,缩量,低,情绪退潮,观望,资金观望型,,D,回避：资金观望,0.2
601228,广州港,3.1,-7.7,1.02,-2.3,-4.52,-15762109,3372968,-25790297,11206341,6442854,-5362135,缩量,低,情绪退潮,吸筹,资金观望型,机构吸筹+盈利(关注),C,谨慎：资金流入未验证业绩,22.5
601311,骆驼股份,7.41,-52.2,0.14,-44.2,-15.37,-40161588,-66071407,-47046779,206970,-54901,7336582,缩量,低,情绪退潮,观望,长线吸筹型,,D,回避：资金观望,-5.1
601231,环旭电子,26.19,33.5,0.37,46.3,6.32,382955126,335481773,222612241,12186500,32478224,-18098521,缩量,中,主力惜售,吸筹,资金观望型,资金+业绩共振(双击候选),B,关注：资金+业绩共振,78.1
601229,上海银行,9.61,-33.0,1.23,-36.1,-0.62,-14279659,-31233586,-420571181,4130714,5570952,-1147588,缩量,低,情绪退潮,吸筹,资金撤退型,机构吸筹+盈利(关注),C,谨慎：资金流入未验证业绩,23.8
601233,桐昆股份,23.36,-23.7,1.56,-29.7,-5.18,-223458895,-91011544,120436925,39211010,40232925,-31660397,缩量,低,情绪退潮,吸筹,高位分歧型,机构吸筹+盈利(关注),C,谨慎：资金流入未验证业绩,22.3
601319,中国人保,7.72,-33.3,1.97,-18.0,-5.38,-120408738,-416400757,-369600624,-20010601,-4482700,21653228,缩量,低,情绪退潮,观望,资金观望型,,D,回避：资金观望,-1.8
601279,英利汽车,3.41,85.5,0.89,46.9,6.34,27323498,33203439,37752540,3722166,554812,566225,放量,中,主力偏强放量,进场,均衡流入型,纯资金炒作(亏损风险),C,谨慎：纯资金炒作,30.1
601330,绿色动力,8.26,39.8,0.21,37.7,-5.18,-41894263,-65189532,-1620388,-7221608,1397102,20733999,缩量,低,情绪退潮,观望,长线吸筹型,,D,回避：资金观望,-1.7
601326,秦港股份,3.56,-9.7,1.06,-16.8,-7.99,-28984000,-48182743,-60481489,785010,-585086,1405243,缩量,低,情绪退潮,观望,资金撤退型,,D,回避：资金撤退,-2.7
601328,交通银行,7.58,-29.2,1.84,6.1,0.91,57035967,-210722138,-323738349,-44250487,-83352415,20131929,缩量,低,情绪退潮,观望,资金观望型,,D,回避：资金观望,0.3
601298,青岛港,9.61,-14.1,1.64,21.3,2.48,12917709,21857088,6957617,5079403,4007238,-192374,缩量,低,情绪退潮,吸筹,趋势转多型,资金+业绩共振(双击候选),B,关注：资金+业绩共振,64.8
601318,中国平安,53.51,-39.5,1.41,-14.3,-7.08,-997895933,-1874975551,-294251760,166656834,194628923,-105166766,缩量,低,情绪退潮,吸筹,长线吸筹型,机构吸筹+盈利(关注),C,谨慎：资金流入未验证业绩,21.6
601333,广深铁路,3.14,-7.0,1.75,-6.8,-4.21,-39695017,-216946595,-232257408,3387343,1458885,7134401,缩量,低,情绪退潮,观望,资金撤退型,,D,回避：资金撤退,-1.4
601336,新华保险,57.46,-65.8,1.37,-16.2,-3.56,-127534235,-497887200,-409462260,-25942795,-25405685,2070503,缩量,低,情绪退潮,观望,资金观望型,,D,回避：资金观望,-1.2
601339,百隆东方,7.22,-27.4,0.94,-11.7,-8.61,-27780314,-20538311,329989,-17543345,-7500073,6586014,缩量,低,情绪退潮,观望,高位分歧型,,D,回避：资金观望,-2.9
601360,三六零,8.78,7.1,1.29,-5.6,1.26,72562028,-169596955,131995863,-34358254,-20944249,62819028,缩量,低,情绪退潮,观望,长线吸筹型,,D,回避：资金观望,0.4
601368,绿城水务,4.49,-58.9,1.22,-8.9,-6.31,-5510745,-7616501,-12385024,-13980,0,-1798009,缩量,低,情绪退潮,观望,资金撤退型,,D,回避：资金撤退,-2.1
601369,陕鼓动力,8.37,-77.1,2.13,-29.4,-0.2,-485968,-2471891,6685754,-2552755,-1764148,2455859,缩量,低,情绪退潮,观望,资金观望型,,D,回避：资金观望,-0.1
601375,中原证券,3.98,-39.4,2.1,-14.4,-1.54,-12230487,-22360532,-95307754,-2345400,4719099,1801247,缩量,低,情绪退潮,观望,资金撤退型,,D,回避：资金撤退,-0.5
601399,国机重装,3.2,-55.8,0.49,-4.8,-1.33,-11056939,-26529260,-42289079,7497225,7958890,1813907,缩量,低,情绪退潮,观望,资金撤退型,,D,回避：资金撤退,-0.4
601388,怡球资源,3.3,-39.1,0.41,-50.6,-9.95,-46784450,-56574119,-49736130,7123029,8668447,6221420,缩量,低,情绪退潮,观望,资金观望型,,D,回避：资金观望,-3.3
601390,中国中铁,4.28,-39.3,0.84,-7.7,-10.64,-167876690,-109019442,-214497407,-12895788,-11967146,-4441353,缩量,低,情绪退潮,观望,资金观望型,,D,回避：资金观望,-3.5
601500,通用股份,3.88,-37.2,1.19,-13.6,-2.5,-5962100,-10002687,-15629542,4562625,1008569,-4326535,缩量,低,情绪退潮,观望,资金撤退型,,D,回避：资金撤退,-0.8
601366,利群股份,3.59,6.8,0.76,-17.1,0.45,1011407,-5177139,-9592026,2587008,774191,-4816018,缩量,低,情绪退潮,进场,资金观望型,纯资金炒作(亏损风险),C,谨慎：纯资金炒作,12.2
601377,兴业证券,5.91,-21.7,1.5,6.7,-7.87,-138015543,-173382810,-138296380,29547841,40043296,-4342677,缩量,低,情绪退潮,吸筹,资金观望型,机构吸筹+盈利(关注),C,谨慎：资金流入未验证业绩,21.4
601528,瑞丰银行,5.08,-3.5,1.12,23.7,-3.42,-20849696,-23412333,-13862968,-5920808,-3195871,13968889,缩量,低,情绪退潮,观望,资金观望型,,D,回避：资金观望,-1.1
601518,吉林高速,2.8,-38.5,1.06,-11.7,-12.04,-19502875,-7312340,-13940261,3675684,2251012,-4578660,缩量,低,情绪退潮,观望,资金观望型,,D,回避：资金观望,-4.0
601398,工商银行,8.11,-46.6,2.06,-16.3,-1.63,-168254447,-702084151,-360244448,86731082,222641022,-46278632,缩量,低,情绪退潮,吸筹,资金观望型,机构吸筹+盈利(关注),C,谨慎：资金流入未验证业绩,23.5
601456,国联民生,8.64,-62.2,1.29,-7.1,-1.75,-9949206,-12235525,-46638993,12570419,16914585,-5184039,缩量,低,情绪退潮,吸筹,资金撤退型,机构吸筹+盈利(关注),C,谨慎：资金流入未验证业绩,23.4
601566,九牧王,8.83,198.3,0.95,338.0,-6.77,-83429232,-7322956,19775799,4697924,1224978,-11697152,放量,低,游资情绪,观望,资金观望型,,D,回避：资金观望,5.7
601555,东吴证券,8.39,-36.9,1.34,-28.2,3.69,54673713,-102539425,-233465517,-6362809,-12831298,-1272939,缩量,低,情绪退潮,观望,资金观望型,,D,回避：资金观望,1.2
601512,中新集团,8.18,-3.2,0.12,-4.1,4.41,7324788,684173,-5915270,2211467,569012,-501825,缩量,低,情绪退潮,吸筹,资金观望型,资金+业绩共振(双击候选),B,关注：资金+业绩共振,65.5
601515,衢州东峰,3.34,-28.3,0.36,-27.4,-2.83,-5798462,-14994582,-19141546,6864927,5714553,-2519779,缩量,低,情绪退潮,吸筹,资金撤退型,纯资金炒作(亏损风险),C,谨慎：纯资金炒作,3.1
601577,长沙银行,9.78,5.9,1.31,11.2,-10.62,-126077703,-143357804,-187403327,-13995004,-10301305,-1409349,缩量,低,情绪退潮,观望,资金撤退型,,D,回避：资金撤退,-3.5
601519,大智慧,8.11,-34.1,1.32,-29.8,-3.35,-41451998,-67720024,-100977756,27833049,28231382,-18366381,缩量,低,情绪退潮,吸筹,资金撤退型,纯资金炒作(亏损风险),C,谨慎：纯资金炒作,2.9
601595,上海电影,22.68,92.5,1.12,190.1,2.34,47371505,244723149,314064015,-17980813,-4169528,40721867,放量,低,游资情绪,观望,主力建仓型,,D,回避：资金观望,8.8
601588,北辰实业,1.67,-4.7,0.29,-10.2,-4.53,-10520544,-3105491,467672,-3721870,-4000263,-2575723,缩量,低,情绪退潮,观望,资金观望型,,D,回避：资金观望,-1.5
601567,三星电气,14.3,19.7,0.65,63.4,5.74,104014892,136430045,106921672,8863687,5401739,5022218,缩量,中,主力惜售,进场,短线抢筹型,资金+业绩共振(双击候选),B,关注：资金+业绩共振,85.9
601568,北元化工,3.69,21.8,0.72,56.4,1.69,11186400,14743713,-13468724,2003826,2707900,8104643,缩量,低,情绪退潮,进场,趋势转多型,资金+业绩共振(双击候选),B,关注：资金+业绩共振,72.6
601601,中国太保,32.02,-55.2,1.75,-12.7,-4.02,-170435960,-210156701,-180171836,-53157439,-41342563,8824062,缩量,低,情绪退潮,观望,资金观望型,,D,回避：资金观望,-1.3
601599,浙文影业,3.16,2.7,0.69,-20.2,-3.78,-10665608,-21826186,-37668749,2143028,1179827,-1865210,缩量,低,情绪退潮,观望,资金撤退型,,D,回避：资金撤退,-1.3
601579,会稽山,28.33,596.6,0.62,51.5,8.98,258137676,408960322,478126696,67336556,52695909,-56519627,放量,中,主力偏强放量,进场,主力强攻型,资金+业绩共振(双击候选),B,关注：资金+业绩共振,91.0
601606,长城军工,32.84,6.0,1.22,84.5,-2.24,-180785062,176075042,73584584,-62083380,-19579982,88694734,缩量,低,情绪退潮,观望,资金观望型,,D,回避：资金观望,-0.7
601607,上海医药,16.16,-44.6,1.98,-32.8,-6.91,-44078367,-54239081,-153975119,212818,2770345,-9288020,缩量,低,情绪退潮,观望,资金撤退型,,D,回避：资金撤退,-2.3
601608,中信重工,4.73,-51.8,1.95,17.5,-0.17,-1387532,3118347,-22381905,9013876,-767802,-12705335,缩量,低,情绪退潮,观望,资金观望型,,D,回避：资金观望,-0.1
601598,中国外运,6.46,-9.1,1.35,-33.5,0.78,2782481,-7680505,10880024,5798292,-255175,-12821508,缩量,低,情绪退潮,进场,资金观望型,资金+业绩共振(双击候选),B,关注：资金+业绩共振,72.3
601611,中国核建,10.34,-60.3,0.96,12.4,-2.91,-54507792,-92201602,-285156538,-14353672,-10758551,18821397,缩量,低,情绪退潮,观望,资金撤退型,,D,回避：资金撤退,-1.0
601615,明阳智能,9.6,-26.2,0.49,32.1,0.4,8244939,-301414234,-701535590,-22990454,-26054330,-16702104,缩量,低,情绪退潮,观望,资金观望型,,D,回避：资金观望,0.1
601618,中国中冶,2.51,8.9,1.1,0.7,-8.33,-86998701,-64998256,-96300154,4618399,3510160,3698917,缩量,低,情绪退潮,观望,资金观望型,,D,回避：资金观望,-2.8
601616,广电电气,3.8,-60.3,0.71,-43.2,-0.38,-1002461,-11640084,-42957333,2529280,1569333,-2032147,缩量,低,情绪退潮,观望,资金撤退型,,D,回避：资金撤退,-0.1
601600,中国铝业,9.31,-39.5,0.97,5.0,-2.86,-235355731,-112613821,-451021384,70449213,77733612,-43048577,缩量,低,情绪退潮,吸筹,资金观望型,机构吸筹+盈利(关注),C,谨慎：资金流入未验证业绩,23.0
601609,金田股份,13.22,1.5,1.4,-41.0,2.11,47273457,49319772,-17250940,24479416,41431466,-3907785,缩量,低,情绪退潮,吸筹,趋势转多型,资金+业绩共振(双击候选),B,关注：资金+业绩共振,64.7
601628,中国人寿,37.25,-62.5,2.93,-17.0,-7.24,-286152977,-652340909,-254847557,-61327107,-42459577,61678377,缩量,低,情绪退潮,观望,长线吸筹型,,D,回避：资金观望,-2.4
601636,旗滨集团,5.52,-75.6,2.55,19.0,-3.77,-41663967,48029730,-92101842,-34728444,-19214236,19795809,缩量,低,情绪退潮,观望,资金观望型,,D,回避：资金观望,-1.3
601633,长城汽车,14.23,-9.1,1.21,43.9,0.47,6929963,5232482,9304257,-26463231,-21405054,32861394,缩量,低,情绪退潮,观望,资金观望型,,D,回避：资金观望,0.2
601658,邮储银行,5.39,-8.4,1.13,-14.8,-4.64,-196553881,-751596633,-699714098,-40341545,19691774,17290490,缩量,低,情绪退潮,观望,资金观望型,,D,回避：资金观望,-1.5
601666,平煤股份,8.99,-33.7,1.36,-38.4,-3.29,-32334570,-112742205,-163097225,-11495345,-5295531,18260718,缩量,低,情绪退潮,观望,资金撤退型,,D,回避：资金撤退,-1.1
601665,齐鲁银行,6.98,17.5,0.8,9.3,-6.61,-140989348,-192113217,-182928583,12653465,17069333,12599134,缩量,低,情绪退潮,观望,资金观望型,,D,回避：资金观望,-2.2
601619,嘉泽新能,4.17,-1.2,0.23,13.0,-1.99,-13882288,30753077,17242684,23484726,21325983,-11362438,缩量,低,情绪退潮,吸筹,资金观望型,机构吸筹+盈利(关注),C,谨慎：资金流入未验证业绩,23.3
601668,中国建筑,4.24,-26.8,0.95,-17.2,-6.48,-252137552,-209314294,-584990348,-62795936,-90362126,-9167314,缩量,低,情绪退潮,观望,资金观望型,,D,回避：资金观望,-2.2
601669,中国电建,4.53,-59.0,0.35,17.5,-11.42,-202545850,-179243781,-417260431,-7619314,1477039,13541390,缩量,低,情绪退潮,观望,资金观望型,,D,回避：资金观望,-3.8
601677,明泰铝业,16.72,-56.4,0.63,-11.7,2.54,40955918,-31465896,-30646912,-14617561,-6507714,27764869,缩量,低,情绪退潮,观望,资金观望型,,D,回避：资金观望,0.8
601686,友发集团,5.14,-33.2,0.83,-7.9,-3.97,-4131674,-14536243,-27550290,744313,-172861,-2306106,缩量,低,情绪退潮,观望,资金撤退型,,D,回避：资金撤退,-1.3
601688,华泰证券,18.48,-57.7,1.18,-21.4,-4.49,-180168084,-472183146,-648303247,-89241108,-62786123,45079971,缩量,低,情绪退潮,观望,资金撤退型,,D,回避：资金撤退,-1.5
601689,拓普集团,41.93,-68.7,1.26,17.8,-13.03,-475633008,-466120311,-984275109,-63843118,-31234520,79736590,缩量,低,情绪退潮,观望,资金观望型,,D,回避：资金观望,-4.3
601696,中银证券,11.27,-63.6,1.92,-0.2,-8.53,-127800089,-187279942,-151232238,-3019553,2336852,8040379,缩量,低,情绪退潮,观望,资金观望型,,D,回避：资金观望,-2.8
601698,中国卫通,23.95,-70.3,0.28,-20.0,-2.4,-41616237,-77839468,-336644552,-2105925,3685997,27707710,缩量,低,情绪退潮,观望,资金撤退型,,D,回避：资金撤退,-0.8
601699,潞安环能,15.61,-44.6,1.34,-30.7,-1.07,-21491803,-105724303,40234122,-7528785,1434424,9353169,缩量,低,情绪退潮,观望,长线吸筹型,,D,回避：资金观望,-0.4
601700,风范股份,6.13,100.6,1.38,-48.7,-6.64,-150117474,-433865954,-238445823,-16404610,-15056998,22774332,放量,低,游资情绪,观望,资金观望型,,D,回避：资金观望,5.8
601702,华峰铝业,15.14,-70.7,0.93,-39.6,-3.97,-12864530,-14562481,-75060839,-3078367,-1102755,9691517,缩量,低,情绪退潮,观望,资金撤退型,,D,回避：资金撤退,-1.3
601678,滨化股份,5.97,-75.3,5.67,-44.4,-5.77,-94227791,-228429972,-182718808,38096979,34070860,-16174501,缩量,低,情绪退潮,吸筹,资金观望型,机构吸筹+盈利(关注),C,谨慎：资金流入未验证业绩,22.1
601728,中国电信,6.26,-55.4,1.18,-9.6,-2.24,-66831252,-162192860,-90468976,20160,-22386040,14143595,缩量,低,情绪退潮,观望,资金观望型,,D,回避：资金观望,-0.7
601717,中创智领,13.89,26.0,1.17,-26.3,-13.85,-174425004,-137440399,-351688995,-12590025,30198792,17066877,缩量,低,情绪退潮,观望,资金观望型,,D,回避：资金观望,-4.6
601727,上海电气,6.43,-62.5,0.82,20.2,-15.46,-216038246,-18768162,-154182687,-39156065,-33598129,24272427,缩量,低,情绪退潮,观望,资金观望型,,D,回避：资金观望,-5.2
601766,中国中车,5.96,-29.1,1.14,-22.6,-2.0,-73350615,-245938530,-82575535,-86057332,-65576645,75192881,缩量,低,情绪退潮,观望,资金观望型,,D,回避：资金观望,-0.7
601777,千里科技,7.91,-47.3,0.81,-25.0,1.69,9701252,-17198172,-12326386,-20766564,-12379149,8987149,缩量,低,情绪退潮,观望,资金观望型,,D,回避：资金观望,0.6
601778,晶科科技,3.61,-42.9,0.1,-10.0,3.94,61479346,39919912,-9326883,-5755655,-435537,7956578,缩量,低,情绪退潮,观望,资金观望型,,D,回避：资金观望,1.3
601789,宁波建工,4.11,-65.9,0.35,-7.0,-11.08,-47815079,-69424129,-111123228,-1469147,-168804,-1784926,缩量,低,情绪退潮,观望,资金撤退型,,D,回避：资金撤退,-3.7
601788,光大证券,13.92,-66.7,1.43,-22.3,-13.41,-140063763,-199214864,-183348867,-481693,990879,10938859,缩量,低,情绪退潮,观望,资金观望型,,D,回避：资金观望,-4.5
601798,蓝科高新,7.45,-63.6,1.36,-6.8,-0.3,-488705,-2062454,-7773306,3135785,746000,-4284664,缩量,低,情绪退潮,观望,资金撤退型,,D,回避：资金撤退,-0.1
601799,星宇股份,70.99,-16.0,0.98,-4.0,-0.55,-8102427,-39314468,-108848675,-27821966,-26202826,36931377,缩量,低,情绪退潮,观望,资金撤退型,,D,回避：资金撤退,-0.2
601800,中国交建,5.8,-39.5,1.08,-6.5,-5.66,-38904005,-38433703,-75976004,-16707100,-21285945,2454510,缩量,低,情绪退潮,观望,资金观望型,,D,回避：资金观望,-1.9
601808,中海油服,12.41,-47.5,0.88,-19.3,0.13,1251381,1570875,-102638228,-1326118,954532,6135598,缩量,低,情绪退潮,观望,趋势转多型,,D,回避：资金观望,0.0
601801,皖新传媒,5.27,-24.9,1.62,-20.2,-2.23,-5579176,16788321,27078699,229392,-2771172,2648633,缩量,低,情绪退潮,观望,资金观望型,,D,回避：资金观望,-0.7
601825,沪农商行,8.72,-17.7,1.36,-6.2,-5.3,-60377171,-60151564,-25543436,-26188236,-2728145,21347795,缩量,低,情绪退潮,观望,资金观望型,,D,回避：资金观望,-1.8
601827,三峰环境,8.05,-22.6,1.27,4.8,-1.58,-4710442,-19767089,-11158439,437461,-2211213,-5625230,缩量,低,情绪退潮,观望,资金观望型,,D,回避：资金观望,-0.5
601828,美凯龙,2.12,-4.6,2.59,18.4,-4.27,-20756492,-32186758,-80116789,11905476,6848551,-16632567,缩量,低,情绪退潮,观望,资金撤退型,,D,回避：资金撤退,-1.4
601838,成都银行,19.87,-4.8,0.88,-0.9,-3.49,-65811990,-20778075,-283510248,-28148303,-23056406,33784318,缩量,低,情绪退潮,观望,资金观望型,,D,回避：资金观望,-1.2
601858,中国科传,20.12,-50.1,0.89,35.9,-6.14,-56446570,57150001,184599285,-6934228,-9184199,11440613,缩量,低,情绪退潮,观望,高位分歧型,,D,回避：资金观望,-2.0
601868,中国能建,2.42,-54.3,0.33,13.3,-9.18,-241805543,-159098830,-237589715,30604834,22697051,1975955,缩量,低,情绪退潮,观望,资金观望型,,D,回避：资金观望,-3.1
601816,京沪高铁,4.74,-42.1,1.51,-5.8,6.27,163747541,158404468,229317397,35826146,8613710,-33601934,缩量,中,主力惜售,进场,资金观望型,资金+业绩共振(双击候选),B,关注：资金+业绩共振,86.1
601818,光大银行,3.05,-11.3,1.73,-17.1,-6.26,-160482511,-120395062,-95346026,65606355,79308809,-26721103,缩量,低,情绪退潮,吸筹,资金观望型,机构吸筹+盈利(关注),C,谨慎：资金流入未验证业绩,21.9
601866,中远海发,2.45,-2.3,0.75,19.5,2.55,26853823,9581984,-46855056,-145671,3933736,4971428,缩量,低,情绪退潮,观望,资金观望型,,D,回避：资金观望,0.8
601811,新华文轩,12.05,152.7,0.29,21.5,1.09,2610820,-4936877,-2504015,6416724,7194929,-10153210,放量,低,游资情绪,抢筹,资金观望型,资金+业绩共振(双击候选),B,关注：资金+业绩共振,88.4
601857,XD中国石,10.81,-37.5,1.1,2.0,0.77,56016481,132734440,-49286727,10037340,24024436,-5092286,缩量,低,情绪退潮,吸筹,趋势转多型,资金+业绩共振(双击候选),B,关注：资金+业绩共振,64.3
601872,招商轮船,19.86,33.0,0.73,45.9,4.08,756903728,1501312461,1103810511,-173865006,-153751135,78320685,缩量,低,情绪退潮,观望,趋势转多型,,D,回避：资金观望,1.4
601860,紫金银行,2.58,21.2,1.23,-6.6,-1.82,-13792275,-35847031,-111757153,14995002,14754175,-10204235,缩量,低,情绪退潮,吸筹,资金撤退型,机构吸筹+盈利(关注),C,谨慎：资金流入未验证业绩,23.4
601877,正泰电器,24.73,-42.1,0.48,-46.5,-5.33,-84533704,-25481216,117999068,-2987860,-7569645,12400096,缩量,低,情绪退潮,观望,高位分歧型,,D,回避：资金观望,-1.8
601865,福莱特,9.2,-31.9,0.78,-32.2,-8.26,-36005299,-39804712,-31091904,7248412,6458510,-3419500,缩量,低,情绪退潮,吸筹,资金观望型,机构吸筹+盈利(关注),C,谨慎：资金流入未验证业绩,21.2
601878,浙商证券,9.04,-57.3,1.72,-11.9,-12.21,-100564255,-141343018,-89184361,450706,-7632675,6730242,缩量,低,情绪退潮,观望,资金观望型,,D,回避：资金观望,-4.1
601880,辽港股份,1.46,7.0,1.09,24.4,-0.31,-2326326,11222771,17993026,-2874446,2665304,-4803366,缩量,低,情绪退潮,观望,资金观望型,,D,回避：资金观望,-0.1
601869,长飞光纤,461.0,0.7,0.83,1.5,3.65,1162699862,1432663760,1588278640,151997017,174641627,-471034,缩量,低,情绪退潮,吸筹,均衡流入型,资金+业绩共振(双击候选),B,关注：资金+业绩共振,65.2
601882,海天精工,21.96,-19.4,1.83,-9.8,-1.91,-10341237,-77016763,-56238864,5884802,-420984,-7825550,缩量,低,情绪退潮,观望,资金观望型,,D,回避：资金观望,-0.6
601881,中国银河,12.13,-62.8,1.56,3.1,-8.31,-131417431,-210304715,-178668102,-963817,-7017677,-4689430,缩量,低,情绪退潮,观望,资金观望型,,D,回避：资金观望,-2.8
601886,江河集团,13.13,179.9,0.64,-45.8,-4.03,-39097927,-67064317,-240120278,-13213323,-8416330,21679102,放量,低,游资情绪,观望,资金撤退型,,D,回避：资金撤退,6.7
601888,中国中免,51.2,-71.2,1.27,20.7,-15.03,-629081962,-493464755,-648544208,-70906537,-62322604,47647166,缩量,低,情绪退潮,观望,资金观望型,,D,回避：资金观望,-5.0
601900,南方传媒,12.36,82.8,0.51,82.3,-8.83,-67562343,-79731410,-77686532,-6044854,-4042745,7643565,放量,低,游资情绪,观望,资金观望型,,D,回避：资金观望,5.1
601898,中煤能源,14.29,-47.5,1.12,-23.4,-9.27,-241094369,-309406762,-106243600,5857050,2074691,-4835948,缩量,低,情绪退潮,观望,长线吸筹型,,D,回避：资金观望,-3.1
601899,紫金矿业,32.17,-35.9,0.91,-33.1,-0.47,-144752743,-168692243,1712536442,412032105,487784275,27529326,缩量,低,情绪退潮,观望,长线吸筹型,,D,回避：资金观望,-0.2
601901,方正证券,6.83,-56.2,1.86,-13.4,-0.69,-10596764,3183922,-126604726,-32491051,-28658295,15955374,缩量,低,情绪退潮,观望,资金观望型,,D,回避：资金观望,-0.2
601916,浙商银行,2.93,-27.5,2.09,-22.1,1.45,27195561,98093253,172007121,-12594819,-13414911,-953036,缩量,低,情绪退潮,观望,均衡流入型,,D,回避：资金观望,0.5
601918,新集能源,10.5,-33.3,1.27,-37.5,1.99,26703028,49815348,-8200817,-38338947,-32076644,39893016,缩量,低,情绪退潮,观望,趋势转多型,,D,回避：资金观望,0.7
601890,亚星锚链,9.67,382.4,0.31,333.7,5.31,304752060,335925222,253622636,-66321369,-36114668,69153208,放量,中,主力偏强放量,进场,趋势转多型,资金+业绩共振(双击候选),B,关注：资金+业绩共振,89.8
601921,浙版传媒,7.38,10.4,0.68,-9.9,-2.49,-6874246,-4023183,-39916406,956132,-35733,-2807715,缩量,低,情绪退潮,观望,资金观望型,,D,回避：资金观望,-0.8
601928,凤凰传媒,8.3,-2.3,0.87,0.6,-0.82,-3744705,4133829,-9025703,4163924,-2481553,-9835979,缩量,低,情绪退潮,观望,资金观望型,,D,回避：资金观望,-0.3
601919,中远海控,16.38,21.5,1.39,-32.3,-1.3,-71679236,-663468266,-1130238959,154742590,83774611,-174985842,缩量,低,情绪退潮,观望,资金撤退型,,D,回避：资金撤退,-0.4
601929,吉视传媒,2.37,-24.8,0.73,23.6,-6.44,-79082709,-26529062,112677238,532519,10397661,11995024,缩量,低,情绪退潮,观望,高位分歧型,,D,回避：资金观望,-2.1
601933,永辉超市,2.99,-59.2,0.6,42.8,-11.76,-332377073,-362436319,-192255820,3150643,7158958,5084344,缩量,低,情绪退潮,观望,资金观望型,,D,回避：资金观望,-3.9
601939,建设银行,10.85,-38.6,1.72,-7.2,-5.45,-310163513,-693434735,-834715237,-46948917,-69390095,32805645,缩量,低,情绪退潮,观望,资金撤退型,,D,回避：资金撤退,-1.8
601949,中国出版,6.15,936.4,1.1,1177.6,-3.2,-142802743,84541703,74675692,-24128269,-29832023,31809795,放量,低,游资情绪,观望,资金观望型,,D,回避：资金观望,6.9
601908,京运通,3.03,0.1,0.22,9.2,-2.31,-10886392,-12374138,-49206888,13593009,14545660,-8623628,缩量,低,情绪退潮,吸筹,资金撤退型,纯资金炒作(亏损风险),C,谨慎：纯资金炒作,3.2
601956,东贝集团,4.77,-48.6,0.42,-2.9,-7.69,-8604747,-2736801,-4386214,954673,947322,397738,缩量,低,情绪退潮,观望,资金观望型,,D,回避：资金观望,-2.6
601958,金钼股份,20.6,-73.3,2.13,-58.9,-9.3,-233241820,-245647313,-304444388,24432141,25914822,5766419,缩量,低,情绪退潮,观望,资金撤退型,,D,回避：资金撤退,-3.1
601963,重庆银行,11.04,-31.7,1.09,-22.7,-1.75,-11512711,-17498722,32927953,840561,-611913,2750069,缩量,低,情绪退潮,观望,长线吸筹型,,D,回避：资金观望,-0.6
601965,中国汽研,13.22,-49.1,0.79,-35.0,-5.52,-17728948,-39441090,-47691784,-1709785,-1265395,1198538,缩量,低,情绪退潮,观望,资金撤退型,,D,回避：资金撤退,-1.8
601966,玲珑轮胎,10.43,-51.7,1.34,-21.0,2.38,7938747,-7235254,-20188714,-3751471,-465834,1328756,缩量,低,情绪退潮,观望,资金观望型,,D,回避：资金观望,0.8
601952,苏垦农发,9.02,229.5,0.36,44.6,0.09,2488888,188474907,221328121,-7407913,3849143,30463739,放量,低,游资情绪,抢筹,均衡流入型,资金+业绩共振(双击候选),B,关注：资金+业绩共振,88.0
601969,海南矿业,9.44,-50.8,0.88,-21.2,-1.7,-13388153,-31074174,-48767680,3895507,523328,-4889402,缩量,低,情绪退潮,观望,资金撤退型,,D,回避：资金撤退,-0.6
601975,招商南油,4.44,57.4,0.8,35.1,-0.96,-49672298,-59045868,59405359,-231010575,-240693255,132458394,放量,低,游资情绪,观望,资金观望型,,D,回避：资金观望,7.7
601990,南京证券,6.67,-49.2,1.83,-1.0,-5.65,-29619144,-69388468,-70551759,-1087189,201835,3458051,缩量,低,情绪退潮,观望,资金撤退型,,D,回避：资金撤退,-1.9
601992,金隅集团,1.36,-41.6,0.77,-3.1,-7.75,-17250037,-10873179,-9821575,972437,-1707318,-1601068,缩量,低,情绪退潮,观望,资金观望型,,D,回避：资金观望,-2.6
601991,大唐发电,5.59,-73.5,5.29,16.2,-0.0,-162519,-259184015,-904647727,35404837,57466576,10998356,缩量,低,情绪退潮,观望,资金撤退型,,D,回避：资金撤退,0.0
601995,中金公司,31.8,-100.0,2.63,23.0,-15.58,-451201208,-636013805,-635433824,0,0,0,缩量,低,情绪退潮,观望,资金观望型,,D,回避：资金观望,-5.2
601968,宝钢包装,4.5,-31.4,0.54,-23.1,-7.6,-11899437,-28543171,-28825097,859063,388934,-356204,缩量,低,情绪退潮,吸筹,资金撤退型,机构吸筹+盈利(关注),C,谨慎：资金流入未验证业绩,21.5
601996,丰林集团,2.89,-19.4,0.5,56.7,-2.79,-10861654,12955327,4905932,-753100,8806481,11102603,缩量,低,情绪退潮,观望,资金观望型,,D,回避：资金观望,-0.9
601997,贵阳银行,5.61,-1.8,0.68,-23.5,-2.93,-40157008,-78587986,-68505944,-6370870,-5110161,971621,缩量,低,情绪退潮,观望,资金观望型,,D,回避：资金观望,-1.0
601988,中国银行,6.56,-38.6,1.74,-12.3,2.75,203184385,-58440681,-352331235,14254014,-3319966,-4475367,缩量,低,情绪退潮,进场,资金观望型,资金+业绩共振(双击候选),B,关注：资金+业绩共振,72.9
601985,中国核电,9.1,-9.4,0.81,16.4,-2.12,-70993668,217423752,157995931,106926960,81659758,-42421819,缩量,低,情绪退潮,吸筹,资金观望型,机构吸筹+盈利(关注),C,谨慎：资金流入未验证业绩,23.3
603001,奥康国际,9.07,-65.1,2.96,-22.9,-5.41,-20326040,-12720376,2992026,3345320,891104,903464,缩量,低,情绪退潮,观望,资金观望型,,D,回避：资金观望,-1.8
603004,鼎龙科技,18.07,-59.3,1.33,-24.2,-6.69,-9526835,-10556019,-26157071,-955068,518896,514880,缩量,低,情绪退潮,观望,资金撤退型,,D,回避：资金撤退,-2.2
601998,中信银行,8.87,-5.7,1.49,-33.9,0.21,4052325,144468124,178292910,15910729,3439874,15763689,缩量,低,情绪退潮,进场,均衡流入型,资金+业绩共振(双击候选),B,关注：资金+业绩共振,72.1
601999,出版传媒,6.9,814.4,0.18,825.2,1.27,21009444,98738589,87007486,4924064,605778,-768242,放量,低,游资情绪,进场,趋势转多型,资金+业绩共振(双击候选),B,关注：资金+业绩共振,80.4
603006,联明股份,10.3,-78.7,2.44,-30.1,-2.26,-2683156,2298105,-969908,-480007,-523258,-10179,缩量,低,情绪退潮,观望,资金观望型,,D,回避：资金观望,-0.8
603007,顺景科技,4.64,-62.7,0.66,-40.1,-6.6,-24847318,-17717548,46390339,-3733325,-5263975,3685450,缩量,低,情绪退潮,观望,长线吸筹型,,D,回避：资金观望,-2.2
603009,北特科技,43.06,-51.3,1.28,2.6,-0.16,-2063028,132286818,149172900,1807884,-763431,5481010,缩量,低,情绪退潮,观望,资金观望型,,D,回避：资金观望,-0.1
603000,人民网,17.05,210.1,0.83,115.3,5.93,190630221,141639856,165393253,-72214622,-54829163,52908041,放量,中,主力偏强放量,进场,资金观望型,资金+业绩共振(双击候选),B,关注：资金+业绩共振,90.0
603012,创力集团,9.05,-21.9,0.95,-24.1,-3.65,-29211880,-44861254,-158797580,6812768,-977496,-10050224,缩量,低,情绪退潮,观望,资金撤退型,,D,回避：资金撤退,-1.2
603002,宏昌电子,19.38,46.3,1.04,45.8,4.58,472953120,640149152,485877359,36799808,57366222,-29877951,缩量,低,情绪退潮,吸筹,趋势转多型,资金+业绩共振(双击候选),B,关注：资金+业绩共振,65.5
603014,威高血净,30.58,-81.0,3.16,-32.6,-1.49,-1701706,-1626095,-25217780,-174251,140075,-202898,缩量,低,情绪退潮,观望,资金观望型,,D,回避：资金观望,-0.5
603013,XD亚普股,14.3,-59.6,1.0,-28.2,-8.27,-13665982,-690123,-25855105,539988,534870,-836815,缩量,低,情绪退潮,观望,资金观望型,,D,回避：资金观望,-2.8
603005,晶方科技,30.15,-71.1,1.95,-8.6,2.3,86963936,127477890,-628311226,29992995,34654230,9954228,缩量,低,情绪退潮,进场,趋势转多型,资金+业绩共振(双击候选),B,关注：资金+业绩共振,72.8
603015,弘讯科技,10.63,-54.8,1.27,-32.7,0.01,12813,-9663685,-13428855,-1315054,-1951229,1008324,缩量,低,情绪退潮,观望,资金观望型,,D,回避：资金观望,0.0
603010,万盛股份,12.29,-26.5,1.49,-5.4,3.18,17750207,-663950,15825109,10441227,1514647,-20213705,缩量,低,情绪退潮,进场,资金观望型,纯资金炒作(亏损风险),C,谨慎：纯资金炒作,13.1
603011,合锻智能,28.35,68.4,2.67,12.9,1.59,123375508,383121340,599183116,201088317,180234370,-200360366,放量,低,游资情绪,抢筹,均衡流入型,纯资金炒作(亏损风险),C,谨慎：纯资金炒作,28.5
603017,中衡设计,9.74,-48.0,0.17,-40.5,-2.15,-3839581,-8769446,-12061036,-3029514,-1185617,3152819,缩量,低,情绪退潮,观望,资金撤退型,,D,回避：资金撤退,-0.7
603018,华设集团,5.17,-33.7,0.95,-0.5,2.97,4843846,6617902,-8297179,-1113408,-2575516,-3114155,缩量,低,情绪退潮,观望,趋势转多型,,D,回避：资金观望,1.0
603022,新通联,8.58,-21.5,0.89,10.1,0.17,298246,-1873398,-2660078,-44508,0,1023249,缩量,低,情绪退潮,观望,资金观望型,,D,回避：资金观望,0.1
603016,新宏泰,27.57,-11.0,0.2,-20.6,-7.81,-38519799,-21529707,79225699,1873539,2692455,-1790695,缩量,低,情绪退潮,吸筹,高位分歧型,机构吸筹+盈利(关注),C,谨慎：资金流入未验证业绩,21.4
603025,大豪科技,13.34,-43.9,0.32,-32.1,-2.61,-9809863,-24116973,-129833861,-727457,6079,-198329,缩量,低,情绪退潮,观望,资金撤退型,,D,回避：资金撤退,-0.9
603026,石大胜华,61.92,-60.2,0.44,-7.2,2.94,53539922,62597591,-115653171,-42332611,-17687392,69761043,缩量,低,情绪退潮,观望,趋势转多型,,D,回避：资金观望,1.0
603028,赛福天,6.72,-20.1,0.72,-2.7,-0.35,-449581,-2101004,-5827684,-238545,0,183198,缩量,低,情绪退潮,观望,资金撤退型,,D,回避：资金撤退,-0.1
603029,天鹅股份,15.82,33.0,0.93,-36.6,-5.22,-13422031,-23371001,-18450282,-1067542,141598,1423287,缩量,低,情绪退潮,观望,资金观望型,,D,回避：资金观望,-1.7
603020,爱普股份,10.8,2.0,1.91,131.3,4.73,34750588,41908178,37640720,3271834,1867045,-1193273,缩量,低,情绪退潮,吸筹,趋势转多型,资金+业绩共振(双击候选),B,关注：资金+业绩共振,65.6
603031,安孚科技,43.4,-50.7,1.14,37.0,-1.34,-30776485,57029614,-101650098,69579266,33612431,-76002113,缩量,低,情绪退潮,观望,资金观望型,,D,回避：资金观望,-0.4
603019,中科曙光,83.3,-81.2,1.81,-32.2,-7.07,-501197298,-1700608669,-3065632389,101889244,52113302,-47997191,缩量,低,情绪退潮,吸筹,资金撤退型,机构吸筹+盈利(关注),C,谨慎：资金流入未验证业绩,21.6
603023,威帝股份,4.26,110.4,0.84,11.9,-5.36,-13112721,-26229468,-18372098,26109513,20901342,-16224875,放量,低,游资情绪,抢筹,资金观望型,机构吸筹+盈利(关注),C,谨慎：资金流入未验证业绩,46.2
603032,德新科技,18.86,-67.3,0.82,-43.2,-1.81,-9567266,-51964806,44633972,-13565607,-6450161,12730128,缩量,低,情绪退潮,观望,长线吸筹型,,D,回避：资金观望,-0.6
603035,常熟汽饰,10.03,74.1,0.51,-18.8,-5.31,-10698809,-15463948,-16975420,-1312920,-3731608,-9648874,放量,低,游资情绪,观望,资金撤退型,,D,回避：资金撤退,6.2
603030,全筑股份,2.07,-17.4,0.55,50.4,-1.0,-3204962,37754228,45075830,5872322,7843100,-7611276,缩量,低,情绪退潮,吸筹,资金观望型,纯资金炒作(亏损风险),C,谨慎：纯资金炒作,3.7
603027,千禾味业,7.36,-59.0,1.05,-15.8,2.09,7881600,25404945,-22458329,1428902,823515,691660,缩量,低,情绪退潮,进场,趋势转多型,资金+业绩共振(双击候选),B,关注：资金+业绩共振,72.7
603036,如通股份,13.0,-11.5,1.79,-37.5,0.26,999511,-90986686,-54721297,-733823,547289,-1706144,缩量,低,情绪退潮,观望,长线吸筹型,,D,回避：资金观望,0.1
603037,凯众股份,9.72,-51.7,0.51,0.9,-4.34,-5906081,-13779673,-29481396,-134135,0,-1132102,缩量,低,情绪退潮,观望,资金撤退型,,D,回避：资金撤退,-1.4
603033,三维股份,7.2,-52.4,1.02,-11.5,0.72,1679921,-34326551,-50341378,2256984,4732855,-287167,缩量,低,情绪退潮,吸筹,资金观望型,纯资金炒作(亏损风险),C,谨慎：纯资金炒作,4.2
603039,泛微网络,35.95,-47.4,1.14,-39.8,-3.63,-64307315,-222275688,-82811855,-51471993,-16752484,39482672,缩量,低,情绪退潮,观望,资金观望型,,D,回避：资金观望,-1.2
603040,新坐标,47.18,-77.4,1.45,-9.4,-10.43,-30412940,-44108054,-61657148,2279033,-796838,1563854,缩量,低,情绪退潮,观望,资金撤退型,,D,回避：资金撤退,-3.5
603041,美思德,10.87,-10.9,1.02,4.0,0.66,819115,-2316198,-3189397,-1606331,811902,296111,缩量,低,情绪退潮,观望,资金观望型,,D,回避：资金观望,0.2
603048,浙江黎明,22.25,6.5,0.73,-32.5,-1.0,-1741590,-9036276,-9400042,-1362344,1152173,4905045,缩量,低,情绪退潮,观望,资金撤退型,,D,回避：资金撤退,-0.3
603045,福达合金,49.82,-50.7,2.33,-37.8,-2.42,-27720626,-66696883,276633874,-16515668,-5041458,31110601,缩量,低,情绪退潮,观望,长线吸筹型,,D,回避：资金观望,-0.8
603043,广州酒家,13.05,-22.4,1.26,16.9,-4.75,-11383611,-7278447,-5052106,-3982645,-2591128,2074225,缩量,低,情绪退潮,观望,资金观望型,,D,回避：资金观望,-1.6
603049,中策橡胶,44.7,-24.6,1.02,3.1,-3.33,-21416117,-12196117,-51234087,-1332176,-1437345,1211187,缩量,低,情绪退潮,观望,资金观望型,,D,回避：资金观望,-1.1
603050,科林电气,17.96,-53.3,1.38,8.3,-1.66,-4385457,4851489,-10071804,-2261004,-376290,2898911,缩量,低,情绪退潮,观望,资金观望型,,D,回避：资金观望,-0.6
603038,华立股份,16.46,193.5,0.33,-37.8,-3.95,-18384363,-50927299,-2197044,23729789,20304896,-25558654,放量,低,游资情绪,抢筹,长线吸筹型,机构吸筹+盈利(关注),C,谨慎：资金流入未验证业绩,46.7
603053,成都燃气,8.79,-26.0,0.68,19.4,-4.36,-5467908,-9570070,-19446626,-1334773,-564191,-35864,缩量,低,情绪退潮,观望,资金撤退型,,D,回避：资金撤退,-1.5
603042,华脉科技,17.16,121.6,0.37,295.6,-3.42,-130749578,-49842568,-78498108,105829134,121656789,-61688296,放量,低,游资情绪,抢筹,资金观望型,纯资金炒作(亏损风险),C,谨慎：纯资金炒作,26.9
603051,鹿山新材,23.72,-1.7,1.25,65.6,3.21,31350046,23813762,826695,-15519936,-2313325,29463454,缩量,低,情绪退潮,观望,资金观望型,,D,回避：资金观望,1.1
603057,紫燕食品,18.72,-59.5,0.39,-8.7,-0.77,-1206133,-8323633,-5010840,468992,0,-356452,缩量,低,情绪退潮,观望,资金观望型,,D,回避：资金观望,-0.3
603058,永吉股份,8.71,-30.2,0.73,-14.9,-6.38,-19436962,-67499376,-54114597,-414724,-3166107,372596,缩量,低,情绪退潮,观望,资金观望型,,D,回避：资金观望,-2.1
603052,可川科技,60.24,-2.0,0.24,-29.1,-2.12,-23557645,-55390616,24403379,81461824,84450218,-34299466,缩量,低,情绪退潮,吸筹,长线吸筹型,机构吸筹+盈利(关注),C,谨慎：资金流入未验证业绩,23.3
603060,国检集团,5.4,-66.4,0.79,-6.8,-3.36,-3742109,-9155086,-25985951,-684919,0,-855340,缩量,低,情绪退潮,观望,资金撤退型,,D,回避：资金撤退,-1.1
603055,台华新材,9.44,4.3,0.99,-51.3,8.82,25056248,22543205,-10220944,10002779,8157611,-9967655,缩量,中,主力惜售,进场,资金观望型,资金+业绩共振(双击候选),B,关注：资金+业绩共振,86.9
603063,禾望电气,30.45,-58.8,0.5,13.9,-5.8,-108824946,5143370,-159006784,7941972,4582982,-8488423,缩量,低,情绪退潮,观望,资金观望型,,D,回避：资金观望,-1.9
603062,麦加芯彩,36.73,-64.6,0.33,6.5,-1.83,-758572,-2576621,-3038546,887414,1100100,-1681921,缩量,低,情绪退潮,观望,资金撤退型,,D,回避：资金撤退,-0.6
603065,宿迁联盛,14.4,-36.5,28.76,-58.2,0.01,116640,-26841363,12828029,-16932549,-12596350,11451007,缩量,低,情绪退潮,观望,资金观望型,,D,回避：资金观望,0.0
603067,振华股份,35.41,-46.3,1.04,105.9,-3.36,-150194264,254892004,161886167,-34745432,-68438480,-15163402,缩量,低,情绪退潮,观望,资金观望型,,D,回避：资金观望,-1.1
603066,音飞储存,8.95,-33.3,2.2,72.2,0.07,293175,6644883,6996173,-576026,236896,3342957,缩量,低,情绪退潮,观望,均衡流入型,,D,回避：资金观望,0.0
603070,万控智造,11.38,-69.9,1.15,-10.0,-5.53,-5114059,-7385810,-5023400,-803595,41432,514970,缩量,低,情绪退潮,观望,资金观望型,,D,回避：资金观望,-1.8
603069,海汽集团,12.96,-0.9,0.45,74.5,-1.44,-4489929,6415921,10396349,3016475,1789416,-3190266,缩量,低,情绪退潮,观望,资金观望型,,D,回避：资金观望,-0.5
603059,倍加洁,23.91,19.8,0.54,7.9,1.74,3350771,4954546,2090713,1299311,2309481,400187,缩量,低,情绪退潮,进场,趋势转多型,资金+业绩共振(双击候选),B,关注：资金+业绩共振,72.6
603071,物产环能,12.46,-47.2,0.49,-51.4,1.92,2440781,-3011829,-8228012,-813299,0,133935,缩量,低,情绪退潮,观望,资金观望型,,D,回避：资金观望,0.6
603061,金海通,328.5,-3.0,1.83,-32.0,-5.81,-270608769,-297791496,-189764002,175727090,164507850,-83066525,缩量,低,情绪退潮,吸筹,资金观望型,机构吸筹+盈利(关注),C,谨慎：资金流入未验证业绩,22.1
603072,天和磁材,30.18,-43.9,1.66,-17.9,-3.64,-9385289,-16903338,-24250415,-4986203,-4110364,6275339,缩量,低,情绪退潮,观望,资金撤退型,,D,回避：资金撤退,-1.2
603073,彩蝶实业,15.71,0.5,0.75,8.0,-0.52,-660056,-2319544,-3068102,-402276,0,3061614,缩量,低,情绪退潮,观望,资金撤退型,,D,回避：资金撤退,-0.2
603068,博通集成,36.33,-42.5,6.43,-36.2,1.66,18048589,-22126062,175689,18806926,4276259,-35314483,缩量,低,情绪退潮,进场,资金观望型,资金+业绩共振(双击候选),B,关注：资金+业绩共振,72.6
603075,热威股份,19.66,29.8,1.4,135.7,-0.18,-806144,30798399,26864209,-2697087,533889,6831144,缩量,低,情绪退潮,观望,资金观望型,,D,回避：资金观望,-0.1
603076,乐惠国际,19.43,-57.2,0.36,-11.1,-1.33,-1952387,-3447293,-21138856,-1199196,-505180,-485766,缩量,低,情绪退潮,观望,资金撤退型,,D,回避：资金撤退,-0.4
603078,江化微,32.77,-60.9,5.0,-45.0,-1.78,-38759485,-131482973,-267306512,49971160,28609463,-73618006,缩量,低,情绪退潮,观望,资金撤退型,,D,回避：资金撤退,-0.6
603079,圣达生物,12.5,-2.5,0.75,-70.8,-4.47,-11873743,-39126520,28796364,905672,1068427,-3035964,缩量,低,情绪退潮,观望,长线吸筹型,,D,回避：资金观望,-1.5
603085,天成自控,9.88,-42.1,0.72,-20.0,1.4,3420954,-22347724,-19392290,-4730708,-3401846,1700160,缩量,低,情绪退潮,观望,资金观望型,,D,回避：资金观望,0.5
603081,大丰实业,9.37,-38.4,0.42,-49.0,-3.62,-3671301,-5446892,-13900430,96660,0,674444,缩量,低,情绪退潮,观望,资金撤退型,,D,回避：资金撤退,-1.2
603086,先达股份,5.76,-6.0,0.5,-21.2,-14.15,-51504557,-59283017,-12033956,-546688,904896,1071883,缩量,低,情绪退潮,观望,长线吸筹型,,D,回避：资金观望,-4.7
603077,和邦生物,2.27,-25.1,0.33,44.8,-8.25,-235584129,202657608,-21549515,38265340,39420536,-18204621,缩量,低,情绪退潮,吸筹,资金观望型,纯资金炒作(亏损风险),C,谨慎：纯资金炒作,1.2
603087,甘李药业,68.95,-68.4,1.63,-56.4,-3.52,-53494963,-63604427,-397429576,-19800214,-6878047,15496976,缩量,低,情绪退潮,观望,资金撤退型,,D,回避：资金撤退,-1.2
603088,宁波精达,10.21,-33.7,0.23,-34.5,0.33,1141923,-39672347,-67418492,-3588922,-1585470,2551425,缩量,低,情绪退潮,观望,资金观望型,,D,回避：资金观望,0.1
603080,新疆火炬,19.62,2.0,0.75,-11.5,1.27,2483979,5659147,-4131121,3151376,340647,-2344600,缩量,低,情绪退潮,进场,趋势转多型,资金+业绩共振(双击候选),B,关注：资金+业绩共振,72.4
603089,正裕工业,9.24,11.1,0.63,-69.8,-2.83,-4652304,-15716152,-21894152,-3307969,-3041947,5975399,缩量,低,情绪退潮,观望,资金撤退型,,D,回避：资金撤退,-0.9
603082,北自科技,52.98,230.2,5.41,42.2,1.37,32940282,73596914,192032898,22368806,51909965,9444333,放量,低,游资情绪,抢筹,长线吸筹型,资金+业绩共振(双击候选),B,关注：资金+业绩共振,88.5
603091,众鑫股份,47.2,-28.9,1.5,-24.6,-4.65,-5273934,-13369908,-17040961,-8604753,-4393649,3995779,缩量,低,情绪退潮,观望,资金撤退型,,D,回避：资金撤退,-1.6
603093,南华期货,12.61,64.4,0.73,-25.0,-2.79,-44684844,-82036434,135166761,21494587,10489084,-16475644,放量,低,游资情绪,观望,长线吸筹型,,D,回避：资金观望,7.1
603092,德力佳,43.44,67.0,0.45,-10.0,-1.46,-6454788,-14997710,-11816075,1173808,-3080753,-2812363,放量,低,游资情绪,观望,资金观望型,,D,回避：资金观望,7.5
603083,剑桥科技,223.63,22.9,0.62,40.0,-2.97,-853527783,686792978,1114752283,258542420,191817306,-151475752,缩量,低,情绪退潮,吸筹,资金观望型,机构吸筹+盈利(关注),C,谨慎：资金流入未验证业绩,23.0
603095,越剑智能,14.24,13.7,0.77,-62.5,-2.1,-6964356,-38063276,77798446,-5373641,-4738163,4945380,缩量,低,情绪退潮,观望,长线吸筹型,,D,回避：资金观望,-0.7
603096,新经典,14.9,-21.7,0.65,23.6,-1.81,-2111394,1084650,1072820,-655541,0,610566,缩量,低,情绪退潮,观望,资金观望型,,D,回避：资金观望,-0.6
603090,宏盛股份,39.7,199.2,0.42,172.4,5.42,94708675,250806014,301583653,-1765991,-4617218,24269126,放量,中,主力偏强放量,进场,主力强攻型,资金+业绩共振(双击候选),B,关注：资金+业绩共振,89.8
603097,江苏华辰,18.44,-67.5,0.56,-25.6,0.55,867001,-1695681,10007968,-2334394,-2961634,983171,缩量,低,情绪退潮,观望,长线吸筹型,,D,回避：资金观望,0.2
603099,长白山,37.17,-31.9,1.26,-2.9,-7.78,-70053310,-113078163,-175479515,-1379499,289103,9016513,缩量,低,情绪退潮,观望,资金撤退型,,D,回避：资金撤退,-2.6
603098,森特股份,10.62,-14.7,0.33,35.0,-10.14,-24579099,-11321044,-995662,-322998,-1090402,2364244,缩量,低,情绪退潮,观望,资金观望型,,D,回避：资金观望,-3.4
603100,川仪股份,17.92,-19.9,0.86,-28.4,-5.07,-15441249,-22201560,-25185669,-3819410,-1537330,-3629568,缩量,低,情绪退潮,观望,资金撤退型,,D,回避：资金撤退,-1.7
603101,汇嘉时代,7.36,-33.0,0.22,13.0,-3.37,-12405701,-12049883,7296600,-620764,1645520,2038741,缩量,低,情绪退潮,观望,高位分歧型,,D,回避：资金观望,-1.1
603103,横店影视,15.85,-51.8,0.21,28.9,1.01,4860502,7480584,20518042,-2931755,-2227303,3708696,缩量,低,情绪退潮,观望,均衡流入型,,D,回避：资金观望,0.3
603109,神驰机电,16.4,-57.1,0.28,-38.4,-2.65,-2493558,-6811463,-17701902,-2209644,0,1337935,缩量,低,情绪退潮,观望,资金撤退型,,D,回避：资金撤退,-0.9
603107,上海汽配,11.63,-60.3,0.96,-20.9,-6.7,-4413209,-1871020,2721027,-1109216,-753712,2072124,缩量,低,情绪退潮,观望,高位分歧型,,D,回避：资金观望,-2.2
603110,东方材料,25.54,-33.3,2.43,0.4,-3.94,-39542410,105278062,82551937,875103,5611749,14703493,缩量,低,情绪退潮,观望,资金观望型,,D,回避：资金观望,-1.3
603102,百合股份,34.91,123.0,0.81,-71.2,-4.12,-10144803,-35422642,-25990748,1775758,3831193,-2644378,放量,低,游资情绪,抢筹,资金观望型,机构吸筹+盈利(关注),C,谨慎：资金流入未验证业绩,46.6
603105,芯能科技,8.12,271.5,0.16,37.3,2.3,42261482,10984075,113559188,4802042,9119082,-16237946,放量,低,游资情绪,进场,资金观望型,资金+业绩共振(双击候选),B,关注：资金+业绩共振,80.8
603112,华翔股份,16.39,71.7,0.34,-7.7,0.03,256124,4959840,130360580,-17509443,-6672081,18843166,放量,低,游资情绪,观望,长线吸筹型,,D,回避：资金观望,8.0
603116,红蜻蜓,6.12,-54.4,1.25,-28.4,-0.88,-1071195,-7586482,-33349633,112268,-611000,-324889,缩量,低,情绪退潮,观望,资金撤退型,,D,回避：资金撤退,-0.3
603113,金能科技,4.87,214.4,0.39,-39.7,-6.28,-47539805,-91957230,140012262,16094063,5103672,-32496563,放量,低,游资情绪,观望,长线吸筹型,,D,回避：资金观望,5.9
603106,恒银科技,7.46,-11.4,2.34,-27.8,2.5,26828406,-26312228,65625445,1569780,-2712584,3615802,缩量,低,情绪退潮,进场,资金观望型,资金+业绩共振(双击候选),B,关注：资金+业绩共振,72.8
603117,万林物流,3.93,-12.5,0.94,10.2,-8.65,-16327487,-6054957,-5196723,-277493,0,918786,缩量,低,情绪退潮,观望,资金观望型,,D,回避：资金观望,-2.9
603108,润达医疗,9.31,-68.6,0.65,-29.4,-5.88,-24585398,-7794483,-25224823,125693,1384170,-199307,缩量,低,情绪退潮,吸筹,资金观望型,纯资金炒作(亏损风险),C,谨慎：纯资金炒作,2.0
603111,康尼机电,6.02,-7.2,0.87,-44.0,0.2,235636,-16652377,-19039254,4408942,31304,-3839325,缩量,低,情绪退潮,进场,资金观望型,资金+业绩共振(双击候选),B,关注：资金+业绩共振,72.1
603118,共进股份,17.12,-0.5,1.3,-36.9,-3.04,-190613661,-148964609,-384971401,83941480,65744534,-105804742,缩量,低,情绪退潮,观望,资金观望型,,D,回避：资金观望,-1.0
603115,海星股份,91.66,31.7,1.29,69.6,5.4,277139970,291597731,463058309,-21807584,-11951311,7597524,缩量,中,主力惜售,进场,均衡流入型,资金+业绩共振(双击候选),B,关注：资金+业绩共振,85.8
603121,华培动力,12.1,-55.7,0.57,-55.4,-3.42,-7462420,2996958,71965056,-1511110,-977842,2500178,缩量,低,情绪退潮,观望,高位分歧型,,D,回避：资金观望,-1.1
603124,江南新材,132.3,-16.8,2.96,67.4,-3.24,-96160843,307748691,52520386,25693255,15432019,-37954073,缩量,低,情绪退潮,观望,资金观望型,,D,回避：资金观望,-1.1
603123,翠微股份,9.52,35.3,0.6,35.5,-4.61,-132985875,-99139465,121433942,-23298945,-12171803,31877964,缩量,低,情绪退潮,观望,高位分歧型,,D,回避：资金观望,-1.5
603119,浙江荣泰,53.33,-46.9,0.7,64.5,2.45,61343869,134643182,57838233,28391563,20713647,-17209608,缩量,低,情绪退潮,吸筹,趋势转多型,资金+业绩共振(双击候选),B,关注：资金+业绩共振,64.8
603125,常青科技,23.8,-56.0,3.29,-2.6,-0.83,-3333390,17782857,21293769,-3840891,-4209026,3714763,缩量,低,情绪退潮,观望,资金观望型,,D,回避：资金观望,-0.3
603120,肯特催化,54.2,-23.0,6.91,117.5,2.25,17762977,25741754,37570933,4427631,4909924,2503065,缩量,低,情绪退潮,进场,均衡流入型,资金+业绩共振(双击候选),B,关注：资金+业绩共振,72.8
603130,云中马,36.56,-60.0,0.3,-17.5,-11.42,-18295648,-30308526,-37678921,-4730980,-1792483,2309887,缩量,低,情绪退潮,观望,资金撤退型,,D,回避：资金撤退,-3.8
603127,昭衍新药,43.83,-52.8,2.6,-42.2,-2.62,-122812675,-196783961,-708699248,85125540,40233086,-65519607,缩量,低,情绪退潮,观望,资金撤退型,,D,回避：资金撤退,-0.9
603128,华贸物流,5.36,13.4,1.31,85.2,-3.93,-32846121,-42779951,-80279111,2722165,3154388,-6322715,缩量,低,情绪退潮,观望,资金撤退型,,D,回避：资金撤退,-1.3
603131,上海沪工,13.8,-4.9,0.75,-0.2,-0.31,-1298539,-4373396,-15793276,8641266,2651744,-4330251,缩量,低,情绪退潮,观望,资金撤退型,,D,回避：资金撤退,-0.1
603129,春风动力,296.88,-17.3,1.23,-27.4,-1.05,-16725779,-33231730,30249924,-11206233,-3135009,-1120343,缩量,低,情绪退潮,观望,资金观望型,,D,回避：资金观望,-0.4
603132,金徽股份,18.5,0.6,0.54,-38.6,-2.32,-14217360,-33554971,-31015808,-11015040,-9468101,11927343,缩量,低,情绪退潮,观望,资金观望型,,D,回避：资金观望,-0.8
603135,中重科技,8.6,-80.4,2.02,-20.5,-8.57,-20544188,-31368452,-21690904,-292857,-435497,828090,缩量,低,情绪退潮,观望,资金观望型,,D,回避：资金观望,-2.9
603122,合富中国,13.01,125.0,0.44,99.8,-3.08,-50113475,121111086,65146858,161145391,165477651,-94886429,放量,低,游资情绪,抢筹,资金观望型,纯资金炒作(亏损风险),C,谨慎：纯资金炒作,27.0
603126,中材节能,6.23,-39.7,0.53,-19.1,1.12,1959702,17732754,28751823,1105731,1023142,-452169,缩量,低,情绪退潮,吸筹,均衡流入型,资金+业绩共振(双击候选),B,关注：资金+业绩共振,64.4
603137,恒尚节能,19.04,-77.8,17.63,-57.9,-2.64,-17443193,-71399121,-133363797,-7550784,969518,5825415,缩量,低,情绪退潮,观望,资金撤退型,,D,回避：资金撤退,-0.9
603153,上海建科,13.05,-23.3,1.01,68.6,-0.52,-550964,3231319,3821751,-2897575,-3011209,137748,缩量,低,情绪退潮,观望,资金观望型,,D,回避：资金观望,-0.2
603151,邦基科技,16.81,3.5,0.91,59.1,-1.21,-4706890,25859436,32367451,-1234600,-1207436,4535562,缩量,低,情绪退潮,观望,资金观望型,,D,回避：资金观望,-0.4
603150,万朗磁塑,68.56,40.7,0.69,182.2,-2.89,-28041903,39805094,51638904,-22178186,-26905037,20865934,缩量,低,情绪退潮,观望,资金观望型,,D,回避：资金观望,-1.0
603136,天目湖,8.9,1156.3,0.48,345.5,6.24,89633167,93746786,97697130,-10387542,-16449702,-6266869,放量,中,主力偏强放量,进场,均衡流入型,资金+业绩共振(双击候选),B,关注：资金+业绩共振,90.1
603158,腾龙股份,10.39,-61.8,0.41,-33.3,-8.2,-42282322,-64189849,-50668064,-4191355,-707032,1945027,缩量,低,情绪退潮,观望,资金观望型,,D,回避：资金观望,-2.7
603138,海量数据,14.4,356.9,0.29,648.8,6.88,146890108,177658233,154920635,-43495943,-46110523,17630593,放量,中,主力偏强放量,进场,短线抢筹型,纯资金炒作(亏损风险),C,谨慎：纯资金炒作,30.3
603159,上海亚虹,23.74,-100.0,2.82,36.2,-2.07,-5218099,-14168515,-1203377,0,0,0,缩量,低,情绪退潮,观望,资金观望型,,D,回避：资金观望,-0.7
603165,荣晟环保,13.48,-63.8,0.34,-32.0,-7.79,-14595073,-33603452,-51731064,-2863217,-3057025,2627016,缩量,低,情绪退潮,观望,资金撤退型,,D,回避：资金撤退,-2.6
603139,康惠股份,40.29,-18.5,0.64,16.7,4.38,29033375,34013336,70584526,2062853,3129715,289116,缩量,低,情绪退潮,进场,均衡流入型,纯资金炒作(亏损风险),C,谨慎：纯资金炒作,13.5
603162,海通发展,13.22,106.5,1.05,209.6,0.13,9019380,237390513,291849578,-64787270,-31758727,99905018,放量,低,游资情绪,观望,均衡流入型,,D,回避：资金观望,8.0
603155,新亚强,15.4,3.2,5.23,31.7,-1.14,-8698207,-10333436,-39933529,99161305,99976329,-63076705,缩量,低,情绪退潮,吸筹,资金撤退型,机构吸筹+盈利(关注),C,谨慎：资金流入未验证业绩,23.6
603161,科华控股,15.27,-45.0,1.81,110.2,-8.52,-26061347,38256307,28047428,3985707,2303788,-1519856,缩量,低,情绪退潮,吸筹,资金观望型,机构吸筹+盈利(关注),C,谨慎：资金流入未验证业绩,21.2
603163,圣晖集成,81.22,-43.1,1.27,58.9,0.36,4699276,64562404,-52451739,13059969,9247058,-12485198,缩量,低,情绪退潮,进场,趋势转多型,资金+业绩共振(双击候选),B,关注：资金+业绩共振,72.1
603156,养元饮品,42.91,1.5,1.97,-49.4,1.2,23919221,-16104069,-312075729,15407540,37558281,-9591743,缩量,低,情绪退潮,吸筹,资金观望型,资金+业绩共振(双击候选),B,关注：资金+业绩共振,64.4
603160,汇顶科技,53.7,-33.5,1.02,-10.7,1.52,13526920,210784329,161144085,33605450,12539972,-20898368,缩量,低,情绪退潮,进场,趋势转多型,资金+业绩共振(双击候选),B,关注：资金+业绩共振,72.5
603166,福达股份,10.73,-73.0,2.09,-9.5,-8.59,-29212245,-18949483,-77249545,-1760287,-847412,638717,缩量,低,情绪退潮,观望,资金观望型,,D,回避：资金观望,-2.9
603168,莎普爱思,5.6,-20.7,0.89,-34.6,-1.5,-2499687,-6273495,2221615,535125,0,-1130210,缩量,低,情绪退潮,观望,资金观望型,,D,回避：资金观望,-0.5
603169,兰石重装,6.3,-50.8,0.68,-0.6,-3.11,-8938821,-2180929,-18888595,56295,-2120826,-4675670,缩量,低,情绪退潮,观望,资金观望型,,D,回避：资金观望,-1.0
603170,宝立食品,12.01,-64.2,1.74,-5.9,-2.21,-2298415,4299153,-383338,-673918,-1064360,-1190364,缩量,低,情绪退潮,观望,资金观望型,,D,回避：资金观望,-0.7
603172,万丰股份,18.61,15.2,0.72,-41.2,-1.13,-1846654,-11228387,7075395,2310474,-527973,-645400,缩量,低,情绪退潮,观望,长线吸筹型,,D,回避：资金观望,-0.4
603173,福斯达,28.28,-59.3,0.67,-20.7,-1.08,-1404302,1672293,11045194,-244291,377466,860447,缩量,低,情绪退潮,观望,高位分歧型,,D,回避：资金观望,-0.4
603171,税友股份,38.7,-52.0,0.45,-33.4,-1.31,-12858484,-48623555,203926268,-9828882,-6058574,12885347,缩量,低,情绪退潮,观望,长线吸筹型,,D,回避：资金观望,-0.4
603175,超颖电子,101.34,-37.0,0.63,3.8,-4.1,-33990054,-21325140,-55478024,12967166,-653836,-18273036,缩量,低,情绪退潮,观望,资金观望型,,D,回避：资金观望,-1.4
603167,渤海轮渡,8.07,-61.1,0.96,-51.0,5.82,7120505,2646433,-52624457,-2066049,-522517,143251,缩量,中,主力惜售,进场,资金观望型,资金+业绩共振(双击候选),B,关注：资金+业绩共振,85.9
603180,金牌家居,15.12,-37.5,1.63,-14.5,1.47,975811,4198265,-4689398,0,0,-134271,缩量,低,情绪退潮,观望,趋势转多型,,D,回避：资金观望,0.5
603181,皇马科技,12.32,-70.9,1.44,6.8,-5.21,-12393776,-19983240,-21917679,1406836,-536257,1477420,缩量,低,情绪退潮,观望,资金撤退型,,D,回避：资金撤退,-1.7
603178,圣龙股份,15.42,-71.1,0.36,-29.7,-5.25,-25641775,-57132262,-19256850,-2183771,-1432923,-156020,缩量,低,情绪退潮,观望,资金观望型,,D,回避：资金观望,-1.8
603179,新泉股份,36.75,-54.3,1.07,-6.1,-6.61,-163394586,-149246758,29177829,-23539670,-20993596,30310448,缩量,低,情绪退潮,观望,高位分歧型,,D,回避：资金观望,-2.2
603176,汇通集团,5.21,7.9,0.91,-25.0,0.68,745163,2897761,4538995,226635,0,-1480689,缩量,低,情绪退潮,进场,均衡流入型,资金+业绩共振(双击候选),B,关注：资金+业绩共振,72.2
603183,建研院,4.63,-45.9,1.41,39.3,-6.26,-25599578,-26388727,-24756744,718866,4383666,81574,缩量,低,情绪退潮,观望,资金观望型,,D,回避：资金观望,-2.1
603182,嘉华股份,13.03,-0.6,0.28,-6.7,-6.84,-9876476,-15143290,-23650649,-356025,0,1069535,缩量,低,情绪退潮,观望,资金撤退型,,D,回避：资金撤退,-2.3
603177,德创环保,10.51,-37.3,0.58,-32.3,-1.0,-2060922,-29558008,-1944189,26438,977927,-938909,缩量,低,情绪退潮,吸筹,长线吸筹型,纯资金炒作(亏损风险),C,谨慎：纯资金炒作,3.7
603185,弘元绿能,14.04,-64.9,0.67,-21.5,-3.85,-15380062,-1868842,-61975395,3785032,-2344625,-3935971,缩量,低,情绪退潮,观望,资金观望型,,D,回避：资金观望,-1.3
603187,海容冷链,10.56,-55.4,0.91,-24.8,-5.39,-10452664,560350,39505084,4084225,1180521,-5967382,缩量,低,情绪退潮,观望,高位分歧型,,D,回避：资金观望,-1.8
603188,亚邦股份,4.49,17.0,0.89,-36.0,3.86,14868225,10577338,9063797,-1492157,261783,2711753,缩量,低,情绪退潮,观望,资金观望型,,D,回避：资金观望,1.3
603190,亚通精工,15.51,-66.1,1.77,-39.9,-1.51,-1572757,-1475708,-18402283,109812,0,-912140,缩量,低,情绪退潮,观望,资金观望型,,D,回避：资金观望,-0.5
603193,润本股份,19.79,-49.2,0.42,-26.0,0.44,1263125,-14411465,-11940560,-978882,0,2833947,缩量,低,情绪退潮,观望,资金观望型,,D,回避：资金观望,0.1
603191,望变电气,13.27,-22.0,0.52,65.4,-4.28,-38455965,-540759,23367811,-5233102,-4730555,4015050,缩量,低,情绪退潮,观望,资金观望型,,D,回避：资金观望,-1.4
603192,汇得科技,20.24,-30.9,2.87,168.3,-1.42,-3560960,14098730,16674479,-874292,665228,1399558,缩量,低,情绪退潮,观望,资金观望型,,D,回避：资金观望,-0.5
603186,华正新材,253.99,174.7,2.28,4.7,10.07,2568386294,3125290031,3499187922,-566329401,-435381495,399492944,放量,高,主力主导放量🔥(最强),进场,主力建仓型,资金+业绩共振(双击候选),A,金股候选：资金强攻+业绩共振,95.4
603194,中力股份,33.37,-53.4,1.99,-9.3,-0.04,-54155,-715553,2851600,-3108164,-1737137,3802709,缩量,低,情绪退潮,观望,资金观望型,,D,回避：资金观望,-0.0
603198,迎驾贡酒,37.76,-65.0,1.13,-43.4,-3.95,-23345418,-29536858,-21663797,-5535908,-3542657,45424,缩量,低,情绪退潮,观望,资金观望型,,D,回避：资金观望,-1.3
603195,公牛集团,38.08,-32.8,2.8,-13.0,3.33,18023287,-4479923,-41073155,-6859476,-866063,14388119,缩量,低,情绪退潮,观望,资金观望型,,D,回避：资金观望,1.1
603196,璞源材料,18.8,-54.6,0.31,26.4,4.97,9887577,8263144,-15377119,-4259856,-3665216,5750406,缩量,低,情绪退潮,观望,资金观望型,,D,回避：资金观望,1.7
603199,九华旅游,32.05,-16.1,0.51,-24.7,-5.07,-18058153,-23156556,-24507833,-1014048,-530387,596035,缩量,低,情绪退潮,观望,资金撤退型,,D,回避：资金撤退,-1.7
603201,常润股份,14.91,-77.1,4.03,-37.0,-4.13,-5860062,-8571285,-19706150,-341256,1235518,671672,缩量,低,情绪退潮,观望,资金撤退型,,D,回避：资金撤退,-1.4
603197,保隆科技,28.65,-35.8,1.56,-28.3,0.11,372077,-14004642,-258689,-2765101,-4920462,5289858,缩量,低,情绪退潮,观望,资金观望型,,D,回避：资金观望,0.0
603202,天有为,50.49,-62.8,0.61,-15.2,-4.9,-8099851,-8022624,-10626655,-1526757,-1502190,1666645,缩量,低,情绪退潮,观望,资金观望型,,D,回避：资金观望,-1.6
603206,嘉环科技,13.6,-42.8,0.83,5.8,0.92,1846410,-3241351,-21642262,-4769387,-2184708,1078134,缩量,低,情绪退潮,观望,资金观望型,,D,回避：资金观望,0.3
603207,小方制药,23.67,65.7,1.81,33.9,-3.46,-13983818,-24197185,30286858,-5241623,-2330802,3346757,放量,低,游资情绪,观望,长线吸筹型,,D,回避：资金观望,6.8
603200,上海洗霸,40.52,241.0,0.22,-27.3,1.99,33972448,-13681622,222979641,9335224,20017343,-1215079,放量,低,游资情绪,抢筹,长线吸筹型,资金+业绩共振(双击候选),B,关注：资金+业绩共振,88.7
603203,快克智能,45.37,-61.0,2.32,8.9,1.58,25585859,1142040,-16960792,18029721,22978138,6371805,缩量,低,情绪退潮,进场,资金观望型,资金+业绩共振(双击候选),B,关注：资金+业绩共振,72.5
603210,泰鸿万立,12.88,-55.1,0.91,-13.7,-10.58,-12781472,-24288886,-45377013,-992553,-2567164,-1470366,缩量,低,情绪退潮,观望,资金撤退型,,D,回避：资金撤退,-3.5
603208,江山欧派,10.61,-27.4,1.4,1.6,1.08,1331325,2234793,-1130259,118832,0,-7791,缩量,低,情绪退潮,进场,趋势转多型,纯资金炒作(亏损风险),C,谨慎：纯资金炒作,12.4
603205,健尔康,22.95,112.2,1.23,-29.8,2.79,4051525,-878769,-2485255,1218967,-891618,-3844480,放量,低,游资情绪,进场,资金观望型,资金+业绩共振(双击候选),B,关注：资金+业绩共振,80.9
603213,镇洋发展,13.77,-35.6,2.83,-22.4,-4.56,-5784192,-14692529,-15733796,5328403,-444987,-591650,缩量,低,情绪退潮,观望,资金撤退型,,D,回避：资金撤退,-1.5
603211,晋拓股份,19.85,-85.6,0.94,-50.9,-2.35,-8046744,-17158257,-113964094,-3999910,-2222192,4712330,缩量,低,情绪退潮,观望,资金撤退型,,D,回避：资金撤退,-0.8
603212,赛伍技术,11.51,-62.8,0.52,13.5,-2.44,-9629678,-11054574,-41959020,1053534,-1107869,5990218,缩量,低,情绪退潮,观望,资金撤退型,,D,回避：资金撤退,-0.8
603215,比依股份,13.79,-24.3,0.55,-5.3,2.97,2508998,300313,-3891592,-706137,552815,-849914,缩量,低,情绪退潮,观望,资金观望型,,D,回避：资金观望,1.0
603217,元利科技,27.94,41.2,0.34,-26.0,-3.62,-19294813,-68085018,-14717729,-5551358,-5213010,4364706,缩量,低,情绪退潮,观望,长线吸筹型,,D,回避：资金观望,-1.2
603209,兴通股份,14.54,26.1,0.57,-27.6,0.92,3323819,2129214,12262778,6310095,-349660,-7119835,缩量,低,情绪退潮,进场,资金观望型,资金+业绩共振(双击候选),B,关注：资金+业绩共振,72.3
603220,中贝通信,18.07,-9.2,0.16,-3.9,-4.4,-65194453,-77868472,-270311413,-20811721,-15656178,37474915,缩量,低,情绪退潮,观望,资金撤退型,,D,回避：资金撤退,-1.5
603219,富佳股份,12.68,-71.4,0.71,-15.6,-1.37,-1771896,-7637130,-18931949,51634,-530922,1166982,缩量,低,情绪退潮,观望,资金撤退型,,D,回避：资金撤退,-0.5
603216,梦天家居,21.43,89.6,0.46,129.7,5.09,66582094,148169895,190703806,8491113,4925059,-1090278,放量,中,主力偏强放量,吸筹,主力强攻型,资金+业绩共振(双击候选),B,关注：资金+业绩共振,81.7
603221,爱丽家居,29.44,1087.4,1.43,-29.5,-1.68,-31330769,-49066476,-63161056,18496361,-2722457,-23802566,放量,低,游资情绪,观望,资金撤退型,,D,回避：资金撤退,7.4
603214,爱婴室,12.9,36.3,1.22,214.8,1.93,11521474,7981992,3748723,226551,742589,-647642,缩量,低,情绪退潮,吸筹,资金观望型,资金+业绩共振(双击候选),B,关注：资金+业绩共振,64.6
603218,日月股份,9.36,71.5,0.5,44.6,-0.17,-996008,-5198641,-22512316,8296459,2818853,-14435584,放量,低,游资情绪,抢筹,资金撤退型,机构吸筹+盈利(关注),C,谨慎：资金流入未验证业绩,47.9
603222,济民健康,7.73,-83.2,1.21,-21.8,-3.42,-11200572,-4169500,-42569595,-30418,1415299,133342,缩量,低,情绪退潮,观望,资金观望型,,D,回避：资金观望,-1.1
603229,奥翔药业,7.55,-68.7,1.12,-52.0,-7.44,-11860705,-4735472,7638047,930737,245958,-2569299,缩量,低,情绪退潮,观望,高位分歧型,,D,回避：资金观望,-2.5
603223,恒通股份,9.84,-79.5,2.18,68.4,-6.02,-22080414,-957786,-42972870,-3643457,-511390,1975952,缩量,低,情绪退潮,观望,资金观望型,,D,回避：资金观望,-2.0
603227,雪峰科技,7.49,-22.0,0.19,8.7,1.12,2980294,-17907684,-45135769,-4582824,-3871607,3438443,缩量,低,情绪退潮,观望,资金观望型,,D,回避：资金观望,0.4
603228,景旺电子,106.41,6.1,0.97,47.6,-3.52,-698278312,22937230,-10296144,36659104,132048700,9605643,缩量,低,情绪退潮,观望,资金观望型,,D,回避：资金观望,-1.2
603231,索宝蛋白,16.55,-0.7,0.91,-27.7,-3.54,-5435273,-7625226,6074071,-56330,0,-4095737,缩量,低,情绪退潮,观望,长线吸筹型,,D,回避：资金观望,-1.2
603232,格尔软件,15.07,107.8,0.86,36.5,4.01,40264291,31955813,16800759,-1454627,1961445,-5232610,放量,低,游资情绪,观望,资金观望型,,D,回避：资金观望,9.3
603230,内蒙新华,11.14,623.9,0.56,310.0,2.45,14163968,51327791,54845428,49117534,57481803,-26650807,放量,低,游资情绪,抢筹,主力建仓型,资金+业绩共振(双击候选),B,关注：资金+业绩共振,88.8
603233,大参林,18.22,-41.3,1.93,-27.6,-1.61,-8552856,-9226447,17339805,-4707463,-5116195,63895,缩量,低,情绪退潮,观望,资金观望型,,D,回避：资金观望,-0.5
603225,新凤鸣,16.74,-40.8,1.07,-21.8,0.56,8531407,-14521136,-69539101,21321092,20644978,-11310535,缩量,低,情绪退潮,吸筹,资金观望型,资金+业绩共振(双击候选),B,关注：资金+业绩共振,64.2
603235,天新药业,24.94,5.2,0.94,92.1,0.46,449015,-1296375,-3032863,-383460,-659850,633251,缩量,低,情绪退潮,观望,资金观望型,,D,回避：资金观望,0.2
603226,菲林格尔,37.38,4.4,1.2,18.3,6.91,118591516,98573011,-28097050,9905264,930521,-15829078,缩量,中,主力惜售,进场,资金观望型,纯资金炒作(亏损风险),C,谨慎：纯资金炒作,26.3
603236,移远通信,69.74,174.0,0.88,4.7,2.2,129356676,127389599,91851508,-103068589,-50925413,150922252,放量,低,游资情绪,观望,资金观望型,,D,回避：资金观望,8.7
603237,五芳斋,14.63,51.1,0.64,-28.1,-1.11,-1867447,-19457830,-11600185,106830,0,509054,放量,低,游资情绪,观望,资金观望型,,D,回避：资金观望,7.6
603239,浙江仙通,13.75,-38.5,0.61,-3.9,-5.89,-9411206,-10633107,-18184718,731551,-1714179,-1775153,缩量,低,情绪退潮,观望,资金撤退型,,D,回避：资金撤退,-2.0
603238,诺邦股份,11.61,-41.7,1.09,-30.6,-0.35,-512601,4595779,-1638545,1142018,579500,-672408,缩量,低,情绪退潮,观望,资金观望型,,D,回避：资金观望,-0.1
603257,中国瑞林,72.83,-17.9,1.33,87.0,2.08,17209239,64239515,80401690,-6719098,2020774,7692507,缩量,低,情绪退潮,观望,主力建仓型,,D,回避：资金观望,0.7
603258,电魂网络,13.07,-56.8,1.95,39.8,-0.57,-863467,2282141,647561,-370314,-1719039,-1074503,缩量,低,情绪退潮,观望,资金观望型,,D,回避：资金观望,-0.2
603259,药明康德,157.71,-45.5,2.17,-40.0,-0.34,-84132054,1024907946,-692682225,304305438,36809071,-328620463,缩量,低,情绪退潮,观望,资金观望型,,D,回避：资金观望,-0.1
603260,合盛硅业,32.69,-62.7,1.83,-17.2,-3.48,-37747258,-44084961,-105009011,5938407,4852016,15931910,缩量,低,情绪退潮,观望,资金撤退型,,D,回避：资金撤退,-1.2
603248,锡华科技,20.31,96.1,0.37,38.9,7.16,28509917,20690908,-1256789,30580770,40103930,-12757473,放量,中,主力偏强放量,抢筹,资金观望型,资金+业绩共振(双击候选),B,关注：资金+业绩共振,98.4
603255,鼎际得,32.0,13.0,1.52,-30.9,0.77,1778917,1398274,887084,7501932,7269655,-3612954,缩量,低,情绪退潮,吸筹,资金观望型,资金+业绩共振(双击候选),B,关注：资金+业绩共振,64.3
603261,立航科技,54.73,27.0,5.04,11.9,0.1,942864,21403846,27387926,-744551,-976504,10363251,缩量,低,情绪退潮,观望,均衡流入型,,D,回避：资金观望,0.0
603262,技源集团,18.35,-3.2,2.27,-16.4,-3.94,-15390697,-55627195,-43043954,1126891,-446563,-1402225,缩量,低,情绪退潮,观望,资金观望型,,D,回避：资金观望,-1.3
603256,宏和科技,143.28,41.6,1.07,33.0,5.16,789829027,-907425483,-1274449491,49240601,-68547740,20629458,缩量,中,主力惜售,进场,资金观望型,资金+业绩共振(双击候选),B,关注：资金+业绩共振,85.7
603269,海鸥股份,25.65,124.5,1.26,35.4,-3.99,-197175064,-380458051,-630443118,123195959,47304593,-168247326,放量,低,游资情绪,观望,资金撤退型,,D,回避：资金撤退,6.7
603268,松发股份,185.8,36.1,0.88,-13.3,0.07,3572663,21926974,188657875,-136784591,-9228702,164653549,缩量,低,情绪退潮,观望,均衡流入型,,D,回避：资金观望,0.0
603270,金帝股份,35.17,88.1,3.37,233.9,-1.61,-34716890,-43130033,18463892,-5940795,3153599,23170840,放量,低,游资情绪,观望,资金观望型,,D,回避：资金观望,7.5
603271,永杰新材,38.82,-70.6,0.5,-41.9,-7.56,-16530697,-19396363,-30589502,3707090,1937974,-2550540,缩量,低,情绪退潮,观望,资金撤退型,,D,回避：资金撤退,-2.5
603273,天元智能,14.2,-41.4,1.96,-20.5,0.79,957327,-5692610,-1762799,-1900435,-870876,1358956,缩量,低,情绪退潮,观望,资金观望型,,D,回避：资金观望,0.3
603275,众辰科技,35.7,-62.5,0.49,-21.3,-4.93,-4288142,-4126055,-10589627,-390199,0,1052047,缩量,低,情绪退潮,观望,资金观望型,,D,回避：资金观望,-1.6
603267,鸿远电子,51.59,-26.9,2.72,46.1,2.38,62017817,29389385,-141314423,30788204,33713057,-29666541,缩量,低,情绪退潮,吸筹,资金观望型,资金+业绩共振(双击候选),B,关注：资金+业绩共振,64.8
603266,天龙股份,16.67,445.2,0.52,93.0,6.08,28856766,30395308,31144258,-2209899,-406771,-14333925,放量,中,主力偏强放量,进场,均衡流入型,资金+业绩共振(双击候选),B,关注：资金+业绩共振,90.0
603278,大业股份,8.96,-74.5,0.27,-13.4,-1.69,-4346788,4262196,-24044209,-1844443,-342588,4392922,缩量,低,情绪退潮,观望,资金观望型,,D,回避：资金观望,-0.6
603279,景津装备,11.13,-9.6,0.9,-40.8,0.5,2315835,-5154571,-5883159,-3992220,-3925342,4720776,缩量,低,情绪退潮,观望,资金观望型,,D,回避：资金观望,0.2
603280,南方路机,25.9,29.7,0.72,-30.1,-5.26,-8355446,-5727328,-1934923,1001214,2570,1711467,缩量,低,情绪退潮,观望,资金观望型,,D,回避：资金观望,-1.8
603281,江瀚新材,18.55,-81.9,1.07,-45.1,-6.97,-13090081,-20520802,-51024436,1659379,1796560,877615,缩量,低,情绪退潮,观望,资金撤退型,,D,回避：资金撤退,-2.3
603282,亚光股份,16.06,33.2,0.68,-30.5,-0.46,-586626,-1534945,1584202,-4443448,-3201208,2751510,缩量,低,情绪退潮,观望,资金观望型,,D,回避：资金观望,-0.2
603284,林平发展,40.5,2.7,0.38,-36.7,-3.93,-8246299,-5471131,-14861565,1572245,8794415,1364793,缩量,低,情绪退潮,观望,资金观望型,,D,回避：资金观望,-1.3
603283,赛腾股份,46.49,-67.2,2.7,-35.7,-4.57,-112369280,-401955106,-655055228,9035289,9198646,-9399440,缩量,低,情绪退潮,观望,资金撤退型,,D,回避：资金撤退,-1.5
603277,银都股份,11.5,75.7,0.81,-66.8,0.72,896392,-8019991,-36487340,851,540462,-2363976,放量,低,游资情绪,抢筹,资金观望型,资金+业绩共振(双击候选),B,关注：资金+业绩共振,88.2
603276,恒兴新材,17.86,281.5,1.39,21.5,-1.53,-4550407,747177,-11622246,21357459,16312930,-8565917,放量,低,游资情绪,抢筹,资金观望型,机构吸筹+盈利(关注),C,谨慎：资金流入未验证业绩,47.5
603288,海天味业,33.93,-59.9,1.29,-37.3,4.8,93136392,20184833,-535642830,-8512282,-8202974,2381097,缩量,低,情绪退潮,观望,资金观望型,,D,回避：资金观望,1.6
603286,日盈电子,41.37,-60.5,0.51,-1.1,-1.01,-6292042,22113087,123261541,-6240501,-1993998,8250156,缩量,低,情绪退潮,观望,高位分歧型,,D,回避：资金观望,-0.3
603285,键邦股份,38.46,-0.6,0.84,29.5,13.97,237120855,215361409,217847850,-3890910,-3967463,-4386520,缩量,高,主力控盘,控盘,资金观望型,控盘+盈利(稳健),B,关注：控盘稳健+盈利,72.7
603289,泰瑞机器,9.24,-27.2,0.27,46.5,6.29,12162755,20009431,12814762,-4475248,-2822330,2578395,缩量,中,主力惜售,进场,短线抢筹型,资金+业绩共振(双击候选),B,关注：资金+业绩共振,86.1
603298,杭叉集团,23.53,31.1,1.38,-12.6,-3.13,-17806853,-13907407,-12262198,3164598,-4796632,-15064906,缩量,低,情绪退潮,观望,资金观望型,,D,回避：资金观望,-1.0
603291,联合水务,9.09,255.2,0.63,65.3,8.34,44767507,46186730,39844507,1210990,-3150962,-17506776,放量,中,主力偏强放量,进场,趋势转多型,资金+业绩共振(双击候选),B,关注：资金+业绩共振,90.8
603290,斯达半导,85.5,-64.9,2.38,-66.8,-3.71,-51422124,-111916579,19417424,44390945,26985981,-21483917,缩量,低,情绪退潮,吸筹,长线吸筹型,机构吸筹+盈利(关注),C,谨慎：资金流入未验证业绩,22.8
603299,苏盐井神,8.68,-43.9,0.49,-37.5,1.95,3249671,6873456,11733490,-903329,-2274432,718864,缩量,低,情绪退潮,观望,均衡流入型,,D,回避：资金观望,0.7
603300,海南华铁,4.63,-56.3,0.49,-1.5,-1.75,-10103577,-51302509,-75148723,-3031116,-3248051,3767682,缩量,低,情绪退潮,观望,资金撤退型,,D,回避：资金撤退,-0.6
603305,旭升集团,10.51,-45.7,0.6,7.1,-6.07,-39765625,-72730176,-124221605,-635813,2276549,3619291,缩量,低,情绪退潮,观望,资金撤退型,,D,回避：资金撤退,-2.0
603307,扬州金泉,24.36,13.6,1.45,-40.8,-3.5,-3186150,-7278315,-1786654,1257870,667187,-962067,缩量,低,情绪退潮,观望,资金观望型,,D,回避：资金观望,-1.2
603296,华勤技术,78.37,-59.1,1.8,-34.3,-1.23,-47977347,-333548766,-328950242,64379655,68567112,-25774412,缩量,低,情绪退潮,吸筹,资金观望型,机构吸筹+盈利(关注),C,谨慎：资金流入未验证业绩,23.6
603293,埃泰克,36.35,-35.4,0.11,33.2,-0.87,-3395431,-17477126,32743339,1840251,1698080,-336583,缩量,低,情绪退潮,吸筹,长线吸筹型,机构吸筹+盈利(关注),C,谨慎：资金流入未验证业绩,23.7
603297,永新光学,111.73,-35.0,1.1,-26.7,0.71,3758342,-21704040,40181787,2656859,-913115,10234973,缩量,低,情绪退潮,进场,长线吸筹型,资金+业绩共振(双击候选),B,关注：资金+业绩共振,72.2
603303,得邦照明,26.6,-43.3,3.2,12.6,14.1,51080245,75778720,103263786,11011596,11109154,1643342,缩量,高,主力控盘,控盘,主力强攻型,控盘+盈利(稳健),B,关注：控盘稳健+盈利,72.7
603301,振德医疗,82.78,-21.1,0.69,-14.6,-2.17,-11302972,-114519,-25287656,-2255680,4556423,-1131716,缩量,低,情绪退潮,吸筹,资金观望型,机构吸筹+盈利(关注),C,谨慎：资金流入未验证业绩,23.3
603306,华懋科技,80.82,-9.9,0.77,-11.5,5.44,215424867,212944294,428972659,11451321,11614737,-24875958,缩量,中,主力惜售,进场,资金观望型,资金+业绩共振(双击候选),B,关注：资金+业绩共振,85.8
603308,应流股份,41.19,6.1,0.59,20.5,2.69,171977682,52459740,-22259763,-172363632,-125437382,174593333,缩量,低,情绪退潮,观望,资金观望型,,D,回避：资金观望,0.9
603309,维力医疗,10.63,-62.9,0.45,-36.2,-9.24,-12799238,-20056509,-23570611,-3179421,-3183476,2631659,缩量,低,情绪退潮,观望,资金撤退型,,D,回避：资金撤退,-3.1
603310,巍华新材,14.84,-22.4,1.75,7.6,-2.57,-3247395,139551,-10919608,-216604,-550822,391816,缩量,低,情绪退潮,观望,资金观望型,,D,回避：资金观望,-0.9
603312,西典新能,31.56,-0.9,0.59,-3.0,-1.96,-2143982,11145168,12151172,539935,551984,1328233,缩量,低,情绪退潮,观望,资金观望型,,D,回避：资金观望,-0.7
603318,水发燃气,9.55,30.8,1.11,13.4,1.26,58847056,30403044,133229267,-41794896,-37930677,21539662,缩量,低,情绪退潮,观望,资金观望型,,D,回避：资金观望,0.4
603319,美湖股份,28.33,-42.4,0.78,-28.3,-2.67,-32709329,-78091187,54069226,28402481,18055193,-21346102,缩量,低,情绪退潮,观望,长线吸筹型,,D,回避：资金观望,-0.9
603322,超讯科技,32.07,68.9,0.27,260.5,-0.44,-7185531,18234881,18311140,-17467254,-10726075,21387709,放量,低,游资情绪,观望,资金观望型,,D,回避：资金观望,7.9
603316,诚邦股份,15.77,59.5,2.39,259.7,5.76,133686484,200737499,158700651,959315,4445037,-15221725,放量,中,主力偏强放量,进场,短线抢筹型,纯资金炒作(亏损风险),C,谨慎：纯资金炒作,29.9
603315,福鞍股份,10.73,-49.2,0.15,-15.3,-6.24,-21571262,-38814867,-38649273,784651,4793411,-1977367,缩量,低,情绪退潮,吸筹,资金观望型,机构吸筹+盈利(关注),C,谨慎：资金流入未验证业绩,21.9
603323,苏农银行,4.46,12.0,1.26,-8.4,-0.3,-2605869,6598163,-73702369,-8957081,-2434107,5794359,缩量,低,情绪退潮,观望,资金观望型,,D,回避：资金观望,-0.1
603324,盛剑科技,26.48,-70.8,4.08,-26.3,-0.62,-1977424,-2072062,-6323867,2970807,4019278,3309037,缩量,低,情绪退潮,观望,资金撤退型,,D,回避：资金撤退,-0.2
603311,金海高科,24.81,-39.2,0.87,181.5,8.53,98109870,134570864,83702799,-17200163,-11671434,12035467,缩量,中,主力惜售,进场,短线抢筹型,资金+业绩共振(双击候选),B,关注：资金+业绩共振,86.8
603325,博隆技术,52.13,-76.2,0.68,-52.9,0.97,508366,492315,5334160,-712810,0,193471,缩量,低,情绪退潮,观望,长线吸筹型,,D,回避：资金观望,0.3
603313,梦百合,6.65,-54.8,5.03,23.2,0.54,3440701,29042630,45963944,170588,-4256595,-4084556,缩量,低,情绪退潮,进场,均衡流入型,纯资金炒作(亏损风险),C,谨慎：纯资金炒作,12.2
603320,迪贝电气,17.71,-19.8,0.46,-36.0,1.91,3792640,4248811,27086353,155320,-1931500,446154,缩量,低,情绪退潮,进场,长线吸筹型,资金+业绩共振(双击候选),B,关注：资金+业绩共振,72.6
603317,天味食品,12.74,-74.0,2.67,-33.1,-7.05,-26494619,-33916514,-101707699,3598783,4444942,-2482220,缩量,低,情绪退潮,吸筹,资金撤退型,机构吸筹+盈利(关注),C,谨慎：资金流入未验证业绩,21.6
603326,我乐家居,7.22,-12.3,0.91,-30.5,-0.31,-375595,1916179,-9325276,-1165282,0,2485807,缩量,低,情绪退潮,观望,资金观望型,,D,回避：资金观望,-0.1
603321,梅轮电梯,6.63,89.6,1.13,363.6,-0.67,-3049235,13307559,14808838,-1633062,578857,-375562,放量,低,游资情绪,吸筹,资金观望型,机构吸筹+盈利(关注),C,谨慎：资金流入未验证业绩,31.8
603327,福蓉科技,8.33,-72.5,0.75,-46.0,-8.68,-56832177,-132873427,-154825058,917078,-623701,4372982,缩量,低,情绪退潮,观望,资金撤退型,,D,回避：资金撤退,-2.9
603329,上海雅仕,9.75,-65.6,2.61,-47.4,0.28,295702,-1834798,-11810620,-467276,0,799962,缩量,低,情绪退潮,观望,资金观望型,,D,回避：资金观望,0.1
603328,依顿电子,14.31,349.8,0.38,331.2,0.7,39394304,13836021,-75594105,189094602,187301687,-110048383,放量,低,游资情绪,抢筹,资金观望型,资金+业绩共振(双击候选),B,关注：资金+业绩共振,88.2
603332,苏州龙杰,11.31,18.0,0.18,-28.2,0.25,454662,-5455952,-14696720,-2078345,0,459780,缩量,低,情绪退潮,观望,资金观望型,,D,回避：资金观望,0.1
603336,宏辉果蔬,9.98,-1.2,1.19,68.8,1.4,27124215,70133885,51370784,-1840091,-1167271,5054048,缩量,低,情绪退潮,观望,趋势转多型,,D,回避：资金观望,0.5
603333,福华尚纬,9.39,-52.3,1.59,-61.1,-0.25,-1275916,-12084543,39225677,1344542,715885,2410148,缩量,低,情绪退潮,观望,长线吸筹型,,D,回避：资金观望,-0.1
603334,丰倍生物,29.97,-69.6,0.66,-45.3,-3.66,-4873300,438984,-7908987,-833321,0,1648353,缩量,低,情绪退潮,观望,资金观望型,,D,回避：资金观望,-1.2
603338,浙江鼎力,54.91,-33.3,2.06,-42.5,0.32,2233223,-7608502,-26677638,-13300690,-7796827,5696739,缩量,低,情绪退潮,观望,资金观望型,,D,回避：资金观望,0.1
603335,迪生力,6.06,-81.8,0.69,-19.4,-11.53,-27377830,-39206635,-66318062,-2535433,-634605,6999667,缩量,低,情绪退潮,观望,资金撤退型,,D,回避：资金撤退,-3.8
603337,杰克科技,35.91,-71.0,1.91,-38.3,-1.45,-4797821,-11261218,17922511,891850,722086,9629102,缩量,低,情绪退潮,观望,长线吸筹型,,D,回避：资金观望,-0.5
603330,天洋新材,9.51,139.1,3.64,-44.5,7.52,188922502,146701308,202834131,577142,-761389,3688211,放量,中,主力偏强放量,进场,资金观望型,纯资金炒作(亏损风险),C,谨慎：纯资金炒作,30.5
603341,龙旗科技,35.44,-73.1,2.2,-2.1,-12.39,-113726679,-97333072,-250355175,6595422,2197476,2973101,缩量,低,情绪退潮,观望,资金观望型,,D,回避：资金观望,-4.1
603348,文灿股份,13.83,-32.9,0.73,13.9,-7.82,-10021587,-6480420,-5820908,-484908,-471145,-770296,缩量,低,情绪退潮,观望,资金观望型,,D,回避：资金观望,-2.6
603331,百达精工,13.05,1.0,0.92,76.0,6.96,26319974,37107353,18314324,4160129,-481079,1730935,缩量,中,主力惜售,进场,短线抢筹型,纯资金炒作(亏损风险),C,谨慎：纯资金炒作,26.3
603345,安井食品,75.65,-25.4,1.28,-24.5,-2.83,-57273345,-85968088,294291,19200871,7359874,-12292285,缩量,低,情绪退潮,观望,资金观望型,,D,回避：资金观望,-0.9
603339,四方科技,12.47,-63.6,2.74,-35.9,-4.11,-17360393,-153969499,-146186387,6388383,4897137,-2777271,缩量,低,情绪退潮,吸筹,资金观望型,机构吸筹+盈利(关注),C,谨慎：资金流入未验证业绩,22.6
603344,星德胜,22.66,134.4,1.47,39.1,0.18,1099641,8720162,19465692,-9741703,3086871,12945123,放量,低,游资情绪,抢筹,均衡流入型,资金+业绩共振(双击候选),B,关注：资金+业绩共振,88.1
603351,威尔药业,25.61,-51.8,1.83,-39.0,-1.34,-1278879,-5211948,-6151975,1392674,713927,-3431097,缩量,低,情绪退潮,观望,资金撤退型,,D,回避：资金撤退,-0.4
603352,至信股份,24.91,-66.4,0.72,-17.5,-4.43,-4043573,-5733656,-13359594,-1452986,619260,328884,缩量,低,情绪退潮,观望,资金撤退型,,D,回避：资金撤退,-1.5
603350,安乃达,27.51,-57.4,0.41,22.9,1.21,866049,-986321,-4637131,227073,788209,-375408,缩量,低,情绪退潮,吸筹,资金观望型,资金+业绩共振(双击候选),B,关注：资金+业绩共振,64.4
603356,华菱精工,16.38,-74.7,0.97,-7.5,-3.66,-4630306,-15004507,-32501597,-2097617,-1122870,1163266,缩量,低,情绪退潮,观望,资金撤退型,,D,回避：资金撤退,-1.2
603360,百傲化学,12.47,-41.7,0.61,-26.2,-4.11,-25156307,-36507390,-30938444,-1419012,-1438638,-947260,缩量,低,情绪退潮,观望,资金观望型,,D,回避：资金观望,-1.4
603358,华达科技,44.85,-42.8,1.23,-23.3,1.5,23505836,52276789,288869903,-399608,-1551315,995612,缩量,低,情绪退潮,观望,长线吸筹型,,D,回避：资金观望,0.5
603357,设计总院,5.84,-32.2,0.71,-14.3,-6.95,-5860799,-4682560,-7596510,193448,176280,-2750297,缩量,低,情绪退潮,观望,资金观望型,,D,回避：资金观望,-2.3
603363,傲农生物,2.89,-24.7,0.57,91.3,-5.96,-37018523,49655463,41744595,-3471139,-5619630,2029653,缩量,低,情绪退潮,观望,资金观望型,,D,回避：资金观望,-2.0
603353,和顺石油,42.98,262.8,0.99,249.5,11.81,274130314,449223487,442924896,-28186029,-21887133,4487151,放量,高,主力主导放量🔥(最强),进场,短线抢筹型,纯资金炒作(亏损风险),C,谨慎：纯资金炒作,35.9
603355,莱克电气,30.95,77.7,0.8,30.4,4.68,25010381,58267169,75625565,2024433,-786545,-1821004,放量,低,游资情绪,进场,主力建仓型,资金+业绩共振(双击候选),B,关注：资金+业绩共振,81.6
603367,XD辰欣药,13.74,-83.4,2.14,-58.1,-6.48,-19970592,-33362884,-54939885,-1218532,-706960,123886,缩量,低,情绪退潮,观望,资金撤退型,,D,回避：资金撤退,-2.2
603368,柳药集团,15.26,-28.1,1.43,-26.2,-3.48,-10670496,-19124925,-67320070,412754,1896698,-1909962,缩量,低,情绪退潮,观望,资金撤退型,,D,回避：资金撤退,-1.2
603369,今世缘,27.78,-28.0,1.65,-21.2,-5.38,-59538126,-28097219,16556854,-37667894,-33454845,36759441,缩量,低,情绪退潮,观望,资金观望型,,D,回避：资金观望,-1.8
603370,华新精科,27.5,26.3,1.04,151.2,-2.35,-3631833,-29077054,-40437840,1669145,530906,-4883388,缩量,低,情绪退潮,观望,资金撤退型,,D,回避：资金撤退,-0.8
603365,水星家纺,16.13,-54.8,1.45,-45.9,0.47,463524,-169151,9387549,-727125,696141,-107216,缩量,低,情绪退潮,吸筹,长线吸筹型,资金+业绩共振(双击候选),B,关注：资金+业绩共振,64.2
603366,日出东方,6.81,15.5,0.93,22.7,5.14,109223411,102632678,237966046,-16164920,-9979298,13882784,缩量,中,主力惜售,进场,资金观望型,资金+业绩共振(双击候选),B,关注：资金+业绩共振,85.7
603375,盛景微,47.45,15.2,0.77,97.9,-3.38,-17103367,47882285,42048225,702108,382613,-1968916,缩量,低,情绪退潮,观望,资金观望型,,D,回避：资金观望,-1.1
603379,三美股份,51.68,-64.0,2.8,-27.4,-6.14,-117229172,-147390196,-288303672,-17323092,-12550040,32724955,缩量,低,情绪退潮,观望,资金撤退型,,D,回避：资金撤退,-2.0
603373,安邦护卫,41.55,-25.5,1.97,-19.7,-4.32,-12496133,-14564930,-696650,3177268,7687042,-8992306,缩量,低,情绪退潮,观望,资金观望型,,D,回避：资金观望,-1.4
603381,永臻股份,14.25,-56.5,0.36,-42.5,-2.45,-4349887,-14940317,-5303099,-3114074,-1448761,2230741,缩量,低,情绪退潮,观望,资金观望型,,D,回避：资金观望,-0.8
603380,易德龙,34.22,-67.1,2.26,20.5,-5.2,-25332122,-57088908,-74693524,-959681,-3297598,5690849,缩量,低,情绪退潮,观望,资金撤退型,,D,回避：资金撤退,-1.7
603376,大明电子,26.04,156.6,1.08,8.7,-0.29,-1638809,-46137870,30818842,-4588720,-2317837,9577115,放量,低,游资情绪,观望,长线吸筹型,,D,回避：资金观望,7.9
603383,顶点软件,26.88,-59.2,0.63,-15.0,-4.7,-14552594,-5402164,-1592527,9253023,5755138,-6170057,缩量,低,情绪退潮,观望,资金观望型,,D,回避：资金观望,-1.6
603385,惠达卫浴,5.47,-35.8,0.93,-19.8,1.23,1236984,-1468333,-6495360,-1271877,-836910,1909152,缩量,低,情绪退潮,观望,资金观望型,,D,回避：资金观望,0.4
603386,骏亚科技,18.83,211.3,3.38,406.4,4.57,150296996,136017573,105820500,-103861402,-78531186,95785580,放量,低,游资情绪,观望,资金观望型,,D,回避：资金观望,9.5
603387,基蛋生物,9.21,-63.5,0.62,-51.2,-5.28,-12053813,-22791337,-46852795,-427494,-266026,-252203,缩量,低,情绪退潮,观望,资金撤退型,,D,回避：资金撤退,-1.8
603382,海阳科技,18.39,-27.9,1.83,-65.8,-3.32,-5151396,-10515721,-59883894,2010911,968294,-96242,缩量,低,情绪退潮,吸筹,资金撤退型,机构吸筹+盈利(关注),C,谨慎：资金流入未验证业绩,22.9
603391,力聚热能,66.83,1.0,1.18,-6.9,-0.57,-3577534,17849055,115715496,-5878020,-7092417,1174659,缩量,低,情绪退潮,观望,高位分歧型,,D,回避：资金观望,-0.2
603390,通达电气,10.84,132.1,1.27,311.2,2.18,23697965,70822439,69493145,-178426,-1260510,10456517,放量,低,游资情绪,观望,趋势转多型,,D,回避：资金观望,8.7
603393,新天然气,25.57,-39.1,0.69,-15.7,1.58,16699049,7941854,28327542,-4065399,-3866720,431161,缩量,低,情绪退潮,观望,资金观望型,,D,回避：资金观望,0.5
603392,万泰生物,25.12,-13.9,1.18,-54.3,-1.98,-13733124,-18547139,170144747,2332131,-1170592,470777,缩量,低,情绪退潮,观望,长线吸筹型,,D,回避：资金观望,-0.7
603395,红四方,24.58,130.8,1.0,-33.9,-5.39,-71314491,50165565,81029815,-1567403,-1260485,3806543,放量,低,游资情绪,观望,资金观望型,,D,回避：资金观望,6.2
603399,永杉锂业,13.78,-69.9,1.48,-54.4,-0.18,-2941726,-189166896,-417502376,-21675589,-13492806,19924768,缩量,低,情绪退潮,观望,资金撤退型,,D,回避：资金撤退,-0.1
603400,华之杰,54.67,-100.0,1.28,6.7,3.03,28355680,98002319,200090350,0,0,0,缩量,低,情绪退潮,观望,主力建仓型,,D,回避：资金观望,1.0
603402,陕西旅游,57.78,-0.1,0.54,6.3,-9.68,-86563069,-123227736,-92639503,-6337533,-3512745,3639781,缩量,低,情绪退潮,观望,资金观望型,,D,回避：资金观望,-3.2
603406,XD天富龙,30.01,223.4,0.64,-29.2,1.12,5760289,-1665657,-8827766,-9839924,-2975835,12540929,放量,低,游资情绪,观望,资金观望型,,D,回避：资金观望,8.4
603389,亚振家居,47.53,-7.9,1.49,11.9,1.87,14152956,24217232,13242249,3151291,6312641,2475308,缩量,低,情绪退潮,进场,趋势转多型,纯资金炒作(亏损风险),C,谨慎：纯资金炒作,12.6
603409,汇通控股,17.28,-55.8,0.3,-34.5,-0.99,-1033236,-5144367,-15493404,-767351,-1290969,1338969,缩量,低,情绪退潮,观望,资金撤退型,,D,回避：资金撤退,-0.3
603396,金辰股份,26.65,5.4,0.56,-43.4,-4.85,-22798032,-79437931,68979176,3078449,6306196,-3155226,缩量,低,情绪退潮,吸筹,长线吸筹型,机构吸筹+盈利(关注),C,谨慎：资金流入未验证业绩,22.4
603418,友升股份,44.51,0.4,1.36,87.1,2.53,7349379,26406970,25545895,-7364182,-932491,6104470,缩量,低,情绪退潮,观望,趋势转多型,,D,回避：资金观望,0.8
603408,建霖家居,11.65,75.8,0.78,-51.2,0.85,1298033,-2033303,-6768913,720290,-555834,-8656311,放量,低,游资情绪,进场,资金观望型,资金+业绩共振(双击候选),B,关注：资金+业绩共振,80.3
603439,三力制药,14.1,407.4,6.67,105.4,1.28,31105077,37384740,-51909747,-33575155,-17752466,27061894,放量,低,游资情绪,观望,趋势转多型,,D,回避：资金观望,8.4
603444,吉比特,373.49,-61.0,1.03,14.4,-11.27,-224193146,-334675146,-315586298,9519759,-1771446,6034178,缩量,低,情绪退潮,观望,资金观望型,,D,回避：资金观望,-3.8
603416,信捷电气,46.42,-71.1,1.97,-34.0,2.54,7398297,-617778,17124980,2600296,1719906,-5511500,缩量,低,情绪退潮,进场,资金观望型,资金+业绩共振(双击候选),B,关注：资金+业绩共振,72.8
603459,红板科技,91.16,-40.1,0.98,-11.2,1.14,56385680,-105634548,-199864074,-1478021,26631969,29019674,缩量,低,情绪退潮,观望,资金观望型,,D,回避：资金观望,0.4
603456,九洲药业,15.13,-41.2,2.32,-47.6,-3.31,-37368316,-38221298,-63942825,-6487034,-8907701,45586950,缩量,低,情绪退潮,观望,资金撤退型,,D,回避：资金撤退,-1.1
603421,鼎信通讯,7.28,910.8,0.32,629.9,5.03,150910539,142379707,117358815,2559793,-2076889,12908340,放量,中,主力偏强放量,进场,资金观望型,纯资金炒作(亏损风险),C,谨慎：纯资金炒作,29.7
603477,巨星农牧,14.63,-44.3,0.84,9.6,-5.5,-41248131,-41515049,-114823640,-8434902,-5618864,-1455007,缩量,低,情绪退潮,观望,资金撤退型,,D,回避：资金撤退,-1.8
603466,风语筑,12.76,22.6,1.84,59.2,4.38,236686743,402842219,420642801,-16518504,-19264668,20794188,缩量,低,情绪退潮,观望,主力建仓型,,D,回避：资金观望,1.5
603486,科沃斯,49.58,-50.4,0.98,-46.3,-0.54,-5916267,-44435042,-191649842,-2224189,-7664564,50560,缩量,低,情绪退潮,观望,资金撤退型,,D,回避：资金撤退,-0.2
603458,勘设股份,11.2,-47.9,1.08,22.0,9.3,73805080,126100116,39826961,4455442,8198615,-9416551,缩量,中,主力惜售,进场,短线抢筹型,纯资金炒作(亏损风险),C,谨慎：纯资金炒作,27.1
603488,展鹏科技,8.0,-51.8,1.04,40.4,-6.05,-19451162,-14153868,-47906000,-1847965,-2143929,253976,缩量,低,情绪退潮,观望,资金观望型,,D,回避：资金观望,-2.0
603489,八方股份,28.28,-26.4,0.32,0.1,-0.54,-1721016,-1102781,11077664,-5340258,-1722319,3146498,缩量,低,情绪退潮,观望,资金观望型,,D,回避：资金观望,-0.2
603496,恒为科技,22.96,-63.1,0.65,-17.5,0.31,2578883,-47379497,-170157334,-10677830,-5397815,14450878,缩量,低,情绪退潮,观望,资金观望型,,D,回避：资金观望,0.1
603500,祥和实业,9.16,-70.4,2.94,-32.0,-6.1,-10896764,-24432451,-38097821,-3052745,-86257,3676299,缩量,低,情绪退潮,观望,资金撤退型,,D,回避：资金撤退,-2.0
603499,翔港科技,13.58,-33.8,0.6,33.5,-11.77,-37019421,-18620177,-15939479,-5727017,-3719985,6779176,缩量,低,情绪退潮,观望,资金观望型,,D,回避：资金观望,-3.9
603501,豪威集团,78.4,-78.9,2.1,-10.9,-3.22,-136054804,-550396803,-1761475116,26094142,30331208,18160662,缩量,低,情绪退潮,观望,资金撤退型,,D,回避：资金撤退,-1.1
603505,金石资源,14.88,-80.7,2.53,-21.3,-5.74,-37856298,-72288079,-83016950,-3947212,-6293575,8540877,缩量,低,情绪退潮,观望,资金撤退型,,D,回避：资金撤退,-1.9
603506,南都物业,10.93,-16.0,1.02,-61.1,-2.8,-4477528,-11891251,-1835989,-1086071,0,-90752,缩量,低,情绪退潮,观望,资金观望型,,D,回避：资金观望,-0.9
603516,淳中科技,85.95,-64.7,0.85,-24.7,-5.35,-90416803,-167494859,-334881999,-6164805,-3155600,14264848,缩量,低,情绪退潮,观望,资金撤退型,,D,回避：资金撤退,-1.8
603508,思维列控,20.97,-44.7,1.38,-22.9,-4.32,-10075714,-1512657,-15251292,1391022,345426,-4164723,缩量,低,情绪退潮,观望,资金观望型,,D,回避：资金观望,-1.4
603511,爱慕股份,11.9,-28.0,1.28,-21.7,-3.83,-2843520,-6475952,-10868990,-62701,0,4324082,缩量,低,情绪退潮,观望,资金撤退型,,D,回避：资金撤退,-1.3
603518,锦泓集团,7.58,7.1,1.37,-11.1,-3.37,-10169361,-11651146,-23814350,-13675516,-292165,8461704,缩量,低,情绪退潮,观望,资金撤退型,,D,回避：资金撤退,-1.1
603515,欧普照明,14.7,-33.9,0.48,-36.5,0.66,551738,-4400545,-3158645,-1470458,-999015,1733728,缩量,低,情绪退潮,观望,资金观望型,,D,回避：资金观望,0.2
603519,立霸股份,14.83,-67.3,2.5,-67.7,-1.22,-3426190,-41817554,2855187,-4822673,-2369393,5360104,缩量,低,情绪退潮,观望,长线吸筹型,,D,回避：资金观望,-0.4
603520,司太立,8.26,-74.3,1.03,-28.4,-2.34,-5785127,-19537877,-40090510,-7181800,-4308873,3607020,缩量,低,情绪退潮,观望,资金撤退型,,D,回避：资金撤退,-0.8
603527,众源新材,10.02,-43.6,0.59,22.7,-4.02,-15245664,-18388642,-59029813,-2838260,-1232424,-842448,缩量,低,情绪退潮,观望,资金撤退型,,D,回避：资金撤退,-1.3
603507,振江股份,23.55,92.5,0.33,0.3,-2.59,-24161536,-58960314,-61465875,25157649,20483359,-35802581,放量,低,游资情绪,抢筹,资金撤退型,机构吸筹+盈利(关注),C,谨慎：资金流入未验证业绩,47.1
603533,掌阅科技,23.39,-20.8,0.88,48.3,0.32,10444496,114585404,501058741,-9017711,-10853214,8158678,缩量,低,情绪退潮,观望,均衡流入型,,D,回避：资金观望,0.1
603535,嘉诚国际,6.09,-26.8,1.17,-22.3,-3.06,-3510084,-1833335,-3549728,133417,-616390,-1653945,缩量,低,情绪退潮,观望,资金观望型,,D,回避：资金观望,-1.0
603551,奥普科技,9.2,-17.3,0.8,-37.3,-1.06,-911771,-389440,-1542992,1159904,0,-4885117,缩量,低,情绪退潮,观望,资金观望型,,D,回避：资金观望,-0.4
603565,中谷物流,11.62,38.1,0.59,-51.0,-0.73,-9052662,4022767,-154125056,-12300598,-7978545,38641147,缩量,低,情绪退潮,观望,资金观望型,,D,回避：资金观望,-0.2
603538,美诺华,25.57,-72.0,0.66,-24.4,-9.47,-293208567,93074893,-158974796,-13594600,-11299497,29908584,缩量,低,情绪退潮,观望,资金观望型,,D,回避：资金观望,-3.2
603528,多伦科技,6.35,-7.3,1.6,14.4,8.3,24720173,25269811,10635500,692125,-483056,-3603363,缩量,中,主力惜售,进场,趋势转多型,纯资金炒作(亏损风险),C,谨慎：纯资金炒作,26.8
603559,中通国脉,9.04,-19.7,5.87,-13.7,-8.06,-53698464,-107387396,-72720516,-4459413,-2854228,2359877,缩量,低,情绪退潮,观望,资金观望型,,D,回避：资金观望,-2.7
603556,海兴电力,22.76,-67.6,0.82,-43.1,-9.49,-43123866,-43477918,-98575104,-4236480,923342,12653062,缩量,低,情绪退潮,观望,资金撤退型,,D,回避：资金撤退,-3.2
603566,普莱柯,10.09,-16.6,0.86,-4.3,1.3,1682621,3272554,-1060530,-839800,429501,220528,缩量,低,情绪退潮,观望,趋势转多型,,D,回避：资金观望,0.4
603529,爱玛科技,21.5,-34.2,0.47,-37.7,2.29,10319551,5695640,-49594537,4205852,3178018,-2809377,缩量,低,情绪退潮,吸筹,资金观望型,资金+业绩共振(双击候选),B,关注：资金+业绩共振,64.8
603530,神马电力,44.65,8.6,0.4,19.2,1.56,16401933,109471095,98129836,11444114,2084704,-3099956,缩量,低,情绪退潮,进场,趋势转多型,资金+业绩共振(双击候选),B,关注：资金+业绩共振,72.5
603536,惠发食品,9.5,4.6,1.25,118.2,-0.9,-2800745,8135131,2685793,2845104,2192352,-1065820,缩量,低,情绪退潮,吸筹,资金观望型,纯资金炒作(亏损风险),C,谨慎：纯资金炒作,3.7
603567,珍宝岛,5.26,-82.0,3.65,-60.6,-6.07,-26698196,-53085459,-26280985,-561191,1494451,4733577,缩量,低,情绪退潮,观望,资金观望型,,D,回避：资金观望,-2.0
603568,伟明环保,13.68,-49.2,0.52,-31.0,-2.67,-12137376,6342245,-22895377,-2058495,668987,1190059,缩量,低,情绪退潮,观望,资金观望型,,D,回避：资金观望,-0.9
603569,长久物流,5.67,-53.8,0.75,-28.1,-2.8,-2475760,1177053,4357790,456146,0,-2797931,缩量,低,情绪退潮,观望,资金观望型,,D,回避：资金观望,-0.9
603558,健盛集团,13.05,110.8,0.37,1.9,-3.58,-9745663,-15016528,-21619989,8976869,7016978,-19069998,放量,低,游资情绪,抢筹,资金撤退型,机构吸筹+盈利(关注),C,谨慎：资金流入未验证业绩,46.8
603577,汇金通,9.27,-63.1,0.86,-22.1,-8.67,-14149947,-20697331,-45309528,-328455,1095768,-1190286,缩量,低,情绪退潮,观望,资金撤退型,,D,回避：资金撤退,-2.9
603586,金麒麟,13.28,-55.5,0.24,-2.7,-6.2,-5227726,-7138887,-12712223,-424557,-217474,108349,缩量,低,情绪退潮,观望,资金撤退型,,D,回避：资金撤退,-2.1
603587,地素时尚,12.16,29.2,0.4,24.0,-3.19,-5654706,-24597082,-28235194,107721,283576,-1454062,缩量,低,情绪退潮,观望,资金撤退型,,D,回避：资金撤退,-1.1
603583,捷昌驱动,25.81,-32.0,0.98,16.1,-1.18,-5547691,21473146,6382635,-101313,-3360867,-6360195,缩量,低,情绪退潮,观望,资金观望型,,D,回避：资金观望,-0.4
603585,苏利股份,10.4,-32.5,0.13,-6.5,-2.72,-7568892,-8493772,7381083,-2731740,-58078,1392288,缩量,低,情绪退潮,观望,资金观望型,,D,回避：资金观望,-0.9
603598,引力传媒,16.79,-51.8,0.65,22.0,-7.54,-62164558,-1606413,45249107,-856293,1211907,3461788,缩量,低,情绪退潮,观望,资金观望型,,D,回避：资金观望,-2.5
603590,康辰药业,28.41,-82.7,1.13,-67.7,-8.2,-14608855,-11875326,-22099374,-1378966,0,-846038,缩量,低,情绪退潮,观望,资金观望型,,D,回避：资金观望,-2.7
603596,伯特利,27.94,-38.1,1.16,-10.0,-1.42,-27382729,-279548941,-230225989,-7463911,-11940835,-11938165,缩量,低,情绪退潮,观望,资金观望型,,D,回避：资金观望,-0.5
603578,三星新材,13.84,7.5,0.64,-1.3,3.95,13202352,8733022,26089912,4750812,3819344,-3727159,缩量,低,情绪退潮,吸筹,资金观望型,纯资金炒作(亏损风险),C,谨慎：纯资金炒作,5.3
603579,荣泰健康,17.25,-36.0,0.82,-19.3,-2.8,-4331991,2610217,8167458,6846084,4738299,-169827,缩量,低,情绪退潮,吸筹,资金观望型,机构吸筹+盈利(关注),C,谨慎：资金流入未验证业绩,23.1
603599,广信股份,10.43,-31.1,0.82,51.3,-5.92,-40233406,97663879,98591637,-4144198,2957411,1095770,缩量,低,情绪退潮,观望,资金观望型,,D,回避：资金观望,-2.0
603600,永艺股份,9.97,3.0,0.91,21.1,-8.05,-22876563,16162579,-16130903,-4766247,-4139105,1973875,缩量,低,情绪退潮,观望,资金观望型,,D,回避：资金观望,-2.7
603580,艾艾精工,63.66,27.0,7.67,-38.9,4.56,110287613,-7379804,-86968477,5541666,6175506,-6861198,缩量,低,情绪退潮,进场,资金观望型,资金+业绩共振(双击候选),B,关注：资金+业绩共振,73.5
603588,高能环境,16.08,-31.1,1.17,-24.7,-1.55,-51181162,3467761,385747386,104611157,100987737,-31236841,缩量,低,情绪退潮,吸筹,长线吸筹型,机构吸筹+盈利(关注),C,谨慎：资金流入未验证业绩,23.5
603589,口子窖,17.35,-48.1,1.43,54.6,-3.57,-22029204,-19515425,-16601636,579208,644950,-295917,缩量,低,情绪退潮,吸筹,资金观望型,机构吸筹+盈利(关注),C,谨慎：资金流入未验证业绩,22.8
603602,纵横通信,11.23,-27.2,1.05,-15.3,-3.71,-4926119,-6496358,-8004017,-318804,0,1693970,缩量,低,情绪退潮,观望,资金撤退型,,D,回避：资金撤退,-1.2
603606,东方电缆,36.06,-8.4,0.67,20.0,2.22,93161786,90747557,-302890003,-79777472,-63080697,92549500,缩量,低,情绪退潮,观望,资金观望型,,D,回避：资金观望,0.7
603605,珀莱雅,56.46,-19.7,1.35,-47.9,-2.81,-32825905,-74690159,-144872071,-9555385,-11483909,-12756077,缩量,低,情绪退潮,观望,资金撤退型,,D,回避：资金撤退,-0.9
603608,天创时尚,20.23,-69.5,1.92,4.3,2.38,26726785,178737711,192222680,-19629683,-12082644,11796829,缩量,低,情绪退潮,观望,主力建仓型,,D,回避：资金观望,0.8
603601,再升科技,10.29,13.5,0.26,180.6,7.77,767544891,784836302,569030031,-83696699,-53231321,88706608,缩量,中,主力惜售,进场,趋势转多型,资金+业绩共振(双击候选),B,关注：资金+业绩共振,86.6
603610,麒盛科技,13.54,-66.7,2.26,-30.4,-6.19,-17738032,-24598165,-77823302,-1978327,-2646768,3203705,缩量,低,情绪退潮,观望,资金撤退型,,D,回避：资金撤退,-2.1
603609,禾丰股份,6.33,54.6,0.95,125.3,-8.88,-14938191,-37371451,-38584293,-2249514,-2407621,-1747041,放量,低,游资情绪,观望,资金撤退型,,D,回避：资金撤退,5.0
603611,诺力股份,15.76,-45.8,0.98,-50.1,-6.47,-8276142,-13840198,-24419934,-905715,-1551709,-964405,缩量,低,情绪退潮,观望,资金撤退型,,D,回避：资金撤退,-2.2
603612,索通发展,16.82,-37.4,0.48,11.3,-0.15,-1385641,-19801510,36756037,-3314024,-7777501,8830830,缩量,低,情绪退潮,观望,资金观望型,,D,回避：资金观望,-0.0
603613,国联股份,19.48,-34.7,0.62,79.2,1.18,9566657,113602908,116837626,-2300212,-2839124,914420,缩量,低,情绪退潮,观望,均衡流入型,,D,回避：资金观望,0.4
603616,韩建河山,5.56,-66.3,1.92,34.4,-4.23,-12794354,-4148911,-8081858,994442,1167775,747924,缩量,低,情绪退潮,观望,资金观望型,,D,回避：资金观望,-1.4
603617,君禾股份,6.69,-50.2,1.84,-16.7,-0.99,-1622795,-3158167,-10802019,-653528,0,-1826674,缩量,低,情绪退潮,观望,资金撤退型,,D,回避：资金撤退,-0.3
603618,杭电股份,40.27,59.8,1.0,53.2,-3.89,-801913951,468378220,861292897,-217910268,-179956810,225710800,放量,低,游资情绪,观望,资金观望型,,D,回避：资金观望,6.7
603607,京华激光,24.41,94.4,1.38,48.8,-1.01,-7897198,-11955177,2393537,43162777,63356173,-8407822,放量,低,游资情绪,抢筹,资金观望型,机构吸筹+盈利(关注),C,谨慎：资金流入未验证业绩,47.7
603628,清源股份,10.19,116.2,0.31,119.3,0.38,1461979,53320173,52529882,-4367951,-1385358,2048606,放量,低,游资情绪,观望,趋势转多型,,D,回避：资金观望,8.1
603615,茶花股份,19.63,70.3,0.8,-15.9,4.35,19451771,16566602,58994770,10400137,9873889,-13831934,放量,低,游资情绪,抢筹,资金观望型,资金+业绩共振(双击候选),B,关注：资金+业绩共振,89.5
603629,利通电子,109.58,-30.5,0.85,-36.5,-0.45,-53734082,-356088905,-2082263697,-30556768,4793218,74387959,缩量,低,情绪退潮,观望,资金撤退型,,D,回避：资金撤退,-0.1
603619,中曼石油,22.13,-4.0,1.03,9.0,1.09,57232832,121217686,-27415822,28247249,18026427,-12998396,缩量,低,情绪退潮,吸筹,趋势转多型,资金+业绩共振(双击候选),B,关注：资金+业绩共振,64.4
603630,拉芳家化,13.2,-73.7,3.38,-17.9,-1.54,-4261356,-15519783,-33683192,534660,-146809,-2483510,缩量,低,情绪退潮,观望,资金撤退型,,D,回避：资金撤退,-0.5
603633,徕木股份,6.45,-41.4,0.35,6.0,-3.86,-8288480,-6694072,-31549304,-5158372,-2015438,9874308,缩量,低,情绪退潮,观望,资金观望型,,D,回避：资金观望,-1.3
603637,镇海股份,14.22,5.9,0.43,-40.8,0.43,2984264,-15521579,39323483,-3548380,-6605947,-2305878,缩量,低,情绪退潮,观望,长线吸筹型,,D,回避：资金观望,0.1
603638,艾迪精密,18.1,-69.9,1.54,0.3,0.68,4638913,-17745011,-37546653,-649055,-4383331,-2101002,缩量,低,情绪退潮,观望,资金观望型,,D,回避：资金观望,0.2
603636,南威软件,6.67,-62.6,1.83,-10.4,-0.07,-211939,-15749399,-42201966,432945,-2317272,-283330,缩量,低,情绪退潮,观望,资金撤退型,,D,回避：资金撤退,-0.0
603626,科森科技,19.35,57.4,0.56,-20.8,-0.73,-27998721,354533054,750922829,72457745,62337470,-66412977,放量,低,游资情绪,抢筹,高位分歧型,纯资金炒作(亏损风险),C,谨慎：纯资金炒作,27.8
603639,海利尔,10.26,-25.4,0.47,-1.2,4.28,4305504,-350405,1344858,-620609,-961929,-1013476,缩量,低,情绪退潮,观望,资金观望型,,D,回避：资金观望,1.4
603648,畅联股份,9.42,-30.1,1.74,-13.4,-7.94,-7673450,7864,1110738,4263559,1391391,-2665712,缩量,低,情绪退潮,观望,资金观望型,,D,回避：资金观望,-2.6
603656,泰禾智能,17.31,-33.8,0.64,-4.8,4.67,5440064,5682165,4225287,-1104113,-519064,3665539,缩量,低,情绪退潮,观望,趋势转多型,,D,回避：资金观望,1.6
603657,春光科技,34.28,180.0,2.57,57.7,2.66,32335129,29412940,-8989434,3518267,4122417,-4941069,放量,低,游资情绪,进场,资金观望型,纯资金炒作(亏损风险),C,谨慎：纯资金炒作,20.9
603659,璞泰来,22.4,-38.6,0.39,-28.5,-5.38,-138114351,-208625522,-420517594,-35037438,-8061828,19285398,缩量,低,情绪退潮,观望,资金撤退型,,D,回避：资金撤退,-1.8
603660,苏州科达,9.36,-36.0,1.11,-26.3,-4.95,-36590816,-133066635,-322062361,3093241,1869409,-13791858,缩量,低,情绪退潮,观望,资金撤退型,,D,回避：资金撤退,-1.7
603650,彤程新材,69.31,-17.1,2.79,52.0,9.59,833860478,764908466,609476438,-33633257,-54865972,42606089,缩量,中,主力惜售,进场,资金观望型,资金+业绩共振(双击候选),B,关注：资金+业绩共振,87.2
603655,朗博科技,28.8,-50.8,0.46,-16.0,-0.09,-131147,4215904,-17465767,2844931,2728715,-1799797,缩量,低,情绪退潮,吸筹,资金观望型,机构吸筹+盈利(关注),C,谨慎：资金流入未验证业绩,24.0
603661,恒林股份,31.18,-50.1,7.12,108.2,-0.62,-4813378,9066998,5934363,-162545,1599237,-2583644,缩量,低,情绪退潮,观望,资金观望型,,D,回避：资金观望,-0.2
603662,柯力传感,47.85,-84.5,4.27,-31.9,-8.3,-53020519,-81604225,-172518278,3852858,6691306,3842117,缩量,低,情绪退潮,观望,资金撤退型,,D,回避：资金撤退,-2.8
603665,康隆达,21.02,-31.1,0.63,20.1,-5.29,-14231479,11947583,-4458169,-334542,1029609,5413711,缩量,低,情绪退潮,观望,资金观望型,,D,回避：资金观望,-1.8
603658,安图生物,31.91,-37.4,1.5,-55.8,0.28,811449,-6816696,-23095520,7236860,8860712,2118240,缩量,低,情绪退潮,进场,资金观望型,资金+业绩共振(双击候选),B,关注：资金+业绩共振,72.1
603668,天马科技,12.33,-28.9,0.67,183.7,-8.99,-61395753,-3793208,-69617633,-274563,-2273009,2162824,缩量,低,情绪退潮,观望,资金观望型,,D,回避：资金观望,-3.0
603667,五洲新春,48.73,-73.7,0.9,-8.6,-3.1,-84728243,-47713903,-208733359,-12572529,-8912163,14555555,缩量,低,情绪退潮,观望,资金观望型,,D,回避：资金观望,-1.0
603676,卫信康,8.71,-66.5,1.16,-47.5,-0.2,-110317,-61300,4425099,0,0,-80356,缩量,低,情绪退潮,观望,长线吸筹型,,D,回避：资金观望,-0.1
603677,奇精机械,13.23,-48.3,1.89,57.9,-0.8,-1293631,-6891647,-10654845,-226496,0,1431399,缩量,低,情绪退潮,观望,资金撤退型,,D,回避：资金撤退,-0.3
603663,三祥新材,44.85,-6.0,2.4,7.2,7.6,465013178,201864556,119428465,65933196,29923970,-61326398,缩量,中,主力惜售,进场,资金观望型,资金+业绩共振(双击候选),B,关注：资金+业绩共振,86.5
603666,亿嘉和,25.59,-75.0,1.89,-43.2,1.69,6232829,-3925047,46028443,-1709519,1186322,-686565,缩量,低,情绪退潮,吸筹,长线吸筹型,纯资金炒作(亏损风险),C,谨慎：纯资金炒作,4.6
603681,永冠新材,18.88,-43.3,2.28,26.4,-3.98,-22860803,-3617014,-34272525,2079495,1334762,3694038,缩量,低,情绪退潮,观望,资金观望型,,D,回避：资金观望,-1.3
603669,灵康药业,5.48,-53.5,3.35,-27.8,2.01,9981740,31789660,-83953153,7513372,2678742,-13174509,缩量,低,情绪退潮,进场,趋势转多型,纯资金炒作(亏损风险),C,谨慎：纯资金炒作,12.7
603683,晶华新材,16.21,-20.7,1.14,-16.2,2.12,38436196,-11468822,67531216,-2778313,-2766456,15157959,缩量,低,情绪退潮,观望,资金观望型,,D,回避：资金观望,0.7
603682,锦和商管,9.82,-49.8,1.47,-45.6,-7.89,-32343985,-76217975,-92433163,-2776499,1231741,1732611,缩量,低,情绪退潮,观望,资金撤退型,,D,回避：资金撤退,-2.6
603685,晨丰科技,27.6,-33.3,0.54,4.1,2.76,7594680,32724035,42287435,-5574472,-6618925,5137220,缩量,低,情绪退潮,观望,主力建仓型,,D,回避：资金观望,0.9
603687,大胜达,15.42,-63.1,0.28,-25.6,-2.89,-37006968,-156327209,36166234,-21004060,-15164090,18054298,缩量,低,情绪退潮,观望,长线吸筹型,,D,回避：资金观望,-1.0
603678,火炬电子,51.02,-24.8,5.16,44.6,3.19,250917833,308902693,-276303739,56874829,65677111,-45887,缩量,低,情绪退潮,吸筹,趋势转多型,资金+业绩共振(双击候选),B,关注：资金+业绩共振,65.1
603679,华体科技,23.55,9.4,2.58,41.8,5.12,67125055,100421603,173156481,-7546125,-4789530,1636847,缩量,中,主力惜售,进场,主力建仓型,纯资金炒作(亏损风险),C,谨慎：纯资金炒作,25.7
603689,皖天然气,7.66,-11.6,0.96,10.3,-8.06,-14194617,-27098552,-11035312,1322525,-1545694,-3795707,缩量,低,情绪退潮,观望,长线吸筹型,,D,回避：资金观望,-2.7
603680,今创集团,9.83,-62.8,1.19,-29.2,-1.8,-2407596,-9168589,-8517395,1641002,936785,-813302,缩量,低,情绪退潮,吸筹,资金观望型,机构吸筹+盈利(关注),C,谨慎：资金流入未验证业绩,23.4
603690,至纯科技,24.24,-69.6,5.24,-25.0,-0.07,-1202975,49584896,-223928413,9629950,4829805,-31309184,缩量,低,情绪退潮,观望,资金观望型,,D,回避：资金观望,-0.0
603686,福龙马,14.35,386.9,0.82,287.0,3.27,85190950,147492501,130418273,50589571,34802715,-67278952,放量,低,游资情绪,抢筹,趋势转多型,资金+业绩共振(双击候选),B,关注：资金+业绩共振,89.1
603696,安记食品,13.69,101.6,1.28,84.0,-5.69,-84716638,68592533,51731087,-1922665,-594309,13227773,放量,低,游资情绪,观望,资金观望型,,D,回避：资金观望,6.1
603698,航天工程,21.69,-82.3,0.36,-28.8,0.32,2870465,-16940245,-76061665,-16893923,-8238567,21926787,缩量,低,情绪退潮,观望,资金观望型,,D,回避：资金观望,0.1
603688,石英股份,49.29,-42.5,1.02,1.7,2.26,70669515,-7858144,-26444447,35442656,6945337,-69713888,缩量,低,情绪退潮,进场,资金观望型,资金+业绩共振(双击候选),B,关注：资金+业绩共振,72.8
603697,有友食品,9.27,-57.5,0.99,20.4,-5.66,-10613658,-14132647,-26631923,1194775,1238916,-3723261,缩量,低,情绪退潮,观望,资金撤退型,,D,回避：资金撤退,-1.9
603700,宁水集团,11.02,-32.1,0.77,-28.0,-0.08,-205075,218584,-71046264,-1302335,-1254024,712068,缩量,低,情绪退潮,观望,资金观望型,,D,回避：资金观望,-0.0
603701,德宏股份,19.57,-51.0,0.64,39.0,0.54,1594486,23721001,42137054,-930663,-149100,-682998,缩量,低,情绪退潮,观望,均衡流入型,,D,回避：资金观望,0.2
603703,盛洋科技,10.35,69.3,0.72,-7.1,-11.13,-65671327,-109261105,-143251481,14903232,13826383,-14208972,放量,低,游资情绪,观望,资金撤退型,,D,回避：资金撤退,4.3
603693,江苏新能,12.74,178.3,0.26,322.4,6.67,120259469,118920552,95854244,-9638717,-7754334,5208259,放量,中,主力偏强放量,进场,资金观望型,资金+业绩共振(双击候选),B,关注：资金+业绩共振,90.2
603699,纽威股份,43.62,-65.5,0.67,-45.8,-4.04,-30135230,-52742671,-43886840,318238,-1962827,-11936478,缩量,低,情绪退潮,观望,资金观望型,,D,回避：资金观望,-1.3
603706,东方环宇,16.98,-61.1,0.97,-41.5,-1.64,-1570936,-6388175,-4485222,-893972,0,726109,缩量,低,情绪退潮,观望,资金观望型,,D,回避：资金观望,-0.5
603711,香飘飘,11.1,-62.8,3.86,-40.8,-0.16,-286544,-21736192,14143786,798588,0,-2350636,缩量,低,情绪退潮,观望,长线吸筹型,,D,回避：资金观望,-0.1
603709,中源家居,12.25,-13.8,0.62,-41.6,-1.09,-1657783,-7800721,-33604301,411164,710500,263216,缩量,低,情绪退潮,观望,资金撤退型,,D,回避：资金撤退,-0.4
603707,健友股份,7.37,-66.6,1.36,-69.8,-7.54,-14216149,-13994146,99619755,-4049882,-4287351,4258927,缩量,低,情绪退潮,观望,长线吸筹型,,D,回避：资金观望,-2.5
603708,家家悦,8.86,23.2,0.45,5.6,-1.73,-5815432,-20864779,-6363159,1399950,-538734,-6691972,缩量,低,情绪退潮,观望,资金观望型,,D,回避：资金观望,-0.6
603712,七一二,11.49,-41.8,1.1,3.8,2.28,16163104,21381995,-26202702,-772383,1859816,2976433,缩量,低,情绪退潮,观望,趋势转多型,,D,回避：资金观望,0.8
603716,塞力医疗,16.01,-73.4,1.11,-45.9,-5.73,-34137225,-9808274,216887766,550195,1565618,6677682,缩量,低,情绪退潮,观望,高位分歧型,,D,回避：资金观望,-1.9
603717,天域生物,5.85,-55.6,2.5,26.6,-3.1,-9706979,-17428254,-34203490,-1231009,-1121592,4693110,缩量,低,情绪退潮,观望,资金撤退型,,D,回避：资金撤退,-1.0
603721,中广天择,18.38,51.1,1.49,118.0,-2.78,-19093569,-120952203,-95643368,6916722,-583436,-11516553,放量,低,游资情绪,观望,资金观望型,,D,回避：资金观望,7.1
603719,良品铺子,8.91,-59.9,1.51,4.6,-3.56,-6269366,-3594844,-11386021,794603,1492967,287405,缩量,低,情绪退潮,观望,资金观望型,,D,回避：资金观望,-1.2
603722,阿科力,28.87,-71.4,4.28,-15.0,-6.41,-8724695,-1250337,-11720946,67173,-2867951,-936036,缩量,低,情绪退潮,观望,资金观望型,,D,回避：资金观望,-2.1
603726,朗迪集团,24.25,-77.9,5.98,-16.4,-0.07,-222688,-1900319,-24283453,4034287,5055128,3637865,缩量,低,情绪退潮,观望,资金撤退型,,D,回避：资金撤退,-0.0
603728,鸣志电器,47.51,-69.6,2.14,11.1,-3.01,-27788639,74689734,113178848,-1263219,883040,3967508,缩量,低,情绪退潮,观望,资金观望型,,D,回避：资金观望,-1.0
603730,岱美股份,9.5,-59.9,1.38,-15.0,-9.48,-78380638,-3337528,12268773,-2719456,-927427,655809,缩量,低,情绪退潮,观望,资金观望型,,D,回避：资金观望,-3.2
603713,密尔克卫,65.8,-62.2,6.13,31.5,3.14,19682261,41211332,11347725,8877874,6520078,-8525748,缩量,低,情绪退潮,进场,趋势转多型,资金+业绩共振(双击候选),B,关注：资金+业绩共振,73.0
603737,三棵树,20.33,-55.1,0.79,-42.7,-2.17,-15151908,-8651980,-89599562,-3953636,-3483715,1018654,缩量,低,情绪退潮,观望,资金观望型,,D,回避：资金观望,-0.7
603733,仙鹤股份,18.9,-79.2,4.95,-31.6,-1.44,-8203628,3835641,75006458,-965756,-769872,-838970,缩量,低,情绪退潮,观望,高位分歧型,,D,回避：资金观望,-0.5
603739,蔚蓝生物,12.13,-6.2,0.83,-25.9,-0.57,-1218037,-899072,-30122201,2001276,1323177,1073485,缩量,低,情绪退潮,观望,资金观望型,,D,回避：资金观望,-0.2
603725,天安新材,10.36,-77.7,3.75,-55.6,-2.02,-6501959,-10708653,-84130742,6581360,4355054,-3099979,缩量,低,情绪退潮,吸筹,资金撤退型,机构吸筹+盈利(关注),C,谨慎：资金流入未验证业绩,23.3
603755,日辰股份,24.22,-0.9,0.81,22.6,1.25,2549793,-2247226,-7331252,-1571243,0,200469,缩量,低,情绪退潮,观望,资金观望型,,D,回避：资金观望,0.4
603727,博迈科,17.34,-57.8,0.67,-9.6,0.48,962008,3811523,-6240807,2616069,2183275,-3070153,缩量,低,情绪退潮,进场,趋势转多型,资金+业绩共振(双击候选),B,关注：资金+业绩共振,72.2
603758,秦安股份,10.55,152.8,0.75,-72.0,-7.55,-29253236,-85743907,79592340,5373598,2513097,-8517656,放量,低,游资情绪,观望,长线吸筹型,,D,回避：资金观望,5.5
603757,大元泵业,64.22,-67.9,1.11,-13.4,-8.53,-184408546,-14673690,447580232,-9843660,-3480133,-2344733,缩量,低,情绪退潮,观望,高位分歧型,,D,回避：资金观望,-2.8
603759,海天股份,7.28,-65.9,1.15,-50.0,-6.21,-7556194,-12672867,-10888023,-342345,0,764328,缩量,低,情绪退潮,观望,资金观望型,,D,回避：资金观望,-2.1
603738,泰晶科技,37.3,-34.0,0.75,-41.7,1.62,69076901,-177490947,-489756030,90521321,52115435,-142666117,缩量,低,情绪退潮,进场,资金观望型,资金+业绩共振(双击候选),B,关注：资金+业绩共振,72.5
603766,隆鑫通用,14.7,-15.8,0.63,-21.3,-4.35,-52414693,-41527918,-163668610,15476557,8662836,-17029795,缩量,低,情绪退潮,观望,资金观望型,,D,回避：资金观望,-1.4
603768,常青股份,11.23,-41.6,1.58,-8.1,-1.69,-2501749,-2738568,2036300,28001,0,-108181,缩量,低,情绪退潮,观望,资金观望型,,D,回避：资金观望,-0.6
603767,中马传动,13.18,-68.4,1.26,-16.4,-3.12,-4692239,-6181422,-33532618,24625,-535739,-504473,缩量,低,情绪退潮,观望,资金撤退型,,D,回避：资金撤退,-1.0
603777,来伊份,13.65,-1.2,0.36,62.6,2.83,17538068,-1024436,-40409381,-3409609,-7747312,2335963,缩量,低,情绪退潮,观望,资金观望型,,D,回避：资金观望,0.9
603778,国晟科技,9.27,-49.7,0.26,70.1,-2.41,-55591392,227886992,277468469,-6760783,2628264,20244605,缩量,低,情绪退潮,观望,资金观望型,,D,回避：资金观望,-0.8
603779,威龙股份,8.01,-69.3,6.78,45.6,-10.12,-64562266,-43826942,-51699512,848481,1104686,3121764,缩量,低,情绪退潮,观望,资金观望型,,D,回避：资金观望,-3.4
603786,科博达,36.52,-44.7,0.52,-25.1,-2.95,-10764343,-15164152,-35213169,-1888595,672797,5932066,缩量,低,情绪退潮,观望,资金撤退型,,D,回避：资金撤退,-1.0
603788,宁波高发,13.4,-61.4,0.12,-27.6,-0.57,-335026,-2233540,-5229946,440042,0,-1313824,缩量,低,情绪退潮,观望,资金撤退型,,D,回避：资金撤退,-0.2
603787,新日股份,9.92,-54.5,0.37,-22.4,-2.64,-2998004,-5820868,-20642400,-658807,0,415029,缩量,低,情绪退潮,观望,资金撤退型,,D,回避：资金撤退,-0.9
603790,雅运股份,24.02,-43.4,1.69,-27.0,-1.15,-3671397,-2119265,-29503931,-146733,-260470,2670304,缩量,低,情绪退潮,观望,资金观望型,,D,回避：资金观望,-0.4
603773,沃格光电,92.6,-20.2,1.44,0.5,3.97,353069764,479611900,-30262095,104504743,74138984,-125568694,缩量,低,情绪退潮,进场,趋势转多型,纯资金炒作(亏损风险),C,谨慎：纯资金炒作,13.3
603776,永安行,19.65,-33.0,0.47,-18.7,5.03,8407732,5735717,-4955178,5669673,5777790,-1794674,缩量,中,主力惜售,吸筹,资金观望型,纯资金炒作(亏损风险),C,谨慎：纯资金炒作,17.7
603798,康普顿,12.74,-55.3,0.52,50.3,-7.81,-20501032,-3188031,-10900151,1381776,-239645,-3537644,缩量,低,情绪退潮,观望,资金观望型,,D,回避：资金观望,-2.6
603797,联泰环保,4.64,18.8,1.04,-9.9,-0.62,-1232493,-2961455,-23231291,216952,0,-1874553,缩量,低,情绪退潮,观望,资金撤退型,,D,回避：资金撤退,-0.2
603799,华友钴业,35.37,-46.8,0.5,-26.7,-9.43,-647950759,-858200861,-1765685606,-93575454,-66054700,93499809,缩量,低,情绪退潮,观望,资金撤退型,,D,回避：资金撤退,-3.1
603800,洪田股份,59.52,-55.3,2.01,-13.5,-0.58,-8326688,-102110595,-147272711,10037252,6042547,2129286,缩量,低,情绪退潮,观望,资金撤退型,,D,回避：资金撤退,-0.2
603801,志邦家居,5.77,0.1,1.92,-69.6,-3.77,-10116347,-20273138,10757798,1702309,1039305,1410657,缩量,低,情绪退潮,观望,长线吸筹型,,D,回避：资金观望,-1.3
603806,福斯特,14.32,-59.2,0.74,-39.4,-3.71,-37955452,-89046955,-155163309,-7554992,-7593635,21962321,缩量,低,情绪退潮,观望,资金撤退型,,D,回避：资金撤退,-1.2
603809,豪能股份,8.39,-59.4,1.03,-0.0,-2.71,-6138216,-11815661,-29404123,-860364,-482483,-1691723,缩量,低,情绪退潮,观望,资金撤退型,,D,回避：资金撤退,-0.9
603810,丰山集团,11.71,-7.8,0.75,17.5,-0.3,-387902,-4109336,-11305035,-1028117,-580000,2918692,缩量,低,情绪退潮,观望,资金撤退型,,D,回避：资金撤退,-0.1
603811,诚意药业,6.69,-50.8,0.6,-24.4,-8.52,-14474970,-16028789,-25463416,-2669141,-942880,4012729,缩量,低,情绪退潮,观望,资金撤退型,,D,回避：资金撤退,-2.8
603803,瑞斯康达,11.63,5.9,0.23,-29.5,4.12,49360349,12491968,125732353,15881271,16265440,343565,缩量,低,情绪退潮,进场,资金观望型,纯资金炒作(亏损风险),C,谨慎：纯资金炒作,13.4
603818,曲美家居,3.7,29.1,2.48,-13.2,-3.09,-14708204,-66277421,-43695799,-7748127,-4618031,1335570,缩量,低,情绪退潮,观望,资金观望型,,D,回避：资金观望,-1.0
603813,原尚股份,26.4,-8.8,0.78,-8.0,-0.06,-79067,-4269474,-16441180,-1543345,-474091,3060163,缩量,低,情绪退潮,观望,资金撤退型,,D,回避：资金撤退,-0.0
603817,海峡环保,5.83,44.9,0.74,33.1,-0.28,-755673,-1989906,-20009508,1386205,2247559,-3513824,缩量,低,情绪退潮,观望,资金撤退型,,D,回避：资金撤退,-0.1
603808,歌力思,8.36,-53.0,0.28,-22.8,1.02,1169848,1978605,-5993061,471585,0,1512649,缩量,低,情绪退潮,进场,趋势转多型,资金+业绩共振(双击候选),B,关注：资金+业绩共振,72.3
603823,百合花,55.41,-35.6,12.98,-29.4,-1.21,-58423669,-356872092,-787265820,30631080,15787013,-62127631,缩量,低,情绪退潮,观望,资金撤退型,,D,回避：资金撤退,-0.4
603819,神力股份,15.65,4.5,0.9,40.1,-2.93,-13157972,-30599504,-19164516,-1536511,-5282413,-7578384,缩量,低,情绪退潮,观望,资金观望型,,D,回避：资金观望,-1.0
603833,欧派家居,28.82,-47.1,1.08,-32.0,-4.08,-14362776,-24252147,-14930733,-4991562,-2452916,6424643,缩量,低,情绪退潮,观望,资金观望型,,D,回避：资金观望,-1.4
603826,坤彩科技,16.71,12.8,0.3,91.8,1.09,11610872,97938965,1771819,-13626197,-12490869,20112563,缩量,低,情绪退潮,观望,趋势转多型,,D,回避：资金观望,0.4
603836,海程邦达,9.26,-28.7,1.03,-18.6,-1.93,-2429848,-13122077,-14916916,852544,355714,-1885434,缩量,低,情绪退潮,观望,资金撤退型,,D,回避：资金撤退,-0.6
603815,交建股份,5.24,-75.0,0.26,-15.9,3.31,5148042,-280227,-1485431,1216952,-1160250,-1624194,缩量,低,情绪退潮,进场,资金观望型,纯资金炒作(亏损风险),C,谨慎：纯资金炒作,13.1
603848,好太太,13.0,12.5,1.68,-47.6,0.77,1480928,-10421882,14435235,-6801680,-5433998,6435000,缩量,低,情绪退潮,观望,长线吸筹型,,D,回避：资金观望,0.3
603816,顾家家居,22.49,-38.1,1.18,-27.8,3.15,18724005,-6108467,61997545,10578657,3351416,-5115295,缩量,低,情绪退潮,进场,资金观望型,资金+业绩共振(双击候选),B,关注：资金+业绩共振,73.0
603858,步长制药,14.71,-59.2,1.53,-50.3,-1.87,-4374116,-13467881,-38514247,5472025,1800176,-2234483,缩量,低,情绪退潮,观望,资金撤退型,,D,回避：资金撤退,-0.6
603855,华荣股份,16.56,-46.8,1.31,-5.7,-1.59,-1818900,12075676,3590131,198137,-829500,-1094373,缩量,低,情绪退潮,观望,资金观望型,,D,回避：资金观望,-0.5
603856,东宏股份,11.38,-67.1,0.92,-32.9,-2.48,-3045506,-8149721,1556215,-421478,-1212453,-2687830,缩量,低,情绪退潮,观望,长线吸筹型,,D,回避：资金观望,-0.8
603859,能科科技,38.77,-72.4,2.29,7.7,-1.64,-13908841,1006432,27463780,9978087,5688531,-6948905,缩量,低,情绪退潮,观望,资金观望型,,D,回避：资金观望,-0.5
603861,白云电器,11.11,-82.3,0.68,-22.0,-7.59,-19525481,-22952148,-79782174,386020,-5258,3324438,缩量,低,情绪退潮,观望,资金撤退型,,D,回避：资金撤退,-2.5
603829,洛凯股份,15.5,-32.6,0.2,-23.0,3.7,7395512,12673293,17652987,3973268,2822533,4047112,缩量,低,情绪退潮,进场,主力建仓型,资金+业绩共振(双击候选),B,关注：资金+业绩共振,73.2
603860,中公高科,24.99,4.5,1.05,18.1,0.54,890160,-2690284,-8965584,-431762,137258,3032810,缩量,低,情绪退潮,观望,资金观望型,,D,回避：资金观望,0.2
603839,安正时尚,6.49,-38.2,1.58,-52.5,0.48,608396,-7848965,-46678639,997517,0,-2988589,缩量,低,情绪退潮,进场,资金观望型,纯资金炒作(亏损风险),C,谨慎：纯资金炒作,12.2
603866,桃李面包,4.16,0.0,1.6,-4.6,-3.26,-7854054,3548734,2797168,-2531474,1200014,-3499480,缩量,低,情绪退潮,观望,资金观望型,,D,回避：资金观望,-1.1
603868,飞科电器,30.94,-16.2,0.76,22.2,-0.7,-1288264,5495903,-7777106,827631,0,-2177634,缩量,低,情绪退潮,观望,资金观望型,,D,回避：资金观望,-0.2
603871,嘉友国际,12.57,17.5,0.86,-21.9,-7.47,-50350215,-80011333,-57977581,11718585,9127761,-24818748,缩量,低,情绪退潮,观望,资金观望型,,D,回避：资金观望,-2.5
603876,鼎胜新材,18.66,-15.4,0.54,-43.4,-3.69,-52661598,-284914565,-278362960,-15911441,-3115175,88808874,缩量,低,情绪退潮,观望,资金观望型,,D,回避：资金观望,-1.2
603863,松炀资源,11.79,-42.0,0.5,-34.7,-5.72,-10938860,-21959519,-39951956,2779377,4469030,-2327986,缩量,低,情绪退潮,吸筹,资金撤退型,纯资金炒作(亏损风险),C,谨慎：纯资金炒作,2.1
603878,武进不锈,4.91,-40.3,0.41,3.2,-1.73,-4387849,-136722,-16432161,1684935,0,-2796747,缩量,低,情绪退潮,观望,资金观望型,,D,回避：资金观望,-0.6
603877,太平鸟,11.7,-24.4,0.56,-3.1,0.21,205031,-1582193,3598491,-502520,125928,1618855,缩量,低,情绪退潮,观望,资金观望型,,D,回避：资金观望,0.1
603867,新化股份,30.16,-41.4,1.38,-6.1,-5.23,-34651443,29493130,84817363,13152158,13887447,-484235,缩量,低,情绪退潮,吸筹,高位分歧型,机构吸筹+盈利(关注),C,谨慎：资金流入未验证业绩,22.3
603880,南卫股份,9.96,-11.0,2.22,-37.1,1.07,3808971,14545531,2255441,-4063342,253081,6442569,缩量,低,情绪退潮,观望,趋势转多型,,D,回避：资金观望,0.4
603879,永悦科技,4.96,-42.3,0.96,-28.2,-0.79,-1437177,-95507,-28217283,-6545184,-1944122,5056850,缩量,低,情绪退潮,观望,资金观望型,,D,回避：资金观望,-0.3
603881,数据港,23.69,-67.0,0.45,-62.3,-6.34,-126265948,-222605504,-809904201,1864967,2266286,9812943,缩量,低,情绪退潮,观望,资金撤退型,,D,回避：资金撤退,-2.1
603883,老百姓,12.69,-39.2,0.94,-15.9,-7.83,-57096210,-47736972,-71744162,-4005182,0,3342663,缩量,低,情绪退潮,观望,资金观望型,,D,回避：资金观望,-2.6
603885,吉祥航空,9.92,-62.2,1.44,-2.4,-0.6,-3491087,15485304,79175375,4138056,-582700,144919,缩量,低,情绪退潮,观望,高位分歧型,,D,回避：资金观望,-0.2
603882,金域医学,27.16,-40.4,1.52,-54.2,-2.72,-23005899,-22012782,41173557,4318244,1113794,-10634375,缩量,低,情绪退潮,观望,长线吸筹型,,D,回避：资金观望,-0.9
603886,元祖股份,11.58,-54.4,1.1,-46.5,-7.38,-24165204,-40771105,1930131,-1760885,-283292,786683,缩量,低,情绪退潮,观望,长线吸筹型,,D,回避：资金观望,-2.5
603887,城地香江,8.8,-20.5,0.51,-48.0,-13.31,-95911713,-176417095,-279550428,-14184974,-554675,32962453,缩量,低,情绪退潮,观望,资金撤退型,,D,回避：资金撤退,-4.4
603888,新华网,17.79,233.5,0.97,310.4,-1.64,-37088793,138235317,160344648,4961628,8393035,12957294,放量,低,游资情绪,观望,资金观望型,,D,回避：资金观望,7.5
603889,新澳股份,6.09,-15.9,0.41,-40.3,-3.92,-10834201,-19880036,-25435659,1631927,930964,-9095920,缩量,低,情绪退潮,观望,资金撤退型,,D,回避：资金撤退,-1.3
603893,瑞芯微,180.33,-72.1,3.57,-36.8,-0.08,-5207225,-471131076,-130424848,91701156,60079353,-120669545,缩量,低,情绪退潮,观望,资金观望型,,D,回避：资金观望,-0.0
603895,天永智能,25.43,-67.6,0.88,-9.4,-2.2,-2286004,-198664,7750769,-273918,0,533145,缩量,低,情绪退潮,观望,高位分歧型,,D,回避：资金观望,-0.7
603890,春秋电子,16.89,-26.3,0.52,-6.3,-8.33,-175667945,-303963066,-562227985,-35501806,-12517870,36618018,缩量,低,情绪退潮,观望,资金撤退型,,D,回避：资金撤退,-2.8
603896,寿仙谷,14.03,-59.6,1.58,-40.3,-5.59,-5271389,-5730767,-10893870,-677383,463871,813832,缩量,低,情绪退潮,观望,资金撤退型,,D,回避：资金撤退,-1.9
603897,长城科技,29.75,-21.4,0.3,-19.8,-3.26,-39881126,-65186577,-148684988,3866270,2268955,1848379,缩量,低,情绪退潮,观望,资金撤退型,,D,回避：资金撤退,-1.1
603898,好莱客,10.85,-80.7,1.15,-21.6,-2.79,-3386008,-7456550,-10528470,-1089315,0,1834363,缩量,低,情绪退潮,观望,资金撤退型,,D,回避：资金撤退,-0.9
603901,XD永创智,9.17,-63.0,0.6,-20.4,-7.6,-20788336,-27813593,-29173956,-250690,1695510,591213,缩量,低,情绪退潮,观望,资金撤退型,,D,回避：资金撤退,-2.5
603909,建发合诚,9.51,11.9,0.14,9.7,-2.12,-2324364,-3350167,-6533785,-321723,605633,168806,缩量,低,情绪退潮,观望,资金撤退型,,D,回避：资金撤退,-0.7
603899,晨光股份,21.76,-24.0,1.26,30.3,-0.31,-2039945,-12284582,-33362395,-2352617,-4268332,-4820480,缩量,低,情绪退潮,观望,资金撤退型,,D,回避：资金撤退,-0.1
603906,龙蟠科技,18.36,-72.6,0.32,-23.5,-5.13,-51145408,-68992446,-198577290,7770076,8528813,-9155005,缩量,低,情绪退潮,观望,资金撤退型,,D,回避：资金撤退,-1.7
603903,中持股份,13.99,-75.9,2.24,-6.3,3.69,18552967,40703855,4496467,-6073513,-590741,3875989,缩量,低,情绪退潮,观望,趋势转多型,,D,回避：资金观望,1.2
603912,佳力图,8.36,-43.5,0.21,-30.1,-11.05,-54614861,-51167838,-6512163,-4829349,-1844819,6955756,缩量,低,情绪退潮,观望,高位分歧型,,D,回避：资金观望,-3.7
603916,苏博特,10.62,-64.8,1.27,-15.3,-12.63,-41373683,-62844503,-58442514,1841546,-1646341,-2025694,缩量,低,情绪退潮,观望,资金观望型,,D,回避：资金观望,-4.2
603915,国茂股份,12.91,-64.4,1.43,-28.6,-1.49,-3554486,-28440891,-22170170,383370,19675,1601384,缩量,低,情绪退潮,观望,资金观望型,,D,回避：资金观望,-0.5
603900,莱绅通灵,7.1,315.2,0.79,37.5,5.69,85020899,75806215,124552438,36021570,43184339,-21404707,放量,中,主力偏强放量,抢筹,资金观望型,资金+业绩共振(双击候选),B,关注：资金+业绩共振,97.9
603919,金徽酒,16.39,-74.7,1.43,-30.9,-4.89,-14589112,-30080906,-28058011,408388,807519,1685463,缩量,低,情绪退潮,观望,资金观望型,,D,回避：资金观望,-1.6
603908,牧高笛,18.39,49.2,1.03,13.7,0.82,1129051,-2606449,-4430491,4016807,3190220,-3193432,缩量,低,情绪退潮,进场,资金观望型,纯资金炒作(亏损风险),C,谨慎：纯资金炒作,12.3
603918,金桥信息,10.42,-62.2,1.72,-44.6,-2.12,-6765255,-64317419,-61961426,239866,-968974,1459568,缩量,低,情绪退潮,观望,资金观望型,,D,回避：资金观望,-0.7
603926,铁流股份,16.4,-46.5,0.4,45.0,4.65,18947497,67870728,55847145,-451144,-137352,7723168,缩量,低,情绪退潮,观望,趋势转多型,,D,回避：资金观望,1.6
603927,中科软,13.47,-52.4,1.54,-28.5,-2.36,-9147281,-51624007,-27224987,-3476987,76035,-546456,缩量,低,情绪退潮,观望,资金观望型,,D,回避：资金观望,-0.8
603917,合力科技,12.83,-52.8,1.18,3.9,-1.36,-2283295,-5883793,-6018000,6571,1451448,-65039,缩量,低,情绪退潮,吸筹,资金撤退型,机构吸筹+盈利(关注),C,谨慎：资金流入未验证业绩,23.5
603933,睿能科技,19.22,-73.1,0.44,-34.2,-0.78,-1470578,-6347887,-16999269,163592,-1496276,1543891,缩量,低,情绪退潮,观望,资金撤退型,,D,回避：资金撤退,-0.3
603920,世运电路,42.77,45.2,0.26,97.9,9.11,759864188,853262833,786000080,-44204475,-67713230,44954776,缩量,中,主力惜售,进场,短线抢筹型,资金+业绩共振(双击候选),B,关注：资金+业绩共振,87.0
603931,格林达,35.63,-57.9,2.33,-21.3,-3.64,-27235406,-40789677,-85565189,11303798,7246990,-14016758,缩量,低,情绪退潮,观望,资金撤退型,,D,回避：资金撤退,-1.2
603936,博敏电子,22.39,99.1,1.04,78.9,4.85,570967972,460055100,433083395,-150749354,-112845890,154983423,放量,低,游资情绪,观望,资金观望型,,D,回避：资金观望,9.6
603937,丽岛新材,11.41,-74.7,0.79,-38.5,-2.37,-3621618,-4601624,-2852956,539783,0,460178,缩量,低,情绪退潮,观望,资金观望型,,D,回避：资金观望,-0.8
603939,益丰药房,22.61,-56.8,1.11,-28.9,-1.59,-10560025,36302034,87837856,-447731,-4587326,-2952077,缩量,低,情绪退潮,观望,高位分歧型,,D,回避：资金观望,-0.5
603929,亚翔集成,159.99,-59.6,1.75,-25.9,0.48,12008228,8794139,-176553262,35613575,18258773,3166087,缩量,低,情绪退潮,进场,资金观望型,资金+业绩共振(双击候选),B,关注：资金+业绩共振,72.2
603949,雪龙集团,13.66,-78.9,0.92,-10.1,-8.51,-10780809,-11114823,-17881087,-1059245,540400,1437071,缩量,低,情绪退潮,观望,资金撤退型,,D,回避：资金撤退,-2.8
603948,建业股份,18.99,-71.7,1.77,-4.7,-0.56,-672510,-2545435,-3241605,18552,0,1329989,缩量,低,情绪退潮,观望,资金撤退型,,D,回避：资金撤退,-0.2
603928,兴业股份,12.25,-53.5,5.18,3.3,0.17,1173112,-5083309,-35870255,17319136,13257075,-30870407,缩量,低,情绪退潮,进场,资金观望型,资金+业绩共振(双击候选),B,关注：资金+业绩共振,72.1
603950,长源东谷,55.05,-72.6,0.77,-31.3,-8.85,-129812517,-14463826,227578078,-12994935,-11865097,11770506,缩量,低,情绪退潮,观望,高位分歧型,,D,回避：资金观望,-2.9
603958,哈森股份,16.2,70.4,0.29,-57.7,-11.59,-121123156,-97372039,-32336483,-708196,3294928,13071742,放量,低,游资情绪,观望,高位分歧型,,D,回避：资金观望,4.1
603938,三孚股份,52.37,89.0,1.79,108.6,6.0,638827548,679492999,782181904,-64060587,-47848386,42741025,放量,中,主力偏强放量,进场,均衡流入型,资金+业绩共振(双击候选),B,关注：资金+业绩共振,90.0
603969,银龙股份,7.54,-66.4,1.06,-40.3,-7.41,-26168063,-45270583,-12777962,1617767,-820394,1741384,缩量,低,情绪退潮,观望,长线吸筹型,,D,回避：资金观望,-2.5
603966,法兰泰克,7.34,-48.3,0.37,-28.5,-2.29,-5231077,-27938849,-51722134,1698062,1029982,-1863515,缩量,低,情绪退潮,观望,资金撤退型,,D,回避：资金撤退,-0.8
603967,中创物流,11.56,-29.0,0.9,-41.2,-0.54,-717483,-1128019,2833858,93653,0,-3687246,缩量,低,情绪退潮,观望,资金观望型,,D,回避：资金观望,-0.2
603955,大千生态,22.89,17.2,1.15,-12.8,0.77,2344055,2291896,7175419,2193844,1780261,-3146867,缩量,低,情绪退潮,进场,资金观望型,纯资金炒作(亏损风险),C,谨慎：纯资金炒作,12.3
603968,醋化股份,10.31,-23.7,0.68,30.1,-3.55,-5127432,-8679618,-10789675,-281680,-1171308,857787,缩量,低,情绪退潮,观望,资金撤退型,,D,回避：资金撤退,-1.2
603956,威派格,6.99,35.8,6.71,35.8,0.97,7367887,24775106,-62255455,56289470,57251280,-41319418,缩量,低,情绪退潮,吸筹,趋势转多型,纯资金炒作(亏损风险),C,谨慎：纯资金炒作,4.3
603970,中农立华,11.03,52.1,1.14,-11.8,-6.81,-14356333,-4544505,-26550088,1777111,0,-4901252,放量,低,游资情绪,观望,资金观望型,,D,回避：资金观望,5.7
603976,正川股份,28.87,-23.2,4.63,95.6,-8.81,-77612524,-62979909,-28660041,-6412442,-988396,460272,缩量,低,情绪退潮,观望,资金观望型,,D,回避：资金观望,-2.9
603979,金诚信,72.9,-60.2,1.4,-21.0,-2.2,-57067663,-53013481,151160210,16982931,11768348,14461205,缩量,低,情绪退潮,观望,长线吸筹型,,D,回避：资金观望,-0.7
603960,克来机电,15.45,45.5,0.29,42.1,3.67,14695271,4130551,2109812,10589910,7577790,-11708119,缩量,低,情绪退潮,进场,资金观望型,资金+业绩共振(双击候选),B,关注：资金+业绩共振,73.2
603977,国泰集团,11.41,-85.6,0.87,8.7,-14.51,-45023351,-976698,-51547338,1222029,1822864,593345,缩量,低,情绪退潮,观望,资金观望型,,D,回避：资金观望,-4.8
603978,深圳新星,21.53,1.7,1.9,70.5,-2.03,-27513233,174431952,287192070,18017840,8086056,-20297854,缩量,低,情绪退潮,观望,高位分歧型,,D,回避：资金观望,-0.7
603982,泉峰汽车,6.04,-10.7,0.79,48.3,-0.6,-1329405,4322804,3106065,-405724,0,2167743,缩量,低,情绪退潮,观望,资金观望型,,D,回避：资金观望,-0.2
603983,丸美生物,28.26,-28.5,5.07,117.8,-7.11,-68467589,-12515362,-3400835,4316776,1333122,-11213242,缩量,低,情绪退潮,观望,资金观望型,,D,回避：资金观望,-2.4
603985,恒润股份,16.85,-65.3,0.2,-22.3,-4.13,-20646516,-37671618,-47722658,4248621,4907521,-8321650,缩量,低,情绪退潮,观望,资金撤退型,,D,回避：资金撤退,-1.4
603980,吉华集团,8.22,115.8,2.37,81.6,2.39,58446386,65037826,191157281,11989435,6468239,-5769809,放量,低,游资情绪,吸筹,均衡流入型,资金+业绩共振(双击候选),B,关注：资金+业绩共振,72.8
603988,中电电机,18.43,-64.9,0.97,-57.7,-1.86,-5563053,-6736547,56060560,-2259092,-357803,2393831,缩量,低,情绪退潮,观望,长线吸筹型,,D,回避：资金观望,-0.6
603989,艾华集团,35.48,71.6,5.91,110.5,-0.71,-48604941,461531419,543958509,-45395540,-29731710,38265608,放量,低,游资情绪,观望,资金观望型,,D,回避：资金观望,7.8
603987,康德莱,7.3,-47.1,0.7,-43.4,-3.71,-3891636,-7258422,-6866378,1164902,0,-2269371,缩量,低,情绪退潮,观望,资金观望型,,D,回避：资金观望,-1.2
603991,领先股份,182.22,-35.8,2.69,154.4,-10.01,-313467902,-39720130,31976011,-25031241,-27998329,13525217,缩量,低,情绪退潮,观望,资金观望型,,D,回避：资金观望,-3.3
603992,松霖科技,19.58,-36.9,0.6,-21.5,-6.26,-19650769,-25101052,-21268878,-4288066,-1228481,1515799,缩量,低,情绪退潮,观望,资金观望型,,D,回避：资金观望,-2.1
603993,洛阳钼业,17.84,-54.7,1.28,-35.9,-12.1,-1628926625,-2084887744,-1705379672,80595253,156407678,69530229,缩量,低,情绪退潮,观望,资金观望型,,D,回避：资金观望,-4.0
603999,读者传媒,6.39,295.2,0.64,511.0,-6.05,-69565038,11319902,6063319,-14017018,-5937532,14739325,放量,低,游资情绪,观望,资金观望型,,D,回避：资金观望,6.0
603998,方盛制药,10.24,-23.5,1.11,-52.9,-6.02,-22578274,-71183114,-111582668,1024117,-84750,-951174,缩量,低,情绪退潮,观望,资金撤退型,,D,回避：资金撤退,-2.0
603995,甬金股份,25.12,-28.8,2.4,-22.7,-2.62,-13858897,-35648034,-79527369,5355583,2572921,-10770254,缩量,低,情绪退潮,观望,资金撤退型,,D,回避：资金撤退,-0.9
603997,继峰股份,11.68,-28.7,2.25,48.7,1.61,12513006,101067306,136387238,-359194,6244990,6158764,缩量,低,情绪退潮,观望,均衡流入型,,D,回避：资金观望,0.5
603990,麦迪科技,20.2,-17.9,2.39,-40.7,-2.77,-30740563,-52228713,-106089366,28479098,31985481,-12551692,缩量,低,情绪退潮,吸筹,资金撤退型,机构吸筹+盈利(关注),C,谨慎：资金流入未验证业绩,23.1
605001,威奥股份,5.69,-6.0,0.54,-18.1,-1.54,-2712441,12449784,21072054,649217,0,-1947649,缩量,低,情绪退潮,观望,资金观望型,,D,回避：资金观望,-0.5
603986,兆易创新,373.14,-70.6,2.89,-20.6,-8.0,-3931177138,-5715879561,-13103340142,454932050,575450050,-395902934,缩量,低,情绪退潮,吸筹,资金撤退型,机构吸筹+盈利(关注),C,谨慎：资金流入未验证业绩,21.3
605003,众望布艺,23.49,-42.2,0.56,14.2,-2.34,-2850362,-2916336,-7604959,-326511,0,-344041,缩量,低,情绪退潮,观望,资金撤退型,,D,回避：资金撤退,-0.8
605007,五洲特纸,14.63,-54.0,0.53,-22.2,-4.4,-9509166,-11152815,-10111472,621972,0,-2777211,缩量,低,情绪退潮,观望,资金观望型,,D,回避：资金观望,-1.5
605009,豪悦护理,23.97,-61.7,1.51,-50.3,-4.41,-5107123,-10555135,-10685650,-1047340,-1184196,2301835,缩量,低,情绪退潮,观望,资金撤退型,,D,回避：资金撤退,-1.5
605011,杭州热电,18.26,161.3,1.46,483.7,3.57,80540434,75360872,60175927,-30635344,-34834579,38453435,放量,低,游资情绪,观望,资金观望型,,D,回避：资金观望,9.2
605008,长鸿高科,13.92,36.9,1.7,-42.1,-4.17,-9541246,-12292809,-35329249,-2927322,-66661,1165985,缩量,低,情绪退潮,观望,资金撤退型,,D,回避：资金撤退,-1.4
605016,百龙创园,21.15,-61.5,0.77,-17.6,-2.39,-7225972,5683162,-16888369,939294,1180493,-1856051,缩量,低,情绪退潮,观望,资金观望型,,D,回避：资金观望,-0.8
605018,长华集团,11.15,-79.5,1.19,-66.6,0.76,829307,-5759317,-20519048,-1453669,-555619,1887620,缩量,低,情绪退潮,观望,资金观望型,,D,回避：资金观望,0.3
605005,合兴股份,15.74,-37.0,0.2,-1.8,-4.58,-3971151,-9085771,-7560570,1083602,859520,-441859,缩量,低,情绪退潮,吸筹,资金观望型,机构吸筹+盈利(关注),C,谨慎：资金流入未验证业绩,22.5
605006,山东玻纤,17.12,62.3,1.4,169.7,1.85,155077005,543727553,656374348,771508,19316621,35613248,放量,低,游资情绪,进场,均衡流入型,纯资金炒作(亏损风险),C,谨慎：纯资金炒作,20.6
605056,咸亨国际,12.95,-46.3,0.26,-3.2,-0.44,-1162191,-1339277,-26867705,-3223689,-1448669,593621,缩量,低,情绪退潮,观望,资金撤退型,,D,回避：资金撤退,-0.1
605020,永和股份,31.94,-84.1,3.52,-36.9,-4.41,-47709431,-49933786,-127769787,-3118560,-240023,12232344,缩量,低,情绪退潮,观望,资金撤退型,,D,回避：资金撤退,-1.5
605050,福然德,10.03,-58.4,0.34,-10.9,-11.45,-11561952,-20299627,-29055000,-443699,0,-2072262,缩量,低,情绪退潮,观望,资金撤退型,,D,回避：资金撤退,-3.8
605033,美邦股份,18.4,-19.9,1.12,-35.7,-5.68,-15095345,-24419090,-36168121,-1634694,535767,2629190,缩量,低,情绪退潮,观望,资金撤退型,,D,回避：资金撤退,-1.9
605028,世茂能源,24.26,-69.6,0.87,45.9,-0.93,-1302286,580674,199962,70571,-744329,1053513,缩量,低,情绪退潮,观望,资金观望型,,D,回避：资金观望,-0.3
605055,迎丰股份,8.62,-60.0,0.66,-17.6,-8.68,-14347991,-23998772,-26633281,-189731,0,-73176,缩量,低,情绪退潮,观望,资金撤退型,,D,回避：资金撤退,-2.9
605066,天正电气,6.8,-7.6,0.53,-46.3,-4.94,-8949999,-23092006,-64549772,3851812,117332,-5170698,缩量,低,情绪退潮,观望,资金撤退型,,D,回避：资金撤退,-1.6
605058,澳弘电子,44.33,392.4,0.38,378.1,7.48,166659434,165116329,152842820,11355273,45957245,6267496,放量,中,主力偏强放量,进场,资金观望型,资金+业绩共振(双击候选),B,关注：资金+业绩共振,90.5
605080,浙江自然,22.95,-21.4,0.46,-49.7,-2.73,-5924643,13570606,50854371,-1317141,-1045824,-1324099,缩量,低,情绪退潮,观望,高位分歧型,,D,回避：资金观望,-0.9
605077,华康股份,11.3,237.3,0.34,553.4,-0.08,-1405233,49946149,41442325,-10146420,-2866523,15137270,放量,低,游资情绪,观望,资金观望型,,D,回避：资金观望,8.0
605068,明新旭腾,19.1,-30.1,0.81,56.2,-5.05,-17179462,15133718,26208588,-768645,832302,717103,缩量,低,情绪退潮,观望,资金观望型,,D,回避：资金观望,-1.7
605060,联德股份,38.92,-68.7,0.41,-29.7,-4.77,-25435954,-51861607,-81379206,-69041,2953645,-2704221,缩量,低,情绪退潮,吸筹,资金撤退型,机构吸筹+盈利(关注),C,谨慎：资金流入未验证业绩,22.4
605086,龙高股份,23.38,-43.4,0.56,-56.0,-4.62,-5223888,-20360913,-16855796,-1861037,-696300,1554410,缩量,低,情绪退潮,观望,资金观望型,,D,回避：资金观望,-1.5
605099,共创草坪,28.6,-60.8,0.56,-35.3,-3.74,-5564753,-1493769,-5484818,-2596789,-1757250,1788032,缩量,低,情绪退潮,观望,资金观望型,,D,回避：资金观望,-1.2
605098,行动教育,54.69,-57.4,0.42,-10.9,-2.86,-4661480,1714973,10319192,-2972710,-3980309,2853103,缩量,低,情绪退潮,观望,资金观望型,,D,回避：资金观望,-1.0
605090,九丰能源,32.76,-84.2,0.62,-29.1,-0.62,-7674771,-93958531,-261291121,-2856135,-226369,11371843,缩量,低,情绪退潮,观望,资金撤退型,,D,回避：资金撤退,-0.2
605069,正和生态,12.64,160.6,1.53,136.3,2.58,21666496,22656475,17276469,11453720,7311730,-22154355,放量,低,游资情绪,抢筹,趋势转多型,纯资金炒作(亏损风险),C,谨慎：纯资金炒作,28.9
605088,冠盛股份,21.97,52.5,0.75,370.5,2.17,34610860,100551271,113178437,1143483,2090708,-4486750,放量,低,游资情绪,进场,主力建仓型,资金+业绩共振(双击候选),B,关注：资金+业绩共振,80.7
605108,同庆楼,11.7,-31.6,0.76,19.9,-2.85,-5878230,-12939269,-15768797,-2683244,1061703,-640252,缩量,低,情绪退潮,吸筹,资金撤退型,机构吸筹+盈利(关注),C,谨慎：资金流入未验证业绩,23.1
605116,奥锐特,19.1,-76.2,0.47,-66.4,-3.23,-4060656,-8268518,17064494,-605417,0,-19346,缩量,低,情绪退潮,观望,长线吸筹型,,D,回避：资金观望,-1.1
605089,味知香,20.0,-54.1,0.7,28.6,3.03,4034625,350353,429422,224543,0,-1033450,缩量,低,情绪退潮,进场,资金观望型,资金+业绩共振(双击候选),B,关注：资金+业绩共振,73.0
605111,新洁能,56.6,-57.3,3.04,-48.8,-3.37,-89499594,-180688511,-654661966,65396402,48218621,-40180758,缩量,低,情绪退潮,吸筹,资金撤退型,机构吸筹+盈利(关注),C,谨慎：资金流入未验证业绩,22.9
605100,华丰股份,34.08,44.5,0.87,10.4,-6.14,-35202388,-37725057,-121947787,41451646,48363694,-16077724,缩量,低,情绪退潮,吸筹,资金撤退型,机构吸筹+盈利(关注),C,谨慎：资金流入未验证业绩,22.0
605118,力鼎光电,33.48,-4.1,0.58,66.8,-1.51,-12953129,116528193,163659173,-8809660,-1655693,23832255,缩量,低,情绪退潮,观望,资金观望型,,D,回避：资金观望,-0.5
605128,上海沿浦,23.17,-10.2,1.17,-11.1,-7.16,-27675411,-30142181,18122056,2606431,2061566,-8837359,缩量,低,情绪退潮,观望,长线吸筹型,,D,回避：资金观望,-2.4
605122,四方新材,11.22,-28.2,0.9,-16.1,-2.24,-3034599,213050,-6827723,262814,0,886036,缩量,低,情绪退潮,观望,资金观望型,,D,回避：资金观望,-0.7
605123,派克新材,78.86,-64.3,0.69,-17.5,-3.91,-19414808,-34819411,-81126888,-4520347,-6551748,7896943,缩量,低,情绪退潮,观望,资金撤退型,,D,回避：资金撤退,-1.3
605136,丽人丽妆,8.33,-38.1,0.86,20.3,-9.13,-20893348,-18078987,-14975294,1379207,71790,-2580390,缩量,低,情绪退潮,观望,资金观望型,,D,回避：资金观望,-3.0
605133,嵘泰股份,23.33,-77.3,0.78,-36.6,-8.32,-36904766,-73630146,-59475593,-8085408,-7128173,10592411,缩量,低,情绪退潮,观望,资金观望型,,D,回避：资金观望,-2.8
605138,盛泰集团,5.87,-59.7,2.17,-44.2,-2.01,-1823259,-15207347,1305141,978121,0,-1488328,缩量,低,情绪退潮,观望,长线吸筹型,,D,回避：资金观望,-0.7
605117,德业股份,85.12,-56.3,0.78,-30.3,5.66,241021331,-44334772,151350167,-3103422,-9820631,-12956510,缩量,中,主力惜售,进场,资金观望型,资金+业绩共振(双击候选),B,关注：资金+业绩共振,85.9
605158,华达新材,7.77,0.2,0.9,-57.1,-2.61,-3446456,-11892345,-104449659,-712830,0,-1951984,缩量,低,情绪退潮,观望,资金撤退型,,D,回避：资金撤退,-0.9
605167,利柏特,16.26,-49.7,1.24,-10.5,-1.52,-9749313,17493828,38496553,-9571831,-2700335,3219954,缩量,低,情绪退潮,观望,资金观望型,,D,回避：资金观望,-0.5
605168,三人行,50.92,49.8,0.71,79.0,0.22,6335906,158119675,227894474,-37229125,-35339498,51342515,缩量,低,情绪退潮,观望,均衡流入型,,D,回避：资金观望,0.1
605151,西上海,18.16,-51.9,1.31,29.6,4.13,8223366,8478697,-3652095,64127,0,-2187897,缩量,低,情绪退潮,进场,趋势转多型,纯资金炒作(亏损风险),C,谨慎：纯资金炒作,13.4
605178,时空科技,65.8,-70.5,1.65,-17.5,-2.82,-23372019,-34988208,7991081,-19619986,-14185832,22629751,缩量,低,情绪退潮,观望,资金观望型,,D,回避：资金观望,-0.9
605169,洪通燃气,12.88,62.9,0.64,-41.6,-3.93,-9449182,-27532109,547813,-5202371,0,-2885223,放量,低,游资情绪,观望,长线吸筹型,,D,回避：资金观望,6.7
605179,一鸣食品,25.01,187.7,1.84,-35.6,-3.94,-86862293,-88039119,-100889167,-83728135,-46247464,110161596,放量,低,游资情绪,观望,资金撤退型,,D,回避：资金撤退,6.7
605180,华生科技,12.72,-28.5,1.07,-52.8,0.85,846453,818461,-14605510,0,0,-1437394,缩量,低,情绪退潮,观望,资金观望型,,D,回避：资金观望,0.3
605155,西大门,14.35,-24.6,1.76,47.3,-2.73,-5275310,-8030709,-26098934,-1235191,2485087,-743699,缩量,低,情绪退潮,吸筹,资金撤退型,机构吸筹+盈利(关注),C,谨慎：资金流入未验证业绩,23.1
605183,确成股份,15.82,58.5,1.04,-0.3,-7.01,-14097544,-5939464,4166054,3286567,1094713,-3624149,放量,低,游资情绪,观望,高位分歧型,,D,回避：资金观望,5.7
605166,聚合顺,8.26,-65.0,0.32,-19.6,-6.43,-10397081,-23785286,-28548726,1061073,511500,-225507,缩量,低,情绪退潮,吸筹,资金撤退型,机构吸筹+盈利(关注),C,谨慎：资金流入未验证业绩,21.9
605186,健麾信息,25.36,-79.0,4.62,-22.8,-1.12,-1889691,-14548784,-19307318,410489,-849343,1038780,缩量,低,情绪退潮,观望,资金撤退型,,D,回避：资金撤退,-0.4
605162,新中港,11.09,347.3,0.36,25.3,8.66,247448377,228330079,309620146,-67884614,-78457879,19019369,放量,中,主力偏强放量,进场,资金观望型,资金+业绩共振(双击候选),B,关注：资金+业绩共振,90.9
605177,东亚药业,24.78,463.2,1.16,117.5,7.5,100900788,147007921,198134244,-20747456,-13785176,34497857,放量,中,主力偏强放量,进场,主力强攻型,纯资金炒作(亏损风险),C,谨慎：纯资金炒作,30.5
605189,富春染织,14.03,-77.2,1.79,-44.7,-2.48,-10431217,-62540635,-119086822,7271030,3088816,333920,缩量,低,情绪退潮,观望,资金撤退型,,D,回避：资金撤退,-0.8
605196,华通线缆,30.87,-16.2,1.34,0.5,-5.24,-135166969,-48874823,-36695764,1395160,-11216242,53651102,缩量,低,情绪退潮,观望,资金观望型,,D,回避：资金观望,-1.7
605188,国光连锁,11.74,152.6,0.36,106.0,1.2,18695635,8475289,142946908,674819,5871894,14497445,放量,低,游资情绪,抢筹,长线吸筹型,资金+业绩共振(双击候选),B,关注：资金+业绩共振,88.4
605218,伟时电子,13.7,-39.1,1.48,17.1,1.73,2772155,-3957786,-8297878,-810027,-77848,-1408266,缩量,低,情绪退潮,观望,资金观望型,,D,回避：资金观望,0.6
605208,永茂泰,14.82,-70.9,1.05,-15.7,-3.52,-15166530,-33664723,-38164403,1386696,2199503,10497753,缩量,低,情绪退潮,观望,资金撤退型,,D,回避：资金撤退,-1.2
605228,神通科技,10.57,-55.9,0.77,-2.1,0.74,1170089,8257585,-10133663,-541362,-1139650,-3651475,缩量,低,情绪退潮,观望,趋势转多型,,D,回避：资金观望,0.2
605222,起帆电缆,22.77,-4.9,0.23,86.7,0.82,9568041,42238320,60356495,-13580704,-10423288,2580644,缩量,低,情绪退潮,观望,均衡流入型,,D,回避：资金观望,0.3
605255,天普股份,60.6,-62.3,0.4,-7.2,-2.32,-5296051,-13186488,-34719786,-6840313,-1452223,6707662,缩量,低,情绪退潮,观望,资金撤退型,,D,回避：资金撤退,-0.8
605259,绿田机械,17.2,12.7,0.43,-8.2,-4.09,-3129401,-3690316,-10171605,-3473551,-3023171,-455626,缩量,低,情绪退潮,观望,资金撤退型,,D,回避：资金撤退,-1.4
605268,王力安防,9.43,-49.1,0.2,-47.2,-4.31,-4389190,-4557033,-17660210,-267925,0,1758069,缩量,低,情绪退潮,观望,资金撤退型,,D,回避：资金撤退,-1.4
605286,同力天启,24.18,-32.2,0.33,-58.4,-7.22,-22888991,-56295194,-5001741,-1474761,647119,-1118428,缩量,低,情绪退潮,观望,长线吸筹型,,D,回避：资金观望,-2.4
605266,健之佳,15.18,-35.0,1.4,-36.5,2.77,3081014,2071474,-2501931,-1618463,-1157916,-905349,缩量,低,情绪退潮,观望,资金观望型,,D,回避：资金观望,0.9
605277,新亚电子,17.78,51.4,1.29,86.7,3.65,75157731,40798215,92304567,-1408467,886338,14028014,放量,低,游资情绪,观望,资金观望型,,D,回避：资金观望,9.2
605198,安德利,81.35,135.6,1.29,41.2,8.4,217817060,248335285,306941057,-94084584,-86058756,74485789,放量,中,主力偏强放量,进场,均衡流入型,资金+业绩共振(双击候选),B,关注：资金+业绩共振,90.8
605287,德才股份,34.7,-43.7,0.47,-36.1,-0.02,-82655,3713866,58199063,-22718305,-15520302,21069299,缩量,低,情绪退潮,观望,长线吸筹型,,D,回避：资金观望,-0.0
605258,协和电子,39.3,522.9,0.52,92.6,5.32,91679803,89580832,131451510,42775751,42817783,-27651527,放量,中,主力偏强放量,抢筹,资金观望型,资金+业绩共振(双击候选),B,关注：资金+业绩共振,97.8
605289,罗曼股份,97.83,-70.6,1.07,-20.8,-8.75,-86038295,-109540115,-201931988,-14375918,-5529746,23322030,缩量,低,情绪退潮,观望,资金撤退型,,D,回避：资金撤退,-2.9
605296,神农集团,33.05,-20.8,1.34,27.6,-1.06,-5998141,-32688116,-32501266,-8596109,-7437842,12361887,缩量,低,情绪退潮,观望,资金观望型,,D,回避：资金观望,-0.4
605288,凯迪股份,61.14,-35.3,1.26,15.0,3.15,13998584,96087956,165020500,306321,1957548,3740031,缩量,低,情绪退潮,进场,主力建仓型,资金+业绩共振(双击候选),B,关注：资金+业绩共振,73.0
605299,舒华体育,11.97,-33.5,0.22,143.0,-5.02,-36756768,64968812,59768067,-3205326,1907545,11293567,缩量,低,情绪退潮,观望,资金观望型,,D,回避：资金观望,-1.7
605298,必得科技,43.55,-62.9,0.23,-5.7,-8.85,-12546520,-11949468,4622801,-2460551,-436924,1543611,缩量,低,情绪退潮,观望,长线吸筹型,,D,回避：资金观望,-2.9
605305,中际联合,31.82,-40.9,0.57,-38.7,1.75,10703584,-8731185,-11747730,-4932240,-8067192,8723785,缩量,低,情绪退潮,观望,资金观望型,,D,回避：资金观望,0.6
605300,佳禾食品,9.81,-13.6,4.17,139.1,-6.66,-27286212,18269424,55318448,-1510194,1487650,2564962,缩量,低,情绪退潮,观望,高位分歧型,,D,回避：资金观望,-2.2
605303,园林股份,23.68,-100.0,0.46,-35.9,-4.61,-12511607,7175020,46893140,0,0,0,缩量,低,情绪退潮,观望,高位分歧型,,D,回避：资金观望,-1.5
605318,法狮龙,75.13,-69.6,0.66,-12.5,-3.34,-9184221,1927361,5182892,-12663076,-14593992,7096063,缩量,低,情绪退潮,观望,资金观望型,,D,回避：资金观望,-1.1
605319,无锡振华,22.59,-2.8,0.26,23.8,-6.47,-48720456,-74445236,-38113449,-4020615,-7955995,1039252,缩量,低,情绪退潮,观望,资金观望型,,D,回避：资金观望,-2.2
605337,李子园,8.86,-60.0,1.53,3.0,-2.2,-3166875,-9299889,-16572207,460966,36886,277514,缩量,低,情绪退潮,观望,资金撤退型,,D,回避：资金撤退,-0.7
605339,南侨食品,12.78,-57.3,1.58,-51.7,-6.64,-5150404,-12693113,1837677,-261810,0,619971,缩量,低,情绪退潮,观望,长线吸筹型,,D,回避：资金观望,-2.2
605333,沪光股份,15.86,-40.6,1.04,-57.1,-4.62,-8011564,-19052783,-13945445,-884229,862632,2552657,缩量,低,情绪退潮,观望,资金观望型,,D,回避：资金观望,-1.5
605365,立达信,13.77,62.6,0.1,38.4,-1.91,-11108861,-4237496,39261107,-10382003,-3031978,8390221,放量,低,游资情绪,观望,高位分歧型,,D,回避：资金观望,7.4
605368,蓝天燃气,6.72,-39.0,0.51,-29.7,-3.71,-4687501,-3810101,-7589561,1182080,316548,-1392927,缩量,低,情绪退潮,观望,资金观望型,,D,回避：资金观望,-1.2
605338,巴比食品,17.42,-39.8,0.48,-22.9,2.83,4222915,1206165,1121135,586338,-549908,-897340,缩量,低,情绪退潮,进场,资金观望型,资金+业绩共振(双击候选),B,关注：资金+业绩共振,72.9
605388,均瑶健康,5.84,-52.6,0.14,3.9,-1.87,-3742290,-8408473,-19749028,-1653271,558075,820222,缩量,低,情绪退潮,观望,资金撤退型,,D,回避：资金撤退,-0.6
605358,立昂微,44.87,-43.1,4.71,-36.3,-1.05,-50577761,-94288694,-689161280,400161156,423193504,-202928350,缩量,低,情绪退潮,吸筹,资金撤退型,纯资金炒作(亏损风险),C,谨慎：纯资金炒作,3.6
605366,宏柏新材,8.66,-36.9,0.79,16.9,5.09,48332031,31436343,-37332312,28010769,-4321178,-16764295,缩量,中,主力惜售,进场,资金观望型,纯资金炒作(亏损风险),C,谨慎：纯资金炒作,25.7
605398,新炬网络,20.2,206.7,0.66,574.2,-4.48,-33756874,-21180398,-21808369,-7581275,-3058785,8983045,放量,低,游资情绪,观望,资金观望型,,D,回避：资金观望,6.5
605389,长龄液压,65.49,-69.3,1.03,-7.4,-4.03,-9731878,-24467395,-42230597,-5267708,-5626470,7142064,缩量,低,情绪退潮,观望,资金撤退型,,D,回避：资金撤退,-1.3
605399,晨光新材,11.5,-57.3,1.91,16.7,-5.03,-7011329,-893673,-12272053,1591744,-537034,68102,缩量,低,情绪退潮,观望,资金观望型,,D,回避：资金观望,-1.7
605488,福莱新材,29.24,-2.8,1.39,69.8,0.51,5776951,94242587,86917619,-15623840,-7993179,20912958,缩量,低,情绪退潮,观望,趋势转多型,,D,回避：资金观望,0.2
605377,华旺科技,8.0,-78.3,1.88,-53.2,0.86,1902363,-10068812,-39860797,1982692,2034646,-1478984,缩量,低,情绪退潮,吸筹,资金观望型,资金+业绩共振(双击候选),B,关注：资金+业绩共振,64.3
605369,拱东医疗,16.59,-65.8,3.87,41.1,6.26,8490984,2874841,-373645,-1225428,-921755,713717,缩量,中,主力惜售,进场,资金观望型,资金+业绩共振(双击候选),B,关注：资金+业绩共振,86.1
605499,东鹏饮料,111.55,-74.3,1.5,-26.0,-13.12,-240885467,-234687382,-362297417,-31114680,-23788177,14743670,缩量,低,情绪退潮,观望,资金观望型,,D,回避：资金观望,-4.4
605500,森林包装,7.22,-40.2,0.95,-23.3,3.72,4160280,1847286,6971839,-1256783,504100,1175559,缩量,低,情绪退潮,观望,资金观望型,,D,回避：资金观望,1.2
605376,博迁新材,138.31,-36.4,2.26,-7.5,0.38,32236044,-211875427,-1480266662,81738136,67655177,-18373260,缩量,低,情绪退潮,吸筹,资金观望型,资金+业绩共振(双击候选),B,关注：资金+业绩共振,64.1
605378,野马电池,15.22,150.7,0.86,25.1,-3.11,-6770588,-5304687,-4636578,37532200,41159471,-21129077,放量,低,游资情绪,抢筹,资金观望型,机构吸筹+盈利(关注),C,谨慎：资金流入未验证业绩,47.0
605555,德昌股份,11.76,-67.0,1.03,-43.6,-6.91,-11283172,-15636965,15451989,-1218767,-571033,1436311,缩量,低,情绪退潮,观望,长线吸筹型,,D,回避：资金观望,-2.3
605567,春雪食品,8.96,15.5,0.9,108.6,-0.79,-3301082,-5401644,-3813705,-1120896,544768,2236684,缩量,低,情绪退潮,观望,资金观望型,,D,回避：资金观望,-0.3
605577,龙版传媒,13.64,2182.5,0.85,493.5,-5.21,-153109878,-92034001,-60273339,-29161529,-31131319,2948285,放量,低,游资情绪,观望,资金观望型,,D,回避：资金观望,6.3
605507,国邦医药,17.76,478.8,1.15,104.3,5.05,66325977,73295396,60127086,-15193663,5507407,38023270,放量,中,主力偏强放量,进场,趋势转多型,资金+业绩共振(双击候选),B,关注：资金+业绩共振,89.7
605588,冠石科技,45.64,-68.8,1.06,-7.5,-11.71,-26776468,-30009267,-45029312,-931650,768637,6224038,缩量,低,情绪退潮,观望,资金撤退型,,D,回避：资金撤退,-3.9
605580,恒盛能源,23.02,97.6,2.52,592.6,1.21,28913552,142290166,138005899,-23074018,-6274678,20845548,放量,低,游资情绪,观望,趋势转多型,,D,回避：资金观望,8.4
605598,上海港湾,24.76,-81.0,0.52,-24.4,-1.86,-4921222,-4448059,-34555555,-333602,616397,3199863,缩量,低,情绪退潮,观望,资金观望型,,D,回避：资金观望,-0.6
605566,福莱蒽特,27.58,-39.6,1.7,-33.7,-5.75,-21813623,-42443595,26054903,29879540,34386521,-18054746,缩量,低,情绪退潮,吸筹,长线吸筹型,机构吸筹+盈利(关注),C,谨慎：资金流入未验证业绩,22.1
605599,菜百股份,14.05,-46.8,1.46,-63.2,-2.89,-10234324,-28262246,-25143807,1121650,-667663,933631,缩量,低,情绪退潮,观望,资金观望型,,D,回避：资金观望,-1.0
605589,圣泉集团,41.48,-2.3,1.37,-8.2,2.75,168780030,55993954,-325889650,207915838,139748276,-212160722,缩量,低,情绪退潮,进场,资金观望型,资金+业绩共振(双击候选),B,关注：资金+业绩共振,72.9
