code,name,price,cjb30,b30v100,veab,precip,m5,m10,m20,mainflow,jumbo,small,vol,lv,sig,phase,mode,matching,grade,greason,score
000028,国药一致,19.37,-59.0,0.77,-24.2,-2.26,-4223511,-9467779,-34313625,-685347,0,-2445812,缩量,低,情绪退潮,观望,资金撤退型,,D,回避：资金撤退,-0.8
000008,神州高铁,2.39,-27.3,0.79,-11.9,-0.15,-407412,-7462478,-41517136,2323650,9991337,2704314,缩量,低,情绪退潮,观望,资金撤退型,,D,回避：资金撤退,-0.0
000037,深南电A,9.0,-52.2,0.8,46.6,-1.34,-8198781,-4968095,-60263262,-2724042,-1341566,-3709197,缩量,低,情绪退潮,观望,资金观望型,,D,回避：资金观望,-0.4
000030,富奥股份,3.89,-42.1,0.6,-17.4,-5.15,-7359805,-9502147,-13204954,350206,-282936,1312780,缩量,低,情绪退潮,观望,资金撤退型,,D,回避：资金撤退,-1.7
000029,深深房Ａ,22.12,42.6,0.86,51.9,-4.06,-36535044,-73413120,-128712220,-2997526,1561066,7015677,缩量,低,情绪退潮,观望,资金撤退型,,D,回避：资金撤退,-1.4
000009,中国宝安,6.86,-71.9,0.72,-12.9,-0.97,-4542449,-5072329,-18097090,3052530,714628,6463284,缩量,低,情绪退潮,观望,资金撤退型,,D,回避：资金撤退,-0.3
000055,方大集团,3.88,51.8,0.78,191.1,-1.33,-4969223,36290070,37562531,-2860762,-3079653,1407592,放量,低,游资情绪,观望,资金观望型,,D,回避：资金观望,7.6
000017,深中华A,7.5,275.7,1.71,-44.7,-3.91,-79283658,-173759627,-413345341,12842492,5807240,-11008028,放量,低,游资情绪,观望,资金撤退型,,D,回避：资金撤退,6.7
000019,深粮控股,6.7,132.7,0.28,-55.7,-7.95,-45892826,-44510783,125618459,4474795,-402598,-11682761,放量,低,游资情绪,观望,长线吸筹型,,D,回避：资金观望,5.3
000050,深天马Ａ,6.29,-65.9,1.12,10.5,-2.8,-18010247,2892204,4904319,3488154,4049654,-5736856,缩量,低,情绪退潮,观望,资金观望型,,D,回避：资金观望,-0.9
000021,深科技,33.79,-84.4,2.43,14.6,-8.35,-791564005,-603963869,-1453817542,-13812026,-17154597,29499890,缩量,低,情绪退潮,观望,资金观望型,,D,回避：资金观望,-2.8
000035,中国天楹,4.66,-52.8,0.61,-24.9,2.68,16794767,14383338,60279146,-6413315,-4455043,466043,缩量,低,情绪退潮,观望,资金观望型,,D,回避：资金观望,0.9
000049,德赛电池,21.99,-53.2,0.37,-19.0,-5.91,-25727815,-41679826,-116636502,336860,-3478932,3184646,缩量,低,情绪退潮,观望,资金撤退型,,D,回避：资金撤退,-2.0
000032,深桑达Ａ,13.38,-71.0,2.52,16.8,-4.81,-82394496,-8193207,-140796255,-4241303,-10750256,17155965,缩量,低,情绪退潮,观望,资金观望型,,D,回避：资金观望,-1.6
000048,京基智农,17.92,-65.8,2.21,-15.5,3.44,50597802,-45731327,87590316,-5617733,-5729145,1789850,缩量,低,情绪退潮,观望,资金观望型,,D,回避：资金观望,1.1
000012,南  玻Ａ,3.67,-67.5,1.41,12.4,-1.77,-6575279,-20500832,-16790557,-1194010,-813026,-1378975,缩量,低,情绪退潮,观望,资金观望型,,D,回避：资金观望,-0.6
000007,全新好,11.08,-16.3,0.38,-42.0,-2.94,-10301612,-3430349,-61841754,-8907224,-4925006,2365594,缩量,低,情绪退潮,观望,资金观望型,,D,回避：资金观望,-1.0
000042,中洲控股,8.3,0.2,0.31,-0.5,1.51,4032319,3360575,-3151479,-2760096,-1223790,4954828,缩量,低,情绪退潮,观望,资金观望型,,D,回避：资金观望,0.5
000027,深圳能源,6.24,-41.3,0.59,-20.0,-3.27,-15689285,-57957578,-50055014,-4463626,-3936725,13720522,缩量,低,情绪退潮,观望,资金观望型,,D,回避：资金观望,-1.1
000039,中集集团,8.55,-66.6,0.36,-34.9,-0.9,-8131828,-16705261,-125438109,2851,-2292326,-2493917,缩量,低,情绪退潮,观望,资金撤退型,,D,回避：资金撤退,-0.3
000031,大悦城,2.43,188.5,0.88,28.4,-0.3,-2692128,11708276,49516014,1720120,3172462,-4709187,放量,低,游资情绪,抢筹,高位分歧型,纯资金炒作(亏损风险),C,谨慎：纯资金炒作,27.9
000059,华锦股份,5.47,23.4,0.54,-58.9,-1.98,-20491284,-25933943,-86938764,-2037687,-1599350,3121335,缩量,低,情绪退潮,观望,资金撤退型,,D,回避：资金撤退,-0.7
000014,沙河股份,11.55,291.5,0.79,45.7,2.03,15434336,15461228,-22990510,18102621,7323344,-27072337,放量,低,游资情绪,抢筹,趋势转多型,纯资金炒作(亏损风险),C,谨慎：纯资金炒作,28.7
000061,农 产 品,5.84,-47.5,0.93,-60.0,-2.47,-9824189,-13609773,45343576,1582333,679657,-1215443,缩量,低,情绪退潮,观望,长线吸筹型,,D,回避：资金观望,-0.8
000062,深圳华强,21.96,-79.1,0.22,-36.1,-3.88,-66134699,-102055526,-439349938,-7279279,-6263355,-1828364,缩量,低,情绪退潮,观望,资金撤退型,,D,回避：资金撤退,-1.3
000063,中兴通讯,30.72,-88.0,1.56,-9.2,-6.9,-655909475,-844859209,-3130288812,-42228256,-5441534,92432766,缩量,低,情绪退潮,观望,资金撤退型,,D,回避：资金撤退,-2.3
000065,北方国际,9.61,-33.4,0.31,3.2,-0.77,-6275095,8330775,-106349705,-5741351,-796524,1658355,缩量,低,情绪退潮,观望,资金观望型,,D,回避：资金观望,-0.3
000026,飞亚达,18.7,-65.1,0.63,-41.9,1.11,5971605,40276560,26631406,556291,466912,4982295,缩量,低,情绪退潮,进场,趋势转多型,资金+业绩共振(双击候选),B,关注：资金+业绩共振,72.4
000034,神州数码,23.68,-55.1,1.05,17.2,-1.59,-47167334,-9796739,-256728224,91894243,92685897,-56004835,缩量,低,情绪退潮,吸筹,资金观望型,机构吸筹+盈利(关注),C,谨慎：资金流入未验证业绩,23.5
000045,深纺织Ａ,11.21,16.8,0.71,-11.7,-4.96,-13106536,-15527257,-49881395,5993783,7093733,-6305445,缩量,低,情绪退潮,吸筹,资金撤退型,机构吸筹+盈利(关注),C,谨慎：资金流入未验证业绩,22.3
000070,特发信息,16.19,-18.0,0.47,38.0,1.49,107307471,-74647937,154850170,-2558167,-5887461,39563190,缩量,低,情绪退潮,观望,资金观望型,,D,回避：资金观望,0.5
000002,万  科Ａ,4.08,602.0,0.8,298.5,3.12,458160525,982408842,856629125,591124293,630495318,-322120708,放量,低,游资情绪,抢筹,趋势转多型,纯资金炒作(亏损风险),C,谨慎：纯资金炒作,29.0
000001,平安银行,11.35,-37.1,1.0,-12.8,5.42,256066891,259662392,326405264,-47390965,-59034638,4290022,缩量,中,主力惜售,进场,均衡流入型,资金+业绩共振(双击候选),B,关注：资金+业绩共振,85.8
000090,天健集团,3.64,169.3,0.77,36.0,1.11,5309091,20105897,8393912,-13328742,-10927505,14135502,放量,低,游资情绪,观望,趋势转多型,,D,回避：资金观望,8.4
000096,广聚能源,7.94,-68.7,1.05,-36.7,-2.86,-3492465,-15721238,-34361150,-795922,-1400386,2069809,缩量,低,情绪退潮,观望,资金撤退型,,D,回避：资金撤退,-1.0
000099,中信海直,12.56,-43.1,0.76,-30.4,-4.95,-16257089,-34531680,-46192695,-4045250,-1628685,448053,缩量,低,情绪退潮,观望,资金撤退型,,D,回避：资金撤退,-1.7
000025,特  力Ａ,15.38,36.8,1.03,-58.4,0.43,1792743,-10923700,-110478335,18787837,12466263,-8401405,缩量,低,情绪退潮,吸筹,资金观望型,资金+业绩共振(双击候选),B,关注：资金+业绩共振,64.1
000151,中成股份,10.06,19.5,0.58,21.9,0.01,34186,-20029377,-22505770,-3443136,1735420,5743957,缩量,低,情绪退潮,观望,资金观望型,,D,回避：资金观望,0.0
000058,深 赛 格,7.29,146.2,0.97,3.2,0.87,3904165,3695095,-4340047,-4428049,1200893,6838178,放量,低,游资情绪,抢筹,资金观望型,资金+业绩共振(双击候选),B,关注：资金+业绩共振,88.3
000155,川能动力,10.77,-60.6,0.25,-45.8,-11.8,-100375078,-159149252,-369032411,11778168,3150810,1494449,缩量,低,情绪退潮,观望,资金撤退型,,D,回避：资金撤退,-3.9
000156,华数传媒,7.06,3.2,0.77,35.4,-4.79,-25085286,-21358380,-35008150,-3078452,1782478,7238764,缩量,低,情绪退潮,观望,资金观望型,,D,回避：资金观望,-1.6
000157,中联重科,5.86,-29.6,0.43,18.3,-6.78,-81454591,-355053588,-643553372,39972580,35108932,5876466,缩量,低,情绪退潮,观望,资金撤退型,,D,回避：资金撤退,-2.3
000158,常山北明,12.19,-67.6,0.81,-56.0,-6.49,-88812225,-106625375,-25260926,-11383851,-1679199,13029577,缩量,低,情绪退潮,观望,资金观望型,,D,回避：资金观望,-2.2
000159,国际实业,5.5,-18.1,0.55,-9.4,2.3,5742189,-7513232,-44454965,-3149693,-58583,2941274,缩量,低,情绪退潮,观望,资金观望型,,D,回避：资金观望,0.8
000166,申万宏源,4.36,-44.3,0.98,-29.6,-2.13,-23920223,-27360037,-135158291,14636398,18719987,5586717,缩量,低,情绪退潮,观望,资金撤退型,,D,回避：资金撤退,-0.7
000020,深华发Ａ,14.65,1612.8,0.38,36.4,5.92,79983585,86265792,104111785,51845512,42053165,-62185170,放量,中,主力偏强放量,抢筹,均衡流入型,资金+业绩共振(双击候选),B,关注：资金+业绩共振,98.0
000011,深物业A,11.13,323.8,1.73,-28.2,3.62,41584817,38561199,56925245,57893007,85614185,-11334531,放量,低,游资情绪,抢筹,资金观望型,资金+业绩共振(双击候选),B,关注：资金+业绩共振,89.2
000006,深振业Ａ,7.62,156.8,0.55,53.2,-1.88,-23907496,-27592553,-38410858,11966717,12780333,-11485274,放量,低,游资情绪,抢筹,资金撤退型,纯资金炒作(亏损风险),C,谨慎：纯资金炒作,27.4
000036,华联控股,4.21,44.3,0.38,49.6,-0.65,-5800356,8489975,36212180,64191355,76968004,-31500229,缩量,低,情绪退潮,吸筹,高位分歧型,机构吸筹+盈利(关注),C,谨慎：资金流入未验证业绩,23.8
000060,中金岭南,5.83,-72.4,0.33,-43.5,-10.24,-195510491,-272708858,-566814396,3762172,8152318,-1270966,缩量,低,情绪退潮,吸筹,资金撤退型,机构吸筹+盈利(关注),C,谨慎：资金流入未验证业绩,20.6
000069,华侨城Ａ,1.97,197.7,0.71,69.6,-4.61,-51031389,-41987179,-75565952,31622501,33614522,-9881447,放量,低,游资情绪,抢筹,资金观望型,纯资金炒作(亏损风险),C,谨慎：纯资金炒作,26.5
000089,深圳机场,6.59,-18.6,1.1,-18.9,8.09,31906748,35932419,37881032,-5308458,-4322052,2905971,缩量,中,主力惜售,进场,均衡流入型,资金+业绩共振(双击候选),B,关注：资金+业绩共振,86.7
000068,华控赛格,3.54,225.3,0.84,34.6,3.54,10218448,20658140,7861977,39984424,45855131,-21041604,放量,低,游资情绪,抢筹,趋势转多型,纯资金炒作(亏损风险),C,谨慎：纯资金炒作,29.2
000409,云鼎科技,8.79,-45.7,0.84,-16.3,-4.53,-7906353,307573,17874133,-3667744,-2358579,4946391,缩量,低,情绪退潮,观望,高位分歧型,,D,回避：资金观望,-1.5
000410,沈阳机床,5.14,-46.2,0.61,82.5,-13.8,-76684422,35901995,21815552,350616,-77018,-446829,缩量,低,情绪退潮,观望,资金观望型,,D,回避：资金观望,-4.6
000411,英特集团,9.98,7.5,1.26,32.4,-1.22,-4248459,173184,-22857647,-800112,-1485948,-2988920,缩量,低,情绪退潮,观望,资金观望型,,D,回避：资金观望,-0.4
000415,渤海租赁,4.07,-54.7,0.64,-22.1,-16.91,-191775605,-314942121,-658019251,21059227,18906523,-19907638,缩量,低,情绪退潮,观望,资金撤退型,,D,回避：资金撤退,-5.6
000417,合百集团,5.66,-67.2,2.09,-61.7,3.96,28823191,42646722,55414193,-8129116,-8813730,5791420,缩量,低,情绪退潮,观望,均衡流入型,,D,回避：资金观望,1.3
000088,盐 田 港,4.63,19.2,0.89,-42.5,-0.44,-2063688,7705435,-39427455,6943946,19694387,-2990855,缩量,低,情绪退潮,吸筹,资金观望型,机构吸筹+盈利(关注),C,谨慎：资金流入未验证业绩,23.9
000066,中国长城,14.42,-51.3,0.33,116.2,2.15,353662601,324223430,-131802475,105052630,103697196,-86544723,缩量,低,情绪退潮,吸筹,资金观望型,纯资金炒作(亏损风险),C,谨慎：纯资金炒作,4.7
000420,吉林化纤,3.47,-61.9,0.23,-47.6,0.72,4151181,21611162,-50581453,-2207827,-2374031,-766750,缩量,低,情绪退潮,观望,趋势转多型,,D,回避：资金观望,0.2
000403,派林生物,9.74,-70.9,1.18,2.4,-3.15,-9573531,-21348364,-17802377,-2325356,-3139051,190741,缩量,低,情绪退潮,观望,资金观望型,,D,回避：资金观望,-1.1
000422,湖北宜化,11.48,-77.0,0.4,-61.0,-3.15,-22501996,-93014349,-269629622,-7542145,-4980689,7000152,缩量,低,情绪退潮,观望,资金撤退型,,D,回避：资金撤退,-1.1
000423,东阿阿胶,45.24,-53.5,0.88,-14.7,-0.44,-4299142,-12320388,-36351302,-6712655,-2453454,3189869,缩量,低,情绪退潮,观望,资金撤退型,,D,回避：资金撤退,-0.1
000425,徐工机械,7.05,-30.9,0.69,-14.4,-6.29,-224965651,-491370864,-324240674,71223974,119994682,9393040,缩量,低,情绪退潮,观望,资金观望型,,D,回避：资金观望,-2.1
000426,兴业银锡,31.57,-59.6,0.6,-27.1,-7.05,-422126965,-785555435,-1139793344,87765078,75601761,-86841223,缩量,低,情绪退潮,观望,资金撤退型,,D,回避：资金撤退,-2.4
000428,华天酒店,3.83,-52.7,3.73,-50.4,-5.21,-43660296,-68292249,52808866,-2838602,-3896842,5788272,缩量,低,情绪退潮,观望,长线吸筹型,,D,回避：资金观望,-1.7
000429,粤高速Ａ,12.28,-58.8,1.55,-50.9,-2.9,-8504771,-11521085,-57766308,-4338399,-2642612,5922623,缩量,低,情绪退潮,观望,资金撤退型,,D,回避：资金撤退,-1.0
000430,张家界,6.64,-19.4,1.37,-61.0,-4.75,-19174745,-64752147,-75711397,-2129067,-197046,522484,缩量,低,情绪退潮,观望,资金撤退型,,D,回避：资金撤退,-1.6
000301,东方盛虹,12.8,-22.6,0.9,-52.1,0.36,4425414,14692147,-22368625,4271098,-185821,-16918722,缩量,低,情绪退潮,进场,趋势转多型,资金+业绩共振(双击候选),B,关注：资金+业绩共振,72.1
000501,武商集团,7.06,-45.5,1.01,-62.8,-6.24,-12204024,-34094134,-8678207,-1521988,0,-153419,缩量,低,情绪退潮,观望,长线吸筹型,,D,回避：资金观望,-2.1
000153,丰原药业,6.08,-20.6,0.82,-9.5,0.93,2659900,7151745,-15998844,2047888,-673073,-5596413,缩量,低,情绪退潮,进场,趋势转多型,资金+业绩共振(双击候选),B,关注：资金+业绩共振,72.3
000504,南华生物,11.29,1239.7,1.38,849.8,-7.57,-318297614,-297762915,-285340584,7270372,16390449,21586551,放量,低,游资情绪,观望,资金观望型,,D,回避：资金观望,5.5
000100,TCL科技,4.77,-71.7,1.47,27.6,-1.96,-157740410,289962841,-430044609,1630819,18718729,-886395,缩量,低,情绪退潮,吸筹,资金观望型,机构吸筹+盈利(关注),C,谨慎：资金流入未验证业绩,23.3
000506,招金黄金,16.58,-59.1,2.32,-35.3,-8.42,-254214623,-327689542,-753541552,-23588035,-19790894,-721942,缩量,低,情绪退潮,观望,资金撤退型,,D,回避：资金撤退,-2.8
000507,珠海港,4.93,-71.9,0.95,-29.0,-5.57,-9401708,-19632387,-35037635,2937081,562172,-1076643,缩量,低,情绪退潮,观望,资金撤退型,,D,回避：资金撤退,-1.9
000404,长虹华意,6.74,-77.6,0.41,-24.3,-9.29,-14499770,-26331157,-48028171,-156175,-596908,-595406,缩量,低,情绪退潮,观望,资金撤退型,,D,回避：资金撤退,-3.1
000333,美的集团,81.66,-33.5,1.02,39.1,-2.29,-220396748,-262428253,-103428257,190598264,134108509,-218067364,缩量,低,情绪退潮,观望,资金观望型,,D,回避：资金观望,-0.8
000407,胜利股份,4.2,-17.9,0.36,-26.6,-6.91,-18417631,-25088797,-15164057,282485,2127069,1971015,缩量,低,情绪退潮,观望,资金观望型,,D,回避：资金观望,-2.3
000408,藏格矿业,69.8,-66.2,0.89,-31.7,0.77,19998385,26114581,-30958776,37447921,4322523,-46553569,缩量,低,情绪退潮,进场,趋势转多型,资金+业绩共振(双击候选),B,关注：资金+业绩共振,72.3
000498,山东路桥,5.61,406.7,0.47,230.3,11.28,136563984,151966617,130792292,3680615,-1706572,7646047,放量,高,主力主导放量🔥(最强),进场,短线抢筹型,资金+业绩共振(双击候选),A,金股候选：资金强攻+业绩共振,95.8
000517,荣安地产,2.07,21.4,1.06,14.6,1.21,5128839,5839853,-14922774,-11114936,-2288588,657524,缩量,低,情绪退潮,观望,趋势转多型,,D,回避：资金观望,0.4
000518,四环生物,3.59,-67.4,8.58,-43.0,-4.08,-17891938,-5068661,-48677640,2481974,1464882,-3192200,缩量,低,情绪退潮,观望,资金观望型,,D,回避：资金观望,-1.4
000519,中兵红箭,14.4,-69.1,1.93,-56.5,-6.45,-164516534,-447436022,-412780177,-30121298,-17893578,33493917,缩量,低,情绪退潮,观望,资金观望型,,D,回避：资金观望,-2.1
000520,凤凰航运,4.03,-37.7,1.13,-65.3,-3.63,-14976954,-52930442,18331624,-2776526,-125201,348364,缩量,低,情绪退潮,观望,长线吸筹型,,D,回避：资金观望,-1.2
000521,长虹美菱,4.29,-67.6,1.25,-48.4,-3.21,-3771318,-3126261,-22577636,13953,-1798631,1844004,缩量,低,情绪退潮,观望,资金观望型,,D,回避：资金观望,-1.1
000400,许继电气,21.03,-19.0,0.71,-15.9,-0.87,-10840881,-6263639,-48275731,-7738770,8798416,-5776933,缩量,低,情绪退潮,吸筹,资金观望型,机构吸筹+盈利(关注),C,谨慎：资金流入未验证业绩,23.7
000523,红棉股份,3.17,294.4,0.71,-23.2,-3.62,-69395689,-253448246,-726436143,-5753726,-2843837,2691507,放量,低,游资情绪,观望,资金撤退型,,D,回避：资金撤退,6.8
000524,岭南控股,8.75,-70.2,0.86,-51.8,-0.91,-2397575,-14842280,-134083692,-489648,0,3172239,缩量,低,情绪退潮,观望,资金撤退型,,D,回避：资金撤退,-0.3
000525,红太阳,4.39,-52.5,0.61,-48.7,2.99,9963084,-7279764,-81835239,-1240678,-122712,282038,缩量,低,情绪退潮,观望,资金观望型,,D,回避：资金观望,1.0
000526,学大教育,34.81,-67.9,1.43,-48.5,-3.14,-12068569,-20107562,-12060379,573812,1068306,5416426,缩量,低,情绪退潮,观望,资金观望型,,D,回避：资金观望,-1.0
000421,南京公用,5.7,-25.5,0.54,-31.4,2.88,4876887,660099,-5584271,1538498,0,-469277,缩量,低,情绪退潮,进场,资金观望型,资金+业绩共振(双击候选),B,关注：资金+业绩共振,73.0
000528,柳    工,7.36,-38.7,0.61,-18.4,-3.95,-28271747,-96083901,-112904027,4593635,-1372269,-3801727,缩量,低,情绪退潮,观望,资金撤退型,,D,回避：资金撤退,-1.3
000530,冰山冷热,5.21,-3.0,0.73,-47.3,-1.36,-4627723,-4592570,-3381958,-12147516,-8372377,11878587,缩量,低,情绪退潮,观望,资金观望型,,D,回避：资金观望,-0.5
000531,穗恒运Ａ,5.49,-78.4,0.35,-11.6,-10.77,-14500721,-25584826,-8791183,-1017160,-1109806,764158,缩量,低,情绪退潮,观望,长线吸筹型,,D,回避：资金观望,-3.6
000532,华金资本,12.49,415.6,0.61,333.7,-1.5,-41926911,112460721,175518610,-13519545,-12448062,10276456,放量,低,游资情绪,观望,资金观望型,,D,回避：资金观望,7.5
000533,顺钠股份,10.02,-84.5,1.23,-46.7,-7.8,-105822528,-116903430,-225106077,-16459145,-6983552,17016423,缩量,低,情绪退潮,观望,资金撤退型,,D,回避：资金撤退,-2.6
000534,万泽股份,21.96,-56.4,0.42,-38.2,-1.0,-15185864,-34204365,1964432,6590306,-1193955,-17668028,缩量,低,情绪退潮,观望,资金观望型,,D,回避：资金观望,-0.3
000536,华映科技,3.38,-6.5,1.33,-17.2,-2.4,-30997151,-6946280,103280722,10519162,2926930,-4747438,缩量,低,情绪退潮,观望,长线吸筹型,,D,回避：资金观望,-0.8
000338,潍柴动力,25.0,-50.5,0.6,-7.1,-3.77,-349196186,-11871934,-68748380,120131042,123091858,-39077808,缩量,低,情绪退潮,吸筹,资金观望型,机构吸筹+盈利(关注),C,谨慎：资金流入未验证业绩,22.7
000505,京粮控股,6.07,73.9,0.64,-62.1,-6.74,-52837165,-84309712,-256526931,-2314914,2640206,-239775,放量,低,游资情绪,吸筹,资金撤退型,纯资金炒作(亏损风险),C,谨慎：纯资金炒作,9.8
000419,通程控股,5.06,-40.4,0.62,-42.1,1.15,1289909,2336621,3591472,2281016,1065876,-579964,缩量,低,情绪退潮,吸筹,均衡流入型,资金+业绩共振(双击候选),B,关注：资金+业绩共振,64.4
000509,华塑控股,3.51,-11.7,0.53,217.5,7.33,77264988,120618188,106240435,-9289138,-5374243,10244360,缩量,中,主力惜售,进场,短线抢筹型,纯资金炒作(亏损风险),C,谨慎：纯资金炒作,26.4
000401,金隅冀东,3.59,37.3,0.29,5.2,7.9,17545293,32572193,45513954,-3096029,-2861320,5276885,缩量,中,主力惜售,进场,主力强攻型,资金+业绩共振(双击候选),B,关注：资金+业绩共振,86.6
000503,国新健康,7.72,347.1,0.99,70.4,8.92,111161612,97264438,97567206,50898018,24805272,-50820600,放量,中,主力偏强放量,进场,资金观望型,纯资金炒作(亏损风险),C,谨慎：纯资金炒作,31.0
000510,新金路,17.27,-57.6,1.03,18.0,3.8,133655648,87621818,-22249836,16414805,15680618,-24351859,缩量,低,情绪退潮,进场,资金观望型,纯资金炒作(亏损风险),C,谨慎：纯资金炒作,13.3
000402,金 融 街,2.71,183.6,0.21,52.2,2.91,40976942,61624389,94397367,37813008,27136793,3532246,放量,低,游资情绪,抢筹,均衡流入型,纯资金炒作(亏损风险),C,谨慎：纯资金炒作,29.0
000513,丽珠集团,32.23,875.3,0.95,170.6,9.76,339161143,326019902,288288639,158357255,221647694,2554599,放量,中,主力偏强放量,抢筹,资金观望型,资金+业绩共振(双击候选),B,关注：资金+业绩共振,99.3
000514,渝 开 发,4.55,96.0,0.43,-28.5,-1.57,-4712864,1234470,10296350,8400471,8780454,-11045397,放量,低,游资情绪,抢筹,资金观望型,机构吸筹+盈利(关注),C,谨慎：资金流入未验证业绩,47.5
000548,湖南投资,4.64,-27.2,0.64,-18.7,1.07,984219,3155429,-342362,-755736,-948516,2406722,缩量,低,情绪退潮,观望,趋势转多型,,D,回避：资金观望,0.4
000550,江铃汽车,16.28,40.8,0.59,-16.5,1.05,3574554,583833,-3253946,-1168259,-2206660,-4579477,缩量,低,情绪退潮,观望,资金观望型,,D,回避：资金观望,0.4
000551,创元科技,11.69,-80.0,0.6,-19.1,-7.68,-37511383,-51551923,-142196448,-3615370,-7490933,-53759,缩量,低,情绪退潮,观望,资金撤退型,,D,回避：资金撤退,-2.6
000552,甘肃能化,2.46,-32.4,0.52,-41.7,-1.87,-12205837,49006596,83715,8060162,1431961,-5840433,缩量,低,情绪退潮,观望,资金观望型,,D,回避：资金观望,-0.6
000553,安道麦A,5.39,-61.2,0.2,-51.3,-5.75,-8021464,3761300,-1699856,269717,0,1127330,缩量,低,情绪退潮,观望,资金观望型,,D,回避：资金观望,-1.9
000554,泰山石油,6.19,-78.5,0.91,-49.7,-2.71,-7932777,-28221043,13198420,-3458274,-2696833,1174418,缩量,低,情绪退潮,观望,长线吸筹型,,D,回避：资金观望,-0.9
000555,神州信息,10.05,-29.6,0.87,53.1,3.3,56811295,47253567,5710048,-15338061,-3699371,32281824,缩量,低,情绪退潮,观望,资金观望型,,D,回避：资金观望,1.1
000557,西部创业,3.61,-21.7,0.78,-13.8,-6.92,-9098052,-9089207,-11693597,-690377,-1313318,2913827,缩量,低,情绪退潮,观望,资金观望型,,D,回避：资金观望,-2.3
000516,国际医学,4.27,-57.3,1.09,-2.0,5.11,18056434,-7089893,35796466,2900712,1795819,-4226016,缩量,中,主力惜售,进场,资金观望型,纯资金炒作(亏损风险),C,谨慎：纯资金炒作,25.7
000544,中原环保,7.21,-62.1,0.47,-19.2,-4.65,-3798871,-2328527,3241707,-66354,-522720,756086,缩量,低,情绪退潮,观望,长线吸筹型,,D,回避：资金观望,-1.6
000543,皖能电力,7.06,-33.8,0.89,-6.1,-9.09,-57624781,-86098697,-136689978,-19247630,-10521803,17892948,缩量,低,情绪退潮,观望,资金撤退型,,D,回避：资金撤退,-3.0
000529,广弘控股,5.03,-19.6,0.78,-49.6,-3.26,-2501909,5732652,-1596255,1173846,1195723,-67280,缩量,低,情绪退潮,吸筹,资金观望型,机构吸筹+盈利(关注),C,谨慎：资金流入未验证业绩,22.9
000537,绿发电力,7.29,-76.6,0.39,-30.5,-7.09,-29688652,-67733802,-70638452,-3516681,2410650,5496450,缩量,低,情绪退潮,观望,资金撤退型,,D,回避：资金撤退,-2.4
000539,粤电力Ａ,5.04,-68.0,0.51,-30.7,-2.98,-28348002,-116936742,-79059025,16679630,19358748,4040246,缩量,低,情绪退潮,观望,资金观望型,,D,回避：资金观望,-1.0
000546,金圆股份,4.32,-48.1,0.09,-12.3,-8.59,-18557894,-22966550,-34124537,-9356772,-374343,9636829,缩量,低,情绪退潮,观望,资金撤退型,,D,回避：资金撤退,-2.9
000541,佛山照明,4.86,-55.7,1.02,-27.0,0.66,653644,-904424,-11029050,-703991,1410839,418312,缩量,低,情绪退潮,观望,资金观望型,,D,回避：资金观望,0.2
000568,泸州老窖,69.38,-61.5,1.08,-28.4,-2.1,-61396686,-21073372,-400964496,-18887902,-8697428,-2448810,缩量,低,情绪退潮,观望,资金观望型,,D,回避：资金观望,-0.7
000570,苏常柴Ａ,5.27,-43.0,0.38,-11.0,0.77,1461326,-8783563,-32469920,-1693603,-2660430,1964414,缩量,低,情绪退潮,观望,资金观望型,,D,回避：资金观望,0.3
000547,航天发展,13.87,-42.5,0.37,-3.2,1.28,59812453,-47437405,13473312,-54409199,-28227642,95492509,缩量,低,情绪退潮,观望,资金观望型,,D,回避：资金观望,0.4
000572,海马汽车,4.0,122.6,1.06,275.8,1.64,39976593,412150493,429264808,-14282484,-8885027,9355965,放量,低,游资情绪,观望,均衡流入型,,D,回避：资金观望,8.5
000576,甘化科工,8.24,-37.5,0.76,-66.4,0.14,423539,-35878079,-89236447,-454328,-505524,-10885787,缩量,低,情绪退潮,观望,资金观望型,,D,回避：资金观望,0.0
000559,万向钱潮,10.76,-1.7,0.28,148.1,4.2,152818308,243636314,149294824,-20684840,-8898564,47826781,缩量,低,情绪退潮,观望,趋势转多型,,D,回避：资金观望,1.4
000581,威孚高科,17.92,-58.0,0.51,-28.2,-7.29,-29047851,-32403870,-30471138,1078608,758004,857189,缩量,低,情绪退潮,观望,资金观望型,,D,回避：资金观望,-2.4
000582,北部湾港,8.97,-56.8,0.62,-27.8,-12.48,-248748100,-811763775,-966976726,-21619510,-16151362,15227456,缩量,低,情绪退潮,观望,资金撤退型,,D,回避：资金撤退,-4.2
000558,天府文旅,3.56,-35.0,0.64,-51.3,0.47,1838837,-18352209,-29893009,-3357251,-1147782,6332429,缩量,低,情绪退潮,观望,资金观望型,,D,回避：资金观望,0.2
000538,云南白药,50.24,-59.9,1.08,0.5,5.39,93227661,172055447,211015693,7844172,8509489,1103460,缩量,中,主力惜售,进场,主力强攻型,资金+业绩共振(双击候选),B,关注：资金+业绩共振,85.8
000565,渝三峡Ａ,6.4,-12.7,0.38,-39.6,-3.6,-14294493,-62270128,9276898,-2204603,848640,2991244,缩量,低,情绪退潮,观望,长线吸筹型,,D,回避：资金观望,-1.2
000561,烽火电子,7.59,-46.4,0.81,64.9,-0.7,-2519635,2978853,9729831,4287333,219099,-4110682,缩量,低,情绪退潮,观望,资金观望型,,D,回避：资金观望,-0.2
000567,海德股份,5.88,-53.4,0.25,-56.4,-5.36,-24527119,-45318493,-119926460,8656070,3901358,-9370159,缩量,低,情绪退潮,观望,资金撤退型,,D,回避：资金撤退,-1.8
000545,金浦钛业,2.22,-28.7,0.6,-67.9,-4.63,-14057801,-7097238,-23751329,5855997,7677279,-2096394,缩量,低,情绪退潮,吸筹,资金观望型,纯资金炒作(亏损风险),C,谨慎：纯资金炒作,2.5
000571,新大洲A,6.57,-49.8,2.27,63.6,-2.55,-19007616,52717064,-3051672,9714766,10457771,-5788950,缩量,低,情绪退潮,吸筹,资金观望型,纯资金炒作(亏损风险),C,谨慎：纯资金炒作,3.1
000573,粤宏远Ａ,3.93,-8.6,0.48,0.0,2.31,5852145,18789540,14438242,3932407,3646310,-2171170,缩量,低,情绪退潮,吸筹,趋势转多型,资金+业绩共振(双击候选),B,关注：资金+业绩共振,64.8
000560,我爱我家,3.76,1458.4,0.55,-19.0,3.06,333977195,475341733,735545796,71674709,119491618,-126400587,放量,低,游资情绪,抢筹,均衡流入型,纯资金炒作(亏损风险),C,谨慎：纯资金炒作,29.0
000586,汇源通信,12.77,5.1,0.19,-30.0,-7.66,-32114408,-60293076,-55648205,-6599675,-3060396,5664682,缩量,低,情绪退潮,观望,资金观望型,,D,回避：资金观望,-2.6
000589,贵州轮胎,4.18,-58.3,0.35,-31.0,-1.19,-3372015,9918192,6229385,-2017145,1054805,381564,缩量,低,情绪退潮,观望,资金观望型,,D,回避：资金观望,-0.4
000590,古汉医药,9.14,8.1,0.76,-9.9,-6.25,-7793173,-5784695,-8277328,-952248,-663024,1649857,缩量,低,情绪退潮,观望,资金观望型,,D,回避：资金观望,-2.1
000564,供销大集,1.45,-39.1,0.65,-69.6,-2.69,-33715527,-15967557,-139147598,13695309,26573125,-6061613,缩量,低,情绪退潮,吸筹,资金观望型,纯资金炒作(亏损风险),C,谨慎：纯资金炒作,3.1
000592,平潭发展,8.74,351.3,0.38,10.7,-0.24,-37538762,261460064,893067736,-35172683,21026799,127395778,放量,低,游资情绪,抢筹,高位分歧型,纯资金炒作(亏损风险),C,谨慎：纯资金炒作,27.9
000563,陕国投Ａ,2.89,-45.7,1.01,-31.8,-9.57,-43433584,-21806459,-59083552,13045284,11959219,-10292544,缩量,低,情绪退潮,吸筹,资金观望型,机构吸筹+盈利(关注),C,谨慎：资金流入未验证业绩,20.8
000566,海南海药,4.61,-81.1,8.46,18.3,5.43,98503569,52613498,-10548529,10604874,10732233,-18294952,缩量,中,主力惜售,进场,资金观望型,纯资金炒作(亏损风险),C,谨慎：纯资金炒作,25.8
000596,古井贡酒,89.03,-76.2,2.41,-44.1,-2.78,-37568950,-644659,52699970,-4755005,-208540,17533063,缩量,低,情绪退潮,观望,高位分歧型,,D,回避：资金观望,-0.9
000595,新能股份,5.45,-73.5,4.34,-1.4,4.34,40931958,10474462,-49974817,-5528623,-4252352,4354063,缩量,低,情绪退潮,观望,资金观望型,,D,回避：资金观望,1.4
000593,德龙汇能,20.0,-40.9,0.36,26.3,4.84,113498641,111620541,62761184,-26821427,-14198777,39464954,缩量,低,情绪退潮,观望,资金观望型,,D,回避：资金观望,1.6
000597,东北制药,4.69,-43.6,1.22,-15.7,-1.95,-4461754,1827566,6482439,390116,-2104149,-3612210,缩量,低,情绪退潮,观望,资金观望型,,D,回避：资金观望,-0.7
000598,兴蓉环境,7.01,-63.2,0.87,-24.9,-1.24,-4501466,-15758535,-81117659,-9180064,-6056379,1433498,缩量,低,情绪退潮,观望,资金撤退型,,D,回避：资金撤退,-0.4
000599,青岛双星,4.43,-45.5,0.33,8.4,-4.97,-9280924,-13531063,-4895486,-1337219,-1186964,1364695,缩量,低,情绪退潮,观望,资金观望型,,D,回避：资金观望,-1.7
000600,建投能源,6.97,-78.5,0.53,-26.4,-6.96,-29485578,-70823078,-154873200,-10167169,-9338611,6339376,缩量,低,情绪退潮,观望,资金撤退型,,D,回避：资金撤退,-2.3
000603,盛达资源,31.08,-58.5,1.64,-28.0,-6.67,-263589800,-295002564,-937455292,14017867,6003070,7757138,缩量,低,情绪退潮,观望,资金撤退型,,D,回避：资金撤退,-2.2
000591,太阳能,4.15,-65.8,0.46,-7.2,-6.07,-40898432,-53166090,-72766651,3970082,7384096,-3573491,缩量,低,情绪退潮,吸筹,资金撤退型,机构吸筹+盈利(关注),C,谨慎：资金流入未验证业绩,22.0
000605,渤海股份,6.06,-14.8,0.52,-11.6,-1.39,-1353791,1835700,5090027,1746807,-3377,1149094,缩量,低,情绪退潮,观望,资金观望型,,D,回避：资金观望,-0.5
000617,中油资本,6.56,-61.9,0.48,-54.8,-12.78,-205000229,-128266071,-814178687,8191243,5968788,-12909512,缩量,低,情绪退潮,观望,资金观望型,,D,回避：资金观望,-4.3
000608,阳光股份,7.18,-40.0,4.36,-50.9,-2.1,-14704120,-54381525,-282542,5934270,11398429,3474895,缩量,低,情绪退潮,观望,长线吸筹型,,D,回避：资金观望,-0.7
000619,海螺新材,5.25,-30.4,0.62,20.4,-3.27,-5354255,-9347203,-9301145,30836,-752325,-584155,缩量,低,情绪退潮,观望,资金观望型,,D,回避：资金观望,-1.1
000620,盈新发展,3.11,-23.6,0.99,7.9,-0.19,-9773152,143269836,-117288615,18531159,8361977,-29328568,缩量,低,情绪退潮,观望,资金观望型,,D,回避：资金观望,-0.1
000623,吉林敖东,17.2,-62.7,0.92,-42.7,-6.56,-35834664,-77794924,-122093472,2697347,-1577155,-8776331,缩量,低,情绪退潮,观望,资金撤退型,,D,回避：资金撤退,-2.2
000626,远大控股,8.58,0.9,0.31,-56.0,-5.92,-35605738,-67209727,-77904922,-8087713,-6662272,10361197,缩量,低,情绪退潮,观望,资金撤退型,,D,回避：资金撤退,-2.0
000628,高新发展,54.66,-33.2,0.36,-32.8,-7.92,-153898240,-219771740,-19074746,971893,2605820,2752967,缩量,低,情绪退潮,观望,长线吸筹型,,D,回避：资金观望,-2.6
000601,韶能股份,6.02,-72.9,0.73,-26.8,-3.93,-27905640,-137530753,-126383879,-3026206,4234176,-2476080,缩量,低,情绪退潮,吸筹,资金观望型,机构吸筹+盈利(关注),C,谨慎：资金流入未验证业绩,22.7
000629,钒钛股份,2.78,-58.7,0.46,-27.8,-5.45,-46764873,-116336498,-227895999,-767193,-188618,4722753,缩量,低,情绪退潮,观望,资金撤退型,,D,回避：资金撤退,-1.8
000631,顺发恒能,3.04,4.1,0.42,44.7,-1.78,-4485645,2187424,-11769147,-2039091,-569658,7199229,缩量,低,情绪退潮,观望,资金观望型,,D,回避：资金观望,-0.6
000612,焦作万方,10.63,-0.1,0.61,21.8,-4.93,-94960491,-107151029,-223472317,54476316,58983122,-22540717,缩量,低,情绪退潮,吸筹,资金撤退型,机构吸筹+盈利(关注),C,谨慎：资金流入未验证业绩,22.4
000633,合金投资,5.34,-27.9,0.71,-7.5,-1.86,-3429117,10275937,10597292,-2235435,-973894,752272,缩量,低,情绪退潮,观望,资金观望型,,D,回避：资金观望,-0.6
000635,英 力 特,7.6,226.6,0.61,-62.9,-3.54,-13392705,-10753691,-42000915,2701984,1853559,971102,放量,低,游资情绪,观望,资金观望型,,D,回避：资金观望,6.8
000607,华媒控股,4.13,697.4,0.78,315.9,-1.16,-21953221,19534356,26571166,41736454,55819159,-30362721,放量,低,游资情绪,抢筹,资金观望型,纯资金炒作(亏损风险),C,谨慎：纯资金炒作,27.6
000637,茂化实华,4.24,-13.5,0.64,-2.5,-0.86,-1586168,2011852,6440466,2136828,1315723,-1394513,缩量,低,情绪退潮,观望,资金观望型,,D,回避：资金观望,-0.3
000636,风华高科,51.21,-62.2,3.69,12.8,-7.7,-1944150636,-2722960726,-1991399874,-67457610,-49129122,43185247,缩量,低,情绪退潮,观望,资金观望型,,D,回避：资金观望,-2.6
000652,泰达股份,3.34,-0.2,0.39,-21.7,-3.0,-5117502,-2030952,-17883484,585463,982015,783958,缩量,低,情绪退潮,观望,资金观望型,,D,回避：资金观望,-1.0
000625,长安汽车,7.06,-47.6,0.78,-10.7,-4.08,-62688114,-30653819,-22703329,33327404,39490453,-29486287,缩量,低,情绪退潮,吸筹,资金观望型,机构吸筹+盈利(关注),C,谨慎：资金流入未验证业绩,22.6
000656,金科股份,1.26,-9.2,2.04,38.3,-4.22,-62124020,-63095286,-120598286,26931696,47994960,468242,缩量,低,情绪退潮,观望,资金撤退型,,D,回避：资金撤退,-1.4
000657,中钨高新,53.69,-66.3,0.79,29.0,-14.54,-1974336785,-1449839185,-3528863176,-45183539,-51923433,70339891,缩量,低,情绪退潮,观望,资金观望型,,D,回避：资金观望,-4.8
000659,珠海中富,2.73,-28.0,0.56,-9.6,-1.57,-5542733,-25464886,-18768479,-7030559,-6929104,4840121,缩量,低,情绪退潮,观望,资金观望型,,D,回避：资金观望,-0.5
000630,铜陵有色,5.79,-65.1,0.85,-45.9,-10.68,-528646498,-777550224,-1681542732,23659232,31434162,-23573329,缩量,低,情绪退潮,吸筹,资金撤退型,机构吸筹+盈利(关注),C,谨慎：资金流入未验证业绩,20.4
000670,盈方微,7.6,-15.7,0.81,45.7,-0.3,-6560097,173333216,169882536,7753967,1858019,10234551,缩量,低,情绪退潮,观望,资金观望型,,D,回避：资金观望,-0.1
000663,永安林业,6.1,120.4,0.55,-14.9,3.49,11238647,11731919,5274872,-4436862,-2853167,3004924,放量,低,游资情绪,观望,趋势转多型,,D,回避：资金观望,9.2
000661,长春高新,70.55,-72.0,2.45,-8.9,-0.35,-5069425,-11621148,23188762,-5202181,-2181532,13289260,缩量,低,情绪退潮,观望,资金观望型,,D,回避：资金观望,-0.1
000651,格力电器,38.1,-57.9,0.58,-13.5,0.76,35557142,-144432444,-149721550,28828585,64571544,32887856,缩量,低,情绪退潮,进场,资金观望型,资金+业绩共振(双击候选),B,关注：资金+业绩共振,72.3
000650,仁和药业,5.14,-62.6,1.52,-22.6,-4.28,-13942037,-7651098,-8577323,5954904,2267392,-1455261,缩量,低,情绪退潮,吸筹,资金观望型,机构吸筹+盈利(关注),C,谨慎：资金流入未验证业绩,22.6
000676,智度股份,6.65,-43.8,5.46,59.3,3.72,199679643,166907409,-12152247,-63899102,-46831280,40643295,缩量,低,情绪退潮,观望,资金观望型,,D,回避：资金观望,1.2
000668,荣丰控股,17.0,-39.7,2.75,153.5,-5.12,-35157148,-36071833,-40967968,-6054994,-4758109,5699095,缩量,低,情绪退潮,观望,资金撤退型,,D,回避：资金撤退,-1.7
000655,金岭矿业,7.21,39.1,0.63,-45.6,2.14,3875471,115205,4461071,6173842,6567850,751400,缩量,低,情绪退潮,进场,资金观望型,资金+业绩共振(双击候选),B,关注：资金+业绩共振,72.7
000679,大连友谊,6.32,-37.4,0.88,-44.9,-3.41,-6357231,-15952636,15108651,-462731,-2335333,723109,缩量,低,情绪退潮,观望,长线吸筹型,,D,回避：资金观望,-1.1
000681,视觉中国,15.86,-59.4,0.41,-56.5,-4.48,-70964774,-87384387,-65186833,9093564,-1247107,-10649762,缩量,低,情绪退潮,观望,资金观望型,,D,回避：资金观望,-1.5
000680,山推股份,8.82,-63.9,0.74,-0.7,-1.86,-14887325,-16037848,-73614147,-5943784,-7624071,9071742,缩量,低,情绪退潮,观望,资金撤退型,,D,回避：资金撤退,-0.6
000682,东方电子,10.24,-78.6,0.64,-21.3,-10.59,-39908930,-69548659,-150913290,-6123433,-2118515,5332110,缩量,低,情绪退潮,观望,资金撤退型,,D,回避：资金撤退,-3.5
000685,中山公用,10.62,-75.8,0.93,-39.0,-13.0,-50294968,-60880114,-148395904,3874256,1061000,-6081168,缩量,低,情绪退潮,观望,资金撤退型,,D,回避：资金撤退,-4.3
000688,国城矿业,24.15,-68.2,0.45,-18.5,1.02,17948506,9201677,-352746563,-9203558,-6037753,14564258,缩量,低,情绪退潮,观望,资金观望型,,D,回避：资金观望,0.3
000690,宝新能源,5.15,-39.0,0.41,-31.4,-1.05,-13182685,-35022999,-135898859,4322971,1860711,-5689584,缩量,低,情绪退潮,观望,资金撤退型,,D,回避：资金撤退,-0.4
000665,湖北广电,4.18,137.5,0.6,4.7,3.99,22956617,20311218,4844444,6124024,12617678,1169061,放量,低,游资情绪,抢筹,资金观望型,纯资金炒作(亏损风险),C,谨慎：纯资金炒作,29.3
000695,滨海能源,12.83,-47.6,0.5,-50.1,-5.54,-13266061,-20389969,-3314275,-1594961,-605296,-2155504,缩量,低,情绪退潮,观望,长线吸筹型,,D,回避：资金观望,-1.8
000691,亚太实业,8.98,-65.9,2.86,-32.0,-0.24,-809723,-19956168,-37624446,265674,901928,-1470235,缩量,低,情绪退潮,观望,资金撤退型,,D,回避：资金撤退,-0.1
000678,襄阳轴承,11.72,3.7,0.43,33.9,19.69,165923649,161892017,159399327,49370559,58516847,-29282479,缩量,高,主力控盘,控盘,资金观望型,控盘+亏损(警惕),C,谨慎：控盘但亏损,29
000672,上峰材料,14.65,-55.5,1.2,-7.6,1.49,19533272,14887555,24234971,1632967,-2840931,-244135,缩量,低,情绪退潮,进场,资金观望型,资金+业绩共振(双击候选),B,关注：资金+业绩共振,72.5
000697,炼石航空,9.14,-5.6,0.25,-41.6,-0.84,-2206298,-15416032,-12355408,949188,-3021841,-3054299,缩量,低,情绪退潮,观望,资金观望型,,D,回避：资金观望,-0.3
000700,模塑科技,12.25,12.2,0.64,17.3,1.83,54363018,162057414,201515993,-29635922,-26972631,-10086802,缩量,低,情绪退潮,观望,均衡流入型,,D,回避：资金观望,0.6
000702,正虹科技,5.85,9.8,0.62,-62.9,-0.18,-371284,-1627193,783968,-1872063,-1080792,-828070,缩量,低,情绪退潮,观望,资金观望型,,D,回避：资金观望,-0.1
000719,中原传媒,11.88,-2.8,0.6,7.1,0.81,2594380,-8342308,3546418,-1871619,-5305545,768730,缩量,低,情绪退潮,观望,资金观望型,,D,回避：资金观望,0.3
000683,博源化工,5.58,-67.3,1.47,-50.9,5.93,56887206,105269348,240215561,42175007,48361556,-14709305,缩量,中,主力惜售,吸筹,主力强攻型,资金+业绩共振(双击候选),B,关注：资金+业绩共振,78.0
000721,西安饮食,6.06,-54.9,1.9,-63.3,-0.91,-3961988,-31196266,80603849,-886280,-937363,836087,缩量,低,情绪退潮,观望,长线吸筹型,,D,回避：资金观望,-0.3
000722,湖南发展,12.88,-64.5,0.92,-14.1,-6.18,-63596507,-80878328,32486339,-1654676,-1734185,-6203284,缩量,低,情绪退潮,观望,长线吸筹型,,D,回避：资金观望,-2.1
000723,美锦能源,3.47,-33.8,0.67,-50.8,-5.28,-49815427,-72532148,-67207803,3983013,4019395,4870342,缩量,低,情绪退潮,观望,资金观望型,,D,回避：资金观望,-1.8
000725,京东方Ａ,5.71,-65.3,5.31,70.6,-1.69,-648746937,2201581184,-2265257714,-227588697,-167402814,268441817,缩量,低,情绪退潮,观望,资金观望型,,D,回避：资金观望,-0.6
000726,鲁  泰Ａ,5.97,-15.7,0.53,61.9,-6.34,-13093468,-3182598,-12764677,-675652,-618921,-1343661,缩量,低,情绪退潮,观望,资金观望型,,D,回避：资金观望,-2.1
000703,恒逸石化,15.69,61.0,0.88,-18.2,3.87,268771025,297399667,651740351,-121953282,-173421055,48424681,放量,低,游资情绪,观望,均衡流入型,,D,回避：资金观望,9.3
000728,国元证券,7.2,-31.3,1.05,-45.0,-2.91,-19139363,-23679168,-180799877,8916953,-7979565,-12952817,缩量,低,情绪退潮,观望,资金撤退型,,D,回避：资金撤退,-1.0
000712,锦龙股份,9.82,18.7,1.36,-72.5,-3.23,-60460750,-128366543,-276519452,-3562478,-5780689,17715563,缩量,低,情绪退潮,观望,资金撤退型,,D,回避：资金撤退,-1.1
000708,中信特钢,12.8,-37.2,0.82,-28.1,1.99,11371827,-11658475,6645881,-5164945,-3111854,-4055865,缩量,低,情绪退潮,观望,资金观望型,,D,回避：资金观望,0.7
000711,京蓝科技,4.68,-52.4,1.25,-42.5,-3.28,-55757719,-210249053,-1298866181,3210744,11546690,2223876,缩量,低,情绪退潮,观望,资金撤退型,,D,回避：资金撤退,-1.1
000715,中兴商业,5.3,-45.9,0.22,-38.5,-2.86,-4347249,-7244676,-37840290,-1265722,-570280,569654,缩量,低,情绪退潮,观望,资金撤退型,,D,回避：资金撤退,-1.0
000716,黑芝麻,4.94,-40.8,0.65,-71.7,-1.48,-7065139,-27571175,-159332210,2880173,-788050,-2284904,缩量,低,情绪退潮,观望,资金撤退型,,D,回避：资金撤退,-0.5
000710,贝瑞基因,9.88,170.4,1.61,219.3,4.4,101963385,188090248,142348138,-30534399,-17052506,32105535,放量,低,游资情绪,观望,趋势转多型,,D,回避：资金观望,9.5
000738,航发控制,18.67,-39.3,0.42,-41.3,-2.87,-26509419,-133745563,-106230733,980746,-2164443,4704530,缩量,低,情绪退潮,观望,资金观望型,,D,回避：资金观望,-1.0
000717,中南股份,2.17,23.7,0.76,-0.8,3.52,8888362,20871063,29833096,-1895503,-104192,5015158,缩量,低,情绪退潮,观望,主力建仓型,,D,回避：资金观望,1.2
000701,厦门信达,5.13,19.8,0.79,18.1,5.9,30198548,17724210,25112366,-10035913,-1767308,15928182,缩量,中,主力惜售,进场,资金观望型,资金+业绩共振(双击候选),B,关注：资金+业绩共振,86.0
000720,新能泰山,3.59,-61.8,0.36,78.5,-2.36,-16664275,113695227,112318313,9486256,8102529,-1337026,缩量,低,情绪退潮,吸筹,资金观望型,纯资金炒作(亏损风险),C,谨慎：纯资金炒作,3.2
000705,浙江震元,7.13,-38.0,0.49,-8.0,2.34,3857603,7180341,-1476315,348153,524828,-1479505,缩量,低,情绪退潮,进场,趋势转多型,资金+业绩共振(双击候选),B,关注：资金+业绩共振,72.8
000753,漳州发展,5.44,411.0,0.32,129.3,4.78,99328952,242928570,262974749,-2770872,14819573,22819232,放量,低,游资情绪,观望,主力建仓型,,D,回避：资金观望,9.6
000755,山西高速,4.68,-34.2,0.69,-20.4,-5.18,-3845945,-4722653,-5976388,443445,578912,615552,缩量,低,情绪退潮,观望,资金撤退型,,D,回避：资金撤退,-1.7
000756,新华制药,13.98,191.6,3.57,574.6,0.92,49646608,60178704,27562307,-21088904,-4620332,29654904,放量,低,游资情绪,观望,趋势转多型,,D,回避：资金观望,8.3
000757,浩物股份,4.3,-41.6,0.86,-2.2,1.22,2619931,1758520,-12856921,-6480302,-1191313,4596980,缩量,低,情绪退潮,观望,资金观望型,,D,回避：资金观望,0.4
000758,中色股份,5.71,-53.1,0.48,-32.7,-5.12,-33724595,-73446866,-165024483,4104439,4826230,712894,缩量,低,情绪退潮,观望,资金撤退型,,D,回避：资金撤退,-1.7
000759,中百集团,6.1,-59.5,7.73,-40.3,-3.06,-67139755,-80120229,81745970,-6886998,5961904,6485275,缩量,低,情绪退潮,观望,资金观望型,,D,回避：资金观望,-1.0
000727,冠捷科技,2.18,-19.6,0.31,-13.4,-0.96,-6717358,-4273906,-69980336,3904374,2621599,-1960873,缩量,低,情绪退潮,吸筹,资金观望型,纯资金炒作(亏损风险),C,谨慎：纯资金炒作,3.7
000762,西藏矿业,20.49,-69.1,0.19,-40.6,-8.06,-59757263,-90503279,-132926933,1866248,-336781,-592517,缩量,低,情绪退潮,观望,资金撤退型,,D,回避：资金撤退,-2.7
000729,燕京啤酒,10.81,-65.3,0.67,24.9,4.03,44518807,77792233,88051237,450234,2501945,3335750,缩量,低,情绪退潮,进场,主力建仓型,资金+业绩共振(双击候选),B,关注：资金+业绩共振,73.3
000766,通化金马,15.17,-77.1,0.43,-18.5,-4.13,-30471858,-54156488,-253308,-729671,536441,-6514682,缩量,低,情绪退潮,观望,长线吸筹型,,D,回避：资金观望,-1.4
000707,双环科技,4.59,-17.8,0.4,-22.8,4.59,7156108,22106291,14774760,42672,748969,-538695,缩量,低,情绪退潮,吸筹,趋势转多型,纯资金炒作(亏损风险),C,谨慎：纯资金炒作,5.5
000713,国投丰乐,6.06,179.9,0.52,-34.5,-0.2,-1460115,52111112,82129135,3440925,1097910,-8697646,放量,低,游资情绪,抢筹,资金观望型,机构吸筹+盈利(关注),C,谨慎：资金流入未验证业绩,47.9
000776,广发证券,19.74,-68.8,1.13,-34.4,-7.96,-286899975,-311131679,-511371526,-49153039,-70448604,-4265199,缩量,低,情绪退潮,观望,资金撤退型,,D,回避：资金撤退,-2.7
000733,振华科技,39.04,-75.0,0.95,17.7,1.16,20477414,-31683565,-104306958,-6176871,-8357261,6918741,缩量,低,情绪退潮,观望,资金观望型,,D,回避：资金观望,0.4
000709,河钢股份,2.0,-30.8,0.35,-24.7,4.11,31827875,52208941,91845500,4546851,2099087,-2044048,缩量,低,情绪退潮,吸筹,主力建仓型,资金+业绩共振(双击候选),B,关注：资金+业绩共振,65.4
000739,普洛药业,26.56,-19.8,2.87,15.9,-0.8,-18724699,18044540,-86791682,5965633,8236460,-10945165,缩量,低,情绪退潮,观望,资金观望型,,D,回避：资金观望,-0.3
000736,中交发展,4.8,91.8,1.67,-30.3,-7.29,-40157740,-13713492,-41736776,-1404582,-4199041,-3970062,放量,低,游资情绪,观望,资金观望型,,D,回避：资金观望,5.6
000737,北方铜业,13.43,-15.5,0.87,-41.1,-3.25,-189836720,-215858414,-243178700,20032767,7906227,-14402445,缩量,低,情绪退潮,观望,资金撤退型,,D,回避：资金撤退,-1.1
000718,苏宁环球,2.11,135.7,0.49,27.6,0.3,1189500,18686653,2517626,9031872,12510911,-5792088,放量,低,游资情绪,抢筹,趋势转多型,资金+业绩共振(双击候选),B,关注：资金+业绩共振,88.1
000788,北大医药,5.44,-42.4,0.72,-10.6,-1.48,-4850887,1244831,-8319797,-192973,-511618,-2302513,缩量,低,情绪退潮,观望,资金观望型,,D,回避：资金观望,-0.5
000751,锌业股份,4.38,-78.8,0.42,-63.1,-6.48,-28766011,-33128249,-143350626,1824803,2937545,1358004,缩量,低,情绪退潮,观望,资金撤退型,,D,回避：资金撤退,-2.2
000790,华神科技,4.44,641.4,0.29,295.7,2.66,43174443,57054247,67665283,-30980462,-31841656,23093375,放量,低,游资情绪,观望,均衡流入型,,D,回避：资金观望,8.9
000791,甘肃能源,7.0,-64.4,0.31,-11.9,-4.97,-22481479,-55209885,-38683960,-10796453,-9955082,5677313,缩量,低,情绪退潮,观望,资金观望型,,D,回避：资金观望,-1.7
000761,本钢板材,2.27,62.3,0.66,-9.2,3.38,8530853,22883990,38122566,750710,-385083,1912840,放量,低,游资情绪,进场,主力建仓型,纯资金炒作(亏损风险),C,谨慎：纯资金炒作,21.1
000796,凯撒旅业,3.49,-28.2,0.52,-52.9,-0.48,-3720228,-63246104,-22337920,-7217536,-681737,13888240,缩量,低,情绪退潮,观望,资金观望型,,D,回避：资金观望,-0.2
000797,中国武夷,2.7,285.7,0.61,62.6,3.61,32129517,72271454,111192178,-421233,-3282523,1870249,放量,低,游资情绪,观望,主力建仓型,,D,回避：资金观望,9.2
000798,中水渔业,9.6,97.0,0.73,-59.7,-6.16,-47724635,-85713404,70804736,-3939312,-5204116,118230,放量,低,游资情绪,观望,长线吸筹型,,D,回避：资金观望,5.9
000799,酒鬼酒,36.01,-79.6,1.47,-34.7,-3.49,-26311798,-51041436,-155040204,6991,1282741,4669525,缩量,低,情绪退潮,观望,资金撤退型,,D,回避：资金撤退,-1.2
000767,晋控电力,3.27,-83.6,0.89,-19.9,-4.29,-41940029,-73804049,-26330118,7360464,5367537,-5089782,缩量,低,情绪退潮,吸筹,资金观望型,机构吸筹+盈利(关注),C,谨慎：资金流入未验证业绩,22.6
000801,四川九洲,11.52,-51.0,0.51,-52.9,-5.63,-25182200,-36027310,-122630022,-3204326,1004878,2379288,缩量,低,情绪退潮,观望,资金撤退型,,D,回避：资金撤退,-1.9
000777,中核科技,16.1,-83.1,1.09,-35.9,-8.97,-19778538,-36845595,-48978251,-2392453,-557582,1497585,缩量,低,情绪退潮,观望,资金撤退型,,D,回避：资金撤退,-3.0
000803,山高环能,6.86,-55.9,0.43,-15.6,1.06,2907294,11019497,-1982616,-2505184,-3006189,3078450,缩量,低,情绪退潮,观望,趋势转多型,,D,回避：资金观望,0.4
000807,云铝股份,26.47,-29.7,1.28,-29.3,-1.06,-70142058,96464689,84056593,107843360,57908771,-141175034,缩量,低,情绪退潮,观望,资金观望型,,D,回避：资金观望,-0.4
000809,和展能源,3.47,104.2,0.48,117.9,4.97,23868622,58681370,54581820,-4704370,-907339,11052434,放量,低,游资情绪,观望,趋势转多型,,D,回避：资金观望,9.7
000810,创维数字,9.1,-71.3,1.41,-30.1,-11.8,-71146149,-71898983,-72028899,-3425480,-2170550,6363065,缩量,低,情绪退潮,观望,资金撤退型,,D,回避：资金撤退,-3.9
000811,冰轮环境,37.88,-59.8,1.9,12.0,-0.04,-3109966,548963751,130339295,55808744,11847289,4900398,缩量,低,情绪退潮,观望,资金观望型,,D,回避：资金观望,-0.0
000812,陕西金叶,3.74,46.8,1.17,21.3,0.22,1140000,70941057,68680672,-1711648,-3773886,10890933,缩量,低,情绪退潮,观望,趋势转多型,,D,回避：资金观望,0.1
000735,罗 牛 山,5.76,132.8,0.88,-41.6,-3.74,-60483109,-11584242,-8851755,4670621,8685740,-7127637,放量,低,游资情绪,吸筹,资金观望型,机构吸筹+盈利(关注),C,谨慎：资金流入未验证业绩,30.8
000815,美利云,14.46,-85.4,0.57,-32.1,-1.46,-40619984,-164670997,-331445837,-19555653,-11904570,22637822,缩量,低,情绪退潮,观望,资金撤退型,,D,回避：资金撤退,-0.5
000816,智慧农业,2.79,-28.2,0.57,-51.0,-0.14,-975684,12530721,60765388,875186,1677085,2243974,缩量,低,情绪退潮,观望,长线吸筹型,,D,回避：资金观望,-0.0
000731,四川美丰,8.03,35.6,0.53,-37.2,9.39,47586770,145804254,200360143,3691909,648451,-1802857,缩量,中,主力惜售,进场,主力强攻型,纯资金炒作(亏损风险),C,谨慎：纯资金炒作,27.1
000782,恒申新材,8.12,-62.7,0.5,-10.7,-5.14,-23110301,-22712021,-124088280,3407249,2050989,-4873439,缩量,低,情绪退潮,观望,资金观望型,,D,回避：资金观望,-1.7
000819,岳阳兴长,12.19,-14.4,0.49,-13.2,0.69,1418865,-2189532,7492357,-1187005,-203584,369958,缩量,低,情绪退潮,观望,资金观望型,,D,回避：资金观望,0.2
000820,神雾节能,3.56,-70.8,1.59,-8.7,-0.31,-675685,1937735,-3066172,352824,-129219,-311552,缩量,低,情绪退潮,观望,资金观望型,,D,回避：资金观望,-0.1
000779,甘咨询,8.45,-83.7,13.8,-59.7,-3.09,-36012369,-31596077,-170844435,4574460,3916185,-1397791,缩量,低,情绪退潮,吸筹,资金观望型,机构吸筹+盈利(关注),C,谨慎：资金流入未验证业绩,23.0
000778,新兴铸管,3.53,-52.4,0.59,-49.0,-4.05,-25538021,-35438751,-42873876,7340994,3006845,-971351,缩量,低,情绪退潮,吸筹,资金撤退型,机构吸筹+盈利(关注),C,谨慎：资金流入未验证业绩,22.6
000825,太钢不锈,3.35,-11.4,0.61,-0.1,1.06,5594714,-9192448,-19963825,-3373908,-9465738,3042531,缩量,低,情绪退潮,观望,资金观望型,,D,回避：资金观望,0.4
000783,长江证券,7.94,-72.9,0.59,-54.9,-11.84,-267364043,-336578367,-480139859,-43346001,-51563779,41649595,缩量,低,情绪退潮,观望,资金撤退型,,D,回避：资金撤退,-3.9
000785,居然智家,2.29,33.0,0.99,18.1,4.79,44862157,68574729,63716050,-5903809,-3105779,7478073,缩量,低,情绪退潮,观望,趋势转多型,,D,回避：资金观望,1.6
000830,鲁西化工,11.22,-53.8,0.53,-48.4,-2.82,-28116483,-25035744,-98745749,-13805696,-7454388,17244069,缩量,低,情绪退潮,观望,资金观望型,,D,回避：资金观望,-0.9
000786,北新建材,16.24,-32.7,1.0,-31.8,2.51,33511462,33883326,-160233546,25376728,13170175,-9022026,缩量,低,情绪退潮,吸筹,趋势转多型,资金+业绩共振(双击候选),B,关注：资金+业绩共振,64.8
000833,粤桂股份,18.41,-65.5,0.22,-57.5,-11.39,-171753526,-181210395,-251080840,-2382051,-886629,2423973,缩量,低,情绪退潮,观望,资金撤退型,,D,回避：资金撤退,-3.8
000837,秦川机床,9.51,-77.2,1.03,-26.7,-1.76,-6634553,-8971908,-79245283,65516,-522500,885453,缩量,低,情绪退潮,观望,资金撤退型,,D,回避：资金撤退,-0.6
000789,万年青,4.17,15.6,0.88,-49.0,4.79,6071757,8634689,49189886,413259,-43236,392585,缩量,低,情绪退潮,进场,主力建仓型,资金+业绩共振(双击候选),B,关注：资金+业绩共振,73.6
000848,承德露露,7.94,-61.6,0.64,-26.9,-0.73,-3475810,-1498384,-55457898,-4489680,-1555895,1024829,缩量,低,情绪退潮,观望,资金观望型,,D,回避：资金观望,-0.2
000850,华茂股份,4.63,72.1,0.65,388.4,-5.09,-75904363,-68356246,-83626127,-8911824,-2236290,7011209,放量,低,游资情绪,观望,资金观望型,,D,回避：资金观望,6.3
000792,盐湖股份,23.5,-54.5,0.3,-18.4,-7.25,-391247433,-443723358,-1230810294,112190082,77926104,-60491572,缩量,低,情绪退潮,吸筹,资金撤退型,机构吸筹+盈利(关注),C,谨慎：资金流入未验证业绩,21.6
000856,冀东装备,8.9,8.1,0.27,-30.8,1.73,3001450,-1141006,21364782,-260996,0,216982,缩量,低,情绪退潮,观望,长线吸筹型,,D,回避：资金观望,0.6
000858,五 粮 液,68.77,-74.9,0.71,-42.0,-8.09,-400077122,-468041413,-1686188418,-19724060,-14472549,39347041,缩量,低,情绪退潮,观望,资金撤退型,,D,回避：资金撤退,-2.7
000859,国风新材,8.62,-66.8,1.77,99.1,-3.96,-70505135,48896232,2850138,-12238170,-7177769,6854136,缩量,低,情绪退潮,观望,资金观望型,,D,回避：资金观望,-1.3
000750,国海证券,3.59,-41.2,0.86,-38.0,-4.73,-28139870,-19786262,-60334181,14206608,10446000,-5942276,缩量,低,情绪退潮,吸筹,资金观望型,机构吸筹+盈利(关注),C,谨慎：资金流入未验证业绩,22.4
000800,一汽解放,5.84,-46.6,0.68,-19.3,0.42,1178057,4490449,27323642,373049,313529,2837128,缩量,低,情绪退潮,进场,长线吸筹型,资金+业绩共振(双击候选),B,关注：资金+业绩共振,72.1
000862,银星能源,5.32,-67.6,0.79,-4.3,-3.93,-14744899,-30940622,-12484264,-5232379,-4525567,4862984,缩量,低,情绪退潮,观望,资金观望型,,D,回避：资金观望,-1.3
000863,三湘印象,4.52,32.6,0.31,-5.8,0.12,597412,13246637,28634452,-2066186,2032208,8836734,缩量,低,情绪退潮,观望,均衡流入型,,D,回避：资金观望,0.0
000795,英洛华,8.18,-59.3,1.01,8.6,1.35,8566039,-23565124,-107984150,1065332,1456738,-1059746,缩量,低,情绪退潮,吸筹,资金观望型,资金+业绩共振(双击候选),B,关注：资金+业绩共振,64.5
000802,北京文化,3.91,-29.2,1.13,-46.6,0.78,9531618,3265850,-46011661,10464555,5291383,12817506,缩量,低,情绪退潮,进场,资金观望型,纯资金炒作(亏损风险),C,谨慎：纯资金炒作,12.3
000869,张  裕Ａ,16.76,75.9,0.88,34.8,1.7,5026017,6867766,8595815,-3485190,-1419444,288370,放量,低,游资情绪,观望,均衡流入型,,D,回避：资金观望,8.6
000875,电投绿能,4.6,-70.9,0.75,-3.5,-11.47,-72237867,-80732201,-127769714,4872044,-506018,-372305,缩量,低,情绪退潮,观望,资金撤退型,,D,回避：资金撤退,-3.8
000823,超声电子,24.4,221.3,1.33,168.2,1.05,217161880,-378779396,633038434,221618476,296908761,-20430027,放量,低,游资情绪,抢筹,资金观望型,资金+业绩共振(双击候选),B,关注：资金+业绩共振,88.3
000768,中航西飞,22.5,31.8,0.55,-47.7,6.56,183448652,-7089135,-259866189,15266448,-5689041,-83591867,缩量,中,主力惜售,进场,资金观望型,资金+业绩共振(双击候选),B,关注：资金+业绩共振,86.2
000822,山东海化,4.23,-60.0,0.36,-56.2,1.38,2181092,1030529,1881929,2090762,808466,637902,缩量,低,情绪退潮,进场,资金观望型,纯资金炒作(亏损风险),C,谨慎：纯资金炒作,12.5
000880,潍柴重机,23.59,-45.5,0.43,4.7,-4.31,-57977207,55324777,36732071,-7948741,-4404863,4690312,缩量,低,情绪退潮,观望,资金观望型,,D,回避：资金观望,-1.4
000813,德展健康,3.2,-47.5,0.78,-72.9,-5.97,-24787999,-42162304,58137252,7250644,6571706,-4421571,缩量,低,情绪退潮,吸筹,长线吸筹型,纯资金炒作(亏损风险),C,谨慎：纯资金炒作,2.0
000828,东莞控股,9.91,-23.7,1.08,-24.3,0.4,848709,10026296,-8976681,630367,3689587,-1017585,缩量,低,情绪退潮,吸筹,趋势转多型,资金+业绩共振(双击候选),B,关注：资金+业绩共振,64.1
000818,航锦科技,11.31,-80.1,0.33,14.9,2.42,16465206,-584329,-92887543,310640,2068643,-1363366,缩量,低,情绪退潮,吸筹,资金观望型,纯资金炒作(亏损风险),C,谨慎：纯资金炒作,4.8
000885,城发环境,11.61,-70.3,0.65,-30.3,-3.59,-4015789,-22439492,-25646737,-1464134,-37158,1228836,缩量,低,情绪退潮,观望,资金撤退型,,D,回避：资金撤退,-1.2
000887,中鼎股份,18.45,-69.2,2.18,-33.7,-1.87,-37214422,76750797,-134930136,-26688910,-18228464,13273287,缩量,低,情绪退潮,观望,资金观望型,,D,回避：资金观望,-0.6
000888,峨眉山Ａ,9.08,-50.2,0.71,-56.3,-4.6,-12544498,-41969701,-65617214,-2422259,-1664136,169731,缩量,低,情绪退潮,观望,资金撤退型,,D,回避：资金撤退,-1.5
000889,中嘉博创,3.7,-64.7,0.3,-32.8,0.24,1558003,23237186,62322663,-738408,258010,6264608,缩量,低,情绪退潮,观望,均衡流入型,,D,回避：资金观望,0.1
000890,法尔胜,7.08,-11.8,0.08,-67.0,-0.54,-3767206,-69003666,147031151,-6375234,-2468943,8049074,缩量,低,情绪退潮,观望,长线吸筹型,,D,回避：资金观望,-0.2
000829,天音控股,9.15,38.9,0.54,60.5,6.84,127864919,118757930,38418634,1867662,-7955783,23576169,缩量,中,主力惜售,进场,资金观望型,纯资金炒作(亏损风险),C,谨慎：纯资金炒作,26.3
000893,亚钾国际,35.95,-44.6,0.89,-44.6,-7.49,-157072682,-209098285,-146755982,-6376229,2350394,3442218,缩量,低,情绪退潮,观望,资金观望型,,D,回避：资金观望,-2.5
000831,中国稀土,53.23,-53.2,0.73,-10.2,2.22,104387369,324103010,-155301647,71056226,71752845,-53452375,缩量,低,情绪退潮,吸筹,趋势转多型,资金+业绩共振(双击候选),B,关注：资金+业绩共振,64.7
000897,津滨发展,1.95,110.1,0.58,21.8,-1.83,-7309045,10573159,13929786,-4159614,-4168406,8725509,放量,低,游资情绪,观望,资金观望型,,D,回避：资金观望,7.4
000852,石化机械,5.28,-34.8,0.71,-68.2,-10.29,-31796449,-43001614,70905614,5879772,4052421,-2963508,缩量,低,情绪退潮,吸筹,长线吸筹型,机构吸筹+盈利(关注),C,谨慎：资金流入未验证业绩,20.6
000899,赣能股份,8.99,-80.3,0.6,-23.6,-4.59,-17257910,-73280368,-55149345,3233206,865156,-3201615,缩量,低,情绪退潮,观望,资金观望型,,D,回避：资金观望,-1.5
000900,现代投资,3.56,-15.3,0.6,-25.1,4.97,8085887,18433968,26154129,-4743909,-2011238,6127039,缩量,低,情绪退潮,观望,主力建仓型,,D,回避：资金观望,1.7
000839,国安股份,2.89,-9.8,1.7,36.3,0.71,8680591,318135873,377821519,26682265,23713539,-15500724,缩量,低,情绪退潮,吸筹,均衡流入型,资金+业绩共振(双击候选),B,关注：资金+业绩共振,64.2
000860,顺鑫农业,10.09,-55.7,1.42,-33.9,-7.26,-35007217,-17711759,-44998737,3084526,3740292,-2525675,缩量,低,情绪退潮,吸筹,资金观望型,纯资金炒作(亏损风险),C,谨慎：纯资金炒作,1.6
000868,安凯客车,4.18,887.8,0.98,830.3,5.64,92059769,186389077,185152958,-20168239,-17565116,14222716,放量,中,主力偏强放量,进场,短线抢筹型,纯资金炒作(亏损风险),C,谨慎：纯资金炒作,29.9
000877,天山股份,3.69,78.3,0.63,96.6,6.45,52705839,65430448,77466077,7425629,9253703,-2240960,放量,中,主力偏强放量,吸筹,均衡流入型,纯资金炒作(亏损风险),C,谨慎：纯资金炒作,22.1
000876,新 希 望,6.89,-41.9,0.89,-59.4,-5.52,-64771519,-114922425,65423348,10487070,11797302,-2950903,缩量,低,情绪退潮,吸筹,长线吸筹型,纯资金炒作(亏损风险),C,谨慎：纯资金炒作,2.2
000882,华联股份,1.53,3.2,0.74,42.9,0.02,92237,87256206,85069974,1835545,4461906,5564542,缩量,低,情绪退潮,进场,趋势转多型,纯资金炒作(亏损风险),C,谨慎：纯资金炒作,12.0
000878,云南铜业,15.95,-39.2,0.6,-41.9,0.04,1314684,-145209406,-227110833,34473452,26647142,-30506421,缩量,低,情绪退潮,进场,资金观望型,资金+业绩共振(双击候选),B,关注：资金+业绩共振,72.0
000886,海南高速,4.69,-10.0,0.52,-20.7,3.73,11116228,9374435,17466324,1702147,3289944,6595873,缩量,低,情绪退潮,进场,资金观望型,资金+业绩共振(双击候选),B,关注：资金+业绩共振,73.2
000917,电广传媒,6.81,-54.3,0.62,-51.0,-1.56,-10218044,-20050306,-78912834,-5274143,-5533516,3080904,缩量,低,情绪退潮,观望,资金撤退型,,D,回避：资金撤退,-0.5
000919,金陵药业,6.43,-43.8,0.55,-16.4,0.96,2617516,-14596252,-48535907,-5142663,-5064206,59846,缩量,低,情绪退潮,观望,资金观望型,,D,回避：资金观望,0.3
000920,沃顿科技,12.16,-54.6,4.09,339.5,3.36,42317434,91974320,87728794,-6971930,-3199997,5147023,缩量,低,情绪退潮,观望,趋势转多型,,D,回避：资金观望,1.1
000921,海信家电,26.5,-66.5,0.91,-28.9,2.94,21610222,67188781,360418629,-3197842,-754102,7418893,缩量,低,情绪退潮,观望,主力建仓型,,D,回避：资金观望,1.0
000895,双汇发展,23.41,-30.9,1.01,-32.8,8.28,92698551,80329512,120825688,48875551,41117608,-24862084,缩量,中,主力惜售,吸筹,资金观望型,资金+业绩共振(双击候选),B,关注：资金+业绩共振,78.8
000923,河钢资源,15.45,-37.4,0.64,-52.4,-0.72,-6378137,-8211517,125970517,12515292,8512546,1068617,缩量,低,情绪退潮,观望,长线吸筹型,,D,回避：资金观望,-0.2
000925,众合科技,7.9,-43.0,0.13,-58.2,-8.11,-49069277,-116153056,-322631233,6609798,11048328,852995,缩量,低,情绪退潮,观望,资金撤退型,,D,回避：资金撤退,-2.7
000926,福星股份,2.16,33.1,0.63,11.2,-0.16,-729690,-4411734,-42399369,-9462951,-2845253,10996391,缩量,低,情绪退潮,观望,资金撤退型,,D,回避：资金撤退,-0.1
000881,中广核技,6.37,-65.2,0.8,-8.7,-7.16,-13094097,-13301702,-46866544,2996920,2424148,-583308,缩量,低,情绪退潮,吸筹,资金撤退型,纯资金炒作(亏损风险),C,谨慎：纯资金炒作,1.6
000928,中钢国际,5.29,-40.6,0.31,-62.2,-0.73,-2414179,-2454851,36815702,978036,1473717,1804923,缩量,低,情绪退潮,观望,长线吸筹型,,D,回避：资金观望,-0.2
000929,兰州黄河,9.45,14.9,1.04,-27.8,-2.88,-5428121,-6883547,-12722344,-912875,-676005,2749181,缩量,低,情绪退潮,观望,资金撤退型,,D,回避：资金撤退,-1.0
000930,中粮科技,5.02,73.8,0.69,-39.2,-9.96,-127243296,-224012583,-138826694,-3697571,-5555573,-1701247,放量,低,游资情绪,观望,资金观望型,,D,回避：资金观望,4.7
000931,中 关 村,4.52,39.0,0.86,-57.1,-3.22,-12107508,-23239234,-53558556,-2463461,562139,-1761972,缩量,低,情绪退潮,观望,资金撤退型,,D,回避：资金撤退,-1.1
000932,华菱钢铁,3.44,-53.3,0.78,-16.2,2.68,30441586,95423006,95660975,-18329413,-765200,20102241,缩量,低,情绪退潮,观望,主力建仓型,,D,回避：资金观望,0.9
000883,湖北能源,4.33,-55.0,0.67,-23.4,4.51,18300004,-10008054,-58178565,8395361,5811525,-6854005,缩量,低,情绪退潮,进场,资金观望型,资金+业绩共振(双击候选),B,关注：资金+业绩共振,73.5
000892,欢瑞世纪,4.58,98.0,1.7,-42.7,2.35,65163659,-2050926,82831866,83579299,55002103,-70671559,放量,低,游资情绪,抢筹,资金观望型,纯资金炒作(亏损风险),C,谨慎：纯资金炒作,28.8
000936,华西股份,5.44,-40.1,0.37,-14.9,-2.37,-10864073,5695013,-48384281,9261932,5981870,-9821924,缩量,低,情绪退潮,观望,资金观望型,,D,回避：资金观望,-0.8
000937,冀中能源,4.36,-5.9,0.48,-46.1,2.48,16835743,73780498,-95221874,-5167797,-513554,4677308,缩量,低,情绪退潮,观望,趋势转多型,,D,回避：资金观望,0.8
000938,紫光股份,31.53,-86.6,1.91,-31.0,-6.64,-1055642564,-800240222,-3717044015,-199468997,-147866410,256670533,缩量,低,情绪退潮,观望,资金观望型,,D,回避：资金观望,-2.2
000948,南天信息,13.22,-85.3,3.07,-31.1,-3.11,-13182254,-16138709,-98506323,-2450984,94,2638627,缩量,低,情绪退潮,观望,资金撤退型,,D,回避：资金撤退,-1.0
000949,新乡化纤,6.41,-17.8,0.57,-49.1,-0.84,-8048133,-27462254,-260661726,-18520597,-17904332,4098941,缩量,低,情绪退潮,观望,资金撤退型,,D,回避：资金撤退,-0.3
000950,重药控股,5.2,-73.0,1.1,-32.7,2.22,7823853,15583349,-39857211,-1444051,-3588776,-3216628,缩量,低,情绪退潮,观望,趋势转多型,,D,回避：资金观望,0.7
000951,中国重汽,19.92,-36.4,0.47,-24.4,-0.65,-5169890,-15973656,-58323151,1836741,3270172,-3526562,缩量,低,情绪退潮,观望,资金撤退型,,D,回避：资金撤退,-0.2
000952,广济药业,6.6,-23.4,0.46,-4.8,-2.02,-3974477,-3633141,-8147899,-718991,0,170932,缩量,低,情绪退潮,观望,资金观望型,,D,回避：资金观望,-0.7
000953,中哲精化,6.0,-42.7,0.83,-25.7,-5.2,-8544733,-10437819,-13294677,-599532,0,755200,缩量,低,情绪退潮,观望,资金撤退型,,D,回避：资金撤退,-1.7
000955,欣龙控股,4.09,-30.5,0.95,22.6,-7.18,-16693330,-20198086,-26671184,3100758,1877389,234933,缩量,低,情绪退潮,观望,资金撤退型,,D,回避：资金撤退,-2.4
000898,鞍钢股份,2.02,-6.6,0.86,-17.4,1.91,7663855,20124598,32383240,5918674,6905328,2312976,缩量,低,情绪退潮,进场,均衡流入型,纯资金炒作(亏损风险),C,谨慎：纯资金炒作,12.6
000957,中通客车,9.86,44.4,0.44,-23.8,-2.4,-11436851,-1128898,18096047,15999811,9214504,-16154370,缩量,低,情绪退潮,观望,资金观望型,,D,回避：资金观望,-0.8
000958,电投产融,4.92,-54.4,0.47,15.4,-7.72,-20821191,-43774388,-47353855,-5972439,-4802417,4085968,缩量,低,情绪退潮,观望,资金撤退型,,D,回避：资金撤退,-2.6
000901,航天科技,13.81,-72.2,0.23,-28.4,0.05,367500,-30024888,-78234692,-1687659,-2449467,4430339,缩量,低,情绪退潮,观望,资金观望型,,D,回避：资金观望,0.0
000960,锡业股份,30.6,-75.0,0.71,-27.6,-2.27,-86224533,-259471060,-360421763,-7772874,-17449541,-3786116,缩量,低,情绪退潮,观望,资金撤退型,,D,回避：资金撤退,-0.8
000962,东方钽业,55.45,-65.0,1.85,29.8,-2.52,-117110941,169138689,-69776639,11437220,-12173197,-35970023,缩量,低,情绪退潮,观望,资金观望型,,D,回避：资金观望,-0.8
000902,新洋丰,13.36,-64.8,0.62,-53.5,-3.88,-13140279,-36064868,19349851,-3614770,-2559043,-2534028,缩量,低,情绪退潮,观望,长线吸筹型,,D,回避：资金观望,-1.3
000905,厦门港务,9.17,207.9,0.59,48.0,4.43,68206445,85687614,93819252,-25778729,-16728098,12399733,放量,低,游资情绪,观望,均衡流入型,,D,回避：资金观望,9.5
000908,石药景峰,5.95,-78.7,1.88,-0.1,-4.35,-16960884,-26119227,-40550162,-343352,-3596185,-2962467,缩量,低,情绪退潮,观望,资金撤退型,,D,回避：资金撤退,-1.4
000910,大亚圣象,6.44,1855.2,0.64,977.9,-1.63,-35530971,-27689266,-32251905,-3009580,-9595814,-28062118,放量,低,游资情绪,观望,资金观望型,,D,回避：资金观望,7.5
000968,蓝焰控股,6.83,-78.0,0.69,-53.7,-1.5,-6995208,-25370497,-22886738,5415590,1321724,-8027161,缩量,低,情绪退潮,观望,资金观望型,,D,回避：资金观望,-0.5
000969,安泰科技,16.25,-75.4,1.06,-19.8,-3.23,-40162358,-87562231,-186401900,-6819350,-4981480,15891764,缩量,低,情绪退潮,观望,资金撤退型,,D,回避：资金撤退,-1.1
000970,中科三环,10.99,-89.6,3.86,-24.0,-5.55,-52540861,-95493873,-283452865,8543374,1601432,-7633377,缩量,低,情绪退潮,观望,资金撤退型,,D,回避：资金撤退,-1.8
000972,中基健康,3.86,3.4,0.8,-57.8,-6.4,-17673445,-36378354,-77916359,-1340924,-347109,555782,缩量,低,情绪退潮,观望,资金撤退型,,D,回避：资金撤退,-2.1
000973,佛塑科技,11.4,-65.4,0.35,-24.3,-10.18,-131547489,-172669859,-472634216,11866092,10901243,1111691,缩量,低,情绪退潮,观望,资金撤退型,,D,回避：资金撤退,-3.4
000975,山金国际,22.27,-49.4,1.13,-2.1,-7.07,-290642205,-150881908,-489356257,46838588,43314863,4427508,缩量,低,情绪退潮,观望,资金观望型,,D,回避：资金观望,-2.4
000977,浪潮信息,67.18,-81.1,1.5,-56.3,-9.33,-1284817176,-1056659792,-4791165003,-80772650,-78169474,64979488,缩量,低,情绪退潮,观望,资金观望型,,D,回避：资金观望,-3.1
000912,泸天化,3.88,20.6,0.19,-62.4,-2.46,-19747889,-125813908,-78106400,2006751,514428,852088,缩量,低,情绪退潮,观望,资金观望型,,D,回避：资金观望,-0.8
000980,众泰汽车,2.22,489.0,0.32,102.3,3.17,162846391,106298174,308522488,-130585169,-116172249,85039198,放量,低,游资情绪,观望,资金观望型,,D,回避：资金观望,9.1
000913,钱江摩托,10.5,-41.8,0.81,-13.2,-2.3,-3744026,-5206283,-8912334,-878261,548216,-1207153,缩量,低,情绪退潮,观望,资金撤退型,,D,回避：资金撤退,-0.8
000915,华特达因,23.58,-64.3,0.58,-71.3,-0.62,-1195428,-4528252,-37865308,-439842,0,-1134704,缩量,低,情绪退潮,观望,资金撤退型,,D,回避：资金撤退,-0.2
000933,神火股份,26.1,-44.0,1.09,-23.7,-0.12,-4738166,-122400622,-233528257,163376062,131571076,-80455373,缩量,低,情绪退潮,吸筹,资金撤退型,机构吸筹+盈利(关注),C,谨慎：资金流入未验证业绩,24.0
000985,大庆华科,17.24,45.6,0.69,-60.5,1.14,2052802,2222177,1358370,-5506329,-2705076,3230052,缩量,低,情绪退潮,观望,趋势转多型,,D,回避：资金观望,0.4
000987,越秀资本,7.14,-68.5,0.56,-40.8,-9.01,-55799601,-84973127,-221301295,2626345,6795400,848988,缩量,低,情绪退潮,观望,资金撤退型,,D,回避：资金撤退,-3.0
000935,四川双马,19.2,-63.9,0.84,-7.2,2.09,9930651,13714001,61821916,6743754,9387093,-2598487,缩量,低,情绪退潮,吸筹,均衡流入型,资金+业绩共振(双击候选),B,关注：资金+业绩共振,64.7
000989,九芝堂,8.55,-82.6,2.61,-27.9,-5.87,-28615280,-38315688,-76332244,-3288844,-4310475,1172025,缩量,低,情绪退潮,观望,资金撤退型,,D,回避：资金撤退,-2.0
000990,诚志股份,6.13,-70.7,0.42,-37.5,-7.71,-62749197,-61604681,-167225007,-5348764,604794,125913,缩量,低,情绪退潮,观望,资金观望型,,D,回避：资金观望,-2.6
000993,闽东电力,16.28,1048.3,0.5,375.7,-6.98,-490103687,-223030172,-4690821,-36411008,9815703,80607934,放量,低,游资情绪,观望,资金观望型,,D,回避：资金观望,5.7
000995,皇台酒业,11.28,-8.8,1.07,95.2,4.56,51711543,49478563,53651992,-9331425,-2429781,12135924,缩量,低,情绪退潮,观望,资金观望型,,D,回避：资金观望,1.5
000997,新 大 陆,19.31,-65.7,0.89,-56.4,0.38,3661181,-9815005,-179912662,-12141591,-6981298,4792703,缩量,低,情绪退潮,观望,资金观望型,,D,回避：资金观望,0.1
000998,隆平高科,8.38,-20.9,0.61,-59.6,-11.03,-125269412,-141292347,17474011,-5400795,-3170943,8208876,缩量,低,情绪退潮,观望,长线吸筹型,,D,回避：资金观望,-3.7
000927,中国铁物,2.43,-29.9,0.54,-14.8,0.85,3779794,18843406,-14916992,3746537,6595719,-3889737,缩量,低,情绪退潮,吸筹,趋势转多型,资金+业绩共振(双击候选),B,关注：资金+业绩共振,64.3
001202,炬申股份,15.02,-70.4,1.36,8.8,-3.94,-4662843,-10305699,-10295515,-285024,-586749,-1157322,缩量,低,情绪退潮,观望,资金观望型,,D,回避：资金观望,-1.3
001203,大中矿业,21.62,-47.2,0.28,-8.7,-1.06,-15640572,-172134855,-173369126,-26675054,-16899851,33485869,缩量,低,情绪退潮,观望,资金撤退型,,D,回避：资金撤退,-0.4
001205,盛航股份,14.41,-40.2,0.86,-25.3,-5.32,-9255745,-6655691,-25574305,13005,-2266340,-1773248,缩量,低,情绪退潮,观望,资金观望型,,D,回避：资金观望,-1.8
001206,依依股份,16.93,-85.3,3.99,-27.7,-0.58,-1221506,-2570768,-16983204,443651,-525437,389918,缩量,低,情绪退潮,观望,资金撤退型,,D,回避：资金撤退,-0.2
000922,佳电股份,11.99,-58.5,0.67,-19.6,1.22,4617900,11494888,-10279538,1934803,4391389,1841646,缩量,低,情绪退潮,进场,趋势转多型,资金+业绩共振(双击候选),B,关注：资金+业绩共振,72.4
001208,华菱线缆,13.06,-80.0,0.83,-23.3,-1.06,-8679242,-39208942,-102229636,-7183868,-2802485,12032602,缩量,低,情绪退潮,观望,资金撤退型,,D,回避：资金撤退,-0.4
001209,洪兴股份,18.67,54.5,0.2,256.6,-0.8,-3326107,2548719,-6506660,-921114,-181749,1790780,放量,低,游资情绪,观望,资金观望型,,D,回避：资金观望,7.7
001210,金房能源,27.22,-20.1,1.38,-54.2,-3.02,-16872664,-32308974,-21483790,-1394197,-1834151,1268436,缩量,低,情绪退潮,观望,资金观望型,,D,回避：资金观望,-1.0
000959,首钢股份,3.45,-53.6,0.92,-26.5,-3.36,-12110186,-4999269,-14652877,3616161,4640409,-1355928,缩量,低,情绪退潮,吸筹,资金观望型,机构吸筹+盈利(关注),C,谨慎：资金流入未验证业绩,22.9
000963,华东医药,26.85,-34.3,2.07,5.1,2.35,48903454,10150245,-359994020,-3385304,3373170,-1766429,缩量,低,情绪退潮,吸筹,资金观望型,资金+业绩共振(双击候选),B,关注：资金+业绩共振,64.8
000966,长源电力,3.95,-51.3,0.66,-11.4,0.83,5382531,-24134134,2695292,5605864,8730346,-2331441,缩量,低,情绪退潮,吸筹,资金观望型,纯资金炒作(亏损风险),C,谨慎：纯资金炒作,4.3
000965,天保基建,3.49,252.0,0.42,-51.6,-2.32,-10976407,15410995,63728898,15958631,15042215,-7252718,放量,低,游资情绪,抢筹,高位分歧型,机构吸筹+盈利(关注),C,谨慎：资金流入未验证业绩,47.2
000967,盈峰环境,8.1,-38.6,0.24,1.3,-1.57,-37534884,114843607,41579796,62237452,65709070,-9041960,缩量,低,情绪退潮,吸筹,资金观望型,机构吸筹+盈利(关注),C,谨慎：资金流入未验证业绩,23.5
000906,浙商中拓,6.17,-16.8,0.2,-35.6,3.17,7230822,-3018205,-32698926,1194637,105227,-4106863,缩量,低,情绪退潮,进场,资金观望型,资金+业绩共振(双击候选),B,关注：资金+业绩共振,73.1
000978,桂林旅游,7.27,988.0,0.38,28.0,-1.35,-51236754,-57454278,-88667965,9731815,30955080,54335683,放量,低,游资情绪,抢筹,资金撤退型,机构吸筹+盈利(关注),C,谨慎：资金流入未验证业绩,47.5
000981,山子高科,2.76,55.7,0.64,280.9,-8.81,-606746364,88574840,52519705,73754378,69686444,-52905139,放量,低,游资情绪,吸筹,资金观望型,机构吸筹+盈利(关注),C,谨慎：资金流入未验证业绩,29.1
000999,华润三九,23.44,-72.7,1.22,-22.3,0.38,2646104,-14156605,48825395,471766,3967232,-22463,缩量,低,情绪退潮,吸筹,长线吸筹型,资金+业绩共振(双击候选),B,关注：资金+业绩共振,64.1
000983,山西焦煤,6.37,-17.8,0.53,-43.9,5.91,92873575,38082815,-109224525,9943852,12490846,-3100202,缩量,中,主力惜售,吸筹,资金观望型,资金+业绩共振(双击候选),B,关注：资金+业绩共振,78.0
001225,和泰机电,33.35,-28.1,0.91,65.4,1.69,5557626,-3325279,-2578130,-8893,-371154,-1132669,缩量,低,情绪退潮,观望,资金观望型,,D,回避：资金观望,0.6
000988,华工科技,94.25,-61.0,0.59,-9.9,-4.98,-985208595,-561882171,-609150963,126158317,58279348,-47945163,缩量,低,情绪退潮,吸筹,资金观望型,机构吸筹+盈利(关注),C,谨慎：资金流入未验证业绩,22.3
001207,联科科技,19.08,26.7,0.74,46.4,4.25,22119310,18022593,23948754,3200628,2809788,2221978,缩量,低,情绪退潮,进场,资金观望型,资金+业绩共振(双击候选),B,关注：资金+业绩共振,73.4
001211,双枪科技,27.66,88.4,0.39,121.5,6.08,54600705,79037964,57968022,11668861,6650544,-17796925,放量,中,主力偏强放量,进场,短线抢筹型,资金+业绩共振(双击候选),B,关注：资金+业绩共振,90.0
001229,魅视科技,38.43,-62.4,4.67,-6.6,2.65,20858600,51701624,87364991,-774307,1123363,-2139783,缩量,低,情绪退潮,观望,主力建仓型,,D,回避：资金观望,0.9
001212,中旗新材,36.78,-29.6,0.43,166.1,4.44,54625316,189839368,193730624,251080,-1720841,2313835,缩量,低,情绪退潮,进场,主力建仓型,纯资金炒作(亏损风险),C,谨慎：纯资金炒作,13.5
001231,农心科技,22.81,11.7,0.37,-34.4,1.19,1738077,1964897,8943245,-1969435,0,924767,缩量,低,情绪退潮,观望,均衡流入型,,D,回避：资金观望,0.4
001201,东瑞股份,15.72,552.7,0.56,96.9,5.01,56089599,60197123,66138124,7790044,5119374,-4195818,放量,中,主力偏强放量,吸筹,均衡流入型,纯资金炒作(亏损风险),C,谨慎：纯资金炒作,21.7
001213,中铁特货,3.49,-52.9,0.72,-31.0,-5.46,-4144609,-1278173,-6466805,872740,-74686,1533974,缩量,低,情绪退潮,观望,资金观望型,,D,回避：资金观望,-1.8
001215,千味央厨,32.3,-58.1,0.2,21.6,3.91,14661154,6479385,7804747,-5402911,-3617663,909298,缩量,低,情绪退潮,观望,资金观望型,,D,回避：资金观望,1.3
001216,华瓷股份,29.09,2312.1,0.62,1846.4,-1.98,-99499256,-141884348,-150441899,-44172661,-51155187,-9247822,放量,低,游资情绪,观望,资金撤退型,,D,回避：资金撤退,7.3
001219,青岛食品,12.9,-49.4,0.35,-32.7,-0.09,-95606,284800,-10046164,-1637173,-502199,2481008,缩量,低,情绪退潮,观望,资金观望型,,D,回避：资金观望,-0.0
001255,博菲电气,27.39,34.0,0.42,-6.5,2.96,4876188,6226708,-3077553,-792659,0,528816,缩量,低,情绪退潮,观望,趋势转多型,,D,回避：资金观望,1.0
001256,炜冈科技,21.42,-75.7,1.33,-33.4,-1.01,-1685060,4056248,2259411,-72155,332328,-730307,缩量,低,情绪退潮,观望,资金观望型,,D,回避：资金观望,-0.3
001257,盛龙股份,21.26,-80.3,0.54,-19.3,-15.47,-105762708,-119608236,-277862316,-3593922,-1138949,7925519,缩量,低,情绪退潮,观望,资金撤退型,,D,回避：资金撤退,-5.2
001258,立新能源,10.12,-79.5,5.04,-56.3,0.29,10288495,-126429858,185225871,-29985506,-13719548,49905409,缩量,低,情绪退潮,观望,长线吸筹型,,D,回避：资金观望,0.1
001259,利仁科技,44.9,-39.9,0.84,35.6,-0.06,-204178,4461997,14106982,799241,-30712,1031863,缩量,低,情绪退潮,观望,资金观望型,,D,回避：资金观望,-0.0
001260,坤泰股份,19.01,92.9,0.78,107.5,3.56,19513403,17593117,8294592,-4577818,538256,7268050,放量,低,游资情绪,观望,资金观望型,,D,回避：资金观望,9.2
001218,丽臣实业,23.59,-48.8,0.37,5.2,-0.49,-788775,378513,-11335770,235679,0,-936962,缩量,低,情绪退潮,观望,资金观望型,,D,回避：资金观望,-0.2
001267,汇绿生态,33.37,-40.5,0.43,3.8,2.45,125209524,264507750,87287219,-32356625,-22915270,55413662,缩量,低,情绪退潮,观望,趋势转多型,,D,回避：资金观望,0.8
001221,悍高集团,32.43,-45.8,0.97,-47.0,3.19,12001266,7744275,48116418,-8536056,-6784136,9076772,缩量,低,情绪退潮,观望,资金观望型,,D,回避：资金观望,1.1
001269,欧晶科技,19.03,-17.3,1.0,38.6,0.2,397021,1893624,6344222,-1856484,-669811,-512001,缩量,低,情绪退潮,观望,均衡流入型,,D,回避：资金观望,0.1
001270,铖昌科技,93.99,-76.0,1.48,17.8,-2.75,-61897990,-65677921,-101956743,-25113588,-17499508,14415093,缩量,低,情绪退潮,观望,资金撤退型,,D,回避：资金撤退,-0.9
001277,速达股份,30.28,23.9,0.42,-57.9,-1.09,-1687117,-3356882,-23089601,-1105135,0,1420410,缩量,低,情绪退潮,观望,资金撤退型,,D,回避：资金撤退,-0.4
001278,一彬科技,17.15,62.1,0.36,-58.6,-2.44,-5663578,-19173021,-18936625,1078889,-48359,2458904,放量,低,游资情绪,观望,资金观望型,,D,回避：资金观望,7.2
001279,强邦新材,26.17,-51.6,0.61,-36.1,3.19,2384066,8140256,21760585,0,0,2163560,缩量,低,情绪退潮,观望,主力建仓型,,D,回避：资金观望,1.1
001280,中国铀业,60.21,-77.0,0.46,-46.9,-5.56,-45686077,-99663987,-133521440,-3311417,903849,2762439,缩量,低,情绪退潮,观望,资金撤退型,,D,回避：资金撤退,-1.9
001222,源飞宠物,15.27,-18.8,2.03,-29.7,-0.31,-943522,13413097,68680394,-425619,-725715,5007764,缩量,低,情绪退潮,观望,高位分歧型,,D,回避：资金观望,-0.1
001283,豪鹏科技,46.27,6.5,0.32,-20.3,-0.65,-5940332,-24856674,-7413181,7802581,-832634,-13208364,缩量,低,情绪退潮,观望,资金观望型,,D,回避：资金观望,-0.2
001285,瑞立科密,41.95,-23.5,0.44,-35.1,2.06,3120116,5178232,4963407,-4323146,0,3518704,缩量,低,情绪退潮,观望,趋势转多型,,D,回避：资金观望,0.7
001286,陕西能源,9.42,-57.8,0.85,-40.3,4.37,25880343,58438602,141361770,-1985991,-5817088,-4938077,缩量,低,情绪退潮,观望,主力建仓型,,D,回避：资金观望,1.5
001287,中电港,23.37,-75.5,0.57,57.8,-2.47,-45786407,51948721,-20078818,10825367,7211216,-17632266,缩量,低,情绪退潮,观望,资金观望型,,D,回避：资金观望,-0.8
001234,泰慕士,28.67,1455.9,0.08,349.2,3.98,48681331,47662098,36136800,-37797296,85937236,46816828,放量,低,游资情绪,抢筹,资金观望型,资金+业绩共振(双击候选),B,关注：资金+业绩共振,89.3
001289,龙源电力,14.81,-73.0,0.61,-13.7,-0.34,-614609,-16833019,-28131710,-2634570,251135,-2693223,缩量,低,情绪退潮,观望,资金撤退型,,D,回避：资金撤退,-0.1
001296,长江材料,19.51,-52.7,0.79,-47.7,-1.29,-3948270,-5924890,6009155,-1603909,-1006514,3213039,缩量,低,情绪退潮,观望,资金观望型,,D,回避：资金观望,-0.4
001298,好上好,16.36,-65.0,0.22,-49.1,-3.37,-15474519,-7052771,6835997,-2816484,-778947,8870725,缩量,低,情绪退潮,观望,资金观望型,,D,回避：资金观望,-1.1
001299,美能能源,9.99,2.0,0.28,-60.4,-5.3,-16776299,29521053,72503446,32178,151900,4281946,缩量,低,情绪退潮,观望,高位分歧型,,D,回避：资金观望,-1.8
001300,三柏硕,12.42,-43.4,0.54,-17.1,-8.74,-21970735,-29826585,-45248167,-534056,0,2557510,缩量,低,情绪退潮,观望,资金撤退型,,D,回避：资金撤退,-2.9
001301,尚太科技,46.09,-30.8,0.48,-20.0,-0.02,-227670,-21066237,-38571093,17712797,11976307,-31966175,缩量,低,情绪退潮,观望,资金撤退型,,D,回避：资金撤退,-0.0
001306,夏厦精密,56.5,1.5,0.6,188.1,-3.32,-9903041,-8090079,-7432912,348119,92169,1635389,缩量,低,情绪退潮,观望,资金观望型,,D,回避：资金观望,-1.1
001308,康冠科技,17.96,-59.9,1.43,-11.8,-0.69,-985454,4742703,4297997,505702,0,28834,缩量,低,情绪退潮,观望,资金观望型,,D,回避：资金观望,-0.2
001309,德明利,372.2,-71.7,0.97,-12.4,-4.89,-862323057,-967301178,-1145577129,-14172328,34979788,86669107,缩量,低,情绪退潮,观望,资金撤退型,,D,回避：资金撤退,-1.6
001311,多利科技,16.87,-57.7,0.81,-26.2,0.46,1294181,-6624534,-25644362,-2279912,646928,-1221891,缩量,低,情绪退潮,观望,资金观望型,,D,回避：资金观望,0.2
001312,福恩股份,17.82,-38.3,0.21,89.7,-2.87,-7200008,15217633,8278125,-879845,-488226,1426804,缩量,低,情绪退潮,观望,资金观望型,,D,回避：资金观望,-1.0
001313,粤海饲料,7.16,-66.6,0.63,-56.4,-3.63,-11163374,-8843502,-114532902,-421225,-1264882,-580164,缩量,低,情绪退潮,观望,资金观望型,,D,回避：资金观望,-1.2
001314,亿道信息,50.69,-66.9,1.15,15.6,-5.71,-50619746,-50599778,-73961610,2849863,637818,5077930,缩量,低,情绪退潮,观望,资金观望型,,D,回避：资金观望,-1.9
001316,润贝航科,27.54,-21.6,0.22,-45.2,-2.99,-13764949,-47944479,57761052,-1433194,439455,292965,缩量,低,情绪退潮,观望,长线吸筹型,,D,回避：资金观望,-1.0
001317,三羊马,62.5,171.1,1.29,196.7,4.97,209930440,302708041,279519781,-67860589,-13098396,132825674,放量,低,游资情绪,观望,趋势转多型,,D,回避：资金观望,9.7
001318,阳光乳业,11.85,-43.2,1.91,-32.6,-5.56,-8498589,-4513130,-17431200,-3549832,0,1251146,缩量,低,情绪退潮,观望,资金观望型,,D,回避：资金观望,-1.9
001319,铭科精技,21.55,-5.3,0.6,1.6,-6.4,-12345544,-3897028,18793148,-166053,0,-946343,缩量,低,情绪退潮,观望,高位分歧型,,D,回避：资金观望,-2.1
001322,箭牌家居,6.51,98.1,0.68,207.2,2.81,14163195,11919932,10371522,-1278729,-1504776,3019508,放量,低,游资情绪,观望,资金观望型,,D,回避：资金观望,8.9
001228,永泰运,37.67,317.9,0.49,65.0,-0.76,-5758092,36961573,14758075,1628796,2266241,2764182,放量,低,游资情绪,抢筹,资金观望型,机构吸筹+盈利(关注),C,谨慎：资金流入未验证业绩,47.7
001324,长青科技,20.5,52.8,0.49,11.7,-6.38,-23269737,-34460529,-45864475,948277,169902,-7861337,放量,低,游资情绪,观望,资金撤退型,,D,回避：资金撤退,5.9
001325,元创股份,36.14,-36.6,0.21,-32.6,-11.7,-14117023,-17236362,-36999826,-1926805,-658294,2236352,缩量,低,情绪退潮,观望,资金撤退型,,D,回避：资金撤退,-3.9
001230,劲旅环境,19.17,-59.3,2.18,-24.4,3.11,14755322,22073731,-77707565,1491096,1801035,-145586,缩量,低,情绪退潮,吸筹,趋势转多型,资金+业绩共振(双击候选),B,关注：资金+业绩共振,65.0
001227,兰州银行,2.09,-32.9,1.43,-29.1,1.42,7960409,39469713,77075056,9693150,20503034,-3891998,缩量,低,情绪退潮,吸筹,均衡流入型,资金+业绩共振(双击候选),B,关注：资金+业绩共振,64.5
001223,欧克科技,41.93,-48.5,1.12,70.8,-4.43,-19459276,58655073,69535582,-712139,-2055209,-1293892,缩量,低,情绪退潮,观望,资金观望型,,D,回避：资金观望,-1.5
001233,海安集团,43.62,-41.0,0.45,190.4,-2.9,-15571797,15210043,4393300,1993549,1052741,-1019747,缩量,低,情绪退潮,吸筹,资金观望型,机构吸筹+盈利(关注),C,谨慎：资金流入未验证业绩,23.0
001226,拓山重工,47.83,74.2,0.57,32.9,1.89,4527669,-306817,-14660714,238868,1189807,-1595930,放量,低,游资情绪,进场,资金观望型,资金+业绩共振(双击候选),B,关注：资金+业绩共振,80.6
001236,弘业期货,7.85,-14.5,0.59,-37.7,1.57,5347547,1224947,-9990711,102736,1820543,1294424,缩量,低,情绪退潮,进场,资金观望型,资金+业绩共振(双击候选),B,关注：资金+业绩共振,72.5
001335,信凯科技,32.92,-14.8,0.37,-0.7,-0.3,-369820,-161548,-1953296,-1067333,0,3545882,缩量,低,情绪退潮,观望,资金观望型,,D,回避：资金观望,-0.1
001336,楚环科技,19.14,25.6,0.21,31.9,-0.66,-1348704,-3019028,2267799,-584090,0,-454462,缩量,低,情绪退潮,观望,资金观望型,,D,回避：资金观望,-0.2
001337,四川黄金,44.55,-61.1,0.65,-38.4,-9.71,-154317214,-177011851,-426887521,13559691,3109237,-13654666,缩量,低,情绪退潮,观望,资金撤退型,,D,回避：资金撤退,-3.2
001338,永顺泰,9.07,65.8,0.27,-48.1,0.42,1626461,-14536025,-13021649,-2724873,-1599239,-2566304,放量,低,游资情绪,观望,资金观望型,,D,回避：资金观望,8.1
001339,智微智能,70.42,-71.3,0.76,2.8,-2.0,-35679151,27070432,-120063608,-1599413,-2576600,14222098,缩量,低,情绪退潮,观望,资金观望型,,D,回避：资金观望,-0.7
001356,富岭股份,9.27,-14.8,0.78,8.0,-6.05,-12125035,-9094727,-31585329,-1540666,0,-488616,缩量,低,情绪退潮,观望,资金观望型,,D,回避：资金观望,-2.0
001358,兴欣新材,24.54,-73.4,0.85,71.3,-0.13,-408951,6962880,8438355,-149939,0,475347,缩量,低,情绪退潮,观望,资金观望型,,D,回避：资金观望,-0.0
001359,平安电工,82.51,-53.7,1.91,2.0,-1.99,-21794788,-2575340,-114561506,-4367953,-2621052,-9840562,缩量,低,情绪退潮,观望,资金观望型,,D,回避：资金观望,-0.7
001360,南矿集团,19.01,2.7,1.3,-10.0,1.29,6434331,3621075,-1089497,-1781766,160813,2932793,缩量,低,情绪退潮,观望,资金观望型,,D,回避：资金观望,0.4
001366,播恩集团,13.15,18.0,0.45,-70.4,-3.04,-8409231,-29917623,-15154243,1161579,-1119153,1137063,缩量,低,情绪退潮,观望,资金观望型,,D,回避：资金观望,-1.0
001238,浙江正特,26.13,16.8,0.82,203.1,3.02,5856560,14479611,13922761,848326,0,-1190021,缩量,低,情绪退潮,进场,趋势转多型,资金+业绩共振(双击候选),B,关注：资金+业绩共振,73.0
001220,世盟股份,31.4,-52.3,0.32,5.8,0.59,680684,6445780,2107300,417806,0,-115898,缩量,低,情绪退潮,进场,趋势转多型,资金+业绩共振(双击候选),B,关注：资金+业绩共振,72.2
001217,华尔泰,11.21,13.7,0.92,8.8,3.01,7595433,8721453,-2254411,4661644,1086549,-6569138,缩量,低,情绪退潮,进场,趋势转多型,纯资金炒作(亏损风险),C,谨慎：纯资金炒作,13.0
001373,翔腾新材,31.59,57.4,0.58,194.3,3.82,27646455,19507847,18016351,-385161,-832240,4728299,放量,低,游资情绪,观望,资金观望型,,D,回避：资金观望,9.3
001376,百通能源,12.3,8.3,1.27,80.7,3.57,80030360,153060357,130309129,-21476459,-12281225,14389318,缩量,低,情绪退潮,观望,趋势转多型,,D,回避：资金观望,1.2
001378,德冠新材,22.15,-32.0,1.88,341.0,-4.79,-36489967,-21731338,-38929236,-931260,-2742363,1256631,缩量,低,情绪退潮,观望,资金观望型,,D,回避：资金观望,-1.6
001239,永达股份,12.29,-16.7,0.98,65.0,2.84,5786623,7615528,8919004,600008,567030,913158,缩量,低,情绪退潮,进场,均衡流入型,资金+业绩共振(双击候选),B,关注：资金+业绩共振,72.9
001266,宏英智能,36.33,32.2,0.26,120.6,5.11,68662358,70286434,70185564,-2746615,-3624082,2819716,缩量,中,主力惜售,进场,趋势转多型,资金+业绩共振(双击候选),B,关注：资金+业绩共振,85.7
001268,联合精密,25.4,41.7,0.41,45.6,5.97,64341013,58929356,19063397,-912045,-1637781,-1746041,缩量,中,主力惜售,进场,资金观望型,资金+业绩共振(双击候选),B,关注：资金+业绩共振,86.0
001331,胜通能源,38.5,-39.8,1.71,16.8,2.31,42508249,110028408,228745875,69550207,43848058,-73704205,缩量,低,情绪退潮,进场,主力建仓型,资金+业绩共振(双击候选),B,关注：资金+业绩共振,72.8
001282,三联锻造,16.35,-6.4,0.68,103.5,5.05,20077502,19446071,20416416,-4338579,-4684623,2683090,缩量,中,主力惜售,进场,资金观望型,资金+业绩共振(双击候选),B,关注：资金+业绩共振,85.7
001388,信通电子,19.68,-77.8,5.14,-36.7,-0.24,-836390,-46745336,-29988083,-1413474,-1145467,5177292,缩量,低,情绪退潮,观望,资金观望型,,D,回避：资金观望,-0.1
001328,登康口腔,30.45,-57.6,1.28,-42.5,0.8,1243117,1182462,-14137369,1769349,805706,-4464,缩量,低,情绪退潮,吸筹,资金观望型,资金+业绩共振(双击候选),B,关注：资金+业绩共振,64.3
001390,古麒绒材,17.15,5.4,0.94,23.6,-4.86,-11595229,-5556822,-8099929,-2156119,280105,1269773,缩量,低,情绪退潮,观望,资金观望型,,D,回避：资金观望,-1.6
001391,国货航,3.8,-55.6,0.98,-5.2,-9.69,-49119171,-41693996,-65573654,-3157466,-2566094,625011,缩量,低,情绪退潮,观望,资金观望型,,D,回避：资金观望,-3.2
001395,亚联机械,29.97,-79.4,4.03,-16.2,0.62,1322098,3717354,-5657500,-1718514,-664298,848211,缩量,低,情绪退潮,观望,趋势转多型,,D,回避：资金观望,0.2
001396,誉帆科技,31.34,-39.7,0.24,4.9,-5.81,-5503583,-4982134,-10994062,-1615579,64789,1646687,缩量,低,情绪退潮,观望,资金观望型,,D,回避：资金观望,-1.9
001288,运机集团,32.16,42.1,1.3,40.4,6.36,70023803,93205368,163326773,-18257819,-10927577,26897427,缩量,中,主力惜售,进场,主力建仓型,资金+业绩共振(双击候选),B,关注：资金+业绩共振,86.1
001696,宗申动力,15.33,-48.1,2.43,-39.5,0.01,377337,-96216027,-182066087,-32416483,-19854857,38912578,缩量,低,情绪退潮,观望,资金观望型,,D,回避：资金观望,0.0
001330,博纳影业,6.63,490.5,0.31,-38.0,6.76,319368910,186394296,858227454,-533539,-35993455,26223967,放量,中,主力偏强放量,进场,资金观望型,纯资金炒作(亏损风险),C,谨慎：纯资金炒作,30.3
001896,豫能控股,10.29,-79.1,0.58,27.1,-6.67,-227862077,401761176,410072427,-30589150,-22732377,45230220,缩量,低,情绪退潮,观望,资金观望型,,D,回避：资金观望,-2.2
001326,联域股份,103.79,203.0,0.82,119.8,4.53,92676814,89491629,151570804,1915561,3338710,11921438,放量,低,游资情绪,进场,资金观望型,资金+业绩共振(双击候选),B,关注：资金+业绩共振,81.5
001965,招商公路,10.0,-12.2,1.29,-0.3,-3.2,-16496372,4579012,25023663,-792523,1546776,-8773790,缩量,低,情绪退潮,观望,资金观望型,,D,回避：资金观望,-1.1
001323,慕思股份,18.22,-60.3,2.66,-22.6,0.99,1477292,931535,-14305778,126589,983880,-1755480,缩量,低,情绪退潮,进场,资金观望型,资金+业绩共振(双击候选),B,关注：资金+业绩共振,72.3
002001,新 和 成,25.33,-42.7,0.66,-19.4,-4.84,-104840486,-251606583,-395729053,13695788,22849287,43033128,缩量,低,情绪退潮,观望,资金撤退型,,D,回避：资金撤退,-1.6
002003,伟星股份,11.39,4.2,1.22,-37.2,-0.28,-1898929,-15334878,-193301578,-14206620,-10848598,32778218,缩量,低,情绪退潮,观望,资金撤退型,,D,回避：资金撤退,-0.1
002004,华邦健康,4.26,-39.5,0.68,-35.7,-6.53,-27922944,-38828054,2274516,-416256,-5101777,-8775117,缩量,低,情绪退潮,观望,长线吸筹型,,D,回避：资金观望,-2.2
001367,海森药业,22.21,50.7,0.45,26.3,-0.51,-1259179,-6635057,-27759926,4915902,2649985,-7332332,放量,低,游资情绪,抢筹,资金撤退型,机构吸筹+盈利(关注),C,谨慎：资金流入未验证业绩,47.8
001333,光华股份,19.97,-7.9,0.37,25.5,1.77,3170049,-2088349,-9450055,210813,-597661,-207590,缩量,低,情绪退潮,进场,资金观望型,资金+业绩共振(双击候选),B,关注：资金+业绩共振,72.6
002007,华兰生物,13.02,-45.6,1.49,-9.0,-3.46,-22999560,-18680908,-95107542,-1773004,-3263141,-1043831,缩量,低,情绪退潮,观望,资金观望型,,D,回避：资金观望,-1.2
002008,大族激光,81.76,-53.9,0.96,-17.7,-8.6,-1397476202,-1255293030,784682139,-114666267,-171617250,87890320,缩量,低,情绪退潮,观望,长线吸筹型,,D,回避：资金观望,-2.9
001332,锡装股份,27.19,16.3,0.36,93.9,1.08,4200401,28835236,12597099,4382767,1728515,-5338624,缩量,低,情绪退潮,进场,趋势转多型,资金+业绩共振(双击候选),B,关注：资金+业绩共振,72.4
001368,通达创智,37.62,117.0,0.41,130.4,0.6,8540561,5840015,29891532,2370457,6625905,3095085,放量,低,游资情绪,抢筹,资金观望型,资金+业绩共振(双击候选),B,关注：资金+业绩共振,88.2
002011,盾安环境,12.5,333.5,0.53,-19.2,-4.92,-144487501,-385018724,-250570962,6884306,6887200,-9891608,放量,低,游资情绪,观望,资金观望型,,D,回避：资金观望,6.4
002012,凯恩股份,6.89,-58.0,0.98,-21.0,-7.54,-20717832,-11048673,-28766902,-2986858,-3197409,2748461,缩量,低,情绪退潮,观望,资金观望型,,D,回避：资金观望,-2.5
001379,腾达科技,15.88,-27.4,0.5,-22.8,1.04,1053718,2562680,7064426,227204,0,712565,缩量,低,情绪退潮,进场,均衡流入型,资金+业绩共振(双击候选),B,关注：资金+业绩共振,72.3
001380,华纬科技,18.84,52.8,0.66,0.1,0.62,1443420,9132139,12133244,-489041,872028,-1677111,放量,低,游资情绪,抢筹,均衡流入型,资金+业绩共振(双击候选),B,关注：资金+业绩共振,88.2
002015,协鑫能科,14.55,-67.1,0.37,-49.4,-11.46,-390113452,-729384856,-572147972,-16906145,-7991890,8844424,缩量,低,情绪退潮,观望,资金观望型,,D,回避：资金观望,-3.8
001369,双欣材料,11.96,-78.3,0.71,-21.3,-8.0,-22434674,-32000128,-44015169,1182613,2651300,-1401575,缩量,低,情绪退潮,吸筹,资金撤退型,机构吸筹+盈利(关注),C,谨慎：资金流入未验证业绩,21.3
002017,东信和平,13.86,-41.8,0.74,-69.5,-1.94,-20621036,-3121208,131754190,1018505,40903,2236037,缩量,低,情绪退潮,观望,长线吸筹型,,D,回避：资金观望,-0.6
002019,亿帆医药,9.23,-57.4,1.48,-20.4,-1.02,-2991891,4878538,-104998876,-3866431,-1148670,2009915,缩量,低,情绪退潮,观望,资金观望型,,D,回避：资金观望,-0.3
002020,京新药业,11.34,-63.9,2.31,-24.0,-2.05,-13020741,8027764,-1553452,5848825,111743,-5186878,缩量,低,情绪退潮,观望,资金观望型,,D,回避：资金观望,-0.7
001386,马可波罗,15.99,-32.1,0.78,-21.9,6.01,13477201,12950704,17664368,-1985851,-2829227,709895,缩量,中,主力惜售,进场,资金观望型,资金+业绩共振(双击候选),B,关注：资金+业绩共振,86.0
002022,科华生物,5.97,165.7,0.92,299.7,4.04,34872101,30375609,31081992,-15051576,-14199509,13184222,放量,低,游资情绪,观望,资金观望型,,D,回避：资金观望,9.3
001382,新亚电缆,16.45,-79.1,0.89,-52.4,1.31,1255665,-1443796,-15003966,319230,0,-338567,缩量,低,情绪退潮,进场,资金观望型,资金+业绩共振(双击候选),B,关注：资金+业绩共振,72.4
002025,航天电器,68.1,-79.4,0.71,24.8,-5.16,-146059471,56417612,-40821091,19490103,12258230,-49085010,缩量,低,情绪退潮,观望,资金观望型,,D,回避：资金观望,-1.7
002026,山东威达,11.09,86.3,0.57,17.0,-7.19,-63277582,-72338541,-77007753,-4188369,362755,2383986,放量,低,游资情绪,观望,资金撤退型,,D,回避：资金撤退,5.6
002027,分众传媒,4.65,-36.3,0.86,-27.6,-1.4,-35463504,-71641983,-308439959,43024786,10819170,-34580229,缩量,低,情绪退潮,观望,资金撤退型,,D,回避：资金撤退,-0.5
001400,江顺科技,85.33,156.9,0.4,5.2,4.45,62840847,51194658,53050181,51910975,29638683,-65661921,放量,低,游资情绪,抢筹,资金观望型,资金+业绩共振(双击候选),B,关注：资金+业绩共振,89.5
001387,雪祺电气,12.54,54.6,0.7,35.4,0.79,1971957,833551,-5877362,4693205,3422887,2942926,放量,低,游资情绪,抢筹,资金观望型,资金+业绩共振(双击候选),B,关注：资金+业绩共振,88.3
002030,达安基因,5.64,-32.5,0.61,28.5,-4.31,-26658127,-34973909,-78366916,2461147,4667289,5700870,缩量,低,情绪退潮,观望,资金撤退型,,D,回避：资金撤退,-1.4
001914,招商积余,9.36,140.9,0.79,10.8,0.98,6036812,7689378,-10240367,7501811,-374067,-10176423,放量,低,游资情绪,进场,趋势转多型,资金+业绩共振(双击候选),B,关注：资金+业绩共振,80.3
001389,广合科技,191.84,63.0,0.97,135.4,-0.44,-73495177,-135891563,321789194,261289065,34276045,-288053331,放量,低,游资情绪,抢筹,资金观望型,机构吸筹+盈利(关注),C,谨慎：资金流入未验证业绩,47.9
002033,丽江股份,8.18,-56.7,0.38,-64.3,-11.27,-50491396,-118868202,-148623353,-3435142,2205678,4924401,缩量,低,情绪退潮,观望,资金撤退型,,D,回避：资金撤退,-3.8
002034,旺能环境,13.97,-42.7,0.33,-33.7,-5.12,-14748838,-19196616,-72315907,-6570438,-3763855,5765621,缩量,低,情绪退潮,观望,资金撤退型,,D,回避：资金撤退,-1.7
001872,招商港口,24.4,27.0,0.97,-9.8,8.56,35550587,34242706,-12005706,-658032,580355,2476308,缩量,中,主力惜售,进场,资金观望型,资金+业绩共振(双击候选),B,关注：资金+业绩共振,86.9
002036,联创电子,6.02,-72.9,1.46,-32.2,-6.85,-43366924,-58851901,-103913769,3524111,2125854,2265879,缩量,低,情绪退潮,观望,资金撤退型,,D,回避：资金撤退,-2.3
002037,保利联合,6.74,-71.5,0.57,-2.7,2.38,3434847,-8543492,-2284582,-1439409,587969,704065,缩量,低,情绪退潮,观望,资金观望型,,D,回避：资金观望,0.8
002038,双鹭药业,5.59,-74.6,1.21,-25.1,-5.57,-28833291,-57717730,-118926900,-3910498,-6656404,-6588187,缩量,低,情绪退潮,观望,资金撤退型,,D,回避：资金撤退,-1.9
002039,黔源电力,19.09,-20.6,0.72,5.1,-2.09,-10935339,-26302898,-45903082,-8558463,457999,3646777,缩量,低,情绪退潮,观望,资金撤退型,,D,回避：资金撤退,-0.7
002040,南 京 港,8.78,112.9,0.32,-27.6,-2.45,-17927580,64563778,189294202,-7543257,-5852697,5384841,放量,低,游资情绪,观望,高位分歧型,,D,回避：资金观望,7.2
002041,登海种业,9.3,7.8,0.98,-54.7,-10.68,-124203363,-172177358,-104195137,-4831671,-965167,5015944,缩量,低,情绪退潮,观望,资金观望型,,D,回避：资金观望,-3.6
002042,华孚时尚,3.65,-3.9,0.23,64.1,3.89,44787821,38048921,-11742084,-1460752,-3023954,4506763,缩量,低,情绪退潮,观望,资金观望型,,D,回避：资金观望,1.3
002043,兔 宝 宝,11.37,-26.7,0.83,-10.5,-2.04,-11296307,-11410607,-40957107,827290,-7578119,-7655537,缩量,低,情绪退潮,观望,资金撤退型,,D,回避：资金撤退,-0.7
002006,精工科技,13.29,-57.2,0.54,-42.6,3.39,10799809,5872146,6145052,5070295,1214451,-1283811,缩量,低,情绪退潮,进场,资金观望型,资金+业绩共振(双击候选),B,关注：资金+业绩共振,73.1
002045,国光电器,8.78,-60.7,1.11,-37.2,-0.87,-7262125,-24062942,-36341055,-1696898,-1712765,1446318,缩量,低,情绪退潮,观望,资金撤退型,,D,回避：资金撤退,-0.3
002046,国机精工,60.45,-26.1,0.76,17.9,-5.53,-254443628,-2296065,282236471,-42816758,-26337213,26441128,缩量,低,情绪退潮,观望,高位分歧型,,D,回避：资金观望,-1.8
002047,宝鹰股份,3.12,-69.5,1.18,-39.5,-4.15,-14041001,-47365682,-29593044,-4115026,-2599546,5686420,缩量,低,情绪退潮,观望,资金观望型,,D,回避：资金观望,-1.4
002048,宁波华翔,17.79,-55.0,0.65,-15.6,-5.27,-48612691,-77473703,-57037438,-7796303,-5026026,5108749,缩量,低,情绪退潮,观望,资金观望型,,D,回避：资金观望,-1.8
002049,紫光国微,58.41,-85.6,0.93,-2.1,-7.32,-213563325,-242781798,-690061320,-34000703,-24324667,16070001,缩量,低,情绪退潮,观望,资金撤退型,,D,回避：资金撤退,-2.4
001979,招商蛇口,7.59,130.0,0.8,11.4,-1.04,-49044861,97297078,-319193093,77753208,60803494,-162439100,放量,低,游资情绪,抢筹,资金观望型,机构吸筹+盈利(关注),C,谨慎：资金流入未验证业绩,47.7
002005,德豪润达,2.71,54.9,1.33,185.7,7.1,35410930,78561396,71548394,-5074871,-195777,8059781,放量,中,主力偏强放量,进场,短线抢筹型,资金+业绩共振(双击候选),B,关注：资金+业绩共振,90.4
002052,同洲电子,8.03,-72.6,0.28,-36.3,-2.35,-4911129,-13891621,-24873370,-392334,-739083,-86304,缩量,低,情绪退潮,观望,资金撤退型,,D,回避：资金撤退,-0.8
002009,天奇股份,15.37,-53.1,0.4,-0.2,0.95,5759731,-8076825,-47958705,391698,-610082,5173995,缩量,低,情绪退潮,进场,资金观望型,资金+业绩共振(双击候选),B,关注：资金+业绩共振,72.3
002054,德美化工,7.06,-54.3,0.44,-24.2,-4.33,-9990206,-19064173,-14280593,2733160,682694,-2219369,缩量,低,情绪退潮,观望,资金观望型,,D,回避：资金观望,-1.4
002056,横店东磁,19.55,-75.9,2.29,-22.2,-2.21,-33328170,-16096661,-171508532,-12510741,-10894722,18301338,缩量,低,情绪退潮,观望,资金观望型,,D,回避：资金观望,-0.7
002057,中钢天源,8.79,-74.3,2.8,-22.7,-1.5,-7229860,2156481,-70644964,-1702923,-1434197,-20957,缩量,低,情绪退潮,观望,资金观望型,,D,回避：资金观望,-0.5
002010,传化智联,4.57,-33.5,0.77,-41.3,-0.96,-2401262,9774418,6800922,7412487,5964413,-816515,缩量,低,情绪退潮,吸筹,资金观望型,机构吸筹+盈利(关注),C,谨慎：资金流入未验证业绩,23.7
002059,云南旅游,4.23,233.8,0.92,-58.4,-2.66,-30408002,-125779385,-210873562,-2694272,1504101,11104995,放量,低,游资情绪,观望,资金撤退型,,D,回避：资金撤退,7.1
002060,广东建工,3.02,-29.7,0.39,7.7,2.7,5544308,19608858,17526839,-6302273,-6898639,3646480,缩量,低,情绪退潮,观望,趋势转多型,,D,回避：资金观望,0.9
002061,浙江交科,3.3,-24.0,0.83,-35.3,-1.36,-3282526,1169686,33032623,-1363390,-889001,294323,缩量,低,情绪退潮,观望,长线吸筹型,,D,回避：资金观望,-0.5
002062,宏润建设,8.96,12.7,0.36,30.2,-4.95,-42250109,42042218,53611443,4121496,7419315,16206147,缩量,低,情绪退潮,观望,资金观望型,,D,回避：资金观望,-1.7
002063,远光软件,5.24,-67.0,0.57,-31.1,-5.82,-23492458,-42600523,-72865043,3272019,6212763,3433219,缩量,低,情绪退潮,观望,资金撤退型,,D,回避：资金撤退,-1.9
002064,华峰化学,9.4,-35.6,0.96,-39.2,0.57,7559465,-29317480,-26948535,-16896828,-13706495,12825055,缩量,低,情绪退潮,观望,资金观望型,,D,回避：资金观望,0.2
002065,东华软件,6.5,-77.7,0.82,-22.8,-5.38,-40529424,-36006721,-122321174,3279828,-1185031,1169767,缩量,低,情绪退潮,观望,资金观望型,,D,回避：资金观望,-1.8
002066,瑞泰科技,19.6,-68.9,0.91,-27.1,-3.52,-7069857,-30334113,-63268358,-429723,-468739,627468,缩量,低,情绪退潮,观望,资金撤退型,,D,回避：资金撤退,-1.2
002067,景兴纸业,3.95,-74.6,1.2,-23.4,-3.22,-13188895,-19784853,-101701391,-1651329,-2581805,9001,缩量,低,情绪退潮,观望,资金撤退型,,D,回避：资金撤退,-1.1
002068,黑猫股份,9.1,-3.1,1.22,7.0,-2.18,-59191269,29650182,147586255,5890947,1527022,1420165,缩量,低,情绪退潮,观望,资金观望型,,D,回避：资金观望,-0.7
002072,凯瑞德,7.16,-37.9,0.99,-48.9,-6.32,-20525590,-21156210,-157144640,458508,897802,348606,缩量,低,情绪退潮,观望,资金撤退型,,D,回避：资金撤退,-2.1
002073,软控股份,5.64,-41.0,0.5,-25.4,-8.39,-20836977,-25451665,-51849162,-8024452,-7701842,5539091,缩量,低,情绪退潮,观望,资金撤退型,,D,回避：资金撤退,-2.8
002021,中捷资源,2.63,-16.8,0.48,-5.3,0.47,1443693,-846563,-1355678,5885212,-2477199,-2526296,缩量,低,情绪退潮,进场,资金观望型,纯资金炒作(亏损风险),C,谨慎：纯资金炒作,12.2
002075,沙钢股份,3.48,-55.1,0.84,-29.5,-4.97,-17876968,-29434911,-54081562,-2908482,420427,6249704,缩量,低,情绪退潮,观望,资金撤退型,,D,回避：资金撤退,-1.7
002016,世荣兆业,4.84,62.7,0.61,19.9,-0.73,-2167521,-10148140,-18175987,2603441,7345866,443481,放量,低,游资情绪,抢筹,资金撤退型,机构吸筹+盈利(关注),C,谨慎：资金流入未验证业绩,47.8
002077,大港股份,14.35,2.2,1.33,57.6,-0.54,-22511439,9109264,338562786,-28383500,-22305209,36528164,缩量,低,情绪退潮,观望,长线吸筹型,,D,回避：资金观望,-0.2
002023,海特高新,9.44,-69.8,0.56,56.1,6.15,58475653,49661788,8997252,-82963,539201,5450884,缩量,中,主力惜售,进场,资金观望型,纯资金炒作(亏损风险),C,谨慎：纯资金炒作,26.1
002079,苏州固锝,8.58,-79.6,0.54,5.1,-8.72,-72990430,-58986335,-123716548,-252460,-3505685,-1714973,缩量,低,情绪退潮,观望,资金观望型,,D,回避：资金观望,-2.9
002080,中材科技,54.81,-19.1,1.04,138.1,-5.44,-1087706976,1075370170,1152269081,182829808,89365190,-152868316,缩量,低,情绪退潮,观望,资金观望型,,D,回避：资金观望,-1.8
002081,金 螳 螂,4.78,24.9,0.19,-34.3,0.57,37295765,35614127,-144242434,-38338870,-36849594,17557039,缩量,低,情绪退潮,观望,资金观望型,,D,回避：资金观望,0.2
002083,孚日股份,9.25,-83.2,1.77,-7.2,-3.67,-35611399,-28226121,-124269062,-427590,-1526321,-3517644,缩量,低,情绪退潮,观望,资金观望型,,D,回避：资金观望,-1.2
002084,海鸥住工,5.8,661.4,1.23,-37.6,2.45,85784614,163582681,-8523570,-75850171,-40492060,101914084,放量,低,游资情绪,观望,趋势转多型,,D,回避：资金观望,8.8
002085,万丰奥威,9.18,-41.3,0.61,18.3,-3.37,-34269886,-143058296,-190204653,874147,76501,5353345,缩量,低,情绪退潮,观望,资金撤退型,,D,回避：资金撤退,-1.1
002086,东方海洋,2.0,-22.9,0.72,-33.8,0.16,712992,43319451,12397113,-4039757,-5572515,-5625701,缩量,低,情绪退潮,观望,趋势转多型,,D,回避：资金观望,0.1
002014,永新股份,11.07,-43.3,0.95,-50.3,3.89,3208399,3792100,14338178,796664,553000,-893645,缩量,低,情绪退潮,进场,均衡流入型,资金+业绩共振(双击候选),B,关注：资金+业绩共振,73.3
002090,金智科技,8.94,-60.3,0.66,-12.8,-7.36,-14524930,-13301337,-33406858,-1824134,-901000,5391135,缩量,低,情绪退潮,观望,资金观望型,,D,回避：资金观望,-2.5
002029,七 匹 狼,8.96,91.8,0.91,84.7,7.88,161671903,238881414,261376026,18722110,3148871,-33812649,放量,中,主力偏强放量,进场,主力强攻型,资金+业绩共振(双击候选),B,关注：资金+业绩共振,90.6
002028,思源电气,120.81,-44.0,0.8,-12.9,-8.96,-737770016,-596049869,-1281077341,39752942,18153035,-13838747,缩量,低,情绪退潮,吸筹,资金观望型,机构吸筹+盈利(关注),C,谨慎：资金流入未验证业绩,21.0
002093,国脉科技,7.98,202.3,0.68,100.5,3.61,65472018,114705407,186903065,-19047657,-15435609,19704364,放量,低,游资情绪,观望,主力建仓型,,D,回避：资金观望,9.2
002032,苏 泊 尔,39.51,-25.8,1.17,-38.1,0.28,854914,-1118991,642733,1568885,2065173,-525044,缩量,低,情绪退潮,吸筹,资金观望型,资金+业绩共振(双击候选),B,关注：资金+业绩共振,64.1
002095,生 意 宝,15.68,253.8,0.59,103.6,0.82,7796340,85178838,154636772,-3216721,1419209,7414701,放量,低,游资情绪,观望,均衡流入型,,D,回避：资金观望,8.3
002096,易普力,8.95,-70.5,0.52,-17.2,-5.07,-8493738,-13748234,-17183216,-598752,-537021,-219119,缩量,低,情绪退潮,观望,资金撤退型,,D,回避：资金撤退,-1.7
002097,山河智能,6.78,-59.4,0.78,-27.4,-1.21,-5790391,-41936433,-10525286,892170,-3236861,-1278403,缩量,低,情绪退潮,观望,资金观望型,,D,回避：资金观望,-0.4
002098,浔兴股份,8.28,54.8,0.82,-45.9,2.4,5683991,11759266,7049350,-197967,61790,2963432,放量,低,游资情绪,观望,趋势转多型,,D,回避：资金观望,8.8
002044,美年健康,4.47,-67.4,0.33,22.1,-2.27,-31225881,-47825933,-154349170,31437352,28290724,-8042789,缩量,低,情绪退潮,吸筹,资金撤退型,机构吸筹+盈利(关注),C,谨慎：资金流入未验证业绩,23.2
002100,天康生物,7.87,-10.0,0.56,-35.5,-0.21,-1412080,3513627,-39057010,17086604,10066076,-15378772,缩量,低,情绪退潮,观望,资金观望型,,D,回避：资金观望,-0.1
002101,广东鸿图,8.5,-56.9,0.91,-12.9,-4.32,-5728506,-6964649,-15358593,-454657,-796368,2127504,缩量,低,情绪退潮,观望,资金撤退型,,D,回避：资金撤退,-1.4
002035,华帝股份,4.81,138.8,0.65,72.4,7.8,56932526,58509061,55515907,5065270,4908305,-3642084,放量,中,主力偏强放量,吸筹,趋势转多型,资金+业绩共振(双击候选),B,关注：资金+业绩共振,82.6
002104,恒宝股份,10.16,-60.1,0.77,-66.0,-0.9,-21892141,-53020502,282834651,-13716624,-15137015,6731559,缩量,低,情绪退潮,观望,长线吸筹型,,D,回避：资金观望,-0.3
002105,信隆健康,6.08,-15.4,0.76,4.5,-1.8,-3959316,-7445177,-15526534,-863683,-598780,-801665,缩量,低,情绪退潮,观望,资金撤退型,,D,回避：资金撤退,-0.6
002106,莱宝高科,12.06,53.0,2.38,115.3,-3.48,-117484936,-71384097,21407696,-21907653,-8251818,37972244,放量,低,游资情绪,观望,资金观望型,,D,回避：资金观望,6.8
002107,沃华医药,7.1,-13.8,0.65,-39.7,-3.05,-18872629,-8110086,20138250,-736623,-1264601,-7586408,缩量,低,情绪退潮,观望,高位分歧型,,D,回避：资金观望,-1.0
002108,沧州明珠,4.25,-59.2,0.17,-45.7,-4.42,-11839214,-21124493,11279775,-3298806,-3796330,-25058,缩量,低,情绪退潮,观望,长线吸筹型,,D,回避：资金观望,-1.5
002031,巨轮智能,5.69,96.2,1.08,-21.4,1.33,49299529,46356725,211826822,69080999,97501342,-15911663,放量,低,游资情绪,抢筹,长线吸筹型,纯资金炒作(亏损风险),C,谨慎：纯资金炒作,28.4
002111,威海广泰,9.2,-22.5,0.22,-33.8,-7.03,-18423170,-20500182,-68493244,2864655,1578538,-7161428,缩量,低,情绪退潮,观望,资金撤退型,,D,回避：资金撤退,-2.3
002112,三变科技,13.87,-81.7,1.1,-43.3,-7.61,-37786371,-59978980,-80698484,-7013749,-1866022,10593323,缩量,低,情绪退潮,观望,资金撤退型,,D,回避：资金撤退,-2.5
002050,三花智控,35.65,-64.1,0.36,18.3,0.42,29048612,-169118097,-506813028,6765918,15852667,26297996,缩量,低,情绪退潮,进场,资金观望型,资金+业绩共振(双击候选),B,关注：资金+业绩共振,72.1
002115,三维通信,9.42,-73.8,0.38,-18.8,-1.17,-22637240,-85964911,-191172262,-27878270,-26943277,25826054,缩量,低,情绪退潮,观望,资金撤退型,,D,回避：资金撤退,-0.4
002116,中国海诚,7.15,-27.6,0.5,-30.4,-3.88,-3673106,-11191783,-19728971,879142,-550550,-171359,缩量,低,情绪退潮,观望,资金撤退型,,D,回避：资金撤退,-1.3
002117,东港股份,7.83,-17.7,0.53,-34.2,-0.0,-6780,-23830397,-55479646,-8396079,-9140188,8567910,缩量,低,情绪退潮,观望,资金撤退型,,D,回避：资金撤退,0.0
002051,中工国际,8.59,-57.1,0.34,50.5,-0.81,-9824017,-22511644,-51027151,3668553,6668606,-3155986,缩量,低,情绪退潮,吸筹,资金撤退型,机构吸筹+盈利(关注),C,谨慎：资金流入未验证业绩,23.7
002120,韵达股份,6.8,-34.3,0.45,3.7,-7.48,-68133428,-50409953,-122972668,14448151,10182990,-11006393,缩量,低,情绪退潮,观望,资金观望型,,D,回避：资金观望,-2.5
002121,科陆电子,4.12,-59.6,0.71,-11.5,-3.37,-27405357,-13560410,33972290,-5705693,1631499,2742535,缩量,低,情绪退潮,观望,长线吸筹型,,D,回避：资金观望,-1.1
002123,梦网科技,7.66,-69.5,1.96,34.7,3.02,30197193,6493060,-43780100,-647704,-1497264,-720709,缩量,低,情绪退潮,观望,资金观望型,,D,回避：资金观望,1.0
002124,天邦食品,2.0,-26.3,0.36,-44.4,-7.23,-98314340,-92039623,-39311712,-18651287,-13604366,10268248,缩量,低,情绪退潮,观望,高位分歧型,,D,回避：资金观望,-2.4
002125,湘潭电化,11.91,-54.2,0.41,-29.8,-4.76,-24749300,-37156036,-195259176,-136335,1786435,4534098,缩量,低,情绪退潮,观望,资金撤退型,,D,回避：资金撤退,-1.6
002126,银轮股份,34.2,-59.3,0.93,-29.7,-6.64,-175973411,-121792716,-131841288,-23583689,-10570103,23344909,缩量,低,情绪退潮,观望,资金观望型,,D,回避：资金观望,-2.2
002127,南极电商,2.98,-21.9,1.22,9.1,1.59,11127176,13946349,17743010,-4123246,-1845487,3937322,缩量,低,情绪退潮,观望,均衡流入型,,D,回避：资金观望,0.5
002128,电投能源,28.14,-0.4,0.69,-6.9,-0.96,-15669066,-56482809,-245106310,19704378,8147077,-55949374,缩量,低,情绪退潮,观望,资金撤退型,,D,回避：资金撤退,-0.3
002058,紫竹高科,18.36,72.1,0.52,55.1,1.46,3931626,12914358,2744789,22578737,21284054,-11151388,放量,低,游资情绪,抢筹,趋势转多型,资金+业绩共振(双击候选),B,关注：资金+业绩共振,88.5
002130,沃尔核材,15.66,-67.0,0.57,-32.1,-10.84,-207468371,-413997270,-305361847,-9510247,-8251579,13360055,缩量,低,情绪退潮,观望,资金观望型,,D,回避：资金观望,-3.6
002069,獐子岛,3.66,-23.8,0.79,-31.3,6.49,12734566,22961509,22409618,-1457717,0,916227,缩量,中,主力惜售,进场,短线抢筹型,纯资金炒作(亏损风险),C,谨慎：纯资金炒作,26.2
002132,恒星科技,3.97,-80.7,0.64,-38.3,-18.67,-122024537,-62212052,57665836,-10552777,-12176651,8662743,缩量,低,情绪退潮,观望,高位分歧型,,D,回避：资金观望,-6.2
002053,云南能投,9.57,-39.2,0.52,-39.3,2.53,6403304,-8186120,-32771072,2380254,-2766270,-2277780,缩量,低,情绪退潮,进场,资金观望型,资金+业绩共振(双击候选),B,关注：资金+业绩共振,72.8
002134,天津普林,25.16,59.4,0.54,83.0,-5.39,-144017392,94188256,102142162,1119988,349700,-28092005,放量,低,游资情绪,观望,资金观望型,,D,回避：资金观望,6.2
002076,星光股份,2.12,-27.8,0.59,-3.3,6.61,14460628,30113274,16778912,-8375322,-4961955,5898282,缩量,中,主力惜售,进场,短线抢筹型,纯资金炒作(亏损风险),C,谨慎：纯资金炒作,26.2
002136,安 纳 达,11.76,-44.9,0.27,-16.5,-10.57,-23127735,-33945052,-52918143,-3880327,-1681620,797111,缩量,低,情绪退潮,观望,资金撤退型,,D,回避：资金撤退,-3.5
002137,实益达,7.9,-29.1,5.87,411.0,-6.67,-95815006,4159392,-17328685,21621550,10222320,-30874285,缩量,低,情绪退潮,观望,资金观望型,,D,回避：资金观望,-2.2
002138,顺络电子,48.88,-60.0,1.61,14.8,3.29,243092475,405978175,370921737,-13464165,-7078991,20845858,缩量,低,情绪退潮,观望,趋势转多型,,D,回避：资金观望,1.1
002139,拓邦股份,9.58,-62.6,0.94,-8.7,-1.12,-5052722,-29148209,-39035161,-4369744,-1259387,4922135,缩量,低,情绪退潮,观望,资金撤退型,,D,回避：资金撤退,-0.4
002140,东华科技,8.95,7.2,0.28,-12.7,-0.71,-1919279,-11918571,-13702181,1711596,1622069,-9925022,缩量,低,情绪退潮,观望,资金撤退型,,D,回避：资金撤退,-0.2
002074,国轩高科,28.68,51.4,0.36,135.6,0.38,19355620,62890061,-201653552,424555780,494460032,-216614814,放量,低,游资情绪,抢筹,趋势转多型,资金+业绩共振(双击候选),B,关注：资金+业绩共振,88.1
002078,太阳纸业,13.55,-27.9,0.93,-4.6,3.06,31917016,22593367,-96329225,25858987,12868076,-30284975,缩量,低,情绪退潮,进场,资金观望型,资金+业绩共振(双击候选),B,关注：资金+业绩共振,73.0
002088,鲁阳节能,7.99,-60.0,0.68,-30.4,9.28,6562478,8184006,5793357,607514,511377,-1317062,缩量,中,主力惜售,进场,短线抢筹型,资金+业绩共振(双击候选),B,关注：资金+业绩共振,87.1
002145,钛能化学,4.6,2.6,0.78,172.1,-11.8,-237103562,-173948576,-204678907,-13110331,-8189703,9777058,缩量,低,情绪退潮,观望,资金观望型,,D,回避：资金观望,-3.9
002091,江苏国泰,7.46,-42.5,0.16,-8.2,1.85,5145223,5671958,-27693827,2911277,-2696135,-3650804,缩量,低,情绪退潮,进场,趋势转多型,资金+业绩共振(双击候选),B,关注：资金+业绩共振,72.6
002148,北纬科技,6.26,-66.6,1.29,10.8,4.51,20442765,8953304,10471323,-1576775,0,2968604,缩量,低,情绪退潮,观望,资金观望型,,D,回避：资金观望,1.5
002149,西部材料,31.55,-78.7,0.27,-2.8,-1.49,-34047975,-99307545,-259236166,-28889454,-19134836,54520172,缩量,低,情绪退潮,观望,资金撤退型,,D,回避：资金撤退,-0.5
002150,正泰电源,19.61,-51.1,0.49,7.2,3.83,25068798,33669018,-7246918,-6883182,-6382807,-4015538,缩量,低,情绪退潮,观望,趋势转多型,,D,回避：资金观望,1.3
002151,北斗星通,28.15,-38.9,0.38,71.9,-0.58,-17448561,-61658397,-78433449,-20648565,-15160073,3792598,缩量,低,情绪退潮,观望,资金撤退型,,D,回避：资金撤退,-0.2
002152,广电运通,8.94,-81.8,1.42,-25.2,-7.96,-53274749,-112454489,-156471888,1814434,1308634,-4289394,缩量,低,情绪退潮,观望,资金撤退型,,D,回避：资金撤退,-2.7
002153,石基信息,7.4,-76.5,0.87,-24.5,0.31,2249154,-19369739,-36614627,-1158168,232480,4937326,缩量,低,情绪退潮,观望,资金观望型,,D,回避：资金观望,0.1
002092,中泰化学,4.31,-64.1,0.64,-48.4,4.52,29370556,-14135909,56928686,98173,1600269,-3302562,缩量,低,情绪退潮,进场,资金观望型,纯资金炒作(亏损风险),C,谨慎：纯资金炒作,13.5
002155,湖南黄金,23.08,-50.4,0.91,-45.4,-13.24,-577374063,-810914753,-897320785,28474456,15837373,-17781219,缩量,低,情绪退潮,观望,资金撤退型,,D,回避：资金撤退,-4.4
002156,通富微电,60.36,-66.6,1.57,34.0,-0.54,-129219870,329288358,-1152526888,361457532,240700604,-274884631,缩量,低,情绪退潮,观望,资金观望型,,D,回避：资金观望,-0.2
002094,青岛金王,5.05,31.9,0.6,-48.3,8.5,66102840,75554436,-72029558,3941863,925387,4152148,缩量,中,主力惜售,进场,短线抢筹型,资金+业绩共振(双击候选),B,关注：资金+业绩共振,86.8
002158,汉钟精机,24.84,-44.0,0.69,-29.2,-7.49,-87575752,-50532763,64170523,16295922,10017191,-31924427,缩量,低,情绪退潮,观望,高位分歧型,,D,回避：资金观望,-2.5
002159,三特索道,13.29,-51.4,0.52,-45.5,-0.61,-908549,-1319998,6444753,92433,0,933567,缩量,低,情绪退潮,观望,资金观望型,,D,回避：资金观望,-0.2
002160,常铝股份,3.9,-23.6,0.61,-22.6,3.07,7171849,6587259,-5621264,-3430579,-3821701,4266987,缩量,低,情绪退潮,观望,资金观望型,,D,回避：资金观望,1.0
002161,远 望 谷,6.44,79.3,0.43,75.8,-4.79,-58365954,-144095035,22323132,-5528470,1797661,8821662,放量,低,游资情绪,观望,长线吸筹型,,D,回避：资金观望,6.4
002099,海翔药业,6.0,114.0,0.4,20.7,3.55,39413887,36443707,48991784,10894157,-2701432,-21149498,放量,低,游资情绪,进场,资金观望型,纯资金炒作(亏损风险),C,谨慎：纯资金炒作,21.2
002110,三钢闽光,2.87,0.6,0.94,1.0,6.75,27090737,36336894,33131728,1151135,5597980,1193696,缩量,中,主力惜售,进场,短线抢筹型,资金+业绩共振(双击候选),B,关注：资金+业绩共振,86.2
002103,广博股份,6.74,-33.6,0.93,-10.7,1.76,6278702,-2967882,-1005265,2535941,1494089,-2249979,缩量,低,情绪退潮,进场,资金观望型,资金+业绩共振(双击候选),B,关注：资金+业绩共振,72.6
002165,红 宝 丽,6.77,-58.3,1.07,-66.5,-5.39,-101340228,-153021867,-796916347,-1045314,-2003869,8964375,缩量,低,情绪退潮,观望,资金撤退型,,D,回避：资金撤退,-1.8
002166,莱茵生物,6.66,-55.7,0.98,-49.6,-2.5,-5724607,-32793800,-29898638,503359,-568788,-590192,缩量,低,情绪退潮,观望,资金观望型,,D,回避：资金观望,-0.8
002119,康强电子,28.27,146.9,1.86,171.6,5.36,644838353,849394877,872263697,-39834340,-15700243,106272226,放量,中,主力偏强放量,进场,均衡流入型,资金+业绩共振(双击候选),B,关注：资金+业绩共振,89.8
002169,智光电气,12.13,-27.6,1.04,93.9,-4.45,-96126311,-77317170,41826149,-4809624,-12078574,-8445313,缩量,低,情绪退潮,观望,高位分歧型,,D,回避：资金观望,-1.5
002129,TCL中环,9.11,-54.2,2.36,57.4,9.49,473877777,342651063,-214629218,47764970,34263288,-38948690,缩量,中,主力惜售,进场,资金观望型,纯资金炒作(亏损风险),C,谨慎：纯资金炒作,27.2
002171,楚江新材,9.64,-54.5,1.44,-33.6,-7.52,-163663886,-269648715,-346156285,-18047698,-11060834,17547576,缩量,低,情绪退潮,观望,资金撤退型,,D,回避：资金撤退,-2.5
002114,罗平锌电,7.21,-14.6,0.54,-34.3,0.63,1220459,-15770025,-20332156,396889,411036,-1131374,缩量,低,情绪退潮,进场,资金观望型,纯资金炒作(亏损风险),C,谨慎：纯资金炒作,12.2
002173,创新医疗,17.08,-82.7,2.54,18.7,-2.78,-51985561,-65733729,-224864736,-11580223,-6732440,16025049,缩量,低,情绪退潮,观望,资金撤退型,,D,回避：资金撤退,-0.9
002174,游族网络,13.4,10.5,1.07,11.2,-3.18,-83632284,-170809836,-23468789,-543453,-6476020,2334779,缩量,低,情绪退潮,观望,资金观望型,,D,回避：资金观望,-1.1
002176,江特电机,8.2,-66.8,0.13,-40.4,-9.46,-110360085,-146456790,-180786783,-5815052,940126,26479321,缩量,低,情绪退潮,观望,资金撤退型,,D,回避：资金撤退,-3.2
002135,东南网架,5.94,-31.9,0.13,5.1,1.88,7617527,5320363,-46017972,2244446,2194478,1884872,缩量,低,情绪退潮,进场,资金观望型,资金+业绩共振(双击候选),B,关注：资金+业绩共振,72.6
002131,利欧股份,4.25,-79.0,0.98,-53.2,-2.88,-166023042,-161446358,-417053622,46897556,65509532,-17825848,缩量,低,情绪退潮,吸筹,资金观望型,机构吸筹+盈利(关注),C,谨慎：资金流入未验证业绩,23.0
002179,中航光电,32.9,-55.5,0.9,5.0,-4.95,-137192235,-144652370,-66974684,-71939849,-38733330,42090643,缩量,低,情绪退潮,观望,资金观望型,,D,回避：资金观望,-1.7
002133,广宇集团,2.93,53.8,0.44,-53.8,0.23,538770,14640516,27508596,3592669,1932954,-2961698,放量,低,游资情绪,抢筹,均衡流入型,资金+业绩共振(双击候选),B,关注：资金+业绩共振,88.1
002181,粤 传 媒,9.0,82.6,0.18,-28.9,4.86,213799464,54066088,474574961,-27365037,-10692103,40261862,放量,低,游资情绪,观望,资金观望型,,D,回避：资金观望,9.6
002182,宝武镁业,11.04,-72.3,0.82,-41.7,-3.96,-18366963,-29796945,-3042866,-5559369,-284536,6294014,缩量,低,情绪退潮,观望,资金观望型,,D,回避：资金观望,-1.3
002142,宁波银行,34.81,-38.4,1.35,-10.4,2.08,74137825,-191000727,126493122,-7224283,15784727,-15735059,缩量,低,情绪退潮,吸筹,资金观望型,资金+业绩共振(双击候选),B,关注：资金+业绩共振,64.7
002184,海得控制,9.94,-45.8,0.71,3.9,0.12,181533,-5255104,-21798564,-1717627,-1433375,2929760,缩量,低,情绪退潮,观望,资金观望型,,D,回避：资金观望,0.0
002185,华天科技,17.02,-73.2,3.46,96.5,-12.37,-2861213741,-233517319,-705278519,-60623393,-68371812,24825631,缩量,低,情绪退潮,观望,资金观望型,,D,回避：资金观望,-4.1
002141,贤丰控股,6.58,-23.4,15.19,25.1,5.76,397652364,697731114,741679438,-36277423,-26848820,-6175462,缩量,中,主力惜售,进场,主力强攻型,资金+业绩共振(双击候选),B,关注：资金+业绩共振,85.9
002187,广百股份,5.46,-46.2,1.07,-52.8,0.52,1195391,-4611806,-10121921,-2713892,-1593556,4023415,缩量,低,情绪退潮,观望,资金观望型,,D,回避：资金观望,0.2
002188,中天服务,5.82,27.7,0.43,12.6,-2.64,-8350924,-14541956,-2135071,4771655,1011024,-5312995,缩量,低,情绪退潮,观望,资金观望型,,D,回避：资金观望,-0.9
002144,宏达高科,11.09,-36.0,0.95,9.1,-0.11,-182926,931856,-16223830,3561706,1314892,-682657,缩量,低,情绪退潮,吸筹,资金观望型,机构吸筹+盈利(关注),C,谨慎：资金流入未验证业绩,24.0
002190,成飞集成,22.92,-65.1,1.36,-71.5,1.46,6313702,-20860383,-45437787,-2884015,-3124877,5064129,缩量,低,情绪退潮,观望,资金观望型,,D,回避：资金观望,0.5
002191,劲嘉股份,3.5,-34.5,0.36,2.4,-8.64,-15334255,-7935055,-32562804,238577,1850940,1462012,缩量,低,情绪退潮,观望,资金观望型,,D,回避：资金观望,-2.9
002192,融捷股份,56.97,-64.1,0.34,-23.8,-4.77,-128713345,-213851883,-734476435,-8495089,-3781167,1301385,缩量,低,情绪退潮,观望,资金撤退型,,D,回避：资金撤退,-1.6
002194,武汉凡谷,9.98,-48.8,0.6,-25.4,0.54,8423656,-208272737,451694283,-13114508,-8340961,20855525,缩量,低,情绪退潮,观望,长线吸筹型,,D,回避：资金观望,0.2
002195,岩山科技,5.95,-75.3,0.79,-22.4,-8.63,-163689067,-110707208,-252760031,4344405,2860334,9929857,缩量,低,情绪退潮,观望,资金观望型,,D,回避：资金观望,-2.9
002196,方正电机,10.16,-19.3,0.55,-43.0,-1.1,-11062073,-10754350,106795217,-7096911,350522,13984526,缩量,低,情绪退潮,观望,长线吸筹型,,D,回避：资金观望,-0.4
002197,证通电子,6.5,-69.5,1.9,-12.5,1.93,10275489,7235481,24875590,-5678531,-2133984,9345572,缩量,低,情绪退潮,观望,资金观望型,,D,回避：资金观望,0.6
002199,东晶电子,11.51,-75.3,1.34,86.4,1.57,6409274,-1725194,-23755172,-2322568,-2694432,-7858,缩量,低,情绪退潮,观望,资金观望型,,D,回避：资金观望,0.5
002146,荣盛发展,1.29,282.9,0.7,75.2,1.51,29251994,69172957,38921961,44369042,38901912,-6381066,放量,低,游资情绪,抢筹,趋势转多型,纯资金炒作(亏损风险),C,谨慎：纯资金炒作,28.5
002201,九鼎新材,9.3,57.3,0.13,-9.2,-7.53,-153167722,-250794890,180516349,-15819736,-4373000,23547949,放量,低,游资情绪,观望,长线吸筹型,,D,回避：资金观望,5.5
002202,金风科技,17.09,-69.1,0.37,5.5,-9.45,-495570103,-975257039,-1593454821,-72231103,-65283272,75222807,缩量,低,情绪退潮,观望,资金撤退型,,D,回避：资金撤退,-3.1
002203,海亮股份,17.48,-63.6,0.39,-30.2,-0.51,-7953077,-213704536,145990799,28434640,16649253,-21210696,缩量,低,情绪退潮,观望,长线吸筹型,,D,回避：资金观望,-0.2
002154,报 喜 鸟,3.82,-46.8,0.37,-10.7,0.75,2702504,39754,-10642484,7017309,5760275,-1879794,缩量,低,情绪退潮,吸筹,资金观望型,资金+业绩共振(双击候选),B,关注：资金+业绩共振,64.2
002162,悦心健康,4.18,-7.3,1.28,-41.5,-7.07,-31843934,-51453236,63137100,16568960,14185467,-10836417,缩量,低,情绪退潮,吸筹,长线吸筹型,机构吸筹+盈利(关注),C,谨慎：资金流入未验证业绩,21.6
002206,海 利 得,4.85,-56.1,0.58,-31.1,-5.21,-8713156,-16127054,-39426653,-1859555,-602580,2665173,缩量,低,情绪退潮,观望,资金撤退型,,D,回避：资金撤退,-1.7
002208,合肥城建,10.06,-70.6,1.44,-18.2,-2.25,-29336341,-51042904,-60493846,12422067,4668909,-16856199,缩量,低,情绪退潮,观望,资金撤退型,,D,回避：资金撤退,-0.8
002209,达 意 隆,13.39,-10.0,0.18,-34.1,3.86,8380648,-1564706,-36435510,-787914,0,-3673724,缩量,低,情绪退潮,观望,资金观望型,,D,回避：资金观望,1.3
002210,飞马国际,2.08,-54.2,0.12,-14.8,1.02,4916140,6553531,7132308,-4085851,594723,2733925,缩量,低,情绪退潮,观望,均衡流入型,,D,回避：资金观望,0.3
002212,天融信,7.38,225.2,1.39,169.6,0.64,31468771,345398475,322347657,-38563673,-49362541,28547909,放量,低,游资情绪,观望,趋势转多型,,D,回避：资金观望,8.2
002213,大为股份,27.83,-43.2,0.24,111.7,-1.93,-30642842,125183589,-53541919,-3276323,-10131879,3716052,缩量,低,情绪退潮,观望,资金观望型,,D,回避：资金观望,-0.6
002214,大立科技,17.78,-4.9,0.83,-11.9,-0.82,-4617272,-3289676,-4094031,924427,495506,1854651,缩量,低,情绪退潮,观望,资金观望型,,D,回避：资金观望,-0.3
002215,诺 普 信,9.26,-19.0,0.62,-39.7,-5.98,-45180325,4904452,-55258046,5728712,-13093086,-5584471,缩量,低,情绪退潮,观望,资金观望型,,D,回避：资金观望,-2.0
002216,三全食品,11.33,-60.0,0.64,-45.9,-8.09,-15334754,-15119330,-25501768,-5469341,-4507685,477144,缩量,低,情绪退潮,观望,资金观望型,,D,回避：资金观望,-2.7
002218,拓日新能,3.75,-43.3,0.38,82.2,-1.3,-17270498,127464408,290535647,10400129,6944543,814747,缩量,低,情绪退潮,观望,高位分歧型,,D,回避：资金观望,-0.4
002157,正邦科技,2.92,-40.0,0.22,-38.7,-7.06,-111657412,-134376900,-346004847,14907700,11857018,-7069471,缩量,低,情绪退潮,吸筹,资金撤退型,纯资金炒作(亏损风险),C,谨慎：纯资金炒作,1.6
002163,海南发展,7.49,-17.6,0.59,16.2,0.06,588531,-66635346,19993121,480156,1420218,5421039,缩量,低,情绪退潮,进场,资金观望型,纯资金炒作(亏损风险),C,谨慎：纯资金炒作,12.0
002222,福晶科技,62.15,-49.0,0.48,51.5,-1.37,-108342089,-30774929,-131415016,-57432036,-30392933,39256366,缩量,低,情绪退潮,观望,资金观望型,,D,回避：资金观望,-0.5
002223,鱼跃医疗,25.67,-4.0,1.17,42.6,-1.71,-17764545,-57623076,-131876273,-11743608,-14767242,22161132,缩量,低,情绪退潮,观望,资金撤退型,,D,回避：资金撤退,-0.6
002224,三 力 士,3.71,-29.2,0.51,-65.1,-0.74,-1344302,-13894487,63780645,-524609,379540,1953441,缩量,低,情绪退潮,观望,长线吸筹型,,D,回避：资金观望,-0.2
002225,濮耐股份,3.41,-56.5,0.25,1.1,-9.3,-29359082,-47244244,-69001622,-1798112,-1799467,-1140550,缩量,低,情绪退潮,观望,资金撤退型,,D,回避：资金撤退,-3.1
002226,江南化工,4.85,-39.4,1.42,55.6,-3.3,-28185114,-39447177,-69757108,-5746288,-5961681,-1318349,缩量,低,情绪退潮,观望,资金撤退型,,D,回避：资金撤退,-1.1
002164,宁波东力,12.05,148.7,0.67,438.9,9.28,300237046,286422925,233335788,-46910876,-27785941,57204020,放量,中,主力偏强放量,进场,资金观望型,资金+业绩共振(双击候选),B,关注：资金+业绩共振,91.1
002229,鸿博股份,10.21,-75.0,0.5,-55.0,-6.66,-71353310,-113141272,-341238549,-8091459,-4007619,12373990,缩量,低,情绪退潮,观望,资金撤退型,,D,回避：资金撤退,-2.2
002230,科大讯飞,37.2,-78.8,0.72,-21.2,-9.94,-312534802,-585760798,-1168784241,-25767483,-12151114,27377888,缩量,低,情绪退潮,观望,资金撤退型,,D,回避：资金撤退,-3.3
002167,东方锆业,15.59,-75.5,4.75,11.4,-2.42,-65816235,53231239,-206953661,20676652,28053886,-6356426,缩量,低,情绪退潮,吸筹,资金观望型,机构吸筹+盈利(关注),C,谨慎：资金流入未验证业绩,23.2
002170,芭田股份,10.52,-51.8,0.49,-50.2,0.56,3435725,12019846,71873588,89349,-3049946,-949223,缩量,低,情绪退潮,进场,长线吸筹型,资金+业绩共振(双击候选),B,关注：资金+业绩共振,72.2
002234,民和股份,7.93,-25.3,0.96,-28.8,-2.3,-3895810,-10822113,-26305145,-133603,-68080,3974769,缩量,低,情绪退潮,观望,资金撤退型,,D,回避：资金撤退,-0.8
002235,安妮股份,7.66,-79.3,0.39,-33.2,-11.82,-71508943,-90597470,-229102802,-13094850,-5763008,10932281,缩量,低,情绪退潮,观望,资金撤退型,,D,回避：资金撤退,-3.9
002236,大华股份,15.23,-77.1,0.86,-31.4,-10.89,-155646115,-153163806,-407529388,-8092151,-1503023,-5200326,缩量,低,情绪退潮,观望,资金观望型,,D,回避：资金观望,-3.6
002237,恒邦股份,12.35,-43.1,0.61,-34.0,-4.27,-51283618,-84787972,-282149669,15471144,5355976,-20525575,缩量,低,情绪退潮,观望,资金撤退型,,D,回避：资金撤退,-1.4
002172,澳洋健康,5.49,1110.4,1.48,26.4,-1.72,-90418605,378411673,590658948,339963758,378335664,-166940918,放量,低,游资情绪,抢筹,高位分歧型,机构吸筹+盈利(关注),C,谨慎：资金流入未验证业绩,47.4
002180,奔图科技,16.26,-70.0,1.03,69.0,2.57,28058960,-16633266,-35036955,8439226,2796633,-12678764,缩量,低,情绪退潮,进场,资金观望型,纯资金炒作(亏损风险),C,谨慎：纯资金炒作,12.9
002178,延华智能,4.99,234.8,0.81,481.9,3.07,66178949,73193103,73532668,7639969,5249660,-8950916,放量,低,游资情绪,进场,均衡流入型,资金+业绩共振(双击候选),B,关注：资金+业绩共振,81.0
002177,御银股份,5.49,-55.7,0.55,-55.7,-0.6,-2638499,-9366466,-47467806,8901801,4854388,-3367214,缩量,低,情绪退潮,吸筹,资金撤退型,机构吸筹+盈利(关注),C,谨慎：资金流入未验证业绩,23.8
002183,怡 亚 通,4.15,-47.8,0.21,-12.1,-3.48,-34470298,-76587176,-103593107,7550927,9819408,-526381,缩量,低,情绪退潮,吸筹,资金撤退型,纯资金炒作(亏损风险),C,谨慎：纯资金炒作,2.8
002243,力合科创,6.94,-62.2,1.06,-24.1,-7.14,-19438220,-46866062,-69777029,-3097722,-270172,4338569,缩量,低,情绪退潮,观望,资金撤退型,,D,回避：资金撤退,-2.4
002186,全 聚 德,9.34,-32.8,0.68,-49.8,-5.96,-8506306,-9422721,1675317,1107362,2602053,-1288124,缩量,低,情绪退潮,吸筹,长线吸筹型,机构吸筹+盈利(关注),C,谨慎：资金流入未验证业绩,22.0
002189,中光学,19.05,-50.0,0.49,-50.9,1.37,2897180,-7296930,-30353577,2613956,0,-2603733,缩量,低,情绪退潮,进场,资金观望型,纯资金炒作(亏损风险),C,谨慎：纯资金炒作,12.5
002246,北化股份,25.07,79.7,0.59,116.0,-2.88,-172963704,-100040673,-311468639,13506625,6262532,-12863267,放量,低,游资情绪,观望,资金观望型,,D,回避：资金观望,7.0
002247,聚力文化,2.48,-24.7,0.68,-1.3,-4.17,-9157806,-9416118,11099480,2916320,1178297,-2664677,缩量,低,情绪退潮,观望,长线吸筹型,,D,回避：资金观望,-1.4
002200,交投生态,6.82,-12.5,2.81,9.7,0.89,1391266,3808328,3760765,1787031,-953074,-3465292,缩量,低,情绪退潮,进场,趋势转多型,纯资金炒作(亏损风险),C,谨慎：纯资金炒作,12.3
002249,大洋电机,6.4,-65.3,0.65,-33.8,-0.46,-3511359,-34531719,-115905682,186934,-1876056,3385644,缩量,低,情绪退潮,观望,资金撤退型,,D,回避：资金撤退,-0.2
002204,大连重工,5.27,-16.8,0.56,-1.3,-7.13,-54553908,-60264664,106134868,10954294,13553573,-4711684,缩量,低,情绪退潮,吸筹,长线吸筹型,机构吸筹+盈利(关注),C,谨慎：资金流入未验证业绩,21.6
002251,步步高,3.39,-57.7,2.01,-48.0,-8.55,-92352726,-92117669,-103858521,10787481,6565253,-8982766,缩量,低,情绪退潮,观望,资金观望型,,D,回避：资金观望,-2.9
002252,上海莱士,5.17,-4.3,2.02,12.9,1.77,24024109,64917416,159131898,-1034167,-4318681,-7616240,缩量,低,情绪退潮,观望,均衡流入型,,D,回避：资金观望,0.6
002253,川大智胜,8.56,40.9,0.61,58.2,-1.07,-5967761,-11011551,-36622715,-539929,1772668,1482040,缩量,低,情绪退潮,观望,资金撤退型,,D,回避：资金撤退,-0.4
002254,泰和新材,11.57,-66.2,1.12,-4.1,-3.1,-26527301,-57526242,-112067953,-10039661,-8321983,10138951,缩量,低,情绪退潮,观望,资金撤退型,,D,回避：资金撤退,-1.0
002255,海陆重工,7.26,-78.4,0.5,-16.3,-5.13,-11904013,-8780918,-46412398,-3229386,-1952493,4116293,缩量,低,情绪退潮,观望,资金观望型,,D,回避：资金观望,-1.7
002256,兆新股份,3.13,-74.9,0.25,-28.8,-3.5,-14037682,-54060458,-52163662,2542250,1576082,-1716676,缩量,低,情绪退潮,观望,资金观望型,,D,回避：资金观望,-1.2
002258,利尔化学,13.83,-59.3,2.05,-42.5,-8.6,-105310908,-148023470,-130054751,-10246862,-10585311,2788114,缩量,低,情绪退潮,观望,资金观望型,,D,回避：资金观望,-2.9
002205,国统股份,12.76,939.2,0.65,196.2,4.45,42803084,42619333,38864424,63775358,72433030,-36983388,放量,低,游资情绪,抢筹,资金观望型,纯资金炒作(亏损风险),C,谨慎：纯资金炒作,29.5
002261,拓维信息,24.08,-84.8,0.51,-5.1,-11.66,-394332904,-278849250,-446807009,-18531280,-8699493,25410835,缩量,低,情绪退潮,观望,资金观望型,,D,回避：资金观望,-3.9
002262,恩华药业,21.5,-73.6,1.16,-28.6,-6.06,-35274867,-41398866,-74602980,-590997,-2380421,6003886,缩量,低,情绪退潮,观望,资金撤退型,,D,回避：资金撤退,-2.0
002219,新里程,2.08,-56.0,1.19,-13.6,2.01,16493613,29055324,41619408,16998405,14736371,-13634475,缩量,低,情绪退潮,吸筹,均衡流入型,资金+业绩共振(双击候选),B,关注：资金+业绩共振,64.7
002221,东华能源,5.58,-67.5,0.74,-39.0,1.05,3266944,2921169,50898488,5419948,4320964,-2987305,缩量,低,情绪退潮,吸筹,长线吸筹型,纯资金炒作(亏损风险),C,谨慎：纯资金炒作,4.3
002265,建设工业,18.9,-64.1,1.38,-57.6,-7.45,-74888711,-161819792,71890626,-1062965,2814078,7792745,缩量,低,情绪退潮,观望,长线吸筹型,,D,回避：资金观望,-2.5
002232,启明信息,17.15,954.9,0.85,471.2,4.29,69954796,133245051,111831356,9687680,15616760,2987245,放量,低,游资情绪,进场,趋势转多型,资金+业绩共振(双击候选),B,关注：资金+业绩共振,81.4
002228,合兴包装,3.23,-2.7,0.74,22.5,7.9,29350834,52185528,45135648,-727867,42733,5985781,缩量,中,主力惜售,进场,短线抢筹型,资金+业绩共振(双击候选),B,关注：资金+业绩共振,86.6
002268,电科网安,15.08,14.1,1.85,114.1,-2.71,-30735012,4221812,-55069812,18854948,19722015,-24933624,缩量,低,情绪退潮,观望,资金观望型,,D,回避：资金观望,-0.9
002269,美邦服饰,1.37,-27.0,0.51,3.7,-1.18,-4175775,18525229,-11757652,4043278,8440712,981243,缩量,低,情绪退潮,观望,资金观望型,,D,回避：资金观望,-0.4
002270,华明装备,17.02,-66.0,0.63,-12.3,-1.12,-9229109,-34718304,-89173745,-10678687,-5649411,2058690,缩量,低,情绪退潮,观望,资金撤退型,,D,回避：资金撤退,-0.4
002238,天威视讯,7.52,1683.5,0.7,397.7,-3.5,-60240779,-65510725,-66605298,41620440,33549748,-79137465,放量,低,游资情绪,抢筹,资金撤退型,纯资金炒作(亏损风险),C,谨慎：纯资金炒作,26.8
002272,川润股份,14.23,-68.4,0.62,12.8,-8.78,-138297912,-121639713,-209176941,-13194208,-7791235,17118741,缩量,低,情绪退潮,观望,资金观望型,,D,回避：资金观望,-2.9
002273,水晶光电,23.51,-58.9,0.7,15.8,-3.61,-147824820,-319857379,-541587599,-73741353,-90030092,34081786,缩量,低,情绪退潮,观望,资金撤退型,,D,回避：资金撤退,-1.2
002233,塔牌集团,6.68,-36.1,0.63,38.5,10.29,61403345,106179112,131162971,5799422,-148824,-9615551,缩量,高,主力控盘,控盘,主力强攻型,控盘+盈利(稳健),B,关注：控盘稳健+盈利,71.4
002275,桂林三金,12.07,-69.3,0.71,-30.2,-3.72,-2485926,-6820852,-9954969,854137,0,-312530,缩量,低,情绪退潮,观望,资金撤退型,,D,回避：资金撤退,-1.2
002276,万马股份,9.74,-72.7,0.59,-21.9,-5.92,-27243077,-38287546,-81870521,255628,-2358817,1195729,缩量,低,情绪退潮,观望,资金撤退型,,D,回避：资金撤退,-2.0
002277,友阿股份,4.85,31.2,0.63,-21.9,-10.41,-51183140,-82979705,-168531045,-18068216,-8067485,15136734,缩量,低,情绪退潮,观望,资金撤退型,,D,回避：资金撤退,-3.5
002240,盛新锂能,25.05,-66.8,0.36,-18.9,-8.16,-218800444,-298573693,-810076250,11283847,9153972,-1618271,缩量,低,情绪退潮,吸筹,资金撤退型,纯资金炒作(亏损风险),C,谨慎：纯资金炒作,1.3
002239,奥特佳,2.46,-14.6,0.7,2.1,-0.86,-5119984,6263489,-24696825,10548461,9583203,-2295127,缩量,低,情绪退潮,吸筹,资金观望型,机构吸筹+盈利(关注),C,谨慎：资金流入未验证业绩,23.7
002281,光迅科技,166.9,-57.3,0.85,11.7,-8.35,-1953363453,-1025419259,685078494,183978607,93471567,-304338476,缩量,低,情绪退潮,观望,高位分歧型,,D,回避：资金观望,-2.8
002282,博深股份,6.09,-1.1,0.66,-2.4,-3.03,-2968303,-3973628,-16225525,-2275281,-1680968,2208083,缩量,低,情绪退潮,观望,资金撤退型,,D,回避：资金撤退,-1.0
002283,天润工业,7.45,-24.1,0.38,-11.6,-10.26,-75357769,-46060194,-83920826,-5858880,-6299653,19369074,缩量,低,情绪退潮,观望,资金观望型,,D,回避：资金观望,-3.4
002284,亚太股份,9.25,-39.3,0.4,-57.3,-3.83,-23961968,-50282464,-42505441,-2025683,-2409705,8584854,缩量,低,情绪退潮,观望,资金观望型,,D,回避：资金观望,-1.3
002285,世联行,3.21,1086.0,0.42,189.4,4.48,258031217,361924034,557700752,-11554795,-21175309,28909389,放量,低,游资情绪,观望,均衡流入型,,D,回避：资金观望,9.5
002242,九阳股份,11.36,177.1,0.28,78.9,6.74,70918419,82848834,199223205,935807,6392481,-5286918,放量,中,主力偏强放量,吸筹,均衡流入型,资金+业绩共振(双击候选),B,关注：资金+业绩共振,82.2
002287,奇正藏药,19.12,-68.7,1.83,-10.8,-2.49,-3087050,-2301623,-6305859,-441458,277105,1217935,缩量,低,情绪退潮,观望,资金观望型,,D,回避：资金观望,-0.8
002289,宇顺电子,33.58,-71.5,5.23,-19.2,-0.02,-106570,-20881396,-53121643,1205687,-3736792,2232303,缩量,低,情绪退潮,观望,资金撤退型,,D,回避：资金撤退,-0.0
002241,歌尔股份,23.0,-47.2,0.92,49.2,1.28,171119722,258269511,-256187108,30889036,7362163,-17095105,缩量,低,情绪退潮,进场,趋势转多型,资金+业绩共振(双击候选),B,关注：资金+业绩共振,72.4
002291,遥望科技,5.59,17.0,0.59,-47.6,3.61,36334889,33810848,68833855,-3796805,10809793,15076349,缩量,低,情绪退潮,观望,资金观望型,,D,回避：资金观望,1.2
002292,奥飞娱乐,8.56,-44.0,1.83,-15.1,-3.79,-70090292,-60498244,-29735879,-2803336,-2277806,-6999668,缩量,低,情绪退潮,观望,资金观望型,,D,回避：资金观望,-1.3
002293,罗莱生活,10.59,-44.7,0.59,-36.0,-10.3,-17871908,-26449322,-55927589,-9616702,-9612305,8266566,缩量,低,情绪退潮,观望,资金撤退型,,D,回避：资金撤退,-3.4
002294,信立泰,29.95,-85.9,1.78,-12.3,-5.63,-65201760,-130846429,-284003228,-483269,-271712,1218981,缩量,低,情绪退潮,观望,资金撤退型,,D,回避：资金撤退,-1.9
002295,精艺股份,9.86,164.7,0.42,-1.2,-3.37,-17043884,-39454940,-20742588,3028904,1226689,-2614679,放量,低,游资情绪,观望,资金观望型,,D,回避：资金观望,6.9
002296,辉煌科技,9.58,75.6,0.47,20.3,4.0,23655853,26833732,8575960,-8764191,-19902220,872866,放量,低,游资情绪,观望,趋势转多型,,D,回避：资金观望,9.3
002297,博云新材,20.15,-4.3,0.22,-36.8,-0.13,-11560611,-564833608,878175409,-55349076,4899553,163635504,缩量,低,情绪退潮,观望,长线吸筹型,,D,回避：资金观望,-0.0
002298,中电鑫龙,9.04,30.2,0.84,56.2,-6.16,-144863766,69223159,55149384,43043092,30698557,-41631492,缩量,低,情绪退潮,观望,资金观望型,,D,回避：资金观望,-2.1
002299,圣农发展,15.51,-31.4,0.83,-26.2,-2.66,-13511664,-18565228,-60627434,-9498443,-6150980,-8861347,缩量,低,情绪退潮,观望,资金撤退型,,D,回避：资金撤退,-0.9
002300,太阳电缆,7.77,-7.1,0.84,-0.8,-4.62,-119298750,254800545,498494337,-8214456,-7248611,13603734,缩量,低,情绪退潮,观望,高位分歧型,,D,回避：资金观望,-1.5
002245,蔚蓝锂芯,16.2,-57.8,1.11,-7.8,-8.88,-429245561,-454371255,-377240873,13908268,19288902,-7043083,缩量,低,情绪退潮,吸筹,资金观望型,机构吸筹+盈利(关注),C,谨慎：资金流入未验证业绩,21.0
002302,西部建设,4.69,-49.6,0.78,-3.4,4.07,7056206,4527230,1903978,-189322,-1236950,3112173,缩量,低,情绪退潮,观望,资金观望型,,D,回避：资金观望,1.4
002244,滨江集团,9.46,156.7,0.65,44.8,1.06,26646703,40911302,-83177763,122054476,110765227,-54209514,放量,低,游资情绪,抢筹,趋势转多型,资金+业绩共振(双击候选),B,关注：资金+业绩共振,88.4
002304,洋河股份,36.9,-61.3,1.17,-31.0,-0.79,-6197736,-2152562,-44601289,13007975,11820311,-17073707,缩量,低,情绪退潮,观望,资金观望型,,D,回避：资金观望,-0.3
002307,北新路桥,2.95,-22.2,0.87,-12.9,-3.6,-12181181,4228956,-16590398,-3808231,1527290,4531434,缩量,低,情绪退潮,观望,资金观望型,,D,回避：资金观望,-1.2
002309,中利集团,2.8,-75.3,0.34,0.5,-2.7,-29582864,-56207923,-68629910,-11627905,-5759288,18337123,缩量,低,情绪退潮,观望,资金撤退型,,D,回避：资金撤退,-0.9
002310,东方新能,2.25,-56.3,0.38,13.8,1.38,12136414,4971575,37095282,-21036908,-25685101,7142761,缩量,低,情绪退潮,观望,资金观望型,,D,回避：资金观望,0.5
002311,海大集团,41.2,-48.7,0.79,-26.3,1.71,27294983,59588016,41884865,-5397533,-4762189,21741509,缩量,低,情绪退潮,观望,趋势转多型,,D,回避：资金观望,0.6
002312,川发龙蟒,8.11,-55.3,0.45,-52.2,-7.06,-60882834,-156581529,-106677021,-767936,132535,563175,缩量,低,情绪退潮,观望,资金观望型,,D,回避：资金观望,-2.4
002248,华东数控,9.34,-68.1,0.67,28.3,0.93,5130299,49529136,-27411250,2225874,6023311,3849507,缩量,低,情绪退潮,进场,趋势转多型,资金+业绩共振(双击候选),B,关注：资金+业绩共振,72.3
002314,南山控股,2.37,129.2,0.48,38.2,0.32,1608462,22670612,28368407,-10769772,-4070027,9443372,放量,低,游资情绪,观望,均衡流入型,,D,回避：资金观望,8.1
002259,升达林业,4.89,209.6,0.17,188.0,6.14,72204777,66412339,55360033,10974258,11079182,-19490123,放量,中,主力偏强放量,进场,资金观望型,资金+业绩共振(双击候选),B,关注：资金+业绩共振,90.0
002316,亚联发展,4.5,46.7,0.53,5.3,-2.11,-6910363,-24047277,-24633613,2320918,-115838,-320619,缩量,低,情绪退潮,观望,资金撤退型,,D,回避：资金撤退,-0.7
002317,众生药业,22.79,-77.0,1.85,6.8,-1.54,-38378807,-79745350,2826392,-15587521,-14226706,6764830,缩量,低,情绪退潮,观望,资金观望型,,D,回避：资金观望,-0.5
002250,联化科技,13.92,-47.7,1.06,-41.5,3.77,26168440,-17913351,-47751649,17545421,9016281,-9474973,缩量,低,情绪退潮,进场,资金观望型,资金+业绩共振(双击候选),B,关注：资金+业绩共振,73.3
002319,乐通股份,10.17,-34.9,1.37,-12.6,-9.78,-35586365,-67886949,-111415634,-14669342,-18769066,8834084,缩量,低,情绪退潮,观望,资金撤退型,,D,回避：资金撤退,-3.3
002320,海峡股份,6.27,15.8,0.72,-54.6,-3.45,-43778087,-130251146,119068134,-7571558,-2710743,6843494,缩量,低,情绪退潮,观望,长线吸筹型,,D,回避：资金观望,-1.2
002264,新 华 都,7.57,287.0,0.6,93.2,2.54,84507736,105774887,309000811,3535151,7654816,-641194,放量,低,游资情绪,吸筹,均衡流入型,资金+业绩共振(双击候选),B,关注：资金+业绩共振,72.8
002322,理工能科,11.89,10.4,0.84,-33.4,-1.1,-3244376,-8327636,-81431517,7473280,2788058,7303997,缩量,低,情绪退潮,观望,资金撤退型,,D,回避：资金撤退,-0.4
002263,大东南,3.21,28.7,0.21,31.6,0.07,476792,21799969,-11827107,5572205,4632473,4877870,缩量,低,情绪退潮,进场,趋势转多型,资金+业绩共振(双击候选),B,关注：资金+业绩共振,72.0
002326,永太科技,16.16,-76.4,0.56,-20.8,-9.7,-108687826,-160993690,-297991563,-3882628,8594150,13934361,缩量,低,情绪退潮,观望,资金撤退型,,D,回避：资金撤退,-3.2
002266,浙富控股,4.54,-59.8,0.4,1.4,-6.21,-92021344,-50623177,50988608,27315225,17524560,-8255226,缩量,低,情绪退潮,吸筹,高位分歧型,机构吸筹+盈利(关注),C,谨慎：资金流入未验证业绩,21.9
002328,新朋股份,8.26,48.9,0.26,-50.2,-0.51,-15682864,-20840611,35870813,-45533252,-23434997,56961694,缩量,低,情绪退潮,观望,资金观望型,,D,回避：资金观望,-0.2
002271,东方雨虹,10.43,-27.4,0.53,-32.2,2.2,43094091,19898948,-137323547,21589696,24384296,-20300754,缩量,低,情绪退潮,吸筹,资金观望型,资金+业绩共振(双击候选),B,关注：资金+业绩共振,64.7
002267,陕天然气,7.15,-51.5,0.49,-62.3,1.22,1737156,-7045660,-59413568,1724579,776880,-3820914,缩量,低,情绪退潮,进场,资金观望型,资金+业绩共振(双击候选),B,关注：资金+业绩共振,72.4
002286,保龄宝,8.24,87.5,0.6,-26.6,2.79,32700939,15391014,55326435,281552,-795333,-298401,放量,低,游资情绪,进场,资金观望型,资金+业绩共振(双击候选),B,关注：资金+业绩共振,80.9
002332,仙琚制药,8.58,-35.7,1.83,-50.8,-7.67,-33311904,-32446985,-58004164,2250382,309795,-3229709,缩量,低,情绪退潮,观望,资金观望型,,D,回避：资金观望,-2.6
002333,罗普斯金,5.52,130.9,0.59,57.8,3.89,19934013,29168001,-9618735,-87319,-1530414,-6399561,放量,低,游资情绪,观望,趋势转多型,,D,回避：资金观望,9.3
002334,英威腾,6.42,-54.2,0.44,-34.5,-4.03,-12191752,-22800945,-9356038,-3873054,-206033,4580100,缩量,低,情绪退潮,观望,资金观望型,,D,回避：资金观望,-1.3
002278,神开股份,8.32,196.8,0.76,-60.2,-0.49,-2358932,-18059567,1357438,41020100,29063320,-43155929,放量,低,游资情绪,抢筹,资金观望型,机构吸筹+盈利(关注),C,谨慎：资金流入未验证业绩,47.8
002337,赛象科技,4.77,6.4,0.61,58.1,-3.49,-11447770,-15969133,-25265389,-683252,-67790,5032313,缩量,低,情绪退潮,观望,资金撤退型,,D,回避：资金撤退,-1.2
002338,奥普光电,43.17,-54.7,0.75,102.9,4.17,69903689,75366342,30437915,-337543,1635442,1809503,缩量,低,情绪退潮,观望,趋势转多型,,D,回避：资金观望,1.4
002274,华昌化工,5.83,-57.9,0.61,-68.6,-5.74,-33896323,-82777971,-70395951,1937041,3546168,-757304,缩量,低,情绪退潮,吸筹,资金观望型,纯资金炒作(亏损风险),C,谨慎：纯资金炒作,2.1
002340,格林美,6.04,-68.1,0.21,-22.3,-12.04,-162135516,-230981324,-701443143,8874573,9533890,3687707,缩量,低,情绪退潮,观望,资金撤退型,,D,回避：资金撤退,-4.0
002279,久其软件,6.67,-50.6,1.19,-25.4,1.22,13613680,59959256,-114789772,5652452,5108278,7132271,缩量,低,情绪退潮,进场,趋势转多型,资金+业绩共振(双击候选),B,关注：资金+业绩共振,72.4
002343,慈文传媒,5.72,9.5,0.82,-56.8,-0.28,-1221040,-20772101,70238827,-1182314,1276863,5456057,缩量,低,情绪退潮,观望,长线吸筹型,,D,回避：资金观望,-0.1
002344,海宁皮城,4.0,-17.5,0.64,-14.0,-1.73,-2718644,-9071095,-33381965,-534375,-97048,3348285,缩量,低,情绪退潮,观望,资金撤退型,,D,回避：资金撤退,-0.6
002345,潮宏基,8.11,-55.5,0.93,-50.4,-3.23,-14756950,-28857457,-154323279,-635145,26860,12394629,缩量,低,情绪退潮,观望,资金撤退型,,D,回避：资金撤退,-1.1
002346,柘中股份,17.9,-51.6,2.35,41.8,-2.17,-13610144,76019554,82302105,-3880414,-2672133,-744386,缩量,低,情绪退潮,观望,资金观望型,,D,回避：资金观望,-0.7
002290,禾盛新材,69.9,-14.8,0.4,41.8,5.36,186445196,145303227,336188914,44554470,17803859,-50513944,缩量,中,主力惜售,进场,资金观望型,资金+业绩共振(双击候选),B,关注：资金+业绩共振,85.8
002313,日海智能,8.93,162.6,0.22,148.9,5.05,70628899,65382434,62903230,25801423,14917970,-33424726,放量,中,主力偏强放量,进场,资金观望型,纯资金炒作(亏损风险),C,谨慎：纯资金炒作,29.7
002301,齐心集团,8.82,94.4,0.97,127.1,1.94,35396639,26085177,-8255008,3306804,-176137,-3482089,放量,低,游资情绪,进场,资金观望型,资金+业绩共振(双击候选),B,关注：资金+业绩共振,80.6
002350,北京科锐,13.45,-81.8,0.55,-33.5,-17.43,-69609331,-82551277,-68996855,-4198795,-3214409,1534735,缩量,低,情绪退潮,观望,资金观望型,,D,回避：资金观望,-5.8
002351,漫步者,9.87,-62.4,1.42,-11.3,-1.16,-3112382,-5230665,-24384931,-2525341,-1362590,4987963,缩量,低,情绪退潮,观望,资金撤退型,,D,回避：资金撤退,-0.4
002303,美盈森,6.7,136.2,5.22,142.9,1.31,58202622,116510094,166832927,165429185,155705860,-89186731,放量,低,游资情绪,抢筹,均衡流入型,资金+业绩共振(双击候选),B,关注：资金+业绩共振,88.4
002353,杰瑞股份,109.78,-61.2,1.04,0.1,-5.19,-523470956,30944040,-63827200,-12108275,-1890832,-23694583,缩量,低,情绪退潮,观望,资金观望型,,D,回避：资金观望,-1.7
002354,天娱数科,7.24,-71.7,2.53,-51.6,-1.92,-135537824,-220289440,-627448562,5085233,10212899,6757672,缩量,低,情绪退潮,观望,资金撤退型,,D,回避：资金撤退,-0.6
002355,兴民智通,4.62,-71.3,0.51,-27.0,0.99,2160218,-3073191,-7507644,-4732790,-1289918,4506723,缩量,低,情绪退潮,观望,资金观望型,,D,回避：资金观望,0.3
002356,鹏飞绿能,2.65,-40.8,0.28,-2.2,-1.36,-2574354,-15467099,-25110782,-5820489,-3978296,5124027,缩量,低,情绪退潮,观望,资金撤退型,,D,回避：资金撤退,-0.5
002315,焦点科技,24.94,-13.2,0.81,9.5,3.26,48305779,20421446,2283634,8008781,6652648,-1608252,缩量,低,情绪退潮,吸筹,资金观望型,资金+业绩共振(双击候选),B,关注：资金+业绩共振,65.1
002358,森源电气,5.13,-79.1,0.58,-5.7,-5.37,-15511353,-28096703,-45729383,876897,-1263649,-845447,缩量,低,情绪退潮,观望,资金撤退型,,D,回避：资金撤退,-1.8
002361,神剑股份,9.79,-44.7,0.22,-29.0,-1.75,-60596749,21672866,66442280,-17385186,-2702938,17502595,缩量,低,情绪退潮,观望,资金观望型,,D,回避：资金观望,-0.6
002362,汉王科技,15.82,23.7,0.81,112.8,-4.87,-26012887,48763690,46385210,-792683,-510859,2800411,缩量,低,情绪退潮,观望,资金观望型,,D,回避：资金观望,-1.6
002318,久立特材,17.52,-55.7,0.63,-43.4,8.0,40391958,34104551,30283688,1063516,-744755,8479066,缩量,中,主力惜售,进场,资金观望型,资金+业绩共振(双击候选),B,关注：资金+业绩共振,86.7
002364,中恒电气,32.8,-83.2,0.79,-31.7,-7.72,-249380367,-220140729,-386288910,-9726289,-9286816,30916381,缩量,低,情绪退潮,观望,资金观望型,,D,回避：资金观望,-2.6
002365,永安药业,13.0,-49.0,2.7,-48.7,-0.23,-3378463,-59625074,-160158904,-9548194,574765,20908570,缩量,低,情绪退潮,观望,资金撤退型,,D,回避：资金撤退,-0.1
002366,融发核电,5.47,-85.5,0.95,-57.8,-7.47,-43727022,-99876612,-212530244,637539,2460830,448581,缩量,低,情绪退潮,观望,资金撤退型,,D,回避：资金撤退,-2.5
002321,华英农业,2.08,389.4,0.78,152.7,8.77,150427204,215356849,189560652,-1178071,5267391,-10085318,放量,中,主力偏强放量,进场,短线抢筹型,纯资金炒作(亏损风险),C,谨慎：纯资金炒作,30.9
002368,太极股份,12.72,-56.4,0.46,-17.2,-7.17,-33146507,-50359907,-80386135,-5895259,-5683101,3982540,缩量,低,情绪退潮,观望,资金撤退型,,D,回避：资金撤退,-2.4
002369,卓翼科技,5.6,-71.2,1.68,-46.0,0.78,1827978,-11207490,-65638421,-1081166,498586,913930,缩量,低,情绪退潮,观望,资金观望型,,D,回避：资金观望,0.3
002370,亚太药业,5.1,-68.2,1.55,-39.6,-4.34,-15794949,-23035342,31530057,4660969,5363849,-8736759,缩量,低,情绪退潮,观望,长线吸筹型,,D,回避：资金观望,-1.4
002371,北方华创,628.96,-73.4,1.55,8.4,-3.5,-517345376,1180389539,-151930961,-119294419,-123115249,-343147,缩量,低,情绪退潮,观望,资金观望型,,D,回避：资金观望,-1.2
002372,伟星新材,8.27,-40.4,1.07,-25.2,-2.16,-6378742,-16427304,-40905338,-2887796,-1644523,7107920,缩量,低,情绪退潮,观望,资金撤退型,,D,回避：资金撤退,-0.7
002373,千方科技,7.37,-61.2,0.65,-23.8,-1.37,-5558592,-13015461,-8898827,2229961,2725843,6751752,缩量,低,情绪退潮,观望,资金观望型,,D,回避：资金观望,-0.5
002374,中锐股份,3.3,-23.1,1.1,40.6,-0.95,-3911129,-2937821,-29881140,1470597,10208,715618,缩量,低,情绪退潮,观望,资金观望型,,D,回避：资金观望,-0.3
002327,富安娜,6.1,-69.0,0.5,-44.7,-6.17,-4979944,1451116,-5222709,1986196,1219000,-1182008,缩量,低,情绪退潮,吸筹,资金观望型,机构吸筹+盈利(关注),C,谨慎：资金流入未验证业绩,21.9
002376,新北洋,6.59,-13.7,1.09,0.8,-3.48,-11716505,-8657181,-19171721,3611952,-1779564,7913963,缩量,低,情绪退潮,观望,资金观望型,,D,回避：资金观望,-1.2
002377,国创高新,2.93,29.6,0.35,-6.4,-2.29,-15878397,-31722435,-55167320,675945,4079090,4402536,缩量,低,情绪退潮,观望,资金撤退型,,D,回避：资金撤退,-0.8
002378,章源钨业,21.28,-79.9,0.3,37.8,-11.9,-208443764,-134109247,-452131884,-20632549,-16421611,19163515,缩量,低,情绪退潮,观望,资金观望型,,D,回避：资金观望,-4.0
002379,宏桥控股,16.3,-73.0,1.87,-49.6,-6.83,-136942697,-137118543,-156933917,37505114,21394184,-43262911,缩量,低,情绪退潮,观望,资金撤退型,,D,回避：资金撤退,-2.3
002380,科远智慧,26.85,-69.6,0.58,-39.1,-1.56,-5602608,22797524,49859168,2829317,2399085,-3776086,缩量,低,情绪退潮,观望,高位分歧型,,D,回避：资金观望,-0.5
002324,普利特,8.85,-31.2,0.37,-41.7,0.12,840192,-19801109,-3151765,3495241,7185220,8571794,缩量,低,情绪退潮,进场,资金观望型,资金+业绩共振(双击候选),B,关注：资金+业绩共振,72.0
002382,蓝帆医疗,6.1,-4.7,0.49,24.4,2.2,10999150,-5046136,-8149715,-3142550,1354909,5210300,缩量,低,情绪退潮,观望,资金观望型,,D,回避：资金观望,0.7
002383,合众思壮,8.08,152.8,0.56,33.7,0.5,7818038,133165549,284773192,-9408248,-6507260,1937521,放量,低,游资情绪,观望,均衡流入型,,D,回避：资金观望,8.2
002384,东山精密,171.21,-71.6,1.24,-7.3,-9.53,-4693646487,-5203294354,-5650700072,13560088,75132129,152456325,缩量,低,情绪退潮,观望,资金撤退型,,D,回避：资金撤退,-3.2
002329,皇氏集团,3.66,-64.8,1.43,-39.1,4.56,18604516,19281805,-5047005,7430992,5588968,-11211007,缩量,低,情绪退潮,进场,趋势转多型,纯资金炒作(亏损风险),C,谨慎：纯资金炒作,13.5
002386,天原股份,5.79,-49.5,0.18,5.0,-3.49,-13980122,-27024066,-52516643,1223168,-102982,-107071,缩量,低,情绪退潮,观望,资金撤退型,,D,回避：资金撤退,-1.2
002387,维信诺,6.63,-46.6,1.41,-20.0,-15.23,-46815250,-35391431,-57628845,-5305263,-5201757,2974185,缩量,低,情绪退潮,观望,资金观望型,,D,回避：资金观望,-5.1
002339,积成电子,7.06,-20.0,0.73,193.9,-3.92,-42325894,36880817,-886003,6232728,3321336,-2755604,缩量,低,情绪退潮,吸筹,资金观望型,机构吸筹+盈利(关注),C,谨慎：资金流入未验证业绩,22.7
002389,航天彩虹,17.93,-54.0,0.67,-49.0,-3.91,-42755345,-270919876,-177941681,-12933911,-13844652,2488466,缩量,低,情绪退潮,观望,长线吸筹型,,D,回避：资金观望,-1.3
002390,信邦制药,2.92,-27.5,0.66,-21.4,2.05,6881828,23432094,14377832,-6127040,-6275720,7613823,缩量,低,情绪退潮,观望,趋势转多型,,D,回避：资金观望,0.7
002391,长青股份,5.11,-30.3,0.61,-29.8,4.44,7497822,15113017,14295175,-4777214,-4224420,1728348,缩量,低,情绪退潮,观望,趋势转多型,,D,回避：资金观望,1.5
002392,北京利尔,7.41,-56.3,0.24,-30.7,-3.38,-10184521,-38962264,-89486065,-3772009,-3302929,1673435,缩量,低,情绪退潮,观望,资金撤退型,,D,回避：资金撤退,-1.1
002393,力生制药,13.87,-60.4,0.99,-26.5,-2.41,-2699365,-720019,-11503434,-946063,-1555140,-715187,缩量,低,情绪退潮,观望,资金观望型,,D,回避：资金观望,-0.8
002394,联发股份,10.59,93.6,0.36,-15.7,-4.18,-11562873,-10716445,2994153,-2194270,-3126519,-656985,放量,低,游资情绪,观望,高位分歧型,,D,回避：资金观望,6.6
002331,皖通科技,7.04,68.9,0.24,-11.9,-2.37,-6165723,-17885270,-16474234,7551944,6029650,-9708209,放量,低,游资情绪,抢筹,资金观望型,纯资金炒作(亏损风险),C,谨慎：纯资金炒作,27.2
002396,星网锐捷,32.86,-61.6,5.81,-17.3,-8.29,-987930123,-196405278,-722300341,-158056884,-98683051,197441237,缩量,低,情绪退潮,观望,资金观望型,,D,回避：资金观望,-2.8
002397,梦洁股份,3.62,-20.9,0.3,-31.0,-7.92,-19036400,-38506631,-27104572,1727324,301829,1708988,缩量,低,情绪退潮,观望,资金观望型,,D,回避：资金观望,-2.6
002398,垒知集团,4.27,-4.0,0.78,9.1,0.83,2043116,13408541,27134658,-3709120,-1898415,6647437,缩量,低,情绪退潮,观望,均衡流入型,,D,回避：资金观望,0.3
002330,得利斯,4.11,-49.3,0.96,-31.7,7.0,12586470,17341440,19872938,-3160681,-1093806,1340850,缩量,中,主力惜售,进场,主力建仓型,纯资金炒作(亏损风险),C,谨慎：纯资金炒作,26.3
002335,科华数据,30.75,-13.3,0.35,77.8,5.99,369809956,304832767,192364980,28289945,17371777,-45389341,缩量,中,主力惜售,进场,资金观望型,资金+业绩共振(双击候选),B,关注：资金+业绩共振,86.0
002401,中远海科,12.08,-51.1,0.41,-33.3,-1.03,-1258075,-1714088,5123586,-1063459,-1253725,1930617,缩量,低,情绪退潮,观望,资金观望型,,D,回避：资金观望,-0.3
002402,和而泰,17.81,-73.9,0.58,8.5,-6.82,-87807639,-84384453,-324761992,-7683100,-1509460,-1007831,缩量,低,情绪退潮,观望,资金观望型,,D,回避：资金观望,-2.3
002403,爱仕达,10.23,190.7,0.77,-41.6,-1.06,-10930025,-103645700,84610462,-16420161,-2705813,20922133,放量,低,游资情绪,观望,长线吸筹型,,D,回避：资金观望,7.6
002404,嘉欣丝绸,5.84,-41.7,0.6,-22.6,-7.4,-14040304,-12417688,-39331719,1528024,-592476,-2227298,缩量,低,情绪退潮,观望,资金观望型,,D,回避：资金观望,-2.5
002405,四维图新,5.91,-67.7,0.58,-31.0,-7.28,-51197208,-38945246,-47435701,-806385,1130,2886404,缩量,低,情绪退潮,观望,资金观望型,,D,回避：资金观望,-2.4
002406,远东传动,6.42,-60.3,0.24,-33.6,-1.56,-4504012,-7697806,-26865746,-454069,-1135079,2038833,缩量,低,情绪退潮,观望,资金撤退型,,D,回避：资金撤退,-0.5
002407,多氟多,29.78,-84.3,0.94,-32.6,-12.74,-961990188,-1001224621,-3153114817,-39936977,-11020025,45672566,缩量,低,情绪退潮,观望,资金撤退型,,D,回避：资金撤退,-4.2
002408,齐翔腾达,5.09,-40.9,0.54,-39.0,-2.0,-8036871,4299367,-32437620,-2912131,733061,-6479206,缩量,低,情绪退潮,观望,资金观望型,,D,回避：资金观望,-0.7
002409,雅克科技,124.55,-81.4,4.46,2.8,-5.5,-448197896,-73525546,-667160095,17365279,45817525,25270989,缩量,低,情绪退潮,观望,资金观望型,,D,回避：资金观望,-1.8
002410,广联达,8.46,-57.2,0.73,-30.9,-7.98,-55683760,-82533712,-124276287,6936206,3834432,3753456,缩量,低,情绪退潮,观望,资金撤退型,,D,回避：资金撤退,-2.7
002412,汉森制药,8.82,53.3,1.26,-41.2,-4.71,-107171156,-106635615,-359876528,25793837,8121538,-52545876,放量,低,游资情绪,观望,资金观望型,,D,回避：资金观望,6.4
002342,巨力索具,8.45,127.9,0.14,65.1,10.08,536268028,531297408,624659392,32142270,10196681,8372203,放量,高,主力主导放量🔥(最强),进场,资金观望型,资金+业绩共振(双击候选),A,金股候选：资金强攻+业绩共振,95.4
002414,高德红外,11.27,-81.7,0.97,-31.0,-13.49,-286190601,-330257904,-607157747,-36676463,-29201413,29414613,缩量,低,情绪退潮,观望,资金撤退型,,D,回避：资金撤退,-4.5
002415,海康威视,32.11,-78.1,1.38,-35.8,-2.2,-121854018,-90751734,-2277939896,17207205,11304628,1066859,缩量,低,情绪退潮,观望,资金观望型,,D,回避：资金观望,-0.7
002416,爱施德,8.9,-69.4,0.58,-39.7,-5.09,-26554468,-25070638,-77226258,4646424,1222054,1362348,缩量,低,情绪退潮,观望,资金观望型,,D,回避：资金观望,-1.7
002418,康盛股份,4.36,31.2,0.2,-74.6,-1.21,-17661659,-57295482,-357713906,-20740332,-20426424,25060608,缩量,低,情绪退潮,观望,资金撤退型,,D,回避：资金撤退,-0.4
002347,泰尔股份,6.6,782.4,0.55,52.5,8.06,104036220,100835036,64184933,66421585,23950178,-109791435,放量,中,主力偏强放量,进场,资金观望型,纯资金炒作(亏损风险),C,谨慎：纯资金炒作,30.7
002420,毅昌科技,6.1,-30.4,0.6,-17.4,4.28,7164857,10236168,12615650,-2609722,-1160922,4775345,缩量,低,情绪退潮,观望,均衡流入型,,D,回避：资金观望,1.4
002352,顺丰控股,30.51,-32.3,0.63,-21.8,-2.19,-38149195,11961823,-375670620,36643113,63458630,-33029770,缩量,低,情绪退潮,吸筹,资金观望型,机构吸筹+盈利(关注),C,谨慎：资金流入未验证业绩,23.3
002348,高乐股份,10.68,-76.1,0.66,3.0,0.05,313183,35427509,-18520607,3983698,-894310,-4263394,缩量,低,情绪退潮,进场,趋势转多型,纯资金炒作(亏损风险),C,谨慎：纯资金炒作,12.0
002423,中粮资本,9.11,-47.2,1.12,-55.0,-4.45,-19887046,-11809436,-151046278,-8512411,-5364766,10281166,缩量,低,情绪退潮,观望,资金观望型,,D,回避：资金观望,-1.5
002349,精华制药,8.37,475.6,0.97,-12.6,6.54,214067741,353318750,704293722,-15936186,-9249199,-3939646,放量,中,主力偏强放量,进场,主力强攻型,资金+业绩共振(双击候选),B,关注：资金+业绩共振,90.2
002367,康力电梯,6.17,209.6,1.23,125.3,1.14,15114053,747860,19720194,20189521,13745069,-12470333,放量,低,游资情绪,抢筹,资金观望型,资金+业绩共振(双击候选),B,关注：资金+业绩共振,88.4
002427,尤夫股份,4.53,-40.2,0.43,-62.1,-3.76,-6835693,-10523178,-71246827,1035343,-376607,2514032,缩量,低,情绪退潮,观望,资金撤退型,,D,回避：资金撤退,-1.3
002428,云南锗业,87.16,-66.0,0.81,10.8,-3.06,-593712534,274190084,-887727965,-184454250,-114143568,211833956,缩量,低,情绪退潮,观望,资金观望型,,D,回避：资金观望,-1.0
002429,兆驰股份,8.14,-49.9,0.44,11.3,0.81,17607208,14698893,-13033460,-7795135,-13791015,34916316,缩量,低,情绪退潮,观望,资金观望型,,D,回避：资金观望,0.3
002357,富临运业,11.58,-32.0,0.57,-37.1,-3.93,-15791312,10597102,84908975,7577180,7974334,-1016646,缩量,低,情绪退潮,吸筹,高位分歧型,机构吸筹+盈利(关注),C,谨慎：资金流入未验证业绩,22.7
002363,隆基机械,6.98,6.2,0.49,-14.6,4.14,5471091,3805801,-2442052,-664014,337848,-20396,缩量,低,情绪退潮,吸筹,资金观望型,资金+业绩共振(双击候选),B,关注：资金+业绩共振,65.4
002375,亚厦股份,3.86,74.6,0.49,-3.4,5.78,28904733,34546497,71878290,2007100,3058406,1876584,放量,中,主力偏强放量,进场,均衡流入型,资金+业绩共振(双击候选),B,关注：资金+业绩共振,89.9
002381,双箭股份,5.65,-26.4,0.52,-20.4,1.09,945253,1076159,-272543,70994,516060,-187508,缩量,低,情绪退潮,吸筹,趋势转多型,资金+业绩共振(双击候选),B,关注：资金+业绩共振,64.4
002437,誉衡药业,3.47,-7.1,2.49,-47.5,-3.78,-164567859,-187960139,-1046500510,12584747,-18425823,-28942874,缩量,低,情绪退潮,观望,资金撤退型,,D,回避：资金撤退,-1.3
002385,大北农,3.07,-59.3,0.88,-67.9,-9.26,-81153984,-146638672,-181622997,6015980,8472429,-2127511,缩量,低,情绪退潮,吸筹,资金撤退型,纯资金炒作(亏损风险),C,谨慎：纯资金炒作,0.9
002388,新亚制程,8.27,86.0,2.15,145.5,1.15,31709681,131158683,199215504,34653427,2608640,-52282167,放量,低,游资情绪,进场,均衡流入型,纯资金炒作(亏损风险),C,谨慎：纯资金炒作,20.4
002395,双象股份,13.68,577.8,0.16,41.3,8.5,87751429,83296837,87014047,-2593709,-5924308,5366228,放量,中,主力偏强放量,进场,资金观望型,资金+业绩共振(双击候选),B,关注：资金+业绩共振,90.8
002399,海普瑞,9.61,-60.4,1.34,-16.2,1.41,2305301,874187,-11840701,1332197,0,-1402747,缩量,低,情绪退潮,进场,资金观望型,资金+业绩共振(双击候选),B,关注：资金+业绩共振,72.5
002400,省广集团,6.48,-48.9,0.5,-39.1,-3.12,-64440907,-129804221,-268974192,24865924,30607312,-18485145,缩量,低,情绪退潮,吸筹,资金撤退型,机构吸筹+盈利(关注),C,谨慎：资金流入未验证业绩,23.0
002443,金洲管道,12.85,165.0,0.38,47.8,-12.04,-346322021,-416252492,-334324909,3349067,-22506210,5691324,放量,低,游资情绪,观望,资金观望型,,D,回避：资金观望,4.0
002419,天虹股份,4.63,-8.0,0.51,-32.8,5.86,13783186,6599023,23744890,4716452,2463510,-1487387,缩量,中,主力惜售,吸筹,资金观望型,资金+业绩共振(双击候选),B,关注：资金+业绩共振,78.0
002445,中南文化,3.1,-47.8,0.19,-45.4,-2.91,-18931215,4190766,-36907909,2085683,3778005,3036789,缩量,低,情绪退潮,观望,资金观望型,,D,回避：资金观望,-1.0
002446,盛路通信,7.74,-64.3,0.96,10.3,-1.06,-10877605,-37197718,-107155202,-13358050,-13114961,11295503,缩量,低,情绪退潮,观望,资金撤退型,,D,回避：资金撤退,-0.4
002448,中原内配,10.77,-72.2,0.6,-42.2,-10.5,-52987126,-74878072,-102635260,9466729,5624617,-6543921,缩量,低,情绪退潮,观望,资金撤退型,,D,回避：资金撤退,-3.5
002449,国星光电,6.53,-35.4,0.59,-13.2,-6.73,-18071128,-22069409,-54971121,1257384,1492905,510607,缩量,低,情绪退潮,观望,资金撤退型,,D,回避：资金撤退,-2.2
002451,摩恩电气,7.52,-41.5,0.72,-46.6,1.96,7860267,-35677205,-29508498,-7752971,-2875859,8416234,缩量,低,情绪退潮,观望,资金观望型,,D,回避：资金观望,0.7
002452,长高电气,11.35,-64.7,0.74,-39.4,-9.75,-44924479,-39400147,-133424532,-3353274,-3454584,9121337,缩量,低,情绪退潮,观望,资金观望型,,D,回避：资金观望,-3.2
002413,雷科防务,8.78,209.7,0.42,159.5,8.26,608982307,517260940,539957182,-90439570,-92916526,61741654,放量,中,主力偏强放量,进场,资金观望型,纯资金炒作(亏损风险),C,谨慎：纯资金炒作,30.8
002454,松芝股份,5.1,-33.6,0.28,-13.1,3.5,6569495,13618554,-15016546,-3632112,-2320414,2663603,缩量,低,情绪退潮,观望,趋势转多型,,D,回避：资金观望,1.2
002455,百川股份,6.8,-52.0,0.39,-49.1,-0.1,-598654,-12176085,-215783369,5924872,2786445,-4136372,缩量,低,情绪退潮,观望,资金撤退型,,D,回避：资金撤退,-0.0
002456,欧菲光,6.48,-76.5,2.07,-31.9,-14.51,-264152121,-327368388,-585655117,-35263658,-35349116,26472051,缩量,低,情绪退潮,观望,资金撤退型,,D,回避：资金撤退,-4.8
002457,青龙管业,11.11,-67.5,1.42,-63.2,-5.56,-46121898,-162007391,-121444584,136578,-1733900,8523347,缩量,低,情绪退潮,观望,资金观望型,,D,回避：资金观望,-1.9
002422,科伦药业,39.22,-68.1,3.69,22.4,-0.94,-36506349,-139839335,-370301615,19742522,23099035,-22661576,缩量,低,情绪退潮,吸筹,资金撤退型,机构吸筹+盈利(关注),C,谨慎：资金流入未验证业绩,23.7
002421,达实智能,3.21,-35.0,2.8,-35.0,2.39,44284859,34007041,-56960673,31646822,24943317,-24192294,缩量,低,情绪退潮,吸筹,资金观望型,纯资金炒作(亏损风险),C,谨慎：纯资金炒作,4.8
002425,凯撒文化,3.12,-50.2,1.46,-52.6,-3.52,-17325648,-19146850,19524844,5889746,11673255,-3181326,缩量,低,情绪退潮,吸筹,长线吸筹型,纯资金炒作(亏损风险),C,谨慎：纯资金炒作,2.8
002461,珠江啤酒,8.31,-48.8,0.42,-10.8,-3.16,-5856129,-7143736,-16980268,-2820846,-1887041,6461074,缩量,低,情绪退潮,观望,资金撤退型,,D,回避：资金撤退,-1.1
002462,嘉事堂,12.18,-51.9,1.09,-2.8,-5.46,-7166353,-4102545,-10894135,871416,333238,-754959,缩量,低,情绪退潮,观望,资金观望型,,D,回避：资金观望,-1.8
002426,胜利精密,2.65,1.3,0.58,137.4,6.09,179715256,118422566,119244426,10952302,9953165,-1043657,缩量,中,主力惜售,吸筹,资金观望型,纯资金炒作(亏损风险),C,谨慎：纯资金炒作,18.0
002432,九安医疗,60.34,-80.0,1.07,-33.4,-6.05,-229368948,-154874935,-135822883,64682482,62077456,-42571007,缩量,低,情绪退潮,吸筹,资金观望型,机构吸筹+盈利(关注),C,谨慎：资金流入未验证业绩,22.0
002466,天齐锂业,40.55,-58.5,0.29,-27.3,-7.4,-379561814,-574703981,-1609518165,39521279,83015120,14011849,缩量,低,情绪退潮,观望,资金撤退型,,D,回避：资金撤退,-2.5
002434,万里扬,6.16,-44.7,0.73,29.9,8.28,47565305,43125702,24970290,-2038127,1152498,1436585,缩量,中,主力惜售,进场,资金观望型,资金+业绩共振(双击候选),B,关注：资金+业绩共振,86.8
002468,申通快递,14.69,-61.0,0.94,12.1,-2.19,-19231577,19685638,11209992,3586818,2670535,-12563896,缩量,低,情绪退潮,观望,资金观望型,,D,回避：资金观望,-0.7
002430,杭氧股份,24.22,-57.3,0.48,-53.7,-8.65,-89776234,-236510035,-556827976,6145909,5657018,-1269328,缩量,低,情绪退潮,吸筹,资金撤退型,机构吸筹+盈利(关注),C,谨慎：资金流入未验证业绩,21.1
002436,兴森科技,42.2,-17.3,0.93,6.0,1.49,414626869,1780538552,2853532211,327207938,275338398,-302040124,缩量,低,情绪退潮,进场,均衡流入型,资金+业绩共振(双击候选),B,关注：资金+业绩共振,72.5
002471,中超控股,5.21,-43.5,0.39,34.4,-2.96,-66981497,162379567,188189374,-18728931,-3780252,12167258,缩量,低,情绪退潮,观望,资金观望型,,D,回避：资金观望,-1.0
002472,双环传动,38.7,-49.2,1.42,-22.1,-1.02,-38429661,-28728168,469294509,5304173,-2417209,-9104312,缩量,低,情绪退潮,观望,长线吸筹型,,D,回避：资金观望,-0.3
002438,江苏神通,13.65,-49.7,0.99,-44.6,2.6,8876402,-2461333,-51414984,1474674,1462775,-3380721,缩量,低,情绪退潮,进场,资金观望型,资金+业绩共振(双击候选),B,关注：资金+业绩共振,72.9
002475,立讯精密,50.4,-65.7,0.57,-19.3,-10.29,-1846487548,-3294789712,-4141643542,77872414,58854328,-87267525,缩量,低,情绪退潮,观望,资金撤退型,,D,回避：资金撤退,-3.4
002476,新叶股份,4.88,-44.9,0.55,-18.8,2.62,4458475,-10005388,-14931397,-1313083,-614673,1512592,缩量,低,情绪退潮,观望,资金观望型,,D,回避：资金观望,0.9
002478,常宝股份,6.3,-28.5,0.34,-46.8,0.44,2833189,-33742817,10856162,-5194751,-3779396,6866486,缩量,低,情绪退潮,观望,长线吸筹型,,D,回避：资金观望,0.1
002479,富春环保,5.71,-55.7,1.14,-32.6,-2.81,-8284975,-61734009,-119020974,-1037549,224468,-3504188,缩量,低,情绪退潮,观望,资金撤退型,,D,回避：资金撤退,-0.9
002439,启明星辰,14.94,59.8,0.49,144.6,-2.13,-62596728,-47137697,-125475763,92036277,74373168,-40806670,放量,低,游资情绪,抢筹,资金观望型,纯资金炒作(亏损风险),C,谨慎：纯资金炒作,27.3
002481,双塔食品,4.22,-9.1,0.87,-53.2,-3.31,-7238190,-6446078,1484580,-1201074,-752646,785122,缩量,低,情绪退潮,观望,资金观望型,,D,回避：资金观望,-1.1
002441,众业达,8.25,-17.1,0.35,-29.3,3.6,4775786,1467928,-2666901,4167584,3727441,-2999380,缩量,低,情绪退潮,吸筹,资金观望型,资金+业绩共振(双击候选),B,关注：资金+业绩共振,65.2
002440,闰土股份,12.99,-48.6,1.38,-29.9,7.42,185864406,222981206,29891079,38286831,16666380,-65543551,缩量,中,主力惜售,进场,短线抢筹型,资金+业绩共振(双击候选),B,关注：资金+业绩共振,86.5
002484,江海股份,52.84,-49.8,1.78,-22.6,-4.75,-442883223,111002599,300076864,-24316817,-83603924,60843309,缩量,低,情绪退潮,观望,资金观望型,,D,回避：资金观望,-1.6
002486,嘉麟杰,2.69,-9.5,0.61,-47.0,-0.25,-705578,37046634,-51816426,-1310321,-2249906,-397186,缩量,低,情绪退潮,观望,资金观望型,,D,回避：资金观望,-0.1
002460,赣锋锂业,43.38,-39.2,0.31,-10.7,-8.25,-500485262,-813587616,-2124531541,-9561592,3995206,-847384,缩量,低,情绪退潮,吸筹,资金撤退型,机构吸筹+盈利(关注),C,谨慎：资金流入未验证业绩,21.2
002488,金固股份,7.19,-70.9,0.68,-12.7,-14.65,-66425310,-76939881,-136345964,-4034424,1338807,6836023,缩量,低,情绪退潮,观望,资金撤退型,,D,回避：资金撤退,-4.9
002489,浙江永强,2.9,-4.8,0.3,187.6,-3.14,-15418851,60942686,61199649,-4932550,-4779194,6861049,缩量,低,情绪退潮,观望,资金观望型,,D,回避：资金观望,-1.0
002490,山东墨龙,6.94,-86.2,0.73,-70.3,-5.28,-29628681,-72131509,-186362557,354402,3361603,557958,缩量,低,情绪退潮,观望,资金撤退型,,D,回避：资金撤退,-1.8
002491,通鼎互联,20.62,-10.8,1.42,56.8,-5.09,-948588083,229606891,-204602050,15972400,35089369,54074013,缩量,低,情绪退潮,观望,资金观望型,,D,回避：资金观望,-1.7
002442,龙星科技,5.32,79.1,0.38,253.1,-0.13,-1275243,-22399851,-30604853,-8384264,1024579,20028853,放量,低,游资情绪,抢筹,资金撤退型,机构吸筹+盈利(关注),C,谨慎：资金流入未验证业绩,48.0
002444,巨星科技,26.58,-36.1,0.64,5.0,0.15,1590652,-31329624,-29776643,33680879,18061161,-26881466,缩量,低,情绪退潮,进场,资金观望型,资金+业绩共振(双击候选),B,关注：资金+业绩共振,72.0
002453,华软科技,4.72,418.9,0.17,849.6,0.63,14733118,93175104,89219452,13848065,5745797,-15959930,放量,低,游资情绪,抢筹,趋势转多型,纯资金炒作(亏损风险),C,谨慎：纯资金炒作,28.2
002495,佳隆股份,2.43,-12.7,0.7,-11.2,-0.72,-1594234,12063996,18878929,1006120,1450222,-4030820,缩量,低,情绪退潮,观望,资金观望型,,D,回避：资金观望,-0.2
002496,辉丰股份,2.1,-42.8,0.73,-37.2,2.46,5076778,18318102,-29045845,-1031970,-940084,-433120,缩量,低,情绪退潮,观望,趋势转多型,,D,回避：资金观望,0.8
002458,益生股份,8.05,-73.7,2.33,-59.3,0.45,4150191,-52858829,-101508078,4856827,236641,-12583801,缩量,低,情绪退潮,进场,资金观望型,资金+业绩共振(双击候选),B,关注：资金+业绩共振,72.2
002498,汉缆股份,6.06,-83.5,0.5,-48.2,-10.7,-157160109,-272762367,24326504,-10972977,-8586173,17199175,缩量,低,情绪退潮,观望,长线吸筹型,,D,回避：资金观望,-3.6
002500,山西证券,5.15,-26.5,0.92,-30.4,-4.58,-21537827,-11772418,-28196372,314660,2374277,2137643,缩量,低,情绪退潮,观望,资金观望型,,D,回避：资金观望,-1.5
002459,晶澳科技,6.6,-58.8,0.52,-13.0,-4.75,-38332471,-24446438,-134224959,4618868,2069791,-510471,缩量,低,情绪退潮,吸筹,资金观望型,纯资金炒作(亏损风险),C,谨慎：纯资金炒作,2.4
002506,协鑫集成,2.35,-43.3,0.4,-29.4,-4.06,-73997037,-13372874,-165319326,29623749,21771707,-30247069,缩量,低,情绪退潮,观望,资金观望型,,D,回避：资金观望,-1.4
002463,沪电股份,119.07,-61.2,1.28,-3.3,1.16,305685285,-1197758668,-836086783,21123039,7929923,-65883113,缩量,低,情绪退潮,进场,资金观望型,资金+业绩共振(双击候选),B,关注：资金+业绩共振,72.4
002465,海格通信,10.0,-50.0,0.55,8.1,2.92,72167622,78335020,-39209052,14895117,12757206,4100006,缩量,低,情绪退潮,进场,趋势转多型,纯资金炒作(亏损风险),C,谨慎：纯资金炒作,13.0
002510,天汽模,5.68,-8.7,0.75,17.6,-2.22,-11405036,-1634319,44515635,7833663,2480001,-6434623,缩量,低,情绪退潮,观望,高位分歧型,,D,回避：资金观望,-0.7
002511,中顺洁柔,6.91,-62.9,0.6,-29.5,-4.21,-10027794,-11497240,-27293247,2235762,677969,-1992189,缩量,低,情绪退潮,观望,资金撤退型,,D,回避：资金撤退,-1.4
002513,蓝丰生化,5.47,-1.7,0.77,-16.6,-0.36,-638762,755184,-6909583,615613,0,-1882871,缩量,低,情绪退潮,观望,资金观望型,,D,回避：资金观望,-0.1
002515,金字火腿,7.25,-48.5,0.85,-48.8,-4.42,-85507717,-80774304,46804663,8645223,-6722718,-8752275,缩量,低,情绪退潮,观望,长线吸筹型,,D,回避：资金观望,-1.5
002516,旷达科技,5.54,-27.1,0.76,-43.0,1.39,7858797,-1785758,91651108,-5848729,-6175221,4708098,缩量,低,情绪退潮,观望,长线吸筹型,,D,回避：资金观望,0.5
002517,恺英网络,15.87,-80.9,1.24,-41.0,-6.03,-145182309,-736294832,-446895284,-11230046,2579359,14393702,缩量,低,情绪退潮,观望,长线吸筹型,,D,回避：资金观望,-2.0
002518,科士达,34.33,-36.6,0.64,-5.2,-2.04,-51071930,374258921,604188530,17739068,13040798,1048470,缩量,低,情绪退潮,观望,高位分歧型,,D,回避：资金观望,-0.7
002519,银河电子,5.66,-10.4,0.29,-7.2,-0.86,-13171052,-66786672,158771455,-11292123,-3503930,18812188,缩量,低,情绪退潮,观望,长线吸筹型,,D,回避：资金观望,-0.3
002520,日发精机,6.35,-52.4,0.87,-1.9,1.5,15257264,-15923980,-78430191,-6776787,-2312097,3629679,缩量,低,情绪退潮,观望,资金观望型,,D,回避：资金观望,0.5
002521,齐峰新材,6.2,-53.2,0.81,17.4,-13.63,-18895349,-24484004,-41118650,-960373,0,1382114,缩量,低,情绪退潮,观望,资金撤退型,,D,回避：资金撤退,-4.5
002522,浙江众成,5.34,-2.0,0.35,335.0,-7.8,-119536153,-70839079,-139720978,-669773,3697065,11499536,缩量,低,情绪退潮,观望,资金观望型,,D,回避：资金观望,-2.6
002523,天桥起重,3.44,-13.4,1.15,-25.7,-3.12,-8423658,-15253968,-36597556,-3379744,-3415588,4624433,缩量,低,情绪退潮,观望,资金撤退型,,D,回避：资金撤退,-1.0
002469,三维化学,6.02,-46.4,0.39,-54.6,7.78,15336162,90305,-35480303,3218161,1204000,-2662139,缩量,中,主力惜售,进场,资金观望型,资金+业绩共振(双击候选),B,关注：资金+业绩共振,86.6
002526,山东矿机,2.59,-44.6,0.75,-23.8,-2.21,-5098916,-7199800,15719621,3097205,2867496,1772698,缩量,低,情绪退潮,观望,长线吸筹型,,D,回避：资金观望,-0.7
002467,二六三,5.06,66.0,0.45,109.7,5.71,147683012,112471345,45267636,10404126,6973682,-20616444,放量,中,主力偏强放量,进场,资金观望型,纯资金炒作(亏损风险),C,谨慎：纯资金炒作,29.9
002529,海源复材,6.83,13.9,0.81,1.0,-2.02,-3102895,-10173091,-18094610,1013858,-251353,2475132,缩量,低,情绪退潮,观望,资金撤退型,,D,回避：资金撤退,-0.7
002530,金财互联,7.07,-55.3,0.68,-37.3,0.52,1536662,-13444945,-49973252,-764256,-1830181,3557940,缩量,低,情绪退潮,观望,资金观望型,,D,回避：资金观望,0.2
002531,天顺风能,7.64,323.5,0.55,201.8,-0.15,-7676426,226839813,565053330,-36098447,-17828443,35566349,放量,低,游资情绪,观望,高位分歧型,,D,回避：资金观望,8.0
002470,金正大,1.97,0.6,0.25,-54.9,-7.99,-98485788,-186437420,138495739,22589578,22823623,-12842621,缩量,低,情绪退潮,吸筹,长线吸筹型,机构吸筹+盈利(关注),C,谨慎：资金流入未验证业绩,21.3
002474,榕基软件,6.73,57.7,1.22,1.3,1.06,7993671,5245461,-8621692,42517028,22352143,-38972444,放量,低,游资情绪,抢筹,资金观望型,纯资金炒作(亏损风险),C,谨慎：纯资金炒作,28.4
002480,新筑股份,5.53,325.9,0.53,136.5,9.63,54056214,60139216,46175517,-20514426,-26477486,2762489,放量,中,主力偏强放量,进场,短线抢筹型,纯资金炒作(亏损风险),C,谨慎：纯资金炒作,31.2
002535,林州重机,2.5,22.6,0.83,-4.9,-2.38,-4337018,4575918,8893894,616384,1304478,2682626,缩量,低,情绪退潮,观望,资金观望型,,D,回避：资金观望,-0.8
002536,飞龙股份,46.52,-59.2,1.43,-47.6,-8.87,-689638039,-731800289,-885100604,-37200447,-44774180,6436563,缩量,低,情绪退潮,观望,资金撤退型,,D,回避：资金撤退,-3.0
002482,广田集团,1.37,55.4,0.61,60.7,9.17,56462222,69290467,9957859,7869348,10700732,1479579,放量,中,主力偏强放量,进场,短线抢筹型,纯资金炒作(亏损风险),C,谨慎：纯资金炒作,31.1
002539,云图控股,11.58,-58.2,0.66,-31.5,-4.07,-27131482,-73556183,-105475337,-12772793,-15911664,-3246632,缩量,低,情绪退潮,观望,资金撤退型,,D,回避：资金撤退,-1.4
002540,亚太科技,4.97,-48.8,0.71,-13.8,4.99,11460172,22641949,8687530,-617618,171529,1291598,缩量,低,情绪退潮,观望,趋势转多型,,D,回避：资金观望,1.7
002541,鸿路钢构,18.44,-12.0,1.53,24.9,-5.48,-87231208,-139706230,-217003305,-8892095,-1359610,-2140356,缩量,低,情绪退潮,观望,资金撤退型,,D,回避：资金撤退,-1.8
002483,润邦股份,5.87,-32.1,1.01,-48.1,2.22,9275929,-17524318,70843888,2845894,-521514,-1316417,缩量,低,情绪退潮,进场,资金观望型,资金+业绩共振(双击候选),B,关注：资金+业绩共振,72.7
002487,大金重工,42.93,274.7,0.74,247.8,0.51,77697317,676122053,851619471,12653712,48259478,20247606,放量,低,游资情绪,抢筹,均衡流入型,资金+业绩共振(双击候选),B,关注：资金+业绩共振,88.2
002545,东方铁塔,13.79,-40.4,0.67,-25.2,-13.91,-211050460,-378043755,-356356446,-12897569,-7218075,27712830,缩量,低,情绪退潮,观望,资金观望型,,D,回避：资金观望,-4.6
002546,新联电子,7.28,-89.9,2.81,-35.9,-6.42,-19467409,-31865720,-93699001,-1929945,-713981,1675825,缩量,低,情绪退潮,观望,资金撤退型,,D,回避：资金撤退,-2.1
002548,金新农,3.92,-33.7,0.52,-50.8,-7.83,-36671667,-59706794,-1829753,11930373,8662479,-9902162,缩量,低,情绪退潮,观望,长线吸筹型,,D,回避：资金观望,-2.6
002549,凯美特气,12.4,-80.5,0.53,-4.9,-4.28,-29196151,-18374319,-133571012,-261379,-766642,4837693,缩量,低,情绪退潮,观望,资金观望型,,D,回避：资金观望,-1.4
002550,千红制药,6.33,-78.4,1.95,-21.2,-9.65,-28512222,-22755897,-51349348,-1845163,1001226,-1430774,缩量,低,情绪退潮,观望,资金观望型,,D,回避：资金观望,-3.2
002493,荣盛石化,13.25,2.1,0.71,-18.1,0.41,13418845,-97975301,32548363,55749,-39931470,-34562131,缩量,低,情绪退潮,进场,资金观望型,资金+业绩共振(双击候选),B,关注：资金+业绩共振,72.1
002552,宝鼎科技,46.59,-52.3,3.85,-12.5,-7.36,-313509784,28136279,67708979,6763721,-3776067,-11847996,缩量,低,情绪退潮,观望,资金观望型,,D,回避：资金观望,-2.5
002494,华斯股份,5.32,187.2,0.4,71.4,2.93,14186749,15526822,9965873,31763863,42688728,-12366649,放量,低,游资情绪,抢筹,趋势转多型,资金+业绩共振(双击候选),B,关注：资金+业绩共振,89.0
002554,惠博普,2.72,-50.7,0.56,-48.4,4.33,8219740,14420059,-8600664,-2337083,-1257230,2141627,缩量,低,情绪退潮,观望,趋势转多型,,D,回避：资金观望,1.4
002555,三七互娱,17.06,-82.9,0.94,-55.2,-10.94,-148028396,-328252620,-554173314,-14509578,-6796324,26111344,缩量,低,情绪退潮,观望,资金撤退型,,D,回避：资金撤退,-3.6
002556,辉隆股份,5.03,-24.1,0.33,-58.6,-5.5,-12451790,-14753888,-43615134,-100015,-522664,-1960920,缩量,低,情绪退潮,观望,资金撤退型,,D,回避：资金撤退,-1.8
002557,洽洽食品,18.12,-36.0,0.75,-42.0,1.4,6582391,-8997776,44103574,-4305342,-4853754,2666966,缩量,低,情绪退潮,观望,长线吸筹型,,D,回避：资金观望,0.5
002558,巨人网络,22.12,-72.9,1.45,-37.2,-5.16,-284301357,-374888345,-857394381,-91643676,-36743633,126342426,缩量,低,情绪退潮,观望,资金撤退型,,D,回避：资金撤退,-1.7
002559,亚威股份,8.72,-82.4,2.11,-13.3,-6.3,-42622930,-21461410,-22996732,-938716,2641594,2838256,缩量,低,情绪退潮,观望,资金观望型,,D,回避：资金观望,-2.1
002560,通达股份,6.51,-20.7,0.14,216.0,-6.14,-102330743,-40924338,153109797,-3384752,-3319310,1520350,缩量,低,情绪退潮,观望,高位分歧型,,D,回避：资金观望,-2.0
002561,徐家汇,7.25,1.2,0.72,-21.1,-7.04,-15421230,12266155,17796322,1025032,0,-1026217,缩量,低,情绪退潮,观望,资金观望型,,D,回避：资金观望,-2.3
002562,兄弟科技,4.84,-51.2,0.72,-28.2,-0.1,-627953,-8531647,-9959031,-2962593,137247,2907886,缩量,低,情绪退潮,观望,资金撤退型,,D,回避：资金撤退,-0.0
002563,森马服饰,5.39,-52.0,0.44,-16.5,3.3,10840983,14093759,6229248,-2245027,-1067400,-70694,缩量,低,情绪退潮,观望,趋势转多型,,D,回避：资金观望,1.1
002564,天沃科技,5.15,150.5,0.58,-6.0,3.12,49442020,32850041,130275329,-1982716,364165,3702129,放量,低,游资情绪,观望,资金观望型,,D,回避：资金观望,9.0
002565,顺灏股份,8.29,23.0,0.15,101.1,2.27,85122294,136871080,134112810,-52117155,-40773961,58213451,缩量,低,情绪退潮,观望,趋势转多型,,D,回避：资金观望,0.8
002566,益盛药业,7.08,-52.1,1.06,-37.8,-4.43,-7509428,-6340348,-21578637,-111826,0,2371398,缩量,低,情绪退潮,观望,资金观望型,,D,回避：资金观望,-1.5
002492,恒基达鑫,6.52,81.9,0.6,13.9,8.01,26715579,22123661,34212192,5881535,-33007,-10945435,放量,中,主力偏强放量,进场,资金观望型,纯资金炒作(亏损风险),C,谨慎：纯资金炒作,30.7
002568,百润股份,18.91,-16.0,0.94,24.6,2.13,37754777,37322582,37668687,-46140061,-25529124,64910607,缩量,低,情绪退潮,观望,资金观望型,,D,回避：资金观望,0.7
002570,贝因美,4.4,28.7,0.92,-53.1,-5.3,-17935484,-10975846,-10655655,430316,-598099,-5149259,缩量,低,情绪退潮,观望,资金观望型,,D,回避：资金观望,-1.8
002571,德力股份,10.66,-52.7,0.81,-45.6,-9.81,-18523596,-24874167,-30084621,-3684867,-3176289,2475495,缩量,低,情绪退潮,观望,资金撤退型,,D,回避：资金撤退,-3.3
002572,索菲亚,7.63,-19.7,0.56,-22.2,-1.65,-5753124,-13445199,-27000244,8145597,2493141,-5023839,缩量,低,情绪退潮,观望,资金撤退型,,D,回避：资金撤退,-0.5
002497,雅化集团,15.72,-69.1,0.44,-33.4,-8.1,-124064948,-205586690,-418995745,8122986,6051152,-739547,缩量,低,情绪退潮,吸筹,资金撤退型,机构吸筹+盈利(关注),C,谨慎：资金流入未验证业绩,21.3
002574,明牌珠宝,5.05,59.1,0.55,-46.8,-4.64,-9303913,-11189232,-6264077,-1394039,-1149259,-2296139,放量,低,游资情绪,观望,资金观望型,,D,回避：资金观望,6.5
002575,群兴玩具,5.05,-62.7,0.34,-0.6,2.48,18924435,16796746,-24802421,-2682872,-725289,6141586,缩量,低,情绪退潮,观望,资金观望型,,D,回避：资金观望,0.8
002507,涪陵榨菜,11.08,-73.7,1.12,-51.2,3.53,11094935,-1896908,6138957,2279477,945921,-2670488,缩量,低,情绪退潮,进场,资金观望型,资金+业绩共振(双击候选),B,关注：资金+业绩共振,73.2
002524,光正眼科,4.2,111.3,0.89,20.8,-1.74,-5913963,5862255,6792021,15926989,7231450,-20453595,放量,低,游资情绪,抢筹,资金观望型,纯资金炒作(亏损风险),C,谨慎：纯资金炒作,27.4
002579,中京电子,17.9,60.5,1.84,64.1,-3.0,-327048067,557084122,1293747884,-77775123,-74881785,141099867,放量,低,游资情绪,观望,高位分歧型,,D,回避：资金观望,7.0
002580,圣阳股份,18.7,-36.0,0.39,-51.7,-3.32,-113120093,-113098173,-627933247,-28416407,-14100822,-13067435,缩量,低,情绪退潮,观望,资金观望型,,D,回避：资金观望,-1.1
002582,好想你,9.28,-85.6,0.59,-59.0,-8.55,-39649195,-49257988,-117929372,-2677269,-3180324,2671153,缩量,低,情绪退潮,观望,资金撤退型,,D,回避：资金撤退,-2.9
002508,老板电器,16.6,-50.0,0.73,-13.5,0.67,3612317,-20416785,139678539,4153002,2566723,-2704686,缩量,低,情绪退潮,进场,长线吸筹型,资金+业绩共振(双击候选),B,关注：资金+业绩共振,72.2
002584,西陇科学,8.68,53.3,2.46,744.1,-2.6,-113989910,42771265,20733433,-15650527,-12047584,36357348,放量,低,游资情绪,观望,资金观望型,,D,回避：资金观望,7.1
002532,天山铝业,12.21,-53.8,1.36,-34.5,-4.15,-120212324,13496295,-25147574,82509297,83524055,-57636006,缩量,低,情绪退潮,吸筹,资金观望型,机构吸筹+盈利(关注),C,谨慎：资金流入未验证业绩,22.6
002586,围海股份,3.63,24.3,0.58,-35.5,-3.18,-3120848,-19660875,-80359458,-6385967,-1197180,5908331,缩量,低,情绪退潮,观望,资金撤退型,,D,回避：资金撤退,-1.1
002587,奥拓电子,5.29,-46.4,0.59,21.2,-1.59,-4026244,-5572552,-25790152,-2760244,-1154241,6190051,缩量,低,情绪退潮,观望,资金撤退型,,D,回避：资金撤退,-0.5
002527,新时达,10.63,-67.5,0.81,-26.6,-0.72,-1924544,-3972707,-17575620,4175652,1500386,-5520,缩量,低,情绪退潮,吸筹,资金撤退型,机构吸筹+盈利(关注),C,谨慎：资金流入未验证业绩,23.8
002589,瑞康医药,3.24,7.3,1.93,71.2,0.09,3403378,183400217,179437155,-7940165,-10546337,5205584,缩量,低,情绪退潮,观望,趋势转多型,,D,回避：资金观望,0.0
002590,万安科技,9.57,-28.2,0.56,-16.9,-3.76,-7555595,697375,-16830233,-3672532,-1814104,4804866,缩量,低,情绪退潮,观望,资金观望型,,D,回避：资金观望,-1.3
002533,金杯电工,10.91,-55.4,0.63,-30.4,2.09,5025895,1857975,-46708645,3276146,7877606,3988867,缩量,低,情绪退潮,进场,资金观望型,资金+业绩共振(双击候选),B,关注：资金+业绩共振,72.7
002593,日上集团,4.6,-31.4,0.91,-17.5,2.4,5515474,23679134,46143922,-5721198,-4346939,5952993,缩量,低,情绪退潮,观望,主力建仓型,,D,回避：资金观望,0.8
002594,比亚迪,82.02,-54.7,0.6,-12.2,-0.7,-64527976,-392282713,-4024729664,-293048520,-241926368,234585493,缩量,低,情绪退潮,观望,资金撤退型,,D,回避：资金撤退,-0.2
002534,西子洁能,17.03,-55.1,1.67,-24.5,-2.73,-25556150,-24715582,5877590,17177079,17761788,-13285089,缩量,低,情绪退潮,吸筹,资金观望型,机构吸筹+盈利(关注),C,谨慎：资金流入未验证业绩,23.1
002537,海联金汇,5.65,-49.5,0.72,-59.1,1.7,11023769,-13188609,67523965,4077060,5077007,-299736,缩量,低,情绪退潮,吸筹,长线吸筹型,资金+业绩共振(双击候选),B,关注：资金+业绩共振,64.6
002597,金禾实业,21.24,-43.0,0.77,-49.2,-2.38,-10246258,-3569037,-57862810,-1914501,-1178916,-9590473,缩量,低,情绪退潮,观望,资金观望型,,D,回避：资金观望,-0.8
002599,盛通股份,5.57,-55.3,0.89,-24.4,0.21,450869,-7744914,-7483983,-1143334,-2002122,4662262,缩量,低,情绪退潮,观望,资金观望型,,D,回避：资金观望,0.1
002600,领益智造,11.98,-69.6,0.99,-37.7,-8.2,-321308714,-755330857,-863615237,-28894609,-47109761,-94008,缩量,低,情绪退潮,观望,资金撤退型,,D,回避：资金撤退,-2.7
002601,龙佰集团,14.62,-55.0,0.62,-27.8,-1.64,-10462405,-37035544,-175912249,-6668914,-2177562,10858191,缩量,低,情绪退潮,观望,资金撤退型,,D,回避：资金撤退,-0.5
002543,万和电气,7.4,116.7,1.17,-30.4,-0.76,-3517446,-17168059,62692619,6309590,5382799,-6179586,放量,低,游资情绪,抢筹,长线吸筹型,机构吸筹+盈利(关注),C,谨慎：资金流入未验证业绩,47.7
002603,以岭药业,15.02,-72.1,1.7,-13.8,-2.25,-17900785,-66620374,-130086503,-19607541,-15799722,12262900,缩量,低,情绪退潮,观望,资金撤退型,,D,回避：资金撤退,-0.8
002605,姚记科技,16.43,-84.1,1.22,-49.5,-6.36,-14519036,-21011795,-49986595,2175570,1908787,169142,缩量,低,情绪退潮,观望,资金撤退型,,D,回避：资金撤退,-2.1
002606,大连电瓷,11.84,-82.3,0.51,-31.5,-10.55,-64916651,-90906327,-149075705,2992377,867727,417209,缩量,低,情绪退潮,观望,资金撤退型,,D,回避：资金撤退,-3.5
002607,中公教育,1.84,-65.5,1.26,-18.7,-7.06,-86958931,-265021852,-375706878,-7489855,10794992,7224272,缩量,低,情绪退潮,观望,资金撤退型,,D,回避：资金撤退,-2.4
002551,尚荣医疗,3.37,-15.0,0.86,31.8,2.3,4952814,11622754,14161829,2329706,970038,-5912416,缩量,低,情绪退潮,进场,主力建仓型,纯资金炒作(亏损风险),C,谨慎：纯资金炒作,12.8
002609,捷顺科技,7.96,5.5,0.44,-3.3,4.67,9372435,10093576,6193603,-2004471,-1854583,919344,缩量,低,情绪退潮,观望,趋势转多型,,D,回避：资金观望,1.6
002611,东方精工,14.43,-44.1,0.58,40.7,0.83,15251871,-39245156,-160186749,-5470510,-7099265,8330105,缩量,低,情绪退潮,观望,资金观望型,,D,回避：资金观望,0.3
002612,朗姿股份,17.13,-11.7,1.46,-3.8,1.47,13457023,13339987,10118782,-7329522,-6555244,6454885,缩量,低,情绪退潮,观望,资金观望型,,D,回避：资金观望,0.5
002613,北玻股份,3.35,-1.5,0.24,125.1,-3.65,-31385914,114707385,159435102,8831341,8490582,3338615,缩量,低,情绪退潮,观望,资金观望型,,D,回避：资金观望,-1.2
002544,普天科技,15.41,-57.4,0.67,12.4,6.24,46820613,42001793,34019642,-8905551,1323607,12823855,缩量,中,主力惜售,进场,资金观望型,资金+业绩共振(双击候选),B,关注：资金+业绩共振,86.1
002615,哈尔斯,6.31,-57.3,0.63,-0.9,-0.45,-1031382,-9915529,-30232167,-339955,411781,510959,缩量,低,情绪退潮,观望,资金撤退型,,D,回避：资金撤退,-0.1
002553,南方精工,16.94,232.2,0.47,-16.6,6.06,104011560,105825378,141619407,-14675827,-16711636,4681163,放量,中,主力偏强放量,进场,均衡流入型,资金+业绩共振(双击候选),B,关注：资金+业绩共振,90.0
002617,露笑科技,6.78,-48.7,2.01,51.0,-6.6,-245536434,-165274489,-2394345,3821364,5400229,622967,缩量,低,情绪退潮,观望,资金观望型,,D,回避：资金观望,-2.2
002567,唐人神,3.66,0.5,0.72,-48.6,-0.36,-1569988,8284658,51796587,3384517,3227639,-2129328,缩量,低,情绪退潮,吸筹,高位分歧型,纯资金炒作(亏损风险),C,谨慎：纯资金炒作,3.9
002623,亚玛顿,18.4,103.9,0.72,413.3,0.13,1867604,98452069,108090972,-6805348,-559164,22549172,放量,低,游资情绪,观望,均衡流入型,,D,回避：资金观望,8.0
002624,完美世界,9.57,-55.0,0.57,-41.9,-2.55,-46998802,-97997916,-262904453,-1407305,17418887,32415121,缩量,低,情绪退潮,观望,资金撤退型,,D,回避：资金撤退,-0.8
002625,光启技术,22.9,16.0,0.59,48.2,-13.6,-574366606,-485100601,-633990577,-90570343,-31437470,117724405,缩量,低,情绪退潮,观望,资金观望型,,D,回避：资金观望,-4.5
002626,金达威,15.96,-63.2,0.83,-32.4,-3.2,-9176958,-14382652,-34025456,1153715,-377987,-4744262,缩量,低,情绪退潮,观望,资金撤退型,,D,回避：资金撤退,-1.1
002627,三峡旅游,6.53,-54.4,0.4,-46.7,-0.13,-332761,-4048381,-28336908,14353,599718,-2880034,缩量,低,情绪退潮,观望,资金撤退型,,D,回避：资金撤退,-0.0
002628,成都路桥,4.86,-60.5,0.81,-21.8,-1.35,-5074149,-17358912,-58276294,-6721705,-2951384,3185424,缩量,低,情绪退潮,观望,资金撤退型,,D,回避：资金撤退,-0.5
002629,仁智股份,4.41,-23.4,0.38,-16.6,-4.73,-12509449,-29581874,-58472692,-2065648,924756,4363618,缩量,低,情绪退潮,观望,资金撤退型,,D,回避：资金撤退,-1.6
002577,雷柏科技,20.91,29.8,0.95,205.4,-2.01,-15205303,46047805,57413911,6321323,7611788,-3278655,缩量,低,情绪退潮,吸筹,资金观望型,纯资金炒作(亏损风险),C,谨慎：纯资金炒作,3.3
002632,道明光学,9.02,-31.2,1.17,-39.3,-0.99,-8123066,33218282,159934958,-6540270,-7401516,3342366,缩量,低,情绪退潮,观望,高位分歧型,,D,回避：资金观望,-0.3
002573,清新环境,3.1,-43.6,0.75,-18.3,-1.47,-2142365,-3459194,-23987264,2618441,1082579,-615313,缩量,低,情绪退潮,吸筹,资金撤退型,纯资金炒作(亏损风险),C,谨慎：纯资金炒作,3.5
002576,通达动力,14.66,-32.5,0.4,-5.1,1.59,2454793,145352,811478,164664,566773,-2041467,缩量,低,情绪退潮,进场,资金观望型,资金+业绩共振(双击候选),B,关注：资金+业绩共振,72.5
002583,海能达,7.88,216.6,0.67,41.6,5.25,90495769,84420772,38432126,-8734767,-26520517,-16278911,放量,中,主力偏强放量,进场,资金观望型,纯资金炒作(亏损风险),C,谨慎：纯资金炒作,29.8
002637,赞宇科技,10.08,1.2,0.43,-58.5,-5.54,-42505487,-88106203,-144422422,-13897692,-13190516,10479667,缩量,低,情绪退潮,观望,资金撤退型,,D,回避：资金撤退,-1.8
002638,勤上股份,4.95,182.0,0.3,11.5,3.82,59099144,82769448,-63806429,-8210711,-6547389,11471182,放量,低,游资情绪,观望,趋势转多型,,D,回避：资金观望,9.3
002639,雪人集团,13.85,182.2,0.55,-17.2,-0.41,-22816165,-45372372,114608232,-59327229,-46967462,81685878,放量,低,游资情绪,观望,资金观望型,,D,回避：资金观望,7.9
002640,跨境通,3.94,406.4,0.52,227.8,4.58,239166964,449107114,484947888,-204041673,-161972304,121102100,放量,低,游资情绪,观望,主力建仓型,,D,回避：资金观望,9.5
002641,公元股份,3.8,-49.9,0.66,-25.3,-12.09,-13084579,-9778728,-17464093,1506791,32130,-1575629,缩量,低,情绪退潮,观望,资金观望型,,D,回避：资金观望,-4.0
002588,史丹利,7.36,-56.1,0.45,-57.3,5.29,19145321,28470408,-65484421,5533392,2797662,837031,缩量,中,主力惜售,进场,短线抢筹型,资金+业绩共振(双击候选),B,关注：资金+业绩共振,85.8
002585,双星新材,10.67,-6.9,2.24,278.3,0.13,9087964,-152927050,236084515,28905208,467807,-26915220,缩量,低,情绪退潮,进场,资金观望型,纯资金炒作(亏损风险),C,谨慎：纯资金炒作,12.0
002644,佛慈制药,8.18,-51.8,1.64,-19.5,-3.1,-6270701,-17351208,-33122525,-697439,0,-1498188,缩量,低,情绪退潮,观望,资金撤退型,,D,回避：资金撤退,-1.0
002645,华宏科技,17.19,-66.3,0.59,21.3,0.15,2553876,61113149,-97430034,-14315794,-8065927,22908372,缩量,低,情绪退潮,观望,趋势转多型,,D,回避：资金观望,0.0
002578,闽发铝业,4.16,-15.2,0.64,-46.9,18.56,72103232,73431487,75338687,5993309,3895648,-5609547,缩量,高,主力控盘,控盘,均衡流入型,控盘+亏损(警惕),C,谨慎：控盘但亏损,29
002591,恒大高新,6.56,17.2,0.17,-17.1,1.04,3166442,-276893,17806500,4516624,4145854,280406,缩量,低,情绪退潮,进场,资金观望型,纯资金炒作(亏损风险),C,谨慎：纯资金炒作,12.3
002595,豪迈科技,38.37,-21.7,0.54,-29.2,-1.59,-11978991,-27719719,-89123131,11727579,16997441,-1389888,缩量,低,情绪退潮,吸筹,资金撤退型,机构吸筹+盈利(关注),C,谨慎：资金流入未验证业绩,23.5
002649,博彦科技,9.19,-78.5,1.46,-39.4,-3.4,-12187119,-6707546,-90936031,653604,-668194,3676520,缩量,低,情绪退潮,观望,资金观望型,,D,回避：资金观望,-1.1
002651,利君股份,7.87,-23.9,0.98,-60.1,-1.81,-7009804,-56988712,-11611788,-5091031,-4075371,6113594,缩量,低,情绪退潮,观望,长线吸筹型,,D,回避：资金观望,-0.6
002652,扬子新材,4.51,-38.6,0.18,-47.4,1.36,4290863,-20261000,21230699,-4780012,-1701317,4891413,缩量,低,情绪退潮,观望,长线吸筹型,,D,回避：资金观望,0.5
002653,海思科,61.93,-74.5,2.22,-26.8,-1.0,-13872523,-49012271,-29431593,-2626886,-4992011,-284183,缩量,低,情绪退潮,观望,资金观望型,,D,回避：资金观望,-0.3
002654,万润科技,12.65,-58.1,0.94,-24.8,-7.59,-142997901,-120333413,-158247064,-21736959,-15448279,15643102,缩量,低,情绪退潮,观望,资金观望型,,D,回避：资金观望,-2.5
002655,共达电声,34.37,-46.0,0.46,2.7,-3.57,-123945010,94533328,-463785159,-15594909,-25076926,7442852,缩量,低,情绪退潮,观望,资金观望型,,D,回避：资金观望,-1.2
002656,摩登大道,2.82,13.3,0.72,-14.8,-8.24,-13006557,-12105464,-25485490,-2099951,808766,4663876,缩量,低,情绪退潮,观望,资金观望型,,D,回避：资金观望,-2.7
002602,世纪华通,13.88,-63.1,0.63,-50.7,-0.71,-36456851,-359086555,-137997943,60925680,67472455,-47950345,缩量,低,情绪退潮,吸筹,资金观望型,机构吸筹+盈利(关注),C,谨慎：资金流入未验证业绩,23.8
002658,雪迪龙,7.25,-36.0,0.43,-36.0,0.51,833645,-9598585,-16832044,-91466,87054,-452471,缩量,低,情绪退潮,观望,资金观望型,,D,回避：资金观望,0.2
002608,江苏国信,7.22,-69.3,1.17,-43.9,3.15,11168851,-25974165,-84632276,1498301,-1375950,-1301465,缩量,低,情绪退潮,进场,资金观望型,资金+业绩共振(双击候选),B,关注：资金+业绩共振,73.0
002660,茂硕电源,8.06,53.9,0.74,-68.8,-1.73,-4138651,-8136801,67466775,-101008,-2239688,-2150383,放量,低,游资情绪,观望,长线吸筹型,,D,回避：资金观望,7.4
002661,克明食品,7.51,33.9,0.46,-39.9,-2.46,-5837561,-45856056,58108527,-2653365,-1032675,1566344,缩量,低,情绪退潮,观望,长线吸筹型,,D,回避：资金观望,-0.8
002662,峰璟股份,3.12,-34.5,0.32,-5.7,-9.46,-15007810,-17678265,-17401530,401515,780026,143478,缩量,低,情绪退潮,观望,资金观望型,,D,回避：资金观望,-3.2
002614,奥佳华,8.13,3105.9,0.37,687.0,2.94,124323387,129441390,101860307,38877421,33395181,-15483608,放量,低,游资情绪,吸筹,趋势转多型,资金+业绩共振(双击候选),B,关注：资金+业绩共振,73.0
002664,信质集团,14.32,-54.7,0.3,-10.8,-3.87,-8624910,-19998124,-40342804,-1313471,-844627,-176065,缩量,低,情绪退潮,观望,资金撤退型,,D,回避：资金撤退,-1.3
002666,德联集团,4.22,-15.1,0.68,-1.2,-0.21,-498829,-3661205,9257276,-1398084,143911,3140310,缩量,低,情绪退潮,观望,长线吸筹型,,D,回避：资金观望,-0.1
002668,TCL智家,8.67,-71.3,1.49,5.8,-4.67,-26209308,-6290708,-8401978,-8747434,-4625862,1448010,缩量,低,情绪退潮,观望,资金观望型,,D,回避：资金观望,-1.6
002596,海南瑞泽,3.29,7.7,0.52,-9.3,2.47,12565474,15625384,74259342,723520,1261793,3901222,缩量,低,情绪退潮,进场,均衡流入型,纯资金炒作(亏损风险),C,谨慎：纯资金炒作,12.8
002670,国盛证券,11.23,-54.9,1.93,-69.1,-4.09,-34879104,-54611601,-238261630,-6129802,3447489,5007664,缩量,低,情绪退潮,观望,资金撤退型,,D,回避：资金撤退,-1.4
002616,长青集团,4.8,-51.7,0.41,-32.8,1.25,1543591,-3798723,-12993623,851880,-28920,1556717,缩量,低,情绪退潮,进场,资金观望型,资金+业绩共振(双击候选),B,关注：资金+业绩共振,72.4
002622,皓宸医疗,2.54,118.0,0.92,138.3,10.96,101373419,107054388,97927760,-11649102,-7394397,4905320,放量,高,主力主导放量🔥(最强),进场,趋势转多型,纯资金炒作(亏损风险),C,谨慎：纯资金炒作,35.7
002633,申科股份,15.18,124.8,0.36,201.0,6.44,34918940,32238629,33608742,-170422,929314,2389978,放量,中,主力偏强放量,进场,资金观望型,资金+业绩共振(双击候选),B,关注：资金+业绩共振,90.1
002631,德尔未来,13.44,131.4,0.51,116.2,-4.91,-206492964,-114525953,-129507251,41195719,41346725,-9759849,放量,低,游资情绪,吸筹,资金观望型,纯资金炒作(亏损风险),C,谨慎：纯资金炒作,10.4
002675,东诚药业,12.75,-44.3,0.85,-18.6,-1.22,-3405117,-9095603,-10474357,7871664,5194103,-9012179,缩量,低,情绪退潮,观望,资金撤退型,,D,回避：资金撤退,-0.4
002676,顺威股份,5.19,-15.3,0.21,3.4,-4.75,-11043122,-12439796,-34612349,-12165989,-9250410,11622062,缩量,低,情绪退潮,观望,资金撤退型,,D,回避：资金撤退,-1.6
002677,浙江美大,6.09,-49.0,0.89,88.5,2.73,9336382,4756866,-6845282,-2113901,-745783,1094744,缩量,低,情绪退潮,观望,资金观望型,,D,回避：资金观望,0.9
002678,珠江钢琴,4.41,-24.9,0.39,-62.9,-0.85,-1320585,-2537437,-93152532,-1379865,-528499,134598,缩量,低,情绪退潮,观望,资金撤退型,,D,回避：资金撤退,-0.3
002679,福建金森,11.29,1005.1,0.7,-22.5,4.32,52735174,52294553,-70319905,-9726448,-5964456,-7528184,放量,低,游资情绪,观望,资金观望型,,D,回避：资金观望,9.4
002681,奋达科技,4.49,-58.6,1.16,-38.6,4.36,34566934,36842338,-31632602,-1104396,-2036201,7863480,缩量,低,情绪退潮,观望,趋势转多型,,D,回避：资金观望,1.5
002682,龙洲股份,4.92,-42.0,1.0,-10.2,3.6,21601825,30263656,-10816545,-8443707,-1025016,9156106,缩量,低,情绪退潮,观望,趋势转多型,,D,回避：资金观望,1.2
002683,广东宏大,27.0,-66.6,0.48,-39.3,-1.86,-12609726,-22186718,7414377,-6898886,-6123942,8864110,缩量,低,情绪退潮,观望,资金观望型,,D,回避：资金观望,-0.6
002685,华东重机,5.26,-57.7,0.17,92.2,-9.97,-73070239,19167662,-47744061,-5157213,-3953691,1164869,缩量,低,情绪退潮,观望,资金观望型,,D,回避：资金观望,-3.3
002686,亿利达,6.2,-60.3,0.53,-51.3,-2.63,-6053973,-13587127,-15106650,-4466192,-1188419,3865810,缩量,低,情绪退潮,观望,资金撤退型,,D,回避：资金撤退,-0.9
002687,乔治白,5.64,-56.2,1.69,39.5,-6.85,-60931324,-56888652,-37824112,-2630736,-2444818,382364,缩量,低,情绪退潮,观望,资金观望型,,D,回避：资金观望,-2.3
002688,金河生物,5.14,-43.9,0.69,-57.7,-2.64,-4373995,-2278094,5153422,-2939540,-979336,3586613,缩量,低,情绪退潮,观望,高位分歧型,,D,回避：资金观望,-0.9
002690,美亚光电,15.32,-41.8,0.71,13.0,-2.16,-8132314,-25275207,-39439608,-4268401,-2128121,2346453,缩量,低,情绪退潮,观望,资金撤退型,,D,回避：资金撤退,-0.7
002692,远程股份,4.29,-30.9,0.36,-24.7,0.54,1287316,-13973118,4205381,-2445789,-1960795,2559979,缩量,低,情绪退潮,观望,长线吸筹型,,D,回避：资金观望,0.2
002635,安洁科技,14.76,23.0,1.6,87.0,8.24,248344775,247715996,115542300,-1699174,12429742,-7873929,缩量,中,主力惜售,吸筹,资金观望型,资金+业绩共振(双击候选),B,关注：资金+业绩共振,78.7
002636,金安国纪,83.03,-5.6,1.5,11.3,-2.6,-640898091,-1092581531,-40315477,159336557,126351858,-86059614,缩量,低,情绪退潮,吸筹,资金观望型,机构吸筹+盈利(关注),C,谨慎：资金流入未验证业绩,23.1
002696,百洋股份,6.59,24.7,0.83,-45.7,-1.54,-10532821,-18213282,57512956,-3085194,-831761,8793547,缩量,低,情绪退潮,观望,长线吸筹型,,D,回避：资金观望,-0.5
002697,红旗连锁,4.67,-28.0,0.74,-49.6,-3.93,-12441063,-10196536,-27313720,3768127,1649834,-4231781,缩量,低,情绪退潮,观望,资金观望型,,D,回避：资金观望,-1.3
002698,博实股份,11.02,-79.7,0.96,-39.9,-7.64,-22984462,-38199048,-59872806,1441788,-507431,-2442156,缩量,低,情绪退潮,观望,资金撤退型,,D,回避：资金撤退,-2.5
002700,万憬能源,6.38,-66.1,1.45,-20.6,-3.06,-3906338,-5603869,3116889,30635,512792,-683545,缩量,低,情绪退潮,观望,长线吸筹型,,D,回避：资金观望,-1.0
002701,奥瑞金,4.22,-50.6,0.81,-32.0,-3.51,-12867482,8168427,67382527,769586,-3262314,-9776474,缩量,低,情绪退潮,观望,高位分歧型,,D,回避：资金观望,-1.2
002702,海欣食品,5.32,-23.7,1.04,-35.0,1.38,13576597,-38611259,-52541764,-15790018,-10179405,17512767,缩量,低,情绪退潮,观望,资金观望型,,D,回避：资金观望,0.5
002703,浙江世宝,15.17,-29.0,0.89,-48.5,-1.44,-47067742,-116093295,-244666398,-76720,10529184,122550,缩量,低,情绪退潮,观望,资金撤退型,,D,回避：资金撤退,-0.5
002647,仁东控股,11.34,-56.5,0.34,43.8,12.72,244081439,227446245,133587104,4943918,3336312,-3943994,缩量,高,主力控盘,控盘,资金观望型,控盘+盈利(稳健),B,关注：控盘稳健+盈利,72.2
002706,良信股份,8.43,-73.8,0.42,-33.8,3.0,18152903,-90710282,-266375545,-1808212,-1943946,2450953,缩量,低,情绪退潮,观望,资金观望型,,D,回避：资金观望,1.0
002707,众信旅游,5.02,-32.4,0.91,-38.3,-3.24,-12106914,-20707537,-45444791,-7011221,-3835848,6767376,缩量,低,情绪退潮,观望,资金撤退型,,D,回避：资金撤退,-1.1
002708,光洋股份,17.04,192.6,0.84,-33.3,-3.5,-106360101,-72678210,246467977,13346483,-5556463,3154989,放量,低,游资情绪,观望,长线吸筹型,,D,回避：资金观望,6.8
002642,荣联科技,6.99,-56.7,0.91,13.4,3.34,15061990,12926862,-11410955,1405348,4860232,1665094,缩量,低,情绪退潮,进场,资金观望型,资金+业绩共振(双击候选),B,关注：资金+业绩共振,73.1
002643,万润股份,12.67,-66.8,1.57,-0.4,-9.83,-71890023,-63484425,-50119117,12303381,5598467,-4776862,缩量,低,情绪退潮,吸筹,资金观望型,机构吸筹+盈利(关注),C,谨慎：资金流入未验证业绩,20.7
002646,天佑德酒,7.06,58.5,1.21,33.7,5.21,35877840,37307831,38950410,1147596,-108524,1624531,放量,中,主力偏强放量,进场,均衡流入型,资金+业绩共振(双击候选),B,关注：资金+业绩共振,89.7
002648,卫星化学,25.9,-12.0,0.73,-37.7,1.94,73257667,-179259596,-194960430,26135193,-15595588,25819901,缩量,低,情绪退潮,进场,资金观望型,资金+业绩共振(双击候选),B,关注：资金+业绩共振,72.6
002657,中科金财,14.85,-65.7,1.1,-27.3,3.5,18934557,7078936,-25553590,2713438,1656829,-609583,缩量,低,情绪退潮,吸筹,资金观望型,纯资金炒作(亏损风险),C,谨慎：纯资金炒作,5.2
002715,登云股份,13.3,-43.5,0.28,-5.7,-4.25,-7165021,-6241837,-25052743,-100551,4266,4128413,缩量,低,情绪退潮,观望,资金观望型,,D,回避：资金观望,-1.4
002659,凯文教育,4.71,-47.8,1.55,-15.3,1.14,3941168,10546818,1567696,5533671,2786406,-4598880,缩量,低,情绪退潮,进场,趋势转多型,纯资金炒作(亏损风险),C,谨慎：纯资金炒作,12.4
002663,普邦股份,1.76,6.5,0.34,26.3,5.46,14642197,13106641,30276386,4087923,6693970,3030694,缩量,中,主力惜售,进场,资金观望型,纯资金炒作(亏损风险),C,谨慎：纯资金炒作,25.8
002721,金一文化,2.58,-70.2,1.61,-76.9,-4.41,-26539914,-11192727,205669460,-1308123,-3760142,5274192,缩量,低,情绪退潮,观望,高位分歧型,,D,回避：资金观望,-1.5
002722,物产金轮,13.19,4.0,0.49,-24.1,-1.35,-2018481,2899724,-1453440,-4065797,-5901126,1971126,缩量,低,情绪退潮,观望,资金观望型,,D,回避：资金观望,-0.5
002723,小崧股份,7.42,-12.8,0.28,43.3,-9.23,-31887829,-44330093,-22781797,-7768337,-6450485,2542569,缩量,低,情绪退潮,观望,资金观望型,,D,回避：资金观望,-3.1
002671,龙泉股份,4.06,-37.9,0.57,-10.9,0.03,55230,1748595,5640444,277250,-507240,163569,缩量,低,情绪退潮,进场,均衡流入型,资金+业绩共振(双击候选),B,关注：资金+业绩共振,72.0
002725,跃岭股份,11.02,-47.4,0.37,-5.6,0.54,946557,-5417796,-8444670,-1418780,-1079456,-1866771,缩量,低,情绪退潮,观望,资金观望型,,D,回避：资金观望,0.2
002727,一心堂,10.64,-79.6,1.41,-20.1,-3.08,-6130053,-3364066,-9785762,1405597,0,-580148,缩量,低,情绪退潮,观望,资金观望型,,D,回避：资金观望,-1.0
002728,特一药业,9.72,-39.3,2.06,34.7,-2.38,-19434747,5721235,18651267,2475519,2041898,-6667202,缩量,低,情绪退潮,观望,资金观望型,,D,回避：资金观望,-0.8
002729,好利科技,13.79,-38.9,0.49,-23.6,-4.46,-9262753,-6396057,-17646844,-354905,-924602,1667992,缩量,低,情绪退潮,观望,资金观望型,,D,回避：资金观望,-1.5
002730,电光科技,20.72,-59.9,0.26,34.4,-4.54,-39786414,-12386849,14106212,-4516070,-6459369,1570763,缩量,低,情绪退潮,观望,资金观望型,,D,回避：资金观望,-1.5
002732,燕塘乳业,14.2,-32.9,0.82,-19.0,-1.32,-1379103,662723,-3025495,557977,0,698503,缩量,低,情绪退潮,观望,资金观望型,,D,回避：资金观望,-0.4
002733,雄韬股份,17.35,-40.7,0.24,-7.0,-3.5,-31197840,-48660337,-83814321,2277760,6582544,9865716,缩量,低,情绪退潮,观望,资金撤退型,,D,回避：资金撤退,-1.2
002669,康达新材,14.03,177.9,1.12,328.9,2.05,65488788,38471171,66443399,10715725,10602925,4661395,放量,低,游资情绪,进场,资金观望型,资金+业绩共振(双击候选),B,关注：资金+业绩共振,80.7
002735,王子新材,10.65,-32.0,1.59,29.4,-7.82,-112021754,28935500,180785556,-9647927,-8115447,6028760,缩量,低,情绪退潮,观望,高位分歧型,,D,回避：资金观望,-2.6
002736,国信证券,9.72,-65.2,0.59,-28.3,-6.93,-51710173,-18176550,-127380178,352840,-2061771,-2557115,缩量,低,情绪退潮,观望,资金观望型,,D,回避：资金观望,-2.3
002737,葵花药业,11.18,-61.3,0.6,-38.8,-1.47,-2811862,-3096909,37586066,-575983,-325242,-868227,缩量,低,情绪退潮,观望,长线吸筹型,,D,回避：资金观望,-0.5
002673,西部证券,6.59,-40.8,0.9,-28.1,-5.57,-33957640,-11455953,-111233092,10001514,10782197,-1678483,缩量,低,情绪退潮,吸筹,资金观望型,机构吸筹+盈利(关注),C,谨慎：资金流入未验证业绩,22.1
002739,儒意电影,8.29,-80.7,3.73,-41.6,-5.31,-76917679,-151852191,-149560525,-14351758,-5651484,29789069,缩量,低,情绪退潮,观望,资金观望型,,D,回避：资金观望,-1.8
002693,双成药业,8.96,-59.4,1.86,106.3,-5.07,-35815574,8981638,-394069,5880947,8360498,-4949189,缩量,低,情绪退潮,吸筹,资金观望型,机构吸筹+盈利(关注),C,谨慎：资金流入未验证业绩,22.3
002742,冀衡医药,4.1,-16.2,0.8,-71.4,-0.4,-1921847,-24188948,-330912835,1330185,3328093,654638,缩量,低,情绪退潮,观望,资金撤退型,,D,回避：资金撤退,-0.1
002745,木林森,11.87,-29.6,1.88,1.7,-3.73,-100317399,-235845524,-240758756,84258419,65965544,-83317861,缩量,低,情绪退潮,观望,资金撤退型,,D,回避：资金撤退,-1.2
002746,仙坛股份,6.21,-32.8,1.15,-52.0,-2.25,-8209448,-31299346,-99057209,5552421,527388,-10797046,缩量,低,情绪退潮,观望,资金撤退型,,D,回避：资金撤退,-0.8
002747,埃斯顿,28.16,-84.1,4.58,-7.3,-2.71,-103336451,-114787806,-554362313,-59819577,-40516255,81102022,缩量,低,情绪退潮,观望,资金撤退型,,D,回避：资金撤退,-0.9
002672,东江环保,3.68,174.0,1.11,275.5,8.03,54803296,52466126,45940793,-726577,300299,5746975,放量,中,主力偏强放量,进场,资金观望型,纯资金炒作(亏损风险),C,谨慎：纯资金炒作,30.7
002749,国光股份,8.37,-73.7,1.88,-60.9,-2.26,-1414710,-12834523,-10816430,-379278,-1092668,177765,缩量,低,情绪退潮,观望,资金观望型,,D,回避：资金观望,-0.8
002752,昇兴股份,6.03,-64.2,0.29,-37.6,-4.04,-9061317,-14812945,-22515696,-441170,57348,977813,缩量,低,情绪退潮,观望,资金撤退型,,D,回避：资金撤退,-1.3
002753,永东股份,6.68,48.8,0.31,92.9,-11.83,-24158359,-1209082,-974456,-3247496,-1773931,3355191,缩量,低,情绪退潮,观望,资金观望型,,D,回避：资金观望,-3.9
002674,兴业科技,19.32,-83.7,14.61,-36.2,5.18,52101530,63137710,-70186754,-11919794,-2511733,13980459,缩量,中,主力惜售,进场,短线抢筹型,资金+业绩共振(双击候选),B,关注：资金+业绩共振,85.7
002756,永兴材料,38.65,-56.3,0.33,-14.8,-1.32,-20497623,-32633886,-174198101,-8047976,-9539766,-5336042,缩量,低,情绪退潮,观望,资金撤退型,,D,回避：资金撤退,-0.4
002709,天赐材料,31.08,-62.0,0.28,-10.0,-5.33,-282665053,-343743033,-1504510092,7027627,16297514,-4513642,缩量,低,情绪退潮,吸筹,资金撤退型,机构吸筹+盈利(关注),C,谨慎：资金流入未验证业绩,22.2
002758,浙农股份,8.41,-9.8,0.41,-64.0,-6.19,-14920044,-19543714,-33169982,-4786433,-2940596,4214483,缩量,低,情绪退潮,观望,资金撤退型,,D,回避：资金撤退,-2.1
002760,凤形股份,17.8,-49.0,0.78,-43.2,-0.6,-1070873,-5232071,-30501296,-808799,-896349,-855434,缩量,低,情绪退潮,观望,资金撤退型,,D,回避：资金撤退,-0.2
002705,新宝股份,11.56,76.0,0.19,175.1,5.43,37109142,55145954,39497160,-15193178,-8808988,20138545,放量,中,主力偏强放量,进场,短线抢筹型,资金+业绩共振(双击候选),B,关注：资金+业绩共振,89.8
002762,金发拉比,9.27,11.0,2.74,23.2,-6.33,-23864516,-32537573,-33072683,-11167604,-13014926,1985549,缩量,低,情绪退潮,观望,资金撤退型,,D,回避：资金撤退,-2.1
002695,煌上煌,10.57,-30.1,0.85,5.2,0.55,2246463,-19591243,-13697237,4820378,-10160124,-11973326,缩量,低,情绪退潮,进场,资金观望型,资金+业绩共振(双击候选),B,关注：资金+业绩共振,72.2
002765,蓝黛科技,6.82,-62.8,0.42,-45.6,-7.92,-16399595,-30610052,-18883988,49056,873669,1758498,缩量,低,情绪退潮,观望,资金观望型,,D,回避：资金观望,-2.6
002716,湖南白银,8.73,-44.8,0.76,-48.3,-10.81,-533660945,-754102436,-1672847443,24581294,6189217,-4297616,缩量,低,情绪退潮,吸筹,资金撤退型,机构吸筹+盈利(关注),C,谨慎：资金流入未验证业绩,20.4
002767,先锋电子,18.39,-60.2,1.57,64.4,-3.73,-9814042,-12167063,-18844820,-473617,-909546,573636,缩量,低,情绪退潮,观望,资金撤退型,,D,回避：资金撤退,-1.2
002769,普路通,6.82,32.7,0.62,-22.8,-3.9,-12645031,-25444766,5359297,-1830793,0,2610749,缩量,低,情绪退潮,观望,长线吸筹型,,D,回避：资金观望,-1.3
002771,真视通,14.02,14.4,0.55,-28.2,-7.82,-33832888,-39717111,-53112378,2083509,-952645,-4467745,缩量,低,情绪退潮,观望,资金撤退型,,D,回避：资金撤退,-2.6
002772,众兴菌业,10.39,-35.2,0.72,-56.1,-6.63,-33873294,-48332735,-31803333,-13567392,-3328884,7089493,缩量,低,情绪退潮,观望,资金观望型,,D,回避：资金观望,-2.2
002712,思美传媒,5.13,24.0,0.72,-38.9,1.22,4411733,-4738783,-824627,2440483,-42017,5987565,缩量,低,情绪退潮,进场,资金观望型,纯资金炒作(亏损风险),C,谨慎：纯资金炒作,12.4
002774,快意电梯,16.76,-56.1,1.6,47.4,-2.17,-22396577,-57070352,-64361110,-323331,-3272916,-8056800,缩量,低,情绪退潮,观望,资金撤退型,,D,回避：资金撤退,-0.7
002775,文科股份,3.42,-47.4,1.37,-2.5,-0.17,-285565,-2136878,-11082412,3252810,-1440398,-1300702,缩量,低,情绪退潮,观望,资金撤退型,,D,回避：资金撤退,-0.1
002713,东易日盛,9.89,-23.4,0.64,8.3,3.67,29462981,122043329,167180003,8944664,-6056661,-2419129,缩量,低,情绪退潮,进场,主力建仓型,资金+业绩共振(双击候选),B,关注：资金+业绩共振,73.2
002778,中晟高科,15.88,-18.5,0.51,-47.1,-2.14,-2989542,-12049864,-7330795,-2850790,-513921,3246421,缩量,低,情绪退潮,观望,资金观望型,,D,回避：资金观望,-0.7
002779,中坚科技,76.35,-27.5,0.44,-3.1,-4.98,-63991682,-84756472,11455577,-693153,-5641451,-1827035,缩量,低,情绪退潮,观望,长线吸筹型,,D,回避：资金观望,-1.7
002780,三夫户外,14.64,-15.6,0.35,89.3,-1.34,-7197230,33738645,18070331,-2178732,1278026,4854770,缩量,低,情绪退潮,观望,资金观望型,,D,回避：资金观望,-0.4
002782,可立克,14.35,-53.2,0.97,-12.0,0.73,4120822,-10085964,-27763350,-9636295,-2832966,12378829,缩量,低,情绪退潮,观望,资金观望型,,D,回避：资金观望,0.2
002783,凯龙股份,8.05,-32.0,0.65,-18.5,-2.26,-5882878,-12449591,-47780467,12072,1400141,-3644594,缩量,低,情绪退潮,观望,资金撤退型,,D,回避：资金撤退,-0.8
002785,万里石,34.93,41.8,0.26,21.8,1.55,30752688,5781962,67426597,-11532321,-30673775,-10970523,缩量,低,情绪退潮,观望,资金观望型,,D,回避：资金观望,0.5
002786,银宝山新,7.59,-52.5,0.33,37.4,-5.52,-12466957,-6253356,-23036270,-2278978,-759000,-284877,缩量,低,情绪退潮,观望,资金观望型,,D,回避：资金观望,-1.8
002714,牧原股份,42.29,-46.6,1.19,-17.4,1.22,75752573,-85184620,-252662556,154707015,116114335,-91275801,缩量,低,情绪退潮,吸筹,资金观望型,资金+业绩共振(双击候选),B,关注：资金+业绩共振,64.4
002788,鹭燕医药,10.57,-61.2,0.83,0.7,-0.43,-3203013,5413633,12094162,-7975185,-6714211,2949494,缩量,低,情绪退潮,观望,资金观望型,,D,回避：资金观望,-0.1
002738,中矿资源,43.31,-13.3,0.5,-20.2,0.65,30286306,-178036183,-478263220,54860038,33249043,11455576,缩量,低,情绪退潮,进场,资金观望型,资金+业绩共振(双击候选),B,关注：资金+业绩共振,72.2
002791,坚朗五金,15.67,6.2,0.97,25.2,-0.41,-1625903,-5800743,-21983949,9910581,5935372,-9074529,缩量,低,情绪退潮,观望,资金撤退型,,D,回避：资金撤退,-0.1
002792,通宇通讯,30.27,-55.7,0.47,23.8,4.35,232913608,318838444,652721979,-41613487,-25447152,36952343,缩量,低,情绪退潮,观望,均衡流入型,,D,回避：资金观望,1.4
002724,海洋王,7.15,395.1,0.58,128.7,7.11,113070670,208073388,152339500,16064967,7223376,-16470364,放量,中,主力偏强放量,进场,短线抢筹型,资金+业绩共振(双击候选),B,关注：资金+业绩共振,90.4
002718,友邦吊顶,81.18,-39.8,0.93,14.9,2.17,12850320,-7913544,-10867337,682725,5477761,-6409269,缩量,低,情绪退潮,进场,资金观望型,资金+业绩共振(双击候选),B,关注：资金+业绩共振,72.7
002796,世嘉科技,26.61,-17.5,0.3,19.1,-0.1,-1427097,138386964,185732205,-3463401,-5615282,-3682948,缩量,低,情绪退潮,观望,资金观望型,,D,回避：资金观望,-0.0
002797,第一创业,6.11,-65.2,0.25,-42.1,-11.32,-107606723,-127415759,-199727877,-57649,7669909,3146079,缩量,低,情绪退潮,观望,资金撤退型,,D,回避：资金撤退,-3.8
002798,帝欧水华,6.59,14.0,0.24,-36.1,-4.66,-15341092,-34460394,-4694507,-1384902,-3384795,3193919,缩量,低,情绪退潮,观望,长线吸筹型,,D,回避：资金观望,-1.6
002734,利民股份,18.64,85.4,0.51,57.2,-7.39,-216472134,-94186794,-101277488,13437767,7365757,-4214996,放量,低,游资情绪,吸筹,资金观望型,机构吸筹+盈利(关注),C,谨慎：资金流入未验证业绩,29.5
002800,天顺股份,14.89,-35.9,0.46,-35.1,-4.45,-6031351,-3398310,-7991372,680342,0,-1682020,缩量,低,情绪退潮,观望,资金观望型,,D,回避：资金观望,-1.5
002801,微光股份,26.69,-54.4,0.44,-27.4,-2.4,-2893709,-5433013,15932799,-1837933,-1063600,1062466,缩量,低,情绪退潮,观望,长线吸筹型,,D,回避：资金观望,-0.8
002802,洪汇新材,12.42,-15.1,0.21,-15.2,-4.73,-6099604,-6411957,-10985472,-498189,-110465,-2754838,缩量,低,情绪退潮,观望,资金撤退型,,D,回避：资金撤退,-1.6
002741,光华科技,26.5,22.3,1.21,155.8,6.83,444247138,475124613,367711402,19664897,16392715,7980375,缩量,中,主力惜售,进场,趋势转多型,资金+业绩共振(双击候选),B,关注：资金+业绩共振,86.3
002805,丰元股份,15.7,-49.0,0.31,-2.0,-1.83,-11044927,-7192812,-56007675,11131188,3794701,-15373420,缩量,低,情绪退潮,观望,资金观望型,,D,回避：资金观望,-0.6
002748,世龙实业,12.0,-47.8,0.9,8.0,-4.05,-8006904,-23041135,-42407260,1051465,545912,-323064,缩量,低,情绪退潮,吸筹,资金撤退型,机构吸筹+盈利(关注),C,谨慎：资金流入未验证业绩,22.6
002755,奥赛康,12.32,-44.9,0.46,31.6,6.23,74855120,80521881,78568801,-5526330,-3512881,5313186,缩量,中,主力惜售,进场,趋势转多型,资金+业绩共振(双击候选),B,关注：资金+业绩共振,86.1
002809,红墙股份,8.55,-24.6,0.66,-18.4,1.77,3198245,-5235072,-18070873,-1059294,-590681,-333356,缩量,低,情绪退潮,观望,资金观望型,,D,回避：资金观望,0.6
002810,山东赫达,20.07,-59.4,0.33,-29.0,-0.78,-2614075,-14881064,-31563478,4760619,581126,-4548917,缩量,低,情绪退潮,观望,资金撤退型,,D,回避：资金撤退,-0.3
002757,南兴股份,18.87,28.8,0.24,23.4,1.91,75642149,75665061,155197559,19042614,2021573,-33342220,缩量,低,情绪退潮,进场,均衡流入型,资金+业绩共振(双击候选),B,关注：资金+业绩共振,72.6
002763,汇洁股份,7.37,-53.2,0.23,-6.5,0.5,661813,-1905112,-3854251,747908,0,328395,缩量,低,情绪退潮,进场,资金观望型,资金+业绩共振(双击候选),B,关注：资金+业绩共振,72.2
002761,浙江建投,7.39,17.7,0.42,-45.4,-1.76,-8427020,-12316956,5744570,6955850,8313273,-8214325,缩量,低,情绪退潮,吸筹,资金观望型,机构吸筹+盈利(关注),C,谨慎：资金流入未验证业绩,23.4
002768,国恩股份,71.02,-13.8,2.45,91.0,0.17,8180461,90419462,164570226,75479473,79567333,-19190067,缩量,低,情绪退潮,吸筹,均衡流入型,资金+业绩共振(双击候选),B,关注：资金+业绩共振,64.1
002817,黄山胶囊,6.84,-30.9,0.66,-5.2,-1.82,-2344937,-2573843,5400666,-336976,0,-571776,缩量,低,情绪退潮,观望,资金观望型,,D,回避：资金观望,-0.6
002818,富森美,11.13,145.3,0.2,-9.9,2.99,8195707,13911289,34330954,-8470127,-16689437,1957943,放量,低,游资情绪,观望,主力建仓型,,D,回避：资金观望,9.0
002773,康弘药业,22.35,129.3,1.55,91.4,4.31,55128245,58527354,38116291,5916830,-8811931,-35392691,放量,低,游资情绪,进场,趋势转多型,资金+业绩共振(双击候选),B,关注：资金+业绩共振,81.4
002820,桂发祥,9.82,-18.2,0.58,-55.0,-0.5,-1389956,-41633,-36179872,769940,624026,1595725,缩量,低,情绪退潮,观望,资金观望型,,D,回避：资金观望,-0.2
002821,凯莱英,179.12,-38.3,2.01,9.6,-5.79,-391627493,-193704414,53713307,58302363,32165637,-60466476,缩量,低,情绪退潮,观望,资金观望型,,D,回避：资金观望,-1.9
002823,凯中精密,12.75,-63.4,0.55,-18.5,0.05,103616,-1799287,-29325124,-981852,-1118275,1811235,缩量,低,情绪退潮,观望,资金观望型,,D,回避：资金观望,0.0
002824,和胜股份,25.23,-43.0,0.82,32.8,-6.82,-131444437,-133559773,-222097995,9791734,-7365512,-26427023,缩量,低,情绪退潮,观望,资金撤退型,,D,回避：资金撤退,-2.3
002825,纳尔股份,9.25,-17.5,0.73,-45.9,-7.62,-11055115,-49210913,-10871037,-1338043,-937224,823596,缩量,低,情绪退潮,观望,长线吸筹型,,D,回避：资金观望,-2.5
002766,索菱股份,4.03,-56.0,1.88,-49.6,5.34,18127060,16230764,22862899,-9040582,-9277669,11834494,缩量,中,主力惜售,进场,资金观望型,纯资金炒作(亏损风险),C,谨慎：纯资金炒作,25.8
002827,高争民爆,62.04,176.9,2.95,1.1,2.65,164216914,226297385,632109034,-204034422,-233378483,115688011,放量,低,游资情绪,观望,均衡流入型,,D,回避：资金观望,8.9
002828,贝肯能源,10.83,-84.6,1.9,-57.1,-0.77,-3166246,-29162458,-38511773,-752193,-1857279,-1295622,缩量,低,情绪退潮,观望,资金撤退型,,D,回避：资金撤退,-0.3
002829,星网宇达,19.41,-83.4,1.99,-35.7,-6.28,-23456205,-15830601,-30206417,-1426560,-315870,42664,缩量,低,情绪退潮,观望,资金观望型,,D,回避：资金观望,-2.1
002830,名雕股份,15.02,-62.4,0.8,-48.0,2.41,4680355,-105321,19256954,-906496,531630,-638742,缩量,低,情绪退潮,观望,资金观望型,,D,回避：资金观望,0.8
002831,裕同科技,27.82,-61.4,0.55,-33.1,-0.92,-10957346,-33768423,-77312933,10529270,7538725,-11793606,缩量,低,情绪退潮,观望,资金撤退型,,D,回避：资金撤退,-0.3
002832,比音勒芬,25.28,-61.3,0.79,-43.4,-0.67,-3807833,-23063639,-15939869,13623423,145828,-10645960,缩量,低,情绪退潮,观望,资金观望型,,D,回避：资金观望,-0.2
002787,华源控股,25.4,-28.4,0.55,-3.7,3.08,59084192,231516022,516336343,15425751,14316666,-19524749,缩量,低,情绪退潮,进场,主力建仓型,资金+业绩共振(双击候选),B,关注：资金+业绩共振,73.0
002835,同为股份,13.28,-11.6,0.92,9.8,-1.9,-2494037,-1104479,-2602667,-2154313,-2701264,2076580,缩量,低,情绪退潮,观望,资金观望型,,D,回避：资金观望,-0.6
002790,瑞尔特,6.49,343.9,0.5,81.0,-4.94,-39543213,-234570710,-118283418,5243856,7832018,-2725053,放量,低,游资情绪,吸筹,长线吸筹型,机构吸筹+盈利(关注),C,谨慎：资金流入未验证业绩,30.4
002777,久远银海,12.7,-45.1,0.85,-19.5,1.64,4206631,5418761,162861,1140074,179880,3170493,缩量,低,情绪退潮,进场,趋势转多型,资金+业绩共振(双击候选),B,关注：资金+业绩共振,72.5
002793,罗欣药业,4.8,-46.4,1.15,10.0,-2.77,-17907846,-24040576,-46697874,22430450,23053149,-21357885,缩量,低,情绪退潮,吸筹,资金撤退型,纯资金炒作(亏损风险),C,谨慎：纯资金炒作,3.1
002795,永和智控,7.4,-27.6,0.3,46.0,5.23,43185794,87710006,105151652,-5364597,-2431253,2943633,缩量,中,主力惜售,进场,主力强攻型,纯资金炒作(亏损风险),C,谨慎：纯资金炒作,25.7
002840,华统股份,7.98,-44.2,0.51,-29.9,2.44,21434654,36961219,10505780,-7424736,-3273432,12917320,缩量,低,情绪退潮,观望,趋势转多型,,D,回避：资金观望,0.8
002841,视源股份,44.48,-69.2,4.73,-22.1,-2.3,-34379103,-34641154,-279935,12659843,3200657,6331886,缩量,低,情绪退潮,观望,资金观望型,,D,回避：资金观望,-0.8
002842,翔鹭钨业,31.09,-75.8,0.55,32.8,-10.26,-277458210,-170462091,-606318278,-8472266,-11905914,5714297,缩量,低,情绪退潮,观望,资金观望型,,D,回避：资金观望,-3.4
002799,环球印务,7.55,241.2,0.87,26.8,0.34,853943,833087,-3718376,27673425,27574109,-23380345,放量,低,游资情绪,抢筹,资金观望型,纯资金炒作(亏损风险),C,谨慎：纯资金炒作,28.1
002845,同兴达,13.86,-70.7,1.48,8.6,-2.0,-9643095,-1756487,-18447634,-373789,-483422,757060,缩量,低,情绪退潮,观望,资金观望型,,D,回避：资金观望,-0.7
002803,吉宏股份,21.19,65.3,0.7,17.9,0.44,7510933,-24246726,-22740526,38620330,36050691,-40937934,放量,低,游资情绪,抢筹,资金观望型,资金+业绩共振(双击候选),B,关注：资金+业绩共振,88.1
002847,盐津铺子,42.85,-71.6,0.81,-39.7,-1.28,-4038095,-10900044,-36331178,-1789771,-5704726,2878449,缩量,低,情绪退潮,观望,资金撤退型,,D,回避：资金撤退,-0.4
002848,高斯贝尔,14.88,78.3,1.08,74.5,-1.13,-10989918,-77304829,-8244763,-99318,89865,7128000,放量,低,游资情绪,观望,资金观望型,,D,回避：资金观望,7.6
002849,威星智能,23.22,617.1,0.86,212.9,2.7,95190047,178196362,93579431,-24599872,-23387364,36493655,放量,低,游资情绪,观望,趋势转多型,,D,回避：资金观望,8.9
002850,科达利,158.17,3.2,0.79,-7.3,-3.75,-103257178,-81686526,-237390080,-72236315,-57740670,155809169,缩量,低,情绪退潮,观望,资金观望型,,D,回避：资金观望,-1.2
002806,华锋股份,14.95,-14.0,0.89,119.6,2.03,11124484,43234639,37166207,2340903,-1499225,-6724531,缩量,低,情绪退潮,进场,趋势转多型,纯资金炒作(亏损风险),C,谨慎：纯资金炒作,12.7
002811,郑中设计,16.42,227.9,0.63,-5.2,-6.98,-95585090,-69797863,-78231630,5537531,4782655,-3841194,放量,低,游资情绪,吸筹,资金观望型,机构吸筹+盈利(关注),C,谨慎：资金流入未验证业绩,29.7
002853,皮阿诺,20.88,-55.0,0.55,-30.5,-4.15,-4479132,-1061441,5116951,-1418544,-825712,-879833,缩量,低,情绪退潮,观望,高位分歧型,,D,回避：资金观望,-1.4
002855,捷荣技术,12.58,194.2,0.57,-62.3,-5.68,-46525095,-79451615,-48822371,-5088854,-2453067,12961306,放量,低,游资情绪,观望,资金观望型,,D,回避：资金观望,6.1
002857,三晖电气,17.8,-52.2,0.51,-19.4,-0.11,-160288,-3805782,-21227220,17782,-72828,-1658833,缩量,低,情绪退潮,观望,资金撤退型,,D,回避：资金撤退,-0.0
002858,力盛体育,11.66,-23.2,0.35,-32.2,-3.76,-9389792,-10380275,-25125708,-5640595,-3133225,2203611,缩量,低,情绪退潮,观望,资金撤退型,,D,回避：资金撤退,-1.3
002859,洁美科技,59.78,-71.6,2.6,5.6,-4.66,-196929662,7066510,-180193584,-9712748,3347239,27582580,缩量,低,情绪退潮,观望,资金观望型,,D,回避：资金观望,-1.6
002812,恩捷股份,45.59,-63.0,0.34,-23.6,-1.57,-38646932,-130211718,-600712104,26392452,27414811,-7786899,缩量,低,情绪退潮,吸筹,资金撤退型,机构吸筹+盈利(关注),C,谨慎：资金流入未验证业绩,23.5
002861,瀛通通讯,14.25,-59.9,1.06,-16.3,0.27,764380,-9905910,-48676151,-1097913,-1873220,2044766,缩量,低,情绪退潮,观望,资金观望型,,D,回避：资金观望,0.1
002862,实丰文化,15.16,79.4,0.67,-47.7,1.72,6244205,-35909742,58291613,-7945611,-5558504,7202343,放量,低,游资情绪,观望,长线吸筹型,,D,回避：资金观望,8.6
002863,今飞凯达,4.8,-34.4,0.75,-30.2,-5.26,-9345978,-8039064,-6389935,978972,194722,-646386,缩量,低,情绪退潮,观望,资金观望型,,D,回避：资金观望,-1.8
002807,江阴银行,4.16,-10.2,0.84,-27.0,3.66,25722795,-19661579,10127870,10708403,12629134,-8321640,缩量,低,情绪退潮,吸筹,资金观望型,资金+业绩共振(双击候选),B,关注：资金+业绩共振,65.2
002865,钧达股份,36.01,-57.1,0.23,-5.2,-0.67,-6409666,1365297,-41538006,-10153929,-3283883,11675431,缩量,低,情绪退潮,观望,资金观望型,,D,回避：资金观望,-0.2
002813,路畅科技,26.38,571.5,0.3,103.9,3.22,15814506,18117079,16487967,29724853,27646254,-28037492,放量,低,游资情绪,抢筹,趋势转多型,纯资金炒作(亏损风险),C,谨慎：纯资金炒作,29.1
002867,周大生,10.05,-45.5,0.26,-36.9,-3.54,-11776419,-20479402,-109912323,-6614413,-1767938,4379495,缩量,低,情绪退潮,观望,资金撤退型,,D,回避：资金撤退,-1.2
002868,绿康生化,22.0,-31.3,1.19,-72.7,-4.02,-8550405,-9556690,67183377,-607768,-1845792,3133357,缩量,低,情绪退潮,观望,长线吸筹型,,D,回避：资金观望,-1.3
002826,易明医药,17.66,-31.3,0.7,-17.3,0.16,558121,-9570137,-7962442,5635524,3113895,-2548893,缩量,低,情绪退潮,吸筹,资金观望型,资金+业绩共振(双击候选),B,关注：资金+业绩共振,64.1
002870,香山股份,46.62,-32.0,1.44,-17.1,-7.91,-45829796,-49293032,-64967203,4700109,-439658,-1356519,缩量,低,情绪退潮,观望,资金撤退型,,D,回避：资金撤退,-2.6
002871,伟隆股份,17.44,-57.3,0.54,-49.6,-0.7,-2305990,-2749971,-32655561,-1517367,-1685316,-666196,缩量,低,情绪退潮,观望,资金撤退型,,D,回避：资金撤退,-0.2
002873,新天药业,8.55,-30.0,0.61,8.0,0.15,337793,3825249,2525374,-50592,231701,-2158440,缩量,低,情绪退潮,观望,趋势转多型,,D,回避：资金观望,0.0
002875,安奈儿,12.87,-47.0,0.23,-56.8,-5.21,-10648464,-25885278,4751111,140467,1834381,203677,缩量,低,情绪退潮,观望,长线吸筹型,,D,回避：资金观望,-1.7
002876,三利谱,31.33,-48.7,0.73,28.1,-3.62,-21290665,-22201665,-42004985,-4225487,-2727054,1438954,缩量,低,情绪退潮,观望,资金撤退型,,D,回避：资金撤退,-1.2
002877,智能自控,7.53,-15.2,0.54,9.4,-0.52,-761421,5676975,16624001,-174455,1122745,2715663,缩量,低,情绪退潮,观望,高位分歧型,,D,回避：资金观望,-0.2
002878,元隆雅图,12.86,-9.7,0.22,-31.1,-0.79,-2252941,-8387102,-22077210,-1573178,-2269840,1998144,缩量,低,情绪退潮,观望,资金撤退型,,D,回避：资金撤退,-0.3
002815,崇达技术,24.44,147.3,1.08,36.0,-5.53,-490757315,-1250366641,-1024790155,176264169,202396275,-122955457,放量,低,游资情绪,抢筹,资金观望型,机构吸筹+盈利(关注),C,谨慎：资金流入未验证业绩,46.2
002880,卫光生物,21.73,19.0,1.03,-41.7,-4.1,-10113956,-11970615,-35298280,2442595,883952,-3288541,缩量,低,情绪退潮,观望,资金撤退型,,D,回避：资金撤退,-1.4
002881,美格智能,41.95,-47.9,2.39,-38.5,-9.74,-172335276,-224517272,-98413483,-129604,-2346545,-19913406,缩量,低,情绪退潮,观望,长线吸筹型,,D,回避：资金观望,-3.2
002833,弘亚数控,18.78,-16.1,0.61,-29.0,1.25,3702568,1746388,-9379533,719393,2356689,-1117025,缩量,低,情绪退潮,吸筹,资金观望型,资金+业绩共振(双击候选),B,关注：资金+业绩共振,64.4
002884,凌霄泵业,15.26,-64.7,0.44,-32.7,-2.18,-1993441,-4657139,-8395256,39101,-544892,-1963673,缩量,低,情绪退潮,观望,资金撤退型,,D,回避：资金撤退,-0.7
002885,京泉华,26.53,-53.8,0.5,-46.0,-1.34,-22740200,-102328506,116410189,-13762819,-5796269,6707993,缩量,低,情绪退潮,观望,长线吸筹型,,D,回避：资金观望,-0.4
002886,沃特股份,24.74,80.9,0.99,-36.4,-2.52,-96994694,121941243,63810441,-19299216,-5459935,40542496,放量,低,游资情绪,观望,资金观望型,,D,回避：资金观望,7.2
002887,绿茵生态,8.84,62.7,0.52,8.0,2.91,10057987,7287669,-4226391,-5226720,-2010187,-3066451,放量,低,游资情绪,观望,资金观望型,,D,回避：资金观望,9.0
002888,惠威科技,18.72,-26.1,0.95,-61.2,-1.24,-2840935,4654786,-20732776,1053101,22476,-1399676,缩量,低,情绪退潮,观望,资金观望型,,D,回避：资金观望,-0.4
002889,东方嘉盛,12.08,-69.7,3.26,-24.2,-8.99,-9426340,-8404573,-20805633,2068662,0,-695079,缩量,低,情绪退潮,观望,资金观望型,,D,回避：资金观望,-3.0
002890,弘宇股份,15.17,-39.9,0.42,-45.8,-1.26,-1603168,862477,3174394,-1067119,-1713780,61269,缩量,低,情绪退潮,观望,资金观望型,,D,回避：资金观望,-0.4
002891,中宠股份,27.32,-76.9,1.39,-27.9,2.98,22917155,814563,-29428156,-3963565,-252842,7105815,缩量,低,情绪退潮,观望,资金观望型,,D,回避：资金观望,1.0
002892,科力尔,8.54,-62.5,0.75,-29.7,-0.75,-1390630,-4075098,-16510574,-1401261,1532554,2645805,缩量,低,情绪退潮,观望,资金撤退型,,D,回避：资金撤退,-0.2
002893,京能热力,10.29,49.7,0.46,-63.0,0.29,1162447,-21198306,42913184,-5853179,-1512777,7080821,缩量,低,情绪退潮,观望,长线吸筹型,,D,回避：资金观望,0.1
002819,东方中科,24.68,995.8,0.56,200.7,-2.75,-57139053,-70338060,-72236553,28210383,23332102,-18426096,放量,低,游资情绪,抢筹,资金撤退型,纯资金炒作(亏损风险),C,谨慎：纯资金炒作,27.1
002896,中大力德,60.86,-43.4,1.66,-1.3,1.26,26214793,-36836071,-141335360,-32885784,-20999213,42619288,缩量,低,情绪退潮,观望,资金观望型,,D,回避：资金观望,0.4
002897,意华股份,58.46,-57.4,1.0,12.2,-8.01,-262088290,-104343661,506443153,-39230599,-32375194,24335276,缩量,低,情绪退潮,观望,高位分歧型,,D,回避：资金观望,-2.7
002899,英派斯,20.48,-21.5,0.53,-12.6,2.44,9799042,4209331,17596420,-2107855,-2026031,-1133675,缩量,低,情绪退潮,观望,资金观望型,,D,回避：资金观望,0.8
002837,英维克,55.58,-55.2,0.68,-41.9,-12.27,-1132657417,-970342927,-1982197478,158004339,132404601,-98387057,缩量,低,情绪退潮,吸筹,资金观望型,机构吸筹+盈利(关注),C,谨慎：资金流入未验证业绩,19.9
002901,大博医疗,40.56,-48.6,1.12,8.9,2.52,8870414,8841140,-29405889,-2054286,-246972,1527373,缩量,低,情绪退潮,观望,资金观望型,,D,回避：资金观望,0.8
002902,铭普光磁,26.15,-2.3,0.34,48.3,-13.59,-398068748,35996274,495730791,-40109430,-23218756,44393667,缩量,低,情绪退潮,观望,高位分歧型,,D,回避：资金观望,-4.5
002903,宇环数控,28.62,-64.8,0.55,-11.5,3.19,30498376,103856834,134342563,-6126987,-3341536,3401992,缩量,低,情绪退潮,观望,主力建仓型,,D,回避：资金观望,1.1
002905,金逸影视,8.85,-28.2,0.7,-40.4,-1.3,-3695626,-9045756,-27528517,-3494961,-1608284,234259,缩量,低,情绪退潮,观望,资金撤退型,,D,回避：资金撤退,-0.4
002906,华阳集团,26.71,-44.4,0.61,-36.9,-4.34,-28440323,-39916258,-110876804,1902901,-758692,2423139,缩量,低,情绪退潮,观望,资金撤退型,,D,回避：资金撤退,-1.4
002836,新宏泽,12.23,678.1,0.54,417.4,0.82,10616218,34805543,38606892,7807139,4993005,-7812486,放量,低,游资情绪,抢筹,均衡流入型,资金+业绩共振(双击候选),B,关注：资金+业绩共振,88.3
002838,道恩股份,24.13,-66.6,0.74,-18.1,-0.82,-4603954,-1747274,23049263,1788773,3281198,-2720565,缩量,低,情绪退潮,吸筹,高位分歧型,机构吸筹+盈利(关注),C,谨慎：资金流入未验证业绩,23.7
002843,泰嘉股份,14.89,-65.6,0.35,-26.8,1.08,5209797,12909371,15055554,607792,1111642,-866310,缩量,低,情绪退潮,吸筹,均衡流入型,纯资金炒作(亏损风险),C,谨慎：纯资金炒作,4.4
002910,庄园牧场,10.1,-59.4,2.1,-52.2,-1.51,-3899752,-7485523,-10001907,2257724,164316,-5368894,缩量,低,情绪退潮,观望,资金撤退型,,D,回避：资金撤退,-0.5
002911,佛燃能源,11.13,-29.1,0.82,-34.5,2.86,6907755,4646952,16030936,-2106174,-1893992,1281905,缩量,低,情绪退潮,观望,资金观望型,,D,回避：资金观望,1.0
002839,张家港行,4.25,-41.2,1.07,-33.1,5.23,23329337,50704452,117101603,-2847376,926178,453833,缩量,中,主力惜售,进场,主力强攻型,资金+业绩共振(双击候选),B,关注：资金+业绩共振,85.7
002846,英联股份,11.88,192.3,0.42,325.3,1.09,12552839,44729175,53486277,100616347,101090157,-57719555,放量,低,游资情绪,抢筹,均衡流入型,资金+业绩共振(双击候选),B,关注：资金+业绩共振,88.4
002915,中欣氟材,16.27,-67.5,0.75,-62.6,-6.13,-23496773,-40832303,-123271881,-5274056,209486,10917842,缩量,低,情绪退潮,观望,资金撤退型,,D,回避：资金撤退,-2.0
002851,麦格米特,118.5,-28.3,1.38,-9.5,0.7,123228941,254725893,1072581504,29265389,35691389,278784416,缩量,低,情绪退潮,进场,均衡流入型,资金+业绩共振(双击候选),B,关注：资金+业绩共振,72.2
002917,金奥博,10.06,-37.5,0.5,-15.8,-4.29,-5211550,-9336080,-16173457,-366771,-519140,2344558,缩量,低,情绪退潮,观望,资金撤退型,,D,回避：资金撤退,-1.4
002918,蒙娜丽莎,10.52,11.0,1.11,-17.7,2.75,27585965,119671928,98141666,-8788295,-2169749,21183830,缩量,低,情绪退潮,观望,趋势转多型,,D,回避：资金观望,0.9
002919,名臣健康,16.1,-42.3,0.6,-20.8,-6.79,-17502161,-24935493,-19171261,-167186,-72135,6974188,缩量,低,情绪退潮,观望,资金观望型,,D,回避：资金观望,-2.3
002920,德赛西威,79.25,-47.9,1.05,-34.0,-5.06,-87100907,-103052806,-115188425,-5381964,-8598500,22245149,缩量,低,情绪退潮,观望,资金撤退型,,D,回避：资金撤退,-1.7
002921,联诚精密,19.83,-68.9,0.67,-39.1,-5.86,-23483174,-26624316,6761972,-3561931,-1680394,4064149,缩量,低,情绪退潮,观望,长线吸筹型,,D,回避：资金观望,-2.0
002922,伊戈尔,21.48,-64.8,0.6,-46.7,-1.68,-22438502,-33294675,24711438,-10948957,-9323186,12801970,缩量,低,情绪退潮,观望,资金观望型,,D,回避：资金观望,-0.6
002923,润都股份,10.7,-71.2,0.66,-2.8,-3.23,-9192235,-10140551,-14752472,451799,-232785,-283064,缩量,低,情绪退潮,观望,资金撤退型,,D,回避：资金撤退,-1.1
002925,盈趣科技,22.5,-48.6,1.11,-12.7,-6.75,-92087965,-120238712,-149169165,11697613,8245306,-8309212,缩量,低,情绪退潮,观望,资金撤退型,,D,回避：资金撤退,-2.2
002926,华西证券,8.15,-44.1,0.86,-21.0,-9.87,-53501108,-39736367,-21784012,4491638,689726,-5645783,缩量,低,情绪退潮,观望,资金观望型,,D,回避：资金观望,-3.3
002927,泰永长征,19.29,44.1,0.78,147.5,-1.83,-22591677,62906784,61780043,-1796781,1184346,12494936,缩量,低,情绪退潮,观望,资金观望型,,D,回避：资金观望,-0.6
002860,星帅尔,18.39,-100.0,3.34,-16.2,6.85,68642530,21643970,44294666,0,0,0,缩量,中,主力惜售,进场,资金观望型,资金+业绩共振(双击候选),B,关注：资金+业绩共振,86.3
002929,润建股份,47.39,-79.4,0.75,-6.6,0.92,15241594,69880453,-55550404,-13828555,-7805666,3395490,缩量,低,情绪退潮,观望,趋势转多型,,D,回避：资金观望,0.3
002930,宏川智慧,9.03,-56.8,0.23,-48.0,1.29,2608365,-2754688,-17482022,-1397563,-400915,3134312,缩量,低,情绪退潮,观望,资金观望型,,D,回避：资金观望,0.4
002931,锋龙股份,38.99,-78.9,0.87,-19.6,2.51,21838051,-46479610,-129339840,-5615004,-168149,11081439,缩量,低,情绪退潮,观望,资金观望型,,D,回避：资金观望,0.8
002933,新兴装备,27.94,19.8,0.53,-20.0,-6.38,-11150467,-10839710,-33969648,4097065,2452293,-5054414,缩量,低,情绪退潮,观望,资金观望型,,D,回避：资金观望,-2.1
002935,天奥电子,18.11,135.4,0.29,246.9,2.94,45724406,36457498,24852695,-2989057,5613165,4750166,放量,低,游资情绪,观望,资金观望型,,D,回避：资金观望,9.0
002866,传艺科技,15.36,7.9,0.19,18.2,-3.02,-13317496,-13594940,-36735127,83071783,89513213,-51018650,缩量,低,情绪退潮,吸筹,资金撤退型,机构吸筹+盈利(关注),C,谨慎：资金流入未验证业绩,23.0
002852,道道全,8.6,482.7,0.44,-39.9,7.77,51408085,45121714,54599584,-2335400,-7765073,6900128,放量,中,主力偏强放量,进场,资金观望型,资金+业绩共振(双击候选),B,关注：资金+业绩共振,90.6
002938,鹏鼎控股,79.95,-63.1,1.11,-9.4,-5.48,-474554339,-724199968,-385312345,11847519,1286329,-36681223,缩量,低,情绪退潮,观望,资金观望型,,D,回避：资金观望,-1.8
002864,盘龙药业,20.9,-75.4,1.52,-30.7,0.61,1023884,-4037117,-21866789,1405427,1813154,-1593930,缩量,低,情绪退潮,吸筹,资金观望型,资金+业绩共振(双击候选),B,关注：资金+业绩共振,64.2
002940,昂利康,22.23,-77.7,0.85,-65.7,-3.98,-21506454,-16919186,140637142,-5654210,-4158688,5271277,缩量,低,情绪退潮,观望,长线吸筹型,,D,回避：资金观望,-1.3
002941,新疆交建,10.46,-45.8,0.69,-33.9,-1.14,-4005323,-12843673,-37943279,999037,1356952,625554,缩量,低,情绪退潮,观望,资金撤退型,,D,回避：资金撤退,-0.4
002942,新农股份,16.53,77.3,0.54,-75.5,-1.27,-3355631,-13842269,-143557265,-50528,600900,799071,放量,低,游资情绪,观望,资金撤退型,,D,回避：资金撤退,7.6
002943,宇晶股份,28.76,-64.6,0.44,-33.0,4.81,58475983,79248628,36458800,-2608186,-4959574,-354326,缩量,低,情绪退潮,观望,趋势转多型,,D,回避：资金观望,1.6
002945,华林证券,14.13,-52.5,0.99,-56.1,-8.85,-91785689,-59679974,51320643,4934988,2739026,-5460439,缩量,低,情绪退潮,观望,高位分歧型,,D,回避：资金观望,-2.9
002946,新乳业,14.25,-62.3,0.9,-40.2,1.47,3997737,6055651,2685422,-3444960,-4614130,1287073,缩量,低,情绪退潮,观望,趋势转多型,,D,回避：资金观望,0.5
002869,金溢科技,17.03,36.6,0.88,126.3,8.13,53998774,54668521,54266769,-144784,-1439524,1415524,缩量,中,主力惜售,进场,趋势转多型,纯资金炒作(亏损风险),C,谨慎：纯资金炒作,26.7
002948,青岛银行,6.05,-13.9,0.51,-22.6,-5.34,-53005048,-81947945,-224116725,3846073,-193666,-17275496,缩量,低,情绪退潮,观望,资金撤退型,,D,回避：资金撤退,-1.8
002949,华阳国际,13.74,287.9,0.39,-50.1,-3.07,-13582503,1308209,117283,6697425,1720477,-4090775,放量,低,游资情绪,观望,资金观望型,,D,回避：资金观望,7.0
002950,奥美医疗,8.42,-40.3,0.28,3.3,-7.78,-17082209,-23338525,-41545073,-841529,-791429,-819342,缩量,低,情绪退潮,观望,资金撤退型,,D,回避：资金撤退,-2.6
002951,金时科技,15.78,-49.4,1.51,38.9,1.75,13359628,11466940,14133347,-3318236,-2663042,13769008,缩量,低,情绪退潮,观望,资金观望型,,D,回避：资金观望,0.6
002952,亚世光电,19.28,-27.9,0.24,-65.5,-5.56,-19363141,-26390372,-15110293,257458,868136,-1336349,缩量,低,情绪退潮,观望,资金观望型,,D,回避：资金观望,-1.9
002953,日丰股份,9.94,-49.0,1.48,-58.7,-6.21,-22451404,-10146972,-40746817,-2712700,-1739665,5411271,缩量,低,情绪退潮,观望,资金观望型,,D,回避：资金观望,-2.1
002955,鸿合科技,36.03,-50.7,3.7,-31.1,-0.42,-4240182,34834177,100286797,5248128,1898043,105347,缩量,低,情绪退潮,观望,高位分歧型,,D,回避：资金观望,-0.1
002956,西麦食品,17.45,-33.3,0.43,147.1,-3.93,-18112390,22520384,9804688,-3112714,-2985610,4507346,缩量,低,情绪退潮,观望,资金观望型,,D,回避：资金观望,-1.3
002957,科瑞技术,36.35,-22.6,0.61,69.5,4.05,245291789,407431331,346014003,-11819688,4910381,28647956,缩量,低,情绪退潮,观望,趋势转多型,,D,回避：资金观望,1.3
002958,青农商行,2.91,-29.5,1.31,-36.2,2.87,22994226,63234582,12337424,-3969437,171627,13275318,缩量,低,情绪退潮,观望,趋势转多型,,D,回避：资金观望,1.0
002959,小熊电器,35.55,563.4,0.59,200.0,-0.78,-3444602,-6882723,-12339602,-430501,-3316453,-1987669,放量,低,游资情绪,观望,资金撤退型,,D,回避：资金撤退,7.7
002960,青鸟智控,8.45,-57.1,0.38,14.9,-5.67,-19974323,-15644024,-30841599,-1768793,905663,2665853,缩量,低,情绪退潮,观望,资金观望型,,D,回避：资金观望,-1.9
002961,瑞达期货,13.53,78.7,0.53,63.9,-3.93,-36230915,82614824,73389893,12510095,-69196,-15744485,放量,低,游资情绪,观望,资金观望型,,D,回避：资金观望,6.7
002882,金龙羽,24.51,89.0,2.22,-16.6,0.03,368379,110464572,270010902,160396314,186432483,-87895119,放量,低,游资情绪,抢筹,均衡流入型,资金+业绩共振(双击候选),B,关注：资金+业绩共振,88.0
002879,长缆科技,17.16,-42.4,2.04,18.6,9.4,110659124,100216989,104989403,3672824,-3146362,-5601247,缩量,中,主力惜售,进场,资金观望型,资金+业绩共振(双击候选),B,关注：资金+业绩共振,87.1
002965,祥鑫科技,30.0,-66.9,2.3,44.9,-2.06,-41870412,86350548,-73173414,8150623,1228659,-22848896,缩量,低,情绪退潮,观望,资金观望型,,D,回避：资金观望,-0.7
002966,苏州银行,9.23,-36.2,1.5,-27.7,-1.01,-12807271,-43506322,-165685086,445304,4855980,-18097146,缩量,低,情绪退潮,观望,资金撤退型,,D,回避：资金撤退,-0.3
002967,广电计量,17.65,-3.7,0.33,37.3,4.13,25254227,15656440,1765509,-5730766,-3278652,1830203,缩量,低,情绪退潮,观望,资金观望型,,D,回避：资金观望,1.4
002968,新大正,9.89,68.3,0.59,33.1,-0.57,-1703900,773653,-1074455,444664,-1479685,7159282,放量,低,游资情绪,观望,资金观望型,,D,回避：资金观望,7.8
002969,嘉美包装,10.73,-79.3,0.58,-63.0,-5.44,-53324735,-111751052,83293981,-7845047,-7613123,16078210,缩量,低,情绪退潮,观望,长线吸筹型,,D,回避：资金观望,-1.8
002970,锐明技术,40.65,-52.5,0.3,-44.2,-5.51,-45292118,-82147771,-58444834,-14959159,-8142472,19952641,缩量,低,情绪退潮,观望,资金观望型,,D,回避：资金观望,-1.8
002908,德生科技,7.13,-37.1,1.05,-23.9,1.96,2692614,3597347,-5030126,1447564,-949962,-3677744,缩量,低,情绪退潮,进场,趋势转多型,资金+业绩共振(双击候选),B,关注：资金+业绩共振,72.7
002972,科安达,13.12,-33.3,1.44,-35.0,-4.4,-17522834,-28870967,32033606,-2453022,-2913657,-2202834,缩量,低,情绪退潮,观望,长线吸筹型,,D,回避：资金观望,-1.5
002973,侨银股份,12.19,-40.8,1.9,6.2,-7.2,-28841694,9641825,-12967736,-765560,-1318550,-1364374,缩量,低,情绪退潮,观望,资金观望型,,D,回避：资金观望,-2.4
002975,博杰股份,102.05,-26.0,0.86,-6.6,4.41,286484744,370922038,335624564,-7261770,922007,29459557,缩量,低,情绪退潮,观望,趋势转多型,,D,回避：资金观望,1.5
002976,瑞玛精密,22.8,-21.2,1.54,120.5,-4.95,-72164391,23045067,11743836,1598069,-2743352,-4036287,缩量,低,情绪退潮,观望,资金观望型,,D,回避：资金观望,-1.7
002978,安宁股份,24.65,-54.5,0.65,-28.0,-3.0,-5160291,-13759765,-10828748,-962059,-1602218,-1806041,缩量,低,情绪退潮,观望,资金观望型,,D,回避：资金观望,-1.0
002979,雷赛智能,51.76,-79.7,1.74,-21.8,-2.24,-26655827,-37570932,-272184396,-5339394,549166,-2568891,缩量,低,情绪退潮,观望,资金撤退型,,D,回避：资金撤退,-0.7
002980,华盛昌,106.62,17.5,0.57,-7.9,-4.03,-238419850,-63765548,380323277,91722106,32425367,-100439380,缩量,低,情绪退潮,观望,高位分歧型,,D,回避：资金观望,-1.3
002981,朝阳科技,23.62,14.4,0.66,282.8,-2.73,-22377731,-46037690,-49389895,-5484456,-3919910,5673112,缩量,低,情绪退潮,观望,资金撤退型,,D,回避：资金撤退,-0.9
002982,湘佳股份,12.68,-17.4,0.59,-39.8,0.38,890385,-103506,-4785578,-1645996,-661225,-416597,缩量,低,情绪退潮,观望,资金观望型,,D,回避：资金观望,0.1
002895,川恒股份,29.98,-70.6,0.53,-41.4,-1.94,-9055588,-14345184,-6684225,5031785,3731946,-2278856,缩量,低,情绪退潮,吸筹,资金观望型,机构吸筹+盈利(关注),C,谨慎：资金流入未验证业绩,23.4
002984,森麒麟,12.84,-52.2,0.44,-28.7,-1.92,-7687236,-12744841,-42333075,1104968,-2813892,-5867410,缩量,低,情绪退潮,观望,资金撤退型,,D,回避：资金撤退,-0.6
002985,北摩高科,26.1,16.3,0.36,-44.8,1.83,8731662,-13050971,7861375,-16526270,-8220432,39497598,缩量,低,情绪退潮,观望,资金观望型,,D,回避：资金观望,0.6
002986,宇新股份,12.59,-68.4,0.52,-32.1,-0.82,-2025521,7871022,-313962,87392,-889938,-2745422,缩量,低,情绪退潮,观望,资金观望型,,D,回避：资金观望,-0.3
002987,京北方,10.59,-75.2,1.69,-47.0,-4.52,-21002769,-41019435,-95311002,-2196387,1702397,6991375,缩量,低,情绪退潮,观望,资金撤退型,,D,回避：资金撤退,-1.5
002900,哈三联,12.98,14.8,5.06,96.1,3.57,60417421,44757662,-13002263,28049600,10214128,-32834301,缩量,低,情绪退潮,进场,资金观望型,纯资金炒作(亏损风险),C,谨慎：纯资金炒作,13.2
002912,中新赛克,29.12,838.4,1.01,805.7,5.16,146074570,-19089363,55652396,111713590,159863247,-39750622,放量,中,主力偏强放量,抢筹,资金观望型,资金+业绩共振(双击候选),B,关注：资金+业绩共振,97.7
002909,集泰股份,7.05,2404.3,0.61,-36.9,13.63,347123377,265452243,225764893,-52245213,-46559116,15845546,放量,高,主力主导放量🔥(最强),进场,资金观望型,纯资金炒作(亏损风险),C,谨慎：纯资金炒作,36.5
002991,甘源食品,36.88,-57.7,0.63,-49.2,-2.05,-2140357,-6462491,-16638680,-958396,0,785902,缩量,低,情绪退潮,观望,资金撤退型,,D,回避：资金撤退,-0.7
002992,宝明科技,33.1,-40.2,0.44,19.8,0.78,2682382,-1415621,-18132211,-920995,-1436312,2256588,缩量,低,情绪退潮,观望,资金观望型,,D,回避：资金观望,0.3
002993,奥海科技,32.84,-73.0,1.04,-25.1,-4.85,-35391667,-65577463,-100850297,1790317,-2779639,3125317,缩量,低,情绪退潮,观望,资金撤退型,,D,回避：资金撤退,-1.6
002995,天地在线,17.33,-27.5,0.82,-23.8,-0.34,-2048349,8503057,-2868804,-7480784,-8165237,4123008,缩量,低,情绪退潮,观望,资金观望型,,D,回避：资金观望,-0.1
002907,华森制药,14.42,11.6,3.23,3.9,2.82,27337333,14764844,-63982565,-2728934,3258032,-1386095,缩量,低,情绪退潮,吸筹,资金观望型,资金+业绩共振(双击候选),B,关注：资金+业绩共振,64.9
002997,瑞鹄模具,25.7,-58.3,0.49,32.1,-5.34,-12043008,-132283488,-137505571,-896234,-1613354,1130244,缩量,低,情绪退潮,观望,资金撤退型,,D,回避：资金撤退,-1.8
002998,优彩资源,7.99,-57.1,1.63,-28.3,-6.02,-25261993,-51297597,-16699247,1520971,-529320,2219719,缩量,低,情绪退潮,观望,长线吸筹型,,D,回避：资金观望,-2.0
002999,天禾股份,6.36,64.6,0.18,-72.9,-1.09,-3534232,-25611411,28723724,2066802,35726,1696082,放量,低,游资情绪,观望,长线吸筹型,,D,回避：资金观望,7.6
002913,奥士康,91.08,127.9,0.65,57.4,-5.27,-300633387,-572591244,-442333185,120012819,151138878,-60104316,放量,低,游资情绪,抢筹,资金观望型,机构吸筹+盈利(关注),C,谨慎：资金流入未验证业绩,46.2
002916,深南电路,375.6,-51.7,1.44,11.8,4.11,668444164,-95899860,1241580991,303869461,160164571,-409798255,缩量,低,情绪退潮,进场,资金观望型,资金+业绩共振(双击候选),B,关注：资金+业绩共振,73.4
003002,壶化股份,15.88,58.0,0.42,-37.8,-6.34,-30794143,-89313418,14764134,3068452,3999429,126957,放量,低,游资情绪,观望,长线吸筹型,,D,回避：资金观望,5.9
003003,天元股份,11.28,8.5,0.53,3.8,-1.22,-2356523,-344938,-4400797,333120,570024,605678,缩量,低,情绪退潮,观望,资金观望型,,D,回避：资金观望,-0.4
003004,声迅股份,61.25,-20.4,8.49,1.1,-4.1,-26636979,-102282645,-68842818,5118268,4951184,5685176,缩量,低,情绪退潮,观望,资金观望型,,D,回避：资金观望,-1.4
003005,竞业达,15.15,141.8,1.94,-60.1,-1.66,-20670504,-48133089,-212853686,-7218228,-3542722,13221670,放量,低,游资情绪,观望,资金撤退型,,D,回避：资金撤退,7.4
002928,华夏航空,6.12,-50.2,0.66,2.0,-0.01,-64509,-24245836,-96021389,8066438,6036652,-5680982,缩量,低,情绪退潮,吸筹,资金撤退型,机构吸筹+盈利(关注),C,谨慎：资金流入未验证业绩,24.0
002936,郑州银行,1.71,-42.8,1.2,-19.5,1.15,7521832,56923847,67110280,8693154,11792768,-3459092,缩量,低,情绪退潮,吸筹,均衡流入型,资金+业绩共振(双击候选),B,关注：资金+业绩共振,64.4
003008,开普检测,19.9,-24.3,0.45,-13.8,2.31,2255245,-1101339,2301970,-910000,0,664431,缩量,低,情绪退潮,观望,资金观望型,,D,回避：资金观望,0.8
003009,中天火箭,44.73,-78.7,0.99,-40.0,-3.89,-20801037,-74099851,-10998742,-9274213,-3478687,4821376,缩量,低,情绪退潮,观望,长线吸筹型,,D,回避：资金观望,-1.3
003010,若羽臣,27.83,-56.5,1.03,-29.4,-2.77,-23789856,-13887240,-63749168,-3552834,-2127097,1185699,缩量,低,情绪退潮,观望,资金观望型,,D,回避：资金观望,-0.9
002937,兴瑞科技,26.18,35.5,0.97,34.7,5.01,135985848,70357140,-1789906,-15005474,-14135920,19503206,缩量,中,主力惜售,进场,资金观望型,资金+业绩共振(双击候选),B,关注：资金+业绩共振,85.7
002947,恒铭达,57.95,-42.8,0.41,-40.3,0.24,4430372,80005667,220084883,574693,6885632,-18987083,缩量,低,情绪退潮,进场,均衡流入型,资金+业绩共振(双击候选),B,关注：资金+业绩共振,72.1
003013,地铁设计,16.0,-29.4,4.48,-8.2,-20.75,-138399718,-123916429,-8858041,6369184,603362,2493009,缩量,低,情绪退潮,观望,高位分歧型,,D,回避：资金观望,-6.9
003015,日久光电,12.28,-29.1,0.74,13.4,-5.7,-13204405,-5956058,-14113684,1066255,8112545,3583032,缩量,低,情绪退潮,观望,资金观望型,,D,回避：资金观望,-1.9
003016,欣贺股份,7.46,-32.5,0.72,19.2,-3.38,-6162232,-6836613,-6997113,417245,753000,1232044,缩量,低,情绪退潮,观望,资金撤退型,,D,回避：资金撤退,-1.1
003017,大洋生物,22.81,-34.6,0.45,-5.9,-2.93,-4884673,-4903648,-10760046,-910720,-335455,754885,缩量,低,情绪退潮,观望,资金撤退型,,D,回避：资金撤退,-1.0
003018,金富科技,44.95,-44.6,0.73,-50.1,-8.37,-198436788,-92157402,186566103,-10713948,-5044921,12205217,缩量,低,情绪退潮,观望,高位分歧型,,D,回避：资金观望,-2.8
003019,宸展光电,26.66,-44.2,0.62,-27.8,-2.4,-9840881,-40962098,-56157983,-5075201,-1174105,10978766,缩量,低,情绪退潮,观望,资金撤退型,,D,回避：资金撤退,-0.8
003020,立方制药,16.95,-87.9,8.97,-3.2,1.58,4692446,10822322,-3794937,-244132,0,-1089147,缩量,低,情绪退潮,观望,趋势转多型,,D,回避：资金观望,0.5
003021,兆威机电,69.09,-56.2,0.61,-9.2,1.32,13307071,19198545,5116005,-1295360,-3175614,4436707,缩量,低,情绪退潮,观望,趋势转多型,,D,回避：资金观望,0.4
003022,联泓新科,18.28,-60.9,0.33,28.4,-2.99,-20220203,-17762625,-47386131,-11539893,-12323636,10370608,缩量,低,情绪退潮,观望,资金观望型,,D,回避：资金观望,-1.0
002939,长城证券,7.69,-69.6,0.96,-40.2,-11.49,-55404891,-67741339,-121384036,13033217,16110519,-3083025,缩量,低,情绪退潮,吸筹,资金撤退型,机构吸筹+盈利(关注),C,谨慎：资金流入未验证业绩,20.2
002962,五方光电,14.7,383.1,0.45,152.1,7.97,122544927,128982711,125224697,690711,-2301456,-30812391,放量,中,主力偏强放量,进场,趋势转多型,资金+业绩共振(双击候选),B,关注：资金+业绩共振,90.7
003026,中晶科技,33.32,42.0,0.34,758.6,-1.04,-54124553,41516406,15455070,-61563575,-33040261,109584647,缩量,低,情绪退潮,观望,资金观望型,,D,回避：资金观望,-0.3
002963,豪尔赛,22.63,4.8,1.33,-27.1,5.87,61323422,86501839,234564170,4277984,1594449,-9485530,缩量,中,主力惜售,进场,主力建仓型,纯资金炒作(亏损风险),C,谨慎：纯资金炒作,26.0
003028,振邦智能,23.81,5.9,0.53,9.4,-0.65,-773073,287062,-2772565,466288,0,1486514,缩量,低,情绪退潮,观望,资金观望型,,D,回避：资金观望,-0.2
002971,和远气体,40.82,-6.5,3.44,19.5,0.06,3080898,410081954,337177377,42681310,47982578,-14647386,缩量,低,情绪退潮,吸筹,趋势转多型,资金+业绩共振(双击候选),B,关注：资金+业绩共振,64.0
002988,豪美新材,31.08,13.5,0.51,-47.9,2.06,11345609,41326535,131419992,982950,2450061,-2090392,缩量,低,情绪退潮,吸筹,主力建仓型,资金+业绩共振(双击候选),B,关注：资金+业绩共振,64.7
003031,中瓷电子,118.57,-38.9,0.69,32.4,-5.1,-293201006,-207593480,-444008954,41469823,11319083,-56893017,缩量,低,情绪退潮,观望,资金观望型,,D,回避：资金观望,-1.7
003032,传智教育,8.68,-52.6,11.1,-35.2,2.04,52553942,30171892,-205078632,-27533929,-11336106,32291198,缩量,低,情绪退潮,观望,资金观望型,,D,回避：资金观望,0.7
003033,征和工业,86.59,14.3,2.0,89.7,-4.9,-65766155,-32636439,-33621310,-4013533,-4021414,-617639,缩量,低,情绪退潮,观望,资金观望型,,D,回避：资金观望,-1.6
003035,南网能源,5.26,-55.0,0.3,-28.1,-3.66,-25943292,-102983576,-40410173,1702366,2656559,-3639704,缩量,低,情绪退潮,观望,资金观望型,,D,回避：资金观望,-1.2
003036,泰坦股份,46.46,43.8,0.74,16.7,2.3,82818703,107733395,178237189,-116894419,-95287374,93698456,缩量,低,情绪退潮,观望,均衡流入型,,D,回避：资金观望,0.8
002989,中天精装,23.6,-5.7,0.59,114.3,6.55,118922688,134793475,138404115,4315798,4051359,-4502005,缩量,中,主力惜售,进场,均衡流入型,纯资金炒作(亏损风险),C,谨慎：纯资金炒作,26.2
003038,鑫铂股份,10.78,-44.8,0.58,-20.4,-0.7,-1015253,4709404,7910339,-452991,0,1117306,缩量,低,情绪退潮,观望,资金观望型,,D,回避：资金观望,-0.2
003039,顺控发展,12.49,1.1,0.62,-64.4,-3.67,-11664224,-71892858,-811132,-1640682,-863672,1870936,缩量,低,情绪退潮,观望,长线吸筹型,,D,回避：资金观望,-1.2
003040,楚天龙,14.2,125.3,2.12,-47.0,-6.17,-305510824,-444773461,-161726867,-3200006,4736474,11937581,放量,低,游资情绪,观望,资金观望型,,D,回避：资金观望,5.9
002983,芯瑞达,21.92,-52.6,0.86,-11.6,-1.09,-2256332,-411853,12989812,-676006,534804,-275827,缩量,低,情绪退潮,吸筹,高位分歧型,机构吸筹+盈利(关注),C,谨慎：资金流入未验证业绩,23.6
003042,中农联合,14.27,83.8,0.47,-38.7,0.8,3236435,-3029737,-15556053,-2867250,-137962,1978104,放量,低,游资情绪,观望,资金观望型,,D,回避：资金观望,8.3
003043,华亚智能,59.42,-63.4,2.62,-34.9,-4.89,-58765104,-2093938,-214965965,-7737533,-4453235,5379384,缩量,低,情绪退潮,观望,资金观望型,,D,回避：资金观望,-1.6
002990,盛视科技,54.1,4.9,0.66,103.4,8.17,336336348,373830385,400710639,24813761,2309544,8696880,缩量,中,主力惜售,进场,均衡流入型,资金+业绩共振(双击候选),B,关注：资金+业绩共振,86.7
002996,顺博合金,5.92,-50.8,0.45,-42.6,-1.69,-2163325,-3484097,-3248887,1187455,1722460,-228204,缩量,低,情绪退潮,吸筹,资金观望型,机构吸筹+盈利(关注),C,谨慎：资金流入未验证业绩,23.4
003000,劲仔食品,9.38,-54.1,1.07,-41.9,7.19,10469960,675068,-12899155,-4700478,-1297963,3628155,缩量,中,主力惜售,进场,资金观望型,资金+业绩共振(双击候选),B,关注：资金+业绩共振,86.4
003006,百亚股份,21.71,1063.8,0.8,225.3,23.72,1261636751,2267520044,2602181087,271518991,94967281,-110280759,放量,高,主力主导放量🔥(最强),进场,主力强攻型,资金+业绩共振(双击候选),A,金股候选：资金强攻+业绩共振,97
003001,中岩大地,20.42,55.3,3.13,635.0,-0.71,-14045033,136589697,115948191,42577838,46749402,-31427180,放量,低,游资情绪,抢筹,资金观望型,机构吸筹+盈利(关注),C,谨慎：资金流入未验证业绩,47.8
003011,海象新材,20.08,-30.2,0.58,25.3,0.81,2824856,574141,-26506663,469715,0,-184389,缩量,低,情绪退潮,进场,资金观望型,资金+业绩共振(双击候选),B,关注：资金+业绩共振,72.3
003007,直真科技,40.55,-40.4,0.26,-14.2,1.85,6147399,-497652,-22623798,-49500,2445045,-222855,缩量,低,情绪退潮,吸筹,资金观望型,资金+业绩共振(双击候选),B,关注：资金+业绩共振,64.6
600007,中国国贸,20.35,6.5,0.68,14.4,-0.9,-1800501,2119617,19231135,4673904,3105914,-4755685,缩量,低,情绪退潮,观望,长线吸筹型,,D,回避：资金观望,-0.3
003025,思进智能,12.24,-41.3,0.82,-10.0,1.2,2100219,2900445,-7183106,6358220,7628502,-7340785,缩量,低,情绪退潮,吸筹,趋势转多型,资金+业绩共振(双击候选),B,关注：资金+业绩共振,64.4
600009,上海机场,22.38,-65.9,1.04,-22.0,-4.73,-28418567,-132962213,-167890857,-4166358,-5407873,-3305589,缩量,低,情绪退潮,观望,资金撤退型,,D,回避：资金撤退,-1.6
003023,彩虹集团,25.19,-58.4,0.67,-52.2,4.79,10586271,9196433,45132064,867520,2200893,-702232,缩量,低,情绪退潮,吸筹,资金观望型,资金+业绩共振(双击候选),B,关注：资金+业绩共振,65.6
600011,华能国际,6.95,-33.0,0.92,-10.2,2.13,49952206,-64515488,-155499959,-71793101,-35399277,109511812,缩量,低,情绪退潮,观望,资金观望型,,D,回避：资金观望,0.7
600012,皖通高速,15.47,-60.3,1.97,-41.5,-0.33,-878296,-3697331,21914960,2378746,-768500,-4084619,缩量,低,情绪退潮,观望,长线吸筹型,,D,回避：资金观望,-0.1
600015,华夏银行,6.21,-47.1,0.64,-47.1,-1.85,-28941461,-156942709,-332535930,3605490,12727677,2551088,缩量,低,情绪退潮,观望,资金撤退型,,D,回避：资金撤退,-0.6
600016,民生银行,3.47,-21.4,1.6,-22.4,-2.68,-90220559,-334328803,-187904671,-23682223,3615141,40839787,缩量,低,情绪退潮,观望,资金观望型,,D,回避：资金观望,-0.9
600017,日照港,2.81,-18.5,1.01,-23.5,2.35,8597974,14402574,26083463,-7361510,-9174240,4300777,缩量,低,情绪退潮,观望,均衡流入型,,D,回避：资金观望,0.8
600018,上港集团,5.43,-10.5,0.97,-36.2,-0.39,-4366517,67443414,-71947010,-13111766,-1374415,3276274,缩量,低,情绪退潮,观望,资金观望型,,D,回避：资金观望,-0.1
003012,东鹏控股,4.63,-0.3,0.43,-13.6,3.43,6901728,10508999,6653050,3168425,907982,-758046,缩量,低,情绪退潮,吸筹,趋势转多型,资金+业绩共振(双击候选),B,关注：资金+业绩共振,65.1
003027,同兴科技,16.83,4.1,0.14,-10.6,1.19,1398166,314825,-818554,1599095,-57152,-2649408,缩量,低,情绪退潮,进场,资金观望型,资金+业绩共振(双击候选),B,关注：资金+业绩共振,72.4
600021,上海电力,12.78,-83.4,1.05,-32.5,-11.76,-131023171,-274490834,-268624528,-2823826,-1795046,10281930,缩量,低,情绪退潮,观望,资金观望型,,D,回避：资金观望,-3.9
003029,吉大正元,17.98,48.8,1.42,16.0,-10.94,-73745073,-63502256,-13677811,1492289,2176691,-673484,缩量,低,情绪退潮,吸筹,长线吸筹型,纯资金炒作(亏损风险),C,谨慎：纯资金炒作,0.4
003030,祖名股份,25.83,-36.3,1.54,-22.8,-2.35,-10348046,-8635824,-1529400,2492788,6499510,-3102564,缩量,低,情绪退潮,吸筹,资金观望型,机构吸筹+盈利(关注),C,谨慎：资金流入未验证业绩,23.2
600026,中远海能,20.27,42.9,0.53,4.7,-4.07,-294585719,-304467616,544944257,-159373798,-103187121,243964290,缩量,低,情绪退潮,观望,长线吸筹型,,D,回避：资金观望,-1.4
600027,华电国际,4.86,-11.1,0.57,-28.9,-2.01,-30015440,-112539288,-232949399,-8354783,-10374364,17610705,缩量,低,情绪退潮,观望,资金撤退型,,D,回避：资金撤退,-0.7
600028,中国石化,5.28,-18.1,0.59,-11.4,3.0,172664808,119454375,122148220,-117276958,24822145,113087048,缩量,低,情绪退潮,观望,资金观望型,,D,回避：资金观望,1.0
003037,三和管桩,5.86,-51.6,0.89,-40.7,4.77,4563473,37611,-2639523,1342032,0,-914782,缩量,低,情绪退潮,进场,资金观望型,资金+业绩共振(双击候选),B,关注：资金+业绩共振,73.6
600030,中信证券,25.82,-54.3,0.89,-33.0,-5.22,-480838649,-1518285723,-2080979666,-78456460,-127999484,37063305,缩量,低,情绪退潮,观望,资金撤退型,,D,回避：资金撤退,-1.7
600031,三一重工,17.06,-44.5,0.68,40.7,-3.34,-174748975,-480726150,-824015143,-69511665,-33900533,29514566,缩量,低,情绪退潮,观望,资金撤退型,,D,回避：资金撤退,-1.1
003041,真爱美家,39.18,-28.7,0.22,114.0,5.5,32321025,88184886,96119187,1581340,376888,209242,缩量,中,主力惜售,进场,主力强攻型,资金+业绩共振(双击候选),B,关注：资金+业绩共振,85.8
600033,福建高速,3.62,27.4,1.07,27.3,4.98,34873572,68069438,97108177,-1873424,-449492,7004296,缩量,低,情绪退潮,观望,主力建仓型,,D,回避：资金观望,1.7
003816,中国广核,4.21,-10.3,0.58,-28.2,4.15,76943761,89745134,-153395245,39606299,36403794,-22746879,缩量,低,情绪退潮,吸筹,趋势转多型,资金+业绩共振(双击候选),B,关注：资金+业绩共振,65.4
600036,招商银行,40.51,-49.0,0.69,-30.9,-2.2,-210740416,-1065720937,-1142350086,-76322120,25273912,123589371,缩量,低,情绪退潮,观望,资金撤退型,,D,回避：资金撤退,-0.7
600004,白云机场,7.61,-51.9,0.6,-36.2,5.4,13225278,15017057,-32753111,4006285,1718344,-4952187,缩量,中,主力惜售,进场,趋势转多型,资金+业绩共振(双击候选),B,关注：资金+业绩共振,85.8
600038,中直股份,26.6,-48.9,0.58,-43.1,-1.06,-4636603,-12296544,-88312840,1863226,-2732312,172238,缩量,低,情绪退潮,观望,资金撤退型,,D,回避：资金撤退,-0.4
600000,浦发银行,9.18,4.6,0.99,-7.0,3.09,100133436,-52326422,-204864362,23523809,53071524,28147631,缩量,低,情绪退潮,进场,资金观望型,资金+业绩共振(双击候选),B,关注：资金+业绩共振,73.0
600048,保利发展,5.84,221.2,0.75,45.9,-3.8,-307994669,1630941,-314852221,-18869717,-42651087,-135703081,放量,低,游资情绪,观望,资金观望型,,D,回避：资金观望,6.7
600051,宁波联合,6.39,4.7,0.42,-14.9,1.73,2203387,7493397,8564736,-1573900,-505600,3545207,缩量,低,情绪退潮,观望,均衡流入型,,D,回避：资金观望,0.6
600008,首创环保,2.71,-41.4,0.9,-23.4,-3.67,-26303240,-44979205,-66263603,1708846,1209956,-104041,缩量,低,情绪退潮,吸筹,资金撤退型,机构吸筹+盈利(关注),C,谨慎：资金流入未验证业绩,22.8
600055,万东医疗,10.42,-57.9,0.74,-0.1,-3.18,-8228597,-4634234,-15873043,-581566,-1167200,419617,缩量,低,情绪退潮,观望,资金观望型,,D,回避：资金观望,-1.1
600056,中国医药,8.78,-67.2,1.42,-19.4,-2.43,-8253002,-14616610,-31987453,-7924206,-3767034,6100835,缩量,低,情绪退潮,观望,资金撤退型,,D,回避：资金撤退,-0.8
600057,厦门象屿,6.0,-44.0,0.42,-38.3,3.02,12771701,18651774,74506591,-1583533,-2684099,1312976,缩量,低,情绪退潮,观望,均衡流入型,,D,回避：资金观望,1.0
600058,五矿发展,8.56,-46.3,0.87,39.7,4.84,23575698,32644646,16381802,-531636,-3218573,-2757091,缩量,低,情绪退潮,观望,趋势转多型,,D,回避：资金观望,1.6
600059,古越龙山,11.15,1283.3,0.9,179.6,4.31,275381894,451491315,688617839,-31068208,-30314480,15580761,放量,低,游资情绪,观望,主力建仓型,,D,回避：资金观望,9.4
600060,海信视像,27.23,-58.3,0.86,-17.3,-6.78,-62595775,-123618223,-197935870,-1912605,-2683927,4714660,缩量,低,情绪退潮,观望,资金撤退型,,D,回避：资金撤退,-2.3
600061,国投资本,6.15,-37.7,0.63,-28.4,-6.36,-51264732,-64975948,-108151600,-10058831,-7481080,11055093,缩量,低,情绪退潮,观望,资金撤退型,,D,回避：资金撤退,-2.1
600062,华润双鹤,15.92,-67.4,1.72,0.5,-3.06,-11620805,-8678236,-29395162,-122536,-1904947,-6279884,缩量,低,情绪退潮,观望,资金观望型,,D,回避：资金观望,-1.0
600006,东风股份,5.58,263.1,0.57,155.1,5.6,73572189,93049315,68348576,-502779,5023379,-9544199,放量,中,主力偏强放量,进场,短线抢筹型,纯资金炒作(亏损风险),C,谨慎：纯资金炒作,29.9
600064,南京高科,7.75,5.7,0.79,-14.4,4.95,26043639,47131281,88863514,-5419590,2257906,10322706,缩量,低,情绪退潮,观望,主力建仓型,,D,回避：资金观望,1.7
600010,包钢股份,2.08,-49.2,0.36,-15.5,-5.06,-142030286,-238756051,-620573378,47475976,50416012,-24818406,缩量,低,情绪退潮,吸筹,资金撤退型,机构吸筹+盈利(关注),C,谨慎：资金流入未验证业绩,22.3
600067,冠城新材,2.62,60.9,0.38,33.9,-11.33,-44247160,-59976260,-106894551,-23403598,-18335217,22115303,放量,低,游资情绪,观望,资金撤退型,,D,回避：资金撤退,4.2
600019,宝钢股份,5.85,-1.4,0.83,-17.0,1.44,34118265,90665391,1988012,26386445,59212128,-23675984,缩量,低,情绪退潮,吸筹,趋势转多型,资金+业绩共振(双击候选),B,关注：资金+业绩共振,64.5
600071,凤凰光学,16.24,-47.4,0.41,-27.6,-1.74,-2604544,-5363411,-11780142,-269552,-66379,1982875,缩量,低,情绪退潮,观望,资金撤退型,,D,回避：资金撤退,-0.6
600072,中船科技,8.82,-46.8,0.29,-34.5,-1.24,-7934921,-76112141,-62620905,-870876,2202465,3311325,缩量,低,情绪退潮,观望,资金观望型,,D,回避：资金观望,-0.4
600020,中原高速,3.83,-49.7,0.59,-12.1,2.61,5727018,35595924,31972200,620591,-896539,820675,缩量,低,情绪退潮,进场,趋势转多型,资金+业绩共振(双击候选),B,关注：资金+业绩共振,72.9
600023,浙能电力,5.18,-19.1,0.59,-7.8,2.68,30462863,27085544,183141630,10066074,3455791,10422864,缩量,低,情绪退潮,进场,资金观望型,资金+业绩共振(双击候选),B,关注：资金+业绩共振,72.9
600076,康欣新材,2.14,-34.3,0.73,-6.8,-3.89,-15062440,-81119976,-179850032,1377736,3750224,2110301,缩量,低,情绪退潮,观望,资金撤退型,,D,回避：资金撤退,-1.3
600078,澄星股份,9.78,-72.2,0.35,-59.9,-3.49,-15022102,-63709355,-175976312,-1011161,2784820,6777105,缩量,低,情绪退潮,观望,资金撤退型,,D,回避：资金撤退,-1.2
600025,华能水电,9.78,-17.8,1.13,-19.4,7.68,110309298,85817805,114596729,-16153887,-11395909,11285032,缩量,中,主力惜售,进场,资金观望型,资金+业绩共振(双击候选),B,关注：资金+业绩共振,86.6
600022,山东钢铁,1.3,-15.9,0.93,5.1,2.21,14719132,39352003,39578219,4753079,2969685,1431052,缩量,低,情绪退潮,进场,主力建仓型,资金+业绩共振(双击候选),B,关注：资金+业绩共振,72.7
600088,中视传媒,13.34,356.5,0.48,162.1,-3.64,-66013802,30883660,156696569,6445769,3568846,4811746,放量,低,游资情绪,观望,高位分歧型,,D,回避：资金观望,6.8
600089,特变电工,17.15,-75.0,0.53,-21.7,-13.26,-507775536,-927490218,-1423139726,-77819121,-81333719,77658631,缩量,低,情绪退潮,观望,资金撤退型,,D,回避：资金撤退,-4.4
600094,大名城,4.13,17.8,0.81,44.7,-4.37,-27865556,-38702468,8660177,-23918582,-8452393,22597588,缩量,低,情绪退潮,观望,长线吸筹型,,D,回避：资金观望,-1.5
600095,湘财股份,8.86,7.9,2.13,-44.8,-4.05,-83019981,-55738615,-113890443,47671864,11774715,-48345812,缩量,低,情绪退潮,观望,资金观望型,,D,回避：资金观望,-1.3
600096,云天化,27.32,-72.8,0.4,-59.5,-11.77,-227144013,-406889999,-829447068,11617655,16356766,203723,缩量,低,情绪退潮,观望,资金撤退型,,D,回避：资金撤退,-3.9
600097,开创国际,9.29,-25.7,0.55,-59.8,-1.25,-1645525,-3997644,-17499439,-462222,-61640,-1094743,缩量,低,情绪退潮,观望,资金撤退型,,D,回避：资金撤退,-0.4
600098,广州发展,6.2,-53.6,0.58,-31.5,-1.28,-5652230,-21526379,-15202159,-2445255,-4265739,-4396176,缩量,低,情绪退潮,观望,资金观望型,,D,回避：资金观望,-0.4
600099,林海股份,9.41,11.3,0.36,-15.4,0.5,696715,1362718,-3913008,-10716,199961,-770996,缩量,低,情绪退潮,观望,趋势转多型,,D,回避：资金观望,0.2
600100,同方股份,6.51,-54.8,0.36,-9.0,-6.04,-40708656,-38928639,-94181685,-1063607,-1205729,4816598,缩量,低,情绪退潮,观望,资金观望型,,D,回避：资金观望,-2.0
600101,明星电力,7.78,-70.7,0.62,-21.9,-10.09,-31667568,-31760609,-45578668,1405999,2811570,431214,缩量,低,情绪退潮,观望,资金撤退型,,D,回避：资金撤退,-3.4
600029,南方航空,4.84,-69.5,0.46,-22.4,-4.4,-43430937,-54443299,-123156449,14637403,19302420,-6326162,缩量,低,情绪退潮,吸筹,资金撤退型,,C,谨慎：资金流入未验证业绩,22.5
600103,青山纸业,3.41,29.8,0.22,-55.0,-2.96,-73638255,79667639,280954041,-11865987,-18898592,8050403,缩量,低,情绪退潮,观望,高位分歧型,,D,回避：资金观望,-1.0
600035,楚天高速,3.68,-7.4,1.13,-32.9,2.77,5457639,19567419,-15169858,-1668935,918068,-489447,缩量,低,情绪退潮,吸筹,趋势转多型,资金+业绩共振(双击候选),B,关注：资金+业绩共振,64.9
600105,永鼎股份,37.0,-32.1,0.76,18.1,-11.09,-2325842739,-1942154586,-1425825829,-161684935,-65064559,184780735,缩量,低,情绪退潮,观望,资金观望型,,D,回避：资金观望,-3.7
600032,浙江新能,8.17,64.1,0.41,27.3,9.05,114094984,41212211,99824341,87758253,106474856,-40824115,放量,中,主力偏强放量,抢筹,资金观望型,资金+业绩共振(双击候选),B,关注：资金+业绩共振,99.0
600108,亚盛集团,3.87,90.0,0.75,-32.8,-6.09,-217250070,-444035164,-748885139,-8477504,-562342,31221800,放量,低,游资情绪,观望,资金撤退型,,D,回避：资金撤退,6.0
600109,国金证券,8.08,-58.8,0.65,-34.3,-5.51,-40864063,-84314754,-129624279,-2341787,-2779578,5489188,缩量,低,情绪退潮,观望,资金撤退型,,D,回避：资金撤退,-1.8
600110,诺德股份,11.18,-34.8,0.72,16.6,-7.23,-609753899,-55371174,-344949736,-6245015,13460877,6076619,缩量,低,情绪退潮,观望,资金观望型,,D,回避：资金观望,-2.4
600111,北方稀土,35.41,-76.1,0.27,9.4,-5.84,-312242329,-700603098,-1928697382,-58784468,-29827034,75264782,缩量,低,情绪退潮,观望,资金撤退型,,D,回避：资金撤退,-1.9
600113,浙江东日,27.86,-74.8,0.68,-54.2,-1.52,-7119489,-19585216,10434687,-1362220,-3150554,-1428124,缩量,低,情绪退潮,观望,资金观望型,,D,回避：资金观望,-0.5
600050,中国联通,4.17,-36.9,0.89,-13.8,-8.08,-166235229,-126610440,-98792953,44453722,47634717,-1582948,缩量,低,情绪退潮,吸筹,资金观望型,机构吸筹+盈利(关注),C,谨慎：资金流入未验证业绩,21.3
600039,四川路桥,8.69,-7.8,0.37,-41.7,4.41,31438085,21853510,-181275845,9577085,5961523,-33588545,缩量,低,情绪退潮,进场,资金观望型,资金+业绩共振(双击候选),B,关注：资金+业绩共振,73.5
600116,三峡水利,6.08,-62.4,0.88,-17.1,-2.85,-8609355,-21238845,-18043954,-6933483,-3788095,45496,缩量,低,情绪退潮,观望,资金观望型,,D,回避：资金观望,-1.0
600037,歌华有线,7.06,-17.7,0.56,-21.0,0.4,2137159,22119999,50300354,3963284,1751126,-3098446,缩量,低,情绪退潮,进场,均衡流入型,资金+业绩共振(双击候选),B,关注：资金+业绩共振,72.1
600118,中国卫星,55.27,-78.4,0.46,8.6,-3.51,-195535876,-325433162,-715936211,-85251530,-68570814,125496945,缩量,低,情绪退潮,观望,资金撤退型,,D,回避：资金撤退,-1.2
600120,浙江东方,4.63,-66.1,1.12,-43.1,-9.5,-49079088,-29213111,-56829526,-5299624,-3637097,785865,缩量,低,情绪退潮,观望,资金观望型,,D,回避：资金观望,-3.2
600052,东望时代,3.8,-3.2,0.17,25.6,0.31,644541,16714153,-10872908,3019663,1786232,1025106,缩量,低,情绪退潮,进场,趋势转多型,纯资金炒作(亏损风险),C,谨慎：纯资金炒作,12.1
600123,兰花科创,6.81,-37.1,0.64,-36.0,3.62,21853114,68908436,116421897,-2140739,-5078356,-11556446,缩量,低,情绪退潮,观望,主力建仓型,,D,回避：资金观望,1.2
600125,铁龙物流,5.22,-46.2,0.51,-32.5,-5.83,-10072372,6728606,-31517338,250478,-185116,250028,缩量,低,情绪退潮,观望,资金观望型,,D,回避：资金观望,-1.9
600054,黄山旅游,10.53,-49.3,0.53,-58.3,-7.96,-18657754,-33033744,-44203563,2796493,2677845,-792749,缩量,低,情绪退潮,吸筹,资金撤退型,机构吸筹+盈利(关注),C,谨慎：资金流入未验证业绩,21.3
600127,金健米业,13.36,1534.3,0.9,-9.5,-0.34,-49038241,800402587,206567513,-166163220,-138174949,115776538,放量,低,游资情绪,观望,资金观望型,,D,回避：资金观望,7.9
600128,苏豪弘业,8.64,-12.2,0.55,-32.0,0.72,937261,3692972,4338274,-4152655,-2936201,1904773,缩量,低,情绪退潮,观望,均衡流入型,,D,回避：资金观望,0.2
600129,太极集团,13.19,-85.7,6.73,-15.2,0.27,1507626,-24288779,-89690445,-4363129,-2903782,1573539,缩量,低,情绪退潮,观望,资金观望型,,D,回避：资金观望,0.1
600130,波导股份,4.59,-39.1,0.4,-31.9,1.29,6440721,-29867755,-555272,-6461450,-3964683,7986178,缩量,低,情绪退潮,观望,长线吸筹型,,D,回避：资金观望,0.4
600131,国网信通,13.99,-59.3,0.59,-27.5,-3.48,-11919042,-21991510,-27847413,-3100968,243967,6887376,缩量,低,情绪退潮,观望,资金撤退型,,D,回避：资金撤退,-1.2
600132,重庆啤酒,37.26,-63.4,0.61,-19.0,0.79,3518805,-5545898,-29729297,-7429817,-2680757,12294368,缩量,低,情绪退潮,观望,资金观望型,,D,回避：资金观望,0.3
600133,东湖高新,7.79,-58.1,0.6,-28.9,-11.36,-39266866,-53718352,-104467289,1410146,-47560,2381722,缩量,低,情绪退潮,观望,资金撤退型,,D,回避：资金撤退,-3.8
600135,乐凯胶片,7.54,-6.4,0.15,147.9,-0.55,-1946382,45108059,39124774,-2192873,63410,3021661,缩量,低,情绪退潮,观望,资金观望型,,D,回避：资金观望,-0.2
600137,浪莎股份,18.26,-17.1,0.27,2.2,0.64,770507,-73007,-1169621,-220925,-637972,557258,缩量,低,情绪退潮,观望,资金观望型,,D,回避：资金观望,0.2
600138,中青旅,6.94,-59.0,0.82,-55.6,-5.19,-10403124,-14103786,-19600664,-621425,815473,493154,缩量,低,情绪退潮,观望,资金撤退型,,D,回避：资金撤退,-1.7
600141,兴发集团,26.5,-56.5,1.01,-47.8,-8.74,-218732284,-262573494,-337877558,-14623544,-1567319,37258529,缩量,低,情绪退潮,观望,资金撤退型,,D,回避：资金撤退,-2.9
600143,金发科技,12.74,-70.2,0.6,4.8,-0.16,-2098480,-93926922,-346996244,-12686204,-16452130,27454936,缩量,低,情绪退潮,观望,资金撤退型,,D,回避：资金撤退,-0.1
600148,长春一东,15.92,14.2,0.44,-45.8,-0.26,-325393,2786742,8893728,-4021170,-1808792,2230210,缩量,低,情绪退潮,观望,资金观望型,,D,回避：资金观望,-0.1
600149,廊坊发展,5.14,-2.8,0.28,-13.4,0.38,676873,754612,16388566,-4304794,-6151000,5728983,缩量,低,情绪退潮,观望,长线吸筹型,,D,回避：资金观望,0.1
600063,皖维高新,5.35,-74.0,1.2,18.8,0.04,338648,-54479525,-136579056,2593784,1886351,-4298437,缩量,低,情绪退潮,进场,资金观望型,资金+业绩共振(双击候选),B,关注：资金+业绩共振,72.0
600151,航天机电,9.14,-71.0,0.41,-21.7,-3.63,-26677479,-63055503,-107510083,-11268691,-8864698,15509333,缩量,低,情绪退潮,观望,资金撤退型,,D,回避：资金撤退,-1.2
600066,宇通客车,26.34,-35.5,0.97,6.8,1.09,35171504,-7097145,-197847439,12523998,18979551,2132133,缩量,低,情绪退潮,进场,资金观望型,资金+业绩共振(双击候选),B,关注：资金+业绩共振,72.4
600155,华创云信,5.92,-39.1,1.08,-21.7,-7.43,-55851541,-21965791,-54955164,-2862375,150292,6744292,缩量,低,情绪退潮,观望,资金观望型,,D,回避：资金观望,-2.5
600073,光明肉业,5.48,-35.1,1.26,-41.4,5.09,10741544,12376055,-4781608,809396,522221,-1102789,缩量,中,主力惜售,进场,趋势转多型,纯资金炒作(亏损风险),C,谨慎：纯资金炒作,25.7
600157,永泰能源,1.45,-23.9,0.41,-21.4,-8.21,-204932262,-269413623,-337748611,13492430,18121212,11115405,缩量,低,情绪退潮,观望,资金撤退型,,D,回避：资金撤退,-2.7
600158,中体产业,6.98,-65.9,0.19,-41.4,-5.57,-31169725,-71474652,-120446400,-10129455,-6165636,6422212,缩量,低,情绪退潮,观望,资金撤退型,,D,回避：资金撤退,-1.9
600159,大龙地产,2.83,47.2,0.41,-44.9,0.18,438551,3389496,24503502,-1096093,873671,2989645,缩量,低,情绪退潮,观望,长线吸筹型,,D,回避：资金观望,0.1
600160,巨化股份,33.1,-51.8,1.45,6.5,-8.73,-414857186,-930339523,-1560927874,-101462277,-117572755,131674177,缩量,低,情绪退潮,观望,资金撤退型,,D,回避：资金撤退,-2.9
600161,天坛生物,12.12,-55.3,1.54,-13.4,-0.26,-1428986,-2993165,-54110456,-3645658,1051947,1638671,缩量,低,情绪退潮,观望,资金撤退型,,D,回避：资金撤退,-0.1
600075,新疆天业,4.52,-44.2,0.48,-58.1,2.62,7056289,-32127301,929528,10119222,8496648,-10425180,缩量,低,情绪退潮,进场,资金观望型,纯资金炒作(亏损风险),C,谨慎：纯资金炒作,12.9
600163,中闽能源,5.55,250.1,0.46,274.8,-7.97,-168689055,360443078,369211197,13319107,4268727,-31336805,放量,低,游资情绪,观望,资金观望型,,D,回避：资金观望,5.3
600165,宁科生物,3.25,270.0,0.77,22.8,-0.08,-239795,-5841051,-28701961,-6441840,-4011108,-1896344,放量,低,游资情绪,观望,资金撤退型,,D,回避：资金撤退,8.0
600166,福田汽车,2.76,-55.4,0.45,-20.9,-0.9,-8215487,-75972059,-124417588,4301468,-2181714,-1520659,缩量,低,情绪退潮,观望,资金撤退型,,D,回避：资金撤退,-0.3
600167,联美控股,5.52,-56.3,0.67,-41.9,-0.82,-1114725,-11412038,7729169,1023727,268632,-780563,缩量,低,情绪退潮,观望,长线吸筹型,,D,回避：资金观望,-0.3
600168,武汉控股,4.38,-35.6,0.58,-19.3,-3.23,-3054687,-4257216,-15379193,-1338786,-525044,3119837,缩量,低,情绪退潮,观望,资金撤退型,,D,回避：资金撤退,-1.1
600081,东风科技,10.81,101.4,0.22,43.2,3.75,9757267,6505337,-7558405,268391,-1486347,1732368,放量,低,游资情绪,进场,资金观望型,资金+业绩共振(双击候选),B,关注：资金+业绩共振,81.2
600171,上海贝岭,22.14,-72.5,0.8,21.2,-4.47,-40657807,-38576863,-101939553,-2223348,-2327987,-2435177,缩量,低,情绪退潮,观望,资金观望型,,D,回避：资金观望,-1.5
600172,黄河旋风,14.9,25.2,2.63,-20.6,-1.74,-294230741,242904859,-181197876,-217493713,-147762521,298057273,缩量,低,情绪退潮,观望,资金观望型,,D,回避：资金观望,-0.6
600173,卧龙新能,5.93,-26.3,0.64,-10.7,-3.08,-4031749,-5164449,-15609334,-526741,11371,2055588,缩量,低,情绪退潮,观望,资金撤退型,,D,回避：资金撤退,-1.0
600176,中国巨石,39.69,-57.3,1.98,19.4,-7.65,-3020904951,-4762561025,-5242829193,-99384417,-46201574,92968088,缩量,低,情绪退潮,观望,资金撤退型,,D,回避：资金撤退,-2.6
600177,雅戈尔,8.33,-31.2,0.87,-25.6,3.85,30241271,41251559,-39084226,-932546,-2023799,-357325,缩量,低,情绪退潮,观望,趋势转多型,,D,回避：资金观望,1.3
600178,东安动力,9.92,64.0,1.84,-9.4,4.04,22937521,8227556,-11984389,-8648358,-5447893,1490154,放量,低,游资情绪,观望,资金观望型,,D,回避：资金观望,9.3
600179,安通控股,4.35,-56.5,1.43,-26.4,-4.2,-21728267,-43641304,-82370715,-1646574,-3032475,-1871070,缩量,低,情绪退潮,观望,资金撤退型,,D,回避：资金撤退,-1.4
600182,S佳通,12.52,-32.8,0.5,-12.4,-13.26,-10468096,-6569761,-32708870,1679129,707122,-2860138,缩量,低,情绪退潮,观望,资金观望型,,D,回避：资金观望,-4.4
600183,生益科技,132.98,-50.0,2.27,-9.7,-7.68,-2441287062,-3712945187,-3346480661,169855876,90590698,14535040,缩量,低,情绪退潮,观望,资金观望型,,D,回避：资金观望,-2.6
600184,光电股份,18.12,-38.3,0.37,72.6,-7.3,-162566929,-122093980,134477324,3055884,1403063,-6437812,缩量,低,情绪退潮,观望,长线吸筹型,,D,回避：资金观望,-2.4
600085,同仁堂,23.3,-82.9,1.96,-28.5,0.4,1508092,-10106788,-79201143,1967083,521270,-4129222,缩量,低,情绪退潮,进场,资金观望型,资金+业绩共振(双击候选),B,关注：资金+业绩共振,72.1
600186,莲花控股,11.57,-3.7,0.56,-4.0,-0.83,-134492739,98865749,-244322034,-52634414,-63782592,67925113,缩量,低,情绪退潮,观望,资金观望型,,D,回避：资金观望,-0.3
600188,XD兖矿能,19.26,-61.5,0.85,-40.5,0.63,16617392,-207452261,-432981913,-27164150,-19899398,22693942,缩量,低,情绪退潮,观望,资金观望型,,D,回避：资金观望,0.2
600191,华资实业,8.74,-56.0,0.76,-48.4,-11.68,-40096680,-53039791,-71079958,-7847041,-1335144,6728793,缩量,低,情绪退潮,观望,资金撤退型,,D,回避：资金撤退,-3.9
600192,长城电工,7.25,-28.7,1.69,-19.6,-2.54,-13970411,-36604389,36987619,2013498,391590,-847519,缩量,低,情绪退潮,观望,长线吸筹型,,D,回避：资金观望,-0.8
600195,中牧股份,6.64,-38.5,0.57,-36.8,0.65,1222763,-1068086,-31226277,-1195589,549290,-2529850,缩量,低,情绪退潮,观望,资金观望型,,D,回避：资金观望,0.2
600196,复星医药,23.39,-8.2,1.28,30.0,-2.88,-79707487,-91081868,-355133883,8537846,20188035,9543471,缩量,低,情绪退潮,观望,资金撤退型,,D,回避：资金撤退,-1.0
600197,伊力特,9.18,-78.0,1.47,-33.3,-1.08,-2343226,1049722,-29922250,742628,-636867,-1177244,缩量,低,情绪退潮,观望,资金观望型,,D,回避：资金观望,-0.4
600198,大唐电信,7.27,-66.3,0.66,-35.6,-7.1,-35450360,-88994961,-70972447,-2428755,-1673901,8686524,缩量,低,情绪退潮,观望,资金观望型,,D,回避：资金观望,-2.4
600199,金种子酒,6.89,-65.3,4.79,-33.6,-0.13,-1036287,-16448069,-20812752,2281628,80557,867155,缩量,低,情绪退潮,观望,资金撤退型,,D,回避：资金撤退,-0.0
600201,生物股份,11.43,-59.5,0.59,-14.5,-0.25,-1406166,-32044228,-58510309,6483357,3233827,-19047346,缩量,低,情绪退潮,观望,资金撤退型,,D,回避：资金撤退,-0.1
600202,哈空调,5.24,-8.9,0.46,1.5,3.67,4859656,3483830,-981234,-1045491,0,2779088,缩量,低,情绪退潮,观望,资金观望型,,D,回避：资金观望,1.2
600203,福日电子,9.89,-65.1,0.92,-56.6,-3.22,-21526526,-25458023,-247126987,3036759,4316858,6678751,缩量,低,情绪退潮,观望,资金撤退型,,D,回避：资金撤退,-1.1
600104,上汽集团,10.71,-39.3,1.03,-36.9,7.6,141763690,-116669867,835675688,17087031,20424372,3588182,缩量,中,主力惜售,进场,资金观望型,资金+业绩共振(双击候选),B,关注：资金+业绩共振,86.5
600206,有研新材,49.7,-18.7,1.97,38.5,-1.39,-279713246,-241748136,-665701868,-278335111,-158480044,298382692,缩量,低,情绪退潮,观望,资金观望型,,D,回避：资金观望,-0.5
600106,重庆路桥,4.45,17.6,0.37,-25.1,3.02,8355518,-606079,30622950,4088574,6319234,2653906,缩量,低,情绪退潮,进场,资金观望型,资金+业绩共振(双击候选),B,关注：资金+业绩共振,73.0
600208,衢州发展,2.9,2.6,0.16,5.8,-1.53,-19793847,-11152324,-3174437,-16253370,-4250707,23832258,缩量,低,情绪退潮,观望,资金观望型,,D,回避：资金观望,-0.5
600210,紫江企业,6.26,-27.7,0.41,-22.4,-1.68,-5376479,-19055683,-42562358,5501005,4023829,-6241739,缩量,低,情绪退潮,观望,资金撤退型,,D,回避：资金撤退,-0.6
600211,西藏药业,35.76,-65.3,1.01,-22.2,-0.67,-2848558,-29046559,-53622155,-5157859,-5764014,6408720,缩量,低,情绪退潮,观望,资金撤退型,,D,回避：资金撤退,-0.2
600212,绿能慧充,5.71,11.8,0.43,-2.4,1.72,6162580,-7256999,-30778908,-6981389,-4556885,9014287,缩量,低,情绪退潮,观望,资金观望型,,D,回避：资金观望,0.6
600215,派斯林,6.31,-16.9,0.6,-18.4,-1.39,-2659569,-10563455,-19892896,178953,-1221232,-2035319,缩量,低,情绪退潮,观望,资金撤退型,,D,回避：资金撤退,-0.5
600216,浙江医药,12.18,-68.3,1.3,-27.7,-6.46,-40451954,-110194561,-234823155,-148437,-1084292,-3047523,缩量,低,情绪退潮,观望,资金撤退型,,D,回避：资金撤退,-2.2
600217,中再资环,3.26,-40.8,0.79,-35.3,-0.21,-317271,-4724410,18086202,1434333,3364066,819847,缩量,低,情绪退潮,观望,长线吸筹型,,D,回避：资金观望,-0.1
600114,东睦股份,25.37,-67.9,0.85,-30.8,-11.29,-148226316,-231485463,-337488750,5442825,4429574,-3548784,缩量,低,情绪退潮,吸筹,资金撤退型,机构吸筹+盈利(关注),C,谨慎：资金流入未验证业绩,20.2
600117,西宁特钢,2.16,-26.9,0.76,-12.0,10.7,18756041,34149613,49639048,103311,-810129,271684,缩量,高,主力控盘,控盘,主力强攻型,控盘+亏损(警惕),C,谨慎：控盘但亏损,27.6
600221,海航控股,1.21,-53.9,0.27,22.2,-9.15,-125156719,-272639825,-339909673,-4089345,276298,2943730,缩量,低,情绪退潮,观望,资金撤退型,,D,回避：资金撤退,-3.1
600222,太龙药业,7.87,-39.5,0.94,3.0,-1.04,-7091658,8358377,-31699980,-3138194,-3585088,-1700457,缩量,低,情绪退潮,观望,资金观望型,,D,回避：资金观望,-0.3
600115,中国东航,3.32,-55.9,0.54,-17.3,-4.23,-94909944,-66219951,-47407093,21981491,24338434,-18807761,缩量,低,情绪退潮,吸筹,资金观望型,纯资金炒作(亏损风险),C,谨慎：纯资金炒作,2.6
600226,亨通股份,5.32,-68.0,2.21,9.5,-6.42,-153159430,-60962235,-249219715,-1623320,8185029,9544615,缩量,低,情绪退潮,观望,资金观望型,,D,回避：资金观望,-2.1
600227,赤天化,3.81,-30.5,0.56,-57.9,-0.81,-27940350,-177404770,-350967174,9752830,6926355,29126317,缩量,低,情绪退潮,观望,资金撤退型,,D,回避：资金撤退,-0.3
600228,返利科技,10.18,0.3,5.35,12.2,-10.35,-183030289,-98142747,-54734822,-7101360,-13231188,5292140,缩量,低,情绪退潮,观望,资金观望型,,D,回避：资金观望,-3.4
600121,郑州煤电,5.33,352.2,1.38,-34.8,1.62,78822828,26948645,107966625,59917046,38220840,-94190833,放量,低,游资情绪,抢筹,资金观望型,纯资金炒作(亏损风险),C,谨慎：纯资金炒作,28.5
600230,沧州大化,13.18,-8.7,0.67,18.3,2.73,43897043,8290687,-19835142,-12949212,-11224542,29527,缩量,低,情绪退潮,观望,资金观望型,,D,回避：资金观望,0.9
600150,中国船舶,38.95,6.4,0.49,-34.7,-0.48,-82383437,-839774274,34947192,334062278,275626458,-198701588,缩量,低,情绪退潮,吸筹,资金观望型,机构吸筹+盈利(关注),C,谨慎：资金流入未验证业绩,23.8
600152,维科技术,8.32,77.0,0.07,17.2,-0.23,-1440017,-18806138,-32616365,64772642,55556882,-45929489,放量,低,游资情绪,抢筹,资金撤退型,纯资金炒作(亏损风险),C,谨慎：纯资金炒作,27.9
600233,圆通速递,18.0,-24.8,0.97,4.0,-3.72,-72156543,-66241714,157631752,31543203,16703053,-46729480,缩量,低,情绪退潮,观望,长线吸筹型,,D,回避：资金观望,-1.2
600234,科新发展,19.63,-62.1,0.41,-58.5,-4.27,-10255727,-18651719,35888710,-2087667,0,590404,缩量,低,情绪退潮,观望,长线吸筹型,,D,回避：资金观望,-1.4
600235,XD民丰特,5.96,10.3,0.49,9.2,4.28,5702246,-5353436,-12925528,-3138080,-2560442,2080337,缩量,低,情绪退潮,观望,资金观望型,,D,回避：资金观望,1.4
600236,桂冠电力,9.18,-76.9,1.19,-42.8,-1.97,-8566115,-41147017,-32371341,-5025923,-7163678,1138550,缩量,低,情绪退潮,观望,资金观望型,,D,回避：资金观望,-0.7
600237,铜峰电子,9.03,-5.9,2.17,42.4,-0.77,-20273782,-98823025,-42774909,759221,-1757771,2412980,缩量,低,情绪退潮,观望,资金观望型,,D,回避：资金观望,-0.3
600126,杭钢股份,5.99,-80.0,0.44,-35.5,-4.14,-38198329,-83527782,-248608903,22633340,20960795,-8706820,缩量,低,情绪退潮,吸筹,资金撤退型,机构吸筹+盈利(关注),C,谨慎：资金流入未验证业绩,22.6
600246,万通发展,13.13,-61.8,1.38,26.7,0.5,45758835,209827184,434140225,-97241152,-64284230,70152022,缩量,低,情绪退潮,观望,均衡流入型,,D,回避：资金观望,0.2
600156,华升股份,8.17,322.4,0.16,152.5,4.96,85106123,80638022,72715949,43157690,24190911,-36894625,放量,低,游资情绪,进场,资金观望型,纯资金炒作(亏损风险),C,谨慎：纯资金炒作,21.7
600249,两面针,5.36,-37.8,0.3,-21.8,-4.88,-8691935,-9889277,3353839,1447458,1847372,-2013680,缩量,低,情绪退潮,观望,资金观望型,,D,回避：资金观望,-1.6
600250,南京商旅,8.82,-29.2,0.4,-64.8,-6.67,-22590240,-49186500,-60907609,-3251031,-3033431,2610328,缩量,低,情绪退潮,观望,资金撤退型,,D,回避：资金撤退,-2.2
600153,建发股份,8.65,33.2,0.62,-22.0,0.8,6907972,-1996573,-11861278,30409353,20585728,-13164812,缩量,低,情绪退潮,吸筹,资金观望型,纯资金炒作(亏损风险),C,谨慎：纯资金炒作,4.3
600252,中恒集团,2.17,-25.4,1.7,-6.9,1.93,10879760,33658017,52312742,-2367003,-5207258,7025453,缩量,低,情绪退潮,观望,均衡流入型,,D,回避：资金观望,0.6
600162,香江控股,4.32,-61.9,5.82,-48.9,2.57,69379320,91328756,-61480315,1658765,-4926573,-1499404,缩量,低,情绪退潮,进场,趋势转多型,纯资金炒作(亏损风险),C,谨慎：纯资金炒作,12.9
600255,鑫科材料,3.38,-41.8,1.47,-42.5,-7.11,-82101026,-195284319,130079732,4036578,5693035,15059890,缩量,低,情绪退潮,观望,长线吸筹型,,D,回避：资金观望,-2.4
600256,广汇能源,6.68,62.4,0.53,-33.0,1.73,63377328,102567638,-242739406,-94857018,-29319503,143164887,放量,低,游资情绪,观望,趋势转多型,,D,回避：资金观望,8.6
600257,大湖股份,5.45,-58.4,1.06,-44.6,-5.85,-18404754,-35171791,-147830530,-849559,-405955,-2454375,缩量,低,情绪退潮,观望,资金撤退型,,D,回避：资金撤退,-1.9
600258,首旅酒店,11.01,-63.6,0.5,-47.7,-8.08,-55947759,-63751616,-115804895,-4590199,-5040505,4390637,缩量,低,情绪退潮,观望,资金撤退型,,D,回避：资金撤退,-2.7
600259,中稀有色,74.2,-69.3,0.66,32.3,-2.66,-66539578,30724268,-75154042,-4441664,4211757,5205622,缩量,低,情绪退潮,观望,资金观望型,,D,回避：资金观望,-0.9
600261,阳光照明,3.27,74.4,0.16,282.4,-8.82,-35323221,44894434,54119456,-3907969,-3193148,1302983,放量,低,游资情绪,观望,资金观望型,,D,回避：资金观望,5.1
600185,珠免集团,4.77,8.6,0.65,-63.7,-6.42,-35803395,-54940133,-31656911,6420155,5578910,-1041158,缩量,低,情绪退潮,吸筹,资金观望型,纯资金炒作(亏损风险),C,谨慎：纯资金炒作,1.9
600170,上海建工,2.21,-2.9,0.69,-5.7,-1.69,-25215693,17962990,571162,42758638,41337153,-10657668,缩量,低,情绪退潮,吸筹,资金观望型,机构吸筹+盈利(关注),C,谨慎：资金流入未验证业绩,23.4
600266,城建发展,4.48,104.1,0.61,34.7,-6.94,-86786513,-108639859,-102997184,1030354,4916294,46730499,放量,低,游资情绪,观望,资金观望型,,D,回避：资金观望,5.7
600268,国电南自,9.99,-75.8,0.59,-18.3,-8.17,-37676713,-56228711,-110636591,5544638,2139137,-2985107,缩量,低,情绪退潮,观望,资金撤退型,,D,回避：资金撤退,-2.7
600269,赣粤高速,3.76,-61.2,1.72,-40.3,-2.04,-4296923,369366,22268030,-235890,1286281,1102900,缩量,低,情绪退潮,观望,高位分歧型,,D,回避：资金观望,-0.7
600207,安彩高科,5.48,398.2,0.35,152.2,1.45,24778369,45760536,85787524,13802307,6405392,-27290045,放量,低,游资情绪,进场,均衡流入型,纯资金炒作(亏损风险),C,谨慎：纯资金炒作,20.5
600271,航天信息,6.65,-54.7,0.6,-21.5,0.6,1750587,-5339596,-16000158,-1509693,455223,2714443,缩量,低,情绪退潮,观望,资金观望型,,D,回避：资金观望,0.2
600272,开开实业,14.99,43.0,4.42,-28.8,0.73,18594834,28904491,155150418,-16844396,-4460114,36009242,缩量,低,情绪退潮,观望,均衡流入型,,D,回避：资金观望,0.2
600189,泉阳泉,9.01,92.0,0.83,92.1,6.04,71068450,55408071,56231498,65831352,83470875,-30370782,放量,中,主力偏强放量,抢筹,资金观望型,资金+业绩共振(双击候选),B,关注：资金+业绩共振,98.0
600218,全柴动力,7.92,114.9,0.54,159.3,3.32,23334185,22236314,10373684,5474640,3737743,-4302046,放量,低,游资情绪,进场,资金观望型,资金+业绩共振(双击候选),B,关注：资金+业绩共振,81.1
600278,东方创业,6.53,5.7,0.55,-10.0,-3.16,-4794407,-16943043,-18345916,-121690,1290531,1512452,缩量,低,情绪退潮,观望,资金撤退型,,D,回避：资金撤退,-1.1
600279,重庆港,4.27,-41.7,0.78,-28.8,-0.54,-645934,1983334,-7412369,1801783,2281977,-2711011,缩量,低,情绪退潮,观望,资金观望型,,D,回避：资金观望,-0.2
600280,中央商场,3.0,-44.8,1.55,-44.9,-3.19,-13809793,22079353,41431666,-3855887,-2457429,7083937,缩量,低,情绪退潮,观望,资金观望型,,D,回避：资金观望,-1.1
600229,城市传媒,5.85,118.7,0.69,-8.7,-3.68,-11312584,-2677031,25351037,4388786,5404216,-6149900,放量,低,游资情绪,抢筹,高位分歧型,纯资金炒作(亏损风险),C,谨慎：纯资金炒作,26.8
600282,南钢股份,4.43,-29.0,0.69,5.1,-7.3,-56089122,-97219113,-48536584,1815077,1216524,13400717,缩量,低,情绪退潮,观望,资金观望型,,D,回避：资金观望,-2.4
600283,钱江水利,8.0,-52.2,0.77,-37.4,-7.59,-6300882,-15241077,-22979322,-1466978,0,185266,缩量,低,情绪退潮,观望,资金撤退型,,D,回避：资金撤退,-2.5
600284,浦东建设,5.1,-38.0,0.35,-34.0,0.19,478989,-1334047,-24877287,-3540509,-5838898,5369130,缩量,低,情绪退潮,观望,资金观望型,,D,回避：资金观望,0.1
600285,羚锐制药,18.69,-84.0,1.51,-33.6,-9.79,-39332216,-55692890,-149239615,-833082,689255,666354,缩量,低,情绪退潮,观望,资金撤退型,,D,回避：资金撤退,-3.3
600287,苏豪时尚,5.03,2.9,0.49,-8.5,-4.46,-3579229,-3422420,-7438588,-85454,-1000921,1450405,缩量,低,情绪退潮,观望,资金观望型,,D,回避：资金观望,-1.5
600288,大恒科技,10.51,-85.0,4.01,-45.8,-5.55,-29535251,-37623258,-107267522,-6473258,-1844945,11160980,缩量,低,情绪退潮,观望,资金撤退型,,D,回避：资金撤退,-1.8
600219,南山铝业,4.62,-58.6,0.8,-29.9,-6.0,-125235185,-253447894,-456493545,60790565,65753493,-45619984,缩量,低,情绪退潮,吸筹,资金撤退型,机构吸筹+盈利(关注),C,谨慎：资金流入未验证业绩,22.0
600293,三峡新材,3.93,-100.0,1.44,225.6,-0.74,-17384027,60759726,64360098,0,0,0,缩量,低,情绪退潮,观望,资金观望型,,D,回避：资金观望,-0.2
600295,鄂尔多斯,12.84,-45.9,0.79,-37.5,-2.61,-11947386,-41617440,-3618874,1049852,1025639,5358128,缩量,低,情绪退潮,观望,长线吸筹型,,D,回避：资金观望,-0.9
600223,福瑞达,5.66,-14.7,0.93,-9.0,-1.75,-3551296,5463040,-3101932,2255797,3066754,-50283,缩量,低,情绪退潮,吸筹,资金观望型,机构吸筹+盈利(关注),C,谨慎：资金流入未验证业绩,23.4
600231,凌钢股份,1.65,79.3,0.48,82.4,7.46,32082992,38325454,36783235,-1854866,-138998,2834842,放量,中,主力偏强放量,进场,短线抢筹型,纯资金炒作(亏损风险),C,谨慎：纯资金炒作,30.5
600298,安琪酵母,37.3,-31.4,1.75,2.2,0.05,669884,-11416142,-87663,-20392497,-18996456,70007210,缩量,低,情绪退潮,观望,资金观望型,,D,回避：资金观望,0.0
600299,安迪苏,8.07,-58.8,1.14,-30.8,-3.64,-42500625,-70970932,-197723132,-2962932,-3302951,6696975,缩量,低,情绪退潮,观望,资金撤退型,,D,回避：资金撤退,-1.2
600300,维维股份,3.05,-30.1,0.35,-45.8,0.14,514994,25444466,28422760,-2968516,-5506714,3329816,缩量,低,情绪退潮,观望,均衡流入型,,D,回避：资金观望,0.0
600301,华锡有色,48.64,-3.3,0.76,77.2,4.8,210303094,316810425,294162486,-15312501,1673789,30802982,缩量,低,情绪退潮,观望,趋势转多型,,D,回避：资金观望,1.6
600241,时代万恒,8.84,205.9,0.67,89.8,8.48,29803679,29651362,22325165,-20517958,-23228302,13141332,放量,中,主力偏强放量,进场,资金观望型,纯资金炒作(亏损风险),C,谨慎：纯资金炒作,30.8
600305,恒顺醋业,6.67,-51.9,1.2,-16.1,-3.59,-7908771,-12045207,-27023657,540190,223039,32439,缩量,低,情绪退潮,观望,资金撤退型,,D,回避：资金撤退,-1.2
600232,金鹰股份,6.81,124.2,0.52,37.6,4.27,14601581,13997729,17057941,3682114,2300698,-7085994,放量,低,游资情绪,进场,资金观望型,资金+业绩共振(双击候选),B,关注：资金+业绩共振,81.4
600248,陕建股份,2.82,-30.2,0.32,-22.5,0.21,443750,11704756,-5692018,3534039,3939772,-1835852,缩量,低,情绪退潮,吸筹,趋势转多型,资金+业绩共振(双击候选),B,关注：资金+业绩共振,64.1
600309,万华化学,67.66,-36.7,0.86,-19.8,-1.8,-169814023,-675826765,-397373655,-192345306,-130068782,200208288,缩量,低,情绪退潮,观望,资金观望型,,D,回避：资金观望,-0.6
600310,广西能源,4.56,-11.6,0.46,-17.5,-2.38,-25251294,-237114789,-223238976,6259172,3759240,-17805297,缩量,低,情绪退潮,观望,资金观望型,,D,回避：资金观望,-0.8
600312,平高电气,19.95,-19.4,0.86,-28.2,-1.29,-17599883,9354042,18652479,385554,-4075273,-13319860,缩量,低,情绪退潮,观望,资金观望型,,D,回避：资金观望,-0.4
600313,农发种业,6.45,13.1,0.57,-60.2,-7.23,-97252362,-225967870,-126503922,-10327558,-867083,7568279,缩量,低,情绪退潮,观望,资金观望型,,D,回避：资金观望,-2.4
600251,冠农股份,9.77,88.5,0.31,-60.4,-1.32,-12569917,-48146568,-312265417,-928007,2033432,-1222412,放量,低,游资情绪,吸筹,资金撤退型,机构吸筹+盈利(关注),C,谨慎：资金流入未验证业绩,31.6
600318,新力金融,6.85,13.2,0.78,-59.9,-10.69,-68135888,-127545126,99562510,7447981,573974,-6485672,缩量,低,情绪退潮,观望,长线吸筹型,,D,回避：资金观望,-3.6
600319,亚星化学,6.3,-25.1,0.52,-12.3,-4.47,-5039012,-9156039,-19409388,2533757,764190,-2042955,缩量,低,情绪退潮,观望,资金撤退型,,D,回避：资金撤退,-1.5
600267,海正药业,11.43,-75.8,2.25,1.2,0.28,3235970,34837945,-49372344,11426642,6936191,-12279392,缩量,低,情绪退潮,进场,趋势转多型,资金+业绩共振(双击候选),B,关注：资金+业绩共振,72.1
600262,北方股份,14.53,-64.8,0.52,-37.2,-6.42,-17538021,-31208391,-34407301,-1191825,717573,-314450,缩量,低,情绪退潮,吸筹,资金撤退型,机构吸筹+盈利(关注),C,谨慎：资金流入未验证业绩,21.9
600322,津投城开,2.79,40.2,0.43,20.3,-7.86,-33513859,-35377843,-35557491,7213543,8489464,1915976,缩量,低,情绪退潮,观望,资金撤退型,,D,回避：资金撤退,-2.6
600323,瀚蓝环境,29.14,-45.7,0.72,-17.6,0.12,609197,-47886950,-83293273,-13002056,-12590015,9121843,缩量,低,情绪退潮,观望,资金观望型,,D,回避：资金观望,0.0
600326,西藏天路,6.63,-79.1,1.25,-24.8,-3.79,-35675685,-72381577,-240294182,-6120984,-4619890,8966957,缩量,低,情绪退潮,观望,资金撤退型,,D,回避：资金撤退,-1.3
600327,大东方,3.85,-47.9,1.07,-32.4,-0.54,-1322153,-12357127,-21507531,1888874,-2992775,477169,缩量,低,情绪退潮,观望,资金撤退型,,D,回避：资金撤退,-0.2
600328,中盐化工,5.59,-49.0,0.25,-27.1,-8.46,-25422753,-64498238,-50327313,-783476,382460,-4660904,缩量,低,情绪退潮,观望,资金观望型,,D,回避：资金观望,-2.8
600276,恒瑞医药,45.62,-29.1,1.4,-7.2,1.02,127807396,18763306,-3320174312,415987302,423066125,-265327235,缩量,低,情绪退潮,吸筹,资金观望型,资金+业绩共振(双击候选),B,关注：资金+业绩共振,64.3
600273,嘉化能源,6.13,-67.6,0.71,-25.8,7.94,22425191,9503598,16412542,-6527782,-3358356,3141041,缩量,中,主力惜售,进场,资金观望型,资金+业绩共振(双击候选),B,关注：资金+业绩共振,86.6
600332,白云山,19.4,-75.7,1.14,-30.9,-0.44,-1806585,4707227,-3611520,586488,-874656,-1644634,缩量,低,情绪退潮,观望,资金观望型,,D,回避：资金观望,-0.1
600281,华阳新材,4.71,28.9,0.8,52.9,7.32,44807716,39996432,32973201,2320535,-71842,1191377,缩量,中,主力惜售,进场,资金观望型,纯资金炒作(亏损风险),C,谨慎：纯资金炒作,26.4
600292,电投水电,11.13,-70.4,0.44,-14.1,-12.13,-48958112,-70852183,-84723724,2764792,3122365,-211792,缩量,低,情绪退潮,吸筹,资金撤退型,机构吸筹+盈利(关注),C,谨慎：资金流入未验证业绩,20.0
600336,澳柯玛,6.33,-37.8,0.37,-56.1,-2.6,-3811533,-20102167,18392842,-915749,-1272791,2194252,缩量,低,情绪退潮,观望,长线吸筹型,,D,回避：资金观望,-0.9
600338,西藏珠峰,11.93,-58.9,0.16,-41.9,-3.58,-45626434,-134997986,-363642724,10753888,11649861,6477131,缩量,低,情绪退潮,观望,资金撤退型,,D,回避：资金撤退,-1.2
600339,中油工程,3.21,-50.3,0.57,-28.6,-3.76,-22392800,440124,-13021378,7452753,3679690,345774,缩量,低,情绪退潮,观望,资金观望型,,D,回避：资金观望,-1.3
600343,航天动力,19.16,8.1,0.46,41.4,-0.09,-4038954,326835683,514846129,-47335468,-28497286,54782709,缩量,低,情绪退潮,观望,高位分歧型,,D,回避：资金观望,-0.0
600345,长江通信,47.06,-38.4,0.55,-21.2,-2.68,-60869764,22846077,67333903,3689693,1316831,8063892,缩量,低,情绪退潮,观望,资金观望型,,D,回避：资金观望,-0.9
600346,恒力石化,15.91,-19.2,0.67,-21.7,-2.67,-71290445,-153214026,2091497,-33259522,-21432912,30461127,缩量,低,情绪退潮,观望,长线吸筹型,,D,回避：资金观望,-0.9
600303,曙光股份,3.06,-6.2,0.98,48.8,6.62,34230484,44646683,59034865,-8682107,-8478001,9871386,缩量,中,主力惜售,进场,主力建仓型,纯资金炒作(亏损风险),C,谨慎：纯资金炒作,26.2
600351,亚宝药业,6.7,-31.8,0.87,-11.9,2.97,17795046,-14009038,-52251562,-9307368,-10117961,-254872,缩量,低,情绪退潮,观望,资金观望型,,D,回避：资金观望,1.0
600352,浙江龙盛,12.1,-69.4,1.4,-35.1,-0.02,-430858,65414635,50396559,27115166,26373209,-28516612,缩量,低,情绪退潮,观望,资金观望型,,D,回避：资金观望,-0.0
600353,旭光电子,29.3,-35.8,2.6,8.3,-4.7,-411401330,101005650,-313501036,-48695414,-39326380,94533370,缩量,低,情绪退潮,观望,资金观望型,,D,回避：资金观望,-1.6
600354,敦煌种业,8.96,130.2,1.82,-24.2,-4.97,-212554079,-305781964,-323491710,5327287,6855242,3512267,放量,低,游资情绪,观望,资金撤退型,,D,回避：资金撤退,6.3
600356,恒丰纸业,10.42,514.3,0.43,313.2,0.36,5722936,71116207,65836795,-37941786,-2387232,24910878,放量,低,游资情绪,观望,趋势转多型,,D,回避：资金观望,8.1
600307,酒钢宏兴,1.46,-32.7,0.55,-5.1,1.97,7037001,17121439,-26668321,6429900,7596054,-1819030,缩量,低,情绪退潮,吸筹,趋势转多型,纯资金炒作(亏损风险),C,谨慎：纯资金炒作,4.7
600308,华泰股份,3.25,-27.8,0.35,42.8,10.93,26730152,23985881,31679074,2214702,3789417,-223376,缩量,高,主力控盘,控盘,资金观望型,控盘+亏损(警惕),C,谨慎：控盘但亏损,27.6
600359,新农开发,7.25,722.8,0.36,-3.5,1.23,17724474,-211463820,-41382972,-23484084,-17466489,35290015,放量,低,游资情绪,观望,长线吸筹型,,D,回避：资金观望,8.4
600360,华微电子,11.31,-24.2,6.94,128.3,-2.14,-99255202,-388665,11494302,57486709,34351688,-42337900,缩量,低,情绪退潮,观望,资金观望型,,D,回避：资金观望,-0.7
600361,创新新材,3.47,-30.5,0.7,-35.7,-1.57,-7910337,-25247388,-55141067,6609775,8807377,3694791,缩量,低,情绪退潮,观望,资金撤退型,,D,回避：资金撤退,-0.5
600362,江西铜业,41.74,-65.0,1.01,-49.2,-5.52,-460126167,-733240641,-1010265530,91726181,58624417,-73316822,缩量,低,情绪退潮,观望,资金撤退型,,D,回避：资金撤退,-1.8
600363,联创光电,13.55,-100.0,0.76,-34.7,-10.69,-186323415,-134945711,-325285770,0,0,0,缩量,低,情绪退潮,观望,资金观望型,,D,回避：资金观望,-3.6
600366,宁波韵升,10.76,-85.3,1.75,-16.1,-4.14,-40546183,-84041721,-146176617,2832363,-2546873,-411217,缩量,低,情绪退潮,观望,资金撤退型,,D,回避：资金撤退,-1.4
600367,红星发展,34.59,-38.6,1.16,11.5,-5.85,-360676821,-250066211,-833723517,27830710,45503765,11857264,缩量,低,情绪退潮,观望,资金观望型,,D,回避：资金观望,-1.9
600315,上海家化,17.7,-20.1,0.8,-39.4,3.17,16406047,27742367,24850609,388556,-1035399,-4690001,缩量,低,情绪退潮,进场,趋势转多型,资金+业绩共振(双击候选),B,关注：资金+业绩共振,73.1
600369,西南证券,3.91,-46.2,1.0,-36.9,-3.13,-15657521,-17465342,-32456709,-675254,701080,-2096079,缩量,低,情绪退潮,观望,资金撤退型,,D,回避：资金撤退,-1.0
600371,万向德农,12.84,1063.3,0.79,-9.7,4.38,215264866,321953740,346068841,-19473969,431282,38560116,放量,低,游资情绪,观望,主力建仓型,,D,回避：资金观望,9.5
600372,中航机载,11.15,-44.3,0.59,-45.7,-0.51,-6006337,-43663826,-168083565,-11500378,-17399244,8409840,缩量,低,情绪退潮,观望,资金撤退型,,D,回避：资金撤退,-0.2
600373,中文传媒,7.54,11.3,0.95,-10.8,-0.42,-2781544,-5762668,-2940515,-9479497,-1094959,14889578,缩量,低,情绪退潮,观望,资金观望型,,D,回避：资金观望,-0.1
600316,洪都航空,32.84,-33.6,0.73,-38.6,4.64,65153303,-71517607,-46728061,5713438,15262278,16672025,缩量,低,情绪退潮,进场,资金观望型,资金+业绩共振(双击候选),B,关注：资金+业绩共振,73.5
600377,宁沪高速,12.93,-13.4,1.44,2.8,-7.95,-49141831,-80490125,-97558592,-8685882,-2004295,12503417,缩量,低,情绪退潮,观望,资金撤退型,,D,回避：资金撤退,-2.6
600378,昊华科技,41.75,-69.1,4.8,-42.1,-11.97,-881075169,-1012750502,-1762868632,-56200504,-48276386,49472563,缩量,低,情绪退潮,观望,资金撤退型,,D,回避：资金撤退,-4.0
600379,宝光股份,14.18,-69.5,0.28,-8.4,-0.83,-8301182,-50207513,-55263878,2796808,1067143,-2395323,缩量,低,情绪退潮,观望,资金撤退型,,D,回避：资金撤退,-0.3
600380,健康元,9.9,93.4,1.16,19.7,3.11,36693804,47827786,72214097,-15974065,-7817324,38152180,放量,低,游资情绪,观望,均衡流入型,,D,回避：资金观望,9.0
600382,广东明珠,5.57,-64.7,0.76,27.4,-8.24,-41210841,-58362462,-49235279,-3901867,-5780866,1131040,缩量,低,情绪退潮,观望,资金观望型,,D,回避：资金观望,-2.7
600329,达仁堂,34.6,-67.4,0.92,-9.0,6.36,17187811,5123691,-38757792,-2157671,-4658583,1991589,缩量,中,主力惜售,进场,资金观望型,资金+业绩共振(双击候选),B,关注：资金+业绩共振,86.1
600386,北巴传媒,3.55,17.7,0.63,9.1,-2.35,-3579958,-1171983,4418856,-2723012,-1379756,-604000,缩量,低,情绪退潮,观望,资金观望型,,D,回避：资金观望,-0.8
600388,紫金龙净,16.69,-25.7,0.8,-28.8,-4.45,-42164176,-32800188,-46963453,-9998990,3855531,17245304,缩量,低,情绪退潮,观望,资金观望型,,D,回避：资金观望,-1.5
600389,江山股份,17.48,-66.5,0.96,-46.1,-11.34,-72981310,-28027358,2572601,-6459077,-2425639,7355856,缩量,低,情绪退潮,观望,资金观望型,,D,回避：资金观望,-3.8
600390,五矿资本,4.79,-44.8,1.12,-39.1,-1.07,-7128606,-12945425,78827728,-2780128,-3152686,5633597,缩量,低,情绪退潮,观望,长线吸筹型,,D,回避：资金观望,-0.4
600391,航发科技,40.92,17.1,0.55,-14.0,-2.34,-68144379,-429115221,-209973365,-12138335,-14197765,9897249,缩量,低,情绪退潮,观望,长线吸筹型,,D,回避：资金观望,-0.8
600392,盛和资源,20.27,-79.8,0.87,-9.6,-4.05,-130473485,-313280386,-652820294,9961584,-4936961,-4503311,缩量,低,情绪退潮,观望,资金撤退型,,D,回避：资金撤退,-1.3
600320,振华重工,4.02,-44.8,0.31,-29.0,-3.78,-24830910,-18230724,-64519357,4673866,6445512,-1560060,缩量,低,情绪退潮,吸筹,资金观望型,机构吸筹+盈利(关注),C,谨慎：资金流入未验证业绩,22.7
600396,华电辽能,12.35,-83.2,1.13,-35.1,-3.89,-211287636,-296357869,-392138210,-12527651,-13380190,31237227,缩量,低,情绪退潮,观望,资金撤退型,,D,回避：资金撤退,-1.3
600397,江钨装备,15.94,-60.8,1.88,-16.3,2.16,122723521,204493027,-64245465,-19402988,1707722,52918942,缩量,低,情绪退潮,观望,趋势转多型,,D,回避：资金观望,0.7
600325,华发股份,2.95,188.8,0.7,59.3,0.28,6607670,-1799254,64659422,72650321,59215152,-60819869,放量,低,游资情绪,抢筹,资金观望型,纯资金炒作(亏损风险),C,谨慎：纯资金炒作,28.1
600399,抚顺特钢,4.25,-55.2,0.69,-34.4,-2.8,-14553925,-51257679,-59345861,-3904748,-1438372,7512410,缩量,低,情绪退潮,观望,资金撤退型,,D,回避：资金撤退,-0.9
600400,红豆股份,3.31,-46.5,0.42,46.7,-6.77,-62107726,-105516870,-34724882,1953220,-835904,65552,缩量,低,情绪退潮,观望,资金观望型,,D,回避：资金观望,-2.3
600330,天通股份,27.84,-39.6,0.35,4.0,0.04,4783903,382716879,601777284,9890494,-25687113,-64640855,缩量,低,情绪退潮,进场,均衡流入型,纯资金炒作(亏损风险),C,谨慎：纯资金炒作,12.0
600406,XD国电南,22.21,-51.9,0.57,8.1,-0.49,-20610390,-219720974,-761144230,-60745077,-83068128,25517507,缩量,低,情绪退潮,观望,资金撤退型,,D,回避：资金撤退,-0.2
600408,安泰集团,3.04,30.4,0.77,-31.0,3.68,28245407,15997200,1235726,-5040158,-8610577,5435931,缩量,低,情绪退潮,观望,资金观望型,,D,回避：资金观望,1.2
600409,三友化工,6.05,-55.9,0.73,-49.0,-0.95,-4488782,-49740053,-93995310,3407163,3972987,-4732235,缩量,低,情绪退潮,观望,资金撤退型,,D,回避：资金撤退,-0.3
600410,华胜天成,14.59,-40.4,0.44,36.2,-8.7,-600964496,-1092457945,87271892,-33862692,-15853671,27556509,缩量,低,情绪退潮,观望,长线吸筹型,,D,回避：资金观望,-2.9
600415,小商品城,10.72,-57.4,0.77,-6.1,-4.95,-182789168,-442287891,-447128687,-75605964,-49045874,59097739,缩量,低,情绪退潮,观望,资金撤退型,,D,回避：资金撤退,-1.7
600416,湘电股份,8.15,-61.8,0.55,-31.5,-2.9,-12705146,-28675032,-43516348,-1016923,-3207458,3472755,缩量,低,情绪退潮,观望,资金撤退型,,D,回避：资金撤退,-1.0
600331,宏达股份,11.65,-70.5,0.48,-17.1,8.96,140771138,-244754871,-190289162,-8518039,-18060578,-3089003,缩量,中,主力惜售,进场,资金观望型,纯资金炒作(亏损风险),C,谨慎：纯资金炒作,27.0
600419,天润乳业,8.77,-69.7,1.46,-64.5,0.24,294925,-638133,-14273944,-20079,-19424,571985,缩量,低,情绪退潮,观望,资金观望型,,D,回避：资金观望,0.1
600335,国机汽车,5.21,-14.8,0.89,-16.6,-0.03,-62195,16625665,3930368,4334692,2979163,-26090,缩量,低,情绪退潮,吸筹,资金观望型,机构吸筹+盈利(关注),C,谨慎：资金流入未验证业绩,24.0
600422,昆药集团,8.0,-83.8,1.61,-25.1,-4.5,-6392433,-11801654,-26328793,-298214,13175,-1886272,缩量,低,情绪退潮,观望,资金撤退型,,D,回避：资金撤退,-1.5
600333,长春燃气,6.73,-16.5,0.68,-25.0,0.19,527528,-25609441,-27688451,521604,1623954,-1246489,缩量,低,情绪退潮,吸筹,资金观望型,纯资金炒作(亏损风险),C,谨慎：纯资金炒作,4.1
600426,华鲁恒升,19.05,-46.2,0.95,-31.2,-7.9,-205081122,-287880755,-498111284,-37806247,-26017712,43120146,缩量,低,情绪退潮,观望,资金撤退型,,D,回避：资金撤退,-2.6
600428,中远海特,10.42,-54.4,1.75,-32.8,-3.71,-54428639,-123784135,-336054040,-47256893,-34717866,34487751,缩量,低,情绪退潮,观望,资金撤退型,,D,回避：资金撤退,-1.2
600429,三元股份,4.75,47.2,0.49,-13.2,2.1,7448285,18268043,6634793,-2660433,-4964594,-792908,缩量,低,情绪退潮,观望,趋势转多型,,D,回避：资金观望,0.7
600348,华阳股份,8.72,-14.4,0.43,-39.0,2.41,23543368,128826062,46719614,5193788,-4678174,-16250469,缩量,低,情绪退潮,进场,趋势转多型,资金+业绩共振(双击候选),B,关注：资金+业绩共振,72.8
600435,北方导航,10.87,-62.2,0.69,-54.5,1.68,13777957,-64567155,82990683,-6127752,-1851515,9870625,缩量,低,情绪退潮,观望,长线吸筹型,,D,回避：资金观望,0.6
600436,片仔癀,115.22,-86.0,2.1,-18.7,-1.66,-16242857,-45055176,-195206063,-15501703,-13462275,10091809,缩量,低,情绪退潮,观望,资金撤退型,,D,回避：资金撤退,-0.6
600438,通威股份,11.07,-65.9,0.77,-24.2,-0.78,-12750619,-16237897,-96943465,-8011323,-11527903,7261554,缩量,低,情绪退潮,观望,资金撤退型,,D,回避：资金撤退,-0.3
600350,山东高速,9.96,-50.6,1.94,-37.7,-0.75,-3108917,16230856,33446430,-665459,2275350,-1305523,缩量,低,情绪退潮,吸筹,资金观望型,机构吸筹+盈利(关注),C,谨慎：资金流入未验证业绩,23.8
600446,金证股份,10.39,-51.8,0.65,-9.0,-4.42,-29778278,-52723859,-108202081,3632905,-960393,-2151759,缩量,低,情绪退潮,观望,资金撤退型,,D,回避：资金撤退,-1.5
600448,华纺股份,3.11,681.7,0.39,945.9,-8.15,-224386016,-181033790,-167962386,-25242296,-18454474,27890635,放量,低,游资情绪,观望,资金观望型,,D,回避：资金观望,5.3
600449,宁夏建材,12.49,-75.4,2.55,15.7,-8.73,-35602563,-32473295,-86966325,-3663135,-1529804,-2524243,缩量,低,情绪退潮,观望,资金观望型,,D,回避：资金观望,-2.9
600368,五洲交通,4.12,-17.1,0.79,-34.7,-0.06,-281231,-50697088,-110379421,3732840,6688939,-1346562,缩量,低,情绪退潮,吸筹,资金撤退型,机构吸筹+盈利(关注),C,谨慎：资金流入未验证业绩,24.0
600455,博通股份,24.81,-11.4,0.3,-5.9,0.38,667596,625209,13938922,-104681,803400,1334550,缩量,低,情绪退潮,观望,长线吸筹型,,D,回避：资金观望,0.1
600456,宝钛股份,24.58,-73.7,0.58,-31.7,-3.01,-10604165,-39959004,-56559437,596083,1513303,1452612,缩量,低,情绪退潮,观望,资金撤退型,,D,回避：资金撤退,-1.0
600458,时代新材,10.86,-71.5,2.02,7.1,-7.47,-47848791,-91873059,-93299953,-13104787,1052885,15653848,缩量,低,情绪退潮,观望,资金撤退型,,D,回避：资金撤退,-2.5
600459,贵研铂业,18.02,-78.6,1.41,-33.3,-11.47,-102600635,-131446355,-351426237,-2414266,-5839572,1309352,缩量,低,情绪退潮,观望,资金撤退型,,D,回避：资金撤退,-3.8
600460,士兰微,31.84,-55.3,2.11,22.9,-6.18,-643900148,-317219341,-1755999846,53552949,11261793,-87402181,缩量,低,情绪退潮,观望,资金观望型,,D,回避：资金观望,-2.1
600463,空港股份,8.41,39.7,0.56,4.9,-4.08,-6521123,-6662927,-6970217,-6127338,1020349,1539682,缩量,低,情绪退潮,观望,资金撤退型,,D,回避：资金撤退,-1.4
600358,国旅联合,5.76,303.1,0.42,89.9,5.3,29021748,29794346,28971589,10483472,3878359,-14680243,放量,中,主力偏强放量,进场,趋势转多型,纯资金炒作(亏损风险),C,谨慎：纯资金炒作,29.8
600468,百利电气,5.86,-73.1,1.04,-38.2,-7.73,-44571871,-95611115,-90903148,-13298243,-11863537,10227809,缩量,低,情绪退潮,观望,资金观望型,,D,回避：资金观望,-2.6
600469,风神股份,4.9,-55.9,0.41,-49.2,-2.8,-2895605,-1452956,3385305,-7393,-583590,-2286964,缩量,低,情绪退潮,观望,资金观望型,,D,回避：资金观望,-0.9
600470,六国化工,5.46,-71.4,0.81,-62.6,-2.87,-12249894,-1698414,-4058526,-6558029,-3002024,3217390,缩量,低,情绪退潮,观望,资金观望型,,D,回避：资金观望,-1.0
600375,汉马科技,3.66,-44.6,0.7,-10.6,0.29,780130,-5553861,-31669571,911033,3793906,1012976,缩量,低,情绪退潮,进场,资金观望型,资金+业绩共振(双击候选),B,关注：资金+业绩共振,72.1
600376,首开股份,3.39,-16.2,2.11,28.1,1.07,15574306,-21795708,-78667188,99336666,97167022,-73714009,缩量,低,情绪退潮,吸筹,资金观望型,纯资金炒作(亏损风险),C,谨慎：纯资金炒作,4.4
600383,金地集团,2.55,267.0,0.53,81.7,-2.88,-82144167,-37711982,-77246566,100168753,79957384,-83241124,放量,低,游资情绪,抢筹,资金观望型,纯资金炒作(亏损风险),C,谨慎：纯资金炒作,27.0
600478,科力远,4.49,11.3,0.18,16.4,-12.59,-69112367,-90813386,-104345880,9145977,10003365,210435,缩量,低,情绪退潮,观望,资金撤退型,,D,回避：资金撤退,-4.2
600398,海澜之家,5.62,-48.6,0.71,-42.0,8.39,53478910,72265895,29523978,5126445,7475450,-3180877,缩量,中,主力惜售,吸筹,短线抢筹型,资金+业绩共振(双击候选),B,关注：资金+业绩共振,78.8
600480,凌云股份,7.67,-54.4,0.36,15.3,-5.27,-19047018,-66769554,-105254203,-2978059,-325516,8188754,缩量,低,情绪退潮,观望,资金撤退型,,D,回避：资金撤退,-1.8
600395,盘江股份,4.95,-33.5,0.69,-48.2,2.66,17406572,50680022,-66551718,1898552,636396,-7757727,缩量,低,情绪退潮,进场,趋势转多型,资金+业绩共振(双击候选),B,关注：资金+业绩共振,72.9
600482,中国动力,33.8,-45.4,0.46,-19.9,-1.97,-36421155,-106342898,297876262,65400939,46032464,-66652698,缩量,低,情绪退潮,观望,长线吸筹型,,D,回避：资金观望,-0.7
600483,福能股份,10.83,-7.9,0.69,9.9,-1.9,-13468948,-27330064,-89738898,-2432909,2097556,-4185361,缩量,低,情绪退潮,观望,资金撤退型,,D,回避：资金撤退,-0.6
600486,扬农化工,50.45,-52.3,0.7,-59.6,-5.19,-33750828,-40439867,-8218580,-10102582,-4972344,7426548,缩量,低,情绪退潮,观望,资金观望型,,D,回避：资金观望,-1.7
600487,亨通光电,57.11,-15.8,1.14,14.9,-6.65,-3518147908,-2830643068,-6461559942,-261011825,-102462927,153700168,缩量,低,情绪退潮,观望,资金观望型,,D,回避：资金观望,-2.2
600405,动力源,5.02,-55.8,1.2,-51.3,2.19,4350910,7976483,-6584833,540464,-1012000,-726539,缩量,低,情绪退潮,进场,趋势转多型,纯资金炒作(亏损风险),C,谨慎：纯资金炒作,12.7
600403,大有能源,7.05,26.7,4.42,-16.6,2.29,103975744,49490225,266436964,3164292,-1355212,8812166,缩量,低,情绪退潮,进场,资金观望型,纯资金炒作(亏损风险),C,谨慎：纯资金炒作,12.8
600490,鹏欣资源,6.7,-43.9,0.82,-41.9,-6.63,-68936439,-113348823,-307344400,3639816,1005271,2092183,缩量,低,情绪退潮,观望,资金撤退型,,D,回避：资金撤退,-2.2
600493,凤竹纺织,6.57,20.1,0.76,27.0,-1.8,-4260810,-749421,670055,-773009,592200,988251,缩量,低,情绪退潮,观望,资金观望型,,D,回避：资金观望,-0.6
600495,晋西车轴,4.07,-39.1,0.96,-12.3,3.73,6430645,-710878,-14387792,-569547,1448537,1666436,缩量,低,情绪退潮,观望,资金观望型,,D,回避：资金观望,1.2
600418,江淮汽车,26.04,184.2,0.78,145.6,8.76,1940118456,2027143564,1846301447,-21262685,-39568439,-70774410,放量,中,主力偏强放量,进场,趋势转多型,纯资金炒作(亏损风险),C,谨慎：纯资金炒作,30.9
600497,驰宏锌锗,8.93,-76.6,1.07,-38.7,-9.7,-349685651,-568898951,-964600711,12421109,8099953,-17052140,缩量,低,情绪退潮,观望,资金撤退型,,D,回避：资金撤退,-3.2
600498,烽火通信,36.28,-32.2,0.59,9.7,-9.95,-1284268057,-883968944,-1191616933,160862059,113019800,-156906170,缩量,低,情绪退潮,观望,资金观望型,,D,回避：资金观望,-3.3
600499,科达制造,11.07,-46.9,0.56,41.0,-12.06,-411019882,-434603715,-319220777,-9551167,-10220641,30161604,缩量,低,情绪退潮,观望,资金观望型,,D,回避：资金观望,-4.0
600420,国药现代,8.21,-58.0,1.41,-11.1,8.58,20602685,24563937,7575859,3228419,167431,-5309258,缩量,中,主力惜售,进场,短线抢筹型,资金+业绩共振(双击候选),B,关注：资金+业绩共振,86.9
600501,航天晨光,14.49,-47.9,0.45,-31.8,-2.11,-7256971,-30664156,-17754733,-2710721,-1296336,4248810,缩量,低,情绪退潮,观望,资金观望型,,D,回避：资金观望,-0.7
600502,安徽建工,4.16,-32.6,0.75,9.6,4.96,27807995,56150927,83980596,-3610344,-856190,1537488,缩量,低,情绪退潮,观望,主力建仓型,,D,回避：资金观望,1.7
600503,华丽家族,2.47,679.5,0.67,461.3,4.28,138178865,156268447,135839583,-22358693,-25556483,17848646,放量,低,游资情绪,观望,趋势转多型,,D,回避：资金观望,9.4
600505,西昌电力,10.29,-54.2,0.78,10.1,1.01,3858863,-20866185,-12860887,-2116878,-1482574,231926,缩量,低,情绪退潮,观望,资金观望型,,D,回避：资金观望,0.3
600506,统一股份,16.18,275.4,0.42,-19.6,0.35,7572636,-33514370,65698915,-22056125,-14253760,17148069,放量,低,游资情绪,观望,资金观望型,,D,回避：资金观望,8.1
600507,方大特钢,3.98,-58.9,0.94,-25.1,-9.3,-30918824,-24590179,-19100511,1295863,974804,-2985204,缩量,低,情绪退潮,观望,资金观望型,,D,回避：资金观望,-3.1
600508,上海能源,10.45,68.4,0.57,-73.5,-3.29,-24807146,-85651647,-352257497,-10105146,-3166084,6531796,放量,低,游资情绪,观望,资金撤退型,,D,回避：资金撤退,6.9
600425,青松建化,3.62,-8.9,0.57,-5.7,7.35,21991005,23289805,-428761,3805800,356393,1948026,缩量,中,主力惜售,进场,趋势转多型,资金+业绩共振(双击候选),B,关注：资金+业绩共振,86.5
600510,黑牡丹,6.54,-33.8,0.35,-1.2,-2.49,-5138316,-10451178,-27361922,-1871106,-3144003,6085715,缩量,低,情绪退潮,观望,资金撤退型,,D,回避：资金撤退,-0.8
600511,国药股份,25.8,-69.5,1.03,-14.9,4.81,17407431,5376761,24464048,-766269,-150850,498375,缩量,低,情绪退潮,观望,资金观望型,,D,回避：资金观望,1.6
600512,腾达建设,2.09,14.5,0.43,-7.5,2.61,6247508,23409585,17800269,-707211,1301518,2772576,缩量,低,情绪退潮,观望,趋势转多型,,D,回避：资金观望,0.9
600513,联环药业,14.81,-81.6,0.64,-3.7,-2.25,-11374999,-22493431,-80471973,-887559,-64241,-4079675,缩量,低,情绪退潮,观望,资金撤退型,,D,回避：资金撤退,-0.8
600433,冠豪高新,3.24,-48.8,0.12,-20.8,0.75,2259972,7968481,-24367173,1531233,392516,472568,缩量,低,情绪退潮,进场,趋势转多型,纯资金炒作(亏损风险),C,谨慎：纯资金炒作,12.2
600516,方大炭素,5.27,-46.6,0.65,59.4,-3.56,-39671805,66996827,24601473,-8908541,-8335431,9979395,缩量,低,情绪退潮,观望,资金观望型,,D,回避：资金观望,-1.2
600517,国网英大,4.85,-42.1,0.44,-26.3,-1.91,-7309456,-12140281,-72233165,-1153055,6037880,9018323,缩量,低,情绪退潮,观望,资金撤退型,,D,回避：资金撤退,-0.6
600518,康美药业,1.33,-57.2,1.28,-31.3,-0.45,-3289997,-4503168,-29349400,2124398,-4666935,-4644526,缩量,低,情绪退潮,观望,资金撤退型,,D,回避：资金撤退,-0.1
600452,涪陵电力,8.73,-74.6,0.64,36.0,-4.01,-38202993,-48386247,-53095163,7898667,9273791,-1656204,缩量,低,情绪退潮,吸筹,资金撤退型,机构吸筹+盈利(关注),C,谨慎：资金流入未验证业绩,22.7
600520,三佳科技,25.03,-56.5,1.14,0.1,-1.08,-9183459,1568200,69942937,-14412661,-4779181,12187059,缩量,低,情绪退潮,观望,长线吸筹型,,D,回避：资金观望,-0.4
600521,华海药业,15.99,-63.3,1.94,34.3,-4.83,-77987697,-99424990,-274024159,-23616072,-28311089,4751769,缩量,低,情绪退潮,观望,资金撤退型,,D,回避：资金撤退,-1.6
600522,中天科技,31.33,-61.9,1.04,39.7,-9.33,-2995238378,-3316479327,-3989798999,-96043989,-112367173,113826424,缩量,低,情绪退潮,观望,资金撤退型,,D,回避：资金撤退,-3.1
600523,贵航股份,11.81,-57.9,0.86,-31.8,-1.03,-1763043,-1494405,-11946221,2263730,1250414,-2171572,缩量,低,情绪退潮,观望,资金观望型,,D,回避：资金观望,-0.3
600525,长园集团,4.85,0.6,0.49,-26.9,-3.33,-9177505,-47807116,-135088329,-344145,4080832,1317326,缩量,低,情绪退潮,观望,资金撤退型,,D,回避：资金撤退,-1.1
600444,国机通用,14.53,12.8,0.39,-9.6,2.23,3338644,4350186,2187898,250210,-1030587,-4024838,缩量,低,情绪退潮,进场,趋势转多型,资金+业绩共振(双击候选),B,关注：资金+业绩共振,72.7
600461,洪城环境,8.73,-54.5,0.98,-20.1,4.3,15894151,-411637,14705564,4188398,1119771,-2174253,缩量,低,情绪退潮,进场,资金观望型,资金+业绩共振(双击候选),B,关注：资金+业绩共振,73.4
600528,中铁工业,6.75,-65.9,0.68,-38.6,-2.09,-3842404,-12550882,-137385,-2332437,-2466798,2454397,缩量,低,情绪退潮,观望,长线吸筹型,,D,回避：资金观望,-0.7
600529,山东药玻,17.97,-65.0,1.77,-36.0,-1.42,-5028154,-6461767,-12879209,-6270505,-2175012,-20968,缩量,低,情绪退潮,观望,资金撤退型,,D,回避：资金撤退,-0.5
600531,豫光金铅,11.12,-74.7,0.55,-41.2,-8.85,-124025593,-165399260,-427923146,12883116,6231115,-18597263,缩量,低,情绪退潮,观望,资金撤退型,,D,回避：资金撤退,-2.9
600533,栖霞建设,2.29,42.7,0.41,-26.7,1.49,2982373,3687946,8564782,-5375093,-1890987,5713389,缩量,低,情绪退潮,观望,均衡流入型,,D,回避：资金观望,0.5
600467,好当家,2.42,32.6,0.63,-37.2,-1.7,-6961038,-17846947,-61407103,8007146,8665356,-7336579,缩量,低,情绪退潮,吸筹,资金撤退型,机构吸筹+盈利(关注),C,谨慎：资金流入未验证业绩,23.4
600536,中国软件,30.98,-70.4,1.13,-41.2,-5.01,-86397267,-174115492,-390759704,-15849082,-11674236,18771216,缩量,低,情绪退潮,观望,资金撤退型,,D,回避：资金撤退,-1.7
600538,国发股份,4.71,-38.6,0.52,-35.4,-7.56,-14930490,-24257063,-59610489,-6659816,-2648740,9683801,缩量,低,情绪退潮,观望,资金撤退型,,D,回避：资金撤退,-2.5
600539,狮头股份,13.62,-52.9,0.47,18.4,3.3,42273066,514038,-107380865,-6569653,-5160890,6723783,缩量,低,情绪退潮,观望,资金观望型,,D,回避：资金观望,1.1
600540,新赛股份,5.67,443.0,0.42,-39.8,4.53,153201726,419797,-16475321,-38456091,-48131279,38173791,放量,低,游资情绪,观望,资金观望型,,D,回避：资金观望,9.5
600545,卓郎智能,3.97,-44.6,0.46,63.0,-1.25,-25760166,195513114,173047819,-3384623,897139,12406668,缩量,低,情绪退潮,观望,资金观望型,,D,回避：资金观望,-0.4
600547,山东黄金,26.49,35.6,0.8,-15.9,-13.79,-1847291166,-2407441997,-2775134392,97338902,69277751,-131179178,缩量,低,情绪退潮,观望,资金撤退型,,D,回避：资金撤退,-4.6
600475,华光环能,14.3,-75.8,0.91,-48.9,4.26,18544274,-10255371,35634858,816215,857182,-2354848,缩量,低,情绪退潮,进场,资金观望型,资金+业绩共振(双击候选),B,关注：资金+业绩共振,73.4
600549,厦门钨业,43.75,-70.3,0.87,7.3,-11.55,-825258711,-811667885,-1898970139,8655914,-36297165,72960816,缩量,低,情绪退潮,观望,资金观望型,,D,回避：资金观望,-3.9
600550,保变电气,10.08,-80.7,0.74,-21.0,-9.8,-73360836,-125474946,-149480142,132035,1994495,3663289,缩量,低,情绪退潮,观望,资金撤退型,,D,回避：资金撤退,-3.3
600479,千金药业,11.95,885.1,0.38,-43.5,4.24,197505121,144050232,-154855629,873293,-12095287,-16139743,放量,低,游资情绪,进场,资金观望型,资金+业绩共振(双击候选),B,关注：资金+业绩共振,81.4
600552,凯盛科技,17.2,-9.1,1.39,89.4,2.53,195635786,272887132,37400664,-56429931,-25943466,110206345,缩量,低,情绪退潮,观望,趋势转多型,,D,回避：资金观望,0.8
600488,津药药业,6.9,37.5,1.17,77.1,5.79,172160430,367721929,473525196,93685647,117390120,-59122360,缩量,中,主力惜售,吸筹,主力强攻型,资金+业绩共振(双击候选),B,关注：资金+业绩共振,77.9
600556,天下秀,4.65,-29.4,0.87,-30.6,-0.59,-6053052,-30725794,-50545221,11694956,11767348,3602260,缩量,低,情绪退潮,观望,资金撤退型,,D,回避：资金撤退,-0.2
600557,康缘药业,12.1,-62.8,1.63,-17.5,-1.58,-4039519,-3115191,-34431730,-2531458,-303508,-4667859,缩量,低,情绪退潮,观望,资金观望型,,D,回避：资金观望,-0.5
600558,大西洋,4.75,-32.1,0.53,45.1,2.35,8965423,8793714,-14337590,-3764845,-1441105,2369237,缩量,低,情绪退潮,观望,资金观望型,,D,回避：资金观望,0.8
600559,老白干酒,10.81,-70.2,1.32,-40.0,-1.45,-8009418,-12869216,-61479487,308315,-75233,-3572524,缩量,低,情绪退潮,观望,资金撤退型,,D,回避：资金撤退,-0.5
600560,金自天正,11.55,62.5,0.65,21.7,2.87,4707210,6034939,3258587,-2314602,-1393984,-1655451,放量,低,游资情绪,观望,趋势转多型,,D,回避：资金观望,9.0
600477,杭萧钢构,2.41,-38.3,0.7,-46.7,5.73,17840280,23029755,48530672,17941,818394,3737611,缩量,中,主力惜售,进场,均衡流入型,资金+业绩共振(双击候选),B,关注：资金+业绩共振,85.9
600562,国睿科技,26.35,-65.3,1.15,-42.5,0.21,2298532,-47671164,-141912651,-3345331,-2633786,11087970,缩量,低,情绪退潮,观望,资金观望型,,D,回避：资金观望,0.1
600563,法拉电子,115.84,-66.0,1.09,16.4,0.41,8712646,5569068,-105213668,-30264624,-3265970,26460916,缩量,低,情绪退潮,观望,资金观望型,,D,回避：资金观望,0.1
600566,济川药业,24.87,-53.8,0.94,-23.6,-3.06,-14625643,-25563309,-19143723,135936,-2118731,1051842,缩量,低,情绪退潮,观望,资金观望型,,D,回避：资金观望,-1.0
600567,山鹰国际,1.31,-38.9,0.56,-21.9,-3.8,-10816003,10650270,-22267464,-3751988,-5448041,850990,缩量,低,情绪退潮,观望,资金观望型,,D,回避：资金观望,-1.3
600481,双良节能,3.91,-56.2,0.6,-8.8,1.57,11621022,17877933,-745759,1179715,-2102363,9327546,缩量,低,情绪退潮,进场,趋势转多型,纯资金炒作(亏损风险),C,谨慎：纯资金炒作,12.5
600570,恒生电子,19.32,-71.5,0.73,-36.8,-8.96,-120040232,-202170076,-379425927,-16731252,-8447859,21728203,缩量,低,情绪退潮,观望,资金撤退型,,D,回避：资金撤退,-3.0
600571,信雅达,10.28,-51.0,0.88,-20.9,0.21,573980,2666062,2466523,-3188053,-623060,6070140,缩量,低,情绪退潮,观望,趋势转多型,,D,回避：资金观望,0.1
600572,康恩贝,4.24,-67.8,1.4,-14.9,-1.84,-15019623,6178617,14486017,7769372,5251507,-9059309,缩量,低,情绪退潮,观望,资金观望型,,D,回避：资金观望,-0.6
600489,中金黄金,21.59,-34.6,1.07,-18.1,-6.17,-407597453,-438239482,-908563373,73731851,64078231,-41350444,缩量,低,情绪退潮,吸筹,资金撤退型,机构吸筹+盈利(关注),C,谨慎：资金流入未验证业绩,21.9
600575,淮河能源,3.13,-74.0,0.73,-27.8,1.94,7672979,9703385,-37110037,-353807,955994,2046975,缩量,低,情绪退潮,观望,趋势转多型,,D,回避：资金观望,0.6
600496,精工钢构,3.32,-39.7,0.31,-18.5,0.03,128877,55483303,46333261,871247,650930,-3468374,缩量,低,情绪退潮,进场,趋势转多型,资金+业绩共振(双击候选),B,关注：资金+业绩共振,72.0
600577,精达股份,8.25,-14.2,0.71,54.0,-5.33,-150506789,183331979,14364766,5106346,-36237252,-21476849,缩量,低,情绪退潮,观望,资金观望型,,D,回避：资金观望,-1.8
600578,京能电力,5.15,-86.2,3.54,-34.7,-7.73,-71431281,-166415947,-126351150,-21303360,-20459478,16366719,缩量,低,情绪退潮,观望,资金观望型,,D,回避：资金观望,-2.6
600500,中化国际,5.01,-43.2,1.87,-5.1,-2.84,-77998154,-64973170,-117097822,5877111,16212140,-456652,缩量,低,情绪退潮,吸筹,资金观望型,纯资金炒作(亏损风险),C,谨慎：纯资金炒作,3.1
600580,卧龙电驱,25.96,-78.9,0.97,-15.8,-5.22,-118865652,-211339803,-745176532,-48239894,-40418849,53873590,缩量,低,情绪退潮,观望,资金撤退型,,D,回避：资金撤退,-1.7
600582,天地科技,4.8,-61.3,0.6,-39.8,-5.98,-20847724,-66346311,-97603346,386782,1549125,104337,缩量,低,情绪退潮,观望,资金撤退型,,D,回避：资金撤退,-2.0
600583,海油工程,6.53,45.8,0.63,26.7,-0.76,-12123567,-3144112,-24700272,9449716,-4086141,-26151043,缩量,低,情绪退潮,观望,资金观望型,,D,回避：资金观望,-0.3
600584,长电科技,65.7,-82.0,2.66,23.9,-11.03,-2489165140,-1527225626,-5166310629,-228015347,-161356241,237289955,缩量,低,情绪退潮,观望,资金观望型,,D,回避：资金观望,-3.7
600585,海螺水泥,16.98,-47.9,0.53,-14.0,-3.97,-64969500,-143727095,-355093095,-30732771,-34397559,33070407,缩量,低,情绪退潮,观望,资金撤退型,,D,回避：资金撤退,-1.3
600586,金晶科技,3.95,-24.8,0.16,3.9,-0.95,-2553213,-13399658,-37618378,1782781,-69582,-1643927,缩量,低,情绪退潮,观望,资金撤退型,,D,回避：资金撤退,-0.3
600587,新华医疗,12.82,48.2,1.16,329.5,-2.39,-38091995,-49274163,-57613720,-2747310,-7015958,222962,缩量,低,情绪退潮,观望,资金撤退型,,D,回避：资金撤退,-0.8
600588,用友网络,9.25,-70.7,1.27,-33.4,-1.04,-22979016,-27066264,-187634005,-5787738,-1509038,22325135,缩量,低,情绪退潮,观望,资金撤退型,,D,回避：资金撤退,-0.3
600509,天富能源,7.18,-56.6,0.84,-9.2,-5.75,-26523477,-66033218,-104129350,20272272,18221525,-11441068,缩量,低,情绪退潮,吸筹,资金撤退型,机构吸筹+盈利(关注),C,谨慎：资金流入未验证业绩,22.1
600590,泰豪科技,8.12,-66.4,0.34,-7.3,-8.08,-61018003,-84654362,-40846811,-6104863,2273616,10349704,缩量,低,情绪退潮,观望,资金观望型,,D,回避：资金观望,-2.7
600515,海南机场,2.71,-26.6,0.63,-26.7,-3.22,-32305172,30673148,63201493,36525054,23019920,-22300411,缩量,低,情绪退潮,吸筹,资金观望型,机构吸筹+盈利(关注),C,谨慎：资金流入未验证业绩,22.9
600593,大连圣亚,48.05,243.7,1.49,198.1,2.05,77203108,139724135,67648683,-42777075,-38107545,64885282,放量,低,游资情绪,观望,趋势转多型,,D,回避：资金观望,8.7
600594,益佰制药,3.6,-59.7,0.81,-47.2,-1.02,-3743555,-24194826,-87688240,-1274517,-803188,-1887495,缩量,低,情绪退潮,观望,资金撤退型,,D,回避：资金撤退,-0.3
600526,菲达环保,4.59,-26.9,0.39,-22.4,-2.5,-3427021,-11110113,-19969166,3389257,1884620,-1048917,缩量,低,情绪退潮,吸筹,资金撤退型,机构吸筹+盈利(关注),C,谨慎：资金流入未验证业绩,23.2
600596,新安股份,10.46,-56.8,1.42,-35.6,-6.88,-175253987,-333174962,-59306936,-11235250,-7056664,16131405,缩量,低,情绪退潮,观望,长线吸筹型,,D,回避：资金观望,-2.3
600527,江南高纤,2.16,-52.5,0.15,-10.0,4.35,14928402,9165823,8144027,2806810,3993324,-979907,缩量,低,情绪退潮,吸筹,资金观望型,资金+业绩共振(双击候选),B,关注：资金+业绩共振,65.5
600598,北大荒,12.42,-20.3,0.59,-61.2,-2.46,-41023495,-99586325,-384170710,15489282,3187671,-15399557,缩量,低,情绪退潮,观望,资金撤退型,,D,回避：资金撤退,-0.8
600519,贵州茅台,1235.58,-47.0,1.06,-8.3,-4.89,-860533857,-1403177879,-1894492413,333562142,361907882,-362441,缩量,低,情绪退潮,吸筹,资金撤退型,机构吸筹+盈利(关注),C,谨慎：资金流入未验证业绩,22.4
600535,天士力,13.74,-66.9,1.87,-23.8,0.52,3448882,8056769,30061560,6680157,6859225,-5615986,缩量,低,情绪退潮,吸筹,均衡流入型,资金+业绩共振(双击候选),B,关注：资金+业绩共振,64.2
600602,云赛智联,16.21,-86.5,1.06,-39.7,-7.35,-80059414,-154577264,-456246566,-17963794,-11800899,23041365,缩量,低,情绪退潮,观望,资金撤退型,,D,回避：资金撤退,-2.4
600603,广汇物流,4.8,-25.3,0.52,-45.9,-2.26,-4946654,19268743,-1606088,-61490,3049216,348042,缩量,低,情绪退潮,观望,资金观望型,,D,回避：资金观望,-0.8
600604,市北高新,4.85,47.5,2.19,-8.0,-8.54,-62596234,-61850387,-82474446,-12413869,-9358740,12838168,缩量,低,情绪退潮,观望,资金观望型,,D,回避：资金观望,-2.8
600546,山煤国际,13.0,-37.5,0.59,-37.9,4.02,39225903,74536267,2778576,3215618,-1717263,-7165993,缩量,低,情绪退潮,进场,趋势转多型,资金+业绩共振(双击候选),B,关注：资金+业绩共振,73.3
600548,深高速,8.06,-41.0,1.36,-66.0,7.61,6701009,11508192,7463760,1850816,-1129215,397540,缩量,中,主力惜售,进场,短线抢筹型,资金+业绩共振(双击候选),B,关注：资金+业绩共振,86.5
600551,时代出版,7.87,492.9,0.77,-66.2,0.87,9230478,-21437301,-194974619,15977452,8287728,9351620,放量,低,游资情绪,抢筹,资金观望型,资金+业绩共振(双击候选),B,关注：资金+业绩共振,88.3
600561,江西长运,6.07,-5.7,0.52,-13.0,0.36,423665,-3692951,-3806162,352713,2037132,1583199,缩量,低,情绪退潮,进场,资金观望型,资金+业绩共振(双击候选),B,关注：资金+业绩共振,72.1
600610,中毅达,7.36,-27.6,0.23,-67.7,-2.27,-23934879,-45473036,108535139,-4671163,-2021877,8323332,缩量,低,情绪退潮,观望,长线吸筹型,,D,回避：资金观望,-0.8
600569,安阳钢铁,1.78,3.8,0.61,-10.8,6.25,16844627,20731568,14095699,2998100,176735,639176,缩量,中,主力惜售,进场,短线抢筹型,纯资金炒作(亏损风险),C,谨慎：纯资金炒作,26.1
600612,老凤祥,30.79,-63.3,1.52,-54.6,2.12,3479221,-1738642,-14750471,-1665694,0,211203,缩量,低,情绪退潮,观望,资金观望型,,D,回避：资金观望,0.7
600613,神奇制药,8.11,639.7,0.91,-32.0,2.79,117311535,143902887,-184286779,-14361683,-4444514,13290274,放量,低,游资情绪,观望,趋势转多型,,D,回避：资金观望,8.9
600615,鑫源智造,9.54,-10.5,0.61,-18.5,0.26,224788,311957,-696409,-1185924,-671300,1366494,缩量,低,情绪退潮,观望,趋势转多型,,D,回避：资金观望,0.1
600616,金枫酒业,5.02,762.6,0.71,285.4,3.23,67557503,114484815,140781413,-29577667,-17500428,46858242,放量,低,游资情绪,观望,主力建仓型,,D,回避：资金观望,9.1
600617,国新能源,3.27,-63.6,0.94,-30.4,-2.75,-11240275,-165951,90510,-2341795,-2335980,3205907,缩量,低,情绪退潮,观望,资金观望型,,D,回避：资金观望,-0.9
600619,海立股份,13.18,-43.9,0.55,22.6,0.82,12696347,-8201178,-93378253,-4211433,-3011487,-4274550,缩量,低,情绪退潮,观望,资金观望型,,D,回避：资金观望,0.3
600620,天宸股份,4.35,-1.9,0.37,1.7,-3.06,-3635884,-1158350,1024627,-1361380,-526827,2602859,缩量,低,情绪退潮,观望,资金观望型,,D,回避：资金观望,-1.0
600621,XD华鑫股,13.45,15.6,0.99,105.0,-8.59,-141618082,16115217,19136773,-15344542,-8028246,19686430,缩量,低,情绪退潮,观望,资金观望型,,D,回避：资金观望,-2.9
600622,光大嘉宝,2.52,145.1,0.65,-33.7,-3.69,-17153753,-1351439,21904278,-2787483,-277909,7172199,放量,低,游资情绪,观望,高位分歧型,,D,回避：资金观望,6.8
600623,华谊集团,8.42,-10.4,0.36,-22.9,-0.06,-309646,-11401984,13220008,-1098721,-6233296,633093,缩量,低,情绪退潮,观望,资金观望型,,D,回避：资金观望,-0.0
600573,惠泉啤酒,10.25,67.3,0.32,32.9,1.0,4455707,-10188913,-17807787,22620,-2951383,-3869939,放量,低,游资情绪,进场,资金观望型,资金+业绩共振(双击候选),B,关注：资金+业绩共振,80.3
600576,祥源文旅,5.32,-72.6,0.56,-62.3,6.01,8828056,19767150,-19502233,-549361,0,1396160,缩量,中,主力惜售,进场,短线抢筹型,资金+业绩共振(双击候选),B,关注：资金+业绩共振,86.0
600579,中化装备,7.02,-58.7,1.08,62.1,1.91,3335678,19112858,11346592,2418257,0,-2680299,缩量,低,情绪退潮,进场,趋势转多型,纯资金炒作(亏损风险),C,谨慎：纯资金炒作,12.6
600628,新世界,6.29,-47.1,0.58,-34.3,-1.85,-3234491,-8370914,-15001472,-3769213,-1706768,2468914,缩量,低,情绪退潮,观望,资金撤退型,,D,回避：资金撤退,-0.6
600629,华建集团,16.35,-10.7,0.82,-52.5,-0.13,-2245048,-68459477,93096904,11175297,6970811,-7487731,缩量,低,情绪退潮,观望,长线吸筹型,,D,回避：资金观望,-0.0
600630,龙头股份,7.71,352.2,1.71,608.4,-2.25,-91845784,-8211610,-15775471,-57609861,-46845995,81116544,放量,低,游资情绪,观望,资金观望型,,D,回避：资金观望,7.2
600592,龙溪股份,14.73,103.5,0.62,5.3,1.6,11038120,715192,-39664771,12236010,-2137288,-39346018,放量,低,游资情绪,进场,资金观望型,资金+业绩共振(双击候选),B,关注：资金+业绩共振,80.5
600589,大位科技,7.53,-60.8,0.27,-52.2,-7.0,-169981879,-324934831,4915107,48527375,45773669,-33331016,缩量,低,情绪退潮,吸筹,长线吸筹型,纯资金炒作(亏损风险),C,谨慎：纯资金炒作,1.7
600633,浙数文化,10.11,-72.1,0.36,-33.6,-8.08,-46581051,-32459419,-98808848,3796772,-4452924,302312,缩量,低,情绪退潮,观望,资金观望型,,D,回避：资金观望,-2.7
600635,大众公用,4.4,-60.6,0.69,-33.0,-5.05,-23668773,-40325530,-16931672,-603862,-1896323,1927212,缩量,低,情绪退潮,观望,资金观望型,,D,回避：资金观望,-1.7
600637,东方明珠,8.8,-9.5,0.41,10.3,-2.02,-39380540,-28764359,-96686297,-11627541,-9345692,-3740973,缩量,低,情绪退潮,观望,资金观望型,,D,回避：资金观望,-0.7
600595,中孚实业,5.97,-60.3,1.48,-50.7,-4.89,-69676445,-72885780,-49504402,66367908,53683557,-23734387,缩量,低,情绪退潮,吸筹,资金观望型,机构吸筹+盈利(关注),C,谨慎：资金流入未验证业绩,22.4
600597,光明乳业,6.8,-54.7,1.63,-27.8,4.55,11552026,7617283,-10014082,459434,-461956,630564,缩量,低,情绪退潮,进场,资金观望型,纯资金炒作(亏损风险),C,谨慎：纯资金炒作,13.5
600640,国脉文化,12.62,244.4,0.84,267.6,1.64,32829184,103706308,81362418,-2284835,4789958,15324998,放量,低,游资情绪,观望,趋势转多型,,D,回避：资金观望,8.5
600641,先导基电,48.76,4.0,1.71,184.6,-1.96,-542184489,312410079,-12969381,14182990,-19789125,103736995,缩量,低,情绪退潮,观望,资金观望型,,D,回避：资金观望,-0.7
600600,青岛啤酒,49.52,-70.2,0.87,-18.4,-3.54,-26422539,-68168806,-50280452,2024731,6323244,-453804,缩量,低,情绪退潮,吸筹,资金观望型,机构吸筹+盈利(关注),C,谨慎：资金流入未验证业绩,22.8
600643,爱建集团,4.07,-3.2,0.42,-21.1,-0.66,-1782564,10630246,33217293,-7081420,-5250275,6721779,缩量,低,情绪退潮,观望,高位分歧型,,D,回避：资金观望,-0.2
600644,乐山电力,8.86,-62.1,1.42,24.1,-1.5,-21551181,166261518,299108827,-10283903,-10148819,4073876,缩量,低,情绪退潮,观望,高位分歧型,,D,回避：资金观望,-0.5
600645,中源协和,18.74,-60.8,0.93,16.9,-1.13,-9271990,-25050466,-157910336,-2912957,-3902528,822754,缩量,低,情绪退潮,观望,资金撤退型,,D,回避：资金撤退,-0.4
600648,外高桥,9.47,-9.1,0.46,13.1,-7.39,-7158492,-7882423,-16860738,-1555926,-693105,3737013,缩量,低,情绪退潮,观望,资金撤退型,,D,回避：资金撤退,-2.5
600605,汇通能源,29.6,94.1,0.37,108.4,0.7,12304201,-7835698,503341,4446764,4813645,17676467,放量,低,游资情绪,抢筹,资金观望型,资金+业绩共振(双击候选),B,关注：资金+业绩共振,88.2
600601,方正科技,13.72,-11.4,1.22,-19.2,-3.92,-521900510,-1265778232,145914546,114393763,104245548,-85475941,缩量,低,情绪退潮,吸筹,长线吸筹型,机构吸筹+盈利(关注),C,谨慎：资金流入未验证业绩,22.7
600651,飞乐音响,4.99,-32.7,0.62,-6.5,0.66,3364743,-16786162,-27449418,-14476691,-5193541,11881625,缩量,低,情绪退潮,观望,资金观望型,,D,回避：资金观望,0.2
600606,绿地控股,1.5,304.8,0.4,205.3,-0.81,-27139771,106354453,95587520,39848122,48814029,-5525273,放量,低,游资情绪,抢筹,资金观望型,纯资金炒作(亏损风险),C,谨慎：纯资金炒作,27.7
600618,氯碱化工,9.52,-62.5,0.46,-50.0,-2.41,-4410552,-960638,-18876017,-1326303,547616,-310773,缩量,低,情绪退潮,吸筹,资金观望型,机构吸筹+盈利(关注),C,谨慎：资金流入未验证业绩,23.2
600609,金杯汽车,3.59,145.8,0.63,199.5,1.05,10170231,118934137,138282785,11592881,11975122,-3041578,放量,低,游资情绪,抢筹,均衡流入型,资金+业绩共振(双击候选),B,关注：资金+业绩共振,88.3
600658,电子城,4.24,70.4,0.5,-5.6,-3.47,-10446723,-7860540,-8003256,-3957172,2014260,8259515,放量,低,游资情绪,观望,资金观望型,,D,回避：资金观望,6.8
600611,大众交通,4.31,-75.6,4.02,-70.0,-2.53,-30151476,-53535055,1459387,9353630,10049657,-1321895,缩量,低,情绪退潮,吸筹,资金观望型,机构吸筹+盈利(关注),C,谨慎：资金流入未验证业绩,23.2
600662,外服控股,4.19,-47.2,0.71,-17.2,-3.36,-6185472,-7470618,-728288,-1365138,-189000,3410973,缩量,低,情绪退潮,观望,资金观望型,,D,回避：资金观望,-1.1
600663,陆家嘴,9.19,32.9,1.24,33.2,0.72,6765395,5936720,22528460,-3034389,-9238437,-24471114,缩量,低,情绪退潮,观望,资金观望型,,D,回避：资金观望,0.2
600664,哈药股份,7.14,23.0,7.33,11.3,-1.53,-307974782,-40473493,-758649472,-3301055,40273427,137454322,缩量,低,情绪退潮,观望,资金观望型,,D,回避：资金观望,-0.5
600665,天地源,3.42,-23.7,0.93,-10.2,-4.55,-12255326,-14408826,-38852996,-2562118,355259,5724327,缩量,低,情绪退潮,观望,资金撤退型,,D,回避：资金撤退,-1.5
600626,申达股份,3.75,52.4,0.55,71.8,5.69,18828842,26219114,27606681,-4560272,-1991385,7892835,放量,中,主力偏强放量,进场,主力建仓型,资金+业绩共振(双击候选),B,关注：资金+业绩共振,89.9
600667,太极实业,17.95,-75.6,4.79,32.2,-6.24,-1058184181,-1392348608,-707148322,14725877,37100679,24303164,缩量,低,情绪退潮,观望,资金观望型,,D,回避：资金观望,-2.1
600668,尖峰集团,7.39,-56.5,0.31,-18.3,-7.12,-9758587,-10063307,-24539395,-1201762,-1478664,1644662,缩量,低,情绪退潮,观望,资金撤退型,,D,回避：资金撤退,-2.4
600671,天目药业,21.62,-59.7,2.61,-35.9,-1.3,-3830745,-7007966,-10936593,1690766,-897933,-1462611,缩量,低,情绪退潮,观望,资金撤退型,,D,回避：资金撤退,-0.4
600674,川投能源,16.5,-28.1,1.6,13.4,3.63,76516507,149730381,166881457,-29304143,-15086082,25895625,缩量,低,情绪退潮,观望,主力建仓型,,D,回避：资金观望,1.2
600676,久事动娱,6.65,-30.3,0.86,2.9,-1.73,-6268199,-12976282,-20326270,-5642154,-3796545,8978177,缩量,低,情绪退潮,观望,资金撤退型,,D,回避：资金撤退,-0.6
600679,上海凤凰,10.52,92.8,0.64,164.3,3.55,18166661,14421466,5120445,-1782415,-2289448,2936720,放量,低,游资情绪,观望,资金观望型,,D,回避：资金观望,9.2
600681,百川能源,3.48,-9.9,0.61,-38.7,3.93,12691765,8722009,-24558887,-218586,-3660589,3080780,缩量,低,情绪退潮,观望,资金观望型,,D,回避：资金观望,1.3
600682,南京新百,5.74,-30.5,1.14,-6.8,-0.52,-2188138,-42996059,14544112,-6454289,-4629083,10475183,缩量,低,情绪退潮,观望,长线吸筹型,,D,回避：资金观望,-0.2
600683,京投发展,9.25,-5.9,0.39,-42.5,-2.7,-25372236,-55726571,-163742632,15809547,9020819,-25049912,缩量,低,情绪退潮,观望,资金撤退型,,D,回避：资金撤退,-0.9
600638,新黄浦,5.23,57.3,0.72,25.9,-7.57,-29940004,-19705134,-21663646,5991901,7549208,-5062606,放量,低,游资情绪,吸筹,资金观望型,机构吸筹+盈利(关注),C,谨慎：资金流入未验证业绩,29.5
600642,申能股份,8.76,-27.0,0.83,-3.7,-3.2,-24063291,-64931362,-95414628,3868853,5316254,-4770560,缩量,低,情绪退潮,吸筹,资金撤退型,机构吸筹+盈利(关注),C,谨慎：资金流入未验证业绩,22.9
600688,上海石化,2.73,-52.8,0.76,-39.5,-5.19,-33930102,-42692985,-105608653,7288219,3172960,-9162895,缩量,低,情绪退潮,观望,资金撤退型,,D,回避：资金撤退,-1.7
600689,上海三毛,12.02,21.6,0.48,-45.2,-7.18,-11539205,-13046913,-15812516,-168450,-1195350,2892553,缩量,低,情绪退潮,观望,资金撤退型,,D,回避：资金撤退,-2.4
600639,浦东金桥,9.75,18.5,0.3,60.7,1.96,6417411,37009687,28357526,414913,-1131590,-901663,缩量,低,情绪退潮,进场,趋势转多型,资金+业绩共振(双击候选),B,关注：资金+业绩共振,72.7
600691,潞化科技,2.72,10.4,0.32,-69.0,-5.69,-35821917,-104325264,-15854819,-6860008,-8723816,5915274,缩量,低,情绪退潮,观望,长线吸筹型,,D,回避：资金观望,-1.9
600692,亚通股份,6.73,54.8,0.36,-3.6,-2.26,-5160220,-9481523,-8423924,34965,-2280071,2561946,放量,低,游资情绪,观望,资金观望型,,D,回避：资金观望,7.2
600693,XD东百集,9.12,-44.9,0.97,-58.8,0.96,24731684,-33968096,128000667,-45463599,-26580767,80490247,缩量,低,情绪退潮,观望,资金观望型,,D,回避：资金观望,0.3
600694,大商股份,14.26,-52.2,0.81,-64.4,-2.58,-3506350,-1684980,-20351978,-2349081,-1644117,853967,缩量,低,情绪退潮,观望,资金观望型,,D,回避：资金观望,-0.9
600697,欧亚集团,11.36,50.3,0.61,200.0,-1.31,-4021512,-560354,-9451495,1273187,0,-3369733,放量,低,游资情绪,观望,资金观望型,,D,回避：资金观望,7.6
600698,湖南天雁,6.86,-31.3,2.16,-62.9,-4.97,-39564457,-91711431,170848811,-16301782,-17006571,12769261,缩量,低,情绪退潮,观望,长线吸筹型,,D,回避：资金观望,-1.7
600649,城投控股,4.13,91.2,0.57,-2.3,-0.72,-4467744,-2967082,-5901171,16066350,15831660,-6182976,放量,低,游资情绪,抢筹,资金观望型,机构吸筹+盈利(关注),C,谨慎：资金流入未验证业绩,47.8
600702,舍得酒业,31.76,-78.3,2.24,-26.9,-3.71,-27601773,-112283539,-155604762,-638369,856870,1267555,缩量,低,情绪退潮,观望,资金撤退型,,D,回避：资金撤退,-1.2
600703,三安光电,11.41,-75.7,0.82,-32.3,-9.68,-508424736,-366663927,-484060659,-75652230,-67103576,81236592,缩量,低,情绪退潮,观望,资金观望型,,D,回避：资金观望,-3.2
600704,物产中大,4.78,-43.0,0.69,-36.2,-2.59,-19199680,-21196239,-61007369,-933364,6290132,5591586,缩量,低,情绪退潮,观望,资金撤退型,,D,回避：资金撤退,-0.9
600653,申华控股,1.71,221.2,0.58,138.5,9.29,59832152,77994062,71961455,-979096,1210759,5519204,放量,中,主力偏强放量,进场,短线抢筹型,纯资金炒作(亏损风险),C,谨慎：纯资金炒作,31.1
600706,曲江文旅,8.06,-4.2,0.82,-36.7,-1.65,-6323799,-140844551,43352501,-834604,562018,-2310588,缩量,低,情绪退潮,观望,长线吸筹型,,D,回避：资金观望,-0.5
600650,XD锦江在,10.22,-46.1,1.39,-57.3,2.04,4962367,1015471,-12576344,1847865,1067231,1536044,缩量,低,情绪退潮,进场,资金观望型,资金+业绩共振(双击候选),B,关注：资金+业绩共振,72.7
600708,光明地产,3.12,30.5,0.4,13.3,-5.18,-19869816,-12240387,-8388487,7433385,13355183,1950802,缩量,低,情绪退潮,观望,资金观望型,,D,回避：资金观望,-1.7
600655,豫园股份,4.54,-25.7,1.02,-28.4,0.83,2109340,22074368,56742965,4996780,4758480,-691851,缩量,低,情绪退潮,吸筹,均衡流入型,纯资金炒作(亏损风险),C,谨慎：纯资金炒作,4.3
600711,盛屯矿业,10.29,-76.4,0.83,-55.7,-6.36,-150317466,-223931062,-404182743,21872878,8324905,-18198154,缩量,低,情绪退潮,观望,资金撤退型,,D,回避：资金撤退,-2.1
600654,中安科,3.05,-29.0,0.25,-33.5,-0.9,-6609930,591316,-79000543,8947517,10299866,-1958523,缩量,低,情绪退潮,吸筹,资金观望型,机构吸筹+盈利(关注),C,谨慎：资金流入未验证业绩,23.7
600661,昂立教育,9.3,-39.8,1.91,61.5,0.84,4703512,-2260471,-14498897,3970060,1435674,1672097,缩量,低,情绪退潮,进场,资金观望型,资金+业绩共振(双击候选),B,关注：资金+业绩共振,72.3
600714,金瑞矿业,17.49,0.0,0.33,-58.2,3.67,79330278,30792106,-239580382,-15656714,-2431101,32836872,缩量,低,情绪退潮,观望,资金观望型,,D,回避：资金观望,1.2
600657,信达地产,3.38,329.5,0.7,-49.1,-7.14,-86417590,-95489843,49244963,79362222,77279430,-52205622,放量,低,游资情绪,抢筹,长线吸筹型,纯资金炒作(亏损风险),C,谨慎：纯资金炒作,25.6
600716,凤凰股份,3.79,21.8,0.49,16.5,-9.53,-11942525,-13046049,-18230334,-1717516,-1510066,1733078,缩量,低,情绪退潮,观望,资金撤退型,,D,回避：资金撤退,-3.2
600717,天津港,4.23,-43.6,1.36,-28.7,4.38,12666142,38080279,44455099,-2414703,-4216857,306784,缩量,低,情绪退潮,观望,主力建仓型,,D,回避：资金观望,1.5
600718,东软集团,7.9,-72.5,0.77,0.1,3.35,8638509,26813129,3027685,-377466,-851382,2308455,缩量,低,情绪退潮,观望,趋势转多型,,D,回避：资金观望,1.1
600660,福耀玻璃,53.0,-37.5,0.65,-6.6,4.19,93027407,79287003,145797863,27627732,33328660,-27124267,缩量,低,情绪退潮,吸筹,资金观望型,资金+业绩共振(双击候选),B,关注：资金+业绩共振,65.4
600673,东阳光,30.44,-82.4,0.62,-17.8,-0.75,-21224891,141717078,175081818,22876810,20673167,-2238581,缩量,低,情绪退潮,吸筹,资金观望型,机构吸筹+盈利(关注),C,谨慎：资金流入未验证业绩,23.8
600666,奥瑞德,3.2,-74.9,0.27,122.3,-5.97,-76696260,53197696,35361379,7417030,4872863,-2553715,缩量,低,情绪退潮,吸筹,资金观望型,机构吸筹+盈利(关注),C,谨慎：资金流入未验证业绩,22.0
600722,金牛化工,14.57,21.0,0.98,-42.2,-1.41,-123494982,-363165425,-553640937,-81014997,-40974780,78434914,缩量,低,情绪退潮,观望,资金撤退型,,D,回避：资金撤退,-0.5
600684,珠江股份,3.66,33.3,0.74,-36.4,-3.06,-9026084,-11692328,-64824946,7032081,7799713,-4627408,缩量,低,情绪退潮,吸筹,资金撤退型,机构吸筹+盈利(关注),C,谨慎：资金流入未验证业绩,23.0
600724,宁波富达,5.0,-8.7,0.56,-15.7,-5.35,-10793392,-22569439,-34801549,-2946339,-1450589,3179509,缩量,低,情绪退潮,观望,资金撤退型,,D,回避：资金撤退,-1.8
600725,云维股份,3.27,-27.6,0.6,-20.0,4.25,9883767,2380588,-7851461,-1356371,-3310611,1207319,缩量,低,情绪退潮,观望,资金观望型,,D,回避：资金观望,1.4
600726,华电能源,4.96,-85.6,0.37,-33.5,-5.94,-80877087,-121607249,-32657767,-1225664,4451745,7703452,缩量,低,情绪退潮,观望,资金观望型,,D,回避：资金观望,-2.0
600727,鲁北化工,7.43,-66.4,0.54,-48.0,-2.93,-9392247,-26081121,-53109345,-922435,-1592552,-826259,缩量,低,情绪退潮,观望,资金撤退型,,D,回避：资金撤退,-1.0
600728,佳都科技,4.47,-60.7,0.71,-19.8,-2.69,-10315074,-18170432,-23418220,-1261633,-1437821,6304756,缩量,低,情绪退潮,观望,资金撤退型,,D,回避：资金撤退,-0.9
600729,重百集团,18.08,-63.5,1.3,-45.5,-6.0,-12153219,-12716687,-9019566,806228,1746412,-2339347,缩量,低,情绪退潮,观望,资金观望型,,D,回避：资金观望,-2.0
600731,湖南海利,5.83,-63.7,0.56,-59.0,-0.77,-661873,-11204984,-49263371,34188,0,3927132,缩量,低,情绪退潮,观望,资金撤退型,,D,回避：资金撤退,-0.3
600732,爱旭股份,10.88,-59.4,0.5,29.3,-6.66,-73341722,14783269,-94701848,-4560460,-8197336,-5044372,缩量,低,情绪退潮,观望,资金观望型,,D,回避：资金观望,-2.2
600733,北汽蓝谷,4.93,68.3,1.33,94.0,3.57,133088412,130520013,44812181,-14142193,-33053998,-13916671,放量,低,游资情绪,观望,资金观望型,,D,回避：资金观望,9.2
600736,苏州高新,6.53,-44.4,0.09,-29.7,-5.0,-27766980,-27124333,-73122057,2516596,2302516,4961139,缩量,低,情绪退潮,观望,资金观望型,,D,回避：资金观望,-1.7
600737,中粮糖业,13.8,26.7,0.9,-53.6,-4.07,-187757148,-474679558,-1188668885,-100870070,-96902048,99350738,缩量,低,情绪退潮,观望,资金撤退型,,D,回避：资金撤退,-1.4
600738,丽尚国潮,4.23,-9.5,0.67,-5.2,-1.76,-4646675,13792378,-9228348,-1488143,-480499,1111784,缩量,低,情绪退潮,观望,资金观望型,,D,回避：资金观望,-0.6
600739,辽宁成大,10.08,-51.2,1.04,-31.3,-13.4,-59993139,-81080165,-145131492,-3270847,-6181551,-1154660,缩量,低,情绪退潮,观望,资金撤退型,,D,回避：资金撤退,-4.5
600740,山西焦化,3.7,-32.0,0.47,-43.3,-1.76,-9031288,-2327048,-37517300,-7195979,-2628470,4431727,缩量,低,情绪退潮,观望,资金观望型,,D,回避：资金观望,-0.6
600675,中华企业,2.49,328.1,0.88,129.4,4.84,78595616,105547880,113685876,19861706,17804151,-8102472,放量,低,游资情绪,吸筹,均衡流入型,资金+业绩共振(双击候选),B,关注：资金+业绩共振,73.6
600742,富维股份,7.7,-15.5,0.48,20.9,4.37,8324267,24948039,31288646,-7147103,-4838393,1293200,缩量,低,情绪退潮,观望,主力建仓型,,D,回避：资金观望,1.5
600743,华远控股,2.4,654.9,0.2,140.9,-1.9,-36947365,-29982230,-128425170,1508859,-8349698,-13742847,放量,低,游资情绪,观望,资金观望型,,D,回避：资金观望,7.4
600744,华银电力,6.0,-84.1,0.55,-8.1,-2.8,-57463700,-124965979,103902821,-5093679,-6599493,3691848,缩量,低,情绪退潮,观望,长线吸筹型,,D,回避：资金观望,-0.9
600746,江苏索普,6.76,-72.5,1.01,-26.3,-8.15,-29604499,-2427959,-11585514,-2108008,-525720,3159455,缩量,低,情绪退潮,观望,资金观望型,,D,回避：资金观望,-2.7
600685,中船防务,28.45,-17.1,0.4,-27.4,1.42,24236227,-152497711,-291157361,9357664,13079721,179693,缩量,低,情绪退潮,进场,资金观望型,资金+业绩共振(双击候选),B,关注：资金+业绩共振,72.5
600749,西藏旅游,12.76,-66.1,0.61,-67.2,-7.94,-29551614,-79805666,-27707802,-2869912,-566520,1716755,缩量,低,情绪退潮,观望,长线吸筹型,,D,回避：资金观望,-2.6
600750,华润江中,22.3,-36.3,1.03,-30.3,-1.07,-3962488,-11793848,-23807877,9455275,2191687,-4109499,缩量,低,情绪退潮,观望,资金撤退型,,D,回避：资金撤退,-0.4
600751,海航科技,2.86,-36.9,0.44,-0.2,-12.79,-47250981,-50389510,-66424569,1510976,1926882,1856286,缩量,低,情绪退潮,观望,资金撤退型,,D,回避：资金撤退,-4.3
600754,锦江酒店,17.85,-60.3,0.61,-55.1,-3.18,-21682750,-46305895,-65120643,2724,4956716,7667909,缩量,低,情绪退潮,观望,资金撤退型,,D,回避：资金撤退,-1.1
600690,海尔智家,20.21,-33.1,0.85,8.0,1.27,39446400,-70117884,-245984390,15867179,48967062,31728643,缩量,低,情绪退潮,进场,资金观望型,资金+业绩共振(双击候选),B,关注：资金+业绩共振,72.4
600686,金龙汽车,11.26,45.0,0.47,16.3,0.9,8832354,18312366,36131725,11741030,6131048,-22002098,缩量,低,情绪退潮,进场,均衡流入型,资金+业绩共振(双击候选),B,关注：资金+业绩共振,72.3
600707,彩虹股份,9.57,89.1,1.0,205.9,8.34,966172853,1250922955,1164163016,-287174879,-292067062,217105423,放量,中,主力偏强放量,进场,短线抢筹型,资金+业绩共振(双击候选),B,关注：资金+业绩共振,90.8
600699,均胜电子,22.75,274.8,0.35,180.6,5.08,546040124,697718846,741784672,-5369045,-5703309,13877244,放量,中,主力偏强放量,进场,均衡流入型,资金+业绩共振(双击候选),B,关注：资金+业绩共振,89.7
600761,XD安徽合,14.7,-58.3,0.6,-3.6,-9.08,-47915769,-88330800,-58765256,3294220,-1296339,14679349,缩量,低,情绪退潮,观望,资金观望型,,D,回避：资金观望,-3.0
600763,通策医疗,33.0,-59.3,1.14,-22.4,1.82,14679957,-10858994,-142830506,-7516894,-6897489,7069611,缩量,低,情绪退潮,观望,资金观望型,,D,回避：资金观望,0.6
600764,中国海防,18.3,-45.4,0.72,-45.4,-5.19,-21987873,-59805081,-52138785,1744266,1272552,-3073380,缩量,低,情绪退潮,观望,资金观望型,,D,回避：资金观望,-1.7
600719,大连热电,8.18,213.9,0.25,123.3,0.82,10054992,85128431,77394622,28425789,16129114,-21978883,放量,低,游资情绪,抢筹,趋势转多型,纯资金炒作(亏损风险),C,谨慎：纯资金炒作,28.3
600768,富邦新材,14.89,-51.1,0.3,-19.2,-1.31,-2315971,-9336687,-31535738,-1202967,-590632,2109398,缩量,低,情绪退潮,观望,资金撤退型,,D,回避：资金撤退,-0.4
600769,祥龙电业,14.56,-53.8,0.57,-16.5,-8.14,-56050333,-65539606,-51517880,5730702,3526855,-4507270,缩量,低,情绪退潮,观望,资金观望型,,D,回避：资金观望,-2.7
600720,中交设计,5.12,-68.8,0.98,-27.5,7.23,8959759,32807176,67691900,1191514,1565130,-329518,缩量,中,主力惜售,吸筹,主力强攻型,资金+业绩共振(双击候选),B,关注：资金+业绩共振,78.4
600710,苏美达,11.1,-33.4,0.54,-23.2,4.54,18266228,-28225085,-1483068,4905972,1600628,1501307,缩量,低,情绪退潮,进场,资金观望型,资金+业绩共振(双击候选),B,关注：资金+业绩共振,73.5
600773,西藏城投,9.67,-38.2,0.22,-39.4,-4.97,-44742775,-125250082,-60339419,6017519,4070409,2732578,缩量,低,情绪退潮,观望,长线吸筹型,,D,回避：资金观望,-1.7
600774,汉商集团,7.96,-12.3,0.71,-20.0,-0.98,-1414022,-4436974,-3515898,1715656,1093299,-1611346,缩量,低,情绪退潮,观望,资金观望型,,D,回避：资金观望,-0.3
600712,南宁百货,5.4,-23.7,1.13,-21.7,-6.26,-46647440,-140743625,-49062742,4117753,2493909,-1754316,缩量,低,情绪退潮,吸筹,长线吸筹型,纯资金炒作(亏损风险),C,谨慎：纯资金炒作,1.9
600776,东方通信,12.34,-47.8,0.23,-46.8,-6.78,-73507744,-141028014,80902218,-3850984,-4105232,6257489,缩量,低,情绪退潮,观望,长线吸筹型,,D,回避：资金观望,-2.3
600715,文投控股,1.65,18.7,0.59,5.7,6.04,33338303,33006588,9446189,2569437,13325411,6426527,缩量,中,主力惜售,进场,资金观望型,纯资金炒作(亏损风险),C,谨慎：纯资金炒作,26.0
600778,友好集团,5.78,26.5,0.55,-43.3,-1.01,-2969625,-46669912,54456306,-2392513,-1630097,119555,缩量,低,情绪退潮,观望,长线吸筹型,,D,回避：资金观望,-0.3
600713,南京医药,4.94,-69.5,0.81,0.2,-10.88,-23682760,-30214129,-37568260,858944,1404825,-264949,缩量,低,情绪退潮,吸筹,资金撤退型,机构吸筹+盈利(关注),C,谨慎：资金流入未验证业绩,20.4
600780,通宝能源,6.1,-43.0,0.39,-34.9,-8.31,-19175998,-30141661,-123394341,-1505179,-1129576,-1418280,缩量,低,情绪退潮,观望,资金撤退型,,D,回避：资金撤退,-2.8
600782,新钢股份,2.66,-28.8,0.75,-9.3,4.31,19750913,17836109,55764216,-5222131,2649111,8387351,缩量,低,情绪退潮,观望,资金观望型,,D,回避：资金观望,1.4
600783,鲁信创投,14.62,-77.9,0.71,-2.1,-4.49,-31264569,-176665231,-253914505,-6551388,-4097328,8421430,缩量,低,情绪退潮,观望,资金撤退型,,D,回避：资金撤退,-1.5
600784,鲁银投资,7.06,-64.5,1.01,-55.8,-2.38,-4921542,-26657988,-75706888,890176,316898,1754492,缩量,低,情绪退潮,观望,资金撤退型,,D,回避：资金撤退,-0.8
600721,百花医药,12.95,321.0,6.63,20.5,2.2,227324638,332554262,257999953,328153275,336173427,-197415497,放量,低,游资情绪,抢筹,趋势转多型,资金+业绩共振(双击候选),B,关注：资金+业绩共振,88.7
600741,华域汽车,15.18,-8.5,0.49,-9.3,1.89,19034314,-36304885,-55353219,35412216,42898889,3008056,缩量,低,情绪退潮,进场,资金观望型,资金+业绩共振(双击候选),B,关注：资金+业绩共振,72.6
600789,鲁抗医药,7.63,-21.4,1.59,-5.4,-2.1,-19255318,-20806321,-36366470,-12051095,-9407538,10773845,缩量,低,情绪退潮,观望,资金撤退型,,D,回避：资金撤退,-0.7
600790,轻纺城,3.65,341.5,0.15,205.1,2.39,28164395,53849795,67546058,-15368507,-19709126,6897079,放量,低,游资情绪,观望,主力建仓型,,D,回避：资金观望,8.8
600748,上实发展,4.09,49.3,0.4,11.6,0.05,168689,1707236,10745272,2966762,6865495,5096824,缩量,低,情绪退潮,进场,均衡流入型,纯资金炒作(亏损风险),C,谨慎：纯资金炒作,12.0
600757,长江传媒,7.41,-40.0,1.09,-30.1,1.85,6515416,9106291,43833339,751039,-786787,-2267509,缩量,低,情绪退潮,进场,长线吸筹型,资金+业绩共振(双击候选),B,关注：资金+业绩共振,72.6
600755,厦门国贸,5.69,40.2,0.83,56.6,7.54,84318287,85214159,73642739,-11094070,-10294334,16143038,缩量,中,主力惜售,进场,趋势转多型,资金+业绩共振(双击候选),B,关注：资金+业绩共振,86.5
600794,保税科技,3.19,-10.3,0.75,-14.5,-3.92,-6647645,-5111687,1887208,1394611,2474624,102985,缩量,低,情绪退潮,观望,高位分歧型,,D,回避：资金观望,-1.3
600758,辽宁能源,3.77,89.5,0.65,-31.0,0.59,8043676,-48444665,-63209953,21189951,18144704,-16295486,放量,低,游资情绪,抢筹,资金观望型,纯资金炒作(亏损风险),C,谨慎：纯资金炒作,28.2
600796,钱江生化,5.09,-37.8,0.55,-25.5,2.36,2297351,1909816,-3404341,-1782840,-766819,329892,缩量,低,情绪退潮,观望,资金观望型,,D,回避：资金观望,0.8
600797,浙大网新,6.49,-83.5,1.26,-27.8,-1.51,-5602175,-36716427,-53894009,-1599087,1044085,5324913,缩量,低,情绪退潮,观望,资金撤退型,,D,回避：资金撤退,-0.5
600798,宁波海运,3.38,-7.7,0.47,-12.3,-1.65,-5473001,33699933,-45838431,-2129789,-649933,3353973,缩量,低,情绪退潮,观望,资金观望型,,D,回避：资金观望,-0.5
600800,渤海化学,3.2,-65.6,0.34,-4.6,-3.17,-8405971,-23446858,-62863557,3766209,2912604,-3505638,缩量,低,情绪退潮,观望,资金撤退型,,D,回避：资金撤退,-1.1
600801,华新建材,23.8,-52.9,0.96,-27.0,-8.91,-71087715,-129085711,-196001965,9113660,7131645,2831808,缩量,低,情绪退潮,观望,资金撤退型,,D,回避：资金撤退,-3.0
600756,浪潮软件,13.95,-75.1,2.21,-30.6,-3.26,-13366184,-24627053,-73682667,7191540,4082407,-2774880,缩量,低,情绪退潮,吸筹,资金撤退型,纯资金炒作(亏损风险),C,谨慎：纯资金炒作,2.9
600803,新奥股份,18.39,-46.0,0.48,-56.0,-0.53,-2412627,-8835050,-74449685,3590857,2321791,-9401705,缩量,低,情绪退潮,观望,资金撤退型,,D,回避：资金撤退,-0.2
600805,悦达投资,4.63,20.4,0.46,9.7,-1.52,-2649191,-5189593,-4764587,-1410582,-1554096,5604417,缩量,低,情绪退潮,观望,资金观望型,,D,回避：资金观望,-0.5
600807,济高发展,2.68,6.9,0.48,0.1,3.37,5990035,7229878,22402312,-406714,-166004,-1757492,缩量,低,情绪退潮,观望,均衡流入型,,D,回避：资金观望,1.1
600808,马钢股份,2.46,-17.4,0.85,0.0,0.71,6149442,-2565359,-12520300,-2905494,1578510,8749438,缩量,低,情绪退潮,观望,资金观望型,,D,回避：资金观望,0.2
600809,山西汾酒,111.5,-62.2,1.13,-40.9,-0.35,-9216081,13552954,-111422836,25413774,16817456,15256805,缩量,低,情绪退潮,观望,资金观望型,,D,回避：资金观望,-0.1
600810,神马股份,6.22,-63.1,0.49,-38.0,1.18,1877191,8570772,15519066,-1180865,-1525936,-3589228,缩量,低,情绪退潮,观望,均衡流入型,,D,回避：资金观望,0.4
600760,中航沈飞,42.65,-22.7,0.62,-43.4,-2.8,-66862322,-453559980,-719256391,25233980,7737847,-167380,缩量,低,情绪退潮,吸筹,资金撤退型,机构吸筹+盈利(关注),C,谨慎：资金流入未验证业绩,23.1
600765,中航重机,13.08,-53.9,0.64,-50.6,-4.02,-26179727,-24622446,-93751584,2691486,2500307,-951381,缩量,低,情绪退潮,吸筹,资金观望型,机构吸筹+盈利(关注),C,谨慎：资金流入未验证业绩,22.7
600775,南京熊猫,9.29,-58.2,0.82,-10.9,1.11,6097775,-1445252,245298,421796,-992496,-1302991,缩量,低,情绪退潮,进场,资金观望型,资金+业绩共振(双击候选),B,关注：资金+业绩共振,72.4
600816,建元信托,2.34,-58.5,0.3,-40.4,-2.73,-14543898,-7684115,-6865097,-6365244,-5544813,8941354,缩量,低,情绪退潮,观望,资金观望型,,D,回避：资金观望,-0.9
600817,宇通重工,9.75,-19.8,0.23,-20.6,-9.13,-7347546,-3084828,-6817099,1365712,740829,570247,缩量,低,情绪退潮,观望,资金观望型,,D,回避：资金观望,-3.0
600819,耀皮玻璃,5.61,-29.1,0.86,-20.6,-0.48,-1064935,-22159200,-11702929,-1282697,-308780,2257143,缩量,低,情绪退潮,观望,资金观望型,,D,回避：资金观望,-0.2
600779,水井坊,25.73,-72.5,1.34,-13.9,5.24,13269766,12760876,-11444764,-314185,-871672,-159303,缩量,中,主力惜售,进场,资金观望型,资金+业绩共振(双击候选),B,关注：资金+业绩共振,85.7
600821,金开新能,5.7,-80.1,0.35,-32.6,-15.41,-169953662,-224545753,-146659810,6074067,-4451519,-8550272,缩量,低,情绪退潮,观望,资金观望型,,D,回避：资金观望,-5.1
600822,上海物贸,9.18,181.3,0.78,125.4,-1.78,-8854099,2681647,9226552,-1243054,-852356,-4508079,放量,低,游资情绪,观望,资金观望型,,D,回避：资金观望,7.4
600824,益民集团,3.66,-11.2,0.66,-48.7,2.12,3998265,13156281,-7591988,-809581,-2180402,2001662,缩量,低,情绪退潮,观望,趋势转多型,,D,回避：资金观望,0.7
600770,综艺股份,6.18,76.5,0.13,38.1,1.21,33204021,79583609,175946455,32511800,32528585,-19238149,放量,低,游资情绪,抢筹,均衡流入型,资金+业绩共振(双击候选),B,关注：资金+业绩共振,88.4
600771,广誉远,13.89,-14.7,1.92,14.3,-0.56,-3254228,-10318443,-54127315,7297121,7529449,-6938401,缩量,低,情绪退潮,吸筹,资金撤退型,机构吸筹+盈利(关注),C,谨慎：资金流入未验证业绩,23.8
600777,新潮能源,4.0,-71.0,0.64,-42.1,-7.23,-26892734,-38127893,-13389716,6047002,6683967,-3139183,缩量,低,情绪退潮,吸筹,资金观望型,机构吸筹+盈利(关注),C,谨慎：资金流入未验证业绩,21.6
600785,新华百货,10.28,0.3,0.71,-63.9,4.31,56737283,21015466,314596659,7074086,9312836,-260943,缩量,低,情绪退潮,吸筹,资金观望型,资金+业绩共振(双击候选),B,关注：资金+业绩共振,65.4
600829,人民同泰,9.33,-80.6,4.89,-31.6,-6.09,-30615769,-34645512,-84098429,-3036738,-481865,381109,缩量,低,情绪退潮,观望,资金撤退型,,D,回避：资金撤退,-2.0
600830,香溢融通,8.36,46.4,0.15,-80.4,-11.77,-46021294,-59373044,-184730336,-1383155,-2722872,2071759,缩量,低,情绪退潮,观望,资金撤退型,,D,回避：资金撤退,-3.9
600831,广电网络,3.41,168.9,0.73,75.8,4.98,30336684,35125777,32150695,-4744080,-1602232,8982938,放量,低,游资情绪,观望,趋势转多型,,D,回避：资金观望,9.7
600833,第一医药,10.56,-62.2,1.39,-7.8,-2.17,-5334732,5083847,-10111092,-2939117,-4188263,-1623151,缩量,低,情绪退潮,观望,资金观望型,,D,回避：资金观望,-0.7
600787,中储股份,4.57,-56.8,0.92,-5.9,7.3,20379102,48187500,64962987,-811694,3455630,2502415,缩量,中,主力惜售,进场,主力强攻型,资金+业绩共振(双击候选),B,关注：资金+业绩共振,86.4
600792,云煤能源,5.29,770.7,0.54,54.0,6.42,273120657,578769478,731295368,-37870818,-21198169,63751656,放量,中,主力偏强放量,进场,主力强攻型,纯资金炒作(亏损风险),C,谨慎：纯资金炒作,30.1
600793,宜宾纸业,16.39,-70.8,1.55,46.0,-3.43,-13587436,11384286,-7623428,-358114,1520939,-304136,缩量,低,情绪退潮,吸筹,资金观望型,机构吸筹+盈利(关注),C,谨慎：资金流入未验证业绩,22.9
600838,上海九百,8.15,8.0,0.81,-39.1,-5.01,-27321568,-5267169,-57620941,2034828,1101930,-2897702,缩量,低,情绪退潮,观望,资金观望型,,D,回避：资金观望,-1.7
600839,四川长虹,6.41,-82.3,1.21,-50.5,-9.19,-85264397,-108071587,-391427724,-22833725,-22061347,24137842,缩量,低,情绪退潮,观望,资金撤退型,,D,回避：资金撤退,-3.1
600791,京能置业,7.1,-25.6,0.59,-50.5,-5.15,-25498844,-44228038,42899309,6782341,6781790,-6711067,缩量,低,情绪退潮,吸筹,长线吸筹型,纯资金炒作(亏损风险),C,谨慎：纯资金炒作,2.3
600841,动力新科,5.65,-32.0,0.48,2.4,-0.68,-2023111,-11101059,23121174,3043547,1547446,2280131,缩量,低,情绪退潮,观望,长线吸筹型,,D,回避：资金观望,-0.2
600795,国电电力,5.36,-10.3,0.65,-4.5,5.76,174448994,306782042,769725269,-64019110,-69076560,47144921,缩量,中,主力惜售,进场,主力强攻型,资金+业绩共振(双击候选),B,关注：资金+业绩共振,85.9
600802,福建水泥,6.94,2438.9,0.67,137.9,7.84,166713448,205621140,263809533,-35564779,-25411528,15242588,放量,中,主力偏强放量,进场,均衡流入型,纯资金炒作(亏损风险),C,谨慎：纯资金炒作,30.6
600844,金煤科技,3.21,-71.4,0.97,-69.0,-2.28,-10779284,-55922388,-24653353,-5843864,-5100459,6602220,缩量,低,情绪退潮,观望,资金观望型,,D,回避：资金观望,-0.8
600845,宝信软件,17.81,-59.7,0.69,62.1,-7.25,-101707620,77162781,-73747376,2249511,3722277,-4651683,缩量,低,情绪退潮,观望,资金观望型,,D,回避：资金观望,-2.4
600846,同济科技,10.68,-79.0,1.28,-34.5,-5.82,-6044355,-17979386,-55149325,-754351,-104112,826273,缩量,低,情绪退潮,观望,资金撤退型,,D,回避：资金撤退,-1.9
600847,万里股份,12.86,113.0,0.54,275.7,-6.46,-30454742,3992828,2147973,4215492,2317650,-2329648,放量,低,游资情绪,观望,资金观望型,,D,回避：资金观望,5.8
600848,上海临港,8.7,9.4,0.76,8.3,-0.58,-2150768,-16202635,-4260996,-7807194,-6372351,10901045,缩量,低,情绪退潮,观望,资金观望型,,D,回避：资金观望,-0.2
600850,电科数字,13.65,-65.8,0.83,-3.3,-3.86,-19716285,-28383150,-82027239,1546919,4719932,5518834,缩量,低,情绪退潮,观望,资金撤退型,,D,回避：资金撤退,-1.3
600851,海欣股份,7.9,-74.7,1.37,-7.9,-6.68,-18452444,-37299054,-78164643,1259881,-534551,-748954,缩量,低,情绪退潮,观望,资金撤退型,,D,回避：资金撤退,-2.2
600853,龙建股份,3.29,7.0,0.79,-11.8,-4.75,-6581873,-192685,7074154,1125808,830768,1920959,缩量,低,情绪退潮,观望,高位分歧型,,D,回避：资金观望,-1.6
600854,春兰股份,4.78,44.2,0.48,-7.5,-3.88,-5881224,-7951512,-12823592,-5743929,-6678772,6565125,缩量,低,情绪退潮,观望,资金撤退型,,D,回避：资金撤退,-1.3
600855,航天长峰,12.35,-2.6,0.31,-48.3,-9.64,-46314102,-43577580,54597141,-44975716,-13892352,35516207,缩量,低,情绪退潮,观望,长线吸筹型,,D,回避：资金观望,-3.2
600857,宁波中百,17.53,21.1,3.96,-18.6,-2.18,-27205849,-45064495,84970984,-19399486,-19695954,6488315,缩量,低,情绪退潮,观望,长线吸筹型,,D,回避：资金观望,-0.7
600858,银座股份,4.94,-7.8,0.67,-27.6,1.06,1815699,4372951,1953625,-411253,0,-422103,缩量,低,情绪退潮,观望,趋势转多型,,D,回避：资金观望,0.4
600859,王府井,9.68,-51.9,0.91,-37.6,-1.86,-8929700,-9549427,-28502050,-4977514,-2176576,3648207,缩量,低,情绪退潮,观望,资金撤退型,,D,回避：资金撤退,-0.6
600860,京城股份,7.52,-31.6,0.64,22.1,-5.05,-12976663,-16181192,-30729857,1027285,535148,1864928,缩量,低,情绪退潮,观望,资金撤退型,,D,回避：资金撤退,-1.7
600861,北京人力,12.69,-46.5,0.99,-32.7,-1.65,-1203006,3265410,525097,-692752,63800,-924857,缩量,低,情绪退潮,观望,资金观望型,,D,回避：资金观望,-0.5
600862,中航高科,17.73,-66.2,0.78,-49.7,-4.17,-31606995,-67763597,-3315096,-6709164,-6154634,-2458996,缩量,低,情绪退潮,观望,长线吸筹型,,D,回避：资金观望,-1.4
600863,华能蒙电,4.68,-70.7,2.69,-36.7,2.9,49821701,-55110902,65771476,-4923648,-8655019,3220563,缩量,低,情绪退潮,观望,资金观望型,,D,回避：资金观望,1.0
600864,哈投股份,5.63,-22.1,0.41,-2.8,-7.12,-71473075,-37730639,-5173846,-7295102,-6222854,7023486,缩量,低,情绪退潮,观望,资金观望型,,D,回避：资金观望,-2.4
600865,百大集团,10.43,123.9,0.58,-25.6,-3.91,-63165384,-47825800,-66241786,-17936661,-7622929,27280535,放量,低,游资情绪,观望,资金观望型,,D,回避：资金观望,6.7
600866,星湖科技,4.09,-56.2,0.46,-43.0,-8.23,-26772790,-50008016,-160625372,3806331,2121235,-2584524,缩量,低,情绪退潮,观望,资金撤退型,,D,回避：资金撤退,-2.7
600867,通化东宝,7.68,-71.2,0.68,-18.6,-8.48,-38822036,-58686631,-130818478,-2364012,-2099586,5086125,缩量,低,情绪退潮,观望,资金撤退型,,D,回避：资金撤退,-2.8
600814,杭州解百,6.87,-18.0,0.65,-58.5,-8.55,-21133563,-29464131,269942,1460275,1833223,-1377848,缩量,低,情绪退潮,吸筹,长线吸筹型,机构吸筹+盈利(关注),C,谨慎：资金流入未验证业绩,21.1
600869,远东股份,18.03,-15.6,1.12,-31.5,-4.83,-812183856,-2847046893,-3959556160,-35789731,-42540686,24895575,缩量,低,情绪退潮,观望,资金撤退型,,D,回避：资金撤退,-1.6
600871,石化油服,2.09,-66.9,0.84,-34.1,1.91,20899352,112568189,177923242,-4207893,-5109521,-566772,缩量,低,情绪退潮,观望,均衡流入型,,D,回避：资金观望,0.6
600872,中炬高新,16.84,-55.9,0.69,-15.2,-2.78,-16586144,-45704335,-82619813,-987010,280692,-18008458,缩量,低,情绪退潮,观望,资金撤退型,,D,回避：资金撤退,-0.9
600873,梅花生物,7.24,-51.6,0.55,-47.8,0.02,96623,2389221,-56259549,-11438309,-16007276,4034152,缩量,低,情绪退潮,观望,趋势转多型,,D,回避：资金观望,0.0
600874,创业环保,5.46,-33.7,0.6,-23.5,3.88,5835170,-4987130,-9965776,-4109971,-1541777,3260213,缩量,低,情绪退潮,观望,资金观望型,,D,回避：资金观望,1.3
600875,东方电气,22.97,-73.8,0.39,-40.3,-12.19,-318449039,-316015538,-191054485,-27618142,-11324768,45966095,缩量,低,情绪退潮,观望,高位分歧型,,D,回避：资金观望,-4.1
600876,凯盛新能,7.54,181.9,0.42,156.0,-4.08,-24457413,7316712,35008019,-3272713,2452840,9934241,放量,低,游资情绪,观望,资金观望型,,D,回避：资金观望,6.6
600877,电科芯片,11.4,-73.9,0.76,9.9,-2.91,-16647875,-6669972,-61868595,-2492424,-516451,-537670,缩量,低,情绪退潮,观望,资金观望型,,D,回避：资金观望,-1.0
600879,航天电子,13.66,-72.3,0.45,6.9,-5.57,-221414059,-216937496,-393738905,-81361363,-50439396,78455350,缩量,低,情绪退潮,观望,资金观望型,,D,回避：资金观望,-1.9
600880,博瑞传播,4.18,142.5,0.48,56.6,-8.65,-128752409,-96367490,36648442,-46113639,-49535482,48263746,放量,低,游资情绪,观望,高位分歧型,,D,回避：资金观望,5.1
600881,亚泰集团,1.84,-67.3,2.53,-19.7,-5.95,-52609871,45973867,66473375,4886599,2863877,-6259790,缩量,低,情绪退潮,观望,资金观望型,,D,回避：资金观望,-2.0
600882,妙可蓝多,18.71,-79.0,1.84,-46.3,-0.06,-173288,-13050517,-13587396,-3363068,-3231607,6028242,缩量,低,情绪退潮,观望,资金撤退型,,D,回避：资金撤退,-0.0
600883,博闻科技,8.21,14.3,0.36,-38.7,3.18,4804446,5826230,13396101,-962878,-605831,2780522,缩量,低,情绪退潮,观望,均衡流入型,,D,回避：资金观望,1.1
600884,杉杉股份,11.58,-21.7,0.21,60.3,-0.77,-23239015,-66832031,-340808209,23042014,2225316,-22280889,缩量,低,情绪退潮,观望,资金撤退型,,D,回避：资金撤退,-0.3
600885,宏发股份,33.48,-66.2,0.55,-39.9,-2.74,-40017933,-47869656,-137355604,6098245,1714995,-31462019,缩量,低,情绪退潮,观望,资金撤退型,,D,回避：资金撤退,-0.9
600812,华北制药,4.84,2.4,2.37,18.3,4.5,53430400,38106110,130557495,5250380,1448208,-11885971,缩量,低,情绪退潮,进场,资金观望型,资金+业绩共振(双击候选),B,关注：资金+业绩共振,73.5
600815,厦工股份,3.77,192.8,0.48,16.3,3.85,138047555,237821501,-55317169,2442692,-16209718,-51835932,放量,低,游资情绪,进场,趋势转多型,纯资金炒作(亏损风险),C,谨慎：纯资金炒作,21.3
600826,兰生股份,7.98,-7.9,0.34,77.5,5.78,21860634,23589103,20782928,-2592417,-618266,7991842,缩量,中,主力惜售,进场,趋势转多型,资金+业绩共振(双击候选),B,关注：资金+业绩共振,85.9
600892,大晟文化,4.16,7.4,2.57,-69.4,1.8,15328039,-35678801,-16563698,-6024066,782168,13848578,缩量,低,情绪退潮,观望,资金观望型,,D,回避：资金观望,0.6
600893,航发动力,38.41,-48.2,0.69,-34.4,-1.87,-89406250,-650001467,-476544378,-2799190,11188721,-11627501,缩量,低,情绪退潮,观望,资金观望型,,D,回避：资金观望,-0.6
600825,新华传媒,9.41,106.4,1.51,72.7,34.77,101349693,107577033,94226923,61872077,81750702,-25880172,放量,高,主力主导放量🔥(最强),抢筹,短线抢筹型,资金+业绩共振(双击候选),A,金股候选：资金强攻+业绩共振,105
600895,张江高科,27.77,-74.8,1.18,-18.5,-4.31,-95048612,-121243225,-362414837,-20496611,-15875525,25687237,缩量,低,情绪退潮,观望,资金撤退型,,D,回避：资金撤退,-1.4
600897,厦门空港,15.02,413.7,0.59,64.8,4.89,24351233,27567985,26145557,-1845009,-2866471,-1493539,放量,低,游资情绪,观望,趋势转多型,,D,回避：资金观望,9.6
600827,百联股份,7.76,-47.4,0.71,-41.5,-2.67,-9386633,-7693063,39704935,6131394,6318734,-982739,缩量,低,情绪退潮,吸筹,长线吸筹型,机构吸筹+盈利(关注),C,谨慎：资金流入未验证业绩,23.1
600901,江苏金租,6.85,-26.6,0.79,-19.0,0.73,6395374,20088751,53626437,-9754083,1421685,19586174,缩量,低,情绪退潮,观望,均衡流入型,,D,回避：资金观望,0.2
600903,贵州燃气,6.51,-9.4,2.63,-48.7,-8.02,-95307339,-97721147,-28812667,-2948943,-2995516,3972695,缩量,低,情绪退潮,观望,资金观望型,,D,回避：资金观望,-2.7
600905,三峡能源,3.52,-45.6,0.63,-9.6,-11.62,-131101260,-133007305,-219575220,8056120,9312843,8828630,缩量,低,情绪退潮,观望,资金撤退型,,D,回避：资金撤退,-3.9
600906,财达证券,6.27,-70.6,0.86,-37.9,-12.89,-75240429,-93671193,-173731906,-9410756,-4382711,5862023,缩量,低,情绪退潮,观望,资金撤退型,,D,回避：资金撤退,-4.3
600820,隧道股份,5.2,-66.9,0.83,-51.5,0.31,852908,39028456,41437063,1338016,2731234,-2767331,缩量,低,情绪退潮,进场,均衡流入型,资金+业绩共振(双击候选),B,关注：资金+业绩共振,72.1
600909,华安证券,7.69,-78.1,5.93,-35.0,-8.2,-218631236,-370204125,-545187633,30260654,13663510,-25726694,缩量,低,情绪退潮,观望,资金撤退型,,D,回避：资金撤退,-2.7
600916,中国黄金,7.14,-67.6,0.95,-56.5,-15.24,-88673626,-113057683,-237018168,-720542,434895,2393424,缩量,低,情绪退潮,观望,资金撤退型,,D,回避：资金撤退,-5.1
600917,重庆燃气,4.79,-10.3,0.67,-47.9,-4.27,-4717706,-9903055,-2148215,1302729,-197601,-1816865,缩量,低,情绪退潮,观望,资金观望型,,D,回避：资金观望,-1.4
600919,江苏银行,12.16,-32.6,1.16,4.7,0.82,44847642,-238393607,-67091683,-35602585,-37278257,-4539908,缩量,低,情绪退潮,观望,资金观望型,,D,回避：资金观望,0.3
600925,苏能股份,4.1,-34.7,0.71,-54.5,-2.5,-3734506,-9162161,4991787,6486154,4048053,-4920239,缩量,低,情绪退潮,观望,长线吸筹型,,D,回避：资金观望,-0.8
600926,杭州银行,16.81,-41.5,1.25,-21.5,-0.02,-506094,-159914245,-365781373,-14772991,-15675813,-10947561,缩量,低,情绪退潮,观望,资金撤退型,,D,回避：资金撤退,-0.0
600927,永安期货,12.06,-41.4,0.82,-40.2,-1.75,-4728826,-1379134,-9197386,-5086830,-3963584,7607382,缩量,低,情绪退潮,观望,资金观望型,,D,回避：资金观望,-0.6
600828,茂业商业,4.28,-20.3,0.68,-64.4,0.92,5405110,-21256394,21481539,1016627,-1045691,2591850,缩量,低,情绪退潮,进场,长线吸筹型,纯资金炒作(亏损风险),C,谨慎：纯资金炒作,12.3
600929,雪天盐业,5.99,18.5,0.4,83.6,-5.42,-54585548,-93579986,-6607205,6767833,876139,919485,缩量,低,情绪退潮,观望,资金观望型,,D,回避：资金观望,-1.8
600930,华电新能,3.82,-74.1,0.58,27.5,-8.51,-141076420,-68748087,-63603370,-604417,-291468,7238326,缩量,低,情绪退潮,观望,资金观望型,,D,回避：资金观望,-2.8
600936,北投科技,4.25,-82.0,2.06,-52.9,-10.63,-69441816,-210351834,-263991335,-6911884,-8342461,4064191,缩量,低,情绪退潮,观望,资金撤退型,,D,回避：资金撤退,-3.5
600835,上海机电,18.21,-41.6,0.51,53.0,3.77,26791977,18992212,34767028,52309,-1622791,659123,缩量,低,情绪退潮,进场,资金观望型,资金+业绩共振(双击候选),B,关注：资金+业绩共振,73.3
600939,重庆建工,2.65,50.4,0.42,-3.8,-0.58,-1068010,1289350,12381230,-5912192,-6825248,5115187,放量,低,游资情绪,观望,长线吸筹型,,D,回避：资金观望,7.8
600941,中国移动,97.36,-50.0,1.39,-24.4,-4.15,-134749735,-179506076,-438745606,9424821,18469743,9131818,缩量,低,情绪退潮,观望,资金撤退型,,D,回避：资金撤退,-1.4
600834,申通地铁,7.71,-9.1,0.52,-50.1,-2.53,-1599584,-5732788,2107374,600469,994740,-595453,缩量,低,情绪退潮,吸筹,长线吸筹型,机构吸筹+盈利(关注),C,谨慎：资金流入未验证业绩,23.2
600956,新天绿能,7.02,-44.5,0.36,-7.8,-1.76,-3863288,-20879070,-20751874,-728215,-2778555,-890198,缩量,低,情绪退潮,观望,资金观望型,,D,回避：资金观望,-0.6
600958,东方证券,8.61,-66.7,0.45,-29.5,-6.59,-99984844,-256802004,-385354255,-13540428,-20131057,5335835,缩量,低,情绪退潮,观望,资金撤退型,,D,回避：资金撤退,-2.2
600959,江苏有线,3.11,1.0,0.49,-20.9,-0.51,-2224591,-15160453,-1789874,3440193,-1964899,7142107,缩量,低,情绪退潮,观望,资金观望型,,D,回避：资金观望,-0.2
600960,渤海汽车,3.89,-52.9,0.42,-9.8,0.8,1125411,9701859,8918555,-141790,-590019,-1231091,缩量,低,情绪退潮,观望,趋势转多型,,D,回避：资金观望,0.3
600962,国投中鲁,25.24,-71.6,2.26,21.6,3.86,28741745,-9767094,-23771142,-7432579,-6708312,7056486,缩量,低,情绪退潮,观望,资金观望型,,D,回避：资金观望,1.3
600963,岳阳林纸,3.34,-45.2,0.79,-9.1,3.3,16177648,18246599,21515494,-704471,1736096,3195848,缩量,低,情绪退潮,观望,均衡流入型,,D,回避：资金观望,1.1
600843,上工申贝,7.68,318.8,0.75,332.8,6.34,90327719,89442579,85327783,-20261161,-8874462,24366746,放量,中,主力偏强放量,进场,资金观望型,纯资金炒作(亏损风险),C,谨慎：纯资金炒作,30.1
600967,内蒙一机,12.73,39.8,1.12,-54.2,-2.35,-71803461,-593717295,492660191,10953333,8774441,11937089,缩量,低,情绪退潮,观望,长线吸筹型,,D,回避：资金观望,-0.8
600887,伊利股份,27.24,-23.3,0.54,-32.8,6.57,347748508,721368530,857324986,100126534,39414456,-116544135,缩量,中,主力惜售,进场,主力强攻型,资金+业绩共振(双击候选),B,关注：资金+业绩共振,86.2
600969,郴电国际,9.5,-32.8,0.43,-65.5,-7.27,-26721150,-47183573,-19917811,-7384501,-3572678,7989677,缩量,低,情绪退潮,观望,资金观望型,,D,回避：资金观望,-2.4
600886,国投电力,15.15,-21.8,1.17,8.5,8.28,191642381,228900279,277404934,-67195769,-38204181,34279056,缩量,中,主力惜售,进场,均衡流入型,资金+业绩共振(双击候选),B,关注：资金+业绩共振,86.8
600971,恒源煤电,8.14,-36.4,0.8,-49.2,2.87,13459224,9823291,-36489464,-2734372,-1527182,-1227396,缩量,低,情绪退潮,观望,资金观望型,,D,回避：资金观望,1.0
600973,宝胜股份,5.71,-66.1,0.49,-29.6,-7.2,-26935140,-55396925,-96779769,-4273328,-540310,1868685,缩量,低,情绪退潮,观望,资金撤退型,,D,回避：资金撤退,-2.4
600975,新五丰,5.22,27.8,0.9,-55.4,-3.22,-16047019,-5984117,16287980,9659505,446816,-7416658,缩量,低,情绪退潮,观望,资金观望型,,D,回避：资金观望,-1.1
600868,梅雁吉祥,2.78,-44.9,0.72,-4.0,2.7,12765468,14436758,-50174970,12959285,10244094,-9218307,缩量,低,情绪退潮,吸筹,趋势转多型,纯资金炒作(亏损风险),C,谨慎：纯资金炒作,4.9
600977,中国电影,13.13,-45.2,1.42,3.5,-2.29,-41263732,-45996179,-160054787,7593847,11242309,8487630,缩量,低,情绪退潮,观望,资金撤退型,,D,回避：资金撤退,-0.8
600888,新疆众和,9.67,-17.2,2.54,-2.3,-1.52,-30771634,-84119911,-491032981,54719353,63181753,-19604871,缩量,低,情绪退潮,吸筹,资金撤退型,机构吸筹+盈利(关注),C,谨慎：资金流入未验证业绩,23.5
600980,北矿科技,18.78,-39.5,0.63,-7.6,-2.04,-4509072,-7700607,-23501545,-370829,-61331,-127206,缩量,低,情绪退潮,观望,资金撤退型,,D,回避：资金撤退,-0.7
600894,广日股份,7.66,58.4,0.28,159.1,6.5,29742645,10594809,1368790,1305928,95301,-1559826,放量,中,主力偏强放量,进场,资金观望型,资金+业绩共振(双击候选),B,关注：资金+业绩共振,90.2
600928,西安银行,3.48,-14.1,0.92,-38.4,4.38,13875368,29850294,46244311,5723938,3840303,-3987192,缩量,低,情绪退潮,进场,主力建仓型,资金+业绩共振(双击候选),B,关注：资金+业绩共振,73.5
600983,惠而浦,7.46,-50.4,0.53,-5.7,1.02,630001,917816,1356506,-280840,-1241680,859169,缩量,低,情绪退潮,观望,均衡流入型,,D,回避：资金观望,0.3
600984,建设机械,3.58,-31.7,1.7,-45.7,-2.59,-9987920,-27571006,-95247424,12239801,7823260,-15078239,缩量,低,情绪退潮,观望,资金撤退型,,D,回避：资金撤退,-0.9
600900,长江电力,28.38,-51.9,1.28,-28.2,6.03,711115215,528182757,905383858,-146519581,-16221095,145606934,缩量,中,主力惜售,进场,资金观望型,资金+业绩共振(双击候选),B,关注：资金+业绩共振,86.0
600918,中泰证券,5.39,-53.0,1.7,-43.0,-5.06,-33008225,-58876604,-74062648,2830628,4502216,-3356350,缩量,低,情绪退潮,吸筹,资金撤退型,机构吸筹+盈利(关注),C,谨慎：资金流入未验证业绩,22.3
600987,航民股份,6.23,-49.6,0.65,-27.8,-2.35,-2246987,1799185,8669255,1469624,-584215,-1037097,缩量,低,情绪退潮,观望,高位分歧型,,D,回避：资金观望,-0.8
600988,赤峰黄金,38.44,-41.7,1.08,-14.1,-7.33,-566758826,-174743755,-841760461,-68068130,-45158012,72570478,缩量,低,情绪退潮,观望,资金观望型,,D,回避：资金观望,-2.4
600989,宝丰能源,22.41,-55.6,0.57,-36.5,-3.32,-180181919,-87842817,15490110,-86752389,-69613823,19722914,缩量,低,情绪退潮,观望,资金观望型,,D,回避：资金观望,-1.1
600990,四创电子,17.54,-74.7,1.13,-29.3,-4.49,-7957153,-15876600,-43594747,-1881981,-581496,2625389,缩量,低,情绪退潮,观望,资金撤退型,,D,回避：资金撤退,-1.5
600908,无锡银行,5.84,0.7,1.14,-30.0,3.17,16209329,-9631659,-33570016,4518020,-1078563,9456,缩量,低,情绪退潮,进场,资金观望型,资金+业绩共振(双击候选),B,关注：资金+业绩共振,73.1
600992,贵绳股份,10.22,-54.1,1.2,130.0,4.61,28169321,25447494,26507952,-1910757,-434991,3267231,缩量,低,情绪退潮,观望,资金观望型,,D,回避：资金观望,1.5
600993,马应龙,22.21,-71.2,1.44,-26.4,-2.78,-6812465,-22137177,-53624309,-3215659,-224168,2419139,缩量,低,情绪退潮,观望,资金撤退型,,D,回避：资金撤退,-0.9
600995,南网储能,11.67,-73.6,0.44,-13.0,-7.54,-31980963,-57000320,-109123360,1637809,1059820,3853398,缩量,低,情绪退潮,观望,资金撤退型,,D,回避：资金撤退,-2.5
600996,贵广网络,6.9,-7.0,0.52,-4.1,0.09,467891,-15640752,-50408248,-6730496,-6906073,10459944,缩量,低,情绪退潮,观望,资金观望型,,D,回避：资金观望,0.0
600997,开滦股份,5.18,-23.1,0.88,-37.1,-2.07,-5460719,9065772,11844451,417453,-1745799,-7025850,缩量,低,情绪退潮,观望,资金观望型,,D,回避：资金观望,-0.7
600933,爱柯迪,13.3,-23.5,0.36,158.8,0.38,3602481,43676956,50869587,1449712,-4586726,-4787026,缩量,低,情绪退潮,进场,均衡流入型,资金+业绩共振(双击候选),B,关注：资金+业绩共振,72.1
600999,招商证券,16.94,-76.5,2.07,-40.1,-8.64,-237807112,-272417113,-345758533,18375282,13252171,-42756323,缩量,低,情绪退潮,观望,资金撤退型,,D,回避：资金撤退,-2.9
601000,唐山港,4.58,1.4,0.81,-12.2,1.04,10426349,34830602,64339475,-15351251,-21754213,10969459,缩量,低,情绪退潮,观望,均衡流入型,,D,回避：资金观望,0.3
601001,晋控煤业,17.0,-32.2,0.87,-26.0,-1.73,-23799822,-25595007,-74046008,10338692,3048839,-20408246,缩量,低,情绪退潮,观望,资金撤退型,,D,回避：资金撤退,-0.6
601002,晋亿实业,5.22,-72.2,0.52,-39.8,-4.93,-9069436,-3650146,-22303601,3434583,647075,-1694321,缩量,低,情绪退潮,观望,资金观望型,,D,回避：资金观望,-1.6
601003,柳钢股份,3.5,-54.1,0.86,-35.8,3.98,13482560,2105314,-13117350,-2681071,747369,4578841,缩量,低,情绪退潮,观望,资金观望型,,D,回避：资金观望,1.3
601005,重庆钢铁,1.2,-12.1,0.93,-7.2,4.57,25756150,12675067,-6868752,-409043,1357745,3617547,缩量,低,情绪退潮,观望,资金观望型,,D,回避：资金观望,1.5
601006,大秦铁路,4.67,-37.3,0.8,-15.9,-8.39,-154078853,-223611092,-161195330,-817372,10152551,13929233,缩量,低,情绪退潮,观望,资金观望型,,D,回避：资金观望,-2.8
601007,金陵饭店,6.8,-33.0,0.31,-37.7,2.12,3788287,-5678011,-5639749,-3816307,-1202527,-33530,缩量,低,情绪退潮,观望,资金观望型,,D,回避：资金观望,0.7
601008,连云港,4.35,30.6,0.69,-50.2,2.26,6057867,-1610937,6285877,-9415441,-10394745,7064410,缩量,低,情绪退潮,观望,资金观望型,,D,回避：资金观望,0.8
601009,南京银行,11.79,-11.2,1.1,-13.8,-5.14,-146017981,-233008649,-457943373,43686203,11546608,-40937804,缩量,低,情绪退潮,观望,资金撤退型,,D,回避：资金撤退,-1.7
600938,中国海油,33.36,-51.5,0.89,-27.8,9.8,495514562,250814782,690778720,-18486236,9563679,91590977,缩量,中,主力惜售,进场,资金观望型,资金+业绩共振(双击候选),B,关注：资金+业绩共振,87.3
601012,隆基绿能,10.89,-64.2,0.53,5.1,-8.39,-313252402,-429571750,-1089785435,18661089,38891470,7687252,缩量,低,情绪退潮,观望,资金撤退型,,D,回避：资金撤退,-2.8
600935,华塑股份,2.3,-5.4,0.42,-12.5,6.72,17365216,51888883,53642371,-1453736,-1491550,1280360,缩量,中,主力惜售,进场,主力强攻型,纯资金炒作(亏损风险),C,谨慎：纯资金炒作,26.2
600955,维远股份,12.28,-62.4,0.32,-23.9,4.36,5692835,4795238,4906430,378154,0,914323,缩量,低,情绪退潮,进场,资金观望型,纯资金炒作(亏损风险),C,谨慎：纯资金炒作,13.5
601018,宁波港,3.49,-1.2,0.72,0.2,-0.37,-2865728,89385135,125731655,23241371,30215771,10250415,缩量,低,情绪退潮,观望,资金观望型,,D,回避：资金观望,-0.1
601019,山东出版,6.76,-20.5,0.79,3.2,3.82,16913015,24741418,6575192,-2344936,-2147586,3209798,缩量,低,情绪退潮,观望,趋势转多型,,D,回避：资金观望,1.3
601020,华钰矿业,19.95,-46.0,0.46,-34.1,-0.4,-10426623,-91472287,-133155757,-1415485,4412327,9637088,缩量,低,情绪退潮,观望,资金撤退型,,D,回避：资金撤退,-0.1
601021,春秋航空,39.84,-15.2,0.81,31.1,-1.97,-31548264,-32923727,-41913881,-11160494,-4425237,35290850,缩量,低,情绪退潮,观望,资金撤退型,,D,回避：资金撤退,-0.7
601022,宁波远洋,8.24,19.0,0.63,7.4,-0.22,-806312,11219181,-8126322,1634386,840257,-6664086,缩量,低,情绪退潮,观望,资金观望型,,D,回避：资金观望,-0.1
601026,XD道生天,14.69,-61.5,1.11,79.1,-14.43,-50338743,24674475,-4858628,318019,418332,264307,缩量,低,情绪退潮,观望,资金观望型,,D,回避：资金观望,-4.8
600966,博汇纸业,4.77,-53.7,0.82,-34.6,-1.52,-3325885,5799774,-30405070,3060853,3162910,-2493757,缩量,低,情绪退潮,吸筹,资金观望型,机构吸筹+盈利(关注),C,谨慎：资金流入未验证业绩,23.5
601033,永兴股份,14.1,-51.9,0.54,-24.2,-2.72,-4465820,1997165,-19844836,-2304646,-2529608,2355802,缩量,低,情绪退潮,观望,资金观望型,,D,回避：资金观望,-0.9
601038,一拖股份,13.67,-40.0,0.94,-46.1,-1.18,-5711962,-21673175,-100854048,-3325356,-3599057,1436019,缩量,低,情绪退潮,观望,资金撤退型,,D,回避：资金撤退,-0.4
600961,株冶集团,22.59,-76.7,0.62,-18.1,-4.52,-107590269,-47130953,-288100241,15758413,10168562,-8248376,缩量,低,情绪退潮,吸筹,资金观望型,机构吸筹+盈利(关注),C,谨慎：资金流入未验证业绩,22.5
600976,健民集团,26.56,-83.2,1.6,-53.3,3.63,3996273,-5295522,-1112010,567593,-718353,-1651930,缩量,低,情绪退潮,进场,资金观望型,资金+业绩共振(双击候选),B,关注：资金+业绩共振,73.2
601061,中信金属,10.52,-64.8,0.81,-34.1,-7.0,-48407533,-97594789,-67919329,8316668,4082900,-8494754,缩量,低,情绪退潮,观望,资金观望型,,D,回避：资金观望,-2.3
601065,江盐集团,6.64,-49.1,0.84,-43.6,-1.72,-1405086,-4808501,-13955688,-1340975,-3192843,-1586854,缩量,低,情绪退潮,观望,资金撤退型,,D,回避：资金撤退,-0.6
601066,中信建投,23.01,-78.9,1.67,-39.0,-6.45,-68409596,-225460132,-397490877,-15223187,-19544762,5638231,缩量,低,情绪退潮,观望,资金撤退型,,D,回避：资金撤退,-2.1
600968,海油发展,3.91,-41.5,0.53,-35.3,4.78,26601043,13701042,-32356123,3957595,5166865,-126394,缩量,低,情绪退潮,吸筹,资金观望型,资金+业绩共振(双击候选),B,关注：资金+业绩共振,65.6
601069,西部黄金,24.35,-64.8,0.88,-38.1,-11.13,-182356015,-301286103,-483646957,-2492383,-8994992,-3210645,缩量,低,情绪退潮,观望,资金撤退型,,D,回避：资金撤退,-3.7
600970,中材国际,7.63,-56.4,0.36,-0.6,11.44,61959685,54522360,42105800,2904976,1305736,-2108899,缩量,高,主力控盘,控盘,资金观望型,控盘+盈利(稳健),B,关注：控盘稳健+盈利,71.8
601083,锦江航运,12.62,-6.1,0.47,-47.8,3.62,14271502,36103213,10579456,-2215984,-978273,2104377,缩量,低,情绪退潮,观望,趋势转多型,,D,回避：资金观望,1.2
601086,国芳集团,14.27,797.2,0.6,15.5,0.5,35707730,338041468,429953818,-61941514,-34922036,119569513,放量,低,游资情绪,观望,均衡流入型,,D,回避：资金观望,8.2
601088,中国神华,47.3,-33.6,0.97,-31.0,3.19,164734255,-47169248,210011314,-52392773,-9267901,-32581488,缩量,低,情绪退潮,观望,资金观望型,,D,回避：资金观望,1.1
601089,福元医药,16.01,-61.2,1.41,3.0,-3.79,-8221677,-9859930,-13813890,-659424,-521600,-1412610,缩量,低,情绪退潮,观望,资金撤退型,,D,回避：资金撤退,-1.3
601096,宏盛华源,3.92,-67.8,0.57,-5.8,-2.11,-6753742,-533574,6934563,595951,-1736391,144960,缩量,低,情绪退潮,观望,资金观望型,,D,回避：资金观望,-0.7
601098,中南传媒,10.2,-6.8,0.69,-19.6,-1.21,-5990486,14528887,76916761,4679249,483721,1565154,缩量,低,情绪退潮,观望,高位分歧型,,D,回避：资金观望,-0.4
600979,广安爱众,3.89,-50.8,0.3,-7.8,1.18,4662523,-30838451,-38847382,7325303,5625451,-5468104,缩量,低,情绪退潮,吸筹,资金观望型,纯资金炒作(亏损风险),C,谨慎：纯资金炒作,4.4
601100,恒立液压,90.82,-22.5,0.51,159.5,-4.59,-167259305,-43573924,-121492796,-1414757,3111613,-12813854,缩量,低,情绪退潮,观望,资金观望型,,D,回避：资金观望,-1.5
600981,苏豪汇鸿,2.41,-23.2,0.81,-5.4,-1.26,-2546381,-1521253,4430403,2406675,652022,-131795,缩量,低,情绪退潮,吸筹,资金观望型,机构吸筹+盈利(关注),C,谨慎：资金流入未验证业绩,23.6
600985,淮北矿业,15.9,-9.7,1.12,-45.4,3.26,38956738,108652559,74140216,9016414,1874396,32255749,缩量,低,情绪退潮,进场,趋势转多型,资金+业绩共振(双击候选),B,关注：资金+业绩共振,73.1
601107,四川成渝,6.04,-18.2,0.85,-12.4,-1.84,-4863812,13310638,29108024,485743,-85090,1432046,缩量,低,情绪退潮,观望,高位分歧型,,D,回避：资金观望,-0.6
601108,财通证券,8.17,-60.4,1.11,-28.8,-11.7,-178959397,-95116958,-106093873,-12635709,-21573735,-1945666,缩量,低,情绪退潮,观望,资金观望型,,D,回避：资金观望,-3.9
601111,中国国航,5.78,-50.0,0.57,2.1,-0.18,-3360215,-6216344,-93488131,38763254,31471485,-37221441,缩量,低,情绪退潮,观望,资金撤退型,,D,回避：资金撤退,-0.1
600986,浙文互联,6.98,-59.3,0.43,-37.2,0.92,16588754,-13302320,-147546454,7029598,7469348,8228808,缩量,低,情绪退潮,进场,资金观望型,资金+业绩共振(双击候选),B,关注：资金+业绩共振,72.3
601113,华鼎股份,3.5,17.3,0.41,25.5,2.75,6329953,10741998,3211494,-193936,1216248,2265944,缩量,低,情绪退潮,观望,趋势转多型,,D,回避：资金观望,0.9
601116,三江购物,9.85,-56.1,0.95,-56.6,-3.94,-18596889,-70855812,244045,1890974,91268,-1104995,缩量,低,情绪退潮,观望,长线吸筹型,,D,回避：资金观望,-1.3
601117,中国化学,7.13,-66.6,0.54,-40.7,3.48,44829865,-62709365,-325724145,-5454486,-2062148,6675992,缩量,低,情绪退潮,观望,资金观望型,,D,回避：资金观望,1.2
601118,海南橡胶,5.79,101.2,0.54,-49.3,-0.83,-30564516,-372020991,-310960014,-120581815,-87956502,128806899,放量,低,游资情绪,观望,资金观望型,,D,回避：资金观望,7.7
601121,宝地矿业,6.91,-60.7,1.33,-34.8,-2.69,-7193186,-17721307,-39185625,-7775821,-1827673,5434827,缩量,低,情绪退潮,观望,资金撤退型,,D,回避：资金撤退,-0.9
601126,四方股份,36.63,-60.1,0.64,-32.7,-2.02,-60895323,-108107384,8267294,29213576,15285636,-18067722,缩量,低,情绪退潮,观望,资金观望型,,D,回避：资金观望,-0.7
600982,宁波能源,5.49,40.1,0.37,28.8,3.37,30077241,-16279848,15800362,115877648,128449279,-59473718,缩量,低,情绪退潮,吸筹,资金观望型,资金+业绩共振(双击候选),B,关注：资金+业绩共振,65.1
601133,柏诚股份,23.32,-71.8,0.81,91.2,4.61,103376175,213224525,151565673,-12354578,-5396600,22501738,缩量,低,情绪退潮,观望,趋势转多型,,D,回避：资金观望,1.5
601136,首创证券,13.95,-43.2,0.56,-69.3,-4.62,-34513616,-100086715,24414229,14501,-3426086,2305064,缩量,低,情绪退潮,观望,长线吸筹型,,D,回避：资金观望,-1.5
601137,博威合金,19.17,-62.3,0.81,-26.4,-7.46,-66626708,-80754700,-368814680,-4021311,-6372199,3525754,缩量,低,情绪退潮,观望,资金撤退型,,D,回避：资金撤退,-2.5
601138,工业富联,58.42,-68.3,0.61,-27.7,-11.38,-2095476835,-2914781225,-1700137077,-79844782,-70173779,112779531,缩量,低,情绪退潮,观望,资金观望型,,D,回避：资金观望,-3.8
601155,新城控股,13.01,107.5,0.83,28.3,-4.32,-77261548,-34746361,-28659447,5550868,-2087109,-1113611,放量,低,游资情绪,观望,资金观望型,,D,回避：资金观望,6.6
601016,节能风电,3.26,-79.2,0.21,23.0,-13.25,-152436711,-112205255,-92150931,12795709,7763107,-4365456,缩量,低,情绪退潮,吸筹,资金观望型,机构吸筹+盈利(关注),C,谨慎：资金流入未验证业绩,19.6
601158,重庆水务,4.0,-41.7,0.83,-15.4,-3.2,-3210911,-6709413,8787686,-2514232,-931900,3600451,缩量,低,情绪退潮,观望,长线吸筹型,,D,回避：资金观望,-1.1
600998,九州通,4.96,-35.6,1.17,8.3,3.27,27357634,11231261,-1669906,5533312,3154253,6408031,缩量,低,情绪退潮,进场,资金观望型,资金+业绩共振(双击候选),B,关注：资金+业绩共振,73.1
601015,陕西黑猫,3.58,64.7,0.62,-26.2,1.49,21464296,53169723,96310178,10000729,10060106,-11134170,放量,低,游资情绪,抢筹,均衡流入型,纯资金炒作(亏损风险),C,谨慎：纯资金炒作,28.5
601011,宝泰隆,2.87,44.4,0.68,-47.8,5.16,33060388,31728299,20331569,-6682607,-7239636,1675532,缩量,中,主力惜售,进场,资金观望型,纯资金炒作(亏损风险),C,谨慎：纯资金炒作,25.7
601168,西部矿业,35.17,-68.5,1.25,-45.2,-1.08,-64111501,-317725546,-255053253,26210224,-11638841,-14095361,缩量,低,情绪退潮,观望,资金观望型,,D,回避：资金观望,-0.4
601169,北京银行,5.48,-7.4,1.03,-38.3,-4.32,-155643848,-241076015,-564244289,-21973449,1498971,29655517,缩量,低,情绪退潮,观望,资金撤退型,,D,回避：资金撤退,-1.4
601177,杭齿前进,13.64,-45.1,0.26,-45.9,-0.41,-1047200,-4656071,-16758987,-3150805,-542321,-1180396,缩量,低,情绪退潮,观望,资金撤退型,,D,回避：资金撤退,-0.1
601179,中国西电,11.41,-84.0,0.75,-25.4,-13.63,-361596902,-507390582,-651607446,-40058403,-34860873,44166293,缩量,低,情绪退潮,观望,资金撤退型,,D,回避：资金撤退,-4.5
601186,中国铁建,5.95,-63.4,0.83,-28.2,-6.0,-41241454,-105313963,-86713793,2476090,-4379335,-2693992,缩量,低,情绪退潮,观望,资金观望型,,D,回避：资金观望,-2.0
601058,赛轮轮胎,13.22,-37.1,0.78,-37.3,4.43,91529421,181796620,-26603826,24001043,19956885,-60089157,缩量,低,情绪退潮,进场,趋势转多型,资金+业绩共振(双击候选),B,关注：资金+业绩共振,73.5
601188,龙江交通,2.87,-12.4,0.81,-17.2,0.8,1252408,-189087,-8275346,-3587875,-1361439,4497266,缩量,低,情绪退潮,观望,资金观望型,,D,回避：资金观望,0.3
601198,东兴证券,13.06,-100.0,2.28,52.6,2.25,57924809,-113586345,-178592036,0,0,0,缩量,低,情绪退潮,观望,资金观望型,,D,回避：资金观望,0.8
601199,江南水务,6.44,-42.3,0.74,32.9,-2.54,-12507715,-47891651,-34484548,863168,2223725,1710365,缩量,低,情绪退潮,观望,资金观望型,,D,回避：资金观望,-0.8
601200,上海环境,6.77,-58.5,0.74,-19.1,-8.19,-13232698,-23455254,-33772805,-681141,769041,2343479,缩量,低,情绪退潮,观望,资金撤退型,,D,回避：资金撤退,-2.7
601059,信达证券,15.56,-100.0,1.49,33.5,5.98,64739287,123695494,57720527,0,0,0,缩量,中,主力惜售,进场,短线抢筹型,资金+业绩共振(双击候选),B,关注：资金+业绩共振,86.0
601077,渝农商行,6.58,-1.2,1.33,-2.2,-2.04,-49094760,-63401987,-228564468,29517061,39616120,-32044143,缩量,低,情绪退潮,吸筹,资金撤退型,机构吸筹+盈利(关注),C,谨慎：资金流入未验证业绩,23.3
601211,国泰海通,16.65,-50.6,0.84,-9.8,-3.11,-149813669,-242245383,-215465107,-44101563,-29808878,48803049,缩量,低,情绪退潮,观望,资金观望型,,D,回避：资金观望,-1.0
601212,白银有色,5.61,-24.9,0.98,-57.8,-10.21,-451954056,-616014892,-1211554443,-2064783,-2417587,27465993,缩量,低,情绪退潮,观望,资金撤退型,,D,回避：资金撤退,-3.4
601216,君正集团,4.44,-52.9,0.55,-26.8,-3.5,-37204696,-26960445,-194139467,8206182,6684882,-11889112,缩量,低,情绪退潮,观望,资金观望型,,D,回避：资金观望,-1.2
601218,吉鑫科技,6.13,984.8,0.31,731.3,2.82,146992139,223627491,252296301,-21570242,26640367,77778787,放量,低,游资情绪,观望,均衡流入型,,D,回避：资金观望,8.9
601068,中铝国际,4.35,45.5,0.58,47.0,6.22,31042371,24669926,27002753,3413942,4719048,11424064,缩量,中,主力惜售,进场,资金观望型,资金+业绩共振(双击候选),B,关注：资金+业绩共振,86.1
601106,中国一重,2.92,-44.5,0.34,-13.3,0.18,1457422,20819708,78483658,9685960,11627157,3424664,缩量,低,情绪退潮,进场,均衡流入型,纯资金炒作(亏损风险),C,谨慎：纯资金炒作,12.1
601226,华电科工,6.51,-43.0,0.45,20.5,-2.91,-9932005,-8280633,-10012892,1360767,1051036,3065166,缩量,低,情绪退潮,观望,资金观望型,,D,回避：资金观望,-1.0
601228,广州港,3.06,-15.2,0.77,-18.1,-1.28,-3523766,8535615,8929153,-2060785,-2515062,3360427,缩量,低,情绪退潮,观望,资金观望型,,D,回避：资金观望,-0.4
601099,太平洋,3.46,-10.5,0.87,-15.3,-3.52,-79026688,-12334441,-124404368,18220718,15920582,-1749174,缩量,低,情绪退潮,吸筹,资金观望型,机构吸筹+盈利(关注),C,谨慎：资金流入未验证业绩,22.8
601231,环旭电子,24.09,-48.3,0.43,6.0,-0.43,-15433440,4707123,322680499,17140702,4888263,5908664,缩量,低,情绪退潮,观望,长线吸筹型,,D,回避：资金观望,-0.1
601233,桐昆股份,22.49,21.5,0.59,-43.8,-5.63,-166038335,-194795598,-224864955,-77913711,-25279134,97864366,缩量,低,情绪退潮,观望,资金撤退型,,D,回避：资金撤退,-1.9
601236,红塔证券,6.88,-38.3,0.81,-28.1,1.29,10571322,-11061990,-4658468,-3784425,-2245651,2586980,缩量,低,情绪退潮,观望,资金观望型,,D,回避：资金观望,0.4
601112,振石股份,16.3,-5.6,0.19,97.1,-4.09,-20622614,-242310,9260329,5213740,3245576,-1926346,缩量,低,情绪退潮,吸筹,资金观望型,机构吸筹+盈利(关注),C,谨慎：资金流入未验证业绩,22.6
601101,昊华能源,12.59,-49.8,0.67,-51.3,0.08,866643,-107024009,-242099113,5303817,519262,-633847,缩量,低,情绪退潮,进场,资金观望型,资金+业绩共振(双击候选),B,关注：资金+业绩共振,72.0
601288,农业银行,6.94,-18.1,1.38,-10.3,-3.55,-371973699,-830429844,-252790702,95561827,125685501,68733,缩量,低,情绪退潮,观望,资金观望型,,D,回避：资金观望,-1.2
601298,青岛港,10.09,10.6,1.07,11.7,-4.37,-18528707,148825,14999574,920851,-2601152,-12757312,缩量,低,情绪退潮,观望,资金观望型,,D,回避：资金观望,-1.5
601127,赛力斯,46.81,-30.1,0.83,44.0,-5.5,-251716852,-348661679,-703823875,41444442,34842913,-18411707,缩量,低,情绪退潮,吸筹,资金撤退型,机构吸筹+盈利(关注),C,谨慎：资金流入未验证业绩,22.2
601311,骆驼股份,7.33,-54.6,0.23,-54.5,-6.21,-16338792,-23554309,-42953411,-2480961,-2614446,1209913,缩量,低,情绪退潮,观望,资金撤退型,,D,回避：资金撤退,-2.1
601318,中国平安,52.5,-48.0,0.65,-32.6,2.4,340334585,521126856,92423241,-16242452,-39048337,-48768098,缩量,低,情绪退潮,观望,趋势转多型,,D,回避：资金观望,0.8
601128,常熟银行,6.16,-24.7,0.93,-36.2,0.52,6860257,-31005600,-4897391,4593501,-1583427,986130,缩量,低,情绪退潮,进场,资金观望型,资金+业绩共振(双击候选),B,关注：资金+业绩共振,72.2
601326,秦港股份,3.51,-28.0,1.09,-13.2,3.49,12508312,4749826,-39021821,-294584,-3849838,-1387288,缩量,低,情绪退潮,观望,资金观望型,,D,回避：资金观望,1.2
601328,交通银行,7.62,12.4,1.16,-9.9,-6.4,-377719912,-627132159,-833736509,-105521713,-96397779,101403259,缩量,低,情绪退潮,观望,资金撤退型,,D,回避：资金撤退,-2.1
601330,绿色动力,8.26,-2.0,0.21,-49.8,-9.67,-45781639,-93198452,-49289429,-5087657,-2451082,-1124378,缩量,低,情绪退潮,观望,长线吸筹型,,D,回避：资金观望,-3.2
601333,广深铁路,3.05,-33.5,0.65,-28.2,4.5,40055564,42447171,-215278853,-5194678,-2469133,3392790,缩量,低,情绪退潮,观望,趋势转多型,,D,回避：资金观望,1.5
601336,新华保险,55.94,-74.6,0.84,-53.5,-5.32,-157752111,-223365358,-521420210,-20957677,-6838567,13944102,缩量,低,情绪退潮,观望,资金撤退型,,D,回避：资金撤退,-1.8
601339,百隆东方,7.2,-52.9,0.67,-16.1,0.81,2869729,-30751236,-27661601,-4317177,-2425217,3689782,缩量,低,情绪退潮,观望,资金观望型,,D,回避：资金观望,0.3
601139,深圳燃气,6.18,-46.9,0.74,-30.2,2.43,9365051,13791474,-5804495,2270182,-2715395,-8648591,缩量,低,情绪退潮,进场,趋势转多型,资金+业绩共振(双击候选),B,关注：资金+业绩共振,72.8
601366,利群股份,3.63,-25.1,0.7,-40.8,-1.84,-3127729,1766579,-1806379,2280459,1129875,41938,缩量,低,情绪退潮,观望,资金观望型,,D,回避：资金观望,-0.6
601368,绿城水务,4.63,-27.2,0.61,-5.8,-0.35,-344947,831706,-5420481,829177,1284707,1800315,缩量,低,情绪退潮,观望,资金观望型,,D,回避：资金观望,-0.1
601163,三角轮胎,12.17,-63.5,0.53,-37.3,1.47,1519023,7968435,23923664,245676,-1255651,-1428845,缩量,低,情绪退潮,进场,均衡流入型,资金+业绩共振(双击候选),B,关注：资金+业绩共振,72.5
601375,中原证券,3.94,-55.3,1.21,-30.9,-4.6,-23655974,-13932968,-82934080,1366508,77699,650859,缩量,低,情绪退潮,观望,资金观望型,,D,回避：资金观望,-1.5
601377,兴业证券,5.72,-50.0,0.75,-15.2,-12.35,-176377039,-201635012,-329109248,-7337456,-10738413,-8009910,缩量,低,情绪退潮,观望,资金撤退型,,D,回避：资金撤退,-4.1
601156,东航物流,18.06,-34.6,1.47,-19.9,8.9,55650414,-16001387,-81205551,-6003450,-4693868,822452,缩量,中,主力惜售,进场,资金观望型,资金+业绩共振(双击候选),B,关注：资金+业绩共振,87.0
601187,厦门银行,6.84,-50.3,1.0,-3.2,2.38,14117427,37046594,45252071,1993946,3111054,957389,缩量,低,情绪退潮,进场,主力建仓型,资金+业绩共振(双击候选),B,关注：资金+业绩共振,72.8
601398,工商银行,8.16,-25.2,1.5,-14.9,-2.54,-282801836,-494808754,-684439914,-168150309,-255621293,80610572,缩量,低,情绪退潮,观望,资金撤退型,,D,回避：资金撤退,-0.8
601399,国机重装,3.13,-3.5,0.55,-6.0,-6.93,-72627995,-85058130,-121862408,25025621,27351184,3590895,缩量,低,情绪退潮,观望,资金撤退型,,D,回避：资金撤退,-2.3
601456,国联民生,8.53,-49.5,0.55,-38.7,-2.57,-13763461,-3192504,-5759680,-3929906,-4433814,6435540,缩量,低,情绪退潮,观望,资金观望型,,D,回避：资金观望,-0.9
601500,通用股份,3.85,-45.2,0.37,-33.9,-0.32,-589480,-5225718,-21888951,2144774,1582288,796169,缩量,低,情绪退潮,观望,资金撤退型,,D,回避：资金撤退,-0.1
601512,中新集团,8.45,9.3,0.09,-43.1,-0.41,-419565,-806233,3335350,3918794,2154368,-2619348,缩量,低,情绪退潮,观望,资金观望型,,D,回避：资金观望,-0.1
601515,衢州东峰,3.19,-34.7,0.33,-3.3,-13.15,-24926616,-16796553,-39466071,-5255316,-4512170,5449705,缩量,低,情绪退潮,观望,资金观望型,,D,回避：资金观望,-4.4
601162,天风证券,3.56,-53.9,1.14,-35.5,-6.48,-149185980,-75435477,-376998757,35328609,32614990,-24183189,缩量,低,情绪退潮,吸筹,资金观望型,机构吸筹+盈利(关注),C,谨慎：资金流入未验证业绩,21.8
601166,兴业银行,17.79,-47.6,0.91,-34.0,0.88,44530662,-290982195,-956423792,15724997,8853669,20984533,缩量,低,情绪退潮,进场,资金观望型,资金+业绩共振(双击候选),B,关注：资金+业绩共振,72.3
601528,瑞丰银行,5.04,-25.0,1.07,-35.9,0.22,656883,-9991381,-14372058,-3286278,-3309021,-4432498,缩量,低,情绪退潮,观望,资金观望型,,D,回避：资金观望,0.1
601555,东吴证券,8.14,-40.5,0.56,-37.8,-3.03,-32772786,-22813166,-256769119,-11047813,-13194328,648687,缩量,低,情绪退潮,观望,资金观望型,,D,回避：资金观望,-1.0
601566,九牧王,9.1,248.5,0.81,-52.4,2.42,29867272,8512577,73190826,-4819545,53843,6685382,放量,低,游资情绪,观望,资金观望型,,D,回避：资金观望,8.8
601567,三星电气,13.86,94.9,0.55,73.5,4.71,108334151,234048229,263253967,-21149283,-13387364,-16576186,放量,低,游资情绪,观望,主力建仓型,,D,回避：资金观望,9.6
601568,北元化工,3.51,4.0,0.55,-47.7,-2.17,-6057913,1499093,5611936,-4303114,-5278524,688719,缩量,低,情绪退潮,观望,资金观望型,,D,回避：资金观望,-0.7
601577,长沙银行,9.7,-6.1,0.78,-27.4,-3.06,-28897358,-108214605,-179333306,-12526912,-10631043,17572305,缩量,低,情绪退潮,观望,资金撤退型,,D,回避：资金撤退,-1.0
601579,会稽山,37.66,60.2,1.18,111.3,-1.51,-137770336,60646818,380873571,-58938265,-51696562,37307896,放量,低,游资情绪,观望,高位分歧型,,D,回避：资金观望,7.5
601595,上海电影,23.26,16.4,1.65,-45.6,-0.94,-12121413,1175314,324153923,2326737,-3277456,8089583,缩量,低,情绪退潮,观望,长线吸筹型,,D,回避：资金观望,-0.3
601598,中国外运,6.69,-28.0,1.03,0.3,0.14,614753,3013727,5666379,-2376673,-2121531,4564970,缩量,低,情绪退潮,观望,均衡流入型,,D,回避：资金观望,0.0
601208,XD东材科,50.53,-3.5,0.75,60.7,2.07,429311102,689142786,614835420,22504971,-68042576,-28746452,缩量,低,情绪退潮,进场,趋势转多型,资金+业绩共振(双击候选),B,关注：资金+业绩共振,72.7
601600,中国铝业,8.94,-52.6,0.92,-18.5,-4.59,-324654313,-244518264,-528795768,58701738,78124656,47680677,缩量,低,情绪退潮,观望,资金观望型,,D,回避：资金观望,-1.5
601225,陕西煤业,25.66,-15.6,0.84,-28.2,4.12,162806859,90255995,112282167,21428591,8156482,-56352355,缩量,低,情绪退潮,进场,资金观望型,资金+业绩共振(双击候选),B,关注：资金+业绩共振,73.4
601606,长城军工,31.09,-68.7,2.31,-63.7,-3.68,-102953096,-367845406,14309923,-8291942,-7688284,22556596,缩量,低,情绪退潮,观望,长线吸筹型,,D,回避：资金观望,-1.2
601607,上海医药,16.0,-44.1,1.58,-0.6,0.9,5290878,-38595048,-64946643,-799294,103373,6956051,缩量,低,情绪退潮,观望,资金观望型,,D,回避：资金观望,0.3
601608,中信重工,4.56,-73.1,1.12,-24.4,-2.01,-11019422,-9069693,-7064593,-3943474,-2849519,1667465,缩量,低,情绪退潮,观望,资金观望型,,D,回避：资金观望,-0.7
601229,上海银行,9.55,-44.1,1.14,-26.4,2.65,48622537,1241544,-5711901,8656307,9107598,5478305,缩量,低,情绪退潮,进场,资金观望型,资金+业绩共振(双击候选),B,关注：资金+业绩共振,72.9
601611,中国核建,10.01,-83.3,0.91,-41.0,-12.47,-79808819,-251152917,-232611296,-13553506,-13014970,10266639,缩量,低,情绪退潮,观望,资金观望型,,D,回避：资金观望,-4.2
601615,明阳智能,9.78,-29.1,0.43,-11.3,-4.77,-86709694,-17647865,-472226411,21717693,21846290,15916022,缩量,低,情绪退潮,观望,资金观望型,,D,回避：资金观望,-1.6
601616,广电电气,3.78,-65.0,0.89,-21.0,0.38,695299,-10962467,-24677744,-5930084,-2142808,5201767,缩量,低,情绪退潮,观望,资金观望型,,D,回避：资金观望,0.1
601222,林洋能源,5.91,-13.5,0.62,-46.3,-5.68,-23596029,-33303070,-137191796,11151802,13275651,-6242707,缩量,低,情绪退潮,吸筹,资金撤退型,机构吸筹+盈利(关注),C,谨慎：资金流入未验证业绩,22.1
601619,嘉泽新能,3.86,-42.9,0.54,7.9,-10.9,-63918164,-52528590,-27205820,-1545085,5652214,1768808,缩量,低,情绪退潮,观望,资金观望型,,D,回避：资金观望,-3.6
601628,中国人寿,36.62,-60.9,0.81,-42.5,-5.56,-215508912,-386748492,-868656556,20900323,-5782213,-53667257,缩量,低,情绪退潮,观望,资金撤退型,,D,回避：资金撤退,-1.9
601633,长城汽车,13.66,-39.4,0.88,-8.3,-1.0,-9053904,-106760047,-93565583,-11712984,-17459266,17700377,缩量,低,情绪退潮,观望,资金观望型,,D,回避：资金观望,-0.3
601238,广汽集团,5.6,-73.3,2.04,-43.7,0.98,4912822,-14508060,52108668,35602174,39027694,-24178734,缩量,低,情绪退潮,吸筹,长线吸筹型,纯资金炒作(亏损风险),C,谨慎：纯资金炒作,4.3
601658,邮储银行,5.41,37.4,1.15,-38.8,-1.78,-70593446,-376893645,-738204718,27010550,24920833,47683936,缩量,低,情绪退潮,观望,资金撤退型,,D,回避：资金撤退,-0.6
601665,齐鲁银行,6.94,-28.1,0.94,-26.3,-2.32,-37619352,-109313993,-279981691,-6657769,8571199,2714634,缩量,低,情绪退潮,观望,资金撤退型,,D,回避：资金撤退,-0.8
601279,英利汽车,3.55,43.9,0.78,37.3,9.05,20501998,66420236,77510285,-4207240,-1356599,1001076,缩量,中,主力惜售,进场,主力强攻型,纯资金炒作(亏损风险),C,谨慎：纯资金炒作,27.0
601668,中国建筑,4.27,-18.6,1.16,-6.2,-5.25,-207152492,-318964631,-479638192,43382985,83029741,25859869,缩量,低,情绪退潮,观望,资金撤退型,,D,回避：资金撤退,-1.8
601669,中国电建,4.52,-67.1,0.32,-12.2,-13.54,-151937553,-203684312,-286119984,-7793654,-8450283,9685033,缩量,低,情绪退潮,观望,资金撤退型,,D,回避：资金撤退,-4.5
601677,明泰铝业,16.16,-30.4,0.8,-3.9,-1.4,-26597797,-40275937,-114097438,7751962,-1462544,-7620094,缩量,低,情绪退潮,观望,资金撤退型,,D,回避：资金撤退,-0.5
601678,滨化股份,5.64,-85.8,3.31,-47.0,-4.26,-56872056,-24904791,-351819950,-17563053,-18880047,13160232,缩量,低,情绪退潮,观望,资金观望型,,D,回避：资金观望,-1.4
601360,三六零,9.12,11.8,0.72,-0.7,4.8,222772248,359962589,-207181667,114781810,132855446,-49251832,缩量,低,情绪退潮,吸筹,趋势转多型,资金+业绩共振(双击候选),B,关注：资金+业绩共振,65.6
601688,华泰证券,17.72,-50.7,0.73,-6.1,-9.02,-341856750,-582232089,-1060664533,-72894777,-32165426,10761142,缩量,低,情绪退潮,观望,资金撤退型,,D,回避：资金撤退,-3.0
601319,中国人保,8.06,-15.7,1.07,-37.0,8.24,206042191,266342220,-43896196,85125367,72929975,-45571980,缩量,中,主力惜售,吸筹,短线抢筹型,资金+业绩共振(双击候选),B,关注：资金+业绩共振,78.7
601696,中银证券,10.96,-71.6,1.22,-48.7,-8.06,-98575117,-175425987,-294347208,-6239635,2152674,4180449,缩量,低,情绪退潮,观望,资金撤退型,,D,回避：资金撤退,-2.7
601698,中国卫通,22.7,-72.5,0.33,4.7,-6.27,-120024275,-179602593,-219860313,-27941382,-21145141,39909538,缩量,低,情绪退潮,观望,资金撤退型,,D,回避：资金撤退,-2.1
601699,潞安环能,14.79,-38.5,0.81,-43.1,-0.9,-13139559,-105864099,-178936609,-19919707,-28139428,10966445,缩量,低,情绪退潮,观望,资金撤退型,,D,回避：资金撤退,-0.3
601700,风范股份,6.04,-62.5,3.17,-62.2,-0.7,-12004140,-116136410,-819494542,-21528919,-13875279,30126789,缩量,低,情绪退潮,观望,资金撤退型,,D,回避：资金撤退,-0.2
601702,华峰铝业,14.84,-75.8,1.06,-48.8,0.66,1995605,-10594737,-32759347,-876535,72488,1686121,缩量,低,情绪退潮,观望,资金观望型,,D,回避：资金观望,0.2
601717,中创智领,12.99,-35.7,0.46,-19.7,-9.17,-86809841,-226552867,-306651615,-37484421,-38783880,26389799,缩量,低,情绪退潮,观望,资金撤退型,,D,回避：资金撤退,-3.1
601727,上海电气,6.41,-63.8,0.6,2.3,-1.67,-32247384,-212948041,-160393313,-24205116,-18083928,15406261,缩量,低,情绪退潮,观望,资金观望型,,D,回避：资金观望,-0.6
601369,陕鼓动力,8.42,-64.9,1.22,114.6,9.93,55355710,130588780,130524382,-6945809,-4031281,-3159206,缩量,中,主力惜售,进场,短线抢筹型,资金+业绩共振(双击候选),B,关注：资金+业绩共振,87.3
601390,中国中铁,4.25,-50.7,0.6,-28.2,-8.67,-112816190,-193808586,-269040458,28592896,27033438,-13272113,缩量,低,情绪退潮,吸筹,资金撤退型,机构吸筹+盈利(关注),C,谨慎：资金流入未验证业绩,21.1
601388,怡球资源,3.17,-53.5,0.29,-36.5,0.89,3309567,-45213179,-93882635,6370973,6374589,-6286444,缩量,低,情绪退潮,吸筹,资金观望型,资金+业绩共振(双击候选),B,关注：资金+业绩共振,64.3
601788,光大证券,13.55,-69.8,0.59,-40.6,-7.92,-58227081,-93390264,-281940112,-9043847,-7263689,-2266679,缩量,低,情绪退潮,观望,资金撤退型,,D,回避：资金撤退,-2.6
601599,浙文影业,3.27,5.7,0.7,-41.1,0.51,1407914,-6862755,-13506067,2302461,1290907,3382230,缩量,低,情绪退潮,进场,资金观望型,资金+业绩共振(双击候选),B,关注：资金+业绩共振,72.2
601798,蓝科高新,7.68,-20.9,0.71,-27.8,-0.73,-1049908,-3846500,2147160,399895,1610096,-2730471,缩量,低,情绪退潮,观望,资金观望型,,D,回避：资金观望,-0.2
601799,星宇股份,69.75,-37.1,0.44,-48.6,2.1,26083012,-15667913,-89041190,-466545,2603136,9268040,缩量,低,情绪退潮,观望,资金观望型,,D,回避：资金观望,0.7
601800,中国交建,5.83,-49.9,0.58,-19.6,-3.42,-17444140,-66661116,-69445942,429498,9987866,10005010,缩量,低,情绪退潮,观望,资金撤退型,,D,回避：资金撤退,-1.1
601588,北辰实业,1.81,82.6,0.25,31.4,-2.77,-12634223,-11176887,-9961664,46079,4366785,5405113,放量,低,游资情绪,抢筹,资金观望型,纯资金炒作(亏损风险),C,谨慎：纯资金炒作,27.1
601808,中海油服,12.06,-70.8,0.87,-21.5,-1.88,-10744929,-34259367,-43864635,6704375,3548746,-7837982,缩量,低,情绪退潮,观望,资金撤退型,,D,回避：资金撤退,-0.6
601519,大智慧,9.01,56.6,0.72,-1.5,-4.62,-79583015,-15210453,-146069040,170649131,165854307,-111147682,放量,低,游资情绪,抢筹,资金观望型,纯资金炒作(亏损风险),C,谨慎：纯资金炒作,26.5
601518,吉林高速,2.76,-40.8,0.75,-38.2,5.19,6752200,11344262,1300499,232104,154362,315552,缩量,中,主力惜售,进场,短线抢筹型,资金+业绩共振(双击候选),B,关注：资金+业绩共振,85.7
601601,中国太保,30.4,-55.9,0.85,-32.2,-2.08,-113781963,-262354177,-161654629,36237679,26689882,-24026318,缩量,低,情绪退潮,吸筹,资金观望型,机构吸筹+盈利(关注),C,谨慎：资金流入未验证业绩,23.3
601825,沪农商行,8.58,-42.0,0.9,-20.9,-0.18,-1491224,-47543297,-53080064,-1242169,-2476704,-5892804,缩量,低,情绪退潮,观望,资金撤退型,,D,回避：资金撤退,-0.1
601827,三峰环境,7.82,-79.1,1.05,-26.9,-4.13,-4746085,-8965569,-27799729,-1513092,242546,1023121,缩量,低,情绪退潮,观望,资金撤退型,,D,回避：资金撤退,-1.4
601609,金田股份,11.32,16.1,1.65,-12.9,2.51,81185096,130238340,190956644,32913879,5115830,-11767013,缩量,低,情绪退潮,进场,均衡流入型,资金+业绩共振(双击候选),B,关注：资金+业绩共振,72.8
601838,成都银行,18.88,-12.2,0.81,5.6,-4.41,-81202755,-121392913,-81060396,-12438306,-1506302,13704565,缩量,低,情绪退潮,观望,资金观望型,,D,回避：资金观望,-1.5
601857,中国石油,11.12,-34.7,0.85,-9.5,0.74,51299104,-102138763,2696549,-31204708,-24445126,63109993,缩量,低,情绪退潮,观望,资金观望型,,D,回避：资金观望,0.2
601636,旗滨集团,5.29,-65.3,1.01,0.1,-3.98,-71351282,-97233683,-104850061,14058764,12277651,-11865476,缩量,低,情绪退潮,吸筹,资金撤退型,机构吸筹+盈利(关注),C,谨慎：资金流入未验证业绩,22.7
601618,中国中冶,2.5,-27.9,0.85,-11.2,-9.68,-88003299,-98009262,-169821292,7328938,6365545,-4000443,缩量,低,情绪退潮,吸筹,资金撤退型,机构吸筹+盈利(关注),C,谨慎：资金流入未验证业绩,20.8
601865,福莱特,9.1,-77.0,0.85,-22.4,-5.52,-22616137,-22750310,-55948901,1264216,-1275582,166970,缩量,低,情绪退潮,观望,资金撤退型,,D,回避：资金撤退,-1.8
601866,中远海发,2.41,-30.2,0.7,-30.9,4.37,28036964,6698325,12594766,-13948683,-17349383,5321720,缩量,低,情绪退潮,观望,资金观望型,,D,回避：资金观望,1.5
601868,中国能建,2.37,-66.2,0.27,-10.4,-7.31,-136716256,-204899517,-256432028,4736035,2270507,-9353152,缩量,低,情绪退潮,观望,资金撤退型,,D,回避：资金撤退,-2.4
601869,长飞光纤,407.95,-28.8,0.8,-9.7,-7.71,-1895765144,-2061092450,-1396040400,49423007,73259625,80197645,缩量,低,情绪退潮,观望,资金观望型,,D,回避：资金观望,-2.6
601872,招商轮船,19.89,25.7,0.49,15.1,-5.44,-715432569,-428985068,1053034623,-296007985,-270575337,176431076,缩量,低,情绪退潮,观望,高位分歧型,,D,回避：资金观望,-1.8
601877,正泰电器,24.43,-58.3,0.47,-36.2,-5.31,-59578257,-57978546,-81723023,-9504052,-7382469,6271915,缩量,低,情绪退潮,观望,资金观望型,,D,回避：资金观望,-1.8
601666,平煤股份,8.73,-40.1,0.89,-44.0,0.64,5943996,-31438327,-207384919,12438016,8296971,-27479820,缩量,低,情绪退潮,进场,资金观望型,资金+业绩共振(双击候选),B,关注：资金+业绩共振,72.2
601689,拓普集团,47.35,-19.2,0.56,30.2,3.28,203347348,74319032,-309462667,46853375,19548908,-48798727,缩量,低,情绪退潮,进场,资金观望型,资金+业绩共振(双击候选),B,关注：资金+业绩共振,73.1
601881,中国银河,11.51,-56.5,0.76,-21.6,-9.04,-112222752,-176256039,-315817068,-23406000,-30025049,13704786,缩量,低,情绪退潮,观望,资金撤退型,,D,回避：资金撤退,-3.0
601882,海天精工,22.75,-33.0,0.59,-41.6,-4.92,-31022111,-14779382,-43692919,-6137783,688487,4979739,缩量,低,情绪退潮,观望,资金观望型,,D,回避：资金观望,-1.6
601886,江河集团,12.8,6.9,0.91,-39.9,-0.25,-1841545,-8279646,-46676042,-976069,-423338,12837837,缩量,低,情绪退潮,观望,资金撤退型,,D,回避：资金撤退,-0.1
601686,友发集团,4.97,-42.6,1.0,-14.5,5.71,6892394,13304322,-4148193,1442632,0,673551,缩量,中,主力惜售,进场,短线抢筹型,资金+业绩共振(双击候选),B,关注：资金+业绩共振,85.9
601890,亚星锚链,9.23,9.1,0.38,-30.7,-6.67,-115338703,-245335635,119184679,-20417212,-11282432,17494870,缩量,低,情绪退潮,观望,长线吸筹型,,D,回避：资金观望,-2.2
601728,中国电信,6.27,-48.7,1.17,-13.8,7.78,197969007,75838078,72406680,-22016659,-28575341,47509195,缩量,中,主力惜售,进场,资金观望型,资金+业绩共振(双击候选),B,关注：资金+业绩共振,86.6
601899,紫金矿业,29.46,-64.3,0.85,-22.3,-7.79,-1719978226,-2448421169,-3373795879,107381399,179119043,81390572,缩量,低,情绪退潮,观望,资金撤退型,,D,回避：资金撤退,-2.6
601900,南方传媒,12.58,113.0,0.7,-22.0,-1.44,-15018505,-68451280,-72890510,5695330,-1192584,-5458473,放量,低,游资情绪,观望,资金撤退型,,D,回避：资金撤退,7.5
601901,方正证券,6.63,-64.9,0.85,-22.9,-11.37,-105897236,-136263981,-137909589,-7931379,-3607001,-261286,缩量,低,情绪退潮,观望,资金撤退型,,D,回避：资金撤退,-3.8
601766,中国中车,6.12,-43.6,0.71,-1.0,7.55,303148414,30147460,72337618,-24439985,-21958576,15065640,缩量,中,主力惜售,进场,资金观望型,资金+业绩共振(双击候选),B,关注：资金+业绩共振,86.5
601916,浙商银行,2.87,6.7,1.62,-29.0,-1.99,-32343560,-50051149,117082738,8004355,-12835998,-7799287,缩量,低,情绪退潮,观望,长线吸筹型,,D,回避：资金观望,-0.7
601918,新集能源,11.36,-14.9,0.71,-11.3,-5.26,-101112959,-180105151,-111562543,-844963,3320600,6463605,缩量,低,情绪退潮,观望,资金观望型,,D,回避：资金观望,-1.8
601777,千里科技,7.91,56.0,0.41,54.7,6.73,103704010,64459554,58952473,4820158,-1195526,-29551906,放量,中,主力偏强放量,进场,资金观望型,资金+业绩共振(双击候选),B,关注：资金+业绩共振,90.2
601921,浙版传媒,7.55,49.7,0.62,-15.7,1.03,4070967,8712037,19641561,-882272,-1807522,-143445,缩量,低,情绪退潮,观望,均衡流入型,,D,回避：资金观望,0.3
601928,凤凰传媒,8.27,-23.4,1.59,-18.4,4.79,25680745,33633455,52377823,-2790208,-935196,9161439,缩量,低,情绪退潮,观望,均衡流入型,,D,回避：资金观望,1.6
601789,宁波建工,4.18,-69.1,0.21,-9.5,2.28,17324035,-350503,-72350875,3974627,1210747,-2650034,缩量,低,情绪退潮,进场,资金观望型,资金+业绩共振(双击候选),B,关注：资金+业绩共振,72.8
601933,永辉超市,2.96,-71.9,1.42,-69.8,-6.8,-76171180,-167956955,-290318667,-14374380,-14706721,12769426,缩量,低,情绪退潮,观望,资金撤退型,,D,回避：资金撤退,-2.3
601816,京沪高铁,4.7,-4.8,1.3,-0.0,8.52,284469949,267432999,506435378,-17576585,-101539743,-4032114,缩量,中,主力惜售,进场,资金观望型,资金+业绩共振(双击候选),B,关注：资金+业绩共振,86.8
601778,晶科科技,3.38,-66.5,0.13,3.3,-4.18,-50332001,-7179322,-42024491,2028214,2824542,-137488,缩量,低,情绪退潮,吸筹,资金观望型,机构吸筹+盈利(关注),C,谨慎：资金流入未验证业绩,22.6
601952,苏垦农发,8.72,16.3,0.37,-51.8,-11.64,-106549813,-178712869,56570476,-585211,180119,-3783412,缩量,低,情绪退潮,观望,长线吸筹型,,D,回避：资金观望,-3.9
601956,东贝集团,5.07,35.5,0.77,53.8,1.72,4895653,6056439,2539554,-532256,-450976,4439457,缩量,低,情绪退潮,观望,趋势转多型,,D,回避：资金观望,0.6
601958,金钼股份,19.3,-79.6,1.54,-20.2,-12.16,-267020599,-390222718,-706405729,-14397026,-16787431,12139900,缩量,低,情绪退潮,观望,资金撤退型,,D,回避：资金撤退,-4.1
601963,重庆银行,10.97,-55.4,1.14,-29.9,-3.96,-19972640,-26500932,14103752,-6322567,-2867598,788305,缩量,低,情绪退潮,观望,长线吸筹型,,D,回避：资金观望,-1.3
601965,中国汽研,13.03,-57.4,1.06,-16.4,3.5,11993970,-1910773,-42655696,-1219540,1063306,5142949,缩量,低,情绪退潮,观望,资金观望型,,D,回避：资金观望,1.2
601966,玲珑轮胎,10.36,-63.4,0.84,-32.8,2.52,7670722,11387372,-2134125,-2388991,35731,1227762,缩量,低,情绪退潮,观望,趋势转多型,,D,回避：资金观望,0.8
601968,宝钢包装,4.47,-34.2,0.68,-13.5,-4.52,-6553186,-5496835,-34907668,-1847707,-3003078,-1760794,缩量,低,情绪退潮,观望,资金观望型,,D,回避：资金观望,-1.5
601969,海南矿业,8.89,-68.2,0.37,-41.7,-3.44,-14878936,-28886901,-76400505,508462,-67572,2910588,缩量,低,情绪退潮,观望,资金撤退型,,D,回避：资金撤退,-1.1
601975,招商南油,4.43,-11.0,0.35,-8.6,1.53,59244157,-327432359,-286562550,-7288002,-14480079,4154983,缩量,低,情绪退潮,观望,资金观望型,,D,回避：资金观望,0.5
601801,皖新传媒,5.54,254.5,1.3,149.3,5.41,73171447,92305692,107064982,17761510,21700255,6761018,放量,中,主力偏强放量,进场,均衡流入型,资金+业绩共振(双击候选),B,关注：资金+业绩共振,89.8
601988,中国银行,6.65,-15.5,1.47,-14.0,-2.0,-155249447,-223683734,-236915080,23014473,2837570,-17124447,缩量,低,情绪退潮,观望,资金撤退型,,D,回避：资金撤退,-0.7
601828,美凯龙,2.19,55.4,0.47,-24.6,0.07,396029,42947867,-23247309,11847134,13908726,-3203431,放量,低,游资情绪,抢筹,趋势转多型,纯资金炒作(亏损风险),C,谨慎：纯资金炒作,28.0
601990,南京证券,6.54,-42.4,1.06,-32.3,-8.41,-40664297,-46298516,-108830170,2326577,490442,2023146,缩量,低,情绪退潮,观望,资金撤退型,,D,回避：资金撤退,-2.8
601991,大唐发电,5.25,-83.0,1.48,-34.6,-6.14,-238573545,-411945896,-679852218,-36326800,-8193307,71228628,缩量,低,情绪退潮,观望,资金撤退型,,D,回避：资金撤退,-2.0
601811,新华文轩,20.37,3464.1,0.58,698.3,-9.84,-288929361,-174707202,-178908330,92249815,115066014,-13524157,放量,低,游资情绪,抢筹,资金观望型,机构吸筹+盈利(关注),C,谨慎：资金流入未验证业绩,44.7
601995,中金公司,30.61,-63.6,2.36,32.9,-6.93,-315077196,-701043498,-670807285,22331032,13659078,-18804263,缩量,低,情绪退潮,观望,资金观望型,,D,回避：资金观望,-2.3
601818,光大银行,3.01,-40.6,1.49,-25.7,0.6,10193536,40826688,-70716996,2982358,4371362,6156508,缩量,低,情绪退潮,进场,趋势转多型,资金+业绩共振(双击候选),B,关注：资金+业绩共振,72.2
601858,中国科传,22.11,-1.2,1.03,-39.4,4.25,54634226,26567677,141311930,40582835,17234061,-63247065,缩量,低,情绪退潮,进场,资金观望型,资金+业绩共振(双击候选),B,关注：资金+业绩共振,73.4
601878,浙商证券,8.92,-61.5,0.63,-37.5,-7.06,-44224352,-83091230,-154826582,12336674,16543664,-8299048,缩量,低,情绪退潮,吸筹,资金撤退型,机构吸筹+盈利(关注),C,谨慎：资金流入未验证业绩,21.6
601999,出版传媒,6.96,474.9,0.64,-24.0,-3.54,-41941842,-34509972,37710262,768783,6502815,21936885,放量,低,游资情绪,观望,高位分歧型,,D,回避：资金观望,6.8
601860,紫金银行,2.54,-0.4,1.21,-19.0,5.04,30789764,60181161,-18559183,-15551370,-9565731,14975464,缩量,中,主力惜售,进场,短线抢筹型,资金+业绩共振(双击候选),B,关注：资金+业绩共振,85.7
601880,辽港股份,1.45,-17.1,0.51,-2.7,2.39,13586983,14708865,35171827,9899158,16758941,2477107,缩量,低,情绪退潮,进场,均衡流入型,资金+业绩共振(双击候选),B,关注：资金+业绩共振,72.8
603002,宏昌电子,17.56,-30.6,0.83,17.6,-3.75,-241441452,68296314,227887270,-1807900,-2631767,-2021014,缩量,低,情绪退潮,观望,资金观望型,,D,回避：资金观望,-1.2
601898,中煤能源,13.9,-24.9,0.93,-42.5,3.83,75598266,-42898404,-163927375,11886136,-4391372,54282302,缩量,低,情绪退潮,进场,资金观望型,资金+业绩共振(双击候选),B,关注：资金+业绩共振,73.3
603005,晶方科技,27.86,-68.4,1.43,-0.5,-5.31,-191355152,-83878592,-21143267,-51804521,-3467774,26428928,缩量,低,情绪退潮,观望,资金观望型,,D,回避：资金观望,-1.8
603006,联明股份,10.94,-43.7,0.75,-26.9,-0.7,-831032,-1972923,-503590,1633950,0,-326803,缩量,低,情绪退潮,观望,资金观望型,,D,回避：资金观望,-0.2
603007,顺景科技,4.48,-55.9,0.44,-51.7,-5.66,-17390551,-37896528,-84196568,-3570746,-1369637,4546729,缩量,低,情绪退潮,观望,资金撤退型,,D,回避：资金撤退,-1.9
601888,中国中免,50.93,-77.8,0.99,-51.0,-1.93,-59844364,-195800054,-583308735,22198796,27849179,-13978014,缩量,低,情绪退潮,吸筹,资金撤退型,机构吸筹+盈利(关注),C,谨慎：资金流入未验证业绩,23.4
601919,中远海控,16.33,-5.6,0.85,-14.1,1.38,69089279,238632878,-607359180,175305044,170688568,-139501399,缩量,低,情绪退潮,吸筹,趋势转多型,资金+业绩共振(双击候选),B,关注：资金+业绩共振,64.5
603011,合锻智能,24.59,-45.9,3.27,-17.4,-4.97,-221018224,-60355870,-132379906,-14524107,-23077636,9770706,缩量,低,情绪退潮,观望,资金观望型,,D,回避：资金观望,-1.7
603012,XD创力集,8.47,-65.3,1.23,-55.2,-13.71,-90596424,-89604370,-188055691,-2835429,-2275096,-2284955,缩量,低,情绪退潮,观望,资金观望型,,D,回避：资金观望,-4.6
603013,亚普股份,14.2,-33.5,0.25,-49.6,-1.0,-1464491,-4872222,540845,3994904,-791015,-170768,缩量,低,情绪退潮,观望,资金观望型,,D,回避：资金观望,-0.3
603014,威高血净,30.88,-69.5,2.44,-16.6,-1.16,-1645940,-895252,-11879717,1755908,989120,-1927109,缩量,低,情绪退潮,观望,资金观望型,,D,回避：资金观望,-0.4
603015,弘讯科技,10.43,-24.2,0.57,-1.1,-1.34,-2707962,-5101531,-13849187,3629704,0,-2177913,缩量,低,情绪退潮,观望,资金撤退型,,D,回避：资金撤退,-0.4
601908,京运通,2.91,-50.6,0.49,13.9,-2.33,-8388519,-4571213,-18947938,3955487,3839225,-2669405,缩量,低,情绪退潮,吸筹,资金观望型,纯资金炒作(亏损风险),C,谨慎：纯资金炒作,3.2
603017,中衡设计,10.2,95.1,0.09,14.0,-0.91,-2182577,-5357774,-15992826,2163791,-2625855,-6443127,放量,低,游资情绪,观望,资金撤退型,,D,回避：资金撤退,7.7
601929,吉视传媒,2.37,43.1,0.82,-36.3,3.76,67651488,36929565,165592800,12216440,138179,-2326779,缩量,低,情绪退潮,进场,资金观望型,纯资金炒作(亏损风险),C,谨慎：纯资金炒作,13.3
601939,建设银行,11.03,-29.4,1.54,-11.7,1.67,87077477,-212987714,-472613691,62109986,62560580,6931797,缩量,低,情绪退潮,进场,资金观望型,资金+业绩共振(双击候选),B,关注：资金+业绩共振,72.6
603020,爱普股份,12.11,5.5,1.87,159.5,-3.47,-48600870,10053488,30709019,-1184512,-2931782,3788808,缩量,低,情绪退潮,观望,资金观望型,,D,回避：资金观望,-1.2
603022,新通联,9.17,7.9,0.38,8.4,-0.06,-80297,1179193,-4014814,455460,648807,835339,缩量,低,情绪退潮,观望,资金观望型,,D,回避：资金观望,-0.0
603023,威帝股份,4.08,-6.3,0.53,50.1,-6.2,-11036779,5967105,-15540401,-473204,302675,1447713,缩量,低,情绪退潮,观望,资金观望型,,D,回避：资金观望,-2.1
603025,大豪科技,12.95,-67.1,0.5,-15.5,-7.01,-23429919,-21463850,-55764284,-631833,-368659,4332784,缩量,低,情绪退潮,观望,资金观望型,,D,回避：资金观望,-2.3
603026,石大胜华,55.87,-69.7,0.22,-27.1,-9.14,-103477781,-183199476,-123001118,3278463,827265,-1970615,缩量,低,情绪退潮,观望,资金观望型,,D,回避：资金观望,-3.0
603027,千禾味业,7.12,-64.4,0.39,-45.7,-3.4,-12043922,-18841141,8470699,-7804901,-9452366,347652,缩量,低,情绪退潮,观望,长线吸筹型,,D,回避：资金观望,-1.1
603028,赛福天,7.26,-5.9,0.31,-10.9,-1.33,-1915001,-2379373,-5793087,-2886154,-1521829,1088661,缩量,低,情绪退潮,观望,资金撤退型,,D,回避：资金撤退,-0.4
601985,中国核电,9.02,-27.1,0.76,-25.1,8.24,275174389,205452970,379842026,-17310491,28492731,48796420,缩量,中,主力惜售,进场,资金观望型,资金+业绩共振(双击候选),B,关注：资金+业绩共振,86.7
603030,全筑股份,2.09,-15.5,0.27,-37.2,-0.21,-600508,9773061,52946145,2566513,1216454,1379954,缩量,低,情绪退潮,观望,高位分歧型,,D,回避：资金观望,-0.1
603031,安孚科技,36.57,-68.1,0.73,-26.8,-1.82,-29255114,37514769,88752208,-867160,-2439756,1116939,缩量,低,情绪退潮,观望,资金观望型,,D,回避：资金观望,-0.6
603032,德新科技,17.65,-61.4,0.57,-34.6,-4.21,-16313359,-27770139,-56886844,-3736347,-962688,4517400,缩量,低,情绪退潮,观望,资金撤退型,,D,回避：资金撤退,-1.4
603033,三维股份,7.64,-48.3,0.66,36.1,-1.65,-4916238,-6096025,-41399218,1550131,227209,-509696,缩量,低,情绪退潮,观望,资金撤退型,,D,回避：资金撤退,-0.5
603035,常熟汽饰,10.4,-48.4,0.68,-1.3,-0.47,-732836,-814503,-15040840,-1656273,-1563000,-988399,缩量,低,情绪退潮,观望,资金撤退型,,D,回避：资金撤退,-0.2
601998,中信银行,9.02,5.7,0.84,-3.8,5.85,132457844,214019872,415015866,-389049,-15021690,-20209989,缩量,中,主力惜售,进场,主力强攻型,资金+业绩共振(双击候选),B,关注：资金+业绩共振,86.0
603038,华立股份,15.68,-12.1,0.9,15.3,-6.33,-38395041,-15889498,-48522637,-5786335,-988109,-305093,缩量,低,情绪退潮,观望,资金观望型,,D,回避：资金观望,-2.1
603039,泛微网络,34.53,-70.7,1.71,-2.0,1.88,71349238,-46546632,-201655748,-12268920,-13065775,4512620,缩量,低,情绪退潮,观望,资金观望型,,D,回避：资金观望,0.6
603040,新坐标,44.33,-62.3,0.73,0.3,-3.09,-16563224,-22471308,-78710475,-3763374,-1531433,4016411,缩量,低,情绪退潮,观望,资金撤退型,,D,回避：资金撤退,-1.0
603041,美思德,11.66,0.3,0.36,24.8,-2.22,-3819375,-3783698,-3364278,-1235952,-2245877,2345382,缩量,低,情绪退潮,观望,资金观望型,,D,回避：资金观望,-0.7
601949,中国出版,6.01,677.2,1.14,-2.6,4.61,125249304,-46996529,98882135,82375487,97773085,-40853977,放量,低,游资情绪,抢筹,资金观望型,资金+业绩共振(双击候选),B,关注：资金+业绩共振,89.5
603043,广州酒家,12.95,-51.1,0.63,-43.1,-2.6,-4515463,-16985305,-15487359,329744,-612852,-891677,缩量,低,情绪退潮,观望,资金观望型,,D,回避：资金观望,-0.9
603045,福达合金,47.16,-44.2,1.94,-26.3,-6.78,-83359454,-122882755,-130921962,14224689,10918895,4803732,缩量,低,情绪退潮,观望,资金撤退型,,D,回避：资金撤退,-2.3
603048,浙江黎明,24.59,-5.7,0.52,77.3,-1.68,-6610286,-1814270,-4739059,-2425401,-405543,547112,缩量,低,情绪退潮,观望,资金观望型,,D,回避：资金观望,-0.6
603049,中策橡胶,43.83,-52.7,1.12,-39.4,-3.96,-13784892,-35672085,-39652209,-6177315,-6313542,1868129,缩量,低,情绪退潮,观望,资金撤退型,,D,回避：资金撤退,-1.3
603050,科林电气,16.45,-53.2,0.19,10.8,-6.35,-20963326,-38637305,-30999605,-339606,1250741,4168531,缩量,低,情绪退潮,观望,资金观望型,,D,回避：资金观望,-2.1
603051,鹿山新材,24.71,-23.0,0.81,49.2,-8.33,-59297883,-67303598,-59188426,1798346,-2199590,2231342,缩量,低,情绪退潮,观望,资金观望型,,D,回避：资金观望,-2.8
603052,可川科技,52.96,-12.2,0.42,28.8,-0.44,-5931742,88588010,67399940,3186624,5571771,3649281,缩量,低,情绪退潮,观望,资金观望型,,D,回避：资金观望,-0.1
603053,成都燃气,8.7,-56.7,0.85,-46.2,-6.72,-4022140,-8962505,-21547597,211381,0,44828,缩量,低,情绪退潮,观望,资金撤退型,,D,回避：资金撤退,-2.2
601997,贵阳银行,5.56,4.4,0.98,-33.0,9.83,98954831,72219960,-6244028,-20455254,1220766,28501180,缩量,中,主力惜售,进场,资金观望型,资金+业绩共振(双击候选),B,关注：资金+业绩共振,87.3
603057,紫燕食品,17.74,48.6,0.52,19.6,-4.64,-15506102,-21862266,-25839423,-492276,-2718640,-11182589,缩量,低,情绪退潮,观望,资金撤退型,,D,回避：资金撤退,-1.5
603058,永吉股份,8.67,-55.4,0.56,-63.5,-2.27,-7926586,-22207260,-62128499,270439,-588746,1532832,缩量,低,情绪退潮,观望,资金撤退型,,D,回避：资金撤退,-0.8
603059,倍加洁,25.89,15.8,0.49,4.7,-2.93,-5302408,-6052549,-2333766,2378576,3265747,-4654228,缩量,低,情绪退潮,观望,资金观望型,,D,回避：资金观望,-1.0
601996,丰林集团,2.9,-55.2,0.32,-28.0,2.89,8725001,3063408,6296609,5557001,4606732,1745345,缩量,低,情绪退潮,进场,资金观望型,纯资金炒作(亏损风险),C,谨慎：纯资金炒作,13.0
603001,奥康国际,11.97,49.9,1.6,45.4,-5.2,-75916107,-24436420,-36939398,7543548,8221810,-7022506,缩量,低,情绪退潮,吸筹,资金观望型,纯资金炒作(亏损风险),C,谨慎：纯资金炒作,2.3
603062,麦加芯彩,36.6,-29.5,0.17,-5.4,-3.01,-2256778,-1848251,-3410076,139586,0,790544,缩量,低,情绪退潮,观望,资金观望型,,D,回避：资金观望,-1.0
603063,禾望电气,28.16,-58.2,0.46,-36.5,-8.51,-138152763,-172158610,-128530263,28895869,30621413,-35024164,缩量,低,情绪退潮,观望,资金观望型,,D,回避：资金观望,-2.8
601992,金隅集团,1.41,27.4,0.47,23.1,0.33,1424225,23336575,25730791,3230344,6063287,3716787,缩量,低,情绪退潮,进场,均衡流入型,纯资金炒作(亏损风险),C,谨慎：纯资金炒作,12.1
603000,人民网,16.65,-30.4,0.64,54.2,-5.71,-90237273,90761444,-12270798,14386744,13802177,-1089464,缩量,低,情绪退潮,吸筹,资金观望型,机构吸筹+盈利(关注),C,谨慎：资金流入未验证业绩,22.1
603004,鼎龙科技,19.14,8.3,1.59,41.3,2.06,4422603,2367550,-6757761,2884050,650435,-8248646,缩量,低,情绪退潮,进场,资金观望型,资金+业绩共振(双击候选),B,关注：资金+业绩共振,72.7
603068,博通集成,45.0,34.3,2.9,121.2,-1.64,-91985907,147268337,183037463,-71440957,-52178565,89428578,缩量,低,情绪退潮,观望,资金观望型,,D,回避：资金观望,-0.5
603069,海汽集团,13.44,28.9,0.51,-0.6,-2.75,-7401341,1118933,13481194,-645067,-403813,1067849,缩量,低,情绪退潮,观望,资金观望型,,D,回避：资金观望,-0.9
603070,万控智造,11.33,-55.6,0.42,-26.2,0.05,36127,-1679826,-8745129,-865482,0,2139640,缩量,低,情绪退潮,观望,资金观望型,,D,回避：资金观望,0.0
603071,物产环能,12.34,-39.3,0.6,-35.8,-1.85,-1716999,-3789175,-14644029,1314936,623745,-1605430,缩量,低,情绪退潮,观望,资金撤退型,,D,回避：资金撤退,-0.6
603072,天和磁材,29.75,-73.4,0.61,3.9,-3.45,-6336652,-10167380,-25737130,-592630,-1448594,1749253,缩量,低,情绪退潮,观望,资金撤退型,,D,回避：资金撤退,-1.2
603009,北特科技,45.57,-31.9,0.82,13.4,0.2,2982606,51262451,209536427,14579627,3145688,-19239873,缩量,低,情绪退潮,进场,均衡流入型,资金+业绩共振(双击候选),B,关注：资金+业绩共振,72.1
603075,热威股份,19.95,-3.2,1.02,-18.3,-3.79,-12034659,-11986901,21827975,-1037173,-1081549,3879493,缩量,低,情绪退潮,观望,长线吸筹型,,D,回避：资金观望,-1.3
603076,乐惠国际,20.41,-43.9,0.24,-13.2,-4.18,-6292069,-10459884,-13596235,-690972,0,840776,缩量,低,情绪退潮,观望,资金撤退型,,D,回避：资金撤退,-1.4
603029,天鹅股份,16.76,41.4,0.56,-64.2,0.91,1927960,8607,-53993858,1023298,568788,2596885,缩量,低,情绪退潮,进场,资金观望型,资金+业绩共振(双击候选),B,关注：资金+业绩共振,72.3
603078,江化微,29.59,-74.8,1.56,-1.5,-6.13,-128192744,-2876542,-163454431,-19303780,-9366390,21278124,缩量,低,情绪退潮,观望,资金观望型,,D,回避：资金观望,-2.0
603079,圣达生物,13.17,0.4,0.65,-46.0,-3.01,-6492841,-3740314,-34990573,-197593,-738707,-1373719,缩量,低,情绪退潮,观望,资金观望型,,D,回避：资金观望,-1.0
603080,新疆火炬,19.56,-57.3,0.52,-43.4,-3.99,-4484671,-2389903,-637410,-391952,-591000,1143258,缩量,低,情绪退潮,观望,资金观望型,,D,回避：资金观望,-1.3
603081,大丰实业,9.43,-56.3,0.52,5.6,-1.16,-1229870,-5869791,-8438206,362579,0,1094723,缩量,低,情绪退潮,观望,资金撤退型,,D,回避：资金撤退,-0.4
603082,北自科技,42.0,23.8,4.16,85.7,-1.32,-27420143,-17223372,37521953,-12089251,-14354441,12076328,缩量,低,情绪退潮,观望,资金观望型,,D,回避：资金观望,-0.4
603016,新宏泰,31.88,24.2,0.21,-30.6,2.75,18455828,56921447,63280818,275445,1839549,4494768,缩量,低,情绪退潮,进场,主力建仓型,资金+业绩共振(双击候选),B,关注：资金+业绩共振,72.9
603085,天成自控,9.75,-37.2,0.31,-14.4,-6.85,-13202376,-25371532,-38905797,-1077089,730615,3990822,缩量,低,情绪退潮,观望,资金撤退型,,D,回避：资金撤退,-2.3
603010,万盛股份,12.07,-65.8,0.59,54.3,6.73,33403422,45240179,44786727,2520791,-338412,-3613012,缩量,中,主力惜售,进场,短线抢筹型,纯资金炒作(亏损风险),C,谨慎：纯资金炒作,26.2
603087,甘李药业,74.85,-36.5,3.22,45.0,-0.54,-20896848,-35839634,-127089791,-39324831,-9469998,9373103,缩量,低,情绪退潮,观望,资金撤退型,,D,回避：资金撤退,-0.2
603088,宁波精达,9.96,-12.7,0.26,-24.6,-2.58,-7803371,705971,-61476391,2162301,622741,372907,缩量,低,情绪退潮,观望,资金观望型,,D,回避：资金观望,-0.9
603089,正裕工业,9.53,4.3,0.54,-49.5,-0.6,-815443,-7070912,-28071877,448828,-509015,1742454,缩量,低,情绪退潮,观望,资金撤退型,,D,回避：资金撤退,-0.2
603090,宏盛股份,36.68,-12.4,0.4,-42.1,-6.68,-47314824,113997486,264137396,-2513309,-9608971,-4954783,缩量,低,情绪退潮,观望,高位分歧型,,D,回避：资金观望,-2.2
603018,华设集团,5.2,-30.3,0.56,-9.1,-1.9,-2989532,-10503708,-4631459,431074,474911,-176639,缩量,低,情绪退潮,吸筹,资金观望型,机构吸筹+盈利(关注),C,谨慎：资金流入未验证业绩,23.4
603092,德力佳,49.02,236.0,0.38,340.4,-0.72,-6436802,9422836,441999,-21403508,-15966492,23230078,放量,低,游资情绪,观望,资金观望型,,D,回避：资金观望,7.8
603019,中科曙光,80.4,-88.7,0.99,-6.4,-10.08,-814065222,-789960511,-2410506156,-11946078,3707410,-2016027,缩量,低,情绪退潮,吸筹,资金观望型,机构吸筹+盈利(关注),C,谨慎：资金流入未验证业绩,20.6
603095,越剑智能,14.11,-22.0,0.1,-43.0,-4.03,-14605473,-29931655,-78836972,-2426959,-392656,7352964,缩量,低,情绪退潮,观望,资金撤退型,,D,回避：资金撤退,-1.3
603042,华脉科技,16.55,568.7,0.49,101.3,8.01,326750699,398272349,393296606,468208,-8386636,15945520,放量,中,主力偏强放量,进场,短线抢筹型,纯资金炒作(亏损风险),C,谨慎：纯资金炒作,30.7
603097,江苏华辰,18.29,-51.4,0.78,-11.7,-0.43,-650504,-2174591,-3505071,-1748185,-479941,2042318,缩量,低,情绪退潮,观望,资金撤退型,,D,回避：资金撤退,-0.1
603098,森特股份,10.74,-49.3,0.36,-50.8,-6.38,-8728487,-25626176,-23296020,886576,60256,688984,缩量,低,情绪退潮,观望,资金观望型,,D,回避：资金观望,-2.1
603099,长白山,39.78,47.4,1.17,92.6,0.52,14664557,9226856,-110117849,-22331376,-3620205,32220541,缩量,低,情绪退潮,观望,资金观望型,,D,回避：资金观望,0.2
603100,川仪股份,18.29,-59.8,0.52,-14.1,0.41,1096277,-14057477,-34780956,-150147,-457179,-420061,缩量,低,情绪退潮,观望,资金观望型,,D,回避：资金观望,0.1
603101,汇嘉时代,7.37,-61.6,0.2,-52.2,-4.34,-7772083,-13340024,-15471044,-1672904,-508482,5256362,缩量,低,情绪退潮,观望,资金撤退型,,D,回避：资金撤退,-1.4
603102,百合股份,36.87,-38.8,2.14,-36.4,-2.78,-6718044,-4659683,-44920166,-4016230,-1934020,4655325,缩量,低,情绪退潮,观望,资金观望型,,D,回避：资金观望,-0.9
603103,横店影视,16.13,-48.6,0.76,-35.6,-3.88,-13184136,-4932377,15031784,-1385016,-986025,2975811,缩量,低,情绪退潮,观望,高位分歧型,,D,回避：资金观望,-1.3
603105,芯能科技,8.83,279.7,0.3,14.0,2.98,44824144,52484190,82070887,-5704974,-4278865,2756634,放量,低,游资情绪,观望,均衡流入型,,D,回避：资金观望,9.0
603106,恒银科技,7.27,-79.7,4.18,-60.0,-2.67,-11089954,-15843792,-49138523,-774035,-3803899,3618602,缩量,低,情绪退潮,观望,资金撤退型,,D,回避：资金撤退,-0.9
603107,上海汽配,12.12,-21.0,1.14,66.6,-2.72,-3182652,-4236735,-1897856,-1919756,-1055008,1008891,缩量,低,情绪退潮,观望,资金观望型,,D,回避：资金观望,-0.9
603108,润达医疗,10.08,-27.9,1.07,8.1,-1.27,-9291637,-21923765,-27698804,1619367,-7238740,4891368,缩量,低,情绪退潮,观望,资金撤退型,,D,回避：资金撤退,-0.4
603109,神驰机电,17.48,-27.6,0.34,34.4,-0.54,-767525,-5848347,-12578825,-886163,-171475,2140514,缩量,低,情绪退潮,观望,资金撤退型,,D,回避：资金撤退,-0.2
603060,国检集团,5.53,71.6,0.19,12.1,7.24,14555776,12835085,-1796663,-5119552,-1010896,-1365466,放量,中,主力偏强放量,进场,资金观望型,资金+业绩共振(双击候选),B,关注：资金+业绩共振,90.4
603111,康尼机电,6.15,-37.8,0.64,-4.9,-3.81,-5017956,3131751,-22575253,-363403,-9780,996796,缩量,低,情绪退潮,观望,资金观望型,,D,回避：资金观望,-1.3
603112,华翔股份,16.67,-8.2,0.31,-11.9,-0.76,-6047369,-37280531,6994326,318222,-1580372,4572124,缩量,低,情绪退潮,观望,资金观望型,,D,回避：资金观望,-0.3
603113,金能科技,4.87,-4.7,0.22,-63.0,-4.09,-11802022,-18074122,-353145,-136568,1225367,1098706,缩量,低,情绪退潮,观望,资金观望型,,D,回避：资金观望,-1.4
603115,海星股份,71.23,-48.0,1.46,-13.6,-6.07,-253397015,-208291207,135905895,15585965,18362393,1785361,缩量,低,情绪退潮,观望,长线吸筹型,,D,回避：资金观望,-2.0
603055,台华新材,9.04,23.0,0.83,-1.8,5.65,26021718,40635507,47369206,-2788110,88318,2822211,缩量,中,主力惜售,进场,主力强攻型,资金+业绩共振(双击候选),B,关注：资金+业绩共振,85.9
603117,万林物流,4.02,8.4,0.3,-1.3,-0.57,-1013003,-1937973,-7257272,-873512,1670762,268166,缩量,低,情绪退潮,观望,资金撤退型,,D,回避：资金撤退,-0.2
603118,共进股份,16.3,-64.7,1.33,-5.6,-7.53,-447106279,-21376081,-228070377,-56045036,-58364483,20329819,缩量,低,情绪退潮,观望,资金观望型,,D,回避：资金观望,-2.5
603119,浙江荣泰,52.26,-14.5,0.3,6.9,4.03,130873117,281033594,333752459,-45378700,-24046388,64753219,缩量,低,情绪退潮,观望,主力建仓型,,D,回避：资金观望,1.3
603120,肯特催化,57.75,-16.7,2.25,129.4,-7.42,-92091107,-43204055,-22498614,-8747190,-2726709,22635699,缩量,低,情绪退潮,观望,资金观望型,,D,回避：资金观望,-2.5
603121,华培动力,12.58,-3.0,0.49,-11.6,3.12,15152208,18572878,21041943,-1209298,-1132201,2306946,缩量,低,情绪退潮,观望,均衡流入型,,D,回避：资金观望,1.0
603122,合富中国,14.02,219.4,0.94,82.0,1.17,52116525,395217255,516510436,-52385502,-30398882,69451040,放量,低,游资情绪,观望,均衡流入型,,D,回避：资金观望,8.4
603123,翠微股份,9.22,-58.3,1.03,-66.1,-0.99,-12966606,-73804005,-4583176,-2516701,-4569149,9427133,缩量,低,情绪退潮,观望,资金观望型,,D,回避：资金观望,-0.3
603124,江南新材,120.2,-10.2,1.36,1.5,3.62,171119469,156144644,435266639,-11992523,-5337668,-32187049,缩量,低,情绪退潮,观望,资金观望型,,D,回避：资金观望,1.2
603125,常青科技,20.77,22.3,0.48,75.3,-1.62,-14655550,-19529024,5944459,1873232,-2882505,-8027238,缩量,低,情绪退潮,观望,资金观望型,,D,回避：资金观望,-0.5
603036,如通股份,13.7,-21.3,0.77,-49.6,-1.58,-3991538,6812688,-104747045,3009293,3104907,-2106595,缩量,低,情绪退潮,吸筹,资金观望型,机构吸筹+盈利(关注),C,谨慎：资金流入未验证业绩,23.5
603127,昭衍新药,44.82,-47.5,1.85,37.6,-1.67,-145899195,280756689,-137076632,-29344478,-20310222,29907093,缩量,低,情绪退潮,观望,资金观望型,,D,回避：资金观望,-0.6
603128,华贸物流,5.34,11.3,0.84,-45.6,-1.44,-5159527,-18655998,-48111151,-2499075,-3850519,3185434,缩量,低,情绪退潮,观望,资金撤退型,,D,回避：资金撤退,-0.5
603129,春风动力,284.0,-21.8,1.43,79.4,4.94,105407056,171558925,161398933,-29892006,-2166235,18090634,缩量,低,情绪退潮,观望,趋势转多型,,D,回避：资金观望,1.6
603037,凯众股份,10.44,124.6,0.32,29.5,-0.44,-1056164,-5751284,-19138446,3269947,1222246,-9307092,放量,低,游资情绪,抢筹,资金撤退型,机构吸筹+盈利(关注),C,谨慎：资金流入未验证业绩,47.9
603131,上海沪工,13.69,-68.0,0.2,34.9,-0.54,-1764224,1637079,-3885846,-1663612,-2163255,1427927,缩量,低,情绪退潮,观望,资金观望型,,D,回避：资金观望,-0.2
603061,金海通,318.5,-47.2,1.71,35.1,-2.15,-96630917,-93484202,-410894442,42502408,44654217,-39971548,缩量,低,情绪退潮,吸筹,资金观望型,机构吸筹+盈利(关注),C,谨慎：资金流入未验证业绩,23.3
603135,中重科技,8.59,-68.9,1.67,-30.5,-0.92,-2016009,-2462007,-28852513,-1024743,-391649,1661231,缩量,低,情绪退潮,观望,资金撤退型,,D,回避：资金撤退,-0.3
603136,天目湖,9.09,88.5,0.23,11.0,-5.22,-20270029,-21339083,76468401,2899614,1836009,-5211566,放量,低,游资情绪,观望,长线吸筹型,,D,回避：资金观望,6.3
603137,恒尚节能,17.98,-86.9,31.61,-5.7,-0.13,-1730393,2217203,-120379476,-13026198,-5776022,21126851,缩量,低,情绪退潮,观望,资金观望型,,D,回避：资金观望,-0.0
603138,海量数据,15.1,176.1,0.33,24.4,-1.93,-28488921,224015356,274674934,-7499796,-7351326,-2906106,放量,低,游资情绪,观望,资金观望型,,D,回避：资金观望,7.4
603139,康惠股份,34.94,-53.5,0.59,40.3,-6.5,-30812679,-10180,49183568,-1582638,-4578950,1645097,缩量,低,情绪退潮,观望,高位分歧型,,D,回避：资金观望,-2.2
603065,宿迁联盛,14.83,-50.2,17.26,41.6,10.79,281104182,268670632,196616944,13238041,6649159,3351663,缩量,高,主力控盘,控盘,资金观望型,控盘+亏损(警惕),C,谨慎：控盘但亏损,27.6
603066,音飞储存,9.32,-28.1,0.25,-37.9,2.04,3919736,-235649,9888572,632418,0,2290365,缩量,低,情绪退潮,进场,资金观望型,资金+业绩共振(双击候选),B,关注：资金+业绩共振,72.7
603067,振华股份,39.45,23.7,0.6,-19.0,5.32,411092647,307615865,331178552,90405807,7363884,-78748494,缩量,中,主力惜售,进场,资金观望型,资金+业绩共振(双击候选),B,关注：资金+业绩共振,85.8
603155,新亚强,14.78,-23.7,1.51,157.3,-1.08,-10563382,62153699,29829316,10541168,2297228,-19863673,缩量,低,情绪退潮,观望,资金观望型,,D,回避：资金观望,-0.4
603073,彩蝶实业,19.72,704.7,0.45,252.7,1.37,8778046,9179153,3826896,8724838,11030697,-9643160,放量,低,游资情绪,抢筹,趋势转多型,资金+业绩共振(双击候选),B,关注：资金+业绩共振,88.5
603158,腾龙股份,10.29,-70.4,0.42,-30.0,-1.29,-6450618,-31033321,-93651590,-6885654,-3825084,7458971,缩量,低,情绪退潮,观望,资金撤退型,,D,回避：资金撤退,-0.4
603159,上海亚虹,22.92,17.0,1.34,94.5,-4.38,-24020997,-54146535,-66097052,4908130,6898097,1639062,缩量,低,情绪退潮,观望,资金撤退型,,D,回避：资金撤退,-1.5
603077,和邦生物,2.18,-63.0,0.48,-61.9,-5.16,-55530114,-29863898,133690304,22943797,18266693,-6023025,缩量,低,情绪退潮,吸筹,高位分歧型,纯资金炒作(亏损风险),C,谨慎：纯资金炒作,2.3
603161,科华控股,14.5,-65.2,1.7,-64.5,-10.05,-20559706,-22363997,21955599,-3670146,-3610584,4383371,缩量,低,情绪退潮,观望,长线吸筹型,,D,回避：资金观望,-3.4
603162,海通发展,12.72,-22.7,1.14,-41.8,-6.11,-142606330,-358561868,-40649385,-41847456,-16470256,80009143,缩量,低,情绪退潮,观望,长线吸筹型,,D,回避：资金观望,-2.0
603163,圣晖集成,75.86,-61.7,1.3,-20.2,-1.45,-12393815,32415447,96512279,5772346,-1250585,-7035724,缩量,低,情绪退潮,观望,高位分歧型,,D,回避：资金观望,-0.5
603165,荣晟环保,13.21,-16.4,0.35,-33.6,-3.27,-8185291,-25988231,-69288863,2230218,-1376709,1730958,缩量,低,情绪退潮,观望,资金撤退型,,D,回避：资金撤退,-1.1
603166,福达股份,10.69,-64.7,1.18,-31.0,-2.75,-7614049,675867,-15884824,766293,-101050,75484,缩量,低,情绪退潮,观望,资金观望型,,D,回避：资金观望,-0.9
603167,渤海轮渡,7.98,-67.0,0.4,-30.7,-13.95,-10564218,-22633559,-23067067,-786036,2086931,1109935,缩量,低,情绪退潮,观望,资金撤退型,,D,回避：资金撤退,-4.6
603096,新经典,16.36,44.1,0.6,-25.9,0.1,161214,-4177797,-932131,700717,0,-992042,缩量,低,情绪退潮,进场,资金观望型,资金+业绩共振(双击候选),B,关注：资金+业绩共振,72.0
603169,兰石重装,5.87,-61.7,0.62,-18.0,-2.42,-6534691,-15182740,-18852215,28448,2878962,2364587,缩量,低,情绪退潮,观望,资金撤退型,,D,回避：资金撤退,-0.8
603086,先达股份,5.84,-0.6,1.05,-71.0,1.53,2935947,-11237288,-49621934,866437,1032982,1393177,缩量,低,情绪退潮,进场,资金观望型,资金+业绩共振(双击候选),B,关注：资金+业绩共振,72.5
603093,南华期货,13.31,41.9,0.98,-14.4,5.57,82476843,52069196,58767154,-12169685,-7885010,7608993,缩量,中,主力惜售,进场,资金观望型,资金+业绩共振(双击候选),B,关注：资金+业绩共振,85.9
603091,众鑫股份,45.2,-37.6,0.86,25.3,7.37,10510561,-8438714,-22260039,-4181872,-3935065,3198396,缩量,中,主力惜售,进场,资金观望型,资金+业绩共振(双击候选),B,关注：资金+业绩共振,86.5
603083,剑桥科技,201.1,-33.6,0.78,-24.2,-7.82,-1394913079,-1385314833,-581028656,232448905,203625789,-138700246,缩量,低,情绪退潮,吸筹,资金观望型,机构吸筹+盈利(关注),C,谨慎：资金流入未验证业绩,21.4
603175,超颖电子,109.7,14.7,0.58,87.6,-3.23,-60921694,-59534175,-98165541,-1042972,-2107431,3208527,缩量,低,情绪退潮,观望,资金观望型,,D,回避：资金观望,-1.1
603176,汇通集团,5.28,31.2,0.54,-24.3,-4.69,-4424657,-6680725,-7748880,-3715850,-1542213,3131828,缩量,低,情绪退潮,观望,资金撤退型,,D,回避：资金撤退,-1.6
603177,德创环保,10.99,-42.5,0.73,-9.6,-0.2,-364459,15745545,-9288294,-1928900,-1194633,870930,缩量,低,情绪退潮,观望,资金观望型,,D,回避：资金观望,-0.1
603178,圣龙股份,16.42,-35.3,0.48,-37.8,0.36,2514615,-584008,31878348,-84098,-1481197,-3228834,缩量,低,情绪退潮,观望,资金观望型,,D,回避：资金观望,0.1
603179,新泉股份,40.22,-36.4,0.38,-23.1,-1.99,-62793995,-11549187,-165269008,881771,-10331153,8642282,缩量,低,情绪退潮,观望,资金观望型,,D,回避：资金观望,-0.7
603130,云中马,38.66,-24.1,0.99,21.3,2.67,4998555,-3029531,-28625196,3206764,2323324,-4719169,缩量,低,情绪退潮,进场,资金观望型,资金+业绩共振(双击候选),B,关注：资金+业绩共振,72.9
603181,皇马科技,12.19,-53.7,0.95,-16.8,-3.95,-8677530,-11390757,-30809612,522998,-1171582,1920479,缩量,低,情绪退潮,观望,资金撤退型,,D,回避：资金撤退,-1.3
603126,中材节能,6.3,-12.5,0.35,-28.8,11.3,20524862,31489938,46020268,-2584848,163366,1787573,缩量,高,主力控盘,控盘,主力强攻型,控盘+盈利(稳健),B,关注：控盘稳健+盈利,71.8
603110,东方材料,25.18,-38.2,0.67,-21.7,-1.45,-15809538,-91597760,47084961,2341132,15720339,-8493547,缩量,低,情绪退潮,吸筹,长线吸筹型,纯资金炒作(亏损风险),C,谨慎：纯资金炒作,3.5
603185,弘元绿能,13.77,-71.4,0.41,-21.8,-3.21,-12509368,275237,-16024541,649134,-1540708,3463358,缩量,低,情绪退潮,观望,资金观望型,,D,回避：资金观望,-1.1
603132,金徽股份,18.42,22.3,0.94,-48.8,0.59,2967842,-18044253,-52161935,8784078,6475067,-10950808,缩量,低,情绪退潮,进场,资金观望型,资金+业绩共振(双击候选),B,关注：资金+业绩共振,72.2
603187,海容冷链,10.63,-82.7,0.61,-37.3,-3.07,-3480160,-1683741,11979378,-461471,-916849,995093,缩量,低,情绪退潮,观望,长线吸筹型,,D,回避：资金观望,-1.0
603116,红蜻蜓,7.82,298.2,0.27,184.0,3.24,17770695,13857812,2143665,15114942,3432886,-15432163,放量,低,游资情绪,进场,资金观望型,纯资金炒作(亏损风险),C,谨慎：纯资金炒作,21.1
603190,亚通精工,16.38,-34.2,0.23,-17.7,-0.58,-692252,-2933614,-9789041,509557,0,-1719337,缩量,低,情绪退潮,观望,资金撤退型,,D,回避：资金撤退,-0.2
603151,邦基科技,18.14,-25.8,1.9,-34.0,5.92,24867740,22158457,52911890,900288,-74546,-5530411,缩量,中,主力惜售,进场,资金观望型,资金+业绩共振(双击候选),B,关注：资金+业绩共振,86.0
603192,汇得科技,19.85,-29.0,1.71,-13.5,2.32,9920342,8939359,32365412,-1997107,841851,3684853,缩量,低,情绪退潮,观望,资金观望型,,D,回避：资金观望,0.8
603193,润本股份,20.0,-52.9,0.51,-38.0,-4.46,-8010885,-16025242,-32209198,2525421,2146660,-3139575,缩量,低,情绪退潮,观望,资金撤退型,,D,回避：资金撤退,-1.5
603194,中力股份,32.77,-63.9,0.63,-34.9,-2.77,-3233860,-6926974,-7767208,-1445782,-1184102,1668816,缩量,低,情绪退潮,观望,资金撤退型,,D,回避：资金撤退,-0.9
603150,万朗磁塑,68.49,143.3,0.59,-24.0,-0.74,-9011282,-76257286,26286808,-5329016,5156344,10076222,放量,低,游资情绪,抢筹,长线吸筹型,机构吸筹+盈利(关注),C,谨慎：资金流入未验证业绩,47.8
603196,璞源材料,17.84,-57.7,0.32,-20.6,-6.86,-9211530,-5426816,1957469,256598,-88788,-303274,缩量,低,情绪退潮,观望,高位分歧型,,D,回避：资金观望,-2.3
603197,保隆科技,28.94,-55.4,1.25,-28.1,-4.74,-13066113,-23595086,-20424348,-1750194,-823898,-1706092,缩量,低,情绪退潮,观望,资金观望型,,D,回避：资金观望,-1.6
603198,迎驾贡酒,37.45,-76.6,1.05,-39.2,-0.93,-5354989,-16729403,-39375375,-2040717,-2152384,4639342,缩量,低,情绪退潮,观望,资金撤退型,,D,回避：资金撤退,-0.3
603156,养元饮品,43.95,-30.3,0.91,7.3,-2.55,-57153880,-559338,-42536874,20618526,23786649,-17540778,缩量,低,情绪退潮,吸筹,资金观望型,机构吸筹+盈利(关注),C,谨慎：资金流入未验证业绩,23.1
603153,上海建科,13.48,-28.4,0.21,-25.5,0.01,16578,-5205208,2076214,1238467,1214444,1716786,缩量,低,情绪退潮,进场,长线吸筹型,资金+业绩共振(双击候选),B,关注：资金+业绩共振,72.0
603201,常润股份,15.23,-80.7,2.49,-35.5,-3.59,-6402670,-8154877,-6881473,429575,0,-122801,缩量,低,情绪退潮,观望,资金观望型,,D,回避：资金观望,-1.2
603202,天有为,51.04,-38.5,0.73,-4.0,-5.75,-13324726,-16079915,-19601955,929012,750335,-1972954,缩量,低,情绪退潮,观望,资金撤退型,,D,回避：资金撤退,-1.9
603203,快克智能,42.9,-65.5,2.09,17.0,3.13,60115351,137332898,133599290,-5847458,-5778715,11060042,缩量,低,情绪退潮,观望,趋势转多型,,D,回避：资金观望,1.0
603205,健尔康,21.55,-18.3,0.3,28.8,-10.45,-9703093,-6568925,-9535444,-888987,0,1935963,缩量,低,情绪退潮,观望,资金观望型,,D,回避：资金观望,-3.5
603206,嘉环科技,13.8,-45.1,0.79,35.8,2.01,4642350,3622556,-10827113,-1019206,880685,3372185,缩量,低,情绪退潮,观望,资金观望型,,D,回避：资金观望,0.7
603207,小方制药,24.14,27.4,1.15,-62.7,-5.08,-19966123,-26533990,3663021,-258083,-557969,-1827310,缩量,低,情绪退潮,观望,长线吸筹型,,D,回避：资金观望,-1.7
603208,江山欧派,11.43,-20.8,0.73,10.1,-0.12,-134814,5436344,5961925,-622103,0,1308232,缩量,低,情绪退潮,观望,资金观望型,,D,回避：资金观望,-0.0
603209,兴通股份,14.49,32.2,0.76,-21.4,-6.92,-19728236,-21850392,-24457770,-4062755,-1929694,3251362,缩量,低,情绪退潮,观望,资金撤退型,,D,回避：资金撤退,-2.3
603210,泰鸿万立,13.38,-29.5,0.56,-10.2,-2.86,-4807918,-9789368,-39377105,-2629968,-2012502,2468001,缩量,低,情绪退潮,观望,资金撤退型,,D,回避：资金撤退,-1.0
603211,晋拓股份,19.0,-83.0,1.15,-14.6,-1.92,-7431841,-12523912,-20313787,-925583,-1572954,908166,缩量,低,情绪退潮,观望,资金撤退型,,D,回避：资金撤退,-0.6
603212,赛伍技术,11.66,-25.9,0.6,19.6,2.14,12724203,6947685,-12291480,-671894,350033,-6295049,缩量,低,情绪退潮,观望,资金观望型,,D,回避：资金观望,0.7
603160,汇顶科技,54.06,-58.8,1.06,-13.5,6.54,81221719,132207080,389968201,8233882,3634018,-10925842,缩量,中,主力惜售,进场,主力强攻型,资金+业绩共振(双击候选),B,关注：资金+业绩共振,86.2
603168,莎普爱思,6.04,-7.3,0.82,4.7,2.26,4993554,4027759,276287,657901,788769,-1806216,缩量,低,情绪退潮,进场,资金观望型,纯资金炒作(亏损风险),C,谨慎：纯资金炒作,12.8
603215,比依股份,15.27,137.5,0.14,207.8,2.1,8894220,5504443,4403165,-2459695,-481278,4224985,放量,低,游资情绪,观望,资金观望型,,D,回避：资金观望,8.7
603170,宝立食品,13.53,238.8,0.81,62.8,5.11,21726528,17843808,24028706,-2456433,4269992,10202141,放量,中,主力偏强放量,进场,资金观望型,资金+业绩共振(双击候选),B,关注：资金+业绩共振,89.7
603217,元利科技,26.46,-10.9,0.5,-41.4,-2.78,-8554043,-17012713,-82780859,-4862075,-6097230,8031184,缩量,低,情绪退潮,观望,资金撤退型,,D,回避：资金撤退,-0.9
603218,日月股份,9.5,44.1,0.41,69.6,-2.33,-9410986,-9156777,-4974044,531118,1655435,-10402887,缩量,低,情绪退潮,观望,资金观望型,,D,回避：资金观望,-0.8
603173,福斯达,28.78,-71.7,0.44,-28.2,5.8,4210100,4793541,5723190,-212236,0,534305,缩量,中,主力惜售,进场,均衡流入型,资金+业绩共振(双击候选),B,关注：资金+业绩共振,85.9
603220,中贝通信,17.07,-65.6,0.34,-18.5,-2.09,-24058866,-102745527,-182042616,3028695,364275,-5022708,缩量,低,情绪退潮,观望,资金撤退型,,D,回避：资金撤退,-0.7
603221,爱丽家居,25.43,316.2,5.59,23.4,-0.66,-15229004,14324448,20175353,-31175539,-23661109,41380951,放量,低,游资情绪,观望,资金观望型,,D,回避：资金观望,7.8
603171,税友股份,39.88,-67.7,0.77,-37.3,3.72,43811998,66454480,54174808,376243,154586,-3286985,缩量,低,情绪退潮,进场,趋势转多型,资金+业绩共振(双击候选),B,关注：资金+业绩共振,73.2
603223,恒通股份,9.46,-77.7,2.06,-48.5,-15.22,-42504340,-68543431,-57017495,1766753,1218223,-2972482,缩量,低,情绪退潮,观望,资金观望型,,D,回避：资金观望,-5.1
603225,新凤鸣,16.65,-0.5,0.68,-27.5,-3.86,-39937263,30333529,-24952133,-15910409,1484794,10886411,缩量,低,情绪退潮,观望,资金观望型,,D,回避：资金观望,-1.3
603226,菲林格尔,29.47,9.0,0.8,28.5,-17.05,-226457484,-145995330,-90738032,-14180140,-3488028,9215627,缩量,低,情绪退潮,观望,高位分歧型,,D,回避：资金观望,-5.7
603172,万丰股份,19.81,36.4,0.47,-18.2,1.05,2374187,4298659,-7208692,4748353,4631352,-1449592,缩量,低,情绪退潮,吸筹,趋势转多型,资金+业绩共振(双击候选),B,关注：资金+业绩共振,64.3
603228,景旺电子,100.53,-31.6,1.35,-26.1,-4.1,-624672100,-1714798097,-1066371166,72331144,-17938407,-189716655,缩量,低,情绪退潮,观望,资金观望型,,D,回避：资金观望,-1.4
603180,金牌家居,15.83,-11.5,0.55,-11.7,2.49,1880191,2329588,9837685,113904,0,-407249,缩量,低,情绪退潮,进场,均衡流入型,资金+业绩共振(双击候选),B,关注：资金+业绩共振,72.8
603230,内蒙新华,15.31,5658.0,0.67,466.6,-5.62,-247460157,-265656598,-217765452,-28857863,-37843468,32436452,放量,低,游资情绪,观望,资金观望型,,D,回避：资金观望,6.1
603183,建研院,5.19,7.2,1.57,42.8,5.69,27427963,-4087318,-16143036,4867242,5569607,-9051113,缩量,中,主力惜售,进场,资金观望型,资金+业绩共振(双击候选),B,关注：资金+业绩共振,85.9
603182,嘉华股份,13.64,-16.4,0.42,-33.0,0.7,843372,592831,-11005650,-196841,800976,-245369,缩量,低,情绪退潮,吸筹,资金观望型,资金+业绩共振(双击候选),B,关注：资金+业绩共振,64.2
603233,大参林,17.83,-56.6,1.26,12.4,-2.82,-17062616,-23300342,-19250247,2524984,3238148,-9613706,缩量,低,情绪退潮,观望,资金观望型,,D,回避：资金观望,-0.9
603235,天新药业,25.14,-37.4,0.81,-44.7,0.59,344322,1510965,123588,-464032,0,525829,缩量,低,情绪退潮,观望,趋势转多型,,D,回避：资金观望,0.2
603236,移远通信,70.3,-21.8,1.64,44.7,-1.72,-74046524,-567855822,-408702639,-32953899,-14363529,32849449,缩量,低,情绪退潮,观望,资金观望型,,D,回避：资金观望,-0.6
603237,五芳斋,15.15,15.0,0.59,-57.4,-0.67,-807097,-1289764,-24234257,495829,0,-620353,缩量,低,情绪退潮,观望,资金撤退型,,D,回避：资金撤退,-0.2
603238,诺邦股份,12.71,-0.2,0.67,12.0,-0.37,-670423,-2265558,2768355,-1224577,-737940,-2068176,缩量,低,情绪退潮,观望,资金观望型,,D,回避：资金观望,-0.1
603239,浙江仙通,13.71,-47.9,0.27,-15.2,-5.66,-8225771,-9699966,-13514613,-1308156,-964446,2536293,缩量,低,情绪退潮,观望,资金撤退型,,D,回避：资金撤退,-1.9
603248,锡华科技,21.31,597.9,0.17,1337.5,-6.0,-173120970,8809877,-8082381,-24455046,-17870854,14115202,放量,低,游资情绪,观望,资金观望型,,D,回避：资金观望,6.0
603255,鼎际得,30.82,-21.7,0.78,30.0,-6.96,-21706414,-18407898,-37267827,892518,559410,-787446,缩量,低,情绪退潮,观望,资金观望型,,D,回避：资金观望,-2.3
603256,宏和科技,139.05,-46.6,1.1,96.2,1.95,432395916,2177864612,1038516119,-187642657,-120316838,208967998,缩量,低,情绪退潮,观望,趋势转多型,,D,回避：资金观望,0.7
603257,中国瑞林,64.4,-1.5,0.7,-4.8,-3.33,-20652745,-24345535,17868860,-5168769,-5886307,-33612,缩量,低,情绪退潮,观望,资金观望型,,D,回避：资金观望,-1.1
603186,华正新材,212.0,27.0,1.76,-7.6,-4.64,-740081178,-1186523827,218326977,448070710,335083489,-329735125,缩量,低,情绪退潮,吸筹,长线吸筹型,机构吸筹+盈利(关注),C,谨慎：资金流入未验证业绩,22.5
603259,药明康德,160.66,-49.0,1.41,16.0,-2.29,-618430359,934193059,863113271,-64755375,-156603234,44728390,缩量,低,情绪退潮,观望,资金观望型,,D,回避：资金观望,-0.8
603260,合盛硅业,31.01,-74.3,1.08,-14.9,0.67,6222805,-5408914,-47561941,-1070309,2381954,4374975,缩量,低,情绪退潮,观望,资金观望型,,D,回避：资金观望,0.2
603261,立航科技,49.48,-10.8,5.63,-20.3,-2.05,-10865048,-44905146,-28064907,-8208224,-2373873,11178841,缩量,低,情绪退潮,观望,资金观望型,,D,回避：资金观望,-0.7
603262,技源集团,17.13,-39.5,2.96,-39.9,-5.03,-13129848,-6045299,-48085285,-2532896,-2045424,2459485,缩量,低,情绪退潮,观望,资金观望型,,D,回避：资金观望,-1.7
603195,公牛集团,38.08,-54.7,0.36,-34.3,-0.64,-2372908,-13228012,-29955152,6105162,7562237,-1299870,缩量,低,情绪退潮,吸筹,资金撤退型,机构吸筹+盈利(关注),C,谨慎：资金流入未验证业绩,23.8
603267,鸿远电子,47.21,-72.4,1.21,38.0,-5.12,-80379784,-88294872,-86460494,-7236719,-3980018,8091081,缩量,低,情绪退潮,观望,资金观望型,,D,回避：资金观望,-1.7
603268,松发股份,214.02,-18.7,1.23,59.1,-3.54,-224202098,-696825151,-576614612,72034298,47720818,-53885288,缩量,低,情绪退潮,观望,资金观望型,,D,回避：资金观望,-1.2
603269,海鸥股份,23.44,-21.9,1.15,-60.0,0.8,19155985,178042702,-564508144,-8166334,-5068239,-23119515,缩量,低,情绪退潮,观望,趋势转多型,,D,回避：资金观望,0.3
603270,金帝股份,31.87,44.9,0.83,-42.5,-9.41,-110988987,-156395128,-115482661,-8856381,-4872335,16903105,缩量,低,情绪退潮,观望,资金观望型,,D,回避：资金观望,-3.1
603271,永杰新材,38.25,-76.0,0.46,-19.5,-8.13,-20385309,-20001228,-48905845,-1530511,-1033938,-44533,缩量,低,情绪退潮,观望,资金观望型,,D,回避：资金观望,-2.7
603273,天元智能,14.7,-35.6,1.08,-17.2,-2.57,-2896227,-5451463,-9446773,-755691,0,1376057,缩量,低,情绪退潮,观望,资金撤退型,,D,回避：资金撤退,-0.9
603188,亚邦股份,4.91,53.8,0.66,-40.4,-1.67,-4722819,7317478,10105846,44399333,41754141,-28774018,放量,低,游资情绪,抢筹,资金观望型,纯资金炒作(亏损风险),C,谨慎：纯资金炒作,27.4
603276,恒兴新材,17.58,5.9,0.47,77.2,-3.97,-12055107,1530890,1148246,2352346,2004430,-2917718,缩量,低,情绪退潮,观望,资金观望型,,D,回避：资金观望,-1.3
603277,银都股份,11.2,-63.4,1.32,-10.9,-2.57,-2345563,-2139925,-12097632,-388762,0,-299854,缩量,低,情绪退潮,观望,资金观望型,,D,回避：资金观望,-0.9
603191,望变电气,13.12,-72.4,0.74,-70.3,-12.52,-41420971,-52339701,-61342017,3011871,2823756,-721556,缩量,低,情绪退潮,吸筹,资金撤退型,机构吸筹+盈利(关注),C,谨慎：资金流入未验证业绩,19.8
603279,景津装备,10.71,-24.3,0.28,-31.2,-5.71,-15378831,-31245507,-52331243,-3778284,-177645,2246923,缩量,低,情绪退潮,观望,资金撤退型,,D,回避：资金撤退,-1.9
603280,南方路机,27.2,40.2,0.75,3.4,3.85,15467775,14286076,12803604,-715355,-569958,1598540,缩量,低,情绪退潮,观望,资金观望型,,D,回避：资金观望,1.3
603281,江瀚新材,18.12,-76.1,0.58,60.1,1.55,6435947,9411931,-15518058,-113907,0,880133,缩量,低,情绪退潮,观望,趋势转多型,,D,回避：资金观望,0.5
603282,亚光股份,17.32,2.8,0.19,-7.7,-2.41,-3196726,-6680440,-5908153,201591,0,521367,缩量,低,情绪退潮,观望,资金观望型,,D,回避：资金观望,-0.8
603283,赛腾股份,42.94,-72.3,1.31,-12.9,-1.39,-37008009,25033012,-345342517,-1987728,3649700,-5058660,缩量,低,情绪退潮,观望,资金观望型,,D,回避：资金观望,-0.5
603284,林平发展,40.54,-67.4,0.79,-13.7,-4.95,-9817219,-19190695,-28920398,1428342,-677512,-1746442,缩量,低,情绪退潮,观望,资金撤退型,,D,回避：资金撤退,-1.7
603285,键邦股份,36.72,-46.2,0.9,-14.8,-1.43,-9032551,69487098,176244423,9891142,2229815,-5948987,缩量,低,情绪退潮,观望,高位分歧型,,D,回避：资金观望,-0.5
603199,九华旅游,32.02,-42.4,0.52,-54.0,-6.66,-11737485,-16199395,-32716035,4433276,5046064,-2543231,缩量,低,情绪退潮,吸筹,资金撤退型,机构吸筹+盈利(关注),C,谨慎：资金流入未验证业绩,21.8
603288,海天味业,32.91,-46.2,0.97,-21.7,-0.39,-7772952,-68040201,-77916231,14890360,3764522,20806461,缩量,低,情绪退潮,观望,资金撤退型,,D,回避：资金撤退,-0.1
603289,泰瑞机器,11.36,208.6,0.2,142.2,3.32,28456557,25463154,39689166,-3297525,-6626809,6371188,放量,低,游资情绪,观望,资金观望型,,D,回避：资金观望,9.1
603290,斯达半导,83.4,-77.5,0.86,10.2,-5.71,-88638282,-36498072,-214205766,-3534120,473326,4326365,缩量,低,情绪退潮,观望,资金观望型,,D,回避：资金观望,-1.9
603291,联合水务,8.68,-25.9,0.43,24.5,-12.24,-21165513,8849620,4262199,-391291,-514915,3014679,缩量,低,情绪退潮,观望,资金观望型,,D,回避：资金观望,-4.1
603293,埃泰克,35.61,-58.8,0.22,-60.4,-2.34,-4235864,673333,38437032,1158703,418795,521957,缩量,低,情绪退潮,观望,高位分歧型,,D,回避：资金观望,-0.8
603296,华勤技术,75.35,-75.5,1.28,-4.6,-6.28,-299929395,-94928840,-386693377,2143812,-11521813,-8774287,缩量,低,情绪退潮,观望,资金观望型,,D,回避：资金观望,-2.1
603200,上海洗霸,40.67,-23.3,0.5,-36.0,-5.69,-44688295,34066512,-77336141,54788184,62115365,-31634525,缩量,低,情绪退潮,吸筹,资金观望型,机构吸筹+盈利(关注),C,谨慎：资金流入未验证业绩,22.1
603298,杭叉集团,21.91,-46.6,0.69,29.1,-1.62,-9875916,-6106603,-28042893,-4634792,-3409078,-5866186,缩量,低,情绪退潮,观望,资金观望型,,D,回避：资金观望,-0.5
603299,苏盐井神,8.62,-70.9,0.48,-26.8,3.46,4126860,3206808,14851475,-904157,-572643,-405564,缩量,低,情绪退潮,观望,资金观望型,,D,回避：资金观望,1.2
603300,海南华铁,4.53,-65.1,0.63,-40.1,-4.84,-24974755,-33421114,-49307527,-492919,-2239383,15645790,缩量,低,情绪退潮,观望,资金撤退型,,D,回避：资金撤退,-1.6
603213,镇洋发展,13.75,-42.5,1.19,-9.1,8.75,9821680,15933723,-3013570,3103991,1342512,-60036,缩量,中,主力惜售,吸筹,短线抢筹型,资金+业绩共振(双击候选),B,关注：资金+业绩共振,78.9
603303,得邦照明,28.09,-13.6,1.24,32.3,3.4,15962094,39288018,122208381,-202153,666307,-1193083,缩量,低,情绪退潮,观望,主力建仓型,,D,回避：资金观望,1.1
603305,旭升集团,11.11,-40.8,0.38,-1.6,-6.68,-47872661,-28756290,-69835849,2619386,1520672,2273688,缩量,低,情绪退潮,观望,资金观望型,,D,回避：资金观望,-2.2
603306,华懋科技,71.87,-47.8,0.5,14.7,3.67,133616692,271277018,492152310,-29394130,-22745022,37051836,缩量,低,情绪退潮,观望,主力建仓型,,D,回避：资金观望,1.2
603307,扬州金泉,25.62,24.2,0.32,18.9,-1.27,-2031266,-5201749,-14885917,-900789,0,2614445,缩量,低,情绪退潮,观望,资金撤退型,,D,回避：资金撤退,-0.4
603308,应流股份,36.79,-32.5,0.6,-22.9,-7.95,-330510206,-498355918,-285783765,-5235725,4180251,16545890,缩量,低,情绪退潮,观望,资金观望型,,D,回避：资金观望,-2.6
603214,爱婴室,13.85,21.4,0.64,-52.7,-4.02,-8544805,-14025308,-3440898,-352596,574496,-406005,缩量,低,情绪退潮,吸筹,资金观望型,机构吸筹+盈利(关注),C,谨慎：资金流入未验证业绩,22.7
603216,梦天家居,21.7,60.2,0.74,-31.0,3.36,45034422,58183581,243450730,1598175,1706495,4103780,放量,低,游资情绪,进场,均衡流入型,资金+业绩共振(双击候选),B,关注：资金+业绩共振,81.1
603311,金海高科,25.79,-22.0,1.06,-41.3,-0.53,-3029216,-3906614,93683962,-2079690,-3397714,-2576883,缩量,低,情绪退潮,观望,长线吸筹型,,D,回避：资金观望,-0.2
603222,济民健康,7.92,-38.4,1.4,100.8,6.85,89739464,53949192,47911619,3323583,-2303480,-18316295,缩量,中,主力惜售,进场,资金观望型,纯资金炒作(亏损风险),C,谨慎：纯资金炒作,26.3
603313,梦百合,6.21,-74.5,1.65,-30.6,-9.87,-56331620,-60044548,21218733,-2421685,-3449296,1695484,缩量,低,情绪退潮,观望,长线吸筹型,,D,回避：资金观望,-3.3
603315,福鞍股份,10.65,-49.1,0.25,-45.4,-3.93,-10094777,-15701252,-38321804,-107684,199356,-982395,缩量,低,情绪退潮,观望,资金撤退型,,D,回避：资金撤退,-1.3
603316,诚邦股份,15.84,44.4,0.29,150.3,-3.73,-122059261,175075382,318413926,197002,3083362,5390553,缩量,低,情绪退潮,观望,高位分歧型,,D,回避：资金观望,-1.2
603317,天味食品,12.42,-72.1,0.32,-44.3,-0.02,-81419,6959562,-40117625,-4423130,-893571,2806151,缩量,低,情绪退潮,观望,资金观望型,,D,回避：资金观望,-0.0
603318,水发燃气,8.65,-62.8,0.25,-44.8,-6.91,-91721371,-216899554,-111039151,1118795,-323240,-5147214,缩量,低,情绪退潮,观望,资金观望型,,D,回避：资金观望,-2.3
603219,富佳股份,12.83,-33.1,0.51,-3.7,4.94,8945045,2610777,-9108571,2000857,609799,-7144224,缩量,低,情绪退潮,进场,资金观望型,资金+业绩共振(双击候选),B,关注：资金+业绩共振,73.6
603320,迪贝电气,18.02,-16.1,0.43,-44.8,-3.95,-6037422,-4662449,-5651358,-49966,22866,180880,缩量,低,情绪退潮,观望,资金观望型,,D,回避：资金观望,-1.3
603321,梅轮电梯,7.14,103.6,0.57,-6.1,-0.84,-3260798,-14150915,6235669,-214549,-1572900,164004,放量,低,游资情绪,观望,资金观望型,,D,回避：资金观望,7.7
603229,奥翔药业,8.14,-35.0,0.55,100.8,1.61,9482991,6402107,1765899,3830515,1039346,-5468729,缩量,低,情绪退潮,进场,资金观望型,资金+业绩共振(双击候选),B,关注：资金+业绩共振,72.5
603227,雪峰科技,7.35,-64.8,0.58,-34.0,0.64,1011371,-8684293,-28490793,278274,0,-81355,缩量,低,情绪退潮,进场,资金观望型,资金+业绩共振(双击候选),B,关注：资金+业绩共振,72.2
603324,盛剑科技,24.97,-72.8,2.62,-8.5,-0.75,-2103904,-2698099,-4377782,-469539,768366,-1105717,缩量,低,情绪退潮,观望,资金撤退型,,D,回避：资金撤退,-0.2
603325,博隆技术,52.81,-67.7,0.5,-21.6,-2.73,-1601507,-2442972,1032420,850148,0,-1553950,缩量,低,情绪退潮,观望,长线吸筹型,,D,回避：资金观望,-0.9
603231,索宝蛋白,17.3,34.6,0.41,-21.0,2.07,3256286,1576460,515279,3547263,946733,-2583245,缩量,低,情绪退潮,进场,资金观望型,资金+业绩共振(双击候选),B,关注：资金+业绩共振,72.7
603327,福蓉科技,8.0,-76.2,0.74,-63.0,-2.01,-9907027,-24113921,-135317185,-8011210,-4179245,10938213,缩量,低,情绪退潮,观望,资金撤退型,,D,回避：资金撤退,-0.7
603266,天龙股份,19.29,356.1,0.57,318.6,3.56,27427954,91932609,89928358,14436080,12560617,-8920209,放量,低,游资情绪,抢筹,趋势转多型,资金+业绩共振(双击候选),B,关注：资金+业绩共振,89.2
603329,上海雅仕,10.34,-42.8,0.34,-7.3,1.79,2085816,3737470,-70742,-445430,0,-1949932,缩量,低,情绪退潮,观望,趋势转多型,,D,回避：资金观望,0.6
603330,天洋新材,9.34,0.2,2.82,-56.4,-4.12,-57141655,-53381940,-7287365,-13976390,-6624074,9116380,缩量,低,情绪退潮,观望,资金观望型,,D,回避：资金观望,-1.4
603331,百达精工,12.39,-62.7,0.51,-33.3,-3.38,-6448165,6686483,32707380,34190,0,-449146,缩量,低,情绪退潮,观望,高位分歧型,,D,回避：资金观望,-1.1
603332,苏州龙杰,11.99,-28.2,0.37,-3.7,-0.48,-856696,-256353,-6257089,-201286,0,-579825,缩量,低,情绪退潮,观望,资金观望型,,D,回避：资金观望,-0.2
603333,福华尚纬,8.85,-59.4,0.89,-43.0,-7.46,-27432078,-53184085,-89747973,-1413169,-2235544,8145159,缩量,低,情绪退潮,观望,资金撤退型,,D,回避：资金撤退,-2.5
603334,丰倍生物,31.5,-61.1,0.57,-3.3,3.58,5388782,10374179,3251459,-141612,-128386,253955,缩量,低,情绪退潮,观望,趋势转多型,,D,回避：资金观望,1.2
603335,迪生力,6.19,-59.4,0.46,-8.8,-4.01,-8905937,-15831789,-60033003,-1058798,543779,1840009,缩量,低,情绪退潮,观望,资金撤退型,,D,回避：资金撤退,-1.3
603336,宏辉果蔬,9.9,-42.5,0.51,-16.4,-1.58,-14532335,-18493263,29558611,-9950826,-6303489,-739395,缩量,低,情绪退潮,观望,资金观望型,,D,回避：资金观望,-0.5
603337,杰克科技,35.46,-71.5,1.48,5.7,-3.04,-18129086,-11450079,-21879318,-3670643,963251,5385624,缩量,低,情绪退潮,观望,资金观望型,,D,回避：资金观望,-1.0
603338,浙江鼎力,52.56,-46.6,0.61,-6.0,-0.58,-4734909,-17311063,-21916305,-871635,-388755,13198263,缩量,低,情绪退潮,观望,资金撤退型,,D,回避：资金撤退,-0.2
603339,四方科技,12.17,-71.7,4.01,-55.5,-11.56,-53155538,-37080279,-199652960,-1529020,158633,2625811,缩量,低,情绪退潮,观望,资金观望型,,D,回避：资金观望,-3.9
603341,龙旗科技,35.42,-57.0,1.19,29.9,-0.08,-2157121,6906479,-94901533,3357608,1472484,-6469400,缩量,低,情绪退潮,观望,资金观望型,,D,回避：资金观望,-0.0
603344,星德胜,22.35,-37.0,0.81,8.4,-2.88,-7749512,-19574611,-7799243,749423,-385465,-22556,缩量,低,情绪退潮,观望,资金观望型,,D,回避：资金观望,-1.0
603232,格尔软件,16.69,121.7,1.13,225.8,1.07,17667699,243353332,216810379,21431056,20327279,-18082648,放量,低,游资情绪,抢筹,趋势转多型,纯资金炒作(亏损风险),C,谨慎：纯资金炒作,28.4
603348,文灿股份,14.48,-31.3,0.85,-26.6,-0.66,-1209678,-3812021,-8747634,-3183267,-1255370,5016348,缩量,低,情绪退潮,观望,资金撤退型,,D,回避：资金撤退,-0.2
603350,安乃达,28.66,-33.5,0.5,-10.6,-4.88,-3143762,-1825682,-6479759,496259,701541,1883740,缩量,低,情绪退潮,观望,资金观望型,,D,回避：资金观望,-1.6
603278,大业股份,10.56,445.0,0.38,209.3,6.52,116059178,114183384,115007530,-52287150,-27151078,33162185,放量,中,主力偏强放量,进场,资金观望型,纯资金炒作(亏损风险),C,谨慎：纯资金炒作,30.2
603352,至信股份,24.84,-67.9,0.9,-23.0,-3.21,-2818318,-4925687,-8594751,-3021355,-737222,2324060,缩量,低,情绪退潮,观望,资金撤退型,,D,回避：资金撤退,-1.1
603353,和顺石油,40.55,44.7,0.2,32.3,-8.83,-199149577,21972238,340899628,-16863283,-11613287,19805451,缩量,低,情绪退潮,观望,高位分歧型,,D,回避：资金观望,-2.9
603355,莱克电气,30.42,-10.0,0.57,22.0,-2.61,-19122557,-17830385,37783477,2096989,1480669,-7106186,缩量,低,情绪退潮,观望,长线吸筹型,,D,回避：资金观望,-0.9
603356,华菱精工,16.6,-27.4,0.46,10.6,-0.48,-1496748,-6712442,-23129207,196254,760627,5792577,缩量,低,情绪退潮,观望,资金撤退型,,D,回避：资金撤退,-0.2
603258,电魂网络,14.19,52.0,1.23,70.6,5.29,31647869,33147391,36238879,5147316,2638458,-6255072,放量,中,主力偏强放量,进场,均衡流入型,纯资金炒作(亏损风险),C,谨慎：纯资金炒作,29.8
603358,华达科技,43.04,-64.3,1.04,-46.1,-0.58,-7726398,38362215,175147276,7360770,-6900949,434367,缩量,低,情绪退潮,观望,高位分歧型,,D,回避：资金观望,-0.2
603360,百傲化学,12.19,-57.5,0.23,-7.6,-7.22,-34964308,-9992002,-69888387,1398862,609345,-4908539,缩量,低,情绪退潮,观望,资金观望型,,D,回避：资金观望,-2.4
603363,傲农生物,2.78,-51.0,0.54,-65.6,-1.55,-5680620,-19018610,63183896,-12042187,-12007202,5985799,缩量,低,情绪退潮,观望,长线吸筹型,,D,回避：资金观望,-0.5
603365,水星家纺,15.91,-32.5,0.3,-27.9,-2.13,-2229809,-4660660,-6952169,-986084,-2217145,1188007,缩量,低,情绪退潮,观望,资金撤退型,,D,回避：资金撤退,-0.7
603366,日出东方,7.26,15.6,0.88,-56.5,-6.98,-42494147,-55152093,39456243,-10493303,-3436818,12842414,缩量,低,情绪退潮,观望,长线吸筹型,,D,回避：资金观望,-2.3
603367,辰欣药业,14.22,-71.1,2.85,-10.8,-1.67,-7075680,-18123708,-41535247,709412,311845,-5380481,缩量,低,情绪退潮,观望,资金撤退型,,D,回避：资金撤退,-0.6
603368,柳药集团,15.03,-51.4,1.28,-31.0,-7.54,-14881255,-19808673,-45142816,-7553091,-6684135,3458338,缩量,低,情绪退潮,观望,资金撤退型,,D,回避：资金撤退,-2.5
603369,今世缘,27.13,-56.4,1.09,-23.6,-1.58,-20181811,-79311482,-101323307,27797690,13403790,-36406982,缩量,低,情绪退潮,观望,资金撤退型,,D,回避：资金撤退,-0.5
603370,华新精科,27.35,48.4,0.85,21.2,0.03,77315,-3661648,-29823588,-1497388,0,1874789,缩量,低,情绪退潮,观望,资金观望型,,D,回避：资金观望,0.0
603373,安邦护卫,53.8,280.9,1.49,209.0,1.49,19264909,17329538,2514178,-48583845,-20309788,29961762,放量,低,游资情绪,观望,资金观望型,,D,回避：资金观望,8.5
603375,盛景微,46.47,74.4,0.33,135.1,1.87,31849671,33220287,81837613,-5058234,-6166064,13842530,放量,低,游资情绪,观望,均衡流入型,,D,回避：资金观望,8.6
603275,众辰科技,37.0,-37.5,0.13,-3.0,2.73,3189397,3399687,-2019805,502975,0,-18877,缩量,低,情绪退潮,进场,趋势转多型,资金+业绩共振(双击候选),B,关注：资金+业绩共振,72.9
603286,日盈电子,44.77,-6.1,0.61,-17.5,2.2,21662903,24667427,62222614,4442624,-2246727,317019,缩量,低,情绪退潮,进场,均衡流入型,纯资金炒作(亏损风险),C,谨慎：纯资金炒作,12.7
603380,易德龙,32.87,-54.0,1.67,-40.6,1.75,7811521,-6786991,-66517597,-799875,-326645,1434773,缩量,低,情绪退潮,观望,资金观望型,,D,回避：资金观望,0.6
603297,永新光学,107.39,-63.6,0.54,-32.9,-6.96,-36182061,-41724032,5003734,944940,2944961,-1675118,缩量,低,情绪退潮,吸筹,长线吸筹型,机构吸筹+盈利(关注),C,谨慎：资金流入未验证业绩,21.7
603301,振德医疗,75.8,-31.2,1.13,31.4,-3.14,-22854836,-44755257,-27241329,5022415,4653450,-836979,缩量,低,情绪退潮,吸筹,资金观望型,机构吸筹+盈利(关注),C,谨慎：资金流入未验证业绩,23.0
603383,顶点软件,26.83,-78.5,0.61,-53.4,-1.54,-3155479,9865120,-6844997,-942484,-776298,-691913,缩量,低,情绪退潮,观望,资金观望型,,D,回避：资金观望,-0.5
603385,惠达卫浴,5.79,10.5,0.53,-17.1,-6.73,-6942643,-8407187,-11382442,712327,0,2369368,缩量,低,情绪退潮,观望,资金撤退型,,D,回避：资金撤退,-2.2
603386,骏亚科技,18.45,124.7,1.0,164.4,-1.74,-28510056,-107506257,-52592963,1489522,2346447,-12745965,放量,低,游资情绪,观望,资金观望型,,D,回避：资金观望,7.4
603387,基蛋生物,9.81,-38.3,0.66,68.6,-6.3,-35337370,-34779383,-55323701,-3804338,-3697014,883333,缩量,低,情绪退潮,观望,资金观望型,,D,回避：资金观望,-2.1
603309,维力医疗,11.1,-63.8,1.05,-25.0,9.91,11094625,12508802,-4825665,-1533655,-1139541,1548403,缩量,中,主力惜售,进场,短线抢筹型,资金+业绩共振(双击候选),B,关注：资金+业绩共振,87.3
603310,巍华新材,14.51,-42.1,0.88,-20.1,-6.97,-6955772,-10364443,-10584045,1007210,1640299,-991608,缩量,低,情绪退潮,吸筹,资金撤退型,机构吸筹+盈利(关注),C,谨慎：资金流入未验证业绩,21.7
603312,西典新能,32.9,14.1,0.48,-12.5,4.0,5872294,6669357,20377026,1801906,2134612,167327,缩量,低,情绪退潮,进场,均衡流入型,资金+业绩共振(双击候选),B,关注：资金+业绩共振,73.3
603392,万泰生物,26.48,-43.6,0.76,-19.0,-0.87,-6877302,-11531231,6290434,-4860185,-3120441,4829842,缩量,低,情绪退潮,观望,资金观望型,,D,回避：资金观望,-0.3
603393,新天然气,24.52,-59.5,0.61,-44.3,-3.05,-17556544,-56322931,-53698789,-2984317,-4990992,-10495096,缩量,低,情绪退潮,观望,资金观望型,,D,回避：资金观望,-1.0
603319,美湖股份,28.4,-24.8,0.51,-3.8,5.33,131077643,122670118,159929111,-31661588,-31383887,13192514,缩量,中,主力惜售,进场,资金观望型,资金+业绩共振(双击候选),B,关注：资金+业绩共振,85.8
603323,苏农银行,4.43,-10.9,0.89,-38.8,8.79,52003804,34294079,48230946,-323898,-1430905,-6967157,缩量,中,主力惜售,进场,资金观望型,资金+业绩共振(双击候选),B,关注：资金+业绩共振,86.9
603322,超讯科技,29.1,17.3,0.51,-6.4,-7.52,-90823505,-49136343,-87315777,40451527,38314963,-30113913,缩量,低,情绪退潮,吸筹,资金观望型,纯资金炒作(亏损风险),C,谨慎：纯资金炒作,1.5
603400,华之杰,54.67,-100.0,1.28,6.7,3.03,28355680,98002319,200090350,0,0,0,缩量,低,情绪退潮,观望,主力建仓型,,D,回避：资金观望,1.0
603402,陕西旅游,59.78,-38.3,0.7,-46.0,-0.01,-47780,42625504,-39970106,-2162985,-1867546,-3007060,缩量,低,情绪退潮,观望,资金观望型,,D,回避：资金观望,-0.0
603406,天富龙,27.61,-16.2,0.92,-36.7,-0.39,-804313,-33017811,-31375031,-3999134,-1626891,5484621,缩量,低,情绪退潮,观望,资金观望型,,D,回避：资金观望,-0.1
603408,建霖家居,11.6,-33.8,1.03,-30.0,-2.82,-2334853,1374142,143517,-463634,0,-242528,缩量,低,情绪退潮,观望,资金观望型,,D,回避：资金观望,-0.9
603409,汇通控股,17.62,-29.7,0.32,-13.0,0.77,1077682,2647172,-3970224,-496383,-3129699,1474853,缩量,低,情绪退潮,观望,趋势转多型,,D,回避：资金观望,0.3
603416,信捷电气,46.18,-71.6,0.79,-19.5,-3.95,-10277644,622793,5602314,1076194,-221184,3093015,缩量,低,情绪退潮,观望,资金观望型,,D,回避：资金观望,-1.3
603326,我乐家居,7.63,-29.7,0.42,-19.4,0.12,147813,-740365,-5731799,613553,719145,120674,缩量,低,情绪退潮,进场,资金观望型,资金+业绩共振(双击候选),B,关注：资金+业绩共振,72.0
603328,依顿电子,14.44,61.9,0.42,74.9,1.89,79979352,68246498,200963567,143919184,173655226,-66027690,放量,低,游资情绪,抢筹,资金观望型,资金+业绩共振(双击候选),B,关注：资金+业绩共振,88.6
603439,三力制药,13.46,-6.8,5.2,206.0,-5.19,-59188470,-132041734,-102140543,2846664,-1372661,-1394443,缩量,低,情绪退潮,观望,资金观望型,,D,回避：资金观望,-1.7
603444,吉比特,335.96,-69.5,0.94,-47.2,-6.02,-97531761,-187063945,-496806235,-16737249,-10719288,25997694,缩量,低,情绪退潮,观望,资金撤退型,,D,回避：资金撤退,-2.0
603456,九洲药业,16.26,-45.5,2.18,48.6,-0.66,-12762155,-14800565,-54035889,10488124,10241431,11977306,缩量,低,情绪退潮,观望,资金撤退型,,D,回避：资金撤退,-0.2
603345,安井食品,79.05,-18.7,0.47,-7.6,0.34,5146046,26300957,-106527781,17051129,12868956,-26155906,缩量,低,情绪退潮,进场,趋势转多型,资金+业绩共振(双击候选),B,关注：资金+业绩共振,72.1
603459,红板科技,83.62,-77.2,1.07,-14.0,-9.15,-282052106,-369917594,-194550725,-29859196,-19699117,29416726,缩量,低,情绪退潮,观望,资金观望型,,D,回避：资金观望,-3.1
603466,风语筑,11.78,-52.2,3.3,-33.9,-1.99,-66407620,-264424779,372889190,-10001743,-539015,24173427,缩量,低,情绪退潮,观望,长线吸筹型,,D,回避：资金观望,-0.7
603477,巨星农牧,14.3,-34.7,0.77,-25.8,-1.3,-9992069,-8719730,-28905228,16280345,12894811,-15185893,缩量,低,情绪退潮,观望,资金观望型,,D,回避：资金观望,-0.4
603486,科沃斯,49.22,-48.9,0.51,-33.4,1.12,9054551,10557265,-27550885,-11715458,-6363199,2972119,缩量,低,情绪退潮,观望,趋势转多型,,D,回避：资金观望,0.4
603488,展鹏科技,7.79,-56.8,0.29,-41.4,-4.77,-9969862,-19164188,-36624303,-1118346,-1308060,2663708,缩量,低,情绪退潮,观望,资金撤退型,,D,回避：资金撤退,-1.6
603357,设计总院,5.97,-32.1,0.3,-23.5,10.05,6918718,2342827,-148591,40010,1528890,2296815,缩量,高,主力控盘,控盘,资金观望型,控盘+盈利(稳健),B,关注：控盘稳健+盈利,71.3
603496,恒为科技,21.97,-87.4,0.8,7.7,-12.27,-65416790,-40631431,-114098924,-4225060,-2139537,4446419,缩量,低,情绪退潮,观望,资金观望型,,D,回避：资金观望,-4.1
603499,翔港科技,12.72,-63.9,0.68,-41.7,-9.6,-17922213,-40432365,-27962997,-990659,35784,3972083,缩量,低,情绪退潮,观望,资金观望型,,D,回避：资金观望,-3.2
603351,威尔药业,27.21,-10.9,1.29,140.8,5.03,15863895,17173772,13185012,-590185,550000,-2753307,缩量,中,主力惜售,进场,趋势转多型,资金+业绩共振(双击候选),B,关注：资金+业绩共振,85.7
603501,豪威集团,80.36,-80.6,0.83,-20.2,0.37,16897767,218571367,-298603578,-48297522,-16205737,61387945,缩量,低,情绪退潮,观望,趋势转多型,,D,回避：资金观望,0.1
603505,金石资源,14.08,-65.7,0.86,4.0,-12.87,-62342914,-65011580,-133241145,-16328913,-15607928,7582379,缩量,低,情绪退潮,观望,资金撤退型,,D,回避：资金撤退,-4.3
603506,南都物业,12.29,15.8,0.64,-17.3,1.65,4142875,3240450,-11621714,-739736,-359139,-1117689,缩量,低,情绪退潮,观望,资金观望型,,D,回避：资金观望,0.5
603376,大明电子,26.29,-26.9,0.88,-55.4,-1.67,-2932028,-14633971,10867147,1114149,1626304,-91889,缩量,低,情绪退潮,吸筹,长线吸筹型,机构吸筹+盈利(关注),C,谨慎：资金流入未验证业绩,23.4
603381,永臻股份,14.79,-50.1,0.35,-5.7,-5.89,-12087534,-16887561,-38551840,1170125,1089267,-44602,缩量,低,情绪退潮,吸筹,资金撤退型,纯资金炒作(亏损风险),C,谨慎：纯资金炒作,2.0
603511,爱慕股份,13.0,6.8,0.79,4.6,-2.21,-2470895,-3049884,-8489346,-2148745,-524436,2352542,缩量,低,情绪退潮,观望,资金撤退型,,D,回避：资金撤退,-0.7
603379,三美股份,49.04,-60.0,1.33,1.2,0.15,2172615,-45794161,-153147734,9646306,-5326027,14161890,缩量,低,情绪退潮,进场,资金观望型,资金+业绩共振(双击候选),B,关注：资金+业绩共振,72.0
603516,淳中科技,77.59,-59.1,0.35,-35.2,-3.61,-53025041,-65976161,-220381285,-11747821,-197554,2251985,缩量,低,情绪退潮,观望,资金撤退型,,D,回避：资金撤退,-1.2
603518,锦泓集团,7.84,-11.0,0.46,-4.8,2.19,4928675,-23071389,-29929496,-581681,-732405,631763,缩量,低,情绪退潮,观望,资金观望型,,D,回避：资金观望,0.7
603519,立霸股份,16.56,-34.1,2.35,29.9,-3.01,-28891695,-37331759,-84494319,-6334187,-6185477,22142083,缩量,低,情绪退潮,观望,资金撤退型,,D,回避：资金撤退,-1.0
603520,司太立,8.39,-56.1,0.23,-5.8,-4.69,-11305305,-18978185,-49223315,2691608,2495415,1253561,缩量,低,情绪退潮,观望,资金撤退型,,D,回避：资金撤退,-1.6
603382,海阳科技,18.84,-39.4,2.46,-24.8,0.11,196477,-1040845,-13790060,859962,549836,599841,缩量,低,情绪退潮,进场,资金观望型,资金+业绩共振(双击候选),B,关注：资金+业绩共振,72.0
603528,多伦科技,6.48,-39.3,0.67,41.4,-7.23,-21665565,-419799,5993154,-7232438,-9060913,7339036,缩量,低,情绪退潮,观望,资金观望型,,D,回避：资金观望,-2.4
603529,爱玛科技,21.8,29.0,0.62,-5.5,-2.82,-12728026,-1970524,-33271861,-1124103,12206803,18320793,缩量,低,情绪退潮,观望,资金观望型,,D,回避：资金观望,-0.9
603389,亚振家居,43.58,-44.1,0.92,-17.1,-11.33,-42398177,-32500034,-8851042,3998020,6569208,-5924126,缩量,低,情绪退潮,吸筹,高位分歧型,纯资金炒作(亏损风险),C,谨慎：纯资金炒作,0.2
603391,力聚热能,69.0,143.8,1.09,-21.8,2.09,16188237,599618,60331130,12737359,-21924195,-16798190,放量,低,游资情绪,进场,资金观望型,资金+业绩共振(双击候选),B,关注：资金+业绩共振,80.7
603535,嘉诚国际,6.14,-50.2,0.7,-13.2,-2.67,-2294129,-2078361,-8891644,-538324,-561792,2180875,缩量,低,情绪退潮,观望,资金观望型,,D,回避：资金观望,-0.9
603536,惠发食品,10.02,-24.8,0.7,-51.8,2.51,5427135,18313106,21251683,-1499037,-707000,-2309868,缩量,低,情绪退潮,观望,主力建仓型,,D,回避：资金观望,0.8
603538,美诺华,25.99,-56.0,0.56,-1.2,-0.26,-14959787,-76758414,-107012193,-20318792,-25407737,-3579630,缩量,低,情绪退潮,观望,资金撤退型,,D,回避：资金撤退,-0.1
603551,奥普科技,9.35,-38.1,0.49,-25.0,-10.83,-8676205,-6102976,-9533517,-246451,0,-699460,缩量,低,情绪退潮,观望,资金观望型,,D,回避：资金观望,-3.6
603556,海兴电力,22.28,-86.8,1.72,-44.6,-8.51,-24378357,-30883731,-74770417,-4234521,-1361771,6028673,缩量,低,情绪退潮,观望,资金撤退型,,D,回避：资金撤退,-2.8
603558,健盛集团,13.1,3.5,0.61,140.3,-7.3,-26756282,-10936867,-16663091,1200228,1433793,-4953187,缩量,低,情绪退潮,观望,资金观望型,,D,回避：资金观望,-2.4
603559,中通国脉,8.81,-59.4,1.9,-67.2,0.21,1014895,3795028,-124408166,-5327765,-4597737,5536553,缩量,低,情绪退潮,观望,趋势转多型,,D,回避：资金观望,0.1
603565,中谷物流,11.4,-25.6,0.91,-40.8,-1.53,-11008434,-9725706,-17675493,-1654719,-3367358,-3617658,缩量,低,情绪退潮,观望,资金观望型,,D,回避：资金观望,-0.5
603566,普莱柯,10.22,-63.7,0.51,-30.9,-7.88,-6741525,-4050231,-3013822,-628014,0,102716,缩量,低,情绪退潮,观望,资金观望型,,D,回避：资金观望,-2.6
603390,通达电气,11.32,330.1,0.17,-13.6,2.81,22571536,47191402,108065138,5310468,5326900,-4785374,放量,低,游资情绪,吸筹,主力建仓型,资金+业绩共振(双击候选),B,关注：资金+业绩共振,72.9
603396,金辰股份,35.28,552.0,0.45,82.2,13.31,289849990,310661480,233880330,-45944822,-56194531,17681703,放量,高,主力主导放量🔥(最强),进场,趋势转多型,资金+业绩共振(双击候选),A,金股候选：资金强攻+业绩共振,96.4
603569,长久物流,5.85,-21.1,0.68,-22.5,-2.06,-1517342,-1613709,5443239,-646820,-8775,795236,缩量,低,情绪退潮,观望,长线吸筹型,,D,回避：资金观望,-0.7
603395,红四方,24.62,69.9,1.05,-53.4,4.36,48253307,66938188,105294263,5174662,243808,-6701752,放量,低,游资情绪,进场,均衡流入型,资金+业绩共振(双击候选),B,关注：资金+业绩共振,81.5
603578,三星新材,14.38,46.9,1.11,8.4,-9.57,-28926891,-17946081,-8878850,-286594,-3584502,-3407738,缩量,低,情绪退潮,观望,资金观望型,,D,回避：资金观望,-3.2
603579,荣泰健康,17.85,-12.1,0.26,20.3,-1.09,-3676753,-5891791,7829661,-781309,-102004,5271598,缩量,低,情绪退潮,观望,资金观望型,,D,回避：资金观望,-0.4
603399,永杉锂业,13.16,-64.5,0.63,-9.8,-6.95,-109028067,-92424135,-440211687,18655158,13799013,-10900081,缩量,低,情绪退潮,吸筹,资金观望型,纯资金炒作(亏损风险),C,谨慎：纯资金炒作,1.7
603583,捷昌驱动,27.92,-16.1,0.45,-21.4,1.88,13544293,32842225,75873083,-239380,1928239,1109267,缩量,低,情绪退潮,观望,均衡流入型,,D,回避：资金观望,0.6
603585,苏利股份,10.56,-18.2,0.31,-55.9,-5.72,-9019170,-16730791,-12538931,498476,228014,-361355,缩量,低,情绪退潮,观望,资金观望型,,D,回避：资金观望,-1.9
603586,金麒麟,14.0,37.4,0.27,-12.0,-3.31,-4705286,-5947528,-13303720,-540559,0,1781931,缩量,低,情绪退潮,观望,资金撤退型,,D,回避：资金撤退,-1.1
603587,地素时尚,12.22,67.6,0.55,-47.3,1.57,3033380,4409986,-24839297,-2028460,-629719,4786042,放量,低,游资情绪,观望,趋势转多型,,D,回避：资金观望,8.5
603418,友升股份,48.17,583.2,0.15,99.8,1.79,17672904,10730145,52284308,6219168,-5051966,-29579417,放量,低,游资情绪,进场,长线吸筹型,资金+业绩共振(双击候选),B,关注：资金+业绩共振,80.6
603589,口子窖,17.3,-58.6,1.52,-26.5,-0.84,-4679585,-1559026,-19576978,-5364562,-5647323,-442144,缩量,低,情绪退潮,观望,资金观望型,,D,回避：资金观望,-0.3
603590,康辰药业,29.19,-67.9,1.32,-4.9,-0.91,-2229639,-6026526,-32467890,-806452,-1289509,3417575,缩量,低,情绪退潮,观望,资金撤退型,,D,回避：资金撤退,-0.3
603421,鼎信通讯,6.38,101.9,0.54,30.0,1.77,14412111,-23773025,96498406,12240495,3845202,-14576118,放量,低,游资情绪,进场,长线吸筹型,纯资金炒作(亏损风险),C,谨慎：纯资金炒作,20.6
603500,祥和实业,10.44,263.8,1.27,161.6,10.19,93924258,83104931,54401752,12340004,4991299,-20051202,放量,高,主力主导放量🔥(最强),进场,资金观望型,资金+业绩共振(双击候选),A,金股候选：资金强攻+业绩共振,95.4
603599,广信股份,10.12,-49.1,0.31,-70.1,-6.55,-25708121,-31697407,111473094,-6044021,-1304191,3013821,缩量,低,情绪退潮,观望,长线吸筹型,,D,回避：资金观望,-2.2
603600,永艺股份,10.26,-28.7,0.48,-45.5,-2.49,-4303203,-11737036,-2281824,4390,751027,2346115,缩量,低,情绪退潮,观望,资金观望型,,D,回避：资金观望,-0.8
603601,再升科技,9.76,24.5,0.19,27.4,1.72,121199026,-163559447,754745848,-51331081,-34176353,111962340,缩量,低,情绪退潮,观望,长线吸筹型,,D,回避：资金观望,0.6
603507,振江股份,27.6,124.1,0.28,396.6,0.62,14960648,93404758,30403671,16091888,26037400,-6142615,放量,低,游资情绪,抢筹,趋势转多型,资金+业绩共振(双击候选),B,关注：资金+业绩共振,88.2
603605,珀莱雅,53.98,-8.9,1.56,-5.4,0.87,11805751,14497647,-51612461,-42748896,-32918305,40294818,缩量,低,情绪退潮,观望,趋势转多型,,D,回避：资金观望,0.3
603606,东方电缆,35.33,-26.7,0.76,5.8,-3.16,-59690904,-141823143,-81943233,-2565015,-7234814,25961098,缩量,低,情绪退潮,观望,资金观望型,,D,回避：资金观望,-1.1
603458,勘设股份,10.9,2.0,0.72,-37.7,-1.3,-5728842,-29084952,107193877,23706553,22736423,-18778628,缩量,低,情绪退潮,吸筹,长线吸筹型,纯资金炒作(亏损风险),C,谨慎：纯资金炒作,3.6
603608,天创时尚,19.54,-64.0,1.9,-25.7,-7.28,-95565300,-76811322,177375966,-10939097,-3346092,15404161,缩量,低,情绪退潮,观望,长线吸筹型,,D,回避：资金观望,-2.4
603508,思维列控,20.47,-75.7,0.34,-30.1,-7.68,-12440055,-16503924,-28985479,3239948,1792677,-1369355,缩量,低,情绪退潮,吸筹,资金撤退型,机构吸筹+盈利(关注),C,谨慎：资金流入未验证业绩,21.4
603610,麒盛科技,13.18,-52.5,1.12,3.5,-5.74,-20641314,-22268424,-56141659,-2450250,-4143648,-71082,缩量,低,情绪退潮,观望,资金撤退型,,D,回避：资金撤退,-1.9
603611,诺力股份,15.41,-47.1,0.33,-11.1,-8.51,-8281501,-17974466,-37311036,-1625363,-3190786,1491008,缩量,低,情绪退潮,观望,资金撤退型,,D,回避：资金撤退,-2.8
603612,索通发展,15.78,-64.8,0.62,-33.6,-1.94,-13928703,-43306659,-46570882,-1276691,-2478735,6259183,缩量,低,情绪退潮,观望,资金撤退型,,D,回避：资金撤退,-0.6
603613,国联股份,18.87,7.7,0.48,-14.5,-11.12,-123367073,-52251719,79320156,-15228517,-19102944,15146786,缩量,低,情绪退潮,观望,高位分歧型,,D,回避：资金观望,-3.7
603615,茶花股份,18.46,-30.1,0.62,64.7,-5.04,-18393877,-3182720,7443540,2446122,4008798,803002,缩量,低,情绪退潮,观望,资金观望型,,D,回避：资金观望,-1.7
603616,韩建河山,5.68,-45.7,0.66,-46.1,4.41,10930885,-1129332,3189359,-264153,763609,393213,缩量,低,情绪退潮,观望,资金观望型,,D,回避：资金观望,1.5
603617,君禾股份,6.85,-34.2,1.21,-12.2,-4.11,-6652719,-14882238,-15103503,-1123914,-948388,-2375527,缩量,低,情绪退潮,观望,资金撤退型,,D,回避：资金撤退,-1.4
603618,杭电股份,33.69,-46.9,1.03,-40.2,-8.4,-845761614,-1057275597,-970818947,-43376744,-47512885,68899534,缩量,低,情绪退潮,观望,资金观望型,,D,回避：资金观望,-2.8
603619,中曼石油,20.76,-74.0,1.11,-50.4,-3.42,-51045201,-182613315,-7866430,-22363070,-24927644,11633525,缩量,低,情绪退潮,观望,长线吸筹型,,D,回避：资金观望,-1.1
603489,八方股份,28.99,-8.4,0.23,-2.2,-1.28,-3787102,-3556107,-3955977,-2109821,-1383380,3109354,缩量,低,情绪退潮,观望,资金观望型,,D,回避：资金观望,-0.4
603628,清源股份,10.32,82.9,0.35,-42.3,-1.74,-4673577,-13482212,40890918,-379794,-3444036,1599992,放量,低,游资情绪,观望,长线吸筹型,,D,回避：资金观望,7.4
603629,利通电子,98.16,-76.5,0.89,0.6,-7.44,-868407265,-850373621,-1980010012,-98284740,-61714538,97958596,缩量,低,情绪退潮,观望,资金观望型,,D,回避：资金观望,-2.5
603527,众源新材,9.84,10.0,0.26,-18.3,-4.59,-13235281,-28542848,-48460430,7497310,10019346,-1074979,缩量,低,情绪退潮,吸筹,资金撤退型,机构吸筹+盈利(关注),C,谨慎：资金流入未验证业绩,22.5
603633,徕木股份,6.35,3.0,0.59,19.4,-2.47,-6162257,-10575899,-24883212,129329,-568993,1227430,缩量,低,情绪退潮,观望,资金撤退型,,D,回避：资金撤退,-0.8
603533,掌阅科技,23.65,10.9,0.86,-54.0,-1.22,-33047395,-92216569,457874696,144787257,132275682,-86268077,缩量,低,情绪退潮,吸筹,长线吸筹型,纯资金炒作(亏损风险),C,谨慎：纯资金炒作,3.6
603637,镇海股份,13.69,-28.3,0.4,11.3,-6.75,-29592503,4471699,-65678765,1202884,-161314,-542105,缩量,低,情绪退潮,观望,资金观望型,,D,回避：资金观望,-2.2
603530,神马电力,40.9,-25.0,0.48,-53.5,-0.17,-1110864,-262071,109814374,-4221926,2221934,-787619,缩量,低,情绪退潮,吸筹,长线吸筹型,机构吸筹+盈利(关注),C,谨慎：资金流入未验证业绩,23.9
603639,海利尔,10.36,-69.1,0.27,-58.8,-2.8,-1136998,-1321484,-4590483,-530636,0,-282307,缩量,低,情绪退潮,观望,资金撤退型,,D,回避：资金撤退,-0.9
603648,畅联股份,9.56,-39.1,0.79,7.1,-5.42,-5846275,-6669404,-5210727,399006,955000,873104,缩量,低,情绪退潮,观望,资金观望型,,D,回避：资金观望,-1.8
603650,彤程新材,63.21,-29.2,2.02,53.3,-4.96,-282982397,118593927,464901139,-121017873,-80314694,171013322,缩量,低,情绪退潮,观望,高位分歧型,,D,回避：资金观望,-1.7
603655,朗博科技,31.03,-43.7,0.34,32.4,3.71,13625397,18118375,8530820,-2068551,-1290065,2779914,缩量,低,情绪退潮,观望,趋势转多型,,D,回避：资金观望,1.2
603568,伟明环保,13.22,-68.1,0.89,-35.4,5.34,18857652,9632868,9656581,4904249,1350493,-916795,缩量,中,主力惜售,吸筹,资金观望型,资金+业绩共振(双击候选),B,关注：资金+业绩共振,77.8
603567,珍宝岛,5.2,-85.5,3.28,-15.2,0.97,4980878,-7220839,-66763963,331344,641744,1262475,缩量,低,情绪退潮,进场,资金观望型,纯资金炒作(亏损风险),C,谨慎：纯资金炒作,12.3
603658,安图生物,33.61,-18.3,1.62,90.7,-4.78,-56215235,-47133287,-48221518,2487630,1932715,-2908874,缩量,低,情绪退潮,观望,资金观望型,,D,回避：资金观望,-1.6
603659,璞泰来,21.27,-45.5,0.26,-3.9,-2.45,-42501978,-122515676,-417331298,1151641,11923434,33085983,缩量,低,情绪退潮,观望,资金撤退型,,D,回避：资金撤退,-0.8
603660,苏州科达,9.3,-63.2,0.42,8.8,-2.52,-16053516,3317076,-164066121,-5360603,-2402134,9591793,缩量,低,情绪退潮,观望,资金观望型,,D,回避：资金观望,-0.8
603661,恒林股份,33.4,-34.6,1.66,28.5,1.26,7686083,-10894809,3375654,-2323199,-3207552,-7104558,缩量,低,情绪退潮,观望,资金观望型,,D,回避：资金观望,0.4
603662,柯力传感,48.15,-75.5,1.44,-9.2,-3.3,-22792315,-44809574,-107672910,681939,1943009,-2789404,缩量,低,情绪退潮,观望,资金撤退型,,D,回避：资金撤退,-1.1
603577,汇金通,9.68,-62.8,0.92,-20.4,-3.23,-4186555,-8544498,-27912588,1465231,1651576,-668985,缩量,低,情绪退潮,吸筹,资金撤退型,机构吸筹+盈利(关注),C,谨慎：资金流入未验证业绩,22.9
603598,引力传媒,19.13,66.6,0.52,0.1,2.88,95887216,77899163,149513008,140563148,135745176,-111485432,放量,低,游资情绪,抢筹,资金观望型,资金+业绩共振(双击候选),B,关注：资金+业绩共振,89.0
603596,伯特利,27.82,-34.5,0.81,-50.4,0.56,9008836,43190927,-209928763,7759344,-3942617,-37668639,缩量,低,情绪退潮,进场,趋势转多型,资金+业绩共振(双击候选),B,关注：资金+业绩共振,72.2
603588,高能环境,16.25,-40.7,1.17,6.9,5.81,268433602,273696918,293478277,-10086722,-14806532,1142351,缩量,中,主力惜售,进场,均衡流入型,资金+业绩共振(双击候选),B,关注：资金+业绩共振,85.9
603668,天马科技,12.03,-41.6,0.78,-54.9,-7.73,-27641741,-15692348,-26809453,574405,-714582,2310277,缩量,低,情绪退潮,观望,资金观望型,,D,回避：资金观望,-2.6
603669,灵康药业,6.01,-48.1,3.74,124.8,1.04,9480419,90910921,106553448,-450596,-3549999,-2037891,缩量,低,情绪退潮,观望,均衡流入型,,D,回避：资金观望,0.3
603580,艾艾精工,75.5,21.0,12.24,8.4,4.68,207804265,315726888,228544043,5144310,-17562987,6493897,缩量,低,情绪退潮,进场,趋势转多型,资金+业绩共振(双击候选),B,关注：资金+业绩共振,73.6
603677,奇精机械,14.42,-46.9,1.27,22.7,-2.48,-2932105,-2252771,-8928287,-821400,0,2109934,缩量,低,情绪退潮,观望,资金观望型,,D,回避：资金观望,-0.8
603678,火炬电子,43.76,-65.9,3.65,13.8,-7.07,-307143572,-372143617,-129357962,-4616029,-14586069,38884879,缩量,低,情绪退潮,观望,资金观望型,,D,回避：资金观望,-2.4
603679,华体科技,22.98,4.8,2.29,16.7,-8.21,-132198214,-108915513,-12204203,4981275,-2334992,-8544782,缩量,低,情绪退潮,观望,长线吸筹型,,D,回避：资金观望,-2.7
603680,今创集团,10.01,-51.2,0.46,43.4,-7.28,-17830619,-28250482,-39337920,-12817,504000,373423,缩量,低,情绪退潮,观望,资金撤退型,,D,回避：资金撤退,-2.4
603602,纵横通信,12.71,182.2,0.62,37.4,0.12,309679,-219862,-3615097,37932507,37715357,-26207885,放量,低,游资情绪,抢筹,资金观望型,纯资金炒作(亏损风险),C,谨慎：纯资金炒作,28.0
603682,锦和商管,9.36,-65.9,1.37,-13.9,-4.14,-18515161,-50352749,-141160140,-1401485,1215359,5886246,缩量,低,情绪退潮,观望,资金撤退型,,D,回避：资金撤退,-1.4
603626,科森科技,23.91,242.0,0.37,32.8,3.37,199746383,792706756,1144161324,84037611,104158241,-62342339,放量,低,游资情绪,抢筹,主力建仓型,纯资金炒作(亏损风险),C,谨慎：纯资金炒作,29.1
603630,拉芳家化,15.57,50.6,2.18,-14.0,0.39,2065274,8461365,-17194430,36436207,35422136,-29714223,放量,低,游资情绪,抢筹,趋势转多型,纯资金炒作(亏损风险),C,谨慎：纯资金炒作,28.1
603686,福龙马,14.05,100.8,0.43,164.1,-7.84,-238486437,127071767,135879114,-19978906,-10544270,33378220,放量,低,游资情绪,观望,资金观望型,,D,回避：资金观望,5.4
603609,禾丰股份,6.26,-25.6,0.72,-45.4,1.06,1399301,-708744,-40245300,1702745,1336380,-395830,缩量,低,情绪退潮,吸筹,资金观望型,资金+业绩共振(双击候选),B,关注：资金+业绩共振,64.4
603607,京华激光,23.13,-38.1,1.3,81.2,3.02,15209139,36813775,20022756,1944637,1379837,-2188465,缩量,低,情绪退潮,进场,趋势转多型,资金+业绩共振(双击候选),B,关注：资金+业绩共振,73.0
603515,欧普照明,14.62,-29.2,0.42,-25.3,0.2,166905,-5232334,-8996614,238727,0,-1834794,缩量,低,情绪退潮,进场,资金观望型,资金+业绩共振(双击候选),B,关注：资金+业绩共振,72.1
603690,至纯科技,22.95,-79.8,3.21,1.6,-0.51,-10409320,19418329,29325427,-12050142,-3075294,6078746,缩量,低,情绪退潮,观望,资金观望型,,D,回避：资金观望,-0.2
603656,泰禾智能,17.41,-43.8,0.66,32.3,-2.64,-3990646,-8226457,-7471931,385151,410075,-70455,缩量,低,情绪退潮,吸筹,资金观望型,机构吸筹+盈利(关注),C,谨慎：资金流入未验证业绩,23.1
603636,南威软件,7.87,293.0,0.9,354.0,2.65,68066133,71467887,42710096,125326358,123182284,-99319955,放量,低,游资情绪,抢筹,趋势转多型,纯资金炒作(亏损风险),C,谨慎：纯资金炒作,28.9
603638,艾迪精密,19.65,-10.4,1.18,17.0,5.0,61427386,75989454,76431058,-2704685,1562246,2501069,缩量,中,主力惜售,进场,均衡流入型,资金+业绩共振(双击候选),B,关注：资金+业绩共振,85.7
603663,三祥新材,44.26,-17.9,2.77,13.7,2.49,155304851,332242612,423371965,21728321,50354328,6509168,缩量,低,情绪退潮,进场,主力建仓型,资金+业绩共振(双击候选),B,关注：资金+业绩共振,72.8
603667,五洲新春,49.84,-28.0,0.66,7.0,2.76,96772501,212210802,111167849,43665307,23765511,-27579982,缩量,低,情绪退潮,进场,趋势转多型,资金+业绩共振(双击候选),B,关注：资金+业绩共振,72.9
603665,康隆达,24.32,190.5,0.46,-0.9,5.65,28751158,17796553,39316568,15119505,6550481,-5377730,放量,中,主力偏强放量,吸筹,资金观望型,资金+业绩共振(双击候选),B,关注：资金+业绩共振,81.9
603666,亿嘉和,26.72,-54.2,0.93,-14.3,1.89,9238390,1320650,-41625098,10310569,5772995,-4349232,缩量,低,情绪退潮,吸筹,资金观望型,纯资金炒作(亏损风险),C,谨慎：纯资金炒作,4.6
603676,卫信康,8.97,-53.9,1.23,-16.4,1.48,825102,3105762,4161429,100109,0,7358,缩量,低,情绪退潮,进场,均衡流入型,资金+业绩共振(双击候选),B,关注：资金+业绩共振,72.5
603683,晶华新材,15.32,-67.7,1.1,-26.7,-4.47,-44850140,5616381,-74779683,-7716136,1965424,5727620,缩量,低,情绪退潮,观望,资金观望型,,D,回避：资金观望,-1.5
603687,大胜达,14.29,-57.9,0.34,-32.9,-10.36,-99132532,-183299384,-256199555,1316835,-2164084,-1749607,缩量,低,情绪退潮,观望,资金撤退型,,D,回避：资金撤退,-3.5
603708,家家悦,8.9,-38.5,0.67,-53.2,-1.36,-1957015,1997944,-6887815,1764383,-109564,-1832017,缩量,低,情绪退潮,观望,资金观望型,,D,回避：资金观望,-0.5
603709,中源家居,12.86,77.9,0.27,0.0,2.08,4852087,9421174,-5519047,-400741,-1725929,345833,放量,低,游资情绪,观望,趋势转多型,,D,回避：资金观望,8.7
603711,香飘飘,11.65,-56.9,0.43,-37.0,-1.74,-3227899,-280374,-27421118,-2139214,-2230805,1585411,缩量,低,情绪退潮,观望,资金观望型,,D,回避：资金观望,-0.6
603689,皖天然气,7.67,-13.9,0.62,-41.8,-3.98,-3582644,-4878471,-23833522,4969196,1138995,-1813125,缩量,低,情绪退潮,观望,资金撤退型,,D,回避：资金撤退,-1.3
603685,晨丰科技,25.08,-57.3,0.5,-55.5,-10.94,-23506314,-25685849,25742143,-536051,-2251628,-2080434,缩量,低,情绪退潮,观望,长线吸筹型,,D,回避：资金观望,-3.6
603716,塞力医疗,16.58,-63.3,2.35,24.7,2.9,42941190,1343732,28770859,-4236873,-4002236,11543727,缩量,低,情绪退潮,观望,资金观望型,,D,回避：资金观望,1.0
603717,天域生物,6.04,-42.8,0.58,-30.8,-0.4,-817082,-5043532,-21209658,-450974,-579250,1156371,缩量,低,情绪退潮,观望,资金撤退型,,D,回避：资金撤退,-0.1
603688,石英股份,44.44,-58.8,0.5,0.4,-3.22,-96682972,3574482,-79443506,-13510520,-2972381,33841905,缩量,低,情绪退潮,观望,资金观望型,,D,回避：资金观望,-1.1
603696,安记食品,13.12,-42.6,2.41,-48.0,0.35,3940194,-20869455,55452669,-9334038,-3858095,21190862,缩量,低,情绪退潮,观望,长线吸筹型,,D,回避：资金观望,0.1
603722,阿科力,28.49,-81.4,2.13,-16.0,-0.43,-554866,1272730,2216675,553362,103521,1542981,缩量,低,情绪退潮,观望,资金观望型,,D,回避：资金观望,-0.1
603725,天安新材,12.03,-39.5,3.84,47.9,-3.76,-29399966,64524323,42293376,14557200,14476674,-19055449,缩量,低,情绪退潮,观望,资金观望型,,D,回避：资金观望,-1.3
603726,朗迪集团,23.61,-75.5,0.93,0.9,-1.79,-6313562,-3476731,-12395248,-1943455,-2424804,4097511,缩量,低,情绪退潮,观望,资金观望型,,D,回避：资金观望,-0.6
603727,博迈科,18.95,-31.4,1.0,30.3,2.71,10323260,13759638,16023535,-4317381,-2727986,2595073,缩量,低,情绪退潮,观望,均衡流入型,,D,回避：资金观望,0.9
603728,鸣志电器,52.47,-19.1,0.83,-18.2,0.59,9274400,29639481,180545180,-11965125,-7725568,19187555,缩量,低,情绪退潮,观望,长线吸筹型,,D,回避：资金观望,0.2
603657,春光科技,37.88,93.5,0.51,116.7,-2.18,-22043982,1798853,14338518,858004,6775618,2469242,放量,低,游资情绪,抢筹,资金观望型,纯资金炒作(亏损风险),C,谨慎：纯资金炒作,27.3
603699,纽威股份,43.6,-58.6,0.58,-13.8,1.44,12509359,5575933,-25337492,-3037310,-9629241,8993823,缩量,低,情绪退潮,观望,资金观望型,,D,回避：资金观望,0.5
603737,三棵树,21.82,15.3,0.99,-6.7,-2.29,-22780423,-30090695,-57724919,-4052227,-73655,3269368,缩量,低,情绪退潮,观望,资金撤退型,,D,回避：资金撤退,-0.8
603738,泰晶科技,33.83,-55.0,0.89,8.8,-1.64,-72232890,-5137574,-396594677,-28200226,-5747568,24713784,缩量,低,情绪退潮,观望,资金观望型,,D,回避：资金观望,-0.5
603739,蔚蓝生物,12.76,-21.4,0.74,-22.9,-0.55,-1384121,-1544957,2307352,601388,596134,-3543316,缩量,低,情绪退潮,观望,资金观望型,,D,回避：资金观望,-0.2
603755,日辰股份,25.51,188.8,0.41,-5.4,-1.39,-4265269,-8106888,-9912927,838208,512000,-2194394,放量,低,游资情绪,观望,资金撤退型,,D,回避：资金撤退,7.5
603698,航天工程,20.04,-82.5,0.35,-2.1,-0.55,-4576407,-46363484,-56171650,-5009420,-5154731,1023971,缩量,低,情绪退潮,观望,资金撤退型,,D,回避：资金撤退,-0.2
603758,秦安股份,10.79,-17.5,0.93,-43.4,-3.23,-10082180,-20919680,-60382835,-5787198,-3981548,8738189,缩量,低,情绪退潮,观望,资金撤退型,,D,回避：资金撤退,-1.1
603700,宁水集团,11.56,-16.7,1.01,-2.3,-9.81,-32637103,-42154036,-59874471,2227984,171590,4887616,缩量,低,情绪退潮,观望,资金撤退型,,D,回避：资金撤退,-3.3
603701,德宏股份,18.18,-60.6,0.48,-47.4,-10.74,-26305826,-27317361,-3040585,-2159965,-2044733,3824392,缩量,低,情绪退潮,观望,长线吸筹型,,D,回避：资金观望,-3.6
603681,永冠新材,18.74,-41.7,0.83,61.8,0.39,3836330,10814835,2254712,654497,2605963,-2886437,缩量,低,情绪退潮,进场,趋势转多型,资金+业绩共振(双击候选),B,关注：资金+业绩共振,72.1
603768,常青股份,11.81,32.4,0.67,-18.8,-0.44,-578475,-787056,-1619603,3007965,1450392,-7207793,缩量,低,情绪退潮,观望,资金撤退型,,D,回避：资金撤退,-0.1
603773,沃格光电,90.6,76.4,0.85,131.8,2.7,518694111,1107253593,1128434930,-150007432,-110332483,162388566,放量,低,游资情绪,观望,主力建仓型,,D,回避：资金观望,8.9
603776,永安行,21.07,4.0,0.75,17.0,2.03,6886848,14933367,29551984,-2032292,-2521882,5057027,缩量,低,情绪退潮,观望,主力建仓型,,D,回避：资金观望,0.7
603777,来伊份,13.83,-45.7,0.31,-18.0,-4.28,-25624937,-35525808,-52393519,987824,3650155,1062848,缩量,低,情绪退潮,观望,资金撤退型,,D,回避：资金撤退,-1.4
603778,国晟科技,8.03,-58.1,0.33,-30.3,0.05,1415403,-31904203,161360763,-19115482,-22769346,12310897,缩量,低,情绪退潮,观望,长线吸筹型,,D,回避：资金观望,0.0
603779,威龙股份,8.04,-74.5,3.03,-51.3,-6.39,-25612887,-56313729,-74732882,-4165973,-1590946,2550616,缩量,低,情绪退潮,观望,资金撤退型,,D,回避：资金撤退,-2.1
603786,科博达,37.17,-41.2,0.45,-30.7,-2.09,-5010383,-6654306,-19419974,-400193,-829529,-3603005,缩量,低,情绪退潮,观望,资金撤退型,,D,回避：资金撤退,-0.7
603787,新日股份,10.55,-36.5,0.66,5.3,-2.19,-2481727,-5694951,-10286058,-2542611,-2305418,1526383,缩量,低,情绪退潮,观望,资金撤退型,,D,回避：资金撤退,-0.7
603788,宁波高发,13.66,-20.1,0.24,-4.0,-1.64,-1076025,1531640,-2892081,408328,-287752,-1706772,缩量,低,情绪退潮,观望,资金观望型,,D,回避：资金观望,-0.5
603790,雅运股份,24.75,-62.2,1.16,3.7,-0.33,-1240871,-7498314,-325398,984395,-1293611,1284176,缩量,低,情绪退潮,观望,资金观望型,,D,回避：资金观望,-0.1
603797,联泰环保,5.36,252.4,1.43,47.5,3.73,17462431,14706282,17637916,-2876394,171844,4244831,放量,低,游资情绪,观望,资金观望型,,D,回避：资金观望,9.2
603798,康普顿,13.69,61.4,0.42,-7.0,2.39,9556197,5379785,8412090,-4342859,-1763952,-2474136,放量,低,游资情绪,观望,资金观望型,,D,回避：资金观望,8.8
603799,华友钴业,34.03,-69.7,0.45,-19.3,-6.65,-400033161,-725320073,-1665831802,-53563207,-45034249,94873159,缩量,低,情绪退潮,观望,资金撤退型,,D,回避：资金撤退,-2.2
603800,洪田股份,53.93,-76.0,1.26,-9.2,-6.65,-75564833,-86741242,-201657547,-13372402,-10833831,7876876,缩量,低,情绪退潮,观望,资金撤退型,,D,回避：资金撤退,-2.2
603801,志邦家居,6.22,-3.5,1.11,-59.2,-0.4,-970604,-4472905,-2849007,-76972,600572,1381094,缩量,低,情绪退潮,观望,资金观望型,,D,回避：资金观望,-0.1
603707,健友股份,7.89,-39.4,0.88,-19.6,-2.58,-10137880,-13913648,103138483,542358,3895744,1152915,缩量,低,情绪退潮,观望,长线吸筹型,,D,回避：资金观望,-0.9
603806,福斯特,13.76,-63.3,0.49,-10.9,-7.02,-81615287,-123547180,-208698148,10027836,6564654,-17977125,缩量,低,情绪退潮,观望,资金撤退型,,D,回避：资金撤退,-2.3
603703,盛洋科技,9.88,-17.1,0.6,26.6,-1.95,-12375026,-43679323,-120511555,-2537632,-1007517,4719262,缩量,低,情绪退潮,观望,资金撤退型,,D,回避：资金撤退,-0.7
603809,豪能股份,8.49,-53.1,0.68,-13.3,-2.46,-5323139,-5472574,-18015654,5917986,5251677,-5455267,缩量,低,情绪退潮,观望,资金撤退型,,D,回避：资金撤退,-0.8
603706,东方环宇,16.95,-50.4,0.56,-42.5,-5.75,-3799418,-5842548,-11247069,-937305,0,2261885,缩量,低,情绪退潮,观望,资金撤退型,,D,回避：资金撤退,-1.9
603811,诚意药业,6.95,-36.3,0.5,-7.9,-6.02,-7981768,-22449481,-29812170,2251062,-825300,-1804852,缩量,低,情绪退潮,观望,资金撤退型,,D,回避：资金撤退,-2.0
603813,原尚股份,25.91,-45.0,0.51,10.7,-1.25,-1535652,-3948945,-9920709,257598,0,606150,缩量,低,情绪退潮,观望,资金撤退型,,D,回避：资金撤退,-0.4
603815,交建股份,5.09,-74.8,0.42,-12.6,-5.62,-8742638,-8450980,-21147461,-2143295,-1821424,640987,缩量,低,情绪退潮,观望,资金观望型,,D,回避：资金观望,-1.9
603712,七一二,11.28,-49.0,0.85,-13.3,2.94,15515925,8859394,12675447,3457088,1622275,-3171479,缩量,低,情绪退潮,进场,资金观望型,纯资金炒作(亏损风险),C,谨慎：纯资金炒作,13.0
603817,海峡环保,5.73,104.3,0.45,62.7,4.53,27691674,26572763,24497337,-10476987,-2563048,4837551,放量,低,游资情绪,观望,资金观望型,,D,回避：资金观望,9.5
603818,曲美家居,4.0,5.0,1.16,49.5,-2.92,-16913383,-5084959,-77099945,5201389,-2099576,-2760979,缩量,低,情绪退潮,观望,资金观望型,,D,回避：资金观望,-1.0
603721,中广天择,18.45,34.7,1.3,-61.9,2.05,11943898,12151232,-61733929,1395110,2171874,43447,缩量,低,情绪退潮,进场,趋势转多型,资金+业绩共振(双击候选),B,关注：资金+业绩共振,72.7
603823,百合花,42.69,-32.1,11.2,0.1,-11.21,-734416478,-747576623,-1265395181,-133063637,-100575011,160289887,缩量,低,情绪退潮,观望,资金撤退型,,D,回避：资金撤退,-3.7
603826,坤彩科技,15.53,11.0,0.48,26.7,2.4,41283223,19490994,90766024,-9897867,-6577010,32711742,缩量,低,情绪退潮,观望,资金观望型,,D,回避：资金观望,0.8
603829,洛凯股份,15.68,-0.2,0.26,6.0,1.3,2550728,6353077,23360971,-1337125,910642,10477583,缩量,低,情绪退潮,观望,长线吸筹型,,D,回避：资金观望,0.4
603833,欧派家居,30.26,-29.8,0.96,-14.7,-1.72,-8514584,-14748554,-33541580,6111667,-4243615,-10033834,缩量,低,情绪退潮,观望,资金撤退型,,D,回避：资金撤退,-0.6
603836,海程邦达,9.66,-18.1,0.79,5.4,-2.15,-2833772,-8265138,-15794158,-1999196,530732,1457405,缩量,低,情绪退潮,观望,资金撤退型,,D,回避：资金撤退,-0.7
603839,安正时尚,6.88,-13.3,0.73,-44.7,1.17,1714932,2477584,-16978099,-173367,-544000,-612894,缩量,低,情绪退潮,观望,趋势转多型,,D,回避：资金观望,0.4
603848,好太太,13.22,-14.0,0.53,8.8,-0.39,-559264,-7436728,-17620277,-1008425,181024,455159,缩量,低,情绪退潮,观望,资金撤退型,,D,回避：资金撤退,-0.1
603719,良品铺子,9.08,-69.3,0.68,-38.2,5.28,6899137,3092417,-3903225,-1012830,0,-754814,缩量,中,主力惜售,进场,资金观望型,纯资金炒作(亏损风险),C,谨慎：纯资金炒作,25.8
603713,密尔克卫,66.65,-66.2,3.72,-3.2,5.72,35569406,70845269,92493639,6293340,8937290,1916272,缩量,中,主力惜售,进场,主力强攻型,资金+业绩共振(双击候选),B,关注：资金+业绩共振,85.9
603858,步长制药,14.46,-71.0,1.39,-16.7,-1.4,-3421595,11784628,-2897352,-80714,448574,517899,缩量,低,情绪退潮,观望,资金观望型,,D,回避：资金观望,-0.5
603697,有友食品,9.49,-17.8,0.85,-14.5,1.92,5095747,1348793,-13243674,3117020,678768,551586,缩量,低,情绪退潮,进场,资金观望型,资金+业绩共振(双击候选),B,关注：资金+业绩共振,72.6
603860,中公高科,26.5,-2.1,0.51,-0.3,2.24,2990229,2999424,-508032,-3076612,-525999,3875500,缩量,低,情绪退潮,观望,趋势转多型,,D,回避：资金观望,0.7
603861,白云电器,10.75,-80.0,0.89,-10.0,-4.96,-13050734,-23393312,-47500323,-2653658,710892,5652729,缩量,低,情绪退潮,观望,资金撤退型,,D,回避：资金撤退,-1.7
603863,松炀资源,12.11,13.6,0.41,23.6,-5.58,-15986407,-13047939,-57117613,1158490,3481832,-5589077,缩量,低,情绪退潮,观望,资金观望型,,D,回避：资金观望,-1.9
603866,桃李面包,4.19,10.6,1.03,-7.0,0.16,490173,-7718820,-2596434,-772460,-2758574,8362083,缩量,低,情绪退潮,观望,资金观望型,,D,回避：资金观望,0.1
603730,岱美股份,9.63,-31.7,0.71,-8.0,-0.66,-5671705,-85913552,-49787497,26290323,20683348,-16177553,缩量,低,情绪退潮,吸筹,资金观望型,机构吸筹+盈利(关注),C,谨慎：资金流入未验证业绩,23.8
603868,飞科电器,30.69,28.1,0.3,37.6,-1.45,-2928318,6069568,4279309,592093,-558566,366049,缩量,低,情绪退潮,观望,资金观望型,,D,回避：资金观望,-0.5
603693,江苏新能,12.71,170.0,0.42,90.0,0.4,4037334,-43184565,88181758,36167892,22387916,-23635300,放量,低,游资情绪,抢筹,长线吸筹型,资金+业绩共振(双击候选),B,关注：资金+业绩共振,88.1
603876,鼎胜新材,17.21,-45.4,0.32,-15.2,-1.9,-25775991,-82884531,-408983786,2775760,3753105,-20493122,缩量,低,情绪退潮,观望,资金撤退型,,D,回避：资金撤退,-0.6
603757,大元泵业,69.31,-38.7,1.53,-38.6,3.64,104179704,81298794,251246205,49958478,49403514,-14330822,缩量,低,情绪退潮,吸筹,资金观望型,资金+业绩共振(双击候选),B,关注：资金+业绩共振,65.2
603733,仙鹤股份,17.6,-31.0,2.93,-39.3,-0.09,-484903,-24031782,3139920,5515966,4269081,-2492467,缩量,低,情绪退潮,吸筹,资金观望型,机构吸筹+盈利(关注),C,谨慎：资金流入未验证业绩,24.0
603879,永悦科技,4.97,-38.9,1.04,-5.4,-6.26,-10547534,-24519084,-26683189,171907,-177099,1897301,缩量,低,情绪退潮,观望,资金撤退型,,D,回避：资金撤退,-2.1
603880,南卫股份,8.63,-20.2,0.76,-4.4,-2.94,-10664428,-42213847,-19051434,-1830789,-536807,3073031,缩量,低,情绪退潮,观望,资金观望型,,D,回避：资金观望,-1.0
603881,数据港,23.04,-81.6,0.75,-11.1,-2.74,-71206614,-28537210,-260241803,-21694719,-17273078,25540140,缩量,低,情绪退潮,观望,资金观望型,,D,回避：资金观望,-0.9
603882,金域医学,28.25,9.7,1.89,54.6,-1.0,-16197070,3618306,-12148410,-25239111,-20762825,41207827,缩量,低,情绪退潮,观望,资金观望型,,D,回避：资金观望,-0.3
603759,海天股份,7.97,6.6,0.67,52.4,0.99,1800995,11278074,-7171819,2675282,751608,-4067959,缩量,低,情绪退潮,进场,趋势转多型,资金+业绩共振(双击候选),B,关注：资金+业绩共振,72.3
603767,中马传动,15.35,559.2,0.25,147.7,6.87,75969600,76851440,64674961,2220060,2667726,4065060,放量,中,主力偏强放量,进场,趋势转多型,纯资金炒作(亏损风险),C,谨慎：纯资金炒作,30.3
603766,隆鑫通用,14.21,-43.3,1.14,39.3,8.35,95763260,46647064,40602688,5952118,5545964,-20605514,缩量,中,主力惜售,进场,资金观望型,资金+业绩共振(双击候选),B,关注：资金+业绩共振,86.8
603887,城地香江,8.49,-68.5,0.66,-48.5,-0.63,-3453407,-33763923,-228042672,-611890,316875,7784417,缩量,低,情绪退潮,观望,资金撤退型,,D,回避：资金撤退,-0.2
603888,新华网,17.27,60.1,0.7,72.7,-6.31,-145062940,-85276950,22404069,4193348,471295,671335,放量,低,游资情绪,观望,资金观望型,,D,回避：资金观望,5.9
603819,神力股份,16.54,2.1,0.56,4.5,8.6,76049441,64770864,58029011,-3366332,-1508928,-2089722,缩量,中,主力惜售,进场,资金观望型,资金+业绩共振(双击候选),B,关注：资金+业绩共振,86.9
603890,春秋电子,14.91,-67.3,0.82,-52.0,-12.57,-218187205,-271896511,-560307893,-21964141,-14077123,15138845,缩量,低,情绪退潮,观望,资金撤退型,,D,回避：资金撤退,-4.2
603893,瑞芯微,212.94,-60.7,2.79,20.5,-6.41,-1308686825,-872556994,-753059190,102141803,43547050,-78336189,缩量,低,情绪退潮,观望,资金观望型,,D,回避：资金观望,-2.1
603895,天永智能,26.56,-10.9,0.51,-35.2,-1.65,-2095841,-886162,-3934542,2155919,2526087,-3080672,缩量,低,情绪退潮,观望,资金观望型,,D,回避：资金观望,-0.5
603896,寿仙谷,14.69,-61.7,0.98,-11.2,-1.27,-1600282,-2050197,-4603440,-609166,-894012,575945,缩量,低,情绪退潮,观望,资金撤退型,,D,回避：资金撤退,-0.4
603897,长城科技,29.01,-44.6,0.47,-38.7,-1.78,-15862866,-15106025,-140068354,-71477,307952,2323537,缩量,低,情绪退潮,观望,资金观望型,,D,回避：资金观望,-0.6
603898,好莱客,11.54,-45.9,1.06,-5.9,0.89,2027432,-810170,-15438378,-490901,-196382,-1323515,缩量,低,情绪退潮,观望,资金观望型,,D,回避：资金观望,0.3
603803,瑞斯康达,11.39,65.8,0.33,60.9,5.65,128514803,160643342,147437076,-27178421,-11634280,29911382,放量,中,主力偏强放量,进场,短线抢筹型,纯资金炒作(亏损风险),C,谨慎：纯资金炒作,29.9
603900,莱绅通灵,6.29,-9.5,0.52,-56.3,-2.17,-10073792,15816295,27783857,-63955,567840,-1944443,缩量,低,情绪退潮,观望,资金观望型,,D,回避：资金观望,-0.7
603901,永创智能,9.32,-57.2,0.37,-56.6,2.87,8053124,2281472,8169533,-3288913,-1928608,3894726,缩量,低,情绪退潮,观望,资金观望型,,D,回避：资金观望,1.0
603903,中持股份,13.83,-35.0,1.58,35.5,2.15,27752154,11618117,49263687,-6809522,-5333589,5343489,缩量,低,情绪退潮,观望,资金观望型,,D,回避：资金观望,0.7
603906,龙蟠科技,17.31,-56.7,0.27,-34.7,-6.56,-55174821,-63997232,-171629121,16345679,12809685,-15977523,缩量,低,情绪退潮,观望,资金撤退型,,D,回避：资金撤退,-2.2
603908,牧高笛,19.77,21.0,0.41,38.0,-2.02,-2981994,-320186,-5315634,-30011,556661,2952321,缩量,低,情绪退潮,观望,资金观望型,,D,回避：资金观望,-0.7
603808,歌力思,8.81,-43.6,0.25,-10.0,0.15,216413,1175244,1110821,272261,0,1917972,缩量,低,情绪退潮,进场,趋势转多型,资金+业绩共振(双击候选),B,关注：资金+业绩共振,72.0
603912,佳力图,9.01,-25.8,0.39,-21.9,2.51,25322357,20361346,-10879138,-11633194,-5126482,9671365,缩量,低,情绪退潮,观望,资金观望型,,D,回避：资金观望,0.8
603915,国茂股份,13.15,-36.9,0.5,-19.5,-5.02,-15780997,-20334176,-45564201,394614,610988,1165161,缩量,低,情绪退潮,观望,资金撤退型,,D,回避：资金撤退,-1.7
603916,苏博特,10.43,-65.9,0.5,-53.4,-6.53,-14842221,-18918580,-66399630,-202414,-962489,1573720,缩量,低,情绪退潮,观望,资金撤退型,,D,回避：资金撤退,-2.2
603917,合力科技,14.04,-38.9,0.45,21.6,3.13,7339002,23327679,19342971,-2646552,-2115095,745187,缩量,低,情绪退潮,观望,趋势转多型,,D,回避：资金观望,1.0
603918,金桥信息,10.59,-59.9,1.97,5.8,-2.91,-15741741,12871164,-66080221,-1741356,304076,9144759,缩量,低,情绪退潮,观望,资金观望型,,D,回避：资金观望,-1.0
603919,金徽酒,15.82,-81.6,1.98,-39.2,-0.84,-2874950,-6196715,-32080661,862540,-307161,-488249,缩量,低,情绪退潮,观望,资金撤退型,,D,回避：资金撤退,-0.3
603816,顾家家居,22.97,-12.9,0.68,-10.8,1.63,10255013,28776316,70749700,-2555465,6342424,-127021,缩量,低,情绪退潮,吸筹,均衡流入型,资金+业绩共振(双击候选),B,关注：资金+业绩共振,64.5
603926,铁流股份,16.84,-63.8,0.36,-49.7,-2.51,-5713072,-255302,64503835,2002323,145595,-446214,缩量,低,情绪退潮,观望,高位分歧型,,D,回避：资金观望,-0.8
603927,中科软,13.61,-65.1,0.86,-21.2,-2.64,-9382432,-12671230,-71258932,-1327326,-55638,3111735,缩量,低,情绪退潮,观望,资金撤退型,,D,回避：资金撤退,-0.9
603928,兴业股份,11.88,-87.6,6.5,35.2,-1.82,-9124644,3861518,-10696239,-3895051,423018,10272004,缩量,低,情绪退潮,观望,资金观望型,,D,回避：资金观望,-0.6
603810,丰山集团,12.25,-19.1,0.49,-15.9,1.29,1234270,650884,-5047337,669722,0,1414331,缩量,低,情绪退潮,进场,资金观望型,资金+业绩共振(双击候选),B,关注：资金+业绩共振,72.4
603931,格林达,33.4,-78.1,0.72,28.4,-2.2,-13553153,-30584166,-61380546,-2330631,-1416544,-6368722,缩量,低,情绪退潮,观望,资金撤退型,,D,回避：资金撤退,-0.7
603933,睿能科技,18.82,-73.0,0.31,20.1,0.96,2716135,5148068,-2210950,-812262,-1150998,-923589,缩量,低,情绪退潮,观望,趋势转多型,,D,回避：资金观望,0.3
603936,博敏电子,20.53,49.6,0.72,15.3,-1.33,-86818638,-809373389,-177210219,776275,-7379358,-31338004,缩量,低,情绪退潮,观望,长线吸筹型,,D,回避：资金观望,-0.4
603937,丽岛新材,12.87,139.9,0.18,207.3,2.29,22588894,20683809,10975743,-15225751,-10915291,12347260,放量,低,游资情绪,观望,资金观望型,,D,回避：资金观望,8.8
603938,三孚股份,43.56,-38.5,1.22,25.3,-3.71,-200581749,-317660799,261195987,-36336040,-15890385,58773355,缩量,低,情绪退潮,观望,长线吸筹型,,D,回避：资金观望,-1.2
603856,东宏股份,11.71,-61.6,0.56,-29.6,4.74,4619318,2743811,1143002,716062,-1422288,-317739,缩量,低,情绪退潮,进场,资金观望型,资金+业绩共振(双击候选),B,关注：资金+业绩共振,73.6
603948,建业股份,19.42,-40.5,0.83,14.2,-7.04,-9336625,-9827285,-9931628,1598432,527185,-1494276,缩量,低,情绪退潮,观望,资金撤退型,,D,回避：资金撤退,-2.3
603855,华荣股份,16.93,-31.3,0.42,-42.4,11.19,10831603,13264043,13632334,1487020,174653,-1128418,缩量,高,主力控盘,控盘,主力建仓型,控盘+盈利(稳健),B,关注：控盘稳健+盈利,71.7
603950,长源东谷,52.2,-71.3,0.86,-47.4,-1.74,-20008244,4764089,51364722,-6679965,-8008434,-3323265,缩量,低,情绪退潮,观望,资金观望型,,D,回避：资金观望,-0.6
603859,能科科技,38.16,-69.4,1.51,-2.6,6.0,68271524,72425242,65725064,-13085797,-14228260,10062399,缩量,中,主力惜售,进场,趋势转多型,资金+业绩共振(双击候选),B,关注：资金+业绩共振,86.0
603956,威派格,6.85,-67.3,4.7,42.5,-0.71,-4109602,24985886,41885272,593558,-2629706,7331980,缩量,低,情绪退潮,观望,资金观望型,,D,回避：资金观望,-0.2
603867,新化股份,34.51,41.5,0.68,20.5,-0.14,-2175142,30786359,60761080,24245489,21353768,-9833823,缩量,低,情绪退潮,吸筹,资金观望型,机构吸筹+盈利(关注),C,谨慎：资金流入未验证业绩,24.0
603960,克来机电,17.24,32.3,0.29,140.1,-0.77,-8321939,74195257,64895753,-4111004,-1599005,1113220,缩量,低,情绪退潮,观望,资金观望型,,D,回避：资金观望,-0.3
603966,法兰泰克,7.3,-50.3,0.37,-15.4,2.87,6793107,5816812,-46337874,-2247347,-1146328,2552336,缩量,低,情绪退潮,观望,资金观望型,,D,回避：资金观望,1.0
603877,太平鸟,11.75,-48.5,0.97,-9.1,0.56,398654,-2819420,-1702357,1088428,517000,-92160,缩量,低,情绪退潮,吸筹,资金观望型,资金+业绩共振(双击候选),B,关注：资金+业绩共振,64.2
603968,醋化股份,11.15,723.0,0.39,123.8,4.75,23907114,21527699,12047363,-5023527,-1405671,-18776575,放量,低,游资情绪,观望,资金观望型,,D,回避：资金观望,9.6
603969,银龙股份,7.19,-77.0,0.69,-41.8,-5.78,-14924872,-22744114,-58640082,-1696110,957332,3009939,缩量,低,情绪退潮,观望,资金撤退型,,D,回避：资金撤退,-1.9
603970,中农立华,11.74,859.4,0.67,29.3,1.72,11467180,11151977,7405202,-11445425,-11152989,11827622,放量,低,游资情绪,观望,资金观望型,,D,回避：资金观望,8.6
603878,武进不锈,4.92,-32.0,0.48,-28.2,2.9,6027898,1780614,5814657,340372,1485068,-147654,缩量,低,情绪退潮,吸筹,资金观望型,资金+业绩共振(双击候选),B,关注：资金+业绩共振,65.0
603977,国泰集团,10.67,-72.3,0.57,-43.3,-10.6,-24765797,-50009911,-34480091,-12064448,-6933280,7920217,缩量,低,情绪退潮,观望,长线吸筹型,,D,回避：资金观望,-3.5
603871,嘉友国际,11.82,-53.4,0.68,-17.6,-8.17,-41130411,-39525204,-100032290,225598,442605,-352358,缩量,低,情绪退潮,吸筹,资金观望型,机构吸筹+盈利(关注),C,谨慎：资金流入未验证业绩,21.3
603979,金诚信,72.35,-65.8,0.99,-52.3,-2.57,-36337609,-48256137,46887521,923408,-4606753,-7484547,缩量,低,情绪退潮,观望,长线吸筹型,,D,回避：资金观望,-0.9
603885,吉祥航空,9.76,-57.6,0.73,-14.2,6.47,41617069,44891003,141502094,6351221,3374160,-5691672,缩量,中,主力惜售,进场,均衡流入型,资金+业绩共振(双击候选),B,关注：资金+业绩共振,86.2
603982,泉峰汽车,6.48,6.2,0.4,6.7,0.92,1287262,1612262,8559884,-694775,-171604,864697,缩量,低,情绪退潮,观望,均衡流入型,,D,回避：资金观望,0.3
603983,丸美生物,30.4,-60.0,3.66,-28.2,3.62,22822440,-18895265,32104035,-3303272,-1669897,-959811,缩量,低,情绪退潮,观望,资金观望型,,D,回避：资金观望,1.2
603985,恒润股份,16.79,-13.0,0.16,-8.9,-1.81,-14083545,-4795720,1329185,14400895,8779492,6110428,缩量,低,情绪退潮,观望,资金观望型,,D,回避：资金观望,-0.6
603883,老百姓,12.89,-51.2,1.88,-38.7,7.16,38279122,3681345,-15657377,-1706668,-2656007,-5379188,缩量,中,主力惜售,进场,资金观望型,资金+业绩共振(双击候选),B,关注：资金+业绩共振,86.4
603987,康德莱,7.47,-33.9,0.64,14.6,-2.48,-3418840,-4961706,-7724680,-1521720,-1250170,11803,缩量,低,情绪退潮,观望,资金撤退型,,D,回避：资金撤退,-0.8
603988,中电电机,17.02,-83.9,1.58,-34.0,-5.11,-11815462,-17900313,-36091359,140390,-34390,1895822,缩量,低,情绪退潮,观望,资金撤退型,,D,回避：资金撤退,-1.7
603989,艾华集团,28.0,-51.3,3.6,-24.7,-10.29,-331522973,-397646275,265108356,-4047089,-8787410,15360030,缩量,低,情绪退潮,观望,长线吸筹型,,D,回避：资金观望,-3.4
603990,麦迪科技,18.94,-73.9,1.95,-5.6,-9.31,-144678350,-126573241,-192290286,7006329,872203,-4939914,缩量,低,情绪退潮,观望,资金观望型,,D,回避：资金观望,-3.1
603886,元祖股份,13.2,143.5,0.63,-7.3,-0.06,-223198,-1587988,-34380709,6891171,6216630,-9160939,放量,低,游资情绪,抢筹,资金撤退型,机构吸筹+盈利(关注),C,谨慎：资金流入未验证业绩,48.0
603889,新澳股份,5.97,-41.0,0.49,-26.3,3.56,7217686,12857234,-18530724,2247792,1837842,-3393069,缩量,低,情绪退潮,进场,趋势转多型,资金+业绩共振(双击候选),B,关注：资金+业绩共振,73.2
603993,洛阳钼业,16.75,-66.0,0.91,-28.8,-8.08,-883932242,-1821307715,-3987483234,-29834446,-59355115,97216715,缩量,低,情绪退潮,观望,资金撤退型,,D,回避：资金撤退,-2.7
603995,甬金股份,25.27,-59.7,1.36,-5.6,-6.78,-29163235,-26925775,-51933220,1817466,2177609,-2676473,缩量,低,情绪退潮,观望,资金观望型,,D,回避：资金观望,-2.3
603997,继峰股份,13.65,-11.3,0.7,54.2,-7.13,-154123865,-170034875,-83251287,3258088,2725554,2944979,缩量,低,情绪退潮,观望,资金观望型,,D,回避：资金观望,-2.4
603998,方盛制药,10.26,-46.8,1.48,-33.6,-1.4,-5654355,-6822633,-104872703,-1676027,-1416861,-768824,缩量,低,情绪退潮,观望,资金撤退型,,D,回避：资金撤退,-0.5
603999,读者传媒,6.65,223.5,0.65,-11.2,-2.48,-19535410,-62710384,-34597989,-1643599,-23079,10068847,放量,低,游资情绪,观望,资金观望型,,D,回避：资金观望,7.2
605001,威奥股份,5.86,-27.7,0.66,-53.2,0.34,384032,-191850,15491823,-7608,0,1255466,缩量,低,情绪退潮,观望,长线吸筹型,,D,回避：资金观望,0.1
603899,晨光股份,21.87,-30.7,0.89,-57.4,3.09,8664931,9874585,-23265759,2796433,2698045,-4766995,缩量,低,情绪退潮,进场,趋势转多型,资金+业绩共振(双击候选),B,关注：资金+业绩共振,73.0
605005,合兴股份,15.93,-43.8,0.26,-24.2,-3.06,-1828720,3114014,-9988468,-2053555,-1787045,2142824,缩量,低,情绪退潮,观望,资金观望型,,D,回避：资金观望,-1.0
605006,山东玻纤,14.64,-46.7,0.84,-24.3,-1.83,-58819681,-265376264,323610065,13272235,15423536,7321232,缩量,低,情绪退潮,观望,长线吸筹型,,D,回避：资金观望,-0.6
605007,五洲特纸,14.2,-49.9,1.21,-32.7,-0.8,-1880471,-2357075,-1992786,3991763,3469967,-5040930,缩量,低,情绪退潮,观望,资金观望型,,D,回避：资金观望,-0.3
605008,长鸿高科,13.98,177.5,1.38,0.2,1.39,4355119,-2041223,-16979657,-579627,-200547,-5890873,放量,低,游资情绪,观望,资金观望型,,D,回避：资金观望,8.5
605009,豪悦护理,25.09,-8.0,0.89,-3.5,-4.2,-5717584,-8305755,-19476029,172873,40070,-351367,缩量,低,情绪退潮,观望,资金撤退型,,D,回避：资金撤退,-1.4
605011,杭州热电,17.46,-16.6,0.95,28.2,-2.37,-15171288,-73225582,18320831,-4686305,-2703296,2021977,缩量,低,情绪退潮,观望,长线吸筹型,,D,回避：资金观望,-0.8
603949,雪龙集团,20.45,-6.0,1.17,75.3,3.37,17760698,10585662,2030901,19496437,23957216,-13078798,缩量,低,情绪退潮,吸筹,资金观望型,资金+业绩共振(双击候选),B,关注：资金+业绩共振,65.1
605018,长华集团,11.83,93.5,0.94,161.6,1.59,9419822,13116730,-2483567,-7593759,-11345103,81357,放量,低,游资情绪,观望,趋势转多型,,D,回避：资金观望,8.5
605020,永和股份,30.4,-77.0,1.95,-30.5,0.23,2135674,-36031365,-97712261,-3974476,2580086,6794935,缩量,低,情绪退潮,观望,资金观望型,,D,回避：资金观望,0.1
605028,XD世茂能,23.89,-73.6,1.15,3.0,3.01,6293095,6002990,10039558,-851067,718680,840985,缩量,低,情绪退潮,观望,资金观望型,,D,回避：资金观望,1.0
603939,益丰药房,23.01,-31.0,1.18,-26.7,1.62,13288793,8879463,30684427,3515455,-1162438,-3994188,缩量,低,情绪退潮,进场,资金观望型,资金+业绩共振(双击候选),B,关注：资金+业绩共振,72.5
605050,福然德,9.99,-68.8,0.53,-32.1,-4.41,-2622959,-11266259,-24591722,-799056,-600000,1156440,缩量,低,情绪退潮,观望,资金撤退型,,D,回避：资金撤退,-1.5
603958,哈森股份,18.59,158.3,0.33,-47.3,7.56,94504400,88973426,27758580,-3680786,1047359,4958384,放量,中,主力偏强放量,进场,资金观望型,纯资金炒作(亏损风险),C,谨慎：纯资金炒作,30.5
603909,建发合诚,10.17,351.7,0.38,64.3,3.32,8230048,8318688,360423,3180251,1726682,-4493271,放量,低,游资情绪,进场,趋势转多型,资金+业绩共振(双击候选),B,关注：资金+业绩共振,81.1
603967,中创物流,11.92,41.1,0.28,-18.6,0.58,658541,2183034,-253692,954571,-850940,-513191,缩量,低,情绪退潮,进场,趋势转多型,资金+业绩共振(双击候选),B,关注：资金+业绩共振,72.2
605060,联德股份,37.85,-66.3,0.34,-5.4,1.39,7887112,-1141298,-42704363,-823350,-669563,-3942580,缩量,低,情绪退潮,观望,资金观望型,,D,回避：资金观望,0.5
605066,天正电气,6.7,-57.6,0.46,1.4,-0.54,-739600,-12488458,-32204252,-840939,-675000,1325790,缩量,低,情绪退潮,观望,资金撤退型,,D,回避：资金撤退,-0.2
603986,兆易创新,367.57,-74.2,1.87,11.3,-3.91,-2261669265,-2160029012,-7188581173,618147543,498487743,-347854570,缩量,低,情绪退潮,吸筹,资金观望型,机构吸筹+盈利(关注),C,谨慎：资金流入未验证业绩,22.7
603929,亚翔集成,142.76,-78.3,1.23,-5.8,-3.29,-72712128,41157042,-15170319,-6380079,2402510,-1040016,缩量,低,情绪退潮,吸筹,资金观望型,机构吸筹+盈利(关注),C,谨慎：资金流入未验证业绩,22.9
605077,华康股份,11.31,31.0,0.15,-37.1,-2.96,-15470083,-30234042,11532996,-2182150,-111511,-553913,缩量,低,情绪退潮,观望,长线吸筹型,,D,回避：资金观望,-1.0
603920,世运电路,46.13,90.0,0.42,49.8,-0.0,-15618,496901590,850069904,36306480,42283155,28754080,放量,低,游资情绪,抢筹,高位分歧型,机构吸筹+盈利(关注),C,谨慎：资金流入未验证业绩,48.0
605086,龙高股份,23.31,-36.2,0.46,-30.3,-4.25,-4728056,-8472750,-30828999,223500,0,766794,缩量,低,情绪退潮,观望,资金撤退型,,D,回避：资金撤退,-1.4
603955,大千生态,25.03,52.1,0.53,27.8,5.97,24831273,24399874,23836013,-27727,-5932672,1652798,放量,中,主力偏强放量,进场,资金观望型,纯资金炒作(亏损风险),C,谨慎：纯资金炒作,30.0
605089,味知香,21.94,68.3,0.39,-27.7,-1.62,-2974618,-10014129,2227047,-703328,-154000,-8528100,放量,低,游资情绪,观望,长线吸筹型,,D,回避：资金观望,7.5
605090,九丰能源,30.33,-82.5,0.61,-35.1,-4.3,-40788883,-85110335,-186423919,-8755958,1340522,1824026,缩量,低,情绪退潮,观望,资金撤退型,,D,回避：资金撤退,-1.4
603978,深圳新星,27.3,93.8,0.29,11.1,4.64,115575380,239257039,548512626,6154538,-469479,-24036867,放量,低,游资情绪,进场,主力建仓型,纯资金炒作(亏损风险),C,谨慎：纯资金炒作,21.5
605099,共创草坪,27.77,-71.3,0.15,-45.8,-3.93,-5272233,-6379220,-11016337,-200654,0,738041,缩量,低,情绪退潮,观望,资金撤退型,,D,回避：资金撤退,-1.3
603976,正川股份,29.9,-47.6,3.16,-48.9,0.5,3957810,14384861,-30875383,1222042,-157435,-4450614,缩量,低,情绪退潮,进场,趋势转多型,资金+业绩共振(双击候选),B,关注：资金+业绩共振,72.2
605108,同庆楼,12.21,-54.8,0.71,-42.0,-3.41,-4709689,-7684787,-18096672,40519,609000,376093,缩量,低,情绪退潮,观望,资金撤退型,,D,回避：资金撤退,-1.1
605111,新洁能,56.12,-65.1,1.34,80.5,-5.07,-199564652,30365729,-334237958,-4864761,-621081,-40942941,缩量,低,情绪退潮,观望,资金观望型,,D,回避：资金观望,-1.7
605116,奥锐特,19.28,-66.3,0.97,-9.8,-5.1,-7700673,-7586430,-20723229,-714109,-531827,-644947,缩量,低,情绪退潮,观望,资金观望型,,D,回避：资金观望,-1.7
605117,德业股份,77.85,-46.7,0.66,-9.4,-6.8,-397703834,-351567079,-462382015,30154780,29392179,-57078586,缩量,低,情绪退潮,观望,资金观望型,,D,回避：资金观望,-2.3
605118,力鼎光电,31.62,-53.9,0.48,-46.5,3.28,27875642,33307712,176055586,-3748077,116110,4939004,缩量,低,情绪退潮,观望,均衡流入型,,D,回避：资金观望,1.1
605122,四方新材,12.24,11.6,0.31,24.2,-3.71,-7109415,-4209389,-6363418,-919957,-1796718,1963692,缩量,低,情绪退潮,观望,资金观望型,,D,回避：资金观望,-1.2
605123,派克新材,77.46,-69.2,0.35,-21.6,-3.47,-16624964,-32059538,-56716766,-2282826,-653518,-6205167,缩量,低,情绪退潮,观望,资金撤退型,,D,回避：资金撤退,-1.2
603991,领先股份,169.2,-25.3,2.23,-5.9,1.09,45018468,-135126907,-52263741,17609766,-4534026,22357791,缩量,低,情绪退潮,进场,资金观望型,纯资金炒作(亏损风险),C,谨慎：纯资金炒作,12.4
605133,嵘泰股份,24.35,-57.0,0.54,13.5,3.58,21392407,-27128080,-115373904,-6309237,91009,6433913,缩量,低,情绪退潮,观望,资金观望型,,D,回避：资金观望,1.2
603980,吉华集团,8.84,79.6,2.22,-25.9,-3.97,-83979680,-89825679,92618421,47402950,68134826,-9871334,放量,低,游资情绪,抢筹,长线吸筹型,机构吸筹+盈利(关注),C,谨慎：资金流入未验证业绩,46.7
605138,盛泰集团,6.18,-27.6,0.26,-52.8,1.46,1474048,2120704,-4424151,-12720,359380,-938041,缩量,低,情绪退潮,观望,趋势转多型,,D,回避：资金观望,0.5
605151,西上海,18.78,-36.8,0.38,-34.4,-1.73,-1840973,-1540480,2161326,763618,0,-803427,缩量,低,情绪退潮,观望,资金观望型,,D,回避：资金观望,-0.6
605155,西大门,14.42,-56.2,0.63,12.8,-0.46,-574837,-2754578,-12165417,2659765,2621426,-3990735,缩量,低,情绪退潮,观望,资金撤退型,,D,回避：资金撤退,-0.2
605158,华达新材,7.75,52.2,0.14,-37.9,-0.07,-113765,-3474941,-84924639,540792,-1121876,-675445,放量,低,游资情绪,观望,资金撤退型,,D,回避：资金撤退,8.0
605162,新中港,11.77,92.7,1.15,25.0,-2.75,-58537128,188485799,244794394,-3683651,-4789461,5054266,放量,低,游资情绪,观望,资金观望型,,D,回避：资金观望,7.1
605166,聚合顺,8.45,-51.1,0.43,-34.4,0.48,712760,-3184795,-15405955,-1511580,-573920,-1170069,缩量,低,情绪退潮,观望,资金观望型,,D,回避：资金观望,0.2
605167,利柏特,15.38,-46.6,1.34,-42.8,-3.18,-12865279,-37521430,-18243341,-2277572,-2792006,1989813,缩量,低,情绪退潮,观望,资金观望型,,D,回避：资金观望,-1.1
605168,三人行,49.87,-18.3,0.23,-12.4,-4.4,-71479158,-4391245,135955759,-8639048,-6857802,10638280,缩量,低,情绪退潮,观望,高位分歧型,,D,回避：资金观望,-1.5
605169,洪通燃气,13.1,65.7,0.4,-29.4,-8.1,-16686030,-25146670,-49126105,2986762,672576,-4769156,放量,低,游资情绪,观望,资金撤退型,,D,回避：资金撤退,5.3
605177,东亚药业,24.82,260.2,0.66,-20.5,2.0,18083547,-25455146,113766796,-376337,-4382059,-4354597,放量,低,游资情绪,观望,资金观望型,,D,回避：资金观望,8.7
603992,松霖科技,19.27,-62.7,0.69,-23.2,3.37,7977909,-4596138,-8703975,736449,989320,-2018929,缩量,低,情绪退潮,进场,资金观望型,资金+业绩共振(双击候选),B,关注：资金+业绩共振,73.1
605179,一鸣食品,23.47,-22.6,8.16,1.4,1.04,35171110,-66645879,-114586247,-13622525,-5978210,13493401,缩量,低,情绪退潮,观望,资金观望型,,D,回避：资金观望,0.3
605003,众望布艺,24.47,-4.2,0.33,-22.4,1.58,2627843,3817375,540579,268128,0,2747059,缩量,低,情绪退潮,进场,趋势转多型,资金+业绩共振(双击候选),B,关注：资金+业绩共振,72.5
605016,XD百龙创,20.73,-75.9,0.68,-59.0,0.69,2359403,-85129,-15119239,531527,-289864,-2288474,缩量,低,情绪退潮,进场,资金观望型,资金+业绩共振(双击候选),B,关注：资金+业绩共振,72.2
605186,健麾信息,25.07,-64.1,1.92,16.8,0.56,1739971,-310442,-8853465,-711278,-1428802,3256343,缩量,低,情绪退潮,观望,资金观望型,,D,回避：资金观望,0.2
605188,国光连锁,12.41,-23.4,0.95,-63.7,-9.26,-56040374,9763474,157381321,-1026172,-1305783,3591216,缩量,低,情绪退潮,观望,高位分歧型,,D,回避：资金观望,-3.1
605189,富春染织,13.72,-82.9,1.77,-19.9,-0.99,-4274281,-8115594,-70364826,-2564235,-3331547,5055782,缩量,低,情绪退潮,观望,资金撤退型,,D,回避：资金撤退,-0.3
605196,华通线缆,33.17,-56.4,1.58,53.9,0.51,14408920,-76174999,-25875632,-2860940,-1130274,9339359,缩量,低,情绪退潮,观望,资金观望型,,D,回避：资金观望,0.2
605033,美邦股份,19.49,-52.1,0.77,-45.8,2.05,4425789,-2031555,-33762874,996105,958032,985166,缩量,低,情绪退潮,进场,资金观望型,资金+业绩共振(双击候选),B,关注：资金+业绩共振,72.7
605208,永茂泰,14.61,-76.5,1.66,-6.7,-3.93,-22894740,-29961301,-43431843,624550,-120276,3672342,缩量,低,情绪退潮,观望,资金撤退型,,D,回避：资金撤退,-1.3
605218,伟时电子,14.13,59.6,0.38,70.0,1.01,8387504,6477102,-722447,-521110,-2033730,6387149,放量,低,游资情绪,观望,资金观望型,,D,回避：资金观望,8.3
605222,起帆电缆,21.79,-56.6,0.18,-37.8,-2.11,-10747663,-24523450,23697524,-1791729,646468,8642911,缩量,低,情绪退潮,观望,长线吸筹型,,D,回避：资金观望,-0.7
605056,咸亨国际,13.73,-21.4,0.46,97.5,2.98,22058803,21188931,18149838,3302187,4311492,-2200524,缩量,低,情绪退潮,吸筹,资金观望型,资金+业绩共振(双击候选),B,关注：资金+业绩共振,65.0
605255,天普股份,56.2,-71.7,0.51,10.0,-8.39,-15247794,-23321401,-39025917,1429921,-523431,-832921,缩量,低,情绪退潮,观望,资金撤退型,,D,回避：资金撤退,-2.8
605068,明新旭腾,20.12,-49.0,1.22,-44.7,5.81,32947887,38365866,94045655,-1379369,-1479824,8015564,缩量,中,主力惜售,进场,均衡流入型,资金+业绩共振(双击候选),B,关注：资金+业绩共振,85.9
605055,迎丰股份,8.76,-45.5,0.35,-18.7,-4.24,-7156234,-14548322,-35690281,1561592,1354509,-559882,缩量,低,情绪退潮,吸筹,资金撤退型,纯资金炒作(亏损风险),C,谨慎：纯资金炒作,2.6
605266,健之佳,15.96,-42.8,0.7,-14.2,-1.15,-1194411,-2035234,-4767475,160951,0,1264829,缩量,低,情绪退潮,观望,资金撤退型,,D,回避：资金撤退,-0.4
605088,冠盛股份,23.75,94.7,0.8,33.1,5.16,100906711,136716249,292860036,4429835,862709,-251457,放量,中,主力偏强放量,吸筹,均衡流入型,资金+业绩共振(双击候选),B,关注：资金+业绩共振,81.7
605277,新亚电子,17.04,4.7,0.64,-52.4,-7.67,-58921106,-100741018,-55624365,-2264390,820957,9875194,缩量,低,情绪退潮,观望,资金观望型,,D,回避：资金观望,-2.6
605286,同力天启,24.38,-59.6,0.87,-51.2,0.08,199201,-46686,-42485273,-1929166,-1861015,4350846,缩量,低,情绪退潮,观望,资金观望型,,D,回避：资金观望,0.0
605287,德才股份,33.99,-39.5,0.28,-54.5,-2.09,-8777742,-28363112,42227191,5421847,7179187,8472665,缩量,低,情绪退潮,观望,长线吸筹型,,D,回避：资金观望,-0.7
605288,凯迪股份,65.3,-14.4,1.06,-21.2,1.03,7111944,41971854,130699145,-4552375,-4148237,-814653,缩量,低,情绪退潮,观望,均衡流入型,,D,回避：资金观望,0.3
605289,罗曼股份,94.91,-67.5,0.56,-14.0,2.43,24954341,39817147,-64157622,-10889918,-13606508,8061449,缩量,低,情绪退潮,观望,趋势转多型,,D,回避：资金观望,0.8
605296,神农集团,31.6,-4.3,1.04,-11.0,-2.23,-16767730,-16939755,-51178044,293012,-1690096,-229403,缩量,低,情绪退潮,观望,资金撤退型,,D,回避：资金撤退,-0.7
605298,必得科技,41.92,-73.2,0.45,-25.9,-3.87,-6097458,-4472659,-18239614,-768999,-1151564,608745,缩量,低,情绪退潮,观望,资金观望型,,D,回避：资金观望,-1.3
605299,舒华体育,12.3,-57.1,0.15,-61.6,-2.05,-10533795,-16212972,40890480,-5828408,-4555886,11412935,缩量,低,情绪退潮,观望,长线吸筹型,,D,回避：资金观望,-0.7
605300,佳禾食品,10.26,-1.5,0.97,-68.6,-2.52,-5689847,-10464246,43651252,3549293,2249622,-3802067,缩量,低,情绪退潮,观望,长线吸筹型,,D,回避：资金观望,-0.8
605058,澳弘电子,59.6,1731.4,0.46,600.9,0.93,50338650,-37403533,18016186,113112338,117173768,-90438950,放量,低,游资情绪,抢筹,资金观望型,资金+业绩共振(双击候选),B,关注：资金+业绩共振,88.3
605080,浙江自然,23.0,28.9,0.37,-35.2,0.08,152312,-8746297,12428481,1405988,1218395,-1142007,缩量,低,情绪退潮,吸筹,长线吸筹型,资金+业绩共振(双击候选),B,关注：资金+业绩共振,64.0
605069,正和生态,12.46,247.8,0.36,406.0,0.87,8468955,38187779,68352370,49884437,45086688,-26607227,放量,低,游资情绪,抢筹,均衡流入型,纯资金炒作(亏损风险),C,谨慎：纯资金炒作,28.3
605319,无锡振华,22.3,17.8,0.51,-28.9,-4.2,-18619494,-89072520,-86088761,7323783,2000859,-10125985,缩量,低,情绪退潮,观望,资金观望型,,D,回避：资金观望,-1.4
605333,沪光股份,16.3,-51.4,0.68,-51.0,1.1,1730204,-328082,-14934423,-318011,781993,365902,缩量,低,情绪退潮,观望,资金观望型,,D,回避：资金观望,0.4
605337,李子园,9.1,-68.8,1.46,-42.2,-3.75,-3834402,-2333102,-14207170,1716685,822456,74846,缩量,低,情绪退潮,观望,资金观望型,,D,回避：资金观望,-1.2
605136,丽人丽妆,8.98,260.2,0.93,3.2,0.66,4045309,2824963,-8292970,8280181,3675034,-30563754,放量,低,游资情绪,抢筹,资金观望型,纯资金炒作(亏损风险),C,谨慎：纯资金炒作,28.2
605339,南侨食品,13.2,-46.0,1.39,-51.0,-0.27,-228379,-468062,-17494685,760049,0,-2588238,缩量,低,情绪退潮,观望,资金撤退型,,D,回避：资金撤退,-0.1
605100,华丰股份,34.55,-12.3,1.13,33.6,0.21,1398334,40423181,-15808737,7464510,2552901,-1431969,缩量,低,情绪退潮,吸筹,趋势转多型,资金+业绩共振(双击候选),B,关注：资金+业绩共振,64.1
605365,立达信,14.51,30.8,0.19,-53.4,-0.2,-922072,-22957982,8955279,-7626145,-3894479,11526337,缩量,低,情绪退潮,观望,长线吸筹型,,D,回避：资金观望,-0.1
605098,行动教育,52.47,-58.6,0.6,-25.0,-1.82,-3062497,-9442776,-1570772,4474417,4223280,-3312177,缩量,低,情绪退潮,吸筹,资金观望型,机构吸筹+盈利(关注),C,谨慎：资金流入未验证业绩,23.4
605368,蓝天燃气,6.63,-57.4,1.11,-42.5,-1.66,-1326515,-1017527,1337822,-741890,-545756,-274651,缩量,低,情绪退潮,观望,资金观望型,,D,回避：资金观望,-0.6
605369,拱东医疗,18.05,37.6,0.26,0.7,0.93,1567030,3848088,3624095,-2507923,-3505817,4073990,缩量,低,情绪退潮,观望,趋势转多型,,D,回避：资金观望,0.3
605376,博迁新材,118.55,-57.4,1.58,37.6,2.61,250645132,403958387,-387386650,-122394349,-106632430,201175627,缩量,低,情绪退潮,观望,趋势转多型,,D,回避：资金观望,0.9
605377,华旺科技,7.92,-70.6,1.11,-26.4,-2.15,-3349885,-3309181,-15886720,-800977,-25551,2139111,缩量,低,情绪退潮,观望,资金观望型,,D,回避：资金观望,-0.7
605128,上海沿浦,23.62,-9.3,0.75,-23.2,3.56,18190409,-12097822,-36277391,8789812,8610420,-3597017,缩量,低,情绪退潮,吸筹,资金观望型,资金+业绩共振(双击候选),B,关注：资金+业绩共振,65.2
605178,时空科技,63.54,-55.6,1.74,31.7,6.74,111540173,68918263,65505724,-703796,-8211802,-8679973,缩量,中,主力惜售,进场,资金观望型,纯资金炒作(亏损风险),C,谨慎：纯资金炒作,26.2
605389,长龄液压,61.44,-68.1,0.2,-20.6,-4.12,-8822933,-27865766,-49317860,-2150937,-2272292,1258906,缩量,低,情绪退潮,观望,资金撤退型,,D,回避：资金撤退,-1.4
605180,华生科技,14.18,207.6,0.67,139.3,4.39,16108003,18618541,21100227,10306696,6262370,-7006819,放量,低,游资情绪,抢筹,均衡流入型,资金+业绩共振(双击候选),B,关注：资金+业绩共振,89.5
605183,确成股份,16.45,-15.5,0.53,-32.4,0.69,940432,-2353128,233860,1777563,533304,-1062565,缩量,低,情绪退潮,进场,资金观望型,资金+业绩共振(双击候选),B,关注：资金+业绩共振,72.2
605198,安德利,65.68,93.3,2.05,67.1,-4.84,-122519107,-186478338,22137516,59921514,49523591,-56525935,放量,低,游资情绪,抢筹,长线吸筹型,机构吸筹+盈利(关注),C,谨慎：资金流入未验证业绩,46.4
605499,东鹏饮料,110.19,-85.4,1.0,-46.6,3.58,53697277,-7481261,-214424918,-13088239,-8945635,12723766,缩量,低,情绪退潮,观望,资金观望型,,D,回避：资金观望,1.2
605500,森林包装,7.42,-33.3,0.93,-22.2,-3.41,-3736602,-2693794,-1330276,-507869,0,572228,缩量,低,情绪退潮,观望,资金观望型,,D,回避：资金观望,-1.1
605507,国邦医药,17.87,4.8,1.3,399.0,-0.35,-3422088,31995817,51873022,-12730142,-9536763,18124074,缩量,低,情绪退潮,观望,资金观望型,,D,回避：资金观望,-0.1
605555,德昌股份,12.76,58.3,0.46,43.5,-2.62,-10072156,-7757172,-23927410,-7110620,-5593215,13548765,放量,低,游资情绪,观望,资金观望型,,D,回避：资金观望,7.1
605566,福莱蒽特,32.02,10.8,0.93,43.0,3.58,44629076,80034197,108267283,-2439154,-462351,15293549,缩量,低,情绪退潮,观望,主力建仓型,,D,回避：资金观望,1.2
605567,春雪食品,9.64,25.2,0.55,-42.3,-1.23,-2263549,-2452615,-1721028,-1560465,-673516,4186582,缩量,低,情绪退潮,观望,资金观望型,,D,回避：资金观望,-0.4
605258,协和电子,44.01,635.5,0.35,185.4,1.29,26499649,18668829,97272726,40186708,34209216,-41441404,放量,低,游资情绪,抢筹,资金观望型,资金+业绩共振(双击候选),B,关注：资金+业绩共振,88.4
605580,恒盛能源,21.03,42.8,1.6,-17.5,-0.85,-10587811,65910909,128429956,-20509968,-8248746,30149867,缩量,低,情绪退潮,观望,资金观望型,,D,回避：资金观望,-0.3
605228,神通科技,11.21,-54.0,0.68,20.9,5.32,13267056,13397477,21243873,-2699814,-2372570,3971787,缩量,中,主力惜售,进场,均衡流入型,资金+业绩共振(双击候选),B,关注：资金+业绩共振,85.8
605589,圣泉集团,36.08,-53.8,0.82,68.2,-3.1,-178481907,178139415,45159260,33095074,14562682,4040097,缩量,低,情绪退潮,观望,资金观望型,,D,回避：资金观望,-1.0
605305,中际联合,30.24,-61.9,0.51,2.8,-11.95,-48163539,-67272850,-68720306,9271617,6375130,-4504876,缩量,低,情绪退潮,吸筹,资金撤退型,机构吸筹+盈利(关注),C,谨慎：资金流入未验证业绩,20.0
605599,菜百股份,13.24,-68.6,0.6,-39.9,-7.95,-25787729,-22021966,-56902520,259878,-2077,-1141715,缩量,低,情绪退潮,观望,资金观望型,,D,回避：资金观望,-2.6
605318,法狮龙,71.46,-62.7,0.51,5.3,2.06,7850069,-11313950,-2580900,1771038,1742167,-3529452,缩量,低,情绪退潮,进场,资金观望型,纯资金炒作(亏损风险),C,谨慎：纯资金炒作,12.7
605259,绿田机械,17.3,-51.2,0.28,-3.7,5.42,2496406,-2809182,-4417245,-360893,0,544498,缩量,中,主力惜售,进场,资金观望型,资金+业绩共振(双击候选),B,关注：资金+业绩共振,85.8
605338,巴比食品,17.59,-12.5,0.86,-19.2,-1.69,-2616824,-146959,2001773,5981656,6071144,-4864932,缩量,低,情绪退潮,吸筹,资金观望型,机构吸筹+盈利(关注),C,谨慎：资金流入未验证业绩,23.4
605303,园林股份,26.05,-94.4,0.46,-35.3,-4.5,-12511607,7175020,46893140,5418400,5009415,-3719940,缩量,低,情绪退潮,吸筹,高位分歧型,纯资金炒作(亏损风险),C,谨慎：纯资金炒作,2.5
605378,野马电池,16.58,926.3,0.63,397.6,2.34,13553889,37508346,34590835,25664211,16817386,-34922205,放量,低,游资情绪,抢筹,趋势转多型,资金+业绩共振(双击候选),B,关注：资金+业绩共振,88.8
605268,王力安防,10.22,167.3,0.11,141.7,4.71,25736736,24718326,22247191,1076950,31237,-1530179,放量,低,游资情绪,进场,资金观望型,资金+业绩共振(双击候选),B,关注：资金+业绩共振,81.6
605398,新炬网络,23.16,267.8,0.81,-28.2,5.59,49242838,42614481,30213159,8709313,829597,-1988269,放量,中,主力偏强放量,进场,资金观望型,资金+业绩共振(双击候选),B,关注：资金+业绩共振,89.9
605358,立昂微,46.13,-32.6,1.28,132.4,3.86,461437254,766574286,467689558,19741370,20331749,56861811,缩量,低,情绪退潮,进场,趋势转多型,纯资金炒作(亏损风险),C,谨慎：纯资金炒作,13.3
605388,均瑶健康,6.72,19.9,0.66,-5.2,2.03,8523165,465137,-7400594,37886970,37003593,-25758900,缩量,低,情绪退潮,吸筹,资金观望型,纯资金炒作(亏损风险),C,谨慎：纯资金炒作,4.7
605366,宏柏新材,9.75,208.2,0.76,198.3,6.35,203737354,248845815,251118991,1732040,4564842,-402468,放量,中,主力偏强放量,吸筹,均衡流入型,纯资金炒作(亏损风险),C,谨慎：纯资金炒作,22.1
605399,晨光新材,11.73,10.2,0.91,-9.9,1.52,3794648,2305221,1060385,2489181,429847,-4637472,缩量,低,情绪退潮,进场,资金观望型,纯资金炒作(亏损风险),C,谨慎：纯资金炒作,12.5
605488,福莱新材,29.98,-0.6,0.73,21.9,0.46,6883749,1307352,71916861,4946846,4177616,-2694951,缩量,低,情绪退潮,吸筹,资金观望型,资金+业绩共振(双击候选),B,关注：资金+业绩共振,64.2
605577,龙版传媒,14.8,1846.2,0.34,76.3,0.91,23632211,-111482442,-122972692,-12659336,11539878,58644736,放量,低,游资情绪,抢筹,资金观望型,资金+业绩共振(双击候选),B,关注：资金+业绩共振,88.3
605598,上海港湾,23.7,-74.1,0.33,-15.8,3.1,7945712,-94293,-13468382,513737,0,-1155466,缩量,低,情绪退潮,进场,资金观望型,资金+业绩共振(双击候选),B,关注：资金+业绩共振,73.0
605588,冠石科技,45.6,-62.3,1.01,28.3,1.08,3058014,-11670290,-33300261,1345735,777198,-640682,缩量,低,情绪退潮,吸筹,资金观望型,纯资金炒作(亏损风险),C,谨慎：纯资金炒作,4.4
