code,name,price,cjb30,b30v100,veab,precip,m5,m10,m20,mainflow,jumbo,small,vol,lv,sig,phase,mode,matching,grade,greason,score
000012,南  玻Ａ,3.78,-61.3,2.09,50.0,-3.1,-13925553,-4235890,-4426000,-618113,2195107,660285,缩量,低,情绪退潮,观望,资金观望型,,D,回避：资金观望,-1.0
000021,深科技,37.22,-65.2,4.4,26.5,1.22,187600136,139608626,-1090786746,-83531830,-72313461,121655083,缩量,低,情绪退潮,观望,资金观望型,,D,回避：资金观望,0.4
000019,深粮控股,7.2,342.7,0.19,19.4,0.14,1382043,142498503,196705734,-13994812,-6087161,27262295,放量,低,游资情绪,观望,均衡流入型,,D,回避：资金观望,8.0
000009,中国宝安,7.03,-69.8,1.29,-34.0,-0.14,-529880,-11232664,-6874978,6830051,7321851,-3855811,缩量,低,情绪退潮,吸筹,资金观望型,机构吸筹+盈利(关注),C,谨慎：资金流入未验证业绩,24.0
000014,沙河股份,10.97,39.5,1.16,-39.4,0.01,26892,-8637730,-17816487,2867101,3955335,425177,缩量,低,情绪退潮,进场,资金观望型,纯资金炒作(亏损风险),C,谨慎：纯资金炒作,12.0
000001,平安银行,11.73,-25.1,0.79,-24.2,0.08,3595501,-60092322,265726945,179312356,156598484,-7586597,缩量,低,情绪退潮,吸筹,长线吸筹型,资金+业绩共振(双击候选),B,关注：资金+业绩共振,64.0
000020,深华发Ａ,14.26,356.7,0.45,12.2,0.9,6282207,46633276,32048752,32866488,30056799,-19710471,放量,低,游资情绪,抢筹,趋势转多型,资金+业绩共振(双击候选),B,关注：资金+业绩共振,88.3
000008,神州高铁,2.44,-14.8,0.54,-23.6,-2.42,-7055066,-13875664,-51474645,7511971,6312773,-1055951,缩量,低,情绪退潮,吸筹,资金撤退型,纯资金炒作(亏损风险),C,谨慎：纯资金炒作,3.2
000028,国药一致,20.03,-39.0,0.61,-23.4,-3.61,-5244268,-25176651,-30243931,-2546393,-2508907,1621652,缩量,低,情绪退潮,观望,资金撤退型,,D,回避：资金撤退,-1.2
000027,深圳能源,6.28,-42.7,0.57,-13.2,-5.99,-42268293,-37259750,-69227832,5216760,2385297,-3777486,缩量,低,情绪退潮,观望,资金观望型,,D,回避：资金观望,-2.0
000029,深深房Ａ,21.15,72.4,1.68,-8.2,-6.51,-36878076,-67815607,-103207062,-20098365,-21874677,-2658963,放量,低,游资情绪,观望,资金撤退型,,D,回避：资金撤退,5.8
000030,富奥股份,3.96,-14.0,0.33,-15.9,-1.2,-2142342,-6581524,-23719380,-6090268,-5228478,2098173,缩量,低,情绪退潮,观望,资金撤退型,,D,回避：资金撤退,-0.4
000031,大悦城,2.37,196.4,1.33,-11.3,2.56,14400404,12583279,41885190,10217375,11491498,9468961,放量,低,游资情绪,抢筹,资金观望型,纯资金炒作(亏损风险),C,谨慎：纯资金炒作,28.9
000042,中洲控股,8.53,-16.5,1.38,-47.4,-0.42,-671744,-11006891,-13886218,5140966,1805745,-3506257,缩量,低,情绪退潮,观望,资金撤退型,,D,回避：资金撤退,-0.1
000035,中国天楹,5.05,17.5,0.74,0.7,-0.38,-2411429,14449853,60252074,40932554,26066255,-14541275,缩量,低,情绪退潮,吸筹,高位分歧型,机构吸筹+盈利(关注),C,谨慎：资金流入未验证业绩,23.9
000050,深天马Ａ,6.72,-50.5,2.5,6.3,3.09,20902451,46457073,21647073,-10164792,-8870862,20880708,缩量,低,情绪退潮,观望,趋势转多型,,D,回避：资金观望,1.0
000049,德赛电池,22.43,-53.8,0.29,-21.3,-3.65,-15952011,-71476390,-130326633,-10428547,-17002452,1793372,缩量,低,情绪退潮,观望,资金撤退型,,D,回避：资金撤退,-1.2
000060,中金岭南,6.19,-59.2,1.34,-29.7,-3.84,-77198367,-246106427,-418461504,-51033454,-57303453,20675849,缩量,低,情绪退潮,观望,资金撤退型,,D,回避：资金撤退,-1.3
000045,深纺织Ａ,11.33,-8.0,0.85,-54.8,-1.26,-2420721,-10652664,-34583194,2171763,1159635,-612284,缩量,低,情绪退潮,吸筹,资金撤退型,机构吸筹+盈利(关注),C,谨慎：资金流入未验证业绩,23.6
000055,方大集团,3.78,134.7,0.89,107.7,8.14,41259293,46346930,39325910,4225663,548079,2452289,放量,中,主力偏强放量,进场,短线抢筹型,纯资金炒作(亏损风险),C,谨慎：纯资金炒作,30.7
000088,盐 田 港,4.56,16.4,0.99,66.8,1.71,9769123,-23076253,-31094570,-10947471,-1584260,14903602,缩量,低,情绪退潮,观望,资金观望型,,D,回避：资金观望,0.6
000096,广聚能源,8.07,-51.2,0.75,-18.0,-6.11,-12228773,-24237284,-33020262,1482799,984,-169883,缩量,低,情绪退潮,观望,资金撤退型,,D,回避：资金撤退,-2.0
000099,中信海直,13.05,-49.3,0.94,-25.5,-5.91,-18274591,-33252059,-46702565,-2335064,-2465500,-2723770,缩量,低,情绪退潮,观望,资金撤退型,,D,回避：资金撤退,-2.0
000066,中国长城,14.84,-32.1,0.71,-2.6,-0.6,-29439171,-345716421,-639586746,438921837,430309279,-299953871,缩量,低,情绪退潮,吸筹,资金撤退型,纯资金炒作(亏损风险),C,谨慎：纯资金炒作,3.8
000151,中成股份,10.15,-10.7,0.61,80.8,-4.74,-20063563,-20532699,-39928761,-4686683,-8432121,7372195,缩量,低,情绪退潮,观望,资金撤退型,,D,回避：资金撤退,-1.6
000068,华控赛格,3.33,7.2,0.98,-3.2,4.28,10439692,16255064,-875505,1200495,2086245,-1463447,缩量,低,情绪退潮,吸筹,趋势转多型,纯资金炒作(亏损风险),C,谨慎：纯资金炒作,5.4
000070,特发信息,18.98,188.4,0.48,67.6,-1.84,-181955408,199698166,216713841,582743640,641271658,-308983917,放量,低,游资情绪,抢筹,资金观望型,纯资金炒作(亏损风险),C,谨慎：纯资金炒作,27.4
000333,美的集团,80.9,57.2,1.56,29.2,-0.32,-42031505,-240702848,-192925764,-480583143,-317658574,54665104,放量,低,游资情绪,观望,资金观望型,,D,回避：资金观望,7.9
000400,许继电气,20.38,-55.2,0.76,-33.3,0.55,4577242,-72407272,-55153277,-1445700,-5623244,3723289,缩量,低,情绪退潮,观望,资金观望型,,D,回避：资金观望,0.2
000407,胜利股份,4.22,-3.8,0.64,7.4,-2.36,-6671166,-2345799,-15619403,-14502236,-15773885,9555306,缩量,低,情绪退潮,观望,资金观望型,,D,回避：资金观望,-0.8
000401,金隅冀东,3.59,19.5,0.64,-7.5,9.73,15026900,14733794,18129140,2772109,-1292573,-722661,缩量,中,主力惜售,进场,资金观望型,资金+业绩共振(双击候选),B,关注：资金+业绩共振,87.2
000411,英特集团,10.07,-14.9,0.6,-28.7,3.1,4421643,-7085488,-17512908,-392821,-896142,1832509,缩量,低,情绪退潮,观望,资金观望型,,D,回避：资金观望,1.0
000402,金 融 街,2.77,334.3,1.27,-23.1,2.61,20647447,-7193635,38175338,66239216,84060140,-27777195,放量,低,游资情绪,抢筹,资金观望型,纯资金炒作(亏损风险),C,谨慎：纯资金炒作,28.9
000410,沈阳机床,5.44,424.9,0.4,51.3,10.68,112586417,81449379,84568680,-51169279,-56115911,24977159,放量,高,主力主导放量🔥(最强),进场,资金观望型,纯资金炒作(亏损风险),C,谨慎：纯资金炒作,35.6
000415,渤海租赁,4.31,12.7,0.97,-4.5,-9.34,-123166516,-303718489,-459863223,-88125328,-106353549,37046345,缩量,低,情绪退潮,观望,资金撤退型,,D,回避：资金撤退,-3.1
000419,通程控股,5.09,-24.5,0.71,2.3,0.73,1046712,-9017256,-6624893,-344715,0,2471478,缩量,低,情绪退潮,观望,资金观望型,,D,回避：资金观望,0.2
000409,云鼎科技,9.03,-10.5,0.54,-19.7,2.0,8213926,6339572,30650228,732887,1282106,2601715,缩量,低,情绪退潮,进场,长线吸筹型,资金+业绩共振(双击候选),B,关注：资金+业绩共振,72.7
000408,藏格矿业,72.31,-57.0,1.02,-10.3,0.19,6116196,-116106399,77758245,2581517,6063804,7411701,缩量,低,情绪退潮,进场,资金观望型,资金+业绩共振(双击候选),B,关注：资金+业绩共振,72.1
000421,南京公用,5.72,3.5,0.51,-27.4,-1.97,-4216788,-12025708,-3946627,1734926,1401870,-2595980,缩量,低,情绪退潮,观望,资金观望型,,D,回避：资金观望,-0.7
000417,合百集团,5.87,-56.8,4.85,32.5,1.5,13823531,-36775281,3280234,1117880,8414775,-832292,缩量,低,情绪退潮,吸筹,资金观望型,资金+业绩共振(双击候选),B,关注：资金+业绩共振,64.5
000423,东阿阿胶,45.6,-27.1,0.76,-11.8,-0.78,-8021246,1144195,22735841,-11598556,-11684943,24950706,缩量,低,情绪退潮,观望,资金观望型,,D,回避：资金观望,-0.3
000426,兴业银锡,34.93,-44.7,0.89,-32.6,-4.37,-363428470,-50361465,-879428587,-130075872,-113299181,93893273,缩量,低,情绪退潮,观望,资金观望型,,D,回避：资金观望,-1.5
000429,粤高速Ａ,12.45,-35.5,2.15,6.9,-0.78,-3016314,-18774821,-67099729,-2763709,-2808239,9811714,缩量,低,情绪退潮,观望,资金撤退型,,D,回避：资金撤退,-0.3
000420,吉林化纤,3.57,-48.8,0.38,-41.0,3.1,17459981,-120356977,-42843467,337356,11610,-1758174,缩量,低,情绪退潮,进场,资金观望型,资金+业绩共振(双击候选),B,关注：资金+业绩共振,73.0
000430,张家界,7.08,71.9,1.4,35.5,-5.79,-45577402,-85351001,-57494018,-4984260,-5559924,11347021,放量,低,游资情绪,观望,资金观望型,,D,回避：资金观望,6.1
000422,湖北宜化,11.98,-66.5,0.44,-13.0,-11.38,-70512353,-136025124,-190292036,3838235,5560230,-4229205,缩量,低,情绪退潮,吸筹,资金撤退型,机构吸筹+盈利(关注),C,谨慎：资金流入未验证业绩,20.2
000503,国新健康,6.89,-46.7,1.14,-36.6,-4.55,-13897174,-21292904,-12064264,-621048,12868,4628340,缩量,低,情绪退潮,观望,资金观望型,,D,回避：资金观望,-1.5
000506,招金黄金,18.69,-36.7,2.44,-49.1,-1.53,-73474919,-304845903,-353020492,4756629,13812718,37419579,缩量,低,情绪退潮,观望,资金撤退型,,D,回避：资金撤退,-0.5
000501,武商集团,7.33,11.9,1.11,-14.9,-7.65,-21890110,-27551503,-8170490,3780918,-262075,43639,缩量,低,情绪退潮,观望,资金观望型,,D,回避：资金观望,-2.6
000505,京粮控股,6.88,461.6,0.86,-33.1,-2.23,-31472547,-180093791,-241111143,-16699443,-3026080,11338657,放量,低,游资情绪,观望,资金撤退型,,D,回避：资金撤退,7.3
000510,新金路,18.53,-21.2,1.48,2.6,-1.06,-46033830,-188900998,-42703189,23702002,16961780,9456992,缩量,低,情绪退潮,观望,资金观望型,,D,回避：资金观望,-0.4
000504,南华生物,11.01,-21.0,2.69,69.2,4.94,20534699,34200316,32422636,18360595,32837644,-7130395,缩量,低,情绪退潮,吸筹,趋势转多型,资金+业绩共振(双击候选),B,关注：资金+业绩共振,65.6
000516,国际医学,4.38,21.9,0.91,119.6,-4.99,-25146327,20272569,1604190,18649586,19438318,6833693,缩量,低,情绪退潮,观望,资金观望型,,D,回避：资金观望,-1.7
000518,四环生物,3.87,-47.7,7.01,-43.2,2.86,12823277,-31886070,-3679930,-13982735,-10320964,8860233,缩量,低,情绪退潮,观望,资金观望型,,D,回避：资金观望,1.0
000509,华塑控股,3.8,285.2,1.8,62.7,4.69,43353200,36501381,17745194,15746494,-9423630,-14469193,放量,低,游资情绪,进场,资金观望型,纯资金炒作(亏损风险),C,谨慎：纯资金炒作,21.6
000520,凤凰航运,4.3,35.6,2.41,-17.2,-5.49,-37953488,-56328048,-15977823,-25593779,-4206047,22431298,缩量,低,情绪退潮,观望,资金观望型,,D,回避：资金观望,-1.8
000524,岭南控股,9.28,-41.5,0.8,-48.4,-3.48,-12444705,-68498064,-98380573,-396315,1444875,6077248,缩量,低,情绪退潮,观望,资金撤退型,,D,回避：资金撤退,-1.2
000523,红棉股份,3.53,801.1,0.71,172.3,-5.17,-184052557,-623892909,-564622088,-1539286,19523568,20011873,放量,低,游资情绪,观望,资金观望型,,D,回避：资金观望,6.3
000525,红太阳,4.72,15.3,0.85,-8.7,-4.05,-17242848,-38961649,-99413075,9454411,10834922,-12031507,缩量,低,情绪退潮,观望,资金撤退型,,D,回避：资金撤退,-1.3
000521,长虹美菱,4.45,-67.4,2.28,95.5,0.4,645057,-25131348,-18287119,2505239,-696898,-3586186,缩量,低,情绪退潮,进场,资金观望型,资金+业绩共振(双击候选),B,关注：资金+业绩共振,72.1
000526,学大教育,35.69,-59.6,1.06,-52.4,-2.62,-8038993,-15690716,-11364119,-830152,-1517889,398586,缩量,低,情绪退潮,观望,资金观望型,,D,回避：资金观望,-0.9
000534,万泽股份,23.98,-45.5,0.47,-9.6,-1.5,-19018501,-8563316,-87397753,-6535350,-8567692,289049,缩量,低,情绪退潮,观望,资金观望型,,D,回避：资金观望,-0.5
000533,顺钠股份,11.05,-32.9,0.61,-35.4,-0.44,-11080902,-112757691,59482945,-67419880,-55914898,53118057,缩量,低,情绪退潮,观望,长线吸筹型,,D,回避：资金观望,-0.1
000537,绿发电力,7.56,-61.1,0.18,77.1,-5.17,-38045150,-26747348,-71385215,5284204,5593802,1742923,缩量,低,情绪退潮,观望,资金观望型,,D,回避：资金观望,-1.7
000529,广弘控股,5.04,17.9,0.75,-13.4,7.1,8234561,-2007080,1085661,-1200380,-259235,4345572,缩量,中,主力惜售,进场,资金观望型,资金+业绩共振(双击候选),B,关注：资金+业绩共振,86.4
000541,佛山照明,4.96,-38.9,0.93,-15.1,-1.51,-1558068,-11441681,-16270224,6343669,10232766,66022,缩量,低,情绪退潮,观望,资金撤退型,,D,回避：资金撤退,-0.5
000532,华金资本,14.26,1321.1,0.43,330.7,8.23,154387632,214825066,212009890,97388531,118083325,-42598062,放量,中,主力偏强放量,抢筹,短线抢筹型,资金+业绩共振(双击候选),B,关注：资金+业绩共振,98.7
000539,粤电力Ａ,5.23,-77.2,0.39,53.9,-7.32,-88588740,-37686780,-83322539,897249,2465084,13791237,缩量,低,情绪退潮,观望,资金观望型,,D,回避：资金观望,-2.4
000543,皖能电力,7.29,-46.5,0.82,14.1,-3.68,-28473916,-52152171,-130523892,-12385993,-21272214,2755159,缩量,低,情绪退潮,观望,资金撤退型,,D,回避：资金撤退,-1.2
000536,华映科技,3.7,144.7,1.66,-44.2,1.83,24050871,7685549,293130382,62072810,49089078,-45227642,放量,低,游资情绪,抢筹,长线吸筹型,纯资金炒作(亏损风险),C,谨慎：纯资金炒作,28.6
000545,金浦钛业,2.26,-21.0,0.97,-53.4,1.61,6960563,-28120701,7630027,-9087336,-6647880,12415540,缩量,低,情绪退潮,观望,长线吸筹型,,D,回避：资金观望,0.5
000546,金圆股份,4.51,-36.7,0.12,-14.2,-2.2,-4408656,-5743829,-23446421,-7407987,-7566957,3547141,缩量,低,情绪退潮,观望,资金撤退型,,D,回避：资金撤退,-0.7
000538,云南白药,51.09,-37.4,1.37,-4.0,4.1,78827786,76314916,63955970,38749634,2065590,-35847208,缩量,低,情绪退潮,进场,资金观望型,资金+业绩共振(双击候选),B,关注：资金+业绩共振,73.4
000544,中原环保,7.3,-24.2,0.74,-16.7,1.55,1470344,2614894,4961478,5137022,5233855,-5066440,缩量,低,情绪退潮,吸筹,均衡流入型,资金+业绩共振(双击候选),B,关注：资金+业绩共振,64.5
000548,湖南投资,4.68,-11.4,0.69,-5.5,1.74,2171210,-6697365,-1367916,1939249,888981,-1768296,缩量,低,情绪退潮,进场,资金观望型,资金+业绩共振(双击候选),B,关注：资金+业绩共振,72.6
000555,神州信息,10.52,-62.8,0.71,-41.1,-1.84,-9557728,-40569985,-81377086,-7735354,-15122,3775936,缩量,低,情绪退潮,观望,资金撤退型,,D,回避：资金撤退,-0.6
000553,安道麦A,5.68,-39.5,1.09,-1.2,5.71,11782764,1288155,-16426868,-2322524,-1287160,926936,缩量,中,主力惜售,进场,资金观望型,纯资金炒作(亏损风险),C,谨慎：纯资金炒作,25.9
000554,泰山石油,6.44,-62.9,0.92,20.9,-3.63,-20288266,3561660,2165760,860355,1414538,-1053767,缩量,低,情绪退潮,吸筹,资金观望型,机构吸筹+盈利(关注),C,谨慎：资金流入未验证业绩,22.8
000552,甘肃能化,2.53,14.4,0.44,-12.2,7.57,61212433,14858515,2723809,7685619,-3539528,-2549120,缩量,中,主力惜售,进场,资金观望型,纯资金炒作(亏损风险),C,谨慎：纯资金炒作,26.5
000557,西部创业,3.71,-25.3,1.15,-10.0,0.01,8845,-5449093,-11238334,4302489,2376144,-5038666,缩量,低,情绪退潮,进场,资金观望型,资金+业绩共振(双击候选),B,关注：资金+业绩共振,72.0
000560,我爱我家,3.19,661.3,1.07,-15.3,2.99,141364538,-54861182,741279567,205629090,227937933,-127521707,放量,低,游资情绪,抢筹,资金观望型,纯资金炒作(亏损风险),C,谨慎：纯资金炒作,29.0
000567,海德股份,6.28,-18.1,1.98,-44.7,-3.33,-20791374,-16080168,13746629,-2287967,1875272,1903530,缩量,低,情绪退潮,观望,资金观望型,,D,回避：资金观望,-1.1
000566,海南海药,5.07,-49.0,8.06,-44.1,-3.23,-45890071,-65406327,43168641,183183484,184611343,-124810913,缩量,低,情绪退潮,吸筹,长线吸筹型,纯资金炒作(亏损风险),C,谨慎：纯资金炒作,2.9
000568,泸州老窖,72.2,-47.6,1.37,-39.3,1.66,40323314,-236882214,-379419048,37513621,60071429,-45737877,缩量,低,情绪退潮,吸筹,资金观望型,资金+业绩共振(双击候选),B,关注：资金+业绩共振,64.6
000576,甘化科工,8.59,8.8,1.38,-51.2,-7.61,-36301618,-70145851,-8973152,935386,1472589,-7073746,缩量,低,情绪退潮,观望,长线吸筹型,,D,回避：资金观望,-2.5
000586,汇源通信,14.17,140.2,0.14,49.8,-3.68,-28178668,-16988062,18934794,-23714987,-22880272,20945557,放量,低,游资情绪,观望,资金观望型,,D,回避：资金观望,6.8
000581,威孚高科,18.01,-32.3,0.44,-51.9,-0.82,-3356019,-9668875,-34104055,-15973048,-13033175,1011249,缩量,低,情绪退潮,观望,资金撤退型,,D,回避：资金撤退,-0.3
000590,古汉医药,9.1,-21.4,0.79,-33.6,1.69,2008478,626905,440043,-2069668,-2084656,3160777,缩量,低,情绪退潮,观望,资金观望型,,D,回避：资金观望,0.6
000592,平潭发展,8.5,176.7,0.54,63.0,2.02,298998826,-82224114,1363063395,-192850016,-137279477,217486109,放量,低,游资情绪,观望,资金观望型,,D,回避：资金观望,8.7
000595,新能股份,5.32,-78.2,3.12,-47.2,-6.88,-30457496,-64844052,-52645993,-7621576,-5682747,11757428,缩量,低,情绪退潮,观望,资金观望型,,D,回避：资金观望,-2.3
000591,太阳能,4.29,-38.9,0.35,43.8,-1.17,-12267658,-7187503,-31925245,-13443668,-12787220,4413109,缩量,低,情绪退潮,观望,资金观望型,,D,回避：资金观望,-0.4
000589,贵州轮胎,4.27,-24.3,0.69,-24.2,3.37,13290207,17507074,10822554,12853465,1750530,-11500963,缩量,低,情绪退潮,进场,趋势转多型,资金+业绩共振(双击候选),B,关注：资金+业绩共振,73.1
000593,德龙汇能,22.55,-28.9,0.64,-34.0,-0.18,-1878100,-12587006,-98561359,20075045,16856747,-28079629,缩量,低,情绪退潮,观望,资金撤退型,,D,回避：资金撤退,-0.1
000598,兴蓉环境,7.03,-34.6,1.58,-18.4,-1.97,-11257069,-45121664,-90904219,1119666,362805,-10686357,缩量,低,情绪退潮,观望,资金撤退型,,D,回避：资金撤退,-0.7
000597,东北制药,4.89,67.6,0.93,-27.6,2.49,6289320,19172315,-16709131,-2860298,-2789996,4140823,放量,低,游资情绪,观望,趋势转多型,,D,回避：资金观望,8.8
000599,青岛双星,4.58,-22.4,0.92,27.2,-1.64,-4250139,535653,-4124111,-893731,471819,-1167263,缩量,低,情绪退潮,观望,资金观望型,,D,回避：资金观望,-0.5
000601,韶能股份,6.19,-68.3,0.51,80.1,-9.96,-109625113,-98638740,-106104206,-23890833,-18253440,9796754,缩量,低,情绪退潮,观望,资金观望型,,D,回避：资金观望,-3.3
000603,盛达资源,34.18,-28.5,1.8,-47.6,-0.5,-31412764,-271341090,-712957887,-2036796,4501481,45033175,缩量,低,情绪退潮,观望,资金撤退型,,D,回避：资金撤退,-0.2
000605,渤海股份,5.93,-25.6,0.83,-9.7,3.02,3189491,4177057,4412768,-1738862,-791240,2315942,缩量,低,情绪退潮,观望,均衡流入型,,D,回避：资金观望,1.0
000596,古井贡酒,95.46,-59.9,1.84,-41.1,3.2,36924291,-52679991,45473519,9729964,3387644,-2103656,缩量,低,情绪退潮,吸筹,资金观望型,资金+业绩共振(双击候选),B,关注：资金+业绩共振,65.1
000608,阳光股份,7.26,-46.6,5.01,-19.1,-7.84,-39677405,-26848471,10560263,-11467209,405719,9472341,缩量,低,情绪退潮,观望,高位分歧型,,D,回避：资金观望,-2.6
000612,焦作万方,11.32,5.7,0.85,36.7,-0.39,-12190538,-49472049,-130409208,-27291443,-22174823,11436248,缩量,低,情绪退潮,观望,资金撤退型,,D,回避：资金撤退,-0.1
000617,中油资本,6.97,-17.3,0.48,-53.7,3.86,76734158,-130059911,-751977368,-15689482,-42006464,-7996802,缩量,低,情绪退潮,观望,资金观望型,,D,回避：资金观望,1.3
000607,华媒控股,4.53,114.5,0.95,98.9,5.37,41487577,43159320,45250269,40011370,50087902,-17174734,放量,中,主力偏强放量,抢筹,均衡流入型,纯资金炒作(亏损风险),C,谨慎：纯资金炒作,37.8
000619,海螺新材,5.17,53.9,0.75,14.6,-2.25,-3992948,-6245136,-2512891,-2400040,-5998397,801350,放量,低,游资情绪,观望,资金观望型,,D,回避：资金观望,7.2
000625,长安汽车,7.15,-65.9,0.84,40.9,2.24,32034295,33948110,9751985,-4372658,-2762463,-1414905,缩量,低,情绪退潮,观望,趋势转多型,,D,回避：资金观望,0.7
000626,远大控股,9.1,50.7,0.26,-11.3,-4.4,-31603989,-64757965,15192422,-5359817,-6622196,-239688,放量,低,游资情绪,观望,长线吸筹型,,D,回避：资金观望,6.5
000628,高新发展,60.01,78.8,0.46,-7.5,-2.01,-65873500,-108193118,136621109,-36804249,-29831348,9346307,放量,低,游资情绪,观望,长线吸筹型,,D,回避：资金观望,7.3
000629,钒钛股份,2.92,-58.9,0.79,-22.6,-8.39,-69571625,-110727242,-192894268,4114532,869614,2794312,缩量,低,情绪退潮,观望,资金撤退型,,D,回避：资金撤退,-2.8
000630,铜陵有色,6.09,-64.5,1.38,-29.4,-6.16,-248903726,-675538317,-1534791007,-60027257,-21439064,27351830,缩量,低,情绪退潮,观望,资金撤退型,,D,回避：资金撤退,-2.1
000620,盈新发展,3.27,9.9,3.57,-0.5,3.16,153042988,426396394,205293864,33882625,42374758,-17545325,缩量,低,情绪退潮,吸筹,趋势转多型,纯资金炒作(亏损风险),C,谨慎：纯资金炒作,5.1
000623,吉林敖东,17.75,-46.2,1.3,-42.3,-6.45,-41960260,-100865849,-36820668,6373413,5135788,-2801171,缩量,低,情绪退潮,吸筹,长线吸筹型,机构吸筹+盈利(关注),C,谨慎：资金流入未验证业绩,21.9
000636,风华高科,59.25,32.9,3.93,38.7,-1.86,-778810090,2071882693,18633946,-455820357,-374125835,371786906,缩量,低,情绪退潮,观望,资金观望型,,D,回避：资金观望,-0.6
000637,茂化实华,4.22,0.0,0.97,-5.8,2.17,3598020,6682622,1930904,-945199,1185738,2519425,缩量,低,情绪退潮,观望,趋势转多型,,D,回避：资金观望,0.7
000652,泰达股份,3.42,17.9,0.39,31.1,1.55,3086550,1914991,-19258093,-3186733,-1633798,3371323,缩量,低,情绪退潮,观望,资金观望型,,D,回避：资金观望,0.5
000631,顺发恒能,3.03,127.3,0.58,9.7,3.76,6673069,-11016604,-13064055,-67029,4514344,-3167571,放量,低,游资情绪,抢筹,资金观望型,资金+业绩共振(双击候选),B,关注：资金+业绩共振,89.3
000655,金岭矿业,7.22,-8.9,0.75,-16.5,-2.29,-3760266,-5069010,23854827,24031,-156606,-3452301,缩量,低,情绪退潮,观望,长线吸筹型,,D,回避：资金观望,-0.8
000633,合金投资,5.27,-11.4,0.68,9.4,6.85,13705054,11988082,17130427,-2665297,-2681599,3193958,缩量,中,主力惜售,进场,资金观望型,资金+业绩共振(双击候选),B,关注：资金+业绩共振,86.3
000635,英 力 特,7.44,143.0,0.63,-24.0,0.71,2639014,-31085508,-33240113,665145,3977296,7297333,放量,低,游资情绪,抢筹,资金观望型,纯资金炒作(亏损风险),C,谨慎：纯资金炒作,28.2
000657,中钨高新,60.49,-16.8,1.19,-12.3,2.24,524497600,175004841,-1625328852,-624537586,-450258909,657304048,缩量,低,情绪退潮,观望,资金观望型,,D,回避：资金观望,0.7
000661,长春高新,74.13,-41.9,2.34,-29.5,-0.39,-6551723,9949024,-19267586,14928749,10301413,-11547416,缩量,低,情绪退潮,观望,资金观望型,,D,回避：资金观望,-0.1
000663,永安林业,6.08,-4.8,0.63,-23.3,0.23,493272,-1015341,-891324,-772755,-153973,1627916,缩量,低,情绪退潮,观望,资金观望型,,D,回避：资金观望,0.1
000650,仁和药业,5.33,19.8,1.16,-26.3,1.68,6290939,11762651,-2054253,8470530,10085745,-4890086,缩量,低,情绪退潮,吸筹,趋势转多型,资金+业绩共振(双击候选),B,关注：资金+业绩共振,64.6
000651,格力电器,38.0,-12.5,1.47,-29.9,-2.88,-179989586,-371331921,-725861266,30659652,82372508,-3884389,缩量,低,情绪退潮,吸筹,资金撤退型,机构吸筹+盈利(关注),C,谨慎：资金流入未验证业绩,23.0
000665,湖北广电,4.09,-5.3,0.77,-27.6,-0.87,-2645399,-6058600,-36082743,-1980186,-1919696,7359953,缩量,低,情绪退潮,观望,资金撤退型,,D,回避：资金撤退,-0.3
000668,荣丰控股,19.35,89.5,2.86,-19.1,-0.23,-914685,-16015279,3955873,-14841360,-13476287,-482782,放量,低,游资情绪,观望,长线吸筹型,,D,回避：资金观望,7.9
000676,智度股份,6.77,-78.0,4.39,-45.5,-3.21,-32772234,-136742454,-231703383,-4026680,1803461,-3593209,缩量,低,情绪退潮,观望,资金撤退型,,D,回避：资金撤退,-1.1
000679,大连友谊,6.64,9.5,1.88,265.8,-2.33,-9595405,21139485,20502736,-3077088,89308,7459107,缩量,低,情绪退潮,观望,资金观望型,,D,回避：资金观望,-0.8
000681,视觉中国,16.41,-58.1,1.49,-28.3,-1.25,-16419613,-60489717,-24004769,11824992,-1807410,-10342550,缩量,低,情绪退潮,观望,资金观望型,,D,回避：资金观望,-0.4
000680,山推股份,9.39,-46.7,0.73,12.9,-0.12,-1150523,-70694404,-67848979,368949,-7705562,-7600616,缩量,低,情绪退潮,观望,资金观望型,,D,回避：资金观望,-0.0
000670,盈方微,7.83,36.3,1.29,55.7,6.16,179893313,209824957,175060251,-22744228,-22272160,29267046,缩量,中,主力惜售,进场,短线抢筹型,纯资金炒作(亏损风险),C,谨慎：纯资金炒作,26.1
000682,东方电子,10.73,-67.1,0.68,-20.4,-7.24,-29639729,-63226819,-160652552,-3076318,-1476128,311904,缩量,低,情绪退潮,观望,资金撤退型,,D,回避：资金撤退,-2.4
000688,国城矿业,26.03,-33.4,0.56,-48.3,-0.46,-8746829,-45677674,-285417849,783994,16482207,4121495,缩量,低,情绪退潮,观望,资金撤退型,,D,回避：资金撤退,-0.2
000686,东北证券,7.81,-51.9,0.84,-37.9,-6.67,-29961294,-33530367,-33862292,-390711,-7820701,-5117019,缩量,低,情绪退潮,观望,资金撤退型,,D,回避：资金撤退,-2.2
000690,宝新能源,5.23,-27.1,0.28,53.3,-1.58,-21840314,-84480376,-166170881,-8738271,-11597680,2645758,缩量,低,情绪退潮,观望,资金撤退型,,D,回避：资金撤退,-0.5
000695,滨海能源,13.08,-52.7,0.56,-68.5,-3.08,-7123908,-11410390,31089846,-5315367,-4688144,4231775,缩量,低,情绪退潮,观望,长线吸筹型,,D,回避：资金观望,-1.0
000683,博源化工,5.78,-48.9,1.3,-41.2,3.21,48382142,14211003,190973562,12052928,8109825,-24568005,缩量,低,情绪退潮,进场,资金观望型,资金+业绩共振(双击候选),B,关注：资金+业绩共振,73.1
000697,炼石航空,9.25,-36.9,1.51,-27.1,-5.87,-13209734,-27863786,-19660381,4324110,2219623,-2507187,缩量,低,情绪退潮,观望,资金观望型,,D,回避：资金观望,-2.0
000700,模塑科技,12.4,-11.5,1.9,16.1,3.19,107694396,144483456,159300360,-27233926,-8347374,40779786,缩量,低,情绪退潮,观望,均衡流入型,,D,回避：资金观望,1.1
000702,正虹科技,5.86,21.1,0.68,18.3,-0.48,-1255909,-18952566,2418432,831652,1560435,16771,缩量,低,情绪退潮,观望,资金观望型,,D,回避：资金观望,-0.2
000701,厦门信达,5.28,-21.1,0.87,-5.9,-3.82,-12474338,-18749339,-1586620,4462752,4534326,-2026744,缩量,低,情绪退潮,吸筹,资金观望型,机构吸筹+盈利(关注),C,谨慎：资金流入未验证业绩,22.7
000715,中兴商业,5.45,13.5,0.09,-29.7,-1.23,-2897427,-22991968,-25133489,-5870523,-2206939,9312029,缩量,低,情绪退潮,观望,资金撤退型,,D,回避：资金撤退,-0.4
000713,国投丰乐,6.87,875.4,0.5,37.5,3.42,53571227,26691597,73720978,-9909215,5235670,30435595,放量,低,游资情绪,观望,资金观望型,,D,回避：资金观望,9.1
000707,双环科技,4.54,-19.4,0.16,23.0,10.37,14950183,6864743,311045,-1441882,-422498,1137693,缩量,高,主力控盘,控盘,资金观望型,控盘+亏损(警惕),C,谨慎：控盘但亏损,27.5
000705,浙江震元,7.19,2.1,1.18,-6.6,2.07,3322738,2990627,-6458026,1022876,1939582,3185638,缩量,低,情绪退潮,进场,资金观望型,资金+业绩共振(双击候选),B,关注：资金+业绩共振,72.7
000716,黑芝麻,5.18,69.8,1.16,-57.0,-2.83,-20506036,-108950380,-2335387,-7578920,-1414534,3355826,放量,低,游资情绪,观望,长线吸筹型,,D,回避：资金观望,7.1
000703,恒逸石化,16.95,-14.4,1.43,-32.4,0.49,28628642,96472931,334597107,64993930,45682197,6575930,缩量,低,情绪退潮,进场,均衡流入型,资金+业绩共振(双击候选),B,关注：资金+业绩共振,72.2
000710,贝瑞基因,9.38,235.9,1.98,-36.4,8.76,86126863,81509753,-65125313,-19043991,-13547360,8473735,放量,中,主力偏强放量,进场,资金观望型,纯资金炒作(亏损风险),C,谨慎：纯资金炒作,30.9
000712,锦龙股份,10.35,294.7,1.7,-43.5,-2.44,-67905793,-384824992,206280084,33310045,25977324,-58425461,放量,低,游资情绪,抢筹,长线吸筹型,机构吸筹+盈利(关注),C,谨慎：资金流入未验证业绩,47.2
000717,中南股份,2.21,6.5,1.03,-20.2,6.04,11982701,15801945,1183317,-1468225,-818894,-2149031,缩量,中,主力惜售,进场,短线抢筹型,纯资金炒作(亏损风险),C,谨慎：纯资金炒作,26.0
000723,美锦能源,3.62,-3.5,0.69,-46.3,-2.1,-22716721,-28463071,200540398,-4702579,-2533944,1843435,缩量,低,情绪退潮,观望,长线吸筹型,,D,回避：资金观望,-0.7
000718,苏宁环球,2.08,150.3,0.9,-7.0,6.55,17497153,-940486,3221478,-8422679,2553538,5360894,放量,中,主力偏强放量,进场,资金观望型,资金+业绩共振(双击候选),B,关注：资金+业绩共振,90.2
000726,鲁  泰Ａ,6.19,109.4,0.62,118.9,2.36,9910870,168614,-17740096,-3163762,-6251393,-2320674,放量,低,游资情绪,观望,资金观望型,,D,回避：资金观望,8.8
000728,国元证券,7.53,-38.6,1.35,-58.4,-0.72,-4539805,-78517881,-299974079,-11017174,-17138115,2337104,缩量,低,情绪退潮,观望,资金撤退型,,D,回避：资金撤退,-0.2
000733,振华科技,41.6,-44.7,2.58,2.6,-2.19,-52160979,-66659923,-97386298,6291811,-386798,4956112,缩量,低,情绪退潮,观望,资金撤退型,,D,回避：资金撤退,-0.7
000720,新能泰山,4.07,5.7,0.33,45.6,10.17,130359502,149246324,104806970,3405551,-2885660,-3223865,缩量,高,主力控盘,控盘,短线抢筹型,控盘+亏损(警惕),C,谨慎：控盘但亏损,27.4
000735,罗 牛 山,6.09,229.4,0.78,118.1,1.89,48898867,-23048672,9769097,-24856103,-23565617,6612229,放量,低,游资情绪,观望,资金观望型,,D,回避：资金观望,8.6
000727,冠捷科技,2.29,-25.1,0.8,-32.8,0.4,2443452,6868361,-31254088,23289159,30281707,-15680785,缩量,低,情绪退潮,吸筹,趋势转多型,纯资金炒作(亏损风险),C,谨慎：纯资金炒作,4.1
000729,燕京啤酒,11.05,-20.8,0.74,-1.4,2.56,33273426,68516759,30814587,24115924,30024911,-21937898,缩量,低,情绪退潮,吸筹,趋势转多型,资金+业绩共振(双击候选),B,关注：资金+业绩共振,64.9
000731,四川美丰,8.23,252.3,0.38,5.6,10.72,98217484,79815894,152377355,16819152,1270738,-20019801,放量,高,主力主导放量🔥(最强),进场,资金观望型,纯资金炒作(亏损风险),C,谨慎：纯资金炒作,35.6
000737,北方铜业,14.43,22.7,1.65,45.1,-0.48,-26021694,382882459,-1451047,-39783528,-43997630,37299800,缩量,低,情绪退潮,观望,资金观望型,,D,回避：资金观望,-0.2
000739,普洛药业,24.82,1.6,2.21,-4.5,2.32,36769239,-45007541,-91397668,-1971021,5468085,-22460772,缩量,低,情绪退潮,观望,资金观望型,,D,回避：资金观望,0.8
000736,中交发展,4.76,208.8,1.55,-52.1,6.32,26444248,-6139679,-6257138,-9040306,-5941389,5797909,放量,中,主力偏强放量,进场,资金观望型,纯资金炒作(亏损风险),C,谨慎：纯资金炒作,30.1
000755,山西高速,4.72,-33.2,0.51,-5.7,-0.8,-876708,1904745,-178497,785537,-600054,-641660,缩量,低,情绪退潮,观望,资金观望型,,D,回避：资金观望,-0.3
000750,国海证券,3.7,-21.3,1.46,-27.4,1.31,8353608,-25835640,771668,15881665,13928788,-12504335,缩量,低,情绪退潮,吸筹,资金观望型,资金+业绩共振(双击候选),B,关注：资金+业绩共振,64.4
000757,浩物股份,4.29,-26.2,1.03,-6.8,-0.45,-861411,-2732423,-21193128,-4633934,-2256160,5006607,缩量,低,情绪退潮,观望,资金撤退型,,D,回避：资金撤退,-0.1
000758,中色股份,5.99,-52.8,0.79,-26.4,-6.33,-39722271,-53578354,-119201349,-7135590,-9261566,745292,缩量,低,情绪退潮,观望,资金撤退型,,D,回避：资金撤退,-2.1
000753,漳州发展,5.26,190.0,0.61,93.6,8.97,143599618,128134225,169408516,-31167340,-29385839,17476708,放量,中,主力偏强放量,进场,资金观望型,资金+业绩共振(双击候选),B,关注：资金+业绩共振,91.0
000759,中百集团,6.83,23.7,5.83,143.0,-0.28,-12980474,139773090,248253342,-29356893,-11995956,59327106,缩量,低,情绪退潮,观望,资金观望型,,D,回避：资金观望,-0.1
000751,锌业股份,4.69,-70.9,0.34,-47.5,-0.73,-4362238,-22646128,-87903477,7096367,14373732,-6262626,缩量,低,情绪退潮,吸筹,资金撤退型,机构吸筹+盈利(关注),C,谨慎：资金流入未验证业绩,23.8
000756,新华制药,14.67,17.9,4.76,29.9,1.52,10532096,-8597981,-67480665,141146079,159789730,-69573397,缩量,低,情绪退潮,吸筹,资金观望型,资金+业绩共振(双击候选),B,关注：资金+业绩共振,64.5
000767,晋控电力,3.44,-70.0,0.76,68.8,-1.99,-31864020,9373709,-15420273,-4281732,-1891910,9096504,缩量,低,情绪退潮,观望,资金观望型,,D,回避：资金观望,-0.7
000768,中航西飞,22.91,2.4,0.79,-36.8,-9.04,-190537787,-425434524,-594470760,54131666,45374890,-53349730,缩量,低,情绪退潮,观望,资金撤退型,,D,回避：资金撤退,-3.0
000776,广发证券,20.98,-53.0,1.12,-33.6,-0.53,-24231704,-152436587,-220911990,41828819,28785530,-36459125,缩量,低,情绪退潮,观望,资金撤退型,,D,回避：资金撤退,-0.2
000761,本钢板材,2.33,39.0,1.01,0.2,7.98,14353137,16013853,7490067,-8230554,-3224636,11442471,缩量,中,主力惜售,进场,趋势转多型,纯资金炒作(亏损风险),C,谨慎：纯资金炒作,26.7
000778,新兴铸管,3.63,-34.4,0.7,11.7,-1.5,-9900730,-7015710,-75045451,2361105,208590,739999,缩量,低,情绪退潮,观望,资金观望型,,D,回避：资金观望,-0.5
000783,长江证券,8.51,-63.8,4.76,-50.9,-2.86,-69214324,-388835540,-68859466,-6342916,2755177,-14356458,缩量,低,情绪退潮,观望,长线吸筹型,,D,回避：资金观望,-1.0
000788,北大医药,5.54,32.5,0.39,-24.0,1.74,6095718,3889995,-28331600,-7685067,-10644281,5066443,缩量,低,情绪退潮,观望,资金观望型,,D,回避：资金观望,0.6
000791,甘肃能源,7.3,-46.0,0.48,63.2,-3.82,-32728406,-8019907,-30878646,-8029628,-19068681,2089572,缩量,低,情绪退潮,观望,资金观望型,,D,回避：资金观望,-1.3
000779,甘咨询,9.0,-48.2,8.32,-49.9,0.3,4416292,-202653331,1308805,4998117,9443231,-72271,缩量,低,情绪退潮,吸筹,长线吸筹型,资金+业绩共振(双击候选),B,关注：资金+业绩共振,64.1
000795,英洛华,8.29,-54.1,1.65,-65.3,-11.2,-32131163,-73506518,-6171871,-1753150,-875125,-3139953,缩量,低,情绪退潮,观望,长线吸筹型,,D,回避：资金观望,-3.7
000782,恒申新材,8.3,-11.9,0.58,-3.4,0.08,398280,-18596210,-134738027,129961,734511,4041950,缩量,低,情绪退潮,进场,资金观望型,纯资金炒作(亏损风险),C,谨慎：纯资金炒作,12.0
000792,盐湖股份,24.96,-55.7,0.7,-32.1,-0.94,-52475925,-489292989,-788102226,-16686065,-38330254,13909531,缩量,低,情绪退潮,观望,资金撤退型,,D,回避：资金撤退,-0.3
000786,北新建材,16.27,-30.9,1.29,-39.2,0.03,371864,-24957761,-121253631,29418601,17584117,-30826831,缩量,低,情绪退潮,进场,资金观望型,资金+业绩共振(双击候选),B,关注：资金+业绩共振,72.0
000798,中水渔业,10.4,329.0,0.46,119.6,-2.47,-37988769,37547221,189394419,-14587717,-10749235,14154356,放量,低,游资情绪,观望,高位分歧型,,D,回避：资金观望,7.2
000789,万年青,4.15,50.0,0.64,234.3,2.02,2562932,42450652,40632903,2078935,2839405,-768701,缩量,低,情绪退潮,抢筹,趋势转多型,资金+业绩共振(双击候选),B,关注：资金+业绩共振,80.7
000790,华神科技,4.31,259.2,1.02,22.0,2.71,13879804,13472239,30348606,-4213547,5364644,-1895037,放量,低,游资情绪,抢筹,资金观望型,纯资金炒作(亏损风险),C,谨慎：纯资金炒作,28.9
000796,凯撒旅业,3.86,64.0,0.75,-32.9,-5.21,-59525876,-53729559,102140395,21498258,21167010,-17051653,放量,低,游资情绪,抢筹,长线吸筹型,机构吸筹+盈利(关注),C,谨慎：资金流入未验证业绩,46.3
000797,中国武夷,2.72,240.9,0.88,1.0,5.87,40141937,26787094,72313123,-10882456,-2895039,9006575,放量,中,主力偏强放量,进场,资金观望型,纯资金炒作(亏损风险),C,谨慎：纯资金炒作,30.0
000801,四川九洲,12.15,-50.5,0.95,-47.9,-2.03,-10845110,-84828368,-87971821,-9582439,-9796956,8190172,缩量,低,情绪退潮,观望,资金撤退型,,D,回避：资金撤退,-0.7
000802,北京文化,4.05,13.3,1.28,-54.6,-0.7,-6265768,-77939793,-161070505,2260985,-1756362,-4315700,缩量,低,情绪退潮,观望,资金撤退型,,D,回避：资金撤退,-0.2
000807,云铝股份,26.77,-37.0,1.28,-0.7,2.41,166606747,301731836,383810881,-52239530,-72007819,-5827197,缩量,低,情绪退潮,观望,均衡流入型,,D,回避：资金观望,0.8
000803,山高环能,7.21,-21.7,0.55,33.6,2.24,8112203,-3149845,-5619763,-7958835,-4064188,5018176,缩量,低,情绪退潮,观望,资金观望型,,D,回避：资金观望,0.7
000815,美利云,15.85,-35.2,0.58,-39.9,-4.89,-124051013,-223705471,-368715733,36737928,25796701,-65433797,缩量,低,情绪退潮,观望,资金撤退型,,D,回避：资金撤退,-1.6
000818,航锦科技,12.37,-39.5,1.01,-18.6,-2.11,-17049535,-59957907,-103694297,42793164,25390328,-45619920,缩量,低,情绪退潮,观望,资金撤退型,,D,回避：资金撤退,-0.7
000809,和展能源,3.52,53.1,0.57,79.2,7.41,34812748,36997810,21317982,-709060,2311207,-3753245,放量,中,主力偏强放量,进场,趋势转多型,纯资金炒作(亏损风险),C,谨慎：纯资金炒作,30.5
000811,冰轮环境,40.03,-0.2,1.67,-24.0,6.25,552073717,687791489,304727435,28807887,-62965845,-52367531,缩量,中,主力惜售,进场,短线抢筹型,资金+业绩共振(双击候选),B,关注：资金+业绩共振,86.1
000820,神雾节能,3.56,-45.1,1.69,-46.7,1.48,2613420,-2564912,-25995865,-3633284,-164514,5966923,缩量,低,情绪退潮,观望,资金观望型,,D,回避：资金观望,0.5
000823,超声电子,25.2,263.1,3.23,517.8,-2.67,-595941276,504978618,330272590,1261748,16192278,-42456698,放量,低,游资情绪,观望,资金观望型,,D,回避：资金观望,7.1
000813,德展健康,3.36,24.2,0.83,-21.9,-3.49,-17374305,3284096,88375098,8880622,9675301,-6873341,缩量,低,情绪退潮,吸筹,高位分歧型,纯资金炒作(亏损风险),C,谨慎：纯资金炒作,2.8
000816,智慧农业,2.94,67.3,0.74,8.6,2.43,13506405,62271865,127700699,5064818,5966591,11057513,放量,低,游资情绪,抢筹,主力建仓型,纯资金炒作(亏损风险),C,谨慎：纯资金炒作,28.8
000822,山东海化,4.36,-46.6,0.35,-4.7,-0.63,-1150563,5024714,-5952821,-435887,2620443,-615656,缩量,低,情绪退潮,吸筹,资金观望型,纯资金炒作(亏损风险),C,谨慎：纯资金炒作,3.8
000833,粤桂股份,20.04,-32.6,0.44,94.1,-0.44,-9456869,30591696,-216248860,-7346757,-9284031,-4178184,缩量,低,情绪退潮,观望,资金观望型,,D,回避：资金观望,-0.1
000837,秦川机床,9.83,-48.4,2.37,-27.1,-0.46,-2337355,-16808194,-138330690,7648711,9349522,943023,缩量,低,情绪退潮,观望,资金撤退型,,D,回避：资金撤退,-0.2
000829,天音控股,9.77,129.8,0.29,-12.8,-1.03,-9106989,-44716857,-100493066,159791897,155837512,-66446489,放量,低,游资情绪,抢筹,资金撤退型,纯资金炒作(亏损风险),C,谨慎：纯资金炒作,27.7
000831,中国稀土,55.3,-7.7,1.08,-30.8,3.47,219715641,-275949558,-297383137,137844565,170345856,-106393881,缩量,低,情绪退潮,吸筹,资金观望型,资金+业绩共振(双击候选),B,关注：资金+业绩共振,65.2
000828,东莞控股,10.1,-32.0,0.84,-29.5,3.79,9177587,7717370,-24667770,2142928,12665,-1421090,缩量,低,情绪退潮,进场,资金观望型,资金+业绩共振(双击候选),B,关注：资金+业绩共振,73.3
000830,鲁西化工,11.98,-35.2,0.58,-38.8,0.24,3080739,-7397483,-132631553,29019156,26036000,-29470186,缩量,低,情绪退潮,进场,资金观望型,资金+业绩共振(双击候选),B,关注：资金+业绩共振,72.1
000852,石化机械,5.59,7.2,0.57,4.3,-2.39,-11205165,12155980,67948763,1890877,-1256488,-1412387,缩量,低,情绪退潮,观望,高位分歧型,,D,回避：资金观望,-0.8
000850,华茂股份,4.29,275.7,0.59,0.4,2.43,7548117,-4439124,-13073654,-29362397,-18452602,6599538,放量,低,游资情绪,观望,资金观望型,,D,回避：资金观望,8.8
000856,冀东装备,8.83,-7.9,0.46,4.4,-2.1,-4142456,18888314,21735506,1070218,670560,265389,缩量,低,情绪退潮,观望,资金观望型,,D,回避：资金观望,-0.7
000860,顺鑫农业,10.67,26.2,1.68,-7.5,3.92,17295458,-7277455,-15368887,-867703,-1310168,-3122519,缩量,低,情绪退潮,观望,资金观望型,,D,回避：资金观望,1.3
000858,五 粮 液,70.27,-60.6,1.95,-38.0,-1.36,-67964291,-1223002766,-1635852606,-189517451,-217158472,65637582,缩量,低,情绪退潮,观望,资金撤退型,,D,回避：资金撤退,-0.5
000839,国安股份,2.91,37.5,1.18,147.5,12.19,309455282,369537557,366919116,9378532,10030131,-2699196,缩量,高,主力控盘,控盘,短线抢筹型,控盘+盈利(稳健),B,关注：控盘稳健+盈利,72.1
000862,银星能源,5.54,-52.2,0.53,149.9,-2.36,-16195723,21538416,2741239,-11450528,-7583261,12923612,缩量,低,情绪退潮,观望,资金观望型,,D,回避：资金观望,-0.8
000848,承德露露,8.17,-53.8,0.7,-45.7,0.66,1977426,-26440917,-42900323,2632200,3010183,-10342227,缩量,低,情绪退潮,进场,资金观望型,资金+业绩共振(双击候选),B,关注：资金+业绩共振,72.2
000859,国风新材,9.73,58.4,0.99,83.3,2.91,119401367,80794645,99768286,1483784,5017477,12361232,放量,低,游资情绪,进场,资金观望型,纯资金炒作(亏损风险),C,谨慎：纯资金炒作,21.0
000863,三湘印象,4.75,22.0,0.58,55.8,2.46,12649225,47354067,23715711,-4141177,-1240388,5794348,缩量,低,情绪退潮,观望,趋势转多型,,D,回避：资金观望,0.8
000875,电投绿能,4.83,-4.2,0.7,16.2,-0.92,-8494334,31864911,-78323041,-3559431,12444143,10663800,缩量,低,情绪退潮,观望,资金观望型,,D,回避：资金观望,-0.3
000881,中广核技,6.6,-10.7,0.81,-5.5,-0.09,-207605,-16653181,-46675289,-3710488,-2998950,2095040,缩量,低,情绪退潮,观望,资金撤退型,,D,回避：资金撤退,-0.0
000878,云南铜业,16.82,-27.9,0.9,-1.0,-4.61,-146524090,21859107,-44971097,-19443269,-14708994,28692629,缩量,低,情绪退潮,观望,资金观望型,,D,回避：资金观望,-1.5
000883,湖北能源,4.44,-50.2,0.84,6.8,-4.14,-28308058,-46028714,-72729175,4240097,5283912,-7424766,缩量,低,情绪退潮,观望,资金撤退型,,D,回避：资金撤退,-1.4
000869,张  裕Ａ,16.78,107.4,1.04,41.4,1.23,1841749,4592660,4495455,4978732,2782787,-358540,放量,低,游资情绪,抢筹,趋势转多型,资金+业绩共振(双击候选),B,关注：资金+业绩共振,88.4
000885,城发环境,11.8,-52.2,0.36,-25.7,-11.42,-18423703,-24328616,-24781490,3900841,2711823,-3498545,缩量,低,情绪退潮,观望,资金撤退型,,D,回避：资金撤退,-3.8
000886,海南高速,4.79,-19.9,0.75,-17.2,-0.62,-1741793,-9288673,-351922,1370278,2766018,1255930,缩量,低,情绪退潮,观望,资金观望型,,D,回避：资金观望,-0.2
000882,华联股份,1.64,174.2,1.2,33.8,12.21,87163969,88842051,63200592,26298447,25665515,-16287142,放量,高,主力主导放量🔥(最强),吸筹,趋势转多型,纯资金炒作(亏损风险),C,谨慎：纯资金炒作,28.1
000888,峨眉山Ａ,9.54,6.7,0.74,-15.1,-5.94,-29425203,-38948283,-33705978,-530483,-1647356,454988,缩量,低,情绪退潮,观望,资金观望型,,D,回避：资金观望,-2.0
000877,天山股份,3.75,-0.6,0.93,3.3,6.33,12724609,23720003,8871673,-3561759,-943152,466517,缩量,中,主力惜售,进场,短线抢筹型,纯资金炒作(亏损风险),C,谨慎：纯资金炒作,26.1
000890,法尔胜,7.95,53.6,0.09,-28.1,-4.99,-65236460,29683329,201992091,1057967,-3843069,2125236,放量,低,游资情绪,观望,高位分歧型,,D,回避：资金观望,6.3
000893,亚钾国际,40.29,-29.7,1.19,-16.9,-2.13,-52025603,-151048060,-103367263,-10022962,-20444741,-1073147,缩量,低,情绪退潮,观望,资金观望型,,D,回避：资金观望,-0.7
000899,赣能股份,9.39,-67.4,0.59,100.1,-9.39,-56022458,-12863064,-39553391,-1543238,-1170247,667508,缩量,低,情绪退潮,观望,资金观望型,,D,回避：资金观望,-3.1
000898,鞍钢股份,2.06,-3.3,1.36,-10.5,3.74,12460743,20001687,3130872,-4522180,-87255,5172954,缩量,低,情绪退潮,观望,趋势转多型,,D,回避：资金观望,1.2
000887,中鼎股份,19.54,-30.2,2.17,-36.2,5.16,113965219,-153904048,-481207892,-16409578,-25172994,-26950897,缩量,中,主力惜售,进场,资金观望型,资金+业绩共振(双击候选),B,关注：资金+业绩共振,85.7
000901,航天科技,14.48,-60.1,0.77,2.4,-4.4,-30392388,-59207800,-101701814,4648953,-343477,-5119217,缩量,低,情绪退潮,观望,资金撤退型,,D,回避：资金撤退,-1.5
000902,新洋丰,14.03,-47.0,0.61,-22.2,-4.42,-22924589,11814132,-15008108,9228,3280847,-3686803,缩量,低,情绪退潮,观望,资金观望型,,D,回避：资金观望,-1.5
000906,浙商中拓,6.23,39.0,0.19,-20.5,-3.29,-10249027,-36931350,-43729101,6858862,1506206,-9491539,缩量,低,情绪退潮,观望,资金撤退型,,D,回避：资金撤退,-1.1
000908,石药景峰,6.2,-61.6,4.46,-29.6,-3.19,-9158343,-13432235,-44775817,-11953980,-8441718,9883860,缩量,低,情绪退潮,观望,资金撤退型,,D,回避：资金撤退,-1.1
000900,现代投资,3.58,-9.2,0.86,-19.8,5.7,10348081,10628889,-19952081,3121808,2019690,-4147796,缩量,中,主力惜售,进场,趋势转多型,资金+业绩共振(双击候选),B,关注：资金+业绩共振,85.9
000913,钱江摩托,10.76,-45.3,0.43,-37.8,-0.94,-1462257,-6780388,-15541562,1503359,-584907,-3482027,缩量,低,情绪退潮,观望,资金撤退型,,D,回避：资金撤退,-0.3
000912,泸天化,4.18,216.5,0.13,-5.7,-9.16,-106066019,-29625136,33622664,-14943426,-20662665,18802016,放量,低,游资情绪,观望,资金观望型,,D,回避：资金观望,4.9
000910,大亚圣象,6.26,1037.0,1.18,123.1,1.86,7841705,4405590,686916,10642295,4949223,-20479317,放量,低,游资情绪,抢筹,资金观望型,资金+业绩共振(双击候选),B,关注：资金+业绩共振,88.6
000921,海信家电,26.25,4.3,2.12,52.0,3.22,45578559,354739578,326895715,-4823217,-12237730,23449249,缩量,低,情绪退潮,观望,趋势转多型,,D,回避：资金观望,1.1
000922,佳电股份,12.18,-53.0,1.44,-25.6,1.67,6876988,-13958679,-20598818,-5917248,-2949308,1661385,缩量,低,情绪退潮,观望,资金观望型,,D,回避：资金观望,0.6
000905,厦门港务,9.37,67.2,0.76,48.6,1.63,17481169,-5191343,39299112,6082671,-214764,-9651847,放量,低,游资情绪,进场,资金观望型,资金+业绩共振(双击候选),B,关注：资金+业绩共振,80.5
000923,河钢资源,16.4,-7.6,1.55,57.5,-0.16,-1833380,98821079,235941789,19315044,23523793,-24828526,缩量,低,情绪退潮,观望,高位分歧型,,D,回避：资金观望,-0.1
000917,电广传媒,7.03,-10.0,0.46,-55.5,-1.65,-9832262,-39742467,-113428100,24226332,26562320,-8418512,缩量,低,情绪退潮,吸筹,资金撤退型,机构吸筹+盈利(关注),C,谨慎：资金流入未验证业绩,23.4
000925,众合科技,8.21,-60.3,0.48,-54.6,-8.24,-67083779,-110977653,-69531234,-13948141,-11771852,13114550,缩量,低,情绪退潮,观望,资金观望型,,D,回避：资金观望,-2.7
000920,沃顿科技,12.94,60.4,5.35,185.2,3.15,49656886,55407375,37725121,21858826,8810111,-24888444,放量,低,游资情绪,进场,趋势转多型,资金+业绩共振(双击候选),B,关注：资金+业绩共振,81.0
000929,兰州黄河,9.18,-23.2,1.13,4.3,-1.0,-1455426,-15188585,-5665492,-1793877,-1669061,3219554,缩量,低,情绪退潮,观望,资金观望型,,D,回避：资金观望,-0.3
000926,福星股份,2.18,65.3,1.46,-25.2,-1.26,-3682044,-18603697,-58902054,-10336058,-14038535,6846611,放量,低,游资情绪,观望,资金撤退型,,D,回避：资金撤退,7.6
000930,中粮科技,5.41,461.4,0.51,315.8,-4.07,-96769287,-11283224,-27266781,-26581727,5139694,37722003,放量,低,游资情绪,观望,资金观望型,,D,回避：资金观望,6.6
000928,中钢国际,5.49,-7.2,0.36,93.1,-0.01,-40672,82952719,10285151,3174114,-203804,-314419,缩量,低,情绪退潮,观望,资金观望型,,D,回避：资金观望,-0.0
000933,神火股份,26.24,-46.1,1.36,1.4,-2.66,-117662456,-103833437,-152603005,52521234,19193852,-59382666,缩量,低,情绪退潮,观望,资金观望型,,D,回避：资金观望,-0.9
000927,中国铁物,2.5,-18.4,0.44,-15.2,3.59,15063612,12662324,-53041753,7126557,4143403,-2756665,缩量,低,情绪退潮,吸筹,资金观望型,资金+业绩共振(双击候选),B,关注：资金+业绩共振,65.2
000931,中 关 村,4.63,188.2,0.52,-79.8,-3.21,-11131726,-26063526,-116276480,2235378,5566258,6419905,放量,低,游资情绪,抢筹,资金撤退型,机构吸筹+盈利(关注),C,谨慎：资金流入未验证业绩,46.9
000938,紫光股份,33.84,-74.0,1.76,-34.6,1.25,255402342,-2024868111,-3689799579,-253650285,-232914030,315589184,缩量,低,情绪退潮,观望,资金观望型,,D,回避：资金观望,0.4
000949,新乡化纤,7.01,-33.9,0.72,-20.0,-1.35,-19414121,-165061381,-231756610,4348261,592453,-12140194,缩量,低,情绪退潮,观望,资金撤退型,,D,回避：资金撤退,-0.5
000948,南天信息,13.55,-77.0,3.48,-52.6,-0.78,-2956455,-28023509,-77236269,-9740610,-2152820,9220502,缩量,低,情绪退潮,观望,资金撤退型,,D,回避：资金撤退,-0.3
000951,中国重汽,20.21,-21.4,0.59,-40.8,-1.23,-10803766,-77143386,7356815,-20114824,-11363457,-10759592,缩量,低,情绪退潮,观望,长线吸筹型,,D,回避：资金观望,-0.4
000937,冀中能源,4.5,81.9,0.86,-3.1,7.21,56944755,-605090,-128450517,10693608,-833169,-9064022,放量,中,主力偏强放量,进场,资金观望型,资金+业绩共振(双击候选),B,关注：资金+业绩共振,90.4
000936,华西股份,5.66,114.9,0.17,-37.1,3.28,16559086,7968482,-70635697,3823702,1557401,-6222370,放量,低,游资情绪,进场,资金观望型,资金+业绩共振(双击候选),B,关注：资金+业绩共振,81.1
000932,华菱钢铁,3.6,-50.5,1.32,-18.6,4.89,64981420,22914341,37267413,14666566,30610884,-27702,缩量,低,情绪退潮,吸筹,资金观望型,资金+业绩共振(双击候选),B,关注：资金+业绩共振,65.6
000935,四川双马,21.15,-53.2,1.45,19.8,0.93,3783350,33449021,41002773,3029612,1218229,-3744625,缩量,低,情绪退潮,进场,均衡流入型,资金+业绩共振(双击候选),B,关注：资金+业绩共振,72.3
000955,欣龙控股,4.19,-20.3,1.01,3.7,-1.63,-3504756,-9653194,-21725647,-9274823,-5039343,5651083,缩量,低,情绪退潮,观望,资金撤退型,,D,回避：资金撤退,-0.5
000952,广济药业,6.75,21.9,0.42,-3.9,0.18,341336,-4161042,-6863418,-2453814,-1441452,2031752,缩量,低,情绪退潮,观望,资金观望型,,D,回避：资金观望,0.1
000950,重药控股,5.34,-31.8,0.74,-46.4,2.06,7759496,-10958131,-83794406,12415689,8740099,-4895513,缩量,低,情绪退潮,吸筹,资金观望型,资金+业绩共振(双击候选),B,关注：资金+业绩共振,64.7
000958,电投产融,5.15,-64.4,0.51,9.1,-6.96,-22953197,-15753313,-37865050,-54103,-3613965,1338964,缩量,低,情绪退潮,观望,资金观望型,,D,回避：资金观望,-2.3
000959,首钢股份,3.53,-51.3,1.1,-37.3,2.0,7110917,-1398024,-16225681,-3507474,-5619603,3031931,缩量,低,情绪退潮,观望,资金观望型,,D,回避：资金观望,0.7
000960,锡业股份,33.69,-66.1,0.71,-30.2,-4.57,-173246527,-40700087,-645713521,42775035,17410587,-42818877,缩量,低,情绪退潮,观望,资金观望型,,D,回避：资金观望,-1.5
000968,蓝焰控股,7.16,-34.9,0.48,2.0,-2.5,-18375289,-19065041,-41850997,-9264672,4508292,6626727,缩量,低,情绪退潮,观望,资金撤退型,,D,回避：资金撤退,-0.8
000957,中通客车,10.07,33.8,0.3,32.8,1.19,10307953,-5288736,29070285,3781049,1378710,149102,缩量,低,情绪退潮,进场,资金观望型,资金+业绩共振(双击候选),B,关注：资金+业绩共振,72.4
000970,中科三环,11.68,-80.8,6.2,-37.0,-4.58,-42953012,-147989786,-252315174,21836226,13972656,-25084594,缩量,低,情绪退潮,观望,资金撤退型,,D,回避：资金撤退,-1.5
000972,中基健康,4.08,189.8,0.86,242.6,-4.26,-18704909,-47866333,-77456058,-158960,2534160,447783,放量,低,游资情绪,观望,资金撤退型,,D,回避：资金撤退,6.6
000977,浪潮信息,71.85,-66.7,1.74,-40.4,1.17,228157384,-2296714029,-3585199975,-300816275,-279338088,275288595,缩量,低,情绪退潮,观望,资金观望型,,D,回避：资金观望,0.4
000963,华东医药,26.76,-40.3,1.59,-31.3,-3.09,-38753209,-227105667,-441968705,24217192,31644615,-18651781,缩量,低,情绪退潮,吸筹,资金撤退型,机构吸筹+盈利(关注),C,谨慎：资金流入未验证业绩,23.0
000962,东方钽业,62.91,-15.9,1.68,-5.3,3.44,286249630,160921744,253570006,66295304,101718641,-1488929,缩量,低,情绪退潮,吸筹,资金观望型,资金+业绩共振(双击候选),B,关注：资金+业绩共振,65.1
000966,长源电力,4.06,-63.6,0.58,57.7,-3.61,-29516665,-15351017,1707494,7217072,3119412,-2717752,缩量,低,情绪退潮,吸筹,资金观望型,纯资金炒作(亏损风险),C,谨慎：纯资金炒作,2.8
000967,盈峰环境,8.26,-59.8,0.33,-31.4,7.58,152378491,15978012,217318493,-1886575,14043073,-2606525,缩量,中,主力惜售,吸筹,资金观望型,资金+业绩共振(双击候选),B,关注：资金+业绩共振,78.5
000969,安泰科技,17.48,-62.3,1.42,-37.1,-3.89,-47399873,-62107572,-167892073,10142049,12183961,-4777854,缩量,低,情绪退潮,吸筹,资金撤退型,机构吸筹+盈利(关注),C,谨慎：资金流入未验证业绩,22.7
000965,天保基建,3.41,205.6,0.78,-51.0,7.58,26387402,-10429381,79021415,-5698465,-534525,11722359,放量,中,主力偏强放量,进场,资金观望型,资金+业绩共振(双击候选),B,关注：资金+业绩共振,90.5
000978,桂林旅游,8.39,1635.3,0.28,621.8,-0.14,-6217524,-56619057,-45705904,-35215225,-22289064,60096854,放量,低,游资情绪,观望,资金观望型,,D,回避：资金观望,8.0
000980,众泰汽车,2.24,208.7,0.42,442.8,-0.83,-56548217,201277057,142201735,-60248644,-45503926,42887071,放量,低,游资情绪,观望,资金观望型,,D,回避：资金观望,7.7
000973,佛塑科技,12.21,-27.1,0.42,-42.6,-2.55,-41122370,-104139984,-547414740,26211538,34639781,-17099201,缩量,低,情绪退潮,吸筹,资金撤退型,机构吸筹+盈利(关注),C,谨慎：资金流入未验证业绩,23.1
000981,山子高科,2.95,102.0,0.82,205.4,4.59,695321204,662590352,731800112,-81096832,-69473606,94441853,放量,低,游资情绪,观望,资金观望型,,D,回避：资金观望,9.5
000993,闽东电力,20.43,1325.6,0.35,1024.3,2.71,267073515,457314986,484375358,-21443502,-2026326,36855807,放量,低,游资情绪,观望,均衡流入型,,D,回避：资金观望,8.9
000989,九芝堂,8.97,-53.8,1.37,-32.7,-1.97,-9700408,-33844512,-99429536,4863071,1790002,-2306230,缩量,低,情绪退潮,观望,资金撤退型,,D,回避：资金撤退,-0.7
000997,新 大 陆,20.05,-21.7,1.03,-65.8,-1.07,-13476186,-200101264,-36787230,16252289,4399429,-23443672,缩量,低,情绪退潮,观望,长线吸筹型,,D,回避：资金观望,-0.4
000983,山西焦煤,6.6,3.5,1.09,-30.1,-2.86,-54790760,-12326169,-307603413,79122944,86887539,-83099056,缩量,低,情绪退潮,吸筹,资金观望型,机构吸筹+盈利(关注),C,谨慎：资金流入未验证业绩,23.0
000998,隆平高科,9.08,184.9,0.73,-10.3,-0.78,-16022935,-82030875,219780526,-32681976,-26007709,39754300,放量,低,游资情绪,观望,长线吸筹型,,D,回避：资金观望,7.7
000987,越秀资本,7.47,-44.4,0.81,-33.6,-4.2,-29173526,-110183211,-185896822,16506023,13302598,-11763989,缩量,低,情绪退潮,吸筹,资金撤退型,机构吸筹+盈利(关注),C,谨慎：资金流入未验证业绩,22.6
000999,华润三九,23.95,-40.6,0.96,-27.6,-2.13,-16802709,-40559486,7603024,13635453,2640695,4580148,缩量,低,情绪退潮,观望,资金观望型,,D,回避：资金观望,-0.7
001202,炬申股份,15.02,-8.1,1.93,-0.8,-3.18,-5642856,-6087181,-1043721,1659233,3260988,1705852,缩量,低,情绪退潮,观望,资金观望型,,D,回避：资金观望,-1.1
000988,华工科技,109.51,-36.1,0.83,52.4,1.61,423326424,1962615498,-770856658,434713482,446271538,-332187083,缩量,低,情绪退潮,吸筹,趋势转多型,资金+业绩共振(双击候选),B,关注：资金+业绩共振,64.5
000990,诚志股份,6.68,-37.5,0.28,-19.4,0.13,1144516,-41830454,-148886056,1285733,7904450,15623707,缩量,低,情绪退潮,进场,资金观望型,纯资金炒作(亏损风险),C,谨慎：纯资金炒作,12.0
001203,大中矿业,24.74,-25.6,0.52,-27.5,-8.63,-156494283,-208262828,-191764292,54427544,33979062,-47904989,缩量,低,情绪退潮,观望,资金观望型,,D,回避：资金观望,-2.9
000995,皇台酒业,11.92,0.1,0.52,-25.9,-0.71,-2232980,-4312512,9312098,41632358,44168937,-22671423,缩量,低,情绪退潮,吸筹,资金观望型,机构吸筹+盈利(关注),C,谨慎：资金流入未验证业绩,23.8
001201,东瑞股份,16.08,612.5,0.53,178.8,0.43,4107524,12942771,73599,34372809,28872932,-26898079,放量,低,游资情绪,抢筹,趋势转多型,纯资金炒作(亏损风险),C,谨慎：纯资金炒作,28.1
001208,华菱线缆,14.43,-48.1,0.53,-26.5,-4.54,-30529700,-89990062,-126061651,11015477,7939051,-22721310,缩量,低,情绪退潮,观望,资金撤退型,,D,回避：资金撤退,-1.5
001207,联科科技,17.84,5.8,0.61,-13.1,-0.93,-4096717,-15619564,-5929169,-3542824,-2496950,-3221341,缩量,低,情绪退潮,观望,资金观望型,,D,回避：资金观望,-0.3
001209,洪兴股份,19.42,757.9,0.56,201.2,0.58,5874826,1925695,-7475571,7886926,5884010,-8736163,放量,低,游资情绪,抢筹,资金观望型,资金+业绩共振(双击候选),B,关注：资金+业绩共振,88.2
001221,悍高集团,36.27,9.7,0.8,-49.5,-1.26,-4256991,-28671415,13507066,6461886,4214225,-13810188,缩量,低,情绪退潮,观望,长线吸筹型,,D,回避：资金观望,-0.4
001219,青岛食品,12.7,-29.4,0.37,-3.1,0.35,380406,-6391945,-14327750,-1477024,0,1593243,缩量,低,情绪退潮,观望,资金观望型,,D,回避：资金观望,0.1
001215,千味央厨,32.22,-17.8,0.37,12.2,-3.17,-8181769,-7302245,-34001420,6069066,4908268,-345864,缩量,低,情绪退潮,吸筹,资金观望型,机构吸筹+盈利(关注),C,谨慎：资金流入未验证业绩,22.9
001213,中铁特货,3.53,-24.9,0.9,-13.9,3.08,2866436,323737,-2891085,1818693,-84071,-2762840,缩量,低,情绪退潮,进场,资金观望型,资金+业绩共振(双击候选),B,关注：资金+业绩共振,73.0
001225,和泰机电,50.07,39.6,1.32,-11.8,-2.55,-8882905,-9430228,-4120911,4090330,211377,-2493610,缩量,低,情绪退潮,观望,资金观望型,,D,回避：资金观望,-0.8
001217,华尔泰,10.84,6.6,0.83,-34.4,0.84,1126020,-5910701,-12287675,7083204,3661779,-4103546,缩量,低,情绪退潮,进场,资金观望型,纯资金炒作(亏损风险),C,谨慎：纯资金炒作,12.3
001222,源飞宠物,16.24,130.5,1.45,15.2,2.66,14356619,22806287,67328848,8999593,4539153,-5486647,放量,低,游资情绪,抢筹,均衡流入型,资金+业绩共振(双击候选),B,关注：资金+业绩共振,88.9
001223,欧克科技,44.75,20.1,1.59,136.8,7.5,78114349,90883877,78760182,-9379623,-4685817,18059260,缩量,中,主力惜售,进场,短线抢筹型,资金+业绩共振(双击候选),B,关注：资金+业绩共振,86.5
001230,劲旅环境,19.25,-43.3,1.64,-64.6,1.96,7318409,4971583,-35019722,-5462489,10772,6709855,缩量,低,情绪退潮,观望,资金观望型,,D,回避：资金观望,0.7
001227,兰州银行,2.12,-28.7,1.55,-6.7,4.65,31509304,73725192,48601674,7872665,3168725,-10734685,缩量,低,情绪退潮,进场,趋势转多型,资金+业绩共振(双击候选),B,关注：资金+业绩共振,73.5
001228,永泰运,34.09,184.1,0.58,21.3,9.87,42719665,41582667,-649794,822874,1083499,4400424,放量,中,主力偏强放量,进场,资金观望型,资金+业绩共振(双击候选),B,关注：资金+业绩共振,91.3
001229,魅视科技,39.55,-27.0,3.95,20.9,3.58,30843024,97126456,61404682,5902421,-1837925,-12146399,缩量,低,情绪退潮,进场,趋势转多型,资金+业绩共振(双击候选),B,关注：资金+业绩共振,73.2
001236,弘业期货,8.14,17.0,1.42,-35.4,-1.22,-4122600,-10210745,-11365261,-1676145,-2619139,-4750574,缩量,低,情绪退潮,观望,资金撤退型,,D,回避：资金撤退,-0.4
001231,农心科技,22.42,137.3,0.45,64.7,0.09,226820,6997498,6253604,948948,1118000,-1580769,放量,低,游资情绪,抢筹,趋势转多型,,C,谨慎：资金流入未验证业绩,48.0
001234,泰慕士,26.59,201.6,0.08,43.2,-0.4,-1019233,-7215568,-17285739,24605583,27880983,-12650715,放量,低,游资情绪,抢筹,资金撤退型,,C,谨慎：资金流入未验证业绩,47.9
001233,海安集团,48.97,367.1,0.59,60.9,5.08,30781840,28197450,14848987,677543,7447325,-22862173,放量,中,主力偏强放量,进场,资金观望型,资金+业绩共振(双击候选),B,关注：资金+业绩共振,89.7
001239,永达股份,12.04,-34.9,0.82,17.1,2.05,1828905,799699,72073,1243019,2370848,-405032,缩量,低,情绪退潮,吸筹,资金观望型,资金+业绩共振(双击候选),B,关注：资金+业绩共振,64.7
001238,浙江正特,26.88,369.7,1.1,46.0,5.15,8623051,9279141,6988304,4434674,1757264,-12428570,放量,中,主力偏强放量,进场,趋势转多型,资金+业绩共振(双击候选),B,关注：资金+业绩共振,89.7
001256,炜冈科技,21.99,-73.0,2.2,-42.7,3.47,5741308,3092765,16188924,-647922,-1685761,-325833,缩量,低,情绪退潮,观望,资金观望型,,D,回避：资金观望,1.2
001257,盛龙股份,23.44,-70.1,1.07,-54.2,-1.84,-13845528,-59430721,-3206057,-7534559,-6228590,3375299,缩量,低,情绪退潮,观望,长线吸筹型,,D,回避：资金观望,-0.6
001260,坤泰股份,18.44,30.7,0.42,-46.7,-1.53,-1920286,-5471961,-14147916,-933165,-943804,428703,缩量,低,情绪退潮,观望,资金撤退型,,D,回避：资金撤退,-0.5
001266,宏英智能,34.32,-59.7,2.59,-34.2,0.61,1624076,-3592603,9774747,-2137863,-762040,2055933,缩量,低,情绪退潮,观望,资金观望型,,D,回避：资金观望,0.2
001255,博菲电气,27.05,-17.1,0.76,-10.9,0.94,1350520,-884090,-7157612,1487232,369336,-2706560,缩量,低,情绪退潮,进场,资金观望型,资金+业绩共振(双击候选),B,关注：资金+业绩共振,72.3
001268,联合精密,24.15,-32.9,0.38,-69.8,-2.02,-5411657,-20699842,33706659,-3557617,-1307777,7076641,缩量,低,情绪退潮,观望,长线吸筹型,,D,回避：资金观望,-0.7
001258,立新能源,11.21,-51.1,2.49,-52.5,-5.06,-136718353,-233507938,370337114,29231019,27114301,-24507361,缩量,低,情绪退潮,吸筹,长线吸筹型,机构吸筹+盈利(关注),C,谨慎：资金流入未验证业绩,22.3
001259,利仁科技,48.07,-13.6,1.81,-27.8,2.27,4666175,7924043,14316213,1313459,847816,-8923955,缩量,低,情绪退潮,进场,均衡流入型,资金+业绩共振(双击候选),B,关注：资金+业绩共振,72.8
001270,铖昌科技,100.22,-67.3,1.38,7.0,-0.13,-3779931,50698192,-188887268,-23092598,-26035420,-8678629,缩量,低,情绪退潮,观望,资金观望型,,D,回避：资金观望,-0.0
001269,欧晶科技,19.22,-47.0,1.79,53.4,0.69,1496603,8143944,6803189,-537928,-2835130,4243808,缩量,低,情绪退潮,观望,趋势转多型,,D,回避：资金观望,0.2
001277,速达股份,30.5,54.5,0.85,-74.2,-0.85,-1669765,-11909360,-21522737,-1670706,-1497825,2623009,放量,低,游资情绪,观望,资金撤退型,,D,回避：资金撤退,7.7
001267,汇绿生态,39.2,21.6,0.34,-11.6,2.58,139298226,261682540,278590675,84962414,90847360,-135772924,缩量,低,情绪退潮,进场,主力建仓型,资金+业绩共振(双击候选),B,关注：资金+业绩共振,72.9
001280,中国铀业,63.95,-53.7,0.6,-13.9,-4.83,-53977910,5387434,-69031073,1391542,4269151,-4272974,缩量,低,情绪退潮,观望,资金观望型,,D,回避：资金观望,-1.6
001283,豪鹏科技,47.0,-30.1,0.37,-26.3,-3.41,-18916342,-48117791,35431228,-6067940,-11955607,869780,缩量,低,情绪退潮,观望,长线吸筹型,,D,回避：资金观望,-1.1
001279,强邦新材,26.65,-14.4,0.83,-39.3,6.44,5756190,9254989,16419297,494451,150302,-1794620,缩量,中,主力惜售,进场,主力强攻型,资金+业绩共振(双击候选),B,关注：资金+业绩共振,86.1
001289,龙源电力,15.05,-68.4,0.58,-17.3,-5.5,-16218410,-22581325,-30646431,-8931064,-6865784,7661048,缩量,低,情绪退潮,观望,资金撤退型,,D,回避：资金撤退,-1.8
001282,三联锻造,16.4,128.4,0.51,24.8,-0.25,-631431,2747791,-5555714,23133476,27021521,-21616160,放量,低,游资情绪,抢筹,资金观望型,机构吸筹+盈利(关注),C,谨慎：资金流入未验证业绩,47.9
001285,瑞立科密,43.24,-32.1,0.64,-62.4,1.39,2058116,-937350,22248585,729026,1155756,-3612981,缩量,低,情绪退潮,进场,长线吸筹型,资金+业绩共振(双击候选),B,关注：资金+业绩共振,72.5
001298,好上好,17.11,-61.4,0.72,-53.9,1.74,8421748,-20209816,23839976,-4973062,-1693478,3315978,缩量,低,情绪退潮,观望,长线吸筹型,,D,回避：资金观望,0.6
001300,三柏硕,12.49,66.4,0.51,0.2,-2.55,-7855850,-27753393,-24295605,-6279322,-1365730,8273407,放量,低,游资情绪,观望,资金观望型,,D,回避：资金观望,7.2
001306,夏厦精密,57.72,152.7,0.77,100.7,0.41,1812962,609664,3497796,-3956255,-7742270,1165595,放量,低,游资情绪,观望,资金观望型,,D,回避：资金观望,8.1
001286,陕西能源,9.6,-52.6,0.82,-2.3,4.35,32558259,136404931,155169491,16672598,8383024,-24247977,缩量,低,情绪退潮,进场,主力建仓型,资金+业绩共振(双击候选),B,关注：资金+业绩共振,73.5
001288,运机集团,30.71,24.2,1.24,-38.2,3.06,23181565,34580548,120549748,4894167,4899544,-10774298,缩量,低,情绪退潮,进场,均衡流入型,资金+业绩共振(双击候选),B,关注：资金+业绩共振,73.0
001287,中电港,25.2,-39.0,1.22,34.5,3.17,97735128,111878310,-29448570,24125911,34624527,1130928,缩量,低,情绪退潮,进场,趋势转多型,,C,谨慎：资金流入未验证业绩,33.1
001299,美能能源,10.41,291.8,0.18,61.8,5.71,46297352,49189182,87546488,282053,1430047,7552274,放量,中,主力偏强放量,进场,均衡流入型,资金+业绩共振(双击候选),B,关注：资金+业绩共振,89.9
001311,多利科技,17.45,-34.8,0.7,-22.3,-3.07,-7918715,-24854939,-31945330,-810155,406392,-1813220,缩量,低,情绪退潮,观望,资金撤退型,,D,回避：资金撤退,-1.0
001308,康冠科技,18.17,-71.5,2.3,-30.6,4.96,5728157,1339461,6898427,1401729,-429048,-984129,缩量,低,情绪退潮,进场,资金观望型,资金+业绩共振(双击候选),B,关注：资金+业绩共振,73.7
001316,润贝航科,29.62,155.9,0.54,18.9,-6.39,-34179530,-12266293,77893487,6222067,-3364637,-6990797,放量,低,游资情绪,观望,高位分歧型,,D,回避：资金观望,5.9
001318,阳光乳业,11.78,-31.5,1.05,-35.7,2.8,3985459,882499,-7638937,-2168841,-1767977,1700172,缩量,低,情绪退潮,观望,资金观望型,,D,回避：资金观望,0.9
001322,箭牌家居,6.32,-27.3,1.1,-31.7,-2.5,-2243263,-2183994,2811450,-228156,-548133,289506,缩量,低,情绪退潮,观望,高位分歧型,,D,回避：资金观望,-0.8
001319,铭科精技,22.34,6.4,0.61,122.5,2.16,8448516,34685877,17479731,-1034557,666796,4814511,缩量,低,情绪退潮,观望,趋势转多型,,D,回避：资金观望,0.7
001323,慕思股份,17.7,-58.8,3.21,-47.8,-0.66,-545757,-4431544,-14091570,1000507,1061412,59943,缩量,低,情绪退潮,观望,资金撤退型,,D,回避：资金撤退,-0.2
001312,福恩股份,18.36,68.7,0.09,55.3,7.63,22417641,17964070,11252355,-9824387,-4354202,9023222,放量,中,主力偏强放量,进场,资金观望型,资金+业绩共振(双击候选),B,关注：资金+业绩共振,90.5
001328,登康口腔,30.26,-64.0,0.83,-30.0,-0.05,-60655,-9196781,-21292752,-1133684,0,-1032800,缩量,低,情绪退潮,观望,资金撤退型,,D,回避：资金撤退,-0.0
001325,元创股份,37.1,-10.3,0.14,-62.3,-2.39,-3119339,-15706107,-8224629,-2357300,-914693,5467748,缩量,低,情绪退潮,观望,资金观望型,,D,回避：资金观望,-0.8
001313,粤海饲料,7.49,-4.9,1.09,-11.8,0.46,2319872,-37185542,-98902513,4055941,8629593,-844778,缩量,低,情绪退潮,吸筹,资金观望型,资金+业绩共振(双击候选),B,关注：资金+业绩共振,64.2
001317,三羊马,59.96,100.0,1.52,-6.6,6.38,92777601,65106386,73746324,106381641,115265405,-65069703,放量,中,主力偏强放量,抢筹,资金观望型,纯资金炒作(亏损风险),C,谨慎：纯资金炒作,38.1
001330,博纳影业,5.56,25.0,0.3,-28.7,-5.97,-132974614,66365028,550610376,4274203,10593844,14660970,缩量,低,情绪退潮,观望,高位分歧型,,D,回避：资金观望,-2.0
001336,楚环科技,19.68,135.7,0.87,26.3,-0.59,-1670324,2093851,3211492,-1684986,-2037190,2144606,放量,低,游资情绪,观望,资金观望型,,D,回避：资金观望,7.8
001337,四川黄金,50.25,-34.8,1.68,-53.9,-0.83,-22694637,-216026764,-437516534,-48199459,-28564867,55695610,缩量,低,情绪退潮,观望,资金撤退型,,D,回避：资金撤退,-0.3
001331,胜通能源,46.16,-50.8,2.17,19.2,5.55,67520159,151743158,198333938,7713312,-18132647,-9551866,缩量,中,主力惜售,进场,主力强攻型,资金+业绩共振(双击候选),B,关注：资金+业绩共振,85.8
001356,富岭股份,9.75,212.7,0.98,-2.1,0.94,3030308,-10095017,-20530241,-4011143,-912992,11067179,放量,低,游资情绪,观望,资金观望型,,D,回避：资金观望,8.3
001335,信凯科技,33.23,-41.3,0.73,-14.7,0.21,208272,-2224487,-4444832,2469716,0,-2309276,缩量,低,情绪退潮,进场,资金观望型,资金+业绩共振(双击候选),B,关注：资金+业绩共振,72.1
001359,平安电工,88.15,-57.7,3.03,-22.3,1.55,19219448,-56755067,-139347413,-11745829,-16194495,8656229,缩量,低,情绪退潮,观望,资金观望型,,D,回避：资金观望,0.5
001366,播恩集团,13.46,98.1,0.33,81.8,-5.05,-21508392,-130234508,-15996676,-3119345,-2674119,6243246,放量,低,游资情绪,观望,长线吸筹型,,D,回避：资金观望,6.3
001367,海森药业,21.41,22.1,0.38,-55.9,-3.53,-5375878,-14030563,-14583103,-2482897,-3341308,4867362,缩量,低,情绪退潮,观望,资金撤退型,,D,回避：资金撤退,-1.2
001369,双欣材料,12.7,-28.6,0.71,-25.3,-2.3,-9565454,-22413549,-40364131,-2013370,-1300875,2346121,缩量,低,情绪退潮,观望,资金撤退型,,D,回避：资金撤退,-0.8
001339,智微智能,80.41,-56.1,0.85,-28.7,2.85,62749583,-17762267,34462795,23750388,8056948,-21933787,缩量,低,情绪退潮,进场,资金观望型,资金+业绩共振(双击候选),B,关注：资金+业绩共振,73.0
001358,兴欣新材,25.21,-46.3,1.55,11.9,2.39,7371831,14817485,6516336,1941635,-1655477,967416,缩量,低,情绪退潮,进场,趋势转多型,,C,谨慎：资金流入未验证业绩,32.8
001378,德冠新材,23.98,115.8,2.49,156.1,1.04,14758629,6455712,13693657,-9417442,-938470,10236271,放量,低,游资情绪,观望,资金观望型,,D,回避：资金观望,8.3
001379,腾达科技,15.88,-28.0,0.64,-17.5,1.54,1508962,1030052,8079608,-170765,0,-411149,缩量,低,情绪退潮,观望,长线吸筹型,,D,回避：资金观望,0.5
001387,雪祺电气,11.74,-47.8,1.32,-12.9,-0.77,-1138406,-126059,-4012964,641382,1174400,700394,缩量,低,情绪退潮,观望,资金观望型,,D,回避：资金观望,-0.3
001373,翔腾新材,32.44,73.1,0.96,25.3,-2.71,-8138608,-11711867,-6251901,16755307,20578770,-9643447,放量,低,游资情绪,抢筹,资金观望型,纯资金炒作(亏损风险),C,谨慎：纯资金炒作,27.1
001388,信通电子,20.76,-60.0,3.64,34.6,-8.7,-45908946,-27223961,-48728532,2380509,2761825,718502,缩量,低,情绪退潮,观望,资金观望型,,D,回避：资金观望,-2.9
001391,国货航,4.02,-27.7,1.42,-20.1,2.36,7425175,-10273311,-21700158,-4424442,-277294,6910214,缩量,低,情绪退潮,观望,资金观望型,,D,回避：资金观望,0.8
001376,百通能源,13.93,37.3,1.12,11.2,8.54,73029997,82085334,124788238,46814024,51348028,-26308155,缩量,中,主力惜售,吸筹,均衡流入型,资金+业绩共振(双击候选),B,关注：资金+业绩共振,78.8
001395,亚联机械,29.8,-63.7,2.75,-37.9,1.58,2395256,252236,1138540,-4457,1705874,1830894,缩量,低,情绪退潮,观望,资金观望型,,D,回避：资金观望,0.5
001380,华纬科技,18.93,45.2,0.79,-4.8,5.13,7688719,6189643,7653537,2344649,1835999,-2983757,缩量,中,主力惜售,进场,资金观望型,资金+业绩共振(双击候选),B,关注：资金+业绩共振,85.7
001396,誉帆科技,32.77,-18.5,0.49,-22.0,0.3,521449,-780817,-2865835,-3415018,-648609,6074383,缩量,低,情绪退潮,观望,资金观望型,,D,回避：资金观望,0.1
001386,马可波罗,16.37,31.3,0.41,-26.3,-0.17,-526497,9971383,14966015,7405308,6929157,-4424738,缩量,低,情绪退潮,吸筹,资金观望型,机构吸筹+盈利(关注),C,谨慎：资金流入未验证业绩,23.9
001390,古麒绒材,17.7,137.9,1.19,13.0,3.08,6038407,-1805722,-14755872,553433,-875576,2892569,放量,低,游资情绪,进场,资金观望型,资金+业绩共振(双击候选),B,关注：资金+业绩共振,81.0
001696,宗申动力,15.52,-58.1,1.64,-28.5,-4.42,-96593364,-264900783,-289325342,-28959561,-20876211,14110485,缩量,低,情绪退潮,观望,资金撤退型,,D,回避：资金撤退,-1.5
001389,广合科技,185.93,31.4,0.87,45.6,-0.87,-62396386,361204564,353524990,494569144,578186196,-198164676,缩量,低,情绪退潮,吸筹,资金观望型,机构吸筹+盈利(关注),C,谨慎：资金流入未验证业绩,23.7
001872,招商港口,23.09,-43.3,1.47,-33.0,-0.5,-1307881,-3794190,-49561223,-857801,-1013064,442044,缩量,低,情绪退潮,观望,资金撤退型,,D,回避：资金撤退,-0.2
001965,招商公路,9.7,3.7,1.42,-0.4,2.45,21075384,51489631,-31808292,-9140382,-7928269,-4369011,缩量,低,情绪退潮,观望,趋势转多型,,D,回避：资金观望,0.8
002001,新 和 成,26.76,-42.7,0.87,-23.9,-6.36,-146766097,-128058714,-292709615,-8230003,14848152,32106145,缩量,低,情绪退潮,观望,资金观望型,,D,回避：资金观望,-2.1
001979,招商蛇口,7.38,125.6,1.59,-50.9,4.96,146341939,-12895198,-354133323,-15236386,-22976855,-35746883,放量,低,游资情绪,观望,资金观望型,,D,回避：资金观望,9.7
002003,伟星股份,11.43,26.8,2.41,-25.2,-2.18,-13435949,-130936104,-209184353,-1174856,1959451,8153370,缩量,低,情绪退潮,观望,资金撤退型,,D,回避：资金撤退,-0.7
002004,华邦健康,4.54,66.8,0.4,60.9,-1.84,-10905110,21579240,9866703,-5895368,886246,19104200,放量,低,游资情绪,观望,资金观望型,,D,回避：资金观望,7.4
002006,精工科技,13.53,-39.0,0.95,-11.5,-1.6,-4927663,-2316251,-23904477,1827577,2621457,1875858,缩量,低,情绪退潮,观望,资金观望型,,D,回避：资金观望,-0.5
001914,招商积余,9.17,26.7,1.23,-39.0,0.58,1652566,-8562970,-21284190,3924889,3459874,-675040,缩量,低,情绪退潮,吸筹,资金观望型,资金+业绩共振(双击候选),B,关注：资金+业绩共振,64.2
002009,天奇股份,15.81,-66.8,0.61,-23.2,-2.74,-13836556,-44759545,-83993431,-3018095,1443672,8477282,缩量,低,情绪退潮,观望,资金撤退型,,D,回避：资金撤退,-0.9
002008,大族激光,96.55,-18.0,1.15,4.8,0.64,142183172,834993317,2028507307,-161562327,-244382163,-94934738,缩量,低,情绪退潮,观望,均衡流入型,,D,回避：资金观望,0.2
002011,盾安环境,14.76,417.4,0.98,347.0,-6.75,-240531223,-118796158,-137922368,46169338,30555813,-49429238,放量,低,游资情绪,观望,资金观望型,,D,回避：资金观望,5.8
001896,豫能控股,12.13,-54.0,0.58,169.6,9.15,629623253,765539430,606349750,-57821235,-48624288,73105838,缩量,中,主力惜售,进场,短线抢筹型,资金+业绩共振(双击候选),B,关注：资金+业绩共振,87.0
002012,凯恩股份,7.4,-45.9,0.96,-28.0,3.18,9669159,2286422,4954036,-710036,-627218,3882346,缩量,低,情绪退潮,观望,资金观望型,,D,回避：资金观望,1.1
002005,德豪润达,2.64,337.4,0.89,81.8,9.11,43150466,38398742,31754978,-14281038,-13625671,14245702,放量,中,主力偏强放量,进场,资金观望型,资金+业绩共振(双击候选),B,关注：资金+业绩共振,91.0
002007,华兰生物,13.3,29.9,1.7,28.0,0.67,4318652,-57555066,-95820934,15350914,15171257,4375586,缩量,低,情绪退潮,进场,资金观望型,资金+业绩共振(双击候选),B,关注：资金+业绩共振,72.2
002015,协鑫能科,16.11,-22.4,0.34,-34.9,-4.6,-339271404,-593259834,-225547995,-12450056,-17851829,18001305,缩量,低,情绪退潮,观望,资金观望型,,D,回避：资金观望,-1.5
002016,世荣兆业,4.71,49.4,0.67,-18.8,-3.36,-7980619,-22291342,6718145,-948449,113425,2880308,缩量,低,情绪退潮,观望,长线吸筹型,,D,回避：资金观望,-1.1
002010,传化智联,4.59,-47.0,0.99,-30.2,4.62,12175680,22185500,2426300,2848525,5642214,-2846213,缩量,低,情绪退潮,吸筹,趋势转多型,资金+业绩共振(双击候选),B,关注：资金+业绩共振,65.5
002021,中捷资源,2.68,-30.5,0.73,10.7,-0.71,-2290256,5756835,-24174857,-1470005,-1745597,6108745,缩量,低,情绪退潮,观望,资金观望型,,D,回避：资金观望,-0.2
002023,海特高新,10.02,-22.2,0.45,-11.6,-1.6,-8813865,-28790043,-81544215,49386420,34384490,-45735364,缩量,低,情绪退潮,观望,资金撤退型,,D,回避：资金撤退,-0.5
002014,永新股份,11.0,-51.9,0.86,-25.7,0.5,583701,13780909,7112111,1606696,5990,-4319536,缩量,低,情绪退潮,进场,趋势转多型,资金+业绩共振(双击候选),B,关注：资金+业绩共振,72.2
002026,山东威达,10.99,462.9,0.83,-36.5,-0.98,-9060959,55012644,118011582,-66985622,-59500675,31721935,放量,低,游资情绪,观望,高位分歧型,,D,回避：资金观望,7.7
002017,东信和平,15.01,171.7,0.88,-55.2,1.18,17499828,9139956,105958780,63334714,28388557,-71863806,放量,低,游资情绪,抢筹,资金观望型,资金+业绩共振(双击候选),B,关注：资金+业绩共振,88.4
002020,京新药业,11.75,-42.9,2.27,-6.4,3.52,21048505,31625347,4358582,6953814,9532255,-14368104,缩量,低,情绪退潮,进场,趋势转多型,资金+业绩共振(双击候选),B,关注：资金+业绩共振,73.2
002028,思源电气,138.89,-52.5,0.57,-44.0,2.42,141720147,-571859671,-880200171,-36390643,-18187066,16882759,缩量,低,情绪退潮,观望,资金观望型,,D,回避：资金观望,0.8
002019,亿帆医药,9.63,-29.4,0.86,-13.7,2.54,7870429,-46750276,-135108245,10876427,8858180,-5506798,缩量,低,情绪退潮,吸筹,资金观望型,资金+业绩共振(双击候选),B,关注：资金+业绩共振,64.8
002030,达安基因,5.62,71.4,2.23,-16.1,-1.75,-8315782,-19854747,-56643160,-2007564,911143,6425430,放量,低,游资情绪,观望,资金撤退型,,D,回避：资金撤退,7.4
002031,巨轮智能,5.27,-19.5,2.23,-42.7,-0.18,-2942804,-96313224,238267280,-10961747,-6955247,15674241,缩量,低,情绪退潮,观望,长线吸筹型,,D,回避：资金观望,-0.1
002032,苏 泊 尔,39.25,-28.5,1.06,4.7,-0.66,-1973905,4896424,3684023,554863,-2408709,-2491088,缩量,低,情绪退潮,观望,资金观望型,,D,回避：资金观望,-0.2
002022,科华生物,6.17,280.7,0.93,21.9,-1.85,-4496492,-5683696,-7501866,41359237,52603074,-27392996,放量,低,游资情绪,抢筹,资金撤退型,纯资金炒作(亏损风险),C,谨慎：纯资金炒作,27.4
002029,七 匹 狼,9.16,101.6,0.66,-17.7,7.61,77209511,29559171,110711632,23435175,21968125,12346592,放量,中,主力偏强放量,进场,资金观望型,资金+业绩共振(双击候选),B,关注：资金+业绩共振,90.5
002038,双鹭药业,5.92,-40.6,0.98,-65.8,-5.56,-28884439,-49510231,-177482638,-7405848,-2223032,5170006,缩量,低,情绪退潮,观望,资金撤退型,,D,回避：资金撤退,-1.9
002033,丽江股份,8.54,0.6,0.15,-19.0,-10.09,-68376806,-118457725,-37880489,-1313989,3419904,-3260623,缩量,低,情绪退潮,吸筹,长线吸筹型,机构吸筹+盈利(关注),C,谨慎：资金流入未验证业绩,20.6
002039,黔源电力,19.35,-56.1,0.67,7.6,-3.05,-15367559,-26712483,-57865340,-5049093,-4011531,-1051716,缩量,低,情绪退潮,观望,资金撤退型,,D,回避：资金撤退,-1.0
002040,南 京 港,9.57,408.3,0.66,144.0,4.53,82491358,138209200,181277101,-7573229,3015065,24414882,放量,低,游资情绪,观望,主力建仓型,,D,回避：资金观望,9.5
002041,登海种业,10.57,281.2,0.8,-32.5,-1.93,-47973995,-96940644,281937801,-42995329,-30496319,46808882,放量,低,游资情绪,观望,长线吸筹型,,D,回避：资金观望,7.4
002043,兔 宝 宝,11.47,49.9,1.25,-23.6,-0.02,-114300,-45428880,-47359342,-17100202,-12931716,15654093,缩量,低,情绪退潮,观望,资金撤退型,,D,回避：资金撤退,-0.0
002035,华帝股份,4.67,61.8,0.49,-38.8,0.75,1576535,23967623,-45196952,16621324,9849475,-9135298,放量,低,游资情绪,抢筹,趋势转多型,资金+业绩共振(双击候选),B,关注：资金+业绩共振,88.2
002037,保利联合,7.04,-32.1,1.41,-14.8,-5.95,-11978339,-11208986,-9117094,3342521,2243862,-458102,缩量,低,情绪退潮,吸筹,资金观望型,纯资金炒作(亏损风险),C,谨慎：纯资金炒作,2.0
002047,宝鹰股份,3.48,32.0,0.6,-33.4,-8.1,-33324681,-14990367,40414075,1703904,2262929,2486379,缩量,低,情绪退潮,观望,高位分歧型,,D,回避：资金观望,-2.7
002048,宁波华翔,18.99,-28.2,1.27,-25.9,-2.35,-28861012,-52478707,-60885018,-3501890,-13436507,21671557,缩量,低,情绪退潮,观望,资金撤退型,,D,回避：资金撤退,-0.8
002049,紫光国微,61.37,-79.1,1.74,-16.7,-0.97,-29218473,-395700398,-678506296,-45259224,-46484570,28067244,缩量,低,情绪退潮,观望,资金撤退型,,D,回避：资金撤退,-0.3
002050,三花智控,36.18,-43.5,1.02,1.1,-2.27,-198166709,-224395660,-889706403,136789306,65759579,-143527969,缩量,低,情绪退潮,观望,资金撤退型,,D,回避：资金撤退,-0.8
002044,美年健康,4.56,-13.7,1.29,9.5,-0.94,-16600052,-17740152,-131669488,14826432,19172551,-344959,缩量,低,情绪退潮,吸筹,资金撤退型,机构吸筹+盈利(关注),C,谨慎：资金流入未验证业绩,23.7
002051,中工国际,9.13,5.2,0.47,0.7,-1.16,-12687627,-17243565,-38538889,-25252587,-19927726,29549057,缩量,低,情绪退潮,观望,资金撤退型,,D,回避：资金撤退,-0.4
002054,德美化工,7.19,-43.4,1.01,-30.2,-3.62,-9073967,-15287250,4883624,-4522928,-1155560,3270296,缩量,低,情绪退潮,观望,长线吸筹型,,D,回避：资金观望,-1.2
002052,同洲电子,8.56,-63.7,1.07,-54.1,-3.72,-8980492,-5678370,58678347,-550174,-1979869,1912127,缩量,低,情绪退潮,观望,长线吸筹型,,D,回避：资金观望,-1.2
002053,云南能投,9.72,-55.3,0.81,84.3,-4.76,-14589424,-31569676,-56111831,6351980,1773932,-7312367,缩量,低,情绪退潮,观望,资金撤退型,,D,回避：资金撤退,-1.6
002059,云南旅游,4.67,883.2,0.74,122.7,-4.43,-95371383,-210687669,-178245889,-2016443,7199297,27994024,放量,低,游资情绪,观望,资金观望型,,D,回避：资金观望,6.5
002057,中钢天源,9.12,-61.6,3.59,-13.1,1.88,9386341,-46581969,-37460084,8207121,8167935,-10828798,缩量,低,情绪退潮,进场,资金观望型,资金+业绩共振(双击候选),B,关注：资金+业绩共振,72.6
002064,华峰化学,10.09,-24.5,1.24,-37.1,-2.18,-36876945,-23285949,-27397033,57293702,22499002,-27766378,缩量,低,情绪退潮,观望,资金观望型,,D,回避：资金观望,-0.7
002056,横店东磁,20.26,-77.2,2.87,-19.2,1.11,17231509,65921292,-143401379,6867891,-4620947,-15885529,缩量,低,情绪退潮,进场,趋势转多型,资金+业绩共振(双击候选),B,关注：资金+业绩共振,72.4
002058,紫竹高科,17.87,103.8,0.95,15.7,2.45,8982732,5153853,8500810,8309061,5378066,-8290738,放量,低,游资情绪,抢筹,资金观望型,资金+业绩共振(双击候选),B,关注：资金+业绩共振,88.8
002066,瑞泰科技,20.19,-44.5,0.79,-36.3,-11.4,-23264256,-32277355,-62183380,-1834904,-861856,-333689,缩量,低,情绪退潮,观望,资金撤退型,,D,回避：资金撤退,-3.8
002061,浙江交科,3.37,-36.7,0.91,23.2,1.76,4452212,24417846,21187855,3251589,3941932,-4858962,缩量,低,情绪退潮,进场,趋势转多型,资金+业绩共振(双击候选),B,关注：资金+业绩共振,72.6
002060,广东建工,3.06,11.5,0.36,7.4,5.07,14064550,14518356,7837143,30785,2174475,-1277526,缩量,中,主力惜售,吸筹,趋势转多型,资金+业绩共振(双击候选),B,关注：资金+业绩共振,77.7
002067,景兴纸业,4.19,-58.0,1.41,-37.0,-1.36,-6595958,-38521264,-108100086,7500970,4405563,-7242565,缩量,低,情绪退潮,观望,资金撤退型,,D,回避：资金撤退,-0.5
002062,宏润建设,9.67,111.8,0.43,49.2,5.81,84292327,90292900,108453778,-2070675,-2067404,-31495789,放量,中,主力偏强放量,进场,均衡流入型,资金+业绩共振(双击候选),B,关注：资金+业绩共振,89.9
002063,远光软件,5.4,-52.9,0.69,-29.7,-4.87,-19108065,-58956585,-55082350,9281244,10286005,-5839161,缩量,低,情绪退潮,吸筹,资金观望型,机构吸筹+盈利(关注),C,谨慎：资金流入未验证业绩,22.4
002068,黑猫股份,9.88,62.0,3.71,476.8,2.25,88841451,193438777,196816302,-23140255,-18325406,25323753,放量,低,游资情绪,观望,主力建仓型,,D,回避：资金观望,8.8
002073,软控股份,5.75,-35.3,0.7,-48.5,-1.74,-4614688,-8119945,-50169966,898613,4390636,824705,缩量,低,情绪退潮,观望,资金撤退型,,D,回避：资金撤退,-0.6
002065,东华软件,6.78,-26.8,1.23,-34.2,0.61,4522703,-46911672,-99560036,15627725,4088820,-15890939,缩量,低,情绪退潮,进场,资金观望型,资金+业绩共振(双击候选),B,关注：资金+业绩共振,72.2
002072,凯瑞德,7.24,-43.8,2.93,-54.4,-0.12,-630620,-66024424,-67217182,-6207687,-4156909,1036421,缩量,低,情绪退潮,观望,资金撤退型,,D,回避：资金撤退,-0.0
002069,獐子岛,3.83,65.5,0.76,-1.7,4.55,10226943,-4428913,3662445,1601805,-381298,-2345544,放量,低,游资情绪,进场,资金观望型,纯资金炒作(亏损风险),C,谨慎：纯资金炒作,21.5
002077,大港股份,14.42,2.9,2.76,326.6,0.72,31620703,375998656,327061022,-41818170,-32746252,35382715,缩量,低,情绪退潮,观望,趋势转多型,,D,回避：资金观望,0.2
002078,太阳纸业,13.9,-17.7,1.48,-48.0,-0.7,-9323649,-67596337,-79684480,21771158,1114024,-10685693,缩量,低,情绪退潮,观望,资金撤退型,,D,回避：资金撤退,-0.2
002074,国轩高科,26.67,-21.7,0.42,-23.0,1.51,43534441,-50966194,-156368908,87002618,79444031,-41642940,缩量,低,情绪退潮,吸筹,资金观望型,资金+业绩共振(双击候选),B,关注：资金+业绩共振,64.5
002079,苏州固锝,9.18,-65.2,1.48,-12.3,1.38,14004095,7950868,-65762122,-13724270,-8230020,4036503,缩量,低,情绪退潮,观望,资金观望型,,D,回避：资金观望,0.5
002085,万丰奥威,9.64,-12.6,0.95,9.2,-7.97,-108788410,-162397756,-179868789,-7249407,-12149475,18499214,缩量,低,情绪退潮,观望,资金撤退型,,D,回避：资金撤退,-2.7
002075,沙钢股份,3.58,-46.3,1.04,-13.8,-3.79,-11557943,-20375303,-73131607,355048,2700498,-146947,缩量,低,情绪退潮,吸筹,资金撤退型,机构吸筹+盈利(关注),C,谨慎：资金流入未验证业绩,22.7
002076,星光股份,2.17,-34.4,1.07,-5.1,5.0,15652646,20023786,-10238900,4769547,3382640,-752365,缩量,中,主力惜售,吸筹,短线抢筹型,纯资金炒作(亏损风险),C,谨慎：纯资金炒作,17.7
002090,金智科技,9.2,-30.5,1.17,-32.9,0.49,1223593,-6068487,-17928147,-6018361,-3789167,4710962,缩量,低,情绪退潮,观望,资金观望型,,D,回避：资金观望,0.2
002080,中材科技,66.24,161.9,1.13,77.8,7.68,2163077146,2388846187,1552031897,952781299,1094900840,-493544758,放量,中,主力偏强放量,抢筹,趋势转多型,资金+业绩共振(双击候选),B,关注：资金+业绩共振,98.6
002084,海鸥住工,6.12,374.1,1.18,8.6,3.61,77798067,-70519355,-29144133,62139764,50672418,-36443437,放量,低,游资情绪,抢筹,资金观望型,纯资金炒作(亏损风险),C,谨慎：纯资金炒作,29.2
002081,金 螳 螂,5.16,243.0,0.23,-43.3,-0.04,-1681638,-223736059,-8484603,72497806,51757454,-52283494,放量,低,游资情绪,抢筹,资金观望型,机构吸筹+盈利(关注),C,谨慎：资金流入未验证业绩,48.0
002086,东方海洋,2.1,103.9,0.83,-14.2,6.97,42606459,39448056,25097750,-8881752,2865046,12080602,放量,中,主力偏强放量,进场,资金观望型,纯资金炒作(亏损风险),C,谨慎：纯资金炒作,30.3
002088,鲁阳节能,8.15,-23.1,0.62,18.8,1.51,1621528,3123445,-1881976,1704419,816044,93704,缩量,低,情绪退潮,进场,趋势转多型,资金+业绩共振(双击候选),B,关注：资金+业绩共振,72.5
002092,中泰化学,4.59,-25.4,0.46,-30.8,-4.88,-43506465,-32830007,45446562,42981136,43181934,-41544899,缩量,低,情绪退潮,吸筹,长线吸筹型,纯资金炒作(亏损风险),C,谨慎：纯资金炒作,2.4
002099,海翔药业,5.5,16.5,0.62,16.0,-0.57,-2970180,1802029,1082866,-14822133,-7742641,20321880,缩量,低,情绪退潮,观望,资金观望型,,D,回避：资金观望,-0.2
002093,国脉科技,7.45,95.7,0.71,397.6,3.0,49233389,120853951,115390244,168796,-793551,5382421,放量,低,游资情绪,进场,趋势转多型,资金+业绩共振(双击候选),B,关注：资金+业绩共振,81.0
002100,天康生物,7.93,2.8,0.76,-26.7,0.49,4925707,-50705870,-29390842,-7593126,886191,-5957164,缩量,低,情绪退潮,观望,资金观望型,,D,回避：资金观望,0.2
002103,广博股份,6.6,-44.8,1.28,-39.7,-5.27,-9246584,-6313886,-11604999,1484719,394785,2532628,缩量,低,情绪退潮,观望,资金观望型,,D,回避：资金观望,-1.8
002096,易普力,9.4,-4.0,0.99,-17.7,-2.36,-5254496,-1173874,-16870013,1742952,4911610,-3863966,缩量,低,情绪退潮,吸筹,资金观望型,机构吸筹+盈利(关注),C,谨慎：资金流入未验证业绩,23.2
002095,生 意 宝,16.2,380.5,0.86,533.0,5.25,77382498,141194825,142032655,-3365585,-5159891,-12180437,放量,中,主力偏强放量,进场,主力强攻型,纯资金炒作(亏损风险),C,谨慎：纯资金炒作,29.8
002098,浔兴股份,8.31,144.9,0.59,-46.5,3.52,6075275,5585232,6237668,4412888,-416350,-7862542,放量,低,游资情绪,进场,资金观望型,资金+业绩共振(双击候选),B,关注：资金+业绩共振,81.2
002108,沧州明珠,4.44,-38.5,0.12,31.8,-1.94,-9285279,49489746,46691409,-3282284,2460137,6116865,缩量,低,情绪退潮,观望,资金观望型,,D,回避：资金观望,-0.6
002105,信隆健康,6.08,-1.1,0.83,-4.6,-1.81,-3485861,-7716891,-10217054,1844755,-40520,327589,缩量,低,情绪退潮,观望,资金撤退型,,D,回避：资金撤退,-0.6
002101,广东鸿图,8.83,-36.5,0.99,-15.0,-0.85,-1236143,1112556,-15679040,1652320,5163162,-1899918,缩量,低,情绪退潮,吸筹,资金观望型,机构吸筹+盈利(关注),C,谨慎：资金流入未验证业绩,23.7
002104,恒宝股份,11.8,153.2,1.36,-47.8,-1.16,-31128361,-414761588,250684415,78443170,47773684,-131513226,放量,低,游资情绪,抢筹,长线吸筹型,机构吸筹+盈利(关注),C,谨慎：资金流入未验证业绩,47.6
002111,威海广泰,9.46,26.9,1.41,-39.4,-0.65,-2077012,-37161158,-38270298,-11196129,-11411432,-466172,缩量,低,情绪退潮,观望,资金撤退型,,D,回避：资金撤退,-0.2
002112,三变科技,14.68,-70.6,0.86,-40.0,-4.28,-22192609,-64203662,-68900548,-8180569,-3201182,-520245,缩量,低,情绪退潮,观望,资金撤退型,,D,回避：资金撤退,-1.4
002107,沃华医药,7.24,103.5,0.52,-5.0,1.59,10762543,31707033,123387833,5469974,9412208,3873434,放量,低,游资情绪,抢筹,均衡流入型,资金+业绩共振(双击候选),B,关注：资金+业绩共振,88.5
002106,莱宝高科,12.45,6.9,2.76,107.6,1.84,46100839,87405112,116380990,-7825972,3099404,-2196636,缩量,低,情绪退潮,吸筹,均衡流入型,资金+业绩共振(双击候选),B,关注：资金+业绩共振,64.6
002114,罗平锌电,7.35,-35.5,0.59,1.8,-5.53,-16990484,-17288545,-32886590,-1837012,-588569,3678966,缩量,低,情绪退潮,观望,资金撤退型,,D,回避：资金撤退,-1.8
002116,中国海诚,7.25,-1.8,0.25,15.8,-6.7,-7518677,-9977413,-16483488,619631,-655728,1106881,缩量,低,情绪退潮,观望,资金撤退型,,D,回避：资金撤退,-2.2
002115,三维通信,10.14,-69.0,0.68,-38.4,-5.03,-63327671,-179092036,-136403502,2515377,898348,-13498218,缩量,低,情绪退潮,观望,资金观望型,,D,回避：资金观望,-1.7
002110,三钢闽光,2.94,-19.5,0.94,-0.9,2.88,9246157,2865808,15424401,1326904,1114773,839935,缩量,低,情绪退潮,进场,资金观望型,资金+业绩共振(双击候选),B,关注：资金+业绩共振,73.0
002119,康强电子,24.76,-42.9,2.99,26.7,4.04,204556524,220650416,235347481,-21492174,-872375,39918483,缩量,低,情绪退潮,观望,均衡流入型,,D,回避：资金观望,1.3
002121,科陆电子,4.59,69.4,0.61,67.1,1.89,13844947,89772222,17083412,-5826684,-5069601,2085604,放量,低,游资情绪,观望,趋势转多型,,D,回避：资金观望,8.6
002124,天邦食品,2.3,40.9,0.2,-11.8,0.6,6274717,-12103403,32007502,-22027308,-25403473,17978481,缩量,低,情绪退潮,观望,资金观望型,,D,回避：资金观望,0.2
002123,梦网科技,8.02,9.4,1.75,-28.5,-3.6,-23704133,-28913557,-92284074,46716287,28457266,-47618884,缩量,低,情绪退潮,观望,资金撤退型,,D,回避：资金撤退,-1.2
002126,银轮股份,39.1,-62.4,1.32,-36.6,2.5,54180695,-55440656,91682810,-46650039,-34977584,25668103,缩量,低,情绪退潮,观望,资金观望型,,D,回避：资金观望,0.8
002117,东港股份,7.88,24.7,0.56,-38.8,-10.98,-23823617,-42504573,-64064899,11591844,12799404,-4968416,缩量,低,情绪退潮,吸筹,资金撤退型,机构吸筹+盈利(关注),C,谨慎：资金流入未验证业绩,20.3
002128,电投能源,27.5,30.7,0.97,-0.2,-1.92,-40813743,-118453371,-296683365,34563249,23023250,19042153,缩量,低,情绪退潮,观望,资金撤退型,,D,回避：资金撤退,-0.6
002131,利欧股份,4.51,-62.7,0.69,-57.5,0.1,4576684,-649368260,-349320219,-26675646,-26901342,5342570,缩量,低,情绪退潮,观望,资金观望型,,D,回避：资金观望,0.0
002130,沃尔核材,17.18,-24.4,0.47,43.2,-6.25,-206528899,28576685,-67480073,-19216877,-14402544,10785252,缩量,低,情绪退潮,观望,资金观望型,,D,回避：资金观望,-2.1
002125,湘潭电化,12.24,-62.0,1.51,-57.1,-2.21,-12406736,-52526218,-147571702,11141519,15874006,-2210542,缩量,低,情绪退潮,吸筹,资金撤退型,机构吸筹+盈利(关注),C,谨慎：资金流入未验证业绩,23.3
002136,安 纳 达,12.02,-32.8,0.67,-26.1,-4.65,-10817317,-21558584,-26122040,-5072268,-3600184,701149,缩量,低,情绪退潮,观望,资金撤退型,,D,回避：资金撤退,-1.6
002135,东南网架,6.11,-31.5,0.3,-41.4,-0.66,-2297164,-13944867,-57815054,-2915349,-4902298,2411875,缩量,低,情绪退潮,观望,资金撤退型,,D,回避：资金撤退,-0.2
002137,实益达,8.6,8.9,6.64,243.4,3.07,99974398,96017373,90048281,-37891546,-26451163,59963766,缩量,低,情绪退潮,观望,资金观望型,,D,回避：资金观望,1.0
002127,南极电商,3.04,-31.8,0.77,1.0,0.51,2819173,25023008,24095681,1400924,4330028,1237122,缩量,低,情绪退潮,进场,趋势转多型,纯资金炒作(亏损风险),C,谨慎：纯资金炒作,12.2
002129,TCL中环,9.02,-70.9,4.35,-41.1,-5.26,-131226714,-333890610,-458984544,48940362,60487392,-35966755,缩量,低,情绪退潮,吸筹,资金撤退型,纯资金炒作(亏损风险),C,谨慎：纯资金炒作,2.2
002133,广宇集团,2.92,66.1,0.7,-39.0,6.54,14101746,17298437,23640315,-2850787,-1399788,3114657,放量,中,主力偏强放量,进场,均衡流入型,资金+业绩共振(双击候选),B,关注：资金+业绩共振,90.2
002139,拓邦股份,9.7,-50.6,0.92,68.5,-3.25,-24095487,-2062685,-62289494,10069025,8959816,-10902275,缩量,低,情绪退潮,观望,资金观望型,,D,回避：资金观望,-1.1
002132,恒星科技,4.3,-65.8,1.45,-50.6,7.13,59812485,174038642,-4073484,-32000290,-39972858,15139662,缩量,中,主力惜售,进场,短线抢筹型,资金+业绩共振(双击候选),B,关注：资金+业绩共振,86.4
002134,天津普林,26.72,172.1,0.95,101.3,7.75,238205648,177014022,273219886,-41971642,-32753354,38260253,放量,中,主力偏强放量,进场,资金观望型,资金+业绩共振(双击候选),B,关注：资金+业绩共振,90.6
002142,宁波银行,34.89,-29.4,1.04,6.4,-5.32,-265138552,-139740037,-87212535,44817370,10793297,-109475108,缩量,低,情绪退潮,观望,资金观望型,,D,回避：资金观望,-1.8
002141,贤丰控股,6.75,-14.4,16.89,12.1,5.29,300078750,110611249,341658634,51342241,21083911,-19796720,缩量,中,主力惜售,吸筹,资金观望型,资金+业绩共振(双击候选),B,关注：资金+业绩共振,77.8
002140,东华科技,9.69,116.0,0.64,37.9,-3.27,-9999292,-11188594,-7968810,19052797,12746869,-8101025,放量,低,游资情绪,抢筹,资金观望型,机构吸筹+盈利(关注),C,谨慎：资金流入未验证业绩,46.9
002138,顺络电子,53.37,-27.7,3.13,13.7,2.13,162885700,444920134,-6573586,148088908,114509233,-159740126,缩量,低,情绪退潮,进场,趋势转多型,资金+业绩共振(双击候选),B,关注：资金+业绩共振,72.7
002148,北纬科技,6.34,-68.1,2.44,-18.1,-4.77,-11489461,-564837,-9707560,2096604,1644894,-2748969,缩量,低,情绪退潮,观望,资金观望型,,D,回避：资金观望,-1.6
002149,西部材料,34.0,-68.3,0.28,-21.0,-2.9,-65259570,-71497863,-390111915,-21016854,-24561261,3656755,缩量,低,情绪退潮,观望,资金撤退型,,D,回避：资金撤退,-1.0
002151,北斗星通,29.21,-33.6,0.64,12.6,-2.98,-44209836,-26613938,-72359454,-7769047,-5533280,19856696,缩量,低,情绪退潮,观望,资金观望型,,D,回避：资金观望,-1.0
002152,广电运通,9.34,-66.1,1.6,-29.1,-7.76,-59179740,-85789702,-145311276,5521215,3135000,-11085512,缩量,低,情绪退潮,观望,资金撤退型,,D,回避：资金撤退,-2.6
002145,钛能化学,4.85,133.0,1.32,90.8,3.18,63154986,45600643,13909436,34647866,41359352,4491743,放量,低,游资情绪,抢筹,资金观望型,资金+业绩共振(双击候选),B,关注：资金+业绩共振,89.1
002144,宏达高科,10.81,-43.3,0.82,-12.4,0.65,1114782,-12322768,-23466522,974267,2520096,257946,缩量,低,情绪退潮,进场,资金观望型,资金+业绩共振(双击候选),B,关注：资金+业绩共振,72.2
002156,通富微电,61.18,-63.6,2.21,-18.9,2.15,458508228,630133063,-1045903621,-216112365,-128976300,198636711,缩量,低,情绪退潮,观望,趋势转多型,,D,回避：资金观望,0.7
002154,报 喜 鸟,3.89,-23.7,0.6,-5.2,-0.52,-2662750,-29658611,12289833,-6620213,-7041236,4501796,缩量,低,情绪退潮,观望,长线吸筹型,,D,回避：资金观望,-0.2
002155,湖南黄金,25.29,-13.5,0.77,-5.9,-2.91,-233540690,37865445,244598383,-165203742,-171718359,127627873,缩量,低,情绪退潮,观望,资金观望型,,D,回避：资金观望,-1.0
002150,正泰电源,21.18,-46.6,0.42,-25.7,1.11,8600220,321621,-1558799,12825135,9054622,-5579695,缩量,低,情绪退潮,吸筹,资金观望型,资金+业绩共振(双击候选),B,关注：资金+业绩共振,64.4
002157,正邦科技,3.06,18.9,0.47,1.3,-0.9,-22719488,-256328538,-212521256,-2628455,-24754293,-760346,缩量,低,情绪退潮,观望,资金观望型,,D,回避：资金观望,-0.3
002153,石基信息,7.75,-55.1,1.03,-47.2,-5.16,-21618893,-17617446,-52172717,10361599,13981099,-7755236,缩量,低,情绪退潮,吸筹,资金观望型,纯资金炒作(亏损风险),C,谨慎：纯资金炒作,2.3
002162,悦心健康,4.28,191.6,1.16,548.1,-2.94,-19609302,85027805,89400868,-3217900,5368468,17144610,放量,低,游资情绪,观望,资金观望型,,D,回避：资金观望,7.0
002163,海南发展,8.07,78.6,0.52,31.7,-3.2,-67223877,-71139470,29670744,-7566134,7118012,21532553,放量,低,游资情绪,观望,资金观望型,,D,回避：资金观望,6.9
002161,远 望 谷,7.16,495.6,0.63,133.4,-3.47,-85729081,60336294,119164557,-14076437,-48545400,66546071,放量,低,游资情绪,观望,资金观望型,,D,回避：资金观望,6.8
002165,红 宝 丽,7.34,29.5,0.76,-57.8,-3.32,-51681639,-157800834,-228425922,34515977,22536851,-58039178,缩量,低,情绪退潮,观望,资金撤退型,,D,回避：资金撤退,-1.1
002166,莱茵生物,6.82,-12.6,1.14,86.9,-7.55,-27069193,-15912920,-37483554,-694066,3232352,8530983,缩量,低,情绪退潮,观望,资金观望型,,D,回避：资金观望,-2.5
002171,楚江新材,10.82,-20.7,1.97,79.7,-2.69,-105984829,-102102701,-68010761,13478083,7354755,5749953,缩量,低,情绪退潮,观望,资金观望型,,D,回避：资金观望,-0.9
002160,常铝股份,3.96,-44.0,0.53,-19.7,-0.29,-584590,-8548623,-17240640,4555713,3272504,-1480283,缩量,低,情绪退潮,吸筹,资金撤退型,机构吸筹+盈利(关注),C,谨慎：资金流入未验证业绩,23.9
002164,宁波东力,11.1,52.1,0.93,-21.0,-2.89,-13814121,-38250103,-100099046,25130714,17889075,-20976453,放量,低,游资情绪,抢筹,资金撤退型,机构吸筹+盈利(关注),C,谨慎：资金流入未验证业绩,47.0
002167,东方锆业,16.76,-60.3,6.18,-7.3,2.78,119047474,114436916,-109026287,27764428,34271256,-10309887,缩量,低,情绪退潮,吸筹,资金观望型,资金+业绩共振(双击候选),B,关注：资金+业绩共振,64.9
002177,御银股份,5.79,-23.6,0.55,-58.8,-1.49,-6727967,-55339874,-83787523,7812701,9993720,-12737026,缩量,低,情绪退潮,观望,资金撤退型,,D,回避：资金撤退,-0.5
002174,游族网络,14.57,44.9,2.62,150.3,-2.14,-87177552,53963238,36897862,97102467,55307876,-86087369,缩量,低,情绪退潮,观望,资金观望型,,D,回避：资金观望,-0.7
002170,芭田股份,10.98,-37.6,0.64,-21.0,1.13,8584121,60822151,73848662,16663410,14472839,-15385071,缩量,低,情绪退潮,进场,均衡流入型,资金+业绩共振(双击候选),B,关注：资金+业绩共振,72.4
002176,江特电机,8.56,-60.1,0.21,-56.8,-3.19,-36096705,2130165,-28523782,-18069019,-17999789,2382748,缩量,低,情绪退潮,观望,资金观望型,,D,回避：资金观望,-1.1
002169,智光电气,14.9,196.5,0.65,27.0,0.75,18809141,-6771391,101957773,78842567,106218431,-57772563,放量,低,游资情绪,抢筹,长线吸筹型,资金+业绩共振(双击候选),B,关注：资金+业绩共振,88.2
002172,澳洋健康,5.81,974.8,1.13,31.5,9.15,468830278,646865153,862114946,162838398,165423822,-91370680,放量,中,主力偏强放量,抢筹,主力强攻型,资金+业绩共振(双击候选),B,关注：资金+业绩共振,99.0
002179,中航光电,35.63,-51.8,1.16,3.7,-0.21,-7460135,119369155,-131709163,-7586054,4984744,47183715,缩量,低,情绪退潮,观望,资金观望型,,D,回避：资金观望,-0.1
002181,粤 传 媒,9.53,27.9,0.38,21.0,-6.12,-159733376,-51125769,272824849,2877943,4857698,7266235,缩量,低,情绪退潮,观望,高位分歧型,,D,回避：资金观望,-2.0
002182,宝武镁业,11.67,-80.3,1.03,-39.4,-2.54,-11429982,-23272666,4970241,3370539,3026399,174156,缩量,低,情绪退潮,观望,资金观望型,,D,回避：资金观望,-0.8
002180,奔图科技,17.45,29.8,1.47,13.5,-4.54,-44692226,-59923400,-81251664,58217493,56884958,-3307174,缩量,低,情绪退潮,吸筹,资金撤退型,纯资金炒作(亏损风险),C,谨慎：纯资金炒作,2.5
002178,延华智能,5.08,332.4,0.7,28.6,1.62,7014154,16993298,-10887422,101406922,109558849,-57161296,放量,低,游资情绪,抢筹,趋势转多型,资金+业绩共振(双击候选),B,关注：资金+业绩共振,88.5
002183,怡 亚 通,4.37,-31.5,0.49,-1.4,-5.46,-42116878,1199676,-70369024,-6435763,-5829434,16091497,缩量,低,情绪退潮,观望,资金观望型,,D,回避：资金观望,-1.8
002184,海得控制,10.04,-4.4,1.22,-18.3,-3.15,-5436637,-16021511,-29310940,7408224,4584391,-8560402,缩量,低,情绪退潮,观望,资金撤退型,,D,回避：资金撤退,-1.1
002186,全 聚 德,9.63,51.1,0.56,-2.6,-0.41,-916415,-6696443,5828256,-6387354,-3198176,7515421,放量,低,游资情绪,观望,资金观望型,,D,回避：资金观望,7.9
002187,广百股份,5.72,-25.4,1.0,-0.3,-1.86,-5807197,-16986823,-9353670,-2362217,522657,3350147,缩量,低,情绪退潮,观望,资金观望型,,D,回避：资金观望,-0.6
002188,中天服务,5.6,6.7,0.7,-12.9,-2.35,-6191032,-3727447,3718850,-4489398,-1395498,3168330,缩量,低,情绪退潮,观望,资金观望型,,D,回避：资金观望,-0.8
002185,华天科技,18.55,9.1,7.24,61.5,9.23,2627696422,3322302276,1705552062,-1379087206,-1300644589,889057914,缩量,中,主力惜售,进场,短线抢筹型,资金+业绩共振(双击候选),B,关注：资金+业绩共振,87.1
002190,成飞集成,24.5,-15.4,1.03,-53.7,-4.56,-27174085,-73092052,117786206,1778431,-601316,-16070877,缩量,低,情绪退潮,观望,长线吸筹型,,D,回避：资金观望,-1.5
002195,岩山科技,6.22,-60.5,0.68,-21.3,2.31,52981859,-61735593,-218574532,-21344812,-22779953,-7903022,缩量,低,情绪退潮,观望,资金观望型,,D,回避：资金观望,0.8
002196,方正电机,10.34,-33.3,0.86,-33.0,0.04,307723,-44796832,85105358,-10017498,-5025421,11067771,缩量,低,情绪退潮,观望,长线吸筹型,,D,回避：资金观望,0.0
002197,证通电子,6.7,-55.3,1.94,-30.5,-0.61,-3040008,-2496310,12633654,355233,177348,1011335,缩量,低,情绪退潮,观望,资金观望型,,D,回避：资金观望,-0.2
002194,武汉凡谷,11.18,119.6,0.34,209.0,-7.97,-216696393,450468128,416524286,13139964,20275143,-5858755,放量,低,游资情绪,吸筹,资金观望型,纯资金炒作(亏损风险),C,谨慎：纯资金炒作,9.3
002192,融捷股份,62.28,-47.1,0.66,-50.6,-2.33,-85138538,-227569454,-219225118,32547636,41059990,-37300973,缩量,低,情绪退潮,吸筹,资金观望型,机构吸筹+盈利(关注),C,谨慎：资金流入未验证业绩,23.2
002201,九鼎新材,10.85,281.8,0.09,179.0,-2.35,-97627168,166646536,332948325,2221542,-9900401,-9440061,放量,低,游资情绪,观望,资金观望型,,D,回避：资金观望,7.2
002200,交投生态,6.57,-23.4,2.29,-9.9,1.75,2417062,-753260,2858434,-2264291,-1182489,2857963,缩量,低,情绪退潮,观望,资金观望型,,D,回避：资金观望,0.6
002202,金风科技,18.13,-62.4,0.65,46.4,-4.57,-479686936,-468289514,-2025401358,-109837543,-73004943,130336773,缩量,低,情绪退潮,观望,资金观望型,,D,回避：资金观望,-1.5
002203,海亮股份,18.24,-57.0,0.83,-31.8,-12.53,-205751459,-25405705,326667517,-11417990,-14127664,17150867,缩量,低,情绪退潮,观望,高位分歧型,,D,回避：资金观望,-4.2
002205,国统股份,10.68,3.2,0.77,7.7,-0.1,-183751,-2119724,-11714761,-936984,543612,1721361,缩量,低,情绪退潮,观望,资金撤退型,,D,回避：资金撤退,-0.0
002206,海 利 得,5.01,-50.1,0.68,-11.8,-4.18,-7413898,-6465765,-51805845,705323,2199991,-2674459,缩量,低,情绪退潮,观望,资金观望型,,D,回避：资金观望,-1.4
002204,大连重工,5.56,89.1,0.65,278.4,-0.39,-5710756,177195786,159415834,-4540132,-3608476,-7312570,放量,低,游资情绪,观望,资金观望型,,D,回避：资金观望,7.9
002208,合肥城建,10.38,-68.7,4.24,-37.0,-1.95,-21706563,-20643323,-77571553,6854984,596747,7352104,缩量,低,情绪退潮,观望,资金观望型,,D,回避：资金观望,-0.7
002209,达 意 隆,13.43,48.3,0.37,-59.1,-4.08,-9945354,-21995545,-81680845,7363949,-346283,-5225932,缩量,低,情绪退潮,观望,资金撤退型,,D,回避：资金撤退,-1.4
002199,东晶电子,13.05,51.3,3.67,24.9,-1.97,-8134468,-9163289,-38555811,19534489,8045113,-17061533,放量,低,游资情绪,抢筹,资金撤退型,纯资金炒作(亏损风险),C,谨慎：纯资金炒作,27.3
002210,飞马国际,2.2,-37.1,0.66,-24.5,0.34,1637391,22729441,2240089,-2138279,-724964,5086208,缩量,低,情绪退潮,观望,趋势转多型,,D,回避：资金观望,0.1
002212,天融信,7.28,184.6,1.3,100.0,4.36,313929704,362367705,496244834,54596790,41975474,-49158876,放量,低,游资情绪,进场,均衡流入型,资金+业绩共振(双击候选),B,关注：资金+业绩共振,81.5
002223,鱼跃医疗,26.37,-43.4,0.81,2.1,-3.77,-39858531,-70005065,-126725370,-20436377,-24074778,14233749,缩量,低,情绪退潮,观望,资金撤退型,,D,回避：资金撤退,-1.3
002213,大为股份,29.58,-6.5,0.35,-2.1,5.73,155826431,85207780,56171492,6513005,2208416,-3518121,缩量,中,主力惜售,进场,资金观望型,纯资金炒作(亏损风险),C,谨慎：纯资金炒作,25.9
002214,大立科技,18.82,134.1,1.08,0.1,0.21,1327596,-4864435,6154625,17543696,6560069,-9030565,放量,低,游资情绪,抢筹,资金观望型,纯资金炒作(亏损风险),C,谨慎：纯资金炒作,28.1
002224,三 力 士,3.8,41.2,0.53,44.3,-4.34,-12550185,50668691,65495320,-2021218,868040,5066142,缩量,低,情绪退潮,观望,资金观望型,,D,回避：资金观望,-1.4
002225,濮耐股份,3.55,-49.6,1.49,15.3,-5.31,-17885162,-35225333,-63061349,-11116133,-14339847,5022122,缩量,低,情绪退潮,观望,资金撤退型,,D,回避：资金撤退,-1.8
002230,科大讯飞,38.81,-72.0,1.08,-28.1,-8.93,-273225996,-699861934,-979099675,11050934,6531281,1117861,缩量,低,情绪退潮,观望,资金撤退型,,D,回避：资金撤退,-3.0
002215,诺 普 信,10.04,104.5,0.95,-20.0,4.11,50084777,2139799,-9523921,12633382,20697934,-14499453,放量,低,游资情绪,抢筹,资金观望型,资金+业绩共振(双击候选),B,关注：资金+业绩共振,89.4
002229,鸿博股份,11.11,-20.9,0.3,-49.1,-3.38,-41787962,-220333206,5820176,-5299634,-1419645,4251310,缩量,低,情绪退潮,观望,长线吸筹型,,D,回避：资金观望,-1.1
002218,拓日新能,4.32,-0.7,0.64,326.6,5.5,144734906,324122863,302902002,-2150024,3385285,3860853,缩量,中,主力惜售,进场,短线抢筹型,纯资金炒作(亏损风险),C,谨慎：纯资金炒作,25.8
002216,三全食品,11.75,-57.5,0.5,-33.8,0.1,215424,-215241,-9110886,1391914,2382345,-3627807,缩量,低,情绪退潮,进场,资金观望型,资金+业绩共振(双击候选),B,关注：资金+业绩共振,72.0
002219,新里程,2.18,62.1,0.6,-10.6,1.41,12561711,35713997,-33715242,-3499344,18577048,12408343,放量,低,游资情绪,抢筹,趋势转多型,资金+业绩共振(双击候选),B,关注：资金+业绩共振,88.5
002221,东华能源,5.82,-23.9,0.8,-11.0,-0.08,-345775,13560174,25572122,8926781,3427322,-1662588,缩量,低,情绪退潮,吸筹,资金观望型,纯资金炒作(亏损风险),C,谨慎：纯资金炒作,4.0
002222,福晶科技,69.76,-20.5,0.59,-1.7,0.9,77567160,85564771,32371559,23344689,-26165922,-65496044,缩量,低,情绪退潮,进场,趋势转多型,资金+业绩共振(双击候选),B,关注：资金+业绩共振,72.3
002228,合兴包装,3.23,-7.8,0.43,15.7,5.01,22834694,17960189,2720391,2108318,991289,1260088,缩量,中,主力惜售,进场,资金观望型,资金+业绩共振(双击候选),B,关注：资金+业绩共振,85.7
002226,江南化工,5.34,276.2,1.14,5.0,-1.67,-11262063,-20319776,-15928138,12621420,16888996,4213319,放量,低,游资情绪,抢筹,资金观望型,机构吸筹+盈利(关注),C,谨慎：资金流入未验证业绩,47.4
002234,民和股份,7.95,-14.9,0.87,1.0,-3.1,-6926303,-21585969,-27538625,389411,2166795,324469,缩量,低,情绪退潮,观望,资金撤退型,,D,回避：资金撤退,-1.0
002235,安妮股份,8.12,-63.5,0.94,-41.0,-2.99,-19088527,-77080669,-207484711,-18250675,-19649799,10497965,缩量,低,情绪退潮,观望,资金撤退型,,D,回避：资金撤退,-1.0
002237,恒邦股份,13.74,-49.7,0.43,-49.6,-2.64,-33504354,-45683339,-397366959,-6065394,-4526421,-6808562,缩量,低,情绪退潮,观望,资金撤退型,,D,回避：资金撤退,-0.9
002236,大华股份,15.82,-67.8,1.12,-24.0,0.19,2482309,-242659787,-287950898,-2775584,6533952,1065302,缩量,低,情绪退潮,观望,资金观望型,,D,回避：资金观望,0.1
002241,歌尔股份,23.8,2.6,0.9,-18.6,1.01,87149789,-139037599,-458834497,-140975700,-35275534,188451774,缩量,低,情绪退潮,观望,资金观望型,,D,回避：资金观望,0.3
002238,天威视讯,6.33,5.9,0.87,-36.9,-2.65,-5269946,-2638283,-19709493,-833119,0,903109,缩量,低,情绪退潮,观望,资金观望型,,D,回避：资金观望,-0.9
002242,九阳股份,9.5,86.0,0.16,386.6,1.11,11930415,140519452,119493333,-4805907,-2154107,165057,放量,低,游资情绪,观望,趋势转多型,,D,回避：资金观望,8.4
002240,盛新锂能,27.46,-70.1,0.67,-47.7,-2.85,-79773249,-284642719,-695206824,26835092,21783769,-24385053,缩量,低,情绪退潮,观望,资金撤退型,,D,回避：资金撤退,-1.0
002232,启明信息,15.75,242.4,0.87,219.4,3.8,63290255,55601671,43257580,5323756,537984,-5859904,放量,低,游资情绪,进场,资金观望型,资金+业绩共振(双击候选),B,关注：资金+业绩共振,81.3
002243,力合科创,7.13,-49.4,0.92,-21.7,-9.57,-27427842,-32161630,-45227581,-5093713,-3167199,2856276,缩量,低,情绪退潮,观望,资金撤退型,,D,回避：资金撤退,-3.2
002244,滨江集团,8.79,147.4,0.9,-32.2,0.87,14264599,24167064,-66707775,-21180352,-21721593,4391421,放量,低,游资情绪,观望,趋势转多型,,D,回避：资金观望,8.3
002245,蔚蓝锂芯,17.54,-46.0,1.47,-23.7,-0.62,-25125694,29657573,-29979873,-181742563,-137149262,127101783,缩量,低,情绪退潮,观望,资金观望型,,D,回避：资金观望,-0.2
002233,塔牌集团,7.13,-18.5,0.62,-4.2,12.18,44775767,65780696,64693521,4874519,1784629,-4281288,缩量,高,主力控盘,控盘,短线抢筹型,控盘+盈利(稳健),B,关注：控盘稳健+盈利,72.1
002247,聚力文化,2.48,-10.1,0.79,-5.9,-0.12,-258312,9307346,3648364,-4462027,-906542,7512336,缩量,低,情绪退潮,观望,资金观望型,,D,回避：资金观望,-0.0
002239,奥特佳,2.52,0.2,0.63,-0.8,1.69,11383473,22736299,-59803690,26692545,22091457,-11897290,缩量,低,情绪退潮,吸筹,趋势转多型,资金+业绩共振(双击候选),B,关注：资金+业绩共振,64.6
002250,联化科技,14.51,-56.3,1.04,-39.6,-7.59,-44081791,-73987782,-64200366,-20938,-2228447,788378,缩量,低,情绪退潮,观望,资金观望型,,D,回避：资金观望,-2.5
002249,大洋电机,6.55,-19.1,1.43,-39.0,-3.54,-31020360,-58315102,-153014331,19242850,4271307,-8612425,缩量,低,情绪退潮,观望,资金撤退型,,D,回避：资金撤退,-1.2
002246,北化股份,26.27,216.2,0.43,66.3,3.36,72923031,-64110525,-152189945,151628954,178914710,-68609079,放量,低,游资情绪,抢筹,资金观望型,资金+业绩共振(双击候选),B,关注：资金+业绩共振,89.1
002253,川大智胜,9.91,-40.3,0.85,-26.6,-3.02,-5043790,-27194140,-30574662,-3348687,-1740891,2393817,缩量,低,情绪退潮,观望,资金撤退型,,D,回避：资金撤退,-1.0
002254,泰和新材,12.72,-59.9,1.93,-16.7,-3.51,-30998941,-104492084,-116225377,-12009190,-11815640,4398595,缩量,低,情绪退潮,观望,资金撤退型,,D,回避：资金撤退,-1.2
002252,上海莱士,5.0,-38.1,2.31,-4.8,4.92,40893307,75466579,128836246,-772103,7830538,12316548,缩量,低,情绪退潮,观望,主力建仓型,,D,回避：资金观望,1.6
002256,兆新股份,3.28,-48.3,0.23,-6.1,-8.28,-40022776,-14978525,-76673158,3799559,-767719,-563662,缩量,低,情绪退潮,观望,资金观望型,,D,回避：资金观望,-2.8
002258,利尔化学,14.96,-17.8,1.4,58.2,-2.48,-42712562,-36878320,-12236291,-6824653,-7664082,27733916,缩量,低,情绪退潮,观望,资金观望型,,D,回避：资金观望,-0.8
002261,拓维信息,25.94,-53.4,0.35,-9.6,2.67,115483654,25796337,-198300628,-76209513,-53792815,72258506,缩量,低,情绪退潮,观望,资金观望型,,D,回避：资金观望,0.9
002248,华东数控,9.74,208.8,0.49,-18.7,3.42,44398837,26008058,-91878212,20009254,21248035,-15791747,放量,低,游资情绪,抢筹,资金观望型,资金+业绩共振(双击候选),B,关注：资金+业绩共振,89.1
002262,恩华药业,21.85,-34.9,1.07,-37.8,-1.13,-6123999,-23668032,-57686009,-5194992,-1445891,19018775,缩量,低,情绪退潮,观望,资金撤退型,,D,回避：资金撤退,-0.4
002251,步步高,3.59,-14.1,1.48,6.7,0.01,235057,-25890634,-15178129,2475539,7168939,17303886,缩量,低,情绪退潮,进场,资金观望型,资金+业绩共振(双击候选),B,关注：资金+业绩共振,72.0
002255,海陆重工,7.71,-73.3,0.74,-21.8,1.24,3123095,-19781073,-39052175,1007402,-2022845,-2050759,缩量,低,情绪退潮,进场,资金观望型,资金+业绩共振(双击候选),B,关注：资金+业绩共振,72.4
002259,升达林业,4.52,245.2,0.2,-12.9,-1.45,-5792438,-8451762,30377238,54044857,46496976,-36233752,放量,低,游资情绪,抢筹,长线吸筹型,机构吸筹+盈利(关注),C,谨慎：资金流入未验证业绩,47.5
002265,建设工业,20.44,3.6,1.43,28.0,-4.8,-86931081,-39466826,136300035,-9561453,-12729888,9019746,缩量,低,情绪退潮,观望,高位分歧型,,D,回避：资金观望,-1.6
002263,大东南,3.28,4.4,0.15,12.0,2.41,21323177,21449018,-15809622,4519218,10056490,3414063,缩量,低,情绪退潮,进场,趋势转多型,资金+业绩共振(双击候选),B,关注：资金+业绩共振,72.8
002270,华明装备,18.38,-70.1,0.72,-43.2,-3.84,-25489195,-63571857,-117153833,-3703474,-556055,-1101805,缩量,低,情绪退潮,观望,资金撤退型,,D,回避：资金撤退,-1.3
002272,川润股份,16.64,-52.8,0.66,-21.2,0.57,16658199,-84431761,35413281,-30681238,-12381971,37511523,缩量,低,情绪退潮,观望,资金观望型,,D,回避：资金观望,0.2
002274,华昌化工,6.26,97.5,0.96,-19.8,-5.31,-48881648,-14385578,-30693400,14225853,6975989,-8578103,放量,低,游资情绪,观望,资金观望型,,D,回避：资金观望,6.2
002273,水晶光电,25.61,-71.0,0.82,-21.8,-4.66,-172032559,-227995050,-751885566,-21362818,-23869001,15499795,缩量,低,情绪退潮,观望,资金撤退型,,D,回避：资金撤退,-1.6
002266,浙富控股,5.05,-39.0,1.44,-12.4,2.48,41398167,65160662,70954582,4480453,11096949,3209634,缩量,低,情绪退潮,进场,均衡流入型,资金+业绩共振(双击候选),B,关注：资金+业绩共振,72.8
002267,陕天然气,7.19,-28.7,0.58,23.1,-3.85,-8782816,-41419082,-73063962,-1031396,2525063,-1817238,缩量,低,情绪退潮,吸筹,资金撤退型,机构吸筹+盈利(关注),C,谨慎：资金流入未验证业绩,22.7
002264,新 华 都,7.66,460.6,1.05,213.0,1.08,21267151,189752485,215994451,7108414,12775363,-22453107,放量,低,游资情绪,抢筹,均衡流入型,资金+业绩共振(双击候选),B,关注：资金+业绩共振,88.4
002275,桂林三金,12.35,-7.2,1.5,-34.6,-4.29,-4334926,-729141,-10617273,781497,-2143126,-80515,缩量,低,情绪退潮,观望,资金观望型,,D,回避：资金观望,-1.4
002276,万马股份,10.16,-49.7,0.59,-19.5,-2.28,-11044469,-48654189,-67076435,3410892,278063,65341,缩量,低,情绪退潮,观望,资金撤退型,,D,回避：资金撤退,-0.8
002268,电科网安,14.93,8.8,1.54,100.2,1.9,34956824,952865,-33427537,5086805,4581050,-13809473,缩量,低,情绪退潮,进场,资金观望型,资金+业绩共振(双击候选),B,关注：资金+业绩共振,72.6
002269,美邦服饰,1.45,16.8,0.96,12.8,6.17,22701004,11818774,-14305398,3966443,5564692,314526,缩量,中,主力惜售,进场,资金观望型,纯资金炒作(亏损风险),C,谨慎：纯资金炒作,26.1
002271,东方雨虹,10.73,46.9,0.79,-38.5,-1.18,-23195143,-83499455,-113040355,146990995,120170850,-111952755,缩量,低,情绪退潮,吸筹,资金撤退型,机构吸筹+盈利(关注),C,谨慎：资金流入未验证业绩,23.6
002277,友阿股份,5.55,-23.5,1.27,-41.8,-5.77,-31796565,-79549688,-59739497,-9180999,-12060450,13792590,缩量,低,情绪退潮,观望,资金观望型,,D,回避：资金观望,-1.9
002278,神开股份,8.1,-38.8,0.26,-46.0,-5.0,-15700635,-29160839,-2395514,-4737588,-1846170,2887894,缩量,低,情绪退潮,观望,资金观望型,,D,回避：资金观望,-1.7
002281,光迅科技,193.76,-44.0,0.87,33.3,2.54,927944194,2209657246,1983934791,-109573205,-84613432,37588807,缩量,低,情绪退潮,观望,趋势转多型,,D,回避：资金观望,0.8
002282,博深股份,6.11,-13.3,0.62,-37.1,-1.14,-1005325,-7990316,-22022630,1389234,1044545,565900,缩量,低,情绪退潮,观望,资金撤退型,,D,回避：资金撤退,-0.4
002283,天润工业,8.18,-47.4,0.75,-1.4,4.15,29297575,7911573,-9941595,-23567598,-9007006,8955779,缩量,低,情绪退潮,观望,资金观望型,,D,回避：资金观望,1.4
002289,宇顺电子,36.61,-35.4,1.87,15.0,-3.03,-20774826,-18840621,-72938332,1426809,3522989,-10737971,缩量,低,情绪退潮,观望,资金观望型,,D,回避：资金观望,-1.0
002279,久其软件,6.86,-34.6,1.66,-14.0,3.51,46345576,-18649092,59495103,16104310,8506710,-10279381,缩量,低,情绪退潮,进场,资金观望型,资金+业绩共振(双击候选),B,关注：资金+业绩共振,73.2
002293,罗莱生活,10.86,-75.0,0.43,-43.1,-6.32,-8577414,-25727427,-40893515,-1466370,-651000,1699972,缩量,低,情绪退潮,观望,资金撤退型,,D,回避：资金撤退,-2.1
002291,遥望科技,5.64,-15.6,1.27,-53.4,-0.37,-2524041,-34009441,18328671,11257845,934292,-18199417,缩量,低,情绪退潮,观望,长线吸筹型,,D,回避：资金观望,-0.1
002292,奥飞娱乐,9.08,0.5,2.55,-14.4,0.5,9592048,14621367,-31480604,-22836112,-16338652,45991644,缩量,低,情绪退潮,观望,趋势转多型,,D,回避：资金观望,0.2
002294,信立泰,31.39,-70.3,2.31,4.7,-4.2,-65644669,-141726672,-267014404,19086314,13049955,-13712259,缩量,低,情绪退潮,观望,资金撤退型,,D,回避：资金撤退,-1.4
002295,精艺股份,10.29,431.7,0.67,59.7,-1.58,-22411056,-64005233,13416896,-8521840,-5260564,14725149,放量,低,游资情绪,观望,长线吸筹型,,D,回避：资金观望,7.5
002284,亚太股份,9.9,57.0,0.78,-41.4,-2.95,-26320496,-86085986,21283143,23964923,25703701,-14712179,放量,低,游资情绪,抢筹,长线吸筹型,机构吸筹+盈利(关注),C,谨慎：资金流入未验证业绩,47.0
002297,博云新材,22.68,52.0,0.31,82.2,-5.47,-553272997,73278938,849413565,-32253850,-40594217,43971435,放量,低,游资情绪,观望,高位分歧型,,D,回避：资金观望,6.2
002285,世联行,3.18,919.8,0.72,47.5,4.45,103892817,195941452,312161510,62938107,67616916,2120184,放量,低,游资情绪,抢筹,主力建仓型,纯资金炒作(亏损风险),C,谨慎：纯资金炒作,29.5
002286,保龄宝,7.95,101.0,0.62,189.3,-3.04,-17309925,30169399,10779618,2514203,5374232,218741,放量,低,游资情绪,抢筹,资金观望型,机构吸筹+盈利(关注),C,谨慎：资金流入未验证业绩,47.0
002290,禾盛新材,70.77,35.0,0.41,22.3,-1.65,-41141969,77191971,120748492,41175116,25099593,-20817310,缩量,低,情绪退潮,吸筹,资金观望型,机构吸筹+盈利(关注),C,谨慎：资金流入未验证业绩,23.4
002287,奇正藏药,19.9,-44.8,1.72,-14.4,0.66,785427,-1624405,-7904807,635982,973742,-2696428,缩量,低,情绪退潮,进场,资金观望型,资金+业绩共振(双击候选),B,关注：资金+业绩共振,72.2
002296,辉煌科技,9.54,35.6,0.72,85.7,0.64,3177879,-11694788,-16529735,10712701,6307038,-6382946,缩量,低,情绪退潮,进场,资金观望型,资金+业绩共振(双击候选),B,关注：资金+业绩共振,72.2
002299,圣农发展,16.15,-36.6,1.02,-10.1,-0.55,-5053564,-8901313,-97354205,-113975,-2774085,-1061906,缩量,低,情绪退潮,观望,资金撤退型,,D,回避：资金撤退,-0.2
002301,齐心集团,8.43,33.0,0.67,-24.4,-2.1,-9311462,-25497380,-27145259,1611250,7698196,7922779,缩量,低,情绪退潮,观望,资金撤退型,,D,回避：资金撤退,-0.7
002309,中利集团,2.98,-68.8,0.43,1.9,-2.03,-26625059,13309461,-55194353,-12403821,-13771835,13875752,缩量,低,情绪退潮,观望,资金观望型,,D,回避：资金观望,-0.7
002298,中电鑫龙,9.2,180.8,1.53,36.9,8.2,214086925,158725788,170895415,-82923222,-106777605,65646083,放量,中,主力偏强放量,进场,资金观望型,纯资金炒作(亏损风险),C,谨慎：纯资金炒作,30.7
002310,东方新能,2.31,-56.1,0.49,60.7,-0.69,-7164839,52248562,5646966,-17267544,-3357546,24055486,缩量,低,情绪退潮,观望,资金观望型,,D,回避：资金观望,-0.2
002313,日海智能,8.45,-54.6,0.37,-52.1,-2.57,-5246465,-10282415,-27631951,509477,540800,1510313,缩量,低,情绪退潮,观望,资金撤退型,,D,回避：资金撤退,-0.9
002312,川发龙蟒,8.65,10.9,0.43,139.8,-6.94,-95698695,3930082,-55734997,17027014,11766014,-23581409,缩量,低,情绪退潮,观望,资金观望型,,D,回避：资金观望,-2.3
002304,洋河股份,38.4,-61.7,1.4,-37.9,0.82,4045174,-31210091,-47721060,8650927,2982924,-3294234,缩量,低,情绪退潮,进场,资金观望型,资金+业绩共振(双击候选),B,关注：资金+业绩共振,72.3
002300,太阳电缆,8.72,378.9,0.38,95.5,11.75,374099295,339714673,613302700,-62340362,-22177441,49071951,放量,高,主力主导放量🔥(最强),进场,资金观望型,资金+业绩共振(双击候选),A,金股候选：资金强攻+业绩共振,95.9
002307,北新路桥,3.05,-4.7,0.74,-6.1,5.38,16410137,-9518006,-14534089,-7059041,-4127922,8309057,缩量,中,主力惜售,进场,资金观望型,纯资金炒作(亏损风险),C,谨慎：纯资金炒作,25.8
002315,焦点科技,24.2,-53.5,0.73,-40.5,-5.08,-27884333,-50748705,-80135177,1964162,2882493,3414567,缩量,低,情绪退潮,观望,资金撤退型,,D,回避：资金撤退,-1.7
002303,美盈森,6.27,-47.2,8.38,45.6,2.57,58307472,114201920,156368945,72652536,87497151,-32937327,缩量,低,情绪退潮,吸筹,主力建仓型,资金+业绩共振(双击候选),B,关注：资金+业绩共振,64.9
002302,西部建设,4.75,-38.6,1.02,-27.3,-2.52,-2528976,-9910968,-8853593,3479107,1505200,-1096249,缩量,低,情绪退潮,吸筹,资金观望型,纯资金炒作(亏损风险),C,谨慎：纯资金炒作,3.2
002316,亚联发展,4.36,23.4,1.0,81.7,-3.99,-17136914,-11535428,-11774868,-9570534,-5871450,14294461,缩量,低,情绪退潮,观望,资金观望型,,D,回避：资金观望,-1.3
002311,海大集团,42.42,-51.1,1.09,-37.7,2.21,32293033,28489943,-162917963,1421858,6083896,-54662,缩量,低,情绪退潮,吸筹,资金观望型,资金+业绩共振(双击候选),B,关注：资金+业绩共振,64.7
002318,久立特材,18.48,-65.5,0.96,-41.3,-1.27,-6287407,-22055056,-9314015,14165624,13357609,-17869219,缩量,低,情绪退潮,观望,资金观望型,,D,回避：资金观望,-0.4
002314,南山控股,2.32,86.1,0.54,-19.8,8.67,21062150,22226247,2224322,-7195486,-1844596,9179855,放量,中,主力偏强放量,进场,趋势转多型,纯资金炒作(亏损风险),C,谨慎：纯资金炒作,30.9
002319,乐通股份,10.14,-61.1,1.32,-20.4,-10.13,-32300584,-61699773,-114012826,-3433499,-2634252,3060115,缩量,低,情绪退潮,观望,资金撤退型,,D,回避：资金撤退,-3.4
002324,普利特,9.21,-41.1,0.26,7.8,-2.71,-20641301,22261934,48356198,1813021,444556,-9922895,缩量,低,情绪退潮,观望,资金观望型,,D,回避：资金观望,-0.9
002322,理工能科,12.15,175.7,0.24,-60.5,-1.94,-5083260,-28801863,-83934767,-6080570,-9151095,270705,放量,低,游资情绪,观望,资金撤退型,,D,回避：资金撤退,7.4
002317,众生药业,25.46,-55.0,2.96,0.2,-1.99,-41366543,36686112,-15954638,51621949,66098035,-3755422,缩量,低,情绪退潮,吸筹,资金观望型,机构吸筹+盈利(关注),C,谨慎：资金流入未验证业绩,23.3
002326,永太科技,17.3,-78.8,0.68,-41.2,-4.5,-52305864,-129326599,-331169642,-39146596,-25398096,-306379,缩量,低,情绪退潮,观望,资金撤退型,,D,回避：资金撤退,-1.5
002329,皇氏集团,3.64,-57.8,1.85,-47.3,0.15,677289,-15653432,-70233610,-8685667,-5020290,6458964,缩量,低,情绪退潮,观望,资金观望型,,D,回避：资金观望,0.0
002331,皖通科技,6.77,-32.1,0.16,-38.6,-5.06,-11719547,-13888127,-23182609,632223,-207546,5670136,缩量,低,情绪退潮,观望,资金撤退型,,D,回避：资金撤退,-1.7
002320,海峡股份,6.76,63.7,1.02,18.7,-6.27,-86473059,69382795,212342988,1583269,2739118,-2601322,放量,低,游资情绪,吸筹,高位分歧型,机构吸筹+盈利(关注),C,谨慎：资金流入未验证业绩,29.9
002332,仙琚制药,8.66,4.9,1.38,-47.1,0.25,864919,-10901505,-39942168,-9068145,-11604239,8610959,缩量,低,情绪退潮,观望,资金观望型,,D,回避：资金观望,0.1
002321,华英农业,2.3,418.4,0.75,62.9,9.02,64929645,33005212,35888839,65389633,79212253,-38217146,放量,中,主力偏强放量,抢筹,资金观望型,纯资金炒作(亏损风险),C,谨慎：纯资金炒作,39.0
002333,罗普斯金,5.39,7.2,0.29,-61.5,4.11,9233988,-489148,-45550885,-5031236,-2744789,8635682,缩量,低,情绪退潮,观望,资金观望型,,D,回避：资金观望,1.4
002334,英威腾,6.59,-49.9,0.49,-15.7,-4.35,-10609193,-6705749,-16961344,-2401089,-110740,-935966,缩量,低,情绪退潮,观望,资金观望型,,D,回避：资金观望,-1.4
002328,新朋股份,8.5,184.0,0.2,-42.4,-0.29,-5157747,-302966960,101763379,64239872,29806425,-90350197,放量,低,游资情绪,抢筹,长线吸筹型,机构吸筹+盈利(关注),C,谨慎：资金流入未验证业绩,47.9
002327,富安娜,6.14,-51.4,0.32,-41.6,6.69,6431060,2836908,13077484,231428,1102833,-764565,缩量,中,主力惜售,吸筹,资金观望型,资金+业绩共振(双击候选),B,关注：资金+业绩共振,78.2
002335,科华数据,29.6,-63.8,0.45,-24.9,-3.84,-64977189,-167030083,-267122121,-12862264,-12839639,7594749,缩量,低,情绪退潮,观望,资金撤退型,,D,回避：资金撤退,-1.3
002337,赛象科技,4.77,43.0,0.69,2.6,-2.45,-4521363,-9210617,-22845313,2815803,3179260,-4548734,缩量,低,情绪退潮,观望,资金撤退型,,D,回避：资金撤退,-0.8
002330,得利斯,4.12,-11.5,0.66,-14.5,2.24,4754970,-6380998,11640611,1447972,-687553,-1517601,缩量,低,情绪退潮,进场,资金观望型,纯资金炒作(亏损风险),C,谨慎：纯资金炒作,12.7
002338,奥普光电,42.6,-61.7,0.49,-20.0,0.7,5462653,-10584989,-8993005,-208102,-4212841,137765,缩量,低,情绪退潮,观望,资金观望型,,D,回避：资金观望,0.2
002340,格林美,6.25,-62.5,0.42,-37.8,-4.93,-68845808,-241776411,-558528513,-13746128,476376,15196386,缩量,低,情绪退潮,观望,资金撤退型,,D,回避：资金撤退,-1.6
002344,海宁皮城,4.08,-2.8,0.73,-2.0,-3.63,-6352451,-23940541,-50415943,-276376,1663193,2192209,缩量,低,情绪退潮,观望,资金撤退型,,D,回避：资金撤退,-1.2
002342,巨力索具,8.06,-67.5,0.23,40.3,-0.36,-4970620,68742768,55566539,-252895,-2122922,930654,缩量,低,情绪退潮,观望,资金观望型,,D,回避：资金观望,-0.1
002343,慈文传媒,5.73,39.0,1.1,153.3,-3.91,-19551061,74979329,64905273,869640,1958900,4348454,缩量,低,情绪退潮,观望,资金观望型,,D,回避：资金观望,-1.3
002345,潮宏基,8.98,-65.6,2.08,-55.1,-3.32,-14100507,-56875357,-84801951,4542946,-318600,-6617214,缩量,低,情绪退潮,观望,资金撤退型,,D,回避：资金撤退,-1.1
002347,泰尔股份,5.94,-43.2,0.52,-51.2,-1.26,-3201184,-10846458,-40201575,1795858,134999,-2314786,缩量,低,情绪退潮,观望,资金撤退型,,D,回避：资金撤退,-0.4
002348,高乐股份,10.93,-46.1,1.51,12.8,4.28,35114326,6329769,-7335092,-4814362,-6606197,12442129,缩量,低,情绪退潮,观望,资金观望型,,D,回避：资金观望,1.4
002339,积成电子,7.99,177.5,0.7,169.4,4.43,79206711,44830076,44488597,3736377,4346954,-19195262,放量,低,游资情绪,进场,资金观望型,资金+业绩共振(双击候选),B,关注：资金+业绩共振,81.5
002350,北京科锐,14.38,-71.6,0.77,-32.5,-2.57,-12941946,-42391728,-9959415,-12783444,-11266533,5870597,缩量,低,情绪退潮,观望,长线吸筹型,,D,回避：资金观望,-0.9
002354,天娱数科,7.92,-26.8,11.59,-38.0,-1.17,-84751616,-1507389297,-152784545,82691242,59148852,-89178094,缩量,低,情绪退潮,观望,长线吸筹型,,D,回避：资金观望,-0.4
002346,柘中股份,19.16,29.6,2.49,15.2,7.45,89629698,97310604,54332098,1728640,3113458,-7755541,缩量,中,主力惜售,进场,趋势转多型,资金+业绩共振(双击候选),B,关注：资金+业绩共振,86.5
002355,兴民智通,4.68,-55.5,1.08,-28.1,-1.96,-5233409,-10138346,-7899979,-2652614,510236,3852479,缩量,低,情绪退潮,观望,资金观望型,,D,回避：资金观望,-0.7
002349,精华制药,8.71,773.8,0.96,101.2,4.17,139251009,432617800,620279128,235479554,238249877,-117901757,放量,低,游资情绪,抢筹,主力建仓型,资金+业绩共振(双击候选),B,关注：资金+业绩共振,89.4
002356,鹏飞绿能,2.79,-7.8,0.57,6.4,-5.17,-12892745,-19909835,-24931887,2395424,7222310,1314807,缩量,低,情绪退潮,观望,资金撤退型,,D,回避：资金撤退,-1.7
002351,漫步者,10.15,-30.2,1.29,-31.2,-0.83,-2118283,-15475774,-18906955,9453228,8030506,-5953413,缩量,低,情绪退潮,吸筹,资金撤退型,机构吸筹+盈利(关注),C,谨慎：资金流入未验证业绩,23.7
002358,森源电气,5.4,-59.0,0.73,1.4,-3.89,-12585350,-14616842,-29550264,4409678,3686210,1251294,缩量,低,情绪退潮,观望,资金撤退型,,D,回避：资金撤退,-1.3
002353,杰瑞股份,124.7,-30.4,1.27,-9.8,5.68,554414996,364420090,-371847169,157713056,162759825,-125201042,缩量,中,主力惜售,吸筹,资金观望型,资金+业绩共振(双击候选),B,关注：资金+业绩共振,77.9
002357,富临运业,12.09,32.7,0.58,114.9,4.62,26388414,104692349,102704907,-6344110,-1178578,4866376,缩量,低,情绪退潮,观望,趋势转多型,,D,回避：资金观望,1.5
002352,顺丰控股,30.94,-52.7,1.25,-40.9,2.23,50111018,-168834343,-275261364,13817508,9077055,-3685932,缩量,低,情绪退潮,吸筹,资金观望型,资金+业绩共振(双击候选),B,关注：资金+业绩共振,64.7
002361,神剑股份,10.64,-45.1,0.19,-13.6,2.15,82269615,-704663,21234809,-49730519,-40720234,54206541,缩量,低,情绪退潮,观望,资金观望型,,D,回避：资金观望,0.7
002363,隆基机械,6.88,-6.3,0.5,-25.4,-1.18,-1665290,-4161768,-7541808,3350319,16924,-2629375,缩量,低,情绪退潮,观望,资金撤退型,,D,回避：资金撤退,-0.4
002364,中恒电气,36.05,-58.9,0.66,-29.7,0.78,29239638,-189202278,-451998976,-81160442,-94319510,45351006,缩量,低,情绪退潮,观望,资金观望型,,D,回避：资金观望,0.3
002365,永安药业,14.67,35.3,4.12,-29.6,-4.19,-56246611,-92850228,-223770350,-8412874,6390144,29327392,缩量,低,情绪退潮,观望,资金撤退型,,D,回避：资金撤退,-1.4
002366,融发核电,5.75,-71.8,1.12,-43.3,-8.57,-56149590,-31286675,66810441,-11690066,-9900716,4398960,缩量,低,情绪退潮,观望,高位分歧型,,D,回避：资金观望,-2.9
002362,汉王科技,16.7,128.5,0.97,107.1,6.25,74776577,60425866,63660816,-7432960,-8370242,-1186400,放量,中,主力偏强放量,进场,资金观望型,纯资金炒作(亏损风险),C,谨慎：纯资金炒作,30.1
002368,太极股份,13.23,-34.4,0.98,-17.5,-3.15,-17213400,-30204739,-32869626,-3665954,-1924482,2612702,缩量,低,情绪退潮,观望,资金撤退型,,D,回避：资金撤退,-1.1
002369,卓翼科技,5.77,-55.1,1.25,-64.0,-4.84,-13035468,-30702227,-42881253,2548501,682240,-779080,缩量,低,情绪退潮,观望,资金撤退型,,D,回避：资金撤退,-1.6
002377,国创高新,3.13,121.0,0.32,483.5,-1.01,-15844038,-27468691,-51092441,-10718344,-4604409,20456664,放量,低,游资情绪,观望,资金撤退型,,D,回避：资金撤退,7.7
002367,康力电梯,6.28,82.4,1.22,-19.7,-3.2,-14366193,-14166114,-2311126,48190058,44802518,-26916490,放量,低,游资情绪,抢筹,资金观望型,机构吸筹+盈利(关注),C,谨慎：资金流入未验证业绩,46.9
002378,章源钨业,23.7,-61.5,0.6,2.8,1.78,74334517,-5711475,-340813766,-56655028,-46325951,53175336,缩量,低,情绪退潮,观望,资金观望型,,D,回避：资金观望,0.6
002370,亚太药业,5.44,-36.0,0.74,44.0,-1.96,-7240393,44207919,31041163,8935110,5152331,-3145345,缩量,低,情绪退潮,吸筹,资金观望型,机构吸筹+盈利(关注),C,谨慎：资金流入未验证业绩,23.3
002379,宏桥控股,16.98,-46.2,1.96,-25.6,-0.01,-175846,8782552,-54078096,-33749220,-27581047,14399929,缩量,低,情绪退潮,观望,资金观望型,,D,回避：资金观望,-0.0
002372,伟星新材,8.19,-59.2,1.88,-46.8,-3.79,-10048562,-33956573,-43754667,1621285,471072,-409123,缩量,低,情绪退潮,吸筹,资金撤退型,机构吸筹+盈利(关注),C,谨慎：资金流入未验证业绩,22.7
002376,新北洋,6.72,-20.8,0.78,-37.1,1.23,3059324,-607694,-11385925,-2111364,2450216,-728017,缩量,低,情绪退潮,吸筹,资金观望型,资金+业绩共振(双击候选),B,关注：资金+业绩共振,64.4
002375,亚厦股份,3.89,93.7,0.39,-32.9,2.43,5641764,8770310,42181644,12428743,4008082,-10843536,放量,低,游资情绪,抢筹,均衡流入型,资金+业绩共振(双击候选),B,关注：资金+业绩共振,88.8
002384,东山精密,195.02,-56.0,1.24,13.5,-0.92,-509647867,3500881021,-1851403125,-701464192,-481578017,589571089,缩量,低,情绪退潮,观望,资金观望型,,D,回避：资金观望,-0.3
002382,蓝帆医疗,6.0,-41.1,0.41,-28.6,-6.13,-16045286,-20845906,-14155298,-13274757,-7697088,16370653,缩量,低,情绪退潮,观望,资金观望型,,D,回避：资金观望,-2.0
002374,中锐股份,3.19,-23.8,1.18,-2.6,0.41,973308,-14852353,-51066289,4319156,6236761,-49442,缩量,低,情绪退潮,吸筹,资金观望型,纯资金炒作(亏损风险),C,谨慎：纯资金炒作,4.1
002385,大北农,3.26,46.6,0.96,-26.9,-4.9,-65484688,-174489777,-58345598,6133357,-17351386,-3873688,缩量,低,情绪退潮,观望,资金观望型,,D,回避：资金观望,-1.6
002380,科远智慧,27.35,-51.9,0.58,-30.8,6.89,28400132,-12142202,57259507,7455501,3088058,-7828686,缩量,中,主力惜售,进场,资金观望型,资金+业绩共振(双击候选),B,关注：资金+业绩共振,86.3
002389,航天彩虹,19.23,7.1,0.87,31.1,-12.53,-228164531,-96771769,-154044774,6007223,-898761,-38279953,缩量,低,情绪退潮,观望,资金观望型,,D,回避：资金观望,-4.2
002392,北京利尔,7.86,-56.1,0.51,-30.9,-8.6,-28777743,-61928837,-53366751,5465216,5248131,-7827209,缩量,低,情绪退潮,观望,资金观望型,,D,回避：资金观望,-2.9
002386,天原股份,6.14,76.4,0.27,-0.1,-2.4,-13043944,-3535095,-54205359,18721646,19711514,4917430,放量,低,游资情绪,抢筹,资金观望型,机构吸筹+盈利(关注),C,谨慎：资金流入未验证业绩,47.2
002388,新亚制程,7.95,68.6,2.58,-13.4,6.05,99449002,152006085,219369887,65351580,72074041,-46818508,放量,中,主力偏强放量,抢筹,主力强攻型,纯资金炒作(亏损风险),C,谨慎：纯资金炒作,38.0
002397,梦洁股份,3.73,-20.9,0.32,-17.4,-6.78,-19470231,-22138837,-7025820,-5564360,-3401782,7028810,缩量,低,情绪退潮,观望,资金观望型,,D,回避：资金观望,-2.3
002399,海普瑞,9.8,6.3,1.89,-40.7,-0.79,-1431114,-3040464,-26439378,-833962,-2979865,1372031,缩量,低,情绪退潮,观望,资金撤退型,,D,回避：资金撤退,-0.3
002401,中远海科,12.27,-28.6,1.06,0.0,-0.29,-456013,9187535,6580655,3372813,413104,900777,缩量,低,情绪退潮,观望,资金观望型,,D,回避：资金观望,-0.1
002402,和而泰,19.05,-66.0,0.74,-0.9,0.19,3423186,-138081144,-323616898,-7257192,-11602960,6631409,缩量,低,情绪退潮,观望,资金观望型,,D,回避：资金观望,0.1
002405,四维图新,6.07,-53.4,0.73,-29.2,1.66,12251962,15395957,29955414,-8084157,-6064678,-1406090,缩量,低,情绪退潮,观望,均衡流入型,,D,回避：资金观望,0.6
002406,远东传动,6.55,-45.2,0.23,-35.6,-1.21,-3193794,-16388896,-25613409,4145237,-28307,1350269,缩量,低,情绪退潮,观望,资金撤退型,,D,回避：资金撤退,-0.4
002407,多氟多,32.99,-72.0,1.31,-43.9,-0.38,-39234433,-544754980,-2509217355,-193223116,-160776538,203355409,缩量,低,情绪退潮,观望,资金撤退型,,D,回避：资金撤退,-0.1
002409,雅克科技,137.43,-65.2,4.92,5.8,2.96,374672350,716727141,-259132538,-177372960,-173337486,94378569,缩量,低,情绪退潮,观望,趋势转多型,,D,回避：资金观望,1.0
002413,雷科防务,8.35,-53.1,0.28,40.6,-5.41,-91721367,-35870803,-115802289,3352877,13188403,21691315,缩量,低,情绪退潮,观望,资金观望型,,D,回避：资金观望,-1.8
002414,高德红外,12.38,-64.8,1.07,-43.4,-1.88,-44067303,-218729389,-340319503,-97230965,-78502730,53530753,缩量,低,情绪退潮,观望,资金撤退型,,D,回避：资金撤退,-0.6
002419,天虹股份,4.71,42.8,0.34,-1.5,-2.36,-7184163,-11809801,20145301,1732967,-1251186,3247302,缩量,低,情绪退潮,观望,长线吸筹型,,D,回避：资金观望,-0.8
002410,广联达,8.6,-40.6,0.61,-31.5,-3.6,-26849952,-74833393,-37804704,24837612,28741848,-5076003,缩量,低,情绪退潮,吸筹,资金观望型,机构吸筹+盈利(关注),C,谨慎：资金流入未验证业绩,22.8
002412,汉森制药,9.62,235.1,3.1,-62.1,0.02,535541,-189344494,-769842438,39756082,23276398,-49152694,放量,低,游资情绪,抢筹,资金观望型,资金+业绩共振(双击候选),B,关注：资金+业绩共振,88.0
002422,科伦药业,42.48,-28.0,4.77,-23.8,-2.71,-103332986,-227188597,-735014585,39704818,43229809,-96477468,缩量,低,情绪退潮,观望,资金撤退型,,D,回避：资金撤退,-0.9
002416,爱施德,9.37,-1.7,0.37,-24.3,0.26,1483830,-53382595,-66672360,8024625,-560979,3572420,缩量,低,情绪退潮,进场,资金观望型,资金+业绩共振(双击候选),B,关注：资金+业绩共振,72.1
002426,胜利精密,2.64,-42.7,0.53,-15.6,-8.5,-61292690,-62859619,-83404532,-15367812,-13963060,25230743,缩量,低,情绪退潮,观望,资金撤退型,,D,回避：资金撤退,-2.8
002420,毅昌科技,6.11,-26.7,0.52,-10.2,1.39,3071311,2325602,9208232,2748374,2703719,-955442,缩量,低,情绪退潮,吸筹,资金观望型,资金+业绩共振(双击候选),B,关注：资金+业绩共振,64.5
002430,杭氧股份,25.97,-55.4,0.52,-50.4,-9.58,-146733801,-285332584,-238612623,-12424603,-5014763,11777762,缩量,低,情绪退潮,观望,资金观望型,,D,回避：资金观望,-3.2
002429,兆驰股份,8.28,-54.7,0.3,-24.8,-0.16,-2908315,-3513061,-40325275,52537084,52229086,-25154262,缩量,低,情绪退潮,吸筹,资金撤退型,机构吸筹+盈利(关注),C,谨慎：资金流入未验证业绩,23.9
002443,金洲管道,13.14,343.3,0.25,26.9,-2.87,-69930471,-34875138,-11564984,-134691397,-75606892,121245621,放量,低,游资情绪,观望,资金观望型,,D,回避：资金观望,7.0
002441,众业达,8.21,-26.6,0.5,-32.2,-2.0,-3307858,-8502721,-4173673,2196613,2019986,-2614966,缩量,低,情绪退潮,观望,资金观望型,,D,回避：资金观望,-0.7
002437,誉衡药业,3.74,449.6,0.88,-57.6,-0.46,-23392280,-544465343,-229101168,35130420,38320580,2108377,放量,低,游资情绪,抢筹,资金观望型,机构吸筹+盈利(关注),C,谨慎：资金流入未验证业绩,47.8
002440,闰土股份,12.44,-39.5,1.42,-44.3,2.08,37116800,-125584686,-45756662,11538157,-6693704,-13197614,缩量,低,情绪退潮,进场,资金观望型,资金+业绩共振(双击候选),B,关注：资金+业绩共振,72.7
002452,长高电气,12.3,-51.6,1.41,-11.9,0.72,5524332,-86716242,-83146146,-6989766,-4499467,6160949,缩量,低,情绪退潮,观望,资金观望型,,D,回避：资金观望,0.2
002448,中原内配,11.47,-27.1,0.33,-13.2,-3.18,-21890946,2958286,-81644115,834220,6592344,-2815546,缩量,低,情绪退潮,吸筹,资金观望型,机构吸筹+盈利(关注),C,谨慎：资金流入未验证业绩,22.9
002456,欧菲光,7.04,-65.4,1.6,-48.5,-3.3,-63216267,-291106220,-80209213,-32853331,-20685834,24264616,缩量,低,情绪退潮,观望,长线吸筹型,,D,回避：资金观望,-1.1
002459,晶澳科技,6.95,-49.6,1.03,-27.9,1.46,13886033,-12370489,-107384799,-5577420,7700351,13803966,缩量,低,情绪退潮,观望,资金观望型,,D,回避：资金观望,0.5
002458,益生股份,8.45,-61.2,2.34,-36.5,-6.2,-57009020,-149070233,-115030470,-1409389,-6211275,-11823783,缩量,低,情绪退潮,观望,资金观望型,,D,回避：资金观望,-2.1
002461,珠江啤酒,8.4,-52.5,0.66,-23.8,-0.91,-1287607,-6201186,-6631241,-1797414,0,328555,缩量,低,情绪退潮,观望,资金撤退型,,D,回避：资金撤退,-0.3
002460,赣锋锂业,46.56,-57.1,0.48,-41.6,-5.45,-313102354,-700148467,-1463173431,-11467769,28542454,45192452,缩量,低,情绪退潮,观望,资金撤退型,,D,回避：资金撤退,-1.8
002463,沪电股份,126.0,-38.0,1.11,-3.9,-5.15,-1503443953,204127913,182215890,457198289,372498659,-386300491,缩量,低,情绪退潮,观望,资金观望型,,D,回避：资金观望,-1.7
002467,二六三,4.63,-46.7,0.31,-16.1,-5.66,-35211667,-51874022,-94360488,-752357,-99549,3140656,缩量,低,情绪退潮,观望,资金撤退型,,D,回避：资金撤退,-1.9
002457,青龙管业,11.79,-45.7,2.18,17.6,-9.61,-115885493,-85405879,-68446513,5128436,2334725,-1989639,缩量,低,情绪退潮,吸筹,资金观望型,机构吸筹+盈利(关注),C,谨慎：资金流入未验证业绩,20.8
002469,三维化学,6.16,-3.2,0.31,-55.9,-7.76,-15245857,-40739667,-68259470,1270227,-107296,-92477,缩量,低,情绪退潮,观望,资金撤退型,,D,回避：资金撤退,-2.6
002470,金正大,2.15,108.8,0.2,43.0,-3.93,-87951632,71411703,193554201,-15276190,-19907059,18672849,放量,低,游资情绪,观望,资金观望型,,D,回避：资金观望,6.7
002465,海格通信,10.39,-49.2,0.71,22.9,0.3,6167398,-22477708,-126313664,7825243,16621911,-2447119,缩量,低,情绪退潮,吸筹,资金观望型,纯资金炒作(亏损风险),C,谨慎：纯资金炒作,4.1
002466,天齐锂业,43.26,-55.0,0.42,-50.1,-3.39,-195142167,-653594084,-992473202,112364660,126088989,-59172941,缩量,低,情绪退潮,吸筹,资金撤退型,机构吸筹+盈利(关注),C,谨慎：资金流入未验证业绩,22.9
002475,立讯精密,54.44,-61.7,0.52,-24.6,-6.55,-1448302164,-1896569513,-1183531163,-385113778,-308365139,134723744,缩量,低,情绪退潮,观望,资金观望型,,D,回避：资金观望,-2.2
002478,常宝股份,6.6,-20.5,0.18,-56.3,-8.43,-36576006,-80175603,75719032,930509,2738517,4077126,缩量,低,情绪退潮,观望,长线吸筹型,,D,回避：资金观望,-2.8
002471,中超控股,5.95,111.8,0.29,19.4,11.99,229361064,170604970,219703060,-68755224,-43955810,-24960835,放量,高,主力主导放量🔥(最强),进场,资金观望型,纯资金炒作(亏损风险),C,谨慎：纯资金炒作,36.0
002481,双塔食品,4.35,20.5,0.51,60.2,0.31,792112,-4804753,6391336,-4544234,2573738,6341459,缩量,低,情绪退潮,观望,资金观望型,,D,回避：资金观望,0.1
002472,双环传动,37.9,-38.6,2.89,-13.7,0.25,9701493,-217771854,386425390,12407915,35470100,21563535,缩量,低,情绪退潮,进场,长线吸筹型,资金+业绩共振(双击候选),B,关注：资金+业绩共振,72.1
002488,金固股份,7.72,-54.7,0.92,-18.6,-1.7,-10514571,-73697081,-76786256,-13160551,-8306845,12269813,缩量,低,情绪退潮,观望,资金撤退型,,D,回避：资金撤退,-0.6
002483,润邦股份,6.28,132.6,0.53,165.3,-4.05,-26800247,55535462,76615892,13472602,-138556,-12589043,放量,低,游资情绪,观望,资金观望型,,D,回避：资金观望,6.7
002480,新筑股份,5.26,-46.4,0.39,-6.2,5.23,6083002,855236,-13384023,-3889160,-4127263,4362086,缩量,中,主力惜售,进场,资金观望型,纯资金炒作(亏损风险),C,谨慎：纯资金炒作,25.7
002482,广田集团,1.41,206.0,0.92,3.3,2.65,12828245,-10162242,-62474877,44511103,58162216,-14575221,放量,低,游资情绪,抢筹,资金观望型,纯资金炒作(亏损风险),C,谨慎：纯资金炒作,28.9
002486,嘉麟杰,2.86,19.9,1.03,-11.6,9.29,37752212,-68689384,-18062094,3815915,2666943,-2772559,缩量,中,主力惜售,进场,资金观望型,资金+业绩共振(双击候选),B,关注：资金+业绩共振,87.1
002487,大金重工,39.7,121.4,0.63,306.3,3.13,598424736,952502508,536042807,102128325,106944398,-47661197,放量,低,游资情绪,吸筹,趋势转多型,资金+业绩共振(双击候选),B,关注：资金+业绩共振,73.0
002489,浙江永强,3.12,126.2,0.94,134.5,8.54,76361537,88307303,83661728,-7658915,2373320,9503104,放量,中,主力偏强放量,进场,短线抢筹型,资金+业绩共振(双击候选),B,关注：资金+业绩共振,90.8
002497,雅化集团,16.79,-67.9,0.58,-52.9,-4.55,-81521742,-175375117,-339735617,3442092,-5491376,-7189472,缩量,低,情绪退潮,观望,资金撤退型,,D,回避：资金撤退,-1.5
002491,通鼎互联,24.59,79.7,0.86,0.4,4.13,1178194974,930798616,83794216,37369121,-53530219,-218528169,放量,低,游资情绪,进场,资金观望型,,C,谨慎：资金流入未验证业绩,41.4
002506,协鑫集成,2.52,-38.5,0.38,-46.8,2.97,60624163,31936306,193271228,-39895103,-39004760,41931216,缩量,低,情绪退潮,观望,资金观望型,,D,回避：资金观望,1.0
002517,恺英网络,16.78,-60.6,1.85,-7.8,-14.4,-591112523,-505633434,-265158072,23556869,2694934,-38341133,缩量,低,情绪退潮,观望,高位分歧型,,D,回避：资金观望,-4.8
002500,山西证券,5.27,-25.9,1.35,-35.5,2.2,9765409,2981856,-21003976,7100608,4834629,-4282012,缩量,低,情绪退潮,吸筹,资金观望型,资金+业绩共振(双击候选),B,关注：资金+业绩共振,64.7
002520,日发精机,6.41,-59.3,3.37,-37.9,-4.83,-31181244,-66644709,-101467964,14082625,9416343,-12131885,缩量,低,情绪退潮,观望,资金撤退型,,D,回避：资金撤退,-1.6
002521,齐峰新材,6.36,28.1,0.81,1.8,-3.9,-5588655,-8870885,-31648066,-20025797,-30084702,8197851,缩量,低,情绪退潮,观望,资金撤退型,,D,回避：资金撤退,-1.3
002515,金字火腿,7.95,-11.7,1.48,-37.0,0.21,4733413,135849123,418265633,56945033,54359262,-27130541,缩量,低,情绪退潮,吸筹,均衡流入型,资金+业绩共振(双击候选),B,关注：资金+业绩共振,64.1
002510,天汽模,5.84,22.8,0.81,53.6,0.9,9770717,63741485,56613815,9672880,6274875,-13384365,缩量,低,情绪退潮,进场,趋势转多型,资金+业绩共振(双击候选),B,关注：资金+业绩共振,72.3
002527,新时达,10.78,-69.7,1.17,-19.4,-0.98,-2048163,-10973060,-36130317,-1793739,-577512,2339998,缩量,低,情绪退潮,观望,资金撤退型,,D,回避：资金撤退,-0.3
002535,林州重机,2.46,17.9,0.85,-2.1,4.42,8912936,13358070,14208309,-2415415,-1495894,1910393,缩量,低,情绪退潮,观望,主力建仓型,,D,回避：资金观望,1.5
002548,金新农,4.14,-18.2,1.26,19.4,-3.93,-23035127,-19799093,11939050,-7908840,-803955,10776983,缩量,低,情绪退潮,观望,资金观望型,,D,回避：资金观望,-1.3
002552,宝鼎科技,54.11,27.6,2.96,18.1,3.94,341646063,647190419,611439470,-92870766,-71259425,117106919,缩量,低,情绪退潮,观望,趋势转多型,,D,回避：资金观望,1.3
002549,凯美特气,13.55,-75.7,0.53,-33.3,0.98,10821832,-40346519,-71452612,-14876246,-14335810,4817443,缩量,低,情绪退潮,观望,资金观望型,,D,回避：资金观望,0.3
002555,三七互娱,17.73,-72.9,1.1,-39.8,-13.94,-180224224,-427368162,-673846008,-13258065,-13466746,2357217,缩量,低,情绪退潮,观望,资金撤退型,,D,回避：资金撤退,-4.6
002556,辉隆股份,5.24,4.2,0.24,12.0,-0.78,-2302098,-28702318,-56788884,-3062344,-2236553,3835441,缩量,低,情绪退潮,观望,资金撤退型,,D,回避：资金撤退,-0.3
002561,徐家汇,7.55,175.4,0.85,172.6,4.04,27687385,33920689,30622569,-596918,-408151,2395636,放量,低,游资情绪,观望,趋势转多型,,D,回避：资金观望,9.3
002546,新联电子,7.65,-80.5,2.0,-30.8,-4.03,-12398311,-40847974,-93790322,6067415,6508465,-4409130,缩量,低,情绪退潮,吸筹,资金撤退型,机构吸筹+盈利(关注),C,谨慎：资金流入未验证业绩,22.7
002550,千红制药,6.6,-56.6,1.67,-27.4,2.17,5756325,-5073039,-5506189,5117098,8762045,-4007161,缩量,低,情绪退潮,吸筹,资金观望型,资金+业绩共振(双击候选),B,关注：资金+业绩共振,64.7
002575,群兴玩具,5.19,-62.5,0.59,-52.0,-0.64,-2127689,-27953619,-45457980,-1609819,-2769994,2893409,缩量,低,情绪退潮,观望,资金撤退型,,D,回避：资金撤退,-0.2
002574,明牌珠宝,5.13,8.9,0.72,-63.6,-0.92,-1885319,-6039047,-5257624,-5608547,-7799237,2041399,缩量,低,情绪退潮,观望,资金观望型,,D,回避：资金观望,-0.3
002573,清新环境,3.17,29.5,0.67,-33.4,-0.82,-1316829,-597881,-38420640,-4173334,58754,2982144,缩量,低,情绪退潮,观望,资金观望型,,D,回避：资金观望,-0.3
002564,天沃科技,4.95,68.4,0.54,299.7,-3.2,-16591979,49845508,76328644,11796512,9170633,-7689654,放量,低,游资情绪,抢筹,资金观望型,机构吸筹+盈利(关注),C,谨慎：资金流入未验证业绩,46.9
002567,唐人神,3.85,22.2,0.92,-12.8,2.36,9854646,-8132010,58862401,5882561,5955421,-9576786,缩量,低,情绪退潮,进场,资金观望型,纯资金炒作(亏损风险),C,谨慎：纯资金炒作,12.8
002582,好想你,9.8,-50.0,0.59,-25.5,-1.77,-9608793,-58824962,-149469539,-8001005,-9452507,9056428,缩量,低,情绪退潮,观望,资金撤退型,,D,回避：资金撤退,-0.6
002578,闽发铝业,4.21,39.0,0.47,-35.4,0.35,1328255,-24705318,123215801,23442791,16278365,-18852558,缩量,低,情绪退潮,进场,长线吸筹型,纯资金炒作(亏损风险),C,谨慎：纯资金炒作,12.1
002583,海能达,8.29,-39.5,0.9,-32.1,-1.08,-6074997,-27455518,-65339661,-5201696,-1378493,4631605,缩量,低,情绪退潮,观望,资金撤退型,,D,回避：资金撤退,-0.4
002586,围海股份,3.75,92.4,0.38,-30.2,-10.04,-16540027,-40872942,-88705642,-2510107,-1516518,-1886749,放量,低,游资情绪,观望,资金撤退型,,D,回避：资金撤退,4.7
002579,中京电子,19.46,95.1,2.02,236.6,5.25,884132189,1417644711,1564995235,-112967674,-85848650,144273946,放量,中,主力偏强放量,进场,主力强攻型,资金+业绩共振(双击候选),B,关注：资金+业绩共振,89.8
002577,雷柏科技,22.54,250.6,2.41,113.4,4.07,61253108,55714882,77760996,15544093,7747508,542318,放量,低,游资情绪,进场,资金观望型,纯资金炒作(亏损风险),C,谨慎：纯资金炒作,21.4
002590,万安科技,9.74,-17.9,0.52,-31.4,2.83,8252970,-8598658,-17304207,-1208369,-994331,-2964021,缩量,低,情绪退潮,观望,资金观望型,,D,回避：资金观望,0.9
002585,双星新材,12.71,96.0,1.88,214.7,-1.44,-162015014,353037462,152737494,294823021,303996799,-175897515,放量,低,游资情绪,抢筹,资金观望型,纯资金炒作(亏损风险),C,谨慎：纯资金炒作,27.5
002587,奥拓电子,5.35,-67.1,0.98,9.2,-0.39,-1546308,-17239955,-29751127,-2577804,-29750,6294326,缩量,低,情绪退潮,观望,资金撤退型,,D,回避：资金撤退,-0.1
002594,比亚迪,85.22,-52.5,1.03,-19.5,-3.3,-327754737,-1814228933,-3165566451,95996863,31276266,-6136309,缩量,低,情绪退潮,吸筹,资金撤退型,机构吸筹+盈利(关注),C,谨慎：资金流入未验证业绩,22.9
002593,日上集团,4.61,-26.2,0.9,44.2,6.31,18163660,35329016,53246291,-2812751,-1301261,358879,缩量,中,主力惜售,进场,主力强攻型,资金+业绩共振(双击候选),B,关注：资金+业绩共振,86.1
002603,以岭药业,15.59,-50.3,1.87,-27.1,-6.5,-48719589,-81907577,-170048135,15686404,21174217,-25179092,缩量,低,情绪退潮,观望,资金撤退型,,D,回避：资金撤退,-2.2
002606,大连电瓷,12.77,-66.5,0.38,-35.8,-4.04,-25989676,-76682626,-82309974,2539608,-476087,-13347490,缩量,低,情绪退潮,观望,资金撤退型,,D,回避：资金撤退,-1.3
002605,姚记科技,16.84,-75.5,1.52,-37.9,-2.68,-6492759,-31128094,-33412734,5218843,1649594,-4057425,缩量,低,情绪退潮,观望,资金撤退型,,D,回避：资金撤退,-0.9
002599,盛通股份,5.53,-67.6,1.34,-23.5,-5.57,-8195783,-6922406,-10787220,-575878,169870,-51282,缩量,低,情绪退潮,吸筹,资金观望型,机构吸筹+盈利(关注),C,谨慎：资金流入未验证业绩,22.1
002597,金禾实业,22.02,-23.9,1.12,62.2,1.05,6677221,-41233407,-67350667,568401,-7133112,-11095049,缩量,低,情绪退潮,进场,资金观望型,资金+业绩共振(双击候选),B,关注：资金+业绩共振,72.3
002611,东方精工,14.04,-66.1,0.86,-24.2,-6.49,-54497027,-138789010,-228704379,-6148703,-6282861,5825365,缩量,低,情绪退潮,观望,资金撤退型,,D,回避：资金撤退,-2.2
002617,露笑科技,7.16,12.1,2.17,198.9,1.35,80261945,298272605,176764006,-34154852,8091260,20184409,缩量,低,情绪退潮,观望,趋势转多型,,D,回避：资金观望,0.5
002625,光启技术,27.45,-36.5,0.84,6.8,2.67,89266005,-104086706,-145072252,-10513751,-25696301,13885868,缩量,低,情绪退潮,观望,资金观望型,,D,回避：资金观望,0.9
002627,三峡旅游,6.87,-2.3,0.45,-57.9,-1.09,-3715620,-18187285,-17081596,188083,1781090,541713,缩量,低,情绪退潮,观望,资金观望型,,D,回避：资金观望,-0.4
002622,皓宸医疗,2.72,82.7,1.33,-7.6,1.69,5680969,3893599,5976130,34911296,34420248,-20072090,放量,低,游资情绪,抢筹,资金观望型,纯资金炒作(亏损风险),C,谨慎：纯资金炒作,28.6
002616,长青集团,4.9,-40.7,0.53,3.0,-2.67,-5342314,-13034668,-13467771,4006498,3678688,-4834784,缩量,低,情绪退潮,观望,资金撤退型,,D,回避：资金撤退,-0.9
002628,成都路桥,5.29,3.5,0.87,-54.4,-2.43,-12284763,-23862079,-53668881,16390842,11531715,-10172433,缩量,低,情绪退潮,吸筹,资金撤退型,纯资金炒作(亏损风险),C,谨慎：纯资金炒作,3.2
002637,赞宇科技,11.32,-1.0,0.41,14.5,-5.35,-45600716,-106127304,-129033072,-7317194,-5362885,-1013890,缩量,低,情绪退潮,观望,资金撤退型,,D,回避：资金撤退,-1.8
002635,安洁科技,15.16,-72.1,1.57,-35.9,-0.09,-628779,-52804758,-150198143,1860327,1502462,-14420157,缩量,低,情绪退潮,观望,资金撤退型,,D,回避：资金撤退,-0.0
002614,奥佳华,6.25,97.9,0.69,-62.6,2.08,5118003,2524829,-10831516,32053352,31374872,-18600692,放量,低,游资情绪,抢筹,资金观望型,资金+业绩共振(双击候选),B,关注：资金+业绩共振,88.7
002640,跨境通,3.79,163.5,3.15,83.0,4.89,209940150,205884129,214118010,-52681527,-58939490,23285540,放量,低,游资情绪,观望,资金观望型,,D,回避：资金观望,9.6
002638,勤上股份,4.31,-19.5,0.67,-48.3,4.52,23670304,3108924,-124911846,845395,3061806,-874521,缩量,低,情绪退潮,吸筹,资金观望型,纯资金炒作(亏损风险),C,谨慎：纯资金炒作,5.5
002641,公元股份,3.88,-19.1,0.91,-8.7,2.25,3305851,-5019835,-2393744,1416550,166772,-189831,缩量,低,情绪退潮,进场,资金观望型,资金+业绩共振(双击候选),B,关注：资金+业绩共振,72.8
002639,雪人集团,14.2,169.2,0.51,33.3,-0.41,-22556207,-195697105,102255037,9193890,7316584,19433743,放量,低,游资情绪,抢筹,资金观望型,机构吸筹+盈利(关注),C,谨慎：资金流入未验证业绩,47.9
002645,华宏科技,18.66,-42.5,0.89,-26.6,2.87,58559273,23378733,-131871567,45296721,40184068,-51729971,缩量,低,情绪退潮,进场,资金观望型,资金+业绩共振(双击候选),B,关注：资金+业绩共振,73.0
002649,博彦科技,9.42,-38.4,1.61,-54.7,1.25,5479573,-8615330,-81209934,6370588,-823530,-7951742,缩量,低,情绪退潮,进场,资金观望型,资金+业绩共振(双击候选),B,关注：资金+业绩共振,72.4
002660,茂硕电源,8.14,61.6,1.08,-54.4,-1.08,-3998150,-19880356,66577935,-401300,-1512471,5610738,放量,低,游资情绪,观望,长线吸筹型,,D,回避：资金观望,7.6
002661,克明食品,7.7,245.6,0.94,366.6,-6.8,-40018495,58190655,57873425,-1520990,2265509,7402268,放量,低,游资情绪,观望,资金观望型,,D,回避：资金观望,5.7
002668,TCL智家,8.96,-37.4,1.78,-8.0,2.46,19918600,2241571,21750631,-9517688,-11057487,-9540462,缩量,低,情绪退潮,观望,资金观望型,,D,回避：资金观望,0.8
002659,凯文教育,4.62,-54.4,1.14,-16.4,2.96,6605650,12277620,11020939,5748109,1867648,-1064653,缩量,低,情绪退潮,吸筹,趋势转多型,纯资金炒作(亏损风险),C,谨慎：纯资金炒作,5.0
002672,东江环保,3.66,-39.4,1.17,9.8,-1.67,-2337170,-6030019,-8146457,504390,-1044714,-1275713,缩量,低,情绪退潮,观望,资金撤退型,,D,回避：资金撤退,-0.6
002669,康达新材,14.47,150.2,1.45,289.9,-0.86,-27017617,11014068,-14131333,72311289,27550428,-83714890,放量,低,游资情绪,抢筹,资金观望型,机构吸筹+盈利(关注),C,谨慎：资金流入未验证业绩,47.7
002671,龙泉股份,4.04,-19.8,0.89,-2.7,0.91,1693365,3122952,1480706,7756,0,2124426,缩量,低,情绪退潮,进场,趋势转多型,资金+业绩共振(双击候选),B,关注：资金+业绩共振,72.3
002674,兴业科技,20.2,-68.5,16.89,4.2,1.19,11036180,-122334875,-202919619,15231337,475608,-16773326,缩量,低,情绪退潮,进场,资金观望型,资金+业绩共振(双击候选),B,关注：资金+业绩共振,72.4
002675,东诚药业,12.76,-28.7,0.71,0.2,-2.02,-5690486,-7931495,-17977903,8731409,3967559,-602432,缩量,低,情绪退潮,吸筹,资金撤退型,,C,谨慎：资金流入未验证业绩,23.3
002686,亿利达,6.27,-54.6,0.37,-77.7,-3.25,-7533154,-7070479,24625734,-6676607,-2641680,5102766,缩量,低,情绪退潮,观望,长线吸筹型,,D,回避：资金观望,-1.1
002687,乔治白,6.65,-17.9,1.67,-14.2,0.93,4042672,27786939,30705350,-5689563,-216868,10508252,缩量,低,情绪退潮,观望,均衡流入型,,D,回避：资金观望,0.3
002696,百洋股份,6.86,199.0,0.94,35.2,-0.86,-7680461,29215053,69327691,-16026231,2112,11629292,放量,低,游资情绪,观望,资金观望型,,D,回避：资金观望,7.7
002705,新宝股份,11.68,18.2,0.12,37.7,4.01,18036812,16098518,-9706529,-25814,-2120519,-711034,缩量,低,情绪退潮,观望,资金观望型,,D,回避：资金观望,1.3
002702,海欣食品,5.67,66.9,1.06,335.7,-3.21,-52187856,-108767352,-50898836,1646067,5734191,22041692,放量,低,游资情绪,观望,资金观望型,,D,回避：资金观望,6.9
002707,众信旅游,5.24,7.5,0.96,-23.6,-1.68,-8600623,-7724845,-56929636,2659417,5392344,11993420,缩量,低,情绪退潮,观望,资金观望型,,D,回避：资金观望,-0.6
002701,奥瑞金,4.41,-51.9,0.98,-38.2,6.03,21035909,38909504,79298753,8903390,4196767,-10103579,缩量,中,主力惜售,进场,主力强攻型,资金+业绩共振(双击候选),B,关注：资金+业绩共振,86.0
002721,金一文化,2.75,-15.0,2.03,-63.9,2.15,15347187,-23097689,289640085,-3357251,-4857643,6530705,缩量,低,情绪退潮,观望,资金观望型,,D,回避：资金观望,0.7
002723,小崧股份,7.69,-9.0,0.58,-2.8,-3.2,-12442264,-5861850,-10288273,-6206113,-8461568,10509176,缩量,低,情绪退潮,观望,资金观望型,,D,回避：资金观望,-1.1
002722,物产金轮,13.2,-34.3,0.5,-34.0,4.15,4918205,903420,1818950,-273653,863296,2378858,缩量,低,情绪退潮,观望,资金观望型,,D,回避：资金观望,1.4
002709,天赐材料,33.53,-68.3,0.48,-27.2,-1.11,-61077980,-416001012,-1521566321,61413283,56672291,-54698484,缩量,低,情绪退潮,吸筹,资金撤退型,机构吸筹+盈利(关注),C,谨慎：资金流入未验证业绩,23.6
002725,跃岭股份,11.25,-58.1,0.5,-3.9,-3.22,-6364353,-7051210,-22780371,1546715,1427232,2531477,缩量,低,情绪退潮,观望,资金撤退型,,D,回避：资金撤退,-1.1
002727,一心堂,11.07,-32.8,1.5,-33.9,1.03,2765987,2171773,-4037560,-884752,-262295,-408810,缩量,低,情绪退潮,观望,资金观望型,,D,回避：资金观望,0.3
002730,电光科技,23.61,-3.6,0.36,0.0,1.73,27399565,35871078,156618119,-47691282,-23896478,24435428,缩量,低,情绪退潮,观望,长线吸筹型,,D,回避：资金观望,0.6
002733,雄韬股份,18.12,-63.8,0.45,-13.3,-1.81,-17462497,-65646688,-88604725,-14703340,-10806930,8420446,缩量,低,情绪退潮,观望,资金撤退型,,D,回避：资金撤退,-0.6
002734,利民股份,19.32,129.4,0.49,66.0,4.92,122285340,62207224,221608608,-20600821,-23264562,35752129,放量,低,游资情绪,观望,资金观望型,,D,回避：资金观望,9.6
002735,王子新材,12.77,93.8,2.13,200.5,4.86,140957254,264197305,254694026,-40990412,-37757723,62386378,放量,低,游资情绪,观望,趋势转多型,,D,回避：资金观望,9.6
002739,儒意电影,8.69,-70.6,3.27,-7.8,-4.92,-74934512,-57500992,-122780698,19014435,2788399,-5922328,缩量,低,情绪退潮,观望,资金观望型,,D,回避：资金观望,-1.6
002745,木林森,12.32,-48.2,1.86,12.6,-3.93,-135528125,-59151416,-122512857,4035274,10407302,9971261,缩量,低,情绪退潮,观望,资金观望型,,D,回避：资金观望,-1.3
002742,冀衡医药,4.34,276.2,2.44,-65.7,-3.79,-22267101,-19336154,-415384453,1488461,-1977144,-8289910,放量,低,游资情绪,观望,资金观望型,,D,回避：资金观望,6.7
002736,国信证券,9.93,-46.7,0.75,-33.1,3.77,33533623,-31882459,-53642777,5006672,9847881,-4250507,缩量,低,情绪退潮,吸筹,资金观望型,资金+业绩共振(双击候选),B,关注：资金+业绩共振,65.3
002748,世龙实业,12.31,-1.4,0.81,-14.0,-4.83,-15034231,-26418523,-37302065,-4672385,-6727128,7006391,缩量,低,情绪退潮,观望,资金撤退型,,D,回避：资金撤退,-1.6
002737,葵花药业,11.51,-34.9,1.68,-50.3,-0.14,-285047,-1469135,39991310,1598766,1555742,-329612,缩量,低,情绪退潮,吸筹,长线吸筹型,纯资金炒作(亏损风险),C,谨慎：纯资金炒作,4.0
002747,埃斯顿,29.78,-76.7,18.78,-31.4,-0.29,-11451355,-137320672,-844730066,-23852492,10643691,49877573,缩量,低,情绪退潮,观望,资金撤退型,,D,回避：资金撤退,-0.1
002752,昇兴股份,6.2,-31.9,0.14,10.1,-1.72,-5751628,-20972823,-7273913,-9204967,-7147593,3175850,缩量,低,情绪退潮,观望,资金观望型,,D,回避：资金观望,-0.6
002749,国光股份,8.52,-49.2,1.16,-7.6,-12.3,-11419813,-10484910,-11165375,1460685,0,-1149773,缩量,低,情绪退潮,观望,资金观望型,,D,回避：资金观望,-4.1
002741,光华科技,26.39,9.6,1.53,51.4,0.66,30877475,29024891,-211867211,72629704,58040550,-102718524,缩量,低,情绪退潮,进场,资金观望型,资金+业绩共振(双击候选),B,关注：资金+业绩共振,72.2
002753,永东股份,6.87,161.6,0.61,93.6,4.11,22949277,29566397,14326246,-5089436,-3601341,8016997,放量,低,游资情绪,观望,趋势转多型,,D,回避：资金观望,9.4
002746,仙坛股份,6.54,-32.7,1.46,1.2,-5.93,-23089898,-100707215,-95068576,4203512,5241074,-537689,缩量,低,情绪退潮,吸筹,资金观望型,机构吸筹+盈利(关注),C,谨慎：资金流入未验证业绩,22.0
002761,浙江建投,7.42,5.8,1.04,-48.2,-1.32,-3889936,-39861670,19196776,-6705030,-906147,-837037,缩量,低,情绪退潮,观望,长线吸筹型,,D,回避：资金观望,-0.4
002760,凤形股份,17.53,-50.7,0.61,-43.0,-1.88,-4161198,-2292311,-7313091,1485477,1261142,-475379,缩量,低,情绪退潮,吸筹,资金观望型,机构吸筹+盈利(关注),C,谨慎：资金流入未验证业绩,23.4
002771,真视通,13.9,-9.3,0.37,-17.0,-0.94,-5884223,-4122879,-957017,-18267551,-12919373,10450754,缩量,低,情绪退潮,观望,资金观望型,,D,回避：资金观望,-0.3
002779,中坚科技,84.99,-6.2,1.55,-23.8,-2.18,-20764790,-15591077,130927808,-12565273,-11105732,12872863,缩量,低,情绪退潮,观望,长线吸筹型,,D,回避：资金观望,-0.7
002773,康弘药业,20.4,-24.9,1.04,-2.3,0.73,3399109,-3562199,-22461390,7494201,5667949,-5673055,缩量,低,情绪退潮,进场,资金观望型,资金+业绩共振(双击候选),B,关注：资金+业绩共振,72.2
002782,可立克,15.5,-37.3,0.93,-25.8,-2.84,-14206786,-26051884,-37673065,9957918,4635731,-13484013,缩量,低,情绪退潮,观望,资金撤退型,,D,回避：资金撤退,-0.9
002790,瑞尔特,6.6,808.4,0.47,605.2,-11.75,-195027497,-78408666,-80104302,-301809,-655709,6407158,放量,低,游资情绪,观望,资金观望型,,D,回避：资金观望,4.1
002780,三夫户外,14.92,149.6,1.23,61.0,4.99,40935875,36843617,34721110,9126384,6524393,-7594852,放量,低,游资情绪,进场,资金观望型,资金+业绩共振(双击候选),B,关注：资金+业绩共振,81.7
002793,罗欣药业,4.93,-23.0,0.75,-51.8,-1.32,-6132730,-10031137,39170568,11978681,17779884,10369059,缩量,低,情绪退潮,观望,长线吸筹型,,D,回避：资金观望,-0.4
002797,第一创业,6.38,-33.9,0.29,-40.7,-1.87,-19809036,-95454899,-60771024,-18384390,-22699934,846405,缩量,低,情绪退潮,观望,资金观望型,,D,回避：资金观望,-0.6
002787,华源控股,26.47,3.7,0.75,41.0,6.32,172431830,245475954,415423505,54593820,30516590,-77684963,缩量,中,主力惜售,进场,主力建仓型,资金+业绩共振(双击候选),B,关注：资金+业绩共振,86.1
002799,环球印务,6.86,1.7,0.49,-7.7,-0.01,-20856,423574,-2033479,-131551,0,175693,缩量,低,情绪退潮,观望,资金观望型,,D,回避：资金观望,-0.0
002792,通宇通讯,34.54,201.7,0.36,84.7,1.68,85924836,334727270,248863666,526520269,568539290,-339494815,放量,低,游资情绪,抢筹,趋势转多型,资金+业绩共振(双击候选),B,关注：资金+业绩共振,88.6
002788,鹭燕医药,11.47,-32.1,0.53,26.0,1.17,8616646,6233714,23015394,9263557,9747842,-1768151,缩量,低,情绪退潮,吸筹,资金观望型,资金+业绩共振(双击候选),B,关注：资金+业绩共振,64.4
002795,永和智控,8.04,202.3,0.48,86.3,4.16,44524212,56576872,84397249,23176299,50620806,-6402243,放量,低,游资情绪,抢筹,均衡流入型,纯资金炒作(亏损风险),C,谨慎：纯资金炒作,29.4
002796,世嘉科技,31.73,44.0,0.28,15.2,5.72,139814061,132382687,145628540,4520012,-3654409,-31606925,缩量,中,主力惜售,进场,资金观望型,纯资金炒作(亏损风险),C,谨慎：纯资金炒作,25.9
002800,天顺股份,15.01,-38.3,0.56,-43.9,1.55,2633041,-5532654,6356692,-1691057,-697788,2206358,缩量,低,情绪退潮,观望,长线吸筹型,,D,回避：资金观望,0.5
002802,洪汇新材,12.3,-16.4,0.15,-23.5,-0.28,-312353,-9223604,-3695211,-360643,-47832,-720711,缩量,低,情绪退潮,观望,资金观望型,,D,回避：资金观望,-0.1
002801,微光股份,26.69,-62.1,0.98,-21.6,-2.67,-2539304,4750163,17779375,504877,-533885,400454,缩量,低,情绪退潮,观望,高位分歧型,,D,回避：资金观望,-0.9
002803,吉宏股份,21.05,-17.0,0.66,-17.5,-3.2,-31757659,-51898285,-17605505,6594226,7245491,-11530249,缩量,低,情绪退潮,观望,资金观望型,,D,回避：资金观望,-1.1
002807,江阴银行,4.13,-14.8,0.65,-10.8,-4.98,-45384374,12652979,-17271005,15300269,11427868,-18745045,缩量,低,情绪退潮,观望,资金观望型,,D,回避：资金观望,-1.7
002813,路畅科技,22.02,-31.0,0.46,-17.0,1.87,2302573,-1196358,822801,-606386,-373751,930186,缩量,低,情绪退潮,观望,资金观望型,,D,回避：资金观望,0.6
002812,恩捷股份,48.19,-63.2,0.35,-26.5,-2.99,-91564786,-95581211,-852060318,33092267,23474851,-70824336,缩量,低,情绪退潮,观望,资金撤退型,,D,回避：资金撤退,-1.0
002819,东方中科,21.89,14.3,0.66,18.9,-4.21,-13199007,-2945740,-22820985,-2740832,-5920406,-1665573,缩量,低,情绪退潮,观望,资金观望型,,D,回避：资金观望,-1.4
002826,易明医药,17.45,-51.3,1.0,-29.7,-4.29,-10128258,-24862536,-25074535,-5826137,-2823559,12523967,缩量,低,情绪退潮,观望,资金撤退型,,D,回避：资金撤退,-1.4
002818,富森美,11.5,-2.2,1.28,0.9,2.63,5715582,32718514,33775184,7274408,2131607,-8881120,缩量,低,情绪退潮,进场,主力建仓型,资金+业绩共振(双击候选),B,关注：资金+业绩共振,72.9
002828,贝肯能源,11.17,-69.5,1.52,-29.7,-5.65,-25996212,-85911372,-62308449,-1327372,3612556,714247,缩量,低,情绪退潮,观望,资金观望型,,D,回避：资金观望,-1.9
002829,星网宇达,20.52,-66.9,2.15,-22.9,1.46,7625604,17651,-11309561,-6355257,-1014867,7641094,缩量,低,情绪退潮,观望,资金观望型,,D,回避：资金观望,0.5
002823,凯中精密,12.97,-45.2,0.89,-25.9,-1.1,-1902903,-15639940,-41857585,5339483,7001895,-4913610,缩量,低,情绪退潮,吸筹,资金撤退型,机构吸筹+盈利(关注),C,谨慎：资金流入未验证业绩,23.6
002821,凯莱英,190.99,-16.5,2.31,-1.2,2.08,197923079,253262689,422934113,84605858,36797055,-63581054,缩量,低,情绪退潮,进场,均衡流入型,资金+业绩共振(双击候选),B,关注：资金+业绩共振,72.7
002831,裕同科技,28.31,-53.4,0.98,-23.5,-2.37,-22811077,-78577906,-64057135,2738190,-1104358,-4710104,缩量,低,情绪退潮,观望,资金观望型,,D,回避：资金观望,-0.8
002842,翔鹭钨业,35.1,-46.5,1.14,-13.6,1.52,106996119,-44398842,-277662426,-70491559,-53061637,82723445,缩量,低,情绪退潮,观望,资金观望型,,D,回避：资金观望,0.5
002843,泰嘉股份,16.34,-72.0,0.32,-44.5,1.33,7699574,-2076267,32946075,-2691374,-503410,1514722,缩量,低,情绪退潮,观望,长线吸筹型,,D,回避：资金观望,0.4
002855,捷荣技术,13.23,462.1,0.53,-30.7,-2.8,-32926520,-58636180,32665199,-17186836,-15997985,23753932,放量,低,游资情绪,观望,长线吸筹型,,D,回避：资金观望,7.1
002851,麦格米特,124.8,-39.9,2.18,-17.5,0.82,131496952,771079575,1680626389,-93314571,-101564252,112338293,缩量,低,情绪退潮,观望,均衡流入型,,D,回避：资金观望,0.3
002845,同兴达,14.49,-38.5,1.37,10.3,1.52,7886608,-3623883,-21944053,25606883,13565650,-22968120,缩量,低,情绪退潮,进场,资金观望型,资金+业绩共振(双击候选),B,关注：资金+业绩共振,72.5
002857,三晖电气,17.84,-28.0,1.14,-10.9,-2.34,-3645494,-15785685,-12244771,536900,1032513,-3041462,缩量,低,情绪退潮,观望,资金观望型,,D,回避：资金观望,-0.8
002847,盐津铺子,43.98,-44.6,1.44,-4.2,-1.41,-6861949,-1835926,-24581029,10748963,10103556,-8460596,缩量,低,情绪退潮,吸筹,资金观望型,机构吸筹+盈利(关注),C,谨慎：资金流入未验证业绩,23.5
002859,洁美科技,68.2,-20.1,2.97,16.6,3.63,203996172,160442530,-24947885,-55985168,-2874158,20320413,缩量,低,情绪退潮,观望,资金观望型,,D,回避：资金观望,1.2
002861,瀛通通讯,14.85,-57.9,1.46,-12.7,-3.29,-10670290,-38950235,-72229171,4433289,-651524,-2455294,缩量,低,情绪退潮,观望,资金撤退型,,D,回避：资金撤退,-1.1
002864,盘龙药业,21.43,-37.0,1.43,-27.0,-2.58,-5061001,-13527416,-36203229,-395009,3231952,7991053,缩量,低,情绪退潮,观望,资金撤退型,,D,回避：资金撤退,-0.9
002867,周大生,10.33,-37.0,1.3,-60.5,-2.97,-8702983,-75902078,-28054695,-1000994,-4478982,-1747520,缩量,低,情绪退潮,观望,长线吸筹型,,D,回避：资金观望,-1.0
002871,伟隆股份,17.95,-44.6,2.23,-41.0,-0.21,-443981,-40590751,-36119012,-147133,-2049225,-4319556,缩量,低,情绪退潮,观望,资金观望型,,D,回避：资金观望,-0.1
002870,香山股份,48.96,2.4,2.07,-22.6,-0.26,-3463236,22407018,-30241619,-14433192,-9015747,14132069,缩量,低,情绪退潮,观望,资金观望型,,D,回避：资金观望,-0.1
002875,安奈儿,13.23,-43.2,0.31,-35.9,-6.56,-15236814,-15367432,9708685,-2331825,148686,5282592,缩量,低,情绪退潮,观望,长线吸筹型,,D,回避：资金观望,-2.2
002865,钧达股份,38.8,-51.0,0.5,-9.5,0.7,7774963,1936794,-105217446,9156255,9875125,-22782621,缩量,低,情绪退潮,进场,资金观望型,纯资金炒作(亏损风险),C,谨慎：纯资金炒作,12.2
002866,传艺科技,14.52,-64.3,0.13,-8.6,-0.08,-277444,-1661815,-34046906,1638407,1244260,-279153,缩量,低,情绪退潮,吸筹,资金撤退型,机构吸筹+盈利(关注),C,谨慎：资金流入未验证业绩,24.0
002880,卫光生物,21.64,38.7,1.06,-66.7,-0.97,-1856659,-22022786,22121607,1150753,3539780,892391,缩量,低,情绪退潮,观望,长线吸筹型,,D,回避：资金观望,-0.3
002878,元隆雅图,12.66,-52.8,0.48,-31.5,-2.79,-6134161,-17147829,-23371545,186138,1172377,2627416,缩量,低,情绪退潮,观望,资金撤退型,,D,回避：资金撤退,-0.9
002885,京泉华,29.12,-14.7,0.7,36.3,-3.76,-79588306,101569231,132890530,34981672,17073521,-43923324,缩量,低,情绪退潮,观望,资金观望型,,D,回避：资金观望,-1.3
002879,长缆科技,16.83,-57.2,2.23,-34.2,-2.15,-10442135,-31283692,1158281,27241963,31525554,-17957492,缩量,低,情绪退潮,吸筹,长线吸筹型,,C,谨慎：资金流入未验证业绩,23.3
002893,京能热力,10.4,21.7,0.48,15.0,-3.44,-22360753,-32872900,39760947,-1955762,-324143,2856019,缩量,低,情绪退潮,观望,长线吸筹型,,D,回避：资金观望,-1.1
002899,英派斯,20.87,31.8,0.84,10.0,-1.31,-5589711,13121893,-4697804,-1139284,-1252966,7025020,缩量,低,情绪退潮,观望,资金观望型,,D,回避：资金观望,-0.4
002896,中大力德,61.5,-65.6,3.3,-39.3,-4.56,-63050864,-109818138,-284971531,-12813146,-5311902,5572634,缩量,低,情绪退潮,观望,资金撤退型,,D,回避：资金撤退,-1.5
002897,意华股份,70.52,21.5,1.09,140.1,2.06,157744629,570206625,732710060,7022326,4034964,-29890034,缩量,低,情绪退潮,进场,主力建仓型,资金+业绩共振(双击候选),B,关注：资金+业绩共振,72.7
002912,中新赛克,23.98,563.9,0.59,661.5,-4.7,-165163933,-80767504,-95058224,-12040984,-19898281,11253450,放量,低,游资情绪,观望,资金观望型,,D,回避：资金观望,6.4
002902,铭普光磁,30.2,200.0,0.53,135.5,7.17,434065022,1002673082,1135490971,-291588346,-276935159,228628526,放量,中,主力偏强放量,进场,主力强攻型,纯资金炒作(亏损风险),C,谨慎：纯资金炒作,30.4
002905,金逸影视,9.04,67.4,0.84,-17.6,-1.97,-5350130,-10273767,-18051612,5597844,4654805,-10500054,放量,低,游资情绪,抢筹,资金撤退型,机构吸筹+盈利(关注),C,谨慎：资金流入未验证业绩,47.3
002903,宇环数控,31.5,-15.9,1.12,-30.1,3.48,73358458,25472042,-3444525,10284091,7337529,2175672,缩量,低,情绪退潮,进场,资金观望型,纯资金炒作(亏损风险),C,谨慎：纯资金炒作,13.2
002916,深南电路,395.02,-39.8,1.3,30.5,-4.91,-764344024,783742952,1093334019,287848078,175870920,-242007612,缩量,低,情绪退潮,观望,资金观望型,,D,回避：资金观望,-1.6
002915,中欣氟材,17.46,-63.4,1.34,-32.1,-3.38,-17335530,-18964190,43767167,-104463,-6427535,-1267462,缩量,低,情绪退潮,观望,长线吸筹型,,D,回避：资金观望,-1.1
002907,华森制药,15.25,219.7,3.01,-53.2,-1.77,-12572489,-65804781,-91538874,68344693,61783240,-57697671,放量,低,游资情绪,抢筹,资金撤退型,,C,谨慎：资金流入未验证业绩,47.4
002906,华阳集团,27.78,-9.2,0.53,-62.7,-1.43,-11475935,-90045337,-90274022,9754308,9254158,-5676276,缩量,低,情绪退潮,吸筹,资金撤退型,机构吸筹+盈利(关注),C,谨慎：资金流入未验证业绩,23.5
002909,集泰股份,6.87,1152.7,0.74,94.4,-4.16,-81671134,-27115001,-117672265,50831828,61186484,-16799791,放量,低,游资情绪,抢筹,资金观望型,纯资金炒作(亏损风险),C,谨慎：纯资金炒作,26.6
002917,金奥博,10.39,-33.1,0.82,-5.2,-2.76,-4124530,-2869261,-21293119,1536946,660635,-676502,缩量,低,情绪退潮,观望,资金观望型,,D,回避：资金观望,-0.9
002919,名臣健康,17.03,-50.3,0.6,-21.4,-3.52,-7433332,-13065254,-14967044,1381129,-278206,6074998,缩量,低,情绪退潮,观望,资金撤退型,,D,回避：资金撤退,-1.2
002921,联诚精密,20.72,-63.8,0.8,-44.6,-0.91,-3141142,-20579376,9218514,-3887145,121265,8013240,缩量,低,情绪退潮,观望,长线吸筹型,,D,回避：资金观望,-0.3
002922,伊戈尔,23.62,-35.3,0.52,-24.6,-0.81,-10856173,-120273342,-8527964,-16518456,-27143052,8625808,缩量,低,情绪退潮,观望,长线吸筹型,,D,回避：资金观望,-0.3
002925,盈趣科技,24.8,-21.1,2.37,14.8,-1.74,-28150747,-74146265,-70013448,-20105462,-20449951,23211594,缩量,低,情绪退潮,观望,资金观望型,,D,回避：资金观望,-0.6
002918,蒙娜丽莎,11.31,110.1,1.9,-8.2,7.97,92085963,78914121,132195063,22869398,9083093,-40619328,放量,中,主力偏强放量,进场,资金观望型,资金+业绩共振(双击候选),B,关注：资金+业绩共振,90.7
002933,新兴装备,27.69,22.2,0.76,-7.1,0.15,310757,-11266312,-30049821,-4888607,-3883314,3653100,缩量,低,情绪退潮,观望,资金观望型,,D,回避：资金观望,0.0
002935,天奥电子,16.12,-61.6,0.4,7.4,-2.33,-9266908,-14199107,-38746983,-2266649,-908995,260554,缩量,低,情绪退潮,观望,资金撤退型,,D,回避：资金撤退,-0.8
002926,华西证券,8.39,16.3,0.72,-40.1,2.62,13764741,22692077,43063436,9112811,13493287,-7533954,缩量,低,情绪退潮,吸筹,均衡流入型,资金+业绩共振(双击候选),B,关注：资金+业绩共振,64.9
002928,华夏航空,6.51,-38.7,1.27,0.6,-3.86,-24181327,-59032953,-76929739,1474155,3852666,-1536832,缩量,低,情绪退潮,吸筹,资金撤退型,机构吸筹+盈利(关注),C,谨慎：资金流入未验证业绩,22.7
002929,润建股份,52.29,-69.6,1.2,-21.6,2.97,54638859,-70834678,-183283099,3037952,3324006,5516381,缩量,低,情绪退潮,进场,资金观望型,资金+业绩共振(双击候选),B,关注：资金+业绩共振,73.0
002937,兴瑞科技,27.37,-52.1,1.16,-46.0,-9.44,-65628708,-103245223,-45438055,-7082612,-2933821,5188291,缩量,低,情绪退潮,观望,长线吸筹型,,D,回避：资金观望,-3.1
002936,郑州银行,1.75,-40.9,2.05,1.8,6.1,49402015,69687983,38783330,15398435,15306829,-12324962,缩量,中,主力惜售,吸筹,短线抢筹型,资金+业绩共振(双击候选),B,关注：资金+业绩共振,78.0
002938,鹏鼎控股,90.5,-41.0,0.91,20.2,-2.64,-249645629,199669890,802781405,-34531922,-8326662,53586866,缩量,低,情绪退潮,观望,高位分歧型,,D,回避：资金观望,-0.9
002942,新农股份,16.95,194.1,0.53,-53.3,-2.74,-10486638,-67457518,-153691159,-1214265,-1058596,3597448,放量,低,游资情绪,观望,资金撤退型,,D,回避：资金撤退,7.1
002948,青岛银行,6.07,-19.0,0.89,-14.0,-2.92,-28942897,-150554305,-154262255,7791264,4238284,-11052466,缩量,低,情绪退潮,观望,资金撤退型,,D,回避：资金撤退,-1.0
002949,华阳国际,13.24,291.1,0.42,-60.6,3.65,14890712,-29100734,134450093,-3535740,-5178817,367597,放量,低,游资情绪,观望,资金观望型,,D,回避：资金观望,9.2
002945,华林证券,14.63,37.4,1.29,-45.7,3.72,32105715,-684578,162511869,3394218,963698,402962,缩量,低,情绪退潮,进场,资金观望型,资金+业绩共振(双击候选),B,关注：资金+业绩共振,73.2
002950,奥美医疗,8.61,-10.3,0.21,-10.1,-2.55,-6256316,-1151016,-33924360,-5785534,-3934662,5809460,缩量,低,情绪退潮,观望,资金观望型,,D,回避：资金观望,-0.8
002943,宇晶股份,31.06,-53.4,0.44,-40.3,1.95,20772645,815454,-30159213,24323119,7932368,-15336009,缩量,低,情绪退潮,进场,资金观望型,资金+业绩共振(双击候选),B,关注：资金+业绩共振,72.7
002951,金时科技,16.13,-61.2,0.94,-35.9,-0.88,-1892688,-2359466,-19216983,-4123366,-1791386,5049278,缩量,低,情绪退潮,观望,资金撤退型,,D,回避：资金撤退,-0.3
002946,新乳业,14.46,-58.8,1.39,-39.3,0.84,2057914,-8822365,2129416,1048178,40579,-1632480,缩量,低,情绪退潮,进场,资金观望型,资金+业绩共振(双击候选),B,关注：资金+业绩共振,72.3
002960,青鸟智控,8.93,21.4,0.39,18.1,1.22,4330299,-5499642,-18556026,-6277472,9751447,10957681,缩量,低,情绪退潮,观望,资金观望型,,D,回避：资金观望,0.4
002957,科瑞技术,42.88,35.4,0.53,19.1,4.01,162139542,252569284,84208588,98295905,32558829,-150047343,缩量,低,情绪退潮,进场,趋势转多型,资金+业绩共振(双击候选),B,关注：资金+业绩共振,73.3
002967,广电计量,17.2,-54.8,0.45,-20.6,-3.76,-9597787,-17171113,-40124573,1569177,-54329,-64630,缩量,低,情绪退潮,观望,资金撤退型,,D,回避：资金撤退,-1.3
002961,瑞达期货,21.46,196.1,0.58,12.9,7.13,118845739,110574630,147308549,10108899,11156105,-753019,放量,中,主力偏强放量,吸筹,资金观望型,,C,谨慎：资金流入未验证业绩,42.4
002981,朝阳科技,26.51,170.8,1.04,119.2,-3.44,-23659959,-18139143,-21781160,-16944116,-9293876,32669824,放量,低,游资情绪,观望,资金观望型,,D,回避：资金观望,6.9
002979,雷赛智能,54.39,-72.8,2.66,-42.5,-0.77,-10915105,-130216399,-285780707,-14378936,-1895385,34107461,缩量,低,情绪退潮,观望,资金撤退型,,D,回避：资金撤退,-0.3
002982,湘佳股份,12.58,-29.5,0.27,2.3,-0.51,-993891,-14580495,-10289570,-2057639,649340,-875076,缩量,低,情绪退潮,观望,资金观望型,,D,回避：资金观望,-0.2
002991,甘源食品,38.07,-21.6,0.51,-24.5,-3.74,-4322134,-1237557,-18738413,-255140,-981947,3109312,缩量,低,情绪退潮,观望,资金观望型,,D,回避：资金观望,-1.2
002989,中天精装,24.81,-21.0,2.0,-5.3,2.26,15870787,10411690,25410688,5815600,-5108880,-2216169,缩量,低,情绪退潮,进场,资金观望型,纯资金炒作(亏损风险),C,谨慎：纯资金炒作,12.8
003003,天元股份,10.86,-13.5,0.86,6.6,1.17,2011585,-2507624,-3222021,-2624323,-525380,3700574,缩量,低,情绪退潮,观望,资金观望型,,D,回避：资金观望,0.4
003005,竞业达,15.0,259.6,1.39,-12.1,-2.78,-27462585,-95670805,-162659795,-11001413,-4279972,7294390,放量,低,游资情绪,观望,资金撤退型,,D,回避：资金撤退,7.1
002999,天禾股份,6.53,251.4,0.17,33.3,-3.73,-22077179,-4468113,34948907,2208967,5886016,-3222153,放量,低,游资情绪,吸筹,资金观望型,机构吸筹+盈利(关注),C,谨慎：资金流入未验证业绩,30.8
003008,开普检测,19.37,-0.8,0.41,17.7,-2.69,-3356584,-1190477,-3243024,280658,0,-1457621,缩量,低,情绪退潮,观望,资金观望型,,D,回避：资金观望,-0.9
003002,壶化股份,16.76,177.5,0.61,219.3,-6.49,-58519275,27855723,36979094,5295592,1322875,-346811,放量,低,游资情绪,吸筹,资金观望型,机构吸筹+盈利(关注),C,谨慎：资金流入未验证业绩,29.8
003012,东鹏控股,4.62,-10.6,0.98,-18.0,2.36,3607271,12950394,-3658079,-519572,-1213554,1046699,缩量,低,情绪退潮,观望,趋势转多型,,D,回避：资金观望,0.8
003017,大洋生物,23.04,-12.8,0.62,-25.7,-0.01,-18975,2557796,1540860,598979,-569088,4520795,缩量,低,情绪退潮,观望,资金观望型,,D,回避：资金观望,-0.0
003010,若羽臣,29.43,-45.7,1.94,-54.8,1.22,9902616,-46037211,-41802698,3632127,708853,1794744,缩量,低,情绪退潮,进场,资金观望型,资金+业绩共振(双击候选),B,关注：资金+业绩共振,72.4
003015,日久光电,12.63,-28.5,0.75,4.3,2.65,7248347,3301114,-5962129,-4114233,-4709341,3146399,缩量,低,情绪退潮,观望,资金观望型,,D,回避：资金观望,0.9
003018,金富科技,49.72,20.3,0.5,-42.2,3.2,106279386,-102599326,656879636,-34583048,-36767370,17941098,缩量,低,情绪退潮,观望,资金观望型,,D,回避：资金观望,1.1
003020,立方制药,17.66,-63.8,7.15,-42.9,2.14,6129876,804498,-27317622,-8973756,-8370367,10705095,缩量,低,情绪退潮,观望,资金观望型,,D,回避：资金观望,0.7
003023,彩虹集团,25.65,-46.2,0.32,-48.2,-0.72,-1389838,4108368,56049246,-755191,27771,-383437,缩量,低,情绪退潮,观望,高位分歧型,,D,回避：资金观望,-0.2
003029,吉大正元,17.95,28.4,1.1,195.5,1.41,10242817,72070561,69009763,-5727965,-3293248,7670999,缩量,低,情绪退潮,观望,趋势转多型,,D,回避：资金观望,0.5
003022,联泓新科,19.72,-50.7,0.35,-5.2,0.3,2457578,-17432471,-32651447,625157,5137926,-15459415,缩量,低,情绪退潮,进场,资金观望型,资金+业绩共振(双击候选),B,关注：资金+业绩共振,72.1
003025,思进智能,12.1,-67.9,1.58,-28.1,0.67,800226,-4932473,-11857530,2218064,3074380,-1998753,缩量,低,情绪退潮,吸筹,资金观望型,资金+业绩共振(双击候选),B,关注：资金+业绩共振,64.2
003033,征和工业,85.26,71.6,2.36,158.9,2.87,33129716,37458835,49838782,-20782597,-11287231,32610106,放量,低,游资情绪,观望,均衡流入型,,D,回避：资金观望,9.0
003026,中晶科技,37.89,228.2,1.2,349.2,1.69,95640959,96234881,59004996,59154673,33030668,-70280272,放量,低,游资情绪,抢筹,趋势转多型,资金+业绩共振(双击候选),B,关注：资金+业绩共振,88.6
003028,振邦智能,23.77,39.8,0.63,45.5,0.55,1060135,-258253,-2970637,2098769,2607630,-127124,缩量,低,情绪退潮,吸筹,资金观望型,资金+业绩共振(双击候选),B,关注：资金+业绩共振,64.2
003036,泰坦股份,54.01,-12.1,0.78,-6.3,1.21,24914692,-16893304,169013609,-56782805,-40949703,51222504,缩量,低,情绪退潮,观望,长线吸筹型,,D,回避：资金观望,0.4
003031,中瓷电子,136.95,35.0,0.7,25.6,0.94,85607526,279320350,-270351914,41664010,62755977,-64675540,缩量,低,情绪退潮,进场,趋势转多型,资金+业绩共振(双击候选),B,关注：资金+业绩共振,72.3
003039,顺控发展,13.12,141.4,0.38,33.3,-9.13,-60228634,-24720510,11030838,6178797,6560322,-1188591,放量,低,游资情绪,吸筹,资金观望型,机构吸筹+盈利(关注),C,谨慎：资金流入未验证业绩,29.0
003038,鑫铂股份,10.77,-24.1,0.49,4.5,3.93,5724657,5722548,5485338,-549831,1147987,-991726,缩量,低,情绪退潮,吸筹,资金观望型,纯资金炒作(亏损风险),C,谨慎：纯资金炒作,5.3
003037,三和管桩,5.83,-40.2,1.1,15.8,-4.59,-4525862,-7795136,-8776968,2829407,2996666,-1994488,缩量,低,情绪退潮,吸筹,资金撤退型,机构吸筹+盈利(关注),C,谨慎：资金流入未验证业绩,22.5
003042,中农联合,14.4,-10.6,0.56,-35.8,-3.03,-6266172,-5302378,-22259745,661141,-639709,-2731067,缩量,低,情绪退潮,观望,资金观望型,,D,回避：资金观望,-1.0
003816,中国广核,4.23,-11.9,0.75,-32.1,0.66,12801373,56444288,-261054421,-34783561,-16081503,-1509127,缩量,低,情绪退潮,观望,趋势转多型,,D,回避：资金观望,0.2
600011,华能国际,6.79,-76.2,1.27,7.1,-6.55,-114467694,-123460923,-207455114,-27919357,-8689000,17928397,缩量,低,情绪退潮,观望,资金撤退型,,D,回避：资金撤退,-2.2
600006,东风股份,5.32,-22.5,0.79,45.0,4.52,19477126,-13970410,-28340370,6074517,4458904,957013,缩量,低,情绪退潮,进场,资金观望型,纯资金炒作(亏损风险),C,谨慎：纯资金炒作,13.5
600010,包钢股份,2.15,-36.3,0.47,-23.1,-3.51,-96725765,-264849295,-409969901,72219480,86785992,-16927310,缩量,低,情绪退潮,吸筹,资金撤退型,机构吸筹+盈利(关注),C,谨慎：资金流入未验证业绩,22.8
600017,日照港,2.83,-4.6,1.07,-38.8,1.35,5804600,12359817,5396827,919214,546942,-332575,缩量,低,情绪退潮,吸筹,趋势转多型,资金+业绩共振(双击候选),B,关注：资金+业绩共振,64.5
600018,上港集团,5.43,-12.5,2.14,-31.1,5.64,71809931,63239220,-59087414,-14984921,-3964034,13894018,缩量,中,主力惜售,进场,资金观望型,资金+业绩共振(双击候选),B,关注：资金+业绩共振,85.9
600020,中原高速,3.84,-30.5,1.01,-31.3,12.82,29868906,41298698,23342214,3886677,2471466,-2845221,缩量,高,主力控盘,控盘,短线抢筹型,控盘+盈利(稳健),B,关注：控盘稳健+盈利,72.3
600026,中远海能,22.92,94.6,0.8,37.0,-0.11,-9881897,416787033,459831369,124953068,167555707,-143691862,放量,低,游资情绪,抢筹,资金观望型,机构吸筹+盈利(关注),C,谨慎：资金流入未验证业绩,48.0
600029,南方航空,4.95,-44.1,0.77,-4.3,-1.03,-11012362,-83585874,-48838249,6063661,10746078,-758482,缩量,低,情绪退潮,吸筹,资金观望型,机构吸筹+盈利(关注),C,谨慎：资金流入未验证业绩,23.7
600035,楚天高速,3.66,-29.9,1.46,-53.6,6.65,14109780,8686321,-47893709,6035097,3841985,-6157232,缩量,中,主力惜售,进场,资金观望型,资金+业绩共振(双击候选),B,关注：资金+业绩共振,86.2
600052,东望时代,3.74,-13.5,0.14,34.3,4.58,16069612,-10944530,-31858430,-1952996,2669345,2405621,缩量,低,情绪退潮,观望,资金观望型,,D,回避：资金观望,1.5
600037,歌华有线,7.09,9.6,1.44,-29.6,4.37,19982840,41615456,76259177,20280445,11074064,-14779994,缩量,低,情绪退潮,进场,主力建仓型,资金+业绩共振(双击候选),B,关注：资金+业绩共振,73.5
600036,招商银行,41.04,-41.9,1.45,-23.7,-7.79,-854980521,-1581552136,-892278188,28025596,36781902,-33500142,缩量,低,情绪退潮,吸筹,资金观望型,机构吸筹+盈利(关注),C,谨慎：资金流入未验证业绩,21.4
600056,中国医药,9.1,-37.5,0.89,-30.7,-2.04,-6363608,-17765406,-62382120,6832898,-2340802,-9371303,缩量,低,情绪退潮,观望,资金撤退型,,D,回避：资金撤退,-0.7
600057,厦门象屿,6.15,-7.0,0.38,6.7,1.08,5880073,24821397,114981759,7709454,5926430,-1321969,缩量,低,情绪退潮,吸筹,均衡流入型,资金+业绩共振(双击候选),B,关注：资金+业绩共振,64.4
600059,古越龙山,11.48,1567.1,0.78,184.8,4.29,176109421,268904893,420701107,63339573,43408921,-13385327,放量,低,游资情绪,吸筹,主力建仓型,资金+业绩共振(双击候选),B,关注：资金+业绩共振,73.4
600066,宇通客车,25.73,78.1,0.75,21.6,-1.57,-42268649,-274595438,-253821033,-65376822,-79139795,61962907,放量,低,游资情绪,观望,资金观望型,,D,回避：资金观望,7.5
600071,凤凰光学,16.79,-4.8,0.55,-23.8,-1.39,-2758867,-6229578,-7337114,-782005,-477996,3647505,缩量,低,情绪退潮,观望,资金撤退型,,D,回避：资金撤退,-0.5
600072,中船科技,9.06,-22.3,0.36,64.2,-8.62,-68177220,-76202495,-72558048,7217294,2216780,7322430,缩量,低,情绪退潮,观望,资金观望型,,D,回避：资金观望,-2.9
600063,皖维高新,5.66,-46.1,2.08,-13.5,-6.48,-54818173,-67872896,-218039261,33127648,32546732,-31531430,缩量,低,情绪退潮,吸筹,资金撤退型,机构吸筹+盈利(关注),C,谨慎：资金流入未验证业绩,21.8
600078,澄星股份,10.36,-68.0,0.76,-37.2,-10.61,-48687253,-106799763,-128733559,2359110,4323834,-5043416,缩量,低,情绪退潮,观望,资金撤退型,,D,回避：资金撤退,-3.5
600064,南京高科,7.81,-5.1,0.63,4.2,3.77,21087642,50505927,45815538,15903694,8183064,-20998800,缩量,低,情绪退潮,进场,趋势转多型,资金+业绩共振(双击候选),B,关注：资金+业绩共振,73.3
600076,康欣新材,2.3,80.1,1.86,184.5,-11.37,-66057536,-161029371,-167250387,4975307,9008883,-4019173,放量,低,游资情绪,吸筹,资金撤退型,纯资金炒作(亏损风险),C,谨慎：纯资金炒作,8.2
600088,中视传媒,14.81,902.0,1.46,425.9,2.28,96897462,164571645,215453451,-9698823,8260022,23027892,放量,低,游资情绪,观望,均衡流入型,,D,回避：资金观望,8.8
600089,特变电工,18.3,-70.0,0.63,-6.3,-10.28,-419714682,-478411235,-1458735940,6234207,15137252,1768404,缩量,低,情绪退潮,观望,资金撤退型,,D,回避：资金撤退,-3.4
600097,开创国际,9.4,19.4,0.83,62.0,-1.3,-2352119,-15751070,-21071048,-2569620,0,2385120,缩量,低,情绪退潮,观望,资金撤退型,,D,回避：资金撤退,-0.4
600096,XD云天化,28.28,-57.2,0.39,-27.5,-6.15,-179745986,-594555915,-604920510,14709918,20010474,-3923684,缩量,低,情绪退潮,吸筹,资金撤退型,机构吸筹+盈利(关注),C,谨慎：资金流入未验证业绩,21.9
600095,湘财股份,9.07,66.7,1.53,-56.1,1.12,27281366,-242869457,390489472,80562758,60445647,-64033610,放量,低,游资情绪,抢筹,长线吸筹型,资金+业绩共振(双击候选),B,关注：资金+业绩共振,88.4
600104,上汽集团,11.06,-40.1,1.23,149.3,-7.94,-258433557,558531531,676289233,10825373,14081110,2320734,缩量,低,情绪退潮,观望,资金观望型,,D,回避：资金观望,-2.6
600099,林海股份,9.21,-36.6,0.47,-12.6,0.55,666003,-704900,-2956202,538528,0,-1793892,缩量,低,情绪退潮,进场,资金观望型,资金+业绩共振(双击候选),B,关注：资金+业绩共振,72.2
600108,亚盛集团,4.37,433.2,0.67,160.8,-3.24,-226785094,-859390164,-432397824,-24198355,867090,40552552,放量,低,游资情绪,观望,资金观望型,,D,回避：资金观望,6.9
600113,浙江东日,30.29,-60.8,1.87,77.3,-1.97,-12465727,20690202,-10494577,-5197884,-3628323,-2009924,缩量,低,情绪退潮,观望,资金观望型,,D,回避：资金观望,-0.7
600115,中国东航,3.45,-29.5,1.08,-1.8,1.12,28689993,-43232528,55103889,-24301193,-7653584,35324086,缩量,低,情绪退潮,观望,资金观望型,,D,回避：资金观望,0.4
600118,中国卫星,58.99,-61.3,0.48,7.3,-2.05,-129897286,-57980544,-1106217341,-67273334,-55866608,21522435,缩量,低,情绪退潮,观望,资金观望型,,D,回避：资金观望,-0.7
600126,杭钢股份,6.24,-67.3,0.19,-30.1,-5.84,-45329453,-59544512,-270974454,11152242,5743989,2842287,缩量,低,情绪退潮,观望,资金撤退型,,D,回避：资金撤退,-1.9
600117,西宁特钢,2.21,-16.1,1.13,-14.4,11.77,15393572,16515758,25796283,1976298,-502298,-2098595,缩量,高,主力控盘,控盘,均衡流入型,控盘+亏损(警惕),C,谨慎：控盘但亏损,27.9
600128,苏豪弘业,8.56,-13.4,0.75,-31.4,2.25,2755711,-72595,5188496,-254930,343981,456642,缩量,低,情绪退潮,观望,资金观望型,,D,回避：资金观望,0.8
600125,铁龙物流,5.34,-24.5,0.59,-29.0,7.62,16800978,-509517,-35336809,4925654,7396693,-4485421,缩量,中,主力惜售,吸筹,资金观望型,资金+业绩共振(双击候选),B,关注：资金+业绩共振,78.5
600132,重庆啤酒,38.11,-51.9,0.85,-24.7,-1.9,-9064703,-24670646,-43114893,5459776,-1253026,-3082322,缩量,低,情绪退潮,观望,资金撤退型,,D,回避：资金撤退,-0.6
600127,金健米业,15.75,2700.1,0.62,15.6,5.98,849440828,635928926,580252622,112895310,154795703,-66342888,放量,中,主力偏强放量,吸筹,资金观望型,资金+业绩共振(双击候选),B,关注：资金+业绩共振,82.0
600141,兴发集团,29.4,-73.4,1.64,-25.0,-1.96,-43841210,-124509630,-181779658,-24533437,-23207116,9175802,缩量,低,情绪退潮,观望,资金撤退型,,D,回避：资金撤退,-0.7
600149,廊坊发展,5.03,-29.3,0.31,-3.7,0.04,77739,-1088672,14066362,-72516,441073,-818580,缩量,低,情绪退潮,观望,长线吸筹型,,D,回避：资金观望,0.0
600152,维科技术,7.94,-52.6,0.14,-26.9,-3.78,-17366121,-17320100,-2431495,3639291,-1197839,2869464,缩量,低,情绪退潮,观望,资金观望型,,D,回避：资金观望,-1.3
600143,金发科技,13.41,-56.1,1.1,-9.6,-6.06,-91828442,-196517798,-499935621,50117289,54502605,-24519225,缩量,低,情绪退潮,吸筹,资金撤退型,机构吸筹+盈利(关注),C,谨慎：资金流入未验证业绩,22.0
600150,中国船舶,41.02,37.8,0.58,29.9,-3.37,-757390837,-1852261323,412718884,711872367,648449001,-582867236,缩量,低,情绪退潮,吸筹,长线吸筹型,机构吸筹+盈利(关注),C,谨慎：资金流入未验证业绩,22.9
600162,香江控股,4.73,-26.5,12.11,-43.5,1.1,21949436,165465233,168618535,-10408119,-4933832,21735966,缩量,低,情绪退潮,观望,均衡流入型,,D,回避：资金观望,0.4
600173,卧龙新能,6.01,-42.8,0.42,-17.0,-0.98,-1132700,-6220120,-10025159,39125,427993,652123,缩量,低,情绪退潮,观望,资金撤退型,,D,回避：资金撤退,-0.3
600178,东安动力,9.64,-59.5,1.58,-29.1,-7.37,-14709965,-37826119,-35725897,-3222252,-2486106,2107971,缩量,低,情绪退潮,观望,资金观望型,,D,回避：资金观望,-2.5
600182,S佳通,12.78,-49.9,0.91,-13.9,3.88,3898335,-8831099,-16285923,-1457723,-1330449,2340604,缩量,低,情绪退潮,观望,资金观望型,,D,回避：资金观望,1.3
600179,安通控股,4.58,-50.0,1.34,-34.4,-3.67,-21913037,-23195074,-125679702,-13360934,-9326593,9125027,缩量,低,情绪退潮,观望,资金撤退型,,D,回避：资金撤退,-1.2
600170,上海建工,2.25,30.5,0.9,-3.8,3.36,43178683,7269780,42066868,22025146,29445694,-9582954,缩量,低,情绪退潮,吸筹,资金观望型,资金+业绩共振(双击候选),B,关注：资金+业绩共振,65.1
600191,华资实业,9.91,40.2,0.67,13.0,-3.21,-12943111,-3684621,-15982248,-2388607,3581341,776607,缩量,低,情绪退潮,观望,资金观望型,,D,回避：资金观望,-1.1
600189,泉阳泉,8.27,27.2,0.95,-0.5,-3.68,-15660379,-11472568,-10437843,1892104,7204008,6605377,缩量,低,情绪退潮,观望,资金观望型,,D,回避：资金观望,-1.2
600199,金种子酒,7.32,-36.0,3.16,-37.0,-3.35,-15411782,-12693015,8101165,26399942,14477611,-26196882,缩量,低,情绪退潮,观望,资金观望型,,D,回避：资金观望,-1.1
600195,中牧股份,6.78,-1.7,0.47,-10.7,-1.11,-2290849,-29420078,-41137242,582719,2700857,701813,缩量,低,情绪退潮,观望,资金撤退型,,D,回避：资金撤退,-0.4
600203,福日电子,10.15,-57.6,1.12,-53.9,-0.43,-3931497,-153680806,-209354220,-5126091,-5543629,3387216,缩量,低,情绪退潮,观望,资金撤退型,,D,回避：资金撤退,-0.1
600197,伊力特,9.48,-49.4,1.21,-33.7,2.82,3392948,-11272992,-35219427,47985,-413233,-3301119,缩量,低,情绪退潮,进场,资金观望型,资金+业绩共振(双击候选),B,关注：资金+业绩共振,72.9
600210,紫江企业,6.25,-30.7,0.91,-17.4,-2.96,-13679204,-10944652,-51053840,4819836,2310367,-4545622,缩量,低,情绪退潮,观望,资金观望型,,D,回避：资金观望,-1.0
600212,绿能慧充,5.89,-19.8,0.46,-45.9,-5.59,-13419579,-31427121,14367438,-2568300,-2670268,5070742,缩量,低,情绪退潮,观望,长线吸筹型,,D,回避：资金观望,-1.9
600215,派斯林,6.21,-62.8,0.91,-44.3,-5.49,-7903886,-8877887,-28674587,-1792222,0,3586254,缩量,低,情绪退潮,观望,资金撤退型,,D,回避：资金撤退,-1.8
600219,南山铝业,4.77,-54.3,0.66,-4.6,-4.46,-128212709,-320345694,-645249117,-43356764,-33929865,23373806,缩量,低,情绪退潮,观望,资金撤退型,,D,回避：资金撤退,-1.5
600227,赤天化,4.07,42.5,0.45,-35.3,-5.24,-149464420,64140,-27209770,-12388008,-5346454,-5953626,缩量,低,情绪退潮,观望,资金观望型,,D,回避：资金观望,-1.7
600228,返利科技,12.09,52.4,4.31,-1.3,3.93,84887542,-8962068,90257022,-22150186,-27857959,5421270,放量,低,游资情绪,观望,资金观望型,,D,回避：资金观望,9.3
600232,金鹰股份,6.58,-35.0,0.47,-26.5,-0.47,-603852,107063,-2545847,-1854828,-735047,2370235,缩量,低,情绪退潮,观望,资金观望型,,D,回避：资金观望,-0.2
600234,科新发展,22.14,-45.1,0.26,31.2,-3.59,-8395992,36009375,39895464,-4691067,-2258935,3639944,缩量,低,情绪退潮,观望,资金观望型,,D,回避：资金观望,-1.2
600235,民丰特纸,5.86,-20.7,0.57,-1.7,-7.72,-11055682,-12549651,-20193186,-80525,0,2066801,缩量,低,情绪退潮,观望,资金撤退型,,D,回避：资金撤退,-2.6
600237,铜峰电子,9.6,-24.3,2.33,209.9,-3.0,-78549243,52944099,-56532803,-10634210,-9925906,5707339,缩量,低,情绪退潮,观望,资金观望型,,D,回避：资金观望,-1.0
600252,中恒集团,2.24,15.2,1.89,-24.3,4.4,22778257,55628717,21115434,-8085985,4899087,12174954,缩量,低,情绪退潮,观望,趋势转多型,,D,回避：资金观望,1.5
600246,万通发展,14.12,-42.4,2.73,-17.7,2.28,164068349,181246307,176184628,136128657,102910916,-92980077,缩量,低,情绪退潮,吸筹,趋势转多型,纯资金炒作(亏损风险),C,谨慎：纯资金炒作,4.8
600248,陕建股份,2.88,-10.4,0.54,-11.7,5.45,11261006,-15690039,-12870523,8933501,6021445,-6794940,缩量,中,主力惜售,进场,资金观望型,资金+业绩共振(双击候选),B,关注：资金+业绩共振,85.8
600258,首旅酒店,11.42,-34.0,0.97,-22.1,-1.1,-7803857,-80677103,-66929083,7379155,-3183884,-6514077,缩量,低,情绪退潮,观望,资金观望型,,D,回避：资金观望,-0.4
600262,北方股份,15.62,-0.1,0.48,-48.9,-4.2,-13670370,-4741736,-4510829,1617717,-786325,1995275,缩量,低,情绪退潮,观望,资金观望型,,D,回避：资金观望,-1.4
600256,广汇能源,7.07,72.7,0.37,9.9,0.95,39190310,1555439,-295084538,11812448,-15027342,-42574357,放量,低,游资情绪,进场,资金观望型,资金+业绩共振(双击候选),B,关注：资金+业绩共振,80.3
600266,城建发展,4.37,120.5,1.0,-9.4,-3.14,-21853346,-17149705,-26036516,-23419992,-16811495,40697448,放量,低,游资情绪,观望,资金观望型,,D,回避：资金观望,7.0
600259,中稀有色,82.82,-39.3,0.76,-5.4,2.62,97263846,82377350,-236053969,21701086,23592365,-785111,缩量,低,情绪退潮,吸筹,资金观望型,资金+业绩共振(双击候选),B,关注：资金+业绩共振,64.9
600261,阳光照明,3.47,785.0,0.12,102.7,12.63,80217655,87754006,78921750,-4968056,-5894241,26417539,放量,高,主力主导放量🔥(最强),进场,短线抢筹型,资金+业绩共振(双击候选),A,金股候选：资金强攻+业绩共振,96.2
600272,开开实业,16.32,1126.8,1.77,-60.5,0.61,10309657,-180808523,274475865,-10494756,-16011049,-27608514,放量,低,游资情绪,观望,长线吸筹型,,D,回避：资金观望,8.2
600268,国电南自,10.49,-61.6,0.5,12.3,-3.79,-18551998,-44772229,-80526682,4356181,4409066,-1340842,缩量,低,情绪退潮,吸筹,资金撤退型,机构吸筹+盈利(关注),C,谨慎：资金流入未验证业绩,22.7
600280,中央商场,3.2,19.0,1.92,171.5,3.51,35889146,41261209,33847371,-613258,940660,11927472,缩量,低,情绪退潮,观望,趋势转多型,,D,回避：资金观望,1.2
600271,航天信息,6.81,-46.8,0.77,-12.7,-2.51,-7090183,-11860738,-29550808,793014,456747,-349855,缩量,低,情绪退潮,吸筹,资金撤退型,纯资金炒作(亏损风险),C,谨慎：纯资金炒作,3.2
600276,恒瑞医药,46.04,-6.9,1.46,0.3,-0.86,-109044090,-2127516429,-3877648731,474007241,474419360,-258140168,缩量,低,情绪退潮,吸筹,资金撤退型,机构吸筹+盈利(关注),C,谨慎：资金流入未验证业绩,23.7
600285,羚锐制药,19.12,-67.1,1.09,-22.9,-4.68,-16360674,-64426606,-122015106,-804864,-3004933,-219480,缩量,低,情绪退潮,观望,资金撤退型,,D,回避：资金撤退,-1.6
600279,重庆港,4.38,-42.2,1.54,39.2,1.64,2629268,-10842467,-12499665,1947429,2996065,1608669,缩量,低,情绪退潮,进场,资金观望型,资金+业绩共振(双击候选),B,关注：资金+业绩共振,72.5
600288,大恒科技,11.07,-76.2,5.53,-43.0,-1.28,-8088007,-71401444,-77481483,-2790527,-5320018,-10700709,缩量,低,情绪退潮,观望,资金撤退型,,D,回避：资金撤退,-0.4
600281,华阳新材,4.98,60.0,1.04,-54.1,-2.01,-4811284,4677427,55233838,31934481,32724194,-20374894,放量,低,游资情绪,抢筹,高位分歧型,纯资金炒作(亏损风险),C,谨慎：纯资金炒作,27.3
600295,鄂尔多斯,13.3,-38.2,1.22,-27.5,-4.75,-29670054,-71845554,20368478,489593,1953758,806147,缩量,低,情绪退潮,观望,长线吸筹型,,D,回避：资金观望,-1.6
600287,苏豪时尚,5.03,-4.4,0.43,-16.1,0.2,156809,-2256253,-6274384,103626,-209568,-1185042,缩量,低,情绪退潮,进场,资金观望型,资金+业绩共振(双击候选),B,关注：资金+业绩共振,72.1
600298,安琪酵母,39.15,-48.6,1.9,-16.9,-1.07,-12086026,-33394802,-82989648,7835254,-1521980,15798643,缩量,低,情绪退潮,观望,资金撤退型,,D,回避：资金撤退,-0.4
600293,三峡新材,3.47,245.0,1.49,119.4,5.47,78143753,90127529,98519022,14099042,5066414,-22030181,放量,中,主力偏强放量,进场,均衡流入型,纯资金炒作(亏损风险),C,谨慎：纯资金炒作,29.8
600309,万华化学,70.51,-39.3,1.08,-27.9,-4.94,-506012742,-658904931,318648813,-70797449,-120958434,-48732775,缩量,低,情绪退潮,观望,长线吸筹型,,D,回避：资金观望,-1.6
600312,平高电气,19.49,-58.3,0.77,-30.4,2.56,26953925,48383484,8726670,-798620,1715906,-6857217,缩量,低,情绪退潮,观望,趋势转多型,,D,回避：资金观望,0.9
600308,华泰股份,3.42,378.4,0.22,15.4,-1.27,-2744271,1728479,6628396,25446708,25564807,-19673311,放量,低,游资情绪,抢筹,资金观望型,纯资金炒作(亏损风险),C,谨慎：纯资金炒作,27.6
600307,酒钢宏兴,1.51,-20.9,0.61,14.4,3.65,10084438,-8758629,-48123658,5454241,5790275,-1110838,缩量,低,情绪退潮,吸筹,资金观望型,纯资金炒作(亏损风险),C,谨慎：纯资金炒作,5.2
600319,亚星化学,6.36,-20.4,0.69,-14.9,-3.13,-4117027,-16884705,-13808048,-628399,0,1183270,缩量,低,情绪退潮,观望,资金观望型,,D,回避：资金观望,-1.0
600318,新力金融,7.15,232.1,1.04,113.9,-4.44,-59409238,73711214,161198042,-16467307,-1225162,44736779,放量,低,游资情绪,观望,资金观望型,,D,回避：资金观望,6.5
600323,瀚蓝环境,28.55,-19.6,0.73,-14.4,-7.93,-48496147,-61460440,-78967671,834370,-31643,3098128,缩量,低,情绪退潮,观望,资金撤退型,,D,回避：资金撤退,-2.6
600326,西藏天路,6.88,-69.1,1.19,-63.3,-7.4,-36705892,-135772893,-142972987,-8450964,-6336435,10618,缩量,低,情绪退潮,观望,资金撤退型,,D,回避：资金撤退,-2.5
600327,大东方,3.96,35.6,0.93,-17.3,-3.75,-11034974,-7493349,-43044214,-2812374,-630648,5546845,缩量,低,情绪退潮,观望,资金观望型,,D,回避：资金观望,-1.2
600328,中盐化工,5.79,31.3,0.35,12.2,-6.68,-39075485,-25167548,-58398140,3380894,-1779251,2551915,缩量,低,情绪退潮,观望,资金观望型,,D,回避：资金观望,-2.2
600333,长春燃气,6.81,-1.5,0.6,37.7,-5.88,-26136969,-20995410,-37145635,-3840631,-4080736,8649229,缩量,低,情绪退潮,观望,资金观望型,,D,回避：资金观望,-2.0
600338,西藏珠峰,12.76,-59.5,0.22,-45.4,-7.02,-89371552,-173185145,-254711925,-4413600,-7803791,228838,缩量,低,情绪退潮,观望,资金撤退型,,D,回避：资金撤退,-2.3
600336,澳柯玛,6.45,-25.3,0.71,-11.8,-7.52,-16290634,-5664878,23048084,-280618,2138450,890020,缩量,低,情绪退潮,观望,高位分歧型,,D,回避：资金观望,-2.5
600329,达仁堂,35.2,-54.1,1.63,-22.5,-4.13,-12064120,-31340991,-67298548,14807235,10173292,-6319680,缩量,低,情绪退潮,吸筹,资金撤退型,机构吸筹+盈利(关注),C,谨慎：资金流入未验证业绩,22.6
600335,国机汽车,5.23,-1.8,0.9,-36.1,6.08,16687860,7094451,9723726,5280410,2293883,-6033888,缩量,中,主力惜售,进场,资金观望型,资金+业绩共振(双击候选),B,关注：资金+业绩共振,86.0
600350,山东高速,9.94,-2.4,2.22,-4.4,3.38,19339773,52082926,14725644,-2361658,-2618459,8313003,缩量,低,情绪退潮,观望,趋势转多型,,D,回避：资金观望,1.1
600348,华阳股份,9.13,-11.9,0.38,-10.7,8.6,105282694,14586403,-82328665,11670810,17061672,-6950391,缩量,中,主力惜售,吸筹,资金观望型,资金+业绩共振(双击候选),B,关注：资金+业绩共振,78.9
600345,长江通信,54.7,-7.4,0.64,21.8,2.6,83715841,236551383,269698293,28379407,29732137,-29862105,缩量,低,情绪退潮,进场,主力建仓型,资金+业绩共振(双击候选),B,关注：资金+业绩共振,72.9
600346,恒力石化,16.6,-38.9,0.79,-30.6,-3.78,-81923581,-147823187,70748697,-22882696,12878447,-5413673,缩量,低,情绪退潮,吸筹,长线吸筹型,机构吸筹+盈利(关注),C,谨慎：资金流入未验证业绩,22.7
600359,新农开发,8.08,961.6,0.61,88.6,-8.32,-229188294,-10705477,-8794422,-6093053,-7046731,21561062,放量,低,游资情绪,观望,资金观望型,,D,回避：资金观望,5.2
600358,国旅联合,5.12,-20.9,0.53,-25.8,0.77,772598,-7823559,-5754904,-1761473,-901038,5727612,缩量,低,情绪退潮,观望,资金观望型,,D,回避：资金观望,0.3
600352,浙江龙盛,12.26,-21.3,1.51,-33.2,2.8,65845493,106523310,120806705,7472738,-35612350,18566221,缩量,低,情绪退潮,进场,均衡流入型,资金+业绩共振(双击候选),B,关注：资金+业绩共振,72.9
600351,亚宝药业,6.95,39.5,0.93,-19.4,-5.44,-31804084,-43860959,-81223167,14180274,28429394,-9401318,缩量,低,情绪退潮,吸筹,资金撤退型,机构吸筹+盈利(关注),C,谨慎：资金流入未验证业绩,22.2
600361,创新新材,3.53,-40.7,0.59,-29.3,-3.49,-17337051,-18603583,-53198259,413618,1935705,-3182052,缩量,低,情绪退潮,观望,资金撤退型,,D,回避：资金撤退,-1.2
600360,华微电子,11.61,-23.6,6.52,88.5,1.89,98866537,226454000,12864183,56736728,59230118,-39589039,缩量,低,情绪退潮,吸筹,趋势转多型,资金+业绩共振(双击候选),B,关注：资金+业绩共振,64.6
600375,汉马科技,3.73,-26.8,0.91,34.5,-1.44,-6333991,-16606219,-48434440,8756662,9582116,-11543857,缩量,低,情绪退潮,观望,资金撤退型,,D,回避：资金撤退,-0.5
600373,中文传媒,7.49,1.8,1.41,-6.0,-0.77,-2981124,-8176540,-26330129,2340715,-3048379,-1604698,缩量,低,情绪退潮,观望,资金撤退型,,D,回避：资金撤退,-0.3
600378,昊华科技,47.75,-45.7,6.88,-29.3,-1.03,-131675333,-93877555,-438453130,-184658510,-165169189,159794595,缩量,低,情绪退潮,观望,资金观望型,,D,回避：资金观望,-0.3
600379,宝光股份,14.91,-38.8,1.4,-45.9,-5.32,-41906331,-56278913,-207597637,-5469010,-10542221,8610684,缩量,低,情绪退潮,观望,资金撤退型,,D,回避：资金撤退,-1.8
600389,江山股份,19.23,-13.2,1.13,32.1,4.04,44953952,68750726,51587083,-19950025,-19538619,14573841,缩量,低,情绪退潮,观望,趋势转多型,,D,回避：资金观望,1.3
600380,健康元,9.4,-12.7,1.49,-24.7,2.15,11133982,52177664,51255826,16439526,12577467,-10141425,缩量,低,情绪退潮,吸筹,趋势转多型,资金+业绩共振(双击候选),B,关注：资金+业绩共振,64.7
600390,五矿资本,4.94,-23.1,1.57,-30.3,-0.97,-5816819,49543990,30483905,-1240028,-211852,4258892,缩量,低,情绪退潮,观望,资金观望型,,D,回避：资金观望,-0.3
600386,北巴传媒,3.59,11.1,0.74,8.6,1.59,2407975,6750945,13482605,973928,-1029078,-509964,缩量,低,情绪退潮,进场,均衡流入型,纯资金炒作(亏损风险),C,谨慎：纯资金炒作,12.5
600383,金地集团,2.47,471.6,1.31,-3.1,2.85,44432185,-77979797,23630780,22037991,37081588,-18100632,放量,低,游资情绪,抢筹,资金观望型,纯资金炒作(亏损风险),C,谨慎：纯资金炒作,28.9
600399,抚顺特钢,4.51,-26.5,0.75,26.0,-5.82,-36703754,-67202659,-49989407,1680772,2032051,1733830,缩量,低,情绪退潮,观望,资金观望型,,D,回避：资金观望,-1.9
600388,紫金龙净,17.7,-46.3,0.61,-44.0,1.58,9363988,-21821004,20223023,8529886,5441667,-16269197,缩量,低,情绪退潮,进场,长线吸筹型,资金+业绩共振(双击候选),B,关注：资金+业绩共振,72.5
600403,大有能源,6.91,31.2,4.0,-9.5,-1.42,-54485519,130927831,218489979,6578690,15621463,13729840,缩量,低,情绪退潮,观望,资金观望型,,D,回避：资金观望,-0.5
600408,安泰集团,3.1,-23.2,0.75,-24.4,-2.2,-12248207,-17809519,-63001707,4291553,-2994431,-2470212,缩量,低,情绪退潮,观望,资金撤退型,,D,回避：资金撤退,-0.7
600418,江淮汽车,19.38,-49.8,0.91,0.2,1.31,87025108,-145494549,-214132811,-45159376,-33506727,75130102,缩量,低,情绪退潮,观望,资金观望型,,D,回避：资金观望,0.4
600410,华胜天成,17.19,201.0,0.28,128.1,-3.48,-491493449,347942786,708157194,55376659,63602609,-44584913,放量,低,游资情绪,吸筹,资金观望型,机构吸筹+盈利(关注),C,谨慎：资金流入未验证业绩,30.8
600420,国药现代,8.37,-12.5,1.42,-10.1,1.68,3961252,-7173589,-26502773,16682780,13592190,-1952119,缩量,低,情绪退潮,吸筹,资金观望型,资金+业绩共振(双击候选),B,关注：资金+业绩共振,64.6
600436,片仔癀,121.02,-75.2,2.93,-28.9,-2.67,-28812319,-115601258,-185875932,19657212,12201230,-33765039,缩量,低,情绪退潮,观望,资金撤退型,,D,回避：资金撤退,-0.9
600444,国机通用,14.26,-6.2,0.62,-26.7,0.75,1011542,-2637369,-9632509,-317680,-162161,-1067937,缩量,低,情绪退潮,观望,资金观望型,,D,回避：资金观望,0.2
600435,北方导航,11.93,88.3,0.7,-10.5,-6.9,-78345112,-86600252,23779098,60904344,37043814,-20172697,放量,低,游资情绪,抢筹,长线吸筹型,机构吸筹+盈利(关注),C,谨慎：资金流入未验证业绩,45.7
600449,宁夏建材,13.25,40.8,1.96,-13.6,0.38,3129268,-7099100,-40406972,-21072473,-14695312,14898683,缩量,低,情绪退潮,观望,资金观望型,,D,回避：资金观望,0.1
600460,士兰微,33.27,-25.4,3.66,-39.3,2.27,326680807,88779417,-1670190895,-178431862,-94291490,325583208,缩量,低,情绪退潮,观望,资金观望型,,D,回避：资金观望,0.8
600446,金证股份,11.01,24.3,0.49,-32.4,-3.41,-22945581,-59917664,-93478726,23893046,28376293,-20921816,缩量,低,情绪退潮,吸筹,资金撤退型,纯资金炒作(亏损风险),C,谨慎：纯资金炒作,2.9
600467,好当家,2.49,137.5,0.84,55.0,-2.15,-10885909,-42647615,-63638213,-2037632,116756,12493499,放量,低,游资情绪,观望,资金撤退型,,D,回避：资金撤退,7.3
600475,华光环能,15.22,-42.0,1.01,1.9,-6.94,-28799645,19561238,13472287,9685588,13238123,497479,缩量,低,情绪退潮,观望,资金观望型,,D,回避：资金观望,-2.3
600470,六国化工,5.84,-55.7,0.9,-20.5,1.98,10551480,88725971,65633769,-1172931,-5392025,-7172557,缩量,低,情绪退潮,观望,趋势转多型,,D,回避：资金观望,0.7
600486,扬农化工,53.74,-46.3,0.67,-13.4,-0.76,-6689039,44591465,10483456,9861674,5182213,-14235746,缩量,低,情绪退潮,观望,资金观望型,,D,回避：资金观望,-0.3
600489,中金黄金,23.61,-32.2,1.52,-27.8,-0.35,-30642029,48865963,-742278038,-95454945,-119289202,39318403,缩量,低,情绪退潮,观望,资金观望型,,D,回避：资金观望,-0.1
600493,凤竹纺织,6.41,3.4,0.62,15.9,1.47,3511389,5845993,-741396,-3091908,-1525743,1460543,缩量,低,情绪退潮,观望,趋势转多型,,D,回避：资金观望,0.5
600495,晋西车轴,4.09,-8.7,0.71,-8.9,-4.46,-7141523,-10526458,-20580999,-2912067,-2236767,2911399,缩量,低,情绪退潮,观望,资金撤退型,,D,回避：资金撤退,-1.5
600497,驰宏锌锗,9.66,-62.0,1.44,-25.8,-5.83,-219213300,-231055070,-390909504,-87536100,-74985233,58168696,缩量,低,情绪退潮,观望,资金撤退型,,D,回避：资金撤退,-1.9
600498,烽火通信,44.15,-3.2,0.61,11.2,1.72,400299113,996923425,400942553,-128183925,-146430906,112810959,缩量,低,情绪退潮,观望,趋势转多型,,D,回避：资金观望,0.6
600506,统一股份,16.84,118.1,0.63,2.3,-2.9,-41087006,-154843548,125215102,-12972630,-6111306,16046771,放量,低,游资情绪,观望,长线吸筹型,,D,回避：资金观望,7.0
600509,天富能源,7.31,-69.0,1.15,6.9,-6.83,-39509741,-61096693,-120999760,-731577,4913887,7267608,缩量,低,情绪退潮,观望,资金撤退型,,D,回避：资金撤退,-2.3
600503,华丽家族,2.43,195.1,0.82,2.2,4.19,18089582,6291890,-25160957,49615107,56317945,-30133375,放量,低,游资情绪,抢筹,资金观望型,纯资金炒作(亏损风险),C,谨慎：纯资金炒作,29.4
600510,黑牡丹,6.72,-40.3,0.23,-41.2,-3.8,-5312862,-5684635,365950,356503,-1188281,3609375,缩量,低,情绪退潮,观望,资金观望型,,D,回避：资金观望,-1.3
600511,国药股份,26.27,-43.8,0.85,-23.0,-3.15,-12030670,-1864265,-32769024,5627741,4409604,-9130538,缩量,低,情绪退潮,观望,资金观望型,,D,回避：资金观望,-1.1
600507,方大特钢,4.11,-68.9,0.5,-41.6,1.99,6328645,-3040509,-19494167,6532678,6392903,-3300013,缩量,低,情绪退潮,吸筹,资金观望型,资金+业绩共振(双击候选),B,关注：资金+业绩共振,64.7
600515,海南机场,2.8,-9.0,0.67,-15.1,6.4,62978320,36288166,94734220,13397339,6508058,-11773652,缩量,中,主力惜售,进场,资金观望型,资金+业绩共振(双击候选),B,关注：资金+业绩共振,86.1
600518,康美药业,1.38,-29.4,1.65,16.8,-0.13,-1213171,-4138196,795113,24551221,36309412,-5245797,缩量,低,情绪退潮,吸筹,资金观望型,机构吸筹+盈利(关注),C,谨慎：资金流入未验证业绩,24.0
600519,贵州茅台,1252.57,-48.5,0.95,-10.6,-4.0,-542644022,-1709550406,-1624741035,-26867603,25816459,-154463,缩量,低,情绪退潮,吸筹,资金观望型,机构吸筹+盈利(关注),C,谨慎：资金流入未验证业绩,22.7
600528,中铁工业,6.86,-46.2,0.82,-18.4,-4.54,-8708478,-4856378,-10420873,137696,1957865,-2680762,缩量,低,情绪退潮,观望,资金观望型,,D,回避：资金观望,-1.5
600526,菲达环保,4.62,-17.3,0.38,-27.1,-6.05,-7683092,-7918221,-13729882,-571164,-324143,-670875,缩量,低,情绪退潮,观望,资金撤退型,,D,回避：资金撤退,-2.0
600522,中天科技,36.95,-13.6,1.04,23.8,-0.68,-321240949,988337712,-158174208,642373551,698347237,-376580074,缩量,低,情绪退潮,吸筹,资金观望型,机构吸筹+盈利(关注),C,谨慎：资金流入未验证业绩,23.8
600525,长园集团,5.08,161.4,0.84,-50.9,-10.51,-38629611,-86587366,-336292236,1571779,-6901876,-2843253,放量,低,游资情绪,观望,资金撤退型,,D,回避：资金撤退,4.5
600533,栖霞建设,2.27,42.2,0.76,-35.5,0.41,705573,7559587,-6520302,-2210752,73944,2851298,缩量,低,情绪退潮,观望,趋势转多型,,D,回避：资金观望,0.1
600531,豫光金铅,12.23,-67.0,0.54,-48.9,-2.56,-41373667,-76119688,-446869964,-30532300,-32928237,1222434,缩量,低,情绪退潮,观望,资金撤退型,,D,回避：资金撤退,-0.9
600538,国发股份,4.91,-64.7,0.43,-21.9,-7.23,-9326573,-33527111,-38801582,-3323242,-386000,3945272,缩量,低,情绪退潮,观望,资金撤退型,,D,回避：资金撤退,-2.4
600535,天士力,14.07,-39.8,1.2,-13.5,0.69,4607887,5598388,76637478,9904111,10083479,-22313276,缩量,低,情绪退潮,进场,长线吸筹型,资金+业绩共振(双击候选),B,关注：资金+业绩共振,72.2
600540,新赛股份,5.65,236.8,1.13,74.9,-6.16,-152781929,-237033924,-150674704,-30072262,-17441479,36608785,放量,低,游资情绪,观望,资金观望型,,D,回避：资金观望,5.9
600551,时代出版,7.66,391.2,1.01,-46.2,-4.24,-30667779,-43200696,-175585501,-4434512,-4721702,7429683,放量,低,游资情绪,观望,资金撤退型,,D,回避：资金撤退,6.6
600561,江西长运,5.85,-21.5,0.78,1.8,-2.91,-4116616,-7862614,-4275612,456658,631110,1397315,缩量,低,情绪退潮,观望,资金观望型,,D,回避：资金观望,-1.0
600563,法拉电子,123.86,-57.9,1.33,-4.3,-0.16,-3143578,-69751009,-190772450,-16298279,-10347866,6220124,缩量,低,情绪退潮,观望,资金撤退型,,D,回避：资金撤退,-0.1
600566,济川药业,24.96,-55.8,1.12,-35.6,-2.18,-10937666,-8549856,-4442778,168042,-1414688,-357830,缩量,低,情绪退潮,观望,资金观望型,,D,回避：资金观望,-0.7
600569,安阳钢铁,1.81,23.0,0.76,26.8,2.22,3886941,6094727,-10585016,-2242000,-2110436,1122374,缩量,低,情绪退潮,观望,趋势转多型,,D,回避：资金观望,0.7
600558,大西洋,4.92,78.3,0.55,-21.8,-0.07,-171709,-2269636,-43203061,8566322,3097130,-5089517,放量,低,游资情绪,抢筹,资金撤退型,机构吸筹+盈利(关注),C,谨慎：资金流入未验证业绩,48.0
600570,恒生电子,20.4,-61.1,1.28,-44.9,-5.79,-82129844,-263649631,-122435829,7782183,-2696443,-5952794,缩量,低,情绪退潮,观望,长线吸筹型,,D,回避：资金观望,-1.9
600560,金自天正,11.26,-12.9,0.84,-18.2,1.23,1327729,-1939250,-939149,1340535,571108,1241442,缩量,低,情绪退潮,进场,资金观望型,资金+业绩共振(双击候选),B,关注：资金+业绩共振,72.4
600567,山鹰国际,1.35,-17.0,0.83,-4.8,5.68,21466273,3898102,9501736,8795474,12603166,-1678655,缩量,中,主力惜售,吸筹,资金观望型,纯资金炒作(亏损风险),C,谨慎：纯资金炒作,17.9
600576,祥源文旅,5.47,-47.0,1.31,0.4,3.85,10939094,1459572,-38277065,7843376,7028956,-5028665,缩量,低,情绪退潮,吸筹,资金观望型,资金+业绩共振(双击候选),B,关注：资金+业绩共振,65.3
600575,淮河能源,3.24,-52.1,0.71,-17.1,0.35,2030406,-12205544,-42803528,3580908,8148628,2976107,缩量,低,情绪退潮,进场,资金观望型,资金+业绩共振(双击候选),B,关注：资金+业绩共振,72.1
600592,龙溪股份,14.72,-44.3,1.07,-30.5,-2.98,-10322928,-23647473,-46096865,-753761,1273417,7087935,缩量,低,情绪退潮,观望,资金撤退型,,D,回避：资金撤退,-1.0
600595,中孚实业,6.04,-50.1,0.95,-13.3,-0.17,-3209335,11852322,-55802449,-21855048,-23295359,-7539287,缩量,低,情绪退潮,观望,资金观望型,,D,回避：资金观望,-0.1
600597,光明乳业,6.82,-8.7,1.85,-39.8,-1.5,-3934743,-13582776,-38006421,5095626,-1927113,-10100442,缩量,低,情绪退潮,观望,资金撤退型,,D,回避：资金撤退,-0.5
600596,新安股份,12.03,-17.6,2.58,158.3,-3.48,-157920975,50012454,125342402,-10085110,-4756360,9783493,缩量,低,情绪退潮,观望,资金观望型,,D,回避：资金观望,-1.2
600610,中毅达,7.78,79.2,0.59,-60.8,-2.35,-21538157,-21568572,212780985,858223,-1794816,-9088887,放量,低,游资情绪,观望,长线吸筹型,,D,回避：资金观望,7.2
600618,氯碱化工,9.96,-53.3,0.54,-29.4,1.65,3449914,-5496138,-20010313,-383726,-691547,-1179395,缩量,低,情绪退潮,观望,资金观望型,,D,回避：资金观望,0.5
600606,绿地控股,1.6,493.5,0.9,41.5,7.68,133494224,77525432,114391140,20963174,55259762,-5763102,放量,中,主力偏强放量,抢筹,资金观望型,纯资金炒作(亏损风险),C,谨慎：纯资金炒作,38.6
600615,鑫源智造,9.44,-54.7,0.71,-32.6,0.12,87169,-2892255,-399013,282686,0,520194,缩量,低,情绪退潮,进场,资金观望型,纯资金炒作(亏损风险),C,谨慎：纯资金炒作,12.0
600616,金枫酒业,5.1,572.4,0.83,158.2,4.28,46927312,36018964,57783809,5565393,8342068,4605586,放量,低,游资情绪,进场,资金观望型,资金+业绩共振(双击候选),B,关注：资金+业绩共振,81.4
600621,华鑫股份,14.24,361.6,1.4,35.8,9.69,157733299,127237149,159802010,-20945588,-34398557,-4653137,放量,中,主力偏强放量,进场,资金观望型,资金+业绩共振(双击候选),B,关注：资金+业绩共振,91.2
600626,申达股份,3.89,198.8,0.84,11.1,2.74,7390272,4835073,6659564,7260324,129858,-7351907,放量,低,游资情绪,进场,资金观望型,资金+业绩共振(双击候选),B,关注：资金+业绩共振,80.9
600630,龙头股份,9.12,143.5,2.87,85.3,7.06,83634174,78007925,71558143,10453463,25211476,746680,放量,中,主力偏强放量,抢筹,资金观望型,资金+业绩共振(双击候选),B,关注：资金+业绩共振,98.4
600639,浦东金桥,9.92,82.4,0.52,9.8,10.62,30592276,28072732,2124564,3983897,5317439,4119259,放量,高,主力主导放量🔥(最强),进场,资金观望型,资金+业绩共振(双击候选),A,金股候选：资金强攻+业绩共振,95.5
600649,城投控股,4.11,179.2,0.71,-43.7,0.32,1500662,-10468273,-16449802,5925897,22751601,9171510,放量,低,游资情绪,抢筹,资金观望型,资金+业绩共振(双击候选),B,关注：资金+业绩共振,88.1
600660,福耀玻璃,54.14,-47.2,0.92,-4.9,-0.52,-13740404,-93269656,54043611,14603303,-11400597,-8531379,缩量,低,情绪退潮,观望,资金观望型,,D,回避：资金观望,-0.2
600658,电子城,4.18,7.4,0.65,-13.5,1.23,2586183,-10428961,-13700257,-5599366,1102902,6923030,缩量,低,情绪退潮,观望,资金观望型,,D,回避：资金观望,0.4
600653,申华控股,1.75,84.5,0.89,11.6,7.56,18161910,16712690,-1923703,1896213,974966,1432442,放量,中,主力偏强放量,进场,资金观望型,纯资金炒作(亏损风险),C,谨慎：纯资金炒作,30.5
600662,外服控股,4.25,-23.0,0.84,-13.9,-0.68,-1285146,-788645,-11612592,-1924755,357649,576793,缩量,低,情绪退潮,观望,资金观望型,,D,回避：资金观望,-0.2
600661,昂立教育,8.83,-33.5,1.33,-10.3,-2.37,-6963983,-12819382,-17220311,3120327,1887955,-2776793,缩量,低,情绪退潮,观望,资金撤退型,,D,回避：资金撤退,-0.8
600655,豫园股份,4.67,21.5,1.16,-12.6,6.76,19965028,38046927,53381847,-152631,-446955,-711590,缩量,中,主力惜售,进场,主力强攻型,纯资金炒作(亏损风险),C,谨慎：纯资金炒作,26.3
600665,天地源,3.51,-4.9,1.12,-28.2,-1.14,-2153500,-19201720,-22013681,-5272236,-694543,6415456,缩量,低,情绪退潮,观望,资金撤退型,,D,回避：资金撤退,-0.4
600668,尖峰集团,7.4,-24.4,0.31,-21.6,-0.23,-304720,-4710294,-24035630,-2303025,-1438931,3248595,缩量,低,情绪退潮,观望,资金撤退型,,D,回避：资金撤退,-0.1
600671,天目药业,23.84,-3.1,2.76,-29.7,-1.06,-3177221,5600123,-7968356,-8965307,-2089771,9103370,缩量,低,情绪退潮,观望,资金观望型,,D,回避：资金观望,-0.4
600684,珠江股份,3.64,14.3,0.96,-46.1,-1.12,-2666244,-13987288,-61277615,-2538235,1043929,7943009,缩量,低,情绪退潮,观望,资金撤退型,,D,回避：资金撤退,-0.4
600688,上海石化,2.84,-39.3,2.34,-14.7,-1.25,-8762883,-48105072,-116026448,13081101,7324873,-16585351,缩量,低,情绪退潮,观望,资金撤退型,,D,回避：资金撤退,-0.4
600685,中船防务,30.31,126.5,0.39,59.9,-7.32,-176733938,-317900606,-362910683,78118103,45157769,-105975929,放量,低,游资情绪,观望,资金撤退型,,D,回避：资金撤退,5.6
600673,东阳光,31.48,-63.7,0.88,-26.3,5.48,162941969,282313082,125783990,-62524476,-48883290,58841409,缩量,中,主力惜售,进场,短线抢筹型,资金+业绩共振(双击候选),B,关注：资金+业绩共振,85.8
600686,金龙汽车,11.14,14.6,0.66,-8.0,0.88,9480012,-770227,33868055,-3488572,5473989,15401375,缩量,低,情绪退潮,观望,资金观望型,,D,回避：资金观望,0.3
600690,海尔智家,19.89,80.0,0.77,-9.4,-2.78,-109564284,-255760656,-468004067,-79255163,-52160223,-38660365,放量,低,游资情绪,观望,资金撤退型,,D,回避：资金撤退,7.1
600674,川投能源,15.91,-30.1,1.34,3.6,3.3,73213874,119137808,45455426,34346191,2877662,-39287166,缩量,低,情绪退潮,进场,趋势转多型,资金+业绩共振(双击候选),B,关注：资金+业绩共振,73.1
600689,上海三毛,12.33,125.9,0.81,-45.8,-0.75,-1507708,-14642821,9193856,-10259185,-9078239,9030037,放量,低,游资情绪,观望,长线吸筹型,,D,回避：资金观望,7.8
600692,亚通股份,6.59,0.9,0.71,-16.7,-2.28,-4321303,-5299113,-10082597,-1519790,1258394,1248622,缩量,低,情绪退潮,观望,资金撤退型,,D,回避：资金撤退,-0.8
600691,潞化科技,2.95,111.7,0.26,9.8,-6.74,-68503347,-2352220,82685750,-11113226,-11189319,7523777,放量,低,游资情绪,观望,高位分歧型,,D,回避：资金观望,5.8
600679,上海凤凰,10.52,228.7,0.69,9.6,-1.49,-3745195,-10668137,-15865172,4402198,4163500,233156,放量,低,游资情绪,抢筹,资金撤退型,机构吸筹+盈利(关注),C,谨慎：资金流入未验证业绩,47.5
600682,南京新百,5.97,171.2,1.11,145.9,-5.71,-40807921,19113083,-2972476,10930441,21846503,9036249,放量,低,游资情绪,抢筹,资金观望型,纯资金炒作(亏损风险),C,谨慎：纯资金炒作,26.1
600683,京投发展,9.99,32.6,0.36,-64.9,-4.31,-30354335,-30697529,-27828509,11110469,8986208,-6166807,缩量,低,情绪退潮,吸筹,资金观望型,纯资金炒作(亏损风险),C,谨慎：纯资金炒作,2.6
600704,物产中大,4.89,-29.3,0.72,18.9,-0.25,-1996559,-51273867,-82406045,5650708,-9674144,-13544061,缩量,低,情绪退潮,观望,资金撤退型,,D,回避：资金撤退,-0.1
600706,曲江文旅,8.73,168.9,0.84,169.7,-13.11,-134520752,54872437,53715706,-656692,1713715,15071203,放量,低,游资情绪,观望,资金观望型,,D,回避：资金观望,3.6
600710,苏美达,11.53,3.8,0.45,93.0,-6.21,-46491313,-36944917,-27442301,5252689,5420693,-14016422,缩量,低,情绪退潮,观望,资金观望型,,D,回避：资金观望,-2.1
600711,盛屯矿业,10.94,-62.3,0.8,-22.0,-2.52,-73613596,-57209412,-100213646,-61306964,-43223253,28003088,缩量,低,情绪退潮,观望,资金观望型,,D,回避：资金观望,-0.8
600712,南宁百货,5.89,393.6,2.28,358.4,-5.88,-94096185,-19171348,2730430,4892276,24722943,27820470,放量,低,游资情绪,观望,资金观望型,,D,回避：资金观望,6.0
600708,光明地产,3.16,34.9,0.72,12.0,3.38,7629429,20133764,12585288,-1142555,2969218,4474911,缩量,低,情绪退潮,观望,趋势转多型,,D,回避：资金观望,1.1
600713,南京医药,5.08,-25.0,0.52,10.8,-2.23,-6531369,-14377394,-28004348,-14149136,-13953375,7948836,缩量,低,情绪退潮,观望,资金撤退型,,D,回避：资金撤退,-0.7
600699,均胜电子,20.95,111.8,0.28,70.8,3.31,151678722,156874558,52492517,101142034,50605936,-112496691,放量,低,游资情绪,抢筹,趋势转多型,资金+业绩共振(双击候选),B,关注：资金+业绩共振,89.1
600707,彩虹股份,9.85,39.7,1.41,52.3,3.61,284750102,368560470,19302068,516777332,596815422,-225138933,缩量,低,情绪退潮,吸筹,趋势转多型,资金+业绩共振(双击候选),B,关注：资金+业绩共振,65.2
600726,华电能源,5.3,-72.4,0.44,47.0,-1.67,-40730162,93610816,-3638013,-22189397,-2634309,39856053,缩量,低,情绪退潮,观望,资金观望型,,D,回避：资金观望,-0.6
600724,宁波富达,5.06,-40.4,0.82,-25.4,-7.84,-11776047,-24823519,-28643727,-4428844,223015,3036448,缩量,低,情绪退潮,观望,资金撤退型,,D,回避：资金撤退,-2.6
600719,大连热电,8.17,139.9,0.77,136.1,7.25,75073439,64833023,55785184,-19587818,-14478337,24891107,放量,中,主力偏强放量,进场,资金观望型,纯资金炒作(亏损风险),C,谨慎：纯资金炒作,30.4
600727,鲁北化工,7.62,-48.8,0.62,-31.2,-5.22,-16688874,-44791123,-56273180,-5861760,-6157029,1305214,缩量,低,情绪退潮,观望,资金撤退型,,D,回避：资金撤退,-1.7
600721,百花医药,13.15,636.2,1.85,-35.3,1.8,105229624,-30284007,-630642013,243589080,292951223,-131402374,放量,低,游资情绪,抢筹,资金观望型,资金+业绩共振(双击候选),B,关注：资金+业绩共振,88.6
600731,湖南海利,5.91,-37.6,0.57,6.6,-7.94,-10543111,-18120804,-59894744,457283,-1271024,2412319,缩量,低,情绪退潮,观望,资金撤退型,,D,回避：资金撤退,-2.6
600725,云维股份,3.34,-36.4,0.84,-12.8,-3.51,-7503179,-13183565,-25915579,4337627,2047726,-1987277,缩量,低,情绪退潮,吸筹,资金撤退型,纯资金炒作(亏损风险),C,谨慎：纯资金炒作,2.8
600738,丽尚国潮,4.37,83.1,0.85,66.5,4.0,18439053,-13330145,-7016901,-3960882,-3718166,8114173,放量,低,游资情绪,观望,资金观望型,,D,回避：资金观望,9.3
600741,华域汽车,14.8,-32.7,0.97,27.1,-4.24,-55339199,-72543493,-17403149,4202794,2564099,-4337294,缩量,低,情绪退潮,观望,资金观望型,,D,回避：资金观望,-1.4
600728,佳都科技,4.53,-51.1,0.83,-24.9,-2.02,-7855358,-13682564,-10821579,5903131,8889318,-6280659,缩量,低,情绪退潮,吸筹,资金观望型,机构吸筹+盈利(关注),C,谨慎：资金流入未验证业绩,23.3
600736,苏州高新,6.77,0.3,0.12,-38.8,0.13,642647,-24799496,-29277011,9015807,12049432,8608151,缩量,低,情绪退潮,进场,资金观望型,资金+业绩共振(双击候选),B,关注：资金+业绩共振,72.0
600749,西藏旅游,13.89,-20.6,0.25,-40.9,-8.44,-50254052,-42792872,40759814,-3176407,-828588,2900924,缩量,低,情绪退潮,观望,长线吸筹型,,D,回避：资金观望,-2.8
600756,浪潮软件,14.01,-78.1,3.11,-45.0,-3.03,-11260869,-43362800,-91949799,-1132600,-330243,-2828269,缩量,低,情绪退潮,观望,资金撤退型,,D,回避：资金撤退,-1.0
600746,江苏索普,7.21,-22.5,1.12,-36.5,5.22,27176540,18943640,20734730,-9879117,-5235270,9366025,缩量,中,主力惜售,进场,资金观望型,资金+业绩共振(双击候选),B,关注：资金+业绩共振,85.7
600758,辽宁能源,3.74,-27.0,0.52,-17.0,-5.51,-56488341,-88179241,-43914508,6022349,8707402,4543532,缩量,低,情绪退潮,观望,资金观望型,,D,回避：资金观望,-1.8
600761,安徽合力,15.46,-58.5,0.77,-23.7,-5.15,-40415031,-12907158,-2128605,2192352,1976412,-5129778,缩量,低,情绪退潮,观望,资金观望型,,D,回避：资金观望,-1.7
600774,汉商集团,7.94,18.8,1.32,-13.0,-1.82,-3022952,-2060020,1783859,-820093,0,1406174,缩量,低,情绪退潮,观望,资金观望型,,D,回避：资金观望,-0.6
600776,东方通信,13.75,36.5,0.25,106.3,-4.09,-67520270,115181537,122828292,-2893624,588222,12745826,缩量,低,情绪退潮,观望,资金观望型,,D,回避：资金观望,-1.4
600779,水井坊,26.75,-35.1,1.09,-11.5,-0.2,-508890,-7447257,-24708568,13963640,6837550,-11907501,缩量,低,情绪退潮,观望,资金撤退型,,D,回避：资金撤退,-0.1
600782,新钢股份,2.71,-16.9,0.82,-23.5,-0.43,-1914804,14451181,-3370899,-88548,-4644075,-6531878,缩量,低,情绪退潮,观望,资金观望型,,D,回避：资金观望,-0.1
600783,鲁信创投,15.6,-64.7,0.62,-9.9,-11.29,-145400662,-149626262,-389367678,-26708421,-13113229,14339388,缩量,低,情绪退潮,观望,资金撤退型,,D,回避：资金撤退,-3.8
600789,鲁抗医药,7.86,61.6,3.11,-2.2,-0.2,-1551003,52336978,-40467171,-18763362,-15811154,18463071,放量,低,游资情绪,观望,资金观望型,,D,回避：资金观望,7.9
600785,新华百货,11.35,144.3,1.14,-51.6,-3.12,-35721817,117408362,374539874,92697499,96853339,-64748412,放量,低,游资情绪,抢筹,高位分歧型,机构吸筹+盈利(关注),C,谨慎：资金流入未验证业绩,47.0
600787,中储股份,4.63,-18.3,1.1,-0.7,6.33,27808398,37761356,33988925,8295664,9029970,-702906,缩量,中,主力惜售,吸筹,短线抢筹型,资金+业绩共振(双击候选),B,关注：资金+业绩共振,78.1
600802,福建水泥,5.61,516.5,0.73,290.8,2.57,38907692,64254653,97140857,-8825829,-4885192,9233236,放量,低,游资情绪,观望,均衡流入型,,D,回避：资金观望,8.9
600800,渤海化学,3.36,-10.2,0.46,-16.8,-4.86,-15040887,-25149679,-75027171,-8707364,-8076207,10971032,缩量,低,情绪退潮,观望,资金撤退型,,D,回避：资金撤退,-1.6
600801,华新建材,24.41,-65.2,2.26,-16.8,-5.93,-57997996,-121965298,-111837703,-9737596,-3628845,3546581,缩量,低,情绪退潮,观望,资金观望型,,D,回避：资金观望,-2.0
600805,悦达投资,4.57,17.2,0.44,-17.6,-1.67,-2540402,-2822148,-18876341,-3342841,636017,5844728,缩量,低,情绪退潮,观望,资金撤退型,,D,回避：资金撤退,-0.6
600808,马钢股份,2.57,-12.4,0.75,-13.9,-1.3,-8714801,-5980019,-59312438,1341839,3840054,-5595820,缩量,低,情绪退潮,观望,资金观望型,,D,回避：资金观望,-0.4
600807,济高发展,2.68,-2.9,0.89,-12.2,0.71,1239843,-1870693,4439215,964712,-28018,1146240,缩量,低,情绪退潮,进场,资金观望型,纯资金炒作(亏损风险),C,谨慎：纯资金炒作,12.2
600812,华北制药,5.08,286.0,1.79,250.4,-1.44,-15324290,90953320,40052064,132088738,126162781,-67073119,放量,低,游资情绪,抢筹,资金观望型,机构吸筹+盈利(关注),C,谨慎：资金流入未验证业绩,47.5
600822,上海物贸,9.48,684.6,0.69,216.6,1.6,11535746,18925217,12536127,5471878,2056153,-7739763,放量,低,游资情绪,进场,趋势转多型,资金+业绩共振(双击候选),B,关注：资金+业绩共振,80.5
600831,广电网络,3.37,34.5,0.75,-21.9,2.19,4789093,13192467,-14658971,-7138842,-1098384,8944237,缩量,低,情绪退潮,观望,趋势转多型,,D,回避：资金观望,0.7
600834,申通地铁,7.66,-18.4,0.79,-35.7,-6.3,-4133204,-8505128,-1926906,-544112,-658264,1732759,缩量,低,情绪退潮,观望,长线吸筹型,,D,回避：资金观望,-2.1
600833,第一医药,10.9,120.0,1.56,-30.3,3.54,10418579,6431384,-4455648,-1773249,1556534,10920374,放量,低,游资情绪,观望,资金观望型,,D,回避：资金观望,9.2
600827,百联股份,7.87,-7.2,1.16,4.0,0.43,1693570,30980376,65436829,4888932,1103813,-4545132,缩量,低,情绪退潮,进场,均衡流入型,资金+业绩共振(双击候选),B,关注：资金+业绩共振,72.1
600835,上海机电,18.66,95.8,0.45,1.5,-1.47,-7799765,-16757239,-5079959,29552173,16068940,-30421641,放量,低,游资情绪,抢筹,资金观望型,机构吸筹+盈利(关注),C,谨慎：资金流入未验证业绩,47.5
600844,金煤科技,3.4,-48.1,1.01,-37.6,-6.92,-45143104,-36610283,-14007297,-7795454,-13306527,2003065,缩量,低,情绪退潮,观望,资金观望型,,D,回避：资金观望,-2.3
600848,上海临港,8.63,-13.2,1.08,-25.6,-5.33,-14051867,969283,4890686,-4643229,-3596835,6704924,缩量,低,情绪退潮,观望,资金观望型,,D,回避：资金观望,-1.8
600851,海欣股份,8.68,-41.4,2.39,-24.8,-6.16,-18846610,-37280224,-92105322,-11828832,-3470591,10183821,缩量,低,情绪退潮,观望,资金撤退型,,D,回避：资金撤退,-2.1
600854,春兰股份,4.71,-23.9,0.72,-23.1,-1.65,-2070288,-5927295,-15518769,-830410,428376,4556719,缩量,低,情绪退潮,观望,资金撤退型,,D,回避：资金撤退,-0.5
600855,航天长峰,13.42,-11.0,0.31,151.2,0.44,2736522,88147151,86903390,-6824492,1422906,9776008,缩量,低,情绪退潮,观望,趋势转多型,,D,回避：资金观望,0.1
600845,宝信软件,18.13,-14.2,0.92,14.3,12.86,178870401,65863360,34572162,-41154290,-21432585,47761927,缩量,高,主力控盘,控盘,资金观望型,控盘+盈利(稳健),B,关注：控盘稳健+盈利,72.3
600847,万里股份,13.75,591.0,0.78,111.9,7.23,34447570,32056974,28530590,-7235591,-13981019,-2221639,放量,中,主力偏强放量,进场,资金观望型,纯资金炒作(亏损风险),C,谨慎：纯资金炒作,30.4
600860,京城股份,7.72,183.5,0.42,2.7,-1.05,-3204529,-11128302,-11476960,-11956708,-8162410,14229466,放量,低,游资情绪,观望,资金撤退型,,D,回避：资金撤退,7.7
600865,百大集团,11.44,779.1,0.44,299.3,0.56,15339584,-143927477,4470030,-7117380,-13490007,41312359,放量,低,游资情绪,观望,资金观望型,,D,回避：资金观望,8.2
600867,通化东宝,7.96,-55.0,0.51,-32.1,-4.63,-19864595,-57191630,-96198029,3483474,3625301,-11740970,缩量,低,情绪退潮,观望,资金撤退型,,D,回避：资金撤退,-1.5
600872,中炬高新,17.27,-57.1,0.64,6.6,-3.35,-29118191,-66619387,-77510534,249100,-5748378,-10446777,缩量,低,情绪退潮,观望,资金撤退型,,D,回避：资金撤退,-1.1
600874,创业环保,5.57,-29.2,0.51,-12.3,-5.82,-10822300,-26633367,-18969026,3666736,859834,-3476349,缩量,低,情绪退潮,观望,资金观望型,,D,回避：资金观望,-1.9
600875,东方电气,24.49,-61.2,0.41,6.7,0.07,2433501,20336162,-51631580,-67146673,-50248564,65044242,缩量,低,情绪退潮,观望,趋势转多型,,D,回避：资金观望,0.0
600866,星湖科技,4.23,7.9,0.49,52.9,-4.69,-23235226,-104930921,-142714644,5113447,11352883,-1875115,缩量,低,情绪退潮,吸筹,资金撤退型,机构吸筹+盈利(关注),C,谨慎：资金流入未验证业绩,22.4
600880,博瑞传播,4.9,544.8,0.45,560.1,1.27,32384919,183567973,172590454,-45244569,-44004714,32625338,放量,低,游资情绪,观望,趋势转多型,,D,回避：资金观望,8.4
600879,航天电子,14.72,-64.2,0.61,12.7,0.09,4476563,-77587809,-543069873,-96223249,-77213749,76155280,缩量,低,情绪退潮,观望,资金观望型,,D,回避：资金观望,0.0
600877,电科芯片,12.16,-69.6,1.47,18.0,1.32,9977903,-34396409,-82714931,-8944516,-16166942,4021038,缩量,低,情绪退潮,观望,资金观望型,,D,回避：资金观望,0.4
600871,石化油服,2.25,-14.1,1.02,11.7,6.47,91668837,62173129,128642766,29118477,23236160,-10982401,缩量,中,主力惜售,吸筹,资金观望型,资金+业绩共振(双击候选),B,关注：资金+业绩共振,78.2
600882,妙可蓝多,19.48,-78.8,1.77,-26.7,-4.11,-12877229,-26159043,-11854941,-1388109,-374976,6150522,缩量,低,情绪退潮,观望,资金观望型,,D,回避：资金观望,-1.4
600873,梅花生物,7.54,-50.8,0.27,-32.5,0.4,2292598,-49472033,-71732160,163340,-6261493,-6771279,缩量,低,情绪退潮,进场,资金观望型,资金+业绩共振(双击候选),B,关注：资金+业绩共振,72.1
600884,杉杉股份,11.21,-70.1,0.39,-31.5,-3.19,-43593016,-165825694,-378939269,-23511181,-21340021,23399464,缩量,低,情绪退潮,观望,资金撤退型,,D,回避：资金撤退,-1.1
600881,亚泰集团,1.9,101.8,2.18,19.1,7.67,98583738,132523585,80926388,-72681341,-53232762,19826029,放量,中,主力偏强放量,进场,短线抢筹型,纯资金炒作(亏损风险),C,谨慎：纯资金炒作,30.6
600885,宏发股份,34.08,-57.9,1.37,-28.3,-0.45,-7851723,-75394277,-194877332,882727,-5458548,-21383,缩量,低,情绪退潮,观望,资金撤退型,,D,回避：资金撤退,-0.1
600888,新疆众和,10.25,-36.8,2.77,-32.8,-3.4,-53348277,-203488921,-342730318,18814910,12524298,-39896757,缩量,低,情绪退潮,观望,资金撤退型,,D,回避：资金撤退,-1.1
600883,博闻科技,8.04,5.4,0.95,-9.0,0.56,1021784,4612369,7610639,313145,-1392552,-45815,缩量,低,情绪退潮,进场,均衡流入型,资金+业绩共振(双击候选),B,关注：资金+业绩共振,72.2
600895,张江高科,28.73,-69.9,1.68,-16.5,-1.36,-26194613,-231832450,-337728960,-23577589,-39542104,10565099,缩量,低,情绪退潮,观望,资金撤退型,,D,回避：资金撤退,-0.5
600897,厦门空港,15.32,107.1,0.81,4.8,1.88,3216752,-13700073,-4919771,-5549316,-4312307,2826372,放量,低,游资情绪,观望,资金观望型,,D,回避：资金观望,8.6
600886,国投电力,14.25,-44.5,1.92,-20.5,2.53,37257898,53520389,103720479,57042728,22137182,-68502516,缩量,低,情绪退潮,进场,均衡流入型,资金+业绩共振(双击候选),B,关注：资金+业绩共振,72.8
600887,伊利股份,26.65,-41.4,1.38,-39.4,7.33,373620022,236955911,413255107,108694092,91217554,-95565037,缩量,中,主力惜售,进场,资金观望型,资金+业绩共振(双击候选),B,关注：资金+业绩共振,86.4
600905,三峡能源,3.64,-57.7,0.73,-2.9,-0.17,-1906045,-3121312,-97596765,434747,-5147284,-2391180,缩量,低,情绪退潮,观望,资金撤退型,,D,回避：资金撤退,-0.1
600894,广日股份,7.92,295.0,0.51,-23.5,-7.26,-19147836,-11072939,-31065510,36256960,33235274,-26931396,放量,低,游资情绪,抢筹,资金观望型,机构吸筹+盈利(关注),C,谨慎：资金流入未验证业绩,45.6
600900,长江电力,28.1,-54.2,2.24,-18.7,-2.02,-182932458,-413306893,-432301012,185378930,187329107,-108989723,缩量,低,情绪退潮,吸筹,资金撤退型,机构吸筹+盈利(关注),C,谨慎：资金流入未验证业绩,23.3
600909,华安证券,8.14,-65.2,9.68,-38.2,-4.84,-151572889,-288787273,-12671831,-15351552,9349890,58630184,缩量,低,情绪退潮,观望,长线吸筹型,,D,回避：资金观望,-1.6
600901,江苏金租,6.67,-26.4,0.75,-24.4,1.88,13693377,30089554,37152091,9120547,-1935661,-12493557,缩量,低,情绪退潮,进场,均衡流入型,资金+业绩共振(双击候选),B,关注：资金+业绩共振,72.6
600917,重庆燃气,4.93,38.1,0.73,45.7,-2.73,-5185349,-5270693,4932804,-2177792,236015,357304,缩量,低,情绪退潮,观望,资金观望型,,D,回避：资金观望,-0.9
600925,苏能股份,4.14,-35.7,0.59,-36.3,-3.72,-5427655,-2632794,13769036,136067,-1509212,-2777977,缩量,低,情绪退潮,观望,长线吸筹型,,D,回避：资金观望,-1.2
600919,江苏银行,12.13,-14.6,1.47,3.4,-4.78,-283241249,-229899570,159388326,146445315,128010492,-76008475,缩量,低,情绪退潮,吸筹,长线吸筹型,机构吸筹+盈利(关注),C,谨慎：资金流入未验证业绩,22.4
600927,永安期货,12.64,4.5,0.73,-40.3,1.11,3349692,9168650,-8244098,12444033,9963661,-8173514,缩量,低,情绪退潮,吸筹,趋势转多型,资金+业绩共振(双击候选),B,关注：资金+业绩共振,64.4
600928,西安银行,3.5,-25.3,0.66,-22.1,4.14,15974926,34934065,2890894,3106761,2168078,-8994747,缩量,低,情绪退潮,进场,趋势转多型,资金+业绩共振(双击候选),B,关注：资金+业绩共振,73.4
600941,中国移动,96.01,-23.8,1.55,-21.5,-1.4,-44756341,-219164201,-109323206,-80143142,-33436645,47888883,缩量,低,情绪退潮,观望,资金观望型,,D,回避：资金观望,-0.5
600930,华电新能,3.98,-43.7,0.42,56.4,2.36,72328333,102712773,8819778,4620227,485486,5793807,缩量,低,情绪退潮,进场,趋势转多型,资金+业绩共振(双击候选),B,关注：资金+业绩共振,72.8
600959,江苏有线,3.15,-20.3,0.45,-12.8,-3.53,-12935862,-4960631,18306085,1817198,-223151,-2442919,缩量,低,情绪退潮,观望,高位分歧型,,D,回避：资金观望,-1.2
600960,渤海汽车,3.94,-47.8,0.76,10.9,4.74,8576448,14826213,4680686,-4065447,-3402153,7536188,缩量,低,情绪退潮,观望,趋势转多型,,D,回避：资金观望,1.6
600938,中国海油,33.54,-11.6,0.99,17.6,-3.53,-244699780,25872201,-222414732,193508899,281290006,-134716292,缩量,低,情绪退潮,吸筹,资金观望型,机构吸筹+盈利(关注),C,谨慎：资金流入未验证业绩,22.8
600958,东方证券,8.94,-43.7,1.04,-30.5,-9.93,-156817160,-299671048,-139150030,40395637,42152338,-24305445,缩量,低,情绪退潮,吸筹,长线吸筹型,机构吸筹+盈利(关注),C,谨慎：资金流入未验证业绩,20.7
600963,岳阳林纸,3.44,-12.4,0.5,-18.8,0.51,2068951,7029561,-12178576,-5605290,-9636118,2176573,缩量,低,情绪退潮,观望,趋势转多型,,D,回避：资金观望,0.2
600968,海油发展,4.01,-26.3,0.71,-18.7,-1.96,-12900001,-17940552,-143411181,8466468,-1274077,-12913863,缩量,低,情绪退潮,观望,资金撤退型,,D,回避：资金撤退,-0.7
600969,郴电国际,10.32,53.4,0.82,-17.6,-3.04,-20462423,-12131280,68477416,6098871,3783806,1490646,放量,低,游资情绪,观望,长线吸筹型,,D,回避：资金观望,7.0
600961,株冶集团,25.01,-57.8,0.43,-36.6,1.68,60459316,-21499216,-340573834,34462965,6885349,-87533637,缩量,低,情绪退潮,进场,资金观望型,资金+业绩共振(双击候选),B,关注：资金+业绩共振,72.6
600975,新五丰,5.34,76.9,1.18,34.8,1.37,10062902,-28136096,23175839,-801627,-5927587,4714827,放量,低,游资情绪,观望,资金观望型,,D,回避：资金观望,8.5
600977,中国电影,13.53,30.6,1.16,-21.8,-0.29,-4732447,-59885870,-59181771,5952292,29902833,5770830,缩量,低,情绪退潮,观望,资金观望型,,D,回避：资金观望,-0.1
600980,北矿科技,19.39,-24.3,0.95,-35.0,-1.97,-3191535,-7363395,-14931470,-922478,-3171369,-5213693,缩量,低,情绪退潮,观望,资金撤退型,,D,回避：资金撤退,-0.7
600979,广安爱众,4.01,-12.7,0.13,147.1,-4.19,-35500974,-30592265,-42061055,-5985006,-7381055,-658519,缩量,低,情绪退潮,观望,资金观望型,,D,回避：资金观望,-1.4
600973,宝胜股份,6.16,-53.4,0.59,20.6,-6.24,-28461785,-12228305,-86192246,3311543,4905708,-1026834,缩量,低,情绪退潮,吸筹,资金观望型,纯资金炒作(亏损风险),C,谨慎：纯资金炒作,1.9
600971,恒源煤电,8.54,-18.3,0.75,-48.6,-0.74,-3635933,-7222261,-70169489,9439289,8064070,-2213834,缩量,低,情绪退潮,吸筹,资金撤退型,纯资金炒作(亏损风险),C,谨慎：纯资金炒作,3.8
600984,建设机械,3.55,-61.1,0.99,-75.2,-5.47,-17583086,-44397919,-331661920,-11240305,-10553428,6844683,缩量,低,情绪退潮,观望,资金撤退型,,D,回避：资金撤退,-1.8
600986,浙文互联,7.19,-65.5,0.2,-47.2,-3.04,-29891074,-113829660,-162644637,21843837,18630669,-28083291,缩量,低,情绪退潮,观望,资金撤退型,,D,回避：资金撤退,-1.0
600976,健民集团,27.58,-36.6,2.23,-36.2,-5.98,-9291795,-26464331,-130030,7190400,6792090,-4234887,缩量,低,情绪退潮,吸筹,长线吸筹型,机构吸筹+盈利(关注),C,谨慎：资金流入未验证业绩,22.0
600988,赤峰黄金,42.96,-38.5,1.43,-30.7,3.69,392015071,189432764,-975107106,-147332205,-107307527,109757234,缩量,低,情绪退潮,观望,资金观望型,,D,回避：资金观望,1.2
600985,淮北矿业,16.71,-30.9,1.34,-48.4,5.17,69695821,54166686,-83951666,13526502,3349923,-17476322,缩量,中,主力惜售,进场,资金观望型,资金+业绩共振(双击候选),B,关注：资金+业绩共振,85.7
600993,马应龙,22.72,-57.9,1.55,-22.0,-5.24,-15324712,-51732661,-21892307,755657,669080,-8746235,缩量,低,情绪退潮,观望,长线吸筹型,,D,回避：资金观望,-1.7
600989,宝丰能源,23.7,-49.5,0.52,-6.6,1.39,92339102,-52280967,-200034640,11995659,39422424,9833099,缩量,低,情绪退潮,进场,资金观望型,资金+业绩共振(双击候选),B,关注：资金+业绩共振,72.5
600999,招商证券,17.91,-64.4,2.92,-47.5,-1.13,-34610001,-270018292,184941360,-17161588,82435,21750491,缩量,低,情绪退潮,观望,长线吸筹型,,D,回避：资金观望,-0.4
601002,晋亿实业,5.28,-68.4,0.41,-42.7,2.9,5419290,-6536603,-24770538,-4151703,-1686480,1797986,缩量,低,情绪退潮,观望,资金观望型,,D,回避：资金观望,1.0
600992,贵绳股份,10.57,12.4,1.71,17.0,-0.92,-2721827,1232824,-8494459,38770180,36305083,-32817934,缩量,低,情绪退潮,吸筹,资金观望型,机构吸筹+盈利(关注),C,谨慎：资金流入未验证业绩,23.7
600998,九州通,5.01,-7.6,1.01,-9.9,-1.96,-16126373,-45953902,-23254566,8386701,20950481,-3372464,缩量,低,情绪退潮,吸筹,资金观望型,机构吸筹+盈利(关注),C,谨慎：资金流入未验证业绩,23.3
601000,唐山港,4.47,-15.2,1.36,-16.0,3.07,24404253,32385195,70443227,10567493,3935355,-26341420,缩量,低,情绪退潮,进场,均衡流入型,资金+业绩共振(双击候选),B,关注：资金+业绩共振,73.0
601007,金陵饭店,6.91,23.0,0.16,-7.1,-4.41,-9466298,-17527827,-8189560,2136090,-49347,3407825,缩量,低,情绪退潮,观望,资金观望型,,D,回避：资金观望,-1.5
601015,陕西黑猫,3.64,53.4,0.56,3.9,2.03,31705427,46759979,63856423,-6960108,-6418112,2533025,放量,低,游资情绪,观望,均衡流入型,,D,回避：资金观望,8.7
601008,连云港,4.53,115.3,0.96,170.9,-1.54,-7668804,-2023794,-13275796,2699599,7264907,4736428,放量,低,游资情绪,抢筹,资金观望型,机构吸筹+盈利(关注),C,谨慎：资金流入未验证业绩,47.5
601011,宝泰隆,3.01,64.6,0.77,-41.6,-0.22,-1332089,-1395999,-26930834,21257598,29488262,-9211392,放量,低,游资情绪,抢筹,资金撤退型,纯资金炒作(亏损风险),C,谨慎：纯资金炒作,27.9
601038,一拖股份,14.05,-1.6,1.78,-50.8,-3.53,-15961213,-49085578,-11908236,1888031,-2130145,13886594,缩量,低,情绪退潮,观望,长线吸筹型,,D,回避：资金观望,-1.2
601019,山东出版,6.81,-5.9,1.2,-37.1,2.71,7828403,5906742,21120356,4541917,2511273,-756976,缩量,低,情绪退潮,吸筹,资金观望型,资金+业绩共振(双击候选),B,关注：资金+业绩共振,64.9
601068,中铝国际,4.43,-27.3,0.71,-9.8,-3.49,-6372445,-1735800,-3127666,-368480,1000656,548929,缩量,低,情绪退潮,观望,资金观望型,,D,回避：资金观望,-1.2
601033,永兴股份,14.36,-36.8,1.29,-34.3,3.54,6462985,-4593064,-13791400,1798613,1728804,-2748047,缩量,低,情绪退潮,进场,资金观望型,资金+业绩共振(双击候选),B,关注：资金+业绩共振,73.2
601058,赛轮轮胎,13.79,12.7,0.98,-28.7,4.0,90267199,197656266,-197540294,70637473,61499200,-80782007,缩量,低,情绪退潮,进场,趋势转多型,资金+业绩共振(双击候选),B,关注：资金+业绩共振,73.3
601088,中国神华,46.8,-53.6,1.02,-26.7,-5.23,-211903503,44878348,150823569,25818497,-9740863,-95230152,缩量,低,情绪退潮,观望,资金观望型,,D,回避：资金观望,-1.7
601083,锦江航运,13.02,137.9,0.56,-39.5,3.33,21831711,12609779,-36771463,7164672,2122169,1039917,放量,低,游资情绪,进场,资金观望型,资金+业绩共振(双击候选),B,关注：资金+业绩共振,81.1
601101,昊华能源,13.5,-31.4,0.78,-55.0,-9.34,-107890652,-176575598,-305180957,16078594,15015992,-22070260,缩量,低,情绪退潮,观望,资金撤退型,,D,回避：资金撤退,-3.1
601096,宏盛华源,4.16,-47.7,0.92,0.2,2.16,6220168,17341127,9137152,4413129,4508197,-342729,缩量,低,情绪退潮,吸筹,趋势转多型,资金+业绩共振(双击候选),B,关注：资金+业绩共振,64.7
601098,中南传媒,10.4,-19.6,1.21,-20.1,4.2,20519373,60428659,82977048,1911916,-2428369,-2811919,缩量,低,情绪退潮,进场,主力建仓型,资金+业绩共振(双击候选),B,关注：资金+业绩共振,73.4
601121,宝地矿业,7.28,-46.9,1.36,-13.3,-2.68,-10528121,-5760956,-46378176,1905048,1097535,-1335290,缩量,低,情绪退潮,观望,资金观望型,,D,回避：资金观望,-0.9
601126,四方股份,40.58,-43.8,0.73,12.1,-1.34,-47212061,79107215,-277956673,23045560,-15574583,-74530295,缩量,低,情绪退潮,观望,资金观望型,,D,回避：资金观望,-0.4
601138,工业富联,63.6,-37.3,0.55,-28.2,-3.31,-819304390,-237036047,1094000389,-179436132,-297699152,133894529,缩量,低,情绪退潮,观望,高位分歧型,,D,回避：资金观望,-1.1
601155,新城控股,12.7,216.1,1.27,-24.4,2.75,42515187,11940695,2660489,-21586098,-12944199,-710310,放量,低,游资情绪,观望,资金观望型,,D,回避：资金观望,8.9
601158,重庆水务,4.02,-12.1,1.2,7.9,-2.48,-3498502,1783501,7110095,3246928,3299068,-4538156,缩量,低,情绪退潮,观望,资金观望型,,D,回避：资金观望,-0.8
601166,兴业银行,17.73,-48.0,1.03,-45.4,-5.99,-335512857,-1076656012,-2090709014,8639959,-10930301,30185076,缩量,低,情绪退潮,观望,资金撤退型,,D,回避：资金撤退,-2.0
601133,XD柏诚股,25.79,-25.0,1.8,-12.2,7.66,109848350,112606015,82562588,21036501,2680907,-46569859,缩量,中,主力惜售,进场,趋势转多型,资金+业绩共振(双击候选),B,关注：资金+业绩共振,86.6
601139,深圳燃气,6.32,-47.3,0.97,-19.0,1.04,4426423,-8080989,15238147,6780669,5256987,-11467196,缩量,低,情绪退潮,进场,资金观望型,资金+业绩共振(双击候选),B,关注：资金+业绩共振,72.3
601169,北京银行,5.54,19.5,0.71,-31.5,-1.99,-85432167,-270450332,-460577474,24987667,82246500,17053746,缩量,低,情绪退潮,观望,资金撤退型,,D,回避：资金撤退,-0.7
601156,东航物流,18.09,-52.3,1.91,-7.9,-9.78,-71651801,-127577298,-158619181,-506743,1716657,-317338,缩量,低,情绪退潮,吸筹,资金撤退型,机构吸筹+盈利(关注),C,谨慎：资金流入未验证业绩,20.7
601179,中国西电,12.37,-71.8,0.62,-21.7,-4.87,-145793680,-357960257,-521299511,4269107,27474935,11206082,缩量,低,情绪退潮,观望,资金撤退型,,D,回避：资金撤退,-1.6
601163,三角轮胎,12.48,-58.2,0.67,-38.8,5.0,6449412,16199914,32357002,-1204113,12522,-117920,缩量,中,主力惜售,进场,主力强攻型,资金+业绩共振(双击候选),B,关注：资金+业绩共振,85.7
601200,上海环境,6.86,-37.7,0.76,3.9,-5.26,-10222556,-11050956,-30176159,-4182206,-7161566,-253755,缩量,低,情绪退潮,观望,资金撤退型,,D,回避：资金撤退,-1.8
601186,中国铁建,6.06,-56.7,0.98,7.9,-8.49,-64072509,-79984552,-69030780,15507583,17332518,-7959645,缩量,低,情绪退潮,吸筹,资金观望型,机构吸筹+盈利(关注),C,谨慎：资金流入未验证业绩,21.2
601216,君正集团,4.65,-14.4,0.62,-20.4,0.93,10244251,-77017772,-170026968,-9630001,-10847285,6077322,缩量,低,情绪退潮,观望,资金观望型,,D,回避：资金观望,0.3
601225,陕西煤业,25.7,-35.1,0.86,-17.3,-2.13,-72550864,54249494,-190530532,6830178,-21179271,44224365,缩量,低,情绪退潮,观望,资金观望型,,D,回避：资金观望,-0.7
601222,林洋能源,5.98,-14.9,0.74,-55.9,-1.95,-9707041,-17069378,-4013126,-2988403,-1005481,5920671,缩量,低,情绪退潮,观望,资金观望型,,D,回避：资金观望,-0.7
601233,桐昆股份,24.4,-10.3,1.64,-40.1,-0.77,-28757263,-191463696,64899707,-58748226,-37489239,16248305,缩量,低,情绪退潮,观望,资金观望型,,D,回避：资金观望,-0.3
601231,环旭电子,26.52,-21.6,0.42,53.0,0.4,20140563,438837603,407542068,-35752394,-38381372,41977749,缩量,低,情绪退潮,观望,趋势转多型,,D,回避：资金观望,0.1
601238,广汽集团,5.09,-100.0,2.04,-45.8,1.07,4912822,-14508060,52108668,0,0,0,缩量,低,情绪退潮,观望,长线吸筹型,,D,回避：资金观望,0.4
601298,青岛港,9.79,-0.6,1.43,37.6,3.13,18677532,37761693,28777577,-6700616,-2020104,7276990,缩量,低,情绪退潮,观望,趋势转多型,,D,回避：资金观望,1.0
601228,广州港,3.1,-17.0,1.03,-9.9,3.74,12059381,-917151,5588142,6244356,5440775,-7285257,缩量,低,情绪退潮,进场,资金观望型,资金+业绩共振(双击候选),B,关注：资金+业绩共振,73.2
601236,红塔证券,6.84,-30.1,1.56,-49.1,-6.93,-21633312,-64353934,-11439094,6063085,8385985,-771276,缩量,低,情绪退潮,吸筹,长线吸筹型,机构吸筹+盈利(关注),C,谨慎：资金流入未验证业绩,21.7
601311,骆驼股份,7.47,-54.5,0.13,-48.9,-3.26,-7215517,-40599523,-35507682,3625942,6079743,-3102055,缩量,低,情绪退潮,吸筹,资金观望型,机构吸筹+盈利(关注),C,谨慎：资金流入未验证业绩,22.9
601339,百隆东方,7.22,-50.8,0.97,-25.1,-12.45,-33620965,-41244633,-24174625,5072392,-817064,-1747433,缩量,低,情绪退潮,观望,资金观望型,,D,回避：资金观望,-4.1
601279,英利汽车,3.51,22.9,0.86,68.1,11.05,45918238,51745328,59566110,6378924,4265712,-4611791,缩量,高,主力控盘,控盘,均衡流入型,控盘+亏损(警惕),C,谨慎：控盘但亏损,27.7
601336,新华保险,58.54,-64.8,1.67,-48.7,-2.09,-65613247,-346245733,-387374625,19583641,1913594,-30068768,缩量,低,情绪退潮,观望,资金撤退型,,D,回避：资金撤退,-0.7
601318,中国平安,53.98,-32.2,1.32,-36.1,1.27,180792271,-1360962453,-92876560,340574253,181623783,-369266618,缩量,低,情绪退潮,进场,长线吸筹型,资金+业绩共振(双击候选),B,关注：资金+业绩共振,72.4
601319,中国人保,8.04,25.9,1.98,-42.3,2.14,60300029,-58265749,-282468254,144087674,182158372,-111350751,缩量,低,情绪退潮,吸筹,资金观望型,资金+业绩共振(双击候选),B,关注：资金+业绩共振,64.7
601366,利群股份,3.67,-14.4,0.73,-30.0,2.61,4894308,-2748509,2069313,-1843085,-21362,3172160,缩量,低,情绪退潮,观望,资金观望型,,D,回避：资金观望,0.9
601333,广深铁路,3.1,0.3,1.64,-24.9,0.24,2391607,-67007944,-205906585,20991925,21646265,-20817088,缩量,低,情绪退潮,吸筹,资金观望型,资金+业绩共振(双击候选),B,关注：资金+业绩共振,64.1
601360,三六零,9.03,3.6,1.2,-16.1,2.65,137190341,-32693348,194222219,162377143,183428310,-65826597,缩量,低,情绪退潮,吸筹,资金观望型,资金+业绩共振(双击候选),B,关注：资金+业绩共振,64.9
601390,中国中铁,4.33,-45.0,0.89,-14.1,-5.48,-80992396,-89997476,-158232085,145926,16948138,5583660,缩量,低,情绪退潮,观望,资金撤退型,,D,回避：资金撤退,-1.8
601377,兴业证券,5.97,-44.7,1.61,-25.1,-1.48,-25257973,-189191909,-99769712,-10719895,-14084824,7116178,缩量,低,情绪退潮,观望,资金观望型,,D,回避：资金观望,-0.5
601388,怡球资源,3.25,-48.3,0.3,-56.5,-12.93,-48522746,-56759017,-66309655,-581313,-1124541,1616228,缩量,低,情绪退潮,观望,资金撤退型,,D,回避：资金撤退,-4.3
601500,通用股份,3.91,-42.5,1.07,-30.6,-2.28,-4636238,-14945181,-22908406,5395756,494876,-3858778,缩量,低,情绪退潮,观望,资金撤退型,,D,回避：资金撤退,-0.8
601456,国联民生,8.7,-44.6,0.74,-40.2,2.35,10570957,-14008546,-19820247,-2906724,9632139,1809157,缩量,低,情绪退潮,观望,资金观望型,,D,回避：资金观望,0.8
601512,中新集团,8.48,30.4,0.06,-16.5,-0.31,-386668,9625034,763831,1484519,0,-600825,缩量,低,情绪退潮,观望,资金观望型,,D,回避：资金观望,-0.1
601515,衢州东峰,3.3,-48.8,0.38,-23.9,4.39,8130063,658082,-7902453,-9053332,-6127295,3655841,缩量,低,情绪退潮,观望,资金观望型,,D,回避：资金观望,1.5
601555,东吴证券,8.31,-32.1,1.03,-40.7,0.89,9959620,21415876,-225819672,-5814241,-7915932,-2391184,缩量,低,情绪退潮,观望,趋势转多型,,D,回避：资金观望,0.3
601566,九牧王,9.2,175.7,0.65,-4.0,-2.33,-21354695,-64243517,36670289,-1883620,-1347370,11159289,放量,低,游资情绪,观望,长线吸筹型,,D,回避：资金观望,7.2
601577,长沙银行,9.72,-14.6,0.98,-14.9,-8.89,-79317247,-128289692,-165982106,6980388,5658937,-10411386,缩量,低,情绪退潮,观望,资金撤退型,,D,回避：资金撤退,-3.0
601518,吉林高速,2.79,-7.9,0.79,-32.4,3.19,4592062,-18103993,-19678592,5150165,920687,-6351640,缩量,低,情绪退潮,进场,资金观望型,资金+业绩共振(双击候选),B,关注：资金+业绩共振,73.1
601567,三星电气,14.58,9.7,0.45,33.1,6.78,125714078,133699567,121567819,36943709,22407704,-16798555,缩量,中,主力惜售,吸筹,趋势转多型,资金+业绩共振(双击候选),B,关注：资金+业绩共振,78.3
601568,北元化工,3.7,-10.0,0.68,57.3,2.57,7557006,21757010,-7849339,9390266,8724365,-10879040,缩量,低,情绪退潮,进场,趋势转多型,资金+业绩共振(双击候选),B,关注：资金+业绩共振,72.9
601598,中国外运,6.48,-37.7,1.43,-37.1,0.65,2398974,583071,11106336,-769724,-92402,823598,缩量,低,情绪退潮,观望,资金观望型,,D,回避：资金观望,0.2
601601,中国太保,32.0,-20.0,1.67,-39.1,-3.17,-148572214,-427143586,-357329910,133771208,65622147,-154733791,缩量,低,情绪退潮,观望,资金观望型,,D,回避：资金观望,-1.1
601599,浙文影业,3.27,6.2,0.68,-42.8,-2.81,-8270669,-9333195,-25442050,-7830570,-6303448,10874755,缩量,低,情绪退潮,观望,资金撤退型,,D,回避：资金撤退,-0.9
601579,会稽山,36.12,1071.3,0.56,56.3,4.61,198417154,365616845,570225749,25328991,22292483,17042216,放量,低,游资情绪,进场,主力建仓型,资金+业绩共振(双击候选),B,关注：资金+业绩共振,81.5
601606,长城军工,33.25,-15.0,1.93,2.8,-5.88,-264892310,-339042972,120502949,-1873513,-1544528,-19879724,缩量,低,情绪退潮,观望,长线吸筹型,,D,回避：资金观望,-2.0
601588,北辰实业,1.79,139.4,0.52,-10.3,0.46,1457336,-8874253,-1162870,-5319189,424367,-157287,放量,低,游资情绪,吸筹,资金观望型,纯资金炒作(亏损风险),C,谨慎：纯资金炒作,12.2
601607,上海医药,16.09,-27.5,1.91,-18.7,-5.74,-43885926,-69625734,-89690591,11397469,2246366,-10622689,缩量,低,情绪退潮,观望,资金撤退型,,D,回避：资金撤退,-1.9
601595,上海电影,24.1,164.6,1.45,66.3,0.76,13296727,271759940,336830374,6864995,7386484,10745065,放量,低,游资情绪,抢筹,均衡流入型,资金+业绩共振(双击候选),B,关注：资金+业绩共振,88.3
601611,中国核建,10.44,-71.2,1.07,12.7,-14.81,-171344098,-81952567,-186865076,-23449198,-12804344,17097180,缩量,低,情绪退潮,观望,资金观望型,,D,回避：资金观望,-4.9
601616,广电电气,3.86,-57.6,0.7,-34.0,-5.45,-11657766,2191779,-42197778,1703226,-967077,1235979,缩量,低,情绪退潮,观望,资金观望型,,D,回避：资金观望,-1.8
601615,明阳智能,9.78,-51.5,0.51,-11.0,2.73,69061829,29045547,-603648252,-24640468,-18578315,54368280,缩量,低,情绪退潮,观望,资金观望型,,D,回避：资金观望,0.9
601618,中国中冶,2.56,-29.8,1.1,1.3,-1.01,-10005963,-30310548,-68655670,-9581662,-18156718,-14985535,缩量,低,情绪退潮,观望,资金撤退型,,D,回避：资金撤退,-0.3
601665,齐鲁银行,6.91,46.2,0.7,-16.2,-4.04,-71694641,-177813408,-168100678,-6690974,-44356907,1347961,缩量,低,情绪退潮,观望,资金观望型,,D,回避：资金观望,-1.3
601636,旗滨集团,5.74,-44.1,1.17,-6.7,-1.45,-25882401,-42352345,-25488071,5636814,24765123,49728207,缩量,低,情绪退潮,观望,资金观望型,,D,回避：资金观望,-0.5
601658,邮储银行,5.35,-25.5,1.48,-42.9,-8.24,-306300199,-405989846,-837537829,-28953252,-35205073,30573868,缩量,低,情绪退潮,观望,资金撤退型,,D,回避：资金撤退,-2.7
601677,明泰铝业,16.83,-47.0,0.68,-3.4,-0.92,-13678140,-19356548,-35954351,19075740,12637508,-34313877,缩量,低,情绪退潮,观望,资金撤退型,,D,回避：资金撤退,-0.3
601688,华泰证券,18.47,-47.6,0.84,-25.1,-5.54,-240375339,-593061180,-496862829,-98620025,-54641041,31386135,缩量,低,情绪退潮,观望,资金观望型,,D,回避：资金观望,-1.8
601633,长城汽车,14.04,-34.8,1.08,56.8,-8.53,-97706143,-79798775,-69257549,12964936,10518571,-9656980,缩量,低,情绪退潮,吸筹,资金观望型,机构吸筹+盈利(关注),C,谨慎：资金流入未验证业绩,21.2
601696,中银证券,11.38,-51.0,1.86,-44.5,-6.36,-76850870,-288189715,-138261496,-14323848,-18061152,4878760,缩量,低,情绪退潮,观望,长线吸筹型,,D,回避：资金观望,-2.1
601668,中国建筑,4.31,-15.8,1.54,-27.0,-2.66,-111812139,-229753694,-458848491,39329694,43449183,-22709251,缩量,低,情绪退潮,吸筹,资金撤退型,机构吸筹+盈利(关注),C,谨慎：资金流入未验证业绩,23.1
601686,友发集团,5.11,-29.0,0.63,-10.6,6.27,6411928,-670562,-16005239,1975949,2675627,-2975259,缩量,中,主力惜售,进场,资金观望型,资金+业绩共振(双击候选),B,关注：资金+业绩共振,86.1
601699,潞安环能,15.61,-34.7,1.13,-34.7,-5.58,-92724540,-122212426,-128612098,10877090,-1225196,-13275926,缩量,低,情绪退潮,观望,资金撤退型,,D,回避：资金撤退,-1.9
601669,中国电建,4.64,-50.8,0.41,28.1,-2.61,-51746759,-113093472,-217905454,10139509,22668067,-786769,缩量,低,情绪退潮,吸筹,资金撤退型,机构吸筹+盈利(关注),C,谨慎：资金流入未验证业绩,23.1
601727,上海电气,6.51,-60.0,0.77,5.6,-11.8,-180700657,-221260462,-123585342,-29218143,-26348304,22172161,缩量,低,情绪退潮,观望,资金观望型,,D,回避：资金观望,-3.9
601689,拓普集团,45.76,-42.7,1.24,-4.3,-2.38,-129028316,-387656169,-637440955,62556747,48983511,-42639992,缩量,低,情绪退潮,吸筹,资金撤退型,机构吸筹+盈利(关注),C,谨慎：资金流入未验证业绩,23.2
601700,风范股份,6.48,42.3,3.44,-62.9,-5.42,-104132270,-275032612,-350853461,19622732,15257202,-20870832,缩量,低,情绪退潮,观望,资金撤退型,,D,回避：资金撤退,-1.8
601728,中国电信,6.16,-50.6,1.34,-0.8,-5.6,-122130929,-84735994,-130282607,24868075,-14762765,-36677794,缩量,低,情绪退潮,观望,资金观望型,,D,回避：资金观望,-1.9
601766,中国中车,6.08,-51.1,1.22,-11.0,-8.38,-273000954,-166478526,-140922629,10067165,13710916,5764162,缩量,低,情绪退潮,观望,资金观望型,,D,回避：资金观望,-2.8
601777,千里科技,7.8,-47.5,0.46,-26.3,-6.6,-39244456,-31883713,-59020918,8029522,2451314,6694618,缩量,低,情绪退潮,观望,资金观望型,,D,回避：资金观望,-2.2
601789,宁波建工,4.2,-52.0,0.36,-33.9,-5.42,-17674538,-64800580,-100620795,6098649,3268689,-3528859,缩量,低,情绪退潮,观望,资金撤退型,,D,回避：资金撤退,-1.8
601799,星宇股份,72.28,-30.1,1.04,-46.9,-3.19,-41750925,-63376334,-157626258,2965601,-1492722,-6887852,缩量,低,情绪退潮,观望,资金撤退型,,D,回避：资金撤退,-1.1
601808,中海油服,12.52,-32.2,0.8,-10.2,-2.79,-23514438,-15149722,-110144488,-1880470,-2356670,11901890,缩量,低,情绪退潮,观望,资金观望型,,D,回避：资金观望,-0.9
601827,三峰环境,7.83,-20.6,1.31,7.5,-1.81,-4219484,-25106850,-12262449,-4560825,-2424953,2403238,缩量,低,情绪退潮,观望,资金观望型,,D,回避：资金观望,-0.6
601838,成都银行,19.12,29.0,0.69,11.9,-1.96,-40190158,-50096707,-105112836,29440855,5997727,-92537091,缩量,低,情绪退潮,观望,资金撤退型,,D,回避：资金撤退,-0.7
601800,中国交建,5.88,-59.0,1.1,-10.4,-7.78,-49216976,-68097380,-65660002,11365181,11315126,-1333042,缩量,低,情绪退潮,吸筹,资金观望型,机构吸筹+盈利(关注),C,谨慎：资金流入未验证业绩,21.4
601857,中国石油,10.67,-26.7,0.87,10.5,-2.52,-153437867,174219156,-354471863,91374837,105553835,-124044049,缩量,低,情绪退潮,观望,资金观望型,,D,回避：资金观望,-0.8
601818,光大银行,3.02,-27.7,1.75,-25.1,1.21,30633152,-117258135,-142006602,23631549,24487230,-20225545,缩量,低,情绪退潮,吸筹,资金观望型,资金+业绩共振(双击候选),B,关注：资金+业绩共振,64.4
601865,福莱特,9.45,-60.7,0.87,-34.8,-0.03,-134173,-27657679,-32011558,2600096,1916937,7203504,缩量,低,情绪退潮,观望,资金撤退型,,D,回避：资金撤退,-0.0
601825,沪农商行,8.82,-39.7,0.98,-5.2,-5.28,-46052073,-92086748,-60588551,7159914,4268451,-3020049,缩量,低,情绪退潮,吸筹,资金观望型,机构吸筹+盈利(关注),C,谨慎：资金流入未验证业绩,22.2
601872,招商轮船,22.91,99.1,0.75,91.3,1.53,286447501,1359731257,1057642843,-90952648,-19182713,-7434120,放量,低,游资情绪,观望,趋势转多型,,D,回避：资金观望,8.5
601877,正泰电器,25.3,-45.2,0.6,-38.8,0.1,1599711,-78156046,-76654952,-1516659,-1183896,12618037,缩量,低,情绪退潮,观望,资金观望型,,D,回避：资金观望,0.0
601858,中国科传,20.86,-33.6,1.01,5.6,-3.77,-28066549,69809907,146030518,24621704,14853403,-12645024,缩量,低,情绪退潮,吸筹,高位分歧型,机构吸筹+盈利(关注),C,谨慎：资金流入未验证业绩,22.7
601860,紫金银行,2.57,-15.4,0.97,-13.5,4.51,29391397,9496957,-93454047,17284703,16206437,-17314102,缩量,低,情绪退潮,进场,资金观望型,资金+业绩共振(双击候选),B,关注：资金+业绩共振,73.5
601881,中国银河,12.13,-60.7,1.19,-17.7,-5.14,-64033287,-213023448,-152759077,16570108,18976518,1257698,缩量,低,情绪退潮,观望,资金观望型,,D,回避：资金观望,-1.7
601888,中国中免,52.23,-68.0,1.68,-30.6,-4.2,-135955690,-803123981,-423592261,7441935,-5846389,-21922938,缩量,低,情绪退潮,观望,长线吸筹型,,D,回避：资金观望,-1.4
601869,长飞光纤,458.99,-21.7,0.84,7.9,-0.58,-165327306,1815642063,1636638986,-34532006,37937618,-430850,缩量,低,情绪退潮,吸筹,资金观望型,机构吸筹+盈利(关注),C,谨慎：资金流入未验证业绩,23.8
601868,中国能建,2.45,-45.0,0.41,27.6,-2.63,-68183261,-73915910,-97949353,39426507,40121041,-9359754,缩量,低,情绪退潮,吸筹,资金撤退型,机构吸筹+盈利(关注),C,谨慎：资金流入未验证业绩,23.1
601880,辽港股份,1.47,-24.7,1.18,33.3,0.17,1121882,4450615,20578111,3110241,7148929,-1684532,缩量,低,情绪退潮,吸筹,均衡流入型,资金+业绩共振(双击候选),B,关注：资金+业绩共振,64.1
601890,亚星锚链,10.03,319.3,0.23,252.3,-3.76,-129996932,193444586,214317563,21658614,9380392,-29405146,放量,低,游资情绪,观望,资金观望型,,D,回避：资金观望,6.7
601900,南方传媒,12.15,58.8,0.46,2.1,-6.31,-53432775,-41529157,-84865145,-3927137,-11032583,11606025,放量,低,游资情绪,观望,资金观望型,,D,回避：资金观望,5.9
601899,紫金矿业,31.3,-62.4,0.96,-12.3,-2.53,-728442943,465427069,-1569286304,-424114794,-413381794,483171282,缩量,低,情绪退潮,观望,资金观望型,,D,回避：资金观望,-0.8
601898,中煤能源,14.27,-35.1,0.93,-34.6,-5.9,-118496670,-326376230,-158371789,11839137,439655,-49441897,缩量,低,情绪退潮,观望,长线吸筹型,,D,回避：资金观望,-2.0
601916,浙商银行,2.91,-27.3,2.02,-33.8,-1.11,-17707589,94130137,135999905,17837543,10645617,-13685726,缩量,低,情绪退潮,观望,资金观望型,,D,回避：资金观望,-0.4
601918,新集能源,10.7,-28.5,0.86,-29.7,-5.16,-78992192,-39469383,-65445287,-20342237,-228494,43398400,缩量,低,情绪退潮,观望,资金观望型,,D,回避：资金观望,-1.7
601919,中远海控,16.71,39.7,1.28,-27.6,2.57,169543599,159290758,-1208660648,-143521014,-164097580,98275990,缩量,低,情绪退潮,观望,资金观望型,,D,回避：资金观望,0.9
601939,建设银行,10.93,-34.1,2.48,-15.1,-6.05,-300065191,-556365612,-645047681,5053202,3676394,-24519473,缩量,低,情绪退潮,观望,资金撤退型,,D,回避：资金撤退,-2.0
601952,苏垦农发,9.65,282.5,0.34,44.4,-3.93,-72163056,157472547,206937131,-31406025,-18127532,58656365,放量,低,游资情绪,观望,资金观望型,,D,回避：资金观望,6.7
601956,东贝集团,4.89,-45.8,0.61,-12.2,1.09,1160786,-8331458,113537,-431533,817186,699304,缩量,低,情绪退潮,观望,长线吸筹型,,D,回避：资金观望,0.4
601963,重庆银行,10.9,-48.7,1.39,-24.4,-1.25,-6528292,-3945637,14848727,1725220,2237676,-8877234,缩量,低,情绪退潮,观望,资金观望型,,D,回避：资金观望,-0.4
601921,浙版传媒,7.5,51.0,0.27,-9.7,1.79,4641070,5948018,6228285,4237532,2599723,-1091764,放量,低,游资情绪,抢筹,均衡流入型,资金+业绩共振(双击候选),B,关注：资金+业绩共振,88.6
601958,金钼股份,20.93,-60.7,2.02,-45.0,-4.43,-123202119,-167752075,-235651453,8325576,39017923,5589808,缩量,低,情绪退潮,观望,资金撤退型,,D,回避：资金撤退,-1.5
601965,中国汽研,13.01,-46.6,0.69,-37.7,-4.55,-13904743,-41930412,-54504810,-2479196,-2942014,4950904,缩量,低,情绪退潮,观望,资金撤退型,,D,回避：资金撤退,-1.5
601928,凤凰传媒,8.27,20.6,1.41,-18.5,1.79,7952710,8542391,9862168,13866744,8337225,-21980634,缩量,低,情绪退潮,进场,均衡流入型,资金+业绩共振(双击候选),B,关注：资金+业绩共振,72.6
601929,吉视传媒,2.46,14.3,1.03,-17.8,-2.52,-30721923,-45956900,95740129,28462981,32374725,-5195130,缩量,低,情绪退潮,吸筹,长线吸筹型,纯资金炒作(亏损风险),C,谨慎：纯资金炒作,3.2
601933,永辉超市,3.08,-34.2,1.04,-11.8,-5.36,-91785775,-253561890,-105021242,35723433,30700106,-22166338,缩量,低,情绪退潮,吸筹,资金观望型,纯资金炒作(亏损风险),C,谨慎：纯资金炒作,2.2
601969,海南矿业,9.4,-51.9,0.86,-23.4,-2.69,-14007965,-14150081,-62397395,436995,113305,4256208,缩量,低,情绪退潮,观望,资金撤退型,,D,回避：资金撤退,-0.9
601985,中国核电,8.91,-50.7,0.79,-36.0,-2.25,-69721419,-154404690,240853933,44268316,24327327,-48944051,缩量,低,情绪退潮,观望,长线吸筹型,,D,回避：资金观望,-0.8
601988,中国银行,6.63,-26.2,2.01,-25.8,-1.06,-68434287,275824163,-243298308,-20317934,-16642372,20696516,缩量,低,情绪退潮,观望,资金观望型,,D,回避：资金观望,-0.4
601990,南京证券,6.7,-34.3,1.38,-35.2,-1.34,-5634219,-50801043,-67726218,2009295,-2104037,-2504575,缩量,低,情绪退潮,观望,资金撤退型,,D,回避：资金撤退,-0.4
601991,大唐发电,5.59,-81.2,4.95,33.4,-3.42,-173372351,-47607111,-608566472,-62096722,-35321797,56778423,缩量,低,情绪退潮,观望,资金观望型,,D,回避：资金观望,-1.1
601975,招商南油,4.85,54.7,0.92,29.2,-7.44,-386676516,-322309360,-420571790,52497037,35487024,-13107051,放量,低,游资情绪,吸筹,资金观望型,机构吸筹+盈利(关注),C,谨慎：资金流入未验证业绩,29.5
601996,丰林集团,2.99,17.0,0.39,30.6,-1.46,-5661593,-16228508,-2180949,708717,-8921064,1207460,缩量,低,情绪退潮,观望,资金观望型,,D,回避：资金观望,-0.5
601997,贵阳银行,5.56,-32.1,0.46,-39.1,-2.42,-26734871,-32464387,-28147844,24330821,20962511,-31641617,缩量,低,情绪退潮,观望,资金观望型,,D,回避：资金观望,-0.8
601999,出版传媒,6.97,1077.2,0.32,110.2,0.51,7431870,18017487,77952243,-19545336,-6779933,17436756,放量,低,游资情绪,观望,均衡流入型,,D,回避：资金观望,8.2
603000,人民网,17.27,99.5,0.95,114.0,4.42,180998717,113782454,97959715,-7452990,-4653034,-4718299,放量,低,游资情绪,观望,资金观望型,,D,回避：资金观望,9.5
603004,鼎龙科技,19.13,-60.4,2.03,1.7,-1.11,-2055053,-12926952,-22070217,3328584,1869962,1690282,缩量,低,情绪退潮,观望,资金撤退型,,D,回避：资金撤退,-0.4
603005,晶方科技,30.44,-61.8,1.88,11.4,2.39,107476560,223018851,-261895048,-55329600,-49002598,59030339,缩量,低,情绪退潮,观望,趋势转多型,,D,回避：资金观望,0.8
603001,奥康国际,11.47,106.7,1.85,-12.7,6.09,51479687,34518122,27678836,6429894,23833383,-14618360,放量,中,主力偏强放量,抢筹,资金观望型,纯资金炒作(亏损风险),C,谨慎：纯资金炒作,38.0
603011,合锻智能,27.13,-20.4,3.23,-3.9,2.45,160662354,530534010,806378857,-42111964,-29429689,47751531,缩量,低,情绪退潮,观望,主力建仓型,,D,回避：资金观望,0.8
603006,联明股份,10.73,-55.2,0.77,-36.3,-0.99,-1141891,2552025,-2129021,-832832,-1241332,3692100,缩量,低,情绪退潮,观望,资金观望型,,D,回避：资金观望,-0.3
603012,创力集团,9.19,-38.0,1.04,-56.6,0.17,992054,-27727925,-135454842,-853708,-4023927,-3566177,缩量,低,情绪退潮,观望,资金观望型,,D,回避：资金观望,0.1
603017,中衡设计,10.0,-46.8,0.11,-36.5,-1.92,-3175197,-9357841,-12875882,-411791,1000235,2603911,缩量,低,情绪退潮,观望,资金撤退型,,D,回避：资金撤退,-0.6
603015,弘讯科技,10.62,-27.4,0.84,-23.4,-1.11,-2393569,-3184376,-4414587,-2298871,-1877562,-1709476,缩量,低,情绪退潮,观望,资金撤退型,,D,回避：资金撤退,-0.4
603007,顺景科技,4.72,-44.1,0.68,-62.0,-6.23,-20505977,-50877062,58159597,-378677,5861255,-3812379,缩量,低,情绪退潮,吸筹,长线吸筹型,纯资金炒作(亏损风险),C,谨慎：纯资金炒作,1.9
603019,中科曙光,83.94,-79.6,1.36,-34.8,0.29,24104711,-641675478,-1607933219,-204520479,-193168953,138405935,缩量,低,情绪退潮,观望,资金观望型,,D,回避：资金观望,0.1
603010,万盛股份,12.78,-34.3,1.79,30.1,1.77,11836757,8081708,12418768,10767698,4983529,-8352731,缩量,低,情绪退潮,进场,资金观望型,纯资金炒作(亏损风险),C,谨慎：纯资金炒作,12.6
603016,新宏泰,32.57,323.9,0.16,-29.6,5.36,38465619,-25393111,71015047,27664254,19985186,-2878305,放量,中,主力偏强放量,抢筹,资金观望型,资金+业绩共振(双击候选),B,关注：资金+业绩共振,97.8
603014,威高血净,31.47,-60.9,2.47,-23.0,0.61,750688,3217495,-20954119,1386781,1100207,-2697625,缩量,低,情绪退潮,进场,趋势转多型,资金+业绩共振(双击候选),B,关注：资金+业绩共振,72.2
603023,威帝股份,4.12,43.0,0.78,34.6,3.94,17003884,-5341492,6844572,-421206,1961569,7414636,缩量,低,情绪退潮,观望,资金观望型,,D,回避：资金观望,1.3
603028,赛福天,7.05,-3.7,0.49,-19.4,-0.37,-464372,-1857823,-4464414,473155,0,-1756949,缩量,低,情绪退潮,观望,资金撤退型,,D,回避：资金撤退,-0.1
603026,石大胜华,60.09,-56.5,0.36,8.4,-5.14,-79721695,16856819,-93000646,-50826534,-43840303,27836015,缩量,低,情绪退潮,观望,资金观望型,,D,回避：资金观望,-1.7
603029,天鹅股份,16.73,32.3,0.73,-60.1,-0.83,-1919353,-5355943,-21891470,-774386,-1619245,2361519,缩量,低,情绪退潮,观望,资金撤退型,,D,回避：资金撤退,-0.3
603020,爱普股份,12.57,135.3,1.54,196.8,5.5,58654358,73504498,72518294,54646752,66259574,-28162046,放量,中,主力偏强放量,抢筹,短线抢筹型,资金+业绩共振(双击候选),B,关注：资金+业绩共振,97.8
603035,常熟汽饰,10.35,-25.4,0.63,-23.6,-0.04,-81667,-6745466,-15143173,-1410754,621992,423582,缩量,低,情绪退潮,观望,资金撤退型,,D,回避：资金撤退,-0.0
603032,德新科技,18.67,-78.7,0.88,-61.8,-2.48,-11456780,-57331058,37247450,-7522631,-3794624,8620633,缩量,低,情绪退潮,观望,长线吸筹型,,D,回避：资金观望,-0.8
603033,三维股份,7.89,25.3,0.95,23.6,-0.36,-1179787,-18236463,-44968419,-1051408,-12517710,-3936488,缩量,低,情绪退潮,观望,资金撤退型,,D,回避：资金撤退,-0.1
603027,千禾味业,7.33,-57.8,0.96,-34.7,-2.4,-6797219,-4775861,-31255780,107862,2320119,-414277,缩量,低,情绪退潮,吸筹,资金观望型,机构吸筹+盈利(关注),C,谨慎：资金流入未验证业绩,23.2
603036,如通股份,13.72,27.6,1.14,-39.8,3.2,10804226,-29822676,-95587613,-387983,-5776241,-797791,缩量,低,情绪退潮,观望,资金观望型,,D,回避：资金观望,1.1
603037,凯众股份,10.02,-10.9,0.47,2.7,-3.33,-4695120,-12653897,-23728636,208248,-793039,-178444,缩量,低,情绪退潮,观望,资金撤退型,,D,回避：资金撤退,-1.1
603038,华立股份,17.51,59.1,0.48,-35.0,3.38,22505543,4558907,10770036,-6425844,-3353253,10880166,放量,低,游资情绪,观望,资金观望型,,D,回避：资金观望,9.1
603031,安孚科技,42.41,-63.8,1.25,13.5,3.8,66769883,94648716,114581817,5939966,-5153674,-14226923,缩量,低,情绪退潮,进场,均衡流入型,资金+业绩共振(双击候选),B,关注：资金+业绩共振,73.3
603040,新坐标,47.59,-58.0,1.43,-29.6,-1.86,-5908084,-40726348,-77916921,-13349993,-12099264,9755928,缩量,低,情绪退潮,观望,资金撤退型,,D,回避：资金撤退,-0.6
603041,美思德,11.29,1.5,0.44,-0.2,0.03,35677,108941,-2150122,-1658620,0,1373342,缩量,低,情绪退潮,观望,趋势转多型,,D,回避：资金观望,0.0
603045,福达合金,51.38,-4.4,1.76,-43.7,-2.01,-39523301,-69589477,169561844,-9941378,-7086379,-141117,缩量,低,情绪退潮,观望,长线吸筹型,,D,回避：资金观望,-0.7
603049,中策橡胶,45.21,-44.5,1.18,-15.6,-4.62,-21887193,-13808590,-27519338,-6301527,-5389919,-715925,缩量,低,情绪退潮,观望,资金观望型,,D,回避：资金观望,-1.5
603050,科林电气,18.02,-54.3,1.41,-3.5,-7.85,-17673979,-24225461,-16531788,-2766921,-1542408,3105673,缩量,低,情绪退潮,观望,资金观望型,,D,回避：资金观望,-2.6
603053,成都燃气,8.81,2.5,0.69,15.0,-6.19,-4940365,-11838054,-18140360,-771935,-1565322,-120080,缩量,低,情绪退潮,观望,资金撤退型,,D,回避：资金撤退,-2.1
603051,鹿山新材,25.05,51.6,1.96,145.6,-0.75,-8005715,11062843,-280129,-26504275,-12567635,43610359,放量,低,游资情绪,观望,资金观望型,,D,回避：资金观望,7.8
603042,华脉科技,19.03,391.0,0.56,495.6,2.0,71521650,76504334,60180748,175449219,175073212,-108487972,放量,低,游资情绪,抢筹,趋势转多型,纯资金炒作(亏损风险),C,谨慎：纯资金炒作,28.7
603043,广州酒家,13.25,-32.1,1.13,-19.1,-7.72,-12469842,-13279612,-22119474,1247609,1981863,-968671,缩量,低,情绪退潮,吸筹,资金撤退型,机构吸筹+盈利(关注),C,谨慎：资金流入未验证业绩,21.4
603048,浙江黎明,24.32,103.5,0.92,-11.4,1.52,4796016,2792952,-849079,1045449,1977889,-663961,放量,低,游资情绪,抢筹,资金观望型,资金+业绩共振(双击候选),B,关注：资金+业绩共振,88.5
603055,台华新材,9.28,-7.1,0.89,-57.4,5.68,14613789,27857996,8950980,365239,-1481353,-2339096,缩量,中,主力惜售,进场,短线抢筹型,资金+业绩共振(双击候选),B,关注：资金+业绩共振,85.9
603052,可川科技,59.71,10.4,0.29,-1.8,5.81,94519752,70425843,78137252,-14537874,-16612450,3312842,缩量,中,主力惜售,进场,资金观望型,资金+业绩共振(双击候选),B,关注：资金+业绩共振,85.9
603057,紫燕食品,18.56,81.4,0.56,-15.1,-3.18,-6356164,-9808635,-4376575,-3263346,2334284,-614451,放量,低,游资情绪,抢筹,资金观望型,机构吸筹+盈利(关注),C,谨慎：资金流入未验证业绩,46.9
603062,麦加芯彩,37.73,-32.7,0.15,-25.3,0.83,408527,-529878,-2283574,-445928,-655980,-767441,缩量,低,情绪退潮,观望,资金观望型,,D,回避：资金观望,0.3
603063,禾望电气,30.61,-65.1,0.58,-30.3,-1.9,-34005847,-59570702,-31646011,-17977713,-19589297,12264348,缩量,低,情绪退潮,观望,资金观望型,,D,回避：资金观望,-0.6
603065,宿迁联盛,14.27,-67.2,17.02,-48.3,-0.74,-12433550,-44835925,-135656988,-2206395,339473,21727065,缩量,低,情绪退潮,观望,资金撤退型,,D,回避：资金撤退,-0.2
603073,彩蝶实业,16.5,23.6,0.59,24.8,0.27,401107,-3208992,-2937662,-562961,-621917,1560209,缩量,低,情绪退潮,观望,资金观望型,,D,回避：资金观望,0.1
603071,物产环能,12.48,-26.5,0.6,-38.2,-1.78,-2072176,-5034580,-12130061,-1562293,812397,2157829,缩量,低,情绪退潮,观望,资金撤退型,,D,回避：资金撤退,-0.6
603072,天和磁材,30.76,-63.7,1.65,-9.5,-1.48,-3830728,-14097982,-15103657,-3727898,-1607549,1817532,缩量,低,情绪退潮,观望,资金撤退型,,D,回避：资金撤退,-0.5
603075,热威股份,19.99,0.1,1.13,161.3,0.02,47758,32246493,28278953,-2979827,-660488,1258636,缩量,低,情绪退潮,观望,趋势转多型,,D,回避：资金观望,0.0
603076,乐惠国际,20.14,-43.9,0.29,-13.4,-3.43,-4167815,-6520708,-13234749,1317033,0,310061,缩量,低,情绪退潮,观望,资金撤退型,,D,回避：资金撤退,-1.1
603078,江化微,32.66,-63.8,3.04,-34.7,4.32,125316202,50287564,5660247,-24782870,-24041405,29529383,缩量,低,情绪退潮,观望,资金观望型,,D,回避：资金观望,1.4
603068,博通集成,43.79,85.3,4.64,-20.6,11.51,239254244,233054969,245736427,131920959,143927137,-40158458,放量,高,主力主导放量🔥(最强),抢筹,资金观望型,资金+业绩共振(双击候选),A,金股候选：资金强攻+业绩共振,103.8
603067,振华股份,36.95,19.5,1.34,-17.2,-2.31,-103476782,-361380983,-48296906,97092161,149154599,-69860485,缩量,低,情绪退潮,吸筹,资金观望型,机构吸筹+盈利(关注),C,谨慎：资金流入未验证业绩,23.2
603079,圣达生物,13.38,54.3,0.44,-67.6,1.17,2752527,-19411184,626566,-379787,-136220,4896067,放量,低,游资情绪,观望,长线吸筹型,,D,回避：资金观望,8.4
603069,海汽集团,13.97,101.3,0.61,31.6,2.19,8520274,8919132,22841088,450074,-1456052,1126277,放量,低,游资情绪,进场,均衡流入型,纯资金炒作(亏损风险),C,谨慎：纯资金炒作,20.7
603081,大丰实业,9.5,-22.1,0.64,-47.7,-3.76,-4639921,-5983671,-13201970,-1185794,-364040,2562367,缩量,低,情绪退潮,观望,资金撤退型,,D,回避：资金撤退,-1.3
603080,新疆火炬,19.68,-34.7,0.62,-25.2,1.56,2094768,2088569,3513926,-1791460,-332428,2754710,缩量,低,情绪退潮,观望,资金观望型,,D,回避：资金观望,0.5
603083,剑桥科技,223.32,-2.6,0.64,43.4,0.04,9598246,373436571,1882016326,-305438419,-299234050,191597060,缩量,低,情绪退潮,观望,均衡流入型,,D,回避：资金观望,0.0
603082,北自科技,49.33,150.6,4.53,76.8,0.28,10196771,48626054,173078083,-31341158,-39892561,13682617,放量,低,游资情绪,观望,均衡流入型,,D,回避：资金观望,8.1
603077,和邦生物,2.29,-17.4,0.51,34.5,1.46,25666216,208047011,9335289,23678484,2186944,-19953405,缩量,低,情绪退潮,进场,趋势转多型,纯资金炒作(亏损风险),C,谨慎：纯资金炒作,12.5
603087,甘李药业,71.4,-21.7,1.5,-38.0,-0.73,-14942786,-75237063,-232319092,42569151,35285397,-38862889,缩量,低,情绪退潮,观望,资金撤退型,,D,回避：资金撤退,-0.2
603085,天成自控,9.8,-26.7,0.58,-21.8,-5.78,-12169156,-26223334,-28959712,-7792830,-2512744,1616717,缩量,低,情绪退潮,观望,资金撤退型,,D,回避：资金撤退,-1.9
603088,宁波精达,10.43,-16.2,0.35,-39.5,2.58,8509342,-17062160,-60777389,-857171,149435,-3324102,缩量,低,情绪退潮,观望,资金观望型,,D,回避：资金观望,0.9
603086,先达股份,5.94,57.1,0.67,-42.5,-5.22,-14173235,-28121231,-14340505,3278926,2443086,-3987464,放量,低,游资情绪,观望,资金观望型,,D,回避：资金观望,6.3
603089,正裕工业,9.65,75.9,0.47,-71.5,-4.07,-6255469,-14443247,-366882,-896708,-1829300,2125661,放量,低,游资情绪,观望,长线吸筹型,,D,回避：资金观望,6.6
603092,德力佳,44.6,22.4,0.35,89.6,2.06,15859638,9730551,3732676,-7920273,-3135382,4361560,缩量,低,情绪退潮,观望,资金观望型,,D,回避：资金观望,0.7
603095,越剑智能,14.59,43.0,0.39,-69.9,-5.0,-15326182,-35293951,15155792,-795441,1753670,3194786,缩量,低,情绪退潮,观望,长线吸筹型,,D,回避：资金观望,-1.7
603096,新经典,15.78,26.7,0.54,4.8,-3.35,-4339011,1763920,-2660029,435113,661495,-822608,缩量,低,情绪退潮,观望,资金观望型,,D,回避：资金观望,-1.1
603098,森特股份,10.87,-18.5,0.48,-10.6,-8.34,-16897689,-18934335,-4343845,-2123128,-1460791,5224301,缩量,低,情绪退潮,观望,资金观望型,,D,回避：资金观望,-2.8
603097,江苏华辰,18.5,-72.4,0.59,-19.0,-1.3,-1524087,556643,1073496,-1339922,-1449455,-59530,缩量,低,情绪退潮,观望,资金观望型,,D,回避：资金观望,-0.4
603101,汇嘉时代,7.56,-46.1,0.23,-6.4,-2.31,-5567941,-17445002,-5752793,-4223473,559225,9955460,缩量,低,情绪退潮,观望,资金观望型,,D,回避：资金观望,-0.8
603100,川仪股份,18.22,-47.4,0.85,-45.4,-5.33,-15153754,-18655946,-20415325,-713471,679335,-1969930,缩量,低,情绪退潮,观望,资金撤退型,,D,回避：资金撤退,-1.8
603090,宏盛股份,40.08,43.1,0.39,5.8,9.53,161312310,134742017,314094873,-9307271,-4236515,5977388,缩量,中,主力惜售,进场,资金观望型,资金+业绩共振(双击候选),B,关注：资金+业绩共振,87.2
603093,南华期货,13.99,110.0,0.85,-34.0,-2.45,-30407647,-40961656,165461345,75028663,71260214,-53911639,放量,低,游资情绪,抢筹,长线吸筹型,机构吸筹+盈利(关注),C,谨慎：资金流入未验证业绩,47.2
603091,众鑫股份,48.21,-21.0,0.9,-16.8,-11.49,-18949275,-28479165,-32517242,6298256,6162474,-3044347,缩量,低,情绪退潮,吸筹,资金撤退型,机构吸筹+盈利(关注),C,谨慎：资金流入未验证业绩,20.2
603105,芯能科技,8.18,119.7,0.18,24.9,0.66,7660046,35845563,126463538,-4906048,-2067064,6173949,放量,低,游资情绪,观望,均衡流入型,,D,回避：资金观望,8.2
603099,长白山,42.28,297.9,1.6,30.1,-0.26,-5437701,-66399829,-154835280,6713542,10564833,21670377,放量,低,游资情绪,抢筹,资金撤退型,机构吸筹+盈利(关注),C,谨慎：资金流入未验证业绩,47.9
603107,上海汽配,12.24,-4.2,0.99,21.3,-0.67,-1054083,-716859,2976944,725999,-563631,-2630586,缩量,低,情绪退潮,观望,资金观望型,,D,回避：资金观望,-0.2
603108,润达医疗,10.1,19.1,1.12,1.9,-1.92,-12632128,-19435599,-30791278,-7136852,-4486385,7529300,缩量,低,情绪退潮,观望,资金撤退型,,D,回避：资金撤退,-0.6
603106,恒银科技,7.61,-21.0,3.21,-37.4,-1.0,-4753838,-3547319,81788863,3630574,-2678319,-18058873,缩量,低,情绪退潮,观望,长线吸筹型,,D,回避：资金观望,-0.3
603109,神驰机电,17.33,2.3,0.2,0.4,-2.72,-5080822,-6977740,-21337799,-1985764,-1091120,5097360,缩量,低,情绪退潮,观望,资金撤退型,,D,回避：资金撤退,-0.9
603110,东方材料,25.16,-42.4,0.83,-29.1,-6.44,-75788222,-114917239,52514651,-7060410,-3440169,10412244,缩量,低,情绪退潮,观望,长线吸筹型,,D,回避：资金观望,-2.1
603103,横店影视,16.74,40.2,0.34,-1.6,1.82,8251759,30453150,35058495,4635213,-462666,-3782830,缩量,低,情绪退潮,进场,均衡流入型,资金+业绩共振(双击候选),B,关注：资金+业绩共振,72.6
603102,百合股份,37.18,71.8,1.03,-59.7,0.92,2058361,-16322428,-41799008,456132,287991,-1426322,放量,低,游资情绪,进场,资金观望型,资金+业绩共振(双击候选),B,关注：资金+业绩共振,80.3
603115,海星股份,89.58,27.0,0.94,42.4,0.89,45105808,233166893,366353237,-604626,-3026296,18615687,缩量,低,情绪退潮,观望,均衡流入型,,D,回避：资金观望,0.3
603116,红蜻蜓,6.65,24.5,0.63,-0.5,-2.0,-3912883,-4939505,-30593542,-1609454,-1758508,5305688,缩量,低,情绪退潮,观望,资金撤退型,,D,回避：资金撤退,-0.7
603117,万林物流,4.03,-13.7,0.72,3.9,-0.57,-924970,-15860521,-8456794,-2752023,0,3597094,缩量,低,情绪退潮,观望,资金观望型,,D,回避：资金观望,-0.2
603111,康尼机电,6.1,-5.6,0.56,-50.7,5.29,8149707,1898333,-10853931,85612,592670,-972464,缩量,中,主力惜售,进场,资金观望型,资金+业绩共振(双击候选),B,关注：资金+业绩共振,85.8
603120,肯特催化,61.99,151.1,7.1,239.8,3.1,48887052,61592108,62893699,-41150809,-38889706,12760012,放量,低,游资情绪,观望,均衡流入型,,D,回避：资金观望,9.0
603123,翠微股份,10.0,91.6,1.04,2.0,-3.65,-60837399,-297717644,-35809953,-8290797,-17156658,-31975070,放量,低,游资情绪,观望,长线吸筹型,,D,回避：资金观望,6.8
603118,共进股份,18.65,39.5,1.46,-15.3,5.6,425730198,550249896,264705526,-182026861,-83014948,145706297,缩量,中,主力惜售,进场,短线抢筹型,资金+业绩共振(双击候选),B,关注：资金+业绩共振,85.9
603113,金能科技,5.03,60.3,0.45,-41.3,-1.25,-6272100,-62184735,78808132,5066030,5261495,1925766,放量,低,游资情绪,抢筹,长线吸筹型,机构吸筹+盈利(关注),C,谨慎：资金流入未验证业绩,47.6
603124,江南新材,129.88,-5.5,2.22,11.2,-0.47,-14974825,36773656,153750327,1329487,-13292903,-1000389,缩量,低,情绪退潮,观望,资金观望型,,D,回避：资金观望,-0.2
603125,常青科技,24.14,-58.8,0.85,4.0,-1.17,-4873474,7552509,29102829,2378097,-1444451,277778,缩量,低,情绪退潮,观望,高位分歧型,,D,回避：资金观望,-0.4
603119,浙江荣泰,56.56,3.0,0.79,53.9,4.53,150160477,348115745,221530387,66596032,37430079,-71262594,缩量,低,情绪退潮,进场,趋势转多型,资金+业绩共振(双击候选),B,关注：资金+业绩共振,73.5
603121,华培动力,12.86,45.8,0.78,-65.2,1.23,3420670,-3754715,81638374,11960072,5223211,-15688811,缩量,低,情绪退潮,进场,长线吸筹型,纯资金炒作(亏损风险),C,谨慎：纯资金炒作,12.4
603122,合富中国,13.98,318.1,0.82,85.3,11.43,343100730,305985297,443540521,-7762955,-34531603,-22336498,放量,高,主力主导放量🔥(最强),进场,资金观望型,纯资金炒作(亏损风险),C,谨慎：纯资金炒作,35.8
603131,上海沪工,14.03,-48.6,0.91,21.6,0.67,3401303,-1291383,-8458938,-1628049,-1408171,2791655,缩量,低,情绪退潮,观望,资金观望型,,D,回避：资金观望,0.2
603126,中材节能,6.37,-23.3,0.6,-37.4,6.52,10965076,6758513,34371760,8782066,11645603,-3628931,缩量,中,主力惜售,吸筹,资金观望型,资金+业绩共振(双击候选),B,关注：资金+业绩共振,78.2
603127,昭衍新药,46.74,-23.0,2.1,-3.4,5.9,426655884,341887291,36478168,15772658,-34332930,-101581776,缩量,中,主力惜售,进场,资金观望型,资金+业绩共振(双击候选),B,关注：资金+业绩共振,86.0
603128,华贸物流,5.49,72.0,1.17,78.3,-4.2,-13496471,-32354673,-70682872,10196865,7684922,-11429268,放量,低,游资情绪,抢筹,资金撤退型,机构吸筹+盈利(关注),C,谨慎：资金流入未验证业绩,46.6
603135,中重科技,8.88,-80.2,1.8,-39.1,-0.22,-445998,-25918903,-14774936,1226542,1240355,859064,缩量,低,情绪退潮,观望,资金观望型,,D,回避：资金观望,-0.1
603130,云中马,38.5,-52.0,0.41,5.5,-3.73,-8028086,-21773062,-30314346,3485340,3588441,-665018,缩量,低,情绪退潮,吸筹,资金撤退型,机构吸筹+盈利(关注),C,谨慎：资金流入未验证业绩,22.8
603137,恒尚节能,19.81,-68.1,27.01,-52.2,0.55,3947596,-14200453,-73844517,-2368661,-2933812,1459359,缩量,低,情绪退潮,观望,资金观望型,,D,回避：资金观望,0.2
603129,春风动力,305.62,57.8,1.77,18.3,2.49,66151869,32769593,25669377,101597012,80027206,-156203722,放量,低,游资情绪,抢筹,资金观望型,资金+业绩共振(双击候选),B,关注：资金+业绩共振,88.8
603136,天目湖,9.5,580.3,0.35,407.4,-0.1,-1069054,96954974,102094209,-14820669,-5645900,23333719,放量,低,游资情绪,观望,资金观望型,,D,回避：资金观望,8.0
603150,万朗磁塑,70.37,52.9,0.65,-2.5,-8.28,-67246004,-74871797,20100830,-4380301,-388400,65448,放量,低,游资情绪,观望,长线吸筹型,,D,回避：资金观望,5.2
603132,金徽股份,18.42,-25.6,0.58,-46.9,-4.68,-21012095,-26221442,-45294822,2715432,1307646,-1266601,缩量,低,情绪退潮,吸筹,资金撤退型,机构吸筹+盈利(关注),C,谨慎：资金流入未验证业绩,22.4
603139,康惠股份,38.3,62.2,0.75,85.5,2.35,30802499,27730956,78144575,-3903160,13430477,4906696,放量,低,游资情绪,抢筹,资金观望型,纯资金炒作(亏损风险),C,谨慎：纯资金炒作,28.8
603138,海量数据,15.74,524.3,0.39,131.8,10.46,252504277,279675730,289378776,-210349,7490894,10783485,放量,高,主力主导放量🔥(最强),进场,均衡流入型,纯资金炒作(亏损风险),C,谨慎：纯资金炒作,35.5
603153,上海建科,13.35,-26.3,0.88,40.7,-6.17,-5221786,-3257994,397299,252455,0,507527,缩量,低,情绪退潮,观望,资金观望型,,D,回避：资金观望,-2.1
603158,腾龙股份,10.98,11.0,0.41,-47.9,-4.0,-24582703,-68053434,-49082371,2398061,7745002,-13811513,缩量,低,情绪退潮,观望,资金观望型,,D,回避：资金观望,-1.3
603159,上海亚虹,22.59,190.7,2.51,73.3,-2.94,-30125538,-41367877,-33656980,-17658384,-11009560,7756428,放量,低,游资情绪,观望,资金观望型,,D,回避：资金观望,7.0
603151,邦基科技,18.35,22.3,1.13,7.4,-0.8,-2709283,1450096,27471662,12364121,11847023,-8909351,缩量,低,情绪退潮,吸筹,高位分歧型,机构吸筹+盈利(关注),C,谨慎：资金流入未验证业绩,23.7
603161,科华控股,15.07,-19.9,1.64,-30.2,-0.85,-1804291,-15192909,36819860,-10051221,-7670622,5350522,缩量,低,情绪退潮,观望,长线吸筹型,,D,回避：资金观望,-0.3
603162,海通发展,14.41,51.9,1.75,80.5,-4.67,-215955538,-102404102,130637240,8975283,-5612934,-11938318,放量,低,游资情绪,观望,资金观望型,,D,回避：资金观望,6.4
603155,新亚强,15.37,-23.0,4.01,78.5,4.39,72717081,40067273,41952794,13758530,5462456,-13589108,缩量,低,情绪退潮,进场,资金观望型,资金+业绩共振(双击候选),B,关注：资金+业绩共振,73.5
603163,圣晖集成,83.6,-42.1,1.56,97.3,3.66,44809262,118774934,84210695,-5782670,-660911,4588757,缩量,低,情绪退潮,观望,趋势转多型,,D,回避：资金观望,1.2
603165,荣晟环保,13.7,-17.5,0.38,-48.3,-7.2,-17802940,-39246728,-62827300,-1712203,-2162779,5368775,缩量,低,情绪退潮,观望,资金撤退型,,D,回避：资金撤退,-2.4
603167,渤海轮渡,8.09,-67.4,0.57,-51.4,-13.42,-12069341,5682684,-57027747,-4018110,-1991250,2667043,缩量,低,情绪退潮,观望,资金观望型,,D,回避：资金观望,-4.5
603156,养元饮品,45.0,-23.9,1.76,-33.7,2.4,56594542,66701558,-104353985,11548093,-3771960,-18587078,缩量,低,情绪退潮,进场,趋势转多型,资金+业绩共振(双击候选),B,关注：资金+业绩共振,72.8
603160,汇顶科技,53.16,-55.3,0.73,-42.6,4.71,50985361,107090039,240709562,10471047,10776775,114482,缩量,低,情绪退潮,进场,主力建仓型,资金+业绩共振(双击候选),B,关注：资金+业绩共振,73.6
603169,兰石重装,6.21,-51.3,0.41,-9.6,-2.88,-8648049,-15190006,-18087753,-2616845,-6058877,4248160,缩量,低,情绪退潮,观望,资金撤退型,,D,回避：资金撤退,-1.0
603166,福达股份,11.25,-37.4,2.87,-22.4,2.09,8289916,-22368851,-33865499,11391482,12616147,-168689,缩量,低,情绪退潮,吸筹,资金观望型,资金+业绩共振(双击候选),B,关注：资金+业绩共振,64.7
603170,宝立食品,11.98,-41.0,0.81,-27.7,-4.14,-3882720,-9614777,-4289405,340277,820369,-1479787,缩量,低,情绪退潮,观望,资金观望型,,D,回避：资金观望,-1.4
603168,莎普爱思,5.97,96.7,0.95,-29.8,-0.45,-965795,-3130903,3616036,2964752,1502489,-804875,放量,低,游资情绪,抢筹,资金观望型,纯资金炒作(亏损风险),C,谨慎：纯资金炒作,27.9
603172,万丰股份,19.03,-19.2,0.65,-53.7,1.44,1924472,-361138,12733467,-499018,41360,1633426,缩量,低,情绪退潮,观望,长线吸筹型,,D,回避：资金观望,0.5
603178,圣龙股份,15.91,-60.6,0.34,-46.5,-0.67,-3098623,-43201086,330452,-3668229,2206584,-2451729,缩量,低,情绪退潮,观望,长线吸筹型,,D,回避：资金观望,-0.2
603179,新泉股份,41.02,-13.6,0.94,-32.3,1.38,51244808,-190269937,95224162,-47983915,7838296,48801642,缩量,低,情绪退潮,观望,长线吸筹型,,D,回避：资金观望,0.5
603171,税友股份,39.81,-18.7,0.71,-55.9,2.37,22642482,-39516753,178045151,12656196,15923038,-8749429,缩量,低,情绪退潮,吸筹,资金观望型,资金+业绩共振(双击候选),B,关注：资金+业绩共振,64.8
603182,嘉华股份,13.54,42.2,0.38,-13.5,-0.2,-250541,-9580761,-16315280,1352918,291975,589306,缩量,低,情绪退潮,观望,资金撤退型,,D,回避：资金撤退,-0.1
603181,皇马科技,12.8,-29.1,1.01,8.0,-1.13,-2713227,-11302811,-12820825,1982706,158838,4022157,缩量,低,情绪退潮,观望,资金撤退型,,D,回避：资金撤退,-0.4
603173,福斯达,29.9,-33.0,0.41,-26.6,0.5,583441,1063587,12683383,2617076,1773728,-1975222,缩量,低,情绪退潮,进场,长线吸筹型,资金+业绩共振(双击候选),B,关注：资金+业绩共振,72.2
603183,建研院,5.0,7.8,1.11,57.7,-5.14,-31515281,-51551154,-38357116,-10094882,-2974275,4314616,缩量,低,情绪退潮,观望,资金观望型,,D,回避：资金观望,-1.7
603175,超颖电子,110.17,28.4,0.63,39.8,0.14,1387519,-18768296,-37367161,24620508,22892608,-11969652,缩量,低,情绪退潮,吸筹,资金观望型,资金+业绩共振(双击候选),B,关注：资金+业绩共振,64.0
603177,德创环保,11.43,47.7,0.64,-26.8,5.47,16110004,14257802,-19789322,1134325,658378,-261016,缩量,中,主力惜售,吸筹,资金观望型,纯资金炒作(亏损风险),C,谨慎：纯资金炒作,17.8
603185,弘元绿能,14.56,-49.3,0.76,-37.5,2.79,12784605,9920334,-44701403,-1094465,2166660,-2421804,缩量,低,情绪退潮,观望,资金观望型,,D,回避：资金观望,0.9
603186,华正新材,231.7,45.3,1.73,23.9,-1.85,-446442649,1157045332,2217314043,49353612,21888578,28079746,缩量,低,情绪退潮,观望,高位分歧型,,D,回避：资金观望,-0.6
603180,金牌家居,15.7,-1.7,1.12,-19.5,0.66,449397,4330953,5211755,1247855,0,1699760,缩量,低,情绪退潮,进场,均衡流入型,资金+业绩共振(双击候选),B,关注：资金+业绩共振,72.2
603188,亚邦股份,4.6,6.1,0.8,-45.4,4.15,12040297,11020079,9893450,-5360693,-1094178,4794264,缩量,低,情绪退潮,观望,资金观望型,,D,回避：资金观望,1.4
603190,亚通精工,16.14,-18.0,1.67,-41.0,-2.09,-2241362,-2166799,-16706117,-1256082,-202752,576088,缩量,低,情绪退潮,观望,资金观望型,,D,回避：资金观望,-0.7
603191,望变电气,13.7,-19.4,0.64,-30.9,-2.15,-10918730,-49239960,27457019,-6912394,-1208179,6248495,缩量,低,情绪退潮,观望,长线吸筹型,,D,回避：资金观望,-0.7
603192,汇得科技,20.57,-29.5,2.52,25.5,-0.47,-980983,22723076,23157122,-1268166,-1573803,281480,缩量,低,情绪退潮,观望,资金观望型,,D,回避：资金观望,-0.2
603193,XD润本股,20.81,14.0,0.33,-15.8,-3.32,-8014357,-18621477,-29804768,-2534804,283513,6329349,缩量,低,情绪退潮,观望,资金撤退型,,D,回避：资金撤退,-1.1
603196,璞源材料,19.14,-49.7,0.2,8.0,2.21,3784714,12410977,-3595506,-7283484,-5394947,5906756,缩量,低,情绪退潮,观望,趋势转多型,,D,回避：资金观望,0.7
603197,保隆科技,29.35,-38.4,1.32,-39.3,-3.21,-10528973,-6816469,7892980,-4871223,-1324645,3850778,缩量,低,情绪退潮,观望,高位分歧型,,D,回避：资金观望,-1.1
603195,公牛集团,37.98,-58.3,3.07,-36.5,-2.44,-10855104,-11394456,-37411255,266622,-797947,-81167,缩量,低,情绪退潮,观望,资金撤退型,,D,回避：资金撤退,-0.8
603198,迎驾贡酒,38.77,-42.3,0.56,-46.6,-2.12,-11374414,-23383735,-38938783,3907753,3379016,-16705679,缩量,低,情绪退潮,观望,资金撤退型,,D,回避：资金撤退,-0.7
603199,九华旅游,33.36,9.6,0.5,-31.4,-1.69,-4461910,-21685884,-28613811,-3149061,196694,3110577,缩量,低,情绪退潮,观望,资金撤退型,,D,回避：资金撤退,-0.6
603200,上海洗霸,39.88,-6.3,0.35,-47.9,4.63,78754807,14853725,233981285,-20701263,-13631217,26980787,缩量,低,情绪退潮,观望,资金观望型,,D,回避：资金观望,1.5
603201,常润股份,15.52,-58.2,3.53,-46.6,-1.12,-1752207,-8329258,-17117979,3783740,2603785,-6136695,缩量,低,情绪退潮,观望,资金撤退型,,D,回避：资金撤退,-0.4
603202,天有为,51.57,-19.4,0.35,-18.5,-1.54,-2755189,-8096274,-10753037,-11559635,-5477773,5515735,缩量,低,情绪退潮,观望,资金撤退型,,D,回避：资金撤退,-0.5
603203,快克智能,47.9,-31.4,2.12,14.4,3.63,77217547,93084286,112420295,54059373,21190960,-95332902,缩量,低,情绪退潮,进场,均衡流入型,资金+业绩共振(双击候选),B,关注：资金+业绩共振,73.2
603210,泰鸿万立,13.41,37.0,0.94,-24.4,-3.89,-4981450,-19969792,-46825284,1654889,-744609,-3607893,缩量,低,情绪退潮,观望,资金撤退型,,D,回避：资金撤退,-1.3
603212,赛伍技术,12.17,-3.4,0.44,26.8,-1.22,-5776518,-3275040,-33545622,16072132,8471841,-15716838,缩量,低,情绪退潮,观望,资金观望型,,D,回避：资金观望,-0.4
603211,晋拓股份,20.08,-79.5,1.29,-38.4,-1.53,-5092071,-13381456,-52169585,794822,68211,-974875,缩量,低,情绪退潮,观望,资金撤退型,,D,回避：资金撤退,-0.5
603214,爱婴室,13.47,12.7,0.99,201.2,-2.15,-5480503,7321990,5504299,-2197158,-1135757,2313892,缩量,低,情绪退潮,观望,资金观望型,,D,回避：资金观望,-0.7
603208,江山欧派,11.31,-20.0,0.95,12.4,5.62,5571158,4799400,5694106,989480,719664,794129,缩量,中,主力惜售,进场,资金观望型,纯资金炒作(亏损风险),C,谨慎：纯资金炒作,25.9
603216,梦天家居,20.68,81.5,0.7,29.2,1.83,13149159,81911129,188460436,-1202222,1227286,8911903,放量,低,游资情绪,观望,均衡流入型,,D,回避：资金观望,8.6
603217,元利科技,28.15,40.0,0.28,-36.6,-2.1,-8458670,-43751555,-53953245,-3368399,-881884,3005262,缩量,低,情绪退潮,观望,资金撤退型,,D,回避：资金撤退,-0.7
603219,富佳股份,12.67,-50.7,0.59,-18.0,-4.39,-6334268,-3855275,-18087124,1355397,537753,-3542739,缩量,低,情绪退潮,观望,资金观望型,,D,回避：资金观望,-1.5
603215,比依股份,14.4,27.3,0.16,17.2,-2.75,-3389777,-1687185,-6690689,2012819,1472468,-1336155,缩量,低,情绪退潮,吸筹,资金观望型,机构吸筹+盈利(关注),C,谨慎：资金流入未验证业绩,23.1
603227,雪峰科技,7.6,-22.6,0.41,10.5,-4.69,-9695664,-10984886,-39196741,-228660,-2617063,-1541169,缩量,低,情绪退潮,观望,资金撤退型,,D,回避：资金撤退,-1.6
603220,中贝通信,18.66,-25.1,0.18,-4.0,-5.55,-78686661,-167426472,-201703409,28964658,35026766,-874558,缩量,低,情绪退潮,吸筹,资金撤退型,机构吸筹+盈利(关注),C,谨慎：资金流入未验证业绩,22.1
603229,奥翔药业,7.91,6.3,0.82,-26.8,-1.62,-3080884,-7327808,9791727,5865552,1222944,-1743415,缩量,低,情绪退潮,观望,长线吸筹型,,D,回避：资金观望,-0.5
603230,内蒙新华,14.83,3235.6,0.48,310.3,-1.05,-18196441,93761,26294970,-33821011,-25825887,23984673,放量,低,游资情绪,观望,资金观望型,,D,回避：资金观望,7.7
603233,大参林,17.95,-0.5,1.17,-20.2,-0.89,-6237726,-16795719,22614471,-12346341,-8957811,1856252,缩量,低,情绪退潮,观望,长线吸筹型,,D,回避：资金观望,-0.3
603226,菲林格尔,36.57,189.1,1.18,48.1,5.87,80462154,131717962,32134721,-73572511,-70930724,42870207,放量,中,主力偏强放量,进场,短线抢筹型,纯资金炒作(亏损风险),C,谨慎：纯资金炒作,30.0
603228,景旺电子,110.16,12.7,0.85,12.9,-6.27,-1090125997,-904117070,-186895696,214495985,203578619,-135137849,缩量,低,情绪退潮,吸筹,资金观望型,机构吸筹+盈利(关注),C,谨慎：资金流入未验证业绩,21.9
603231,索宝蛋白,17.15,34.2,0.82,-29.7,-1.18,-1679826,-5369436,7424300,6208963,2412437,-454834,缩量,低,情绪退潮,吸筹,长线吸筹型,机构吸筹+盈利(关注),C,谨慎：资金流入未验证业绩,23.6
603238,诺邦股份,12.26,-6.7,0.67,-24.2,-0.96,-1595135,-2207803,-198635,85310,277066,1552674,缩量,低,情绪退潮,观望,资金观望型,,D,回避：资金观望,-0.3
603239,浙江仙通,13.98,-54.3,0.41,-16.4,-0.99,-1474195,-8738582,-18652572,-1609664,-523746,1134819,缩量,低,情绪退潮,观望,资金撤退型,,D,回避：资金撤退,-0.3
603232,格尔软件,16.13,184.3,1.03,69.5,13.25,225685633,202332182,208653252,-23050320,-19656256,64826836,放量,高,主力主导放量🔥(最强),进场,资金观望型,纯资金炒作(亏损风险),C,谨慎：纯资金炒作,36.4
603255,鼎际得,33.61,72.1,1.32,-24.4,0.77,3298516,7599510,5648552,-5845210,-109599,6879976,放量,低,游资情绪,观望,趋势转多型,,D,回避：资金观望,8.3
603237,五芳斋,15.17,116.2,0.48,-58.9,-0.32,-482667,-14703401,-10981001,2428016,1456440,-505107,放量,低,游资情绪,抢筹,资金观望型,机构吸筹+盈利(关注),C,谨慎：资金流入未验证业绩,47.9
603235,天新药业,25.3,43.6,0.98,10.1,1.52,1166643,-1043804,-673919,266640,-29,1416768,缩量,低,情绪退潮,进场,资金观望型,资金+业绩共振(双击候选),B,关注：资金+业绩共振,72.5
603257,中国瑞林,69.32,45.1,1.46,22.5,-0.36,-3692790,6162326,53672776,-13679528,-11529967,-1515910,缩量,低,情绪退潮,观望,高位分歧型,,D,回避：资金观望,-0.1
603248,锡华科技,24.25,1189.5,0.39,523.6,7.72,181930847,173266927,156388273,-157884730,-169826310,114770513,放量,中,主力偏强放量,进场,资金观望型,资金+业绩共振(双击候选),B,关注：资金+业绩共振,90.6
603260,合盛硅业,32.72,-69.3,2.06,-13.1,-1.12,-11631719,-3565454,-80543739,-7109876,-14424165,482907,缩量,低,情绪退潮,观望,资金观望型,,D,回避：资金观望,-0.4
603261,立航科技,53.58,-9.0,3.68,-11.3,-4.76,-34040098,-11249741,13080758,-5577987,-2201491,6221737,缩量,低,情绪退潮,观望,资金观望型,,D,回避：资金观望,-1.6
603262,技源集团,18.2,-55.5,2.81,-31.8,2.16,7084549,-35337889,-38578987,-3700815,-2532320,5160779,缩量,低,情绪退潮,观望,资金观望型,,D,回避：资金观望,0.7
603256,宏和科技,148.92,31.7,1.22,53.4,7.26,1745468696,1265906066,631327216,242382264,262441059,-255742952,缩量,中,主力惜售,吸筹,资金观望型,资金+业绩共振(双击候选),B,关注：资金+业绩共振,78.4
603258,电魂网络,14.19,9.8,2.03,14.6,0.79,1499522,1284833,784243,21909289,20322046,-18002387,缩量,低,情绪退潮,吸筹,资金观望型,纯资金炒作(亏损风险),C,谨慎：纯资金炒作,4.3
603268,松发股份,221.55,50.8,0.8,14.0,-5.13,-472623053,-413722140,-254592999,-213968893,-123615380,145404283,放量,低,游资情绪,观望,资金观望型,,D,回避：资金观望,6.3
603267,鸿远电子,52.19,-7.2,2.46,95.3,-0.29,-7915088,16009025,-79273166,445064,-988649,28464042,缩量,低,情绪退潮,观望,资金观望型,,D,回避：资金观望,-0.1
603259,药明康德,167.96,-10.7,2.57,-1.0,5.24,1552623418,964484645,345448468,259687150,221075299,75069838,缩量,中,主力惜售,进场,资金观望型,资金+业绩共振(双击候选),B,关注：资金+业绩共振,85.7
603271,永杰新材,38.88,-48.7,0.63,-46.8,0.18,384081,-14315573,-26592782,-2908223,-4987832,-4074659,缩量,低,情绪退潮,观望,资金观望型,,D,回避：资金观望,0.1
603270,金帝股份,37.23,51.5,3.18,18.6,-2.18,-45406141,-49967464,-11689491,-19135694,-10598025,37568992,放量,低,游资情绪,观望,资金观望型,,D,回避：资金观望,7.3
603273,天元智能,14.74,-27.5,1.35,-25.0,-2.12,-2555236,-2957869,-1582817,-1479679,-476327,802046,缩量,低,情绪退潮,观望,资金观望型,,D,回避：资金观望,-0.7
603276,恒兴新材,18.11,146.0,0.53,63.6,2.61,13585997,10577077,7637894,-5934382,-2060228,5798602,放量,低,游资情绪,观望,资金观望型,,D,回避：资金观望,8.9
603266,天龙股份,17.19,214.2,0.51,164.2,6.27,64504655,51352711,59265469,733611,-720118,-507468,放量,中,主力偏强放量,进场,资金观望型,资金+业绩共振(双击候选),B,关注：资金+业绩共振,90.1
603269,海鸥股份,26.78,56.3,1.72,-28.9,4.19,158886717,-78798397,-375499883,91728090,51826821,-99675160,放量,低,游资情绪,抢筹,资金观望型,资金+业绩共振(双击候选),B,关注：资金+业绩共振,89.4
603278,大业股份,9.16,-70.8,0.39,-18.0,-0.77,-1875794,-936480,-16738460,3982915,1022379,-3608747,缩量,低,情绪退潮,观望,资金观望型,,D,回避：资金观望,-0.3
603275,众辰科技,37.09,34.5,0.46,-23.9,0.18,210290,-2673643,-8804455,271751,2966464,853799,缩量,低,情绪退潮,进场,资金观望型,资金+业绩共振(双击候选),B,关注：资金+业绩共振,72.1
603279,景津装备,11.22,-35.8,0.75,-44.9,-4.85,-15866676,-10190856,-23691654,-4682100,-8527089,4133756,缩量,低,情绪退潮,观望,资金观望型,,D,回避：资金观望,-1.6
603280,南方路机,26.03,-18.5,0.74,-48.3,-0.83,-1181699,-2635961,-1131532,-1415970,0,4237450,缩量,低,情绪退潮,观望,资金观望型,,D,回避：资金观望,-0.3
603282,亚光股份,16.78,36.6,0.5,-34.6,-2.59,-3483714,-5176701,-3068940,-531836,0,674822,缩量,低,情绪退潮,观望,资金观望型,,D,回避：资金观望,-0.9
603283,赛腾股份,46.52,-55.3,2.61,-39.1,2.15,62041021,-101443156,-205845921,-5273656,-5477686,-51580418,缩量,低,情绪退潮,观望,资金观望型,,D,回避：资金观望,0.7
603277,银都股份,11.43,14.3,0.63,-47.9,0.15,205638,-4415901,-26733196,368725,0,1182045,缩量,低,情绪退潮,进场,资金观望型,资金+业绩共振(双击候选),B,关注：资金+业绩共振,72.0
603284,林平发展,41.22,-20.5,0.46,-29.4,-4.44,-9373476,-9507099,-19596331,-3797693,-454525,5684696,缩量,低,情绪退潮,观望,资金撤退型,,D,回避：资金撤退,-1.5
603288,海天味业,33.83,-38.3,1.39,-42.9,-3.81,-60267249,-6059794,-576710699,-9724886,-23207890,22346013,缩量,低,情绪退潮,观望,资金观望型,,D,回避：资金观望,-1.3
603281,江瀚新材,18.69,-76.7,1.3,-28.3,1.62,2975984,-5873272,-33498763,1470974,1645463,1431840,缩量,低,情绪退潮,进场,资金观望型,资金+业绩共振(双击候选),B,关注：资金+业绩共振,72.5
603290,斯达半导,87.8,-58.9,1.25,-37.3,2.38,52140210,-11643153,-263585770,-26068702,-17140419,42636128,缩量,低,情绪退潮,观望,资金观望型,,D,回避：资金观望,0.8
603293,埃泰克,37.39,0.7,0.19,-6.2,1.55,4909197,-13302099,41478770,-2902544,-420302,643395,缩量,低,情绪退潮,观望,长线吸筹型,,D,回避：资金观望,0.5
603285,键邦股份,38.37,-7.5,0.93,71.6,5.81,78519649,223140890,171122559,-14023583,-12989933,16779037,缩量,中,主力惜售,进场,短线抢筹型,资金+业绩共振(双击候选),B,关注：资金+业绩共振,85.9
603286,日盈电子,44.91,-31.6,0.69,-28.9,0.42,3004524,7913938,116094541,7577556,4163706,-2358088,缩量,低,情绪退潮,吸筹,长线吸筹型,纯资金炒作(亏损风险),C,谨慎：纯资金炒作,4.1
603296,华勤技术,80.13,-66.6,1.42,-35.9,3.88,205000555,112988929,-8682672,-37724277,-37678231,28658081,缩量,低,情绪退潮,观望,资金观望型,,D,回避：资金观望,1.3
603298,杭叉集团,23.4,-42.9,0.93,-17.2,0.58,3769313,-13057776,-1702256,-10810923,1516228,15971875,缩量,低,情绪退潮,观望,资金观望型,,D,回避：资金观望,0.2
603289,泰瑞机器,10.51,424.8,0.32,38.1,-0.91,-2993403,5614120,6294326,39779629,38501354,-26189103,放量,低,游资情绪,抢筹,资金观望型,机构吸筹+盈利(关注),C,谨慎：资金流入未验证业绩,47.7
603301,振德医疗,80.3,-22.1,1.06,-7.7,-3.71,-21900421,-2245595,-30065995,-11330695,-1525279,-9574082,缩量,低,情绪退潮,观望,资金观望型,,D,回避：资金观望,-1.2
603291,联合水务,8.87,43.5,0.51,144.6,7.03,30015133,40076256,21894898,-4814172,-2506603,10090782,缩量,中,主力惜售,进场,短线抢筹型,资金+业绩共振(双击候选),B,关注：资金+业绩共振,86.3
603305,旭升集团,11.42,-7.5,0.62,-8.0,2.02,19116371,-35300648,-34278418,-7706566,5560922,21309055,缩量,低,情绪退潮,观望,资金观望型,,D,回避：资金观望,0.7
603297,永新光学,115.02,-34.4,0.71,-36.7,-0.93,-5541971,-8901080,32100741,1228262,4054650,-3501958,缩量,低,情绪退潮,吸筹,长线吸筹型,机构吸筹+盈利(关注),C,谨慎：资金流入未验证业绩,23.7
603299,苏盐井神,8.73,-33.9,0.42,-39.3,-0.63,-920052,3620512,18768929,2979511,2724499,-2198031,缩量,低,情绪退潮,吸筹,高位分歧型,机构吸筹+盈利(关注),C,谨慎：资金流入未验证业绩,23.8
603300,海南华铁,4.71,-49.8,0.55,-28.7,-1.72,-8446359,-18554611,-46904794,9068324,10371255,-6534022,缩量,低,情绪退潮,吸筹,资金撤退型,机构吸筹+盈利(关注),C,谨慎：资金流入未验证业绩,23.4
603307,扬州金泉,25.06,39.5,1.2,-38.7,-3.24,-3170483,-3562892,-7147408,954765,0,2566687,缩量,低,情绪退潮,观望,资金撤退型,,D,回避：资金撤退,-1.1
603308,应流股份,41.97,-2.5,0.49,18.5,-3.09,-167845712,5444127,94343989,-86755948,-132090898,-35844087,缩量,低,情绪退潮,观望,资金观望型,,D,回避：资金观望,-1.0
603303,得邦照明,28.68,-37.3,2.1,26.8,5.77,23325924,77391981,113720397,4081503,478827,-7324336,缩量,中,主力惜售,进场,主力强攻型,资金+业绩共振(双击候选),B,关注：资金+业绩共振,85.9
603310,巍华新材,14.93,-42.4,1.08,3.3,-3.64,-3408671,-3630102,-7314748,-786344,539249,1109854,缩量,低,情绪退潮,观望,资金撤退型,,D,回避：资金撤退,-1.2
603311,金海高科,26.03,-44.0,0.87,211.6,-0.12,-877398,116991741,66305615,-9674779,-10386805,4647570,缩量,低,情绪退潮,观望,资金观望型,,D,回避：资金观望,-0.0
603313,梦百合,6.97,-24.2,5.53,-12.6,-0.56,-3712928,28844804,48944126,3874639,-2613097,-6966969,缩量,低,情绪退潮,观望,资金观望型,,D,回避：资金观望,-0.2
603309,维力医疗,11.06,-34.3,0.59,-20.6,1.14,1414177,-8749141,-20406218,3898531,5329914,-2595062,缩量,低,情绪退潮,吸筹,资金观望型,资金+业绩共振(双击候选),B,关注：资金+业绩共振,64.4
603306,华懋科技,84.77,-8.8,0.6,7.1,3.12,137660326,357445895,524779986,117278703,85372617,-142451924,缩量,低,情绪退潮,进场,主力建仓型,资金+业绩共振(双击候选),B,关注：资金+业绩共振,73.0
603317,天味食品,13.0,-68.6,1.37,-38.4,2.34,7040981,-20410189,-54998992,-1982324,-1571414,6012266,缩量,低,情绪退潮,观望,资金观望型,,D,回避：资金观望,0.8
603318,水发燃气,9.31,-22.5,0.54,3.0,-4.45,-125178183,-499551,35559316,-373843,678907,17308119,缩量,低,情绪退潮,观望,资金观望型,,D,回避：资金观望,-1.5
603321,梅轮电梯,7.58,434.3,0.8,306.5,-2.5,-10890117,14207238,11990083,-903749,2682797,-4920816,放量,低,游资情绪,观望,资金观望型,,D,回避：资金观望,7.2
603320,迪贝电气,18.47,-20.8,0.37,-47.6,0.73,1374973,5032149,28093310,-1611395,-1697694,3805025,缩量,低,情绪退潮,观望,长线吸筹型,,D,回避：资金观望,0.2
603322,超讯科技,32.31,16.1,0.47,147.0,3.31,41687162,3468499,-3575158,-16113370,-12666649,16807878,缩量,低,情绪退潮,观望,资金观望型,,D,回避：资金观望,1.1
603323,苏农银行,4.38,-26.1,1.1,-29.2,-2.43,-17709725,22271850,-80327272,7056892,5691478,-10844430,缩量,低,情绪退潮,观望,资金观望型,,D,回避：资金观望,-0.8
603316,诚邦股份,18.36,52.8,2.09,440.2,11.48,297134643,454802641,425323006,14537250,23219351,-5566260,放量,高,主力主导放量🔥(最强),吸筹,短线抢筹型,纯资金炒作(亏损风险),C,谨慎：纯资金炒作,27.8
603325,博隆技术,52.75,-60.1,0.33,-53.8,-1.87,-841465,-2035789,5734407,-2147040,-1063724,762637,缩量,低,情绪退潮,观望,长线吸筹型,,D,回避：资金观望,-0.6
603324,盛剑科技,26.78,-80.2,2.9,-22.0,-0.16,-594195,-855364,10751723,-148164,0,-1200587,缩量,低,情绪退潮,观望,资金观望型,,D,回避：资金观望,-0.1
603319,美湖股份,32.18,102.6,0.79,-45.4,-0.41,-8407525,-49877492,126363299,126928775,142367446,-82655484,放量,低,游资情绪,抢筹,长线吸筹型,机构吸筹+盈利(关注),C,谨慎：资金流入未验证业绩,47.9
603328,依顿电子,13.8,260.7,0.35,490.8,-0.25,-11732854,133463552,56451966,3105268,2380873,-8523034,放量,低,游资情绪,观望,资金观望型,,D,回避：资金观望,7.9
603326,我乐家居,7.48,2.7,0.91,-36.7,-0.76,-888178,355153,-9454626,-806696,-549080,-513491,缩量,低,情绪退潮,观望,资金观望型,,D,回避：资金观望,-0.3
603329,上海雅仕,10.18,-25.8,2.08,-38.6,1.31,1651654,-1606473,-2809839,-392889,-812364,3044187,缩量,低,情绪退潮,观望,资金观望型,,D,回避：资金观望,0.4
603327,福蓉科技,8.47,-66.8,0.71,-56.4,-2.62,-14206894,-84882254,-189479138,1193999,3088637,-554438,缩量,低,情绪退潮,吸筹,资金撤退型,机构吸筹+盈利(关注),C,谨慎：资金流入未验证业绩,23.1
603333,福华尚纬,9.63,-40.7,1.69,-58.1,-6.7,-25752007,-35987926,-35315436,2725603,1862224,3418610,缩量,低,情绪退潮,观望,资金观望型,,D,回避：资金观望,-2.2
603336,宏辉果蔬,10.78,46.9,0.57,87.1,-0.25,-3960928,43197491,50441508,18068103,9866997,-11445272,缩量,低,情绪退潮,观望,资金观望型,,D,回避：资金观望,-0.1
603330,天洋新材,10.19,136.9,2.95,-45.4,0.18,3759715,152886056,-7973738,1027090,7253369,17910947,放量,低,游资情绪,抢筹,趋势转多型,纯资金炒作(亏损风险),C,谨慎：纯资金炒作,28.1
603335,迪生力,6.39,-39.2,0.42,-4.0,-1.88,-6925852,-31381015,-55597870,1376075,-2935275,2092564,缩量,低,情绪退潮,观望,资金撤退型,,D,回避：资金撤退,-0.6
603331,百达精工,13.02,-44.7,0.92,96.8,4.53,13134648,41556532,41142178,799000,537643,-518008,缩量,低,情绪退潮,吸筹,趋势转多型,纯资金炒作(亏损风险),C,谨慎：纯资金炒作,5.5
603332,苏州龙杰,11.86,-1.8,0.2,-15.9,0.32,600343,941467,-13398815,1260325,0,-854903,缩量,低,情绪退潮,进场,趋势转多型,资金+业绩共振(双击候选),B,关注：资金+业绩共振,72.1
603338,浙江鼎力,54.07,-60.4,1.39,-44.8,-1.58,-12576154,-4651043,-23479748,1062584,1574706,9209441,缩量,低,情绪退潮,观望,资金观望型,,D,回避：资金观望,-0.5
603337,杰克科技,36.24,-52.5,1.62,-39.5,1.95,6679007,1179450,4300900,-2719453,889485,1891774,缩量,低,情绪退潮,观望,资金观望型,,D,回避：资金观望,0.7
603339,四方科技,13.21,-26.2,3.49,-54.0,3.07,16075259,-26445378,-128390001,-16208146,-10007775,8123015,缩量,低,情绪退潮,观望,资金观望型,,D,回避：资金观望,1.0
603348,文灿股份,14.18,-36.2,0.82,-29.6,-2.06,-2602343,-12559483,-6061461,1026106,0,1079521,缩量,低,情绪退潮,观望,资金观望型,,D,回避：资金观望,-0.7
603344,星德胜,24.09,4.5,1.05,15.2,-2.01,-11825099,-797474,10821147,-6943816,-3119977,9460426,缩量,低,情绪退潮,观望,资金观望型,,D,回避：资金观望,-0.7
603334,丰倍生物,32.35,68.2,1.02,4.4,2.12,4985397,7709675,-18759634,6686451,-4126885,-6103599,放量,低,游资情绪,进场,趋势转多型,资金+业绩共振(双击候选),B,关注：资金+业绩共振,80.7
603350,安乃达,28.15,-32.3,0.55,11.0,2.15,1318080,-271752,-4284040,-965989,-1657128,554863,缩量,低,情绪退潮,观望,资金观望型,,D,回避：资金观望,0.7
603352,至信股份,25.7,-58.1,0.76,-15.0,-1.93,-2107369,-9110312,-9339396,-1173739,0,-253831,缩量,低,情绪退潮,观望,资金撤退型,,D,回避：资金撤退,-0.6
603356,华菱精工,17.39,-8.0,0.72,-33.1,-3.44,-5215694,-11883259,-30328766,-2811767,37552,2089264,缩量,低,情绪退潮,观望,资金撤退型,,D,回避：资金撤退,-1.1
603355,莱克电气,30.79,94.0,0.75,40.6,0.22,1292172,67898643,74252803,-4989031,33655,-4110226,放量,低,游资情绪,观望,均衡流入型,,D,回避：资金观望,8.1
603357,设计总院,5.94,-33.6,0.58,-23.0,-6.55,-4575891,-4329641,-3810547,-224222,0,205690,缩量,低,情绪退潮,观望,资金观望型,,D,回避：资金观望,-2.2
603363,傲农生物,2.96,-9.4,0.34,-30.0,-2.94,-13337990,-98189116,59891964,921933,2670841,-2725765,缩量,低,情绪退潮,观望,长线吸筹型,,D,回避：资金观望,-1.0
603351,威尔药业,27.34,210.8,1.68,5.6,0.61,1309877,1825034,-190900,14219558,7155936,-14067517,放量,低,游资情绪,抢筹,趋势转多型,资金+业绩共振(双击候选),B,关注：资金+业绩共振,88.2
603365,水星家纺,16.24,-54.9,0.34,-46.5,-2.67,-2430851,-195125,-2698605,-1076733,-527789,1678163,缩量,低,情绪退潮,观望,资金观望型,,D,回避：资金观望,-0.9
603367,辰欣药业,14.46,-43.1,2.79,-44.5,-3.16,-11048028,-20948957,-48904819,7166151,9985119,611432,缩量,低,情绪退潮,观望,资金撤退型,,D,回避：资金撤退,-1.1
603366,日出东方,7.49,134.4,1.07,20.8,-1.27,-12657946,74368858,116721706,-7009515,3705795,38560734,放量,低,游资情绪,观望,资金观望型,,D,回避：资金观望,7.6
603353,和顺石油,46.39,381.7,0.65,131.8,7.45,221121815,460801688,541066018,-80410114,-85803642,52407206,放量,中,主力偏强放量,进场,主力强攻型,纯资金炒作(亏损风险),C,谨慎：纯资金炒作,30.5
603369,今世缘,28.59,-23.1,1.35,-33.6,-4.62,-59129671,-122664120,-56091355,8335986,-5153704,-31457019,缩量,低,情绪退潮,观望,资金观望型,,D,回避：资金观望,-1.5
603370,华新精科,28.42,162.6,0.78,72.1,-1.81,-3738963,-30780242,-35078515,1547014,-1194417,-895138,放量,低,游资情绪,观望,资金撤退型,,D,回避：资金撤退,7.4
603368,柳药集团,15.56,-31.0,1.41,-11.8,-2.7,-4927418,-15071020,-52424310,5627406,3508206,-1979217,缩量,低,情绪退潮,吸筹,资金撤退型,机构吸筹+盈利(关注),C,谨慎：资金流入未验证业绩,23.1
603373,安邦护卫,43.3,20.3,3.03,-5.8,-0.56,-1935371,-13344776,1379102,-7282669,-3789784,16180743,缩量,低,情绪退潮,观望,资金观望型,,D,回避：资金观望,-0.2
603381,永臻股份,14.88,-14.0,0.48,-38.0,-2.17,-4800027,-14802414,-10977454,-1889593,632,1172212,缩量,低,情绪退潮,观望,资金观望型,,D,回避：资金观望,-0.7
603376,大明电子,27.73,114.7,0.84,-7.8,-2.88,-11701943,3335638,1012201,-849133,-1953785,7121212,放量,低,游资情绪,观望,资金观望型,,D,回避：资金观望,7.0
603382,海阳科技,19.21,-12.1,1.7,-54.4,-0.9,-1237322,-9361143,-35177579,417566,1284753,1785191,缩量,低,情绪退潮,观望,资金撤退型,,D,回避：资金撤退,-0.3
603386,骏亚科技,18.02,34.1,2.05,576.0,-2.48,-78996201,-21820852,-46398232,-11007693,-1506741,38386368,缩量,低,情绪退潮,观望,资金观望型,,D,回避：资金观望,-0.8
603389,亚振家居,46.09,11.1,1.24,29.8,1.59,9898143,19708107,-14745468,-19142493,-9759077,1388376,缩量,低,情绪退潮,观望,趋势转多型,,D,回避：资金观望,0.5
603391,力聚热能,67.56,55.8,1.61,-15.5,-3.4,-15588619,1934489,44447001,-18749070,-24510251,6283246,放量,低,游资情绪,观望,高位分歧型,,D,回避：资金观望,6.9
603393,新天然气,25.73,-38.1,0.77,-15.4,-5.85,-38766387,-4182303,-62067149,9338213,11272268,-14033876,缩量,低,情绪退潮,观望,资金观望型,,D,回避：资金观望,-1.9
603387,基蛋生物,9.94,58.4,0.9,-11.4,0.12,557987,-9298100,-39088291,-2645444,2382289,12650098,放量,低,游资情绪,抢筹,资金观望型,资金+业绩共振(双击候选),B,关注：资金+业绩共振,88.0
603400,华之杰,54.67,-100.0,1.28,6.7,3.03,28355680,98002319,200090350,0,0,0,缩量,低,情绪退潮,观望,主力建仓型,,D,回避：资金观望,1.0
603409,汇通控股,17.98,-40.7,0.53,-41.2,1.5,1569490,698068,-11431436,-759442,-1618807,-475973,缩量,低,情绪退潮,观望,资金观望型,,D,回避：资金观望,0.5
603418,友升股份,45.34,68.6,0.91,40.9,-2.06,-6942759,31595469,31014709,-5451487,-2134191,-327164,放量,低,游资情绪,观望,资金观望型,,D,回避：资金观望,7.3
603416,信捷电气,46.83,-65.5,2.26,-33.4,3.47,10900437,17839240,23228721,-28269,1772769,-4446870,缩量,低,情绪退潮,观望,主力建仓型,,D,回避：资金观望,1.2
603399,永杉锂业,14.01,-60.2,1.27,-42.2,0.85,16603932,-69025132,-436038079,17707434,15321033,-23367638,缩量,低,情绪退潮,进场,资金观望型,纯资金炒作(亏损风险),C,谨慎：纯资金炒作,12.3
603439,三力制药,14.38,299.8,4.08,282.9,-2.14,-72853264,-43565207,-101045377,-3829913,-12041111,27447121,放量,低,游资情绪,观望,资金观望型,,D,回避：资金观望,7.3
603421,鼎信通讯,7.03,259.2,0.43,801.5,-1.77,-38185136,84676056,74933414,6861435,10387099,-3441932,放量,低,游资情绪,吸筹,资金观望型,纯资金炒作(亏损风险),C,谨慎：纯资金炒作,11.4
603458,勘设股份,10.91,-46.0,0.96,11.6,-3.6,-23356110,82236069,56141506,-191245,364898,11344770,缩量,低,情绪退潮,观望,资金观望型,,D,回避：资金观望,-1.2
603486,科沃斯,50.23,-56.5,0.55,-40.5,0.18,1502714,-16838909,-245505840,-3515114,-4506562,-8185843,缩量,低,情绪退潮,观望,资金观望型,,D,回避：资金观望,0.1
603496,恒为科技,23.44,-70.1,0.42,-2.0,2.43,24785359,7889167,-97252999,-24346948,-18309710,20338485,缩量,低,情绪退潮,观望,资金观望型,,D,回避：资金观望,0.8
603501,豪威集团,80.78,-74.5,0.98,-23.2,4.78,201673600,22033421,-945137513,-53790968,-49661971,44815268,缩量,低,情绪退潮,观望,资金观望型,,D,回避：资金观望,1.6
603477,巨星农牧,14.73,-40.1,1.0,-23.9,0.17,1272339,-35021368,-57319764,14613224,5605367,-27650431,缩量,低,情绪退潮,进场,资金观望型,资金+业绩共振(双击候选),B,关注：资金+业绩共振,72.1
603489,八方股份,29.49,-9.1,0.43,4.2,0.06,230995,-5842931,4664324,6201529,4055773,-1796100,缩量,低,情绪退潮,吸筹,资金观望型,资金+业绩共振(双击候选),B,关注：资金+业绩共振,64.0
603515,欧普照明,14.78,-8.4,0.43,-34.3,-6.0,-5399239,-6239650,-8328116,147868,-617577,-713355,缩量,低,情绪退潮,观望,资金撤退型,,D,回避：资金撤退,-2.0
603500,祥和实业,9.84,53.9,2.03,-12.0,-3.77,-10819327,-20406448,-37753613,26541677,10655320,-25741306,放量,低,游资情绪,抢筹,资金撤退型,机构吸筹+盈利(关注),C,谨慎：资金流入未验证业绩,46.7
603518,锦泓集团,7.76,-15.3,0.64,-10.2,-10.73,-28000064,-24438849,-45648624,-2679041,119650,3311010,缩量,低,情绪退潮,观望,资金观望型,,D,回避：资金观望,-3.6
603519,立霸股份,16.2,-51.8,2.87,-60.7,-2.38,-8440064,-12327244,-58999627,-739034,-1092813,817650,缩量,低,情绪退潮,观望,资金撤退型,,D,回避：资金撤退,-0.8
603520,司太立,8.61,-56.5,0.34,-10.3,-3.34,-7672880,-22497742,-36811494,-3249959,2011625,6602626,缩量,低,情绪退潮,观望,资金撤退型,,D,回避：资金撤退,-1.1
603527,众源新材,10.13,-19.9,0.45,28.4,-4.67,-15307567,-16946592,-62999891,-800132,-468030,10275589,缩量,低,情绪退潮,观望,资金撤退型,,D,回避：资金撤退,-1.6
603528,多伦科技,6.5,-4.4,1.3,31.1,4.96,21245766,36316742,18420457,-5408733,-2697031,3325078,缩量,低,情绪退潮,观望,趋势转多型,,D,回避：资金观望,1.7
603529,爱玛科技,21.71,-23.6,0.32,-30.1,2.61,10757502,13959151,-43137838,-7698078,-10615770,6976073,缩量,低,情绪退潮,观望,趋势转多型,,D,回避：资金观望,0.9
603536,惠发食品,9.99,-11.9,1.31,0.2,4.97,12885971,11813265,17788512,-974039,150582,4330266,缩量,低,情绪退潮,观望,资金观望型,,D,回避：资金观望,1.7
603556,海兴电力,23.52,-76.4,1.36,-31.1,-1.75,-6505374,-71352795,-88003266,328954,645148,-8152668,缩量,低,情绪退潮,观望,资金撤退型,,D,回避：资金撤退,-0.6
603566,普莱柯,10.29,-17.1,0.88,-13.8,2.19,2691294,1604118,-970913,-5700929,-2624331,5086160,缩量,低,情绪退潮,观望,资金观望型,,D,回避：资金观望,0.7
603530,神马电力,45.0,-8.9,0.48,-29.9,0.13,848793,28248436,108528891,2727984,-1706060,12707646,缩量,低,情绪退潮,进场,均衡流入型,资金+业绩共振(双击候选),B,关注：资金+业绩共振,72.0
603551,奥普科技,9.31,-17.7,0.67,-37.3,3.22,2573229,1809569,-641299,-314804,1239338,-842520,缩量,低,情绪退潮,吸筹,资金观望型,资金+业绩共振(双击候选),B,关注：资金+业绩共振,65.1
603569,长久物流,5.82,-44.6,0.53,-33.1,-0.11,-96367,486937,6338237,-722034,0,2683633,缩量,低,情绪退潮,观望,长线吸筹型,,D,回避：资金观望,-0.0
603559,中通国脉,9.47,-17.2,4.51,-50.7,0.53,2780133,-59849243,-61577858,310247,5627694,-34817,缩量,低,情绪退潮,吸筹,资金观望型,纯资金炒作(亏损风险),C,谨慎：纯资金炒作,4.2
603565,中谷物流,12.11,77.5,0.48,-45.3,0.13,1282728,-17391568,-170119496,-6307440,4448378,-8889441,放量,低,游资情绪,抢筹,资金观望型,资金+业绩共振(双击候选),B,关注：资金+业绩共振,88.0
603577,汇金通,9.73,-56.1,0.96,-27.4,-2.78,-4357943,-14427325,-37727205,108266,177195,707758,缩量,低,情绪退潮,观望,资金撤退型,,D,回避：资金撤退,-0.9
603578,三星新材,14.31,0.4,0.88,50.9,3.97,10980810,27785760,9501519,-1899027,746076,2874362,缩量,低,情绪退潮,观望,趋势转多型,,D,回避：资金观望,1.3
603585,苏利股份,10.6,-14.9,0.14,-18.3,-4.48,-7711621,-9690177,3373867,-3622289,-553823,8410641,缩量,低,情绪退潮,观望,资金观望型,,D,回避：资金观望,-1.5
603586,金麒麟,13.75,-9.5,0.13,-33.8,-1.4,-1242242,-7506967,-10734922,186595,0,-2287984,缩量,低,情绪退潮,观望,资金撤退型,,D,回避：资金撤退,-0.5
603580,艾艾精工,71.53,26.6,7.17,-33.4,4.13,107922623,190798161,87854114,148588526,122141503,-69718658,缩量,低,情绪退潮,吸筹,趋势转多型,资金+业绩共振(双击候选),B,关注：资金+业绩共振,65.4
603598,引力传媒,17.24,-34.9,1.02,-44.8,-2.27,-17988053,-80233517,74290413,7802418,3013307,-17852495,缩量,低,情绪退潮,观望,长线吸筹型,,D,回避：资金观望,-0.8
603599,广信股份,10.61,-29.5,0.38,-21.2,-1.4,-5989286,35572869,116153114,-3998838,-4434693,-369049,缩量,低,情绪退潮,观望,高位分歧型,,D,回避：资金观望,-0.5
603587,地素时尚,12.32,64.7,0.63,-39.6,0.81,1376606,-7823381,-24375699,355281,-579975,-4616838,放量,低,游资情绪,进场,资金观望型,资金+业绩共振(双击候选),B,关注：资金+业绩共振,80.3
603588,高能环境,16.46,-31.3,1.53,-23.8,0.15,5263316,65964100,431094535,60522012,15447078,-90392604,缩量,低,情绪退潮,进场,长线吸筹型,资金+业绩共振(双击候选),B,关注：资金+业绩共振,72.0
603601,再升科技,10.66,77.7,0.29,231.2,-4.09,-284758473,601835463,561943454,114711739,78253198,-81323257,放量,低,游资情绪,观望,资金观望型,,D,回避：资金观望,6.6
603602,纵横通信,11.55,-40.6,0.73,-11.9,-0.39,-529541,-5749555,-4298632,-1199027,-585816,2652086,缩量,低,情绪退潮,观望,资金观望型,,D,回避：资金观望,-0.1
603606,东方电缆,36.36,-39.8,0.57,53.6,-2.46,-82132239,8630946,-124781994,-11512345,3431005,14897511,缩量,低,情绪退潮,观望,资金观望型,,D,回避：资金观望,-0.8
603589,口子窖,17.82,-31.3,1.2,44.0,0.87,3120559,-16428319,-10199057,9891495,4208019,-9963154,缩量,低,情绪退潮,进场,资金观望型,资金+业绩共振(双击候选),B,关注：资金+业绩共振,72.3
603607,京华激光,23.94,26.5,1.48,104.1,1.69,21604636,16325976,26689014,-6415961,-9644228,-1043090,缩量,低,情绪退潮,观望,资金观望型,,D,回避：资金观望,0.6
603590,康辰药业,29.88,-52.2,1.25,-41.2,-1.87,-3796887,-15381835,-59939359,3371800,3884968,-3645548,缩量,低,情绪退潮,吸筹,资金撤退型,机构吸筹+盈利(关注),C,谨慎：资金流入未验证业绩,23.4
603608,天创时尚,22.13,-12.8,2.33,-13.3,1.23,18753978,131607653,269528092,-20089468,-7854969,15478458,缩量,低,情绪退潮,观望,均衡流入型,,D,回避：资金观望,0.4
603609,禾丰股份,6.52,38.6,0.98,11.4,-1.53,-2108045,-35526072,-37675581,5181178,5086371,-6308513,缩量,低,情绪退潮,观望,资金撤退型,,D,回避：资金撤退,-0.5
603600,永艺股份,10.33,-16.0,0.4,-1.8,-3.15,-7433833,-692227,-16365218,-277400,1804941,-999383,缩量,低,情绪退潮,吸筹,资金观望型,机构吸筹+盈利(关注),C,谨慎：资金流入未验证业绩,22.9
603605,珀莱雅,56.89,20.9,1.03,-47.2,0.19,2691896,-54508556,-141326232,3328509,1551830,-8715164,缩量,低,情绪退潮,进场,资金观望型,资金+业绩共振(双击候选),B,关注：资金+业绩共振,72.1
603610,麒盛科技,13.65,-52.4,1.62,-28.5,-0.58,-1627110,-24123596,-65729408,-439907,-1881775,-1387615,缩量,低,情绪退潮,观望,资金撤退型,,D,回避：资金撤退,-0.2
603612,索通发展,16.75,-43.2,0.49,-12.5,-4.33,-29377956,-14807825,29263800,-11796047,-13102504,11730227,缩量,低,情绪退潮,观望,高位分歧型,,D,回避：资金观望,-1.4
603615,茶花股份,19.15,153.7,0.89,25.2,1.82,15211157,34502007,81296048,-5444336,-1508576,3599683,放量,低,游资情绪,观望,均衡流入型,,D,回避：资金观望,8.6
603617,君禾股份,6.83,-52.7,1.16,-22.0,-5.31,-8229519,-6571568,-12681375,-1304253,0,3152740,缩量,低,情绪退潮,观望,资金观望型,,D,回避：资金观望,-1.8
603613,国联股份,21.29,53.4,0.48,-4.1,4.71,71115354,52430531,182572814,-26609697,-7983121,35616899,放量,低,游资情绪,观望,资金观望型,,D,回避：资金观望,9.6
603616,韩建河山,5.58,-63.3,0.96,-21.3,-5.52,-12060217,-10969928,-5295121,1948296,-104926,668952,缩量,低,情绪退潮,观望,资金观望型,,D,回避：资金观望,-1.8
603629,利通电子,111.5,-44.4,1.04,-18.9,0.12,18033644,-211179324,-1513761133,-224140417,-156460440,246949983,缩量,低,情绪退潮,观望,资金观望型,,D,回避：资金观望,0.0
603630,拉芳家化,14.08,-41.1,2.0,-31.8,2.33,6396091,-8167108,-24439370,-2825900,-2765863,12767580,缩量,低,情绪退潮,观望,资金观望型,,D,回避：资金观望,0.8
603637,镇海股份,15.1,-4.8,0.41,-29.1,4.2,34064202,13150569,20711596,-100790,-2543270,8728379,缩量,低,情绪退潮,观望,资金观望型,,D,回避：资金观望,1.4
603618,杭电股份,40.68,43.2,0.78,9.9,-1.14,-211513983,-242790300,706532055,79920438,126047832,-10561439,缩量,低,情绪退潮,吸筹,资金观望型,纯资金炒作(亏损风险),C,谨慎：纯资金炒作,3.6
603639,海利尔,10.44,-38.7,0.42,-1.5,-0.24,-184486,-1089748,-2572576,-1180873,-795915,1292865,缩量,低,情绪退潮,观望,资金撤退型,,D,回避：资金撤退,-0.1
603648,畅联股份,9.65,6.4,0.81,4.6,-0.69,-823129,2430202,2008551,1038232,1217230,2480113,缩量,低,情绪退潮,观望,资金观望型,,D,回避：资金观望,-0.2
603650,彤程新材,71.99,-32.3,2.42,155.7,3.96,401576324,975210056,712920790,-84133352,-64327455,100631620,缩量,低,情绪退潮,观望,趋势转多型,,D,回避：资金观望,1.3
603633,徕木股份,6.44,-20.9,0.4,13.8,-2.0,-4413642,-14481788,-23658514,1895693,3309061,-2622154,缩量,低,情绪退潮,吸筹,资金撤退型,纯资金炒作(亏损风险),C,谨慎：纯资金炒作,3.3
603656,泰禾智能,17.4,-9.6,0.6,2.4,-3.13,-4235811,2367542,-1467485,-1825058,-664888,1831321,缩量,低,情绪退潮,观望,资金观望型,,D,回避：资金观望,-1.0
603659,璞泰来,21.9,-40.3,0.32,-6.4,-3.42,-80013698,-245992482,-446487381,-3553608,-11826566,10008388,缩量,低,情绪退潮,观望,资金撤退型,,D,回避：资金撤退,-1.1
603638,艾迪精密,18.4,-73.3,1.8,-6.5,2.38,14562068,354470,-15381431,6595814,4689880,-6371952,缩量,低,情绪退潮,进场,资金观望型,资金+业绩共振(双击候选),B,关注：资金+业绩共振,72.8
603662,柯力传感,49.86,-73.6,3.49,-26.7,-2.91,-22017259,-70342357,-112968303,-464942,-1889275,8900809,缩量,低,情绪退潮,观望,资金撤退型,,D,回避：资金撤退,-1.0
603661,恒林股份,33.13,-32.0,5.36,104.3,-2.79,-18580892,-16027546,-11069391,-7518839,-9081736,13191232,缩量,低,情绪退潮,观望,资金观望型,,D,回避：资金观望,-0.9
603665,康隆达,21.56,-24.9,0.76,-33.3,-4.22,-10954605,-19134545,-6716712,-1127187,552834,5556564,缩量,低,情绪退潮,观望,资金观望型,,D,回避：资金观望,-1.4
603657,春光科技,36.49,123.3,1.41,142.2,1.67,23842835,39010904,-6076537,2226343,4012619,4106452,放量,低,游资情绪,进场,趋势转多型,纯资金炒作(亏损风险),C,谨慎：纯资金炒作,20.6
603658,安图生物,32.52,-47.7,1.45,-44.0,3.41,9081948,2564130,2688319,2232888,-2003720,-1557013,缩量,低,情绪退潮,进场,资金观望型,资金+业绩共振(双击候选),B,关注：资金+业绩共振,73.1
603660,苏州科达,9.82,-18.0,0.69,-8.9,2.09,19370592,-91504387,-186517696,4686795,-2162383,-19294290,缩量,低,情绪退潮,进场,资金观望型,纯资金炒作(亏损风险),C,谨慎：纯资金炒作,12.7
603667,五洲新春,50.97,-58.9,1.06,-12.1,3.59,115438301,70688006,-148996988,-11842029,-4161755,16461026,缩量,低,情绪退潮,观望,资金观望型,,D,回避：资金观望,1.2
603668,天马科技,12.65,62.9,0.74,47.5,1.98,11949393,-4454551,-28432386,-7179838,-10378114,6474328,放量,低,游资情绪,观望,资金观望型,,D,回避：资金观望,8.7
603663,三祥新材,49.82,13.3,2.37,37.7,3.37,176937761,536552469,401007333,259891064,284207276,-122005530,缩量,低,情绪退潮,吸筹,趋势转多型,资金+业绩共振(双击候选),B,关注：资金+业绩共振,65.1
603677,奇精机械,14.41,-19.9,1.47,82.2,0.38,679334,1636095,-7145035,-1543389,-534277,3085475,缩量,低,情绪退潮,观望,趋势转多型,,D,回避：资金观望,0.1
603678,火炬电子,50.93,-29.8,5.86,88.7,-0.95,-65000045,317699627,66339906,-76491915,-73417361,100767851,缩量,低,情绪退潮,观望,资金观望型,,D,回避：资金观望,-0.3
603680,今创集团,10.86,37.6,0.39,14.4,-3.29,-10419863,-21752773,-22730326,-5459032,1732413,9518515,缩量,低,情绪退潮,观望,资金撤退型,,D,回避：资金撤退,-1.1
603682,锦和商管,9.91,-41.9,1.0,-40.3,-7.02,-31837588,-76699388,-124441163,-12962393,-2191992,19178418,缩量,低,情绪退潮,观望,资金撤退型,,D,回避：资金撤退,-2.3
603676,卫信康,9.04,-4.8,0.91,-24.6,3.56,2280660,2039516,4865481,1837321,678865,50577,缩量,低,情绪退潮,进场,资金观望型,资金+业绩共振(双击候选),B,关注：资金+业绩共振,73.2
603685,晨丰科技,27.79,-52.3,0.55,-41.2,-1.09,-2179535,15454866,35941317,-4233009,-4230173,3427136,缩量,低,情绪退潮,观望,高位分歧型,,D,回避：资金观望,-0.4
603687,大胜达,15.77,-39.4,0.34,-41.6,-5.25,-84166852,-77791947,106438597,-39016012,-33830851,22957397,缩量,低,情绪退潮,观望,长线吸筹型,,D,回避：资金观望,-1.8
603679,华体科技,26.76,131.8,2.24,57.4,1.69,23282701,132923337,186526089,9225281,3671075,-3785581,放量,低,游资情绪,进场,均衡流入型,纯资金炒作(亏损风险),C,谨慎：纯资金炒作,20.6
603689,皖天然气,7.7,1.3,0.75,-5.9,-0.98,-1295827,-13938540,-13587830,2778934,1092947,-3134355,缩量,低,情绪退潮,观望,资金观望型,,D,回避：资金观望,-0.3
603690,至纯科技,24.2,-65.3,3.75,-28.5,1.46,29827649,23639440,-72560518,-15046275,-16633968,-4790243,缩量,低,情绪退潮,观望,资金观望型,,D,回避：资金观望,0.5
603693,江苏新能,12.48,17.8,0.24,418.7,-3.25,-47221899,89359976,70639580,-6316783,-6605440,-542617,缩量,低,情绪退潮,观望,资金观望型,,D,回避：资金观望,-1.1
603698,航天工程,21.98,-78.4,0.47,-5.6,-4.48,-41787077,-41858671,-134218298,-5423179,-1770538,3418822,缩量,低,情绪退潮,观望,资金撤退型,,D,回避：资金撤退,-1.5
603688,石英股份,50.75,-13.0,0.78,-8.8,2.44,100257454,112366979,111010128,75796195,57551521,-65688481,缩量,低,情绪退潮,进场,趋势转多型,资金+业绩共振(双击候选),B,关注：资金+业绩共振,72.8
603686,福龙马,15.22,683.4,0.85,183.2,8.78,365558204,310024542,379756994,-118694613,-149104793,79254413,放量,中,主力偏强放量,进场,资金观望型,资金+业绩共振(双击候选),B,关注：资金+业绩共振,90.9
603699,纽威股份,43.57,-47.2,0.84,-36.2,-0.73,-6933426,-25317137,-23839971,10139880,-5402540,-10217810,缩量,低,情绪退潮,观望,资金观望型,,D,回避：资金观望,-0.2
603703,盛洋科技,10.88,151.3,0.66,21.5,-4.07,-31304297,-97088519,-128646325,3118866,7710660,1126715,放量,低,游资情绪,观望,资金撤退型,,D,回避：资金撤退,6.6
603706,东方环宇,17.13,-31.9,0.69,-49.1,-2.77,-2043130,-3480596,-4238203,-2258316,-1994828,-1151867,缩量,低,情绪退潮,观望,资金撤退型,,D,回避：资金撤退,-0.9
603711,香飘飘,11.92,-34.3,3.74,-47.0,1.85,2947525,-8025296,3941100,-890209,-711540,5462263,缩量,低,情绪退潮,观望,长线吸筹型,,D,回避：资金观望,0.6
603707,健友股份,7.89,47.3,1.81,-57.6,-1.24,-3775768,-2596783,98844901,9667929,14068151,-1883617,缩量,低,情绪退潮,吸筹,长线吸筹型,机构吸筹+盈利(关注),C,谨慎：资金流入未验证业绩,23.6
603716,塞力医疗,16.9,-38.5,1.82,-36.5,-5.4,-41597458,-27126569,67954116,12695417,10983660,-16475592,缩量,低,情绪退潮,观望,长线吸筹型,,D,回避：资金观望,-1.8
603717,天域生物,5.98,-59.9,2.3,-1.4,-1.75,-4226450,-13092139,-30517561,776488,1761496,918586,缩量,低,情绪退潮,观望,资金撤退型,,D,回避：资金撤退,-0.6
603708,家家悦,9.12,25.7,0.7,-18.4,1.53,3954959,-12550342,-2005745,1464590,1904556,-3001403,缩量,低,情绪退潮,进场,资金观望型,资金+业绩共振(双击候选),B,关注：资金+业绩共振,72.5
603709,中源家居,12.42,-11.8,0.22,-39.8,2.94,4569087,701917,-16544383,385975,-535470,-1494038,缩量,低,情绪退潮,进场,资金观望型,纯资金炒作(亏损风险),C,谨慎：纯资金炒作,13.0
603721,中广天择,18.47,82.6,0.89,-31.7,0.03,207334,-20828330,-86462147,-791414,-397840,-1592468,放量,低,游资情绪,观望,资金观望型,,D,回避：资金观望,8.0
603726,朗迪集团,24.3,-73.1,2.25,-17.1,0.8,2836831,277146,-1489999,-747027,-3372284,-1390648,缩量,低,情绪退潮,观望,资金观望型,,D,回避：资金观望,0.3
603713,密尔克卫,68.32,-49.5,4.87,6.5,5.17,35275863,51925533,52350918,4369083,-5251652,4340742,缩量,中,主力惜售,进场,主力建仓型,资金+业绩共振(双击候选),B,关注：资金+业绩共振,85.7
603728,鸣志电器,50.78,-37.3,1.98,-34.7,1.55,20365081,-1230994,205314446,-7664804,753071,41024361,缩量,低,情绪退潮,观望,长线吸筹型,,D,回避：资金观望,0.5
603719,良品铺子,9.1,-49.1,1.41,-12.3,-2.64,-3806720,-8502018,-8518570,3091722,520928,-139181,缩量,低,情绪退潮,吸筹,资金撤退型,纯资金炒作(亏损风险),C,谨慎：纯资金炒作,3.1
603722,阿科力,29.57,-78.8,3.82,-28.6,1.27,1827596,-7017252,2519873,1251126,713034,-533344,缩量,低,情绪退潮,吸筹,长线吸筹型,纯资金炒作(亏损风险),C,谨慎：纯资金炒作,4.4
603737,三棵树,22.18,56.4,0.67,-29.8,-0.84,-7310272,-12757733,-57078644,-16315373,-2549351,-19767399,放量,低,游资情绪,观望,资金撤退型,,D,回避：资金撤退,7.7
603730,岱美股份,9.97,-32.4,1.16,-11.8,-11.36,-80241847,-76799560,-13657133,7083323,16512454,-380042,缩量,低,情绪退潮,吸筹,长线吸筹型,机构吸筹+盈利(关注),C,谨慎：资金流入未验证业绩,20.2
603733,仙鹤股份,19.28,-58.6,5.33,-43.7,-4.64,-23546879,-30047404,37274318,4701940,14015135,-2285682,缩量,低,情绪退潮,吸筹,长线吸筹型,机构吸筹+盈利(关注),C,谨慎：资金流入未验证业绩,22.5
603738,泰晶科技,38.57,-39.1,0.51,-34.4,1.36,67095316,142116879,-163440009,46560424,27009040,-86985694,缩量,低,情绪退潮,进场,趋势转多型,资金+业绩共振(双击候选),B,关注：资金+业绩共振,72.5
603759,海天股份,7.82,99.0,1.14,-25.8,3.96,9477079,-1725920,-1589946,3009254,1886033,960303,放量,低,游资情绪,进场,资金观望型,资金+业绩共振(双击候选),B,关注：资金+业绩共振,81.3
603777,来伊份,13.73,10.1,0.49,31.6,-1.96,-9900871,-15233706,-44362602,-1894199,398844,2965593,缩量,低,情绪退潮,观望,资金撤退型,,D,回避：资金撤退,-0.7
603757,大元泵业,70.08,-39.8,1.7,-47.6,-0.9,-22880910,-207849538,328730227,97963792,95712473,-48265918,缩量,低,情绪退潮,吸筹,长线吸筹型,机构吸筹+盈利(关注),C,谨慎：资金流入未验证业绩,23.7
603758,秦安股份,11.05,115.8,1.18,-69.0,-2.16,-10837500,-39095153,31791630,-941462,4244845,4829809,放量,低,游资情绪,抢筹,长线吸筹型,机构吸筹+盈利(关注),C,谨慎：资金流入未验证业绩,47.3
603778,国晟科技,9.22,-30.9,0.34,-22.0,-1.45,-33319606,-58145504,273145539,-26172872,-11351302,37631046,缩量,低,情绪退潮,观望,长线吸筹型,,D,回避：资金观望,-0.5
603779,威龙股份,8.43,-64.6,7.49,26.2,-7.09,-30700842,-37311825,-46677313,-12047341,-5207182,10942228,缩量,低,情绪退潮,观望,资金撤退型,,D,回避：资金撤退,-2.4
603786,科博达,37.71,-49.0,0.46,-30.8,-0.5,-1643923,-7544693,-30707817,-4150635,-1180535,8345796,缩量,低,情绪退潮,观望,资金撤退型,,D,回避：资金撤退,-0.2
603776,永安行,19.64,-56.9,0.43,-23.6,6.64,8046519,11325698,8529394,-1589278,-2240617,1001928,缩量,中,主力惜售,进场,短线抢筹型,纯资金炒作(亏损风险),C,谨慎：纯资金炒作,26.2
603787,新日股份,10.3,-33.2,0.34,-19.5,-2.83,-3213224,-3977713,-17107965,-1704769,0,788105,缩量,低,情绪退潮,观望,资金撤退型,,D,回避：资金撤退,-0.9
603798,康普顿,13.67,2.6,0.48,-13.1,-1.91,-4176412,-18632591,-6330941,-661731,-1624704,5919382,缩量,低,情绪退潮,观望,资金观望型,,D,回避：资金观望,-0.6
603799,华友钴业,36.07,-60.8,0.6,-20.6,-5.48,-325286912,-742679472,-1560828903,5849290,-12462534,25673269,缩量,低,情绪退潮,观望,资金撤退型,,D,回避：资金撤退,-1.8
603801,志邦家居,6.12,39.8,1.85,-74.4,-1.73,-3502301,-12634319,25297998,853545,599985,881711,缩量,低,情绪退潮,观望,长线吸筹型,,D,回避：资金观望,-0.6
603800,洪田股份,58.53,-62.3,1.68,-12.4,-0.79,-11176409,-52557787,-185363883,-21903604,-32517799,7651564,缩量,低,情绪退潮,观望,资金撤退型,,D,回避：资金撤退,-0.3
603808,歌力思,8.75,-38.2,0.32,-30.8,0.97,958831,3482014,-3363569,-996647,0,657078,缩量,低,情绪退潮,观望,趋势转多型,,D,回避：资金观望,0.3
603809,豪能股份,8.69,-57.5,1.23,-6.5,-0.06,-149435,-8320846,-19109641,4838475,3955207,1202743,缩量,低,情绪退潮,观望,资金撤退型,,D,回避：资金撤退,-0.0
603810,丰山集团,11.97,-10.4,0.58,8.8,-0.52,-583386,-4306731,-8739039,360923,0,-1053285,缩量,低,情绪退潮,观望,资金撤退型,,D,回避：资金撤退,-0.2
603811,诚意药业,7.02,11.5,0.44,-4.4,-8.19,-14467713,-21639753,-23492947,-1302608,-2991186,4563074,缩量,低,情绪退潮,观望,资金撤退型,,D,回避：资金撤退,-2.7
603797,联泰环保,4.9,142.9,1.16,6.8,-1.45,-2756149,873011,-627876,3196640,3742945,-7479881,放量,低,游资情绪,抢筹,资金观望型,机构吸筹+盈利(关注),C,谨慎：资金流入未验证业绩,47.5
603813,原尚股份,26.67,-4.0,0.63,3.1,-2.27,-2413293,-3491270,-12707812,1803537,990934,-2710752,缩量,低,情绪退潮,观望,资金撤退型,,D,回避：资金撤退,-0.8
603817,海峡环保,5.78,-10.1,0.49,2.7,-0.35,-1118911,-11024860,-16014970,-5378793,-4430811,4530149,缩量,低,情绪退潮,观望,资金撤退型,,D,回避：资金撤退,-0.1
603803,瑞斯康达,11.85,-24.5,0.32,-11.5,3.02,32128539,56570291,32524353,4454920,-1920157,-12684541,缩量,低,情绪退潮,进场,趋势转多型,纯资金炒作(亏损风险),C,谨慎：纯资金炒作,13.0
603818,曲美家居,4.03,115.4,2.48,3.9,1.55,11828424,-49132223,-30272065,-32682215,-31373405,19528797,放量,低,游资情绪,观望,资金观望型,,D,回避：资金观望,8.5
603823,百合花,55.0,-33.1,20.04,-16.9,-0.25,-13160145,228411510,-637962818,-31972245,-29459608,46131643,缩量,低,情绪退潮,观望,资金观望型,,D,回避：资金观望,-0.1
603829,洛凯股份,16.03,6.1,0.23,-17.9,1.73,3802349,11212405,20170694,-345367,-420451,10592306,缩量,低,情绪退潮,观望,均衡流入型,,D,回避：资金观望,0.6
603816,顾家家居,22.36,-17.0,0.96,-33.4,2.72,18521303,27597720,53074065,719561,-4374219,-14320185,缩量,低,情绪退潮,进场,均衡流入型,资金+业绩共振(双击候选),B,关注：资金+业绩共振,72.9
603836,海程邦达,9.53,-11.4,0.73,-19.1,-3.78,-5431366,-9278154,-14841044,-2857955,-661045,1045940,缩量,低,情绪退潮,观望,资金撤退型,,D,回避：资金撤退,-1.3
603833,欧派家居,29.45,-49.1,1.06,-41.0,-1.84,-6233970,-25615305,-34660336,709638,314182,-1622361,缩量,低,情绪退潮,观望,资金撤退型,,D,回避：资金撤退,-0.6
603848,好太太,13.47,40.6,1.08,-19.6,-3.29,-6877464,-8568113,-31972748,1030469,809910,1466612,缩量,低,情绪退潮,观望,资金撤退型,,D,回避：资金撤退,-1.1
603856,东宏股份,11.71,-43.3,0.6,-29.2,-1.62,-1875507,-7094733,-11255551,5871647,4142103,17459,缩量,低,情绪退潮,观望,资金撤退型,,D,回避：资金撤退,-0.5
603826,坤彩科技,16.77,-10.9,0.37,89.6,-2.61,-21792229,84949193,-5099950,2689588,6647660,-5915464,缩量,低,情绪退潮,吸筹,资金观望型,纯资金炒作(亏损风险),C,谨慎：纯资金炒作,3.1
603861,白云电器,11.24,-73.4,0.61,-28.1,-3.5,-10342578,-17316872,-53746836,-3023326,-3496804,-1000876,缩量,低,情绪退潮,观望,资金撤退型,,D,回避：资金撤退,-1.2
603839,安正时尚,6.94,1.3,0.92,-68.5,0.61,762652,670704,-48609591,2038759,0,815922,缩量,低,情绪退潮,进场,资金观望型,纯资金炒作(亏损风险),C,谨慎：纯资金炒作,12.2
603866,桃李面包,4.16,8.5,1.26,-12.2,-3.44,-8208993,-3598800,912329,-935367,-2181265,3932,缩量,低,情绪退潮,观望,资金观望型,,D,回避：资金观望,-1.1
603863,松炀资源,12.6,-39.3,0.55,-27.8,1.39,2938468,-9507598,-36839594,-4495250,-2794738,6125640,缩量,低,情绪退潮,观望,资金观望型,,D,回避：资金观望,0.5
603855,华荣股份,17.02,-1.4,0.77,-42.7,2.47,2432440,-1672064,1955779,4590640,2222341,-3321647,缩量,低,情绪退潮,进场,资金观望型,资金+业绩共振(双击候选),B,关注：资金+业绩共振,72.8
603860,中公高科,25.72,-9.5,0.77,12.5,0.01,9195,-991714,-9836480,372137,559900,-585776,缩量,低,情绪退潮,进场,资金观望型,资金+业绩共振(双击候选),B,关注：资金+业绩共振,72.0
603871,嘉友国际,12.28,-42.9,0.83,-37.4,0.25,1605207,-60473279,-72299135,-4334991,-2520728,999422,缩量,低,情绪退潮,观望,资金观望型,,D,回避：资金观望,0.1
603867,新化股份,33.27,6.5,1.2,-19.6,3.31,32961501,26050244,110610886,16559024,6940800,-13454849,缩量,低,情绪退潮,进场,资金观望型,资金+业绩共振(双击候选),B,关注：资金+业绩共振,73.1
603859,能科科技,39.05,-57.1,2.31,-3.1,0.42,4153718,84828,29156499,11352506,415123,140521,缩量,低,情绪退潮,进场,资金观望型,资金+业绩共振(双击候选),B,关注：资金+业绩共振,72.1
603876,鼎胜新材,18.6,-50.6,0.39,-44.7,-3.67,-57108540,-135852709,-419822274,5656604,-2852250,31137181,缩量,低,情绪退潮,观望,资金撤退型,,D,回避：资金撤退,-1.2
603877,太平鸟,11.88,-34.5,0.95,5.5,-3.22,-3218074,-4259651,912127,2381558,1475107,-2067649,缩量,低,情绪退潮,观望,资金观望型,,D,回避：资金观望,-1.1
603879,永悦科技,4.95,-47.9,0.92,-23.4,-7.76,-13971550,-14285579,-33475809,-2758878,631162,3309353,缩量,低,情绪退潮,观望,资金撤退型,,D,回避：资金撤退,-2.6
603880,南卫股份,9.27,131.2,2.0,-17.0,-5.08,-31549419,-22878868,-19906828,-2091859,629241,-1919170,放量,低,游资情绪,观望,资金观望型,,D,回避：资金观望,6.3
603868,飞科电器,31.36,137.4,0.34,61.9,2.89,8997886,4408283,3454897,2225612,1862188,-3094916,放量,低,游资情绪,进场,资金观望型,资金+业绩共振(双击候选),B,关注：资金+业绩共振,81.0
603886,元祖股份,12.46,-7.3,0.65,-28.1,-0.53,-1364790,-26929839,-31293563,-2188537,-2188386,3601415,缩量,低,情绪退潮,观望,资金撤退型,,D,回避：资金撤退,-0.2
603887,城地香江,8.94,-46.5,0.41,-56.2,-4.72,-30310516,-159011720,-237342428,374249,2284554,-2531971,缩量,低,情绪退潮,观望,资金撤退型,,D,回避：资金撤退,-1.6
603882,金域医学,28.76,49.8,1.27,-17.3,1.66,19815376,8610569,-26842247,7423637,8720836,14757443,缩量,低,情绪退潮,进场,资金观望型,纯资金炒作(亏损风险),C,谨慎：纯资金炒作,12.6
603881,数据港,24.64,-42.4,0.64,-37.1,1.98,42669404,-109211889,-446996394,43474507,41192444,-41501032,缩量,低,情绪退潮,进场,资金观望型,资金+业绩共振(双击候选),B,关注：资金+业绩共振,72.7
603888,新华网,18.79,493.2,0.93,403.0,1.63,59785990,176662063,176675849,-10795484,-18886461,-1925730,放量,低,游资情绪,观望,均衡流入型,,D,回避：资金观望,8.5
603890,春秋电子,17.32,-35.5,0.62,-49.2,-2.45,-53709306,-346544949,-403524676,-44353627,-36285917,38813344,缩量,低,情绪退潮,观望,资金撤退型,,D,回避：资金撤退,-0.8
603898,好莱客,11.15,-61.5,0.83,-33.7,-2.74,-2837602,-8468230,-16347167,-539818,-645965,4214423,缩量,低,情绪退潮,观望,资金撤退型,,D,回避：资金撤退,-0.9
603883,老百姓,12.88,-26.7,0.78,-17.9,-7.38,-34597777,-85791462,-65164593,8854798,6940331,-6090390,缩量,低,情绪退潮,吸筹,资金观望型,机构吸筹+盈利(关注),C,谨慎：资金流入未验证业绩,21.5
603889,新澳股份,6.12,-12.8,0.48,-43.5,1.96,5639548,-11723571,-38603298,3427465,653457,-12419629,缩量,低,情绪退潮,进场,资金观望型,资金+业绩共振(双击候选),B,关注：资金+业绩共振,72.7
603893,瑞芯微,198.0,-53.5,2.93,-41.1,5.06,436129831,420052475,612708068,128467636,161981462,16126277,缩量,中,主力惜售,进场,资金观望型,资金+业绩共振(双击候选),B,关注：资金+业绩共振,85.7
603903,中持股份,13.88,-66.7,1.53,7.4,-4.82,-16134037,20098087,22045,-10502682,-4368923,5966283,缩量,低,情绪退潮,观望,资金观望型,,D,回避：资金观望,-1.6
603895,天永智能,26.18,-55.9,0.74,-46.4,1.2,1209679,-178665,3224646,-109072,1228761,-876144,缩量,低,情绪退潮,吸筹,资金观望型,资金+业绩共振(双击候选),B,关注：资金+业绩共振,64.4
603906,龙蟠科技,18.23,-80.0,0.3,-43.1,-0.96,-8822411,-71015722,-149379179,-11176668,-8822233,16419594,缩量,低,情绪退潮,观望,资金撤退型,,D,回避：资金撤退,-0.3
603897,长城科技,30.89,21.8,0.43,-33.9,0.07,756841,-23768816,-150305555,6181535,-5254586,-4075967,缩量,低,情绪退潮,进场,资金观望型,资金+业绩共振(双击候选),B,关注：资金+业绩共振,72.0
603908,牧高笛,18.95,-1.9,0.79,25.6,1.79,2661808,150405,-3714478,-961544,-1468376,29366,缩量,低,情绪退潮,观望,资金观望型,,D,回避：资金观望,0.6
603909,建发合诚,9.73,-17.1,0.21,13.3,0.07,88640,-3431065,-7310134,-1012356,-1434588,771737,缩量,低,情绪退潮,观望,资金观望型,,D,回避：资金观望,0.0
603899,晨光股份,21.75,-41.2,1.25,7.1,0.44,1209654,-12060378,-29379020,5397389,2939612,-10566404,缩量,低,情绪退潮,进场,资金观望型,资金+业绩共振(双击候选),B,关注：资金+业绩共振,72.1
603912,佳力图,8.8,-13.3,0.23,-52.9,-0.96,-4961011,-73303589,-2705321,-6376671,-3264284,5960292,缩量,低,情绪退潮,观望,长线吸筹型,,D,回避：资金观望,-0.3
603915,国茂股份,13.18,-41.4,0.97,-41.3,-1.84,-4553179,-9425383,-21903662,-1227737,-1687295,2002505,缩量,低,情绪退潮,观望,资金撤退型,,D,回避：资金撤退,-0.6
603901,永创智能,9.41,-52.1,0.48,-49.1,-2.46,-5771652,-16500662,-6329311,2872066,3121072,-962815,缩量,低,情绪退潮,吸筹,资金观望型,机构吸筹+盈利(关注),C,谨慎：资金流入未验证业绩,23.2
603918,金桥信息,10.76,-0.2,2.07,-46.0,4.73,28612905,19506689,-22885960,-4310968,-5125465,-1633155,缩量,低,情绪退潮,观望,资金观望型,,D,回避：资金观望,1.6
603916,苏博特,10.97,-53.3,0.85,-49.9,-1.36,-4076359,-43121861,-50414605,-4319109,-5527411,7542651,缩量,低,情绪退潮,观望,资金撤退型,,D,回避：资金撤退,-0.5
603919,金徽酒,16.83,-46.0,1.5,-44.4,-1.23,-3321765,-20833300,-23899301,10620583,7094774,-12018355,缩量,低,情绪退潮,观望,资金撤退型,,D,回避：资金撤退,-0.4
603927,中科软,13.9,-37.2,1.32,-38.5,-0.79,-3288798,-20137876,-22722292,1899549,-1511964,-189018,缩量,低,情绪退潮,观望,资金撤退型,,D,回避：资金撤退,-0.3
603928,兴业股份,12.21,-78.6,6.99,42.6,1.4,12986162,8862561,-4602021,-7587847,-4044086,18237707,缩量,低,情绪退潮,观望,资金观望型,,D,回避：资金观望,0.5
603917,合力科技,14.35,74.2,0.99,14.5,4.88,15988677,18830148,15063612,4495828,1670844,2228914,放量,低,游资情绪,进场,趋势转多型,资金+业绩共振(双击候选),B,关注：资金+业绩共振,81.6
603929,亚翔集成,159.47,-59.6,1.51,-8.0,3.85,113869170,221776878,12389362,-26640795,-12072412,-21206865,缩量,低,情绪退潮,观望,趋势转多型,,D,回避：资金观望,1.3
603931,格林达,35.83,-73.1,1.43,-7.8,-1.92,-17031013,-30158822,-28545602,-9999843,-7939235,9726136,缩量,低,情绪退潮,观望,资金观望型,,D,回避：资金观望,-0.6
603933,睿能科技,19.32,-63.7,0.75,-22.2,1.06,2431933,-2112737,-9043116,-3447966,-2987848,-1860924,缩量,低,情绪退潮,观望,资金观望型,,D,回避：资金观望,0.4
603937,丽岛新材,11.67,-68.1,0.67,-34.5,-1.35,-1905085,-6720177,-21240580,-280645,0,-2176651,缩量,低,情绪退潮,观望,资金撤退型,,D,回避：资金撤退,-0.5
603936,博敏电子,21.61,33.1,0.79,129.1,-9.13,-722554751,102658577,-74444765,71297477,40088510,-92641804,缩量,低,情绪退潮,观望,资金观望型,,D,回避：资金观望,-3.0
603938,三孚股份,50.35,7.4,1.47,154.9,-1.3,-117079050,580931514,648279910,-54216049,-65191792,3067487,缩量,低,情绪退潮,观望,资金观望型,,D,回避：资金观望,-0.4
603920,世运电路,46.44,115.9,0.37,131.4,5.45,496917208,886309984,763527928,92516125,134024776,18677561,放量,中,主力偏强放量,进场,短线抢筹型,资金+业绩共振(双击候选),B,关注：资金+业绩共振,89.8
603939,益丰药房,22.15,-36.1,1.01,-41.6,-0.71,-4409330,-17463100,50081201,-37369,-3292455,-11978895,缩量,低,情绪退潮,观望,长线吸筹型,,D,回避：资金观望,-0.2
603948,建业股份,19.73,-66.2,1.19,-3.8,-0.43,-490660,-943926,-2104836,-2031040,-594202,425265,缩量,低,情绪退潮,观望,资金撤退型,,D,回避：资金撤退,-0.1
603926,铁流股份,17.74,-24.8,0.44,12.3,1.51,5457770,74699018,77905128,3405628,5540397,-2273675,缩量,低,情绪退潮,吸筹,均衡流入型,资金+业绩共振(双击候选),B,关注：资金+业绩共振,64.5
603949,雪龙集团,14.08,-72.8,1.03,-36.6,-6.17,-7175036,-16842009,-20010356,-551686,526766,2230677,缩量,低,情绪退潮,观望,资金撤退型,,D,回避：资金撤退,-2.1
603950,长源东谷,60.16,-42.8,1.02,-39.8,1.64,24772333,-59218618,250023544,41836501,28465979,-44703369,缩量,低,情绪退潮,进场,长线吸筹型,资金+业绩共振(双击候选),B,关注：资金+业绩共振,72.5
603955,大千生态,24.35,157.7,1.02,-19.4,-0.14,-431399,-134882,6863298,9520860,5624821,-16110520,放量,低,游资情绪,抢筹,资金观望型,纯资金炒作(亏损风险),C,谨慎：纯资金炒作,28.0
603968,醋化股份,10.54,-8.7,0.64,28.6,-1.92,-2379415,-7322536,-10031573,-1801979,0,1523024,缩量,低,情绪退潮,观望,资金撤退型,,D,回避：资金撤退,-0.6
603977,国泰集团,11.52,-69.9,0.74,-21.0,-9.43,-25244114,-42956252,-25337522,-6116444,-4751030,4898175,缩量,低,情绪退潮,观望,资金观望型,,D,回避：资金观望,-3.1
603958,哈森股份,18.37,408.4,0.28,-66.2,-0.6,-5530974,-167385038,-165678817,79906421,86347635,-49047039,放量,低,游资情绪,抢筹,资金观望型,纯资金炒作(亏损风险),C,谨慎：纯资金炒作,27.8
603967,中创物流,11.78,-33.4,0.24,-35.4,1.31,1524493,-53252,399076,231781,0,-2068184,缩量,低,情绪退潮,进场,资金观望型,资金+业绩共振(双击候选),B,关注：资金+业绩共振,72.4
603970,中农立华,11.38,51.1,0.58,-27.4,-0.19,-315203,5162152,-22047324,734252,1184849,-4496682,放量,低,游资情绪,抢筹,资金观望型,机构吸筹+盈利(关注),C,谨慎：资金流入未验证业绩,47.9
603982,泉峰汽车,6.3,-7.4,0.42,44.6,0.16,325000,-954664,6452130,-1340176,-984096,2385983,缩量,低,情绪退潮,观望,资金观望型,,D,回避：资金观望,0.1
603976,正川股份,32.04,7.7,2.59,-8.1,1.42,10427051,-88902871,-15803579,5722444,2683474,-9388727,缩量,低,情绪退潮,进场,长线吸筹型,资金+业绩共振(双击候选),B,关注：资金+业绩共振,72.5
603985,恒润股份,16.94,-64.7,0.2,-36.2,1.53,9287825,-55947624,-1587672,-6114354,-1324492,1696340,缩量,低,情绪退潮,观望,长线吸筹型,,D,回避：资金观望,0.5
603978,深圳新星,24.68,81.0,1.19,-8.2,6.01,123681659,95747121,415557571,44681271,37649870,-23298840,放量,中,主力偏强放量,抢筹,资金观望型,纯资金炒作(亏损风险),C,谨慎：纯资金炒作,38.0
603986,兆易创新,391.71,-60.0,2.91,-10.0,0.17,101640253,-257634074,-7308047873,-151246099,-99712621,220455472,缩量,低,情绪退潮,观望,资金观望型,,D,回避：资金观望,0.1
603989,艾华集团,33.87,55.5,4.2,38.9,-1.0,-66123302,62078708,563837415,-102427614,-55976565,136159310,放量,低,游资情绪,观望,长线吸筹型,,D,回避：资金观望,7.7
603988,中电电机,18.28,-73.5,1.13,-48.6,-2.07,-6084851,-16135710,-29626843,-1854792,-1028973,-907257,缩量,低,情绪退潮,观望,资金撤退型,,D,回避：资金撤退,-0.7
603991,领先股份,175.62,-24.4,1.87,39.8,-6.28,-180145375,-380580769,-80438010,-66843472,-30082395,32860027,缩量,低,情绪退潮,观望,长线吸筹型,,D,回避：资金观望,-2.1
603990,麦迪科技,20.09,-49.6,2.35,-46.6,1.42,18105109,58609154,-25791228,-9963802,-24108838,-15881418,缩量,低,情绪退潮,观望,趋势转多型,,D,回避：资金观望,0.5
603993,洛阳钼业,17.59,-62.5,1.24,-24.5,-8.15,-937375473,-1597636325,-1550902075,-150764466,-93601601,153233346,缩量,低,情绪退潮,观望,资金观望型,,D,回避：资金观望,-2.7
603999,读者传媒,6.62,327.6,0.55,280.8,-5.59,-43174974,-16156081,-17287391,-9272138,-5672032,9363721,放量,低,游资情绪,观望,资金观望型,,D,回避：资金观望,6.1
605001,威奥股份,5.79,9.9,0.47,-47.5,-0.35,-575882,1438796,13222419,-1183076,-1575472,3477577,缩量,低,情绪退潮,观望,长线吸筹型,,D,回避：资金观望,-0.1
603995,甬金股份,26.67,-1.8,1.16,-8.4,0.37,2237460,-21091211,-2255995,1091847,-5366701,-683294,缩量,低,情绪退潮,进场,资金观望型,资金+业绩共振(双击候选),B,关注：资金+业绩共振,72.1
605005,合兴股份,16.43,-10.0,0.27,13.4,4.95,4942734,-4685801,-5468500,-931841,975578,1996703,缩量,低,情绪退潮,观望,资金观望型,,D,回避：资金观望,1.7
605007,五洲特纸,15.18,-38.7,0.72,-43.0,-0.22,-476604,-10385524,91311,-1541600,0,2350595,缩量,低,情绪退潮,观望,资金观望型,,D,回避：资金观望,-0.1
605008,长鸿高科,14.34,80.7,1.51,-23.1,-2.4,-6396342,-29714809,-31912153,2044915,-351373,1920121,放量,低,游资情绪,观望,资金撤退型,,D,回避：资金撤退,7.2
605011,杭州热电,18.57,44.8,1.35,513.1,-3.43,-58054294,33926727,26505872,-4338832,4607130,15763971,缩量,低,情绪退潮,观望,资金观望型,,D,回避：资金观望,-1.1
605009,豪悦护理,25.0,-7.2,1.4,-29.7,-1.91,-2588171,-7232535,-10668115,-3152957,-1018201,3236668,缩量,低,情绪退潮,观望,资金撤退型,,D,回避：资金撤退,-0.6
603997,继峰股份,13.74,295.9,2.4,66.6,-0.92,-15911010,76093603,98111445,-18401541,20125061,89922157,放量,低,游资情绪,抢筹,资金观望型,机构吸筹+盈利(关注),C,谨慎：资金流入未验证业绩,47.7
605016,百龙创园,20.93,-62.0,0.65,-47.4,-1.13,-2444532,-13693398,-6841740,-2535205,-208752,468370,缩量,低,情绪退潮,观望,资金观望型,,D,回避：资金观望,-0.4
605020,永和股份,31.7,-75.8,3.46,-46.1,-3.84,-38167039,-60356673,-89533511,1982322,5868316,-6794684,缩量,低,情绪退潮,观望,资金撤退型,,D,回避：资金撤退,-1.3
605006,山东玻纤,17.1,26.7,1.44,92.2,-3.35,-206556583,178065387,634246785,56272643,52700135,-20987107,缩量,低,情绪退潮,吸筹,高位分歧型,纯资金炒作(亏损风险),C,谨慎：纯资金炒作,2.9
605056,咸亨国际,13.82,-15.4,0.31,21.7,-0.24,-869872,1065167,-13201309,1686583,-114369,3804490,缩量,低,情绪退潮,观望,资金观望型,,D,回避：资金观望,-0.1
605055,迎丰股份,9.01,-32.6,0.8,-26.0,-4.35,-7392088,-17321966,-28316265,-1916863,-1846743,2312789,缩量,低,情绪退潮,观望,资金撤退型,,D,回避：资金撤退,-1.4
605018,长华集团,11.86,15.9,1.28,-38.8,1.68,3696908,-2501700,-22239025,6057012,4138536,-12837050,缩量,低,情绪退潮,进场,资金观望型,资金+业绩共振(双击候选),B,关注：资金+业绩共振,72.6
605050,福然德,10.17,-66.5,0.55,-15.9,-10.95,-8643300,-15109288,-26619346,-591071,-509000,1523495,缩量,低,情绪退潮,观望,资金撤退型,,D,回避：资金撤退,-3.6
605058,澳弘电子,48.43,1358.8,0.48,965.6,-1.84,-87742183,-27982808,-35495772,-25159499,-58983047,8946202,放量,低,游资情绪,观望,资金观望型,,D,回避：资金观望,7.4
605060,联德股份,41.1,-24.4,0.43,-17.5,-1.4,-9028410,-25351329,-52549154,11588548,-1023299,-13396221,缩量,低,情绪退潮,观望,资金撤退型,,D,回避：资金撤退,-0.5
605066,天正电气,6.92,1.1,0.78,-14.7,-5.07,-11748858,-22219094,-44305034,4107405,-1457688,-6687058,缩量,低,情绪退潮,观望,资金撤退型,,D,回避：资金撤退,-1.7
605069,正和生态,12.14,73.3,1.24,253.1,2.31,29718824,58795576,50451067,-13038687,-6603564,20107571,放量,低,游资情绪,观望,趋势转多型,,D,回避：资金观望,8.8
605077,华康股份,11.82,191.7,0.2,641.8,-1.71,-14763959,21072231,24279706,-11655868,-3986766,22150467,放量,低,游资情绪,观望,资金观望型,,D,回避：资金观望,7.4
605080,浙江自然,22.98,-25.9,0.57,-25.8,-6.05,-8898609,4685364,16250321,-2155632,-2527402,1073349,缩量,低,情绪退潮,观望,高位分歧型,,D,回避：资金观望,-2.0
605086,龙高股份,23.81,-46.5,0.43,-45.6,-3.7,-3744694,-10805467,-24732377,-1181209,-1497994,1892868,缩量,低,情绪退潮,观望,资金撤退型,,D,回避：资金撤退,-1.2
605033,美邦股份,19.74,106.2,1.0,-40.9,-2.5,-6457344,-23465083,-38733608,5010586,2797764,-2574454,放量,低,游资情绪,抢筹,资金撤退型,机构吸筹+盈利(关注),C,谨慎：资金流入未验证业绩,47.2
605089,味知香,20.9,-56.0,0.25,-4.0,-7.15,-7039511,1704377,5689962,-189100,0,1076109,缩量,低,情绪退潮,观望,资金观望型,,D,回避：资金观望,-2.4
605090,九丰能源,32.75,-80.0,0.47,-14.1,-5.13,-44321452,-57344113,-203999612,11000738,2518844,-15078418,缩量,低,情绪退潮,观望,资金撤退型,,D,回避：资金撤退,-1.7
605068,明新旭腾,20.97,103.4,1.38,-31.1,1.07,5417979,529893,45345693,23757881,17842057,-34712342,放量,低,游资情绪,抢筹,长线吸筹型,资金+业绩共振(双击候选),B,关注：资金+业绩共振,88.4
605098,行动教育,53.24,-26.7,0.63,-27.3,-2.99,-6380279,-11928370,5259471,-822027,571469,472382,缩量,低,情绪退潮,观望,长线吸筹型,,D,回避：资金观望,-1.0
605088,冠盛股份,24.54,164.0,0.71,96.2,1.91,35809538,114421720,188342862,7024255,-3233658,-28419162,放量,低,游资情绪,进场,均衡流入型,资金+业绩共振(双击候选),B,关注：资金+业绩共振,80.6
605099,共创草坪,28.9,-59.1,0.5,-56.4,-0.76,-1106987,-12030126,-15946868,-138878,-593398,-566699,缩量,低,情绪退潮,观望,资金撤退型,,D,回避：资金撤退,-0.3
605111,新洁能,61.52,-34.9,2.06,-0.4,4.25,229930381,150436355,-400695223,-114211642,-101070662,130722693,缩量,低,情绪退潮,观望,资金观望型,,D,回避：资金观望,1.4
605108,同庆楼,12.37,-14.6,0.63,-19.3,-1.62,-2975098,-8748878,-15522888,-393746,-261167,3049161,缩量,低,情绪退潮,观望,资金撤退型,,D,回避：资金撤退,-0.5
605116,奥锐特,20.18,-30.8,0.49,-32.6,0.07,114243,-1406081,-25812471,-5126079,1157409,10677092,缩量,低,情绪退潮,观望,资金观望型,,D,回避：资金观望,0.0
605122,四方新材,11.93,7.8,0.46,1.9,2.13,2900026,2045951,-3602006,-1348146,-390900,1444089,缩量,低,情绪退潮,观望,资金观望型,,D,回避：资金观望,0.7
605128,上海沿浦,23.26,8.9,1.72,-25.0,-7.23,-30288231,-91939504,-14824339,4476698,358110,-2490020,缩量,低,情绪退潮,观望,长线吸筹型,,D,回避：资金观望,-2.4
605123,XD派克新,82.12,-29.1,0.88,-17.0,-2.79,-15434574,-35566920,-62396460,-8105668,-6343259,9836796,缩量,低,情绪退潮,观望,资金撤退型,,D,回避：资金撤退,-0.9
605136,丽人丽妆,8.59,-31.1,0.73,-33.2,-0.53,-1220346,-23030216,-11705177,-4821411,-4908006,4329071,缩量,低,情绪退潮,观望,资金观望型,,D,回避：资金观望,-0.2
605100,华丰股份,34.1,-26.6,0.91,-2.4,4.12,39024847,-16029343,-44687457,-2461979,2028954,-1761827,缩量,低,情绪退潮,吸筹,资金观望型,资金+业绩共振(双击候选),B,关注：资金+业绩共振,65.4
605133,嵘泰股份,24.79,-56.9,1.05,-18.0,-7.77,-48520487,-77910560,-156823073,-1903795,-598935,3519666,缩量,低,情绪退潮,观望,资金撤退型,,D,回避：资金撤退,-2.6
605138,盛泰集团,6.13,-47.3,0.42,-56.6,0.73,646656,-1532037,320633,-348584,0,1153768,缩量,低,情绪退潮,观望,资金观望型,,D,回避：资金观望,0.2
605118,力鼎光电,33.4,-6.5,0.58,-38.0,0.78,5432070,-45928794,151634615,5731862,5180722,5276400,缩量,低,情绪退潮,进场,长线吸筹型,资金+业绩共振(双击候选),B,关注：资金+业绩共振,72.3
605151,西上海,18.52,-28.0,0.54,37.7,0.24,300493,6280255,-2673572,-1489025,-1199375,2792543,缩量,低,情绪退潮,观望,趋势转多型,,D,回避：资金观望,0.1
605155,西大门,14.41,-58.4,1.59,47.4,-1.18,-2179741,-9292058,-13891593,-542854,-624975,782457,缩量,低,情绪退潮,观望,资金撤退型,,D,回避：资金撤退,-0.4
605166,聚合顺,8.72,38.8,0.35,-25.1,-2.34,-3897555,-20504526,-20659840,3504283,3864437,1364551,缩量,低,情绪退潮,观望,资金撤退型,,D,回避：资金撤退,-0.8
605158,华达新材,7.89,69.8,0.76,-62.8,-2.34,-3361176,-3983255,-106178092,-2327090,-989541,2857045,放量,低,游资情绪,观望,资金撤退型,,D,回避：资金撤退,7.2
605168,三人行,53.04,61.6,0.68,69.4,3.1,67087913,123312974,187380303,-22994255,-27084708,12230691,放量,低,游资情绪,观望,主力建仓型,,D,回避：资金观望,9.0
605169,洪通燃气,13.17,147.3,0.45,-48.0,-3.75,-8460640,-17995314,-15428592,-8474198,-2641000,-1133947,放量,低,游资情绪,观望,资金观望型,,D,回避：资金观望,6.8
605178,时空科技,67.99,-44.1,1.29,-17.7,-3.93,-42621910,-54833519,-35973348,-16482756,-5594342,2175547,缩量,低,情绪退潮,观望,资金观望型,,D,回避：资金观望,-1.3
605179,一鸣食品,27.31,173.4,4.66,-30.0,-4.28,-101816989,-161134356,-165643094,6386426,8355608,-29549083,放量,低,游资情绪,观望,资金撤退型,,D,回避：资金撤退,6.6
605162,新中港,12.16,172.1,0.52,43.3,7.73,247022927,280944463,379970695,-22408491,-13605759,12552290,放量,中,主力偏强放量,进场,均衡流入型,资金+业绩共振(双击候选),B,关注：资金+业绩共振,90.6
605189,富春染织,14.11,-79.4,3.24,-36.6,-0.92,-3841313,-16580615,-65166241,-408462,-766967,-1048560,缩量,低,情绪退潮,观望,资金撤退型,,D,回避：资金撤退,-0.3
605222,起帆电缆,22.71,-12.1,0.24,69.0,-1.58,-13775787,-1767271,32507585,-1966925,2192595,5438397,缩量,低,情绪退潮,观望,资金观望型,,D,回避：资金观望,-0.5
605180,华生科技,13.95,258.5,0.76,-10.9,1.41,2510538,4092829,-954608,2122697,-461132,-6809018,放量,低,游资情绪,进场,趋势转多型,资金+业绩共振(双击候选),B,关注：资金+业绩共振,80.5
605218,伟时电子,14.49,6.0,0.89,-26.6,-0.85,-1910402,-446087,-5869275,-5132708,-3781307,6757154,缩量,低,情绪退潮,观望,资金观望型,,D,回避：资金观望,-0.3
605255,天普股份,62.53,-56.1,0.5,16.8,-4.23,-8073607,-19952649,-35197061,1024661,-1349575,-3494500,缩量,低,情绪退潮,观望,资金撤退型,,D,回避：资金撤退,-1.4
605259,绿田机械,17.51,-47.8,0.33,17.7,-7.48,-5305588,-7184230,-8496845,-102482,-523848,1363082,缩量,低,情绪退潮,观望,资金撤退型,,D,回避：资金撤退,-2.5
605266,健之佳,15.57,-25.0,0.74,-35.1,-0.77,-840823,365922,-4305518,692651,677725,55876,缩量,低,情绪退潮,观望,资金观望型,,D,回避：资金观望,-0.3
605268,王力安防,9.75,-16.9,0.09,-41.9,-1.08,-1018410,-7403426,-6313363,346019,1625718,1093324,缩量,低,情绪退潮,观望,资金观望型,,D,回避：资金观望,-0.4
605258,协和电子,38.33,248.2,0.46,162.4,-0.42,-7830820,73414643,115548695,6050852,2925005,1825388,放量,低,游资情绪,抢筹,资金观望型,机构吸筹+盈利(关注),C,谨慎：资金流入未验证业绩,47.9
605298,必得科技,44.11,-60.9,0.2,-26.0,1.48,1624799,-13894011,-804035,-785419,-629109,-188576,缩量,低,情绪退潮,观望,长线吸筹型,,D,回避：资金观望,0.5
605299,舒华体育,12.72,-18.8,0.2,-24.9,-0.93,-5679177,-40411703,43061333,-14752955,-8821641,22671216,缩量,低,情绪退潮,观望,长线吸筹型,,D,回避：资金观望,-0.3
605300,佳禾食品,10.5,41.0,1.8,28.7,-1.77,-4774399,11106184,52768021,2976840,5497735,2278582,缩量,低,情绪退潮,观望,高位分歧型,,D,回避：资金观望,-0.6
605286,同力天启,25.61,60.7,0.45,-64.8,-0.08,-245887,-22478430,-3489691,4681973,5098871,-5470218,放量,低,游资情绪,抢筹,资金观望型,机构吸筹+盈利(关注),C,谨慎：资金流入未验证业绩,48.0
605303,园林股份,23.68,-100.0,0.46,-35.9,-4.61,-12511607,7175020,46893140,0,0,0,缩量,低,情绪退潮,观望,高位分歧型,,D,回避：资金观望,-1.5
605305,中际联合,31.25,-55.8,0.62,-40.7,-2.5,-19109311,-4807612,-31066086,-22378524,-24638946,14291559,缩量,低,情绪退潮,观望,资金观望型,,D,回避：资金观望,-0.8
605319,无锡振华,23.27,118.8,0.35,2.7,-12.72,-70453026,-77087079,-43356221,4112639,857581,-2478703,放量,低,游资情绪,观望,资金观望型,,D,回避：资金观望,3.8
605288,凯迪股份,71.0,21.1,1.68,-30.1,4.76,34859910,104589897,183872306,15452388,21799333,-4002012,缩量,低,情绪退潮,吸筹,主力建仓型,资金+业绩共振(双击候选),B,关注：资金+业绩共振,65.6
605338,巴比食品,17.63,-28.1,0.64,-6.3,1.63,2469865,4014971,5712118,-1792945,-2193081,2291859,缩量,低,情绪退潮,观望,均衡流入型,,D,回避：资金观望,0.5
605339,南侨食品,13.06,-29.5,1.17,-61.1,-0.39,-239683,-10185971,-10776262,427461,16805,506186,缩量,低,情绪退潮,观望,资金撤退型,,D,回避：资金撤退,-0.1
605366,宏柏新材,8.58,-61.9,0.92,44.3,4.24,45108461,71037868,42369301,-250037,-2440680,4681154,缩量,低,情绪退潮,观望,趋势转多型,,D,回避：资金观望,1.4
605337,李子园,9.08,-35.8,1.18,-10.2,1.33,1501300,-8277448,-11328364,241262,-874016,-1607230,缩量,低,情绪退潮,进场,资金观望型,资金+业绩共振(双击候选),B,关注：资金+业绩共振,72.4
605389,长龄液压,67.15,-57.7,0.51,-7.1,-6.99,-19042833,-33004378,-55124662,-3285853,-1467781,1481614,缩量,低,情绪退潮,观望,资金撤退型,,D,回避：资金撤退,-2.3
605365,立达信,14.51,139.5,0.1,-37.8,-4.56,-22035910,-40237479,25894326,4709343,5701009,-867984,放量,低,游资情绪,吸筹,长线吸筹型,机构吸筹+盈利(关注),C,谨慎：资金流入未验证业绩,30.5
605368,蓝天燃气,6.74,-34.8,0.46,-36.7,0.29,308988,-9424439,-584040,454557,505500,-846850,缩量,低,情绪退潮,进场,长线吸筹型,资金+业绩共振(双击候选),B,关注：资金+业绩共振,72.1
605488,福莱新材,30.26,-34.8,1.68,41.3,-0.45,-5576397,67234265,57703136,-3126809,384747,5906053,缩量,低,情绪退潮,观望,资金观望型,,D,回避：资金观望,-0.1
605499,东鹏饮料,113.18,-71.1,2.13,-34.9,-3.76,-61178538,-314841857,-339474621,24423295,17969840,-36137512,缩量,低,情绪退潮,观望,资金撤退型,,D,回避：资金撤退,-1.3
605376,博迁新材,137.48,-22.1,2.03,15.5,1.71,153313255,74062393,-747070876,144914542,59399062,-177269947,缩量,低,情绪退潮,进场,资金观望型,资金+业绩共振(双击候选),B,关注：资金+业绩共振,72.6
605377,华旺科技,8.24,-42.8,2.07,-49.5,0.02,40704,4930624,-29791709,1531984,-550126,-36831,缩量,低,情绪退潮,进场,趋势转多型,资金+业绩共振(双击候选),B,关注：资金+业绩共振,72.0
605369,拱东医疗,17.6,54.3,1.02,2.7,1.44,2281058,6708668,1451344,1778474,915946,529128,放量,低,游资情绪,抢筹,趋势转多型,资金+业绩共振(双击候选),B,关注：资金+业绩共振,88.5
605378,野马电池,14.97,149.5,0.7,153.5,4.95,23954457,19266385,23500255,2077289,127750,1342032,放量,低,游资情绪,进场,资金观望型,资金+业绩共振(双击候选),B,关注：资金+业绩共振,81.7
605507,国邦医药,18.05,121.5,1.79,283.8,1.77,35417905,50276040,36360138,-10709736,-12828089,7337213,放量,低,游资情绪,观望,趋势转多型,,D,回避：资金观望,8.6
605555,德昌股份,12.69,78.5,0.72,-28.9,0.81,2314984,-5525728,20056994,-11351831,-12577942,10660170,放量,低,游资情绪,观望,长线吸筹型,,D,回避：资金观望,8.3
605567,春雪食品,9.35,9.2,0.74,94.4,-0.09,-189066,-3091405,-1185353,-919197,-264444,2483164,缩量,低,情绪退潮,观望,资金观望型,,D,回避：资金观望,-0.0
605577,龙版传媒,16.56,2369.4,0.91,409.9,-3.69,-135114653,-166293612,-152551906,-31874,318827,1254138,放量,低,游资情绪,观望,资金观望型,,D,回避：资金观望,6.8
605580,恒盛能源,23.09,133.1,3.06,205.3,3.26,76498720,44453796,140636212,-3148950,-6321051,9780623,放量,低,游资情绪,观望,资金观望型,,D,回避：资金观望,9.1
605566,福莱蒽特,30.44,51.5,1.86,-37.1,5.54,35405121,14798618,83117539,27544561,31845116,-16317718,放量,中,主力偏强放量,抢筹,资金观望型,资金+业绩共振(双击候选),B,关注：资金+业绩共振,97.8
605599,菜百股份,14.12,-63.1,1.8,-60.6,1.28,3765763,-13319488,-32049075,-4372456,-785766,249459,缩量,低,情绪退潮,观望,资金观望型,,D,回避：资金观望,0.4
605588,冠石科技,47.16,-69.7,0.84,13.3,-5.9,-14728304,-31374712,-37119092,3054875,3234120,-2116649,缩量,低,情绪退潮,吸筹,资金撤退型,纯资金炒作(亏损风险),C,谨慎：纯资金炒作,2.0
605589,圣泉集团,41.0,-29.4,0.99,25.5,4.31,356621322,397374166,289598405,13003544,-58560848,9390782,缩量,低,情绪退潮,进场,趋势转多型,资金+业绩共振(双击候选),B,关注：资金+业绩共振,73.4
605598,上海港湾,25.37,-69.0,0.67,-20.5,-2.95,-8040005,-7914100,-26349214,3111249,2289303,-989676,缩量,低,情绪退潮,吸筹,资金观望型,机构吸筹+盈利(关注),C,谨慎：资金流入未验证业绩,23.0
