code,name,price,cjb30,b30v100,veab,precip,m5,m10,m20,mainflow,jumbo,small,vol,lv,sig,phase,mode,matching,grade,greason,score
000017,深中华A,7.69,526.4,1.86,-48.4,-2.12,-56446341,-191250102,-453112896,-48829711,-17386838,86015666,放量,低,游资情绪,观望,资金撤退型,,D,回避：资金撤退,7.3
000020,深华发Ａ,13.59,232.4,0.43,30.5,3.7,29714026,40577126,36139247,-4906634,-2813332,7295969,放量,低,游资情绪,观望,趋势转多型,,D,回避：资金观望,9.2
000008,神州高铁,2.38,-19.6,0.64,-15.4,2.31,6925576,-12112290,-40445944,-9202020,-7970937,1179345,缩量,低,情绪退潮,观望,资金观望型,,D,回避：资金观望,0.8
000021,深科技,36.91,-76.4,3.76,36.9,0.72,105066986,-120743117,-899827444,-60496953,-27053284,101796801,缩量,低,情绪退潮,观望,资金观望型,,D,回避：资金观望,0.2
000019,深粮控股,6.96,152.9,0.23,-18.0,-1.47,-14029946,136003036,154361906,7238867,614666,-7597402,放量,低,游资情绪,观望,资金观望型,,D,回避：资金观望,7.5
000012,南  玻Ａ,3.77,-46.9,1.5,49.3,0.61,2844222,-9253934,-2749302,-936620,-2423275,-2034154,缩量,低,情绪退潮,观望,资金观望型,,D,回避：资金观望,0.2
000007,全新好,11.61,-29.7,0.81,-37.5,0.85,2867582,-9545067,-71973388,-9112997,-6512508,6328359,缩量,低,情绪退潮,观望,资金观望型,,D,回避：资金观望,0.3
000009,中国宝安,7.0,-75.9,0.82,-25.3,1.1,4430590,-11130452,2712112,54860,184073,-3658748,缩量,低,情绪退潮,进场,资金观望型,资金+业绩共振(双击候选),B,关注：资金+业绩共振,72.4
000006,深振业Ａ,7.24,65.0,0.53,-27.7,-0.76,-6078857,-33302573,-26653398,1682092,6596685,5788548,放量,低,游资情绪,抢筹,资金观望型,纯资金炒作(亏损风险),C,谨慎：纯资金炒作,27.7
000014,沙河股份,10.82,4.7,0.99,-44.3,-0.79,-2826761,-19126004,-21667399,4746826,5882139,-5178042,缩量,低,情绪退潮,吸筹,资金撤退型,纯资金炒作(亏损风险),C,谨慎：纯资金炒作,3.7
000001,平安银行,11.6,-16.2,0.67,-14.2,6.65,312410835,293862790,443021349,17587643,37667651,14744369,缩量,中,主力惜售,进场,资金观望型,资金+业绩共振(双击候选),B,关注：资金+业绩共振,86.2
000002,万  科Ａ,3.92,865.5,1.01,131.3,6.79,804579873,671909622,727364333,471223501,564384742,-241917271,放量,中,主力偏强放量,抢筹,资金观望型,纯资金炒作(亏损风险),C,谨慎：纯资金炒作,38.3
000011,深物业A,9.59,83.6,1.76,-40.6,-0.03,-250557,-25958782,42973005,9395325,317726,-8797010,放量,低,游资情绪,抢筹,长线吸筹型,机构吸筹+盈利(关注),C,谨慎：资金流入未验证业绩,48.0
000025,特  力Ａ,15.04,-32.6,1.01,-73.9,-1.57,-5365399,-42263097,-69051914,6201080,381636,-6339103,缩量,低,情绪退潮,观望,资金撤退型,,D,回避：资金撤退,-0.5
000028,国药一致,19.72,-52.4,0.74,-23.7,-2.41,-4150625,-16102660,-34877956,-1644423,-2288989,598799,缩量,低,情绪退潮,观望,资金撤退型,,D,回避：资金撤退,-0.8
000034,神州数码,23.28,-84.1,1.37,-32.3,2.7,47128911,-59951230,-93643908,-31815523,-31068914,28589429,缩量,低,情绪退潮,观望,资金观望型,,D,回避：资金观望,0.9
000030,富奥股份,3.93,-35.9,0.52,-22.6,-5.43,-9223734,-14418466,-26498229,-570475,-1718691,390672,缩量,低,情绪退潮,观望,资金撤退型,,D,回避：资金撤退,-1.8
000027,深圳能源,6.23,-55.9,0.69,-8.3,-4.98,-29109137,-40239710,-45808608,-7170834,-8883075,5363394,缩量,低,情绪退潮,观望,资金撤退型,,D,回避：资金撤退,-1.7
000029,深深房Ａ,21.88,16.2,1.17,5.5,-5.59,-50220473,-99550919,-131173464,-6095609,-6079882,2549233,缩量,低,情绪退潮,观望,资金撤退型,,D,回避：资金撤退,-1.9
000039,中集集团,8.79,-47.2,0.57,-36.6,0.6,5956226,-1166953,-107905880,-13815889,-8062392,725764,缩量,低,情绪退潮,观望,资金观望型,,D,回避：资金观望,0.2
000037,深南电A,9.01,-27.0,0.78,122.8,-4.22,-36788374,-17889503,-30005898,4374142,2062769,-6294349,缩量,低,情绪退潮,观望,资金观望型,,D,回避：资金观望,-1.4
000032,深桑达Ａ,14.53,-61.8,2.98,-0.9,-4.18,-84367088,-60323280,-91810009,34649978,28034000,-14332930,缩量,低,情绪退潮,吸筹,资金观望型,纯资金炒作(亏损风险),C,谨慎：纯资金炒作,2.6
000045,深纺织Ａ,11.25,-36.0,0.82,-45.2,-2.04,-4724865,-15974788,-38713107,-2887456,1034704,662406,缩量,低,情绪退潮,观望,资金撤退型,,D,回避：资金撤退,-0.7
000026,飞亚达,19.9,-63.1,0.73,-39.7,3.93,26977312,565949,34522220,7078457,3605917,-3276955,缩量,低,情绪退潮,吸筹,资金观望型,资金+业绩共振(双击候选),B,关注：资金+业绩共振,65.3
000035,中国天楹,4.91,-53.5,0.71,-16.8,5.69,40452066,5422938,92814491,1593306,-7787587,-7439704,缩量,中,主力惜售,进场,资金观望型,资金+业绩共振(双击候选),B,关注：资金+业绩共振,85.9
000048,京基智农,19.1,-15.4,2.41,42.8,-1.58,-33736326,82693401,135966318,10615133,13793657,-19201259,缩量,低,情绪退潮,观望,资金观望型,,D,回避：资金观望,-0.5
000031,大悦城,2.35,155.9,0.98,-1.7,0.77,6475785,3107566,32734003,12676129,16505019,-9164403,放量,低,游资情绪,抢筹,资金观望型,纯资金炒作(亏损风险),C,谨慎：纯资金炒作,28.3
000049,德赛电池,22.46,-57.3,0.36,-16.8,-4.51,-20110640,-67250190,-107953779,-886639,-884187,1391877,缩量,低,情绪退潮,观望,资金撤退型,,D,回避：资金撤退,-1.5
000036,华联控股,4.06,107.1,0.52,6.5,2.93,21950883,14158267,21038168,12066733,3786717,-12486638,放量,低,游资情绪,进场,资金观望型,资金+业绩共振(双击候选),B,关注：资金+业绩共振,81.0
000042,中洲控股,8.41,26.7,0.63,-30.3,0.85,1891412,-6224331,-3920743,6114032,2804078,-10045895,缩量,低,情绪退潮,进场,资金观望型,纯资金炒作(亏损风险),C,谨慎：纯资金炒作,12.3
000060,中金岭南,6.13,-72.1,1.37,-39.2,-2.84,-55063984,-329292333,-284652187,-35412563,-33727788,21095472,缩量,低,情绪退潮,观望,资金观望型,,D,回避：资金观望,-0.9
000059,华锦股份,5.65,53.9,0.7,-55.6,-3.4,-39421924,-47839149,47462323,7296077,9137400,-15044385,放量,低,游资情绪,观望,长线吸筹型,,D,回避：资金观望,6.9
000050,深天马Ａ,6.59,-63.3,1.69,14.4,-1.93,-14229151,12558022,6643827,6309094,1989681,-13562875,缩量,低,情绪退潮,观望,资金观望型,,D,回避：资金观望,-0.6
000070,特发信息,17.99,43.6,0.61,64.9,4.42,487971401,547560075,412914042,-58099444,-42782119,68750137,缩量,低,情绪退潮,观望,趋势转多型,,D,回避：资金观望,1.5
000058,深 赛 格,7.14,35.6,1.04,-30.8,6.23,18466403,9562608,25397199,-12725859,-7287723,12610865,缩量,中,主力惜售,进场,资金观望型,资金+业绩共振(双击候选),B,关注：资金+业绩共振,86.1
000062,深圳华强,23.29,-64.6,0.23,-50.0,-1.54,-39532754,-116029809,4632592,-14556250,-22557304,17520771,缩量,低,情绪退潮,观望,资金观望型,,D,回避：资金观望,-0.5
000055,方大集团,3.81,173.6,0.68,154.3,8.36,47450458,46971984,46318293,237088,-5019073,-2763958,放量,中,主力偏强放量,进场,资金观望型,纯资金炒作(亏损风险),C,谨慎：纯资金炒作,30.8
000063,中兴通讯,32.28,-70.4,1.93,-17.3,1.16,134277536,-1062836675,-2571546211,-155178354,-135678319,134358594,缩量,低,情绪退潮,观望,资金观望型,,D,回避：资金观望,0.4
000069,华侨城Ａ,1.9,143.8,1.03,14.9,-3.49,-33323488,-53327911,-70760485,-25845029,-30979182,12875647,放量,低,游资情绪,观望,资金撤退型,,D,回避：资金撤退,6.8
000090,天健集团,3.56,64.0,0.75,6.4,4.21,19424588,6627497,15394734,-5824427,-8427070,1655380,放量,低,游资情绪,观望,资金观望型,,D,回避：资金观望,9.4
000061,农 产 品,6.03,-18.3,1.21,-50.0,0.7,3684246,-31714982,55161993,10309410,8572138,-5775631,缩量,低,情绪退潮,吸筹,长线吸筹型,资金+业绩共振(双击候选),B,关注：资金+业绩共振,64.2
000096,广聚能源,7.9,-67.0,0.83,-29.9,-6.02,-10084228,-19572859,-37805289,-171516,-683496,-722024,缩量,低,情绪退潮,观望,资金撤退型,,D,回避：资金撤退,-2.0
000099,中信海直,13.06,-50.0,0.96,-24.6,-1.57,-4924805,-32499050,-36168992,-1094400,-1210153,-246056,缩量,低,情绪退潮,观望,资金撤退型,,D,回避：资金撤退,-0.5
000065,北方国际,10.12,48.1,0.41,-29.4,2.53,22844331,1682393,-43161112,13600277,12765882,-15065975,缩量,低,情绪退潮,进场,资金观望型,资金+业绩共振(双击候选),B,关注：资金+业绩共振,72.8
000066,中国长城,15.14,60.9,0.46,70.2,10.17,1511993967,1022830154,956887895,-849637684,-860158708,600137943,放量,高,主力主导放量🔥(最强),进场,资金观望型,纯资金炒作(亏损风险),C,谨慎：纯资金炒作,35.4
000100,TCL科技,4.93,-57.2,2.6,14.5,0.35,46278903,-74279451,-522093389,-123307706,-144604861,108569465,缩量,低,情绪退潮,观望,资金观望型,,D,回避：资金观望,0.1
000068,华控赛格,3.25,-15.8,0.84,-1.3,3.09,6360545,10766116,-1464050,2548243,1194884,-4288506,缩量,低,情绪退潮,进场,趋势转多型,纯资金炒作(亏损风险),C,谨慎：纯资金炒作,13.0
000088,盐 田 港,4.51,-22.4,1.07,9.8,6.48,30533902,-55521284,-38231464,6942864,2325561,-8563878,缩量,中,主力惜售,进场,资金观望型,资金+业绩共振(双击候选),B,关注：资金+业绩共振,86.2
000089,深圳机场,6.56,-41.6,0.72,-25.9,5.44,22881680,13269477,25193550,832939,2272902,662391,缩量,中,主力惜售,进场,资金观望型,资金+业绩共振(双击候选),B,关注：资金+业绩共振,85.8
000155,川能动力,11.26,-66.2,0.23,-49.4,-4.54,-41809899,-87053507,-280330806,-32020976,-29473423,19859221,缩量,低,情绪退潮,观望,资金撤退型,,D,回避：资金撤退,-1.5
000158,常山北明,12.72,-22.1,0.56,-47.4,0.55,10796635,-134159845,37565394,-58867634,-32232210,63856984,缩量,低,情绪退潮,观望,长线吸筹型,,D,回避：资金观望,0.2
000156,华数传媒,7.08,61.1,0.91,6.2,-0.88,-5106003,-11838780,-23375971,-5628990,-5927699,2613121,放量,低,游资情绪,观望,资金撤退型,,D,回避：资金撤退,7.7
000153,丰原药业,6.17,29.2,0.79,-30.9,-0.01,-18472,-1297539,-58727155,757589,42919,-6907883,缩量,低,情绪退潮,观望,资金撤退型,,D,回避：资金撤退,-0.0
000151,中成股份,9.98,1.9,0.47,92.3,-6.46,-25282390,-30954322,-39654650,1713302,127101,-4396400,缩量,低,情绪退潮,观望,资金撤退型,,D,回避：资金撤退,-2.2
000157,中联重科,6.1,-40.1,0.59,-28.3,-25.51,-262467595,-346258814,-748844410,-14064902,-8274095,26285339,缩量,低,情绪退潮,观望,资金撤退型,,D,回避：资金撤退,-8.5
000159,国际实业,5.42,-34.3,0.54,-13.2,-3.42,-7670182,-20674296,-55180576,567360,3462556,-4487590,缩量,低,情绪退潮,观望,资金撤退型,,D,回避：资金撤退,-1.1
000166,申万宏源,4.47,-62.0,1.16,-23.3,2.1,23290875,-28492134,-38841317,-11547821,-7670357,6231874,缩量,低,情绪退潮,观望,资金观望型,,D,回避：资金观望,0.7
000333,美的集团,82.47,-54.0,1.29,36.2,-4.7,-622144255,-848625394,-725401131,39168911,11226519,-33202678,缩量,低,情绪退潮,观望,资金观望型,,D,回避：资金观望,-1.6
000400,许继电气,20.3,-73.7,0.89,-30.4,-2.15,-18594102,-38165017,-73869551,2611252,-1053930,1543704,缩量,低,情绪退潮,观望,资金撤退型,,D,回避：资金撤退,-0.7
000301,东方盛虹,13.73,-57.8,1.14,-50.0,-0.39,-5198971,-53484591,86274596,-9740847,-5040860,10514887,缩量,低,情绪退潮,观望,长线吸筹型,,D,回避：资金观望,-0.1
000338,潍柴动力,25.89,-0.3,0.82,-23.7,2.68,340513431,636607723,-92683063,-300926629,-148263268,277335315,缩量,低,情绪退潮,观望,趋势转多型,,D,回避：资金观望,0.9
000402,金 融 街,2.7,211.0,0.8,3.7,4.41,63221146,48939631,85067191,-20901694,-21399016,32412810,放量,低,游资情绪,观望,资金观望型,,D,回避：资金观望,9.5
000403,派林生物,10.11,-48.7,1.43,-13.9,-0.63,-1991516,-14008599,746449,987076,-1095219,-27176,缩量,低,情绪退潮,观望,资金观望型,,D,回避：资金观望,-0.2
000404,长虹华意,6.83,-74.9,0.31,-13.1,-4.86,-7659296,-38780722,-50814596,-5010054,-1941031,3814805,缩量,低,情绪退潮,观望,资金撤退型,,D,回避：资金撤退,-1.6
000407,胜利股份,4.1,-18.6,0.43,-9.7,-10.5,-28921946,-22219800,-29833215,-261221,1449777,-3400882,缩量,低,情绪退潮,观望,资金观望型,,D,回避：资金观望,-3.5
000401,金隅冀东,3.62,149.1,0.34,2.8,8.21,16448898,18134171,23948841,18754538,12767013,-13442660,放量,中,主力偏强放量,抢筹,均衡流入型,资金+业绩共振(双击候选),B,关注：资金+业绩共振,98.7
000409,云鼎科技,8.96,-28.7,0.83,-18.1,-3.3,-8112463,4106728,24651132,-5003822,-2544200,1503319,缩量,低,情绪退潮,观望,高位分歧型,,D,回避：资金观望,-1.1
000415,渤海租赁,4.17,-49.6,0.83,-9.8,-20.08,-313889990,-447439112,-627934557,2387573,5778200,312470,缩量,低,情绪退潮,观望,资金撤退型,,D,回避：资金撤退,-6.7
000417,合百集团,5.69,-63.0,3.6,-34.3,-2.42,-18468689,-26061354,15860567,5014746,8589108,452897,缩量,低,情绪退潮,观望,资金观望型,,D,回避：资金观望,-0.8
000408,藏格矿业,73.85,-60.3,1.08,-14.9,4.47,134826944,15086968,31179567,17581885,-1232458,-31970275,缩量,低,情绪退潮,进场,资金观望型,资金+业绩共振(双击候选),B,关注：资金+业绩共振,73.5
000422,湖北宜化,11.97,-63.8,0.43,-48.7,-0.39,-2805627,-123103042,-132277899,-17467994,-10178107,18573450,缩量,低,情绪退潮,观望,资金撤退型,,D,回避：资金撤退,-0.1
000411,英特集团,9.88,-33.1,0.81,-26.9,-0.12,-181669,-5016294,-18066115,1661701,3433226,-3187995,缩量,低,情绪退潮,吸筹,资金撤退型,机构吸筹+盈利(关注),C,谨慎：资金流入未验证业绩,24.0
000410,沈阳机床,5.27,-0.6,0.45,65.4,5.07,61754748,27097152,18420154,313279,-2695487,3378969,缩量,中,主力惜售,进场,资金观望型,纯资金炒作(亏损风险),C,谨慎：纯资金炒作,25.7
000419,通程控股,5.0,-31.8,0.7,-19.5,-1.28,-1713362,-9059969,-4665840,493706,876344,-1738035,缩量,低,情绪退潮,观望,资金观望型,,D,回避：资金观望,-0.4
000425,徐工机械,7.23,-27.9,0.88,-29.7,-5.58,-239592214,-412616796,-293571338,-71160629,-7439212,73123759,缩量,低,情绪退潮,观望,资金观望型,,D,回避：资金观望,-1.9
000428,华天酒店,4.18,36.1,2.76,-20.7,-4.16,-54903945,-41076824,138599802,4700864,2822270,-10179176,缩量,低,情绪退潮,观望,长线吸筹型,,D,回避：资金观望,-1.4
000426,兴业银锡,34.37,-65.5,1.12,-28.6,-5.32,-395650189,-433950770,-1252839663,48996317,16922958,-39103325,缩量,低,情绪退潮,观望,资金撤退型,,D,回避：资金撤退,-1.8
000430,张家界,7.0,87.6,1.7,-9.7,-6.36,-38272318,-75065184,-74736742,-2870012,883129,-2747414,放量,低,游资情绪,观望,资金观望型,,D,回避：资金观望,5.9
000423,东阿阿胶,46.05,-24.5,0.78,-5.2,-3.26,-36676065,-7650736,-9922522,14012242,19792243,-15336467,缩量,低,情绪退潮,吸筹,资金观望型,机构吸筹+盈利(关注),C,谨慎：资金流入未验证业绩,22.9
000429,粤高速Ａ,12.58,-59.8,1.86,-10.8,-2.7,-9199527,-5825673,-54451222,-3869808,-497972,4305091,缩量,低,情绪退潮,观望,资金观望型,,D,回避：资金观望,-0.9
000420,吉林化纤,3.56,-56.3,0.38,-50.3,3.34,18260259,-55462445,-40796109,5399679,9101568,-4596120,缩量,低,情绪退潮,吸筹,资金观望型,资金+业绩共振(双击候选),B,关注：资金+业绩共振,65.1
000501,武商集团,7.16,-33.6,1.05,-39.8,-3.49,-8673242,-56231308,-2290915,1147323,618720,-5075485,缩量,低,情绪退潮,观望,长线吸筹型,,D,回避：资金观望,-1.2
000421,南京公用,5.69,0.4,0.41,-22.3,3.37,7489589,-5072897,-4813375,1198863,-758410,-4033495,缩量,低,情绪退潮,进场,资金观望型,资金+业绩共振(双击候选),B,关注：资金+业绩共振,73.1
000503,国新健康,6.87,-55.3,1.08,-34.9,-0.46,-1622596,-28067704,-10000942,-4868585,-1671690,3301612,缩量,低,情绪退潮,观望,资金观望型,,D,回避：资金观望,-0.2
000504,南华生物,12.76,1632.5,1.83,337.7,3.11,55305857,61616105,68105221,-434233253,-398418264,262341042,放量,低,游资情绪,观望,均衡流入型,,D,回避：资金观望,9.0
000505,京粮控股,6.6,231.3,0.7,-53.2,-2.21,-29390742,-145180734,-255048389,-12001012,-4772980,16745749,放量,低,游资情绪,观望,资金撤退型,,D,回避：资金撤退,7.3
000507,珠海港,4.95,-29.3,1.04,-3.1,-1.27,-2870451,-7158389,-37694596,-4744595,-4913073,1017277,缩量,低,情绪退潮,观望,资金撤退型,,D,回避：资金撤退,-0.4
000506,招金黄金,18.1,-45.8,3.35,-52.1,-2.44,-104964270,-103280132,-226921365,-77603708,-70279408,112206381,缩量,低,情绪退潮,观望,资金观望型,,D,回避：资金观望,-0.8
000498,山东路桥,5.14,-0.9,0.52,-0.2,8.45,23757744,20141472,-8126482,1191800,1047458,3602474,缩量,中,主力惜售,进场,资金观望型,资金+业绩共振(双击候选),B,关注：资金+业绩共振,86.8
000516,国际医学,4.27,-48.5,0.93,42.2,1.37,6162797,-9495309,14792573,-7507012,-3457385,1837667,缩量,低,情绪退潮,观望,资金观望型,,D,回避：资金观望,0.5
000518,四环生物,3.68,-61.9,8.56,-42.9,-2.73,-13136541,-23710603,-33394301,-9724178,-6709890,6828196,缩量,低,情绪退潮,观望,资金撤退型,,D,回避：资金撤退,-0.9
000517,荣安地产,2.01,38.3,1.33,-6.7,-0.64,-2893190,-1950361,-63362156,604984,1698793,-3647128,缩量,低,情绪退潮,观望,资金观望型,,D,回避：资金观望,-0.2
000519,中兵红箭,15.01,-38.0,2.44,-13.4,-5.54,-197835043,-456411668,-353411705,-75549492,-43198417,59283351,缩量,低,情绪退潮,观望,资金观望型,,D,回避：资金观望,-1.8
000509,华塑控股,3.76,149.1,1.74,161.7,7.39,107967793,105746125,60455577,18162744,13364322,-26442479,放量,中,主力偏强放量,进场,资金观望型,纯资金炒作(亏损风险),C,谨慎：纯资金炒作,30.5
000510,新金路,19.23,0.5,1.61,14.1,3.76,165385970,-65810099,-8544897,112105109,86213540,-170333296,缩量,低,情绪退潮,进场,资金观望型,纯资金炒作(亏损风险),C,谨慎：纯资金炒作,13.3
000513,丽珠集团,27.73,33.6,1.1,-7.3,1.07,7010025,-30441558,-21082705,42585354,34258110,-15178973,缩量,低,情绪退潮,吸筹,资金观望型,资金+业绩共振(双击候选),B,关注：资金+业绩共振,64.4
000514,渝 开 发,4.4,50.4,0.84,-50.0,0.47,1483377,-7893173,11538825,1109079,-1580262,-3058177,放量,低,游资情绪,进场,长线吸筹型,资金+业绩共振(双击候选),B,关注：资金+业绩共振,80.2
000520,凤凰航运,4.02,-20.8,1.85,-40.7,-6.78,-40308952,-67016042,-12672064,-975468,-3013933,4503648,缩量,低,情绪退潮,观望,长线吸筹型,,D,回避：资金观望,-2.3
000523,红棉股份,3.42,539.7,0.56,209.3,-2.18,-64978007,-795091567,-680820723,-21883690,-15691769,21267845,放量,低,游资情绪,观望,资金观望型,,D,回避：资金观望,7.3
000525,红太阳,4.54,-11.8,0.85,-41.9,1.85,8273200,-29723876,-82425377,-1493683,-2488662,-4162734,缩量,低,情绪退潮,观望,资金观望型,,D,回避：资金观望,0.6
000526,学大教育,36.16,-63.1,1.16,-57.9,0.25,803477,-27539573,-3630973,-29077,657109,-5628590,缩量,低,情绪退潮,观望,长线吸筹型,,D,回避：资金观望,0.1
000521,长虹美菱,4.4,-81.3,2.55,16.7,5.84,8310089,-12182251,-17035569,-54111,250929,980717,缩量,中,主力惜售,进场,资金观望型,资金+业绩共振(双击候选),B,关注：资金+业绩共振,85.9
000531,穗恒运Ａ,5.6,-59.3,0.34,54.7,-2.95,-5780317,-3105536,-901059,-5794455,-3582814,-56982,缩量,低,情绪退潮,观望,资金观望型,,D,回避：资金观望,-1.0
000530,冰山冷热,5.18,27.0,0.62,-47.5,-3.05,-11908119,-27384184,-22762134,6273756,3707335,-10342549,缩量,低,情绪退潮,观望,资金观望型,,D,回避：资金观望,-1.0
000529,广弘控股,4.96,-46.9,0.71,-37.1,2.45,2504301,-2413795,1841471,-641991,0,-353588,缩量,低,情绪退潮,观望,资金观望型,,D,回避：资金观望,0.8
000524,岭南控股,8.99,-48.9,0.86,-43.5,2.09,7592645,-50494551,-121111196,851274,-1507710,2356488,缩量,低,情绪退潮,进场,资金观望型,资金+业绩共振(双击候选),B,关注：资金+业绩共振,72.7
000534,万泽股份,22.92,-33.3,0.59,-33.3,-2.47,-35947210,-40231961,-78269434,819355,-2658763,-15699887,缩量,低,情绪退潮,观望,资金撤退型,,D,回避：资金撤退,-0.8
000533,顺钠股份,10.44,-51.4,0.99,-40.6,-3.24,-78166410,-102999382,-2985441,-8979019,-109918,29549935,缩量,低,情绪退潮,观望,资金观望型,,D,回避：资金观望,-1.1
000536,华映科技,3.51,-5.8,1.74,-40.7,1.28,22271110,-11528899,262382292,-17162242,-9161194,20115232,缩量,低,情绪退潮,观望,长线吸筹型,,D,回避：资金观望,0.4
000537,绿发电力,7.34,-51.6,0.28,54.4,-4.83,-29258499,-32469255,-63598025,-18157615,-14850990,15262934,缩量,低,情绪退潮,观望,资金撤退型,,D,回避：资金撤退,-1.6
000528,柳    工,7.61,-52.7,0.75,-28.1,-9.94,-82640913,-107962912,-135900581,-2052982,1508858,-71566,缩量,低,情绪退潮,吸筹,资金撤退型,机构吸筹+盈利(关注),C,谨慎：资金流入未验证业绩,20.7
000532,华金资本,13.5,1431.1,0.43,670.1,5.36,167974064,243970593,227603664,311121,1280709,20715411,放量,中,主力偏强放量,进场,短线抢筹型,资金+业绩共振(双击候选),B,关注：资金+业绩共振,89.8
000539,粤电力Ａ,5.02,-55.9,0.44,25.8,-4.64,-51446123,-39586123,-75278982,-43801302,-30096193,28987200,缩量,低,情绪退潮,观望,资金观望型,,D,回避：资金观望,-1.5
000543,皖能电力,7.15,-59.8,0.91,5.3,-8.23,-55016931,-79556395,-167029237,-18293264,-11863080,10675682,缩量,低,情绪退潮,观望,资金撤退型,,D,回避：资金撤退,-2.7
000538,云南白药,51.36,-33.6,1.14,3.6,7.6,159055808,161192862,164058594,18458922,9373705,-15780715,缩量,中,主力惜售,进场,均衡流入型,资金+业绩共振(双击候选),B,关注：资金+业绩共振,86.5
000547,航天发展,14.31,-65.1,0.52,-3.2,-2.32,-77007914,-86275859,-96355723,-49240062,-33619515,42749160,缩量,低,情绪退潮,观望,资金撤退型,,D,回避：资金撤退,-0.8
000545,金浦钛业,2.17,-50.6,0.86,-61.3,-3.23,-12075690,-10596555,-15208325,-1307779,-2829874,-223956,缩量,低,情绪退潮,观望,资金观望型,,D,回避：资金观望,-1.1
000541,佛山照明,4.91,-38.0,0.87,-21.2,6.49,6864813,-3884025,-1509598,-2597687,-4746823,89979,缩量,中,主力惜售,进场,资金观望型,资金+业绩共振(双击候选),B,关注：资金+业绩共振,86.2
000551,创元科技,12.33,-82.2,1.09,-11.0,-2.12,-12888103,-31094682,-125899183,-907055,-883202,362462,缩量,低,情绪退潮,观望,资金撤退型,,D,回避：资金撤退,-0.7
000550,江铃汽车,16.26,-12.7,0.55,-2.0,-0.8,-2575095,-18954044,-16419145,-4039507,-2149983,-1226992,缩量,低,情绪退潮,观望,资金观望型,,D,回避：资金观望,-0.3
000552,甘肃能化,2.46,-14.4,0.44,-32.0,2.82,21320774,-840928,-13269271,-8605300,-6738818,12963307,缩量,低,情绪退潮,观望,资金观望型,,D,回避：资金观望,0.9
000544,中原环保,7.2,-52.7,0.57,-21.2,5.27,5262647,613824,10205627,-3720371,-2441732,1825253,缩量,中,主力惜售,进场,资金观望型,资金+业绩共振(双击候选),B,关注：资金+业绩共振,85.8
000546,金圆股份,4.37,-48.0,0.09,-16.5,-5.07,-11934471,-20415605,-32719806,-893589,666572,-482505,缩量,低,情绪退潮,吸筹,资金撤退型,纯资金炒作(亏损风险),C,谨慎：纯资金炒作,2.3
000553,安道麦A,5.46,-28.6,0.89,-34.8,1.48,2509911,-7456397,-3889839,-6925835,-3695415,2542919,缩量,低,情绪退潮,观望,资金观望型,,D,回避：资金观望,0.5
000548,湖南投资,4.58,-43.9,0.67,-10.0,5.64,5915713,3981763,2744260,-1539174,-1702646,-85804,缩量,中,主力惜售,进场,资金观望型,资金+业绩共振(双击候选),B,关注：资金+业绩共振,85.9
000554,泰山石油,6.23,-53.8,0.93,-11.4,-6.3,-28686398,-9885859,5885634,3263515,3420387,-8932897,缩量,低,情绪退潮,观望,资金观望型,,D,回避：资金观望,-2.1
000555,神州信息,11.01,100.3,0.82,-4.1,-1.0,-10590293,-34347935,-86503235,113636323,75834020,-141182592,放量,低,游资情绪,抢筹,资金撤退型,机构吸筹+盈利(关注),C,谨慎：资金流入未验证业绩,47.7
000563,陕国投Ａ,2.91,-16.7,0.87,-21.4,-2.42,-11576371,-10605736,-58764827,-21803291,-23273916,-909617,缩量,低,情绪退潮,观望,资金观望型,,D,回避：资金观望,-0.8
000561,烽火电子,7.74,-28.0,0.99,94.6,3.2,19482375,13384984,11026916,-452547,752492,56097,缩量,低,情绪退潮,观望,资金观望型,,D,回避：资金观望,1.1
000564,供销大集,1.48,-1.2,0.8,-57.6,3.43,61355870,-133431135,-94983180,-33573898,-24335579,8541164,缩量,低,情绪退潮,观望,资金观望型,,D,回避：资金观望,1.1
000557,西部创业,3.64,-38.6,0.96,-22.3,1.51,1877879,-1755707,-6881655,307045,35040,-1023471,缩量,低,情绪退潮,进场,资金观望型,资金+业绩共振(双击候选),B,关注：资金+业绩共振,72.5
000565,渝三峡Ａ,6.61,65.3,0.29,54.7,-4.66,-26069248,31239082,57169256,-6506992,687536,9999485,放量,低,游资情绪,观望,资金观望型,,D,回避：资金观望,6.4
000566,海南海药,4.8,-69.0,8.6,-16.6,3.86,84797707,37753303,-16301162,-19142359,-13820961,24815000,缩量,低,情绪退潮,观望,资金观望型,,D,回避：资金观望,1.3
000567,海德股份,6.0,-40.5,0.51,-55.7,-2.6,-14993050,-48744386,-2255900,-9292532,-4553027,7353238,缩量,低,情绪退潮,观望,长线吸筹型,,D,回避：资金观望,-0.9
000559,万向钱潮,11.16,18.3,0.38,93.6,5.81,290999559,252762935,169977699,-35788571,-26976247,31520341,缩量,中,主力惜售,进场,资金观望型,资金+业绩共振(双击候选),B,关注：资金+业绩共振,85.9
000558,天府文旅,3.61,-7.9,0.69,-37.3,-1.65,-8393426,-43943133,-63241661,4771749,6852046,-6178993,缩量,低,情绪退潮,吸筹,资金撤退型,纯资金炒作(亏损风险),C,谨慎：纯资金炒作,3.5
000570,苏常柴Ａ,5.26,-43.2,0.3,-15.7,2.98,6292817,-8907155,-29901077,-2137785,-1753160,646443,缩量,低,情绪退潮,观望,资金观望型,,D,回避：资金观望,1.0
000560,我爱我家,3.86,558.3,1.06,-39.4,11.15,698853217,437157169,1102087301,32328494,28758106,-50179342,放量,高,主力主导放量🔥(最强),进场,资金观望型,纯资金炒作(亏损风险),C,谨慎：纯资金炒作,35.7
000568,泸州老窖,72.11,-38.3,1.31,-29.7,2.15,61046878,-135777785,-398326656,68281353,64280432,-45016859,缩量,低,情绪退潮,吸筹,资金观望型,资金+业绩共振(双击候选),B,关注：资金+业绩共振,64.7
000582,北部湾港,9.39,11.6,1.28,-6.1,-20.88,-577043139,-647856197,-777385842,-132702627,-91234486,134385061,缩量,低,情绪退潮,观望,资金撤退型,,D,回避：资金撤退,-7.0
000571,新大洲A,6.73,-30.2,2.56,31.7,1.98,18621450,23072053,-27918911,9564174,11699359,-4865646,缩量,低,情绪退潮,吸筹,趋势转多型,纯资金炒作(亏损风险),C,谨慎：纯资金炒作,4.7
000576,甘化科工,8.34,-47.1,1.08,-64.0,-1.67,-6917581,-51116197,5260838,-723281,546647,1800396,缩量,低,情绪退潮,观望,长线吸筹型,,D,回避：资金观望,-0.6
000581,威孚高科,18.16,-25.0,0.46,-40.5,-3.84,-16029047,-16681822,-45723886,1428296,470063,-3418537,缩量,低,情绪退潮,观望,资金撤退型,,D,回避：资金撤退,-1.3
000586,汇源通信,13.62,-1.0,0.24,11.7,-6.73,-39297779,-37023553,-17049673,-953998,-1404140,-1128363,缩量,低,情绪退潮,观望,资金观望型,,D,回避：资金观望,-2.2
000572,海马汽车,4.02,186.2,1.38,264.2,6.48,213704410,350376627,342360929,45357819,36265783,-53144953,放量,中,主力偏强放量,进场,短线抢筹型,纯资金炒作(亏损风险),C,谨慎：纯资金炒作,30.2
000591,太阳能,4.2,-21.1,0.41,30.6,-4.29,-42563371,-40509450,-73151050,-17988026,-14633676,4383935,缩量,低,情绪退潮,观望,资金观望型,,D,回避：资金观望,-1.4
000590,古汉医药,9.05,-50.3,0.73,-28.4,-2.41,-2582793,430096,3250448,-29665,0,-594543,缩量,低,情绪退潮,观望,资金观望型,,D,回避：资金观望,-0.8
000573,粤宏远Ａ,3.78,-32.4,0.63,-28.7,2.2,5121905,3953263,-3740905,3003671,3616342,-3595730,缩量,低,情绪退潮,吸筹,资金观望型,资金+业绩共振(双击候选),B,关注：资金+业绩共振,64.7
000592,平潭发展,7.98,165.4,0.57,12.3,0.85,117429450,-9640662,1184251279,-279147910,-179267001,280105000,放量,低,游资情绪,观望,长线吸筹型,,D,回避：资金观望,8.3
000595,新能股份,5.61,-8.1,3.61,-7.9,4.4,37203851,27717890,-27450242,-13233339,-18390237,22112960,缩量,低,情绪退潮,观望,资金观望型,,D,回避：资金观望,1.5
000589,贵州轮胎,4.22,-52.9,0.36,-30.7,8.43,28011206,16245210,10954164,3692135,1596324,-8665217,缩量,中,主力惜售,进场,资金观望型,资金+业绩共振(双击候选),B,关注：资金+业绩共振,86.8
000598,兴蓉环境,7.06,-70.3,1.26,-22.8,-3.21,-16013508,-46646760,-86378427,-5465275,-7828763,6268180,缩量,低,情绪退潮,观望,资金撤退型,,D,回避：资金撤退,-1.1
000597,东北制药,4.78,-34.6,0.97,-22.3,-1.29,-3761567,3473471,-3531302,2460815,3576464,-4031099,缩量,低,情绪退潮,观望,资金观望型,,D,回避：资金观望,-0.4
000599,青岛双星,4.48,-42.4,0.42,22.6,-5.31,-12706055,-3975508,-5412001,784824,-812730,-1030627,缩量,低,情绪退潮,观望,资金观望型,,D,回避：资金观望,-1.8
000601,韶能股份,6.01,-57.4,0.74,77.2,-8.15,-81045691,-112289291,-127824669,-15243857,-27686182,-654403,缩量,低,情绪退潮,观望,资金撤退型,,D,回避：资金撤退,-2.7
000600,建投能源,7.21,-78.5,0.84,-15.3,-5.24,-26699351,-64701904,-129833279,-1978904,-3321473,4318047,缩量,低,情绪退潮,观望,资金撤退型,,D,回避：资金撤退,-1.7
000593,德龙汇能,24.19,42.9,0.42,-3.0,2.94,56680894,54303365,-28653669,78354957,55897062,-86716301,缩量,低,情绪退潮,进场,资金观望型,资金+业绩共振(双击候选),B,关注：资金+业绩共振,73.0
000596,古井贡酒,96.8,-42.3,2.12,-46.7,0.87,11171239,-66405219,81105489,15984811,2027001,-1293582,缩量,低,情绪退潮,吸筹,长线吸筹型,资金+业绩共振(双击候选),B,关注：资金+业绩共振,64.3
000605,渤海股份,5.88,-38.0,0.6,-8.5,-0.56,-540108,1477043,3591225,295372,-183244,-1627342,缩量,低,情绪退潮,观望,资金观望型,,D,回避：资金观望,-0.2
000608,阳光股份,7.0,-57.2,5.15,-44.0,-8.09,-45235856,-46286399,-5606073,-12297468,-13226730,8085789,缩量,低,情绪退潮,观望,资金观望型,,D,回避：资金观望,-2.7
000612,焦作万方,10.94,-13.7,0.82,20.1,-6.73,-147041141,-63656802,-137014579,-18869021,-15980882,13747643,缩量,低,情绪退潮,观望,资金观望型,,D,回避：资金观望,-2.2
000617,中油资本,6.75,-40.9,0.52,-47.9,-0.21,-4118338,-234509125,-1148744937,-42252271,-40885764,35229577,缩量,低,情绪退潮,观望,资金撤退型,,D,回避：资金撤退,-0.1
000603,盛达资源,33.78,-55.0,2.47,-43.9,0.11,6682660,-66435090,-785051383,8258995,9022799,-23265379,缩量,低,情绪退潮,进场,资金观望型,资金+业绩共振(双击候选),B,关注：资金+业绩共振,72.0
000619,海螺新材,5.25,19.5,0.65,34.1,-2.82,-5883000,-8424225,-7498757,-1854567,-1890943,2170274,缩量,低,情绪退潮,观望,资金观望型,,D,回避：资金观望,-0.9
000620,盈新发展,3.28,61.4,2.67,-9.0,3.03,175827962,-16129395,12171690,-8317867,6758224,46634272,放量,低,游资情绪,观望,资金观望型,,D,回避：资金观望,9.0
000607,华媒控股,4.48,1192.4,0.76,157.4,8.74,110301848,112461881,118050529,-116934025,-131450747,69213620,放量,中,主力偏强放量,进场,均衡流入型,纯资金炒作(亏损风险),C,谨慎：纯资金炒作,30.9
000626,远大控股,9.37,127.5,0.26,-42.1,-1.95,-14031963,-89050066,17134905,-2849043,2689942,-9864996,放量,低,游资情绪,观望,长线吸筹型,,D,回避：资金观望,7.3
000623,吉林敖东,17.73,-73.6,0.92,-39.4,0.46,2773047,-75749283,-41419599,-2979767,-3376075,4457660,缩量,低,情绪退潮,观望,资金观望型,,D,回避：资金观望,0.2
000625,长安汽车,7.12,-50.4,0.97,16.7,-0.19,-2627129,-50344581,-3658108,-24392390,-33287356,15229719,缩量,低,情绪退潮,观望,资金观望型,,D,回避：资金观望,-0.1
000628,高新发展,59.47,-28.1,0.45,-22.3,1.53,46572121,-80491764,40683914,-23494243,1797659,15336683,缩量,低,情绪退潮,观望,资金观望型,,D,回避：资金观望,0.5
000630,铜陵有色,6.12,-58.5,1.37,-43.0,1.18,52593630,-749041435,-1127122230,-73296614,-77093804,32640170,缩量,低,情绪退潮,观望,资金观望型,,D,回避：资金观望,0.4
000631,顺发恒能,3.05,66.8,0.57,27.5,2.0,5389273,-1600487,-10695999,-820048,-776081,5682958,放量,低,游资情绪,观望,资金观望型,,D,回避：资金观望,8.7
000633,合金投资,5.24,-23.4,0.68,0.6,-1.95,-3528184,7309282,10087121,605786,127818,-1109686,缩量,低,情绪退潮,观望,资金观望型,,D,回避：资金观望,-0.7
000635,英 力 特,7.44,90.2,0.62,-48.8,-1.42,-4880069,-17777518,-34514046,-1633725,-471053,2022064,放量,低,游资情绪,观望,资金撤退型,,D,回避：资金撤退,7.5
000637,茂化实华,4.16,-24.2,0.73,-14.6,1.58,2453294,8012910,3086084,-1392386,-2739705,-1109144,缩量,低,情绪退潮,观望,趋势转多型,,D,回避：资金观望,0.5
000650,仁和药业,5.19,-31.2,1.08,-21.4,-0.06,-256452,7135953,-4585732,-5170371,-7080733,1386889,缩量,低,情绪退潮,观望,资金观望型,,D,回避：资金观望,-0.0
000629,钒钛股份,2.89,-52.4,0.61,-23.5,-5.69,-47798615,-147329139,-168374072,12432342,12247427,-6024415,缩量,低,情绪退潮,吸筹,资金撤退型,纯资金炒作(亏损风险),C,谨慎：纯资金炒作,2.1
000651,格力电器,38.36,-68.0,0.61,-31.9,-2.27,-136387477,-130904662,-465825023,32834789,18786767,33991971,缩量,低,情绪退潮,观望,资金观望型,,D,回避：资金观望,-0.8
000636,风华高科,58.74,-31.2,3.23,49.6,-3.49,-1299008674,793291466,-508050150,147706944,126664604,-38168889,缩量,低,情绪退潮,吸筹,资金观望型,机构吸筹+盈利(关注),C,谨慎：资金流入未验证业绩,22.8
000652,泰达股份,3.33,4.7,0.35,4.3,1.23,2270522,-15903089,-19154429,-630709,-488501,-261774,缩量,低,情绪退潮,观望,资金观望型,,D,回避：资金观望,0.4
000655,金岭矿业,7.15,-5.3,0.78,-41.4,1.37,2300510,-6880690,18050817,-1006987,582770,866014,缩量,低,情绪退潮,观望,长线吸筹型,,D,回避：资金观望,0.5
000659,珠海中富,2.71,-26.4,0.88,-16.8,-4.29,-13363648,-28149585,-11741594,-9474797,-3296401,164286,缩量,低,情绪退潮,观望,资金观望型,,D,回避：资金观望,-1.4
000665,湖北广电,4.04,24.4,0.67,-31.9,0.16,537688,-16973352,-33837352,-6409539,-9693845,1884608,缩量,低,情绪退潮,观望,资金观望型,,D,回避：资金观望,0.1
000657,中钨高新,59.16,-52.4,1.15,-1.3,-4.45,-873032621,-816729435,-2229642559,-380997063,-297104679,430147204,缩量,低,情绪退潮,观望,资金观望型,,D,回避：资金观望,-1.5
000663,永安林业,5.92,-19.7,0.51,-38.0,0.26,503249,-5270305,-2538709,-110387,0,-1021546,缩量,低,情绪退潮,观望,资金观望型,,D,回避：资金观望,0.1
000668,荣丰控股,17.44,59.1,2.83,44.9,-11.64,-74618339,-76963428,-72006356,5350758,1133847,-12612120,放量,低,游资情绪,观望,资金观望型,,D,回避：资金观望,4.1
000656,金科股份,1.26,53.0,1.72,-14.4,-0.19,-3142000,-58995301,-42178488,12861730,7467360,-7570800,放量,低,游资情绪,抢筹,资金观望型,机构吸筹+盈利(关注),C,谨慎：资金流入未验证业绩,47.9
000661,长春高新,73.25,-69.0,3.29,-28.4,0.04,772266,-8046728,7050058,21172267,8919011,-29075460,缩量,低,情绪退潮,进场,资金观望型,资金+业绩共振(双击候选),B,关注：资金+业绩共振,72.0
000679,大连友谊,6.49,-29.5,1.62,56.9,-1.54,-5102355,8240947,18798909,1349479,645000,1598787,缩量,低,情绪退潮,观望,资金观望型,,D,回避：资金观望,-0.5
000681,视觉中国,16.24,-44.1,0.8,-53.3,3.1,52891727,-124024072,-7291098,-35675690,-18799374,39493344,缩量,低,情绪退潮,观望,资金观望型,,D,回避：资金观望,1.0
000670,盈方微,7.56,2.6,1.38,72.7,5.64,152453090,143370640,124690383,-11576307,-10514699,25507272,缩量,中,主力惜售,进场,资金观望型,纯资金炒作(亏损风险),C,谨慎：纯资金炒作,25.9
000672,上峰材料,15.46,-60.9,1.55,-13.7,2.77,31312077,-19024789,12123196,4105165,7610320,-2630123,缩量,低,情绪退潮,吸筹,资金观望型,资金+业绩共振(双击候选),B,关注：资金+业绩共振,64.9
000676,智度股份,7.25,99.8,4.17,10.2,7.58,287022967,188205488,42928723,-84205714,-60359621,71073666,放量,中,主力偏强放量,进场,资金观望型,资金+业绩共振(双击候选),B,关注：资金+业绩共振,90.5
000685,中山公用,10.85,-68.8,0.97,-38.0,-4.05,-18189413,-50226621,-124941283,-7267510,-6345501,-237480,缩量,低,情绪退潮,观望,资金撤退型,,D,回避：资金撤退,-1.3
000682,东方电子,10.64,-73.7,0.7,-20.9,-5.31,-21488852,-62644180,-137616166,-8770495,-5404746,9805762,缩量,低,情绪退潮,观望,资金撤退型,,D,回避：资金撤退,-1.8
000678,襄阳轴承,8.8,-60.8,1.13,-39.4,0.34,1342198,-8941615,-30165249,26185,303456,775846,缩量,低,情绪退潮,进场,资金观望型,纯资金炒作(亏损风险),C,谨慎：纯资金炒作,12.1
000686,东北证券,7.74,-64.8,0.66,-34.4,-2.77,-11952325,-15433484,-46113327,-12560986,-4210523,6048624,缩量,低,情绪退潮,观望,资金撤退型,,D,回避：资金撤退,-0.9
000690,宝新能源,5.02,-23.0,0.42,-6.3,-2.02,-27477998,-144283015,-166930904,2122146,6274720,14526574,缩量,低,情绪退潮,观望,资金撤退型,,D,回避：资金撤退,-0.7
000680,山推股份,9.28,-6.2,0.73,3.8,-0.94,-8211954,-76691073,-93361646,27362708,46524028,-26683998,缩量,低,情绪退潮,吸筹,资金撤退型,机构吸筹+盈利(关注),C,谨慎：资金流入未验证业绩,23.7
000688,国城矿业,25.54,-34.8,0.51,-34.1,2.24,51426935,50256672,-319870204,3637756,-13831188,-24579859,缩量,低,情绪退潮,进场,资金观望型,资金+业绩共振(双击候选),B,关注：资金+业绩共振,72.7
000683,博源化工,5.62,-61.2,1.62,-43.8,3.52,43567719,65417988,129928436,10476332,11374513,-15798758,缩量,低,情绪退潮,进场,均衡流入型,资金+业绩共振(双击候选),B,关注：资金+业绩共振,73.2
000695,滨海能源,12.91,-43.3,0.51,-59.8,-2.63,-6674891,-14099829,-40721065,-5178225,-1615385,1708678,缩量,低,情绪退潮,观望,资金撤退型,,D,回避：资金撤退,-0.9
000697,炼石航空,9.07,-42.9,1.3,-38.7,0.65,1496625,-30737140,-19305893,-2216754,-1052760,-1271115,缩量,低,情绪退潮,观望,资金观望型,,D,回避：资金观望,0.2
000691,亚太实业,9.28,-7.7,3.63,-31.1,-2.49,-8550016,-34952779,-52290276,11893491,8284201,-7886929,缩量,低,情绪退潮,吸筹,资金撤退型,纯资金炒作(亏损风险),C,谨慎：纯资金炒作,3.2
000702,正虹科技,5.67,-3.2,0.67,-41.7,-1.03,-2413725,-20714664,3777319,-1251168,420705,1242097,缩量,低,情绪退潮,观望,长线吸筹型,,D,回避：资金观望,-0.3
000701,厦门信达,5.13,-41.8,0.83,-19.8,-1.26,-3558164,-14658382,3867394,-2847960,-773128,966862,缩量,低,情绪退潮,观望,长线吸筹型,,D,回避：资金观望,-0.4
000703,恒逸石化,17.39,2.4,1.05,-30.1,-0.62,-38309414,-94214193,749830542,153612923,138238954,-170682276,缩量,低,情绪退潮,观望,长线吸筹型,,D,回避：资金观望,-0.2
000708,中信特钢,12.96,-42.0,1.02,-5.4,-2.32,-16840009,13326513,-887555,1426469,1772167,-6792160,缩量,低,情绪退潮,观望,资金观望型,,D,回避：资金观望,-0.8
000692,惠天热电,4.12,-54.0,0.54,-39.7,0.57,1370841,-7324667,-14873535,1555344,-565934,-1607161,缩量,低,情绪退潮,进场,资金观望型,纯资金炒作(亏损风险),C,谨慎：纯资金炒作,12.2
000700,模塑科技,12.06,-63.7,1.64,-3.8,2.48,86494857,52465704,181878813,5120970,5303326,-8556018,缩量,低,情绪退潮,进场,资金观望型,资金+业绩共振(双击候选),B,关注：资金+业绩共振,72.8
000711,京蓝科技,4.82,-16.1,0.72,-35.4,-4.66,-125483313,-627897891,-1414787064,-41204560,-29911569,24173817,缩量,低,情绪退潮,观望,资金撤退型,,D,回避：资金撤退,-1.6
000707,双环科技,4.5,-41.6,0.27,-7.2,3.45,4743789,7864493,2099769,3511481,1338917,-2827322,缩量,低,情绪退潮,进场,趋势转多型,纯资金炒作(亏损风险),C,谨慎：纯资金炒作,13.2
000713,国投丰乐,6.59,434.2,0.38,-1.1,0.66,9544745,41357944,66834453,-3223139,403155,4639357,放量,低,游资情绪,观望,均衡流入型,,D,回避：资金观望,8.2
000705,浙江震元,7.01,-11.6,0.57,0.1,1.0,1721018,3060308,-8415413,972131,-839872,-4223335,缩量,低,情绪退潮,进场,趋势转多型,资金+业绩共振(双击候选),B,关注：资金+业绩共振,72.3
000716,黑芝麻,5.01,26.1,0.56,-69.8,-0.68,-4648885,-78532774,-29877365,-786158,-2716080,4041222,缩量,低,情绪退潮,观望,长线吸筹型,,D,回避：资金观望,-0.2
000709,河钢股份,2.03,18.9,0.43,-14.8,2.33,17646433,30797624,45277321,27672927,19710443,-25803170,缩量,低,情绪退潮,进场,均衡流入型,资金+业绩共振(双击候选),B,关注：资金+业绩共振,72.8
000715,中兴商业,5.3,-21.0,0.11,-24.8,0.15,307852,-15306614,-35250183,-2648931,-2428060,-910450,缩量,低,情绪退潮,观望,资金观望型,,D,回避：资金观望,0.0
000710,贝瑞基因,10.01,265.8,2.22,31.1,2.62,46162265,34964817,-11966067,53167142,42916829,-20994202,放量,低,游资情绪,抢筹,资金观望型,纯资金炒作(亏损风险),C,谨慎：纯资金炒作,28.9
000712,锦龙股份,10.28,63.1,1.51,-60.7,0.04,1089011,-203677160,186440871,-2895005,10796187,20422406,放量,低,游资情绪,抢筹,长线吸筹型,资金+业绩共振(双击候选),B,关注：资金+业绩共振,88.0
000719,中原传媒,12.21,-10.0,0.49,-8.4,-3.19,-10943449,-12266962,1044779,-805142,536959,2522655,缩量,低,情绪退潮,观望,资金观望型,,D,回避：资金观望,-1.1
000721,西安饮食,6.27,30.6,1.63,-39.2,-0.47,-3353831,-76427262,93207174,3367434,1219491,-11483596,缩量,低,情绪退潮,观望,长线吸筹型,,D,回避：资金观望,-0.2
000722,湖南发展,13.46,-18.9,0.69,293.6,-4.77,-79444219,42773925,56006764,-24491972,-13860533,52539521,缩量,低,情绪退潮,观望,资金观望型,,D,回避：资金观望,-1.6
000717,中南股份,2.15,79.3,0.84,-11.9,3.15,7517445,13956971,9664885,9061987,7308963,-10892178,放量,低,游资情绪,抢筹,趋势转多型,纯资金炒作(亏损风险),C,谨慎：纯资金炒作,29.1
000723,美锦能源,3.52,14.9,0.7,-40.0,-0.26,-2974847,-44362999,-53544923,-51170894,-33451678,44353289,缩量,低,情绪退潮,观望,资金撤退型,,D,回避：资金撤退,-0.1
000718,苏宁环球,2.07,100.2,0.6,-1.6,0.43,1602957,-1394956,-9968743,8517512,9769788,-2015245,放量,低,游资情绪,抢筹,资金观望型,资金+业绩共振(双击候选),B,关注：资金+业绩共振,88.1
000735,罗 牛 山,5.8,154.6,0.69,-11.8,-0.78,-16485531,-11532333,-38352807,-20746180,-13208990,19021740,放量,低,游资情绪,观望,资金观望型,,D,回避：资金观望,7.7
000720,新能泰山,3.65,25.9,0.56,97.4,9.44,125966171,137967550,103405245,-7059868,-4150568,10290105,缩量,中,主力惜售,进场,趋势转多型,纯资金炒作(亏损风险),C,谨慎：纯资金炒作,27.1
000733,振华科技,41.4,-69.8,1.48,9.4,-1.3,-28152502,-38393436,-35010483,-7475749,-9277092,3807791,缩量,低,情绪退潮,观望,资金观望型,,D,回避：资金观望,-0.4
000727,冠捷科技,2.2,-24.0,0.8,-20.3,1.49,9892150,11235493,-87085653,-20942922,-17537751,11259928,缩量,低,情绪退潮,观望,趋势转多型,,D,回避：资金观望,0.5
000726,鲁  泰Ａ,6.02,27.5,0.56,145.2,-2.45,-7903543,-3542436,-17906878,-4809017,-1853802,4427039,缩量,低,情绪退潮,观望,资金观望型,,D,回避：资金观望,-0.8
000728,国元证券,7.41,-48.9,1.28,-51.8,-0.29,-1884655,-25736822,-267648904,-1705175,-360874,-6322465,缩量,低,情绪退潮,观望,资金撤退型,,D,回避：资金撤退,-0.1
000725,京东方Ａ,6.02,-44.4,8.38,32.5,5.2,2868882161,1152193914,-1699791088,22533612,-25449862,-218102169,缩量,中,主力惜售,进场,资金观望型,资金+业绩共振(双击候选),B,关注：资金+业绩共振,85.7
000738,航发控制,19.19,-37.3,0.69,-23.3,-3.52,-39500277,-123733615,-26962551,636749,-168253,-4218596,缩量,低,情绪退潮,观望,长线吸筹型,,D,回避：资金观望,-1.2
000729,燕京啤酒,11.0,-19.1,0.72,16.0,4.2,63344181,77049293,56494967,5072350,-24676017,825798,缩量,低,情绪退潮,进场,趋势转多型,资金+业绩共振(双击候选),B,关注：资金+业绩共振,73.4
000737,北方铜业,14.82,70.2,1.36,-20.6,1.76,106326118,-358591601,122970090,-107729078,-87491867,91705651,放量,低,游资情绪,观望,长线吸筹型,,D,回避：资金观望,8.6
000731,四川美丰,8.18,64.9,0.4,-25.9,16.33,132725999,124975992,173682410,11620212,-3013386,-4418175,放量,高,主力主导放量🔥(最强),进场,资金观望型,纯资金炒作(亏损风险),C,谨慎：纯资金炒作,37
000739,普洛药业,25.32,-8.2,2.66,-1.1,0.07,1476586,-34793834,-66867108,-4171696,-2228261,-12875231,缩量,低,情绪退潮,观望,资金观望型,,D,回避：资金观望,0.0
000750,国海证券,3.66,-52.8,1.12,-22.8,0.6,3906282,-15968697,8355118,-2469031,-434452,5006394,缩量,低,情绪退潮,观望,资金观望型,,D,回避：资金观望,0.2
000751,锌业股份,4.58,-74.8,0.43,-57.5,0.4,2192673,-62632015,-92436280,-11083283,-9158021,6430580,缩量,低,情绪退潮,观望,资金观望型,,D,回避：资金观望,0.1
000736,中交发展,4.74,161.5,1.44,-50.8,-2.19,-12633980,-29256380,-59215261,1102619,10943680,-2401663,放量,低,游资情绪,抢筹,资金撤退型,纯资金炒作(亏损风险),C,谨慎：纯资金炒作,27.3
000758,中色股份,5.99,-49.4,0.84,-32.9,-6.81,-46566346,-78232150,-114749011,-3694411,-4380126,2592597,缩量,低,情绪退潮,观望,资金撤退型,,D,回避：资金撤退,-2.3
000759,中百集团,6.52,-29.7,6.19,93.2,-2.51,-104076998,-230822319,125860996,-29307317,3811930,77655966,缩量,低,情绪退潮,观望,资金观望型,,D,回避：资金观望,-0.8
000762,西藏矿业,21.54,-61.6,0.22,-37.5,-2.99,-24108306,-75405254,-75888027,-8623674,42786,969439,缩量,低,情绪退潮,观望,资金撤退型,,D,回避：资金撤退,-1.0
000755,山西高速,4.64,-35.6,0.46,-15.1,-1.27,-1095133,1186945,637209,-2228723,512600,-199195,缩量,低,情绪退潮,吸筹,资金观望型,机构吸筹+盈利(关注),C,谨慎：资金流入未验证业绩,23.6
000766,通化金马,15.43,-65.8,1.17,-7.1,-4.96,-44849403,-37393267,33767610,-6983740,-3695471,-2992322,缩量,低,情绪退潮,观望,长线吸筹型,,D,回避：资金观望,-1.7
000753,漳州发展,4.86,168.2,0.41,78.3,6.55,108702642,99348674,136551575,-12402673,-7909127,34297139,放量,中,主力偏强放量,进场,资金观望型,资金+业绩共振(双击候选),B,关注：资金+业绩共振,90.2
000767,晋控电力,3.3,-57.9,1.1,47.9,-3.13,-45474317,-16095793,-34708557,-24654005,-23034447,31371268,缩量,低,情绪退潮,观望,资金观望型,,D,回避：资金观望,-1.0
000757,浩物股份,4.34,-30.8,0.92,1.4,0.27,614809,542813,-18939692,1726012,-811825,-8424361,缩量,低,情绪退潮,进场,资金观望型,资金+业绩共振(双击候选),B,关注：资金+业绩共振,72.1
000756,新华制药,14.53,463.6,4.16,314.4,8.35,289521385,245969241,230659364,-216289046,-230709918,142098325,放量,中,主力偏强放量,进场,资金观望型,资金+业绩共振(双击候选),B,关注：资金+业绩共振,90.8
000776,广发证券,20.83,-68.8,0.93,-30.4,0.47,20300618,-182508408,-89866963,-37834451,-63215173,48238824,缩量,低,情绪退潮,观望,资金观望型,,D,回避：资金观望,0.2
000777,中核科技,16.47,-77.8,0.99,-24.0,-4.52,-11698988,-34131003,-35043385,-3779404,-1764534,3955798,缩量,低,情绪退潮,观望,资金撤退型,,D,回避：资金撤退,-1.5
000761,本钢板材,2.22,101.5,0.78,-11.2,2.0,4906127,19677724,10251285,7932686,694672,-8343022,放量,低,游资情绪,进场,趋势转多型,纯资金炒作(亏损风险),C,谨慎：纯资金炒作,20.7
000779,甘咨询,8.69,-52.1,9.52,-54.7,0.95,15979569,-130034556,-195694696,-33244425,-21232906,32500821,缩量,低,情绪退潮,观望,资金观望型,,D,回避：资金观望,0.3
000768,中航西飞,22.71,-26.3,0.87,-45.9,1.55,31262217,-274575742,-377193950,13321356,22243861,5890395,缩量,低,情绪退潮,进场,资金观望型,资金+业绩共振(双击候选),B,关注：资金+业绩共振,72.5
000783,长江证券,8.46,-77.7,1.71,-53.2,1.6,36899132,-387685829,-94498393,-7281093,-3741433,10126332,缩量,低,情绪退潮,观望,长线吸筹型,,D,回避：资金观望,0.5
000782,恒申新材,8.33,-27.9,0.45,-17.0,0.42,2456764,-37000180,-150815343,-7078941,-5853764,6964824,缩量,低,情绪退潮,观望,资金观望型,,D,回避：资金观望,0.1
000778,新兴铸管,3.59,-36.5,0.62,-27.2,-3.22,-20282879,-62023644,-27697457,4613350,9325151,-2214129,缩量,低,情绪退潮,吸筹,资金观望型,机构吸筹+盈利(关注),C,谨慎：资金流入未验证业绩,22.9
000785,居然智家,2.26,38.2,0.95,1.5,-4.56,-34347567,-5033152,-19079337,2983387,681081,-7247709,缩量,低,情绪退潮,观望,资金观望型,,D,回避：资金观望,-1.5
000786,北新建材,16.05,-34.5,1.07,-34.9,-0.29,-3459345,-26917080,-99290066,10636380,11046588,-13938474,缩量,低,情绪退潮,观望,资金撤退型,,D,回避：资金撤退,-0.1
000796,凯撒旅业,3.7,43.4,0.66,-36.4,-2.47,-24889491,-67121886,31895539,22393025,15453765,-23629285,缩量,低,情绪退潮,观望,长线吸筹型,,D,回避：资金观望,-0.8
000788,北大医药,5.41,-33.9,0.47,-15.0,-2.8,-11240998,-3529762,-13439679,5010988,1909148,-7056480,缩量,低,情绪退潮,观望,资金观望型,,D,回避：资金观望,-0.9
000792,盐湖股份,24.48,-50.9,0.43,-28.8,-0.62,-34230986,-335722865,-784919782,-93523578,-114146202,70059038,缩量,低,情绪退潮,观望,资金撤退型,,D,回避：资金撤退,-0.2
000790,华神科技,4.25,131.1,0.67,76.7,2.7,21133952,19591222,27401899,-17438501,-18309693,14450594,放量,低,游资情绪,观望,资金观望型,,D,回避：资金观望,8.9
000791,甘肃能源,7.13,-61.6,0.5,59.0,-6.09,-45455760,-28504877,-38519858,-4400067,-836019,5063808,缩量,低,情绪退潮,观望,资金观望型,,D,回避：资金观望,-2.0
000795,英洛华,8.32,-50.4,1.6,-34.1,0.66,2984639,-32042260,-98018735,-10452197,-10058046,7545187,缩量,低,情绪退潮,观望,资金观望型,,D,回避：资金观望,0.2
000798,中水渔业,10.09,198.3,0.54,-8.4,0.21,2828833,-16677649,150405140,-14196805,-11058413,13093829,放量,低,游资情绪,观望,长线吸筹型,,D,回避：资金观望,8.1
000789,万年青,4.18,158.7,0.7,-12.7,-1.56,-1977175,18921432,43391263,7847256,4299218,-5946092,放量,低,游资情绪,抢筹,高位分歧型,机构吸筹+盈利(关注),C,谨慎：资金流入未验证业绩,47.5
000802,北京文化,3.89,10.2,2.14,-59.8,-0.21,-2124037,-33983881,-134126734,-1926772,-9199155,-5144330,缩量,低,情绪退潮,观望,资金撤退型,,D,回避：资金撤退,-0.1
000797,中国武夷,2.68,161.6,0.63,3.9,2.94,22480512,16509367,70686605,12713215,1788999,-6057826,放量,低,游资情绪,进场,资金观望型,纯资金炒作(亏损风险),C,谨慎：纯资金炒作,21.0
000801,四川九洲,11.87,-50.6,0.77,-53.0,-0.06,-334116,-45789542,-103136216,-16193470,-11077030,12329512,缩量,低,情绪退潮,观望,资金撤退型,,D,回避：资金撤退,-0.0
000803,山高环能,7.09,-47.6,0.48,-4.4,-0.79,-2620918,-7943732,-12395484,3235149,-832668,-3116685,缩量,低,情绪退潮,观望,资金撤退型,,D,回避：资金撤退,-0.3
000807,云铝股份,26.58,-62.7,1.29,-29.9,-1.43,-92922894,42468905,303757304,-23084050,-78843792,-54502579,缩量,低,情绪退潮,观望,资金观望型,,D,回避：资金观望,-0.5
000810,创维数字,9.51,-62.0,1.24,35.0,-2.89,-19716188,8495964,-26595120,-19111189,-12283869,14386604,缩量,低,情绪退潮,观望,资金观望型,,D,回避：资金观望,-1.0
000799,酒鬼酒,37.68,-50.0,1.57,-22.4,-0.08,-670452,-122724432,-129635847,-7215589,4743804,-664529,缩量,低,情绪退潮,吸筹,资金撤退型,纯资金炒作(亏损风险),C,谨慎：纯资金炒作,4.0
000816,智慧农业,2.88,202.2,0.73,-41.4,-4.66,-35547834,-21945067,111328051,13527531,5144386,-36980343,放量,低,游资情绪,观望,长线吸筹型,,D,回避：资金观望,6.4
000813,德展健康,3.23,-21.8,0.8,-60.5,-1.18,-5969289,-67672942,69928858,-2652031,2238216,4402284,缩量,低,情绪退潮,观望,长线吸筹型,,D,回避：资金观望,-0.4
000800,一汽解放,5.93,-46.2,0.91,2.4,1.33,3577272,13647695,26123571,1722421,510944,-1348649,缩量,低,情绪退潮,进场,均衡流入型,资金+业绩共振(双击候选),B,关注：资金+业绩共振,72.4
000812,陕西金叶,3.67,155.0,0.82,63.3,3.58,28288107,71423694,70892824,-12470253,-6249746,12028784,放量,低,游资情绪,观望,趋势转多型,,D,回避：资金观望,9.2
000815,美利云,15.82,-42.6,0.75,-33.1,-0.11,-3706280,-119052707,-320248019,-10549188,18164653,8549277,缩量,低,情绪退潮,观望,资金撤退型,,D,回避：资金撤退,-0.0
000809,和展能源,3.35,41.7,0.49,91.4,8.32,37564668,44843377,30820479,-1932440,-2676795,-2016294,缩量,中,主力惜售,进场,短线抢筹型,纯资金炒作(亏损风险),C,谨慎：纯资金炒作,26.8
000811,冰轮环境,39.83,-52.1,1.92,-13.3,7.4,763638165,753585705,-18864816,-26095248,-2459328,40755774,缩量,中,主力惜售,进场,资金观望型,资金+业绩共振(双击候选),B,关注：资金+业绩共振,86.5
000820,神雾节能,3.58,-15.5,2.28,-23.9,-0.13,-301816,-2430531,-27002623,3572441,-1011475,-8957146,缩量,低,情绪退潮,观望,资金撤退型,,D,回避：资金撤退,-0.0
000818,航锦科技,12.01,-74.1,0.63,-0.8,2.98,26223289,-5069583,-57959207,-2163584,-2459942,1041613,缩量,低,情绪退潮,观望,资金观望型,,D,回避：资金观望,1.0
000825,太钢不锈,3.38,16.9,0.59,-10.9,0.53,2920022,-20491247,-64371431,-361068,-4706350,-4138825,缩量,低,情绪退潮,观望,资金观望型,,D,回避：资金观望,0.2
000822,山东海化,4.21,-42.0,0.39,-41.7,1.34,2483489,-9122599,-793549,911475,462453,-3453700,缩量,低,情绪退潮,进场,资金观望型,纯资金炒作(亏损风险),C,谨慎：纯资金炒作,12.4
000839,国安股份,2.82,-23.6,1.28,109.3,4.38,68122787,321157026,380446810,-22368108,-20710782,17518499,缩量,低,情绪退潮,观望,主力建仓型,,D,回避：资金观望,1.5
000831,中国稀土,53.63,-63.0,0.9,-29.7,1.56,83378759,-138586804,-400716201,-40649875,-19756139,30603042,缩量,低,情绪退潮,观望,资金观望型,,D,回避：资金观望,0.5
000833,粤桂股份,19.3,-19.7,0.33,-10.4,-1.85,-40103936,-258569816,-241298068,-63671181,-34328198,70119799,缩量,低,情绪退潮,观望,资金观望型,,D,回避：资金观望,-0.6
000823,超声电子,27.2,494.0,3.32,342.4,-1.65,-373068465,452474680,520020998,444989012,466593038,-263676781,放量,低,游资情绪,抢筹,资金观望型,机构吸筹+盈利(关注),C,谨慎：资金流入未验证业绩,47.5
000828,东莞控股,10.11,-22.8,0.79,-29.4,6.43,14741276,12082208,-10510407,-1655967,-3032030,1266028,缩量,中,主力惜售,进场,资金观望型,资金+业绩共振(双击候选),B,关注：资金+业绩共振,86.1
000852,石化机械,5.38,-15.4,0.67,-48.7,-3.11,-11544701,-63610581,75904320,-9526825,-7105194,-1034304,缩量,低,情绪退潮,观望,长线吸筹型,,D,回避：资金观望,-1.0
000830,鲁西化工,11.85,-59.1,0.57,-46.0,2.55,31884213,29810441,-75341053,1053678,-3099202,-7403356,缩量,低,情绪退潮,进场,资金观望型,资金+业绩共振(双击候选),B,关注：资金+业绩共振,72.8
000856,冀东装备,8.8,-16.0,0.29,-11.8,0.17,286731,5755889,28631474,-489501,-517712,91847,缩量,低,情绪退潮,观望,均衡流入型,,D,回避：资金观望,0.1
000829,天音控股,9.06,11.3,0.4,25.1,6.86,102628176,71753954,13559175,-10589570,-13861229,-12473203,缩量,中,主力惜售,进场,资金观望型,纯资金炒作(亏损风险),C,谨慎：纯资金炒作,26.3
000858,五 粮 液,70.34,-59.1,1.46,-40.5,-4.87,-265799608,-1242066804,-1833409367,31889662,-28899639,-18050493,缩量,低,情绪退潮,观望,资金撤退型,,D,回避：资金撤退,-1.6
000859,国风新材,9.35,-0.5,1.54,92.7,-3.82,-109306168,74979465,96931894,-16148615,-2219726,21604696,缩量,低,情绪退潮,观望,资金观望型,,D,回避：资金观望,-1.3
000860,顺鑫农业,10.44,-5.3,1.45,-25.2,0.35,1793958,-19620224,-19040235,-3285528,-203068,1340921,缩量,低,情绪退潮,观望,资金观望型,,D,回避：资金观望,0.1
000850,华茂股份,4.65,185.4,0.67,56.0,-6.87,-33212306,-42370803,-51409364,49204778,54112474,-25459203,放量,低,游资情绪,抢筹,资金撤退型,机构吸筹+盈利(关注),C,谨慎：资金流入未验证业绩,45.7
000848,承德露露,8.26,-20.0,0.5,-42.8,-0.41,-1575160,-13706574,-56502754,10257075,13979129,-6429181,缩量,低,情绪退潮,吸筹,资金撤退型,机构吸筹+盈利(关注),C,谨慎：资金流入未验证业绩,23.9
000862,银星能源,5.26,-54.4,0.76,136.0,-5.61,-31263579,-4206670,-7310217,-7777458,-4765305,11984316,缩量,低,情绪退潮,观望,资金观望型,,D,回避：资金观望,-1.9
000863,三湘印象,4.45,33.2,0.58,33.2,0.27,1308155,47439791,31197118,-9161679,-8224489,10615214,缩量,低,情绪退潮,观望,趋势转多型,,D,回避：资金观望,0.1
000876,新 希 望,7.03,-6.1,1.22,-42.3,-4.2,-60729812,-30305805,137145943,-33032801,-19971385,35193837,缩量,低,情绪退潮,观望,高位分歧型,,D,回避：资金观望,-1.4
000878,云南铜业,17.28,5.4,0.89,-25.1,2.13,80139860,-44527522,106632520,-8798422,-11009585,-25721224,缩量,低,情绪退潮,观望,资金观望型,,D,回避：资金观望,0.7
000875,电投绿能,4.72,-45.7,0.84,10.2,-1.62,-13870685,3280652,-81588748,-27908933,-23383786,17977459,缩量,低,情绪退潮,观望,资金观望型,,D,回避：资金观望,-0.5
000868,安凯客车,4.13,1013.9,0.89,625.4,5.26,75290486,95066191,95947101,76302517,84792937,-46551951,放量,中,主力偏强放量,抢筹,均衡流入型,纯资金炒作(亏损风险),C,谨慎：纯资金炒作,37.8
000881,中广核技,6.55,-48.4,0.98,-10.6,2.24,4755970,-17541482,-44039393,-4141768,-2523676,-1444391,缩量,低,情绪退潮,观望,资金观望型,,D,回避：资金观望,0.7
000883,湖北能源,4.36,-36.4,0.81,-5.7,0.77,4537730,-61545642,-80169937,-986699,217085,-5192404,缩量,低,情绪退潮,观望,资金观望型,,D,回避：资金观望,0.3
000869,张  裕Ａ,17.39,313.6,0.81,36.6,2.44,6044182,5912677,8050259,12550391,2350571,-4590474,放量,低,游资情绪,抢筹,资金观望型,资金+业绩共振(双击候选),B,关注：资金+业绩共振,88.8
000877,天山股份,3.94,531.4,0.88,35.2,1.07,5327663,13546483,8062452,65065902,50545445,-48396871,放量,低,游资情绪,抢筹,趋势转多型,纯资金炒作(亏损风险),C,谨慎：纯资金炒作,28.4
000882,华联股份,1.54,45.6,0.82,38.2,11.05,89585488,105723746,63722098,-1950295,-1972098,581694,缩量,高,主力控盘,控盘,短线抢筹型,控盘+亏损(警惕),C,谨慎：控盘但亏损,27.7
000880,潍柴重机,25.29,-22.0,0.44,25.5,5.11,151006435,72082450,99935624,-13412931,-8926382,20264393,缩量,中,主力惜售,进场,资金观望型,资金+业绩共振(双击候选),B,关注：资金+业绩共振,85.7
000888,峨眉山Ａ,9.34,-33.0,0.78,-35.8,-4.49,-18087450,-74466170,-52896158,1535400,876042,-2720760,缩量,低,情绪退潮,观望,资金观望型,,D,回避：资金观望,-1.5
000889,中嘉博创,3.74,-13.3,0.23,83.2,1.93,14572116,88814561,62240109,-6398983,-3173914,11304547,缩量,低,情绪退潮,观望,趋势转多型,,D,回避：资金观望,0.6
000890,法尔胜,7.42,21.5,0.09,-52.6,-4.18,-41408390,-79261049,192058112,3648029,-35976,4253935,缩量,低,情绪退潮,观望,长线吸筹型,,D,回避：资金观望,-1.4
000885,城发环境,11.79,-57.4,0.5,-16.9,0.74,939672,-15794705,-36171324,4381795,1409194,-1657074,缩量,低,情绪退潮,进场,资金观望型,资金+业绩共振(双击候选),B,关注：资金+业绩共振,72.2
000892,欢瑞世纪,4.55,45.7,1.09,-31.8,1.04,30644561,-71891318,81023218,-8595007,11302703,30747565,缩量,低,情绪退潮,观望,资金观望型,,D,回避：资金观望,0.3
000895,双汇发展,23.33,-53.8,1.06,-39.8,3.21,27731203,32031207,3955416,-2209122,-7764772,6693109,缩量,低,情绪退潮,观望,趋势转多型,,D,回避：资金观望,1.1
000893,亚钾国际,38.98,-55.2,0.99,-36.9,-2.11,-47424765,-102739801,-117616274,-19357123,-17895344,14929933,缩量,低,情绪退潮,观望,资金撤退型,,D,回避：资金撤退,-0.7
000887,中鼎股份,19.8,-65.5,2.09,-34.8,7.06,160937906,-62713627,-190350471,117794,-5411829,-11954225,缩量,中,主力惜售,进场,资金观望型,资金+业绩共振(双击候选),B,关注：资金+业绩共振,86.4
000898,鞍钢股份,2.01,45.5,1.1,-19.7,-0.96,-3654763,1021856,-417344,8984614,6471633,-10718086,缩量,低,情绪退潮,观望,资金观望型,,D,回避：资金观望,-0.3
000899,赣能股份,9.1,-57.3,0.73,107.7,-6.18,-30770722,-26048881,-49235539,-9836866,-5269032,4020981,缩量,低,情绪退潮,观望,资金观望型,,D,回避：资金观望,-2.1
000901,航天科技,14.05,-64.4,0.43,-10.3,1.32,9658218,-21309431,-75641244,-10105834,-6400471,2378015,缩量,低,情绪退潮,观望,资金观望型,,D,回避：资金观望,0.4
000902,新洋丰,13.81,-66.5,0.7,-48.5,-3.79,-15039763,-42184520,-27187012,-11406621,-8637323,-8019580,缩量,低,情绪退潮,观望,资金观望型,,D,回避：资金观望,-1.3
000908,石药景峰,6.02,-75.5,2.45,-16.4,-6.18,-22339671,-22659837,-42694331,-4529122,-5985529,4274325,缩量,低,情绪退潮,观望,资金撤退型,,D,回避：资金撤退,-2.1
000905,厦门港务,8.92,154.2,0.78,45.0,1.85,19444210,16530922,20935743,-43037581,-36811086,22863113,放量,低,游资情绪,观望,资金观望型,,D,回避：资金观望,8.6
000912,泸天化,4.0,193.2,0.11,-26.7,-2.25,-26031970,-124627412,-7667364,-3541190,-166096,9314221,放量,低,游资情绪,观望,长线吸筹型,,D,回避：资金观望,7.2
000897,津滨发展,1.9,87.5,0.73,-1.3,0.56,2118594,12135732,11762084,1005563,-3458610,-8064046,放量,低,游资情绪,进场,趋势转多型,纯资金炒作(亏损风险),C,谨慎：纯资金炒作,20.2
000913,钱江摩托,10.66,-48.7,0.81,-32.2,1.17,1882380,-720704,-9544486,-5100469,-4290882,-265472,缩量,低,情绪退潮,观望,资金观望型,,D,回避：资金观望,0.4
000900,现代投资,3.56,-15.7,0.62,-18.9,2.51,4139157,5919444,-12814953,8660891,8827925,-2787264,缩量,低,情绪退潮,吸筹,趋势转多型,资金+业绩共振(双击候选),B,关注：资金+业绩共振,64.8
000915,华特达因,24.22,-49.6,0.39,18.0,1.06,2263793,716231,-61666487,-1581786,-1135994,1177112,缩量,低,情绪退潮,观望,资金观望型,,D,回避：资金观望,0.4
000917,电广传媒,6.93,-29.1,0.44,-58.8,2.95,20983700,-28450631,-83224810,-15465398,-11048620,18855647,缩量,低,情绪退潮,观望,资金观望型,,D,回避：资金观望,1.0
000906,浙商中拓,6.14,1.0,0.15,-27.9,5.93,14807047,-26084866,-33547545,-5472662,-4976762,2829038,缩量,中,主力惜售,进场,资金观望型,资金+业绩共振(双击候选),B,关注：资金+业绩共振,86.0
000919,金陵药业,6.49,-20.2,0.44,-27.4,-5.29,-17584749,-30198079,-72505636,5249152,3111475,-3407364,缩量,低,情绪退潮,观望,资金撤退型,,D,回避：资金撤退,-1.8
000910,大亚圣象,7.58,751.4,0.66,382.0,5.8,56650935,51745251,50499390,17997585,23954800,-9576645,放量,中,主力偏强放量,抢筹,资金观望型,资金+业绩共振(双击候选),B,关注：资金+业绩共振,97.9
000925,众合科技,8.02,-63.2,0.22,-61.2,-7.14,-50036558,-115610840,-94056083,-12887209,-4987573,10971075,缩量,低,情绪退潮,观望,资金观望型,,D,回避：资金观望,-2.4
000931,中 关 村,4.57,127.8,0.54,-77.4,-1.17,-5136222,-19181201,-16472159,-12816717,-6999477,14030288,放量,低,游资情绪,观望,资金观望型,,D,回避：资金观望,7.6
000929,兰州黄河,9.2,-16.2,1.24,-19.7,-0.42,-627130,-11342779,-6462208,-2416410,941533,1481348,缩量,低,情绪退潮,观望,资金观望型,,D,回避：资金观望,-0.1
000921,海信家电,26.47,-59.8,1.13,50.1,4.76,52666790,391798911,338458427,3509345,3227651,-6120216,缩量,低,情绪退潮,进场,趋势转多型,资金+业绩共振(双击候选),B,关注：资金+业绩共振,73.6
000927,中国铁物,2.44,-12.0,0.46,-14.9,2.0,9031545,8676479,-57311383,-807250,1830119,-2709000,缩量,低,情绪退潮,观望,资金观望型,,D,回避：资金观望,0.7
000930,中粮科技,5.42,300.8,0.54,213.2,-3.65,-77522585,-187356478,-92998360,-6139905,-6642520,3619341,放量,低,游资情绪,观望,资金观望型,,D,回避：资金观望,6.8
000922,佳电股份,12.32,-61.2,1.01,-24.3,2.21,9654496,9781284,-10130430,7381238,7605517,-4397024,缩量,低,情绪退潮,吸筹,趋势转多型,资金+业绩共振(双击候选),B,关注：资金+业绩共振,64.7
000923,河钢资源,16.36,-19.1,0.94,-11.7,2.54,25658036,72670527,191855061,326020,249506,-7052361,缩量,低,情绪退潮,进场,主力建仓型,资金+业绩共振(双击候选),B,关注：资金+业绩共振,72.8
000933,神火股份,26.12,-64.5,1.29,-21.3,-1.15,-44633637,-34028928,-63002356,-65839188,-56107075,41096415,缩量,低,情绪退潮,观望,资金观望型,,D,回避：资金观望,-0.4
000935,四川双马,20.6,-54.9,1.13,17.5,2.87,14251457,45903988,58255464,-3379882,-293997,-51059,缩量,低,情绪退潮,观望,主力建仓型,,D,回避：资金观望,1.0
000926,福星股份,2.19,109.5,0.83,-15.8,-3.67,-15544084,-29215534,-65125728,23082363,17866034,-13011321,放量,低,游资情绪,抢筹,资金撤退型,纯资金炒作(亏损风险),C,谨慎：纯资金炒作,26.8
000928,中钢国际,5.36,-15.0,0.39,-42.2,5.29,20991938,-75886415,20157079,1671609,1622783,-5686082,缩量,中,主力惜售,进场,资金观望型,资金+业绩共振(双击候选),B,关注：资金+业绩共振,85.8
000938,紫光股份,33.66,-76.5,1.99,-43.2,-0.73,-149310773,-1087562020,-3106820608,-141767467,-34479940,116964940,缩量,低,情绪退潮,观望,资金撤退型,,D,回避：资金撤退,-0.2
000932,华菱钢铁,3.54,-33.6,1.0,-23.7,5.34,64046676,51316497,43818846,13392754,12634732,-12826331,缩量,中,主力惜售,进场,资金观望型,资金+业绩共振(双击候选),B,关注：资金+业绩共振,85.8
000948,南天信息,13.38,-66.6,3.8,-40.0,0.21,961783,-11164544,-92578080,-4381116,-1816692,3533874,缩量,低,情绪退潮,观望,资金观望型,,D,回避：资金观望,0.1
000949,新乡化纤,6.94,-53.5,0.75,-29.9,-1.06,-12704158,-57771244,-257477178,-406380,-7625256,-10876043,缩量,低,情绪退潮,观望,资金撤退型,,D,回避：资金撤退,-0.4
000951,中国重汽,20.26,-38.8,0.52,-45.8,-1.04,-8382433,-72608141,11419708,7771972,4295629,-23239733,缩量,低,情绪退潮,观望,长线吸筹型,,D,回避：资金观望,-0.3
000936,华西股份,5.54,66.0,0.2,-32.9,1.2,7568388,-7922491,-71065274,9495448,4500945,-15682959,放量,低,游资情绪,抢筹,资金观望型,资金+业绩共振(双击候选),B,关注：资金+业绩共振,88.4
000937,冀中能源,4.39,34.5,0.78,-18.1,6.82,51485035,-173432,-113507551,-12259129,-7522695,-3848606,缩量,中,主力惜售,进场,资金观望型,资金+业绩共振(双击候选),B,关注：资金+业绩共振,86.3
000952,广济药业,6.56,-5.1,0.31,-9.1,-2.03,-4218316,-5229138,-8729663,-969090,-1155719,-4879960,缩量,低,情绪退潮,观望,资金撤退型,,D,回避：资金撤退,-0.7
000953,中哲精化,6.08,-9.8,0.52,-10.0,-3.4,-7452870,-10931347,-8945665,-1171305,-1659344,-3192343,缩量,低,情绪退潮,观望,资金观望型,,D,回避：资金观望,-1.1
000955,欣龙控股,3.96,-10.0,1.01,19.8,-5.7,-14356840,-20232281,-26233834,-3813461,-2289713,-3364250,缩量,低,情绪退潮,观望,资金撤退型,,D,回避：资金撤退,-1.9
000957,中通客车,9.85,22.0,0.35,1.9,-5.13,-30434641,-17084486,29159477,-2464324,-1755755,6208176,缩量,低,情绪退潮,观望,高位分歧型,,D,回避：资金观望,-1.7
000959,首钢股份,3.47,-52.9,0.95,-40.1,-0.11,-382528,-1646111,-18889146,80899,481013,-2227718,缩量,低,情绪退潮,观望,资金撤退型,,D,回避：资金撤退,-0.0
000958,电投产融,5.03,-62.2,0.56,9.8,-3.36,-8943363,-23895698,-45695260,-10137050,-9416704,7438867,缩量,低,情绪退潮,观望,资金撤退型,,D,回避：资金撤退,-1.1
000960,锡业股份,33.28,-74.5,0.92,-27.4,0.91,35086233,-69114063,-270792859,-8903366,-18351743,33575177,缩量,低,情绪退潮,观望,资金观望型,,D,回避：资金观望,0.3
000950,重药控股,5.22,-63.5,0.84,-40.2,0.19,790697,-14662438,-59431064,1857329,3711755,-2572865,缩量,低,情绪退潮,吸筹,资金观望型,资金+业绩共振(双击候选),B,关注：资金+业绩共振,64.1
000962,东方钽业,61.04,-51.6,2.11,8.8,-0.38,-25427586,110568568,186803712,-34661579,1032424,18382918,缩量,低,情绪退潮,观望,资金观望型,,D,回避：资金观望,-0.1
000963,华东医药,26.5,-74.8,1.41,-30.4,-2.47,-36513451,-194358632,-410416559,-12003700,-4866336,8777117,缩量,低,情绪退潮,观望,资金撤退型,,D,回避：资金撤退,-0.8
000965,天保基建,3.37,157.1,0.56,-60.1,-0.08,-382712,-8009691,59674612,3632806,-352561,-1682876,放量,低,游资情绪,观望,长线吸筹型,,D,回避：资金观望,8.0
000966,长源电力,3.9,-26.3,0.61,43.4,-2.06,-15976962,-6703494,7274234,-15440685,-11029959,14820518,缩量,低,情绪退潮,观望,资金观望型,,D,回避：资金观望,-0.7
000967,盈峰环境,8.1,-62.1,0.33,-28.6,3.69,79405600,115033317,149586501,-13851615,-2181584,20374545,缩量,低,情绪退潮,观望,均衡流入型,,D,回避：资金观望,1.2
000969,安泰科技,17.42,-67.4,1.54,-34.8,-3.12,-40065726,-96069420,-148731925,286710,3657021,3727718,缩量,低,情绪退潮,观望,资金撤退型,,D,回避：资金撤退,-1.0
000975,山金国际,24.28,-67.3,1.78,-26.1,-2.79,-143437178,-132821314,-677193061,8940651,15577794,12079832,缩量,低,情绪退潮,观望,资金观望型,,D,回避：资金观望,-0.9
000968,蓝焰控股,6.85,-57.3,0.6,-16.2,-0.78,-5257335,-30090137,-45444092,-4010952,-8463428,-4550796,缩量,低,情绪退潮,观望,资金撤退型,,D,回避：资金撤退,-0.3
000970,中科三环,11.57,-86.9,5.65,-31.7,-0.83,-8997252,-128224408,-202758513,-14091018,-10158973,949012,缩量,低,情绪退潮,观望,资金撤退型,,D,回避：资金撤退,-0.3
000972,中基健康,4.07,90.9,0.67,132.8,-3.53,-12538911,-44843744,-72409073,1216997,-547073,-821343,放量,低,游资情绪,观望,资金撤退型,,D,回避：资金撤退,6.8
000973,佛塑科技,11.76,-61.4,0.33,-35.7,-4.36,-77040064,-118951617,-550638227,-27884675,-18518919,37438675,缩量,低,情绪退潮,观望,资金撤退型,,D,回避：资金撤退,-1.5
000977,浪潮信息,71.27,-72.2,1.75,-52.9,0.02,4337987,-1007490195,-3425187209,-291731872,-212814716,324813413,缩量,低,情绪退潮,观望,资金观望型,,D,回避：资金观望,0.0
000980,众泰汽车,2.2,382.1,0.58,377.4,0.58,31988615,-70583409,18823552,-47690940,-29468839,53206933,放量,低,游资情绪,观望,资金观望型,,D,回避：资金观望,8.2
000978,桂林旅游,8.79,2047.0,0.36,329.9,-3.43,-195643722,-317464952,-93196826,80804216,45415026,-98523188,放量,低,游资情绪,观望,资金观望型,,D,回避：资金观望,6.9
000981,山子高科,2.81,111.2,0.78,253.5,-0.37,-40109830,351686328,481790335,-225329578,-208397360,144873339,放量,低,游资情绪,观望,资金观望型,,D,回避：资金观望,7.9
000983,山西焦煤,6.49,-38.6,0.72,-42.6,1.57,26999743,38341247,-163616590,-8109215,-13522816,12492504,缩量,低,情绪退潮,观望,趋势转多型,,D,回避：资金观望,0.5
000985,大庆华科,17.33,32.1,0.71,-57.9,2.0,3045628,-923844,4638912,-5653710,-5007184,2705468,缩量,低,情绪退潮,观望,资金观望型,,D,回避：资金观望,0.7
000987,越秀资本,7.41,-62.4,0.66,-32.7,-3.4,-22620861,-27765890,-196327074,-6920235,-6380622,6980551,缩量,低,情绪退潮,观望,资金撤退型,,D,回避：资金撤退,-1.1
000988,华工科技,106.06,-62.7,0.81,15.2,2.79,688411718,1592159296,-221095050,-124086987,-126347692,74131935,缩量,低,情绪退潮,观望,趋势转多型,,D,回避：资金观望,0.9
000990,诚志股份,6.44,-58.7,0.37,-32.0,-2.45,-22123010,-83613325,-161126819,-9161157,-6924153,-2686347,缩量,低,情绪退潮,观望,资金撤退型,,D,回避：资金撤退,-0.8
000989,九芝堂,8.67,-72.8,1.9,-30.2,-2.89,-16121531,-66932780,-77015918,-14937368,-13714378,9292831,缩量,低,情绪退潮,观望,资金撤退型,,D,回避：资金撤退,-1.0
000993,闽东电力,18.82,550.8,0.47,887.3,1.41,117345494,286684589,289415325,-53038316,-56020112,62141676,放量,低,游资情绪,观望,均衡流入型,,D,回避：资金观望,8.5
000998,隆平高科,8.89,68.6,0.54,-43.4,-1.94,-40351217,-164931914,101808062,-24071704,-10420089,33597336,放量,低,游资情绪,观望,长线吸筹型,,D,回避：资金观望,7.4
000997,新 大 陆,19.7,-57.8,1.18,-62.0,-1.8,-21959759,-88166389,-50970756,-5850894,-3566903,9624535,缩量,低,情绪退潮,观望,资金观望型,,D,回避：资金观望,-0.6
001201,东瑞股份,16.02,427.3,0.55,96.0,2.79,29643016,41794678,39734212,-7716850,1819285,16764538,放量,低,游资情绪,观望,趋势转多型,,D,回避：资金观望,8.9
001202,炬申股份,15.04,-44.0,1.67,-10.4,-3.27,-6427499,-6988570,-1783605,-2886128,-3259179,2300516,缩量,低,情绪退潮,观望,资金观望型,,D,回避：资金观望,-1.1
001203,大中矿业,23.58,-45.5,0.4,-18.2,-4.07,-68336671,-149165541,-94094761,-34021881,4103871,17304134,缩量,低,情绪退潮,观望,资金观望型,,D,回避：资金观望,-1.4
001206,依依股份,17.04,-82.6,3.36,-18.0,-0.06,-161188,-1884483,-13661222,-800584,1097796,3593176,缩量,低,情绪退潮,观望,资金撤退型,,D,回避：资金撤退,-0.0
001207,联科科技,18.21,-11.2,0.71,15.7,2.07,10469931,-2586314,1563085,-6327814,-1844801,2103613,缩量,低,情绪退潮,观望,资金观望型,,D,回避：资金观望,0.7
000995,皇台酒业,11.81,209.4,0.72,40.3,5.55,45446986,38000232,41100652,8328956,5657040,-20736852,放量,中,主力偏强放量,进场,资金观望型,资金+业绩共振(双击候选),B,关注：资金+业绩共振,89.8
000999,华润三九,23.76,-61.3,0.91,-19.1,0.41,3339839,-11896292,1720839,3514783,9522807,2416133,缩量,低,情绪退潮,进场,资金观望型,资金+业绩共振(双击候选),B,关注：资金+业绩共振,72.1
001208,华菱线缆,13.48,-50.8,0.81,-16.3,-1.11,-10683333,-75052742,-108645249,-11679271,-6225585,2097381,缩量,低,情绪退潮,观望,资金撤退型,,D,回避：资金撤退,-0.4
001210,金房能源,29.1,-26.7,1.57,-48.9,-3.53,-22674507,-15626075,1078529,-3051034,-7468609,-1787320,缩量,低,情绪退潮,观望,资金观望型,,D,回避：资金观望,-1.2
001205,盛航股份,14.52,-49.2,0.96,-0.5,-1.52,-3773073,-16469632,-16691048,-122279,593606,-477089,缩量,低,情绪退潮,吸筹,资金撤退型,机构吸筹+盈利(关注),C,谨慎：资金流入未验证业绩,23.5
001215,千味央厨,33.71,-6.7,0.23,37.6,3.35,12210187,9646488,-8771298,-3306190,3337574,7138149,缩量,低,情绪退潮,观望,资金观望型,,D,回避：资金观望,1.1
001216,华瓷股份,28.31,3321.5,0.7,768.0,-1.05,-29097744,3245214,3247981,-140767361,-84886675,148678811,放量,低,游资情绪,观望,资金观望型,,D,回避：资金观望,7.7
001219,青岛食品,12.75,-41.8,0.27,-27.5,-0.07,-66734,-7302264,-10767605,-314703,753786,1215990,缩量,低,情绪退潮,观望,资金撤退型,,D,回避：资金撤退,-0.0
001209,洪兴股份,19.08,164.1,0.26,225.6,0.06,726759,-1047847,-9029071,1214595,97560,-4402058,放量,低,游资情绪,进场,资金观望型,资金+业绩共振(双击候选),B,关注：资金+业绩共振,80.0
001212,中旗新材,38.83,40.5,0.58,133.6,6.83,104683244,165822220,167468773,29215244,10328705,-46041407,缩量,中,主力惜售,进场,主力强攻型,纯资金炒作(亏损风险),C,谨慎：纯资金炒作,26.3
001218,丽臣实业,24.18,-53.4,1.07,1.6,-0.06,-111979,-1773921,-11372474,195742,0,-1321601,缩量,低,情绪退潮,观望,资金撤退型,,D,回避：资金撤退,-0.0
001211,双枪科技,26.06,36.3,0.28,64.1,5.41,50603072,50770698,11398532,6238028,3851052,-4359630,缩量,中,主力惜售,进场,趋势转多型,资金+业绩共振(双击候选),B,关注：资金+业绩共振,85.8
001220,世盟股份,31.95,13.5,0.21,33.8,2.43,4583833,8103430,2857656,-744680,-266471,1977681,缩量,低,情绪退潮,观望,趋势转多型,,D,回避：资金观望,0.8
001213,中铁特货,3.49,-61.2,0.87,-24.5,7.72,6572543,961563,-3399000,-2363102,0,810138,缩量,中,主力惜售,进场,资金观望型,资金+业绩共振(双击候选),B,关注：资金+业绩共振,86.6
001223,欧克科技,44.56,-10.7,1.23,108.6,2.27,17136196,79673417,71808377,-4595163,-2757507,-2102789,缩量,低,情绪退潮,观望,趋势转多型,,D,回避：资金观望,0.8
001222,源飞宠物,15.75,-22.5,1.6,-17.8,2.48,13780486,4787646,71788006,-2822253,-1831963,4160694,缩量,低,情绪退潮,观望,资金观望型,,D,回避：资金观望,0.8
001217,华尔泰,11.0,6.7,0.9,-22.8,3.96,8420525,894386,-2649343,358542,-888633,9036639,缩量,低,情绪退潮,进场,资金观望型,纯资金炒作(亏损风险),C,谨慎：纯资金炒作,13.3
001225,和泰机电,37.03,35.8,1.19,24.7,-0.21,-807287,-6126275,-8488026,91845,1684252,1944525,缩量,低,情绪退潮,观望,资金撤退型,,D,回避：资金撤退,-0.1
001226,拓山重工,46.5,12.0,0.69,-1.4,-4.63,-8689113,-10598119,-22950308,3676413,-911582,-6185900,缩量,低,情绪退潮,观望,资金撤退型,,D,回避：资金撤退,-1.5
001221,悍高集团,35.8,-34.0,0.64,-54.4,1.51,6196003,-9547058,21238895,10318242,4763421,-11439319,缩量,低,情绪退潮,进场,长线吸筹型,资金+业绩共振(双击候选),B,关注：资金+业绩共振,72.5
001230,劲旅环境,19.35,-67.9,2.02,-54.8,1.81,6544615,-12088407,-92232718,-1773614,-655525,2597632,缩量,低,情绪退潮,观望,资金观望型,,D,回避：资金观望,0.6
001231,农心科技,22.77,6.0,0.39,-7.7,0.72,1641646,1478288,9753187,-680038,0,-741982,缩量,低,情绪退潮,观望,资金观望型,,D,回避：资金观望,0.2
001227,兰州银行,2.1,-53.5,1.37,-13.8,6.58,32196679,81596775,59627091,10295378,9081998,-13612440,缩量,中,主力惜售,进场,短线抢筹型,资金+业绩共振(双击候选),B,关注：资金+业绩共振,86.2
001228,永泰运,37.35,455.1,0.51,47.5,5.19,27386010,44626439,11470427,4193965,-975790,-6785574,放量,中,主力偏强放量,进场,短线抢筹型,资金+业绩共振(双击候选),B,关注：资金+业绩共振,89.7
001229,魅视科技,39.15,-57.4,4.92,-11.2,5.73,54752137,39541407,91984940,-2356962,-702168,12140295,缩量,中,主力惜售,进场,资金观望型,资金+业绩共振(双击候选),B,关注：资金+业绩共振,85.9
001239,永达股份,12.08,-39.1,0.86,25.4,2.84,2701015,2617431,3433793,-2129073,-1501740,-227498,缩量,低,情绪退潮,观望,资金观望型,,D,回避：资金观望,0.9
001255,博菲电气,27.0,-45.1,0.59,-12.6,3.31,3903473,1890374,-3670456,-369970,0,1023422,缩量,低,情绪退潮,观望,资金观望型,,D,回避：资金观望,1.1
001233,海安集团,46.01,11.6,0.56,116.9,2.42,20848761,22808914,8464170,6982250,4454561,-7536838,缩量,低,情绪退潮,进场,趋势转多型,资金+业绩共振(双击候选),B,关注：资金+业绩共振,72.8
001234,泰慕士,32.18,187.7,0.06,97.3,15.74,63756986,59377422,49723796,25304099,34416510,-9513373,放量,高,主力主导放量🔥(最强),抢筹,资金观望型,资金+业绩共振(双击候选),A,金股候选：资金强攻+业绩共振,105
001236,弘业期货,7.79,-7.7,0.75,-38.2,0.08,271644,-13765572,-18240213,1304850,2526201,-2032006,缩量,低,情绪退潮,吸筹,资金观望型,资金+业绩共振(双击候选),B,关注：资金+业绩共振,64.0
001238,浙江正特,26.42,137.5,0.88,117.5,5.15,12911830,13551126,12226362,-359650,-20808,741991,放量,中,主力偏强放量,进场,趋势转多型,资金+业绩共振(双击候选),B,关注：资金+业绩共振,89.7
001257,盛龙股份,22.84,-70.1,1.27,-36.4,-3.76,-29366559,-84745215,-181141016,-34324075,-23074369,27779443,缩量,低,情绪退潮,观望,资金撤退型,,D,回避：资金撤退,-1.3
001258,立新能源,10.62,-7.0,4.6,-46.2,1.44,54281009,45085022,463163182,-60260645,-48011623,102059144,缩量,低,情绪退潮,观望,长线吸筹型,,D,回避：资金观望,0.5
001259,利仁科技,46.0,8.0,1.29,8.2,2.52,9055533,13986685,22580592,-5507499,-4895527,1066318,缩量,低,情绪退潮,观望,均衡流入型,,D,回避：资金观望,0.8
001267,汇绿生态,37.81,-41.1,0.35,-18.0,4.19,238505940,104891922,40421930,-2597270,-18612586,5915319,缩量,低,情绪退潮,观望,资金观望型,,D,回避：资金观望,1.4
001256,炜冈科技,22.21,-75.1,1.58,-39.0,0.74,1269085,2820038,15930449,2353730,2470132,-2898227,缩量,低,情绪退潮,进场,长线吸筹型,资金+业绩共振(双击候选),B,关注：资金+业绩共振,72.2
001270,铖昌科技,99.19,-78.9,1.5,4.3,-2.78,-73814256,3270008,-114135258,-20116743,-6245546,25785011,缩量,低,情绪退潮,观望,资金观望型,,D,回避：资金观望,-0.9
001277,速达股份,30.63,0.2,0.49,-68.3,-0.59,-1096088,-10411317,-51389719,88050,308476,-803814,缩量,低,情绪退潮,观望,资金撤退型,,D,回避：资金撤退,-0.2
001278,一彬科技,16.71,14.6,0.41,-48.9,-6.47,-16866286,-29499544,-26298613,-534549,-112105,3578143,缩量,低,情绪退潮,观望,资金观望型,,D,回避：资金观望,-2.2
001280,中国铀业,62.92,-79.2,0.62,-35.8,-2.81,-27449642,-53823494,-183690505,-5145379,-3464911,1737019,缩量,低,情绪退潮,观望,资金撤退型,,D,回避：资金撤退,-0.9
001260,坤泰股份,19.28,866.9,0.44,32.3,5.88,23661394,21134168,11088359,-1347321,73207,-11384482,放量,中,主力偏强放量,进场,资金观望型,资金+业绩共振(双击候选),B,关注：资金+业绩共振,90.0
001266,宏英智能,37.62,223.0,0.61,34.5,6.75,60901291,54929561,69043508,15713659,8603466,-37384312,放量,中,主力偏强放量,进场,资金观望型,资金+业绩共振(双击候选),B,关注：资金+业绩共振,90.2
001283,豪鹏科技,47.57,-3.7,0.35,-21.1,-0.72,-6069672,-43807175,21003924,-11597558,-8961955,2484499,缩量,低,情绪退潮,观望,长线吸筹型,,D,回避：资金观望,-0.2
001268,联合精密,27.17,377.4,0.57,-30.9,5.33,40898739,30622683,55186651,18495158,15128186,-25349056,放量,中,主力偏强放量,抢筹,资金观望型,资金+业绩共振(双击候选),B,关注：资金+业绩共振,97.8
001269,欧晶科技,19.49,-49.5,1.81,19.3,-0.25,-493165,426655,6558099,1621920,1860308,-974645,缩量,低,情绪退潮,吸筹,资金观望型,纯资金炒作(亏损风险),C,谨慎：纯资金炒作,3.9
001286,陕西能源,9.43,-39.3,0.91,-9.0,3.48,22748432,131119171,154473561,-591901,-3746770,-4484856,缩量,低,情绪退潮,观望,主力建仓型,,D,回避：资金观望,1.2
001279,强邦新材,26.43,-40.2,0.86,-38.9,7.42,6812559,13770357,19206196,-501764,0,3728606,缩量,中,主力惜售,进场,主力强攻型,资金+业绩共振(双击候选),B,关注：资金+业绩共振,86.5
001282,三联锻造,16.52,50.2,0.7,58.8,5.05,20190499,25386852,19365103,-7090124,-10010306,7067569,放量,中,主力偏强放量,进场,短线抢筹型,资金+业绩共振(双击候选),B,关注：资金+业绩共振,89.7
001289,龙源电力,14.99,-69.2,0.58,-16.6,-9.74,-25818053,-29725075,-28478226,2358745,570796,-5818277,缩量,低,情绪退潮,观望,资金观望型,,D,回避：资金观望,-3.2
001285,瑞立科密,42.78,-47.1,0.7,-56.7,2.95,4550047,-1216459,14233270,681168,-1244008,1681386,缩量,低,情绪退潮,进场,资金观望型,资金+业绩共振(双击候选),B,关注：资金+业绩共振,73.0
001299,美能能源,10.32,67.1,0.21,14.8,-0.56,-2926609,82528304,83095171,-394168,-745707,6252287,放量,低,游资情绪,观望,资金观望型,,D,回避：资金观望,7.8
001300,三柏硕,12.42,41.4,0.54,4.4,-8.29,-26933099,-35608697,-42223137,-4172521,-6058269,1957164,缩量,低,情绪退潮,观望,资金撤退型,,D,回避：资金撤退,-2.8
001296,长江材料,20.62,38.6,0.89,-42.2,-1.68,-5613148,-16718162,11989754,7080674,6239099,-7136548,缩量,低,情绪退潮,观望,长线吸筹型,,D,回避：资金观望,-0.6
001306,夏厦精密,56.82,4.9,0.79,136.7,-0.96,-4414876,-1414339,-139289,-4985893,-4111619,7451408,缩量,低,情绪退潮,观望,资金观望型,,D,回避：资金观望,-0.3
001298,好上好,17.13,-50.2,0.38,-57.6,-0.68,-3469139,-18418563,20477779,5162314,2169328,3813894,缩量,低,情绪退潮,观望,长线吸筹型,,D,回避：资金观望,-0.2
001287,中电港,25.2,-64.4,1.02,51.2,1.93,56701007,112847616,2699012,34703996,30171559,-18860245,缩量,低,情绪退潮,吸筹,趋势转多型,资金+业绩共振(双击候选),B,关注：资金+业绩共振,64.6
001301,尚太科技,48.63,-16.9,0.38,-23.6,-2.22,-24119390,-24283025,-100562631,8210488,242203,-20184761,缩量,低,情绪退潮,观望,资金撤退型,,D,回避：资金撤退,-0.7
001288,运机集团,33.69,140.3,1.27,-31.1,5.86,51716162,33800903,138336866,23945386,21326608,-29084593,放量,中,主力偏强放量,抢筹,资金观望型,资金+业绩共振(双击候选),B,关注：资金+业绩共振,98.0
001311,多利科技,17.14,-62.8,0.78,-31.8,-0.55,-1594880,-22906495,-30096495,-2959127,-1652216,3982964,缩量,低,情绪退潮,观望,资金撤退型,,D,回避：资金撤退,-0.2
001308,康冠科技,18.25,-51.7,2.05,-25.7,5.95,7894787,2482693,8138791,-2744018,-2686867,4580304,缩量,中,主力惜售,进场,资金观望型,资金+业绩共振(双击候选),B,关注：资金+业绩共振,86.0
001313,粤海饲料,7.46,-42.1,0.94,-37.2,-0.39,-1666518,-25584552,-85599548,-5064860,-1221310,5969327,缩量,低,情绪退潮,观望,资金撤退型,,D,回避：资金撤退,-0.1
001314,亿道信息,56.02,-50.3,1.0,-12.2,-4.31,-43293856,-54759361,-51607931,4388807,2893210,3316880,缩量,低,情绪退潮,观望,资金观望型,,D,回避：资金观望,-1.4
001309,德明利,410.32,-68.0,1.36,-17.8,0.54,115213118,-471823923,-559196994,72107920,9978038,-200439,缩量,低,情绪退潮,吸筹,资金观望型,资金+业绩共振(双击候选),B,关注：资金+业绩共振,64.2
001316,润贝航科,28.44,35.9,0.63,-23.7,-3.88,-22290009,-16443388,67490998,-5310851,-1989944,531559,缩量,低,情绪退潮,观望,长线吸筹型,,D,回避：资金观望,-1.3
001312,福恩股份,18.02,-30.1,0.15,82.7,2.24,7521974,8187957,4623411,2056653,1179971,-1904790,缩量,低,情绪退潮,进场,趋势转多型,资金+业绩共振(双击候选),B,关注：资金+业绩共振,72.7
001324,长青科技,21.18,74.4,0.7,-22.0,-1.54,-8255623,-7976343,6706524,-12366719,-8581686,12766481,放量,低,游资情绪,观望,资金观望型,,D,回避：资金观望,7.5
001319,铭科精技,22.03,-18.9,0.6,141.2,-6.2,-14505351,31445496,24291774,-2129103,158006,984589,缩量,低,情绪退潮,观望,资金观望型,,D,回避：资金观望,-2.1
001318,阳光乳业,11.7,-46.0,1.27,-44.8,-1.34,-1862380,-4426620,-10618899,-779581,-1007065,1843722,缩量,低,情绪退潮,观望,资金撤退型,,D,回避：资金撤退,-0.4
001325,元创股份,36.9,-14.0,0.18,-49.5,-3.97,-5423591,-14864296,-26581951,-6272008,-3384552,7132694,缩量,低,情绪退潮,观望,资金撤退型,,D,回避：资金撤退,-1.3
001328,登康口腔,29.76,-74.0,1.05,-48.4,-0.82,-922658,-373901,-15397194,-937980,-541007,-720810,缩量,低,情绪退潮,观望,资金观望型,,D,回避：资金观望,-0.3
001317,三羊马,59.36,108.8,1.37,47.5,10.22,233153292,209935940,195978135,-65693981,-64601810,49473017,放量,高,主力主导放量🔥(最强),进场,资金观望型,纯资金炒作(亏损风险),C,谨慎：纯资金炒作,35.4
001323,慕思股份,17.98,-23.7,3.17,-52.8,0.65,670790,-767522,-19775793,793052,0,-123535,缩量,低,情绪退潮,进场,资金观望型,资金+业绩共振(双击候选),B,关注：资金+业绩共振,72.2
001322,箭牌家居,6.71,531.5,0.92,67.2,5.48,19433598,18196618,24597414,1367437,-3078502,1988311,放量,中,主力偏强放量,进场,资金观望型,资金+业绩共振(双击候选),B,关注：资金+业绩共振,89.8
001332,锡装股份,27.49,-4.6,0.32,44.0,4.77,23941702,18959385,1169890,-19680,-1916458,-5849633,缩量,低,情绪退潮,观望,资金观望型,,D,回避：资金观望,1.6
001326,联域股份,107.0,589.3,1.11,73.4,-1.72,-39328612,2393252,61395453,13193563,32187733,4977178,放量,低,游资情绪,抢筹,资金观望型,机构吸筹+盈利(关注),C,谨慎：资金流入未验证业绩,47.4
001330,博纳影业,5.75,195.9,0.37,-45.5,-2.89,-79721421,-180754211,515324448,95513458,97911933,-61915315,放量,低,游资情绪,抢筹,长线吸筹型,纯资金炒作(亏损风险),C,谨慎：纯资金炒作,27.0
001337,四川黄金,48.73,-61.7,1.1,-51.0,-1.96,-47313682,-112241392,-588055376,-18030932,-26272798,17864538,缩量,低,情绪退潮,观望,资金撤退型,,D,回避：资金撤退,-0.7
001336,楚环科技,19.44,41.1,0.34,29.0,-0.77,-2367719,-886310,3146110,-896844,0,3365088,缩量,低,情绪退潮,观望,资金观望型,,D,回避：资金观望,-0.3
001339,智微智能,79.7,-72.4,0.64,-21.3,4.74,103393565,24653943,56138169,-12351536,-8339562,9633085,缩量,低,情绪退潮,观望,资金观望型,,D,回避：资金观望,1.6
001333,光华股份,20.6,126.6,0.56,-4.2,0.57,900605,-4784265,-8165722,3014796,-327126,-3888421,放量,低,游资情绪,进场,资金观望型,资金+业绩共振(双击候选),B,关注：资金+业绩共振,80.2
001331,胜通能源,42.78,-16.1,1.92,33.0,3.28,53559396,145884175,219468380,22617762,5740091,-14421928,缩量,低,情绪退潮,进场,主力建仓型,资金+业绩共振(双击候选),B,关注：资金+业绩共振,73.1
001356,富岭股份,9.46,6.6,0.98,-10.4,-1.26,-4548822,-20024645,-38015438,-2484661,-590817,3717305,缩量,低,情绪退潮,观望,资金撤退型,,D,回避：资金撤退,-0.4
001359,平安电工,92.15,-55.4,2.38,-14.0,0.63,7244336,4404792,-111360340,-9265556,-11568575,9029964,缩量,低,情绪退潮,观望,资金观望型,,D,回避：资金观望,0.2
001358,兴欣新材,24.73,-63.3,0.94,5.7,2.95,7530367,5402153,6162864,-6617674,-7151887,9303854,缩量,低,情绪退潮,观望,资金观望型,,D,回避：资金观望,1.0
001360,南矿集团,20.25,15.9,1.17,-9.3,0.3,2163920,-16243916,686380,-5693262,-5401236,1268540,缩量,低,情绪退潮,观望,资金观望型,,D,回避：资金观望,0.1
001367,海森药业,22.05,93.7,0.52,-21.5,-2.51,-5507370,-10934109,-31625365,2929161,836659,-2543666,放量,低,游资情绪,观望,资金撤退型,,D,回避：资金撤退,7.2
001338,永顺泰,9.18,137.4,0.27,-22.2,-2.99,-10660123,-34068983,-17850043,9205010,8347074,-18816347,放量,低,游资情绪,抢筹,资金观望型,机构吸筹+盈利(关注),C,谨慎：资金流入未验证业绩,47.0
001366,播恩集团,13.09,33.5,0.39,-39.0,-2.73,-9788473,-75147835,-14204757,-4228225,99036,4091231,缩量,低,情绪退潮,观望,长线吸筹型,,D,回避：资金观望,-0.9
001369,双欣材料,12.45,-71.8,0.81,-26.0,-3.07,-12135531,-33893620,-47703057,-2761471,-3530436,2937780,缩量,低,情绪退潮,观望,资金撤退型,,D,回避：资金撤退,-1.0
001373,翔腾新材,31.39,243.1,0.84,146.4,3.23,21219904,16440945,19262867,-2093648,-1138398,-6687888,放量,低,游资情绪,观望,资金观望型,,D,回避：资金观望,9.1
001378,德冠新材,23.48,24.6,2.17,273.7,-1.45,-20962196,-21081326,-28383703,-4110981,-2459716,13494368,缩量,低,情绪退潮,观望,资金撤退型,,D,回避：资金撤退,-0.5
001379,腾达科技,15.83,-46.9,0.6,-19.8,2.22,2120292,3661980,7884095,-279752,0,83663,缩量,低,情绪退潮,观望,均衡流入型,,D,回避：资金观望,0.7
001382,新亚电缆,16.42,-67.7,1.12,-37.7,1.19,1678384,-6233308,-23035158,-214268,240555,-1043445,缩量,低,情绪退潮,观望,资金观望型,,D,回避：资金观望,0.4
001387,雪祺电气,12.25,-6.6,0.98,3.0,-1.41,-2243700,281150,-1588789,2860648,501799,-4506349,缩量,低,情绪退潮,观望,资金观望型,,D,回避：资金观望,-0.5
001368,通达创智,37.53,926.5,0.42,125.5,-1.38,-14562739,-788394,16363137,36707769,34373473,-28815046,放量,低,游资情绪,抢筹,资金观望型,机构吸筹+盈利(关注),C,谨慎：资金流入未验证业绩,47.5
001388,信通电子,20.38,-69.7,3.92,29.8,-2.46,-9750780,-23728171,-36529437,1610590,1925615,1347258,缩量,低,情绪退潮,观望,资金撤退型,,D,回避：资金撤退,-0.8
001391,国货航,3.85,25.8,1.33,-0.7,-2.77,-14479085,-40613305,-47279381,-21574006,-13299314,27707921,缩量,低,情绪退潮,观望,资金撤退型,,D,回避：资金撤退,-0.9
001389,广合科技,192.25,122.3,0.88,104.8,2.37,342307516,512398584,890328360,-549532575,-519843887,459498301,放量,低,游资情绪,观望,均衡流入型,,D,回避：资金观望,8.8
001376,百通能源,12.42,116.2,1.38,35.4,6.33,105152214,86199930,151711655,3096889,2219645,-3379620,放量,中,主力偏强放量,进场,资金观望型,资金+业绩共振(双击候选),B,关注：资金+业绩共振,90.1
001395,亚联机械,30.95,-45.2,3.63,-26.2,-0.72,-1463875,-3696311,-1161949,4614596,661551,-3452219,缩量,低,情绪退潮,观望,资金观望型,,D,回避：资金观望,-0.2
001386,马可波罗,16.38,6.0,0.61,-17.3,2.97,9303096,6307025,24205450,5669595,5644166,-6381980,缩量,低,情绪退潮,进场,资金观望型,资金+业绩共振(双击候选),B,关注：资金+业绩共振,73.0
001380,华纬科技,18.82,-9.6,0.75,-6.6,5.25,8159725,11868404,6933067,2020493,756465,-1116653,缩量,中,主力惜售,进场,短线抢筹型,资金+业绩共振(双击候选),B,关注：资金+业绩共振,85.8
001396,誉帆科技,32.76,-59.4,0.34,-19.2,-1.34,-2173050,-4383978,-9891139,-189172,-536444,293799,缩量,低,情绪退潮,观望,资金撤退型,,D,回避：资金撤退,-0.4
001400,江顺科技,78.38,-20.1,0.55,-53.6,-1.82,-12041219,-32736395,-34104173,7804442,7318237,-11846485,缩量,低,情绪退潮,观望,资金撤退型,,D,回避：资金撤退,-0.6
001696,宗申动力,16.42,13.9,1.8,-36.5,-1.96,-56901196,-307811705,-220638372,87895399,57936004,-59898196,缩量,低,情绪退潮,观望,资金观望型,,D,回避：资金观望,-0.7
001390,古麒绒材,17.76,51.6,1.37,23.9,2.18,5473147,-5832794,-15655115,958533,1155157,-939488,放量,低,游资情绪,吸筹,资金观望型,资金+业绩共振(双击候选),B,关注：资金+业绩共振,72.7
001872,招商港口,22.81,-65.3,1.2,-35.1,2.22,5780514,5437030,-45699666,-723189,-636898,369123,缩量,低,情绪退潮,观望,资金观望型,,D,回避：资金观望,0.7
001896,豫能控股,11.34,-30.3,0.6,219.7,-1.73,-87589628,651352479,539585391,-113772762,-61315266,171249712,缩量,低,情绪退潮,观望,资金观望型,,D,回避：资金观望,-0.6
001965,招商公路,9.86,-43.1,1.27,2.9,2.54,16989514,47115044,-1963285,-283236,-1080720,-1133352,缩量,低,情绪退潮,观望,趋势转多型,,D,回避：资金观望,0.8
002004,华邦健康,4.37,-11.8,0.44,47.9,-2.92,-17333908,10287826,15472426,-6232350,1606578,8478417,缩量,低,情绪退潮,观望,资金观望型,,D,回避：资金观望,-1.0
002003,伟星股份,11.25,-40.5,1.97,-34.9,-0.44,-2440959,-51047952,-236124658,-3030520,-4311422,13776811,缩量,低,情绪退潮,观望,资金撤退型,,D,回避：资金撤退,-0.1
002001,新 和 成,26.34,-63.6,0.9,-23.7,-8.44,-172666986,-102697006,-297340990,-15402864,-26524811,-19438336,缩量,低,情绪退潮,观望,资金观望型,,D,回避：资金观望,-2.8
002007,华兰生物,13.3,-21.2,1.68,18.6,-1.49,-11141041,-77272208,-100530835,-4287602,-402758,15206204,缩量,低,情绪退潮,观望,资金撤退型,,D,回避：资金撤退,-0.5
001914,招商积余,9.13,76.8,1.0,-35.2,0.49,1998979,-4574143,-16299501,4859577,1753703,-1074731,放量,低,游资情绪,抢筹,资金观望型,资金+业绩共振(双击候选),B,关注：资金+业绩共振,88.2
002008,大族激光,92.98,-48.7,1.05,-18.4,-1.27,-275823928,-661565329,1964286942,-121320920,-109895572,176173972,缩量,低,情绪退潮,观望,长线吸筹型,,D,回避：资金观望,-0.4
002009,天奇股份,15.66,-71.5,0.74,-16.5,-1.03,-5275731,-39282538,-72159671,7476231,5689478,-7803699,缩量,低,情绪退潮,观望,资金撤退型,,D,回避：资金撤退,-0.3
002011,盾安环境,14.33,387.6,0.74,105.6,-0.08,-2409835,-208476172,-109452447,-61528595,-58175540,69917538,放量,低,游资情绪,观望,资金观望型,,D,回避：资金观望,8.0
002010,传化智联,4.55,-56.2,1.01,-41.9,2.82,6781851,4357947,6588747,-847654,-2026449,88816,缩量,低,情绪退潮,观望,资金观望型,,D,回避：资金观望,0.9
001979,招商蛇口,7.25,107.8,1.32,-37.9,0.91,41074926,-5051446,-460961680,15809657,40983662,26515772,放量,低,游资情绪,抢筹,资金观望型,资金+业绩共振(双击候选),B,关注：资金+业绩共振,88.3
002005,德豪润达,2.66,94.0,0.86,128.9,5.84,33652452,37582639,34100347,775866,-1310656,5267009,放量,中,主力偏强放量,进场,趋势转多型,资金+业绩共振(双击候选),B,关注：资金+业绩共振,89.9
002012,凯恩股份,7.1,-38.4,1.2,-23.3,-1.28,-3783846,-3684841,-4590582,-8847518,-5520151,9823034,缩量,低,情绪退潮,观望,资金观望型,,D,回避：资金观望,-0.4
002006,精工科技,13.49,-59.2,0.9,-33.7,1.63,5027382,-17450237,-10271046,2437104,5395112,-806177,缩量,低,情绪退潮,吸筹,资金观望型,资金+业绩共振(双击候选),B,关注：资金+业绩共振,64.5
002014,永新股份,10.9,-70.0,0.86,-40.7,2.44,2107397,8320475,7847434,-218521,0,184660,缩量,低,情绪退潮,观望,趋势转多型,,D,回避：资金观望,0.8
002015,协鑫能科,15.27,-4.0,0.41,-29.8,-8.7,-474675321,-525787111,-291188720,-186353166,-114095467,193887897,缩量,低,情绪退潮,观望,资金观望型,,D,回避：资金观望,-2.9
002016,世荣兆业,4.77,42.3,0.7,-16.6,-0.93,-2676059,-12660351,2633603,409481,4286208,3541011,缩量,低,情绪退潮,观望,长线吸筹型,,D,回避：资金观望,-0.3
002017,东信和平,14.46,28.4,0.94,-65.1,2.14,33997521,-104666887,31795850,-24078311,-10296942,39183912,缩量,低,情绪退潮,观望,资金观望型,,D,回避：资金观望,0.7
002019,亿帆医药,9.55,-68.2,1.03,-12.8,3.6,11904829,-47381504,-108695819,-1787082,-226458,3747168,缩量,低,情绪退潮,观望,资金观望型,,D,回避：资金观望,1.2
002021,中捷资源,2.57,-36.3,0.69,-2.5,-3.13,-9454381,-14837501,-24895316,4434807,3278582,-6302456,缩量,低,情绪退潮,观望,资金撤退型,,D,回避：资金撤退,-1.0
002023,海特高新,9.83,-39.9,0.53,19.7,4.64,39282572,28041705,-8526631,-6664597,-3316238,16065567,缩量,低,情绪退潮,观望,资金观望型,,D,回避：资金观望,1.5
002025,航天电器,72.29,-69.0,0.67,16.4,-3.38,-175169674,-149693052,-98849422,-12324928,-21080568,12800297,缩量,低,情绪退潮,观望,资金观望型,,D,回避：资金观望,-1.1
002026,山东威达,11.37,345.5,0.81,-18.0,-11.63,-122494016,-81022108,8459365,32337777,22229415,-36982468,放量,低,游资情绪,观望,高位分歧型,,D,回避：资金观望,4.1
002027,分众传媒,4.75,-56.8,1.03,-32.2,-0.17,-3978053,-187682940,-344470088,-427102,3907587,5324082,缩量,低,情绪退潮,观望,资金撤退型,,D,回避：资金撤退,-0.1
002028,思源电气,128.56,5.7,0.62,-43.7,-4.98,-365726047,-494651200,-1159973064,-224279694,-182608183,293766440,缩量,低,情绪退潮,观望,资金撤退型,,D,回避：资金撤退,-1.7
002030,达安基因,5.6,1.2,2.36,0.7,-2.84,-17714777,-40880131,-78158089,1926298,3931572,5457227,缩量,低,情绪退潮,观望,资金撤退型,,D,回避：资金撤退,-0.9
002032,苏 泊 尔,39.1,-48.1,1.19,-9.1,-3.77,-10554504,4270551,619539,-2364853,-2884041,4934388,缩量,低,情绪退潮,观望,资金观望型,,D,回避：资金观望,-1.3
002020,京新药业,11.68,-75.5,2.15,-28.0,3.58,22990132,4036920,6154815,3271920,606527,-1248434,缩量,低,情绪退潮,进场,资金观望型,资金+业绩共振(双击候选),B,关注：资金+业绩共振,73.2
002022,科华生物,6.05,310.0,0.84,154.7,7.4,45606421,43782434,42326064,-11171026,-8904407,16863347,放量,中,主力偏强放量,进场,资金观望型,纯资金炒作(亏损风险),C,谨慎：纯资金炒作,30.5
002034,旺能环境,14.4,-61.6,0.32,-32.6,3.19,9362991,-37316403,-62008362,-4279664,-2565082,2256499,缩量,低,情绪退潮,观望,资金观望型,,D,回避：资金观望,1.1
002036,联创电子,6.26,-67.0,1.73,-32.1,-0.2,-2188275,-38163296,-74661746,-5143166,-2786740,8587202,缩量,低,情绪退潮,观望,资金撤退型,,D,回避：资金撤退,-0.1
002029,七 匹 狼,8.42,67.8,0.6,2.1,6.47,93407108,48295657,113101071,-5009752,-12650996,-6120747,放量,中,主力偏强放量,进场,资金观望型,资金+业绩共振(双击候选),B,关注：资金+业绩共振,90.2
002031,巨轮智能,5.27,-23.1,2.04,-53.8,0.98,19827070,-123981501,190198156,2265565,11660090,1932707,缩量,低,情绪退潮,进场,长线吸筹型,纯资金炒作(亏损风险),C,谨慎：纯资金炒作,12.3
002033,丽江股份,8.38,-29.2,0.23,-37.5,-8.6,-49693504,-148497432,-102371188,5475315,6549879,-3466659,缩量,低,情绪退潮,吸筹,资金观望型,机构吸筹+盈利(关注),C,谨慎：资金流入未验证业绩,21.1
002038,双鹭药业,5.78,-68.8,1.07,-53.4,-6.56,-43927437,-76742458,-69629181,2367303,251705,-2474791,缩量,低,情绪退潮,观望,资金观望型,,D,回避：资金观望,-2.2
002037,保利联合,6.9,-58.6,0.64,-4.9,1.31,2703327,-2829926,-24843,-350484,1624986,4224558,缩量,低,情绪退潮,观望,资金观望型,,D,回避：资金观望,0.4
002040,南 京 港,9.04,235.5,0.63,134.2,-4.08,-52059602,124093899,170959747,-1470437,-3603929,7012605,放量,低,游资情绪,观望,资金观望型,,D,回避：资金观望,6.6
002039,黔源电力,19.03,-56.9,0.89,18.0,-3.88,-18647360,-23464146,-57880534,-2222657,276338,-4997640,缩量,低,情绪退潮,观望,资金撤退型,,D,回避：资金撤退,-1.3
002035,华帝股份,4.68,209.5,0.48,-24.8,5.39,17785192,29815686,-13802591,19462065,8018714,-14962452,放量,中,主力偏强放量,抢筹,短线抢筹型,资金+业绩共振(双击候选),B,关注：资金+业绩共振,97.8
002042,华孚时尚,3.9,94.6,0.33,-1.5,4.95,58210709,17740246,43685371,-2962062,-9923002,-24990095,放量,低,游资情绪,观望,资金观望型,,D,回避：资金观望,9.7
002041,登海种业,10.24,98.7,0.81,-47.2,-3.23,-76422319,-215905691,-170590738,-6360845,-7697051,19032708,放量,低,游资情绪,观望,资金观望型,,D,回避：资金观望,6.9
002043,兔 宝 宝,11.66,33.1,1.17,-19.3,-2.12,-14561402,-29680660,-44024961,2981529,7000712,-8592976,缩量,低,情绪退潮,观望,资金撤退型,,D,回避：资金撤退,-0.7
002044,美年健康,4.48,-56.3,0.76,10.2,0.38,6664439,-69186564,-147720606,-24819837,-22789197,35481277,缩量,低,情绪退潮,观望,资金观望型,,D,回避：资金观望,0.1
002045,国光电器,9.09,-11.4,0.74,-49.0,0.74,6664411,-10264658,-19473208,-605597,-2484199,-6915003,缩量,低,情绪退潮,观望,资金观望型,,D,回避：资金观望,0.2
002046,国机精工,66.1,48.6,1.33,68.7,1.83,98984864,529886666,669282320,-47714390,-65188510,34446830,缩量,低,情绪退潮,观望,均衡流入型,,D,回避：资金观望,0.6
002047,宝鹰股份,3.24,-15.5,0.75,-38.2,-5.51,-25635001,-37865050,49077538,-4219060,-2287531,1210604,缩量,低,情绪退潮,观望,长线吸筹型,,D,回避：资金观望,-1.8
002048,宁波华翔,18.45,-67.6,1.17,-26.6,-0.73,-9360807,-127118627,-71907680,-5155903,-6772528,10055667,缩量,低,情绪退潮,观望,资金观望型,,D,回避：资金观望,-0.2
002049,紫光国微,61.37,-81.1,1.33,-11.4,-1.19,-40468998,-307150466,-510155164,-48866433,-36384679,53811862,缩量,低,情绪退潮,观望,资金撤退型,,D,回避：资金撤退,-0.4
002052,同洲电子,8.44,-66.7,0.74,-49.9,-4.7,-10310216,-11855850,-28315051,4905197,3412127,94437,缩量,低,情绪退潮,观望,资金撤退型,,D,回避：资金撤退,-1.6
002051,中工国际,9.13,30.6,0.62,23.1,-2.59,-36130113,-41416535,-101821139,38667075,19594652,-69258786,缩量,低,情绪退潮,观望,资金撤退型,,D,回避：资金撤退,-0.9
002050,三花智控,35.99,-76.2,0.9,6.4,0.88,77016355,-311106381,-623720808,-34868583,-42863602,57090773,缩量,低,情绪退潮,观望,资金观望型,,D,回避：资金观望,0.3
002054,德美化工,7.21,-34.7,0.61,-27.5,-3.12,-8006514,-20391776,-10268066,8861500,3687626,-7907815,缩量,低,情绪退潮,观望,资金观望型,,D,回避：资金观望,-1.0
002059,云南旅游,4.55,792.3,0.91,3.4,-2.78,-48160745,-177832395,-192516652,7288455,11756100,-24316616,放量,低,游资情绪,观望,资金撤退型,,D,回避：资金撤退,7.1
002061,浙江交科,3.33,-18.8,0.86,-1.2,3.93,9452097,30560505,26611162,-1680481,86054,802579,缩量,低,情绪退潮,观望,趋势转多型,,D,回避：资金观望,1.3
002058,紫竹高科,17.34,-24.2,0.6,22.6,3.23,10233035,17081417,14371831,-2087461,-696048,4794737,缩量,低,情绪退潮,观望,趋势转多型,,D,回避：资金观望,1.1
002053,云南能投,9.35,-45.3,0.93,18.8,-0.19,-533166,-27586440,-49257418,-1677008,2615216,-1685005,缩量,低,情绪退潮,吸筹,资金撤退型,机构吸筹+盈利(关注),C,谨慎：资金流入未验证业绩,23.9
002063,远光软件,5.29,-48.8,0.72,-31.0,-6.0,-24633906,-49136937,-65682130,-8223555,-5154134,-142998,缩量,低,情绪退潮,观望,资金撤退型,,D,回避：资金撤退,-2.0
002064,华峰化学,9.83,-61.3,1.28,-40.2,2.01,30873661,-18879516,21123201,-21621747,-19001973,-4772590,缩量,低,情绪退潮,观望,资金观望型,,D,回避：资金观望,0.7
002060,广东建工,3.04,-23.4,0.39,10.3,5.4,13738545,11951285,12214501,411356,-1112819,-2037,缩量,中,主力惜售,进场,资金观望型,资金+业绩共振(双击候选),B,关注：资金+业绩共振,85.8
002057,中钢天源,9.13,-79.3,3.19,-21.1,3.95,20987650,-25532169,-34786627,2605482,280465,-4052677,缩量,低,情绪退潮,进场,资金观望型,资金+业绩共振(双击候选),B,关注：资金+业绩共振,73.3
002056,横店东磁,20.41,-80.3,3.61,-26.2,1.45,24343095,5902430,-111495242,13475223,2584907,-35240862,缩量,低,情绪退潮,进场,资金观望型,资金+业绩共振(双击候选),B,关注：资金+业绩共振,72.5
002065,东华软件,6.66,-54.2,1.25,-30.9,0.27,2397885,-48143419,-74939336,-25600174,-19046391,15446041,缩量,低,情绪退潮,观望,资金观望型,,D,回避：资金观望,0.1
002062,宏润建设,9.58,2.0,0.52,19.8,3.84,54254592,82405915,76034871,4211065,-5129039,-10915883,缩量,低,情绪退潮,进场,趋势转多型,资金+业绩共振(双击候选),B,关注：资金+业绩共振,73.3
002066,瑞泰科技,20.25,-53.2,0.8,-38.1,-11.81,-24427049,-35252186,-82096678,2152403,3051573,-4893739,缩量,低,情绪退潮,观望,资金撤退型,,D,回避：资金撤退,-3.9
002068,黑猫股份,9.86,78.8,1.8,202.1,2.86,124351783,33455778,189423814,-19570508,-12380195,31939771,放量,低,游资情绪,观望,资金观望型,,D,回避：资金观望,9.0
002067,景兴纸业,4.02,-73.4,1.42,-32.3,-1.23,-6072876,-50698096,-117884697,-9215427,-7719756,3135006,缩量,低,情绪退潮,观望,资金撤退型,,D,回避：资金撤退,-0.4
002072,凯瑞德,7.33,-46.8,2.12,-61.2,-3.17,-12279022,-32698024,-80465048,-2559602,-778180,-132425,缩量,低,情绪退潮,观望,资金撤退型,,D,回避：资金撤退,-1.1
002073,软控股份,5.67,-48.4,0.58,-40.6,-0.63,-1591578,-11596392,-51346173,-6738098,-3932627,5900333,缩量,低,情绪退潮,观望,资金撤退型,,D,回避：资金撤退,-0.2
002075,沙钢股份,3.53,-22.7,1.08,-19.2,-3.86,-14205208,-16737786,-61280338,1341302,386977,-2378871,缩量,低,情绪退潮,观望,资金撤退型,,D,回避：资金撤退,-1.3
002069,獐子岛,3.68,27.8,0.79,-22.7,3.21,7293746,16279872,14113190,2303477,-1764391,3215493,缩量,低,情绪退潮,进场,趋势转多型,纯资金炒作(亏损风险),C,谨慎：纯资金炒作,13.1
002077,大港股份,14.19,-15.1,1.98,190.1,-1.41,-56692555,261007220,238388952,3590923,9226234,4644909,缩量,低,情绪退潮,观望,资金观望型,,D,回避：资金观望,-0.5
002079,苏州固锝,9.08,-72.0,0.84,-7.8,-2.56,-27069112,-28152917,-80163708,4300150,5875413,-8320307,缩量,低,情绪退潮,观望,资金撤退型,,D,回避：资金撤退,-0.9
002080,中材科技,60.7,20.2,1.17,129.6,4.57,1473493881,2256187489,2532495230,-286893427,-252986577,223938514,缩量,低,情绪退潮,观望,主力建仓型,,D,回避：资金观望,1.5
002083,孚日股份,9.58,-73.6,1.69,-22.2,2.2,27359312,21231907,-45951210,-28535410,-22697469,7281312,缩量,低,情绪退潮,观望,资金观望型,,D,回避：资金观望,0.7
002074,国轩高科,27.28,1.2,0.38,44.9,8.21,357941393,295459109,158675649,-152143984,-140989193,145303393,缩量,中,主力惜售,进场,资金观望型,资金+业绩共振(双击候选),B,关注：资金+业绩共振,86.7
002085,万丰奥威,9.52,-32.4,0.85,21.5,-7.0,-88983008,-159250433,-193387244,-9940553,-14696460,15676572,缩量,低,情绪退潮,观望,资金撤退型,,D,回避：资金撤退,-2.3
002076,星光股份,2.11,-35.4,0.82,-0.1,8.77,24000316,23860868,2381921,-263844,-1108598,2246582,缩量,中,主力惜售,进场,资金观望型,纯资金炒作(亏损风险),C,谨慎：纯资金炒作,26.9
002078,太阳纸业,13.74,-45.9,1.22,-37.5,1.65,22277816,50270597,-70479127,3065258,-2321874,-9424906,缩量,低,情绪退潮,进场,趋势转多型,资金+业绩共振(双击候选),B,关注：资金+业绩共振,72.5
002090,金智科技,9.05,-52.3,0.75,-21.7,-0.48,-1277922,-4425359,-27703782,-4957759,-6039637,551188,缩量,低,情绪退潮,观望,资金撤退型,,D,回避：资金撤退,-0.2
002081,金 螳 螂,5.32,480.8,0.17,-46.0,2.17,144039538,-257927057,-266772222,68601821,110452083,-23480262,放量,低,游资情绪,抢筹,资金观望型,资金+业绩共振(双击候选),B,关注：资金+业绩共振,88.7
002091,江苏国泰,7.53,-46.8,0.19,-10.4,-0.95,-3324157,-3534743,-34208051,1367485,725368,1983198,缩量,低,情绪退潮,观望,资金撤退型,,D,回避：资金撤退,-0.3
002084,海鸥住工,6.47,1073.3,1.13,-17.0,4.1,121214549,186407969,43665657,38995681,43719101,-25957028,放量,低,游资情绪,抢筹,趋势转多型,纯资金炒作(亏损风险),C,谨慎：纯资金炒作,29.4
002092,中泰化学,4.41,-51.8,0.45,-45.6,2.64,21653069,-38817308,76437846,-11705692,-13850034,-3314997,缩量,低,情绪退潮,观望,资金观望型,,D,回避：资金观望,0.9
002086,东方海洋,2.05,54.9,0.57,-28.0,3.18,18512401,39044723,3854028,728993,1692711,-3846487,放量,低,游资情绪,进场,趋势转多型,纯资金炒作(亏损风险),C,谨慎：纯资金炒作,21.1
002088,鲁阳节能,8.18,-32.1,0.51,34.3,2.59,2350907,7373919,-6523716,2886648,0,-2397971,缩量,低,情绪退潮,进场,趋势转多型,资金+业绩共振(双击候选),B,关注：资金+业绩共振,72.9
002093,国脉科技,7.58,133.6,0.6,181.2,2.25,33127179,72702904,142176173,-10893845,-17983181,6014447,放量,低,游资情绪,观望,主力建仓型,,D,回避：资金观望,8.8
002096,易普力,9.34,-65.9,0.61,-25.9,-1.34,-2900392,-9586338,-17644087,153324,661605,-1149396,缩量,低,情绪退潮,观望,资金撤退型,,D,回避：资金撤退,-0.4
002097,山河智能,6.99,-19.9,0.82,-2.1,-0.95,-7259063,-7566318,-1653433,-3941243,-9939557,-3186708,缩量,低,情绪退潮,观望,资金观望型,,D,回避：资金观望,-0.3
002098,浔兴股份,8.18,38.0,0.56,-54.7,4.14,7553912,9510350,13606244,-1202673,-511782,191602,缩量,低,情绪退潮,观望,均衡流入型,,D,回避：资金观望,1.4
002100,天康生物,7.74,-48.2,0.68,-37.2,-3.3,-25494939,-43032487,-38434913,-4536519,-193589,10740656,缩量,低,情绪退潮,观望,资金观望型,,D,回避：资金观望,-1.1
002103,广博股份,6.74,39.4,1.14,-24.1,4.98,17295212,10722019,11108609,-9323053,-3697131,5529692,缩量,低,情绪退潮,观望,资金观望型,,D,回避：资金观望,1.7
002095,生 意 宝,15.7,295.4,0.63,155.8,5.99,85239998,91683117,170337897,-21733654,-16970448,24518971,放量,中,主力偏强放量,进场,均衡流入型,纯资金炒作(亏损风险),C,谨慎：纯资金炒作,30.0
002101,广东鸿图,8.63,-62.2,0.96,-11.5,-0.81,-1151659,1185875,-8888125,-2387035,-261558,1127912,缩量,低,情绪退潮,观望,资金观望型,,D,回避：资金观望,-0.3
002094,青岛金王,5.13,92.4,0.88,-61.3,6.32,67290469,-26129286,32377544,-21749117,-16376160,31887327,放量,中,主力偏强放量,进场,资金观望型,资金+业绩共振(双击候选),B,关注：资金+业绩共振,90.1
002104,恒宝股份,10.93,48.2,1.57,-59.1,0.79,26976312,-232959500,278144275,-34295583,-4865674,53917703,缩量,低,情绪退潮,观望,长线吸筹型,,D,回避：资金观望,0.3
002105,信隆健康,6.11,4.4,0.65,7.4,-1.69,-3815704,-3053268,-9339247,-940153,0,-2883526,缩量,低,情绪退潮,观望,资金观望型,,D,回避：资金观望,-0.6
002107,沃华医药,7.21,20.9,0.58,-38.2,1.5,11190154,1963951,120288450,-10521949,-5107314,21615846,缩量,低,情绪退潮,观望,长线吸筹型,,D,回避：资金观望,0.5
002106,莱宝高科,13.9,146.9,2.76,140.8,3.25,112921319,131211705,181169823,-103576540,-80196692,93347483,放量,低,游资情绪,观望,均衡流入型,,D,回避：资金观望,9.1
002110,三钢闽光,2.88,35.8,0.96,-0.9,-1.5,-5468185,1654633,1981408,17547475,16939213,-18346689,缩量,低,情绪退潮,观望,资金观望型,,D,回避：资金观望,-0.5
002099,海翔药业,5.94,152.2,0.41,15.3,-2.01,-14487503,-5293262,-1728574,27044293,29047537,-19491350,放量,低,游资情绪,抢筹,资金观望型,纯资金炒作(亏损风险),C,谨慎：纯资金炒作,27.3
002108,沧州明珠,4.36,-59.6,0.16,51.3,-1.73,-6377937,33752178,5855019,2012837,2852592,1112754,缩量,低,情绪退潮,观望,资金观望型,,D,回避：资金观望,-0.6
002111,威海广泰,9.39,-42.1,0.39,-41.7,-3.15,-9948852,-33448316,-53005513,-1830783,-2700665,-3004712,缩量,低,情绪退潮,观望,资金撤退型,,D,回避：资金撤退,-1.1
002114,罗平锌电,7.24,-44.3,0.68,-8.9,-6.34,-15378197,-12948833,-30895307,2604336,-1325300,-1596160,缩量,低,情绪退潮,观望,资金观望型,,D,回避：资金观望,-2.1
002112,三变科技,14.13,-63.9,1.03,-40.0,-2.78,-16176623,-45409060,-56444524,-16159211,-3162406,23291056,缩量,低,情绪退潮,观望,资金撤退型,,D,回避：资金撤退,-0.9
002115,三维通信,10.0,-66.3,0.44,-44.1,1.23,17059623,-149847764,-197071595,-14170290,-14380481,16518865,缩量,低,情绪退潮,观望,资金观望型,,D,回避：资金观望,0.4
002117,东港股份,7.99,-20.2,0.58,-33.9,-4.94,-13676047,-34417477,-62732542,1263520,2203890,-4351267,缩量,低,情绪退潮,观望,资金撤退型,,D,回避：资金撤退,-1.6
002116,中国海诚,7.15,-27.0,0.25,-20.2,-2.83,-2836078,-10334747,-18912580,-645534,503370,761554,缩量,低,情绪退潮,观望,资金撤退型,,D,回避：资金撤退,-0.9
002120,韵达股份,6.88,-35.0,0.29,-1.0,-4.13,-54678644,-68304079,-142205945,3314431,-372670,-9432026,缩量,低,情绪退潮,观望,资金撤退型,,D,回避：资金撤退,-1.4
002121,科陆电子,4.41,39.4,0.63,21.9,-1.95,-18691466,63738389,4934032,12259684,3752092,-11582063,缩量,低,情绪退潮,观望,资金观望型,,D,回避：资金观望,-0.7
002123,梦网科技,7.97,-24.0,1.91,0.9,4.48,50428845,36204169,-6184236,-10831313,-8593637,15629575,缩量,低,情绪退潮,观望,资金观望型,,D,回避：资金观望,1.5
002124,天邦食品,2.04,135.9,0.29,-35.6,-2.83,-41292022,-46829273,-2884400,-51773336,-38716038,52776213,放量,低,游资情绪,观望,资金观望型,,D,回避：资金观望,7.1
002128,电投能源,28.08,-32.8,0.98,-5.7,-0.22,-5155473,-90148050,-332597375,2844624,4299068,-16745697,缩量,低,情绪退潮,观望,资金撤退型,,D,回避：资金撤退,-0.1
002126,银轮股份,38.33,-75.2,1.3,-40.2,-1.86,-41623023,-90910945,11751927,-25577939,-23886935,30677359,缩量,低,情绪退潮,观望,资金观望型,,D,回避：资金观望,-0.6
002125,湘潭电化,12.14,-73.6,0.65,-49.7,-1.38,-6945999,-41521688,-162272406,-8449538,-5864494,12800208,缩量,低,情绪退潮,观望,资金撤退型,,D,回避：资金撤退,-0.5
002127,南极电商,2.92,-4.8,0.69,-2.0,0.52,3599111,1131789,24530853,-7404315,-3985233,12292599,缩量,低,情绪退潮,观望,资金观望型,,D,回避：资金观望,0.2
002119,康强电子,26.92,12.8,3.38,50.2,1.46,79214993,142871202,196869177,361195860,383739790,-175021723,缩量,低,情绪退潮,吸筹,均衡流入型,资金+业绩共振(双击候选),B,关注：资金+业绩共振,64.5
002130,沃尔核材,16.57,-31.6,0.46,39.3,-4.15,-111352977,-16696617,-256913054,-44062723,-37964126,48833001,缩量,低,情绪退潮,观望,资金观望型,,D,回避：资金观望,-1.4
002131,利欧股份,4.41,-41.4,0.8,-56.7,2.31,148832883,-169570049,-186067398,-201898342,-159823365,190047843,缩量,低,情绪退潮,观望,资金观望型,,D,回避：资金观望,0.8
002132,恒星科技,4.15,-72.7,1.14,-26.5,-3.45,-28557076,111261642,-1203182,-21205835,-14031809,16987586,缩量,低,情绪退潮,观望,资金观望型,,D,回避：资金观望,-1.2
002129,TCL中环,9.61,-52.6,3.78,-9.6,9.06,422218458,179315757,169403972,-31672335,-48336237,26051180,缩量,中,主力惜售,进场,资金观望型,纯资金炒作(亏损风险),C,谨慎：纯资金炒作,27.0
002134,天津普林,27.47,190.6,0.72,120.8,4.6,157485249,220431089,285871125,-34758175,-13199184,2641394,放量,低,游资情绪,观望,均衡流入型,,D,回避：资金观望,9.5
002135,东南网架,6.17,-24.9,0.25,-20.2,-0.7,-2730160,-3037819,-68070578,-981900,-3149707,832189,缩量,低,情绪退潮,观望,资金撤退型,,D,回避：资金撤退,-0.2
002136,安 纳 达,11.78,-46.2,0.39,-17.4,-6.46,-15352787,-29565494,-49603462,-4539975,-3825488,-1171783,缩量,低,情绪退潮,观望,资金撤退型,,D,回避：资金撤退,-2.2
002137,实益达,8.27,-41.9,6.9,296.8,1.5,50549173,44769572,41395877,-31523137,-15781274,43889727,缩量,低,情绪退潮,观望,资金观望型,,D,回避：资金观望,0.5
002133,广宇集团,2.87,53.8,0.56,-52.2,1.6,4005752,8145201,20019809,3740780,1942529,1774171,放量,低,游资情绪,抢筹,均衡流入型,资金+业绩共振(双击候选),B,关注：资金+业绩共振,88.5
002139,拓邦股份,9.63,-64.2,0.87,100.6,-3.76,-21344903,-5546745,-65753807,-907714,2423739,3987679,缩量,低,情绪退潮,观望,资金观望型,,D,回避：资金观望,-1.3
002140,东华科技,9.4,-25.7,0.55,51.6,3.09,10097368,-586927,4960789,-1510132,-741582,-2029915,缩量,低,情绪退潮,观望,资金观望型,,D,回避：资金观望,1.0
002144,宏达高科,10.84,-50.9,0.88,18.2,-0.93,-1529912,-8943003,-21135537,2561038,1942970,-2900950,缩量,低,情绪退潮,观望,资金撤退型,,D,回避：资金撤退,-0.3
002145,钛能化学,4.86,98.2,1.0,143.5,-2.67,-65417865,-40027342,-46478412,7897775,8113514,9419634,放量,低,游资情绪,观望,资金观望型,,D,回避：资金观望,7.1
002138,顺络电子,54.66,-40.8,2.37,19.4,5.12,422802282,534276771,383991887,55508329,17976562,-68575382,缩量,中,主力惜售,进场,短线抢筹型,资金+业绩共振(双击候选),B,关注：资金+业绩共振,85.7
002149,西部材料,32.91,-76.7,0.31,-17.0,-2.59,-58353360,-101236635,-358929829,-22483548,-5478729,51556593,缩量,低,情绪退潮,观望,资金撤退型,,D,回避：资金撤退,-0.9
002142,宁波银行,34.72,-46.3,0.98,8.8,-4.28,-173329931,-54150590,18249126,32334284,17971905,-39327,缩量,低,情绪退潮,吸筹,资金观望型,机构吸筹+盈利(关注),C,谨慎：资金流入未验证业绩,22.6
002146,荣盛发展,1.27,445.2,0.74,17.9,1.96,28554470,-6250049,3748187,42807680,64660006,-25122364,放量,低,游资情绪,抢筹,资金观望型,纯资金炒作(亏损风险),C,谨慎：纯资金炒作,28.7
002141,贤丰控股,7.1,41.9,22.28,25.1,8.75,560227617,853262920,1081527154,-148865081,-140391594,142498920,缩量,中,主力惜售,进场,主力强攻型,资金+业绩共振(双击候选),B,关注：资金+业绩共振,86.9
002148,北纬科技,6.37,-7.1,1.69,1.9,7.54,31686820,21326562,25409180,1328695,240995,-13662717,缩量,中,主力惜售,进场,资金观望型,纯资金炒作(亏损风险),C,谨慎：纯资金炒作,26.5
002152,广电运通,9.18,-56.7,1.63,-20.3,-2.28,-16026791,-51252003,-130285352,-24757139,-23285613,8422397,缩量,低,情绪退潮,观望,资金撤退型,,D,回避：资金撤退,-0.8
002154,报 喜 鸟,3.82,-49.9,0.39,-5.0,-4.44,-17493188,-10844228,13312691,-1343480,-2087774,-115876,缩量,低,情绪退潮,观望,高位分歧型,,D,回避：资金观望,-1.5
002153,石基信息,7.66,-44.4,0.97,-36.6,4.25,27827489,6199273,-19579888,-14592021,-9396704,10683445,缩量,低,情绪退潮,观望,资金观望型,,D,回避：资金观望,1.4
002156,通富微电,62.8,-60.6,1.92,1.3,4.12,1186461620,908044482,269682979,-295982305,-233235983,347331573,缩量,低,情绪退潮,观望,资金观望型,,D,回避：资金观望,1.4
002155,湖南黄金,24.82,-43.1,0.71,-33.0,-5.49,-380012321,-185798646,-33643350,-50907098,-28616968,54779639,缩量,低,情绪退潮,观望,资金观望型,,D,回避：资金观望,-1.8
002158,汉钟精机,28.28,-71.4,2.24,-44.6,-0.96,-14107176,-33248815,129445141,-4968624,4115814,3041563,缩量,低,情绪退潮,观望,长线吸筹型,,D,回避：资金观望,-0.3
002150,正泰电源,21.88,-25.1,0.44,-25.3,5.49,41248040,26188112,22859308,10889044,9196378,-16639951,缩量,中,主力惜售,进场,资金观望型,资金+业绩共振(双击候选),B,关注：资金+业绩共振,85.8
002157,正邦科技,2.96,10.4,0.3,-25.2,-7.64,-153800768,-195037619,-255766952,-45893680,-47508013,28085839,缩量,低,情绪退潮,观望,资金撤退型,,D,回避：资金撤退,-2.5
002151,北斗星通,29.84,56.3,0.56,53.9,-0.86,-23958729,-18278135,-51799792,28070591,24752663,-43853284,放量,低,游资情绪,抢筹,资金观望型,纯资金炒作(亏损风险),C,谨慎：纯资金炒作,27.7
002159,三特索道,13.46,-27.2,0.61,-22.7,-0.65,-1273289,-3865931,9491417,-61352,58404,-324344,缩量,低,情绪退潮,观望,长线吸筹型,,D,回避：资金观望,-0.2
002160,常铝股份,3.88,-53.5,0.55,-27.0,-0.9,-1866854,-14408615,-20369724,-5162398,-3783041,2147267,缩量,低,情绪退潮,观望,资金撤退型,,D,回避：资金撤退,-0.3
002162,悦心健康,4.15,-2.9,1.23,160.5,-6.54,-42577464,65603674,70457530,-6212814,-1941240,13580268,缩量,低,情绪退潮,观望,资金观望型,,D,回避：资金观望,-2.2
002163,海南发展,7.6,1.5,0.54,29.9,-3.84,-74968548,-88198100,1511842,-13423585,-10399352,14781128,缩量,低,情绪退潮,观望,资金观望型,,D,回避：资金观望,-1.3
002166,莱茵生物,6.75,-63.9,1.36,-8.4,-4.66,-13775462,-39298123,-33567867,506577,-1817310,-561159,缩量,低,情绪退潮,观望,资金观望型,,D,回避：资金观望,-1.6
002167,东方锆业,16.36,-76.1,5.78,-6.8,4.07,153241899,191148410,-4488454,-39025453,-28757109,56198879,缩量,低,情绪退潮,观望,趋势转多型,,D,回避：资金观望,1.4
002165,红 宝 丽,7.01,29.8,0.9,-65.4,-1.73,-36714657,-178721736,-156206685,-62413131,-22421897,69129870,缩量,低,情绪退潮,观望,资金观望型,,D,回避：资金观望,-0.6
002169,智光电气,13.88,69.5,1.06,66.0,-0.54,-16466773,-18823141,113747587,-45106532,-33724592,33411697,放量,低,游资情绪,观望,长线吸筹型,,D,回避：资金观望,7.8
002161,远 望 谷,6.74,168.6,0.53,171.5,6.47,146772020,18948322,86776901,-25615571,-24507572,36146717,放量,中,主力偏强放量,进场,资金观望型,资金+业绩共振(双击候选),B,关注：资金+业绩共振,90.2
002173,创新医疗,18.06,-66.1,2.66,5.1,-0.27,-6808850,-92404787,-198337895,-26168763,-17104206,37544197,缩量,低,情绪退潮,观望,资金撤退型,,D,回避：资金撤退,-0.1
002171,楚江新材,10.65,-22.6,2.02,34.0,-3.17,-95520770,-138590511,-135113687,-15937676,-15675716,4406991,缩量,低,情绪退潮,观望,资金观望型,,D,回避：资金观望,-1.1
002172,澳洋健康,5.35,1132.8,1.02,34.8,3.04,165354657,264613156,601331476,-13877816,-15376242,32243076,放量,低,游资情绪,观望,均衡流入型,,D,回避：资金观望,9.0
002174,游族网络,14.33,-0.8,1.53,131.1,-1.28,-41621931,78854887,126107073,-38716829,-34881847,41841623,缩量,低,情绪退潮,观望,资金观望型,,D,回避：资金观望,-0.4
002177,御银股份,5.5,-21.0,0.6,-56.3,-0.74,-3868735,-20906543,-82366775,-1173115,743138,3756350,缩量,低,情绪退潮,观望,资金撤退型,,D,回避：资金撤退,-0.2
002176,江特电机,8.4,-56.7,0.14,-47.3,-3.89,-48268964,-120022141,-97991060,-29695389,-23383342,17259907,缩量,低,情绪退潮,观望,资金观望型,,D,回避：资金观望,-1.3
002164,宁波东力,11.87,248.3,0.81,106.5,10.12,164474018,138385253,78128243,-339765,-3935503,-8333086,放量,高,主力主导放量🔥(最强),进场,资金观望型,资金+业绩共振(双击候选),A,金股候选：资金强攻+业绩共振,95.4
002179,中航光电,34.77,-65.2,0.96,8.6,-3.38,-112112954,98755437,-91485944,-58413825,-49709038,57578867,缩量,低,情绪退潮,观望,资金观望型,,D,回避：资金观望,-1.1
002170,芭田股份,10.81,-55.6,0.54,-43.6,0.65,4581834,52510101,83104450,3186874,1095999,-7261783,缩量,低,情绪退潮,进场,均衡流入型,资金+业绩共振(双击候选),B,关注：资金+业绩共振,72.2
002180,奔图科技,17.13,-47.8,1.17,42.3,1.42,19549758,-8812848,3923603,-17700024,-10071846,-1802646,缩量,低,情绪退潮,观望,资金观望型,,D,回避：资金观望,0.5
002183,怡 亚 通,4.3,-26.5,0.55,-13.5,-2.54,-24540329,-14091392,-73112054,-6769058,-6129010,-7307873,缩量,低,情绪退潮,观望,资金观望型,,D,回避：资金观望,-0.8
002181,粤 传 媒,9.12,49.8,0.33,-21.3,0.22,6658111,-116092826,283961440,-44314392,-19448495,61880274,缩量,低,情绪退潮,观望,长线吸筹型,,D,回避：资金观望,0.1
002184,海得控制,9.93,-73.8,0.97,-1.3,-0.54,-1029248,-10373622,-18671452,-642038,0,-410312,缩量,低,情绪退潮,观望,资金撤退型,,D,回避：资金撤退,-0.2
002185,华天科技,18.37,-35.9,5.64,87.1,0.52,176730506,871830199,-247496329,-252751973,-199852022,127877252,缩量,低,情绪退潮,观望,趋势转多型,,D,回避：资金观望,0.2
002178,延华智能,5.1,962.1,0.59,312.4,7.57,122303416,141058905,118081574,-64963295,-83567435,25336165,放量,中,主力偏强放量,进场,短线抢筹型,资金+业绩共振(双击候选),B,关注：资金+业绩共振,90.5
002187,广百股份,5.49,-21.2,1.0,-28.7,-2.89,-7704321,-6843425,-10962618,-2115841,897878,1477774,缩量,低,情绪退潮,观望,资金观望型,,D,回避：资金观望,-1.0
002191,劲嘉股份,3.62,-23.1,0.33,37.5,4.03,9153298,3756991,-23889653,-6842331,-6223586,3573547,缩量,低,情绪退潮,观望,资金观望型,,D,回避：资金观望,1.3
002188,中天服务,5.71,49.1,0.55,-1.0,-3.09,-8434753,-7719026,-3644795,3567161,1786550,-5104939,缩量,低,情绪退潮,观望,资金观望型,,D,回避：资金观望,-1.0
002186,全 聚 德,9.51,-15.4,0.53,-30.5,-6.48,-13385195,-23119088,479306,383481,-752011,-2907529,缩量,低,情绪退潮,观望,长线吸筹型,,D,回避：资金观望,-2.2
002189,中光学,19.21,-56.8,1.2,-41.8,-2.16,-4323452,-18530079,-31216156,2487362,1119769,-5636226,缩量,低,情绪退潮,观望,资金撤退型,,D,回避：资金撤退,-0.7
002192,融捷股份,60.83,-65.0,0.48,-41.0,0.82,30552663,-160307199,-124432511,-79004548,-59238775,67896860,缩量,低,情绪退潮,观望,资金观望型,,D,回避：资金观望,0.3
002182,宝武镁业,11.66,-75.3,1.09,-37.3,0.71,3215024,-46113473,27017164,277606,5021874,-3526240,缩量,低,情绪退潮,吸筹,长线吸筹型,纯资金炒作(亏损风险),C,谨慎：纯资金炒作,4.2
002190,成飞集成,23.75,-25.5,1.05,-67.1,3.75,20082003,-57225128,136586888,-6255839,-8046096,6657886,缩量,低,情绪退潮,观望,资金观望型,,D,回避：资金观望,1.2
002194,武汉凡谷,10.67,13.9,0.62,107.1,-0.4,-8451166,241309814,444208613,-11141710,-9726178,32778679,缩量,低,情绪退潮,观望,高位分歧型,,D,回避：资金观望,-0.1
002195,岩山科技,6.09,-74.1,0.94,-20.6,0.11,2359221,-51186419,-254620786,-50277595,-44153819,38979724,缩量,低,情绪退潮,观望,资金观望型,,D,回避：资金观望,0.0
002196,方正电机,10.09,-71.5,0.95,-49.7,-1.56,-13664862,-65653570,83799718,-3290149,-3266313,10791045,缩量,低,情绪退潮,观望,长线吸筹型,,D,回避：资金观望,-0.5
002197,证通电子,6.52,-65.9,2.07,-26.4,-0.03,-146371,-6790076,12644302,-3078233,-5414279,-654780,缩量,低,情绪退潮,观望,资金观望型,,D,回避：资金观望,-0.0
002199,东晶电子,12.45,-35.9,2.53,61.9,2.22,12562102,5458729,-16198534,-2759508,-1080208,-924377,缩量,低,情绪退潮,观望,资金观望型,,D,回避：资金观望,0.7
002201,九鼎新材,10.04,188.5,0.12,124.9,-3.44,-115556390,142729333,286645155,-50962394,-16037388,96590751,放量,低,游资情绪,观望,资金观望型,,D,回避：资金观望,6.9
002200,交投生态,6.5,-50.1,2.84,-5.1,-1.1,-1303697,1583133,2492685,2217691,1370884,-2702780,缩量,低,情绪退潮,观望,资金观望型,,D,回避：资金观望,-0.4
002202,金风科技,17.83,-70.6,0.51,64.1,-10.98,-778688460,-665074541,-1881519739,-39224349,-33014176,72485066,缩量,低,情绪退潮,观望,资金观望型,,D,回避：资金观望,-3.7
002204,大连重工,5.38,25.4,0.65,271.7,-0.65,-8331479,132132249,138006289,-11516009,-9137021,7801961,缩量,低,情绪退潮,观望,资金观望型,,D,回避：资金观望,-0.2
002206,海 利 得,4.98,-53.2,0.64,-17.1,-0.33,-475292,-12240210,-49304598,3974539,-2763299,-3453066,缩量,低,情绪退潮,观望,资金撤退型,,D,回避：资金撤退,-0.1
002208,合肥城建,10.34,-66.7,2.67,-38.7,-2.2,-32443697,-69800295,-67038176,18656865,13425860,-22733393,缩量,低,情绪退潮,观望,资金观望型,,D,回避：资金观望,-0.7
002212,天融信,7.06,70.0,1.2,106.7,-0.51,-29617409,355989856,515469568,-51167790,-25846491,74595733,放量,低,游资情绪,观望,资金观望型,,D,回避：资金观望,7.8
002210,飞马国际,2.09,-4.3,0.26,-12.4,0.53,2885054,13450205,2028126,-9324924,-12195940,6779176,缩量,低,情绪退潮,观望,趋势转多型,,D,回避：资金观望,0.2
002213,大为股份,29.34,-35.7,0.28,39.8,-2.94,-62222171,95426127,-109217755,860796,-1647932,-4747019,缩量,低,情绪退潮,观望,资金观望型,,D,回避：资金观望,-1.0
002214,大立科技,18.54,2.9,1.24,-13.1,0.6,4194174,-6240387,-192337,-1372865,1311147,781467,缩量,低,情绪退潮,观望,资金观望型,,D,回避：资金观望,0.2
002203,海亮股份,18.53,-37.1,0.78,-33.3,-6.02,-103556783,-85642474,316079430,32109964,19826544,-11181445,缩量,低,情绪退潮,吸筹,长线吸筹型,机构吸筹+盈利(关注),C,谨慎：资金流入未验证业绩,22.0
002209,达 意 隆,13.62,3.8,0.41,-45.6,2.08,5020126,-9897969,-68387560,2368026,503447,-303532,缩量,低,情绪退潮,吸筹,资金观望型,资金+业绩共振(双击候选),B,关注：资金+业绩共振,64.7
002215,诺 普 信,9.76,-35.3,0.65,-33.8,2.09,23529190,-3331306,-55028341,-3203709,-1418164,-894087,缩量,低,情绪退潮,观望,资金观望型,,D,回避：资金观望,0.7
002205,国统股份,11.62,279.5,0.76,32.9,-0.16,-441213,550985,-9175308,27389183,35951075,-10159646,放量,低,游资情绪,抢筹,资金观望型,纯资金炒作(亏损风险),C,谨慎：纯资金炒作,27.9
002216,三全食品,11.57,-57.6,0.42,-39.6,-0.17,-345519,-7714766,-8531959,-2472123,-460751,-854995,缩量,低,情绪退潮,观望,资金撤退型,,D,回避：资金撤退,-0.1
002219,新里程,2.08,28.5,1.02,-16.2,-1.46,-15230567,7844987,-17074506,-15256235,-19981834,13434133,缩量,低,情绪退潮,观望,资金观望型,,D,回避：资金观望,-0.5
002222,福晶科技,69.93,-18.0,0.66,16.3,4.13,383687952,171681722,195920361,-87798233,-31720599,133733388,缩量,低,情绪退潮,观望,资金观望型,,D,回避：资金观望,1.4
002223,鱼跃医疗,26.78,-39.4,0.76,27.1,-5.14,-48606629,-67344622,-151301380,16719820,8808,-1479354,缩量,低,情绪退潮,观望,资金撤退型,,D,回避：资金撤退,-1.7
002226,江南化工,5.15,111.4,1.38,46.7,0.98,9991005,5310430,-9417655,-51767271,-47114966,29046135,放量,低,游资情绪,观望,资金观望型,,D,回避：资金观望,8.3
002224,三 力 士,3.71,-15.8,0.49,-43.3,-1.53,-3377805,-13073848,69800793,-861243,-432160,-742845,缩量,低,情绪退潮,观望,长线吸筹型,,D,回避：资金观望,-0.5
002225,濮耐股份,3.49,-40.0,0.4,5.3,-4.51,-16011433,-46890497,-54924304,-5036300,-15194622,739541,缩量,低,情绪退潮,观望,资金撤退型,,D,回避：资金撤退,-1.5
002218,拓日新能,3.89,65.6,0.59,401.1,6.35,132266307,308438661,283638226,11164739,16314002,18135195,放量,中,主力偏强放量,进场,短线抢筹型,纯资金炒作(亏损风险),C,谨慎：纯资金炒作,30.1
002229,鸿博股份,10.62,0.3,0.38,-60.3,-0.24,-3262434,-159108458,20923709,-41498150,-27964579,44320702,缩量,低,情绪退潮,观望,长线吸筹型,,D,回避：资金观望,-0.1
002221,东华能源,5.7,-55.7,0.64,-33.0,3.68,14398153,3471707,39486573,4233247,3385899,-4708206,缩量,低,情绪退潮,进场,资金观望型,纯资金炒作(亏损风险),C,谨慎：纯资金炒作,13.2
002232,启明信息,15.16,130.5,0.88,304.0,-0.66,-8821635,53627967,37226819,-18645528,-12443546,29827699,放量,低,游资情绪,观望,资金观望型,,D,回避：资金观望,7.8
002230,科大讯飞,38.72,-73.5,1.03,-22.8,-7.02,-230772738,-476646085,-813340317,-73814715,-59481143,85745615,缩量,低,情绪退潮,观望,资金撤退型,,D,回避：资金撤退,-2.3
002235,安妮股份,7.84,-58.4,0.62,-37.6,-7.85,-52132461,-83432547,-163615031,-20613070,-14642255,14385511,缩量,低,情绪退潮,观望,资金撤退型,,D,回避：资金撤退,-2.6
002234,民和股份,7.83,-52.5,0.99,-21.1,-0.97,-1807867,-19068292,-26540601,-459124,0,144577,缩量,低,情绪退潮,观望,资金撤退型,,D,回避：资金撤退,-0.3
002228,合兴包装,3.17,-20.1,0.57,10.5,8.2,29689792,20155154,8316543,1825884,1775221,-1008320,缩量,中,主力惜售,吸筹,资金观望型,资金+业绩共振(双击候选),B,关注：资金+业绩共振,78.7
002236,大华股份,15.85,-67.1,1.02,-36.1,0.31,3714220,-73616094,-251283666,-27785968,-22230185,10115246,缩量,低,情绪退潮,观望,资金观望型,,D,回避：资金观望,0.1
002237,恒邦股份,13.33,-39.0,0.58,-48.4,-3.4,-42677578,-42452926,-325818698,-11144750,-9338527,4116333,缩量,低,情绪退潮,观望,资金观望型,,D,回避：资金观望,-1.1
002233,塔牌集团,7.12,81.5,0.54,21.7,7.57,34703359,72260182,70705609,11584123,1067268,-25518748,放量,中,主力偏强放量,进场,短线抢筹型,资金+业绩共振(双击候选),B,关注：资金+业绩共振,90.5
002240,盛新锂能,26.62,-68.7,0.47,-35.6,0.06,1526573,-210700736,-521696485,-83979583,-56159293,94269130,缩量,低,情绪退潮,观望,资金观望型,,D,回避：资金观望,0.0
002239,奥特佳,2.48,-11.7,0.66,7.5,2.88,19760865,20130255,-59841816,-3057151,3601846,707715,缩量,低,情绪退潮,观望,趋势转多型,,D,回避：资金观望,1.0
002243,力合科创,7.05,-55.7,1.05,-24.8,-4.6,-12471667,-55043815,-57245883,-8602427,-3452604,9670128,缩量,低,情绪退潮,观望,资金撤退型,,D,回避：资金撤退,-1.5
002245,蔚蓝锂芯,16.86,-66.2,1.7,-17.3,-11.18,-522739007,-534948445,-364080073,-20997405,-32223013,16868567,缩量,低,情绪退潮,观望,资金观望型,,D,回避：资金观望,-3.7
002238,天威视讯,7.66,155.4,0.75,-5.4,7.54,20128549,16214996,2513620,14208182,19700402,-9950937,放量,中,主力偏强放量,抢筹,资金观望型,纯资金炒作(亏损风险),C,谨慎：纯资金炒作,38.5
002246,北化股份,25.59,445.0,0.46,105.7,2.38,116923695,31340335,-64858783,-278025395,-87624197,264237148,放量,低,游资情绪,观望,资金观望型,,D,回避：资金观望,8.8
002247,聚力文化,2.44,-21.5,0.67,3.2,-4.76,-10983480,-270775,6340636,-2404186,-1136152,-815872,缩量,低,情绪退潮,观望,资金观望型,,D,回避：资金观望,-1.6
002249,大洋电机,6.44,-67.4,1.14,-34.5,-0.95,-8689506,-67484381,-105052352,-15711492,-13809318,14526255,缩量,低,情绪退潮,观望,资金撤退型,,D,回避：资金撤退,-0.3
002241,歌尔股份,24.45,22.4,0.88,11.1,5.71,860882682,74846796,168670505,-403206726,-218737375,394919456,缩量,中,主力惜售,进场,资金观望型,资金+业绩共振(双击候选),B,关注：资金+业绩共振,85.9
002250,联化科技,14.74,-55.8,0.95,-41.5,-5.41,-35537510,-67568102,-73448361,16101719,14024060,-14357277,缩量,低,情绪退潮,观望,资金撤退型,,D,回避：资金撤退,-1.8
002251,步步高,3.48,-41.3,1.72,-30.6,1.26,17870191,-57382875,-51757531,-32351318,-16204094,32105834,缩量,低,情绪退潮,观望,资金观望型,,D,回避：资金观望,0.4
002242,九阳股份,9.76,219.5,0.17,445.2,-0.36,-3489046,128548280,122075387,13051286,5884676,-19888539,放量,低,游资情绪,抢筹,资金观望型,机构吸筹+盈利(关注),C,谨慎：资金流入未验证业绩,47.9
002244,滨江集团,8.6,56.6,0.74,-16.6,-0.98,-21968340,-30531528,-119228494,8400189,17414767,19939094,放量,低,游资情绪,抢筹,资金撤退型,机构吸筹+盈利(关注),C,谨慎：资金流入未验证业绩,47.7
002253,川大智胜,9.24,-69.2,0.6,-20.7,-2.28,-4878068,-18178626,-31192909,-10867506,-10690098,6555780,缩量,低,情绪退潮,观望,资金撤退型,,D,回避：资金撤退,-0.8
002248,华东数控,9.54,9.2,0.48,-3.4,3.85,55233994,26142891,-50842305,4724668,5280458,-4259373,缩量,低,情绪退潮,吸筹,资金观望型,资金+业绩共振(双击候选),B,关注：资金+业绩共振,65.3
002252,上海莱士,4.97,-56.4,2.27,-8.9,0.1,879107,59606760,129361609,5060121,1561696,-5300351,缩量,低,情绪退潮,进场,均衡流入型,资金+业绩共振(双击候选),B,关注：资金+业绩共振,72.0
002256,兆新股份,3.17,-60.3,0.3,-3.2,-3.81,-17969320,-27389202,-74719866,-11239739,-5474699,12518314,缩量,低,情绪退潮,观望,资金撤退型,,D,回避：资金撤退,-1.3
002258,利尔化学,14.74,-28.2,1.49,-23.0,-6.41,-98341719,-106112487,-28867576,-22948369,-33287532,2936596,缩量,低,情绪退潮,观望,资金观望型,,D,回避：资金观望,-2.1
002261,拓维信息,25.24,-68.0,0.41,-9.5,1.44,75675413,-115006444,-187003999,-124779439,-71524086,122502718,缩量,低,情绪退潮,观望,资金观望型,,D,回避：资金观望,0.5
002255,海陆重工,7.59,-74.3,0.57,-17.3,2.5,6044628,-18323924,-27428408,368559,2069115,-1995713,缩量,低,情绪退潮,吸筹,资金观望型,资金+业绩共振(双击候选),B,关注：资金+业绩共振,64.8
002264,新 华 都,7.44,472.5,0.84,114.6,-0.09,-2489224,64810762,232311700,-20485355,-20535821,45596610,放量,低,游资情绪,观望,高位分歧型,,D,回避：资金观望,8.0
002254,泰和新材,12.75,-56.6,1.54,-16.4,-3.93,-34334035,-76292641,-106111177,9250427,10848185,-6796854,缩量,低,情绪退潮,吸筹,资金撤退型,机构吸筹+盈利(关注),C,谨慎：资金流入未验证业绩,22.7
002265,建设工业,19.62,-24.8,1.87,-7.3,-2.21,-36028029,-61201456,106119846,-8913217,-7774333,4079029,缩量,低,情绪退潮,观望,长线吸筹型,,D,回避：资金观望,-0.7
002266,浙富控股,4.79,-41.7,0.67,-13.5,1.55,28856755,27091270,77470700,-39816786,-70437148,-15062827,缩量,低,情绪退潮,观望,资金观望型,,D,回避：资金观望,0.5
002259,升达林业,4.78,441.3,0.17,72.3,5.51,51290333,48884231,64625646,-15751138,-5057221,11439904,放量,中,主力偏强放量,进场,资金观望型,资金+业绩共振(双击候选),B,关注：资金+业绩共振,89.8
002268,电科网安,14.92,-34.5,1.99,130.4,1.76,25854448,11408962,-42245621,-20563427,-15379080,25001724,缩量,低,情绪退潮,观望,资金观望型,,D,回避：资金观望,0.6
002262,恩华药业,22.0,-73.3,1.16,-31.9,-2.52,-14543161,-40330091,-74152429,898969,1425742,-617727,缩量,低,情绪退潮,吸筹,资金撤退型,机构吸筹+盈利(关注),C,谨慎：资金流入未验证业绩,23.2
002269,美邦服饰,1.39,6.6,0.57,8.9,4.48,18399105,13242782,-12032590,-5298711,-4295283,-2212305,缩量,低,情绪退潮,观望,资金观望型,,D,回避：资金观望,1.5
002263,大东南,3.17,-13.6,0.2,26.3,0.45,3734673,10751412,-42071752,9540781,5781450,-11339973,缩量,低,情绪退潮,进场,趋势转多型,资金+业绩共振(双击候选),B,关注：资金+业绩共振,72.2
002270,华明装备,17.93,-64.3,0.72,-42.4,-0.98,-6840896,-62726829,-110504022,-3868041,-375683,5184395,缩量,低,情绪退潮,观望,资金撤退型,,D,回避：资金撤退,-0.3
002272,川润股份,16.02,-53.0,0.69,-7.0,-3.75,-96046839,-43592993,-39267990,-19088806,-4827815,31466968,缩量,低,情绪退潮,观望,资金观望型,,D,回避：资金观望,-1.2
002267,陕天然气,7.12,-56.8,0.48,-18.0,1.3,2406227,-29582495,-64450429,2544860,504091,-4810778,缩量,低,情绪退潮,进场,资金观望型,资金+业绩共振(双击候选),B,关注：资金+业绩共振,72.4
002274,华昌化工,6.14,7.2,1.01,-54.6,-2.6,-22483381,-126228269,-26732354,-8863229,-3927734,12925025,缩量,低,情绪退潮,观望,长线吸筹型,,D,回避：资金观望,-0.9
002275,桂林三金,12.23,-63.7,1.11,-28.4,-5.83,-5037877,-413351,-15436392,-466521,0,158684,缩量,低,情绪退潮,观望,资金观望型,,D,回避：资金观望,-1.9
002276,万马股份,9.91,-53.2,0.71,-14.7,-3.09,-16066550,-43164298,-70485029,-8643745,-4259144,434494,缩量,低,情绪退潮,观望,资金撤退型,,D,回避：资金撤退,-1.0
002271,东方雨虹,10.7,-11.3,0.67,-35.0,5.45,118098348,-9972259,30225313,-10882525,9178965,21780096,缩量,中,主力惜售,进场,资金观望型,资金+业绩共振(双击候选),B,关注：资金+业绩共振,85.8
002277,友阿股份,5.36,-34.6,0.85,-29.2,-7.69,-40948529,-90522334,-179709539,-3115662,-3716059,6594710,缩量,低,情绪退潮,观望,资金撤退型,,D,回避：资金撤退,-2.6
002278,神开股份,7.91,-4.6,0.35,-56.3,-3.7,-10791800,-38416736,-9262538,1964518,3091127,-4663278,缩量,低,情绪退潮,观望,长线吸筹型,,D,回避：资金观望,-1.2
002279,久其软件,6.66,-6.6,1.37,-9.1,2.05,25427348,64963027,101960416,-19944735,-14435324,29627162,缩量,低,情绪退潮,观望,主力建仓型,,D,回避：资金观望,0.7
002273,水晶光电,26.19,-58.7,0.96,-9.3,-1.57,-63000026,-245490796,-553506096,53560018,66044706,-37976221,缩量,低,情绪退潮,吸筹,资金撤退型,机构吸筹+盈利(关注),C,谨慎：资金流入未验证业绩,23.5
002281,光迅科技,190.0,-59.3,0.93,9.7,3.46,1197026340,330061216,2464056415,-19829388,-5520748,-81947237,缩量,低,情绪退潮,观望,资金观望型,,D,回避：资金观望,1.2
002283,天润工业,7.99,-60.0,0.74,-28.0,-2.79,-19628035,15463982,-20405609,-7302747,-6836373,10830198,缩量,低,情绪退潮,观望,资金观望型,,D,回避：资金观望,-0.9
002282,博深股份,6.07,-33.4,0.58,-17.5,-1.85,-1595163,-3744663,-17864789,20528,-1555936,-2454955,缩量,低,情绪退潮,观望,资金撤退型,,D,回避：资金撤退,-0.6
002284,亚太股份,9.59,1.0,0.53,-49.3,0.23,2048753,-84600126,14977244,-22257356,-25271249,7740357,缩量,低,情绪退潮,观望,长线吸筹型,,D,回避：资金观望,0.1
002287,奇正藏药,19.55,-68.9,1.8,-9.6,0.56,697752,-4027055,-7717191,-1547150,0,1584907,缩量,低,情绪退潮,观望,资金观望型,,D,回避：资金观望,0.2
002289,宇顺电子,35.94,-43.7,2.36,13.7,-1.97,-14993417,-5206641,-70191303,3868634,-1712043,-4599548,缩量,低,情绪退潮,观望,资金观望型,,D,回避：资金观望,-0.7
002290,禾盛新材,74.65,126.3,0.32,16.6,2.06,68776459,104239078,271664754,-4516905,-26721177,-17269913,放量,低,游资情绪,观望,均衡流入型,,D,回避：资金观望,8.7
002285,世联行,3.17,1515.7,0.64,76.8,3.62,159228328,177910779,375126627,29185491,73806157,6076456,放量,低,游资情绪,抢筹,均衡流入型,纯资金炒作(亏损风险),C,谨慎：纯资金炒作,29.2
002292,奥飞娱乐,8.71,-23.2,2.38,-23.4,-1.29,-29834840,-135204678,-58216485,-47405908,-37050048,28800828,缩量,低,情绪退潮,观望,资金观望型,,D,回避：资金观望,-0.4
002286,保龄宝,8.75,453.6,0.58,0.5,-4.59,-35922983,-61750674,-10760790,82210526,83989112,-47461131,放量,低,游资情绪,抢筹,资金观望型,机构吸筹+盈利(关注),C,谨慎：资金流入未验证业绩,46.5
002294,信立泰,30.98,-84.7,2.41,7.9,-0.35,-5321574,-108336936,-224318224,-11361318,-2938664,4313415,缩量,低,情绪退潮,观望,资金撤退型,,D,回避：资金撤退,-0.1
002295,精艺股份,10.18,322.1,0.63,43.9,-5.14,-45576781,-101927151,6417802,-7688616,-4137169,15414773,放量,低,游资情绪,观望,长线吸筹型,,D,回避：资金观望,6.3
002293,罗莱生活,10.78,-79.7,0.51,-40.8,-7.4,-9659501,-27262938,-49500116,-2288219,-2838886,380944,缩量,低,情绪退潮,观望,资金撤退型,,D,回避：资金撤退,-2.5
002297,博云新材,21.3,7.4,0.27,8.8,-5.36,-439827843,-191922472,745538622,-44384074,-9384451,96903558,缩量,低,情绪退潮,观望,高位分歧型,,D,回避：资金观望,-1.8
002298,中电鑫龙,8.62,-19.4,2.08,52.0,3.9,108591828,113015134,86543376,-33154577,-15878422,50877131,缩量,低,情绪退潮,观望,趋势转多型,,D,回避：资金观望,1.3
002291,遥望科技,5.49,-3.6,0.74,-56.3,5.32,45020142,22057844,62962206,-18320048,-12137667,13995309,缩量,中,主力惜售,进场,资金观望型,纯资金炒作(亏损风险),C,谨慎：纯资金炒作,25.8
002299,圣农发展,15.91,-56.8,1.21,-17.8,-1.74,-12851892,-18842515,-84596825,-5883105,-3349870,1565140,缩量,低,情绪退潮,观望,资金撤退型,,D,回避：资金撤退,-0.6
002302,西部建设,4.79,47.9,1.11,-17.9,-0.08,-120390,-7711730,-4427452,8681702,3482532,-13230661,缩量,低,情绪退潮,观望,资金观望型,,D,回避：资金观望,-0.0
002296,辉煌科技,9.55,9.6,0.64,107.9,6.22,28105724,919897,-7057185,2489382,-2105702,-7393258,缩量,中,主力惜售,进场,资金观望型,资金+业绩共振(双击候选),B,关注：资金+业绩共振,86.1
002309,中利集团,2.82,-44.4,0.42,6.0,-1.5,-19381221,-56668013,-88236898,-37033760,-35707094,26311690,缩量,低,情绪退潮,观望,资金撤退型,,D,回避：资金撤退,-0.5
002300,太阳电缆,7.98,79.8,0.6,29.8,8.78,322228343,254894597,506847601,-49040413,-27188607,66944341,放量,中,主力偏强放量,进场,资金观望型,资金+业绩共振(双击候选),B,关注：资金+业绩共振,90.9
002312,川发龙蟒,8.41,8.5,0.37,3.4,2.08,23859793,-151658231,-10191851,-34808690,-28926391,20263505,缩量,低,情绪退潮,观望,资金观望型,,D,回避：资金观望,0.7
002301,齐心集团,8.76,267.0,0.64,33.1,5.22,58737918,61352765,6067541,492123,-22278516,-22348717,放量,中,主力偏强放量,进场,趋势转多型,资金+业绩共振(双击候选),B,关注：资金+业绩共振,89.7
002303,美盈森,6.7,273.3,6.41,71.9,6.48,213097657,171837861,272895566,-83866304,-61190662,101856747,放量,中,主力偏强放量,进场,资金观望型,资金+业绩共振(双击候选),B,关注：资金+业绩共振,90.2
002316,亚联发展,4.25,6.2,0.76,68.6,-8.37,-29973566,-29642387,-28427537,-2160565,-2129488,-4224584,缩量,低,情绪退潮,观望,资金观望型,,D,回避：资金观望,-2.8
002317,众生药业,24.92,-71.5,2.84,16.3,-1.89,-51323821,-28437428,52804095,-3758274,-8283130,6611741,缩量,低,情绪退潮,观望,资金观望型,,D,回避：资金观望,-0.6
002304,洋河股份,38.03,-36.8,1.37,-37.5,1.11,7313568,-14751422,-39432540,6145984,7724409,12962779,缩量,低,情绪退潮,进场,资金观望型,资金+业绩共振(双击候选),B,关注：资金+业绩共振,72.4
002307,北新路桥,2.99,4.6,0.98,-22.5,-0.02,-73723,2834926,-25231181,2353122,6252859,-5764408,缩量,低,情绪退潮,吸筹,资金观望型,纯资金炒作(亏损风险),C,谨慎：纯资金炒作,4.0
002313,日海智能,9.31,512.7,0.25,26.5,7.61,64261822,52575854,53509784,34077075,19948105,-40791756,放量,中,主力偏强放量,抢筹,资金观望型,纯资金炒作(亏损风险),C,谨慎：纯资金炒作,38.5
002310,东方新能,2.23,-52.0,0.39,75.1,-5.22,-51220323,10126955,-26376709,344958,1262845,-272480,缩量,低,情绪退潮,吸筹,资金观望型,纯资金炒作(亏损风险),C,谨慎：纯资金炒作,2.3
002311,海大集团,41.44,-32.6,0.97,-31.1,0.06,849495,45545710,-77615952,14491091,-9048167,-4399667,缩量,低,情绪退潮,进场,趋势转多型,资金+业绩共振(双击候选),B,关注：资金+业绩共振,72.0
002319,乐通股份,10.06,-58.0,1.16,-14.3,-11.79,-38319216,-68392081,-115110643,-3530604,-4112791,-1320947,缩量,低,情绪退潮,观望,资金撤退型,,D,回避：资金撤退,-3.9
002315,焦点科技,25.6,17.8,1.0,-19.3,3.01,35059236,-4265220,-34516673,20289331,11271719,-16228711,缩量,低,情绪退潮,进场,资金观望型,资金+业绩共振(双击候选),B,关注：资金+业绩共振,73.0
002314,南山控股,2.34,229.8,0.53,-0.8,2.85,11303591,10000478,2951155,9013859,-52843,-10702031,放量,低,游资情绪,进场,资金观望型,纯资金炒作(亏损风险),C,谨慎：纯资金炒作,20.9
002320,海峡股份,6.41,100.8,0.89,-22.1,-5.84,-67919994,-3761634,196256236,-41689381,-21599018,42707632,放量,低,游资情绪,观望,高位分歧型,,D,回避：资金观望,6.1
002322,理工能科,12.0,26.3,0.25,-58.7,-3.52,-10007926,-28804803,-83396955,-1686621,-595268,-4426948,缩量,低,情绪退潮,观望,资金撤退型,,D,回避：资金撤退,-1.2
002324,普利特,9.13,-56.4,0.31,-41.5,-0.17,-1165503,-59258418,57172727,5459665,6154197,-8758013,缩量,低,情绪退潮,观望,长线吸筹型,,D,回避：资金观望,-0.1
002318,久立特材,18.31,-73.9,0.65,-46.1,4.97,22264738,3593255,2520709,5768570,1327042,-1246404,缩量,低,情绪退潮,吸筹,资金观望型,资金+业绩共振(双击候选),B,关注：资金+业绩共振,65.7
002326,永太科技,16.96,-81.9,0.65,-29.2,-6.29,-76040047,-160086587,-311970680,-11200327,-6478730,26388084,缩量,低,情绪退潮,观望,资金撤退型,,D,回避：资金撤退,-2.1
002327,富安娜,6.12,-61.2,0.32,-34.6,-4.49,-3614523,-7821507,1746236,1458704,529992,-1302607,缩量,低,情绪退潮,观望,长线吸筹型,,D,回避：资金观望,-1.5
002329,皇氏集团,3.63,-54.4,1.37,-41.7,-0.97,-4230203,-9715469,-63866952,14344447,3872715,-19334824,缩量,低,情绪退潮,观望,资金撤退型,,D,回避：资金撤退,-0.3
002321,华英农业,2.06,459.5,0.84,89.1,9.6,129901218,104640689,100642938,-12933308,-19486236,-1328982,放量,中,主力偏强放量,进场,资金观望型,纯资金炒作(亏损风险),C,谨慎：纯资金炒作,31.2
002332,仙琚制药,8.73,-29.5,1.54,-51.1,-2.12,-9328828,-18304670,-54103784,-4029964,-856409,10400474,缩量,低,情绪退潮,观望,资金撤退型,,D,回避：资金撤退,-0.7
002331,皖通科技,6.84,-29.4,0.17,-36.5,-4.96,-11066521,-20370242,-15189879,-562188,-499156,-1867996,缩量,低,情绪退潮,观望,资金观望型,,D,回避：资金观望,-1.7
002337,赛象科技,4.87,199.0,0.65,39.9,-1.03,-2659712,171338,-21636517,2592459,-1254466,-14625083,放量,低,游资情绪,观望,资金观望型,,D,回避：资金观望,7.7
002334,英威腾,6.54,1.2,0.71,-4.7,-1.87,-5476368,-7972201,-21937013,6263422,3459257,-7117695,缩量,低,情绪退潮,观望,资金撤退型,,D,回避：资金撤退,-0.6
002330,得利斯,4.08,-19.2,0.57,-25.1,3.01,6199376,2074559,13461661,7681205,5531234,-6694301,缩量,低,情绪退潮,进场,资金观望型,纯资金炒作(亏损风险),C,谨慎：纯资金炒作,13.0
002328,新朋股份,8.92,208.4,0.29,-50.9,2.51,70904049,-125051876,128583411,41723246,5381039,-33930160,放量,低,游资情绪,进场,资金观望型,资金+业绩共振(双击候选),B,关注：资金+业绩共振,80.8
002340,格林美,6.22,-72.4,0.25,-32.4,-5.71,-75230109,-225504342,-486510391,-16852497,-14728486,13148464,缩量,低,情绪退潮,观望,资金撤退型,,D,回避：资金撤退,-1.9
002339,积成电子,7.49,119.3,0.78,270.0,4.38,86680170,59047807,30452747,-10495297,-14883188,19328367,放量,低,游资情绪,观望,资金观望型,,D,回避：资金观望,9.5
002333,罗普斯金,5.79,142.1,0.46,-17.5,5.84,20781060,17226232,-79954453,1075669,358301,-976803,放量,中,主力偏强放量,进场,资金观望型,资金+业绩共振(双击候选),B,关注：资金+业绩共振,89.9
002335,科华数据,32.63,184.9,0.53,20.9,0.15,6475979,-107951405,-189670086,517770561,507648823,-308031350,放量,低,游资情绪,抢筹,资金观望型,资金+业绩共振(双击候选),B,关注：资金+业绩共振,88.0
002342,巨力索具,7.54,-64.1,0.22,6.0,-2.58,-37088733,18046718,55123393,-18390795,-6907071,27067454,缩量,低,情绪退潮,观望,资金观望型,,D,回避：资金观望,-0.9
002345,潮宏基,8.61,-71.2,1.39,-62.1,-3.37,-14031537,-40729257,-75583786,3786018,2155037,-9363873,缩量,低,情绪退潮,观望,资金撤退型,,D,回避：资金撤退,-1.1
002338,奥普光电,46.7,30.1,0.71,32.5,3.9,54375726,42785668,39103509,13400828,19244252,5752036,缩量,低,情绪退潮,进场,资金观望型,资金+业绩共振(双击候选),B,关注：资金+业绩共振,73.3
002346,柘中股份,18.52,-3.7,2.21,52.3,0.98,8338719,90100749,93992762,-20977533,-16692819,22191040,缩量,低,情绪退潮,观望,均衡流入型,,D,回避：资金观望,0.3
002347,泰尔股份,5.76,-34.1,0.56,-50.5,-0.22,-590100,-12561170,-39800698,-3435755,-2064566,-615120,缩量,低,情绪退潮,观望,资金撤退型,,D,回避：资金撤退,-0.1
002349,精华制药,8.57,495.1,0.92,44.3,4.77,166632579,415358871,823151154,-35043368,-12096103,32455548,放量,低,游资情绪,观望,主力建仓型,,D,回避：资金观望,9.6
002348,高乐股份,10.86,-71.0,1.05,17.4,-1.86,-13157537,16079632,-22386674,1612481,2008113,-4122937,缩量,低,情绪退潮,观望,资金观望型,,D,回避：资金观望,-0.6
002343,慈文传媒,5.8,67.9,0.91,-4.5,-0.57,-2824885,-1056312,65603952,3935658,3165171,-3536312,放量,低,游资情绪,抢筹,长线吸筹型,纯资金炒作(亏损风险),C,谨慎：纯资金炒作,27.8
002350,北京科锐,13.94,-66.2,0.79,-31.8,-9.4,-48856325,-76626000,-43093005,-12110080,-12470797,6478016,缩量,低,情绪退潮,观望,长线吸筹型,,D,回避：资金观望,-3.1
002351,漫步者,10.03,-44.0,1.23,-21.0,2.19,6822122,-1380454,-27272275,-7547803,-3601281,12814360,缩量,低,情绪退潮,观望,资金观望型,,D,回避：资金观望,0.7
002344,海宁皮城,3.98,-21.3,0.62,-9.4,-6.73,-10905550,-20822608,-53062341,836943,2145833,-430762,缩量,低,情绪退潮,吸筹,资金撤退型,机构吸筹+盈利(关注),C,谨慎：资金流入未验证业绩,21.8
002354,天娱数科,7.53,-27.1,5.39,-47.9,0.65,57728057,-268004075,38728107,-231970330,-140840187,309789045,缩量,低,情绪退潮,观望,资金观望型,,D,回避：资金观望,0.2
002355,兴民智通,4.61,-61.2,1.09,-19.8,-4.27,-11397728,-951088,-6627048,-1171031,-1246446,700571,缩量,低,情绪退潮,观望,资金观望型,,D,回避：资金观望,-1.4
002353,杰瑞股份,116.84,7.8,1.26,-16.2,4.67,520927906,288247623,-199262407,-254122099,-173873888,348440113,缩量,低,情绪退潮,观望,资金观望型,,D,回避：资金观望,1.6
002356,鹏飞绿能,2.69,-24.6,0.48,8.2,-6.87,-15857232,-19421820,-24180008,-1358469,1483175,-1513171,缩量,低,情绪退潮,观望,资金撤退型,,D,回避：资金撤退,-2.3
002357,富临运业,11.95,3.5,0.5,-2.9,2.7,13504453,8208639,96751717,-1599513,-1394884,4301610,缩量,低,情绪退潮,观望,资金观望型,,D,回避：资金观望,0.9
002352,顺丰控股,30.89,-64.0,0.84,-39.3,5.19,99638987,-56777897,-286065879,24385951,2339559,-9429922,缩量,中,主力惜售,进场,资金观望型,资金+业绩共振(双击候选),B,关注：资金+业绩共振,85.7
002358,森源电气,5.17,-10.9,0.69,17.2,1.06,3911452,-19525151,-29115468,-12623332,-13563005,892548,缩量,低,情绪退潮,观望,资金观望型,,D,回避：资金观望,0.4
002363,隆基机械,6.87,-38.4,0.55,-22.0,2.12,2814215,-1057390,-91972,-473946,21918,1948068,缩量,低,情绪退潮,观望,资金观望型,,D,回避：资金观望,0.7
002362,汉王科技,15.93,95.6,0.87,125.1,-6.82,-55838636,46523535,50973904,-13030377,-4296745,18101576,放量,低,游资情绪,观望,资金观望型,,D,回避：资金观望,5.7
002361,神剑股份,10.1,-65.5,0.23,-31.0,-0.84,-27869364,-58255545,84443565,-51436804,-27206666,54364586,缩量,低,情绪退潮,观望,资金观望型,,D,回避：资金观望,-0.3
002364,中恒电气,36.34,-74.2,0.9,-35.0,-0.27,-10233794,-124757026,-326299689,-34046420,-34111048,39413833,缩量,低,情绪退潮,观望,资金撤退型,,D,回避：资金撤退,-0.1
002366,融发核电,5.58,-59.6,0.97,-54.0,-2.61,-18814094,-41124676,62623328,-39557548,-28483277,35638992,缩量,低,情绪退潮,观望,长线吸筹型,,D,回避：资金观望,-0.9
002365,永安药业,13.84,-24.8,2.86,-43.0,-3.16,-42350673,-289134133,-231119858,-23612384,-14182632,25467093,缩量,低,情绪退潮,观望,资金观望型,,D,回避：资金观望,-1.1
002369,卓翼科技,5.64,-64.2,1.53,-62.2,-2.02,-5521767,-20567571,-38399525,-2455603,-1110225,952645,缩量,低,情绪退潮,观望,资金撤退型,,D,回避：资金撤退,-0.7
002368,太极股份,13.12,-39.3,0.63,-18.2,-5.28,-30165920,-35521410,-39811895,-3593442,-6098677,2145747,缩量,低,情绪退潮,观望,资金撤退型,,D,回避：资金撤退,-1.8
002371,北方华创,668.15,-76.8,1.43,-0.6,4.9,1043189263,910559506,-333954764,-112494233,-61317818,-348270,缩量,低,情绪退潮,观望,资金观望型,,D,回避：资金观望,1.6
002370,亚太药业,5.24,-56.8,1.03,-27.2,0.3,1330183,-37750522,38834075,-8090602,-7541919,6019227,缩量,低,情绪退潮,观望,长线吸筹型,,D,回避：资金观望,0.1
002372,伟星新材,8.26,-45.7,1.28,-39.9,-0.47,-1254635,-23130470,-32765236,-4713058,1270210,6821211,缩量,低,情绪退潮,观望,资金撤退型,,D,回避：资金撤退,-0.2
002367,康力电梯,6.19,343.2,1.08,44.0,1.15,11984781,13209679,27087615,21749912,14057160,-38751357,放量,低,游资情绪,抢筹,均衡流入型,资金+业绩共振(双击候选),B,关注：资金+业绩共振,88.4
002373,千方科技,7.38,-55.7,0.52,-37.4,-1.64,-6520218,-11720920,-8649364,-3841645,-7298261,-738382,缩量,低,情绪退潮,观望,资金观望型,,D,回避：资金观望,-0.5
002377,国创高新,2.99,103.1,0.25,196.7,-3.38,-36622426,-35373608,-56025521,-7560058,-3464165,20997828,放量,低,游资情绪,观望,资金观望型,,D,回避：资金观望,6.9
002376,新北洋,6.73,-41.4,0.9,-28.7,0.09,284012,-7084667,-22517153,-3741077,-1143412,6391611,缩量,低,情绪退潮,观望,资金观望型,,D,回避：资金观望,0.0
002378,章源钨业,23.19,-73.7,0.48,9.1,-4.82,-120752668,-92780283,-335852098,-43930987,-23876665,63598121,缩量,低,情绪退潮,观望,资金观望型,,D,回避：资金观望,-1.6
002379,宏桥控股,16.51,-56.5,1.98,-40.0,-1.27,-31518779,-26469714,-43605730,-52631655,-35185844,44301083,缩量,低,情绪退潮,观望,资金观望型,,D,回避：资金观望,-0.4
002381,双箭股份,5.57,-45.1,0.59,-10.6,1.44,1372075,317455,56194,-45894,652,180936,缩量,低,情绪退潮,观望,资金观望型,,D,回避：资金观望,0.5
002382,蓝帆医疗,5.86,-65.1,0.38,-20.9,-6.92,-19928950,-33924407,-25399504,-2808192,-2565091,494950,缩量,低,情绪退潮,观望,资金观望型,,D,回避：资金观望,-2.3
002374,中锐股份,3.24,43.4,1.11,19.5,-1.25,-4086739,-18963885,-44523485,11933568,10542195,-9107123,缩量,低,情绪退潮,吸筹,资金撤退型,纯资金炒作(亏损风险),C,谨慎：纯资金炒作,3.6
002384,东山精密,193.0,-57.7,1.3,7.6,2.9,1758638648,1018974701,-429805199,-1525075714,-1313118260,1112522344,缩量,低,情绪退潮,观望,资金观望型,,D,回避：资金观望,1.0
002375,亚厦股份,3.95,283.6,0.49,-18.6,0.66,2645747,7815019,38425640,25484364,17904306,-27117806,放量,低,游资情绪,抢筹,长线吸筹型,资金+业绩共振(双击候选),B,关注：资金+业绩共振,88.2
002386,天原股份,6.03,-33.4,0.19,-0.2,1.84,9882420,12416173,-27149640,-7971021,-5673216,-496210,缩量,低,情绪退潮,观望,趋势转多型,,D,回避：资金观望,0.6
002387,维信诺,6.94,-61.5,1.85,-35.5,-2.62,-9707390,-14279611,-37479874,-6906974,-1131950,6217870,缩量,低,情绪退潮,观望,资金撤退型,,D,回避：资金撤退,-0.9
002385,大北农,3.14,-9.6,0.96,-53.6,-5.37,-71273491,-165807123,-60591530,-36952223,-22329239,33697140,缩量,低,情绪退潮,观望,长线吸筹型,,D,回避：资金观望,-1.8
002380,科远智慧,27.46,-63.2,0.56,-33.9,5.6,24568790,11018808,48553789,-3595228,-2036074,4497565,缩量,中,主力惜售,进场,资金观望型,资金+业绩共振(双击候选),B,关注：资金+业绩共振,85.9
002389,航天彩虹,18.66,-46.0,0.84,-13.6,-7.04,-113890321,-231803058,-152000672,-8102145,47046,5439961,缩量,低,情绪退潮,观望,资金观望型,,D,回避：资金观望,-2.3
002383,合众思壮,8.52,477.0,0.65,150.1,9.87,179619612,211164933,286460908,9969022,10657709,-16004763,放量,中,主力偏强放量,进场,均衡流入型,纯资金炒作(亏损风险),C,谨慎：纯资金炒作,31.3
002390,信邦制药,2.96,-13.9,0.72,-31.3,2.17,7494330,11180174,40523402,-6959287,-11033688,5353011,缩量,低,情绪退潮,观望,均衡流入型,,D,回避：资金观望,0.7
002393,力生制药,13.93,-62.6,0.63,-18.2,1.13,1415440,-9914709,-8567658,-401197,559986,1223863,缩量,低,情绪退潮,观望,资金观望型,,D,回避：资金观望,0.4
002392,北京利尔,7.64,-62.8,0.58,-35.3,-5.24,-18108783,-44331392,-61086993,-3921297,-4443228,2256898,缩量,低,情绪退潮,观望,资金撤退型,,D,回避：资金撤退,-1.7
002394,联发股份,10.33,-56.1,0.44,-23.9,-9.62,-18200625,-7788314,7525158,1767951,1293907,-3450559,缩量,低,情绪退潮,观望,高位分歧型,,D,回避：资金观望,-3.2
002388,新亚制程,7.96,73.6,2.33,39.8,2.13,57402488,114760486,97989748,29114252,13727375,-40800938,放量,低,游资情绪,进场,趋势转多型,纯资金炒作(亏损风险),C,谨慎：纯资金炒作,20.7
002395,双象股份,12.77,76.9,0.17,-52.1,-1.24,-2635970,-16233301,17282718,3676905,-5248814,-7585821,放量,低,游资情绪,观望,长线吸筹型,,D,回避：资金观望,7.6
002396,星网锐捷,36.52,-26.4,5.88,-23.7,1.67,301560501,-91284593,1106418070,-313426689,-228888136,324775091,缩量,低,情绪退潮,观望,长线吸筹型,,D,回避：资金观望,0.6
002397,梦洁股份,3.61,-36.8,0.34,-21.3,-5.46,-14798610,-30440599,-15068592,-4482937,-5504864,2256550,缩量,低,情绪退潮,观望,资金观望型,,D,回避：资金观望,-1.8
002391,长青股份,5.14,7.3,0.39,-38.9,10.09,17367377,14264337,16718575,1028721,2659599,-5200469,缩量,高,主力控盘,控盘,资金观望型,控盘+盈利(稳健),B,关注：控盘稳健+盈利,71.4
002400,省广集团,6.53,-34.2,0.78,-44.4,1.44,29575958,-114614874,-230204323,-73653383,-61609459,70460253,缩量,低,情绪退潮,观望,资金观望型,,D,回避：资金观望,0.5
002402,和而泰,18.72,-76.4,0.6,6.7,-1.27,-20054438,-95946134,-256477751,-18390404,-15077979,23706690,缩量,低,情绪退潮,观望,资金撤退型,,D,回避：资金撤退,-0.4
002401,中远海科,12.11,-47.0,0.83,-17.3,3.35,4903940,12105284,4851540,-1210724,-546300,675513,缩量,低,情绪退潮,观望,趋势转多型,,D,回避：资金观望,1.1
002403,爱仕达,10.1,92.0,1.08,39.0,-7.04,-75301157,-99278947,80038960,-12604115,-3973201,35145121,放量,低,游资情绪,观望,长线吸筹型,,D,回避：资金观望,5.7
002404,嘉欣丝绸,5.81,-19.0,0.65,-21.0,0.66,1465406,-14957186,-39240617,-4765750,-4207230,1721645,缩量,低,情绪退潮,观望,资金观望型,,D,回避：资金观望,0.2
002398,垒知集团,4.2,-31.0,0.72,1.3,1.57,3485930,5985871,8975230,1510350,-196210,-3058170,缩量,低,情绪退潮,进场,均衡流入型,资金+业绩共振(双击候选),B,关注：资金+业绩共振,72.5
002405,四维图新,6.04,-56.3,0.71,-27.0,1.43,11541084,2085875,5199098,-10314767,-12158569,9218158,缩量,低,情绪退潮,观望,资金观望型,,D,回避：资金观望,0.5
002407,多氟多,32.09,-78.1,1.03,-47.1,-3.29,-313184731,-819020382,-2280573540,-171628552,-58905920,247337006,缩量,低,情绪退潮,观望,资金撤退型,,D,回避：资金撤退,-1.1
002399,海普瑞,9.73,-51.4,1.71,-30.2,-2.7,-5618930,-5026792,-22759788,510169,1229684,-994855,缩量,低,情绪退潮,吸筹,资金观望型,机构吸筹+盈利(关注),C,谨慎：资金流入未验证业绩,23.1
002410,广联达,8.46,-43.9,0.68,-31.9,-1.15,-8569161,-55021378,906229,-37814546,-2188880,20432751,缩量,低,情绪退潮,观望,长线吸筹型,,D,回避：资金观望,-0.4
002412,汉森制药,9.41,91.0,1.46,-56.5,0.47,14052260,-157150459,-645010108,-25379134,-8848664,60149476,放量,低,游资情绪,观望,资金观望型,,D,回避：资金观望,8.2
002413,雷科防务,8.15,-18.3,0.52,54.0,-2.09,-35279504,-6956500,-79940575,24773775,8883368,-35990628,缩量,低,情绪退潮,观望,资金观望型,,D,回避：资金观望,-0.7
002406,远东传动,6.4,-51.5,0.19,-35.0,-0.36,-1135782,-18112797,-20930371,144408,763858,-734566,缩量,低,情绪退潮,吸筹,资金撤退型,机构吸筹+盈利(关注),C,谨慎：资金流入未验证业绩,23.9
002414,高德红外,12.02,-72.7,1.11,-34.2,-6.02,-150465474,-321929133,-544072233,-61591513,-31218459,58107585,缩量,低,情绪退潮,观望,资金撤退型,,D,回避：资金撤退,-2.0
002409,雅克科技,137.28,-75.1,4.78,5.9,1.64,193236356,46735583,-516764457,85374388,-3206950,-42700966,缩量,低,情绪退潮,进场,资金观望型,资金+业绩共振(双击候选),B,关注：资金+业绩共振,72.5
002418,康盛股份,4.54,86.5,0.16,-72.6,-0.54,-10146158,-375170755,-423293336,-23278041,-15546762,58443653,放量,低,游资情绪,观望,资金撤退型,,D,回避：资金撤退,7.8
002416,爱施德,9.01,-46.3,0.52,-25.4,-2.36,-15577111,-79903346,-91916539,-9243320,-13625019,5772074,缩量,低,情绪退潮,观望,资金撤退型,,D,回避：资金撤退,-0.8
002408,齐翔腾达,5.37,-57.6,0.53,-34.7,4.06,17533283,25093171,-55327339,108214,5213638,1736226,缩量,低,情绪退潮,进场,趋势转多型,纯资金炒作(亏损风险),C,谨慎：纯资金炒作,13.4
002420,毅昌科技,6.11,-51.9,0.46,-10.8,3.69,7188770,2027788,16344849,-118715,-516557,-1092131,缩量,低,情绪退潮,观望,资金观望型,,D,回避：资金观望,1.2
002419,天虹股份,4.57,6.1,0.39,-21.4,-0.61,-1753143,-9707603,21408707,393022,-3437147,-8763139,缩量,低,情绪退潮,观望,长线吸筹型,,D,回避：资金观望,-0.2
002421,达实智能,3.16,-53.8,3.43,-50.7,1.24,17724058,-27832178,-69655816,-22312000,-16043930,28970447,缩量,低,情绪退潮,观望,资金观望型,,D,回避：资金观望,0.4
002423,中粮资本,9.23,-53.3,1.35,-53.9,-2.21,-11505335,-22360416,-158427076,-4581480,-2130744,5854871,缩量,低,情绪退潮,观望,资金撤退型,,D,回避：资金撤退,-0.7
002415,海康威视,33.11,-76.3,1.62,-38.6,4.86,343836979,-614340652,-2162936474,6703182,12748061,-102413369,缩量,低,情绪退潮,进场,资金观望型,资金+业绩共振(双击候选),B,关注：资金+业绩共振,73.6
002425,凯撒文化,3.05,-22.2,0.98,-49.2,0.14,734579,-7207179,15556250,-13074108,-7500875,15413097,缩量,低,情绪退潮,观望,资金观望型,,D,回避：资金观望,0.0
002422,科伦药业,41.7,-69.9,3.94,-9.3,-2.72,-121959455,-140672926,-408825452,15093241,-20869238,-15564004,缩量,低,情绪退潮,观望,资金撤退型,,D,回避：资金撤退,-0.9
002427,尤夫股份,4.56,-54.8,0.75,-65.9,-0.99,-2138372,-16527076,115517156,-3293841,-1341186,1938583,缩量,低,情绪退潮,观望,长线吸筹型,,D,回避：资金观望,-0.3
002428,云南锗业,94.39,-37.7,0.8,-11.2,3.87,1002634242,972093359,81380670,-130391714,-48185528,114151106,缩量,低,情绪退潮,观望,资金观望型,,D,回避：资金观望,1.3
002430,杭氧股份,25.35,-62.8,0.42,-53.6,-7.07,-89163347,-261632078,-291708066,-21186914,-19037323,9692489,缩量,低,情绪退潮,观望,资金撤退型,,D,回避：资金撤退,-2.4
002429,兆驰股份,8.24,-71.3,0.44,-23.5,2.77,50458436,58883993,47005571,-12721948,-7613187,14282785,缩量,低,情绪退潮,观望,趋势转多型,,D,回避：资金观望,0.9
002432,九安医疗,63.33,-73.7,1.2,-30.6,3.75,176209297,-148139046,373989146,-102232275,-69024129,142056394,缩量,低,情绪退潮,观望,资金观望型,,D,回避：资金观望,1.2
002426,胜利精密,2.96,106.2,0.71,38.2,-2.53,-40612923,-74932622,-86899034,303830688,329555581,-160175392,放量,低,游资情绪,抢筹,资金撤退型,纯资金炒作(亏损风险),C,谨慎：纯资金炒作,27.2
002437,誉衡药业,3.64,106.5,1.33,-58.4,1.07,67202447,-624620450,-534706474,-122813326,-74045926,167054145,放量,低,游资情绪,观望,资金观望型,,D,回避：资金观望,8.4
002439,启明星辰,14.47,-14.6,0.8,116.8,3.85,99038636,48100856,-832377,-93727300,-61773435,85895416,缩量,低,情绪退潮,观望,资金观望型,,D,回避：资金观望,1.3
002446,盛路通信,8.07,-47.2,1.07,29.2,-1.39,-14144208,-23705763,-138144155,-48506136,-44988717,13056517,缩量,低,情绪退潮,观望,资金撤退型,,D,回避：资金撤退,-0.5
002444,巨星科技,28.0,-67.1,0.81,-2.1,-0.86,-12379945,4741262,-8383899,-3051322,14017568,3779028,缩量,低,情绪退潮,观望,资金观望型,,D,回避：资金观望,-0.3
002443,金洲管道,13.37,318.7,0.31,49.7,-10.74,-349524508,-329810404,-279678324,-41126133,-21027758,79988382,放量,低,游资情绪,观望,资金观望型,,D,回避：资金观望,4.4
002436,兴森科技,45.9,58.7,1.05,27.1,4.3,1338735532,1006297511,3366193278,334297844,298127124,13046175,放量,低,游资情绪,进场,资金观望型,资金+业绩共振(双击候选),B,关注：资金+业绩共振,81.4
002438,江苏神通,13.8,-65.1,1.14,-41.6,-1.04,-3156335,-23605584,-79399564,1104683,2695370,-173857,缩量,低,情绪退潮,吸筹,资金撤退型,机构吸筹+盈利(关注),C,谨慎：资金流入未验证业绩,23.7
002440,闰土股份,13.06,-41.2,1.06,-40.5,4.94,113010050,2161934,-4445123,43046864,21560917,-51463418,缩量,低,情绪退潮,进场,资金观望型,资金+业绩共振(双击候选),B,关注：资金+业绩共振,73.6
002434,万里扬,6.19,-5.3,1.03,78.8,2.87,19854106,8447814,-10822507,2302367,753952,-1898425,缩量,低,情绪退潮,进场,资金观望型,资金+业绩共振(双击候选),B,关注：资金+业绩共振,73.0
002441,众业达,8.18,-45.5,0.36,-36.8,1.04,1596228,-2110428,-621645,2082249,2635932,-426409,缩量,低,情绪退潮,吸筹,资金观望型,资金+业绩共振(双击候选),B,关注：资金+业绩共振,64.3
002448,中原内配,11.11,-69.3,0.44,-36.1,-2.99,-19845089,-3929653,-93243596,-19758857,-8660196,14408247,缩量,低,情绪退潮,观望,资金观望型,,D,回避：资金观望,-1.0
002442,龙星科技,5.56,246.9,0.43,195.5,-0.03,-482174,2640963,-11394862,-3559848,1149458,5028940,放量,低,游资情绪,抢筹,资金观望型,机构吸筹+盈利(关注),C,谨慎：资金流入未验证业绩,48.0
002449,国星光电,6.69,-15.9,0.65,-18.1,-0.49,-1597690,-13806787,-37745900,-3331205,-4956408,994802,缩量,低,情绪退潮,观望,资金撤退型,,D,回避：资金撤退,-0.2
002452,长高电气,11.82,-68.8,1.29,-30.4,-2.91,-18823714,-74081140,-101650433,-6156356,-3666949,6536043,缩量,低,情绪退潮,观望,资金撤退型,,D,回避：资金撤退,-1.0
002451,摩恩电气,7.49,3.0,0.85,-8.0,-4.16,-19286374,-45405565,-26695466,-444481,2321354,4622627,缩量,低,情绪退潮,观望,资金观望型,,D,回避：资金观望,-1.4
002453,华软科技,5.1,864.5,0.56,534.6,3.8,82098481,77630132,61665582,10422892,10077859,-11988640,放量,低,游资情绪,进场,资金观望型,纯资金炒作(亏损风险),C,谨慎：纯资金炒作,21.3
002461,珠江啤酒,8.38,-65.5,0.53,-27.5,-3.51,-4628924,-10229272,-14443656,1548425,547400,-1777820,缩量,低,情绪退潮,观望,资金撤退型,,D,回避：资金撤退,-1.2
002454,松芝股份,5.13,-37.7,0.3,-5.9,4.93,9968543,-10136386,-26375108,600265,578308,1744682,缩量,低,情绪退潮,进场,资金观望型,资金+业绩共振(双击候选),B,关注：资金+业绩共振,73.6
002455,百川股份,6.9,-52.2,0.29,-56.0,-1.59,-10324485,-70150902,-324169277,-9348034,50354,8455856,缩量,低,情绪退潮,观望,资金撤退型,,D,回避：资金撤退,-0.5
002458,益生股份,8.21,-67.5,3.09,-48.9,-1.01,-9604350,-118493520,-87721658,-608098,4926575,828258,缩量,低,情绪退潮,观望,资金观望型,,D,回避：资金观望,-0.3
002465,海格通信,10.21,-60.9,0.8,6.1,-2.36,-48391151,-18200888,-119521725,9374949,10660958,2358934,缩量,低,情绪退潮,观望,资金观望型,,D,回避：资金观望,-0.8
002460,赣锋锂业,45.53,-60.5,0.38,-33.9,-3.27,-177220269,-712678243,-1452661991,-94223872,-108127599,146667112,缩量,低,情绪退潮,观望,资金撤退型,,D,回避：资金撤退,-1.1
002459,晶澳科技,6.88,-65.0,0.92,-27.8,-2.87,-29547031,-52908203,-120498966,1875822,383063,2602616,缩量,低,情绪退潮,观望,资金撤退型,,D,回避：资金撤退,-1.0
002456,欧菲光,6.85,-68.3,1.67,-48.6,-7.96,-160078577,-337223588,-213028399,-27454378,-12955578,45975896,缩量,低,情绪退潮,观望,长线吸筹型,,D,回避：资金观望,-2.7
002462,嘉事堂,12.31,-42.5,1.19,15.7,-2.38,-3909796,-2687401,-6147182,-155994,-816397,-3669510,缩量,低,情绪退潮,观望,资金观望型,,D,回避：资金观望,-0.8
002466,天齐锂业,42.42,-69.3,0.34,-45.7,-0.24,-13007628,-548409582,-891708480,-104798323,-95433639,105683526,缩量,低,情绪退潮,观望,资金撤退型,,D,回避：资金撤退,-0.1
002457,青龙管业,11.3,-58.0,1.4,-27.3,-3.61,-36848631,-138500890,-100878252,9687015,11989190,-6001956,缩量,低,情绪退潮,吸筹,资金观望型,机构吸筹+盈利(关注),C,谨慎：资金流入未验证业绩,22.8
002467,二六三,4.86,172.3,0.43,42.6,11.82,183184192,162281510,117061794,-66089305,-76521240,29392209,放量,高,主力主导放量🔥(最强),进场,资金观望型,纯资金炒作(亏损风险),C,谨慎：纯资金炒作,35.9
002463,沪电股份,128.1,-6.1,1.28,-10.5,-4.02,-1282041807,-718367641,718763485,1026204312,756699921,-700206943,缩量,低,情绪退潮,吸筹,高位分歧型,机构吸筹+盈利(关注),C,谨慎：资金流入未验证业绩,22.7
002470,金正大,2.04,58.1,0.2,18.7,-3.06,-58807313,-286972166,160507040,-31346462,-25134422,41797561,放量,低,游资情绪,观望,长线吸筹型,,D,回避：资金观望,7.0
002468,申通快递,14.77,-63.6,0.97,23.3,0.79,12852915,3847219,26713510,9382951,-3837529,-10877328,缩量,低,情绪退潮,进场,资金观望型,资金+业绩共振(双击候选),B,关注：资金+业绩共振,72.3
002472,双环传动,37.58,-76.1,2.58,-24.8,-4.49,-141000224,-146987422,388045932,7365828,1700969,-1809559,缩量,低,情绪退潮,观望,长线吸筹型,,D,回避：资金观望,-1.5
002474,榕基软件,6.38,-24.3,0.92,-20.4,-0.46,-2297121,-12817295,-14317811,2517033,5041851,1421178,缩量,低,情绪退潮,观望,资金撤退型,,D,回避：资金撤退,-0.2
002475,立讯精密,54.37,-73.8,0.53,-14.9,0.21,41568602,-2056955414,-1725779920,-217125197,-151457043,140350370,缩量,低,情绪退潮,观望,资金观望型,,D,回避：资金观望,0.1
002479,富春环保,5.89,-58.6,1.17,-22.2,-11.13,-39926357,-78039559,-122470045,1310122,-51330,-2496486,缩量,低,情绪退潮,观望,资金撤退型,,D,回避：资金撤退,-3.7
002481,双塔食品,4.24,-24.0,0.47,3.7,-2.93,-6767085,-11348782,-2373323,-584767,-2702962,-3158010,缩量,低,情绪退潮,观望,资金观望型,,D,回避：资金观望,-1.0
002478,常宝股份,6.47,-39.3,0.2,-54.6,-6.47,-26036403,-58229306,29990693,1852254,-890770,-321575,缩量,低,情绪退潮,观望,长线吸筹型,,D,回避：资金观望,-2.2
002469,三维化学,6.12,44.3,0.32,-54.9,0.68,1565160,-25835408,-48295434,3906059,2684002,-7556710,缩量,低,情绪退潮,进场,资金观望型,资金+业绩共振(双击候选),B,关注：资金+业绩共振,72.2
002476,新叶股份,4.99,-6.3,0.78,-5.8,-2.37,-4416708,-18048122,-22986626,-2578780,-2827865,-5677744,缩量,低,情绪退潮,观望,资金撤退型,,D,回避：资金撤退,-0.8
002483,润邦股份,6.15,61.3,0.57,-21.2,3.22,17119264,-52296232,104808122,-8933483,-8495866,-1461217,放量,低,游资情绪,观望,资金观望型,,D,回避：资金观望,9.1
002471,中超控股,5.41,37.6,0.46,29.1,5.63,152169812,72291860,111893258,-210207,8122401,-10650916,缩量,中,主力惜售,进场,资金观望型,纯资金炒作(亏损风险),C,谨慎：纯资金炒作,25.9
002484,江海股份,59.85,-53.8,1.78,-27.6,4.43,488053692,424700133,686205041,-130194304,-116578690,157344748,缩量,低,情绪退潮,观望,资金观望型,,D,回避：资金观望,1.5
002480,新筑股份,5.38,-18.4,0.38,-5.6,2.89,3799169,-2385912,-7574357,2366501,1572203,-1646415,缩量,低,情绪退潮,进场,资金观望型,纯资金炒作(亏损风险),C,谨慎：纯资金炒作,13.0
002482,广田集团,1.37,92.2,0.71,24.6,8.82,60238210,56643232,3689954,-1093191,-4047245,-1632616,放量,中,主力偏强放量,进场,资金观望型,纯资金炒作(亏损风险),C,谨慎：纯资金炒作,30.9
002486,嘉麟杰,2.72,-10.9,0.74,-47.9,4.02,14436850,-13243493,-10968943,-5394745,-3481142,2793213,缩量,低,情绪退潮,观望,资金观望型,,D,回避：资金观望,1.3
002487,大金重工,37.89,96.6,0.6,427.7,-1.88,-291364579,913006620,733877006,-26750826,3195666,83931567,放量,低,游资情绪,观望,资金观望型,,D,回避：资金观望,7.4
002488,金固股份,7.51,-68.0,0.73,-8.7,-3.63,-20669899,-77707360,-101371877,-5318230,-167599,8779450,缩量,低,情绪退潮,观望,资金撤退型,,D,回避：资金撤退,-1.2
002490,山东墨龙,7.13,-71.7,0.53,-54.3,0.96,8363422,-145136312,-164935280,-19540827,-13731716,27465696,缩量,低,情绪退潮,观望,资金观望型,,D,回避：资金观望,0.3
002491,通鼎互联,24.28,53.4,1.02,17.2,-4.04,-1029224977,394906109,-401757734,-120157618,-54426113,150137834,放量,低,游资情绪,观望,资金观望型,,D,回避：资金观望,6.7
002497,雅化集团,16.38,-71.7,0.45,-46.3,-1.16,-17619213,-141148791,-197469774,-48525445,-37351452,46732103,缩量,低,情绪退潮,观望,资金撤退型,,D,回避：资金撤退,-0.4
002498,汉缆股份,6.27,-52.5,0.68,21.1,-1.52,-37708167,180988603,179434733,-81083428,-56692184,90642686,缩量,低,情绪退潮,观望,资金观望型,,D,回避：资金观望,-0.5
002489,浙江永强,3.04,35.1,0.86,169.6,8.92,72545328,73399407,60948181,-4315035,-462776,6003299,缩量,中,主力惜售,进场,趋势转多型,资金+业绩共振(双击候选),B,关注：资金+业绩共振,87.0
002494,华斯股份,4.81,9.8,0.6,22.8,0.71,2134912,667756,42013,779290,-2000682,-698330,缩量,低,情绪退潮,进场,资金观望型,资金+业绩共振(双击候选),B,关注：资金+业绩共振,72.2
002492,恒基达鑫,6.3,44.6,0.53,1.5,2.37,7124503,9409605,21031023,3270312,1483883,-5597178,缩量,低,情绪退潮,进场,均衡流入型,纯资金炒作(亏损风险),C,谨慎：纯资金炒作,12.8
002496,辉丰股份,2.1,-41.7,1.05,-27.1,0.05,116757,-17848425,-53681956,6849921,5235908,-4447140,缩量,低,情绪退潮,吸筹,资金观望型,纯资金炒作(亏损风险),C,谨慎：纯资金炒作,4.0
002500,山西证券,5.25,-44.9,1.17,-28.4,0.46,2044087,18733745,-23164307,-197208,-382054,-576020,缩量,低,情绪退潮,观望,趋势转多型,,D,回避：资金观望,0.2
002493,荣盛石化,13.55,-7.9,0.76,-14.1,-1.72,-51413096,-185934047,290731635,31218107,18992150,-7830050,缩量,低,情绪退潮,吸筹,长线吸筹型,机构吸筹+盈利(关注),C,谨慎：资金流入未验证业绩,23.4
002495,佳隆股份,2.42,-22.2,0.6,-10.9,0.72,1644568,14686365,17892568,2531847,967266,-1508356,缩量,低,情绪退潮,进场,均衡流入型,资金+业绩共振(双击候选),B,关注：资金+业绩共振,72.2
002507,涪陵榨菜,11.18,-36.5,0.93,-12.7,0.39,1365791,4341140,-12077162,-1389159,1098102,1672104,缩量,低,情绪退潮,观望,趋势转多型,,D,回避：资金观望,0.1
002506,协鑫集成,2.42,-42.5,0.45,-37.6,-1.52,-30925076,-52515836,-105951104,-16772074,-4011455,7656819,缩量,低,情绪退潮,观望,资金撤退型,,D,回避：资金撤退,-0.5
002510,天汽模,5.67,-5.4,0.84,88.3,4.91,53607582,71623220,58118817,-15839425,-9477843,10587396,缩量,低,情绪退潮,观望,趋势转多型,,D,回避：资金观望,1.6
002513,蓝丰生化,5.27,-37.5,0.78,-10.5,-0.36,-603658,932022,-8700005,1188466,0,-522227,缩量,低,情绪退潮,观望,资金观望型,,D,回避：资金观望,-0.1
002511,中顺洁柔,7.0,-45.7,0.58,-21.3,0.08,212073,-12933182,-14043618,-2589731,-3484804,-1564131,缩量,低,情绪退潮,观望,资金观望型,,D,回避：资金观望,0.0
002508,老板电器,16.48,-7.9,0.81,54.9,2.62,17685033,149511058,141957849,3543823,3196686,3929518,缩量,低,情绪退潮,进场,趋势转多型,资金+业绩共振(双击候选),B,关注：资金+业绩共振,72.9
002517,恺英网络,16.38,-64.4,1.53,-18.0,-10.64,-353583206,-446644678,-330163503,-69333713,-45764529,57597004,缩量,低,情绪退潮,观望,资金观望型,,D,回避：资金观望,-3.5
002520,日发精机,6.25,-68.2,1.75,-37.3,3.62,22722609,-36064763,-104598486,-5499155,-4513601,-5346837,缩量,低,情绪退潮,观望,资金观望型,,D,回避：资金观望,1.2
002522,浙江众成,5.76,68.7,0.74,322.0,-2.06,-56041382,12848031,-68207930,-57044258,-38977670,53626064,放量,低,游资情绪,观望,资金观望型,,D,回避：资金观望,7.3
002519,银河电子,5.77,10.1,0.47,129.9,-0.72,-11997422,137010005,171753989,-26273093,-13544590,34382140,缩量,低,情绪退潮,观望,资金观望型,,D,回避：资金观望,-0.2
002521,齐峰新材,6.27,-25.6,0.74,7.5,-14.36,-24477003,-19256748,-50672359,-3604025,-4203627,1286731,缩量,低,情绪退潮,观望,资金观望型,,D,回避：资金观望,-4.8
002515,金字火腿,7.7,-38.4,1.59,-46.7,1.63,36876288,24621728,261897231,12633972,15406522,-5169757,缩量,低,情绪退潮,吸筹,长线吸筹型,资金+业绩共振(双击候选),B,关注：资金+业绩共振,64.5
002516,旷达科技,5.91,113.6,0.72,-30.4,-2.13,-11332059,-37301014,74801713,22572528,14954090,-23706281,放量,低,游资情绪,抢筹,长线吸筹型,机构吸筹+盈利(关注),C,谨慎：资金流入未验证业绩,47.3
002527,新时达,10.7,-78.5,1.25,-27.8,-2.18,-4514392,-22986115,-33573646,1142669,1209103,-2948314,缩量,低,情绪退潮,观望,资金撤退型,,D,回避：资金撤退,-0.7
002523,天桥起重,3.38,-58.1,0.91,-36.8,-7.31,-16563489,-26517996,-32133781,479399,2001576,-635051,缩量,低,情绪退潮,吸筹,资金撤退型,机构吸筹+盈利(关注),C,谨慎：资金流入未验证业绩,21.6
002518,科士达,38.97,-6.1,0.8,7.4,8.56,340096844,449854646,779093168,-7702263,-10387712,7478268,缩量,中,主力惜售,进场,主力建仓型,资金+业绩共振(双击候选),B,关注：资金+业绩共振,86.9
002529,海源复材,6.55,-19.6,0.69,12.8,-3.32,-5284851,-11353639,-17052309,-3662013,-3007610,118540,缩量,低,情绪退潮,观望,资金撤退型,,D,回避：资金撤退,-1.1
002530,金财互联,7.17,-47.0,0.86,-42.8,-0.99,-2753786,-17376974,-48769154,1397543,2461598,581394,缩量,低,情绪退潮,观望,资金撤退型,,D,回避：资金撤退,-0.3
002524,光正眼科,4.02,-31.0,0.91,6.2,0.45,1139096,6043210,1764512,2642316,-519781,-6812676,缩量,低,情绪退潮,进场,趋势转多型,纯资金炒作(亏损风险),C,谨慎：纯资金炒作,12.2
002526,山东矿机,2.6,-10.8,0.95,-10.1,0.38,947781,-9407618,-14004542,5605561,270674,-3362274,缩量,低,情绪退潮,进场,资金观望型,资金+业绩共振(双击候选),B,关注：资金+业绩共振,72.1
002535,林州重机,2.38,-8.9,0.69,-0.2,0.36,731299,10163178,7219551,-2047907,-1408572,-2214085,缩量,低,情绪退潮,观望,趋势转多型,,D,回避：资金观望,0.1
002533,金杯电工,10.89,-62.8,0.71,-39.8,-1.07,-2370583,-25172624,-52336494,-2335046,1163432,2742693,缩量,低,情绪退潮,观望,资金撤退型,,D,回避：资金撤退,-0.4
002536,飞龙股份,52.27,-39.2,1.83,-39.3,-3.37,-363610350,-797882984,-338152449,-149816692,-130488254,72897883,缩量,低,情绪退潮,观望,资金观望型,,D,回避：资金观望,-1.1
002532,天山铝业,12.41,-63.7,1.4,-27.2,2.0,64422273,118843349,95689465,-35607752,-37686015,32627946,缩量,低,情绪退潮,观望,趋势转多型,,D,回避：资金观望,0.7
002531,天顺风能,7.16,102.1,0.51,684.6,-0.05,-3020530,489771782,483956439,-7765289,10284380,9507410,放量,低,游资情绪,抢筹,资金观望型,纯资金炒作(亏损风险),C,谨慎：纯资金炒作,28.0
002537,海联金汇,5.7,15.8,0.76,-58.5,0.66,4940124,-64277032,-40520940,-7683368,-4519081,253649,缩量,低,情绪退潮,观望,资金观望型,,D,回避：资金观望,0.2
002539,云图控股,12.23,-62.3,0.64,-27.3,-1.91,-14529977,-100308902,-128896379,-1634262,-2508721,-1968321,缩量,低,情绪退潮,观望,资金撤退型,,D,回避：资金撤退,-0.6
002541,鸿路钢构,19.69,104.9,1.6,-10.9,-6.33,-74795459,-112008985,-176499941,-16572911,-37383741,-5413035,放量,低,游资情绪,观望,资金撤退型,,D,回避：资金撤退,5.9
002543,万和电气,7.36,270.2,0.77,41.0,-4.77,-20214074,62140790,58034134,4571705,-1972938,-10739746,放量,低,游资情绪,观望,资金观望型,,D,回避：资金观望,6.4
002534,西子洁能,17.6,-41.7,1.71,-30.6,0.12,1204764,-30008892,40404840,2557359,-2380487,-8314565,缩量,低,情绪退潮,进场,长线吸筹型,资金+业绩共振(双击候选),B,关注：资金+业绩共振,72.0
002544,普天科技,15.86,-38.0,0.71,15.3,-0.53,-4495909,-8323538,-1811853,574015,-1457035,-10962705,缩量,低,情绪退潮,观望,资金观望型,,D,回避：资金观望,-0.2
002548,金新农,3.93,-36.8,0.72,-30.0,-2.24,-11937719,-64389405,8615213,-4880646,-6883418,3729041,缩量,低,情绪退潮,观望,长线吸筹型,,D,回避：资金观望,-0.7
002549,凯美特气,13.3,-82.7,0.42,-33.2,-3.87,-36186565,-47221371,-62149686,5440339,1241424,5397926,缩量,低,情绪退潮,观望,资金撤退型,,D,回避：资金撤退,-1.3
002545,东方铁塔,15.63,-53.5,0.7,-40.0,-15.84,-169113633,-268661440,-140610656,-23647088,-16071896,9130239,缩量,低,情绪退潮,观望,长线吸筹型,,D,回避：资金观望,-5.3
002546,新联电子,7.46,-80.7,2.51,-30.7,-0.91,-3105497,-37714820,-91481260,-8759643,-5557515,6349337,缩量,低,情绪退潮,观望,资金撤退型,,D,回避：资金撤退,-0.3
002540,亚太科技,5.03,44.3,1.0,-3.6,5.62,12474990,16248802,7003151,6678409,1823952,-10560585,缩量,中,主力惜售,进场,短线抢筹型,资金+业绩共振(双击候选),B,关注：资金+业绩共振,85.9
002550,千红制药,6.53,-73.6,1.77,-20.4,-0.5,-1561638,-13691499,5071077,1135285,67990,-123034,缩量,低,情绪退潮,观望,长线吸筹型,,D,回避：资金观望,-0.2
002551,尚荣医疗,3.33,-2.4,0.63,25.3,0.42,1129547,6382860,12769786,-1198401,-870967,1142298,缩量,低,情绪退潮,观望,均衡流入型,,D,回避：资金观望,0.1
002552,宝鼎科技,53.45,-6.7,3.2,34.2,-2.38,-143322853,498994287,279312029,33888836,18760767,-66703479,缩量,低,情绪退潮,观望,资金观望型,,D,回避：资金观望,-0.8
002553,南方精工,15.47,-23.1,0.74,-43.8,-0.49,-3708935,-97963217,25904639,-16085406,-12684958,12481378,缩量,低,情绪退潮,观望,长线吸筹型,,D,回避：资金观望,-0.2
002556,辉隆股份,5.13,-12.5,0.2,-38.3,-3.55,-9336131,-51836636,-50835784,2223793,2105199,-3821820,缩量,低,情绪退潮,观望,资金观望型,,D,回避：资金观望,-1.2
002555,三七互娱,17.39,-59.3,0.97,-44.9,-5.6,-85399076,-397814593,-693295154,-78409338,-33173260,60075832,缩量,低,情绪退潮,观望,资金撤退型,,D,回避：资金撤退,-1.9
002557,洽洽食品,18.12,-41.7,0.69,-22.3,-2.42,-9182161,15833608,34141317,6051614,-907082,-2490580,缩量,低,情绪退潮,观望,资金观望型,,D,回避：资金观望,-0.8
002558,巨人网络,23.6,-67.2,2.02,-47.9,-1.11,-61747565,-631794787,-407322077,-163633315,-146547122,160747855,缩量,低,情绪退潮,观望,资金观望型,,D,回避：资金观望,-0.4
002562,兄弟科技,4.98,25.8,0.5,-32.7,-4.45,-21362823,-40757033,-15616464,9506234,5468571,-13093073,缩量,低,情绪退潮,观望,资金观望型,,D,回避：资金观望,-1.5
002560,通达股份,6.98,93.0,0.14,525.4,-0.18,-5715997,226293702,234358112,-76591847,-54910449,87828509,放量,低,游资情绪,观望,资金观望型,,D,回避：资金观望,7.9
002561,徐家汇,7.37,84.8,0.75,122.9,-6.26,-25068956,27252898,18380443,-1549201,383937,6200249,放量,低,游资情绪,观望,资金观望型,,D,回避：资金观望,5.9
002554,惠博普,2.77,-30.1,0.67,-19.3,1.56,3618307,-15983210,-28767359,9612121,9976740,-3684825,缩量,低,情绪退潮,吸筹,资金观望型,纯资金炒作(亏损风险),C,谨慎：纯资金炒作,4.5
002565,顺灏股份,8.66,0.9,0.15,116.9,-3.08,-106887269,52568103,-33245956,-31693872,-30142932,37204583,缩量,低,情绪退潮,观望,资金观望型,,D,回避：资金观望,-1.0
002566,益盛药业,7.01,-57.4,0.82,-37.9,-2.65,-5091742,-5899816,-16017910,-1130308,-577395,-1145602,缩量,低,情绪退潮,观望,资金撤退型,,D,回避：资金撤退,-0.9
002559,亚威股份,9.17,-79.4,3.88,25.6,-0.5,-4246173,26634007,5982127,7663192,8987413,-7947500,缩量,低,情绪退潮,吸筹,资金观望型,机构吸筹+盈利(关注),C,谨慎：资金流入未验证业绩,23.8
002568,百润股份,18.63,38.7,1.23,-11.6,-0.4,-4427237,-31767090,-40632360,45675093,17993524,-68651662,缩量,低,情绪退潮,观望,资金撤退型,,D,回避：资金撤退,-0.1
002564,天沃科技,5.49,936.0,0.6,46.3,5.79,64323121,78636302,147448117,-33946524,-36466879,12152610,放量,中,主力偏强放量,进场,均衡流入型,资金+业绩共振(双击候选),B,关注：资金+业绩共振,89.9
002572,索菲亚,7.59,2.0,0.7,-41.5,-0.79,-2523985,-6034086,-44266561,224952,2537429,2256387,缩量,低,情绪退潮,观望,资金撤退型,,D,回避：资金撤退,-0.3
002570,贝因美,4.4,-47.4,0.96,-29.4,-1.45,-3914535,23920609,867843,200413,-256233,3937276,缩量,低,情绪退潮,观望,资金观望型,,D,回避：资金观望,-0.5
002563,森马服饰,5.5,-57.0,0.47,-19.8,5.13,19525363,-1897700,18092411,-2875694,-2156880,662515,缩量,中,主力惜售,进场,资金观望型,资金+业绩共振(双击候选),B,关注：资金+业绩共振,85.7
002571,德力股份,11.02,-49.1,0.8,-29.6,-4.51,-10488693,-33329602,-36987905,-4350760,-3677561,1247788,缩量,低,情绪退潮,观望,资金撤退型,,D,回避：资金撤退,-1.5
002573,清新环境,3.12,17.6,0.59,-34.5,-2.28,-3684669,-10310186,-39010865,5646716,1999224,-2323847,缩量,低,情绪退潮,观望,资金撤退型,,D,回避：资金撤退,-0.8
002574,明牌珠宝,5.02,-25.9,0.52,-58.7,-5.97,-12046488,-10642461,-33489372,2467425,593586,-3508879,缩量,低,情绪退潮,观望,资金观望型,,D,回避：资金观望,-2.0
002567,唐人神,3.67,29.0,0.81,-34.0,4.11,19271309,-2515252,53706323,585054,-502269,-5663443,缩量,低,情绪退潮,进场,资金观望型,纯资金炒作(亏损风险),C,谨慎：纯资金炒作,13.4
002576,通达动力,14.41,-50.7,0.6,-10.1,-1.3,-1715329,-2866654,-2646918,359934,732108,219693,缩量,低,情绪退潮,观望,资金观望型,,D,回避：资金观望,-0.4
002577,雷柏科技,22.3,76.4,1.5,149.7,2.84,48509304,44201983,57620334,-5120262,-4264802,23404154,放量,低,游资情绪,观望,资金观望型,,D,回避：资金观望,8.9
002579,中京电子,18.6,31.3,2.35,155.3,-0.09,-11160078,363082984,1281545085,-40733305,-9399612,84367873,缩量,低,情绪退潮,观望,高位分歧型,,D,回避：资金观望,-0.0
002580,圣阳股份,18.65,-50.2,0.32,-54.7,-1.06,-40153516,-283666942,-782993423,-50873640,-14034616,100667616,缩量,低,情绪退潮,观望,资金撤退型,,D,回避：资金撤退,-0.4
002582,好想你,9.62,-59.3,0.49,-52.0,2.87,15700028,-58896124,-88921065,-15447987,-13060386,10073773,缩量,低,情绪退潮,观望,资金观望型,,D,回避：资金观望,1.0
002588,史丹利,7.64,-35.9,0.35,-45.7,4.7,20144398,-28600770,-62015833,-5470562,-6473015,9262368,缩量,低,情绪退潮,观望,资金观望型,,D,回避：资金观望,1.6
002575,群兴玩具,5.12,1.2,0.43,-22.4,5.28,37103186,21743502,-6970027,-10084317,-12073713,-2305657,缩量,中,主力惜售,进场,资金观望型,纯资金炒作(亏损风险),C,谨慎：纯资金炒作,25.8
002578,闽发铝业,4.14,-8.5,0.42,-52.2,6.72,28060112,14919674,118319943,14318655,14973491,-19564501,缩量,中,主力惜售,进场,资金观望型,纯资金炒作(亏损风险),C,谨慎：纯资金炒作,26.2
002584,西陇科学,9.02,91.5,3.2,475.5,-1.26,-109613048,17222767,-1507820,-20420857,-16020770,55844745,放量,低,游资情绪,观望,资金观望型,,D,回避：资金观望,7.6
002585,双星新材,11.72,89.9,1.94,332.4,-5.25,-497635956,460157854,293002223,-8106462,2270319,19197509,放量,低,游资情绪,观望,资金观望型,,D,回避：资金观望,6.2
002583,海能达,8.02,-42.1,0.8,-31.3,-2.75,-16844200,-50688534,-102686246,-12493682,-8469932,6876342,缩量,低,情绪退潮,观望,资金撤退型,,D,回避：资金撤退,-0.9
002586,围海股份,3.77,59.6,0.5,-28.0,-10.29,-12561438,-36177622,-87083360,1774243,1586037,-3713239,放量,低,游资情绪,观望,资金撤退型,,D,回避：资金撤退,4.6
002587,奥拓电子,5.24,-75.1,0.64,13.7,0.34,955114,-17819434,-30904211,-2745528,-14100,2889323,缩量,低,情绪退潮,观望,资金观望型,,D,回避：资金观望,0.1
002590,万安科技,9.62,-49.3,0.46,-30.8,2.25,6882947,884695,-18002184,-1626608,1415251,3555455,缩量,低,情绪退潮,观望,资金观望型,,D,回避：资金观望,0.8
002591,恒大高新,6.34,-29.8,0.68,47.0,-1.64,-4654012,13763482,16339531,3156420,1097462,-5107476,缩量,低,情绪退潮,观望,资金观望型,,D,回避：资金观望,-0.5
002594,比亚迪,85.85,-65.7,0.71,-8.6,1.14,128023465,-1171482281,-3424770461,-42154344,-75333976,33563589,缩量,低,情绪退潮,观望,资金观望型,,D,回避：资金观望,0.4
002589,瑞康医药,3.38,398.8,1.03,40.5,6.18,230574659,179192603,205878083,-48309042,-16386838,75030616,放量,中,主力偏强放量,进场,资金观望型,资金+业绩共振(双击候选),B,关注：资金+业绩共振,90.1
002595,豪迈科技,39.77,-52.7,0.74,-31.7,-1.95,-18044987,-52719334,-94348815,1446118,-504367,-2349353,缩量,低,情绪退潮,观望,资金撤退型,,D,回避：资金撤退,-0.7
002597,金禾实业,21.99,-54.9,1.17,-20.9,-0.61,-3133126,-55892315,-71923454,-738441,-184018,-1182309,缩量,低,情绪退潮,观望,资金撤退型,,D,回避：资金撤退,-0.2
002599,盛通股份,5.64,-19.2,1.22,-21.5,-0.61,-1227964,-8331681,-12806622,3037298,-2460151,-8310029,缩量,低,情绪退潮,观望,资金撤退型,,D,回避：资金撤退,-0.2
002603,以岭药业,15.46,-73.4,1.75,-22.7,-1.92,-16212990,-80457698,-142240566,-11985723,-12609040,6474312,缩量,低,情绪退潮,观望,资金撤退型,,D,回避：资金撤退,-0.6
002593,日上集团,4.53,-39.1,0.86,19.3,4.42,10974008,31350442,56597211,2840733,1788956,1617816,缩量,低,情绪退潮,进场,主力建仓型,资金+业绩共振(双击候选),B,关注：资金+业绩共振,73.5
002602,世纪华通,14.34,-32.2,0.81,-42.8,-3.55,-231750751,-493014589,-31591466,-23364193,25659179,59536889,缩量,低,情绪退潮,观望,长线吸筹型,,D,回避：资金观望,-1.2
002600,领益智造,12.37,-65.4,1.84,22.4,-5.48,-255171626,-382466228,-644363085,-158137887,-120300346,151650228,缩量,低,情绪退潮,观望,资金撤退型,,D,回避：资金撤退,-1.8
002601,龙佰集团,15.24,-74.6,0.63,-17.5,-3.08,-26883901,-62677340,-94895792,-1628730,-990183,3292812,缩量,低,情绪退潮,观望,资金撤退型,,D,回避：资金撤退,-1.0
002607,中公教育,1.9,-45.8,1.68,-11.5,-7.01,-92214228,-259653999,-302509641,-56518207,-52755681,24897073,缩量,低,情绪退潮,观望,资金撤退型,,D,回避：资金撤退,-2.3
002605,姚记科技,16.62,-79.2,1.29,-53.4,0.73,1945089,-26575183,-33055046,-7126194,-4356973,3901387,缩量,低,情绪退潮,观望,资金观望型,,D,回避：资金观望,0.2
002606,大连电瓷,12.3,-64.0,0.31,-35.7,-2.21,-16280611,-64493886,-63989701,-32146465,-24858131,17161554,缩量,低,情绪退潮,观望,资金观望型,,D,回避：资金观望,-0.7
002596,海南瑞泽,3.19,34.6,0.6,76.9,0.46,2452284,70767593,64270224,181538,1889188,-671416,缩量,低,情绪退潮,吸筹,趋势转多型,纯资金炒作(亏损风险),C,谨慎：纯资金炒作,4.2
002608,江苏国信,7.27,-58.2,1.41,-8.6,-5.64,-26776208,-74578350,-105599041,7196658,5390761,-11419210,缩量,低,情绪退潮,观望,资金撤退型,,D,回避：资金撤退,-1.9
002611,东方精工,14.38,-9.6,0.94,-9.3,-5.4,-64657162,-143820974,-219755448,16809096,8279128,-10409260,缩量,低,情绪退潮,观望,资金撤退型,,D,回避：资金撤退,-1.8
002609,捷顺科技,7.77,-45.1,0.44,-24.6,8.48,13230336,552322,-6510252,2114105,774988,-3316419,缩量,中,主力惜售,进场,资金观望型,资金+业绩共振(双击候选),B,关注：资金+业绩共振,86.8
002615,哈尔斯,6.36,-48.5,0.85,-7.4,-3.17,-8045021,-16871748,-28571707,3106206,2456680,563438,缩量,低,情绪退潮,观望,资金撤退型,,D,回避：资金撤退,-1.1
002616,长青集团,4.79,-44.1,0.49,-7.6,3.84,6426549,-6051452,-11366425,-771020,280635,1672581,缩量,低,情绪退潮,观望,资金观望型,,D,回避：资金观望,1.3
002626,金达威,16.78,-30.8,0.95,-32.3,-2.53,-6916985,-15098371,-43006344,3197005,2398376,1341756,缩量,低,情绪退潮,观望,资金撤退型,,D,回避：资金撤退,-0.8
002624,完美世界,9.89,-61.9,0.41,-34.2,1.44,25940828,-257094287,-226299178,-6607904,-2571620,8118849,缩量,低,情绪退潮,观望,资金观望型,,D,回避：资金观望,0.5
002625,光启技术,26.57,-32.2,0.71,13.4,2.9,95492536,-86773368,-189065199,-91562604,-89936115,71414407,缩量,低,情绪退潮,观望,资金观望型,,D,回避：资金观望,1.0
002612,朗姿股份,17.23,-44.2,0.91,-34.9,0.85,5994905,-5674229,10251386,2392600,-1810280,-3014868,缩量,低,情绪退潮,进场,资金观望型,资金+业绩共振(双击候选),B,关注：资金+业绩共振,72.3
002628,成都路桥,5.07,-54.3,0.86,-56.3,1.92,8681830,-2250714,-26148178,-3315579,-3111307,-4404091,缩量,低,情绪退潮,观望,资金观望型,,D,回避：资金观望,0.6
002613,北玻股份,3.58,129.2,1.15,347.5,8.12,143222867,184534434,170451247,2007461,428779,-10102861,放量,中,主力偏强放量,进场,短线抢筹型,资金+业绩共振(双击候选),B,关注：资金+业绩共振,90.7
002629,仁智股份,4.24,-19.6,0.25,64.9,-7.77,-25516941,-53717895,-64203466,144047,-247193,-1351617,缩量,低,情绪退潮,观望,资金撤退型,,D,回避：资金撤退,-2.6
002614,奥佳华,7.57,2730.4,0.43,79.8,5.84,72473388,69505085,46487660,66938761,82478426,-31871815,放量,中,主力偏强放量,抢筹,资金观望型,资金+业绩共振(双击候选),B,关注：资金+业绩共振,97.9
002631,德尔未来,13.6,166.8,1.69,49.6,-3.25,-165375440,-294099810,-23056523,-124541560,-82021655,145587201,放量,低,游资情绪,观望,长线吸筹型,,D,回避：资金观望,6.9
002617,露笑科技,6.95,-7.8,2.27,140.0,0.24,15606520,109368457,89687774,11371793,17295245,3327397,缩量,低,情绪退潮,进场,趋势转多型,资金+业绩共振(双击候选),B,关注：资金+业绩共振,72.1
002627,三峡旅游,6.7,-44.3,0.4,-46.4,2.54,8090991,-16585268,-57844172,1400124,-501347,2101797,缩量,低,情绪退潮,进场,资金观望型,资金+业绩共振(双击候选),B,关注：资金+业绩共振,72.8
002622,皓宸医疗,2.47,134.3,1.01,43.5,6.31,37820839,41638566,25511856,-7011198,2630211,659414,放量,中,主力偏强放量,进场,趋势转多型,纯资金炒作(亏损风险),C,谨慎：纯资金炒作,30.1
002623,亚玛顿,18.72,188.2,0.72,375.0,3.81,68391805,83174156,86855547,5040621,3834470,-9556454,放量,低,游资情绪,进场,均衡流入型,纯资金炒作(亏损风险),C,谨慎：纯资金炒作,21.3
002637,赞宇科技,10.95,17.7,0.43,-40.3,-2.95,-23903994,-154078866,-101861973,-8434607,-8322989,9229486,缩量,低,情绪退潮,观望,资金观望型,,D,回避：资金观望,-1.0
002636,金安国纪,87.15,67.3,1.62,41.2,-1.43,-372953283,969803268,1809514038,-247295590,-218548890,136619620,放量,低,游资情绪,观望,资金观望型,,D,回避：资金观望,7.5
002641,公元股份,3.81,-46.7,0.73,-16.7,2.16,2729292,-8181395,-2330072,-1158493,-305933,2746575,缩量,低,情绪退潮,观望,资金观望型,,D,回避：资金观望,0.7
002639,雪人集团,13.75,70.5,0.66,-16.3,0.11,6402195,-255945807,86554655,-44604304,-27699235,103419355,放量,低,游资情绪,观望,长线吸筹型,,D,回避：资金观望,8.0
002640,跨境通,3.51,69.2,2.37,133.4,3.34,154816798,97711220,84119682,-68820730,-35372760,81990683,放量,低,游资情绪,观望,资金观望型,,D,回避：资金观望,9.1
002642,荣联科技,6.89,-47.1,1.28,14.6,3.22,12681103,13201370,-28870164,-2964839,-1684462,3530403,缩量,低,情绪退潮,观望,趋势转多型,,D,回避：资金观望,1.1
002632,道明光学,9.73,5.2,1.6,5.9,3.02,44051196,71633907,141604455,11526328,-3136517,-11423464,缩量,低,情绪退潮,进场,均衡流入型,资金+业绩共振(双击候选),B,关注：资金+业绩共振,73.0
002643,万润股份,13.32,-74.2,2.01,41.3,-1.37,-13649398,13707982,-33947653,-4661248,-5447167,7072081,缩量,低,情绪退潮,观望,资金观望型,,D,回避：资金观望,-0.5
002633,申科股份,15.87,210.9,0.5,45.3,-1.16,-2249644,-2950717,-3174006,17844383,20447935,-14343805,放量,低,游资情绪,抢筹,资金撤退型,机构吸筹+盈利(关注),C,谨慎：资金流入未验证业绩,47.6
002644,佛慈制药,8.17,18.6,1.09,-35.9,-4.4,-10006840,-15566957,-30375839,493689,1517650,-6116284,缩量,低,情绪退潮,观望,资金撤退型,,D,回避：资金撤退,-1.5
002648,卫星化学,26.82,-65.6,0.92,-32.4,-3.76,-134239192,-434866974,-219019247,2753656,-24016326,24067,缩量,低,情绪退潮,观望,资金观望型,,D,回避：资金观望,-1.3
002645,华宏科技,18.58,-54.3,1.03,-8.3,2.48,47705957,109179785,-59810421,-8406085,-8226088,2097436,缩量,低,情绪退潮,观望,趋势转多型,,D,回避：资金观望,0.8
002635,安洁科技,16.79,-10.1,1.96,-15.2,-0.62,-7340085,-16069719,-144119988,175667202,180804821,-97595809,缩量,低,情绪退潮,吸筹,资金撤退型,机构吸筹+盈利(关注),C,谨慎：资金流入未验证业绩,23.8
002638,勤上股份,4.74,130.1,0.5,-45.6,3.4,22824244,-1065763,-140877954,55954563,46708115,-27138692,放量,低,游资情绪,抢筹,资金观望型,纯资金炒作(亏损风险),C,谨慎：纯资金炒作,29.1
002652,扬子新材,4.69,-45.4,0.35,37.5,-1.24,-4414506,12497917,27314792,-5792362,-1995770,5345825,缩量,低,情绪退潮,观望,资金观望型,,D,回避：资金观望,-0.4
002649,博彦科技,9.31,-63.0,1.45,-50.0,-2.21,-10532693,-12349655,-82481426,-977781,447420,-3090935,缩量,低,情绪退潮,观望,资金撤退型,,D,回避：资金撤退,-0.7
002646,天佑德酒,7.34,549.0,0.99,-2.1,-0.4,-1752172,-2283508,91913,51773248,43879497,-38424031,放量,低,游资情绪,抢筹,资金观望型,机构吸筹+盈利(关注),C,谨慎：资金流入未验证业绩,47.9
002653,海思科,65.46,-76.4,2.89,-39.0,-1.41,-20858435,-83951740,26329679,3319569,4580731,10831027,缩量,低,情绪退潮,观望,长线吸筹型,,D,回避：资金观望,-0.5
002651,利君股份,8.12,21.8,1.0,-15.4,-1.2,-6914991,8168065,5062743,-5895288,-322627,8116346,缩量,低,情绪退潮,观望,资金观望型,,D,回避：资金观望,-0.4
002647,仁东控股,11.58,59.0,0.35,19.1,2.89,50683742,1804308,-20150847,69648271,63803627,-69344380,放量,低,游资情绪,抢筹,资金观望型,资金+业绩共振(双击候选),B,关注：资金+业绩共振,89.0
002657,中科金财,15.27,-58.6,1.28,-42.3,2.69,18302630,-10730415,-34671868,-6279297,-1253689,8315315,缩量,低,情绪退潮,观望,资金观望型,,D,回避：资金观望,0.9
002658,雪迪龙,7.35,-57.8,0.25,-42.5,-3.01,-3991688,-23256807,-18701396,-248565,-541696,361371,缩量,低,情绪退潮,观望,资金观望型,,D,回避：资金观望,-1.0
002659,凯文教育,4.6,-58.7,1.24,-27.4,0.94,2559942,3011582,-3028881,-1316958,693412,347293,缩量,低,情绪退潮,观望,趋势转多型,,D,回避：资金观望,0.3
002654,万润科技,13.76,-61.8,1.31,-29.2,-1.23,-28069436,-66842410,-193667787,-5103033,9363329,-4573774,缩量,低,情绪退潮,吸筹,资金撤退型,机构吸筹+盈利(关注),C,谨慎：资金流入未验证业绩,23.6
002655,共达电声,39.61,-14.0,0.46,2.9,5.81,349279146,-389719663,-52316011,60921845,34807257,-65430883,缩量,中,主力惜售,进场,资金观望型,资金+业绩共振(双击候选),B,关注：资金+业绩共振,85.9
002660,茂硕电源,7.9,-7.2,0.85,-64.8,-0.32,-1120947,-19609808,62749431,-236488,-599470,408853,缩量,低,情绪退潮,观望,长线吸筹型,,D,回避：资金观望,-0.1
002662,峰璟股份,3.1,-5.7,0.37,-17.3,0.32,581310,-7942341,4873296,-12832052,-3449912,10163698,缩量,低,情绪退潮,观望,长线吸筹型,,D,回避：资金观望,0.1
002656,摩登大道,2.77,-11.8,0.78,-15.5,-8.47,-12631709,-7013021,-34875640,-369888,2135582,-1710686,缩量,低,情绪退潮,吸筹,资金观望型,纯资金炒作(亏损风险),C,谨慎：纯资金炒作,1.2
002663,普邦股份,1.69,-21.7,0.56,11.9,-1.69,-4538810,5515315,3777714,-936930,-129813,6395,缩量,低,情绪退潮,观望,资金观望型,,D,回避：资金观望,-0.6
002661,克明食品,7.59,98.3,0.67,120.7,-3.17,-13942408,45423627,52480098,1753280,-3332162,410663,放量,低,游资情绪,观望,资金观望型,,D,回避：资金观望,6.9
002664,信质集团,14.88,-74.2,0.92,-21.1,-5.91,-14288120,-29484963,-33982127,-864964,-178342,2319433,缩量,低,情绪退潮,观望,资金撤退型,,D,回避：资金撤退,-2.0
002668,TCL智家,8.91,-38.8,2.07,3.4,-3.21,-19636437,26351123,-36828852,-24469043,-18243180,10328751,缩量,低,情绪退潮,观望,资金观望型,,D,回避：资金观望,-1.1
002670,国盛证券,11.7,-65.7,1.93,-71.1,2.1,20195883,-91859023,44384262,-7810284,-3380645,8420941,缩量,低,情绪退潮,观望,资金观望型,,D,回避：资金观望,0.7
002671,龙泉股份,4.02,-46.3,0.64,-10.2,-0.51,-882384,1375873,5230442,1976912,1187760,-2943619,缩量,低,情绪退潮,观望,资金观望型,,D,回避：资金观望,-0.2
002677,浙江美大,6.3,5.1,1.72,41.5,-4.7,-12261907,-10135676,-29161326,10522894,9322934,-15468015,缩量,低,情绪退潮,观望,资金观望型,,D,回避：资金观望,-1.6
002666,德联集团,4.25,82.2,0.52,-14.3,-1.11,-2512464,-5743707,3014712,9422261,5567507,-12922967,放量,低,游资情绪,抢筹,资金观望型,机构吸筹+盈利(关注),C,谨慎：资金流入未验证业绩,47.6
002669,康达新材,14.52,141.2,1.39,338.0,0.2,5116619,54494884,56496229,14013064,1357100,-42312614,放量,低,游资情绪,进场,均衡流入型,资金+业绩共振(双击候选),B,关注：资金+业绩共振,80.1
002681,奋达科技,4.53,-36.3,1.53,-43.0,2.9,24835921,22385475,-43605853,-11804030,-11523144,12581056,缩量,低,情绪退潮,观望,资金观望型,,D,回避：资金观望,1.0
002682,龙洲股份,4.84,30.7,0.86,-22.5,-0.27,-1360799,-25078814,-60290620,7096893,9323721,-10205897,缩量,低,情绪退潮,观望,资金撤退型,,D,回避：资金撤退,-0.1
002679,福建金森,10.53,229.3,0.49,-37.0,2.07,17807976,-52044552,-96744806,-1996884,-1547804,7775146,放量,低,游资情绪,观望,资金观望型,,D,回避：资金观望,8.7
002676,顺威股份,5.3,-26.2,0.42,1.6,0.32,874129,-14256843,-43590410,-1223586,1053230,3884148,缩量,低,情绪退潮,观望,资金观望型,,D,回避：资金观望,0.1
002673,西部证券,6.74,-43.2,0.89,-37.7,4.91,34418323,20637785,-104091869,-2010415,722807,-552311,缩量,低,情绪退潮,吸筹,资金观望型,资金+业绩共振(双击候选),B,关注：资金+业绩共振,65.6
002672,东江环保,3.89,485.9,1.0,123.9,5.99,23828726,22591077,15835573,18088880,10587657,-15772442,放量,中,主力偏强放量,抢筹,资金观望型,纯资金炒作(亏损风险),C,谨慎：纯资金炒作,38.0
002675,东诚药业,12.77,-60.6,0.82,-15.1,0.24,744832,9958968,-6013501,169213,-653026,1420741,缩量,低,情绪退潮,进场,趋势转多型,资金+业绩共振(双击候选),B,关注：资金+业绩共振,72.1
002674,兴业科技,20.25,-76.3,14.34,-42.4,4.59,49968602,-110530072,-112336518,1448152,1733246,5388401,缩量,低,情绪退潮,进场,资金观望型,资金+业绩共振(双击候选),B,关注：资金+业绩共振,73.5
002683,广东宏大,28.6,-61.2,0.55,-33.7,0.33,2431906,-14024379,35031585,-2706575,-4234449,-933532,缩量,低,情绪退潮,观望,资金观望型,,D,回避：资金观望,0.1
002685,华东重机,5.52,-15.9,0.3,82.5,4.71,70596422,50704677,-14460639,-25882994,-27513983,27478749,缩量,低,情绪退潮,观望,资金观望型,,D,回避：资金观望,1.6
002678,珠江钢琴,4.43,-18.0,0.61,-61.3,0.26,472235,-8655794,-83033504,360471,-783645,-3221535,缩量,低,情绪退潮,进场,资金观望型,纯资金炒作(亏损风险),C,谨慎：纯资金炒作,12.1
002687,乔治白,5.57,75.8,1.48,18.4,-5.72,-45586240,-26200267,-39915334,-24244767,-29552668,-8821272,放量,低,游资情绪,观望,资金观望型,,D,回避：资金观望,6.1
002686,亿利达,6.17,-57.4,0.44,-69.7,-4.13,-9306782,-6691395,-44747845,222355,-1484150,-828205,缩量,低,情绪退潮,观望,资金观望型,,D,回避：资金观望,-1.4
002688,金河生物,5.17,-20.3,0.76,-41.6,-1.28,-2757447,-11309065,3420046,1875451,1302923,-1848232,缩量,低,情绪退潮,观望,长线吸筹型,,D,回避：资金观望,-0.4
002692,远程股份,4.27,-16.7,0.24,39.4,1.85,4653020,13163556,2887992,-3710096,-2648031,-4316774,缩量,低,情绪退潮,观望,趋势转多型,,D,回避：资金观望,0.6
002690,美亚光电,16.03,21.0,1.0,-18.2,-3.36,-11921038,-29521302,-32408537,4602893,3585214,-3597704,缩量,低,情绪退潮,观望,资金撤退型,,D,回避：资金撤退,-1.1
002695,煌上煌,10.53,-51.2,0.99,6.3,-5.01,-21975232,-12025587,-722303,-4180639,-9363701,3669164,缩量,低,情绪退潮,观望,资金观望型,,D,回避：资金观望,-1.7
002696,百洋股份,6.59,124.6,0.8,-20.5,-1.75,-16228616,-17572193,47986614,-1473986,-256673,2209923,放量,低,游资情绪,观望,长线吸筹型,,D,回避：资金观望,7.4
002697,红旗连锁,4.66,-15.0,0.8,-37.5,-0.87,-3369937,-23575209,-24407118,-2489812,-605699,-4695525,缩量,低,情绪退潮,观望,资金撤退型,,D,回避：资金撤退,-0.3
002693,双成药业,9.2,-57.8,2.27,74.3,2.35,28581601,25913877,4257783,-10446090,-6385408,18131577,缩量,低,情绪退潮,观望,资金观望型,,D,回避：资金观望,0.8
002700,万憬能源,6.38,-60.5,1.6,-2.8,-4.59,-6399424,-2192885,-620585,207443,-164798,-2194403,缩量,低,情绪退潮,观望,资金观望型,,D,回避：资金观望,-1.5
002698,博实股份,11.4,-81.0,2.41,-31.9,-2.36,-8250076,-11996956,-61858506,-9939086,-8046628,4892146,缩量,低,情绪退潮,观望,资金撤退型,,D,回避：资金撤退,-0.8
002703,浙江世宝,15.2,51.9,0.71,-58.4,1.08,36683579,-109012998,-134655238,-103408772,-80124785,103129320,放量,低,游资情绪,观望,资金观望型,,D,回避：资金观望,8.4
002702,海欣食品,5.45,42.5,0.83,36.9,-4.46,-56317467,-138220983,-60794629,-12449530,-5091302,31453319,缩量,低,情绪退潮,观望,资金观望型,,D,回避：资金观望,-1.5
002706,良信股份,8.7,-56.7,0.31,-31.3,-4.11,-53296694,-95746540,-303420413,-5402548,-6142802,10827256,缩量,低,情绪退潮,观望,资金撤退型,,D,回避：资金撤退,-1.4
002707,众信旅游,5.16,-14.4,0.97,-28.9,1.29,5759765,-2744679,-54238324,-2550505,-1954879,431775,缩量,低,情绪退潮,观望,资金观望型,,D,回避：资金观望,0.4
002701,奥瑞金,4.38,-58.1,0.95,-43.1,5.6,18653364,25503306,90118381,-917814,541903,-2893614,缩量,中,主力惜售,进场,主力建仓型,资金+业绩共振(双击候选),B,关注：资金+业绩共振,85.9
002709,天赐材料,32.84,-71.3,0.36,-19.5,0.57,30283904,-285014561,-1196151438,-54789354,-44110763,84452299,缩量,低,情绪退潮,观望,资金观望型,,D,回避：资金观望,0.2
002712,思美传媒,4.98,-7.3,0.42,-33.2,2.15,7943763,-7422259,2890139,-5165004,-4920061,3957629,缩量,低,情绪退潮,观望,资金观望型,,D,回避：资金观望,0.7
002714,牧原股份,41.4,-68.7,1.31,-26.0,-7.13,-427377635,-379278369,-280399623,-39839106,-58592566,30045957,缩量,低,情绪退潮,观望,资金观望型,,D,回避：资金观望,-2.4
002705,新宝股份,11.68,-24.3,0.13,69.2,5.6,30360581,18308413,-4824393,-123033,1468848,1311401,缩量,中,主力惜售,进场,资金观望型,资金+业绩共振(双击候选),B,关注：资金+业绩共振,85.9
002715,登云股份,13.09,-63.4,0.38,-21.3,-0.85,-1419754,-1159671,-21452867,710066,1390158,773143,缩量,低,情绪退潮,观望,资金观望型,,D,回避：资金观望,-0.3
002716,湖南白银,9.56,-40.5,1.06,-57.5,-4.84,-320332370,-590608393,-1148423501,30678765,17290909,-34111152,缩量,低,情绪退潮,观望,资金撤退型,,D,回避：资金撤退,-1.6
002708,光洋股份,17.21,55.1,1.25,-28.3,0.08,2314114,-145302267,353610046,-3992762,4635239,16282051,放量,低,游资情绪,抢筹,长线吸筹型,资金+业绩共振(双击候选),B,关注：资金+业绩共振,88.0
002718,友邦吊顶,83.22,-57.9,1.43,2.6,-11.36,-34655329,-40936837,-39989347,-4773425,-2602059,5570214,缩量,低,情绪退潮,观望,资金观望型,,D,回避：资金观望,-3.8
002721,金一文化,2.66,-37.6,1.76,-74.4,1.46,10868269,-38427283,251032108,-14480967,-12891549,12909481,缩量,低,情绪退潮,观望,长线吸筹型,,D,回避：资金观望,0.5
002713,东易日盛,10.73,-4.5,0.53,24.1,8.3,101087503,101645314,144998213,7062785,-25943,-3594748,缩量,中,主力惜售,进场,均衡流入型,资金+业绩共振(双击候选),B,关注：资金+业绩共振,86.8
002723,小崧股份,7.28,-19.1,0.49,8.5,-8.87,-31440369,-26801477,-29981442,-8309184,-3025771,7616832,缩量,低,情绪退潮,观望,资金观望型,,D,回避：资金观望,-3.0
002730,电光科技,22.82,-45.2,0.3,4.5,-0.55,-8635426,-53064095,94133791,16439770,8000018,-15258293,缩量,低,情绪退潮,观望,长线吸筹型,,D,回避：资金观望,-0.2
002722,物产金轮,13.22,-41.2,0.53,-36.4,-1.27,-1541888,-1370376,965083,77194,1657919,-897154,缩量,低,情绪退潮,吸筹,资金观望型,机构吸筹+盈利(关注),C,谨慎：资金流入未验证业绩,23.6
002729,好利科技,13.95,-64.9,0.47,-22.7,-0.41,-935837,-4301728,-20148534,-1703915,-2908479,-1637436,缩量,低,情绪退潮,观望,资金撤退型,,D,回避：资金撤退,-0.1
002733,雄韬股份,18.08,-60.7,0.27,-14.4,-1.33,-12641625,-28298669,-84267725,-8196027,-6697439,60669,缩量,低,情绪退潮,观望,资金撤退型,,D,回避：资金撤退,-0.4
002736,国信证券,9.98,-60.4,0.59,-21.0,3.51,28808089,7468074,-45217657,-2370422,-3115016,15511083,缩量,低,情绪退潮,观望,资金观望型,,D,回避：资金观望,1.2
002735,王子新材,11.9,71.4,2.13,258.9,4.21,105266811,200721456,196997332,-16287316,-9706871,31611711,放量,低,游资情绪,观望,趋势转多型,,D,回避：资金观望,9.4
002734,利民股份,20.32,186.4,0.48,61.0,-0.55,-15331222,-5329797,116453688,16834991,-14292244,-10840584,放量,低,游资情绪,观望,高位分歧型,,D,回避：资金观望,7.8
002732,燕塘乳业,14.11,-36.7,0.85,-18.9,0.13,129266,-325457,-1636579,-820413,-502078,39453,缩量,低,情绪退潮,观望,资金观望型,,D,回避：资金观望,0.0
002724,海洋王,7.17,483.2,0.36,32.4,12.35,198022130,174312890,116630871,-16276749,-59320,24157227,放量,高,主力主导放量🔥(最强),进场,资金观望型,资金+业绩共振(双击候选),A,金股候选：资金强攻+业绩共振,96.1
002725,跃岭股份,10.99,-60.2,0.47,-4.9,0.62,1140223,1793455,-11819840,355391,-444682,118119,缩量,低,情绪退潮,进场,趋势转多型,资金+业绩共振(双击候选),B,关注：资金+业绩共振,72.2
002737,葵花药业,11.38,-62.7,0.78,-50.9,-1.55,-3392828,-6257504,36428339,390635,-685200,-3595830,缩量,低,情绪退潮,观望,长线吸筹型,,D,回避：资金观望,-0.5
002727,一心堂,10.86,-70.7,1.29,-29.2,0.4,1026370,2218384,-7450402,126652,-868676,-3448988,缩量,低,情绪退潮,进场,趋势转多型,资金+业绩共振(双击候选),B,关注：资金+业绩共振,72.1
002738,中矿资源,44.35,-59.0,0.75,-18.5,3.4,145802351,-140766435,-143242935,-32291947,-30607989,11077824,缩量,低,情绪退潮,观望,资金观望型,,D,回避：资金观望,1.1
002728,特一药业,9.84,-48.4,2.1,33.5,2.21,24071102,12113891,10163902,1851820,2593342,-1113443,缩量,低,情绪退潮,吸筹,资金观望型,资金+业绩共振(双击候选),B,关注：资金+业绩共振,64.7
002739,儒意电影,8.49,-77.7,3.8,-36.9,-0.84,-13363654,-114772094,-112214869,-18852847,-16164805,15431778,缩量,低,情绪退潮,观望,资金观望型,,D,回避：资金观望,-0.3
002745,木林森,12.42,-50.8,1.74,7.4,-0.85,-24550664,-67116573,-87055384,-40006141,-30304799,48448407,缩量,低,情绪退潮,观望,资金撤退型,,D,回避：资金撤退,-0.3
002746,仙坛股份,6.28,-41.3,1.3,-15.6,-2.68,-9763947,-84271839,-96837173,693297,2736642,1763724,缩量,低,情绪退潮,观望,资金撤退型,,D,回避：资金撤退,-0.9
002742,冀衡医药,4.21,94.9,3.31,-74.3,-1.91,-12239687,-43439955,-496083043,-4140949,-989525,6433000,放量,低,游资情绪,观望,资金撤退型,,D,回避：资金撤退,7.4
002747,埃斯顿,29.47,-86.2,12.38,-26.8,-1.05,-43626031,-188620577,-655584563,-10722755,2194978,47152537,缩量,低,情绪退潮,观望,资金撤退型,,D,回避：资金撤退,-0.4
002752,昇兴股份,6.12,-41.6,0.18,-13.0,-2.81,-8268751,-20598739,-8519721,-5157726,-4786942,-218121,缩量,低,情绪退潮,观望,资金观望型,,D,回避：资金观望,-0.9
002741,光华科技,27.47,37.4,1.27,93.2,3.03,147218339,167988351,14006143,80143817,59809957,-95679369,缩量,低,情绪退潮,进场,趋势转多型,资金+业绩共振(双击候选),B,关注：资金+业绩共振,73.0
002749,国光股份,8.45,-68.8,1.52,-48.2,-4.67,-3955145,-14158076,-9095849,-1017437,0,694449,缩量,低,情绪退潮,观望,资金观望型,,D,回避：资金观望,-1.6
002753,永东股份,6.71,45.1,0.4,114.8,-2.72,-9905464,15761494,1517685,-5190901,-2690500,4648337,缩量,低,情绪退潮,观望,资金观望型,,D,回避：资金观望,-0.9
002748,世龙实业,12.34,-54.3,0.66,0.3,-5.99,-16201014,-32772645,-64680300,-146188,-737492,662486,缩量,低,情绪退潮,观望,资金撤退型,,D,回避：资金撤退,-2.0
002756,永兴材料,40.13,-68.2,0.44,-31.1,-0.12,-1763108,-130349,-157046819,-16006560,-13955268,14437749,缩量,低,情绪退潮,观望,资金观望型,,D,回避：资金观望,-0.0
002758,浙农股份,8.54,-6.2,0.29,-67.9,-5.32,-12545514,-23940483,5311896,-64616,0,481448,缩量,低,情绪退潮,观望,长线吸筹型,,D,回避：资金观望,-1.8
002760,凤形股份,17.72,-63.7,0.82,-45.7,0.57,1087926,-3520870,-3194754,-1921969,-922407,-522649,缩量,低,情绪退潮,观望,资金观望型,,D,回避：资金观望,0.2
002761,浙江建投,7.37,109.3,0.77,-51.0,-3.72,-15237469,-34942394,9438321,9166657,2625219,-15078186,放量,低,游资情绪,观望,长线吸筹型,,D,回避：资金观望,6.8
002762,金发拉比,10.19,-2.6,2.03,56.9,-3.08,-14568341,-1561074,-25942700,-5526559,-5143256,7604937,缩量,低,情绪退潮,观望,资金观望型,,D,回避：资金观望,-1.0
002757,南兴股份,20.28,395.7,0.43,14.0,7.6,217108246,194341879,297937123,-108844423,-95384616,8616583,放量,中,主力偏强放量,进场,资金观望型,资金+业绩共振(双击候选),B,关注：资金+业绩共振,90.5
002755,奥赛康,12.97,53.5,0.64,4.0,8.64,121207552,103785382,106281004,-28981302,-15168828,63839038,放量,中,主力偏强放量,进场,资金观望型,资金+业绩共振(双击候选),B,关注：资金+业绩共振,90.9
002763,汇洁股份,7.32,-43.0,0.41,-4.9,0.82,1182533,-2492103,-5178679,-2468653,58258,-2427229,缩量,低,情绪退潮,观望,资金观望型,,D,回避：资金观望,0.3
002765,蓝黛科技,6.91,-57.1,0.65,-41.9,-5.87,-20096342,-25349983,-10309874,-3147579,-2699656,1619242,缩量,低,情绪退潮,观望,资金观望型,,D,回避：资金观望,-2.0
002766,索菱股份,4.0,-53.2,1.52,-54.5,-0.87,-2407099,-1942284,-4125913,-9871527,-9833390,4030018,缩量,低,情绪退潮,观望,资金观望型,,D,回避：资金观望,-0.3
002767,先锋电子,18.82,-20.3,1.1,58.8,1.25,4584355,-5691638,-7368759,-1962492,-2524103,-441077,缩量,低,情绪退潮,观望,资金观望型,,D,回避：资金观望,0.4
002769,普路通,6.74,67.8,0.52,-4.3,-8.44,-34680936,-28982973,7252988,3765772,1829222,7571866,放量,低,游资情绪,观望,长线吸筹型,,D,回避：资金观望,5.2
002772,众兴菌业,10.95,-56.4,0.93,-53.7,1.89,12559615,-58079399,25799067,-10941889,-4243954,10135256,缩量,低,情绪退潮,观望,长线吸筹型,,D,回避：资金观望,0.6
002771,真视通,13.66,-37.7,0.54,-30.0,-8.25,-38847636,-51885042,-26104047,-360610,-30746,894773,缩量,低,情绪退潮,观望,资金观望型,,D,回避：资金观望,-2.8
002773,康弘药业,20.17,-70.0,1.36,7.5,3.8,21687986,-1914229,-14615405,-5203835,-4254183,3603356,缩量,低,情绪退潮,观望,资金观望型,,D,回避：资金观望,1.3
002775,文科股份,3.3,-62.9,1.12,3.7,-1.35,-2205449,-717498,-14796490,2742491,1478500,-3970227,缩量,低,情绪退潮,观望,资金观望型,,D,回避：资金观望,-0.5
002774,快意电梯,17.41,1.7,1.06,27.7,-3.3,-49293293,-38661763,-45285798,-8940896,-7542422,5277220,缩量,低,情绪退潮,观望,资金观望型,,D,回避：资金观望,-1.1
002777,久远银海,12.66,-58.7,1.08,-25.6,4.13,10871553,6074282,3381977,-419469,-3462536,2303227,缩量,低,情绪退潮,观望,资金观望型,,D,回避：资金观望,1.4
002778,中晟高科,15.8,-42.8,0.58,-37.2,-3.5,-6426147,-13163174,-4697028,-2150688,-383492,1114575,缩量,低,情绪退潮,观望,资金观望型,,D,回避：资金观望,-1.2
002779,中坚科技,86.0,54.4,0.89,-23.2,-4.37,-51793429,-87612370,74066496,-7419721,-8695082,27747757,放量,低,游资情绪,观望,长线吸筹型,,D,回避：资金观望,6.5
002768,国恩股份,79.02,56.5,3.16,32.1,1.56,60674847,222689454,304914340,68476934,94882351,-99424574,放量,低,游资情绪,抢筹,均衡流入型,资金+业绩共振(双击候选),B,关注：资金+业绩共振,88.5
002782,可立克,15.52,-44.9,0.92,-29.7,-0.3,-1674850,-22699555,-30649462,3275336,2541902,-3802168,缩量,低,情绪退潮,观望,资金撤退型,,D,回避：资金撤退,-0.1
002783,凯龙股份,8.1,-0.6,0.57,-7.8,-0.86,-2705348,-16035629,-49294524,-7473602,-4266326,165280,缩量,低,情绪退潮,观望,资金撤退型,,D,回避：资金撤退,-0.3
002785,万里石,39.48,79.3,0.35,-14.7,0.46,9042190,634052,90818509,-4612902,-3661792,-11013155,放量,低,游资情绪,观望,长线吸筹型,,D,回避：资金观望,8.2
002786,银宝山新,7.67,-34.7,0.58,22.3,-1.45,-5769435,-13072409,-27983549,-1644080,1513671,3661473,缩量,低,情绪退潮,观望,资金撤退型,,D,回避：资金撤退,-0.5
002780,三夫户外,14.92,25.8,0.47,72.1,4.5,41329538,45740096,34888433,5027895,420576,-6719652,缩量,低,情绪退潮,进场,趋势转多型,资金+业绩共振(双击候选),B,关注：资金+业绩共振,73.5
002788,鹭燕医药,10.82,-54.7,0.7,2.7,0.97,7455104,-6576385,530639,-11002375,-10883893,10048961,缩量,低,情绪退潮,观望,资金观望型,,D,回避：资金观望,0.3
002791,坚朗五金,15.43,6.3,1.21,-4.7,-1.07,-3499468,-12034219,-18095685,-2729316,-2577981,7632852,缩量,低,情绪退潮,观望,资金撤退型,,D,回避：资金撤退,-0.4
002790,瑞尔特,6.6,743.3,0.44,391.0,-5.97,-73608543,-112996564,-88365317,9892060,4965400,-11613549,放量,低,游资情绪,观望,资金观望型,,D,回避：资金观望,6.0
002793,罗欣药业,4.77,-63.8,0.69,-44.3,-0.74,-4556007,-28887042,36354447,-7028066,-6949924,12753623,缩量,低,情绪退潮,观望,长线吸筹型,,D,回避：资金观望,-0.2
002797,第一创业,6.29,-44.0,0.29,-40.8,-1.72,-19132604,-97477050,-91540480,-17721457,-10015392,11540263,缩量,低,情绪退潮,观望,资金观望型,,D,回避：资金观望,-0.6
002799,环球印务,6.83,-21.1,0.51,2.1,0.84,1365307,1884621,-1388028,-900122,-601111,-1231567,缩量,低,情绪退潮,观望,趋势转多型,,D,回避：资金观望,0.3
002798,帝欧水华,6.67,-16.8,0.27,-29.4,-6.47,-18607827,-34059941,-2504104,2393315,-1423761,-4361715,缩量,低,情绪退潮,观望,长线吸筹型,,D,回避：资金观望,-2.2
002787,华源控股,27.08,-15.8,0.61,3.6,9.23,250040742,235356453,525643602,17155065,6852556,188887,缩量,中,主力惜售,进场,资金观望型,资金+业绩共振(双击候选),B,关注：资金+业绩共振,87.1
002792,通宇通讯,33.35,23.4,0.55,41.9,7.11,521996748,469670554,758722572,-194732029,-155466978,201493057,缩量,中,主力惜售,进场,资金观望型,资金+业绩共振(双击候选),B,关注：资金+业绩共振,86.4
002800,天顺股份,14.68,-45.0,0.63,-42.0,-4.13,-6254121,-5174728,-876169,-2434294,-1587197,109135,缩量,低,情绪退潮,观望,资金观望型,,D,回避：资金观望,-1.4
002795,永和智控,7.91,13.0,0.35,68.3,4.67,54366789,82941117,108337079,16391129,9425108,-11334660,缩量,低,情绪退潮,进场,主力建仓型,纯资金炒作(亏损风险),C,谨慎：纯资金炒作,13.6
002802,洪汇新材,12.38,-34.6,0.18,-18.9,-0.84,-968183,-8911591,-5726392,142831,0,555096,缩量,低,情绪退潮,观望,资金观望型,,D,回避：资金观望,-0.3
002801,微光股份,26.94,-64.9,0.66,-34.3,-4.4,-4162911,711377,19511209,-94206,-1108085,1977077,缩量,低,情绪退潮,观望,高位分歧型,,D,回避：资金观望,-1.5
002796,世嘉科技,30.6,-33.1,0.38,10.9,5.48,143265315,133473377,154631194,-13083227,-10143873,21387810,缩量,中,主力惜售,进场,资金观望型,纯资金炒作(亏损风险),C,谨慎：纯资金炒作,25.8
002803,吉宏股份,19.88,27.4,0.82,-10.3,-1.57,-20564594,-35484721,-25859586,-15077042,-20161137,-4136349,缩量,低,情绪退潮,观望,资金观望型,,D,回避：资金观望,-0.5
002809,红墙股份,8.39,-48.8,0.53,-41.2,-3.25,-5940483,-10252113,-17805533,-130388,0,-1416615,缩量,低,情绪退潮,观望,资金撤退型,,D,回避：资金撤退,-1.1
002805,丰元股份,16.46,-74.4,1.01,-10.0,0.88,5218886,1410233,-56953526,-5118734,-840268,967556,缩量,低,情绪退潮,观望,资金观望型,,D,回避：资金观望,0.3
002806,华锋股份,15.28,-37.0,1.5,93.4,3.71,39274972,33854255,17039382,-2971022,2634547,11069194,缩量,低,情绪退潮,观望,资金观望型,,D,回避：资金观望,1.2
002810,山东赫达,21.47,-59.9,0.37,-20.1,-2.81,-8522745,-17176293,-32246751,1361456,318001,-790221,缩量,低,情绪退潮,观望,资金撤退型,,D,回避：资金撤退,-0.9
002811,郑中设计,17.35,756.2,0.68,-22.3,1.06,12906312,5359252,-12918345,-29932866,-29476886,60135599,放量,低,游资情绪,观望,资金观望型,,D,回避：资金观望,8.4
002812,恩捷股份,47.5,-67.9,0.3,-23.5,-1.39,-37043051,-54919511,-674937715,-13769111,-10598268,13542819,缩量,低,情绪退潮,观望,资金撤退型,,D,回避：资金撤退,-0.5
002817,黄山胶囊,6.74,-38.9,0.75,-4.0,-1.23,-1687783,-2833345,10683331,-439035,0,841370,缩量,低,情绪退潮,观望,长线吸筹型,,D,回避：资金观望,-0.4
002815,崇达技术,24.86,105.7,1.48,120.1,-6.62,-786197661,-767021976,-556007212,-73465803,-85270065,133033072,放量,低,游资情绪,观望,资金观望型,,D,回避：资金观望,5.8
002813,路畅科技,22.8,2.6,0.3,-6.6,1.3,1805365,418866,263528,-1461790,-1351320,-1815619,缩量,低,情绪退潮,观望,资金观望型,,D,回避：资金观望,0.4
002818,富森美,11.14,-19.7,0.28,-3.2,4.26,9167901,31943549,43041070,-3969324,-3284160,1934217,缩量,低,情绪退潮,观望,主力建仓型,,D,回避：资金观望,1.4
002807,江阴银行,4.12,-41.6,0.61,-16.5,1.72,12787715,25385365,2196399,6124263,4323123,-8990924,缩量,低,情绪退潮,进场,趋势转多型,资金+业绩共振(双击候选),B,关注：资金+业绩共振,72.6
002821,凯莱英,188.01,-48.8,1.75,6.9,0.41,36485558,-26826796,272340151,-57525338,-46923829,96709793,缩量,低,情绪退潮,观望,资金观望型,,D,回避：资金观望,0.1
002824,和胜股份,28.53,-21.0,0.87,13.7,-0.68,-29578811,-185575634,19075082,-1426020,3323780,11579403,缩量,低,情绪退潮,观望,长线吸筹型,,D,回避：资金观望,-0.2
002825,纳尔股份,9.54,-2.8,0.4,-33.9,-18.57,-42988852,-54758519,-675792,-561117,0,2543226,缩量,低,情绪退潮,观望,长线吸筹型,,D,回避：资金观望,-6.2
002819,东方中科,24.24,328.4,0.76,34.9,-3.82,-16086215,-9626750,-28756530,76359340,79049168,-42745940,放量,低,游资情绪,抢筹,资金观望型,纯资金炒作(亏损风险),C,谨慎：纯资金炒作,26.7
002826,易明医药,17.15,-71.4,0.84,-35.5,-6.59,-13355745,-26895880,-23468902,-1717157,-2025273,-818118,缩量,低,情绪退潮,观望,资金观望型,,D,回避：资金观望,-2.2
002828,贝肯能源,10.73,-74.9,1.84,-46.2,-0.45,-2261968,-36356343,-68358537,-3198446,-2612794,2796309,缩量,低,情绪退潮,观望,资金撤退型,,D,回避：资金撤退,-0.1
002829,星网宇达,20.24,-76.8,2.35,-25.1,-0.43,-2090682,3115752,-14872969,-4315451,-1948411,8759826,缩量,低,情绪退潮,观望,资金观望型,,D,回避：资金观望,-0.1
002820,桂发祥,9.79,-12.9,0.79,-57.7,0.15,451229,-26444899,-67638637,177901,-1094942,1736326,缩量,低,情绪退潮,进场,资金观望型,纯资金炒作(亏损风险),C,谨慎：纯资金炒作,12.1
002823,凯中精密,13.0,-55.7,0.69,-22.3,4.07,7648794,-4008735,-29958206,2763134,-1101383,-2507023,缩量,低,情绪退潮,进场,资金观望型,资金+业绩共振(双击候选),B,关注：资金+业绩共振,73.4
002831,裕同科技,28.75,-37.6,0.83,-38.7,-1.01,-10238068,-77503681,-70134891,-3515879,-9065747,-1184205,缩量,低,情绪退潮,观望,资金观望型,,D,回避：资金观望,-0.3
002827,高争民爆,79.41,217.4,3.78,-20.1,3.62,171903160,146193650,639358330,63113706,59660707,-47904899,放量,低,游资情绪,抢筹,资金观望型,资金+业绩共振(双击候选),B,关注：资金+业绩共振,89.2
002832,比音勒芬,25.45,-72.1,1.01,-50.1,-2.99,-17081392,-46881981,-7056601,7067404,8339311,1556774,缩量,低,情绪退潮,观望,长线吸筹型,,D,回避：资金观望,-1.0
002835,同为股份,13.1,-28.1,0.59,-2.0,-1.25,-1830935,-974335,-5442295,-3786353,-2289956,3367338,缩量,低,情绪退潮,观望,资金观望型,,D,回避：资金观望,-0.4
002836,新宏泽,11.15,914.6,0.5,240.9,-2.52,-29834737,-28343004,-28252608,8376989,91484,-18035519,放量,低,游资情绪,观望,资金观望型,,D,回避：资金观望,7.2
002837,英维克,61.25,-59.6,0.77,-57.7,-1.04,-105810861,-503346699,-1270722100,-23806807,-15627395,52159503,缩量,低,情绪退潮,观望,资金撤退型,,D,回避：资金撤退,-0.3
002830,名雕股份,14.99,-56.1,1.18,-45.5,0.06,142569,-15800561,22795325,3433532,1777291,-3485130,缩量,低,情绪退潮,进场,长线吸筹型,资金+业绩共振(双击候选),B,关注：资金+业绩共振,72.0
002838,道恩股份,25.84,-50.1,1.14,-30.0,-1.16,-6563851,-14146555,11269667,4941295,2503451,-5586251,缩量,低,情绪退潮,观望,资金观望型,,D,回避：资金观望,-0.4
002841,视源股份,46.6,-69.2,4.03,-38.0,0.03,442342,-47367647,62101899,-11836590,-11417291,717156,缩量,低,情绪退潮,观望,长线吸筹型,,D,回避：资金观望,0.0
002833,弘亚数控,18.68,-62.3,0.57,-54.6,0.64,1539654,-5554376,-24263345,2141601,875469,-4062879,缩量,低,情绪退潮,进场,资金观望型,资金+业绩共振(双击候选),B,关注：资金+业绩共振,72.2
002842,翔鹭钨业,33.78,-63.1,0.93,-6.6,-9.23,-401936632,-151260357,-309140575,-68091670,-48808052,112472610,缩量,低,情绪退潮,观望,资金观望型,,D,回避：资金观望,-3.1
002846,英联股份,11.4,139.4,0.33,194.9,-0.46,-7358644,31168233,49931314,-3004324,-1761014,21805372,放量,低,游资情绪,观望,资金观望型,,D,回避：资金观望,7.8
002845,同兴达,14.51,-63.0,1.47,13.1,2.96,17471227,23079266,-1092424,-8104591,-1317070,15175725,缩量,低,情绪退潮,观望,趋势转多型,,D,回避：资金观望,1.0
002839,张家港行,4.25,-35.3,1.07,-26.0,9.68,47752412,81054137,107109958,-5398611,-2948614,-6341267,缩量,中,主力惜售,进场,主力强攻型,资金+业绩共振(双击候选),B,关注：资金+业绩共振,87.2
002840,华统股份,8.36,-36.5,0.4,-43.1,3.12,18907491,3965881,-24856538,7037839,3010340,-9507847,缩量,低,情绪退潮,进场,资金观望型,纯资金炒作(亏损风险),C,谨慎：纯资金炒作,13.0
002847,盐津铺子,43.2,-70.8,1.0,-27.0,0.01,38174,-43221088,-23839473,-7345067,-9227235,5098106,缩量,低,情绪退潮,观望,资金观望型,,D,回避：资金观望,0.0
002848,高斯贝尔,15.66,199.5,1.29,388.4,-4.74,-72430659,-12149819,-38486072,160333,5104953,13952703,放量,低,游资情绪,观望,资金观望型,,D,回避：资金观望,6.4
002850,科达利,170.98,-75.6,1.08,12.9,-1.96,-43147291,-67907849,-178718323,-25730631,-17735611,19649764,缩量,低,情绪退潮,观望,资金撤退型,,D,回避：资金撤退,-0.7
002843,泰嘉股份,16.18,-72.4,0.33,-38.4,0.7,3455244,1715169,41677544,1472326,4026686,-3916969,缩量,低,情绪退潮,吸筹,长线吸筹型,纯资金炒作(亏损风险),C,谨慎：纯资金炒作,4.2
002852,道道全,8.08,105.5,0.33,-52.2,-1.29,-4820502,-40789543,227711,-6721619,-5425620,4084334,放量,低,游资情绪,观望,长线吸筹型,,D,回避：资金观望,7.6
002855,捷荣技术,13.06,509.2,0.47,-48.2,-6.01,-67774308,-97898097,-4067151,-13634045,739655,21263245,放量,低,游资情绪,观望,长线吸筹型,,D,回避：资金观望,6.0
002858,力盛体育,11.47,-37.2,0.43,-33.8,-3.78,-7334966,-24304202,-28618698,-3191235,-2836545,2446990,缩量,低,情绪退潮,观望,资金撤退型,,D,回避：资金撤退,-1.3
002853,皮阿诺,21.73,-60.7,0.72,-39.4,0.53,657795,10807606,10210251,-1010106,510354,1022014,缩量,低,情绪退潮,观望,趋势转多型,,D,回避：资金观望,0.2
002857,三晖电气,17.77,-56.5,0.62,-12.2,-1.56,-2323183,-7846529,-22564714,-1600613,0,1565771,缩量,低,情绪退潮,观望,资金撤退型,,D,回避：资金撤退,-0.5
002849,威星智能,23.0,381.1,1.03,60.0,1.69,38428144,48550016,-43489013,61018736,76644118,-46612042,放量,低,游资情绪,抢筹,趋势转多型,资金+业绩共振(双击候选),B,关注：资金+业绩共振,88.6
002851,麦格米特,122.85,-50.6,1.69,-26.8,0.98,139689337,-86946981,1258703208,102831439,56738458,-141572792,缩量,低,情绪退潮,进场,长线吸筹型,资金+业绩共振(双击候选),B,关注：资金+业绩共振,72.3
002861,瀛通通讯,14.66,-63.3,1.22,-15.0,-0.49,-1483469,-25779537,-50814098,-7791529,-6118051,2459057,缩量,低,情绪退潮,观望,资金撤退型,,D,回避：资金撤退,-0.2
002862,实丰文化,15.7,2.3,0.41,-45.0,-2.89,-10652552,-29413350,62554071,-1389418,-1474400,428619,缩量,低,情绪退潮,观望,长线吸筹型,,D,回避：资金观望,-1.0
002864,盘龙药业,21.22,-73.6,1.59,-29.5,-1.55,-3225616,-15221863,-35126446,3530576,1845000,-5331720,缩量,低,情绪退潮,观望,资金撤退型,,D,回避：资金撤退,-0.5
002866,传艺科技,14.48,-69.7,0.18,4.0,-1.51,-4461442,-1082205,-32441214,-948196,-965874,-1428990,缩量,低,情绪退潮,观望,资金观望型,,D,回避：资金观望,-0.5
002863,今飞凯达,4.73,-33.8,0.81,-22.9,-1.37,-2381502,4352047,3305024,-347744,-442475,-782245,缩量,低,情绪退潮,观望,资金观望型,,D,回避：资金观望,-0.5
002867,周大生,10.17,-25.6,0.36,-49.8,-4.31,-14914268,-67267013,-52434081,4902906,1362616,3240908,缩量,低,情绪退潮,观望,资金观望型,,D,回避：资金观望,-1.4
002859,洁美科技,68.65,-38.0,2.53,28.3,-0.49,-25848402,172989247,43174591,11366130,12425254,-3142845,缩量,低,情绪退潮,吸筹,资金观望型,机构吸筹+盈利(关注),C,谨慎：资金流入未验证业绩,23.8
002860,星帅尔,18.39,-100.0,3.34,-16.2,6.85,68642530,21643970,44294666,0,0,0,缩量,中,主力惜售,进场,资金观望型,资金+业绩共振(双击候选),B,关注：资金+业绩共振,86.3
002870,香山股份,49.36,-35.5,2.11,-8.8,-3.19,-28700754,9269843,-33157361,-13111327,-8052746,7385097,缩量,低,情绪退潮,观望,资金观望型,,D,回避：资金观望,-1.1
002873,新天药业,8.45,-39.6,0.71,-2.8,-0.06,-143671,1762894,1290200,2459284,877264,-3964349,缩量,低,情绪退潮,观望,资金观望型,,D,回避：资金观望,-0.0
002871,伟隆股份,18.84,-12.6,1.36,-41.3,0.55,1794821,-25268299,-32870171,-457441,1473840,-3541989,缩量,低,情绪退潮,观望,资金观望型,,D,回避：资金观望,0.2
002875,安奈儿,13.1,-58.8,0.29,-53.3,-7.36,-15326243,-13142705,6275792,1491106,-218590,-2609177,缩量,低,情绪退潮,观望,长线吸筹型,,D,回避：资金观望,-2.5
002865,钧达股份,38.28,-64.3,0.43,-10.3,1.29,14569753,-7867986,-34605842,3127593,4036811,2049888,缩量,低,情绪退潮,进场,资金观望型,纯资金炒作(亏损风险),C,谨慎：纯资金炒作,12.4
002876,三利谱,33.2,-20.8,0.72,75.1,-2.7,-18656469,-33161057,-15451702,2402080,7701473,3874294,缩量,低,情绪退潮,观望,资金观望型,,D,回避：资金观望,-0.9
002868,绿康生化,22.88,4.8,1.93,-57.8,-0.92,-2278269,-37973289,69437959,-1519770,3049193,-781511,缩量,低,情绪退潮,吸筹,长线吸筹型,纯资金炒作(亏损风险),C,谨慎：纯资金炒作,3.7
002877,智能自控,7.45,-11.9,0.56,-3.1,2.06,4424040,9112629,15807451,-2357037,-1893831,3075472,缩量,低,情绪退潮,观望,主力建仓型,,D,回避：资金观望,0.7
002869,金溢科技,16.77,228.8,0.78,55.3,10.45,63222512,60032124,60482217,-8307542,1039688,13707836,放量,高,主力主导放量🔥(最强),进场,资金观望型,纯资金炒作(亏损风险),C,谨慎：纯资金炒作,35.5
002878,元隆雅图,12.61,-33.6,0.33,-39.1,-0.83,-2184347,-10265241,-21382955,1268460,649171,4190835,缩量,低,情绪退潮,观望,资金撤退型,,D,回避：资金撤退,-0.3
002880,卫光生物,21.87,14.1,1.17,-62.4,-2.76,-6358070,-16833989,-9376471,-3379841,-2607490,5837725,缩量,低,情绪退潮,观望,资金观望型,,D,回避：资金观望,-0.9
002881,美格智能,46.25,0.4,3.0,-31.4,-5.58,-140437008,-309698025,-17554673,-72480871,-55116495,99854604,缩量,低,情绪退潮,观望,长线吸筹型,,D,回避：资金观望,-1.9
002885,京泉华,28.76,-30.3,0.84,-24.6,-0.62,-13128872,60651483,168921143,-15456757,-12634836,3768304,缩量,低,情绪退潮,观望,高位分歧型,,D,回避：资金观望,-0.2
002884,凌霄泵业,15.45,-50.4,0.58,-22.6,-1.42,-1297501,-6930875,-6814025,-644016,-1000763,-1041699,缩量,低,情绪退潮,观望,资金观望型,,D,回避：资金观望,-0.5
002879,长缆科技,16.85,-44.6,2.3,-28.6,1.4,7987188,15778322,31560138,28844741,15259024,-29390395,缩量,低,情绪退潮,进场,均衡流入型,资金+业绩共振(双击候选),B,关注：资金+业绩共振,72.5
002888,惠威科技,18.69,-37.7,1.08,-56.3,-3.05,-6738492,-893921,-16171113,-389729,0,-1410769,缩量,低,情绪退潮,观望,资金观望型,,D,回避：资金观望,-1.0
002882,金龙羽,22.06,-22.6,1.89,-14.9,0.59,9691766,62588247,279813558,1383497,2834542,2201744,缩量,低,情绪退潮,进场,均衡流入型,资金+业绩共振(双击候选),B,关注：资金+业绩共振,72.2
002887,绿茵生态,9.05,-32.3,0.59,-39.0,-2.36,-3735836,-9232280,-15669221,-341366,-585281,-3344703,缩量,低,情绪退潮,观望,资金撤退型,,D,回避：资金撤退,-0.8
002890,弘宇股份,15.35,-16.9,0.48,-41.7,2.79,4415756,-387166,10966481,-1537229,-657936,1098861,缩量,低,情绪退潮,观望,资金观望型,,D,回避：资金观望,0.9
002889,东方嘉盛,11.96,-78.4,2.89,-33.8,-4.54,-4744434,-8276440,-17389247,-1125249,0,-144097,缩量,低,情绪退潮,观望,资金撤退型,,D,回避：资金撤退,-1.5
002891,中宠股份,28.43,-53.8,0.7,-18.0,0.95,8937646,-45037954,-48383175,-3252023,-8094884,-4749130,缩量,低,情绪退潮,观望,资金观望型,,D,回避：资金观望,0.3
002892,科力尔,8.63,-53.8,0.87,-26.3,-1.07,-1867418,-5126718,-17489857,-789510,322969,1061263,缩量,低,情绪退潮,观望,资金撤退型,,D,回避：资金撤退,-0.4
002893,京能热力,10.25,20.0,0.47,-29.8,-4.53,-22133617,-36374325,28064668,7561049,5751240,-5894319,缩量,低,情绪退潮,观望,长线吸筹型,,D,回避：资金观望,-1.5
002895,川恒股份,30.89,-68.3,0.6,-34.4,1.93,9533268,-12977662,11784806,-3446951,-3040809,-8924538,缩量,低,情绪退潮,观望,资金观望型,,D,回避：资金观望,0.6
002886,沃特股份,27.14,428.7,1.32,-19.5,0.11,4827317,361502912,522142034,75707742,62551550,-56699103,放量,低,游资情绪,抢筹,均衡流入型,资金+业绩共振(双击候选),B,关注：资金+业绩共振,88.0
002896,中大力德,60.74,-79.2,3.6,-32.9,-5.08,-74250591,-133904821,-276548499,-7026654,-5407975,16110598,缩量,低,情绪退潮,观望,资金撤退型,,D,回避：资金撤退,-1.7
002899,英派斯,21.34,0.8,0.87,-13.0,-2.21,-9109140,9854605,8360547,6958706,3306461,-7028796,缩量,低,情绪退潮,观望,资金观望型,,D,回避：资金观望,-0.7
002900,哈三联,12.84,12.9,3.18,-19.9,4.28,58694060,45345647,-44520745,-15047799,-11000442,24955962,缩量,低,情绪退潮,观望,资金观望型,,D,回避：资金观望,1.4
002897,意华股份,67.85,-32.1,0.96,89.5,-5.59,-298086196,285531183,675443893,-77757398,-50815377,106340105,缩量,低,情绪退潮,观望,高位分歧型,,D,回避：资金观望,-1.9
002902,铭普光磁,28.83,33.8,0.42,114.8,4.65,267626628,588305880,845825091,-25182477,-20589797,42660141,缩量,低,情绪退潮,观望,主力建仓型,,D,回避：资金观望,1.6
002903,宇环数控,30.67,-44.6,0.84,-27.6,3.78,71435176,25224499,35778362,-5664820,-7845781,5254471,缩量,低,情绪退潮,观望,资金观望型,,D,回避：资金观望,1.3
002905,金逸影视,8.94,2.0,0.92,-41.7,0.21,679692,-5148049,-6149543,-3844330,-1565917,-1320033,缩量,低,情绪退潮,观望,资金观望型,,D,回避：资金观望,0.1
002906,华阳集团,27.78,-10.2,0.52,-45.9,0.32,2803004,-60650020,-31477124,-18337307,-14545987,10577377,缩量,低,情绪退潮,观望,资金观望型,,D,回避：资金观望,0.1
002907,华森制药,14.71,77.8,3.02,-31.4,3.04,34727182,-11189851,-161409506,-18444926,-6676912,34052815,放量,低,游资情绪,观望,资金观望型,,D,回避：资金观望,9.0
002908,德生科技,7.02,-55.3,0.79,-27.6,1.17,1743725,-424053,-16668872,-350097,-984079,263464,缩量,低,情绪退潮,观望,资金观望型,,D,回避：资金观望,0.4
002901,大博医疗,41.72,-40.0,1.34,-42.0,1.25,3547021,-10012832,-43821140,5344606,5140502,-6365017,缩量,低,情绪退潮,进场,资金观望型,资金+业绩共振(双击候选),B,关注：资金+业绩共振,72.4
002910,庄园牧场,10.03,-74.3,3.19,-15.3,-2.26,-6478537,-13726336,-14428697,1252558,1231533,-2135373,缩量,低,情绪退潮,观望,资金撤退型,,D,回避：资金撤退,-0.8
002911,佛燃能源,11.06,-42.7,0.56,-21.2,2.8,5441108,2597785,8679347,-1781350,-1521044,-1168023,缩量,低,情绪退潮,观望,资金观望型,,D,回避：资金观望,0.9
002912,中新赛克,25.41,650.5,0.65,954.1,0.54,18047341,5201904,-10219765,-8160479,-18761136,12842338,放量,低,游资情绪,观望,资金观望型,,D,回避：资金观望,8.2
002915,中欣氟材,17.05,-66.8,1.14,-59.1,-4.72,-22480794,-11557311,41554319,-1854709,3570238,8046423,缩量,低,情绪退潮,观望,高位分歧型,,D,回避：资金观望,-1.6
002913,奥士康,90.86,300.6,0.75,138.9,-6.64,-461237475,-535417454,-374223934,84299133,46166196,-60359004,放量,低,游资情绪,观望,资金观望型,,D,回避：资金观望,5.8
002918,蒙娜丽莎,10.86,142.3,1.66,-0.8,3.16,33610155,120796582,174969454,-12316781,-4369403,8704091,放量,低,游资情绪,观望,主力建仓型,,D,回避：资金观望,9.1
002909,集泰股份,7.54,1428.3,0.64,-15.2,-0.23,-4453664,-126578605,-34434088,151194755,167025641,-85020228,放量,低,游资情绪,抢筹,资金观望型,纯资金炒作(亏损风险),C,谨慎：纯资金炒作,27.9
002917,金奥博,10.23,-40.4,0.73,-7.7,2.11,2843356,-2828611,-15829964,-4977307,-1786161,2026351,缩量,低,情绪退潮,观望,资金观望型,,D,回避：资金观望,0.7
002919,名臣健康,16.49,-48.1,0.48,-24.0,-1.86,-4166194,-9099468,-1517694,-15230393,-17213252,6102564,缩量,低,情绪退潮,观望,资金观望型,,D,回避：资金观望,-0.6
002920,德赛西威,83.51,-64.6,0.71,-39.6,-0.76,-14292346,-147614690,-101766844,-20672233,-25826080,-3393208,缩量,低,情绪退潮,观望,资金观望型,,D,回避：资金观望,-0.3
002921,联诚精密,21.25,-56.3,0.7,-46.5,-1.92,-7526748,-13776127,4567783,-1839324,-3686067,-4915812,缩量,低,情绪退潮,观望,资金观望型,,D,回避：资金观望,-0.6
002922,伊戈尔,23.44,-55.6,0.6,-41.5,1.77,26666253,-19842757,18502809,-5854575,-11432808,-5397820,缩量,低,情绪退潮,观望,资金观望型,,D,回避：资金观望,0.6
002923,润都股份,11.06,-63.8,0.76,-8.4,-3.35,-11070633,-13442304,-13100546,169501,573209,-1073077,缩量,低,情绪退潮,观望,资金观望型,,D,回避：资金观望,-1.1
002916,深南电路,414.77,-10.1,1.31,18.6,-0.25,-44658935,588625660,1870831359,210813265,191493327,-3517164,缩量,低,情绪退潮,吸筹,高位分歧型,机构吸筹+盈利(关注),C,谨慎：资金流入未验证业绩,23.9
002926,华西证券,8.35,-34.7,0.78,-22.9,-0.69,-4231511,10187798,16485308,-18970714,-11967890,21003927,缩量,低,情绪退潮,观望,资金观望型,,D,回避：资金观望,-0.2
002927,泰永长征,19.33,156.4,1.12,126.5,3.05,55370165,74816772,71489808,-20934887,-11344327,28347149,放量,低,游资情绪,观望,趋势转多型,,D,回避：资金观望,9.0
002925,盈趣科技,24.58,-36.0,2.02,28.0,-4.96,-71801763,-89930422,-107889076,-22968399,-11876503,37819637,缩量,低,情绪退潮,观望,资金撤退型,,D,回避：资金撤退,-1.7
002928,华夏航空,6.5,-12.7,1.14,6.7,-0.61,-4494552,-24879582,-75170631,12305850,7459295,-17233479,缩量,低,情绪退潮,观望,资金撤退型,,D,回避：资金撤退,-0.2
002930,宏川智慧,9.1,-67.9,0.81,-42.4,-1.77,-3878294,-4978007,-10718011,760564,-385688,-1309096,缩量,低,情绪退潮,观望,资金撤退型,,D,回避：资金撤退,-0.6
002931,锋龙股份,40.85,-84.4,0.99,-27.9,-4.56,-37403836,-109211444,-181095047,-1141706,-1573884,6674005,缩量,低,情绪退潮,观望,资金撤退型,,D,回避：资金撤退,-1.5
002933,新兴装备,27.81,-5.8,0.7,-9.5,-3.9,-8541444,-9187674,-34347321,-564135,-686391,-1348631,缩量,低,情绪退潮,观望,资金撤退型,,D,回避：资金撤退,-1.3
002929,润建股份,51.96,-65.8,1.08,-10.9,6.5,133153990,28267946,-23170773,-8286029,-10951286,-2139249,缩量,中,主力惜售,进场,资金观望型,资金+业绩共振(双击候选),B,关注：资金+业绩共振,86.2
002938,鹏鼎控股,88.19,-47.9,1.09,9.9,-0.66,-64906155,-47883908,580342603,-52676691,-27060866,62602310,缩量,低,情绪退潮,观望,长线吸筹型,,D,回避：资金观望,-0.2
002935,天奥电子,17.52,64.7,0.38,43.4,-0.86,-4616305,-17629326,-32915103,58330914,51894390,-42399101,放量,低,游资情绪,抢筹,资金撤退型,机构吸筹+盈利(关注),C,谨慎：资金流入未验证业绩,47.7
002940,昂利康,23.28,-73.9,0.5,-55.5,-0.07,-524659,-52189168,161491679,-9996479,-8129441,8394114,缩量,低,情绪退潮,观望,长线吸筹型,,D,回避：资金观望,-0.0
002945,华林证券,14.77,8.7,1.37,-50.6,1.42,18080987,-32800817,171522233,-50332010,-46351739,52432636,缩量,低,情绪退潮,观望,长线吸筹型,,D,回避：资金观望,0.5
002941,新疆交建,10.44,-35.0,0.53,-38.5,3.69,11835059,-9467144,-12295687,-3666463,-3085505,-7683759,缩量,低,情绪退潮,观望,资金观望型,,D,回避：资金观望,1.2
002942,新农股份,16.93,129.6,0.54,-71.8,-1.34,-4744520,-67959277,-150196878,-378787,-207640,988298,放量,低,游资情绪,观望,资金撤退型,,D,回避：资金撤退,7.6
002936,郑州银行,1.74,-9.5,1.37,-4.4,7.54,48009562,79656551,51622974,6638739,8287175,-3033404,缩量,中,主力惜售,吸筹,短线抢筹型,资金+业绩共振(双击候选),B,关注：资金+业绩共振,78.5
002939,长城证券,7.87,-65.2,1.3,-30.5,-1.45,-7539405,-52726564,-58249336,-14067955,-11394096,9206605,缩量,低,情绪退潮,观望,资金撤退型,,D,回避：资金撤退,-0.5
002947,恒铭达,65.77,-28.3,0.32,-48.7,2.94,76280102,56931175,472483169,-40091032,-40879337,30069729,缩量,低,情绪退潮,观望,资金观望型,,D,回避：资金观望,1.0
002948,青岛银行,6.02,-45.0,0.59,-21.4,-0.14,-1211300,-64022875,-163075305,-18469100,-19055184,10515998,缩量,低,情绪退潮,观望,资金撤退型,,D,回避：资金撤退,-0.0
002937,兴瑞科技,30.13,147.9,1.19,-25.2,-3.08,-47961833,-107722039,-71101764,65973159,46726693,-48177552,放量,低,游资情绪,抢筹,资金观望型,机构吸筹+盈利(关注),C,谨慎：资金流入未验证业绩,47.0
002949,华阳国际,13.03,171.5,0.41,-60.6,-1.17,-5030029,-26323273,73899158,-3694213,-1647851,6631750,放量,低,游资情绪,观望,长线吸筹型,,D,回避：资金观望,7.6
002950,奥美医疗,8.64,-54.4,0.23,-7.6,-4.95,-13151011,-18867811,-32640950,-74197,-835728,2233111,缩量,低,情绪退潮,观望,资金撤退型,,D,回避：资金撤退,-1.7
002943,宇晶股份,31.58,-38.4,0.4,-45.2,6.1,72305909,66296490,49510046,11046027,1877893,-23521283,缩量,中,主力惜售,进场,资金观望型,资金+业绩共振(双击候选),B,关注：资金+业绩共振,86.0
002951,金时科技,16.83,49.3,1.27,-16.8,-1.53,-6283134,-12237112,-17442437,14633159,8929279,-51291251,缩量,低,情绪退潮,观望,资金撤退型,,D,回避：资金撤退,-0.5
002946,新乳业,14.45,-71.8,0.95,-43.7,0.45,1099683,-8790937,3411610,2695333,2109607,-4088014,缩量,低,情绪退潮,进场,资金观望型,资金+业绩共振(双击候选),B,关注：资金+业绩共振,72.2
002952,亚世光电,19.63,12.8,0.21,-63.3,-3.35,-13412331,-21229655,37943077,102254,589504,10174537,缩量,低,情绪退潮,观望,长线吸筹型,,D,回避：资金观望,-1.1
002953,日丰股份,10.35,-22.0,1.53,-40.1,-2.3,-11821600,34449766,60742292,-4238257,-2275023,8341655,缩量,低,情绪退潮,观望,资金观望型,,D,回避：资金观望,-0.8
002955,鸿合科技,37.41,1.3,4.69,-6.2,0.31,3708205,12086518,67536912,-7545922,871335,16836266,缩量,低,情绪退潮,观望,均衡流入型,,D,回避：资金观望,0.1
002959,小熊电器,31.7,-48.7,0.58,-18.2,-5.72,-3906238,-5945143,-12569309,-3310175,-2221638,1763059,缩量,低,情绪退潮,观望,资金撤退型,,D,回避：资金撤退,-1.9
002960,青鸟智控,8.94,-13.8,0.41,8.5,-3.31,-15306845,-12697457,-29711672,2017842,2396932,3531136,缩量,低,情绪退潮,观望,资金观望型,,D,回避：资金观望,-1.1
002956,西麦食品,17.67,-26.0,0.61,135.6,1.94,17910938,7902057,3933904,-532591,-2489493,1197765,缩量,低,情绪退潮,观望,资金观望型,,D,回避：资金观望,0.6
002962,五方光电,13.71,-51.1,0.76,27.9,-0.78,-4738820,-8582961,-5901866,-22163,-1068967,-3828348,缩量,低,情绪退潮,观望,资金观望型,,D,回避：资金观望,-0.3
002966,苏州银行,9.09,-55.2,1.64,-12.7,-0.96,-10808237,-41581742,-112407204,-23033686,-22642910,22671915,缩量,低,情绪退潮,观望,资金撤退型,,D,回避：资金撤退,-0.3
002958,青农商行,2.9,-23.7,1.12,-14.6,6.47,52050569,26643738,14836156,-10427184,-15619064,-2712389,缩量,中,主力惜售,进场,资金观望型,资金+业绩共振(双击候选),B,关注：资金+业绩共振,86.2
002957,科瑞技术,43.88,121.0,0.68,40.7,9.0,589178165,526366388,515885849,13077642,6234462,-101566525,放量,中,主力偏强放量,进场,资金观望型,资金+业绩共振(双击候选),B,关注：资金+业绩共振,91.0
002967,广电计量,17.56,-19.2,0.56,-13.0,-2.3,-6464939,-16288635,-27995927,7938596,3272606,990900,缩量,低,情绪退潮,观望,资金撤退型,,D,回避：资金撤退,-0.8
002969,嘉美包装,11.18,-73.4,0.64,-54.0,-6.34,-69120550,-177234245,80918565,-10131849,-3418017,15312683,缩量,低,情绪退潮,观望,长线吸筹型,,D,回避：资金观望,-2.1
002961,瑞达期货,13.73,71.0,0.63,22.7,8.29,132540976,114324177,149689399,-16359151,-5182381,21778640,放量,中,主力偏强放量,进场,资金观望型,资金+业绩共振(双击候选),B,关注：资金+业绩共振,90.8
002963,豪尔赛,23.9,84.9,1.1,-55.3,6.46,67808233,63731457,170094858,8849360,1972837,-16410756,放量,中,主力偏强放量,进场,资金观望型,纯资金炒作(亏损风险),C,谨慎：纯资金炒作,30.2
002970,锐明技术,43.93,-33.1,0.26,-39.7,-2.45,-20901747,-73137241,-27752991,-3600937,-4809296,-8920980,缩量,低,情绪退潮,观望,资金观望型,,D,回避：资金观望,-0.8
002965,祥鑫科技,32.37,-47.7,3.96,22.5,2.38,76596643,5385311,-118582578,20867301,22637156,-6855543,缩量,低,情绪退潮,吸筹,资金观望型,资金+业绩共振(双击候选),B,关注：资金+业绩共振,64.8
002973,侨银股份,12.86,21.3,1.73,94.4,-1.11,-8418459,-15627888,14178501,12541499,7207356,-12493141,缩量,低,情绪退潮,观望,资金观望型,,D,回避：资金观望,-0.4
002968,新大正,9.99,177.1,0.7,-6.2,0.5,1147401,-350412,1538190,2784792,981923,-7581519,放量,低,游资情绪,抢筹,资金观望型,资金+业绩共振(双击候选),B,关注：资金+业绩共振,88.2
002978,安宁股份,25.23,-66.1,0.53,-17.3,-3.74,-7484297,-1006203,-13116830,-1812882,626180,2295816,缩量,低,情绪退潮,观望,资金观望型,,D,回避：资金观望,-1.2
002976,瑞玛精密,25.64,184.7,2.55,160.3,-0.75,-15751390,65997972,21367487,-19527797,-31730754,9635105,放量,低,游资情绪,观望,资金观望型,,D,回避：资金观望,7.8
002971,和远气体,41.78,38.9,2.18,-20.4,6.5,293844664,300296614,500727606,26366733,37394326,-7484353,缩量,中,主力惜售,吸筹,均衡流入型,资金+业绩共振(双击候选),B,关注：资金+业绩共振,78.2
002972,科安达,13.43,-20.2,1.55,-17.4,-6.96,-30564106,-9924682,32072849,17718,2823221,-677126,缩量,低,情绪退潮,吸筹,高位分歧型,机构吸筹+盈利(关注),C,谨慎：资金流入未验证业绩,21.7
002979,雷赛智能,54.14,-83.5,2.94,-40.5,-2.04,-28988890,-93826310,-274231572,-1728360,-1811037,3663404,缩量,低,情绪退潮,观望,资金撤退型,,D,回避：资金撤退,-0.7
002983,芯瑞达,22.66,-50.0,1.26,-18.0,0.15,432305,8055517,27584873,-3025322,-681048,1732205,缩量,低,情绪退潮,观望,均衡流入型,,D,回避：资金观望,0.0
002975,博杰股份,110.57,26.7,0.73,-35.1,3.06,185536642,169214454,-52291539,101223770,102372778,-86453443,缩量,低,情绪退潮,吸筹,资金观望型,资金+业绩共振(双击候选),B,关注：资金+业绩共振,65.0
002981,朝阳科技,24.63,214.0,0.74,248.1,-3.5,-38883452,-34292521,-39606925,-7990290,-8212209,5043251,放量,低,游资情绪,观望,资金观望型,,D,回避：资金观望,6.8
002982,湘佳股份,12.55,5.9,0.45,-23.1,-0.25,-535977,-12154241,-7813308,2747336,1699334,-7871934,缩量,低,情绪退潮,观望,资金观望型,,D,回避：资金观望,-0.1
002984,森麒麟,13.06,-57.9,0.6,-21.1,4.59,19264023,-3703335,-29660026,-4104816,-4273817,4466089,缩量,低,情绪退潮,观望,资金观望型,,D,回避：资金观望,1.5
002985,北摩高科,27.87,-37.2,0.31,-37.0,-3.48,-16974745,-34020880,6869364,6824249,4299616,-9603388,缩量,低,情绪退潮,观望,长线吸筹型,,D,回避：资金观望,-1.2
002987,京北方,10.77,-50.3,1.46,-51.6,-2.0,-12638425,-39502892,-107642255,-7435711,-6785214,3534580,缩量,低,情绪退潮,观望,资金撤退型,,D,回避：资金撤退,-0.7
002980,华盛昌,116.05,67.7,0.52,7.3,3.07,258762885,-361446489,666585995,101020059,71034522,-82066377,放量,低,游资情绪,进场,资金观望型,资金+业绩共振(双击候选),B,关注：资金+业绩共振,81.0
002991,甘源食品,37.5,-42.6,0.69,-39.3,0.15,185851,-4739003,-20655797,-524552,-821599,1703392,缩量,低,情绪退潮,观望,资金观望型,,D,回避：资金观望,0.0
002986,宇新股份,13.21,-42.9,0.65,-32.4,3.11,9611272,12878250,11725309,326613,418558,-480948,缩量,低,情绪退潮,进场,趋势转多型,纯资金炒作(亏损风险),C,谨慎：纯资金炒作,13.0
002988,豪美新材,31.61,31.8,0.58,-30.0,4.82,36717325,-546459,147329433,3963965,6676977,-1680588,缩量,低,情绪退潮,吸筹,资金观望型,资金+业绩共振(双击候选),B,关注：资金+业绩共振,65.6
002993,奥海科技,35.47,-67.3,1.4,-30.7,-3.17,-25104084,-55572233,-74388100,-12500949,-8085508,19031400,缩量,低,情绪退潮,观望,资金撤退型,,D,回避：资金撤退,-1.1
002995,天地在线,17.34,-32.5,0.99,-32.5,2.17,14585868,11355396,9352462,-2295678,1522916,18296611,缩量,低,情绪退潮,观望,资金观望型,,D,回避：资金观望,0.7
002998,优彩资源,8.13,-41.3,1.32,77.1,-4.94,-23114166,-25157712,-11453714,-5105843,-1845009,3536970,缩量,低,情绪退潮,观望,资金观望型,,D,回避：资金观望,-1.6
002989,中天精装,27.96,158.2,1.33,51.5,4.31,62951265,72437375,80608994,61780486,55242077,-57525746,放量,低,游资情绪,抢筹,均衡流入型,纯资金炒作(亏损风险),C,谨慎：纯资金炒作,29.4
002997,瑞鹄模具,26.32,-39.9,0.69,83.6,-13.46,-68668282,-119214860,-116853676,-6582496,-5104292,6435489,缩量,低,情绪退潮,观望,资金观望型,,D,回避：资金观望,-4.5
002999,天禾股份,6.39,112.9,0.13,-39.8,0.07,360498,-44265359,43458114,-3992084,-1923000,2997747,放量,低,游资情绪,观望,长线吸筹型,,D,回避：资金观望,8.0
002990,盛视科技,54.56,15.8,0.76,20.7,3.93,104182642,71932496,160461283,116483779,77761285,-157389936,缩量,低,情绪退潮,进场,资金观望型,资金+业绩共振(双击候选),B,关注：资金+业绩共振,73.3
003001,中岩大地,21.5,21.3,6.03,378.5,4.74,138155330,154133533,125769980,-32691433,-24066917,29387709,缩量,低,情绪退潮,观望,趋势转多型,,D,回避：资金观望,1.6
002992,宝明科技,35.14,53.7,0.5,7.9,-1.4,-4923069,-6970825,-29643367,847354,1705821,-2820992,放量,低,游资情绪,抢筹,资金撤退型,机构吸筹+盈利(关注),C,谨慎：资金流入未验证业绩,47.5
003002,壶化股份,15.83,172.5,0.58,60.3,-5.14,-33555871,-25910464,42615431,-21106243,-12074054,17899836,放量,低,游资情绪,观望,长线吸筹型,,D,回避：资金观望,6.3
003004,声迅股份,60.62,-33.7,13.86,55.9,-5.34,-41035633,-88348697,-53007237,-9982294,-7903516,11193753,缩量,低,情绪退潮,观望,资金观望型,,D,回避：资金观望,-1.8
003003,天元股份,10.93,-27.9,0.64,12.3,-1.16,-1777945,-3247317,-4027133,102747,895518,-2289448,缩量,低,情绪退潮,观望,资金撤退型,,D,回避：资金撤退,-0.4
002996,顺博合金,5.94,-49.6,0.4,-38.4,3.5,4757511,1079343,529990,2167656,3284480,-4500922,缩量,低,情绪退潮,进场,资金观望型,资金+业绩共振(双击候选),B,关注：资金+业绩共振,73.2
003000,劲仔食品,9.44,-48.7,0.73,-47.5,0.36,482139,-14537031,-18883509,255085,260573,-1061323,缩量,低,情绪退潮,进场,资金观望型,资金+业绩共振(双击候选),B,关注：资金+业绩共振,72.1
003005,竞业达,14.87,280.9,1.65,-46.8,0.94,12207862,-25713321,-144464723,-7455149,3299897,12510860,放量,低,游资情绪,观望,资金观望型,,D,回避：资金观望,8.3
003008,开普检测,19.94,-21.1,0.45,15.0,-0.84,-881890,-5450575,-2205564,1589724,586917,1511228,缩量,低,情绪退潮,观望,资金观望型,,D,回避：资金观望,-0.3
003007,直真科技,40.78,-53.1,0.6,9.1,0.37,1280706,-5312948,-20469913,-154612,-1400376,-2915433,缩量,低,情绪退潮,观望,资金观望型,,D,回避：资金观望,0.1
003010,若羽臣,27.89,-50.9,1.33,-44.2,-4.08,-32806149,-52282278,-110710241,-10342634,-4030422,24238183,缩量,低,情绪退潮,观望,资金撤退型,,D,回避：资金撤退,-1.4
003009,中天火箭,46.7,-73.2,1.85,0.4,-2.74,-16568167,23943098,1679669,-17319200,-9554598,12946805,缩量,低,情绪退潮,观望,资金观望型,,D,回避：资金观望,-0.9
003011,海象新材,20.78,63.8,0.71,-5.2,-3.44,-8455615,-9551353,-41454269,6414507,1045006,-11671477,放量,低,游资情绪,观望,资金撤退型,,D,回避：资金撤退,6.9
003012,东鹏控股,4.68,32.4,0.69,-20.4,3.28,6238496,13524687,-192510,-6310872,-1725079,7490631,缩量,低,情绪退潮,观望,趋势转多型,,D,回避：资金观望,1.1
003015,日久光电,12.58,-58.9,0.68,12.3,1.71,4601130,-2809508,2298282,-1577200,-623829,5498529,缩量,低,情绪退潮,观望,资金观望型,,D,回避：资金观望,0.6
003013,地铁设计,16.2,-22.2,3.77,23.1,-7.98,-83500159,-38829961,-93757566,-7821493,-7473018,3767599,缩量,低,情绪退潮,观望,资金观望型,,D,回避：资金观望,-2.7
003016,欣贺股份,7.5,-19.3,0.72,23.1,-0.96,-1912416,-7561946,-6247200,2034685,0,-3076982,缩量,低,情绪退潮,观望,资金观望型,,D,回避：资金观望,-0.3
003017,大洋生物,23.0,-37.9,0.44,-18.2,-1.73,-2817361,2350549,-6543940,-4189791,-1433451,3320692,缩量,低,情绪退潮,观望,资金观望型,,D,回避：资金观望,-0.6
003006,百亚股份,21.59,898.8,0.75,439.2,20.53,1020912319,1678358306,1718972801,293191896,35670941,-178637464,放量,高,主力主导放量🔥(最强),进场,主力强攻型,资金+业绩共振(双击候选),A,金股候选：资金强攻+业绩共振,97
003018,金富科技,49.27,-0.8,0.62,-49.0,-0.02,-554261,-131691573,386320743,-43476101,-11834360,80242245,缩量,低,情绪退潮,观望,长线吸筹型,,D,回避：资金观望,-0.0
003020,立方制药,17.75,-70.8,7.43,-18.5,-1.53,-5705936,-8307920,-33629404,11014391,8283193,-11124440,缩量,低,情绪退潮,观望,资金撤退型,,D,回避：资金撤退,-0.5
003019,宸展光电,27.9,-55.0,0.71,-34.2,-5.55,-28234087,-15607995,-6578319,-2629768,-281450,1675047,缩量,低,情绪退潮,观望,资金观望型,,D,回避：资金观望,-1.8
003021,兆威机电,70.75,-50.6,0.76,-33.3,2.91,33365461,6703167,34478094,-9708156,-1797755,4808234,缩量,低,情绪退潮,观望,资金观望型,,D,回避：资金观望,1.0
003022,联泓新科,19.47,-64.2,0.29,7.3,-0.78,-6342869,-23072579,-28282834,-1465949,-1598210,871373,缩量,低,情绪退潮,观望,资金撤退型,,D,回避：资金撤退,-0.3
003023,彩虹集团,26.09,-40.3,0.55,-67.0,-0.78,-1615778,-5000732,24041107,3466342,4229299,-6683517,缩量,低,情绪退潮,观望,长线吸筹型,,D,回避：资金观望,-0.3
003026,中晶科技,36.0,166.5,0.52,520.1,-1.57,-112342814,34869247,2932325,41984352,24490532,-44040845,放量,低,游资情绪,观望,资金观望型,,D,回避：资金观望,7.5
003028,振邦智能,23.86,-27.6,0.61,50.3,2.07,3001512,3841959,1249334,-1919176,-1575183,2511928,缩量,低,情绪退潮,观望,趋势转多型,,D,回避：资金观望,0.7
003027,同兴科技,16.53,-59.9,0.12,-10.6,-1.45,-1466356,-1269908,-3935908,562847,0,-914211,缩量,低,情绪退潮,观望,资金观望型,,D,回避：资金观望,-0.5
003029,吉大正元,17.48,126.0,1.31,272.1,-7.55,-47443435,41090049,35009350,-37260172,-26409060,31499360,放量,低,游资情绪,观望,资金观望型,,D,回避：资金观望,5.5
003030,祖名股份,27.27,-7.3,0.99,-32.2,-3.89,-16186437,-19116732,31489497,140975,-1616783,-3359871,缩量,低,情绪退潮,观望,长线吸筹型,,D,回避：资金观望,-1.3
003032,传智教育,9.26,158.9,9.71,-48.1,4.37,108318985,-60153251,-171746511,-29162315,-32444879,14254634,放量,低,游资情绪,观望,资金观望型,,D,回避：资金观望,9.5
003033,征和工业,95.38,128.8,2.45,116.0,-4.38,-64973181,-32907341,-7928871,-18124622,-21153473,13511992,放量,低,游资情绪,观望,资金观望型,,D,回避：资金观望,6.5
003025,思进智能,12.41,-49.7,1.24,-23.1,1.62,2437527,1168636,-9573276,3674406,-97202,-959803,缩量,低,情绪退潮,进场,资金观望型,资金+业绩共振(双击候选),B,关注：资金+业绩共振,72.5
003035,南网能源,5.34,-25.2,0.21,59.2,-5.26,-61058734,26200950,-74410922,-12165432,-10109549,12845362,缩量,低,情绪退潮,观望,资金观望型,,D,回避：资金观望,-1.8
003038,鑫铂股份,10.71,-28.4,0.56,-6.5,3.29,4963030,4006754,5364528,-676836,-311847,-638839,缩量,低,情绪退潮,观望,资金观望型,,D,回避：资金观望,1.1
003031,中瓷电子,134.6,-7.7,0.74,33.7,-1.45,-138959751,17578395,-321970854,31183324,30524250,-21194774,缩量,低,情绪退潮,吸筹,资金观望型,机构吸筹+盈利(关注),C,谨慎：资金流入未验证业绩,23.5
003039,顺控发展,12.66,46.1,0.44,-11.7,-6.85,-31975942,-39974320,5651002,-3095102,-3620131,7013803,缩量,低,情绪退潮,观望,资金观望型,,D,回避：资金观望,-2.3
003040,楚天龙,15.91,561.5,1.58,-45.3,-2.1,-141022068,-489100528,61205100,-154174348,-104081569,210305261,放量,低,游资情绪,观望,长线吸筹型,,D,回避：资金观望,7.3
003036,泰坦股份,58.8,111.1,0.66,2.6,-2.38,-68087062,-7860124,125879870,148960653,123073742,-145635575,放量,低,游资情绪,抢筹,高位分歧型,机构吸筹+盈利(关注),C,谨慎：资金流入未验证业绩,47.2
003816,中国广核,4.18,-40.3,0.62,-24.9,0.55,10164087,62067360,-288222632,-2352228,-1909396,7238829,缩量,低,情绪退潮,观望,趋势转多型,,D,回避：资金观望,0.2
003037,三和管桩,5.84,-16.5,0.9,9.7,2.09,2289366,-4058485,-6196707,3137902,466682,-867385,缩量,低,情绪退潮,进场,资金观望型,资金+业绩共振(双击候选),B,关注：资金+业绩共振,72.7
003042,中农联合,14.3,-36.3,0.48,-60.0,0.55,961359,-12284640,-14122378,-1113411,-1476563,1312868,缩量,低,情绪退潮,观望,资金观望型,,D,回避：资金观望,0.2
600000,浦发银行,8.98,-36.7,1.04,-18.4,-2.79,-67488973,-308800406,-494233060,-34051881,-27789755,1674079,缩量,低,情绪退潮,观望,资金撤退型,,D,回避：资金撤退,-0.9
003041,真爱美家,42.79,24.1,0.26,67.1,11.07,97503033,95489875,109647345,1836136,1371905,3707387,缩量,高,主力控盘,控盘,资金观望型,控盘+盈利(稳健),B,关注：控盘稳健+盈利,71.7
003043,华亚智能,64.82,-61.6,3.2,-44.4,0.43,6123390,8435388,-195594422,1053696,542520,1850237,缩量,低,情绪退潮,进场,趋势转多型,资金+业绩共振(双击候选),B,关注：资金+业绩共振,72.1
600007,中国国贸,19.86,-18.1,0.82,-5.5,-1.95,-4482114,2604990,18674931,219466,1003998,-2016124,缩量,低,情绪退潮,观望,高位分歧型,,D,回避：资金观望,-0.7
600008,首创环保,2.73,-40.5,1.02,-18.1,-0.01,-87484,-39075843,-33197535,1249062,-3265951,-5037958,缩量,低,情绪退潮,观望,资金观望型,,D,回避：资金观望,-0.0
600009,上海机场,22.75,-64.0,1.5,-25.6,-13.35,-93496552,-141462077,-124640502,5008621,2160750,-4247991,缩量,低,情绪退潮,观望,资金观望型,,D,回避：资金观望,-4.5
600006,东风股份,5.34,11.9,0.65,61.1,2.96,11687824,-236174,-22132942,8470364,9354173,-1433870,缩量,低,情绪退潮,吸筹,资金观望型,纯资金炒作(亏损风险),C,谨慎：纯资金炒作,5.0
600004,白云机场,7.63,-61.0,0.82,-41.7,5.64,12171645,-19314150,-45080702,695313,2196370,-347171,缩量,中,主力惜售,吸筹,资金观望型,资金+业绩共振(双击候选),B,关注：资金+业绩共振,77.9
600016,民生银行,3.47,-32.4,1.64,-9.3,-2.44,-101745018,-101108262,-158211512,-71586520,-51536350,42281217,缩量,低,情绪退潮,观望,资金观望型,,D,回避：资金观望,-0.8
600012,皖通高速,15.43,-62.2,1.98,-16.7,-2.81,-9785160,-1285586,15134167,326890,-530314,-1095680,缩量,低,情绪退潮,观望,资金观望型,,D,回避：资金观望,-0.9
600021,上海电力,13.32,-75.6,1.23,41.1,-4.77,-59144752,-68415495,-162308173,-26712641,-15133279,23501944,缩量,低,情绪退潮,观望,资金撤退型,,D,回避：资金撤退,-1.6
600011,华能国际,6.76,-77.3,1.23,-15.4,-8.35,-133706432,-153834694,-243403930,15908694,13019220,-7015332,缩量,低,情绪退潮,吸筹,资金撤退型,机构吸筹+盈利(关注),C,谨慎：资金流入未验证业绩,21.2
600015,华夏银行,6.23,-59.2,0.89,-49.9,0.49,8193696,-149640467,-448630599,15592665,18102139,-585234,缩量,低,情绪退潮,吸筹,资金观望型,资金+业绩共振(双击候选),B,关注：资金+业绩共振,64.2
600010,包钢股份,2.12,-30.7,0.44,-16.5,-2.46,-71004221,-225134790,-516938706,12758051,66626020,-8299980,缩量,低,情绪退潮,吸筹,资金撤退型,机构吸筹+盈利(关注),C,谨慎：资金流入未验证业绩,23.2
600019,宝钢股份,5.75,-21.3,0.96,-22.1,2.82,56298850,-76511245,-86718189,10834434,11540339,98525,缩量,低,情绪退潮,进场,资金观望型,资金+业绩共振(双击候选),B,关注：资金+业绩共振,72.9
600018,上港集团,5.38,-43.2,1.52,-39.8,7.01,82172776,55512830,-65486297,12439871,9584398,-4967356,缩量,中,主力惜售,吸筹,资金观望型,资金+业绩共振(双击候选),B,关注：资金+业绩共振,78.3
600017,日照港,2.79,-22.5,1.01,-41.2,3.74,15026606,8032630,8252044,6047000,6345589,-7420425,缩量,低,情绪退潮,进场,资金观望型,资金+业绩共振(双击候选),B,关注：资金+业绩共振,73.2
600026,中远海能,21.08,26.9,0.88,25.3,-2.41,-238122953,44370837,487752637,-150038002,-83256495,214454493,缩量,低,情绪退潮,观望,高位分歧型,,D,回避：资金观望,-0.8
600027,华电国际,4.8,-38.7,0.56,-29.5,-2.83,-34834400,-108618425,-143209679,-29244223,-28035390,5500798,缩量,低,情绪退潮,观望,资金撤退型,,D,回避：资金撤退,-0.9
600020,中原高速,3.84,-26.0,0.63,-31.4,9.98,23021958,32937328,36193809,1125951,-377105,2097639,缩量,中,主力惜售,进场,主力强攻型,资金+业绩共振(双击候选),B,关注：资金+业绩共振,87.3
600028,中国石化,5.29,-25.2,0.68,-14.5,3.53,199023394,-30067286,60183228,-136629257,-111526734,85531471,缩量,低,情绪退潮,观望,资金观望型,,D,回避：资金观望,1.2
600030,中信证券,26.79,-69.6,0.93,-26.5,-8.74,-831527509,-1337071555,-755276044,-80824712,-102688120,44398223,缩量,低,情绪退潮,观望,资金观望型,,D,回避：资金观望,-2.9
600023,浙能电力,5.08,-4.2,0.54,1.0,-3.96,-40184949,79334065,154743180,27028666,26304803,-7363126,缩量,低,情绪退潮,吸筹,高位分歧型,机构吸筹+盈利(关注),C,谨慎：资金流入未验证业绩,22.7
600022,山东钢铁,1.31,49.6,1.05,-4.2,4.46,24058044,24082958,28284340,7510735,9267943,-5659563,缩量,低,情绪退潮,吸筹,均衡流入型,资金+业绩共振(双击候选),B,关注：资金+业绩共振,65.5
600025,华能水电,9.6,-40.4,1.29,-17.7,5.77,65567294,64246289,110000530,14942948,10100220,-26476104,缩量,中,主力惜售,进场,资金观望型,资金+业绩共振(双击候选),B,关注：资金+业绩共振,85.9
600031,三一重工,17.51,-29.3,0.98,9.4,-1.44,-99254685,-599752114,-653825339,-93400351,-94848570,97152149,缩量,低,情绪退潮,观望,资金撤退型,,D,回避：资金撤退,-0.5
600029,南方航空,4.97,-55.0,0.75,-3.8,2.88,30879439,-78803899,-50752054,251847,-1567296,6238879,缩量,低,情绪退潮,进场,资金观望型,资金+业绩共振(双击候选),B,关注：资金+业绩共振,73.0
600032,浙江新能,6.77,-48.8,0.32,187.5,-7.11,-58317065,-11330500,-57762874,-5719884,1444083,10162885,缩量,低,情绪退潮,观望,资金观望型,,D,回避：资金观望,-2.4
600037,歌华有线,7.07,-17.3,0.8,-30.4,3.09,16299785,35499305,82454345,-8314482,-8263805,7771195,缩量,低,情绪退潮,观望,主力建仓型,,D,回避：资金观望,1.0
600036,招商银行,40.6,-53.9,0.8,-21.4,-3.08,-305514704,-1301978532,-905340259,-175483716,-223778891,34557717,缩量,低,情绪退潮,观望,资金观望型,,D,回避：资金观望,-1.0
600050,中国联通,4.17,-52.2,1.23,1.5,1.24,26032064,17365907,6058931,-33559854,-31856280,13872878,缩量,低,情绪退潮,观望,资金观望型,,D,回避：资金观望,0.4
600051,宁波联合,6.23,-26.6,0.5,-15.6,4.19,4784657,2732802,7811155,-1504910,0,-178267,缩量,低,情绪退潮,观望,资金观望型,,D,回避：资金观望,1.4
600054,黄山旅游,10.77,-34.0,0.61,-9.7,1.6,5576724,-22940658,-22573604,-5468865,-1838033,3177313,缩量,低,情绪退潮,观望,资金观望型,,D,回避：资金观望,0.5
600052,东望时代,3.62,-16.8,0.15,36.2,4.33,11706319,-8009742,-29490040,-2724038,427790,2775528,缩量,低,情绪退潮,观望,资金观望型,,D,回避：资金观望,1.4
600055,万东医疗,10.58,-7.7,0.7,3.9,-4.46,-13066647,-10723615,-23463295,3647022,3483726,-4073277,缩量,低,情绪退潮,观望,资金观望型,,D,回避：资金观望,-1.5
600033,福建高速,3.63,-12.9,1.12,3.6,5.7,33770209,43159945,67140595,-5611615,-1035152,5091014,缩量,中,主力惜售,进场,均衡流入型,资金+业绩共振(双击候选),B,关注：资金+业绩共振,85.9
600038,中直股份,27.11,-62.5,0.68,-34.8,2.42,11264146,-46414896,-86538184,196218,725363,765119,缩量,低,情绪退潮,进场,资金观望型,资金+业绩共振(双击候选),B,关注：资金+业绩共振,72.8
600035,楚天高速,3.64,-25.8,1.32,-57.9,7.36,13964652,14321784,-41557611,843405,2388634,839021,缩量,中,主力惜售,进场,趋势转多型,资金+业绩共振(双击候选),B,关注：资金+业绩共振,86.5
600056,中国医药,8.96,-62.1,1.31,-22.1,1.08,3764385,-25847358,-59822502,-7113463,-3413347,6230614,缩量,低,情绪退潮,观望,资金观望型,,D,回避：资金观望,0.4
600039,四川路桥,8.66,-34.6,0.4,-53.7,2.64,17522795,14088646,-206219512,2308486,-184716,-12055936,缩量,低,情绪退潮,进场,资金观望型,资金+业绩共振(双击候选),B,关注：资金+业绩共振,72.9
600048,保利发展,5.64,195.1,0.93,-8.7,-0.32,-27368827,-106833992,-362589579,-63109262,22949613,28524066,放量,低,游资情绪,抢筹,资金撤退型,机构吸筹+盈利(关注),C,谨慎：资金流入未验证业绩,47.9
600057,厦门象屿,6.06,-38.7,0.33,1.9,-1.64,-7792377,31386709,108289978,2906080,149079,-4829417,缩量,低,情绪退潮,观望,高位分歧型,,D,回避：资金观望,-0.5
600060,海信视像,27.24,-66.5,1.04,-16.5,-7.36,-83539339,-111394315,-289784790,-3069222,-4361054,-2119232,缩量,低,情绪退潮,观望,资金撤退型,,D,回避：资金撤退,-2.5
600061,国投资本,6.3,-52.8,0.65,-11.1,-1.98,-16242590,-12539129,-71396651,-439938,232628,-1390295,缩量,低,情绪退潮,观望,资金观望型,,D,回避：资金观望,-0.7
600062,华润双鹤,16.03,-59.2,1.59,-10.3,-1.86,-7331977,-18742195,-53553464,-2266855,-7810828,690604,缩量,低,情绪退潮,观望,资金撤退型,,D,回避：资金撤退,-0.6
600063,皖维高新,5.71,-40.7,1.64,-0.4,-1.82,-19631078,-34164520,-112911906,24652391,18200266,-28309895,缩量,低,情绪退潮,观望,资金撤退型,,D,回避：资金撤退,-0.6
600058,五矿发展,9.18,-20.1,1.33,0.2,5.0,17014056,24485241,-7259717,16212514,11601466,-24577720,缩量,中,主力惜售,进场,短线抢筹型,资金+业绩共振(双击候选),B,关注：资金+业绩共振,85.7
600067,冠城新材,2.64,18.5,0.51,19.2,-13.08,-51694390,-60566656,-103945843,-6071634,-1551350,30823,缩量,低,情绪退潮,观望,资金撤退型,,D,回避：资金撤退,-4.4
600059,古越龙山,11.33,1960.4,0.85,150.3,2.09,119527489,260788734,368286829,196208936,224864733,-116496221,放量,低,游资情绪,抢筹,主力建仓型,资金+业绩共振(双击候选),B,关注：资金+业绩共振,88.7
600066,宇通客车,25.25,16.0,0.87,35.1,-1.99,-67391036,-221357287,-332876217,-53413582,-37072691,65057750,缩量,低,情绪退潮,观望,资金撤退型,,D,回避：资金撤退,-0.7
600072,中船科技,8.7,-17.8,0.34,32.8,-5.54,-42470634,-55938378,-67336669,-6894874,-10839347,-6100275,缩量,低,情绪退潮,观望,资金撤退型,,D,回避：资金撤退,-1.8
600073,光明肉业,5.47,-1.6,1.18,-42.4,2.3,5783510,-12791886,-27660867,-1535493,-1202843,-440180,缩量,低,情绪退潮,观望,资金观望型,,D,回避：资金观望,0.8
600075,新疆天业,4.6,-51.2,0.46,-36.5,-2.44,-8373489,-20084333,-1961302,2340276,384394,-6083792,缩量,低,情绪退潮,观望,资金观望型,,D,回避：资金观望,-0.8
600076,康欣新材,2.15,-5.6,1.24,22.2,-4.03,-21154420,-126641722,-170605241,-3982622,-4273106,3984680,缩量,低,情绪退潮,观望,资金撤退型,,D,回避：资金撤退,-1.3
600078,澄星股份,10.04,-63.6,0.69,-54.3,-3.15,-14616344,-82611052,-134310804,-16672869,-14712599,14411866,缩量,低,情绪退潮,观望,资金撤退型,,D,回避：资金撤退,-1.1
600064,南京高科,7.7,-27.9,0.91,-6.9,7.44,37543454,49531592,65764668,3632131,2687828,-2959060,缩量,中,主力惜售,进场,主力建仓型,资金+业绩共振(双击候选),B,关注：资金+业绩共振,86.5
600071,凤凰光学,16.8,-23.3,0.51,-27.6,-0.76,-1382434,-5649903,-4887759,1348915,2276947,-2123896,缩量,低,情绪退潮,吸筹,资金观望型,机构吸筹+盈利(关注),C,谨慎：资金流入未验证业绩,23.7
600081,东风科技,10.51,19.1,0.83,16.9,-6.57,-8655389,-8029750,-16008756,4717894,3319422,-3751761,缩量,低,情绪退潮,观望,资金观望型,,D,回避：资金观望,-2.2
600088,中视传媒,13.65,697.2,1.2,318.5,1.94,70370490,134007217,205046728,-45928945,-37375270,44037420,放量,低,游资情绪,观望,均衡流入型,,D,回避：资金观望,8.6
600089,特变电工,18.09,-77.9,0.68,-17.9,-5.79,-204076853,-592211210,-914176478,-52801674,-45370784,68007676,缩量,低,情绪退潮,观望,资金撤退型,,D,回避：资金撤退,-1.9
600094,大名城,4.05,0.4,0.97,16.1,-3.56,-20823115,3538652,42769822,-12804256,-8709511,8804034,缩量,低,情绪退潮,观望,高位分歧型,,D,回避：资金观望,-1.2
600095,湘财股份,8.94,-18.8,1.59,-59.7,2.01,55797471,-71539660,399088825,-56124494,-38115566,50197686,缩量,低,情绪退潮,观望,资金观望型,,D,回避：资金观望,0.7
600096,云天化,27.95,-54.2,0.37,-50.7,-3.5,-92808624,-605542514,-653220195,-48582629,-31000014,43730798,缩量,低,情绪退潮,观望,资金撤退型,,D,回避：资金撤退,-1.2
600097,开创国际,9.27,-7.4,0.54,-23.9,-1.19,-1896943,-22339374,-21785375,-463000,0,-2559997,缩量,低,情绪退潮,观望,资金观望型,,D,回避：资金观望,-0.4
600099,林海股份,9.29,-13.8,0.35,-12.9,0.66,784642,-913011,-2295408,-215698,0,-1921799,缩量,低,情绪退潮,观望,资金观望型,,D,回避：资金观望,0.2
600100,同方股份,6.83,-57.6,0.51,4.6,3.59,20898009,30071088,-46713699,-11553591,-9190033,6660164,缩量,低,情绪退潮,观望,趋势转多型,,D,回避：资金观望,1.2
600085,同仁堂,23.61,-80.3,2.37,-24.3,1.52,6634331,-21193838,-80038743,1742031,4907816,-638689,缩量,低,情绪退潮,吸筹,资金观望型,资金+业绩共振(双击候选),B,关注：资金+业绩共振,64.5
600101,明星电力,7.82,-37.9,0.73,226.7,-0.98,-5256036,17673317,-35233052,-15515263,-15213206,13709248,缩量,低,情绪退潮,观望,资金观望型,,D,回避：资金观望,-0.3
600098,广州发展,6.18,-58.1,0.76,-32.0,3.29,14501577,-20976058,-45694026,-1937709,131103,-1871437,缩量,低,情绪退潮,观望,资金观望型,,D,回避：资金观望,1.1
600103,青山纸业,3.65,96.5,0.19,-57.0,4.84,211532677,-188147975,156750215,-25901347,-5818739,52869361,放量,低,游资情绪,观望,资金观望型,,D,回避：资金观望,9.6
600105,永鼎股份,44.87,-35.5,0.77,44.6,0.34,120918322,1089415296,490706762,-482981490,-384014929,358907257,缩量,低,情绪退潮,观望,趋势转多型,,D,回避：资金观望,0.1
600108,亚盛集团,4.27,229.4,0.81,48.8,-1.98,-123979277,-1053298703,-455209304,-55377934,-30083342,83058371,放量,低,游资情绪,观望,长线吸筹型,,D,回避：资金观望,7.3
600109,国金证券,8.28,-51.6,0.72,-31.8,0.06,479087,-53944526,-59792732,-14050396,-13672039,-1794293,缩量,低,情绪退潮,观望,资金观望型,,D,回避：资金观望,0.0
600111,北方稀土,37.42,-72.6,0.49,-8.0,-4.26,-286146276,-694309157,-1521821807,-95184456,-50403543,112009210,缩量,低,情绪退潮,观望,资金撤退型,,D,回避：资金撤退,-1.4
600104,上汽集团,10.87,-29.8,1.23,110.9,3.81,83343955,596032534,700868880,14031237,6322782,-24804979,缩量,低,情绪退潮,进场,主力建仓型,资金+业绩共振(双击候选),B,关注：资金+业绩共振,73.3
600113,浙江东日,29.85,-65.4,1.95,-0.7,-1.19,-7430897,3334958,8775402,1325820,-675527,-750737,缩量,低,情绪退潮,观望,资金观望型,,D,回避：资金观望,-0.4
600115,中国东航,3.46,-25.8,0.98,4.7,0.58,15053902,-67700576,-47596333,-12966374,-25392547,12374214,缩量,低,情绪退潮,观望,资金观望型,,D,回避：资金观望,0.2
600118,中国卫星,57.72,-73.9,0.57,7.5,-1.91,-123804052,-102819715,-804475572,-123251240,-85590215,139169900,缩量,低,情绪退潮,观望,资金观望型,,D,回避：资金观望,-0.6
600114,东睦股份,27.75,-62.4,1.15,-38.6,-5.75,-97286914,-216318040,-199172400,-21754688,-29054755,13097613,缩量,低,情绪退潮,观望,资金观望型,,D,回避：资金观望,-1.9
600120,浙江东方,4.7,-65.2,0.7,-8.5,-2.29,-13041401,9217398,-14330203,-10379794,-8191128,8364302,缩量,低,情绪退潮,观望,资金观望型,,D,回避：资金观望,-0.8
600106,重庆路桥,4.49,-13.1,0.52,-32.0,3.35,6801316,165051,15668689,6752099,7132229,-5330177,缩量,低,情绪退潮,吸筹,资金观望型,资金+业绩共振(双击候选),B,关注：资金+业绩共振,65.1
600116,三峡水利,6.08,-58.0,1.04,6.0,-4.78,-16241722,-17272486,-9193613,2475539,1708495,-3229351,缩量,低,情绪退潮,观望,资金观望型,,D,回避：资金观望,-1.6
600121,郑州煤电,4.81,229.9,1.27,-9.2,0.36,14999233,-73434636,35678619,-10064684,-9449736,22086782,放量,低,游资情绪,观望,资金观望型,,D,回避：资金观望,8.1
600110,诺德股份,12.46,29.6,0.75,0.1,-7.76,-887448052,-52878737,-371059456,110252526,129161158,-90063119,缩量,低,情绪退潮,吸筹,资金观望型,纯资金炒作(亏损风险),C,谨慎：纯资金炒作,1.4
600126,杭钢股份,6.17,-66.6,0.28,-36.1,-0.66,-6347737,-27969655,-226639752,-25557014,-21287535,18425333,缩量,低,情绪退潮,观望,资金撤退型,,D,回避：资金撤退,-0.2
600117,西宁特钢,2.16,80.0,0.97,-2.5,6.49,10712755,18424791,33156555,8381647,8688586,-11029740,放量,中,主力偏强放量,抢筹,主力强攻型,纯资金炒作(亏损风险),C,谨慎：纯资金炒作,38.2
600123,兰花科创,7.01,-44.6,0.63,-28.4,5.29,35550677,70337363,90381826,3981656,6036362,-12286157,缩量,中,主力惜售,进场,主力强攻型,纯资金炒作(亏损风险),C,谨慎：纯资金炒作,25.8
600128,苏豪弘业,8.52,-36.0,0.61,-35.4,0.09,115620,540021,6565871,-178139,342702,-510247,缩量,低,情绪退潮,观望,均衡流入型,,D,回避：资金观望,0.0
600130,波导股份,4.61,-8.8,0.76,-39.9,-5.24,-23333634,-46912156,4804201,-3684438,-4356262,945788,缩量,低,情绪退潮,观望,长线吸筹型,,D,回避：资金观望,-1.7
600131,国网信通,14.27,-60.6,0.43,-20.9,-3.49,-12529320,-9920815,-24371397,-2884178,-2745988,443455,缩量,低,情绪退潮,观望,资金观望型,,D,回避：资金观望,-1.2
600129,太极集团,13.74,-81.8,6.44,-26.0,-1.52,-9748122,-41139145,-150533847,289113,-2501168,-1290211,缩量,低,情绪退潮,观望,资金撤退型,,D,回避：资金撤退,-0.5
600125,铁龙物流,5.27,-46.6,0.55,-32.2,6.87,13980332,-2714926,-29175682,-336648,-2401577,-1686656,缩量,中,主力惜售,进场,资金观望型,资金+业绩共振(双击候选),B,关注：资金+业绩共振,86.3
600132,重庆啤酒,38.32,-37.9,0.69,-14.6,-1.07,-5379855,-32374035,-35987211,11147889,8827994,-10030398,缩量,低,情绪退潮,观望,资金撤退型,,D,回避：资金撤退,-0.4
600137,浪莎股份,17.74,-17.9,0.29,4.5,-0.41,-467685,2026743,-2656749,457913,0,2638974,缩量,低,情绪退潮,观望,资金观望型,,D,回避：资金观望,-0.1
600127,金健米业,16.75,3116.1,0.76,5.3,5.21,878750724,365986624,487611995,152045424,137372990,-179426035,放量,中,主力偏强放量,进场,资金观望型,资金+业绩共振(双击候选),B,关注：资金+业绩共振,89.7
600141,兴发集团,28.62,-67.6,1.36,-45.7,-1.99,-48975962,-364194275,-198289856,-34918675,-12117953,52331887,缩量,低,情绪退潮,观望,长线吸筹型,,D,回避：资金观望,-0.7
600143,XD金发科,13.22,-74.6,1.19,-1.0,0.58,9130663,-151790193,-415730225,-11560991,-7835116,14657785,缩量,低,情绪退潮,观望,资金观望型,,D,回避：资金观望,0.2
600148,长春一东,15.8,-17.3,0.3,-33.7,1.85,3425845,2761928,14357378,-872978,0,1803213,缩量,低,情绪退潮,观望,长线吸筹型,,D,回避：资金观望,0.6
600135,乐凯胶片,7.59,30.6,0.23,151.5,7.55,56058671,48843022,39154545,4822227,3197215,5218967,缩量,中,主力惜售,进场,资金观望型,纯资金炒作(亏损风险),C,谨慎：纯资金炒作,26.5
600133,东湖高新,7.97,-51.1,0.51,-42.9,-8.18,-29145083,-68370197,-34480662,3375324,4905863,-3389183,缩量,低,情绪退潮,吸筹,长线吸筹型,机构吸筹+盈利(关注),C,谨慎：资金流入未验证业绩,21.3
600138,中青旅,7.05,-31.0,0.9,-24.9,2.35,5954615,-14176442,-7732911,750570,-1986924,-2302151,缩量,低,情绪退潮,进场,资金观望型,资金+业绩共振(双击候选),B,关注：资金+业绩共振,72.8
600149,廊坊发展,5.05,-24.6,0.31,-3.9,-0.01,-15512,-3089636,17734217,1599458,909140,-3393320,缩量,低,情绪退潮,观望,长线吸筹型,,D,回避：资金观望,-0.0
600151,航天机电,9.36,-66.5,0.42,-1.4,-4.17,-38224706,-56650437,-142458413,-3690548,-6795143,-3671327,缩量,低,情绪退潮,观望,资金撤退型,,D,回避：资金撤退,-1.4
600150,中国船舶,38.59,-13.5,0.52,4.3,4.69,1013568755,-361121269,924545064,-515118125,-349350464,417608137,缩量,低,情绪退潮,观望,资金观望型,,D,回避：资金观望,1.6
600157,永泰能源,1.51,-37.3,0.52,-14.4,-0.55,-11283141,-56128359,-168237799,-6127006,2144200,-2955893,缩量,低,情绪退潮,观望,资金撤退型,,D,回避：资金撤退,-0.2
600152,维科技术,7.75,-55.5,0.1,-6.1,-3.41,-15105987,-21710494,-17050122,-4100660,-2702042,718195,缩量,低,情绪退潮,观望,资金观望型,,D,回避：资金观望,-1.1
600155,华创云信,6.09,-29.9,1.14,-9.4,1.42,13611034,8145854,-67604929,-13673409,-9076797,7039203,缩量,低,情绪退潮,观望,资金观望型,,D,回避：资金观望,0.5
600158,中体产业,7.03,-63.0,0.46,-41.4,-3.49,-20924304,-47683667,-106419588,-11715904,-12803991,7286345,缩量,低,情绪退潮,观望,资金撤退型,,D,回避：资金撤退,-1.2
600153,建发股份,8.67,-3.4,0.69,-46.8,1.03,8295345,-6415425,-21398486,-7568120,-2067038,23399606,缩量,低,情绪退潮,观望,资金观望型,,D,回避：资金观望,0.3
600156,华升股份,8.41,60.9,0.21,33.4,1.69,18460536,-17133210,-36780991,-14751734,-14757204,13798925,放量,低,游资情绪,观望,资金观望型,,D,回避：资金观望,8.6
600160,巨化股份,35.05,-50.9,1.66,-14.1,-13.23,-662751544,-1083011077,-1443359917,-45709928,1952736,34713530,缩量,低,情绪退潮,观望,资金撤退型,,D,回避：资金撤退,-4.4
600161,XD天坛生,12.31,-55.0,1.7,1.6,0.03,212944,-34297932,-79021001,-4766130,-3645715,7031582,缩量,低,情绪退潮,观望,资金观望型,,D,回避：资金观望,0.0
600165,宁科生物,3.18,154.8,0.82,4.5,-2.7,-9871470,-9262179,-69853780,-5506554,-46610,6009320,放量,低,游资情绪,观望,资金观望型,,D,回避：资金观望,7.1
600163,中闽能源,5.37,212.6,0.45,584.0,3.04,104016228,379039694,363583656,-22005046,-16807446,35230220,放量,低,游资情绪,观望,趋势转多型,,D,回避：资金观望,9.0
600167,联美控股,5.59,-46.1,0.83,-38.2,-2.93,-4906281,-6807482,14507801,743054,734910,-2619221,缩量,低,情绪退潮,观望,长线吸筹型,,D,回避：资金观望,-1.0
600166,福田汽车,2.77,-53.8,0.41,-26.9,-6.93,-72442390,-151824467,24753686,-9239606,-11399003,1889641,缩量,低,情绪退潮,观望,长线吸筹型,,D,回避：资金观望,-2.3
600159,大龙地产,2.77,45.9,0.4,-56.5,2.17,5602341,-1425578,21135548,5015148,1373967,-1079680,缩量,低,情绪退潮,吸筹,资金观望型,纯资金炒作(亏损风险),C,谨慎：纯资金炒作,4.7
600168,武汉控股,4.35,-13.5,0.73,-20.7,4.1,3671153,1051530,-12526011,-1399618,494112,3384807,缩量,低,情绪退潮,观望,资金观望型,,D,回避：资金观望,1.4
600173,卧龙新能,5.86,-46.1,0.6,-20.9,-0.5,-606251,-4311632,-8160126,-499845,-510164,-76971,缩量,低,情绪退潮,观望,资金撤退型,,D,回避：资金撤退,-0.2
600171,上海贝岭,23.16,-62.5,1.04,4.0,-2.14,-25923120,-57434851,-104066814,4721568,4855536,9365528,缩量,低,情绪退潮,观望,资金撤退型,,D,回避：资金撤退,-0.7
600162,香江控股,4.59,55.2,7.25,-53.8,0.66,17063149,-90632379,132493620,45047672,21125120,-50830589,放量,低,游资情绪,抢筹,长线吸筹型,纯资金炒作(亏损风险),C,谨慎：纯资金炒作,28.2
600176,中国巨石,45.62,-41.5,2.16,33.5,-4.95,-3241995125,-1051000079,-2106044635,177856612,96646929,-169976356,缩量,低,情绪退潮,观望,资金观望型,,D,回避：资金观望,-1.7
600178,东安动力,9.55,-36.2,1.4,-37.1,-4.82,-10502518,-23108311,-39010570,7052470,1569738,-10039848,缩量,低,情绪退潮,观望,资金撤退型,,D,回避：资金撤退,-1.6
600179,安通控股,4.49,-35.2,1.39,-37.3,-7.27,-41916585,-5830146,-119567659,-10081148,-12650411,8595363,缩量,低,情绪退潮,观望,资金观望型,,D,回避：资金观望,-2.4
600182,S佳通,12.68,-52.5,0.84,-12.7,4.66,3542334,-3218994,-23098130,-970001,-486802,1829085,缩量,低,情绪退潮,观望,资金观望型,,D,回避：资金观望,1.6
600170,上海建工,2.23,51.4,0.83,-8.6,2.21,34152021,22941768,34185640,5620418,-7167524,-18530892,放量,低,游资情绪,进场,资金观望型,资金+业绩共振(双击候选),B,关注：资金+业绩共振,80.7
600172,黄河旋风,16.74,34.4,3.6,-9.3,-4.0,-596869722,-296880347,-277462766,213902669,225551736,-117204636,缩量,低,情绪退潮,吸筹,资金观望型,纯资金炒作(亏损风险),C,谨慎：纯资金炒作,2.7
600177,雅戈尔,8.19,-50.8,1.03,-14.8,1.38,10921504,35116602,-75457051,9287064,6764469,-2970144,缩量,低,情绪退潮,吸筹,趋势转多型,资金+业绩共振(双击候选),B,关注：资金+业绩共振,64.5
600184,光电股份,20.26,7.5,0.47,229.6,-0.92,-39020348,254415361,244696793,-24951632,-17406668,30864683,缩量,低,情绪退潮,观望,资金观望型,,D,回避：资金观望,-0.3
600183,生益科技,143.56,-37.7,2.12,-12.8,-5.54,-2772957406,-2246840962,1327539871,-167524349,-125727270,134973919,缩量,低,情绪退潮,观望,长线吸筹型,,D,回避：资金观望,-1.8
600185,珠免集团,4.77,18.3,0.65,-47.7,-7.1,-48626779,-125624480,-28087861,-1515099,482548,-1642241,缩量,低,情绪退潮,观望,长线吸筹型,,D,回避：资金观望,-2.4
600188,兖矿能源,19.77,-49.3,0.91,-30.3,0.76,28410590,-272217421,-373024363,-65501376,-28972526,73358126,缩量,低,情绪退潮,观望,资金观望型,,D,回避：资金观望,0.3
600191,华资实业,9.22,-24.5,0.64,-18.1,-7.29,-32278362,-30127607,-63280035,-12276390,-5192752,15031283,缩量,低,情绪退潮,观望,资金观望型,,D,回避：资金观望,-2.4
600198,大唐电信,7.48,-33.4,0.87,1.7,-4.28,-30752376,-27975777,-80510819,-9936617,-8870281,14064159,缩量,低,情绪退潮,观望,资金观望型,,D,回避：资金观望,-1.4
600195,中牧股份,6.68,-30.8,0.57,-34.2,-0.03,-61670,-25178289,-34548574,723677,-2308875,-3832,缩量,低,情绪退潮,观望,资金撤退型,,D,回避：资金撤退,-0.0
600197,伊力特,9.48,34.5,1.21,-40.3,-2.67,-5250509,-15396232,-36390637,8622548,902286,-6468618,缩量,低,情绪退潮,观望,资金撤退型,,D,回避：资金撤退,-0.9
600192,长城电工,7.14,88.2,2.54,199.4,-1.96,-15620314,57675752,42125764,-5872538,-5223994,11881531,放量,低,游资情绪,观望,资金观望型,,D,回避：资金观望,7.3
600196,复星医药,23.13,-44.3,1.49,2.8,-0.81,-19989354,-142384658,-311732873,-31496396,-8585602,62592859,缩量,低,情绪退潮,观望,资金撤退型,,D,回避：资金撤退,-0.3
600189,泉阳泉,8.27,61.6,0.89,4.3,-1.84,-10172826,-26182308,-18602969,4145047,9064541,-3909351,放量,低,游资情绪,抢筹,资金观望型,机构吸筹+盈利(关注),C,谨慎：资金流入未验证业绩,47.4
600186,莲花控股,13.59,165.5,0.52,-1.7,-3.22,-474860314,48057215,27690806,295204447,278791031,-183024235,放量,低,游资情绪,抢筹,资金观望型,机构吸筹+盈利(关注),C,谨慎：资金流入未验证业绩,46.9
600206,有研新材,51.48,-32.0,2.25,15.3,-2.96,-724064745,-466726928,-1427769647,120508574,75783224,-120693845,缩量,低,情绪退潮,观望,资金观望型,,D,回避：资金观望,-1.0
600203,福日电子,10.06,-68.5,1.22,-56.1,-0.91,-7544212,-36624939,-260425373,-8353391,-2454828,10309567,缩量,低,情绪退潮,观望,资金撤退型,,D,回避：资金撤退,-0.3
600207,安彩高科,4.94,213.0,0.69,281.1,-0.53,-4974781,56087227,46426849,18212231,-185924,-30020062,放量,低,游资情绪,观望,资金观望型,,D,回避：资金观望,7.8
600199,金种子酒,7.26,-3.9,4.45,-40.7,1.61,11480663,3491202,26690052,2512487,5687794,3934844,缩量,低,情绪退潮,进场,资金观望型,纯资金炒作(亏损风险),C,谨慎：纯资金炒作,12.5
600201,生物股份,11.75,-56.3,0.83,-11.4,-4.86,-28127136,-63169595,-67648845,1631904,2123064,-2019983,缩量,低,情绪退潮,吸筹,资金撤退型,机构吸筹+盈利(关注),C,谨慎：资金流入未验证业绩,22.4
600202,哈空调,5.16,-26.2,0.44,16.4,0.11,156113,-5413751,-8233470,1876367,307066,-5502783,缩量,低,情绪退潮,进场,资金观望型,资金+业绩共振(双击候选),B,关注：资金+业绩共振,72.0
600210,紫江企业,6.22,-53.1,0.49,-37.7,-4.31,-14202198,-21316944,-49197122,4803314,1526198,-5316519,缩量,低,情绪退潮,观望,资金撤退型,,D,回避：资金撤退,-1.4
600211,西藏药业,36.58,-64.3,1.56,-30.1,-7.07,-24661481,-31791255,-70989378,2979411,5114734,1704495,缩量,低,情绪退潮,观望,资金撤退型,,D,回避：资金撤退,-2.4
600216,浙江医药,12.61,-64.4,0.93,-26.0,-7.97,-61024742,-161404235,-227443853,-490297,-1195533,-1402515,缩量,低,情绪退潮,观望,资金撤退型,,D,回避：资金撤退,-2.7
600217,中再资环,3.22,-14.6,0.79,-35.1,-5.48,-10042637,-794431,28171275,-1707793,-4069627,-1082625,缩量,低,情绪退潮,观望,高位分歧型,,D,回避：资金观望,-1.8
600212,绿能慧充,5.8,-15.2,0.46,-32.9,-5.4,-12602024,-35289747,-11433850,-1268300,605400,1128903,缩量,低,情绪退潮,观望,长线吸筹型,,D,回避：资金观望,-1.8
600219,南山铝业,4.69,-68.3,0.65,-22.9,-1.4,-32751878,-421657554,-526620751,-54303570,-52758176,23410969,缩量,低,情绪退潮,观望,资金撤退型,,D,回避：资金撤退,-0.5
600215,派斯林,6.1,-53.8,0.82,-38.1,-4.45,-7025469,-12684611,-23042258,-4419869,-2378071,1870770,缩量,低,情绪退潮,观望,资金撤退型,,D,回避：资金撤退,-1.5
600208,衢州发展,2.91,0.4,0.25,-19.2,-2.77,-31508304,-53846387,-39394412,39070063,46630389,-15510257,缩量,低,情绪退潮,吸筹,资金观望型,机构吸筹+盈利(关注),C,谨慎：资金流入未验证业绩,23.1
600221,海航控股,1.24,4.0,0.56,17.1,-9.37,-125007836,-182864152,-300779049,-11928944,21098871,6916077,缩量,低,情绪退潮,观望,资金撤退型,,D,回避：资金撤退,-3.1
600228,返利科技,11.66,57.4,4.39,5.5,-3.55,-68672312,-22958394,35067653,-47110039,-38628096,44705509,放量,低,游资情绪,观望,资金观望型,,D,回避：资金观望,6.8
600218,全柴动力,7.98,214.0,0.61,90.5,6.17,47532562,37050283,40372808,-2241306,-4505370,-20721,放量,中,主力偏强放量,进场,资金观望型,资金+业绩共振(双击候选),B,关注：资金+业绩共振,90.1
600227,赤天化,3.88,96.9,0.41,-50.6,-1.12,-41256439,-325019176,107434645,-22196583,-26125432,28978755,放量,低,游资情绪,观望,长线吸筹型,,D,回避：资金观望,7.6
600229,城市传媒,5.89,170.2,0.86,50.8,3.48,17138196,35606090,39313745,-5093619,-2839384,3961259,放量,低,游资情绪,观望,主力建仓型,,D,回避：资金观望,9.2
600232,金鹰股份,6.52,-50.7,0.63,-23.9,-2.36,-3104077,795104,637059,55683,0,-548011,缩量,低,情绪退潮,观望,资金观望型,,D,回避：资金观望,-0.8
600235,民丰特纸,5.82,-32.3,0.48,11.1,1.06,1313134,-10645980,-18838857,-469786,0,1976868,缩量,低,情绪退潮,观望,资金观望型,,D,回避：资金观望,0.4
600222,太龙药业,8.03,-18.7,1.44,-6.2,-2.1,-15496646,-36904525,-101749917,6555077,6012492,-5622514,缩量,低,情绪退潮,吸筹,资金撤退型,机构吸筹+盈利(关注),C,谨慎：资金流入未验证业绩,23.3
600230,沧州大化,14.82,47.0,0.73,-23.1,-3.39,-23991128,-68641169,-71744094,115724255,110222159,-70331845,缩量,低,情绪退潮,吸筹,资金撤退型,机构吸筹+盈利(关注),C,谨慎：资金流入未验证业绩,22.9
600234,科新发展,22.65,-40.6,0.34,-30.0,-4.95,-12590804,26529002,39102811,1875980,302052,-3905951,缩量,低,情绪退潮,观望,资金观望型,,D,回避：资金观望,-1.7
600237,铜峰电子,9.85,45.1,2.29,265.6,-1.18,-32280951,115817148,10863328,-4702470,-11522984,-14565398,缩量,低,情绪退潮,观望,资金观望型,,D,回避：资金观望,-0.4
600236,桂冠电力,9.29,-82.2,1.45,-18.8,-5.99,-24860764,-40183109,-37782799,-7268555,-4807898,5777841,缩量,低,情绪退潮,观望,资金观望型,,D,回避：资金观望,-2.0
600223,福瑞达,5.58,-12.4,0.97,-25.2,-3.36,-7083636,-7579895,-17439306,5125737,5981831,-3656287,缩量,低,情绪退潮,吸筹,资金撤退型,机构吸筹+盈利(关注),C,谨慎：资金流入未验证业绩,22.9
600226,亨通股份,6.05,-58.3,3.2,-7.2,-1.11,-29096738,-17419116,-239066699,16521073,8669548,-5612574,缩量,低,情绪退潮,吸筹,资金观望型,机构吸筹+盈利(关注),C,谨慎：资金流入未验证业绩,23.6
600241,时代万恒,7.31,-67.2,0.71,-11.5,-1.27,-1357359,-2756380,-5309941,-258135,-258135,-144838,缩量,低,情绪退潮,观望,资金撤退型,,D,回避：资金撤退,-0.4
600231,凌钢股份,1.76,522.0,0.35,43.1,0.43,1235200,2472540,-6160917,37219141,37984546,-26725970,放量,低,游资情绪,抢筹,趋势转多型,纯资金炒作(亏损风险),C,谨慎：纯资金炒作,28.1
600233,圆通速递,17.84,-29.1,0.96,54.7,-2.14,-60350287,11332321,179589721,-2453256,7162775,-2616815,缩量,低,情绪退潮,吸筹,高位分歧型,机构吸筹+盈利(关注),C,谨慎：资金流入未验证业绩,23.3
600250,南京商旅,9.05,24.7,0.38,-62.6,-2.14,-9991691,-67235451,-25150801,-44623,-1033692,71528,缩量,低,情绪退潮,观望,长线吸筹型,,D,回避：资金观望,-0.7
600249,两面针,5.38,1.1,0.45,54.3,-2.11,-5292798,-3769418,2862914,-3019237,-1197434,470288,缩量,低,情绪退潮,观望,资金观望型,,D,回避：资金观望,-0.7
600251,冠农股份,10.36,47.7,0.34,-55.3,-1.44,-11804964,-162001095,-212624708,-6566739,-4539473,3954339,缩量,低,情绪退潮,观望,资金撤退型,,D,回避：资金撤退,-0.5
600252,中恒集团,2.16,-13.0,1.72,-24.5,-0.58,-3430251,30415942,2051798,7956725,897324,-3872304,缩量,低,情绪退潮,观望,资金观望型,,D,回避：资金观望,-0.2
600248,陕建股份,2.83,-7.0,0.28,-26.4,7.27,16150051,11320302,-68952,-7241940,-6852074,4410128,缩量,中,主力惜售,进场,资金观望型,资金+业绩共振(双击候选),B,关注：资金+业绩共振,86.4
600255,鑫科材料,3.54,-13.2,2.17,70.7,-6.46,-105359322,128863936,164074211,-35434533,-18334790,47109636,缩量,低,情绪退潮,观望,资金观望型,,D,回避：资金观望,-2.2
600246,万通发展,14.78,-9.5,2.12,2.6,2.73,256783746,339858615,664608512,88573941,89771575,-46968195,缩量,低,情绪退潮,吸筹,均衡流入型,纯资金炒作(亏损风险),C,谨慎：纯资金炒作,4.9
600257,大湖股份,5.54,-46.7,1.35,-28.6,-4.94,-19950670,-77682412,-148907217,-2928752,-3018341,807407,缩量,低,情绪退潮,观望,资金撤退型,,D,回避：资金撤退,-1.6
600259,中稀有色,81.3,-59.0,0.7,7.9,0.12,3726947,94520967,-125552736,-27397972,-3166590,21636773,缩量,低,情绪退潮,观望,趋势转多型,,D,回避：资金观望,0.0
600258,首旅酒店,11.18,14.4,0.67,-29.5,1.03,8706360,-90693857,-73828827,-35449406,-9850576,17771321,缩量,低,情绪退潮,观望,资金观望型,,D,回避：资金观望,0.3
600262,北方股份,14.83,-20.4,0.49,-36.5,-3.63,-12794135,-21079093,-24325349,-3947676,-2274853,158996,缩量,低,情绪退潮,观望,资金撤退型,,D,回避：资金撤退,-1.2
600266,城建发展,4.41,51.4,0.79,0.3,-5.21,-60061680,-64781708,-72586465,-34878518,-32618974,55568091,放量,低,游资情绪,观望,资金撤退型,,D,回避：资金撤退,6.3
600256,广汇能源,6.86,-24.5,0.38,-20.1,0.12,4793373,-93028126,-231321197,27370860,19697857,6182900,缩量,低,情绪退潮,进场,资金观望型,资金+业绩共振(双击候选),B,关注：资金+业绩共振,72.0
600261,阳光照明,3.35,227.5,0.17,186.2,9.91,76673031,81165263,73398680,-9124831,-8752365,10826248,放量,中,主力偏强放量,进场,趋势转多型,资金+业绩共振(双击候选),B,关注：资金+业绩共振,91.3
600268,国电南自,10.2,-33.0,0.64,3.1,-3.67,-19135939,-21488732,-69082560,-14578369,-5592624,7465403,缩量,低,情绪退潮,观望,资金撤退型,,D,回避：资金撤退,-1.2
600273,嘉化能源,6.32,-55.6,0.56,-18.6,-0.57,-2135659,-3498951,4326280,1434261,-99928,-6709852,缩量,低,情绪退潮,观望,资金观望型,,D,回避：资金观望,-0.2
600276,恒瑞医药,45.58,-63.6,1.53,3.0,2.95,428235041,-1368752862,-3137733510,-39587127,-55911582,51956332,缩量,低,情绪退潮,观望,资金观望型,,D,回避：资金观望,1.0
600278,东方创业,6.52,-1.9,0.66,-32.4,-4.81,-7956417,-21163179,-19858586,-2902914,-1845141,2840767,缩量,低,情绪退潮,观望,资金观望型,,D,回避：资金观望,-1.6
600272,开开实业,15.81,472.0,2.96,-53.0,3.09,84030398,41436578,150529814,-32545116,-21046340,30754988,放量,低,游资情绪,观望,资金观望型,,D,回避：资金观望,9.0
600279,重庆港,4.26,-42.5,1.39,25.9,2.97,4214344,-5458609,-11490146,-1521956,-738198,-874550,缩量,低,情绪退潮,观望,资金观望型,,D,回避：资金观望,1.0
600280,中央商场,3.05,-30.7,1.56,12.6,-5.06,-34901603,-22037555,27767965,-10453827,-8073052,16554096,缩量,低,情绪退潮,观望,高位分歧型,,D,回避：资金观望,-1.7
600267,海正药业,11.8,-64.3,1.71,-8.3,3.51,48295131,12080864,8737345,2480063,-4305485,-12081835,缩量,低,情绪退潮,进场,资金观望型,资金+业绩共振(双击候选),B,关注：资金+业绩共振,73.2
600271,航天信息,6.69,-43.9,0.7,-12.5,0.05,151501,-15963077,-20926273,800512,-3882840,-2063223,缩量,低,情绪退潮,进场,资金观望型,纯资金炒作(亏损风险),C,谨慎：纯资金炒作,12.0
600269,赣粤高速,3.79,-64.8,1.56,-29.8,6.0,14057308,5578333,42914268,-100270,-3752837,-2379241,缩量,中,主力惜售,进场,资金观望型,资金+业绩共振(双击候选),B,关注：资金+业绩共振,86.0
600283,钱江水利,8.05,-42.2,0.86,-17.0,-5.41,-4966256,-9884211,-11373442,397922,-437298,-290716,缩量,低,情绪退潮,观望,资金撤退型,,D,回避：资金撤退,-1.8
600285,羚锐制药,19.08,-72.2,1.01,-20.0,-6.62,-22988662,-72043107,-110548876,365487,-2341147,3708707,缩量,低,情绪退潮,观望,资金撤退型,,D,回避：资金撤退,-2.2
600284,浦东建设,5.11,-24.7,0.69,-39.2,4.51,10668107,-3766226,-24585839,-2281744,-3364996,-1360523,缩量,低,情绪退潮,观望,资金观望型,,D,回避：资金观望,1.5
600287,苏豪时尚,4.98,-21.6,0.44,-10.0,-0.42,-315541,-545800,-5954034,-1597061,-869750,444499,缩量,低,情绪退潮,观望,资金撤退型,,D,回避：资金撤退,-0.1
600281,华阳新材,4.73,250.3,0.86,4.9,8.33,46935526,51336514,30371142,-6113989,-3804660,-469945,放量,中,主力偏强放量,进场,趋势转多型,纯资金炒作(亏损风险),C,谨慎：纯资金炒作,30.8
600282,南钢股份,4.39,-17.0,0.81,2.0,-11.58,-112704360,-98761918,-67405503,22169323,21500343,-13799130,缩量,低,情绪退潮,吸筹,资金观望型,机构吸筹+盈利(关注),C,谨慎：资金流入未验证业绩,20.1
600292,电投水电,11.38,-44.8,0.67,-6.7,-7.47,-34222113,-53189791,-63385034,-9271174,-9642229,6227813,缩量,低,情绪退潮,观望,资金撤退型,,D,回避：资金撤退,-2.5
600288,大恒科技,10.95,-86.7,4.67,-48.3,-2.0,-12804758,-71837587,-67427511,-5559149,-5405798,-43560,缩量,低,情绪退潮,观望,资金观望型,,D,回避：资金观望,-0.7
600298,安琪酵母,39.76,-67.4,1.64,-9.8,-2.86,-33848023,-16756615,-59188429,1050283,-1084470,1692591,缩量,低,情绪退潮,观望,资金观望型,,D,回避：资金观望,-1.0
600295,鄂尔多斯,12.84,-35.4,1.14,-32.8,-6.33,-38543345,-75507211,6260764,-4380486,971415,20062984,缩量,低,情绪退潮,观望,长线吸筹型,,D,回避：资金观望,-2.1
600299,安迪苏,8.37,-55.4,1.26,-32.6,-1.08,-11301360,-116483479,-186264104,-8556754,-13471042,-5951113,缩量,低,情绪退潮,观望,资金撤退型,,D,回避：资金撤退,-0.4
600300,维维股份,3.09,10.0,0.47,-37.8,-0.4,-1524171,-5079471,14100610,9364918,6507921,-7845738,缩量,低,情绪退潮,观望,资金观望型,,D,回避：资金观望,-0.1
600305,恒顺醋业,6.78,-2.6,1.4,-14.7,-0.54,-1275729,-6849491,-21357317,1583497,703236,-2139955,缩量,低,情绪退潮,观望,资金撤退型,,D,回避：资金撤退,-0.2
600293,三峡新材,3.7,102.7,1.37,161.3,5.08,85207202,75288880,83605612,110240681,120847830,-65070213,放量,中,主力偏强放量,抢筹,资金观望型,纯资金炒作(亏损风险),C,谨慎：纯资金炒作,37.7
600303,曙光股份,3.0,60.9,0.97,100.0,7.4,46848245,61335189,56400950,9817731,8143006,-13693907,放量,中,主力偏强放量,进场,短线抢筹型,纯资金炒作(亏损风险),C,谨慎：纯资金炒作,30.5
600310,广西能源,4.42,-38.9,0.33,153.2,-12.54,-148251765,-167541593,-221726889,-20756934,-13233613,26573292,缩量,低,情绪退潮,观望,资金撤退型,,D,回避：资金撤退,-4.2
600301,华锡有色,47.94,12.5,0.72,32.0,5.58,211138505,218926790,211315591,30098179,-18766418,-53567516,缩量,中,主力惜售,进场,趋势转多型,资金+业绩共振(双击候选),B,关注：资金+业绩共振,85.9
600307,酒钢宏兴,1.47,83.3,0.65,2.6,1.73,6181771,-8411173,-53212915,12993221,12210747,-10436185,放量,低,游资情绪,抢筹,资金观望型,纯资金炒作(亏损风险),C,谨慎：纯资金炒作,28.6
600312,平高电气,18.93,-62.1,0.86,-36.2,0.15,1491110,43929154,-29014170,-15036812,-6039531,24441695,缩量,低,情绪退潮,观望,趋势转多型,,D,回避：资金观望,0.0
600313,农发种业,6.99,114.0,0.53,-45.1,-4.47,-112608030,-203039968,-20398769,-12431154,-17768,38066482,放量,低,游资情绪,观望,资金观望型,,D,回避：资金观望,6.5
600318,新力金融,6.87,84.5,0.9,28.8,-3.98,-43312825,-70598325,119073252,-18200736,-1527953,30796885,放量,低,游资情绪,观望,长线吸筹型,,D,回避：资金观望,6.7
600308,华泰股份,3.36,128.9,0.29,41.1,9.1,30885742,29109674,39228888,3703950,796672,-9016443,放量,中,主力偏强放量,进场,资金观望型,纯资金炒作(亏损风险),C,谨慎：纯资金炒作,31.0
600316,洪都航空,33.83,-39.3,0.65,-37.9,-2.79,-46231459,-85090784,12463606,15410934,3328837,-22443628,缩量,低,情绪退潮,观望,资金观望型,,D,回避：资金观望,-0.9
600309,万华化学,71.6,-6.6,1.12,-26.4,-4.15,-399313882,-904272521,411857045,254499166,264979449,-241263660,缩量,低,情绪退潮,吸筹,长线吸筹型,机构吸筹+盈利(关注),C,谨慎：资金流入未验证业绩,22.6
600320,振华重工,4.07,-10.3,0.28,-8.4,-1.88,-12887287,-67653005,-58410323,10932858,11147845,-13098005,缩量,低,情绪退潮,观望,资金观望型,,D,回避：资金观望,-0.6
600315,上海家化,18.54,-14.8,0.77,-30.2,1.81,10201836,-6947123,10522129,9162534,935686,-471245,缩量,低,情绪退潮,吸筹,资金观望型,资金+业绩共振(双击候选),B,关注：资金+业绩共振,64.6
600319,亚星化学,6.25,-28.6,0.66,-5.8,-4.95,-5873015,-13930055,-20038363,875640,769746,-472431,缩量,低,情绪退潮,吸筹,资金撤退型,纯资金炒作(亏损风险),C,谨慎：纯资金炒作,2.3
600322,津投城开,2.76,-4.0,1.43,-4.4,-5.82,-24521711,-20828329,-30313832,-14975208,-15015138,13856861,缩量,低,情绪退潮,观望,资金观望型,,D,回避：资金观望,-1.9
600328,中盐化工,5.72,-36.0,0.32,-1.3,-4.7,-22296808,-27588953,-51184950,-9371232,-10515408,860426,缩量,低,情绪退潮,观望,资金撤退型,,D,回避：资金撤退,-1.6
600326,西藏天路,7.22,29.2,1.07,-52.8,-2.09,-16244739,-103562869,-141283725,29198032,13571104,-43582695,缩量,低,情绪退潮,观望,资金撤退型,,D,回避：资金撤退,-0.7
600327,大东方,3.77,13.4,0.88,-15.7,-2.82,-8263949,-15931754,-38884019,-3874324,-3524161,5658796,缩量,低,情绪退潮,观望,资金撤退型,,D,回避：资金撤退,-0.9
600331,宏达股份,12.12,-51.6,0.5,-8.8,-6.16,-127632358,-384244949,-453258940,39951711,33763840,-40271087,缩量,低,情绪退潮,观望,资金撤退型,,D,回避：资金撤退,-2.1
600333,长春燃气,6.78,-25.5,0.5,6.1,-1.55,-5562297,-29300472,-35583664,2014782,2456188,-7145740,缩量,低,情绪退潮,观望,资金撤退型,,D,回避：资金撤退,-0.5
600325,华发股份,2.8,293.6,0.73,13.8,-0.75,-15028465,-1111801,-14000915,18446788,25709119,5454780,放量,低,游资情绪,抢筹,资金观望型,纯资金炒作(亏损风险),C,谨慎：纯资金炒作,27.8
600336,澳柯玛,6.32,-40.8,0.55,-35.3,-1.53,-2618710,-22833037,24325267,-2210566,-3028137,1378767,缩量,低,情绪退潮,观望,长线吸筹型,,D,回避：资金观望,-0.5
600323,瀚蓝环境,28.9,-55.8,0.55,-8.4,-1.43,-7535952,-46284393,-76889019,2732837,4977689,-951524,缩量,低,情绪退潮,吸筹,资金撤退型,机构吸筹+盈利(关注),C,谨慎：资金流入未验证业绩,23.5
600338,西藏珠峰,12.42,-55.9,0.16,-46.6,-0.59,-7749155,-130642617,-188626989,-20237504,-15868315,-855701,缩量,低,情绪退潮,观望,资金撤退型,,D,回避：资金撤退,-0.2
600330,天通股份,29.98,17.8,0.34,-7.8,4.14,581870576,440902886,1363736656,165163613,92796676,-111017267,缩量,低,情绪退潮,进场,资金观望型,纯资金炒作(亏损风险),C,谨慎：纯资金炒作,13.4
600339,中油工程,3.25,-31.9,0.46,-19.8,-0.12,-865728,-7246088,-37930749,-6440201,-6788664,-10836315,缩量,低,情绪退潮,观望,资金撤退型,,D,回避：资金撤退,-0.0
600329,达仁堂,35.39,-67.6,1.23,-16.0,3.45,9640893,-20414088,-50560643,2846051,2600658,408850,缩量,低,情绪退潮,进场,资金观望型,资金+业绩共振(双击候选),B,关注：资金+业绩共振,73.2
600345,长江通信,53.93,-29.8,0.7,-10.3,2.56,82165056,148825634,212668000,-14269103,-11331951,34201605,缩量,低,情绪退潮,观望,主力建仓型,,D,回避：资金观望,0.9
600332,白云山,19.67,-68.4,0.9,-21.2,5.98,26997339,12484457,-7957504,2806542,607889,-6126961,缩量,中,主力惜售,进场,资金观望型,资金+业绩共振(双击候选),B,关注：资金+业绩共振,86.0
600335,国机汽车,5.13,-28.6,0.83,-28.3,6.11,15529990,10843438,-3548428,-694208,-628737,-2555351,缩量,中,主力惜售,进场,资金观望型,资金+业绩共振(双击候选),B,关注：资金+业绩共振,86.0
600346,恒力石化,16.88,-15.7,0.72,-26.8,-3.06,-72819826,-138516718,75734743,1400104,-2155453,-42211099,缩量,低,情绪退潮,观望,长线吸筹型,,D,回避：资金观望,-1.0
600343,航天动力,19.87,-37.9,0.73,145.2,3.16,112099432,374551573,395149341,6791965,5482956,-16482998,缩量,低,情绪退潮,进场,主力建仓型,纯资金炒作(亏损风险),C,谨慎：纯资金炒作,13.1
600350,山东高速,10.03,-44.9,2.0,-5.0,-0.66,-3394219,61477807,8821869,-7204618,-11161475,5439560,缩量,低,情绪退潮,观望,资金观望型,,D,回避：资金观望,-0.2
600351,亚宝药业,6.73,-33.5,0.71,-24.4,-0.75,-4635159,-37418734,-57537493,-6440817,-4048944,-2502538,缩量,低,情绪退潮,观望,资金撤退型,,D,回避：资金撤退,-0.2
600352,浙江龙盛,12.5,-57.5,1.35,-34.6,1.92,50581907,80771622,177725106,-62795354,-42730107,50048937,缩量,低,情绪退潮,观望,均衡流入型,,D,回避：资金观望,0.6
600354,敦煌种业,10.08,520.3,1.79,23.9,-2.85,-185315167,-481753208,-99883560,46353159,21132664,-75936032,放量,低,游资情绪,观望,资金观望型,,D,回避：资金观望,7.0
600348,华阳股份,8.98,-36.1,0.43,-35.7,7.8,87493392,23916949,-59788004,-2061751,-3056106,-10010821,缩量,中,主力惜售,进场,资金观望型,资金+业绩共振(双击候选),B,关注：资金+业绩共振,86.6
600359,新农开发,7.84,406.2,0.47,53.3,-9.95,-217260097,-32323028,-35514188,-2414149,-471490,15230765,放量,低,游资情绪,观望,资金观望型,,D,回避：资金观望,4.7
600360,华微电子,11.39,-52.7,9.48,112.0,-0.59,-27857563,194275137,14106167,738174,-20487209,6193757,缩量,低,情绪退潮,观望,资金观望型,,D,回避：资金观望,-0.2
600362,江西铜业,44.55,-41.4,1.7,-31.1,3.31,310516601,-344349319,188566905,-126149906,-131084796,84292170,缩量,低,情绪退潮,观望,资金观望型,,D,回避：资金观望,1.1
600353,旭光电子,33.45,7.5,2.53,-12.8,-1.0,-99543950,92548555,-420727674,68730929,77019284,-53324824,缩量,低,情绪退潮,吸筹,资金观望型,机构吸筹+盈利(关注),C,谨慎：资金流入未验证业绩,23.7
600363,联创光电,15.1,-31.1,1.55,-40.5,1.42,30034142,-59062406,-213021027,-62618691,-32131065,60570949,缩量,低,情绪退潮,观望,资金观望型,,D,回避：资金观望,0.5
600366,宁波韵升,11.33,-80.4,2.35,-25.7,-1.92,-22483731,-31671748,-71691118,-22439596,-18668121,22920857,缩量,低,情绪退潮,观望,资金撤退型,,D,回避：资金撤退,-0.6
600356,恒丰纸业,10.7,422.7,0.51,233.8,5.16,65661175,60302593,45301278,-17935833,-16686346,15583829,放量,中,主力偏强放量,进场,资金观望型,资金+业绩共振(双击候选),B,关注：资金+业绩共振,89.7
600358,国旅联合,5.2,-1.4,0.73,-31.8,1.91,2247414,2507097,-2917639,3032119,1168776,-3629771,缩量,低,情绪退潮,进场,趋势转多型,纯资金炒作(亏损风险),C,谨慎：纯资金炒作,12.6
600367,红星发展,39.21,33.8,1.57,-24.5,-0.69,-57031489,-145993188,-591441788,43156396,33298906,-66305391,缩量,低,情绪退潮,观望,资金撤退型,,D,回避：资金撤退,-0.2
600361,创新新材,3.49,-47.4,0.62,-42.3,-2.86,-13720165,-44365331,-56877979,2288684,3458073,-1774414,缩量,低,情绪退潮,吸筹,资金撤退型,机构吸筹+盈利(关注),C,谨慎：资金流入未验证业绩,23.0
600369,西南证券,3.99,-54.7,1.32,-20.7,1.75,8313663,-20173789,-23133479,-7159501,-1806162,10697081,缩量,低,情绪退潮,观望,资金观望型,,D,回避：资金观望,0.6
600368,五洲交通,4.12,27.4,1.68,-31.0,-16.92,-70780478,-116261756,-74737431,15162811,10957124,-15229030,缩量,低,情绪退潮,观望,长线吸筹型,,D,回避：资金观望,-5.6
600372,中航机载,11.43,-43.7,0.84,-24.1,2.35,29859281,-197936849,-116449393,-11206271,-11541601,13247300,缩量,低,情绪退潮,观望,资金观望型,,D,回避：资金观望,0.8
600373,中文传媒,7.46,41.6,1.38,-19.5,0.46,2791265,-22375872,-10172223,-4861042,-772169,6908458,缩量,低,情绪退潮,观望,资金观望型,,D,回避：资金观望,0.2
600377,宁沪高速,12.58,-44.2,1.55,-0.2,-4.98,-31264808,-38238521,-48243777,-11309630,-8915162,5209917,缩量,低,情绪退潮,观望,资金撤退型,,D,回避：资金撤退,-1.7
600378,昊华科技,46.8,-63.3,5.73,-38.4,-5.38,-581099367,-485990495,-666102419,-76035624,-70641972,77348432,缩量,低,情绪退潮,观望,资金观望型,,D,回避：资金观望,-1.8
600379,宝光股份,14.95,-32.4,0.62,-27.9,-2.25,-23897101,-62116893,-191472702,2746693,1775459,-18876072,缩量,低,情绪退潮,观望,资金撤退型,,D,回避：资金撤退,-0.8
600371,万向德农,17.28,3624.9,0.81,27.1,3.38,211094778,357943323,340444989,238667809,244090248,-140033397,放量,低,游资情绪,抢筹,趋势转多型,资金+业绩共振(双击候选),B,关注：资金+业绩共振,89.1
600380,健康元,9.41,-30.8,1.18,-23.0,4.87,28385767,43217309,95042431,-6830266,-1530012,2472767,缩量,低,情绪退潮,观望,主力建仓型,,D,回避：资金观望,1.6
600382,广东明珠,5.9,42.6,0.76,1.1,-5.65,-30012788,-42364949,-36731773,9383813,-4803277,-1355405,缩量,低,情绪退潮,观望,资金观望型,,D,回避：资金观望,-1.9
600375,汉马科技,3.67,-23.8,0.71,27.9,7.22,24704014,-15643619,-36770078,1295994,2428534,-2083292,缩量,中,主力惜售,吸筹,资金观望型,资金+业绩共振(双击候选),B,关注：资金+业绩共振,78.4
600376,首开股份,3.33,-46.2,2.82,-22.7,5.06,64569223,-10070255,-52178509,-16779084,-13844238,15182402,缩量,中,主力惜售,进场,资金观望型,纯资金炒作(亏损风险),C,谨慎：纯资金炒作,25.7
600388,紫金龙净,17.22,-50.8,0.77,-40.4,-4.97,-36849525,-88572739,-13177623,4073565,165792,-3565665,缩量,低,情绪退潮,观望,长线吸筹型,,D,回避：资金观望,-1.7
600389,江山股份,18.62,-50.6,1.29,-24.7,-1.66,-16693327,18648349,26830786,-3696384,-669080,67399,缩量,低,情绪退潮,观望,资金观望型,,D,回避：资金观望,-0.6
600390,五矿资本,4.87,-23.6,1.27,-18.0,-2.85,-17478718,21126179,-979950,-6036264,-8357902,-131298,缩量,低,情绪退潮,观望,资金观望型,,D,回避：资金观望,-1.0
600391,航发科技,42.98,65.4,0.6,42.7,-6.4,-222943329,-365231126,-141402400,7398164,2391129,-20213404,放量,低,游资情绪,观望,资金观望型,,D,回避：资金观望,5.9
600392,盛和资源,21.78,-75.1,1.16,-20.0,-1.61,-61324825,-124903905,-453875066,-56127789,-49989876,55692032,缩量,低,情绪退潮,观望,资金撤退型,,D,回避：资金撤退,-0.5
600383,金地集团,2.51,402.3,0.76,33.2,-1.1,-31826339,-105005392,-104719454,26588594,13702693,30488825,放量,低,游资情绪,抢筹,资金观望型,纯资金炒作(亏损风险),C,谨慎：纯资金炒作,27.6
600386,北巴传媒,3.49,-5.8,0.63,8.0,0.91,1372165,3755396,10421164,31616,-1805351,-2458211,缩量,低,情绪退潮,进场,均衡流入型,纯资金炒作(亏损风险),C,谨慎：纯资金炒作,12.3
600396,华电辽能,12.99,-47.7,0.94,27.5,0.86,69068182,-339414640,-515279737,-209248600,-177750494,256131681,缩量,低,情绪退潮,观望,资金观望型,,D,回避：资金观望,0.3
600400,红豆股份,3.37,11.9,0.51,78.1,-7.95,-147664869,-107947628,-106311210,7976261,2787557,-4354755,缩量,低,情绪退潮,观望,资金观望型,,D,回避：资金观望,-2.6
600395,盘江股份,5.04,-26.6,0.63,-50.2,7.77,59297615,90444038,-71117079,5138891,2606963,-4593507,缩量,中,主力惜售,进场,短线抢筹型,资金+业绩共振(双击候选),B,关注：资金+业绩共振,86.6
600403,大有能源,7.24,87.6,4.32,-3.7,3.78,150109827,334788663,281617702,-84372543,-69676548,93975064,放量,低,游资情绪,观望,趋势转多型,,D,回避：资金观望,9.3
600408,安泰集团,2.98,28.2,0.63,-29.0,1.81,11388541,-10418342,-22817319,-275229,1750714,-7169727,缩量,低,情绪退潮,观望,资金观望型,,D,回避：资金观望,0.6
600397,江钨装备,17.74,-26.4,2.31,-37.2,2.01,102475949,151115352,309587161,107237577,75941175,-77551256,缩量,低,情绪退潮,进场,均衡流入型,纯资金炒作(亏损风险),C,谨慎：纯资金炒作,12.7
600409,三友化工,6.32,-67.6,0.6,-32.5,-3.13,-16852261,-92750620,-97122759,1892978,987748,-3383648,缩量,低,情绪退潮,观望,资金撤退型,,D,回避：资金撤退,-1.0
600410,华胜天成,15.87,49.5,0.34,136.8,-2.54,-350884334,163488326,460890042,-70125014,-26814047,80352211,缩量,低,情绪退潮,观望,资金观望型,,D,回避：资金观望,-0.8
600415,小商品城,10.81,53.9,0.53,-17.1,-1.52,-47690522,-416428055,-152378869,-103059756,-105867909,46905898,放量,低,游资情绪,观望,长线吸筹型,,D,回避：资金观望,7.5
600398,海澜之家,5.69,-37.9,1.02,11.3,10.14,85719996,79462306,8640211,7053036,2673348,-4471820,缩量,高,主力控盘,控盘,资金观望型,控盘+盈利(稳健),B,关注：控盘稳健+盈利,71.4
600416,湘电股份,8.44,-57.6,0.64,-5.6,-2.96,-13012375,-25075164,-49328907,31873,-2422884,-6999360,缩量,低,情绪退潮,观望,资金撤退型,,D,回避：资金撤退,-1.0
600399,抚顺特钢,4.37,-37.8,0.76,-10.2,-5.36,-33061277,-113343547,-60373850,2326203,6531298,-1734372,缩量,低,情绪退潮,吸筹,长线吸筹型,纯资金炒作(亏损风险),C,谨慎：纯资金炒作,2.2
600405,动力源,5.05,-25.6,1.33,-53.8,6.09,11060733,3379431,-18848632,-102331,-3426223,-6516524,缩量,中,主力惜售,进场,资金观望型,纯资金炒作(亏损风险),C,谨慎：纯资金炒作,26.0
600419,天润乳业,8.75,-68.1,1.33,-55.0,-0.9,-1308177,-16278477,-16940359,488637,0,-778164,缩量,低,情绪退潮,观望,资金撤退型,,D,回避：资金撤退,-0.3
600406,国电南瑞,22.38,-57.8,0.83,-24.2,-4.17,-124039430,-347027502,-905307869,-9507995,26438846,-6180002,缩量,低,情绪退潮,吸筹,资金撤退型,机构吸筹+盈利(关注),C,谨慎：资金流入未验证业绩,22.6
600426,华鲁恒升,20.38,-49.1,1.05,-33.2,-3.59,-126179939,-308754210,-402135439,-37453605,-12406820,-1827814,缩量,低,情绪退潮,观望,资金撤退型,,D,回避：资金撤退,-1.2
600418,江淮汽车,23.45,139.6,0.81,56.6,4.9,572539489,475548594,456197665,798829702,830648523,-389700074,放量,低,游资情绪,抢筹,资金观望型,纯资金炒作(亏损风险),C,谨慎：纯资金炒作,29.6
600422,昆药集团,8.14,-72.8,0.96,-27.3,-3.16,-4813299,-15837067,-29367789,-484470,1226238,452782,缩量,低,情绪退潮,观望,资金撤退型,,D,回避：资金撤退,-1.1
600428,中远海特,11.23,-74.2,2.23,-25.7,-3.64,-67166780,-199472087,-481876587,-4490121,-9764718,16540691,缩量,低,情绪退潮,观望,资金撤退型,,D,回避：资金撤退,-1.2
600420,国药现代,8.34,-59.1,1.37,-0.2,8.34,24251419,20101584,-2038428,-305422,-1882548,1312667,缩量,中,主力惜售,进场,资金观望型,资金+业绩共振(双击候选),B,关注：资金+业绩共振,86.8
600433,冠豪高新,3.29,-49.1,0.16,-24.3,4.77,15845513,522530,-26452040,-7848525,-11172217,2665620,缩量,低,情绪退潮,观望,资金观望型,,D,回避：资金观望,1.6
600435,北方导航,11.32,-18.0,0.77,-33.5,3.63,41346307,-73539671,80036502,-6523918,-5571727,-5021209,缩量,低,情绪退潮,观望,资金观望型,,D,回避：资金观望,1.2
600436,片仔癀,120.1,-82.4,2.42,-19.6,1.41,16235795,-97313753,-180046519,-1487112,-1914204,522150,缩量,低,情绪退潮,观望,资金观望型,,D,回避：资金观望,0.5
600438,通威股份,11.58,-63.3,0.86,-27.0,3.16,48580866,-49910751,-107033671,-26185103,-24752972,15707815,缩量,低,情绪退潮,观望,资金观望型,,D,回避：资金观望,1.1
600446,金证股份,10.62,-46.0,0.71,-20.2,-2.35,-19095921,-52669804,-105225059,-8885412,-4320086,2050643,缩量,低,情绪退潮,观望,资金撤退型,,D,回避：资金撤退,-0.8
600425,青松建化,3.66,117.2,0.6,-6.6,6.42,18035940,8184900,-11194651,6269242,833041,-10902292,放量,中,主力偏强放量,进场,资金观望型,资金+业绩共振(双击候选),B,关注：资金+业绩共振,90.1
600452,涪陵电力,8.93,-26.7,0.94,62.8,0.94,14758267,14799595,-12351322,-26610859,-26353866,14139468,缩量,低,情绪退潮,观望,趋势转多型,,D,回避：资金观望,0.3
600429,三元股份,4.55,-51.4,0.29,-35.9,1.77,3715449,5924987,-4018694,-89519,476251,-110128,缩量,低,情绪退潮,吸筹,趋势转多型,纯资金炒作(亏损风险),C,谨慎：纯资金炒作,4.6
600455,博通股份,24.37,-4.6,0.39,-1.2,-1.0,-1609732,1893924,13113570,1069426,-142100,466607,缩量,低,情绪退潮,观望,高位分歧型,,D,回避：资金观望,-0.3
600444,国机通用,14.5,-13.0,0.42,-17.0,1.1,1578779,-415385,-9676562,274018,1364216,-31896,缩量,低,情绪退潮,吸筹,资金观望型,资金+业绩共振(双击候选),B,关注：资金+业绩共振,64.4
600456,宝钛股份,25.45,-71.8,0.66,-13.5,-3.34,-14583779,-20626139,-66103240,-937967,-1790422,464859,缩量,低,情绪退潮,观望,资金撤退型,,D,回避：资金撤退,-1.1
600448,华纺股份,3.26,1478.2,0.48,697.8,-6.06,-174483690,-159254046,-159684658,20800255,33710619,-7158295,放量,低,游资情绪,吸筹,资金观望型,纯资金炒作(亏损风险),C,谨慎：纯资金炒作,10.0
600449,宁夏建材,13.11,-50.7,2.9,7.4,-2.06,-16744731,-46041702,-69099759,8596038,8804705,-5942348,缩量,低,情绪退潮,吸筹,资金撤退型,机构吸筹+盈利(关注),C,谨慎：资金流入未验证业绩,23.3
600459,贵研铂业,19.09,-76.3,1.95,-39.8,-2.92,-29027415,-123762817,-314981561,-29891499,-23140604,24868121,缩量,低,情绪退潮,观望,资金撤退型,,D,回避：资金撤退,-1.0
600467,好当家,2.41,34.9,0.66,-8.3,-0.48,-2374191,-33444752,-70886236,-163652,-2223972,-2898274,缩量,低,情绪退潮,观望,资金撤退型,,D,回避：资金撤退,-0.2
600460,士兰微,33.67,-42.6,2.65,-16.9,-0.44,-68819297,-240966031,-1542375434,33491165,48345492,16147515,缩量,低,情绪退潮,观望,资金撤退型,,D,回避：资金撤退,-0.1
600463,空港股份,8.26,-7.7,0.69,-2.5,-3.03,-4324545,-7254193,-5126579,1765504,29186,-2915953,缩量,低,情绪退潮,观望,资金观望型,,D,回避：资金观望,-1.0
600468,百利电气,6.06,-29.2,1.09,-15.5,-2.52,-23414216,-4630541,4292618,-16462225,-11996990,17416953,缩量,低,情绪退潮,观望,资金观望型,,D,回避：资金观望,-0.8
600458,时代新材,11.23,-71.9,3.09,12.5,-8.58,-82632518,-99968596,-86699098,1352244,1784053,-682664,缩量,低,情绪退潮,吸筹,资金观望型,机构吸筹+盈利(关注),C,谨慎：资金流入未验证业绩,21.1
600470,六国化工,5.65,-50.7,0.77,-57.5,1.77,8932249,-13784916,-2439019,-9752252,-7774049,129413,缩量,低,情绪退潮,观望,资金观望型,,D,回避：资金观望,0.6
600461,洪城环境,8.84,-39.0,1.11,2.4,1.53,6399691,3490811,19144698,6016286,6930974,-3322367,缩量,低,情绪退潮,吸筹,资金观望型,资金+业绩共振(双击候选),B,关注：资金+业绩共振,64.5
600469,风神股份,4.98,-36.9,0.35,-41.6,2.76,3780583,7684035,10889235,935786,1317194,469819,缩量,低,情绪退潮,进场,主力建仓型,资金+业绩共振(双击候选),B,关注：资金+业绩共振,72.9
600478,科力远,4.48,-15.9,0.22,-8.7,-10.61,-56483447,-52396745,-52766178,-24109769,-18253905,14747194,缩量,低,情绪退潮,观望,资金观望型,,D,回避：资金观望,-3.5
600480,凌云股份,7.78,-54.8,0.63,26.3,-11.13,-62525943,-82316558,-122554028,5049245,4379063,560636,缩量,低,情绪退潮,观望,资金撤退型,,D,回避：资金撤退,-3.7
600479,千金药业,13.19,2560.9,0.47,-43.6,4.97,234588162,-80440766,-14818309,-1055592,7571780,39928000,放量,低,游资情绪,观望,资金观望型,,D,回避：资金观望,9.7
600482,中国动力,34.73,-61.0,0.49,-9.6,-2.74,-71171599,-90475007,371257844,-42829893,-51398138,32768109,缩量,低,情绪退潮,观望,长线吸筹型,,D,回避：资金观望,-0.9
600486,扬农化工,52.51,-70.5,0.7,-47.4,-3.96,-27291026,-18267353,4286041,-6201212,-3668294,4652907,缩量,低,情绪退潮,观望,资金观望型,,D,回避：资金观望,-1.3
600481,双良节能,4.05,-2.8,0.82,-15.6,-0.5,-3449243,-19008283,-13233816,30062560,16219009,-44627307,缩量,低,情绪退潮,观望,资金观望型,,D,回避：资金观望,-0.2
600483,福能股份,10.67,-49.9,0.74,4.0,-4.91,-27838548,-23631395,-94398857,-12520888,-12146470,7113488,缩量,低,情绪退潮,观望,资金观望型,,D,回避：资金观望,-1.6
600475,华光环能,15.1,-44.1,0.98,-15.4,-3.53,-16533956,-23280278,9240856,7948425,5186824,-2990258,缩量,低,情绪退潮,吸筹,资金观望型,机构吸筹+盈利(关注),C,谨慎：资金流入未验证业绩,22.8
600487,亨通光电,69.94,-16.5,1.04,-5.1,3.29,2358660420,1472197570,-2907624827,-1144351537,-1048214800,986643347,缩量,低,情绪退潮,观望,资金观望型,,D,回避：资金观望,1.1
600477,杭萧钢构,2.42,-17.0,0.8,-46.2,5.45,16261639,11538821,41242461,6497722,2173828,-5362759,缩量,中,主力惜售,进场,资金观望型,资金+业绩共振(双击候选),B,关注：资金+业绩共振,85.8
600488,津药药业,5.9,-38.9,0.86,169.0,-1.49,-52383529,371296777,420710646,-42036428,-28260325,66751743,缩量,低,情绪退潮,观望,资金观望型,,D,回避：资金观望,-0.5
600490,鹏欣资源,7.13,-64.0,0.91,-52.3,-4.88,-51548291,-109501353,-339010022,-7496006,-7631009,215518,缩量,低,情绪退潮,观望,资金撤退型,,D,回避：资金撤退,-1.6
600489,中金黄金,23.4,-58.5,1.58,-30.6,-2.41,-201594093,-244334282,-1147223088,29509279,7454166,-18178965,缩量,低,情绪退潮,观望,资金撤退型,,D,回避：资金撤退,-0.8
600495,晋西车轴,4.07,-36.5,0.83,-7.4,0.37,627898,-5138698,-14207284,-463921,-605318,1416290,缩量,低,情绪退潮,观望,资金观望型,,D,回避：资金观望,0.1
600493,凤竹纺织,6.35,-37.5,0.76,28.1,0.16,395093,2378299,-6236408,-1560352,-511920,-1090180,缩量,低,情绪退潮,观望,趋势转多型,,D,回避：资金观望,0.1
600497,驰宏锌锗,9.63,-68.7,1.79,-27.3,-3.67,-145480054,-440665144,-408822670,-39928173,-48427192,11159553,缩量,低,情绪退潮,观望,资金观望型,,D,回避：资金观望,-1.2
600498,烽火通信,42.54,-34.9,0.62,3.4,-0.86,-179096900,177927970,-430446075,-287365370,-159654242,370036296,缩量,低,情绪退潮,观望,资金观望型,,D,回避：资金观望,-0.3
600499,科达制造,11.66,59.3,0.5,11.9,-10.72,-300164762,-301171061,-211083466,-78873901,-35607252,42184857,放量,低,游资情绪,观望,资金观望型,,D,回避：资金观望,4.4
600501,航天晨光,14.52,-53.1,0.66,-7.6,-3.86,-12664832,-31834222,-21032413,-4890854,-1122191,3339884,缩量,低,情绪退潮,观望,资金观望型,,D,回避：资金观望,-1.3
600505,西昌电力,10.24,-17.9,0.91,224.5,-1.93,-11268619,2216105,-21112991,-7697590,-3365604,7313252,缩量,低,情绪退潮,观望,资金观望型,,D,回避：资金观望,-0.6
600508,上海能源,10.83,137.1,0.58,-73.7,-2.55,-24126796,-94032045,-446868527,-11062916,-9322294,15323872,放量,低,游资情绪,观望,资金撤退型,,D,回避：资金撤退,7.2
600507,方大特钢,4.04,-55.1,0.61,-33.3,1.4,4593631,326748,-23875978,-6694618,-8141792,663621,缩量,低,情绪退潮,观望,资金观望型,,D,回避：资金观望,0.5
600496,精工钢构,3.34,8.8,0.27,-12.4,8.82,38517013,34298421,40551210,3461688,2620497,-2102023,缩量,中,主力惜售,吸筹,资金观望型,资金+业绩共振(双击候选),B,关注：资金+业绩共振,78.9
600510,黑牡丹,6.78,-40.4,0.31,-22.9,3.12,5558023,-3526387,-18237160,-3329014,-1630880,546175,缩量,低,情绪退潮,观望,资金观望型,,D,回避：资金观望,1.0
600509,天富能源,7.26,-70.4,1.46,4.0,-3.79,-19847875,-37278744,-97657889,-8822796,-2555928,6785041,缩量,低,情绪退潮,观望,资金撤退型,,D,回避：资金撤退,-1.3
600500,中化国际,5.8,-9.4,3.11,-2.2,0.92,29379494,-177535396,-41492693,102158387,77456354,-80988358,缩量,低,情绪退潮,进场,资金观望型,纯资金炒作(亏损风险),C,谨慎：纯资金炒作,12.3
600502,安徽建工,4.13,-1.9,0.49,-2.3,6.17,45305688,47691114,45292831,616221,-5450671,-9928305,缩量,中,主力惜售,进场,趋势转多型,资金+业绩共振(双击候选),B,关注：资金+业绩共振,86.1
600503,华丽家族,2.94,1593.5,0.66,203.1,7.15,143534358,132869485,97255637,170859899,192081927,-119419312,放量,中,主力偏强放量,抢筹,资金观望型,纯资金炒作(亏损风险),C,谨慎：纯资金炒作,38.4
600506,统一股份,17.1,275.8,0.48,-24.1,0.13,1913292,-61892383,121294406,-513870,3640232,-2390331,放量,低,游资情绪,抢筹,长线吸筹型,资金+业绩共振(双击候选),B,关注：资金+业绩共振,88.0
600513,联环药业,14.97,-75.8,1.0,-21.5,-3.24,-19377498,-36520895,-97627059,-6395254,-5124966,-2087337,缩量,低,情绪退潮,观望,资金撤退型,,D,回避：资金撤退,-1.1
600516,方大炭素,5.42,-23.5,0.88,49.5,3.27,80287587,61487527,18642539,-4753033,-3422272,10426211,缩量,低,情绪退潮,观望,资金观望型,,D,回避：资金观望,1.1
600512,腾达建设,2.06,18.8,0.46,-9.2,6.35,15905045,11456658,-9435308,932204,-365772,-4319310,缩量,中,主力惜售,进场,资金观望型,资金+业绩共振(双击候选),B,关注：资金+业绩共振,86.1
600511,国药股份,26.11,-59.4,1.07,-10.4,3.41,12226858,15398718,16575053,7935038,4949321,-9178662,缩量,低,情绪退潮,进场,均衡流入型,资金+业绩共振(双击候选),B,关注：资金+业绩共振,73.1
600518,康美药业,1.35,-53.1,1.45,-27.4,3.38,27714303,-71055984,20120131,-7338482,-12693325,-230662,缩量,低,情绪退潮,观望,资金观望型,,D,回避：资金观望,1.1
600522,中天科技,35.78,-34.6,1.12,29.2,-0.41,-195530900,1243393166,-186308053,-699911029,-491890416,816259112,缩量,低,情绪退潮,观望,资金观望型,,D,回避：资金观望,-0.1
600521,华海药业,16.41,-65.8,2.7,2.8,0.08,1580054,-93336082,-219287601,-32039368,-24585726,38951888,缩量,低,情绪退潮,观望,资金观望型,,D,回避：资金观望,0.0
600520,三佳科技,26.14,-62.9,1.43,-26.7,-1.49,-16225909,-18295467,61375054,3988360,1323135,-5036341,缩量,低,情绪退潮,观望,长线吸筹型,,D,回避：资金观望,-0.5
600515,海南机场,2.73,-18.8,0.76,-21.2,3.35,35529418,35225761,96320658,15229335,18139188,-13948054,缩量,低,情绪退潮,吸筹,资金观望型,资金+业绩共振(双击候选),B,关注：资金+业绩共振,65.1
600525,长园集团,4.91,24.2,0.65,-41.5,-3.16,-11970319,-64285743,-343549896,685330,-3797342,-1271194,缩量,低,情绪退潮,观望,资金撤退型,,D,回避：资金撤退,-1.1
600517,国网英大,4.93,-39.2,0.56,-30.1,2.83,11427872,-19736885,-83670912,6677985,3955223,-8824351,缩量,低,情绪退潮,进场,资金观望型,资金+业绩共振(双击候选),B,关注：资金+业绩共振,72.9
600523,贵航股份,11.93,-42.7,1.13,-32.3,-0.11,-197710,8219686,-2440137,-1151976,-1217375,-1643642,缩量,低,情绪退潮,观望,资金观望型,,D,回避：资金观望,-0.0
600526,XD菲达环,4.54,-22.4,0.35,-21.1,-3.62,-4588792,-15028835,-21874586,-2000179,-1101896,2539157,缩量,低,情绪退潮,观望,资金撤退型,,D,回避：资金撤退,-1.2
600527,江南高纤,2.19,-37.4,0.21,-10.8,-0.95,-3720063,-19144699,-29373168,6625617,3182760,-4352309,缩量,低,情绪退潮,观望,资金撤退型,,D,回避：资金撤退,-0.3
600528,中铁工业,6.81,-62.4,0.82,-25.7,-3.72,-6669868,-3439031,-8495736,1053935,2654556,1322560,缩量,低,情绪退潮,观望,资金观望型,,D,回避：资金观望,-1.2
600519,贵州茅台,1251.24,-35.5,0.86,-11.4,-3.24,-500731303,-1496305800,-1505922622,-55665636,105140628,-107706,缩量,低,情绪退潮,吸筹,资金撤退型,机构吸筹+盈利(关注),C,谨慎：资金流入未验证业绩,22.9
600531,豫光金铅,12.04,-68.9,0.67,-49.2,-1.68,-27505802,-109818029,-391352133,-9431599,-16127380,-10743311,缩量,低,情绪退潮,观望,资金撤退型,,D,回避：资金撤退,-0.6
600536,中国软件,31.39,-66.7,1.97,-56.8,-3.74,-68116623,-207763112,-269599894,-30585326,-24021607,41873739,缩量,低,情绪退潮,观望,资金撤退型,,D,回避：资金撤退,-1.2
600533,栖霞建设,2.23,41.9,0.55,-34.2,-2.31,-4635561,5392158,-11364055,-106887,-1583520,1073759,缩量,低,情绪退潮,观望,资金观望型,,D,回避：资金观望,-0.8
600540,新赛股份,5.8,453.9,0.82,-4.9,0.04,1274762,9600987,-58354676,-15240631,-15470921,9484920,放量,低,游资情绪,观望,趋势转多型,,D,回避：资金观望,8.0
600538,国发股份,4.82,-57.1,0.49,-24.3,-7.15,-10803207,-24495658,-53231662,-2310582,-791868,320872,缩量,低,情绪退潮,观望,资金撤退型,,D,回避：资金撤退,-2.4
600529,XD山东药,18.5,-72.9,2.08,-21.4,6.83,24872867,29595491,-1566243,-5273434,-2664455,3267544,缩量,中,主力惜售,进场,短线抢筹型,资金+业绩共振(双击候选),B,关注：资金+业绩共振,86.3
600546,山煤国际,13.37,-49.4,0.61,-34.4,4.62,55556164,8194914,51042700,-4699007,-6343372,2164631,缩量,低,情绪退潮,观望,资金观望型,,D,回避：资金观望,1.5
600547,山东黄金,30.93,-32.0,1.29,-38.7,-9.86,-1259216753,-1972212749,-2766256980,52728096,7939249,-80502734,缩量,低,情绪退潮,观望,资金撤退型,,D,回避：资金撤退,-3.3
600535,天士力,13.89,-68.2,1.06,-14.7,2.82,19478660,3553962,75871411,2695193,62685,-10328886,缩量,低,情绪退潮,进场,资金观望型,资金+业绩共振(双击候选),B,关注：资金+业绩共振,72.9
600549,厦门钨业,48.71,-70.0,0.88,-13.1,-5.37,-437108925,-292685125,-1320021232,-193737189,-132261617,231847208,缩量,低,情绪退潮,观望,资金观望型,,D,回避：资金观望,-1.8
600550,保变电气,10.4,-53.5,0.79,-19.5,-5.9,-52582089,-107179515,-113701675,-23609147,-13998887,4472973,缩量,低,情绪退潮,观望,资金撤退型,,D,回避：资金撤退,-2.0
600552,凯盛科技,18.56,18.6,1.54,18.9,-0.21,-13023411,36110155,-250322776,129991339,77561917,-112925877,缩量,低,情绪退潮,观望,资金观望型,,D,回避：资金观望,-0.1
600539,狮头股份,14.62,16.3,0.82,-28.5,0.37,3201076,-44402802,-150960698,10279868,13457900,-16638885,缩量,低,情绪退潮,进场,资金观望型,纯资金炒作(亏损风险),C,谨慎：纯资金炒作,12.1
600545,卓郎智能,4.42,31.1,0.5,174.9,4.06,119455391,294301277,173019721,6255653,11084296,-13694348,缩量,低,情绪退潮,进场,趋势转多型,纯资金炒作(亏损风险),C,谨慎：纯资金炒作,13.4
600548,深高速,8.04,-37.8,1.01,-57.0,8.12,9007218,1600622,8266259,-30523,996679,-1701105,缩量,中,主力惜售,进场,资金观望型,资金+业绩共振(双击候选),B,关注：资金+业绩共振,86.7
600556,天下秀,4.6,-25.5,1.31,-38.1,0.02,178696,-34013260,-29340809,-21955635,-14341371,14814092,缩量,低,情绪退潮,观望,资金观望型,,D,回避：资金观望,0.0
600557,康缘药业,12.38,-65.6,1.65,-41.0,-1.33,-3577818,-19831415,-24281699,382322,-120662,-2555386,缩量,低,情绪退潮,观望,资金撤退型,,D,回避：资金撤退,-0.4
600551,时代出版,7.75,697.3,0.95,-62.5,-2.99,-28697739,-36677583,-187107808,20733862,10805844,-34410556,放量,低,游资情绪,抢筹,资金撤退型,机构吸筹+盈利(关注),C,谨慎：资金流入未验证业绩,47.0
600558,大西洋,4.75,-3.2,0.42,-10.8,3.64,10802787,5733162,-28401061,-7922153,-9920951,-3236324,缩量,低,情绪退潮,观望,资金观望型,,D,回避：资金观望,1.2
600561,江西长运,5.85,-29.1,0.59,-2.2,-0.06,-66990,-4744215,-686845,-125195,0,-1305922,缩量,低,情绪退潮,观望,资金观望型,,D,回避：资金观望,-0.0
600560,金自天正,11.31,-20.8,0.77,-5.6,2.79,3323512,3936023,3385764,-528838,-277342,1232928,缩量,低,情绪退潮,观望,趋势转多型,,D,回避：资金观望,0.9
600559,老白干酒,11.17,-1.0,0.91,-21.2,2.98,15768384,-2972881,-49250861,-999297,1975499,2896529,缩量,低,情绪退潮,观望,资金观望型,,D,回避：资金观望,1.0
600562,国睿科技,27.95,-40.4,1.24,-45.7,-0.05,-498666,-94088158,-24551795,7359198,5595176,-22220027,缩量,低,情绪退潮,观望,资金观望型,,D,回避：资金观望,-0.0
600563,法拉电子,125.2,-55.6,1.34,4.3,-0.91,-20782476,-47692198,-102859823,27830439,11717218,-30544465,缩量,低,情绪退潮,观望,资金撤退型,,D,回避：资金撤退,-0.3
600566,济川药业,24.57,-60.8,0.87,-32.3,-1.74,-7647867,-7588201,-3127414,-10712601,-6647881,11036505,缩量,低,情绪退潮,观望,资金观望型,,D,回避：资金观望,-0.6
600570,恒生电子,20.2,-67.3,1.07,-45.3,-2.88,-40022649,-183414108,-153616941,-22554693,-13792111,20101623,缩量,低,情绪退潮,观望,资金观望型,,D,回避：资金观望,-1.0
600572,康恩贝,4.25,-32.1,0.95,-17.3,-4.05,-36115318,-25980244,-47049750,-7082889,-13874441,-7090107,缩量,低,情绪退潮,观望,资金观望型,,D,回避：资金观望,-1.3
600573,惠泉啤酒,10.1,3.7,0.39,1.1,-3.99,-10378685,-19044395,-34406128,8306954,4788758,-12273609,缩量,低,情绪退潮,观望,资金撤退型,,D,回避：资金撤退,-1.3
600575,淮河能源,3.15,-61.9,0.68,-18.1,0.95,5106112,-10911090,-39622965,-2608201,-126065,-842833,缩量,低,情绪退潮,观望,资金观望型,,D,回避：资金观望,0.3
600567,山鹰国际,1.32,-25.0,0.67,-19.3,7.94,27577382,7242207,9850090,-8224445,-7999237,939976,缩量,中,主力惜售,进场,资金观望型,纯资金炒作(亏损风险),C,谨慎：纯资金炒作,26.6
600569,安阳钢铁,1.77,192.3,0.64,3.3,0.31,801182,-2977041,-16716250,20317532,17246311,-16493321,放量,低,游资情绪,抢筹,资金观望型,纯资金炒作(亏损风险),C,谨慎：纯资金炒作,28.1
600578,京能电力,5.23,-70.9,2.77,36.7,-9.34,-130097834,-70873297,-130886165,-32666164,-18083944,42081867,缩量,低,情绪退潮,观望,资金观望型,,D,回避：资金观望,-3.1
600580,卧龙电驱,27.15,-81.7,2.11,-23.0,-1.36,-39462694,-293811992,-792951838,-24749558,-20098890,33411275,缩量,低,情绪退潮,观望,资金撤退型,,D,回避：资金撤退,-0.5
600579,中化装备,7.16,-48.3,1.48,80.0,4.83,12050899,17741872,11180564,-350381,4055009,1368339,缩量,低,情绪退潮,观望,趋势转多型,,D,回避：资金观望,1.6
600571,信雅达,10.3,-35.4,0.89,-27.3,-1.66,-5006685,261928,-1371933,1398944,3148813,-1826620,缩量,低,情绪退潮,吸筹,资金观望型,机构吸筹+盈利(关注),C,谨慎：资金流入未验证业绩,23.4
600576,祥源文旅,5.41,-59.9,0.89,-43.8,5.48,11265377,3402590,-30327604,1807286,1590340,-2342621,缩量,中,主力惜售,进场,资金观望型,资金+业绩共振(双击候选),B,关注：资金+业绩共振,85.8
600582,天地科技,4.88,-31.7,0.65,27.8,-7.01,-33236836,-72986539,-121024844,2704295,4150025,5922425,缩量,低,情绪退潮,观望,资金撤退型,,D,回避：资金撤退,-2.3
600577,精达股份,8.9,5.4,0.92,22.8,4.68,202374981,191459051,-172749,4197944,-3987533,-23654580,缩量,低,情绪退潮,进场,资金观望型,资金+业绩共振(双击候选),B,关注：资金+业绩共振,73.6
600586,金晶科技,4.0,21.8,0.21,-6.7,-4.02,-12227016,-30341301,-29698460,1834568,1067411,-7201792,缩量,低,情绪退潮,观望,资金观望型,,D,回避：资金观望,-1.3
600587,新华医疗,13.0,265.5,1.02,225.6,-1.96,-29602689,-40407313,-43964292,-12059020,-5355607,13149075,放量,低,游资情绪,观望,资金撤退型,,D,回避：资金撤退,7.3
600588,用友网络,9.5,-40.2,1.58,-48.8,4.35,95911562,-889462,67734395,-62920194,-56712734,33125571,缩量,低,情绪退潮,观望,资金观望型,,D,回避：资金观望,1.4
600589,大位科技,7.91,-14.1,0.58,-42.5,0.8,20686614,-82089767,388015149,-141833224,-120219490,116691223,缩量,低,情绪退潮,观望,长线吸筹型,,D,回避：资金观望,0.3
600583,海油工程,6.36,-14.2,0.77,4.1,-1.23,-16919039,-40936760,-75096026,3148087,2431315,-1823741,缩量,低,情绪退潮,吸筹,资金撤退型,机构吸筹+盈利(关注),C,谨慎：资金流入未验证业绩,23.6
600585,海螺水泥,17.3,-20.6,0.79,-22.6,0.55,8793382,-132776683,-204186558,16930745,15910850,-11262538,缩量,低,情绪退潮,吸筹,资金观望型,资金+业绩共振(双击候选),B,关注：资金+业绩共振,64.2
600592,龙溪股份,14.5,-63.3,1.01,-43.6,-3.26,-11141046,-36596773,-50510890,-872640,-1018821,603797,缩量,低,情绪退潮,观望,资金撤退型,,D,回避：资金撤退,-1.1
600590,泰豪科技,8.46,-42.6,0.38,28.0,-0.2,-2586323,-15105212,-9878234,-8895168,-8444169,4366105,缩量,低,情绪退潮,观望,资金观望型,,D,回避：资金观望,-0.1
600594,益佰制药,3.67,-26.2,0.51,-65.0,-2.39,-11513964,-45066723,21942828,-5326508,-5195191,5368040,缩量,低,情绪退潮,观望,长线吸筹型,,D,回避：资金观望,-0.8
600595,中孚实业,5.96,-64.0,1.32,-36.3,-0.08,-1372723,-16124108,-40782260,-10473223,-12657543,175107,缩量,低,情绪退潮,观望,资金撤退型,,D,回避：资金撤退,-0.0
600596,新安股份,11.83,-17.1,2.01,24.0,-4.83,-171310427,-330679032,108797258,-853954,-275307,8938398,缩量,低,情绪退潮,观望,长线吸筹型,,D,回避：资金观望,-1.6
600598,北大荒,12.76,-10.3,0.69,-53.9,-1.59,-33105157,-211720598,-396435694,-3280028,-3858050,3206735,缩量,低,情绪退潮,观望,资金撤退型,,D,回避：资金撤退,-0.5
600600,青岛啤酒,50.46,-45.8,1.03,-26.0,-5.54,-43222200,-74097697,-72217274,20827856,8559028,-19338128,缩量,低,情绪退潮,观望,资金观望型,,D,回避：资金观望,-1.8
600602,云赛智联,16.92,-76.5,0.91,-45.4,-3.43,-45053250,-194797130,-465576993,-9160974,1072706,19437799,缩量,低,情绪退潮,观望,资金撤退型,,D,回避：资金撤退,-1.1
600593,大连圣亚,49.79,366.6,1.47,142.1,2.38,89388950,70084210,32869530,54460462,44230584,-48897036,放量,低,游资情绪,抢筹,资金观望型,资金+业绩共振(双击候选),B,关注：资金+业绩共振,88.8
600597,光明乳业,6.77,-13.4,1.61,-41.7,0.67,1901854,-5966390,-28744589,6100238,6443718,-6174064,缩量,低,情绪退潮,吸筹,资金观望型,纯资金炒作(亏损风险),C,谨慎：纯资金炒作,4.2
600603,广汇物流,4.66,-8.1,0.46,-33.8,-2.13,-5011094,-397693,5852617,-200031,-1343807,847724,缩量,低,情绪退潮,观望,资金观望型,,D,回避：资金观望,-0.7
600604,市北高新,4.97,240.8,1.19,-52.0,-2.45,-15662287,-33708972,43816729,-23732346,-11313788,43127096,放量,低,游资情绪,观望,长线吸筹型,,D,回避：资金观望,7.2
600606,绿地控股,1.51,541.5,0.59,114.6,4.27,145655210,105428408,133567401,-41392867,-65148644,5258849,放量,低,游资情绪,观望,资金观望型,,D,回避：资金观望,9.4
600601,方正科技,15.06,-38.7,1.39,-4.2,-2.54,-369743486,-1228421237,618062709,-35817712,38049724,-12203535,缩量,低,情绪退潮,吸筹,长线吸筹型,机构吸筹+盈利(关注),C,谨慎：资金流入未验证业绩,23.2
600610,中毅达,7.6,172.5,0.71,-64.6,0.17,2148228,-19329087,197880747,-32786268,-21500524,38991677,放量,低,游资情绪,观望,长线吸筹型,,D,回避：资金观望,8.1
600611,大众交通,4.5,-7.0,3.76,-65.5,1.57,20145265,-96165052,19761314,-21023588,-22344210,-6484756,缩量,低,情绪退潮,观望,长线吸筹型,,D,回避：资金观望,0.5
600615,鑫源智造,9.41,-42.6,0.58,-30.2,1.18,811031,349247,305962,-664173,-1036029,1547168,缩量,低,情绪退潮,观望,资金观望型,,D,回避：资金观望,0.4
600605,汇通能源,31.61,417.2,0.34,13.3,-2.81,-31132038,-75680288,8594055,61720413,76560449,-21929138,放量,低,游资情绪,抢筹,长线吸筹型,机构吸筹+盈利(关注),C,谨慎：资金流入未验证业绩,47.1
600609,金杯汽车,3.56,326.3,0.94,390.4,3.76,60984962,96828126,115661863,14800397,5222935,-15840894,放量,低,游资情绪,进场,主力建仓型,资金+业绩共振(双击候选),B,关注：资金+业绩共振,81.3
600612,老凤祥,31.95,-58.6,1.35,-12.3,0.84,1497844,-3724837,-27581510,1072742,1652233,-1300408,缩量,低,情绪退潮,吸筹,资金观望型,资金+业绩共振(双击候选),B,关注：资金+业绩共振,64.3
600619,海立股份,13.37,-11.2,0.67,-11.5,2.27,27171437,-21730286,-80881849,-12625630,-26772124,-46057,缩量,低,情绪退潮,观望,资金观望型,,D,回避：资金观望,0.8
600616,金枫酒业,5.38,2070.5,0.7,207.8,4.27,75658519,67778088,88553337,94457223,94355041,-58121619,放量,低,游资情绪,抢筹,资金观望型,资金+业绩共振(双击候选),B,关注：资金+业绩共振,89.4
600620,天宸股份,4.36,-18.2,0.51,16.9,-3.1,-3745557,1492598,1567793,771513,-568100,175314,缩量,低,情绪退潮,观望,资金观望型,,D,回避：资金观望,-1.0
600621,华鑫股份,14.13,174.4,1.21,84.5,4.54,107092498,91091306,106694893,-25529247,-21742112,3440953,放量,低,游资情绪,观望,资金观望型,,D,回避：资金观望,9.5
600622,光大嘉宝,2.5,185.5,0.85,-45.2,-1.71,-7378176,-9967342,23988326,725288,-2065804,-736148,放量,低,游资情绪,观望,长线吸筹型,,D,回避：资金观望,7.4
600617,国新能源,3.23,-54.9,0.96,18.8,1.91,9932328,-7378961,-7720728,377229,-1154270,3128052,缩量,低,情绪退潮,进场,资金观望型,纯资金炒作(亏损风险),C,谨慎：纯资金炒作,12.6
600618,氯碱化工,9.93,-44.3,0.5,-39.8,1.5,3111858,-10062685,-15622912,2140616,2292588,-3966123,缩量,低,情绪退潮,进场,资金观望型,资金+业绩共振(双击候选),B,关注：资金+业绩共振,72.5
600623,华谊集团,8.48,-60.5,0.57,-28.4,-4.53,-19309886,-6821829,26303063,5568744,1072416,-7043052,缩量,低,情绪退潮,观望,高位分歧型,,D,回避：资金观望,-1.5
600628,新世界,6.31,-13.4,0.6,-5.9,-4.6,-12059331,-10284977,-15366720,-612238,659019,436502,缩量,低,情绪退潮,观望,资金观望型,,D,回避：资金观望,-1.5
600629,华建集团,16.35,-36.3,1.24,-42.4,-1.31,-19785708,-103606891,116683849,-14299463,-18344579,887601,缩量,低,情绪退潮,观望,长线吸筹型,,D,回避：资金观望,-0.4
600626,申达股份,3.79,113.5,0.73,31.4,3.32,11925385,14852674,16602419,14547538,10127717,-9098507,放量,低,游资情绪,抢筹,均衡流入型,资金+业绩共振(双击候选),B,关注：资金+业绩共振,89.1
600630,龙头股份,8.53,252.4,2.04,300.6,-0.04,-1210869,-6670913,-20430483,-37195970,-29840672,38959350,放量,低,游资情绪,观望,资金撤退型,,D,回避：资金撤退,8.0
600633,浙数文化,10.33,-58.1,0.21,-34.1,2.23,14970673,-38065782,-48193953,-18227380,-16047623,8929939,缩量,低,情绪退潮,观望,资金观望型,,D,回避：资金观望,0.7
600637,XD东方明,8.96,1.6,0.4,-10.6,4.5,91352877,24282540,-73848678,-8066493,-18501222,22406066,缩量,低,情绪退潮,观望,资金观望型,,D,回避：资金观望,1.5
600642,申能股份,8.73,-48.6,0.92,-22.3,-1.69,-11332578,-39199768,-85200436,-15461190,-12559000,4500523,缩量,低,情绪退潮,观望,资金撤退型,,D,回避：资金撤退,-0.6
600635,大众公用,4.46,-42.6,0.72,-19.6,-2.04,-11147082,-29433893,-33066210,-17456296,-12795205,7038618,缩量,低,情绪退潮,观望,资金撤退型,,D,回避：资金撤退,-0.7
600638,新黄浦,5.15,82.3,0.61,-7.1,-0.78,-3633938,-13094343,-15868297,-8067918,-7636380,13999798,放量,低,游资情绪,观望,资金撤退型,,D,回避：资金撤退,7.7
600643,爱建集团,4.03,6.3,0.49,-8.5,0.56,1623352,24700337,21243939,-18220,-1390809,2189377,缩量,低,情绪退潮,观望,趋势转多型,,D,回避：资金观望,0.2
600645,中源协和,19.25,-37.1,0.9,-11.9,-1.22,-10048583,-54410326,-176599393,6678333,5885646,3622425,缩量,低,情绪退潮,观望,资金撤退型,,D,回避：资金撤退,-0.4
600648,外高桥,9.45,-18.6,0.53,-19.8,-1.79,-1686946,-1600337,-12818213,-734079,0,1335222,缩量,低,情绪退潮,观望,资金观望型,,D,回避：资金观望,-0.6
600650,锦江在线,10.31,-65.1,1.38,-68.6,-1.06,-1264464,-10162865,-12302404,642549,517500,551882,缩量,低,情绪退潮,观望,资金撤退型,,D,回避：资金撤退,-0.4
600651,飞乐音响,5.28,-15.0,0.93,-12.2,-5.51,-19864417,-49069534,-82389489,10404412,7050452,-9403714,缩量,低,情绪退潮,观望,资金撤退型,,D,回避：资金撤退,-1.8
600640,国脉文化,12.56,527.4,0.72,174.3,5.37,119847888,109894544,95555292,-14212128,-76780,11646608,放量,中,主力偏强放量,进场,资金观望型,资金+业绩共振(双击候选),B,关注：资金+业绩共振,89.8
600639,浦东金桥,9.73,65.1,0.36,41.5,9.77,40932962,42582701,24888316,-3063293,2726957,8602379,放量,中,主力偏强放量,进场,趋势转多型,资金+业绩共振(双击候选),B,关注：资金+业绩共振,91.3
600644,乐山电力,8.96,24.9,1.06,303.9,7.67,195803777,371546665,341810654,-44150132,-27960022,45987466,缩量,中,主力惜售,进场,短线抢筹型,资金+业绩共振(双击候选),B,关注：资金+业绩共振,86.6
600641,先导基电,47.8,166.7,1.82,54.2,6.61,1381378759,1582651180,1307536243,-350147373,-51771499,347547682,放量,中,主力偏强放量,进场,趋势转多型,纯资金炒作(亏损风险),C,谨慎：纯资金炒作,30.2
600654,中安科,3.01,-22.6,0.31,-36.1,-4.87,-46734954,-14471561,103330593,-13528684,-8174268,16156881,缩量,低,情绪退潮,观望,高位分歧型,,D,回避：资金观望,-1.6
600649,城投控股,4.11,151.7,0.69,-37.4,-0.34,-2176486,-14769749,-33457794,6028104,6977225,5622052,放量,低,游资情绪,抢筹,资金撤退型,机构吸筹+盈利(关注),C,谨慎：资金流入未验证业绩,47.9
600657,信达地产,3.17,436.5,0.8,-43.4,-2.04,-27443307,-106226745,97911050,-33061945,-18084681,60596693,放量,低,游资情绪,观望,长线吸筹型,,D,回避：资金观望,7.3
600660,福耀玻璃,53.8,-59.9,1.12,-21.3,-2.63,-57646402,-4474291,27614829,-4525337,16448278,6006661,缩量,低,情绪退潮,观望,资金观望型,,D,回避：资金观望,-0.9
600658,电子城,4.13,20.2,0.72,-19.0,0.42,1089462,-9116530,-15650763,-733999,891089,5925467,缩量,低,情绪退潮,观望,资金观望型,,D,回避：资金观望,0.1
600653,申华控股,1.87,344.8,0.59,42.1,5.42,17806128,19765192,6596732,57184006,62852993,-16629198,放量,中,主力偏强放量,抢筹,趋势转多型,纯资金炒作(亏损风险),C,谨慎：纯资金炒作,37.8
600662,外服控股,4.23,-51.3,0.83,-18.1,-0.36,-702916,-9784624,-12875416,1504403,378725,-1718394,缩量,低,情绪退潮,观望,资金撤退型,,D,回避：资金撤退,-0.1
600655,豫园股份,4.57,-40.2,1.23,-26.3,3.47,9544569,27772056,51887317,320875,898722,-1325714,缩量,低,情绪退潮,进场,主力建仓型,纯资金炒作(亏损风险),C,谨慎：纯资金炒作,13.2
600663,陆家嘴,9.15,53.7,1.61,-15.6,1.18,8330453,6793497,-25403676,-3399088,-4527890,-14868965,放量,低,游资情绪,观望,资金观望型,,D,回避：资金观望,8.4
600665,天地源,3.47,46.0,0.87,-22.6,-3.77,-9883833,-18371479,-36687920,6358350,2308531,-8756780,缩量,低,情绪退潮,观望,资金撤退型,,D,回避：资金撤退,-1.3
600671,天目药业,23.3,-60.7,2.53,-33.5,-5.33,-17034415,-2381153,-11644351,-9781,118426,-823528,缩量,低,情绪退潮,观望,资金观望型,,D,回避：资金观望,-1.8
600668,尖峰集团,7.39,-40.0,0.31,-17.0,-1.19,-1679760,-8054559,-24261077,549542,-1510171,-78451,缩量,低,情绪退潮,观望,资金撤退型,,D,回避：资金撤退,-0.4
600661,昂立教育,9.03,-32.6,1.53,-2.4,1.17,4161163,1081128,-9204800,1782959,3424620,-2776208,缩量,低,情绪退潮,吸筹,资金观望型,资金+业绩共振(双击候选),B,关注：资金+业绩共振,64.4
600664,哈药股份,9.04,206.3,5.2,-5.3,7.51,1374239811,1690138471,959577850,-542845348,-493272051,411909065,放量,中,主力偏强放量,进场,短线抢筹型,资金+业绩共振(双击候选),B,关注：资金+业绩共振,90.5
600676,久事动娱,6.66,-49.4,1.05,-12.3,-3.6,-8770240,-1588866,-28407543,-3914667,-4845519,1806521,缩量,低,情绪退潮,观望,资金观望型,,D,回避：资金观望,-1.2
600667,太极实业,20.59,-26.3,7.42,60.8,-1.64,-448203651,106742042,-531516322,230081174,244135517,-144042275,缩量,低,情绪退潮,吸筹,资金观望型,机构吸筹+盈利(关注),C,谨慎：资金流入未验证业绩,23.5
600682,南京新百,5.85,-31.0,1.16,128.7,-3.48,-21985011,15799288,-9619981,804615,-120501,3370058,缩量,低,情绪退潮,观望,资金观望型,,D,回避：资金观望,-1.2
600681,百川能源,3.39,-16.3,0.81,-22.4,0.45,1496365,-26115097,-46641940,-6537564,-3305841,502287,缩量,低,情绪退潮,观望,资金观望型,,D,回避：资金观望,0.1
600683,京投发展,9.62,40.5,0.35,-66.0,-2.84,-26339289,-34507300,-5257208,6599763,2393376,-10853919,缩量,低,情绪退潮,观望,资金观望型,,D,回避：资金观望,-0.9
600673,东阳光,32.12,-72.4,0.86,-16.9,4.42,159972079,257196490,137283742,16294185,15099856,-9897408,缩量,低,情绪退潮,吸筹,趋势转多型,资金+业绩共振(双击候选),B,关注：资金+业绩共振,65.5
600674,川投能源,16.05,-50.7,1.37,7.2,3.94,80047930,141262602,82511889,13133145,28410574,-17866548,缩量,低,情绪退潮,吸筹,趋势转多型,资金+业绩共振(双击候选),B,关注：资金+业绩共振,65.3
600685,中船防务,29.06,-0.3,0.38,27.6,0.05,1205216,-192966478,-288812550,-34360499,-32170528,34172891,缩量,低,情绪退潮,观望,资金观望型,,D,回避：资金观望,0.0
600675,中华企业,2.51,560.0,0.86,36.4,-1.09,-12194978,-2509471,-9136951,101715123,117220687,-68910303,放量,低,游资情绪,抢筹,资金观望型,机构吸筹+盈利(关注),C,谨慎：资金流入未验证业绩,47.6
600690,海尔智家,20.2,-51.2,0.67,3.9,-1.92,-84003623,-287808511,-361725414,36028268,24270869,4085553,缩量,低,情绪退潮,观望,资金撤退型,,D,回避：资金撤退,-0.6
600689,上海三毛,12.11,48.1,0.6,-51.8,-6.85,-14826609,-26877881,-4326302,2782247,748266,-1269456,缩量,低,情绪退潮,观望,长线吸筹型,,D,回避：资金观望,-2.3
600686,金龙汽车,11.11,-29.4,0.57,3.8,-0.5,-5048691,-1327898,8704459,7607162,8795612,-11452766,缩量,低,情绪退潮,观望,资金观望型,,D,回避：资金观望,-0.2
600679,上海凤凰,10.69,426.4,0.69,79.2,2.58,13109063,4947718,757822,6821977,3300562,-16989975,放量,低,游资情绪,进场,资金观望型,资金+业绩共振(双击候选),B,关注：资金+业绩共振,80.9
600688,上海石化,2.78,-52.3,1.07,-29.6,-0.79,-5569659,-72670807,-101201344,-7591090,-3447841,902376,缩量,低,情绪退潮,观望,资金撤退型,,D,回避：资金撤退,-0.3
600684,珠江股份,3.62,27.3,0.82,-48.2,-2.61,-7651359,-5388043,-75296593,6809436,6357394,-278592,缩量,低,情绪退潮,吸筹,资金观望型,机构吸筹+盈利(关注),C,谨慎：资金流入未验证业绩,23.1
600691,潞化科技,2.76,146.0,0.24,-45.2,-6.41,-55550371,-128713871,56104389,-19787426,-7581832,23584169,放量,低,游资情绪,观望,长线吸筹型,,D,回避：资金观望,5.9
600692,亚通股份,6.51,0.6,0.57,-16.9,-1.72,-3311454,-8796788,-9622785,154390,-3034808,-5280406,缩量,低,情绪退潮,观望,资金撤退型,,D,回避：资金撤退,-0.6
600693,东百集团,9.5,-21.7,0.75,-40.1,0.49,14553550,-224593460,114518210,-28028209,904716,43973609,缩量,低,情绪退潮,观望,长线吸筹型,,D,回避：资金观望,0.2
600697,欧亚集团,11.36,53.5,0.67,296.3,-5.35,-36248056,-9055955,-9229094,-1516265,540736,-1169539,放量,低,游资情绪,观望,资金观望型,,D,回避：资金观望,6.2
600694,大商股份,14.41,-59.3,0.44,-40.0,-0.02,-32128,-27284927,-26391459,-551087,-506321,-60109,缩量,低,情绪退潮,观望,资金观望型,,D,回避：资金观望,-0.0
600698,湖南天雁,6.87,-10.5,2.54,-17.6,-0.36,-4088799,29127686,166958234,-8255625,-7188501,20710352,缩量,低,情绪退潮,观望,高位分歧型,,D,回避：资金观望,-0.1
600702,舍得酒业,33.38,-44.4,1.93,-15.4,-7.27,-73573115,-150301183,-123038014,2782565,695396,-8000154,缩量,低,情绪退潮,观望,资金观望型,,D,回避：资金观望,-2.4
600704,物产中大,4.85,-28.8,0.63,-2.4,4.15,30210306,-45091711,-65699913,-8576367,-16984620,-289764,缩量,低,情绪退潮,观望,资金观望型,,D,回避：资金观望,1.4
600703,三安光电,12.83,-72.8,0.9,-35.2,-1.46,-89067953,-357919657,-397078978,-27020367,-10845513,37715588,缩量,低,情绪退潮,观望,资金撤退型,,D,回避：资金撤退,-0.5
600699,均胜电子,21.53,141.3,0.43,57.5,3.67,241095690,-23400017,107767286,188034221,124081621,-200506399,放量,低,游资情绪,抢筹,资金观望型,资金+业绩共振(双击候选),B,关注：资金+业绩共振,89.2
600710,苏美达,11.37,-30.9,0.53,64.8,-3.04,-17082697,-26791461,-13322190,5949957,3023031,-9541247,缩量,低,情绪退潮,观望,资金观望型,,D,回避：资金观望,-1.0
600711,XD盛屯矿,10.9,-67.8,0.99,-36.0,2.31,64398135,-271124722,-147006581,-42324204,-39132510,17013704,缩量,低,情绪退潮,观望,资金观望型,,D,回避：资金观望,0.8
600712,南宁百货,5.6,83.0,1.45,253.5,-3.33,-49464888,-36817055,-30890555,-10433549,-8306336,8554993,放量,低,游资情绪,观望,资金观望型,,D,回避：资金观望,6.9
600713,南京医药,4.94,-44.6,0.6,5.4,-6.7,-17829322,-33679264,-43067886,-5847736,-2101325,4651166,缩量,低,情绪退潮,观望,资金撤退型,,D,回避：资金撤退,-2.2
600707,彩虹股份,9.8,14.5,1.37,90.6,4.06,390334477,720489533,428197195,20495805,3796257,-57478151,缩量,低,情绪退潮,进场,趋势转多型,资金+业绩共振(双击候选),B,关注：资金+业绩共振,73.4
600708,光明地产,3.1,35.7,0.41,4.0,-4.14,-14606567,-13557487,-9802379,7163036,2858650,-1654210,缩量,低,情绪退潮,吸筹,资金观望型,纯资金炒作(亏损风险),C,谨慎：纯资金炒作,2.6
600714,金瑞矿业,19.46,119.5,0.59,-53.2,4.47,100542725,-111679193,-110589622,-6299112,-5192157,4758001,放量,低,游资情绪,观望,资金观望型,,D,回避：资金观望,9.5
600716,凤凰股份,3.73,13.9,0.52,-7.8,-6.88,-8824190,-6652149,-8427988,-5517328,-1376176,5062462,缩量,低,情绪退潮,观望,资金观望型,,D,回避：资金观望,-2.3
600719,大连热电,7.59,76.6,0.58,146.4,3.18,37287665,40269165,42603964,-1956044,-2827981,-3799024,放量,低,游资情绪,观望,均衡流入型,,D,回避：资金观望,9.1
600722,金牛化工,16.29,190.9,0.69,-28.5,-0.05,-4453004,-313524691,20567715,-193618865,-148628399,237868677,放量,低,游资情绪,观望,资金观望型,,D,回避：资金观望,8.0
600717,天津港,4.23,-52.5,1.33,-11.6,6.39,22642055,8419784,34995734,1941514,1962042,-4340313,缩量,中,主力惜售,进场,资金观望型,资金+业绩共振(双击候选),B,关注：资金+业绩共振,86.1
600715,文投控股,1.65,46.9,0.52,-18.4,3.91,14270690,13753801,-17813845,8361904,14287183,-11116594,缩量,低,情绪退潮,吸筹,资金观望型,纯资金炒作(亏损风险),C,谨慎：纯资金炒作,5.3
600724,宁波富达,5.05,-9.5,0.89,-28.5,-4.01,-6862738,-27030873,-33023676,-722050,-49094,-1600652,缩量,低,情绪退潮,观望,资金撤退型,,D,回避：资金撤退,-1.3
600718,东软集团,7.99,-50.8,0.87,-4.3,7.06,26163532,16194752,8383072,-4495813,-834483,653050,缩量,中,主力惜售,进场,资金观望型,纯资金炒作(亏损风险),C,谨慎：纯资金炒作,26.4
600720,中交设计,5.16,-53.8,1.08,-8.2,13.12,19001267,32298126,77371545,2412527,2469957,-1169899,缩量,高,主力控盘,控盘,主力强攻型,控盘+盈利(稳健),B,关注：控盘稳健+盈利,72.4
600726,华电能源,5.07,-64.7,0.36,51.6,0.34,7194865,52865816,-1856034,-62211251,-51111778,53150846,缩量,低,情绪退潮,观望,趋势转多型,,D,回避：资金观望,0.1
600721,百花医药,13.29,773.7,3.29,-15.6,6.57,633238072,523288269,-100548804,-136521785,-94850382,122970010,放量,中,主力偏强放量,进场,资金观望型,资金+业绩共振(双击候选),B,关注：资金+业绩共振,90.2
600727,鲁北化工,7.52,-58.1,0.63,-48.6,-3.14,-9927514,-59791192,-68780334,-1879219,165802,995419,缩量,低,情绪退潮,观望,资金撤退型,,D,回避：资金撤退,-1.0
600728,佳都科技,4.47,-48.7,0.76,-17.7,0.8,3188995,-8196116,-1795154,-3587986,-6889410,1464782,缩量,低,情绪退潮,观望,资金观望型,,D,回避：资金观望,0.3
600731,湖南海利,5.88,-68.9,0.75,-29.6,-6.77,-7498608,-17558459,-57425424,645280,517440,-2054093,缩量,低,情绪退潮,观望,资金撤退型,,D,回避：资金撤退,-2.3
600729,重百集团,18.38,-46.9,1.38,-17.6,-2.04,-5380679,-7589786,-5240462,-1926262,-673017,1664662,缩量,低,情绪退潮,观望,资金观望型,,D,回避：资金观望,-0.7
600732,爱旭股份,10.86,-57.9,0.51,1.5,4.01,59589557,20142445,-9709599,-8531509,-6949654,1860575,缩量,低,情绪退潮,观望,资金观望型,,D,回避：资金观望,1.3
600725,云维股份,3.2,-10.9,0.74,-18.4,1.65,3757822,-13117268,-18147696,3179410,1558050,-5479460,缩量,低,情绪退潮,进场,资金观望型,纯资金炒作(亏损风险),C,谨慎：纯资金炒作,12.6
600736,苏州高新,6.66,-22.7,0.09,-42.5,-1.33,-8161880,-25673620,-47394884,4538227,787554,-2315345,缩量,低,情绪退潮,观望,资金撤退型,,D,回避：资金撤退,-0.4
600733,北汽蓝谷,4.77,-2.0,0.89,54.0,1.75,47540909,-7610801,-40771503,-20391079,-33092855,6144796,缩量,低,情绪退潮,观望,资金观望型,,D,回避：资金观望,0.6
600737,中粮糖业,15.03,104.7,1.51,-10.3,-1.99,-135844187,-1512501976,-1150739452,9701564,386987,7037463,放量,低,游资情绪,观望,资金观望型,,D,回避：资金观望,7.3
600739,辽宁成大,10.43,-60.7,0.9,-36.2,-5.22,-24684949,-47749588,-115749920,-9460479,-5785153,7522150,缩量,低,情绪退潮,观望,资金撤退型,,D,回避：资金撤退,-1.7
600738,丽尚国潮,4.19,53.4,0.74,57.0,0.65,2089023,-5028290,-7415016,-1829112,-2136051,-2591931,放量,低,游资情绪,观望,资金观望型,,D,回避：资金观望,8.2
600741,华域汽车,14.82,-53.2,0.67,18.3,-1.23,-12570257,-66483622,-22422974,-18119279,-3063651,12406917,缩量,低,情绪退潮,观望,资金观望型,,D,回避：资金观望,-0.4
600746,江苏索普,6.87,-38.9,1.24,-37.6,2.62,14714410,-929212,6045590,-10327447,-4883526,6874933,缩量,低,情绪退潮,观望,资金观望型,,D,回避：资金观望,0.9
600744,华银电力,6.18,-44.4,0.67,206.4,-1.67,-58614508,125182187,81990603,-73606467,-47067166,96637081,缩量,低,情绪退潮,观望,资金观望型,,D,回避：资金观望,-0.6
600749,西藏旅游,13.49,-39.7,0.39,-50.5,-4.99,-25679494,-83832482,-13962824,-3125831,598592,2269883,缩量,低,情绪退潮,观望,长线吸筹型,,D,回避：资金观望,-1.7
600740,山西焦化,3.72,9.5,0.57,-39.4,-2.33,-12443585,-15442953,-78987747,-444396,2858585,-2237610,缩量,低,情绪退潮,吸筹,资金撤退型,机构吸筹+盈利(关注),C,谨慎：资金流入未验证业绩,23.2
600754,锦江酒店,18.44,-40.8,0.76,-36.2,-1.35,-10030645,-50275885,-58847818,12115178,7034627,4276382,缩量,低,情绪退潮,观望,资金撤退型,,D,回避：资金撤退,-0.5
600751,海航科技,2.89,-21.9,0.69,5.4,-11.75,-53503891,-46049457,-86934895,-5373348,-5562776,5090482,缩量,低,情绪退潮,观望,资金观望型,,D,回避：资金观望,-3.9
600743,华远控股,2.82,311.9,0.28,-28.7,11.49,54181697,49289814,-67922380,21825249,38326462,1892219,放量,高,主力主导放量🔥(最强),抢筹,资金观望型,纯资金炒作(亏损风险),C,谨慎：纯资金炒作,43.8
600742,富维股份,7.71,-24.1,0.64,116.7,2.94,6141982,14277195,19509879,2949881,2210212,-589700,缩量,低,情绪退潮,吸筹,主力建仓型,资金+业绩共振(双击候选),B,关注：资金+业绩共振,65.0
600748,上实发展,3.99,60.0,0.63,-16.7,0.65,2045489,-2660167,4133178,14013748,7713576,-10998330,放量,低,游资情绪,抢筹,资金观望型,纯资金炒作(亏损风险),C,谨慎：纯资金炒作,28.2
600756,浪潮软件,13.8,-84.2,3.46,-43.7,-2.24,-8753027,-35180773,-82677254,-543758,-1619192,-4352736,缩量,低,情绪退潮,观望,资金撤退型,,D,回避：资金撤退,-0.7
600758,辽宁能源,3.51,9.9,0.62,-22.3,0.11,1119932,-75424359,-73151400,-16924255,-11339057,19521303,缩量,低,情绪退潮,观望,资金观望型,,D,回避：资金观望,0.0
600750,华润江中,22.45,-51.1,0.67,-3.0,0.19,643622,326816,467419,2200803,-1114153,-3043234,缩量,低,情绪退潮,进场,资金观望型,资金+业绩共振(双击候选),B,关注：资金+业绩共振,72.1
600760,中航沈飞,44.08,-48.2,0.88,-34.8,-5.43,-136550155,-445021351,-377129664,-15812867,-36830972,-6002931,缩量,低,情绪退潮,观望,资金观望型,,D,回避：资金观望,-1.8
600761,安徽合力,15.31,-58.0,0.74,-0.5,-6.32,-33716542,-31275693,-1395965,-12764793,-10675626,20923403,缩量,低,情绪退潮,观望,高位分歧型,,D,回避：资金观望,-2.1
600755,厦门国贸,5.8,25.5,0.87,0.9,8.55,52440966,10868711,34612758,-1657053,-2480841,-4787775,缩量,中,主力惜售,进场,资金观望型,资金+业绩共振(双击候选),B,关注：资金+业绩共振,86.8
600764,中国海防,18.39,-20.0,0.72,19.4,-3.64,-19758271,-39305555,-33966320,-2783576,-3309844,7749805,缩量,低,情绪退潮,观望,资金观望型,,D,回避：资金观望,-1.2
600757,长江传媒,7.39,-14.3,1.24,-32.4,5.01,21272860,23488527,61150588,-1769860,-3527852,3907172,缩量,中,主力惜售,进场,均衡流入型,资金+业绩共振(双击候选),B,关注：资金+业绩共振,85.7
600765,中航重机,13.35,-44.6,0.71,-43.4,1.99,15867665,-62836865,-72636045,-6599635,-2729593,6633449,缩量,低,情绪退潮,观望,资金观望型,,D,回避：资金观望,0.7
600768,富邦新材,15.04,-47.2,0.28,-29.1,-3.8,-6312150,-11978855,-33324284,1528475,930668,-1917535,缩量,低,情绪退潮,观望,资金撤退型,,D,回避：资金撤退,-1.3
600769,祥龙电业,16.4,-50.2,0.82,-4.1,-1.39,-12461718,-35777505,-19243675,2885275,2901756,-8332027,缩量,低,情绪退潮,观望,资金观望型,,D,回避：资金观望,-0.5
600773,西藏城投,10.02,-46.2,0.26,-39.9,-8.01,-61948021,-73626596,-61745275,-1209693,-1139481,-8157465,缩量,低,情绪退潮,观望,资金观望型,,D,回避：资金观望,-2.7
600771,广誉远,13.82,-49.0,1.86,-8.1,-0.17,-751549,-22846442,-42774373,-3121294,-2546784,814604,缩量,低,情绪退潮,观望,资金撤退型,,D,回避：资金撤退,-0.1
600763,通策医疗,33.86,-44.3,0.78,-11.4,1.24,12994394,-93666865,-129462654,570515,-2490925,-5850240,缩量,低,情绪退潮,进场,资金观望型,资金+业绩共振(双击候选),B,关注：资金+业绩共振,72.4
600774,汉商集团,7.77,-33.3,0.97,-20.7,-1.43,-2240727,-4650123,-740587,-287286,0,-1554997,缩量,低,情绪退潮,观望,资金观望型,,D,回避：资金观望,-0.5
600775,南京熊猫,9.61,-57.5,1.06,-15.2,-0.63,-3400531,-28410987,-1855335,-2913826,-3241576,-3017074,缩量,低,情绪退潮,观望,资金观望型,,D,回避：资金观望,-0.2
600776,东方通信,13.03,57.0,0.32,14.3,-2.44,-35797165,76370252,111600485,-27684448,-9563101,37920232,放量,低,游资情绪,观望,资金观望型,,D,回避：资金观望,7.2
600770,综艺股份,6.51,336.2,0.16,56.2,7.8,185444375,70704622,268619424,-84484859,-108369418,23949614,放量,中,主力偏强放量,进场,资金观望型,资金+业绩共振(双击候选),B,关注：资金+业绩共振,90.6
600777,新潮能源,4.0,-45.7,0.4,2.4,-7.91,-38263550,-5023928,-47845039,-61853,-1255702,-1091754,缩量,低,情绪退潮,观望,资金观望型,,D,回避：资金观望,-2.6
600780,通宝能源,6.13,-37.4,0.36,-30.1,-6.16,-22934736,-27409386,-122110532,-752926,450012,-1792942,缩量,低,情绪退潮,观望,资金撤退型,,D,回避：资金撤退,-2.1
600784,鲁银投资,7.07,-61.9,1.19,-46.4,-3.17,-8227796,-47834022,-74166749,-2075659,-2286180,-1659077,缩量,低,情绪退潮,观望,资金撤退型,,D,回避：资金撤退,-1.1
600778,友好集团,5.83,50.0,0.59,103.2,-9.09,-39592592,44943297,55832099,805307,2766163,-1997227,缩量,低,情绪退潮,吸筹,资金观望型,机构吸筹+盈利(关注),C,谨慎：资金流入未验证业绩,21.0
600789,鲁抗医药,7.76,-21.2,3.0,6.5,-1.75,-16891092,2004451,-77562751,-7887066,-8384930,10065059,缩量,低,情绪退潮,观望,资金观望型,,D,回避：资金观望,-0.6
600785,新华百货,10.74,134.5,0.98,-57.5,4.03,62486940,50798005,392105871,-38274037,-17267881,56516254,放量,低,游资情绪,观望,资金观望型,,D,回避：资金观望,9.3
600779,水井坊,26.7,-34.2,1.25,-2.9,3.64,11369661,8390132,-16946223,5511730,2730695,-2940422,缩量,低,情绪退潮,进场,资金观望型,资金+业绩共振(双击候选),B,关注：资金+业绩共振,73.2
600791,京能置业,7.02,-17.6,0.4,-47.9,-4.99,-22092531,-29458931,44976207,-625690,-2047210,-561649,缩量,低,情绪退潮,观望,长线吸筹型,,D,回避：资金观望,-1.7
600792,云煤能源,5.18,930.1,0.51,220.2,2.91,117191832,387113004,476527764,-69583553,-30996275,89526684,放量,低,游资情绪,观望,主力建仓型,,D,回避：资金观望,9.0
600782,新钢股份,2.66,-4.5,0.83,-18.1,0.22,1049593,20602685,11850349,12808312,14875416,-11007738,缩量,低,情绪退潮,吸筹,趋势转多型,资金+业绩共振(双击候选),B,关注：资金+业绩共振,64.1
600794,保税科技,3.16,2.8,0.67,-6.1,-2.57,-4665018,-2356276,-1899057,2782261,856280,-2207614,缩量,低,情绪退潮,观望,资金观望型,,D,回避：资金观望,-0.9
600783,鲁信创投,15.48,-76.3,0.57,-12.3,-14.45,-149583416,-181254747,-386263511,546942,4870543,-4269925,缩量,低,情绪退潮,吸筹,资金撤退型,机构吸筹+盈利(关注),C,谨慎：资金流入未验证业绩,19.2
600787,中储股份,4.57,-32.5,0.94,-5.2,3.13,10249166,40271551,23879489,8366697,8319306,-6244652,缩量,低,情绪退潮,吸筹,趋势转多型,资金+业绩共振(双击候选),B,关注：资金+业绩共振,65.0
600790,轻纺城,3.73,649.7,0.37,93.3,1.69,14441771,10720486,19009383,48252202,52957203,-29415775,放量,低,游资情绪,抢筹,资金观望型,纯资金炒作(亏损风险),C,谨慎：纯资金炒作,28.6
600793,宜宾纸业,17.73,-46.2,2.31,15.1,2.19,15998395,11776657,-2619412,3201545,1798766,-8512204,缩量,低,情绪退潮,进场,资金观望型,资金+业绩共振(双击候选),B,关注：资金+业绩共振,72.7
600797,浙大网新,6.62,-74.6,1.24,-31.4,-3.44,-14214320,-28486562,-40123147,-10807534,-7713457,5791512,缩量,低,情绪退潮,观望,资金撤退型,,D,回避：资金撤退,-1.1
600795,国电电力,5.12,-15.3,0.75,-13.0,4.37,111679285,260231357,763365036,6669443,-30966739,-7451301,缩量,低,情绪退潮,进场,主力建仓型,资金+业绩共振(双击候选),B,关注：资金+业绩共振,73.5
600800,渤海化学,3.17,-9.9,0.45,-10.2,-9.43,-30785621,-30678657,-78527738,-4849029,-2773704,-181263,缩量,低,情绪退潮,观望,资金观望型,,D,回避：资金观望,-3.1
600798,宁波海运,3.35,58.8,0.62,92.6,-5.03,-29168175,-20851235,-58519098,-5144563,-6242227,5156167,放量,低,游资情绪,观望,资金观望型,,D,回避：资金观望,6.3
600801,华新建材,23.78,-51.4,1.51,-23.2,-4.97,-38887947,-120484402,-135524521,-46461228,-28506626,31093993,缩量,低,情绪退潮,观望,资金撤退型,,D,回避：资金撤退,-1.7
600803,新奥股份,18.58,-43.9,0.56,-34.4,0.95,4695929,-42121452,-78621394,-2365596,2435443,9095691,缩量,低,情绪退潮,观望,资金观望型,,D,回避：资金观望,0.3
600796,钱江生化,5.08,-36.1,0.61,-15.3,4.53,4941203,-6009672,-2164189,412159,0,-14889,缩量,低,情绪退潮,进场,资金观望型,资金+业绩共振(双击候选),B,关注：资金+业绩共振,73.5
600805,悦达投资,4.55,17.5,0.47,0.9,-2.61,-4133368,-5223182,756397,1174574,1621885,-2786923,缩量,低,情绪退潮,观望,资金观望型,,D,回避：资金观望,-0.9
600807,济高发展,2.62,-5.5,0.6,-9.2,1.66,2862610,1461073,13873484,-50804,-411184,-949914,缩量,低,情绪退潮,观望,长线吸筹型,,D,回避：资金观望,0.6
600810,神马股份,6.32,-70.5,0.41,-47.0,-0.57,-795934,12053418,4582632,-960444,0,267407,缩量,低,情绪退潮,观望,资金观望型,,D,回避：资金观望,-0.2
600812,华北制药,4.95,91.2,2.09,380.1,4.07,59043647,137409089,112711059,-7427159,4434672,24452199,放量,低,游资情绪,观望,趋势转多型,,D,回避：资金观望,9.4
600802,福建水泥,6.02,610.3,0.71,168.4,-2.22,-24790988,38443199,83169931,84720998,89444094,-47245335,放量,低,游资情绪,抢筹,资金观望型,纯资金炒作(亏损风险),C,谨慎：纯资金炒作,27.3
600814,杭州解百,6.97,57.4,0.62,-6.9,-3.06,-13332589,-26059997,9204239,-3087478,-4535756,5384942,放量,低,游资情绪,观望,资金观望型,,D,回避：资金观望,7.0
600808,马钢股份,2.49,5.7,1.0,-5.3,0.12,1012288,5029609,-26702911,25432228,18190097,-18083330,缩量,低,情绪退潮,吸筹,趋势转多型,纯资金炒作(亏损风险),C,谨慎：纯资金炒作,4.0
600809,山西汾酒,114.03,-52.7,1.28,-35.6,1.29,33228920,-117015108,-135317491,85913008,50324015,-67468162,缩量,低,情绪退潮,进场,资金观望型,资金+业绩共振(双击候选),B,关注：资金+业绩共振,72.4
600816,建元信托,2.37,-14.4,0.44,-24.3,-1.67,-9990101,-6798658,-82944659,-1549855,-1874053,-9757200,缩量,低,情绪退潮,观望,资金观望型,,D,回避：资金观望,-0.6
600819,耀皮玻璃,5.67,-5.7,0.97,-18.5,-7.02,-15977894,-24308311,-12686512,3962892,-571316,-2005258,缩量,低,情绪退潮,观望,资金观望型,,D,回避：资金观望,-2.3
600817,宇通重工,9.51,-28.3,0.26,-27.3,1.42,1184791,-5103937,-7556505,-1814178,0,2483914,缩量,低,情绪退潮,观望,资金观望型,,D,回避：资金观望,0.5
600821,金开新能,5.88,-45.1,0.34,18.2,-5.97,-109163388,-152431017,-155580624,-46367239,-31294388,40430910,缩量,低,情绪退潮,观望,资金撤退型,,D,回避：资金撤退,-2.0
600822,上海物贸,9.09,317.4,0.64,168.9,3.19,29470142,12264080,20165446,-16908997,-4004185,16071695,放量,低,游资情绪,观望,资金观望型,,D,回避：资金观望,9.1
600827,百联股份,7.79,-16.0,0.95,-24.7,2.23,9157168,-3769155,54353763,-3869345,-2480731,-5455061,缩量,低,情绪退潮,观望,资金观望型,,D,回避：资金观望,0.7
600815,厦工股份,4.23,286.7,0.32,-38.5,8.56,168782923,63198779,113958949,-1712050,-13091132,-19511468,放量,中,主力偏强放量,进场,资金观望型,纯资金炒作(亏损风险),C,谨慎：纯资金炒作,30.9
600820,隧道股份,5.27,-39.8,1.0,-1.6,10.22,39575817,64560410,15331880,-4384338,-1556027,6771002,缩量,高,主力控盘,控盘,短线抢筹型,控盘+盈利(稳健),B,关注：控盘稳健+盈利,71.4
600828,茂业商业,4.4,108.9,0.92,-43.5,0.97,7969741,-50199689,36781996,-12294099,1838925,29314940,放量,低,游资情绪,观望,长线吸筹型,,D,回避：资金观望,8.3
600830,香溢融通,8.46,194.0,0.14,-61.1,-6.47,-37995047,-47958323,-165134117,-21788036,-14566256,20178970,放量,低,游资情绪,观望,资金撤退型,,D,回避：资金撤退,5.8
600829,人民同泰,9.69,-49.6,3.9,-45.2,-1.88,-12313534,-35394902,-108869572,-14656742,-7702998,16165397,缩量,低,情绪退潮,观望,资金撤退型,,D,回避：资金撤退,-0.6
600831,广电网络,3.34,25.6,0.62,-19.2,-5.07,-12267932,5208718,-20303355,4464701,801392,-2663590,缩量,低,情绪退潮,观望,资金观望型,,D,回避：资金观望,-1.7
600825,新华传媒,7.06,-56.4,0.97,42.5,12.51,34699676,24482244,22818510,19489130,25532490,-11333418,缩量,高,主力控盘,控盘,资金观望型,控盘+盈利(稳健),B,关注：控盘稳健+盈利,72.2
600824,益民集团,3.67,34.6,0.59,-26.5,1.12,2650292,-13657097,-15883580,2301614,1597248,-2387075,缩量,低,情绪退潮,进场,资金观望型,资金+业绩共振(双击候选),B,关注：资金+业绩共振,72.4
600826,兰生股份,7.94,56.2,0.28,8.7,3.46,10680437,3910901,-770486,7773624,5174469,-4569407,放量,低,游资情绪,抢筹,资金观望型,资金+业绩共振(双击候选),B,关注：资金+业绩共振,89.2
600834,申通地铁,7.58,-14.6,0.57,-47.3,-5.91,-3905016,-2015842,966852,-1952213,-805337,2070108,缩量,低,情绪退潮,观望,资金观望型,,D,回避：资金观望,-2.0
600833,第一医药,10.71,-43.3,1.39,-21.1,0.79,2582119,259691,-13065916,1592842,1622386,-949722,缩量,低,情绪退潮,吸筹,资金观望型,资金+业绩共振(双击候选),B,关注：资金+业绩共振,64.3
600839,四川长虹,6.62,-71.1,0.85,-48.8,-1.93,-20412046,-200550158,-377718339,-27441314,-25602945,34111974,缩量,低,情绪退潮,观望,资金撤退型,,D,回避：资金撤退,-0.6
600835,上海机电,18.88,46.4,0.59,22.8,1.74,13113233,-4656628,18174936,17344981,3156166,-16217105,缩量,低,情绪退潮,进场,资金观望型,资金+业绩共振(双击候选),B,关注：资金+业绩共振,72.6
600838,上海九百,8.56,112.0,0.73,-35.7,2.72,22343256,-15000008,-2846100,7573485,5133736,-5974413,放量,低,游资情绪,进场,资金观望型,资金+业绩共振(双击候选),B,关注：资金+业绩共振,80.9
600844,金煤科技,3.3,-43.7,0.89,-37.9,-3.16,-19313407,-1736092,-84396704,-5080722,-7127574,-109883,缩量,低,情绪退潮,观望,资金观望型,,D,回避：资金观望,-1.1
600846,同济科技,10.96,-74.9,1.11,-29.1,-6.22,-7405931,-28333357,-46163260,-1949730,-1393584,1037699,缩量,低,情绪退潮,观望,资金撤退型,,D,回避：资金撤退,-2.1
600848,上海临港,8.72,-7.8,1.05,-16.3,-5.26,-17265297,-3127640,276923,2832850,2353956,5427033,缩量,低,情绪退潮,观望,资金观望型,,D,回避：资金观望,-1.8
600847,万里股份,12.87,150.8,0.68,211.5,2.39,15879720,15041136,9909539,-6553951,-4121403,4591476,放量,低,游资情绪,观望,资金观望型,,D,回避：资金观望,8.8
600850,电科数字,14.16,-51.9,0.91,-8.4,-1.05,-5358918,-12717974,-76278638,1498575,-2415216,-3631144,缩量,低,情绪退潮,观望,资金撤退型,,D,回避：资金撤退,-0.4
600853,龙建股份,3.26,-18.1,0.73,-12.8,-1.4,-1889422,-3684175,3180331,3530942,2956330,-3862183,缩量,低,情绪退潮,观望,资金观望型,,D,回避：资金观望,-0.5
600841,动力新科,5.72,-49.1,0.46,43.1,0.91,4289774,16151194,20139497,2449127,3616111,-3831051,缩量,低,情绪退潮,进场,均衡流入型,资金+业绩共振(双击候选),B,关注：资金+业绩共振,72.3
600851,海欣股份,8.39,-72.7,2.04,-16.8,-9.25,-31206787,-47471747,-87465432,2742880,1824299,-10512745,缩量,低,情绪退潮,观望,资金撤退型,,D,回避：资金撤退,-3.1
600843,上工申贝,7.61,148.4,0.8,30.9,0.24,761239,-6144060,-19797313,63519190,57030900,-46036309,放量,低,游资情绪,抢筹,资金观望型,纯资金炒作(亏损风险),C,谨慎：纯资金炒作,28.1
600854,春兰股份,4.72,-32.6,0.55,-18.1,-2.3,-2742591,-8825708,-15414943,359838,-1674204,2523616,缩量,低,情绪退潮,观望,资金撤退型,,D,回避：资金撤退,-0.8
600845,宝信软件,18.34,-42.3,1.27,33.4,8.57,165267327,99724514,25340276,-28527523,-15306934,34995991,缩量,中,主力惜售,进场,资金观望型,资金+业绩共振(双击候选),B,关注：资金+业绩共振,86.9
600855,航天长峰,12.86,-35.0,0.44,3.5,-1.17,-6245095,22510067,89566410,-8707461,-6640066,10441105,缩量,低,情绪退潮,观望,高位分歧型,,D,回避：资金观望,-0.4
600858,银座股份,4.91,-6.9,0.6,-5.5,0.89,1757498,1623760,2585251,-1658347,500815,-1393208,缩量,低,情绪退潮,观望,资金观望型,,D,回避：资金观望,0.3
600857,宁波中百,22.48,64.2,5.62,-8.4,2.12,23167642,43362258,145702408,-21610664,-13573856,33609567,放量,低,游资情绪,观望,均衡流入型,,D,回避：资金观望,8.7
600860,京城股份,7.56,9.5,0.49,9.8,-2.49,-9398787,-27217035,-38141959,-2182362,-789389,2943065,缩量,低,情绪退潮,观望,资金撤退型,,D,回避：资金撤退,-0.8
600862,中航高科,17.97,-56.2,0.78,-37.4,0.05,372271,-27548375,52607398,-10000028,104658,10583056,缩量,低,情绪退潮,观望,长线吸筹型,,D,回避：资金观望,0.0
600863,华能蒙电,4.61,-57.4,2.73,-8.3,-6.65,-112771887,-124630417,12983450,-91440374,-76325610,44747574,缩量,低,情绪退潮,观望,长线吸筹型,,D,回避：资金观望,-2.2
600864,哈投股份,5.82,55.2,0.23,62.7,1.45,23511982,91533879,81902143,-18773496,-13481194,21386200,放量,低,游资情绪,观望,趋势转多型,,D,回避：资金观望,8.5
600867,通化东宝,7.85,-70.3,0.51,-15.5,-6.13,-29769844,-77675397,-112286506,-4555235,-5595251,4486028,缩量,低,情绪退潮,观望,资金撤退型,,D,回避：资金撤退,-2.0
600865,百大集团,11.08,492.4,0.4,153.6,-1.38,-38246507,-306897571,-14001356,-18019802,-16511068,43052396,放量,低,游资情绪,观望,长线吸筹型,,D,回避：资金观望,7.5
600866,星湖科技,4.17,-59.1,0.49,-14.0,-9.49,-38771028,-99962705,-150100238,-1364149,384501,-1123752,缩量,低,情绪退潮,观望,资金撤退型,,D,回避：资金撤退,-3.2
600868,梅雁吉祥,2.73,-33.4,0.72,14.7,-0.66,-4115965,-19491781,-29377590,-2793071,-5120598,7771640,缩量,低,情绪退潮,观望,资金撤退型,,D,回避：资金撤退,-0.2
600869,远东股份,21.03,82.7,1.17,11.2,-1.56,-402345746,-2598744074,-2953434239,-255337910,-118760785,402000607,放量,低,游资情绪,观望,资金撤退型,,D,回避：资金撤退,7.5
600859,王府井,9.84,-35.8,1.02,-25.0,0.77,4614248,-35648865,-27610228,8843330,5027735,-2723037,缩量,低,情绪退潮,吸筹,资金观望型,纯资金炒作(亏损风险),C,谨慎：纯资金炒作,4.3
600861,北京人力,12.71,-72.9,0.64,-43.9,1.9,1745259,-3154484,-5312773,337156,44555,-149349,缩量,低,情绪退潮,进场,资金观望型,资金+业绩共振(双击候选),B,关注：资金+业绩共振,72.6
600871,石化油服,2.12,-20.6,1.02,-12.2,3.6,51453071,73056164,160289640,-18353251,-16178477,7463292,缩量,低,情绪退潮,观望,均衡流入型,,D,回避：资金观望,1.2
600872,中炬高新,17.39,-58.1,0.67,-3.5,-3.52,-27901010,-77338729,-63507574,-379607,6538874,5431767,缩量,低,情绪退潮,观望,资金观望型,,D,回避：资金观望,-1.2
600874,创业环保,5.46,-7.0,0.54,-16.3,4.57,7953778,-22740592,-15495417,-1166798,201402,-2566635,缩量,低,情绪退潮,观望,资金观望型,,D,回避：资金观望,1.5
600873,梅花生物,7.44,-56.4,0.54,-43.8,-1.28,-6661583,-30954676,-72097146,-7081879,-6745412,2351340,缩量,低,情绪退潮,观望,资金撤退型,,D,回避：资金撤退,-0.4
600875,东方电气,23.81,-58.2,0.49,-20.5,-1.95,-61764402,-45949654,-99490986,-101839966,-75578170,79025977,缩量,低,情绪退潮,观望,资金观望型,,D,回避：资金观望,-0.7
600876,凯盛新能,7.87,430.7,0.57,1001.6,-3.0,-26331640,26280239,29252236,2191471,1923838,-4046725,放量,低,游资情绪,观望,资金观望型,,D,回避：资金观望,7.0
600879,航天电子,14.3,-72.0,0.7,7.0,-1.93,-92425600,-106165859,-458129462,-47287159,-50482968,57112508,缩量,低,情绪退潮,观望,资金撤退型,,D,回避：资金撤退,-0.6
600877,电科芯片,12.12,-72.4,1.21,24.7,-2.88,-21115327,-23725188,-67284590,-1045956,-2738293,2998249,缩量,低,情绪退潮,观望,资金撤退型,,D,回避：资金撤退,-1.0
600880,博瑞传播,4.41,419.5,0.58,266.5,-2.37,-60761450,95668726,114809135,-57681338,-42046275,59917724,放量,低,游资情绪,观望,资金观望型,,D,回避：资金观望,7.2
600882,妙可蓝多,19.21,-82.5,1.96,-29.6,-1.96,-5506078,-28116691,-10526407,-1728897,413103,2410378,缩量,低,情绪退潮,观望,资金观望型,,D,回避：资金观望,-0.7
600883,博闻科技,8.16,-19.4,0.56,-33.6,-0.06,-97659,6705328,13390820,3364449,0,-2720378,缩量,低,情绪退潮,观望,资金观望型,,D,回避：资金观望,-0.0
600884,杉杉股份,11.92,44.4,0.29,7.1,-3.38,-77263983,-192715805,-372802215,69877347,58767090,-64454635,缩量,低,情绪退潮,观望,资金撤退型,,D,回避：资金撤退,-1.1
600885,宏发股份,33.3,-62.4,0.86,-39.3,-4.3,-61359144,-46814615,-170772702,-656940,-1422616,17234156,缩量,低,情绪退潮,观望,资金观望型,,D,回避：资金观望,-1.4
600888,新疆众和,10.06,-58.6,3.3,-22.2,-2.35,-43684246,-168737802,-483331459,-2382865,3069504,-4930539,缩量,低,情绪退潮,观望,资金撤退型,,D,回避：资金撤退,-0.8
600881,亚泰集团,1.88,-3.1,1.96,-14.6,1.85,24947828,-76602805,5964395,24044027,28475642,-11583840,缩量,低,情绪退潮,吸筹,长线吸筹型,纯资金炒作(亏损风险),C,谨慎：纯资金炒作,4.6
600893,航发动力,39.56,-29.6,0.77,-17.7,-4.41,-233936120,-762992413,-168389381,-13041709,-34955994,-6796173,缩量,低,情绪退潮,观望,长线吸筹型,,D,回避：资金观望,-1.5
600897,厦门空港,15.05,-11.4,0.77,-9.0,0.21,348101,-9046232,-7114268,-2848714,0,1223932,缩量,低,情绪退潮,观望,资金观望型,,D,回避：资金观望,0.1
600886,国投电力,14.57,-42.9,1.49,-22.0,10.63,155724868,157891016,203827221,46735785,49160369,-22862948,缩量,高,主力控盘,控盘,均衡流入型,控盘+盈利(稳健),B,关注：控盘稳健+盈利,71.5
600895,张江高科,28.76,-65.1,1.36,-25.4,3.39,81812162,-179996360,-251356234,-43187225,-43279142,37714077,缩量,低,情绪退潮,观望,资金观望型,,D,回避：资金观望,1.1
600887,伊利股份,26.92,-35.6,0.64,-41.0,7.61,373285071,472752213,471160380,96578455,16855945,-60345800,缩量,中,主力惜售,进场,短线抢筹型,资金+业绩共振(双击候选),B,关注：资金+业绩共振,86.5
600892,大晟文化,4.16,86.1,3.94,-46.2,0.14,1348639,-76457235,-43882496,4210553,3246010,-5146980,放量,低,游资情绪,抢筹,资金观望型,纯资金炒作(亏损风险),C,谨慎：纯资金炒作,28.0
600903,贵州燃气,6.64,80.2,2.28,10.2,-1.77,-33138664,-166822834,58483735,-27824628,-28680228,23061958,放量,低,游资情绪,观望,长线吸筹型,,D,回避：资金观望,7.4
600906,财达证券,6.46,-76.9,1.36,-30.4,-5.41,-42148166,-83201989,-108372915,499668,-3572905,642303,缩量,低,情绪退潮,观望,资金撤退型,,D,回避：资金撤退,-1.8
600905,三峡能源,3.64,-52.9,0.85,-9.9,-4.8,-47773517,-28900382,-116509357,-2310712,-4704889,8488752,缩量,低,情绪退潮,观望,资金观望型,,D,回避：资金观望,-1.6
600894,广日股份,7.75,230.5,0.35,62.2,3.65,17458570,16492861,-1165842,7959837,5384317,-11226342,放量,低,游资情绪,抢筹,资金观望型,资金+业绩共振(双击候选),B,关注：资金+业绩共振,89.2
600900,长江电力,28.08,-50.8,1.65,-19.5,2.14,209321759,456403692,-54735645,227814599,213137092,-187365517,缩量,低,情绪退潮,吸筹,趋势转多型,资金+业绩共振(双击候选),B,关注：资金+业绩共振,64.7
600916,中国黄金,7.36,-65.7,1.38,-63.9,-4.87,-34790672,-59219282,-157276550,-16855183,-15071042,15465278,缩量,低,情绪退潮,观望,资金撤退型,,D,回避：资金撤退,-1.6
600909,华安证券,8.09,-80.7,7.61,-36.0,-4.96,-159270741,-278707480,-155909199,-7457148,-10057234,817403,缩量,低,情绪退潮,观望,资金观望型,,D,回避：资金观望,-1.7
600901,江苏金租,6.67,-46.0,0.79,-22.5,3.43,25334924,14652521,61768499,4691622,439709,-10882940,缩量,低,情绪退潮,进场,资金观望型,资金+业绩共振(双击候选),B,关注：资金+业绩共振,73.1
600917,重庆燃气,4.81,36.5,0.75,28.3,-5.38,-7783059,-2523928,1821462,-3494775,-1776209,1000508,缩量,低,情绪退潮,观望,资金观望型,,D,回避：资金观望,-1.8
600908,无锡银行,5.75,-37.0,1.24,0.0,3.46,15120574,-15562947,-45226987,3740444,3097634,-253369,缩量,低,情绪退潮,吸筹,资金观望型,资金+业绩共振(双击候选),B,关注：资金+业绩共振,65.2
600918,中泰证券,5.51,-53.8,2.08,-29.7,-3.19,-21567037,-46395948,-87150012,-7935371,-8011280,8128718,缩量,低,情绪退潮,观望,资金撤退型,,D,回避：资金撤退,-1.1
600919,江苏银行,12.07,-40.8,1.34,15.3,-2.11,-110478040,-7182780,198037068,-14403070,-26010219,10253917,缩量,低,情绪退潮,观望,资金观望型,,D,回避：资金观望,-0.7
600925,苏能股份,4.06,-7.5,0.76,-47.2,-1.12,-1707917,-10288700,11414113,-5003281,-470475,3905937,缩量,低,情绪退潮,观望,长线吸筹型,,D,回避：资金观望,-0.4
600927,永安期货,12.34,-58.9,0.68,-38.3,2.31,6941899,8147291,-13823078,-2086279,545725,1561190,缩量,低,情绪退潮,观望,趋势转多型,,D,回避：资金观望,0.8
600926,杭州银行,17.14,-38.1,1.29,-7.9,-1.37,-38339090,-147541475,-308681293,-5417112,-3698998,24973671,缩量,低,情绪退潮,观望,资金撤退型,,D,回避：资金撤退,-0.5
600929,雪天盐业,6.11,124.6,0.28,351.0,1.1,22869325,36275428,28181808,-37684708,-28522910,38828432,放量,低,游资情绪,观望,趋势转多型,,D,回避：资金观望,8.4
600930,华电新能,3.9,-38.1,0.54,40.3,0.85,21017877,29676496,-16024806,-75426390,-63069209,43625639,缩量,低,情绪退潮,观望,趋势转多型,,D,回避：资金观望,0.3
600936,北投科技,4.35,-59.8,6.5,-33.4,-11.75,-115898249,-145753389,-260829982,-29040605,-22502950,30672455,缩量,低,情绪退潮,观望,资金撤退型,,D,回避：资金撤退,-3.9
600939,重庆建工,2.61,65.6,0.55,-8.4,-3.58,-6294698,2228922,7722054,-1293446,-941350,953686,放量,低,游资情绪,观望,资金观望型,,D,回避：资金观望,6.8
600955,维远股份,12.58,-62.2,0.31,-16.4,-0.13,-172859,-4296609,-4273042,1832930,-557850,-3062855,缩量,低,情绪退潮,观望,资金观望型,,D,回避：资金观望,-0.0
600941,中国移动,96.4,-63.3,1.71,-23.5,-3.26,-105514621,-274964708,-382598849,-7447828,-10023455,30467735,缩量,低,情绪退潮,观望,资金撤退型,,D,回避：资金撤退,-1.1
600928,西安银行,3.5,-43.3,0.83,-33.3,4.7,15365002,29888398,21942673,5579227,1659308,-5747504,缩量,低,情绪退潮,进场,趋势转多型,资金+业绩共振(双击候选),B,关注：资金+业绩共振,73.6
600933,爱柯迪,13.89,14.5,0.45,114.1,1.88,30412402,36037463,28640642,13093360,907476,9929415,缩量,低,情绪退潮,进场,趋势转多型,资金+业绩共振(双击候选),B,关注：资金+业绩共振,72.6
600958,东方证券,8.93,-68.4,1.07,-28.0,-2.71,-38299923,-198971915,-96754922,-2471851,4085508,11034947,缩量,低,情绪退潮,观望,长线吸筹型,,D,回避：资金观望,-0.9
600935,华塑股份,2.31,59.9,0.45,0.3,13.78,44612107,50075670,42564387,-10482010,-3624298,9545606,放量,高,主力主导放量🔥(最强),进场,短线抢筹型,纯资金炒作(亏损风险),C,谨慎：纯资金炒作,36.6
600956,新天绿能,7.04,-27.1,0.3,21.4,-1.66,-4553843,-15007375,-14204527,-3815457,-468002,4001919,缩量,低,情绪退潮,观望,资金观望型,,D,回避：资金观望,-0.6
600959,江苏有线,3.09,-28.6,0.54,-32.9,-1.21,-4954981,-4044349,15019001,-4941955,-5019132,2721240,缩量,低,情绪退潮,观望,高位分歧型,,D,回避：资金观望,-0.4
600961,株冶集团,24.47,-69.5,0.63,-30.2,3.62,117453283,-2691795,-276816799,-62969429,-49925175,57219471,缩量,低,情绪退潮,观望,资金观望型,,D,回避：资金观望,1.2
600960,渤海汽车,3.92,-42.6,0.5,15.9,1.26,2102516,5079577,2006194,-1503692,491601,-907748,缩量,低,情绪退潮,观望,趋势转多型,,D,回避：资金观望,0.4
600938,中国海油,32.29,-53.1,0.98,9.6,1.77,110483997,190181073,81341009,19980944,40435338,58203698,缩量,低,情绪退潮,进场,趋势转多型,资金+业绩共振(双击候选),B,关注：资金+业绩共振,72.6
600962,国投中鲁,26.35,-21.8,2.97,0.5,-0.99,-8069657,-43838854,-61970530,7418245,3873872,-18377424,缩量,低,情绪退潮,观望,资金撤退型,,D,回避：资金撤退,-0.3
600963,岳阳林纸,3.41,-5.1,0.56,-17.9,4.08,21369202,19057301,7800311,-8070538,-7299622,5238524,缩量,低,情绪退潮,观望,资金观望型,,D,回避：资金观望,1.4
600966,博汇纸业,4.88,-53.2,0.55,-26.2,-1.64,-4198060,863821,-59389615,1631908,2091499,-2825208,缩量,低,情绪退潮,观望,资金观望型,,D,回避：资金观望,-0.5
600967,内蒙一机,12.94,131.9,1.53,6.5,-4.48,-196129760,264217471,530148590,-85992315,-52657422,129248118,放量,低,游资情绪,观望,资金观望型,,D,回避：资金观望,6.5
600969,郴电国际,9.8,14.1,0.9,-48.8,-2.88,-15671605,-31276831,83967247,-25463959,-10271617,12561299,缩量,低,情绪退潮,观望,长线吸筹型,,D,回避：资金观望,-1.0
600971,恒源煤电,8.38,-42.7,0.66,-47.1,2.29,10884313,5571373,-51733777,-2932038,-3268435,3450701,缩量,低,情绪退潮,观望,资金观望型,,D,回避：资金观望,0.8
600973,宝胜股份,5.91,-28.3,0.64,10.5,-2.72,-12950308,-17193477,-91274523,-12842125,-8109182,7600677,缩量,低,情绪退潮,观望,资金撤退型,,D,回避：资金撤退,-0.9
600975,新五丰,5.16,17.4,1.08,-33.0,0.87,5268358,-34910583,25988171,-7407949,-6714138,3608197,缩量,低,情绪退潮,观望,长线吸筹型,,D,回避：资金观望,0.3
600968,海油发展,3.85,-34.3,0.61,-25.1,0.54,3326493,3544683,-158317130,307385,-2403227,-593003,缩量,低,情绪退潮,进场,趋势转多型,资金+业绩共振(双击候选),B,关注：资金+业绩共振,72.2
600977,中国电影,13.5,-54.6,1.36,-17.0,-0.11,-2138997,-87753917,-140311265,-2353326,-8405799,7768603,缩量,低,情绪退潮,观望,资金撤退型,,D,回避：资金撤退,-0.0
600979,广安爱众,3.88,-7.8,0.19,140.0,-6.88,-44690768,-42723753,-69580196,9001783,14171043,2109781,缩量,低,情绪退潮,观望,资金观望型,,D,回避：资金观望,-2.3
600976,健民集团,27.02,-78.9,2.04,-41.2,-0.05,-76004,-14746143,3994606,-3198607,-3449500,1580049,缩量,低,情绪退潮,观望,长线吸筹型,,D,回避：资金观望,-0.0
600981,苏豪汇鸿,2.39,-12.3,0.75,-6.2,3.21,6734549,-2808521,-1698134,-630679,-540035,-1509517,缩量,低,情绪退潮,观望,资金观望型,,D,回避：资金观望,1.1
600980,北矿科技,19.54,-17.8,0.79,-24.1,-0.3,-601848,-8640657,-16201797,-402801,-138142,-3352883,缩量,低,情绪退潮,观望,资金撤退型,,D,回避：资金撤退,-0.1
600983,惠而浦,7.54,-2.7,0.27,-26.8,1.68,963503,336259,-1767944,-1386798,-115962,1335176,缩量,低,情绪退潮,观望,资金观望型,,D,回避：资金观望,0.6
600982,宁波能源,4.85,-14.8,0.44,176.0,-7.03,-57030927,-8734351,-9973035,4413002,-54481,6812385,缩量,低,情绪退潮,观望,资金观望型,,D,回避：资金观望,-2.3
600970,中材国际,7.61,-47.3,0.57,-20.1,1.1,5251009,-14023207,27989271,4239880,1298652,-2696676,缩量,低,情绪退潮,进场,长线吸筹型,资金+业绩共振(双击候选),B,关注：资金+业绩共振,72.4
600984,建设机械,3.46,-64.3,1.41,-70.6,-8.31,-27213528,-73305010,-433622362,-4973724,-5072403,5089895,缩量,低,情绪退潮,观望,资金撤退型,,D,回避：资金撤退,-2.8
600987,航民股份,6.33,-64.6,0.5,-9.5,-0.08,-88835,10029940,2263954,-2176716,-1591113,346923,缩量,低,情绪退潮,观望,资金观望型,,D,回避：资金观望,-0.0
600986,浙文互联,7.06,-37.3,0.24,-43.9,3.65,59159277,-13184606,-122842876,-11928600,-8815486,-4569452,缩量,低,情绪退潮,观望,资金观望型,,D,回避：资金观望,1.2
600989,宝丰能源,22.58,-37.7,0.52,-20.1,-3.23,-201457348,-42533099,-147396362,-60510829,-99517452,6502826,缩量,低,情绪退潮,观望,资金观望型,,D,回避：资金观望,-1.1
600985,淮北矿业,16.61,-67.6,1.08,-55.4,2.0,23355761,93258975,-57808771,3399908,10135521,-3640878,缩量,低,情绪退潮,吸筹,趋势转多型,资金+业绩共振(双击候选),B,关注：资金+业绩共振,64.7
600990,四创电子,17.91,-74.8,1.22,-37.0,-5.71,-10608696,-17494071,-15942791,1226903,-1755226,-490075,缩量,低,情绪退潮,观望,资金观望型,,D,回避：资金观望,-1.9
600995,XD南网储,11.99,-66.1,0.58,-5.0,-7.15,-35551662,-49352139,-83752133,373249,-1892287,2385458,缩量,低,情绪退潮,观望,资金撤退型,,D,回避：资金撤退,-2.4
600993,马应龙,22.46,-77.1,1.41,-19.4,-3.56,-9755514,-41896646,-35658745,1607383,655306,1684493,缩量,低,情绪退潮,观望,资金观望型,,D,回避：资金观望,-1.2
600996,贵广网络,6.85,-34.1,0.69,-19.1,-3.97,-23412525,-20661776,-75088635,3913288,4799853,-6666898,缩量,低,情绪退潮,观望,资金观望型,,D,回避：资金观望,-1.3
600999,招商证券,17.83,-77.4,2.31,-42.4,-1.47,-46915556,-278396518,40809112,-1478459,-6893792,-6494781,缩量,低,情绪退潮,观望,长线吸筹型,,D,回避：资金观望,-0.5
600988,赤峰黄金,42.5,-61.3,1.61,-27.4,0.05,4459278,223550938,-967194032,9391702,1978824,-11320979,缩量,低,情绪退潮,进场,趋势转多型,资金+业绩共振(双击候选),B,关注：资金+业绩共振,72.0
601001,晋控煤业,18.05,-48.2,1.0,-23.5,-1.42,-23226660,-81790026,-71496052,-18879987,-7140226,12308485,缩量,低,情绪退潮,观望,资金观望型,,D,回避：资金观望,-0.5
600992,贵绳股份,10.19,-22.8,1.25,85.1,5.33,29888503,31221344,25491562,1640467,4910586,-1989801,缩量,中,主力惜售,吸筹,趋势转多型,资金+业绩共振(双击候选),B,关注：资金+业绩共振,77.8
600998,九州通,4.89,-13.4,1.1,5.7,-3.61,-35271315,-33429927,-42502670,37509212,35705079,-24743536,缩量,低,情绪退潮,吸筹,资金观望型,机构吸筹+盈利(关注),C,谨慎：资金流入未验证业绩,22.8
600997,开滦股份,5.13,-28.3,0.8,-32.0,2.64,7052616,5055675,13402982,1385800,-854131,-2424016,缩量,低,情绪退潮,进场,资金观望型,纯资金炒作(亏损风险),C,谨慎：纯资金炒作,12.9
601003,柳钢股份,3.52,38.3,1.66,-41.7,-2.87,-9081559,-11199935,25079027,23194155,17174893,-23977972,缩量,低,情绪退潮,观望,长线吸筹型,,D,回避：资金观望,-1.0
601002,晋亿实业,5.19,-70.3,0.51,-49.0,-0.4,-732060,-13659220,-19069673,-176811,-1662326,2566067,缩量,低,情绪退潮,观望,资金撤退型,,D,回避：资金撤退,-0.1
601000,唐山港,4.32,-35.9,1.02,-20.0,4.91,42211785,29098001,100825471,13345839,10840973,-22916042,缩量,低,情绪退潮,进场,资金观望型,资金+业绩共振(双击候选),B,关注：资金+业绩共振,73.6
601006,大秦铁路,4.69,-42.2,0.82,-5.8,0.08,1722034,-72845173,-46602258,-35789831,-29724856,13903905,缩量,低,情绪退潮,观望,资金观望型,,D,回避：资金观望,0.0
601007,金陵饭店,6.78,1.1,0.21,-18.7,-3.24,-6850580,-14316646,-6061921,-263984,-768884,-860938,缩量,低,情绪退潮,观望,资金观望型,,D,回避：资金观望,-1.1
601008,连云港,4.35,35.0,0.96,77.9,-2.14,-8430441,-13383778,-8762927,-1149463,1814474,496419,缩量,低,情绪退潮,观望,资金观望型,,D,回避：资金观望,-0.7
601011,宝泰隆,2.88,74.1,0.7,-47.3,3.58,23925508,15841550,-35270592,-11309400,-8328983,5738208,放量,低,游资情绪,观望,资金观望型,,D,回避：资金观望,9.2
601009,南京银行,11.73,-26.9,1.21,-16.4,-0.02,-578747,-84296420,-271494329,-16922491,-29255396,-5938772,缩量,低,情绪退潮,观望,资金撤退型,,D,回避：资金撤退,-0.0
601012,隆基绿能,11.41,-51.5,0.65,-16.4,-1.17,-42203524,-420162553,-673125902,-10506611,-8726246,40978621,缩量,低,情绪退潮,观望,资金撤退型,,D,回避：资金撤退,-0.4
601015,陕西黑猫,3.5,124.6,0.6,-16.2,3.89,60640198,64033923,78377048,-36555841,-28495172,50247328,放量,低,游资情绪,观望,均衡流入型,,D,回避：资金观望,9.3
601005,重庆钢铁,1.23,146.2,1.06,-3.1,2.8,13745094,-33452893,-15959549,22533663,29818507,-9411269,放量,低,游资情绪,抢筹,资金观望型,纯资金炒作(亏损风险),C,谨慎：纯资金炒作,28.9
601016,节能风电,3.28,-53.8,0.2,71.3,-3.24,-65474359,-14877539,-17705648,-61347260,-45691177,67999928,缩量,低,情绪退潮,观望,资金观望型,,D,回避：资金观望,-1.1
601033,永兴股份,14.25,-59.5,0.8,-30.5,1.48,2968575,6274950,-12122385,-805248,-886509,-891211,缩量,低,情绪退潮,观望,趋势转多型,,D,回避：资金观望,0.5
601038,一拖股份,13.89,10.9,1.09,-53.5,-1.69,-8329511,-60638309,-30608325,771145,-5105803,12264949,缩量,低,情绪退潮,观望,资金观望型,,D,回避：资金观望,-0.6
601018,宁波港,3.4,-34.0,0.87,0.0,5.65,59656034,67343995,109582603,9659344,3806408,-7872798,缩量,中,主力惜售,进场,均衡流入型,资金+业绩共振(双击候选),B,关注：资金+业绩共振,85.9
601019,山东出版,6.99,-3.0,0.97,-29.5,5.62,21718674,11662579,35878518,1432824,2223727,3748187,缩量,中,主力惜售,进场,资金观望型,资金+业绩共振(双击候选),B,关注：资金+业绩共振,85.9
601022,XD宁波远,8.46,59.6,0.77,75.5,0.24,1546787,782702,-28855143,7220497,4098190,-1584146,放量,低,游资情绪,抢筹,资金观望型,资金+业绩共振(双击候选),B,关注：资金+业绩共振,88.1
601061,中信金属,11.35,-47.3,0.69,15.9,-1.75,-14115952,-22610210,-25957966,-23848133,-19467666,15144521,缩量,低,情绪退潮,观望,资金撤退型,,D,回避：资金撤退,-0.6
601021,春秋航空,41.94,-33.6,1.27,-13.8,2.89,27779178,27581341,-10354542,526433,5029928,1922778,缩量,低,情绪退潮,进场,资金观望型,资金+业绩共振(双击候选),B,关注：资金+业绩共振,73.0
601020,华钰矿业,22.14,61.2,0.53,-33.9,-2.27,-56082997,-115098434,-104283645,81209088,73307532,-75909007,放量,低,游资情绪,抢筹,资金观望型,机构吸筹+盈利(关注),C,谨慎：资金流入未验证业绩,47.2
601065,江盐集团,6.73,-48.2,0.71,-26.9,-0.34,-314255,-4395702,-1119649,-742432,-1833739,39634,缩量,低,情绪退潮,观望,资金观望型,,D,回避：资金观望,-0.1
601066,中信建投,23.67,-83.5,2.65,-40.4,-8.73,-114427713,-236588839,-325757928,-1790059,-744636,4141829,缩量,低,情绪退潮,观望,资金撤退型,,D,回避：资金撤退,-2.9
601026,道生天合,15.35,-11.0,0.84,29.8,5.28,32352054,27858027,-6451074,-729485,2493637,-3918693,缩量,中,主力惜售,进场,资金观望型,资金+业绩共振(双击候选),B,关注：资金+业绩共振,85.8
601058,赛轮轮胎,13.92,-30.7,0.77,-44.1,5.76,134176427,140510726,-128988927,32141012,33416300,-6695268,缩量,中,主力惜售,吸筹,趋势转多型,资金+业绩共振(双击候选),B,关注：资金+业绩共振,77.9
601059,信达证券,15.56,-100.0,1.49,33.5,5.98,64739287,123695494,57720527,0,0,0,缩量,中,主力惜售,进场,短线抢筹型,资金+业绩共振(双击候选),B,关注：资金+业绩共振,86.0
601068,中铝国际,4.5,192.1,0.61,11.7,-3.31,-10480405,-7655715,-8518128,26049218,13019312,-34856959,放量,低,游资情绪,抢筹,资金观望型,机构吸筹+盈利(关注),C,谨慎：资金流入未验证业绩,46.9
601069,西部黄金,26.79,-68.9,1.77,-39.4,-6.63,-139179445,-129958548,-595071926,-2666290,5756786,-1495791,缩量,低,情绪退潮,吸筹,资金观望型,机构吸筹+盈利(关注),C,谨慎：资金流入未验证业绩,21.8
601089,福元医药,16.29,-33.2,1.0,-6.0,-0.9,-2016098,-8001591,-9799342,-2620727,-858119,6200264,缩量,低,情绪退潮,观望,资金撤退型,,D,回避：资金撤退,-0.3
601088,中国神华,47.21,-62.7,1.06,-34.6,-1.75,-73313006,172458468,60441398,-29988664,-12636647,-56606490,缩量,低,情绪退潮,观望,资金观望型,,D,回避：资金观望,-0.6
601098,中南传媒,10.36,-35.2,0.98,-30.8,4.54,21004521,44216888,97259257,-4533240,-3740596,2589683,缩量,低,情绪退潮,观望,主力建仓型,,D,回避：资金观望,1.5
601099,太平洋,3.54,13.4,0.91,-21.0,0.92,22155851,109868710,12347554,-61428093,-65138937,44070367,缩量,低,情绪退潮,观望,趋势转多型,,D,回避：资金观望,0.3
601077,渝农商行,6.54,-34.5,1.9,-1.7,1.49,31304282,-15516067,-205712502,20086097,16093053,-12301799,缩量,低,情绪退潮,吸筹,资金观望型,资金+业绩共振(双击候选),B,关注：资金+业绩共振,64.5
601101,昊华能源,13.25,-63.8,0.62,-59.2,-4.55,-50934421,-116052689,-349309238,-12526865,-9365814,4357018,缩量,低,情绪退潮,观望,资金撤退型,,D,回避：资金撤退,-1.5
601100,恒立液压,91.6,-35.0,0.59,69.5,2.42,101062029,56920280,-168822413,-27393471,-34625368,53781267,缩量,低,情绪退潮,观望,资金观望型,,D,回避：资金观望,0.8
601106,中国一重,2.94,-5.8,0.67,22.2,-1.03,-9237281,19285576,57301540,-6040470,-4885335,-1068858,缩量,低,情绪退潮,观望,资金观望型,,D,回避：资金观望,-0.3
601083,锦江航运,12.78,31.8,0.5,-28.3,3.47,23532376,28574884,-52269483,2009451,1356228,-1466370,缩量,低,情绪退潮,进场,趋势转多型,资金+业绩共振(双击候选),B,关注：资金+业绩共振,73.2
601086,国芳集团,17.02,1348.0,1.04,109.0,4.88,390578398,338825334,461330939,22156347,38609615,-6871764,放量,低,游资情绪,吸筹,资金观望型,资金+业绩共振(双击候选),B,关注：资金+业绩共振,73.6
601096,宏盛华源,4.08,-52.7,0.76,5.7,3.07,8490046,7562292,3302045,5089403,1694025,-4511897,缩量,低,情绪退潮,进场,资金观望型,资金+业绩共振(双击候选),B,关注：资金+业绩共振,73.0
601108,财通证券,8.56,-49.0,1.33,-23.4,0.21,4027835,188186,9375378,-22905325,-14734486,22216815,缩量,低,情绪退潮,观望,资金观望型,,D,回避：资金观望,0.1
601111,中国国航,5.96,-18.9,1.11,1.2,-0.9,-17360442,-101521263,-125134610,11441067,438976,28766843,缩量,低,情绪退潮,观望,资金撤退型,,D,回避：资金撤退,-0.3
601112,振石股份,16.42,33.5,0.27,244.0,1.15,11410570,21627872,21712607,-8162956,-816242,8471160,缩量,低,情绪退潮,观望,均衡流入型,,D,回避：资金观望,0.4
601116,三江购物,10.21,-14.2,0.77,-37.4,-3.02,-23898706,-92260366,13180824,-2825377,-1048058,6311965,缩量,低,情绪退潮,观望,长线吸筹型,,D,回避：资金观望,-1.0
601107,四川成渝,6.01,-48.5,1.04,-23.5,7.44,15975816,25801566,22119124,1506739,548882,-333962,缩量,中,主力惜售,吸筹,短线抢筹型,资金+业绩共振(双击候选),B,关注：资金+业绩共振,78.5
601118,海南橡胶,6.66,150.6,0.84,-28.7,-3.65,-153526806,-623106488,-146829827,26976289,-5802710,-44762236,放量,低,游资情绪,观望,长线吸筹型,,D,回避：资金观望,6.8
601121,宝地矿业,7.26,-61.4,1.24,-25.8,0.17,568373,-7089166,-29936887,-1800296,-514632,1379593,缩量,低,情绪退潮,观望,资金观望型,,D,回避：资金观望,0.1
601117,中国化学,7.16,-64.6,0.62,-46.3,-1.15,-13249161,-134275569,-365534647,-30525382,-26024906,18823911,缩量,低,情绪退潮,观望,资金撤退型,,D,回避：资金撤退,-0.4
601127,赛力斯,47.2,-53.5,0.97,53.7,-3.15,-169716545,-411209788,-535111818,-12809541,-23466757,-36916027,缩量,低,情绪退潮,观望,资金撤退型,,D,回避：资金撤退,-1.1
601126,四方股份,39.5,-57.4,0.81,-20.2,2.72,98869919,225561081,-152455102,-68224118,-53905101,52768934,缩量,低,情绪退潮,观望,趋势转多型,,D,回避：资金观望,0.9
601128,常熟银行,6.19,-16.1,0.79,-34.8,0.38,4443050,32444449,-30688761,-1782087,7711702,-15880934,缩量,低,情绪退潮,观望,趋势转多型,,D,回避：资金观望,0.1
601136,首创证券,14.52,-5.8,0.71,-61.4,-1.51,-13443275,-132478840,83587168,2477216,-670678,2579257,缩量,低,情绪退潮,观望,长线吸筹型,,D,回避：资金观望,-0.5
601113,华鼎股份,3.52,14.1,0.38,3.2,2.48,5200675,9629101,-2093408,2947963,2632694,622183,缩量,低,情绪退潮,进场,趋势转多型,资金+业绩共振(双击候选),B,关注：资金+业绩共振,72.8
601138,工业富联,62.98,-71.7,0.55,-37.5,0.64,154975975,-1622554846,1606185027,-282007799,-206351634,181152324,缩量,低,情绪退潮,观望,长线吸筹型,,D,回避：资金观望,0.2
601137,博威合金,20.49,-57.5,0.79,-43.5,-1.56,-16825921,-89214188,-324919560,-13561296,-12132494,17807136,缩量,低,情绪退潮,观望,资金撤退型,,D,回避：资金撤退,-0.5
601133,柏诚股份,26.02,12.1,1.4,21.1,5.5,129872728,110713882,107784806,105097092,84752791,-136558210,缩量,中,主力惜售,进场,资金观望型,资金+业绩共振(双击候选),B,关注：资金+业绩共振,85.8
601155,新城控股,12.95,76.4,0.97,-12.3,-0.14,-2702329,-29776973,-56796626,10220994,-20882125,-20094922,放量,低,游资情绪,观望,资金撤退型,,D,回避：资金撤退,8.0
601158,重庆水务,3.99,-44.2,0.96,-1.6,1.95,2320842,5235495,14843387,-2922809,-2907265,1433376,缩量,低,情绪退潮,观望,均衡流入型,,D,回避：资金观望,0.7
601156,东航物流,18.4,-60.0,1.47,-4.1,-4.59,-22743282,-99719958,-137849834,-718080,1392561,-1450683,缩量,低,情绪退潮,观望,资金撤退型,,D,回避：资金撤退,-1.5
601163,三角轮胎,12.43,-66.3,0.5,-48.7,3.57,4059974,8214664,29427624,-639276,-63495,-884986,缩量,低,情绪退潮,观望,主力建仓型,,D,回避：资金观望,1.2
601162,天风证券,3.67,-56.0,1.88,-32.8,4.3,103900551,-78855019,-78204158,-80554357,-69394281,78957924,缩量,低,情绪退潮,观望,资金观望型,,D,回避：资金观望,1.4
601169,北京银行,5.47,-11.2,0.67,-35.1,-1.64,-64420856,-189536821,-428944537,-46528323,-61593121,32901710,缩量,低,情绪退潮,观望,资金撤退型,,D,回避：资金撤退,-0.5
601166,兴业银行,17.87,-61.5,0.97,-44.0,0.16,8331132,-406771311,-1568174290,-34184636,-36454640,429252,缩量,低,情绪退潮,观望,资金观望型,,D,回避：资金观望,0.1
601186,中国铁建,6.03,-50.2,0.94,-7.6,-2.77,-18564794,-99528490,-75842150,-8385695,-13325923,-1014481,缩量,低,情绪退潮,观望,资金观望型,,D,回避：资金观望,-0.9
601168,西部矿业,36.81,-62.1,1.73,-18.4,4.03,272141041,-308567514,196385644,-15240964,-22719562,-18121066,缩量,低,情绪退潮,观望,资金观望型,,D,回避：资金观望,1.3
601177,杭齿前进,13.73,-47.5,0.52,-53.3,-0.82,-2146461,-12664236,-12807809,3932634,1931064,-5580153,缩量,低,情绪退潮,观望,资金撤退型,,D,回避：资金撤退,-0.3
601139,深圳燃气,6.23,-56.2,0.93,-25.4,0.51,1964840,-10505693,16921374,1472282,1676749,-6359788,缩量,低,情绪退潮,进场,长线吸筹型,资金+业绩共振(双击候选),B,关注：资金+业绩共振,72.2
601179,XD中国西,12.0,-76.0,0.79,-26.1,-5.35,-160465670,-282665897,-573339334,-80408359,-76745006,74421663,缩量,低,情绪退潮,观望,资金撤退型,,D,回避：资金撤退,-1.8
601199,江南水务,6.61,-22.0,1.92,217.2,-5.07,-28521888,14184976,-36628487,-8097409,-11983508,3877918,缩量,低,情绪退潮,观望,资金观望型,,D,回避：资金观望,-1.7
601198,东兴证券,13.06,-100.0,2.28,52.6,2.25,57924809,-113586345,-178592036,0,0,0,缩量,低,情绪退潮,观望,资金观望型,,D,回避：资金观望,0.8
601200,上海环境,6.82,-52.5,0.74,-2.8,-3.71,-6081173,-18108780,-32649446,1124704,871858,656889,缩量,低,情绪退潮,观望,资金撤退型,,D,回避：资金撤退,-1.2
601187,厦门银行,6.93,-10.1,0.97,6.7,7.35,68855515,75795022,76332032,-19720778,-14198412,11118963,缩量,中,主力惜售,进场,均衡流入型,资金+业绩共振(双击候选),B,关注：资金+业绩共振,86.5
601188,龙江交通,2.84,-10.9,0.68,-12.6,5.32,9476217,-6919655,-20656009,424056,4622,-1856766,缩量,中,主力惜售,进场,资金观望型,资金+业绩共振(双击候选),B,关注：资金+业绩共振,85.8
601212,白银有色,6.04,10.6,1.61,-58.5,-5.04,-335999855,-723557819,-638391524,-10467376,23607916,49445504,缩量,低,情绪退潮,观望,资金观望型,,D,回避：资金观望,-1.7
601216,君正集团,4.51,-27.3,0.54,-15.9,-2.26,-28156461,-131418060,-217323097,-5079774,-1850376,8343061,缩量,低,情绪退潮,观望,资金撤退型,,D,回避：资金撤退,-0.8
601218,吉鑫科技,5.0,231.4,0.24,933.2,-2.21,-103950537,35234065,14292594,-25602886,7397666,44013792,放量,低,游资情绪,观望,资金观望型,,D,回避：资金观望,7.3
601222,林洋能源,5.97,-29.4,0.74,-61.7,-1.27,-5836468,-17026446,-565934,-7901031,-3442479,4333597,缩量,低,情绪退潮,观望,资金观望型,,D,回避：资金观望,-0.4
601225,陕西煤业,25.68,-51.8,0.86,-28.7,0.81,28423126,-35314295,-15780349,-9887304,-19449553,-29725912,缩量,低,情绪退潮,观望,资金观望型,,D,回避：资金观望,0.3
601229,上海银行,9.47,-40.8,0.93,-36.8,3.9,68995129,54715470,-214534542,-5687636,-15212288,-11376062,缩量,低,情绪退潮,观望,资金观望型,,D,回避：资金观望,1.3
601226,华电科工,6.68,-17.6,0.47,13.2,0.85,3827253,2434694,896701,-3352164,-2310719,-5645757,缩量,低,情绪退潮,观望,资金观望型,,D,回避：资金观望,0.3
601208,东材科技,55.0,63.7,1.11,21.9,1.57,347886152,455468669,1460150233,368505508,338288723,-231399794,放量,低,游资情绪,抢筹,均衡流入型,资金+业绩共振(双击候选),B,关注：资金+业绩共振,88.5
601211,国泰海通,17.67,-64.5,0.93,-16.0,-3.95,-197153818,-168550205,-19247330,-7306393,35217285,-23897528,缩量,低,情绪退潮,吸筹,资金观望型,机构吸筹+盈利(关注),C,谨慎：资金流入未验证业绩,22.7
601233,桐昆股份,24.08,-60.7,0.92,-48.6,-3.02,-101832145,-325291040,-105889574,-17147538,5762592,17342405,缩量,低,情绪退潮,观望,资金观望型,,D,回避：资金观望,-1.0
601228,广州港,3.03,-21.3,0.91,-12.0,7.64,22955596,7193487,8617557,-7844126,-8975339,274026,缩量,中,主力惜售,进场,资金观望型,资金+业绩共振(双击候选),B,关注：资金+业绩共振,86.5
601238,广汽集团,5.09,-100.0,2.04,-45.8,1.07,4912822,-14508060,52108668,0,0,0,缩量,低,情绪退潮,观望,长线吸筹型,,D,回避：资金观望,0.4
601288,农业银行,6.83,-28.9,1.56,-11.0,-3.59,-341155816,-280896809,-238779159,-355689770,-234395964,156831023,缩量,低,情绪退潮,观望,资金观望型,,D,回避：资金观望,-1.2
601231,环旭电子,26.94,-27.0,0.48,61.4,2.08,92847414,475802540,479380314,24389369,21900546,-31314950,缩量,低,情绪退潮,进场,主力建仓型,资金+业绩共振(双击候选),B,关注：资金+业绩共振,72.7
601236,红塔证券,7.01,56.0,1.0,-24.7,5.98,43277639,-3287087,44220352,-31802032,-20772330,29026830,放量,中,主力偏强放量,进场,资金观望型,资金+业绩共振(双击候选),B,关注：资金+业绩共振,90.0
601279,英利汽车,3.5,3.6,0.82,107.1,9.66,28477479,55800977,53228314,4242829,2512236,-6091750,缩量,中,主力惜售,进场,短线抢筹型,纯资金炒作(亏损风险),C,谨慎：纯资金炒作,27.2
601330,绿色动力,8.0,11.6,0.19,-30.7,-10.49,-56232554,-98126817,-54874593,-9970579,-2813799,19633908,缩量,低,情绪退潮,观望,长线吸筹型,,D,回避：资金观望,-3.5
601328,交通银行,7.52,-46.5,1.49,-2.9,-7.35,-425315061,-368279094,-745201760,-72240321,-62024240,13320952,缩量,低,情绪退潮,观望,资金观望型,,D,回避：资金观望,-2.4
601298,青岛港,9.69,-56.1,1.13,16.0,2.15,10598563,23516272,29063533,2037293,3446002,-2197308,缩量,低,情绪退潮,吸筹,主力建仓型,资金+业绩共振(双击候选),B,关注：资金+业绩共振,64.7
601311,骆驼股份,7.43,-53.3,0.2,-54.4,-2.6,-5841399,-46002987,-30091453,5091223,4218058,-1104471,缩量,低,情绪退潮,吸筹,长线吸筹型,机构吸筹+盈利(关注),C,谨慎：资金流入未验证业绩,23.1
601318,中国平安,53.87,-52.3,0.85,-35.2,9.42,1301326306,303430373,467389690,-230993232,-237632733,114344516,缩量,中,主力惜售,进场,资金观望型,资金+业绩共振(双击候选),B,关注：资金+业绩共振,87.1
601336,新华保险,57.88,-69.2,1.18,-54.2,1.26,38664601,-88869634,-307130254,-73118351,-59867296,58032096,缩量,低,情绪退潮,观望,资金观望型,,D,回避：资金观望,0.4
601319,中国人保,8.07,-36.0,1.53,-43.1,11.05,337531521,217122783,-136120351,-52107779,-40292760,32715834,缩量,高,主力控盘,控盘,资金观望型,控盘+盈利(稳健),B,关注：控盘稳健+盈利,71.7
601339,百隆东方,7.2,-63.6,0.87,-29.1,-6.01,-13729327,-41509641,-12008806,-3405275,1317232,3159845,缩量,低,情绪退潮,观望,长线吸筹型,,D,回避：资金观望,-2.0
601326,秦港股份,3.5,-37.9,1.13,-17.6,1.19,4355945,-24628055,-58211198,3389532,3385000,-1331385,缩量,低,情绪退潮,吸筹,资金观望型,资金+业绩共振(双击候选),B,关注：资金+业绩共振,64.4
601360,三六零,9.03,-28.9,1.06,-13.9,4.33,197639871,270201899,449979258,-74000099,-59866245,68074026,缩量,低,情绪退潮,观望,均衡流入型,,D,回避：资金观望,1.4
601366,利群股份,3.57,18.6,0.64,-33.4,-2.8,-5455062,-4443655,-7244966,-784418,360645,-734709,缩量,低,情绪退潮,观望,资金观望型,,D,回避：资金观望,-0.9
601368,绿城水务,4.51,-74.7,0.81,-24.5,4.41,3001341,-2509404,-14498101,-76375,0,-1189973,缩量,低,情绪退潮,观望,资金观望型,,D,回避：资金观望,1.5
601375,中原证券,4.0,-44.2,1.43,-25.2,-0.58,-3542534,-15773021,-89786745,-3545078,-566258,2974263,缩量,低,情绪退潮,观望,资金撤退型,,D,回避：资金撤退,-0.2
601333,广深铁路,3.05,0.5,0.87,-24.0,1.96,20659005,-19036012,-226477739,31670809,22955357,-30139921,缩量,低,情绪退潮,进场,资金观望型,资金+业绩共振(双击候选),B,关注：资金+业绩共振,72.7
601377,兴业证券,5.92,-52.0,1.14,-17.6,-1.32,-19721018,-157736561,-138377525,-44126607,-51652723,38310172,缩量,低,情绪退潮,观望,资金观望型,,D,回避：资金观望,-0.4
601388,怡球资源,3.19,-38.2,0.26,-46.8,-4.35,-17131491,-63915941,-73100317,587677,1319368,81790,缩量,低,情绪退潮,观望,资金撤退型,,D,回避：资金撤退,-1.4
601390,中国中铁,4.29,-36.7,0.66,-29.1,-3.54,-49948488,-217825178,-210869223,-17658914,-13510099,10434395,缩量,低,情绪退潮,观望,资金观望型,,D,回避：资金观望,-1.2
601398,工商银行,8.09,-55.9,1.98,-20.5,-3.98,-388503143,-556757590,-917168054,-54061058,-18749294,11612174,缩量,低,情绪退潮,观望,资金撤退型,,D,回避：资金撤退,-1.3
601456,国联民生,8.65,-58.6,0.55,-38.6,3.6,17519817,7570611,8504230,-5853319,-1960395,8617484,缩量,低,情绪退潮,观望,资金观望型,,D,回避：资金观望,1.2
601369,陕鼓动力,8.95,-46.3,1.84,76.3,10.25,107699369,107213401,111486325,7896618,8713939,-4833934,缩量,高,主力控盘,控盘,资金观望型,控盘+盈利(稳健),B,关注：控盘稳健+盈利,71.4
601399,国机重装,3.09,-9.6,0.55,-5.9,-4.18,-38475377,-49532316,-79411208,-22475625,-28760090,8155474,缩量,低,情绪退潮,观望,资金撤退型,,D,回避：资金撤退,-1.4
601515,衢州东峰,3.24,-42.0,0.4,-21.3,-4.15,-7577811,-13376273,-19406244,-5301096,-4284794,6773749,缩量,低,情绪退潮,观望,资金撤退型,,D,回避：资金撤退,-1.4
601519,大智慧,8.9,-5.4,0.96,-29.5,3.7,63623197,22171199,-38336977,-25903830,-21687056,23402904,缩量,低,情绪退潮,观望,资金观望型,,D,回避：资金观望,1.2
601555,东吴证券,8.26,-52.4,0.68,-38.1,3.84,40740745,95414458,-160661100,-14899101,-13909497,-7903663,缩量,低,情绪退潮,观望,趋势转多型,,D,回避：资金观望,1.3
601566,九牧王,9.05,116.0,0.68,-45.7,1.09,9194021,-74235211,43222286,-10295981,-5325782,14671772,放量,低,游资情绪,观望,长线吸筹型,,D,回避：资金观望,8.4
601528,瑞丰银行,5.0,-42.2,1.06,11.4,-0.71,-2173763,-23023459,-24596923,3594617,-901685,2136958,缩量,低,情绪退潮,观望,资金撤退型,,D,回避：资金撤退,-0.2
601512,中新集团,8.49,-0.9,0.07,-28.7,1.4,1646622,8971410,-100189,2187085,1607681,-2209847,缩量,低,情绪退潮,进场,趋势转多型,资金+业绩共振(双击候选),B,关注：资金+业绩共振,72.5
601518,吉林高速,2.76,-42.5,0.71,-38.4,10.08,14235584,-5267291,-8224117,2324814,-979930,-2973583,缩量,高,主力控盘,控盘,资金观望型,控盘+盈利(稳健),B,关注：控盘稳健+盈利,71.4
601500,通用股份,3.91,-32.0,0.49,-37.2,0.07,139819,-5822281,-22384791,565679,2204290,-1887554,缩量,低,情绪退潮,吸筹,资金观望型,资金+业绩共振(双击候选),B,关注：资金+业绩共振,64.0
601577,长沙银行,9.69,-31.5,0.81,-17.8,-1.71,-13361127,-139438830,-138978934,2217470,10774183,1204246,缩量,低,情绪退潮,观望,资金观望型,,D,回避：资金观望,-0.6
601568,北元化工,3.6,-15.4,0.68,13.8,3.19,8358340,19544740,1423247,-7223178,-4075943,1343102,缩量,低,情绪退潮,观望,趋势转多型,,D,回避：资金观望,1.1
601579,会稽山,36.75,2441.7,0.64,82.3,-0.83,-63552111,194585565,318179780,-221746600,-127925141,101434445,放量,低,游资情绪,观望,资金观望型,,D,回避：资金观望,7.7
601599,浙文影业,3.21,6.5,0.67,-50.6,-0.37,-1128287,-11793895,-28579197,2356648,-323900,-5258026,缩量,低,情绪退潮,观望,资金撤退型,,D,回避：资金撤退,-0.1
601595,上海电影,23.53,59.1,1.92,-16.4,1.77,31925833,79297338,345959334,-1181418,-1920838,-11566698,放量,低,游资情绪,观望,均衡流入型,,D,回避：资金观望,8.6
601598,中国外运,6.48,-53.1,1.23,-32.8,-0.5,-1525520,1256961,12310730,1062059,1238678,-3692948,缩量,低,情绪退潮,观望,资金观望型,,D,回避：资金观望,-0.2
601600,中国铝业,9.12,-49.6,1.09,-4.9,2.66,195804027,-39551704,10597509,-177428286,-191783391,71329103,缩量,低,情绪退潮,观望,资金观望型,,D,回避：资金观望,0.9
601567,三星电气,14.77,-4.0,0.45,48.8,3.93,59806451,163821343,210658147,27038358,21993143,-24211515,缩量,低,情绪退潮,进场,主力建仓型,资金+业绩共振(双击候选),B,关注：资金+业绩共振,73.3
601601,中国太保,31.61,-47.4,1.17,-38.7,1.47,79288246,-91147714,-158132750,-44335146,-68275426,8679314,缩量,低,情绪退潮,观望,资金观望型,,D,回避：资金观望,0.5
601588,北辰实业,1.79,134.9,0.36,3.3,-2.58,-11457325,-21977869,-11807517,-1095592,5193982,4081306,放量,低,游资情绪,抢筹,资金观望型,纯资金炒作(亏损风险),C,谨慎：纯资金炒作,27.1
601608,中信重工,4.6,-63.6,1.6,2.2,-2.32,-14043479,-15431011,-28254743,830979,-1678856,-12271945,缩量,低,情绪退潮,观望,资金撤退型,,D,回避：资金撤退,-0.8
601606,长城军工,32.07,-32.2,2.72,-28.0,-4.51,-169556474,-350341536,747343,-46289033,-11356808,97530508,缩量,低,情绪退潮,观望,资金观望型,,D,回避：资金观望,-1.5
601611,中国核建,10.26,-74.0,1.03,-4.4,-8.19,-66277872,-120785664,-187930338,-17241862,-2456262,16475453,缩量,低,情绪退潮,观望,资金撤退型,,D,回避：资金撤退,-2.7
601615,明阳智能,9.72,-62.0,0.46,-21.6,-2.0,-38863347,-30618408,-576504863,2182853,5979502,5515679,缩量,低,情绪退潮,观望,资金观望型,,D,回避：资金观望,-0.7
601616,广电电气,3.76,-56.4,0.72,-12.6,3.19,6651939,5649478,-29813045,-7189653,-5992357,5982763,缩量,低,情绪退潮,观望,资金观望型,,D,回避：资金观望,1.1
601618,中国中冶,2.55,-26.1,1.07,-21.9,1.41,11834076,-75164625,-81559148,-13775820,-12770902,16838155,缩量,低,情绪退潮,观望,资金观望型,,D,回避：资金观望,0.5
601619,嘉泽新能,4.01,-57.4,0.49,13.1,-0.33,-1942287,-15824575,28213776,-4967786,-8980282,1878189,缩量,低,情绪退潮,观望,长线吸筹型,,D,回避：资金观望,-0.1
601607,上海医药,16.06,-54.4,1.68,-12.0,-2.47,-17400181,-61478548,-85852618,21905180,16979417,-8821206,缩量,低,情绪退潮,吸筹,资金撤退型,机构吸筹+盈利(关注),C,谨慎：资金流入未验证业绩,23.2
601633,长城汽车,14.11,-32.3,1.07,49.1,-7.51,-79364633,-72434670,-68635200,66957,-2707815,-235930,缩量,低,情绪退潮,观望,资金观望型,,D,回避：资金观望,-2.5
601628,中国人寿,38.6,-64.9,1.44,-43.3,-1.0,-39930972,-326083949,-543074920,-43706594,-29399824,40395507,缩量,低,情绪退潮,观望,资金撤退型,,D,回避：资金撤退,-0.3
601609,金田股份,12.79,83.3,1.66,-26.3,6.74,193010361,240283818,123365517,38580416,8388962,-14684250,放量,中,主力偏强放量,进场,短线抢筹型,资金+业绩共振(双击候选),B,关注：资金+业绩共振,90.2
601658,邮储银行,5.32,-24.0,1.23,-44.7,-4.3,-147251062,-343804943,-841034500,-56843685,-60686163,42371976,缩量,低,情绪退潮,观望,资金撤退型,,D,回避：资金撤退,-1.4
601636,旗滨集团,5.71,-39.0,0.91,-11.9,-2.16,-45646417,-87310384,-55938246,29852075,24344107,-28933039,缩量,低,情绪退潮,观望,资金观望型,,D,回避：资金观望,-0.7
601665,齐鲁银行,6.88,-15.9,0.87,-19.9,0.64,10669127,-130320221,-175035264,-20423290,-16566550,18700958,缩量,低,情绪退潮,观望,资金观望型,,D,回避：资金观望,0.2
601666,平煤股份,8.83,-35.4,1.06,-48.9,-0.46,-4290448,-36625018,-216970468,-1996780,1740895,34336744,缩量,低,情绪退潮,观望,资金撤退型,,D,回避：资金撤退,-0.2
601668,中国建筑,4.28,-20.6,1.29,-23.3,1.01,40057167,-212080385,-446922464,-96076446,-70263299,58327228,缩量,低,情绪退潮,观望,资金观望型,,D,回避：资金观望,0.3
601677,明泰铝业,16.75,-33.2,0.8,-6.2,-1.1,-18107483,22848435,29604462,-20122722,-19429983,23568926,缩量,低,情绪退潮,观望,资金观望型,,D,回避：资金观望,-0.4
601669,中国电建,4.59,-62.2,0.49,8.6,1.19,22147068,-180398782,-256357623,-25382199,-31171054,18179360,缩量,低,情绪退潮,观望,资金观望型,,D,回避：资金观望,0.4
601678,XD滨化股,5.96,-81.0,4.01,-58.6,4.33,75699580,-18528211,-25943805,-8184579,-10382044,7253812,缩量,低,情绪退潮,观望,资金观望型,,D,回避：资金观望,1.4
601688,华泰证券,18.35,-56.7,0.78,-12.0,-8.11,-355554538,-535722622,-651429060,3362527,16944487,3678155,缩量,低,情绪退潮,观望,资金撤退型,,D,回避：资金撤退,-2.7
601696,中银证券,11.28,-60.0,1.64,-47.3,-3.34,-43535676,-171335765,-135084190,-30597776,-33557149,19176400,缩量,低,情绪退潮,观望,资金观望型,,D,回避：资金观望,-1.1
601698,中国卫通,23.57,-66.4,0.46,4.4,-4.25,-94503197,-136119434,-232577270,-21226204,-20238800,14029611,缩量,低,情绪退潮,观望,资金撤退型,,D,回避：资金撤退,-1.4
601700,风范股份,6.31,42.2,2.99,-63.3,-0.3,-7372435,-157489909,-524374542,-60123209,-49215274,66313775,缩量,低,情绪退潮,观望,资金撤退型,,D,回避：资金撤退,-0.1
601728,中国电信,6.1,-62.8,1.33,-2.2,-1.29,-26756215,-93587467,-126452900,18424348,16217392,23313183,缩量,低,情绪退潮,观望,资金撤退型,,D,回避：资金撤退,-0.4
601686,友发集团,5.02,-28.4,0.79,-11.2,7.1,8502690,4371016,-13217654,1401139,1287940,-1803645,缩量,中,主力惜售,进场,资金观望型,资金+业绩共振(双击候选),B,关注：资金+业绩共振,86.4
601699,潞安环能,15.38,-58.7,0.88,-36.7,-5.51,-96076877,-117568680,-141165359,-21397884,-15579874,14997906,缩量,低,情绪退潮,观望,资金撤退型,,D,回避：资金撤退,-1.8
601717,中创智领,13.57,-58.7,0.57,-29.5,-7.92,-66657717,-241082721,-264821922,-4792549,-3404684,954566,缩量,低,情绪退潮,观望,资金撤退型,,D,回避：资金撤退,-2.6
601727,上海电气,6.65,-42.7,0.79,3.6,0.2,4215971,-211822275,7516806,-39129194,-33948538,45817937,缩量,低,情绪退潮,观望,长线吸筹型,,D,回避：资金观望,0.1
601702,华峰铝业,15.28,-66.0,1.36,-49.6,1.6,5224968,-7639562,-24232350,-6594649,-4448464,2643922,缩量,低,情绪退潮,观望,资金观望型,,D,回避：资金观望,0.5
601689,拓普集团,45.89,-63.4,1.13,-2.8,2.01,114864099,-360768909,-550580413,25172691,14359764,1069264,缩量,低,情绪退潮,进场,资金观望型,资金+业绩共振(双击候选),B,关注：资金+业绩共振,72.7
601766,中国中车,5.92,-47.3,0.96,-1.1,-2.37,-83033171,-156383786,-87985404,2318740,-1030610,-16561723,缩量,低,情绪退潮,观望,资金观望型,,D,回避：资金观望,-0.8
601777,千里科技,7.71,-60.7,0.41,-24.8,-4.73,-29121761,-19420509,-40287669,-2053590,-5428559,5940051,缩量,低,情绪退潮,观望,资金观望型,,D,回避：资金观望,-1.6
601778,晶科科技,3.43,-45.9,0.1,13.1,-3.93,-56120890,5358456,4301989,-42023554,-45601552,30326888,缩量,低,情绪退潮,观望,资金观望型,,D,回避：资金观望,-1.3
601788,光大证券,13.96,-71.5,0.74,-41.8,0.17,1339131,-138724632,-132346983,-12626086,-9973042,12704464,缩量,低,情绪退潮,观望,资金观望型,,D,回避：资金观望,0.1
601798,蓝科高新,7.55,-63.4,0.56,-30.3,-0.33,-403451,-892156,1212710,541676,0,97918,缩量,低,情绪退潮,观望,资金观望型,,D,回避：资金观望,-0.1
601799,星宇股份,70.81,-37.3,0.92,-52.0,-2.42,-31131616,-39234043,-87469898,2891454,2459943,-6255194,缩量,低,情绪退潮,观望,资金撤退型,,D,回避：资金撤退,-0.8
601800,中国交建,5.86,-56.8,1.11,-17.2,-3.77,-19836663,-58740668,-71563701,4200747,56017,-1406095,缩量,低,情绪退潮,观望,资金撤退型,,D,回避：资金撤退,-1.3
601811,新华文轩,18.5,996.2,0.66,218.2,3.56,57434761,60045581,64710112,-62471951,-63889055,32204964,放量,低,游资情绪,观望,均衡流入型,,D,回避：资金观望,9.2
601808,中海油服,12.12,-64.8,0.95,-17.1,-3.24,-22762265,-21510884,-96732000,3319230,-2468416,-2800190,缩量,低,情绪退潮,观望,资金观望型,,D,回避：资金观望,-1.1
601789,宁波建工,4.36,35.5,0.23,-11.7,3.29,21688006,-26127073,-65739885,5096166,14859686,-4006287,缩量,低,情绪退潮,吸筹,资金观望型,资金+业绩共振(双击候选),B,关注：资金+业绩共振,65.1
601827,三峰环境,7.86,-63.5,1.09,13.1,-5.26,-9708837,-14419279,-22512126,-714190,-1762192,1273020,缩量,低,情绪退潮,观望,资金撤退型,,D,回避：资金撤退,-1.8
601825,沪农商行,8.88,-22.3,1.02,-0.9,-0.45,-3786248,-64163419,-5708866,1879044,-747857,-8365073,缩量,低,情绪退潮,观望,资金观望型,,D,回避：资金观望,-0.1
601838,成都银行,18.85,-41.1,0.73,8.2,0.85,16500937,-49311053,-16603677,-374890,-8507855,3104718,缩量,低,情绪退潮,观望,资金观望型,,D,回避：资金观望,0.3
601858,中国科传,21.36,-46.7,1.1,-45.1,2.41,22838513,-33608057,150030138,-9398775,-3924782,832369,缩量,低,情绪退潮,观望,资金观望型,,D,回避：资金观望,0.8
601857,中国石油,10.71,-52.6,0.9,0.0,0.61,37042545,93059026,-249239116,-123380514,-124431052,141041157,缩量,低,情绪退潮,观望,趋势转多型,,D,回避：资金观望,0.2
601801,皖新传媒,5.46,356.1,1.46,43.6,6.42,75061927,69482751,101123239,9932768,-5885703,-29936419,放量,中,主力偏强放量,进场,资金观望型,资金+业绩共振(双击候选),B,关注：资金+业绩共振,90.1
601816,京沪高铁,4.71,-52.5,1.57,-20.5,2.73,65520631,229268172,326971857,19790684,-2157897,-2504516,缩量,低,情绪退潮,进场,主力建仓型,资金+业绩共振(双击候选),B,关注：资金+业绩共振,72.9
601828,美凯龙,2.19,76.5,0.48,-25.8,6.44,36697496,15941004,-47166900,6964203,5122721,-12246725,放量,中,主力偏强放量,进场,资金观望型,纯资金炒作(亏损风险),C,谨慎：纯资金炒作,30.1
601818,光大银行,3.0,-52.4,1.5,-25.6,5.11,105624076,-54858435,-54686403,-30546915,-38007619,18436483,缩量,中,主力惜售,进场,资金观望型,资金+业绩共振(双击候选),B,关注：资金+业绩共振,85.7
601865,福莱特,9.38,-65.0,0.87,-37.0,-0.7,-3366241,-39371540,-39962523,-6523341,-4148058,-748209,缩量,低,情绪退潮,观望,资金撤退型,,D,回避：资金撤退,-0.2
601866,中远海发,2.42,-28.4,0.84,-4.6,-1.82,-13094288,13759535,-12201275,2557594,3757983,-7399020,缩量,低,情绪退潮,观望,资金观望型,,D,回避：资金观望,-0.6
601868,中国能建,2.41,-47.9,0.53,6.5,3.94,92527219,-149278324,-167651501,-41401671,-50778786,27662110,缩量,低,情绪退潮,观望,资金观望型,,D,回避：资金观望,1.3
601860,紫金银行,2.55,-19.3,1.04,-16.4,10.48,57361357,43569082,-48522335,9212207,4469742,-7631264,缩量,高,主力控盘,控盘,资金观望型,控盘+盈利(稳健),B,关注：控盘稳健+盈利,71.5
601872,招商轮船,20.78,33.8,0.9,77.9,0.01,1202089,758105817,889188360,-191044785,-148784752,237539871,缩量,低,情绪退潮,观望,均衡流入型,,D,回避：资金观望,0.0
601877,正泰电器,25.18,-56.0,0.58,-35.5,2.45,36276667,-48257037,-66018392,-11169219,-13149953,16871056,缩量,低,情绪退潮,观望,资金观望型,,D,回避：资金观望,0.8
601878,浙商证券,9.14,-52.7,0.63,-31.5,-0.1,-673436,-101237691,-48463779,5218023,16736643,3368183,缩量,低,情绪退潮,观望,长线吸筹型,,D,回避：资金观望,-0.0
601880,辽港股份,1.46,-45.0,0.69,16.9,1.03,5930283,3603957,21201711,-4596555,-6873207,3413218,缩量,低,情绪退潮,观望,资金观望型,,D,回避：资金观望,0.3
601881,中国银河,12.09,-71.2,0.94,-12.2,-1.52,-17889351,-149306782,-138152824,-11787507,-17939882,17499611,缩量,低,情绪退潮,观望,资金观望型,,D,回避：资金观望,-0.5
601882,海天精工,23.93,1.7,1.7,-42.9,-0.74,-5567322,-15908559,-33308091,-118995,1939734,1245059,缩量,低,情绪退潮,观望,资金撤退型,,D,回避：资金撤退,-0.2
601869,长飞光纤,457.89,-12.2,0.95,2.3,-2.92,-838087331,324612531,151520848,88122294,292484063,-443343,缩量,低,情绪退潮,吸筹,资金观望型,机构吸筹+盈利(关注),C,谨慎：资金流入未验证业绩,23.0
601890,XD亚星锚,9.34,197.4,0.23,124.8,-4.18,-119398792,185353268,190378429,-68331856,-48154434,57894777,放量,低,游资情绪,观望,资金观望型,,D,回避：资金观望,6.6
601899,紫金矿业,31.41,-66.4,1.16,-18.4,-2.38,-620081439,-764834182,-1740229916,-98339169,32181536,-101080904,缩量,低,情绪退潮,观望,资金撤退型,,D,回避：资金撤退,-0.8
601898,中煤能源,13.92,-67.2,0.96,-40.7,-0.36,-6459102,-247553471,-238260491,-16559385,-20565445,19460639,缩量,低,情绪退潮,观望,资金观望型,,D,回避：资金观望,-0.1
601900,南方传媒,12.57,182.3,0.54,-21.7,1.11,11368130,-56194213,-55139661,-20967255,-12552002,24480742,放量,低,游资情绪,观望,资金观望型,,D,回避：资金观望,8.4
601901,方正证券,6.87,-64.8,1.1,-11.7,-4.38,-43366271,-53963035,5836526,-21352401,-19812613,10514033,缩量,低,情绪退潮,观望,资金观望型,,D,回避：资金观望,-1.5
601888,中国中免,52.19,-66.0,1.37,-41.4,-0.14,-4757939,-633839901,-442548241,27956740,44509280,-3631084,缩量,低,情绪退潮,吸筹,资金观望型,机构吸筹+盈利(关注),C,谨慎：资金流入未验证业绩,24.0
601886,江河集团,13.64,158.0,0.6,-43.6,-1.93,-13392757,-52490684,-154236754,8453135,9866666,1523467,放量,低,游资情绪,抢筹,资金撤退型,机构吸筹+盈利(关注),C,谨慎：资金流入未验证业绩,47.4
601918,新集能源,10.87,-51.0,0.76,-34.1,-5.38,-87649028,-60946000,-39016458,-4731904,-9936222,-12026216,缩量,低,情绪退潮,观望,资金观望型,,D,回避：资金观望,-1.8
601916,浙商银行,2.86,-41.9,2.25,-34.5,-1.39,-20428416,6767145,99240577,-22237235,-22621145,17522477,缩量,低,情绪退潮,观望,高位分歧型,,D,回避：资金观望,-0.5
601933,永辉超市,3.01,-58.6,1.38,-48.8,3.19,49320190,-283056883,-156677778,-42589602,-32027693,43036535,缩量,低,情绪退潮,观望,资金观望型,,D,回避：资金观望,1.1
601908,京运通,2.94,-38.0,0.39,17.0,2.47,11946138,1059746,-22728400,683888,-548216,-235028,缩量,低,情绪退潮,进场,资金观望型,纯资金炒作(亏损风险),C,谨慎：纯资金炒作,12.8
601939,建设银行,10.83,-38.7,1.61,-13.3,0.33,15129632,-295033881,-556720202,-18949394,-16373289,-569191,缩量,低,情绪退潮,观望,资金观望型,,D,回避：资金观望,0.1
601921,浙版传媒,7.64,69.3,0.27,-20.7,7.23,26126069,19251823,31901319,4227103,2409801,7846231,放量,中,主力偏强放量,进场,资金观望型,资金+业绩共振(双击候选),B,关注：资金+业绩共振,90.4
601949,中国出版,6.12,1201.3,0.68,143.7,-1.97,-55872034,-198674777,27314568,54655894,10037981,-81739469,放量,低,游资情绪,观望,长线吸筹型,,D,回避：资金观望,7.3
601928,凤凰传媒,8.28,12.1,1.64,-17.0,6.5,37185442,33440737,38405141,4746166,2279013,-5431520,缩量,中,主力惜售,进场,资金观望型,资金+业绩共振(双击候选),B,关注：资金+业绩共振,86.2
601919,中远海控,16.36,-38.9,1.0,-21.5,1.14,70763484,-915752,-1384753641,60100180,23201698,-66410237,缩量,低,情绪退潮,进场,资金观望型,资金+业绩共振(双击候选),B,关注：资金+业绩共振,72.4
601952,苏垦农发,9.36,116.3,0.35,-2.3,-5.49,-90378463,-87889575,81654610,-22659673,-11122354,29039846,放量,低,游资情绪,观望,长线吸筹型,,D,回避：资金观望,6.2
601958,金钼股份,20.7,-79.3,2.21,-34.7,-3.53,-94766184,-328008004,-416424601,-38254378,-29320289,28540959,缩量,低,情绪退潮,观望,资金撤退型,,D,回避：资金撤退,-1.2
601929,吉视传媒,2.4,58.0,1.16,-37.4,5.52,93116899,14034190,183670225,-45405226,-39340715,34877800,放量,中,主力偏强放量,进场,资金观望型,纯资金炒作(亏损风险),C,谨慎：纯资金炒作,29.8
601963,重庆银行,10.81,-58.9,1.29,-22.2,0.39,1766144,-9746567,39337620,-1271596,-1354647,789618,缩量,低,情绪退潮,观望,长线吸筹型,,D,回避：资金观望,0.1
601965,中国汽研,13.26,-29.7,1.08,-23.2,-2.67,-9879877,-27608825,-54912999,8349439,3723290,-6699768,缩量,低,情绪退潮,观望,资金撤退型,,D,回避：资金撤退,-0.9
601969,海南矿业,9.11,-56.7,0.5,-24.1,-1.55,-7467051,-20855204,-62816435,-8173379,-8122981,3396206,缩量,低,情绪退潮,观望,资金撤退型,,D,回避：资金撤退,-0.5
601968,XD宝钢包,4.47,-53.9,0.58,-32.6,2.03,2689518,-9209919,-27384712,-831248,0,1064023,缩量,低,情绪退潮,观望,资金观望型,,D,回避：资金观望,0.7
601956,东贝集团,4.95,-35.2,0.67,-10.5,1.92,2033985,-6570762,-338369,364932,-413850,-279192,缩量,低,情绪退潮,进场,资金观望型,资金+业绩共振(双击候选),B,关注：资金+业绩共振,72.6
601975,招商南油,4.42,25.4,0.77,14.9,-5.46,-288770567,-338442865,-485331035,-18900360,-4165311,40245861,缩量,低,情绪退潮,观望,资金撤退型,,D,回避：资金撤退,-1.8
601988,中国银行,6.58,-15.4,1.67,-19.6,-0.59,-41056676,162127709,-279621889,-148970083,-74331614,106108431,缩量,低,情绪退潮,观望,资金观望型,,D,回避：资金观望,-0.2
601966,玲珑轮胎,10.55,-43.8,0.72,-34.2,1.8,5888365,13827112,-11122855,3751406,5859749,1780300,缩量,低,情绪退潮,进场,趋势转多型,资金+业绩共振(双击候选),B,关注：资金+业绩共振,72.6
601995,中金公司,32.65,19.0,2.63,50.4,-10.15,-451201208,-636013805,-635433824,-54376590,-41743109,43922769,缩量,低,情绪退潮,观望,资金观望型,,D,回避：资金观望,-3.4
601991,大唐发电,5.41,-69.5,4.08,18.7,-4.29,-207853482,-208016001,-617820502,-155687983,-112624935,123698766,缩量,低,情绪退潮,观望,资金撤退型,,D,回避：资金撤退,-1.4
601996,丰林集团,2.99,-12.8,0.47,-8.3,2.76,10774092,-87562,9112159,-608157,-5384602,-6103237,缩量,低,情绪退潮,观望,资金观望型,,D,回避：资金观望,0.9
601990,南京证券,6.7,-49.6,1.23,-31.4,-3.2,-14619042,-44238186,-79105909,-7611531,-6492489,6208557,缩量,低,情绪退潮,观望,资金撤退型,,D,回避：资金撤退,-1.1
601999,出版传媒,6.9,916.4,0.39,21.3,-1.85,-26439258,-5429814,59552324,-16837271,-9845861,13865853,放量,低,游资情绪,观望,高位分歧型,,D,回避：资金观望,7.4
601985,中国核电,8.85,-46.5,0.81,-31.0,1.84,51682677,-19310991,134558927,12697422,17481878,-33804510,缩量,低,情绪退潮,进场,资金观望型,资金+业绩共振(双击候选),B,关注：资金+业绩共振,72.6
603001,奥康国际,12.12,117.0,1.8,9.5,1.4,20023263,-302777,-175256,-13146290,2542520,25095755,放量,低,游资情绪,观望,资金观望型,,D,回避：资金观望,8.5
603000,人民网,17.09,16.0,0.85,68.2,-3.38,-93814146,96816075,71160269,-52146075,-33864744,43334291,缩量,低,情绪退潮,观望,资金观望型,,D,回避：资金观望,-1.1
601998,中信银行,9.05,-30.2,0.97,-26.7,8.39,167282043,171334368,395934748,60694934,26506544,-31749870,缩量,中,主力惜售,进场,均衡流入型,资金+业绩共振(双击候选),B,关注：资金+业绩共振,86.8
601992,金隅集团,1.42,106.7,0.59,-4.4,4.86,21858571,4608534,24350604,12896877,21187178,-1247698,放量,低,游资情绪,抢筹,资金观望型,纯资金炒作(亏损风险),C,谨慎：纯资金炒作,29.6
601997,贵阳银行,5.52,-49.2,0.68,-27.8,5.04,47150107,6993099,-66482848,6149155,8364095,-9990876,缩量,中,主力惜售,进场,资金观望型,资金+业绩共振(双击候选),B,关注：资金+业绩共振,85.7
603004,鼎龙科技,19.18,-70.2,1.92,5.0,1.39,2479137,-7047698,-10148418,-1680079,-1199478,1960554,缩量,低,情绪退潮,观望,资金观望型,,D,回避：资金观望,0.5
603009,北特科技,48.15,-31.8,1.55,5.9,1.94,45825234,43762206,200369620,-2295864,2522397,-9408674,缩量,低,情绪退潮,观望,长线吸筹型,,D,回避：资金观望,0.6
603006,联明股份,10.8,-66.3,0.6,-40.0,-1.52,-1846491,-4529647,-2187114,-598012,-619557,549926,缩量,低,情绪退潮,观望,资金观望型,,D,回避：资金观望,-0.5
603002,宏昌电子,20.11,60.6,0.76,51.7,0.29,26248386,499201506,783774450,42556643,30873532,-85543080,放量,低,游资情绪,抢筹,均衡流入型,资金+业绩共振(双击候选),B,关注：资金+业绩共振,88.1
603011,合锻智能,27.1,-21.6,3.83,-11.2,0.58,30440077,153815585,903923177,-2625842,-7101600,23971100,缩量,低,情绪退潮,观望,均衡流入型,,D,回避：资金观望,0.2
603007,顺景科技,4.59,-53.1,0.78,-64.1,-3.4,-11390777,-36238095,54667512,-5512821,-2105607,-2562720,缩量,低,情绪退潮,观望,长线吸筹型,,D,回避：资金观望,-1.1
603012,创力集团,9.11,-58.7,1.37,-65.0,-1.87,-9238267,-38450147,-149127999,-1969056,-2344435,-6974088,缩量,低,情绪退潮,观望,资金撤退型,,D,回避：资金撤退,-0.6
603005,晶方科技,30.25,-68.8,1.78,2.4,1.63,76863651,163827587,-46480101,4977509,-16339657,17911382,缩量,低,情绪退潮,进场,趋势转多型,资金+业绩共振(双击候选),B,关注：资金+业绩共振,72.5
603013,亚普股份,14.38,-59.7,0.43,-60.3,1.99,2971327,-10694655,-19696121,-593253,-422122,2247589,缩量,低,情绪退潮,观望,资金观望型,,D,回避：资金观望,0.7
603015,弘讯科技,10.4,-37.2,0.77,-18.3,-4.44,-8939417,-8926604,-5035514,-3034932,-563850,2203736,缩量,低,情绪退潮,观望,资金观望型,,D,回避：资金观望,-1.5
603010,万盛股份,12.45,-64.1,1.15,40.9,5.57,32808471,50558678,52494917,2041110,991056,-3198015,缩量,中,主力惜售,进场,主力强攻型,纯资金炒作(亏损风险),C,谨慎：纯资金炒作,25.9
603018,华设集团,5.19,-6.8,0.81,-12.2,0.27,455116,5298962,4178401,-311346,1520403,-4406629,缩量,低,情绪退潮,观望,趋势转多型,,D,回避：资金观望,0.1
603017,中衡设计,9.97,-43.7,0.12,-16.7,-2.81,-4619306,-8458887,-14064273,475112,-2994,-3769007,缩量,低,情绪退潮,观望,资金撤退型,,D,回避：资金撤退,-0.9
603019,中科曙光,83.5,-81.0,1.25,-25.1,-0.72,-71585719,-572783017,-1534406925,-167480469,-132975553,130393278,缩量,低,情绪退潮,观望,资金撤退型,,D,回避：资金撤退,-0.2
603014,威高血净,31.58,-57.0,2.44,-26.1,1.89,2856948,1155242,-17422918,142456,-1375044,1212402,缩量,低,情绪退潮,进场,资金观望型,资金+业绩共振(双击候选),B,关注：资金+业绩共振,72.6
603023,威帝股份,4.07,-10.9,0.6,33.3,4.05,15051290,1938569,2389031,-2409501,-909957,1956903,缩量,低,情绪退潮,观望,资金观望型,,D,回避：资金观望,1.3
603016,新宏泰,32.7,106.8,0.18,-35.6,6.15,55345654,16825855,97223991,1986088,4396935,35100,放量,中,主力偏强放量,进场,资金观望型,资金+业绩共振(双击候选),B,关注：资金+业绩共振,90.0
603027,千禾味业,7.43,-13.7,0.47,-45.7,-3.65,-13036112,-5154512,-40350894,488088,-1925349,-8221861,缩量,低,情绪退潮,观望,资金观望型,,D,回避：资金观望,-1.2
603028,赛福天,7.13,-15.6,0.45,-13.2,0.65,841537,391956,-3631256,-672704,-660450,-631978,缩量,低,情绪退潮,观望,资金观望型,,D,回避：资金观望,0.2
603029,天鹅股份,16.71,-4.5,0.58,-72.4,-0.18,-382234,-13804265,-18451840,85985,0,-826261,缩量,低,情绪退潮,观望,资金撤退型,,D,回避：资金撤退,-0.1
603025,大豪科技,13.46,-47.3,0.53,-17.6,-2.36,-9246015,-19055878,-49927018,-4526758,-1126982,9596257,缩量,低,情绪退潮,观望,资金撤退型,,D,回避：资金撤退,-0.8
603026,石大胜华,58.99,-73.8,0.29,-12.6,-8.79,-115926097,-62386175,-127169689,-15558195,-8660714,22210207,缩量,低,情绪退潮,观望,资金观望型,,D,回避：资金观望,-2.9
603020,爱普股份,13.34,350.1,2.07,210.8,7.02,109562248,144312836,155399498,-86949134,-61480192,60883395,放量,中,主力偏强放量,进场,主力建仓型,资金+业绩共振(双击候选),B,关注：资金+业绩共振,90.3
603022,新通联,8.92,-17.2,0.52,24.7,-1.66,-2389622,-2091376,-4233210,829947,787486,-376574,缩量,低,情绪退潮,吸筹,资金观望型,机构吸筹+盈利(关注),C,谨慎：资金流入未验证业绩,23.4
603031,安孚科技,40.37,-57.0,1.16,-8.2,2.98,46238113,15461628,112229982,-12931578,-8125794,22767687,缩量,低,情绪退潮,观望,资金观望型,,D,回避：资金观望,1.0
603032,德新科技,18.36,-84.0,0.84,-54.3,-9.87,-30980193,-40547459,-63883379,-5719332,-1733854,7544118,缩量,低,情绪退潮,观望,资金撤退型,,D,回避：资金撤退,-3.3
603033,三维股份,7.84,-49.4,0.95,22.5,-1.46,-5756859,-4076938,-47454370,-1815250,-1218034,5383963,缩量,低,情绪退潮,观望,资金观望型,,D,回避：资金观望,-0.5
603036,如通股份,13.66,-30.3,0.9,-41.2,0.21,669359,1668870,-100077793,-2059109,-1409057,-5294147,缩量,低,情绪退潮,观望,趋势转多型,,D,回避：资金观望,0.1
603035,常熟汽饰,10.35,-66.0,0.69,-23.2,0.63,841102,-9857707,-14485791,-88556,613904,109993,缩量,低,情绪退潮,观望,资金观望型,,D,回避：资金观望,0.2
603030,全筑股份,2.06,-9.3,0.64,-32.5,0.2,622189,-2582773,48251441,42234,-633141,-3087028,缩量,低,情绪退潮,进场,长线吸筹型,纯资金炒作(亏损风险),C,谨慎：纯资金炒作,12.1
603037,凯众股份,10.03,-34.8,0.44,-3.4,-1.58,-2338006,-8244087,-20198207,-1407333,638291,1157508,缩量,低,情绪退潮,观望,资金撤退型,,D,回避：资金撤退,-0.5
603038,华立股份,17.39,41.7,0.72,-18.5,2.53,18192999,-191364,482962,-7192489,-2174907,10075037,缩量,低,情绪退潮,观望,资金观望型,,D,回避：资金观望,0.8
603040,新坐标,48.68,27.1,1.2,-12.3,-4.95,-27414718,-57827658,-96044537,13843881,5695632,-8107380,缩量,低,情绪退潮,观望,资金撤退型,,D,回避：资金撤退,-1.7
603039,泛微网络,37.86,12.1,2.38,-34.4,2.85,92447267,28139952,73412961,-87896025,-85188541,75383560,缩量,低,情绪退潮,观望,资金观望型,,D,回避：资金观望,1.0
603041,美思德,11.53,36.8,0.32,2.0,-1.04,-1374623,-555508,-2182914,1490753,0,-2251841,缩量,低,情绪退潮,观望,资金观望型,,D,回避：资金观望,-0.3
603045,福达合金,49.67,-56.2,1.63,-43.6,-2.31,-47215297,-74935923,92067102,-18903380,-12235339,14920257,缩量,低,情绪退潮,观望,长线吸筹型,,D,回避：资金观望,-0.8
603050,科林电气,17.28,-61.6,0.62,25.1,-8.43,-25141615,-29527072,-24694842,-222692,-439739,-2545993,缩量,低,情绪退潮,观望,资金观望型,,D,回避：资金观望,-2.8
603049,中策橡胶,45.06,-60.3,1.16,-19.7,-3.43,-13393309,-34809426,-37164871,-3816489,-2330198,-372864,缩量,低,情绪退潮,观望,资金撤退型,,D,回避：资金撤退,-1.1
603051,鹿山新材,25.57,-0.2,1.48,138.5,-5.13,-52266644,-20916598,-33616568,2937463,-1075989,419975,缩量,低,情绪退潮,观望,资金观望型,,D,回避：资金观望,-1.7
603042,华脉科技,17.03,390.9,0.73,628.1,5.62,257638390,126888812,190048846,-29941939,5409569,78461843,放量,中,主力偏强放量,进场,资金观望型,纯资金炒作(亏损风险),C,谨慎：纯资金炒作,29.9
603043,广州酒家,13.09,-22.5,0.72,-28.9,-2.53,-3983756,-15367367,-13679360,1066389,2537549,-2219475,缩量,低,情绪退潮,吸筹,资金观望型,机构吸筹+盈利(关注),C,谨慎：资金流入未验证业绩,23.2
603055,台华新材,9.26,-39.1,0.83,-55.5,3.81,9049521,34105769,-8805479,-689836,-1068513,10935,缩量,低,情绪退潮,观望,趋势转多型,,D,回避：资金观望,1.3
603048,浙江黎明,25.5,112.3,0.63,33.7,0.63,2831201,1089611,-1057714,-3613901,2659955,4413682,放量,低,游资情绪,抢筹,资金观望型,资金+业绩共振(双击候选),B,关注：资金+业绩共振,88.2
603057,紫燕食品,18.34,1.4,0.58,-11.0,-2.39,-6669360,-7875493,-7979209,-1085728,-620669,-3272075,缩量,低,情绪退潮,观望,资金撤退型,,D,回避：资金撤退,-0.8
603058,永吉股份,9.09,38.6,0.51,-67.5,-1.23,-4559917,-23996879,-48945489,4781687,-1352070,-12723097,缩量,低,情绪退潮,观望,资金撤退型,,D,回避：资金撤退,-0.4
603059,倍加洁,25.49,20.1,0.42,17.3,-1.36,-2721165,629606,1147308,-2211853,-350532,763212,缩量,低,情绪退潮,观望,资金观望型,,D,回避：资金观望,-0.5
603052,可川科技,58.74,-13.3,0.37,1.3,5.87,94868100,71310455,55328241,-3765029,-5234373,10047880,缩量,中,主力惜售,进场,资金观望型,资金+业绩共振(双击候选),B,关注：资金+业绩共振,86.0
603053,成都燃气,8.68,-52.2,0.82,-6.2,-7.06,-5168597,-10636505,-17815418,-13691,507316,-228255,缩量,低,情绪退潮,吸筹,资金撤退型,机构吸筹+盈利(关注),C,谨慎：资金流入未验证业绩,21.6
603061,金海通,342.1,-51.7,1.53,16.0,0.07,5486446,-265122323,-461815572,-8172167,6711334,10904746,缩量,低,情绪退潮,观望,资金观望型,,D,回避：资金观望,0.0
603062,麦加芯彩,38.85,-17.4,0.14,-11.6,1.17,816367,57795,-1129896,-789934,0,801598,缩量,低,情绪退潮,观望,资金观望型,,D,回避：资金观望,0.4
603063,禾望电气,30.03,-73.9,0.54,-41.9,-3.35,-52948446,-161773392,-10325395,-6942624,-1270101,3422868,缩量,低,情绪退潮,观望,长线吸筹型,,D,回避：资金观望,-1.1
603066,音飞储存,9.26,-38.6,0.23,10.2,2.84,6971573,7264748,15150932,-1806540,0,-3228340,缩量,低,情绪退潮,观望,均衡流入型,,D,回避：资金观望,0.9
603060,国检集团,5.46,-58.4,0.13,-25.5,-3.74,-3805735,-7547844,-18943090,1139862,283362,-240080,缩量,低,情绪退潮,吸筹,资金撤退型,机构吸筹+盈利(关注),C,谨慎：资金流入未验证业绩,22.8
603070,万控智造,11.45,-56.2,0.51,-19.4,-2.07,-1771190,-6885249,-10821349,-1291647,0,395156,缩量,低,情绪退潮,观望,资金撤退型,,D,回避：资金撤退,-0.7
603065,宿迁联盛,14.79,-52.6,13.52,-33.7,1.43,26938596,27055236,-118826503,10559964,4932238,-2531049,缩量,低,情绪退潮,吸筹,趋势转多型,纯资金炒作(亏损风险),C,谨慎：纯资金炒作,4.5
603071,物产环能,12.3,-50.5,0.7,-35.4,-4.63,-5053165,-2612384,-14119418,180929,0,339028,缩量,低,情绪退潮,观望,资金观望型,,D,回避：资金观望,-1.5
603072,天和磁材,30.85,-63.8,1.08,-0.6,-1.93,-4274982,-13660271,-13029801,-4097973,-2233894,4797428,缩量,低,情绪退潮,观望,资金观望型,,D,回避：资金观望,-0.6
603075,热威股份,20.49,77.8,1.18,33.6,-1.44,-4396751,-5202895,27826928,1345509,-1022841,-710826,放量,低,游资情绪,观望,长线吸筹型,,D,回避：资金观望,7.5
603073,彩蝶实业,18.1,189.9,0.46,75.6,-0.19,-429613,-1089669,-5971297,864951,-330483,-827606,放量,低,游资情绪,观望,资金撤退型,,D,回避：资金撤退,7.9
603067,振华股份,39.86,67.3,0.93,-27.7,-1.2,-68768798,-218963062,49108818,298916704,310588055,-195884938,放量,低,游资情绪,抢筹,资金观望型,机构吸筹+盈利(关注),C,谨慎：资金流入未验证业绩,47.6
603076,乐惠国际,20.38,-19.8,0.28,-9.5,-1.71,-2310725,-4263112,-11332852,-3066064,-1784178,1181720,缩量,低,情绪退潮,观望,资金撤退型,,D,回避：资金撤退,-0.6
603068,博通集成,45.87,192.8,3.53,33.7,6.93,306891102,324939691,394503980,-213863728,-146606818,299498403,放量,中,主力偏强放量,进场,均衡流入型,资金+业绩共振(双击候选),B,关注：资金+业绩共振,90.3
603069,海汽集团,13.37,33.3,0.59,26.8,1.82,7541337,3051408,17148202,1151279,434543,-4248288,缩量,低,情绪退潮,进场,资金观望型,纯资金炒作(亏损风险),C,谨慎：纯资金炒作,12.6
603077,和邦生物,2.25,-44.9,0.5,-41.3,3.17,42373655,-193210474,19527862,-16944112,-17439888,14000930,缩量,低,情绪退潮,观望,资金观望型,,D,回避：资金观望,1.1
603078,江化微,32.71,-74.5,2.56,-27.8,1.71,48421588,9662103,11380084,-17234820,-15094813,16932569,缩量,低,情绪退潮,观望,资金观望型,,D,回避：资金观望,0.6
603079,圣达生物,13.28,3.0,0.4,-58.8,-0.95,-2368230,-14241973,-53661949,-1221743,795200,4716544,缩量,低,情绪退潮,观望,资金撤退型,,D,回避：资金撤退,-0.3
603080,新疆火炬,19.9,-5.9,0.55,-22.3,3.85,4975438,7459417,4169279,-1926334,-2047215,974082,缩量,低,情绪退潮,观望,趋势转多型,,D,回避：资金观望,1.3
603081,大丰实业,9.46,-51.9,0.58,-32.4,-1.7,-2049614,-5720915,-13517378,-951479,0,789336,缩量,低,情绪退潮,观望,资金撤退型,,D,回避：资金撤退,-0.6
603082,北自科技,48.99,135.9,4.43,97.0,-0.11,-3669559,29270723,154947937,-31525554,-30392752,14010221,放量,低,游资情绪,观望,高位分歧型,,D,回避：资金观望,8.0
603086,先达股份,5.82,-8.2,1.15,-69.7,-1.76,-4267370,-55771927,-11408614,-1676059,-1055972,-1307660,缩量,低,情绪退潮,观望,长线吸筹型,,D,回避：资金观望,-0.6
603083,剑桥科技,218.17,-21.8,0.75,0.6,-0.04,-9599641,-863127424,1484402107,-192645705,-152142602,171293107,缩量,低,情绪退潮,观望,长线吸筹型,,D,回避：资金观望,-0.0
603085,天成自控,9.82,-45.0,0.43,-13.2,-9.8,-20468861,-17047907,-41624756,-1998520,315492,2221596,缩量,低,情绪退潮,观望,资金观望型,,D,回避：资金观望,-3.3
603089,正裕工业,9.77,72.0,0.46,-62.9,-5.96,-9447210,-14099514,-58012653,472816,963000,-1020027,放量,低,游资情绪,观望,资金撤退型,,D,回避：资金撤退,6.0
603088,宁波精达,10.36,-44.2,0.32,-41.3,-0.04,-114594,1027329,-51950380,-4431174,-1715571,472172,缩量,低,情绪退潮,观望,资金观望型,,D,回避：资金观望,-0.0
603090,宏盛股份,39.08,-22.1,0.39,-21.8,-3.38,-38228183,56480492,272855647,-9835967,-7453828,18345782,缩量,低,情绪退潮,观望,高位分歧型,,D,回避：资金观望,-1.1
603096,新经典,15.92,15.7,0.51,-31.2,-2.17,-3494015,-5605409,-2194254,-1631672,-1262126,2151419,缩量,低,情绪退潮,观望,资金观望型,,D,回避：资金观望,-0.7
603097,江苏华辰,18.55,-66.3,0.6,-10.7,-2.13,-2336129,-1469128,-3703418,-40903,-1811515,-534720,缩量,低,情绪退潮,观望,资金观望型,,D,回避：资金观望,-0.7
603092,德力佳,43.75,-34.2,0.39,128.9,0.85,4834706,-1620082,-1739044,-5262394,-1490863,5098466,缩量,低,情绪退潮,观望,资金观望型,,D,回避：资金观望,0.3
603095,越剑智能,14.76,131.2,0.23,-62.3,-6.06,-22318980,-29283336,-70471641,5822947,2234874,-12848585,放量,低,游资情绪,观望,资金撤退型,,D,回避：资金撤退,6.0
603087,甘李药业,74.56,20.7,2.65,5.5,0.05,1634534,-51860429,-144608474,46236830,44766316,-49475874,缩量,低,情绪退潮,进场,资金观望型,资金+业绩共振(双击候选),B,关注：资金+业绩共振,72.0
603098,森特股份,10.74,-39.7,0.39,-41.0,-5.71,-9960630,-34539729,-8032587,-3685694,-1819211,4258454,缩量,低,情绪退潮,观望,长线吸筹型,,D,回避：资金观望,-1.9
603091,众鑫股份,47.75,-34.3,0.84,-7.4,-3.54,-5778273,-11052207,-22201917,2170772,4547433,-213883,缩量,低,情绪退潮,吸筹,资金撤退型,机构吸筹+盈利(关注),C,谨慎：资金流入未验证业绩,22.8
603100,川仪股份,18.71,-3.5,0.56,-40.7,-2.34,-6275634,-21716883,-19133682,-313091,-2044880,2546761,缩量,低,情绪退潮,观望,资金观望型,,D,回避：资金观望,-0.8
603093,南华期货,13.6,7.9,1.11,-22.7,5.33,72755451,28070607,213466414,-16121381,-4056325,11572237,缩量,中,主力惜售,进场,资金观望型,资金+业绩共振(双击候选),B,关注：资金+业绩共振,85.8
603101,汇嘉时代,7.36,-60.2,0.22,-31.7,-4.67,-9426160,-21831861,-5446975,-871531,-828060,1189233,缩量,低,情绪退潮,观望,资金观望型,,D,回避：资金观望,-1.6
603102,百合股份,37.65,23.1,1.35,-48.8,-1.33,-3344002,-13488805,-53384726,225833,513106,1261625,缩量,低,情绪退潮,观望,资金撤退型,,D,回避：资金撤退,-0.4
603105,芯能科技,8.19,203.3,0.24,86.7,3.95,43955425,86216907,69998439,-9542043,-3834838,11720020,放量,低,游资情绪,观望,趋势转多型,,D,回避：资金观望,9.3
603106,恒银科技,7.36,-46.0,3.51,-29.6,0.44,2350646,29179052,99247910,-9951177,-7393195,4185633,缩量,低,情绪退潮,观望,均衡流入型,,D,回避：资金观望,0.1
603107,上海汽配,12.19,-42.9,1.04,27.4,-0.5,-835277,-5248486,1523113,816461,-813906,17547,缩量,低,情绪退潮,观望,资金观望型,,D,回避：资金观望,-0.2
603109,神驰机电,17.45,-25.8,0.18,23.7,-3.02,-6216114,-8709672,-20274742,-779361,-1121450,1447132,缩量,低,情绪退潮,观望,资金撤退型,,D,回避：资金撤退,-1.0
603099,长白山,40.49,140.3,1.36,54.8,-1.27,-39733447,-109786757,-162740111,14798084,18483049,-15704236,放量,低,游资情绪,抢筹,资金撤退型,机构吸筹+盈利(关注),C,谨慎：资金流入未验证业绩,47.6
603110,东方材料,25.1,-53.9,0.54,-30.7,-7.39,-83159701,-122702111,6222518,-10354343,-2142226,15379389,缩量,低,情绪退潮,观望,长线吸筹型,,D,回避：资金观望,-2.5
603108,润达医疗,10.0,-51.7,1.35,-8.3,-1.61,-13158394,-37743792,-32574414,-6249085,-4064726,15069297,缩量,低,情绪退潮,观望,资金观望型,,D,回避：资金观望,-0.5
603111,康尼机电,6.08,-37.6,0.55,-38.4,4.45,6289100,6524736,-11189327,-441414,-3005956,-2413079,缩量,低,情绪退潮,观望,趋势转多型,,D,回避：资金观望,1.5
603113,金能科技,4.9,22.3,0.36,-52.1,2.07,8030568,-39509237,29971833,-5524311,-4481068,5352241,缩量,低,情绪退潮,观望,资金观望型,,D,回避：资金观望,0.7
603112,华翔股份,17.61,53.1,0.39,-18.9,-1.69,-22989255,-22733131,50190765,-4004038,-3525447,-2379263,放量,低,游资情绪,观望,长线吸筹型,,D,回避：资金观望,7.4
603103,横店影视,16.27,-40.9,0.54,-17.1,2.14,10063808,14924310,25722358,132509,1208689,4438659,缩量,低,情绪退潮,进场,均衡流入型,资金+业绩共振(双击候选),B,关注：资金+业绩共振,72.7
603115,海星股份,77.1,67.6,1.12,17.9,-3.99,-214354789,62785181,226778433,-109224836,-74307207,121907512,放量,低,游资情绪,观望,资金观望型,,D,回避：资金观望,6.7
603117,万林物流,3.87,-6.7,0.49,7.6,-0.71,-1193177,-17520664,-12941927,-746212,-2630647,1097988,缩量,低,情绪退潮,观望,资金观望型,,D,回避：资金观望,-0.2
603120,肯特催化,60.09,1.5,6.9,156.6,0.14,2517349,20280326,21486776,-26127570,-14942616,44383661,缩量,低,情绪退潮,观望,均衡流入型,,D,回避：资金观望,0.0
603116,红蜻蜓,6.75,-8.3,0.48,23.6,-2.61,-6137252,-7208447,-26145846,2003640,2323090,-1457831,缩量,低,情绪退潮,吸筹,资金撤退型,纯资金炒作(亏损风险),C,谨慎：纯资金炒作,3.1
603121,华培动力,12.64,-27.2,0.74,-63.1,3.88,13732565,6270145,92948464,-2451904,-1796379,4614536,缩量,低,情绪退潮,观望,资金观望型,,D,回避：资金观望,1.3
603123,翠微股份,9.56,35.2,1.16,-36.3,0.24,4477447,-128508428,-40751738,-27969573,-18639740,46969821,缩量,低,情绪退潮,观望,资金观望型,,D,回避：资金观望,0.1
603125,常青科技,24.52,104.3,0.5,26.9,0.26,1599122,-1734268,32017617,-23528450,-22953125,8433056,放量,低,游资情绪,观望,长线吸筹型,,D,回避：资金观望,8.1
603119,浙江荣泰,56.61,-24.7,0.7,4.8,3.42,124800761,186144630,223054157,47225492,23833246,-85895293,缩量,低,情绪退潮,进场,均衡流入型,资金+业绩共振(双击候选),B,关注：资金+业绩共振,73.1
603128,华贸物流,5.25,36.2,0.96,59.7,0.76,2698824,-30147297,-68509351,-13667653,-8607108,8226181,缩量,低,情绪退潮,观望,资金观望型,,D,回避：资金观望,0.3
603118,共进股份,18.34,-6.0,1.52,-20.6,1.83,150406774,-40206887,43961741,-15315459,23654135,-16996325,缩量,低,情绪退潮,吸筹,资金观望型,资金+业绩共振(双击候选),B,关注：资金+业绩共振,64.6
603122,合富中国,13.57,92.8,1.02,42.7,9.15,325628953,275515478,445676511,-43343393,-19480833,81777637,放量,中,主力偏强放量,进场,资金观望型,纯资金炒作(亏损风险),C,谨慎：纯资金炒作,31.1
603126,中材节能,6.35,-28.1,0.61,-36.5,11.44,21338391,23298093,55959381,1243336,-1819866,-3579502,缩量,高,主力控盘,控盘,均衡流入型,控盘+盈利(稳健),B,关注：控盘稳健+盈利,71.8
603127,昭衍新药,47.77,-10.0,1.63,7.6,3.57,339825754,217013079,16063422,131028362,142445218,-68181521,缩量,低,情绪退潮,吸筹,资金观望型,资金+业绩共振(双击候选),B,关注：资金+业绩共振,65.2
603124,江南新材,145.0,49.8,1.51,-6.7,0.43,17351578,-78809265,232701059,99280384,133164506,-23278120,缩量,低,情绪退潮,吸筹,长线吸筹型,资金+业绩共振(双击候选),B,关注：资金+业绩共振,64.1
603132,金徽股份,18.78,-46.6,0.78,-54.8,-1.01,-4084800,-18302160,-50279110,491002,-597493,-1115727,缩量,低,情绪退潮,观望,资金撤退型,,D,回避：资金撤退,-0.3
603129,春风动力,296.97,-32.1,1.76,36.6,6.12,157501826,140776047,105059849,-9571446,-12230655,5919159,缩量,中,主力惜售,进场,资金观望型,资金+业绩共振(双击候选),B,关注：资金+业绩共振,86.0
603131,上海沪工,13.95,-64.3,0.81,30.9,0.01,21812,-1276727,-4809700,343123,901445,-455413,缩量,低,情绪退潮,吸筹,资金观望型,纯资金炒作(亏损风险),C,谨慎：纯资金炒作,4.0
603130,云中马,38.71,-60.9,0.62,0.7,1.35,2796111,-15499537,-36291665,1445311,2619478,120123,缩量,低,情绪退潮,进场,资金观望型,资金+业绩共振(双击候选),B,关注：资金+业绩共振,72.5
603135,中重科技,8.88,-76.0,2.38,-40.3,0.64,1364277,-19179911,-11520693,-1438379,-506410,-1181026,缩量,低,情绪退潮,观望,资金观望型,,D,回避：资金观望,0.2
603137,恒尚节能,20.06,-53.1,29.72,-37.9,3.56,46262512,28819319,23167679,-9228625,-4000231,957215,缩量,低,情绪退潮,观望,资金观望型,,D,回避：资金观望,1.2
603136,天目湖,9.19,181.0,0.21,412.1,-1.9,-15816428,73816739,83586443,-1328521,-705308,-2073618,放量,低,游资情绪,观望,资金观望型,,D,回避：资金观望,7.4
603139,康惠股份,36.57,-24.0,0.64,66.5,-1.99,-26315917,2717458,62728237,-808678,3439253,3498717,缩量,低,情绪退潮,观望,高位分歧型,,D,回避：资金观望,-0.7
603153,上海建科,13.41,26.4,0.41,-15.2,-4.54,-4292914,-4843878,2402060,3176113,1328264,-4111124,缩量,低,情绪退潮,观望,长线吸筹型,,D,回避：资金观望,-1.5
603150,万朗磁塑,75.98,228.7,0.86,-15.6,-2.27,-23834112,-51876015,32765979,9650109,835430,-3426652,放量,低,游资情绪,观望,长线吸筹型,,D,回避：资金观望,7.2
603151,邦基科技,18.31,16.1,1.49,-32.4,3.63,13475069,8768179,46113232,-1536600,-1235973,-5155338,缩量,低,情绪退潮,观望,资金观望型,,D,回避：资金观望,1.2
603138,海量数据,15.04,143.2,0.48,76.9,5.27,101343905,248234013,276126985,-5278226,-4649517,1508235,放量,中,主力偏强放量,进场,主力强攻型,纯资金炒作(亏损风险),C,谨慎：纯资金炒作,29.8
603156,XD养元饮,45.2,-1.2,1.49,-12.9,2.63,64936835,88856056,154110834,-14246577,4110329,11022040,缩量,低,情绪退潮,观望,均衡流入型,,D,回避：资金观望,0.9
603158,腾龙股份,10.62,-61.1,0.48,-42.2,-0.96,-6660115,-48942437,-66425048,-2436158,-2905705,-6161534,缩量,低,情绪退潮,观望,资金撤退型,,D,回避：资金撤退,-0.3
603159,上海亚虹,23.44,87.7,1.59,75.0,-3.8,-43832474,-54827724,-43456065,-1945442,492760,7450133,放量,低,游资情绪,观望,资金观望型,,D,回避：资金观望,6.7
603161,科华控股,14.95,-18.6,1.68,-50.7,-4.74,-11482464,-37543811,21291398,-5186656,-1191098,892941,缩量,低,情绪退潮,观望,长线吸筹型,,D,回避：资金观望,-1.6
603162,海通发展,13.48,-7.5,1.76,30.7,-3.57,-132114687,-123095307,114505782,-69945996,-51517880,75866264,缩量,低,情绪退潮,观望,高位分歧型,,D,回避：资金观望,-1.2
603163,圣晖集成,83.5,-54.7,1.8,3.0,3.8,43200096,47899372,115815944,-6917927,-1616786,2205990,缩量,低,情绪退潮,观望,均衡流入型,,D,回避：资金观望,1.3
603165,荣晟环保,13.5,-44.4,0.42,-52.4,-8.59,-23072209,-37667282,-59861968,-4532470,1918057,2211834,缩量,低,情绪退潮,观望,资金撤退型,,D,回避：资金撤退,-2.9
603155,新亚强,15.58,-14.8,2.81,103.2,3.76,59191990,50493783,45119920,18135736,5014458,-24811467,缩量,低,情绪退潮,进场,资金观望型,资金+业绩共振(双击候选),B,关注：资金+业绩共振,73.3
603166,福达股份,11.04,-71.3,2.76,-31.4,1.7,6695792,-22516453,-20431077,-4770056,-4071883,3110865,缩量,低,情绪退潮,观望,资金观望型,,D,回避：资金观望,0.6
603160,汇顶科技,55.15,-40.6,0.82,-31.3,8.03,105409019,118935939,358754590,7068019,2894644,-16687352,缩量,中,主力惜售,进场,均衡流入型,资金+业绩共振(双击候选),B,关注：资金+业绩共振,86.7
603169,兰石重装,6.05,-54.9,0.43,-19.2,-5.16,-16471307,-25410128,-19701818,380272,-3494501,-3174702,缩量,低,情绪退潮,观望,资金观望型,,D,回避：资金观望,-1.7
603170,宝立食品,11.96,-46.2,0.65,-33.2,-3.74,-4190098,-6488513,-1580844,1343068,0,-808204,缩量,低,情绪退潮,观望,资金观望型,,D,回避：资金观望,-1.2
603171,税友股份,40.5,-28.6,0.96,-49.6,4.28,58937549,46079065,231410339,-22422882,-18015694,37557169,缩量,低,情绪退潮,观望,资金观望型,,D,回避：资金观望,1.4
603167,渤海轮渡,8.08,-70.9,0.42,-35.5,-18.52,-12463366,-5342861,-59863827,2772309,2908800,-2143286,缩量,低,情绪退潮,吸筹,资金观望型,机构吸筹+盈利(关注),C,谨慎：资金流入未验证业绩,17.8
603172,万丰股份,19.82,54.7,0.63,-45.0,2.61,5175770,3329116,17209436,-1467361,-253044,5521232,放量,低,游资情绪,观望,资金观望型,,D,回避：资金观望,8.9
603168,莎普爱思,5.86,0.8,0.79,-21.1,1.64,4250243,1750556,4690070,96210,0,-2804942,缩量,低,情绪退潮,进场,资金观望型,纯资金炒作(亏损风险),C,谨慎：纯资金炒作,12.5
603176,汇通集团,5.3,-33.3,0.41,-37.3,-3.34,-2778333,-2033170,-993275,-1215641,0,-696483,缩量,低,情绪退潮,观望,资金观望型,,D,回避：资金观望,-1.1
603178,圣龙股份,16.02,-67.0,0.54,-50.7,2.48,13705600,-11936175,11915741,-6308507,-36167,4181955,缩量,低,情绪退潮,观望,资金观望型,,D,回避：资金观望,0.8
603179,新泉股份,40.91,-36.6,0.77,-35.0,-2.39,-91987627,-255382213,-145743756,19288793,1906526,-55717928,缩量,低,情绪退潮,观望,资金观望型,,D,回避：资金观望,-0.8
603183,建研院,4.99,-38.6,1.26,63.6,-3.79,-25438251,-51037829,-53878017,-2143311,-7580346,-685252,缩量,低,情绪退潮,观望,资金撤退型,,D,回避：资金撤退,-1.3
603173,福斯达,29.99,-59.1,0.37,-29.9,3.57,3923760,2519458,15800311,478835,0,-1943457,缩量,低,情绪退潮,进场,资金观望型,资金+业绩共振(双击候选),B,关注：资金+业绩共振,73.2
603185,弘元绿能,14.3,-65.2,0.62,-35.3,1.26,6021978,-9358084,-31475900,-15466,-411836,-329647,缩量,低,情绪退潮,观望,资金观望型,,D,回避：资金观望,0.4
603175,超颖电子,114.58,13.0,0.6,44.7,0.16,2324048,-31666006,-29138251,72652,-4414726,-15197502,缩量,低,情绪退潮,进场,资金观望型,资金+业绩共振(双击候选),B,关注：资金+业绩共振,72.1
603186,华正新材,227.7,25.8,1.61,13.2,-9.63,-2082946313,485439981,1594097320,-119646411,-110187006,173652399,缩量,低,情绪退潮,观望,高位分歧型,,D,回避：资金观望,-3.2
603177,德创环保,11.05,-24.7,0.69,-15.9,5.91,17645117,15584195,-14216556,-1370309,-536859,316560,缩量,中,主力惜售,进场,资金观望型,纯资金炒作(亏损风险),C,谨慎：纯资金炒作,26.0
603180,金牌家居,15.76,-29.6,0.65,-16.6,1.73,1229183,2204994,5682314,1161553,0,-788014,缩量,低,情绪退潮,进场,均衡流入型,资金+业绩共振(双击候选),B,关注：资金+业绩共振,72.6
603181,皇马科技,12.84,-72.2,1.07,-10.9,0.96,2369173,-10024603,-12843607,701893,-684260,867759,缩量,低,情绪退潮,进场,资金观望型,资金+业绩共振(双击候选),B,关注：资金+业绩共振,72.3
603182,嘉华股份,13.61,22.1,0.44,-25.8,1.94,2502844,-7373632,-11147598,130460,-322973,-96413,缩量,低,情绪退潮,进场,资金观望型,资金+业绩共振(双击候选),B,关注：资金+业绩共振,72.6
603190,亚通精工,16.38,-62.6,0.76,-41.3,-1.77,-2068180,-3640937,-17636226,0,0,331528,缩量,低,情绪退潮,观望,资金撤退型,,D,回避：资金撤退,-0.6
603188,亚邦股份,4.54,-36.2,0.64,-43.2,-3.78,-8890002,5978223,-4431356,1818782,107282,-1729676,缩量,低,情绪退潮,观望,资金观望型,,D,回避：资金观望,-1.3
603191,望变电气,13.42,-38.9,0.71,-50.7,-7.04,-33614409,-72070374,-6271319,-6401470,-981063,4969903,缩量,低,情绪退潮,观望,长线吸筹型,,D,回避：资金观望,-2.3
603187,海容冷链,10.74,-68.5,0.77,-22.1,6.98,11486981,1034317,25267298,-1211411,-317400,1694401,缩量,中,主力惜售,进场,资金观望型,资金+业绩共振(双击候选),B,关注：资金+业绩共振,86.3
603193,润本股份,20.39,-58.8,0.41,-13.6,-5.75,-14291687,-13028562,-33116794,-547481,523840,515649,缩量,低,情绪退潮,观望,资金观望型,,D,回避：资金观望,-1.9
603194,中力股份,33.76,-66.1,0.59,-33.0,-2.42,-2500882,-2555037,-2225544,-934404,-611460,1894675,缩量,低,情绪退潮,观望,资金观望型,,D,回避：资金观望,-0.8
603195,公牛集团,38.03,-55.1,0.72,-38.4,-2.66,-9944136,8079151,-38150954,2628355,6518590,1545120,缩量,低,情绪退潮,观望,资金观望型,,D,回避：资金观望,-0.9
603196,璞源材料,18.85,-48.8,0.19,-0.9,-2.6,-4497874,5389703,-9464369,2382366,822634,-1202466,缩量,低,情绪退潮,观望,资金观望型,,D,回避：资金观望,-0.9
603192,汇得科技,21.9,100.5,1.86,-9.8,1.76,5914388,2353428,24446145,13237877,1217945,-12969379,放量,低,游资情绪,进场,长线吸筹型,资金+业绩共振(双击候选),B,关注：资金+业绩共振,80.6
603200,上海洗霸,39.58,-17.2,0.45,-46.9,-1.72,-20425539,13546909,140589469,3361917,853055,99758,缩量,低,情绪退潮,观望,高位分歧型,,D,回避：资金观望,-0.6
603197,XD保隆科,29.3,-54.5,1.28,-40.2,-4.12,-13089223,-12717146,685928,-3331549,-781165,6988481,缩量,低,情绪退潮,观望,高位分歧型,,D,回避：资金观望,-1.4
603198,迎驾贡酒,39.14,-44.2,0.6,-39.1,-1.22,-8030796,-31376214,-19362220,4294771,1705665,-15286978,缩量,低,情绪退潮,观望,资金观望型,,D,回避：资金观望,-0.4
603199,九华旅游,32.8,-44.0,0.49,-34.9,-1.7,-4059957,-22118110,-32655821,-854964,0,229482,缩量,低,情绪退潮,观望,资金撤退型,,D,回避：资金撤退,-0.6
603202,天有为,52.87,-15.5,0.37,-6.9,-4.69,-11117518,-19217369,-19173132,983626,-668658,744313,缩量,低,情绪退潮,观望,资金观望型,,D,回避：资金观望,-1.6
603205,健尔康,21.62,1.3,0.23,36.9,-2.25,-4888225,-836700,-7918967,-1880656,-542500,2226257,缩量,低,情绪退潮,观望,资金观望型,,D,回避：资金观望,-0.8
603206,嘉环科技,13.91,-42.0,1.09,15.3,-0.65,-1307189,539221,-9700072,1758212,1821653,-4124584,缩量,低,情绪退潮,观望,资金观望型,,D,回避：资金观望,-0.2
603207,小方制药,24.84,127.8,0.89,-53.2,0.75,3624865,-10358953,30491518,-9182038,-6050463,8326306,放量,低,游资情绪,观望,长线吸筹型,,D,回避：资金观望,8.2
603209,兴通股份,14.61,-22.6,0.8,-10.4,-0.9,-2462001,861818,-8681762,-4596473,-2517843,4791436,缩量,低,情绪退潮,观望,资金观望型,,D,回避：资金观望,-0.3
603210,泰鸿万立,13.64,8.4,0.72,-16.8,-2.4,-4185180,-16966652,-40599413,3214116,1521703,910723,缩量,低,情绪退潮,观望,资金撤退型,,D,回避：资金撤退,-0.8
603201,常润股份,15.94,-62.3,3.15,-48.3,0.99,1898798,-3961264,-4820713,1287758,-778267,1613072,缩量,低,情绪退潮,进场,资金观望型,资金+业绩共振(双击候选),B,关注：资金+业绩共振,72.3
603203,快克智能,47.85,-33.6,2.27,4.8,5.74,138565258,164151117,199702951,16185396,21508504,-27420759,缩量,中,主力惜售,进场,均衡流入型,资金+业绩共振(双击候选),B,关注：资金+业绩共振,85.9
603211,晋拓股份,20.08,-82.3,1.29,-26.5,-1.08,-3932739,-11979483,-30400967,406106,-597903,1239997,缩量,低,情绪退潮,观望,资金撤退型,,D,回避：资金撤退,-0.4
603212,赛伍技术,11.85,-41.4,0.53,7.2,4.25,24007359,14377681,-10810258,-8738953,-2569755,8864903,缩量,低,情绪退潮,观望,资金观望型,,D,回避：资金观望,1.4
603214,爱婴室,13.43,-13.4,0.69,31.4,-2.17,-4580467,6941007,1795752,-427012,93066,879225,缩量,低,情绪退潮,观望,资金观望型,,D,回避：资金观望,-0.7
603208,江山欧派,11.28,-0.4,0.79,36.3,2.81,3009127,4340452,5765515,1087624,571637,-480631,缩量,低,情绪退潮,吸筹,均衡流入型,纯资金炒作(亏损风险),C,谨慎：纯资金炒作,4.9
603215,比依股份,14.82,204.2,0.11,109.2,0.96,2823322,5332320,2402934,-2459422,-2381910,-3246,放量,低,游资情绪,观望,趋势转多型,,D,回避：资金观望,8.3
603218,日月股份,9.24,-44.1,0.33,60.7,-0.62,-2446705,-3442713,-16550085,-4127600,-2857894,5882021,缩量,低,情绪退潮,观望,资金撤退型,,D,回避：资金撤退,-0.2
603219,富佳股份,12.76,-68.1,0.58,-24.3,-1.66,-2573869,-4345765,-24610057,-467864,135566,1390238,缩量,低,情绪退潮,观望,资金撤退型,,D,回避：资金撤退,-0.6
603220,中贝通信,18.47,-60.7,0.24,-18.4,-2.64,-33016372,-98210825,-154818577,-8123869,-5220991,21259198,缩量,低,情绪退潮,观望,资金撤退型,,D,回避：资金撤退,-0.9
603213,镇洋发展,13.76,-43.9,1.39,-15.5,12.97,13845851,8061659,-11425846,562567,820453,-738056,缩量,高,主力控盘,控盘,资金观望型,控盘+盈利(稳健),B,关注：控盘稳健+盈利,72.3
603217,元利科技,28.8,-14.8,0.36,-31.9,-3.6,-13381484,-32676297,-60002364,-246069,1232464,-1127012,缩量,低,情绪退潮,吸筹,资金撤退型,机构吸筹+盈利(关注),C,谨慎：资金流入未验证业绩,22.8
603223,恒通股份,10.01,-86.6,3.76,-37.5,-6.63,-16849677,-38930091,-28190558,-3563397,-2684016,1178263,缩量,低,情绪退潮,观望,资金观望型,,D,回避：资金观望,-2.2
603216,梦天家居,23.53,524.1,0.94,5.8,4.7,50119563,116701657,239673740,51127,4911548,-1545456,放量,低,游资情绪,吸筹,主力建仓型,资金+业绩共振(双击候选),B,关注：资金+业绩共振,73.6
603225,新凤鸣,17.64,-72.6,1.21,-24.3,0.84,9519697,18051104,-32523103,-6390051,-4583168,-1531681,缩量,低,情绪退潮,观望,趋势转多型,,D,回避：资金观望,0.3
603226,菲林格尔,32.59,138.1,1.22,98.9,-10.65,-175872150,-57280634,-60435964,-25566265,-22247628,6545074,放量,低,游资情绪,观望,资金观望型,,D,回避：资金观望,4.4
603222,济民健康,8.94,-14.0,1.21,25.3,-1.45,-10478946,-21679518,-37713971,105840284,112235268,-57664023,缩量,低,情绪退潮,吸筹,资金撤退型,纯资金炒作(亏损风险),C,谨慎：纯资金炒作,3.5
603228,景旺电子,107.45,-17.6,1.14,-12.5,-2.25,-381920789,-1080199101,-409556549,-63015086,-122063764,-23015228,缩量,低,情绪退潮,观望,资金观望型,,D,回避：资金观望,-0.8
603221,爱丽家居,32.69,1305.0,2.7,5.4,1.41,42643027,11312258,37233292,3891426,-2993760,-8812523,放量,低,游资情绪,进场,资金观望型,资金+业绩共振(双击候选),B,关注：资金+业绩共振,80.5
603231,索宝蛋白,17.17,-7.5,0.58,-31.6,3.83,6244723,809450,9976039,-160987,-1670514,-2296913,缩量,低,情绪退潮,观望,资金观望型,,D,回避：资金观望,1.3
603230,内蒙新华,16.79,7041.8,0.49,379.9,-5.38,-178123663,-163959695,-123396640,-27193590,10926623,31741307,放量,低,游资情绪,观望,资金观望型,,D,回避：资金观望,6.2
603233,大参林,17.97,-20.1,1.12,-1.5,-3.19,-25501458,-34054314,-1602926,11898311,2894608,-11301172,缩量,低,情绪退潮,观望,资金观望型,,D,回避：资金观望,-1.1
603237,五芳斋,15.17,41.5,0.48,-66.2,-0.3,-422771,-2290218,-9833184,-57370,-857222,-1411299,缩量,低,情绪退潮,观望,资金撤退型,,D,回避：资金撤退,-0.1
603227,雪峰科技,7.52,-47.8,0.51,-17.3,-3.22,-5778078,-2797784,-32980774,2794670,2274631,-1980741,缩量,低,情绪退潮,吸筹,资金观望型,机构吸筹+盈利(关注),C,谨慎：资金流入未验证业绩,22.9
603238,诺邦股份,12.54,-4.6,0.56,-4.0,-1.01,-1757817,-2270418,-40305,-1771233,-1181101,2330141,缩量,低,情绪退潮,观望,资金观望型,,D,回避：资金观望,-0.3
603236,移远通信,74.58,20.4,0.87,44.7,-8.72,-627672538,-498315862,-286587915,-63949004,-56469728,63705921,缩量,低,情绪退潮,观望,资金观望型,,D,回避：资金观望,-2.9
603229,奥翔药业,8.4,215.7,0.6,44.8,0.64,3083175,-8777530,3390813,14042712,9327804,-10389940,放量,低,游资情绪,抢筹,资金观望型,资金+业绩共振(双击候选),B,关注：资金+业绩共振,88.2
603248,锡华科技,21.49,577.3,0.43,824.0,-0.67,-21912083,6597834,-9599649,-12018249,-21660465,26410586,放量,低,游资情绪,观望,资金观望型,,D,回避：资金观望,7.8
603255,鼎际得,32.51,90.7,0.9,3.7,-2.38,-11603619,-9824702,-8570786,-8860634,-11529999,1429987,放量,低,游资情绪,观望,资金观望型,,D,回避：资金观望,7.2
603232,格尔软件,16.99,262.7,1.16,126.0,8.72,154055714,194320005,183120396,74112749,43537145,-90776021,放量,中,主力偏强放量,进场,短线抢筹型,纯资金炒作(亏损风险),C,谨慎：纯资金炒作,30.9
603235,天新药业,25.19,-47.1,0.84,-22.3,0.74,491810,940825,62661,88130,0,212808,缩量,低,情绪退潮,进场,趋势转多型,资金+业绩共振(双击候选),B,关注：资金+业绩共振,72.2
603257,中国瑞林,70.37,2.1,1.19,6.6,-4.13,-36480622,-19271383,35017844,6174800,5535970,42086,缩量,低,情绪退潮,观望,长线吸筹型,,D,回避：资金观望,-1.4
603259,药明康德,167.95,-52.9,1.58,9.6,2.91,910715801,826583747,971402132,-157707930,-87743059,229679385,缩量,低,情绪退潮,观望,资金观望型,,D,回避：资金观望,1.0
603239,浙江仙通,14.18,-34.3,0.38,-12.0,-0.87,-1258839,-10670045,-11058798,2194662,1791463,-1456897,缩量,低,情绪退潮,吸筹,资金撤退型,机构吸筹+盈利(关注),C,谨慎：资金流入未验证业绩,23.7
603261,立航科技,52.0,-22.3,4.46,-9.3,-2.73,-15670042,-14727178,12419821,-3193477,-1157594,-5892609,缩量,低,情绪退潮,观望,资金观望型,,D,回避：资金观望,-0.9
603268,松发股份,215.32,-25.5,0.84,43.8,-7.65,-727596488,-724023825,-707982710,-43265514,-11422262,3556155,缩量,低,情绪退潮,观望,资金观望型,,D,回避：资金观望,-2.6
603262,技源集团,18.61,-13.3,2.98,-41.7,-3.54,-8581549,-23972246,-49199352,2693094,2231753,-2922542,缩量,低,情绪退潮,观望,资金撤退型,,D,回避：资金撤退,-1.2
603256,宏和科技,156.8,48.1,1.15,78.6,8.05,2223372718,3013201745,2018426389,-193674725,-154023615,416171145,缩量,中,主力惜售,进场,短线抢筹型,资金+业绩共振(双击候选),B,关注：资金+业绩共振,86.7
603267,鸿远电子,51.63,-57.1,1.93,98.8,-2.32,-54110437,7907380,-35682422,-10338925,-12375567,7275313,缩量,低,情绪退潮,观望,资金观望型,,D,回避：资金观望,-0.8
603258,电魂网络,14.05,131.7,1.77,41.3,7.82,40012783,39149316,45020028,-10906550,-5437832,15329513,放量,中,主力偏强放量,进场,资金观望型,纯资金炒作(亏损风险),C,谨慎：纯资金炒作,30.6
603260,合盛硅业,32.9,-71.4,1.57,-20.6,1.8,17320671,-20426587,-4624800,11955119,6006993,-8171557,缩量,低,情绪退潮,进场,资金观望型,纯资金炒作(亏损风险),C,谨慎：纯资金炒作,12.6
603271,永杰新材,39.59,-59.2,0.6,-36.5,-0.25,-759082,-17289779,-18042674,-5285385,-1671169,5514542,缩量,低,情绪退潮,观望,资金撤退型,,D,回避：资金撤退,-0.1
603270,金帝股份,37.37,24.1,1.53,-23.9,-5.92,-95534907,-130251797,-72087224,-15462322,-6766552,18506031,缩量,低,情绪退潮,观望,资金观望型,,D,回避：资金观望,-2.0
603273,天元智能,14.73,-51.1,1.18,-25.2,-4.17,-4939578,-3982251,-6377722,143806,0,2031775,缩量,低,情绪退潮,观望,资金观望型,,D,回避：资金观望,-1.4
603275,众辰科技,37.05,-47.1,0.19,-15.2,0.16,205596,-4082546,-6025856,-1178584,-955836,2395630,缩量,低,情绪退潮,观望,资金观望型,,D,回避：资金观望,0.1
603266,天龙股份,18.16,202.1,0.67,204.8,4.69,46710304,75567070,81126757,4215843,3137963,2724779,放量,低,游资情绪,进场,主力建仓型,资金+业绩共振(双击候选),B,关注：资金+业绩共振,81.6
603276,恒兴新材,18.34,67.1,0.42,62.2,1.36,6453842,1903435,3445956,-1472821,-1966006,1864834,放量,低,游资情绪,观望,资金观望型,,D,回避：资金观望,8.5
603277,银都股份,11.56,19.7,0.79,-31.8,-2.42,-2588243,-1691851,-13592759,-2339734,-70028,2346812,缩量,低,情绪退潮,观望,资金观望型,,D,回避：资金观望,-0.8
603269,海鸥股份,26.88,-4.3,2.11,-41.7,9.42,309313479,112138415,-388571346,-8836442,-10596811,22474828,缩量,中,主力惜售,进场,资金观望型,资金+业绩共振(双击候选),B,关注：资金+业绩共振,87.1
603278,大业股份,8.91,-73.1,0.59,-28.3,-1.73,-4205750,-8552538,-12448085,-979957,-615384,-3696639,缩量,低,情绪退潮,观望,资金撤退型,,D,回避：资金撤退,-0.6
603279,景津装备,11.22,-51.5,0.35,-36.1,-8.84,-22304184,-19988349,-25331250,4544829,948964,-2915555,缩量,低,情绪退潮,观望,资金观望型,,D,回避：资金观望,-2.9
603282,亚光股份,17.35,32.7,0.29,-34.2,-4.98,-6418550,-7005176,-7455698,748134,224586,-1057477,缩量,低,情绪退潮,观望,资金撤退型,,D,回避：资金撤退,-1.7
603285,键邦股份,38.19,-51.6,1.05,47.1,-1.51,-15730160,221390695,163604053,-3812937,-6765737,6552495,缩量,低,情绪退潮,观望,资金观望型,,D,回避：资金观望,-0.5
603289,泰瑞机器,11.16,387.0,0.38,90.9,3.61,25511232,37673987,38204702,-6046774,-12085467,2396259,放量,低,游资情绪,观望,均衡流入型,,D,回避：资金观望,9.2
603281,江瀚新材,19.72,25.3,1.38,11.3,3.37,11899288,-1190793,-21581635,5651437,970375,-9691547,缩量,低,情绪退潮,进场,资金观望型,资金+业绩共振(双击候选),B,关注：资金+业绩共振,73.1
603291,联合水务,8.9,-3.6,0.49,122.7,-9.75,-21832407,22935100,15488632,-1713283,-492993,-734933,缩量,低,情绪退潮,观望,资金观望型,,D,回避：资金观望,-3.2
603280,南方路机,26.75,98.4,0.7,-51.3,-0.19,-282340,-8637786,-444847,6939086,3484058,-9892193,放量,低,游资情绪,抢筹,资金观望型,机构吸筹+盈利(关注),C,谨慎：资金流入未验证业绩,47.9
603293,埃泰克,36.79,-34.2,0.27,-36.8,-0.25,-767118,-4162549,41543886,-738308,-1466518,3610082,缩量,低,情绪退潮,观望,长线吸筹型,,D,回避：资金观望,-0.1
603283,赛腾股份,46.9,-56.2,1.77,-31.8,0.72,22310791,-90058489,-411642129,26440539,27812469,-24112275,缩量,低,情绪退潮,吸筹,资金观望型,资金+业绩共振(双击候选),B,关注：资金+业绩共振,64.2
603297,永新光学,115.58,-45.6,0.72,-40.0,-2.91,-17523235,-13764893,39936812,-16457424,-10461973,16282901,缩量,低,情绪退潮,观望,长线吸筹型,,D,回避：资金观望,-1.0
603284,林平发展,42.0,-6.7,0.63,-22.2,-4.74,-10798866,-19045165,-35352438,8236762,7468232,-4920597,缩量,低,情绪退潮,吸筹,资金撤退型,机构吸筹+盈利(关注),C,谨慎：资金流入未验证业绩,22.4
603296,华勤技术,79.89,-73.6,1.37,-30.3,1.79,101486662,53509315,-44107407,-55613179,-55714513,64036376,缩量,低,情绪退潮,观望,资金观望型,,D,回避：资金观望,0.6
603288,海天味业,34.27,-57.3,1.27,-41.1,-3.45,-65298118,27838274,-510618155,19682261,9010067,-6540314,缩量,低,情绪退潮,吸筹,资金观望型,机构吸筹+盈利(关注),C,谨慎：资金流入未验证业绩,22.9
603286,日盈电子,45.97,27.6,0.88,-34.2,-1.26,-11521578,-17813620,101139411,9615486,12243200,-10192588,缩量,低,情绪退潮,吸筹,长线吸筹型,纯资金炒作(亏损风险),C,谨慎：纯资金炒作,3.6
603290,斯达半导,88.03,-66.1,0.93,-21.4,0.89,20643493,-30778631,-250392851,3815982,3899818,-8687409,缩量,低,情绪退潮,进场,资金观望型,资金+业绩共振(双击候选),B,关注：资金+业绩共振,72.3
603300,海南华铁,4.59,-52.3,0.62,-34.1,-0.92,-4902485,-15006062,-33076848,-2726612,-607462,-2006683,缩量,低,情绪退潮,观望,资金撤退型,,D,回避：资金撤退,-0.3
603298,杭叉集团,23.29,-43.0,0.91,1.1,-0.04,-214689,-18021542,-16170622,5602648,6909207,-3432486,缩量,低,情绪退潮,吸筹,资金观望型,机构吸筹+盈利(关注),C,谨慎：资金流入未验证业绩,24.0
603301,振德医疗,80.95,-2.6,1.18,5.9,-4.97,-35214999,-46517971,-71426813,3243172,2499212,2437719,缩量,低,情绪退潮,观望,资金撤退型,,D,回避：资金撤退,-1.7
603299,苏盐井神,8.76,-48.0,0.49,-27.2,0.9,1274982,4524653,10350127,1624965,1179234,1081659,缩量,低,情绪退潮,进场,均衡流入型,资金+业绩共振(双击候选),B,关注：资金+业绩共振,72.3
603305,旭升集团,11.22,-51.5,0.59,-6.8,-1.11,-10963895,-50729520,-59421667,-4474569,3118754,374069,缩量,低,情绪退潮,观望,资金撤退型,,D,回避：资金撤退,-0.4
603308,应流股份,40.15,-13.9,0.57,6.9,-5.21,-263426648,-91448966,-56119405,-65591790,-97743002,65933501,缩量,低,情绪退潮,观望,资金观望型,,D,回避：资金观望,-1.7
603307,扬州金泉,26.43,115.9,0.61,-12.3,-1.37,-1718041,-4904191,-17939045,-2853621,-4679713,853095,放量,低,游资情绪,观望,资金撤退型,,D,回避：资金撤退,7.5
603310,巍华新材,14.88,-42.0,0.93,-4.6,-4.35,-3871360,-7118755,-10978574,1658166,1073719,-2153604,缩量,低,情绪退潮,观望,资金撤退型,,D,回避：资金撤退,-1.4
603311,金海高科,25.46,-57.8,1.1,4.5,-7.39,-40039887,58069983,71294116,-7935913,-4252125,11212698,缩量,低,情绪退潮,观望,资金观望型,,D,回避：资金观望,-2.5
603313,梦百合,6.57,-30.0,2.58,-24.2,-1.2,-8873028,-5432327,51524895,-28855691,-16125837,23708284,缩量,低,情绪退潮,观望,长线吸筹型,,D,回避：资金观望,-0.4
603315,福鞍股份,11.04,-23.2,0.18,-39.4,-3.29,-8595833,-30167095,-41684191,3738106,-525099,-5587852,缩量,低,情绪退潮,观望,资金撤退型,,D,回避：资金撤退,-1.1
603303,得邦照明,29.35,-21.8,1.93,36.4,5.27,25718632,76798877,119100588,6132936,5235913,-7436938,缩量,中,主力惜售,进场,主力强攻型,资金+业绩共振(双击候选),B,关注：资金+业绩共振,85.8
603306,华懋科技,83.29,-40.7,0.52,6.9,5.48,230715854,446140721,655749397,-22365400,-46871342,24133389,缩量,中,主力惜售,进场,主力强攻型,资金+业绩共振(双击候选),B,关注：资金+业绩共振,85.8
603309,维力医疗,11.05,-70.4,0.71,-13.2,5.69,7091995,-5707243,-6885795,2076556,1543263,-1656431,缩量,中,主力惜售,进场,资金观望型,资金+业绩共振(双击候选),B,关注：资金+业绩共振,85.9
603312,西典新能,31.8,-61.4,0.42,-34.8,1.47,1150946,-993036,16916725,399709,-75816,-1414883,缩量,低,情绪退潮,进场,长线吸筹型,资金+业绩共振(双击候选),B,关注：资金+业绩共振,72.5
603318,水发燃气,8.98,-19.8,0.31,7.7,-2.94,-60312530,-1465474,-53500952,-29578287,-19183315,24351132,缩量,低,情绪退潮,观望,资金观望型,,D,回避：资金观望,-1.0
603320,迪贝电气,18.36,-28.2,0.36,-49.8,-3.13,-5602780,-1810140,559688,-872872,-1289465,-554130,缩量,低,情绪退潮,观望,资金观望型,,D,回避：资金观望,-1.0
603316,诚邦股份,17.27,191.3,0.79,297.8,3.2,109038422,242724906,297574947,1007514,-5172312,4278332,放量,低,游资情绪,进场,主力建仓型,纯资金炒作(亏损风险),C,谨慎：纯资金炒作,21.1
603321,梅轮电梯,7.06,278.1,0.61,48.3,-1.49,-7432690,-10481925,5403268,-6535306,-4869082,11743359,放量,低,游资情绪,观望,资金观望型,,D,回避：资金观望,7.5
603324,盛剑科技,26.98,-77.5,3.11,-26.0,0.23,775358,-1202066,456173,-1386274,-1715882,-980913,缩量,低,情绪退潮,观望,资金观望型,,D,回避：资金观望,0.1
603317,天味食品,12.8,-65.9,0.43,-41.7,2.0,6946776,-19547843,-47711867,2357220,3030396,2177613,缩量,低,情绪退潮,进场,资金观望型,资金+业绩共振(双击候选),B,关注：资金+业绩共振,72.7
603322,超讯科技,32.36,-12.5,0.52,44.0,-2.42,-24140630,-31326161,-18617417,4614601,-3634271,-10736023,缩量,低,情绪退潮,观望,资金观望型,,D,回避：资金观望,-0.8
603325,博隆技术,53.52,-50.0,0.33,-40.2,-6.16,-3518350,-3009984,5349394,472518,-550947,186132,缩量,低,情绪退潮,观望,长线吸筹型,,D,回避：资金观望,-2.1
603326,我乐家居,7.56,9.1,0.63,-32.4,-0.77,-991160,-1366755,-7211332,-530657,-561646,-821846,缩量,低,情绪退潮,观望,资金撤退型,,D,回避：资金撤退,-0.3
603319,美湖股份,31.2,-23.0,0.81,-37.0,4.23,117938274,85228945,209825490,33999610,22740989,-41166669,缩量,低,情绪退潮,进场,资金观望型,资金+业绩共振(双击候选),B,关注：资金+业绩共振,73.4
603327,福蓉科技,8.38,-70.9,0.66,-61.1,-1.69,-10205738,-67037915,-186185562,-3416155,-3012313,4325702,缩量,低,情绪退潮,观望,资金撤退型,,D,回避：资金撤退,-0.6
603323,苏农银行,4.38,-31.7,0.94,-30.6,4.42,27430336,24824467,-24479038,13377298,7931986,-8399025,缩量,低,情绪退潮,进场,资金观望型,资金+业绩共振(双击候选),B,关注：资金+业绩共振,73.5
603330,天洋新材,9.86,46.5,3.02,-56.0,-1.04,-20820685,168101817,46457867,-37453317,-25500211,55184945,缩量,低,情绪退潮,观望,资金观望型,,D,回避：资金观望,-0.3
603329,上海雅仕,10.09,-64.3,0.44,-34.1,0.69,847321,1143023,-1574680,-239769,0,226597,缩量,低,情绪退潮,观望,趋势转多型,,D,回避：资金观望,0.2
603331,百达精工,12.62,-61.0,0.91,-4.9,2.96,6574843,32894817,44254025,-1711580,-1925806,17025,缩量,低,情绪退潮,观望,主力建仓型,,D,回避：资金观望,1.0
603332,苏州龙杰,12.1,21.4,0.27,-8.8,1.28,2454066,2908728,-7513748,-1817262,-817960,-1156230,缩量,低,情绪退潮,观望,趋势转多型,,D,回避：资金观望,0.4
603333,福华尚纬,9.43,-65.3,1.31,-46.9,-8.64,-33645968,-34921884,-47988561,-2632476,-2430387,4363257,缩量,低,情绪退潮,观望,资金撤退型,,D,回避：资金撤退,-2.9
603328,依顿电子,15.2,290.2,0.47,433.4,2.4,109992007,149386311,91947445,222666871,235459066,-128415235,放量,低,游资情绪,抢筹,趋势转多型,资金+业绩共振(双击候选),B,关注：资金+业绩共振,88.8
603336,宏辉果蔬,10.61,-9.3,0.4,52.0,1.11,16192242,43316457,77584288,-16938751,-12569027,3309546,缩量,低,情绪退潮,观望,均衡流入型,,D,回避：资金观望,0.4
603334,丰倍生物,32.17,-53.4,0.86,-8.7,4.98,13367397,8494097,-5129850,-1587851,-757875,1687883,缩量,低,情绪退潮,观望,资金观望型,,D,回避：资金观望,1.7
603335,迪生力,6.22,-76.0,0.44,-19.8,0.57,2064959,-25312871,-58304090,-2314260,-1838791,2961980,缩量,低,情绪退潮,观望,资金观望型,,D,回避：资金观望,0.2
603338,浙江鼎力,54.28,-61.2,0.74,-37.4,-0.78,-6123170,-3889947,-36974307,-7913121,-1863795,-1779131,缩量,低,情绪退潮,观望,资金观望型,,D,回避：资金观望,-0.3
603339,四方科技,12.75,-59.5,5.3,-55.1,-3.07,-18201751,-35562144,-154133004,-8710140,-1183337,14555540,缩量,低,情绪退潮,观望,资金撤退型,,D,回避：资金撤退,-1.0
603344,星德胜,22.52,108.4,0.96,13.0,-5.2,-18395192,-17295551,-820282,-2217967,-5514116,5149412,放量,低,游资情绪,观望,资金观望型,,D,回避：资金观望,6.3
603341,龙旗科技,38.43,-0.5,1.42,4.2,2.39,55708892,-58017787,-78275339,-72968097,-61344765,57429639,缩量,低,情绪退潮,观望,资金观望型,,D,回避：资金观望,0.8
603350,安乃达,28.4,-60.3,0.7,8.4,-4.45,-2600947,-1734898,-6175767,-99886,0,403734,缩量,低,情绪退潮,观望,资金观望型,,D,回避：资金观望,-1.5
603348,文灿股份,14.41,-19.3,0.86,-32.2,-1.17,-1732705,-11754292,-6896151,3558239,2673693,-3788201,缩量,低,情绪退潮,观望,资金观望型,,D,回避：资金观望,-0.4
603337,杰克科技,37.65,-61.3,1.64,-9.3,0.9,4813444,15623,-21522872,1838381,2768484,622502,缩量,低,情绪退潮,进场,资金观望型,资金+业绩共振(双击候选),B,关注：资金+业绩共振,72.3
603352,至信股份,25.79,-65.3,0.86,-14.6,-2.02,-2411868,-6455441,-8143782,-70973,736450,2294412,缩量,低,情绪退潮,观望,资金撤退型,,D,回避：资金撤退,-0.7
603353,和顺石油,46.23,213.2,0.32,75.4,0.71,21866367,295996681,483890886,-46274576,-29780537,57660328,放量,低,游资情绪,观望,均衡流入型,,D,回避：资金观望,8.2
603357,设计总院,5.96,-34.0,0.38,-19.2,-1.2,-785893,-6646692,-8851599,4424607,1810218,-1908860,缩量,低,情绪退潮,观望,资金撤退型,,D,回避：资金撤退,-0.4
603356,华菱精工,17.38,38.2,0.57,-20.1,-5.0,-11648623,-16278929,-32223699,11268930,6724530,-16384329,缩量,低,情绪退潮,观望,资金撤退型,,D,回避：资金撤退,-1.7
603360,百傲化学,12.84,-56.7,0.4,-18.8,-0.15,-1119772,-26276079,-60630658,-6106519,-3025500,3170498,缩量,低,情绪退潮,观望,资金撤退型,,D,回避：资金撤退,-0.0
603351,威尔药业,27.55,20.5,1.42,93.1,4.69,17574488,16295609,6873751,1022633,-1464651,8585647,缩量,低,情绪退潮,进场,资金观望型,资金+业绩共振(双击候选),B,关注：资金+业绩共振,73.6
603345,安井食品,79.48,-42.3,0.71,-5.0,1.32,35299959,-21973386,4247385,15108194,14020864,-12105757,缩量,低,情绪退潮,吸筹,资金观望型,资金+业绩共振(双击候选),B,关注：资金+业绩共振,64.4
603366,日出东方,7.33,19.0,1.19,9.3,-5.2,-45862169,63361242,59084134,-5709380,422922,5408422,缩量,低,情绪退潮,观望,资金观望型,,D,回避：资金观望,-1.7
603355,莱克电气,32.38,104.0,0.71,23.5,-0.53,-4241633,20768748,66375395,6714858,3664915,-92537,放量,低,游资情绪,抢筹,高位分歧型,机构吸筹+盈利(关注),C,谨慎：资金流入未验证业绩,47.8
603365,水星家纺,16.06,-34.5,0.25,-37.6,-1.85,-1864400,-1400876,-11834669,-3001545,-2476367,4848943,缩量,低,情绪退潮,观望,资金观望型,,D,回避：资金观望,-0.6
603358,华达科技,46.43,-37.0,1.26,-47.6,0.46,7965669,31471505,213851650,7304690,2666937,-10771790,缩量,低,情绪退潮,进场,长线吸筹型,资金+业绩共振(双击候选),B,关注：资金+业绩共振,72.2
603367,辰欣药业,14.48,-66.4,2.57,-25.2,-1.15,-5431790,-25402382,-50660742,-8118456,-1128157,10441290,缩量,低,情绪退潮,观望,资金撤退型,,D,回避：资金撤退,-0.4
603370,华新精科,27.44,40.1,0.74,21.2,-0.86,-2233500,-5865333,-32423943,-1861586,-2419750,1717765,缩量,低,情绪退潮,观望,资金撤退型,,D,回避：资金撤退,-0.3
603368,柳药集团,15.24,-24.9,1.12,-3.1,-1.28,-2475587,-13146083,-45793833,-9418098,-6873036,592082,缩量,低,情绪退潮,观望,资金撤退型,,D,回避：资金撤退,-0.4
603382,海阳科技,18.97,-32.3,1.78,-43.4,-1.9,-2826523,-7977919,-29177125,-1867171,-1110710,2743328,缩量,低,情绪退潮,观望,资金撤退型,,D,回避：资金撤退,-0.6
603381,永臻股份,15.08,-29.0,0.47,-17.5,-2.28,-5751621,-10101508,-29864648,-2574391,-1688149,4169146,缩量,低,情绪退潮,观望,资金撤退型,,D,回避：资金撤退,-0.8
603375,盛景微,44.77,215.2,1.04,94.6,-0.84,-16851035,-33954402,27951417,-26670389,-22005993,18161889,放量,低,游资情绪,观望,资金观望型,,D,回避：资金观望,7.7
603379,三美股份,51.31,-69.0,1.65,-6.9,1.18,19188100,-98041072,-168558408,-9389236,-16481139,-22087857,缩量,低,情绪退潮,观望,资金观望型,,D,回避：资金观望,0.4
603380,易德龙,35.66,-51.5,2.62,-38.0,-2.11,-9298092,-34630214,-81016228,5065390,1434113,978199,缩量,低,情绪退潮,观望,资金撤退型,,D,回避：资金撤退,-0.7
603369,今世缘,27.26,3.2,1.1,-26.5,-3.1,-47770354,-107308480,-54632690,-198810,6519972,-857738,缩量,低,情绪退潮,吸筹,资金观望型,机构吸筹+盈利(关注),C,谨慎：资金流入未验证业绩,23.0
603385,惠达卫浴,5.65,-30.2,0.53,-27.3,-6.5,-6245879,-5008895,-10555897,-573767,0,-1473249,缩量,低,情绪退潮,观望,资金观望型,,D,回避：资金观望,-2.2
603386,骏亚科技,19.37,127.2,1.37,582.9,-7.7,-153851944,-3554948,-35911056,14198843,4398091,-25104869,放量,低,游资情绪,观望,资金观望型,,D,回避：资金观望,5.4
603373,安邦护卫,47.96,57.3,2.92,30.7,-0.81,-4152633,-16648766,-5481137,14598872,21019519,-7605830,放量,低,游资情绪,抢筹,资金观望型,机构吸筹+盈利(关注),C,谨慎：资金流入未验证业绩,47.7
603387,基蛋生物,9.95,-5.1,0.73,20.1,-1.35,-9169644,-21223457,-32567236,-16149158,-7950933,28494239,缩量,低,情绪退潮,观望,资金撤退型,,D,回避：资金撤退,-0.5
603391,力聚热能,68.21,-33.6,1.55,-26.2,-2.14,-10205971,-13783505,40507131,2761516,1897986,-2789718,缩量,低,情绪退潮,观望,长线吸筹型,,D,回避：资金观望,-0.7
603376,大明电子,27.23,0.4,0.91,-15.3,2.39,7221315,5582506,5823168,1324643,-102693,796617,缩量,低,情绪退潮,进场,资金观望型,资金+业绩共振(双击候选),B,关注：资金+业绩共振,72.8
603383,顶点软件,27.18,-72.9,0.8,-43.0,7.15,18015978,3463384,-1756539,-5489633,-4725057,-299961,缩量,中,主力惜售,进场,资金观望型,资金+业绩共振(双击候选),B,关注：资金+业绩共振,86.4
603389,亚振家居,44.3,-41.3,1.04,32.8,-3.48,-18485187,-4332231,-12853925,-5201894,-1588491,7879937,缩量,低,情绪退潮,观望,资金观望型,,D,回避：资金观望,-1.2
603392,万泰生物,26.93,33.4,1.24,-45.1,-1.54,-12550780,-26283904,86827595,12919371,8061014,-10540021,缩量,低,情绪退潮,观望,长线吸筹型,,D,回避：资金观望,-0.5
603393,新天然气,25.19,-40.8,0.64,-15.6,-3.11,-19857337,-3158288,-49469359,-10642512,-13088640,-3043477,缩量,低,情绪退潮,观望,资金观望型,,D,回避：资金观望,-1.0
603400,华之杰,54.67,-100.0,1.28,6.7,3.03,28355680,98002319,200090350,0,0,0,缩量,低,情绪退潮,观望,主力建仓型,,D,回避：资金观望,1.0
603399,永杉锂业,13.54,-66.9,1.35,-30.6,-1.67,-32618807,-35560533,-319377616,-66276267,-53703588,68880224,缩量,低,情绪退潮,观望,资金撤退型,,D,回避：资金撤退,-0.6
603390,通达电气,11.07,166.3,0.12,41.7,3.55,26847325,50545290,102256161,10669744,3339766,-11355767,放量,低,游资情绪,进场,主力建仓型,资金+业绩共振(双击候选),B,关注：资金+业绩共振,81.2
603408,建霖家居,11.69,-40.0,0.83,-36.3,-0.38,-460270,837763,-12383744,-1274536,-1003000,783377,缩量,低,情绪退潮,观望,资金观望型,,D,回避：资金观望,-0.1
603406,天富龙,28.4,63.5,1.21,-20.2,-8.92,-31977719,-26217430,-33028303,3757607,1151161,-3498952,放量,低,游资情绪,观望,资金观望型,,D,回避：资金观望,5.0
603395,红四方,26.78,252.8,0.89,-54.2,5.85,96596355,25281864,129044403,-11257483,-8379529,32501018,放量,中,主力偏强放量,进场,资金观望型,资金+业绩共振(双击候选),B,关注：资金+业绩共振,90.0
603396,金辰股份,32.4,157.2,0.59,-45.9,1.23,12003275,-10794757,81193775,75534319,80599541,-43621733,放量,低,游资情绪,抢筹,长线吸筹型,资金+业绩共振(双击候选),B,关注：资金+业绩共振,88.4
603402,陕西旅游,62.01,9.1,0.65,-39.5,7.7,79324434,-7238635,-22570667,10689,-1375889,-867246,缩量,中,主力惜售,进场,资金观望型,资金+业绩共振(双击候选),B,关注：资金+业绩共振,86.6
603409,汇通控股,17.89,-27.5,0.49,-32.9,2.86,3596435,2563199,-8669007,-152867,2030465,1859080,缩量,低,情绪退潮,观望,资金观望型,,D,回避：资金观望,1.0
603416,信捷电气,46.71,-74.8,1.8,-33.6,2.01,6402921,13801218,22996470,-2754316,-476730,1647689,缩量,低,情绪退潮,观望,主力建仓型,,D,回避：资金观望,0.7
603439,三力制药,13.88,51.9,4.03,355.0,-4.32,-103101369,-71996292,-67130367,-20025915,-11239487,18410250,放量,低,游资情绪,观望,资金观望型,,D,回避：资金观望,6.6
603421,鼎信通讯,6.5,208.8,0.52,610.4,-4.21,-59033561,91876978,76098470,17903222,12619034,2986551,放量,低,游资情绪,观望,资金观望型,,D,回避：资金观望,6.6
603418,友升股份,44.72,429.6,0.66,31.3,-2.74,-13407696,-6058317,22247326,-25656990,549082,27035130,放量,低,游资情绪,观望,长线吸筹型,,D,回避：资金观望,7.1
603444,吉比特,344.58,-57.9,0.7,-39.9,-3.19,-68319869,-292513015,-415085416,-47817815,-47937080,44230948,缩量,低,情绪退潮,观望,资金撤退型,,D,回避：资金撤退,-1.1
603458,勘设股份,10.89,-57.1,0.87,-8.0,-4.79,-27662350,46142730,67221091,-3226592,-5538761,-4296987,缩量,低,情绪退潮,观望,资金观望型,,D,回避：资金观望,-1.6
603466,风语筑,12.69,6.1,2.52,-9.2,0.58,24516582,261203325,547913982,-32030398,-22870985,34961262,缩量,低,情绪退潮,观望,均衡流入型,,D,回避：资金观望,0.2
603459,红板科技,88.78,-63.0,1.45,-9.9,-5.21,-237650457,-181264777,-142238854,-55173428,-33767327,73974929,缩量,低,情绪退潮,观望,资金观望型,,D,回避：资金观望,-1.7
603477,巨星农牧,14.24,-52.8,0.94,-30.0,3.08,22662094,-18586037,-23698363,-9992619,-9809716,-469750,缩量,低,情绪退潮,观望,资金观望型,,D,回避：资金观望,1.0
603456,九洲药业,16.66,0.3,1.25,22.4,0.88,19482682,-17885634,-43507807,42999195,39271533,-6301478,缩量,低,情绪退潮,吸筹,资金观望型,资金+业绩共振(双击候选),B,关注：资金+业绩共振,64.3
603499,翔港科技,13.35,-52.6,0.79,-28.0,-8.35,-17999305,-55018726,-15008166,-3028464,-642387,5256355,缩量,低,情绪退潮,观望,长线吸筹型,,D,回避：资金观望,-2.8
603489,八方股份,29.46,-38.1,0.28,-3.5,-0.81,-2749240,-4470256,4075824,-453992,-1023052,635374,缩量,低,情绪退潮,观望,资金观望型,,D,回避：资金观望,-0.3
603488,展鹏科技,7.98,-59.7,0.55,-19.4,-4.4,-11190595,-30641757,-41628348,-3284520,-1822270,127478,缩量,低,情绪退潮,观望,资金撤退型,,D,回避：资金撤退,-1.5
603496,恒为科技,23.0,-81.3,0.56,-0.5,-4.58,-36211979,-33633096,-124727325,-4415737,1921437,6928205,缩量,低,情绪退潮,观望,资金观望型,,D,回避：资金观望,-1.5
603505,金石资源,15.22,-82.7,1.8,-8.1,-0.93,-5615116,-43471414,-44125841,-18657437,-21148165,7129127,缩量,低,情绪退潮,观望,资金撤退型,,D,回避：资金撤退,-0.3
603508,思维列控,20.94,-71.5,0.45,-23.0,-4.57,-7434165,-17509879,-29965342,1097458,1445782,2330056,缩量,低,情绪退潮,观望,资金撤退型,,D,回避：资金撤退,-1.5
603486,科沃斯,50.75,-58.1,0.5,-18.5,1.6,14259965,8343698,-90340558,4177531,-2369357,-10699878,缩量,低,情绪退潮,进场,资金观望型,资金+业绩共振(双击候选),B,关注：资金+业绩共振,72.5
603500,祥和实业,9.47,-18.3,1.87,10.5,1.4,6111751,-4785013,-17387984,3635297,639661,-6280440,缩量,低,情绪退潮,进场,资金观望型,资金+业绩共振(双击候选),B,关注：资金+业绩共振,72.5
603501,豪威集团,82.77,-80.5,0.75,-17.9,6.22,334313661,198258857,-667886598,15457538,2427276,-1782779,缩量,中,主力惜售,吸筹,资金观望型,资金+业绩共振(双击候选),B,关注：资金+业绩共振,78.1
603506,南都物业,12.21,58.1,0.73,-42.7,1.24,3235937,-1241591,-6145701,2187604,1740707,3960835,放量,低,游资情绪,抢筹,资金观望型,资金+业绩共振(双击候选),B,关注：资金+业绩共振,88.4
603515,欧普照明,14.66,-38.3,0.54,-45.2,-3.73,-3546029,-2994291,-8992467,-1491671,-576240,775397,缩量,低,情绪退潮,观望,资金观望型,,D,回避：资金观望,-1.2
603516,淳中科技,84.99,-63.1,0.48,-36.8,-3.44,-49380276,-139797079,-362827888,-877219,-3828360,7597399,缩量,低,情绪退潮,观望,资金撤退型,,D,回避：资金撤退,-1.1
603507,振江股份,27.74,138.8,0.31,203.4,5.86,139812377,115650841,102135522,39328200,29209132,-18869354,放量,中,主力偏强放量,吸筹,资金观望型,资金+业绩共振(双击候选),B,关注：资金+业绩共振,82.0
603527,众源新材,9.93,-45.9,0.34,-7.6,-3.72,-11131109,-26376773,-64554101,-5749554,-3357966,2392329,缩量,低,情绪退潮,观望,资金撤退型,,D,回避：资金撤退,-1.2
603518,锦泓集团,7.74,-42.3,0.45,2.2,-7.85,-16967250,-27136611,-40249797,1429797,574956,-2073439,缩量,低,情绪退潮,观望,资金撤退型,,D,回避：资金撤退,-2.6
603530,神马电力,46.01,-33.8,0.54,-36.0,1.14,8132747,24534680,130001096,-10038200,-1793702,6132919,缩量,低,情绪退潮,观望,均衡流入型,,D,回避：资金观望,0.4
603529,爱玛科技,21.66,-33.9,0.35,-24.2,-3.56,-12863289,-2543738,-17257182,3474568,1793934,3504964,缩量,低,情绪退潮,观望,资金观望型,,D,回避：资金观望,-1.2
603520,司太立,8.64,-62.6,0.22,-2.8,-4.76,-12039427,-17824554,-37381221,-837066,-1392590,818632,缩量,低,情绪退潮,观望,资金撤退型,,D,回避：资金撤退,-1.6
603528,多伦科技,6.58,-8.6,0.87,46.9,-1.18,-5136348,19583825,15116428,1108914,-205361,-1907566,缩量,低,情绪退潮,观望,资金观望型,,D,回避：资金观望,-0.4
603511,爱慕股份,12.42,-20.2,0.66,-26.5,1.06,858148,-1985372,-7929755,1089426,0,-1924186,缩量,低,情绪退潮,进场,资金观望型,资金+业绩共振(双击候选),B,关注：资金+业绩共振,72.4
603533,掌阅科技,22.55,10.7,1.34,-40.7,2.03,61462315,71906811,545631946,-30871771,-22698345,43449978,缩量,低,情绪退潮,观望,均衡流入型,,D,回避：资金观望,0.7
603519,立霸股份,17.22,13.6,2.59,-35.4,-1.02,-5913656,-9339846,-81204986,8601571,13755814,-4516757,缩量,低,情绪退潮,吸筹,资金撤退型,机构吸筹+盈利(关注),C,谨慎：资金流入未验证业绩,23.7
603538,美诺华,27.78,-41.1,0.62,-20.7,2.37,151549851,-141658716,91457037,-47487092,-45146782,29346437,缩量,低,情绪退潮,观望,资金观望型,,D,回避：资金观望,0.8
603551,奥普科技,9.29,-24.8,0.52,-34.6,1.38,1048135,136364,1687470,-4274608,0,2054557,缩量,低,情绪退潮,观望,资金观望型,,D,回避：资金观望,0.5
603556,海兴电力,23.16,-75.5,1.61,-39.1,-4.96,-17527141,-60651007,-82053544,-7503737,-2376052,6828279,缩量,低,情绪退潮,观望,资金撤退型,,D,回避：资金撤退,-1.7
603535,嘉诚国际,6.22,-39.3,0.77,-13.9,0.29,275857,-3234227,-81913,464862,800,-2070976,缩量,低,情绪退潮,进场,资金观望型,资金+业绩共振(双击候选),B,关注：资金+业绩共振,72.1
603559,中通国脉,9.22,-0.3,3.26,-60.9,3.53,22624591,-31073873,-51331979,-9373346,-11181178,5087755,缩量,低,情绪退潮,观望,资金观望型,,D,回避：资金观望,1.2
603565,中谷物流,11.82,-19.0,0.67,-33.3,-2.0,-18977166,-28029828,-158073133,-2839299,-552052,-2169473,缩量,低,情绪退潮,观望,资金撤退型,,D,回避：资金撤退,-0.7
603566,普莱柯,10.22,-52.3,0.66,-25.0,-5.92,-6388859,-4706238,-4430326,-379129,1100548,1105486,缩量,低,情绪退潮,观望,资金观望型,,D,回避：资金观望,-2.0
603536,惠发食品,9.87,-21.4,0.74,-41.0,3.24,7430831,4630086,16207859,76775,1027952,2322340,缩量,低,情绪退潮,进场,资金观望型,纯资金炒作(亏损风险),C,谨慎：纯资金炒作,13.1
603577,汇金通,9.66,-57.3,0.93,-21.1,0.36,545897,-13604050,-34950940,-1877281,0,-1728115,缩量,低,情绪退潮,观望,资金观望型,,D,回避：资金观望,0.1
603567,珍宝岛,5.31,-79.4,3.51,-34.1,-0.84,-4811959,-31510155,-66163139,-6819856,-3920840,4357256,缩量,低,情绪退潮,观望,资金撤退型,,D,回避：资金撤退,-0.3
603578,三星新材,13.9,-17.9,1.06,38.2,-1.07,-2933501,10268851,3895765,-6163047,-7393247,4620461,缩量,低,情绪退潮,观望,资金观望型,,D,回避：资金观望,-0.4
603569,长久物流,5.78,-35.4,0.59,-32.5,1.49,1200032,-1275728,6638639,-917709,0,440724,缩量,低,情绪退潮,观望,长线吸筹型,,D,回避：资金观望,0.5
603558,健盛集团,13.05,18.9,0.5,113.2,1.88,8114473,-1631190,-6509543,871069,-1522140,-932888,缩量,低,情绪退潮,进场,资金观望型,资金+业绩共振(双击候选),B,关注：资金+业绩共振,72.6
603583,捷昌驱动,28.64,35.3,0.64,-28.3,3.88,34532730,28985039,56642952,-645844,-995424,5145291,缩量,低,情绪退潮,观望,资金观望型,,D,回避：资金观望,1.3
603568,伟明环保,13.77,-49.8,0.77,-33.3,1.42,6527180,-5610196,-13662024,8108028,9753293,-358058,缩量,低,情绪退潮,吸筹,资金观望型,资金+业绩共振(双击候选),B,关注：资金+业绩共振,64.5
603585,苏利股份,10.47,-33.2,0.21,-32.3,-9.27,-16164768,-23733660,-8890405,1132020,-492072,-4200149,缩量,低,情绪退潮,观望,长线吸筹型,,D,回避：资金观望,-3.1
603586,金麒麟,13.71,-28.1,0.21,-31.9,-2.98,-2922705,-8150431,-11350263,-489725,517836,1338803,缩量,低,情绪退潮,观望,资金撤退型,,D,回避：资金撤退,-1.0
603579,荣泰健康,17.85,-2.0,0.25,-3.9,-1.67,-4864402,-9196393,3064053,194247,1131815,-245569,缩量,低,情绪退潮,吸筹,资金观望型,机构吸筹+盈利(关注),C,谨慎：资金流入未验证业绩,23.4
603589,口子窖,18.0,17.7,1.43,13.3,3.26,17245064,-4784140,3831459,-12672996,-11823330,6357490,缩量,低,情绪退潮,观望,资金观望型,,D,回避：资金观望,1.1
603590,康辰药业,29.92,-74.8,1.42,-24.6,-0.33,-850339,-15459194,-36953342,-1512641,479243,1138970,缩量,低,情绪退潮,观望,资金撤退型,,D,回避：资金撤退,-0.1
603599,广信股份,10.6,-49.2,0.34,-58.8,0.11,479296,-39754110,117169222,-2168572,-584288,-305684,缩量,低,情绪退潮,观望,长线吸筹型,,D,回避：资金观望,0.0
603580,艾艾精工,77.56,178.4,9.69,-24.7,6.53,230777469,341065082,310437728,-94926941,-35499268,107541625,放量,中,主力偏强放量,进场,短线抢筹型,资金+业绩共振(双击候选),B,关注：资金+业绩共振,90.2
603596,伯特利,28.72,-40.7,0.81,-50.5,2.41,46249889,18867160,-184468129,-12645388,-9675987,4534557,缩量,低,情绪退潮,观望,资金观望型,,D,回避：资金观望,0.8
603601,再升科技,10.12,-8.8,0.28,262.8,-0.96,-65440284,702104607,657557443,-77566365,-40556351,132217961,缩量,低,情绪退潮,观望,资金观望型,,D,回避：资金观望,-0.3
603602,纵横通信,11.49,-38.8,0.63,-7.0,-2.99,-4095640,-9021759,-5788842,2113114,-805091,-3335981,缩量,低,情绪退潮,观望,资金观望型,,D,回避：资金观望,-1.0
603587,地素时尚,12.16,4.9,0.59,-55.9,0.38,626471,-5028235,-25668134,1346859,564006,-3807831,缩量,低,情绪退潮,进场,资金观望型,资金+业绩共振(双击候选),B,关注：资金+业绩共振,72.1
603588,高能环境,17.46,16.1,1.71,-16.6,4.05,173484811,122303649,557466054,129669738,86072996,-126633086,缩量,低,情绪退潮,进场,资金观望型,资金+业绩共振(双击候选),B,关注：资金+业绩共振,73.3
603605,珀莱雅,56.79,11.5,1.2,-18.5,-0.06,-956648,-33782553,-178408245,40802315,13412836,-37738496,缩量,低,情绪退潮,观望,资金撤退型,,D,回避：资金撤退,-0.0
603600,永艺股份,10.3,-29.7,0.33,-43.3,-1.82,-3942210,-26818773,-16991142,2217207,1659860,-477737,缩量,低,情绪退潮,吸筹,资金观望型,机构吸筹+盈利(关注),C,谨慎：资金流入未验证业绩,23.4
603598,引力传媒,19.12,307.3,1.33,-29.9,9.6,224797266,162632708,309926844,-103409544,-85427772,89172493,放量,中,主力偏强放量,进场,资金观望型,资金+业绩共振(双击候选),B,关注：资金+业绩共振,91.2
603606,东方电缆,35.56,-66.0,0.75,66.4,-7.15,-154986375,-61824589,-190186454,-24127685,-21037337,18714019,缩量,低,情绪退潮,观望,资金观望型,,D,回避：资金观望,-2.4
603607,京华激光,23.53,0.9,1.64,92.8,2.96,34068316,26171118,43444282,-10677963,-6858949,6320881,缩量,低,情绪退潮,观望,资金观望型,,D,回避：资金观望,1.0
603608,天创时尚,21.13,-58.6,2.66,-29.2,0.57,10657341,37384126,273162446,-23628244,-9725354,7315833,缩量,低,情绪退潮,观望,长线吸筹型,,D,回避：资金观望,0.2
603611,诺力股份,15.71,-61.1,0.47,-36.0,-11.4,-12168899,-20445041,-37364267,-635083,-859397,1028521,缩量,低,情绪退潮,观望,资金撤退型,,D,回避：资金撤退,-3.8
603610,麒盛科技,13.73,-66.8,1.25,-17.6,-1.68,-5068030,-22806062,-58655472,-2788232,979196,327120,缩量,低,情绪退潮,观望,资金撤退型,,D,回避：资金撤退,-0.6
603613,国联股份,20.47,-8.9,0.47,-17.3,-0.92,-15276920,-5710263,142107880,-24185680,-22386874,23030693,缩量,低,情绪退潮,观望,长线吸筹型,,D,回避：资金观望,-0.3
603615,茶花股份,19.11,4.4,0.77,25.5,0.02,134138,19585909,70736805,-2951749,-531659,3423514,缩量,低,情绪退潮,观望,均衡流入型,,D,回避：资金观望,0.0
603617,君禾股份,6.78,-62.9,1.09,-25.2,-6.06,-9025141,-10647936,-16608307,-1377333,-661507,1025768,缩量,低,情绪退潮,观望,资金撤退型,,D,回避：资金撤退,-2.0
603618,杭电股份,37.74,-5.7,0.78,-23.7,-3.78,-621913496,-1423827447,134052544,-156458917,-73130165,268175932,缩量,低,情绪退潮,观望,长线吸筹型,,D,回避：资金观望,-1.3
603609,禾丰股份,6.34,-0.8,0.86,-30.6,0.99,1402867,-13535324,-37567306,220390,-38570,-2371939,缩量,低,情绪退潮,进场,资金观望型,资金+业绩共振(双击候选),B,关注：资金+业绩共振,72.3
603619,中曼石油,21.6,-61.5,1.16,-4.1,-4.71,-122159172,-64926340,-131563070,-19264890,-22050287,17723652,缩量,低,情绪退潮,观望,资金观望型,,D,回避：资金观望,-1.6
603630,拉芳家化,14.38,-35.2,1.64,-35.7,-0.59,-2057574,-6318930,-24139770,10481680,5625360,-10627181,缩量,低,情绪退潮,观望,资金撤退型,,D,回避：资金撤退,-0.2
603633,徕木股份,6.37,-31.2,0.72,20.5,-2.12,-4745129,-13033609,-20754414,-3517918,-480235,2576872,缩量,低,情绪退潮,观望,资金撤退型,,D,回避：资金撤退,-0.7
603628,清源股份,10.31,38.6,0.31,-31.9,-0.06,-150752,1311227,54642061,-2110912,-1098653,-180012,缩量,低,情绪退潮,观望,长线吸筹型,,D,回避：资金观望,-0.0
603612,索通发展,16.87,-18.6,0.65,-27.9,-5.28,-36349409,-37735050,12494802,14677310,14337920,-12666678,缩量,低,情绪退潮,吸筹,长线吸筹型,机构吸筹+盈利(关注),C,谨慎：资金流入未验证业绩,22.2
603629,利通电子,111.57,-37.5,1.15,-13.2,-0.88,-149191526,-202925608,-1233830246,-433967231,-308119645,392287942,缩量,低,情绪退潮,观望,资金撤退型,,D,回避：资金撤退,-0.3
603616,韩建河山,5.59,-40.1,0.7,-33.2,0.9,2026073,-10768281,-753777,5427419,2467398,-3371340,缩量,低,情绪退潮,进场,资金观望型,纯资金炒作(亏损风险),C,谨慎：纯资金炒作,12.3
603637,镇海股份,14.45,-34.4,0.48,-10.2,-1.57,-10013782,-7029518,-38745334,-2966755,-4706151,-574258,缩量,低,情绪退潮,观望,资金观望型,,D,回避：资金观望,-0.5
603626,科森科技,22.88,31.7,0.47,-0.7,7.74,444334793,416336072,751293187,21244925,9353052,-37988914,缩量,中,主力惜售,进场,资金观望型,纯资金炒作(亏损风险),C,谨慎：纯资金炒作,26.6
603639,海利尔,10.43,-66.1,0.31,-48.4,-3.95,-2208062,2097442,-2367226,-99094,0,151340,缩量,低,情绪退潮,观望,资金观望型,,D,回避：资金观望,-1.3
603648,畅联股份,9.65,-22.2,0.69,0.2,-0.57,-722825,-8396275,-1183768,-338155,-2050392,-1117786,缩量,低,情绪退潮,观望,长线吸筹型,,D,回避：资金观望,-0.2
603636,南威软件,8.81,384.6,1.78,114.9,13.5,170590936,170378997,137777227,-22874633,-11798612,26608514,放量,高,主力主导放量🔥(最强),进场,资金观望型,纯资金炒作(亏损风险),C,谨慎：纯资金炒作,36.5
603650,彤程新材,69.23,-54.5,2.51,115.4,-1.16,-102971221,730889257,518067234,-25239165,-2713289,45770712,缩量,低,情绪退潮,观望,资金观望型,,D,回避：资金观望,-0.4
603656,泰禾智能,17.57,-19.6,0.6,20.7,-5.28,-8591305,-3151241,-4085377,-1115972,401712,3226383,缩量,低,情绪退潮,观望,资金观望型,,D,回避：资金观望,-1.8
603657,春光科技,36.64,125.6,0.74,190.6,-0.21,-2483896,29851233,15872264,-15169488,-11178646,14865389,放量,低,游资情绪,观望,资金观望型,,D,回避：资金观望,7.9
603638,艾迪精密,18.83,-27.7,2.08,-7.3,1.21,9062950,13701863,6099122,27402612,17083116,-29547803,缩量,低,情绪退潮,进场,趋势转多型,资金+业绩共振(双击候选),B,关注：资金+业绩共振,72.4
603658,安图生物,34.44,206.8,1.8,35.1,3.71,34178133,34989582,31742172,-73006100,-59914251,80038746,放量,低,游资情绪,观望,趋势转多型,,D,回避：资金观望,9.2
603661,恒林股份,35.63,43.0,2.53,83.2,-3.32,-21985103,-26798481,-12490733,12959293,-521443,-17864878,缩量,低,情绪退潮,观望,资金观望型,,D,回避：资金观望,-1.1
603660,苏州科达,9.75,-50.4,0.52,-1.5,0.65,5584089,-31006727,-151625873,-4790729,-3618165,4283662,缩量,低,情绪退潮,观望,资金观望型,,D,回避：资金观望,0.2
603662,柯力传感,49.71,-83.1,3.19,-26.9,-0.52,-4159795,-57180314,-90624316,-2842726,1923983,2522037,缩量,低,情绪退潮,观望,资金撤退型,,D,回避：资金撤退,-0.2
603659,璞泰来,22.04,-69.6,0.29,-3.7,-1.97,-35773948,-173888299,-375762546,-1061495,-725978,7892815,缩量,低,情绪退潮,观望,资金撤退型,,D,回避：资金撤退,-0.7
603655,朗博科技,32.8,84.0,0.23,22.7,3.84,14352426,14221279,2074718,6197774,657269,-407808,放量,低,游资情绪,吸筹,资金观望型,资金+业绩共振(双击候选),B,关注：资金+业绩共振,73.3
603667,五洲新春,49.69,-76.6,1.29,-14.9,0.02,709372,-84018871,-133602826,-2654435,-5914475,1245648,缩量,低,情绪退潮,观望,资金观望型,,D,回避：资金观望,0.0
603668,天马科技,12.28,-19.3,0.92,-32.8,1.31,7594984,-53800769,-21283245,-9893982,-10123182,12069279,缩量,低,情绪退潮,观望,资金观望型,,D,回避：资金观望,0.4
603663,三祥新材,47.0,-1.3,2.56,30.7,3.22,189017572,654030750,371283082,31068183,-7125500,-73773802,缩量,低,情绪退潮,进场,趋势转多型,资金+业绩共振(双击候选),B,关注：资金+业绩共振,73.1
603677,奇精机械,14.41,-32.7,1.25,67.9,0.83,1462937,169306,-6957142,-1550743,-838022,1064792,缩量,低,情绪退潮,观望,资金观望型,,D,回避：资金观望,0.3
603678,火炬电子,49.98,-55.6,4.06,86.0,-5.0,-289723038,-38805205,-53462162,-10069365,-10876732,1936652,缩量,低,情绪退潮,观望,资金观望型,,D,回避：资金观望,-1.7
603665,康隆达,22.1,26.2,0.68,-31.1,-0.92,-2632710,-16864189,-1034932,8235618,5213598,-2379539,缩量,低,情绪退潮,吸筹,资金观望型,机构吸筹+盈利(关注),C,谨慎：资金流入未验证业绩,23.7
603666,亿嘉和,27.74,-9.7,0.86,-21.8,0.92,4522499,10755328,-32163320,4907860,519893,-4571926,缩量,低,情绪退潮,进场,趋势转多型,纯资金炒作(亏损风险),C,谨慎：纯资金炒作,12.3
603680,今创集团,10.21,-31.9,0.32,25.0,-6.55,-25329908,-27737504,-37322676,892385,195772,1682387,缩量,低,情绪退潮,观望,资金撤退型,,D,回避：资金撤退,-2.2
603679,华体科技,23.5,205.1,2.15,22.6,1.13,19968351,87093406,157308239,-116663543,-143993331,47733854,放量,低,游资情绪,观望,均衡流入型,,D,回避：资金观望,8.4
603676,卫信康,8.94,-66.5,0.88,-22.6,5.77,3978487,3868170,5843109,337514,0,981339,缩量,中,主力惜售,进场,资金观望型,资金+业绩共振(双击候选),B,关注：资金+业绩共振,85.9
603682,锦和商管,9.76,-51.5,0.92,-33.3,-5.13,-24994906,-57338891,-140514282,-8697354,377907,-3939487,缩量,低,情绪退潮,观望,资金撤退型,,D,回避：资金撤退,-1.7
603669,灵康药业,6.02,-8.4,3.51,86.2,3.99,57213869,67195609,61526382,29205960,32292280,-4026569,缩量,低,情绪退潮,吸筹,趋势转多型,纯资金炒作(亏损风险),C,谨慎：纯资金炒作,5.3
603685,晨丰科技,25.98,-13.8,0.53,-48.7,-6.35,-13834161,-6239481,34588352,-11744528,-8612345,7774229,缩量,低,情绪退潮,观望,高位分歧型,,D,回避：资金观望,-2.1
603686,福龙马,14.13,201.8,0.94,188.7,0.77,29479459,114670409,190996820,-37943860,-33293333,24168398,放量,低,游资情绪,观望,均衡流入型,,D,回避：资金观望,8.3
603681,永冠新材,19.86,41.5,1.15,37.3,0.32,2812887,-20047916,-12468792,12355187,10126521,-16709719,缩量,低,情绪退潮,进场,资金观望型,资金+业绩共振(双击候选),B,关注：资金+业绩共振,72.1
603687,大胜达,15.31,-55.7,0.35,-42.0,-4.68,-69151695,-106158663,10131767,-11234196,-6356872,7624483,缩量,低,情绪退潮,观望,长线吸筹型,,D,回避：资金观望,-1.6
603683,晶华新材,16.58,-55.1,1.3,-26.1,-4.38,-52434242,-13998046,51902687,11519763,9608569,-4912009,缩量,低,情绪退潮,吸筹,高位分歧型,机构吸筹+盈利(关注),C,谨慎：资金流入未验证业绩,22.5
603688,石英股份,50.1,-38.7,0.72,-16.5,1.55,64794437,135463952,205101024,-13328430,-23705223,-5338855,缩量,低,情绪退潮,观望,均衡流入型,,D,回避：资金观望,0.5
603689,皖天然气,7.59,-32.7,0.68,-23.7,3.98,4279369,-9915248,-12559949,-3633163,-649894,1742345,缩量,低,情绪退潮,观望,资金观望型,,D,回避：资金观望,1.3
603693,江苏新能,11.61,-2.0,0.34,421.2,-5.6,-49672185,70587284,63542696,-8966048,-5286246,11129307,缩量,低,情绪退潮,观望,资金观望型,,D,回避：资金观望,-1.9
603696,安记食品,13.82,37.0,1.95,-36.6,0.26,2871735,-81844903,132736286,-15066231,-11742779,23614074,缩量,低,情绪退潮,观望,长线吸筹型,,D,回避：资金观望,0.1
603697,有友食品,9.06,-34.6,0.61,-19.6,0.03,61525,-10552133,-21309416,-1659856,0,-2231621,缩量,低,情绪退潮,观望,资金观望型,,D,回避：资金观望,0.0
603698,航天工程,21.2,-79.7,0.55,-2.4,-3.81,-35911203,-33040738,-87830722,311104,106489,-16888419,缩量,低,情绪退潮,观望,资金观望型,,D,回避：资金观望,-1.3
603700,宁水集团,11.57,-42.6,1.07,-38.2,-7.2,-16710817,-16915892,-70724409,-2446691,-933753,2531753,缩量,低,情绪退潮,观望,资金撤退型,,D,回避：资金撤退,-2.4
603703,盛洋科技,10.43,41.3,0.66,33.6,-0.79,-6714275,-72385602,-130375099,-2198141,1171362,-9321078,缩量,低,情绪退潮,观望,资金撤退型,,D,回避：资金撤退,-0.3
603701,德宏股份,19.29,-31.4,0.6,-38.6,-4.94,-13175182,-11580696,13472771,-3692217,-9774,4720867,缩量,低,情绪退潮,观望,长线吸筹型,,D,回避：资金观望,-1.6
603706,东方环宇,17.11,-38.2,0.51,-52.5,-3.71,-2710946,-4281882,-5273491,-2513773,-3330210,562679,缩量,低,情绪退潮,观望,资金撤退型,,D,回避：资金撤退,-1.2
603707,健友股份,7.91,-22.2,1.18,-46.9,-0.14,-618206,-14834355,98612507,-12030244,-11411814,19017075,缩量,低,情绪退潮,观望,长线吸筹型,,D,回避：资金观望,-0.0
603690,至纯科技,24.24,-72.3,3.02,-17.3,-0.15,-3083982,-4286957,-97968540,13505442,4187612,-4151644,缩量,低,情绪退潮,吸筹,资金撤退型,纯资金炒作(亏损风险),C,谨慎：纯资金炒作,4.0
603708,家家悦,8.91,-16.6,0.75,-34.3,2.36,4832621,-982811,-9932078,-1339455,-207291,-715974,缩量,低,情绪退潮,观望,资金观望型,,D,回避：资金观望,0.8
603711,香飘飘,11.8,-52.0,1.19,-49.5,0.56,1150301,863757,-8731720,-1580992,-2367722,4804763,缩量,低,情绪退潮,观望,资金观望型,,D,回避：资金观望,0.2
603699,纽威股份,44.66,-62.9,0.74,-26.8,1.23,12858608,-17276622,-8269159,6999023,3697241,5681317,缩量,低,情绪退潮,进场,资金观望型,资金+业绩共振(双击候选),B,关注：资金+业绩共振,72.4
603712,七一二,11.54,-11.4,1.09,23.4,2.28,14418639,30581743,-119545,-7631863,-5500792,12387268,缩量,低,情绪退潮,观望,趋势转多型,,D,回避：资金观望,0.8
603716,塞力医疗,16.81,-33.1,2.19,-17.9,1.51,18909410,-15227815,73830767,-9994420,-9248640,9982305,缩量,低,情绪退潮,观望,长线吸筹型,,D,回避：资金观望,0.5
603717,天域生物,5.87,-70.0,1.42,-9.5,-1.29,-2746313,-12453292,-27573903,-643719,-1133872,-1737042,缩量,低,情绪退潮,观望,资金撤退型,,D,回避：资金撤退,-0.4
603719,良品铺子,9.15,-56.2,0.74,-26.9,-1.26,-1908140,-8177506,-5853672,2757343,259722,-2066812,缩量,低,情绪退潮,观望,资金观望型,,D,回避：资金观望,-0.4
603721,中广天择,18.23,86.5,0.99,-51.6,2.29,18036618,-1056951,-66230834,-3747986,-1729410,-4532180,放量,低,游资情绪,观望,资金观望型,,D,回避：资金观望,8.8
603709,中源家居,12.7,20.8,0.2,-30.5,3.14,5204092,3546309,-10284727,240995,-637500,-2206961,缩量,低,情绪退潮,进场,资金观望型,纯资金炒作(亏损风险),C,谨慎：纯资金炒作,13.0
603713,密尔克卫,67.63,-80.4,3.87,-13.8,2.11,11053225,30735486,62075445,3251964,2417766,-2711907,缩量,低,情绪退潮,进场,主力建仓型,资金+业绩共振(双击候选),B,关注：资金+业绩共振,72.7
603726,朗迪集团,24.74,-62.7,1.46,-10.2,-0.89,-3308264,-3530952,-5061779,-4055129,-1528341,6926020,缩量,低,情绪退潮,观望,资金撤退型,,D,回避：资金撤退,-0.3
603728,鸣志电器,50.23,-72.7,1.71,-39.9,-0.05,-718983,-28507622,181931271,-15487472,-12604684,12168514,缩量,低,情绪退潮,观望,长线吸筹型,,D,回避：资金观望,-0.0
603730,岱美股份,9.72,-74.1,1.0,-7.6,-6.25,-41341569,-119722207,-21429604,262778,1661188,873596,缩量,低,情绪退潮,观望,长线吸筹型,,D,回避：资金观望,-2.1
603733,仙鹤股份,18.88,-76.7,3.82,-46.6,-5.89,-30376056,-38579684,6824456,-1670433,797491,4032387,缩量,低,情绪退潮,观望,长线吸筹型,,D,回避：资金观望,-2.0
603737,三棵树,21.83,-9.0,0.92,-23.1,-1.77,-19300493,-34452401,-60459575,3879219,1934539,-4393282,缩量,低,情绪退潮,观望,资金撤退型,,D,回避：资金撤退,-0.6
603739,蔚蓝生物,13.03,55.5,0.53,-23.5,-0.72,-2179848,-3397885,-3696462,-3022288,580746,8571417,放量,低,游资情绪,观望,资金撤退型,,D,回避：资金撤退,7.8
603755,日辰股份,24.16,6.1,0.5,-22.5,-5.4,-6746296,-4196503,-9715665,-705372,0,3036948,缩量,低,情绪退潮,观望,资金观望型,,D,回避：资金观望,-1.8
603727,博迈科,18.23,-38.7,1.04,-0.5,1.23,4055768,5017776,8096261,1521567,-257164,-4188532,缩量,低,情绪退潮,进场,均衡流入型,资金+业绩共振(双击候选),B,关注：资金+业绩共振,72.4
603722,阿科力,29.88,-83.3,2.91,-17.6,2.4,3458338,-5266357,2845130,741749,1246204,518945,缩量,低,情绪退潮,进场,资金观望型,纯资金炒作(亏损风险),C,谨慎：纯资金炒作,12.8
603725,天安新材,11.97,-47.1,4.9,-19.6,6.71,67231870,60729911,-38776378,6512598,9274912,-10623972,缩量,中,主力惜售,进场,资金观望型,资金+业绩共振(双击候选),B,关注：资金+业绩共振,86.2
603758,秦安股份,11.03,43.0,1.03,-58.9,0.95,4530118,-24723118,-42728050,-5914215,-4290492,7515944,缩量,低,情绪退潮,观望,资金观望型,,D,回避：资金观望,0.3
603738,泰晶科技,38.23,-53.3,0.55,-28.5,2.49,116112606,185189507,-38274563,3222729,2301253,-12014518,缩量,低,情绪退潮,进场,趋势转多型,资金+业绩共振(双击候选),B,关注：资金+业绩共振,72.8
603768,常青股份,11.57,-48.1,0.61,-6.8,0.06,62137,-2439612,-364940,-365124,-912845,2004649,缩量,低,情绪退潮,观望,资金观望型,,D,回避：资金观望,0.0
603767,中马传动,13.4,-71.2,0.46,-37.5,-2.02,-3746050,-8438289,-19229316,-906656,0,288925,缩量,低,情绪退潮,观望,资金撤退型,,D,回避：资金撤退,-0.7
603757,大元泵业,69.9,-53.2,2.01,-51.4,2.66,74491032,-109917514,279234591,55841522,47025561,-26602090,缩量,低,情绪退潮,吸筹,资金观望型,资金+业绩共振(双击候选),B,关注：资金+业绩共振,64.9
603759,海天股份,7.93,15.0,0.9,0.6,2.99,8598303,1042109,-3083046,3385322,440197,-5160545,缩量,低,情绪退潮,进场,资金观望型,资金+业绩共振(双击候选),B,关注：资金+业绩共振,73.0
603766,隆鑫通用,14.56,-25.0,1.24,41.1,2.92,31987336,-20427357,-13523668,16771621,15965048,-1273149,缩量,低,情绪退潮,吸筹,资金观望型,资金+业绩共振(双击候选),B,关注：资金+业绩共振,65.0
603777,来伊份,14.5,45.2,0.53,8.2,-4.73,-28957692,-11419624,-49130773,-3111589,196301,7453070,缩量,低,情绪退潮,观望,资金观望型,,D,回避：资金观望,-1.6
603778,国晟科技,8.6,28.1,0.42,-23.9,2.21,77732755,22141363,348620586,-31445933,-17978585,37419155,缩量,低,情绪退潮,观望,资金观望型,,D,回避：资金观望,0.7
603779,威龙股份,8.3,-49.7,7.89,-34.2,-5.65,-25247538,-89809804,-73690111,4769978,2348613,623754,缩量,低,情绪退潮,观望,资金观望型,,D,回避：资金观望,-1.9
603773,沃格光电,102.5,156.3,1.31,90.2,0.52,93485424,446555188,274168785,1126785840,1400739094,-418188149,放量,低,游资情绪,抢筹,趋势转多型,纯资金炒作(亏损风险),C,谨慎：纯资金炒作,28.2
603788,宁波高发,13.77,-65.8,0.17,-19.3,4.94,2946349,2611323,-239342,-1080700,-550508,486543,缩量,低,情绪退潮,观望,资金观望型,,D,回避：资金观望,1.6
603790,雅运股份,25.98,3.0,1.04,0.2,-2.79,-10132371,-13803768,-11242948,1129963,1424718,-3618376,缩量,低,情绪退潮,观望,资金观望型,,D,回避：资金观望,-0.9
603787,新日股份,10.4,-48.4,0.47,-11.2,-0.6,-633663,-3631667,-14409090,-538218,0,431741,缩量,低,情绪退潮,观望,资金撤退型,,D,回避：资金撤退,-0.2
603786,科博达,37.92,-45.2,0.55,-29.8,-0.67,-1865440,-12629783,-25098581,-1055831,-1354340,-205215,缩量,低,情绪退潮,观望,资金撤退型,,D,回避：资金撤退,-0.2
603776,永安行,20.83,45.7,0.46,-10.4,6.47,13286836,21694568,12336894,123736,-3133366,451532,缩量,中,主力惜售,进场,短线抢筹型,纯资金炒作(亏损风险),C,谨慎：纯资金炒作,26.2
603797,联泰环保,4.94,-12.4,1.23,-12.6,2.3,4767407,3534914,4338882,-2749190,-2055766,-109881,缩量,低,情绪退潮,观望,资金观望型,,D,回避：资金观望,0.8
603799,华友钴业,36.17,-64.3,0.53,-13.7,0.29,18338420,-629612339,-1179461016,-128097929,-115252426,77576087,缩量,低,情绪退潮,观望,资金观望型,,D,回避：资金观望,0.1
603800,洪田股份,58.81,-69.0,1.28,-13.3,-6.8,-83665776,-91992464,-223750366,-9160647,-9515066,12328153,缩量,低,情绪退潮,观望,资金撤退型,,D,回避：资金撤退,-2.3
603806,福斯特,14.3,-60.4,0.5,-27.8,-3.77,-48478248,-86433700,-184141702,-13215391,-7385912,7900153,缩量,低,情绪退潮,观望,资金撤退型,,D,回避：资金撤退,-1.3
603809,豪能股份,8.68,-64.6,1.28,-10.9,-1.22,-3096181,-9234397,-20266910,444947,1527007,4460744,缩量,低,情绪退潮,观望,资金撤退型,,D,回避：资金撤退,-0.4
603810,XD丰山集,11.95,-31.2,0.49,-6.7,0.04,45822,-342080,-7906383,-737463,-488370,-739001,缩量,低,情绪退潮,观望,资金观望型,,D,回避：资金观望,0.0
603815,交建股份,5.11,-63.1,0.38,-10.1,-4.45,-7234344,-2086302,-13434206,-4106255,-3765976,770965,缩量,低,情绪退潮,观望,资金观望型,,D,回避：资金观望,-1.5
603798,康普顿,13.56,-49.3,0.41,-23.0,0.06,152314,-20348718,-10322844,616143,914961,-1146217,缩量,低,情绪退潮,进场,资金观望型,资金+业绩共振(双击候选),B,关注：资金+业绩共振,72.0
603813,原尚股份,25.5,5.9,0.47,16.1,1.13,1392145,1313078,-6818400,-5366391,-1286645,2773211,缩量,低,情绪退潮,观望,资金观望型,,D,回避：资金观望,0.4
603811,诚意药业,6.96,-56.0,0.44,-9.4,-6.73,-10785834,-25260804,-24316827,-298818,131408,867871,缩量,低,情绪退潮,观望,资金观望型,,D,回避：资金观望,-2.2
603817,海峡环保,5.79,11.0,0.42,0.6,-1.0,-3373360,-4129033,-16114647,5512376,641629,-5261166,缩量,低,情绪退潮,观望,资金撤退型,,D,回避：资金撤退,-0.3
603818,曲美家居,3.82,15.1,1.8,12.4,-4.33,-34254104,-48962308,-79895624,-9147615,-9101456,9639343,缩量,低,情绪退潮,观望,资金撤退型,,D,回避：资金撤退,-1.4
603801,志邦家居,6.19,78.5,1.26,-69.2,0.26,616466,-9499881,2650625,542439,1250795,2221725,放量,低,游资情绪,抢筹,资金观望型,资金+业绩共振(双击候选),B,关注：资金+业绩共振,88.1
603803,瑞斯康达,12.87,6.3,0.4,2.4,1.79,18884613,68244962,17434018,106777350,129551107,-54535777,缩量,低,情绪退潮,吸筹,趋势转多型,纯资金炒作(亏损风险),C,谨慎：纯资金炒作,4.6
603808,歌力思,8.76,-26.4,0.26,-27.1,0.08,89088,1258936,-3185177,86609,0,-3096090,缩量,低,情绪退潮,进场,趋势转多型,资金+业绩共振(双击候选),B,关注：资金+业绩共振,72.0
603823,百合花,50.47,-13.6,18.55,-19.6,-0.21,-13046693,-71470362,-541429894,-320744152,-255339601,300133163,缩量,低,情绪退潮,观望,资金撤退型,,D,回避：资金撤退,-0.1
603816,顾家家居,22.44,-30.2,0.85,-31.8,0.7,4582389,23306394,54866455,5368201,-1056335,-15205117,缩量,低,情绪退潮,进场,均衡流入型,资金+业绩共振(双击候选),B,关注：资金+业绩共振,72.2
603819,神力股份,16.07,5.1,0.54,-15.6,6.7,46730023,33572051,44203414,-3461761,-3198322,1854368,缩量,中,主力惜售,进场,资金观望型,资金+业绩共振(双击候选),B,关注：资金+业绩共振,86.2
603829,洛凯股份,15.59,-43.2,0.22,-16.1,1.58,3158581,10554093,21940707,-116078,-2024892,-511887,缩量,低,情绪退潮,观望,均衡流入型,,D,回避：资金观望,0.5
603833,欧派家居,30.0,0.5,0.97,-31.5,-2.45,-10568033,-24930809,-34718441,-1230062,-1893208,1873605,缩量,低,情绪退潮,观望,资金撤退型,,D,回避：资金撤退,-0.8
603836,海程邦达,9.55,-50.8,0.63,-9.8,-2.01,-2976089,-5405937,-18892462,572466,0,-2010428,缩量,低,情绪退潮,观望,资金撤退型,,D,回避：资金撤退,-0.7
603855,华荣股份,16.76,-69.5,0.58,-53.7,4.29,3758105,1939205,6491324,-684538,0,1538777,缩量,低,情绪退潮,观望,资金观望型,,D,回避：资金观望,1.4
603856,东宏股份,11.71,-66.4,0.52,-31.1,1.64,1761621,-1283885,-4002350,-768980,0,1152398,缩量,低,情绪退潮,观望,资金观望型,,D,回避：资金观望,0.5
603848,好太太,13.55,1.4,0.9,0.8,-6.42,-10988871,-9507943,-28913753,2072743,488190,-946885,缩量,低,情绪退潮,观望,资金观望型,,D,回避：资金观望,-2.1
603826,坤彩科技,17.08,184.8,0.4,24.1,-2.57,-28881126,-17270254,18999329,38357548,30145192,-59521299,放量,低,游资情绪,抢筹,资金观望型,纯资金炒作(亏损风险),C,谨慎：纯资金炒作,27.1
603861,白云电器,10.99,-77.2,0.74,-25.7,-1.35,-4132236,-23657717,-57414940,-4843017,-2270981,2117243,缩量,低,情绪退潮,观望,资金撤退型,,D,回避：资金撤退,-0.5
603860,中公高科,26.3,-9.4,0.6,13.0,-0.18,-248357,641803,-3949584,3515937,553106,-1360706,缩量,低,情绪退潮,观望,资金观望型,,D,回避：资金观望,-0.1
603863,松炀资源,12.61,-8.2,0.65,-9.6,-0.24,-611198,-11550058,-49044978,-4895983,-692039,1159289,缩量,低,情绪退潮,观望,资金撤退型,,D,回避：资金撤退,-0.1
603866,桃李面包,4.14,14.0,1.02,-17.1,-1.6,-4275283,-12129337,7019957,202079,-1317492,6774919,缩量,低,情绪退潮,观望,长线吸筹型,,D,回避：资金观望,-0.5
603839,安正时尚,6.9,-11.7,0.69,-69.0,2.21,3287157,3895553,-47195758,139630,0,736572,缩量,低,情绪退潮,进场,趋势转多型,纯资金炒作(亏损风险),C,谨慎：纯资金炒作,12.7
603858,步长制药,14.68,-62.3,1.34,-28.9,6.94,20045143,15671027,-5294232,-2041362,-735957,1714160,缩量,中,主力惜售,进场,资金观望型,资金+业绩共振(双击候选),B,关注：资金+业绩共振,86.3
603868,飞科电器,31.26,6.9,0.31,47.6,1.66,5421286,4133022,6681540,-1291742,31641,3557909,缩量,低,情绪退潮,观望,资金观望型,,D,回避：资金观望,0.6
603859,能科科技,41.09,-37.3,2.54,-12.5,2.42,31685964,17777123,84661655,28459805,28783338,-22165100,缩量,低,情绪退潮,吸筹,资金观望型,资金+业绩共振(双击候选),B,关注：资金+业绩共振,64.8
603871,嘉友国际,12.17,-46.2,0.68,-26.4,-3.49,-18488250,-68838465,-95910698,-2178264,884927,816431,缩量,低,情绪退潮,观望,资金撤退型,,D,回避：资金撤退,-1.2
603876,鼎胜新材,18.36,-67.2,0.38,-40.1,-5.99,-67020735,-119682333,-394927251,-20311600,-14237980,9851977,缩量,低,情绪退潮,观望,资金撤退型,,D,回避：资金撤退,-2.0
603877,太平鸟,11.84,-48.2,0.94,-3.0,-0.65,-586176,-381145,2623859,-849554,0,1248456,缩量,低,情绪退潮,观望,资金观望型,,D,回避：资金观望,-0.2
603867,新化股份,36.07,122.7,0.96,-9.4,4.14,60677243,26025800,96106596,28995176,37444495,-18303924,放量,低,游资情绪,抢筹,资金观望型,资金+业绩共振(双击候选),B,关注：资金+业绩共振,89.4
603879,永悦科技,4.87,-58.8,1.06,-27.9,-12.7,-21113492,-22550669,-44476276,-1930729,-1777975,-1902023,缩量,低,情绪退潮,观望,资金撤退型,,D,回避：资金撤退,-4.2
603880,南卫股份,9.3,28.7,1.09,-19.1,-5.46,-37568451,-33759480,-15950225,-2170081,-1395548,3473476,缩量,低,情绪退潮,观望,资金观望型,,D,回避：资金观望,-1.8
603881,数据港,24.51,-49.9,0.88,-19.4,4.34,135956237,9690289,-181793294,-70063240,-58787918,81422795,缩量,低,情绪退潮,观望,资金观望型,,D,回避：资金观望,1.4
603882,金域医学,29.07,-25.3,1.7,15.1,2.0,29823912,6818013,-2921693,-15522216,-13459210,35922619,缩量,低,情绪退潮,观望,资金观望型,,D,回避：资金观望,0.7
603887,城地香江,8.8,-35.0,0.42,-57.6,-0.99,-6074756,-101986469,-231139268,570324,256774,-1779772,缩量,低,情绪退潮,观望,资金撤退型,,D,回避：资金撤退,-0.3
603878,武进不锈,4.86,-43.1,0.7,-19.6,3.17,5775409,1387560,725381,2621624,3691578,-4375520,缩量,低,情绪退潮,进场,资金观望型,资金+业绩共振(双击候选),B,关注：资金+业绩共振,73.1
603886,元祖股份,12.63,52.4,0.53,-0.4,-1.12,-3499405,-27664609,-23854340,-1853305,-1771718,636099,放量,低,游资情绪,观望,资金观望型,,D,回避：资金观望,7.6
603888,新华网,17.79,234.6,0.85,121.6,-1.34,-51031765,-88120558,119706089,-48567885,-25558236,52365952,放量,低,游资情绪,观望,长线吸筹型,,D,回避：资金观望,7.6
603889,新澳股份,6.05,-43.9,0.61,-30.1,3.04,7651449,-3182752,-39999318,-924316,-674692,2635624,缩量,低,情绪退潮,观望,资金观望型,,D,回避：资金观望,1.0
603883,老百姓,12.9,-34.6,1.39,-20.6,0.11,579002,-56517208,-45940169,7559383,3040819,-13113756,缩量,低,情绪退潮,进场,资金观望型,资金+业绩共振(双击候选),B,关注：资金+业绩共振,72.0
603890,春秋电子,16.73,-17.3,0.7,-53.8,-3.23,-70223101,-245891046,-439152285,-67070677,-46620401,67523799,缩量,低,情绪退潮,观望,资金撤退型,,D,回避：资金撤退,-1.1
603885,吉祥航空,10.2,-26.8,1.14,-20.0,4.9,27425726,23934639,119956495,-3045269,3767385,-256088,缩量,低,情绪退潮,吸筹,资金观望型,资金+业绩共振(双击候选),B,关注：资金+业绩共振,65.6
603896,寿仙谷,14.7,-47.0,1.01,-10.9,-0.38,-571341,-5842730,-8035887,61708,-14789,-2082624,缩量,低,情绪退潮,观望,资金撤退型,,D,回避：资金撤退,-0.1
603897,XD长城科,30.36,-45.2,0.59,-37.0,1.54,18485667,-21395459,-134911593,-2664116,-1437155,16469005,缩量,低,情绪退潮,观望,资金观望型,,D,回避：资金观望,0.5
603899,晨光股份,22.33,-32.9,1.03,-9.4,2.48,7371523,5331578,-20111311,-405756,1832767,5777072,缩量,低,情绪退潮,观望,资金观望型,,D,回避：资金观望,0.8
603898,好莱客,11.58,-43.3,1.0,-30.5,-3.58,-4630373,-8016381,-19741809,1786465,1202305,-5557906,缩量,低,情绪退潮,观望,资金撤退型,,D,回避：资金撤退,-1.2
603900,莱绅通灵,6.53,100.4,0.65,-12.6,3.6,28890344,113911243,126801889,-1424190,-2792127,4300614,放量,低,游资情绪,观望,主力建仓型,,D,回避：资金观望,9.2
603893,瑞芯微,223.01,37.4,2.94,-8.5,6.82,1262935276,1257728051,1568297070,-1611790182,-1375409050,1034426068,缩量,中,主力惜售,进场,资金观望型,资金+业绩共振(双击候选),B,关注：资金+业绩共振,86.3
603895,天永智能,26.28,-58.3,0.94,-50.8,0.75,774362,-1511642,-767887,349500,0,-508367,缩量,低,情绪退潮,进场,资金观望型,资金+业绩共振(双击候选),B,关注：资金+业绩共振,72.2
603903,中持股份,15.12,56.0,1.97,24.6,3.01,25671602,44224569,38187573,-5102637,-342889,433319,放量,低,游资情绪,观望,趋势转多型,,D,回避：资金观望,9.0
603906,龙蟠科技,18.02,-82.6,0.3,-44.2,-3.2,-24083462,-75228870,-139416090,-9961939,-5906123,14182544,缩量,低,情绪退潮,观望,资金撤退型,,D,回避：资金撤退,-1.1
603908,牧高笛,19.5,21.3,0.49,39.3,-0.88,-1322195,-193144,-5683856,-271610,0,2203050,缩量,低,情绪退潮,观望,资金观望型,,D,回避：资金观望,-0.3
603912,佳力图,9.13,14.9,0.29,-52.5,-1.89,-12043235,-66658096,-89262428,32663441,19138955,-21739940,缩量,低,情绪退潮,观望,资金撤退型,,D,回避：资金撤退,-0.6
603909,建发合诚,9.89,-17.5,0.32,3.2,-1.33,-1530553,-3854917,-8278325,-946980,-604593,-364996,缩量,低,情绪退潮,观望,资金撤退型,,D,回避：资金撤退,-0.4
603901,永创智能,9.49,-19.4,0.49,-52.5,1.6,4578780,-16209556,-4045494,11670355,6837788,-6947949,缩量,低,情绪退潮,进场,资金观望型,资金+业绩共振(双击候选),B,关注：资金+业绩共振,72.5
603916,苏博特,10.68,-63.7,0.61,-53.8,-1.16,-3312976,-44686659,-55529062,-3531583,-962090,5650859,缩量,低,情绪退潮,观望,资金撤退型,,D,回避：资金撤退,-0.4
603915,国茂股份,13.18,-47.0,0.88,-41.3,-0.26,-750347,-4304833,-21158907,-12923721,-10960267,8997225,缩量,低,情绪退潮,观望,资金撤退型,,D,回避：资金撤退,-0.1
603920,世运电路,45.96,47.2,0.45,97.0,1.67,146363392,906227580,973177651,-16049981,-42484634,-11372300,缩量,低,情绪退潮,观望,均衡流入型,,D,回避：资金观望,0.6
603918,金桥信息,10.56,-38.0,2.27,-27.3,3.24,25518679,18753424,-30746150,-5392020,-2554255,2558996,缩量,低,情绪退潮,观望,资金观望型,,D,回避：资金观望,1.1
603927,中科软,13.79,-59.1,1.24,-34.1,-0.44,-1881581,-11028862,-6070102,-5323533,-1153327,8589805,缩量,低,情绪退潮,观望,资金观望型,,D,回避：资金观望,-0.1
603919,金徽酒,16.33,-38.5,2.02,-42.1,0.84,3097551,-11491561,-20204106,-2412870,-3166176,4668442,缩量,低,情绪退潮,观望,资金观望型,,D,回避：资金观望,0.3
603917,合力科技,14.35,-14.9,0.63,5.7,6.04,22701897,20418602,16241362,1026118,566561,-1738939,缩量,中,主力惜售,进场,资金观望型,资金+业绩共振(双击候选),B,关注：资金+业绩共振,86.0
603929,亚翔集成,158.73,-74.7,1.46,-14.8,4.12,121845838,133854066,84112631,-15928556,-18608390,16856638,缩量,低,情绪退潮,观望,趋势转多型,,D,回避：资金观望,1.4
603931,格林达,36.69,-68.5,0.89,9.0,-0.5,-3868108,-31103514,-32544924,94877,-256696,-3258403,缩量,低,情绪退潮,观望,资金撤退型,,D,回避：资金撤退,-0.2
603926,铁流股份,17.58,-56.4,0.48,-30.9,1.34,4518399,23465896,70834090,625572,914143,906220,缩量,低,情绪退潮,进场,均衡流入型,资金+业绩共振(双击候选),B,关注：资金+业绩共振,72.4
603933,睿能科技,19.4,-59.4,0.61,-3.5,1.9,5728992,4258414,-5961949,-1362904,-1550049,-1513377,缩量,低,情绪退潮,观望,资金观望型,,D,回避：资金观望,0.6
603936,博敏电子,22.23,108.2,0.91,132.9,-3.53,-251044362,319923610,162296445,-105470056,-100877304,65476420,放量,低,游资情绪,观望,资金观望型,,D,回避：资金观望,6.8
603948,建业股份,19.6,-65.0,1.05,4.0,-3.68,-4512891,-5185401,-5994860,-2281055,-1262536,3153286,缩量,低,情绪退潮,观望,资金撤退型,,D,回避：资金撤退,-1.2
603950,长源东谷,58.59,-67.4,1.33,-51.4,4.57,72723696,-57088821,149282372,-10199564,-21284683,15615933,缩量,低,情绪退潮,观望,资金观望型,,D,回避：资金观望,1.5
603928,兴业股份,12.32,-76.1,7.26,32.7,-0.66,-4877659,-3704547,-20244571,4425164,3336643,-1950703,缩量,低,情绪退潮,吸筹,资金观望型,机构吸筹+盈利(关注),C,谨慎：资金流入未验证业绩,23.8
603956,威派格,7.11,-37.2,3.84,61.1,3.98,39264505,46632392,45239995,-293575,-5888269,10755018,缩量,低,情绪退潮,观望,趋势转多型,,D,回避：资金观望,1.3
603937,丽岛新材,12.97,54.0,0.43,-12.4,-1.27,-3134890,-6756508,-23280370,23716037,26818097,-25038421,放量,低,游资情绪,抢筹,资金撤退型,纯资金炒作(亏损风险),C,谨慎：纯资金炒作,27.6
603949,雪龙集团,15.36,-29.8,1.39,-27.6,-3.66,-5746033,-16526842,-20588415,26540822,31770177,-16769803,缩量,低,情绪退潮,吸筹,资金撤退型,机构吸筹+盈利(关注),C,谨慎：资金流入未验证业绩,22.8
603938,三孚股份,51.5,93.2,1.79,100.2,-3.8,-264747683,374079865,610984139,123729003,109260057,-47858713,放量,低,游资情绪,抢筹,资金观望型,机构吸筹+盈利(关注),C,谨慎：资金流入未验证业绩,46.7
603939,益丰药房,22.09,-71.9,1.37,-42.5,2.55,19399887,8839862,41244871,1089054,1423972,-7242104,缩量,低,情绪退潮,进场,资金观望型,资金+业绩共振(双击候选),B,关注：资金+业绩共振,72.8
603955,大千生态,24.8,102.6,0.69,-4.2,3.19,10781810,13125865,17654623,624760,-2648978,-5927250,放量,低,游资情绪,进场,均衡流入型,纯资金炒作(亏损风险),C,谨慎：纯资金炒作,21.1
603967,中创物流,11.54,-53.7,0.2,-24.5,0.8,812430,94947,-1848130,-986024,0,-650217,缩量,低,情绪退潮,观望,资金观望型,,D,回避：资金观望,0.3
603966,法兰泰克,7.67,36.5,0.34,-15.5,-2.08,-5198238,-10429315,-50073384,9742240,3076793,-15521243,缩量,低,情绪退潮,观望,资金撤退型,,D,回避：资金撤退,-0.7
603958,哈森股份,18.93,357.8,0.31,-57.6,6.48,88649821,-32473335,33420901,6742499,4003398,-8729286,放量,中,主力偏强放量,进场,资金观望型,纯资金炒作(亏损风险),C,谨慎：纯资金炒作,30.2
603968,醋化股份,10.63,157.3,0.44,30.4,1.45,3083756,-2043676,-4967637,-3826398,-979014,3628938,放量,低,游资情绪,观望,资金观望型,,D,回避：资金观望,8.5
603969,银龙股份,7.53,-60.0,0.75,-35.4,-4.05,-10558143,-36726206,-35612505,3075042,1941187,-5571852,缩量,低,情绪退潮,观望,资金观望型,,D,回避：资金观望,-1.3
603977,国泰集团,11.26,-80.8,0.72,-37.7,-6.31,-15985203,-61008554,-32477175,-4905056,-933375,5291286,缩量,低,情绪退潮,观望,长线吸筹型,,D,回避：资金观望,-2.1
603960,克来机电,18.23,209.2,0.49,91.6,5.36,87480416,102175687,96096011,-21289127,-6750093,24503692,放量,中,主力偏强放量,进场,趋势转多型,资金+业绩共振(双击候选),B,关注：资金+业绩共振,89.8
603979,金诚信,76.04,-61.3,1.51,-39.7,0.76,12302881,-44764782,182755981,-2276818,4372076,-15714507,缩量,低,情绪退潮,观望,长线吸筹型,,D,回避：资金观望,0.3
603980,吉华集团,8.68,121.2,1.89,-9.2,-1.02,-23482446,34963940,217889341,-25892569,-31528527,40396345,放量,低,游资情绪,观望,高位分歧型,,D,回避：资金观望,7.7
603976,正川股份,32.9,17.8,2.74,-36.7,2.06,18848255,-58764269,-11318558,9159940,5396914,-7726966,缩量,低,情绪退潮,进场,资金观望型,资金+业绩共振(双击候选),B,关注：资金+业绩共振,72.7
603982,泉峰汽车,6.33,-10.6,0.35,44.4,-0.64,-1118527,-2447932,6694962,1027183,554196,261567,缩量,低,情绪退潮,观望,资金观望型,,D,回避：资金观望,-0.2
603970,中农立华,11.06,-14.0,0.5,-54.6,1.69,2364440,-11991893,-22893556,-628633,1112000,-487119,缩量,低,情绪退潮,吸筹,资金观望型,资金+业绩共振(双击候选),B,关注：资金+业绩共振,64.6
603978,深圳新星,25.72,115.2,0.67,-5.1,7.43,192235389,164722156,497189049,-49688932,-31127039,65946402,放量,中,主力偏强放量,进场,资金观望型,纯资金炒作(亏损风险),C,谨慎：纯资金炒作,30.5
603986,兆易创新,398.72,-66.1,2.47,-1.2,4.89,3350936603,-580240535,-3518501907,-642490651,-688853730,534356356,缩量,低,情绪退潮,观望,资金观望型,,D,回避：资金观望,1.6
603988,中电电机,17.94,-80.9,1.29,-38.8,-4.62,-12394360,-17957413,-38801997,-832011,-2513693,381266,缩量,低,情绪退潮,观望,资金撤退型,,D,回避：资金撤退,-1.5
603989,艾华集团,33.27,-9.5,3.96,-1.0,-4.54,-224265422,-272870363,469271765,-46146777,-34564053,45741172,缩量,低,情绪退潮,观望,长线吸筹型,,D,回避：资金观望,-1.5
603990,麦迪科技,19.34,-26.0,1.95,-29.9,-0.95,-16153861,-46894424,-176349150,-56484335,-35747376,65159197,缩量,低,情绪退潮,观望,资金撤退型,,D,回避：资金撤退,-0.3
603985,恒润股份,17.07,-56.1,0.17,-36.0,0.49,3483010,-17163506,4921214,4609150,2891606,-14661998,缩量,低,情绪退潮,进场,资金观望型,资金+业绩共振(双击候选),B,关注：资金+业绩共振,72.2
603983,丸美生物,31.08,-35.4,3.68,-7.8,4.28,31955105,-36512484,39378446,1121339,-1443805,-4136024,缩量,低,情绪退潮,进场,资金观望型,资金+业绩共振(双击候选),B,关注：资金+业绩共振,73.4
603992,松霖科技,20.3,-52.4,0.75,-31.7,-0.96,-2473209,-22123978,-14057727,6091162,4812610,-6142275,缩量,低,情绪退潮,观望,资金观望型,,D,回避：资金观望,-0.3
603993,洛阳钼业,17.66,-58.3,1.31,-25.8,-1.82,-222277045,-1851203670,-1090296414,-219520464,-176298122,150973426,缩量,低,情绪退潮,观望,资金观望型,,D,回避：资金观望,-0.6
603987,康德莱,7.57,-45.3,0.53,-1.2,0.45,628700,-3262936,-10726898,643192,67907,1548890,缩量,低,情绪退潮,进场,资金观望型,资金+业绩共振(双击候选),B,关注：资金+业绩共振,72.2
603995,甬金股份,25.7,-44.3,1.01,-7.6,1.68,9547962,-4310935,8262168,-4958573,-4192966,1480255,缩量,低,情绪退潮,观望,资金观望型,,D,回避：资金观望,0.6
603991,领先股份,185.57,28.4,1.93,6.9,-9.47,-344797149,-658265051,-272517115,96178035,133402553,-54118277,缩量,低,情绪退潮,吸筹,长线吸筹型,纯资金炒作(亏损风险),C,谨慎：纯资金炒作,0.8
603997,继峰股份,14.33,106.7,1.41,38.3,-4.02,-105404501,-92891495,3087810,4192460,2194345,6623011,放量,低,游资情绪,观望,高位分歧型,,D,回避：资金观望,6.7
603999,读者传媒,6.46,343.0,0.57,91.9,-2.58,-21101953,-90666991,-14966466,-14822829,-5843465,19610482,放量,低,游资情绪,观望,长线吸筹型,,D,回避：资金观望,7.1
603998,方盛制药,10.45,-31.0,0.87,-49.6,1.82,8832655,-13745619,-74595825,-1818902,-2197810,6244860,缩量,低,情绪退潮,观望,资金观望型,,D,回避：资金观望,0.6
605001,威奥股份,5.79,-25.0,0.6,-46.5,1.49,2116703,-595738,13221904,-72604,0,-1446006,缩量,低,情绪退潮,观望,长线吸筹型,,D,回避：资金观望,0.5
605006,山东玻纤,16.79,18.8,1.2,57.1,-0.16,-8068052,147008953,718426028,-45776464,-22201252,64272161,缩量,低,情绪退潮,观望,高位分歧型,,D,回避：资金观望,-0.1
605007,五洲特纸,15.16,-69.2,1.01,-46.9,-0.56,-1282509,-10791675,2317003,-652705,-51787,1209745,缩量,低,情绪退潮,观望,资金观望型,,D,回避：资金观望,-0.2
605008,长鸿高科,14.25,-41.0,1.41,-32.2,-3.43,-7254027,-16795273,-24553233,-449841,-172538,80041,缩量,低,情绪退潮,观望,资金撤退型,,D,回避：资金撤退,-1.1
605011,杭州热电,17.58,-15.5,1.69,397.6,-6.0,-59802107,20738327,14528050,-7159477,749033,13978484,缩量,低,情绪退潮,观望,资金观望型,,D,回避：资金观望,-2.0
605009,豪悦护理,24.82,-43.3,1.13,-17.4,-3.92,-5921800,-11028923,-18178720,-675760,0,1818928,缩量,低,情绪退潮,观望,资金撤退型,,D,回避：资金撤退,-1.3
605018,长华集团,11.58,-58.1,1.13,-20.7,2.88,8394945,9224252,2404865,-4060164,-2523856,-522559,缩量,低,情绪退潮,观望,趋势转多型,,D,回避：资金观望,1.0
605003,众望布艺,24.9,62.5,0.42,-18.5,0.67,1092898,-1757464,-2168154,2602764,1543896,-1011080,放量,低,游资情绪,抢筹,资金观望型,资金+业绩共振(双击候选),B,关注：资金+业绩共振,88.2
605005,合兴股份,16.23,-39.1,0.28,-7.8,1.05,1017575,-2953576,-7306008,800436,1793804,1021622,缩量,低,情绪退潮,进场,资金观望型,资金+业绩共振(双击候选),B,关注：资金+业绩共振,72.3
605033,美邦股份,19.53,-34.8,0.86,-49.4,0.67,1989871,-13105474,-35023022,-1341117,-151009,4438826,缩量,低,情绪退潮,观望,资金观望型,,D,回避：资金观望,0.2
605055,迎丰股份,8.77,-32.2,0.91,-17.5,-2.8,-5379935,-19727926,-31186013,-4584888,-914568,2134981,缩量,低,情绪退潮,观望,资金撤退型,,D,回避：资金撤退,-0.9
605056,咸亨国际,14.0,67.5,0.38,78.1,4.07,28561811,27399620,16703109,-5840481,-5045473,-1304327,放量,低,游资情绪,观望,资金观望型,,D,回避：资金观望,9.4
605016,百龙创园,21.55,-7.7,0.71,-61.7,-2.66,-8535502,-15761474,-14777354,3605002,2680068,-1013922,缩量,低,情绪退潮,吸筹,资金观望型,机构吸筹+盈利(关注),C,谨慎：资金流入未验证业绩,23.1
605020,XD永和股,31.77,-79.5,3.14,-46.2,-2.04,-20041791,-67751222,-78986126,8901611,14403739,-1492353,缩量,低,情绪退潮,吸筹,资金撤退型,机构吸筹+盈利(关注),C,谨慎：资金流入未验证业绩,23.3
605066,天正电气,6.75,-49.3,0.53,-11.3,-0.77,-1571493,-10521492,-33432965,1021569,57200,-1931826,缩量,低,情绪退潮,观望,资金撤退型,,D,回避：资金撤退,-0.3
605028,世茂能源,24.7,-10.5,1.12,7.5,0.12,230565,-1071721,454355,3983661,-990730,-4035175,缩量,低,情绪退潮,进场,资金观望型,资金+业绩共振(双击候选),B,关注：资金+业绩共振,72.0
605069,正和生态,11.64,83.9,0.52,360.4,2.97,29406479,51072975,44671121,-3288486,-2240710,13485580,放量,低,游资情绪,观望,趋势转多型,,D,回避：资金观望,9.0
605068,明新旭腾,20.88,28.9,1.89,-45.7,4.83,34580253,17400791,82366644,-658422,-222345,-7216528,缩量,低,情绪退潮,观望,资金观望型,,D,回避：资金观望,1.6
605077,华康股份,11.88,197.5,0.21,134.1,-5.82,-39112512,-40517745,10822947,8845635,-476723,-26551868,放量,低,游资情绪,观望,资金观望型,,D,回避：资金观望,6.1
605060,联德股份,40.44,-42.9,0.46,-13.2,2.3,16771226,-8664728,-23413636,2993204,373855,-1878620,缩量,低,情绪退潮,进场,资金观望型,资金+业绩共振(双击候选),B,关注：资金+业绩共振,72.8
605050,福然德,10.1,-73.0,0.59,-20.3,-3.19,-2160960,-13722912,-23474381,830178,567280,-510372,缩量,低,情绪退潮,吸筹,资金撤退型,机构吸筹+盈利(关注),C,谨慎：资金流入未验证业绩,22.9
605058,澳弘电子,58.6,1572.1,0.56,1221.6,-2.86,-174287237,-7627803,-16413389,108113935,127465975,-20432701,放量,低,游资情绪,抢筹,资金观望型,机构吸筹+盈利(关注),C,谨慎：资金流入未验证业绩,47.0
605086,龙高股份,23.76,-40.3,0.48,-40.3,-4.59,-4919217,-10143105,-25057682,-1595795,-1227673,1032970,缩量,低,情绪退潮,观望,资金撤退型,,D,回避：资金撤退,-1.5
605080,浙江自然,23.02,-24.8,0.64,-33.8,-6.65,-8815134,-14739777,13221869,-899209,558278,144697,缩量,低,情绪退潮,观望,长线吸筹型,,D,回避：资金观望,-2.2
605089,味知香,20.83,-32.3,0.22,-35.7,1.97,1911541,5946166,5874344,-3444913,-4069560,2537737,缩量,低,情绪退潮,观望,趋势转多型,,D,回避：资金观望,0.7
605098,行动教育,53.4,-48.8,0.61,-31.0,-3.29,-7282240,-11943720,-116402,585550,154913,2103390,缩量,低,情绪退潮,观望,长线吸筹型,,D,回避：资金观望,-1.1
605090,九丰能源,31.79,-79.3,0.44,-10.9,-1.68,-17326506,-25001277,-154524028,-24564592,-5227628,28255291,缩量,低,情绪退潮,观望,资金撤退型,,D,回避：资金撤退,-0.6
605088,冠盛股份,25.91,412.8,0.87,100.2,4.58,108028265,142639125,205348925,74933128,57573414,-70114400,放量,低,游资情绪,抢筹,均衡流入型,资金+业绩共振(双击候选),B,关注：资金+业绩共振,89.5
605099,共创草坪,29.08,-68.7,0.32,-49.9,-5.01,-7271059,-12835812,-14182148,-338630,-367692,-893549,缩量,低,情绪退潮,观望,资金撤退型,,D,回避：资金撤退,-1.7
605108,同庆楼,12.3,-26.7,0.61,-28.9,-1.96,-3404353,-9282583,-17290386,-940653,0,1222228,缩量,低,情绪退潮,观望,资金撤退型,,D,回避：资金撤退,-0.7
605117,德业股份,78.01,30.3,0.72,-26.6,-4.04,-196700225,44321106,-88674116,-188383218,-159203063,190262618,缩量,低,情绪退潮,观望,资金观望型,,D,回避：资金观望,-1.3
605116,奥锐特,19.96,-64.1,0.55,-25.2,-2.52,-5193405,-9254061,-25349921,-1607260,-1200900,2590835,缩量,低,情绪退潮,观望,资金撤退型,,D,回避：资金撤退,-0.8
605122,四方新材,12.2,44.5,0.35,10.1,-1.53,-2401982,-5436581,-3272624,-3240798,-1884305,-211221,缩量,低,情绪退潮,观望,资金观望型,,D,回避：资金观望,-0.5
605123,派克新材,81.6,-62.1,0.82,-21.7,-2.15,-12825058,-32239866,-53421103,-4884687,-2956243,-1064625,缩量,低,情绪退潮,观望,资金撤退型,,D,回避：资金撤退,-0.7
605133,嵘泰股份,24.75,-58.1,0.98,-9.7,-4.01,-27745538,-64650304,-157612571,-3136636,-3472239,-3239401,缩量,低,情绪退潮,观望,资金撤退型,,D,回避：资金撤退,-1.3
605100,华丰股份,34.86,-10.9,1.22,6.9,4.0,35480982,278594,-53703455,8857692,13457059,-12179974,缩量,低,情绪退潮,吸筹,资金观望型,资金+业绩共振(双击候选),B,关注：资金+业绩共振,65.3
605136,丽人丽妆,8.43,-35.3,0.69,-43.7,-1.61,-3914326,-24807674,-15837391,-3354024,-676675,4376241,缩量,低,情绪退潮,观望,资金观望型,,D,回避：资金观望,-0.5
605118,力鼎光电,34.54,76.8,0.49,-41.6,0.1,779462,-12173667,167331703,17814793,10800371,-27446667,放量,低,游资情绪,抢筹,长线吸筹型,资金+业绩共振(双击候选),B,关注：资金+业绩共振,88.0
605111,新洁能,62.38,-20.6,1.73,35.0,0.71,44375604,-45123990,-446534840,86181586,46149361,-113248692,缩量,低,情绪退潮,进场,资金观望型,资金+业绩共振(双击候选),B,关注：资金+业绩共振,72.2
605128,上海沿浦,23.86,82.3,1.59,-28.5,-7.34,-39926450,-67601861,-29395965,11666989,12530376,-7003354,放量,低,游资情绪,抢筹,长线吸筹型,机构吸筹+盈利(关注),C,谨慎：资金流入未验证业绩,45.6
605151,西上海,18.68,-31.6,0.38,10.6,-2.5,-3143788,5079578,-1277615,227777,528960,-2276409,缩量,低,情绪退潮,观望,资金观望型,,D,回避：资金观望,-0.8
605155,西大门,14.46,-71.3,1.48,20.8,-0.55,-664035,-5939345,-10924046,-1591117,0,706329,缩量,低,情绪退潮,观望,资金撤退型,,D,回避：资金撤退,-0.2
605158,华达新材,7.77,22.2,0.33,-63.1,-2.68,-4209187,-7655643,-109680011,1129667,-646408,275629,缩量,低,情绪退潮,观望,资金撤退型,,D,回避：资金撤退,-0.9
605138,盛泰集团,6.21,-50.0,0.25,-61.3,1.36,1271282,-551977,-87162,545198,50910,550522,缩量,低,情绪退潮,进场,资金观望型,资金+业绩共振(双击候选),B,关注：资金+业绩共振,72.5
605167,利柏特,16.16,-51.6,2.21,-39.3,-9.29,-42822919,-52572232,-17468845,-8125520,-1711961,7518932,缩量,低,情绪退潮,观望,长线吸筹型,,D,回避：资金观望,-3.1
605169,洪通燃气,12.95,18.6,0.45,-46.6,-10.37,-21819949,-31269131,-26289090,-1250467,-41818,3513578,缩量,低,情绪退潮,观望,资金观望型,,D,回避：资金观望,-3.5
605168,三人行,53.73,37.4,0.37,46.0,-1.32,-26572400,-20236494,126277030,-30344394,-18877314,24869864,缩量,低,情绪退潮,观望,长线吸筹型,,D,回避：资金观望,-0.4
605178,时空科技,73.9,29.6,1.88,1.8,-0.73,-11821424,-35193443,-20480641,87728850,50851908,-126628747,缩量,低,情绪退潮,观望,资金观望型,,D,回避：资金观望,-0.2
605179,一鸣食品,27.09,305.9,7.74,-17.0,1.58,54851044,-32011249,-53766354,-61183796,-83866267,30926469,放量,低,游资情绪,观望,资金观望型,,D,回避：资金观望,8.5
605162,新中港,12.41,255.5,0.85,28.2,0.24,6785220,254233597,328601616,28355193,17001710,-21193491,放量,低,游资情绪,抢筹,均衡流入型,资金+业绩共振(双击候选),B,关注：资金+业绩共振,88.1
605166,聚合顺,8.8,-38.0,0.42,-25.7,1.47,2683794,-7713287,-19563718,1860511,1674335,-598083,缩量,低,情绪退潮,吸筹,资金观望型,资金+业绩共振(双击候选),B,关注：资金+业绩共振,64.5
605183,确成股份,16.46,15.1,0.32,-24.1,-0.32,-619697,-14717241,6366229,-571092,387451,-2709934,缩量,低,情绪退潮,观望,长线吸筹型,,D,回避：资金观望,-0.1
605177,东亚药业,24.89,434.8,0.72,19.9,-7.47,-90392320,10508468,61344966,4565006,12231358,-6769236,放量,低,游资情绪,吸筹,资金观望型,纯资金炒作(亏损风险),C,谨慎：纯资金炒作,9.5
605186,健麾信息,26.72,-40.2,2.5,-2.4,0.91,2630425,740734,-12839373,-107812,-692577,2017555,缩量,低,情绪退潮,观望,资金观望型,,D,回避：资金观望,0.3
605189,富春染织,14.15,-80.0,3.36,-32.2,-1.72,-7398972,-17830189,-81869525,1755407,74083,68489,缩量,低,情绪退潮,观望,资金撤退型,,D,回避：资金撤退,-0.6
605198,安德利,70.51,83.1,2.41,144.6,-5.83,-129908164,87908896,165608380,22834563,7788192,-39959452,放量,低,游资情绪,观望,资金观望型,,D,回避：资金观望,6.1
605180,华生科技,13.69,81.9,0.6,23.2,0.7,1636104,2482557,1024157,389569,-127911,-2315180,放量,低,游资情绪,进场,趋势转多型,资金+业绩共振(双击候选),B,关注：资金+业绩共振,80.2
605208,永茂泰,14.99,-60.6,1.29,-9.2,-3.8,-21493161,-36659691,-41142063,-342029,-464804,-5332375,缩量,低,情绪退潮,观望,资金撤退型,,D,回避：资金撤退,-1.3
605222,起帆电缆,22.63,-38.0,0.26,-2.1,-4.35,-29065974,-19497933,37716354,-7595296,-6006211,1777867,缩量,低,情绪退潮,观望,长线吸筹型,,D,回避：资金观望,-1.4
605188,国光连锁,12.97,57.2,0.64,-40.2,5.29,58114488,76810123,206273240,-5749171,-819479,25713659,放量,中,主力偏强放量,进场,均衡流入型,资金+业绩共振(双击候选),B,关注：资金+业绩共振,89.8
605255,天普股份,60.07,-53.1,0.48,22.7,-4.03,-7390458,-12686509,-29577172,-9173796,-5755745,3651470,缩量,低,情绪退潮,观望,资金撤退型,,D,回避：资金撤退,-1.3
605196,华通线缆,36.73,-17.3,1.74,48.6,0.86,23257952,-111909017,36066090,44384388,36243602,-47682045,缩量,低,情绪退潮,进场,资金观望型,资金+业绩共振(双击候选),B,关注：资金+业绩共振,72.3
605259,绿田机械,17.61,-52.1,0.26,12.0,-6.87,-3461572,-6590973,-6024213,480753,0,-114671,缩量,低,情绪退潮,观望,资金观望型,,D,回避：资金观望,-2.3
605218,伟时电子,14.9,643.0,0.69,38.9,1.14,7835422,10607577,7388362,1819039,-12132089,-25948322,放量,低,游资情绪,进场,趋势转多型,资金+业绩共振(双击候选),B,关注：资金+业绩共振,80.4
605266,健之佳,15.76,-53.3,0.62,-34.5,-2.91,-3182406,-101392,-3148509,54908,0,198190,缩量,低,情绪退潮,观望,资金观望型,,D,回避：资金观望,-1.0
605228,神通科技,11.39,-44.8,1.07,-1.4,1.53,4644521,5814610,6030639,9008890,3526625,-6755330,缩量,低,情绪退潮,进场,均衡流入型,资金+业绩共振(双击候选),B,关注：资金+业绩共振,72.5
605277,新亚电子,17.43,29.8,0.77,-22.3,-5.93,-57657815,17499916,47684598,-18166182,-8366929,37040325,缩量,低,情绪退潮,观望,资金观望型,,D,回避：资金观望,-2.0
605286,同力天启,25.3,-20.1,0.58,-57.6,1.02,3637903,-19251088,-36831111,-2309410,-39758,2268894,缩量,低,情绪退潮,观望,资金观望型,,D,回避：资金观望,0.3
605287,德才股份,36.25,-74.3,0.3,-64.2,-4.78,-17190686,-17273341,44588150,-4401016,-2934278,6731848,缩量,低,情绪退潮,观望,长线吸筹型,,D,回避：资金观望,-1.6
605288,凯迪股份,67.92,-14.0,1.37,-42.2,3.89,31322785,45321369,200056188,-516469,-3815384,-5019694,缩量,低,情绪退潮,观望,均衡流入型,,D,回避：资金观望,1.3
605258,协和电子,43.65,960.5,0.46,220.6,1.29,24446591,116126394,152962747,19031876,4843816,-64277100,放量,低,游资情绪,进场,均衡流入型,资金+业绩共振(双击候选),B,关注：资金+业绩共振,80.4
605296,神农集团,33.6,-40.9,1.09,-35.4,0.02,96665,-5901476,-40822296,-4544106,-3834955,-560651,缩量,低,情绪退潮,观望,资金观望型,,D,回避：资金观望,0.0
605289,罗曼股份,102.14,-73.3,0.58,-18.7,4.34,64453733,-21584562,-69192323,-2840733,-3924005,-2553301,缩量,低,情绪退潮,观望,资金观望型,,D,回避：资金观望,1.4
605268,王力安防,10.33,717.6,0.08,27.6,0.43,1288624,-3100566,-3989961,33339020,24669820,-23824974,放量,低,游资情绪,抢筹,资金观望型,资金+业绩共振(双击候选),B,关注：资金+业绩共振,88.1
605298,必得科技,45.61,-1.8,0.28,-25.8,-1.82,-2597379,-15143899,-10319426,-1821559,-1898846,-2908065,缩量,低,情绪退潮,观望,资金观望型,,D,回避：资金观望,-0.6
605299,舒华体育,12.41,-50.3,0.2,-54.0,-5.94,-33433513,-70190281,17958072,-2083896,-3179427,15711579,缩量,低,情绪退潮,观望,长线吸筹型,,D,回避：资金观望,-2.0
605303,园林股份,23.68,-50.7,0.44,-18.3,-3.75,-12511607,7175020,46893140,0,0,0,缩量,低,情绪退潮,观望,高位分歧型,,D,回避：资金观望,-1.2
605300,佳禾食品,10.46,29.9,1.14,-49.1,-1.85,-5256403,-32542615,50446160,-610429,1275091,8507380,缩量,低,情绪退潮,观望,长线吸筹型,,D,回避：资金观望,-0.6
605305,中际联合,30.73,-69.2,0.59,-23.7,-10.47,-61444119,-50740535,-50011261,-9304766,-10458936,5291044,缩量,低,情绪退潮,观望,资金观望型,,D,回避：资金观望,-3.5
605319,无锡振华,23.16,2.8,0.39,11.5,-0.67,-3443866,-52164322,-59353402,-5949450,-3413671,1452016,缩量,低,情绪退潮,观望,资金撤退型,,D,回避：资金撤退,-0.2
605337,李子园,9.03,-63.6,1.09,-26.8,-0.57,-665673,-3832548,-13512896,235810,543000,-2119360,缩量,低,情绪退潮,观望,资金撤退型,,D,回避：资金撤退,-0.2
605318,法狮龙,79.68,-47.0,0.59,-12.6,-3.52,-14059358,-23243579,-14082802,1653705,-151435,-11988,缩量,低,情绪退潮,观望,资金观望型,,D,回避：资金观望,-1.2
605333,沪光股份,16.93,-26.4,0.6,-52.4,-0.43,-718162,-8729726,-11621359,-383676,-1021560,-1236263,缩量,低,情绪退潮,观望,资金撤退型,,D,回避：资金撤退,-0.1
605339,南侨食品,13.04,-55.4,1.09,-71.5,-3.0,-2011910,-7162314,-9409145,52931,0,977051,缩量,低,情绪退潮,观望,资金撤退型,,D,回避：资金撤退,-1.0
605365,立达信,14.46,23.5,0.14,-46.0,-3.13,-14945308,-26054169,15289053,-6392910,-1192162,13028934,缩量,低,情绪退潮,观望,长线吸筹型,,D,回避：资金观望,-1.0
605377,华旺科技,8.14,-70.9,1.46,-39.1,2.93,6183907,8086270,-25983626,-1409191,-892650,871499,缩量,低,情绪退潮,观望,趋势转多型,,D,回避：资金观望,1.0
605369,拱东医疗,17.96,4.8,0.52,15.9,-0.64,-1158878,7332106,811516,715806,528491,2032867,缩量,低,情绪退潮,观望,资金观望型,,D,回避：资金观望,-0.2
605368,蓝天燃气,6.71,-47.2,0.9,-39.0,-0.13,-132472,-4819973,-219509,-116966,0,-573369,缩量,低,情绪退潮,观望,资金观望型,,D,回避：资金观望,-0.0
605338,巴比食品,17.78,-49.1,0.9,-19.5,0.35,577633,4800548,5545353,488329,0,-803337,缩量,低,情绪退潮,进场,均衡流入型,资金+业绩共振(双击候选),B,关注：资金+业绩共振,72.1
605388,均瑶健康,6.14,-17.5,0.4,-24.9,2.08,6321477,2579187,-3313688,-5712747,-1593384,10864404,缩量,低,情绪退潮,观望,资金观望型,,D,回避：资金观望,0.7
605358,立昂微,48.03,-24.3,2.67,27.5,3.71,395099584,344521823,41522131,146967096,122616849,-155941746,缩量,低,情绪退潮,进场,资金观望型,纯资金炒作(亏损风险),C,谨慎：纯资金炒作,13.2
605366,宏柏新材,8.75,31.2,0.86,59.4,2.54,33364717,81696748,68242116,29865607,3372529,-42495291,缩量,低,情绪退潮,进场,趋势转多型,纯资金炒作(亏损风险),C,谨慎：纯资金炒作,12.8
605488,福莱新材,31.01,-15.9,1.8,12.6,-4.26,-47135277,-41358326,41328497,9871860,-4729735,-15123827,缩量,低,情绪退潮,观望,长线吸筹型,,D,回避：资金观望,-1.4
605376,博迁新材,139.15,-23.1,1.84,39.2,5.3,557495913,589731957,-16555526,29234017,15785859,-107498299,缩量,中,主力惜售,进场,趋势转多型,资金+业绩共振(双击候选),B,关注：资金+业绩共振,85.8
605500,森林包装,7.42,-38.4,0.76,-22.1,-3.09,-4331847,-171567,2465344,-1295071,-1491360,1474679,缩量,低,情绪退潮,观望,资金观望型,,D,回避：资金观望,-1.0
605378,野马电池,15.07,71.2,0.64,229.9,7.05,34038224,27267636,29299138,-2055422,2461492,5330456,放量,中,主力偏强放量,进场,资金观望型,资金+业绩共振(双击候选),B,关注：资金+业绩共振,90.3
605389,长龄液压,65.98,-73.8,0.33,-21.1,-6.19,-16103255,-25835133,-55583148,439233,1903801,-1499533,缩量,低,情绪退潮,吸筹,资金撤退型,机构吸筹+盈利(关注),C,谨慎：资金流入未验证业绩,21.9
605398,新炬网络,22.66,390.5,0.8,-9.8,7.89,60528601,26771727,41466700,3117005,8238081,6126856,放量,中,主力偏强放量,进场,资金观望型,资金+业绩共振(双击候选),B,关注：资金+业绩共振,90.6
605399,晨光新材,11.56,-55.6,1.27,-40.7,0.15,182220,-6829109,-4212043,833519,45318,396924,缩量,低,情绪退潮,进场,资金观望型,纯资金炒作(亏损风险),C,谨慎：纯资金炒作,12.1
605555,德昌股份,12.63,-43.3,0.73,-9.5,-4.15,-14017586,-25300758,-5816837,-371259,138980,4624915,缩量,低,情绪退潮,观望,长线吸筹型,,D,回避：资金观望,-1.4
605577,龙版传媒,15.92,1386.2,0.57,187.3,-1.24,-42971934,-196081812,-133515220,7788353,2280507,16603663,放量,低,游资情绪,观望,资金观望型,,D,回避：资金观望,7.6
605499,东鹏饮料,114.45,-66.5,1.24,-37.8,-0.12,-2334537,-243220004,-337333605,14613027,15125173,-1402161,缩量,低,情绪退潮,吸筹,资金撤退型,机构吸筹+盈利(关注),C,谨慎：资金流入未验证业绩,24.0
605507,国邦医药,18.83,160.0,1.95,382.0,-2.43,-34941053,31384924,30346941,20285202,11140584,-35985753,放量,低,游资情绪,抢筹,资金观望型,机构吸筹+盈利(关注),C,谨慎：资金流入未验证业绩,47.2
605599,菜百股份,13.8,-54.5,0.96,-60.5,-1.76,-4871319,-15105643,-56453828,-7542180,125245,6558790,缩量,低,情绪退潮,观望,资金撤退型,,D,回避：资金撤退,-0.6
605567,春雪食品,9.42,-28.7,0.69,16.3,0.08,144982,-3156100,-1225330,1081774,0,253616,缩量,低,情绪退潮,进场,资金观望型,资金+业绩共振(双击候选),B,关注：资金+业绩共振,72.0
605566,福莱蒽特,33.32,164.3,1.66,-10.2,8.06,92537948,70724325,143013499,338921,-2942195,-9170753,放量,中,主力偏强放量,进场,资金观望型,资金+业绩共振(双击候选),B,关注：资金+业绩共振,90.7
605588,冠石科技,48.37,-34.6,1.09,27.0,0.31,906341,-25870127,-29686450,1840026,2403191,-4511745,缩量,低,情绪退潮,进场,资金观望型,纯资金炒作(亏损风险),C,谨慎：纯资金炒作,12.1
605580,恒盛能源,22.86,86.0,2.4,28.4,-0.85,-15581042,13332510,132742331,18421231,16152401,-16630925,放量,低,游资情绪,抢筹,高位分歧型,机构吸筹+盈利(关注),C,谨慎：资金流入未验证业绩,47.7
605589,圣泉集团,41.23,-31.7,0.83,39.3,2.01,149056233,317836263,267760760,45736884,40347813,-23136305,缩量,低,情绪退潮,吸筹,趋势转多型,资金+业绩共振(双击候选),B,关注：资金+业绩共振,64.7
605598,上海港湾,24.7,-75.8,0.77,-19.4,0.68,1835945,-3085277,-16597406,825432,-138882,-2221968,缩量,低,情绪退潮,进场,资金观望型,资金+业绩共振(双击候选),B,关注：资金+业绩共振,72.2
